split_id,game_id,week,retrieved_at,book,period,spread_ticket_pct_home,spread_money_pct_home,total_ticket_pct_home,total_money_pct_home,moneyline_ticket_pct_home,moneyline_money_pct_home,line_spread_home,line_total,line_ml_home,line_ml_away,source
2026_CFB_W04_OU_UGA_FULL_draftkings_2026-09-12T13:00:57.696709+00:00,2026_CFB_W04_OU_UGA,4,2026-09-12T13:00:57.696709+00:00,draftkings,FULL,0.0,0.0,0.0,0.0,0.89,0.89,-10.0,52.5,-395.0,310.0,vsin_dk
2026_CFB_W04_ORE_USC_FULL_draftkings_2026-09-12T13:00:57.696709+00:00,2026_CFB_W04_ORE_USC,4,2026-09-12T13:00:57.696709+00:00,draftkings,FULL,0.2,0.0,,,0.0,0.0,5.5,,195.0,-238.0,vsin_dk
2026_CFB_W04_OU_UGA_FULL_draftkings_2026-09-12T13:03:15.189066+00:00,2026_CFB_W04_OU_UGA,4,2026-09-12T13:03:15.189066+00:00,draftkings,FULL,0.0,0.0,0.0,0.0,0.89,0.89,-10.0,52.5,-395.0,310.0,vsin_dk
2026_CFB_W04_ORE_USC_FULL_draftkings_2026-09-12T13:03:15.189066+00:00,2026_CFB_W04_ORE_USC,4,2026-09-12T13:03:15.189066+00:00,draftkings,FULL,0.2,0.0,,,0.0,0.0,5.5,,195.0,-238.0,vsin_dk
2026_CFB_W04_OU_UGA_FULL_draftkings_2026-09-12T13:16:00.174590+00:00,2026_CFB_W04_OU_UGA,4,2026-09-12T13:16:00.174590+00:00,draftkings,FULL,0.0,0.0,0.0,0.0,0.89,0.89,-10.0,52.5,-395.0,310.0,vsin_dk
2026_CFB_W04_ORE_USC_FULL_draftkings_2026-09-12T13:16:00.174590+00:00,2026_CFB_W04_ORE_USC,4,2026-09-12T13:16:00.174590+00:00,draftkings,FULL,0.2,0.0,,,0.0,0.0,5.5,,195.0,-238.0,vsin_dk
2026_CFB_W04_OU_UGA_FULL_draftkings_2026-09-12T13:18:35.792390+00:00,2026_CFB_W04_OU_UGA,4,2026-09-12T13:18:35.792390+00:00,draftkings,FULL,0.0,0.0,0.0,0.0,0.89,0.89,-10.0,52.5,-395.0,310.0,vsin_dk
2026_CFB_W04_ORE_USC_FULL_draftkings_2026-09-12T13:18:35.792390+00:00,2026_CFB_W04_ORE_USC,4,2026-09-12T13:18:35.792390+00:00,draftkings,FULL,0.2,0.0,,,0.0,0.0,5.5,,195.0,-238.0,vsin_dk
2026_CFB_W04_OU_UGA_FULL_draftkings_2026-09-12T13:21:39.768839+00:00,2026_CFB_W04_OU_UGA,4,2026-09-12T13:21:39.768839+00:00,draftkings,FULL,0.0,0.0,0.0,0.0,0.89,0.89,-10.0,52.5,-395.0,310.0,vsin_dk
2026_CFB_W04_ORE_USC_FULL_draftkings_2026-09-12T13:21:39.768839+00:00,2026_CFB_W04_ORE_USC,4,2026-09-12T13:21:39.768839+00:00,draftkings,FULL,0.2,0.0,,,0.0,0.0,5.5,,195.0,-238.0,vsin_dk
2026_CFB_W04_OU_UGA_FULL_draftkings_2026-09-12T13:30:58.541692+00:00,2026_CFB_W04_OU_UGA,4,2026-09-12T13:30:58.541692+00:00,draftkings,FULL,0.0,0.0,0.0,0.0,0.89,0.89,-10.0,52.5,-395.0,310.0,vsin_dk
2026_CFB_W04_ORE_USC_FULL_draftkings_2026-09-12T13:30:58.541692+00:00,2026_CFB_W04_ORE_USC,4,2026-09-12T13:30:58.541692+00:00,draftkings,FULL,0.2,0.0,,,0.0,0.0,5.5,,195.0,-238.0,vsin_dk
2026_CFB_W04_OU_UGA_FULL_draftkings_2026-09-12T13:33:38.954015+00:00,2026_CFB_W04_OU_UGA,4,2026-09-12T13:33:38.954015+00:00,draftkings,FULL,0.0,0.0,0.0,0.0,0.89,0.89,-10.0,52.5,-395.0,310.0,vsin_dk
2026_CFB_W04_ORE_USC_FULL_draftkings_2026-09-12T13:33:38.954015+00:00,2026_CFB_W04_ORE_USC,4,2026-09-12T13:33:38.954015+00:00,draftkings,FULL,0.2,0.0,,,0.0,0.0,5.5,,195.0,-238.0,vsin_dk
2026_CFB_W04_OU_UGA_FULL_draftkings_2026-09-12T13:45:58.897990+00:00,2026_CFB_W04_OU_UGA,4,2026-09-12T13:45:58.897990+00:00,draftkings,FULL,0.0,0.0,0.0,0.0,0.89,0.89,-10.0,52.5,-395.0,310.0,vsin_dk
2026_CFB_W04_ORE_USC_FULL_draftkings_2026-09-12T13:45:58.897990+00:00,2026_CFB_W04_ORE_USC,4,2026-09-12T13:45:58.897990+00:00,draftkings,FULL,0.2,0.0,,,0.0,0.0,5.5,,195.0,-238.0,vsin_dk
2026_CFB_W04_OU_UGA_FULL_draftkings_2026-09-12T13:47:26.543836+00:00,2026_CFB_W04_OU_UGA,4,2026-09-12T13:47:26.543836+00:00,draftkings,FULL,0.0,0.0,0.0,0.0,0.89,0.89,-10.0,52.5,-395.0,310.0,vsin_dk
2026_CFB_W04_ORE_USC_FULL_draftkings_2026-09-12T13:47:26.543836+00:00,2026_CFB_W04_ORE_USC,4,2026-09-12T13:47:26.543836+00:00,draftkings,FULL,0.2,0.0,,,0.0,0.0,5.5,,195.0,-238.0,vsin_dk
2026_CFB_W04_OU_UGA_FULL_draftkings_2026-09-12T14:00:56.935647+00:00,2026_CFB_W04_OU_UGA,4,2026-09-12T14:00:56.935647+00:00,draftkings,FULL,0.0,0.0,0.0,0.0,0.89,0.89,-10.0,52.5,-395.0,310.0,vsin_dk
2026_CFB_W04_ORE_USC_FULL_draftkings_2026-09-12T14:00:56.935647+00:00,2026_CFB_W04_ORE_USC,4,2026-09-12T14:00:56.935647+00:00,draftkings,FULL,0.2,0.0,,,0.0,0.0,5.5,,195.0,-238.0,vsin_dk
2026_CFB_W04_OU_UGA_FULL_draftkings_2026-09-12T14:03:29.974943+00:00,2026_CFB_W04_OU_UGA,4,2026-09-12T14:03:29.974943+00:00,draftkings,FULL,0.0,0.0,0.0,0.0,0.89,0.89,-10.0,52.5,-395.0,310.0,vsin_dk
2026_CFB_W04_ORE_USC_FULL_draftkings_2026-09-12T14:03:29.974943+00:00,2026_CFB_W04_ORE_USC,4,2026-09-12T14:03:29.974943+00:00,draftkings,FULL,0.2,0.0,,,0.0,0.0,5.5,,195.0,-238.0,vsin_dk
2026_CFB_W04_OU_UGA_FULL_draftkings_2026-09-12T14:16:03.332723+00:00,2026_CFB_W04_OU_UGA,4,2026-09-12T14:16:03.332723+00:00,draftkings,FULL,0.0,0.0,0.0,0.0,0.89,0.89,-10.0,52.5,-395.0,310.0,vsin_dk
2026_CFB_W04_ORE_USC_FULL_draftkings_2026-09-12T14:16:03.332723+00:00,2026_CFB_W04_ORE_USC,4,2026-09-12T14:16:03.332723+00:00,draftkings,FULL,0.2,0.0,,,0.0,0.0,5.5,,195.0,-238.0,vsin_dk
2026_CFB_W04_OU_UGA_FULL_draftkings_2026-09-12T14:19:17.428827+00:00,2026_CFB_W04_OU_UGA,4,2026-09-12T14:19:17.428827+00:00,draftkings,FULL,0.0,0.0,0.0,0.0,0.89,0.89,-10.0,52.5,-395.0,310.0,vsin_dk
2026_CFB_W04_ORE_USC_FULL_draftkings_2026-09-12T14:19:17.428827+00:00,2026_CFB_W04_ORE_USC,4,2026-09-12T14:19:17.428827+00:00,draftkings,FULL,0.2,0.0,,,0.0,0.0,5.5,,195.0,-238.0,vsin_dk
2026_CFB_W04_OU_UGA_FULL_draftkings_2026-09-12T14:22:26.093330+00:00,2026_CFB_W04_OU_UGA,4,2026-09-12T14:22:26.093330+00:00,draftkings,FULL,0.0,0.0,0.0,0.0,0.89,0.89,-10.0,52.5,-395.0,310.0,vsin_dk
2026_CFB_W04_ORE_USC_FULL_draftkings_2026-09-12T14:22:26.093330+00:00,2026_CFB_W04_ORE_USC,4,2026-09-12T14:22:26.093330+00:00,draftkings,FULL,0.2,0.0,,,0.0,0.0,5.5,,195.0,-238.0,vsin_dk
2026_CFB_W04_OU_UGA_FULL_draftkings_2026-09-12T14:30:59.233005+00:00,2026_CFB_W04_OU_UGA,4,2026-09-12T14:30:59.233005+00:00,draftkings,FULL,0.0,0.0,0.0,0.0,0.89,0.89,-10.0,52.5,-395.0,310.0,vsin_dk
2026_CFB_W04_ORE_USC_FULL_draftkings_2026-09-12T14:30:59.233005+00:00,2026_CFB_W04_ORE_USC,4,2026-09-12T14:30:59.233005+00:00,draftkings,FULL,0.2,0.0,,,0.0,0.0,5.5,,195.0,-238.0,vsin_dk
2026_CFB_W04_OU_UGA_FULL_draftkings_2026-09-12T14:36:10.207030+00:00,2026_CFB_W04_OU_UGA,4,2026-09-12T14:36:10.207030+00:00,draftkings,FULL,0.0,0.0,0.0,0.0,0.89,0.89,-10.0,52.5,-395.0,310.0,vsin_dk
2026_CFB_W04_ORE_USC_FULL_draftkings_2026-09-12T14:36:10.207030+00:00,2026_CFB_W04_ORE_USC,4,2026-09-12T14:36:10.207030+00:00,draftkings,FULL,0.2,0.0,,,0.0,0.0,5.5,,195.0,-238.0,vsin_dk
2026_CFB_W04_OU_UGA_FULL_draftkings_2026-09-12T14:45:57.925010+00:00,2026_CFB_W04_OU_UGA,4,2026-09-12T14:45:57.925010+00:00,draftkings,FULL,0.0,0.0,0.0,0.0,0.89,0.89,-10.0,52.5,-395.0,310.0,vsin_dk
2026_CFB_W04_ORE_USC_FULL_draftkings_2026-09-12T14:45:57.925010+00:00,2026_CFB_W04_ORE_USC,4,2026-09-12T14:45:57.925010+00:00,draftkings,FULL,0.2,0.0,,,0.0,0.0,5.5,,195.0,-238.0,vsin_dk
2026_CFB_W04_OU_UGA_FULL_draftkings_2026-09-12T14:48:06.667367+00:00,2026_CFB_W04_OU_UGA,4,2026-09-12T14:48:06.667367+00:00,draftkings,FULL,0.0,0.0,0.0,0.0,0.89,0.89,-10.0,52.5,-395.0,310.0,vsin_dk
2026_CFB_W04_ORE_USC_FULL_draftkings_2026-09-12T14:48:06.667367+00:00,2026_CFB_W04_ORE_USC,4,2026-09-12T14:48:06.667367+00:00,draftkings,FULL,0.2,0.0,,,0.0,0.0,5.5,,195.0,-238.0,vsin_dk
2026_CFB_W04_OU_UGA_FULL_draftkings_2026-09-12T15:00:59.921398+00:00,2026_CFB_W04_OU_UGA,4,2026-09-12T15:00:59.921398+00:00,draftkings,FULL,0.0,0.0,0.0,0.0,0.89,0.89,-10.0,52.5,-395.0,310.0,vsin_dk
2026_CFB_W04_ORE_USC_FULL_draftkings_2026-09-12T15:00:59.921398+00:00,2026_CFB_W04_ORE_USC,4,2026-09-12T15:00:59.921398+00:00,draftkings,FULL,0.2,0.0,,,0.0,0.0,5.5,,195.0,-238.0,vsin_dk
2026_CFB_W04_OU_UGA_FULL_draftkings_2026-09-12T15:03:19.534512+00:00,2026_CFB_W04_OU_UGA,4,2026-09-12T15:03:19.534512+00:00,draftkings,FULL,0.0,0.0,0.0,0.0,0.89,0.89,-10.0,52.5,-395.0,310.0,vsin_dk
2026_CFB_W04_ORE_USC_FULL_draftkings_2026-09-12T15:03:19.534512+00:00,2026_CFB_W04_ORE_USC,4,2026-09-12T15:03:19.534512+00:00,draftkings,FULL,0.2,0.0,,,0.0,0.0,5.5,,195.0,-238.0,vsin_dk
2026_CFB_W04_OU_UGA_FULL_draftkings_2026-09-12T15:16:08.766359+00:00,2026_CFB_W04_OU_UGA,4,2026-09-12T15:16:08.766359+00:00,draftkings,FULL,0.0,0.0,0.0,0.0,0.89,0.89,-10.0,52.5,-395.0,310.0,vsin_dk
2026_CFB_W04_ORE_USC_FULL_draftkings_2026-09-12T15:16:08.766359+00:00,2026_CFB_W04_ORE_USC,4,2026-09-12T15:16:08.766359+00:00,draftkings,FULL,0.2,0.0,,,0.0,0.0,5.5,,195.0,-238.0,vsin_dk
2026_CFB_W04_OU_UGA_FULL_draftkings_2026-09-12T15:18:36.767692+00:00,2026_CFB_W04_OU_UGA,4,2026-09-12T15:18:36.767692+00:00,draftkings,FULL,0.0,0.0,0.0,0.0,0.89,0.89,-10.0,52.5,-395.0,310.0,vsin_dk
2026_CFB_W04_ORE_USC_FULL_draftkings_2026-09-12T15:18:36.767692+00:00,2026_CFB_W04_ORE_USC,4,2026-09-12T15:18:36.767692+00:00,draftkings,FULL,0.2,0.0,,,0.0,0.0,5.5,,195.0,-238.0,vsin_dk
2026_CFB_W04_OU_UGA_FULL_draftkings_2026-09-12T15:22:21.426228+00:00,2026_CFB_W04_OU_UGA,4,2026-09-12T15:22:21.426228+00:00,draftkings,FULL,0.0,0.0,0.0,0.0,0.89,0.89,-10.0,52.5,-395.0,310.0,vsin_dk
2026_CFB_W04_ORE_USC_FULL_draftkings_2026-09-12T15:22:21.426228+00:00,2026_CFB_W04_ORE_USC,4,2026-09-12T15:22:21.426228+00:00,draftkings,FULL,0.2,0.0,,,0.0,0.0,5.5,,195.0,-238.0,vsin_dk
2026_CFB_W04_OU_UGA_FULL_draftkings_2026-09-12T15:31:01.590465+00:00,2026_CFB_W04_OU_UGA,4,2026-09-12T15:31:01.590465+00:00,draftkings,FULL,0.0,0.0,0.0,0.0,0.89,0.89,-10.0,52.5,-395.0,310.0,vsin_dk
2026_CFB_W04_ORE_USC_FULL_draftkings_2026-09-12T15:31:01.590465+00:00,2026_CFB_W04_ORE_USC,4,2026-09-12T15:31:01.590465+00:00,draftkings,FULL,0.2,0.0,,,0.0,0.0,5.5,,195.0,-238.0,vsin_dk
2026_CFB_W04_OU_UGA_FULL_draftkings_2026-09-12T15:34:02.748559+00:00,2026_CFB_W04_OU_UGA,4,2026-09-12T15:34:02.748559+00:00,draftkings,FULL,0.0,0.0,0.0,0.0,0.89,0.89,-10.0,52.5,-395.0,310.0,vsin_dk
2026_CFB_W04_ORE_USC_FULL_draftkings_2026-09-12T15:34:02.748559+00:00,2026_CFB_W04_ORE_USC,4,2026-09-12T15:34:02.748559+00:00,draftkings,FULL,0.2,0.0,,,0.0,0.0,5.5,,195.0,-238.0,vsin_dk
2026_CFB_W04_OU_UGA_FULL_draftkings_2026-09-12T15:45:59.831088+00:00,2026_CFB_W04_OU_UGA,4,2026-09-12T15:45:59.831088+00:00,draftkings,FULL,0.0,0.0,0.0,0.0,0.89,0.89,-10.0,52.5,-395.0,310.0,vsin_dk
2026_CFB_W04_ORE_USC_FULL_draftkings_2026-09-12T15:45:59.831088+00:00,2026_CFB_W04_ORE_USC,4,2026-09-12T15:45:59.831088+00:00,draftkings,FULL,0.2,0.0,,,0.0,0.0,5.5,,195.0,-238.0,vsin_dk
2026_CFB_W04_OU_UGA_FULL_draftkings_2026-09-12T15:47:29.788788+00:00,2026_CFB_W04_OU_UGA,4,2026-09-12T15:47:29.788788+00:00,draftkings,FULL,0.0,0.0,0.0,0.0,0.89,0.89,-10.0,52.5,-395.0,310.0,vsin_dk
2026_CFB_W04_ORE_USC_FULL_draftkings_2026-09-12T15:47:29.788788+00:00,2026_CFB_W04_ORE_USC,4,2026-09-12T15:47:29.788788+00:00,draftkings,FULL,0.2,0.0,,,0.0,0.0,5.5,,195.0,-238.0,vsin_dk
2026_CFB_W04_OU_UGA_FULL_draftkings_2026-09-12T16:00:59.945813+00:00,2026_CFB_W04_OU_UGA,4,2026-09-12T16:00:59.945813+00:00,draftkings,FULL,0.0,0.0,0.0,0.0,0.89,0.89,-10.0,52.5,-395.0,310.0,vsin_dk
2026_CFB_W04_ORE_USC_FULL_draftkings_2026-09-12T16:00:59.945813+00:00,2026_CFB_W04_ORE_USC,4,2026-09-12T16:00:59.945813+00:00,draftkings,FULL,0.2,0.0,,,0.0,0.0,5.5,,195.0,-238.0,vsin_dk
2026_CFB_W04_OU_UGA_FULL_draftkings_2026-09-12T16:03:42.476384+00:00,2026_CFB_W04_OU_UGA,4,2026-09-12T16:03:42.476384+00:00,draftkings,FULL,0.0,0.0,0.0,0.0,0.89,0.89,-10.0,52.5,-395.0,310.0,vsin_dk
2026_CFB_W04_ORE_USC_FULL_draftkings_2026-09-12T16:03:42.476384+00:00,2026_CFB_W04_ORE_USC,4,2026-09-12T16:03:42.476384+00:00,draftkings,FULL,0.2,0.0,,,0.0,0.0,5.5,,195.0,-238.0,vsin_dk
2026_CFB_W04_OU_UGA_FULL_draftkings_2026-09-12T16:16:03.454288+00:00,2026_CFB_W04_OU_UGA,4,2026-09-12T16:16:03.454288+00:00,draftkings,FULL,0.0,0.0,0.0,0.0,0.89,0.89,-10.0,52.5,-395.0,310.0,vsin_dk
2026_CFB_W04_ORE_USC_FULL_draftkings_2026-09-12T16:16:03.454288+00:00,2026_CFB_W04_ORE_USC,4,2026-09-12T16:16:03.454288+00:00,draftkings,FULL,0.2,0.0,,,0.0,0.0,5.5,,195.0,-238.0,vsin_dk
2026_CFB_W04_OU_UGA_FULL_draftkings_2026-09-12T16:19:57.142310+00:00,2026_CFB_W04_OU_UGA,4,2026-09-12T16:19:57.142310+00:00,draftkings,FULL,0.0,0.0,0.0,0.0,0.89,0.89,-10.0,52.5,-395.0,310.0,vsin_dk
2026_CFB_W04_ORE_USC_FULL_draftkings_2026-09-12T16:19:57.142310+00:00,2026_CFB_W04_ORE_USC,4,2026-09-12T16:19:57.142310+00:00,draftkings,FULL,0.2,0.0,,,0.0,0.0,5.5,,195.0,-238.0,vsin_dk
2026_CFB_W04_OU_UGA_FULL_draftkings_2026-09-12T16:22:48.131474+00:00,2026_CFB_W04_OU_UGA,4,2026-09-12T16:22:48.131474+00:00,draftkings,FULL,0.0,0.0,0.0,0.0,0.89,0.89,-10.0,52.5,-395.0,310.0,vsin_dk
2026_CFB_W04_ORE_USC_FULL_draftkings_2026-09-12T16:22:48.131474+00:00,2026_CFB_W04_ORE_USC,4,2026-09-12T16:22:48.131474+00:00,draftkings,FULL,0.2,0.0,,,0.0,0.0,5.5,,195.0,-238.0,vsin_dk
2026_CFB_W04_OU_UGA_FULL_draftkings_2026-09-12T16:31:01.544921+00:00,2026_CFB_W04_OU_UGA,4,2026-09-12T16:31:01.544921+00:00,draftkings,FULL,0.0,0.0,0.0,0.0,0.89,0.89,-10.0,52.5,-395.0,310.0,vsin_dk
2026_CFB_W04_ORE_USC_FULL_draftkings_2026-09-12T16:31:01.544921+00:00,2026_CFB_W04_ORE_USC,4,2026-09-12T16:31:01.544921+00:00,draftkings,FULL,0.2,0.0,,,0.0,0.0,5.5,,195.0,-238.0,vsin_dk
2026_CFB_W04_OU_UGA_FULL_draftkings_2026-09-12T16:34:49.130534+00:00,2026_CFB_W04_OU_UGA,4,2026-09-12T16:34:49.130534+00:00,draftkings,FULL,0.0,0.0,0.0,0.0,0.89,0.89,-10.0,52.5,-395.0,310.0,vsin_dk
2026_CFB_W04_ORE_USC_FULL_draftkings_2026-09-12T16:34:49.130534+00:00,2026_CFB_W04_ORE_USC,4,2026-09-12T16:34:49.130534+00:00,draftkings,FULL,0.2,0.0,,,0.0,0.0,5.5,,195.0,-238.0,vsin_dk
2026_CFB_W04_OU_UGA_FULL_draftkings_2026-09-12T16:46:02.269622+00:00,2026_CFB_W04_OU_UGA,4,2026-09-12T16:46:02.269622+00:00,draftkings,FULL,0.0,0.0,0.0,0.0,0.89,0.89,-10.0,52.5,-395.0,310.0,vsin_dk
2026_CFB_W04_ORE_USC_FULL_draftkings_2026-09-12T16:46:02.269622+00:00,2026_CFB_W04_ORE_USC,4,2026-09-12T16:46:02.269622+00:00,draftkings,FULL,0.2,0.0,,,0.0,0.0,5.5,,195.0,-238.0,vsin_dk
2026_CFB_W04_OU_UGA_FULL_draftkings_2026-09-12T16:47:34.265090+00:00,2026_CFB_W04_OU_UGA,4,2026-09-12T16:47:34.265090+00:00,draftkings,FULL,0.0,0.0,0.0,0.0,0.89,0.89,-10.0,52.5,-395.0,310.0,vsin_dk
2026_CFB_W04_ORE_USC_FULL_draftkings_2026-09-12T16:47:34.265090+00:00,2026_CFB_W04_ORE_USC,4,2026-09-12T16:47:34.265090+00:00,draftkings,FULL,0.2,0.0,,,0.0,0.0,5.5,,195.0,-238.0,vsin_dk
2026_CFB_W04_OU_UGA_FULL_draftkings_2026-09-12T17:00:53.714102+00:00,2026_CFB_W04_OU_UGA,4,2026-09-12T17:00:53.714102+00:00,draftkings,FULL,0.0,0.0,0.0,0.0,0.89,0.89,-10.0,52.5,-395.0,310.0,vsin_dk
2026_CFB_W04_ORE_USC_FULL_draftkings_2026-09-12T17:00:53.714102+00:00,2026_CFB_W04_ORE_USC,4,2026-09-12T17:00:53.714102+00:00,draftkings,FULL,0.2,0.0,,,0.0,0.0,5.5,,195.0,-238.0,vsin_dk
2026_CFB_W04_OU_UGA_FULL_draftkings_2026-09-12T17:03:49.108410+00:00,2026_CFB_W04_OU_UGA,4,2026-09-12T17:03:49.108410+00:00,draftkings,FULL,0.0,0.0,0.0,0.0,0.89,0.89,-10.0,52.5,-395.0,310.0,vsin_dk
2026_CFB_W04_ORE_USC_FULL_draftkings_2026-09-12T17:03:49.108410+00:00,2026_CFB_W04_ORE_USC,4,2026-09-12T17:03:49.108410+00:00,draftkings,FULL,0.2,0.0,,,0.0,0.0,5.5,,195.0,-238.0,vsin_dk
2026_CFB_W04_OU_UGA_FULL_draftkings_2026-09-12T17:16:01.651995+00:00,2026_CFB_W04_OU_UGA,4,2026-09-12T17:16:01.651995+00:00,draftkings,FULL,0.0,0.0,0.0,0.0,0.89,0.89,-10.0,52.5,-395.0,310.0,vsin_dk
2026_CFB_W04_ORE_USC_FULL_draftkings_2026-09-12T17:16:01.651995+00:00,2026_CFB_W04_ORE_USC,4,2026-09-12T17:16:01.651995+00:00,draftkings,FULL,0.2,0.0,,,0.0,0.0,5.5,,195.0,-238.0,vsin_dk
2026_CFB_W04_OU_UGA_FULL_draftkings_2026-09-12T17:17:56.194932+00:00,2026_CFB_W04_OU_UGA,4,2026-09-12T17:17:56.194932+00:00,draftkings,FULL,0.0,0.0,0.0,0.0,0.89,0.89,-10.0,52.5,-395.0,310.0,vsin_dk
2026_CFB_W04_ORE_USC_FULL_draftkings_2026-09-12T17:17:56.194932+00:00,2026_CFB_W04_ORE_USC,4,2026-09-12T17:17:56.194932+00:00,draftkings,FULL,0.2,0.0,,,0.0,0.0,5.5,,195.0,-238.0,vsin_dk
2026_CFB_W04_OU_UGA_FULL_draftkings_2026-09-12T17:21:10.966576+00:00,2026_CFB_W04_OU_UGA,4,2026-09-12T17:21:10.966576+00:00,draftkings,FULL,0.0,0.0,0.0,0.0,0.89,0.89,-10.0,52.5,-395.0,310.0,vsin_dk
2026_CFB_W04_ORE_USC_FULL_draftkings_2026-09-12T17:21:10.966576+00:00,2026_CFB_W04_ORE_USC,4,2026-09-12T17:21:10.966576+00:00,draftkings,FULL,0.2,0.0,,,0.0,0.0,5.5,,195.0,-238.0,vsin_dk
2026_CFB_W04_OU_UGA_FULL_draftkings_2026-09-12T17:31:01.466018+00:00,2026_CFB_W04_OU_UGA,4,2026-09-12T17:31:01.466018+00:00,draftkings,FULL,0.0,0.0,0.0,0.0,0.89,0.89,-10.0,52.5,-395.0,310.0,vsin_dk
2026_CFB_W04_ORE_USC_FULL_draftkings_2026-09-12T17:31:01.466018+00:00,2026_CFB_W04_ORE_USC,4,2026-09-12T17:31:01.466018+00:00,draftkings,FULL,0.2,0.0,,,0.0,0.0,5.5,,195.0,-238.0,vsin_dk
2026_CFB_W04_OU_UGA_FULL_draftkings_2026-09-12T17:33:12.636672+00:00,2026_CFB_W04_OU_UGA,4,2026-09-12T17:33:12.636672+00:00,draftkings,FULL,0.0,0.0,0.0,0.0,0.89,0.89,-10.0,52.5,-395.0,310.0,vsin_dk
2026_CFB_W04_ORE_USC_FULL_draftkings_2026-09-12T17:33:12.636672+00:00,2026_CFB_W04_ORE_USC,4,2026-09-12T17:33:12.636672+00:00,draftkings,FULL,0.2,0.0,,,0.0,0.0,5.5,,195.0,-238.0,vsin_dk
2026_CFB_W04_OU_UGA_FULL_draftkings_2026-09-12T17:46:05.832312+00:00,2026_CFB_W04_OU_UGA,4,2026-09-12T17:46:05.832312+00:00,draftkings,FULL,0.0,0.0,0.0,0.0,0.89,0.89,-10.0,52.5,-395.0,310.0,vsin_dk
2026_CFB_W04_ORE_USC_FULL_draftkings_2026-09-12T17:46:05.832312+00:00,2026_CFB_W04_ORE_USC,4,2026-09-12T17:46:05.832312+00:00,draftkings,FULL,0.2,0.0,,,0.0,0.0,5.5,,195.0,-238.0,vsin_dk
2026_CFB_W04_OU_UGA_FULL_draftkings_2026-09-12T17:47:20.526685+00:00,2026_CFB_W04_OU_UGA,4,2026-09-12T17:47:20.526685+00:00,draftkings,FULL,0.0,0.0,0.0,0.0,0.89,0.89,-10.0,52.5,-395.0,310.0,vsin_dk
2026_CFB_W04_ORE_USC_FULL_draftkings_2026-09-12T17:47:20.526685+00:00,2026_CFB_W04_ORE_USC,4,2026-09-12T17:47:20.526685+00:00,draftkings,FULL,0.2,0.0,,,0.0,0.0,5.5,,195.0,-238.0,vsin_dk
2026_CFB_W04_OU_UGA_FULL_draftkings_2026-09-12T18:01:10.756263+00:00,2026_CFB_W04_OU_UGA,4,2026-09-12T18:01:10.756263+00:00,draftkings,FULL,0.0,0.0,0.0,0.0,0.89,0.89,-10.0,52.5,-395.0,310.0,vsin_dk
2026_CFB_W04_ORE_USC_FULL_draftkings_2026-09-12T18:01:10.756263+00:00,2026_CFB_W04_ORE_USC,4,2026-09-12T18:01:10.756263+00:00,draftkings,FULL,0.2,0.0,,,0.0,0.0,5.5,,195.0,-238.0,vsin_dk
2026_CFB_W04_OU_UGA_FULL_draftkings_2026-09-12T18:03:51.028413+00:00,2026_CFB_W04_OU_UGA,4,2026-09-12T18:03:51.028413+00:00,draftkings,FULL,0.0,0.0,0.0,0.0,0.89,0.89,-10.0,52.5,-395.0,310.0,vsin_dk
2026_CFB_W04_ORE_USC_FULL_draftkings_2026-09-12T18:03:51.028413+00:00,2026_CFB_W04_ORE_USC,4,2026-09-12T18:03:51.028413+00:00,draftkings,FULL,0.2,0.0,,,0.0,0.0,5.5,,195.0,-238.0,vsin_dk
2026_CFB_W04_OU_UGA_FULL_draftkings_2026-09-12T18:16:00.098678+00:00,2026_CFB_W04_OU_UGA,4,2026-09-12T18:16:00.098678+00:00,draftkings,FULL,0.0,0.0,0.0,0.0,0.89,0.89,-10.0,52.5,-395.0,310.0,vsin_dk
2026_CFB_W04_ORE_USC_FULL_draftkings_2026-09-12T18:16:00.098678+00:00,2026_CFB_W04_ORE_USC,4,2026-09-12T18:16:00.098678+00:00,draftkings,FULL,0.2,0.0,,,0.0,0.0,5.5,,195.0,-238.0,vsin_dk
2026_CFB_W04_OU_UGA_FULL_draftkings_2026-09-12T18:21:14.707235+00:00,2026_CFB_W04_OU_UGA,4,2026-09-12T18:21:14.707235+00:00,draftkings,FULL,0.0,0.0,0.0,0.0,0.89,0.89,-10.0,52.5,-395.0,310.0,vsin_dk
2026_CFB_W04_ORE_USC_FULL_draftkings_2026-09-12T18:21:14.707235+00:00,2026_CFB_W04_ORE_USC,4,2026-09-12T18:21:14.707235+00:00,draftkings,FULL,0.2,0.0,,,0.0,0.0,5.5,,195.0,-238.0,vsin_dk
2026_CFB_W04_OU_UGA_FULL_draftkings_2026-09-12T18:24:33.188866+00:00,2026_CFB_W04_OU_UGA,4,2026-09-12T18:24:33.188866+00:00,draftkings,FULL,0.0,0.0,0.0,0.0,0.89,0.89,-10.0,52.5,-395.0,310.0,vsin_dk
2026_CFB_W04_ORE_USC_FULL_draftkings_2026-09-12T18:24:33.188866+00:00,2026_CFB_W04_ORE_USC,4,2026-09-12T18:24:33.188866+00:00,draftkings,FULL,0.2,0.0,,,0.0,0.0,5.5,,195.0,-238.0,vsin_dk
2026_CFB_W04_OU_UGA_FULL_draftkings_2026-09-12T18:30:59.530928+00:00,2026_CFB_W04_OU_UGA,4,2026-09-12T18:30:59.530928+00:00,draftkings,FULL,0.0,0.0,0.0,0.0,0.89,0.89,-10.0,52.5,-395.0,310.0,vsin_dk
2026_CFB_W04_ORE_USC_FULL_draftkings_2026-09-12T18:30:59.530928+00:00,2026_CFB_W04_ORE_USC,4,2026-09-12T18:30:59.530928+00:00,draftkings,FULL,0.2,0.0,,,0.0,0.0,5.5,,195.0,-238.0,vsin_dk
2026_CFB_W04_OU_UGA_FULL_draftkings_2026-09-12T18:36:02.821870+00:00,2026_CFB_W04_OU_UGA,4,2026-09-12T18:36:02.821870+00:00,draftkings,FULL,0.0,0.0,0.0,0.0,0.89,0.89,-10.0,52.5,-395.0,310.0,vsin_dk
2026_CFB_W04_ORE_USC_FULL_draftkings_2026-09-12T18:36:02.821870+00:00,2026_CFB_W04_ORE_USC,4,2026-09-12T18:36:02.821870+00:00,draftkings,FULL,0.2,0.0,,,0.0,0.0,5.5,,195.0,-238.0,vsin_dk
2026_CFB_W04_OU_UGA_FULL_draftkings_2026-09-12T18:45:59.753150+00:00,2026_CFB_W04_OU_UGA,4,2026-09-12T18:45:59.753150+00:00,draftkings,FULL,0.0,0.0,0.0,0.0,0.89,0.89,-10.0,52.5,-395.0,310.0,vsin_dk
2026_CFB_W04_ORE_USC_FULL_draftkings_2026-09-12T18:45:59.753150+00:00,2026_CFB_W04_ORE_USC,4,2026-09-12T18:45:59.753150+00:00,draftkings,FULL,0.2,0.0,,,0.0,0.0,5.5,,195.0,-238.0,vsin_dk
2026_CFB_W04_OU_UGA_FULL_draftkings_2026-09-12T18:48:15.115785+00:00,2026_CFB_W04_OU_UGA,4,2026-09-12T18:48:15.115785+00:00,draftkings,FULL,0.0,0.0,0.0,0.0,0.89,0.89,-10.0,52.5,-395.0,310.0,vsin_dk
2026_CFB_W04_ORE_USC_FULL_draftkings_2026-09-12T18:48:15.115785+00:00,2026_CFB_W04_ORE_USC,4,2026-09-12T18:48:15.115785+00:00,draftkings,FULL,0.2,0.0,,,0.0,0.0,5.5,,195.0,-238.0,vsin_dk
2026_CFB_W04_OU_UGA_FULL_draftkings_2026-09-12T19:01:02.332579+00:00,2026_CFB_W04_OU_UGA,4,2026-09-12T19:01:02.332579+00:00,draftkings,FULL,0.0,0.0,0.0,0.0,0.89,0.89,-10.0,52.5,-395.0,310.0,vsin_dk
2026_CFB_W04_ORE_USC_FULL_draftkings_2026-09-12T19:01:02.332579+00:00,2026_CFB_W04_ORE_USC,4,2026-09-12T19:01:02.332579+00:00,draftkings,FULL,0.2,0.0,,,0.0,0.0,5.5,,195.0,-238.0,vsin_dk
2026_CFB_W04_OU_UGA_FULL_draftkings_2026-09-12T19:03:47.376671+00:00,2026_CFB_W04_OU_UGA,4,2026-09-12T19:03:47.376671+00:00,draftkings,FULL,0.0,0.0,0.0,0.0,0.89,0.89,-10.0,52.5,-395.0,310.0,vsin_dk
2026_CFB_W04_ORE_USC_FULL_draftkings_2026-09-12T19:03:47.376671+00:00,2026_CFB_W04_ORE_USC,4,2026-09-12T19:03:47.376671+00:00,draftkings,FULL,0.2,0.0,,,0.0,0.0,5.5,,195.0,-238.0,vsin_dk
2026_CFB_W04_OU_UGA_FULL_draftkings_2026-09-12T19:16:52.634007+00:00,2026_CFB_W04_OU_UGA,4,2026-09-12T19:16:52.634007+00:00,draftkings,FULL,0.0,0.0,0.0,0.0,0.89,0.89,-10.0,52.5,-395.0,310.0,vsin_dk
2026_CFB_W04_ORE_USC_FULL_draftkings_2026-09-12T19:16:52.634007+00:00,2026_CFB_W04_ORE_USC,4,2026-09-12T19:16:52.634007+00:00,draftkings,FULL,0.2,0.0,,,0.0,0.0,5.5,,195.0,-238.0,vsin_dk
2026_CFB_W04_OU_UGA_FULL_draftkings_2026-09-12T19:19:47.195349+00:00,2026_CFB_W04_OU_UGA,4,2026-09-12T19:19:47.195349+00:00,draftkings,FULL,0.0,0.0,0.0,0.0,0.89,0.89,-10.0,52.5,-395.0,310.0,vsin_dk
2026_CFB_W04_ORE_USC_FULL_draftkings_2026-09-12T19:19:47.195349+00:00,2026_CFB_W04_ORE_USC,4,2026-09-12T19:19:47.195349+00:00,draftkings,FULL,0.2,0.0,,,0.0,0.0,5.5,,195.0,-238.0,vsin_dk
2026_CFB_W04_OU_UGA_FULL_draftkings_2026-09-12T19:30:55.936483+00:00,2026_CFB_W04_OU_UGA,4,2026-09-12T19:30:55.936483+00:00,draftkings,FULL,0.0,0.0,0.0,0.0,0.89,0.89,-10.0,52.5,-395.0,310.0,vsin_dk
2026_CFB_W04_ORE_USC_FULL_draftkings_2026-09-12T19:30:55.936483+00:00,2026_CFB_W04_ORE_USC,4,2026-09-12T19:30:55.936483+00:00,draftkings,FULL,0.2,0.0,,,0.0,0.0,5.5,,195.0,-238.0,vsin_dk
2026_CFB_W04_OU_UGA_FULL_draftkings_2026-09-12T19:33:16.657325+00:00,2026_CFB_W04_OU_UGA,4,2026-09-12T19:33:16.657325+00:00,draftkings,FULL,0.0,0.0,0.0,0.0,0.89,0.89,-10.0,52.5,-395.0,310.0,vsin_dk
2026_CFB_W04_ORE_USC_FULL_draftkings_2026-09-12T19:33:16.657325+00:00,2026_CFB_W04_ORE_USC,4,2026-09-12T19:33:16.657325+00:00,draftkings,FULL,0.2,0.0,,,0.0,0.0,5.5,,195.0,-238.0,vsin_dk
2026_CFB_W04_OU_UGA_FULL_draftkings_2026-09-12T19:46:00.123758+00:00,2026_CFB_W04_OU_UGA,4,2026-09-12T19:46:00.123758+00:00,draftkings,FULL,0.0,0.0,0.0,0.0,0.89,0.89,-10.0,52.5,-395.0,310.0,vsin_dk
2026_CFB_W04_ORE_USC_FULL_draftkings_2026-09-12T19:46:00.123758+00:00,2026_CFB_W04_ORE_USC,4,2026-09-12T19:46:00.123758+00:00,draftkings,FULL,0.2,0.0,,,0.0,0.0,5.5,,195.0,-238.0,vsin_dk
2026_CFB_W04_OU_UGA_FULL_draftkings_2026-09-12T19:47:20.555001+00:00,2026_CFB_W04_OU_UGA,4,2026-09-12T19:47:20.555001+00:00,draftkings,FULL,0.0,0.0,0.0,0.0,0.89,0.89,-10.0,52.5,-395.0,310.0,vsin_dk
2026_CFB_W04_ORE_USC_FULL_draftkings_2026-09-12T19:47:20.555001+00:00,2026_CFB_W04_ORE_USC,4,2026-09-12T19:47:20.555001+00:00,draftkings,FULL,0.2,0.0,,,0.0,0.0,5.5,,195.0,-238.0,vsin_dk
2026_CFB_W04_OU_UGA_FULL_draftkings_2026-09-12T20:01:04.676616+00:00,2026_CFB_W04_OU_UGA,4,2026-09-12T20:01:04.676616+00:00,draftkings,FULL,0.0,0.0,0.0,0.0,0.89,0.89,-10.0,52.5,-395.0,310.0,vsin_dk
2026_CFB_W04_ORE_USC_FULL_draftkings_2026-09-12T20:01:04.676616+00:00,2026_CFB_W04_ORE_USC,4,2026-09-12T20:01:04.676616+00:00,draftkings,FULL,0.2,0.0,,,0.0,0.0,5.5,,195.0,-238.0,vsin_dk
2026_CFB_W04_OU_UGA_FULL_draftkings_2026-09-12T20:05:11.076426+00:00,2026_CFB_W04_OU_UGA,4,2026-09-12T20:05:11.076426+00:00,draftkings,FULL,0.0,0.0,0.0,0.0,0.89,0.89,-10.0,52.5,-395.0,310.0,vsin_dk
2026_CFB_W04_ORE_USC_FULL_draftkings_2026-09-12T20:05:11.076426+00:00,2026_CFB_W04_ORE_USC,4,2026-09-12T20:05:11.076426+00:00,draftkings,FULL,0.2,0.0,,,0.0,0.0,5.5,,195.0,-238.0,vsin_dk
2026_CFB_W04_OU_UGA_FULL_draftkings_2026-09-12T20:16:01.490938+00:00,2026_CFB_W04_OU_UGA,4,2026-09-12T20:16:01.490938+00:00,draftkings,FULL,0.0,0.0,0.0,0.0,0.89,0.89,-10.0,52.5,-395.0,310.0,vsin_dk
2026_CFB_W04_ORE_USC_FULL_draftkings_2026-09-12T20:16:01.490938+00:00,2026_CFB_W04_ORE_USC,4,2026-09-12T20:16:01.490938+00:00,draftkings,FULL,0.2,0.0,,,0.0,0.0,5.5,,195.0,-238.0,vsin_dk
2026_CFB_W04_OU_UGA_FULL_draftkings_2026-09-12T20:19:13.921085+00:00,2026_CFB_W04_OU_UGA,4,2026-09-12T20:19:13.921085+00:00,draftkings,FULL,0.0,0.0,0.0,0.0,0.89,0.89,-10.0,52.5,-395.0,310.0,vsin_dk
2026_CFB_W04_ORE_USC_FULL_draftkings_2026-09-12T20:19:13.921085+00:00,2026_CFB_W04_ORE_USC,4,2026-09-12T20:19:13.921085+00:00,draftkings,FULL,0.2,0.0,,,0.0,0.0,5.5,,195.0,-238.0,vsin_dk
2026_CFB_W04_OU_UGA_FULL_draftkings_2026-09-12T20:23:42.390721+00:00,2026_CFB_W04_OU_UGA,4,2026-09-12T20:23:42.390721+00:00,draftkings,FULL,0.0,0.0,0.0,0.0,0.89,0.89,-10.0,52.5,-395.0,310.0,vsin_dk
2026_CFB_W04_ORE_USC_FULL_draftkings_2026-09-12T20:23:42.390721+00:00,2026_CFB_W04_ORE_USC,4,2026-09-12T20:23:42.390721+00:00,draftkings,FULL,0.2,0.0,,,0.0,0.0,5.5,,195.0,-238.0,vsin_dk
2026_CFB_W04_OU_UGA_FULL_draftkings_2026-09-12T20:30:58.833019+00:00,2026_CFB_W04_OU_UGA,4,2026-09-12T20:30:58.833019+00:00,draftkings,FULL,0.0,0.0,0.0,0.0,0.89,0.89,-10.0,52.5,-395.0,310.0,vsin_dk
2026_CFB_W04_ORE_USC_FULL_draftkings_2026-09-12T20:30:58.833019+00:00,2026_CFB_W04_ORE_USC,4,2026-09-12T20:30:58.833019+00:00,draftkings,FULL,0.2,0.0,,,0.0,0.0,5.5,,195.0,-238.0,vsin_dk
2026_CFB_W04_OU_UGA_FULL_draftkings_2026-09-12T20:38:28.958460+00:00,2026_CFB_W04_OU_UGA,4,2026-09-12T20:38:28.958460+00:00,draftkings,FULL,0.0,0.0,0.0,0.0,0.89,0.89,-10.0,52.5,-395.0,310.0,vsin_dk
2026_CFB_W04_ORE_USC_FULL_draftkings_2026-09-12T20:38:28.958460+00:00,2026_CFB_W04_ORE_USC,4,2026-09-12T20:38:28.958460+00:00,draftkings,FULL,0.2,0.0,,,0.0,0.0,5.5,,195.0,-238.0,vsin_dk
2026_CFB_W04_OU_UGA_FULL_draftkings_2026-09-12T20:45:58.211391+00:00,2026_CFB_W04_OU_UGA,4,2026-09-12T20:45:58.211391+00:00,draftkings,FULL,0.0,0.0,0.0,0.0,0.89,0.89,-10.0,52.5,-395.0,310.0,vsin_dk
2026_CFB_W04_ORE_USC_FULL_draftkings_2026-09-12T20:45:58.211391+00:00,2026_CFB_W04_ORE_USC,4,2026-09-12T20:45:58.211391+00:00,draftkings,FULL,0.2,0.0,,,0.0,0.0,5.5,,195.0,-238.0,vsin_dk
2026_CFB_W04_OU_UGA_FULL_draftkings_2026-09-12T20:51:55.302157+00:00,2026_CFB_W04_OU_UGA,4,2026-09-12T20:51:55.302157+00:00,draftkings,FULL,0.0,0.0,0.0,0.0,0.89,0.89,-10.0,52.5,-395.0,310.0,vsin_dk
2026_CFB_W04_ORE_USC_FULL_draftkings_2026-09-12T20:51:55.302157+00:00,2026_CFB_W04_ORE_USC,4,2026-09-12T20:51:55.302157+00:00,draftkings,FULL,0.2,0.0,,,0.0,0.0,5.5,,195.0,-238.0,vsin_dk
2026_CFB_W04_OU_UGA_FULL_draftkings_2026-09-12T21:00:58.505103+00:00,2026_CFB_W04_OU_UGA,4,2026-09-12T21:00:58.505103+00:00,draftkings,FULL,0.0,0.0,0.0,0.0,0.89,0.89,-10.0,52.5,-395.0,310.0,vsin_dk
2026_CFB_W04_ORE_USC_FULL_draftkings_2026-09-12T21:00:58.505103+00:00,2026_CFB_W04_ORE_USC,4,2026-09-12T21:00:58.505103+00:00,draftkings,FULL,0.2,0.0,,,0.0,0.0,5.5,,195.0,-238.0,vsin_dk
2026_CFB_W04_OU_UGA_FULL_draftkings_2026-09-12T21:03:43.000045+00:00,2026_CFB_W04_OU_UGA,4,2026-09-12T21:03:43.000045+00:00,draftkings,FULL,0.0,0.0,0.0,0.0,0.89,0.89,-10.0,52.5,-395.0,310.0,vsin_dk
2026_CFB_W04_ORE_USC_FULL_draftkings_2026-09-12T21:03:43.000045+00:00,2026_CFB_W04_ORE_USC,4,2026-09-12T21:03:43.000045+00:00,draftkings,FULL,0.2,0.0,,,0.0,0.0,5.5,,195.0,-238.0,vsin_dk
2026_CFB_W04_OU_UGA_FULL_draftkings_2026-09-12T21:16:02.435972+00:00,2026_CFB_W04_OU_UGA,4,2026-09-12T21:16:02.435972+00:00,draftkings,FULL,0.0,0.0,0.0,0.0,0.89,0.89,-10.0,52.5,-395.0,310.0,vsin_dk
2026_CFB_W04_ORE_USC_FULL_draftkings_2026-09-12T21:16:02.435972+00:00,2026_CFB_W04_ORE_USC,4,2026-09-12T21:16:02.435972+00:00,draftkings,FULL,0.2,0.0,,,0.0,0.0,5.5,,195.0,-238.0,vsin_dk
2026_CFB_W04_OU_UGA_FULL_draftkings_2026-09-12T21:19:59.818107+00:00,2026_CFB_W04_OU_UGA,4,2026-09-12T21:19:59.818107+00:00,draftkings,FULL,0.0,0.0,0.0,0.0,0.89,0.89,-10.0,52.5,-395.0,310.0,vsin_dk
2026_CFB_W04_ORE_USC_FULL_draftkings_2026-09-12T21:19:59.818107+00:00,2026_CFB_W04_ORE_USC,4,2026-09-12T21:19:59.818107+00:00,draftkings,FULL,0.2,0.0,,,0.0,0.0,5.5,,195.0,-238.0,vsin_dk
2026_CFB_W04_OU_UGA_FULL_draftkings_2026-09-12T21:22:55.650913+00:00,2026_CFB_W04_OU_UGA,4,2026-09-12T21:22:55.650913+00:00,draftkings,FULL,0.0,0.0,0.0,0.0,0.89,0.89,-10.0,52.5,-395.0,310.0,vsin_dk
2026_CFB_W04_ORE_USC_FULL_draftkings_2026-09-12T21:22:55.650913+00:00,2026_CFB_W04_ORE_USC,4,2026-09-12T21:22:55.650913+00:00,draftkings,FULL,0.2,0.0,,,0.0,0.0,5.5,,195.0,-238.0,vsin_dk
2026_CFB_W04_OU_UGA_FULL_draftkings_2026-09-12T21:31:01.224746+00:00,2026_CFB_W04_OU_UGA,4,2026-09-12T21:31:01.224746+00:00,draftkings,FULL,0.0,0.0,0.0,0.0,0.89,0.89,-10.0,52.5,-395.0,310.0,vsin_dk
2026_CFB_W04_ORE_USC_FULL_draftkings_2026-09-12T21:31:01.224746+00:00,2026_CFB_W04_ORE_USC,4,2026-09-12T21:31:01.224746+00:00,draftkings,FULL,0.2,0.0,,,0.0,0.0,5.5,,195.0,-238.0,vsin_dk
2026_CFB_W04_OU_UGA_FULL_draftkings_2026-09-12T21:34:12.030006+00:00,2026_CFB_W04_OU_UGA,4,2026-09-12T21:34:12.030006+00:00,draftkings,FULL,0.0,0.0,0.0,0.0,0.89,0.89,-10.0,52.5,-395.0,310.0,vsin_dk
2026_CFB_W04_ORE_USC_FULL_draftkings_2026-09-12T21:34:12.030006+00:00,2026_CFB_W04_ORE_USC,4,2026-09-12T21:34:12.030006+00:00,draftkings,FULL,0.2,0.0,,,0.0,0.0,5.5,,195.0,-238.0,vsin_dk
2026_CFB_W04_OU_UGA_FULL_draftkings_2026-09-12T21:46:01.423619+00:00,2026_CFB_W04_OU_UGA,4,2026-09-12T21:46:01.423619+00:00,draftkings,FULL,0.0,0.0,0.0,0.0,0.89,0.89,-10.0,52.5,-395.0,310.0,vsin_dk
2026_CFB_W04_ORE_USC_FULL_draftkings_2026-09-12T21:46:01.423619+00:00,2026_CFB_W04_ORE_USC,4,2026-09-12T21:46:01.423619+00:00,draftkings,FULL,0.2,0.0,,,0.0,0.0,5.5,,195.0,-238.0,vsin_dk
2026_CFB_W04_OU_UGA_FULL_draftkings_2026-09-12T21:47:31.498713+00:00,2026_CFB_W04_OU_UGA,4,2026-09-12T21:47:31.498713+00:00,draftkings,FULL,0.0,0.0,0.0,0.0,0.89,0.89,-10.0,52.5,-395.0,310.0,vsin_dk
2026_CFB_W04_ORE_USC_FULL_draftkings_2026-09-12T21:47:31.498713+00:00,2026_CFB_W04_ORE_USC,4,2026-09-12T21:47:31.498713+00:00,draftkings,FULL,0.2,0.0,,,0.0,0.0,5.5,,195.0,-238.0,vsin_dk
2026_CFB_W04_OU_UGA_FULL_draftkings_2026-09-12T22:01:00.302771+00:00,2026_CFB_W04_OU_UGA,4,2026-09-12T22:01:00.302771+00:00,draftkings,FULL,0.0,0.0,0.0,0.0,0.89,0.89,-10.0,52.5,-395.0,310.0,vsin_dk
2026_CFB_W04_ORE_USC_FULL_draftkings_2026-09-12T22:01:00.302771+00:00,2026_CFB_W04_ORE_USC,4,2026-09-12T22:01:00.302771+00:00,draftkings,FULL,0.2,0.0,,,0.0,0.0,5.5,,195.0,-238.0,vsin_dk
2026_CFB_W04_OU_UGA_FULL_draftkings_2026-09-12T22:03:48.472920+00:00,2026_CFB_W04_OU_UGA,4,2026-09-12T22:03:48.472920+00:00,draftkings,FULL,0.0,0.0,0.0,0.0,0.89,0.89,-10.0,52.5,-395.0,310.0,vsin_dk
2026_CFB_W04_ORE_USC_FULL_draftkings_2026-09-12T22:03:48.472920+00:00,2026_CFB_W04_ORE_USC,4,2026-09-12T22:03:48.472920+00:00,draftkings,FULL,0.2,0.0,,,0.0,0.0,5.5,,195.0,-238.0,vsin_dk
2026_CFB_W04_OU_UGA_FULL_draftkings_2026-09-12T22:18:40.875599+00:00,2026_CFB_W04_OU_UGA,4,2026-09-12T22:18:40.875599+00:00,draftkings,FULL,0.0,0.0,0.0,0.0,0.89,0.89,-10.0,52.5,-395.0,310.0,vsin_dk
2026_CFB_W04_ORE_USC_FULL_draftkings_2026-09-12T22:18:40.875599+00:00,2026_CFB_W04_ORE_USC,4,2026-09-12T22:18:40.875599+00:00,draftkings,FULL,0.2,0.0,,,0.0,0.0,5.5,,195.0,-238.0,vsin_dk
2026_CFB_W04_OU_UGA_FULL_draftkings_2026-09-12T22:22:31.421376+00:00,2026_CFB_W04_OU_UGA,4,2026-09-12T22:22:31.421376+00:00,draftkings,FULL,0.0,0.0,0.0,0.0,0.89,0.89,-10.0,52.5,-395.0,310.0,vsin_dk
2026_CFB_W04_ORE_USC_FULL_draftkings_2026-09-12T22:22:31.421376+00:00,2026_CFB_W04_ORE_USC,4,2026-09-12T22:22:31.421376+00:00,draftkings,FULL,0.2,0.0,,,0.0,0.0,5.5,,195.0,-238.0,vsin_dk
2026_CFB_W04_OU_UGA_FULL_draftkings_2026-09-12T22:35:36.635373+00:00,2026_CFB_W04_OU_UGA,4,2026-09-12T22:35:36.635373+00:00,draftkings,FULL,0.0,0.0,0.0,0.0,0.89,0.89,-10.0,52.5,-395.0,310.0,vsin_dk
2026_CFB_W04_ORE_USC_FULL_draftkings_2026-09-12T22:35:36.635373+00:00,2026_CFB_W04_ORE_USC,4,2026-09-12T22:35:36.635373+00:00,draftkings,FULL,0.2,0.0,,,0.0,0.0,5.5,,195.0,-238.0,vsin_dk
2026_CFB_W04_OU_UGA_FULL_draftkings_2026-09-12T22:44:06.726563+00:00,2026_CFB_W04_OU_UGA,4,2026-09-12T22:44:06.726563+00:00,draftkings,FULL,0.0,0.0,0.0,0.0,0.89,0.89,-10.0,52.5,-395.0,310.0,vsin_dk
2026_CFB_W04_ORE_USC_FULL_draftkings_2026-09-12T22:44:06.726563+00:00,2026_CFB_W04_ORE_USC,4,2026-09-12T22:44:06.726563+00:00,draftkings,FULL,0.2,0.0,,,0.0,0.0,5.5,,195.0,-238.0,vsin_dk
2026_CFB_W04_OU_UGA_FULL_draftkings_2026-09-12T22:46:01.231272+00:00,2026_CFB_W04_OU_UGA,4,2026-09-12T22:46:01.231272+00:00,draftkings,FULL,0.0,0.0,0.0,0.0,0.89,0.89,-10.0,52.5,-395.0,310.0,vsin_dk
2026_CFB_W04_ORE_USC_FULL_draftkings_2026-09-12T22:46:01.231272+00:00,2026_CFB_W04_ORE_USC,4,2026-09-12T22:46:01.231272+00:00,draftkings,FULL,0.2,0.0,,,0.0,0.0,5.5,,195.0,-238.0,vsin_dk
2026_CFB_W04_OU_UGA_FULL_draftkings_2026-09-12T22:49:23.210274+00:00,2026_CFB_W04_OU_UGA,4,2026-09-12T22:49:23.210274+00:00,draftkings,FULL,0.0,0.0,0.0,0.0,0.89,0.89,-10.0,52.5,-395.0,310.0,vsin_dk
2026_CFB_W04_ORE_USC_FULL_draftkings_2026-09-12T22:49:23.210274+00:00,2026_CFB_W04_ORE_USC,4,2026-09-12T22:49:23.210274+00:00,draftkings,FULL,0.2,0.0,,,0.0,0.0,5.5,,195.0,-238.0,vsin_dk
2026_CFB_W04_OU_UGA_FULL_draftkings_2026-09-12T23:00:58.755592+00:00,2026_CFB_W04_OU_UGA,4,2026-09-12T23:00:58.755592+00:00,draftkings,FULL,0.0,0.0,0.0,0.0,0.89,0.89,-10.0,52.5,-395.0,310.0,vsin_dk
2026_CFB_W04_ORE_USC_FULL_draftkings_2026-09-12T23:00:58.755592+00:00,2026_CFB_W04_ORE_USC,4,2026-09-12T23:00:58.755592+00:00,draftkings,FULL,0.2,0.0,,,0.0,0.0,5.5,,195.0,-238.0,vsin_dk
2026_CFB_W04_OU_UGA_FULL_draftkings_2026-09-12T23:03:44.943293+00:00,2026_CFB_W04_OU_UGA,4,2026-09-12T23:03:44.943293+00:00,draftkings,FULL,0.0,0.0,0.0,0.0,0.89,0.89,-10.0,52.5,-395.0,310.0,vsin_dk
2026_CFB_W04_ORE_USC_FULL_draftkings_2026-09-12T23:03:44.943293+00:00,2026_CFB_W04_ORE_USC,4,2026-09-12T23:03:44.943293+00:00,draftkings,FULL,0.2,0.0,,,0.0,0.0,5.5,,195.0,-238.0,vsin_dk
2026_CFB_W04_OU_UGA_FULL_draftkings_2026-09-12T23:15:57.554498+00:00,2026_CFB_W04_OU_UGA,4,2026-09-12T23:15:57.554498+00:00,draftkings,FULL,0.0,0.0,0.0,0.0,0.89,0.89,-10.0,52.5,-395.0,310.0,vsin_dk
2026_CFB_W04_ORE_USC_FULL_draftkings_2026-09-12T23:15:57.554498+00:00,2026_CFB_W04_ORE_USC,4,2026-09-12T23:15:57.554498+00:00,draftkings,FULL,0.2,0.0,,,0.0,0.0,5.5,,195.0,-238.0,vsin_dk
2026_CFB_W04_OU_UGA_FULL_draftkings_2026-09-12T23:18:51.533585+00:00,2026_CFB_W04_OU_UGA,4,2026-09-12T23:18:51.533585+00:00,draftkings,FULL,0.0,0.0,0.0,0.0,0.89,0.89,-10.0,52.5,-395.0,310.0,vsin_dk
2026_CFB_W04_ORE_USC_FULL_draftkings_2026-09-12T23:18:51.533585+00:00,2026_CFB_W04_ORE_USC,4,2026-09-12T23:18:51.533585+00:00,draftkings,FULL,0.2,0.0,,,0.0,0.0,5.5,,195.0,-238.0,vsin_dk
2026_CFB_W04_OU_UGA_FULL_draftkings_2026-09-12T23:21:32.885118+00:00,2026_CFB_W04_OU_UGA,4,2026-09-12T23:21:32.885118+00:00,draftkings,FULL,0.0,0.0,0.0,0.0,0.89,0.89,-10.0,52.5,-395.0,310.0,vsin_dk
2026_CFB_W04_ORE_USC_FULL_draftkings_2026-09-12T23:21:32.885118+00:00,2026_CFB_W04_ORE_USC,4,2026-09-12T23:21:32.885118+00:00,draftkings,FULL,0.2,0.0,,,0.0,0.0,5.5,,195.0,-238.0,vsin_dk
2026_CFB_W04_OU_UGA_FULL_draftkings_2026-09-12T23:30:58.880743+00:00,2026_CFB_W04_OU_UGA,4,2026-09-12T23:30:58.880743+00:00,draftkings,FULL,0.0,0.0,0.0,0.0,0.89,0.89,-10.0,52.5,-395.0,310.0,vsin_dk
2026_CFB_W04_ORE_USC_FULL_draftkings_2026-09-12T23:30:58.880743+00:00,2026_CFB_W04_ORE_USC,4,2026-09-12T23:30:58.880743+00:00,draftkings,FULL,0.2,0.0,,,0.0,0.0,5.5,,195.0,-238.0,vsin_dk
2026_CFB_W04_OU_UGA_FULL_draftkings_2026-09-12T23:33:11.368416+00:00,2026_CFB_W04_OU_UGA,4,2026-09-12T23:33:11.368416+00:00,draftkings,FULL,0.0,0.0,0.0,0.0,0.89,0.89,-10.0,52.5,-395.0,310.0,vsin_dk
2026_CFB_W04_ORE_USC_FULL_draftkings_2026-09-12T23:33:11.368416+00:00,2026_CFB_W04_ORE_USC,4,2026-09-12T23:33:11.368416+00:00,draftkings,FULL,0.2,0.0,,,0.0,0.0,5.5,,195.0,-238.0,vsin_dk
2026_CFB_W04_OU_UGA_FULL_draftkings_2026-09-12T23:45:59.569581+00:00,2026_CFB_W04_OU_UGA,4,2026-09-12T23:45:59.569581+00:00,draftkings,FULL,0.0,0.0,0.0,0.0,0.89,0.89,-10.0,52.5,-395.0,310.0,vsin_dk
2026_CFB_W04_ORE_USC_FULL_draftkings_2026-09-12T23:45:59.569581+00:00,2026_CFB_W04_ORE_USC,4,2026-09-12T23:45:59.569581+00:00,draftkings,FULL,0.2,0.0,,,0.0,0.0,5.5,,195.0,-238.0,vsin_dk
2026_CFB_W04_OU_UGA_FULL_draftkings_2026-09-12T23:47:24.505837+00:00,2026_CFB_W04_OU_UGA,4,2026-09-12T23:47:24.505837+00:00,draftkings,FULL,0.0,0.0,0.0,0.0,0.89,0.89,-10.0,52.5,-395.0,310.0,vsin_dk
2026_CFB_W04_ORE_USC_FULL_draftkings_2026-09-12T23:47:24.505837+00:00,2026_CFB_W04_ORE_USC,4,2026-09-12T23:47:24.505837+00:00,draftkings,FULL,0.2,0.0,,,0.0,0.0,5.5,,195.0,-238.0,vsin_dk
2026_CFB_W04_OU_UGA_FULL_draftkings_2026-09-13T00:01:08.189834+00:00,2026_CFB_W04_OU_UGA,4,2026-09-13T00:01:08.189834+00:00,draftkings,FULL,0.0,0.0,0.0,0.0,0.89,0.89,-10.0,52.5,-395.0,310.0,vsin_dk
2026_CFB_W04_ORE_USC_FULL_draftkings_2026-09-13T00:01:08.189834+00:00,2026_CFB_W04_ORE_USC,4,2026-09-13T00:01:08.189834+00:00,draftkings,FULL,0.2,0.0,,,0.0,0.0,5.5,,195.0,-238.0,vsin_dk
2026_CFB_W04_OU_UGA_FULL_draftkings_2026-09-13T00:15:58.286677+00:00,2026_CFB_W04_OU_UGA,4,2026-09-13T00:15:58.286677+00:00,draftkings,FULL,0.0,0.0,0.0,0.0,0.89,0.89,-10.0,52.5,-395.0,310.0,vsin_dk
2026_CFB_W04_ORE_USC_FULL_draftkings_2026-09-13T00:15:58.286677+00:00,2026_CFB_W04_ORE_USC,4,2026-09-13T00:15:58.286677+00:00,draftkings,FULL,0.2,0.0,,,0.0,0.0,5.5,,195.0,-238.0,vsin_dk
2026_CFB_W04_OU_UGA_FULL_draftkings_2026-09-13T00:23:59.951069+00:00,2026_CFB_W04_OU_UGA,4,2026-09-13T00:23:59.951069+00:00,draftkings,FULL,0.0,0.0,0.0,0.0,0.89,0.89,-10.0,52.5,-395.0,310.0,vsin_dk
2026_CFB_W04_ORE_USC_FULL_draftkings_2026-09-13T00:23:59.951069+00:00,2026_CFB_W04_ORE_USC,4,2026-09-13T00:23:59.951069+00:00,draftkings,FULL,0.2,0.0,,,0.0,0.0,5.5,,195.0,-238.0,vsin_dk
2026_CFB_W04_OU_UGA_FULL_draftkings_2026-09-13T00:27:53.372684+00:00,2026_CFB_W04_OU_UGA,4,2026-09-13T00:27:53.372684+00:00,draftkings,FULL,0.0,0.0,0.0,0.0,0.89,0.89,-10.0,52.5,-395.0,310.0,vsin_dk
2026_CFB_W04_ORE_USC_FULL_draftkings_2026-09-13T00:27:53.372684+00:00,2026_CFB_W04_ORE_USC,4,2026-09-13T00:27:53.372684+00:00,draftkings,FULL,0.2,0.0,,,0.0,0.0,5.5,,195.0,-238.0,vsin_dk
2026_CFB_W04_OU_UGA_FULL_draftkings_2026-09-13T00:31:03.696106+00:00,2026_CFB_W04_OU_UGA,4,2026-09-13T00:31:03.696106+00:00,draftkings,FULL,0.0,0.0,0.0,0.0,0.89,0.89,-10.0,52.5,-395.0,310.0,vsin_dk
2026_CFB_W04_ORE_USC_FULL_draftkings_2026-09-13T00:31:03.696106+00:00,2026_CFB_W04_ORE_USC,4,2026-09-13T00:31:03.696106+00:00,draftkings,FULL,0.2,0.0,,,0.0,0.0,5.5,,195.0,-238.0,vsin_dk
2026_CFB_W04_OU_UGA_FULL_draftkings_2026-09-13T00:46:03.096714+00:00,2026_CFB_W04_OU_UGA,4,2026-09-13T00:46:03.096714+00:00,draftkings,FULL,0.0,0.0,0.0,0.0,0.89,0.89,-10.0,52.5,-395.0,310.0,vsin_dk
2026_CFB_W04_ORE_USC_FULL_draftkings_2026-09-13T00:46:03.096714+00:00,2026_CFB_W04_ORE_USC,4,2026-09-13T00:46:03.096714+00:00,draftkings,FULL,0.2,0.0,,,0.0,0.0,5.5,,195.0,-238.0,vsin_dk
2026_CFB_W04_OU_UGA_FULL_draftkings_2026-09-13T00:48:24.262998+00:00,2026_CFB_W04_OU_UGA,4,2026-09-13T00:48:24.262998+00:00,draftkings,FULL,0.0,0.0,0.0,0.0,0.89,0.89,-10.0,52.5,-395.0,310.0,vsin_dk
2026_CFB_W04_ORE_USC_FULL_draftkings_2026-09-13T00:48:24.262998+00:00,2026_CFB_W04_ORE_USC,4,2026-09-13T00:48:24.262998+00:00,draftkings,FULL,0.2,0.0,,,0.0,0.0,5.5,,195.0,-238.0,vsin_dk
2026_CFB_W04_OU_UGA_FULL_draftkings_2026-09-13T01:01:54.932724+00:00,2026_CFB_W04_OU_UGA,4,2026-09-13T01:01:54.932724+00:00,draftkings,FULL,0.0,0.0,0.0,0.0,0.89,0.89,-10.0,52.5,-395.0,310.0,vsin_dk
2026_CFB_W04_ORE_USC_FULL_draftkings_2026-09-13T01:01:54.932724+00:00,2026_CFB_W04_ORE_USC,4,2026-09-13T01:01:54.932724+00:00,draftkings,FULL,0.2,0.0,,,0.0,0.0,5.5,,195.0,-238.0,vsin_dk
2026_CFB_W04_OU_UGA_FULL_draftkings_2026-09-13T01:14:33.388275+00:00,2026_CFB_W04_OU_UGA,4,2026-09-13T01:14:33.388275+00:00,draftkings,FULL,0.0,0.0,0.0,0.0,0.89,0.89,-10.0,52.5,-395.0,310.0,vsin_dk
2026_CFB_W04_ORE_USC_FULL_draftkings_2026-09-13T01:14:33.388275+00:00,2026_CFB_W04_ORE_USC,4,2026-09-13T01:14:33.388275+00:00,draftkings,FULL,0.2,0.0,,,0.0,0.0,5.5,,195.0,-238.0,vsin_dk
2026_CFB_W04_OU_UGA_FULL_draftkings_2026-09-13T01:16:01.559647+00:00,2026_CFB_W04_OU_UGA,4,2026-09-13T01:16:01.559647+00:00,draftkings,FULL,0.0,0.0,0.0,0.0,0.89,0.89,-10.0,52.5,-395.0,310.0,vsin_dk
2026_CFB_W04_ORE_USC_FULL_draftkings_2026-09-13T01:16:01.559647+00:00,2026_CFB_W04_ORE_USC,4,2026-09-13T01:16:01.559647+00:00,draftkings,FULL,0.2,0.0,,,0.0,0.0,5.5,,195.0,-238.0,vsin_dk
2026_CFB_W04_OU_UGA_FULL_draftkings_2026-09-13T01:18:07.701902+00:00,2026_CFB_W04_OU_UGA,4,2026-09-13T01:18:07.701902+00:00,draftkings,FULL,0.0,0.0,0.0,0.0,0.89,0.89,-10.0,52.5,-395.0,310.0,vsin_dk
2026_CFB_W04_ORE_USC_FULL_draftkings_2026-09-13T01:18:07.701902+00:00,2026_CFB_W04_ORE_USC,4,2026-09-13T01:18:07.701902+00:00,draftkings,FULL,0.2,0.0,,,0.0,0.0,5.5,,195.0,-238.0,vsin_dk
2026_CFB_W04_OU_UGA_FULL_draftkings_2026-09-13T01:31:56.438396+00:00,2026_CFB_W04_OU_UGA,4,2026-09-13T01:31:56.438396+00:00,draftkings,FULL,0.0,0.0,0.0,0.0,0.89,0.89,-10.0,52.5,-395.0,310.0,vsin_dk
2026_CFB_W04_ORE_USC_FULL_draftkings_2026-09-13T01:31:56.438396+00:00,2026_CFB_W04_ORE_USC,4,2026-09-13T01:31:56.438396+00:00,draftkings,FULL,0.2,0.0,,,0.0,0.0,5.5,,195.0,-238.0,vsin_dk
2026_CFB_W04_OU_UGA_FULL_draftkings_2026-09-13T01:47:00.049764+00:00,2026_CFB_W04_OU_UGA,4,2026-09-13T01:47:00.049764+00:00,draftkings,FULL,0.0,0.0,0.0,0.0,0.89,0.89,-10.0,52.5,-395.0,310.0,vsin_dk
2026_CFB_W04_ORE_USC_FULL_draftkings_2026-09-13T01:47:00.049764+00:00,2026_CFB_W04_ORE_USC,4,2026-09-13T01:47:00.049764+00:00,draftkings,FULL,0.2,0.0,,,0.0,0.0,5.5,,195.0,-238.0,vsin_dk
2026_CFB_W04_OU_UGA_FULL_draftkings_2026-09-13T01:55:18.170163+00:00,2026_CFB_W04_OU_UGA,4,2026-09-13T01:55:18.170163+00:00,draftkings,FULL,0.0,0.0,0.0,0.0,0.89,0.89,-10.0,52.5,-395.0,310.0,vsin_dk
2026_CFB_W04_ORE_USC_FULL_draftkings_2026-09-13T01:55:18.170163+00:00,2026_CFB_W04_ORE_USC,4,2026-09-13T01:55:18.170163+00:00,draftkings,FULL,0.2,0.0,,,0.0,0.0,5.5,,195.0,-238.0,vsin_dk
2026_CFB_W04_OU_UGA_FULL_draftkings_2026-09-13T02:01:00.265069+00:00,2026_CFB_W04_OU_UGA,4,2026-09-13T02:01:00.265069+00:00,draftkings,FULL,0.0,0.0,0.0,0.0,0.89,0.89,-10.0,52.5,-395.0,310.0,vsin_dk
2026_CFB_W04_ORE_USC_FULL_draftkings_2026-09-13T02:01:00.265069+00:00,2026_CFB_W04_ORE_USC,4,2026-09-13T02:01:00.265069+00:00,draftkings,FULL,0.2,0.0,,,0.0,0.0,5.5,,195.0,-238.0,vsin_dk
2026_CFB_W04_OU_UGA_FULL_draftkings_2026-09-13T02:17:28.861904+00:00,2026_CFB_W04_OU_UGA,4,2026-09-13T02:17:28.861904+00:00,draftkings,FULL,0.0,0.0,0.0,0.0,0.89,0.89,-10.0,52.5,-395.0,310.0,vsin_dk
2026_CFB_W04_ORE_USC_FULL_draftkings_2026-09-13T02:17:28.861904+00:00,2026_CFB_W04_ORE_USC,4,2026-09-13T02:17:28.861904+00:00,draftkings,FULL,0.2,0.0,,,0.0,0.0,5.5,,195.0,-238.0,vsin_dk
2026_CFB_W04_OU_UGA_FULL_draftkings_2026-09-13T02:19:58.029032+00:00,2026_CFB_W04_OU_UGA,4,2026-09-13T02:19:58.029032+00:00,draftkings,FULL,0.0,0.0,0.0,0.0,0.89,0.89,-10.0,52.5,-395.0,310.0,vsin_dk
2026_CFB_W04_ORE_USC_FULL_draftkings_2026-09-13T02:19:58.029032+00:00,2026_CFB_W04_ORE_USC,4,2026-09-13T02:19:58.029032+00:00,draftkings,FULL,0.2,0.0,,,0.0,0.0,5.5,,195.0,-238.0,vsin_dk
2026_CFB_W04_OU_UGA_FULL_draftkings_2026-09-13T02:31:02.240688+00:00,2026_CFB_W04_OU_UGA,4,2026-09-13T02:31:02.240688+00:00,draftkings,FULL,0.0,0.0,0.0,0.0,0.89,0.89,-10.0,52.5,-395.0,310.0,vsin_dk
2026_CFB_W04_ORE_USC_FULL_draftkings_2026-09-13T02:31:02.240688+00:00,2026_CFB_W04_ORE_USC,4,2026-09-13T02:31:02.240688+00:00,draftkings,FULL,0.2,0.0,,,0.0,0.0,5.5,,195.0,-238.0,vsin_dk
2026_CFB_W04_OU_UGA_FULL_draftkings_2026-09-13T02:43:07.982912+00:00,2026_CFB_W04_OU_UGA,4,2026-09-13T02:43:07.982912+00:00,draftkings,FULL,0.0,0.0,0.0,0.0,0.89,0.89,-10.0,52.5,-395.0,310.0,vsin_dk
2026_CFB_W04_ORE_USC_FULL_draftkings_2026-09-13T02:43:07.982912+00:00,2026_CFB_W04_ORE_USC,4,2026-09-13T02:43:07.982912+00:00,draftkings,FULL,0.2,0.0,,,0.0,0.0,5.5,,195.0,-238.0,vsin_dk
2026_CFB_W04_OU_UGA_FULL_draftkings_2026-09-13T02:46:02.607055+00:00,2026_CFB_W04_OU_UGA,4,2026-09-13T02:46:02.607055+00:00,draftkings,FULL,0.0,0.0,0.0,0.0,0.89,0.89,-10.0,52.5,-395.0,310.0,vsin_dk
2026_CFB_W04_ORE_USC_FULL_draftkings_2026-09-13T02:46:02.607055+00:00,2026_CFB_W04_ORE_USC,4,2026-09-13T02:46:02.607055+00:00,draftkings,FULL,0.2,0.0,,,0.0,0.0,5.5,,195.0,-238.0,vsin_dk
2026_CFB_W04_OU_UGA_FULL_draftkings_2026-09-13T02:56:14.786859+00:00,2026_CFB_W04_OU_UGA,4,2026-09-13T02:56:14.786859+00:00,draftkings,FULL,0.0,0.0,0.0,0.0,0.89,0.89,-10.0,52.5,-395.0,310.0,vsin_dk
2026_CFB_W04_ORE_USC_FULL_draftkings_2026-09-13T02:56:14.786859+00:00,2026_CFB_W04_ORE_USC,4,2026-09-13T02:56:14.786859+00:00,draftkings,FULL,0.2,0.0,,,0.0,0.0,5.5,,195.0,-238.0,vsin_dk
2026_CFB_W04_OU_UGA_FULL_draftkings_2026-09-13T03:01:00.381638+00:00,2026_CFB_W04_OU_UGA,4,2026-09-13T03:01:00.381638+00:00,draftkings,FULL,0.0,0.0,0.0,0.0,0.89,0.89,-10.0,52.5,-395.0,310.0,vsin_dk
2026_CFB_W04_ORE_USC_FULL_draftkings_2026-09-13T03:01:00.381638+00:00,2026_CFB_W04_ORE_USC,4,2026-09-13T03:01:00.381638+00:00,draftkings,FULL,0.2,0.0,,,0.0,0.0,5.5,,195.0,-238.0,vsin_dk
2026_CFB_W04_OU_UGA_FULL_draftkings_2026-09-13T03:16:18.739807+00:00,2026_CFB_W04_OU_UGA,4,2026-09-13T03:16:18.739807+00:00,draftkings,FULL,0.0,0.0,0.0,0.0,0.89,0.89,-10.0,52.5,-395.0,310.0,vsin_dk
2026_CFB_W04_ORE_USC_FULL_draftkings_2026-09-13T03:16:18.739807+00:00,2026_CFB_W04_ORE_USC,4,2026-09-13T03:16:18.739807+00:00,draftkings,FULL,0.2,0.0,,,0.0,0.0,5.5,,195.0,-238.0,vsin_dk
2026_CFB_W04_OU_UGA_FULL_draftkings_2026-09-13T03:17:29.197339+00:00,2026_CFB_W04_OU_UGA,4,2026-09-13T03:17:29.197339+00:00,draftkings,FULL,0.0,0.0,0.0,0.0,0.89,0.89,-10.0,52.5,-395.0,310.0,vsin_dk
2026_CFB_W04_ORE_USC_FULL_draftkings_2026-09-13T03:17:29.197339+00:00,2026_CFB_W04_ORE_USC,4,2026-09-13T03:17:29.197339+00:00,draftkings,FULL,0.2,0.0,,,0.0,0.0,5.5,,195.0,-238.0,vsin_dk
2026_CFB_W04_OU_UGA_FULL_draftkings_2026-09-13T03:20:11.635597+00:00,2026_CFB_W04_OU_UGA,4,2026-09-13T03:20:11.635597+00:00,draftkings,FULL,0.0,0.0,0.0,0.0,0.89,0.89,-10.0,52.5,-395.0,310.0,vsin_dk
2026_CFB_W04_ORE_USC_FULL_draftkings_2026-09-13T03:20:11.635597+00:00,2026_CFB_W04_ORE_USC,4,2026-09-13T03:20:11.635597+00:00,draftkings,FULL,0.2,0.0,,,0.0,0.0,5.5,,195.0,-238.0,vsin_dk
2026_CFB_W04_OU_UGA_FULL_draftkings_2026-09-13T03:31:01.719767+00:00,2026_CFB_W04_OU_UGA,4,2026-09-13T03:31:01.719767+00:00,draftkings,FULL,0.0,0.0,0.0,0.0,0.89,0.89,-10.0,52.5,-395.0,310.0,vsin_dk
2026_CFB_W04_ORE_USC_FULL_draftkings_2026-09-13T03:31:01.719767+00:00,2026_CFB_W04_ORE_USC,4,2026-09-13T03:31:01.719767+00:00,draftkings,FULL,0.2,0.0,,,0.0,0.0,5.5,,195.0,-238.0,vsin_dk
2026_CFB_W04_OU_UGA_FULL_draftkings_2026-09-13T03:43:27.995872+00:00,2026_CFB_W04_OU_UGA,4,2026-09-13T03:43:27.995872+00:00,draftkings,FULL,0.0,0.0,0.0,0.0,0.89,0.89,-10.0,52.5,-395.0,310.0,vsin_dk
2026_CFB_W04_ORE_USC_FULL_draftkings_2026-09-13T03:43:27.995872+00:00,2026_CFB_W04_ORE_USC,4,2026-09-13T03:43:27.995872+00:00,draftkings,FULL,0.2,0.0,,,0.0,0.0,5.5,,195.0,-238.0,vsin_dk
2026_CFB_W04_OU_UGA_FULL_draftkings_2026-09-13T03:46:02.055146+00:00,2026_CFB_W04_OU_UGA,4,2026-09-13T03:46:02.055146+00:00,draftkings,FULL,0.0,0.0,0.0,0.0,0.89,0.89,-10.0,52.5,-395.0,310.0,vsin_dk
2026_CFB_W04_ORE_USC_FULL_draftkings_2026-09-13T03:46:02.055146+00:00,2026_CFB_W04_ORE_USC,4,2026-09-13T03:46:02.055146+00:00,draftkings,FULL,0.2,0.0,,,0.0,0.0,5.5,,195.0,-238.0,vsin_dk
2026_CFB_W04_OU_UGA_FULL_draftkings_2026-09-13T03:56:29.302165+00:00,2026_CFB_W04_OU_UGA,4,2026-09-13T03:56:29.302165+00:00,draftkings,FULL,0.0,0.0,0.0,0.0,0.89,0.89,-10.0,52.5,-395.0,310.0,vsin_dk
2026_CFB_W04_ORE_USC_FULL_draftkings_2026-09-13T03:56:29.302165+00:00,2026_CFB_W04_ORE_USC,4,2026-09-13T03:56:29.302165+00:00,draftkings,FULL,0.2,0.0,,,0.0,0.0,5.5,,195.0,-238.0,vsin_dk
2026_CFB_W04_OU_UGA_FULL_draftkings_2026-09-13T04:01:01.948482+00:00,2026_CFB_W04_OU_UGA,4,2026-09-13T04:01:01.948482+00:00,draftkings,FULL,0.0,0.0,0.0,0.0,0.89,0.89,-10.0,52.5,-395.0,310.0,vsin_dk
2026_CFB_W04_ORE_USC_FULL_draftkings_2026-09-13T04:01:01.948482+00:00,2026_CFB_W04_ORE_USC,4,2026-09-13T04:01:01.948482+00:00,draftkings,FULL,0.2,0.0,,,0.0,0.0,5.5,,195.0,-238.0,vsin_dk
2026_CFB_W04_OU_UGA_FULL_draftkings_2026-09-13T04:16:05.324738+00:00,2026_CFB_W04_OU_UGA,4,2026-09-13T04:16:05.324738+00:00,draftkings,FULL,0.0,0.0,0.0,0.0,0.89,0.89,-10.0,52.5,-395.0,310.0,vsin_dk
2026_CFB_W04_ORE_USC_FULL_draftkings_2026-09-13T04:16:05.324738+00:00,2026_CFB_W04_ORE_USC,4,2026-09-13T04:16:05.324738+00:00,draftkings,FULL,0.2,0.0,,,0.0,0.0,5.5,,195.0,-238.0,vsin_dk
2026_CFB_W04_OU_UGA_FULL_draftkings_2026-09-13T04:17:52.999722+00:00,2026_CFB_W04_OU_UGA,4,2026-09-13T04:17:52.999722+00:00,draftkings,FULL,0.0,0.0,0.0,0.0,0.89,0.89,-10.0,52.5,-395.0,310.0,vsin_dk
2026_CFB_W04_ORE_USC_FULL_draftkings_2026-09-13T04:17:52.999722+00:00,2026_CFB_W04_ORE_USC,4,2026-09-13T04:17:52.999722+00:00,draftkings,FULL,0.2,0.0,,,0.0,0.0,5.5,,195.0,-238.0,vsin_dk
2026_CFB_W04_OU_UGA_FULL_draftkings_2026-09-13T04:20:10.458035+00:00,2026_CFB_W04_OU_UGA,4,2026-09-13T04:20:10.458035+00:00,draftkings,FULL,0.0,0.0,0.0,0.0,0.89,0.89,-10.0,52.5,-395.0,310.0,vsin_dk
2026_CFB_W04_ORE_USC_FULL_draftkings_2026-09-13T04:20:10.458035+00:00,2026_CFB_W04_ORE_USC,4,2026-09-13T04:20:10.458035+00:00,draftkings,FULL,0.2,0.0,,,0.0,0.0,5.5,,195.0,-238.0,vsin_dk
2026_CFB_W04_OU_UGA_FULL_draftkings_2026-09-13T04:31:03.734697+00:00,2026_CFB_W04_OU_UGA,4,2026-09-13T04:31:03.734697+00:00,draftkings,FULL,0.0,0.0,0.0,0.0,0.89,0.89,-10.0,52.5,-395.0,310.0,vsin_dk
2026_CFB_W04_ORE_USC_FULL_draftkings_2026-09-13T04:31:03.734697+00:00,2026_CFB_W04_ORE_USC,4,2026-09-13T04:31:03.734697+00:00,draftkings,FULL,0.2,0.0,,,0.0,0.0,5.5,,195.0,-238.0,vsin_dk
2026_CFB_W04_OU_UGA_FULL_draftkings_2026-09-13T04:43:14.695387+00:00,2026_CFB_W04_OU_UGA,4,2026-09-13T04:43:14.695387+00:00,draftkings,FULL,0.0,0.0,0.0,0.0,0.89,0.89,-10.0,52.5,-395.0,310.0,vsin_dk
2026_CFB_W04_ORE_USC_FULL_draftkings_2026-09-13T04:43:14.695387+00:00,2026_CFB_W04_ORE_USC,4,2026-09-13T04:43:14.695387+00:00,draftkings,FULL,0.2,0.0,,,0.0,0.0,5.5,,195.0,-238.0,vsin_dk
2026_CFB_W04_OU_UGA_FULL_draftkings_2026-09-13T04:46:09.445289+00:00,2026_CFB_W04_OU_UGA,4,2026-09-13T04:46:09.445289+00:00,draftkings,FULL,0.0,0.0,0.0,0.0,0.89,0.89,-10.0,52.5,-395.0,310.0,vsin_dk
2026_CFB_W04_ORE_USC_FULL_draftkings_2026-09-13T04:46:09.445289+00:00,2026_CFB_W04_ORE_USC,4,2026-09-13T04:46:09.445289+00:00,draftkings,FULL,0.2,0.0,,,0.0,0.0,5.5,,195.0,-238.0,vsin_dk
2026_CFB_W04_OU_UGA_FULL_draftkings_2026-09-13T04:56:00.856703+00:00,2026_CFB_W04_OU_UGA,4,2026-09-13T04:56:00.856703+00:00,draftkings,FULL,0.0,0.0,0.0,0.0,0.89,0.89,-10.0,52.5,-395.0,310.0,vsin_dk
2026_CFB_W04_ORE_USC_FULL_draftkings_2026-09-13T04:56:00.856703+00:00,2026_CFB_W04_ORE_USC,4,2026-09-13T04:56:00.856703+00:00,draftkings,FULL,0.2,0.0,,,0.0,0.0,5.5,,195.0,-238.0,vsin_dk
2026_CFB_W04_OU_UGA_FULL_draftkings_2026-09-13T05:18:26.143232+00:00,2026_CFB_W04_OU_UGA,4,2026-09-13T05:18:26.143232+00:00,draftkings,FULL,0.0,0.0,0.0,0.0,0.89,0.89,-10.0,52.5,-395.0,310.0,vsin_dk
2026_CFB_W04_ORE_USC_FULL_draftkings_2026-09-13T05:18:26.143232+00:00,2026_CFB_W04_ORE_USC,4,2026-09-13T05:18:26.143232+00:00,draftkings,FULL,0.2,0.0,,,0.0,0.0,5.5,,195.0,-238.0,vsin_dk
2026_CFB_W04_OU_UGA_FULL_draftkings_2026-09-13T06:28:51.702845+00:00,2026_CFB_W04_OU_UGA,4,2026-09-13T06:28:51.702845+00:00,draftkings,FULL,0.0,0.0,0.0,0.0,0.89,0.89,-10.0,52.5,-395.0,310.0,vsin_dk
2026_CFB_W04_ORE_USC_FULL_draftkings_2026-09-13T06:28:51.702845+00:00,2026_CFB_W04_ORE_USC,4,2026-09-13T06:28:51.702845+00:00,draftkings,FULL,0.2,0.0,,,0.0,0.0,5.5,,195.0,-238.0,vsin_dk
2026_CFB_W04_OU_UGA_FULL_draftkings_2026-09-13T07:19:16.003764+00:00,2026_CFB_W04_OU_UGA,4,2026-09-13T07:19:16.003764+00:00,draftkings,FULL,0.0,0.0,0.0,0.0,0.89,0.89,-10.0,52.5,-395.0,310.0,vsin_dk
2026_CFB_W04_ORE_USC_FULL_draftkings_2026-09-13T07:19:16.003764+00:00,2026_CFB_W04_ORE_USC,4,2026-09-13T07:19:16.003764+00:00,draftkings,FULL,0.2,0.0,,,0.0,0.0,5.5,,195.0,-238.0,vsin_dk
2026_CFB_W04_OU_UGA_FULL_draftkings_2026-09-13T08:20:58.028624+00:00,2026_CFB_W04_OU_UGA,4,2026-09-13T08:20:58.028624+00:00,draftkings,FULL,0.0,0.0,0.0,0.0,0.89,0.89,-10.0,52.5,-395.0,310.0,vsin_dk
2026_CFB_W04_ORE_USC_FULL_draftkings_2026-09-13T08:20:58.028624+00:00,2026_CFB_W04_ORE_USC,4,2026-09-13T08:20:58.028624+00:00,draftkings,FULL,0.2,0.0,,,0.0,0.0,5.5,,195.0,-238.0,vsin_dk
2026_CFB_W04_OU_UGA_FULL_draftkings_2026-09-13T09:44:51.518475+00:00,2026_CFB_W04_OU_UGA,4,2026-09-13T09:44:51.518475+00:00,draftkings,FULL,0.0,0.0,0.0,0.0,0.89,0.89,-10.0,52.5,-395.0,310.0,vsin_dk
2026_CFB_W04_ORE_USC_FULL_draftkings_2026-09-13T09:44:51.518475+00:00,2026_CFB_W04_ORE_USC,4,2026-09-13T09:44:51.518475+00:00,draftkings,FULL,0.2,0.0,,,0.0,0.0,5.5,,195.0,-238.0,vsin_dk
2026_CFB_W04_OU_UGA_FULL_draftkings_2026-09-13T10:23:08.701202+00:00,2026_CFB_W04_OU_UGA,4,2026-09-13T10:23:08.701202+00:00,draftkings,FULL,0.0,0.0,0.0,0.0,0.89,0.89,-10.0,52.5,-395.0,310.0,vsin_dk
2026_CFB_W04_ORE_USC_FULL_draftkings_2026-09-13T10:23:08.701202+00:00,2026_CFB_W04_ORE_USC,4,2026-09-13T10:23:08.701202+00:00,draftkings,FULL,0.2,0.0,,,0.0,0.0,5.5,,195.0,-238.0,vsin_dk
2026_CFB_W04_OU_UGA_FULL_draftkings_2026-09-13T11:18:47.523415+00:00,2026_CFB_W04_OU_UGA,4,2026-09-13T11:18:47.523415+00:00,draftkings,FULL,0.0,0.0,0.0,0.0,0.89,0.89,-10.0,52.5,-395.0,310.0,vsin_dk
2026_CFB_W04_ORE_USC_FULL_draftkings_2026-09-13T11:18:47.523415+00:00,2026_CFB_W04_ORE_USC,4,2026-09-13T11:18:47.523415+00:00,draftkings,FULL,0.2,0.0,,,0.0,0.0,5.5,,195.0,-238.0,vsin_dk
2026_CFB_W04_OU_UGA_FULL_draftkings_2026-09-13T12:01:04.045982+00:00,2026_CFB_W04_OU_UGA,4,2026-09-13T12:01:04.045982+00:00,draftkings,FULL,0.0,0.0,0.0,0.0,0.89,0.89,-10.0,52.5,-395.0,310.0,vsin_dk
2026_CFB_W04_ORE_USC_FULL_draftkings_2026-09-13T12:01:04.045982+00:00,2026_CFB_W04_ORE_USC,4,2026-09-13T12:01:04.045982+00:00,draftkings,FULL,0.2,0.0,,,0.0,0.0,5.5,,195.0,-238.0,vsin_dk
2026_CFB_W04_OU_UGA_FULL_draftkings_2026-09-13T12:25:41.459775+00:00,2026_CFB_W04_OU_UGA,4,2026-09-13T12:25:41.459775+00:00,draftkings,FULL,0.0,0.0,0.0,0.0,0.89,0.89,-10.0,52.5,-395.0,310.0,vsin_dk
2026_CFB_W04_ORE_USC_FULL_draftkings_2026-09-13T12:25:41.459775+00:00,2026_CFB_W04_ORE_USC,4,2026-09-13T12:25:41.459775+00:00,draftkings,FULL,0.2,0.0,,,0.0,0.0,5.5,,195.0,-238.0,vsin_dk
2026_CFB_W04_OU_UGA_FULL_draftkings_2026-09-13T13:01:01.999423+00:00,2026_CFB_W04_OU_UGA,4,2026-09-13T13:01:01.999423+00:00,draftkings,FULL,0.0,0.0,0.0,0.0,0.89,0.89,-10.0,52.5,-395.0,310.0,vsin_dk
2026_CFB_W04_ORE_USC_FULL_draftkings_2026-09-13T13:01:01.999423+00:00,2026_CFB_W04_ORE_USC,4,2026-09-13T13:01:01.999423+00:00,draftkings,FULL,0.2,0.0,,,0.0,0.0,5.5,,195.0,-238.0,vsin_dk
2026_CFB_W04_TEX_TENN_FULL_draftkings_2026-09-13T13:01:01.999423+00:00,2026_CFB_W04_TEX_TENN,4,2026-09-13T13:01:01.999423+00:00,draftkings,FULL,0.0,0.0,0.0,0.0,0.12,0.15,6.5,56.5,220.0,-270.0,vsin_dk
2026_CFB_W04_OU_UGA_FULL_draftkings_2026-09-13T13:03:03.516104+00:00,2026_CFB_W04_OU_UGA,4,2026-09-13T13:03:03.516104+00:00,draftkings,FULL,0.0,0.0,0.0,0.0,0.89,0.89,-10.0,52.5,-395.0,310.0,vsin_dk
2026_CFB_W04_ORE_USC_FULL_draftkings_2026-09-13T13:03:03.516104+00:00,2026_CFB_W04_ORE_USC,4,2026-09-13T13:03:03.516104+00:00,draftkings,FULL,0.2,0.0,,,0.0,0.0,5.5,,195.0,-238.0,vsin_dk
2026_CFB_W04_TEX_TENN_FULL_draftkings_2026-09-13T13:03:03.516104+00:00,2026_CFB_W04_TEX_TENN,4,2026-09-13T13:03:03.516104+00:00,draftkings,FULL,0.0,0.0,0.0,0.0,0.12,0.15,6.5,56.5,220.0,-270.0,vsin_dk
2026_CFB_W04_OU_UGA_FULL_draftkings_2026-09-13T13:16:02.855059+00:00,2026_CFB_W04_OU_UGA,4,2026-09-13T13:16:02.855059+00:00,draftkings,FULL,0.0,0.0,0.0,0.0,0.89,0.89,-10.0,52.5,-395.0,310.0,vsin_dk
2026_CFB_W04_ORE_USC_FULL_draftkings_2026-09-13T13:16:02.855059+00:00,2026_CFB_W04_ORE_USC,4,2026-09-13T13:16:02.855059+00:00,draftkings,FULL,0.2,0.0,,,0.0,0.0,5.5,,195.0,-238.0,vsin_dk
2026_CFB_W04_TEX_TENN_FULL_draftkings_2026-09-13T13:16:02.855059+00:00,2026_CFB_W04_TEX_TENN,4,2026-09-13T13:16:02.855059+00:00,draftkings,FULL,0.0,0.0,0.0,0.0,0.12,0.15,6.5,56.5,220.0,-270.0,vsin_dk
2026_CFB_W04_OU_UGA_FULL_draftkings_2026-09-13T13:19:03.224950+00:00,2026_CFB_W04_OU_UGA,4,2026-09-13T13:19:03.224950+00:00,draftkings,FULL,0.0,0.0,0.0,0.0,0.89,0.89,-10.0,52.5,-395.0,310.0,vsin_dk
2026_CFB_W04_ORE_USC_FULL_draftkings_2026-09-13T13:19:03.224950+00:00,2026_CFB_W04_ORE_USC,4,2026-09-13T13:19:03.224950+00:00,draftkings,FULL,0.2,0.0,,,0.0,0.0,5.5,,195.0,-238.0,vsin_dk
2026_CFB_W04_TEX_TENN_FULL_draftkings_2026-09-13T13:19:03.224950+00:00,2026_CFB_W04_TEX_TENN,4,2026-09-13T13:19:03.224950+00:00,draftkings,FULL,0.0,0.0,0.0,0.0,0.12,0.15,6.5,56.5,220.0,-270.0,vsin_dk
2026_CFB_W04_OU_UGA_FULL_draftkings_2026-09-13T13:21:57.901584+00:00,2026_CFB_W04_OU_UGA,4,2026-09-13T13:21:57.901584+00:00,draftkings,FULL,0.0,0.0,0.0,0.0,0.89,0.89,-10.0,52.5,-395.0,310.0,vsin_dk
2026_CFB_W04_ORE_USC_FULL_draftkings_2026-09-13T13:21:57.901584+00:00,2026_CFB_W04_ORE_USC,4,2026-09-13T13:21:57.901584+00:00,draftkings,FULL,0.2,0.0,,,0.0,0.0,5.5,,195.0,-238.0,vsin_dk
2026_CFB_W04_TEX_TENN_FULL_draftkings_2026-09-13T13:21:57.901584+00:00,2026_CFB_W04_TEX_TENN,4,2026-09-13T13:21:57.901584+00:00,draftkings,FULL,0.0,0.0,0.0,0.0,0.12,0.15,6.5,56.5,220.0,-270.0,vsin_dk
2026_CFB_W04_OU_UGA_FULL_draftkings_2026-09-13T13:31:08.657281+00:00,2026_CFB_W04_OU_UGA,4,2026-09-13T13:31:08.657281+00:00,draftkings,FULL,0.0,0.0,0.0,0.0,0.89,0.89,-10.0,52.5,-395.0,310.0,vsin_dk
2026_CFB_W04_ORE_USC_FULL_draftkings_2026-09-13T13:31:08.657281+00:00,2026_CFB_W04_ORE_USC,4,2026-09-13T13:31:08.657281+00:00,draftkings,FULL,0.2,0.0,,,0.0,0.0,5.5,,195.0,-238.0,vsin_dk
2026_CFB_W04_TEX_TENN_FULL_draftkings_2026-09-13T13:31:08.657281+00:00,2026_CFB_W04_TEX_TENN,4,2026-09-13T13:31:08.657281+00:00,draftkings,FULL,0.0,0.0,0.0,0.0,0.12,0.15,6.5,56.5,220.0,-270.0,vsin_dk
2026_CFB_W04_OU_UGA_FULL_draftkings_2026-09-13T13:33:59.209563+00:00,2026_CFB_W04_OU_UGA,4,2026-09-13T13:33:59.209563+00:00,draftkings,FULL,0.0,0.0,0.0,0.0,0.89,0.89,-10.0,52.5,-395.0,310.0,vsin_dk
2026_CFB_W04_ORE_USC_FULL_draftkings_2026-09-13T13:33:59.209563+00:00,2026_CFB_W04_ORE_USC,4,2026-09-13T13:33:59.209563+00:00,draftkings,FULL,0.2,0.0,,,0.0,0.0,5.5,,195.0,-238.0,vsin_dk
2026_CFB_W04_TEX_TENN_FULL_draftkings_2026-09-13T13:33:59.209563+00:00,2026_CFB_W04_TEX_TENN,4,2026-09-13T13:33:59.209563+00:00,draftkings,FULL,0.0,0.0,0.0,0.0,0.12,0.15,6.5,56.5,220.0,-270.0,vsin_dk
2026_CFB_W04_OU_UGA_FULL_draftkings_2026-09-13T13:46:02.986102+00:00,2026_CFB_W04_OU_UGA,4,2026-09-13T13:46:02.986102+00:00,draftkings,FULL,0.0,0.0,0.0,0.0,0.89,0.89,-10.0,52.5,-395.0,310.0,vsin_dk
2026_CFB_W04_ORE_USC_FULL_draftkings_2026-09-13T13:46:02.986102+00:00,2026_CFB_W04_ORE_USC,4,2026-09-13T13:46:02.986102+00:00,draftkings,FULL,0.2,0.0,,,0.0,0.0,5.5,,195.0,-238.0,vsin_dk
2026_CFB_W04_TEX_TENN_FULL_draftkings_2026-09-13T13:46:02.986102+00:00,2026_CFB_W04_TEX_TENN,4,2026-09-13T13:46:02.986102+00:00,draftkings,FULL,0.0,0.0,0.0,0.0,0.12,0.15,6.5,56.5,220.0,-270.0,vsin_dk
2026_CFB_W04_OU_UGA_FULL_draftkings_2026-09-13T13:47:48.027055+00:00,2026_CFB_W04_OU_UGA,4,2026-09-13T13:47:48.027055+00:00,draftkings,FULL,0.0,0.0,0.0,0.0,0.89,0.89,-10.0,52.5,-395.0,310.0,vsin_dk
2026_CFB_W04_ORE_USC_FULL_draftkings_2026-09-13T13:47:48.027055+00:00,2026_CFB_W04_ORE_USC,4,2026-09-13T13:47:48.027055+00:00,draftkings,FULL,0.2,0.0,,,0.0,0.0,5.5,,195.0,-238.0,vsin_dk
2026_CFB_W04_TEX_TENN_FULL_draftkings_2026-09-13T13:47:48.027055+00:00,2026_CFB_W04_TEX_TENN,4,2026-09-13T13:47:48.027055+00:00,draftkings,FULL,0.0,0.0,0.0,0.0,0.12,0.15,6.5,56.5,220.0,-270.0,vsin_dk
2026_CFB_W04_OU_UGA_FULL_draftkings_2026-09-13T14:01:00.963930+00:00,2026_CFB_W04_OU_UGA,4,2026-09-13T14:01:00.963930+00:00,draftkings,FULL,0.0,0.0,0.0,0.0,0.89,0.89,-10.0,52.5,-395.0,310.0,vsin_dk
2026_CFB_W04_ORE_USC_FULL_draftkings_2026-09-13T14:01:00.963930+00:00,2026_CFB_W04_ORE_USC,4,2026-09-13T14:01:00.963930+00:00,draftkings,FULL,0.2,0.0,,,0.0,0.0,5.5,,195.0,-238.0,vsin_dk
2026_CFB_W04_TEX_TENN_FULL_draftkings_2026-09-13T14:01:00.963930+00:00,2026_CFB_W04_TEX_TENN,4,2026-09-13T14:01:00.963930+00:00,draftkings,FULL,0.0,0.0,0.0,0.0,0.12,0.15,6.5,56.5,220.0,-270.0,vsin_dk
2026_CFB_W04_OU_UGA_FULL_draftkings_2026-09-13T14:03:43.294530+00:00,2026_CFB_W04_OU_UGA,4,2026-09-13T14:03:43.294530+00:00,draftkings,FULL,0.0,0.0,0.0,0.0,0.89,0.89,-10.0,52.5,-395.0,310.0,vsin_dk
2026_CFB_W04_ORE_USC_FULL_draftkings_2026-09-13T14:03:43.294530+00:00,2026_CFB_W04_ORE_USC,4,2026-09-13T14:03:43.294530+00:00,draftkings,FULL,0.2,0.0,,,0.0,0.0,5.5,,195.0,-238.0,vsin_dk
2026_CFB_W04_TEX_TENN_FULL_draftkings_2026-09-13T14:03:43.294530+00:00,2026_CFB_W04_TEX_TENN,4,2026-09-13T14:03:43.294530+00:00,draftkings,FULL,0.0,0.0,0.0,0.0,0.12,0.15,6.5,56.5,220.0,-270.0,vsin_dk
2026_CFB_W04_OU_UGA_FULL_draftkings_2026-09-13T14:16:03.472824+00:00,2026_CFB_W04_OU_UGA,4,2026-09-13T14:16:03.472824+00:00,draftkings,FULL,0.0,0.0,0.0,0.0,0.89,0.89,-10.0,52.5,-395.0,310.0,vsin_dk
2026_CFB_W04_ORE_USC_FULL_draftkings_2026-09-13T14:16:03.472824+00:00,2026_CFB_W04_ORE_USC,4,2026-09-13T14:16:03.472824+00:00,draftkings,FULL,0.2,0.0,,,0.0,0.0,5.5,,195.0,-238.0,vsin_dk
2026_CFB_W04_TEX_TENN_FULL_draftkings_2026-09-13T14:16:03.472824+00:00,2026_CFB_W04_TEX_TENN,4,2026-09-13T14:16:03.472824+00:00,draftkings,FULL,0.0,0.0,0.0,0.0,0.12,0.15,6.5,56.5,220.0,-270.0,vsin_dk
2026_CFB_W04_OU_UGA_FULL_draftkings_2026-09-13T14:19:29.955265+00:00,2026_CFB_W04_OU_UGA,4,2026-09-13T14:19:29.955265+00:00,draftkings,FULL,0.0,0.0,0.0,0.0,0.89,0.89,-10.0,52.5,-395.0,310.0,vsin_dk
2026_CFB_W04_ORE_USC_FULL_draftkings_2026-09-13T14:19:29.955265+00:00,2026_CFB_W04_ORE_USC,4,2026-09-13T14:19:29.955265+00:00,draftkings,FULL,0.2,0.0,,,0.0,0.0,5.5,,195.0,-238.0,vsin_dk
2026_CFB_W04_TEX_TENN_FULL_draftkings_2026-09-13T14:19:29.955265+00:00,2026_CFB_W04_TEX_TENN,4,2026-09-13T14:19:29.955265+00:00,draftkings,FULL,0.0,0.0,0.0,0.0,0.12,0.15,6.5,56.5,220.0,-270.0,vsin_dk
2026_CFB_W04_OU_UGA_FULL_draftkings_2026-09-13T14:22:16.567913+00:00,2026_CFB_W04_OU_UGA,4,2026-09-13T14:22:16.567913+00:00,draftkings,FULL,0.0,0.0,0.0,0.0,0.89,0.89,-10.0,52.5,-395.0,310.0,vsin_dk
2026_CFB_W04_ORE_USC_FULL_draftkings_2026-09-13T14:22:16.567913+00:00,2026_CFB_W04_ORE_USC,4,2026-09-13T14:22:16.567913+00:00,draftkings,FULL,0.2,0.0,,,0.0,0.0,5.5,,195.0,-238.0,vsin_dk
2026_CFB_W04_TEX_TENN_FULL_draftkings_2026-09-13T14:22:16.567913+00:00,2026_CFB_W04_TEX_TENN,4,2026-09-13T14:22:16.567913+00:00,draftkings,FULL,0.0,0.0,0.0,0.0,0.12,0.15,6.5,56.5,220.0,-270.0,vsin_dk
2026_CFB_W04_OU_UGA_FULL_draftkings_2026-09-13T14:31:03.831925+00:00,2026_CFB_W04_OU_UGA,4,2026-09-13T14:31:03.831925+00:00,draftkings,FULL,0.0,0.0,0.0,0.0,0.89,0.89,-10.0,52.5,-395.0,310.0,vsin_dk
2026_CFB_W04_ORE_USC_FULL_draftkings_2026-09-13T14:31:03.831925+00:00,2026_CFB_W04_ORE_USC,4,2026-09-13T14:31:03.831925+00:00,draftkings,FULL,0.2,0.0,,,0.0,0.0,5.5,,195.0,-238.0,vsin_dk
2026_CFB_W04_TEX_TENN_FULL_draftkings_2026-09-13T14:31:03.831925+00:00,2026_CFB_W04_TEX_TENN,4,2026-09-13T14:31:03.831925+00:00,draftkings,FULL,0.0,0.0,0.0,0.0,0.12,0.15,6.5,56.5,220.0,-270.0,vsin_dk
2026_CFB_W04_OU_UGA_FULL_draftkings_2026-09-13T14:34:43.600241+00:00,2026_CFB_W04_OU_UGA,4,2026-09-13T14:34:43.600241+00:00,draftkings,FULL,0.0,0.0,0.0,0.0,0.89,0.89,-10.0,52.5,-395.0,310.0,vsin_dk
2026_CFB_W04_ORE_USC_FULL_draftkings_2026-09-13T14:34:43.600241+00:00,2026_CFB_W04_ORE_USC,4,2026-09-13T14:34:43.600241+00:00,draftkings,FULL,0.2,0.0,,,0.0,0.0,5.5,,195.0,-238.0,vsin_dk
2026_CFB_W04_TEX_TENN_FULL_draftkings_2026-09-13T14:34:43.600241+00:00,2026_CFB_W04_TEX_TENN,4,2026-09-13T14:34:43.600241+00:00,draftkings,FULL,0.0,0.0,0.0,0.0,0.12,0.15,6.5,56.5,220.0,-270.0,vsin_dk
2026_CFB_W04_OU_UGA_FULL_draftkings_2026-09-13T14:46:01.173608+00:00,2026_CFB_W04_OU_UGA,4,2026-09-13T14:46:01.173608+00:00,draftkings,FULL,0.0,0.0,0.0,0.0,0.89,0.89,-10.0,52.5,-395.0,310.0,vsin_dk
2026_CFB_W04_ORE_USC_FULL_draftkings_2026-09-13T14:46:01.173608+00:00,2026_CFB_W04_ORE_USC,4,2026-09-13T14:46:01.173608+00:00,draftkings,FULL,0.2,0.0,,,0.0,0.0,5.5,,195.0,-238.0,vsin_dk
2026_CFB_W04_TEX_TENN_FULL_draftkings_2026-09-13T14:46:01.173608+00:00,2026_CFB_W04_TEX_TENN,4,2026-09-13T14:46:01.173608+00:00,draftkings,FULL,0.0,0.0,0.0,0.0,0.12,0.15,6.5,56.5,220.0,-270.0,vsin_dk
2026_CFB_W04_OU_UGA_FULL_draftkings_2026-09-13T14:47:54.492719+00:00,2026_CFB_W04_OU_UGA,4,2026-09-13T14:47:54.492719+00:00,draftkings,FULL,0.0,0.0,0.0,0.0,0.89,0.89,-10.0,52.5,-395.0,310.0,vsin_dk
2026_CFB_W04_ORE_USC_FULL_draftkings_2026-09-13T14:47:54.492719+00:00,2026_CFB_W04_ORE_USC,4,2026-09-13T14:47:54.492719+00:00,draftkings,FULL,0.2,0.0,,,0.0,0.0,5.5,,195.0,-238.0,vsin_dk
2026_CFB_W04_TEX_TENN_FULL_draftkings_2026-09-13T14:47:54.492719+00:00,2026_CFB_W04_TEX_TENN,4,2026-09-13T14:47:54.492719+00:00,draftkings,FULL,0.0,0.0,0.0,0.0,0.12,0.15,6.5,56.5,220.0,-270.0,vsin_dk
2026_CFB_W04_OU_UGA_FULL_draftkings_2026-09-13T15:01:02.982253+00:00,2026_CFB_W04_OU_UGA,4,2026-09-13T15:01:02.982253+00:00,draftkings,FULL,0.0,0.0,0.0,0.0,0.89,0.89,-10.0,52.5,-395.0,310.0,vsin_dk
2026_CFB_W04_ORE_USC_FULL_draftkings_2026-09-13T15:01:02.982253+00:00,2026_CFB_W04_ORE_USC,4,2026-09-13T15:01:02.982253+00:00,draftkings,FULL,0.2,0.0,,,0.0,0.0,5.5,,195.0,-238.0,vsin_dk
2026_CFB_W04_TEX_TENN_FULL_draftkings_2026-09-13T15:01:02.982253+00:00,2026_CFB_W04_TEX_TENN,4,2026-09-13T15:01:02.982253+00:00,draftkings,FULL,0.0,0.0,0.0,0.0,0.12,0.15,6.5,56.5,220.0,-270.0,vsin_dk
2026_CFB_W04_OU_UGA_FULL_draftkings_2026-09-13T15:03:34.560071+00:00,2026_CFB_W04_OU_UGA,4,2026-09-13T15:03:34.560071+00:00,draftkings,FULL,0.0,0.0,0.0,0.0,0.89,0.89,-10.0,52.5,-395.0,310.0,vsin_dk
2026_CFB_W04_ORE_USC_FULL_draftkings_2026-09-13T15:03:34.560071+00:00,2026_CFB_W04_ORE_USC,4,2026-09-13T15:03:34.560071+00:00,draftkings,FULL,0.2,0.0,,,0.0,0.0,5.5,,195.0,-238.0,vsin_dk
2026_CFB_W04_TEX_TENN_FULL_draftkings_2026-09-13T15:03:34.560071+00:00,2026_CFB_W04_TEX_TENN,4,2026-09-13T15:03:34.560071+00:00,draftkings,FULL,0.0,0.0,0.0,0.0,0.12,0.15,6.5,56.5,220.0,-270.0,vsin_dk
2026_CFB_W04_OU_UGA_FULL_draftkings_2026-09-13T15:15:57.410084+00:00,2026_CFB_W04_OU_UGA,4,2026-09-13T15:15:57.410084+00:00,draftkings,FULL,0.0,0.0,0.0,0.0,0.89,0.89,-10.0,52.5,-395.0,310.0,vsin_dk
2026_CFB_W04_ORE_USC_FULL_draftkings_2026-09-13T15:15:57.410084+00:00,2026_CFB_W04_ORE_USC,4,2026-09-13T15:15:57.410084+00:00,draftkings,FULL,0.2,0.0,,,0.0,0.0,5.5,,195.0,-238.0,vsin_dk
2026_CFB_W04_TEX_TENN_FULL_draftkings_2026-09-13T15:15:57.410084+00:00,2026_CFB_W04_TEX_TENN,4,2026-09-13T15:15:57.410084+00:00,draftkings,FULL,0.0,0.0,0.0,0.0,0.12,0.15,6.5,56.5,220.0,-270.0,vsin_dk
2026_CFB_W04_OU_UGA_FULL_draftkings_2026-09-13T15:19:31.352583+00:00,2026_CFB_W04_OU_UGA,4,2026-09-13T15:19:31.352583+00:00,draftkings,FULL,0.0,0.0,0.0,0.0,0.89,0.89,-10.0,52.5,-395.0,310.0,vsin_dk
2026_CFB_W04_ORE_USC_FULL_draftkings_2026-09-13T15:19:31.352583+00:00,2026_CFB_W04_ORE_USC,4,2026-09-13T15:19:31.352583+00:00,draftkings,FULL,0.2,0.0,,,0.0,0.0,5.5,,195.0,-238.0,vsin_dk
2026_CFB_W04_TEX_TENN_FULL_draftkings_2026-09-13T15:19:31.352583+00:00,2026_CFB_W04_TEX_TENN,4,2026-09-13T15:19:31.352583+00:00,draftkings,FULL,0.0,0.0,0.0,0.0,0.12,0.15,6.5,56.5,220.0,-270.0,vsin_dk
2026_CFB_W04_OU_UGA_FULL_draftkings_2026-09-13T15:22:30.650370+00:00,2026_CFB_W04_OU_UGA,4,2026-09-13T15:22:30.650370+00:00,draftkings,FULL,0.0,0.0,0.0,0.0,0.89,0.89,-10.0,52.5,-395.0,310.0,vsin_dk
2026_CFB_W04_ORE_USC_FULL_draftkings_2026-09-13T15:22:30.650370+00:00,2026_CFB_W04_ORE_USC,4,2026-09-13T15:22:30.650370+00:00,draftkings,FULL,0.2,0.0,,,0.0,0.0,5.5,,195.0,-238.0,vsin_dk
2026_CFB_W04_TEX_TENN_FULL_draftkings_2026-09-13T15:22:30.650370+00:00,2026_CFB_W04_TEX_TENN,4,2026-09-13T15:22:30.650370+00:00,draftkings,FULL,0.0,0.0,0.0,0.0,0.12,0.15,6.5,56.5,220.0,-270.0,vsin_dk
2026_CFB_W04_OU_UGA_FULL_draftkings_2026-09-13T15:31:02.684367+00:00,2026_CFB_W04_OU_UGA,4,2026-09-13T15:31:02.684367+00:00,draftkings,FULL,0.0,0.0,0.0,0.0,0.89,0.89,-10.0,52.5,-395.0,310.0,vsin_dk
2026_CFB_W04_ORE_USC_FULL_draftkings_2026-09-13T15:31:02.684367+00:00,2026_CFB_W04_ORE_USC,4,2026-09-13T15:31:02.684367+00:00,draftkings,FULL,0.2,0.0,,,0.0,0.0,5.5,,195.0,-238.0,vsin_dk
2026_CFB_W04_TEX_TENN_FULL_draftkings_2026-09-13T15:31:02.684367+00:00,2026_CFB_W04_TEX_TENN,4,2026-09-13T15:31:02.684367+00:00,draftkings,FULL,0.0,0.0,0.0,0.0,0.12,0.15,6.5,56.5,220.0,-270.0,vsin_dk
2026_CFB_W04_OU_UGA_FULL_draftkings_2026-09-13T15:34:42.390151+00:00,2026_CFB_W04_OU_UGA,4,2026-09-13T15:34:42.390151+00:00,draftkings,FULL,0.0,0.0,0.0,0.0,0.89,0.89,-10.0,52.5,-395.0,310.0,vsin_dk
2026_CFB_W04_ORE_USC_FULL_draftkings_2026-09-13T15:34:42.390151+00:00,2026_CFB_W04_ORE_USC,4,2026-09-13T15:34:42.390151+00:00,draftkings,FULL,0.2,0.0,,,0.0,0.0,5.5,,195.0,-238.0,vsin_dk
2026_CFB_W04_TEX_TENN_FULL_draftkings_2026-09-13T15:34:42.390151+00:00,2026_CFB_W04_TEX_TENN,4,2026-09-13T15:34:42.390151+00:00,draftkings,FULL,0.0,0.0,0.0,0.0,0.12,0.15,6.5,56.5,220.0,-270.0,vsin_dk
2026_CFB_W04_OU_UGA_FULL_draftkings_2026-09-13T15:46:04.721260+00:00,2026_CFB_W04_OU_UGA,4,2026-09-13T15:46:04.721260+00:00,draftkings,FULL,0.0,0.0,0.0,0.0,0.89,0.89,-10.0,52.5,-395.0,310.0,vsin_dk
2026_CFB_W04_ORE_USC_FULL_draftkings_2026-09-13T15:46:04.721260+00:00,2026_CFB_W04_ORE_USC,4,2026-09-13T15:46:04.721260+00:00,draftkings,FULL,0.2,0.0,,,0.0,0.0,5.5,,195.0,-238.0,vsin_dk
2026_CFB_W04_TEX_TENN_FULL_draftkings_2026-09-13T15:46:04.721260+00:00,2026_CFB_W04_TEX_TENN,4,2026-09-13T15:46:04.721260+00:00,draftkings,FULL,0.0,0.0,0.0,0.0,0.12,0.15,6.5,56.5,220.0,-270.0,vsin_dk
2026_CFB_W04_OU_UGA_FULL_draftkings_2026-09-13T15:47:58.160203+00:00,2026_CFB_W04_OU_UGA,4,2026-09-13T15:47:58.160203+00:00,draftkings,FULL,0.0,0.0,0.0,0.0,0.89,0.89,-10.0,52.5,-395.0,310.0,vsin_dk
2026_CFB_W04_ORE_USC_FULL_draftkings_2026-09-13T15:47:58.160203+00:00,2026_CFB_W04_ORE_USC,4,2026-09-13T15:47:58.160203+00:00,draftkings,FULL,0.2,0.0,,,0.0,0.0,5.5,,195.0,-238.0,vsin_dk
2026_CFB_W04_TEX_TENN_FULL_draftkings_2026-09-13T15:47:58.160203+00:00,2026_CFB_W04_TEX_TENN,4,2026-09-13T15:47:58.160203+00:00,draftkings,FULL,0.0,0.0,0.0,0.0,0.12,0.15,6.5,56.5,220.0,-270.0,vsin_dk
2026_CFB_W04_OU_UGA_FULL_draftkings_2026-09-13T16:01:01.490918+00:00,2026_CFB_W04_OU_UGA,4,2026-09-13T16:01:01.490918+00:00,draftkings,FULL,0.0,0.0,0.0,0.0,0.89,0.89,-10.0,52.5,-395.0,310.0,vsin_dk
2026_CFB_W04_ORE_USC_FULL_draftkings_2026-09-13T16:01:01.490918+00:00,2026_CFB_W04_ORE_USC,4,2026-09-13T16:01:01.490918+00:00,draftkings,FULL,0.2,0.0,,,0.0,0.0,5.5,,195.0,-238.0,vsin_dk
2026_CFB_W04_TEX_TENN_FULL_draftkings_2026-09-13T16:01:01.490918+00:00,2026_CFB_W04_TEX_TENN,4,2026-09-13T16:01:01.490918+00:00,draftkings,FULL,0.0,0.0,0.0,0.0,0.12,0.15,6.5,56.5,220.0,-270.0,vsin_dk
2026_CFB_W04_OU_UGA_FULL_draftkings_2026-09-13T16:03:44.551827+00:00,2026_CFB_W04_OU_UGA,4,2026-09-13T16:03:44.551827+00:00,draftkings,FULL,0.0,0.0,0.0,0.0,0.89,0.89,-10.0,52.5,-395.0,310.0,vsin_dk
2026_CFB_W04_ORE_USC_FULL_draftkings_2026-09-13T16:03:44.551827+00:00,2026_CFB_W04_ORE_USC,4,2026-09-13T16:03:44.551827+00:00,draftkings,FULL,0.2,0.0,,,0.0,0.0,5.5,,195.0,-238.0,vsin_dk
2026_CFB_W04_TEX_TENN_FULL_draftkings_2026-09-13T16:03:44.551827+00:00,2026_CFB_W04_TEX_TENN,4,2026-09-13T16:03:44.551827+00:00,draftkings,FULL,0.0,0.0,0.0,0.0,0.12,0.15,6.5,56.5,220.0,-270.0,vsin_dk
2026_CFB_W04_OU_UGA_FULL_draftkings_2026-09-13T16:16:04.925030+00:00,2026_CFB_W04_OU_UGA,4,2026-09-13T16:16:04.925030+00:00,draftkings,FULL,0.0,0.0,0.0,0.0,0.89,0.89,-10.0,52.5,-395.0,310.0,vsin_dk
2026_CFB_W04_ORE_USC_FULL_draftkings_2026-09-13T16:16:04.925030+00:00,2026_CFB_W04_ORE_USC,4,2026-09-13T16:16:04.925030+00:00,draftkings,FULL,0.2,0.0,,,0.0,0.0,5.5,,195.0,-238.0,vsin_dk
2026_CFB_W04_TEX_TENN_FULL_draftkings_2026-09-13T16:16:04.925030+00:00,2026_CFB_W04_TEX_TENN,4,2026-09-13T16:16:04.925030+00:00,draftkings,FULL,0.0,0.0,0.0,0.0,0.12,0.15,6.5,56.5,220.0,-270.0,vsin_dk
2026_CFB_W04_OU_UGA_FULL_draftkings_2026-09-13T16:20:34.661137+00:00,2026_CFB_W04_OU_UGA,4,2026-09-13T16:20:34.661137+00:00,draftkings,FULL,0.0,0.0,0.0,0.0,0.89,0.89,-10.0,52.5,-395.0,310.0,vsin_dk
2026_CFB_W04_ORE_USC_FULL_draftkings_2026-09-13T16:20:34.661137+00:00,2026_CFB_W04_ORE_USC,4,2026-09-13T16:20:34.661137+00:00,draftkings,FULL,0.2,0.0,,,0.0,0.0,5.5,,195.0,-238.0,vsin_dk
2026_CFB_W04_TEX_TENN_FULL_draftkings_2026-09-13T16:20:34.661137+00:00,2026_CFB_W04_TEX_TENN,4,2026-09-13T16:20:34.661137+00:00,draftkings,FULL,0.0,0.0,0.0,0.0,0.12,0.15,6.5,56.5,220.0,-270.0,vsin_dk
2026_CFB_W04_OU_UGA_FULL_draftkings_2026-09-13T16:23:25.768448+00:00,2026_CFB_W04_OU_UGA,4,2026-09-13T16:23:25.768448+00:00,draftkings,FULL,0.0,0.0,0.0,0.0,0.89,0.89,-10.0,52.5,-395.0,310.0,vsin_dk
2026_CFB_W04_ORE_USC_FULL_draftkings_2026-09-13T16:23:25.768448+00:00,2026_CFB_W04_ORE_USC,4,2026-09-13T16:23:25.768448+00:00,draftkings,FULL,0.2,0.0,,,0.0,0.0,5.5,,195.0,-238.0,vsin_dk
2026_CFB_W04_TEX_TENN_FULL_draftkings_2026-09-13T16:23:25.768448+00:00,2026_CFB_W04_TEX_TENN,4,2026-09-13T16:23:25.768448+00:00,draftkings,FULL,0.0,0.0,0.0,0.0,0.12,0.15,6.5,56.5,220.0,-270.0,vsin_dk
2026_CFB_W04_OU_UGA_FULL_draftkings_2026-09-13T16:31:06.349312+00:00,2026_CFB_W04_OU_UGA,4,2026-09-13T16:31:06.349312+00:00,draftkings,FULL,0.0,0.0,0.0,0.0,0.89,0.89,-10.0,52.5,-395.0,310.0,vsin_dk
2026_CFB_W04_ORE_USC_FULL_draftkings_2026-09-13T16:31:06.349312+00:00,2026_CFB_W04_ORE_USC,4,2026-09-13T16:31:06.349312+00:00,draftkings,FULL,0.2,0.0,,,0.0,0.0,5.5,,195.0,-238.0,vsin_dk
2026_CFB_W04_TEX_TENN_FULL_draftkings_2026-09-13T16:31:06.349312+00:00,2026_CFB_W04_TEX_TENN,4,2026-09-13T16:31:06.349312+00:00,draftkings,FULL,0.0,0.0,0.0,0.0,0.12,0.15,6.5,56.5,220.0,-270.0,vsin_dk
2026_CFB_W04_OU_UGA_FULL_draftkings_2026-09-13T16:36:01.584141+00:00,2026_CFB_W04_OU_UGA,4,2026-09-13T16:36:01.584141+00:00,draftkings,FULL,0.0,0.0,0.0,0.0,0.89,0.89,-10.0,52.5,-395.0,310.0,vsin_dk
2026_CFB_W04_ORE_USC_FULL_draftkings_2026-09-13T16:36:01.584141+00:00,2026_CFB_W04_ORE_USC,4,2026-09-13T16:36:01.584141+00:00,draftkings,FULL,0.2,0.0,,,0.0,0.0,5.5,,195.0,-238.0,vsin_dk
2026_CFB_W04_TEX_TENN_FULL_draftkings_2026-09-13T16:36:01.584141+00:00,2026_CFB_W04_TEX_TENN,4,2026-09-13T16:36:01.584141+00:00,draftkings,FULL,0.0,0.0,0.0,0.0,0.12,0.15,6.5,56.5,220.0,-270.0,vsin_dk
2026_CFB_W04_OU_UGA_FULL_draftkings_2026-09-13T16:46:02.664871+00:00,2026_CFB_W04_OU_UGA,4,2026-09-13T16:46:02.664871+00:00,draftkings,FULL,0.0,0.0,0.0,0.0,0.89,0.89,-10.0,52.5,-395.0,310.0,vsin_dk
2026_CFB_W04_ORE_USC_FULL_draftkings_2026-09-13T16:46:02.664871+00:00,2026_CFB_W04_ORE_USC,4,2026-09-13T16:46:02.664871+00:00,draftkings,FULL,0.2,0.0,,,0.0,0.0,5.5,,195.0,-238.0,vsin_dk
2026_CFB_W04_TEX_TENN_FULL_draftkings_2026-09-13T16:46:02.664871+00:00,2026_CFB_W04_TEX_TENN,4,2026-09-13T16:46:02.664871+00:00,draftkings,FULL,0.0,0.0,0.0,0.0,0.12,0.15,6.5,56.5,220.0,-270.0,vsin_dk
2026_CFB_W04_OU_UGA_FULL_draftkings_2026-09-13T16:49:38.939193+00:00,2026_CFB_W04_OU_UGA,4,2026-09-13T16:49:38.939193+00:00,draftkings,FULL,0.0,0.0,0.0,0.0,0.89,0.89,-10.0,52.5,-395.0,310.0,vsin_dk
2026_CFB_W04_ORE_USC_FULL_draftkings_2026-09-13T16:49:38.939193+00:00,2026_CFB_W04_ORE_USC,4,2026-09-13T16:49:38.939193+00:00,draftkings,FULL,0.2,0.0,,,0.0,0.0,5.5,,195.0,-238.0,vsin_dk
2026_CFB_W04_TEX_TENN_FULL_draftkings_2026-09-13T16:49:38.939193+00:00,2026_CFB_W04_TEX_TENN,4,2026-09-13T16:49:38.939193+00:00,draftkings,FULL,0.0,0.0,0.0,0.0,0.12,0.15,6.5,56.5,220.0,-270.0,vsin_dk
2026_CFB_W04_OU_UGA_FULL_draftkings_2026-09-13T17:01:03.260111+00:00,2026_CFB_W04_OU_UGA,4,2026-09-13T17:01:03.260111+00:00,draftkings,FULL,0.0,0.0,0.0,0.0,0.89,0.89,-10.0,52.5,-395.0,310.0,vsin_dk
2026_CFB_W04_ORE_USC_FULL_draftkings_2026-09-13T17:01:03.260111+00:00,2026_CFB_W04_ORE_USC,4,2026-09-13T17:01:03.260111+00:00,draftkings,FULL,0.2,0.0,,,0.0,0.0,5.5,,195.0,-238.0,vsin_dk
2026_CFB_W04_TEX_TENN_FULL_draftkings_2026-09-13T17:01:03.260111+00:00,2026_CFB_W04_TEX_TENN,4,2026-09-13T17:01:03.260111+00:00,draftkings,FULL,0.0,0.0,0.0,0.0,0.12,0.15,6.5,56.5,220.0,-270.0,vsin_dk
2026_CFB_W04_OU_UGA_FULL_draftkings_2026-09-13T17:04:37.213605+00:00,2026_CFB_W04_OU_UGA,4,2026-09-13T17:04:37.213605+00:00,draftkings,FULL,0.0,0.0,0.0,0.0,0.89,0.89,-10.0,52.5,-395.0,310.0,vsin_dk
2026_CFB_W04_ORE_USC_FULL_draftkings_2026-09-13T17:04:37.213605+00:00,2026_CFB_W04_ORE_USC,4,2026-09-13T17:04:37.213605+00:00,draftkings,FULL,0.2,0.0,,,0.0,0.0,5.5,,195.0,-238.0,vsin_dk
2026_CFB_W04_TEX_TENN_FULL_draftkings_2026-09-13T17:04:37.213605+00:00,2026_CFB_W04_TEX_TENN,4,2026-09-13T17:04:37.213605+00:00,draftkings,FULL,0.0,0.0,0.0,0.0,0.12,0.15,6.5,56.5,220.0,-270.0,vsin_dk
2026_CFB_W04_OU_UGA_FULL_draftkings_2026-09-13T17:16:52.385311+00:00,2026_CFB_W04_OU_UGA,4,2026-09-13T17:16:52.385311+00:00,draftkings,FULL,0.0,0.0,0.0,0.0,0.89,0.89,-10.0,52.5,-395.0,310.0,vsin_dk
2026_CFB_W04_ORE_USC_FULL_draftkings_2026-09-13T17:16:52.385311+00:00,2026_CFB_W04_ORE_USC,4,2026-09-13T17:16:52.385311+00:00,draftkings,FULL,0.2,0.0,,,0.0,0.0,5.5,,195.0,-238.0,vsin_dk
2026_CFB_W04_TEX_TENN_FULL_draftkings_2026-09-13T17:16:52.385311+00:00,2026_CFB_W04_TEX_TENN,4,2026-09-13T17:16:52.385311+00:00,draftkings,FULL,0.0,0.0,0.0,0.0,0.12,0.15,6.5,56.5,220.0,-270.0,vsin_dk
2026_CFB_W04_OU_UGA_FULL_draftkings_2026-09-13T17:18:16.774389+00:00,2026_CFB_W04_OU_UGA,4,2026-09-13T17:18:16.774389+00:00,draftkings,FULL,0.0,0.0,0.0,0.0,0.89,0.89,-10.0,52.5,-395.0,310.0,vsin_dk
2026_CFB_W04_ORE_USC_FULL_draftkings_2026-09-13T17:18:16.774389+00:00,2026_CFB_W04_ORE_USC,4,2026-09-13T17:18:16.774389+00:00,draftkings,FULL,0.2,0.0,,,0.0,0.0,5.5,,195.0,-238.0,vsin_dk
2026_CFB_W04_TEX_TENN_FULL_draftkings_2026-09-13T17:18:16.774389+00:00,2026_CFB_W04_TEX_TENN,4,2026-09-13T17:18:16.774389+00:00,draftkings,FULL,0.0,0.0,0.0,0.0,0.12,0.15,6.5,56.5,220.0,-270.0,vsin_dk
2026_CFB_W04_OU_UGA_FULL_draftkings_2026-09-13T17:21:22.631643+00:00,2026_CFB_W04_OU_UGA,4,2026-09-13T17:21:22.631643+00:00,draftkings,FULL,0.0,0.0,0.0,0.0,0.89,0.89,-10.0,52.5,-395.0,310.0,vsin_dk
2026_CFB_W04_ORE_USC_FULL_draftkings_2026-09-13T17:21:22.631643+00:00,2026_CFB_W04_ORE_USC,4,2026-09-13T17:21:22.631643+00:00,draftkings,FULL,0.2,0.0,,,0.0,0.0,5.5,,195.0,-238.0,vsin_dk
2026_CFB_W04_TEX_TENN_FULL_draftkings_2026-09-13T17:21:22.631643+00:00,2026_CFB_W04_TEX_TENN,4,2026-09-13T17:21:22.631643+00:00,draftkings,FULL,0.0,0.0,0.0,0.0,0.12,0.15,6.5,56.5,220.0,-270.0,vsin_dk
2026_CFB_W04_OU_UGA_FULL_draftkings_2026-09-13T17:30:58.747751+00:00,2026_CFB_W04_OU_UGA,4,2026-09-13T17:30:58.747751+00:00,draftkings,FULL,0.0,0.0,0.0,0.0,0.89,0.89,-10.0,52.5,-395.0,310.0,vsin_dk
2026_CFB_W04_ORE_USC_FULL_draftkings_2026-09-13T17:30:58.747751+00:00,2026_CFB_W04_ORE_USC,4,2026-09-13T17:30:58.747751+00:00,draftkings,FULL,0.2,0.0,,,0.0,0.0,5.5,,195.0,-238.0,vsin_dk
2026_CFB_W04_TEX_TENN_FULL_draftkings_2026-09-13T17:30:58.747751+00:00,2026_CFB_W04_TEX_TENN,4,2026-09-13T17:30:58.747751+00:00,draftkings,FULL,0.0,0.0,0.0,0.0,0.12,0.15,6.5,56.5,220.0,-270.0,vsin_dk
2026_CFB_W04_OU_UGA_FULL_draftkings_2026-09-13T17:34:16.825667+00:00,2026_CFB_W04_OU_UGA,4,2026-09-13T17:34:16.825667+00:00,draftkings,FULL,0.0,0.0,0.0,0.0,0.89,0.89,-10.0,52.5,-395.0,310.0,vsin_dk
2026_CFB_W04_ORE_USC_FULL_draftkings_2026-09-13T17:34:16.825667+00:00,2026_CFB_W04_ORE_USC,4,2026-09-13T17:34:16.825667+00:00,draftkings,FULL,0.2,0.0,,,0.0,0.0,5.5,,195.0,-238.0,vsin_dk
2026_CFB_W04_TEX_TENN_FULL_draftkings_2026-09-13T17:34:16.825667+00:00,2026_CFB_W04_TEX_TENN,4,2026-09-13T17:34:16.825667+00:00,draftkings,FULL,0.0,0.0,0.0,0.0,0.12,0.15,6.5,56.5,220.0,-270.0,vsin_dk
2026_CFB_W04_OU_UGA_FULL_draftkings_2026-09-13T17:46:03.816474+00:00,2026_CFB_W04_OU_UGA,4,2026-09-13T17:46:03.816474+00:00,draftkings,FULL,0.0,0.0,0.0,0.0,0.89,0.89,-10.0,52.5,-395.0,310.0,vsin_dk
2026_CFB_W04_ORE_USC_FULL_draftkings_2026-09-13T17:46:03.816474+00:00,2026_CFB_W04_ORE_USC,4,2026-09-13T17:46:03.816474+00:00,draftkings,FULL,0.2,0.0,,,0.0,0.0,5.5,,195.0,-238.0,vsin_dk
2026_CFB_W04_TEX_TENN_FULL_draftkings_2026-09-13T17:46:03.816474+00:00,2026_CFB_W04_TEX_TENN,4,2026-09-13T17:46:03.816474+00:00,draftkings,FULL,0.0,0.0,0.0,0.0,0.12,0.15,6.5,56.5,220.0,-270.0,vsin_dk
2026_CFB_W04_OU_UGA_FULL_draftkings_2026-09-13T17:47:39.758354+00:00,2026_CFB_W04_OU_UGA,4,2026-09-13T17:47:39.758354+00:00,draftkings,FULL,0.0,0.0,0.0,0.0,0.89,0.89,-10.0,52.5,-395.0,310.0,vsin_dk
2026_CFB_W04_ORE_USC_FULL_draftkings_2026-09-13T17:47:39.758354+00:00,2026_CFB_W04_ORE_USC,4,2026-09-13T17:47:39.758354+00:00,draftkings,FULL,0.2,0.0,,,0.0,0.0,5.5,,195.0,-238.0,vsin_dk
2026_CFB_W04_TEX_TENN_FULL_draftkings_2026-09-13T17:47:39.758354+00:00,2026_CFB_W04_TEX_TENN,4,2026-09-13T17:47:39.758354+00:00,draftkings,FULL,0.0,0.0,0.0,0.0,0.12,0.15,6.5,56.5,220.0,-270.0,vsin_dk
2026_CFB_W04_OU_UGA_FULL_draftkings_2026-09-13T18:04:35.244094+00:00,2026_CFB_W04_OU_UGA,4,2026-09-13T18:04:35.244094+00:00,draftkings,FULL,0.0,0.0,0.0,0.0,0.89,0.89,-10.0,52.5,-395.0,310.0,vsin_dk
2026_CFB_W04_ORE_USC_FULL_draftkings_2026-09-13T18:04:35.244094+00:00,2026_CFB_W04_ORE_USC,4,2026-09-13T18:04:35.244094+00:00,draftkings,FULL,0.2,0.0,,,0.0,0.0,5.5,,195.0,-238.0,vsin_dk
2026_CFB_W04_TEX_TENN_FULL_draftkings_2026-09-13T18:04:35.244094+00:00,2026_CFB_W04_TEX_TENN,4,2026-09-13T18:04:35.244094+00:00,draftkings,FULL,0.0,0.0,0.0,0.0,0.12,0.15,6.5,56.5,220.0,-270.0,vsin_dk
2026_CFB_W04_OU_UGA_FULL_draftkings_2026-09-13T18:16:03.763661+00:00,2026_CFB_W04_OU_UGA,4,2026-09-13T18:16:03.763661+00:00,draftkings,FULL,0.0,0.0,0.0,0.0,0.89,0.89,-10.0,52.5,-395.0,310.0,vsin_dk
2026_CFB_W04_ORE_USC_FULL_draftkings_2026-09-13T18:16:03.763661+00:00,2026_CFB_W04_ORE_USC,4,2026-09-13T18:16:03.763661+00:00,draftkings,FULL,0.2,0.0,,,0.0,0.0,5.5,,195.0,-238.0,vsin_dk
2026_CFB_W04_TEX_TENN_FULL_draftkings_2026-09-13T18:16:03.763661+00:00,2026_CFB_W04_TEX_TENN,4,2026-09-13T18:16:03.763661+00:00,draftkings,FULL,0.0,0.0,0.0,0.0,0.12,0.15,6.5,56.5,220.0,-270.0,vsin_dk
2026_CFB_W04_OU_UGA_FULL_draftkings_2026-09-13T18:22:06.374539+00:00,2026_CFB_W04_OU_UGA,4,2026-09-13T18:22:06.374539+00:00,draftkings,FULL,0.0,0.0,0.0,0.0,0.89,0.89,-10.0,52.5,-395.0,310.0,vsin_dk
2026_CFB_W04_ORE_USC_FULL_draftkings_2026-09-13T18:22:06.374539+00:00,2026_CFB_W04_ORE_USC,4,2026-09-13T18:22:06.374539+00:00,draftkings,FULL,0.2,0.0,,,0.0,0.0,5.5,,195.0,-238.0,vsin_dk
2026_CFB_W04_TEX_TENN_FULL_draftkings_2026-09-13T18:22:06.374539+00:00,2026_CFB_W04_TEX_TENN,4,2026-09-13T18:22:06.374539+00:00,draftkings,FULL,0.0,0.0,0.0,0.0,0.12,0.15,6.5,56.5,220.0,-270.0,vsin_dk
2026_CFB_W04_OU_UGA_FULL_draftkings_2026-09-13T18:25:14.218355+00:00,2026_CFB_W04_OU_UGA,4,2026-09-13T18:25:14.218355+00:00,draftkings,FULL,0.0,0.0,0.0,0.0,0.89,0.89,-10.0,52.5,-395.0,310.0,vsin_dk
2026_CFB_W04_ORE_USC_FULL_draftkings_2026-09-13T18:25:14.218355+00:00,2026_CFB_W04_ORE_USC,4,2026-09-13T18:25:14.218355+00:00,draftkings,FULL,0.2,0.0,,,0.0,0.0,5.5,,195.0,-238.0,vsin_dk
2026_CFB_W04_TEX_TENN_FULL_draftkings_2026-09-13T18:25:14.218355+00:00,2026_CFB_W04_TEX_TENN,4,2026-09-13T18:25:14.218355+00:00,draftkings,FULL,0.0,0.0,0.0,0.0,0.12,0.15,6.5,56.5,220.0,-270.0,vsin_dk
2026_CFB_W04_OU_UGA_FULL_draftkings_2026-09-13T18:31:01.759076+00:00,2026_CFB_W04_OU_UGA,4,2026-09-13T18:31:01.759076+00:00,draftkings,FULL,0.0,0.0,0.0,0.0,0.89,0.89,-10.0,52.5,-395.0,310.0,vsin_dk
2026_CFB_W04_ORE_USC_FULL_draftkings_2026-09-13T18:31:01.759076+00:00,2026_CFB_W04_ORE_USC,4,2026-09-13T18:31:01.759076+00:00,draftkings,FULL,0.2,0.0,,,0.0,0.0,5.5,,195.0,-238.0,vsin_dk
2026_CFB_W04_TEX_TENN_FULL_draftkings_2026-09-13T18:31:01.759076+00:00,2026_CFB_W04_TEX_TENN,4,2026-09-13T18:31:01.759076+00:00,draftkings,FULL,0.0,0.0,0.0,0.0,0.12,0.15,6.5,56.5,220.0,-270.0,vsin_dk
2026_CFB_W04_OU_UGA_FULL_draftkings_2026-09-13T18:37:42.561136+00:00,2026_CFB_W04_OU_UGA,4,2026-09-13T18:37:42.561136+00:00,draftkings,FULL,0.0,0.0,0.0,0.0,0.89,0.89,-10.0,52.5,-395.0,310.0,vsin_dk
2026_CFB_W04_ORE_USC_FULL_draftkings_2026-09-13T18:37:42.561136+00:00,2026_CFB_W04_ORE_USC,4,2026-09-13T18:37:42.561136+00:00,draftkings,FULL,0.2,0.0,,,0.0,0.0,5.5,,195.0,-238.0,vsin_dk
2026_CFB_W04_TEX_TENN_FULL_draftkings_2026-09-13T18:37:42.561136+00:00,2026_CFB_W04_TEX_TENN,4,2026-09-13T18:37:42.561136+00:00,draftkings,FULL,0.0,0.0,0.0,0.0,0.12,0.15,6.5,56.5,220.0,-270.0,vsin_dk
2026_CFB_W04_OU_UGA_FULL_draftkings_2026-09-13T18:46:03.311463+00:00,2026_CFB_W04_OU_UGA,4,2026-09-13T18:46:03.311463+00:00,draftkings,FULL,0.0,0.0,0.0,0.0,0.89,0.89,-10.0,52.5,-395.0,310.0,vsin_dk
2026_CFB_W04_ORE_USC_FULL_draftkings_2026-09-13T18:46:03.311463+00:00,2026_CFB_W04_ORE_USC,4,2026-09-13T18:46:03.311463+00:00,draftkings,FULL,0.2,0.0,,,0.0,0.0,5.5,,195.0,-238.0,vsin_dk
2026_CFB_W04_TEX_TENN_FULL_draftkings_2026-09-13T18:46:03.311463+00:00,2026_CFB_W04_TEX_TENN,4,2026-09-13T18:46:03.311463+00:00,draftkings,FULL,0.0,0.0,0.0,0.0,0.12,0.15,6.5,56.5,220.0,-270.0,vsin_dk
2026_CFB_W04_OU_UGA_FULL_draftkings_2026-09-13T18:50:25.527489+00:00,2026_CFB_W04_OU_UGA,4,2026-09-13T18:50:25.527489+00:00,draftkings,FULL,0.0,0.0,0.0,0.0,0.89,0.89,-10.0,52.5,-395.0,310.0,vsin_dk
2026_CFB_W04_ORE_USC_FULL_draftkings_2026-09-13T18:50:25.527489+00:00,2026_CFB_W04_ORE_USC,4,2026-09-13T18:50:25.527489+00:00,draftkings,FULL,0.2,0.0,,,0.0,0.0,5.5,,195.0,-238.0,vsin_dk
2026_CFB_W04_TEX_TENN_FULL_draftkings_2026-09-13T18:50:25.527489+00:00,2026_CFB_W04_TEX_TENN,4,2026-09-13T18:50:25.527489+00:00,draftkings,FULL,0.0,0.0,0.0,0.0,0.12,0.15,6.5,56.5,220.0,-270.0,vsin_dk
2026_CFB_W04_OU_UGA_FULL_draftkings_2026-09-13T19:01:02.560121+00:00,2026_CFB_W04_OU_UGA,4,2026-09-13T19:01:02.560121+00:00,draftkings,FULL,0.0,0.0,0.0,0.0,0.89,0.89,-10.0,52.5,-395.0,310.0,vsin_dk
2026_CFB_W04_ORE_USC_FULL_draftkings_2026-09-13T19:01:02.560121+00:00,2026_CFB_W04_ORE_USC,4,2026-09-13T19:01:02.560121+00:00,draftkings,FULL,0.2,0.0,,,0.0,0.0,5.5,,195.0,-238.0,vsin_dk
2026_CFB_W04_TEX_TENN_FULL_draftkings_2026-09-13T19:01:02.560121+00:00,2026_CFB_W04_TEX_TENN,4,2026-09-13T19:01:02.560121+00:00,draftkings,FULL,0.0,0.0,0.0,0.0,0.12,0.15,6.5,56.5,220.0,-270.0,vsin_dk
2026_CFB_W04_OU_UGA_FULL_draftkings_2026-09-13T19:03:03.198241+00:00,2026_CFB_W04_OU_UGA,4,2026-09-13T19:03:03.198241+00:00,draftkings,FULL,0.0,0.0,0.0,0.0,0.89,0.89,-10.0,52.5,-395.0,310.0,vsin_dk
2026_CFB_W04_ORE_USC_FULL_draftkings_2026-09-13T19:03:03.198241+00:00,2026_CFB_W04_ORE_USC,4,2026-09-13T19:03:03.198241+00:00,draftkings,FULL,0.2,0.0,,,0.0,0.0,5.5,,195.0,-238.0,vsin_dk
2026_CFB_W04_TEX_TENN_FULL_draftkings_2026-09-13T19:03:03.198241+00:00,2026_CFB_W04_TEX_TENN,4,2026-09-13T19:03:03.198241+00:00,draftkings,FULL,0.0,0.0,0.0,0.0,0.12,0.15,6.5,56.5,220.0,-270.0,vsin_dk
2026_CFB_W04_OU_UGA_FULL_draftkings_2026-09-13T19:16:05.821820+00:00,2026_CFB_W04_OU_UGA,4,2026-09-13T19:16:05.821820+00:00,draftkings,FULL,0.0,0.0,0.0,0.0,0.89,0.89,-10.0,52.5,-395.0,310.0,vsin_dk
2026_CFB_W04_ORE_USC_FULL_draftkings_2026-09-13T19:16:05.821820+00:00,2026_CFB_W04_ORE_USC,4,2026-09-13T19:16:05.821820+00:00,draftkings,FULL,0.2,0.0,,,0.0,0.0,5.5,,195.0,-238.0,vsin_dk
2026_CFB_W04_TEX_TENN_FULL_draftkings_2026-09-13T19:16:05.821820+00:00,2026_CFB_W04_TEX_TENN,4,2026-09-13T19:16:05.821820+00:00,draftkings,FULL,0.0,0.0,0.0,0.0,0.12,0.15,6.5,56.5,220.0,-270.0,vsin_dk
2026_CFB_W04_OU_UGA_FULL_draftkings_2026-09-13T19:17:24.281562+00:00,2026_CFB_W04_OU_UGA,4,2026-09-13T19:17:24.281562+00:00,draftkings,FULL,0.0,0.0,0.0,0.0,0.89,0.89,-10.0,52.5,-395.0,310.0,vsin_dk
2026_CFB_W04_ORE_USC_FULL_draftkings_2026-09-13T19:17:24.281562+00:00,2026_CFB_W04_ORE_USC,4,2026-09-13T19:17:24.281562+00:00,draftkings,FULL,0.2,0.0,,,0.0,0.0,5.5,,195.0,-238.0,vsin_dk
2026_CFB_W04_TEX_TENN_FULL_draftkings_2026-09-13T19:17:24.281562+00:00,2026_CFB_W04_TEX_TENN,4,2026-09-13T19:17:24.281562+00:00,draftkings,FULL,0.0,0.0,0.0,0.0,0.12,0.15,6.5,56.5,220.0,-270.0,vsin_dk
2026_CFB_W04_OU_UGA_FULL_draftkings_2026-09-13T19:20:29.963063+00:00,2026_CFB_W04_OU_UGA,4,2026-09-13T19:20:29.963063+00:00,draftkings,FULL,0.0,0.0,0.0,0.0,0.89,0.89,-10.0,52.5,-395.0,310.0,vsin_dk
2026_CFB_W04_ORE_USC_FULL_draftkings_2026-09-13T19:20:29.963063+00:00,2026_CFB_W04_ORE_USC,4,2026-09-13T19:20:29.963063+00:00,draftkings,FULL,0.2,0.0,,,0.0,0.0,5.5,,195.0,-238.0,vsin_dk
2026_CFB_W04_TEX_TENN_FULL_draftkings_2026-09-13T19:20:29.963063+00:00,2026_CFB_W04_TEX_TENN,4,2026-09-13T19:20:29.963063+00:00,draftkings,FULL,0.0,0.0,0.0,0.0,0.12,0.15,6.5,56.5,220.0,-270.0,vsin_dk
2026_CFB_W04_OU_UGA_FULL_draftkings_2026-09-13T19:31:02.666545+00:00,2026_CFB_W04_OU_UGA,4,2026-09-13T19:31:02.666545+00:00,draftkings,FULL,0.0,0.0,0.0,0.0,0.89,0.89,-10.0,52.5,-395.0,310.0,vsin_dk
2026_CFB_W04_ORE_USC_FULL_draftkings_2026-09-13T19:31:02.666545+00:00,2026_CFB_W04_ORE_USC,4,2026-09-13T19:31:02.666545+00:00,draftkings,FULL,0.2,0.0,,,0.0,0.0,5.5,,195.0,-238.0,vsin_dk
2026_CFB_W04_TEX_TENN_FULL_draftkings_2026-09-13T19:31:02.666545+00:00,2026_CFB_W04_TEX_TENN,4,2026-09-13T19:31:02.666545+00:00,draftkings,FULL,0.0,0.0,0.0,0.0,0.12,0.15,6.5,56.5,220.0,-270.0,vsin_dk
2026_CFB_W04_OU_UGA_FULL_draftkings_2026-09-13T19:33:10.986279+00:00,2026_CFB_W04_OU_UGA,4,2026-09-13T19:33:10.986279+00:00,draftkings,FULL,0.0,0.0,0.0,0.0,0.89,0.89,-10.0,52.5,-395.0,310.0,vsin_dk
2026_CFB_W04_ORE_USC_FULL_draftkings_2026-09-13T19:33:10.986279+00:00,2026_CFB_W04_ORE_USC,4,2026-09-13T19:33:10.986279+00:00,draftkings,FULL,0.2,0.0,,,0.0,0.0,5.5,,195.0,-238.0,vsin_dk
2026_CFB_W04_TEX_TENN_FULL_draftkings_2026-09-13T19:33:10.986279+00:00,2026_CFB_W04_TEX_TENN,4,2026-09-13T19:33:10.986279+00:00,draftkings,FULL,0.0,0.0,0.0,0.0,0.12,0.15,6.5,56.5,220.0,-270.0,vsin_dk
2026_CFB_W04_OU_UGA_FULL_draftkings_2026-09-13T19:46:03.375565+00:00,2026_CFB_W04_OU_UGA,4,2026-09-13T19:46:03.375565+00:00,draftkings,FULL,0.0,0.0,0.0,0.0,0.89,0.89,-10.0,52.5,-395.0,310.0,vsin_dk
2026_CFB_W04_ORE_USC_FULL_draftkings_2026-09-13T19:46:03.375565+00:00,2026_CFB_W04_ORE_USC,4,2026-09-13T19:46:03.375565+00:00,draftkings,FULL,0.2,0.0,,,0.0,0.0,5.5,,195.0,-238.0,vsin_dk
2026_CFB_W04_TEX_TENN_FULL_draftkings_2026-09-13T19:46:03.375565+00:00,2026_CFB_W04_TEX_TENN,4,2026-09-13T19:46:03.375565+00:00,draftkings,FULL,0.0,0.0,0.0,0.0,0.12,0.15,6.5,56.5,220.0,-270.0,vsin_dk
2026_CFB_W04_OU_UGA_FULL_draftkings_2026-09-13T19:47:24.344893+00:00,2026_CFB_W04_OU_UGA,4,2026-09-13T19:47:24.344893+00:00,draftkings,FULL,0.0,0.0,0.0,0.0,0.89,0.89,-10.0,52.5,-395.0,310.0,vsin_dk
2026_CFB_W04_ORE_USC_FULL_draftkings_2026-09-13T19:47:24.344893+00:00,2026_CFB_W04_ORE_USC,4,2026-09-13T19:47:24.344893+00:00,draftkings,FULL,0.2,0.0,,,0.0,0.0,5.5,,195.0,-238.0,vsin_dk
2026_CFB_W04_TEX_TENN_FULL_draftkings_2026-09-13T19:47:24.344893+00:00,2026_CFB_W04_TEX_TENN,4,2026-09-13T19:47:24.344893+00:00,draftkings,FULL,0.0,0.0,0.0,0.0,0.12,0.15,6.5,56.5,220.0,-270.0,vsin_dk
2026_CFB_W04_OU_UGA_FULL_draftkings_2026-09-13T20:01:01.975928+00:00,2026_CFB_W04_OU_UGA,4,2026-09-13T20:01:01.975928+00:00,draftkings,FULL,0.0,0.0,0.0,0.0,0.89,0.89,-10.0,52.5,-395.0,310.0,vsin_dk
2026_CFB_W04_ORE_USC_FULL_draftkings_2026-09-13T20:01:01.975928+00:00,2026_CFB_W04_ORE_USC,4,2026-09-13T20:01:01.975928+00:00,draftkings,FULL,0.2,0.0,,,0.0,0.0,5.5,,195.0,-238.0,vsin_dk
2026_CFB_W04_TEX_TENN_FULL_draftkings_2026-09-13T20:01:01.975928+00:00,2026_CFB_W04_TEX_TENN,4,2026-09-13T20:01:01.975928+00:00,draftkings,FULL,0.0,0.0,0.0,0.0,0.12,0.15,6.5,56.5,220.0,-270.0,vsin_dk
2026_CFB_W04_OU_UGA_FULL_draftkings_2026-09-13T20:05:03.593846+00:00,2026_CFB_W04_OU_UGA,4,2026-09-13T20:05:03.593846+00:00,draftkings,FULL,0.0,0.0,0.0,0.0,0.89,0.89,-10.0,52.5,-395.0,310.0,vsin_dk
2026_CFB_W04_ORE_USC_FULL_draftkings_2026-09-13T20:05:03.593846+00:00,2026_CFB_W04_ORE_USC,4,2026-09-13T20:05:03.593846+00:00,draftkings,FULL,0.2,0.0,,,0.0,0.0,5.5,,195.0,-238.0,vsin_dk
2026_CFB_W04_TEX_TENN_FULL_draftkings_2026-09-13T20:05:03.593846+00:00,2026_CFB_W04_TEX_TENN,4,2026-09-13T20:05:03.593846+00:00,draftkings,FULL,0.0,0.0,0.0,0.0,0.12,0.15,6.5,56.5,220.0,-270.0,vsin_dk
2026_CFB_W04_OU_UGA_FULL_draftkings_2026-09-13T20:15:59.169247+00:00,2026_CFB_W04_OU_UGA,4,2026-09-13T20:15:59.169247+00:00,draftkings,FULL,0.0,0.0,0.0,0.0,0.89,0.89,-10.0,52.5,-395.0,310.0,vsin_dk
2026_CFB_W04_ORE_USC_FULL_draftkings_2026-09-13T20:15:59.169247+00:00,2026_CFB_W04_ORE_USC,4,2026-09-13T20:15:59.169247+00:00,draftkings,FULL,0.2,0.0,,,0.0,0.0,5.5,,195.0,-238.0,vsin_dk
2026_CFB_W04_TEX_TENN_FULL_draftkings_2026-09-13T20:15:59.169247+00:00,2026_CFB_W04_TEX_TENN,4,2026-09-13T20:15:59.169247+00:00,draftkings,FULL,0.0,0.0,0.0,0.0,0.12,0.15,6.5,56.5,220.0,-270.0,vsin_dk
2026_CFB_W04_OU_UGA_FULL_draftkings_2026-09-13T20:19:53.689370+00:00,2026_CFB_W04_OU_UGA,4,2026-09-13T20:19:53.689370+00:00,draftkings,FULL,0.0,0.0,0.0,0.0,0.89,0.89,-10.0,52.5,-395.0,310.0,vsin_dk
2026_CFB_W04_ORE_USC_FULL_draftkings_2026-09-13T20:19:53.689370+00:00,2026_CFB_W04_ORE_USC,4,2026-09-13T20:19:53.689370+00:00,draftkings,FULL,0.2,0.0,,,0.0,0.0,5.5,,195.0,-238.0,vsin_dk
2026_CFB_W04_TEX_TENN_FULL_draftkings_2026-09-13T20:19:53.689370+00:00,2026_CFB_W04_TEX_TENN,4,2026-09-13T20:19:53.689370+00:00,draftkings,FULL,0.0,0.0,0.0,0.0,0.12,0.15,6.5,56.5,220.0,-270.0,vsin_dk
2026_CFB_W04_OU_UGA_FULL_draftkings_2026-09-13T20:23:14.637329+00:00,2026_CFB_W04_OU_UGA,4,2026-09-13T20:23:14.637329+00:00,draftkings,FULL,0.0,0.0,0.0,0.0,0.89,0.89,-10.0,52.5,-395.0,310.0,vsin_dk
2026_CFB_W04_ORE_USC_FULL_draftkings_2026-09-13T20:23:14.637329+00:00,2026_CFB_W04_ORE_USC,4,2026-09-13T20:23:14.637329+00:00,draftkings,FULL,0.2,0.0,,,0.0,0.0,5.5,,195.0,-238.0,vsin_dk
2026_CFB_W04_TEX_TENN_FULL_draftkings_2026-09-13T20:23:14.637329+00:00,2026_CFB_W04_TEX_TENN,4,2026-09-13T20:23:14.637329+00:00,draftkings,FULL,0.0,0.0,0.0,0.0,0.12,0.15,6.5,56.5,220.0,-270.0,vsin_dk
2026_CFB_W04_OU_UGA_FULL_draftkings_2026-09-13T20:31:04.949289+00:00,2026_CFB_W04_OU_UGA,4,2026-09-13T20:31:04.949289+00:00,draftkings,FULL,0.0,0.0,0.0,0.0,0.89,0.89,-10.0,52.5,-395.0,310.0,vsin_dk
2026_CFB_W04_ORE_USC_FULL_draftkings_2026-09-13T20:31:04.949289+00:00,2026_CFB_W04_ORE_USC,4,2026-09-13T20:31:04.949289+00:00,draftkings,FULL,0.2,0.0,,,0.0,0.0,5.5,,195.0,-238.0,vsin_dk
2026_CFB_W04_TEX_TENN_FULL_draftkings_2026-09-13T20:31:04.949289+00:00,2026_CFB_W04_TEX_TENN,4,2026-09-13T20:31:04.949289+00:00,draftkings,FULL,0.0,0.0,0.0,0.0,0.12,0.15,6.5,56.5,220.0,-270.0,vsin_dk
2026_CFB_W04_OU_UGA_FULL_draftkings_2026-09-13T20:35:51.772499+00:00,2026_CFB_W04_OU_UGA,4,2026-09-13T20:35:51.772499+00:00,draftkings,FULL,0.0,0.0,0.0,0.0,0.89,0.89,-10.0,52.5,-395.0,310.0,vsin_dk
2026_CFB_W04_ORE_USC_FULL_draftkings_2026-09-13T20:35:51.772499+00:00,2026_CFB_W04_ORE_USC,4,2026-09-13T20:35:51.772499+00:00,draftkings,FULL,0.2,0.0,,,0.0,0.0,5.5,,195.0,-238.0,vsin_dk
2026_CFB_W04_TEX_TENN_FULL_draftkings_2026-09-13T20:35:51.772499+00:00,2026_CFB_W04_TEX_TENN,4,2026-09-13T20:35:51.772499+00:00,draftkings,FULL,0.0,0.0,0.0,0.0,0.12,0.15,6.5,56.5,220.0,-270.0,vsin_dk
2026_CFB_W04_OU_UGA_FULL_draftkings_2026-09-13T20:45:57.914562+00:00,2026_CFB_W04_OU_UGA,4,2026-09-13T20:45:57.914562+00:00,draftkings,FULL,0.0,0.0,0.0,0.0,0.89,0.89,-10.0,52.5,-395.0,310.0,vsin_dk
2026_CFB_W04_ORE_USC_FULL_draftkings_2026-09-13T20:45:57.914562+00:00,2026_CFB_W04_ORE_USC,4,2026-09-13T20:45:57.914562+00:00,draftkings,FULL,0.2,0.0,,,0.0,0.0,5.5,,195.0,-238.0,vsin_dk
2026_CFB_W04_TEX_TENN_FULL_draftkings_2026-09-13T20:45:57.914562+00:00,2026_CFB_W04_TEX_TENN,4,2026-09-13T20:45:57.914562+00:00,draftkings,FULL,0.0,0.0,0.0,0.0,0.12,0.15,6.5,56.5,220.0,-270.0,vsin_dk
2026_CFB_W04_OU_UGA_FULL_draftkings_2026-09-13T20:47:53.965671+00:00,2026_CFB_W04_OU_UGA,4,2026-09-13T20:47:53.965671+00:00,draftkings,FULL,0.0,0.0,0.0,0.0,0.89,0.89,-10.0,52.5,-395.0,310.0,vsin_dk
2026_CFB_W04_ORE_USC_FULL_draftkings_2026-09-13T20:47:53.965671+00:00,2026_CFB_W04_ORE_USC,4,2026-09-13T20:47:53.965671+00:00,draftkings,FULL,0.2,0.0,,,0.0,0.0,5.5,,195.0,-238.0,vsin_dk
2026_CFB_W04_TEX_TENN_FULL_draftkings_2026-09-13T20:47:53.965671+00:00,2026_CFB_W04_TEX_TENN,4,2026-09-13T20:47:53.965671+00:00,draftkings,FULL,0.0,0.0,0.0,0.0,0.12,0.15,6.5,56.5,220.0,-270.0,vsin_dk
2026_CFB_W04_OU_UGA_FULL_draftkings_2026-09-13T21:01:07.664100+00:00,2026_CFB_W04_OU_UGA,4,2026-09-13T21:01:07.664100+00:00,draftkings,FULL,0.0,0.0,0.0,0.0,0.89,0.89,-10.0,52.5,-395.0,310.0,vsin_dk
2026_CFB_W04_ORE_USC_FULL_draftkings_2026-09-13T21:01:07.664100+00:00,2026_CFB_W04_ORE_USC,4,2026-09-13T21:01:07.664100+00:00,draftkings,FULL,0.2,0.0,,,0.0,0.0,5.5,,195.0,-238.0,vsin_dk
2026_CFB_W04_TEX_TENN_FULL_draftkings_2026-09-13T21:01:07.664100+00:00,2026_CFB_W04_TEX_TENN,4,2026-09-13T21:01:07.664100+00:00,draftkings,FULL,0.0,0.0,0.0,0.0,0.12,0.15,6.5,56.5,220.0,-270.0,vsin_dk
2026_CFB_W04_OU_UGA_FULL_draftkings_2026-09-13T21:03:27.778486+00:00,2026_CFB_W04_OU_UGA,4,2026-09-13T21:03:27.778486+00:00,draftkings,FULL,0.0,0.0,0.0,0.0,0.89,0.89,-10.0,52.5,-395.0,310.0,vsin_dk
2026_CFB_W04_ORE_USC_FULL_draftkings_2026-09-13T21:03:27.778486+00:00,2026_CFB_W04_ORE_USC,4,2026-09-13T21:03:27.778486+00:00,draftkings,FULL,0.2,0.0,,,0.0,0.0,5.5,,195.0,-238.0,vsin_dk
2026_CFB_W04_TEX_TENN_FULL_draftkings_2026-09-13T21:03:27.778486+00:00,2026_CFB_W04_TEX_TENN,4,2026-09-13T21:03:27.778486+00:00,draftkings,FULL,0.0,0.0,0.0,0.0,0.12,0.15,6.5,56.5,220.0,-270.0,vsin_dk
2026_CFB_W04_OU_UGA_FULL_draftkings_2026-09-13T21:16:03.120416+00:00,2026_CFB_W04_OU_UGA,4,2026-09-13T21:16:03.120416+00:00,draftkings,FULL,0.0,0.0,0.0,0.0,0.89,0.89,-10.0,52.5,-395.0,310.0,vsin_dk
2026_CFB_W04_ORE_USC_FULL_draftkings_2026-09-13T21:16:03.120416+00:00,2026_CFB_W04_ORE_USC,4,2026-09-13T21:16:03.120416+00:00,draftkings,FULL,0.2,0.0,,,0.0,0.0,5.5,,195.0,-238.0,vsin_dk
2026_CFB_W04_TEX_TENN_FULL_draftkings_2026-09-13T21:16:03.120416+00:00,2026_CFB_W04_TEX_TENN,4,2026-09-13T21:16:03.120416+00:00,draftkings,FULL,0.0,0.0,0.0,0.0,0.12,0.15,6.5,56.5,220.0,-270.0,vsin_dk
2026_CFB_W04_OU_UGA_FULL_draftkings_2026-09-13T21:19:00.447541+00:00,2026_CFB_W04_OU_UGA,4,2026-09-13T21:19:00.447541+00:00,draftkings,FULL,0.0,0.0,0.0,0.0,0.89,0.89,-10.0,52.5,-395.0,310.0,vsin_dk
2026_CFB_W04_ORE_USC_FULL_draftkings_2026-09-13T21:19:00.447541+00:00,2026_CFB_W04_ORE_USC,4,2026-09-13T21:19:00.447541+00:00,draftkings,FULL,0.2,0.0,,,0.0,0.0,5.5,,195.0,-238.0,vsin_dk
2026_CFB_W04_TEX_TENN_FULL_draftkings_2026-09-13T21:19:00.447541+00:00,2026_CFB_W04_TEX_TENN,4,2026-09-13T21:19:00.447541+00:00,draftkings,FULL,0.0,0.0,0.0,0.0,0.12,0.15,6.5,56.5,220.0,-270.0,vsin_dk
2026_CFB_W04_OU_UGA_FULL_draftkings_2026-09-13T21:21:48.359940+00:00,2026_CFB_W04_OU_UGA,4,2026-09-13T21:21:48.359940+00:00,draftkings,FULL,0.0,0.0,0.0,0.0,0.89,0.89,-10.0,52.5,-395.0,310.0,vsin_dk
2026_CFB_W04_ORE_USC_FULL_draftkings_2026-09-13T21:21:48.359940+00:00,2026_CFB_W04_ORE_USC,4,2026-09-13T21:21:48.359940+00:00,draftkings,FULL,0.2,0.0,,,0.0,0.0,5.5,,195.0,-238.0,vsin_dk
2026_CFB_W04_TEX_TENN_FULL_draftkings_2026-09-13T21:21:48.359940+00:00,2026_CFB_W04_TEX_TENN,4,2026-09-13T21:21:48.359940+00:00,draftkings,FULL,0.0,0.0,0.0,0.0,0.12,0.15,6.5,56.5,220.0,-270.0,vsin_dk
2026_CFB_W04_OU_UGA_FULL_draftkings_2026-09-13T21:31:05.159419+00:00,2026_CFB_W04_OU_UGA,4,2026-09-13T21:31:05.159419+00:00,draftkings,FULL,0.0,0.0,0.0,0.0,0.89,0.89,-10.0,52.5,-395.0,310.0,vsin_dk
2026_CFB_W04_ORE_USC_FULL_draftkings_2026-09-13T21:31:05.159419+00:00,2026_CFB_W04_ORE_USC,4,2026-09-13T21:31:05.159419+00:00,draftkings,FULL,0.2,0.0,,,0.0,0.0,5.5,,195.0,-238.0,vsin_dk
2026_CFB_W04_TEX_TENN_FULL_draftkings_2026-09-13T21:31:05.159419+00:00,2026_CFB_W04_TEX_TENN,4,2026-09-13T21:31:05.159419+00:00,draftkings,FULL,0.0,0.0,0.0,0.0,0.12,0.15,6.5,56.5,220.0,-270.0,vsin_dk
2026_CFB_W04_OU_UGA_FULL_draftkings_2026-09-13T21:34:26.742154+00:00,2026_CFB_W04_OU_UGA,4,2026-09-13T21:34:26.742154+00:00,draftkings,FULL,0.0,0.0,0.0,0.0,0.89,0.89,-10.0,52.5,-395.0,310.0,vsin_dk
2026_CFB_W04_ORE_USC_FULL_draftkings_2026-09-13T21:34:26.742154+00:00,2026_CFB_W04_ORE_USC,4,2026-09-13T21:34:26.742154+00:00,draftkings,FULL,0.2,0.0,,,0.0,0.0,5.5,,195.0,-238.0,vsin_dk
2026_CFB_W04_TEX_TENN_FULL_draftkings_2026-09-13T21:34:26.742154+00:00,2026_CFB_W04_TEX_TENN,4,2026-09-13T21:34:26.742154+00:00,draftkings,FULL,0.0,0.0,0.0,0.0,0.12,0.15,6.5,56.5,220.0,-270.0,vsin_dk
2026_CFB_W04_OU_UGA_FULL_draftkings_2026-09-13T21:46:01.837443+00:00,2026_CFB_W04_OU_UGA,4,2026-09-13T21:46:01.837443+00:00,draftkings,FULL,0.0,0.0,0.0,0.0,0.89,0.89,-10.0,52.5,-395.0,310.0,vsin_dk
2026_CFB_W04_ORE_USC_FULL_draftkings_2026-09-13T21:46:01.837443+00:00,2026_CFB_W04_ORE_USC,4,2026-09-13T21:46:01.837443+00:00,draftkings,FULL,0.2,0.0,,,0.0,0.0,5.5,,195.0,-238.0,vsin_dk
2026_CFB_W04_TEX_TENN_FULL_draftkings_2026-09-13T21:46:01.837443+00:00,2026_CFB_W04_TEX_TENN,4,2026-09-13T21:46:01.837443+00:00,draftkings,FULL,0.0,0.0,0.0,0.0,0.12,0.15,6.5,56.5,220.0,-270.0,vsin_dk
2026_CFB_W04_OU_UGA_FULL_draftkings_2026-09-13T21:47:32.432764+00:00,2026_CFB_W04_OU_UGA,4,2026-09-13T21:47:32.432764+00:00,draftkings,FULL,0.0,0.0,0.0,0.0,0.89,0.89,-10.0,52.5,-395.0,310.0,vsin_dk
2026_CFB_W04_ORE_USC_FULL_draftkings_2026-09-13T21:47:32.432764+00:00,2026_CFB_W04_ORE_USC,4,2026-09-13T21:47:32.432764+00:00,draftkings,FULL,0.2,0.0,,,0.0,0.0,5.5,,195.0,-238.0,vsin_dk
2026_CFB_W04_TEX_TENN_FULL_draftkings_2026-09-13T21:47:32.432764+00:00,2026_CFB_W04_TEX_TENN,4,2026-09-13T21:47:32.432764+00:00,draftkings,FULL,0.0,0.0,0.0,0.0,0.12,0.15,6.5,56.5,220.0,-270.0,vsin_dk
2026_CFB_W04_OU_UGA_FULL_draftkings_2026-09-13T22:01:06.567591+00:00,2026_CFB_W04_OU_UGA,4,2026-09-13T22:01:06.567591+00:00,draftkings,FULL,0.0,0.0,0.0,0.0,0.89,0.89,-10.0,52.5,-395.0,310.0,vsin_dk
2026_CFB_W04_ORE_USC_FULL_draftkings_2026-09-13T22:01:06.567591+00:00,2026_CFB_W04_ORE_USC,4,2026-09-13T22:01:06.567591+00:00,draftkings,FULL,0.2,0.0,,,0.0,0.0,5.5,,195.0,-238.0,vsin_dk
2026_CFB_W04_TEX_TENN_FULL_draftkings_2026-09-13T22:01:06.567591+00:00,2026_CFB_W04_TEX_TENN,4,2026-09-13T22:01:06.567591+00:00,draftkings,FULL,0.0,0.0,0.0,0.0,0.12,0.15,6.5,56.5,220.0,-270.0,vsin_dk
2026_CFB_W04_OU_UGA_FULL_draftkings_2026-09-13T22:03:36.510264+00:00,2026_CFB_W04_OU_UGA,4,2026-09-13T22:03:36.510264+00:00,draftkings,FULL,0.0,0.0,0.0,0.0,0.89,0.89,-10.0,52.5,-395.0,310.0,vsin_dk
2026_CFB_W04_ORE_USC_FULL_draftkings_2026-09-13T22:03:36.510264+00:00,2026_CFB_W04_ORE_USC,4,2026-09-13T22:03:36.510264+00:00,draftkings,FULL,0.2,0.0,,,0.0,0.0,5.5,,195.0,-238.0,vsin_dk
2026_CFB_W04_TEX_TENN_FULL_draftkings_2026-09-13T22:03:36.510264+00:00,2026_CFB_W04_TEX_TENN,4,2026-09-13T22:03:36.510264+00:00,draftkings,FULL,0.0,0.0,0.0,0.0,0.12,0.15,6.5,56.5,220.0,-270.0,vsin_dk
2026_CFB_W04_OU_UGA_FULL_draftkings_2026-09-13T22:16:03.273052+00:00,2026_CFB_W04_OU_UGA,4,2026-09-13T22:16:03.273052+00:00,draftkings,FULL,0.0,0.0,0.0,0.0,0.89,0.89,-10.0,52.5,-395.0,310.0,vsin_dk
2026_CFB_W04_ORE_USC_FULL_draftkings_2026-09-13T22:16:03.273052+00:00,2026_CFB_W04_ORE_USC,4,2026-09-13T22:16:03.273052+00:00,draftkings,FULL,0.2,0.0,,,0.0,0.0,5.5,,195.0,-238.0,vsin_dk
2026_CFB_W04_TEX_TENN_FULL_draftkings_2026-09-13T22:16:03.273052+00:00,2026_CFB_W04_TEX_TENN,4,2026-09-13T22:16:03.273052+00:00,draftkings,FULL,0.0,0.0,0.0,0.0,0.12,0.15,6.5,56.5,220.0,-270.0,vsin_dk
2026_CFB_W04_OU_UGA_FULL_draftkings_2026-09-13T22:19:36.479514+00:00,2026_CFB_W04_OU_UGA,4,2026-09-13T22:19:36.479514+00:00,draftkings,FULL,0.0,0.0,0.0,0.0,0.89,0.89,-10.0,52.5,-395.0,310.0,vsin_dk
2026_CFB_W04_ORE_USC_FULL_draftkings_2026-09-13T22:19:36.479514+00:00,2026_CFB_W04_ORE_USC,4,2026-09-13T22:19:36.479514+00:00,draftkings,FULL,0.2,0.0,,,0.0,0.0,5.5,,195.0,-238.0,vsin_dk
2026_CFB_W04_TEX_TENN_FULL_draftkings_2026-09-13T22:19:36.479514+00:00,2026_CFB_W04_TEX_TENN,4,2026-09-13T22:19:36.479514+00:00,draftkings,FULL,0.0,0.0,0.0,0.0,0.12,0.15,6.5,56.5,220.0,-270.0,vsin_dk
2026_CFB_W04_OU_UGA_FULL_draftkings_2026-09-13T22:22:57.278099+00:00,2026_CFB_W04_OU_UGA,4,2026-09-13T22:22:57.278099+00:00,draftkings,FULL,0.0,0.0,0.0,0.0,0.89,0.89,-10.0,52.5,-395.0,310.0,vsin_dk
2026_CFB_W04_ORE_USC_FULL_draftkings_2026-09-13T22:22:57.278099+00:00,2026_CFB_W04_ORE_USC,4,2026-09-13T22:22:57.278099+00:00,draftkings,FULL,0.2,0.0,,,0.0,0.0,5.5,,195.0,-238.0,vsin_dk
2026_CFB_W04_TEX_TENN_FULL_draftkings_2026-09-13T22:22:57.278099+00:00,2026_CFB_W04_TEX_TENN,4,2026-09-13T22:22:57.278099+00:00,draftkings,FULL,0.0,0.0,0.0,0.0,0.12,0.15,6.5,56.5,220.0,-270.0,vsin_dk
2026_CFB_W04_OU_UGA_FULL_draftkings_2026-09-13T22:31:01.976791+00:00,2026_CFB_W04_OU_UGA,4,2026-09-13T22:31:01.976791+00:00,draftkings,FULL,0.0,0.0,0.0,0.0,0.89,0.89,-10.0,52.5,-395.0,310.0,vsin_dk
2026_CFB_W04_ORE_USC_FULL_draftkings_2026-09-13T22:31:01.976791+00:00,2026_CFB_W04_ORE_USC,4,2026-09-13T22:31:01.976791+00:00,draftkings,FULL,0.2,0.0,,,0.0,0.0,5.5,,195.0,-238.0,vsin_dk
2026_CFB_W04_TEX_TENN_FULL_draftkings_2026-09-13T22:31:01.976791+00:00,2026_CFB_W04_TEX_TENN,4,2026-09-13T22:31:01.976791+00:00,draftkings,FULL,0.0,0.0,0.0,0.0,0.12,0.15,6.5,56.5,220.0,-270.0,vsin_dk
2026_CFB_W04_OU_UGA_FULL_draftkings_2026-09-13T22:36:36.302933+00:00,2026_CFB_W04_OU_UGA,4,2026-09-13T22:36:36.302933+00:00,draftkings,FULL,0.0,0.0,0.0,0.0,0.89,0.89,-10.0,52.5,-395.0,310.0,vsin_dk
2026_CFB_W04_ORE_USC_FULL_draftkings_2026-09-13T22:36:36.302933+00:00,2026_CFB_W04_ORE_USC,4,2026-09-13T22:36:36.302933+00:00,draftkings,FULL,0.2,0.0,,,0.0,0.0,5.5,,195.0,-238.0,vsin_dk
2026_CFB_W04_TEX_TENN_FULL_draftkings_2026-09-13T22:36:36.302933+00:00,2026_CFB_W04_TEX_TENN,4,2026-09-13T22:36:36.302933+00:00,draftkings,FULL,0.0,0.0,0.0,0.0,0.12,0.15,6.5,56.5,220.0,-270.0,vsin_dk
2026_CFB_W04_OU_UGA_FULL_draftkings_2026-09-13T22:46:03.638767+00:00,2026_CFB_W04_OU_UGA,4,2026-09-13T22:46:03.638767+00:00,draftkings,FULL,0.0,0.0,0.0,0.0,0.89,0.89,-10.0,52.5,-395.0,310.0,vsin_dk
2026_CFB_W04_ORE_USC_FULL_draftkings_2026-09-13T22:46:03.638767+00:00,2026_CFB_W04_ORE_USC,4,2026-09-13T22:46:03.638767+00:00,draftkings,FULL,0.2,0.0,,,0.0,0.0,5.5,,195.0,-238.0,vsin_dk
2026_CFB_W04_TEX_TENN_FULL_draftkings_2026-09-13T22:46:03.638767+00:00,2026_CFB_W04_TEX_TENN,4,2026-09-13T22:46:03.638767+00:00,draftkings,FULL,0.0,0.0,0.0,0.0,0.12,0.15,6.5,56.5,220.0,-270.0,vsin_dk
2026_CFB_W04_OU_UGA_FULL_draftkings_2026-09-13T22:48:45.861014+00:00,2026_CFB_W04_OU_UGA,4,2026-09-13T22:48:45.861014+00:00,draftkings,FULL,0.0,0.0,0.0,0.0,0.89,0.89,-10.0,52.5,-395.0,310.0,vsin_dk
2026_CFB_W04_ORE_USC_FULL_draftkings_2026-09-13T22:48:45.861014+00:00,2026_CFB_W04_ORE_USC,4,2026-09-13T22:48:45.861014+00:00,draftkings,FULL,0.2,0.0,,,0.0,0.0,5.5,,195.0,-238.0,vsin_dk
2026_CFB_W04_TEX_TENN_FULL_draftkings_2026-09-13T22:48:45.861014+00:00,2026_CFB_W04_TEX_TENN,4,2026-09-13T22:48:45.861014+00:00,draftkings,FULL,0.0,0.0,0.0,0.0,0.12,0.15,6.5,56.5,220.0,-270.0,vsin_dk
2026_CFB_W04_OU_UGA_FULL_draftkings_2026-09-13T23:01:09.760066+00:00,2026_CFB_W04_OU_UGA,4,2026-09-13T23:01:09.760066+00:00,draftkings,FULL,0.0,0.0,0.0,0.0,0.89,0.89,-10.0,52.5,-395.0,310.0,vsin_dk
2026_CFB_W04_ORE_USC_FULL_draftkings_2026-09-13T23:01:09.760066+00:00,2026_CFB_W04_ORE_USC,4,2026-09-13T23:01:09.760066+00:00,draftkings,FULL,0.2,0.0,,,0.0,0.0,5.5,,195.0,-238.0,vsin_dk
2026_CFB_W04_TEX_TENN_FULL_draftkings_2026-09-13T23:01:09.760066+00:00,2026_CFB_W04_TEX_TENN,4,2026-09-13T23:01:09.760066+00:00,draftkings,FULL,0.0,0.0,0.0,0.0,0.12,0.15,6.5,56.5,220.0,-270.0,vsin_dk
2026_CFB_W04_OU_UGA_FULL_draftkings_2026-09-13T23:05:19.209794+00:00,2026_CFB_W04_OU_UGA,4,2026-09-13T23:05:19.209794+00:00,draftkings,FULL,0.0,0.0,0.0,0.0,0.89,0.89,-10.0,52.5,-395.0,310.0,vsin_dk
2026_CFB_W04_ORE_USC_FULL_draftkings_2026-09-13T23:05:19.209794+00:00,2026_CFB_W04_ORE_USC,4,2026-09-13T23:05:19.209794+00:00,draftkings,FULL,0.2,0.0,,,0.0,0.0,5.5,,195.0,-238.0,vsin_dk
2026_CFB_W04_TEX_TENN_FULL_draftkings_2026-09-13T23:05:19.209794+00:00,2026_CFB_W04_TEX_TENN,4,2026-09-13T23:05:19.209794+00:00,draftkings,FULL,0.0,0.0,0.0,0.0,0.12,0.15,6.5,56.5,220.0,-270.0,vsin_dk
2026_CFB_W04_OU_UGA_FULL_draftkings_2026-09-13T23:16:06.534081+00:00,2026_CFB_W04_OU_UGA,4,2026-09-13T23:16:06.534081+00:00,draftkings,FULL,0.0,0.0,0.0,0.0,0.89,0.89,-10.0,52.5,-395.0,310.0,vsin_dk
2026_CFB_W04_ORE_USC_FULL_draftkings_2026-09-13T23:16:06.534081+00:00,2026_CFB_W04_ORE_USC,4,2026-09-13T23:16:06.534081+00:00,draftkings,FULL,0.2,0.0,,,0.0,0.0,5.5,,195.0,-238.0,vsin_dk
2026_CFB_W04_TEX_TENN_FULL_draftkings_2026-09-13T23:16:06.534081+00:00,2026_CFB_W04_TEX_TENN,4,2026-09-13T23:16:06.534081+00:00,draftkings,FULL,0.0,0.0,0.0,0.0,0.12,0.15,6.5,56.5,220.0,-270.0,vsin_dk
2026_CFB_W04_OU_UGA_FULL_draftkings_2026-09-13T23:18:09.900557+00:00,2026_CFB_W04_OU_UGA,4,2026-09-13T23:18:09.900557+00:00,draftkings,FULL,0.0,0.0,0.0,0.0,0.89,0.89,-10.0,52.5,-395.0,310.0,vsin_dk
2026_CFB_W04_ORE_USC_FULL_draftkings_2026-09-13T23:18:09.900557+00:00,2026_CFB_W04_ORE_USC,4,2026-09-13T23:18:09.900557+00:00,draftkings,FULL,0.2,0.0,,,0.0,0.0,5.5,,195.0,-238.0,vsin_dk
2026_CFB_W04_TEX_TENN_FULL_draftkings_2026-09-13T23:18:09.900557+00:00,2026_CFB_W04_TEX_TENN,4,2026-09-13T23:18:09.900557+00:00,draftkings,FULL,0.0,0.0,0.0,0.0,0.12,0.15,6.5,56.5,220.0,-270.0,vsin_dk
2026_CFB_W04_OU_UGA_FULL_draftkings_2026-09-13T23:21:05.193637+00:00,2026_CFB_W04_OU_UGA,4,2026-09-13T23:21:05.193637+00:00,draftkings,FULL,0.0,0.0,0.0,0.0,0.89,0.89,-10.0,52.5,-395.0,310.0,vsin_dk
2026_CFB_W04_ORE_USC_FULL_draftkings_2026-09-13T23:21:05.193637+00:00,2026_CFB_W04_ORE_USC,4,2026-09-13T23:21:05.193637+00:00,draftkings,FULL,0.2,0.0,,,0.0,0.0,5.5,,195.0,-238.0,vsin_dk
2026_CFB_W04_TEX_TENN_FULL_draftkings_2026-09-13T23:21:05.193637+00:00,2026_CFB_W04_TEX_TENN,4,2026-09-13T23:21:05.193637+00:00,draftkings,FULL,0.0,0.0,0.0,0.0,0.12,0.15,6.5,56.5,220.0,-270.0,vsin_dk
2026_CFB_W04_OU_UGA_FULL_draftkings_2026-09-13T23:31:06.045218+00:00,2026_CFB_W04_OU_UGA,4,2026-09-13T23:31:06.045218+00:00,draftkings,FULL,0.0,0.0,0.0,0.0,0.89,0.89,-10.0,52.5,-395.0,310.0,vsin_dk
2026_CFB_W04_ORE_USC_FULL_draftkings_2026-09-13T23:31:06.045218+00:00,2026_CFB_W04_ORE_USC,4,2026-09-13T23:31:06.045218+00:00,draftkings,FULL,0.2,0.0,,,0.0,0.0,5.5,,195.0,-238.0,vsin_dk
2026_CFB_W04_TEX_TENN_FULL_draftkings_2026-09-13T23:31:06.045218+00:00,2026_CFB_W04_TEX_TENN,4,2026-09-13T23:31:06.045218+00:00,draftkings,FULL,0.0,0.0,0.0,0.0,0.12,0.15,6.5,56.5,220.0,-270.0,vsin_dk
2026_CFB_W04_OU_UGA_FULL_draftkings_2026-09-13T23:34:11.096156+00:00,2026_CFB_W04_OU_UGA,4,2026-09-13T23:34:11.096156+00:00,draftkings,FULL,0.0,0.0,0.0,0.0,0.89,0.89,-10.0,52.5,-395.0,310.0,vsin_dk
2026_CFB_W04_ORE_USC_FULL_draftkings_2026-09-13T23:34:11.096156+00:00,2026_CFB_W04_ORE_USC,4,2026-09-13T23:34:11.096156+00:00,draftkings,FULL,0.2,0.0,,,0.0,0.0,5.5,,195.0,-238.0,vsin_dk
2026_CFB_W04_TEX_TENN_FULL_draftkings_2026-09-13T23:34:11.096156+00:00,2026_CFB_W04_TEX_TENN,4,2026-09-13T23:34:11.096156+00:00,draftkings,FULL,0.0,0.0,0.0,0.0,0.12,0.15,6.5,56.5,220.0,-270.0,vsin_dk
2026_CFB_W04_OU_UGA_FULL_draftkings_2026-09-13T23:46:05.854715+00:00,2026_CFB_W04_OU_UGA,4,2026-09-13T23:46:05.854715+00:00,draftkings,FULL,0.0,0.0,0.0,0.0,0.89,0.89,-10.0,52.5,-395.0,310.0,vsin_dk
2026_CFB_W04_ORE_USC_FULL_draftkings_2026-09-13T23:46:05.854715+00:00,2026_CFB_W04_ORE_USC,4,2026-09-13T23:46:05.854715+00:00,draftkings,FULL,0.2,0.0,,,0.0,0.0,5.5,,195.0,-238.0,vsin_dk
2026_CFB_W04_TEX_TENN_FULL_draftkings_2026-09-13T23:46:05.854715+00:00,2026_CFB_W04_TEX_TENN,4,2026-09-13T23:46:05.854715+00:00,draftkings,FULL,0.0,0.0,0.0,0.0,0.12,0.15,6.5,56.5,220.0,-270.0,vsin_dk
2026_CFB_W04_OU_UGA_FULL_draftkings_2026-09-13T23:47:22.846994+00:00,2026_CFB_W04_OU_UGA,4,2026-09-13T23:47:22.846994+00:00,draftkings,FULL,0.0,0.0,0.0,0.0,0.89,0.89,-10.0,52.5,-395.0,310.0,vsin_dk
2026_CFB_W04_ORE_USC_FULL_draftkings_2026-09-13T23:47:22.846994+00:00,2026_CFB_W04_ORE_USC,4,2026-09-13T23:47:22.846994+00:00,draftkings,FULL,0.2,0.0,,,0.0,0.0,5.5,,195.0,-238.0,vsin_dk
2026_CFB_W04_TEX_TENN_FULL_draftkings_2026-09-13T23:47:22.846994+00:00,2026_CFB_W04_TEX_TENN,4,2026-09-13T23:47:22.846994+00:00,draftkings,FULL,0.0,0.0,0.0,0.0,0.12,0.15,6.5,56.5,220.0,-270.0,vsin_dk
2026_CFB_W04_OU_UGA_FULL_draftkings_2026-09-14T00:01:22.639894+00:00,2026_CFB_W04_OU_UGA,4,2026-09-14T00:01:22.639894+00:00,draftkings,FULL,0.0,0.0,0.0,0.0,0.89,0.89,-10.0,52.5,-395.0,310.0,vsin_dk
2026_CFB_W04_ORE_USC_FULL_draftkings_2026-09-14T00:01:22.639894+00:00,2026_CFB_W04_ORE_USC,4,2026-09-14T00:01:22.639894+00:00,draftkings,FULL,0.2,0.0,,,0.0,0.0,5.5,,195.0,-238.0,vsin_dk
2026_CFB_W04_TEX_TENN_FULL_draftkings_2026-09-14T00:01:22.639894+00:00,2026_CFB_W04_TEX_TENN,4,2026-09-14T00:01:22.639894+00:00,draftkings,FULL,0.0,0.0,0.0,0.0,0.12,0.15,6.5,56.5,220.0,-270.0,vsin_dk
2026_CFB_W04_OU_UGA_FULL_draftkings_2026-09-14T00:16:10.320006+00:00,2026_CFB_W04_OU_UGA,4,2026-09-14T00:16:10.320006+00:00,draftkings,FULL,0.0,0.0,0.0,0.0,0.89,0.89,-10.0,52.5,-395.0,310.0,vsin_dk
2026_CFB_W04_ORE_USC_FULL_draftkings_2026-09-14T00:16:10.320006+00:00,2026_CFB_W04_ORE_USC,4,2026-09-14T00:16:10.320006+00:00,draftkings,FULL,0.2,0.0,,,0.0,0.0,5.5,,195.0,-238.0,vsin_dk
2026_CFB_W04_TEX_TENN_FULL_draftkings_2026-09-14T00:16:10.320006+00:00,2026_CFB_W04_TEX_TENN,4,2026-09-14T00:16:10.320006+00:00,draftkings,FULL,0.0,0.0,0.0,0.0,0.12,0.15,6.5,56.5,220.0,-270.0,vsin_dk
2026_CFB_W04_OU_UGA_FULL_draftkings_2026-09-14T00:24:18.318610+00:00,2026_CFB_W04_OU_UGA,4,2026-09-14T00:24:18.318610+00:00,draftkings,FULL,0.0,0.0,0.0,0.0,0.89,0.89,-10.0,52.5,-395.0,310.0,vsin_dk
2026_CFB_W04_ORE_USC_FULL_draftkings_2026-09-14T00:24:18.318610+00:00,2026_CFB_W04_ORE_USC,4,2026-09-14T00:24:18.318610+00:00,draftkings,FULL,0.2,0.0,,,0.0,0.0,5.5,,195.0,-238.0,vsin_dk
2026_CFB_W04_TEX_TENN_FULL_draftkings_2026-09-14T00:24:18.318610+00:00,2026_CFB_W04_TEX_TENN,4,2026-09-14T00:24:18.318610+00:00,draftkings,FULL,0.0,0.0,0.0,0.0,0.12,0.15,6.5,56.5,220.0,-270.0,vsin_dk
2026_CFB_W04_OU_UGA_FULL_draftkings_2026-09-14T00:29:04.764873+00:00,2026_CFB_W04_OU_UGA,4,2026-09-14T00:29:04.764873+00:00,draftkings,FULL,0.0,0.0,0.0,0.0,0.89,0.89,-10.0,52.5,-395.0,310.0,vsin_dk
2026_CFB_W04_ORE_USC_FULL_draftkings_2026-09-14T00:29:04.764873+00:00,2026_CFB_W04_ORE_USC,4,2026-09-14T00:29:04.764873+00:00,draftkings,FULL,0.2,0.0,,,0.0,0.0,5.5,,195.0,-238.0,vsin_dk
2026_CFB_W04_TEX_TENN_FULL_draftkings_2026-09-14T00:29:04.764873+00:00,2026_CFB_W04_TEX_TENN,4,2026-09-14T00:29:04.764873+00:00,draftkings,FULL,0.0,0.0,0.0,0.0,0.12,0.15,6.5,56.5,220.0,-270.0,vsin_dk
2026_CFB_W04_OU_UGA_FULL_draftkings_2026-09-14T00:31:08.354942+00:00,2026_CFB_W04_OU_UGA,4,2026-09-14T00:31:08.354942+00:00,draftkings,FULL,0.0,0.0,0.0,0.0,0.89,0.89,-10.0,52.5,-395.0,310.0,vsin_dk
2026_CFB_W04_ORE_USC_FULL_draftkings_2026-09-14T00:31:08.354942+00:00,2026_CFB_W04_ORE_USC,4,2026-09-14T00:31:08.354942+00:00,draftkings,FULL,0.2,0.0,,,0.0,0.0,5.5,,195.0,-238.0,vsin_dk
2026_CFB_W04_TEX_TENN_FULL_draftkings_2026-09-14T00:31:08.354942+00:00,2026_CFB_W04_TEX_TENN,4,2026-09-14T00:31:08.354942+00:00,draftkings,FULL,0.0,0.0,0.0,0.0,0.12,0.15,6.5,56.5,220.0,-270.0,vsin_dk
2026_CFB_W04_OU_UGA_FULL_draftkings_2026-09-14T00:46:05.454610+00:00,2026_CFB_W04_OU_UGA,4,2026-09-14T00:46:05.454610+00:00,draftkings,FULL,0.0,0.0,0.0,0.0,0.89,0.89,-10.0,52.5,-395.0,310.0,vsin_dk
2026_CFB_W04_ORE_USC_FULL_draftkings_2026-09-14T00:46:05.454610+00:00,2026_CFB_W04_ORE_USC,4,2026-09-14T00:46:05.454610+00:00,draftkings,FULL,0.2,0.0,,,0.0,0.0,5.5,,195.0,-238.0,vsin_dk
2026_CFB_W04_TEX_TENN_FULL_draftkings_2026-09-14T00:46:05.454610+00:00,2026_CFB_W04_TEX_TENN,4,2026-09-14T00:46:05.454610+00:00,draftkings,FULL,0.0,0.0,0.0,0.0,0.12,0.15,6.5,56.5,220.0,-270.0,vsin_dk
2026_CFB_W04_OU_UGA_FULL_draftkings_2026-09-14T00:49:25.701007+00:00,2026_CFB_W04_OU_UGA,4,2026-09-14T00:49:25.701007+00:00,draftkings,FULL,0.0,0.0,0.0,0.0,0.89,0.89,-10.0,52.5,-395.0,310.0,vsin_dk
2026_CFB_W04_ORE_USC_FULL_draftkings_2026-09-14T00:49:25.701007+00:00,2026_CFB_W04_ORE_USC,4,2026-09-14T00:49:25.701007+00:00,draftkings,FULL,0.2,0.0,,,0.0,0.0,5.5,,195.0,-238.0,vsin_dk
2026_CFB_W04_TEX_TENN_FULL_draftkings_2026-09-14T00:49:25.701007+00:00,2026_CFB_W04_TEX_TENN,4,2026-09-14T00:49:25.701007+00:00,draftkings,FULL,0.0,0.0,0.0,0.0,0.12,0.15,6.5,56.5,220.0,-270.0,vsin_dk
2026_CFB_W04_OU_UGA_FULL_draftkings_2026-09-14T01:03:01.322497+00:00,2026_CFB_W04_OU_UGA,4,2026-09-14T01:03:01.322497+00:00,draftkings,FULL,0.0,0.0,0.0,0.0,0.89,0.89,-10.0,52.5,-395.0,310.0,vsin_dk
2026_CFB_W04_ORE_USC_FULL_draftkings_2026-09-14T01:03:01.322497+00:00,2026_CFB_W04_ORE_USC,4,2026-09-14T01:03:01.322497+00:00,draftkings,FULL,0.2,0.0,,,0.0,0.0,5.5,,195.0,-238.0,vsin_dk
2026_CFB_W04_TEX_TENN_FULL_draftkings_2026-09-14T01:03:01.322497+00:00,2026_CFB_W04_TEX_TENN,4,2026-09-14T01:03:01.322497+00:00,draftkings,FULL,0.0,0.0,0.0,0.0,0.12,0.15,6.5,56.5,220.0,-270.0,vsin_dk
2026_CFB_W04_OU_UGA_FULL_draftkings_2026-09-14T01:17:02.494365+00:00,2026_CFB_W04_OU_UGA,4,2026-09-14T01:17:02.494365+00:00,draftkings,FULL,0.0,0.0,0.0,0.0,0.89,0.89,-10.0,52.5,-395.0,310.0,vsin_dk
2026_CFB_W04_ORE_USC_FULL_draftkings_2026-09-14T01:17:02.494365+00:00,2026_CFB_W04_ORE_USC,4,2026-09-14T01:17:02.494365+00:00,draftkings,FULL,0.2,0.0,,,0.0,0.0,5.5,,195.0,-238.0,vsin_dk
2026_CFB_W04_TEX_TENN_FULL_draftkings_2026-09-14T01:17:02.494365+00:00,2026_CFB_W04_TEX_TENN,4,2026-09-14T01:17:02.494365+00:00,draftkings,FULL,0.0,0.0,0.0,0.0,0.12,0.15,6.5,56.5,220.0,-270.0,vsin_dk
2026_CFB_W04_OU_UGA_FULL_draftkings_2026-09-14T01:20:10.048284+00:00,2026_CFB_W04_OU_UGA,4,2026-09-14T01:20:10.048284+00:00,draftkings,FULL,0.0,0.0,0.0,0.0,0.89,0.89,-10.0,52.5,-395.0,310.0,vsin_dk
2026_CFB_W04_ORE_USC_FULL_draftkings_2026-09-14T01:20:10.048284+00:00,2026_CFB_W04_ORE_USC,4,2026-09-14T01:20:10.048284+00:00,draftkings,FULL,0.2,0.0,,,0.0,0.0,5.5,,195.0,-238.0,vsin_dk
2026_CFB_W04_TEX_TENN_FULL_draftkings_2026-09-14T01:20:10.048284+00:00,2026_CFB_W04_TEX_TENN,4,2026-09-14T01:20:10.048284+00:00,draftkings,FULL,0.0,0.0,0.0,0.0,0.12,0.15,6.5,56.5,220.0,-270.0,vsin_dk
2026_CFB_W04_OU_UGA_FULL_draftkings_2026-09-14T01:31:06.236433+00:00,2026_CFB_W04_OU_UGA,4,2026-09-14T01:31:06.236433+00:00,draftkings,FULL,0.0,0.0,0.0,0.0,0.89,0.89,-10.0,52.5,-395.0,310.0,vsin_dk
2026_CFB_W04_ORE_USC_FULL_draftkings_2026-09-14T01:31:06.236433+00:00,2026_CFB_W04_ORE_USC,4,2026-09-14T01:31:06.236433+00:00,draftkings,FULL,0.2,0.0,,,0.0,0.0,5.5,,195.0,-238.0,vsin_dk
2026_CFB_W04_TEX_TENN_FULL_draftkings_2026-09-14T01:31:06.236433+00:00,2026_CFB_W04_TEX_TENN,4,2026-09-14T01:31:06.236433+00:00,draftkings,FULL,0.0,0.0,0.0,0.0,0.12,0.15,6.5,56.5,220.0,-270.0,vsin_dk
2026_CFB_W04_OU_UGA_FULL_draftkings_2026-09-14T01:44:07.360278+00:00,2026_CFB_W04_OU_UGA,4,2026-09-14T01:44:07.360278+00:00,draftkings,FULL,0.0,0.0,0.0,0.0,0.89,0.89,-10.0,52.5,-395.0,310.0,vsin_dk
2026_CFB_W04_ORE_USC_FULL_draftkings_2026-09-14T01:44:07.360278+00:00,2026_CFB_W04_ORE_USC,4,2026-09-14T01:44:07.360278+00:00,draftkings,FULL,0.2,0.0,,,0.0,0.0,5.5,,195.0,-238.0,vsin_dk
2026_CFB_W04_TEX_TENN_FULL_draftkings_2026-09-14T01:44:07.360278+00:00,2026_CFB_W04_TEX_TENN,4,2026-09-14T01:44:07.360278+00:00,draftkings,FULL,0.0,0.0,0.0,0.0,0.12,0.15,6.5,56.5,220.0,-270.0,vsin_dk
2026_CFB_W04_OU_UGA_FULL_draftkings_2026-09-14T01:46:05.085304+00:00,2026_CFB_W04_OU_UGA,4,2026-09-14T01:46:05.085304+00:00,draftkings,FULL,0.0,0.0,0.0,0.0,0.89,0.89,-10.0,52.5,-395.0,310.0,vsin_dk
2026_CFB_W04_ORE_USC_FULL_draftkings_2026-09-14T01:46:05.085304+00:00,2026_CFB_W04_ORE_USC,4,2026-09-14T01:46:05.085304+00:00,draftkings,FULL,0.2,0.0,,,0.0,0.0,5.5,,195.0,-238.0,vsin_dk
2026_CFB_W04_TEX_TENN_FULL_draftkings_2026-09-14T01:46:05.085304+00:00,2026_CFB_W04_TEX_TENN,4,2026-09-14T01:46:05.085304+00:00,draftkings,FULL,0.0,0.0,0.0,0.0,0.12,0.15,6.5,56.5,220.0,-270.0,vsin_dk
2026_CFB_W04_OU_UGA_FULL_draftkings_2026-09-14T01:58:31.511896+00:00,2026_CFB_W04_OU_UGA,4,2026-09-14T01:58:31.511896+00:00,draftkings,FULL,0.0,0.0,0.0,0.0,0.89,0.89,-10.0,52.5,-395.0,310.0,vsin_dk
2026_CFB_W04_ORE_USC_FULL_draftkings_2026-09-14T01:58:31.511896+00:00,2026_CFB_W04_ORE_USC,4,2026-09-14T01:58:31.511896+00:00,draftkings,FULL,0.2,0.0,,,0.0,0.0,5.5,,195.0,-238.0,vsin_dk
2026_CFB_W04_TEX_TENN_FULL_draftkings_2026-09-14T01:58:31.511896+00:00,2026_CFB_W04_TEX_TENN,4,2026-09-14T01:58:31.511896+00:00,draftkings,FULL,0.0,0.0,0.0,0.0,0.12,0.15,6.5,56.5,220.0,-270.0,vsin_dk
2026_CFB_W04_OU_UGA_FULL_draftkings_2026-09-14T02:02:33.343730+00:00,2026_CFB_W04_OU_UGA,4,2026-09-14T02:02:33.343730+00:00,draftkings,FULL,0.0,0.0,0.0,0.0,0.89,0.89,-10.0,52.5,-395.0,310.0,vsin_dk
2026_CFB_W04_ORE_USC_FULL_draftkings_2026-09-14T02:02:33.343730+00:00,2026_CFB_W04_ORE_USC,4,2026-09-14T02:02:33.343730+00:00,draftkings,FULL,0.2,0.0,,,0.0,0.0,5.5,,195.0,-238.0,vsin_dk
2026_CFB_W04_TEX_TENN_FULL_draftkings_2026-09-14T02:02:33.343730+00:00,2026_CFB_W04_TEX_TENN,4,2026-09-14T02:02:33.343730+00:00,draftkings,FULL,0.0,0.0,0.0,0.0,0.12,0.15,6.5,56.5,220.0,-270.0,vsin_dk
2026_CFB_W04_OU_UGA_FULL_draftkings_2026-09-14T02:16:02.805495+00:00,2026_CFB_W04_OU_UGA,4,2026-09-14T02:16:02.805495+00:00,draftkings,FULL,0.0,0.0,0.0,0.0,0.89,0.89,-10.0,52.5,-395.0,310.0,vsin_dk
2026_CFB_W04_ORE_USC_FULL_draftkings_2026-09-14T02:16:02.805495+00:00,2026_CFB_W04_ORE_USC,4,2026-09-14T02:16:02.805495+00:00,draftkings,FULL,0.2,0.0,,,0.0,0.0,5.5,,195.0,-238.0,vsin_dk
2026_CFB_W04_TEX_TENN_FULL_draftkings_2026-09-14T02:16:02.805495+00:00,2026_CFB_W04_TEX_TENN,4,2026-09-14T02:16:02.805495+00:00,draftkings,FULL,0.0,0.0,0.0,0.0,0.12,0.15,6.5,56.5,220.0,-270.0,vsin_dk
2026_CFB_W04_OU_UGA_FULL_draftkings_2026-09-14T02:19:59.008247+00:00,2026_CFB_W04_OU_UGA,4,2026-09-14T02:19:59.008247+00:00,draftkings,FULL,0.0,0.0,0.0,0.0,0.89,0.89,-10.0,52.5,-395.0,310.0,vsin_dk
2026_CFB_W04_ORE_USC_FULL_draftkings_2026-09-14T02:19:59.008247+00:00,2026_CFB_W04_ORE_USC,4,2026-09-14T02:19:59.008247+00:00,draftkings,FULL,0.2,0.0,,,0.0,0.0,5.5,,195.0,-238.0,vsin_dk
2026_CFB_W04_TEX_TENN_FULL_draftkings_2026-09-14T02:19:59.008247+00:00,2026_CFB_W04_TEX_TENN,4,2026-09-14T02:19:59.008247+00:00,draftkings,FULL,0.0,0.0,0.0,0.0,0.12,0.15,6.5,56.5,220.0,-270.0,vsin_dk
2026_CFB_W04_OU_UGA_FULL_draftkings_2026-09-14T02:21:15.939478+00:00,2026_CFB_W04_OU_UGA,4,2026-09-14T02:21:15.939478+00:00,draftkings,FULL,0.0,0.0,0.0,0.0,0.89,0.89,-10.0,52.5,-395.0,310.0,vsin_dk
2026_CFB_W04_ORE_USC_FULL_draftkings_2026-09-14T02:21:15.939478+00:00,2026_CFB_W04_ORE_USC,4,2026-09-14T02:21:15.939478+00:00,draftkings,FULL,0.2,0.0,,,0.0,0.0,5.5,,195.0,-238.0,vsin_dk
2026_CFB_W04_TEX_TENN_FULL_draftkings_2026-09-14T02:21:15.939478+00:00,2026_CFB_W04_TEX_TENN,4,2026-09-14T02:21:15.939478+00:00,draftkings,FULL,0.0,0.0,0.0,0.0,0.12,0.15,6.5,56.5,220.0,-270.0,vsin_dk
2026_CFB_W04_OU_UGA_FULL_draftkings_2026-09-14T02:31:03.706367+00:00,2026_CFB_W04_OU_UGA,4,2026-09-14T02:31:03.706367+00:00,draftkings,FULL,0.0,0.0,0.0,0.0,0.89,0.89,-10.0,52.5,-395.0,310.0,vsin_dk
2026_CFB_W04_ORE_USC_FULL_draftkings_2026-09-14T02:31:03.706367+00:00,2026_CFB_W04_ORE_USC,4,2026-09-14T02:31:03.706367+00:00,draftkings,FULL,0.2,0.0,,,0.0,0.0,5.5,,195.0,-238.0,vsin_dk
2026_CFB_W04_TEX_TENN_FULL_draftkings_2026-09-14T02:31:03.706367+00:00,2026_CFB_W04_TEX_TENN,4,2026-09-14T02:31:03.706367+00:00,draftkings,FULL,0.0,0.0,0.0,0.0,0.12,0.15,6.5,56.5,220.0,-270.0,vsin_dk
2026_CFB_W04_OU_UGA_FULL_draftkings_2026-09-14T02:44:51.745163+00:00,2026_CFB_W04_OU_UGA,4,2026-09-14T02:44:51.745163+00:00,draftkings,FULL,0.0,0.0,0.0,0.0,0.89,0.89,-10.0,52.5,-395.0,310.0,vsin_dk
2026_CFB_W04_ORE_USC_FULL_draftkings_2026-09-14T02:44:51.745163+00:00,2026_CFB_W04_ORE_USC,4,2026-09-14T02:44:51.745163+00:00,draftkings,FULL,0.2,0.0,,,0.0,0.0,5.5,,195.0,-238.0,vsin_dk
2026_CFB_W04_TEX_TENN_FULL_draftkings_2026-09-14T02:44:51.745163+00:00,2026_CFB_W04_TEX_TENN,4,2026-09-14T02:44:51.745163+00:00,draftkings,FULL,0.0,0.0,0.0,0.0,0.12,0.15,6.5,56.5,220.0,-270.0,vsin_dk
2026_CFB_W04_OU_UGA_FULL_draftkings_2026-09-14T02:46:03.654357+00:00,2026_CFB_W04_OU_UGA,4,2026-09-14T02:46:03.654357+00:00,draftkings,FULL,0.0,0.0,0.0,0.0,0.89,0.89,-10.0,52.5,-395.0,310.0,vsin_dk
2026_CFB_W04_ORE_USC_FULL_draftkings_2026-09-14T02:46:03.654357+00:00,2026_CFB_W04_ORE_USC,4,2026-09-14T02:46:03.654357+00:00,draftkings,FULL,0.2,0.0,,,0.0,0.0,5.5,,195.0,-238.0,vsin_dk
2026_CFB_W04_TEX_TENN_FULL_draftkings_2026-09-14T02:46:03.654357+00:00,2026_CFB_W04_TEX_TENN,4,2026-09-14T02:46:03.654357+00:00,draftkings,FULL,0.0,0.0,0.0,0.0,0.12,0.15,6.5,56.5,220.0,-270.0,vsin_dk
2026_CFB_W04_OU_UGA_FULL_draftkings_2026-09-14T02:58:56.929943+00:00,2026_CFB_W04_OU_UGA,4,2026-09-14T02:58:56.929943+00:00,draftkings,FULL,0.0,0.0,0.0,0.0,0.89,0.89,-10.0,52.5,-395.0,310.0,vsin_dk
2026_CFB_W04_ORE_USC_FULL_draftkings_2026-09-14T02:58:56.929943+00:00,2026_CFB_W04_ORE_USC,4,2026-09-14T02:58:56.929943+00:00,draftkings,FULL,0.2,0.0,,,0.0,0.0,5.5,,195.0,-238.0,vsin_dk
2026_CFB_W04_TEX_TENN_FULL_draftkings_2026-09-14T02:58:56.929943+00:00,2026_CFB_W04_TEX_TENN,4,2026-09-14T02:58:56.929943+00:00,draftkings,FULL,0.0,0.0,0.0,0.0,0.12,0.15,6.5,56.5,220.0,-270.0,vsin_dk
2026_CFB_W04_OU_UGA_FULL_draftkings_2026-09-14T03:02:46.841647+00:00,2026_CFB_W04_OU_UGA,4,2026-09-14T03:02:46.841647+00:00,draftkings,FULL,0.0,0.0,0.0,0.0,0.89,0.89,-10.0,52.5,-395.0,310.0,vsin_dk
2026_CFB_W04_ORE_USC_FULL_draftkings_2026-09-14T03:02:46.841647+00:00,2026_CFB_W04_ORE_USC,4,2026-09-14T03:02:46.841647+00:00,draftkings,FULL,0.2,0.0,,,0.0,0.0,5.5,,195.0,-238.0,vsin_dk
2026_CFB_W04_TEX_TENN_FULL_draftkings_2026-09-14T03:02:46.841647+00:00,2026_CFB_W04_TEX_TENN,4,2026-09-14T03:02:46.841647+00:00,draftkings,FULL,0.0,0.0,0.0,0.0,0.12,0.15,6.5,56.5,220.0,-270.0,vsin_dk
2026_CFB_W04_OU_UGA_FULL_draftkings_2026-09-14T03:16:08.079923+00:00,2026_CFB_W04_OU_UGA,4,2026-09-14T03:16:08.079923+00:00,draftkings,FULL,0.0,0.0,0.0,0.0,0.89,0.89,-10.0,52.5,-395.0,310.0,vsin_dk
2026_CFB_W04_ORE_USC_FULL_draftkings_2026-09-14T03:16:08.079923+00:00,2026_CFB_W04_ORE_USC,4,2026-09-14T03:16:08.079923+00:00,draftkings,FULL,0.2,0.0,,,0.0,0.0,5.5,,195.0,-238.0,vsin_dk
2026_CFB_W04_TEX_TENN_FULL_draftkings_2026-09-14T03:16:08.079923+00:00,2026_CFB_W04_TEX_TENN,4,2026-09-14T03:16:08.079923+00:00,draftkings,FULL,0.0,0.0,0.0,0.0,0.12,0.15,6.5,56.5,220.0,-270.0,vsin_dk
2026_CFB_W04_OU_UGA_FULL_draftkings_2026-09-14T03:22:29.357633+00:00,2026_CFB_W04_OU_UGA,4,2026-09-14T03:22:29.357633+00:00,draftkings,FULL,0.0,0.0,0.0,0.0,0.89,0.89,-10.0,52.5,-395.0,310.0,vsin_dk
2026_CFB_W04_ORE_USC_FULL_draftkings_2026-09-14T03:22:29.357633+00:00,2026_CFB_W04_ORE_USC,4,2026-09-14T03:22:29.357633+00:00,draftkings,FULL,0.2,0.0,,,0.0,0.0,5.5,,195.0,-238.0,vsin_dk
2026_CFB_W04_TEX_TENN_FULL_draftkings_2026-09-14T03:22:29.357633+00:00,2026_CFB_W04_TEX_TENN,4,2026-09-14T03:22:29.357633+00:00,draftkings,FULL,0.0,0.0,0.0,0.0,0.12,0.15,6.5,56.5,220.0,-270.0,vsin_dk
2026_CFB_W04_OU_UGA_FULL_draftkings_2026-09-14T03:31:03.479197+00:00,2026_CFB_W04_OU_UGA,4,2026-09-14T03:31:03.479197+00:00,draftkings,FULL,0.0,0.0,0.0,0.0,0.89,0.89,-10.0,52.5,-395.0,310.0,vsin_dk
2026_CFB_W04_ORE_USC_FULL_draftkings_2026-09-14T03:31:03.479197+00:00,2026_CFB_W04_ORE_USC,4,2026-09-14T03:31:03.479197+00:00,draftkings,FULL,0.2,0.0,,,0.0,0.0,5.5,,195.0,-238.0,vsin_dk
2026_CFB_W04_TEX_TENN_FULL_draftkings_2026-09-14T03:31:03.479197+00:00,2026_CFB_W04_TEX_TENN,4,2026-09-14T03:31:03.479197+00:00,draftkings,FULL,0.0,0.0,0.0,0.0,0.12,0.15,6.5,56.5,220.0,-270.0,vsin_dk
2026_CFB_W04_OU_UGA_FULL_draftkings_2026-09-14T03:46:23.028931+00:00,2026_CFB_W04_OU_UGA,4,2026-09-14T03:46:23.028931+00:00,draftkings,FULL,0.0,0.0,0.0,0.0,0.89,0.89,-10.0,52.5,-395.0,310.0,vsin_dk
2026_CFB_W04_ORE_USC_FULL_draftkings_2026-09-14T03:46:23.028931+00:00,2026_CFB_W04_ORE_USC,4,2026-09-14T03:46:23.028931+00:00,draftkings,FULL,0.2,0.0,,,0.0,0.0,5.5,,195.0,-238.0,vsin_dk
2026_CFB_W04_TEX_TENN_FULL_draftkings_2026-09-14T03:46:23.028931+00:00,2026_CFB_W04_TEX_TENN,4,2026-09-14T03:46:23.028931+00:00,draftkings,FULL,0.0,0.0,0.0,0.0,0.12,0.15,6.5,56.5,220.0,-270.0,vsin_dk
2026_CFB_W04_OU_UGA_FULL_draftkings_2026-09-14T04:02:54.930243+00:00,2026_CFB_W04_OU_UGA,4,2026-09-14T04:02:54.930243+00:00,draftkings,FULL,0.0,0.0,0.0,0.0,0.89,0.89,-10.0,52.5,-395.0,310.0,vsin_dk
2026_CFB_W04_ORE_USC_FULL_draftkings_2026-09-14T04:02:54.930243+00:00,2026_CFB_W04_ORE_USC,4,2026-09-14T04:02:54.930243+00:00,draftkings,FULL,0.2,0.0,,,0.0,0.0,5.5,,195.0,-238.0,vsin_dk
2026_CFB_W04_TEX_TENN_FULL_draftkings_2026-09-14T04:02:54.930243+00:00,2026_CFB_W04_TEX_TENN,4,2026-09-14T04:02:54.930243+00:00,draftkings,FULL,0.0,0.0,0.0,0.0,0.12,0.15,6.5,56.5,220.0,-270.0,vsin_dk
2026_CFB_W04_OU_UGA_FULL_draftkings_2026-09-14T04:16:05.678620+00:00,2026_CFB_W04_OU_UGA,4,2026-09-14T04:16:05.678620+00:00,draftkings,FULL,0.0,0.0,0.0,0.0,0.89,0.89,-10.0,52.5,-395.0,310.0,vsin_dk
2026_CFB_W04_ORE_USC_FULL_draftkings_2026-09-14T04:16:05.678620+00:00,2026_CFB_W04_ORE_USC,4,2026-09-14T04:16:05.678620+00:00,draftkings,FULL,0.2,0.0,,,0.0,0.0,5.5,,195.0,-238.0,vsin_dk
2026_CFB_W04_TEX_TENN_FULL_draftkings_2026-09-14T04:16:05.678620+00:00,2026_CFB_W04_TEX_TENN,4,2026-09-14T04:16:05.678620+00:00,draftkings,FULL,0.0,0.0,0.0,0.0,0.12,0.15,6.5,56.5,220.0,-270.0,vsin_dk
2026_CFB_W04_OU_UGA_FULL_draftkings_2026-09-14T04:17:37.342733+00:00,2026_CFB_W04_OU_UGA,4,2026-09-14T04:17:37.342733+00:00,draftkings,FULL,0.0,0.0,0.0,0.0,0.89,0.89,-10.0,52.5,-395.0,310.0,vsin_dk
2026_CFB_W04_ORE_USC_FULL_draftkings_2026-09-14T04:17:37.342733+00:00,2026_CFB_W04_ORE_USC,4,2026-09-14T04:17:37.342733+00:00,draftkings,FULL,0.2,0.0,,,0.0,0.0,5.5,,195.0,-238.0,vsin_dk
2026_CFB_W04_TEX_TENN_FULL_draftkings_2026-09-14T04:17:37.342733+00:00,2026_CFB_W04_TEX_TENN,4,2026-09-14T04:17:37.342733+00:00,draftkings,FULL,0.0,0.0,0.0,0.0,0.12,0.15,6.5,56.5,220.0,-270.0,vsin_dk
2026_CFB_W04_OU_UGA_FULL_draftkings_2026-09-14T04:22:02.949451+00:00,2026_CFB_W04_OU_UGA,4,2026-09-14T04:22:02.949451+00:00,draftkings,FULL,0.0,0.0,0.0,0.0,0.89,0.89,-10.0,52.5,-395.0,310.0,vsin_dk
2026_CFB_W04_ORE_USC_FULL_draftkings_2026-09-14T04:22:02.949451+00:00,2026_CFB_W04_ORE_USC,4,2026-09-14T04:22:02.949451+00:00,draftkings,FULL,0.2,0.0,,,0.0,0.0,5.5,,195.0,-238.0,vsin_dk
2026_CFB_W04_TEX_TENN_FULL_draftkings_2026-09-14T04:22:02.949451+00:00,2026_CFB_W04_TEX_TENN,4,2026-09-14T04:22:02.949451+00:00,draftkings,FULL,0.0,0.0,0.0,0.0,0.12,0.15,6.5,56.5,220.0,-270.0,vsin_dk
2026_CFB_W04_OU_UGA_FULL_draftkings_2026-09-14T04:31:08.275200+00:00,2026_CFB_W04_OU_UGA,4,2026-09-14T04:31:08.275200+00:00,draftkings,FULL,0.0,0.0,0.0,0.0,0.89,0.89,-10.0,52.5,-395.0,310.0,vsin_dk
2026_CFB_W04_ORE_USC_FULL_draftkings_2026-09-14T04:31:08.275200+00:00,2026_CFB_W04_ORE_USC,4,2026-09-14T04:31:08.275200+00:00,draftkings,FULL,0.2,0.0,,,0.0,0.0,5.5,,195.0,-238.0,vsin_dk
2026_CFB_W04_TEX_TENN_FULL_draftkings_2026-09-14T04:31:08.275200+00:00,2026_CFB_W04_TEX_TENN,4,2026-09-14T04:31:08.275200+00:00,draftkings,FULL,0.0,0.0,0.0,0.0,0.12,0.15,6.5,56.5,220.0,-270.0,vsin_dk
2026_CFB_W04_OU_UGA_FULL_draftkings_2026-09-14T04:46:17.475141+00:00,2026_CFB_W04_OU_UGA,4,2026-09-14T04:46:17.475141+00:00,draftkings,FULL,0.0,0.0,0.0,0.0,0.89,0.89,-10.0,52.5,-395.0,310.0,vsin_dk
2026_CFB_W04_ORE_USC_FULL_draftkings_2026-09-14T04:46:17.475141+00:00,2026_CFB_W04_ORE_USC,4,2026-09-14T04:46:17.475141+00:00,draftkings,FULL,0.2,0.0,,,0.0,0.0,5.5,,195.0,-238.0,vsin_dk
2026_CFB_W04_TEX_TENN_FULL_draftkings_2026-09-14T04:46:17.475141+00:00,2026_CFB_W04_TEX_TENN,4,2026-09-14T04:46:17.475141+00:00,draftkings,FULL,0.0,0.0,0.0,0.0,0.12,0.15,6.5,56.5,220.0,-270.0,vsin_dk
2026_CFB_W04_OU_UGA_FULL_draftkings_2026-09-14T05:01:52.975567+00:00,2026_CFB_W04_OU_UGA,4,2026-09-14T05:01:52.975567+00:00,draftkings,FULL,0.0,0.0,0.0,0.0,0.89,0.89,-10.0,52.5,-395.0,310.0,vsin_dk
2026_CFB_W04_ORE_USC_FULL_draftkings_2026-09-14T05:01:52.975567+00:00,2026_CFB_W04_ORE_USC,4,2026-09-14T05:01:52.975567+00:00,draftkings,FULL,0.2,0.0,,,0.0,0.0,5.5,,195.0,-238.0,vsin_dk
2026_CFB_W04_TEX_TENN_FULL_draftkings_2026-09-14T05:01:52.975567+00:00,2026_CFB_W04_TEX_TENN,4,2026-09-14T05:01:52.975567+00:00,draftkings,FULL,0.0,0.0,0.0,0.0,0.12,0.15,6.5,56.5,220.0,-270.0,vsin_dk
2026_CFB_W04_OU_UGA_FULL_draftkings_2026-09-14T05:20:22.714231+00:00,2026_CFB_W04_OU_UGA,4,2026-09-14T05:20:22.714231+00:00,draftkings,FULL,0.0,0.0,0.0,0.0,0.89,0.89,-10.0,52.5,-395.0,310.0,vsin_dk
2026_CFB_W04_ORE_USC_FULL_draftkings_2026-09-14T05:20:22.714231+00:00,2026_CFB_W04_ORE_USC,4,2026-09-14T05:20:22.714231+00:00,draftkings,FULL,0.2,0.0,,,0.0,0.0,5.5,,195.0,-238.0,vsin_dk
2026_CFB_W04_TEX_TENN_FULL_draftkings_2026-09-14T05:20:22.714231+00:00,2026_CFB_W04_TEX_TENN,4,2026-09-14T05:20:22.714231+00:00,draftkings,FULL,0.0,0.0,0.0,0.0,0.12,0.15,6.5,56.5,220.0,-270.0,vsin_dk
2026_CFB_W04_OU_UGA_FULL_draftkings_2026-09-14T06:28:30.459590+00:00,2026_CFB_W04_OU_UGA,4,2026-09-14T06:28:30.459590+00:00,draftkings,FULL,0.0,0.0,0.0,0.0,0.89,0.89,-10.0,52.5,-395.0,310.0,vsin_dk
2026_CFB_W04_ORE_USC_FULL_draftkings_2026-09-14T06:28:30.459590+00:00,2026_CFB_W04_ORE_USC,4,2026-09-14T06:28:30.459590+00:00,draftkings,FULL,0.2,0.0,,,0.0,0.0,5.5,,195.0,-238.0,vsin_dk
2026_CFB_W04_TEX_TENN_FULL_draftkings_2026-09-14T06:28:30.459590+00:00,2026_CFB_W04_TEX_TENN,4,2026-09-14T06:28:30.459590+00:00,draftkings,FULL,0.0,0.0,0.0,0.0,0.12,0.15,6.5,56.5,220.0,-270.0,vsin_dk
2026_CFB_W04_OU_UGA_FULL_draftkings_2026-09-14T07:22:23.543863+00:00,2026_CFB_W04_OU_UGA,4,2026-09-14T07:22:23.543863+00:00,draftkings,FULL,0.0,0.0,0.0,0.0,0.89,0.89,-10.0,52.5,-395.0,310.0,vsin_dk
2026_CFB_W04_ORE_USC_FULL_draftkings_2026-09-14T07:22:23.543863+00:00,2026_CFB_W04_ORE_USC,4,2026-09-14T07:22:23.543863+00:00,draftkings,FULL,0.2,0.0,,,0.0,0.0,5.5,,195.0,-238.0,vsin_dk
2026_CFB_W04_TEX_TENN_FULL_draftkings_2026-09-14T07:22:23.543863+00:00,2026_CFB_W04_TEX_TENN,4,2026-09-14T07:22:23.543863+00:00,draftkings,FULL,0.0,0.0,0.0,0.0,0.12,0.15,6.5,56.5,220.0,-270.0,vsin_dk
2026_CFB_W04_OU_UGA_FULL_draftkings_2026-09-14T08:23:23.214317+00:00,2026_CFB_W04_OU_UGA,4,2026-09-14T08:23:23.214317+00:00,draftkings,FULL,0.0,0.0,0.0,0.0,0.89,0.89,-10.0,52.5,-395.0,310.0,vsin_dk
2026_CFB_W04_ORE_USC_FULL_draftkings_2026-09-14T08:23:23.214317+00:00,2026_CFB_W04_ORE_USC,4,2026-09-14T08:23:23.214317+00:00,draftkings,FULL,0.2,0.0,,,0.0,0.0,5.5,,195.0,-238.0,vsin_dk
2026_CFB_W04_TEX_TENN_FULL_draftkings_2026-09-14T08:23:23.214317+00:00,2026_CFB_W04_TEX_TENN,4,2026-09-14T08:23:23.214317+00:00,draftkings,FULL,0.0,0.0,0.0,0.0,0.12,0.15,6.5,56.5,220.0,-270.0,vsin_dk
2026_CFB_W04_OU_UGA_FULL_draftkings_2026-09-14T09:23:14.714457+00:00,2026_CFB_W04_OU_UGA,4,2026-09-14T09:23:14.714457+00:00,draftkings,FULL,0.0,0.0,0.0,0.0,0.89,0.89,-10.0,52.5,-395.0,310.0,vsin_dk
2026_CFB_W04_ORE_USC_FULL_draftkings_2026-09-14T09:23:14.714457+00:00,2026_CFB_W04_ORE_USC,4,2026-09-14T09:23:14.714457+00:00,draftkings,FULL,0.2,0.0,,,0.0,0.0,5.5,,195.0,-238.0,vsin_dk
2026_CFB_W04_TEX_TENN_FULL_draftkings_2026-09-14T09:23:14.714457+00:00,2026_CFB_W04_TEX_TENN,4,2026-09-14T09:23:14.714457+00:00,draftkings,FULL,0.0,0.0,0.0,0.0,0.12,0.15,6.5,56.5,220.0,-270.0,vsin_dk
2026_CFB_W04_OU_UGA_FULL_draftkings_2026-09-14T10:21:44.359391+00:00,2026_CFB_W04_OU_UGA,4,2026-09-14T10:21:44.359391+00:00,draftkings,FULL,0.0,0.0,0.0,0.0,0.89,0.89,-10.0,52.5,-395.0,310.0,vsin_dk
2026_CFB_W04_ORE_USC_FULL_draftkings_2026-09-14T10:21:44.359391+00:00,2026_CFB_W04_ORE_USC,4,2026-09-14T10:21:44.359391+00:00,draftkings,FULL,0.2,0.0,,,0.0,0.0,5.5,,195.0,-238.0,vsin_dk
2026_CFB_W04_TEX_TENN_FULL_draftkings_2026-09-14T10:21:44.359391+00:00,2026_CFB_W04_TEX_TENN,4,2026-09-14T10:21:44.359391+00:00,draftkings,FULL,0.0,0.0,0.0,0.0,0.12,0.15,6.5,56.5,220.0,-270.0,vsin_dk
2026_CFB_W04_OU_UGA_FULL_draftkings_2026-09-14T11:21:36.894610+00:00,2026_CFB_W04_OU_UGA,4,2026-09-14T11:21:36.894610+00:00,draftkings,FULL,0.0,0.0,0.0,0.0,0.89,0.89,-10.0,52.5,-395.0,310.0,vsin_dk
2026_CFB_W04_ORE_USC_FULL_draftkings_2026-09-14T11:21:36.894610+00:00,2026_CFB_W04_ORE_USC,4,2026-09-14T11:21:36.894610+00:00,draftkings,FULL,0.2,0.0,,,0.0,0.0,5.5,,195.0,-238.0,vsin_dk
2026_CFB_W04_TEX_TENN_FULL_draftkings_2026-09-14T11:21:36.894610+00:00,2026_CFB_W04_TEX_TENN,4,2026-09-14T11:21:36.894610+00:00,draftkings,FULL,0.0,0.0,0.0,0.0,0.12,0.15,6.5,56.5,220.0,-270.0,vsin_dk
2026_CFB_W04_OU_UGA_FULL_draftkings_2026-09-14T12:02:50.945253+00:00,2026_CFB_W04_OU_UGA,4,2026-09-14T12:02:50.945253+00:00,draftkings,FULL,0.0,0.0,0.0,0.0,0.89,0.89,-10.0,52.5,-395.0,310.0,vsin_dk
2026_CFB_W04_ORE_USC_FULL_draftkings_2026-09-14T12:02:50.945253+00:00,2026_CFB_W04_ORE_USC,4,2026-09-14T12:02:50.945253+00:00,draftkings,FULL,0.2,0.0,,,0.0,0.0,5.5,,195.0,-238.0,vsin_dk
2026_CFB_W04_TEX_TENN_FULL_draftkings_2026-09-14T12:02:50.945253+00:00,2026_CFB_W04_TEX_TENN,4,2026-09-14T12:02:50.945253+00:00,draftkings,FULL,0.0,0.0,0.0,0.0,0.12,0.15,6.5,56.5,220.0,-270.0,vsin_dk
2026_CFB_W04_OU_UGA_FULL_draftkings_2026-09-14T12:28:30.078704+00:00,2026_CFB_W04_OU_UGA,4,2026-09-14T12:28:30.078704+00:00,draftkings,FULL,0.0,0.0,0.0,0.0,0.89,0.89,-10.0,52.5,-395.0,310.0,vsin_dk
2026_CFB_W04_ORE_USC_FULL_draftkings_2026-09-14T12:28:30.078704+00:00,2026_CFB_W04_ORE_USC,4,2026-09-14T12:28:30.078704+00:00,draftkings,FULL,0.2,0.0,,,0.0,0.0,5.5,,195.0,-238.0,vsin_dk
2026_CFB_W04_TEX_TENN_FULL_draftkings_2026-09-14T12:28:30.078704+00:00,2026_CFB_W04_TEX_TENN,4,2026-09-14T12:28:30.078704+00:00,draftkings,FULL,0.0,0.0,0.0,0.0,0.12,0.15,6.5,56.5,220.0,-270.0,vsin_dk
2026_CFB_W04_OU_UGA_FULL_draftkings_2026-09-14T13:23:44.189614+00:00,2026_CFB_W04_OU_UGA,4,2026-09-14T13:23:44.189614+00:00,draftkings,FULL,0.0,0.0,0.0,0.0,0.89,0.89,-10.0,52.5,-395.0,310.0,vsin_dk
2026_CFB_W04_ORE_USC_FULL_draftkings_2026-09-14T13:23:44.189614+00:00,2026_CFB_W04_ORE_USC,4,2026-09-14T13:23:44.189614+00:00,draftkings,FULL,0.2,0.0,,,0.0,0.0,5.5,,195.0,-238.0,vsin_dk
2026_CFB_W04_TEX_TENN_FULL_draftkings_2026-09-14T13:23:44.189614+00:00,2026_CFB_W04_TEX_TENN,4,2026-09-14T13:23:44.189614+00:00,draftkings,FULL,0.0,0.0,0.0,0.0,0.12,0.15,6.5,56.5,220.0,-270.0,vsin_dk
2026_CFB_W04_OU_UGA_FULL_draftkings_2026-09-14T14:24:45.932240+00:00,2026_CFB_W04_OU_UGA,4,2026-09-14T14:24:45.932240+00:00,draftkings,FULL,0.0,0.0,0.0,0.0,0.89,0.89,-10.0,52.5,-395.0,310.0,vsin_dk
2026_CFB_W04_ORE_USC_FULL_draftkings_2026-09-14T14:24:45.932240+00:00,2026_CFB_W04_ORE_USC,4,2026-09-14T14:24:45.932240+00:00,draftkings,FULL,0.2,0.0,,,0.0,0.0,5.5,,195.0,-238.0,vsin_dk
2026_CFB_W04_TEX_TENN_FULL_draftkings_2026-09-14T14:24:45.932240+00:00,2026_CFB_W04_TEX_TENN,4,2026-09-14T14:24:45.932240+00:00,draftkings,FULL,0.0,0.0,0.0,0.0,0.12,0.15,6.5,56.5,220.0,-270.0,vsin_dk
2026_CFB_W04_OU_UGA_FULL_draftkings_2026-09-14T15:23:59.414645+00:00,2026_CFB_W04_OU_UGA,4,2026-09-14T15:23:59.414645+00:00,draftkings,FULL,0.0,0.0,0.0,0.0,0.89,0.89,-10.0,52.5,-395.0,310.0,vsin_dk
2026_CFB_W04_ORE_USC_FULL_draftkings_2026-09-14T15:23:59.414645+00:00,2026_CFB_W04_ORE_USC,4,2026-09-14T15:23:59.414645+00:00,draftkings,FULL,0.2,0.0,,,0.0,0.0,5.5,,195.0,-238.0,vsin_dk
2026_CFB_W04_TEX_TENN_FULL_draftkings_2026-09-14T15:23:59.414645+00:00,2026_CFB_W04_TEX_TENN,4,2026-09-14T15:23:59.414645+00:00,draftkings,FULL,0.0,0.0,0.0,0.0,0.12,0.15,6.5,56.5,220.0,-270.0,vsin_dk
2026_CFB_W04_OU_UGA_FULL_draftkings_2026-09-14T16:21:34.970030+00:00,2026_CFB_W04_OU_UGA,4,2026-09-14T16:21:34.970030+00:00,draftkings,FULL,0.0,0.0,0.0,0.0,0.89,0.89,-10.0,52.5,-395.0,310.0,vsin_dk
2026_CFB_W04_ORE_USC_FULL_draftkings_2026-09-14T16:21:34.970030+00:00,2026_CFB_W04_ORE_USC,4,2026-09-14T16:21:34.970030+00:00,draftkings,FULL,0.2,0.0,,,0.0,0.0,5.5,,195.0,-238.0,vsin_dk
2026_CFB_W04_TEX_TENN_FULL_draftkings_2026-09-14T16:21:34.970030+00:00,2026_CFB_W04_TEX_TENN,4,2026-09-14T16:21:34.970030+00:00,draftkings,FULL,0.0,0.0,0.0,0.0,0.12,0.15,6.5,56.5,220.0,-270.0,vsin_dk
2026_CFB_W04_OU_UGA_FULL_draftkings_2026-09-14T17:19:21.923956+00:00,2026_CFB_W04_OU_UGA,4,2026-09-14T17:19:21.923956+00:00,draftkings,FULL,0.0,0.0,0.0,0.0,0.89,0.89,-10.0,52.5,-395.0,310.0,vsin_dk
2026_CFB_W04_ORE_USC_FULL_draftkings_2026-09-14T17:19:21.923956+00:00,2026_CFB_W04_ORE_USC,4,2026-09-14T17:19:21.923956+00:00,draftkings,FULL,0.2,0.0,,,0.0,0.0,5.5,,195.0,-238.0,vsin_dk
2026_CFB_W04_TEX_TENN_FULL_draftkings_2026-09-14T17:19:21.923956+00:00,2026_CFB_W04_TEX_TENN,4,2026-09-14T17:19:21.923956+00:00,draftkings,FULL,0.0,0.0,0.0,0.0,0.12,0.15,6.5,56.5,220.0,-270.0,vsin_dk
2026_CFB_W04_OU_UGA_FULL_draftkings_2026-09-14T17:56:43.500722+00:00,2026_CFB_W04_OU_UGA,4,2026-09-14T17:56:43.500722+00:00,draftkings,FULL,0.0,0.0,0.0,0.0,0.89,0.89,-10.0,52.5,-395.0,310.0,vsin_dk
2026_CFB_W04_ORE_USC_FULL_draftkings_2026-09-14T17:56:43.500722+00:00,2026_CFB_W04_ORE_USC,4,2026-09-14T17:56:43.500722+00:00,draftkings,FULL,0.2,0.0,,,0.0,0.0,5.5,,195.0,-238.0,vsin_dk
2026_CFB_W04_TEX_TENN_FULL_draftkings_2026-09-14T17:56:43.500722+00:00,2026_CFB_W04_TEX_TENN,4,2026-09-14T17:56:43.500722+00:00,draftkings,FULL,0.0,0.0,0.0,0.0,0.12,0.15,6.5,56.5,220.0,-270.0,vsin_dk
2026_CFB_W04_OU_UGA_FULL_draftkings_2026-09-14T18:24:05.060800+00:00,2026_CFB_W04_OU_UGA,4,2026-09-14T18:24:05.060800+00:00,draftkings,FULL,0.0,0.0,0.0,0.0,0.89,0.89,-10.0,52.5,-395.0,310.0,vsin_dk
2026_CFB_W04_ORE_USC_FULL_draftkings_2026-09-14T18:24:05.060800+00:00,2026_CFB_W04_ORE_USC,4,2026-09-14T18:24:05.060800+00:00,draftkings,FULL,0.2,0.0,,,0.0,0.0,5.5,,195.0,-238.0,vsin_dk
2026_CFB_W04_TEX_TENN_FULL_draftkings_2026-09-14T18:24:05.060800+00:00,2026_CFB_W04_TEX_TENN,4,2026-09-14T18:24:05.060800+00:00,draftkings,FULL,0.0,0.0,0.0,0.0,0.12,0.15,6.5,56.5,220.0,-270.0,vsin_dk
2026_CFB_W04_OU_UGA_FULL_draftkings_2026-09-14T19:21:22.640458+00:00,2026_CFB_W04_OU_UGA,4,2026-09-14T19:21:22.640458+00:00,draftkings,FULL,0.0,0.0,0.0,0.0,0.89,0.89,-10.0,52.5,-395.0,310.0,vsin_dk
2026_CFB_W04_ORE_USC_FULL_draftkings_2026-09-14T19:21:22.640458+00:00,2026_CFB_W04_ORE_USC,4,2026-09-14T19:21:22.640458+00:00,draftkings,FULL,0.2,0.0,,,0.0,0.0,5.5,,195.0,-238.0,vsin_dk
2026_CFB_W04_TEX_TENN_FULL_draftkings_2026-09-14T19:21:22.640458+00:00,2026_CFB_W04_TEX_TENN,4,2026-09-14T19:21:22.640458+00:00,draftkings,FULL,0.0,0.0,0.0,0.0,0.12,0.15,6.5,56.5,220.0,-270.0,vsin_dk
2026_CFB_W04_OU_UGA_FULL_draftkings_2026-09-14T20:20:51.793864+00:00,2026_CFB_W04_OU_UGA,4,2026-09-14T20:20:51.793864+00:00,draftkings,FULL,0.0,0.0,0.0,0.0,0.89,0.89,-10.0,52.5,-395.0,310.0,vsin_dk
2026_CFB_W04_ORE_USC_FULL_draftkings_2026-09-14T20:20:51.793864+00:00,2026_CFB_W04_ORE_USC,4,2026-09-14T20:20:51.793864+00:00,draftkings,FULL,0.2,0.0,,,0.0,0.0,5.5,,195.0,-238.0,vsin_dk
2026_CFB_W04_TEX_TENN_FULL_draftkings_2026-09-14T20:20:51.793864+00:00,2026_CFB_W04_TEX_TENN,4,2026-09-14T20:20:51.793864+00:00,draftkings,FULL,0.0,0.0,0.0,0.0,0.12,0.15,6.5,56.5,220.0,-270.0,vsin_dk
2026_CFB_W04_OU_UGA_FULL_draftkings_2026-09-14T21:19:56.590427+00:00,2026_CFB_W04_OU_UGA,4,2026-09-14T21:19:56.590427+00:00,draftkings,FULL,0.0,0.0,0.0,0.0,0.89,0.89,-10.0,52.5,-395.0,310.0,vsin_dk
2026_CFB_W04_ORE_USC_FULL_draftkings_2026-09-14T21:19:56.590427+00:00,2026_CFB_W04_ORE_USC,4,2026-09-14T21:19:56.590427+00:00,draftkings,FULL,0.2,0.0,,,0.0,0.0,5.5,,195.0,-238.0,vsin_dk
2026_CFB_W04_TEX_TENN_FULL_draftkings_2026-09-14T21:19:56.590427+00:00,2026_CFB_W04_TEX_TENN,4,2026-09-14T21:19:56.590427+00:00,draftkings,FULL,0.0,0.0,0.0,0.0,0.12,0.15,6.5,56.5,220.0,-270.0,vsin_dk
2026_CFB_W04_OU_UGA_FULL_draftkings_2026-09-14T22:21:16.532724+00:00,2026_CFB_W04_OU_UGA,4,2026-09-14T22:21:16.532724+00:00,draftkings,FULL,0.0,0.0,0.0,0.0,0.89,0.89,-10.0,52.5,-395.0,310.0,vsin_dk
2026_CFB_W04_ORE_USC_FULL_draftkings_2026-09-14T22:21:16.532724+00:00,2026_CFB_W04_ORE_USC,4,2026-09-14T22:21:16.532724+00:00,draftkings,FULL,0.2,0.0,,,0.0,0.0,5.5,,195.0,-238.0,vsin_dk
2026_CFB_W04_TEX_TENN_FULL_draftkings_2026-09-14T22:21:16.532724+00:00,2026_CFB_W04_TEX_TENN,4,2026-09-14T22:21:16.532724+00:00,draftkings,FULL,0.0,0.0,0.0,0.0,0.12,0.15,6.5,56.5,220.0,-270.0,vsin_dk
2026_CFB_W04_OU_UGA_FULL_draftkings_2026-09-14T23:18:42.113964+00:00,2026_CFB_W04_OU_UGA,4,2026-09-14T23:18:42.113964+00:00,draftkings,FULL,0.0,0.0,0.0,0.0,0.89,0.89,-10.0,52.5,-395.0,310.0,vsin_dk
2026_CFB_W04_ORE_USC_FULL_draftkings_2026-09-14T23:18:42.113964+00:00,2026_CFB_W04_ORE_USC,4,2026-09-14T23:18:42.113964+00:00,draftkings,FULL,0.2,0.0,,,0.0,0.0,5.5,,195.0,-238.0,vsin_dk
2026_CFB_W04_TEX_TENN_FULL_draftkings_2026-09-14T23:18:42.113964+00:00,2026_CFB_W04_TEX_TENN,4,2026-09-14T23:18:42.113964+00:00,draftkings,FULL,0.0,0.0,0.0,0.0,0.12,0.15,6.5,56.5,220.0,-270.0,vsin_dk
2026_CFB_W04_OU_UGA_FULL_draftkings_2026-09-15T00:28:59.455039+00:00,2026_CFB_W04_OU_UGA,4,2026-09-15T00:28:59.455039+00:00,draftkings,FULL,0.0,0.0,0.0,0.0,0.89,0.89,-10.0,52.5,-395.0,310.0,vsin_dk
2026_CFB_W04_ORE_USC_FULL_draftkings_2026-09-15T00:28:59.455039+00:00,2026_CFB_W04_ORE_USC,4,2026-09-15T00:28:59.455039+00:00,draftkings,FULL,0.2,0.0,,,0.0,0.0,5.5,,195.0,-238.0,vsin_dk
2026_CFB_W04_TEX_TENN_FULL_draftkings_2026-09-15T00:28:59.455039+00:00,2026_CFB_W04_TEX_TENN,4,2026-09-15T00:28:59.455039+00:00,draftkings,FULL,0.0,0.0,0.0,0.0,0.12,0.15,6.5,56.5,220.0,-270.0,vsin_dk
2026_CFB_W04_OU_UGA_FULL_draftkings_2026-09-15T01:22:57.447967+00:00,2026_CFB_W04_OU_UGA,4,2026-09-15T01:22:57.447967+00:00,draftkings,FULL,0.0,0.0,0.0,0.0,0.89,0.89,-10.0,52.5,-395.0,310.0,vsin_dk
2026_CFB_W04_ORE_USC_FULL_draftkings_2026-09-15T01:22:57.447967+00:00,2026_CFB_W04_ORE_USC,4,2026-09-15T01:22:57.447967+00:00,draftkings,FULL,0.2,0.0,,,0.0,0.0,5.5,,195.0,-238.0,vsin_dk
2026_CFB_W04_TEX_TENN_FULL_draftkings_2026-09-15T01:22:57.447967+00:00,2026_CFB_W04_TEX_TENN,4,2026-09-15T01:22:57.447967+00:00,draftkings,FULL,0.0,0.0,0.0,0.0,0.12,0.15,6.5,56.5,220.0,-270.0,vsin_dk
2026_CFB_W04_OU_UGA_FULL_draftkings_2026-09-15T02:22:42.863587+00:00,2026_CFB_W04_OU_UGA,4,2026-09-15T02:22:42.863587+00:00,draftkings,FULL,0.0,0.0,0.0,0.0,0.89,0.89,-10.0,52.5,-395.0,310.0,vsin_dk
2026_CFB_W04_ORE_USC_FULL_draftkings_2026-09-15T02:22:42.863587+00:00,2026_CFB_W04_ORE_USC,4,2026-09-15T02:22:42.863587+00:00,draftkings,FULL,0.2,0.0,,,0.0,0.0,5.5,,195.0,-238.0,vsin_dk
2026_CFB_W04_TEX_TENN_FULL_draftkings_2026-09-15T02:22:42.863587+00:00,2026_CFB_W04_TEX_TENN,4,2026-09-15T02:22:42.863587+00:00,draftkings,FULL,0.0,0.0,0.0,0.0,0.12,0.15,6.5,56.5,220.0,-270.0,vsin_dk
2026_CFB_W04_OU_UGA_FULL_draftkings_2026-09-15T03:22:54.164792+00:00,2026_CFB_W04_OU_UGA,4,2026-09-15T03:22:54.164792+00:00,draftkings,FULL,0.0,0.0,0.0,0.0,0.89,0.89,-10.0,52.5,-395.0,310.0,vsin_dk
2026_CFB_W04_ORE_USC_FULL_draftkings_2026-09-15T03:22:54.164792+00:00,2026_CFB_W04_ORE_USC,4,2026-09-15T03:22:54.164792+00:00,draftkings,FULL,0.2,0.0,,,0.0,0.0,5.5,,195.0,-238.0,vsin_dk
2026_CFB_W04_TEX_TENN_FULL_draftkings_2026-09-15T03:22:54.164792+00:00,2026_CFB_W04_TEX_TENN,4,2026-09-15T03:22:54.164792+00:00,draftkings,FULL,0.0,0.0,0.0,0.0,0.12,0.15,6.5,56.5,220.0,-270.0,vsin_dk
2026_CFB_W04_OU_UGA_FULL_draftkings_2026-09-15T04:22:46.676629+00:00,2026_CFB_W04_OU_UGA,4,2026-09-15T04:22:46.676629+00:00,draftkings,FULL,0.0,0.0,0.0,0.0,0.89,0.89,-10.0,52.5,-395.0,310.0,vsin_dk
2026_CFB_W04_ORE_USC_FULL_draftkings_2026-09-15T04:22:46.676629+00:00,2026_CFB_W04_ORE_USC,4,2026-09-15T04:22:46.676629+00:00,draftkings,FULL,0.2,0.0,,,0.0,0.0,5.5,,195.0,-238.0,vsin_dk
2026_CFB_W04_TEX_TENN_FULL_draftkings_2026-09-15T04:22:46.676629+00:00,2026_CFB_W04_TEX_TENN,4,2026-09-15T04:22:46.676629+00:00,draftkings,FULL,0.0,0.0,0.0,0.0,0.12,0.15,6.5,56.5,220.0,-270.0,vsin_dk
2026_CFB_W04_OU_UGA_FULL_draftkings_2026-09-15T05:21:51.753896+00:00,2026_CFB_W04_OU_UGA,4,2026-09-15T05:21:51.753896+00:00,draftkings,FULL,0.0,0.0,0.0,0.0,0.89,0.89,-10.0,52.5,-395.0,310.0,vsin_dk
2026_CFB_W04_ORE_USC_FULL_draftkings_2026-09-15T05:21:51.753896+00:00,2026_CFB_W04_ORE_USC,4,2026-09-15T05:21:51.753896+00:00,draftkings,FULL,0.2,0.0,,,0.0,0.0,5.5,,195.0,-238.0,vsin_dk
2026_CFB_W04_TEX_TENN_FULL_draftkings_2026-09-15T05:21:51.753896+00:00,2026_CFB_W04_TEX_TENN,4,2026-09-15T05:21:51.753896+00:00,draftkings,FULL,0.0,0.0,0.0,0.0,0.12,0.15,6.5,56.5,220.0,-270.0,vsin_dk
2026_CFB_W04_OU_UGA_FULL_draftkings_2026-09-15T06:28:00.088603+00:00,2026_CFB_W04_OU_UGA,4,2026-09-15T06:28:00.088603+00:00,draftkings,FULL,0.0,0.0,0.0,0.0,0.89,0.89,-10.0,52.5,-395.0,310.0,vsin_dk
2026_CFB_W04_ORE_USC_FULL_draftkings_2026-09-15T06:28:00.088603+00:00,2026_CFB_W04_ORE_USC,4,2026-09-15T06:28:00.088603+00:00,draftkings,FULL,0.2,0.0,,,0.0,0.0,5.5,,195.0,-238.0,vsin_dk
2026_CFB_W04_TEX_TENN_FULL_draftkings_2026-09-15T06:28:00.088603+00:00,2026_CFB_W04_TEX_TENN,4,2026-09-15T06:28:00.088603+00:00,draftkings,FULL,0.0,0.0,0.0,0.0,0.12,0.15,6.5,56.5,220.0,-270.0,vsin_dk
2026_CFB_W04_OU_UGA_FULL_draftkings_2026-09-15T07:23:25.421144+00:00,2026_CFB_W04_OU_UGA,4,2026-09-15T07:23:25.421144+00:00,draftkings,FULL,0.0,0.0,0.0,0.0,0.89,0.89,-10.0,52.5,-395.0,310.0,vsin_dk
2026_CFB_W04_ORE_USC_FULL_draftkings_2026-09-15T07:23:25.421144+00:00,2026_CFB_W04_ORE_USC,4,2026-09-15T07:23:25.421144+00:00,draftkings,FULL,0.2,0.0,,,0.0,0.0,5.5,,195.0,-238.0,vsin_dk
2026_CFB_W04_TEX_TENN_FULL_draftkings_2026-09-15T07:23:25.421144+00:00,2026_CFB_W04_TEX_TENN,4,2026-09-15T07:23:25.421144+00:00,draftkings,FULL,0.0,0.0,0.0,0.0,0.12,0.15,6.5,56.5,220.0,-270.0,vsin_dk
2026_CFB_W04_OU_UGA_FULL_draftkings_2026-09-15T08:24:14.094594+00:00,2026_CFB_W04_OU_UGA,4,2026-09-15T08:24:14.094594+00:00,draftkings,FULL,0.0,0.0,0.0,0.0,0.89,0.89,-10.0,52.5,-395.0,310.0,vsin_dk
2026_CFB_W04_ORE_USC_FULL_draftkings_2026-09-15T08:24:14.094594+00:00,2026_CFB_W04_ORE_USC,4,2026-09-15T08:24:14.094594+00:00,draftkings,FULL,0.2,0.0,,,0.0,0.0,5.5,,195.0,-238.0,vsin_dk
2026_CFB_W04_TEX_TENN_FULL_draftkings_2026-09-15T08:24:14.094594+00:00,2026_CFB_W04_TEX_TENN,4,2026-09-15T08:24:14.094594+00:00,draftkings,FULL,0.0,0.0,0.0,0.0,0.12,0.15,6.5,56.5,220.0,-270.0,vsin_dk
2026_CFB_W04_OU_UGA_FULL_draftkings_2026-09-15T09:23:32.167006+00:00,2026_CFB_W04_OU_UGA,4,2026-09-15T09:23:32.167006+00:00,draftkings,FULL,0.0,0.0,0.0,0.0,0.89,0.89,-10.0,52.5,-395.0,310.0,vsin_dk
2026_CFB_W04_ORE_USC_FULL_draftkings_2026-09-15T09:23:32.167006+00:00,2026_CFB_W04_ORE_USC,4,2026-09-15T09:23:32.167006+00:00,draftkings,FULL,0.2,0.0,,,0.0,0.0,5.5,,195.0,-238.0,vsin_dk
2026_CFB_W04_TEX_TENN_FULL_draftkings_2026-09-15T09:23:32.167006+00:00,2026_CFB_W04_TEX_TENN,4,2026-09-15T09:23:32.167006+00:00,draftkings,FULL,0.0,0.0,0.0,0.0,0.12,0.15,6.5,56.5,220.0,-270.0,vsin_dk
2026_CFB_W04_OU_UGA_FULL_draftkings_2026-09-15T10:21:55.624936+00:00,2026_CFB_W04_OU_UGA,4,2026-09-15T10:21:55.624936+00:00,draftkings,FULL,0.0,0.0,0.0,0.0,0.89,0.89,-10.0,52.5,-395.0,310.0,vsin_dk
2026_CFB_W04_ORE_USC_FULL_draftkings_2026-09-15T10:21:55.624936+00:00,2026_CFB_W04_ORE_USC,4,2026-09-15T10:21:55.624936+00:00,draftkings,FULL,0.2,0.0,,,0.0,0.0,5.5,,195.0,-238.0,vsin_dk
2026_CFB_W04_TEX_TENN_FULL_draftkings_2026-09-15T10:21:55.624936+00:00,2026_CFB_W04_TEX_TENN,4,2026-09-15T10:21:55.624936+00:00,draftkings,FULL,0.0,0.0,0.0,0.0,0.12,0.15,6.5,56.5,220.0,-270.0,vsin_dk
2026_CFB_W04_OU_UGA_FULL_draftkings_2026-09-15T11:20:32.351043+00:00,2026_CFB_W04_OU_UGA,4,2026-09-15T11:20:32.351043+00:00,draftkings,FULL,0.0,0.0,0.0,0.0,0.89,0.89,-10.0,52.5,-395.0,310.0,vsin_dk
2026_CFB_W04_ORE_USC_FULL_draftkings_2026-09-15T11:20:32.351043+00:00,2026_CFB_W04_ORE_USC,4,2026-09-15T11:20:32.351043+00:00,draftkings,FULL,0.2,0.0,,,0.0,0.0,5.5,,195.0,-238.0,vsin_dk
2026_CFB_W04_TEX_TENN_FULL_draftkings_2026-09-15T11:20:32.351043+00:00,2026_CFB_W04_TEX_TENN,4,2026-09-15T11:20:32.351043+00:00,draftkings,FULL,0.0,0.0,0.0,0.0,0.12,0.15,6.5,56.5,220.0,-270.0,vsin_dk
2026_CFB_W04_OU_UGA_FULL_draftkings_2026-09-15T12:01:09.170561+00:00,2026_CFB_W04_OU_UGA,4,2026-09-15T12:01:09.170561+00:00,draftkings,FULL,0.0,0.0,0.0,0.0,0.89,0.89,-10.0,52.5,-395.0,310.0,vsin_dk
2026_CFB_W04_ORE_USC_FULL_draftkings_2026-09-15T12:01:09.170561+00:00,2026_CFB_W04_ORE_USC,4,2026-09-15T12:01:09.170561+00:00,draftkings,FULL,0.2,0.0,,,0.0,0.0,5.5,,195.0,-238.0,vsin_dk
2026_CFB_W04_TEX_TENN_FULL_draftkings_2026-09-15T12:01:09.170561+00:00,2026_CFB_W04_TEX_TENN,4,2026-09-15T12:01:09.170561+00:00,draftkings,FULL,0.0,0.0,0.0,0.0,0.12,0.15,6.5,56.5,220.0,-270.0,vsin_dk
2026_CFB_W04_OU_UGA_FULL_draftkings_2026-09-15T12:26:51.979637+00:00,2026_CFB_W04_OU_UGA,4,2026-09-15T12:26:51.979637+00:00,draftkings,FULL,0.0,0.0,0.0,0.0,0.89,0.89,-10.0,52.5,-395.0,310.0,vsin_dk
2026_CFB_W04_ORE_USC_FULL_draftkings_2026-09-15T12:26:51.979637+00:00,2026_CFB_W04_ORE_USC,4,2026-09-15T12:26:51.979637+00:00,draftkings,FULL,0.2,0.0,,,0.0,0.0,5.5,,195.0,-238.0,vsin_dk
2026_CFB_W04_TEX_TENN_FULL_draftkings_2026-09-15T12:26:51.979637+00:00,2026_CFB_W04_TEX_TENN,4,2026-09-15T12:26:51.979637+00:00,draftkings,FULL,0.0,0.0,0.0,0.0,0.12,0.15,6.5,56.5,220.0,-270.0,vsin_dk
2026_CFB_W04_OU_UGA_FULL_draftkings_2026-09-15T13:22:41.975542+00:00,2026_CFB_W04_OU_UGA,4,2026-09-15T13:22:41.975542+00:00,draftkings,FULL,0.0,0.0,0.0,0.0,0.89,0.89,-10.0,52.5,-395.0,310.0,vsin_dk
2026_CFB_W04_ORE_USC_FULL_draftkings_2026-09-15T13:22:41.975542+00:00,2026_CFB_W04_ORE_USC,4,2026-09-15T13:22:41.975542+00:00,draftkings,FULL,0.2,0.0,,,0.0,0.0,5.5,,195.0,-238.0,vsin_dk
2026_CFB_W04_TEX_TENN_FULL_draftkings_2026-09-15T13:22:41.975542+00:00,2026_CFB_W04_TEX_TENN,4,2026-09-15T13:22:41.975542+00:00,draftkings,FULL,0.0,0.0,0.0,0.0,0.12,0.15,6.5,56.5,220.0,-270.0,vsin_dk
2026_CFB_W04_OU_UGA_FULL_draftkings_2026-09-15T14:21:44.830246+00:00,2026_CFB_W04_OU_UGA,4,2026-09-15T14:21:44.830246+00:00,draftkings,FULL,0.0,0.0,0.0,0.0,0.89,0.89,-10.0,52.5,-395.0,310.0,vsin_dk
2026_CFB_W04_ORE_USC_FULL_draftkings_2026-09-15T14:21:44.830246+00:00,2026_CFB_W04_ORE_USC,4,2026-09-15T14:21:44.830246+00:00,draftkings,FULL,0.2,0.0,,,0.0,0.0,5.5,,195.0,-238.0,vsin_dk
2026_CFB_W04_TEX_TENN_FULL_draftkings_2026-09-15T14:21:44.830246+00:00,2026_CFB_W04_TEX_TENN,4,2026-09-15T14:21:44.830246+00:00,draftkings,FULL,0.0,0.0,0.0,0.0,0.12,0.15,6.5,56.5,220.0,-270.0,vsin_dk
2026_CFB_W04_OU_UGA_FULL_draftkings_2026-09-15T15:20:24.087379+00:00,2026_CFB_W04_OU_UGA,4,2026-09-15T15:20:24.087379+00:00,draftkings,FULL,0.0,0.0,0.0,0.0,0.89,0.89,-10.0,52.5,-395.0,310.0,vsin_dk
2026_CFB_W04_ORE_USC_FULL_draftkings_2026-09-15T15:20:24.087379+00:00,2026_CFB_W04_ORE_USC,4,2026-09-15T15:20:24.087379+00:00,draftkings,FULL,0.2,0.0,,,0.0,0.0,5.5,,195.0,-238.0,vsin_dk
2026_CFB_W04_TEX_TENN_FULL_draftkings_2026-09-15T15:20:24.087379+00:00,2026_CFB_W04_TEX_TENN,4,2026-09-15T15:20:24.087379+00:00,draftkings,FULL,0.0,0.0,0.0,0.0,0.12,0.15,6.5,56.5,220.0,-270.0,vsin_dk
2026_CFB_W04_OU_UGA_FULL_draftkings_2026-09-15T16:21:08.354652+00:00,2026_CFB_W04_OU_UGA,4,2026-09-15T16:21:08.354652+00:00,draftkings,FULL,0.0,0.0,0.0,0.0,0.89,0.89,-10.0,52.5,-395.0,310.0,vsin_dk
2026_CFB_W04_ORE_USC_FULL_draftkings_2026-09-15T16:21:08.354652+00:00,2026_CFB_W04_ORE_USC,4,2026-09-15T16:21:08.354652+00:00,draftkings,FULL,0.2,0.0,,,0.0,0.0,5.5,,195.0,-238.0,vsin_dk
2026_CFB_W04_TEX_TENN_FULL_draftkings_2026-09-15T16:21:08.354652+00:00,2026_CFB_W04_TEX_TENN,4,2026-09-15T16:21:08.354652+00:00,draftkings,FULL,0.0,0.0,0.0,0.0,0.12,0.15,6.5,56.5,220.0,-270.0,vsin_dk
2026_CFB_W04_OU_UGA_FULL_draftkings_2026-09-15T17:18:56.967252+00:00,2026_CFB_W04_OU_UGA,4,2026-09-15T17:18:56.967252+00:00,draftkings,FULL,0.0,0.0,0.0,0.0,0.89,0.89,-10.0,52.5,-395.0,310.0,vsin_dk
2026_CFB_W04_ORE_USC_FULL_draftkings_2026-09-15T17:18:56.967252+00:00,2026_CFB_W04_ORE_USC,4,2026-09-15T17:18:56.967252+00:00,draftkings,FULL,0.2,0.0,,,0.0,0.0,5.5,,195.0,-238.0,vsin_dk
2026_CFB_W04_TEX_TENN_FULL_draftkings_2026-09-15T17:18:56.967252+00:00,2026_CFB_W04_TEX_TENN,4,2026-09-15T17:18:56.967252+00:00,draftkings,FULL,0.0,0.0,0.0,0.0,0.12,0.15,6.5,56.5,220.0,-270.0,vsin_dk
2026_CFB_W04_OU_UGA_FULL_draftkings_2026-09-15T18:22:00.008307+00:00,2026_CFB_W04_OU_UGA,4,2026-09-15T18:22:00.008307+00:00,draftkings,FULL,0.0,0.0,0.0,0.0,0.89,0.89,-10.0,52.5,-395.0,310.0,vsin_dk
2026_CFB_W04_ORE_USC_FULL_draftkings_2026-09-15T18:22:00.008307+00:00,2026_CFB_W04_ORE_USC,4,2026-09-15T18:22:00.008307+00:00,draftkings,FULL,0.2,0.0,,,0.0,0.0,5.5,,195.0,-238.0,vsin_dk
2026_CFB_W04_TEX_TENN_FULL_draftkings_2026-09-15T18:22:00.008307+00:00,2026_CFB_W04_TEX_TENN,4,2026-09-15T18:22:00.008307+00:00,draftkings,FULL,0.0,0.0,0.0,0.0,0.12,0.15,6.5,56.5,220.0,-270.0,vsin_dk
2026_CFB_W04_OU_UGA_FULL_draftkings_2026-09-15T19:19:19.070138+00:00,2026_CFB_W04_OU_UGA,4,2026-09-15T19:19:19.070138+00:00,draftkings,FULL,0.0,0.0,0.0,0.0,0.89,0.89,-10.0,52.5,-395.0,310.0,vsin_dk
2026_CFB_W04_ORE_USC_FULL_draftkings_2026-09-15T19:19:19.070138+00:00,2026_CFB_W04_ORE_USC,4,2026-09-15T19:19:19.070138+00:00,draftkings,FULL,0.2,0.0,,,0.0,0.0,5.5,,195.0,-238.0,vsin_dk
2026_CFB_W04_TEX_TENN_FULL_draftkings_2026-09-15T19:19:19.070138+00:00,2026_CFB_W04_TEX_TENN,4,2026-09-15T19:19:19.070138+00:00,draftkings,FULL,0.0,0.0,0.0,0.0,0.12,0.15,6.5,56.5,220.0,-270.0,vsin_dk
2026_CFB_W04_OU_UGA_FULL_draftkings_2026-09-15T20:20:37.796757+00:00,2026_CFB_W04_OU_UGA,4,2026-09-15T20:20:37.796757+00:00,draftkings,FULL,0.0,0.0,0.0,0.0,0.89,0.89,-10.0,52.5,-395.0,310.0,vsin_dk
2026_CFB_W04_ORE_USC_FULL_draftkings_2026-09-15T20:20:37.796757+00:00,2026_CFB_W04_ORE_USC,4,2026-09-15T20:20:37.796757+00:00,draftkings,FULL,0.2,0.0,,,0.0,0.0,5.5,,195.0,-238.0,vsin_dk
2026_CFB_W04_TEX_TENN_FULL_draftkings_2026-09-15T20:20:37.796757+00:00,2026_CFB_W04_TEX_TENN,4,2026-09-15T20:20:37.796757+00:00,draftkings,FULL,0.0,0.0,0.0,0.0,0.12,0.15,6.5,56.5,220.0,-270.0,vsin_dk
2026_CFB_W04_OU_UGA_FULL_draftkings_2026-09-15T21:19:33.241085+00:00,2026_CFB_W04_OU_UGA,4,2026-09-15T21:19:33.241085+00:00,draftkings,FULL,0.0,0.0,0.0,0.0,0.89,0.89,-10.0,52.5,-395.0,310.0,vsin_dk
2026_CFB_W04_ORE_USC_FULL_draftkings_2026-09-15T21:19:33.241085+00:00,2026_CFB_W04_ORE_USC,4,2026-09-15T21:19:33.241085+00:00,draftkings,FULL,0.2,0.0,,,0.0,0.0,5.5,,195.0,-238.0,vsin_dk
2026_CFB_W04_TEX_TENN_FULL_draftkings_2026-09-15T21:19:33.241085+00:00,2026_CFB_W04_TEX_TENN,4,2026-09-15T21:19:33.241085+00:00,draftkings,FULL,0.0,0.0,0.0,0.0,0.12,0.15,6.5,56.5,220.0,-270.0,vsin_dk
2026_CFB_W04_OU_UGA_FULL_draftkings_2026-09-15T22:19:50.962299+00:00,2026_CFB_W04_OU_UGA,4,2026-09-15T22:19:50.962299+00:00,draftkings,FULL,0.0,0.0,0.0,0.0,0.89,0.89,-10.0,52.5,-395.0,310.0,vsin_dk
2026_CFB_W04_ORE_USC_FULL_draftkings_2026-09-15T22:19:50.962299+00:00,2026_CFB_W04_ORE_USC,4,2026-09-15T22:19:50.962299+00:00,draftkings,FULL,0.2,0.0,,,0.0,0.0,5.5,,195.0,-238.0,vsin_dk
2026_CFB_W04_TEX_TENN_FULL_draftkings_2026-09-15T22:19:50.962299+00:00,2026_CFB_W04_TEX_TENN,4,2026-09-15T22:19:50.962299+00:00,draftkings,FULL,0.0,0.0,0.0,0.0,0.12,0.15,6.5,56.5,220.0,-270.0,vsin_dk
2026_CFB_W04_OU_UGA_FULL_draftkings_2026-09-16T00:26:35.425033+00:00,2026_CFB_W04_OU_UGA,4,2026-09-16T00:26:35.425033+00:00,draftkings,FULL,0.0,0.0,0.0,0.0,0.89,0.89,-10.0,52.5,-395.0,310.0,vsin_dk
2026_CFB_W04_ORE_USC_FULL_draftkings_2026-09-16T00:26:35.425033+00:00,2026_CFB_W04_ORE_USC,4,2026-09-16T00:26:35.425033+00:00,draftkings,FULL,0.2,0.0,,,0.0,0.0,5.5,,195.0,-238.0,vsin_dk
2026_CFB_W04_TEX_TENN_FULL_draftkings_2026-09-16T00:26:35.425033+00:00,2026_CFB_W04_TEX_TENN,4,2026-09-16T00:26:35.425033+00:00,draftkings,FULL,0.0,0.0,0.0,0.0,0.12,0.15,6.5,56.5,220.0,-270.0,vsin_dk
2026_CFB_W04_OU_UGA_FULL_draftkings_2026-09-16T01:19:50.341437+00:00,2026_CFB_W04_OU_UGA,4,2026-09-16T01:19:50.341437+00:00,draftkings,FULL,0.0,0.0,0.0,0.0,0.89,0.89,-10.0,52.5,-395.0,310.0,vsin_dk
2026_CFB_W04_ORE_USC_FULL_draftkings_2026-09-16T01:19:50.341437+00:00,2026_CFB_W04_ORE_USC,4,2026-09-16T01:19:50.341437+00:00,draftkings,FULL,0.2,0.0,,,0.0,0.0,5.5,,195.0,-238.0,vsin_dk
2026_CFB_W04_TEX_TENN_FULL_draftkings_2026-09-16T01:19:50.341437+00:00,2026_CFB_W04_TEX_TENN,4,2026-09-16T01:19:50.341437+00:00,draftkings,FULL,0.0,0.0,0.0,0.0,0.12,0.15,6.5,56.5,220.0,-270.0,vsin_dk
2026_CFB_W04_OU_UGA_FULL_draftkings_2026-09-16T02:21:18.389096+00:00,2026_CFB_W04_OU_UGA,4,2026-09-16T02:21:18.389096+00:00,draftkings,FULL,0.0,0.0,0.0,0.0,0.89,0.89,-10.0,52.5,-395.0,310.0,vsin_dk
2026_CFB_W04_ORE_USC_FULL_draftkings_2026-09-16T02:21:18.389096+00:00,2026_CFB_W04_ORE_USC,4,2026-09-16T02:21:18.389096+00:00,draftkings,FULL,0.2,0.0,,,0.0,0.0,5.5,,195.0,-238.0,vsin_dk
2026_CFB_W04_TEX_TENN_FULL_draftkings_2026-09-16T02:21:18.389096+00:00,2026_CFB_W04_TEX_TENN,4,2026-09-16T02:21:18.389096+00:00,draftkings,FULL,0.0,0.0,0.0,0.0,0.12,0.15,6.5,56.5,220.0,-270.0,vsin_dk
2026_CFB_W04_OU_UGA_FULL_draftkings_2026-09-16T03:21:01.165647+00:00,2026_CFB_W04_OU_UGA,4,2026-09-16T03:21:01.165647+00:00,draftkings,FULL,0.0,0.0,0.0,0.0,0.89,0.89,-10.0,52.5,-395.0,310.0,vsin_dk
2026_CFB_W04_ORE_USC_FULL_draftkings_2026-09-16T03:21:01.165647+00:00,2026_CFB_W04_ORE_USC,4,2026-09-16T03:21:01.165647+00:00,draftkings,FULL,0.2,0.0,,,0.0,0.0,5.5,,195.0,-238.0,vsin_dk
2026_CFB_W04_TEX_TENN_FULL_draftkings_2026-09-16T03:21:01.165647+00:00,2026_CFB_W04_TEX_TENN,4,2026-09-16T03:21:01.165647+00:00,draftkings,FULL,0.0,0.0,0.0,0.0,0.12,0.15,6.5,56.5,220.0,-270.0,vsin_dk
2026_CFB_W04_OU_UGA_FULL_draftkings_2026-09-16T04:21:26.642522+00:00,2026_CFB_W04_OU_UGA,4,2026-09-16T04:21:26.642522+00:00,draftkings,FULL,0.0,0.0,0.0,0.0,0.89,0.89,-10.0,52.5,-395.0,310.0,vsin_dk
2026_CFB_W04_ORE_USC_FULL_draftkings_2026-09-16T04:21:26.642522+00:00,2026_CFB_W04_ORE_USC,4,2026-09-16T04:21:26.642522+00:00,draftkings,FULL,0.2,0.0,,,0.0,0.0,5.5,,195.0,-238.0,vsin_dk
2026_CFB_W04_TEX_TENN_FULL_draftkings_2026-09-16T04:21:26.642522+00:00,2026_CFB_W04_TEX_TENN,4,2026-09-16T04:21:26.642522+00:00,draftkings,FULL,0.0,0.0,0.0,0.0,0.12,0.15,6.5,56.5,220.0,-270.0,vsin_dk
2026_CFB_W04_OU_UGA_FULL_draftkings_2026-09-16T05:01:05.349159+00:00,2026_CFB_W04_OU_UGA,4,2026-09-16T05:01:05.349159+00:00,draftkings,FULL,0.0,0.0,0.0,0.0,0.89,0.89,-10.0,52.5,-395.0,310.0,vsin_dk
2026_CFB_W04_ORE_USC_FULL_draftkings_2026-09-16T05:01:05.349159+00:00,2026_CFB_W04_ORE_USC,4,2026-09-16T05:01:05.349159+00:00,draftkings,FULL,0.2,0.0,,,0.0,0.0,5.5,,195.0,-238.0,vsin_dk
2026_CFB_W04_TEX_TENN_FULL_draftkings_2026-09-16T05:01:05.349159+00:00,2026_CFB_W04_TEX_TENN,4,2026-09-16T05:01:05.349159+00:00,draftkings,FULL,0.0,0.0,0.0,0.0,0.12,0.15,6.5,56.5,220.0,-270.0,vsin_dk
2026_CFB_W04_NU_IU_FULL_draftkings_2026-09-20T13:01:59.319984+00:00,2026_CFB_W04_NU_IU,4,2026-09-20T13:01:59.319984+00:00,draftkings,FULL,0.57,0.75,1.0,1.0,0.89,0.58,-23.5,47.5,-4000.0,1600.0,vsin_dk
2026_CFB_W04_NU_IU_FULL_draftkings_2026-09-20T13:03:06.818405+00:00,2026_CFB_W04_NU_IU,4,2026-09-20T13:03:06.818405+00:00,draftkings,FULL,0.57,0.75,1.0,1.0,0.89,0.58,-23.5,47.5,-4000.0,1600.0,vsin_dk
2026_CFB_W04_NU_IU_FULL_draftkings_2026-09-20T13:16:08.600222+00:00,2026_CFB_W04_NU_IU,4,2026-09-20T13:16:08.600222+00:00,draftkings,FULL,0.57,0.75,1.0,1.0,0.89,0.58,-23.5,47.5,-4000.0,1600.0,vsin_dk
2026_CFB_W04_NU_IU_FULL_draftkings_2026-09-20T13:19:26.952640+00:00,2026_CFB_W04_NU_IU,4,2026-09-20T13:19:26.952640+00:00,draftkings,FULL,0.57,0.75,1.0,1.0,0.89,0.58,-23.5,47.5,-4000.0,1600.0,vsin_dk
2026_CFB_W04_NU_IU_FULL_draftkings_2026-09-20T13:22:25.112908+00:00,2026_CFB_W04_NU_IU,4,2026-09-20T13:22:25.112908+00:00,draftkings,FULL,,,1.0,1.0,0.89,0.58,-23.5,47.5,-4000.0,1600.0,vsin_dk
2026_CFB_W04_NU_IU_FULL_draftkings_2026-09-20T13:31:07.293104+00:00,2026_CFB_W04_NU_IU,4,2026-09-20T13:31:07.293104+00:00,draftkings,FULL,0.63,0.84,1.0,1.0,,,-23.5,47.5,-4000.0,1600.0,vsin_dk
2026_CFB_W04_NU_IU_FULL_draftkings_2026-09-20T13:34:30.137225+00:00,2026_CFB_W04_NU_IU,4,2026-09-20T13:34:30.137225+00:00,draftkings,FULL,0.63,0.84,1.0,1.0,,,-23.5,47.5,-4000.0,1600.0,vsin_dk
2026_CFB_W04_NU_IU_FULL_draftkings_2026-09-20T13:46:11.009844+00:00,2026_CFB_W04_NU_IU,4,2026-09-20T13:46:11.009844+00:00,draftkings,FULL,0.63,0.84,1.0,1.0,0.9,0.6,-23.5,47.5,-4000.0,1600.0,vsin_dk
2026_CFB_W04_NU_IU_FULL_draftkings_2026-09-20T13:48:24.297420+00:00,2026_CFB_W04_NU_IU,4,2026-09-20T13:48:24.297420+00:00,draftkings,FULL,0.63,0.84,1.0,1.0,0.9,0.6,-23.5,47.5,-4000.0,1600.0,vsin_dk
2026_CFB_W04_NU_IU_FULL_draftkings_2026-09-20T14:01:00.475243+00:00,2026_CFB_W04_NU_IU,4,2026-09-20T14:01:00.475243+00:00,draftkings,FULL,,0.31,1.0,1.0,0.91,0.6,-23.5,47.5,-4000.0,1600.0,vsin_dk
2026_CFB_W04_NU_IU_FULL_draftkings_2026-09-20T14:03:40.580173+00:00,2026_CFB_W04_NU_IU,4,2026-09-20T14:03:40.580173+00:00,draftkings,FULL,,0.31,1.0,1.0,0.91,0.6,-23.5,47.5,-4000.0,1600.0,vsin_dk
2026_CFB_W04_NU_IU_FULL_draftkings_2026-09-20T14:16:03.472232+00:00,2026_CFB_W04_NU_IU,4,2026-09-20T14:16:03.472232+00:00,draftkings,FULL,0.6,0.31,1.0,1.0,0.91,0.6,-23.5,47.5,-4000.0,1600.0,vsin_dk
2026_CFB_W04_NU_IU_FULL_draftkings_2026-09-20T14:18:56.015427+00:00,2026_CFB_W04_NU_IU,4,2026-09-20T14:18:56.015427+00:00,draftkings,FULL,0.6,0.31,1.0,1.0,0.91,0.6,-23.5,47.5,-4000.0,1600.0,vsin_dk
2026_CFB_W04_NU_IU_FULL_draftkings_2026-09-20T14:21:50.592593+00:00,2026_CFB_W04_NU_IU,4,2026-09-20T14:21:50.592593+00:00,draftkings,FULL,,,1.0,1.0,0.91,0.6,-23.5,47.5,-4000.0,1600.0,vsin_dk
2026_CFB_W04_LIB_CCU_FULL_draftkings_2026-09-20T16:31:02.324970+00:00,2026_CFB_W04_LIB_CCU,4,2026-09-20T16:31:02.324970+00:00,draftkings,FULL,1.0,1.0,,,0.0,0.0,-1.5,,-120.0,100.0,vsin_dk
2026_CFB_W04_LIB_CCU_FULL_draftkings_2026-09-20T16:35:51.077143+00:00,2026_CFB_W04_LIB_CCU,4,2026-09-20T16:35:51.077143+00:00,draftkings,FULL,1.0,1.0,,,0.0,0.0,-1.5,,-120.0,100.0,vsin_dk
2026_CFB_W04_LIB_CCU_FULL_draftkings_2026-09-20T16:46:04.542287+00:00,2026_CFB_W04_LIB_CCU,4,2026-09-20T16:46:04.542287+00:00,draftkings,FULL,1.0,1.0,,,0.0,0.0,-1.5,,-120.0,100.0,vsin_dk
2026_CFB_W04_LIB_CCU_FULL_draftkings_2026-09-20T16:48:45.396437+00:00,2026_CFB_W04_LIB_CCU,4,2026-09-20T16:48:45.396437+00:00,draftkings,FULL,1.0,1.0,,,0.0,0.0,-1.5,,-120.0,100.0,vsin_dk
2026_CFB_W04_LIB_CCU_FULL_draftkings_2026-09-20T17:01:04.945627+00:00,2026_CFB_W04_LIB_CCU,4,2026-09-20T17:01:04.945627+00:00,draftkings,FULL,1.0,1.0,,,0.0,0.0,-1.5,,-120.0,100.0,vsin_dk
2026_CFB_W04_LIB_CCU_FULL_draftkings_2026-09-20T17:05:39.311857+00:00,2026_CFB_W04_LIB_CCU,4,2026-09-20T17:05:39.311857+00:00,draftkings,FULL,1.0,1.0,,,0.0,0.0,-1.5,,-120.0,100.0,vsin_dk
2026_CFB_W04_LIB_CCU_FULL_draftkings_2026-09-20T17:16:06.905398+00:00,2026_CFB_W04_LIB_CCU,4,2026-09-20T17:16:06.905398+00:00,draftkings,FULL,1.0,1.0,,,0.0,0.0,-1.5,,-120.0,100.0,vsin_dk
2026_CFB_W04_LIB_CCU_FULL_draftkings_2026-09-20T17:18:13.259223+00:00,2026_CFB_W04_LIB_CCU,4,2026-09-20T17:18:13.259223+00:00,draftkings,FULL,1.0,1.0,,,0.0,0.0,-1.5,,-120.0,100.0,vsin_dk
2026_CFB_W04_LIB_CCU_FULL_draftkings_2026-09-20T17:21:11.356000+00:00,2026_CFB_W04_LIB_CCU,4,2026-09-20T17:21:11.356000+00:00,draftkings,FULL,1.0,1.0,,,0.0,0.0,-1.5,,-120.0,100.0,vsin_dk
2026_CFB_W04_LIB_CCU_FULL_draftkings_2026-09-20T17:31:08.171120+00:00,2026_CFB_W04_LIB_CCU,4,2026-09-20T17:31:08.171120+00:00,draftkings,FULL,1.0,1.0,,,0.0,0.0,-1.5,,-120.0,100.0,vsin_dk
2026_CFB_W04_LIB_CCU_FULL_draftkings_2026-09-20T17:34:12.176283+00:00,2026_CFB_W04_LIB_CCU,4,2026-09-20T17:34:12.176283+00:00,draftkings,FULL,1.0,1.0,,,0.0,0.0,-1.5,,-120.0,100.0,vsin_dk
2026_CFB_W04_LIB_CCU_FULL_draftkings_2026-09-20T17:46:07.245621+00:00,2026_CFB_W04_LIB_CCU,4,2026-09-20T17:46:07.245621+00:00,draftkings,FULL,1.0,1.0,,,0.0,0.0,-1.5,,-120.0,100.0,vsin_dk
2026_CFB_W04_LIB_CCU_FULL_draftkings_2026-09-20T17:47:28.230967+00:00,2026_CFB_W04_LIB_CCU,4,2026-09-20T17:47:28.230967+00:00,draftkings,FULL,1.0,1.0,,,0.0,0.0,-1.5,,-120.0,100.0,vsin_dk
2026_CFB_W04_LIB_CCU_FULL_draftkings_2026-09-20T18:02:23.924424+00:00,2026_CFB_W04_LIB_CCU,4,2026-09-20T18:02:23.924424+00:00,draftkings,FULL,1.0,1.0,,,0.0,0.0,1.5,,100.0,-120.0,vsin_dk
2026_CFB_W04_LIB_CCU_FULL_draftkings_2026-09-20T18:03:52.795215+00:00,2026_CFB_W04_LIB_CCU,4,2026-09-20T18:03:52.795215+00:00,draftkings,FULL,1.0,1.0,,,0.0,0.0,1.5,,100.0,-120.0,vsin_dk
2026_CFB_W04_LIB_CCU_FULL_draftkings_2026-09-20T18:16:08.594710+00:00,2026_CFB_W04_LIB_CCU,4,2026-09-20T18:16:08.594710+00:00,draftkings,FULL,1.0,1.0,,,0.0,0.0,1.5,,100.0,-120.0,vsin_dk
2026_CFB_W04_LIB_CCU_FULL_draftkings_2026-09-20T18:21:28.682859+00:00,2026_CFB_W04_LIB_CCU,4,2026-09-20T18:21:28.682859+00:00,draftkings,FULL,1.0,1.0,,,0.0,0.0,1.5,,100.0,-120.0,vsin_dk
2026_CFB_W04_LIB_CCU_FULL_draftkings_2026-09-20T18:24:13.452900+00:00,2026_CFB_W04_LIB_CCU,4,2026-09-20T18:24:13.452900+00:00,draftkings,FULL,1.0,1.0,,,0.0,0.0,1.5,,100.0,-120.0,vsin_dk
2026_CFB_W04_LIB_CCU_FULL_draftkings_2026-09-20T18:31:07.502085+00:00,2026_CFB_W04_LIB_CCU,4,2026-09-20T18:31:07.502085+00:00,draftkings,FULL,1.0,1.0,,,0.0,0.0,1.5,,100.0,-120.0,vsin_dk
2026_CFB_W04_LIB_CCU_FULL_draftkings_2026-09-20T18:36:54.264473+00:00,2026_CFB_W04_LIB_CCU,4,2026-09-20T18:36:54.264473+00:00,draftkings,FULL,1.0,1.0,,,0.0,0.0,1.5,,100.0,-120.0,vsin_dk
2026_CFB_W04_LIB_CCU_FULL_draftkings_2026-09-20T18:46:06.104660+00:00,2026_CFB_W04_LIB_CCU,4,2026-09-20T18:46:06.104660+00:00,draftkings,FULL,1.0,1.0,,,0.0,0.0,1.5,,100.0,-120.0,vsin_dk
2026_CFB_W04_LIB_CCU_FULL_draftkings_2026-09-20T18:49:17.548131+00:00,2026_CFB_W04_LIB_CCU,4,2026-09-20T18:49:17.548131+00:00,draftkings,FULL,1.0,1.0,,,0.0,0.0,1.5,,100.0,-120.0,vsin_dk
2026_CFB_W04_LIB_CCU_FULL_draftkings_2026-09-20T19:01:37.773014+00:00,2026_CFB_W04_LIB_CCU,4,2026-09-20T19:01:37.773014+00:00,draftkings,FULL,1.0,1.0,,,0.0,0.0,1.5,,105.0,-125.0,vsin_dk
2026_CFB_W04_LIB_CCU_FULL_draftkings_2026-09-20T19:03:34.997444+00:00,2026_CFB_W04_LIB_CCU,4,2026-09-20T19:03:34.997444+00:00,draftkings,FULL,1.0,1.0,,,0.0,0.0,1.5,,105.0,-125.0,vsin_dk
2026_CFB_W04_LIB_CCU_FULL_draftkings_2026-09-20T19:17:04.616274+00:00,2026_CFB_W04_LIB_CCU,4,2026-09-20T19:17:04.616274+00:00,draftkings,FULL,1.0,1.0,,,0.0,0.0,1.5,,105.0,-125.0,vsin_dk
2026_CFB_W04_LIB_CCU_FULL_draftkings_2026-09-20T19:20:00.853013+00:00,2026_CFB_W04_LIB_CCU,4,2026-09-20T19:20:00.853013+00:00,draftkings,FULL,1.0,1.0,,,0.0,0.0,1.5,,105.0,-125.0,vsin_dk
2026_CFB_W04_LIB_CCU_FULL_draftkings_2026-09-20T19:31:45.000982+00:00,2026_CFB_W04_LIB_CCU,4,2026-09-20T19:31:45.000982+00:00,draftkings,FULL,1.0,1.0,,,0.0,0.0,1.5,,105.0,-125.0,vsin_dk
2026_CFB_W04_LIB_CCU_FULL_draftkings_2026-09-20T19:32:50.323986+00:00,2026_CFB_W04_LIB_CCU,4,2026-09-20T19:32:50.323986+00:00,draftkings,FULL,1.0,1.0,,,0.0,0.0,1.5,,105.0,-125.0,vsin_dk
2026_CFB_W04_LIB_CCU_FULL_draftkings_2026-09-20T19:46:16.708984+00:00,2026_CFB_W04_LIB_CCU,4,2026-09-20T19:46:16.708984+00:00,draftkings,FULL,1.0,1.0,1.0,1.0,0.0,0.0,1.5,52.5,105.0,-125.0,vsin_dk
2026_CFB_W04_LIB_CCU_FULL_draftkings_2026-09-20T19:47:38.344633+00:00,2026_CFB_W04_LIB_CCU,4,2026-09-20T19:47:38.344633+00:00,draftkings,FULL,1.0,1.0,1.0,1.0,0.0,0.0,1.5,52.5,105.0,-125.0,vsin_dk
2026_CFB_W04_LIB_CCU_FULL_draftkings_2026-09-20T20:01:09.540172+00:00,2026_CFB_W04_LIB_CCU,4,2026-09-20T20:01:09.540172+00:00,draftkings,FULL,1.0,1.0,1.0,1.0,0.0,0.0,1.5,52.5,105.0,-125.0,vsin_dk
2026_CFB_W04_LIB_CCU_FULL_draftkings_2026-09-20T20:05:56.987883+00:00,2026_CFB_W04_LIB_CCU,4,2026-09-20T20:05:56.987883+00:00,draftkings,FULL,1.0,1.0,1.0,1.0,0.0,0.0,1.5,52.5,110.0,-130.0,vsin_dk
2026_CFB_W04_LIB_CCU_FULL_draftkings_2026-09-20T20:16:10.990351+00:00,2026_CFB_W04_LIB_CCU,4,2026-09-20T20:16:10.990351+00:00,draftkings,FULL,1.0,1.0,1.0,1.0,0.0,0.0,1.5,52.5,110.0,-130.0,vsin_dk
2026_CFB_W04_LIB_CCU_FULL_draftkings_2026-09-20T20:19:16.663891+00:00,2026_CFB_W04_LIB_CCU,4,2026-09-20T20:19:16.663891+00:00,draftkings,FULL,1.0,1.0,1.0,1.0,0.0,0.0,1.5,52.5,110.0,-130.0,vsin_dk
2026_CFB_W04_LIB_CCU_FULL_draftkings_2026-09-20T20:22:16.441863+00:00,2026_CFB_W04_LIB_CCU,4,2026-09-20T20:22:16.441863+00:00,draftkings,FULL,1.0,1.0,1.0,1.0,0.0,0.0,1.5,52.5,110.0,-130.0,vsin_dk
2026_CFB_W04_LIB_CCU_FULL_draftkings_2026-09-20T20:31:07.307879+00:00,2026_CFB_W04_LIB_CCU,4,2026-09-20T20:31:07.307879+00:00,draftkings,FULL,1.0,1.0,1.0,1.0,0.0,0.0,1.5,52.5,110.0,-130.0,vsin_dk
2026_CFB_W04_LIB_CCU_FULL_draftkings_2026-09-20T20:35:09.100799+00:00,2026_CFB_W04_LIB_CCU,4,2026-09-20T20:35:09.100799+00:00,draftkings,FULL,1.0,1.0,1.0,1.0,0.0,0.0,1.5,52.5,110.0,-130.0,vsin_dk
2026_CFB_W04_LIB_CCU_FULL_draftkings_2026-09-20T20:46:04.966107+00:00,2026_CFB_W04_LIB_CCU,4,2026-09-20T20:46:04.966107+00:00,draftkings,FULL,1.0,1.0,1.0,1.0,0.06,0.0,1.5,52.5,110.0,-130.0,vsin_dk
2026_CFB_W04_LIB_CCU_FULL_draftkings_2026-09-20T20:47:29.084840+00:00,2026_CFB_W04_LIB_CCU,4,2026-09-20T20:47:29.084840+00:00,draftkings,FULL,1.0,1.0,1.0,1.0,0.06,0.0,1.5,52.5,110.0,-130.0,vsin_dk
2026_CFB_W04_LIB_CCU_FULL_draftkings_2026-09-20T21:02:05.825385+00:00,2026_CFB_W04_LIB_CCU,4,2026-09-20T21:02:05.825385+00:00,draftkings,FULL,,,1.0,1.0,0.06,0.0,1.5,52.5,110.0,-130.0,vsin_dk
2026_CFB_W04_LIB_CCU_FULL_draftkings_2026-09-20T21:03:43.318525+00:00,2026_CFB_W04_LIB_CCU,4,2026-09-20T21:03:43.318525+00:00,draftkings,FULL,,,1.0,1.0,0.06,0.0,1.5,52.5,110.0,-130.0,vsin_dk
2026_CFB_W04_LIB_CCU_FULL_draftkings_2026-09-20T21:16:05.690000+00:00,2026_CFB_W04_LIB_CCU,4,2026-09-20T21:16:05.690000+00:00,draftkings,FULL,0.5,0.02,1.0,1.0,0.06,0.0,1.5,52.5,110.0,-130.0,vsin_dk
2026_CFB_W04_LIB_CCU_FULL_draftkings_2026-09-20T21:18:46.686422+00:00,2026_CFB_W04_LIB_CCU,4,2026-09-20T21:18:46.686422+00:00,draftkings,FULL,0.5,0.02,1.0,1.0,0.06,0.0,1.5,52.5,110.0,-130.0,vsin_dk
2026_CFB_W04_LIB_CCU_FULL_draftkings_2026-09-20T21:21:51.577000+00:00,2026_CFB_W04_LIB_CCU,4,2026-09-20T21:21:51.577000+00:00,draftkings,FULL,0.5,0.02,1.0,1.0,0.06,0.0,1.5,51.5,110.0,-130.0,vsin_dk
2026_CFB_W04_LIB_CCU_FULL_draftkings_2026-09-20T21:31:09.240622+00:00,2026_CFB_W04_LIB_CCU,4,2026-09-20T21:31:09.240622+00:00,draftkings,FULL,0.5,0.02,1.0,1.0,0.06,0.0,1.5,51.5,110.0,-130.0,vsin_dk
2026_CFB_W04_LIB_CCU_FULL_draftkings_2026-09-20T21:34:45.486405+00:00,2026_CFB_W04_LIB_CCU,4,2026-09-20T21:34:45.486405+00:00,draftkings,FULL,0.5,0.02,1.0,1.0,0.06,0.0,1.5,51.5,110.0,-130.0,vsin_dk
2026_CFB_W04_LIB_CCU_FULL_draftkings_2026-09-20T21:46:09.266398+00:00,2026_CFB_W04_LIB_CCU,4,2026-09-20T21:46:09.266398+00:00,draftkings,FULL,0.5,0.02,1.0,1.0,0.06,0.0,1.5,51.5,110.0,-130.0,vsin_dk
2026_CFB_W04_LIB_CCU_FULL_draftkings_2026-09-20T21:47:43.413607+00:00,2026_CFB_W04_LIB_CCU,4,2026-09-20T21:47:43.413607+00:00,draftkings,FULL,0.5,0.02,1.0,1.0,0.06,0.0,1.5,51.5,110.0,-130.0,vsin_dk
2026_CFB_W04_LIB_CCU_FULL_draftkings_2026-09-20T22:01:13.510776+00:00,2026_CFB_W04_LIB_CCU,4,2026-09-20T22:01:13.510776+00:00,draftkings,FULL,0.5,0.02,1.0,1.0,0.06,0.0,1.5,51.5,110.0,-130.0,vsin_dk
2026_CFB_W04_LIB_CCU_FULL_draftkings_2026-09-20T22:03:17.194920+00:00,2026_CFB_W04_LIB_CCU,4,2026-09-20T22:03:17.194920+00:00,draftkings,FULL,0.5,0.02,1.0,1.0,0.06,0.0,1.5,51.5,110.0,-130.0,vsin_dk
2026_CFB_W04_LIB_CCU_FULL_draftkings_2026-09-20T22:16:04.144291+00:00,2026_CFB_W04_LIB_CCU,4,2026-09-20T22:16:04.144291+00:00,draftkings,FULL,0.5,0.02,1.0,1.0,0.06,0.0,2.5,51.5,110.0,-130.0,vsin_dk
2026_CFB_W04_LIB_CCU_FULL_draftkings_2026-09-20T22:18:59.843805+00:00,2026_CFB_W04_LIB_CCU,4,2026-09-20T22:18:59.843805+00:00,draftkings,FULL,0.5,0.02,1.0,1.0,0.06,0.0,2.5,51.5,110.0,-130.0,vsin_dk
2026_CFB_W04_LIB_CCU_FULL_draftkings_2026-09-20T22:22:14.199258+00:00,2026_CFB_W04_LIB_CCU,4,2026-09-20T22:22:14.199258+00:00,draftkings,FULL,0.5,0.02,1.0,1.0,0.06,0.0,2.5,51.5,110.0,-130.0,vsin_dk
2026_CFB_W04_LIB_CCU_FULL_draftkings_2026-09-20T22:31:10.873546+00:00,2026_CFB_W04_LIB_CCU,4,2026-09-20T22:31:10.873546+00:00,draftkings,FULL,0.5,0.02,1.0,1.0,0.06,0.0,2.5,51.5,110.0,-130.0,vsin_dk
2026_CFB_W04_LIB_CCU_FULL_draftkings_2026-09-20T22:34:46.688498+00:00,2026_CFB_W04_LIB_CCU,4,2026-09-20T22:34:46.688498+00:00,draftkings,FULL,0.5,0.02,1.0,1.0,0.06,0.0,2.5,51.5,110.0,-130.0,vsin_dk
2026_CFB_W04_LIB_CCU_FULL_draftkings_2026-09-20T22:46:07.771890+00:00,2026_CFB_W04_LIB_CCU,4,2026-09-20T22:46:07.771890+00:00,draftkings,FULL,0.5,0.02,1.0,1.0,0.06,0.0,2.5,51.5,110.0,-130.0,vsin_dk
2026_CFB_W04_LIB_CCU_FULL_draftkings_2026-09-20T22:48:58.386172+00:00,2026_CFB_W04_LIB_CCU,4,2026-09-20T22:48:58.386172+00:00,draftkings,FULL,0.5,0.02,1.0,1.0,0.06,0.0,2.5,51.5,110.0,-130.0,vsin_dk
2026_CFB_W04_LIB_CCU_FULL_draftkings_2026-09-20T23:01:35.876235+00:00,2026_CFB_W04_LIB_CCU,4,2026-09-20T23:01:35.876235+00:00,draftkings,FULL,0.5,0.02,1.0,1.0,0.06,0.0,2.5,51.5,110.0,-130.0,vsin_dk
2026_CFB_W04_LIB_CCU_FULL_draftkings_2026-09-20T23:06:19.112913+00:00,2026_CFB_W04_LIB_CCU,4,2026-09-20T23:06:19.112913+00:00,draftkings,FULL,0.5,0.02,1.0,1.0,0.06,0.0,1.5,51.5,110.0,-130.0,vsin_dk
2026_CFB_W04_LIB_CCU_FULL_draftkings_2026-09-20T23:16:11.613992+00:00,2026_CFB_W04_LIB_CCU,4,2026-09-20T23:16:11.613992+00:00,draftkings,FULL,0.5,0.02,1.0,1.0,0.06,0.0,2.5,51.5,114.0,-135.0,vsin_dk
2026_CFB_W04_LIB_CCU_FULL_draftkings_2026-09-20T23:18:23.480511+00:00,2026_CFB_W04_LIB_CCU,4,2026-09-20T23:18:23.480511+00:00,draftkings,FULL,0.5,0.02,1.0,1.0,0.06,0.0,2.5,51.5,114.0,-135.0,vsin_dk
2026_CFB_W04_LIB_CCU_FULL_draftkings_2026-09-20T23:21:16.154967+00:00,2026_CFB_W04_LIB_CCU,4,2026-09-20T23:21:16.154967+00:00,draftkings,FULL,0.5,0.02,1.0,1.0,0.06,0.0,2.5,51.5,114.0,-135.0,vsin_dk
2026_CFB_W04_LIB_CCU_FULL_draftkings_2026-09-20T23:31:10.373505+00:00,2026_CFB_W04_LIB_CCU,4,2026-09-20T23:31:10.373505+00:00,draftkings,FULL,0.5,0.02,1.0,1.0,0.06,0.0,2.5,51.5,114.0,-135.0,vsin_dk
2026_CFB_W04_LIB_CCU_FULL_draftkings_2026-09-20T23:33:23.552824+00:00,2026_CFB_W04_LIB_CCU,4,2026-09-20T23:33:23.552824+00:00,draftkings,FULL,0.5,0.02,1.0,1.0,0.06,0.0,2.5,51.5,114.0,-135.0,vsin_dk
2026_CFB_W04_LIB_CCU_FULL_draftkings_2026-09-20T23:46:07.516457+00:00,2026_CFB_W04_LIB_CCU,4,2026-09-20T23:46:07.516457+00:00,draftkings,FULL,0.5,0.02,1.0,1.0,0.05,0.0,2.5,51.5,114.0,-135.0,vsin_dk
2026_CFB_W04_LIB_CCU_FULL_draftkings_2026-09-20T23:47:34.348507+00:00,2026_CFB_W04_LIB_CCU,4,2026-09-20T23:47:34.348507+00:00,draftkings,FULL,0.5,0.02,1.0,1.0,0.05,0.0,2.5,51.5,114.0,-135.0,vsin_dk
2026_CFB_W04_LIB_CCU_FULL_draftkings_2026-09-21T00:02:00.306947+00:00,2026_CFB_W04_LIB_CCU,4,2026-09-21T00:02:00.306947+00:00,draftkings,FULL,0.5,0.02,1.0,1.0,0.09,0.03,2.5,51.5,114.0,-135.0,vsin_dk
2026_CFB_W04_LIB_CCU_FULL_draftkings_2026-09-21T00:16:08.471046+00:00,2026_CFB_W04_LIB_CCU,4,2026-09-21T00:16:08.471046+00:00,draftkings,FULL,0.5,0.02,1.0,1.0,0.13,0.04,2.5,51.5,114.0,-135.0,vsin_dk
2026_CFB_W04_LIB_CCU_FULL_draftkings_2026-09-21T00:23:24.444165+00:00,2026_CFB_W04_LIB_CCU,4,2026-09-21T00:23:24.444165+00:00,draftkings,FULL,0.5,0.02,1.0,1.0,0.13,0.04,2.5,51.5,114.0,-135.0,vsin_dk
2026_CFB_W04_LIB_CCU_FULL_draftkings_2026-09-21T00:28:06.890411+00:00,2026_CFB_W04_LIB_CCU,4,2026-09-21T00:28:06.890411+00:00,draftkings,FULL,0.5,0.02,1.0,1.0,0.13,0.04,2.5,51.5,114.0,-135.0,vsin_dk
2026_CFB_W04_LIB_CCU_FULL_draftkings_2026-09-21T00:31:07.643835+00:00,2026_CFB_W04_LIB_CCU,4,2026-09-21T00:31:07.643835+00:00,draftkings,FULL,0.5,0.02,1.0,1.0,0.13,0.04,2.5,51.5,114.0,-135.0,vsin_dk
2026_CFB_W04_LIB_CCU_FULL_draftkings_2026-09-21T00:46:19.587137+00:00,2026_CFB_W04_LIB_CCU,4,2026-09-21T00:46:19.587137+00:00,draftkings,FULL,0.5,0.02,1.0,1.0,0.13,0.04,2.5,51.5,114.0,-135.0,vsin_dk
2026_CFB_W04_LIB_CCU_FULL_draftkings_2026-09-21T00:48:34.931875+00:00,2026_CFB_W04_LIB_CCU,4,2026-09-21T00:48:34.931875+00:00,draftkings,FULL,0.5,0.02,1.0,1.0,0.13,0.04,2.5,51.5,114.0,-135.0,vsin_dk
2026_CFB_W04_LIB_CCU_FULL_draftkings_2026-09-21T01:03:31.590496+00:00,2026_CFB_W04_LIB_CCU,4,2026-09-21T01:03:31.590496+00:00,draftkings,FULL,0.25,0.01,1.0,1.0,0.16,0.04,2.5,51.5,114.0,-135.0,vsin_dk
2026_CFB_W04_LIB_CCU_FULL_draftkings_2026-09-21T01:16:42.796992+00:00,2026_CFB_W04_LIB_CCU,4,2026-09-21T01:16:42.796992+00:00,draftkings,FULL,0.25,0.01,1.0,1.0,,,2.5,51.5,114.0,-135.0,vsin_dk
2026_CFB_W04_LIB_CCU_FULL_draftkings_2026-09-21T01:19:38.591442+00:00,2026_CFB_W04_LIB_CCU,4,2026-09-21T01:19:38.591442+00:00,draftkings,FULL,0.25,0.01,1.0,1.0,,,2.5,51.5,114.0,-135.0,vsin_dk
2026_CFB_W04_LIB_CCU_FULL_draftkings_2026-09-21T01:31:02.227332+00:00,2026_CFB_W04_LIB_CCU,4,2026-09-21T01:31:02.227332+00:00,draftkings,FULL,0.25,0.01,1.0,1.0,,0.07,2.5,51.5,114.0,-135.0,vsin_dk
2026_CFB_W04_LIB_CCU_FULL_draftkings_2026-09-21T01:33:37.677265+00:00,2026_CFB_W04_LIB_CCU,4,2026-09-21T01:33:37.677265+00:00,draftkings,FULL,0.25,0.01,1.0,1.0,,0.07,2.5,51.5,114.0,-135.0,vsin_dk
2026_CFB_W04_LIB_CCU_FULL_draftkings_2026-09-21T01:46:02.785779+00:00,2026_CFB_W04_LIB_CCU,4,2026-09-21T01:46:02.785779+00:00,draftkings,FULL,0.73,0.01,1.0,1.0,0.24,0.07,2.5,51.5,114.0,-135.0,vsin_dk
2026_CFB_W04_LIB_CCU_FULL_draftkings_2026-09-21T01:56:09.941330+00:00,2026_CFB_W04_LIB_CCU,4,2026-09-21T01:56:09.941330+00:00,draftkings,FULL,0.67,0.01,1.0,1.0,0.23,0.07,2.5,51.5,114.0,-135.0,vsin_dk
2026_CFB_W04_LIB_CCU_FULL_draftkings_2026-09-21T02:02:49.736359+00:00,2026_CFB_W04_LIB_CCU,4,2026-09-21T02:02:49.736359+00:00,draftkings,FULL,0.67,0.01,1.0,1.0,0.23,0.07,2.5,51.5,114.0,-135.0,vsin_dk
2026_CFB_W04_LIB_CCU_FULL_draftkings_2026-09-21T02:16:08.107959+00:00,2026_CFB_W04_LIB_CCU,4,2026-09-21T02:16:08.107959+00:00,draftkings,FULL,0.62,0.01,1.0,1.0,0.31,0.08,2.5,51.5,114.0,-135.0,vsin_dk
2026_CFB_W04_LIB_CCU_FULL_draftkings_2026-09-21T02:17:24.812118+00:00,2026_CFB_W04_LIB_CCU,4,2026-09-21T02:17:24.812118+00:00,draftkings,FULL,0.62,0.01,1.0,1.0,0.31,0.08,2.5,51.5,114.0,-135.0,vsin_dk
2026_CFB_W04_LIB_CCU_FULL_draftkings_2026-09-21T02:20:51.563334+00:00,2026_CFB_W04_LIB_CCU,4,2026-09-21T02:20:51.563334+00:00,draftkings,FULL,0.62,0.01,1.0,1.0,0.31,0.08,2.5,51.5,114.0,-135.0,vsin_dk
2026_CFB_W04_LIB_CCU_FULL_draftkings_2026-09-21T02:31:06.989394+00:00,2026_CFB_W04_LIB_CCU,4,2026-09-21T02:31:06.989394+00:00,draftkings,FULL,0.62,0.01,1.0,1.0,0.31,0.08,2.5,51.5,114.0,-135.0,vsin_dk
2026_CFB_W04_LIB_CCU_FULL_draftkings_2026-09-21T02:44:41.366159+00:00,2026_CFB_W04_LIB_CCU,4,2026-09-21T02:44:41.366159+00:00,draftkings,FULL,0.62,0.01,1.0,1.0,0.31,0.08,2.5,51.5,114.0,-135.0,vsin_dk
2026_CFB_W04_LIB_CCU_FULL_draftkings_2026-09-21T02:46:09.283124+00:00,2026_CFB_W04_LIB_CCU,4,2026-09-21T02:46:09.283124+00:00,draftkings,FULL,0.62,0.01,1.0,1.0,0.31,0.08,2.5,51.5,114.0,-135.0,vsin_dk
2026_CFB_W04_LIB_CCU_FULL_draftkings_2026-09-21T02:58:14.324850+00:00,2026_CFB_W04_LIB_CCU,4,2026-09-21T02:58:14.324850+00:00,draftkings,FULL,0.62,0.01,1.0,1.0,,0.08,2.5,51.5,114.0,-135.0,vsin_dk
2026_CFB_W04_LIB_CCU_FULL_draftkings_2026-09-21T03:02:33.030814+00:00,2026_CFB_W04_LIB_CCU,4,2026-09-21T03:02:33.030814+00:00,draftkings,FULL,0.62,0.01,1.0,1.0,0.33,0.08,2.5,51.5,114.0,-135.0,vsin_dk
2026_CFB_W04_LIB_CCU_FULL_draftkings_2026-09-21T03:16:10.742710+00:00,2026_CFB_W04_LIB_CCU,4,2026-09-21T03:16:10.742710+00:00,draftkings,FULL,0.62,0.01,1.0,1.0,0.33,0.08,2.5,51.5,114.0,-135.0,vsin_dk
2026_CFB_W04_LIB_CCU_FULL_draftkings_2026-09-21T03:19:55.579427+00:00,2026_CFB_W04_LIB_CCU,4,2026-09-21T03:19:55.579427+00:00,draftkings,FULL,0.62,0.01,1.0,1.0,0.33,0.08,2.5,51.5,114.0,-135.0,vsin_dk
2026_CFB_W04_LIB_CCU_FULL_draftkings_2026-09-21T03:21:19.612720+00:00,2026_CFB_W04_LIB_CCU,4,2026-09-21T03:21:19.612720+00:00,draftkings,FULL,0.62,0.01,1.0,1.0,0.33,0.08,2.5,51.5,114.0,-135.0,vsin_dk
2026_CFB_W04_LIB_CCU_FULL_draftkings_2026-09-21T03:31:10.528322+00:00,2026_CFB_W04_LIB_CCU,4,2026-09-21T03:31:10.528322+00:00,draftkings,FULL,0.62,0.01,1.0,1.0,0.33,0.08,2.5,51.5,114.0,-135.0,vsin_dk
2026_CFB_W04_LIB_CCU_FULL_draftkings_2026-09-21T03:46:43.386118+00:00,2026_CFB_W04_LIB_CCU,4,2026-09-21T03:46:43.386118+00:00,draftkings,FULL,0.62,0.01,1.0,1.0,0.33,0.08,2.5,51.5,114.0,-135.0,vsin_dk
2026_CFB_W04_LIB_CCU_FULL_draftkings_2026-09-21T04:02:53.067800+00:00,2026_CFB_W04_LIB_CCU,4,2026-09-21T04:02:53.067800+00:00,draftkings,FULL,0.62,0.01,1.0,1.0,0.33,0.08,2.5,51.5,114.0,-135.0,vsin_dk
2026_CFB_W04_LIB_CCU_FULL_draftkings_2026-09-21T04:16:05.888393+00:00,2026_CFB_W04_LIB_CCU,4,2026-09-21T04:16:05.888393+00:00,draftkings,FULL,0.62,0.01,1.0,1.0,,0.08,2.5,51.5,114.0,-135.0,vsin_dk
2026_CFB_W04_LIB_CCU_FULL_draftkings_2026-09-21T04:22:19.617136+00:00,2026_CFB_W04_LIB_CCU,4,2026-09-21T04:22:19.617136+00:00,draftkings,FULL,0.62,0.01,1.0,1.0,0.29,0.08,2.5,51.5,114.0,-135.0,vsin_dk
2026_CFB_W04_LIB_CCU_FULL_draftkings_2026-09-21T04:31:02.273248+00:00,2026_CFB_W04_LIB_CCU,4,2026-09-21T04:31:02.273248+00:00,draftkings,FULL,,0.01,1.0,1.0,0.29,0.08,2.5,51.5,114.0,-135.0,vsin_dk
2026_CFB_W04_LIB_CCU_FULL_draftkings_2026-09-21T04:46:51.028507+00:00,2026_CFB_W04_LIB_CCU,4,2026-09-21T04:46:51.028507+00:00,draftkings,FULL,0.57,0.01,1.0,1.0,0.29,0.08,2.5,51.5,114.0,-135.0,vsin_dk
2026_CFB_W04_LIB_CCU_FULL_draftkings_2026-09-21T05:04:17.787614+00:00,2026_CFB_W04_LIB_CCU,4,2026-09-21T05:04:17.787614+00:00,draftkings,FULL,0.57,0.01,1.0,1.0,0.29,0.08,2.5,51.5,114.0,-135.0,vsin_dk
2026_CFB_W04_LIB_CCU_FULL_draftkings_2026-09-21T05:20:10.046157+00:00,2026_CFB_W04_LIB_CCU,4,2026-09-21T05:20:10.046157+00:00,draftkings,FULL,0.57,0.01,1.0,1.0,0.29,0.08,2.5,51.5,114.0,-135.0,vsin_dk
2026_CFB_W04_LIB_CCU_FULL_draftkings_2026-09-21T06:28:10.784650+00:00,2026_CFB_W04_LIB_CCU,4,2026-09-21T06:28:10.784650+00:00,draftkings,FULL,,0.01,1.0,1.0,0.29,0.07,2.5,51.5,114.0,-135.0,vsin_dk
2026_CFB_W04_LIB_CCU_FULL_draftkings_2026-09-21T07:22:13.686254+00:00,2026_CFB_W04_LIB_CCU,4,2026-09-21T07:22:13.686254+00:00,draftkings,FULL,0.56,0.01,1.0,1.0,0.29,0.07,2.5,51.5,114.0,-135.0,vsin_dk
2026_CFB_W04_LIB_CCU_FULL_draftkings_2026-09-21T08:23:07.773187+00:00,2026_CFB_W04_LIB_CCU,4,2026-09-21T08:23:07.773187+00:00,draftkings,FULL,0.56,0.01,1.0,1.0,0.29,0.07,2.5,51.5,114.0,-135.0,vsin_dk
2026_CFB_W04_LIB_CCU_FULL_draftkings_2026-09-21T09:22:18.477478+00:00,2026_CFB_W04_LIB_CCU,4,2026-09-21T09:22:18.477478+00:00,draftkings,FULL,0.56,0.01,1.0,1.0,0.29,0.07,2.5,51.5,114.0,-135.0,vsin_dk
2026_CFB_W04_LIB_CCU_FULL_draftkings_2026-09-21T10:21:21.436605+00:00,2026_CFB_W04_LIB_CCU,4,2026-09-21T10:21:21.436605+00:00,draftkings,FULL,0.56,0.01,1.0,1.0,,,2.5,51.5,114.0,-135.0,vsin_dk
2026_CFB_W04_LIB_CCU_FULL_draftkings_2026-09-21T11:21:10.104095+00:00,2026_CFB_W04_LIB_CCU,4,2026-09-21T11:21:10.104095+00:00,draftkings,FULL,0.56,0.01,1.0,1.0,,0.08,2.5,51.5,114.0,-135.0,vsin_dk
2026_CFB_W04_LIB_CCU_FULL_draftkings_2026-09-21T12:02:05.139516+00:00,2026_CFB_W04_LIB_CCU,4,2026-09-21T12:02:05.139516+00:00,draftkings,FULL,0.53,0.01,1.0,1.0,0.29,0.08,2.5,51.5,114.0,-135.0,vsin_dk
2026_CFB_W04_LIB_CCU_FULL_draftkings_2026-09-21T12:25:31.879060+00:00,2026_CFB_W04_LIB_CCU,4,2026-09-21T12:25:31.879060+00:00,draftkings,FULL,0.5,0.01,1.0,1.0,0.29,0.08,2.5,51.5,114.0,-135.0,vsin_dk
2026_CFB_W04_LIB_CCU_FULL_draftkings_2026-09-21T13:20:45.086585+00:00,2026_CFB_W04_LIB_CCU,4,2026-09-21T13:20:45.086585+00:00,draftkings,FULL,,,1.0,1.0,0.31,0.07,2.5,51.5,114.0,-135.0,vsin_dk
2026_CFB_W04_LIB_CCU_FULL_draftkings_2026-09-21T14:21:41.881594+00:00,2026_CFB_W04_LIB_CCU,4,2026-09-21T14:21:41.881594+00:00,draftkings,FULL,0.5,0.26,1.0,1.0,0.33,0.07,2.5,52.5,120.0,-142.0,vsin_dk
2026_CFB_W04_LIB_CCU_FULL_draftkings_2026-09-21T15:19:11.605205+00:00,2026_CFB_W04_LIB_CCU,4,2026-09-21T15:19:11.605205+00:00,draftkings,FULL,0.5,0.26,1.0,1.0,0.38,0.07,2.5,52.5,120.0,-142.0,vsin_dk
2026_CFB_W04_LIB_CCU_FULL_draftkings_2026-09-21T16:21:20.428256+00:00,2026_CFB_W04_LIB_CCU,4,2026-09-21T16:21:20.428256+00:00,draftkings,FULL,0.48,0.21,1.0,1.0,0.37,0.07,2.5,52.5,120.0,-142.0,vsin_dk
2026_CFB_W04_LIB_CCU_FULL_draftkings_2026-09-21T17:18:15.692309+00:00,2026_CFB_W04_LIB_CCU,4,2026-09-21T17:18:15.692309+00:00,draftkings,FULL,0.5,0.36,1.0,1.0,0.36,0.09,2.5,52.5,114.0,-135.0,vsin_dk
2026_CFB_W04_LIB_CCU_FULL_draftkings_2026-09-21T18:23:00.834291+00:00,2026_CFB_W04_LIB_CCU,4,2026-09-21T18:23:00.834291+00:00,draftkings,FULL,0.47,0.36,1.0,1.0,0.38,0.1,2.5,52.5,114.0,-135.0,vsin_dk
2026_CFB_W04_LIB_CCU_FULL_draftkings_2026-09-21T19:19:00.726924+00:00,2026_CFB_W04_LIB_CCU,4,2026-09-21T19:19:00.726924+00:00,draftkings,FULL,0.48,0.39,1.0,1.0,0.39,0.1,2.5,52.5,114.0,-135.0,vsin_dk
2026_CFB_W04_LIB_CCU_FULL_draftkings_2026-09-21T20:20:28.682629+00:00,2026_CFB_W04_LIB_CCU,4,2026-09-21T20:20:28.682629+00:00,draftkings,FULL,0.5,0.4,1.0,1.0,0.41,0.1,2.5,52.5,114.0,-135.0,vsin_dk
2026_CFB_W04_LIB_CCU_FULL_draftkings_2026-09-21T21:19:30.361926+00:00,2026_CFB_W04_LIB_CCU,4,2026-09-21T21:19:30.361926+00:00,draftkings,FULL,0.5,0.4,1.0,1.0,0.41,0.1,2.5,52.5,114.0,-135.0,vsin_dk
2026_CFB_W04_LIB_CCU_FULL_draftkings_2026-09-21T22:19:59.293939+00:00,2026_CFB_W04_LIB_CCU,4,2026-09-21T22:19:59.293939+00:00,draftkings,FULL,0.5,0.4,1.0,1.0,0.42,0.1,2.5,52.5,114.0,-135.0,vsin_dk
2026_CFB_W04_LIB_CCU_FULL_draftkings_2026-09-21T23:19:33.383559+00:00,2026_CFB_W04_LIB_CCU,4,2026-09-21T23:19:33.383559+00:00,draftkings,FULL,0.49,0.4,1.0,1.0,0.43,0.13,2.5,52.5,114.0,-135.0,vsin_dk
2026_CFB_W04_LIB_CCU_FULL_draftkings_2026-09-22T00:26:43.929281+00:00,2026_CFB_W04_LIB_CCU,4,2026-09-22T00:26:43.929281+00:00,draftkings,FULL,0.49,0.4,0.93,0.69,0.43,0.15,2.5,52.5,114.0,-135.0,vsin_dk
2026_CFB_W04_LIB_CCU_FULL_draftkings_2026-09-22T01:18:33.190966+00:00,2026_CFB_W04_LIB_CCU,4,2026-09-22T01:18:33.190966+00:00,draftkings,FULL,0.51,0.41,0.93,0.69,0.43,0.15,2.5,52.5,114.0,-135.0,vsin_dk
2026_CFB_W04_LIB_CCU_FULL_draftkings_2026-09-22T02:20:23.426501+00:00,2026_CFB_W04_LIB_CCU,4,2026-09-22T02:20:23.426501+00:00,draftkings,FULL,0.52,0.41,0.93,0.69,0.42,0.15,2.5,52.5,114.0,-135.0,vsin_dk
2026_CFB_W04_LIB_CCU_FULL_draftkings_2026-09-22T03:21:06.310599+00:00,2026_CFB_W04_LIB_CCU,4,2026-09-22T03:21:06.310599+00:00,draftkings,FULL,0.51,0.41,0.88,0.4,,0.15,2.5,52.5,114.0,-135.0,vsin_dk
2026_CFB_W04_LIB_CCU_FULL_draftkings_2026-09-22T04:20:46.918802+00:00,2026_CFB_W04_LIB_CCU,4,2026-09-22T04:20:46.918802+00:00,draftkings,FULL,0.5,0.41,0.83,0.38,0.42,0.13,2.5,52.5,114.0,-135.0,vsin_dk
2026_CFB_W04_LIB_CCU_FULL_draftkings_2026-09-22T05:19:55.588225+00:00,2026_CFB_W04_LIB_CCU,4,2026-09-22T05:19:55.588225+00:00,draftkings,FULL,0.51,0.41,0.83,0.38,0.41,0.13,2.5,52.5,114.0,-135.0,vsin_dk
2026_CFB_W04_LIB_CCU_FULL_draftkings_2026-09-22T06:25:50.226452+00:00,2026_CFB_W04_LIB_CCU,4,2026-09-22T06:25:50.226452+00:00,draftkings,FULL,0.52,0.41,0.83,0.38,0.39,0.13,2.5,52.5,114.0,-135.0,vsin_dk
2026_CFB_W04_LIB_CCU_FULL_draftkings_2026-09-22T07:20:59.734363+00:00,2026_CFB_W04_LIB_CCU,4,2026-09-22T07:20:59.734363+00:00,draftkings,FULL,0.53,0.41,0.83,0.38,0.39,0.13,2.5,52.5,114.0,-135.0,vsin_dk
2026_CFB_W04_LIB_CCU_FULL_draftkings_2026-09-22T08:22:18.406226+00:00,2026_CFB_W04_LIB_CCU,4,2026-09-22T08:22:18.406226+00:00,draftkings,FULL,0.53,0.41,0.83,0.38,0.39,0.13,2.5,52.5,114.0,-135.0,vsin_dk
2026_CFB_W04_LIB_CCU_FULL_draftkings_2026-09-22T09:20:16.910342+00:00,2026_CFB_W04_LIB_CCU,4,2026-09-22T09:20:16.910342+00:00,draftkings,FULL,0.54,0.5,0.83,0.38,0.39,0.13,2.5,52.5,114.0,-135.0,vsin_dk
2026_CFB_W04_LIB_CCU_FULL_draftkings_2026-09-22T10:21:57.025373+00:00,2026_CFB_W04_LIB_CCU,4,2026-09-22T10:21:57.025373+00:00,draftkings,FULL,0.54,0.5,0.83,0.38,0.39,0.13,2.5,52.5,114.0,-135.0,vsin_dk
2026_CFB_W04_LIB_CCU_FULL_draftkings_2026-09-22T11:20:13.582904+00:00,2026_CFB_W04_LIB_CCU,4,2026-09-22T11:20:13.582904+00:00,draftkings,FULL,0.54,0.5,0.83,0.38,0.39,0.13,2.5,52.5,114.0,-135.0,vsin_dk
2026_CFB_W04_LIB_CCU_FULL_draftkings_2026-09-22T12:26:50.285365+00:00,2026_CFB_W04_LIB_CCU,4,2026-09-22T12:26:50.285365+00:00,draftkings,FULL,0.56,0.49,,,0.39,0.14,2.5,52.5,114.0,-135.0,vsin_dk
2026_CFB_W04_LIB_CCU_FULL_draftkings_2026-09-22T13:21:41.283507+00:00,2026_CFB_W04_LIB_CCU,4,2026-09-22T13:21:41.283507+00:00,draftkings,FULL,0.57,0.49,0.85,0.42,0.39,0.17,2.5,52.5,114.0,-135.0,vsin_dk
2026_CFB_W04_LIB_CCU_FULL_draftkings_2026-09-22T14:21:31.540694+00:00,2026_CFB_W04_LIB_CCU,4,2026-09-22T14:21:31.540694+00:00,draftkings,FULL,0.56,0.5,0.85,0.42,0.38,0.17,2.5,52.5,114.0,-135.0,vsin_dk
2026_CFB_W04_LIB_CCU_FULL_draftkings_2026-09-22T15:20:46.453675+00:00,2026_CFB_W04_LIB_CCU,4,2026-09-22T15:20:46.453675+00:00,draftkings,FULL,0.55,0.5,0.86,0.43,0.38,0.17,2.5,52.5,114.0,-135.0,vsin_dk
2026_CFB_W04_LIB_CCU_FULL_draftkings_2026-09-22T16:21:26.972096+00:00,2026_CFB_W04_LIB_CCU,4,2026-09-22T16:21:26.972096+00:00,draftkings,FULL,0.53,0.5,0.76,0.05,0.38,0.17,2.5,50.5,114.0,-135.0,vsin_dk
2026_CFB_W04_LIB_CCU_FULL_draftkings_2026-09-22T17:19:12.606843+00:00,2026_CFB_W04_LIB_CCU,4,2026-09-22T17:19:12.606843+00:00,draftkings,FULL,0.56,0.52,0.77,0.05,0.38,0.17,2.5,50.5,114.0,-135.0,vsin_dk
2026_CFB_W04_LIB_CCU_FULL_draftkings_2026-09-22T18:24:53.243592+00:00,2026_CFB_W04_LIB_CCU,4,2026-09-22T18:24:53.243592+00:00,draftkings,FULL,0.56,0.52,0.77,0.05,0.38,0.17,2.5,50.5,114.0,-135.0,vsin_dk
2026_CFB_W04_LIB_CCU_FULL_draftkings_2026-09-22T19:18:31.600288+00:00,2026_CFB_W04_LIB_CCU,4,2026-09-22T19:18:31.600288+00:00,draftkings,FULL,0.55,0.52,,0.05,0.37,0.17,2.5,50.5,114.0,-135.0,vsin_dk
2026_CFB_W04_LIB_CCU_FULL_draftkings_2026-09-22T20:19:17.619101+00:00,2026_CFB_W04_LIB_CCU,4,2026-09-22T20:19:17.619101+00:00,draftkings,FULL,0.52,0.49,0.74,0.05,0.36,0.09,2.5,50.5,114.0,-135.0,vsin_dk
2026_CFB_W04_LIB_CCU_FULL_draftkings_2026-09-22T21:18:46.288333+00:00,2026_CFB_W04_LIB_CCU,4,2026-09-22T21:18:46.288333+00:00,draftkings,FULL,0.52,0.51,0.75,0.06,0.36,0.09,2.5,50.5,114.0,-135.0,vsin_dk
2026_CFB_W04_LIB_CCU_FULL_draftkings_2026-09-22T22:19:21.689133+00:00,2026_CFB_W04_LIB_CCU,4,2026-09-22T22:19:21.689133+00:00,draftkings,FULL,0.5,0.45,0.76,0.06,0.37,0.09,2.5,50.5,114.0,-135.0,vsin_dk
2026_CFB_W04_LIB_CCU_FULL_draftkings_2026-09-22T23:18:19.546673+00:00,2026_CFB_W04_LIB_CCU,4,2026-09-22T23:18:19.546673+00:00,draftkings,FULL,,,0.76,0.06,0.37,0.14,2.5,50.5,114.0,-135.0,vsin_dk
2026_CFB_W04_LIB_CCU_FULL_draftkings_2026-09-23T00:25:32.261673+00:00,2026_CFB_W04_LIB_CCU,4,2026-09-23T00:25:32.261673+00:00,draftkings,FULL,0.49,0.45,0.75,0.06,,0.14,2.5,50.5,110.0,-130.0,vsin_dk
2026_CFB_W04_LIB_CCU_FULL_draftkings_2026-09-23T01:19:39.057966+00:00,2026_CFB_W04_LIB_CCU,4,2026-09-23T01:19:39.057966+00:00,draftkings,FULL,0.47,0.42,0.76,0.06,0.36,0.14,2.5,50.5,110.0,-130.0,vsin_dk
2026_CFB_W04_LIB_CCU_FULL_draftkings_2026-09-23T02:20:43.614501+00:00,2026_CFB_W04_LIB_CCU,4,2026-09-23T02:20:43.614501+00:00,draftkings,FULL,0.48,0.59,0.74,0.06,0.36,0.14,2.5,50.5,110.0,-130.0,vsin_dk
2026_CFB_W04_LIB_CCU_FULL_draftkings_2026-09-23T03:21:13.025448+00:00,2026_CFB_W04_LIB_CCU,4,2026-09-23T03:21:13.025448+00:00,draftkings,FULL,0.47,0.59,0.74,0.06,0.36,0.13,2.5,50.5,110.0,-130.0,vsin_dk
2026_CFB_W04_LIB_CCU_FULL_draftkings_2026-09-23T04:21:41.818005+00:00,2026_CFB_W04_LIB_CCU,4,2026-09-23T04:21:41.818005+00:00,draftkings,FULL,0.46,0.59,0.74,0.06,0.37,0.13,2.5,50.5,110.0,-130.0,vsin_dk
2026_CFB_W04_LIB_CCU_FULL_draftkings_2026-09-23T05:19:38.768848+00:00,2026_CFB_W04_LIB_CCU,4,2026-09-23T05:19:38.768848+00:00,draftkings,FULL,0.46,0.59,0.74,0.06,0.36,0.13,2.5,50.5,110.0,-130.0,vsin_dk
2026_CFB_W04_LIB_CCU_FULL_draftkings_2026-09-23T06:26:21.982177+00:00,2026_CFB_W04_LIB_CCU,4,2026-09-23T06:26:21.982177+00:00,draftkings,FULL,0.46,0.59,0.74,0.06,0.36,0.13,2.5,50.5,110.0,-130.0,vsin_dk
2026_CFB_W04_LIB_CCU_FULL_draftkings_2026-09-23T07:21:42.357375+00:00,2026_CFB_W04_LIB_CCU,4,2026-09-23T07:21:42.357375+00:00,draftkings,FULL,0.46,0.59,0.74,0.06,0.36,0.13,2.5,50.5,110.0,-130.0,vsin_dk
2026_CFB_W04_LIB_CCU_FULL_draftkings_2026-09-23T08:22:07.410011+00:00,2026_CFB_W04_LIB_CCU,4,2026-09-23T08:22:07.410011+00:00,draftkings,FULL,0.46,0.59,0.74,0.06,0.36,0.13,2.5,50.5,110.0,-130.0,vsin_dk
