game_id,retrieved_at,forecast_for_utc,hours_to_kickoff,is_indoor,roof_status_unknown,source,temp_f,feels_like_f,wind_mph,wind_gust_mph,wind_dir_deg,precip_prob,precip_in,humidity_pct,condition_code
2026_CFB_W04_LIB_CCU,2026-09-10T11:10:50.898878+00:00,2026-09-24T23:30:00+00:00,348.3,False,False,open_meteo,72.4,71.6,8.1,22.4,358.0,0.1,0.0,60.0,0.0
2026_CFB_W04_LIB_CCU,2026-09-10T17:03:16.337868+00:00,2026-09-24T23:30:00+00:00,342.4,False,False,open_meteo,73.3,70.5,4.1,5.4,61.0,0.24,0.0,38.0,0.0
2026_CFB_W04_LIB_CCU,2026-09-10T20:03:13.644797+00:00,2026-09-24T23:30:00+00:00,339.4,False,False,open_meteo,76.7,82.5,4.6,5.1,137.0,0.22,0.0,79.0,0.0
2026_CFB_W04_ARMY_TEM,2026-09-10T20:03:13.645007+00:00,2026-09-25T20:00:00+00:00,359.9,False,False,open_meteo,69.7,62.2,12.8,18.6,285.0,0.22,0.0,35.0,0.0
2026_CFB_W04_LIB_CCU,2026-09-10T23:03:38.109440+00:00,2026-09-24T23:30:00+00:00,336.4,False,False,open_meteo,76.7,82.5,4.6,5.1,137.0,0.22,0.0,79.0,0.0
2026_CFB_W04_ARMY_TEM,2026-09-10T23:03:38.109921+00:00,2026-09-25T20:00:00+00:00,356.9,False,False,open_meteo,69.7,62.2,12.8,18.6,285.0,0.22,0.0,35.0,0.0
2026_CFB_W04_NAVY_UAB,2026-09-10T23:03:38.110370+00:00,2026-09-25T23:00:00+00:00,359.9,False,False,open_meteo,70.4,65.4,8.1,19.7,360.0,0.03,0.0,38.0,0.0
2026_CFB_W04_FCS47_RUTG,2026-09-10T23:03:38.110860+00:00,2026-09-25T23:00:00+00:00,359.9,False,False,open_meteo,64.1,58.7,10.4,20.1,277.0,0.22,0.0,52.0,2.0
2026_CFB_W04_LIB_CCU,2026-09-11T11:05:59.061504+00:00,2026-09-24T23:30:00+00:00,324.4,False,False,open_meteo,79.0,81.8,3.2,4.7,282.0,0.13,0.0,56.0,0.0
2026_CFB_W04_ARMY_TEM,2026-09-11T11:05:59.061815+00:00,2026-09-25T20:00:00+00:00,344.9,False,False,open_meteo,71.7,66.2,5.4,5.4,246.0,0.19,0.0,25.0,0.0
2026_CFB_W04_NAVY_UAB,2026-09-11T11:05:59.062151+00:00,2026-09-25T23:00:00+00:00,347.9,False,False,open_meteo,88.9,89.0,3.6,2.5,150.0,0.11,0.0,32.0,2.0
2026_CFB_W04_FCS47_RUTG,2026-09-11T11:05:59.062462+00:00,2026-09-25T23:00:00+00:00,347.9,False,False,open_meteo,64.4,59.8,4.1,5.1,186.0,0.16,0.0,37.0,0.0
2026_CFB_W04_NU_IU,2026-09-11T11:05:59.062772+00:00,2026-09-26T00:00:00+00:00,348.9,False,False,open_meteo,74.8,73.6,7.2,21.5,189.0,0.1,0.0,52.0,0.0
2026_CFB_W04_CLEM_CAL,2026-09-11T11:05:59.063100+00:00,2026-09-26T02:30:00+00:00,351.4,False,False,open_meteo,66.6,64.2,7.2,8.3,244.0,0.02,0.0,60.0,0.0
2026_CFB_W04_WIS_PSU,2026-09-11T11:05:59.063415+00:00,2026-09-26T04:00:00+00:00,352.9,False,False,open_meteo,52.1,48.1,4.5,3.4,174.0,0.14,0.0,67.0,0.0
2026_CFB_W04_SC_ALA,2026-09-11T11:05:59.063723+00:00,2026-09-26T04:00:00+00:00,352.9,False,False,open_meteo,79.1,79.3,4.1,9.2,135.0,0.01,0.0,45.0,3.0
2026_CFB_W04_VAN_AUB,2026-09-11T11:05:59.064136+00:00,2026-09-26T04:00:00+00:00,352.9,False,False,open_meteo,74.5,74.9,6.1,15.4,96.0,0.05,0.0,58.0,3.0
2026_CFB_W04_MISS_FLA,2026-09-11T11:05:59.064450+00:00,2026-09-26T04:00:00+00:00,352.9,False,False,open_meteo,76.3,81.2,6.0,19.7,56.0,0.2,0.0,78.0,0.0
2026_CFB_W04_TAM_LSU,2026-09-11T11:05:59.064758+00:00,2026-09-26T04:00:00+00:00,352.9,False,False,open_meteo,76.8,79.6,6.0,12.3,153.0,0.16,0.0,66.0,0.0
2026_CFB_W04_MIZ_MSST,2026-09-11T11:05:59.659367+00:00,2026-09-26T04:00:00+00:00,352.9,False,False,open_meteo,76.5,74.8,6.6,10.1,170.0,0.03,0.0,45.0,2.0
2026_CFB_W04_SHSU_TTU,2026-09-11T11:05:59.659803+00:00,2026-09-26T04:00:00+00:00,352.9,False,False,open_meteo,73.7,67.6,7.1,9.6,208.0,0.23,0.0,26.0,0.0
2026_CFB_W04_OU_UGA,2026-09-11T11:05:59.660162+00:00,2026-09-26T04:00:00+00:00,352.9,False,False,open_meteo,67.1,67.2,4.3,5.8,87.0,0.1,0.0,67.0,1.0
2026_CFB_W04_HOU_GASO,2026-09-11T11:06:00.258170+00:00,2026-09-26T04:00:00+00:00,352.9,False,False,open_meteo,70.7,75.4,5.8,17.0,86.0,0.19,0.0,93.0,0.0
2026_CFB_W04_KSU_CIN,2026-09-11T11:06:00.258599+00:00,2026-09-26T04:00:00+00:00,352.9,False,False,open_meteo,73.8,71.5,10.9,38.7,203.0,0.15,0.0,56.0,0.0
2026_CFB_W04_UTAH_ISU,2026-09-11T11:06:00.258952+00:00,2026-09-26T04:00:00+00:00,352.9,False,False,open_meteo,59.7,50.9,18.0,32.7,14.0,0.15,0.0,59.0,2.0
2026_CFB_W04_OKST_WVU,2026-09-11T11:06:00.259278+00:00,2026-09-26T04:00:00+00:00,352.9,False,False,open_meteo,59.8,56.2,6.6,26.8,170.0,0.14,0.0,62.0,0.0
2026_CFB_W04_FCS2110_FSU,2026-09-11T11:06:00.811547+00:00,2026-09-26T04:00:00+00:00,352.9,False,False,open_meteo,74.5,76.8,5.1,22.8,90.0,0.21,0.0,67.0,0.0
2026_CFB_W04_DEL_UVA,2026-09-11T11:06:00.812000+00:00,2026-09-26T04:00:00+00:00,352.9,False,False,open_meteo,55.4,52.0,4.7,8.5,215.0,0.12,0.0,66.0,0.0
2026_CFB_W04_MOST_SMU,2026-09-11T11:06:00.812341+00:00,2026-09-26T04:00:00+00:00,352.9,False,False,open_meteo,87.1,83.0,10.5,25.5,163.0,0.1,0.0,29.0,1.0
2026_CFB_W04_VT_BC,2026-09-11T11:06:00.812665+00:00,2026-09-26T04:00:00+00:00,352.9,False,False,open_meteo,53.1,47.3,7.8,28.2,211.0,0.2,0.0,60.0,0.0
2026_CFB_W04_TCU_UCF,2026-09-11T11:06:00.813000+00:00,2026-09-26T04:00:00+00:00,352.9,False,False,open_meteo,78.1,81.5,8.5,21.3,63.0,0.42,0.0,71.0,0.0
2026_CFB_W04_COLO_BAY,2026-09-11T11:06:00.813319+00:00,2026-09-26T04:00:00+00:00,352.9,False,False,open_meteo,80.3,76.2,13.0,29.8,158.0,0.08,0.0,41.0,0.0
2026_CFB_W04_UCLA_MD,2026-09-11T11:06:00.813644+00:00,2026-09-26T04:00:00+00:00,352.9,False,False,open_meteo,62.4,57.1,9.8,30.2,181.0,0.08,0.0,55.0,0.0
2026_CFB_W04_IOWA_MICH,2026-09-11T11:06:00.813971+00:00,2026-09-26T04:00:00+00:00,352.9,False,False,open_meteo,61.8,60.9,8.0,23.5,257.0,0.23,0.02,86.0,53.0
2026_CFB_W04_NEB_MSU,2026-09-11T11:06:00.814289+00:00,2026-09-26T04:00:00+00:00,352.9,False,False,open_meteo,60.6,59.9,7.7,28.4,280.0,0.18,0.0,91.0,3.0
2026_CFB_W04_ND_PUR,2026-09-11T11:06:00.814590+00:00,2026-09-26T04:00:00+00:00,352.9,False,False,open_meteo,73.3,69.5,11.2,27.3,269.0,0.2,0.0,49.0,2.0
2026_CFB_W04_ORE_USC,2026-09-11T11:06:00.814917+00:00,2026-09-26T04:00:00+00:00,352.9,False,False,open_meteo,74.1,72.9,6.3,6.5,215.0,0.09,0.0,51.0,0.0
2026_CFB_W04_MINN_WASH,2026-09-11T11:06:00.815227+00:00,2026-09-26T04:00:00+00:00,352.9,False,False,open_meteo,60.8,58.4,4.0,6.7,47.0,0.0,0.0,61.0,3.0
2026_CFB_W04_SDSU_TOL,2026-09-11T11:06:00.815531+00:00,2026-09-26T04:00:00+00:00,352.9,False,False,open_meteo,71.4,68.8,8.0,26.6,232.0,0.21,0.0,51.0,3.0
2026_CFB_W04_BOIS_WMU,2026-09-11T11:06:00.815829+00:00,2026-09-26T04:00:00+00:00,352.9,False,False,open_meteo,62.4,62.7,8.0,19.0,288.0,0.18,0.004,94.0,51.0
2026_CFB_W04_CONN_MOH,2026-09-11T11:06:00.816158+00:00,2026-09-26T04:00:00+00:00,352.9,False,False,open_meteo,72.0,68.7,12.4,40.3,210.0,0.16,0.0,57.0,0.0
2026_CFB_W04_UL_CLT,2026-09-11T11:06:01.406109+00:00,2026-09-26T04:00:00+00:00,352.9,False,False,open_meteo,67.8,65.9,3.8,6.7,152.0,0.14,0.0,51.0,2.0
2026_CFB_W04_FAU_ULM,2026-09-11T11:06:01.406551+00:00,2026-09-26T04:00:00+00:00,352.9,False,False,open_meteo,77.1,75.1,7.8,26.8,178.0,0.13,0.0,45.0,0.0
2026_CFB_W04_USM_TULN,2026-09-11T11:06:01.406901+00:00,2026-09-26T04:00:00+00:00,352.9,False,False,open_meteo,81.3,84.7,7.4,14.3,131.0,0.2,0.0,62.0,0.0
2026_CFB_W04_USF_BGSU,2026-09-11T11:06:01.989240+00:00,2026-09-26T04:00:00+00:00,352.9,False,False,open_meteo,72.0,67.0,14.0,34.4,220.0,0.21,0.004,51.0,51.0
2026_CFB_W04_CSU_UTSA,2026-09-11T11:06:01.989531+00:00,2026-09-26T04:00:00+00:00,352.9,True,False,open_meteo,,,,,,,,,
2026_CFB_W04_WAKE_LOU,2026-09-11T11:06:01.989867+00:00,2026-09-26T04:00:00+00:00,352.9,False,False,open_meteo,78.1,76.3,9.0,35.8,207.0,0.09,0.0,47.0,0.0
2026_CFB_W04_ILL_OSU,2026-09-11T11:06:01.990209+00:00,2026-09-26T04:00:00+00:00,352.9,False,False,open_meteo,71.1,67.3,11.0,40.5,201.0,0.2,0.0,53.0,1.0
2026_CFB_W04_AF_NEV,2026-09-11T11:06:01.990525+00:00,2026-09-26T04:00:00+00:00,352.9,False,False,open_meteo,59.9,53.5,8.9,10.1,270.0,0.11,0.0,46.0,2.0
2026_CFB_W04_NIU_GAST,2026-09-11T11:06:02.592095+00:00,2026-09-26T04:00:00+00:00,352.9,False,False,open_meteo,75.0,73.8,5.9,18.1,108.0,0.08,0.0,48.0,1.0
2026_CFB_W04_APP_NCSU,2026-09-11T11:06:02.592529+00:00,2026-09-26T04:00:00+00:00,352.9,False,False,open_meteo,64.4,62.3,4.5,7.8,174.0,0.08,0.0,58.0,0.0
2026_CFB_W04_BALL_KENT,2026-09-11T11:06:02.592862+00:00,2026-09-26T04:00:00+00:00,352.9,False,False,open_meteo,65.2,58.7,13.0,41.4,199.0,0.2,0.0,50.0,2.0
2026_CFB_W04_UNLV_AKR,2026-09-11T11:06:02.593210+00:00,2026-09-26T04:00:00+00:00,352.9,False,False,open_meteo,64.7,59.4,10.9,39.1,195.0,0.2,0.0,53.0,2.0
2026_CFB_W04_MASS_SAC,2026-09-11T11:06:02.593532+00:00,2026-09-26T04:00:00+00:00,352.9,False,False,open_meteo,70.0,66.0,8.4,20.1,214.0,0.03,0.0,46.0,0.0
2026_CFB_W04_JMU_ODU,2026-09-11T11:06:02.593848+00:00,2026-09-26T04:00:00+00:00,352.9,False,False,open_meteo,61.5,59.8,5.2,9.2,170.0,0.16,0.0,70.0,0.0
2026_CFB_W04_LIB_CCU,2026-09-11T17:03:22.623857+00:00,2026-09-24T23:30:00+00:00,318.4,False,False,open_meteo,75.1,81.9,6.4,17.4,78.0,0.12,0.012,92.0,51.0
2026_CFB_W04_ARMY_TEM,2026-09-11T17:03:22.624296+00:00,2026-09-25T20:00:00+00:00,338.9,False,False,open_meteo,78.6,80.6,6.2,4.0,193.0,0.14,0.0,59.0,3.0
2026_CFB_W04_NAVY_UAB,2026-09-11T17:03:22.624696+00:00,2026-09-25T23:00:00+00:00,341.9,False,False,open_meteo,84.6,84.6,9.6,19.7,22.0,0.06,0.0,46.0,1.0
2026_CFB_W04_FCS47_RUTG,2026-09-11T17:03:22.625107+00:00,2026-09-25T23:00:00+00:00,341.9,False,False,open_meteo,59.6,57.3,12.0,21.5,35.0,0.17,0.091,96.0,80.0
2026_CFB_W04_NU_IU,2026-09-11T17:03:22.625512+00:00,2026-09-26T00:00:00+00:00,342.9,False,False,open_meteo,58.9,56.7,6.5,17.0,56.0,0.23,0.0,77.0,0.0
2026_CFB_W04_CLEM_CAL,2026-09-11T17:03:22.625919+00:00,2026-09-26T02:30:00+00:00,345.4,False,False,open_meteo,75.3,72.2,4.1,6.0,229.0,0.0,0.0,34.0,0.0
2026_CFB_W04_WIS_PSU,2026-09-11T17:03:22.626345+00:00,2026-09-26T04:00:00+00:00,346.9,False,False,open_meteo,47.3,44.1,4.5,13.6,6.0,0.18,0.0,92.0,3.0
2026_CFB_W04_SC_ALA,2026-09-11T17:03:22.626734+00:00,2026-09-26T04:00:00+00:00,346.9,False,False,open_meteo,77.3,76.4,9.8,27.3,20.0,0.07,0.0,54.0,0.0
2026_CFB_W04_VAN_AUB,2026-09-11T17:03:22.627140+00:00,2026-09-26T04:00:00+00:00,346.9,False,False,open_meteo,71.5,75.4,7.9,27.7,47.0,0.13,0.0,90.0,3.0
2026_CFB_W04_MISS_FLA,2026-09-11T17:03:22.627528+00:00,2026-09-26T04:00:00+00:00,346.9,False,False,open_meteo,76.5,80.7,14.6,31.1,151.0,0.27,0.043,93.0,55.0
2026_CFB_W04_TAM_LSU,2026-09-11T17:03:22.627915+00:00,2026-09-26T04:00:00+00:00,346.9,False,False,open_meteo,83.1,84.0,4.8,11.6,22.0,0.06,0.0,44.0,0.0
2026_CFB_W04_MIZ_MSST,2026-09-11T17:03:23.292335+00:00,2026-09-26T04:00:00+00:00,346.9,False,False,open_meteo,74.5,71.4,11.7,28.2,13.0,0.09,0.0,52.0,0.0
2026_CFB_W04_SHSU_TTU,2026-09-11T17:03:23.292876+00:00,2026-09-26T04:00:00+00:00,346.9,False,False,open_meteo,76.5,70.6,8.2,10.7,133.0,0.19,0.0,27.0,0.0
2026_CFB_W04_OU_UGA,2026-09-11T17:03:23.293339+00:00,2026-09-26T04:00:00+00:00,346.9,False,False,open_meteo,69.1,75.4,3.0,15.4,107.0,0.13,0.0,100.0,3.0
2026_CFB_W04_HOU_GASO,2026-09-11T17:03:23.958358+00:00,2026-09-26T04:00:00+00:00,346.9,False,False,open_meteo,73.5,78.3,10.5,22.1,70.0,0.11,0.0,96.0,3.0
2026_CFB_W04_KSU_CIN,2026-09-11T17:03:23.958884+00:00,2026-09-26T04:00:00+00:00,346.9,False,False,open_meteo,58.2,55.0,6.2,15.2,44.0,0.2,0.0,69.0,1.0
2026_CFB_W04_UTAH_ISU,2026-09-11T17:03:23.959327+00:00,2026-09-26T04:00:00+00:00,346.9,False,False,open_meteo,60.6,57.6,10.3,26.2,158.0,0.12,0.0,79.0,0.0
2026_CFB_W04_OKST_WVU,2026-09-11T17:03:23.959732+00:00,2026-09-26T04:00:00+00:00,346.9,False,False,open_meteo,51.2,47.9,5.9,12.8,20.0,0.11,0.0,86.0,3.0
2026_CFB_W04_FCS2110_FSU,2026-09-11T17:03:24.590909+00:00,2026-09-26T04:00:00+00:00,346.9,False,False,open_meteo,74.2,72.5,25.5,48.8,98.0,0.21,0.217,93.0,81.0
2026_CFB_W04_DEL_UVA,2026-09-11T17:03:24.591460+00:00,2026-09-26T04:00:00+00:00,346.9,False,False,open_meteo,62.0,63.8,4.2,12.5,342.0,0.21,0.0,95.0,3.0
2026_CFB_W04_MOST_SMU,2026-09-11T17:03:24.591872+00:00,2026-09-26T04:00:00+00:00,346.9,False,False,open_meteo,89.1,85.5,7.1,13.0,55.0,0.04,0.0,24.0,0.0
2026_CFB_W04_VT_BC,2026-09-11T17:03:24.592301+00:00,2026-09-26T04:00:00+00:00,346.9,False,False,open_meteo,46.2,41.7,7.6,21.7,19.0,0.15,0.0,94.0,3.0
2026_CFB_W04_TCU_UCF,2026-09-11T17:03:24.592694+00:00,2026-09-26T04:00:00+00:00,346.9,False,False,open_meteo,77.2,82.2,12.7,29.3,171.0,0.44,0.0,90.0,3.0
2026_CFB_W04_COLO_BAY,2026-09-11T17:03:24.593104+00:00,2026-09-26T04:00:00+00:00,346.9,False,False,open_meteo,82.0,79.4,2.9,6.0,23.0,0.1,0.0,27.0,0.0
2026_CFB_W04_UCLA_MD,2026-09-11T17:03:24.593501+00:00,2026-09-26T04:00:00+00:00,346.9,False,False,open_meteo,64.4,63.8,10.0,21.9,350.0,0.12,0.0,87.0,3.0
2026_CFB_W04_IOWA_MICH,2026-09-11T17:03:24.593886+00:00,2026-09-26T04:00:00+00:00,346.9,False,False,open_meteo,55.2,52.4,3.6,5.8,90.0,0.07,0.0,68.0,3.0
2026_CFB_W04_NEB_MSU,2026-09-11T17:03:24.594294+00:00,2026-09-26T04:00:00+00:00,346.9,False,False,open_meteo,48.6,45.7,3.6,4.3,112.0,0.12,0.0,87.0,2.0
2026_CFB_W04_ND_PUR,2026-09-11T17:03:24.594675+00:00,2026-09-26T04:00:00+00:00,346.9,False,False,open_meteo,51.6,48.9,5.6,7.8,56.0,0.2,0.0,90.0,0.0
2026_CFB_W04_ORE_USC,2026-09-11T17:03:24.595054+00:00,2026-09-26T04:00:00+00:00,346.9,False,False,open_meteo,84.0,84.2,7.3,6.5,149.0,0.01,0.0,44.0,0.0
2026_CFB_W04_MINN_WASH,2026-09-11T17:03:24.595460+00:00,2026-09-26T04:00:00+00:00,346.9,False,False,open_meteo,55.6,53.5,4.3,3.4,12.0,0.03,0.0,78.0,2.0
2026_CFB_W04_SDSU_TOL,2026-09-11T17:03:24.595834+00:00,2026-09-26T04:00:00+00:00,346.9,False,False,open_meteo,59.5,56.7,4.6,7.6,61.0,0.14,0.0,62.0,3.0
2026_CFB_W04_BOIS_WMU,2026-09-11T17:03:24.596237+00:00,2026-09-26T04:00:00+00:00,346.9,False,False,open_meteo,47.6,44.0,5.9,7.4,115.0,0.09,0.0,92.0,0.0
2026_CFB_W04_CONN_MOH,2026-09-11T17:03:24.596625+00:00,2026-09-26T04:00:00+00:00,346.9,False,False,open_meteo,57.0,53.5,7.5,16.3,51.0,0.17,0.0,74.0,2.0
2026_CFB_W04_UL_CLT,2026-09-11T17:03:25.258887+00:00,2026-09-26T04:00:00+00:00,346.9,False,False,open_meteo,72.1,78.0,1.8,8.9,277.0,0.15,0.004,85.0,51.0
2026_CFB_W04_FAU_ULM,2026-09-11T17:03:25.259424+00:00,2026-09-26T04:00:00+00:00,346.9,False,False,open_meteo,76.0,73.3,9.3,29.3,10.0,0.11,0.0,46.0,0.0
2026_CFB_W04_USM_TULN,2026-09-11T17:03:25.259844+00:00,2026-09-26T04:00:00+00:00,346.9,False,False,open_meteo,85.2,87.6,7.4,15.7,357.0,0.06,0.0,51.0,0.0
2026_CFB_W04_USF_BGSU,2026-09-11T17:03:25.925788+00:00,2026-09-26T04:00:00+00:00,346.9,False,False,open_meteo,57.8,55.7,4.2,8.1,74.0,0.14,0.0,72.0,3.0
2026_CFB_W04_CSU_UTSA,2026-09-11T17:03:25.926163+00:00,2026-09-26T04:00:00+00:00,346.9,True,False,open_meteo,,,,,,,,,
2026_CFB_W04_WAKE_LOU,2026-09-11T17:03:25.926589+00:00,2026-09-26T04:00:00+00:00,346.9,False,False,open_meteo,59.5,57.8,5.1,15.0,45.0,0.23,0.0,74.0,0.0
2026_CFB_W04_ILL_OSU,2026-09-11T17:03:25.927010+00:00,2026-09-26T04:00:00+00:00,346.9,False,False,open_meteo,54.8,51.5,6.7,16.1,37.0,0.15,0.0,79.0,1.0
2026_CFB_W04_AF_NEV,2026-09-11T17:03:25.927455+00:00,2026-09-26T04:00:00+00:00,346.9,False,False,open_meteo,75.6,68.2,6.2,5.6,224.0,0.08,0.0,15.0,0.0
2026_CFB_W04_NIU_GAST,2026-09-11T17:03:26.594117+00:00,2026-09-26T04:00:00+00:00,346.9,False,False,open_meteo,73.0,76.9,6.6,18.1,80.0,0.13,0.0,83.0,3.0
2026_CFB_W04_APP_NCSU,2026-09-11T17:03:26.594641+00:00,2026-09-26T04:00:00+00:00,346.9,False,False,open_meteo,70.1,75.5,4.2,8.3,254.0,0.14,0.004,94.0,51.0
2026_CFB_W04_BALL_KENT,2026-09-11T17:03:26.595054+00:00,2026-09-26T04:00:00+00:00,346.9,False,False,open_meteo,51.9,46.3,9.1,13.2,40.0,0.11,0.0,72.0,3.0
2026_CFB_W04_UNLV_AKR,2026-09-11T17:03:26.595485+00:00,2026-09-26T04:00:00+00:00,346.9,False,False,open_meteo,52.6,47.9,7.6,13.4,40.0,0.11,0.0,73.0,3.0
2026_CFB_W04_MASS_SAC,2026-09-11T17:03:26.595879+00:00,2026-09-26T04:00:00+00:00,346.9,False,False,open_meteo,85.5,79.4,6.3,15.2,184.0,0.07,0.0,16.0,0.0
2026_CFB_W04_JMU_ODU,2026-09-11T17:03:26.596307+00:00,2026-09-26T04:00:00+00:00,346.9,False,False,open_meteo,70.7,76.1,4.9,9.8,294.0,0.16,0.0,94.0,3.0
2026_CFB_W04_FCS2083_PITT,2026-09-11T17:03:26.596698+00:00,2026-09-26T16:00:00+00:00,358.9,False,False,open_meteo,61.7,60.4,4.3,5.6,81.0,0.13,0.0,57.0,0.0
2026_CFB_W04_TEX_TENN,2026-09-11T17:03:26.597103+00:00,2026-09-26T16:00:00+00:00,358.9,False,False,open_meteo,69.6,68.2,9.1,13.0,57.0,0.18,0.0,65.0,3.0
2026_CFB_W04_USA_UK,2026-09-11T17:03:26.597523+00:00,2026-09-26T16:45:00+00:00,359.7,False,False,open_meteo,64.9,60.7,11.9,13.9,56.0,0.16,0.0,53.0,0.0
2026_CFB_W04_FCS2815_EMU,2026-09-11T17:03:27.267379+00:00,2026-09-26T17:00:00+00:00,359.9,False,False,open_meteo,66.0,63.1,9.8,11.6,217.0,0.16,0.0,54.0,0.0
2026_CFB_W04_LIB_CCU,2026-09-11T20:03:29.783148+00:00,2026-09-24T23:30:00+00:00,315.4,False,False,open_meteo,74.0,74.8,10.9,24.2,35.0,0.2,0.0,73.0,3.0
2026_CFB_W04_ARMY_TEM,2026-09-11T20:03:29.783576+00:00,2026-09-25T20:00:00+00:00,335.9,False,False,open_meteo,67.8,62.1,7.7,11.0,60.0,0.14,0.0,36.0,3.0
2026_CFB_W04_NAVY_UAB,2026-09-11T20:03:29.783979+00:00,2026-09-25T23:00:00+00:00,338.9,False,False,open_meteo,70.7,72.6,5.1,10.1,61.0,0.03,0.0,73.0,3.0
2026_CFB_W04_FCS47_RUTG,2026-09-11T20:03:29.784375+00:00,2026-09-25T23:00:00+00:00,338.9,False,False,open_meteo,64.3,59.6,6.5,15.0,98.0,0.16,0.0,45.0,3.0
2026_CFB_W04_NU_IU,2026-09-11T20:03:29.784798+00:00,2026-09-26T00:00:00+00:00,339.9,False,False,open_meteo,62.7,62.8,6.2,13.2,49.0,0.19,0.0,85.0,3.0
2026_CFB_W04_CLEM_CAL,2026-09-11T20:03:29.785194+00:00,2026-09-26T02:30:00+00:00,342.4,False,False,open_meteo,72.6,66.8,3.2,3.8,82.0,0.01,0.0,19.0,0.0
2026_CFB_W04_WIS_PSU,2026-09-11T20:03:29.785597+00:00,2026-09-26T04:00:00+00:00,343.9,False,False,open_meteo,46.5,42.0,4.1,4.3,49.0,0.13,0.0,72.0,1.0
2026_CFB_W04_SC_ALA,2026-09-11T20:03:29.785988+00:00,2026-09-26T04:00:00+00:00,343.9,False,False,open_meteo,68.5,71.2,3.4,9.4,53.0,0.0,0.0,79.0,3.0
2026_CFB_W04_VAN_AUB,2026-09-11T20:03:29.786373+00:00,2026-09-26T04:00:00+00:00,343.9,False,False,open_meteo,61.8,63.5,4.8,13.9,41.0,0.04,0.0,96.0,2.0
2026_CFB_W04_MISS_FLA,2026-09-11T20:03:29.786790+00:00,2026-09-26T04:00:00+00:00,343.9,False,False,open_meteo,69.4,72.2,6.4,16.8,29.0,0.19,0.0,86.0,0.0
2026_CFB_W04_TAM_LSU,2026-09-11T20:03:29.787178+00:00,2026-09-26T04:00:00+00:00,343.9,False,False,open_meteo,77.4,78.3,5.9,15.2,61.0,0.09,0.0,55.0,3.0
2026_CFB_W04_MIZ_MSST,2026-09-11T20:03:30.484999+00:00,2026-09-26T04:00:00+00:00,343.9,False,False,open_meteo,64.7,67.0,4.1,5.1,96.0,0.0,0.0,89.0,3.0
2026_CFB_W04_SHSU_TTU,2026-09-11T20:03:30.485582+00:00,2026-09-26T04:00:00+00:00,343.9,False,False,open_meteo,72.3,67.5,9.6,21.5,158.0,0.23,0.0,41.0,1.0
2026_CFB_W04_OU_UGA,2026-09-11T20:03:30.486040+00:00,2026-09-26T04:00:00+00:00,343.9,False,False,open_meteo,65.3,65.3,8.5,21.7,43.0,0.0,0.004,84.0,51.0
2026_CFB_W04_HOU_GASO,2026-09-11T20:03:31.176695+00:00,2026-09-26T04:00:00+00:00,343.9,False,False,open_meteo,66.4,66.5,10.6,25.3,15.0,0.03,0.0,89.0,3.0
2026_CFB_W04_KSU_CIN,2026-09-11T20:03:31.177242+00:00,2026-09-26T04:00:00+00:00,343.9,False,False,open_meteo,59.1,59.5,4.3,11.2,51.0,0.09,0.0,93.0,3.0
2026_CFB_W04_UTAH_ISU,2026-09-11T20:03:31.177706+00:00,2026-09-26T04:00:00+00:00,343.9,False,False,open_meteo,56.3,54.1,7.5,14.8,81.0,0.2,0.0,89.0,2.0
2026_CFB_W04_OKST_WVU,2026-09-11T20:03:31.178124+00:00,2026-09-26T04:00:00+00:00,343.9,False,False,open_meteo,58.5,57.0,4.5,12.1,99.0,0.17,0.0,77.0,3.0
2026_CFB_W04_FCS2110_FSU,2026-09-11T20:03:31.864962+00:00,2026-09-26T04:00:00+00:00,343.9,False,False,open_meteo,67.4,70.5,4.8,19.2,37.0,0.07,0.0,89.0,0.0
2026_CFB_W04_DEL_UVA,2026-09-11T20:03:31.865561+00:00,2026-09-26T04:00:00+00:00,343.9,False,False,open_meteo,56.6,54.4,8.9,25.1,360.0,0.18,0.0,94.0,3.0
2026_CFB_W04_MOST_SMU,2026-09-11T20:03:31.866013+00:00,2026-09-26T04:00:00+00:00,343.9,False,False,open_meteo,79.1,76.3,11.6,20.8,118.0,0.11,0.0,46.0,3.0
2026_CFB_W04_VT_BC,2026-09-11T20:03:31.866456+00:00,2026-09-26T04:00:00+00:00,343.9,False,False,open_meteo,56.9,55.4,3.2,2.7,82.0,0.14,0.0,76.0,3.0
2026_CFB_W04_TCU_UCF,2026-09-11T20:03:31.866871+00:00,2026-09-26T04:00:00+00:00,343.9,False,False,open_meteo,74.0,79.1,5.5,11.4,27.0,0.26,0.0,84.0,1.0
2026_CFB_W04_COLO_BAY,2026-09-11T20:03:31.867271+00:00,2026-09-26T04:00:00+00:00,343.9,False,False,open_meteo,76.0,73.5,10.1,24.6,108.0,0.14,0.0,49.0,3.0
2026_CFB_W04_UCLA_MD,2026-09-11T20:03:31.867692+00:00,2026-09-26T04:00:00+00:00,343.9,False,False,open_meteo,61.9,59.0,7.4,21.5,41.0,0.08,0.0,67.0,3.0
2026_CFB_W04_IOWA_MICH,2026-09-11T20:03:31.868085+00:00,2026-09-26T04:00:00+00:00,343.9,False,False,open_meteo,54.0,51.1,7.9,21.3,82.0,0.06,0.0,91.0,3.0
2026_CFB_W04_NEB_MSU,2026-09-11T20:03:31.868506+00:00,2026-09-26T04:00:00+00:00,343.9,False,False,open_meteo,53.2,49.6,7.4,21.7,76.0,0.04,0.0,83.0,3.0
2026_CFB_W04_ND_PUR,2026-09-11T20:03:31.868906+00:00,2026-09-26T04:00:00+00:00,343.9,False,False,open_meteo,57.8,57.0,6.3,11.9,63.0,0.12,0.0,93.0,3.0
2026_CFB_W04_ORE_USC,2026-09-11T20:03:31.869296+00:00,2026-09-26T04:00:00+00:00,343.9,False,False,open_meteo,71.4,71.1,6.9,6.5,176.0,0.03,0.0,63.0,0.0
2026_CFB_W04_MINN_WASH,2026-09-11T20:03:31.869713+00:00,2026-09-26T04:00:00+00:00,343.9,False,False,open_meteo,52.1,49.5,2.4,2.2,338.0,0.07,0.0,73.0,0.0
2026_CFB_W04_SDSU_TOL,2026-09-11T20:03:31.870095+00:00,2026-09-26T04:00:00+00:00,343.9,False,False,open_meteo,57.0,55.5,7.6,19.9,87.0,0.06,0.004,94.0,51.0
2026_CFB_W04_BOIS_WMU,2026-09-11T20:03:31.870505+00:00,2026-09-26T04:00:00+00:00,343.9,False,False,open_meteo,54.7,51.0,10.6,23.5,85.0,0.04,0.0,93.0,3.0
2026_CFB_W04_CONN_MOH,2026-09-11T20:03:31.870900+00:00,2026-09-26T04:00:00+00:00,343.9,False,False,open_meteo,57.7,57.2,6.6,12.5,55.0,0.15,0.02,97.0,53.0
2026_CFB_W04_UL_CLT,2026-09-11T20:03:32.560123+00:00,2026-09-26T04:00:00+00:00,343.9,False,False,open_meteo,61.9,59.9,10.6,25.9,13.0,0.06,0.0,86.0,3.0
2026_CFB_W04_FAU_ULM,2026-09-11T20:03:32.560696+00:00,2026-09-26T04:00:00+00:00,343.9,False,False,open_meteo,72.4,74.5,6.3,17.7,23.0,0.1,0.0,73.0,3.0
2026_CFB_W04_USM_TULN,2026-09-11T20:03:32.561145+00:00,2026-09-26T04:00:00+00:00,343.9,False,False,open_meteo,78.7,81.6,5.3,8.3,112.0,0.19,0.004,61.0,51.0
2026_CFB_W04_USF_BGSU,2026-09-11T20:03:33.220147+00:00,2026-09-26T04:00:00+00:00,343.9,False,False,open_meteo,56.0,52.9,10.9,22.1,82.0,0.06,0.004,95.0,51.0
2026_CFB_W04_CSU_UTSA,2026-09-11T20:03:33.220524+00:00,2026-09-26T04:00:00+00:00,343.9,True,False,open_meteo,,,,,,,,,
2026_CFB_W04_WAKE_LOU,2026-09-11T20:03:33.220987+00:00,2026-09-26T04:00:00+00:00,343.9,False,False,open_meteo,62.6,63.9,4.6,11.2,23.0,0.17,0.004,90.0,51.0
2026_CFB_W04_ILL_OSU,2026-09-11T20:03:33.221439+00:00,2026-09-26T04:00:00+00:00,343.9,False,False,open_meteo,57.9,58.7,3.8,11.6,40.0,0.1,0.067,98.0,61.0
2026_CFB_W04_AF_NEV,2026-09-11T20:03:33.221856+00:00,2026-09-26T04:00:00+00:00,343.9,False,False,open_meteo,49.9,40.6,8.2,11.2,13.0,0.05,0.0,24.0,2.0
2026_CFB_W04_NIU_GAST,2026-09-11T20:03:33.918279+00:00,2026-09-26T04:00:00+00:00,343.9,False,False,open_meteo,64.9,65.5,5.9,20.6,50.0,0.0,0.0,81.0,1.0
2026_CFB_W04_APP_NCSU,2026-09-11T20:03:33.918876+00:00,2026-09-26T04:00:00+00:00,343.9,False,False,open_meteo,59.8,57.1,13.4,29.8,3.0,0.11,0.035,97.0,53.0
2026_CFB_W04_BALL_KENT,2026-09-11T20:03:33.919327+00:00,2026-09-26T04:00:00+00:00,343.9,False,False,open_meteo,54.4,50.9,6.3,13.9,67.0,0.11,0.0,76.0,3.0
2026_CFB_W04_UNLV_AKR,2026-09-11T20:03:33.919770+00:00,2026-09-26T04:00:00+00:00,343.9,False,False,open_meteo,52.8,50.9,4.7,12.8,59.0,0.11,0.012,90.0,51.0
2026_CFB_W04_MASS_SAC,2026-09-11T20:03:33.920182+00:00,2026-09-26T04:00:00+00:00,343.9,False,False,open_meteo,70.3,59.2,13.5,33.3,329.0,0.02,0.0,14.0,0.0
2026_CFB_W04_JMU_ODU,2026-09-11T20:03:33.920605+00:00,2026-09-26T04:00:00+00:00,343.9,False,False,open_meteo,69.0,67.2,20.0,33.8,74.0,0.16,0.059,94.0,80.0
2026_CFB_W04_FCS2083_PITT,2026-09-11T20:03:33.921015+00:00,2026-09-26T16:00:00+00:00,355.9,False,False,open_meteo,65.6,63.7,7.1,12.3,110.0,0.09,0.0,65.0,3.0
2026_CFB_W04_TEX_TENN,2026-09-11T20:03:33.921421+00:00,2026-09-26T16:00:00+00:00,355.9,False,False,open_meteo,75.6,80.5,2.8,3.6,14.0,0.06,0.0,61.0,1.0
2026_CFB_W04_USA_UK,2026-09-11T20:03:33.921817+00:00,2026-09-26T16:45:00+00:00,356.7,False,False,open_meteo,65.3,67.0,3.8,3.8,357.0,0.11,0.0,82.0,3.0
2026_CFB_W04_FCS2815_EMU,2026-09-11T20:03:34.613317+00:00,2026-09-26T17:00:00+00:00,356.9,False,False,open_meteo,55.6,51.8,10.6,14.5,65.0,0.05,0.0,89.0,3.0
2026_CFB_W04_HAW_WYO,2026-09-11T20:03:34.613915+00:00,2026-09-26T19:00:00+00:00,358.9,False,False,open_meteo,72.3,64.1,17.2,18.3,140.0,0.11,0.0,28.0,0.0
2026_CFB_W04_UNM_NMSU,2026-09-11T20:03:35.305549+00:00,2026-09-26T19:30:00+00:00,359.4,False,False,open_meteo,84.2,85.1,7.5,10.1,231.0,0.2,0.0,32.0,0.0
2026_CFB_W04_FCS2523_BUF,2026-09-11T20:03:35.988759+00:00,2026-09-26T19:30:00+00:00,359.4,False,False,open_meteo,75.2,69.0,9.2,10.3,104.0,0.04,0.0,23.0,2.0
2026_CFB_W04_FCS284_OHIO,2026-09-11T20:03:35.989316+00:00,2026-09-26T19:30:00+00:00,359.4,False,False,open_meteo,64.9,67.2,5.6,10.1,97.0,0.07,0.004,94.0,51.0
2026_CFB_W04_FCS2729_DUKE,2026-09-11T20:03:35.989811+00:00,2026-09-26T19:30:00+00:00,359.4,False,False,open_meteo,60.9,57.8,14.9,33.8,9.0,0.16,0.012,96.0,51.0
2026_CFB_W04_FCS2241_MRSH,2026-09-11T20:03:35.990263+00:00,2026-09-26T19:30:00+00:00,359.4,False,False,open_meteo,71.9,71.9,8.6,9.6,99.0,0.09,0.0,68.0,3.0
2026_CFB_W04_FCS2428_ECU,2026-09-11T20:03:35.990720+00:00,2026-09-26T20:00:00+00:00,359.9,False,False,open_meteo,67.4,61.9,24.2,37.6,24.0,0.17,0.0,87.0,3.0
2026_CFB_W04_LIB_CCU,2026-09-11T23:05:07.665898+00:00,2026-09-24T23:30:00+00:00,312.4,False,False,open_meteo,74.0,74.8,10.9,24.2,35.0,0.2,0.0,73.0,3.0
2026_CFB_W04_ARMY_TEM,2026-09-11T23:05:07.666366+00:00,2026-09-25T20:00:00+00:00,332.9,False,False,open_meteo,67.8,62.1,7.7,11.0,60.0,0.14,0.0,36.0,3.0
2026_CFB_W04_NAVY_UAB,2026-09-11T23:05:07.666815+00:00,2026-09-25T23:00:00+00:00,335.9,False,False,open_meteo,70.7,72.6,5.1,10.1,61.0,0.03,0.0,73.0,3.0
2026_CFB_W04_FCS47_RUTG,2026-09-11T23:05:07.667258+00:00,2026-09-25T23:00:00+00:00,335.9,False,False,open_meteo,64.3,59.6,6.5,15.0,98.0,0.16,0.0,45.0,3.0
2026_CFB_W04_NU_IU,2026-09-11T23:05:07.667731+00:00,2026-09-26T00:00:00+00:00,336.9,False,False,open_meteo,62.7,62.8,6.2,13.2,49.0,0.19,0.0,85.0,3.0
2026_CFB_W04_CLEM_CAL,2026-09-11T23:05:07.668176+00:00,2026-09-26T02:30:00+00:00,339.4,False,False,open_meteo,72.6,66.8,3.2,3.8,82.0,0.01,0.0,19.0,0.0
2026_CFB_W04_WIS_PSU,2026-09-11T23:05:07.668644+00:00,2026-09-26T04:00:00+00:00,340.9,False,False,open_meteo,46.5,42.0,4.1,4.3,49.0,0.13,0.0,72.0,1.0
2026_CFB_W04_SC_ALA,2026-09-11T23:05:07.669087+00:00,2026-09-26T04:00:00+00:00,340.9,False,False,open_meteo,68.5,71.2,3.4,9.4,53.0,0.0,0.0,79.0,3.0
2026_CFB_W04_VAN_AUB,2026-09-11T23:05:07.669561+00:00,2026-09-26T04:00:00+00:00,340.9,False,False,open_meteo,61.8,63.5,4.8,13.9,41.0,0.04,0.0,96.0,2.0
2026_CFB_W04_MISS_FLA,2026-09-11T23:05:07.670003+00:00,2026-09-26T04:00:00+00:00,340.9,False,False,open_meteo,69.4,72.2,6.4,16.8,29.0,0.19,0.0,86.0,0.0
2026_CFB_W04_TAM_LSU,2026-09-11T23:05:07.670498+00:00,2026-09-26T04:00:00+00:00,340.9,False,False,open_meteo,77.4,78.3,5.9,15.2,61.0,0.09,0.0,55.0,3.0
2026_CFB_W04_MIZ_MSST,2026-09-11T23:05:08.616788+00:00,2026-09-26T04:00:00+00:00,340.9,False,False,open_meteo,64.7,67.0,4.1,5.1,96.0,0.0,0.0,89.0,3.0
2026_CFB_W04_SHSU_TTU,2026-09-11T23:05:08.617370+00:00,2026-09-26T04:00:00+00:00,340.9,False,False,open_meteo,72.3,67.5,9.6,21.5,158.0,0.23,0.0,41.0,1.0
2026_CFB_W04_OU_UGA,2026-09-11T23:05:08.617854+00:00,2026-09-26T04:00:00+00:00,340.9,False,False,open_meteo,65.3,65.3,8.5,21.7,43.0,0.0,0.004,84.0,51.0
2026_CFB_W04_HOU_GASO,2026-09-11T23:05:09.555675+00:00,2026-09-26T04:00:00+00:00,340.9,False,False,open_meteo,66.4,66.5,10.6,25.3,15.0,0.03,0.0,89.0,3.0
2026_CFB_W04_KSU_CIN,2026-09-11T23:05:09.556226+00:00,2026-09-26T04:00:00+00:00,340.9,False,False,open_meteo,59.1,59.5,4.3,11.2,51.0,0.09,0.0,93.0,3.0
2026_CFB_W04_UTAH_ISU,2026-09-11T23:05:09.556724+00:00,2026-09-26T04:00:00+00:00,340.9,False,False,open_meteo,56.3,54.1,7.5,14.8,81.0,0.2,0.0,89.0,2.0
2026_CFB_W04_OKST_WVU,2026-09-11T23:05:09.557181+00:00,2026-09-26T04:00:00+00:00,340.9,False,False,open_meteo,58.5,57.0,4.5,12.1,99.0,0.17,0.0,77.0,3.0
2026_CFB_W04_FCS2110_FSU,2026-09-11T23:05:10.499630+00:00,2026-09-26T04:00:00+00:00,340.9,False,False,open_meteo,67.4,70.5,4.8,19.2,37.0,0.07,0.0,89.0,0.0
2026_CFB_W04_DEL_UVA,2026-09-11T23:05:10.500182+00:00,2026-09-26T04:00:00+00:00,340.9,False,False,open_meteo,56.6,54.4,8.9,25.1,360.0,0.18,0.0,94.0,3.0
2026_CFB_W04_MOST_SMU,2026-09-11T23:05:10.500718+00:00,2026-09-26T04:00:00+00:00,340.9,False,False,open_meteo,79.1,76.3,11.6,20.8,118.0,0.11,0.0,46.0,3.0
2026_CFB_W04_VT_BC,2026-09-11T23:05:10.501174+00:00,2026-09-26T04:00:00+00:00,340.9,False,False,open_meteo,56.9,55.4,3.2,2.7,82.0,0.14,0.0,76.0,3.0
2026_CFB_W04_TCU_UCF,2026-09-11T23:05:10.501665+00:00,2026-09-26T04:00:00+00:00,340.9,False,False,open_meteo,74.0,79.1,5.5,11.4,27.0,0.26,0.0,84.0,1.0
2026_CFB_W04_COLO_BAY,2026-09-11T23:05:10.502115+00:00,2026-09-26T04:00:00+00:00,340.9,False,False,open_meteo,76.0,73.5,10.1,24.6,108.0,0.14,0.0,49.0,3.0
2026_CFB_W04_UCLA_MD,2026-09-11T23:05:10.502590+00:00,2026-09-26T04:00:00+00:00,340.9,False,False,open_meteo,61.9,59.0,7.4,21.5,41.0,0.08,0.0,67.0,3.0
2026_CFB_W04_IOWA_MICH,2026-09-11T23:05:10.503035+00:00,2026-09-26T04:00:00+00:00,340.9,False,False,open_meteo,54.0,51.1,7.9,21.3,82.0,0.06,0.0,91.0,3.0
2026_CFB_W04_NEB_MSU,2026-09-11T23:05:10.503501+00:00,2026-09-26T04:00:00+00:00,340.9,False,False,open_meteo,53.2,49.6,7.4,21.7,76.0,0.04,0.0,83.0,3.0
2026_CFB_W04_ND_PUR,2026-09-11T23:05:10.503943+00:00,2026-09-26T04:00:00+00:00,340.9,False,False,open_meteo,57.8,57.0,6.3,11.9,63.0,0.12,0.0,93.0,3.0
2026_CFB_W04_ORE_USC,2026-09-11T23:05:10.504512+00:00,2026-09-26T04:00:00+00:00,340.9,False,False,open_meteo,71.4,71.1,6.9,6.5,176.0,0.03,0.0,63.0,0.0
2026_CFB_W04_MINN_WASH,2026-09-11T23:05:10.504964+00:00,2026-09-26T04:00:00+00:00,340.9,False,False,open_meteo,52.1,49.5,2.4,2.2,338.0,0.07,0.0,73.0,0.0
2026_CFB_W04_SDSU_TOL,2026-09-11T23:05:10.505445+00:00,2026-09-26T04:00:00+00:00,340.9,False,False,open_meteo,57.0,55.5,7.6,19.9,87.0,0.06,0.004,94.0,51.0
2026_CFB_W04_BOIS_WMU,2026-09-11T23:05:10.505936+00:00,2026-09-26T04:00:00+00:00,340.9,False,False,open_meteo,54.7,51.0,10.6,23.5,85.0,0.04,0.0,93.0,3.0
2026_CFB_W04_CONN_MOH,2026-09-11T23:05:10.506461+00:00,2026-09-26T04:00:00+00:00,340.9,False,False,open_meteo,57.7,57.2,6.6,12.5,55.0,0.15,0.02,97.0,53.0
2026_CFB_W04_UL_CLT,2026-09-11T23:05:11.458089+00:00,2026-09-26T04:00:00+00:00,340.9,False,False,open_meteo,61.9,59.9,10.6,25.9,13.0,0.06,0.0,86.0,3.0
2026_CFB_W04_FAU_ULM,2026-09-11T23:05:11.458709+00:00,2026-09-26T04:00:00+00:00,340.9,False,False,open_meteo,72.4,74.5,6.3,17.7,23.0,0.1,0.0,73.0,3.0
2026_CFB_W04_USM_TULN,2026-09-11T23:05:11.459206+00:00,2026-09-26T04:00:00+00:00,340.9,False,False,open_meteo,78.7,81.6,5.3,8.3,112.0,0.19,0.004,61.0,51.0
2026_CFB_W04_USF_BGSU,2026-09-11T23:05:12.406157+00:00,2026-09-26T04:00:00+00:00,340.9,False,False,open_meteo,56.0,52.9,10.9,22.1,82.0,0.06,0.004,95.0,51.0
2026_CFB_W04_CSU_UTSA,2026-09-11T23:05:12.406548+00:00,2026-09-26T04:00:00+00:00,340.9,True,False,open_meteo,,,,,,,,,
2026_CFB_W04_WAKE_LOU,2026-09-11T23:05:12.407032+00:00,2026-09-26T04:00:00+00:00,340.9,False,False,open_meteo,62.6,63.9,4.6,11.2,23.0,0.17,0.004,90.0,51.0
2026_CFB_W04_ILL_OSU,2026-09-11T23:05:12.407543+00:00,2026-09-26T04:00:00+00:00,340.9,False,False,open_meteo,57.9,58.7,3.8,11.6,40.0,0.1,0.067,98.0,61.0
2026_CFB_W04_AF_NEV,2026-09-11T23:05:12.407997+00:00,2026-09-26T04:00:00+00:00,340.9,False,False,open_meteo,49.9,40.6,8.2,11.2,13.0,0.05,0.0,24.0,2.0
2026_CFB_W04_NIU_GAST,2026-09-11T23:05:13.341319+00:00,2026-09-26T04:00:00+00:00,340.9,False,False,open_meteo,64.9,65.5,5.9,20.6,50.0,0.0,0.0,81.0,1.0
2026_CFB_W04_APP_NCSU,2026-09-11T23:05:13.341884+00:00,2026-09-26T04:00:00+00:00,340.9,False,False,open_meteo,59.8,57.1,13.4,29.8,3.0,0.11,0.035,97.0,53.0
2026_CFB_W04_BALL_KENT,2026-09-11T23:05:13.342365+00:00,2026-09-26T04:00:00+00:00,340.9,False,False,open_meteo,54.4,50.9,6.3,13.9,67.0,0.11,0.0,76.0,3.0
2026_CFB_W04_UNLV_AKR,2026-09-11T23:05:13.342817+00:00,2026-09-26T04:00:00+00:00,340.9,False,False,open_meteo,52.8,50.9,4.7,12.8,59.0,0.11,0.012,90.0,51.0
2026_CFB_W04_MASS_SAC,2026-09-11T23:05:13.343262+00:00,2026-09-26T04:00:00+00:00,340.9,False,False,open_meteo,70.3,59.2,13.5,33.3,329.0,0.02,0.0,14.0,0.0
2026_CFB_W04_JMU_ODU,2026-09-11T23:05:13.343737+00:00,2026-09-26T04:00:00+00:00,340.9,False,False,open_meteo,69.0,67.2,20.0,33.8,74.0,0.16,0.059,94.0,80.0
2026_CFB_W04_FCS2083_PITT,2026-09-11T23:05:13.344189+00:00,2026-09-26T16:00:00+00:00,352.9,False,False,open_meteo,65.6,63.7,7.1,12.3,110.0,0.09,0.0,65.0,3.0
2026_CFB_W04_TEX_TENN,2026-09-11T23:05:13.344659+00:00,2026-09-26T16:00:00+00:00,352.9,False,False,open_meteo,75.6,80.5,2.8,3.6,14.0,0.06,0.0,61.0,1.0
2026_CFB_W04_USA_UK,2026-09-11T23:05:13.345095+00:00,2026-09-26T16:45:00+00:00,353.7,False,False,open_meteo,65.3,67.0,3.8,3.8,357.0,0.11,0.0,82.0,3.0
2026_CFB_W04_FCS2815_EMU,2026-09-11T23:05:14.299190+00:00,2026-09-26T17:00:00+00:00,353.9,False,False,open_meteo,55.6,51.8,10.6,14.5,65.0,0.05,0.0,89.0,3.0
2026_CFB_W04_HAW_WYO,2026-09-11T23:05:14.299760+00:00,2026-09-26T19:00:00+00:00,355.9,False,False,open_meteo,72.3,64.1,17.2,18.3,140.0,0.11,0.0,28.0,0.0
2026_CFB_W04_UNM_NMSU,2026-09-11T23:05:15.214772+00:00,2026-09-26T19:30:00+00:00,356.4,False,False,open_meteo,84.2,85.1,7.5,10.1,231.0,0.2,0.0,32.0,0.0
2026_CFB_W04_FCS2523_BUF,2026-09-11T23:05:16.163593+00:00,2026-09-26T19:30:00+00:00,356.4,False,False,open_meteo,75.2,69.0,9.2,10.3,104.0,0.04,0.0,23.0,2.0
2026_CFB_W04_FCS284_OHIO,2026-09-11T23:05:16.164148+00:00,2026-09-26T19:30:00+00:00,356.4,False,False,open_meteo,64.9,67.2,5.6,10.1,97.0,0.07,0.004,94.0,51.0
2026_CFB_W04_FCS2729_DUKE,2026-09-11T23:05:16.164649+00:00,2026-09-26T19:30:00+00:00,356.4,False,False,open_meteo,60.9,57.8,14.9,33.8,9.0,0.16,0.012,96.0,51.0
2026_CFB_W04_FCS2241_MRSH,2026-09-11T23:05:16.165108+00:00,2026-09-26T19:30:00+00:00,356.4,False,False,open_meteo,71.9,71.9,8.6,9.6,99.0,0.09,0.0,68.0,3.0
2026_CFB_W04_FCS2428_ECU,2026-09-11T23:05:16.165584+00:00,2026-09-26T20:00:00+00:00,356.9,False,False,open_meteo,67.4,61.9,24.2,37.6,24.0,0.17,0.0,87.0,3.0
2026_CFB_W04_FCS2916_TXST,2026-09-11T23:05:16.166033+00:00,2026-09-26T22:00:00+00:00,358.9,False,False,open_meteo,92.8,89.6,10.5,7.8,66.0,0.1,0.0,27.0,1.0
2026_CFB_W04_FCS2341_FIU,2026-09-11T23:05:16.166739+00:00,2026-09-26T22:00:00+00:00,358.9,False,False,open_meteo,82.1,85.1,13.9,15.0,195.0,0.67,0.008,71.0,51.0
2026_CFB_W04_CMU_MIA,2026-09-11T23:05:17.106602+00:00,2026-09-26T22:30:00+00:00,359.4,False,False,open_meteo,84.6,86.7,14.7,15.0,196.0,0.67,0.0,63.0,1.0
2026_CFB_W04_KENN_ARST,2026-09-11T23:05:17.107161+00:00,2026-09-26T23:00:00+00:00,359.9,False,False,open_meteo,74.7,73.6,4.9,6.5,74.0,0.03,0.0,47.0,0.0
2026_CFB_W04_FCS2385_WKU,2026-09-11T23:05:18.049869+00:00,2026-09-26T23:00:00+00:00,359.9,False,False,open_meteo,70.7,69.6,5.4,13.0,355.0,0.06,0.0,55.0,2.0
2026_CFB_W04_MTSU_JXST,2026-09-11T23:05:18.050457+00:00,2026-09-26T23:00:00+00:00,359.9,False,False,open_meteo,70.8,74.2,4.3,4.7,317.0,0.03,0.008,80.0,51.0
2026_CFB_W04_LIB_CCU,2026-09-12T11:05:36.946696+00:00,2026-09-24T23:30:00+00:00,300.4,False,False,open_meteo,77.4,84.7,3.9,7.2,167.0,0.26,0.012,83.0,51.0
2026_CFB_W04_ARMY_TEM,2026-09-12T11:05:36.946975+00:00,2026-09-25T20:00:00+00:00,320.9,False,False,open_meteo,59.0,57.5,9.0,22.1,357.0,0.03,0.004,93.0,51.0
2026_CFB_W04_NAVY_UAB,2026-09-12T11:05:36.947235+00:00,2026-09-25T23:00:00+00:00,323.9,False,False,open_meteo,83.5,87.5,2.9,6.0,39.0,0.19,0.0,53.0,3.0
2026_CFB_W04_FCS47_RUTG,2026-09-12T11:05:36.947481+00:00,2026-09-25T23:00:00+00:00,323.9,False,False,open_meteo,58.5,56.0,10.1,25.9,28.0,0.03,0.004,90.0,51.0
2026_CFB_W04_NU_IU,2026-09-12T11:05:36.947751+00:00,2026-09-26T00:00:00+00:00,324.9,False,False,open_meteo,71.9,74.6,3.8,4.9,50.0,0.16,0.0,72.0,3.0
2026_CFB_W04_CLEM_CAL,2026-09-12T11:05:36.947994+00:00,2026-09-26T02:30:00+00:00,327.4,False,False,open_meteo,62.7,57.9,9.5,9.8,188.0,0.0,0.0,57.0,1.0
2026_CFB_W04_WIS_PSU,2026-09-12T11:05:36.948237+00:00,2026-09-26T04:00:00+00:00,328.9,False,False,open_meteo,55.4,55.2,3.9,4.0,24.0,0.13,0.0,97.0,2.0
2026_CFB_W04_SC_ALA,2026-09-12T11:05:36.948485+00:00,2026-09-26T04:00:00+00:00,328.9,False,False,open_meteo,80.9,84.8,2.9,5.4,67.0,0.17,0.0,57.0,3.0
2026_CFB_W04_VAN_AUB,2026-09-12T11:05:36.948754+00:00,2026-09-26T04:00:00+00:00,328.9,False,False,open_meteo,76.9,80.4,3.4,2.5,23.0,0.23,0.0,64.0,3.0
2026_CFB_W04_MISS_FLA,2026-09-12T11:05:36.948991+00:00,2026-09-26T04:00:00+00:00,328.9,False,False,open_meteo,77.0,79.2,4.0,9.2,254.0,0.29,0.0,58.0,0.0
2026_CFB_W04_TAM_LSU,2026-09-12T11:05:36.949225+00:00,2026-09-26T04:00:00+00:00,328.9,False,False,open_meteo,79.2,82.7,5.4,9.2,199.0,0.21,0.0,63.0,0.0
2026_CFB_W04_MIZ_MSST,2026-09-12T11:05:37.511378+00:00,2026-09-26T04:00:00+00:00,328.9,False,False,open_meteo,74.3,77.0,3.7,4.0,25.0,0.05,0.0,66.0,0.0
2026_CFB_W04_SHSU_TTU,2026-09-12T11:05:37.511804+00:00,2026-09-26T04:00:00+00:00,328.9,False,False,open_meteo,81.0,74.9,7.3,9.6,232.0,0.13,0.0,21.0,0.0
2026_CFB_W04_OU_UGA,2026-09-12T11:05:37.512110+00:00,2026-09-26T04:00:00+00:00,328.9,False,False,open_meteo,73.9,78.2,3.3,4.7,118.0,0.12,0.0,75.0,2.0
2026_CFB_W04_HOU_GASO,2026-09-12T11:05:38.070634+00:00,2026-09-26T04:00:00+00:00,328.9,False,False,open_meteo,77.6,83.0,4.1,4.9,112.0,0.16,0.0,73.0,3.0
2026_CFB_W04_KSU_CIN,2026-09-12T11:05:38.071002+00:00,2026-09-26T04:00:00+00:00,328.9,False,False,open_meteo,69.9,73.0,3.2,7.2,65.0,0.15,0.0,78.0,3.0
2026_CFB_W04_UTAH_ISU,2026-09-12T11:05:38.071284+00:00,2026-09-26T04:00:00+00:00,328.9,False,False,open_meteo,69.9,73.1,7.2,12.8,185.0,0.24,0.0,89.0,0.0
2026_CFB_W04_OKST_WVU,2026-09-12T11:05:38.071566+00:00,2026-09-26T04:00:00+00:00,328.9,False,False,open_meteo,58.5,59.3,3.6,2.2,86.0,0.23,0.0,96.0,0.0
2026_CFB_W04_FCS2110_FSU,2026-09-12T11:05:38.626939+00:00,2026-09-26T04:00:00+00:00,328.9,False,False,open_meteo,79.2,85.1,2.7,6.5,235.0,0.2,0.0,69.0,3.0
2026_CFB_W04_DEL_UVA,2026-09-12T11:05:39.184202+00:00,2026-09-26T04:00:00+00:00,328.9,False,False,open_meteo,59.2,61.2,1.4,1.8,39.0,0.16,0.0,95.0,3.0
2026_CFB_W04_MOST_SMU,2026-09-12T11:05:39.184594+00:00,2026-09-26T04:00:00+00:00,328.9,False,False,open_meteo,93.5,91.2,11.2,27.5,177.0,0.17,0.0,30.0,2.0
2026_CFB_W04_VT_BC,2026-09-12T11:05:39.184904+00:00,2026-09-26T04:00:00+00:00,328.9,False,False,open_meteo,58.5,56.8,10.0,26.6,51.0,0.07,0.016,98.0,51.0
2026_CFB_W04_TCU_UCF,2026-09-12T11:05:39.185171+00:00,2026-09-26T04:00:00+00:00,328.9,False,False,open_meteo,78.7,86.4,5.3,6.5,168.0,0.47,0.008,84.0,51.0
2026_CFB_W04_COLO_BAY,2026-09-12T11:05:39.185427+00:00,2026-09-26T04:00:00+00:00,328.9,False,False,open_meteo,88.8,87.0,16.3,31.5,164.0,0.17,0.0,44.0,1.0
2026_CFB_W04_UCLA_MD,2026-09-12T11:05:39.185698+00:00,2026-09-26T04:00:00+00:00,328.9,False,False,open_meteo,61.3,61.0,5.8,15.9,358.0,0.13,0.0,85.0,3.0
2026_CFB_W04_IOWA_MICH,2026-09-12T11:05:39.185946+00:00,2026-09-26T04:00:00+00:00,328.9,False,False,open_meteo,64.0,65.6,4.1,4.7,131.0,0.11,0.0,87.0,3.0
2026_CFB_W04_NEB_MSU,2026-09-12T11:05:39.186184+00:00,2026-09-26T04:00:00+00:00,328.9,False,False,open_meteo,64.9,66.5,4.1,4.0,158.0,0.12,0.0,84.0,3.0
2026_CFB_W04_ND_PUR,2026-09-12T11:05:39.186436+00:00,2026-09-26T04:00:00+00:00,328.9,False,False,open_meteo,65.6,68.2,3.5,3.8,125.0,0.11,0.0,87.0,0.0
2026_CFB_W04_ORE_USC,2026-09-12T11:05:39.186705+00:00,2026-09-26T04:00:00+00:00,328.9,False,False,open_meteo,70.8,71.7,5.7,3.8,231.0,0.01,0.0,68.0,0.0
2026_CFB_W04_MINN_WASH,2026-09-12T11:05:39.186947+00:00,2026-09-26T04:00:00+00:00,328.9,False,False,open_meteo,50.1,46.9,5.0,10.3,350.0,0.14,0.004,85.0,51.0
2026_CFB_W04_SDSU_TOL,2026-09-12T11:05:39.187180+00:00,2026-09-26T04:00:00+00:00,328.9,False,False,open_meteo,67.9,70.2,3.3,5.8,106.0,0.06,0.0,78.0,3.0
2026_CFB_W04_BOIS_WMU,2026-09-12T11:05:39.187409+00:00,2026-09-26T04:00:00+00:00,328.9,False,False,open_meteo,63.4,64.8,5.1,4.9,146.0,0.12,0.0,90.0,0.0
2026_CFB_W04_CONN_MOH,2026-09-12T11:05:39.187668+00:00,2026-09-26T04:00:00+00:00,328.9,False,False,open_meteo,69.4,72.0,4.2,4.5,65.0,0.18,0.0,78.0,3.0
2026_CFB_W04_UL_CLT,2026-09-12T11:05:39.748791+00:00,2026-09-26T04:00:00+00:00,328.9,False,False,open_meteo,71.8,75.4,3.5,6.7,50.0,0.11,0.0,76.0,1.0
2026_CFB_W04_FAU_ULM,2026-09-12T11:05:39.749248+00:00,2026-09-26T04:00:00+00:00,328.9,False,False,open_meteo,77.8,79.8,6.0,7.8,138.0,0.15,0.0,60.0,0.0
2026_CFB_W04_USM_TULN,2026-09-12T11:05:39.749606+00:00,2026-09-26T04:00:00+00:00,328.9,False,False,open_meteo,79.5,82.9,7.6,11.6,225.0,0.32,0.0,66.0,0.0
2026_CFB_W04_USF_BGSU,2026-09-12T11:05:40.316783+00:00,2026-09-26T04:00:00+00:00,328.9,False,False,open_meteo,66.4,68.3,4.7,6.0,93.0,0.06,0.0,83.0,3.0
2026_CFB_W04_CSU_UTSA,2026-09-12T11:05:40.317046+00:00,2026-09-26T04:00:00+00:00,328.9,True,False,open_meteo,,,,,,,,,
2026_CFB_W04_WAKE_LOU,2026-09-12T11:05:40.317342+00:00,2026-09-26T04:00:00+00:00,328.9,False,False,open_meteo,71.4,74.0,3.0,3.8,36.0,0.13,0.0,70.0,1.0
2026_CFB_W04_ILL_OSU,2026-09-12T11:05:40.317637+00:00,2026-09-26T04:00:00+00:00,328.9,False,False,open_meteo,66.5,69.3,3.4,4.5,67.0,0.23,0.0,86.0,0.0
2026_CFB_W04_AF_NEV,2026-09-12T11:05:40.317903+00:00,2026-09-26T04:00:00+00:00,328.9,False,False,open_meteo,63.4,55.3,8.8,9.6,251.0,0.03,0.0,26.0,0.0
2026_CFB_W04_NIU_GAST,2026-09-12T11:05:40.883452+00:00,2026-09-26T04:00:00+00:00,328.9,False,False,open_meteo,80.0,82.1,3.1,2.0,86.0,0.13,0.0,51.0,3.0
2026_CFB_W04_APP_NCSU,2026-09-12T11:05:41.450589+00:00,2026-09-26T04:00:00+00:00,328.9,False,False,open_meteo,72.7,75.2,2.8,5.6,72.0,0.18,0.0,66.0,3.0
2026_CFB_W04_BALL_KENT,2026-09-12T11:05:41.450979+00:00,2026-09-26T04:00:00+00:00,328.9,False,False,open_meteo,61.2,62.6,3.8,2.7,118.0,0.18,0.0,92.0,1.0
2026_CFB_W04_UNLV_AKR,2026-09-12T11:05:41.451268+00:00,2026-09-26T04:00:00+00:00,328.9,False,False,open_meteo,62.3,63.6,4.1,4.5,112.0,0.18,0.0,89.0,2.0
2026_CFB_W04_MASS_SAC,2026-09-12T11:05:41.451535+00:00,2026-09-26T04:00:00+00:00,328.9,False,False,open_meteo,71.5,65.3,9.8,23.9,200.0,0.01,0.0,34.0,0.0
2026_CFB_W04_JMU_ODU,2026-09-12T11:05:41.451822+00:00,2026-09-26T04:00:00+00:00,328.9,False,False,open_meteo,67.3,67.0,7.6,12.5,336.0,0.15,0.0,74.0,2.0
2026_CFB_W04_FCS2083_PITT,2026-09-12T11:05:41.452079+00:00,2026-09-26T16:00:00+00:00,340.9,False,False,open_meteo,74.1,76.6,4.4,8.5,24.0,0.18,0.0,61.0,2.0
2026_CFB_W04_TEX_TENN,2026-09-12T11:05:41.452342+00:00,2026-09-26T16:00:00+00:00,340.9,False,False,open_meteo,79.4,82.1,4.7,5.1,45.0,0.1,0.0,56.0,2.0
2026_CFB_W04_USA_UK,2026-09-12T11:05:41.452613+00:00,2026-09-26T16:45:00+00:00,341.7,False,False,open_meteo,71.6,74.4,7.2,11.9,64.0,0.11,0.0,81.0,3.0
2026_CFB_W04_FCS2815_EMU,2026-09-12T11:05:42.009324+00:00,2026-09-26T17:00:00+00:00,341.9,False,False,open_meteo,75.3,79.2,3.5,2.9,130.0,0.09,0.0,64.0,2.0
2026_CFB_W04_HAW_WYO,2026-09-12T11:05:42.009772+00:00,2026-09-26T19:00:00+00:00,343.9,False,False,open_meteo,73.4,62.8,19.9,24.6,219.0,0.06,0.0,20.0,0.0
2026_CFB_W04_UNM_NMSU,2026-09-12T11:05:42.572883+00:00,2026-09-26T19:30:00+00:00,344.4,False,False,open_meteo,89.7,87.5,11.9,14.8,182.0,0.06,0.0,26.0,0.0
2026_CFB_W04_FCS2523_BUF,2026-09-12T11:05:43.115588+00:00,2026-09-26T19:30:00+00:00,344.4,False,False,open_meteo,76.0,76.0,8.7,9.6,55.0,0.07,0.0,55.0,0.0
2026_CFB_W04_FCS284_OHIO,2026-09-12T11:05:43.115962+00:00,2026-09-26T19:30:00+00:00,344.4,False,False,open_meteo,79.2,81.6,4.9,8.1,60.0,0.12,0.0,55.0,0.0
2026_CFB_W04_FCS2729_DUKE,2026-09-12T11:05:43.116262+00:00,2026-09-26T19:30:00+00:00,344.4,False,False,open_meteo,82.5,85.9,2.8,5.4,14.0,0.13,0.0,52.0,1.0
2026_CFB_W04_FCS2241_MRSH,2026-09-12T11:05:43.116540+00:00,2026-09-26T19:30:00+00:00,344.4,False,False,open_meteo,82.0,84.6,6.3,7.4,35.0,0.1,0.0,49.0,0.0
2026_CFB_W04_FCS2428_ECU,2026-09-12T11:05:43.116836+00:00,2026-09-26T20:00:00+00:00,344.9,False,False,open_meteo,76.7,78.2,7.4,11.9,5.0,0.18,0.0,63.0,2.0
2026_CFB_W04_FCS2916_TXST,2026-09-12T11:05:43.117109+00:00,2026-09-26T22:00:00+00:00,346.9,False,False,open_meteo,98.0,94.6,12.6,17.0,141.0,0.07,0.0,25.0,0.0
2026_CFB_W04_FCS2341_FIU,2026-09-12T11:05:43.117379+00:00,2026-09-26T22:00:00+00:00,346.9,False,False,open_meteo,88.7,93.2,11.0,8.5,129.0,0.64,0.0,58.0,1.0
2026_CFB_W04_CMU_MIA,2026-09-12T11:05:43.676427+00:00,2026-09-26T22:30:00+00:00,347.4,False,False,open_meteo,89.8,93.4,10.8,8.3,120.0,0.64,0.0,53.0,1.0
2026_CFB_W04_KENN_ARST,2026-09-12T11:05:43.676822+00:00,2026-09-26T23:00:00+00:00,347.9,False,False,open_meteo,82.1,85.1,7.4,10.5,83.0,0.13,0.0,59.0,0.0
2026_CFB_W04_FCS2385_WKU,2026-09-12T11:05:44.232038+00:00,2026-09-26T23:00:00+00:00,347.9,False,False,open_meteo,75.7,77.4,6.7,7.4,69.0,0.12,0.0,64.0,0.0
2026_CFB_W04_MTSU_JXST,2026-09-12T11:05:44.232411+00:00,2026-09-26T23:00:00+00:00,347.9,False,False,open_meteo,79.1,83.5,2.1,1.1,229.0,0.15,0.0,61.0,0.0
2026_CFB_W04_TROY_USU,2026-09-12T11:05:44.791329+00:00,2026-09-26T23:30:00+00:00,348.4,False,False,open_meteo,80.9,65.7,25.3,41.4,206.0,0.15,0.0,14.0,3.0
2026_CFB_W04_FCS2277_UNT,2026-09-12T11:05:44.791717+00:00,2026-09-26T23:30:00+00:00,348.4,False,False,open_meteo,93.0,94.6,4.5,8.5,243.0,0.01,0.0,34.0,1.0
2026_CFB_W04_ARIZ_WSU,2026-09-12T11:05:44.792015+00:00,2026-09-26T23:30:00+00:00,348.4,False,False,open_meteo,59.4,48.8,12.5,11.6,317.0,0.1,0.0,22.0,0.0
2026_CFB_W04_TLSA_ARK,2026-09-12T11:05:44.792278+00:00,2026-09-27T00:00:00+00:00,348.9,False,False,open_meteo,84.9,83.2,17.4,29.3,138.0,0.23,0.0,52.0,0.0
2026_CFB_W04_ORST_UTEP,2026-09-12T11:05:44.792532+00:00,2026-09-27T01:00:00+00:00,349.9,False,False,open_meteo,90.3,85.8,6.3,13.2,182.0,0.07,0.0,19.0,0.0
2026_CFB_W04_RICE_FRES,2026-09-12T11:05:44.792812+00:00,2026-09-27T02:00:00+00:00,350.9,False,False,open_meteo,76.7,65.3,17.1,26.6,299.0,0.0,0.0,18.0,0.0
2026_CFB_W04_GT_STAN,2026-09-12T11:05:45.355977+00:00,2026-09-27T02:30:00+00:00,351.4,False,False,open_meteo,61.1,57.8,6.3,11.2,247.0,0.03,0.0,61.0,0.0
2026_CFB_W04_LIB_CCU,2026-09-12T17:02:48.494129+00:00,2026-09-24T23:30:00+00:00,294.5,False,False,open_meteo,69.5,66.4,8.9,19.7,45.0,0.35,0.0,54.0,0.0
2026_CFB_W04_ARMY_TEM,2026-09-12T17:02:48.494434+00:00,2026-09-25T20:00:00+00:00,315.0,False,False,open_meteo,63.5,55.7,9.1,8.9,65.0,0.2,0.0,29.0,3.0
2026_CFB_W04_NAVY_UAB,2026-09-12T17:02:48.494694+00:00,2026-09-25T23:00:00+00:00,318.0,False,False,open_meteo,75.6,72.5,9.3,17.7,101.0,0.19,0.0,45.0,2.0
2026_CFB_W04_FCS47_RUTG,2026-09-12T17:02:48.494953+00:00,2026-09-25T23:00:00+00:00,318.0,False,False,open_meteo,56.4,50.4,4.9,5.1,95.0,0.22,0.0,39.0,2.0
2026_CFB_W04_NU_IU,2026-09-12T17:02:48.495200+00:00,2026-09-26T00:00:00+00:00,319.0,False,False,open_meteo,66.5,65.0,5.8,16.6,164.0,0.16,0.0,62.0,3.0
2026_CFB_W04_CLEM_CAL,2026-09-12T17:02:48.495485+00:00,2026-09-26T02:30:00+00:00,321.5,False,False,open_meteo,71.1,68.6,4.6,6.5,223.0,0.03,0.0,43.0,0.0
2026_CFB_W04_WIS_PSU,2026-09-12T17:02:48.495731+00:00,2026-09-26T04:00:00+00:00,323.0,False,False,open_meteo,42.1,38.1,3.2,2.7,129.0,0.17,0.0,87.0,3.0
2026_CFB_W04_SC_ALA,2026-09-12T17:02:48.496000+00:00,2026-09-26T04:00:00+00:00,323.0,False,False,open_meteo,70.5,66.5,10.2,29.3,105.0,0.24,0.0,50.0,3.0
2026_CFB_W04_VAN_AUB,2026-09-12T17:02:48.496274+00:00,2026-09-26T04:00:00+00:00,323.0,False,False,open_meteo,65.4,61.7,10.6,27.7,82.0,0.18,0.0,63.0,0.0
2026_CFB_W04_MISS_FLA,2026-09-12T17:02:48.496539+00:00,2026-09-26T04:00:00+00:00,323.0,False,False,open_meteo,75.3,77.2,9.3,24.2,69.0,0.28,0.0,72.0,1.0
2026_CFB_W04_TAM_LSU,2026-09-12T17:02:48.496780+00:00,2026-09-26T04:00:00+00:00,323.0,False,False,open_meteo,77.6,81.4,9.1,26.6,107.0,0.23,0.0,76.0,0.0
2026_CFB_W04_MIZ_MSST,2026-09-12T17:02:48.964993+00:00,2026-09-26T04:00:00+00:00,323.0,False,False,open_meteo,70.9,68.5,10.3,28.4,117.0,0.17,0.0,59.0,1.0
2026_CFB_W04_SHSU_TTU,2026-09-12T17:02:48.965396+00:00,2026-09-26T04:00:00+00:00,323.0,False,False,open_meteo,67.2,64.7,12.1,22.8,109.0,0.12,0.0,72.0,0.0
2026_CFB_W04_OU_UGA,2026-09-12T17:02:48.965660+00:00,2026-09-26T04:00:00+00:00,323.0,False,False,open_meteo,64.2,60.9,9.0,23.7,71.0,0.23,0.0,64.0,2.0
2026_CFB_W04_HOU_GASO,2026-09-12T17:02:49.380385+00:00,2026-09-26T04:00:00+00:00,323.0,False,False,open_meteo,67.3,63.5,14.1,28.6,54.0,0.28,0.0,68.0,2.0
2026_CFB_W04_KSU_CIN,2026-09-12T17:02:49.380754+00:00,2026-09-26T04:00:00+00:00,323.0,False,False,open_meteo,59.1,55.6,4.8,17.9,139.0,0.15,0.0,57.0,3.0
2026_CFB_W04_UTAH_ISU,2026-09-12T17:02:49.381006+00:00,2026-09-26T04:00:00+00:00,323.0,False,False,open_meteo,61.4,60.6,9.7,24.4,189.0,0.17,0.0,95.0,3.0
2026_CFB_W04_OKST_WVU,2026-09-12T17:02:49.381265+00:00,2026-09-26T04:00:00+00:00,323.0,False,False,open_meteo,51.9,48.7,3.5,2.7,135.0,0.06,0.0,72.0,3.0
2026_CFB_W04_FCS2110_FSU,2026-09-12T17:02:49.817491+00:00,2026-09-26T04:00:00+00:00,323.0,False,False,open_meteo,70.8,70.8,10.0,28.2,61.0,0.12,0.0,74.0,3.0
2026_CFB_W04_DEL_UVA,2026-09-12T17:02:50.233173+00:00,2026-09-26T04:00:00+00:00,323.0,False,False,open_meteo,48.8,46.2,3.2,2.7,348.0,0.16,0.0,88.0,3.0
2026_CFB_W04_MOST_SMU,2026-09-12T17:02:50.233565+00:00,2026-09-26T04:00:00+00:00,323.0,False,False,open_meteo,85.8,86.5,6.5,16.1,82.0,0.03,0.0,42.0,3.0
2026_CFB_W04_VT_BC,2026-09-12T17:02:50.233821+00:00,2026-09-26T04:00:00+00:00,323.0,False,False,open_meteo,47.0,42.6,2.2,2.7,307.0,0.17,0.0,60.0,3.0
2026_CFB_W04_TCU_UCF,2026-09-12T17:02:50.234049+00:00,2026-09-26T04:00:00+00:00,323.0,False,False,open_meteo,75.6,79.3,10.3,24.8,66.0,0.42,0.0,83.0,3.0
2026_CFB_W04_COLO_BAY,2026-09-12T17:02:50.234310+00:00,2026-09-26T04:00:00+00:00,323.0,False,False,open_meteo,82.1,77.8,15.9,30.9,148.0,0.09,0.0,43.0,1.0
2026_CFB_W04_UCLA_MD,2026-09-12T17:02:50.234541+00:00,2026-09-26T04:00:00+00:00,323.0,False,False,open_meteo,55.2,51.7,5.9,17.0,115.0,0.16,0.0,71.0,2.0
2026_CFB_W04_IOWA_MICH,2026-09-12T17:02:50.234754+00:00,2026-09-26T04:00:00+00:00,323.0,False,False,open_meteo,53.4,49.3,7.9,24.6,172.0,0.14,0.0,79.0,3.0
2026_CFB_W04_NEB_MSU,2026-09-12T17:02:50.234967+00:00,2026-09-26T04:00:00+00:00,323.0,False,False,open_meteo,55.8,52.0,10.0,27.7,170.0,0.08,0.0,85.0,3.0
2026_CFB_W04_ND_PUR,2026-09-12T17:02:50.637727+00:00,2026-09-26T04:00:00+00:00,323.0,False,False,open_meteo,66.4,62.0,11.9,31.1,177.0,0.06,0.0,60.0,3.0
2026_CFB_W04_ORE_USC,2026-09-12T17:02:50.638094+00:00,2026-09-26T04:00:00+00:00,323.0,False,False,open_meteo,75.5,76.0,6.5,6.0,180.0,0.03,0.0,58.0,0.0
2026_CFB_W04_MINN_WASH,2026-09-12T17:02:50.638374+00:00,2026-09-26T04:00:00+00:00,323.0,False,False,open_meteo,56.1,52.0,8.1,21.9,39.0,0.05,0.004,73.0,51.0
2026_CFB_W04_SDSU_TOL,2026-09-12T17:02:50.638616+00:00,2026-09-26T04:00:00+00:00,323.0,False,False,open_meteo,59.9,55.1,8.2,27.3,171.0,0.13,0.0,57.0,3.0
2026_CFB_W04_BOIS_WMU,2026-09-12T17:02:50.638840+00:00,2026-09-26T04:00:00+00:00,323.0,False,False,open_meteo,58.2,55.6,10.2,27.7,161.0,0.08,0.0,91.0,3.0
2026_CFB_W04_CONN_MOH,2026-09-12T17:02:50.639064+00:00,2026-09-26T04:00:00+00:00,323.0,False,False,open_meteo,58.4,53.9,6.6,13.2,135.0,0.12,0.0,57.0,3.0
2026_CFB_W04_UL_CLT,2026-09-12T17:02:51.041192+00:00,2026-09-26T04:00:00+00:00,323.0,False,False,open_meteo,58.4,55.7,5.8,21.9,77.0,0.19,0.0,70.0,1.0
2026_CFB_W04_FAU_ULM,2026-09-12T17:02:51.041600+00:00,2026-09-26T04:00:00+00:00,323.0,False,False,open_meteo,77.7,79.2,8.7,22.1,157.0,0.1,0.0,63.0,3.0
2026_CFB_W04_USM_TULN,2026-09-12T17:02:51.041850+00:00,2026-09-26T04:00:00+00:00,323.0,False,False,open_meteo,79.5,81.6,14.3,26.2,107.0,0.19,0.0,73.0,0.0
2026_CFB_W04_USF_BGSU,2026-09-12T17:02:51.445065+00:00,2026-09-26T04:00:00+00:00,323.0,False,False,open_meteo,56.3,50.9,9.7,27.3,165.0,0.13,0.0,66.0,3.0
2026_CFB_W04_CSU_UTSA,2026-09-12T17:02:51.445330+00:00,2026-09-26T04:00:00+00:00,323.0,True,False,open_meteo,,,,,,,,,
2026_CFB_W04_WAKE_LOU,2026-09-12T17:02:51.445610+00:00,2026-09-26T04:00:00+00:00,323.0,False,False,open_meteo,65.7,64.3,4.8,13.9,152.0,0.17,0.0,62.0,3.0
2026_CFB_W04_ILL_OSU,2026-09-12T17:02:51.445849+00:00,2026-09-26T04:00:00+00:00,323.0,False,False,open_meteo,59.7,55.4,7.7,25.7,150.0,0.19,0.0,60.0,3.0
2026_CFB_W04_AF_NEV,2026-09-12T17:02:51.446081+00:00,2026-09-26T04:00:00+00:00,323.0,False,False,open_meteo,70.6,61.6,7.8,6.9,257.0,0.1,0.0,12.0,0.0
2026_CFB_W04_NIU_GAST,2026-09-12T17:02:51.850330+00:00,2026-09-26T04:00:00+00:00,323.0,False,False,open_meteo,64.7,60.5,10.3,25.3,85.0,0.36,0.0,60.0,0.0
2026_CFB_W04_APP_NCSU,2026-09-12T17:02:52.251815+00:00,2026-09-26T04:00:00+00:00,323.0,False,False,open_meteo,59.4,56.4,6.4,18.6,54.0,0.17,0.0,68.0,1.0
2026_CFB_W04_BALL_KENT,2026-09-12T17:02:52.663647+00:00,2026-09-26T04:00:00+00:00,323.0,False,False,open_meteo,51.4,46.7,8.0,22.4,144.0,0.15,0.0,78.0,3.0
2026_CFB_W04_UNLV_AKR,2026-09-12T17:02:52.664004+00:00,2026-09-26T04:00:00+00:00,323.0,False,False,open_meteo,54.7,50.3,7.0,19.7,153.0,0.15,0.0,68.0,3.0
2026_CFB_W04_MASS_SAC,2026-09-12T17:02:52.664281+00:00,2026-09-26T04:00:00+00:00,323.0,False,False,open_meteo,80.6,75.7,6.1,14.5,188.0,0.02,0.0,24.0,0.0
2026_CFB_W04_JMU_ODU,2026-09-12T17:02:52.664546+00:00,2026-09-26T04:00:00+00:00,323.0,False,False,open_meteo,64.5,61.0,8.2,14.8,77.0,0.2,0.0,59.0,3.0
2026_CFB_W04_FCS2083_PITT,2026-09-12T17:02:52.664771+00:00,2026-09-26T16:00:00+00:00,335.0,False,False,open_meteo,64.3,61.8,5.4,8.9,171.0,0.01,0.0,52.0,3.0
2026_CFB_W04_TEX_TENN,2026-09-12T17:02:52.664994+00:00,2026-09-26T16:00:00+00:00,335.0,False,False,open_meteo,70.1,70.1,4.5,6.3,63.0,0.2,0.0,51.0,2.0
2026_CFB_W04_USA_UK,2026-09-12T17:02:52.665208+00:00,2026-09-26T16:45:00+00:00,335.7,False,False,open_meteo,69.0,66.2,8.3,11.9,180.0,0.06,0.0,52.0,3.0
2026_CFB_W04_FCS2815_EMU,2026-09-12T17:02:53.076845+00:00,2026-09-26T17:00:00+00:00,336.0,False,False,open_meteo,68.5,64.6,11.3,15.2,194.0,0.09,0.0,57.0,3.0
2026_CFB_W04_HAW_WYO,2026-09-12T17:02:53.077237+00:00,2026-09-26T19:00:00+00:00,338.0,False,False,open_meteo,73.7,61.3,22.2,26.8,261.0,0.07,0.0,16.0,0.0
2026_CFB_W04_UNM_NMSU,2026-09-12T17:02:53.481886+00:00,2026-09-26T19:30:00+00:00,338.5,False,False,open_meteo,88.1,87.2,8.3,6.7,186.0,0.14,0.0,25.0,0.0
2026_CFB_W04_FCS2523_BUF,2026-09-12T17:02:53.922462+00:00,2026-09-26T19:30:00+00:00,338.5,False,False,open_meteo,68.9,65.7,9.5,12.3,229.0,0.13,0.0,51.0,2.0
2026_CFB_W04_FCS284_OHIO,2026-09-12T17:02:53.922824+00:00,2026-09-26T19:30:00+00:00,338.5,False,False,open_meteo,71.5,70.4,4.5,5.8,186.0,0.04,0.0,49.0,3.0
2026_CFB_W04_FCS2729_DUKE,2026-09-12T17:02:53.923076+00:00,2026-09-26T19:30:00+00:00,338.5,False,False,open_meteo,75.8,75.4,4.1,4.3,103.0,0.21,0.0,38.0,2.0
2026_CFB_W04_FCS2241_MRSH,2026-09-12T17:02:53.923342+00:00,2026-09-26T19:30:00+00:00,338.5,False,False,open_meteo,77.1,77.8,1.4,2.9,198.0,0.07,0.0,37.0,3.0
2026_CFB_W04_FCS2428_ECU,2026-09-12T17:02:54.333466+00:00,2026-09-26T20:00:00+00:00,339.0,False,False,open_meteo,70.3,69.1,6.8,8.3,73.0,0.31,0.0,59.0,3.0
2026_CFB_W04_FCS2916_TXST,2026-09-12T17:02:54.333834+00:00,2026-09-26T22:00:00+00:00,341.0,False,False,open_meteo,95.1,91.6,9.2,10.3,122.0,0.14,0.0,23.0,0.0
2026_CFB_W04_FCS2341_FIU,2026-09-12T17:02:54.334143+00:00,2026-09-26T22:00:00+00:00,341.0,False,False,open_meteo,82.7,86.3,14.5,17.7,91.0,0.59,0.031,73.0,95.0
2026_CFB_W04_CMU_MIA,2026-09-12T17:02:54.334435+00:00,2026-09-26T22:30:00+00:00,341.5,False,False,open_meteo,81.4,84.8,15.0,20.8,87.0,0.59,0.043,76.0,95.0
2026_CFB_W04_KENN_ARST,2026-09-12T17:02:54.334677+00:00,2026-09-26T23:00:00+00:00,342.0,False,False,open_meteo,82.2,82.6,6.9,12.3,155.0,0.03,0.0,47.0,3.0
2026_CFB_W04_FCS2385_WKU,2026-09-12T17:02:54.741835+00:00,2026-09-26T23:00:00+00:00,342.0,False,False,open_meteo,72.7,73.0,7.0,14.3,173.0,0.03,0.0,63.0,3.0
2026_CFB_W04_MTSU_JXST,2026-09-12T17:02:54.742201+00:00,2026-09-26T23:00:00+00:00,342.0,False,False,open_meteo,71.3,72.0,4.9,17.4,120.0,0.19,0.0,64.0,3.0
2026_CFB_W04_TROY_USU,2026-09-12T17:02:55.148539+00:00,2026-09-26T23:30:00+00:00,342.5,False,False,open_meteo,80.5,72.2,6.8,11.6,238.0,0.15,0.0,10.0,0.0
2026_CFB_W04_FCS2277_UNT,2026-09-12T17:02:55.148908+00:00,2026-09-26T23:30:00+00:00,342.5,False,False,open_meteo,91.7,91.5,7.2,9.6,150.0,0.0,0.0,33.0,0.0
2026_CFB_W04_ARIZ_WSU,2026-09-12T17:02:55.149160+00:00,2026-09-26T23:30:00+00:00,342.5,False,False,open_meteo,66.0,58.2,12.1,12.1,274.0,0.0,0.0,37.0,3.0
2026_CFB_W04_TLSA_ARK,2026-09-12T17:02:55.149429+00:00,2026-09-27T00:00:00+00:00,343.0,False,False,open_meteo,79.0,79.8,8.3,19.0,174.0,0.03,0.0,57.0,1.0
2026_CFB_W04_ORST_UTEP,2026-09-12T17:02:55.149665+00:00,2026-09-27T01:00:00+00:00,344.0,False,False,open_meteo,89.3,86.6,2.9,4.7,81.0,0.12,0.0,21.0,1.0
2026_CFB_W04_RICE_FRES,2026-09-12T17:02:55.149887+00:00,2026-09-27T02:00:00+00:00,345.0,False,False,open_meteo,92.8,85.4,6.4,14.1,324.0,0.02,0.0,9.0,0.0
2026_CFB_W04_GT_STAN,2026-09-12T17:02:55.562152+00:00,2026-09-27T02:30:00+00:00,345.5,False,False,open_meteo,73.6,70.8,6.9,5.8,285.0,0.03,0.0,44.0,0.0
2026_CFB_W04_LIB_CCU,2026-09-12T20:03:48.543441+00:00,2026-09-24T23:30:00+00:00,291.4,False,False,open_meteo,82.1,87.0,1.8,12.5,187.0,0.5,0.0,57.0,2.0
2026_CFB_W04_ARMY_TEM,2026-09-12T20:03:48.543937+00:00,2026-09-25T20:00:00+00:00,311.9,False,False,open_meteo,75.5,69.8,11.8,21.5,280.0,0.24,0.0,36.0,0.0
2026_CFB_W04_NAVY_UAB,2026-09-12T20:03:49.531490+00:00,2026-09-25T23:00:00+00:00,314.9,False,False,open_meteo,79.7,79.0,5.6,9.2,16.0,0.2,0.0,43.0,0.0
2026_CFB_W04_FCS47_RUTG,2026-09-12T20:03:49.532120+00:00,2026-09-25T23:00:00+00:00,314.9,False,False,open_meteo,68.9,65.6,7.5,20.6,253.0,0.2,0.0,50.0,0.0
2026_CFB_W04_NU_IU,2026-09-12T20:03:49.532656+00:00,2026-09-26T00:00:00+00:00,315.9,False,False,open_meteo,69.7,71.9,4.3,3.8,223.0,0.06,0.0,75.0,0.0
2026_CFB_W04_CLEM_CAL,2026-09-12T20:03:49.533136+00:00,2026-09-26T02:30:00+00:00,318.4,False,False,open_meteo,66.2,64.1,6.7,11.0,250.0,0.0,0.0,61.0,0.0
2026_CFB_W04_WIS_PSU,2026-09-12T20:03:49.533605+00:00,2026-09-26T04:00:00+00:00,319.9,False,False,open_meteo,47.6,45.1,2.6,2.5,285.0,0.26,0.0,89.0,0.0
2026_CFB_W04_SC_ALA,2026-09-12T20:03:49.534104+00:00,2026-09-26T04:00:00+00:00,319.9,False,False,open_meteo,72.3,72.1,4.7,11.6,59.0,0.08,0.0,56.0,0.0
2026_CFB_W04_VAN_AUB,2026-09-12T20:03:49.534569+00:00,2026-09-26T04:00:00+00:00,319.9,False,False,open_meteo,69.0,67.4,6.0,11.6,51.0,0.21,0.0,57.0,0.0
2026_CFB_W04_MISS_FLA,2026-09-12T20:03:49.535053+00:00,2026-09-26T04:00:00+00:00,319.9,False,False,open_meteo,75.5,83.2,4.7,11.2,163.0,0.28,0.0,92.0,2.0
2026_CFB_W04_TAM_LSU,2026-09-12T20:03:49.535523+00:00,2026-09-26T04:00:00+00:00,319.9,False,False,open_meteo,79.5,82.6,5.4,12.8,120.0,0.15,0.0,61.0,1.0
2026_CFB_W04_MIZ_MSST,2026-09-12T20:03:50.490839+00:00,2026-09-26T04:00:00+00:00,319.9,False,False,open_meteo,68.2,66.6,4.9,6.5,93.0,0.06,0.0,55.0,0.0
2026_CFB_W04_SHSU_TTU,2026-09-12T20:03:50.491410+00:00,2026-09-26T04:00:00+00:00,319.9,False,False,open_meteo,78.0,74.0,7.4,10.5,205.0,0.23,0.0,33.0,0.0
2026_CFB_W04_OU_UGA,2026-09-12T20:03:51.463814+00:00,2026-09-26T04:00:00+00:00,319.9,False,False,open_meteo,67.9,68.1,4.1,4.5,41.0,0.18,0.0,66.0,0.0
2026_CFB_W04_HOU_GASO,2026-09-12T20:03:52.433978+00:00,2026-09-26T04:00:00+00:00,319.9,False,False,open_meteo,74.2,80.9,1.9,1.3,201.0,0.29,0.0,84.0,0.0
2026_CFB_W04_KSU_CIN,2026-09-12T20:03:52.434555+00:00,2026-09-26T04:00:00+00:00,319.9,False,False,open_meteo,65.0,66.2,3.4,3.6,157.0,0.12,0.0,78.0,0.0
2026_CFB_W04_UTAH_ISU,2026-09-12T20:03:52.435097+00:00,2026-09-26T04:00:00+00:00,319.9,False,False,open_meteo,70.5,68.6,13.7,36.7,145.0,0.12,0.0,73.0,0.0
2026_CFB_W04_OKST_WVU,2026-09-12T20:03:53.416649+00:00,2026-09-26T04:00:00+00:00,319.9,False,False,open_meteo,51.5,49.7,2.9,2.5,189.0,0.18,0.0,87.0,0.0
2026_CFB_W04_FCS2110_FSU,2026-09-12T20:03:54.397696+00:00,2026-09-26T04:00:00+00:00,319.9,False,False,open_meteo,78.1,83.6,0.8,1.3,124.0,0.2,0.0,66.0,0.0
2026_CFB_W04_DEL_UVA,2026-09-12T20:03:55.387555+00:00,2026-09-26T04:00:00+00:00,319.9,False,False,open_meteo,58.2,57.1,3.5,3.1,297.0,0.13,0.0,77.0,0.0
2026_CFB_W04_MOST_SMU,2026-09-12T20:03:55.388175+00:00,2026-09-26T04:00:00+00:00,319.9,False,False,open_meteo,87.6,82.3,11.4,24.2,138.0,0.02,0.0,26.0,0.0
2026_CFB_W04_VT_BC,2026-09-12T20:03:55.388702+00:00,2026-09-26T04:00:00+00:00,319.9,False,False,open_meteo,55.6,50.9,7.7,20.8,280.0,0.23,0.0,66.0,0.0
2026_CFB_W04_TCU_UCF,2026-09-12T20:03:55.389178+00:00,2026-09-26T04:00:00+00:00,319.9,False,False,open_meteo,77.0,86.1,2.0,5.1,117.0,0.38,0.0,89.0,3.0
2026_CFB_W04_COLO_BAY,2026-09-12T20:03:55.389665+00:00,2026-09-26T04:00:00+00:00,319.9,False,False,open_meteo,80.6,77.7,9.9,24.6,149.0,0.1,0.0,40.0,2.0
2026_CFB_W04_UCLA_MD,2026-09-12T20:03:55.390187+00:00,2026-09-26T04:00:00+00:00,319.9,False,False,open_meteo,64.5,62.1,4.4,17.9,315.0,0.11,0.0,55.0,0.0
2026_CFB_W04_IOWA_MICH,2026-09-12T20:03:55.390684+00:00,2026-09-26T04:00:00+00:00,319.9,False,False,open_meteo,53.2,49.5,5.5,5.1,305.0,0.16,0.0,73.0,0.0
2026_CFB_W04_NEB_MSU,2026-09-12T20:03:56.378734+00:00,2026-09-26T04:00:00+00:00,319.9,False,False,open_meteo,51.6,48.1,4.1,3.8,331.0,0.12,0.0,73.0,0.0
2026_CFB_W04_ND_PUR,2026-09-12T20:03:57.347159+00:00,2026-09-26T04:00:00+00:00,319.9,False,False,open_meteo,65.2,65.9,7.1,9.8,212.0,0.01,0.0,86.0,0.0
2026_CFB_W04_ORE_USC,2026-09-12T20:03:57.347745+00:00,2026-09-26T04:00:00+00:00,319.9,False,False,open_meteo,72.4,70.7,5.4,4.9,204.0,0.11,0.0,49.0,1.0
2026_CFB_W04_MINN_WASH,2026-09-12T20:03:57.348231+00:00,2026-09-26T04:00:00+00:00,319.9,False,False,open_meteo,54.3,48.2,15.0,34.2,182.0,0.11,0.083,87.0,61.0
2026_CFB_W04_SDSU_TOL,2026-09-12T20:03:57.348737+00:00,2026-09-26T04:00:00+00:00,319.9,False,False,open_meteo,63.2,61.6,2.4,2.9,326.0,0.02,0.0,57.0,1.0
2026_CFB_W04_BOIS_WMU,2026-09-12T20:03:57.349218+00:00,2026-09-26T04:00:00+00:00,319.9,False,False,open_meteo,56.3,52.8,4.5,4.3,81.0,0.08,0.0,63.0,0.0
2026_CFB_W04_CONN_MOH,2026-09-12T20:03:58.326608+00:00,2026-09-26T04:00:00+00:00,319.9,False,False,open_meteo,64.1,66.2,3.6,3.6,176.0,0.11,0.0,88.0,0.0
2026_CFB_W04_UL_CLT,2026-09-12T20:03:59.297027+00:00,2026-09-26T04:00:00+00:00,319.9,False,False,open_meteo,72.8,72.6,3.1,4.5,4.0,0.31,0.0,51.0,0.0
2026_CFB_W04_FAU_ULM,2026-09-12T20:03:59.297571+00:00,2026-09-26T04:00:00+00:00,319.9,False,False,open_meteo,73.4,71.1,6.0,8.1,68.0,0.04,0.0,45.0,1.0
2026_CFB_W04_USM_TULN,2026-09-12T20:03:59.298079+00:00,2026-09-26T04:00:00+00:00,319.9,False,False,open_meteo,82.2,87.0,7.4,12.3,134.0,0.09,0.0,66.0,1.0
2026_CFB_W04_USF_BGSU,2026-09-12T20:04:00.264956+00:00,2026-09-26T04:00:00+00:00,319.9,False,False,open_meteo,61.9,61.1,1.9,1.6,324.0,0.02,0.0,64.0,2.0
2026_CFB_W04_CSU_UTSA,2026-09-12T20:04:00.265314+00:00,2026-09-26T04:00:00+00:00,319.9,True,False,open_meteo,,,,,,,,,
2026_CFB_W04_WAKE_LOU,2026-09-12T20:04:00.265840+00:00,2026-09-26T04:00:00+00:00,319.9,False,False,open_meteo,70.8,74.8,0.2,0.4,90.0,0.1,0.0,73.0,0.0
2026_CFB_W04_ILL_OSU,2026-09-12T20:04:00.266318+00:00,2026-09-26T04:00:00+00:00,319.9,False,False,open_meteo,64.8,65.2,2.2,2.2,246.0,0.08,0.0,68.0,1.0
2026_CFB_W04_AF_NEV,2026-09-12T20:04:00.266811+00:00,2026-09-26T04:00:00+00:00,319.9,False,False,open_meteo,59.8,53.4,8.1,7.6,256.0,0.05,0.0,43.0,2.0
2026_CFB_W04_NIU_GAST,2026-09-12T20:04:01.254113+00:00,2026-09-26T04:00:00+00:00,319.9,False,False,open_meteo,73.9,74.1,3.6,2.5,86.0,0.17,0.0,52.0,0.0
2026_CFB_W04_APP_NCSU,2026-09-12T20:04:02.247531+00:00,2026-09-26T04:00:00+00:00,319.9,False,False,open_meteo,69.3,68.2,4.2,4.3,306.0,0.19,0.0,54.0,0.0
2026_CFB_W04_BALL_KENT,2026-09-12T20:04:03.258801+00:00,2026-09-26T04:00:00+00:00,319.9,False,False,open_meteo,51.0,49.6,0.7,1.8,360.0,0.15,0.0,82.0,0.0
2026_CFB_W04_UNLV_AKR,2026-09-12T20:04:04.248149+00:00,2026-09-26T04:00:00+00:00,319.9,False,False,open_meteo,56.0,54.2,2.2,2.9,270.0,0.15,0.0,71.0,0.0
2026_CFB_W04_MASS_SAC,2026-09-12T20:04:04.248743+00:00,2026-09-26T04:00:00+00:00,319.9,False,False,open_meteo,70.0,66.7,7.3,17.2,230.0,0.1,0.0,48.0,0.0
2026_CFB_W04_JMU_ODU,2026-09-12T20:04:04.249226+00:00,2026-09-26T04:00:00+00:00,319.9,False,False,open_meteo,70.1,70.7,3.6,4.3,227.0,0.24,0.0,62.0,0.0
2026_CFB_W04_FCS2083_PITT,2026-09-12T20:04:04.249727+00:00,2026-09-26T16:00:00+00:00,331.9,False,False,open_meteo,68.8,69.5,4.0,6.9,236.0,0.14,0.0,56.0,1.0
2026_CFB_W04_TEX_TENN,2026-09-12T20:04:04.250186+00:00,2026-09-26T16:00:00+00:00,331.9,False,False,open_meteo,78.9,80.6,3.5,5.1,55.0,0.08,0.0,44.0,0.0
2026_CFB_W04_USA_UK,2026-09-12T20:04:05.241378+00:00,2026-09-26T16:45:00+00:00,332.7,False,False,open_meteo,77.8,80.2,5.4,5.4,138.0,0.02,0.0,56.0,0.0
2026_CFB_W04_FCS2815_EMU,2026-09-12T20:04:06.236953+00:00,2026-09-26T17:00:00+00:00,332.9,False,False,open_meteo,73.0,74.3,6.4,9.2,205.0,0.07,0.0,60.0,0.0
2026_CFB_W04_HAW_WYO,2026-09-12T20:04:06.237503+00:00,2026-09-26T19:00:00+00:00,334.9,False,False,open_meteo,69.8,56.8,24.2,32.9,259.0,0.07,0.0,21.0,1.0
2026_CFB_W04_UNM_NMSU,2026-09-12T20:04:07.235162+00:00,2026-09-26T19:30:00+00:00,335.4,False,False,open_meteo,87.2,83.8,11.7,9.8,140.0,0.12,0.0,23.0,0.0
2026_CFB_W04_FCS2523_BUF,2026-09-12T20:04:08.237057+00:00,2026-09-26T19:30:00+00:00,335.4,False,False,open_meteo,68.0,66.2,4.2,6.0,288.0,0.23,0.0,44.0,0.0
2026_CFB_W04_FCS284_OHIO,2026-09-12T20:04:08.237609+00:00,2026-09-26T19:30:00+00:00,335.4,False,False,open_meteo,81.0,85.3,3.7,4.9,232.0,0.14,0.0,52.0,0.0
2026_CFB_W04_FCS2729_DUKE,2026-09-12T20:04:08.238123+00:00,2026-09-26T19:30:00+00:00,335.4,False,False,open_meteo,82.3,82.9,5.0,6.5,27.0,0.06,0.0,35.0,0.0
2026_CFB_W04_FCS2241_MRSH,2026-09-12T20:04:08.238591+00:00,2026-09-26T19:30:00+00:00,335.4,False,False,open_meteo,84.8,89.9,0.8,1.6,56.0,0.07,0.0,43.0,0.0
2026_CFB_W04_FCS2428_ECU,2026-09-12T20:04:09.237575+00:00,2026-09-26T20:00:00+00:00,335.9,False,False,open_meteo,81.3,79.6,8.3,7.2,14.0,0.2,0.0,38.0,0.0
2026_CFB_W04_FCS2916_TXST,2026-09-12T20:04:09.238165+00:00,2026-09-26T22:00:00+00:00,337.9,False,False,open_meteo,89.6,91.4,11.9,15.2,110.0,0.05,0.0,49.0,3.0
2026_CFB_W04_FCS2341_FIU,2026-09-12T20:04:09.238676+00:00,2026-09-26T22:00:00+00:00,337.9,False,False,open_meteo,88.8,91.0,13.6,15.2,76.0,0.57,0.0,54.0,3.0
2026_CFB_W04_CMU_MIA,2026-09-12T20:04:09.239149+00:00,2026-09-26T22:30:00+00:00,338.4,False,False,open_meteo,88.3,90.8,13.7,15.4,68.0,0.57,0.0,56.0,1.0
2026_CFB_W04_KENN_ARST,2026-09-12T20:04:09.239610+00:00,2026-09-26T23:00:00+00:00,338.9,False,False,open_meteo,82.9,80.2,6.0,6.0,132.0,0.06,0.0,31.0,0.0
2026_CFB_W04_FCS2385_WKU,2026-09-12T20:04:10.222595+00:00,2026-09-26T23:00:00+00:00,338.9,False,False,open_meteo,76.3,78.4,4.0,4.7,153.0,0.14,0.0,59.0,0.0
2026_CFB_W04_MTSU_JXST,2026-09-12T20:04:10.223177+00:00,2026-09-26T23:00:00+00:00,338.9,False,False,open_meteo,78.8,79.5,4.8,4.9,118.0,0.17,0.0,49.0,0.0
2026_CFB_W04_TROY_USU,2026-09-12T20:04:11.209538+00:00,2026-09-26T23:30:00+00:00,339.4,False,False,open_meteo,73.1,64.6,12.6,18.3,258.0,0.04,0.0,26.0,1.0
2026_CFB_W04_FCS2277_UNT,2026-09-12T20:04:11.210122+00:00,2026-09-26T23:30:00+00:00,339.4,False,False,open_meteo,91.2,87.8,6.1,6.5,126.0,0.03,0.0,22.0,0.0
2026_CFB_W04_ARIZ_WSU,2026-09-12T20:04:11.210613+00:00,2026-09-26T23:30:00+00:00,339.4,False,False,open_meteo,62.1,50.8,23.0,38.3,246.0,0.03,0.004,51.0,51.0
2026_CFB_W04_TLSA_ARK,2026-09-12T20:04:11.211108+00:00,2026-09-27T00:00:00+00:00,339.9,False,False,open_meteo,80.2,77.4,7.9,14.3,133.0,0.13,0.0,37.0,1.0
2026_CFB_W04_ORST_UTEP,2026-09-12T20:04:11.211579+00:00,2026-09-27T01:00:00+00:00,340.9,False,False,open_meteo,89.7,84.6,8.0,8.9,153.0,0.05,0.0,20.0,0.0
2026_CFB_W04_RICE_FRES,2026-09-12T20:04:11.212073+00:00,2026-09-27T02:00:00+00:00,341.9,False,False,open_meteo,83.6,78.8,5.9,11.6,323.0,0.0,0.0,22.0,0.0
2026_CFB_W04_GT_STAN,2026-09-12T20:04:12.198401+00:00,2026-09-27T02:30:00+00:00,342.4,False,False,open_meteo,70.8,68.3,5.6,7.4,286.0,0.01,0.0,47.0,0.0
2026_CFB_W04_LIB_CCU,2026-09-12T23:02:33.970562+00:00,2026-09-24T23:30:00+00:00,288.5,False,False,open_meteo,82.1,87.0,1.8,12.5,187.0,0.5,0.0,57.0,2.0
2026_CFB_W04_ARMY_TEM,2026-09-12T23:02:33.970747+00:00,2026-09-25T20:00:00+00:00,309.0,False,False,open_meteo,75.5,69.8,11.8,21.5,280.0,0.24,0.0,36.0,0.0
2026_CFB_W04_NAVY_UAB,2026-09-12T23:02:34.443629+00:00,2026-09-25T23:00:00+00:00,312.0,False,False,open_meteo,79.7,79.0,5.6,9.2,16.0,0.2,0.0,43.0,0.0
2026_CFB_W04_FCS47_RUTG,2026-09-12T23:02:34.443930+00:00,2026-09-25T23:00:00+00:00,312.0,False,False,open_meteo,68.9,65.6,7.5,20.6,253.0,0.2,0.0,50.0,0.0
2026_CFB_W04_NU_IU,2026-09-12T23:02:34.444135+00:00,2026-09-26T00:00:00+00:00,313.0,False,False,open_meteo,69.7,71.9,4.3,3.8,223.0,0.06,0.0,75.0,0.0
2026_CFB_W04_CLEM_CAL,2026-09-12T23:02:34.444326+00:00,2026-09-26T02:30:00+00:00,315.5,False,False,open_meteo,66.2,64.1,6.7,11.0,250.0,0.0,0.0,61.0,0.0
2026_CFB_W04_WIS_PSU,2026-09-12T23:02:34.444508+00:00,2026-09-26T04:00:00+00:00,317.0,False,False,open_meteo,47.6,45.1,2.6,2.5,285.0,0.26,0.0,89.0,0.0
2026_CFB_W04_SC_ALA,2026-09-12T23:02:34.444713+00:00,2026-09-26T04:00:00+00:00,317.0,False,False,open_meteo,72.3,72.1,4.7,11.6,59.0,0.08,0.0,56.0,0.0
2026_CFB_W04_VAN_AUB,2026-09-12T23:02:34.444895+00:00,2026-09-26T04:00:00+00:00,317.0,False,False,open_meteo,69.0,67.4,6.0,11.6,51.0,0.21,0.0,57.0,0.0
2026_CFB_W04_MISS_FLA,2026-09-12T23:02:34.917950+00:00,2026-09-26T04:00:00+00:00,317.0,False,False,open_meteo,75.5,83.2,4.7,11.2,163.0,0.28,0.0,92.0,2.0
2026_CFB_W04_TAM_LSU,2026-09-12T23:02:34.918255+00:00,2026-09-26T04:00:00+00:00,317.0,False,False,open_meteo,79.5,82.6,5.4,12.8,120.0,0.15,0.0,61.0,1.0
2026_CFB_W04_MIZ_MSST,2026-09-12T23:02:35.391579+00:00,2026-09-26T04:00:00+00:00,317.0,False,False,open_meteo,68.2,66.6,4.9,6.5,93.0,0.06,0.0,55.0,0.0
2026_CFB_W04_SHSU_TTU,2026-09-12T23:02:35.391885+00:00,2026-09-26T04:00:00+00:00,317.0,False,False,open_meteo,78.0,74.0,7.4,10.5,205.0,0.23,0.0,33.0,0.0
2026_CFB_W04_OU_UGA,2026-09-12T23:02:35.864897+00:00,2026-09-26T04:00:00+00:00,317.0,False,False,open_meteo,67.9,68.1,4.1,4.5,41.0,0.18,0.0,66.0,0.0
2026_CFB_W04_HOU_GASO,2026-09-12T23:02:36.336016+00:00,2026-09-26T04:00:00+00:00,317.0,False,False,open_meteo,74.2,80.9,1.9,1.3,201.0,0.29,0.0,84.0,0.0
2026_CFB_W04_KSU_CIN,2026-09-12T23:02:36.336320+00:00,2026-09-26T04:00:00+00:00,317.0,False,False,open_meteo,65.0,66.2,3.4,3.6,157.0,0.12,0.0,78.0,0.0
2026_CFB_W04_UTAH_ISU,2026-09-12T23:02:36.336541+00:00,2026-09-26T04:00:00+00:00,317.0,False,False,open_meteo,70.5,68.6,13.7,36.7,145.0,0.12,0.0,73.0,0.0
2026_CFB_W04_OKST_WVU,2026-09-12T23:02:36.811726+00:00,2026-09-26T04:00:00+00:00,317.0,False,False,open_meteo,51.5,49.7,2.9,2.5,189.0,0.18,0.0,87.0,0.0
2026_CFB_W04_FCS2110_FSU,2026-09-12T23:02:37.284403+00:00,2026-09-26T04:00:00+00:00,317.0,False,False,open_meteo,78.1,83.6,0.8,1.3,124.0,0.2,0.0,66.0,0.0
2026_CFB_W04_DEL_UVA,2026-09-12T23:02:37.756068+00:00,2026-09-26T04:00:00+00:00,317.0,False,False,open_meteo,58.2,57.1,3.5,3.1,297.0,0.13,0.0,77.0,0.0
2026_CFB_W04_MOST_SMU,2026-09-12T23:02:38.228316+00:00,2026-09-26T04:00:00+00:00,317.0,False,False,open_meteo,87.6,82.3,11.4,24.2,138.0,0.02,0.0,26.0,0.0
2026_CFB_W04_VT_BC,2026-09-12T23:02:38.228633+00:00,2026-09-26T04:00:00+00:00,317.0,False,False,open_meteo,55.6,50.9,7.7,20.8,280.0,0.23,0.0,66.0,0.0
2026_CFB_W04_TCU_UCF,2026-09-12T23:02:38.228842+00:00,2026-09-26T04:00:00+00:00,317.0,False,False,open_meteo,77.0,86.1,2.0,5.1,117.0,0.38,0.0,89.0,3.0
2026_CFB_W04_COLO_BAY,2026-09-12T23:02:38.229039+00:00,2026-09-26T04:00:00+00:00,317.0,False,False,open_meteo,80.6,77.7,9.9,24.6,149.0,0.1,0.0,40.0,2.0
2026_CFB_W04_UCLA_MD,2026-09-12T23:02:38.229219+00:00,2026-09-26T04:00:00+00:00,317.0,False,False,open_meteo,64.5,62.1,4.4,17.9,315.0,0.11,0.0,55.0,0.0
2026_CFB_W04_IOWA_MICH,2026-09-12T23:02:38.229397+00:00,2026-09-26T04:00:00+00:00,317.0,False,False,open_meteo,53.2,49.5,5.5,5.1,305.0,0.16,0.0,73.0,0.0
2026_CFB_W04_NEB_MSU,2026-09-12T23:02:38.703643+00:00,2026-09-26T04:00:00+00:00,317.0,False,False,open_meteo,51.6,48.1,4.1,3.8,331.0,0.12,0.0,73.0,0.0
2026_CFB_W04_ND_PUR,2026-09-12T23:02:39.178725+00:00,2026-09-26T04:00:00+00:00,317.0,False,False,open_meteo,65.2,65.9,7.1,9.8,212.0,0.01,0.0,86.0,0.0
2026_CFB_W04_ORE_USC,2026-09-12T23:02:39.179028+00:00,2026-09-26T04:00:00+00:00,317.0,False,False,open_meteo,72.4,70.7,5.4,4.9,204.0,0.11,0.0,49.0,1.0
2026_CFB_W04_MINN_WASH,2026-09-12T23:02:39.179232+00:00,2026-09-26T04:00:00+00:00,317.0,False,False,open_meteo,54.3,48.2,15.0,34.2,182.0,0.11,0.083,87.0,61.0
2026_CFB_W04_SDSU_TOL,2026-09-12T23:02:39.179423+00:00,2026-09-26T04:00:00+00:00,317.0,False,False,open_meteo,63.2,61.6,2.4,2.9,326.0,0.02,0.0,57.0,1.0
2026_CFB_W04_BOIS_WMU,2026-09-12T23:02:39.653406+00:00,2026-09-26T04:00:00+00:00,317.0,False,False,open_meteo,56.3,52.8,4.5,4.3,81.0,0.08,0.0,63.0,0.0
2026_CFB_W04_CONN_MOH,2026-09-12T23:02:40.136051+00:00,2026-09-26T04:00:00+00:00,317.0,False,False,open_meteo,64.1,66.2,3.6,3.6,176.0,0.11,0.0,88.0,0.0
2026_CFB_W04_UL_CLT,2026-09-12T23:02:40.615645+00:00,2026-09-26T04:00:00+00:00,317.0,False,False,open_meteo,72.8,72.6,3.1,4.5,4.0,0.31,0.0,51.0,0.0
2026_CFB_W04_FAU_ULM,2026-09-12T23:02:40.615954+00:00,2026-09-26T04:00:00+00:00,317.0,False,False,open_meteo,73.4,71.1,6.0,8.1,68.0,0.04,0.0,45.0,1.0
2026_CFB_W04_USM_TULN,2026-09-12T23:02:40.616158+00:00,2026-09-26T04:00:00+00:00,317.0,False,False,open_meteo,82.2,87.0,7.4,12.3,134.0,0.09,0.0,66.0,1.0
2026_CFB_W04_USF_BGSU,2026-09-12T23:02:41.098288+00:00,2026-09-26T04:00:00+00:00,317.0,False,False,open_meteo,61.9,61.1,1.9,1.6,324.0,0.02,0.0,64.0,2.0
2026_CFB_W04_CSU_UTSA,2026-09-12T23:02:41.098604+00:00,2026-09-26T04:00:00+00:00,317.0,True,False,open_meteo,,,,,,,,,
2026_CFB_W04_WAKE_LOU,2026-09-12T23:02:41.098960+00:00,2026-09-26T04:00:00+00:00,317.0,False,False,open_meteo,70.8,74.8,0.2,0.4,90.0,0.1,0.0,73.0,0.0
2026_CFB_W04_ILL_OSU,2026-09-12T23:02:41.099286+00:00,2026-09-26T04:00:00+00:00,317.0,False,False,open_meteo,64.8,65.2,2.2,2.2,246.0,0.08,0.0,68.0,1.0
2026_CFB_W04_AF_NEV,2026-09-12T23:02:41.099597+00:00,2026-09-26T04:00:00+00:00,317.0,False,False,open_meteo,59.8,53.4,8.1,7.6,256.0,0.05,0.0,43.0,2.0
2026_CFB_W04_NIU_GAST,2026-09-12T23:02:41.581740+00:00,2026-09-26T04:00:00+00:00,317.0,False,False,open_meteo,73.9,74.1,3.6,2.5,86.0,0.17,0.0,52.0,0.0
2026_CFB_W04_APP_NCSU,2026-09-12T23:02:42.057581+00:00,2026-09-26T04:00:00+00:00,317.0,False,False,open_meteo,69.3,68.2,4.2,4.3,306.0,0.19,0.0,54.0,0.0
2026_CFB_W04_BALL_KENT,2026-09-12T23:02:42.534397+00:00,2026-09-26T04:00:00+00:00,317.0,False,False,open_meteo,51.0,49.6,0.7,1.8,360.0,0.15,0.0,82.0,0.0
2026_CFB_W04_UNLV_AKR,2026-09-12T23:02:43.016102+00:00,2026-09-26T04:00:00+00:00,317.0,False,False,open_meteo,56.0,54.2,2.2,2.9,270.0,0.15,0.0,71.0,0.0
2026_CFB_W04_MASS_SAC,2026-09-12T23:02:43.016410+00:00,2026-09-26T04:00:00+00:00,317.0,False,False,open_meteo,70.0,66.7,7.3,17.2,230.0,0.1,0.0,48.0,0.0
2026_CFB_W04_JMU_ODU,2026-09-12T23:02:43.016643+00:00,2026-09-26T04:00:00+00:00,317.0,False,False,open_meteo,70.1,70.7,3.6,4.3,227.0,0.24,0.0,62.0,0.0
2026_CFB_W04_FCS2083_PITT,2026-09-12T23:02:43.016843+00:00,2026-09-26T16:00:00+00:00,329.0,False,False,open_meteo,68.8,69.5,4.0,6.9,236.0,0.14,0.0,56.0,1.0
2026_CFB_W04_TEX_TENN,2026-09-12T23:02:43.017023+00:00,2026-09-26T16:00:00+00:00,329.0,False,False,open_meteo,78.9,80.6,3.5,5.1,55.0,0.08,0.0,44.0,0.0
2026_CFB_W04_USA_UK,2026-09-12T23:02:43.500427+00:00,2026-09-26T16:45:00+00:00,329.7,False,False,open_meteo,77.8,80.2,5.4,5.4,138.0,0.02,0.0,56.0,0.0
2026_CFB_W04_FCS2815_EMU,2026-09-12T23:02:43.983175+00:00,2026-09-26T17:00:00+00:00,330.0,False,False,open_meteo,73.0,74.3,6.4,9.2,205.0,0.07,0.0,60.0,0.0
2026_CFB_W04_HAW_WYO,2026-09-12T23:02:44.462783+00:00,2026-09-26T19:00:00+00:00,332.0,False,False,open_meteo,69.8,56.8,24.2,32.9,259.0,0.07,0.0,21.0,1.0
2026_CFB_W04_UNM_NMSU,2026-09-12T23:02:44.942087+00:00,2026-09-26T19:30:00+00:00,332.5,False,False,open_meteo,87.2,83.8,11.7,9.8,140.0,0.12,0.0,23.0,0.0
2026_CFB_W04_FCS2523_BUF,2026-09-12T23:02:45.439627+00:00,2026-09-26T19:30:00+00:00,332.5,False,False,open_meteo,68.0,66.2,4.2,6.0,288.0,0.23,0.0,44.0,0.0
2026_CFB_W04_FCS284_OHIO,2026-09-12T23:02:45.919386+00:00,2026-09-26T19:30:00+00:00,332.5,False,False,open_meteo,81.0,85.3,3.7,4.9,232.0,0.14,0.0,52.0,0.0
2026_CFB_W04_FCS2729_DUKE,2026-09-12T23:02:45.919730+00:00,2026-09-26T19:30:00+00:00,332.5,False,False,open_meteo,82.3,82.9,5.0,6.5,27.0,0.06,0.0,35.0,0.0
2026_CFB_W04_FCS2241_MRSH,2026-09-12T23:02:45.919952+00:00,2026-09-26T19:30:00+00:00,332.5,False,False,open_meteo,84.8,89.9,0.8,1.6,56.0,0.07,0.0,43.0,0.0
2026_CFB_W04_FCS2428_ECU,2026-09-12T23:02:46.399068+00:00,2026-09-26T20:00:00+00:00,333.0,False,False,open_meteo,81.3,79.6,8.3,7.2,14.0,0.2,0.0,38.0,0.0
2026_CFB_W04_FCS2916_TXST,2026-09-12T23:02:46.399376+00:00,2026-09-26T22:00:00+00:00,335.0,False,False,open_meteo,89.6,91.4,11.9,15.2,110.0,0.05,0.0,49.0,3.0
2026_CFB_W04_FCS2341_FIU,2026-09-12T23:02:46.875287+00:00,2026-09-26T22:00:00+00:00,335.0,False,False,open_meteo,88.8,91.0,13.6,15.2,76.0,0.57,0.0,54.0,3.0
2026_CFB_W04_CMU_MIA,2026-09-12T23:02:46.875616+00:00,2026-09-26T22:30:00+00:00,335.5,False,False,open_meteo,88.3,90.8,13.7,15.4,68.0,0.57,0.0,56.0,1.0
2026_CFB_W04_KENN_ARST,2026-09-12T23:02:46.875835+00:00,2026-09-26T23:00:00+00:00,336.0,False,False,open_meteo,82.9,80.2,6.0,6.0,132.0,0.06,0.0,31.0,0.0
2026_CFB_W04_FCS2385_WKU,2026-09-12T23:02:47.354846+00:00,2026-09-26T23:00:00+00:00,336.0,False,False,open_meteo,76.3,78.4,4.0,4.7,153.0,0.14,0.0,59.0,0.0
2026_CFB_W04_MTSU_JXST,2026-09-12T23:02:47.355148+00:00,2026-09-26T23:00:00+00:00,336.0,False,False,open_meteo,78.8,79.5,4.8,4.9,118.0,0.17,0.0,49.0,0.0
2026_CFB_W04_TROY_USU,2026-09-12T23:02:47.833959+00:00,2026-09-26T23:30:00+00:00,336.5,False,False,open_meteo,73.1,64.6,12.6,18.3,258.0,0.04,0.0,26.0,1.0
2026_CFB_W04_FCS2277_UNT,2026-09-12T23:02:48.313792+00:00,2026-09-26T23:30:00+00:00,336.5,False,False,open_meteo,91.2,87.8,6.1,6.5,126.0,0.03,0.0,22.0,0.0
2026_CFB_W04_ARIZ_WSU,2026-09-12T23:02:48.314130+00:00,2026-09-26T23:30:00+00:00,336.5,False,False,open_meteo,62.1,50.8,23.0,38.3,246.0,0.03,0.004,51.0,51.0
2026_CFB_W04_TLSA_ARK,2026-09-12T23:02:48.314341+00:00,2026-09-27T00:00:00+00:00,337.0,False,False,open_meteo,80.2,77.4,7.9,14.3,133.0,0.13,0.0,37.0,1.0
2026_CFB_W04_ORST_UTEP,2026-09-12T23:02:48.314538+00:00,2026-09-27T01:00:00+00:00,338.0,False,False,open_meteo,89.7,84.6,8.0,8.9,153.0,0.05,0.0,20.0,0.0
2026_CFB_W04_RICE_FRES,2026-09-12T23:02:48.314728+00:00,2026-09-27T02:00:00+00:00,339.0,False,False,open_meteo,83.6,78.8,5.9,11.6,323.0,0.0,0.0,22.0,0.0
2026_CFB_W04_GT_STAN,2026-09-12T23:02:48.790924+00:00,2026-09-27T02:30:00+00:00,339.5,False,False,open_meteo,70.8,68.3,5.6,7.4,286.0,0.01,0.0,47.0,0.0
2026_CFB_W04_LIB_CCU,2026-09-14T17:03:28.763938+00:00,2026-09-24T23:30:00+00:00,246.4,False,False,open_meteo,70.6,77.2,3.2,5.6,51.0,0.27,0.055,97.0,80.0
2026_CFB_W04_ARMY_TEM,2026-09-14T17:03:29.398660+00:00,2026-09-25T20:00:00+00:00,266.9,False,False,open_meteo,75.2,80.3,6.2,15.7,131.0,0.07,0.008,83.0,51.0
2026_CFB_W04_NAVY_UAB,2026-09-14T17:03:30.032009+00:00,2026-09-25T23:00:00+00:00,269.9,False,False,open_meteo,73.9,72.3,5.7,11.2,351.0,0.13,0.0,47.0,0.0
2026_CFB_W04_FCS47_RUTG,2026-09-14T17:03:30.032418+00:00,2026-09-25T23:00:00+00:00,269.9,False,False,open_meteo,71.6,76.7,5.3,14.8,112.0,0.1,0.0,91.0,3.0
2026_CFB_W04_NU_IU,2026-09-14T17:03:30.032740+00:00,2026-09-26T00:00:00+00:00,270.9,False,False,open_meteo,61.4,63.0,4.7,7.8,301.0,0.16,0.0,96.0,2.0
2026_CFB_W04_CLEM_CAL,2026-09-14T17:03:30.033076+00:00,2026-09-26T02:30:00+00:00,273.4,False,False,open_meteo,66.1,64.8,6.0,10.7,219.0,0.02,0.0,65.0,0.0
2026_CFB_W04_WIS_PSU,2026-09-14T17:03:30.033388+00:00,2026-09-26T04:00:00+00:00,274.9,False,False,open_meteo,65.5,67.8,7.1,17.9,198.0,0.05,0.008,96.0,51.0
2026_CFB_W04_SC_ALA,2026-09-14T17:03:30.033691+00:00,2026-09-26T04:00:00+00:00,274.9,False,False,open_meteo,67.0,66.1,4.3,10.1,39.0,0.1,0.0,61.0,0.0
2026_CFB_W04_VAN_AUB,2026-09-14T17:03:30.034012+00:00,2026-09-26T04:00:00+00:00,274.9,False,False,open_meteo,62.9,61.0,6.4,19.5,12.0,0.15,0.0,69.0,0.0
2026_CFB_W04_MISS_FLA,2026-09-14T17:03:30.669380+00:00,2026-09-26T04:00:00+00:00,274.9,False,False,open_meteo,78.4,88.0,0.4,0.9,360.0,0.3,0.0,84.0,3.0
2026_CFB_W04_TAM_LSU,2026-09-14T17:03:31.305723+00:00,2026-09-26T04:00:00+00:00,274.9,False,False,open_meteo,76.0,74.4,5.4,12.3,60.0,0.22,0.0,44.0,0.0
2026_CFB_W04_MIZ_MSST,2026-09-14T17:03:32.480004+00:00,2026-09-26T04:00:00+00:00,274.9,False,False,open_meteo,63.5,62.0,4.3,4.3,28.0,0.11,0.0,64.0,0.0
2026_CFB_W04_SHSU_TTU,2026-09-14T17:03:32.480410+00:00,2026-09-26T04:00:00+00:00,274.9,False,False,open_meteo,78.4,73.5,9.6,15.9,176.0,0.36,0.0,33.0,0.0
2026_CFB_W04_OU_UGA,2026-09-14T17:03:33.113897+00:00,2026-09-26T04:00:00+00:00,274.9,False,False,open_meteo,61.6,60.1,5.0,12.1,306.0,0.18,0.0,70.0,0.0
2026_CFB_W04_HOU_GASO,2026-09-14T17:03:33.749968+00:00,2026-09-26T04:00:00+00:00,274.9,False,False,open_meteo,75.3,83.3,1.7,1.8,130.0,0.17,0.0,88.0,3.0
2026_CFB_W04_KSU_CIN,2026-09-14T17:03:34.385241+00:00,2026-09-26T04:00:00+00:00,274.9,False,False,open_meteo,60.9,62.0,3.3,7.6,254.0,0.09,0.0,89.0,2.0
2026_CFB_W04_UTAH_ISU,2026-09-14T17:03:34.385650+00:00,2026-09-26T04:00:00+00:00,274.9,False,False,open_meteo,58.5,56.9,6.0,6.7,135.0,0.11,0.0,82.0,2.0
2026_CFB_W04_OKST_WVU,2026-09-14T17:03:35.016281+00:00,2026-09-26T04:00:00+00:00,274.9,False,False,open_meteo,53.5,52.5,4.7,11.9,180.0,0.06,0.0,99.0,0.0
2026_CFB_W04_FCS2110_FSU,2026-09-14T17:03:35.650739+00:00,2026-09-26T04:00:00+00:00,274.9,False,False,open_meteo,75.9,85.1,2.5,2.9,117.0,0.17,0.0,94.0,3.0
2026_CFB_W04_DEL_UVA,2026-09-14T17:03:36.304073+00:00,2026-09-26T04:00:00+00:00,274.9,False,False,open_meteo,62.0,64.7,2.6,1.8,285.0,0.05,0.0,96.0,3.0
2026_CFB_W04_MOST_SMU,2026-09-14T17:03:36.942395+00:00,2026-09-26T04:00:00+00:00,274.9,False,False,open_meteo,85.7,80.5,6.0,12.3,112.0,0.17,0.0,19.0,0.0
2026_CFB_W04_VT_BC,2026-09-14T17:03:36.942803+00:00,2026-09-26T04:00:00+00:00,274.9,False,False,open_meteo,61.1,62.4,5.8,17.2,54.0,0.1,0.0,99.0,45.0
2026_CFB_W04_TCU_UCF,2026-09-14T17:03:36.943148+00:00,2026-09-26T04:00:00+00:00,274.9,False,False,open_meteo,79.1,85.7,7.4,18.6,131.0,0.44,0.0,82.0,1.0
2026_CFB_W04_COLO_BAY,2026-09-14T17:03:36.943461+00:00,2026-09-26T04:00:00+00:00,274.9,False,False,open_meteo,76.9,71.1,6.4,5.8,119.0,0.12,0.0,23.0,0.0
2026_CFB_W04_UCLA_MD,2026-09-14T17:03:36.943767+00:00,2026-09-26T04:00:00+00:00,274.9,False,False,open_meteo,70.6,76.0,5.5,17.7,194.0,0.06,0.004,96.0,51.0
2026_CFB_W04_IOWA_MICH,2026-09-14T17:03:36.944082+00:00,2026-09-26T04:00:00+00:00,274.9,False,False,open_meteo,62.5,64.5,5.6,14.1,337.0,0.15,0.02,99.0,53.0
2026_CFB_W04_NEB_MSU,2026-09-14T17:03:37.577508+00:00,2026-09-26T04:00:00+00:00,274.9,False,False,open_meteo,62.8,62.2,10.7,25.1,12.0,0.14,0.012,95.0,51.0
2026_CFB_W04_ND_PUR,2026-09-14T17:03:38.210135+00:00,2026-09-26T04:00:00+00:00,274.9,False,False,open_meteo,63.0,64.3,7.2,19.5,324.0,0.17,0.0,97.0,3.0
2026_CFB_W04_ORE_USC,2026-09-14T17:03:38.847160+00:00,2026-09-26T04:00:00+00:00,274.9,False,False,open_meteo,71.9,73.7,5.6,4.0,214.0,0.01,0.0,71.0,1.0
2026_CFB_W04_MINN_WASH,2026-09-14T17:03:38.847561+00:00,2026-09-26T04:00:00+00:00,274.9,False,False,open_meteo,52.6,47.0,6.0,8.7,34.0,0.1,0.0,54.0,0.0
2026_CFB_W04_SDSU_TOL,2026-09-14T17:03:38.847909+00:00,2026-09-26T04:00:00+00:00,274.9,False,False,open_meteo,65.0,68.1,2.6,6.7,329.0,0.12,0.0,90.0,3.0
2026_CFB_W04_BOIS_WMU,2026-09-14T17:03:39.481751+00:00,2026-09-26T04:00:00+00:00,274.9,False,False,open_meteo,62.9,63.4,8.9,21.0,12.0,0.14,0.0,97.0,3.0
2026_CFB_W04_CONN_MOH,2026-09-14T17:03:40.126546+00:00,2026-09-26T04:00:00+00:00,274.9,False,False,open_meteo,61.1,62.0,5.8,9.6,274.0,0.07,0.0,95.0,2.0
2026_CFB_W04_UL_CLT,2026-09-14T17:03:40.767458+00:00,2026-09-26T04:00:00+00:00,274.9,False,False,open_meteo,68.3,67.0,5.4,9.8,358.0,0.14,0.0,58.0,3.0
2026_CFB_W04_FAU_ULM,2026-09-14T17:03:40.767880+00:00,2026-09-26T04:00:00+00:00,274.9,False,False,open_meteo,69.1,66.2,6.3,12.5,63.0,0.1,0.0,49.0,0.0
2026_CFB_W04_USM_TULN,2026-09-14T17:03:41.405329+00:00,2026-09-26T04:00:00+00:00,274.9,False,False,open_meteo,80.0,79.7,7.0,15.4,45.0,0.18,0.0,47.0,0.0
2026_CFB_W04_USF_BGSU,2026-09-14T17:03:42.042576+00:00,2026-09-26T04:00:00+00:00,274.9,False,False,open_meteo,61.3,63.3,3.3,4.7,290.0,0.12,0.0,95.0,3.0
2026_CFB_W04_CSU_UTSA,2026-09-14T17:03:42.042839+00:00,2026-09-26T04:00:00+00:00,274.9,True,False,open_meteo,,,,,,,,,
2026_CFB_W04_WAKE_LOU,2026-09-14T17:03:42.043181+00:00,2026-09-26T04:00:00+00:00,274.9,False,False,open_meteo,66.2,66.8,3.1,5.4,266.0,0.13,0.0,70.0,2.0
2026_CFB_W04_ILL_OSU,2026-09-14T17:03:42.043492+00:00,2026-09-26T04:00:00+00:00,274.9,False,False,open_meteo,63.5,64.2,3.2,9.2,258.0,0.03,0.0,78.0,3.0
2026_CFB_W04_AF_NEV,2026-09-14T17:03:42.678728+00:00,2026-09-26T04:00:00+00:00,274.9,False,False,open_meteo,66.4,61.3,6.6,7.2,213.0,0.11,0.0,39.0,2.0
2026_CFB_W04_NIU_GAST,2026-09-14T17:03:43.313585+00:00,2026-09-26T04:00:00+00:00,274.9,False,False,open_meteo,70.5,68.3,4.9,11.9,336.0,0.16,0.0,47.0,0.0
2026_CFB_W04_APP_NCSU,2026-09-14T17:03:43.945982+00:00,2026-09-26T04:00:00+00:00,274.9,False,False,open_meteo,70.9,78.3,0.9,1.6,256.0,0.19,0.0,96.0,3.0
2026_CFB_W04_BALL_KENT,2026-09-14T17:03:44.585644+00:00,2026-09-26T04:00:00+00:00,274.9,False,False,open_meteo,59.3,61.6,1.8,6.3,166.0,0.03,0.071,99.0,80.0
2026_CFB_W04_UNLV_AKR,2026-09-14T17:03:45.219432+00:00,2026-09-26T04:00:00+00:00,274.9,False,False,open_meteo,60.3,60.6,7.1,14.5,281.0,0.03,0.307,98.0,82.0
2026_CFB_W04_MASS_SAC,2026-09-14T17:03:45.219844+00:00,2026-09-26T04:00:00+00:00,274.9,False,False,open_meteo,76.7,73.8,8.2,18.1,206.0,0.0,0.0,42.0,1.0
2026_CFB_W04_JMU_ODU,2026-09-14T17:03:45.220197+00:00,2026-09-26T04:00:00+00:00,274.9,False,False,open_meteo,73.8,79.0,9.2,28.4,183.0,0.22,0.043,94.0,55.0
2026_CFB_W04_FCS2083_PITT,2026-09-14T17:03:45.220513+00:00,2026-09-26T16:00:00+00:00,286.9,False,False,open_meteo,65.4,64.6,7.6,15.4,223.0,0.15,0.0,75.0,3.0
2026_CFB_W04_TEX_TENN,2026-09-14T17:03:45.220821+00:00,2026-09-26T16:00:00+00:00,286.9,False,False,open_meteo,72.8,73.1,4.0,4.5,43.0,0.16,0.0,48.0,0.0
2026_CFB_W04_USA_UK,2026-09-14T17:03:45.856626+00:00,2026-09-26T16:45:00+00:00,287.7,False,False,open_meteo,68.9,69.3,8.3,9.8,273.0,0.12,0.004,76.0,51.0
2026_CFB_W04_FCS2815_EMU,2026-09-14T17:03:46.490969+00:00,2026-09-26T17:00:00+00:00,287.9,False,False,open_meteo,62.7,61.5,12.4,21.7,330.0,0.09,0.0,96.0,3.0
2026_CFB_W04_HAW_WYO,2026-09-14T17:03:47.134079+00:00,2026-09-26T19:00:00+00:00,289.9,False,False,open_meteo,65.3,63.7,5.9,9.8,143.0,0.11,0.004,48.0,51.0
2026_CFB_W04_UNM_NMSU,2026-09-14T17:03:47.768208+00:00,2026-09-26T19:30:00+00:00,290.4,False,False,open_meteo,89.2,87.7,11.1,11.0,158.0,0.24,0.0,26.0,2.0
2026_CFB_W04_FCS2523_BUF,2026-09-14T17:03:48.407524+00:00,2026-09-26T19:30:00+00:00,290.4,False,False,open_meteo,64.8,64.8,7.1,13.2,200.0,0.1,0.02,82.0,53.0
2026_CFB_W04_FCS284_OHIO,2026-09-14T17:03:49.043092+00:00,2026-09-26T19:30:00+00:00,290.4,False,False,open_meteo,63.5,64.5,6.4,14.5,219.0,0.17,0.0,91.0,3.0
2026_CFB_W04_FCS2729_DUKE,2026-09-14T17:03:49.043502+00:00,2026-09-26T19:30:00+00:00,290.4,False,False,open_meteo,84.2,89.4,1.8,3.4,346.0,0.11,0.0,49.0,3.0
2026_CFB_W04_FCS2241_MRSH,2026-09-14T17:03:49.675914+00:00,2026-09-26T19:30:00+00:00,290.4,False,False,open_meteo,69.8,69.9,6.3,12.1,253.0,0.14,0.0,67.0,3.0
2026_CFB_W04_FCS2428_ECU,2026-09-14T17:03:50.336454+00:00,2026-09-26T20:00:00+00:00,290.9,False,False,open_meteo,81.3,89.2,5.3,7.6,208.0,0.14,0.059,78.0,95.0
2026_CFB_W04_FCS2916_TXST,2026-09-14T17:03:50.336857+00:00,2026-09-26T22:00:00+00:00,292.9,False,False,open_meteo,99.9,97.7,7.4,6.3,111.0,0.11,0.0,21.0,0.0
2026_CFB_W04_FCS2341_FIU,2026-09-14T17:03:50.982497+00:00,2026-09-26T22:00:00+00:00,292.9,False,False,open_meteo,88.0,91.6,9.5,6.0,117.0,0.59,0.0,54.0,3.0
2026_CFB_W04_CMU_MIA,2026-09-14T17:03:50.982921+00:00,2026-09-26T22:30:00+00:00,293.4,False,False,open_meteo,87.7,91.9,9.0,7.2,87.0,0.59,0.0,56.0,3.0
2026_CFB_W04_KENN_ARST,2026-09-14T17:03:51.621031+00:00,2026-09-26T23:00:00+00:00,293.9,False,False,open_meteo,79.3,77.1,6.3,5.8,337.0,0.2,0.0,38.0,0.0
2026_CFB_W04_FCS2385_WKU,2026-09-14T17:03:52.259354+00:00,2026-09-26T23:00:00+00:00,293.9,False,False,open_meteo,74.3,75.6,4.9,6.0,24.0,0.19,0.0,61.0,0.0
2026_CFB_W04_MTSU_JXST,2026-09-14T17:03:52.259751+00:00,2026-09-26T23:00:00+00:00,293.9,False,False,open_meteo,74.5,75.3,4.7,4.9,8.0,0.23,0.0,57.0,0.0
2026_CFB_W04_TROY_USU,2026-09-14T17:03:52.904275+00:00,2026-09-26T23:30:00+00:00,294.4,False,False,open_meteo,75.9,73.0,4.9,4.5,309.0,0.06,0.0,36.0,3.0
2026_CFB_W04_FCS2277_UNT,2026-09-14T17:03:53.548323+00:00,2026-09-26T23:30:00+00:00,294.4,False,False,open_meteo,92.4,87.4,7.4,9.2,136.0,0.11,0.0,18.0,0.0
2026_CFB_W04_ARIZ_WSU,2026-09-14T17:03:53.548733+00:00,2026-09-26T23:30:00+00:00,294.4,False,False,open_meteo,64.6,57.4,5.7,9.2,101.0,0.13,0.0,22.0,0.0
2026_CFB_W04_TLSA_ARK,2026-09-14T17:03:53.549078+00:00,2026-09-27T00:00:00+00:00,294.9,False,False,open_meteo,77.9,75.0,7.2,6.7,180.0,0.16,0.0,38.0,0.0
2026_CFB_W04_ORST_UTEP,2026-09-14T17:03:54.191684+00:00,2026-09-27T01:00:00+00:00,295.9,False,False,open_meteo,87.1,84.6,7.7,13.9,163.0,0.26,0.0,31.0,2.0
2026_CFB_W04_RICE_FRES,2026-09-14T17:03:54.827317+00:00,2026-09-27T02:00:00+00:00,296.9,False,False,open_meteo,85.7,83.7,5.4,7.8,81.0,0.02,0.0,30.0,1.0
2026_CFB_W04_GT_STAN,2026-09-14T17:03:55.468011+00:00,2026-09-27T02:30:00+00:00,297.4,False,False,open_meteo,71.5,70.4,5.9,5.8,281.0,0.0,0.0,55.0,0.0
2026_CFB_W04_LIB_CCU,2026-09-14T20:03:50.271485+00:00,2026-09-24T23:30:00+00:00,243.4,False,False,open_meteo,70.6,77.2,3.2,5.6,51.0,0.27,0.055,97.0,80.0
2026_CFB_W04_ARMY_TEM,2026-09-14T20:03:51.307744+00:00,2026-09-25T20:00:00+00:00,263.9,False,False,open_meteo,75.2,80.3,6.2,15.7,131.0,0.07,0.008,83.0,51.0
2026_CFB_W04_NAVY_UAB,2026-09-14T20:03:52.347690+00:00,2026-09-25T23:00:00+00:00,266.9,False,False,open_meteo,73.9,72.3,5.7,11.2,351.0,0.13,0.0,47.0,0.0
2026_CFB_W04_FCS47_RUTG,2026-09-14T20:03:52.348236+00:00,2026-09-25T23:00:00+00:00,266.9,False,False,open_meteo,71.6,76.7,5.3,14.8,112.0,0.1,0.0,91.0,3.0
2026_CFB_W04_NU_IU,2026-09-14T20:03:52.348771+00:00,2026-09-26T00:00:00+00:00,267.9,False,False,open_meteo,61.4,63.0,4.7,7.8,301.0,0.16,0.0,96.0,2.0
2026_CFB_W04_CLEM_CAL,2026-09-14T20:03:52.349226+00:00,2026-09-26T02:30:00+00:00,270.4,False,False,open_meteo,66.1,64.8,6.0,10.7,219.0,0.02,0.0,65.0,0.0
2026_CFB_W04_WIS_PSU,2026-09-14T20:03:52.349718+00:00,2026-09-26T04:00:00+00:00,271.9,False,False,open_meteo,65.5,67.8,7.1,17.9,198.0,0.05,0.008,96.0,51.0
2026_CFB_W04_SC_ALA,2026-09-14T20:03:52.350164+00:00,2026-09-26T04:00:00+00:00,271.9,False,False,open_meteo,67.0,66.1,4.3,10.1,39.0,0.1,0.0,61.0,0.0
2026_CFB_W04_VAN_AUB,2026-09-14T20:03:52.350637+00:00,2026-09-26T04:00:00+00:00,271.9,False,False,open_meteo,62.9,61.0,6.4,19.5,12.0,0.15,0.0,69.0,0.0
2026_CFB_W04_MISS_FLA,2026-09-14T20:03:53.384005+00:00,2026-09-26T04:00:00+00:00,271.9,False,False,open_meteo,78.4,88.0,0.4,0.9,360.0,0.3,0.0,84.0,3.0
2026_CFB_W04_TAM_LSU,2026-09-14T20:03:54.415552+00:00,2026-09-26T04:00:00+00:00,271.9,False,False,open_meteo,76.0,74.4,5.4,12.3,60.0,0.22,0.0,44.0,0.0
2026_CFB_W04_MIZ_MSST,2026-09-14T20:03:55.745216+00:00,2026-09-26T04:00:00+00:00,271.9,False,False,open_meteo,63.5,62.0,4.3,4.3,28.0,0.11,0.0,64.0,0.0
2026_CFB_W04_SHSU_TTU,2026-09-14T20:03:55.745805+00:00,2026-09-26T04:00:00+00:00,271.9,False,False,open_meteo,78.4,73.5,9.6,15.9,176.0,0.36,0.0,33.0,0.0
2026_CFB_W04_OU_UGA,2026-09-14T20:03:56.792211+00:00,2026-09-26T04:00:00+00:00,271.9,False,False,open_meteo,61.6,60.1,5.0,12.1,306.0,0.18,0.0,70.0,0.0
2026_CFB_W04_HOU_GASO,2026-09-14T20:03:57.826356+00:00,2026-09-26T04:00:00+00:00,271.9,False,False,open_meteo,75.3,83.3,1.7,1.8,130.0,0.17,0.0,88.0,3.0
2026_CFB_W04_KSU_CIN,2026-09-14T20:03:58.860948+00:00,2026-09-26T04:00:00+00:00,271.9,False,False,open_meteo,60.9,62.0,3.3,7.6,254.0,0.09,0.0,89.0,2.0
2026_CFB_W04_UTAH_ISU,2026-09-14T20:03:58.861513+00:00,2026-09-26T04:00:00+00:00,271.9,False,False,open_meteo,58.5,56.9,6.0,6.7,135.0,0.11,0.0,82.0,2.0
2026_CFB_W04_OKST_WVU,2026-09-14T20:03:59.895841+00:00,2026-09-26T04:00:00+00:00,271.9,False,False,open_meteo,53.5,52.5,4.7,11.9,180.0,0.06,0.0,99.0,0.0
2026_CFB_W04_FCS2110_FSU,2026-09-14T20:04:00.941087+00:00,2026-09-26T04:00:00+00:00,271.9,False,False,open_meteo,75.9,85.1,2.5,2.9,117.0,0.17,0.0,94.0,3.0
2026_CFB_W04_DEL_UVA,2026-09-14T20:04:01.975161+00:00,2026-09-26T04:00:00+00:00,271.9,False,False,open_meteo,62.0,64.7,2.6,1.8,285.0,0.05,0.0,96.0,3.0
2026_CFB_W04_MOST_SMU,2026-09-14T20:04:03.027105+00:00,2026-09-26T04:00:00+00:00,271.9,False,False,open_meteo,85.7,80.5,6.0,12.3,112.0,0.17,0.0,19.0,0.0
2026_CFB_W04_VT_BC,2026-09-14T20:04:03.027680+00:00,2026-09-26T04:00:00+00:00,271.9,False,False,open_meteo,61.1,62.4,5.8,17.2,54.0,0.1,0.0,99.0,45.0
2026_CFB_W04_TCU_UCF,2026-09-14T20:04:03.028150+00:00,2026-09-26T04:00:00+00:00,271.9,False,False,open_meteo,79.1,85.7,7.4,18.6,131.0,0.44,0.0,82.0,1.0
2026_CFB_W04_COLO_BAY,2026-09-14T20:04:03.028636+00:00,2026-09-26T04:00:00+00:00,271.9,False,False,open_meteo,76.9,71.1,6.4,5.8,119.0,0.12,0.0,23.0,0.0
2026_CFB_W04_UCLA_MD,2026-09-14T20:04:03.029101+00:00,2026-09-26T04:00:00+00:00,271.9,False,False,open_meteo,70.6,76.0,5.5,17.7,194.0,0.06,0.004,96.0,51.0
2026_CFB_W04_IOWA_MICH,2026-09-14T20:04:03.029577+00:00,2026-09-26T04:00:00+00:00,271.9,False,False,open_meteo,62.5,64.5,5.6,14.1,337.0,0.15,0.02,99.0,53.0
2026_CFB_W04_NEB_MSU,2026-09-14T20:04:04.050615+00:00,2026-09-26T04:00:00+00:00,271.9,False,False,open_meteo,62.8,62.2,10.7,25.1,12.0,0.14,0.012,95.0,51.0
2026_CFB_W04_ND_PUR,2026-09-14T20:04:05.084827+00:00,2026-09-26T04:00:00+00:00,271.9,False,False,open_meteo,63.0,64.3,7.2,19.5,324.0,0.17,0.0,97.0,3.0
2026_CFB_W04_ORE_USC,2026-09-14T20:04:06.122570+00:00,2026-09-26T04:00:00+00:00,271.9,False,False,open_meteo,71.9,73.7,5.6,4.0,214.0,0.01,0.0,71.0,1.0
2026_CFB_W04_MINN_WASH,2026-09-14T20:04:06.123114+00:00,2026-09-26T04:00:00+00:00,271.9,False,False,open_meteo,52.6,47.0,6.0,8.7,34.0,0.1,0.0,54.0,0.0
2026_CFB_W04_SDSU_TOL,2026-09-14T20:04:06.123627+00:00,2026-09-26T04:00:00+00:00,271.9,False,False,open_meteo,65.0,68.1,2.6,6.7,329.0,0.12,0.0,90.0,3.0
2026_CFB_W04_BOIS_WMU,2026-09-14T20:04:07.163573+00:00,2026-09-26T04:00:00+00:00,271.9,False,False,open_meteo,62.9,63.4,8.9,21.0,12.0,0.14,0.0,97.0,3.0
2026_CFB_W04_CONN_MOH,2026-09-14T20:04:08.197224+00:00,2026-09-26T04:00:00+00:00,271.9,False,False,open_meteo,61.1,62.0,5.8,9.6,274.0,0.07,0.0,95.0,2.0
2026_CFB_W04_UL_CLT,2026-09-14T20:04:09.235548+00:00,2026-09-26T04:00:00+00:00,271.9,False,False,open_meteo,68.3,67.0,5.4,9.8,358.0,0.14,0.0,58.0,3.0
2026_CFB_W04_FAU_ULM,2026-09-14T20:04:09.236092+00:00,2026-09-26T04:00:00+00:00,271.9,False,False,open_meteo,69.1,66.2,6.3,12.5,63.0,0.1,0.0,49.0,0.0
2026_CFB_W04_USM_TULN,2026-09-14T20:04:10.276683+00:00,2026-09-26T04:00:00+00:00,271.9,False,False,open_meteo,80.0,79.7,7.0,15.4,45.0,0.18,0.0,47.0,0.0
2026_CFB_W04_USF_BGSU,2026-09-14T20:04:11.316414+00:00,2026-09-26T04:00:00+00:00,271.9,False,False,open_meteo,61.3,63.3,3.3,4.7,290.0,0.12,0.0,95.0,3.0
2026_CFB_W04_CSU_UTSA,2026-09-14T20:04:11.316798+00:00,2026-09-26T04:00:00+00:00,271.9,True,False,open_meteo,,,,,,,,,
2026_CFB_W04_WAKE_LOU,2026-09-14T20:04:11.317261+00:00,2026-09-26T04:00:00+00:00,271.9,False,False,open_meteo,66.2,66.8,3.1,5.4,266.0,0.13,0.0,70.0,2.0
2026_CFB_W04_ILL_OSU,2026-09-14T20:04:11.317755+00:00,2026-09-26T04:00:00+00:00,271.9,False,False,open_meteo,63.5,64.2,3.2,9.2,258.0,0.03,0.0,78.0,3.0
2026_CFB_W04_AF_NEV,2026-09-14T20:04:12.360911+00:00,2026-09-26T04:00:00+00:00,271.9,False,False,open_meteo,66.4,61.3,6.6,7.2,213.0,0.11,0.0,39.0,2.0
2026_CFB_W04_NIU_GAST,2026-09-14T20:04:13.381053+00:00,2026-09-26T04:00:00+00:00,271.9,False,False,open_meteo,70.5,68.3,4.9,11.9,336.0,0.16,0.0,47.0,0.0
2026_CFB_W04_APP_NCSU,2026-09-14T20:04:14.416327+00:00,2026-09-26T04:00:00+00:00,271.9,False,False,open_meteo,70.9,78.3,0.9,1.6,256.0,0.19,0.0,96.0,3.0
2026_CFB_W04_BALL_KENT,2026-09-14T20:04:15.453991+00:00,2026-09-26T04:00:00+00:00,271.9,False,False,open_meteo,59.3,61.6,1.8,6.3,166.0,0.03,0.071,99.0,80.0
2026_CFB_W04_UNLV_AKR,2026-09-14T20:04:16.505308+00:00,2026-09-26T04:00:00+00:00,271.9,False,False,open_meteo,60.3,60.6,7.1,14.5,281.0,0.03,0.307,98.0,82.0
2026_CFB_W04_MASS_SAC,2026-09-14T20:04:16.505894+00:00,2026-09-26T04:00:00+00:00,271.9,False,False,open_meteo,76.7,73.8,8.2,18.1,206.0,0.0,0.0,42.0,1.0
2026_CFB_W04_JMU_ODU,2026-09-14T20:04:16.506366+00:00,2026-09-26T04:00:00+00:00,271.9,False,False,open_meteo,73.8,79.0,9.2,28.4,183.0,0.22,0.043,94.0,55.0
2026_CFB_W04_FCS2083_PITT,2026-09-14T20:04:16.506875+00:00,2026-09-26T16:00:00+00:00,283.9,False,False,open_meteo,65.4,64.6,7.6,15.4,223.0,0.15,0.0,75.0,3.0
2026_CFB_W04_TEX_TENN,2026-09-14T20:04:16.507358+00:00,2026-09-26T16:00:00+00:00,283.9,False,False,open_meteo,72.8,73.1,4.0,4.5,43.0,0.16,0.0,48.0,0.0
2026_CFB_W04_USA_UK,2026-09-14T20:04:17.542336+00:00,2026-09-26T16:45:00+00:00,284.7,False,False,open_meteo,68.9,69.3,8.3,9.8,273.0,0.12,0.004,76.0,51.0
2026_CFB_W04_FCS2815_EMU,2026-09-14T20:04:18.585989+00:00,2026-09-26T17:00:00+00:00,284.9,False,False,open_meteo,62.7,61.5,12.4,21.7,330.0,0.09,0.0,96.0,3.0
2026_CFB_W04_HAW_WYO,2026-09-14T20:04:19.630594+00:00,2026-09-26T19:00:00+00:00,286.9,False,False,open_meteo,65.3,63.7,5.9,9.8,143.0,0.11,0.004,48.0,51.0
2026_CFB_W04_UNM_NMSU,2026-09-14T20:04:20.665611+00:00,2026-09-26T19:30:00+00:00,287.4,False,False,open_meteo,89.2,87.7,11.1,11.0,158.0,0.24,0.0,26.0,2.0
2026_CFB_W04_FCS2523_BUF,2026-09-14T20:04:21.700620+00:00,2026-09-26T19:30:00+00:00,287.4,False,False,open_meteo,64.8,64.8,7.1,13.2,200.0,0.1,0.02,82.0,53.0
2026_CFB_W04_FCS284_OHIO,2026-09-14T20:04:22.726418+00:00,2026-09-26T19:30:00+00:00,287.4,False,False,open_meteo,63.5,64.5,6.4,14.5,219.0,0.17,0.0,91.0,3.0
2026_CFB_W04_FCS2729_DUKE,2026-09-14T20:04:22.727021+00:00,2026-09-26T19:30:00+00:00,287.4,False,False,open_meteo,84.2,89.4,1.8,3.4,346.0,0.11,0.0,49.0,3.0
2026_CFB_W04_FCS2241_MRSH,2026-09-14T20:04:23.761911+00:00,2026-09-26T19:30:00+00:00,287.4,False,False,open_meteo,69.8,69.9,6.3,12.1,253.0,0.14,0.0,67.0,3.0
2026_CFB_W04_FCS2428_ECU,2026-09-14T20:04:24.826099+00:00,2026-09-26T20:00:00+00:00,287.9,False,False,open_meteo,81.3,89.2,5.3,7.6,208.0,0.14,0.059,78.0,95.0
2026_CFB_W04_FCS2916_TXST,2026-09-14T20:04:24.826664+00:00,2026-09-26T22:00:00+00:00,289.9,False,False,open_meteo,99.9,97.7,7.4,6.3,111.0,0.11,0.0,21.0,0.0
2026_CFB_W04_FCS2341_FIU,2026-09-14T20:04:25.865580+00:00,2026-09-26T22:00:00+00:00,289.9,False,False,open_meteo,88.0,91.6,9.5,6.0,117.0,0.59,0.0,54.0,3.0
2026_CFB_W04_CMU_MIA,2026-09-14T20:04:25.866113+00:00,2026-09-26T22:30:00+00:00,290.4,False,False,open_meteo,87.7,91.9,9.0,7.2,87.0,0.59,0.0,56.0,3.0
2026_CFB_W04_KENN_ARST,2026-09-14T20:04:26.908807+00:00,2026-09-26T23:00:00+00:00,290.9,False,False,open_meteo,79.3,77.1,6.3,5.8,337.0,0.2,0.0,38.0,0.0
2026_CFB_W04_FCS2385_WKU,2026-09-14T20:04:27.954707+00:00,2026-09-26T23:00:00+00:00,290.9,False,False,open_meteo,74.3,75.6,4.9,6.0,24.0,0.19,0.0,61.0,0.0
2026_CFB_W04_MTSU_JXST,2026-09-14T20:04:27.955235+00:00,2026-09-26T23:00:00+00:00,290.9,False,False,open_meteo,74.5,75.3,4.7,4.9,8.0,0.23,0.0,57.0,0.0
2026_CFB_W04_TROY_USU,2026-09-14T20:04:28.991684+00:00,2026-09-26T23:30:00+00:00,291.4,False,False,open_meteo,75.9,73.0,4.9,4.5,309.0,0.06,0.0,36.0,3.0
2026_CFB_W04_FCS2277_UNT,2026-09-14T20:04:30.030220+00:00,2026-09-26T23:30:00+00:00,291.4,False,False,open_meteo,92.4,87.4,7.4,9.2,136.0,0.11,0.0,18.0,0.0
2026_CFB_W04_ARIZ_WSU,2026-09-14T20:04:30.030787+00:00,2026-09-26T23:30:00+00:00,291.4,False,False,open_meteo,64.6,57.4,5.7,9.2,101.0,0.13,0.0,22.0,0.0
2026_CFB_W04_TLSA_ARK,2026-09-14T20:04:30.031254+00:00,2026-09-27T00:00:00+00:00,291.9,False,False,open_meteo,77.9,75.0,7.2,6.7,180.0,0.16,0.0,38.0,0.0
2026_CFB_W04_ORST_UTEP,2026-09-14T20:04:31.080223+00:00,2026-09-27T01:00:00+00:00,292.9,False,False,open_meteo,87.1,84.6,7.7,13.9,163.0,0.26,0.0,31.0,2.0
2026_CFB_W04_RICE_FRES,2026-09-14T20:04:32.158248+00:00,2026-09-27T02:00:00+00:00,293.9,False,False,open_meteo,85.7,83.7,5.4,3.1,81.0,0.02,0.0,30.0,1.0
2026_CFB_W04_GT_STAN,2026-09-14T20:04:33.218655+00:00,2026-09-27T02:30:00+00:00,294.4,False,False,open_meteo,71.5,70.4,5.9,5.6,281.0,0.0,0.0,55.0,0.0
2026_CFB_W04_LIB_CCU,2026-09-14T23:03:10.280436+00:00,2026-09-24T23:30:00+00:00,240.4,False,False,open_meteo,70.6,77.2,3.2,26.2,51.0,0.21,0.055,97.0,80.0
2026_CFB_W04_ARMY_TEM,2026-09-14T23:03:10.949118+00:00,2026-09-25T20:00:00+00:00,260.9,False,False,open_meteo,75.2,80.3,6.2,9.4,131.0,0.22,0.008,83.0,51.0
2026_CFB_W04_NAVY_UAB,2026-09-14T23:03:11.605089+00:00,2026-09-25T23:00:00+00:00,263.9,False,False,open_meteo,73.9,72.3,5.7,15.0,351.0,0.12,0.0,47.0,0.0
2026_CFB_W04_FCS47_RUTG,2026-09-14T23:03:11.605499+00:00,2026-09-25T23:00:00+00:00,263.9,False,False,open_meteo,71.6,76.7,5.3,4.7,112.0,0.23,0.0,91.0,3.0
2026_CFB_W04_NU_IU,2026-09-14T23:03:11.605819+00:00,2026-09-26T00:00:00+00:00,264.9,False,False,open_meteo,61.4,63.0,4.7,15.9,301.0,0.16,0.0,96.0,2.0
2026_CFB_W04_CLEM_CAL,2026-09-14T23:03:11.606132+00:00,2026-09-26T02:30:00+00:00,267.4,False,False,open_meteo,66.1,64.8,6.0,9.8,219.0,0.01,0.0,65.0,0.0
2026_CFB_W04_WIS_PSU,2026-09-14T23:03:11.606459+00:00,2026-09-26T04:00:00+00:00,268.9,False,False,open_meteo,65.5,67.8,7.1,2.9,198.0,0.19,0.008,96.0,51.0
2026_CFB_W04_SC_ALA,2026-09-14T23:03:11.606771+00:00,2026-09-26T04:00:00+00:00,268.9,False,False,open_meteo,67.0,66.1,4.3,18.3,39.0,0.12,0.0,61.0,0.0
2026_CFB_W04_VAN_AUB,2026-09-14T23:03:11.607070+00:00,2026-09-26T04:00:00+00:00,268.9,False,False,open_meteo,62.9,61.0,6.4,19.7,12.0,0.11,0.0,69.0,0.0
2026_CFB_W04_MISS_FLA,2026-09-14T23:03:12.265310+00:00,2026-09-26T04:00:00+00:00,268.9,False,False,open_meteo,78.4,88.0,0.4,16.1,360.0,0.27,0.0,84.0,3.0
2026_CFB_W04_TAM_LSU,2026-09-14T23:03:12.921382+00:00,2026-09-26T04:00:00+00:00,268.9,False,False,open_meteo,76.0,74.4,5.4,10.7,60.0,0.13,0.0,44.0,0.0
2026_CFB_W04_MIZ_MSST,2026-09-14T23:03:14.114716+00:00,2026-09-26T04:00:00+00:00,268.9,False,False,open_meteo,63.5,62.0,4.3,18.6,28.0,0.12,0.0,64.0,0.0
2026_CFB_W04_SHSU_TTU,2026-09-14T23:03:14.115129+00:00,2026-09-26T04:00:00+00:00,268.9,False,False,open_meteo,78.4,73.5,9.6,19.7,176.0,0.16,0.0,33.0,0.0
2026_CFB_W04_OU_UGA,2026-09-14T23:03:14.789981+00:00,2026-09-26T04:00:00+00:00,268.9,False,False,open_meteo,61.6,60.1,5.0,7.4,306.0,0.07,0.0,70.0,0.0
2026_CFB_W04_HOU_GASO,2026-09-14T23:03:15.436967+00:00,2026-09-26T04:00:00+00:00,268.9,False,False,open_meteo,75.3,83.3,1.7,8.5,130.0,0.14,0.0,88.0,3.0
2026_CFB_W04_KSU_CIN,2026-09-14T23:03:16.081234+00:00,2026-09-26T04:00:00+00:00,268.9,False,False,open_meteo,60.9,62.0,3.3,15.7,254.0,0.07,0.0,89.0,2.0
2026_CFB_W04_UTAH_ISU,2026-09-14T23:03:16.081631+00:00,2026-09-26T04:00:00+00:00,268.9,False,False,open_meteo,58.5,56.9,6.0,34.4,135.0,0.2,0.0,82.0,2.0
2026_CFB_W04_OKST_WVU,2026-09-14T23:03:16.725524+00:00,2026-09-26T04:00:00+00:00,268.9,False,False,open_meteo,53.5,52.5,4.7,3.1,180.0,0.17,0.0,99.0,0.0
2026_CFB_W04_FCS2110_FSU,2026-09-14T23:03:17.379202+00:00,2026-09-26T04:00:00+00:00,268.9,False,False,open_meteo,75.9,85.1,2.5,21.5,117.0,0.25,0.0,94.0,3.0
2026_CFB_W04_DEL_UVA,2026-09-14T23:03:18.025674+00:00,2026-09-26T04:00:00+00:00,268.9,False,False,open_meteo,62.0,64.7,2.6,1.6,285.0,0.16,0.0,96.0,3.0
2026_CFB_W04_MOST_SMU,2026-09-14T23:03:18.669833+00:00,2026-09-26T04:00:00+00:00,268.9,False,False,open_meteo,85.7,80.5,6.0,17.4,112.0,0.03,0.0,19.0,0.0
2026_CFB_W04_VT_BC,2026-09-14T23:03:18.670256+00:00,2026-09-26T04:00:00+00:00,268.9,False,False,open_meteo,61.1,62.4,5.8,27.5,54.0,0.21,0.0,99.0,3.0
2026_CFB_W04_TCU_UCF,2026-09-14T23:03:18.670589+00:00,2026-09-26T04:00:00+00:00,268.9,False,False,open_meteo,79.1,85.7,7.4,16.8,131.0,0.45,0.0,82.0,1.0
2026_CFB_W04_COLO_BAY,2026-09-14T23:03:18.670905+00:00,2026-09-26T04:00:00+00:00,268.9,False,False,open_meteo,76.9,71.1,6.4,24.6,119.0,0.07,0.0,23.0,0.0
2026_CFB_W04_UCLA_MD,2026-09-14T23:03:18.671208+00:00,2026-09-26T04:00:00+00:00,268.9,False,False,open_meteo,70.6,76.0,5.5,2.0,194.0,0.15,0.004,96.0,51.0
2026_CFB_W04_IOWA_MICH,2026-09-14T23:03:18.671531+00:00,2026-09-26T04:00:00+00:00,268.9,False,False,open_meteo,62.5,64.5,5.6,4.3,337.0,0.02,0.02,99.0,53.0
2026_CFB_W04_NEB_MSU,2026-09-14T23:03:19.317173+00:00,2026-09-26T04:00:00+00:00,268.9,False,False,open_meteo,62.8,62.2,10.7,4.7,12.0,0.06,0.012,95.0,51.0
2026_CFB_W04_ND_PUR,2026-09-14T23:03:19.959559+00:00,2026-09-26T04:00:00+00:00,268.9,False,False,open_meteo,63.0,64.3,7.2,4.7,324.0,0.09,0.0,97.0,3.0
2026_CFB_W04_ORE_USC,2026-09-14T23:03:20.601860+00:00,2026-09-26T04:00:00+00:00,268.9,False,False,open_meteo,71.9,73.7,5.6,5.1,214.0,0.1,0.0,71.0,1.0
2026_CFB_W04_MINN_WASH,2026-09-14T23:03:20.602277+00:00,2026-09-26T04:00:00+00:00,268.9,False,False,open_meteo,52.6,47.0,6.0,3.6,34.0,0.1,0.0,54.0,0.0
2026_CFB_W04_SDSU_TOL,2026-09-14T23:03:20.602661+00:00,2026-09-26T04:00:00+00:00,268.9,False,False,open_meteo,65.0,68.1,2.6,10.3,329.0,0.04,0.0,90.0,3.0
2026_CFB_W04_BOIS_WMU,2026-09-14T23:03:21.244539+00:00,2026-09-26T04:00:00+00:00,268.9,False,False,open_meteo,62.9,63.4,8.9,3.6,12.0,0.09,0.0,97.0,3.0
2026_CFB_W04_CONN_MOH,2026-09-14T23:03:21.909481+00:00,2026-09-26T04:00:00+00:00,268.9,False,False,open_meteo,61.1,62.0,5.8,14.1,274.0,0.06,0.0,95.0,2.0
2026_CFB_W04_UL_CLT,2026-09-14T23:03:22.560276+00:00,2026-09-26T04:00:00+00:00,268.9,False,False,open_meteo,68.3,67.0,5.4,16.8,358.0,0.2,0.0,58.0,3.0
2026_CFB_W04_FAU_ULM,2026-09-14T23:03:22.560695+00:00,2026-09-26T04:00:00+00:00,268.9,False,False,open_meteo,69.1,66.2,6.3,22.1,63.0,0.06,0.0,49.0,0.0
2026_CFB_W04_USM_TULN,2026-09-14T23:03:23.209733+00:00,2026-09-26T04:00:00+00:00,268.9,False,False,open_meteo,80.0,79.7,7.0,12.1,45.0,0.14,0.0,47.0,0.0
2026_CFB_W04_USF_BGSU,2026-09-14T23:03:23.863088+00:00,2026-09-26T04:00:00+00:00,268.9,False,False,open_meteo,61.3,63.3,3.3,4.9,290.0,0.04,0.0,95.0,3.0
2026_CFB_W04_CSU_UTSA,2026-09-14T23:03:23.863374+00:00,2026-09-26T04:00:00+00:00,268.9,True,False,open_meteo,,,,,,,,,
2026_CFB_W04_WAKE_LOU,2026-09-14T23:03:23.863698+00:00,2026-09-26T04:00:00+00:00,268.9,False,False,open_meteo,66.2,66.8,3.1,18.6,266.0,0.05,0.0,70.0,2.0
2026_CFB_W04_ILL_OSU,2026-09-14T23:03:23.864011+00:00,2026-09-26T04:00:00+00:00,268.9,False,False,open_meteo,63.5,64.2,3.2,14.5,258.0,0.1,0.0,78.0,3.0
2026_CFB_W04_AF_NEV,2026-09-14T23:03:24.521399+00:00,2026-09-26T04:00:00+00:00,268.9,False,False,open_meteo,66.4,61.3,6.6,2.5,213.0,0.06,0.0,39.0,2.0
2026_CFB_W04_NIU_GAST,2026-09-14T23:03:25.175882+00:00,2026-09-26T04:00:00+00:00,268.9,False,False,open_meteo,70.5,68.3,4.9,13.6,336.0,0.09,0.0,47.0,0.0
2026_CFB_W04_APP_NCSU,2026-09-14T23:03:25.823175+00:00,2026-09-26T04:00:00+00:00,268.9,False,False,open_meteo,70.9,78.3,0.9,15.7,256.0,0.14,0.0,96.0,3.0
2026_CFB_W04_BALL_KENT,2026-09-14T23:03:26.469059+00:00,2026-09-26T04:00:00+00:00,268.9,False,False,open_meteo,59.3,61.6,1.8,2.5,166.0,0.13,0.071,99.0,80.0
2026_CFB_W04_UNLV_AKR,2026-09-14T23:03:27.123378+00:00,2026-09-26T04:00:00+00:00,268.9,False,False,open_meteo,60.3,60.6,7.1,4.5,281.0,0.13,0.307,98.0,82.0
2026_CFB_W04_MASS_SAC,2026-09-14T23:03:27.123785+00:00,2026-09-26T04:00:00+00:00,268.9,False,False,open_meteo,76.7,73.8,8.2,6.0,206.0,0.01,0.0,42.0,1.0
2026_CFB_W04_JMU_ODU,2026-09-14T23:03:27.124102+00:00,2026-09-26T04:00:00+00:00,268.9,False,False,open_meteo,73.8,79.0,9.2,15.4,183.0,0.2,0.043,94.0,55.0
2026_CFB_W04_FCS2083_PITT,2026-09-14T23:03:27.124436+00:00,2026-09-26T16:00:00+00:00,280.9,False,False,open_meteo,65.4,64.6,7.6,8.7,223.0,0.07,0.0,75.0,3.0
2026_CFB_W04_TEX_TENN,2026-09-14T23:03:27.124742+00:00,2026-09-26T16:00:00+00:00,280.9,False,False,open_meteo,72.8,73.1,4.0,4.3,43.0,0.09,0.0,48.0,0.0
2026_CFB_W04_USA_UK,2026-09-14T23:03:27.772551+00:00,2026-09-26T16:45:00+00:00,281.7,False,False,open_meteo,68.9,69.3,8.3,8.7,273.0,0.03,0.004,76.0,51.0
2026_CFB_W04_FCS2815_EMU,2026-09-14T23:03:28.419856+00:00,2026-09-26T17:00:00+00:00,281.9,False,False,open_meteo,62.7,61.5,12.4,6.9,330.0,0.13,0.0,96.0,3.0
2026_CFB_W04_HAW_WYO,2026-09-14T23:03:29.071703+00:00,2026-09-26T19:00:00+00:00,283.9,False,False,open_meteo,65.3,63.7,5.9,13.4,143.0,0.05,0.004,48.0,51.0
2026_CFB_W04_UNM_NMSU,2026-09-14T23:03:29.720575+00:00,2026-09-26T19:30:00+00:00,284.4,False,False,open_meteo,89.2,87.7,11.1,5.4,158.0,0.11,0.0,26.0,2.0
2026_CFB_W04_FCS2523_BUF,2026-09-14T23:03:30.366802+00:00,2026-09-26T19:30:00+00:00,284.4,False,False,open_meteo,64.8,64.8,7.1,11.4,200.0,0.03,0.02,82.0,53.0
2026_CFB_W04_FCS284_OHIO,2026-09-14T23:03:31.013603+00:00,2026-09-26T19:30:00+00:00,284.4,False,False,open_meteo,63.5,64.5,6.4,6.9,219.0,0.06,0.0,91.0,3.0
2026_CFB_W04_FCS2729_DUKE,2026-09-14T23:03:31.014004+00:00,2026-09-26T19:30:00+00:00,284.4,False,False,open_meteo,84.2,89.4,1.8,6.7,346.0,0.14,0.0,49.0,3.0
2026_CFB_W04_FCS2241_MRSH,2026-09-14T23:03:31.658697+00:00,2026-09-26T19:30:00+00:00,284.4,False,False,open_meteo,69.8,69.9,6.3,6.7,253.0,0.13,0.0,67.0,3.0
2026_CFB_W04_FCS2428_ECU,2026-09-14T23:03:32.330616+00:00,2026-09-26T20:00:00+00:00,284.9,False,False,open_meteo,81.3,89.2,5.3,13.2,208.0,0.1,0.059,78.0,80.0
2026_CFB_W04_FCS2916_TXST,2026-09-14T23:03:32.331035+00:00,2026-09-26T22:00:00+00:00,286.9,False,False,open_meteo,99.9,97.7,7.4,12.8,111.0,0.1,0.0,21.0,0.0
2026_CFB_W04_FCS2341_FIU,2026-09-14T23:03:32.982010+00:00,2026-09-26T22:00:00+00:00,286.9,False,False,open_meteo,88.0,91.6,9.5,11.0,117.0,0.69,0.0,54.0,3.0
2026_CFB_W04_CMU_MIA,2026-09-14T23:03:32.982430+00:00,2026-09-26T22:30:00+00:00,287.4,False,False,open_meteo,87.7,91.9,9.0,11.4,87.0,0.69,0.0,56.0,3.0
2026_CFB_W04_KENN_ARST,2026-09-14T23:03:33.634353+00:00,2026-09-26T23:00:00+00:00,287.9,False,False,open_meteo,79.3,77.1,6.3,5.4,337.0,0.04,0.0,38.0,0.0
2026_CFB_W04_FCS2385_WKU,2026-09-14T23:03:34.284608+00:00,2026-09-26T23:00:00+00:00,287.9,False,False,open_meteo,74.3,75.6,4.9,11.2,24.0,0.1,0.0,61.0,0.0
2026_CFB_W04_MTSU_JXST,2026-09-14T23:03:34.285008+00:00,2026-09-26T23:00:00+00:00,287.9,False,False,open_meteo,74.5,75.3,4.7,3.8,8.0,0.13,0.0,57.0,0.0
2026_CFB_W04_TROY_USU,2026-09-14T23:03:34.937502+00:00,2026-09-26T23:30:00+00:00,288.4,False,False,open_meteo,75.9,73.0,4.9,16.3,309.0,0.1,0.0,36.0,3.0
2026_CFB_W04_FCS2277_UNT,2026-09-14T23:03:35.584958+00:00,2026-09-26T23:30:00+00:00,288.4,False,False,open_meteo,92.4,87.4,7.4,16.8,136.0,0.05,0.0,18.0,0.0
2026_CFB_W04_ARIZ_WSU,2026-09-14T23:03:35.585373+00:00,2026-09-26T23:30:00+00:00,288.4,False,False,open_meteo,64.6,57.4,5.7,2.9,101.0,0.06,0.0,22.0,0.0
2026_CFB_W04_TLSA_ARK,2026-09-14T23:03:35.585696+00:00,2026-09-27T00:00:00+00:00,288.9,False,False,open_meteo,77.9,75.0,7.2,21.0,180.0,0.16,0.0,38.0,0.0
2026_CFB_W04_ORST_UTEP,2026-09-14T23:03:36.233901+00:00,2026-09-27T01:00:00+00:00,289.9,False,False,open_meteo,87.1,84.6,7.7,4.3,163.0,0.17,0.0,31.0,2.0
2026_CFB_W04_RICE_FRES,2026-09-14T23:03:36.885840+00:00,2026-09-27T02:00:00+00:00,290.9,False,False,open_meteo,85.7,83.7,5.4,3.1,81.0,0.0,0.0,30.0,1.0
2026_CFB_W04_GT_STAN,2026-09-14T23:03:37.538048+00:00,2026-09-27T02:30:00+00:00,291.4,False,False,open_meteo,71.5,70.4,5.9,5.6,281.0,0.0,0.0,55.0,0.0
2026_CFB_W04_LIB_CCU,2026-09-15T11:06:08.548437+00:00,2026-09-24T23:30:00+00:00,228.4,False,False,open_meteo,77.9,83.3,7.4,16.8,178.0,0.26,0.0,79.0,2.0
2026_CFB_W04_ARMY_TEM,2026-09-15T11:06:09.208690+00:00,2026-09-25T20:00:00+00:00,248.9,False,False,open_meteo,71.8,66.7,13.2,18.6,281.0,0.12,0.0,49.0,1.0
2026_CFB_W04_NAVY_UAB,2026-09-15T11:06:09.876647+00:00,2026-09-25T23:00:00+00:00,251.9,False,False,open_meteo,74.9,71.6,6.3,13.4,23.0,0.06,0.0,38.0,0.0
2026_CFB_W04_FCS47_RUTG,2026-09-15T11:06:09.877053+00:00,2026-09-25T23:00:00+00:00,251.9,False,False,open_meteo,66.5,63.2,10.2,19.5,262.0,0.13,0.0,62.0,0.0
2026_CFB_W04_NU_IU,2026-09-15T11:06:09.877380+00:00,2026-09-26T00:00:00+00:00,252.9,False,False,open_meteo,58.9,57.3,5.9,13.4,11.0,0.1,0.0,80.0,0.0
2026_CFB_W04_CLEM_CAL,2026-09-15T11:06:09.877732+00:00,2026-09-26T02:30:00+00:00,255.4,False,False,open_meteo,64.6,61.7,13.2,17.4,238.0,0.02,0.0,80.0,1.0
2026_CFB_W04_WIS_PSU,2026-09-15T11:06:09.878040+00:00,2026-09-26T21:00:00+00:00,273.9,False,False,open_meteo,70.4,70.6,6.0,9.2,360.0,0.17,0.0,66.0,0.0
2026_CFB_W04_SC_ALA,2026-09-15T11:06:09.878353+00:00,2026-09-26T23:00:00+00:00,275.9,False,False,open_meteo,81.2,79.4,5.0,7.4,77.0,0.06,0.0,35.0,0.0
2026_CFB_W04_VAN_AUB,2026-09-15T11:06:09.878685+00:00,2026-09-26T20:15:00+00:00,273.1,False,False,open_meteo,85.1,85.3,5.4,8.1,128.0,0.2,0.0,35.0,1.0
2026_CFB_W04_MISS_FLA,2026-09-15T11:06:10.547726+00:00,2026-09-26T19:30:00+00:00,272.4,False,False,open_meteo,86.3,90.8,7.2,9.2,164.0,0.34,0.008,57.0,51.0
2026_CFB_W04_TAM_LSU,2026-09-15T11:06:11.215160+00:00,2026-09-26T23:30:00+00:00,276.4,False,False,open_meteo,83.7,80.8,5.6,9.6,95.0,0.16,0.0,29.0,0.0
2026_CFB_W04_MIZ_MSST,2026-09-15T11:06:12.359315+00:00,2026-09-26T23:45:00+00:00,276.6,False,False,open_meteo,80.7,76.9,8.2,12.3,73.0,0.13,0.0,33.0,0.0
2026_CFB_W04_SHSU_TTU,2026-09-15T11:06:12.359732+00:00,2026-09-26T16:00:00+00:00,268.9,False,False,open_meteo,81.4,74.9,11.8,16.8,205.0,0.08,0.0,27.0,0.0
2026_CFB_W04_OU_UGA,2026-09-15T11:06:13.030956+00:00,2026-09-26T19:30:00+00:00,272.4,False,False,open_meteo,84.0,84.7,8.1,9.4,88.0,0.3,0.0,37.0,2.0
2026_CFB_W04_HOU_GASO,2026-09-15T11:06:13.702583+00:00,2026-09-26T04:00:00+00:00,256.9,False,False,open_meteo,78.3,74.9,6.6,15.0,350.0,0.18,0.0,34.0,3.0
2026_CFB_W04_KSU_CIN,2026-09-15T11:06:14.369265+00:00,2026-09-26T23:00:00+00:00,275.9,False,False,open_meteo,69.0,67.2,5.3,14.1,68.0,0.07,0.0,53.0,0.0
2026_CFB_W04_UTAH_ISU,2026-09-15T11:06:14.369678+00:00,2026-09-26T19:30:00+00:00,272.4,False,False,open_meteo,75.5,71.1,14.8,20.1,169.0,0.06,0.0,41.0,1.0
2026_CFB_W04_OKST_WVU,2026-09-15T11:06:15.063738+00:00,2026-09-26T23:00:00+00:00,275.9,False,False,open_meteo,62.8,63.3,3.7,4.0,52.0,0.13,0.0,80.0,0.0
2026_CFB_W04_FCS2110_FSU,2026-09-15T11:06:15.746676+00:00,2026-09-26T19:00:00+00:00,271.9,False,False,open_meteo,90.3,92.6,5.1,7.2,92.0,0.31,0.0,40.0,3.0
2026_CFB_W04_DEL_UVA,2026-09-15T11:06:16.422088+00:00,2026-09-26T22:00:00+00:00,274.9,False,False,open_meteo,74.2,74.5,3.2,3.6,98.0,0.19,0.0,51.0,0.0
2026_CFB_W04_MOST_SMU,2026-09-15T11:06:17.096411+00:00,2026-09-27T01:00:00+00:00,277.9,False,False,open_meteo,87.6,81.0,8.3,14.3,90.0,0.06,0.0,16.0,0.0
2026_CFB_W04_VT_BC,2026-09-15T11:06:17.096847+00:00,2026-09-26T16:00:00+00:00,268.9,False,False,open_meteo,60.8,61.2,7.1,21.5,311.0,0.08,0.012,97.0,51.0
2026_CFB_W04_TCU_UCF,2026-09-15T11:06:17.097179+00:00,2026-09-26T19:30:00+00:00,272.4,False,False,open_meteo,83.6,91.6,3.0,4.3,287.0,0.62,0.106,69.0,95.0
2026_CFB_W04_COLO_BAY,2026-09-15T11:06:17.097505+00:00,2026-09-26T16:00:00+00:00,268.9,False,False,open_meteo,82.1,76.7,7.4,9.4,90.0,0.08,0.0,20.0,0.0
2026_CFB_W04_UCLA_MD,2026-09-15T11:06:17.097837+00:00,2026-09-26T17:30:00+00:00,270.4,False,False,open_meteo,77.0,77.2,8.6,12.3,335.0,0.18,0.0,48.0,0.0
2026_CFB_W04_IOWA_MICH,2026-09-15T11:06:17.098150+00:00,2026-09-26T19:30:00+00:00,272.4,False,False,open_meteo,70.7,71.9,2.7,2.2,204.0,0.13,0.0,52.0,0.0
2026_CFB_W04_NEB_MSU,2026-09-15T11:06:17.775596+00:00,2026-09-26T21:00:00+00:00,273.9,False,False,open_meteo,69.6,69.5,3.7,4.5,197.0,0.17,0.0,59.0,1.0
2026_CFB_W04_ND_PUR,2026-09-15T11:06:18.452209+00:00,2026-09-26T18:00:00+00:00,270.9,False,False,open_meteo,71.3,73.4,2.7,2.9,114.0,0.06,0.0,52.0,0.0
2026_CFB_W04_ORE_USC,2026-09-15T11:06:19.123776+00:00,2026-09-26T23:30:00+00:00,276.4,False,False,open_meteo,74.5,72.2,11.1,7.2,234.0,0.04,0.0,52.0,0.0
2026_CFB_W04_MINN_WASH,2026-09-15T11:06:19.124186+00:00,2026-09-27T03:00:00+00:00,279.9,False,False,open_meteo,53.3,49.2,4.6,5.1,11.0,0.15,0.0,63.0,2.0
2026_CFB_W04_SDSU_TOL,2026-09-15T11:06:19.124530+00:00,2026-09-26T16:00:00+00:00,268.9,False,False,open_meteo,70.0,69.6,2.2,2.0,294.0,0.12,0.0,47.0,0.0
2026_CFB_W04_BOIS_WMU,2026-09-15T11:06:19.795506+00:00,2026-09-26T04:00:00+00:00,256.9,False,False,open_meteo,52.0,49.7,5.8,8.3,332.0,0.05,0.0,95.0,0.0
2026_CFB_W04_CONN_MOH,2026-09-15T11:06:20.472807+00:00,2026-09-26T19:30:00+00:00,272.4,False,False,open_meteo,74.6,73.4,7.3,6.9,72.0,0.13,0.0,42.0,0.0
2026_CFB_W04_UL_CLT,2026-09-15T11:06:21.147252+00:00,2026-09-26T22:30:00+00:00,275.4,False,False,open_meteo,80.8,78.4,4.8,6.7,49.0,0.19,0.0,32.0,1.0
2026_CFB_W04_FAU_ULM,2026-09-15T11:06:21.147673+00:00,2026-09-27T00:00:00+00:00,276.9,False,False,open_meteo,78.0,74.4,6.5,6.9,22.0,0.0,0.0,33.0,0.0
2026_CFB_W04_USM_TULN,2026-09-15T11:06:21.820486+00:00,2026-09-26T23:00:00+00:00,275.9,False,False,open_meteo,85.4,82.3,9.0,11.6,84.0,0.2,0.0,32.0,0.0
2026_CFB_W04_USF_BGSU,2026-09-15T11:06:22.497792+00:00,2026-09-26T21:00:00+00:00,273.9,False,False,open_meteo,71.1,71.3,1.4,1.8,129.0,0.17,0.0,52.0,0.0
2026_CFB_W04_CSU_UTSA,2026-09-15T11:06:22.498056+00:00,2026-09-26T16:00:00+00:00,268.9,True,False,open_meteo,,,,,,,,,
2026_CFB_W04_WAKE_LOU,2026-09-15T11:06:22.498378+00:00,2026-09-26T16:00:00+00:00,268.9,False,False,open_meteo,71.2,70.0,5.7,9.4,81.0,0.12,0.0,48.0,0.0
2026_CFB_W04_ILL_OSU,2026-09-15T11:06:22.498718+00:00,2026-09-26T16:00:00+00:00,268.9,False,False,open_meteo,68.7,69.2,3.6,4.5,43.0,0.14,0.0,57.0,0.0
2026_CFB_W04_AF_NEV,2026-09-15T11:06:23.205689+00:00,2026-09-27T02:30:00+00:00,279.4,False,False,open_meteo,61.1,52.6,12.8,20.4,224.0,0.03,0.0,39.0,1.0
2026_CFB_W04_NIU_GAST,2026-09-15T11:06:23.883279+00:00,2026-09-26T18:00:00+00:00,270.9,False,False,open_meteo,82.4,82.2,9.5,11.6,99.0,0.26,0.0,37.0,0.0
2026_CFB_W04_APP_NCSU,2026-09-15T11:06:24.566051+00:00,2026-09-26T23:30:00+00:00,276.4,False,False,open_meteo,76.8,75.2,3.9,7.6,66.0,0.11,0.0,39.0,1.0
2026_CFB_W04_BALL_KENT,2026-09-15T11:06:25.240729+00:00,2026-09-26T16:00:00+00:00,268.9,False,False,open_meteo,66.6,67.1,4.5,5.6,351.0,0.17,0.0,66.0,0.0
2026_CFB_W04_UNLV_AKR,2026-09-15T11:06:25.918275+00:00,2026-09-26T16:00:00+00:00,268.9,False,False,open_meteo,67.2,67.5,3.8,5.1,353.0,0.17,0.0,61.0,0.0
2026_CFB_W04_MASS_SAC,2026-09-15T11:06:25.918692+00:00,2026-09-27T01:00:00+00:00,277.9,False,False,open_meteo,74.1,69.9,10.6,16.8,215.0,0.04,0.0,44.0,2.0
2026_CFB_W04_JMU_ODU,2026-09-15T11:06:25.919021+00:00,2026-09-26T22:00:00+00:00,274.9,False,False,open_meteo,74.4,74.6,5.1,6.3,45.0,0.3,0.0,55.0,0.0
2026_CFB_W04_FCS2083_PITT,2026-09-15T11:06:25.919333+00:00,2026-09-26T16:00:00+00:00,268.9,False,False,open_meteo,67.9,68.0,5.4,7.2,343.0,0.15,0.0,61.0,0.0
2026_CFB_W04_TEX_TENN,2026-09-15T11:06:25.919669+00:00,2026-09-26T16:00:00+00:00,268.9,False,False,open_meteo,72.6,70.4,9.4,11.2,59.0,0.08,0.0,47.0,0.0
2026_CFB_W04_USA_UK,2026-09-15T11:06:26.595622+00:00,2026-09-26T16:45:00+00:00,269.6,False,False,open_meteo,69.0,66.3,9.3,11.6,75.0,0.12,0.0,51.0,0.0
2026_CFB_W04_FCS2815_EMU,2026-09-15T11:06:27.265349+00:00,2026-09-26T17:00:00+00:00,269.9,False,False,open_meteo,68.4,70.3,2.1,2.5,229.0,0.12,0.0,59.0,0.0
2026_CFB_W04_HAW_WYO,2026-09-15T11:06:27.930525+00:00,2026-09-26T19:00:00+00:00,271.9,False,False,open_meteo,71.9,62.0,19.1,25.7,225.0,0.07,0.0,35.0,3.0
2026_CFB_W04_UNM_NMSU,2026-09-15T11:06:28.596903+00:00,2026-09-26T19:30:00+00:00,272.4,False,False,open_meteo,86.8,82.9,17.9,16.6,158.0,0.05,0.0,33.0,2.0
2026_CFB_W04_FCS2523_BUF,2026-09-15T11:06:29.266805+00:00,2026-09-26T19:30:00+00:00,272.4,False,False,open_meteo,69.3,68.1,6.1,5.6,332.0,0.2,0.0,52.0,0.0
2026_CFB_W04_FCS284_OHIO,2026-09-15T11:06:29.938152+00:00,2026-09-26T19:30:00+00:00,272.4,False,False,open_meteo,74.5,75.8,4.5,6.3,57.0,0.2,0.0,50.0,0.0
2026_CFB_W04_FCS2729_DUKE,2026-09-15T11:06:29.938569+00:00,2026-09-26T19:30:00+00:00,272.4,False,False,open_meteo,82.6,83.6,3.8,4.0,83.0,0.19,0.0,33.0,0.0
2026_CFB_W04_FCS2241_MRSH,2026-09-15T11:06:30.605566+00:00,2026-09-26T19:30:00+00:00,272.4,False,False,open_meteo,76.3,76.6,5.9,7.8,50.0,0.14,0.0,44.0,0.0
2026_CFB_W04_FCS2428_ECU,2026-09-15T11:06:31.300687+00:00,2026-09-26T20:00:00+00:00,272.9,False,False,open_meteo,79.5,79.7,5.9,6.5,43.0,0.31,0.0,44.0,0.0
2026_CFB_W04_FCS2916_TXST,2026-09-15T11:06:31.301101+00:00,2026-09-26T22:00:00+00:00,274.9,False,False,open_meteo,93.2,86.1,9.5,11.6,75.0,0.12,0.0,13.0,0.0
2026_CFB_W04_FCS2341_FIU,2026-09-15T11:06:31.971271+00:00,2026-09-26T22:00:00+00:00,274.9,False,False,open_meteo,83.9,91.4,2.7,2.7,175.0,0.68,0.0,66.0,3.0
2026_CFB_W04_CMU_MIA,2026-09-15T11:06:31.971690+00:00,2026-09-26T22:30:00+00:00,275.4,False,False,open_meteo,85.0,90.2,6.2,6.9,150.0,0.68,0.0,60.0,3.0
2026_CFB_W04_KENN_ARST,2026-09-15T11:06:32.643444+00:00,2026-09-26T23:00:00+00:00,275.9,False,False,open_meteo,78.2,74.4,8.0,9.6,52.0,0.09,0.0,35.0,0.0
2026_CFB_W04_FCS2385_WKU,2026-09-15T11:06:33.318081+00:00,2026-09-26T23:00:00+00:00,275.9,False,False,open_meteo,71.6,68.1,8.4,12.3,56.0,0.15,0.0,47.0,0.0
2026_CFB_W04_MTSU_JXST,2026-09-15T11:06:33.318492+00:00,2026-09-26T23:00:00+00:00,275.9,False,False,open_meteo,75.2,75.1,5.4,6.0,107.0,0.22,0.0,53.0,1.0
2026_CFB_W04_TROY_USU,2026-09-15T11:06:33.989898+00:00,2026-09-26T23:30:00+00:00,276.4,False,False,open_meteo,69.9,63.5,13.2,21.7,217.0,0.15,0.0,44.0,3.0
2026_CFB_W04_FCS2277_UNT,2026-09-15T11:06:34.665302+00:00,2026-09-26T23:30:00+00:00,276.4,False,False,open_meteo,87.3,80.8,7.2,8.7,92.0,0.06,0.0,15.0,0.0
2026_CFB_W04_ARIZ_WSU,2026-09-15T11:06:34.665725+00:00,2026-09-26T23:30:00+00:00,276.4,False,False,open_meteo,50.1,40.9,13.5,17.0,278.0,0.13,0.004,53.0,51.0
2026_CFB_W04_TLSA_ARK,2026-09-15T11:06:34.666057+00:00,2026-09-27T00:00:00+00:00,276.9,False,False,open_meteo,70.7,66.9,7.7,14.5,165.0,0.13,0.0,44.0,0.0
2026_CFB_W04_ORST_UTEP,2026-09-15T11:06:35.336874+00:00,2026-09-27T01:00:00+00:00,277.9,False,False,open_meteo,87.9,82.7,12.7,14.5,144.0,0.04,0.0,28.0,3.0
2026_CFB_W04_RICE_FRES,2026-09-15T11:06:36.008050+00:00,2026-09-27T02:00:00+00:00,278.9,False,False,open_meteo,81.2,77.3,8.5,10.1,313.0,0.02,0.0,32.0,2.0
2026_CFB_W04_GT_STAN,2026-09-15T11:06:36.703139+00:00,2026-09-27T02:30:00+00:00,279.4,False,False,open_meteo,65.5,63.6,7.5,11.0,279.0,0.04,0.0,66.0,2.0
2026_CFB_W04_LIB_CCU,2026-09-16T11:07:16.865049+00:00,2026-09-24T23:30:00+00:00,204.4,False,False,open_meteo,79.0,83.8,8.0,15.4,169.0,0.4,0.0,75.0,2.0
2026_CFB_W04_ARMY_TEM,2026-09-16T11:07:18.006020+00:00,2026-09-25T20:00:00+00:00,224.9,False,False,open_meteo,67.3,61.5,10.6,18.1,265.0,0.13,0.0,44.0,3.0
2026_CFB_W04_NAVY_UAB,2026-09-16T11:07:19.132091+00:00,2026-09-25T23:00:00+00:00,227.9,False,False,open_meteo,72.7,66.1,8.4,17.4,16.0,0.13,0.0,27.0,0.0
2026_CFB_W04_FCS47_RUTG,2026-09-16T11:07:19.132642+00:00,2026-09-25T23:00:00+00:00,227.9,False,False,open_meteo,63.7,58.2,9.7,18.6,314.0,0.12,0.0,49.0,1.0
2026_CFB_W04_NU_IU,2026-09-16T11:07:19.133148+00:00,2026-09-26T00:00:00+00:00,228.9,False,False,open_meteo,54.6,49.8,5.4,6.5,343.0,0.02,0.0,56.0,0.0
2026_CFB_W04_CLEM_CAL,2026-09-16T11:07:19.133614+00:00,2026-09-26T02:30:00+00:00,231.4,False,False,open_meteo,67.0,65.8,7.8,11.6,221.0,0.02,0.0,69.0,1.0
2026_CFB_W04_WIS_PSU,2026-09-16T11:07:19.134092+00:00,2026-09-26T21:00:00+00:00,249.9,False,False,open_meteo,60.7,54.5,9.7,16.6,314.0,0.13,0.0,49.0,0.0
2026_CFB_W04_SC_ALA,2026-09-16T11:07:19.134535+00:00,2026-09-26T23:00:00+00:00,251.9,False,False,open_meteo,77.1,73.4,7.9,17.4,35.0,0.08,0.0,37.0,0.0
2026_CFB_W04_VAN_AUB,2026-09-16T11:07:19.135001+00:00,2026-09-26T20:15:00+00:00,249.1,False,False,open_meteo,81.8,78.6,10.2,13.0,75.0,0.14,0.0,30.0,0.0
2026_CFB_W04_MISS_FLA,2026-09-16T11:07:20.242396+00:00,2026-09-26T19:30:00+00:00,248.4,False,False,open_meteo,74.8,78.3,12.5,24.6,49.0,0.4,0.102,89.0,81.0
2026_CFB_W04_TAM_LSU,2026-09-16T11:07:21.381174+00:00,2026-09-26T23:30:00+00:00,252.4,False,False,open_meteo,81.4,75.4,7.8,14.1,39.0,0.13,0.0,22.0,0.0
2026_CFB_W04_MIZ_MSST,2026-09-16T11:07:22.974343+00:00,2026-09-26T23:45:00+00:00,252.6,False,False,open_meteo,75.7,70.2,8.9,14.1,49.0,0.05,0.0,31.0,0.0
2026_CFB_W04_SHSU_TTU,2026-09-16T11:07:22.974919+00:00,2026-09-26T16:00:00+00:00,244.9,False,False,open_meteo,75.9,69.0,10.5,15.0,192.0,0.11,0.0,27.0,0.0
2026_CFB_W04_OU_UGA,2026-09-16T11:07:24.116316+00:00,2026-09-26T19:30:00+00:00,248.4,False,False,open_meteo,76.4,74.3,7.5,9.2,73.0,0.16,0.0,31.0,2.0
2026_CFB_W04_HOU_GASO,2026-09-16T11:07:25.248612+00:00,2026-09-26T04:00:00+00:00,232.9,False,False,open_meteo,73.1,74.1,5.8,15.4,74.0,0.16,0.0,64.0,3.0
2026_CFB_W04_KSU_CIN,2026-09-16T11:07:26.375786+00:00,2026-09-26T23:00:00+00:00,251.9,False,False,open_meteo,60.0,56.2,4.5,4.9,20.0,0.11,0.0,52.0,0.0
2026_CFB_W04_UTAH_ISU,2026-09-16T11:07:26.376330+00:00,2026-09-26T19:30:00+00:00,248.4,False,False,open_meteo,71.5,67.1,14.8,17.4,181.0,0.1,0.0,48.0,0.0
2026_CFB_W04_OKST_WVU,2026-09-16T11:07:27.506515+00:00,2026-09-26T23:00:00+00:00,251.9,False,False,open_meteo,53.3,50.3,2.4,4.3,326.0,0.13,0.0,65.0,0.0
2026_CFB_W04_FCS2110_FSU,2026-09-16T11:07:28.649390+00:00,2026-09-26T19:00:00+00:00,247.9,False,False,open_meteo,80.8,80.4,11.9,17.4,62.0,0.24,0.0,55.0,3.0
2026_CFB_W04_DEL_UVA,2026-09-16T11:07:29.781808+00:00,2026-09-26T22:00:00+00:00,250.9,False,False,open_meteo,65.7,59.9,7.0,9.4,9.0,0.14,0.0,36.0,0.0
2026_CFB_W04_MOST_SMU,2026-09-16T11:07:30.913756+00:00,2026-09-27T01:00:00+00:00,253.9,False,False,open_meteo,85.2,78.3,9.8,14.1,78.0,0.03,0.0,19.0,0.0
2026_CFB_W04_VT_BC,2026-09-16T11:07:30.914301+00:00,2026-09-26T16:00:00+00:00,244.9,False,False,open_meteo,58.9,52.1,11.2,18.3,305.0,0.07,0.0,38.0,0.0
2026_CFB_W04_TCU_UCF,2026-09-16T11:07:30.914798+00:00,2026-09-26T19:30:00+00:00,248.4,False,False,open_meteo,73.9,80.4,5.1,9.8,119.0,0.52,0.028,91.0,53.0
2026_CFB_W04_COLO_BAY,2026-09-16T11:07:30.915272+00:00,2026-09-26T16:00:00+00:00,244.9,False,False,open_meteo,80.4,74.5,8.3,11.4,76.0,0.03,0.0,21.0,0.0
2026_CFB_W04_UCLA_MD,2026-09-16T11:07:30.915750+00:00,2026-09-26T17:30:00+00:00,246.4,False,False,open_meteo,66.6,62.0,10.3,15.4,330.0,0.07,0.0,38.0,0.0
2026_CFB_W04_IOWA_MICH,2026-09-16T11:07:30.916206+00:00,2026-09-26T19:30:00+00:00,248.4,False,False,open_meteo,64.8,59.7,8.5,10.5,300.0,0.06,0.0,36.0,0.0
2026_CFB_W04_NEB_MSU,2026-09-16T11:07:32.030844+00:00,2026-09-26T21:00:00+00:00,249.9,False,False,open_meteo,66.6,60.4,8.4,11.0,286.0,0.08,0.0,36.0,0.0
2026_CFB_W04_ND_PUR,2026-09-16T11:07:33.160755+00:00,2026-09-26T18:00:00+00:00,246.9,False,False,open_meteo,65.7,64.8,3.5,3.8,235.0,0.05,0.0,43.0,0.0
2026_CFB_W04_ORE_USC,2026-09-16T11:07:34.292014+00:00,2026-09-26T23:30:00+00:00,252.4,False,False,open_meteo,79.5,77.1,11.2,9.2,235.0,0.01,0.0,44.0,0.0
2026_CFB_W04_MINN_WASH,2026-09-16T11:07:34.292550+00:00,2026-09-27T03:00:00+00:00,255.9,False,False,open_meteo,56.0,52.0,6.1,16.6,28.0,0.14,0.0,65.0,3.0
2026_CFB_W04_SDSU_TOL,2026-09-16T11:07:34.293045+00:00,2026-09-26T16:00:00+00:00,244.9,False,False,open_meteo,61.3,56.7,5.7,9.6,296.0,0.08,0.0,39.0,0.0
2026_CFB_W04_BOIS_WMU,2026-09-16T11:07:35.429680+00:00,2026-09-26T04:00:00+00:00,232.9,False,False,open_meteo,45.7,41.1,3.5,3.8,325.0,0.09,0.0,69.0,0.0
2026_CFB_W04_CONN_MOH,2026-09-16T11:07:36.559918+00:00,2026-09-26T19:30:00+00:00,248.4,False,False,open_meteo,64.9,62.5,5.9,6.3,43.0,0.06,0.0,43.0,0.0
2026_CFB_W04_UL_CLT,2026-09-16T11:07:37.688585+00:00,2026-09-26T22:30:00+00:00,251.4,False,False,open_meteo,71.7,66.2,6.6,11.9,57.0,0.18,0.0,30.0,0.0
2026_CFB_W04_FAU_ULM,2026-09-16T11:07:37.689179+00:00,2026-09-27T00:00:00+00:00,252.9,False,False,open_meteo,72.6,65.8,8.2,19.2,11.0,0.05,0.0,25.0,0.0
2026_CFB_W04_USM_TULN,2026-09-16T11:07:38.837212+00:00,2026-09-26T23:00:00+00:00,251.9,False,False,open_meteo,84.2,78.9,8.7,15.2,42.0,0.18,0.0,24.0,0.0
2026_CFB_W04_USF_BGSU,2026-09-16T11:07:39.979882+00:00,2026-09-26T21:00:00+00:00,249.9,False,False,open_meteo,66.1,61.1,7.2,8.9,292.0,0.07,0.0,42.0,0.0
2026_CFB_W04_CSU_UTSA,2026-09-16T11:07:39.980236+00:00,2026-09-26T16:00:00+00:00,244.9,True,False,open_meteo,,,,,,,,,
2026_CFB_W04_WAKE_LOU,2026-09-16T11:07:39.980731+00:00,2026-09-26T16:00:00+00:00,244.9,False,False,open_meteo,63.5,59.4,5.7,9.4,59.0,0.06,0.0,37.0,0.0
2026_CFB_W04_ILL_OSU,2026-09-16T11:07:39.981218+00:00,2026-09-26T16:00:00+00:00,244.9,False,False,open_meteo,59.9,56.1,6.1,9.8,354.0,0.12,0.0,47.0,0.0
2026_CFB_W04_AF_NEV,2026-09-16T11:07:41.116446+00:00,2026-09-27T02:30:00+00:00,255.4,False,False,open_meteo,69.1,61.3,11.7,11.6,273.0,0.03,0.0,31.0,1.0
2026_CFB_W04_NIU_GAST,2026-09-16T11:07:42.267420+00:00,2026-09-26T18:00:00+00:00,246.9,False,False,open_meteo,76.6,74.0,8.5,9.6,78.0,0.07,0.0,28.0,0.0
2026_CFB_W04_APP_NCSU,2026-09-16T11:07:43.397460+00:00,2026-09-26T23:30:00+00:00,252.4,False,False,open_meteo,67.6,62.9,5.4,9.8,45.0,0.15,0.0,36.0,2.0
2026_CFB_W04_BALL_KENT,2026-09-16T11:07:44.520322+00:00,2026-09-26T16:00:00+00:00,244.9,False,False,open_meteo,58.5,52.6,10.1,13.0,319.0,0.1,0.0,47.0,0.0
2026_CFB_W04_UNLV_AKR,2026-09-16T11:07:45.644033+00:00,2026-09-26T16:00:00+00:00,244.9,False,False,open_meteo,58.3,51.8,10.7,14.1,321.0,0.1,0.0,44.0,0.0
2026_CFB_W04_MASS_SAC,2026-09-16T11:07:45.644624+00:00,2026-09-27T01:00:00+00:00,253.9,False,False,open_meteo,80.0,76.6,11.4,16.1,215.0,0.04,0.0,42.0,2.0
2026_CFB_W04_JMU_ODU,2026-09-16T11:07:45.645128+00:00,2026-09-26T22:00:00+00:00,250.9,False,False,open_meteo,68.5,62.9,9.3,12.3,24.0,0.2,0.0,40.0,0.0
2026_CFB_W04_FCS2083_PITT,2026-09-16T11:07:45.645583+00:00,2026-09-26T16:00:00+00:00,244.9,False,False,open_meteo,60.1,56.0,7.8,11.4,319.0,0.06,0.0,50.0,0.0
2026_CFB_W04_TEX_TENN,2026-09-16T11:07:45.646062+00:00,2026-09-26T16:00:00+00:00,244.9,False,False,open_meteo,65.9,61.4,9.1,11.6,52.0,0.09,0.0,39.0,0.0
2026_CFB_W04_USA_UK,2026-09-16T11:07:46.765494+00:00,2026-09-26T16:45:00+00:00,245.6,False,False,open_meteo,62.1,56.1,9.7,11.2,50.0,0.1,0.0,37.0,0.0
2026_CFB_W04_FCS2815_EMU,2026-09-16T11:07:47.884164+00:00,2026-09-26T17:00:00+00:00,245.9,False,False,open_meteo,62.1,57.9,7.4,9.8,299.0,0.1,0.0,42.0,0.0
2026_CFB_W04_HAW_WYO,2026-09-16T11:07:49.002827+00:00,2026-09-26T19:00:00+00:00,247.9,False,False,open_meteo,74.9,65.6,15.7,15.9,240.0,0.12,0.0,27.0,3.0
2026_CFB_W04_UNM_NMSU,2026-09-16T11:07:50.151531+00:00,2026-09-26T19:30:00+00:00,248.4,False,False,open_meteo,84.2,84.0,10.3,9.6,150.0,0.11,0.0,36.0,0.0
2026_CFB_W04_FCS2523_BUF,2026-09-16T11:07:51.289305+00:00,2026-09-26T19:30:00+00:00,248.4,False,False,open_meteo,61.5,54.9,10.9,15.7,298.0,0.14,0.0,40.0,0.0
2026_CFB_W04_FCS284_OHIO,2026-09-16T11:07:52.428109+00:00,2026-09-26T19:30:00+00:00,248.4,False,False,open_meteo,66.6,62.9,6.0,8.1,347.0,0.11,0.0,32.0,0.0
2026_CFB_W04_FCS2729_DUKE,2026-09-16T11:07:52.428650+00:00,2026-09-26T19:30:00+00:00,248.4,False,False,open_meteo,72.2,68.9,7.1,10.3,20.0,0.15,0.0,30.0,0.0
2026_CFB_W04_FCS2241_MRSH,2026-09-16T11:07:53.561532+00:00,2026-09-26T19:30:00+00:00,248.4,False,False,open_meteo,68.9,65.2,6.0,8.1,13.0,0.12,0.0,29.0,0.0
2026_CFB_W04_FCS2428_ECU,2026-09-16T11:07:54.692191+00:00,2026-09-26T20:00:00+00:00,248.9,False,False,open_meteo,71.6,65.7,10.1,11.2,18.0,0.19,0.0,33.0,3.0
2026_CFB_W04_FCS2916_TXST,2026-09-16T11:07:54.692758+00:00,2026-09-26T22:00:00+00:00,250.9,False,False,open_meteo,91.1,82.4,12.8,15.7,41.0,0.06,0.0,13.0,0.0
2026_CFB_W04_FCS2341_FIU,2026-09-16T11:07:55.836410+00:00,2026-09-26T22:00:00+00:00,250.9,False,False,open_meteo,79.9,87.1,2.4,4.5,124.0,0.77,0.004,73.0,51.0
2026_CFB_W04_CMU_MIA,2026-09-16T11:07:55.836989+00:00,2026-09-26T22:30:00+00:00,251.4,False,False,open_meteo,78.7,85.3,6.0,8.7,112.0,0.74,0.035,80.0,53.0
2026_CFB_W04_KENN_ARST,2026-09-16T11:07:56.970836+00:00,2026-09-26T23:00:00+00:00,251.9,False,False,open_meteo,71.7,64.0,9.5,12.8,47.0,0.02,0.0,24.0,0.0
2026_CFB_W04_FCS2385_WKU,2026-09-16T11:07:58.114293+00:00,2026-09-26T23:00:00+00:00,251.9,False,False,open_meteo,64.6,57.8,8.3,10.3,52.0,0.08,0.0,33.0,0.0
2026_CFB_W04_MTSU_JXST,2026-09-16T11:07:58.114866+00:00,2026-09-26T23:00:00+00:00,251.9,False,False,open_meteo,69.4,66.6,6.3,9.6,45.0,0.07,0.0,49.0,0.0
2026_CFB_W04_TROY_USU,2026-09-16T11:07:59.263847+00:00,2026-09-26T23:30:00+00:00,252.4,False,False,open_meteo,83.2,71.7,21.2,26.6,241.0,0.12,0.0,21.0,2.0
2026_CFB_W04_FCS2277_UNT,2026-09-16T11:08:00.435341+00:00,2026-09-26T23:30:00+00:00,252.4,False,False,open_meteo,85.8,80.0,8.1,8.7,71.0,0.05,0.0,20.0,0.0
2026_CFB_W04_ARIZ_WSU,2026-09-16T11:08:00.435933+00:00,2026-09-26T23:30:00+00:00,252.4,False,False,open_meteo,73.2,62.9,18.1,29.1,258.0,0.07,0.0,29.0,3.0
2026_CFB_W04_TLSA_ARK,2026-09-16T11:08:00.436402+00:00,2026-09-27T00:00:00+00:00,252.9,False,False,open_meteo,70.3,65.6,7.4,8.3,111.0,0.11,0.0,38.0,0.0
2026_CFB_W04_ORST_UTEP,2026-09-16T11:08:01.591400+00:00,2026-09-27T01:00:00+00:00,253.9,False,False,open_meteo,87.2,81.7,11.9,12.3,122.0,0.06,0.0,26.0,0.0
2026_CFB_W04_RICE_FRES,2026-09-16T11:08:02.755284+00:00,2026-09-27T02:00:00+00:00,254.9,False,False,open_meteo,84.8,80.5,10.9,15.9,311.0,0.03,0.0,31.0,0.0
2026_CFB_W04_GT_STAN,2026-09-16T11:08:03.904124+00:00,2026-09-27T02:30:00+00:00,255.4,False,False,open_meteo,70.5,70.5,6.0,6.7,285.0,0.01,0.0,64.0,2.0
2026_CFB_W04_LIB_CCU,2026-09-17T11:07:10.246092+00:00,2026-09-24T23:30:00+00:00,180.4,False,False,open_meteo,76.7,80.3,4.7,10.5,93.0,0.26,0.0,68.0,3.0
2026_CFB_W04_ARMY_TEM,2026-09-17T11:07:11.387714+00:00,2026-09-25T20:00:00+00:00,200.9,False,False,open_meteo,74.5,68.7,13.8,23.7,302.0,0.16,0.0,41.0,0.0
2026_CFB_W04_NAVY_UAB,2026-09-17T11:07:12.531101+00:00,2026-09-25T23:00:00+00:00,203.9,False,False,open_meteo,78.9,77.1,7.0,13.9,6.0,0.04,0.0,42.0,1.0
2026_CFB_W04_FCS47_RUTG,2026-09-17T11:07:12.531617+00:00,2026-09-25T23:00:00+00:00,203.9,False,False,open_meteo,65.9,60.6,10.8,22.6,315.0,0.15,0.0,51.0,0.0
2026_CFB_W04_NU_IU,2026-09-17T11:07:12.532110+00:00,2026-09-26T00:00:00+00:00,204.9,False,False,open_meteo,58.2,54.6,5.8,11.4,36.0,0.05,0.0,63.0,2.0
2026_CFB_W04_CLEM_CAL,2026-09-17T11:07:12.532569+00:00,2026-09-26T02:30:00+00:00,207.4,False,False,open_meteo,60.4,54.8,11.0,19.9,269.0,0.02,0.0,59.0,1.0
2026_CFB_W04_WIS_PSU,2026-09-17T11:07:12.533041+00:00,2026-09-26T21:00:00+00:00,225.9,False,False,open_meteo,59.6,52.0,12.8,24.2,322.0,0.11,0.0,50.0,0.0
2026_CFB_W04_SC_ALA,2026-09-17T11:07:12.533487+00:00,2026-09-26T23:00:00+00:00,227.9,False,False,open_meteo,81.8,85.1,5.0,10.3,54.0,0.06,0.0,56.0,2.0
2026_CFB_W04_VAN_AUB,2026-09-17T11:07:12.533953+00:00,2026-09-26T20:15:00+00:00,225.1,False,False,open_meteo,82.7,85.7,4.2,11.4,72.0,0.12,0.0,52.0,2.0
2026_CFB_W04_MISS_FLA,2026-09-17T11:07:13.671733+00:00,2026-09-26T19:30:00+00:00,224.4,False,False,open_meteo,85.8,88.9,11.3,14.5,60.0,0.36,0.012,59.0,51.0
2026_CFB_W04_TAM_LSU,2026-09-17T11:07:14.819288+00:00,2026-09-26T23:30:00+00:00,228.4,False,False,open_meteo,88.5,90.0,5.4,6.9,88.0,0.06,0.0,40.0,1.0
2026_CFB_W04_MIZ_MSST,2026-09-17T11:07:16.443291+00:00,2026-09-26T23:45:00+00:00,228.6,False,False,open_meteo,83.7,85.3,6.2,14.8,60.0,0.03,0.0,48.0,1.0
2026_CFB_W04_SHSU_TTU,2026-09-17T11:07:16.443825+00:00,2026-09-26T16:00:00+00:00,220.9,False,False,open_meteo,77.7,75.8,10.3,16.1,184.0,0.18,0.0,50.0,0.0
2026_CFB_W04_OU_UGA,2026-09-17T11:07:17.615960+00:00,2026-09-26T19:30:00+00:00,224.4,False,False,open_meteo,83.8,84.4,7.3,8.3,63.0,0.11,0.0,36.0,1.0
2026_CFB_W04_HOU_GASO,2026-09-17T11:07:18.761691+00:00,2026-09-26T04:00:00+00:00,208.9,False,False,open_meteo,74.3,78.0,7.3,17.7,79.0,0.07,0.0,80.0,3.0
2026_CFB_W04_KSU_CIN,2026-09-17T11:07:19.897646+00:00,2026-09-26T23:00:00+00:00,227.9,False,False,open_meteo,62.9,59.6,4.9,7.2,43.0,0.06,0.0,52.0,3.0
2026_CFB_W04_UTAH_ISU,2026-09-17T11:07:19.898215+00:00,2026-09-26T19:30:00+00:00,224.4,False,False,open_meteo,61.2,58.3,10.9,21.9,143.0,0.16,0.0,81.0,3.0
2026_CFB_W04_OKST_WVU,2026-09-17T11:07:21.033920+00:00,2026-09-26T23:00:00+00:00,227.9,False,False,open_meteo,54.6,51.1,3.3,5.1,332.0,0.14,0.0,61.0,0.0
2026_CFB_W04_FCS2110_FSU,2026-09-17T11:07:22.175340+00:00,2026-09-26T19:00:00+00:00,223.9,False,False,open_meteo,90.6,92.9,9.0,13.9,77.0,0.25,0.0,45.0,1.0
2026_CFB_W04_DEL_UVA,2026-09-17T11:07:23.315278+00:00,2026-09-26T22:00:00+00:00,226.9,False,False,open_meteo,68.6,62.7,7.0,11.6,353.0,0.2,0.0,32.0,0.0
2026_CFB_W04_MOST_SMU,2026-09-17T11:07:24.466081+00:00,2026-09-27T01:00:00+00:00,229.9,False,False,open_meteo,91.9,88.8,8.7,12.3,89.0,0.07,0.0,26.0,0.0
2026_CFB_W04_VT_BC,2026-09-17T11:07:24.466612+00:00,2026-09-26T16:00:00+00:00,220.9,False,False,open_meteo,55.8,48.4,10.7,15.9,321.0,0.06,0.0,50.0,3.0
2026_CFB_W04_TCU_UCF,2026-09-17T11:07:24.467114+00:00,2026-09-26T19:30:00+00:00,224.4,False,False,open_meteo,87.1,92.7,7.7,7.2,64.0,0.46,0.016,60.0,51.0
2026_CFB_W04_COLO_BAY,2026-09-17T11:07:24.467568+00:00,2026-09-26T16:00:00+00:00,220.9,False,False,open_meteo,87.3,85.1,7.5,8.1,99.0,0.05,0.0,30.0,2.0
2026_CFB_W04_UCLA_MD,2026-09-17T11:07:24.468039+00:00,2026-09-26T17:30:00+00:00,222.4,False,False,open_meteo,66.2,60.3,12.6,21.0,330.0,0.07,0.0,36.0,0.0
2026_CFB_W04_IOWA_MICH,2026-09-17T11:07:24.468487+00:00,2026-09-26T19:30:00+00:00,224.4,False,False,open_meteo,66.1,62.4,6.0,7.2,338.0,0.1,0.0,35.0,0.0
2026_CFB_W04_NEB_MSU,2026-09-17T11:07:25.621264+00:00,2026-09-26T21:00:00+00:00,225.9,False,False,open_meteo,65.7,60.8,4.6,5.8,331.0,0.09,0.0,35.0,0.0
2026_CFB_W04_ND_PUR,2026-09-17T11:07:26.773179+00:00,2026-09-26T18:00:00+00:00,222.9,False,False,open_meteo,65.9,63.1,5.9,6.5,81.0,0.07,0.0,41.0,3.0
2026_CFB_W04_ORE_USC,2026-09-17T11:07:27.913030+00:00,2026-09-26T23:30:00+00:00,228.4,False,False,open_meteo,80.0,76.8,9.3,5.8,215.0,0.01,0.0,36.0,0.0
2026_CFB_W04_MINN_WASH,2026-09-17T11:07:27.913578+00:00,2026-09-27T03:00:00+00:00,231.9,False,False,open_meteo,54.5,52.3,3.8,2.0,216.0,0.12,0.0,78.0,3.0
2026_CFB_W04_SDSU_TOL,2026-09-17T11:07:27.914075+00:00,2026-09-26T16:00:00+00:00,220.9,False,False,open_meteo,64.6,60.8,3.1,4.7,4.0,0.07,0.0,32.0,0.0
2026_CFB_W04_BOIS_WMU,2026-09-17T11:07:29.050282+00:00,2026-09-26T04:00:00+00:00,208.9,False,False,open_meteo,48.3,42.6,7.2,13.2,7.0,0.05,0.0,70.0,0.0
2026_CFB_W04_CONN_MOH,2026-09-17T11:07:30.193056+00:00,2026-09-26T19:30:00+00:00,224.4,False,False,open_meteo,67.9,65.0,6.7,7.4,50.0,0.07,0.0,44.0,2.0
2026_CFB_W04_UL_CLT,2026-09-17T11:07:31.332268+00:00,2026-09-26T22:30:00+00:00,227.4,False,False,open_meteo,76.3,72.7,5.2,6.3,40.0,0.11,0.0,32.0,3.0
2026_CFB_W04_FAU_ULM,2026-09-17T11:07:31.332798+00:00,2026-09-27T00:00:00+00:00,228.9,False,False,open_meteo,81.6,76.7,7.1,10.1,20.0,0.05,0.0,25.0,0.0
2026_CFB_W04_USM_TULN,2026-09-17T11:07:32.477802+00:00,2026-09-26T23:00:00+00:00,227.9,False,False,open_meteo,88.6,89.4,10.0,14.5,102.0,0.11,0.0,44.0,0.0
2026_CFB_W04_USF_BGSU,2026-09-17T11:07:33.619274+00:00,2026-09-26T21:00:00+00:00,225.9,False,False,open_meteo,68.1,63.9,3.1,5.6,339.0,0.06,0.0,33.0,0.0
2026_CFB_W04_CSU_UTSA,2026-09-17T11:07:33.619626+00:00,2026-09-26T16:00:00+00:00,220.9,True,False,open_meteo,,,,,,,,,
2026_CFB_W04_WAKE_LOU,2026-09-17T11:07:33.620123+00:00,2026-09-26T16:00:00+00:00,220.9,False,False,open_meteo,68.1,63.5,7.1,10.5,66.0,0.03,0.0,37.0,3.0
2026_CFB_W04_ILL_OSU,2026-09-17T11:07:33.620621+00:00,2026-09-26T16:00:00+00:00,220.9,False,False,open_meteo,64.3,62.2,5.1,7.4,29.0,0.06,0.0,50.0,0.0
2026_CFB_W04_AF_NEV,2026-09-17T11:07:34.796548+00:00,2026-09-27T02:30:00+00:00,231.4,False,False,open_meteo,59.6,49.8,11.4,9.6,269.0,0.07,0.0,24.0,0.0
2026_CFB_W04_NIU_GAST,2026-09-17T11:07:35.937335+00:00,2026-09-26T18:00:00+00:00,222.9,False,False,open_meteo,83.3,84.5,7.9,8.5,85.0,0.06,0.0,37.0,0.0
2026_CFB_W04_APP_NCSU,2026-09-17T11:07:37.078343+00:00,2026-09-26T23:30:00+00:00,228.4,False,False,open_meteo,70.6,66.4,5.1,12.1,49.0,0.16,0.0,35.0,0.0
2026_CFB_W04_BALL_KENT,2026-09-17T11:07:38.219629+00:00,2026-09-26T16:00:00+00:00,220.9,False,False,open_meteo,61.1,56.9,7.7,11.2,345.0,0.05,0.0,50.0,0.0
2026_CFB_W04_UNLV_AKR,2026-09-17T11:07:39.372478+00:00,2026-09-26T16:00:00+00:00,220.9,False,False,open_meteo,61.8,58.4,6.3,10.3,343.0,0.05,0.0,49.0,0.0
2026_CFB_W04_MASS_SAC,2026-09-17T11:07:39.373041+00:00,2026-09-27T01:00:00+00:00,229.9,False,False,open_meteo,74.5,68.4,4.8,12.3,281.0,0.01,0.0,20.0,0.0
2026_CFB_W04_JMU_ODU,2026-09-17T11:07:39.373503+00:00,2026-09-26T22:00:00+00:00,226.9,False,False,open_meteo,70.3,63.2,9.9,15.7,346.0,0.2,0.0,30.0,0.0
2026_CFB_W04_FCS2083_PITT,2026-09-17T11:07:39.373974+00:00,2026-09-26T16:00:00+00:00,220.9,False,False,open_meteo,61.1,55.9,7.9,13.4,331.0,0.08,0.0,39.0,0.0
2026_CFB_W04_TEX_TENN,2026-09-17T11:07:39.374427+00:00,2026-09-26T16:00:00+00:00,220.9,False,False,open_meteo,71.4,68.4,9.3,12.1,53.0,0.03,0.0,47.0,3.0
2026_CFB_W04_USA_UK,2026-09-17T11:07:40.512290+00:00,2026-09-26T16:45:00+00:00,221.6,False,False,open_meteo,67.1,61.6,10.2,12.5,61.0,0.04,0.0,38.0,1.0
2026_CFB_W04_FCS2815_EMU,2026-09-17T11:07:41.652712+00:00,2026-09-26T17:00:00+00:00,221.9,False,False,open_meteo,63.7,60.3,5.7,6.7,342.0,0.08,0.0,39.0,0.0
2026_CFB_W04_HAW_WYO,2026-09-17T11:07:42.793552+00:00,2026-09-26T19:00:00+00:00,223.9,False,False,open_meteo,72.0,60.1,20.7,28.9,237.0,0.16,0.0,27.0,3.0
2026_CFB_W04_UNM_NMSU,2026-09-17T11:07:43.956800+00:00,2026-09-26T19:30:00+00:00,224.4,False,False,open_meteo,85.1,82.3,15.8,15.7,173.0,0.06,0.0,35.0,0.0
2026_CFB_W04_FCS2523_BUF,2026-09-17T11:07:45.100793+00:00,2026-09-26T19:30:00+00:00,224.4,False,False,open_meteo,62.4,53.6,14.5,23.7,326.0,0.07,0.0,32.0,0.0
2026_CFB_W04_FCS284_OHIO,2026-09-17T11:07:46.241802+00:00,2026-09-26T19:30:00+00:00,224.4,False,False,open_meteo,69.8,67.6,5.2,7.6,18.0,0.08,0.0,39.0,2.0
2026_CFB_W04_FCS2729_DUKE,2026-09-17T11:07:46.242365+00:00,2026-09-26T19:30:00+00:00,224.4,False,False,open_meteo,76.1,74.0,5.4,8.1,7.0,0.16,0.0,29.0,0.0
2026_CFB_W04_FCS2241_MRSH,2026-09-17T11:07:47.383384+00:00,2026-09-26T19:30:00+00:00,224.4,False,False,open_meteo,72.4,70.0,6.2,7.6,15.0,0.06,0.0,34.0,1.0
2026_CFB_W04_FCS2428_ECU,2026-09-17T11:07:48.528590+00:00,2026-09-26T20:00:00+00:00,224.9,False,False,open_meteo,74.7,68.1,10.9,13.0,15.0,0.22,0.0,26.0,0.0
2026_CFB_W04_FCS2916_TXST,2026-09-17T11:07:48.529157+00:00,2026-09-26T22:00:00+00:00,226.9,False,False,open_meteo,98.0,95.4,7.9,8.7,58.0,0.16,0.0,22.0,1.0
2026_CFB_W04_FCS2341_FIU,2026-09-17T11:07:49.672141+00:00,2026-09-26T22:00:00+00:00,226.9,False,False,open_meteo,85.7,88.5,12.9,13.4,170.0,0.72,0.0,61.0,3.0
2026_CFB_W04_CMU_MIA,2026-09-17T11:07:49.672672+00:00,2026-09-26T22:30:00+00:00,227.4,False,False,open_meteo,87.6,89.1,13.9,12.3,156.0,0.68,0.0,54.0,3.0
2026_CFB_W04_KENN_ARST,2026-09-17T11:07:50.821291+00:00,2026-09-26T23:00:00+00:00,227.9,False,False,open_meteo,80.5,72.8,9.0,10.5,46.0,0.02,0.0,17.0,0.0
2026_CFB_W04_FCS2385_WKU,2026-09-17T11:07:52.008784+00:00,2026-09-26T23:00:00+00:00,227.9,False,False,open_meteo,69.5,63.3,9.4,15.7,54.0,0.03,0.0,35.0,2.0
2026_CFB_W04_MTSU_JXST,2026-09-17T11:07:52.009354+00:00,2026-09-26T23:00:00+00:00,227.9,False,False,open_meteo,79.2,80.7,4.6,8.9,51.0,0.07,0.0,52.0,3.0
2026_CFB_W04_TROY_USU,2026-09-17T11:07:53.179479+00:00,2026-09-26T23:30:00+00:00,228.4,False,False,open_meteo,65.5,58.3,5.6,10.7,277.0,0.12,0.0,21.0,3.0
2026_CFB_W04_FCS2277_UNT,2026-09-17T11:07:54.345162+00:00,2026-09-26T23:30:00+00:00,228.4,False,False,open_meteo,91.9,90.2,6.3,6.3,125.0,0.08,0.0,27.0,0.0
2026_CFB_W04_ARIZ_WSU,2026-09-17T11:07:54.345693+00:00,2026-09-26T23:30:00+00:00,228.4,False,False,open_meteo,59.9,49.4,16.8,20.1,247.0,0.11,0.0,39.0,3.0
2026_CFB_W04_TLSA_ARK,2026-09-17T11:07:54.346207+00:00,2026-09-27T00:00:00+00:00,228.9,False,False,open_meteo,78.3,77.6,6.4,10.7,155.0,0.1,0.0,47.0,0.0
2026_CFB_W04_ORST_UTEP,2026-09-17T11:07:55.495269+00:00,2026-09-27T01:00:00+00:00,229.9,False,False,open_meteo,84.8,83.7,5.6,11.4,209.0,0.1,0.0,35.0,1.0
2026_CFB_W04_RICE_FRES,2026-09-17T11:07:56.638616+00:00,2026-09-27T02:00:00+00:00,230.9,False,False,open_meteo,73.6,64.3,11.7,16.3,318.0,0.02,0.0,19.0,0.0
2026_CFB_W04_GT_STAN,2026-09-17T11:07:57.779136+00:00,2026-09-27T02:30:00+00:00,231.4,False,False,open_meteo,62.6,58.4,8.6,17.2,280.0,0.01,0.0,59.0,0.0
2026_CFB_W04_LIB_CCU,2026-09-17T17:04:24.192107+00:00,2026-09-24T23:30:00+00:00,174.4,False,False,open_meteo,72.8,71.5,11.4,19.5,10.0,0.15,0.0,65.0,3.0
2026_CFB_W04_ARMY_TEM,2026-09-17T17:04:25.403140+00:00,2026-09-25T20:00:00+00:00,194.9,False,False,open_meteo,74.0,68.7,6.1,7.4,350.0,0.09,0.0,26.0,0.0
2026_CFB_W04_NAVY_UAB,2026-09-17T17:04:26.588962+00:00,2026-09-25T23:00:00+00:00,197.9,False,False,open_meteo,81.2,80.5,7.2,15.2,4.0,0.03,0.0,44.0,2.0
2026_CFB_W04_FCS47_RUTG,2026-09-17T17:04:26.589501+00:00,2026-09-25T23:00:00+00:00,197.9,False,False,open_meteo,67.6,63.7,4.0,4.9,289.0,0.1,0.0,38.0,0.0
2026_CFB_W04_NU_IU,2026-09-17T17:04:26.590008+00:00,2026-09-26T00:00:00+00:00,198.9,False,False,open_meteo,67.2,67.5,3.7,6.9,38.0,0.04,0.0,67.0,3.0
2026_CFB_W04_CLEM_CAL,2026-09-17T17:04:26.590468+00:00,2026-09-26T02:30:00+00:00,201.4,False,False,open_meteo,64.7,64.8,6.0,11.9,236.0,0.02,0.0,79.0,3.0
2026_CFB_W04_WIS_PSU,2026-09-17T17:04:26.590950+00:00,2026-09-26T21:00:00+00:00,219.9,False,False,open_meteo,71.6,71.6,2.4,5.4,292.0,0.05,0.0,52.0,1.0
2026_CFB_W04_SC_ALA,2026-09-17T17:04:26.591414+00:00,2026-09-26T23:00:00+00:00,221.9,False,False,open_meteo,82.5,82.8,3.0,3.8,36.0,0.02,0.0,39.0,3.0
2026_CFB_W04_VAN_AUB,2026-09-17T17:04:26.591889+00:00,2026-09-26T20:15:00+00:00,219.2,False,False,open_meteo,85.9,87.1,4.3,1.8,111.0,0.04,0.0,35.0,3.0
2026_CFB_W04_MISS_FLA,2026-09-17T17:04:27.777834+00:00,2026-09-26T19:30:00+00:00,218.4,False,False,open_meteo,86.6,86.5,9.4,11.4,31.0,0.32,0.0,32.0,0.0
2026_CFB_W04_TAM_LSU,2026-09-17T17:04:28.959461+00:00,2026-09-26T23:30:00+00:00,222.4,False,False,open_meteo,90.9,90.1,5.8,5.6,106.0,0.07,0.0,30.0,0.0
2026_CFB_W04_MIZ_MSST,2026-09-17T17:04:30.599973+00:00,2026-09-26T23:45:00+00:00,222.7,False,False,open_meteo,80.3,78.0,5.7,5.4,11.0,0.02,0.0,35.0,0.0
2026_CFB_W04_SHSU_TTU,2026-09-17T17:04:30.600517+00:00,2026-09-26T16:00:00+00:00,214.9,False,False,open_meteo,81.9,77.7,14.7,21.3,216.0,0.14,0.0,42.0,0.0
2026_CFB_W04_OU_UGA,2026-09-17T17:04:31.782118+00:00,2026-09-26T19:30:00+00:00,218.4,False,False,open_meteo,81.6,83.4,5.2,5.1,65.0,0.09,0.0,39.0,0.0
2026_CFB_W04_HOU_GASO,2026-09-17T17:04:32.986653+00:00,2026-09-26T04:00:00+00:00,202.9,False,False,open_meteo,66.4,65.2,6.4,19.5,65.0,0.06,0.0,67.0,1.0
2026_CFB_W04_KSU_CIN,2026-09-17T17:04:34.159968+00:00,2026-09-26T23:00:00+00:00,221.9,False,False,open_meteo,70.7,71.6,2.0,2.9,63.0,0.03,0.0,59.0,3.0
2026_CFB_W04_UTAH_ISU,2026-09-17T17:04:34.160517+00:00,2026-09-26T19:30:00+00:00,218.4,False,False,open_meteo,72.5,70.9,17.7,23.9,176.0,0.21,0.008,79.0,51.0
2026_CFB_W04_OKST_WVU,2026-09-17T17:04:35.351922+00:00,2026-09-26T23:00:00+00:00,221.9,False,False,open_meteo,61.7,60.3,2.2,2.2,45.0,0.07,0.0,61.0,0.0
2026_CFB_W04_FCS2110_FSU,2026-09-17T17:04:36.538213+00:00,2026-09-26T19:00:00+00:00,217.9,False,False,open_meteo,85.6,86.5,7.6,10.5,45.0,0.15,0.0,35.0,3.0
2026_CFB_W04_DEL_UVA,2026-09-17T17:04:37.744254+00:00,2026-09-26T22:00:00+00:00,220.9,False,False,open_meteo,72.4,68.9,2.8,2.2,119.0,0.1,0.0,32.0,1.0
2026_CFB_W04_MOST_SMU,2026-09-17T17:04:38.920246+00:00,2026-09-27T01:00:00+00:00,223.9,False,False,open_meteo,96.7,97.4,5.7,12.5,129.0,0.03,0.0,29.0,2.0
2026_CFB_W04_VT_BC,2026-09-17T17:04:38.920824+00:00,2026-09-26T16:00:00+00:00,214.9,False,False,open_meteo,71.4,70.0,4.4,7.2,300.0,0.08,0.0,39.0,0.0
2026_CFB_W04_TCU_UCF,2026-09-17T17:04:38.921307+00:00,2026-09-26T19:30:00+00:00,218.4,False,False,open_meteo,84.9,84.6,15.4,15.0,36.0,0.44,0.0,45.0,1.0
2026_CFB_W04_COLO_BAY,2026-09-17T17:04:38.921761+00:00,2026-09-26T16:00:00+00:00,214.9,False,False,open_meteo,91.2,94.5,6.1,6.3,170.0,0.03,0.0,42.0,0.0
2026_CFB_W04_UCLA_MD,2026-09-17T17:04:38.922247+00:00,2026-09-26T17:30:00+00:00,216.4,False,False,open_meteo,76.4,74.3,4.4,5.8,319.0,0.05,0.0,25.0,0.0
2026_CFB_W04_IOWA_MICH,2026-09-17T17:04:38.922704+00:00,2026-09-26T19:30:00+00:00,218.4,False,False,open_meteo,74.1,73.2,7.6,8.1,220.0,0.04,0.0,52.0,3.0
2026_CFB_W04_NEB_MSU,2026-09-17T17:04:40.112855+00:00,2026-09-26T21:00:00+00:00,219.9,False,False,open_meteo,73.2,70.8,9.3,9.2,233.0,0.05,0.0,52.0,3.0
2026_CFB_W04_ND_PUR,2026-09-17T17:04:41.325744+00:00,2026-09-26T18:00:00+00:00,216.9,False,False,open_meteo,71.7,71.7,6.5,7.8,178.0,0.03,0.0,62.0,3.0
2026_CFB_W04_ORE_USC,2026-09-17T17:04:42.506478+00:00,2026-09-26T23:30:00+00:00,222.4,False,False,open_meteo,80.7,75.9,10.7,8.3,239.0,0.0,0.0,32.0,3.0
2026_CFB_W04_MINN_WASH,2026-09-17T17:04:42.507057+00:00,2026-09-27T03:00:00+00:00,225.9,False,False,open_meteo,56.3,55.2,1.8,2.5,97.0,0.12,0.0,75.0,2.0
2026_CFB_W04_SDSU_TOL,2026-09-17T17:04:42.507566+00:00,2026-09-26T16:00:00+00:00,214.9,False,False,open_meteo,73.0,73.1,3.4,3.1,212.0,0.04,0.0,50.0,1.0
2026_CFB_W04_BOIS_WMU,2026-09-17T17:04:43.677219+00:00,2026-09-26T04:00:00+00:00,202.9,False,False,open_meteo,56.8,56.5,4.8,5.8,332.0,0.04,0.0,95.0,3.0
2026_CFB_W04_CONN_MOH,2026-09-17T17:04:44.852070+00:00,2026-09-26T19:30:00+00:00,218.4,False,False,open_meteo,73.7,74.8,3.7,3.8,147.0,0.02,0.0,57.0,3.0
2026_CFB_W04_UL_CLT,2026-09-17T17:04:46.024090+00:00,2026-09-26T22:30:00+00:00,221.4,False,False,open_meteo,77.0,73.6,3.4,4.7,86.0,0.07,0.0,29.0,1.0
2026_CFB_W04_FAU_ULM,2026-09-17T17:04:46.024635+00:00,2026-09-27T00:00:00+00:00,222.9,False,False,open_meteo,83.2,80.7,6.7,9.8,6.0,0.03,0.0,33.0,0.0
2026_CFB_W04_USM_TULN,2026-09-17T17:04:47.204563+00:00,2026-09-26T23:00:00+00:00,221.9,False,False,open_meteo,89.3,91.3,2.9,5.1,219.0,0.11,0.0,37.0,0.0
2026_CFB_W04_USF_BGSU,2026-09-17T17:04:48.408423+00:00,2026-09-26T21:00:00+00:00,219.9,False,False,open_meteo,74.4,73.7,6.7,7.6,222.0,0.04,0.0,54.0,2.0
2026_CFB_W04_CSU_UTSA,2026-09-17T17:04:48.408773+00:00,2026-09-26T16:00:00+00:00,214.9,True,False,open_meteo,,,,,,,,,
2026_CFB_W04_WAKE_LOU,2026-09-17T17:04:48.409281+00:00,2026-09-26T16:00:00+00:00,214.9,False,False,open_meteo,73.5,74.1,3.3,5.1,118.0,0.03,0.0,55.0,3.0
2026_CFB_W04_ILL_OSU,2026-09-17T17:04:48.409736+00:00,2026-09-26T16:00:00+00:00,214.9,False,False,open_meteo,71.0,70.4,2.5,2.7,117.0,0.02,0.0,43.0,0.0
2026_CFB_W04_AF_NEV,2026-09-17T17:04:49.587331+00:00,2026-09-27T02:30:00+00:00,225.4,False,False,open_meteo,63.5,53.6,9.4,10.1,284.0,0.05,0.0,14.0,0.0
2026_CFB_W04_NIU_GAST,2026-09-17T17:04:50.770340+00:00,2026-09-26T18:00:00+00:00,216.9,False,False,open_meteo,80.6,82.7,4.6,3.1,101.0,0.03,0.0,41.0,2.0
2026_CFB_W04_APP_NCSU,2026-09-17T17:04:51.954421+00:00,2026-09-26T23:30:00+00:00,222.4,False,False,open_meteo,71.1,67.4,2.7,4.5,125.0,0.11,0.0,31.0,0.0
2026_CFB_W04_BALL_KENT,2026-09-17T17:04:53.125340+00:00,2026-09-26T16:00:00+00:00,214.9,False,False,open_meteo,69.2,70.8,3.0,4.7,283.0,0.03,0.0,63.0,1.0
2026_CFB_W04_UNLV_AKR,2026-09-17T17:04:54.307271+00:00,2026-09-26T16:00:00+00:00,214.9,False,False,open_meteo,69.5,71.1,2.1,2.7,283.0,0.03,0.0,59.0,1.0
2026_CFB_W04_MASS_SAC,2026-09-17T17:04:54.307825+00:00,2026-09-27T01:00:00+00:00,223.9,False,False,open_meteo,80.5,74.6,4.7,8.5,289.0,0.02,0.0,17.0,0.0
2026_CFB_W04_JMU_ODU,2026-09-17T17:04:54.308305+00:00,2026-09-26T22:00:00+00:00,220.9,False,False,open_meteo,71.5,67.5,4.6,5.6,43.0,0.11,0.0,34.0,0.0
2026_CFB_W04_FCS2083_PITT,2026-09-17T17:04:54.308753+00:00,2026-09-26T16:00:00+00:00,214.9,False,False,open_meteo,67.6,67.3,0.7,0.2,162.0,0.03,0.0,46.0,1.0
2026_CFB_W04_TEX_TENN,2026-09-17T17:04:54.309229+00:00,2026-09-26T16:00:00+00:00,214.9,False,False,open_meteo,72.3,77.3,0.9,2.2,45.0,0.03,0.0,68.0,1.0
2026_CFB_W04_USA_UK,2026-09-17T17:04:55.525157+00:00,2026-09-26T16:45:00+00:00,215.7,False,False,open_meteo,70.7,70.6,5.5,6.5,102.0,0.01,0.0,61.0,2.0
2026_CFB_W04_FCS2815_EMU,2026-09-17T17:04:56.698074+00:00,2026-09-26T17:00:00+00:00,215.9,False,False,open_meteo,72.6,73.0,6.0,6.3,225.0,0.04,0.0,56.0,3.0
2026_CFB_W04_HAW_WYO,2026-09-17T17:04:57.883330+00:00,2026-09-26T19:00:00+00:00,217.9,False,False,open_meteo,73.1,62.2,21.3,23.7,285.0,0.16,0.0,23.0,0.0
2026_CFB_W04_UNM_NMSU,2026-09-17T17:04:59.069029+00:00,2026-09-26T19:30:00+00:00,218.4,False,False,open_meteo,85.3,86.3,9.0,8.7,183.0,0.13,0.0,37.0,0.0
2026_CFB_W04_FCS2523_BUF,2026-09-17T17:05:00.247036+00:00,2026-09-26T19:30:00+00:00,218.4,False,False,open_meteo,73.3,70.8,7.6,9.4,249.0,0.06,0.0,41.0,1.0
2026_CFB_W04_FCS284_OHIO,2026-09-17T17:05:01.419185+00:00,2026-09-26T19:30:00+00:00,218.4,False,False,open_meteo,76.0,77.5,1.0,1.1,63.0,0.05,0.0,38.0,0.0
2026_CFB_W04_FCS2729_DUKE,2026-09-17T17:05:01.419731+00:00,2026-09-26T19:30:00+00:00,218.4,False,False,open_meteo,79.8,78.1,3.2,5.1,56.0,0.09,0.0,22.0,0.0
2026_CFB_W04_FCS2241_MRSH,2026-09-17T17:05:02.585380+00:00,2026-09-26T19:30:00+00:00,218.4,False,False,open_meteo,78.8,81.5,2.0,0.9,27.0,0.03,0.0,43.0,0.0
2026_CFB_W04_FCS2428_ECU,2026-09-17T17:05:03.792490+00:00,2026-09-26T20:00:00+00:00,218.9,False,False,open_meteo,76.4,72.9,7.0,8.1,27.0,0.15,0.0,32.0,0.0
2026_CFB_W04_FCS2916_TXST,2026-09-17T17:05:03.793058+00:00,2026-09-26T22:00:00+00:00,220.9,False,False,open_meteo,96.9,98.8,5.4,6.7,199.0,0.06,0.0,32.0,3.0
2026_CFB_W04_FCS2341_FIU,2026-09-17T17:05:04.973390+00:00,2026-09-26T22:00:00+00:00,220.9,False,False,open_meteo,84.3,84.3,12.8,15.0,38.0,0.64,0.0,52.0,3.0
2026_CFB_W04_CMU_MIA,2026-09-17T17:05:04.973976+00:00,2026-09-26T22:30:00+00:00,221.4,False,False,open_meteo,84.3,84.0,13.7,15.9,35.0,0.66,0.0,52.0,3.0
2026_CFB_W04_KENN_ARST,2026-09-17T17:05:06.146823+00:00,2026-09-26T23:00:00+00:00,221.9,False,False,open_meteo,81.0,79.4,2.9,3.8,321.0,0.02,0.0,32.0,3.0
2026_CFB_W04_FCS2385_WKU,2026-09-17T17:05:07.329745+00:00,2026-09-26T23:00:00+00:00,221.9,False,False,open_meteo,72.9,74.7,0.2,0.7,270.0,0.01,0.0,55.0,2.0
2026_CFB_W04_MTSU_JXST,2026-09-17T17:05:07.330335+00:00,2026-09-26T23:00:00+00:00,221.9,False,False,open_meteo,75.6,76.5,3.4,2.9,113.0,0.04,0.0,53.0,1.0
2026_CFB_W04_TROY_USU,2026-09-17T17:05:08.512861+00:00,2026-09-26T23:30:00+00:00,222.4,False,False,open_meteo,74.2,71.2,7.2,9.4,210.0,0.15,0.059,43.0,61.0
2026_CFB_W04_FCS2277_UNT,2026-09-17T17:05:09.695074+00:00,2026-09-26T23:30:00+00:00,222.4,False,False,open_meteo,97.0,94.9,13.4,17.2,154.0,0.04,0.0,30.0,2.0
2026_CFB_W04_ARIZ_WSU,2026-09-17T17:05:09.695611+00:00,2026-09-26T23:30:00+00:00,222.4,False,False,open_meteo,61.2,55.8,6.0,11.9,272.0,0.07,0.0,42.0,3.0
2026_CFB_W04_TLSA_ARK,2026-09-17T17:05:09.696420+00:00,2026-09-27T00:00:00+00:00,222.9,False,False,open_meteo,78.4,79.0,7.0,15.2,153.0,0.05,0.0,54.0,2.0
2026_CFB_W04_ORST_UTEP,2026-09-17T17:05:10.901886+00:00,2026-09-27T01:00:00+00:00,223.9,False,False,open_meteo,87.8,86.3,4.7,4.5,253.0,0.08,0.0,29.0,0.0
2026_CFB_W04_RICE_FRES,2026-09-17T17:05:12.096503+00:00,2026-09-27T02:00:00+00:00,224.9,False,False,open_meteo,81.5,71.8,12.6,17.9,321.0,0.01,0.0,14.0,0.0
2026_CFB_W04_GT_STAN,2026-09-17T17:05:13.279499+00:00,2026-09-27T02:30:00+00:00,225.4,False,False,open_meteo,67.1,64.0,6.8,9.8,281.0,0.01,0.0,53.0,0.0
2026_CFB_W04_LIB_CCU,2026-09-17T20:03:18.691155+00:00,2026-09-24T23:30:00+00:00,171.4,False,False,open_meteo,75.4,78.2,4.6,8.3,39.0,0.15,0.0,66.0,3.0
2026_CFB_W04_ARMY_TEM,2026-09-17T20:03:19.216861+00:00,2026-09-25T20:00:00+00:00,191.9,False,False,open_meteo,71.1,65.3,6.0,8.3,13.0,0.09,0.0,25.0,1.0
2026_CFB_W04_NAVY_UAB,2026-09-17T20:03:19.718251+00:00,2026-09-25T23:00:00+00:00,194.9,False,False,open_meteo,78.1,75.8,9.0,15.9,3.0,0.03,0.0,45.0,0.0
2026_CFB_W04_FCS47_RUTG,2026-09-17T20:03:19.718578+00:00,2026-09-25T23:00:00+00:00,194.9,False,False,open_meteo,65.9,62.5,0.2,2.9,270.0,0.1,0.0,32.0,0.0
2026_CFB_W04_NU_IU,2026-09-17T20:03:19.718797+00:00,2026-09-26T00:00:00+00:00,195.9,False,False,open_meteo,61.1,59.6,6.0,16.6,51.0,0.04,0.0,76.0,3.0
2026_CFB_W04_CLEM_CAL,2026-09-17T20:03:19.719009+00:00,2026-09-26T02:30:00+00:00,198.4,False,False,open_meteo,62.2,59.5,8.5,9.2,198.0,0.02,0.0,71.0,3.0
2026_CFB_W04_WIS_PSU,2026-09-17T20:03:19.719203+00:00,2026-09-26T21:00:00+00:00,216.9,False,False,open_meteo,66.6,63.2,10.4,11.4,10.0,0.05,0.0,62.0,0.0
2026_CFB_W04_SC_ALA,2026-09-17T20:03:19.719389+00:00,2026-09-26T23:00:00+00:00,218.9,False,False,open_meteo,79.3,80.7,6.0,13.4,75.0,0.02,0.0,54.0,1.0
2026_CFB_W04_VAN_AUB,2026-09-17T20:03:19.719579+00:00,2026-09-26T20:15:00+00:00,216.2,False,False,open_meteo,81.0,81.9,4.8,6.9,37.0,0.04,0.0,47.0,2.0
2026_CFB_W04_MISS_FLA,2026-09-17T20:03:20.221702+00:00,2026-09-26T19:30:00+00:00,215.4,False,False,open_meteo,82.3,81.3,12.7,15.7,48.0,0.32,0.0,51.0,3.0
2026_CFB_W04_TAM_LSU,2026-09-17T20:03:20.722521+00:00,2026-09-26T23:30:00+00:00,219.4,False,False,open_meteo,86.6,83.8,6.4,11.0,54.0,0.07,0.0,28.0,0.0
2026_CFB_W04_MIZ_MSST,2026-09-17T20:03:21.625359+00:00,2026-09-26T23:45:00+00:00,219.7,False,False,open_meteo,78.1,77.9,8.8,17.9,71.0,0.02,0.0,54.0,1.0
2026_CFB_W04_SHSU_TTU,2026-09-17T20:03:21.625669+00:00,2026-09-26T16:00:00+00:00,211.9,False,False,open_meteo,81.3,78.8,12.0,16.6,204.0,0.14,0.0,45.0,0.0
2026_CFB_W04_OU_UGA,2026-09-17T20:03:22.121341+00:00,2026-09-26T19:30:00+00:00,215.4,False,False,open_meteo,80.2,80.6,7.6,9.6,56.0,0.09,0.0,40.0,0.0
2026_CFB_W04_HOU_GASO,2026-09-17T20:03:22.654095+00:00,2026-09-26T04:00:00+00:00,199.9,False,False,open_meteo,66.8,69.4,6.5,18.1,59.0,0.06,0.0,93.0,0.0
2026_CFB_W04_KSU_CIN,2026-09-17T20:03:23.167500+00:00,2026-09-26T23:00:00+00:00,218.9,False,False,open_meteo,65.9,63.5,5.6,11.4,67.0,0.03,0.0,56.0,1.0
2026_CFB_W04_UTAH_ISU,2026-09-17T20:03:23.167843+00:00,2026-09-26T19:30:00+00:00,215.4,False,False,open_meteo,70.5,67.8,14.7,19.0,163.0,0.21,0.0,64.0,1.0
2026_CFB_W04_OKST_WVU,2026-09-17T20:03:23.908584+00:00,2026-09-26T23:00:00+00:00,218.9,False,False,open_meteo,60.3,58.9,4.4,5.4,24.0,0.07,0.0,73.0,0.0
2026_CFB_W04_FCS2110_FSU,2026-09-17T20:03:24.407157+00:00,2026-09-26T19:00:00+00:00,214.9,False,False,open_meteo,86.2,87.7,9.7,12.1,52.0,0.15,0.0,41.0,2.0
2026_CFB_W04_DEL_UVA,2026-09-17T20:03:24.912086+00:00,2026-09-26T22:00:00+00:00,217.9,False,False,open_meteo,69.7,65.8,7.4,10.3,46.0,0.1,0.0,45.0,0.0
2026_CFB_W04_MOST_SMU,2026-09-17T20:03:25.422132+00:00,2026-09-27T01:00:00+00:00,220.9,False,False,open_meteo,91.7,88.9,9.6,12.5,102.0,0.03,0.0,28.0,0.0
2026_CFB_W04_VT_BC,2026-09-17T20:03:25.422448+00:00,2026-09-26T16:00:00+00:00,211.9,False,False,open_meteo,68.8,67.0,4.6,8.3,39.0,0.08,0.0,40.0,0.0
2026_CFB_W04_TCU_UCF,2026-09-17T20:03:25.422656+00:00,2026-09-26T19:30:00+00:00,215.4,False,False,open_meteo,82.6,81.7,16.0,18.6,47.0,0.44,0.004,57.0,51.0
2026_CFB_W04_COLO_BAY,2026-09-17T20:03:25.422847+00:00,2026-09-26T16:00:00+00:00,211.9,False,False,open_meteo,88.0,86.3,8.7,7.8,132.0,0.03,0.0,33.0,0.0
2026_CFB_W04_UCLA_MD,2026-09-17T20:03:25.423057+00:00,2026-09-26T17:30:00+00:00,213.4,False,False,open_meteo,73.5,70.0,9.1,13.0,17.0,0.05,0.0,33.0,0.0
2026_CFB_W04_IOWA_MICH,2026-09-17T20:03:25.423244+00:00,2026-09-26T19:30:00+00:00,215.4,False,False,open_meteo,70.9,70.7,5.4,7.4,38.0,0.04,0.0,52.0,3.0
2026_CFB_W04_NEB_MSU,2026-09-17T20:03:25.954843+00:00,2026-09-26T21:00:00+00:00,216.9,False,False,open_meteo,70.2,69.3,5.2,7.6,70.0,0.05,0.0,57.0,3.0
2026_CFB_W04_ND_PUR,2026-09-17T20:03:26.477010+00:00,2026-09-26T18:00:00+00:00,213.9,False,False,open_meteo,69.2,68.0,8.1,9.4,84.0,0.03,0.0,54.0,3.0
2026_CFB_W04_ORE_USC,2026-09-17T20:03:27.046107+00:00,2026-09-26T23:30:00+00:00,219.4,False,False,open_meteo,81.3,76.1,11.8,10.3,237.0,0.0,0.0,30.0,0.0
2026_CFB_W04_MINN_WASH,2026-09-17T20:03:27.046426+00:00,2026-09-27T03:00:00+00:00,222.9,False,False,open_meteo,53.8,50.2,3.8,3.4,357.0,0.12,0.0,64.0,3.0
2026_CFB_W04_SDSU_TOL,2026-09-17T20:03:27.046636+00:00,2026-09-26T16:00:00+00:00,211.9,False,False,open_meteo,67.9,65.3,6.6,10.5,62.0,0.04,0.0,52.0,3.0
2026_CFB_W04_BOIS_WMU,2026-09-17T20:03:27.555440+00:00,2026-09-26T04:00:00+00:00,199.9,False,False,open_meteo,54.7,52.8,4.9,4.9,30.0,0.04,0.0,86.0,2.0
2026_CFB_W04_CONN_MOH,2026-09-17T20:03:28.065888+00:00,2026-09-26T19:30:00+00:00,215.4,False,False,open_meteo,71.0,68.8,10.0,11.6,61.0,0.02,0.0,49.0,2.0
2026_CFB_W04_UL_CLT,2026-09-17T20:03:28.608967+00:00,2026-09-26T22:30:00+00:00,218.4,False,False,open_meteo,75.4,72.6,7.4,13.9,57.0,0.07,0.0,43.0,1.0
2026_CFB_W04_FAU_ULM,2026-09-17T20:03:28.609302+00:00,2026-09-27T00:00:00+00:00,219.9,False,False,open_meteo,78.7,75.6,6.1,6.7,17.0,0.03,0.0,34.0,0.0
2026_CFB_W04_USM_TULN,2026-09-17T20:03:29.177900+00:00,2026-09-26T23:00:00+00:00,218.9,False,False,open_meteo,88.2,87.4,6.0,10.3,68.0,0.11,0.0,33.0,0.0
2026_CFB_W04_USF_BGSU,2026-09-17T20:03:29.700906+00:00,2026-09-26T21:00:00+00:00,216.9,False,False,open_meteo,68.4,65.4,9.5,9.8,66.0,0.04,0.0,58.0,3.0
2026_CFB_W04_CSU_UTSA,2026-09-17T20:03:29.701156+00:00,2026-09-26T16:00:00+00:00,211.9,True,False,open_meteo,,,,,,,,,
2026_CFB_W04_WAKE_LOU,2026-09-17T20:03:29.701384+00:00,2026-09-26T16:00:00+00:00,211.9,False,False,open_meteo,70.3,68.9,7.1,10.1,70.0,0.03,0.0,55.0,2.0
2026_CFB_W04_ILL_OSU,2026-09-17T20:03:29.701597+00:00,2026-09-26T16:00:00+00:00,211.9,False,False,open_meteo,67.7,66.0,6.2,9.6,52.0,0.02,0.0,53.0,1.0
2026_CFB_W04_AF_NEV,2026-09-17T20:03:30.215066+00:00,2026-09-27T02:30:00+00:00,222.4,False,False,open_meteo,57.6,45.7,15.4,18.1,268.0,0.05,0.0,22.0,0.0
2026_CFB_W04_NIU_GAST,2026-09-17T20:03:30.722473+00:00,2026-09-26T18:00:00+00:00,213.9,False,False,open_meteo,79.0,79.9,6.9,7.6,77.0,0.03,0.0,41.0,2.0
2026_CFB_W04_APP_NCSU,2026-09-17T20:03:31.254181+00:00,2026-09-26T23:30:00+00:00,219.4,False,False,open_meteo,69.9,65.1,7.9,17.4,32.0,0.11,0.0,40.0,0.0
2026_CFB_W04_BALL_KENT,2026-09-17T20:03:31.808611+00:00,2026-09-26T16:00:00+00:00,211.9,False,False,open_meteo,67.0,65.4,6.7,10.1,40.0,0.03,0.0,56.0,0.0
2026_CFB_W04_UNLV_AKR,2026-09-17T20:03:32.337487+00:00,2026-09-26T16:00:00+00:00,211.9,False,False,open_meteo,67.0,65.6,5.4,9.4,42.0,0.03,0.0,53.0,0.0
2026_CFB_W04_MASS_SAC,2026-09-17T20:03:32.337833+00:00,2026-09-27T01:00:00+00:00,220.9,False,False,open_meteo,76.3,67.8,12.9,15.2,220.0,0.02,0.0,24.0,0.0
2026_CFB_W04_JMU_ODU,2026-09-17T20:03:32.338073+00:00,2026-09-26T22:00:00+00:00,217.9,False,False,open_meteo,69.8,65.7,10.9,16.6,32.0,0.11,0.0,53.0,0.0
2026_CFB_W04_FCS2083_PITT,2026-09-17T20:03:32.338268+00:00,2026-09-26T16:00:00+00:00,211.9,False,False,open_meteo,66.3,64.9,4.8,8.7,34.0,0.03,0.0,51.0,0.0
2026_CFB_W04_TEX_TENN,2026-09-17T20:03:32.338452+00:00,2026-09-26T16:00:00+00:00,211.9,False,False,open_meteo,73.3,73.6,6.7,8.1,53.0,0.03,0.0,54.0,2.0
2026_CFB_W04_USA_UK,2026-09-17T20:03:32.856589+00:00,2026-09-26T16:45:00+00:00,212.7,False,False,open_meteo,68.0,64.8,11.8,13.9,65.0,0.01,0.0,58.0,2.0
2026_CFB_W04_FCS2815_EMU,2026-09-17T20:03:33.379495+00:00,2026-09-26T17:00:00+00:00,212.9,False,False,open_meteo,68.6,67.5,6.0,8.1,48.0,0.04,0.0,55.0,3.0
2026_CFB_W04_HAW_WYO,2026-09-17T20:03:33.893909+00:00,2026-09-26T19:00:00+00:00,214.9,False,False,open_meteo,72.0,62.2,17.0,19.5,242.0,0.16,0.0,29.0,3.0
2026_CFB_W04_UNM_NMSU,2026-09-17T20:03:34.405586+00:00,2026-09-26T19:30:00+00:00,215.4,False,False,open_meteo,85.4,83.7,14.2,14.1,172.0,0.13,0.0,36.0,0.0
2026_CFB_W04_FCS2523_BUF,2026-09-17T20:03:34.951691+00:00,2026-09-26T19:30:00+00:00,215.4,False,False,open_meteo,63.8,60.9,6.8,7.2,34.0,0.06,0.0,60.0,3.0
2026_CFB_W04_FCS284_OHIO,2026-09-17T20:03:35.466739+00:00,2026-09-26T19:30:00+00:00,215.4,False,False,open_meteo,73.1,71.5,7.1,10.1,49.0,0.05,0.0,42.0,0.0
2026_CFB_W04_FCS2729_DUKE,2026-09-17T20:03:35.467108+00:00,2026-09-26T19:30:00+00:00,215.4,False,False,open_meteo,76.1,72.5,10.4,13.9,25.0,0.09,0.0,34.0,0.0
2026_CFB_W04_FCS2241_MRSH,2026-09-17T20:03:36.015710+00:00,2026-09-26T19:30:00+00:00,215.4,False,False,open_meteo,74.9,72.9,7.6,10.5,32.0,0.03,0.0,39.0,2.0
2026_CFB_W04_FCS2428_ECU,2026-09-17T20:03:36.534461+00:00,2026-09-26T20:00:00+00:00,215.9,False,False,open_meteo,76.5,71.5,13.6,15.2,20.0,0.15,0.0,40.0,0.0
2026_CFB_W04_FCS2916_TXST,2026-09-17T20:03:36.534786+00:00,2026-09-26T22:00:00+00:00,217.9,False,False,open_meteo,99.7,98.6,9.2,8.5,76.0,0.06,0.0,26.0,1.0
2026_CFB_W04_FCS2341_FIU,2026-09-17T20:03:37.045576+00:00,2026-09-26T22:00:00+00:00,217.9,False,False,open_meteo,86.1,85.3,18.5,19.9,60.0,0.64,0.0,55.0,1.0
2026_CFB_W04_CMU_MIA,2026-09-17T20:03:37.045897+00:00,2026-09-26T22:30:00+00:00,218.4,False,False,open_meteo,85.5,85.0,17.6,19.7,60.0,0.66,0.0,56.0,1.0
2026_CFB_W04_KENN_ARST,2026-09-17T20:03:37.686471+00:00,2026-09-26T23:00:00+00:00,218.9,False,False,open_meteo,78.8,74.5,8.9,10.1,41.0,0.02,0.0,34.0,2.0
2026_CFB_W04_FCS2385_WKU,2026-09-17T20:03:38.195849+00:00,2026-09-26T23:00:00+00:00,218.9,False,False,open_meteo,71.6,69.1,8.5,10.5,45.0,0.01,0.0,53.0,2.0
2026_CFB_W04_MTSU_JXST,2026-09-17T20:03:38.196205+00:00,2026-09-26T23:00:00+00:00,218.9,False,False,open_meteo,76.5,77.1,3.4,5.6,79.0,0.04,0.0,50.0,2.0
2026_CFB_W04_TROY_USU,2026-09-17T20:03:38.707212+00:00,2026-09-26T23:30:00+00:00,219.4,False,False,open_meteo,71.9,69.2,4.8,10.3,214.0,0.15,0.004,42.0,51.0
2026_CFB_W04_FCS2277_UNT,2026-09-17T20:03:39.217436+00:00,2026-09-26T23:30:00+00:00,219.4,False,False,open_meteo,92.4,91.0,6.6,8.5,135.0,0.04,0.0,28.0,0.0
2026_CFB_W04_ARIZ_WSU,2026-09-17T20:03:39.217749+00:00,2026-09-26T23:30:00+00:00,219.4,False,False,open_meteo,53.9,49.3,3.4,4.3,352.0,0.07,0.0,50.0,3.0
2026_CFB_W04_TLSA_ARK,2026-09-17T20:03:39.217966+00:00,2026-09-27T00:00:00+00:00,219.9,False,False,open_meteo,76.1,72.9,8.1,15.0,136.0,0.05,0.0,41.0,0.0
2026_CFB_W04_ORST_UTEP,2026-09-17T20:03:39.733044+00:00,2026-09-27T01:00:00+00:00,220.9,False,False,open_meteo,87.3,83.4,10.7,12.3,181.0,0.08,0.0,30.0,3.0
2026_CFB_W04_RICE_FRES,2026-09-17T20:03:40.288994+00:00,2026-09-27T02:00:00+00:00,221.9,False,False,open_meteo,77.5,67.4,15.8,19.7,314.0,0.01,0.0,21.0,0.0
2026_CFB_W04_GT_STAN,2026-09-17T20:03:40.833533+00:00,2026-09-27T02:30:00+00:00,222.4,False,False,open_meteo,61.1,56.1,9.2,27.1,256.0,0.01,0.0,57.0,0.0
2026_CFB_W04_LIB_CCU,2026-09-17T23:04:12.462903+00:00,2026-09-24T23:30:00+00:00,168.4,False,False,open_meteo,75.4,78.2,4.6,8.3,39.0,0.23,0.0,66.0,3.0
2026_CFB_W04_ARMY_TEM,2026-09-17T23:04:13.235188+00:00,2026-09-25T20:00:00+00:00,188.9,False,False,open_meteo,71.1,65.3,6.0,8.3,13.0,0.09,0.0,25.0,1.0
2026_CFB_W04_NAVY_UAB,2026-09-17T23:04:13.982188+00:00,2026-09-25T23:00:00+00:00,191.9,False,False,open_meteo,78.1,75.8,9.0,15.9,3.0,0.03,0.0,45.0,0.0
2026_CFB_W04_FCS47_RUTG,2026-09-17T23:04:13.982710+00:00,2026-09-25T23:00:00+00:00,191.9,False,False,open_meteo,65.9,62.5,0.2,2.9,270.0,0.12,0.0,32.0,0.0
2026_CFB_W04_NU_IU,2026-09-17T23:04:13.983053+00:00,2026-09-26T00:00:00+00:00,192.9,False,False,open_meteo,61.1,59.6,6.0,16.6,51.0,0.04,0.0,76.0,3.0
2026_CFB_W04_CLEM_CAL,2026-09-17T23:04:13.983377+00:00,2026-09-26T02:30:00+00:00,195.4,False,False,open_meteo,62.2,59.5,8.5,9.2,198.0,0.01,0.0,71.0,3.0
2026_CFB_W04_WIS_PSU,2026-09-17T23:04:13.983715+00:00,2026-09-26T21:00:00+00:00,213.9,False,False,open_meteo,66.6,63.2,10.4,11.4,10.0,0.13,0.0,62.0,0.0
2026_CFB_W04_SC_ALA,2026-09-17T23:04:13.984016+00:00,2026-09-26T23:00:00+00:00,215.9,False,False,open_meteo,79.3,80.7,6.0,13.4,75.0,0.03,0.0,54.0,1.0
2026_CFB_W04_VAN_AUB,2026-09-17T23:04:13.984315+00:00,2026-09-26T20:15:00+00:00,213.2,False,False,open_meteo,81.0,81.9,4.8,6.9,37.0,0.05,0.0,47.0,2.0
2026_CFB_W04_MISS_FLA,2026-09-17T23:04:14.727465+00:00,2026-09-26T19:30:00+00:00,212.4,False,False,open_meteo,82.3,81.3,12.7,15.7,48.0,0.25,0.0,51.0,3.0
2026_CFB_W04_TAM_LSU,2026-09-17T23:04:15.472916+00:00,2026-09-26T23:30:00+00:00,216.4,False,False,open_meteo,86.6,83.8,6.4,11.0,54.0,0.08,0.0,28.0,0.0
2026_CFB_W04_MIZ_MSST,2026-09-17T23:04:16.684932+00:00,2026-09-26T23:45:00+00:00,216.7,False,False,open_meteo,78.1,77.9,8.8,17.9,71.0,0.02,0.0,54.0,1.0
2026_CFB_W04_SHSU_TTU,2026-09-17T23:04:16.685348+00:00,2026-09-26T16:00:00+00:00,208.9,False,False,open_meteo,81.3,78.8,12.0,16.6,204.0,0.18,0.0,45.0,0.0
2026_CFB_W04_OU_UGA,2026-09-17T23:04:17.454395+00:00,2026-09-26T19:30:00+00:00,212.4,False,False,open_meteo,80.2,80.6,7.6,9.6,56.0,0.04,0.0,40.0,0.0
2026_CFB_W04_HOU_GASO,2026-09-17T23:04:18.202913+00:00,2026-09-26T04:00:00+00:00,196.9,False,False,open_meteo,66.8,69.4,6.5,18.1,59.0,0.06,0.0,93.0,0.0
2026_CFB_W04_KSU_CIN,2026-09-17T23:04:18.946673+00:00,2026-09-26T23:00:00+00:00,215.9,False,False,open_meteo,65.9,63.5,5.6,11.4,67.0,0.05,0.0,56.0,1.0
2026_CFB_W04_UTAH_ISU,2026-09-17T23:04:18.947086+00:00,2026-09-26T19:30:00+00:00,212.4,False,False,open_meteo,70.5,67.8,14.7,19.0,163.0,0.09,0.0,64.0,1.0
2026_CFB_W04_OKST_WVU,2026-09-17T23:04:19.691933+00:00,2026-09-26T23:00:00+00:00,215.9,False,False,open_meteo,60.3,58.9,4.4,5.4,24.0,0.09,0.0,73.0,0.0
2026_CFB_W04_FCS2110_FSU,2026-09-17T23:04:20.433596+00:00,2026-09-26T19:00:00+00:00,211.9,False,False,open_meteo,86.2,87.7,9.7,12.1,52.0,0.16,0.0,41.0,2.0
2026_CFB_W04_DEL_UVA,2026-09-17T23:04:21.202987+00:00,2026-09-26T22:00:00+00:00,214.9,False,False,open_meteo,69.7,65.8,7.4,10.3,46.0,0.09,0.0,45.0,0.0
2026_CFB_W04_MOST_SMU,2026-09-17T23:04:21.951988+00:00,2026-09-27T01:00:00+00:00,217.9,False,False,open_meteo,91.7,88.9,9.6,12.5,102.0,0.03,0.0,28.0,0.0
2026_CFB_W04_VT_BC,2026-09-17T23:04:21.952455+00:00,2026-09-26T16:00:00+00:00,208.9,False,False,open_meteo,68.8,67.0,4.6,8.3,39.0,0.1,0.0,40.0,0.0
2026_CFB_W04_TCU_UCF,2026-09-17T23:04:21.952805+00:00,2026-09-26T19:30:00+00:00,212.4,False,False,open_meteo,82.6,81.7,16.0,18.6,47.0,0.43,0.004,57.0,51.0
2026_CFB_W04_COLO_BAY,2026-09-17T23:04:21.953125+00:00,2026-09-26T16:00:00+00:00,208.9,False,False,open_meteo,88.0,86.3,8.7,7.8,132.0,0.04,0.0,33.0,0.0
2026_CFB_W04_UCLA_MD,2026-09-17T23:04:21.953452+00:00,2026-09-26T17:30:00+00:00,210.4,False,False,open_meteo,73.5,70.0,9.1,13.0,17.0,0.06,0.0,33.0,0.0
2026_CFB_W04_IOWA_MICH,2026-09-17T23:04:21.953766+00:00,2026-09-26T19:30:00+00:00,212.4,False,False,open_meteo,70.9,70.7,5.4,7.4,38.0,0.08,0.0,52.0,3.0
2026_CFB_W04_NEB_MSU,2026-09-17T23:04:22.696240+00:00,2026-09-26T21:00:00+00:00,213.9,False,False,open_meteo,70.2,69.3,5.2,7.6,70.0,0.11,0.0,57.0,3.0
2026_CFB_W04_ND_PUR,2026-09-17T23:04:23.444474+00:00,2026-09-26T18:00:00+00:00,210.9,False,False,open_meteo,69.2,68.0,8.1,9.4,84.0,0.07,0.0,54.0,3.0
2026_CFB_W04_ORE_USC,2026-09-17T23:04:24.188058+00:00,2026-09-26T23:30:00+00:00,216.4,False,False,open_meteo,81.3,76.1,11.8,10.3,237.0,0.01,0.0,30.0,0.0
2026_CFB_W04_MINN_WASH,2026-09-17T23:04:24.188498+00:00,2026-09-27T03:00:00+00:00,219.9,False,False,open_meteo,53.8,50.2,3.8,3.4,357.0,0.11,0.0,64.0,3.0
2026_CFB_W04_SDSU_TOL,2026-09-17T23:04:24.188829+00:00,2026-09-26T16:00:00+00:00,208.9,False,False,open_meteo,67.9,65.3,6.6,10.5,62.0,0.03,0.0,52.0,3.0
2026_CFB_W04_BOIS_WMU,2026-09-17T23:04:24.973479+00:00,2026-09-26T04:00:00+00:00,196.9,False,False,open_meteo,54.7,52.8,4.9,4.9,30.0,0.03,0.0,86.0,2.0
2026_CFB_W04_CONN_MOH,2026-09-17T23:04:25.728139+00:00,2026-09-26T19:30:00+00:00,212.4,False,False,open_meteo,71.0,68.8,10.0,11.6,61.0,0.04,0.0,49.0,2.0
2026_CFB_W04_UL_CLT,2026-09-17T23:04:26.471676+00:00,2026-09-26T22:30:00+00:00,215.4,False,False,open_meteo,75.4,72.6,7.4,13.9,57.0,0.06,0.0,43.0,1.0
2026_CFB_W04_FAU_ULM,2026-09-17T23:04:26.472094+00:00,2026-09-27T00:00:00+00:00,216.9,False,False,open_meteo,78.7,75.6,6.1,6.7,17.0,0.03,0.0,34.0,0.0
2026_CFB_W04_USM_TULN,2026-09-17T23:04:27.223440+00:00,2026-09-26T23:00:00+00:00,215.9,False,False,open_meteo,88.2,87.4,6.0,10.3,68.0,0.09,0.0,33.0,0.0
2026_CFB_W04_USF_BGSU,2026-09-17T23:04:27.963696+00:00,2026-09-26T21:00:00+00:00,213.9,False,False,open_meteo,68.4,65.4,9.5,9.8,66.0,0.05,0.0,58.0,3.0
2026_CFB_W04_CSU_UTSA,2026-09-17T23:04:27.963974+00:00,2026-09-26T16:00:00+00:00,208.9,True,False,open_meteo,,,,,,,,,
2026_CFB_W04_WAKE_LOU,2026-09-17T23:04:27.964298+00:00,2026-09-26T16:00:00+00:00,208.9,False,False,open_meteo,70.3,68.9,7.1,10.1,70.0,0.05,0.0,55.0,2.0
2026_CFB_W04_ILL_OSU,2026-09-17T23:04:27.964643+00:00,2026-09-26T16:00:00+00:00,208.9,False,False,open_meteo,67.7,66.0,6.2,9.6,52.0,0.03,0.0,53.0,1.0
2026_CFB_W04_AF_NEV,2026-09-17T23:04:28.702984+00:00,2026-09-27T02:30:00+00:00,219.4,False,False,open_meteo,57.6,45.7,15.4,18.1,268.0,0.07,0.0,22.0,0.0
2026_CFB_W04_NIU_GAST,2026-09-17T23:04:29.476621+00:00,2026-09-26T18:00:00+00:00,210.9,False,False,open_meteo,79.0,79.9,6.9,7.6,77.0,0.03,0.0,41.0,2.0
2026_CFB_W04_APP_NCSU,2026-09-17T23:04:30.223568+00:00,2026-09-26T23:30:00+00:00,216.4,False,False,open_meteo,69.9,65.1,7.9,17.4,32.0,0.09,0.0,40.0,0.0
2026_CFB_W04_BALL_KENT,2026-09-17T23:04:30.967619+00:00,2026-09-26T16:00:00+00:00,208.9,False,False,open_meteo,67.0,65.4,6.7,10.1,40.0,0.04,0.0,56.0,0.0
2026_CFB_W04_UNLV_AKR,2026-09-17T23:04:31.711753+00:00,2026-09-26T16:00:00+00:00,208.9,False,False,open_meteo,67.0,65.6,5.4,9.4,42.0,0.04,0.0,53.0,0.0
2026_CFB_W04_MASS_SAC,2026-09-17T23:04:31.712160+00:00,2026-09-27T01:00:00+00:00,217.9,False,False,open_meteo,76.3,67.8,12.9,15.2,220.0,0.03,0.0,24.0,0.0
2026_CFB_W04_JMU_ODU,2026-09-17T23:04:31.712508+00:00,2026-09-26T22:00:00+00:00,214.9,False,False,open_meteo,69.8,65.7,10.9,16.6,32.0,0.14,0.0,53.0,0.0
2026_CFB_W04_FCS2083_PITT,2026-09-17T23:04:31.712820+00:00,2026-09-26T16:00:00+00:00,208.9,False,False,open_meteo,66.3,64.9,4.8,8.7,34.0,0.03,0.0,51.0,0.0
2026_CFB_W04_TEX_TENN,2026-09-17T23:04:31.713116+00:00,2026-09-26T16:00:00+00:00,208.9,False,False,open_meteo,73.3,73.6,6.7,8.1,53.0,0.03,0.0,54.0,2.0
2026_CFB_W04_USA_UK,2026-09-17T23:04:32.455844+00:00,2026-09-26T16:45:00+00:00,209.7,False,False,open_meteo,68.0,64.8,11.8,13.9,65.0,0.02,0.0,58.0,2.0
2026_CFB_W04_FCS2815_EMU,2026-09-17T23:04:33.231631+00:00,2026-09-26T17:00:00+00:00,209.9,False,False,open_meteo,68.6,67.5,6.0,8.1,48.0,0.04,0.0,55.0,3.0
2026_CFB_W04_HAW_WYO,2026-09-17T23:04:33.990414+00:00,2026-09-26T19:00:00+00:00,211.9,False,False,open_meteo,72.0,62.2,17.0,19.5,242.0,0.2,0.0,29.0,3.0
2026_CFB_W04_UNM_NMSU,2026-09-17T23:04:34.743872+00:00,2026-09-26T19:30:00+00:00,212.4,False,False,open_meteo,85.4,83.7,14.2,14.1,172.0,0.06,0.0,36.0,0.0
2026_CFB_W04_FCS2523_BUF,2026-09-17T23:04:35.488757+00:00,2026-09-26T19:30:00+00:00,212.4,False,False,open_meteo,63.8,60.9,6.8,7.2,34.0,0.1,0.0,60.0,3.0
2026_CFB_W04_FCS284_OHIO,2026-09-17T23:04:36.233934+00:00,2026-09-26T19:30:00+00:00,212.4,False,False,open_meteo,73.1,71.5,7.1,10.1,49.0,0.07,0.0,42.0,0.0
2026_CFB_W04_FCS2729_DUKE,2026-09-17T23:04:36.234369+00:00,2026-09-26T19:30:00+00:00,212.4,False,False,open_meteo,76.1,72.5,10.4,13.9,25.0,0.08,0.0,34.0,0.0
2026_CFB_W04_FCS2241_MRSH,2026-09-17T23:04:37.007774+00:00,2026-09-26T19:30:00+00:00,212.4,False,False,open_meteo,74.9,72.9,7.6,10.5,32.0,0.05,0.0,39.0,2.0
2026_CFB_W04_FCS2428_ECU,2026-09-17T23:04:37.755370+00:00,2026-09-26T20:00:00+00:00,212.9,False,False,open_meteo,76.5,71.5,13.6,15.2,20.0,0.11,0.0,40.0,0.0
2026_CFB_W04_FCS2916_TXST,2026-09-17T23:04:37.755795+00:00,2026-09-26T22:00:00+00:00,214.9,False,False,open_meteo,99.7,98.6,9.2,8.5,76.0,0.05,0.0,26.0,1.0
2026_CFB_W04_FCS2341_FIU,2026-09-17T23:04:38.504437+00:00,2026-09-26T22:00:00+00:00,214.9,False,False,open_meteo,86.1,85.3,18.5,19.9,60.0,0.68,0.0,55.0,1.0
2026_CFB_W04_CMU_MIA,2026-09-17T23:04:38.504883+00:00,2026-09-26T22:30:00+00:00,215.4,False,False,open_meteo,85.5,85.0,17.6,19.7,60.0,0.67,0.0,56.0,1.0
2026_CFB_W04_KENN_ARST,2026-09-17T23:04:39.253246+00:00,2026-09-26T23:00:00+00:00,215.9,False,False,open_meteo,78.8,74.5,8.9,10.1,41.0,0.03,0.0,34.0,2.0
2026_CFB_W04_FCS2385_WKU,2026-09-17T23:04:39.995625+00:00,2026-09-26T23:00:00+00:00,215.9,False,False,open_meteo,71.6,69.1,8.5,10.5,45.0,0.02,0.0,53.0,2.0
2026_CFB_W04_MTSU_JXST,2026-09-17T23:04:39.996064+00:00,2026-09-26T23:00:00+00:00,215.9,False,False,open_meteo,76.5,77.1,3.4,5.6,79.0,0.02,0.0,50.0,2.0
2026_CFB_W04_TROY_USU,2026-09-17T23:04:40.769422+00:00,2026-09-26T23:30:00+00:00,216.4,False,False,open_meteo,71.9,69.2,4.8,10.3,214.0,0.14,0.004,42.0,51.0
2026_CFB_W04_FCS2277_UNT,2026-09-17T23:04:41.519795+00:00,2026-09-26T23:30:00+00:00,216.4,False,False,open_meteo,92.4,91.0,6.6,8.5,135.0,0.06,0.0,28.0,0.0
2026_CFB_W04_ARIZ_WSU,2026-09-17T23:04:41.520214+00:00,2026-09-26T23:30:00+00:00,216.4,False,False,open_meteo,53.9,49.3,3.4,4.3,352.0,0.05,0.0,50.0,3.0
2026_CFB_W04_TLSA_ARK,2026-09-17T23:04:41.520562+00:00,2026-09-27T00:00:00+00:00,216.9,False,False,open_meteo,76.1,72.9,8.1,15.0,136.0,0.05,0.0,41.0,0.0
2026_CFB_W04_ORST_UTEP,2026-09-17T23:04:42.263773+00:00,2026-09-27T01:00:00+00:00,217.9,False,False,open_meteo,87.3,83.4,10.7,12.3,181.0,0.06,0.0,30.0,3.0
2026_CFB_W04_RICE_FRES,2026-09-17T23:04:43.008670+00:00,2026-09-27T02:00:00+00:00,218.9,False,False,open_meteo,77.5,67.4,15.8,19.7,314.0,0.03,0.0,21.0,0.0
2026_CFB_W04_GT_STAN,2026-09-17T23:04:43.752432+00:00,2026-09-27T02:30:00+00:00,219.4,False,False,open_meteo,61.1,56.1,9.2,27.1,256.0,0.02,0.0,57.0,0.0
2026_CFB_W04_LIB_CCU,2026-09-18T11:06:38.983489+00:00,2026-09-24T23:30:00+00:00,156.4,False,False,open_meteo,75.1,78.9,4.0,4.5,19.0,0.26,0.0,71.0,2.0
2026_CFB_W04_ARMY_TEM,2026-09-18T11:06:39.869605+00:00,2026-09-25T20:00:00+00:00,176.9,False,False,open_meteo,54.5,53.2,5.2,12.1,320.0,0.17,0.028,95.0,53.0
2026_CFB_W04_NAVY_UAB,2026-09-18T11:06:40.756194+00:00,2026-09-25T23:00:00+00:00,179.9,False,False,open_meteo,74.3,71.2,7.7,15.4,353.0,0.03,0.0,43.0,3.0
2026_CFB_W04_FCS47_RUTG,2026-09-18T11:06:40.756702+00:00,2026-09-25T23:00:00+00:00,179.9,False,False,open_meteo,62.4,61.5,2.8,6.5,284.0,0.19,0.0,66.0,3.0
2026_CFB_W04_NU_IU,2026-09-18T11:06:40.757145+00:00,2026-09-26T00:00:00+00:00,180.9,False,False,open_meteo,60.7,58.1,9.0,21.0,46.0,0.0,0.0,78.0,2.0
2026_CFB_W04_CLEM_CAL,2026-09-18T11:06:40.757543+00:00,2026-09-26T02:30:00+00:00,183.4,False,False,open_meteo,67.9,66.1,5.2,6.0,211.0,0.0,0.0,55.0,2.0
2026_CFB_W04_WIS_PSU,2026-09-18T11:06:40.757956+00:00,2026-09-26T21:00:00+00:00,201.9,False,False,open_meteo,64.6,62.7,5.9,8.3,99.0,0.1,0.0,63.0,0.0
2026_CFB_W04_SC_ALA,2026-09-18T11:06:40.758339+00:00,2026-09-26T23:00:00+00:00,203.9,False,False,open_meteo,75.5,76.9,6.4,13.2,39.0,0.03,0.0,62.0,2.0
2026_CFB_W04_VAN_AUB,2026-09-18T11:06:40.758715+00:00,2026-09-26T20:15:00+00:00,201.1,False,False,open_meteo,74.3,74.4,9.6,14.5,78.0,0.09,0.0,65.0,3.0
2026_CFB_W04_MISS_FLA,2026-09-18T11:06:41.676700+00:00,2026-09-26T19:30:00+00:00,200.4,False,False,open_meteo,78.1,82.7,7.9,11.9,55.0,0.31,0.024,76.0,53.0
2026_CFB_W04_TAM_LSU,2026-09-18T11:06:42.562256+00:00,2026-09-26T23:30:00+00:00,204.4,False,False,open_meteo,85.2,81.4,8.2,16.1,17.0,0.04,0.0,28.0,0.0
2026_CFB_W04_MIZ_MSST,2026-09-18T11:06:43.904026+00:00,2026-09-26T23:45:00+00:00,204.6,False,False,open_meteo,72.9,74.5,6.8,12.3,82.0,0.03,0.004,70.0,51.0
2026_CFB_W04_SHSU_TTU,2026-09-18T11:06:43.904531+00:00,2026-09-26T16:00:00+00:00,196.9,False,False,open_meteo,70.8,68.3,10.5,15.7,156.0,0.1,0.0,60.0,3.0
2026_CFB_W04_OU_UGA,2026-09-18T11:06:44.790747+00:00,2026-09-26T19:30:00+00:00,200.4,False,False,open_meteo,78.2,77.1,10.4,12.8,59.0,0.04,0.0,42.0,0.0
2026_CFB_W04_HOU_GASO,2026-09-18T11:06:45.674565+00:00,2026-09-26T04:00:00+00:00,184.9,False,False,open_meteo,70.3,73.4,8.9,22.1,58.0,0.06,0.0,92.0,3.0
2026_CFB_W04_KSU_CIN,2026-09-18T11:06:46.589422+00:00,2026-09-26T23:00:00+00:00,203.9,False,False,open_meteo,65.4,63.1,6.7,17.2,53.0,0.05,0.0,61.0,0.0
2026_CFB_W04_UTAH_ISU,2026-09-18T11:06:46.589964+00:00,2026-09-26T19:30:00+00:00,200.4,False,False,open_meteo,70.5,68.7,12.0,14.1,171.0,0.07,0.0,59.0,1.0
2026_CFB_W04_OKST_WVU,2026-09-18T11:06:47.488696+00:00,2026-09-26T23:00:00+00:00,203.9,False,False,open_meteo,61.1,58.5,5.9,11.9,97.0,0.09,0.0,66.0,0.0
2026_CFB_W04_FCS2110_FSU,2026-09-18T11:06:48.381992+00:00,2026-09-26T19:00:00+00:00,199.9,False,False,open_meteo,77.4,81.3,9.8,16.1,55.0,0.11,0.0,78.0,3.0
2026_CFB_W04_DEL_UVA,2026-09-18T11:06:49.270992+00:00,2026-09-26T22:00:00+00:00,202.9,False,False,open_meteo,67.2,64.3,6.1,12.1,54.0,0.08,0.0,51.0,2.0
2026_CFB_W04_MOST_SMU,2026-09-18T11:06:50.190559+00:00,2026-09-27T01:00:00+00:00,205.9,False,False,open_meteo,87.7,85.4,7.9,10.5,83.0,0.04,0.0,31.0,2.0
2026_CFB_W04_VT_BC,2026-09-18T11:06:50.191106+00:00,2026-09-26T16:00:00+00:00,196.9,False,False,open_meteo,65.9,61.6,9.6,15.9,57.0,0.11,0.0,43.0,0.0
2026_CFB_W04_TCU_UCF,2026-09-18T11:06:50.191516+00:00,2026-09-26T19:30:00+00:00,200.4,False,False,open_meteo,86.1,88.8,10.0,9.2,51.0,0.49,0.004,55.0,51.0
2026_CFB_W04_COLO_BAY,2026-09-18T11:06:50.191938+00:00,2026-09-26T16:00:00+00:00,196.9,False,False,open_meteo,80.8,77.4,6.9,7.2,90.0,0.08,0.0,31.0,1.0
2026_CFB_W04_UCLA_MD,2026-09-18T11:06:50.192324+00:00,2026-09-26T17:30:00+00:00,198.4,False,False,open_meteo,71.2,67.9,9.1,13.0,62.0,0.03,0.0,38.0,0.0
2026_CFB_W04_IOWA_MICH,2026-09-18T11:06:50.192708+00:00,2026-09-26T19:30:00+00:00,200.4,False,False,open_meteo,70.4,68.3,6.5,7.2,121.0,0.01,0.0,43.0,0.0
2026_CFB_W04_NEB_MSU,2026-09-18T11:06:51.084087+00:00,2026-09-26T21:00:00+00:00,201.9,False,False,open_meteo,70.7,67.0,5.2,5.6,133.0,0.04,0.0,38.0,0.0
2026_CFB_W04_ND_PUR,2026-09-18T11:06:51.983255+00:00,2026-09-26T18:00:00+00:00,198.9,False,False,open_meteo,67.9,65.8,9.3,10.7,82.0,0.0,0.0,51.0,0.0
2026_CFB_W04_ORE_USC,2026-09-18T11:06:52.872832+00:00,2026-09-26T23:30:00+00:00,204.4,False,False,open_meteo,86.6,81.3,10.0,8.1,236.0,0.01,0.0,22.0,0.0
2026_CFB_W04_MINN_WASH,2026-09-18T11:06:52.873346+00:00,2026-09-27T03:00:00+00:00,207.9,False,False,open_meteo,52.7,48.5,4.5,4.3,354.0,0.08,0.0,63.0,0.0
2026_CFB_W04_SDSU_TOL,2026-09-18T11:06:52.873774+00:00,2026-09-26T16:00:00+00:00,196.9,False,False,open_meteo,67.6,66.2,5.9,9.6,70.0,0.04,0.0,55.0,0.0
2026_CFB_W04_BOIS_WMU,2026-09-18T11:06:53.766148+00:00,2026-09-26T04:00:00+00:00,184.9,False,False,open_meteo,52.6,49.2,5.8,9.2,92.0,0.01,0.0,79.0,0.0
2026_CFB_W04_CONN_MOH,2026-09-18T11:06:54.695190+00:00,2026-09-26T19:30:00+00:00,200.4,False,False,open_meteo,70.2,67.9,10.4,11.9,59.0,0.03,0.0,51.0,0.0
2026_CFB_W04_UL_CLT,2026-09-18T11:06:55.588489+00:00,2026-09-26T22:30:00+00:00,203.4,False,False,open_meteo,73.1,68.8,10.1,14.5,47.0,0.05,0.0,44.0,2.0
2026_CFB_W04_FAU_ULM,2026-09-18T11:06:55.589020+00:00,2026-09-27T00:00:00+00:00,204.9,False,False,open_meteo,75.9,72.0,7.7,12.8,353.0,0.02,0.0,37.0,0.0
2026_CFB_W04_USM_TULN,2026-09-18T11:06:56.477139+00:00,2026-09-26T23:00:00+00:00,203.9,False,False,open_meteo,86.2,83.7,6.1,9.6,354.0,0.06,0.0,29.0,1.0
2026_CFB_W04_USF_BGSU,2026-09-18T11:06:57.369072+00:00,2026-09-26T21:00:00+00:00,201.9,False,False,open_meteo,67.5,62.7,11.1,10.7,75.0,0.06,0.0,52.0,0.0
2026_CFB_W04_CSU_UTSA,2026-09-18T11:06:57.369400+00:00,2026-09-26T16:00:00+00:00,196.9,True,False,open_meteo,,,,,,,,,
2026_CFB_W04_WAKE_LOU,2026-09-18T11:06:57.369830+00:00,2026-09-26T16:00:00+00:00,196.9,False,False,open_meteo,69.7,68.7,7.5,11.2,60.0,0.0,0.0,57.0,0.0
2026_CFB_W04_ILL_OSU,2026-09-18T11:06:57.370240+00:00,2026-09-26T16:00:00+00:00,196.9,False,False,open_meteo,65.7,62.7,7.4,11.0,65.0,0.02,0.0,50.0,0.0
2026_CFB_W04_AF_NEV,2026-09-18T11:06:58.290212+00:00,2026-09-27T02:30:00+00:00,207.4,False,False,open_meteo,71.2,63.0,9.1,8.7,260.0,0.02,0.0,20.0,1.0
2026_CFB_W04_NIU_GAST,2026-09-18T11:06:59.191899+00:00,2026-09-26T18:00:00+00:00,198.9,False,False,open_meteo,78.1,77.5,9.8,11.2,79.0,0.03,0.0,44.0,2.0
2026_CFB_W04_APP_NCSU,2026-09-18T11:07:00.091049+00:00,2026-09-26T23:30:00+00:00,204.4,False,False,open_meteo,69.1,65.5,10.0,16.1,51.0,0.06,0.0,54.0,2.0
2026_CFB_W04_BALL_KENT,2026-09-18T11:07:00.994307+00:00,2026-09-26T16:00:00+00:00,196.9,False,False,open_meteo,63.3,59.7,8.3,12.1,76.0,0.04,0.0,52.0,0.0
2026_CFB_W04_UNLV_AKR,2026-09-18T11:07:03.586550+00:00,2026-09-26T16:00:00+00:00,196.9,False,False,open_meteo,63.5,59.7,7.9,13.2,74.0,0.05,0.0,49.0,0.0
2026_CFB_W04_MASS_SAC,2026-09-18T11:07:03.587075+00:00,2026-09-27T01:00:00+00:00,205.9,False,False,open_meteo,83.6,78.0,9.1,15.0,208.0,0.01,0.0,24.0,1.0
2026_CFB_W04_JMU_ODU,2026-09-18T11:07:03.587485+00:00,2026-09-26T22:00:00+00:00,202.9,False,False,open_meteo,65.8,62.5,14.7,23.7,44.0,0.18,0.008,78.0,51.0
2026_CFB_W04_FCS2083_PITT,2026-09-18T11:07:03.587907+00:00,2026-09-26T16:00:00+00:00,196.9,False,False,open_meteo,65.3,63.1,6.2,10.5,75.0,0.04,0.0,51.0,0.0
2026_CFB_W04_TEX_TENN,2026-09-18T11:07:03.588305+00:00,2026-09-26T16:00:00+00:00,196.9,False,False,open_meteo,70.6,70.5,2.5,3.8,27.0,0.04,0.0,53.0,1.0
2026_CFB_W04_USA_UK,2026-09-18T11:07:06.588029+00:00,2026-09-26T16:45:00+00:00,197.6,False,False,open_meteo,67.2,64.0,12.5,14.8,59.0,0.02,0.0,61.0,0.0
2026_CFB_W04_FCS2815_EMU,2026-09-18T11:07:07.671497+00:00,2026-09-26T17:00:00+00:00,197.9,False,False,open_meteo,68.2,66.7,6.1,7.4,107.0,0.03,0.0,48.0,0.0
2026_CFB_W04_HAW_WYO,2026-09-18T11:07:08.578317+00:00,2026-09-26T19:00:00+00:00,199.9,False,False,open_meteo,71.7,65.4,7.6,9.8,194.0,0.12,0.0,24.0,1.0
2026_CFB_W04_UNM_NMSU,2026-09-18T11:07:09.486621+00:00,2026-09-26T19:30:00+00:00,200.4,False,False,open_meteo,82.4,84.9,7.0,7.8,149.0,0.17,0.0,47.0,3.0
2026_CFB_W04_FCS2523_BUF,2026-09-18T11:07:10.409326+00:00,2026-09-26T19:30:00+00:00,200.4,False,False,open_meteo,69.0,66.3,6.9,7.6,61.0,0.1,0.0,44.0,0.0
2026_CFB_W04_FCS284_OHIO,2026-09-18T11:07:11.343687+00:00,2026-09-26T19:30:00+00:00,200.4,False,False,open_meteo,72.8,71.6,7.3,10.1,67.0,0.09,0.0,45.0,0.0
2026_CFB_W04_FCS2729_DUKE,2026-09-18T11:07:11.344217+00:00,2026-09-26T19:30:00+00:00,200.4,False,False,open_meteo,74.7,72.1,10.2,13.0,50.0,0.07,0.0,44.0,1.0
2026_CFB_W04_FCS2241_MRSH,2026-09-18T11:07:12.243416+00:00,2026-09-26T19:30:00+00:00,200.4,False,False,open_meteo,75.5,75.8,6.0,8.5,45.0,0.05,0.0,48.0,0.0
2026_CFB_W04_FCS2428_ECU,2026-09-18T11:07:13.142950+00:00,2026-09-26T20:00:00+00:00,200.9,False,False,open_meteo,71.8,68.0,14.4,17.9,28.0,0.1,0.004,60.0,51.0
2026_CFB_W04_FCS2916_TXST,2026-09-18T11:07:13.143465+00:00,2026-09-26T22:00:00+00:00,202.9,False,False,open_meteo,96.0,91.5,9.6,11.0,72.0,0.02,0.0,20.0,0.0
2026_CFB_W04_FCS2341_FIU,2026-09-18T11:07:14.032293+00:00,2026-09-26T22:00:00+00:00,202.9,False,False,open_meteo,86.4,90.3,9.5,9.2,83.0,0.76,0.0,58.0,3.0
2026_CFB_W04_CMU_MIA,2026-09-18T11:07:14.032820+00:00,2026-09-26T22:30:00+00:00,203.4,False,False,open_meteo,85.3,89.6,9.8,9.6,66.0,0.75,0.004,62.0,51.0
2026_CFB_W04_KENN_ARST,2026-09-18T11:07:14.975054+00:00,2026-09-26T23:00:00+00:00,203.9,False,False,open_meteo,77.2,73.0,8.9,10.7,34.0,0.02,0.0,36.0,0.0
2026_CFB_W04_FCS2385_WKU,2026-09-18T11:07:15.897581+00:00,2026-09-26T23:00:00+00:00,203.9,False,False,open_meteo,71.2,68.5,9.2,16.3,39.0,0.01,0.0,54.0,0.0
2026_CFB_W04_MTSU_JXST,2026-09-18T11:07:15.898128+00:00,2026-09-26T23:00:00+00:00,203.9,False,False,open_meteo,75.2,74.3,6.8,17.0,63.0,0.06,0.0,52.0,3.0
2026_CFB_W04_TROY_USU,2026-09-18T11:07:16.795796+00:00,2026-09-26T23:30:00+00:00,204.4,False,False,open_meteo,80.5,70.7,11.4,21.0,223.0,0.1,0.0,12.0,2.0
2026_CFB_W04_FCS2277_UNT,2026-09-18T11:07:17.697896+00:00,2026-09-26T23:30:00+00:00,204.4,False,False,open_meteo,86.3,84.8,4.4,5.6,135.0,0.04,0.0,30.0,2.0
2026_CFB_W04_ARIZ_WSU,2026-09-18T11:07:17.698406+00:00,2026-09-26T23:30:00+00:00,204.4,False,False,open_meteo,65.6,58.4,4.7,4.0,325.0,0.11,0.0,18.0,3.0
2026_CFB_W04_TLSA_ARK,2026-09-18T11:07:17.698845+00:00,2026-09-27T00:00:00+00:00,204.9,False,False,open_meteo,73.8,68.8,7.4,10.3,83.0,0.04,0.0,33.0,1.0
2026_CFB_W04_ORST_UTEP,2026-09-18T11:07:18.593955+00:00,2026-09-27T01:00:00+00:00,205.9,False,False,open_meteo,88.0,88.2,2.8,6.0,194.0,0.11,0.0,32.0,2.0
2026_CFB_W04_RICE_FRES,2026-09-18T11:07:19.536280+00:00,2026-09-27T02:00:00+00:00,206.9,False,False,open_meteo,89.6,82.5,10.0,17.7,318.0,0.03,0.0,16.0,2.0
2026_CFB_W04_GT_STAN,2026-09-18T11:07:20.443876+00:00,2026-09-27T02:30:00+00:00,207.4,False,False,open_meteo,67.8,65.5,5.9,6.0,277.0,0.02,0.0,54.0,3.0
2026_CFB_W04_LIB_CCU,2026-09-18T17:04:34.623842+00:00,2026-09-24T23:30:00+00:00,150.4,False,False,open_meteo,76.9,79.9,4.4,8.7,45.0,0.17,0.0,63.0,3.0
2026_CFB_W04_ARMY_TEM,2026-09-18T17:04:35.872476+00:00,2026-09-25T20:00:00+00:00,170.9,False,False,open_meteo,72.5,66.7,11.2,19.7,357.0,0.09,0.0,39.0,1.0
2026_CFB_W04_NAVY_UAB,2026-09-18T17:04:37.093649+00:00,2026-09-25T23:00:00+00:00,173.9,False,False,open_meteo,80.5,79.1,6.1,13.6,8.0,0.01,0.0,40.0,2.0
2026_CFB_W04_FCS47_RUTG,2026-09-18T17:04:37.094244+00:00,2026-09-25T23:00:00+00:00,173.9,False,False,open_meteo,65.9,63.0,5.8,18.8,332.0,0.11,0.0,53.0,2.0
2026_CFB_W04_NU_IU,2026-09-18T17:04:37.094848+00:00,2026-09-26T00:00:00+00:00,174.9,False,False,open_meteo,62.5,60.2,8.4,19.2,56.0,0.02,0.0,73.0,3.0
2026_CFB_W04_CLEM_CAL,2026-09-18T17:04:37.095374+00:00,2026-09-26T02:30:00+00:00,177.4,False,False,open_meteo,63.1,59.8,9.0,7.8,194.0,0.0,0.0,66.0,2.0
2026_CFB_W04_WIS_PSU,2026-09-18T17:04:37.095887+00:00,2026-09-26T21:00:00+00:00,195.9,False,False,open_meteo,68.0,67.0,4.5,6.9,70.0,0.07,0.0,58.0,3.0
2026_CFB_W04_SC_ALA,2026-09-18T17:04:37.096401+00:00,2026-09-26T23:00:00+00:00,197.9,False,False,open_meteo,84.2,86.1,5.1,11.0,75.0,0.02,0.0,47.0,3.0
2026_CFB_W04_VAN_AUB,2026-09-18T17:04:37.096935+00:00,2026-09-26T20:15:00+00:00,195.2,False,False,open_meteo,81.6,85.2,9.1,13.6,100.0,0.07,0.02,64.0,53.0
2026_CFB_W04_MISS_FLA,2026-09-18T17:04:38.328864+00:00,2026-09-26T19:30:00+00:00,194.4,False,False,open_meteo,90.1,90.7,11.8,12.3,63.0,0.29,0.0,44.0,2.0
2026_CFB_W04_TAM_LSU,2026-09-18T17:04:39.549514+00:00,2026-09-26T23:30:00+00:00,198.4,False,False,open_meteo,89.5,90.5,5.3,8.5,102.0,0.02,0.0,37.0,2.0
2026_CFB_W04_MIZ_MSST,2026-09-18T17:04:41.113708+00:00,2026-09-26T23:45:00+00:00,198.7,False,False,open_meteo,83.8,82.6,6.3,11.4,90.0,0.02,0.0,37.0,0.0
2026_CFB_W04_SHSU_TTU,2026-09-18T17:04:41.114284+00:00,2026-09-26T16:00:00+00:00,190.9,False,False,open_meteo,81.4,78.5,14.2,19.0,213.0,0.19,0.0,47.0,0.0
2026_CFB_W04_OU_UGA,2026-09-18T17:04:42.358693+00:00,2026-09-26T19:30:00+00:00,194.4,False,False,open_meteo,81.4,80.9,8.2,10.1,77.0,0.05,0.0,47.0,3.0
2026_CFB_W04_HOU_GASO,2026-09-18T17:04:43.571263+00:00,2026-09-26T04:00:00+00:00,178.9,False,False,open_meteo,72.8,77.4,5.8,15.0,103.0,0.05,0.004,85.0,51.0
2026_CFB_W04_KSU_CIN,2026-09-18T17:04:44.777055+00:00,2026-09-26T23:00:00+00:00,197.9,False,False,open_meteo,68.7,66.3,6.2,15.2,52.0,0.02,0.0,53.0,3.0
2026_CFB_W04_UTAH_ISU,2026-09-18T17:04:44.777670+00:00,2026-09-26T19:30:00+00:00,194.4,False,False,open_meteo,62.2,61.0,12.0,21.3,145.0,0.08,0.0,97.0,3.0
2026_CFB_W04_OKST_WVU,2026-09-18T17:04:45.988764+00:00,2026-09-26T23:00:00+00:00,197.9,False,False,open_meteo,62.3,59.7,5.1,16.3,92.0,0.05,0.0,60.0,2.0
2026_CFB_W04_FCS2110_FSU,2026-09-18T17:04:47.234971+00:00,2026-09-26T19:00:00+00:00,193.9,False,False,open_meteo,89.1,92.0,7.3,7.4,72.0,0.15,0.0,46.0,3.0
2026_CFB_W04_DEL_UVA,2026-09-18T17:04:48.456751+00:00,2026-09-26T22:00:00+00:00,196.9,False,False,open_meteo,69.3,66.1,5.0,6.0,63.0,0.11,0.0,43.0,3.0
2026_CFB_W04_MOST_SMU,2026-09-18T17:04:49.680667+00:00,2026-09-27T01:00:00+00:00,199.9,False,False,open_meteo,96.7,97.3,5.0,6.0,153.0,0.03,0.0,28.0,1.0
2026_CFB_W04_VT_BC,2026-09-18T17:04:49.681222+00:00,2026-09-26T16:00:00+00:00,190.9,False,False,open_meteo,67.9,63.2,9.9,17.7,23.0,0.14,0.0,38.0,0.0
2026_CFB_W04_TCU_UCF,2026-09-18T17:04:49.681737+00:00,2026-09-26T19:30:00+00:00,194.4,False,False,open_meteo,87.4,88.6,13.8,13.2,48.0,0.4,0.0,53.0,3.0
2026_CFB_W04_COLO_BAY,2026-09-18T17:04:49.682211+00:00,2026-09-26T16:00:00+00:00,190.9,False,False,open_meteo,91.4,93.1,8.5,9.6,185.0,0.01,0.0,40.0,0.0
2026_CFB_W04_UCLA_MD,2026-09-18T17:04:49.682701+00:00,2026-09-26T17:30:00+00:00,192.4,False,False,open_meteo,73.5,71.4,6.1,8.3,352.0,0.06,0.0,32.0,0.0
2026_CFB_W04_IOWA_MICH,2026-09-18T17:04:49.683157+00:00,2026-09-26T19:30:00+00:00,194.4,False,False,open_meteo,70.1,68.7,7.6,7.8,114.0,0.02,0.0,51.0,3.0
2026_CFB_W04_NEB_MSU,2026-09-18T17:04:50.903435+00:00,2026-09-26T21:00:00+00:00,195.9,False,False,open_meteo,69.6,67.8,6.8,8.1,131.0,0.01,0.0,56.0,2.0
2026_CFB_W04_ND_PUR,2026-09-18T17:04:52.156739+00:00,2026-09-26T18:00:00+00:00,192.9,False,False,open_meteo,66.6,64.5,8.4,10.7,112.0,0.01,0.0,65.0,3.0
2026_CFB_W04_ORE_USC,2026-09-18T17:04:53.368158+00:00,2026-09-26T23:30:00+00:00,198.4,False,False,open_meteo,83.3,79.2,9.9,7.4,237.0,0.01,0.0,29.0,0.0
2026_CFB_W04_MINN_WASH,2026-09-18T17:04:53.368739+00:00,2026-09-27T03:00:00+00:00,201.9,False,False,open_meteo,55.6,51.4,5.4,12.8,360.0,0.06,0.0,61.0,3.0
2026_CFB_W04_SDSU_TOL,2026-09-18T17:04:53.369211+00:00,2026-09-26T16:00:00+00:00,190.9,False,False,open_meteo,69.5,68.6,5.4,7.6,85.0,0.01,0.0,56.0,3.0
2026_CFB_W04_BOIS_WMU,2026-09-18T17:04:54.582119+00:00,2026-09-26T04:00:00+00:00,178.9,False,False,open_meteo,59.6,58.5,5.5,10.3,78.0,0.01,0.0,81.0,3.0
2026_CFB_W04_CONN_MOH,2026-09-18T17:04:55.783490+00:00,2026-09-26T19:30:00+00:00,194.4,False,False,open_meteo,72.1,68.6,9.0,10.1,89.0,0.01,0.0,46.0,3.0
2026_CFB_W04_UL_CLT,2026-09-18T17:04:56.991066+00:00,2026-09-26T22:30:00+00:00,197.4,False,False,open_meteo,76.7,74.7,6.2,10.1,69.0,0.03,0.0,42.0,0.0
2026_CFB_W04_FAU_ULM,2026-09-18T17:04:56.991628+00:00,2026-09-27T00:00:00+00:00,198.9,False,False,open_meteo,85.8,85.1,5.3,4.9,22.0,0.01,0.0,35.0,1.0
2026_CFB_W04_USM_TULN,2026-09-18T17:04:58.233276+00:00,2026-09-26T23:00:00+00:00,197.9,False,False,open_meteo,92.1,93.5,6.1,8.9,94.0,0.03,0.0,36.0,2.0
2026_CFB_W04_USF_BGSU,2026-09-18T17:04:59.439411+00:00,2026-09-26T21:00:00+00:00,195.9,False,False,open_meteo,71.7,68.4,8.5,9.4,96.0,0.02,0.0,48.0,1.0
2026_CFB_W04_CSU_UTSA,2026-09-18T17:04:59.439777+00:00,2026-09-26T16:00:00+00:00,190.9,True,False,open_meteo,,,,,,,,,
2026_CFB_W04_WAKE_LOU,2026-09-18T17:04:59.440252+00:00,2026-09-26T16:00:00+00:00,190.9,False,False,open_meteo,72.4,71.8,6.3,9.4,90.0,0.0,0.0,57.0,3.0
2026_CFB_W04_ILL_OSU,2026-09-18T17:04:59.440739+00:00,2026-09-26T16:00:00+00:00,190.9,False,False,open_meteo,66.3,62.4,7.4,11.0,83.0,0.02,0.0,47.0,2.0
2026_CFB_W04_AF_NEV,2026-09-18T17:05:00.657299+00:00,2026-09-27T02:30:00+00:00,201.4,False,False,open_meteo,74.4,67.8,5.1,4.0,45.0,0.02,0.0,18.0,0.0
2026_CFB_W04_NIU_GAST,2026-09-18T17:05:01.877124+00:00,2026-09-26T18:00:00+00:00,192.9,False,False,open_meteo,79.7,79.1,8.5,11.6,117.0,0.03,0.0,49.0,3.0
2026_CFB_W04_APP_NCSU,2026-09-18T17:05:03.137784+00:00,2026-09-26T23:30:00+00:00,198.4,False,False,open_meteo,70.6,66.4,6.6,12.8,55.0,0.06,0.0,39.0,3.0
2026_CFB_W04_BALL_KENT,2026-09-18T17:05:04.332426+00:00,2026-09-26T16:00:00+00:00,190.9,False,False,open_meteo,65.5,62.8,5.6,7.4,85.0,0.04,0.0,53.0,3.0
2026_CFB_W04_UNLV_AKR,2026-09-18T17:05:05.559151+00:00,2026-09-26T16:00:00+00:00,190.9,False,False,open_meteo,65.8,63.0,5.4,8.3,85.0,0.03,0.0,50.0,3.0
2026_CFB_W04_MASS_SAC,2026-09-18T17:05:05.559787+00:00,2026-09-27T01:00:00+00:00,199.9,False,False,open_meteo,87.5,82.2,6.2,12.1,218.0,0.0,0.0,18.0,0.0
2026_CFB_W04_JMU_ODU,2026-09-18T17:05:05.560272+00:00,2026-09-26T22:00:00+00:00,196.9,False,False,open_meteo,70.7,66.9,7.8,10.7,41.0,0.14,0.0,45.0,2.0
2026_CFB_W04_FCS2083_PITT,2026-09-18T17:05:05.560767+00:00,2026-09-26T16:00:00+00:00,190.9,False,False,open_meteo,65.9,63.3,4.7,7.6,65.0,0.05,0.0,50.0,3.0
2026_CFB_W04_TEX_TENN,2026-09-18T17:05:05.561221+00:00,2026-09-26T16:00:00+00:00,190.9,False,False,open_meteo,77.3,79.3,3.3,3.4,62.0,0.02,0.0,49.0,3.0
2026_CFB_W04_USA_UK,2026-09-18T17:05:06.791042+00:00,2026-09-26T16:45:00+00:00,191.7,False,False,open_meteo,71.2,69.5,10.4,11.2,84.0,0.0,0.0,57.0,2.0
2026_CFB_W04_FCS2815_EMU,2026-09-18T17:05:08.055096+00:00,2026-09-26T17:00:00+00:00,191.9,False,False,open_meteo,68.5,67.2,6.6,7.4,100.0,0.01,0.0,54.0,3.0
2026_CFB_W04_HAW_WYO,2026-09-18T17:05:09.269903+00:00,2026-09-26T19:00:00+00:00,193.9,False,False,open_meteo,75.2,64.5,18.5,23.9,276.0,0.12,0.0,17.0,1.0
2026_CFB_W04_UNM_NMSU,2026-09-18T17:05:10.486612+00:00,2026-09-26T19:30:00+00:00,194.4,False,False,open_meteo,85.6,88.9,5.2,5.6,162.0,0.17,0.0,37.0,0.0
2026_CFB_W04_FCS2523_BUF,2026-09-18T17:05:11.698426+00:00,2026-09-26T19:30:00+00:00,194.4,False,False,open_meteo,69.8,67.1,6.3,6.7,58.0,0.08,0.0,43.0,1.0
2026_CFB_W04_FCS284_OHIO,2026-09-18T17:05:12.948382+00:00,2026-09-26T19:30:00+00:00,194.4,False,False,open_meteo,72.9,70.4,6.6,9.8,78.0,0.03,0.0,46.0,3.0
2026_CFB_W04_FCS2729_DUKE,2026-09-18T17:05:12.948947+00:00,2026-09-26T19:30:00+00:00,194.4,False,False,open_meteo,77.3,75.3,7.0,8.1,63.0,0.06,0.0,32.0,3.0
2026_CFB_W04_FCS2241_MRSH,2026-09-18T17:05:14.166731+00:00,2026-09-26T19:30:00+00:00,194.4,False,False,open_meteo,78.5,79.0,5.4,6.9,66.0,0.02,0.0,46.0,3.0
2026_CFB_W04_FCS2428_ECU,2026-09-18T17:05:15.380470+00:00,2026-09-26T20:00:00+00:00,194.9,False,False,open_meteo,76.4,73.0,8.3,8.3,33.0,0.14,0.0,40.0,3.0
2026_CFB_W04_FCS2916_TXST,2026-09-18T17:05:15.381022+00:00,2026-09-26T22:00:00+00:00,196.9,False,False,open_meteo,99.0,96.8,9.8,10.7,133.0,0.01,0.0,24.0,0.0
2026_CFB_W04_FCS2341_FIU,2026-09-18T17:05:16.597506+00:00,2026-09-26T22:00:00+00:00,196.9,False,False,open_meteo,88.5,89.7,15.3,14.8,69.0,0.74,0.0,53.0,0.0
2026_CFB_W04_CMU_MIA,2026-09-18T17:05:16.598081+00:00,2026-09-26T22:30:00+00:00,197.4,False,False,open_meteo,87.4,89.3,14.1,14.5,67.0,0.76,0.0,56.0,0.0
2026_CFB_W04_KENN_ARST,2026-09-18T17:05:17.845957+00:00,2026-09-26T23:00:00+00:00,197.9,False,False,open_meteo,69.9,68.1,9.9,17.0,67.0,0.01,0.0,65.0,3.0
2026_CFB_W04_FCS2385_WKU,2026-09-18T17:05:19.066005+00:00,2026-09-26T23:00:00+00:00,197.9,False,False,open_meteo,74.5,74.4,5.7,6.9,18.0,0.02,0.0,55.0,3.0
2026_CFB_W04_MTSU_JXST,2026-09-18T17:05:19.066619+00:00,2026-09-26T23:00:00+00:00,197.9,False,False,open_meteo,72.7,77.6,3.6,3.8,94.0,0.07,0.0,82.0,3.0
2026_CFB_W04_TROY_USU,2026-09-18T17:05:20.284469+00:00,2026-09-26T23:30:00+00:00,198.4,False,False,open_meteo,80.2,72.8,8.3,12.3,234.0,0.08,0.0,17.0,0.0
2026_CFB_W04_FCS2277_UNT,2026-09-18T17:05:21.498024+00:00,2026-09-26T23:30:00+00:00,198.4,False,False,open_meteo,96.3,95.3,9.4,12.3,152.0,0.04,0.0,29.0,2.0
2026_CFB_W04_ARIZ_WSU,2026-09-18T17:05:21.498669+00:00,2026-09-26T23:30:00+00:00,198.4,False,False,open_meteo,63.5,58.3,3.8,4.0,111.0,0.04,0.0,33.0,3.0
2026_CFB_W04_TLSA_ARK,2026-09-18T17:05:21.499192+00:00,2026-09-27T00:00:00+00:00,198.9,False,False,open_meteo,81.3,79.2,9.0,17.4,136.0,0.04,0.0,41.0,0.0
2026_CFB_W04_ORST_UTEP,2026-09-18T17:05:22.713294+00:00,2026-09-27T01:00:00+00:00,199.9,False,False,open_meteo,89.0,87.9,5.3,6.3,78.0,0.13,0.004,30.0,51.0
2026_CFB_W04_RICE_FRES,2026-09-18T17:05:23.964049+00:00,2026-09-27T02:00:00+00:00,200.9,False,False,open_meteo,88.8,85.3,1.9,1.8,291.0,0.01,0.0,17.0,0.0
2026_CFB_W04_GT_STAN,2026-09-18T17:05:25.180743+00:00,2026-09-27T02:30:00+00:00,201.4,False,False,open_meteo,69.7,67.0,6.6,5.1,282.0,0.0,0.0,50.0,1.0
2026_CFB_W04_LIB_CCU,2026-09-18T20:03:09.397708+00:00,2026-09-24T23:30:00+00:00,147.4,False,False,open_meteo,75.5,79.1,2.8,8.7,119.0,0.17,0.0,66.0,1.0
2026_CFB_W04_ARMY_TEM,2026-09-18T20:03:09.952841+00:00,2026-09-25T20:00:00+00:00,167.9,False,False,open_meteo,73.1,69.9,7.9,19.7,320.0,0.09,0.0,45.0,2.0
2026_CFB_W04_NAVY_UAB,2026-09-18T20:03:10.511284+00:00,2026-09-25T23:00:00+00:00,170.9,False,False,open_meteo,79.9,78.1,6.1,13.6,6.0,0.01,0.0,39.0,3.0
2026_CFB_W04_FCS47_RUTG,2026-09-18T20:03:10.511610+00:00,2026-09-25T23:00:00+00:00,170.9,False,False,open_meteo,63.0,60.8,5.2,18.8,95.0,0.11,0.0,62.0,2.0
2026_CFB_W04_NU_IU,2026-09-18T20:03:10.511843+00:00,2026-09-26T00:00:00+00:00,171.9,False,False,open_meteo,64.5,63.3,6.9,19.2,61.0,0.02,0.0,72.0,3.0
2026_CFB_W04_CLEM_CAL,2026-09-18T20:03:10.512045+00:00,2026-09-26T02:30:00+00:00,174.4,False,False,open_meteo,67.1,65.9,4.6,7.8,231.0,0.0,0.0,59.0,0.0
2026_CFB_W04_WIS_PSU,2026-09-18T20:03:10.512236+00:00,2026-09-26T21:00:00+00:00,192.9,False,False,open_meteo,67.5,66.0,2.7,6.9,66.0,0.07,0.0,51.0,0.0
2026_CFB_W04_SC_ALA,2026-09-18T20:03:10.512419+00:00,2026-09-26T23:00:00+00:00,194.9,False,False,open_meteo,80.0,79.0,6.7,11.0,356.0,0.02,0.0,43.0,3.0
2026_CFB_W04_VAN_AUB,2026-09-18T20:03:10.512628+00:00,2026-09-26T20:15:00+00:00,192.2,False,False,open_meteo,88.6,90.8,0.3,13.6,135.0,0.07,0.0,29.0,3.0
2026_CFB_W04_MISS_FLA,2026-09-18T20:03:11.097188+00:00,2026-09-26T19:30:00+00:00,191.4,False,False,open_meteo,92.0,93.2,7.9,12.3,29.0,0.29,0.0,38.0,2.0
2026_CFB_W04_TAM_LSU,2026-09-18T20:03:11.643143+00:00,2026-09-26T23:30:00+00:00,195.4,False,False,open_meteo,92.1,95.1,3.7,8.5,76.0,0.02,0.0,38.0,3.0
2026_CFB_W04_MIZ_MSST,2026-09-18T20:03:12.797069+00:00,2026-09-26T23:45:00+00:00,195.7,False,False,open_meteo,75.3,72.1,7.2,11.4,16.0,0.02,0.0,40.0,3.0
2026_CFB_W04_SHSU_TTU,2026-09-18T20:03:12.797388+00:00,2026-09-26T16:00:00+00:00,187.9,False,False,open_meteo,80.7,79.7,10.0,19.0,219.0,0.19,0.0,49.0,0.0
2026_CFB_W04_OU_UGA,2026-09-18T20:03:13.459247+00:00,2026-09-26T19:30:00+00:00,191.4,False,False,open_meteo,78.8,80.1,9.3,10.1,82.0,0.05,0.004,61.0,51.0
2026_CFB_W04_HOU_GASO,2026-09-18T20:03:14.039970+00:00,2026-09-26T04:00:00+00:00,175.9,False,False,open_meteo,73.3,77.7,4.4,15.0,139.0,0.05,0.0,80.0,3.0
2026_CFB_W04_KSU_CIN,2026-09-18T20:03:14.599259+00:00,2026-09-26T23:00:00+00:00,194.9,False,False,open_meteo,67.3,64.6,4.6,15.2,43.0,0.02,0.0,48.0,3.0
2026_CFB_W04_UTAH_ISU,2026-09-18T20:03:14.599594+00:00,2026-09-26T19:30:00+00:00,191.4,False,False,open_meteo,70.4,69.5,11.2,21.3,175.0,0.08,0.0,68.0,2.0
2026_CFB_W04_OKST_WVU,2026-09-18T20:03:15.158490+00:00,2026-09-26T23:00:00+00:00,194.9,False,False,open_meteo,60.4,58.5,3.2,16.3,65.0,0.05,0.0,64.0,0.0
2026_CFB_W04_FCS2110_FSU,2026-09-18T20:03:15.718672+00:00,2026-09-26T19:00:00+00:00,190.9,False,False,open_meteo,93.4,100.9,1.9,7.4,201.0,0.15,0.0,41.0,2.0
2026_CFB_W04_DEL_UVA,2026-09-18T20:03:16.318931+00:00,2026-09-26T22:00:00+00:00,193.9,False,False,open_meteo,69.9,66.9,5.6,6.0,61.0,0.11,0.0,45.0,1.0
2026_CFB_W04_MOST_SMU,2026-09-18T20:03:16.877088+00:00,2026-09-27T01:00:00+00:00,196.9,False,False,open_meteo,93.8,91.3,5.4,6.0,107.0,0.03,0.0,22.0,1.0
2026_CFB_W04_VT_BC,2026-09-18T20:03:16.877420+00:00,2026-09-26T16:00:00+00:00,187.9,False,False,open_meteo,62.7,57.9,12.2,17.7,41.0,0.14,0.0,55.0,2.0
2026_CFB_W04_TCU_UCF,2026-09-18T20:03:16.877636+00:00,2026-09-26T19:30:00+00:00,191.4,False,False,open_meteo,89.2,91.9,7.5,13.2,53.0,0.4,0.0,46.0,3.0
2026_CFB_W04_COLO_BAY,2026-09-18T20:03:16.877853+00:00,2026-09-26T16:00:00+00:00,187.9,False,False,open_meteo,88.0,90.5,4.7,9.6,115.0,0.01,0.0,42.0,2.0
2026_CFB_W04_UCLA_MD,2026-09-18T20:03:16.878045+00:00,2026-09-26T17:30:00+00:00,189.4,False,False,open_meteo,72.7,71.6,4.7,8.3,352.0,0.06,0.0,35.0,0.0
2026_CFB_W04_IOWA_MICH,2026-09-18T20:03:16.878229+00:00,2026-09-26T19:30:00+00:00,191.4,False,False,open_meteo,71.8,68.9,7.9,7.8,130.0,0.02,0.0,40.0,2.0
2026_CFB_W04_NEB_MSU,2026-09-18T20:03:17.440273+00:00,2026-09-26T21:00:00+00:00,192.9,False,False,open_meteo,71.6,69.3,4.3,8.1,168.0,0.01,0.0,43.0,3.0
2026_CFB_W04_ND_PUR,2026-09-18T20:03:17.991828+00:00,2026-09-26T18:00:00+00:00,189.9,False,False,open_meteo,69.3,68.7,4.3,10.7,99.0,0.01,0.0,44.0,3.0
2026_CFB_W04_ORE_USC,2026-09-18T20:03:18.565707+00:00,2026-09-26T23:30:00+00:00,195.4,False,False,open_meteo,92.4,85.3,10.7,7.4,237.0,0.01,0.0,14.0,0.0
2026_CFB_W04_MINN_WASH,2026-09-18T20:03:18.566044+00:00,2026-09-27T03:00:00+00:00,198.9,False,False,open_meteo,55.8,51.7,4.7,12.8,5.0,0.06,0.0,58.0,0.0
2026_CFB_W04_SDSU_TOL,2026-09-18T20:03:18.566258+00:00,2026-09-26T16:00:00+00:00,187.9,False,False,open_meteo,68.3,65.8,5.4,7.6,99.0,0.01,0.0,43.0,1.0
2026_CFB_W04_BOIS_WMU,2026-09-18T20:03:19.123341+00:00,2026-09-26T04:00:00+00:00,175.9,False,False,open_meteo,56.4,53.0,6.3,10.3,90.0,0.01,0.0,71.0,2.0
2026_CFB_W04_CONN_MOH,2026-09-18T20:03:19.675527+00:00,2026-09-26T19:30:00+00:00,191.4,False,False,open_meteo,72.8,70.1,6.4,10.1,72.0,0.01,0.0,35.0,3.0
2026_CFB_W04_UL_CLT,2026-09-18T20:03:20.226174+00:00,2026-09-26T22:30:00+00:00,194.4,False,False,open_meteo,76.2,74.8,8.3,10.1,54.0,0.03,0.0,51.0,3.0
2026_CFB_W04_FAU_ULM,2026-09-18T20:03:20.226524+00:00,2026-09-27T00:00:00+00:00,195.9,False,False,open_meteo,82.9,80.4,8.8,4.9,21.0,0.01,0.0,37.0,0.0
2026_CFB_W04_USM_TULN,2026-09-18T20:03:20.802218+00:00,2026-09-26T23:00:00+00:00,194.9,False,False,open_meteo,91.2,92.2,7.4,8.9,21.0,0.03,0.0,38.0,2.0
2026_CFB_W04_USF_BGSU,2026-09-18T20:03:21.354035+00:00,2026-09-26T21:00:00+00:00,192.9,False,False,open_meteo,69.5,65.5,7.6,9.4,69.0,0.02,0.0,45.0,3.0
2026_CFB_W04_CSU_UTSA,2026-09-18T20:03:21.354259+00:00,2026-09-26T16:00:00+00:00,187.9,True,False,open_meteo,,,,,,,,,
2026_CFB_W04_WAKE_LOU,2026-09-18T20:03:21.354483+00:00,2026-09-26T16:00:00+00:00,187.9,False,False,open_meteo,70.9,68.3,5.1,9.4,67.0,0.0,0.0,42.0,3.0
2026_CFB_W04_ILL_OSU,2026-09-18T20:03:21.354705+00:00,2026-09-26T16:00:00+00:00,187.9,False,False,open_meteo,66.2,64.6,3.8,11.0,97.0,0.02,0.0,51.0,3.0
2026_CFB_W04_AF_NEV,2026-09-18T20:03:21.904409+00:00,2026-09-27T02:30:00+00:00,198.4,False,False,open_meteo,76.5,69.7,4.1,4.0,354.0,0.02,0.0,13.0,0.0
2026_CFB_W04_NIU_GAST,2026-09-18T20:03:22.493362+00:00,2026-09-26T18:00:00+00:00,189.9,False,False,open_meteo,81.5,83.6,7.8,11.6,102.0,0.03,0.0,49.0,3.0
2026_CFB_W04_APP_NCSU,2026-09-18T20:03:23.066186+00:00,2026-09-26T23:30:00+00:00,195.4,False,False,open_meteo,72.7,72.0,4.5,12.8,72.0,0.06,0.0,52.0,3.0
2026_CFB_W04_BALL_KENT,2026-09-18T20:03:23.647497+00:00,2026-09-26T16:00:00+00:00,187.9,False,False,open_meteo,65.2,61.1,8.3,7.4,84.0,0.04,0.0,44.0,0.0
2026_CFB_W04_UNLV_AKR,2026-09-18T20:03:24.245972+00:00,2026-09-26T16:00:00+00:00,187.9,False,False,open_meteo,65.6,61.2,7.8,8.3,87.0,0.03,0.0,40.0,0.0
2026_CFB_W04_MASS_SAC,2026-09-18T20:03:24.246344+00:00,2026-09-27T01:00:00+00:00,196.9,False,False,open_meteo,92.0,87.5,3.9,12.1,260.0,0.0,0.0,15.0,0.0
2026_CFB_W04_JMU_ODU,2026-09-18T20:03:24.246593+00:00,2026-09-26T22:00:00+00:00,193.9,False,False,open_meteo,71.3,69.7,8.8,10.7,71.0,0.14,0.0,60.0,0.0
2026_CFB_W04_FCS2083_PITT,2026-09-18T20:03:24.246828+00:00,2026-09-26T16:00:00+00:00,187.9,False,False,open_meteo,65.6,62.8,5.4,7.6,66.0,0.05,0.0,42.0,0.0
2026_CFB_W04_TEX_TENN,2026-09-18T20:03:24.247033+00:00,2026-09-26T16:00:00+00:00,187.9,False,False,open_meteo,71.9,71.5,4.3,3.4,62.0,0.02,0.0,55.0,3.0
2026_CFB_W04_USA_UK,2026-09-18T20:03:24.861402+00:00,2026-09-26T16:45:00+00:00,188.7,False,False,open_meteo,66.6,62.4,9.3,11.2,66.0,0.0,0.0,53.0,3.0
2026_CFB_W04_FCS2815_EMU,2026-09-18T20:03:25.433601+00:00,2026-09-26T17:00:00+00:00,188.9,False,False,open_meteo,70.4,68.6,6.9,7.4,126.0,0.01,0.0,45.0,1.0
2026_CFB_W04_HAW_WYO,2026-09-18T20:03:26.007973+00:00,2026-09-26T19:00:00+00:00,190.9,False,False,open_meteo,72.2,61.1,18.2,23.9,274.0,0.12,0.004,25.0,51.0
2026_CFB_W04_UNM_NMSU,2026-09-18T20:03:26.571436+00:00,2026-09-26T19:30:00+00:00,191.4,False,False,open_meteo,87.8,89.4,5.5,5.6,153.0,0.17,0.0,30.0,0.0
2026_CFB_W04_FCS2523_BUF,2026-09-18T20:03:27.157941+00:00,2026-09-26T19:30:00+00:00,191.4,False,False,open_meteo,70.3,67.7,6.1,6.7,24.0,0.08,0.0,41.0,0.0
2026_CFB_W04_FCS284_OHIO,2026-09-18T20:03:27.743949+00:00,2026-09-26T19:30:00+00:00,191.4,False,False,open_meteo,73.7,72.6,4.5,9.8,81.0,0.03,0.0,41.0,3.0
2026_CFB_W04_FCS2729_DUKE,2026-09-18T20:03:27.744279+00:00,2026-09-26T19:30:00+00:00,191.4,False,False,open_meteo,77.9,77.4,5.6,8.1,83.0,0.06,0.0,47.0,3.0
2026_CFB_W04_FCS2241_MRSH,2026-09-18T20:03:28.319467+00:00,2026-09-26T19:30:00+00:00,191.4,False,False,open_meteo,75.3,76.5,3.5,6.9,63.0,0.02,0.0,50.0,3.0
2026_CFB_W04_FCS2428_ECU,2026-09-18T20:03:28.879387+00:00,2026-09-26T20:00:00+00:00,191.9,False,False,open_meteo,76.3,75.3,9.4,8.3,72.0,0.14,0.0,55.0,3.0
2026_CFB_W04_FCS2916_TXST,2026-09-18T20:03:28.879744+00:00,2026-09-26T22:00:00+00:00,193.9,False,False,open_meteo,99.0,95.6,10.6,10.7,97.0,0.01,0.0,22.0,0.0
2026_CFB_W04_FCS2341_FIU,2026-09-18T20:03:29.513776+00:00,2026-09-26T22:00:00+00:00,193.9,False,False,open_meteo,87.9,90.9,12.1,14.8,109.0,0.74,0.0,56.0,0.0
2026_CFB_W04_CMU_MIA,2026-09-18T20:03:29.514138+00:00,2026-09-26T22:30:00+00:00,194.4,False,False,open_meteo,88.2,90.8,12.0,14.5,98.0,0.76,0.0,54.0,1.0
2026_CFB_W04_KENN_ARST,2026-09-18T20:03:30.086665+00:00,2026-09-26T23:00:00+00:00,194.9,False,False,open_meteo,80.2,77.8,7.4,17.0,360.0,0.01,0.0,38.0,1.0
2026_CFB_W04_FCS2385_WKU,2026-09-18T20:03:30.810654+00:00,2026-09-26T23:00:00+00:00,194.9,False,False,open_meteo,72.7,70.9,7.3,6.9,52.0,0.02,0.0,52.0,1.0
2026_CFB_W04_MTSU_JXST,2026-09-18T20:03:30.811002+00:00,2026-09-26T23:00:00+00:00,194.9,False,False,open_meteo,76.5,78.4,1.7,3.8,130.0,0.07,0.0,53.0,3.0
2026_CFB_W04_TROY_USU,2026-09-18T20:03:31.470790+00:00,2026-09-26T23:30:00+00:00,195.4,False,False,open_meteo,82.8,73.6,13.3,12.3,245.0,0.08,0.0,17.0,2.0
2026_CFB_W04_FCS2277_UNT,2026-09-18T20:03:32.051577+00:00,2026-09-26T23:30:00+00:00,195.4,False,False,open_meteo,91.6,89.9,6.3,12.3,182.0,0.04,0.004,27.0,51.0
2026_CFB_W04_ARIZ_WSU,2026-09-18T20:03:32.051917+00:00,2026-09-26T23:30:00+00:00,195.4,False,False,open_meteo,69.5,61.5,9.6,4.0,286.0,0.04,0.0,24.0,2.0
2026_CFB_W04_TLSA_ARK,2026-09-18T20:03:32.052132+00:00,2026-09-27T00:00:00+00:00,195.9,False,False,open_meteo,77.5,77.4,5.9,17.4,200.0,0.04,0.0,50.0,3.0
2026_CFB_W04_ORST_UTEP,2026-09-18T20:03:32.609948+00:00,2026-09-27T01:00:00+00:00,196.9,False,False,open_meteo,89.2,87.4,3.6,6.3,90.0,0.13,0.0,25.0,0.0
2026_CFB_W04_RICE_FRES,2026-09-18T20:03:33.163304+00:00,2026-09-27T02:00:00+00:00,197.9,False,False,open_meteo,91.0,85.4,3.9,1.8,347.0,0.01,0.0,12.0,2.0
2026_CFB_W04_GT_STAN,2026-09-18T20:03:33.709554+00:00,2026-09-27T02:30:00+00:00,198.4,False,False,open_meteo,77.7,75.5,5.8,5.1,302.0,0.0,0.0,39.0,0.0
2026_CFB_W04_LIB_CCU,2026-09-18T23:03:16.018964+00:00,2026-09-24T23:30:00+00:00,144.4,False,False,open_meteo,75.5,79.1,2.8,7.4,119.0,0.13,0.0,66.0,1.0
2026_CFB_W04_ARMY_TEM,2026-09-18T23:03:16.637117+00:00,2026-09-25T20:00:00+00:00,164.9,False,False,open_meteo,73.1,69.9,7.9,11.0,320.0,0.23,0.0,45.0,2.0
2026_CFB_W04_NAVY_UAB,2026-09-18T23:03:17.255746+00:00,2026-09-25T23:00:00+00:00,167.9,False,False,open_meteo,79.9,78.1,6.1,12.8,6.0,0.02,0.0,39.0,3.0
2026_CFB_W04_FCS47_RUTG,2026-09-18T23:03:17.256194+00:00,2026-09-25T23:00:00+00:00,167.9,False,False,open_meteo,63.0,60.8,5.2,8.1,95.0,0.17,0.0,62.0,2.0
2026_CFB_W04_NU_IU,2026-09-18T23:03:17.256494+00:00,2026-09-26T00:00:00+00:00,168.9,False,False,open_meteo,64.5,63.3,6.9,16.1,61.0,0.02,0.0,72.0,3.0
2026_CFB_W04_CLEM_CAL,2026-09-18T23:03:17.256782+00:00,2026-09-26T02:30:00+00:00,171.4,False,False,open_meteo,67.1,65.9,4.6,7.8,231.0,0.01,0.0,59.0,0.0
2026_CFB_W04_WIS_PSU,2026-09-18T23:03:17.257054+00:00,2026-09-26T21:00:00+00:00,189.9,False,False,open_meteo,67.5,66.0,2.7,5.6,66.0,0.08,0.0,51.0,0.0
2026_CFB_W04_SC_ALA,2026-09-18T23:03:17.257329+00:00,2026-09-26T23:00:00+00:00,191.9,False,False,open_meteo,80.0,79.0,6.7,12.3,356.0,0.03,0.0,43.0,3.0
2026_CFB_W04_VAN_AUB,2026-09-18T23:03:17.257600+00:00,2026-09-26T20:15:00+00:00,189.2,False,False,open_meteo,88.6,90.8,0.3,1.3,135.0,0.06,0.0,29.0,3.0
2026_CFB_W04_MISS_FLA,2026-09-18T23:03:17.893715+00:00,2026-09-26T19:30:00+00:00,188.4,False,False,open_meteo,92.0,93.2,7.9,10.1,29.0,0.27,0.0,38.0,2.0
2026_CFB_W04_TAM_LSU,2026-09-18T23:03:18.524724+00:00,2026-09-26T23:30:00+00:00,192.4,False,False,open_meteo,92.1,95.1,3.7,11.2,76.0,0.04,0.0,38.0,3.0
2026_CFB_W04_MIZ_MSST,2026-09-18T23:03:19.137059+00:00,2026-09-26T23:45:00+00:00,192.7,False,False,open_meteo,75.3,72.1,7.2,7.6,16.0,0.01,0.0,40.0,3.0
2026_CFB_W04_SHSU_TTU,2026-09-18T23:03:19.137460+00:00,2026-09-26T16:00:00+00:00,184.9,False,False,open_meteo,80.7,79.7,10.0,14.1,219.0,0.22,0.0,49.0,0.0
2026_CFB_W04_OU_UGA,2026-09-18T23:03:19.755172+00:00,2026-09-26T19:30:00+00:00,188.4,False,False,open_meteo,78.8,80.1,9.3,10.1,82.0,0.07,0.004,61.0,51.0
2026_CFB_W04_HOU_GASO,2026-09-18T23:03:20.395248+00:00,2026-09-26T04:00:00+00:00,172.9,False,False,open_meteo,73.3,77.7,4.4,8.9,139.0,0.04,0.0,80.0,3.0
2026_CFB_W04_KSU_CIN,2026-09-18T23:03:21.015805+00:00,2026-09-26T23:00:00+00:00,191.9,False,False,open_meteo,67.3,64.6,4.6,12.3,43.0,0.03,0.0,48.0,3.0
2026_CFB_W04_UTAH_ISU,2026-09-18T23:03:21.016237+00:00,2026-09-26T19:30:00+00:00,188.4,False,False,open_meteo,70.4,69.5,11.2,13.6,175.0,0.08,0.0,68.0,2.0
2026_CFB_W04_OKST_WVU,2026-09-18T23:03:21.630587+00:00,2026-09-26T23:00:00+00:00,191.9,False,False,open_meteo,60.4,58.5,3.2,5.4,65.0,0.06,0.0,64.0,0.0
2026_CFB_W04_FCS2110_FSU,2026-09-18T23:03:22.243837+00:00,2026-09-26T19:00:00+00:00,187.9,False,False,open_meteo,93.4,100.9,1.9,3.6,201.0,0.19,0.0,41.0,2.0
2026_CFB_W04_DEL_UVA,2026-09-18T23:03:22.877119+00:00,2026-09-26T22:00:00+00:00,190.9,False,False,open_meteo,69.9,66.9,5.6,5.1,61.0,0.13,0.0,45.0,1.0
2026_CFB_W04_MOST_SMU,2026-09-18T23:03:23.491233+00:00,2026-09-27T01:00:00+00:00,193.9,False,False,open_meteo,93.8,91.3,5.4,11.9,107.0,0.05,0.0,22.0,1.0
2026_CFB_W04_VT_BC,2026-09-18T23:03:23.491665+00:00,2026-09-26T16:00:00+00:00,184.9,False,False,open_meteo,62.7,57.9,12.2,21.3,41.0,0.19,0.0,55.0,2.0
2026_CFB_W04_TCU_UCF,2026-09-18T23:03:23.491981+00:00,2026-09-26T19:30:00+00:00,188.4,False,False,open_meteo,89.2,91.9,7.5,6.9,53.0,0.45,0.0,46.0,3.0
2026_CFB_W04_COLO_BAY,2026-09-18T23:03:23.492326+00:00,2026-09-26T16:00:00+00:00,184.9,False,False,open_meteo,88.0,90.5,4.7,3.8,115.0,0.01,0.0,42.0,2.0
2026_CFB_W04_UCLA_MD,2026-09-18T23:03:23.492632+00:00,2026-09-26T17:30:00+00:00,186.4,False,False,open_meteo,72.7,71.6,4.7,6.0,352.0,0.09,0.0,35.0,0.0
2026_CFB_W04_IOWA_MICH,2026-09-18T23:03:23.492917+00:00,2026-09-26T19:30:00+00:00,188.4,False,False,open_meteo,71.8,68.9,7.9,8.3,130.0,0.02,0.0,40.0,2.0
2026_CFB_W04_NEB_MSU,2026-09-18T23:03:24.109124+00:00,2026-09-26T21:00:00+00:00,189.9,False,False,open_meteo,71.6,69.3,4.3,5.6,168.0,0.02,0.0,43.0,3.0
2026_CFB_W04_ND_PUR,2026-09-18T23:03:24.722386+00:00,2026-09-26T18:00:00+00:00,186.9,False,False,open_meteo,69.3,68.7,4.3,4.3,99.0,0.02,0.0,44.0,3.0
2026_CFB_W04_ORE_USC,2026-09-18T23:03:25.363099+00:00,2026-09-26T23:30:00+00:00,192.4,False,False,open_meteo,92.4,85.3,10.7,11.6,237.0,0.02,0.0,14.0,0.0
2026_CFB_W04_MINN_WASH,2026-09-18T23:03:25.363556+00:00,2026-09-27T03:00:00+00:00,195.9,False,False,open_meteo,55.8,51.7,4.7,4.3,5.0,0.04,0.0,58.0,0.0
2026_CFB_W04_SDSU_TOL,2026-09-18T23:03:25.363878+00:00,2026-09-26T16:00:00+00:00,184.9,False,False,open_meteo,68.3,65.8,5.4,8.5,99.0,0.02,0.0,43.0,1.0
2026_CFB_W04_BOIS_WMU,2026-09-18T23:03:25.974008+00:00,2026-09-26T04:00:00+00:00,172.9,False,False,open_meteo,56.4,53.0,6.3,6.7,90.0,0.02,0.0,71.0,2.0
2026_CFB_W04_CONN_MOH,2026-09-18T23:03:26.585992+00:00,2026-09-26T19:30:00+00:00,188.4,False,False,open_meteo,72.8,70.1,6.4,6.5,72.0,0.03,0.0,35.0,3.0
2026_CFB_W04_UL_CLT,2026-09-18T23:03:27.259960+00:00,2026-09-26T22:30:00+00:00,191.4,False,False,open_meteo,76.2,74.8,8.3,10.3,54.0,0.07,0.0,51.0,3.0
2026_CFB_W04_FAU_ULM,2026-09-18T23:03:27.260405+00:00,2026-09-27T00:00:00+00:00,192.9,False,False,open_meteo,82.9,80.4,8.8,18.3,21.0,0.01,0.0,37.0,0.0
2026_CFB_W04_USM_TULN,2026-09-18T23:03:27.886573+00:00,2026-09-26T23:00:00+00:00,191.9,False,False,open_meteo,91.2,92.2,7.4,8.5,21.0,0.08,0.0,38.0,2.0
2026_CFB_W04_USF_BGSU,2026-09-18T23:03:28.503548+00:00,2026-09-26T21:00:00+00:00,189.9,False,False,open_meteo,69.5,65.5,7.6,9.2,69.0,0.03,0.0,45.0,3.0
2026_CFB_W04_CSU_UTSA,2026-09-18T23:03:28.503816+00:00,2026-09-26T16:00:00+00:00,184.9,True,False,open_meteo,,,,,,,,,
2026_CFB_W04_WAKE_LOU,2026-09-18T23:03:28.504128+00:00,2026-09-26T16:00:00+00:00,184.9,False,False,open_meteo,70.9,68.3,5.1,7.6,67.0,0.01,0.0,42.0,3.0
2026_CFB_W04_ILL_OSU,2026-09-18T23:03:28.504407+00:00,2026-09-26T16:00:00+00:00,184.9,False,False,open_meteo,66.2,64.6,3.8,5.4,97.0,0.03,0.0,51.0,3.0
2026_CFB_W04_AF_NEV,2026-09-18T23:03:29.130423+00:00,2026-09-27T02:30:00+00:00,195.4,False,False,open_meteo,76.5,69.7,4.1,5.8,354.0,0.02,0.0,13.0,0.0
2026_CFB_W04_NIU_GAST,2026-09-18T23:03:29.765426+00:00,2026-09-26T18:00:00+00:00,186.9,False,False,open_meteo,81.5,83.6,7.8,7.8,102.0,0.04,0.0,49.0,3.0
2026_CFB_W04_APP_NCSU,2026-09-18T23:03:30.396999+00:00,2026-09-26T23:30:00+00:00,192.4,False,False,open_meteo,72.7,72.0,4.5,11.2,72.0,0.12,0.0,52.0,3.0
2026_CFB_W04_BALL_KENT,2026-09-18T23:03:31.010859+00:00,2026-09-26T16:00:00+00:00,184.9,False,False,open_meteo,65.2,61.1,8.3,10.7,84.0,0.02,0.0,44.0,0.0
2026_CFB_W04_UNLV_AKR,2026-09-18T23:03:31.620864+00:00,2026-09-26T16:00:00+00:00,184.9,False,False,open_meteo,65.6,61.2,7.8,11.4,87.0,0.03,0.0,40.0,0.0
2026_CFB_W04_MASS_SAC,2026-09-18T23:03:31.621309+00:00,2026-09-27T01:00:00+00:00,193.9,False,False,open_meteo,92.0,87.5,3.9,6.3,260.0,0.0,0.0,15.0,0.0
2026_CFB_W04_JMU_ODU,2026-09-18T23:03:31.621597+00:00,2026-09-26T22:00:00+00:00,190.9,False,False,open_meteo,71.3,69.7,8.8,9.8,71.0,0.19,0.0,60.0,0.0
2026_CFB_W04_FCS2083_PITT,2026-09-18T23:03:31.621859+00:00,2026-09-26T16:00:00+00:00,184.9,False,False,open_meteo,65.6,62.8,5.4,7.8,66.0,0.04,0.0,42.0,0.0
2026_CFB_W04_TEX_TENN,2026-09-18T23:03:31.622134+00:00,2026-09-26T16:00:00+00:00,184.9,False,False,open_meteo,71.9,71.5,4.3,5.4,62.0,0.02,0.0,55.0,3.0
2026_CFB_W04_USA_UK,2026-09-18T23:03:32.254075+00:00,2026-09-26T16:45:00+00:00,185.7,False,False,open_meteo,66.6,62.4,9.3,11.0,66.0,0.01,0.0,53.0,3.0
2026_CFB_W04_FCS2815_EMU,2026-09-18T23:03:32.869289+00:00,2026-09-26T17:00:00+00:00,185.9,False,False,open_meteo,70.4,68.6,6.9,7.6,126.0,0.02,0.0,45.0,1.0
2026_CFB_W04_HAW_WYO,2026-09-18T23:03:33.496357+00:00,2026-09-26T19:00:00+00:00,187.9,False,False,open_meteo,72.2,61.1,18.2,19.2,274.0,0.14,0.004,25.0,51.0
2026_CFB_W04_UNM_NMSU,2026-09-18T23:03:34.141237+00:00,2026-09-26T19:30:00+00:00,188.4,False,False,open_meteo,87.8,89.4,5.5,5.1,153.0,0.15,0.0,30.0,0.0
2026_CFB_W04_FCS2523_BUF,2026-09-18T23:03:34.761689+00:00,2026-09-26T19:30:00+00:00,188.4,False,False,open_meteo,70.3,67.7,6.1,4.9,24.0,0.05,0.0,41.0,0.0
2026_CFB_W04_FCS284_OHIO,2026-09-18T23:03:35.390173+00:00,2026-09-26T19:30:00+00:00,188.4,False,False,open_meteo,73.7,72.6,4.5,5.6,81.0,0.04,0.0,41.0,3.0
2026_CFB_W04_FCS2729_DUKE,2026-09-18T23:03:35.390600+00:00,2026-09-26T19:30:00+00:00,188.4,False,False,open_meteo,77.9,77.4,5.6,6.3,83.0,0.13,0.0,47.0,3.0
2026_CFB_W04_FCS2241_MRSH,2026-09-18T23:03:36.011835+00:00,2026-09-26T19:30:00+00:00,188.4,False,False,open_meteo,75.3,76.5,3.5,4.9,63.0,0.02,0.0,50.0,3.0
2026_CFB_W04_FCS2428_ECU,2026-09-18T23:03:36.651754+00:00,2026-09-26T20:00:00+00:00,188.9,False,False,open_meteo,76.3,75.3,9.4,11.2,72.0,0.16,0.0,55.0,3.0
2026_CFB_W04_FCS2916_TXST,2026-09-18T23:03:36.652191+00:00,2026-09-26T22:00:00+00:00,190.9,False,False,open_meteo,99.0,95.6,10.6,10.5,97.0,0.03,0.0,22.0,0.0
2026_CFB_W04_FCS2341_FIU,2026-09-18T23:03:37.276016+00:00,2026-09-26T22:00:00+00:00,190.9,False,False,open_meteo,87.9,90.9,12.1,12.8,109.0,0.74,0.0,56.0,0.0
2026_CFB_W04_CMU_MIA,2026-09-18T23:03:37.276457+00:00,2026-09-26T22:30:00+00:00,191.4,False,False,open_meteo,88.2,90.8,12.0,11.0,98.0,0.74,0.0,54.0,1.0
2026_CFB_W04_KENN_ARST,2026-09-18T23:03:37.961237+00:00,2026-09-26T23:00:00+00:00,191.9,False,False,open_meteo,80.2,77.8,7.4,11.0,360.0,0.04,0.0,38.0,1.0
2026_CFB_W04_FCS2385_WKU,2026-09-18T23:03:38.585561+00:00,2026-09-26T23:00:00+00:00,191.9,False,False,open_meteo,72.7,70.9,7.3,8.9,52.0,0.02,0.0,52.0,1.0
2026_CFB_W04_MTSU_JXST,2026-09-18T23:03:38.585963+00:00,2026-09-26T23:00:00+00:00,191.9,False,False,open_meteo,76.5,78.4,1.7,1.1,130.0,0.06,0.0,53.0,3.0
2026_CFB_W04_TROY_USU,2026-09-18T23:03:39.234462+00:00,2026-09-26T23:30:00+00:00,192.4,False,False,open_meteo,82.8,73.6,13.3,19.5,245.0,0.06,0.0,17.0,2.0
2026_CFB_W04_FCS2277_UNT,2026-09-18T23:03:39.853766+00:00,2026-09-26T23:30:00+00:00,192.4,False,False,open_meteo,91.6,89.9,6.3,6.7,182.0,0.04,0.004,27.0,51.0
2026_CFB_W04_ARIZ_WSU,2026-09-18T23:03:39.854188+00:00,2026-09-26T23:30:00+00:00,192.4,False,False,open_meteo,69.5,61.5,9.6,9.4,286.0,0.05,0.0,24.0,2.0
2026_CFB_W04_TLSA_ARK,2026-09-18T23:03:39.854481+00:00,2026-09-27T00:00:00+00:00,192.9,False,False,open_meteo,77.5,77.4,5.9,6.0,200.0,0.11,0.0,50.0,3.0
2026_CFB_W04_ORST_UTEP,2026-09-18T23:03:40.478160+00:00,2026-09-27T01:00:00+00:00,193.9,False,False,open_meteo,89.2,87.4,3.6,5.4,90.0,0.12,0.0,25.0,0.0
2026_CFB_W04_RICE_FRES,2026-09-18T23:03:41.138090+00:00,2026-09-27T02:00:00+00:00,194.9,False,False,open_meteo,91.0,85.4,3.9,4.3,347.0,0.01,0.0,12.0,2.0
2026_CFB_W04_GT_STAN,2026-09-18T23:03:41.765007+00:00,2026-09-27T02:30:00+00:00,195.4,False,False,open_meteo,77.7,75.5,5.8,5.4,302.0,0.0,0.0,39.0,0.0
2026_CFB_W04_LIB_CCU,2026-09-19T11:06:55.270166+00:00,2026-09-24T23:30:00+00:00,132.4,False,False,open_meteo,75.9,79.0,2.8,7.4,166.0,0.14,0.0,63.0,2.0
2026_CFB_W04_ARMY_TEM,2026-09-19T11:06:56.530112+00:00,2026-09-25T20:00:00+00:00,152.9,False,False,open_meteo,60.6,54.8,12.4,11.0,325.0,0.2,0.0,63.0,3.0
2026_CFB_W04_NAVY_UAB,2026-09-19T11:06:57.812267+00:00,2026-09-25T23:00:00+00:00,155.9,False,False,open_meteo,82.1,81.7,4.9,12.8,355.0,0.03,0.0,40.0,2.0
2026_CFB_W04_FCS47_RUTG,2026-09-19T11:06:57.812828+00:00,2026-09-25T23:00:00+00:00,155.9,False,False,open_meteo,55.6,51.2,8.9,8.1,323.0,0.27,0.0,75.0,2.0
2026_CFB_W04_NU_IU,2026-09-19T11:06:57.813287+00:00,2026-09-26T00:00:00+00:00,156.9,False,False,open_meteo,60.0,60.6,2.7,16.1,35.0,0.01,0.0,85.0,3.0
2026_CFB_W04_CLEM_CAL,2026-09-19T11:06:57.813770+00:00,2026-09-26T02:30:00+00:00,159.4,False,False,open_meteo,61.6,58.2,9.0,7.8,203.0,0.0,0.0,69.0,1.0
2026_CFB_W04_WIS_PSU,2026-09-19T11:06:57.814212+00:00,2026-09-26T21:00:00+00:00,177.9,False,False,open_meteo,67.5,63.4,9.4,5.6,348.0,0.08,0.0,52.0,0.0
2026_CFB_W04_SC_ALA,2026-09-19T11:06:57.814676+00:00,2026-09-26T23:00:00+00:00,179.9,False,False,open_meteo,81.2,83.3,4.9,12.3,357.0,0.02,0.0,52.0,1.0
2026_CFB_W04_VAN_AUB,2026-09-19T11:06:57.815113+00:00,2026-09-26T20:15:00+00:00,177.1,False,False,open_meteo,81.3,81.4,8.1,1.3,3.0,0.08,0.0,49.0,3.0
2026_CFB_W04_MISS_FLA,2026-09-19T11:06:59.082240+00:00,2026-09-26T19:30:00+00:00,176.4,False,False,open_meteo,91.9,95.6,4.7,10.1,357.0,0.25,0.0,42.0,3.0
2026_CFB_W04_TAM_LSU,2026-09-19T11:07:00.345905+00:00,2026-09-26T23:30:00+00:00,180.4,False,False,open_meteo,88.7,93.7,3.5,11.2,45.0,0.03,0.0,49.0,3.0
2026_CFB_W04_MIZ_MSST,2026-09-19T11:07:01.647686+00:00,2026-09-26T23:45:00+00:00,180.6,False,False,open_meteo,80.1,82.0,1.7,7.6,140.0,0.01,0.0,47.0,0.0
2026_CFB_W04_SHSU_TTU,2026-09-19T11:07:05.666577+00:00,2026-09-26T16:00:00+00:00,172.9,False,False,open_meteo,79.4,81.4,3.6,14.1,191.0,0.16,0.0,52.0,2.0
2026_CFB_W04_OU_UGA,2026-09-19T11:07:13.485244+00:00,2026-09-26T19:30:00+00:00,176.4,False,False,open_meteo,69.9,69.8,6.5,10.1,38.0,0.11,0.0,66.0,3.0
2026_CFB_W04_HOU_GASO,2026-09-19T11:07:17.450047+00:00,2026-09-26T04:00:00+00:00,160.9,False,False,open_meteo,75.1,79.6,6.7,8.9,165.0,0.05,0.0,81.0,1.0
2026_CFB_W04_KSU_CIN,2026-09-19T11:07:19.069349+00:00,2026-09-26T23:00:00+00:00,179.9,False,False,open_meteo,67.3,64.6,6.3,12.3,42.0,0.04,0.0,53.0,0.0
2026_CFB_W04_UTAH_ISU,2026-09-19T11:07:19.069928+00:00,2026-09-26T19:30:00+00:00,176.4,False,False,open_meteo,70.7,71.0,8.2,13.6,158.0,0.16,0.0,60.0,2.0
2026_CFB_W04_OKST_WVU,2026-09-19T11:07:20.332166+00:00,2026-09-26T23:00:00+00:00,179.9,False,False,open_meteo,59.1,58.4,1.8,5.4,14.0,0.06,0.0,72.0,0.0
2026_CFB_W04_FCS2110_FSU,2026-09-19T11:07:21.594009+00:00,2026-09-26T19:00:00+00:00,175.9,False,False,open_meteo,92.3,93.8,6.1,3.6,356.0,0.16,0.0,33.0,3.0
2026_CFB_W04_DEL_UVA,2026-09-19T11:07:22.904784+00:00,2026-09-26T22:00:00+00:00,178.9,False,False,open_meteo,69.9,68.4,0.2,5.1,90.0,0.09,0.0,40.0,3.0
2026_CFB_W04_MOST_SMU,2026-09-19T11:07:24.169752+00:00,2026-09-27T01:00:00+00:00,181.9,False,False,open_meteo,89.7,93.8,4.0,11.9,90.0,0.02,0.0,45.0,3.0
2026_CFB_W04_VT_BC,2026-09-19T11:07:24.170297+00:00,2026-09-26T16:00:00+00:00,172.9,False,False,open_meteo,57.2,53.7,7.7,21.3,322.0,0.27,0.0,74.0,3.0
2026_CFB_W04_TCU_UCF,2026-09-19T11:07:24.170787+00:00,2026-09-26T19:30:00+00:00,176.4,False,False,open_meteo,91.9,95.7,5.0,6.9,72.0,0.47,0.0,40.0,3.0
2026_CFB_W04_COLO_BAY,2026-09-19T11:07:24.171243+00:00,2026-09-26T16:00:00+00:00,172.9,False,False,open_meteo,89.0,93.4,4.1,3.8,151.0,0.01,0.0,46.0,1.0
2026_CFB_W04_UCLA_MD,2026-09-19T11:07:24.171720+00:00,2026-09-26T17:30:00+00:00,174.4,False,False,open_meteo,72.1,69.3,8.2,6.0,325.0,0.09,0.0,36.0,0.0
2026_CFB_W04_IOWA_MICH,2026-09-19T11:07:24.172176+00:00,2026-09-26T19:30:00+00:00,176.4,False,False,open_meteo,71.4,70.3,5.2,8.3,7.0,0.01,0.0,44.0,0.0
2026_CFB_W04_NEB_MSU,2026-09-19T11:07:25.423155+00:00,2026-09-26T21:00:00+00:00,177.9,False,False,open_meteo,71.1,69.7,3.7,5.6,25.0,0.02,0.0,48.0,0.0
2026_CFB_W04_ND_PUR,2026-09-19T11:07:26.709833+00:00,2026-09-26T18:00:00+00:00,174.9,False,False,open_meteo,70.8,72.1,6.3,4.3,58.0,0.01,0.0,61.0,0.0
2026_CFB_W04_ORE_USC,2026-09-19T11:07:27.964120+00:00,2026-09-26T23:30:00+00:00,180.4,False,False,open_meteo,85.7,80.5,10.0,11.6,231.0,0.02,0.0,24.0,1.0
2026_CFB_W04_MINN_WASH,2026-09-19T11:07:27.964704+00:00,2026-09-27T03:00:00+00:00,183.9,False,False,open_meteo,57.9,53.8,4.8,4.3,41.0,0.07,0.0,54.0,2.0
2026_CFB_W04_SDSU_TOL,2026-09-19T11:07:27.965163+00:00,2026-09-26T16:00:00+00:00,172.9,False,False,open_meteo,69.5,66.1,4.7,8.5,19.0,0.02,0.0,35.0,0.0
2026_CFB_W04_BOIS_WMU,2026-09-19T11:07:29.223168+00:00,2026-09-26T04:00:00+00:00,160.9,False,False,open_meteo,54.9,54.1,3.9,6.7,347.0,0.01,0.0,92.0,0.0
2026_CFB_W04_CONN_MOH,2026-09-19T11:07:30.485230+00:00,2026-09-26T19:30:00+00:00,176.4,False,False,open_meteo,73.1,71.0,10.1,6.5,41.0,0.06,0.0,47.0,0.0
2026_CFB_W04_UL_CLT,2026-09-19T11:07:31.764780+00:00,2026-09-26T22:30:00+00:00,179.4,False,False,open_meteo,59.6,60.8,2.8,10.3,61.0,0.12,0.0,92.0,3.0
2026_CFB_W04_FAU_ULM,2026-09-19T11:07:31.765325+00:00,2026-09-27T00:00:00+00:00,180.9,False,False,open_meteo,83.6,86.0,4.6,18.3,23.0,0.01,0.0,49.0,3.0
2026_CFB_W04_USM_TULN,2026-09-19T11:07:33.017812+00:00,2026-09-26T23:00:00+00:00,179.9,False,False,open_meteo,90.3,92.9,7.1,8.5,148.0,0.05,0.0,44.0,3.0
2026_CFB_W04_USF_BGSU,2026-09-19T11:07:34.284106+00:00,2026-09-26T21:00:00+00:00,177.9,False,False,open_meteo,70.2,66.3,7.9,9.2,75.0,0.03,0.0,45.0,0.0
2026_CFB_W04_CSU_UTSA,2026-09-19T11:07:34.284447+00:00,2026-09-26T16:00:00+00:00,172.9,True,False,open_meteo,,,,,,,,,
2026_CFB_W04_WAKE_LOU,2026-09-19T11:07:34.285000+00:00,2026-09-26T16:00:00+00:00,172.9,False,False,open_meteo,71.9,69.8,6.7,7.6,60.0,0.01,0.0,45.0,1.0
2026_CFB_W04_ILL_OSU,2026-09-19T11:07:34.285456+00:00,2026-09-26T16:00:00+00:00,172.9,False,False,open_meteo,68.3,67.2,5.8,5.4,13.0,0.01,0.0,54.0,0.0
2026_CFB_W04_AF_NEV,2026-09-19T11:07:35.660601+00:00,2026-09-27T02:30:00+00:00,183.4,False,False,open_meteo,73.4,65.8,7.3,5.8,322.0,0.05,0.0,18.0,1.0
2026_CFB_W04_NIU_GAST,2026-09-19T11:07:37.031397+00:00,2026-09-26T18:00:00+00:00,174.9,False,False,open_meteo,70.5,70.2,4.1,7.8,68.0,0.06,0.0,57.0,3.0
2026_CFB_W04_APP_NCSU,2026-09-19T11:07:38.301305+00:00,2026-09-26T23:30:00+00:00,180.4,False,False,open_meteo,61.0,60.3,1.9,11.2,249.0,0.1,0.0,68.0,3.0
2026_CFB_W04_BALL_KENT,2026-09-19T11:07:39.567988+00:00,2026-09-26T16:00:00+00:00,172.9,False,False,open_meteo,66.8,63.3,8.3,10.7,2.0,0.03,0.0,47.0,0.0
2026_CFB_W04_UNLV_AKR,2026-09-19T11:07:40.979250+00:00,2026-09-26T16:00:00+00:00,172.9,False,False,open_meteo,67.2,63.8,7.4,11.4,360.0,0.03,0.0,44.0,0.0
2026_CFB_W04_MASS_SAC,2026-09-19T11:07:40.979844+00:00,2026-09-27T01:00:00+00:00,181.9,False,False,open_meteo,87.4,83.8,2.8,6.3,288.0,0.0,0.0,19.0,0.0
2026_CFB_W04_JMU_ODU,2026-09-19T11:07:40.980301+00:00,2026-09-26T22:00:00+00:00,178.9,False,False,open_meteo,71.8,69.2,1.8,9.8,330.0,0.19,0.0,35.0,3.0
2026_CFB_W04_FCS2083_PITT,2026-09-19T11:07:40.980782+00:00,2026-09-26T16:00:00+00:00,172.9,False,False,open_meteo,66.5,65.7,4.3,7.8,332.0,0.05,0.0,53.0,0.0
2026_CFB_W04_TEX_TENN,2026-09-19T11:07:40.981223+00:00,2026-09-26T16:00:00+00:00,172.9,False,False,open_meteo,62.0,64.1,4.3,5.4,28.0,0.04,0.012,97.0,51.0
2026_CFB_W04_USA_UK,2026-09-19T11:07:42.968327+00:00,2026-09-26T16:45:00+00:00,173.6,False,False,open_meteo,69.4,65.4,11.0,11.0,57.0,0.01,0.0,49.0,3.0
2026_CFB_W04_FCS2815_EMU,2026-09-19T11:07:44.442354+00:00,2026-09-26T17:00:00+00:00,173.9,False,False,open_meteo,69.4,68.2,5.0,7.6,10.0,0.02,0.0,45.0,0.0
2026_CFB_W04_HAW_WYO,2026-09-19T11:07:45.761685+00:00,2026-09-26T19:00:00+00:00,175.9,False,False,open_meteo,75.1,65.6,16.1,19.2,246.0,0.11,0.0,18.0,3.0
2026_CFB_W04_UNM_NMSU,2026-09-19T11:07:47.061407+00:00,2026-09-26T19:30:00+00:00,176.4,False,False,open_meteo,85.2,87.0,8.7,5.1,138.0,0.09,0.0,40.0,3.0
2026_CFB_W04_FCS2523_BUF,2026-09-19T11:07:48.321965+00:00,2026-09-26T19:30:00+00:00,176.4,False,False,open_meteo,66.4,62.5,8.0,4.9,11.0,0.04,0.0,47.0,3.0
2026_CFB_W04_FCS284_OHIO,2026-09-19T11:07:49.596951+00:00,2026-09-26T19:30:00+00:00,176.4,False,False,open_meteo,73.0,71.4,6.7,5.6,15.0,0.04,0.0,41.0,0.0
2026_CFB_W04_FCS2729_DUKE,2026-09-19T11:07:49.597527+00:00,2026-09-26T19:30:00+00:00,176.4,False,False,open_meteo,62.7,61.1,2.8,6.3,198.0,0.09,0.0,60.0,3.0
2026_CFB_W04_FCS2241_MRSH,2026-09-19T11:07:50.906692+00:00,2026-09-26T19:30:00+00:00,176.4,False,False,open_meteo,74.9,73.1,6.6,4.9,28.0,0.06,0.0,36.0,0.0
2026_CFB_W04_FCS2428_ECU,2026-09-19T11:07:52.170235+00:00,2026-09-26T20:00:00+00:00,176.9,False,False,open_meteo,62.9,61.8,3.4,11.2,356.0,0.12,0.004,65.0,51.0
2026_CFB_W04_FCS2916_TXST,2026-09-19T11:07:52.170828+00:00,2026-09-26T22:00:00+00:00,178.9,False,False,open_meteo,99.6,98.3,10.8,10.5,103.0,0.04,0.0,27.0,2.0
2026_CFB_W04_FCS2341_FIU,2026-09-19T11:07:53.437965+00:00,2026-09-26T22:00:00+00:00,178.9,False,False,open_meteo,88.1,90.5,13.1,12.8,110.0,0.76,0.0,55.0,2.0
2026_CFB_W04_CMU_MIA,2026-09-19T11:07:53.438563+00:00,2026-09-26T22:30:00+00:00,179.4,False,False,open_meteo,88.5,90.8,12.3,11.0,93.0,0.74,0.0,53.0,2.0
2026_CFB_W04_KENN_ARST,2026-09-19T11:07:54.751148+00:00,2026-09-26T23:00:00+00:00,179.9,False,False,open_meteo,75.0,73.8,8.8,11.0,38.0,0.02,0.0,55.0,3.0
2026_CFB_W04_FCS2385_WKU,2026-09-19T11:07:56.097569+00:00,2026-09-26T23:00:00+00:00,179.9,False,False,open_meteo,71.3,68.4,7.3,8.9,59.0,0.03,0.0,48.0,0.0
2026_CFB_W04_MTSU_JXST,2026-09-19T11:07:56.098125+00:00,2026-09-26T23:00:00+00:00,179.9,False,False,open_meteo,72.1,75.6,1.3,1.1,59.0,0.09,0.0,70.0,2.0
2026_CFB_W04_TROY_USU,2026-09-19T11:07:57.522878+00:00,2026-09-26T23:30:00+00:00,180.4,False,False,open_meteo,75.3,68.7,10.9,19.5,223.0,0.06,0.0,30.0,2.0
2026_CFB_W04_FCS2277_UNT,2026-09-19T11:07:58.874945+00:00,2026-09-26T23:30:00+00:00,180.4,False,False,open_meteo,88.8,91.9,8.6,6.7,105.0,0.03,0.004,50.0,51.0
2026_CFB_W04_ARIZ_WSU,2026-09-19T11:07:58.875520+00:00,2026-09-26T23:30:00+00:00,180.4,False,False,open_meteo,62.6,53.5,11.5,9.4,279.0,0.07,0.0,28.0,0.0
2026_CFB_W04_TLSA_ARK,2026-09-19T11:07:58.876001+00:00,2026-09-27T00:00:00+00:00,180.9,False,False,open_meteo,75.6,74.4,10.1,6.0,59.0,0.05,0.0,57.0,1.0
2026_CFB_W04_ORST_UTEP,2026-09-19T11:08:00.295140+00:00,2026-09-27T01:00:00+00:00,181.9,False,False,open_meteo,86.2,84.7,8.8,5.4,161.0,0.05,0.0,37.0,3.0
2026_CFB_W04_RICE_FRES,2026-09-19T11:08:01.586725+00:00,2026-09-27T02:00:00+00:00,182.9,False,False,open_meteo,87.5,80.8,6.8,4.3,316.0,0.02,0.0,14.0,0.0
2026_CFB_W04_GT_STAN,2026-09-19T11:08:02.850643+00:00,2026-09-27T02:30:00+00:00,183.4,False,False,open_meteo,72.5,70.7,5.7,5.4,309.0,0.01,0.0,49.0,0.0
2026_CFB_W04_LIB_CCU,2026-09-19T17:03:48.544300+00:00,2026-09-24T23:30:00+00:00,126.4,False,False,open_meteo,72.0,72.2,9.1,15.7,16.0,0.18,0.0,70.0,3.0
2026_CFB_W04_ARMY_TEM,2026-09-19T17:03:48.544861+00:00,2026-09-25T20:00:00+00:00,146.9,False,False,open_meteo,59.9,52.9,9.8,23.7,359.0,0.27,0.0,43.0,3.0
2026_CFB_W04_NAVY_UAB,2026-09-19T17:03:49.808820+00:00,2026-09-25T23:00:00+00:00,149.9,False,False,open_meteo,81.5,82.4,5.3,10.1,12.0,0.03,0.0,47.0,3.0
2026_CFB_W04_FCS47_RUTG,2026-09-19T17:03:49.809361+00:00,2026-09-25T23:00:00+00:00,149.9,False,False,open_meteo,56.8,49.7,11.2,28.2,6.0,0.3,0.0,54.0,3.0
2026_CFB_W04_NU_IU,2026-09-19T17:03:49.809857+00:00,2026-09-26T00:00:00+00:00,150.9,False,False,open_meteo,61.1,62.4,2.9,3.8,32.0,0.03,0.004,89.0,51.0
2026_CFB_W04_CLEM_CAL,2026-09-19T17:03:49.810328+00:00,2026-09-26T02:30:00+00:00,153.4,False,False,open_meteo,61.4,59.7,7.7,11.0,210.0,0.0,0.0,79.0,1.0
2026_CFB_W04_WIS_PSU,2026-09-19T17:03:51.048934+00:00,2026-09-26T21:00:00+00:00,171.9,False,False,open_meteo,65.3,60.3,9.3,15.0,349.0,0.09,0.0,49.0,0.0
2026_CFB_W04_SC_ALA,2026-09-19T17:03:51.049459+00:00,2026-09-26T23:00:00+00:00,173.9,False,False,open_meteo,81.6,83.9,4.0,5.4,3.0,0.03,0.0,51.0,2.0
2026_CFB_W04_VAN_AUB,2026-09-19T17:03:51.049953+00:00,2026-09-26T20:15:00+00:00,171.2,False,False,open_meteo,85.0,87.9,4.9,3.8,360.0,0.04,0.0,49.0,3.0
2026_CFB_W04_MISS_FLA,2026-09-19T17:03:52.291638+00:00,2026-09-26T19:30:00+00:00,170.4,False,False,open_meteo,90.1,93.0,4.3,4.7,348.0,0.22,0.0,41.0,3.0
2026_CFB_W04_TAM_LSU,2026-09-19T17:03:53.550967+00:00,2026-09-26T23:30:00+00:00,174.4,False,False,open_meteo,90.7,93.3,4.9,13.2,60.0,0.03,0.0,40.0,3.0
2026_CFB_W04_MIZ_MSST,2026-09-19T17:03:54.785771+00:00,2026-09-26T23:45:00+00:00,174.7,False,False,open_meteo,82.9,84.5,4.3,9.4,28.0,0.01,0.0,46.0,2.0
2026_CFB_W04_SHSU_TTU,2026-09-19T17:03:56.024629+00:00,2026-09-26T16:00:00+00:00,166.9,False,False,open_meteo,72.1,73.1,8.8,12.5,114.0,0.12,0.016,74.0,51.0
2026_CFB_W04_OU_UGA,2026-09-19T17:03:57.256683+00:00,2026-09-26T19:30:00+00:00,170.4,False,False,open_meteo,76.8,79.0,4.0,4.3,34.0,0.02,0.0,59.0,3.0
2026_CFB_W04_HOU_GASO,2026-09-19T17:03:58.511168+00:00,2026-09-26T04:00:00+00:00,154.9,False,False,open_meteo,73.0,75.1,6.8,12.5,171.0,0.01,0.0,73.0,3.0
2026_CFB_W04_KSU_CIN,2026-09-19T17:03:59.744787+00:00,2026-09-26T23:00:00+00:00,173.9,False,False,open_meteo,63.8,59.5,6.5,13.0,34.0,0.01,0.0,48.0,0.0
2026_CFB_W04_UTAH_ISU,2026-09-19T17:04:00.975909+00:00,2026-09-26T19:30:00+00:00,170.4,False,False,open_meteo,68.5,66.9,8.1,10.3,104.0,0.2,0.0,60.0,3.0
2026_CFB_W04_OKST_WVU,2026-09-19T17:04:02.248030+00:00,2026-09-26T23:00:00+00:00,173.9,False,False,open_meteo,57.0,55.0,1.4,3.8,39.0,0.07,0.0,63.0,0.0
2026_CFB_W04_FCS2110_FSU,2026-09-19T17:04:03.487649+00:00,2026-09-26T19:00:00+00:00,169.9,False,False,open_meteo,86.7,93.5,3.0,4.0,197.0,0.12,0.012,56.0,51.0
2026_CFB_W04_DEL_UVA,2026-09-19T17:04:04.727854+00:00,2026-09-26T22:00:00+00:00,172.9,False,False,open_meteo,70.7,66.7,3.9,4.7,13.0,0.14,0.0,33.0,3.0
2026_CFB_W04_MOST_SMU,2026-09-19T17:04:05.991575+00:00,2026-09-27T01:00:00+00:00,175.9,False,False,open_meteo,87.2,92.9,4.1,6.7,347.0,0.01,0.031,55.0,53.0
2026_CFB_W04_VT_BC,2026-09-19T17:04:05.992114+00:00,2026-09-26T16:00:00+00:00,166.9,False,False,open_meteo,51.5,47.8,8.9,23.5,317.0,0.34,0.008,95.0,51.0
2026_CFB_W04_TCU_UCF,2026-09-19T17:04:05.992601+00:00,2026-09-26T19:30:00+00:00,170.4,False,False,open_meteo,88.9,89.9,11.9,10.3,44.0,0.35,0.0,40.0,2.0
2026_CFB_W04_COLO_BAY,2026-09-19T17:04:05.993060+00:00,2026-09-26T16:00:00+00:00,166.9,False,False,open_meteo,87.3,91.1,6.1,7.4,208.0,0.0,0.0,51.0,3.0
2026_CFB_W04_UCLA_MD,2026-09-19T17:04:05.993530+00:00,2026-09-26T17:30:00+00:00,168.4,False,False,open_meteo,71.5,67.4,9.4,14.1,324.0,0.13,0.0,31.0,0.0
2026_CFB_W04_IOWA_MICH,2026-09-19T17:04:05.993976+00:00,2026-09-26T19:30:00+00:00,170.4,False,False,open_meteo,69.6,65.9,7.4,9.8,33.0,0.01,0.0,36.0,0.0
2026_CFB_W04_NEB_MSU,2026-09-19T17:04:07.230351+00:00,2026-09-26T21:00:00+00:00,171.9,False,False,open_meteo,69.6,65.2,6.3,9.6,35.0,0.01,0.0,38.0,0.0
2026_CFB_W04_ND_PUR,2026-09-19T17:04:08.469422+00:00,2026-09-26T18:00:00+00:00,168.9,False,False,open_meteo,68.1,64.6,9.2,11.4,49.0,0.01,0.0,41.0,0.0
2026_CFB_W04_ORE_USC,2026-09-19T17:04:10.019887+00:00,2026-09-26T23:30:00+00:00,174.4,False,False,open_meteo,82.7,77.4,11.6,10.3,240.0,0.01,0.0,28.0,0.0
2026_CFB_W04_MINN_WASH,2026-09-19T17:04:10.020416+00:00,2026-09-27T03:00:00+00:00,177.9,False,False,open_meteo,53.4,51.3,5.0,6.0,159.0,0.04,0.008,87.0,51.0
2026_CFB_W04_SDSU_TOL,2026-09-19T17:04:10.020916+00:00,2026-09-26T16:00:00+00:00,166.9,False,False,open_meteo,65.6,61.9,6.2,9.6,44.0,0.04,0.0,41.0,0.0
2026_CFB_W04_BOIS_WMU,2026-09-19T17:04:11.261823+00:00,2026-09-26T04:00:00+00:00,154.9,False,False,open_meteo,52.9,47.8,7.1,10.5,58.0,0.02,0.0,65.0,0.0
2026_CFB_W04_CONN_MOH,2026-09-19T17:04:12.498407+00:00,2026-09-26T19:30:00+00:00,170.4,False,False,open_meteo,68.8,64.6,10.3,11.4,46.0,0.02,0.0,40.0,0.0
2026_CFB_W04_UL_CLT,2026-09-19T17:04:13.768428+00:00,2026-09-26T22:30:00+00:00,173.4,False,False,open_meteo,60.4,61.3,5.6,10.1,37.0,0.06,0.016,97.0,51.0
2026_CFB_W04_FAU_ULM,2026-09-19T17:04:13.768994+00:00,2026-09-27T00:00:00+00:00,174.9,False,False,open_meteo,83.4,86.2,3.5,3.6,252.0,0.01,0.0,49.0,3.0
2026_CFB_W04_USM_TULN,2026-09-19T17:04:15.011284+00:00,2026-09-26T23:00:00+00:00,173.9,False,False,open_meteo,88.4,93.1,3.1,5.8,176.0,0.03,0.0,48.0,3.0
2026_CFB_W04_USF_BGSU,2026-09-19T17:04:16.248305+00:00,2026-09-26T21:00:00+00:00,171.9,False,False,open_meteo,65.9,61.1,8.0,10.1,67.0,0.02,0.0,46.0,0.0
2026_CFB_W04_CSU_UTSA,2026-09-19T17:04:16.248690+00:00,2026-09-26T16:00:00+00:00,166.9,True,False,open_meteo,,,,,,,,,
2026_CFB_W04_WAKE_LOU,2026-09-19T17:04:16.249150+00:00,2026-09-26T16:00:00+00:00,166.9,False,False,open_meteo,69.4,69.2,6.8,8.7,46.0,0.02,0.0,63.0,1.0
2026_CFB_W04_ILL_OSU,2026-09-19T17:04:17.520981+00:00,2026-09-26T16:00:00+00:00,166.9,False,False,open_meteo,64.8,61.4,6.3,9.2,48.0,0.02,0.0,42.0,0.0
2026_CFB_W04_AF_NEV,2026-09-19T17:04:18.750998+00:00,2026-09-27T02:30:00+00:00,177.4,False,False,open_meteo,59.0,49.0,12.3,17.0,282.0,0.02,0.0,27.0,0.0
2026_CFB_W04_NIU_GAST,2026-09-19T17:04:19.992822+00:00,2026-09-26T18:00:00+00:00,168.9,False,False,open_meteo,81.3,81.5,6.4,8.5,288.0,0.03,0.0,46.0,3.0
2026_CFB_W04_APP_NCSU,2026-09-19T17:04:21.233963+00:00,2026-09-26T23:30:00+00:00,174.4,False,False,open_meteo,59.3,61.5,1.4,1.6,171.0,0.07,0.012,96.0,51.0
2026_CFB_W04_BALL_KENT,2026-09-19T17:04:22.499578+00:00,2026-09-26T16:00:00+00:00,166.9,False,False,open_meteo,66.2,62.5,7.4,10.1,5.0,0.02,0.0,43.0,0.0
2026_CFB_W04_UNLV_AKR,2026-09-19T17:04:23.737184+00:00,2026-09-26T16:00:00+00:00,166.9,False,False,open_meteo,65.3,62.2,6.0,10.1,2.0,0.02,0.0,44.0,0.0
2026_CFB_W04_MASS_SAC,2026-09-19T17:04:23.737769+00:00,2026-09-27T01:00:00+00:00,175.9,False,False,open_meteo,77.8,72.1,5.0,9.4,288.0,0.01,0.0,20.0,0.0
2026_CFB_W04_JMU_ODU,2026-09-19T17:04:23.738241+00:00,2026-09-26T22:00:00+00:00,172.9,False,False,open_meteo,71.5,67.7,6.8,8.9,293.0,0.14,0.0,41.0,3.0
2026_CFB_W04_FCS2083_PITT,2026-09-19T17:04:23.738718+00:00,2026-09-26T16:00:00+00:00,166.9,False,False,open_meteo,65.2,62.3,4.7,8.7,360.0,0.06,0.0,39.0,0.0
2026_CFB_W04_TEX_TENN,2026-09-19T17:04:23.739166+00:00,2026-09-26T16:00:00+00:00,166.9,False,False,open_meteo,63.5,67.7,0.7,1.8,72.0,0.08,0.008,97.0,51.0
2026_CFB_W04_USA_UK,2026-09-19T17:04:24.964610+00:00,2026-09-26T16:45:00+00:00,167.7,False,False,open_meteo,67.5,64.6,9.1,10.3,50.0,0.02,0.0,54.0,2.0
2026_CFB_W04_FCS2815_EMU,2026-09-19T17:04:26.210298+00:00,2026-09-26T17:00:00+00:00,167.9,False,False,open_meteo,67.4,63.9,7.6,10.1,43.0,0.03,0.0,39.0,0.0
2026_CFB_W04_HAW_WYO,2026-09-19T17:04:27.453789+00:00,2026-09-26T19:00:00+00:00,169.9,False,False,open_meteo,74.2,69.5,7.3,9.6,232.0,0.15,0.0,19.0,2.0
2026_CFB_W04_UNM_NMSU,2026-09-19T17:04:28.690878+00:00,2026-09-26T19:30:00+00:00,170.4,False,False,open_meteo,82.3,84.0,10.1,10.1,149.0,0.17,0.0,46.0,0.0
2026_CFB_W04_FCS2523_BUF,2026-09-19T17:04:29.955738+00:00,2026-09-26T19:30:00+00:00,170.4,False,False,open_meteo,67.6,61.7,8.6,12.8,340.0,0.04,0.0,35.0,3.0
2026_CFB_W04_FCS284_OHIO,2026-09-19T17:04:31.196901+00:00,2026-09-26T19:30:00+00:00,170.4,False,False,open_meteo,71.7,69.1,6.1,7.8,36.0,0.02,0.0,34.0,0.0
2026_CFB_W04_FCS2729_DUKE,2026-09-19T17:04:31.197431+00:00,2026-09-26T19:30:00+00:00,170.4,False,False,open_meteo,58.2,59.7,1.5,3.6,117.0,0.07,0.008,94.0,51.0
2026_CFB_W04_FCS2241_MRSH,2026-09-19T17:04:32.433770+00:00,2026-09-26T19:30:00+00:00,170.4,False,False,open_meteo,74.8,72.1,6.5,8.1,31.0,0.03,0.0,31.0,1.0
2026_CFB_W04_FCS2428_ECU,2026-09-19T17:04:33.698264+00:00,2026-09-26T20:00:00+00:00,170.9,False,False,open_meteo,61.4,60.1,4.3,6.3,298.0,0.07,0.004,70.0,51.0
2026_CFB_W04_FCS2916_TXST,2026-09-19T17:04:34.935776+00:00,2026-09-26T22:00:00+00:00,172.9,False,False,open_meteo,98.5,97.8,8.6,9.4,141.0,0.02,0.0,27.0,3.0
2026_CFB_W04_FCS2341_FIU,2026-09-19T17:04:36.166549+00:00,2026-09-26T22:00:00+00:00,172.9,False,False,open_meteo,86.7,89.3,12.1,9.8,79.0,0.69,0.012,57.0,51.0
2026_CFB_W04_CMU_MIA,2026-09-19T17:04:36.167089+00:00,2026-09-26T22:30:00+00:00,173.4,False,False,open_meteo,85.9,88.0,13.6,12.3,67.0,0.68,0.0,59.0,3.0
2026_CFB_W04_KENN_ARST,2026-09-19T17:04:37.435032+00:00,2026-09-26T23:00:00+00:00,173.9,False,False,open_meteo,71.0,71.3,7.1,13.2,35.0,0.0,0.0,67.0,1.0
2026_CFB_W04_FCS2385_WKU,2026-09-19T17:04:38.670790+00:00,2026-09-26T23:00:00+00:00,173.9,False,False,open_meteo,71.8,71.4,5.8,7.8,36.0,0.03,0.0,58.0,3.0
2026_CFB_W04_MTSU_JXST,2026-09-19T17:04:38.671305+00:00,2026-09-26T23:00:00+00:00,173.9,False,False,open_meteo,74.7,76.8,6.0,13.9,360.0,0.04,0.0,67.0,3.0
2026_CFB_W04_TROY_USU,2026-09-19T17:04:39.912339+00:00,2026-09-26T23:30:00+00:00,174.4,False,False,open_meteo,74.2,66.7,15.6,22.1,163.0,0.08,0.0,38.0,2.0
2026_CFB_W04_FCS2277_UNT,2026-09-19T17:04:41.176370+00:00,2026-09-26T23:30:00+00:00,174.4,False,False,open_meteo,91.5,94.2,5.1,6.7,56.0,0.02,0.0,40.0,3.0
2026_CFB_W04_ARIZ_WSU,2026-09-19T17:04:41.176963+00:00,2026-09-26T23:30:00+00:00,174.4,False,False,open_meteo,57.2,47.4,14.3,18.8,241.0,0.04,0.0,40.0,3.0
2026_CFB_W04_TLSA_ARK,2026-09-19T17:04:42.417929+00:00,2026-09-27T00:00:00+00:00,174.9,False,False,open_meteo,73.6,72.2,11.5,15.7,72.0,0.05,0.0,63.0,3.0
2026_CFB_W04_ORST_UTEP,2026-09-19T17:04:43.655861+00:00,2026-09-27T01:00:00+00:00,175.9,False,False,open_meteo,86.7,85.5,6.5,6.3,243.0,0.1,0.0,34.0,3.0
2026_CFB_W04_RICE_FRES,2026-09-19T17:04:44.893250+00:00,2026-09-27T02:00:00+00:00,176.9,False,False,open_meteo,77.6,70.4,11.0,15.7,322.0,0.01,0.0,25.0,2.0
2026_CFB_W04_GT_STAN,2026-09-19T17:04:46.149197+00:00,2026-09-27T02:30:00+00:00,177.4,False,False,open_meteo,63.0,59.0,6.7,11.4,266.0,0.0,0.0,53.0,0.0
2026_CFB_W04_LIB_CCU,2026-09-19T20:02:41.821049+00:00,2026-09-24T23:30:00+00:00,123.5,False,False,open_meteo,66.7,65.7,11.3,19.5,27.0,0.18,0.004,82.0,51.0
2026_CFB_W04_ARMY_TEM,2026-09-19T20:02:41.821475+00:00,2026-09-25T20:00:00+00:00,144.0,False,False,open_meteo,69.2,60.0,13.4,20.1,38.0,0.27,0.0,27.0,1.0
2026_CFB_W04_NAVY_UAB,2026-09-19T20:02:42.557344+00:00,2026-09-25T23:00:00+00:00,147.0,False,False,open_meteo,79.5,79.8,5.1,6.9,61.0,0.03,0.0,47.0,3.0
2026_CFB_W04_FCS47_RUTG,2026-09-19T20:02:43.313908+00:00,2026-09-25T23:00:00+00:00,147.0,False,False,open_meteo,61.8,53.9,11.3,28.2,34.0,0.3,0.0,39.0,3.0
2026_CFB_W04_NU_IU,2026-09-19T20:02:43.314332+00:00,2026-09-26T00:00:00+00:00,148.0,False,False,open_meteo,61.4,56.5,7.3,19.5,52.0,0.03,0.0,50.0,3.0
2026_CFB_W04_CLEM_CAL,2026-09-19T20:02:44.050770+00:00,2026-09-26T02:30:00+00:00,150.5,False,False,open_meteo,67.0,65.6,6.7,8.3,194.0,0.0,0.0,64.0,1.0
2026_CFB_W04_WIS_PSU,2026-09-19T20:02:44.795677+00:00,2026-09-26T21:00:00+00:00,169.0,False,False,open_meteo,63.9,59.4,9.6,16.3,33.0,0.09,0.0,57.0,1.0
2026_CFB_W04_SC_ALA,2026-09-19T20:02:45.550982+00:00,2026-09-26T23:00:00+00:00,171.0,False,False,open_meteo,83.0,83.9,4.3,9.4,39.0,0.03,0.0,43.0,3.0
2026_CFB_W04_VAN_AUB,2026-09-19T20:02:45.551414+00:00,2026-09-26T20:15:00+00:00,168.2,False,False,open_meteo,80.2,82.8,3.1,3.1,274.0,0.04,0.0,45.0,3.0
2026_CFB_W04_MISS_FLA,2026-09-19T20:02:46.284005+00:00,2026-09-26T19:30:00+00:00,167.5,False,False,open_meteo,86.1,87.5,6.7,4.9,15.0,0.22,0.0,35.0,2.0
2026_CFB_W04_TAM_LSU,2026-09-19T20:02:47.017758+00:00,2026-09-26T23:30:00+00:00,171.5,False,False,open_meteo,87.1,89.7,9.1,13.9,130.0,0.03,0.0,51.0,3.0
2026_CFB_W04_MIZ_MSST,2026-09-19T20:02:47.779940+00:00,2026-09-26T23:45:00+00:00,171.7,False,False,open_meteo,73.0,73.9,9.7,17.2,5.0,0.01,0.004,73.0,51.0
2026_CFB_W04_SHSU_TTU,2026-09-19T20:02:48.534561+00:00,2026-09-26T16:00:00+00:00,164.0,False,False,open_meteo,69.4,70.4,5.2,6.9,187.0,0.12,0.0,71.0,3.0
2026_CFB_W04_OU_UGA,2026-09-19T20:02:49.275110+00:00,2026-09-26T19:30:00+00:00,167.5,False,False,open_meteo,74.3,73.7,3.2,6.7,295.0,0.02,0.0,46.0,3.0
2026_CFB_W04_HOU_GASO,2026-09-19T20:02:50.026942+00:00,2026-09-26T04:00:00+00:00,152.0,False,False,open_meteo,65.9,64.3,6.2,9.6,38.0,0.01,0.0,64.0,1.0
2026_CFB_W04_KSU_CIN,2026-09-19T20:02:50.773691+00:00,2026-09-26T23:00:00+00:00,171.0,False,False,open_meteo,63.4,61.0,4.8,15.0,11.0,0.01,0.0,59.0,3.0
2026_CFB_W04_UTAH_ISU,2026-09-19T20:02:51.545437+00:00,2026-09-26T19:30:00+00:00,167.5,False,False,open_meteo,66.5,62.5,12.7,16.1,100.0,0.2,0.0,54.0,0.0
2026_CFB_W04_OKST_WVU,2026-09-19T20:02:52.303931+00:00,2026-09-26T23:00:00+00:00,171.0,False,False,open_meteo,56.7,54.1,3.5,5.6,345.0,0.07,0.0,67.0,2.0
2026_CFB_W04_FCS2110_FSU,2026-09-19T20:02:53.039905+00:00,2026-09-26T19:00:00+00:00,167.0,False,False,open_meteo,85.3,87.2,5.7,6.9,39.0,0.12,0.0,36.0,2.0
2026_CFB_W04_DEL_UVA,2026-09-19T20:02:53.785805+00:00,2026-09-26T22:00:00+00:00,170.0,False,False,open_meteo,65.9,62.9,3.6,7.2,22.0,0.14,0.0,46.0,3.0
2026_CFB_W04_MOST_SMU,2026-09-19T20:02:54.540614+00:00,2026-09-27T01:00:00+00:00,173.0,False,False,open_meteo,78.1,82.2,4.2,5.8,65.0,0.01,0.0,66.0,3.0
2026_CFB_W04_VT_BC,2026-09-19T20:02:55.278236+00:00,2026-09-26T16:00:00+00:00,164.0,False,False,open_meteo,53.8,48.7,14.1,35.1,49.0,0.34,0.248,97.0,63.0
2026_CFB_W04_TCU_UCF,2026-09-19T20:02:55.278647+00:00,2026-09-26T19:30:00+00:00,167.5,False,False,open_meteo,85.0,85.9,11.8,7.2,39.0,0.35,0.0,44.0,3.0
2026_CFB_W04_COLO_BAY,2026-09-19T20:02:55.278963+00:00,2026-09-26T16:00:00+00:00,164.0,False,False,open_meteo,82.6,86.9,9.3,8.9,17.0,0.0,0.0,67.0,3.0
2026_CFB_W04_UCLA_MD,2026-09-19T20:02:55.279244+00:00,2026-09-26T17:30:00+00:00,165.5,False,False,open_meteo,63.8,57.8,9.9,17.4,8.0,0.13,0.0,46.0,3.0
2026_CFB_W04_IOWA_MICH,2026-09-19T20:02:56.016731+00:00,2026-09-26T19:30:00+00:00,167.5,False,False,open_meteo,69.5,63.4,10.5,12.5,48.0,0.01,0.0,32.0,3.0
2026_CFB_W04_NEB_MSU,2026-09-19T20:02:56.775453+00:00,2026-09-26T21:00:00+00:00,169.0,False,False,open_meteo,69.1,63.9,9.1,12.3,33.0,0.01,0.0,41.0,3.0
2026_CFB_W04_ND_PUR,2026-09-19T20:02:57.513575+00:00,2026-09-26T18:00:00+00:00,166.0,False,False,open_meteo,63.4,61.5,5.8,11.0,90.0,0.01,0.0,66.0,3.0
2026_CFB_W04_ORE_USC,2026-09-19T20:02:58.250046+00:00,2026-09-26T23:30:00+00:00,171.5,False,False,open_meteo,87.7,81.9,11.1,11.2,240.0,0.01,0.0,22.0,0.0
2026_CFB_W04_MINN_WASH,2026-09-19T20:02:58.250458+00:00,2026-09-27T03:00:00+00:00,175.0,False,False,open_meteo,51.8,48.4,3.6,4.0,4.0,0.04,0.0,70.0,0.0
2026_CFB_W04_SDSU_TOL,2026-09-19T20:02:59.022570+00:00,2026-09-26T16:00:00+00:00,164.0,False,False,open_meteo,67.4,61.9,10.9,17.2,58.0,0.04,0.0,47.0,3.0
2026_CFB_W04_BOIS_WMU,2026-09-19T20:02:59.764337+00:00,2026-09-26T04:00:00+00:00,152.0,False,False,open_meteo,55.7,51.4,6.5,12.3,82.0,0.02,0.0,64.0,3.0
2026_CFB_W04_CONN_MOH,2026-09-19T20:03:00.503508+00:00,2026-09-26T19:30:00+00:00,167.4,False,False,open_meteo,64.4,62.3,6.0,11.2,31.0,0.02,0.0,63.0,3.0
2026_CFB_W04_UL_CLT,2026-09-19T20:03:01.257516+00:00,2026-09-26T22:30:00+00:00,170.4,False,False,open_meteo,74.6,73.4,2.2,4.3,246.0,0.06,0.0,40.0,3.0
2026_CFB_W04_FAU_ULM,2026-09-19T20:03:01.257959+00:00,2026-09-27T00:00:00+00:00,171.9,False,False,open_meteo,67.6,70.3,8.1,15.7,14.0,0.01,0.031,96.0,53.0
2026_CFB_W04_USM_TULN,2026-09-19T20:03:01.999613+00:00,2026-09-26T23:00:00+00:00,170.9,False,False,open_meteo,83.5,86.5,9.6,11.2,147.0,0.03,0.0,60.0,3.0
2026_CFB_W04_USF_BGSU,2026-09-19T20:03:02.735659+00:00,2026-09-26T21:00:00+00:00,168.9,False,False,open_meteo,66.1,58.9,12.1,14.8,52.0,0.02,0.0,41.0,3.0
2026_CFB_W04_CSU_UTSA,2026-09-19T20:03:02.735967+00:00,2026-09-26T16:00:00+00:00,163.9,True,False,open_meteo,,,,,,,,,
2026_CFB_W04_WAKE_LOU,2026-09-19T20:03:03.502258+00:00,2026-09-26T16:00:00+00:00,163.9,False,False,open_meteo,62.3,58.0,6.4,11.2,25.0,0.02,0.0,50.0,3.0
2026_CFB_W04_ILL_OSU,2026-09-19T20:03:04.241697+00:00,2026-09-26T16:00:00+00:00,163.9,False,False,open_meteo,65.2,62.0,6.9,10.3,54.0,0.02,0.0,49.0,3.0
2026_CFB_W04_AF_NEV,2026-09-19T20:03:04.983885+00:00,2026-09-27T02:30:00+00:00,174.4,False,False,open_meteo,67.3,58.5,11.3,15.7,243.0,0.02,0.0,26.0,3.0
2026_CFB_W04_NIU_GAST,2026-09-19T20:03:06.204208+00:00,2026-09-26T18:00:00+00:00,165.9,False,False,open_meteo,76.3,76.0,3.0,4.3,222.0,0.03,0.0,44.0,3.0
2026_CFB_W04_APP_NCSU,2026-09-19T20:03:06.946446+00:00,2026-09-26T23:30:00+00:00,171.4,False,False,open_meteo,67.4,63.7,3.4,4.7,360.0,0.07,0.0,37.0,3.0
2026_CFB_W04_BALL_KENT,2026-09-19T20:03:07.692535+00:00,2026-09-26T16:00:00+00:00,163.9,False,False,open_meteo,62.4,56.6,8.7,12.8,40.0,0.02,0.0,46.0,3.0
2026_CFB_W04_UNLV_AKR,2026-09-19T20:03:08.451231+00:00,2026-09-26T16:00:00+00:00,163.9,False,False,open_meteo,62.8,56.9,7.4,11.6,41.0,0.02,0.0,40.0,3.0
2026_CFB_W04_MASS_SAC,2026-09-19T20:03:08.451636+00:00,2026-09-27T01:00:00+00:00,172.9,False,False,open_meteo,80.5,75.8,9.7,17.2,212.0,0.01,0.0,32.0,3.0
2026_CFB_W04_JMU_ODU,2026-09-19T20:03:08.451952+00:00,2026-09-26T22:00:00+00:00,169.9,False,False,open_meteo,67.5,62.4,11.0,16.3,327.0,0.14,0.0,50.0,3.0
2026_CFB_W04_FCS2083_PITT,2026-09-19T20:03:08.452236+00:00,2026-09-26T16:00:00+00:00,163.9,False,False,open_meteo,64.3,60.5,5.7,10.3,31.0,0.06,0.0,40.0,2.0
2026_CFB_W04_TEX_TENN,2026-09-19T20:03:08.452496+00:00,2026-09-26T16:00:00+00:00,163.9,False,False,open_meteo,70.8,72.4,1.1,1.6,281.0,0.08,0.0,61.0,3.0
2026_CFB_W04_USA_UK,2026-09-19T20:03:09.201315+00:00,2026-09-26T16:45:00+00:00,164.7,False,False,open_meteo,63.6,58.3,6.8,8.3,23.0,0.02,0.0,41.0,3.0
2026_CFB_W04_FCS2815_EMU,2026-09-19T20:03:09.954064+00:00,2026-09-26T17:00:00+00:00,164.9,False,False,open_meteo,67.1,61.1,10.2,13.2,57.0,0.03,0.0,35.0,3.0
2026_CFB_W04_HAW_WYO,2026-09-19T20:03:10.716162+00:00,2026-09-26T19:00:00+00:00,166.9,False,False,open_meteo,74.3,67.5,10.4,10.5,235.0,0.15,0.0,16.0,0.0
2026_CFB_W04_UNM_NMSU,2026-09-19T20:03:11.457930+00:00,2026-09-26T19:30:00+00:00,167.4,False,False,open_meteo,82.5,83.7,5.7,5.6,135.0,0.17,0.0,34.0,1.0
2026_CFB_W04_FCS2523_BUF,2026-09-19T20:03:12.207554+00:00,2026-09-26T19:30:00+00:00,167.4,False,False,open_meteo,67.7,62.5,11.3,17.0,34.0,0.04,0.0,43.0,1.0
2026_CFB_W04_FCS284_OHIO,2026-09-19T20:03:12.974768+00:00,2026-09-26T19:30:00+00:00,167.4,False,False,open_meteo,71.0,67.3,5.8,7.6,32.0,0.02,0.0,35.0,3.0
2026_CFB_W04_FCS2729_DUKE,2026-09-19T20:03:12.975219+00:00,2026-09-26T19:30:00+00:00,167.4,False,False,open_meteo,74.3,70.6,7.0,11.0,343.0,0.07,0.0,31.0,3.0
2026_CFB_W04_FCS2241_MRSH,2026-09-19T20:03:13.728844+00:00,2026-09-26T19:30:00+00:00,167.4,False,False,open_meteo,73.8,70.9,6.5,7.8,31.0,0.03,0.0,34.0,3.0
2026_CFB_W04_FCS2428_ECU,2026-09-19T20:03:14.470663+00:00,2026-09-26T20:00:00+00:00,167.9,False,False,open_meteo,70.4,65.5,11.0,13.6,21.0,0.07,0.0,46.0,2.0
2026_CFB_W04_FCS2916_TXST,2026-09-19T20:03:15.229070+00:00,2026-09-26T22:00:00+00:00,169.9,False,False,open_meteo,96.6,98.2,6.0,4.5,158.0,0.02,0.0,32.0,3.0
2026_CFB_W04_FCS2341_FIU,2026-09-19T20:03:15.970229+00:00,2026-09-26T22:00:00+00:00,169.9,False,False,open_meteo,84.9,87.1,11.6,9.4,75.0,0.69,0.008,58.0,51.0
2026_CFB_W04_CMU_MIA,2026-09-19T20:03:15.970654+00:00,2026-09-26T22:30:00+00:00,170.4,False,False,open_meteo,84.3,86.5,12.5,11.9,61.0,0.68,0.004,60.0,51.0
2026_CFB_W04_KENN_ARST,2026-09-19T20:03:16.714308+00:00,2026-09-26T23:00:00+00:00,170.9,False,False,open_meteo,72.4,72.0,9.7,9.2,95.0,0.0,0.0,67.0,3.0
2026_CFB_W04_FCS2385_WKU,2026-09-19T20:03:17.470450+00:00,2026-09-26T23:00:00+00:00,170.9,False,False,open_meteo,57.0,57.0,4.0,6.5,27.0,0.03,0.0,94.0,3.0
2026_CFB_W04_MTSU_JXST,2026-09-19T20:03:17.470875+00:00,2026-09-26T23:00:00+00:00,170.9,False,False,open_meteo,74.8,76.9,2.0,2.9,186.0,0.04,0.0,58.0,3.0
2026_CFB_W04_TROY_USU,2026-09-19T20:03:18.230814+00:00,2026-09-26T23:30:00+00:00,171.4,False,False,open_meteo,81.8,70.6,17.1,27.5,225.0,0.08,0.0,16.0,3.0
2026_CFB_W04_FCS2277_UNT,2026-09-19T20:03:18.976556+00:00,2026-09-26T23:30:00+00:00,171.4,False,False,open_meteo,78.2,82.7,3.4,5.6,94.0,0.02,0.0,66.0,3.0
2026_CFB_W04_ARIZ_WSU,2026-09-19T20:03:19.738015+00:00,2026-09-26T23:30:00+00:00,171.4,False,False,open_meteo,55.4,48.6,7.6,9.4,270.0,0.04,0.0,43.0,3.0
2026_CFB_W04_TLSA_ARK,2026-09-19T20:03:20.493886+00:00,2026-09-27T00:00:00+00:00,171.9,False,False,open_meteo,74.3,71.2,12.7,16.3,315.0,0.05,0.0,55.0,2.0
2026_CFB_W04_ORST_UTEP,2026-09-19T20:03:21.250176+00:00,2026-09-27T01:00:00+00:00,172.9,False,False,open_meteo,84.9,85.6,2.7,3.8,114.0,0.1,0.004,37.0,51.0
2026_CFB_W04_RICE_FRES,2026-09-19T20:03:22.051148+00:00,2026-09-27T02:00:00+00:00,173.9,False,False,open_meteo,88.0,82.9,5.9,11.0,331.0,0.01,0.0,18.0,0.0
2026_CFB_W04_GT_STAN,2026-09-19T20:03:22.801087+00:00,2026-09-27T02:30:00+00:00,174.4,False,False,open_meteo,69.3,67.6,6.3,6.5,274.0,0.0,0.0,56.0,1.0
2026_CFB_W04_LIB_CCU,2026-09-19T23:03:08.780328+00:00,2026-09-24T23:30:00+00:00,120.4,False,False,open_meteo,66.7,65.7,11.3,19.5,27.0,0.26,0.004,82.0,51.0
2026_CFB_W04_ARMY_TEM,2026-09-19T23:03:08.780722+00:00,2026-09-25T20:00:00+00:00,140.9,False,False,open_meteo,69.2,60.0,13.4,20.1,38.0,0.16,0.0,27.0,1.0
2026_CFB_W04_NAVY_UAB,2026-09-19T23:03:09.430766+00:00,2026-09-25T23:00:00+00:00,143.9,False,False,open_meteo,79.5,79.8,5.1,6.9,61.0,0.07,0.0,47.0,3.0
2026_CFB_W04_FCS47_RUTG,2026-09-19T23:03:10.071196+00:00,2026-09-25T23:00:00+00:00,143.9,False,False,open_meteo,61.8,53.9,11.3,28.2,34.0,0.18,0.0,39.0,3.0
2026_CFB_W04_NU_IU,2026-09-19T23:03:10.690785+00:00,2026-09-26T00:00:00+00:00,144.9,False,False,open_meteo,61.4,56.5,7.3,19.5,52.0,0.01,0.0,50.0,3.0
2026_CFB_W04_CLEM_CAL,2026-09-19T23:03:11.308324+00:00,2026-09-26T02:30:00+00:00,147.4,False,False,open_meteo,67.0,65.6,6.7,8.3,194.0,0.0,0.0,64.0,1.0
2026_CFB_W04_WIS_PSU,2026-09-19T23:03:11.943832+00:00,2026-09-26T21:00:00+00:00,165.9,False,False,open_meteo,63.9,59.4,9.6,16.3,33.0,0.14,0.0,57.0,1.0
2026_CFB_W04_SC_ALA,2026-09-19T23:03:12.562148+00:00,2026-09-26T23:00:00+00:00,167.9,False,False,open_meteo,83.0,83.9,4.3,9.4,39.0,0.02,0.0,43.0,3.0
2026_CFB_W04_VAN_AUB,2026-09-19T23:03:12.562540+00:00,2026-09-26T20:15:00+00:00,165.2,False,False,open_meteo,80.2,82.8,3.1,3.1,274.0,0.06,0.0,45.0,3.0
2026_CFB_W04_MISS_FLA,2026-09-19T23:03:13.184131+00:00,2026-09-26T19:30:00+00:00,164.4,False,False,open_meteo,86.1,87.5,6.7,4.9,15.0,0.15,0.0,35.0,2.0
2026_CFB_W04_TAM_LSU,2026-09-19T23:03:13.860977+00:00,2026-09-26T23:30:00+00:00,168.4,False,False,open_meteo,87.1,89.7,9.1,13.9,130.0,0.03,0.0,51.0,3.0
2026_CFB_W04_MIZ_MSST,2026-09-19T23:03:14.485223+00:00,2026-09-26T23:45:00+00:00,168.7,False,False,open_meteo,73.0,73.9,9.7,17.2,5.0,0.03,0.004,73.0,51.0
2026_CFB_W04_SHSU_TTU,2026-09-19T23:03:15.112847+00:00,2026-09-26T16:00:00+00:00,160.9,False,False,open_meteo,69.4,70.4,5.2,6.9,187.0,0.12,0.0,71.0,3.0
2026_CFB_W04_OU_UGA,2026-09-19T23:03:15.826942+00:00,2026-09-26T19:30:00+00:00,164.4,False,False,open_meteo,74.3,73.7,3.2,6.7,295.0,0.07,0.0,46.0,3.0
2026_CFB_W04_HOU_GASO,2026-09-19T23:03:16.454050+00:00,2026-09-26T04:00:00+00:00,148.9,False,False,open_meteo,65.9,64.3,6.2,9.6,38.0,0.03,0.0,64.0,1.0
2026_CFB_W04_KSU_CIN,2026-09-19T23:03:17.075867+00:00,2026-09-26T23:00:00+00:00,167.9,False,False,open_meteo,63.4,61.0,4.8,15.0,11.0,0.0,0.0,59.0,3.0
2026_CFB_W04_UTAH_ISU,2026-09-19T23:03:17.728743+00:00,2026-09-26T19:30:00+00:00,164.4,False,False,open_meteo,66.5,62.5,12.7,16.1,100.0,0.16,0.0,54.0,0.0
2026_CFB_W04_OKST_WVU,2026-09-19T23:03:18.351709+00:00,2026-09-26T23:00:00+00:00,167.9,False,False,open_meteo,56.7,54.1,3.5,5.6,345.0,0.07,0.0,67.0,2.0
2026_CFB_W04_FCS2110_FSU,2026-09-19T23:03:19.000475+00:00,2026-09-26T19:00:00+00:00,163.9,False,False,open_meteo,85.3,87.2,5.7,6.9,39.0,0.1,0.0,36.0,2.0
2026_CFB_W04_DEL_UVA,2026-09-19T23:03:19.620362+00:00,2026-09-26T22:00:00+00:00,166.9,False,False,open_meteo,65.9,62.9,3.6,7.2,22.0,0.11,0.0,46.0,3.0
2026_CFB_W04_MOST_SMU,2026-09-19T23:03:20.300758+00:00,2026-09-27T01:00:00+00:00,169.9,False,False,open_meteo,78.1,82.2,4.2,5.8,65.0,0.01,0.0,66.0,3.0
2026_CFB_W04_VT_BC,2026-09-19T23:03:20.937021+00:00,2026-09-26T16:00:00+00:00,160.9,False,False,open_meteo,53.8,48.7,14.1,35.1,49.0,0.42,0.248,97.0,63.0
2026_CFB_W04_TCU_UCF,2026-09-19T23:03:20.937436+00:00,2026-09-26T19:30:00+00:00,164.4,False,False,open_meteo,85.0,85.9,11.8,7.2,39.0,0.34,0.0,44.0,3.0
2026_CFB_W04_COLO_BAY,2026-09-19T23:03:21.565759+00:00,2026-09-26T16:00:00+00:00,160.9,False,False,open_meteo,82.6,86.9,9.3,8.9,17.0,0.02,0.0,67.0,3.0
2026_CFB_W04_UCLA_MD,2026-09-19T23:03:21.566175+00:00,2026-09-26T17:30:00+00:00,162.4,False,False,open_meteo,63.8,57.8,9.9,17.4,8.0,0.13,0.0,46.0,3.0
2026_CFB_W04_IOWA_MICH,2026-09-19T23:03:22.194389+00:00,2026-09-26T19:30:00+00:00,164.4,False,False,open_meteo,69.5,63.4,10.5,12.5,48.0,0.0,0.0,32.0,3.0
2026_CFB_W04_NEB_MSU,2026-09-19T23:03:22.841042+00:00,2026-09-26T21:00:00+00:00,165.9,False,False,open_meteo,69.1,63.9,9.1,12.3,33.0,0.0,0.0,41.0,3.0
2026_CFB_W04_ND_PUR,2026-09-19T23:03:23.466057+00:00,2026-09-26T18:00:00+00:00,162.9,False,False,open_meteo,63.4,61.5,5.8,11.0,90.0,0.0,0.0,66.0,3.0
2026_CFB_W04_ORE_USC,2026-09-19T23:03:24.094806+00:00,2026-09-26T23:30:00+00:00,168.4,False,False,open_meteo,87.7,81.9,11.1,11.2,240.0,0.02,0.0,22.0,0.0
2026_CFB_W04_MINN_WASH,2026-09-19T23:03:24.095215+00:00,2026-09-27T03:00:00+00:00,171.9,False,False,open_meteo,51.8,48.4,3.6,4.0,4.0,0.07,0.0,70.0,0.0
2026_CFB_W04_SDSU_TOL,2026-09-19T23:03:24.738838+00:00,2026-09-26T16:00:00+00:00,160.9,False,False,open_meteo,67.4,61.9,10.9,17.2,58.0,0.01,0.0,47.0,3.0
2026_CFB_W04_BOIS_WMU,2026-09-19T23:03:25.369455+00:00,2026-09-26T04:00:00+00:00,148.9,False,False,open_meteo,55.7,51.4,6.5,12.3,82.0,0.0,0.0,64.0,3.0
2026_CFB_W04_CONN_MOH,2026-09-19T23:03:25.990251+00:00,2026-09-26T19:30:00+00:00,164.4,False,False,open_meteo,64.4,62.3,6.0,11.2,31.0,0.0,0.0,63.0,3.0
2026_CFB_W04_UL_CLT,2026-09-19T23:03:26.640747+00:00,2026-09-26T22:30:00+00:00,167.4,False,False,open_meteo,74.6,73.4,2.2,4.3,246.0,0.04,0.0,40.0,3.0
2026_CFB_W04_FAU_ULM,2026-09-19T23:03:27.276017+00:00,2026-09-27T00:00:00+00:00,168.9,False,False,open_meteo,67.6,70.3,8.1,15.7,14.0,0.03,0.031,96.0,53.0
2026_CFB_W04_USM_TULN,2026-09-19T23:03:27.921932+00:00,2026-09-26T23:00:00+00:00,167.9,False,False,open_meteo,83.5,86.5,9.6,11.2,147.0,0.05,0.0,60.0,3.0
2026_CFB_W04_USF_BGSU,2026-09-19T23:03:28.557860+00:00,2026-09-26T21:00:00+00:00,165.9,False,False,open_meteo,66.1,58.9,12.1,14.8,52.0,0.0,0.0,41.0,3.0
2026_CFB_W04_CSU_UTSA,2026-09-19T23:03:28.558138+00:00,2026-09-26T16:00:00+00:00,160.9,True,False,open_meteo,,,,,,,,,
2026_CFB_W04_WAKE_LOU,2026-09-19T23:03:29.180703+00:00,2026-09-26T16:00:00+00:00,160.9,False,False,open_meteo,62.3,58.0,6.4,11.2,25.0,0.01,0.0,50.0,3.0
2026_CFB_W04_ILL_OSU,2026-09-19T23:03:29.828289+00:00,2026-09-26T16:00:00+00:00,160.9,False,False,open_meteo,65.2,62.0,6.9,10.3,54.0,0.01,0.0,49.0,3.0
2026_CFB_W04_AF_NEV,2026-09-19T23:03:30.461826+00:00,2026-09-27T02:30:00+00:00,171.4,False,False,open_meteo,67.3,58.5,11.3,15.7,243.0,0.02,0.0,26.0,3.0
2026_CFB_W04_NIU_GAST,2026-09-19T23:03:31.089558+00:00,2026-09-26T18:00:00+00:00,162.9,False,False,open_meteo,76.3,76.0,3.0,4.3,222.0,0.05,0.0,44.0,3.0
2026_CFB_W04_APP_NCSU,2026-09-19T23:03:31.728324+00:00,2026-09-26T23:30:00+00:00,168.4,False,False,open_meteo,67.4,63.7,3.4,4.7,360.0,0.08,0.0,37.0,3.0
2026_CFB_W04_BALL_KENT,2026-09-19T23:03:32.356544+00:00,2026-09-26T16:00:00+00:00,160.9,False,False,open_meteo,62.4,56.6,8.7,12.8,40.0,0.02,0.0,46.0,3.0
2026_CFB_W04_UNLV_AKR,2026-09-19T23:03:32.986777+00:00,2026-09-26T16:00:00+00:00,160.9,False,False,open_meteo,62.8,56.9,7.4,11.6,41.0,0.01,0.0,40.0,3.0
2026_CFB_W04_MASS_SAC,2026-09-19T23:03:32.987181+00:00,2026-09-27T01:00:00+00:00,169.9,False,False,open_meteo,80.5,75.8,9.7,17.2,212.0,0.0,0.0,32.0,3.0
2026_CFB_W04_JMU_ODU,2026-09-19T23:03:33.642620+00:00,2026-09-26T22:00:00+00:00,166.9,False,False,open_meteo,67.5,62.4,11.0,16.3,327.0,0.12,0.0,50.0,3.0
2026_CFB_W04_FCS2083_PITT,2026-09-19T23:03:33.642995+00:00,2026-09-26T16:00:00+00:00,160.9,False,False,open_meteo,64.3,60.5,5.7,10.3,31.0,0.05,0.0,40.0,2.0
2026_CFB_W04_TEX_TENN,2026-09-19T23:03:33.643281+00:00,2026-09-26T16:00:00+00:00,160.9,False,False,open_meteo,70.8,72.4,1.1,1.6,281.0,0.07,0.0,61.0,3.0
2026_CFB_W04_USA_UK,2026-09-19T23:03:34.271865+00:00,2026-09-26T16:45:00+00:00,161.7,False,False,open_meteo,63.6,58.3,6.8,8.3,23.0,0.01,0.0,41.0,3.0
2026_CFB_W04_FCS2815_EMU,2026-09-19T23:03:34.984226+00:00,2026-09-26T17:00:00+00:00,161.9,False,False,open_meteo,67.1,61.1,10.2,13.2,57.0,0.0,0.0,35.0,3.0
2026_CFB_W04_HAW_WYO,2026-09-19T23:03:36.089439+00:00,2026-09-26T19:00:00+00:00,163.9,False,False,open_meteo,74.3,67.5,10.4,10.5,235.0,0.15,0.0,16.0,0.0
2026_CFB_W04_UNM_NMSU,2026-09-19T23:03:36.724864+00:00,2026-09-26T19:30:00+00:00,164.4,False,False,open_meteo,82.5,83.7,5.7,5.6,135.0,0.12,0.0,34.0,1.0
2026_CFB_W04_FCS2523_BUF,2026-09-19T23:03:37.369678+00:00,2026-09-26T19:30:00+00:00,164.4,False,False,open_meteo,67.7,62.5,11.3,17.0,34.0,0.05,0.0,43.0,1.0
2026_CFB_W04_FCS284_OHIO,2026-09-19T23:03:38.025434+00:00,2026-09-26T19:30:00+00:00,164.4,False,False,open_meteo,71.0,67.3,5.8,7.6,32.0,0.02,0.0,35.0,3.0
2026_CFB_W04_FCS2729_DUKE,2026-09-19T23:03:38.696733+00:00,2026-09-26T19:30:00+00:00,164.4,False,False,open_meteo,74.3,70.6,7.0,11.0,343.0,0.06,0.0,31.0,3.0
2026_CFB_W04_FCS2241_MRSH,2026-09-19T23:03:39.335709+00:00,2026-09-26T19:30:00+00:00,164.4,False,False,open_meteo,73.8,70.9,6.5,7.8,31.0,0.03,0.0,34.0,3.0
2026_CFB_W04_FCS2428_ECU,2026-09-19T23:03:39.992604+00:00,2026-09-26T20:00:00+00:00,164.9,False,False,open_meteo,70.4,65.5,11.0,13.6,21.0,0.09,0.0,46.0,2.0
2026_CFB_W04_FCS2916_TXST,2026-09-19T23:03:40.634017+00:00,2026-09-26T22:00:00+00:00,166.9,False,False,open_meteo,96.6,98.2,6.0,4.5,158.0,0.01,0.0,32.0,3.0
2026_CFB_W04_FCS2341_FIU,2026-09-19T23:03:41.289330+00:00,2026-09-26T22:00:00+00:00,166.9,False,False,open_meteo,84.9,87.1,11.6,9.4,75.0,0.73,0.008,58.0,51.0
2026_CFB_W04_CMU_MIA,2026-09-19T23:03:41.289693+00:00,2026-09-26T22:30:00+00:00,167.4,False,False,open_meteo,84.3,86.5,12.5,11.9,61.0,0.72,0.004,60.0,51.0
2026_CFB_W04_KENN_ARST,2026-09-19T23:03:41.930288+00:00,2026-09-26T23:00:00+00:00,167.9,False,False,open_meteo,72.4,72.0,9.7,9.2,95.0,0.02,0.0,67.0,3.0
2026_CFB_W04_FCS2385_WKU,2026-09-19T23:03:42.564725+00:00,2026-09-26T23:00:00+00:00,167.9,False,False,open_meteo,57.0,57.0,4.0,6.5,27.0,0.03,0.0,94.0,3.0
2026_CFB_W04_MTSU_JXST,2026-09-19T23:03:42.565161+00:00,2026-09-26T23:00:00+00:00,167.9,False,False,open_meteo,74.8,76.9,2.0,2.9,186.0,0.07,0.0,58.0,3.0
2026_CFB_W04_TROY_USU,2026-09-19T23:03:43.226403+00:00,2026-09-26T23:30:00+00:00,168.4,False,False,open_meteo,81.8,70.6,17.1,27.5,225.0,0.08,0.0,16.0,3.0
2026_CFB_W04_FCS2277_UNT,2026-09-19T23:03:43.860351+00:00,2026-09-26T23:30:00+00:00,168.4,False,False,open_meteo,78.2,82.7,3.4,5.6,94.0,0.02,0.0,66.0,3.0
2026_CFB_W04_ARIZ_WSU,2026-09-19T23:03:44.497675+00:00,2026-09-26T23:30:00+00:00,168.4,False,False,open_meteo,55.4,48.6,7.6,9.4,270.0,0.05,0.0,43.0,3.0
2026_CFB_W04_TLSA_ARK,2026-09-19T23:03:45.155226+00:00,2026-09-27T00:00:00+00:00,168.9,False,False,open_meteo,74.3,71.2,12.7,16.3,315.0,0.07,0.0,55.0,2.0
2026_CFB_W04_ORST_UTEP,2026-09-19T23:03:45.787283+00:00,2026-09-27T01:00:00+00:00,169.9,False,False,open_meteo,84.9,85.6,2.7,3.8,114.0,0.15,0.004,37.0,51.0
2026_CFB_W04_RICE_FRES,2026-09-19T23:03:46.423907+00:00,2026-09-27T02:00:00+00:00,170.9,False,False,open_meteo,88.0,82.9,5.9,11.0,331.0,0.01,0.0,18.0,0.0
2026_CFB_W04_GT_STAN,2026-09-19T23:03:47.089467+00:00,2026-09-27T02:30:00+00:00,171.4,False,False,open_meteo,69.3,67.6,6.3,6.5,274.0,0.0,0.0,56.0,1.0
2026_CFB_W04_LIB_CCU,2026-09-20T11:05:44.413945+00:00,2026-09-24T23:30:00+00:00,108.4,False,False,open_meteo,67.0,65.1,12.3,21.3,1.0,0.32,0.0,78.0,0.0
2026_CFB_W04_ARMY_TEM,2026-09-20T11:05:44.414534+00:00,2026-09-25T20:00:00+00:00,128.9,False,False,open_meteo,58.1,52.1,11.5,22.8,12.0,0.26,0.0,63.0,3.0
2026_CFB_W04_NAVY_UAB,2026-09-20T11:05:45.763440+00:00,2026-09-25T23:00:00+00:00,131.9,False,False,open_meteo,77.2,76.3,5.1,8.9,38.0,0.02,0.0,45.0,3.0
2026_CFB_W04_FCS47_RUTG,2026-09-20T11:05:47.095528+00:00,2026-09-25T23:00:00+00:00,131.9,False,False,open_meteo,53.3,48.1,10.1,25.7,18.0,0.28,0.004,77.0,51.0
2026_CFB_W04_NU_IU,2026-09-20T11:05:48.456698+00:00,2026-09-26T00:00:00+00:00,132.9,False,False,open_meteo,60.9,59.7,5.7,15.2,42.0,0.01,0.0,78.0,2.0
2026_CFB_W04_CLEM_CAL,2026-09-20T11:05:49.791247+00:00,2026-09-26T02:30:00+00:00,135.4,False,False,open_meteo,62.2,59.6,7.7,10.1,210.0,0.0,0.0,69.0,1.0
2026_CFB_W04_WIS_PSU,2026-09-20T11:05:51.117947+00:00,2026-09-26T21:00:00+00:00,153.9,False,False,open_meteo,62.1,55.4,12.4,22.4,14.0,0.06,0.0,52.0,3.0
2026_CFB_W04_SC_ALA,2026-09-20T11:05:52.472461+00:00,2026-09-26T23:00:00+00:00,155.9,False,False,open_meteo,79.6,79.6,4.2,5.6,25.0,0.03,0.0,44.0,3.0
2026_CFB_W04_VAN_AUB,2026-09-20T11:05:53.809609+00:00,2026-09-26T20:15:00+00:00,153.2,False,False,open_meteo,82.4,82.8,3.8,3.1,315.0,0.03,0.0,39.0,3.0
2026_CFB_W04_MISS_FLA,2026-09-20T11:05:55.168515+00:00,2026-09-26T19:30:00+00:00,152.4,False,False,open_meteo,87.1,89.4,6.0,4.9,15.0,0.24,0.0,34.0,3.0
2026_CFB_W04_TAM_LSU,2026-09-20T11:05:56.500787+00:00,2026-09-26T23:30:00+00:00,156.4,False,False,open_meteo,87.4,84.9,4.2,4.0,16.0,0.03,0.0,25.0,3.0
2026_CFB_W04_MIZ_MSST,2026-09-20T11:05:57.837126+00:00,2026-09-26T23:45:00+00:00,156.7,False,False,open_meteo,78.4,76.8,5.7,7.8,48.0,0.02,0.0,41.0,3.0
2026_CFB_W04_SHSU_TTU,2026-09-20T11:05:59.207014+00:00,2026-09-26T16:00:00+00:00,148.9,False,False,open_meteo,75.2,77.4,6.2,9.6,210.0,0.18,0.0,67.0,3.0
2026_CFB_W04_OU_UGA,2026-09-20T11:06:00.554357+00:00,2026-09-26T19:30:00+00:00,152.4,False,False,open_meteo,81.5,81.6,4.7,7.4,265.0,0.02,0.0,42.0,3.0
2026_CFB_W04_HOU_GASO,2026-09-20T11:06:01.898544+00:00,2026-09-26T20:00:00+00:00,152.9,False,False,open_meteo,80.8,81.2,4.4,5.4,24.0,0.05,0.0,44.0,3.0
2026_CFB_W04_KSU_CIN,2026-09-20T11:06:03.254496+00:00,2026-09-26T23:00:00+00:00,155.9,False,False,open_meteo,64.5,61.3,5.6,13.0,37.0,0.01,0.0,53.0,3.0
2026_CFB_W04_UTAH_ISU,2026-09-20T11:06:04.630330+00:00,2026-09-26T19:30:00+00:00,152.4,False,False,open_meteo,55.2,51.8,11.0,18.8,119.0,0.11,0.0,95.0,3.0
2026_CFB_W04_OKST_WVU,2026-09-20T11:06:05.983280+00:00,2026-09-26T23:00:00+00:00,155.9,False,False,open_meteo,57.2,55.1,3.6,6.5,7.0,0.03,0.0,71.0,0.0
2026_CFB_W04_FCS2110_FSU,2026-09-20T11:06:07.316178+00:00,2026-09-26T19:00:00+00:00,151.9,False,False,open_meteo,86.4,88.8,4.0,4.0,34.0,0.04,0.0,36.0,3.0
2026_CFB_W04_DEL_UVA,2026-09-20T11:06:08.645041+00:00,2026-09-26T22:00:00+00:00,154.9,False,False,open_meteo,67.9,63.7,7.0,13.2,27.0,0.05,0.0,44.0,0.0
2026_CFB_W04_MOST_SMU,2026-09-20T11:06:10.006850+00:00,2026-09-27T01:00:00+00:00,157.9,False,False,open_meteo,80.7,78.9,7.8,13.6,90.0,0.03,0.008,41.0,51.0
2026_CFB_W04_VT_BC,2026-09-20T11:06:11.339697+00:00,2026-09-26T16:00:00+00:00,148.9,False,False,open_meteo,53.6,49.0,12.7,33.3,32.0,0.37,0.059,96.0,61.0
2026_CFB_W04_TCU_UCF,2026-09-20T11:06:12.706567+00:00,2026-09-26T19:30:00+00:00,152.4,False,False,open_meteo,87.3,88.3,8.6,7.2,31.0,0.31,0.0,37.0,2.0
2026_CFB_W04_COLO_BAY,2026-09-20T11:06:14.037273+00:00,2026-09-26T16:00:00+00:00,148.9,False,False,open_meteo,85.0,83.7,7.6,6.9,159.0,0.03,0.0,36.0,1.0
2026_CFB_W04_UCLA_MD,2026-09-20T11:06:15.377380+00:00,2026-09-26T17:30:00+00:00,150.4,False,False,open_meteo,61.8,55.6,10.5,24.4,349.0,0.06,0.0,50.0,3.0
2026_CFB_W04_IOWA_MICH,2026-09-20T11:06:16.743563+00:00,2026-09-26T19:30:00+00:00,152.4,False,False,open_meteo,71.5,66.0,8.3,10.5,66.0,0.0,0.0,31.0,3.0
2026_CFB_W04_NEB_MSU,2026-09-20T11:06:18.087684+00:00,2026-09-26T21:00:00+00:00,153.9,False,False,open_meteo,72.2,67.2,8.4,11.2,70.0,0.0,0.0,37.0,3.0
2026_CFB_W04_ND_PUR,2026-09-20T11:06:19.418673+00:00,2026-09-26T18:00:00+00:00,150.9,False,False,open_meteo,66.8,63.0,7.9,8.9,74.0,0.01,0.0,49.0,3.0
2026_CFB_W04_ORE_USC,2026-09-20T11:06:20.783514+00:00,2026-09-26T23:30:00+00:00,156.4,False,False,open_meteo,84.3,80.0,10.1,7.4,239.0,0.01,0.0,29.0,2.0
2026_CFB_W04_MINN_WASH,2026-09-20T11:06:22.125767+00:00,2026-09-27T03:00:00+00:00,159.9,False,False,open_meteo,52.7,49.7,4.0,3.6,360.0,0.02,0.0,74.0,1.0
2026_CFB_W04_SDSU_TOL,2026-09-20T11:06:23.488726+00:00,2026-09-26T16:00:00+00:00,148.9,False,False,open_meteo,66.4,61.7,5.4,10.1,48.0,0.01,0.0,38.0,2.0
2026_CFB_W04_BOIS_WMU,2026-09-20T11:06:24.840105+00:00,2026-09-26T19:30:00+00:00,152.4,False,False,open_meteo,70.4,65.9,7.5,9.6,80.0,0.0,0.0,33.0,3.0
2026_CFB_W04_CONN_MOH,2026-09-20T11:06:26.174911+00:00,2026-09-26T19:30:00+00:00,152.4,False,False,open_meteo,68.8,65.2,8.7,11.0,64.0,0.01,0.0,42.0,3.0
2026_CFB_W04_UL_CLT,2026-09-20T11:06:27.544153+00:00,2026-09-26T22:30:00+00:00,155.4,False,False,open_meteo,78.4,71.7,7.6,8.9,21.0,0.01,0.0,20.0,1.0
2026_CFB_W04_FAU_ULM,2026-09-20T11:06:28.862211+00:00,2026-09-27T00:00:00+00:00,156.9,False,False,open_meteo,76.8,74.9,4.5,4.5,273.0,0.01,0.0,39.0,3.0
2026_CFB_W04_USM_TULN,2026-09-20T11:06:30.177651+00:00,2026-09-26T23:00:00+00:00,155.9,False,False,open_meteo,86.7,83.1,5.4,4.5,358.0,0.04,0.0,23.0,2.0
2026_CFB_W04_USF_BGSU,2026-09-20T11:06:31.526685+00:00,2026-09-26T21:00:00+00:00,153.9,False,False,open_meteo,67.2,61.3,9.8,11.4,60.0,0.0,0.0,42.0,3.0
2026_CFB_W04_CSU_UTSA,2026-09-20T11:06:31.527062+00:00,2026-09-26T16:00:00+00:00,148.9,True,False,open_meteo,,,,,,,,,
2026_CFB_W04_WAKE_LOU,2026-09-20T11:06:32.848679+00:00,2026-09-26T16:00:00+00:00,148.9,False,False,open_meteo,67.6,63.6,5.6,8.5,61.0,0.0,0.0,40.0,3.0
2026_CFB_W04_ILL_OSU,2026-09-20T11:06:34.199882+00:00,2026-09-26T16:00:00+00:00,148.9,False,False,open_meteo,64.9,62.5,5.3,8.7,33.0,0.0,0.0,51.0,3.0
2026_CFB_W04_AF_NEV,2026-09-20T11:06:35.532895+00:00,2026-09-27T02:30:00+00:00,159.4,False,False,open_meteo,69.1,62.4,6.7,9.4,312.0,0.02,0.0,25.0,2.0
2026_CFB_W04_NIU_GAST,2026-09-20T11:06:36.862564+00:00,2026-09-26T18:00:00+00:00,150.9,False,False,open_meteo,80.4,80.2,5.4,6.7,253.0,0.04,0.0,38.0,3.0
2026_CFB_W04_APP_NCSU,2026-09-20T11:06:38.212738+00:00,2026-09-26T23:30:00+00:00,156.4,False,False,open_meteo,69.1,64.6,7.8,18.3,37.0,0.0,0.0,42.0,0.0
2026_CFB_W04_BALL_KENT,2026-09-20T11:06:39.536475+00:00,2026-09-26T16:00:00+00:00,148.9,False,False,open_meteo,66.6,62.4,10.1,14.8,35.0,0.02,0.0,47.0,0.0
2026_CFB_W04_UNLV_AKR,2026-09-20T11:06:40.862471+00:00,2026-09-26T16:00:00+00:00,148.9,False,False,open_meteo,66.6,63.1,7.8,13.2,27.0,0.02,0.0,46.0,1.0
2026_CFB_W04_MASS_SAC,2026-09-20T11:06:42.209170+00:00,2026-09-27T01:00:00+00:00,157.9,False,False,open_meteo,81.4,76.1,3.5,9.2,235.0,0.01,0.0,17.0,1.0
2026_CFB_W04_JMU_ODU,2026-09-20T11:06:43.542372+00:00,2026-09-26T22:00:00+00:00,154.9,False,False,open_meteo,64.1,58.2,14.3,21.9,346.0,0.06,0.0,61.0,3.0
2026_CFB_W04_FCS2083_PITT,2026-09-20T11:06:43.542915+00:00,2026-09-26T16:00:00+00:00,148.9,False,False,open_meteo,64.9,61.3,7.2,14.5,14.0,0.02,0.0,43.0,0.0
2026_CFB_W04_TEX_TENN,2026-09-20T11:06:44.889541+00:00,2026-09-26T16:00:00+00:00,148.9,False,False,open_meteo,71.4,70.3,5.9,6.5,47.0,0.0,0.0,51.0,3.0
2026_CFB_W04_USA_UK,2026-09-20T11:06:46.212670+00:00,2026-09-26T16:45:00+00:00,149.6,False,False,open_meteo,68.7,62.8,10.4,12.3,57.0,0.01,0.0,38.0,2.0
2026_CFB_W04_FCS2815_EMU,2026-09-20T11:06:47.539076+00:00,2026-09-26T17:00:00+00:00,149.9,False,False,open_meteo,69.7,65.2,8.8,11.2,60.0,0.0,0.0,36.0,2.0
2026_CFB_W04_HAW_WYO,2026-09-20T11:06:48.891158+00:00,2026-09-26T19:00:00+00:00,151.9,False,False,open_meteo,73.4,64.7,15.5,18.1,247.0,0.08,0.0,20.0,2.0
2026_CFB_W04_UNM_NMSU,2026-09-20T11:06:50.217955+00:00,2026-09-26T19:30:00+00:00,152.4,False,False,open_meteo,82.5,85.2,4.3,2.7,235.0,0.11,0.0,38.0,3.0
2026_CFB_W04_FCS2523_BUF,2026-09-20T11:06:51.540104+00:00,2026-09-26T19:30:00+00:00,152.4,False,False,open_meteo,67.6,60.8,11.6,18.8,41.0,0.02,0.0,38.0,3.0
2026_CFB_W04_FCS284_OHIO,2026-09-20T11:06:52.889556+00:00,2026-09-26T19:30:00+00:00,152.4,False,False,open_meteo,70.2,67.3,6.8,10.3,23.0,0.02,0.0,37.0,3.0
2026_CFB_W04_FCS2729_DUKE,2026-09-20T11:06:54.203296+00:00,2026-09-26T19:30:00+00:00,152.4,False,False,open_meteo,78.1,74.6,8.5,12.8,2.0,0.0,0.0,27.0,0.0
2026_CFB_W04_FCS2241_MRSH,2026-09-20T11:06:55.573931+00:00,2026-09-26T19:30:00+00:00,152.4,False,False,open_meteo,72.2,68.2,7.5,10.5,30.0,0.0,0.0,27.0,0.0
2026_CFB_W04_FCS2428_ECU,2026-09-20T11:06:56.904671+00:00,2026-09-26T20:00:00+00:00,152.9,False,False,open_meteo,70.8,65.5,13.9,23.3,357.0,0.02,0.0,48.0,0.0
2026_CFB_W04_FCS2916_TXST,2026-09-20T11:06:58.228348+00:00,2026-09-26T22:00:00+00:00,154.9,False,False,open_meteo,96.7,93.9,9.4,8.7,115.0,0.05,0.0,24.0,1.0
2026_CFB_W04_FCS2341_FIU,2026-09-20T11:06:59.583213+00:00,2026-09-26T22:00:00+00:00,154.9,False,False,open_meteo,85.9,87.6,8.6,7.6,83.0,0.75,0.0,49.0,3.0
2026_CFB_W04_CMU_MIA,2026-09-20T11:06:59.583745+00:00,2026-09-26T22:30:00+00:00,155.4,False,False,open_meteo,85.0,85.2,11.6,10.3,65.0,0.72,0.0,50.0,3.0
2026_CFB_W04_KENN_ARST,2026-09-20T11:07:00.908907+00:00,2026-09-26T23:00:00+00:00,155.9,False,False,open_meteo,70.7,66.7,10.5,14.5,73.0,0.01,0.0,51.0,3.0
2026_CFB_W04_FCS2385_WKU,2026-09-20T11:07:03.785128+00:00,2026-09-26T23:00:00+00:00,155.9,False,False,open_meteo,66.5,62.4,5.6,13.4,344.0,0.01,0.0,42.0,3.0
2026_CFB_W04_MTSU_JXST,2026-09-20T11:07:07.347916+00:00,2026-09-26T23:00:00+00:00,155.9,False,False,open_meteo,72.6,73.7,3.6,4.0,356.0,0.02,0.0,60.0,3.0
2026_CFB_W04_TROY_USU,2026-09-20T11:07:08.719567+00:00,2026-09-26T23:30:00+00:00,156.4,False,False,open_meteo,75.6,70.3,5.7,17.7,261.0,0.04,0.0,25.0,3.0
2026_CFB_W04_FCS2277_UNT,2026-09-20T11:07:10.087960+00:00,2026-09-26T23:30:00+00:00,156.4,False,False,open_meteo,77.3,78.2,7.2,16.6,97.0,0.08,0.067,58.0,80.0
2026_CFB_W04_ARIZ_WSU,2026-09-20T11:07:11.422933+00:00,2026-09-26T23:30:00+00:00,156.4,False,False,open_meteo,57.3,49.2,9.4,11.0,271.0,0.02,0.0,35.0,0.0
2026_CFB_W04_TLSA_ARK,2026-09-20T11:07:12.771729+00:00,2026-09-27T00:00:00+00:00,156.9,False,False,open_meteo,68.2,67.2,2.9,2.7,94.0,0.05,0.0,54.0,3.0
2026_CFB_W04_ORST_UTEP,2026-09-20T11:07:14.145543+00:00,2026-09-27T01:00:00+00:00,157.9,False,False,open_meteo,86.1,84.6,1.7,3.6,230.0,0.21,0.0,26.0,3.0
2026_CFB_W04_RICE_FRES,2026-09-20T11:07:15.489942+00:00,2026-09-27T02:00:00+00:00,158.9,False,False,open_meteo,85.4,82.0,3.4,4.0,32.0,0.01,0.0,22.0,0.0
2026_CFB_W04_GT_STAN,2026-09-20T11:07:16.829568+00:00,2026-09-27T02:30:00+00:00,159.4,False,False,open_meteo,66.7,63.9,6.8,6.3,278.0,0.0,0.0,55.0,0.0
2026_CFB_W04_LIB_CCU,2026-09-20T17:02:28.504149+00:00,2026-09-24T23:30:00+00:00,102.5,False,False,open_meteo,65.0,64.1,12.4,26.4,5.0,0.31,0.004,91.0,51.0
2026_CFB_W04_ARMY_TEM,2026-09-20T17:02:28.504706+00:00,2026-09-25T20:00:00+00:00,123.0,False,False,open_meteo,59.2,51.5,15.6,34.7,19.0,0.27,0.024,61.0,53.0
2026_CFB_W04_NAVY_UAB,2026-09-20T17:02:29.746448+00:00,2026-09-25T23:00:00+00:00,126.0,False,False,open_meteo,77.0,76.8,7.1,11.6,20.0,0.04,0.0,53.0,1.0
2026_CFB_W04_FCS47_RUTG,2026-09-20T17:02:30.986425+00:00,2026-09-25T23:00:00+00:00,126.0,False,False,open_meteo,54.5,46.0,19.4,46.1,19.0,0.3,0.067,81.0,61.0
2026_CFB_W04_NU_IU,2026-09-20T17:02:32.249651+00:00,2026-09-26T00:00:00+00:00,127.0,False,False,open_meteo,59.5,55.7,7.4,21.9,49.0,0.0,0.0,65.0,1.0
2026_CFB_W04_CLEM_CAL,2026-09-20T17:02:33.493638+00:00,2026-09-26T02:30:00+00:00,129.5,False,False,open_meteo,63.3,59.7,8.3,8.3,180.0,0.0,0.0,61.0,1.0
2026_CFB_W04_WIS_PSU,2026-09-20T17:02:34.758840+00:00,2026-09-26T21:00:00+00:00,148.0,False,False,open_meteo,57.2,51.0,16.3,30.4,18.0,0.05,0.0,83.0,3.0
2026_CFB_W04_SC_ALA,2026-09-20T17:02:36.058657+00:00,2026-09-26T23:00:00+00:00,150.0,False,False,open_meteo,78.2,74.3,6.2,14.3,19.0,0.01,0.0,31.0,3.0
2026_CFB_W04_VAN_AUB,2026-09-20T17:02:37.302846+00:00,2026-09-26T20:15:00+00:00,147.2,False,False,open_meteo,79.6,76.1,8.7,10.7,334.0,0.02,0.0,36.0,3.0
2026_CFB_W04_MISS_FLA,2026-09-20T17:02:38.561162+00:00,2026-09-26T19:30:00+00:00,146.5,False,False,open_meteo,87.1,88.9,5.6,3.1,344.0,0.17,0.0,33.0,3.0
2026_CFB_W04_TAM_LSU,2026-09-20T17:02:39.818779+00:00,2026-09-26T23:30:00+00:00,150.5,False,False,open_meteo,92.1,92.6,3.5,7.2,27.0,0.02,0.0,30.0,1.0
2026_CFB_W04_MIZ_MSST,2026-09-20T17:02:41.093685+00:00,2026-09-26T23:45:00+00:00,150.7,False,False,open_meteo,77.8,74.3,5.6,9.2,16.0,0.02,0.0,32.0,3.0
2026_CFB_W04_SHSU_TTU,2026-09-20T17:02:42.331558+00:00,2026-09-26T16:00:00+00:00,143.0,False,False,open_meteo,79.9,77.2,12.9,20.4,219.0,0.14,0.0,48.0,3.0
2026_CFB_W04_OU_UGA,2026-09-20T17:02:43.567384+00:00,2026-09-26T19:30:00+00:00,146.5,False,False,open_meteo,82.4,83.7,4.4,6.7,311.0,0.01,0.0,33.0,1.0
2026_CFB_W04_HOU_GASO,2026-09-20T17:02:44.836200+00:00,2026-09-26T20:00:00+00:00,147.0,False,False,open_meteo,86.8,86.4,6.7,8.7,274.0,0.02,0.0,32.0,0.0
2026_CFB_W04_KSU_CIN,2026-09-20T17:02:46.103483+00:00,2026-09-26T23:00:00+00:00,150.0,False,False,open_meteo,63.6,59.7,8.0,19.0,11.0,0.01,0.0,56.0,0.0
2026_CFB_W04_UTAH_ISU,2026-09-20T17:02:47.369438+00:00,2026-09-26T19:30:00+00:00,146.5,False,False,open_meteo,59.1,54.6,12.8,28.2,144.0,0.17,0.0,80.0,3.0
2026_CFB_W04_OKST_WVU,2026-09-20T17:02:48.608590+00:00,2026-09-26T23:00:00+00:00,150.0,False,False,open_meteo,61.3,58.2,8.2,23.7,29.0,0.02,0.0,69.0,3.0
2026_CFB_W04_FCS2110_FSU,2026-09-20T17:02:49.851288+00:00,2026-09-26T19:00:00+00:00,146.0,False,False,open_meteo,87.8,90.5,4.3,7.2,309.0,0.05,0.0,35.0,3.0
2026_CFB_W04_DEL_UVA,2026-09-20T17:02:51.110444+00:00,2026-09-26T22:00:00+00:00,149.0,False,False,open_meteo,61.3,54.6,14.8,30.9,337.0,0.02,0.0,63.0,3.0
2026_CFB_W04_MOST_SMU,2026-09-20T17:02:52.360507+00:00,2026-09-27T01:00:00+00:00,152.0,False,False,open_meteo,92.6,96.6,0.9,3.4,256.0,0.06,0.0,37.0,3.0
2026_CFB_W04_VT_BC,2026-09-20T17:02:53.610904+00:00,2026-09-26T16:00:00+00:00,143.0,False,False,open_meteo,53.2,47.4,14.6,33.8,47.0,0.33,0.004,93.0,51.0
2026_CFB_W04_TCU_UCF,2026-09-20T17:02:54.893868+00:00,2026-09-26T19:30:00+00:00,146.5,False,False,open_meteo,87.3,92.0,2.2,4.0,336.0,0.28,0.0,39.0,2.0
2026_CFB_W04_COLO_BAY,2026-09-20T17:02:56.160378+00:00,2026-09-26T16:00:00+00:00,143.0,False,False,open_meteo,87.7,89.9,7.5,7.4,170.0,0.03,0.0,46.0,2.0
2026_CFB_W04_UCLA_MD,2026-09-20T17:02:57.420367+00:00,2026-09-26T17:30:00+00:00,144.5,False,False,open_meteo,57.1,52.8,13.7,32.9,339.0,0.15,0.008,91.0,51.0
2026_CFB_W04_IOWA_MICH,2026-09-20T17:02:58.670063+00:00,2026-09-26T19:30:00+00:00,146.5,False,False,open_meteo,73.7,67.8,10.4,13.6,43.0,0.0,0.0,26.0,0.0
2026_CFB_W04_NEB_MSU,2026-09-20T17:02:59.910529+00:00,2026-09-26T21:00:00+00:00,148.0,False,False,open_meteo,74.5,67.9,9.3,11.4,37.0,0.0,0.0,27.0,0.0
2026_CFB_W04_ND_PUR,2026-09-20T17:03:01.177062+00:00,2026-09-26T18:00:00+00:00,144.9,False,False,open_meteo,68.1,65.4,7.7,9.6,54.0,0.02,0.0,45.0,2.0
2026_CFB_W04_ORE_USC,2026-09-20T17:03:02.430894+00:00,2026-09-26T23:30:00+00:00,150.4,False,False,open_meteo,86.0,80.5,9.6,5.8,237.0,0.01,0.0,22.0,2.0
2026_CFB_W04_MINN_WASH,2026-09-20T17:03:03.713338+00:00,2026-09-27T03:00:00+00:00,153.9,False,False,open_meteo,53.1,49.5,4.9,8.5,3.0,0.03,0.0,71.0,3.0
2026_CFB_W04_SDSU_TOL,2026-09-20T17:03:04.971789+00:00,2026-09-26T16:00:00+00:00,142.9,False,False,open_meteo,68.2,62.4,9.4,18.3,40.0,0.01,0.0,33.0,0.0
2026_CFB_W04_BOIS_WMU,2026-09-20T17:03:06.233792+00:00,2026-09-26T19:30:00+00:00,146.4,False,False,open_meteo,71.9,67.5,8.3,9.8,57.0,0.01,0.0,31.0,1.0
2026_CFB_W04_CONN_MOH,2026-09-20T17:03:07.514744+00:00,2026-09-26T19:30:00+00:00,146.4,False,False,open_meteo,69.0,65.4,11.8,14.8,22.0,0.01,0.0,48.0,0.0
2026_CFB_W04_UL_CLT,2026-09-20T17:03:08.771842+00:00,2026-09-26T22:30:00+00:00,149.4,False,False,open_meteo,78.9,72.4,11.1,17.7,8.0,0.02,0.0,28.0,1.0
2026_CFB_W04_FAU_ULM,2026-09-20T17:03:10.087564+00:00,2026-09-27T00:00:00+00:00,150.9,False,False,open_meteo,82.2,80.1,6.7,8.5,360.0,0.03,0.0,36.0,1.0
2026_CFB_W04_USM_TULN,2026-09-20T17:03:11.348172+00:00,2026-09-26T23:00:00+00:00,149.9,False,False,open_meteo,87.8,89.6,4.3,8.1,180.0,0.03,0.0,40.0,0.0
2026_CFB_W04_USF_BGSU,2026-09-20T17:03:12.613671+00:00,2026-09-26T21:00:00+00:00,147.9,False,False,open_meteo,70.0,62.9,11.4,16.1,47.0,0.0,0.0,34.0,0.0
2026_CFB_W04_CSU_UTSA,2026-09-20T17:03:12.614045+00:00,2026-09-26T16:00:00+00:00,142.9,True,False,open_meteo,,,,,,,,,
2026_CFB_W04_WAKE_LOU,2026-09-20T17:03:13.903642+00:00,2026-09-26T16:00:00+00:00,142.9,False,False,open_meteo,69.0,64.7,7.4,13.0,49.0,0.0,0.0,34.0,0.0
2026_CFB_W04_ILL_OSU,2026-09-20T17:03:15.160800+00:00,2026-09-26T16:00:00+00:00,142.9,False,False,open_meteo,66.9,62.1,11.3,18.8,21.0,0.01,0.0,46.0,0.0
2026_CFB_W04_AF_NEV,2026-09-20T17:03:16.437784+00:00,2026-09-27T02:30:00+00:00,153.4,False,False,open_meteo,68.2,63.3,2.9,3.1,67.0,0.01,0.0,27.0,0.0
2026_CFB_W04_NIU_GAST,2026-09-20T17:03:17.699624+00:00,2026-09-26T18:00:00+00:00,144.9,False,False,open_meteo,80.4,80.3,6.3,7.2,318.0,0.02,0.0,34.0,2.0
2026_CFB_W04_APP_NCSU,2026-09-20T17:03:18.960383+00:00,2026-09-26T23:30:00+00:00,150.4,False,False,open_meteo,64.6,62.7,3.8,10.5,360.0,0.04,0.0,57.0,3.0
2026_CFB_W04_BALL_KENT,2026-09-20T17:03:20.270828+00:00,2026-09-26T16:00:00+00:00,142.9,False,False,open_meteo,66.9,59.5,16.4,21.7,20.0,0.01,0.0,44.0,0.0
2026_CFB_W04_UNLV_AKR,2026-09-20T17:03:21.547657+00:00,2026-09-26T16:00:00+00:00,142.9,False,False,open_meteo,66.5,60.3,13.2,20.4,18.0,0.02,0.0,43.0,0.0
2026_CFB_W04_MASS_SAC,2026-09-20T17:03:22.842367+00:00,2026-09-27T01:00:00+00:00,151.9,False,False,open_meteo,84.0,79.7,3.3,7.4,228.0,0.0,0.0,19.0,0.0
2026_CFB_W04_JMU_ODU,2026-09-20T17:03:24.112728+00:00,2026-09-26T22:00:00+00:00,148.9,False,False,open_meteo,57.2,53.6,12.6,24.4,283.0,0.06,0.012,93.0,51.0
2026_CFB_W04_FCS2083_PITT,2026-09-20T17:03:24.113288+00:00,2026-09-26T16:00:00+00:00,142.9,False,False,open_meteo,66.5,61.8,10.6,18.6,7.0,0.02,0.0,44.0,2.0
2026_CFB_W04_TEX_TENN,2026-09-20T17:03:25.361965+00:00,2026-09-26T16:00:00+00:00,142.9,False,False,open_meteo,68.3,64.9,7.0,10.1,48.0,0.01,0.0,37.0,0.0
2026_CFB_W04_USA_UK,2026-09-20T17:03:26.646879+00:00,2026-09-26T16:45:00+00:00,143.7,False,False,open_meteo,67.3,60.1,12.2,17.0,36.0,0.01,0.0,30.0,0.0
2026_CFB_W04_FCS2815_EMU,2026-09-20T17:03:27.913734+00:00,2026-09-26T17:00:00+00:00,143.9,False,False,open_meteo,71.1,65.0,11.6,15.0,43.0,0.0,0.0,30.0,0.0
2026_CFB_W04_HAW_WYO,2026-09-20T17:03:29.208307+00:00,2026-09-26T19:00:00+00:00,145.9,False,False,open_meteo,71.6,57.1,26.6,33.3,257.0,0.06,0.0,19.0,0.0
2026_CFB_W04_UNM_NMSU,2026-09-20T17:03:30.482674+00:00,2026-09-26T19:30:00+00:00,146.4,False,False,open_meteo,82.8,85.7,3.3,2.9,228.0,0.11,0.0,39.0,3.0
2026_CFB_W04_FCS2523_BUF,2026-09-20T17:03:31.760422+00:00,2026-09-26T19:30:00+00:00,146.4,False,False,open_meteo,68.0,60.2,14.3,23.7,39.0,0.02,0.0,38.0,3.0
2026_CFB_W04_FCS284_OHIO,2026-09-20T17:03:33.038523+00:00,2026-09-26T19:30:00+00:00,146.4,False,False,open_meteo,71.6,68.4,10.0,14.1,9.0,0.0,0.0,42.0,0.0
2026_CFB_W04_FCS2729_DUKE,2026-09-20T17:03:34.289230+00:00,2026-09-26T19:30:00+00:00,146.4,False,False,open_meteo,66.2,63.1,5.3,12.3,327.0,0.04,0.0,50.0,3.0
2026_CFB_W04_FCS2241_MRSH,2026-09-20T17:03:35.568738+00:00,2026-09-26T19:30:00+00:00,146.4,False,False,open_meteo,72.2,69.3,8.1,13.0,5.0,0.0,0.0,36.0,0.0
2026_CFB_W04_FCS2428_ECU,2026-09-20T17:03:36.829338+00:00,2026-09-26T20:00:00+00:00,146.9,False,False,open_meteo,60.1,57.2,7.0,20.8,287.0,0.03,0.0,70.0,3.0
2026_CFB_W04_FCS2916_TXST,2026-09-20T17:03:38.087895+00:00,2026-09-26T22:00:00+00:00,148.9,False,False,open_meteo,98.0,97.7,7.2,5.8,120.0,0.04,0.0,27.0,1.0
2026_CFB_W04_FCS2341_FIU,2026-09-20T17:03:39.380683+00:00,2026-09-26T22:00:00+00:00,148.9,False,False,open_meteo,83.8,90.7,4.0,7.2,270.0,0.76,0.047,66.0,55.0
2026_CFB_W04_CMU_MIA,2026-09-20T17:03:39.381247+00:00,2026-09-26T22:30:00+00:00,149.4,False,False,open_meteo,81.0,87.4,5.2,5.6,97.0,0.73,0.008,72.0,51.0
2026_CFB_W04_KENN_ARST,2026-09-20T17:03:40.655945+00:00,2026-09-26T23:00:00+00:00,149.9,False,False,open_meteo,77.3,69.7,8.9,9.8,43.0,0.02,0.0,19.0,1.0
2026_CFB_W04_FCS2385_WKU,2026-09-20T17:03:41.967551+00:00,2026-09-26T23:00:00+00:00,149.9,False,False,open_meteo,69.0,63.0,7.1,7.2,24.0,0.03,0.0,31.0,3.0
2026_CFB_W04_MTSU_JXST,2026-09-20T17:03:43.250504+00:00,2026-09-26T23:00:00+00:00,149.9,False,False,open_meteo,68.3,64.7,4.7,5.4,357.0,0.02,0.0,41.0,2.0
2026_CFB_W04_TROY_USU,2026-09-20T17:03:44.538906+00:00,2026-09-26T23:30:00+00:00,150.4,False,False,open_meteo,63.6,56.6,4.7,5.6,315.0,0.03,0.0,21.0,2.0
2026_CFB_W04_FCS2277_UNT,2026-09-20T17:03:45.830635+00:00,2026-09-26T23:30:00+00:00,150.4,False,False,open_meteo,85.4,88.2,8.5,14.8,166.0,0.09,0.008,54.0,51.0
2026_CFB_W04_ARIZ_WSU,2026-09-20T17:03:47.109268+00:00,2026-09-26T23:30:00+00:00,150.4,False,False,open_meteo,57.2,52.9,0.3,3.8,45.0,0.04,0.0,35.0,3.0
2026_CFB_W04_TLSA_ARK,2026-09-20T17:03:48.407206+00:00,2026-09-27T00:00:00+00:00,150.9,False,False,open_meteo,75.0,72.8,7.4,13.0,155.0,0.08,0.004,46.0,51.0
2026_CFB_W04_ORST_UTEP,2026-09-20T17:03:49.683595+00:00,2026-09-27T01:00:00+00:00,151.9,False,False,open_meteo,87.1,84.2,6.8,6.0,328.0,0.16,0.0,28.0,2.0
2026_CFB_W04_RICE_FRES,2026-09-20T17:03:50.950476+00:00,2026-09-27T02:00:00+00:00,152.9,False,False,open_meteo,86.6,83.9,2.4,2.5,41.0,0.0,0.0,22.0,0.0
2026_CFB_W04_GT_STAN,2026-09-20T17:03:52.254970+00:00,2026-09-27T02:30:00+00:00,153.4,False,False,open_meteo,69.4,65.7,7.0,7.4,279.0,0.0,0.0,45.0,0.0
2026_CFB_W04_LIB_CCU,2026-09-20T20:02:34.356154+00:00,2026-09-24T23:30:00+00:00,99.5,False,False,open_meteo,65.5,63.8,12.9,26.4,13.0,0.31,0.0,85.0,3.0
2026_CFB_W04_ARMY_TEM,2026-09-20T20:02:34.356749+00:00,2026-09-25T20:00:00+00:00,120.0,False,False,open_meteo,56.9,50.0,14.4,30.4,347.0,0.27,0.0,70.0,3.0
2026_CFB_W04_NAVY_UAB,2026-09-20T20:02:35.694124+00:00,2026-09-25T23:00:00+00:00,123.0,False,False,open_meteo,78.6,78.9,5.0,9.6,18.0,0.04,0.0,48.0,2.0
2026_CFB_W04_FCS47_RUTG,2026-09-20T20:02:37.046937+00:00,2026-09-25T23:00:00+00:00,123.0,False,False,open_meteo,52.4,46.5,12.3,32.4,4.0,0.3,0.012,83.0,51.0
2026_CFB_W04_NU_IU,2026-09-20T20:02:38.386412+00:00,2026-09-26T00:00:00+00:00,124.0,False,False,open_meteo,56.6,52.9,5.5,7.8,55.0,0.0,0.0,64.0,0.0
2026_CFB_W04_CLEM_CAL,2026-09-20T20:02:39.743337+00:00,2026-09-26T02:30:00+00:00,126.5,False,False,open_meteo,63.9,61.8,6.7,6.9,195.0,0.0,0.0,66.0,0.0
2026_CFB_W04_WIS_PSU,2026-09-20T20:02:41.071419+00:00,2026-09-26T21:00:00+00:00,145.0,False,False,open_meteo,63.9,58.7,12.3,25.5,21.0,0.05,0.0,60.0,3.0
2026_CFB_W04_SC_ALA,2026-09-20T20:02:42.420960+00:00,2026-09-26T23:00:00+00:00,147.0,False,False,open_meteo,79.0,76.3,6.1,13.6,28.0,0.01,0.0,36.0,3.0
2026_CFB_W04_VAN_AUB,2026-09-20T20:02:43.788626+00:00,2026-09-26T20:15:00+00:00,144.2,False,False,open_meteo,85.4,85.3,5.2,4.9,340.0,0.02,0.0,32.0,2.0
2026_CFB_W04_MISS_FLA,2026-09-20T20:02:45.123587+00:00,2026-09-26T19:30:00+00:00,143.5,False,False,open_meteo,88.2,89.9,2.9,4.3,32.0,0.17,0.0,28.0,3.0
2026_CFB_W04_TAM_LSU,2026-09-20T20:02:46.468805+00:00,2026-09-26T23:30:00+00:00,147.5,False,False,open_meteo,89.9,91.4,6.0,10.5,121.0,0.02,0.0,39.0,1.0
2026_CFB_W04_MIZ_MSST,2026-09-20T20:02:47.818534+00:00,2026-09-26T23:45:00+00:00,147.7,False,False,open_meteo,79.1,75.6,6.3,14.1,42.0,0.02,0.0,32.0,2.0
2026_CFB_W04_SHSU_TTU,2026-09-20T20:02:49.156177+00:00,2026-09-26T16:00:00+00:00,140.0,False,False,open_meteo,79.2,77.3,12.8,19.7,215.0,0.14,0.0,53.0,3.0
2026_CFB_W04_OU_UGA,2026-09-20T20:02:50.638522+00:00,2026-09-26T19:30:00+00:00,143.5,False,False,open_meteo,83.3,86.0,3.0,5.4,297.0,0.01,0.0,35.0,0.0
2026_CFB_W04_HOU_GASO,2026-09-20T20:02:51.976929+00:00,2026-09-26T20:00:00+00:00,144.0,False,False,open_meteo,84.3,83.0,7.5,9.8,333.0,0.02,0.0,34.0,3.0
2026_CFB_W04_KSU_CIN,2026-09-20T20:02:53.349628+00:00,2026-09-26T23:00:00+00:00,147.0,False,False,open_meteo,64.5,61.8,5.9,13.6,29.0,0.01,0.0,58.0,3.0
2026_CFB_W04_UTAH_ISU,2026-09-20T20:02:54.684220+00:00,2026-09-26T19:30:00+00:00,143.5,False,False,open_meteo,68.7,64.7,16.3,20.8,162.0,0.17,0.0,65.0,3.0
2026_CFB_W04_OKST_WVU,2026-09-20T20:02:56.037000+00:00,2026-09-26T23:00:00+00:00,147.0,False,False,open_meteo,58.7,56.4,4.1,6.3,13.0,0.02,0.0,67.0,0.0
2026_CFB_W04_FCS2110_FSU,2026-09-20T20:02:57.400095+00:00,2026-09-26T19:00:00+00:00,143.0,False,False,open_meteo,87.4,89.5,4.2,4.7,54.0,0.05,0.0,31.0,3.0
2026_CFB_W04_DEL_UVA,2026-09-20T20:02:58.757918+00:00,2026-09-26T22:00:00+00:00,146.0,False,False,open_meteo,66.5,62.4,8.7,18.6,359.0,0.02,0.0,52.0,1.0
2026_CFB_W04_MOST_SMU,2026-09-20T20:03:00.131708+00:00,2026-09-27T01:00:00+00:00,148.9,False,False,open_meteo,93.6,92.6,2.6,4.5,52.0,0.06,0.0,23.0,1.0
2026_CFB_W04_VT_BC,2026-09-20T20:03:01.465667+00:00,2026-09-26T16:00:00+00:00,139.9,False,False,open_meteo,54.7,49.1,13.5,34.9,43.0,0.33,0.008,85.0,51.0
2026_CFB_W04_TCU_UCF,2026-09-20T20:03:02.811952+00:00,2026-09-26T19:30:00+00:00,143.4,False,False,open_meteo,86.2,88.4,8.5,6.9,30.0,0.28,0.0,40.0,3.0
2026_CFB_W04_COLO_BAY,2026-09-20T20:03:04.142955+00:00,2026-09-26T16:00:00+00:00,139.9,False,False,open_meteo,86.3,84.9,5.3,5.1,158.0,0.03,0.0,30.0,0.0
2026_CFB_W04_UCLA_MD,2026-09-20T20:03:05.472068+00:00,2026-09-26T17:30:00+00:00,141.4,False,False,open_meteo,60.9,54.8,11.2,25.7,347.0,0.15,0.004,55.0,51.0
2026_CFB_W04_IOWA_MICH,2026-09-20T20:03:06.827525+00:00,2026-09-26T19:30:00+00:00,143.4,False,False,open_meteo,71.0,67.2,5.9,7.8,43.0,0.0,0.0,39.0,3.0
2026_CFB_W04_NEB_MSU,2026-09-20T20:03:08.154853+00:00,2026-09-26T21:00:00+00:00,144.9,False,False,open_meteo,70.4,66.4,6.2,8.3,30.0,0.0,0.0,40.0,3.0
2026_CFB_W04_ND_PUR,2026-09-20T20:03:09.506046+00:00,2026-09-26T18:00:00+00:00,141.9,False,False,open_meteo,58.5,57.4,2.0,2.2,354.0,0.02,0.0,70.0,3.0
2026_CFB_W04_ORE_USC,2026-09-20T20:03:10.835471+00:00,2026-09-26T23:30:00+00:00,147.4,False,False,open_meteo,87.2,81.9,8.8,7.4,238.0,0.01,0.0,22.0,3.0
2026_CFB_W04_MINN_WASH,2026-09-20T20:03:12.166177+00:00,2026-09-27T03:00:00+00:00,150.9,False,False,open_meteo,54.0,50.7,4.9,10.1,5.0,0.03,0.0,72.0,3.0
2026_CFB_W04_SDSU_TOL,2026-09-20T20:03:13.513127+00:00,2026-09-26T16:00:00+00:00,139.9,False,False,open_meteo,67.0,63.6,5.9,10.5,40.0,0.01,0.0,41.0,3.0
2026_CFB_W04_BOIS_WMU,2026-09-20T20:03:14.842387+00:00,2026-09-26T19:30:00+00:00,143.4,False,False,open_meteo,66.8,63.2,5.1,7.4,67.0,0.01,0.0,44.0,3.0
2026_CFB_W04_CONN_MOH,2026-09-20T20:03:16.209055+00:00,2026-09-26T19:30:00+00:00,143.4,False,False,open_meteo,67.4,65.0,8.4,9.6,40.0,0.01,0.0,52.0,3.0
2026_CFB_W04_UL_CLT,2026-09-20T20:03:17.541518+00:00,2026-09-26T22:30:00+00:00,146.4,False,False,open_meteo,76.8,68.1,11.4,19.5,10.0,0.02,0.0,19.0,0.0
2026_CFB_W04_FAU_ULM,2026-09-20T20:03:18.895087+00:00,2026-09-27T00:00:00+00:00,147.9,False,False,open_meteo,83.8,83.9,5.0,3.6,18.0,0.03,0.0,40.0,3.0
2026_CFB_W04_USM_TULN,2026-09-20T20:03:20.241219+00:00,2026-09-26T23:00:00+00:00,146.9,False,False,open_meteo,87.5,87.3,8.6,12.1,123.0,0.03,0.0,40.0,1.0
2026_CFB_W04_USF_BGSU,2026-09-20T20:03:21.576093+00:00,2026-09-26T21:00:00+00:00,144.9,False,False,open_meteo,66.3,62.8,7.1,8.9,58.0,0.0,0.0,52.0,3.0
2026_CFB_W04_CSU_UTSA,2026-09-20T20:03:21.576477+00:00,2026-09-26T16:00:00+00:00,139.9,True,False,open_meteo,,,,,,,,,
2026_CFB_W04_WAKE_LOU,2026-09-20T20:03:22.940986+00:00,2026-09-26T16:00:00+00:00,139.9,False,False,open_meteo,66.9,61.5,6.5,10.5,68.0,0.0,0.0,30.0,3.0
2026_CFB_W04_ILL_OSU,2026-09-20T20:03:24.288515+00:00,2026-09-26T16:00:00+00:00,139.9,False,False,open_meteo,65.7,63.8,6.4,10.5,10.0,0.01,0.0,54.0,2.0
2026_CFB_W04_AF_NEV,2026-09-20T20:03:25.658563+00:00,2026-09-27T02:30:00+00:00,150.4,False,False,open_meteo,72.2,64.5,8.9,10.5,248.0,0.01,0.0,22.0,2.0
2026_CFB_W04_NIU_GAST,2026-09-20T20:03:27.003033+00:00,2026-09-26T18:00:00+00:00,141.9,False,False,open_meteo,82.9,84.0,3.7,5.4,327.0,0.02,0.0,29.0,2.0
2026_CFB_W04_APP_NCSU,2026-09-20T20:03:28.336636+00:00,2026-09-26T23:30:00+00:00,147.4,False,False,open_meteo,67.4,63.9,7.5,16.1,23.0,0.04,0.0,51.0,1.0
2026_CFB_W04_BALL_KENT,2026-09-20T20:03:29.695740+00:00,2026-09-26T16:00:00+00:00,139.9,False,False,open_meteo,66.5,61.3,11.6,15.9,15.0,0.01,0.0,46.0,1.0
2026_CFB_W04_UNLV_AKR,2026-09-20T20:03:31.027926+00:00,2026-09-26T16:00:00+00:00,139.9,False,False,open_meteo,66.5,62.0,9.7,15.7,9.0,0.02,0.0,44.0,0.0
2026_CFB_W04_MASS_SAC,2026-09-20T20:03:32.542160+00:00,2026-09-27T01:00:00+00:00,148.9,False,False,open_meteo,80.3,73.5,10.0,16.6,224.0,0.0,0.0,23.0,3.0
2026_CFB_W04_JMU_ODU,2026-09-20T20:03:33.906431+00:00,2026-09-26T22:00:00+00:00,145.9,False,False,open_meteo,62.4,56.4,14.8,24.8,328.0,0.06,0.0,66.0,3.0
2026_CFB_W04_FCS2083_PITT,2026-09-20T20:03:33.906971+00:00,2026-09-26T16:00:00+00:00,139.9,False,False,open_meteo,65.1,60.7,8.8,15.7,7.0,0.02,0.0,43.0,1.0
2026_CFB_W04_TEX_TENN,2026-09-20T20:03:35.239672+00:00,2026-09-26T16:00:00+00:00,139.9,False,False,open_meteo,68.2,64.2,8.6,9.4,53.0,0.01,0.0,39.0,2.0
2026_CFB_W04_USA_UK,2026-09-20T20:03:36.608352+00:00,2026-09-26T16:45:00+00:00,140.7,False,False,open_meteo,66.9,60.1,10.2,13.0,64.0,0.01,0.0,27.0,1.0
2026_CFB_W04_FCS2815_EMU,2026-09-20T20:03:37.946776+00:00,2026-09-26T17:00:00+00:00,140.9,False,False,open_meteo,69.5,65.5,7.4,9.4,49.0,0.0,0.0,40.0,3.0
2026_CFB_W04_HAW_WYO,2026-09-20T20:03:39.312905+00:00,2026-09-26T19:00:00+00:00,142.9,False,False,open_meteo,74.1,67.8,9.3,10.7,262.0,0.06,0.0,16.0,1.0
2026_CFB_W04_UNM_NMSU,2026-09-20T20:03:40.659388+00:00,2026-09-26T19:30:00+00:00,143.4,False,False,open_meteo,81.4,83.6,5.2,3.6,187.0,0.11,0.0,43.0,3.0
2026_CFB_W04_FCS2523_BUF,2026-09-20T20:03:42.019815+00:00,2026-09-26T19:30:00+00:00,143.4,False,False,open_meteo,68.7,62.9,12.5,19.7,47.0,0.02,0.0,41.0,0.0
2026_CFB_W04_FCS284_OHIO,2026-09-20T20:03:43.359488+00:00,2026-09-26T19:30:00+00:00,143.4,False,False,open_meteo,70.3,67.3,7.7,11.6,8.0,0.0,0.0,42.0,1.0
2026_CFB_W04_FCS2729_DUKE,2026-09-20T20:03:44.702002+00:00,2026-09-26T19:30:00+00:00,143.4,False,False,open_meteo,75.3,71.0,10.5,16.6,2.0,0.04,0.0,33.0,1.0
2026_CFB_W04_FCS2241_MRSH,2026-09-20T20:03:46.067205+00:00,2026-09-26T19:30:00+00:00,143.4,False,False,open_meteo,70.8,67.4,8.0,11.9,13.0,0.0,0.0,35.0,1.0
2026_CFB_W04_FCS2428_ECU,2026-09-20T20:03:47.422009+00:00,2026-09-26T20:00:00+00:00,143.9,False,False,open_meteo,68.8,62.4,14.6,20.4,349.0,0.03,0.0,49.0,2.0
2026_CFB_W04_FCS2916_TXST,2026-09-20T20:03:48.784692+00:00,2026-09-26T22:00:00+00:00,145.9,False,False,open_meteo,97.5,93.9,8.5,9.2,117.0,0.04,0.0,20.0,1.0
2026_CFB_W04_FCS2341_FIU,2026-09-20T20:03:50.141966+00:00,2026-09-26T22:00:00+00:00,145.9,False,False,open_meteo,83.1,87.7,8.8,9.4,63.0,0.76,0.059,66.0,80.0
2026_CFB_W04_CMU_MIA,2026-09-20T20:03:50.142570+00:00,2026-09-26T22:30:00+00:00,146.4,False,False,open_meteo,82.0,85.7,10.6,11.6,65.0,0.73,0.0,68.0,3.0
2026_CFB_W04_KENN_ARST,2026-09-20T20:03:51.517791+00:00,2026-09-26T23:00:00+00:00,146.9,False,False,open_meteo,78.9,71.7,6.7,8.3,53.0,0.02,0.0,16.0,3.0
2026_CFB_W04_FCS2385_WKU,2026-09-20T20:03:52.871627+00:00,2026-09-26T23:00:00+00:00,146.9,False,False,open_meteo,71.8,63.7,10.6,19.9,48.0,0.03,0.0,24.0,3.0
2026_CFB_W04_MTSU_JXST,2026-09-20T20:03:54.208708+00:00,2026-09-26T23:00:00+00:00,146.9,False,False,open_meteo,71.6,69.9,4.9,7.4,24.0,0.02,0.0,48.0,3.0
2026_CFB_W04_TROY_USU,2026-09-20T20:03:55.567523+00:00,2026-09-26T23:30:00+00:00,147.4,False,False,open_meteo,80.3,72.8,8.4,18.3,236.0,0.03,0.0,17.0,0.0
2026_CFB_W04_FCS2277_UNT,2026-09-20T20:03:56.899029+00:00,2026-09-26T23:30:00+00:00,147.4,False,False,open_meteo,92.2,88.5,7.3,9.6,140.0,0.09,0.0,22.0,1.0
2026_CFB_W04_ARIZ_WSU,2026-09-20T20:03:58.261238+00:00,2026-09-26T23:30:00+00:00,147.4,False,False,open_meteo,60.8,53.3,7.4,8.1,115.0,0.04,0.0,28.0,3.0
2026_CFB_W04_TLSA_ARK,2026-09-20T20:03:59.636779+00:00,2026-09-27T00:00:00+00:00,147.9,False,False,open_meteo,73.4,72.7,5.6,5.1,119.0,0.08,0.0,53.0,3.0
2026_CFB_W04_ORST_UTEP,2026-09-20T20:04:00.984034+00:00,2026-09-27T01:00:00+00:00,148.9,False,False,open_meteo,83.7,83.6,3.2,4.3,82.0,0.16,0.0,36.0,3.0
2026_CFB_W04_RICE_FRES,2026-09-20T20:04:02.363838+00:00,2026-09-27T02:00:00+00:00,149.9,False,False,open_meteo,90.1,86.3,2.2,7.2,135.0,0.0,0.0,16.0,3.0
2026_CFB_W04_GT_STAN,2026-09-20T20:04:03.716554+00:00,2026-09-27T02:30:00+00:00,150.4,False,False,open_meteo,66.3,63.6,6.7,6.3,274.0,0.0,0.0,56.0,3.0
2026_CFB_W04_LIB_CCU,2026-09-20T23:03:00.948523+00:00,2026-09-24T23:30:00+00:00,96.4,False,False,open_meteo,65.5,63.8,12.9,26.4,13.0,0.28,0.0,85.0,3.0
2026_CFB_W04_ARMY_TEM,2026-09-20T23:03:00.949075+00:00,2026-09-25T20:00:00+00:00,116.9,False,False,open_meteo,56.9,50.0,14.4,30.4,347.0,0.15,0.0,70.0,3.0
2026_CFB_W04_NAVY_UAB,2026-09-20T23:03:02.315247+00:00,2026-09-25T23:00:00+00:00,119.9,False,False,open_meteo,78.6,78.9,5.0,9.6,18.0,0.05,0.0,48.0,2.0
2026_CFB_W04_FCS47_RUTG,2026-09-20T23:03:03.647714+00:00,2026-09-25T23:00:00+00:00,119.9,False,False,open_meteo,52.4,46.5,12.3,32.4,4.0,0.2,0.012,83.0,51.0
2026_CFB_W04_NU_IU,2026-09-20T23:03:05.001228+00:00,2026-09-26T00:00:00+00:00,120.9,False,False,open_meteo,56.6,52.9,5.5,7.8,55.0,0.0,0.0,64.0,0.0
2026_CFB_W04_CLEM_CAL,2026-09-20T23:03:06.337629+00:00,2026-09-26T02:30:00+00:00,123.4,False,False,open_meteo,63.9,61.8,6.7,6.9,195.0,0.0,0.0,66.0,0.0
2026_CFB_W04_WIS_PSU,2026-09-20T23:03:07.697947+00:00,2026-09-26T21:00:00+00:00,141.9,False,False,open_meteo,63.9,58.7,12.3,25.5,21.0,0.04,0.0,60.0,3.0
2026_CFB_W04_SC_ALA,2026-09-20T23:03:09.042376+00:00,2026-09-26T23:00:00+00:00,143.9,False,False,open_meteo,79.0,76.3,6.1,13.6,28.0,0.01,0.0,36.0,3.0
2026_CFB_W04_VAN_AUB,2026-09-20T23:03:10.381018+00:00,2026-09-26T20:15:00+00:00,141.2,False,False,open_meteo,85.4,85.3,5.2,4.9,340.0,0.01,0.0,32.0,2.0
2026_CFB_W04_MISS_FLA,2026-09-20T23:03:11.738116+00:00,2026-09-26T19:30:00+00:00,140.4,False,False,open_meteo,88.2,89.9,2.9,4.3,32.0,0.2,0.0,28.0,3.0
2026_CFB_W04_TAM_LSU,2026-09-20T23:03:13.057800+00:00,2026-09-26T23:30:00+00:00,144.4,False,False,open_meteo,89.9,91.4,6.0,10.5,121.0,0.02,0.0,39.0,1.0
2026_CFB_W04_MIZ_MSST,2026-09-20T23:03:14.418483+00:00,2026-09-26T23:45:00+00:00,144.7,False,False,open_meteo,79.1,75.6,6.3,14.1,42.0,0.01,0.0,32.0,2.0
2026_CFB_W04_SHSU_TTU,2026-09-20T23:03:15.758985+00:00,2026-09-26T16:00:00+00:00,136.9,False,False,open_meteo,79.2,77.3,12.8,19.7,215.0,0.16,0.0,53.0,3.0
2026_CFB_W04_OU_UGA,2026-09-20T23:03:17.123183+00:00,2026-09-26T19:30:00+00:00,140.4,False,False,open_meteo,83.3,86.0,3.0,5.4,297.0,0.02,0.0,35.0,0.0
2026_CFB_W04_HOU_GASO,2026-09-20T23:03:18.467452+00:00,2026-09-26T20:00:00+00:00,140.9,False,False,open_meteo,84.3,83.0,7.5,9.8,333.0,0.01,0.0,34.0,3.0
2026_CFB_W04_KSU_CIN,2026-09-20T23:03:19.804503+00:00,2026-09-26T23:00:00+00:00,143.9,False,False,open_meteo,64.5,61.8,5.9,13.6,29.0,0.0,0.0,58.0,3.0
2026_CFB_W04_UTAH_ISU,2026-09-20T23:03:21.165184+00:00,2026-09-26T19:30:00+00:00,140.4,False,False,open_meteo,68.7,64.7,16.3,20.8,162.0,0.19,0.0,65.0,3.0
2026_CFB_W04_OKST_WVU,2026-09-20T23:03:22.509812+00:00,2026-09-26T23:00:00+00:00,143.9,False,False,open_meteo,58.7,56.4,4.1,6.3,13.0,0.01,0.0,67.0,0.0
2026_CFB_W04_FCS2110_FSU,2026-09-20T23:03:23.864723+00:00,2026-09-26T19:00:00+00:00,139.9,False,False,open_meteo,87.4,89.5,4.2,4.7,54.0,0.04,0.0,31.0,3.0
2026_CFB_W04_DEL_UVA,2026-09-20T23:03:25.210606+00:00,2026-09-26T22:00:00+00:00,142.9,False,False,open_meteo,66.5,62.4,8.7,18.6,359.0,0.02,0.0,52.0,1.0
2026_CFB_W04_MOST_SMU,2026-09-20T23:03:26.569354+00:00,2026-09-27T01:00:00+00:00,145.9,False,False,open_meteo,93.6,92.6,2.6,4.5,52.0,0.05,0.0,23.0,1.0
2026_CFB_W04_VT_BC,2026-09-20T23:03:27.907717+00:00,2026-09-26T16:00:00+00:00,136.9,False,False,open_meteo,54.7,49.1,13.5,34.9,43.0,0.4,0.008,85.0,51.0
2026_CFB_W04_TCU_UCF,2026-09-20T23:03:29.241666+00:00,2026-09-26T19:30:00+00:00,140.4,False,False,open_meteo,86.2,88.4,8.5,6.9,30.0,0.32,0.0,40.0,3.0
2026_CFB_W04_COLO_BAY,2026-09-20T23:03:30.602745+00:00,2026-09-26T16:00:00+00:00,136.9,False,False,open_meteo,86.3,84.9,5.3,5.1,158.0,0.02,0.0,30.0,0.0
2026_CFB_W04_UCLA_MD,2026-09-20T23:03:31.938032+00:00,2026-09-26T17:30:00+00:00,138.4,False,False,open_meteo,60.9,54.8,11.2,25.7,347.0,0.07,0.004,55.0,51.0
2026_CFB_W04_IOWA_MICH,2026-09-20T23:03:33.290655+00:00,2026-09-26T19:30:00+00:00,140.4,False,False,open_meteo,71.0,67.2,5.9,7.8,43.0,0.0,0.0,39.0,3.0
2026_CFB_W04_NEB_MSU,2026-09-20T23:03:34.633654+00:00,2026-09-26T21:00:00+00:00,141.9,False,False,open_meteo,70.4,66.4,6.2,8.3,30.0,0.0,0.0,40.0,3.0
2026_CFB_W04_ND_PUR,2026-09-20T23:03:35.999952+00:00,2026-09-26T18:00:00+00:00,138.9,False,False,open_meteo,58.5,57.4,2.0,2.2,354.0,0.0,0.0,70.0,3.0
2026_CFB_W04_ORE_USC,2026-09-20T23:03:37.350422+00:00,2026-09-26T23:30:00+00:00,144.4,False,False,open_meteo,87.2,81.9,8.8,7.4,238.0,0.0,0.0,22.0,3.0
2026_CFB_W04_MINN_WASH,2026-09-20T23:03:38.719573+00:00,2026-09-27T03:00:00+00:00,147.9,False,False,open_meteo,54.0,50.7,4.9,10.1,5.0,0.04,0.0,72.0,3.0
2026_CFB_W04_SDSU_TOL,2026-09-20T23:03:40.064440+00:00,2026-09-26T16:00:00+00:00,136.9,False,False,open_meteo,67.0,63.6,5.9,10.5,40.0,0.0,0.0,41.0,3.0
2026_CFB_W04_BOIS_WMU,2026-09-20T23:03:41.403726+00:00,2026-09-26T19:30:00+00:00,140.4,False,False,open_meteo,66.8,63.2,5.1,7.4,67.0,0.0,0.0,44.0,3.0
2026_CFB_W04_CONN_MOH,2026-09-20T23:03:42.778410+00:00,2026-09-26T19:30:00+00:00,140.4,False,False,open_meteo,67.4,65.0,8.4,9.6,40.0,0.0,0.0,52.0,3.0
2026_CFB_W04_UL_CLT,2026-09-20T23:03:44.127643+00:00,2026-09-26T22:30:00+00:00,143.4,False,False,open_meteo,76.8,68.1,11.4,19.5,10.0,0.02,0.0,19.0,0.0
2026_CFB_W04_FAU_ULM,2026-09-20T23:03:45.495578+00:00,2026-09-27T00:00:00+00:00,144.9,False,False,open_meteo,83.8,83.9,5.0,3.6,18.0,0.01,0.0,40.0,3.0
2026_CFB_W04_USM_TULN,2026-09-20T23:03:46.835774+00:00,2026-09-26T23:00:00+00:00,143.9,False,False,open_meteo,87.5,87.3,8.6,12.1,123.0,0.03,0.0,40.0,1.0
2026_CFB_W04_USF_BGSU,2026-09-20T23:03:48.207541+00:00,2026-09-26T21:00:00+00:00,141.9,False,False,open_meteo,66.3,62.8,7.1,8.9,58.0,0.0,0.0,52.0,3.0
2026_CFB_W04_CSU_UTSA,2026-09-20T23:03:48.207921+00:00,2026-09-26T16:00:00+00:00,136.9,True,False,open_meteo,,,,,,,,,
2026_CFB_W04_WAKE_LOU,2026-09-20T23:03:49.545523+00:00,2026-09-26T16:00:00+00:00,136.9,False,False,open_meteo,66.9,61.5,6.5,10.5,68.0,0.0,0.0,30.0,3.0
2026_CFB_W04_ILL_OSU,2026-09-20T23:03:50.897297+00:00,2026-09-26T16:00:00+00:00,136.9,False,False,open_meteo,65.7,63.8,6.4,10.5,10.0,0.01,0.0,54.0,2.0
2026_CFB_W04_AF_NEV,2026-09-20T23:03:52.266271+00:00,2026-09-27T02:30:00+00:00,147.4,False,False,open_meteo,72.2,64.5,8.9,10.5,248.0,0.0,0.0,22.0,2.0
2026_CFB_W04_NIU_GAST,2026-09-20T23:03:53.609605+00:00,2026-09-26T18:00:00+00:00,138.9,False,False,open_meteo,82.9,84.0,3.7,5.4,327.0,0.0,0.0,29.0,2.0
2026_CFB_W04_APP_NCSU,2026-09-20T23:03:54.967008+00:00,2026-09-26T23:30:00+00:00,144.4,False,False,open_meteo,67.4,63.9,7.5,16.1,23.0,0.04,0.0,51.0,1.0
2026_CFB_W04_BALL_KENT,2026-09-20T23:03:56.308890+00:00,2026-09-26T16:00:00+00:00,136.9,False,False,open_meteo,66.5,61.3,11.6,15.9,15.0,0.0,0.0,46.0,1.0
2026_CFB_W04_UNLV_AKR,2026-09-20T23:03:57.671103+00:00,2026-09-26T16:00:00+00:00,136.9,False,False,open_meteo,66.5,62.0,9.7,15.7,9.0,0.0,0.0,44.0,0.0
2026_CFB_W04_MASS_SAC,2026-09-20T23:03:59.001275+00:00,2026-09-27T01:00:00+00:00,145.9,False,False,open_meteo,80.3,73.5,10.0,16.6,224.0,0.0,0.0,23.0,3.0
2026_CFB_W04_JMU_ODU,2026-09-20T23:04:00.347495+00:00,2026-09-26T22:00:00+00:00,142.9,False,False,open_meteo,62.4,56.4,14.8,24.8,328.0,0.07,0.0,66.0,3.0
2026_CFB_W04_FCS2083_PITT,2026-09-20T23:04:00.348072+00:00,2026-09-26T16:00:00+00:00,136.9,False,False,open_meteo,65.1,60.7,8.8,15.7,7.0,0.0,0.0,43.0,1.0
2026_CFB_W04_TEX_TENN,2026-09-20T23:04:01.723626+00:00,2026-09-26T16:00:00+00:00,136.9,False,False,open_meteo,68.2,64.2,8.6,9.4,53.0,0.0,0.0,39.0,2.0
2026_CFB_W04_USA_UK,2026-09-20T23:04:03.062562+00:00,2026-09-26T16:45:00+00:00,137.7,False,False,open_meteo,66.9,60.1,10.2,13.0,64.0,0.0,0.0,27.0,1.0
2026_CFB_W04_FCS2815_EMU,2026-09-20T23:04:04.427356+00:00,2026-09-26T17:00:00+00:00,137.9,False,False,open_meteo,69.5,65.5,7.4,9.4,49.0,0.0,0.0,40.0,3.0
2026_CFB_W04_HAW_WYO,2026-09-20T23:04:05.766730+00:00,2026-09-26T19:00:00+00:00,139.9,False,False,open_meteo,74.1,67.8,9.3,10.7,262.0,0.08,0.0,16.0,1.0
2026_CFB_W04_UNM_NMSU,2026-09-20T23:04:07.137501+00:00,2026-09-26T19:30:00+00:00,140.4,False,False,open_meteo,81.4,83.6,5.2,3.6,187.0,0.08,0.0,43.0,3.0
2026_CFB_W04_FCS2523_BUF,2026-09-20T23:04:08.487564+00:00,2026-09-26T19:30:00+00:00,140.4,False,False,open_meteo,68.7,62.9,12.5,19.7,47.0,0.03,0.0,41.0,0.0
2026_CFB_W04_FCS284_OHIO,2026-09-20T23:04:09.854946+00:00,2026-09-26T19:30:00+00:00,140.4,False,False,open_meteo,70.3,67.3,7.7,11.6,8.0,0.0,0.0,42.0,1.0
2026_CFB_W04_FCS2729_DUKE,2026-09-20T23:04:11.197619+00:00,2026-09-26T19:30:00+00:00,140.4,False,False,open_meteo,75.3,71.0,10.5,16.6,2.0,0.04,0.0,33.0,1.0
2026_CFB_W04_FCS2241_MRSH,2026-09-20T23:04:12.542723+00:00,2026-09-26T19:30:00+00:00,140.4,False,False,open_meteo,70.8,67.4,8.0,11.9,13.0,0.0,0.0,35.0,1.0
2026_CFB_W04_FCS2428_ECU,2026-09-20T23:04:13.911034+00:00,2026-09-26T20:00:00+00:00,140.9,False,False,open_meteo,68.8,62.4,14.6,20.4,349.0,0.04,0.0,49.0,2.0
2026_CFB_W04_FCS2916_TXST,2026-09-20T23:04:15.259387+00:00,2026-09-26T22:00:00+00:00,142.9,False,False,open_meteo,97.5,93.9,8.5,9.2,117.0,0.02,0.0,20.0,1.0
2026_CFB_W04_FCS2341_FIU,2026-09-20T23:04:16.623325+00:00,2026-09-26T22:00:00+00:00,142.9,False,False,open_meteo,83.1,87.7,8.8,9.4,63.0,0.75,0.059,66.0,80.0
2026_CFB_W04_CMU_MIA,2026-09-20T23:04:16.623886+00:00,2026-09-26T22:30:00+00:00,143.4,False,False,open_meteo,82.0,85.7,10.6,11.6,65.0,0.73,0.0,68.0,3.0
2026_CFB_W04_KENN_ARST,2026-09-20T23:04:17.966691+00:00,2026-09-26T23:00:00+00:00,143.9,False,False,open_meteo,78.9,71.7,6.7,8.3,53.0,0.02,0.0,16.0,3.0
2026_CFB_W04_FCS2385_WKU,2026-09-20T23:04:19.341239+00:00,2026-09-26T23:00:00+00:00,143.9,False,False,open_meteo,71.8,63.7,10.6,19.9,48.0,0.01,0.0,24.0,3.0
2026_CFB_W04_MTSU_JXST,2026-09-20T23:04:20.693668+00:00,2026-09-26T23:00:00+00:00,143.9,False,False,open_meteo,71.6,69.9,4.9,7.4,24.0,0.01,0.0,48.0,3.0
2026_CFB_W04_TROY_USU,2026-09-20T23:04:22.034213+00:00,2026-09-26T23:30:00+00:00,144.4,False,False,open_meteo,80.3,72.8,8.4,18.3,236.0,0.01,0.0,17.0,0.0
2026_CFB_W04_FCS2277_UNT,2026-09-20T23:04:23.404602+00:00,2026-09-26T23:30:00+00:00,144.4,False,False,open_meteo,92.2,88.5,7.3,9.6,140.0,0.05,0.0,22.0,1.0
2026_CFB_W04_ARIZ_WSU,2026-09-20T23:04:24.760170+00:00,2026-09-26T23:30:00+00:00,144.4,False,False,open_meteo,60.8,53.3,7.4,8.1,115.0,0.01,0.0,28.0,3.0
2026_CFB_W04_TLSA_ARK,2026-09-20T23:04:26.134704+00:00,2026-09-27T00:00:00+00:00,144.9,False,False,open_meteo,73.4,72.7,5.6,5.1,119.0,0.06,0.0,53.0,3.0
2026_CFB_W04_ORST_UTEP,2026-09-20T23:04:27.491572+00:00,2026-09-27T01:00:00+00:00,145.9,False,False,open_meteo,83.7,83.6,3.2,4.3,82.0,0.1,0.0,36.0,3.0
2026_CFB_W04_RICE_FRES,2026-09-20T23:04:28.872063+00:00,2026-09-27T02:00:00+00:00,146.9,False,False,open_meteo,90.1,86.3,2.2,7.2,135.0,0.0,0.0,16.0,3.0
2026_CFB_W04_GT_STAN,2026-09-20T23:04:30.222573+00:00,2026-09-27T02:30:00+00:00,147.4,False,False,open_meteo,66.3,63.6,6.7,6.3,274.0,0.0,0.0,56.0,3.0
2026_CFB_W04_LIB_CCU,2026-09-21T11:04:54.868912+00:00,2026-09-24T23:30:00+00:00,84.4,False,False,open_meteo,67.5,64.5,13.5,27.7,24.0,0.26,0.0,72.0,3.0
2026_CFB_W04_ARMY_TEM,2026-09-21T11:04:54.869410+00:00,2026-09-25T20:00:00+00:00,104.9,False,False,open_meteo,66.3,59.2,10.8,27.5,18.0,0.38,0.0,37.0,3.0
2026_CFB_W04_NAVY_UAB,2026-09-21T11:04:55.606131+00:00,2026-09-25T23:00:00+00:00,107.9,False,False,open_meteo,78.2,77.9,7.6,10.5,28.0,0.02,0.0,51.0,3.0
2026_CFB_W04_FCS47_RUTG,2026-09-21T11:04:56.310604+00:00,2026-09-25T23:00:00+00:00,107.9,False,False,open_meteo,52.9,46.6,15.0,38.0,355.0,0.44,0.079,90.0,61.0
2026_CFB_W04_NU_IU,2026-09-21T11:04:57.035523+00:00,2026-09-26T00:00:00+00:00,108.9,False,False,open_meteo,58.2,54.6,6.1,15.7,62.0,0.01,0.0,64.0,3.0
2026_CFB_W04_CLEM_CAL,2026-09-21T11:04:57.750754+00:00,2026-09-26T02:30:00+00:00,111.4,False,False,open_meteo,64.9,63.2,5.0,6.0,212.0,0.0,0.0,61.0,0.0
2026_CFB_W04_WIS_PSU,2026-09-21T11:04:58.470538+00:00,2026-09-26T21:00:00+00:00,129.9,False,False,open_meteo,65.0,59.1,13.7,22.8,2.0,0.05,0.0,57.0,3.0
2026_CFB_W04_SC_ALA,2026-09-21T11:04:59.190968+00:00,2026-09-26T23:00:00+00:00,131.9,False,False,open_meteo,82.3,83.8,4.5,8.3,37.0,0.0,0.0,47.0,2.0
2026_CFB_W04_VAN_AUB,2026-09-21T11:04:59.908564+00:00,2026-09-26T20:15:00+00:00,129.2,False,False,open_meteo,84.6,83.9,7.0,8.1,323.0,0.01,0.0,39.0,3.0
2026_CFB_W04_MISS_FLA,2026-09-21T11:05:00.622686+00:00,2026-09-26T19:30:00+00:00,128.4,False,False,open_meteo,87.9,89.5,4.5,4.5,27.0,0.05,0.0,28.0,2.0
2026_CFB_W04_TAM_LSU,2026-09-21T11:05:01.326786+00:00,2026-09-26T23:30:00+00:00,132.4,False,False,open_meteo,90.2,91.8,6.7,12.5,132.0,0.01,0.0,40.0,1.0
2026_CFB_W04_MIZ_MSST,2026-09-21T11:05:02.067663+00:00,2026-09-26T23:45:00+00:00,132.7,False,False,open_meteo,82.5,83.2,4.7,3.4,315.0,0.01,0.0,44.0,2.0
2026_CFB_W04_SHSU_TTU,2026-09-21T11:05:02.782359+00:00,2026-09-26T16:00:00+00:00,124.9,False,False,open_meteo,79.3,77.3,13.3,21.5,216.0,0.13,0.0,53.0,3.0
2026_CFB_W04_OU_UGA,2026-09-21T11:05:03.512804+00:00,2026-09-26T19:30:00+00:00,128.4,False,False,open_meteo,84.1,83.2,4.7,6.5,315.0,0.01,0.0,31.0,2.0
2026_CFB_W04_HOU_GASO,2026-09-21T11:05:04.231850+00:00,2026-09-26T20:00:00+00:00,128.9,False,False,open_meteo,86.7,86.0,7.0,9.2,261.0,0.02,0.0,32.0,2.0
2026_CFB_W04_KSU_CIN,2026-09-21T11:05:04.964173+00:00,2026-09-26T23:00:00+00:00,131.9,False,False,open_meteo,63.7,62.0,4.3,6.7,6.0,0.0,0.0,61.0,3.0
2026_CFB_W04_UTAH_ISU,2026-09-21T11:05:05.667817+00:00,2026-09-26T19:30:00+00:00,128.4,False,False,open_meteo,68.0,66.9,12.9,17.2,162.0,0.21,0.0,82.0,3.0
2026_CFB_W04_OKST_WVU,2026-09-21T11:05:06.387874+00:00,2026-09-26T23:00:00+00:00,131.9,False,False,open_meteo,58.3,56.2,4.2,8.3,324.0,0.02,0.0,70.0,0.0
2026_CFB_W04_FCS2110_FSU,2026-09-21T11:05:07.094305+00:00,2026-09-26T19:00:00+00:00,127.9,False,False,open_meteo,88.2,90.6,4.3,5.6,3.0,0.05,0.0,34.0,2.0
2026_CFB_W04_DEL_UVA,2026-09-21T11:05:07.820834+00:00,2026-09-26T22:00:00+00:00,130.9,False,False,open_meteo,70.4,65.6,8.5,18.1,337.0,0.02,0.0,41.0,0.0
2026_CFB_W04_MOST_SMU,2026-09-21T11:05:08.521348+00:00,2026-09-27T01:00:00+00:00,133.9,False,False,open_meteo,95.2,93.9,6.7,13.0,176.0,0.05,0.0,26.0,3.0
2026_CFB_W04_VT_BC,2026-09-21T11:05:09.226768+00:00,2026-09-26T16:00:00+00:00,124.9,False,False,open_meteo,54.3,48.5,16.3,34.9,32.0,0.58,0.012,96.0,51.0
2026_CFB_W04_TCU_UCF,2026-09-21T11:05:09.955183+00:00,2026-09-26T19:30:00+00:00,128.4,False,False,open_meteo,85.6,87.3,8.8,6.0,32.0,0.21,0.0,40.0,3.0
2026_CFB_W04_COLO_BAY,2026-09-21T11:05:10.664077+00:00,2026-09-26T16:00:00+00:00,124.9,False,False,open_meteo,89.9,91.5,9.6,10.3,191.0,0.0,0.0,44.0,1.0
2026_CFB_W04_UCLA_MD,2026-09-21T11:05:11.384002+00:00,2026-09-26T17:30:00+00:00,126.4,False,False,open_meteo,63.9,58.4,10.7,24.4,327.0,0.08,0.0,53.0,3.0
2026_CFB_W04_IOWA_MICH,2026-09-21T11:05:12.085252+00:00,2026-09-26T19:30:00+00:00,128.4,False,False,open_meteo,70.3,66.0,5.7,6.9,9.0,0.0,0.0,34.0,3.0
2026_CFB_W04_NEB_MSU,2026-09-21T11:05:12.808157+00:00,2026-09-26T21:00:00+00:00,129.9,False,False,open_meteo,69.3,66.2,2.5,3.1,355.0,0.0,0.0,37.0,3.0
2026_CFB_W04_ND_PUR,2026-09-21T11:05:13.512706+00:00,2026-09-26T18:00:00+00:00,126.9,False,False,open_meteo,57.6,55.3,3.6,5.4,101.0,0.0,0.0,67.0,3.0
2026_CFB_W04_ORE_USC,2026-09-21T11:05:14.245588+00:00,2026-09-26T23:30:00+00:00,132.4,False,False,open_meteo,87.4,84.3,8.1,7.6,246.0,0.0,0.0,29.0,2.0
2026_CFB_W04_MINN_WASH,2026-09-21T11:05:14.989783+00:00,2026-09-27T03:00:00+00:00,135.9,False,False,open_meteo,55.2,52.1,3.6,2.5,11.0,0.03,0.0,65.0,3.0
2026_CFB_W04_SDSU_TOL,2026-09-21T11:05:15.715035+00:00,2026-09-26T16:00:00+00:00,124.9,False,False,open_meteo,65.3,61.4,4.7,7.8,17.0,0.0,0.0,43.0,3.0
2026_CFB_W04_BOIS_WMU,2026-09-21T11:05:16.427919+00:00,2026-09-26T19:30:00+00:00,128.4,False,False,open_meteo,70.0,67.6,2.8,3.8,104.0,0.01,0.0,34.0,3.0
2026_CFB_W04_CONN_MOH,2026-09-21T11:05:17.158157+00:00,2026-09-26T19:30:00+00:00,128.4,False,False,open_meteo,67.4,65.6,5.4,6.3,30.0,0.0,0.0,50.0,3.0
2026_CFB_W04_UL_CLT,2026-09-21T11:05:17.866725+00:00,2026-09-26T22:30:00+00:00,131.4,False,False,open_meteo,77.9,72.0,6.5,13.0,358.0,0.02,0.0,22.0,1.0
2026_CFB_W04_FAU_ULM,2026-09-21T11:05:18.567979+00:00,2026-09-27T00:00:00+00:00,132.9,False,False,open_meteo,88.8,90.5,7.4,9.4,145.0,0.02,0.0,43.0,3.0
2026_CFB_W04_USM_TULN,2026-09-21T11:05:19.298880+00:00,2026-09-26T23:00:00+00:00,131.9,False,False,open_meteo,88.5,89.4,7.5,11.2,120.0,0.04,0.0,41.0,0.0
2026_CFB_W04_USF_BGSU,2026-09-21T11:05:20.005969+00:00,2026-09-26T21:00:00+00:00,129.9,False,False,open_meteo,68.2,64.3,5.5,7.2,58.0,0.0,0.0,41.0,3.0
2026_CFB_W04_CSU_UTSA,2026-09-21T11:05:20.006284+00:00,2026-09-26T16:00:00+00:00,124.9,True,False,open_meteo,,,,,,,,,
2026_CFB_W04_WAKE_LOU,2026-09-21T11:05:20.725689+00:00,2026-09-26T16:00:00+00:00,124.9,False,False,open_meteo,60.3,57.8,3.6,4.9,7.0,0.01,0.0,60.0,3.0
2026_CFB_W04_ILL_OSU,2026-09-21T11:05:21.428422+00:00,2026-09-26T16:00:00+00:00,124.9,False,False,open_meteo,64.6,62.2,6.3,9.8,358.0,0.0,0.0,57.0,3.0
2026_CFB_W04_AF_NEV,2026-09-21T11:05:22.164750+00:00,2026-09-27T02:30:00+00:00,135.4,False,False,open_meteo,73.2,65.5,9.1,9.2,260.0,0.0,0.0,22.0,2.0
2026_CFB_W04_NIU_GAST,2026-09-21T11:05:22.869203+00:00,2026-09-26T18:00:00+00:00,126.9,False,False,open_meteo,82.0,79.4,9.7,11.0,308.0,0.0,0.0,29.0,3.0
2026_CFB_W04_APP_NCSU,2026-09-21T11:05:23.597147+00:00,2026-09-26T23:30:00+00:00,132.4,False,False,open_meteo,70.6,65.5,5.3,6.3,338.0,0.01,0.0,30.0,0.0
2026_CFB_W04_BALL_KENT,2026-09-21T11:05:24.301473+00:00,2026-09-26T16:00:00+00:00,124.9,False,False,open_meteo,67.1,62.5,10.3,13.2,4.0,0.0,0.0,45.0,0.0
2026_CFB_W04_UNLV_AKR,2026-09-21T11:05:25.024492+00:00,2026-09-26T16:00:00+00:00,124.9,False,False,open_meteo,67.2,63.4,8.1,12.3,358.0,0.0,0.0,43.0,0.0
2026_CFB_W04_MASS_SAC,2026-09-21T11:05:25.743388+00:00,2026-09-27T01:00:00+00:00,133.9,False,False,open_meteo,86.3,80.4,6.5,11.4,232.0,0.0,0.0,17.0,3.0
2026_CFB_W04_JMU_ODU,2026-09-21T11:05:26.450199+00:00,2026-09-26T22:00:00+00:00,130.9,False,False,open_meteo,66.4,61.2,11.7,22.8,342.0,0.09,0.0,53.0,3.0
2026_CFB_W04_FCS2083_PITT,2026-09-21T11:05:26.450633+00:00,2026-09-26T16:00:00+00:00,124.9,False,False,open_meteo,66.0,62.8,7.9,13.4,338.0,0.01,0.0,47.0,0.0
2026_CFB_W04_TEX_TENN,2026-09-21T11:05:27.171863+00:00,2026-09-26T16:00:00+00:00,124.9,False,False,open_meteo,68.6,65.2,7.1,7.6,55.0,0.01,0.0,38.0,1.0
2026_CFB_W04_USA_UK,2026-09-21T11:05:27.882730+00:00,2026-09-26T16:45:00+00:00,125.7,False,False,open_meteo,66.7,62.0,7.8,8.9,46.0,0.01,0.0,40.0,2.0
2026_CFB_W04_FCS2815_EMU,2026-09-21T11:05:28.608076+00:00,2026-09-26T17:00:00+00:00,125.9,False,False,open_meteo,68.0,64.1,5.9,6.9,18.0,0.0,0.0,39.0,3.0
2026_CFB_W04_HAW_WYO,2026-09-21T11:05:29.319891+00:00,2026-09-26T19:00:00+00:00,127.9,False,False,open_meteo,74.3,68.0,10.6,12.5,276.0,0.11,0.0,17.0,1.0
2026_CFB_W04_UNM_NMSU,2026-09-21T11:05:30.048276+00:00,2026-09-26T19:30:00+00:00,128.4,False,False,open_meteo,83.0,87.4,0.5,1.8,297.0,0.07,0.0,42.0,3.0
2026_CFB_W04_FCS2523_BUF,2026-09-21T11:05:30.755990+00:00,2026-09-26T19:30:00+00:00,128.4,False,False,open_meteo,68.7,64.2,8.6,13.2,17.0,0.02,0.0,39.0,3.0
2026_CFB_W04_FCS284_OHIO,2026-09-21T11:05:31.483971+00:00,2026-09-26T19:30:00+00:00,128.4,False,False,open_meteo,71.0,69.3,6.1,9.6,350.0,0.01,0.0,42.0,3.0
2026_CFB_W04_FCS2729_DUKE,2026-09-21T11:05:32.187988+00:00,2026-09-26T19:30:00+00:00,128.4,False,False,open_meteo,78.8,74.5,8.0,12.3,333.0,0.01,0.0,21.0,1.0
2026_CFB_W04_FCS2241_MRSH,2026-09-21T11:05:32.912065+00:00,2026-09-26T19:30:00+00:00,128.4,False,False,open_meteo,71.7,68.2,6.3,8.9,360.0,0.01,0.0,34.0,3.0
2026_CFB_W04_FCS2428_ECU,2026-09-21T11:05:33.620127+00:00,2026-09-26T20:00:00+00:00,128.9,False,False,open_meteo,76.7,72.2,9.7,16.8,320.0,0.02,0.0,32.0,0.0
2026_CFB_W04_FCS2916_TXST,2026-09-21T11:05:34.353251+00:00,2026-09-26T22:00:00+00:00,130.9,False,False,open_meteo,98.7,96.4,8.7,8.3,134.0,0.03,0.0,23.0,0.0
2026_CFB_W04_FCS2341_FIU,2026-09-21T11:05:35.074730+00:00,2026-09-26T22:00:00+00:00,130.9,False,False,open_meteo,83.5,87.5,8.8,9.2,66.0,0.72,0.008,63.0,51.0
2026_CFB_W04_CMU_MIA,2026-09-21T11:05:35.075165+00:00,2026-09-26T22:30:00+00:00,131.4,False,False,open_meteo,83.2,86.1,10.8,11.2,56.0,0.7,0.004,62.0,51.0
2026_CFB_W04_KENN_ARST,2026-09-21T11:05:35.786095+00:00,2026-09-26T23:00:00+00:00,131.9,False,False,open_meteo,85.2,84.4,5.6,3.4,23.0,0.01,0.0,36.0,3.0
2026_CFB_W04_FCS2385_WKU,2026-09-21T11:05:36.518088+00:00,2026-09-26T23:00:00+00:00,131.9,False,False,open_meteo,64.9,60.2,7.0,11.4,45.0,0.01,0.0,45.0,3.0
2026_CFB_W04_MTSU_JXST,2026-09-21T11:05:37.225846+00:00,2026-09-26T23:00:00+00:00,131.9,False,False,open_meteo,72.1,71.9,5.0,5.4,342.0,0.01,0.0,57.0,3.0
2026_CFB_W04_TROY_USU,2026-09-21T11:05:37.972608+00:00,2026-09-26T23:30:00+00:00,132.4,False,False,open_meteo,80.5,73.8,7.1,19.2,242.0,0.03,0.0,18.0,0.0
2026_CFB_W04_FCS2277_UNT,2026-09-21T11:05:38.684921+00:00,2026-09-26T23:30:00+00:00,132.4,False,False,open_meteo,95.8,93.6,11.6,15.2,150.0,0.03,0.0,29.0,3.0
2026_CFB_W04_ARIZ_WSU,2026-09-21T11:05:39.426130+00:00,2026-09-26T23:30:00+00:00,132.4,False,False,open_meteo,61.7,54.3,6.7,7.2,104.0,0.01,0.0,27.0,3.0
2026_CFB_W04_TLSA_ARK,2026-09-21T11:05:40.136472+00:00,2026-09-27T00:00:00+00:00,132.9,False,False,open_meteo,70.5,71.4,8.7,17.4,89.0,0.09,0.008,77.0,51.0
2026_CFB_W04_ORST_UTEP,2026-09-21T11:05:40.864169+00:00,2026-09-27T01:00:00+00:00,133.9,False,False,open_meteo,84.5,84.4,4.1,5.1,45.0,0.09,0.0,37.0,3.0
2026_CFB_W04_RICE_FRES,2026-09-21T11:05:41.574156+00:00,2026-09-27T02:00:00+00:00,134.9,False,False,open_meteo,90.8,87.0,1.0,3.8,63.0,0.0,0.0,14.0,3.0
2026_CFB_W04_GT_STAN,2026-09-21T11:05:42.297261+00:00,2026-09-27T02:30:00+00:00,135.4,False,False,open_meteo,70.5,67.6,6.5,5.4,286.0,0.0,0.0,47.0,3.0
2026_CFB_W04_LIB_CCU,2026-09-21T17:03:12.721866+00:00,2026-09-24T23:30:00+00:00,78.4,False,False,open_meteo,64.6,62.5,12.7,31.8,14.0,0.21,0.0,84.0,2.0
2026_CFB_W04_ARMY_TEM,2026-09-21T17:03:12.722397+00:00,2026-09-25T20:00:00+00:00,98.9,False,False,open_meteo,73.4,65.7,10.3,14.8,20.0,0.2,0.0,23.0,0.0
2026_CFB_W04_NAVY_UAB,2026-09-21T17:03:13.620700+00:00,2026-09-25T23:00:00+00:00,101.9,False,False,open_meteo,79.0,78.5,5.9,9.6,40.0,0.01,0.0,46.0,0.0
2026_CFB_W04_FCS47_RUTG,2026-09-21T17:03:14.544854+00:00,2026-09-25T23:00:00+00:00,101.9,False,False,open_meteo,66.6,60.6,7.1,17.9,20.0,0.36,0.0,33.0,0.0
2026_CFB_W04_NU_IU,2026-09-21T17:03:15.451258+00:00,2026-09-26T00:00:00+00:00,102.9,False,False,open_meteo,65.6,61.6,8.1,18.8,58.0,0.0,0.0,53.0,3.0
2026_CFB_W04_CLEM_CAL,2026-09-21T17:03:16.397440+00:00,2026-09-26T02:30:00+00:00,105.4,False,False,open_meteo,62.0,60.2,6.0,6.0,202.0,0.0,0.0,71.0,0.0
2026_CFB_W04_WIS_PSU,2026-09-21T17:03:17.327088+00:00,2026-09-26T21:00:00+00:00,123.9,False,False,open_meteo,68.2,66.6,4.5,8.3,27.0,0.01,0.0,54.0,0.0
2026_CFB_W04_SC_ALA,2026-09-21T17:03:18.260910+00:00,2026-09-26T23:00:00+00:00,125.9,False,False,open_meteo,81.3,82.4,3.0,3.1,103.0,0.01,0.0,44.0,3.0
2026_CFB_W04_VAN_AUB,2026-09-21T17:03:19.166209+00:00,2026-09-26T20:15:00+00:00,123.2,False,False,open_meteo,81.4,81.5,1.8,4.0,97.0,0.01,0.0,37.0,3.0
2026_CFB_W04_MISS_FLA,2026-09-21T17:03:20.097014+00:00,2026-09-26T19:30:00+00:00,122.4,False,False,open_meteo,86.1,83.1,8.5,8.7,35.0,0.03,0.0,20.0,1.0
2026_CFB_W04_TAM_LSU,2026-09-21T17:03:20.991986+00:00,2026-09-26T23:30:00+00:00,126.4,False,False,open_meteo,86.4,85.5,8.1,14.1,122.0,0.02,0.0,38.0,3.0
2026_CFB_W04_MIZ_MSST,2026-09-21T17:03:21.914345+00:00,2026-09-26T23:45:00+00:00,126.7,False,False,open_meteo,81.6,81.1,6.0,5.8,178.0,0.02,0.0,42.0,3.0
2026_CFB_W04_SHSU_TTU,2026-09-21T17:03:22.814293+00:00,2026-09-26T16:00:00+00:00,118.9,False,False,open_meteo,76.6,75.0,12.0,22.8,213.0,0.09,0.0,57.0,3.0
2026_CFB_W04_OU_UGA,2026-09-21T17:03:23.730085+00:00,2026-09-26T19:30:00+00:00,122.4,False,False,open_meteo,80.6,82.7,0.9,2.7,14.0,0.01,0.0,35.0,2.0
2026_CFB_W04_HOU_GASO,2026-09-21T17:03:24.670671+00:00,2026-09-26T20:00:00+00:00,122.9,False,False,open_meteo,80.2,75.0,8.6,11.6,39.0,0.02,0.0,21.0,2.0
2026_CFB_W04_KSU_CIN,2026-09-21T17:03:25.585889+00:00,2026-09-26T23:00:00+00:00,125.9,False,False,open_meteo,63.2,60.9,3.7,8.7,33.0,0.01,0.0,56.0,3.0
2026_CFB_W04_UTAH_ISU,2026-09-21T17:03:26.511217+00:00,2026-09-26T19:30:00+00:00,122.4,False,False,open_meteo,71.0,69.6,14.8,18.8,182.0,0.42,0.016,77.0,51.0
2026_CFB_W04_OKST_WVU,2026-09-21T17:03:27.411751+00:00,2026-09-26T23:00:00+00:00,125.9,False,False,open_meteo,58.2,56.0,3.3,3.6,20.0,0.0,0.0,66.0,3.0
2026_CFB_W04_FCS2110_FSU,2026-09-21T17:03:28.346720+00:00,2026-09-26T19:00:00+00:00,121.9,False,False,open_meteo,84.1,80.6,7.8,11.0,59.0,0.02,0.0,18.0,3.0
2026_CFB_W04_DEL_UVA,2026-09-21T17:03:29.242216+00:00,2026-09-26T22:00:00+00:00,124.9,False,False,open_meteo,69.0,65.7,2.9,3.8,81.0,0.01,0.0,37.0,0.0
2026_CFB_W04_MOST_SMU,2026-09-21T17:03:30.176506+00:00,2026-09-27T01:00:00+00:00,127.9,False,False,open_meteo,93.3,93.0,6.3,11.9,176.0,0.02,0.0,30.0,3.0
2026_CFB_W04_VT_BC,2026-09-21T17:03:31.072734+00:00,2026-09-26T16:00:00+00:00,118.9,False,False,open_meteo,70.1,66.0,7.2,13.6,26.0,0.58,0.0,38.0,3.0
2026_CFB_W04_TCU_UCF,2026-09-21T17:03:32.030405+00:00,2026-09-26T19:30:00+00:00,122.4,False,False,open_meteo,84.5,84.4,13.5,9.6,34.0,0.07,0.0,42.0,1.0
2026_CFB_W04_COLO_BAY,2026-09-21T17:03:32.949008+00:00,2026-09-26T16:00:00+00:00,118.9,False,False,open_meteo,89.2,90.5,11.1,12.3,188.0,0.0,0.0,46.0,2.0
2026_CFB_W04_UCLA_MD,2026-09-21T17:03:33.895838+00:00,2026-09-26T17:30:00+00:00,120.4,False,False,open_meteo,71.9,69.8,6.4,8.3,342.0,0.02,0.0,34.0,0.0
2026_CFB_W04_IOWA_MICH,2026-09-21T17:03:34.810244+00:00,2026-09-26T19:30:00+00:00,122.4,False,False,open_meteo,71.4,68.1,7.9,7.4,148.0,0.0,0.0,36.0,3.0
2026_CFB_W04_NEB_MSU,2026-09-21T17:03:35.747567+00:00,2026-09-26T21:00:00+00:00,123.9,False,False,open_meteo,72.0,66.9,6.6,7.4,162.0,0.0,0.0,32.0,2.0
2026_CFB_W04_ND_PUR,2026-09-21T17:03:36.663563+00:00,2026-09-26T18:00:00+00:00,120.9,False,False,open_meteo,58.2,55.7,5.3,9.8,102.0,0.01,0.0,71.0,3.0
2026_CFB_W04_ORE_USC,2026-09-21T17:03:37.605365+00:00,2026-09-26T23:30:00+00:00,126.4,False,False,open_meteo,88.0,83.9,9.1,6.3,239.0,0.0,0.0,26.0,3.0
2026_CFB_W04_MINN_WASH,2026-09-21T17:03:38.523641+00:00,2026-09-27T03:00:00+00:00,129.9,False,False,open_meteo,53.8,50.2,5.2,12.1,7.0,0.02,0.0,70.0,3.0
2026_CFB_W04_SDSU_TOL,2026-09-21T17:03:39.439793+00:00,2026-09-26T16:00:00+00:00,118.9,False,False,open_meteo,66.6,61.9,5.5,7.8,117.0,0.0,0.0,35.0,3.0
2026_CFB_W04_BOIS_WMU,2026-09-21T17:03:40.340819+00:00,2026-09-26T19:30:00+00:00,122.4,False,False,open_meteo,62.8,59.0,6.9,11.0,180.0,0.01,0.0,55.0,3.0
2026_CFB_W04_CONN_MOH,2026-09-21T17:03:41.240983+00:00,2026-09-26T19:30:00+00:00,122.4,False,False,open_meteo,62.9,61.2,3.8,5.8,36.0,0.01,0.0,62.0,3.0
2026_CFB_W04_UL_CLT,2026-09-21T17:03:42.170171+00:00,2026-09-26T22:30:00+00:00,125.4,False,False,open_meteo,74.3,70.0,4.4,4.9,60.0,0.01,0.0,29.0,0.0
2026_CFB_W04_FAU_ULM,2026-09-21T17:03:43.076009+00:00,2026-09-27T00:00:00+00:00,126.9,False,False,open_meteo,85.8,87.9,4.9,6.9,227.0,0.01,0.0,45.0,3.0
2026_CFB_W04_USM_TULN,2026-09-21T17:03:44.012320+00:00,2026-09-26T23:00:00+00:00,125.9,False,False,open_meteo,85.9,84.9,11.8,13.2,100.0,0.04,0.0,44.0,2.0
2026_CFB_W04_USF_BGSU,2026-09-21T17:03:44.925813+00:00,2026-09-26T21:00:00+00:00,123.9,False,False,open_meteo,69.7,65.1,5.9,6.5,133.0,0.0,0.0,36.0,1.0
2026_CFB_W04_CSU_UTSA,2026-09-21T17:03:44.926175+00:00,2026-09-26T16:00:00+00:00,118.9,True,False,open_meteo,,,,,,,,,
2026_CFB_W04_WAKE_LOU,2026-09-21T17:03:45.867291+00:00,2026-09-26T16:00:00+00:00,118.9,False,False,open_meteo,65.9,62.2,4.6,6.0,76.0,0.0,0.0,43.0,3.0
2026_CFB_W04_ILL_OSU,2026-09-21T17:03:46.769609+00:00,2026-09-26T16:00:00+00:00,118.9,False,False,open_meteo,65.3,63.3,4.3,5.6,96.0,0.01,0.0,49.0,3.0
2026_CFB_W04_AF_NEV,2026-09-21T17:03:47.700232+00:00,2026-09-27T02:30:00+00:00,129.4,False,False,open_meteo,72.2,64.1,10.6,11.9,245.0,0.01,0.0,24.0,3.0
2026_CFB_W04_NIU_GAST,2026-09-21T17:03:48.606120+00:00,2026-09-26T18:00:00+00:00,120.9,False,False,open_meteo,81.0,82.8,1.2,2.7,112.0,0.0,0.0,31.0,3.0
2026_CFB_W04_APP_NCSU,2026-09-21T17:03:49.532814+00:00,2026-09-26T23:30:00+00:00,126.4,False,False,open_meteo,68.2,63.9,5.2,8.1,25.0,0.01,0.0,38.0,0.0
2026_CFB_W04_BALL_KENT,2026-09-21T17:03:50.438282+00:00,2026-09-26T16:00:00+00:00,118.9,False,False,open_meteo,63.7,60.7,4.8,7.4,77.0,0.01,0.0,48.0,3.0
2026_CFB_W04_UNLV_AKR,2026-09-21T17:03:51.370890+00:00,2026-09-26T16:00:00+00:00,118.9,False,False,open_meteo,63.1,59.6,4.1,7.4,81.0,0.01,0.0,45.0,3.0
2026_CFB_W04_MASS_SAC,2026-09-21T17:03:52.287869+00:00,2026-09-27T01:00:00+00:00,127.9,False,False,open_meteo,80.0,73.0,11.0,17.4,232.0,0.0,0.0,24.0,3.0
2026_CFB_W04_JMU_ODU,2026-09-21T17:03:53.212302+00:00,2026-09-26T22:00:00+00:00,124.9,False,False,open_meteo,70.8,66.5,7.8,10.1,33.0,0.05,0.0,41.0,0.0
2026_CFB_W04_FCS2083_PITT,2026-09-21T17:03:53.212864+00:00,2026-09-26T16:00:00+00:00,118.9,False,False,open_meteo,64.8,62.5,4.4,7.6,49.0,0.01,0.0,43.0,0.0
2026_CFB_W04_TEX_TENN,2026-09-21T17:03:54.113979+00:00,2026-09-26T16:00:00+00:00,118.9,False,False,open_meteo,74.2,76.2,4.0,3.8,254.0,0.01,0.0,54.0,1.0
2026_CFB_W04_USA_UK,2026-09-21T17:03:55.050859+00:00,2026-09-26T16:45:00+00:00,119.7,False,False,open_meteo,69.2,65.7,6.1,6.0,86.0,0.0,0.0,36.0,2.0
2026_CFB_W04_FCS2815_EMU,2026-09-21T17:03:55.957919+00:00,2026-09-26T17:00:00+00:00,119.9,False,False,open_meteo,68.7,66.0,6.7,7.6,138.0,0.0,0.0,44.0,3.0
2026_CFB_W04_HAW_WYO,2026-09-21T17:03:56.896181+00:00,2026-09-26T19:00:00+00:00,121.9,False,False,open_meteo,74.3,63.5,16.3,18.8,268.0,0.07,0.0,17.0,1.0
2026_CFB_W04_UNM_NMSU,2026-09-21T17:03:57.809504+00:00,2026-09-26T19:30:00+00:00,122.4,False,False,open_meteo,84.5,88.1,5.2,4.3,155.0,0.05,0.0,41.0,1.0
2026_CFB_W04_FCS2523_BUF,2026-09-21T17:03:58.713164+00:00,2026-09-26T19:30:00+00:00,122.4,False,False,open_meteo,71.2,67.3,6.7,6.3,6.0,0.02,0.0,34.0,0.0
2026_CFB_W04_FCS284_OHIO,2026-09-21T17:03:59.645643+00:00,2026-09-26T19:30:00+00:00,122.4,False,False,open_meteo,72.1,71.7,3.7,4.3,57.0,0.0,0.0,41.0,3.0
2026_CFB_W04_FCS2729_DUKE,2026-09-21T17:04:00.558501+00:00,2026-09-26T19:30:00+00:00,122.4,False,False,open_meteo,75.9,73.4,5.8,6.9,16.0,0.01,0.0,27.0,0.0
2026_CFB_W04_FCS2241_MRSH,2026-09-21T17:04:01.501170+00:00,2026-09-26T19:30:00+00:00,122.4,False,False,open_meteo,75.5,73.8,4.4,4.7,30.0,0.0,0.0,30.0,2.0
2026_CFB_W04_FCS2428_ECU,2026-09-21T17:04:02.407649+00:00,2026-09-26T20:00:00+00:00,122.9,False,False,open_meteo,76.4,72.2,9.4,10.3,5.0,0.01,0.0,34.0,0.0
2026_CFB_W04_FCS2916_TXST,2026-09-21T17:04:03.341929+00:00,2026-09-26T22:00:00+00:00,124.9,False,False,open_meteo,98.0,97.2,7.6,8.1,130.0,0.02,0.0,26.0,3.0
2026_CFB_W04_FCS2341_FIU,2026-09-21T17:04:04.252602+00:00,2026-09-26T22:00:00+00:00,124.9,False,False,open_meteo,84.1,86.7,12.3,12.3,68.0,0.68,0.039,62.0,55.0
2026_CFB_W04_CMU_MIA,2026-09-21T17:04:04.253124+00:00,2026-09-26T22:30:00+00:00,125.4,False,False,open_meteo,83.2,85.5,13.2,13.9,53.0,0.67,0.004,64.0,51.0
2026_CFB_W04_KENN_ARST,2026-09-21T17:04:05.190822+00:00,2026-09-26T23:00:00+00:00,125.9,False,False,open_meteo,87.5,86.0,6.6,7.8,190.0,0.04,0.0,32.0,3.0
2026_CFB_W04_FCS2385_WKU,2026-09-21T17:04:06.183991+00:00,2026-09-26T23:00:00+00:00,125.9,False,False,open_meteo,75.7,75.0,6.0,10.1,59.0,0.01,0.0,50.0,3.0
2026_CFB_W04_MTSU_JXST,2026-09-21T17:04:07.120216+00:00,2026-09-26T23:00:00+00:00,125.9,False,False,open_meteo,74.9,76.4,2.8,2.9,299.0,0.0,0.0,56.0,3.0
2026_CFB_W04_TROY_USU,2026-09-21T17:04:08.033252+00:00,2026-09-26T23:30:00+00:00,126.4,False,False,open_meteo,78.2,72.2,7.4,15.9,241.0,0.02,0.0,23.0,0.0
2026_CFB_W04_FCS2277_UNT,2026-09-21T17:04:08.970893+00:00,2026-09-26T23:30:00+00:00,126.4,False,False,open_meteo,93.7,93.4,8.2,11.4,171.0,0.03,0.0,32.0,3.0
2026_CFB_W04_ARIZ_WSU,2026-09-21T17:04:09.931493+00:00,2026-09-26T23:30:00+00:00,126.4,False,False,open_meteo,58.9,51.7,6.8,8.7,113.0,0.01,0.0,32.0,3.0
2026_CFB_W04_TLSA_ARK,2026-09-21T17:04:10.859613+00:00,2026-09-27T00:00:00+00:00,126.9,False,False,open_meteo,74.3,76.8,3.7,3.6,115.0,0.09,0.012,65.0,51.0
2026_CFB_W04_ORST_UTEP,2026-09-21T17:04:11.769467+00:00,2026-09-27T01:00:00+00:00,127.9,False,False,open_meteo,87.5,87.6,3.4,4.0,82.0,0.13,0.0,33.0,0.0
2026_CFB_W04_RICE_FRES,2026-09-21T17:04:12.728265+00:00,2026-09-27T02:00:00+00:00,128.9,False,False,open_meteo,90.2,86.1,3.8,8.5,130.0,0.0,0.0,17.0,3.0
2026_CFB_W04_GT_STAN,2026-09-21T17:04:13.635246+00:00,2026-09-27T02:30:00+00:00,129.4,False,False,open_meteo,67.1,64.2,6.7,6.7,274.0,0.0,0.0,54.0,2.0
2026_CFB_W04_LIB_CCU,2026-09-21T20:02:37.570067+00:00,2026-09-24T23:30:00+00:00,75.5,False,False,open_meteo,67.0,65.1,12.5,29.3,16.0,0.21,0.012,79.0,51.0
2026_CFB_W04_ARMY_TEM,2026-09-21T20:02:37.570494+00:00,2026-09-25T20:00:00+00:00,96.0,False,False,open_meteo,73.5,65.8,10.6,15.0,18.0,0.2,0.0,23.0,0.0
2026_CFB_W04_NAVY_UAB,2026-09-21T20:02:38.360017+00:00,2026-09-25T23:00:00+00:00,99.0,False,False,open_meteo,78.2,78.6,5.9,10.3,37.0,0.01,0.0,51.0,0.0
2026_CFB_W04_FCS47_RUTG,2026-09-21T20:02:39.089103+00:00,2026-09-25T23:00:00+00:00,99.0,False,False,open_meteo,66.8,61.0,7.6,19.0,14.0,0.36,0.0,36.0,0.0
2026_CFB_W04_NU_IU,2026-09-21T20:02:39.816186+00:00,2026-09-26T00:00:00+00:00,100.0,False,False,open_meteo,60.5,57.0,5.7,15.2,48.0,0.0,0.0,58.0,3.0
2026_CFB_W04_CLEM_CAL,2026-09-21T20:02:40.530683+00:00,2026-09-26T02:30:00+00:00,102.5,False,False,open_meteo,64.3,61.8,6.5,5.8,194.0,0.0,0.0,61.0,0.0
2026_CFB_W04_WIS_PSU,2026-09-21T20:02:41.278748+00:00,2026-09-26T21:00:00+00:00,121.0,False,False,open_meteo,68.2,66.4,5.0,8.7,32.0,0.01,0.0,54.0,0.0
2026_CFB_W04_SC_ALA,2026-09-21T20:02:42.008215+00:00,2026-09-26T23:00:00+00:00,123.0,False,False,open_meteo,79.8,81.2,3.1,3.6,94.0,0.01,0.0,48.0,2.0
2026_CFB_W04_VAN_AUB,2026-09-21T20:02:42.743786+00:00,2026-09-26T20:15:00+00:00,120.2,False,False,open_meteo,81.1,79.9,3.5,5.8,55.0,0.01,0.0,32.0,3.0
2026_CFB_W04_MISS_FLA,2026-09-21T20:02:43.444835+00:00,2026-09-26T19:30:00+00:00,119.5,False,False,open_meteo,85.6,85.8,7.0,6.5,9.0,0.03,0.0,30.0,0.0
2026_CFB_W04_TAM_LSU,2026-09-21T20:02:44.172830+00:00,2026-09-26T23:30:00+00:00,123.5,False,False,open_meteo,85.9,85.7,8.6,14.5,118.0,0.02,0.0,42.0,3.0
2026_CFB_W04_MIZ_MSST,2026-09-21T20:02:44.949861+00:00,2026-09-26T23:45:00+00:00,123.7,False,False,open_meteo,81.4,80.9,5.7,8.7,135.0,0.02,0.0,42.0,3.0
2026_CFB_W04_SHSU_TTU,2026-09-21T20:02:45.825115+00:00,2026-09-26T16:00:00+00:00,116.0,False,False,open_meteo,78.4,76.8,12.8,21.7,216.0,0.09,0.0,55.0,3.0
2026_CFB_W04_OU_UGA,2026-09-21T20:02:46.624932+00:00,2026-09-26T19:30:00+00:00,119.5,False,False,open_meteo,78.5,77.5,4.3,5.6,62.0,0.01,0.0,27.0,2.0
2026_CFB_W04_HOU_GASO,2026-09-21T20:02:47.334915+00:00,2026-09-26T20:00:00+00:00,120.0,False,False,open_meteo,81.1,75.3,10.6,11.9,46.0,0.02,0.0,21.0,1.0
2026_CFB_W04_KSU_CIN,2026-09-21T20:02:48.076794+00:00,2026-09-26T23:00:00+00:00,123.0,False,False,open_meteo,65.9,62.6,4.7,9.4,65.0,0.01,0.0,47.0,3.0
2026_CFB_W04_UTAH_ISU,2026-09-21T20:02:48.842728+00:00,2026-09-26T19:30:00+00:00,119.5,False,False,open_meteo,68.9,69.3,11.8,22.6,161.0,0.42,0.02,86.0,53.0
2026_CFB_W04_OKST_WVU,2026-09-21T20:02:49.621961+00:00,2026-09-26T23:00:00+00:00,123.0,False,False,open_meteo,58.3,56.0,4.0,4.5,16.0,0.0,0.0,68.0,1.0
2026_CFB_W04_FCS2110_FSU,2026-09-21T20:02:50.339264+00:00,2026-09-26T19:00:00+00:00,119.0,False,False,open_meteo,83.0,79.6,7.6,11.4,50.0,0.02,0.0,20.0,3.0
2026_CFB_W04_DEL_UVA,2026-09-21T20:02:51.071826+00:00,2026-09-26T22:00:00+00:00,122.0,False,False,open_meteo,68.7,64.8,4.8,4.3,77.0,0.01,0.0,39.0,0.0
2026_CFB_W04_MOST_SMU,2026-09-21T20:02:51.786978+00:00,2026-09-27T01:00:00+00:00,125.0,False,False,open_meteo,92.6,93.6,7.3,9.8,198.0,0.02,0.008,36.0,51.0
2026_CFB_W04_VT_BC,2026-09-21T20:02:52.530508+00:00,2026-09-26T16:00:00+00:00,116.0,False,False,open_meteo,72.2,69.3,7.1,14.1,28.0,0.58,0.0,36.0,0.0
2026_CFB_W04_TCU_UCF,2026-09-21T20:02:53.257358+00:00,2026-09-26T19:30:00+00:00,119.5,False,False,open_meteo,83.5,83.6,10.2,10.3,36.0,0.07,0.0,47.0,3.0
2026_CFB_W04_COLO_BAY,2026-09-21T20:02:53.993304+00:00,2026-09-26T16:00:00+00:00,116.0,False,False,open_meteo,89.3,90.9,11.4,12.5,196.0,0.0,0.0,48.0,3.0
2026_CFB_W04_UCLA_MD,2026-09-21T20:02:54.705947+00:00,2026-09-26T17:30:00+00:00,117.5,False,False,open_meteo,73.5,71.4,6.0,7.8,347.0,0.02,0.0,31.0,0.0
2026_CFB_W04_IOWA_MICH,2026-09-21T20:02:55.461955+00:00,2026-09-26T19:30:00+00:00,119.5,False,False,open_meteo,72.6,69.5,7.8,7.2,141.0,0.0,0.0,36.0,2.0
2026_CFB_W04_NEB_MSU,2026-09-21T20:02:56.234509+00:00,2026-09-26T21:00:00+00:00,121.0,False,False,open_meteo,64.4,60.3,8.2,9.4,221.0,0.0,0.0,54.0,3.0
2026_CFB_W04_ND_PUR,2026-09-21T20:02:56.969876+00:00,2026-09-26T18:00:00+00:00,118.0,False,False,open_meteo,72.0,70.2,7.2,8.5,150.0,0.01,0.0,44.0,3.0
2026_CFB_W04_ORE_USC,2026-09-21T20:02:57.736553+00:00,2026-09-26T23:30:00+00:00,123.5,False,False,open_meteo,87.9,83.5,9.1,7.4,242.0,0.0,0.0,25.0,3.0
2026_CFB_W04_MINN_WASH,2026-09-21T20:02:58.474854+00:00,2026-09-27T03:00:00+00:00,127.0,False,False,open_meteo,53.4,50.4,3.6,3.6,7.0,0.02,0.0,70.0,3.0
2026_CFB_W04_SDSU_TOL,2026-09-21T20:02:59.177957+00:00,2026-09-26T16:00:00+00:00,116.0,False,False,open_meteo,69.4,65.2,6.0,9.2,112.0,0.0,0.0,34.0,1.0
2026_CFB_W04_BOIS_WMU,2026-09-21T20:02:59.906820+00:00,2026-09-26T19:30:00+00:00,119.5,False,False,open_meteo,71.6,65.2,10.9,11.2,157.0,0.01,0.0,34.0,3.0
2026_CFB_W04_CONN_MOH,2026-09-21T20:03:00.647335+00:00,2026-09-26T19:30:00+00:00,119.4,False,False,open_meteo,68.7,66.1,6.1,7.2,96.0,0.01,0.0,44.0,3.0
2026_CFB_W04_UL_CLT,2026-09-21T20:03:01.373817+00:00,2026-09-26T22:30:00+00:00,122.4,False,False,open_meteo,72.6,68.7,4.0,5.6,43.0,0.01,0.0,32.0,0.0
2026_CFB_W04_FAU_ULM,2026-09-21T20:03:02.085989+00:00,2026-09-27T00:00:00+00:00,123.9,False,False,open_meteo,84.7,87.7,4.8,8.1,236.0,0.01,0.0,50.0,3.0
2026_CFB_W04_USM_TULN,2026-09-21T20:03:02.827789+00:00,2026-09-26T23:00:00+00:00,122.9,False,False,open_meteo,85.0,84.4,10.2,11.6,100.0,0.04,0.0,44.0,3.0
2026_CFB_W04_USF_BGSU,2026-09-21T20:03:03.570965+00:00,2026-09-26T21:00:00+00:00,120.9,False,False,open_meteo,72.0,66.8,7.4,8.1,110.0,0.0,0.0,33.0,0.0
2026_CFB_W04_CSU_UTSA,2026-09-21T20:03:03.571260+00:00,2026-09-26T16:00:00+00:00,115.9,True,False,open_meteo,,,,,,,,,
2026_CFB_W04_WAKE_LOU,2026-09-21T20:03:04.295140+00:00,2026-09-26T16:00:00+00:00,115.9,False,False,open_meteo,73.3,70.5,4.0,5.1,106.0,0.0,0.0,34.0,2.0
2026_CFB_W04_ILL_OSU,2026-09-21T20:03:04.993047+00:00,2026-09-26T16:00:00+00:00,115.9,False,False,open_meteo,64.5,62.4,3.0,5.6,103.0,0.01,0.0,53.0,2.0
2026_CFB_W04_AF_NEV,2026-09-21T20:03:05.721909+00:00,2026-09-27T02:30:00+00:00,126.4,False,False,open_meteo,72.2,64.8,8.6,10.1,255.0,0.01,0.0,23.0,2.0
2026_CFB_W04_NIU_GAST,2026-09-21T20:03:06.435687+00:00,2026-09-26T18:00:00+00:00,117.9,False,False,open_meteo,78.4,78.8,3.6,4.3,79.0,0.0,0.0,30.0,0.0
2026_CFB_W04_APP_NCSU,2026-09-21T20:03:07.236384+00:00,2026-09-26T23:30:00+00:00,123.4,False,False,open_meteo,68.2,64.4,5.3,8.3,28.0,0.01,0.0,42.0,0.0
2026_CFB_W04_BALL_KENT,2026-09-21T20:03:07.950245+00:00,2026-09-26T16:00:00+00:00,115.9,False,False,open_meteo,64.7,61.5,6.7,9.4,75.0,0.01,0.0,46.0,2.0
2026_CFB_W04_UNLV_AKR,2026-09-21T20:03:08.666433+00:00,2026-09-26T16:00:00+00:00,115.9,False,False,open_meteo,64.5,61.2,5.9,9.6,79.0,0.01,0.0,43.0,2.0
2026_CFB_W04_MASS_SAC,2026-09-21T20:03:09.368292+00:00,2026-09-27T01:00:00+00:00,124.9,False,False,open_meteo,83.5,76.5,8.2,13.9,225.0,0.0,0.0,17.0,3.0
2026_CFB_W04_JMU_ODU,2026-09-21T20:03:10.093152+00:00,2026-09-26T22:00:00+00:00,121.9,False,False,open_meteo,70.7,67.1,8.1,10.5,28.0,0.05,0.0,46.0,0.0
2026_CFB_W04_FCS2083_PITT,2026-09-21T20:03:10.093539+00:00,2026-09-26T16:00:00+00:00,115.9,False,False,open_meteo,64.9,62.2,5.1,8.3,49.0,0.01,0.0,43.0,1.0
2026_CFB_W04_TEX_TENN,2026-09-21T20:03:10.806215+00:00,2026-09-26T16:00:00+00:00,115.9,False,False,open_meteo,72.7,74.4,1.3,2.0,239.0,0.01,0.0,50.0,2.0
2026_CFB_W04_USA_UK,2026-09-21T20:03:11.529713+00:00,2026-09-26T16:45:00+00:00,116.7,False,False,open_meteo,61.6,56.9,6.5,8.3,86.0,0.0,0.0,49.0,3.0
2026_CFB_W04_FCS2815_EMU,2026-09-21T20:03:12.253284+00:00,2026-09-26T17:00:00+00:00,116.9,False,False,open_meteo,70.8,68.0,7.6,8.1,133.0,0.0,0.0,41.0,0.0
2026_CFB_W04_HAW_WYO,2026-09-21T20:03:12.978973+00:00,2026-09-26T19:00:00+00:00,118.9,False,False,open_meteo,73.7,62.7,18.1,20.6,262.0,0.07,0.0,19.0,1.0
2026_CFB_W04_UNM_NMSU,2026-09-21T20:03:13.681738+00:00,2026-09-26T19:30:00+00:00,119.4,False,False,open_meteo,85.4,85.0,5.3,6.7,306.0,0.05,0.0,26.0,3.0
2026_CFB_W04_FCS2523_BUF,2026-09-21T20:03:14.401746+00:00,2026-09-26T19:30:00+00:00,119.4,False,False,open_meteo,70.5,66.5,7.2,6.5,7.0,0.02,0.0,34.0,0.0
2026_CFB_W04_FCS284_OHIO,2026-09-21T20:03:15.111616+00:00,2026-09-26T19:30:00+00:00,119.4,False,False,open_meteo,73.3,73.2,3.9,5.4,59.0,0.0,0.0,41.0,0.0
2026_CFB_W04_FCS2729_DUKE,2026-09-21T20:03:15.820165+00:00,2026-09-26T19:30:00+00:00,119.4,False,False,open_meteo,75.3,72.7,6.4,8.3,29.0,0.01,0.0,29.0,0.0
2026_CFB_W04_FCS2241_MRSH,2026-09-21T20:03:16.545992+00:00,2026-09-26T19:30:00+00:00,119.4,False,False,open_meteo,75.3,73.3,3.7,4.7,38.0,0.0,0.0,28.0,2.0
2026_CFB_W04_FCS2428_ECU,2026-09-21T20:03:17.250391+00:00,2026-09-26T20:00:00+00:00,119.9,False,False,open_meteo,77.1,72.6,9.9,11.2,14.0,0.01,0.0,33.0,0.0
2026_CFB_W04_FCS2916_TXST,2026-09-21T20:03:17.976899+00:00,2026-09-26T22:00:00+00:00,121.9,False,False,open_meteo,98.5,98.9,7.8,8.1,168.0,0.02,0.0,29.0,3.0
2026_CFB_W04_FCS2341_FIU,2026-09-21T20:03:18.690449+00:00,2026-09-26T22:00:00+00:00,121.9,False,False,open_meteo,85.8,87.1,12.7,12.1,56.0,0.68,0.0,54.0,2.0
2026_CFB_W04_CMU_MIA,2026-09-21T20:03:18.690828+00:00,2026-09-26T22:30:00+00:00,122.4,False,False,open_meteo,84.2,86.1,11.9,12.1,49.0,0.67,0.004,58.0,51.0
2026_CFB_W04_KENN_ARST,2026-09-21T20:03:19.429652+00:00,2026-09-26T23:00:00+00:00,122.9,False,False,open_meteo,86.3,86.8,2.3,5.1,191.0,0.04,0.0,34.0,3.0
2026_CFB_W04_FCS2385_WKU,2026-09-21T20:03:20.137734+00:00,2026-09-26T23:00:00+00:00,122.9,False,False,open_meteo,75.2,71.9,6.4,12.5,54.0,0.01,0.0,38.0,3.0
2026_CFB_W04_MTSU_JXST,2026-09-21T20:03:20.863223+00:00,2026-09-26T23:00:00+00:00,122.9,False,False,open_meteo,72.5,73.0,1.6,1.8,352.0,0.0,0.0,52.0,3.0
2026_CFB_W04_TROY_USU,2026-09-21T20:03:21.618255+00:00,2026-09-26T23:30:00+00:00,123.4,False,False,open_meteo,78.6,72.4,6.8,19.0,243.0,0.02,0.0,21.0,0.0
2026_CFB_W04_FCS2277_UNT,2026-09-21T20:03:22.353222+00:00,2026-09-26T23:30:00+00:00,123.4,False,False,open_meteo,93.8,91.7,13.2,19.0,191.0,0.03,0.0,33.0,3.0
2026_CFB_W04_ARIZ_WSU,2026-09-21T20:03:23.061903+00:00,2026-09-26T23:30:00+00:00,123.4,False,False,open_meteo,63.0,55.9,5.4,4.9,132.0,0.01,0.0,23.0,0.0
2026_CFB_W04_TLSA_ARK,2026-09-21T20:03:23.793884+00:00,2026-09-27T00:00:00+00:00,123.9,False,False,open_meteo,72.7,75.2,4.3,4.0,118.0,0.09,0.004,70.0,51.0
2026_CFB_W04_ORST_UTEP,2026-09-21T20:03:24.510655+00:00,2026-09-27T01:00:00+00:00,124.9,False,False,open_meteo,86.3,84.0,2.3,3.8,281.0,0.13,0.0,24.0,3.0
2026_CFB_W04_RICE_FRES,2026-09-21T20:03:25.244401+00:00,2026-09-27T02:00:00+00:00,125.9,False,False,open_meteo,90.9,87.5,2.3,2.2,73.0,0.0,0.0,17.0,3.0
2026_CFB_W04_GT_STAN,2026-09-21T20:03:25.986635+00:00,2026-09-27T02:30:00+00:00,126.4,False,False,open_meteo,66.7,63.5,7.5,6.7,282.0,0.0,0.0,55.0,2.0
2026_CFB_W04_LIB_CCU,2026-09-21T23:03:37.168261+00:00,2026-09-24T23:30:00+00:00,72.4,False,False,open_meteo,67.0,65.1,12.5,29.3,16.0,0.33,0.012,79.0,51.0
2026_CFB_W04_ARMY_TEM,2026-09-21T23:03:37.168842+00:00,2026-09-25T20:00:00+00:00,92.9,False,False,open_meteo,73.5,65.8,10.6,15.0,18.0,0.08,0.0,23.0,0.0
2026_CFB_W04_NAVY_UAB,2026-09-21T23:03:38.571805+00:00,2026-09-25T23:00:00+00:00,95.9,False,False,open_meteo,78.2,78.6,5.9,10.3,37.0,0.01,0.0,51.0,0.0
2026_CFB_W04_FCS47_RUTG,2026-09-21T23:03:39.991117+00:00,2026-09-25T23:00:00+00:00,95.9,False,False,open_meteo,66.8,61.0,7.6,19.0,14.0,0.28,0.0,36.0,0.0
2026_CFB_W04_NU_IU,2026-09-21T23:03:41.398263+00:00,2026-09-26T00:00:00+00:00,96.9,False,False,open_meteo,60.5,57.0,5.7,15.2,48.0,0.0,0.0,58.0,3.0
2026_CFB_W04_CLEM_CAL,2026-09-21T23:03:42.826104+00:00,2026-09-26T02:30:00+00:00,99.4,False,False,open_meteo,64.3,61.8,6.5,5.8,194.0,0.0,0.0,61.0,0.0
2026_CFB_W04_WIS_PSU,2026-09-21T23:03:44.226340+00:00,2026-09-26T21:00:00+00:00,117.9,False,False,open_meteo,68.2,66.4,5.0,8.7,32.0,0.01,0.0,54.0,0.0
2026_CFB_W04_SC_ALA,2026-09-21T23:03:45.644941+00:00,2026-09-26T23:00:00+00:00,119.9,False,False,open_meteo,79.8,81.2,3.1,3.6,94.0,0.02,0.0,48.0,2.0
2026_CFB_W04_VAN_AUB,2026-09-21T23:03:47.041430+00:00,2026-09-26T20:15:00+00:00,117.2,False,False,open_meteo,81.1,79.9,3.5,5.8,55.0,0.02,0.0,32.0,3.0
2026_CFB_W04_MISS_FLA,2026-09-21T23:03:48.458660+00:00,2026-09-26T19:30:00+00:00,116.4,False,False,open_meteo,85.6,85.8,7.0,6.5,9.0,0.02,0.0,30.0,0.0
2026_CFB_W04_TAM_LSU,2026-09-21T23:03:49.864830+00:00,2026-09-26T23:30:00+00:00,120.4,False,False,open_meteo,85.9,85.7,8.6,14.5,118.0,0.01,0.0,42.0,3.0
2026_CFB_W04_MIZ_MSST,2026-09-21T23:03:51.285512+00:00,2026-09-26T23:45:00+00:00,120.7,False,False,open_meteo,81.4,80.9,5.7,8.7,135.0,0.01,0.0,42.0,3.0
2026_CFB_W04_SHSU_TTU,2026-09-21T23:03:52.683571+00:00,2026-09-26T16:00:00+00:00,112.9,False,False,open_meteo,78.4,76.8,12.8,21.7,216.0,0.12,0.0,55.0,3.0
2026_CFB_W04_OU_UGA,2026-09-21T23:03:54.109612+00:00,2026-09-26T19:30:00+00:00,116.4,False,False,open_meteo,78.5,77.5,4.3,5.6,62.0,0.01,0.0,27.0,2.0
2026_CFB_W04_HOU_GASO,2026-09-21T23:03:55.507715+00:00,2026-09-26T20:00:00+00:00,116.9,False,False,open_meteo,81.1,75.3,10.6,11.9,46.0,0.01,0.0,21.0,1.0
2026_CFB_W04_KSU_CIN,2026-09-21T23:03:56.928590+00:00,2026-09-26T23:00:00+00:00,119.9,False,False,open_meteo,65.9,62.6,4.7,9.4,65.0,0.0,0.0,47.0,3.0
2026_CFB_W04_UTAH_ISU,2026-09-21T23:03:58.328287+00:00,2026-09-26T19:30:00+00:00,116.4,False,False,open_meteo,68.9,69.3,11.8,22.6,161.0,0.38,0.02,86.0,53.0
2026_CFB_W04_OKST_WVU,2026-09-21T23:03:59.757345+00:00,2026-09-26T23:00:00+00:00,119.9,False,False,open_meteo,58.3,56.0,4.0,4.5,16.0,0.0,0.0,68.0,1.0
2026_CFB_W04_FCS2110_FSU,2026-09-21T23:04:01.156251+00:00,2026-09-26T19:00:00+00:00,115.9,False,False,open_meteo,83.0,79.6,7.6,11.4,50.0,0.01,0.0,20.0,3.0
2026_CFB_W04_DEL_UVA,2026-09-21T23:04:02.604761+00:00,2026-09-26T22:00:00+00:00,118.9,False,False,open_meteo,68.7,64.8,4.8,4.3,77.0,0.0,0.0,39.0,0.0
2026_CFB_W04_MOST_SMU,2026-09-21T23:04:04.015128+00:00,2026-09-27T01:00:00+00:00,121.9,False,False,open_meteo,92.6,93.6,7.3,9.8,198.0,0.02,0.008,36.0,51.0
2026_CFB_W04_VT_BC,2026-09-21T23:04:05.421093+00:00,2026-09-26T16:00:00+00:00,112.9,False,False,open_meteo,72.2,69.3,7.1,14.1,28.0,0.52,0.0,36.0,0.0
2026_CFB_W04_TCU_UCF,2026-09-21T23:04:06.845998+00:00,2026-09-26T19:30:00+00:00,116.4,False,False,open_meteo,83.5,83.6,10.2,10.3,36.0,0.08,0.0,47.0,3.0
2026_CFB_W04_COLO_BAY,2026-09-21T23:04:08.248972+00:00,2026-09-26T16:00:00+00:00,112.9,False,False,open_meteo,89.3,90.9,11.4,12.5,196.0,0.0,0.0,48.0,3.0
2026_CFB_W04_UCLA_MD,2026-09-21T23:04:09.675078+00:00,2026-09-26T17:30:00+00:00,114.4,False,False,open_meteo,73.5,71.4,6.0,7.8,347.0,0.02,0.0,31.0,0.0
2026_CFB_W04_IOWA_MICH,2026-09-21T23:04:11.078132+00:00,2026-09-26T19:30:00+00:00,116.4,False,False,open_meteo,72.6,69.5,7.8,7.2,141.0,0.0,0.0,36.0,2.0
2026_CFB_W04_NEB_MSU,2026-09-21T23:04:12.496288+00:00,2026-09-26T21:00:00+00:00,117.9,False,False,open_meteo,64.4,60.3,8.2,9.4,221.0,0.0,0.0,54.0,3.0
2026_CFB_W04_ND_PUR,2026-09-21T23:04:13.898622+00:00,2026-09-26T18:00:00+00:00,114.9,False,False,open_meteo,72.0,70.2,7.2,8.5,150.0,0.01,0.0,44.0,3.0
2026_CFB_W04_ORE_USC,2026-09-21T23:04:15.326084+00:00,2026-09-26T23:30:00+00:00,120.4,False,False,open_meteo,87.9,83.5,9.1,7.4,242.0,0.0,0.0,25.0,3.0
2026_CFB_W04_MINN_WASH,2026-09-21T23:04:16.727899+00:00,2026-09-27T03:00:00+00:00,123.9,False,False,open_meteo,53.4,50.4,3.6,3.6,7.0,0.02,0.0,70.0,3.0
2026_CFB_W04_SDSU_TOL,2026-09-21T23:04:18.148919+00:00,2026-09-26T16:00:00+00:00,112.9,False,False,open_meteo,69.4,65.2,6.0,9.2,112.0,0.0,0.0,34.0,1.0
2026_CFB_W04_BOIS_WMU,2026-09-21T23:04:19.557302+00:00,2026-09-26T19:30:00+00:00,116.4,False,False,open_meteo,71.6,65.2,10.9,11.2,157.0,0.0,0.0,34.0,3.0
2026_CFB_W04_CONN_MOH,2026-09-21T23:04:20.980128+00:00,2026-09-26T19:30:00+00:00,116.4,False,False,open_meteo,68.7,66.1,6.1,7.2,96.0,0.0,0.0,44.0,3.0
2026_CFB_W04_UL_CLT,2026-09-21T23:04:22.398358+00:00,2026-09-26T22:30:00+00:00,119.4,False,False,open_meteo,72.6,68.7,4.0,5.6,43.0,0.0,0.0,32.0,0.0
2026_CFB_W04_FAU_ULM,2026-09-21T23:04:23.830354+00:00,2026-09-27T00:00:00+00:00,120.9,False,False,open_meteo,84.7,87.7,4.8,8.1,236.0,0.01,0.0,50.0,3.0
2026_CFB_W04_USM_TULN,2026-09-21T23:04:25.239363+00:00,2026-09-26T23:00:00+00:00,119.9,False,False,open_meteo,85.0,84.4,10.2,11.6,100.0,0.02,0.0,44.0,3.0
2026_CFB_W04_USF_BGSU,2026-09-21T23:04:26.654563+00:00,2026-09-26T21:00:00+00:00,117.9,False,False,open_meteo,72.0,66.8,7.4,8.1,110.0,0.0,0.0,33.0,0.0
2026_CFB_W04_CSU_UTSA,2026-09-21T23:04:26.654919+00:00,2026-09-26T16:00:00+00:00,112.9,True,False,open_meteo,,,,,,,,,
2026_CFB_W04_WAKE_LOU,2026-09-21T23:04:28.052048+00:00,2026-09-26T16:00:00+00:00,112.9,False,False,open_meteo,73.3,70.5,4.0,5.1,106.0,0.0,0.0,34.0,2.0
2026_CFB_W04_ILL_OSU,2026-09-21T23:04:29.473728+00:00,2026-09-26T16:00:00+00:00,112.9,False,False,open_meteo,64.5,62.4,3.0,5.6,103.0,0.0,0.0,53.0,2.0
2026_CFB_W04_AF_NEV,2026-09-21T23:04:30.869028+00:00,2026-09-27T02:30:00+00:00,123.4,False,False,open_meteo,72.2,64.8,8.6,10.1,255.0,0.0,0.0,23.0,2.0
2026_CFB_W04_NIU_GAST,2026-09-21T23:04:32.290973+00:00,2026-09-26T18:00:00+00:00,114.9,False,False,open_meteo,78.4,78.8,3.6,4.3,79.0,0.0,0.0,30.0,0.0
2026_CFB_W04_APP_NCSU,2026-09-21T23:04:33.710229+00:00,2026-09-26T23:30:00+00:00,120.4,False,False,open_meteo,68.2,64.4,5.3,8.3,28.0,0.01,0.0,42.0,0.0
2026_CFB_W04_BALL_KENT,2026-09-21T23:04:35.116297+00:00,2026-09-26T16:00:00+00:00,112.9,False,False,open_meteo,64.7,61.5,6.7,9.4,75.0,0.0,0.0,46.0,2.0
2026_CFB_W04_UNLV_AKR,2026-09-21T23:04:36.546757+00:00,2026-09-26T16:00:00+00:00,112.9,False,False,open_meteo,64.5,61.2,5.9,9.6,79.0,0.0,0.0,43.0,2.0
2026_CFB_W04_MASS_SAC,2026-09-21T23:04:37.941926+00:00,2026-09-27T01:00:00+00:00,121.9,False,False,open_meteo,83.5,76.5,8.2,13.9,225.0,0.0,0.0,17.0,3.0
2026_CFB_W04_JMU_ODU,2026-09-21T23:04:39.371449+00:00,2026-09-26T22:00:00+00:00,118.9,False,False,open_meteo,70.7,67.1,8.1,10.5,28.0,0.06,0.0,46.0,0.0
2026_CFB_W04_FCS2083_PITT,2026-09-21T23:04:39.371978+00:00,2026-09-26T16:00:00+00:00,112.9,False,False,open_meteo,64.9,62.2,5.1,8.3,49.0,0.01,0.0,43.0,1.0
2026_CFB_W04_TEX_TENN,2026-09-21T23:04:40.771937+00:00,2026-09-26T16:00:00+00:00,112.9,False,False,open_meteo,72.7,74.4,1.3,2.0,239.0,0.0,0.0,50.0,2.0
2026_CFB_W04_USA_UK,2026-09-21T23:04:42.194154+00:00,2026-09-26T16:45:00+00:00,113.7,False,False,open_meteo,61.6,56.9,6.5,8.3,86.0,0.0,0.0,49.0,3.0
2026_CFB_W04_FCS2815_EMU,2026-09-21T23:04:43.591667+00:00,2026-09-26T17:00:00+00:00,113.9,False,False,open_meteo,70.8,68.0,7.6,8.1,133.0,0.0,0.0,41.0,0.0
2026_CFB_W04_HAW_WYO,2026-09-21T23:04:45.016041+00:00,2026-09-26T19:00:00+00:00,115.9,False,False,open_meteo,73.7,62.7,18.1,20.6,262.0,0.02,0.0,19.0,1.0
2026_CFB_W04_UNM_NMSU,2026-09-21T23:04:46.421385+00:00,2026-09-26T19:30:00+00:00,116.4,False,False,open_meteo,85.4,85.0,5.3,6.7,306.0,0.06,0.0,26.0,3.0
2026_CFB_W04_FCS2523_BUF,2026-09-21T23:04:47.853769+00:00,2026-09-26T19:30:00+00:00,116.4,False,False,open_meteo,70.5,66.5,7.2,6.5,7.0,0.0,0.0,34.0,0.0
2026_CFB_W04_FCS284_OHIO,2026-09-21T23:04:49.264136+00:00,2026-09-26T19:30:00+00:00,116.4,False,False,open_meteo,73.3,73.2,3.9,5.4,59.0,0.0,0.0,41.0,0.0
2026_CFB_W04_FCS2729_DUKE,2026-09-21T23:04:50.683585+00:00,2026-09-26T19:30:00+00:00,116.4,False,False,open_meteo,75.3,72.7,6.4,8.3,29.0,0.0,0.0,29.0,0.0
2026_CFB_W04_FCS2241_MRSH,2026-09-21T23:04:52.087941+00:00,2026-09-26T19:30:00+00:00,116.4,False,False,open_meteo,75.3,73.3,3.7,4.7,38.0,0.0,0.0,28.0,2.0
2026_CFB_W04_FCS2428_ECU,2026-09-21T23:04:53.519033+00:00,2026-09-26T20:00:00+00:00,116.9,False,False,open_meteo,77.1,72.6,9.9,11.2,14.0,0.01,0.0,33.0,0.0
2026_CFB_W04_FCS2916_TXST,2026-09-21T23:04:54.917839+00:00,2026-09-26T22:00:00+00:00,118.9,False,False,open_meteo,98.5,98.9,7.8,8.1,168.0,0.03,0.0,29.0,3.0
2026_CFB_W04_FCS2341_FIU,2026-09-21T23:04:56.346594+00:00,2026-09-26T22:00:00+00:00,118.9,False,False,open_meteo,85.8,87.1,12.7,12.1,56.0,0.63,0.0,54.0,2.0
2026_CFB_W04_CMU_MIA,2026-09-21T23:04:56.347120+00:00,2026-09-26T22:30:00+00:00,119.4,False,False,open_meteo,84.2,86.1,11.9,12.1,49.0,0.59,0.004,58.0,51.0
2026_CFB_W04_KENN_ARST,2026-09-21T23:04:57.749347+00:00,2026-09-26T23:00:00+00:00,119.9,False,False,open_meteo,86.3,86.8,2.3,5.1,191.0,0.03,0.0,34.0,3.0
2026_CFB_W04_FCS2385_WKU,2026-09-21T23:04:59.177372+00:00,2026-09-26T23:00:00+00:00,119.9,False,False,open_meteo,75.2,71.9,6.4,12.5,54.0,0.0,0.0,38.0,3.0
2026_CFB_W04_MTSU_JXST,2026-09-21T23:05:00.585134+00:00,2026-09-26T23:00:00+00:00,119.9,False,False,open_meteo,72.5,73.0,1.6,1.8,352.0,0.03,0.0,52.0,3.0
2026_CFB_W04_TROY_USU,2026-09-21T23:05:02.015803+00:00,2026-09-26T23:30:00+00:00,120.4,False,False,open_meteo,78.6,72.4,6.8,19.0,243.0,0.01,0.0,21.0,0.0
2026_CFB_W04_FCS2277_UNT,2026-09-21T23:05:03.412509+00:00,2026-09-26T23:30:00+00:00,120.4,False,False,open_meteo,93.8,91.7,13.2,19.0,191.0,0.02,0.0,33.0,3.0
2026_CFB_W04_ARIZ_WSU,2026-09-21T23:05:04.835199+00:00,2026-09-26T23:30:00+00:00,120.4,False,False,open_meteo,63.0,55.9,5.4,4.9,132.0,0.01,0.0,23.0,0.0
2026_CFB_W04_TLSA_ARK,2026-09-21T23:05:06.240895+00:00,2026-09-27T00:00:00+00:00,120.9,False,False,open_meteo,72.7,75.2,4.3,4.0,118.0,0.07,0.004,70.0,51.0
2026_CFB_W04_ORST_UTEP,2026-09-21T23:05:07.667642+00:00,2026-09-27T01:00:00+00:00,121.9,False,False,open_meteo,86.3,84.0,2.3,3.8,281.0,0.09,0.0,24.0,3.0
2026_CFB_W04_RICE_FRES,2026-09-21T23:05:09.066278+00:00,2026-09-27T02:00:00+00:00,122.9,False,False,open_meteo,90.9,87.5,2.3,2.2,73.0,0.0,0.0,17.0,3.0
2026_CFB_W04_GT_STAN,2026-09-21T23:05:10.488814+00:00,2026-09-27T02:30:00+00:00,123.4,False,False,open_meteo,66.7,63.5,7.5,6.7,282.0,0.0,0.0,55.0,2.0
2026_CFB_W04_LIB_CCU,2026-09-22T11:06:12.077484+00:00,2026-09-24T23:30:00+00:00,60.4,False,False,open_meteo,65.9,62.7,13.5,28.4,12.0,0.39,0.0,75.0,3.0
2026_CFB_W04_ARMY_TEM,2026-09-22T11:06:12.078018+00:00,2026-09-25T20:00:00+00:00,80.9,False,False,open_meteo,74.1,65.5,12.2,19.0,13.0,0.33,0.0,22.0,0.0
2026_CFB_W04_NAVY_UAB,2026-09-22T11:06:13.548910+00:00,2026-09-25T23:00:00+00:00,83.9,False,False,open_meteo,79.1,79.7,5.6,8.9,34.0,0.0,0.0,50.0,2.0
2026_CFB_W04_FCS47_RUTG,2026-09-22T11:06:15.007526+00:00,2026-09-25T23:00:00+00:00,83.9,False,False,open_meteo,66.3,59.4,9.8,22.6,11.0,0.35,0.0,36.0,2.0
2026_CFB_W04_NU_IU,2026-09-22T11:06:16.488539+00:00,2026-09-26T00:00:00+00:00,84.9,False,False,open_meteo,62.0,57.2,7.2,19.2,54.0,0.0,0.0,50.0,3.0
2026_CFB_W04_CLEM_CAL,2026-09-22T11:06:17.939799+00:00,2026-09-26T02:30:00+00:00,87.4,False,False,open_meteo,61.8,59.2,7.3,6.9,192.0,0.0,0.0,69.0,0.0
2026_CFB_W04_WIS_PSU,2026-09-22T11:06:19.410650+00:00,2026-09-26T21:00:00+00:00,105.9,False,False,open_meteo,67.5,63.2,9.8,17.2,349.0,0.03,0.0,52.0,0.0
2026_CFB_W04_SC_ALA,2026-09-22T11:06:20.859930+00:00,2026-09-26T23:00:00+00:00,107.9,False,False,open_meteo,82.5,84.8,2.2,3.1,336.0,0.01,0.0,46.0,3.0
2026_CFB_W04_VAN_AUB,2026-09-22T11:06:22.332873+00:00,2026-09-26T20:15:00+00:00,105.1,False,False,open_meteo,84.1,85.6,2.7,3.8,312.0,0.01,0.0,35.0,3.0
2026_CFB_W04_MISS_FLA,2026-09-22T11:06:23.787756+00:00,2026-09-26T19:30:00+00:00,104.4,False,False,open_meteo,85.8,85.5,6.4,6.5,25.0,0.0,0.0,26.0,0.0
2026_CFB_W04_TAM_LSU,2026-09-22T11:06:25.274428+00:00,2026-09-26T23:30:00+00:00,108.4,False,False,open_meteo,87.0,86.5,8.5,7.4,120.0,0.03,0.0,39.0,1.0
2026_CFB_W04_MIZ_MSST,2026-09-22T11:06:26.742180+00:00,2026-09-26T23:45:00+00:00,108.6,False,False,open_meteo,84.5,85.9,2.6,2.5,308.0,0.01,0.0,40.0,3.0
2026_CFB_W04_SHSU_TTU,2026-09-22T11:06:28.227693+00:00,2026-09-26T16:00:00+00:00,100.9,False,False,open_meteo,78.5,76.7,13.3,19.9,220.0,0.19,0.0,55.0,3.0
2026_CFB_W04_OU_UGA,2026-09-22T11:06:29.687284+00:00,2026-09-26T19:30:00+00:00,104.4,False,False,open_meteo,81.4,81.6,3.7,6.0,232.0,0.01,0.0,29.0,0.0
2026_CFB_W04_HOU_GASO,2026-09-22T11:06:31.176746+00:00,2026-09-26T20:00:00+00:00,104.9,False,False,open_meteo,82.1,78.0,6.4,6.7,51.0,0.0,0.0,19.0,0.0
2026_CFB_W04_KSU_CIN,2026-09-22T11:06:32.635971+00:00,2026-09-26T23:00:00+00:00,107.9,False,False,open_meteo,64.2,61.4,4.8,8.3,37.0,0.0,0.0,54.0,2.0
2026_CFB_W04_UTAH_ISU,2026-09-22T11:06:34.122785+00:00,2026-09-26T19:30:00+00:00,104.4,False,False,open_meteo,60.2,58.7,10.7,21.7,141.0,0.39,0.031,96.0,53.0
2026_CFB_W04_OKST_WVU,2026-09-22T11:06:35.622931+00:00,2026-09-26T23:00:00+00:00,107.9,False,False,open_meteo,57.0,55.4,2.8,3.4,299.0,0.0,0.0,73.0,0.0
2026_CFB_W04_FCS2110_FSU,2026-09-22T11:06:37.097405+00:00,2026-09-26T19:00:00+00:00,103.9,False,False,open_meteo,83.9,81.7,5.5,7.6,47.0,0.0,0.0,18.0,1.0
2026_CFB_W04_DEL_UVA,2026-09-22T11:06:38.597055+00:00,2026-09-26T22:00:00+00:00,106.9,False,False,open_meteo,70.3,67.7,3.8,4.5,3.0,0.01,0.0,42.0,0.0
2026_CFB_W04_MOST_SMU,2026-09-22T11:06:40.056066+00:00,2026-09-27T01:00:00+00:00,109.9,False,False,open_meteo,91.2,91.3,6.7,13.0,159.0,0.01,0.0,34.0,3.0
2026_CFB_W04_VT_BC,2026-09-22T11:06:41.548685+00:00,2026-09-26T16:00:00+00:00,100.9,False,False,open_meteo,52.1,46.5,13.8,35.3,353.0,0.65,0.071,95.0,61.0
2026_CFB_W04_TCU_UCF,2026-09-22T11:06:43.009347+00:00,2026-09-26T19:30:00+00:00,104.4,False,False,open_meteo,86.6,87.3,12.3,6.3,38.0,0.05,0.0,41.0,2.0
2026_CFB_W04_COLO_BAY,2026-09-22T11:06:44.497236+00:00,2026-09-26T16:00:00+00:00,100.9,False,False,open_meteo,85.6,88.2,11.0,13.2,204.0,0.0,0.0,57.0,3.0
2026_CFB_W04_UCLA_MD,2026-09-22T11:06:45.954255+00:00,2026-09-26T17:30:00+00:00,102.4,False,False,open_meteo,73.4,69.2,10.3,15.7,338.0,0.08,0.0,32.0,0.0
2026_CFB_W04_IOWA_MICH,2026-09-22T11:06:47.439081+00:00,2026-09-26T19:30:00+00:00,104.4,False,False,open_meteo,72.1,68.5,5.2,4.7,72.0,0.0,0.0,27.0,0.0
2026_CFB_W04_NEB_MSU,2026-09-22T11:06:48.892259+00:00,2026-09-26T21:00:00+00:00,105.9,False,False,open_meteo,72.0,67.5,3.3,3.6,74.0,0.0,0.0,27.0,3.0
2026_CFB_W04_ND_PUR,2026-09-22T11:06:50.380368+00:00,2026-09-26T18:00:00+00:00,102.9,False,False,open_meteo,62.1,59.7,4.7,5.8,115.0,0.0,0.0,60.0,3.0
2026_CFB_W04_ORE_USC,2026-09-22T11:06:51.846714+00:00,2026-09-26T23:30:00+00:00,108.4,False,False,open_meteo,88.0,83.9,10.2,6.5,238.0,0.0,0.0,26.0,1.0
2026_CFB_W04_MINN_WASH,2026-09-22T11:06:53.333584+00:00,2026-09-27T03:00:00+00:00,111.9,False,False,open_meteo,54.2,51.2,3.2,2.7,12.0,0.02,0.0,67.0,3.0
2026_CFB_W04_SDSU_TOL,2026-09-22T11:06:54.787132+00:00,2026-09-26T16:00:00+00:00,100.9,False,False,open_meteo,68.4,65.6,4.8,6.3,56.0,0.0,0.0,40.0,0.0
2026_CFB_W04_BOIS_WMU,2026-09-22T11:06:56.279478+00:00,2026-09-26T19:30:00+00:00,104.4,False,False,open_meteo,71.9,68.7,4.8,4.5,143.0,0.0,0.0,27.0,1.0
2026_CFB_W04_CONN_MOH,2026-09-22T11:06:57.731684+00:00,2026-09-26T19:30:00+00:00,104.4,False,False,open_meteo,68.5,67.3,5.4,6.0,90.0,0.0,0.0,45.0,3.0
2026_CFB_W04_UL_CLT,2026-09-22T11:06:59.223621+00:00,2026-09-26T22:30:00+00:00,107.4,False,False,open_meteo,77.8,75.1,2.1,2.9,342.0,0.01,0.0,29.0,0.0
2026_CFB_W04_FAU_ULM,2026-09-22T11:07:00.674085+00:00,2026-09-27T00:00:00+00:00,108.9,False,False,open_meteo,84.7,88.1,5.1,4.7,247.0,0.01,0.0,52.0,3.0
2026_CFB_W04_USM_TULN,2026-09-22T11:07:03.172563+00:00,2026-09-26T23:00:00+00:00,107.9,False,False,open_meteo,87.0,86.2,9.0,8.7,97.0,0.04,0.0,39.0,0.0
2026_CFB_W04_USF_BGSU,2026-09-22T11:07:07.021088+00:00,2026-09-26T21:00:00+00:00,105.9,False,False,open_meteo,70.2,65.6,5.8,6.0,58.0,0.0,0.0,35.0,1.0
2026_CFB_W04_CSU_UTSA,2026-09-22T11:07:07.021468+00:00,2026-09-26T16:00:00+00:00,100.9,True,False,open_meteo,,,,,,,,,
2026_CFB_W04_WAKE_LOU,2026-09-22T11:07:09.730063+00:00,2026-09-26T16:00:00+00:00,100.9,False,False,open_meteo,65.4,61.8,4.3,7.6,81.0,0.0,0.0,44.0,3.0
2026_CFB_W04_ILL_OSU,2026-09-22T11:07:11.237865+00:00,2026-09-26T16:00:00+00:00,100.9,False,False,open_meteo,66.0,63.6,4.3,6.5,69.0,0.0,0.0,42.0,1.0
2026_CFB_W04_AF_NEV,2026-09-22T11:07:12.897169+00:00,2026-09-27T02:30:00+00:00,111.4,False,False,open_meteo,70.8,62.7,9.8,13.6,240.0,0.0,0.0,23.0,3.0
2026_CFB_W04_NIU_GAST,2026-09-22T11:07:14.389046+00:00,2026-09-26T18:00:00+00:00,102.9,False,False,open_meteo,81.0,81.0,4.3,4.7,219.0,0.0,0.0,28.0,1.0
2026_CFB_W04_APP_NCSU,2026-09-22T11:07:15.889554+00:00,2026-09-26T23:30:00+00:00,108.4,False,False,open_meteo,68.2,66.0,2.6,2.9,285.0,0.01,0.0,44.0,0.0
2026_CFB_W04_BALL_KENT,2026-09-22T11:07:17.362018+00:00,2026-09-26T16:00:00+00:00,100.9,False,False,open_meteo,66.8,63.8,6.7,8.9,356.0,0.0,0.0,47.0,3.0
2026_CFB_W04_UNLV_AKR,2026-09-22T11:07:18.862899+00:00,2026-09-26T16:00:00+00:00,100.9,False,False,open_meteo,66.1,63.7,5.2,8.1,353.0,0.0,0.0,49.0,3.0
2026_CFB_W04_MASS_SAC,2026-09-22T11:07:20.359982+00:00,2026-09-27T01:00:00+00:00,109.9,False,False,open_meteo,77.3,70.2,10.7,19.7,217.0,0.0,0.0,25.0,3.0
2026_CFB_W04_JMU_ODU,2026-09-22T11:07:21.843334+00:00,2026-09-26T22:00:00+00:00,106.9,False,False,open_meteo,74.3,69.3,7.7,10.7,338.0,0.05,0.0,33.0,0.0
2026_CFB_W04_FCS2083_PITT,2026-09-22T11:07:21.843877+00:00,2026-09-26T16:00:00+00:00,100.9,False,False,open_meteo,65.9,63.6,5.1,9.6,2.0,0.01,0.0,45.0,0.0
2026_CFB_W04_TEX_TENN,2026-09-22T11:07:23.349849+00:00,2026-09-26T16:00:00+00:00,100.9,False,False,open_meteo,71.7,71.1,2.7,3.8,85.0,0.01,0.0,40.0,1.0
2026_CFB_W04_USA_UK,2026-09-22T11:07:24.818028+00:00,2026-09-26T16:45:00+00:00,101.6,False,False,open_meteo,68.0,63.4,8.3,9.4,84.0,0.0,0.0,39.0,3.0
2026_CFB_W04_FCS2815_EMU,2026-09-22T11:07:26.319193+00:00,2026-09-26T17:00:00+00:00,101.9,False,False,open_meteo,69.6,66.8,5.6,5.6,61.0,0.0,0.0,35.0,0.0
2026_CFB_W04_HAW_WYO,2026-09-22T11:07:27.789471+00:00,2026-09-26T19:00:00+00:00,103.9,False,False,open_meteo,73.2,64.4,12.9,15.9,290.0,0.03,0.0,20.0,3.0
2026_CFB_W04_UNM_NMSU,2026-09-22T11:07:29.290115+00:00,2026-09-26T19:30:00+00:00,104.4,False,False,open_meteo,84.7,84.6,5.3,8.9,298.0,0.03,0.0,25.0,0.0
2026_CFB_W04_FCS2523_BUF,2026-09-22T11:07:30.755091+00:00,2026-09-26T19:30:00+00:00,104.4,False,False,open_meteo,69.7,65.3,8.1,10.3,352.0,0.01,0.0,35.0,0.0
2026_CFB_W04_FCS284_OHIO,2026-09-22T11:07:32.261077+00:00,2026-09-26T19:30:00+00:00,104.4,False,False,open_meteo,71.1,70.1,4.1,6.5,22.0,0.0,0.0,38.0,0.0
2026_CFB_W04_FCS2729_DUKE,2026-09-22T11:07:33.738412+00:00,2026-09-26T19:30:00+00:00,104.4,False,False,open_meteo,77.6,75.1,5.6,8.7,320.0,0.01,0.0,25.0,0.0
2026_CFB_W04_FCS2241_MRSH,2026-09-22T11:07:35.241155+00:00,2026-09-26T19:30:00+00:00,104.4,False,False,open_meteo,73.5,71.9,4.5,5.6,20.0,0.0,0.0,32.0,0.0
2026_CFB_W04_FCS2428_ECU,2026-09-22T11:07:36.717025+00:00,2026-09-26T20:00:00+00:00,104.9,False,False,open_meteo,74.7,69.6,10.0,12.1,344.0,0.01,0.0,32.0,0.0
2026_CFB_W04_FCS2916_TXST,2026-09-22T11:07:38.209812+00:00,2026-09-26T22:00:00+00:00,106.9,False,False,open_meteo,97.3,97.6,7.1,7.6,204.0,0.02,0.0,29.0,3.0
2026_CFB_W04_FCS2341_FIU,2026-09-22T11:07:39.668107+00:00,2026-09-26T22:00:00+00:00,106.9,False,False,open_meteo,84.7,89.6,6.3,5.4,107.0,0.53,0.039,60.0,55.0
2026_CFB_W04_CMU_MIA,2026-09-22T11:07:39.668712+00:00,2026-09-26T22:30:00+00:00,107.4,False,False,open_meteo,85.0,87.4,11.5,10.3,68.0,0.5,0.008,58.0,51.0
2026_CFB_W04_KENN_ARST,2026-09-22T11:07:41.163391+00:00,2026-09-26T23:00:00+00:00,107.9,False,False,open_meteo,89.8,88.3,8.3,6.9,54.0,0.02,0.0,32.0,3.0
2026_CFB_W04_FCS2385_WKU,2026-09-22T11:07:42.623734+00:00,2026-09-26T23:00:00+00:00,107.9,False,False,open_meteo,69.8,65.5,5.9,11.0,29.0,0.01,0.0,38.0,3.0
2026_CFB_W04_MTSU_JXST,2026-09-22T11:07:44.134686+00:00,2026-09-26T23:00:00+00:00,107.9,False,False,open_meteo,74.0,75.5,3.3,3.1,312.0,0.01,0.0,59.0,3.0
2026_CFB_W04_TROY_USU,2026-09-22T11:07:45.602186+00:00,2026-09-26T23:30:00+00:00,108.4,False,False,open_meteo,79.6,71.4,12.7,18.8,225.0,0.0,0.0,22.0,0.0
2026_CFB_W04_FCS2277_UNT,2026-09-22T11:07:47.106747+00:00,2026-09-26T23:30:00+00:00,108.4,False,False,open_meteo,90.9,91.8,6.9,13.9,184.0,0.02,0.0,37.0,3.0
2026_CFB_W04_ARIZ_WSU,2026-09-22T11:07:48.581942+00:00,2026-09-26T23:30:00+00:00,108.4,False,False,open_meteo,60.5,53.7,5.2,6.0,110.0,0.01,0.0,27.0,3.0
2026_CFB_W04_TLSA_ARK,2026-09-22T11:07:50.095173+00:00,2026-09-27T00:00:00+00:00,108.9,False,False,open_meteo,81.9,81.9,5.4,6.0,132.0,0.06,0.0,43.0,2.0
2026_CFB_W04_ORST_UTEP,2026-09-22T11:07:51.569261+00:00,2026-09-27T01:00:00+00:00,109.9,False,False,open_meteo,86.6,83.8,4.6,5.8,313.0,0.03,0.0,25.0,0.0
2026_CFB_W04_RICE_FRES,2026-09-22T11:07:53.071699+00:00,2026-09-27T02:00:00+00:00,110.9,False,False,open_meteo,88.8,84.8,3.8,2.9,339.0,0.0,0.0,18.0,3.0
2026_CFB_W04_GT_STAN,2026-09-22T11:07:54.540703+00:00,2026-09-27T02:30:00+00:00,111.4,False,False,open_meteo,63.4,60.7,7.1,11.0,283.0,0.0,0.0,64.0,0.0
2026_CFB_W04_LIB_CCU,2026-09-23T11:05:02.805493+00:00,2026-09-24T23:30:00+00:00,36.4,False,False,open_meteo,64.7,61.6,12.6,24.6,355.0,0.45,0.0,75.0,2.0
2026_CFB_W04_ARMY_TEM,2026-09-23T11:05:02.805906+00:00,2026-09-25T20:00:00+00:00,56.9,False,False,open_meteo,74.3,66.5,11.6,17.0,15.0,0.16,0.0,25.0,0.0
2026_CFB_W04_NAVY_UAB,2026-09-23T11:05:03.661051+00:00,2026-09-25T23:00:00+00:00,59.9,False,False,open_meteo,79.0,80.4,2.8,7.8,45.0,0.0,0.0,49.0,3.0
2026_CFB_W04_FCS47_RUTG,2026-09-23T11:05:04.576845+00:00,2026-09-25T23:00:00+00:00,59.9,False,False,open_meteo,67.2,61.3,9.9,22.6,5.0,0.3,0.0,42.0,0.0
2026_CFB_W04_NU_IU,2026-09-23T11:05:05.467900+00:00,2026-09-26T00:00:00+00:00,60.9,False,False,open_meteo,62.7,58.3,6.2,18.3,41.0,0.0,0.0,48.0,3.0
2026_CFB_W04_CLEM_CAL,2026-09-23T11:05:06.349702+00:00,2026-09-26T02:30:00+00:00,63.4,False,False,open_meteo,65.4,61.8,7.8,6.9,183.0,0.0,0.0,55.0,0.0
2026_CFB_W04_WIS_PSU,2026-09-23T11:05:07.205697+00:00,2026-09-26T21:00:00+00:00,81.9,False,False,open_meteo,67.3,63.7,8.8,14.5,356.0,0.0,0.0,54.0,1.0
2026_CFB_W04_SC_ALA,2026-09-23T11:05:08.089217+00:00,2026-09-26T23:00:00+00:00,83.9,False,False,open_meteo,83.7,85.5,3.3,4.5,16.0,0.0,0.0,44.0,3.0
2026_CFB_W04_VAN_AUB,2026-09-23T11:05:08.981145+00:00,2026-09-26T20:15:00+00:00,81.2,False,False,open_meteo,83.2,85.5,2.7,4.9,312.0,0.0,0.0,40.0,2.0
2026_CFB_W04_MISS_FLA,2026-09-23T11:05:09.845507+00:00,2026-09-26T19:30:00+00:00,80.4,False,False,open_meteo,85.6,85.2,6.9,6.0,21.0,0.01,0.0,27.0,0.0
2026_CFB_W04_TAM_LSU,2026-09-23T11:05:10.742950+00:00,2026-09-26T23:30:00+00:00,84.4,False,False,open_meteo,85.2,85.8,7.5,10.7,129.0,0.0,0.0,44.0,3.0
2026_CFB_W04_MIZ_MSST,2026-09-23T11:05:11.601478+00:00,2026-09-26T23:45:00+00:00,84.7,False,False,open_meteo,84.2,85.1,4.5,9.2,307.0,0.0,0.0,42.0,3.0
2026_CFB_W04_SHSU_TTU,2026-09-23T11:05:12.507342+00:00,2026-09-26T16:00:00+00:00,76.9,False,False,open_meteo,77.5,75.4,13.9,21.5,226.0,0.07,0.0,57.0,3.0
2026_CFB_W04_OU_UGA,2026-09-23T11:05:13.405230+00:00,2026-09-26T19:30:00+00:00,80.4,False,False,open_meteo,81.9,83.5,1.6,3.4,270.0,0.0,0.0,30.0,0.0
2026_CFB_W04_HOU_GASO,2026-09-23T11:05:14.294635+00:00,2026-09-26T20:00:00+00:00,80.9,False,False,open_meteo,80.1,76.2,5.6,6.0,56.0,0.0,0.0,20.0,0.0
2026_CFB_W04_KSU_CIN,2026-09-23T11:05:15.161675+00:00,2026-09-26T23:00:00+00:00,83.9,False,False,open_meteo,64.5,61.4,4.4,9.4,45.0,0.0,0.0,49.0,3.0
2026_CFB_W04_UTAH_ISU,2026-09-23T11:05:16.086586+00:00,2026-09-26T19:30:00+00:00,80.4,False,False,open_meteo,64.0,61.8,14.1,20.4,145.0,0.44,0.0,90.0,3.0
2026_CFB_W04_OKST_WVU,2026-09-23T11:05:16.957628+00:00,2026-09-26T23:00:00+00:00,83.9,False,False,open_meteo,56.7,55.3,1.6,2.7,344.0,0.0,0.0,71.0,0.0
2026_CFB_W04_FCS2110_FSU,2026-09-23T11:05:17.839254+00:00,2026-09-26T19:00:00+00:00,79.9,False,False,open_meteo,83.9,81.9,6.0,8.5,45.0,0.0,0.0,24.0,3.0
2026_CFB_W04_DEL_UVA,2026-09-23T11:05:18.700659+00:00,2026-09-26T22:00:00+00:00,82.9,False,False,open_meteo,71.4,68.6,4.4,8.1,15.0,0.02,0.0,41.0,0.0
2026_CFB_W04_MOST_SMU,2026-09-23T11:05:19.578814+00:00,2026-09-27T01:00:00+00:00,85.9,False,False,open_meteo,88.3,87.9,9.7,13.6,185.0,0.03,0.0,40.0,3.0
2026_CFB_W04_VT_BC,2026-09-23T11:05:20.470230+00:00,2026-09-26T16:00:00+00:00,76.9,False,False,open_meteo,52.3,47.0,12.7,34.7,351.0,0.66,0.079,93.0,61.0
2026_CFB_W04_TCU_UCF,2026-09-23T11:05:21.344765+00:00,2026-09-26T19:30:00+00:00,80.4,False,False,open_meteo,84.1,82.8,14.8,6.7,55.0,0.05,0.0,47.0,3.0
2026_CFB_W04_COLO_BAY,2026-09-23T11:05:22.235953+00:00,2026-09-26T16:00:00+00:00,76.9,False,False,open_meteo,84.5,87.4,10.4,13.0,199.0,0.0,0.0,59.0,3.0
2026_CFB_W04_UCLA_MD,2026-09-23T11:05:23.124540+00:00,2026-09-26T17:30:00+00:00,78.4,False,False,open_meteo,72.7,70.1,8.8,12.5,324.0,0.03,0.0,38.0,0.0
2026_CFB_W04_IOWA_MICH,2026-09-23T11:05:24.027691+00:00,2026-09-26T19:30:00+00:00,80.4,False,False,open_meteo,71.4,68.0,5.7,6.9,21.0,0.0,0.0,31.0,0.0
2026_CFB_W04_NEB_MSU,2026-09-23T11:05:24.895660+00:00,2026-09-26T21:00:00+00:00,81.9,False,False,open_meteo,69.8,65.3,5.9,6.9,47.0,0.0,0.0,36.0,0.0
2026_CFB_W04_ND_PUR,2026-09-23T11:05:25.780265+00:00,2026-09-26T18:00:00+00:00,78.9,False,False,open_meteo,68.1,65.3,8.2,9.4,99.0,0.0,0.0,45.0,1.0
2026_CFB_W04_ORE_USC,2026-09-23T11:05:26.648184+00:00,2026-09-26T23:30:00+00:00,84.4,False,False,open_meteo,88.7,83.9,10.3,6.7,243.0,0.0,0.0,24.0,3.0
2026_CFB_W04_MINN_WASH,2026-09-23T11:05:27.550019+00:00,2026-09-27T03:00:00+00:00,87.9,False,False,open_meteo,53.3,48.5,6.9,14.1,358.0,0.0,0.0,67.0,3.0
2026_CFB_W04_SDSU_TOL,2026-09-23T11:05:28.425243+00:00,2026-09-26T16:00:00+00:00,76.9,False,False,open_meteo,67.9,64.4,5.4,7.8,38.0,0.0,0.0,38.0,0.0
2026_CFB_W04_BOIS_WMU,2026-09-23T11:05:29.390912+00:00,2026-09-26T19:30:00+00:00,80.4,False,False,open_meteo,69.8,67.5,4.6,4.7,67.0,0.0,0.0,35.0,0.0
2026_CFB_W04_CONN_MOH,2026-09-23T11:05:30.256650+00:00,2026-09-26T19:30:00+00:00,80.4,False,False,open_meteo,70.5,67.7,7.7,7.4,52.0,0.0,0.0,38.0,0.0
2026_CFB_W04_UL_CLT,2026-09-23T11:05:31.148229+00:00,2026-09-26T22:30:00+00:00,83.4,False,False,open_meteo,77.2,72.3,5.3,6.5,255.0,0.0,0.0,25.0,2.0
2026_CFB_W04_FAU_ULM,2026-09-23T11:05:32.048080+00:00,2026-09-27T00:00:00+00:00,84.9,False,False,open_meteo,83.4,86.9,2.5,0.4,243.0,0.01,0.0,50.0,3.0
2026_CFB_W04_USM_TULN,2026-09-23T11:05:32.915827+00:00,2026-09-26T23:00:00+00:00,83.9,False,False,open_meteo,85.4,83.8,9.6,10.7,89.0,0.0,0.0,39.0,3.0
2026_CFB_W04_USF_BGSU,2026-09-23T11:05:33.800555+00:00,2026-09-26T21:00:00+00:00,81.9,False,False,open_meteo,69.1,64.0,7.7,7.8,68.0,0.0,0.0,38.0,0.0
2026_CFB_W04_CSU_UTSA,2026-09-23T11:05:33.800822+00:00,2026-09-26T16:00:00+00:00,76.9,True,False,open_meteo,,,,,,,,,
2026_CFB_W04_WAKE_LOU,2026-09-23T11:05:34.671843+00:00,2026-09-26T16:00:00+00:00,76.9,False,False,open_meteo,64.5,60.5,4.8,7.8,77.0,0.0,0.0,44.0,3.0
2026_CFB_W04_ILL_OSU,2026-09-23T11:05:35.561574+00:00,2026-09-26T16:00:00+00:00,76.9,False,False,open_meteo,66.2,63.5,5.2,8.7,59.0,0.0,0.0,43.0,0.0
2026_CFB_W04_AF_NEV,2026-09-23T11:05:36.448098+00:00,2026-09-27T02:30:00+00:00,87.4,False,False,open_meteo,71.4,64.3,6.9,10.3,216.0,0.0,0.0,21.0,3.0
2026_CFB_W04_NIU_GAST,2026-09-23T11:05:37.364441+00:00,2026-09-26T18:00:00+00:00,78.9,False,False,open_meteo,81.1,82.4,2.7,4.7,222.0,0.0,0.0,30.0,0.0
2026_CFB_W04_APP_NCSU,2026-09-23T11:05:38.241009+00:00,2026-09-26T23:30:00+00:00,84.4,False,False,open_meteo,69.0,65.9,2.7,3.1,275.0,0.0,0.0,38.0,0.0
2026_CFB_W04_BALL_KENT,2026-09-23T11:05:39.148699+00:00,2026-09-26T16:00:00+00:00,76.9,False,False,open_meteo,67.2,64.2,6.7,8.3,2.0,0.0,0.0,45.0,0.0
2026_CFB_W04_UNLV_AKR,2026-09-23T11:05:40.026913+00:00,2026-09-26T16:00:00+00:00,76.9,False,False,open_meteo,66.8,64.0,5.6,8.1,355.0,0.0,0.0,43.0,0.0
2026_CFB_W04_MASS_SAC,2026-09-23T11:05:40.921187+00:00,2026-09-27T01:00:00+00:00,85.9,False,False,open_meteo,83.3,76.2,8.5,13.6,252.0,0.0,0.0,17.0,3.0
2026_CFB_W04_JMU_ODU,2026-09-23T11:05:41.832308+00:00,2026-09-26T22:00:00+00:00,82.9,False,False,open_meteo,74.1,69.7,6.3,9.4,315.0,0.05,0.0,33.0,0.0
2026_CFB_W04_FCS2083_PITT,2026-09-23T11:05:41.832777+00:00,2026-09-26T16:00:00+00:00,76.9,False,False,open_meteo,65.9,63.6,4.5,7.6,357.0,0.0,0.0,43.0,0.0
2026_CFB_W04_TEX_TENN,2026-09-23T11:05:42.708451+00:00,2026-09-26T16:00:00+00:00,76.9,False,False,open_meteo,64.7,63.9,2.7,2.2,336.0,0.0,0.0,62.0,3.0
2026_CFB_W04_USA_UK,2026-09-23T11:05:43.624087+00:00,2026-09-26T16:45:00+00:00,77.7,False,False,open_meteo,64.8,60.1,6.5,8.9,82.0,0.0,0.0,44.0,3.0
2026_CFB_W04_FCS2815_EMU,2026-09-23T11:05:44.491753+00:00,2026-09-26T17:00:00+00:00,77.9,False,False,open_meteo,69.1,66.0,6.3,7.4,35.0,0.0,0.0,36.0,0.0
2026_CFB_W04_HAW_WYO,2026-09-23T11:05:45.465437+00:00,2026-09-26T19:00:00+00:00,79.9,False,False,open_meteo,73.7,66.8,11.4,14.1,274.0,0.02,0.0,19.0,0.0
2026_CFB_W04_UNM_NMSU,2026-09-23T11:05:46.359080+00:00,2026-09-26T19:30:00+00:00,80.4,False,False,open_meteo,84.5,83.8,7.0,8.3,310.0,0.02,0.0,26.0,0.0
2026_CFB_W04_FCS2523_BUF,2026-09-23T11:05:47.255550+00:00,2026-09-26T19:30:00+00:00,80.4,False,False,open_meteo,68.5,63.8,7.9,11.0,353.0,0.0,0.0,41.0,3.0
2026_CFB_W04_FCS284_OHIO,2026-09-23T11:05:48.133261+00:00,2026-09-26T19:30:00+00:00,80.4,False,False,open_meteo,71.1,69.8,4.5,6.7,33.0,0.0,0.0,38.0,0.0
2026_CFB_W04_FCS2729_DUKE,2026-09-23T11:05:49.025845+00:00,2026-09-26T19:30:00+00:00,80.4,False,False,open_meteo,78.5,75.9,4.7,7.4,305.0,0.0,0.0,22.0,0.0
2026_CFB_W04_FCS2241_MRSH,2026-09-23T11:05:49.904852+00:00,2026-09-26T19:30:00+00:00,80.4,False,False,open_meteo,73.7,72.4,5.3,5.6,12.0,0.0,0.0,36.0,0.0
2026_CFB_W04_FCS2428_ECU,2026-09-23T11:05:50.799999+00:00,2026-09-26T20:00:00+00:00,80.9,False,False,open_meteo,76.1,72.3,7.7,9.4,322.0,0.01,0.0,32.0,0.0
2026_CFB_W04_FCS2916_TXST,2026-09-23T11:05:51.671040+00:00,2026-09-26T22:00:00+00:00,82.9,False,False,open_meteo,96.8,95.6,10.1,8.1,183.0,0.01,0.0,29.0,3.0
2026_CFB_W04_FCS2341_FIU,2026-09-23T11:05:52.558802+00:00,2026-09-26T22:00:00+00:00,82.9,False,False,open_meteo,85.2,87.7,10.8,9.6,86.0,0.27,0.008,57.0,51.0
2026_CFB_W04_CMU_MIA,2026-09-23T11:05:52.559209+00:00,2026-09-26T22:30:00+00:00,83.4,False,False,open_meteo,85.0,88.3,10.0,9.6,74.0,0.17,0.012,59.0,51.0
2026_CFB_W04_KENN_ARST,2026-09-23T11:05:53.461853+00:00,2026-09-26T23:00:00+00:00,83.9,False,False,open_meteo,69.1,66.9,10.2,19.2,32.0,0.01,0.004,64.0,51.0
2026_CFB_W04_FCS2385_WKU,2026-09-23T11:05:54.329869+00:00,2026-09-26T23:00:00+00:00,83.9,False,False,open_meteo,67.8,65.2,1.7,2.5,310.0,0.01,0.0,40.0,3.0
2026_CFB_W04_MTSU_JXST,2026-09-23T11:05:55.231939+00:00,2026-09-26T23:00:00+00:00,83.9,False,False,open_meteo,73.8,76.8,3.1,2.9,240.0,0.01,0.0,67.0,3.0
2026_CFB_W04_TROY_USU,2026-09-23T11:05:56.110588+00:00,2026-09-26T23:30:00+00:00,84.4,False,False,open_meteo,76.9,71.1,7.4,17.2,235.0,0.0,0.0,25.0,3.0
2026_CFB_W04_FCS2277_UNT,2026-09-23T11:05:57.008700+00:00,2026-09-26T23:30:00+00:00,84.4,False,False,open_meteo,91.8,90.0,14.9,17.2,188.0,0.07,0.0,38.0,3.0
2026_CFB_W04_ARIZ_WSU,2026-09-23T11:05:57.886967+00:00,2026-09-26T23:30:00+00:00,84.4,False,False,open_meteo,59.0,51.8,6.5,9.2,286.0,0.0,0.0,30.0,1.0
2026_CFB_W04_TLSA_ARK,2026-09-23T11:05:58.781529+00:00,2026-09-27T00:00:00+00:00,84.9,False,False,open_meteo,68.9,71.1,4.9,5.6,114.0,0.04,0.0,79.0,3.0
2026_CFB_W04_ORST_UTEP,2026-09-23T11:05:59.668163+00:00,2026-09-27T01:00:00+00:00,85.9,False,False,open_meteo,86.8,81.5,7.2,5.6,5.0,0.01,0.0,20.0,0.0
2026_CFB_W04_RICE_FRES,2026-09-23T11:06:00.576462+00:00,2026-09-27T02:00:00+00:00,86.9,False,False,open_meteo,86.9,83.6,2.6,2.7,70.0,0.0,0.0,20.0,0.0
2026_CFB_W04_GT_STAN,2026-09-23T11:06:01.461799+00:00,2026-09-27T02:30:00+00:00,87.4,False,False,open_meteo,66.8,64.0,6.1,6.5,260.0,0.0,0.0,53.0,0.0
2026_CFB_W04_LIB_CCU,2026-09-24T11:06:06.071155+00:00,2026-09-24T23:30:00+00:00,12.4,False,False,open_meteo,70.8,68.6,10.0,22.8,351.0,0.23,0.0,60.0,0.0
2026_CFB_W04_ARMY_TEM,2026-09-24T11:06:06.071715+00:00,2026-09-25T20:00:00+00:00,32.9,False,False,open_meteo,72.5,62.8,17.3,30.2,5.0,0.02,0.0,31.0,3.0
2026_CFB_W04_NAVY_UAB,2026-09-24T11:06:07.581945+00:00,2026-09-25T23:00:00+00:00,35.9,False,False,open_meteo,80.3,79.9,5.4,9.4,19.0,0.0,0.0,43.0,3.0
2026_CFB_W04_FCS47_RUTG,2026-09-24T11:06:09.059299+00:00,2026-09-25T23:00:00+00:00,35.9,False,False,open_meteo,61.1,49.4,22.3,50.1,21.0,0.15,0.0,47.0,3.0
2026_CFB_W04_NU_IU,2026-09-24T11:06:10.565184+00:00,2026-09-26T00:00:00+00:00,36.9,False,False,open_meteo,62.1,57.6,6.2,13.2,46.0,0.0,0.0,49.0,3.0
2026_CFB_W04_CLEM_CAL,2026-09-24T11:06:12.061456+00:00,2026-09-26T02:30:00+00:00,39.4,False,False,open_meteo,62.7,61.2,2.3,8.7,331.0,0.0,0.0,59.0,3.0
2026_CFB_W04_WIS_PSU,2026-09-24T11:06:13.567846+00:00,2026-09-26T21:00:00+00:00,57.9,False,False,open_meteo,67.7,62.7,11.9,20.1,357.0,0.03,0.0,53.0,0.0
2026_CFB_W04_SC_ALA,2026-09-24T11:06:15.072785+00:00,2026-09-26T23:00:00+00:00,59.9,False,False,open_meteo,83.0,83.5,4.6,8.7,14.0,0.0,0.0,42.0,3.0
2026_CFB_W04_VAN_AUB,2026-09-24T11:06:16.594209+00:00,2026-09-26T20:15:00+00:00,57.1,False,False,open_meteo,84.2,86.0,4.3,6.3,305.0,0.0,0.0,38.0,2.0
2026_CFB_W04_MISS_FLA,2026-09-24T11:06:18.083534+00:00,2026-09-26T19:30:00+00:00,56.4,False,False,open_meteo,84.2,81.2,6.0,6.3,15.0,0.0,0.0,15.0,0.0
2026_CFB_W04_TAM_LSU,2026-09-24T11:06:19.581365+00:00,2026-09-26T23:30:00+00:00,60.4,False,False,open_meteo,88.3,89.5,4.6,4.9,113.0,0.0,0.0,38.0,3.0
2026_CFB_W04_MIZ_MSST,2026-09-24T11:06:21.088332+00:00,2026-09-26T23:45:00+00:00,60.6,False,False,open_meteo,84.0,85.1,4.0,3.6,254.0,0.0,0.0,42.0,3.0
2026_CFB_W04_SHSU_TTU,2026-09-24T11:06:22.573388+00:00,2026-09-26T16:00:00+00:00,52.9,False,False,open_meteo,75.3,75.0,11.0,19.2,218.0,0.03,0.0,64.0,3.0
2026_CFB_W04_OU_UGA,2026-09-24T11:06:24.071822+00:00,2026-09-26T19:30:00+00:00,56.4,False,False,open_meteo,82.4,83.1,4.8,7.4,248.0,0.0,0.0,32.0,0.0
2026_CFB_W04_HOU_GASO,2026-09-24T11:06:25.551987+00:00,2026-09-26T20:00:00+00:00,56.9,False,False,open_meteo,79.9,77.3,4.9,6.3,360.0,0.0,0.0,24.0,1.0
2026_CFB_W04_KSU_CIN,2026-09-24T11:06:27.056537+00:00,2026-09-26T23:00:00+00:00,59.9,False,False,open_meteo,64.4,62.7,3.8,6.5,360.0,0.0,0.0,59.0,3.0
2026_CFB_W04_UTAH_ISU,2026-09-24T11:06:28.541362+00:00,2026-09-26T19:30:00+00:00,56.4,False,False,open_meteo,56.4,53.2,11.5,20.8,127.0,0.77,0.0,96.0,3.0
2026_CFB_W04_OKST_WVU,2026-09-24T11:06:30.051105+00:00,2026-09-26T23:00:00+00:00,59.9,False,False,open_meteo,57.9,56.8,2.9,3.8,309.0,0.0,0.0,75.0,0.0
2026_CFB_W04_FCS2110_FSU,2026-09-24T11:06:31.549533+00:00,2026-09-26T19:00:00+00:00,55.9,False,False,open_meteo,85.7,85.3,4.4,6.7,30.0,0.0,0.0,22.0,0.0
2026_CFB_W04_DEL_UVA,2026-09-24T11:06:33.022749+00:00,2026-09-26T22:00:00+00:00,58.9,False,False,open_meteo,73.9,69.2,7.2,16.6,351.0,0.0,0.0,34.0,0.0
2026_CFB_W04_MOST_SMU,2026-09-24T11:06:34.537635+00:00,2026-09-27T01:00:00+00:00,61.9,False,False,open_meteo,87.0,88.9,2.0,3.4,153.0,0.02,0.0,38.0,3.0
2026_CFB_W04_VT_BC,2026-09-24T11:06:36.029128+00:00,2026-09-26T16:00:00+00:00,52.9,False,False,open_meteo,53.9,47.7,16.5,39.1,30.0,0.74,0.031,95.0,53.0
2026_CFB_W04_TCU_UCF,2026-09-24T11:06:37.531762+00:00,2026-09-26T19:30:00+00:00,56.4,False,False,open_meteo,84.4,84.3,9.3,6.0,27.0,0.0,0.0,37.0,3.0
2026_CFB_W04_COLO_BAY,2026-09-24T11:06:39.014485+00:00,2026-09-26T16:00:00+00:00,52.9,False,False,open_meteo,85.6,88.7,7.4,7.8,185.0,0.0,0.0,53.0,3.0
2026_CFB_W04_UCLA_MD,2026-09-24T11:06:40.518312+00:00,2026-09-26T17:30:00+00:00,54.4,False,False,open_meteo,75.0,70.1,12.3,19.2,345.0,0.02,0.0,31.0,0.0
2026_CFB_W04_IOWA_MICH,2026-09-24T11:06:42.023532+00:00,2026-09-26T19:30:00+00:00,56.4,False,False,open_meteo,72.3,68.3,7.2,9.4,26.0,0.0,0.0,31.0,0.0
2026_CFB_W04_NEB_MSU,2026-09-24T11:06:43.529752+00:00,2026-09-26T21:00:00+00:00,57.9,False,False,open_meteo,72.2,68.9,5.5,8.5,43.0,0.0,0.0,40.0,0.0
2026_CFB_W04_ND_PUR,2026-09-24T11:06:45.037099+00:00,2026-09-26T18:00:00+00:00,54.9,False,False,open_meteo,67.9,65.7,7.4,8.5,93.0,0.0,0.0,48.0,3.0
2026_CFB_W04_ORE_USC,2026-09-24T11:06:46.518335+00:00,2026-09-26T23:30:00+00:00,60.4,False,False,open_meteo,87.1,82.4,12.1,9.6,242.0,0.0,0.0,29.0,3.0
2026_CFB_W04_MINN_WASH,2026-09-24T11:06:48.027033+00:00,2026-09-27T03:00:00+00:00,63.9,False,False,open_meteo,52.4,47.8,5.6,14.3,5.0,0.0,0.0,65.0,3.0
2026_CFB_W04_SDSU_TOL,2026-09-24T11:06:49.507454+00:00,2026-09-26T16:00:00+00:00,52.9,False,False,open_meteo,68.3,64.8,5.6,9.6,40.0,0.0,0.0,38.0,0.0
2026_CFB_W04_BOIS_WMU,2026-09-24T11:06:51.029319+00:00,2026-09-26T19:30:00+00:00,56.4,False,False,open_meteo,70.5,67.6,3.9,5.1,66.0,0.0,0.0,31.0,3.0
2026_CFB_W04_CONN_MOH,2026-09-24T11:06:52.520116+00:00,2026-09-26T19:30:00+00:00,56.4,False,False,open_meteo,69.1,67.9,5.5,5.8,47.0,0.0,0.0,44.0,0.0
2026_CFB_W04_UL_CLT,2026-09-24T11:06:54.048966+00:00,2026-09-26T22:30:00+00:00,59.4,False,False,open_meteo,79.9,74.9,4.2,7.4,288.0,0.0,0.0,20.0,0.0
2026_CFB_W04_FAU_ULM,2026-09-24T11:06:55.572155+00:00,2026-09-27T00:00:00+00:00,60.9,False,False,open_meteo,85.9,89.1,1.3,1.3,59.0,0.0,0.0,43.0,3.0
2026_CFB_W04_USM_TULN,2026-09-24T11:06:57.089292+00:00,2026-09-26T23:00:00+00:00,59.9,False,False,open_meteo,87.7,89.4,3.2,4.9,65.0,0.0,0.0,38.0,3.0
2026_CFB_W04_USF_BGSU,2026-09-24T11:06:58.591842+00:00,2026-09-26T21:00:00+00:00,57.9,False,False,open_meteo,69.9,64.9,7.7,9.8,68.0,0.0,0.0,38.0,0.0
2026_CFB_W04_CSU_UTSA,2026-09-24T11:06:58.592194+00:00,2026-09-26T16:00:00+00:00,52.9,True,False,open_meteo,,,,,,,,,
2026_CFB_W04_WAKE_LOU,2026-09-24T11:07:00.092222+00:00,2026-09-26T16:00:00+00:00,52.9,False,False,open_meteo,69.9,66.0,4.5,6.7,63.0,0.0,0.0,36.0,3.0
2026_CFB_W04_ILL_OSU,2026-09-24T11:07:01.611076+00:00,2026-09-26T16:00:00+00:00,52.9,False,False,open_meteo,66.4,64.6,5.4,8.5,5.0,0.0,0.0,50.0,0.0
2026_CFB_W04_AF_NEV,2026-09-24T11:07:05.292523+00:00,2026-09-27T02:30:00+00:00,63.4,False,False,open_meteo,70.0,62.0,9.1,12.5,253.0,0.0,0.0,23.0,3.0
2026_CFB_W04_NIU_GAST,2026-09-24T11:07:08.337033+00:00,2026-09-26T18:00:00+00:00,54.9,False,False,open_meteo,81.5,81.7,5.2,6.7,265.0,0.0,0.0,30.0,2.0
2026_CFB_W04_APP_NCSU,2026-09-24T11:07:09.891060+00:00,2026-09-26T23:30:00+00:00,60.4,False,False,open_meteo,69.3,66.6,2.4,2.9,319.0,0.0,0.0,39.0,0.0
2026_CFB_W04_BALL_KENT,2026-09-24T11:07:11.413296+00:00,2026-09-26T16:00:00+00:00,52.9,False,False,open_meteo,67.7,64.2,8.6,11.4,20.0,0.0,0.0,46.0,0.0
2026_CFB_W04_UNLV_AKR,2026-09-24T11:07:12.937213+00:00,2026-09-26T16:00:00+00:00,52.9,False,False,open_meteo,67.5,64.3,6.7,10.7,15.0,0.0,0.0,43.0,0.0
2026_CFB_W04_MASS_SAC,2026-09-24T11:07:14.439991+00:00,2026-09-27T01:00:00+00:00,61.9,False,False,open_meteo,79.1,71.7,9.5,15.9,231.0,0.0,0.0,20.0,3.0
2026_CFB_W04_JMU_ODU,2026-09-24T11:07:15.958869+00:00,2026-09-26T22:00:00+00:00,58.9,False,False,open_meteo,75.3,70.0,9.7,17.2,341.0,0.02,0.0,34.0,0.0
2026_CFB_W04_FCS2083_PITT,2026-09-24T11:07:15.959394+00:00,2026-09-26T16:00:00+00:00,52.9,False,False,open_meteo,66.9,64.3,6.3,11.0,360.0,0.0,0.0,45.0,0.0
2026_CFB_W04_TEX_TENN,2026-09-24T11:07:17.456914+00:00,2026-09-26T16:00:00+00:00,52.9,False,False,open_meteo,69.9,67.2,5.7,5.8,64.0,0.0,0.0,37.0,0.0
2026_CFB_W04_USA_UK,2026-09-24T11:07:18.969385+00:00,2026-09-26T16:45:00+00:00,53.6,False,False,open_meteo,69.1,64.7,8.4,8.7,58.0,0.0,0.0,36.0,0.0
2026_CFB_W04_FCS2815_EMU,2026-09-24T11:07:20.459312+00:00,2026-09-26T17:00:00+00:00,53.9,False,False,open_meteo,70.0,66.4,7.6,9.2,34.0,0.0,0.0,36.0,0.0
2026_CFB_W04_HAW_WYO,2026-09-24T11:07:21.968677+00:00,2026-09-26T19:00:00+00:00,55.9,False,False,open_meteo,73.5,65.2,14.8,15.9,273.0,0.02,0.0,20.0,0.0
2026_CFB_W04_UNM_NMSU,2026-09-24T11:07:23.486587+00:00,2026-09-26T19:30:00+00:00,56.4,False,False,open_meteo,84.5,86.3,4.4,5.1,246.0,0.01,0.0,31.0,0.0
2026_CFB_W04_FCS2523_BUF,2026-09-24T11:07:24.972841+00:00,2026-09-26T19:30:00+00:00,56.4,False,False,open_meteo,69.4,64.2,9.8,13.9,17.0,0.0,0.0,40.0,3.0
2026_CFB_W04_FCS284_OHIO,2026-09-24T11:07:26.493495+00:00,2026-09-26T19:30:00+00:00,56.4,False,False,open_meteo,71.5,69.7,6.0,8.7,2.0,0.0,0.0,39.0,0.0
2026_CFB_W04_FCS2729_DUKE,2026-09-24T11:07:27.975758+00:00,2026-09-26T19:30:00+00:00,56.4,False,False,open_meteo,78.1,75.4,5.6,8.7,323.0,0.0,0.0,25.0,3.0
2026_CFB_W04_FCS2241_MRSH,2026-09-24T11:07:29.492367+00:00,2026-09-26T19:30:00+00:00,56.4,False,False,open_meteo,72.2,69.2,6.6,8.1,12.0,0.0,0.0,35.0,3.0
2026_CFB_W04_FCS2428_ECU,2026-09-24T11:07:30.976608+00:00,2026-09-26T20:00:00+00:00,56.9,False,False,open_meteo,77.6,71.7,11.9,16.1,337.0,0.0,0.0,30.0,0.0
2026_CFB_W04_FCS2916_TXST,2026-09-24T11:07:32.487374+00:00,2026-09-26T22:00:00+00:00,58.9,False,False,open_meteo,94.4,95.1,5.5,5.1,133.0,0.0,0.0,31.0,3.0
2026_CFB_W04_FCS2341_FIU,2026-09-24T11:07:33.997743+00:00,2026-09-26T22:00:00+00:00,58.9,False,False,open_meteo,84.9,87.5,10.1,7.6,76.0,0.37,0.008,57.0,51.0
2026_CFB_W04_CMU_MIA,2026-09-24T11:07:33.998280+00:00,2026-09-26T22:30:00+00:00,59.4,False,False,open_meteo,83.6,85.5,11.7,11.2,48.0,0.22,0.028,59.0,53.0
2026_CFB_W04_KENN_ARST,2026-09-24T11:07:35.489174+00:00,2026-09-26T23:00:00+00:00,59.9,False,False,open_meteo,83.0,78.9,8.8,11.2,54.0,0.0,0.0,30.0,3.0
2026_CFB_W04_FCS2385_WKU,2026-09-24T11:07:37.010010+00:00,2026-09-26T23:00:00+00:00,59.9,False,False,open_meteo,62.4,58.7,4.8,11.0,347.0,0.0,0.0,50.0,3.0
2026_CFB_W04_MTSU_JXST,2026-09-24T11:07:38.513961+00:00,2026-09-26T23:00:00+00:00,59.9,False,False,open_meteo,72.4,72.8,3.4,4.3,356.0,0.0,0.0,56.0,2.0
2026_CFB_W04_TROY_USU,2026-09-24T11:07:40.040940+00:00,2026-09-26T23:30:00+00:00,60.4,False,False,open_meteo,78.4,71.3,9.4,21.0,218.0,0.0,0.0,22.0,1.0
2026_CFB_W04_FCS2277_UNT,2026-09-24T11:07:41.548213+00:00,2026-09-26T23:30:00+00:00,60.4,False,False,open_meteo,86.1,84.6,11.0,14.1,167.0,0.05,0.0,41.0,3.0
2026_CFB_W04_ARIZ_WSU,2026-09-24T11:07:43.078320+00:00,2026-09-26T23:30:00+00:00,60.4,False,False,open_meteo,59.4,51.5,7.2,8.7,284.0,0.0,0.0,26.0,0.0
2026_CFB_W04_TLSA_ARK,2026-09-24T11:07:44.567760+00:00,2026-09-27T00:00:00+00:00,60.9,False,False,open_meteo,74.3,74.3,5.5,5.8,159.0,0.04,0.004,55.0,51.0
2026_CFB_W04_ORST_UTEP,2026-09-24T11:07:46.089515+00:00,2026-09-27T01:00:00+00:00,61.9,False,False,open_meteo,86.6,84.2,2.2,5.1,270.0,0.0,0.0,23.0,0.0
2026_CFB_W04_RICE_FRES,2026-09-24T11:07:47.598274+00:00,2026-09-27T02:00:00+00:00,62.9,False,False,open_meteo,85.5,81.9,3.3,3.1,48.0,0.0,0.0,21.0,0.0
2026_CFB_W04_GT_STAN,2026-09-24T11:07:49.101794+00:00,2026-09-27T02:30:00+00:00,63.4,False,False,open_meteo,63.9,61.3,6.5,7.6,268.0,0.0,0.0,61.0,3.0
2026_CFB_W04_LIB_CCU,2026-09-24T17:03:35.252993+00:00,2026-09-24T23:30:00+00:00,6.4,False,False,open_meteo,65.4,63.6,10.7,24.6,2.0,0.27,0.0,78.0,1.0
2026_CFB_W04_ARMY_TEM,2026-09-24T17:03:35.253411+00:00,2026-09-25T20:00:00+00:00,26.9,False,False,open_meteo,72.4,64.0,15.0,24.2,9.0,0.03,0.0,33.0,3.0
2026_CFB_W04_NAVY_UAB,2026-09-24T17:03:35.995160+00:00,2026-09-25T23:00:00+00:00,29.9,False,False,open_meteo,80.2,79.2,6.1,11.9,350.0,0.0,0.0,42.0,0.0
2026_CFB_W04_FCS47_RUTG,2026-09-24T17:03:36.720548+00:00,2026-09-25T23:00:00+00:00,29.9,False,False,open_meteo,66.4,59.7,10.8,26.4,21.0,0.15,0.0,40.0,3.0
2026_CFB_W04_NU_IU,2026-09-24T17:03:37.476591+00:00,2026-09-26T00:00:00+00:00,30.9,False,False,open_meteo,63.1,59.4,6.3,11.4,55.0,0.01,0.0,54.0,3.0
2026_CFB_W04_CLEM_CAL,2026-09-24T17:03:38.200206+00:00,2026-09-26T02:30:00+00:00,33.4,False,False,open_meteo,63.4,63.1,1.4,3.1,198.0,0.0,0.0,64.0,3.0
2026_CFB_W04_WIS_PSU,2026-09-24T17:03:38.959933+00:00,2026-09-26T21:00:00+00:00,51.9,False,False,open_meteo,63.4,57.7,13.2,24.2,336.0,0.03,0.0,61.0,3.0
2026_CFB_W04_SC_ALA,2026-09-24T17:03:39.704600+00:00,2026-09-26T23:00:00+00:00,53.9,False,False,open_meteo,83.6,83.7,4.8,7.8,349.0,0.0,0.0,40.0,3.0
2026_CFB_W04_VAN_AUB,2026-09-24T17:03:40.429714+00:00,2026-09-26T20:15:00+00:00,51.2,False,False,open_meteo,84.8,85.9,5.5,6.5,297.0,0.0,0.0,37.0,3.0
2026_CFB_W04_MISS_FLA,2026-09-24T17:03:41.173685+00:00,2026-09-26T19:30:00+00:00,50.4,False,False,open_meteo,84.7,81.4,6.3,6.5,8.0,0.0,0.0,14.0,0.0
2026_CFB_W04_TAM_LSU,2026-09-24T17:03:41.902619+00:00,2026-09-26T23:30:00+00:00,54.4,False,False,open_meteo,90.5,90.7,5.1,3.8,128.0,0.0,0.0,33.0,3.0
2026_CFB_W04_MIZ_MSST,2026-09-24T17:03:42.652625+00:00,2026-09-26T23:45:00+00:00,54.7,False,False,open_meteo,83.4,84.2,3.9,7.6,283.0,0.0,0.0,41.0,3.0
2026_CFB_W04_SHSU_TTU,2026-09-24T17:03:43.373360+00:00,2026-09-26T16:00:00+00:00,46.9,False,False,open_meteo,76.4,75.7,12.3,17.9,202.0,0.02,0.0,63.0,0.0
2026_CFB_W04_OU_UGA,2026-09-24T17:03:44.111600+00:00,2026-09-26T19:30:00+00:00,50.4,False,False,open_meteo,77.2,75.5,2.1,6.9,257.0,0.0,0.0,34.0,3.0
2026_CFB_W04_HOU_GASO,2026-09-24T17:03:44.870294+00:00,2026-09-26T20:00:00+00:00,50.9,False,False,open_meteo,81.0,77.7,5.2,6.7,7.0,0.0,0.0,21.0,0.0
2026_CFB_W04_KSU_CIN,2026-09-24T17:03:45.602339+00:00,2026-09-26T23:00:00+00:00,53.9,False,False,open_meteo,63.5,62.0,3.2,3.4,321.0,0.0,0.0,60.0,3.0
2026_CFB_W04_UTAH_ISU,2026-09-24T17:03:46.344327+00:00,2026-09-26T19:30:00+00:00,50.4,False,False,open_meteo,55.3,52.3,10.4,20.1,133.0,0.76,0.016,97.0,51.0
2026_CFB_W04_OKST_WVU,2026-09-24T17:03:47.068228+00:00,2026-09-26T23:00:00+00:00,53.9,False,False,open_meteo,57.6,55.7,4.0,7.6,313.0,0.0,0.0,74.0,0.0
2026_CFB_W04_FCS2110_FSU,2026-09-24T17:03:47.821257+00:00,2026-09-26T19:00:00+00:00,49.9,False,False,open_meteo,86.6,86.7,4.2,6.3,25.0,0.0,0.0,23.0,0.0
2026_CFB_W04_DEL_UVA,2026-09-24T17:03:48.549211+00:00,2026-09-26T22:00:00+00:00,52.9,False,False,open_meteo,71.9,66.9,8.4,19.0,344.0,0.0,0.0,37.0,0.0
2026_CFB_W04_MOST_SMU,2026-09-24T17:03:49.299620+00:00,2026-09-27T01:00:00+00:00,55.9,False,False,open_meteo,88.5,87.5,5.8,9.8,148.0,0.01,0.0,32.0,2.0
2026_CFB_W04_VT_BC,2026-09-24T17:03:50.054429+00:00,2026-09-26T16:00:00+00:00,46.9,False,False,open_meteo,53.9,46.3,19.9,43.8,36.0,0.63,0.012,95.0,51.0
2026_CFB_W04_TCU_UCF,2026-09-24T17:03:50.783771+00:00,2026-09-26T19:30:00+00:00,50.4,False,False,open_meteo,85.2,86.1,8.3,5.6,24.0,0.01,0.0,36.0,0.0
2026_CFB_W04_COLO_BAY,2026-09-24T17:03:51.539123+00:00,2026-09-26T16:00:00+00:00,46.9,False,False,open_meteo,86.7,88.6,7.4,8.3,183.0,0.0,0.0,47.0,3.0
2026_CFB_W04_UCLA_MD,2026-09-24T17:03:52.265827+00:00,2026-09-26T17:30:00+00:00,48.4,False,False,open_meteo,74.3,69.5,11.9,20.1,340.0,0.16,0.0,32.0,1.0
2026_CFB_W04_IOWA_MICH,2026-09-24T17:03:53.018802+00:00,2026-09-26T19:30:00+00:00,50.4,False,False,open_meteo,72.4,68.6,8.1,10.5,24.0,0.0,0.0,34.0,0.0
2026_CFB_W04_NEB_MSU,2026-09-24T17:03:53.759979+00:00,2026-09-26T21:00:00+00:00,51.9,False,False,open_meteo,73.4,70.0,6.1,8.7,24.0,0.0,0.0,39.0,0.0
2026_CFB_W04_ND_PUR,2026-09-24T17:03:54.487047+00:00,2026-09-26T18:00:00+00:00,48.9,False,False,open_meteo,67.2,65.6,5.6,6.5,85.0,0.0,0.0,48.0,3.0
2026_CFB_W04_ORE_USC,2026-09-24T17:03:55.227160+00:00,2026-09-26T23:30:00+00:00,54.4,False,False,open_meteo,86.9,83.6,10.5,7.6,241.0,0.0,0.0,32.0,3.0
2026_CFB_W04_MINN_WASH,2026-09-24T17:03:55.948538+00:00,2026-09-27T03:00:00+00:00,57.9,False,False,open_meteo,53.6,48.7,6.5,14.8,360.0,0.0,0.0,62.0,3.0
2026_CFB_W04_SDSU_TOL,2026-09-24T17:03:56.704249+00:00,2026-09-26T16:00:00+00:00,46.9,False,False,open_meteo,68.1,64.0,6.0,8.7,22.0,0.0,0.0,36.0,0.0
2026_CFB_W04_BOIS_WMU,2026-09-24T17:03:57.435170+00:00,2026-09-26T19:30:00+00:00,50.4,False,False,open_meteo,71.4,68.5,4.7,6.5,59.0,0.0,0.0,31.0,0.0
2026_CFB_W04_CONN_MOH,2026-09-24T17:03:58.193844+00:00,2026-09-26T19:30:00+00:00,50.4,False,False,open_meteo,68.7,67.7,6.0,6.7,39.0,0.0,0.0,47.0,0.0
2026_CFB_W04_UL_CLT,2026-09-24T17:03:58.946414+00:00,2026-09-26T22:30:00+00:00,53.4,False,False,open_meteo,79.0,74.5,4.1,7.6,292.0,0.0,0.0,23.0,0.0
2026_CFB_W04_FAU_ULM,2026-09-24T17:03:59.714474+00:00,2026-09-27T00:00:00+00:00,54.9,False,False,open_meteo,86.1,87.7,3.2,3.8,348.0,0.0,0.0,40.0,3.0
2026_CFB_W04_USM_TULN,2026-09-24T17:04:00.501673+00:00,2026-09-26T23:00:00+00:00,53.9,False,False,open_meteo,87.7,89.8,2.1,4.0,41.0,0.0,0.0,38.0,0.0
2026_CFB_W04_USF_BGSU,2026-09-24T17:04:01.334638+00:00,2026-09-26T21:00:00+00:00,51.9,False,False,open_meteo,70.9,66.3,6.9,9.8,57.0,0.0,0.0,37.0,0.0
2026_CFB_W04_CSU_UTSA,2026-09-24T17:04:01.334930+00:00,2026-09-26T16:00:00+00:00,46.9,True,False,open_meteo,,,,,,,,,
2026_CFB_W04_WAKE_LOU,2026-09-24T17:04:02.163948+00:00,2026-09-26T16:00:00+00:00,46.9,False,False,open_meteo,70.4,67.4,5.5,7.6,63.0,0.0,0.0,36.0,0.0
2026_CFB_W04_ILL_OSU,2026-09-24T17:04:02.997989+00:00,2026-09-26T16:00:00+00:00,46.9,False,False,open_meteo,66.4,64.9,5.2,8.3,5.0,0.0,0.0,51.0,0.0
2026_CFB_W04_AF_NEV,2026-09-24T17:04:03.764824+00:00,2026-09-27T02:30:00+00:00,57.4,False,False,open_meteo,69.2,61.1,9.3,13.6,249.0,0.0,0.0,23.0,3.0
2026_CFB_W04_NIU_GAST,2026-09-24T17:04:04.612845+00:00,2026-09-26T18:00:00+00:00,48.9,False,False,open_meteo,81.9,82.8,4.7,6.3,270.0,0.0,0.0,32.0,0.0
2026_CFB_W04_APP_NCSU,2026-09-24T17:04:05.388008+00:00,2026-09-26T23:30:00+00:00,54.4,False,False,open_meteo,68.2,65.6,4.2,4.5,254.0,0.0,0.0,46.0,0.0
2026_CFB_W04_BALL_KENT,2026-09-24T17:04:06.184825+00:00,2026-09-26T16:00:00+00:00,46.9,False,False,open_meteo,66.8,63.2,8.8,11.9,21.0,0.0,0.0,48.0,0.0
2026_CFB_W04_UNLV_AKR,2026-09-24T17:04:06.917340+00:00,2026-09-26T16:00:00+00:00,46.9,False,False,open_meteo,67.2,63.7,7.2,11.2,4.0,0.0,0.0,43.0,0.0
2026_CFB_W04_MASS_SAC,2026-09-24T17:04:07.678596+00:00,2026-09-27T01:00:00+00:00,55.9,False,False,open_meteo,79.9,72.7,9.2,14.3,238.0,0.0,0.0,20.0,0.0
2026_CFB_W04_JMU_ODU,2026-09-24T17:04:08.440170+00:00,2026-09-26T22:00:00+00:00,52.9,False,False,open_meteo,75.0,69.1,10.2,17.0,331.0,0.04,0.0,33.0,0.0
2026_CFB_W04_FCS2083_PITT,2026-09-24T17:04:08.440626+00:00,2026-09-26T16:00:00+00:00,46.9,False,False,open_meteo,66.6,63.7,6.5,11.4,352.0,0.0,0.0,45.0,0.0
2026_CFB_W04_TEX_TENN,2026-09-24T17:04:09.167900+00:00,2026-09-26T16:00:00+00:00,46.9,False,False,open_meteo,66.8,63.4,4.0,4.9,43.0,0.0,0.0,42.0,3.0
2026_CFB_W04_USA_UK,2026-09-24T17:04:09.959273+00:00,2026-09-26T16:45:00+00:00,47.7,False,False,open_meteo,68.6,64.3,8.3,8.5,52.0,0.0,0.0,37.0,0.0
2026_CFB_W04_FCS2815_EMU,2026-09-24T17:04:10.741068+00:00,2026-09-26T17:00:00+00:00,47.9,False,False,open_meteo,70.2,66.3,7.4,9.2,33.0,0.0,0.0,34.0,0.0
2026_CFB_W04_HAW_WYO,2026-09-24T17:04:11.487939+00:00,2026-09-26T19:00:00+00:00,49.9,False,False,open_meteo,73.4,66.6,11.2,13.4,258.0,0.02,0.0,20.0,0.0
2026_CFB_W04_UNM_NMSU,2026-09-24T17:04:12.231578+00:00,2026-09-26T19:30:00+00:00,50.4,False,False,open_meteo,82.6,85.8,3.8,4.0,208.0,0.0,0.0,38.0,0.0
2026_CFB_W04_FCS2523_BUF,2026-09-24T17:04:12.955128+00:00,2026-09-26T19:30:00+00:00,50.4,False,False,open_meteo,67.9,62.8,8.4,13.9,17.0,0.0,0.0,42.0,3.0
2026_CFB_W04_FCS284_OHIO,2026-09-24T17:04:13.694009+00:00,2026-09-26T19:30:00+00:00,50.4,False,False,open_meteo,71.0,69.0,6.5,9.6,356.0,0.0,0.0,40.0,0.0
2026_CFB_W04_FCS2729_DUKE,2026-09-24T17:04:14.431664+00:00,2026-09-26T19:30:00+00:00,50.4,False,False,open_meteo,77.8,75.3,5.9,9.4,299.0,0.0,0.0,26.0,0.0
2026_CFB_W04_FCS2241_MRSH,2026-09-24T17:04:15.187051+00:00,2026-09-26T19:30:00+00:00,50.4,False,False,open_meteo,72.6,70.2,6.5,8.1,6.0,0.0,0.0,34.0,0.0
2026_CFB_W04_FCS2428_ECU,2026-09-24T17:04:15.910424+00:00,2026-09-26T20:00:00+00:00,50.9,False,False,open_meteo,76.5,71.5,9.3,12.8,325.0,0.0,0.0,30.0,3.0
2026_CFB_W04_FCS2916_TXST,2026-09-24T17:04:16.658686+00:00,2026-09-26T22:00:00+00:00,52.9,False,False,open_meteo,95.3,96.4,5.4,5.4,138.0,0.0,0.0,31.0,3.0
2026_CFB_W04_FCS2341_FIU,2026-09-24T17:04:17.412020+00:00,2026-09-26T22:00:00+00:00,52.9,False,False,open_meteo,85.0,88.3,7.0,5.4,83.0,0.31,0.008,54.0,51.0
2026_CFB_W04_CMU_MIA,2026-09-24T17:04:17.412418+00:00,2026-09-26T22:30:00+00:00,53.4,False,False,open_meteo,83.1,85.5,9.8,9.2,69.0,0.28,0.024,59.0,53.0
2026_CFB_W04_KENN_ARST,2026-09-24T17:04:18.134135+00:00,2026-09-26T23:00:00+00:00,53.9,False,False,open_meteo,79.6,73.7,12.2,16.3,49.0,0.0,0.0,32.0,3.0
2026_CFB_W04_FCS2385_WKU,2026-09-24T17:04:18.876718+00:00,2026-09-26T23:00:00+00:00,53.9,False,False,open_meteo,72.7,68.3,4.3,4.0,51.0,0.0,0.0,30.0,3.0
2026_CFB_W04_MTSU_JXST,2026-09-24T17:04:19.608656+00:00,2026-09-26T23:00:00+00:00,53.9,False,False,open_meteo,73.1,73.6,3.6,4.3,338.0,0.0,0.0,56.0,3.0
2026_CFB_W04_TROY_USU,2026-09-24T17:04:20.349856+00:00,2026-09-26T23:30:00+00:00,54.4,False,False,open_meteo,78.7,71.4,9.7,23.7,220.0,0.0,0.0,21.0,1.0
2026_CFB_W04_FCS2277_UNT,2026-09-24T17:04:21.090734+00:00,2026-09-26T23:30:00+00:00,54.4,False,False,open_meteo,89.8,88.6,9.6,12.3,155.0,0.05,0.012,35.0,51.0
2026_CFB_W04_ARIZ_WSU,2026-09-24T17:04:21.820448+00:00,2026-09-26T23:30:00+00:00,54.4,False,False,open_meteo,58.3,51.1,5.6,6.3,299.0,0.0,0.0,27.0,0.0
2026_CFB_W04_TLSA_ARK,2026-09-24T17:04:22.560898+00:00,2026-09-27T00:00:00+00:00,54.9,False,False,open_meteo,73.4,73.4,4.3,4.0,145.0,0.01,0.004,54.0,51.0
2026_CFB_W04_ORST_UTEP,2026-09-24T17:04:23.289367+00:00,2026-09-27T01:00:00+00:00,55.9,False,False,open_meteo,85.9,83.1,3.5,3.8,297.0,0.02,0.0,24.0,0.0
2026_CFB_W04_RICE_FRES,2026-09-24T17:04:24.083869+00:00,2026-09-27T02:00:00+00:00,56.9,False,False,open_meteo,86.6,83.3,2.3,1.8,73.0,0.0,0.0,20.0,2.0
2026_CFB_W04_GT_STAN,2026-09-24T17:04:24.827132+00:00,2026-09-27T02:30:00+00:00,57.4,False,False,open_meteo,63.9,61.3,6.3,7.6,262.0,0.0,0.0,61.0,3.0
