injury_row_id,league,season,week,game_id,team_id,player_id,position,depth_slot,status,practice_status,injury_desc,report_date,source,entered_by,retrieved_at,effective_at
NFL_ARI_00-0034473_2021W01_OUT_DNP,NFL,2021,1,2021_NFL_W01_ARI_TEN,NFL_ARI,NFL_P_00-0034473,LB,,OUT,DNP,Knee,2021-09-11,nflverse,,2026-09-07T05:45:02.885579+00:00,2021-09-11T00:00:00
NFL_ARI_00-0035126_2021W01_OUT_DNP,NFL,2021,1,2021_NFL_W01_ARI_TEN,NFL_ARI,NFL_P_00-0035126,WR,,OUT,DNP,Illness,2021-09-11,nflverse,,2026-09-07T05:45:02.885579+00:00,2021-09-11T00:00:00
NFL_ATL_00-0031583_2021W01_NA_DNP,NFL,2021,1,2021_NFL_W01_PHI_ATL,NFL_ATL,NFL_P_00-0031583,DL,,UNKNOWN,DNP,Not injury related - personal matter,2021-09-11,nflverse,,2026-09-07T05:45:02.885579+00:00,2021-09-11T00:00:00
NFL_BAL_00-0031598_2021W01_NA_DNP,NFL,2021,1,2021_NFL_W01_BAL_LV,NFL_BAL,NFL_P_00-0031598,TE,,UNKNOWN,DNP,Knee,2021-09-13,nflverse,,2026-09-07T05:45:02.885579+00:00,2021-09-13T00:00:00
NFL_BAL_00-0026190_2021W01_NA_DNP,NFL,2021,1,2021_NFL_W01_BAL_LV,NFL_BAL,NFL_P_00-0026190,EDGE,,UNKNOWN,DNP,Not injury related - resting player,2021-09-13,nflverse,,2026-09-07T05:45:02.885579+00:00,2021-09-13T00:00:00
NFL_BAL_00-0032965_2021W01_NA_DNP,NFL,2021,1,2021_NFL_W01_BAL_LV,NFL_BAL,NFL_P_00-0032965,OL,,UNKNOWN,DNP,Not injury related - resting player,2021-09-13,nflverse,,2026-09-07T05:45:02.885579+00:00,2021-09-13T00:00:00
NFL_BAL_00-0030511_2021W01_NA_DNP,NFL,2021,1,2021_NFL_W01_BAL_LV,NFL_BAL,NFL_P_00-0030511,DL,,UNKNOWN,DNP,Not injury related - resting player,2021-09-13,nflverse,,2026-09-07T05:45:02.885579+00:00,2021-09-13T00:00:00
NFL_BAL_00-0034184_2021W01_NA_LP,NFL,2021,1,2021_NFL_W01_BAL_LV,NFL_BAL,NFL_P_00-0034184,RB,,UNKNOWN,LP,Knee,2021-09-13,nflverse,,2026-09-07T05:45:02.885579+00:00,2021-09-13T00:00:00
NFL_BAL_00-0032165_2021W01_NA_LP,NFL,2021,1,2021_NFL_W01_BAL_LV,NFL_BAL,NFL_P_00-0032165,CB,,UNKNOWN,LP,Knee,2021-09-13,nflverse,,2026-09-07T05:45:02.885579+00:00,2021-09-13T00:00:00
NFL_BAL_00-0029586_2021W01_OUT_DNP,NFL,2021,1,2021_NFL_W01_BAL_LV,NFL_BAL,NFL_P_00-0029586,EDGE,,OUT,DNP,Back,2021-09-13,nflverse,,2026-09-07T05:45:02.885579+00:00,2021-09-13T00:00:00
NFL_BAL_00-0036562_2021W01_QUESTIONABLE_FP,NFL,2021,1,2021_NFL_W01_BAL_LV,NFL_BAL,NFL_P_00-0036562,LB,,QUESTIONABLE,FP,Knee,2021-09-13,nflverse,,2026-09-07T05:45:02.885579+00:00,2021-09-13T00:00:00
NFL_BAL_00-0027965_2021W01_QUESTIONABLE_LP,NFL,2021,1,2021_NFL_W01_BAL_LV,NFL_BAL,NFL_P_00-0027965,CB,,QUESTIONABLE,LP,Ankle,2021-09-13,nflverse,,2026-09-07T05:45:02.885579+00:00,2021-09-13T00:00:00
NFL_BUF_00-0028339_2021W01_NA_DNP,NFL,2021,1,2021_NFL_W01_PIT_BUF,NFL_BUF,NFL_P_00-0028339,EDGE,,UNKNOWN,DNP,Not injury related - personal matter,2021-09-11,nflverse,,2026-09-07T05:45:02.885579+00:00,2021-09-11T00:00:00
NFL_BUF_00-0030455_2021W01_OUT_DNP,NFL,2021,1,2021_NFL_W01_PIT_BUF,NFL_BUF,NFL_P_00-0030455,DL,,OUT,DNP,Calf,2021-09-11,nflverse,,2026-09-07T05:45:02.885579+00:00,2021-09-11T00:00:00
NFL_BUF_00-0027685_2021W01_QUESTIONABLE_LP,NFL,2021,1,2021_NFL_W01_PIT_BUF,NFL_BUF,NFL_P_00-0027685,WR,,QUESTIONABLE,LP,Foot,2021-09-11,nflverse,,2026-09-07T05:45:02.885579+00:00,2021-09-11T00:00:00
NFL_CAR_00-0036572_2021W01_OUT_DNP,NFL,2021,1,2021_NFL_W01_NYJ_CAR,NFL_CAR,NFL_P_00-0036572,WR,,OUT,DNP,Shoulder,2021-09-11,nflverse,,2026-09-07T05:45:02.885579+00:00,2021-09-11T00:00:00
NFL_CHI_00-0031551_2021W01_DOUBTFUL_DNP,NFL,2021,1,2021_NFL_W01_CHI_LAR,NFL_CHI,NFL_P_00-0031551,DL,,DOUBTFUL,DNP,Knee,2021-09-12,nflverse,,2026-09-07T05:45:02.885579+00:00,2021-09-12T00:00:00
NFL_CHI_00-0032774_2021W01_QUESTIONABLE_FP,NFL,2021,1,2021_NFL_W01_CHI_LAR,NFL_CHI,NFL_P_00-0032774,S,,QUESTIONABLE,FP,Shoulder,2021-09-12,nflverse,,2026-09-07T05:45:02.885579+00:00,2021-09-12T00:00:00
NFL_CHI_00-0034372_2021W01_QUESTIONABLE_FP,NFL,2021,1,2021_NFL_W01_CHI_LAR,NFL_CHI,NFL_P_00-0034372,LB,,QUESTIONABLE,FP,Shoulder,2021-09-12,nflverse,,2026-09-07T05:45:02.885579+00:00,2021-09-12T00:00:00
NFL_CHI_00-0033784_2021W01_QUESTIONABLE_FP,NFL,2021,1,2021_NFL_W01_CHI_LAR,NFL_CHI,NFL_P_00-0033784,S,,QUESTIONABLE,FP,Wrist,2021-09-12,nflverse,,2026-09-07T05:45:02.885579+00:00,2021-09-12T00:00:00
NFL_CHI_00-0031040_2021W01_QUESTIONABLE_FP,NFL,2021,1,2021_NFL_W01_CHI_LAR,NFL_CHI,NFL_P_00-0031040,LB,,QUESTIONABLE,FP,Groin,2021-09-12,nflverse,,2026-09-07T05:45:02.885579+00:00,2021-09-12T00:00:00
NFL_CHI_00-0036309_2021W01_QUESTIONABLE_FP,NFL,2021,1,2021_NFL_W01_CHI_LAR,NFL_CHI,NFL_P_00-0036309,WR,,QUESTIONABLE,FP,Back,2021-09-12,nflverse,,2026-09-07T05:45:02.885579+00:00,2021-09-12T00:00:00
NFL_CHI_00-0027952_2021W01_QUESTIONABLE_FP,NFL,2021,1,2021_NFL_W01_CHI_LAR,NFL_CHI,NFL_P_00-0027952,LB,,QUESTIONABLE,FP,Back,2021-09-12,nflverse,,2026-09-07T05:45:02.885579+00:00,2021-09-12T00:00:00
NFL_CHI_00-0028284_2021W01_QUESTIONABLE_FP,NFL,2021,1,2021_NFL_W01_CHI_LAR,NFL_CHI,NFL_P_00-0028284,LS,,QUESTIONABLE,FP,Ankle,2021-09-12,nflverse,,2026-09-07T05:45:02.885579+00:00,2021-09-12T00:00:00
NFL_CHI_00-0028924_2021W01_QUESTIONABLE_LP,NFL,2021,1,2021_NFL_W01_CHI_LAR,NFL_CHI,NFL_P_00-0028924,S,,QUESTIONABLE,LP,Back,2021-09-12,nflverse,,2026-09-07T05:45:02.885579+00:00,2021-09-12T00:00:00
NFL_CIN_00-0031546_2021W01_OUT_DNP,NFL,2021,1,2021_NFL_W01_MIN_CIN,NFL_CIN,NFL_P_00-0031546,CB,,OUT,DNP,Hamstring,2021-09-11,nflverse,,2026-09-07T05:45:02.885579+00:00,2021-09-11T00:00:00
NFL_CLE_00-0036634_2021W01_OUT_DNP,NFL,2021,1,2021_NFL_W01_CLE_KC,NFL_CLE,NFL_P_00-0036634,LB,,OUT,DNP,Illness,2021-09-11,nflverse,,2026-09-07T05:45:02.885579+00:00,2021-09-11T00:00:00
NFL_CLE_00-0033995_2021W01_OUT_LP,NFL,2021,1,2021_NFL_W01_CLE_KC,NFL_CLE,NFL_P_00-0033995,OL,,OUT,LP,Back,2021-09-11,nflverse,,2026-09-07T05:45:02.885579+00:00,2021-09-11T00:00:00
NFL_CLE_00-0034779_2021W01_QUESTIONABLE_FP,NFL,2021,1,2021_NFL_W01_CLE_KC,NFL_CLE,NFL_P_00-0034779,S,,QUESTIONABLE,FP,Ankle,2021-09-11,nflverse,,2026-09-07T05:45:02.885579+00:00,2021-09-11T00:00:00
NFL_CLE_00-0035358_2021W01_QUESTIONABLE_FP,NFL,2021,1,2021_NFL_W01_CLE_KC,NFL_CLE,NFL_P_00-0035358,K,,QUESTIONABLE,FP,right Hamstring,2021-09-11,nflverse,,2026-09-07T05:45:02.885579+00:00,2021-09-11T00:00:00
NFL_CLE_00-0031235_2021W01_QUESTIONABLE_LP,NFL,2021,1,2021_NFL_W01_CLE_KC,NFL_CLE,NFL_P_00-0031235,WR,,QUESTIONABLE,LP,Knee,2021-09-11,nflverse,,2026-09-07T05:45:02.885579+00:00,2021-09-11T00:00:00
NFL_CLE_00-0031364_2021W01_QUESTIONABLE_LP,NFL,2021,1,2021_NFL_W01_CLE_KC,NFL_CLE,NFL_P_00-0031364,EDGE,,QUESTIONABLE,LP,Illness,2021-09-11,nflverse,,2026-09-07T05:45:02.885579+00:00,2021-09-11T00:00:00
NFL_CLE_00-0036282_2021W01_QUESTIONABLE_LP,NFL,2021,1,2021_NFL_W01_CLE_KC,NFL_CLE,NFL_P_00-0036282,S,,QUESTIONABLE,LP,Hamstring,2021-09-11,nflverse,,2026-09-07T05:45:02.885579+00:00,2021-09-11T00:00:00
NFL_CLE_00-0030076_2021W01_QUESTIONABLE_LP,NFL,2021,1,2021_NFL_W01_CLE_KC,NFL_CLE,NFL_P_00-0030076,OL,,QUESTIONABLE,LP,Knee,2021-09-11,nflverse,,2026-09-07T05:45:02.885579+00:00,2021-09-11T00:00:00
NFL_DEN_00-0034832_2021W01_QUESTIONABLE_LP,NFL,2021,1,2021_NFL_W01_DEN_NYG,NFL_DEN,NFL_P_00-0034832,LB,,QUESTIONABLE,LP,Ankle,2021-09-11,nflverse,,2026-09-07T05:45:02.885579+00:00,2021-09-11T00:00:00
NFL_DET_00-0032381_2021W01_OUT_DNP,NFL,2021,1,2021_NFL_W01_SF_DET,NFL_DET,NFL_P_00-0032381,OL,,OUT,DNP,Finger,2021-09-11,nflverse,,2026-09-07T05:45:02.885579+00:00,2021-09-11T00:00:00
NFL_DET_00-0029630_2021W01_QUESTIONABLE_LP,NFL,2021,1,2021_NFL_W01_SF_DET,NFL_DET,NFL_P_00-0029630,EDGE,,QUESTIONABLE,LP,Shoulder,2021-09-11,nflverse,,2026-09-07T05:45:02.885579+00:00,2021-09-11T00:00:00
NFL_DET_00-0036954_2021W01_QUESTIONABLE_LP,NFL,2021,1,2021_NFL_W01_SF_DET,NFL_DET,NFL_P_00-0036954,DL,,QUESTIONABLE,LP,Hip,2021-09-11,nflverse,,2026-09-07T05:45:02.885579+00:00,2021-09-11T00:00:00
NFL_DET_00-0036752_2021W01_QUESTIONABLE_LP,NFL,2021,1,2021_NFL_W01_SF_DET,NFL_DET,NFL_P_00-0036752,CB,,QUESTIONABLE,LP,Shoulder,2021-09-11,nflverse,,2026-09-07T05:45:02.885579+00:00,2021-09-11T00:00:00
NFL_DET_00-0030500_2021W01_QUESTIONABLE_LP,NFL,2021,1,2021_NFL_W01_SF_DET,NFL_DET,NFL_P_00-0030500,EDGE,,QUESTIONABLE,LP,Elbow,2021-09-11,nflverse,,2026-09-07T05:45:02.885579+00:00,2021-09-11T00:00:00
NFL_GB_00-0036243_2021W01_OUT_DNP,NFL,2021,1,2021_NFL_W01_GB_NO,NFL_GB,NFL_P_00-0036243,S,,OUT,DNP,Hamstring,2021-09-11,nflverse,,2026-09-07T05:45:02.885579+00:00,2021-09-11T00:00:00
NFL_GB_00-0031576_2021W01_QUESTIONABLE_DNP,NFL,2021,1,2021_NFL_W01_GB_NO,NFL_GB,NFL_P_00-0031576,LB,,QUESTIONABLE,DNP,Back,2021-09-11,nflverse,,2026-09-07T05:45:02.885579+00:00,2021-09-11T00:00:00
NFL_GB_00-0034185_2021W01_QUESTIONABLE_LP,NFL,2021,1,2021_NFL_W01_GB_NO,NFL_GB,NFL_P_00-0034185,DL,,QUESTIONABLE,LP,Back,2021-09-11,nflverse,,2026-09-07T05:45:02.885579+00:00,2021-09-11T00:00:00
NFL_HOU_00-0035244_2021W01_OUT_DNP,NFL,2021,1,2021_NFL_W01_JAX_HOU,NFL_HOU,NFL_P_00-0035244,CB,,OUT,DNP,Thigh,2021-09-11,nflverse,,2026-09-07T05:45:02.885579+00:00,2021-09-11T00:00:00
NFL_HOU_00-0033537_2021W01_OUT_DNP,NFL,2021,1,2021_NFL_W01_JAX_HOU,NFL_HOU,NFL_P_00-0033537,QB,,OUT,DNP,Not injury related - personal matter,2021-09-11,nflverse,,2026-09-07T05:45:02.885579+00:00,2021-09-11T00:00:00
NFL_HOU_00-0036224_2021W01_QUESTIONABLE_DNP,NFL,2021,1,2021_NFL_W01_JAX_HOU,NFL_HOU,NFL_P_00-0036224,EDGE,,QUESTIONABLE,DNP,Illness,2021-09-11,nflverse,,2026-09-07T05:45:02.885579+00:00,2021-09-11T00:00:00
NFL_HOU_00-0031308_2021W01_QUESTIONABLE_DNP,NFL,2021,1,2021_NFL_W01_JAX_HOU,NFL_HOU,NFL_P_00-0031308,LB,,QUESTIONABLE,DNP,Thigh,2021-09-11,nflverse,,2026-09-07T05:45:02.885579+00:00,2021-09-11T00:00:00
NFL_IND_00-0034846_2021W01_NA_DNP,NFL,2021,1,2021_NFL_W01_SEA_IND,NFL_IND,NFL_P_00-0034846,LB,,UNKNOWN,DNP,Ankle,2021-09-11,nflverse,,2026-09-07T05:45:02.885579+00:00,2021-09-11T00:00:00
NFL_IND_00-0030575_2021W01_OUT_DNP,NFL,2021,1,2021_NFL_W01_SEA_IND,NFL_IND,NFL_P_00-0030575,CB,,OUT,DNP,Calf,2021-09-11,nflverse,,2026-09-07T05:45:02.885579+00:00,2021-09-11T00:00:00
NFL_IND_00-0034354_2021W01_OUT_DNP,NFL,2021,1,2021_NFL_W01_SEA_IND,NFL_IND,NFL_P_00-0034354,EDGE,,OUT,DNP,Groin,2021-09-11,nflverse,,2026-09-07T05:45:02.885579+00:00,2021-09-11T00:00:00
NFL_IND_00-0030584_2021W01_OUT_LP,NFL,2021,1,2021_NFL_W01_SEA_IND,NFL_IND,NFL_P_00-0030584,OL,,OUT,LP,Achilles,2021-09-11,nflverse,,2026-09-07T05:45:02.885579+00:00,2021-09-11T00:00:00
NFL_IND_00-0034342_2021W01_QUESTIONABLE_FP,NFL,2021,1,2021_NFL_W01_SEA_IND,NFL_IND,NFL_P_00-0034342,OL,,QUESTIONABLE,FP,Foot,2021-09-11,nflverse,,2026-09-07T05:45:02.885579+00:00,2021-09-11T00:00:00
NFL_IND_00-0036215_2021W01_QUESTIONABLE_FP,NFL,2021,1,2021_NFL_W01_SEA_IND,NFL_IND,NFL_P_00-0036215,OL,,QUESTIONABLE,FP,Foot,2021-09-11,nflverse,,2026-09-07T05:45:02.885579+00:00,2021-09-11T00:00:00
NFL_JAX_00-0034516_2021W01_OUT_DNP,NFL,2021,1,2021_NFL_W01_JAX_HOU,NFL_JAX,NFL_P_00-0034516,CB,,OUT,DNP,Knee,2021-09-11,nflverse,,2026-09-07T05:45:02.885579+00:00,2021-09-11T00:00:00
NFL_JAX_00-0036974_2021W01_QUESTIONABLE_LP,NFL,2021,1,2021_NFL_W01_JAX_HOU,NFL_JAX,NFL_P_00-0036974,CB,,QUESTIONABLE,LP,Calf,2021-09-11,nflverse,,2026-09-07T05:45:02.885579+00:00,2021-09-11T00:00:00
NFL_JAX_00-0036868_2021W01_QUESTIONABLE_LP,NFL,2021,1,2021_NFL_W01_JAX_HOU,NFL_JAX,NFL_P_00-0036868,EDGE,,QUESTIONABLE,LP,Knee,2021-09-11,nflverse,,2026-09-07T05:45:02.885579+00:00,2021-09-11T00:00:00
NFL_KC_00-0032455_2021W01_OUT_DNP,NFL,2021,1,2021_NFL_W01_CLE_KC,NFL_KC,NFL_P_00-0032455,OL,,OUT,DNP,Abdomen,2021-09-11,nflverse,,2026-09-07T05:45:02.885579+00:00,2021-09-11T00:00:00
NFL_KC_00-0030459_2021W01_QUESTIONABLE_NA,NFL,2021,1,2021_NFL_W01_CLE_KC,NFL_KC,NFL_P_00-0030459,S,,QUESTIONABLE,,Illness,2021-09-11,nflverse,,2026-09-07T05:45:02.885579+00:00,2021-09-11T00:00:00
NFL_KC_00-0032210_2021W01_QUESTIONABLE_LP,NFL,2021,1,2021_NFL_W01_CLE_KC,NFL_KC,NFL_P_00-0032210,EDGE,,QUESTIONABLE,LP,Hamstring,2021-09-11,nflverse,,2026-09-07T05:45:02.885579+00:00,2021-09-11T00:00:00
NFL_KC_00-0034818_2021W01_QUESTIONABLE_LP,NFL,2021,1,2021_NFL_W01_CLE_KC,NFL_KC,NFL_P_00-0034818,DL,,QUESTIONABLE,LP,Hip,2021-09-11,nflverse,,2026-09-07T05:45:02.885579+00:00,2021-09-11T00:00:00
NFL_LAR_00-0026189_2021W01_NA_DNP,NFL,2021,1,2021_NFL_W01_CHI_LAR,NFL_LAR,NFL_P_00-0026189,WR,,UNKNOWN,DNP,Not injury related - resting player,2021-09-12,nflverse,,2026-09-07T05:45:02.885579+00:00,2021-09-12T00:00:00
NFL_LAR_00-0036862_2021W01_DOUBTFUL_LP,NFL,2021,1,2021_NFL_W01_CHI_LAR,NFL_LAR,NFL_P_00-0036862,WR,,DOUBTFUL,LP,Forearm,2021-09-12,nflverse,,2026-09-07T05:45:02.885579+00:00,2021-09-12T00:00:00
NFL_LAC_00-0034111_2021W01_OUT_DNP,NFL,2021,1,2021_NFL_W01_LAC_WAS,NFL_LAC,NFL_P_00-0034111,S,,OUT,DNP,Ankle,2021-09-11,nflverse,,2026-09-07T05:45:02.885579+00:00,2021-09-11T00:00:00
NFL_LAC_00-0033699_2021W01_QUESTIONABLE_LP,NFL,2021,1,2021_NFL_W01_LAC_WAS,NFL_LAC,NFL_P_00-0033699,RB,,QUESTIONABLE,LP,Hamstring,2021-09-11,nflverse,,2026-09-07T05:45:02.885579+00:00,2021-09-11T00:00:00
NFL_LV_00-0035700_2021W01_NA_LP,NFL,2021,1,2021_NFL_W01_BAL_LV,NFL_LV,NFL_P_00-0035700,RB,,UNKNOWN,LP,Toe,2021-09-13,nflverse,,2026-09-07T05:45:02.885579+00:00,2021-09-13T00:00:00
NFL_LV_00-0023516_2021W01_OUT_DNP,NFL,2021,1,2021_NFL_W01_BAL_LV,NFL_LV,NFL_P_00-0023516,OL,,OUT,DNP,Calf,2021-09-13,nflverse,,2026-09-07T05:45:02.885579+00:00,2021-09-13T00:00:00
NFL_LV_00-0035437_2021W01_DOUBTFUL_DNP,NFL,2021,1,2021_NFL_W01_BAL_LV,NFL_LV,NFL_P_00-0035437,CB,,DOUBTFUL,DNP,Shoulder,2021-09-13,nflverse,,2026-09-07T05:45:02.885579+00:00,2021-09-13T00:00:00
NFL_MIA_00-0036248_2021W01_QUESTIONABLE_NA,NFL,2021,1,2021_NFL_W01_MIA_NE,NFL_MIA,NFL_P_00-0036248,OL,,QUESTIONABLE,,Illness,2021-09-11,nflverse,,2026-09-07T05:45:02.885579+00:00,2021-09-11T00:00:00
NFL_MIA_00-0035350_2021W01_QUESTIONABLE_LP,NFL,2021,1,2021_NFL_W01_MIA_NE,NFL_MIA,NFL_P_00-0035350,WR,,QUESTIONABLE,LP,Foot,2021-09-11,nflverse,,2026-09-07T05:45:02.885579+00:00,2021-09-11T00:00:00
NFL_MIN_00-0031256_2021W01_OUT_DNP,NFL,2021,1,2021_NFL_W01_MIN_CIN,NFL_MIN,NFL_P_00-0031256,LB,,OUT,DNP,Knee,2021-09-11,nflverse,,2026-09-07T05:45:02.885579+00:00,2021-09-11T00:00:00
NFL_MIN_00-0036616_2021W01_OUT_LP,NFL,2021,1,2021_NFL_W01_MIN_CIN,NFL_MIN,NFL_P_00-0036616,OL,,OUT,LP,Groin,2021-09-11,nflverse,,2026-09-07T05:45:02.885579+00:00,2021-09-11T00:00:00
NFL_NE_00-0036245_2021W01_OUT_DNP,NFL,2021,1,2021_NFL_W01_MIA_NE,NFL_NE,NFL_P_00-0036245,WR,,OUT,DNP,Foot,2021-09-11,nflverse,,2026-09-07T05:45:02.885579+00:00,2021-09-11T00:00:00
NFL_NE_00-0031549_2021W01_QUESTIONABLE_LP,NFL,2021,1,2021_NFL_W01_MIA_NE,NFL_NE,NFL_P_00-0031549,WR,,QUESTIONABLE,LP,Ankle,2021-09-11,nflverse,,2026-09-07T05:45:02.885579+00:00,2021-09-11T00:00:00
NFL_NE_00-0035252_2021W01_QUESTIONABLE_LP,NFL,2021,1,2021_NFL_W01_MIA_NE,NFL_NE,NFL_P_00-0035252,OL,,QUESTIONABLE,LP,Hamstring,2021-09-11,nflverse,,2026-09-07T05:45:02.885579+00:00,2021-09-11T00:00:00
NFL_NE_00-0032803_2021W01_QUESTIONABLE_LP,NFL,2021,1,2021_NFL_W01_MIA_NE,NFL_NE,NFL_P_00-0032803,S,,QUESTIONABLE,LP,Ankle,2021-09-11,nflverse,,2026-09-07T05:45:02.885579+00:00,2021-09-11T00:00:00
NFL_NE_00-0036978_2021W01_QUESTIONABLE_LP,NFL,2021,1,2021_NFL_W01_MIA_NE,NFL_NE,NFL_P_00-0036978,LB,,QUESTIONABLE,LP,Shoulder,2021-09-11,nflverse,,2026-09-07T05:45:02.885579+00:00,2021-09-11T00:00:00
NFL_NO_00-0030067_2021W01_NA_DNP,NFL,2021,1,2021_NFL_W01_GB_NO,NFL_NO,NFL_P_00-0030067,OL,,UNKNOWN,DNP,Back,2021-09-11,nflverse,,2026-09-07T05:45:02.885579+00:00,2021-09-11T00:00:00
NFL_NO_00-0032875_2021W01_OUT_DNP,NFL,2021,1,2021_NFL_W01_GB_NO,NFL_NO,NFL_P_00-0032875,CB,,OUT,DNP,Hamstring,2021-09-11,nflverse,,2026-09-07T05:45:02.885579+00:00,2021-09-11T00:00:00
NFL_NO_00-0034765_2021W01_OUT_DNP,NFL,2021,1,2021_NFL_W01_GB_NO,NFL_NO,NFL_P_00-0034765,WR,,OUT,DNP,Hamstring,2021-09-11,nflverse,,2026-09-07T05:45:02.885579+00:00,2021-09-11T00:00:00
NFL_NO_00-0030694_2021W01_QUESTIONABLE_DNP,NFL,2021,1,2021_NFL_W01_GB_NO,NFL_NO,NFL_P_00-0030694,OL,,QUESTIONABLE,DNP,Knee,2021-09-11,nflverse,,2026-09-07T05:45:02.885579+00:00,2021-09-11T00:00:00
NFL_NO_00-0033874_2021W01_QUESTIONABLE_FP,NFL,2021,1,2021_NFL_W01_GB_NO,NFL_NO,NFL_P_00-0033874,CB,,QUESTIONABLE,FP,Knee,2021-09-11,nflverse,,2026-09-07T05:45:02.885579+00:00,2021-09-11T00:00:00
NFL_NYG_00-0033932_2021W01_NA_LP,NFL,2021,1,2021_NFL_W01_DEN_NYG,NFL_NYG,NFL_P_00-0033932,WR,,UNKNOWN,LP,Hamstring,2021-09-11,nflverse,,2026-09-07T05:45:02.885579+00:00,2021-09-11T00:00:00
NFL_NYG_00-0036673_2021W01_NA_LP,NFL,2021,1,2021_NFL_W01_DEN_NYG,NFL_NYG,NFL_P_00-0036673,LB,,UNKNOWN,LP,Foot,2021-09-11,nflverse,,2026-09-07T05:45:02.885579+00:00,2021-09-11T00:00:00
NFL_NYG_00-0034751_2021W01_NA_LP,NFL,2021,1,2021_NFL_W01_DEN_NYG,NFL_NYG,NFL_P_00-0034751,CB,,UNKNOWN,LP,Calf,2021-09-11,nflverse,,2026-09-07T05:45:02.885579+00:00,2021-09-11T00:00:00
NFL_NYG_00-0027981_2021W01_NA_LP,NFL,2021,1,2021_NFL_W01_DEN_NYG,NFL_NYG,NFL_P_00-0027981,TE,,UNKNOWN,LP,Foot,2021-09-11,nflverse,,2026-09-07T05:45:02.885579+00:00,2021-09-11T00:00:00
NFL_NYG_00-0032143_2021W01_NA_LP,NFL,2021,1,2021_NFL_W01_DEN_NYG,NFL_NYG,NFL_P_00-0032143,DL,,UNKNOWN,LP,Neck,2021-09-11,nflverse,,2026-09-07T05:45:02.885579+00:00,2021-09-11T00:00:00
NFL_NYG_00-0034988_2021W01_NA_LP,NFL,2021,1,2021_NFL_W01_DEN_NYG,NFL_NYG,NFL_P_00-0034988,TE,,UNKNOWN,LP,Knee,2021-09-11,nflverse,,2026-09-07T05:45:02.885579+00:00,2021-09-11T00:00:00
NFL_NYG_00-0036386_2021W01_NA_LP,NFL,2021,1,2021_NFL_W01_DEN_NYG,NFL_NYG,NFL_P_00-0036386,OL,,UNKNOWN,LP,Ankle,2021-09-11,nflverse,,2026-09-07T05:45:02.885579+00:00,2021-09-11T00:00:00
NFL_NYG_00-0036913_2021W01_NA_LP,NFL,2021,1,2021_NFL_W01_DEN_NYG,NFL_NYG,NFL_P_00-0036913,WR,,UNKNOWN,LP,Hamstring,2021-09-11,nflverse,,2026-09-07T05:45:02.885579+00:00,2021-09-11T00:00:00
NFL_NYG_00-0033881_2021W01_OUT_DNP,NFL,2021,1,2021_NFL_W01_DEN_NYG,NFL_NYG,NFL_P_00-0033881,TE,,OUT,DNP,Calf,2021-09-11,nflverse,,2026-09-07T05:45:02.885579+00:00,2021-09-11T00:00:00
NFL_NYG_00-0034844_2021W01_QUESTIONABLE_LP,NFL,2021,1,2021_NFL_W01_DEN_NYG,NFL_NYG,NFL_P_00-0034844,RB,,QUESTIONABLE,LP,Knee,2021-09-11,nflverse,,2026-09-07T05:45:02.885579+00:00,2021-09-11T00:00:00
NFL_NYG_00-0033878_2021W01_QUESTIONABLE_LP,NFL,2021,1,2021_NFL_W01_DEN_NYG,NFL_NYG,NFL_P_00-0033878,CB,,QUESTIONABLE,LP,Ankle,2021-09-11,nflverse,,2026-09-07T05:45:02.885579+00:00,2021-09-11T00:00:00
NFL_NYJ_00-0032592_2021W01_OUT_DNP,NFL,2021,1,2021_NFL_W01_NYJ_CAR,NFL_NYJ,NFL_P_00-0032592,S,,OUT,DNP,Hamstring,2021-09-11,nflverse,,2026-09-07T05:45:02.885579+00:00,2021-09-11T00:00:00
NFL_NYJ_00-0033681_2021W01_QUESTIONABLE_DNP,NFL,2021,1,2021_NFL_W01_NYJ_CAR,NFL_NYJ,NFL_P_00-0033681,WR,,QUESTIONABLE,DNP,Knee,2021-09-11,nflverse,,2026-09-07T05:45:02.885579+00:00,2021-09-11T00:00:00
NFL_NYJ_00-0036269_2021W01_QUESTIONABLE_FP,NFL,2021,1,2021_NFL_W01_NYJ_CAR,NFL_NYJ,NFL_P_00-0036269,RB,,QUESTIONABLE,FP,Foot,2021-09-11,nflverse,,2026-09-07T05:45:02.885579+00:00,2021-09-11T00:00:00
NFL_PHI_00-0029679_2021W01_NA_LP,NFL,2021,1,2021_NFL_W01_PHI_ATL,NFL_PHI,NFL_P_00-0029679,OL,,UNKNOWN,LP,Knee,2021-09-11,nflverse,,2026-09-07T05:45:02.885579+00:00,2021-09-11T00:00:00
NFL_PHI_00-0037002_2021W01_OUT_LP,NFL,2021,1,2021_NFL_W01_PHI_ATL,NFL_PHI,NFL_P_00-0037002,OL,,OUT,LP,Knee,2021-09-11,nflverse,,2026-09-07T05:45:02.885579+00:00,2021-09-11T00:00:00
NFL_PHI_00-0028899_2021W01_OUT_LP,NFL,2021,1,2021_NFL_W01_PHI_ATL,NFL_PHI,NFL_P_00-0028899,S,,OUT,LP,Knee,2021-09-11,nflverse,,2026-09-07T05:45:02.885579+00:00,2021-09-11T00:00:00
NFL_PHI_00-0036393_2021W01_QUESTIONABLE_FP,NFL,2021,1,2021_NFL_W01_PHI_ATL,NFL_PHI,NFL_P_00-0036393,LB,,QUESTIONABLE,FP,Calf,2021-09-11,nflverse,,2026-09-07T05:45:02.885579+00:00,2021-09-11T00:00:00
NFL_PIT_00-0034676_2021W01_NA_LP,NFL,2021,1,2021_NFL_W01_PIT_BUF,NFL_PIT,NFL_P_00-0034676,WR,,UNKNOWN,LP,Finger,2021-09-11,nflverse,,2026-09-07T05:45:02.885579+00:00,2021-09-11T00:00:00
NFL_PIT_00-0036333_2021W01_QUESTIONABLE_FP,NFL,2021,1,2021_NFL_W01_PIT_BUF,NFL_PIT,NFL_P_00-0036333,LB,,QUESTIONABLE,FP,Groin,2021-09-11,nflverse,,2026-09-07T05:45:02.885579+00:00,2021-09-11T00:00:00
NFL_SEA_00-0026166_2021W01_NA_DNP,NFL,2021,1,2021_NFL_W01_SEA_IND,NFL_SEA,NFL_P_00-0026166,OL,,UNKNOWN,DNP,Not injury related - resting player,2021-09-11,nflverse,,2026-09-07T05:45:02.885579+00:00,2021-09-11T00:00:00
NFL_SEA_00-0031367_2021W01_NA_DNP,NFL,2021,1,2021_NFL_W01_SEA_IND,NFL_SEA,NFL_P_00-0031367,OL,,UNKNOWN,DNP,Not injury related - resting player,2021-09-11,nflverse,,2026-09-07T05:45:02.885579+00:00,2021-09-11T00:00:00
NFL_SEA_00-0035640_2021W01_NA_LP,NFL,2021,1,2021_NFL_W01_SEA_IND,NFL_SEA,NFL_P_00-0035640,WR,,UNKNOWN,LP,Calf,2021-09-11,nflverse,,2026-09-07T05:45:02.885579+00:00,2021-09-11T00:00:00
NFL_SF_00-0037012_2021W01_NA_LP,NFL,2021,1,2021_NFL_W01_SF_DET,NFL_SF,NFL_P_00-0037012,QB,,UNKNOWN,LP,right Finger,2021-09-11,nflverse,,2026-09-07T05:45:02.885579+00:00,2021-09-11T00:00:00
NFL_SF_00-0034971_2021W01_OUT_DNP,NFL,2021,1,2021_NFL_W01_SF_DET,NFL_SF,NFL_P_00-0034971,WR,,OUT,DNP,Knee,2021-09-11,nflverse,,2026-09-07T05:45:02.885579+00:00,2021-09-11T00:00:00
NFL_SF_00-0036260_2021W01_DOUBTFUL_DNP,NFL,2021,1,2021_NFL_W01_SF_DET,NFL_SF,NFL_P_00-0036260,DL,,DOUBTFUL,DNP,Knee,2021-09-11,nflverse,,2026-09-07T05:45:02.885579+00:00,2021-09-11T00:00:00
NFL_SF_00-0034096_2021W01_DOUBTFUL_DNP,NFL,2021,1,2021_NFL_W01_SF_DET,NFL_SF,NFL_P_00-0034096,CB,,DOUBTFUL,DNP,Knee,2021-09-11,nflverse,,2026-09-07T05:45:02.885579+00:00,2021-09-11T00:00:00
NFL_SF_00-0035026_2021W01_QUESTIONABLE_LP,NFL,2021,1,2021_NFL_W01_SF_DET,NFL_SF,NFL_P_00-0035026,DL,,QUESTIONABLE,LP,Hip,2021-09-11,nflverse,,2026-09-07T05:45:02.885579+00:00,2021-09-11T00:00:00
NFL_TB_00-0034374_2021W01_OUT_DNP,NFL,2021,1,2021_NFL_W01_DAL_TB,NFL_TB,NFL_P_00-0034374,S,,OUT,DNP,Hamstring,2021-09-09,nflverse,,2026-09-07T05:45:02.885579+00:00,2021-09-09T00:00:00
NFL_TEN_00-0035292_2021W01_OUT_DNP,NFL,2021,1,2021_NFL_W01_ARI_TEN,NFL_TEN,NFL_P_00-0035292,LB,,OUT,DNP,Hamstring,2021-09-11,nflverse,,2026-09-07T05:45:02.885579+00:00,2021-09-11T00:00:00
NFL_TEN_00-0036173_2021W01_QUESTIONABLE_DNP,NFL,2021,1,2021_NFL_W01_ARI_TEN,NFL_TEN,NFL_P_00-0036173,TE,,QUESTIONABLE,DNP,Toe,2021-09-11,nflverse,,2026-09-07T05:45:02.885579+00:00,2021-09-11T00:00:00
NFL_TEN_00-0033138_2021W01_QUESTIONABLE_LP,NFL,2021,1,2021_NFL_W01_ARI_TEN,NFL_TEN,NFL_P_00-0033138,K,,QUESTIONABLE,LP,right Groin,2021-09-11,nflverse,,2026-09-07T05:45:02.885579+00:00,2021-09-11T00:00:00
NFL_TEN_00-0036240_2021W01_QUESTIONABLE_LP,NFL,2021,1,2021_NFL_W01_ARI_TEN,NFL_TEN,NFL_P_00-0036240,CB,,QUESTIONABLE,LP,Hamstring,2021-09-11,nflverse,,2026-09-07T05:45:02.885579+00:00,2021-09-11T00:00:00
NFL_TEN_00-0033943_2021W01_QUESTIONABLE_LP,NFL,2021,1,2021_NFL_W01_ARI_TEN,NFL_TEN,NFL_P_00-0033943,WR,,QUESTIONABLE,LP,Foot,2021-09-11,nflverse,,2026-09-07T05:45:02.885579+00:00,2021-09-11T00:00:00
NFL_WAS_00-0033282_2021W01_NA_DNP,NFL,2021,1,2021_NFL_W01_LAC_WAS,NFL_WAS,NFL_P_00-0033282,WR,,UNKNOWN,DNP,Groin,2021-09-11,nflverse,,2026-09-07T05:45:02.885579+00:00,2021-09-11T00:00:00
NFL_ARI_00-0027942_2021W02_NA_DNP,NFL,2021,2,2021_NFL_W02_MIN_ARI,NFL_ARI,NFL_P_00-0027942,WR,,UNKNOWN,DNP,Not injury related - resting player,2021-09-18,nflverse,,2026-09-07T05:45:02.885579+00:00,2021-09-18T00:00:00
NFL_ARI_00-0030564_2021W02_NA_DNP,NFL,2021,2,2021_NFL_W02_MIN_ARI,NFL_ARI,NFL_P_00-0030564,WR,,UNKNOWN,DNP,Not injury related - resting player,2021-09-18,nflverse,,2026-09-07T05:45:02.885579+00:00,2021-09-18T00:00:00
NFL_ARI_00-0027993_2021W02_NA_DNP,NFL,2021,2,2021_NFL_W02_MIN_ARI,NFL_ARI,NFL_P_00-0027993,OL,,UNKNOWN,DNP,Not injury related - resting player,2021-09-18,nflverse,,2026-09-07T05:45:02.885579+00:00,2021-09-18T00:00:00
NFL_ARI_00-0031241_2021W02_OUT_DNP,NFL,2021,2,2021_NFL_W02_MIN_ARI,NFL_ARI,NFL_P_00-0031241,LB,,OUT,DNP,Hamstring,2021-09-18,nflverse,,2026-09-07T05:45:02.885579+00:00,2021-09-18T00:00:00
NFL_ARI_00-0029316_2021W02_QUESTIONABLE_LP,NFL,2021,2,2021_NFL_W02_MIN_ARI,NFL_ARI,NFL_P_00-0029316,OL,,QUESTIONABLE,LP,Ribs,2021-09-18,nflverse,,2026-09-07T05:45:02.885579+00:00,2021-09-18T00:00:00
NFL_ATL_00-0036951_2021W02_OUT_DNP,NFL,2021,2,2021_NFL_W02_ATL_TB,NFL_ATL,NFL_P_00-0036951,WR,,OUT,DNP,Calf,2021-09-18,nflverse,,2026-09-07T05:45:02.885579+00:00,2021-09-18T00:00:00
NFL_BAL_00-0026190_2021W02_NA_DNP,NFL,2021,2,2021_NFL_W02_KC_BAL,NFL_BAL,NFL_P_00-0026190,DL,,UNKNOWN,DNP,Not injury related - resting player,2021-09-19,nflverse,,2026-09-07T05:45:02.885579+00:00,2021-09-19T00:00:00
NFL_BAL_00-0028008_2021W02_NA_DNP,NFL,2021,2,2021_NFL_W02_KC_BAL,NFL_BAL,NFL_P_00-0028008,LB,,UNKNOWN,DNP,Not injury related - resting player,2021-09-19,nflverse,,2026-09-07T05:45:02.885579+00:00,2021-09-19T00:00:00
NFL_BAL_00-0028103_2021W02_NA_DNP,NFL,2021,2,2021_NFL_W02_KC_BAL,NFL_BAL,NFL_P_00-0028103,LB,,UNKNOWN,DNP,Not injury related - resting player,2021-09-19,nflverse,,2026-09-07T05:45:02.885579+00:00,2021-09-19T00:00:00
NFL_BAL_00-0035422_2021W02_NA_DNP,NFL,2021,2,2021_NFL_W02_KC_BAL,NFL_BAL,NFL_P_00-0035422,CB,,UNKNOWN,DNP,Knee,2021-09-19,nflverse,,2026-09-07T05:45:02.885579+00:00,2021-09-19T00:00:00
NFL_BAL_00-0029586_2021W02_OUT_DNP,NFL,2021,2,2021_NFL_W02_KC_BAL,NFL_BAL,NFL_P_00-0029586,EDGE,,OUT,DNP,Back,2021-09-19,nflverse,,2026-09-07T05:45:02.885579+00:00,2021-09-19T00:00:00
NFL_BAL_00-0032965_2021W02_QUESTIONABLE_DNP,NFL,2021,2,2021_NFL_W02_KC_BAL,NFL_BAL,NFL_P_00-0032965,OL,,QUESTIONABLE,DNP,Ankle,2021-09-19,nflverse,,2026-09-07T05:45:02.885579+00:00,2021-09-19T00:00:00
NFL_BAL_00-0035662_2021W02_QUESTIONABLE_LP,NFL,2021,2,2021_NFL_W02_KC_BAL,NFL_BAL,NFL_P_00-0035662,WR,,QUESTIONABLE,LP,Ankle,2021-09-19,nflverse,,2026-09-07T05:45:02.885579+00:00,2021-09-19T00:00:00
NFL_BAL_00-0036331_2021W02_QUESTIONABLE_LP,NFL,2021,2,2021_NFL_W02_KC_BAL,NFL_BAL,NFL_P_00-0036331,WR,,QUESTIONABLE,LP,Groin,2021-09-19,nflverse,,2026-09-07T05:45:02.885579+00:00,2021-09-19T00:00:00
NFL_BAL_00-0036562_2021W02_QUESTIONABLE_LP,NFL,2021,2,2021_NFL_W02_KC_BAL,NFL_BAL,NFL_P_00-0036562,LB,,QUESTIONABLE,LP,Knee,2021-09-19,nflverse,,2026-09-07T05:45:02.885579+00:00,2021-09-19T00:00:00
NFL_BAL_00-0033281_2021W02_QUESTIONABLE_LP,NFL,2021,2,2021_NFL_W02_KC_BAL,NFL_BAL,NFL_P_00-0033281,CB,,QUESTIONABLE,LP,Back,2021-09-19,nflverse,,2026-09-07T05:45:02.885579+00:00,2021-09-19T00:00:00
NFL_BAL_00-0027965_2021W02_QUESTIONABLE_LP,NFL,2021,2,2021_NFL_W02_KC_BAL,NFL_BAL,NFL_P_00-0027965,CB,,QUESTIONABLE,LP,Ankle,2021-09-19,nflverse,,2026-09-07T05:45:02.885579+00:00,2021-09-19T00:00:00
NFL_BUF_00-0028339_2021W02_NA_DNP,NFL,2021,2,2021_NFL_W02_BUF_MIA,NFL_BUF,NFL_P_00-0028339,EDGE,,UNKNOWN,DNP,Not injury related - resting player,2021-09-18,nflverse,,2026-09-07T05:45:02.885579+00:00,2021-09-18T00:00:00
NFL_BUF_00-0029000_2021W02_NA_DNP,NFL,2021,2,2021_NFL_W02_BUF_MIA,NFL_BUF,NFL_P_00-0029000,WR,,UNKNOWN,DNP,Not injury related - resting player,2021-09-18,nflverse,,2026-09-07T05:45:02.885579+00:00,2021-09-18T00:00:00
NFL_BUF_00-0031588_2021W02_NA_DNP,NFL,2021,2,2021_NFL_W02_BUF_MIA,NFL_BUF,NFL_P_00-0031588,WR,,UNKNOWN,DNP,Not injury related - resting player,2021-09-18,nflverse,,2026-09-07T05:45:02.885579+00:00,2021-09-18T00:00:00
NFL_BUF_00-0027881_2021W02_NA_DNP,NFL,2021,2,2021_NFL_W02_BUF_MIA,NFL_BUF,NFL_P_00-0027881,EDGE,,UNKNOWN,DNP,Not injury related - resting player,2021-09-18,nflverse,,2026-09-07T05:45:02.885579+00:00,2021-09-18T00:00:00
NFL_BUF_00-0030090_2021W02_NA_LP,NFL,2021,2,2021_NFL_W02_BUF_MIA,NFL_BUF,NFL_P_00-0030090,S,,UNKNOWN,LP,Neck,2021-09-18,nflverse,,2026-09-07T05:45:02.885579+00:00,2021-09-18T00:00:00
NFL_BUF_00-0030455_2021W02_QUESTIONABLE_FP,NFL,2021,2,2021_NFL_W02_BUF_MIA,NFL_BUF,NFL_P_00-0030455,DL,,QUESTIONABLE,FP,Calf,2021-09-18,nflverse,,2026-09-07T05:45:02.885579+00:00,2021-09-18T00:00:00
NFL_BUF_00-0036196_2021W02_QUESTIONABLE_LP,NFL,2021,2,2021_NFL_W02_BUF_MIA,NFL_BUF,NFL_P_00-0036196,WR,,QUESTIONABLE,LP,Ankle,2021-09-18,nflverse,,2026-09-07T05:45:02.885579+00:00,2021-09-18T00:00:00
NFL_BUF_00-0031500_2021W02_QUESTIONABLE_LP,NFL,2021,2,2021_NFL_W02_BUF_MIA,NFL_BUF,NFL_P_00-0031500,EDGE,,QUESTIONABLE,LP,Calf,2021-09-18,nflverse,,2026-09-07T05:45:02.885579+00:00,2021-09-18T00:00:00
NFL_CAR_00-0031054_2021W02_NA_LP,NFL,2021,2,2021_NFL_W02_NO_CAR,NFL_CAR,NFL_P_00-0031054,DL,,UNKNOWN,LP,Groin,2021-09-18,nflverse,,2026-09-07T05:45:02.885579+00:00,2021-09-18T00:00:00
NFL_CAR_00-0033284_2021W02_NA_LP,NFL,2021,2,2021_NFL_W02_NO_CAR,NFL_CAR,NFL_P_00-0033284,OL,,UNKNOWN,LP,Groin,2021-09-18,nflverse,,2026-09-07T05:45:02.885579+00:00,2021-09-18T00:00:00
NFL_CHI_00-0036905_2021W02_OUT_DNP,NFL,2021,2,2021_NFL_W02_CIN_CHI,NFL_CHI,NFL_P_00-0036905,OL,,OUT,DNP,Ankle,2021-09-18,nflverse,,2026-09-07T05:45:02.885579+00:00,2021-09-18T00:00:00
NFL_CHI_00-0031551_2021W02_DOUBTFUL_DNP,NFL,2021,2,2021_NFL_W02_CIN_CHI,NFL_CHI,NFL_P_00-0031551,DL,,DOUBTFUL,DNP,Knee,2021-09-18,nflverse,,2026-09-07T05:45:02.885579+00:00,2021-09-18T00:00:00
NFL_CHI_00-0030068_2021W02_QUESTIONABLE_FP,NFL,2021,2,2021_NFL_W02_CIN_CHI,NFL_CHI,NFL_P_00-0030068,WR,,QUESTIONABLE,FP,Quadricep,2021-09-18,nflverse,,2026-09-07T05:45:02.885579+00:00,2021-09-18T00:00:00
NFL_CHI_00-0034372_2021W02_QUESTIONABLE_FP,NFL,2021,2,2021_NFL_W02_CIN_CHI,NFL_CHI,NFL_P_00-0034372,LB,,QUESTIONABLE,FP,Shoulder,2021-09-18,nflverse,,2026-09-07T05:45:02.885579+00:00,2021-09-18T00:00:00
NFL_CHI_00-0036309_2021W02_QUESTIONABLE_FP,NFL,2021,2,2021_NFL_W02_CIN_CHI,NFL_CHI,NFL_P_00-0036309,WR,,QUESTIONABLE,FP,Back,2021-09-18,nflverse,,2026-09-07T05:45:02.885579+00:00,2021-09-18T00:00:00
NFL_CHI_00-0027952_2021W02_QUESTIONABLE_FP,NFL,2021,2,2021_NFL_W02_CIN_CHI,NFL_CHI,NFL_P_00-0027952,LB,,QUESTIONABLE,FP,Back,2021-09-18,nflverse,,2026-09-07T05:45:02.885579+00:00,2021-09-18T00:00:00
NFL_CHI_00-0035621_2021W02_QUESTIONABLE_FP,NFL,2021,2,2021_NFL_W02_CIN_CHI,NFL_CHI,NFL_P_00-0035621,WR,,QUESTIONABLE,FP,Hamstring,2021-09-18,nflverse,,2026-09-07T05:45:02.885579+00:00,2021-09-18T00:00:00
NFL_CHI_00-0022531_2021W02_QUESTIONABLE_LP,NFL,2021,2,2021_NFL_W02_CIN_CHI,NFL_CHI,NFL_P_00-0022531,OL,,QUESTIONABLE,LP,Quadricep,2021-09-18,nflverse,,2026-09-07T05:45:02.885579+00:00,2021-09-18T00:00:00
NFL_CIN_00-0032043_2021W02_NA_DNP,NFL,2021,2,2021_NFL_W02_CIN_CHI,NFL_CIN,NFL_P_00-0032043,OL,,UNKNOWN,DNP,Not injury related - personal matter,2021-09-18,nflverse,,2026-09-07T05:45:02.885579+00:00,2021-09-18T00:00:00
NFL_CIN_00-0031181_2021W02_OUT_DNP,NFL,2021,2,2021_NFL_W02_CIN_CHI,NFL_CIN,NFL_P_00-0031181,S,,OUT,DNP,Hand,2021-09-18,nflverse,,2026-09-07T05:45:02.885579+00:00,2021-09-18T00:00:00
NFL_CIN_00-0031546_2021W02_OUT_DNP,NFL,2021,2,2021_NFL_W02_CIN_CHI,NFL_CIN,NFL_P_00-0031546,CB,,OUT,DNP,Hamstring,2021-09-18,nflverse,,2026-09-07T05:45:02.885579+00:00,2021-09-18T00:00:00
NFL_CIN_00-0034683_2021W02_QUESTIONABLE_FP,NFL,2021,2,2021_NFL_W02_CIN_CHI,NFL_CIN,NFL_P_00-0034683,CB,,QUESTIONABLE,FP,Thigh,2021-09-18,nflverse,,2026-09-07T05:45:02.885579+00:00,2021-09-18T00:00:00
NFL_CIN_00-0036314_2021W02_QUESTIONABLE_LP,NFL,2021,2,2021_NFL_W02_CIN_CHI,NFL_CIN,NFL_P_00-0036314,LB,,QUESTIONABLE,LP,Knee,2021-09-18,nflverse,,2026-09-07T05:45:02.885579+00:00,2021-09-18T00:00:00
NFL_CLE_00-0033057_2021W02_NA_LP,NFL,2021,2,2021_NFL_W02_HOU_CLE,NFL_CLE,NFL_P_00-0033057,OL,,UNKNOWN,LP,Knee,2021-09-18,nflverse,,2026-09-07T05:45:02.885579+00:00,2021-09-18T00:00:00
NFL_CLE_00-0036996_2021W02_NA_LP,NFL,2021,2,2021_NFL_W02_HOU_CLE,NFL_CLE,NFL_P_00-0036996,CB,,UNKNOWN,LP,Biceps,2021-09-18,nflverse,,2026-09-07T05:45:02.885579+00:00,2021-09-18T00:00:00
NFL_CLE_00-0033570_2021W02_NA_LP,NFL,2021,2,2021_NFL_W02_HOU_CLE,NFL_CLE,NFL_P_00-0033570,LB,,UNKNOWN,LP,Hamstring,2021-09-18,nflverse,,2026-09-07T05:45:02.885579+00:00,2021-09-18T00:00:00
NFL_CLE_00-0029963_2021W02_OUT_DNP,NFL,2021,2,2021_NFL_W02_HOU_CLE,NFL_CLE,NFL_P_00-0029963,OL,,OUT,DNP,Triceps,2021-09-18,nflverse,,2026-09-07T05:45:02.885579+00:00,2021-09-18T00:00:00
NFL_CLE_00-0031235_2021W02_OUT_LP,NFL,2021,2,2021_NFL_W02_HOU_CLE,NFL_CLE,NFL_P_00-0031235,WR,,OUT,LP,Knee,2021-09-18,nflverse,,2026-09-07T05:45:02.885579+00:00,2021-09-18T00:00:00
NFL_CLE_00-0036267_2021W02_QUESTIONABLE_DNP,NFL,2021,2,2021_NFL_W02_HOU_CLE,NFL_CLE,NFL_P_00-0036267,OL,,QUESTIONABLE,DNP,Ankle,2021-09-18,nflverse,,2026-09-07T05:45:02.885579+00:00,2021-09-18T00:00:00
NFL_CLE_00-0031785_2021W02_QUESTIONABLE_FP,NFL,2021,2,2021_NFL_W02_HOU_CLE,NFL_CLE,NFL_P_00-0031785,CB,,QUESTIONABLE,FP,Hamstring,2021-09-18,nflverse,,2026-09-07T05:45:02.885579+00:00,2021-09-18T00:00:00
NFL_CLE_00-0033995_2021W02_QUESTIONABLE_LP,NFL,2021,2,2021_NFL_W02_HOU_CLE,NFL_CLE,NFL_P_00-0033995,OL,,QUESTIONABLE,LP,Back,2021-09-18,nflverse,,2026-09-07T05:45:02.885579+00:00,2021-09-18T00:00:00
NFL_CLE_00-0036999_2021W02_QUESTIONABLE_LP,NFL,2021,2,2021_NFL_W02_HOU_CLE,NFL_CLE,NFL_P_00-0036999,WR,,QUESTIONABLE,LP,Knee,2021-09-18,nflverse,,2026-09-07T05:45:02.885579+00:00,2021-09-18T00:00:00
NFL_CLE_00-0030076_2021W02_QUESTIONABLE_LP,NFL,2021,2,2021_NFL_W02_HOU_CLE,NFL_CLE,NFL_P_00-0030076,OL,,QUESTIONABLE,LP,Knee,2021-09-18,nflverse,,2026-09-07T05:45:02.885579+00:00,2021-09-18T00:00:00
NFL_DAL_00-0031411_2021W02_NA_LP,NFL,2021,2,2021_NFL_W02_DAL_LAC,NFL_DAL,NFL_P_00-0031411,EDGE,,UNKNOWN,LP,Foot,2021-09-18,nflverse,,2026-09-07T05:45:02.885579+00:00,2021-09-18T00:00:00
NFL_DAL_00-0029709_2021W02_OUT_DNP,NFL,2021,2,2021_NFL_W02_DAL_LAC,NFL_DAL,NFL_P_00-0029709,OL,,OUT,DNP,Illness,2021-09-18,nflverse,,2026-09-07T05:45:02.885579+00:00,2021-09-18T00:00:00
NFL_DAL_00-0035301_2021W02_QUESTIONABLE_DNP,NFL,2021,2,2021_NFL_W02_DAL_LAC,NFL_DAL,NFL_P_00-0035301,S,,QUESTIONABLE,DNP,Groin,2021-09-18,nflverse,,2026-09-07T05:45:02.885579+00:00,2021-09-18T00:00:00
NFL_DAL_00-0033512_2021W02_QUESTIONABLE_LP,NFL,2021,2,2021_NFL_W02_DAL_LAC,NFL_DAL,NFL_P_00-0033512,S,,QUESTIONABLE,LP,Thigh,2021-09-18,nflverse,,2026-09-07T05:45:02.885579+00:00,2021-09-18T00:00:00
NFL_DEN_00-0032395_2021W02_DOUBTFUL_DNP,NFL,2021,2,2021_NFL_W02_DEN_JAX,NFL_DEN,NFL_P_00-0032395,OL,,DOUBTFUL,DNP,Illness,2021-09-18,nflverse,,2026-09-07T05:45:02.885579+00:00,2021-09-18T00:00:00
NFL_DEN_00-0034832_2021W02_QUESTIONABLE_LP,NFL,2021,2,2021_NFL_W02_DEN_JAX,NFL_DEN,NFL_P_00-0034832,LB,,QUESTIONABLE,LP,Ankle,2021-09-18,nflverse,,2026-09-07T05:45:02.885579+00:00,2021-09-18T00:00:00
NFL_DEN_00-0035804_2021W02_QUESTIONABLE_LP,NFL,2021,2,2021_NFL_W02_DEN_JAX,NFL_DEN,NFL_P_00-0035804,LB,,QUESTIONABLE,LP,Back,2021-09-18,nflverse,,2026-09-07T05:45:02.885579+00:00,2021-09-18T00:00:00
NFL_DET_00-0035334_2021W02_OUT_DNP,NFL,2021,2,2021_NFL_W02_DET_GB,NFL_DET,NFL_P_00-0035334,EDGE,,OUT,DNP,Concussion,2021-09-20,nflverse,,2026-09-07T05:45:02.885579+00:00,2021-09-20T00:00:00
NFL_DET_00-0032160_2021W02_OUT_DNP,NFL,2021,2,2021_NFL_W02_DET_GB,NFL_DET,NFL_P_00-0032160,WR,,OUT,DNP,Concussion,2021-09-20,nflverse,,2026-09-07T05:45:02.885579+00:00,2021-09-20T00:00:00
NFL_DET_00-0036275_2021W02_QUESTIONABLE_FP,NFL,2021,2,2021_NFL_W02_DET_GB,NFL_DET,NFL_P_00-0036275,RB,,QUESTIONABLE,FP,Groin,2021-09-20,nflverse,,2026-09-07T05:45:02.885579+00:00,2021-09-20T00:00:00
NFL_DET_00-0029630_2021W02_QUESTIONABLE_LP,NFL,2021,2,2021_NFL_W02_DET_GB,NFL_DET,NFL_P_00-0029630,EDGE,,QUESTIONABLE,LP,Shoulder,2021-09-20,nflverse,,2026-09-07T05:45:02.885579+00:00,2021-09-20T00:00:00
NFL_DET_00-0031566_2021W02_QUESTIONABLE_LP,NFL,2021,2,2021_NFL_W02_DET_GB,NFL_DET,NFL_P_00-0031566,LB,,QUESTIONABLE,LP,Shoulder,2021-09-20,nflverse,,2026-09-07T05:45:02.885579+00:00,2021-09-20T00:00:00
NFL_DET_00-0032464_2021W02_QUESTIONABLE_LP,NFL,2021,2,2021_NFL_W02_DET_GB,NFL_DET,NFL_P_00-0032464,WR,,QUESTIONABLE,LP,Thigh,2021-09-20,nflverse,,2026-09-07T05:45:02.885579+00:00,2021-09-20T00:00:00
NFL_GB_00-0031576_2021W02_NA_DNP,NFL,2021,2,2021_NFL_W02_DET_GB,NFL_GB,NFL_P_00-0031576,LB,,UNKNOWN,DNP,Back,2021-09-20,nflverse,,2026-09-07T05:45:02.885579+00:00,2021-09-20T00:00:00
NFL_GB_00-0034185_2021W02_NA_LP,NFL,2021,2,2021_NFL_W02_DET_GB,NFL_GB,NFL_P_00-0034185,DL,,UNKNOWN,LP,Back,2021-09-20,nflverse,,2026-09-07T05:45:02.885579+00:00,2021-09-20T00:00:00
NFL_GB_00-0036243_2021W02_OUT_LP,NFL,2021,2,2021_NFL_W02_DET_GB,NFL_GB,NFL_P_00-0036243,S,,OUT,LP,Hamstring,2021-09-20,nflverse,,2026-09-07T05:45:02.885579+00:00,2021-09-20T00:00:00
NFL_GB_00-0036332_2021W02_DOUBTFUL_DNP,NFL,2021,2,2021_NFL_W02_DET_GB,NFL_GB,NFL_P_00-0036332,TE,,DOUBTFUL,DNP,Concussion,2021-09-20,nflverse,,2026-09-07T05:45:02.885579+00:00,2021-09-20T00:00:00
NFL_GB_00-0033082_2021W02_QUESTIONABLE_LP,NFL,2021,2,2021_NFL_W02_DET_GB,NFL_GB,NFL_P_00-0033082,OL,,QUESTIONABLE,LP,Concussion,2021-09-20,nflverse,,2026-09-07T05:45:02.885579+00:00,2021-09-20T00:00:00
NFL_GB_00-0034968_2021W02_QUESTIONABLE_LP,NFL,2021,2,2021_NFL_W02_DET_GB,NFL_GB,NFL_P_00-0034968,S,,QUESTIONABLE,LP,Shoulder,2021-09-20,nflverse,,2026-09-07T05:45:02.885579+00:00,2021-09-20T00:00:00
NFL_HOU_00-0031308_2021W02_NA_DNP,NFL,2021,2,2021_NFL_W02_HOU_CLE,NFL_HOU,NFL_P_00-0031308,LB,,UNKNOWN,DNP,Thigh,2021-09-18,nflverse,,2026-09-07T05:45:02.885579+00:00,2021-09-18T00:00:00
NFL_HOU_00-0033537_2021W02_OUT_DNP,NFL,2021,2,2021_NFL_W02_HOU_CLE,NFL_HOU,NFL_P_00-0033537,QB,,OUT,DNP,Not injury related - personal matter,2021-09-18,nflverse,,2026-09-07T05:45:02.885579+00:00,2021-09-18T00:00:00
NFL_HOU_00-0032437_2021W02_QUESTIONABLE_DNP,NFL,2021,2,2021_NFL_W02_HOU_CLE,NFL_HOU,NFL_P_00-0032437,LB,,QUESTIONABLE,DNP,Illness,2021-09-18,nflverse,,2026-09-07T05:45:02.885579+00:00,2021-09-18T00:00:00
NFL_HOU_00-0033439_2021W02_QUESTIONABLE_LP,NFL,2021,2,2021_NFL_W02_HOU_CLE,NFL_HOU,NFL_P_00-0033439,TE,,QUESTIONABLE,LP,Ankle,2021-09-18,nflverse,,2026-09-07T05:45:02.885579+00:00,2021-09-18T00:00:00
NFL_IND_00-0032378_2021W02_NA_DNP,NFL,2021,2,2021_NFL_W02_LAR_IND,NFL_IND,NFL_P_00-0032378,DL,,UNKNOWN,DNP,Groin,2021-09-18,nflverse,,2026-09-07T05:45:02.885579+00:00,2021-09-18T00:00:00
NFL_IND_00-0034846_2021W02_NA_LP,NFL,2021,2,2021_NFL_W02_LAR_IND,NFL_IND,NFL_P_00-0034846,LB,,UNKNOWN,LP,Ankle,2021-09-18,nflverse,,2026-09-07T05:45:02.885579+00:00,2021-09-18T00:00:00
NFL_IND_00-0034354_2021W02_NA_LP,NFL,2021,2,2021_NFL_W02_LAR_IND,NFL_IND,NFL_P_00-0034354,EDGE,,UNKNOWN,LP,Groin,2021-09-18,nflverse,,2026-09-07T05:45:02.885579+00:00,2021-09-18T00:00:00
NFL_IND_00-0030575_2021W02_OUT_DNP,NFL,2021,2,2021_NFL_W02_LAR_IND,NFL_IND,NFL_P_00-0030575,CB,,OUT,DNP,Calf,2021-09-18,nflverse,,2026-09-07T05:45:02.885579+00:00,2021-09-18T00:00:00
NFL_IND_00-0034836_2021W02_OUT_DNP,NFL,2021,2,2021_NFL_W02_LAR_IND,NFL_IND,NFL_P_00-0034836,OL,,OUT,DNP,Foot,2021-09-18,nflverse,,2026-09-07T05:45:02.885579+00:00,2021-09-18T00:00:00
NFL_IND_00-0036253_2021W02_QUESTIONABLE_DNP,NFL,2021,2,2021_NFL_W02_LAR_IND,NFL_IND,NFL_P_00-0036253,S,,QUESTIONABLE,DNP,Back,2021-09-18,nflverse,,2026-09-07T05:45:02.885579+00:00,2021-09-18T00:00:00
NFL_IND_00-0030584_2021W02_QUESTIONABLE_FP,NFL,2021,2,2021_NFL_W02_LAR_IND,NFL_IND,NFL_P_00-0030584,OL,,QUESTIONABLE,FP,Achilles,2021-09-18,nflverse,,2026-09-07T05:45:02.885579+00:00,2021-09-18T00:00:00
NFL_IND_00-0035530_2021W02_QUESTIONABLE_FP,NFL,2021,2,2021_NFL_W02_LAR_IND,NFL_IND,NFL_P_00-0035530,S,,QUESTIONABLE,FP,Illness,2021-09-18,nflverse,,2026-09-07T05:45:02.885579+00:00,2021-09-18T00:00:00
NFL_IND_00-0035639_2021W02_QUESTIONABLE_LP,NFL,2021,2,2021_NFL_W02_LAR_IND,NFL_IND,NFL_P_00-0035639,WR,,QUESTIONABLE,LP,Abdomen,2021-09-18,nflverse,,2026-09-07T05:45:02.885579+00:00,2021-09-18T00:00:00
NFL_IND_00-0034342_2021W02_QUESTIONABLE_LP,NFL,2021,2,2021_NFL_W02_LAR_IND,NFL_IND,NFL_P_00-0034342,OL,,QUESTIONABLE,LP,Foot,2021-09-18,nflverse,,2026-09-07T05:45:02.885579+00:00,2021-09-18T00:00:00
NFL_IND_00-0036479_2021W02_QUESTIONABLE_LP,NFL,2021,2,2021_NFL_W02_LAR_IND,NFL_IND,NFL_P_00-0036479,EDGE,,QUESTIONABLE,LP,Hamstring,2021-09-18,nflverse,,2026-09-07T05:45:02.885579+00:00,2021-09-18T00:00:00
NFL_IND_00-0036252_2021W02_QUESTIONABLE_LP,NFL,2021,2,2021_NFL_W02_LAR_IND,NFL_IND,NFL_P_00-0036252,WR,,QUESTIONABLE,LP,Ankle,2021-09-18,nflverse,,2026-09-07T05:45:02.885579+00:00,2021-09-18T00:00:00
NFL_JAX_00-0034516_2021W02_OUT_LP,NFL,2021,2,2021_NFL_W02_DEN_JAX,NFL_JAX,NFL_P_00-0034516,CB,,OUT,LP,Knee,2021-09-18,nflverse,,2026-09-07T05:45:02.885579+00:00,2021-09-18T00:00:00
NFL_JAX_00-0029799_2021W02_QUESTIONABLE_LP,NFL,2021,2,2021_NFL_W02_DEN_JAX,NFL_JAX,NFL_P_00-0029799,EDGE,,QUESTIONABLE,LP,Hamstring,2021-09-18,nflverse,,2026-09-07T05:45:02.885579+00:00,2021-09-18T00:00:00
NFL_JAX_00-0036868_2021W02_QUESTIONABLE_LP,NFL,2021,2,2021_NFL_W02_DEN_JAX,NFL_JAX,NFL_P_00-0036868,EDGE,,QUESTIONABLE,LP,Knee,2021-09-18,nflverse,,2026-09-07T05:45:02.885579+00:00,2021-09-18T00:00:00
NFL_LAR_00-0026189_2021W02_NA_DNP,NFL,2021,2,2021_NFL_W02_LAR_IND,NFL_LAR,NFL_P_00-0026189,WR,,UNKNOWN,DNP,Not injury related - resting player,2021-09-18,nflverse,,2026-09-07T05:45:02.885579+00:00,2021-09-18T00:00:00
NFL_LAC_00-0027875_2021W02_NA_DNP,NFL,2021,2,2021_NFL_W02_DAL_LAC,NFL_LAC,NFL_P_00-0027875,OL,,UNKNOWN,DNP,Groin,2021-09-18,nflverse,,2026-09-07T05:45:02.885579+00:00,2021-09-18T00:00:00
NFL_LAC_00-0028224_2021W02_OUT_DNP,NFL,2021,2,2021_NFL_W02_DAL_LAC,NFL_LAC,NFL_P_00-0028224,CB,,OUT,DNP,Shoulder,2021-09-18,nflverse,,2026-09-07T05:45:02.885579+00:00,2021-09-18T00:00:00
NFL_LAC_00-0034677_2021W02_DOUBTFUL_DNP,NFL,2021,2,2021_NFL_W02_DAL_LAC,NFL_LAC,NFL_P_00-0034677,DL,,DOUBTFUL,DNP,Calf,2021-09-18,nflverse,,2026-09-07T05:45:02.885579+00:00,2021-09-18T00:00:00
NFL_LAC_00-0035677_2021W02_QUESTIONABLE_LP,NFL,2021,2,2021_NFL_W02_DAL_LAC,NFL_LAC,NFL_P_00-0035677,S,,QUESTIONABLE,LP,Groin,2021-09-18,nflverse,,2026-09-07T05:45:02.885579+00:00,2021-09-18T00:00:00
NFL_LV_00-0031632_2021W02_NA_DNP,NFL,2021,2,2021_NFL_W02_LV_PIT,NFL_LV,NFL_P_00-0031632,OL,,UNKNOWN,DNP,Knee,2021-09-18,nflverse,,2026-09-07T05:45:02.885579+00:00,2021-09-18T00:00:00
NFL_LV_00-0027856_2021W02_NA_DNP,NFL,2021,2,2021_NFL_W02_LV_PIT,NFL_LV,NFL_P_00-0027856,DL,,UNKNOWN,DNP,Knee,2021-09-18,nflverse,,2026-09-07T05:45:02.885579+00:00,2021-09-18T00:00:00
NFL_LV_00-0032103_2021W02_NA_LP,NFL,2021,2,2021_NFL_W02_LV_PIT,NFL_LV,NFL_P_00-0032103,LB,,UNKNOWN,LP,Hip,2021-09-18,nflverse,,2026-09-07T05:45:02.885579+00:00,2021-09-18T00:00:00
NFL_LV_00-0023516_2021W02_OUT_DNP,NFL,2021,2,2021_NFL_W02_LV_PIT,NFL_LV,NFL_P_00-0023516,OL,,OUT,DNP,Calf,2021-09-18,nflverse,,2026-09-07T05:45:02.885579+00:00,2021-09-18T00:00:00
NFL_LV_00-0035700_2021W02_OUT_DNP,NFL,2021,2,2021_NFL_W02_LV_PIT,NFL_LV,NFL_P_00-0035700,RB,,OUT,DNP,Toe,2021-09-18,nflverse,,2026-09-07T05:45:02.885579+00:00,2021-09-18T00:00:00
NFL_LV_00-0032773_2021W02_OUT_DNP,NFL,2021,2,2021_NFL_W02_LV_PIT,NFL_LV,NFL_P_00-0032773,LB,,OUT,DNP,Concussion,2021-09-18,nflverse,,2026-09-07T05:45:02.885579+00:00,2021-09-18T00:00:00
NFL_LV_00-0032268_2021W02_OUT_DNP,NFL,2021,2,2021_NFL_W02_LV_PIT,NFL_LV,NFL_P_00-0032268,QB,,OUT,DNP,Quadricep,2021-09-18,nflverse,,2026-09-07T05:45:02.885579+00:00,2021-09-18T00:00:00
NFL_LV_00-0035437_2021W02_OUT_DNP,NFL,2021,2,2021_NFL_W02_LV_PIT,NFL_LV,NFL_P_00-0035437,CB,,OUT,DNP,Ankle,2021-09-18,nflverse,,2026-09-07T05:45:02.885579+00:00,2021-09-18T00:00:00
NFL_LV_00-0032116_2021W02_QUESTIONABLE_DNP,NFL,2021,2,2021_NFL_W02_LV_PIT,NFL_LV,NFL_P_00-0032116,DL,,QUESTIONABLE,DNP,Knee,2021-09-18,nflverse,,2026-09-07T05:45:02.885579+00:00,2021-09-18T00:00:00
NFL_LV_00-0033129_2021W02_QUESTIONABLE_LP,NFL,2021,2,2021_NFL_W02_LV_PIT,NFL_LV,NFL_P_00-0033129,EDGE,,QUESTIONABLE,LP,Pectoral,2021-09-18,nflverse,,2026-09-07T05:45:02.885579+00:00,2021-09-18T00:00:00
NFL_LV_00-0033123_2021W02_QUESTIONABLE_LP,NFL,2021,2,2021_NFL_W02_LV_PIT,NFL_LV,NFL_P_00-0033123,EDGE,,QUESTIONABLE,LP,Hamstring,2021-09-18,nflverse,,2026-09-07T05:45:02.885579+00:00,2021-09-18T00:00:00
NFL_MIA_00-0033127_2021W02_OUT_DNP,NFL,2021,2,2021_NFL_W02_BUF_MIA,NFL_MIA,NFL_P_00-0033127,WR,,OUT,DNP,Not injury related - personal matter,2021-09-18,nflverse,,2026-09-07T05:45:02.885579+00:00,2021-09-18T00:00:00
NFL_MIA_00-0035350_2021W02_QUESTIONABLE_LP,NFL,2021,2,2021_NFL_W02_BUF_MIA,NFL_MIA,NFL_P_00-0035350,WR,,QUESTIONABLE,LP,Foot,2021-09-18,nflverse,,2026-09-07T05:45:02.885579+00:00,2021-09-18T00:00:00
NFL_MIN_00-0031256_2021W02_OUT_DNP,NFL,2021,2,2021_NFL_W02_MIN_ARI,NFL_MIN,NFL_P_00-0031256,LB,,OUT,DNP,Knee,2021-09-18,nflverse,,2026-09-07T05:45:02.885579+00:00,2021-09-18T00:00:00
NFL_MIN_00-0027701_2021W02_OUT_DNP,NFL,2021,2,2021_NFL_W02_MIN_ARI,NFL_MIN,NFL_P_00-0027701,EDGE,,OUT,DNP,Concussion,2021-09-18,nflverse,,2026-09-07T05:45:02.885579+00:00,2021-09-18T00:00:00
NFL_MIN_00-0036344_2021W02_OUT_DNP,NFL,2021,2,2021_NFL_W02_MIN_ARI,NFL_MIN,NFL_P_00-0036344,CB,,OUT,DNP,Hamstring,2021-09-18,nflverse,,2026-09-07T05:45:02.885579+00:00,2021-09-18T00:00:00
NFL_MIN_00-0036616_2021W02_OUT_LP,NFL,2021,2,2021_NFL_W02_MIN_ARI,NFL_MIN,NFL_P_00-0036616,OL,,OUT,LP,Groin,2021-09-18,nflverse,,2026-09-07T05:45:02.885579+00:00,2021-09-18T00:00:00
NFL_MIN_00-0031554_2021W02_QUESTIONABLE_FP,NFL,2021,2,2021_NFL_W02_MIN_ARI,NFL_MIN,NFL_P_00-0031554,LB,,QUESTIONABLE,FP,Quadricep,2021-09-18,nflverse,,2026-09-07T05:45:02.885579+00:00,2021-09-18T00:00:00
NFL_NE_00-0036488_2021W02_OUT_DNP,NFL,2021,2,2021_NFL_W02_NE_NYJ,NFL_NE,NFL_P_00-0036488,K,,OUT,DNP,Abdomen,2021-09-18,nflverse,,2026-09-07T05:45:02.885579+00:00,2021-09-18T00:00:00
NFL_NE_00-0031360_2021W02_OUT_DNP,NFL,2021,2,2021_NFL_W02_NE_NYJ,NFL_NE,NFL_P_00-0031360,LB,,OUT,DNP,Throat,2021-09-18,nflverse,,2026-09-07T05:45:02.885579+00:00,2021-09-18T00:00:00
NFL_NE_00-0032071_2021W02_QUESTIONABLE_LP,NFL,2021,2,2021_NFL_W02_NE_NYJ,NFL_NE,NFL_P_00-0032071,OL,,QUESTIONABLE,LP,Calf,2021-09-18,nflverse,,2026-09-07T05:45:02.885579+00:00,2021-09-18T00:00:00
NFL_NE_00-0035252_2021W02_QUESTIONABLE_LP,NFL,2021,2,2021_NFL_W02_NE_NYJ,NFL_NE,NFL_P_00-0035252,OL,,QUESTIONABLE,LP,Hamstring,2021-09-18,nflverse,,2026-09-07T05:45:02.885579+00:00,2021-09-18T00:00:00
NFL_NE_00-0036978_2021W02_QUESTIONABLE_LP,NFL,2021,2,2021_NFL_W02_NE_NYJ,NFL_NE,NFL_P_00-0036978,LB,,QUESTIONABLE,LP,Shoulder,2021-09-18,nflverse,,2026-09-07T05:45:02.885579+00:00,2021-09-18T00:00:00
NFL_NE_00-0033858_2021W02_QUESTIONABLE_LP,NFL,2021,2,2021_NFL_W02_NE_NYJ,NFL_NE,NFL_P_00-0033858,TE,,QUESTIONABLE,LP,Hip,2021-09-18,nflverse,,2026-09-07T05:45:02.885579+00:00,2021-09-18T00:00:00
NFL_NO_00-0032109_2021W02_OUT_DNP,NFL,2021,2,2021_NFL_W02_NO_CAR,NFL_NO,NFL_P_00-0032109,LB,,OUT,DNP,Elbow,2021-09-18,nflverse,,2026-09-07T05:45:02.885579+00:00,2021-09-18T00:00:00
NFL_NO_00-0034344_2021W02_OUT_DNP,NFL,2021,2,2021_NFL_W02_NO_CAR,NFL_NO,NFL_P_00-0034344,EDGE,,OUT,DNP,Shoulder,2021-09-18,nflverse,,2026-09-07T05:45:02.885579+00:00,2021-09-18T00:00:00
NFL_NO_00-0034944_2021W02_OUT_DNP,NFL,2021,2,2021_NFL_W02_NO_CAR,NFL_NO,NFL_P_00-0034944,LB,,OUT,DNP,Groin,2021-09-18,nflverse,,2026-09-07T05:45:02.885579+00:00,2021-09-18T00:00:00
NFL_NO_00-0035242_2021W02_OUT_DNP,NFL,2021,2,2021_NFL_W02_NO_CAR,NFL_NO,NFL_P_00-0035242,OL,,OUT,DNP,Calf,2021-09-18,nflverse,,2026-09-07T05:45:02.885579+00:00,2021-09-18T00:00:00
NFL_NO_00-0036927_2021W02_OUT_DNP,NFL,2021,2,2021_NFL_W02_NO_CAR,NFL_NO,NFL_P_00-0036927,LB,,OUT,DNP,Hamstring,2021-09-18,nflverse,,2026-09-07T05:45:02.885579+00:00,2021-09-18T00:00:00
NFL_NO_00-0035253_2021W02_QUESTIONABLE_DNP,NFL,2021,2,2021_NFL_W02_NO_CAR,NFL_NO,NFL_P_00-0035253,S,,QUESTIONABLE,DNP,Knee,2021-09-18,nflverse,,2026-09-07T05:45:02.885579+00:00,2021-09-18T00:00:00
NFL_NO_00-0033902_2021W02_QUESTIONABLE_DNP,NFL,2021,2,2021_NFL_W02_NO_CAR,NFL_NO,NFL_P_00-0033902,EDGE,,QUESTIONABLE,DNP,Calf,2021-09-18,nflverse,,2026-09-07T05:45:02.885579+00:00,2021-09-18T00:00:00
NFL_NO_00-0033874_2021W02_QUESTIONABLE_LP,NFL,2021,2,2021_NFL_W02_NO_CAR,NFL_NO,NFL_P_00-0033874,CB,,QUESTIONABLE,LP,Hand,2021-09-18,nflverse,,2026-09-07T05:45:02.885579+00:00,2021-09-18T00:00:00
NFL_NO_00-0032059_2021W02_QUESTIONABLE_LP,NFL,2021,2,2021_NFL_W02_NO_CAR,NFL_NO,NFL_P_00-0032059,S,,QUESTIONABLE,LP,Back,2021-09-18,nflverse,,2026-09-07T05:45:02.885579+00:00,2021-09-18T00:00:00
NFL_NYG_00-0036400_2021W02_OUT_DNP,NFL,2021,2,2021_NFL_W02_NYG_WAS,NFL_NYG,NFL_P_00-0036400,LB,,OUT,DNP,Hamstring,2021-09-16,nflverse,,2026-09-07T05:45:02.885579+00:00,2021-09-16T00:00:00
NFL_NYG_00-0033881_2021W02_OUT_DNP,NFL,2021,2,2021_NFL_W02_NYG_WAS,NFL_NYG,NFL_P_00-0033881,TE,,OUT,DNP,Calf,2021-09-16,nflverse,,2026-09-07T05:45:02.885579+00:00,2021-09-16T00:00:00
NFL_NYG_00-0036397_2021W02_OUT_DNP,NFL,2021,2,2021_NFL_W02_NYG_WAS,NFL_NYG,NFL_P_00-0036397,OL,,OUT,DNP,Knee,2021-09-16,nflverse,,2026-09-07T05:45:02.885579+00:00,2021-09-16T00:00:00
NFL_NYG_00-0034844_2021W02_QUESTIONABLE_LP,NFL,2021,2,2021_NFL_W02_NYG_WAS,NFL_NYG,NFL_P_00-0034844,RB,,QUESTIONABLE,LP,Knee,2021-09-16,nflverse,,2026-09-07T05:45:02.885579+00:00,2021-09-16T00:00:00
NFL_NYJ_00-0036500_2021W02_DOUBTFUL_DNP,NFL,2021,2,2021_NFL_W02_NE_NYJ,NFL_NYJ,NFL_P_00-0036500,LB,,DOUBTFUL,DNP,Ankle,2021-09-18,nflverse,,2026-09-07T05:45:02.885579+00:00,2021-09-18T00:00:00
NFL_NYJ_00-0035698_2021W02_QUESTIONABLE_DNP,NFL,2021,2,2021_NFL_W02_NE_NYJ,NFL_NYJ,NFL_P_00-0035698,OL,,QUESTIONABLE,DNP,Illness (Non-COVID),2021-09-18,nflverse,,2026-09-07T05:45:02.885579+00:00,2021-09-18T00:00:00
NFL_NYJ_00-0033681_2021W02_QUESTIONABLE_LP,NFL,2021,2,2021_NFL_W02_NE_NYJ,NFL_NYJ,NFL_P_00-0033681,WR,,QUESTIONABLE,LP,Knee,2021-09-18,nflverse,,2026-09-07T05:45:02.885579+00:00,2021-09-18T00:00:00
NFL_NYJ_00-0031941_2021W02_QUESTIONABLE_LP,NFL,2021,2,2021_NFL_W02_NE_NYJ,NFL_NYJ,NFL_P_00-0031941,WR,,QUESTIONABLE,LP,Groin,2021-09-18,nflverse,,2026-09-07T05:45:02.885579+00:00,2021-09-18T00:00:00
NFL_NYJ_00-0036506_2021W02_QUESTIONABLE_LP,NFL,2021,2,2021_NFL_W02_NE_NYJ,NFL_NYJ,NFL_P_00-0036506,CB,,QUESTIONABLE,LP,Shoulder,2021-09-18,nflverse,,2026-09-07T05:45:02.885579+00:00,2021-09-18T00:00:00
NFL_PHI_00-0035246_2021W02_NA_LP,NFL,2021,2,2021_NFL_W02_SF_PHI,NFL_PHI,NFL_P_00-0035246,WR,,UNKNOWN,LP,Ankle,2021-09-18,nflverse,,2026-09-07T05:45:02.885579+00:00,2021-09-18T00:00:00
NFL_PHI_00-0029679_2021W02_NA_LP,NFL,2021,2,2021_NFL_W02_SF_PHI,NFL_PHI,NFL_P_00-0029679,OL,,UNKNOWN,LP,Knee,2021-09-18,nflverse,,2026-09-07T05:45:02.885579+00:00,2021-09-18T00:00:00
NFL_PHI_00-0028899_2021W02_OUT_LP,NFL,2021,2,2021_NFL_W02_SF_PHI,NFL_PHI,NFL_P_00-0028899,S,,OUT,LP,Knee,2021-09-18,nflverse,,2026-09-07T05:45:02.885579+00:00,2021-09-18T00:00:00
NFL_PHI_00-0034993_2021W02_QUESTIONABLE_FP,NFL,2021,2,2021_NFL_W02_SF_PHI,NFL_PHI,NFL_P_00-0034993,S,,QUESTIONABLE,FP,Concussion,2021-09-18,nflverse,,2026-09-07T05:45:02.885579+00:00,2021-09-18T00:00:00
NFL_PIT_00-0036352_2021W02_OUT_DNP,NFL,2021,2,2021_NFL_W02_LV_PIT,NFL_PIT,NFL_P_00-0036352,DL,,OUT,DNP,Knee,2021-09-18,nflverse,,2026-09-07T05:45:02.885579+00:00,2021-09-18T00:00:00
NFL_PIT_00-0035525_2021W02_QUESTIONABLE_LP,NFL,2021,2,2021_NFL_W02_LV_PIT,NFL_PIT,NFL_P_00-0035525,LB,,QUESTIONABLE,LP,Groin,2021-09-18,nflverse,,2026-09-07T05:45:02.885579+00:00,2021-09-18T00:00:00
NFL_PIT_00-0035222_2021W02_QUESTIONABLE_LP,NFL,2021,2,2021_NFL_W02_LV_PIT,NFL_PIT,NFL_P_00-0035222,TE,,QUESTIONABLE,LP,Ankle,2021-09-18,nflverse,,2026-09-07T05:45:02.885579+00:00,2021-09-18T00:00:00
NFL_PIT_00-0027860_2021W02_QUESTIONABLE_LP,NFL,2021,2,2021_NFL_W02_LV_PIT,NFL_PIT,NFL_P_00-0027860,CB,,QUESTIONABLE,LP,Groin,2021-09-18,nflverse,,2026-09-07T05:45:02.885579+00:00,2021-09-18T00:00:00
NFL_SEA_00-0026166_2021W02_NA_DNP,NFL,2021,2,2021_NFL_W02_TEN_SEA,NFL_SEA,NFL_P_00-0026166,OL,,UNKNOWN,DNP,Not injury related - resting player,2021-09-18,nflverse,,2026-09-07T05:45:02.885579+00:00,2021-09-18T00:00:00
NFL_SEA_00-0036620_2021W02_DOUBTFUL_DNP,NFL,2021,2,2021_NFL_W02_TEN_SEA,NFL_SEA,NFL_P_00-0036620,WR,,DOUBTFUL,DNP,Concussion,2021-09-18,nflverse,,2026-09-07T05:45:02.885579+00:00,2021-09-18T00:00:00
NFL_SEA_00-0034750_2021W02_DOUBTFUL_DNP,NFL,2021,2,2021_NFL_W02_TEN_SEA,NFL_SEA,NFL_P_00-0034750,RB,,DOUBTFUL,DNP,Calf,2021-09-18,nflverse,,2026-09-07T05:45:02.885579+00:00,2021-09-18T00:00:00
NFL_SEA_00-0036417_2021W02_QUESTIONABLE_DNP,NFL,2021,2,2021_NFL_W02_TEN_SEA,NFL_SEA,NFL_P_00-0036417,OL,,QUESTIONABLE,DNP,Groin,2021-09-18,nflverse,,2026-09-07T05:45:02.885579+00:00,2021-09-18T00:00:00
NFL_SEA_00-0035094_2021W02_QUESTIONABLE_LP,NFL,2021,2,2021_NFL_W02_TEN_SEA,NFL_SEA,NFL_P_00-0035094,DL,,QUESTIONABLE,LP,Elbow,2021-09-18,nflverse,,2026-09-07T05:45:02.885579+00:00,2021-09-18T00:00:00
NFL_SEA_00-0034384_2021W02_QUESTIONABLE_LP,NFL,2021,2,2021_NFL_W02_TEN_SEA,NFL_SEA,NFL_P_00-0034384,CB,,QUESTIONABLE,LP,Calf,2021-09-18,nflverse,,2026-09-07T05:45:02.885579+00:00,2021-09-18T00:00:00
NFL_SF_00-0034982_2021W02_OUT_DNP,NFL,2021,2,2021_NFL_W02_SF_PHI,NFL_SF,NFL_P_00-0034982,LB,,OUT,DNP,Groin,2021-09-18,nflverse,,2026-09-07T05:45:02.885579+00:00,2021-09-18T00:00:00
NFL_SF_00-0034096_2021W02_DOUBTFUL_LP,NFL,2021,2,2021_NFL_W02_SF_PHI,NFL_SF,NFL_P_00-0034096,CB,,DOUBTFUL,LP,Knee,2021-09-18,nflverse,,2026-09-07T05:45:02.885579+00:00,2021-09-18T00:00:00
NFL_SF_00-0032164_2021W02_QUESTIONABLE_LP,NFL,2021,2,2021_NFL_W02_SF_PHI,NFL_SF,NFL_P_00-0032164,EDGE,,QUESTIONABLE,LP,Adductor,2021-09-18,nflverse,,2026-09-07T05:45:02.885579+00:00,2021-09-18T00:00:00
NFL_SF_00-0034730_2021W02_QUESTIONABLE_LP,NFL,2021,2,2021_NFL_W02_SF_PHI,NFL_SF,NFL_P_00-0034730,LB,,QUESTIONABLE,LP,Oblique,2021-09-18,nflverse,,2026-09-07T05:45:02.885579+00:00,2021-09-18T00:00:00
NFL_SF_00-0036260_2021W02_QUESTIONABLE_LP,NFL,2021,2,2021_NFL_W02_SF_PHI,NFL_SF,NFL_P_00-0036260,DL,,QUESTIONABLE,LP,Knee,2021-09-18,nflverse,,2026-09-07T05:45:02.885579+00:00,2021-09-18T00:00:00
NFL_TB_00-0027793_2021W02_NA_DNP,NFL,2021,2,2021_NFL_W02_ATL_TB,NFL_TB,NFL_P_00-0027793,WR,,UNKNOWN,DNP,Knee,2021-09-18,nflverse,,2026-09-07T05:45:02.885579+00:00,2021-09-18T00:00:00
NFL_TB_00-0027656_2021W02_NA_DNP,NFL,2021,2,2021_NFL_W02_ATL_TB,NFL_TB,NFL_P_00-0027656,TE,,UNKNOWN,DNP,Not injury related - resting player,2021-09-18,nflverse,,2026-09-07T05:45:02.885579+00:00,2021-09-18T00:00:00
NFL_TB_00-0026564_2021W02_NA_DNP,NFL,2021,2,2021_NFL_W02_ATL_TB,NFL_TB,NFL_P_00-0026564,DL,,UNKNOWN,DNP,Not injury related - resting player,2021-09-18,nflverse,,2026-09-07T05:45:02.885579+00:00,2021-09-18T00:00:00
NFL_TB_00-0027867_2021W02_NA_DNP,NFL,2021,2,2021_NFL_W02_ATL_TB,NFL_TB,NFL_P_00-0027867,LB,,UNKNOWN,DNP,Hand,2021-09-18,nflverse,,2026-09-07T05:45:02.885579+00:00,2021-09-18T00:00:00
NFL_TB_00-0027855_2021W02_NA_DNP,NFL,2021,2,2021_NFL_W02_ATL_TB,NFL_TB,NFL_P_00-0027855,DL,,UNKNOWN,DNP,Not injury related - resting player,2021-09-18,nflverse,,2026-09-07T05:45:02.885579+00:00,2021-09-18T00:00:00
NFL_TB_00-0034778_2021W02_QUESTIONABLE_LP,NFL,2021,2,2021_NFL_W02_ATL_TB,NFL_TB,NFL_P_00-0034778,CB,,QUESTIONABLE,LP,Hamstring,2021-09-18,nflverse,,2026-09-07T05:45:02.885579+00:00,2021-09-18T00:00:00
NFL_TEN_00-0036615_2021W02_OUT_DNP,NFL,2021,2,2021_NFL_W02_TEN_SEA,NFL_TEN,NFL_P_00-0036615,CB,,OUT,DNP,Shoulder,2021-09-18,nflverse,,2026-09-07T05:45:02.885579+00:00,2021-09-18T00:00:00
NFL_TEN_00-0033954_2021W02_QUESTIONABLE_DNP,NFL,2021,2,2021_NFL_W02_TEN_SEA,NFL_TEN,NFL_P_00-0033954,LB,,QUESTIONABLE,DNP,Hamstring,2021-09-18,nflverse,,2026-09-07T05:45:02.885579+00:00,2021-09-18T00:00:00
NFL_TEN_00-0033455_2021W02_QUESTIONABLE_DNP,NFL,2021,2,2021_NFL_W02_TEN_SEA,NFL_TEN,NFL_P_00-0033455,TE,,QUESTIONABLE,DNP,Knee,2021-09-18,nflverse,,2026-09-07T05:45:02.885579+00:00,2021-09-18T00:00:00
NFL_TEN_00-0035292_2021W02_QUESTIONABLE_FP,NFL,2021,2,2021_NFL_W02_TEN_SEA,NFL_TEN,NFL_P_00-0035292,LB,,QUESTIONABLE,FP,Hamstring,2021-09-18,nflverse,,2026-09-07T05:45:02.885579+00:00,2021-09-18T00:00:00
NFL_TEN_00-0032146_2021W02_QUESTIONABLE_LP,NFL,2021,2,2021_NFL_W02_TEN_SEA,NFL_TEN,NFL_P_00-0032146,LB,,QUESTIONABLE,LP,Knee,2021-09-18,nflverse,,2026-09-07T05:45:02.885579+00:00,2021-09-18T00:00:00
NFL_WAS_00-0023682_2021W02_NA_DNP,NFL,2021,2,2021_NFL_W02_NYG_WAS,NFL_WAS,NFL_P_00-0023682,QB,,UNKNOWN,DNP,Hip,2021-09-16,nflverse,,2026-09-07T05:45:02.885579+00:00,2021-09-16T00:00:00
NFL_ARI_00-0027993_2021W03_NA_DNP,NFL,2021,3,2021_NFL_W03_ARI_JAX,NFL_ARI,NFL_P_00-0027993,OL,,UNKNOWN,DNP,Not injury related - resting player,2021-09-25,nflverse,,2026-09-07T05:45:02.885579+00:00,2021-09-25T00:00:00
NFL_ARI_00-0029585_2021W03_NA_DNP,NFL,2021,3,2021_NFL_W03_ARI_JAX,NFL_ARI,NFL_P_00-0029585,LB,,UNKNOWN,DNP,Not injury related - resting player,2021-09-25,nflverse,,2026-09-07T05:45:02.885579+00:00,2021-09-25T00:00:00
NFL_ARI_00-0032528_2021W03_NA_DNP,NFL,2021,3,2021_NFL_W03_ARI_JAX,NFL_ARI,NFL_P_00-0032528,OL,,UNKNOWN,DNP,Not injury related - personal matter,2021-09-25,nflverse,,2026-09-07T05:45:02.885579+00:00,2021-09-25T00:00:00
NFL_ARI_00-0027686_2021W03_NA_DNP,NFL,2021,3,2021_NFL_W03_ARI_JAX,NFL_ARI,NFL_P_00-0027686,DL,,UNKNOWN,DNP,Not injury related - resting player,2021-09-25,nflverse,,2026-09-07T05:45:02.885579+00:00,2021-09-25T00:00:00
NFL_ARI_00-0027942_2021W03_NA_LP,NFL,2021,3,2021_NFL_W03_ARI_JAX,NFL_ARI,NFL_P_00-0027942,WR,,UNKNOWN,LP,Not injury related - resting player,2021-09-25,nflverse,,2026-09-07T05:45:02.885579+00:00,2021-09-25T00:00:00
NFL_ARI_00-0035317_2021W03_OUT_DNP,NFL,2021,3,2021_NFL_W03_ARI_JAX,NFL_ARI,NFL_P_00-0035317,OL,,OUT,DNP,Ankle,2021-09-25,nflverse,,2026-09-07T05:45:02.885579+00:00,2021-09-25T00:00:00
NFL_ARI_00-0030066_2021W03_OUT_DNP,NFL,2021,3,2021_NFL_W03_ARI_JAX,NFL_ARI,NFL_P_00-0030066,OL,,OUT,DNP,Not injury related - personal matter,2021-09-25,nflverse,,2026-09-07T05:45:02.885579+00:00,2021-09-25T00:00:00
NFL_ARI_00-0030564_2021W03_QUESTIONABLE_DNP,NFL,2021,3,2021_NFL_W03_ARI_JAX,NFL_ARI,NFL_P_00-0030564,WR,,QUESTIONABLE,DNP,Ribs,2021-09-25,nflverse,,2026-09-07T05:45:02.885579+00:00,2021-09-25T00:00:00
NFL_ARI_00-0029316_2021W03_QUESTIONABLE_LP,NFL,2021,3,2021_NFL_W03_ARI_JAX,NFL_ARI,NFL_P_00-0029316,OL,,QUESTIONABLE,LP,Ribs,2021-09-25,nflverse,,2026-09-07T05:45:02.885579+00:00,2021-09-25T00:00:00
NFL_ARI_00-0031241_2021W03_QUESTIONABLE_LP,NFL,2021,3,2021_NFL_W03_ARI_JAX,NFL_ARI,NFL_P_00-0031241,LB,,QUESTIONABLE,LP,Hamstring,2021-09-25,nflverse,,2026-09-07T05:45:02.885579+00:00,2021-09-25T00:00:00
NFL_ARI_00-0035236_2021W03_QUESTIONABLE_LP,NFL,2021,3,2021_NFL_W03_ARI_JAX,NFL_ARI,NFL_P_00-0035236,CB,,QUESTIONABLE,LP,Ankle,2021-09-25,nflverse,,2026-09-07T05:45:02.885579+00:00,2021-09-25T00:00:00
NFL_ARI_00-0036884_2021W03_QUESTIONABLE_LP,NFL,2021,3,2021_NFL_W03_ARI_JAX,NFL_ARI,NFL_P_00-0036884,CB,,QUESTIONABLE,LP,Ankle,2021-09-25,nflverse,,2026-09-07T05:45:02.885579+00:00,2021-09-25T00:00:00
NFL_ATL_00-0036951_2021W03_OUT_DNP,NFL,2021,3,2021_NFL_W03_ATL_NYG,NFL_ATL,NFL_P_00-0036951,WR,,OUT,DNP,Calf,2021-09-25,nflverse,,2026-09-07T05:45:02.885579+00:00,2021-09-25T00:00:00
NFL_ATL_00-0034411_2021W03_OUT_DNP,NFL,2021,3,2021_NFL_W03_ATL_NYG,NFL_ATL,NFL_P_00-0034411,WR,,OUT,DNP,Ankle,2021-09-25,nflverse,,2026-09-07T05:45:02.885579+00:00,2021-09-25T00:00:00
NFL_ATL_00-0036285_2021W03_OUT_DNP,NFL,2021,3,2021_NFL_W03_ATL_NYG,NFL_ATL,NFL_P_00-0036285,CB,,OUT,DNP,Concussion,2021-09-25,nflverse,,2026-09-07T05:45:02.885579+00:00,2021-09-25T00:00:00
NFL_BAL_00-0028008_2021W03_NA_DNP,NFL,2021,3,2021_NFL_W03_BAL_DET,NFL_BAL,NFL_P_00-0028008,LB,,UNKNOWN,DNP,Not injury related - resting player,2021-09-25,nflverse,,2026-09-07T05:45:02.885579+00:00,2021-09-25T00:00:00
NFL_BAL_00-0030648_2021W03_NA_DNP,NFL,2021,3,2021_NFL_W03_BAL_DET,NFL_BAL,NFL_P_00-0030648,OL,,UNKNOWN,DNP,Not injury related - resting player,2021-09-25,nflverse,,2026-09-07T05:45:02.885579+00:00,2021-09-25T00:00:00
NFL_BAL_00-0030511_2021W03_NA_LP,NFL,2021,3,2021_NFL_W03_BAL_DET,NFL_BAL,NFL_P_00-0030511,DL,,UNKNOWN,LP,Neck,2021-09-25,nflverse,,2026-09-07T05:45:02.885579+00:00,2021-09-25T00:00:00
NFL_BAL_00-0032965_2021W03_OUT_DNP,NFL,2021,3,2021_NFL_W03_BAL_DET,NFL_BAL,NFL_P_00-0032965,OL,,OUT,DNP,Ankle,2021-09-25,nflverse,,2026-09-07T05:45:02.885579+00:00,2021-09-25T00:00:00
NFL_BAL_00-0029586_2021W03_OUT_DNP,NFL,2021,3,2021_NFL_W03_BAL_DET,NFL_BAL,NFL_P_00-0029586,EDGE,,OUT,DNP,Back,2021-09-25,nflverse,,2026-09-07T05:45:02.885579+00:00,2021-09-25T00:00:00
NFL_BAL_00-0034787_2021W03_QUESTIONABLE_DNP,NFL,2021,3,2021_NFL_W03_BAL_DET,NFL_BAL,NFL_P_00-0034787,LB,,QUESTIONABLE,DNP,Other,2021-09-25,nflverse,,2026-09-07T05:45:02.885579+00:00,2021-09-25T00:00:00
NFL_BAL_00-0028103_2021W03_QUESTIONABLE_DNP,NFL,2021,3,2021_NFL_W03_BAL_DET,NFL_BAL,NFL_P_00-0028103,LB,,QUESTIONABLE,DNP,Shoulder,2021-09-25,nflverse,,2026-09-07T05:45:02.885579+00:00,2021-09-25T00:00:00
NFL_BAL_00-0034277_2021W03_QUESTIONABLE_FP,NFL,2021,3,2021_NFL_W03_BAL_DET,NFL_BAL,NFL_P_00-0034277,S,,QUESTIONABLE,FP,Concussion,2021-09-25,nflverse,,2026-09-07T05:45:02.885579+00:00,2021-09-25T00:00:00
NFL_BAL_00-0036562_2021W03_QUESTIONABLE_FP,NFL,2021,3,2021_NFL_W03_BAL_DET,NFL_BAL,NFL_P_00-0036562,LB,,QUESTIONABLE,FP,Knee,2021-09-25,nflverse,,2026-09-07T05:45:02.885579+00:00,2021-09-25T00:00:00
NFL_BAL_00-0034796_2021W03_QUESTIONABLE_FP,NFL,2021,3,2021_NFL_W03_BAL_DET,NFL_BAL,NFL_P_00-0034796,QB,,QUESTIONABLE,FP,Illness,2021-09-25,nflverse,,2026-09-07T05:45:02.885579+00:00,2021-09-25T00:00:00
NFL_BAL_00-0027965_2021W03_QUESTIONABLE_FP,NFL,2021,3,2021_NFL_W03_BAL_DET,NFL_BAL,NFL_P_00-0027965,CB,,QUESTIONABLE,FP,Ankle,2021-09-25,nflverse,,2026-09-07T05:45:02.885579+00:00,2021-09-25T00:00:00
NFL_BAL_00-0032770_2021W03_QUESTIONABLE_FP,NFL,2021,3,2021_NFL_W03_BAL_DET,NFL_BAL,NFL_P_00-0032770,CB,,QUESTIONABLE,FP,Knee,2021-09-25,nflverse,,2026-09-07T05:45:02.885579+00:00,2021-09-25T00:00:00
NFL_BAL_00-0035662_2021W03_QUESTIONABLE_LP,NFL,2021,3,2021_NFL_W03_BAL_DET,NFL_BAL,NFL_P_00-0035662,WR,,QUESTIONABLE,LP,Ankle,2021-09-25,nflverse,,2026-09-07T05:45:02.885579+00:00,2021-09-25T00:00:00
NFL_BUF_00-0029000_2021W03_NA_DNP,NFL,2021,3,2021_NFL_W03_WAS_BUF,NFL_BUF,NFL_P_00-0029000,WR,,UNKNOWN,DNP,Not injury related - resting player,2021-09-25,nflverse,,2026-09-07T05:45:02.885579+00:00,2021-09-25T00:00:00
NFL_BUF_00-0031588_2021W03_NA_DNP,NFL,2021,3,2021_NFL_W03_WAS_BUF,NFL_BUF,NFL_P_00-0031588,WR,,UNKNOWN,DNP,Not injury related - resting player,2021-09-25,nflverse,,2026-09-07T05:45:02.885579+00:00,2021-09-25T00:00:00
NFL_BUF_00-0027881_2021W03_NA_DNP,NFL,2021,3,2021_NFL_W03_WAS_BUF,NFL_BUF,NFL_P_00-0027881,EDGE,,UNKNOWN,DNP,Not injury related - resting player,2021-09-25,nflverse,,2026-09-07T05:45:02.885579+00:00,2021-09-25T00:00:00
NFL_BUF_00-0034391_2021W03_NA_DNP,NFL,2021,3,2021_NFL_W03_WAS_BUF,NFL_BUF,NFL_P_00-0034391,CB,,UNKNOWN,DNP,Not injury related - personal matter,2021-09-25,nflverse,,2026-09-07T05:45:02.885579+00:00,2021-09-25T00:00:00
NFL_BUF_00-0027685_2021W03_NA_DNP,NFL,2021,3,2021_NFL_W03_WAS_BUF,NFL_BUF,NFL_P_00-0027685,WR,,UNKNOWN,DNP,Not injury related - resting player,2021-09-25,nflverse,,2026-09-07T05:45:02.885579+00:00,2021-09-25T00:00:00
NFL_BUF_00-0036166_2021W03_QUESTIONABLE_FP,NFL,2021,3,2021_NFL_W03_WAS_BUF,NFL_BUF,NFL_P_00-0036166,CB,,QUESTIONABLE,FP,Knee,2021-09-25,nflverse,,2026-09-07T05:45:02.885579+00:00,2021-09-25T00:00:00
NFL_BUF_00-0034514_2021W03_QUESTIONABLE_FP,NFL,2021,3,2021_NFL_W03_WAS_BUF,NFL_BUF,NFL_P_00-0034514,CB,,QUESTIONABLE,FP,Knee,2021-09-25,nflverse,,2026-09-07T05:45:02.885579+00:00,2021-09-25T00:00:00
NFL_CAR_00-0033909_2021W03_NA_DNP,NFL,2021,3,2021_NFL_W03_CAR_HOU,NFL_CAR,NFL_P_00-0033909,OL,,UNKNOWN,DNP,Hamstring,2021-09-23,nflverse,,2026-09-07T05:45:02.885579+00:00,2021-09-23T00:00:00
NFL_CAR_00-0036288_2021W03_OUT_DNP,NFL,2021,3,2021_NFL_W03_CAR_HOU,NFL_CAR,NFL_P_00-0036288,EDGE,,OUT,DNP,Ankle,2021-09-23,nflverse,,2026-09-07T05:45:02.885579+00:00,2021-09-23T00:00:00
NFL_CHI_00-0027973_2021W03_OUT_DNP,NFL,2021,3,2021_NFL_W03_CHI_CLE,NFL_CHI,NFL_P_00-0027973,QB,,OUT,DNP,Knee,2021-09-25,nflverse,,2026-09-07T05:45:02.885579+00:00,2021-09-25T00:00:00
NFL_CHI_00-0028924_2021W03_DOUBTFUL_DNP,NFL,2021,3,2021_NFL_W03_CHI_CLE,NFL_CHI,NFL_P_00-0028924,S,,DOUBTFUL,DNP,Hamstring,2021-09-25,nflverse,,2026-09-07T05:45:02.885579+00:00,2021-09-25T00:00:00
NFL_CHI_00-0031551_2021W03_QUESTIONABLE_DNP,NFL,2021,3,2021_NFL_W03_CHI_CLE,NFL_CHI,NFL_P_00-0031551,DL,,QUESTIONABLE,DNP,Knee,2021-09-25,nflverse,,2026-09-07T05:45:02.885579+00:00,2021-09-25T00:00:00
NFL_CHI_00-0030068_2021W03_QUESTIONABLE_FP,NFL,2021,3,2021_NFL_W03_CHI_CLE,NFL_CHI,NFL_P_00-0030068,WR,,QUESTIONABLE,FP,Ankle,2021-09-25,nflverse,,2026-09-07T05:45:02.885579+00:00,2021-09-25T00:00:00
NFL_CHI_00-0029657_2021W03_QUESTIONABLE_FP,NFL,2021,3,2021_NFL_W03_CHI_CLE,NFL_CHI,NFL_P_00-0029657,DL,,QUESTIONABLE,FP,Illness,2021-09-25,nflverse,,2026-09-07T05:45:02.885579+00:00,2021-09-25T00:00:00
NFL_CHI_00-0033784_2021W03_QUESTIONABLE_FP,NFL,2021,3,2021_NFL_W03_CHI_CLE,NFL_CHI,NFL_P_00-0033784,S,,QUESTIONABLE,FP,Toe,2021-09-25,nflverse,,2026-09-07T05:45:02.885579+00:00,2021-09-25T00:00:00
NFL_CHI_00-0034387_2021W03_QUESTIONABLE_FP,NFL,2021,3,2021_NFL_W03_CHI_CLE,NFL_CHI,NFL_P_00-0034387,EDGE,,QUESTIONABLE,FP,Back,2021-09-25,nflverse,,2026-09-07T05:45:02.885579+00:00,2021-09-25T00:00:00
NFL_CHI_00-0031258_2021W03_QUESTIONABLE_LP,NFL,2021,3,2021_NFL_W03_CHI_CLE,NFL_CHI,NFL_P_00-0031258,LB,,QUESTIONABLE,LP,Hamstring,2021-09-25,nflverse,,2026-09-07T05:45:02.885579+00:00,2021-09-25T00:00:00
NFL_CHI_00-0036309_2021W03_QUESTIONABLE_LP,NFL,2021,3,2021_NFL_W03_CHI_CLE,NFL_CHI,NFL_P_00-0036309,WR,,QUESTIONABLE,LP,Groin,2021-09-25,nflverse,,2026-09-07T05:45:02.885579+00:00,2021-09-25T00:00:00
NFL_CIN_00-0032521_2021W03_NA_LP,NFL,2021,3,2021_NFL_W03_CIN_PIT,NFL_CIN,NFL_P_00-0032521,CB,,UNKNOWN,LP,Chest,2021-09-25,nflverse,,2026-09-07T05:45:02.885579+00:00,2021-09-25T00:00:00
NFL_CIN_00-0031410_2021W03_DOUBTFUL_DNP,NFL,2021,3,2021_NFL_W03_CIN_PIT,NFL_CIN,NFL_P_00-0031410,OL,,DOUBTFUL,DNP,Knee,2021-09-25,nflverse,,2026-09-07T05:45:02.885579+00:00,2021-09-25T00:00:00
NFL_CIN_00-0036410_2021W03_DOUBTFUL_LP,NFL,2021,3,2021_NFL_W03_CIN_PIT,NFL_CIN,NFL_P_00-0036410,WR,,DOUBTFUL,LP,Shoulder,2021-09-25,nflverse,,2026-09-07T05:45:02.885579+00:00,2021-09-25T00:00:00
NFL_CIN_00-0031546_2021W03_DOUBTFUL_LP,NFL,2021,3,2021_NFL_W03_CIN_PIT,NFL_CIN,NFL_P_00-0031546,CB,,DOUBTFUL,LP,Hamstring,2021-09-25,nflverse,,2026-09-07T05:45:02.885579+00:00,2021-09-25T00:00:00
NFL_CLE_00-0031426_2021W03_NA_LP,NFL,2021,3,2021_NFL_W03_CHI_CLE,NFL_CLE,NFL_P_00-0031426,OL,,UNKNOWN,LP,Back,2021-09-25,nflverse,,2026-09-07T05:45:02.885579+00:00,2021-09-25T00:00:00
NFL_CLE_00-0031364_2021W03_NA_LP,NFL,2021,3,2021_NFL_W03_CHI_CLE,NFL_CLE,NFL_P_00-0031364,EDGE,,UNKNOWN,LP,Knee,2021-09-25,nflverse,,2026-09-07T05:45:02.885579+00:00,2021-09-25T00:00:00
NFL_CLE_00-0033057_2021W03_NA_LP,NFL,2021,3,2021_NFL_W03_CHI_CLE,NFL_CLE,NFL_P_00-0033057,OL,,UNKNOWN,LP,Knee,2021-09-25,nflverse,,2026-09-07T05:45:02.885579+00:00,2021-09-25T00:00:00
NFL_CLE_00-0029963_2021W03_OUT_DNP,NFL,2021,3,2021_NFL_W03_CHI_CLE,NFL_CLE,NFL_P_00-0029963,OL,,OUT,DNP,Triceps,2021-09-25,nflverse,,2026-09-07T05:45:02.885579+00:00,2021-09-25T00:00:00
NFL_CLE_00-0035646_2021W03_OUT_DNP,NFL,2021,3,2021_NFL_W03_CHI_CLE,NFL_CLE,NFL_P_00-0035646,LB,,OUT,DNP,Hamstring,2021-09-25,nflverse,,2026-09-07T05:45:02.885579+00:00,2021-09-25T00:00:00
NFL_CLE_00-0030076_2021W03_QUESTIONABLE_LP,NFL,2021,3,2021_NFL_W03_CHI_CLE,NFL_CLE,NFL_P_00-0030076,OL,,QUESTIONABLE,LP,Knee,2021-09-25,nflverse,,2026-09-07T05:45:02.885579+00:00,2021-09-25T00:00:00
NFL_CLE_00-0036267_2021W03_QUESTIONABLE_LP,NFL,2021,3,2021_NFL_W03_CHI_CLE,NFL_CLE,NFL_P_00-0036267,OL,,QUESTIONABLE,LP,Ankle,2021-09-25,nflverse,,2026-09-07T05:45:02.885579+00:00,2021-09-25T00:00:00
NFL_DAL_00-0034373_2021W03_OUT_DNP,NFL,2021,3,2021_NFL_W03_PHI_DAL,NFL_DAL,NFL_P_00-0034373,EDGE,,OUT,DNP,Ankle,2021-09-27,nflverse,,2026-09-07T05:45:02.885579+00:00,2021-09-27T00:00:00
NFL_DAL_00-0029709_2021W03_OUT_DNP,NFL,2021,3,2021_NFL_W03_PHI_DAL,NFL_DAL,NFL_P_00-0029709,OL,,OUT,DNP,Illness,2021-09-27,nflverse,,2026-09-07T05:45:02.885579+00:00,2021-09-27T00:00:00
NFL_DAL_00-0033563_2021W03_OUT_DNP,NFL,2021,3,2021_NFL_W03_PHI_DAL,NFL_DAL,NFL_P_00-0033563,DL,,OUT,DNP,Knee,2021-09-27,nflverse,,2026-09-07T05:45:02.885579+00:00,2021-09-27T00:00:00
NFL_DAL_00-0035301_2021W03_DOUBTFUL_DNP,NFL,2021,3,2021_NFL_W03_PHI_DAL,NFL_DAL,NFL_P_00-0035301,S,,DOUBTFUL,DNP,Groin,2021-09-27,nflverse,,2026-09-07T05:45:02.885579+00:00,2021-09-27T00:00:00
NFL_DEN_00-0034954_2021W03_NA_DNP,NFL,2021,3,2021_NFL_W03_NYJ_DEN,NFL_DEN,NFL_P_00-0034954,LB,,UNKNOWN,DNP,Ankle,2021-09-25,nflverse,,2026-09-07T05:45:02.885579+00:00,2021-09-25T00:00:00
NFL_DEN_00-0031319_2021W03_NA_LP,NFL,2021,3,2021_NFL_W03_NYJ_DEN,NFL_DEN,NFL_P_00-0031319,WR,,UNKNOWN,LP,Ankle,2021-09-25,nflverse,,2026-09-07T05:45:02.885579+00:00,2021-09-25T00:00:00
NFL_DEN_00-0032395_2021W03_QUESTIONABLE_FP,NFL,2021,3,2021_NFL_W03_NYJ_DEN,NFL_DEN,NFL_P_00-0032395,OL,,QUESTIONABLE,FP,Illness,2021-09-25,nflverse,,2026-09-07T05:45:02.885579+00:00,2021-09-25T00:00:00
NFL_DEN_00-0029890_2021W03_QUESTIONABLE_LP,NFL,2021,3,2021_NFL_W03_NYJ_DEN,NFL_DEN,NFL_P_00-0029890,DL,,QUESTIONABLE,LP,Knee,2021-09-25,nflverse,,2026-09-07T05:45:02.885579+00:00,2021-09-25T00:00:00
NFL_DET_00-0032160_2021W03_NA_DNP,NFL,2021,3,2021_NFL_W03_BAL_DET,NFL_DET,NFL_P_00-0032160,WR,,UNKNOWN,DNP,Concussion,2021-09-25,nflverse,,2026-09-07T05:45:02.885579+00:00,2021-09-25T00:00:00
NFL_DET_00-0030421_2021W03_OUT_DNP,NFL,2021,3,2021_NFL_W03_BAL_DET,NFL_DET,NFL_P_00-0030421,LB,,OUT,DNP,Not injury related - personal matter,2021-09-25,nflverse,,2026-09-07T05:45:02.885579+00:00,2021-09-25T00:00:00
NFL_DET_00-0031566_2021W03_QUESTIONABLE_DNP,NFL,2021,3,2021_NFL_W03_BAL_DET,NFL_DET,NFL_P_00-0031566,LB,,QUESTIONABLE,DNP,Shoulder,2021-09-25,nflverse,,2026-09-07T05:45:02.885579+00:00,2021-09-25T00:00:00
NFL_DET_00-0029630_2021W03_QUESTIONABLE_LP,NFL,2021,3,2021_NFL_W03_BAL_DET,NFL_DET,NFL_P_00-0029630,EDGE,,QUESTIONABLE,LP,Shoulder,2021-09-25,nflverse,,2026-09-07T05:45:02.885579+00:00,2021-09-25T00:00:00
NFL_DET_00-0032655_2021W03_QUESTIONABLE_LP,NFL,2021,3,2021_NFL_W03_BAL_DET,NFL_DET,NFL_P_00-0032655,LB,,QUESTIONABLE,LP,Shoulder,2021-09-25,nflverse,,2026-09-07T05:45:02.885579+00:00,2021-09-25T00:00:00
NFL_DET_00-0036249_2021W03_QUESTIONABLE_LP,NFL,2021,3,2021_NFL_W03_BAL_DET,NFL_DET,NFL_P_00-0036249,LB,,QUESTIONABLE,LP,Neck,2021-09-25,nflverse,,2026-09-07T05:45:02.885579+00:00,2021-09-25T00:00:00
NFL_DET_00-0032464_2021W03_QUESTIONABLE_LP,NFL,2021,3,2021_NFL_W03_BAL_DET,NFL_DET,NFL_P_00-0032464,WR,,QUESTIONABLE,LP,Thigh,2021-09-25,nflverse,,2026-09-07T05:45:02.885579+00:00,2021-09-25T00:00:00
NFL_DET_00-0035334_2021W03_QUESTIONABLE_LP,NFL,2021,3,2021_NFL_W03_BAL_DET,NFL_DET,NFL_P_00-0035334,EDGE,,QUESTIONABLE,LP,Concussion,2021-09-25,nflverse,,2026-09-07T05:45:02.885579+00:00,2021-09-25T00:00:00
NFL_DET_00-0036275_2021W03_QUESTIONABLE_LP,NFL,2021,3,2021_NFL_W03_BAL_DET,NFL_DET,NFL_P_00-0036275,RB,,QUESTIONABLE,LP,Groin,2021-09-25,nflverse,,2026-09-07T05:45:02.885579+00:00,2021-09-25T00:00:00
NFL_GB_00-0035526_2021W03_DOUBTFUL_DNP,NFL,2021,3,2021_NFL_W03_GB_SF,NFL_GB,NFL_P_00-0035526,OL,,DOUBTFUL,DNP,Ankle,2021-09-26,nflverse,,2026-09-07T05:45:02.885579+00:00,2021-09-26T00:00:00
NFL_GB_00-0036456_2021W03_QUESTIONABLE_DNP,NFL,2021,3,2021_NFL_W03_GB_SF,NFL_GB,NFL_P_00-0036456,TE,,QUESTIONABLE,DNP,Hip,2021-09-26,nflverse,,2026-09-07T05:45:02.885579+00:00,2021-09-26T00:00:00
NFL_HOU_00-0036554_2021W03_NA_DNP,NFL,2021,3,2021_NFL_W03_CAR_HOU,NFL_HOU,NFL_P_00-0036554,WR,,UNKNOWN,DNP,Shoulder,2021-09-23,nflverse,,2026-09-07T05:45:02.885579+00:00,2021-09-23T00:00:00
NFL_HOU_00-0028118_2021W03_NA_DNP,NFL,2021,3,2021_NFL_W03_CAR_HOU,NFL_HOU,NFL_P_00-0028118,QB,,UNKNOWN,DNP,Thigh,2021-09-23,nflverse,,2026-09-07T05:45:02.885579+00:00,2021-09-23T00:00:00
NFL_HOU_00-0026035_2021W03_OUT_DNP,NFL,2021,3,2021_NFL_W03_CAR_HOU,NFL_HOU,NFL_P_00-0026035,WR,,OUT,DNP,Thigh,2021-09-23,nflverse,,2026-09-07T05:45:02.885579+00:00,2021-09-23T00:00:00
NFL_HOU_00-0031097_2021W03_OUT_DNP,NFL,2021,3,2021_NFL_W03_CAR_HOU,NFL_HOU,NFL_P_00-0031097,CB,,OUT,DNP,Concussion,2021-09-23,nflverse,,2026-09-07T05:45:02.885579+00:00,2021-09-23T00:00:00
NFL_HOU_00-0033537_2021W03_OUT_DNP,NFL,2021,3,2021_NFL_W03_CAR_HOU,NFL_HOU,NFL_P_00-0033537,QB,,OUT,DNP,Not injury related - personal matter,2021-09-23,nflverse,,2026-09-07T05:45:02.885579+00:00,2021-09-23T00:00:00
NFL_HOU_00-0032437_2021W03_QUESTIONABLE_DNP,NFL,2021,3,2021_NFL_W03_CAR_HOU,NFL_HOU,NFL_P_00-0032437,LB,,QUESTIONABLE,DNP,Knee,2021-09-23,nflverse,,2026-09-07T05:45:02.885579+00:00,2021-09-23T00:00:00
NFL_HOU_00-0034361_2021W03_QUESTIONABLE_DNP,NFL,2021,3,2021_NFL_W03_CAR_HOU,NFL_HOU,NFL_P_00-0034361,S,,QUESTIONABLE,DNP,Knee,2021-09-23,nflverse,,2026-09-07T05:45:02.885579+00:00,2021-09-23T00:00:00
NFL_IND_00-0031269_2021W03_NA_DNP,NFL,2021,3,2021_NFL_W03_IND_TEN,NFL_IND,NFL_P_00-0031269,CB,,UNKNOWN,DNP,Knee,2021-09-25,nflverse,,2026-09-07T05:45:02.885579+00:00,2021-09-25T00:00:00
NFL_IND_00-0034342_2021W03_NA_DNP,NFL,2021,3,2021_NFL_W03_IND_TEN,NFL_IND,NFL_P_00-0034342,OL,,UNKNOWN,DNP,Back,2021-09-25,nflverse,,2026-09-07T05:45:02.885579+00:00,2021-09-25T00:00:00
NFL_IND_00-0034846_2021W03_NA_LP,NFL,2021,3,2021_NFL_W03_IND_TEN,NFL_IND,NFL_P_00-0034846,LB,,UNKNOWN,LP,Ankle,2021-09-25,nflverse,,2026-09-07T05:45:02.885579+00:00,2021-09-25T00:00:00
NFL_IND_00-0036229_2021W03_OUT_DNP,NFL,2021,3,2021_NFL_W03_IND_TEN,NFL_IND,NFL_P_00-0036229,LB,,OUT,DNP,Concussion,2021-09-25,nflverse,,2026-09-07T05:45:02.885579+00:00,2021-09-25T00:00:00
NFL_IND_00-0034836_2021W03_OUT_DNP,NFL,2021,3,2021_NFL_W03_IND_TEN,NFL_IND,NFL_P_00-0034836,OL,,OUT,DNP,Foot,2021-09-25,nflverse,,2026-09-07T05:45:02.885579+00:00,2021-09-25T00:00:00
NFL_IND_00-0032950_2021W03_QUESTIONABLE_LP,NFL,2021,3,2021_NFL_W03_IND_TEN,NFL_IND,NFL_P_00-0032950,QB,,QUESTIONABLE,LP,Ankles,2021-09-25,nflverse,,2026-09-07T05:45:02.885579+00:00,2021-09-25T00:00:00
NFL_JAX_00-0036281_2021W03_QUESTIONABLE_LP,NFL,2021,3,2021_NFL_W03_ARI_JAX,NFL_JAX,NFL_P_00-0036281,CB,,QUESTIONABLE,LP,Groin,2021-09-25,nflverse,,2026-09-07T05:45:02.885579+00:00,2021-09-25T00:00:00
NFL_JAX_00-0034516_2021W03_QUESTIONABLE_LP,NFL,2021,3,2021_NFL_W03_ARI_JAX,NFL_JAX,NFL_P_00-0034516,CB,,QUESTIONABLE,LP,Knee,2021-09-25,nflverse,,2026-09-07T05:45:02.885579+00:00,2021-09-25T00:00:00
NFL_JAX_00-0032667_2021W03_QUESTIONABLE_LP,NFL,2021,3,2021_NFL_W03_ARI_JAX,NFL_JAX,NFL_P_00-0032667,DL,,QUESTIONABLE,LP,Ankle,2021-09-25,nflverse,,2026-09-07T05:45:02.885579+00:00,2021-09-25T00:00:00
NFL_KC_00-0032210_2021W03_DOUBTFUL_DNP,NFL,2021,3,2021_NFL_W03_LAC_KC,NFL_KC,NFL_P_00-0032210,EDGE,,DOUBTFUL,DNP,Hamstring,2021-09-25,nflverse,,2026-09-07T05:45:02.885579+00:00,2021-09-25T00:00:00
NFL_KC_00-0034573_2021W03_QUESTIONABLE_DNP,NFL,2021,3,2021_NFL_W03_LAC_KC,NFL_KC,NFL_P_00-0034573,CB,,QUESTIONABLE,DNP,Quadricep,2021-09-25,nflverse,,2026-09-07T05:45:02.885579+00:00,2021-09-25T00:00:00
NFL_KC_00-0032762_2021W03_QUESTIONABLE_LP,NFL,2021,3,2021_NFL_W03_LAC_KC,NFL_KC,NFL_P_00-0032762,EDGE,,QUESTIONABLE,LP,Wrist,2021-09-25,nflverse,,2026-09-07T05:45:02.885579+00:00,2021-09-25T00:00:00
NFL_LAR_00-0026189_2021W03_NA_DNP,NFL,2021,3,2021_NFL_W03_TB_LAR,NFL_LAR,NFL_P_00-0026189,WR,,UNKNOWN,DNP,Not injury related - resting player,2021-09-25,nflverse,,2026-09-07T05:45:02.885579+00:00,2021-09-25T00:00:00
NFL_LAR_00-0034203_2021W03_NA_DNP,NFL,2021,3,2021_NFL_W03_TB_LAR,NFL_LAR,NFL_P_00-0034203,CB,,UNKNOWN,DNP,Illness,2021-09-25,nflverse,,2026-09-07T05:45:02.885579+00:00,2021-09-25T00:00:00
NFL_LAR_00-0036918_2021W03_QUESTIONABLE_DNP,NFL,2021,3,2021_NFL_W03_TB_LAR,NFL_LAR,NFL_P_00-0036918,TE,,QUESTIONABLE,DNP,Hip,2021-09-25,nflverse,,2026-09-07T05:45:02.885579+00:00,2021-09-25T00:00:00
NFL_LAR_00-0035664_2021W03_QUESTIONABLE_DNP,NFL,2021,3,2021_NFL_W03_TB_LAR,NFL_LAR,NFL_P_00-0035664,RB,,QUESTIONABLE,DNP,Rib,2021-09-25,nflverse,,2026-09-07T05:45:02.885579+00:00,2021-09-25T00:00:00
NFL_LAC_00-0028224_2021W03_OUT_DNP,NFL,2021,3,2021_NFL_W03_LAC_KC,NFL_LAC,NFL_P_00-0028224,CB,,OUT,DNP,Shoulder,2021-09-25,nflverse,,2026-09-07T05:45:02.885579+00:00,2021-09-25T00:00:00
NFL_LAC_00-0034677_2021W03_DOUBTFUL_DNP,NFL,2021,3,2021_NFL_W03_LAC_KC,NFL_LAC,NFL_P_00-0034677,DL,,DOUBTFUL,DNP,Calf,2021-09-25,nflverse,,2026-09-07T05:45:02.885579+00:00,2021-09-25T00:00:00
NFL_LAC_00-0033156_2021W03_QUESTIONABLE_DNP,NFL,2021,3,2021_NFL_W03_LAC_KC,NFL_LAC,NFL_P_00-0033156,LB,,QUESTIONABLE,DNP,Foot,2021-09-25,nflverse,,2026-09-07T05:45:02.885579+00:00,2021-09-25T00:00:00
NFL_LV_00-0033129_2021W03_NA_LP,NFL,2021,3,2021_NFL_W03_MIA_LV,NFL_LV,NFL_P_00-0033129,EDGE,,UNKNOWN,LP,Pectoral,2021-09-25,nflverse,,2026-09-07T05:45:02.885579+00:00,2021-09-25T00:00:00
NFL_LV_00-0023516_2021W03_OUT_DNP,NFL,2021,3,2021_NFL_W03_MIA_LV,NFL_LV,NFL_P_00-0023516,OL,,OUT,DNP,Calf,2021-09-25,nflverse,,2026-09-07T05:45:02.885579+00:00,2021-09-25T00:00:00
NFL_LV_00-0034726_2021W03_OUT_DNP,NFL,2021,3,2021_NFL_W03_MIA_LV,NFL_LV,NFL_P_00-0034726,S,,OUT,DNP,Concussion,2021-09-25,nflverse,,2026-09-07T05:45:02.885579+00:00,2021-09-25T00:00:00
NFL_LV_00-0035437_2021W03_OUT_DNP,NFL,2021,3,2021_NFL_W03_MIA_LV,NFL_LV,NFL_P_00-0035437,CB,,OUT,DNP,Ankle,2021-09-25,nflverse,,2026-09-07T05:45:02.885579+00:00,2021-09-25T00:00:00
NFL_LV_00-0035700_2021W03_DOUBTFUL_DNP,NFL,2021,3,2021_NFL_W03_MIA_LV,NFL_LV,NFL_P_00-0035700,RB,,DOUBTFUL,DNP,Ankle,2021-09-25,nflverse,,2026-09-07T05:45:02.885579+00:00,2021-09-25T00:00:00
NFL_MIA_00-0036212_2021W03_OUT_DNP,NFL,2021,3,2021_NFL_W03_MIA_LV,NFL_MIA,NFL_P_00-0036212,QB,,OUT,DNP,Ribs,2021-09-25,nflverse,,2026-09-07T05:45:02.885579+00:00,2021-09-25T00:00:00
NFL_MIN_00-0036344_2021W03_OUT_DNP,NFL,2021,3,2021_NFL_W03_SEA_MIN,NFL_MIN,NFL_P_00-0036344,CB,,OUT,DNP,Hamstring,2021-09-25,nflverse,,2026-09-07T05:45:02.885579+00:00,2021-09-25T00:00:00
NFL_MIN_00-0031256_2021W03_OUT_LP,NFL,2021,3,2021_NFL_W03_SEA_MIN,NFL_MIN,NFL_P_00-0031256,LB,,OUT,LP,Knee,2021-09-25,nflverse,,2026-09-07T05:45:02.885579+00:00,2021-09-25T00:00:00
NFL_MIN_00-0036616_2021W03_OUT_LP,NFL,2021,3,2021_NFL_W03_SEA_MIN,NFL_MIN,NFL_P_00-0036616,OL,,OUT,LP,Groin,2021-09-25,nflverse,,2026-09-07T05:45:02.885579+00:00,2021-09-25T00:00:00
NFL_MIN_00-0033893_2021W03_QUESTIONABLE_DNP,NFL,2021,3,2021_NFL_W03_SEA_MIN,NFL_MIN,NFL_P_00-0033893,RB,,QUESTIONABLE,DNP,Ankle,2021-09-25,nflverse,,2026-09-07T05:45:02.885579+00:00,2021-09-25T00:00:00
NFL_NE_00-0031404_2021W03_QUESTIONABLE_DNP,NFL,2021,3,2021_NFL_W03_NO_NE,NFL_NE,NFL_P_00-0031404,S,,QUESTIONABLE,DNP,Not injury related - personal matter,2021-09-25,nflverse,,2026-09-07T05:45:02.885579+00:00,2021-09-25T00:00:00
NFL_NE_00-0032071_2021W03_QUESTIONABLE_LP,NFL,2021,3,2021_NFL_W03_NO_NE,NFL_NE,NFL_P_00-0032071,OL,,QUESTIONABLE,LP,Calf,2021-09-25,nflverse,,2026-09-07T05:45:02.885579+00:00,2021-09-25T00:00:00
NFL_NE_00-0036159_2021W03_QUESTIONABLE_LP,NFL,2021,3,2021_NFL_W03_NO_NE,NFL_NE,NFL_P_00-0036159,LB,,QUESTIONABLE,LP,Back,2021-09-25,nflverse,,2026-09-07T05:45:02.885579+00:00,2021-09-25T00:00:00
NFL_NO_00-0035764_2021W03_NA_LP,NFL,2021,3,2021_NFL_W03_NO_NE,NFL_NO,NFL_P_00-0035764,OL,,UNKNOWN,LP,Knee,2021-09-25,nflverse,,2026-09-07T05:45:02.885579+00:00,2021-09-25T00:00:00
NFL_NO_00-0036926_2021W03_NA_LP,NFL,2021,3,2021_NFL_W03_NO_NE,NFL_NO,NFL_P_00-0036926,EDGE,,UNKNOWN,LP,Elbow,2021-09-25,nflverse,,2026-09-07T05:45:02.885579+00:00,2021-09-25T00:00:00
NFL_NO_00-0035242_2021W03_OUT_DNP,NFL,2021,3,2021_NFL_W03_NO_NE,NFL_NO,NFL_P_00-0035242,OL,,OUT,DNP,Calf,2021-09-25,nflverse,,2026-09-07T05:45:02.885579+00:00,2021-09-25T00:00:00
NFL_NYG_00-0034844_2021W03_NA_LP,NFL,2021,3,2021_NFL_W03_ATL_NYG,NFL_NYG,NFL_P_00-0034844,RB,,UNKNOWN,LP,Knee,2021-09-25,nflverse,,2026-09-07T05:45:02.885579+00:00,2021-09-25T00:00:00
NFL_NYG_00-0030411_2021W03_NA_LP,NFL,2021,3,2021_NFL_W03_ATL_NYG,NFL_NYG,NFL_P_00-0030411,S,,UNKNOWN,LP,Hamstring,2021-09-25,nflverse,,2026-09-07T05:45:02.885579+00:00,2021-09-25T00:00:00
NFL_NYG_00-0034988_2021W03_NA_LP,NFL,2021,3,2021_NFL_W03_ATL_NYG,NFL_NYG,NFL_P_00-0034988,TE,,UNKNOWN,LP,Knee,2021-09-25,nflverse,,2026-09-07T05:45:02.885579+00:00,2021-09-25T00:00:00
NFL_NYG_00-0036913_2021W03_NA_LP,NFL,2021,3,2021_NFL_W03_ATL_NYG,NFL_NYG,NFL_P_00-0036913,WR,,UNKNOWN,LP,Ankle,2021-09-25,nflverse,,2026-09-07T05:45:02.885579+00:00,2021-09-25T00:00:00
NFL_NYG_00-0036400_2021W03_OUT_DNP,NFL,2021,3,2021_NFL_W03_ATL_NYG,NFL_NYG,NFL_P_00-0036400,LB,,OUT,DNP,Hamstring,2021-09-25,nflverse,,2026-09-07T05:45:02.885579+00:00,2021-09-25T00:00:00
NFL_NYG_00-0029570_2021W03_QUESTIONABLE_LP,NFL,2021,3,2021_NFL_W03_ATL_NYG,NFL_NYG,NFL_P_00-0029570,S,,QUESTIONABLE,LP,Quadricep,2021-09-25,nflverse,,2026-09-07T05:45:02.885579+00:00,2021-09-25T00:00:00
NFL_NYG_00-0033881_2021W03_QUESTIONABLE_LP,NFL,2021,3,2021_NFL_W03_ATL_NYG,NFL_NYG,NFL_P_00-0033881,TE,,QUESTIONABLE,LP,Calf,2021-09-25,nflverse,,2026-09-07T05:45:02.885579+00:00,2021-09-25T00:00:00
NFL_NYG_00-0033932_2021W03_QUESTIONABLE_LP,NFL,2021,3,2021_NFL_W03_ATL_NYG,NFL_NYG,NFL_P_00-0033932,WR,,QUESTIONABLE,LP,Hip,2021-09-25,nflverse,,2026-09-07T05:45:02.885579+00:00,2021-09-25T00:00:00
NFL_NYJ_00-0033121_2021W03_NA_DNP,NFL,2021,3,2021_NFL_W03_NYJ_DEN,NFL_NYJ,NFL_P_00-0033121,LB,,UNKNOWN,DNP,Not injury related - personal matter,2021-09-25,nflverse,,2026-09-07T05:45:02.885579+00:00,2021-09-25T00:00:00
NFL_NYJ_00-0032058_2021W03_OUT_FP,NFL,2021,3,2021_NFL_W03_NYJ_DEN,NFL_NYJ,NFL_P_00-0032058,RB,,OUT,FP,Illness,2021-09-25,nflverse,,2026-09-07T05:45:02.885579+00:00,2021-09-25T00:00:00
NFL_NYJ_00-0031941_2021W03_DOUBTFUL_DNP,NFL,2021,3,2021_NFL_W03_NYJ_DEN,NFL_NYJ,NFL_P_00-0031941,WR,,DOUBTFUL,DNP,Groin,2021-09-25,nflverse,,2026-09-07T05:45:02.885579+00:00,2021-09-25T00:00:00
NFL_NYJ_00-0034805_2021W03_QUESTIONABLE_LP,NFL,2021,3,2021_NFL_W03_NYJ_DEN,NFL_NYJ,NFL_P_00-0034805,EDGE,,QUESTIONABLE,LP,Calf,2021-09-25,nflverse,,2026-09-07T05:45:02.885579+00:00,2021-09-25T00:00:00
NFL_PHI_00-0030061_2021W03_NA_LP,NFL,2021,3,2021_NFL_W03_PHI_DAL,NFL_PHI,NFL_P_00-0030061,TE,,UNKNOWN,LP,Illness,2021-09-27,nflverse,,2026-09-07T05:45:02.885579+00:00,2021-09-27T00:00:00
NFL_PHI_00-0034429_2021W03_OUT_DNP,NFL,2021,3,2021_NFL_W03_PHI_DAL,NFL_PHI,NFL_P_00-0034429,OL,,OUT,DNP,Knee,2021-09-27,nflverse,,2026-09-07T05:45:02.885579+00:00,2021-09-27T00:00:00
NFL_PHI_00-0028899_2021W03_OUT_LP,NFL,2021,3,2021_NFL_W03_PHI_DAL,NFL_PHI,NFL_P_00-0028899,S,,OUT,LP,Knee,2021-09-27,nflverse,,2026-09-07T05:45:02.885579+00:00,2021-09-27T00:00:00
NFL_PHI_00-0034414_2021W03_QUESTIONABLE_DNP,NFL,2021,3,2021_NFL_W03_PHI_DAL,NFL_PHI,NFL_P_00-0034414,RB,,QUESTIONABLE,DNP,Illness,2021-09-27,nflverse,,2026-09-07T05:45:02.885579+00:00,2021-09-27T00:00:00
NFL_PHI_00-0036393_2021W03_QUESTIONABLE_LP,NFL,2021,3,2021_NFL_W03_PHI_DAL,NFL_PHI,NFL_P_00-0036393,LB,,QUESTIONABLE,LP,Calf,2021-09-27,nflverse,,2026-09-07T05:45:02.885579+00:00,2021-09-27T00:00:00
NFL_PIT_00-0036352_2021W03_OUT_DNP,NFL,2021,3,2021_NFL_W03_CIN_PIT,NFL_PIT,NFL_P_00-0036352,DL,,OUT,DNP,Knee,2021-09-25,nflverse,,2026-09-07T05:45:02.885579+00:00,2021-09-25T00:00:00
NFL_PIT_00-0036333_2021W03_OUT_DNP,NFL,2021,3,2021_NFL_W03_CIN_PIT,NFL_PIT,NFL_P_00-0036333,LB,,OUT,DNP,Groin,2021-09-25,nflverse,,2026-09-07T05:45:02.885579+00:00,2021-09-25T00:00:00
NFL_PIT_00-0035216_2021W03_OUT_DNP,NFL,2021,3,2021_NFL_W03_CIN_PIT,NFL_PIT,NFL_P_00-0035216,WR,,OUT,DNP,Knee,2021-09-25,nflverse,,2026-09-07T05:45:02.885579+00:00,2021-09-25T00:00:00
NFL_PIT_00-0033886_2021W03_QUESTIONABLE_LP,NFL,2021,3,2021_NFL_W03_CIN_PIT,NFL_PIT,NFL_P_00-0033886,LB,,QUESTIONABLE,LP,Groin,2021-09-25,nflverse,,2026-09-07T05:45:02.885579+00:00,2021-09-25T00:00:00
NFL_SEA_00-0026166_2021W03_NA_DNP,NFL,2021,3,2021_NFL_W03_SEA_MIN,NFL_SEA,NFL_P_00-0026166,OL,,UNKNOWN,DNP,Not injury related - resting player,2021-09-25,nflverse,,2026-09-07T05:45:02.885579+00:00,2021-09-25T00:00:00
NFL_SEA_00-0031367_2021W03_NA_DNP,NFL,2021,3,2021_NFL_W03_SEA_MIN,NFL_SEA,NFL_P_00-0031367,OL,,UNKNOWN,DNP,Not injury related - resting player,2021-09-25,nflverse,,2026-09-07T05:45:02.885579+00:00,2021-09-25T00:00:00
NFL_SEA_00-0036620_2021W03_OUT_DNP,NFL,2021,3,2021_NFL_W03_SEA_MIN,NFL_SEA,NFL_P_00-0036620,WR,,OUT,DNP,Concussion,2021-09-25,nflverse,,2026-09-07T05:45:02.885579+00:00,2021-09-25T00:00:00
NFL_SEA_00-0034750_2021W03_OUT_DNP,NFL,2021,3,2021_NFL_W03_SEA_MIN,NFL_SEA,NFL_P_00-0034750,RB,,OUT,DNP,Calf,2021-09-25,nflverse,,2026-09-07T05:45:02.885579+00:00,2021-09-25T00:00:00
NFL_SEA_00-0032420_2021W03_OUT_DNP,NFL,2021,3,2021_NFL_W03_SEA_MIN,NFL_SEA,NFL_P_00-0032420,OL,,OUT,DNP,Ankle,2021-09-25,nflverse,,2026-09-07T05:45:02.885579+00:00,2021-09-25T00:00:00
NFL_SEA_00-0030380_2021W03_QUESTIONABLE_LP,NFL,2021,3,2021_NFL_W03_SEA_MIN,NFL_SEA,NFL_P_00-0030380,LB,,QUESTIONABLE,LP,Neck,2021-09-25,nflverse,,2026-09-07T05:45:02.885579+00:00,2021-09-25T00:00:00
NFL_SF_00-0035026_2021W03_OUT_DNP,NFL,2021,3,2021_NFL_W03_GB_SF,NFL_SF,NFL_P_00-0035026,DL,,OUT,DNP,Ankle,2021-09-26,nflverse,,2026-09-07T05:45:02.885579+00:00,2021-09-26T00:00:00
NFL_SF_00-0035806_2021W03_OUT_DNP,NFL,2021,3,2021_NFL_W03_GB_SF,NFL_SF,NFL_P_00-0035806,RB,,OUT,DNP,Ankle,2021-09-26,nflverse,,2026-09-07T05:45:02.885579+00:00,2021-09-26T00:00:00
NFL_SF_00-0036567_2021W03_DOUBTFUL_LP,NFL,2021,3,2021_NFL_W03_GB_SF,NFL_SF,NFL_P_00-0036567,RB,,DOUBTFUL,LP,Shoulder,2021-09-26,nflverse,,2026-09-07T05:45:02.885579+00:00,2021-09-26T00:00:00
NFL_SF_00-0032164_2021W03_QUESTIONABLE_LP,NFL,2021,3,2021_NFL_W03_GB_SF,NFL_SF,NFL_P_00-0032164,EDGE,,QUESTIONABLE,LP,Adductor,2021-09-26,nflverse,,2026-09-07T05:45:02.885579+00:00,2021-09-26T00:00:00
NFL_SF_00-0036260_2021W03_QUESTIONABLE_LP,NFL,2021,3,2021_NFL_W03_GB_SF,NFL_SF,NFL_P_00-0036260,DL,,QUESTIONABLE,LP,Knee,2021-09-26,nflverse,,2026-09-07T05:45:02.885579+00:00,2021-09-26T00:00:00
NFL_SF_00-0034096_2021W03_QUESTIONABLE_LP,NFL,2021,3,2021_NFL_W03_GB_SF,NFL_SF,NFL_P_00-0034096,CB,,QUESTIONABLE,LP,Knee,2021-09-26,nflverse,,2026-09-07T05:45:02.885579+00:00,2021-09-26T00:00:00
NFL_TB_00-0027656_2021W03_NA_DNP,NFL,2021,3,2021_NFL_W03_TB_LAR,NFL_TB,NFL_P_00-0027656,TE,,UNKNOWN,DNP,Not injury related - resting player,2021-09-25,nflverse,,2026-09-07T05:45:02.885579+00:00,2021-09-25T00:00:00
NFL_TB_00-0027855_2021W03_NA_DNP,NFL,2021,3,2021_NFL_W03_TB_LAR,NFL_TB,NFL_P_00-0027855,DL,,UNKNOWN,DNP,Not injury related - resting player,2021-09-25,nflverse,,2026-09-07T05:45:02.885579+00:00,2021-09-25T00:00:00
NFL_TB_00-0033006_2021W03_OUT_DNP,NFL,2021,3,2021_NFL_W03_TB_LAR,NFL_TB,NFL_P_00-0033006,WR,,OUT,DNP,Abdomen,2021-09-25,nflverse,,2026-09-07T05:45:02.885579+00:00,2021-09-25T00:00:00
NFL_TB_00-0027867_2021W03_OUT_DNP,NFL,2021,3,2021_NFL_W03_TB_LAR,NFL_TB,NFL_P_00-0027867,LB,,OUT,DNP,Hand,2021-09-25,nflverse,,2026-09-07T05:45:02.885579+00:00,2021-09-25T00:00:00
NFL_TEN_00-0027648_2021W03_NA_LP,NFL,2021,3,2021_NFL_W03_IND_TEN,NFL_TEN,NFL_P_00-0027648,OL,,UNKNOWN,LP,Shoulder,2021-09-25,nflverse,,2026-09-07T05:45:02.885579+00:00,2021-09-25T00:00:00
NFL_TEN_00-0036615_2021W03_OUT_DNP,NFL,2021,3,2021_NFL_W03_IND_TEN,NFL_TEN,NFL_P_00-0036615,CB,,OUT,DNP,Shoulder,2021-09-25,nflverse,,2026-09-07T05:45:02.885579+00:00,2021-09-25T00:00:00
NFL_TEN_00-0033455_2021W03_OUT_DNP,NFL,2021,3,2021_NFL_W03_IND_TEN,NFL_TEN,NFL_P_00-0033455,TE,,OUT,DNP,Knee,2021-09-25,nflverse,,2026-09-07T05:45:02.885579+00:00,2021-09-25T00:00:00
NFL_TEN_00-0035521_2021W03_OUT_DNP,NFL,2021,3,2021_NFL_W03_IND_TEN,NFL_TEN,NFL_P_00-0035521,LB,,OUT,DNP,Knee,2021-09-25,nflverse,,2026-09-07T05:45:02.885579+00:00,2021-09-25T00:00:00
NFL_TEN_00-0032146_2021W03_QUESTIONABLE_DNP,NFL,2021,3,2021_NFL_W03_IND_TEN,NFL_TEN,NFL_P_00-0032146,LB,,QUESTIONABLE,DNP,Knee,2021-09-25,nflverse,,2026-09-07T05:45:02.885579+00:00,2021-09-25T00:00:00
NFL_TEN_00-0033954_2021W03_QUESTIONABLE_FP,NFL,2021,3,2021_NFL_W03_IND_TEN,NFL_TEN,NFL_P_00-0033954,LB,,QUESTIONABLE,FP,Hamstring,2021-09-25,nflverse,,2026-09-07T05:45:02.885579+00:00,2021-09-25T00:00:00
NFL_WAS_00-0032781_2021W03_QUESTIONABLE_DNP,NFL,2021,3,2021_NFL_W03_WAS_BUF,NFL_WAS,NFL_P_00-0032781,DL,,QUESTIONABLE,DNP,Knee,2021-09-25,nflverse,,2026-09-07T05:45:02.885579+00:00,2021-09-25T00:00:00
NFL_ARI_00-0027993_2021W04_NA_DNP,NFL,2021,4,2021_NFL_W04_ARI_LAR,NFL_ARI,NFL_P_00-0027993,OL,,UNKNOWN,DNP,Not injury related - resting player,2021-10-02,nflverse,,2026-09-07T05:45:02.885579+00:00,2021-10-02T00:00:00
NFL_ARI_00-0029585_2021W04_NA_DNP,NFL,2021,4,2021_NFL_W04_ARI_LAR,NFL_ARI,NFL_P_00-0029585,LB,,UNKNOWN,DNP,Not injury related - resting player,2021-10-02,nflverse,,2026-09-07T05:45:02.885579+00:00,2021-10-02T00:00:00
NFL_ARI_00-0027686_2021W04_NA_DNP,NFL,2021,4,2021_NFL_W04_ARI_LAR,NFL_ARI,NFL_P_00-0027686,DL,,UNKNOWN,DNP,Not injury related - resting player,2021-10-02,nflverse,,2026-09-07T05:45:02.885579+00:00,2021-10-02T00:00:00
NFL_ARI_00-0027942_2021W04_NA_LP,NFL,2021,4,2021_NFL_W04_ARI_LAR,NFL_ARI,NFL_P_00-0027942,WR,,UNKNOWN,LP,Not injury related - resting player,2021-10-02,nflverse,,2026-09-07T05:45:02.885579+00:00,2021-10-02T00:00:00
NFL_ARI_00-0036383_2021W04_OUT_DNP,NFL,2021,4,2021_NFL_W04_ARI_LAR,NFL_ARI,NFL_P_00-0036383,RB,,OUT,DNP,Hamstring,2021-10-02,nflverse,,2026-09-07T05:45:02.885579+00:00,2021-10-02T00:00:00
NFL_ARI_00-0029316_2021W04_QUESTIONABLE_DNP,NFL,2021,4,2021_NFL_W04_ARI_LAR,NFL_ARI,NFL_P_00-0029316,OL,,QUESTIONABLE,DNP,Ribs,2021-10-02,nflverse,,2026-09-07T05:45:02.885579+00:00,2021-10-02T00:00:00
NFL_ARI_00-0030585_2021W04_QUESTIONABLE_FP,NFL,2021,4,2021_NFL_W04_ARI_LAR,NFL_ARI,NFL_P_00-0030585,OL,,QUESTIONABLE,FP,Back,2021-10-02,nflverse,,2026-09-07T05:45:02.885579+00:00,2021-10-02T00:00:00
NFL_ARI_00-0032528_2021W04_QUESTIONABLE_LP,NFL,2021,4,2021_NFL_W04_ARI_LAR,NFL_ARI,NFL_P_00-0032528,OL,,QUESTIONABLE,LP,Back,2021-10-02,nflverse,,2026-09-07T05:45:02.885579+00:00,2021-10-02T00:00:00
NFL_ATL_00-0036291_2021W04_OUT_DNP,NFL,2021,4,2021_NFL_W04_WAS_ATL,NFL_ATL,NFL_P_00-0036291,DL,,OUT,DNP,Ankle,2021-10-02,nflverse,,2026-09-07T05:45:02.885579+00:00,2021-10-02T00:00:00
NFL_ATL_00-0034411_2021W04_OUT_DNP,NFL,2021,4,2021_NFL_W04_WAS_ATL,NFL_ATL,NFL_P_00-0034411,WR,,OUT,DNP,Ankle,2021-10-02,nflverse,,2026-09-07T05:45:02.885579+00:00,2021-10-02T00:00:00
NFL_BAL_00-0026190_2021W04_NA_DNP,NFL,2021,4,2021_NFL_W04_BAL_DEN,NFL_BAL,NFL_P_00-0026190,EDGE,,UNKNOWN,DNP,Not injury related - resting player,2021-10-02,nflverse,,2026-09-07T05:45:02.885579+00:00,2021-10-02T00:00:00
NFL_BAL_00-0028008_2021W04_NA_DNP,NFL,2021,4,2021_NFL_W04_BAL_DEN,NFL_BAL,NFL_P_00-0028008,LB,,UNKNOWN,DNP,Not injury related - resting player,2021-10-02,nflverse,,2026-09-07T05:45:02.885579+00:00,2021-10-02T00:00:00
NFL_BAL_00-0031325_2021W04_NA_DNP,NFL,2021,4,2021_NFL_W04_BAL_DEN,NFL_BAL,NFL_P_00-0031325,WR,,UNKNOWN,DNP,Not injury related - resting player,2021-10-02,nflverse,,2026-09-07T05:45:02.885579+00:00,2021-10-02T00:00:00
NFL_BAL_00-0030511_2021W04_NA_DNP,NFL,2021,4,2021_NFL_W04_BAL_DEN,NFL_BAL,NFL_P_00-0030511,DL,,UNKNOWN,DNP,Not injury related - resting player,2021-10-02,nflverse,,2026-09-07T05:45:02.885579+00:00,2021-10-02T00:00:00
NFL_BAL_00-0032965_2021W04_OUT_DNP,NFL,2021,4,2021_NFL_W04_BAL_DEN,NFL_BAL,NFL_P_00-0032965,OL,,OUT,DNP,Ankle,2021-10-02,nflverse,,2026-09-07T05:45:02.885579+00:00,2021-10-02T00:00:00
NFL_BAL_00-0029586_2021W04_OUT_DNP,NFL,2021,4,2021_NFL_W04_BAL_DEN,NFL_BAL,NFL_P_00-0029586,EDGE,,OUT,DNP,Back,2021-10-02,nflverse,,2026-09-07T05:45:02.885579+00:00,2021-10-02T00:00:00
NFL_BAL_00-0034265_2021W04_QUESTIONABLE_DNP,NFL,2021,4,2021_NFL_W04_BAL_DEN,NFL_BAL,NFL_P_00-0034265,CB,,QUESTIONABLE,DNP,Ankle,2021-10-02,nflverse,,2026-09-07T05:45:02.885579+00:00,2021-10-02T00:00:00
NFL_BAL_00-0034277_2021W04_QUESTIONABLE_DNP,NFL,2021,4,2021_NFL_W04_BAL_DEN,NFL_BAL,NFL_P_00-0034277,S,,QUESTIONABLE,DNP,Quadricep,2021-10-02,nflverse,,2026-09-07T05:45:02.885579+00:00,2021-10-02T00:00:00
NFL_BAL_00-0033281_2021W04_QUESTIONABLE_FP,NFL,2021,4,2021_NFL_W04_BAL_DEN,NFL_BAL,NFL_P_00-0033281,CB,,QUESTIONABLE,FP,Knee,2021-10-02,nflverse,,2026-09-07T05:45:02.885579+00:00,2021-10-02T00:00:00
NFL_BAL_00-0034796_2021W04_QUESTIONABLE_FP,NFL,2021,4,2021_NFL_W04_BAL_DEN,NFL_BAL,NFL_P_00-0034796,QB,,QUESTIONABLE,FP,Back,2021-10-02,nflverse,,2026-09-07T05:45:02.885579+00:00,2021-10-02T00:00:00
NFL_BAL_00-0032770_2021W04_QUESTIONABLE_FP,NFL,2021,4,2021_NFL_W04_BAL_DEN,NFL_BAL,NFL_P_00-0032770,CB,,QUESTIONABLE,FP,Knee,2021-10-02,nflverse,,2026-09-07T05:45:02.885579+00:00,2021-10-02T00:00:00
NFL_BAL_00-0033294_2021W04_QUESTIONABLE_LP,NFL,2021,4,2021_NFL_W04_BAL_DEN,NFL_BAL,NFL_P_00-0033294,S,,QUESTIONABLE,LP,Hip,2021-10-02,nflverse,,2026-09-07T05:45:02.885579+00:00,2021-10-02T00:00:00
NFL_BAL_00-0028103_2021W04_QUESTIONABLE_LP,NFL,2021,4,2021_NFL_W04_BAL_DEN,NFL_BAL,NFL_P_00-0028103,LB,,QUESTIONABLE,LP,Shoulder,2021-10-02,nflverse,,2026-09-07T05:45:02.885579+00:00,2021-10-02T00:00:00
NFL_BAL_00-0036199_2021W04_QUESTIONABLE_LP,NFL,2021,4,2021_NFL_W04_BAL_DEN,NFL_BAL,NFL_P_00-0036199,S,,QUESTIONABLE,LP,Thigh,2021-10-02,nflverse,,2026-09-07T05:45:02.885579+00:00,2021-10-02T00:00:00
NFL_BAL_00-0030648_2021W04_QUESTIONABLE_LP,NFL,2021,4,2021_NFL_W04_BAL_DEN,NFL_BAL,NFL_P_00-0030648,OL,,QUESTIONABLE,LP,Knee,2021-10-02,nflverse,,2026-09-07T05:45:02.885579+00:00,2021-10-02T00:00:00
NFL_BUF_00-0028339_2021W04_NA_DNP,NFL,2021,4,2021_NFL_W04_HOU_BUF,NFL_BUF,NFL_P_00-0028339,EDGE,,UNKNOWN,DNP,Not injury related - resting player,2021-10-02,nflverse,,2026-09-07T05:45:02.885579+00:00,2021-10-02T00:00:00
NFL_BUF_00-0029000_2021W04_NA_DNP,NFL,2021,4,2021_NFL_W04_HOU_BUF,NFL_BUF,NFL_P_00-0029000,WR,,UNKNOWN,DNP,Not injury related - resting player,2021-10-02,nflverse,,2026-09-07T05:45:02.885579+00:00,2021-10-02T00:00:00
NFL_BUF_00-0031588_2021W04_NA_DNP,NFL,2021,4,2021_NFL_W04_HOU_BUF,NFL_BUF,NFL_P_00-0031588,WR,,UNKNOWN,DNP,Not injury related - resting player,2021-10-02,nflverse,,2026-09-07T05:45:02.885579+00:00,2021-10-02T00:00:00
NFL_BUF_00-0027881_2021W04_NA_DNP,NFL,2021,4,2021_NFL_W04_HOU_BUF,NFL_BUF,NFL_P_00-0027881,EDGE,,UNKNOWN,DNP,Not injury related - resting player,2021-10-02,nflverse,,2026-09-07T05:45:02.885579+00:00,2021-10-02T00:00:00
NFL_BUF_00-0028063_2021W04_NA_DNP,NFL,2021,4,2021_NFL_W04_HOU_BUF,NFL_BUF,NFL_P_00-0028063,RB,,UNKNOWN,DNP,Not injury related - resting player,2021-10-02,nflverse,,2026-09-07T05:45:02.885579+00:00,2021-10-02T00:00:00
NFL_BUF_00-0030455_2021W04_NA_DNP,NFL,2021,4,2021_NFL_W04_HOU_BUF,NFL_BUF,NFL_P_00-0030455,DL,,UNKNOWN,DNP,Not injury related - resting player,2021-10-02,nflverse,,2026-09-07T05:45:02.885579+00:00,2021-10-02T00:00:00
NFL_BUF_00-0027685_2021W04_NA_DNP,NFL,2021,4,2021_NFL_W04_HOU_BUF,NFL_BUF,NFL_P_00-0027685,WR,,UNKNOWN,DNP,Not injury related - resting player,2021-10-02,nflverse,,2026-09-07T05:45:02.885579+00:00,2021-10-02T00:00:00
NFL_BUF_00-0032151_2021W04_OUT_DNP,NFL,2021,4,2021_NFL_W04_HOU_BUF,NFL_BUF,NFL_P_00-0032151,OL,,OUT,DNP,Concussion,2021-10-02,nflverse,,2026-09-07T05:45:02.885579+00:00,2021-10-02T00:00:00
NFL_BUF_00-0030114_2021W04_OUT_DNP,NFL,2021,4,2021_NFL_W04_HOU_BUF,NFL_BUF,NFL_P_00-0030114,S,,OUT,DNP,Ankle,2021-10-02,nflverse,,2026-09-07T05:45:02.885579+00:00,2021-10-02T00:00:00
NFL_BUF_00-0034376_2021W04_QUESTIONABLE_DNP,NFL,2021,4,2021_NFL_W04_HOU_BUF,NFL_BUF,NFL_P_00-0034376,CB,,QUESTIONABLE,DNP,Groin,2021-10-02,nflverse,,2026-09-07T05:45:02.885579+00:00,2021-10-02T00:00:00
NFL_BUF_00-0031500_2021W04_QUESTIONABLE_FP,NFL,2021,4,2021_NFL_W04_HOU_BUF,NFL_BUF,NFL_P_00-0031500,EDGE,,QUESTIONABLE,FP,Ankle,2021-10-02,nflverse,,2026-09-07T05:45:02.885579+00:00,2021-10-02T00:00:00
NFL_CAR_00-0036572_2021W04_NA_DNP,NFL,2021,4,2021_NFL_W04_CAR_DAL,NFL_CAR,NFL_P_00-0036572,WR,,UNKNOWN,DNP,Not injury related - personal matter,2021-10-02,nflverse,,2026-09-07T05:45:02.885579+00:00,2021-10-02T00:00:00
NFL_CAR_00-0036576_2021W04_NA_LP,NFL,2021,4,2021_NFL_W04_CAR_DAL,NFL_CAR,NFL_P_00-0036576,DL,,UNKNOWN,LP,Not injury related - personal matter,2021-10-02,nflverse,,2026-09-07T05:45:02.885579+00:00,2021-10-02T00:00:00
NFL_CAR_00-0033280_2021W04_OUT_DNP,NFL,2021,4,2021_NFL_W04_CAR_DAL,NFL_CAR,NFL_P_00-0033280,RB,,OUT,DNP,Hamstring,2021-10-02,nflverse,,2026-09-07T05:45:02.885579+00:00,2021-10-02T00:00:00
NFL_CAR_00-0036288_2021W04_DOUBTFUL_LP,NFL,2021,4,2021_NFL_W04_CAR_DAL,NFL_CAR,NFL_P_00-0036288,EDGE,,DOUBTFUL,LP,Ankle,2021-10-02,nflverse,,2026-09-07T05:45:02.885579+00:00,2021-10-02T00:00:00
NFL_CAR_00-0032149_2021W04_QUESTIONABLE_LP,NFL,2021,4,2021_NFL_W04_CAR_DAL,NFL_CAR,NFL_P_00-0032149,OL,,QUESTIONABLE,LP,Shoulder,2021-10-02,nflverse,,2026-09-07T05:45:02.885579+00:00,2021-10-02T00:00:00
NFL_CHI_00-0034372_2021W04_OUT_DNP,NFL,2021,4,2021_NFL_W04_DET_CHI,NFL_CHI,NFL_P_00-0034372,LB,,OUT,DNP,Hamstring,2021-10-02,nflverse,,2026-09-07T05:45:02.885579+00:00,2021-10-02T00:00:00
NFL_CHI_00-0028924_2021W04_DOUBTFUL_DNP,NFL,2021,4,2021_NFL_W04_DET_CHI,NFL_CHI,NFL_P_00-0028924,S,,DOUBTFUL,DNP,Hamstring,2021-10-02,nflverse,,2026-09-07T05:45:02.885579+00:00,2021-10-02T00:00:00
NFL_CHI_00-0035293_2021W04_QUESTIONABLE_LP,NFL,2021,4,2021_NFL_W04_DET_CHI,NFL_CHI,NFL_P_00-0035293,CB,,QUESTIONABLE,LP,Back,2021-10-02,nflverse,,2026-09-07T05:45:02.885579+00:00,2021-10-02T00:00:00
NFL_CHI_00-0027973_2021W04_QUESTIONABLE_LP,NFL,2021,4,2021_NFL_W04_DET_CHI,NFL_CHI,NFL_P_00-0027973,QB,,QUESTIONABLE,LP,Knee,2021-10-02,nflverse,,2026-09-07T05:45:02.885579+00:00,2021-10-02T00:00:00
NFL_CHI_00-0031040_2021W04_QUESTIONABLE_LP,NFL,2021,4,2021_NFL_W04_DET_CHI,NFL_CHI,NFL_P_00-0031040,LB,,QUESTIONABLE,LP,Foot,2021-10-02,nflverse,,2026-09-07T05:45:02.885579+00:00,2021-10-02T00:00:00
NFL_CHI_00-0036309_2021W04_QUESTIONABLE_LP,NFL,2021,4,2021_NFL_W04_DET_CHI,NFL_CHI,NFL_P_00-0036309,WR,,QUESTIONABLE,LP,Groin,2021-10-02,nflverse,,2026-09-07T05:45:02.885579+00:00,2021-10-02T00:00:00
NFL_CIN_00-0034675_2021W04_OUT_DNP,NFL,2021,4,2021_NFL_W04_JAX_CIN,NFL_CIN,NFL_P_00-0034675,S,,OUT,DNP,Neck,2021-09-30,nflverse,,2026-09-07T05:45:02.885579+00:00,2021-09-30T00:00:00
NFL_CIN_00-0036410_2021W04_OUT_DNP,NFL,2021,4,2021_NFL_W04_JAX_CIN,NFL_CIN,NFL_P_00-0036410,WR,,OUT,DNP,Shoulder,2021-09-30,nflverse,,2026-09-07T05:45:02.885579+00:00,2021-09-30T00:00:00
NFL_CIN_00-0033548_2021W04_DOUBTFUL_DNP,NFL,2021,4,2021_NFL_W04_JAX_CIN,NFL_CIN,NFL_P_00-0033548,CB,,DOUBTFUL,DNP,Groin,2021-09-30,nflverse,,2026-09-07T05:45:02.885579+00:00,2021-09-30T00:00:00
NFL_CIN_00-0031410_2021W04_DOUBTFUL_DNP,NFL,2021,4,2021_NFL_W04_JAX_CIN,NFL_CIN,NFL_P_00-0031410,OL,,DOUBTFUL,DNP,Knee,2021-09-30,nflverse,,2026-09-07T05:45:02.885579+00:00,2021-09-30T00:00:00
NFL_CLE_00-0033057_2021W04_NA_LP,NFL,2021,4,2021_NFL_W04_CLE_MIN,NFL_CLE,NFL_P_00-0033057,OL,,UNKNOWN,LP,Knee,2021-10-02,nflverse,,2026-09-07T05:45:02.885579+00:00,2021-10-02T00:00:00
NFL_CLE_00-0036996_2021W04_OUT_DNP,NFL,2021,4,2021_NFL_W04_CLE_MIN,NFL_CLE,NFL_P_00-0036996,CB,,OUT,DNP,Calf,2021-10-02,nflverse,,2026-09-07T05:45:02.885579+00:00,2021-10-02T00:00:00
NFL_CLE_00-0029963_2021W04_OUT_LP,NFL,2021,4,2021_NFL_W04_CLE_MIN,NFL_CLE,NFL_P_00-0029963,OL,,OUT,LP,Triceps,2021-10-02,nflverse,,2026-09-07T05:45:02.885579+00:00,2021-10-02T00:00:00
NFL_CLE_00-0035646_2021W04_QUESTIONABLE_LP,NFL,2021,4,2021_NFL_W04_CLE_MIN,NFL_CLE,NFL_P_00-0035646,LB,,QUESTIONABLE,LP,Hamstring,2021-10-02,nflverse,,2026-09-07T05:45:02.885579+00:00,2021-10-02T00:00:00
NFL_CLE_00-0030076_2021W04_QUESTIONABLE_LP,NFL,2021,4,2021_NFL_W04_CLE_MIN,NFL_CLE,NFL_P_00-0030076,OL,,QUESTIONABLE,LP,Knee,2021-10-02,nflverse,,2026-09-07T05:45:02.885579+00:00,2021-10-02T00:00:00
NFL_CLE_00-0036267_2021W04_QUESTIONABLE_LP,NFL,2021,4,2021_NFL_W04_CLE_MIN,NFL_CLE,NFL_P_00-0036267,OL,,QUESTIONABLE,LP,Ankle,2021-10-02,nflverse,,2026-09-07T05:45:02.885579+00:00,2021-10-02T00:00:00
NFL_DAL_00-0034373_2021W04_OUT_DNP,NFL,2021,4,2021_NFL_W04_CAR_DAL,NFL_DAL,NFL_P_00-0034373,EDGE,,OUT,DNP,Ankle,2021-10-02,nflverse,,2026-09-07T05:45:02.885579+00:00,2021-10-02T00:00:00
NFL_DAL_00-0029709_2021W04_OUT_DNP,NFL,2021,4,2021_NFL_W04_CAR_DAL,NFL_DAL,NFL_P_00-0029709,OL,,OUT,DNP,Illness,2021-10-02,nflverse,,2026-09-07T05:45:02.885579+00:00,2021-10-02T00:00:00
NFL_DAL_00-0033563_2021W04_OUT_DNP,NFL,2021,4,2021_NFL_W04_CAR_DAL,NFL_DAL,NFL_P_00-0033563,EDGE,,OUT,DNP,Knee,2021-10-02,nflverse,,2026-09-07T05:45:02.885579+00:00,2021-10-02T00:00:00
NFL_DAL_00-0035301_2021W04_OUT_DNP,NFL,2021,4,2021_NFL_W04_CAR_DAL,NFL_DAL,NFL_P_00-0035301,S,,OUT,DNP,Groin,2021-10-02,nflverse,,2026-09-07T05:45:02.885579+00:00,2021-10-02T00:00:00
NFL_DAL_00-0032197_2021W04_QUESTIONABLE_LP,NFL,2021,4,2021_NFL_W04_CAR_DAL,NFL_DAL,NFL_P_00-0032197,EDGE,,QUESTIONABLE,LP,Knee,2021-10-02,nflverse,,2026-09-07T05:45:02.885579+00:00,2021-10-02T00:00:00
NFL_DEN_00-0032395_2021W04_OUT_DNP,NFL,2021,4,2021_NFL_W04_BAL_DEN,NFL_DEN,NFL_P_00-0032395,OL,,OUT,DNP,Knee,2021-10-02,nflverse,,2026-09-07T05:45:02.885579+00:00,2021-10-02T00:00:00
NFL_DEN_00-0036995_2021W04_QUESTIONABLE_DNP,NFL,2021,4,2021_NFL_W04_BAL_DEN,NFL_DEN,NFL_P_00-0036995,LB,,QUESTIONABLE,DNP,Back,2021-10-02,nflverse,,2026-09-07T05:45:02.885579+00:00,2021-10-02T00:00:00
NFL_DEN_00-0032144_2021W04_QUESTIONABLE_LP,NFL,2021,4,2021_NFL_W04_BAL_DEN,NFL_DEN,NFL_P_00-0032144,RB,,QUESTIONABLE,LP,Ribs,2021-10-02,nflverse,,2026-09-07T05:45:02.885579+00:00,2021-10-02T00:00:00
NFL_DEN_00-0031270_2021W04_QUESTIONABLE_LP,NFL,2021,4,2021_NFL_W04_BAL_DEN,NFL_DEN,NFL_P_00-0031270,EDGE,,QUESTIONABLE,LP,Wrist,2021-10-02,nflverse,,2026-09-07T05:45:02.885579+00:00,2021-10-02T00:00:00
NFL_DEN_00-0035678_2021W04_QUESTIONABLE_LP,NFL,2021,4,2021_NFL_W04_BAL_DEN,NFL_DEN,NFL_P_00-0035678,EDGE,,QUESTIONABLE,LP,Calf,2021-10-02,nflverse,,2026-09-07T05:45:02.885579+00:00,2021-10-02T00:00:00
NFL_DEN_00-0036725_2021W04_QUESTIONABLE_LP,NFL,2021,4,2021_NFL_W04_BAL_DEN,NFL_DEN,NFL_P_00-0036725,LB,,QUESTIONABLE,LP,Hamstring,2021-10-02,nflverse,,2026-09-07T05:45:02.885579+00:00,2021-10-02T00:00:00
NFL_DEN_00-0035702_2021W04_QUESTIONABLE_LP,NFL,2021,4,2021_NFL_W04_BAL_DEN,NFL_DEN,NFL_P_00-0035702,OL,,QUESTIONABLE,LP,Ankle,2021-10-02,nflverse,,2026-09-07T05:45:02.885579+00:00,2021-10-02T00:00:00
NFL_DET_00-0031566_2021W04_OUT_DNP,NFL,2021,4,2021_NFL_W04_DET_CHI,NFL_DET,NFL_P_00-0031566,LB,,OUT,DNP,Shoulder,2021-10-02,nflverse,,2026-09-07T05:45:02.885579+00:00,2021-10-02T00:00:00
NFL_DET_00-0029630_2021W04_QUESTIONABLE_LP,NFL,2021,4,2021_NFL_W04_DET_CHI,NFL_DET,NFL_P_00-0029630,EDGE,,QUESTIONABLE,LP,Shoulder,2021-10-02,nflverse,,2026-09-07T05:45:02.885579+00:00,2021-10-02T00:00:00
NFL_DET_00-0032655_2021W04_QUESTIONABLE_LP,NFL,2021,4,2021_NFL_W04_DET_CHI,NFL_DET,NFL_P_00-0032655,LB,,QUESTIONABLE,LP,Shoulder,2021-10-02,nflverse,,2026-09-07T05:45:02.885579+00:00,2021-10-02T00:00:00
NFL_DET_00-0036275_2021W04_QUESTIONABLE_LP,NFL,2021,4,2021_NFL_W04_DET_CHI,NFL_DET,NFL_P_00-0036275,RB,,QUESTIONABLE,LP,Groin,2021-10-02,nflverse,,2026-09-07T05:45:02.885579+00:00,2021-10-02T00:00:00
NFL_GB_00-0036265_2021W04_NA_LP,NFL,2021,4,2021_NFL_W04_PIT_GB,NFL_GB,NFL_P_00-0036265,RB,,UNKNOWN,LP,Back,2021-10-02,nflverse,,2026-09-07T05:45:02.885579+00:00,2021-10-02T00:00:00
NFL_GB_00-0033293_2021W04_NA_LP,NFL,2021,4,2021_NFL_W04_PIT_GB,NFL_GB,NFL_P_00-0033293,RB,,UNKNOWN,LP,Ankle,2021-10-02,nflverse,,2026-09-07T05:45:02.885579+00:00,2021-10-02T00:00:00
NFL_GB_00-0034272_2021W04_OUT_DNP,NFL,2021,4,2021_NFL_W04_PIT_GB,NFL_GB,NFL_P_00-0034272,WR,,OUT,DNP,Hamstring,2021-10-02,nflverse,,2026-09-07T05:45:02.885579+00:00,2021-10-02T00:00:00
NFL_GB_00-0035526_2021W04_DOUBTFUL_DNP,NFL,2021,4,2021_NFL_W04_PIT_GB,NFL_GB,NFL_P_00-0035526,OL,,DOUBTFUL,DNP,Ankle,2021-10-02,nflverse,,2026-09-07T05:45:02.885579+00:00,2021-10-02T00:00:00
NFL_GB_00-0033524_2021W04_DOUBTFUL_DNP,NFL,2021,4,2021_NFL_W04_PIT_GB,NFL_GB,NFL_P_00-0033524,CB,,DOUBTFUL,DNP,Concussion,2021-10-02,nflverse,,2026-09-07T05:45:02.885579+00:00,2021-10-02T00:00:00
NFL_GB_00-0035961_2021W04_QUESTIONABLE_LP,NFL,2021,4,2021_NFL_W04_PIT_GB,NFL_GB,NFL_P_00-0035961,LB,,QUESTIONABLE,LP,Concussion,2021-10-02,nflverse,,2026-09-07T05:45:02.885579+00:00,2021-10-02T00:00:00
NFL_GB_00-0036788_2021W04_QUESTIONABLE_LP,NFL,2021,4,2021_NFL_W04_PIT_GB,NFL_GB,NFL_P_00-0036788,DL,,QUESTIONABLE,LP,Ankle,2021-10-02,nflverse,,2026-09-07T05:45:02.885579+00:00,2021-10-02T00:00:00
NFL_GB_00-0036243_2021W04_QUESTIONABLE_LP,NFL,2021,4,2021_NFL_W04_PIT_GB,NFL_GB,NFL_P_00-0036243,S,,QUESTIONABLE,LP,Hamstring,2021-10-02,nflverse,,2026-09-07T05:45:02.885579+00:00,2021-10-02T00:00:00
NFL_HOU_00-0036289_2021W04_NA_DNP,NFL,2021,4,2021_NFL_W04_HOU_BUF,NFL_HOU,NFL_P_00-0036289,DL,,UNKNOWN,DNP,Illness,2021-10-02,nflverse,,2026-09-07T05:45:02.885579+00:00,2021-10-02T00:00:00
NFL_HOU_00-0035307_2021W04_OUT_NA,NFL,2021,4,2021_NFL_W04_HOU_BUF,NFL_HOU,NFL_P_00-0035307,CB,,OUT,,Illness,2021-10-02,nflverse,,2026-09-07T05:45:02.885579+00:00,2021-10-02T00:00:00
NFL_HOU_00-0026035_2021W04_OUT_DNP,NFL,2021,4,2021_NFL_W04_HOU_BUF,NFL_HOU,NFL_P_00-0026035,WR,,OUT,DNP,Thigh,2021-10-02,nflverse,,2026-09-07T05:45:02.885579+00:00,2021-10-02T00:00:00
NFL_HOU_00-0036069_2021W04_OUT_DNP,NFL,2021,4,2021_NFL_W04_HOU_BUF,NFL_HOU,NFL_P_00-0036069,RB,,OUT,DNP,Illness,2021-10-02,nflverse,,2026-09-07T05:45:02.885579+00:00,2021-10-02T00:00:00
NFL_HOU_00-0033537_2021W04_OUT_DNP,NFL,2021,4,2021_NFL_W04_HOU_BUF,NFL_HOU,NFL_P_00-0033537,QB,,OUT,DNP,Not injury related - personal matter,2021-10-02,nflverse,,2026-09-07T05:45:02.885579+00:00,2021-10-02T00:00:00
NFL_HOU_00-0031097_2021W04_QUESTIONABLE_LP,NFL,2021,4,2021_NFL_W04_HOU_BUF,NFL_HOU,NFL_P_00-0031097,CB,,QUESTIONABLE,LP,Concussion,2021-10-02,nflverse,,2026-09-07T05:45:02.885579+00:00,2021-10-02T00:00:00
NFL_HOU_00-0036844_2021W04_QUESTIONABLE_LP,NFL,2021,4,2021_NFL_W04_HOU_BUF,NFL_HOU,NFL_P_00-0036844,LB,,QUESTIONABLE,LP,Illness,2021-10-02,nflverse,,2026-09-07T05:45:02.885579+00:00,2021-10-02T00:00:00
NFL_IND_00-0034846_2021W04_NA_LP,NFL,2021,4,2021_NFL_W04_IND_MIA,NFL_IND,NFL_P_00-0034846,LB,,UNKNOWN,LP,Ankle,2021-10-02,nflverse,,2026-09-07T05:45:02.885579+00:00,2021-10-02T00:00:00
NFL_IND_00-0034342_2021W04_OUT_DNP,NFL,2021,4,2021_NFL_W04_IND_MIA,NFL_IND,NFL_P_00-0034342,OL,,OUT,DNP,Ankle,2021-10-02,nflverse,,2026-09-07T05:45:02.885579+00:00,2021-10-02T00:00:00
NFL_IND_00-0036479_2021W04_OUT_DNP,NFL,2021,4,2021_NFL_W04_IND_MIA,NFL_IND,NFL_P_00-0036479,EDGE,,OUT,DNP,Hamstring,2021-10-02,nflverse,,2026-09-07T05:45:02.885579+00:00,2021-10-02T00:00:00
NFL_IND_00-0034836_2021W04_OUT_DNP,NFL,2021,4,2021_NFL_W04_IND_MIA,NFL_IND,NFL_P_00-0034836,OL,,OUT,DNP,Foot,2021-10-02,nflverse,,2026-09-07T05:45:02.885579+00:00,2021-10-02T00:00:00
NFL_IND_00-0035530_2021W04_OUT_DNP,NFL,2021,4,2021_NFL_W04_IND_MIA,NFL_IND,NFL_P_00-0035530,S,,OUT,DNP,Ankle,2021-10-02,nflverse,,2026-09-07T05:45:02.885579+00:00,2021-10-02T00:00:00
NFL_IND_00-0035637_2021W04_OUT_DNP,NFL,2021,4,2021_NFL_W04_IND_MIA,NFL_IND,NFL_P_00-0035637,CB,,OUT,DNP,Ankle,2021-10-02,nflverse,,2026-09-07T05:45:02.885579+00:00,2021-10-02T00:00:00
NFL_IND_00-0031581_2021W04_QUESTIONABLE_FP,NFL,2021,4,2021_NFL_W04_IND_MIA,NFL_IND,NFL_P_00-0031581,OL,,QUESTIONABLE,FP,Knee,2021-10-02,nflverse,,2026-09-07T05:45:02.885579+00:00,2021-10-02T00:00:00
NFL_IND_00-0030181_2021W04_QUESTIONABLE_LP,NFL,2021,4,2021_NFL_W04_IND_MIA,NFL_IND,NFL_P_00-0030181,TE,,QUESTIONABLE,LP,Back,2021-10-02,nflverse,,2026-09-07T05:45:02.885579+00:00,2021-10-02T00:00:00
NFL_IND_00-0036223_2021W04_QUESTIONABLE_LP,NFL,2021,4,2021_NFL_W04_IND_MIA,NFL_IND,NFL_P_00-0036223,RB,,QUESTIONABLE,LP,Knee,2021-10-02,nflverse,,2026-09-07T05:45:02.885579+00:00,2021-10-02T00:00:00
NFL_IND_00-0032950_2021W04_QUESTIONABLE_LP,NFL,2021,4,2021_NFL_W04_IND_MIA,NFL_IND,NFL_P_00-0032950,QB,,QUESTIONABLE,LP,Ankles,2021-10-02,nflverse,,2026-09-07T05:45:02.885579+00:00,2021-10-02T00:00:00
NFL_JAX_00-0032087_2021W04_OUT_DNP,NFL,2021,4,2021_NFL_W04_JAX_CIN,NFL_JAX,NFL_P_00-0032087,K,,OUT,DNP,Not injury related - personal matter,2021-09-30,nflverse,,2026-09-07T05:45:02.885579+00:00,2021-09-30T00:00:00
NFL_JAX_00-0032667_2021W04_OUT_LP,NFL,2021,4,2021_NFL_W04_JAX_CIN,NFL_JAX,NFL_P_00-0032667,DL,,OUT,LP,Ankle,2021-09-30,nflverse,,2026-09-07T05:45:02.885579+00:00,2021-09-30T00:00:00
NFL_KC_00-0035147_2021W04_OUT_DNP,NFL,2021,4,2021_NFL_W04_KC_PHI,NFL_KC,NFL_P_00-0035147,CB,,OUT,DNP,Concussion,2021-10-02,nflverse,,2026-09-07T05:45:02.885579+00:00,2021-10-02T00:00:00
NFL_KC_00-0032210_2021W04_QUESTIONABLE_LP,NFL,2021,4,2021_NFL_W04_KC_PHI,NFL_KC,NFL_P_00-0032210,EDGE,,QUESTIONABLE,LP,Hamstring,2021-10-02,nflverse,,2026-09-07T05:45:02.885579+00:00,2021-10-02T00:00:00
NFL_KC_00-0034573_2021W04_QUESTIONABLE_LP,NFL,2021,4,2021_NFL_W04_KC_PHI,NFL_KC,NFL_P_00-0034573,CB,,QUESTIONABLE,LP,Quadricep,2021-10-02,nflverse,,2026-09-07T05:45:02.885579+00:00,2021-10-02T00:00:00
NFL_LAR_00-0026189_2021W04_NA_DNP,NFL,2021,4,2021_NFL_W04_ARI_LAR,NFL_LAR,NFL_P_00-0026189,WR,,UNKNOWN,DNP,Not injury related - resting player,2021-10-02,nflverse,,2026-09-07T05:45:02.885579+00:00,2021-10-02T00:00:00
NFL_LAR_00-0036849_2021W04_QUESTIONABLE_FP,NFL,2021,4,2021_NFL_W04_ARI_LAR,NFL_LAR,NFL_P_00-0036849,WR,,QUESTIONABLE,FP,Illness,2021-10-02,nflverse,,2026-09-07T05:45:02.885579+00:00,2021-10-02T00:00:00
NFL_LAR_00-0035664_2021W04_QUESTIONABLE_FP,NFL,2021,4,2021_NFL_W04_ARI_LAR,NFL_LAR,NFL_P_00-0035664,RB,,QUESTIONABLE,FP,Ribs,2021-10-02,nflverse,,2026-09-07T05:45:02.885579+00:00,2021-10-02T00:00:00
NFL_LAC_00-0034677_2021W04_OUT_DNP,NFL,2021,4,2021_NFL_W04_LV_LAC,NFL_LAC,NFL_P_00-0034677,DL,,OUT,DNP,Calf,2021-10-04,nflverse,,2026-09-07T05:45:02.885579+00:00,2021-10-04T00:00:00
NFL_LAC_00-0028224_2021W04_QUESTIONABLE_LP,NFL,2021,4,2021_NFL_W04_LV_LAC,NFL_LAC,NFL_P_00-0028224,CB,,QUESTIONABLE,LP,Shoulder,2021-10-04,nflverse,,2026-09-07T05:45:02.885579+00:00,2021-10-04T00:00:00
NFL_LAC_00-0036441_2021W04_QUESTIONABLE_LP,NFL,2021,4,2021_NFL_W04_LV_LAC,NFL_LAC,NFL_P_00-0036441,LB,,QUESTIONABLE,LP,Ankle,2021-10-04,nflverse,,2026-09-07T05:45:02.885579+00:00,2021-10-04T00:00:00
NFL_LV_00-0035125_2021W04_QUESTIONABLE_NA,NFL,2021,4,2021_NFL_W04_LV_LAC,NFL_LV,NFL_P_00-0035125,RB,,QUESTIONABLE,,Shoulder,2021-10-04,nflverse,,2026-09-07T05:45:02.885579+00:00,2021-10-04T00:00:00
NFL_LV_00-0035700_2021W04_QUESTIONABLE_LP,NFL,2021,4,2021_NFL_W04_LV_LAC,NFL_LV,NFL_P_00-0035700,RB,,QUESTIONABLE,LP,Ankle,2021-10-04,nflverse,,2026-09-07T05:45:02.885579+00:00,2021-10-04T00:00:00
NFL_MIA_00-0035686_2021W04_OUT_DNP,NFL,2021,4,2021_NFL_W04_IND_MIA,NFL_MIA,NFL_P_00-0035686,OL,,OUT,DNP,Foot,2021-10-02,nflverse,,2026-09-07T05:45:02.885579+00:00,2021-10-02T00:00:00
NFL_MIN_00-0032520_2021W04_NA_DNP,NFL,2021,4,2021_NFL_W04_CLE_MIN,NFL_MIN,NFL_P_00-0032520,OL,,UNKNOWN,DNP,Not injury related - resting player,2021-10-02,nflverse,,2026-09-07T05:45:02.885579+00:00,2021-10-02T00:00:00
NFL_MIN_00-0027943_2021W04_NA_DNP,NFL,2021,4,2021_NFL_W04_CLE_MIN,NFL_MIN,NFL_P_00-0027943,CB,,UNKNOWN,DNP,Not injury related - resting player,2021-10-02,nflverse,,2026-09-07T05:45:02.885579+00:00,2021-10-02T00:00:00
NFL_MIN_00-0029606_2021W04_NA_DNP,NFL,2021,4,2021_NFL_W04_CLE_MIN,NFL_MIN,NFL_P_00-0029606,S,,UNKNOWN,DNP,Not injury related - resting player,2021-10-02,nflverse,,2026-09-07T05:45:02.885579+00:00,2021-10-02T00:00:00
NFL_MIN_00-0030035_2021W04_NA_DNP,NFL,2021,4,2021_NFL_W04_CLE_MIN,NFL_MIN,NFL_P_00-0030035,WR,,UNKNOWN,DNP,Not injury related - resting player,2021-10-02,nflverse,,2026-09-07T05:45:02.885579+00:00,2021-10-02T00:00:00
NFL_MIN_00-0036635_2021W04_OUT_DNP,NFL,2021,4,2021_NFL_W04_CLE_MIN,NFL_MIN,NFL_P_00-0036635,WR,,OUT,DNP,Toe,2021-10-02,nflverse,,2026-09-07T05:45:02.885579+00:00,2021-10-02T00:00:00
NFL_MIN_00-0032574_2021W04_QUESTIONABLE_DNP,NFL,2021,4,2021_NFL_W04_CLE_MIN,NFL_MIN,NFL_P_00-0032574,DL,,QUESTIONABLE,DNP,Elbow,2021-10-02,nflverse,,2026-09-07T05:45:02.885579+00:00,2021-10-02T00:00:00
NFL_MIN_00-0031256_2021W04_QUESTIONABLE_LP,NFL,2021,4,2021_NFL_W04_CLE_MIN,NFL_MIN,NFL_P_00-0031256,LB,,QUESTIONABLE,LP,Knee,2021-10-02,nflverse,,2026-09-07T05:45:02.885579+00:00,2021-10-02T00:00:00
NFL_MIN_00-0035150_2021W04_QUESTIONABLE_LP,NFL,2021,4,2021_NFL_W04_CLE_MIN,NFL_MIN,NFL_P_00-0035150,CB,,QUESTIONABLE,LP,Hamstring,2021-10-02,nflverse,,2026-09-07T05:45:02.885579+00:00,2021-10-02T00:00:00
NFL_MIN_00-0033893_2021W04_QUESTIONABLE_LP,NFL,2021,4,2021_NFL_W04_CLE_MIN,NFL_MIN,NFL_P_00-0033893,RB,,QUESTIONABLE,LP,Ankle,2021-10-02,nflverse,,2026-09-07T05:45:02.885579+00:00,2021-10-02T00:00:00
NFL_NE_00-0032269_2021W04_NA_LP,NFL,2021,4,2021_NFL_W04_TB_NE,NFL_NE,NFL_P_00-0032269,EDGE,,UNKNOWN,LP,Ankle,2021-10-03,nflverse,,2026-09-07T05:45:02.885579+00:00,2021-10-03T00:00:00
NFL_NE_00-0031062_2021W04_OUT_DNP,NFL,2021,4,2021_NFL_W04_TB_NE,NFL_NE,NFL_P_00-0031062,RB,,OUT,DNP,Hip,2021-10-03,nflverse,,2026-09-07T05:45:02.885579+00:00,2021-10-03T00:00:00
NFL_NE_00-0034385_2021W04_QUESTIONABLE_LP,NFL,2021,4,2021_NFL_W04_TB_NE,NFL_NE,NFL_P_00-0034385,LB,,QUESTIONABLE,LP,Shoulder,2021-10-03,nflverse,,2026-09-07T05:45:02.885579+00:00,2021-10-03T00:00:00
NFL_NE_00-0032071_2021W04_QUESTIONABLE_LP,NFL,2021,4,2021_NFL_W04_TB_NE,NFL_NE,NFL_P_00-0032071,OL,,QUESTIONABLE,LP,Calf,2021-10-03,nflverse,,2026-09-07T05:45:02.885579+00:00,2021-10-03T00:00:00
NFL_NE_00-0036231_2021W04_QUESTIONABLE_LP,NFL,2021,4,2021_NFL_W04_TB_NE,NFL_NE,NFL_P_00-0036231,S,,QUESTIONABLE,LP,Hamstring,2021-10-03,nflverse,,2026-09-07T05:45:02.885579+00:00,2021-10-03T00:00:00
NFL_NE_00-0025565_2021W04_QUESTIONABLE_LP,NFL,2021,4,2021_NFL_W04_TB_NE,NFL_NE,NFL_P_00-0025565,K,,QUESTIONABLE,LP,left Knee,2021-10-03,nflverse,,2026-09-07T05:45:02.885579+00:00,2021-10-03T00:00:00
NFL_NE_00-0034591_2021W04_QUESTIONABLE_LP,NFL,2021,4,2021_NFL_W04_TB_NE,NFL_NE,NFL_P_00-0034591,CB,,QUESTIONABLE,LP,Knee,2021-10-03,nflverse,,2026-09-07T05:45:02.885579+00:00,2021-10-03T00:00:00
NFL_NE_00-0036159_2021W04_QUESTIONABLE_LP,NFL,2021,4,2021_NFL_W04_TB_NE,NFL_NE,NFL_P_00-0036159,LB,,QUESTIONABLE,LP,Back,2021-10-03,nflverse,,2026-09-07T05:45:02.885579+00:00,2021-10-03T00:00:00
NFL_NE_00-0031360_2021W04_QUESTIONABLE_LP,NFL,2021,4,2021_NFL_W04_TB_NE,NFL_NE,NFL_P_00-0031360,LB,,QUESTIONABLE,LP,Groin,2021-10-03,nflverse,,2026-09-07T05:45:02.885579+00:00,2021-10-03T00:00:00
NFL_NE_00-0034833_2021W04_QUESTIONABLE_LP,NFL,2021,4,2021_NFL_W04_TB_NE,NFL_NE,NFL_P_00-0034833,OL,,QUESTIONABLE,LP,Knee,2021-10-03,nflverse,,2026-09-07T05:45:02.885579+00:00,2021-10-03T00:00:00
NFL_NO_00-0030067_2021W04_OUT_DNP,NFL,2021,4,2021_NFL_W04_NYG_NO,NFL_NO,NFL_P_00-0030067,OL,,OUT,DNP,Elbow,2021-10-02,nflverse,,2026-09-07T05:45:02.885579+00:00,2021-10-02T00:00:00
NFL_NO_00-0035242_2021W04_OUT_DNP,NFL,2021,4,2021_NFL_W04_NYG_NO,NFL_NO,NFL_P_00-0035242,OL,,OUT,DNP,Calf,2021-10-02,nflverse,,2026-09-07T05:45:02.885579+00:00,2021-10-02T00:00:00
NFL_NYG_00-0032408_2021W04_NA_DNP,NFL,2021,4,2021_NFL_W04_NYG_NO,NFL_NYG,NFL_P_00-0032408,LB,,UNKNOWN,DNP,Knee,2021-10-02,nflverse,,2026-09-07T05:45:02.885579+00:00,2021-10-02T00:00:00
NFL_NYG_00-0034844_2021W04_NA_LP,NFL,2021,4,2021_NFL_W04_NYG_NO,NFL_NYG,NFL_P_00-0034844,RB,,UNKNOWN,LP,Knee,2021-10-02,nflverse,,2026-09-07T05:45:02.885579+00:00,2021-10-02T00:00:00
NFL_NYG_00-0035304_2021W04_NA_LP,NFL,2021,4,2021_NFL_W04_NYG_NO,NFL_NYG,NFL_P_00-0035304,RB,,UNKNOWN,LP,Ankle,2021-10-02,nflverse,,2026-09-07T05:45:02.885579+00:00,2021-10-02T00:00:00
NFL_NYG_00-0033932_2021W04_NA_LP,NFL,2021,4,2021_NFL_W04_NYG_NO,NFL_NYG,NFL_P_00-0033932,WR,,UNKNOWN,LP,Hip,2021-10-02,nflverse,,2026-09-07T05:45:02.885579+00:00,2021-10-02T00:00:00
NFL_NYG_00-0030957_2021W04_NA_LP,NFL,2021,4,2021_NFL_W04_NYG_NO,NFL_NYG,NFL_P_00-0030957,LS,,UNKNOWN,LP,Knee,2021-10-02,nflverse,,2026-09-07T05:45:02.885579+00:00,2021-10-02T00:00:00
NFL_NYG_00-0030411_2021W04_NA_LP,NFL,2021,4,2021_NFL_W04_NYG_NO,NFL_NYG,NFL_P_00-0030411,S,,UNKNOWN,LP,Hamstring,2021-10-02,nflverse,,2026-09-07T05:45:02.885579+00:00,2021-10-02T00:00:00
NFL_NYG_00-0036132_2021W04_OUT_DNP,NFL,2021,4,2021_NFL_W04_NYG_NO,NFL_NYG,NFL_P_00-0036132,OL,,OUT,DNP,Hand,2021-10-02,nflverse,,2026-09-07T05:45:02.885579+00:00,2021-10-02T00:00:00
NFL_NYG_00-0032385_2021W04_OUT_DNP,NFL,2021,4,2021_NFL_W04_NYG_NO,NFL_NYG,NFL_P_00-0032385,WR,,OUT,DNP,Hamstring,2021-10-02,nflverse,,2026-09-07T05:45:02.885579+00:00,2021-10-02T00:00:00
NFL_NYG_00-0035535_2021W04_OUT_DNP,NFL,2021,4,2021_NFL_W04_NYG_NO,NFL_NYG,NFL_P_00-0035535,WR,,OUT,DNP,Hamstring,2021-10-02,nflverse,,2026-09-07T05:45:02.885579+00:00,2021-10-02T00:00:00
NFL_NYG_00-0034435_2021W04_QUESTIONABLE_LP,NFL,2021,4,2021_NFL_W04_NYG_NO,NFL_NYG,NFL_P_00-0034435,CB,,QUESTIONABLE,LP,Elbow,2021-10-02,nflverse,,2026-09-07T05:45:02.885579+00:00,2021-10-02T00:00:00
NFL_NYG_00-0036167_2021W04_QUESTIONABLE_LP,NFL,2021,4,2021_NFL_W04_NYG_NO,NFL_NYG,NFL_P_00-0036167,LB,,QUESTIONABLE,LP,Hamstring,2021-10-02,nflverse,,2026-09-07T05:45:02.885579+00:00,2021-10-02T00:00:00
NFL_NYG_00-0029570_2021W04_QUESTIONABLE_LP,NFL,2021,4,2021_NFL_W04_NYG_NO,NFL_NYG,NFL_P_00-0029570,S,,QUESTIONABLE,LP,Quadricep,2021-10-02,nflverse,,2026-09-07T05:45:02.885579+00:00,2021-10-02T00:00:00
NFL_NYG_00-0034988_2021W04_QUESTIONABLE_LP,NFL,2021,4,2021_NFL_W04_NYG_NO,NFL_NYG,NFL_P_00-0034988,TE,,QUESTIONABLE,LP,Knee,2021-10-02,nflverse,,2026-09-07T05:45:02.885579+00:00,2021-10-02T00:00:00
NFL_NYJ_00-0033892_2021W04_OUT_DNP,NFL,2021,4,2021_NFL_W04_TEN_NYJ,NFL_NYJ,NFL_P_00-0033892,S,,OUT,DNP,Ankle,2021-10-02,nflverse,,2026-09-07T05:45:02.885579+00:00,2021-10-02T00:00:00
NFL_NYJ_00-0036980_2021W04_OUT_DNP,NFL,2021,4,2021_NFL_W04_TEN_NYJ,NFL_NYJ,NFL_P_00-0036980,WR,,OUT,DNP,Concussion,2021-10-02,nflverse,,2026-09-07T05:45:02.885579+00:00,2021-10-02T00:00:00
NFL_NYJ_00-0035510_2021W04_OUT_DNP,NFL,2021,4,2021_NFL_W04_TEN_NYJ,NFL_NYJ,NFL_P_00-0035510,WR,,OUT,DNP,Concussion,2021-10-02,nflverse,,2026-09-07T05:45:02.885579+00:00,2021-10-02T00:00:00
NFL_NYJ_00-0031941_2021W04_QUESTIONABLE_FP,NFL,2021,4,2021_NFL_W04_TEN_NYJ,NFL_NYJ,NFL_P_00-0031941,WR,,QUESTIONABLE,FP,Groin,2021-10-02,nflverse,,2026-09-07T05:45:02.885579+00:00,2021-10-02T00:00:00
NFL_NYJ_00-0032214_2021W04_QUESTIONABLE_FP,NFL,2021,4,2021_NFL_W04_TEN_NYJ,NFL_NYJ,NFL_P_00-0032214,TE,,QUESTIONABLE,FP,Rib,2021-10-02,nflverse,,2026-09-07T05:45:02.885579+00:00,2021-10-02T00:00:00
NFL_NYJ_00-0036269_2021W04_QUESTIONABLE_FP,NFL,2021,4,2021_NFL_W04_TEN_NYJ,NFL_NYJ,NFL_P_00-0036269,RB,,QUESTIONABLE,FP,Illness,2021-10-02,nflverse,,2026-09-07T05:45:02.885579+00:00,2021-10-02T00:00:00
NFL_PHI_00-0034429_2021W04_OUT_DNP,NFL,2021,4,2021_NFL_W04_KC_PHI,NFL_PHI,NFL_P_00-0034429,OL,,OUT,DNP,Knee,2021-10-02,nflverse,,2026-09-07T05:45:02.885579+00:00,2021-10-02T00:00:00
NFL_PIT_00-0033631_2021W04_OUT_DNP,NFL,2021,4,2021_NFL_W04_PIT_GB,NFL_PIT,NFL_P_00-0033631,OL,,OUT,DNP,Ankle,2021-10-02,nflverse,,2026-09-07T05:45:02.885579+00:00,2021-10-02T00:00:00
NFL_PIT_00-0036352_2021W04_OUT_DNP,NFL,2021,4,2021_NFL_W04_PIT_GB,NFL_PIT,NFL_P_00-0036352,DL,,OUT,DNP,Knee,2021-10-02,nflverse,,2026-09-07T05:45:02.885579+00:00,2021-10-02T00:00:00
NFL_PIT_00-0034768_2021W04_OUT_DNP,NFL,2021,4,2021_NFL_W04_PIT_GB,NFL_PIT,NFL_P_00-0034768,OL,,OUT,DNP,Concussion,2021-10-02,nflverse,,2026-09-07T05:45:02.885579+00:00,2021-10-02T00:00:00
NFL_PIT_00-0036326_2021W04_QUESTIONABLE_DNP,NFL,2021,4,2021_NFL_W04_PIT_GB,NFL_PIT,NFL_P_00-0036326,WR,,QUESTIONABLE,DNP,Hamstring,2021-10-02,nflverse,,2026-09-07T05:45:02.885579+00:00,2021-10-02T00:00:00
NFL_SEA_00-0035640_2021W04_NA_LP,NFL,2021,4,2021_NFL_W04_SEA_SF,NFL_SEA,NFL_P_00-0035640,WR,,UNKNOWN,LP,Foot,2021-10-02,nflverse,,2026-09-07T05:45:02.885579+00:00,2021-10-02T00:00:00
NFL_SEA_00-0034750_2021W04_OUT_DNP,NFL,2021,4,2021_NFL_W04_SEA_SF,NFL_SEA,NFL_P_00-0034750,RB,,OUT,DNP,Calf,2021-10-02,nflverse,,2026-09-07T05:45:02.885579+00:00,2021-10-02T00:00:00
NFL_SEA_00-0032420_2021W04_OUT_DNP,NFL,2021,4,2021_NFL_W04_SEA_SF,NFL_SEA,NFL_P_00-0032420,OL,,OUT,DNP,Ankle,2021-10-02,nflverse,,2026-09-07T05:45:02.885579+00:00,2021-10-02T00:00:00
NFL_SEA_00-0036620_2021W04_DOUBTFUL_DNP,NFL,2021,4,2021_NFL_W04_SEA_SF,NFL_SEA,NFL_P_00-0036620,WR,,DOUBTFUL,DNP,Concussion,2021-10-02,nflverse,,2026-09-07T05:45:02.885579+00:00,2021-10-02T00:00:00
NFL_SEA_00-0036426_2021W04_QUESTIONABLE_DNP,NFL,2021,4,2021_NFL_W04_SEA_SF,NFL_SEA,NFL_P_00-0036426,EDGE,,QUESTIONABLE,DNP,Knee,2021-10-02,nflverse,,2026-09-07T05:45:02.885579+00:00,2021-10-02T00:00:00
NFL_SEA_00-0032211_2021W04_QUESTIONABLE_FP,NFL,2021,4,2021_NFL_W04_SEA_SF,NFL_SEA,NFL_P_00-0032211,WR,,QUESTIONABLE,FP,Hip,2021-10-02,nflverse,,2026-09-07T05:45:02.885579+00:00,2021-10-02T00:00:00
NFL_SEA_00-0030380_2021W04_QUESTIONABLE_LP,NFL,2021,4,2021_NFL_W04_SEA_SF,NFL_SEA,NFL_P_00-0030380,LB,,QUESTIONABLE,LP,Neck,2021-10-02,nflverse,,2026-09-07T05:45:02.885579+00:00,2021-10-02T00:00:00
NFL_SF_00-0031253_2021W04_OUT_DNP,NFL,2021,4,2021_NFL_W04_SEA_SF,NFL_SF,NFL_P_00-0031253,CB,,OUT,DNP,Calf,2021-10-02,nflverse,,2026-09-07T05:45:02.885579+00:00,2021-10-02T00:00:00
NFL_SF_00-0029285_2021W04_DOUBTFUL_DNP,NFL,2021,4,2021_NFL_W04_SEA_SF,NFL_SF,NFL_P_00-0029285,CB,,DOUBTFUL,DNP,Chest,2021-10-02,nflverse,,2026-09-07T05:45:02.885579+00:00,2021-10-02T00:00:00
NFL_SF_00-0036260_2021W04_QUESTIONABLE_LP,NFL,2021,4,2021_NFL_W04_SEA_SF,NFL_SF,NFL_P_00-0036260,DL,,QUESTIONABLE,LP,Knee,2021-10-02,nflverse,,2026-09-07T05:45:02.885579+00:00,2021-10-02T00:00:00
NFL_SF_00-0033288_2021W04_QUESTIONABLE_LP,NFL,2021,4,2021_NFL_W04_SEA_SF,NFL_SF,NFL_P_00-0033288,TE,,QUESTIONABLE,LP,Calf,2021-10-02,nflverse,,2026-09-07T05:45:02.885579+00:00,2021-10-02T00:00:00
NFL_SF_00-0036567_2021W04_QUESTIONABLE_LP,NFL,2021,4,2021_NFL_W04_SEA_SF,NFL_SF,NFL_P_00-0036567,RB,,QUESTIONABLE,LP,Shoulder,2021-10-02,nflverse,,2026-09-07T05:45:02.885579+00:00,2021-10-02T00:00:00
NFL_TB_00-0027855_2021W04_NA_DNP,NFL,2021,4,2021_NFL_W04_TB_NE,NFL_TB,NFL_P_00-0027855,DL,,UNKNOWN,DNP,Not injury related - resting player,2021-10-03,nflverse,,2026-09-07T05:45:02.885579+00:00,2021-10-03T00:00:00
NFL_TB_00-0030456_2021W04_OUT_DNP,NFL,2021,4,2021_NFL_W04_TB_NE,NFL_TB,NFL_P_00-0030456,RB,,OUT,DNP,Knee,2021-10-03,nflverse,,2026-09-07T05:45:02.885579+00:00,2021-10-03T00:00:00
NFL_TB_00-0035699_2021W04_OUT_DNP,NFL,2021,4,2021_NFL_W04_TB_NE,NFL_TB,NFL_P_00-0035699,CB,,OUT,DNP,Knee,2021-10-03,nflverse,,2026-09-07T05:45:02.885579+00:00,2021-10-03T00:00:00
NFL_TB_00-0027656_2021W04_DOUBTFUL_DNP,NFL,2021,4,2021_NFL_W04_TB_NE,NFL_TB,NFL_P_00-0027656,TE,,DOUBTFUL,DNP,Ribs,2021-10-03,nflverse,,2026-09-07T05:45:02.885579+00:00,2021-10-03T00:00:00
NFL_TB_00-0034778_2021W04_QUESTIONABLE_FP,NFL,2021,4,2021_NFL_W04_TB_NE,NFL_TB,NFL_P_00-0034778,CB,,QUESTIONABLE,FP,Abdomen,2021-10-03,nflverse,,2026-09-07T05:45:02.885579+00:00,2021-10-03T00:00:00
NFL_TB_00-0027867_2021W04_QUESTIONABLE_LP,NFL,2021,4,2021_NFL_W04_TB_NE,NFL_TB,NFL_P_00-0027867,LB,,QUESTIONABLE,LP,Shoulder,2021-10-03,nflverse,,2026-09-07T05:45:02.885579+00:00,2021-10-03T00:00:00
NFL_TEN_00-0033955_2021W04_NA_LP,NFL,2021,4,2021_NFL_W04_TEN_NYJ,NFL_TEN,NFL_P_00-0033955,RB,,UNKNOWN,LP,Hamstring,2021-10-02,nflverse,,2026-09-07T05:45:02.885579+00:00,2021-10-02T00:00:00
NFL_TEN_00-0027648_2021W04_NA_LP,NFL,2021,4,2021_NFL_W04_TEN_NYJ,NFL_TEN,NFL_P_00-0027648,OL,,UNKNOWN,LP,Shoulder,2021-10-02,nflverse,,2026-09-07T05:45:02.885579+00:00,2021-10-02T00:00:00
NFL_TEN_00-0036181_2021W04_NA_LP,NFL,2021,4,2021_NFL_W04_TEN_NYJ,NFL_TEN,NFL_P_00-0036181,DL,,UNKNOWN,LP,Shoulder,2021-10-02,nflverse,,2026-09-07T05:45:02.885579+00:00,2021-10-02T00:00:00
NFL_TEN_00-0035676_2021W04_OUT_DNP,NFL,2021,4,2021_NFL_W04_TEN_NYJ,NFL_TEN,NFL_P_00-0035676,WR,,OUT,DNP,Hamstring,2021-10-02,nflverse,,2026-09-07T05:45:02.885579+00:00,2021-10-02T00:00:00
NFL_TEN_00-0032146_2021W04_OUT_DNP,NFL,2021,4,2021_NFL_W04_TEN_NYJ,NFL_TEN,NFL_P_00-0032146,LB,,OUT,DNP,Knee,2021-10-02,nflverse,,2026-09-07T05:45:02.885579+00:00,2021-10-02T00:00:00
NFL_TEN_00-0036615_2021W04_OUT_DNP,NFL,2021,4,2021_NFL_W04_TEN_NYJ,NFL_TEN,NFL_P_00-0036615,CB,,OUT,DNP,Shoulder,2021-10-02,nflverse,,2026-09-07T05:45:02.885579+00:00,2021-10-02T00:00:00
NFL_TEN_00-0027944_2021W04_OUT_DNP,NFL,2021,4,2021_NFL_W04_TEN_NYJ,NFL_TEN,NFL_P_00-0027944,WR,,OUT,DNP,Hamstring,2021-10-02,nflverse,,2026-09-07T05:45:02.885579+00:00,2021-10-02T00:00:00
NFL_TEN_00-0025825_2021W04_OUT_DNP,NFL,2021,4,2021_NFL_W04_TEN_NYJ,NFL_TEN,NFL_P_00-0025825,P,,OUT,DNP,right Groin,2021-10-02,nflverse,,2026-09-07T05:45:02.885579+00:00,2021-10-02T00:00:00
NFL_TEN_00-0036237_2021W04_OUT_DNP,NFL,2021,4,2021_NFL_W04_TEN_NYJ,NFL_TEN,NFL_P_00-0036237,DL,,OUT,DNP,Elbow,2021-10-02,nflverse,,2026-09-07T05:45:02.885579+00:00,2021-10-02T00:00:00
NFL_WAS_00-0036625_2021W04_OUT_DNP,NFL,2021,4,2021_NFL_W04_WAS_ATL,NFL_WAS,NFL_P_00-0036625,CB,,OUT,DNP,Concussion,2021-10-02,nflverse,,2026-09-07T05:45:02.885579+00:00,2021-10-02T00:00:00
NFL_WAS_00-0032781_2021W04_QUESTIONABLE_FP,NFL,2021,4,2021_NFL_W04_WAS_ATL,NFL_WAS,NFL_P_00-0032781,DL,,QUESTIONABLE,FP,Knee,2021-10-02,nflverse,,2026-09-07T05:45:02.885579+00:00,2021-10-02T00:00:00
NFL_WAS_00-0036328_2021W04_QUESTIONABLE_LP,NFL,2021,4,2021_NFL_W04_WAS_ATL,NFL_WAS,NFL_P_00-0036328,RB,,QUESTIONABLE,LP,Shin,2021-10-02,nflverse,,2026-09-07T05:45:02.885579+00:00,2021-10-02T00:00:00
NFL_ARI_00-0033553_2021W05_NA_DNP,NFL,2021,5,2021_NFL_W05_SF_ARI,NFL_ARI,NFL_P_00-0033553,RB,,UNKNOWN,DNP,Not injury related - personal matter,2021-10-09,nflverse,,2026-09-07T05:45:02.885579+00:00,2021-10-09T00:00:00
NFL_ARI_00-0030564_2021W05_NA_DNP,NFL,2021,5,2021_NFL_W05_SF_ARI,NFL_ARI,NFL_P_00-0030564,WR,,UNKNOWN,DNP,Not injury related - resting player,2021-10-09,nflverse,,2026-09-07T05:45:02.885579+00:00,2021-10-09T00:00:00
NFL_ARI_00-0027993_2021W05_NA_DNP,NFL,2021,5,2021_NFL_W05_SF_ARI,NFL_ARI,NFL_P_00-0027993,OL,,UNKNOWN,DNP,Not injury related - resting player,2021-10-09,nflverse,,2026-09-07T05:45:02.885579+00:00,2021-10-09T00:00:00
NFL_ARI_00-0029585_2021W05_NA_DNP,NFL,2021,5,2021_NFL_W05_SF_ARI,NFL_ARI,NFL_P_00-0029585,LB,,UNKNOWN,DNP,Not injury related - resting player,2021-10-09,nflverse,,2026-09-07T05:45:02.885579+00:00,2021-10-09T00:00:00
NFL_ARI_00-0027686_2021W05_NA_DNP,NFL,2021,5,2021_NFL_W05_SF_ARI,NFL_ARI,NFL_P_00-0027686,DL,,UNKNOWN,DNP,Not injury related - resting player,2021-10-09,nflverse,,2026-09-07T05:45:02.885579+00:00,2021-10-09T00:00:00
NFL_ARI_00-0027942_2021W05_NA_LP,NFL,2021,5,2021_NFL_W05_SF_ARI,NFL_ARI,NFL_P_00-0027942,WR,,UNKNOWN,LP,Not injury related - resting player,2021-10-09,nflverse,,2026-09-07T05:45:02.885579+00:00,2021-10-09T00:00:00
NFL_ARI_00-0035236_2021W05_OUT_DNP,NFL,2021,5,2021_NFL_W05_SF_ARI,NFL_ARI,NFL_P_00-0035236,CB,,OUT,DNP,Ribs,2021-10-09,nflverse,,2026-09-07T05:45:02.885579+00:00,2021-10-09T00:00:00
NFL_ARI_00-0032528_2021W05_OUT_DNP,NFL,2021,5,2021_NFL_W05_SF_ARI,NFL_ARI,NFL_P_00-0032528,OL,,OUT,DNP,Back,2021-10-09,nflverse,,2026-09-07T05:45:02.885579+00:00,2021-10-09T00:00:00
NFL_ARI_00-0036884_2021W05_QUESTIONABLE_DNP,NFL,2021,5,2021_NFL_W05_SF_ARI,NFL_ARI,NFL_P_00-0036884,CB,,QUESTIONABLE,DNP,Ribs,2021-10-09,nflverse,,2026-09-07T05:45:02.885579+00:00,2021-10-09T00:00:00
NFL_ARI_00-0029316_2021W05_QUESTIONABLE_LP,NFL,2021,5,2021_NFL_W05_SF_ARI,NFL_ARI,NFL_P_00-0029316,OL,,QUESTIONABLE,LP,Ribs,2021-10-09,nflverse,,2026-09-07T05:45:02.885579+00:00,2021-10-09T00:00:00
NFL_ARI_00-0036383_2021W05_QUESTIONABLE_LP,NFL,2021,5,2021_NFL_W05_SF_ARI,NFL_ARI,NFL_P_00-0036383,RB,,QUESTIONABLE,LP,Hamstring,2021-10-09,nflverse,,2026-09-07T05:45:02.885579+00:00,2021-10-09T00:00:00
NFL_ARI_00-0034681_2021W05_QUESTIONABLE_LP,NFL,2021,5,2021_NFL_W05_SF_ARI,NFL_ARI,NFL_P_00-0034681,RB,,QUESTIONABLE,LP,Shoulder,2021-10-09,nflverse,,2026-09-07T05:45:02.885579+00:00,2021-10-09T00:00:00
NFL_ARI_00-0032933_2021W05_QUESTIONABLE_LP,NFL,2021,5,2021_NFL_W05_SF_ARI,NFL_ARI,NFL_P_00-0032933,CB,,QUESTIONABLE,LP,Ankle,2021-10-09,nflverse,,2026-09-07T05:45:02.885579+00:00,2021-10-09T00:00:00
NFL_ARI_00-0031558_2021W05_QUESTIONABLE_LP,NFL,2021,5,2021_NFL_W05_SF_ARI,NFL_ARI,NFL_P_00-0031558,TE,,QUESTIONABLE,LP,Shoulder,2021-10-09,nflverse,,2026-09-07T05:45:02.885579+00:00,2021-10-09T00:00:00
NFL_ATL_00-0036291_2021W05_OUT_DNP,NFL,2021,5,2021_NFL_W05_NYJ_ATL,NFL_ATL,NFL_P_00-0036291,DL,,OUT,DNP,Ankle,2021-10-09,nflverse,,2026-09-07T05:45:02.885579+00:00,2021-10-09T00:00:00
NFL_ATL_00-0034411_2021W05_OUT_DNP,NFL,2021,5,2021_NFL_W05_NYJ_ATL,NFL_ATL,NFL_P_00-0034411,WR,,OUT,DNP,Ankle,2021-10-09,nflverse,,2026-09-07T05:45:02.885579+00:00,2021-10-09T00:00:00
NFL_ATL_00-0034837_2021W05_OUT_DNP,NFL,2021,5,2021_NFL_W05_NYJ_ATL,NFL_ATL,NFL_P_00-0034837,WR,,OUT,DNP,Not injury related - personal matter,2021-10-09,nflverse,,2026-09-07T05:45:02.885579+00:00,2021-10-09T00:00:00
NFL_ATL_00-0032320_2021W05_DOUBTFUL_DNP,NFL,2021,5,2021_NFL_W05_NYJ_ATL,NFL_ATL,NFL_P_00-0032320,S,,DOUBTFUL,DNP,Calf,2021-10-09,nflverse,,2026-09-07T05:45:02.885579+00:00,2021-10-09T00:00:00
NFL_ATL_00-0036950_2021W05_DOUBTFUL_DNP,NFL,2021,5,2021_NFL_W05_NYJ_ATL,NFL_ATL,NFL_P_00-0036950,CB,,DOUBTFUL,DNP,Hamstring,2021-10-09,nflverse,,2026-09-07T05:45:02.885579+00:00,2021-10-09T00:00:00
NFL_BAL_00-0026190_2021W05_NA_DNP,NFL,2021,5,2021_NFL_W05_IND_BAL,NFL_BAL,NFL_P_00-0026190,EDGE,,UNKNOWN,DNP,Not injury related - resting player,2021-10-11,nflverse,,2026-09-07T05:45:02.885579+00:00,2021-10-11T00:00:00
NFL_BAL_00-0028008_2021W05_NA_DNP,NFL,2021,5,2021_NFL_W05_IND_BAL,NFL_BAL,NFL_P_00-0028008,LB,,UNKNOWN,DNP,Not injury related - resting player,2021-10-11,nflverse,,2026-09-07T05:45:02.885579+00:00,2021-10-11T00:00:00
NFL_BAL_00-0028103_2021W05_NA_DNP,NFL,2021,5,2021_NFL_W05_IND_BAL,NFL_BAL,NFL_P_00-0028103,LB,,UNKNOWN,DNP,Not injury related - resting player,2021-10-11,nflverse,,2026-09-07T05:45:02.885579+00:00,2021-10-11T00:00:00
NFL_BAL_00-0027965_2021W05_NA_DNP,NFL,2021,5,2021_NFL_W05_IND_BAL,NFL_BAL,NFL_P_00-0027965,CB,,UNKNOWN,DNP,Not injury related - resting player,2021-10-11,nflverse,,2026-09-07T05:45:02.885579+00:00,2021-10-11T00:00:00
NFL_BAL_00-0031325_2021W05_NA_DNP,NFL,2021,5,2021_NFL_W05_IND_BAL,NFL_BAL,NFL_P_00-0031325,WR,,UNKNOWN,DNP,Not injury related - resting player,2021-10-11,nflverse,,2026-09-07T05:45:02.885579+00:00,2021-10-11T00:00:00
NFL_BAL_00-0030511_2021W05_NA_DNP,NFL,2021,5,2021_NFL_W05_IND_BAL,NFL_BAL,NFL_P_00-0030511,DL,,UNKNOWN,DNP,Not injury related - resting player,2021-10-11,nflverse,,2026-09-07T05:45:02.885579+00:00,2021-10-11T00:00:00
NFL_BAL_00-0032965_2021W05_OUT_DNP,NFL,2021,5,2021_NFL_W05_IND_BAL,NFL_BAL,NFL_P_00-0032965,OL,,OUT,DNP,Ankle,2021-10-11,nflverse,,2026-09-07T05:45:02.885579+00:00,2021-10-11T00:00:00
NFL_BAL_00-0034277_2021W05_QUESTIONABLE_LP,NFL,2021,5,2021_NFL_W05_IND_BAL,NFL_BAL,NFL_P_00-0034277,S,,QUESTIONABLE,LP,Quadricep,2021-10-11,nflverse,,2026-09-07T05:45:02.885579+00:00,2021-10-11T00:00:00
NFL_BAL_00-0036199_2021W05_QUESTIONABLE_LP,NFL,2021,5,2021_NFL_W05_IND_BAL,NFL_BAL,NFL_P_00-0036199,S,,QUESTIONABLE,LP,Thigh,2021-10-11,nflverse,,2026-09-07T05:45:02.885579+00:00,2021-10-11T00:00:00
NFL_BAL_00-0030648_2021W05_QUESTIONABLE_LP,NFL,2021,5,2021_NFL_W05_IND_BAL,NFL_BAL,NFL_P_00-0030648,OL,,QUESTIONABLE,LP,Knee,2021-10-11,nflverse,,2026-09-07T05:45:02.885579+00:00,2021-10-11T00:00:00
NFL_BUF_00-0028339_2021W05_NA_DNP,NFL,2021,5,2021_NFL_W05_BUF_KC,NFL_BUF,NFL_P_00-0028339,EDGE,,UNKNOWN,DNP,Not injury related - resting player,2021-10-10,nflverse,,2026-09-07T05:45:02.885579+00:00,2021-10-10T00:00:00
NFL_BUF_00-0029000_2021W05_NA_DNP,NFL,2021,5,2021_NFL_W05_BUF_KC,NFL_BUF,NFL_P_00-0029000,WR,,UNKNOWN,DNP,Not injury related - resting player,2021-10-10,nflverse,,2026-09-07T05:45:02.885579+00:00,2021-10-10T00:00:00
NFL_BUF_00-0031588_2021W05_NA_DNP,NFL,2021,5,2021_NFL_W05_BUF_KC,NFL_BUF,NFL_P_00-0031588,WR,,UNKNOWN,DNP,Not injury related - resting player,2021-10-10,nflverse,,2026-09-07T05:45:02.885579+00:00,2021-10-10T00:00:00
NFL_BUF_00-0027881_2021W05_NA_DNP,NFL,2021,5,2021_NFL_W05_BUF_KC,NFL_BUF,NFL_P_00-0027881,EDGE,,UNKNOWN,DNP,Not injury related - resting player,2021-10-10,nflverse,,2026-09-07T05:45:02.885579+00:00,2021-10-10T00:00:00
NFL_BUF_00-0027685_2021W05_NA_DNP,NFL,2021,5,2021_NFL_W05_BUF_KC,NFL_BUF,NFL_P_00-0027685,WR,,UNKNOWN,DNP,Not injury related - resting player,2021-10-10,nflverse,,2026-09-07T05:45:02.885579+00:00,2021-10-10T00:00:00
NFL_BUF_00-0030455_2021W05_NA_LP,NFL,2021,5,2021_NFL_W05_BUF_KC,NFL_BUF,NFL_P_00-0030455,DL,,UNKNOWN,LP,Not injury related - resting player,2021-10-10,nflverse,,2026-09-07T05:45:02.885579+00:00,2021-10-10T00:00:00
NFL_BUF_00-0033884_2021W05_NA_LP,NFL,2021,5,2021_NFL_W05_BUF_KC,NFL_BUF,NFL_P_00-0033884,CB,,UNKNOWN,LP,Shoulder,2021-10-10,nflverse,,2026-09-07T05:45:02.885579+00:00,2021-10-10T00:00:00
NFL_BUF_00-0036192_2021W05_QUESTIONABLE_LP,NFL,2021,5,2021_NFL_W05_BUF_KC,NFL_BUF,NFL_P_00-0036192,EDGE,,QUESTIONABLE,LP,Foot,2021-10-10,nflverse,,2026-09-07T05:45:02.885579+00:00,2021-10-10T00:00:00
NFL_BUF_00-0028063_2021W05_QUESTIONABLE_LP,NFL,2021,5,2021_NFL_W05_BUF_KC,NFL_BUF,NFL_P_00-0028063,RB,,QUESTIONABLE,LP,Hamstring,2021-10-10,nflverse,,2026-09-07T05:45:02.885579+00:00,2021-10-10T00:00:00
NFL_BUF_00-0033571_2021W05_QUESTIONABLE_LP,NFL,2021,5,2021_NFL_W05_BUF_KC,NFL_BUF,NFL_P_00-0033571,LB,,QUESTIONABLE,LP,Hamstring,2021-10-10,nflverse,,2026-09-07T05:45:02.885579+00:00,2021-10-10T00:00:00
NFL_CAR_00-0032145_2021W05_OUT_DNP,NFL,2021,5,2021_NFL_W05_PHI_CAR,NFL_CAR,NFL_P_00-0032145,OL,,OUT,DNP,Neck,2021-10-09,nflverse,,2026-09-07T05:45:02.885579+00:00,2021-10-09T00:00:00
NFL_CAR_00-0031550_2021W05_OUT_DNP,NFL,2021,5,2021_NFL_W05_PHI_CAR,NFL_CAR,NFL_P_00-0031550,LB,,OUT,DNP,Foot,2021-10-09,nflverse,,2026-09-07T05:45:02.885579+00:00,2021-10-09T00:00:00
NFL_CAR_00-0033280_2021W05_DOUBTFUL_LP,NFL,2021,5,2021_NFL_W05_PHI_CAR,NFL_CAR,NFL_P_00-0033280,RB,,DOUBTFUL,LP,Hamstring,2021-10-09,nflverse,,2026-09-07T05:45:02.885579+00:00,2021-10-09T00:00:00
NFL_CAR_00-0036288_2021W05_QUESTIONABLE_FP,NFL,2021,5,2021_NFL_W05_PHI_CAR,NFL_CAR,NFL_P_00-0036288,EDGE,,QUESTIONABLE,FP,Ankle,2021-10-09,nflverse,,2026-09-07T05:45:02.885579+00:00,2021-10-09T00:00:00
NFL_CHI_00-0032986_2021W05_OUT_DNP,NFL,2021,5,2021_NFL_W05_CHI_LV,NFL_CHI,NFL_P_00-0032986,TE,,OUT,DNP,Quadricep,2021-10-09,nflverse,,2026-09-07T05:45:02.885579+00:00,2021-10-09T00:00:00
NFL_CHI_00-0034372_2021W05_OUT_DNP,NFL,2021,5,2021_NFL_W05_CHI_LV,NFL_CHI,NFL_P_00-0034372,LB,,OUT,DNP,Hamstring,2021-10-09,nflverse,,2026-09-07T05:45:02.885579+00:00,2021-10-09T00:00:00
NFL_CHI_00-0032135_2021W05_OUT_DNP,NFL,2021,5,2021_NFL_W05_CHI_LV,NFL_CHI,NFL_P_00-0032135,TE,,OUT,DNP,Not injury related - personal matter,2021-10-09,nflverse,,2026-09-07T05:45:02.885579+00:00,2021-10-09T00:00:00
NFL_CHI_00-0035685_2021W05_OUT_DNP,NFL,2021,5,2021_NFL_W05_CHI_LV,NFL_CHI,NFL_P_00-0035685,RB,,OUT,DNP,Knee,2021-10-09,nflverse,,2026-09-07T05:45:02.885579+00:00,2021-10-09T00:00:00
NFL_CHI_00-0029657_2021W05_DOUBTFUL_LP,NFL,2021,5,2021_NFL_W05_CHI_LV,NFL_CHI,NFL_P_00-0029657,DL,,DOUBTFUL,LP,Groin,2021-10-09,nflverse,,2026-09-07T05:45:02.885579+00:00,2021-10-09T00:00:00
NFL_CHI_00-0028924_2021W05_QUESTIONABLE_FP,NFL,2021,5,2021_NFL_W05_CHI_LV,NFL_CHI,NFL_P_00-0028924,S,,QUESTIONABLE,FP,Hamstring,2021-10-09,nflverse,,2026-09-07T05:45:02.885579+00:00,2021-10-09T00:00:00
NFL_CHI_00-0035562_2021W05_QUESTIONABLE_FP,NFL,2021,5,2021_NFL_W05_CHI_LV,NFL_CHI,NFL_P_00-0035562,TE,,QUESTIONABLE,FP,Knee,2021-10-09,nflverse,,2026-09-07T05:45:02.885579+00:00,2021-10-09T00:00:00
NFL_CHI_00-0031130_2021W05_QUESTIONABLE_LP,NFL,2021,5,2021_NFL_W05_CHI_LV,NFL_CHI,NFL_P_00-0031130,LB,,QUESTIONABLE,LP,Back,2021-10-09,nflverse,,2026-09-07T05:45:02.885579+00:00,2021-10-09T00:00:00
NFL_CHI_00-0031040_2021W05_QUESTIONABLE_LP,NFL,2021,5,2021_NFL_W05_CHI_LV,NFL_CHI,NFL_P_00-0031040,LB,,QUESTIONABLE,LP,Ribs,2021-10-09,nflverse,,2026-09-07T05:45:02.885579+00:00,2021-10-09T00:00:00
NFL_CIN_00-0031410_2021W05_OUT_DNP,NFL,2021,5,2021_NFL_W05_GB_CIN,NFL_CIN,NFL_P_00-0031410,OL,,OUT,DNP,Knee,2021-10-09,nflverse,,2026-09-07T05:45:02.885579+00:00,2021-10-09T00:00:00
NFL_CIN_00-0033114_2021W05_DOUBTFUL_DNP,NFL,2021,5,2021_NFL_W05_GB_CIN,NFL_CIN,NFL_P_00-0033114,WR,,DOUBTFUL,DNP,Ankle,2021-10-09,nflverse,,2026-09-07T05:45:02.885579+00:00,2021-10-09T00:00:00
NFL_CIN_00-0033897_2021W05_QUESTIONABLE_DNP,NFL,2021,5,2021_NFL_W05_GB_CIN,NFL_CIN,NFL_P_00-0033897,RB,,QUESTIONABLE,DNP,Ankle,2021-10-09,nflverse,,2026-09-07T05:45:02.885579+00:00,2021-10-09T00:00:00
NFL_CIN_00-0033905_2021W05_QUESTIONABLE_DNP,NFL,2021,5,2021_NFL_W05_GB_CIN,NFL_CIN,NFL_P_00-0033905,DL,,QUESTIONABLE,DNP,Knee,2021-10-09,nflverse,,2026-09-07T05:45:02.885579+00:00,2021-10-09T00:00:00
NFL_CIN_00-0030781_2021W05_QUESTIONABLE_LP,NFL,2021,5,2021_NFL_W05_GB_CIN,NFL_CIN,NFL_P_00-0030781,OL,,QUESTIONABLE,LP,Knee,2021-10-09,nflverse,,2026-09-07T05:45:02.885579+00:00,2021-10-09T00:00:00
NFL_CIN_00-0036852_2021W05_QUESTIONABLE_LP,NFL,2021,5,2021_NFL_W05_GB_CIN,NFL_CIN,NFL_P_00-0036852,OL,,QUESTIONABLE,LP,Illness,2021-10-09,nflverse,,2026-09-07T05:45:02.885579+00:00,2021-10-09T00:00:00
NFL_CIN_00-0031546_2021W05_QUESTIONABLE_LP,NFL,2021,5,2021_NFL_W05_GB_CIN,NFL_CIN,NFL_P_00-0031546,CB,,QUESTIONABLE,LP,Hamstring,2021-10-09,nflverse,,2026-09-07T05:45:02.885579+00:00,2021-10-09T00:00:00
NFL_CLE_00-0033057_2021W05_NA_LP,NFL,2021,5,2021_NFL_W05_CLE_LAC,NFL_CLE,NFL_P_00-0033057,OL,,UNKNOWN,LP,Knee,2021-10-09,nflverse,,2026-09-07T05:45:02.885579+00:00,2021-10-09T00:00:00
NFL_CLE_00-0029963_2021W05_OUT_DNP,NFL,2021,5,2021_NFL_W05_CLE_LAC,NFL_CLE,NFL_P_00-0029963,OL,,OUT,DNP,Triceps,2021-10-09,nflverse,,2026-09-07T05:45:02.885579+00:00,2021-10-09T00:00:00
NFL_CLE_00-0036996_2021W05_OUT_DNP,NFL,2021,5,2021_NFL_W05_CLE_LAC,NFL_CLE,NFL_P_00-0036996,CB,,OUT,DNP,Calf,2021-10-09,nflverse,,2026-09-07T05:45:02.885579+00:00,2021-10-09T00:00:00
NFL_CLE_00-0033868_2021W05_QUESTIONABLE_DNP,NFL,2021,5,2021_NFL_W05_CLE_LAC,NFL_CLE,NFL_P_00-0033868,EDGE,,QUESTIONABLE,DNP,Knee,2021-10-09,nflverse,,2026-09-07T05:45:02.885579+00:00,2021-10-09T00:00:00
NFL_CLE_00-0036267_2021W05_QUESTIONABLE_DNP,NFL,2021,5,2021_NFL_W05_CLE_LAC,NFL_CLE,NFL_P_00-0036267,OL,,QUESTIONABLE,DNP,Ankle,2021-10-09,nflverse,,2026-09-07T05:45:02.885579+00:00,2021-10-09T00:00:00
NFL_CLE_00-0031364_2021W05_QUESTIONABLE_LP,NFL,2021,5,2021_NFL_W05_CLE_LAC,NFL_CLE,NFL_P_00-0031364,EDGE,,QUESTIONABLE,LP,Elbow,2021-10-09,nflverse,,2026-09-07T05:45:02.885579+00:00,2021-10-09T00:00:00
NFL_CLE_00-0036634_2021W05_QUESTIONABLE_LP,NFL,2021,5,2021_NFL_W05_CLE_LAC,NFL_CLE,NFL_P_00-0036634,LB,,QUESTIONABLE,LP,Shoulder,2021-10-09,nflverse,,2026-09-07T05:45:02.885579+00:00,2021-10-09T00:00:00
NFL_CLE_00-0031785_2021W05_QUESTIONABLE_LP,NFL,2021,5,2021_NFL_W05_CLE_LAC,NFL_CLE,NFL_P_00-0031785,CB,,QUESTIONABLE,LP,Toe,2021-10-09,nflverse,,2026-09-07T05:45:02.885579+00:00,2021-10-09T00:00:00
NFL_CLE_00-0033540_2021W05_QUESTIONABLE_LP,NFL,2021,5,2021_NFL_W05_CLE_LAC,NFL_CLE,NFL_P_00-0033540,EDGE,,QUESTIONABLE,LP,Ankle,2021-10-09,nflverse,,2026-09-07T05:45:02.885579+00:00,2021-10-09T00:00:00
NFL_CLE_00-0033885_2021W05_QUESTIONABLE_LP,NFL,2021,5,2021_NFL_W05_CLE_LAC,NFL_CLE,NFL_P_00-0033885,TE,,QUESTIONABLE,LP,Knee,2021-10-09,nflverse,,2026-09-07T05:45:02.885579+00:00,2021-10-09T00:00:00
NFL_CLE_00-0028180_2021W05_QUESTIONABLE_LP,NFL,2021,5,2021_NFL_W05_CLE_LAC,NFL_CLE,NFL_P_00-0028180,LB,,QUESTIONABLE,LP,Abdomen,2021-10-09,nflverse,,2026-09-07T05:45:02.885579+00:00,2021-10-09T00:00:00
NFL_CLE_00-0030076_2021W05_QUESTIONABLE_LP,NFL,2021,5,2021_NFL_W05_CLE_LAC,NFL_CLE,NFL_P_00-0030076,OL,,QUESTIONABLE,LP,Knee,2021-10-09,nflverse,,2026-09-07T05:45:02.885579+00:00,2021-10-09T00:00:00
NFL_CLE_00-0034856_2021W05_QUESTIONABLE_LP,NFL,2021,5,2021_NFL_W05_CLE_LAC,NFL_CLE,NFL_P_00-0034856,CB,,QUESTIONABLE,LP,Neck,2021-10-09,nflverse,,2026-09-07T05:45:02.885579+00:00,2021-10-09T00:00:00
NFL_DAL_00-0034373_2021W05_OUT_DNP,NFL,2021,5,2021_NFL_W05_NYG_DAL,NFL_DAL,NFL_P_00-0034373,EDGE,,OUT,DNP,Ankle,2021-10-09,nflverse,,2026-09-07T05:45:02.885579+00:00,2021-10-09T00:00:00
NFL_DAL_00-0035301_2021W05_OUT_DNP,NFL,2021,5,2021_NFL_W05_NYG_DAL,NFL_DAL,NFL_P_00-0035301,S,,OUT,DNP,Groin,2021-10-09,nflverse,,2026-09-07T05:45:02.885579+00:00,2021-10-09T00:00:00
NFL_DAL_00-0031544_2021W05_QUESTIONABLE_LP,NFL,2021,5,2021_NFL_W05_NYG_DAL,NFL_DAL,NFL_P_00-0031544,WR,,QUESTIONABLE,LP,Hamstring,2021-10-09,nflverse,,2026-09-07T05:45:02.885579+00:00,2021-10-09T00:00:00
NFL_DAL_00-0033045_2021W05_QUESTIONABLE_LP,NFL,2021,5,2021_NFL_W05_NYG_DAL,NFL_DAL,NFL_P_00-0033045,RB,,QUESTIONABLE,LP,Knee,2021-10-09,nflverse,,2026-09-07T05:45:02.885579+00:00,2021-10-09T00:00:00
NFL_DAL_00-0032197_2021W05_QUESTIONABLE_LP,NFL,2021,5,2021_NFL_W05_NYG_DAL,NFL_DAL,NFL_P_00-0032197,EDGE,,QUESTIONABLE,LP,Knee,2021-10-09,nflverse,,2026-09-07T05:45:02.885579+00:00,2021-10-09T00:00:00
NFL_DAL_00-0029709_2021W05_QUESTIONABLE_LP,NFL,2021,5,2021_NFL_W05_NYG_DAL,NFL_DAL,NFL_P_00-0029709,OL,,QUESTIONABLE,LP,Illness,2021-10-09,nflverse,,2026-09-07T05:45:02.885579+00:00,2021-10-09T00:00:00
NFL_DAL_00-0033563_2021W05_QUESTIONABLE_LP,NFL,2021,5,2021_NFL_W05_NYG_DAL,NFL_DAL,NFL_P_00-0033563,EDGE,,QUESTIONABLE,LP,Knee,2021-10-09,nflverse,,2026-09-07T05:45:02.885579+00:00,2021-10-09T00:00:00
NFL_DEN_00-0029528_2021W05_NA_DNP,NFL,2021,5,2021_NFL_W05_DEN_PIT,NFL_DEN,NFL_P_00-0029528,OL,,UNKNOWN,DNP,Not injury related - resting player,2021-10-09,nflverse,,2026-09-07T05:45:02.885579+00:00,2021-10-09T00:00:00
NFL_DEN_00-0027940_2021W05_NA_LP,NFL,2021,5,2021_NFL_W05_DEN_PIT,NFL_DEN,NFL_P_00-0027940,LB,,UNKNOWN,LP,Not injury related - resting player,2021-10-09,nflverse,,2026-09-07T05:45:02.885579+00:00,2021-10-09T00:00:00
NFL_DEN_00-0036423_2021W05_OUT_DNP,NFL,2021,5,2021_NFL_W05_DEN_PIT,NFL_DEN,NFL_P_00-0036423,TE,,OUT,DNP,Hamstring,2021-10-09,nflverse,,2026-09-07T05:45:02.885579+00:00,2021-10-09T00:00:00
NFL_DEN_00-0031237_2021W05_QUESTIONABLE_FP,NFL,2021,5,2021_NFL_W05_DEN_PIT,NFL_DEN,NFL_P_00-0031237,QB,,QUESTIONABLE,FP,Concussion,2021-10-09,nflverse,,2026-09-07T05:45:02.885579+00:00,2021-10-09T00:00:00
NFL_DEN_00-0032144_2021W05_QUESTIONABLE_LP,NFL,2021,5,2021_NFL_W05_DEN_PIT,NFL_DEN,NFL_P_00-0032144,RB,,QUESTIONABLE,LP,Lower Leg,2021-10-09,nflverse,,2026-09-07T05:45:02.885579+00:00,2021-10-09T00:00:00
NFL_DEN_00-0031319_2021W05_QUESTIONABLE_LP,NFL,2021,5,2021_NFL_W05_DEN_PIT,NFL_DEN,NFL_P_00-0031319,WR,,QUESTIONABLE,LP,Chest,2021-10-09,nflverse,,2026-09-07T05:45:02.885579+00:00,2021-10-09T00:00:00
NFL_DEN_00-0036874_2021W05_QUESTIONABLE_LP,NFL,2021,5,2021_NFL_W05_DEN_PIT,NFL_DEN,NFL_P_00-0036874,CB,,QUESTIONABLE,LP,Chest,2021-10-09,nflverse,,2026-09-07T05:45:02.885579+00:00,2021-10-09T00:00:00
NFL_DEN_00-0034348_2021W05_QUESTIONABLE_LP,NFL,2021,5,2021_NFL_W05_DEN_PIT,NFL_DEN,NFL_P_00-0034348,WR,,QUESTIONABLE,LP,Ankle,2021-10-09,nflverse,,2026-09-07T05:45:02.885579+00:00,2021-10-09T00:00:00
NFL_DET_00-0031566_2021W05_QUESTIONABLE_LP,NFL,2021,5,2021_NFL_W05_DET_MIN,NFL_DET,NFL_P_00-0031566,LB,,QUESTIONABLE,LP,Knee,2021-10-09,nflverse,,2026-09-07T05:45:02.885579+00:00,2021-10-09T00:00:00
NFL_DET_00-0035229_2021W05_QUESTIONABLE_LP,NFL,2021,5,2021_NFL_W05_DET_MIN,NFL_DET,NFL_P_00-0035229,TE,,QUESTIONABLE,LP,Knee,2021-10-09,nflverse,,2026-09-07T05:45:02.885579+00:00,2021-10-09T00:00:00
NFL_DET_00-0036880_2021W05_QUESTIONABLE_LP,NFL,2021,5,2021_NFL_W05_DET_MIN,NFL_DET,NFL_P_00-0036880,OL,,QUESTIONABLE,LP,Ankle,2021-10-09,nflverse,,2026-09-07T05:45:02.885579+00:00,2021-10-09T00:00:00
NFL_DET_00-0036275_2021W05_QUESTIONABLE_LP,NFL,2021,5,2021_NFL_W05_DET_MIN,NFL_DET,NFL_P_00-0036275,RB,,QUESTIONABLE,LP,Groin,2021-10-09,nflverse,,2026-09-07T05:45:02.885579+00:00,2021-10-09T00:00:00
NFL_DET_00-0033948_2021W05_QUESTIONABLE_LP,NFL,2021,5,2021_NFL_W05_DET_MIN,NFL_DET,NFL_P_00-0033948,RB,,QUESTIONABLE,LP,Hip,2021-10-09,nflverse,,2026-09-07T05:45:02.885579+00:00,2021-10-09T00:00:00
NFL_GB_00-0036076_2021W05_NA_DNP,NFL,2021,5,2021_NFL_W05_GB_CIN,NFL_GB,NFL_P_00-0036076,LB,,UNKNOWN,DNP,Knee,2021-10-09,nflverse,,2026-09-07T05:45:02.885579+00:00,2021-10-09T00:00:00
NFL_GB_00-0036788_2021W05_NA_LP,NFL,2021,5,2021_NFL_W05_GB_CIN,NFL_GB,NFL_P_00-0036788,DL,,UNKNOWN,LP,Ankle,2021-10-09,nflverse,,2026-09-07T05:45:02.885579+00:00,2021-10-09T00:00:00
NFL_GB_00-0033293_2021W05_NA_LP,NFL,2021,5,2021_NFL_W05_GB_CIN,NFL_GB,NFL_P_00-0033293,RB,,UNKNOWN,LP,Ankle,2021-10-09,nflverse,,2026-09-07T05:45:02.885579+00:00,2021-10-09T00:00:00
NFL_GB_00-0034728_2021W05_OUT_DNP,NFL,2021,5,2021_NFL_W05_GB_CIN,NFL_GB,NFL_P_00-0034728,CB,,OUT,DNP,Shoulder,2021-10-09,nflverse,,2026-09-07T05:45:02.885579+00:00,2021-10-09T00:00:00
NFL_GB_00-0036622_2021W05_OUT_DNP,NFL,2021,5,2021_NFL_W05_GB_CIN,NFL_GB,NFL_P_00-0036622,OL,,OUT,DNP,Finger,2021-10-09,nflverse,,2026-09-07T05:45:02.885579+00:00,2021-10-09T00:00:00
NFL_GB_00-0029419_2021W05_QUESTIONABLE_DNP,NFL,2021,5,2021_NFL_W05_GB_CIN,NFL_GB,NFL_P_00-0029419,OL,,QUESTIONABLE,DNP,Illness,2021-10-09,nflverse,,2026-09-07T05:45:02.885579+00:00,2021-10-09T00:00:00
NFL_GB_00-0035526_2021W05_QUESTIONABLE_LP,NFL,2021,5,2021_NFL_W05_GB_CIN,NFL_GB,NFL_P_00-0035526,OL,,QUESTIONABLE,LP,Ankle,2021-10-09,nflverse,,2026-09-07T05:45:02.885579+00:00,2021-10-09T00:00:00
NFL_HOU_00-0032128_2021W05_NA_DNP,NFL,2021,5,2021_NFL_W05_NE_HOU,NFL_HOU,NFL_P_00-0032128,WR,,UNKNOWN,DNP,Not injury related - personal matter,2021-10-09,nflverse,,2026-09-07T05:45:02.885579+00:00,2021-10-09T00:00:00
NFL_HOU_00-0031236_2021W05_NA_DNP,NFL,2021,5,2021_NFL_W05_NE_HOU,NFL_HOU,NFL_P_00-0031236,WR,,UNKNOWN,DNP,Not injury related - resting player,2021-10-09,nflverse,,2026-09-07T05:45:02.885579+00:00,2021-10-09T00:00:00
NFL_HOU_00-0030288_2021W05_OUT_DNP,NFL,2021,5,2021_NFL_W05_NE_HOU,NFL_HOU,NFL_P_00-0030288,RB,,OUT,DNP,Hip,2021-10-09,nflverse,,2026-09-07T05:45:02.885579+00:00,2021-10-09T00:00:00
NFL_HOU_00-0033537_2021W05_OUT_DNP,NFL,2021,5,2021_NFL_W05_NE_HOU,NFL_HOU,NFL_P_00-0033537,QB,,OUT,DNP,Not injury related - personal matter,2021-10-09,nflverse,,2026-09-07T05:45:02.885579+00:00,2021-10-09T00:00:00
NFL_HOU_00-0028076_2021W05_QUESTIONABLE_DNP,NFL,2021,5,2021_NFL_W05_NE_HOU,NFL_HOU,NFL_P_00-0028076,OL,,QUESTIONABLE,DNP,Back,2021-10-09,nflverse,,2026-09-07T05:45:02.885579+00:00,2021-10-09T00:00:00
NFL_HOU_00-0036556_2021W05_QUESTIONABLE_DNP,NFL,2021,5,2021_NFL_W05_NE_HOU,NFL_HOU,NFL_P_00-0036556,TE,,QUESTIONABLE,DNP,Illness,2021-10-09,nflverse,,2026-09-07T05:45:02.885579+00:00,2021-10-09T00:00:00
NFL_HOU_00-0026035_2021W05_QUESTIONABLE_LP,NFL,2021,5,2021_NFL_W05_NE_HOU,NFL_HOU,NFL_P_00-0026035,WR,,QUESTIONABLE,LP,Thigh,2021-10-09,nflverse,,2026-09-07T05:45:02.885579+00:00,2021-10-09T00:00:00
NFL_IND_00-0034354_2021W05_NA_DNP,NFL,2021,5,2021_NFL_W05_IND_BAL,NFL_IND,NFL_P_00-0034354,EDGE,,UNKNOWN,DNP,Ankle,2021-10-11,nflverse,,2026-09-07T05:45:02.885579+00:00,2021-10-11T00:00:00
NFL_IND_00-0034846_2021W05_NA_LP,NFL,2021,5,2021_NFL_W05_IND_BAL,NFL_IND,NFL_P_00-0034846,LB,,UNKNOWN,LP,Ankle,2021-10-11,nflverse,,2026-09-07T05:45:02.885579+00:00,2021-10-11T00:00:00
NFL_IND_00-0033588_2021W05_OUT_NA,NFL,2021,5,2021_NFL_W05_IND_BAL,NFL_IND,NFL_P_00-0033588,EDGE,,OUT,,Illness,2021-10-11,nflverse,,2026-09-07T05:45:02.885579+00:00,2021-10-11T00:00:00
NFL_IND_00-0036479_2021W05_OUT_DNP,NFL,2021,5,2021_NFL_W05_IND_BAL,NFL_IND,NFL_P_00-0036479,EDGE,,OUT,DNP,Hamstring,2021-10-11,nflverse,,2026-09-07T05:45:02.885579+00:00,2021-10-11T00:00:00
NFL_IND_00-0034836_2021W05_OUT_DNP,NFL,2021,5,2021_NFL_W05_IND_BAL,NFL_IND,NFL_P_00-0034836,OL,,OUT,DNP,Foot,2021-10-11,nflverse,,2026-09-07T05:45:02.885579+00:00,2021-10-11T00:00:00
NFL_IND_00-0034400_2021W05_OUT_DNP,NFL,2021,5,2021_NFL_W05_IND_BAL,NFL_IND,NFL_P_00-0034400,RB,,OUT,DNP,Non-Football Illness,2021-10-11,nflverse,,2026-09-07T05:45:02.885579+00:00,2021-10-11T00:00:00
NFL_IND_00-0035637_2021W05_OUT_LP,NFL,2021,5,2021_NFL_W05_IND_BAL,NFL_IND,NFL_P_00-0035637,CB,,OUT,LP,Ankle,2021-10-11,nflverse,,2026-09-07T05:45:02.885579+00:00,2021-10-11T00:00:00
NFL_IND_00-0035530_2021W05_QUESTIONABLE_LP,NFL,2021,5,2021_NFL_W05_IND_BAL,NFL_IND,NFL_P_00-0035530,S,,QUESTIONABLE,LP,Ankle,2021-10-11,nflverse,,2026-09-07T05:45:02.885579+00:00,2021-10-11T00:00:00
NFL_JAX_00-0032667_2021W05_OUT_DNP,NFL,2021,5,2021_NFL_W05_TEN_JAX,NFL_JAX,NFL_P_00-0032667,DL,,OUT,DNP,Ankle,2021-10-09,nflverse,,2026-09-07T05:45:02.885579+00:00,2021-10-09T00:00:00
NFL_JAX_00-0036974_2021W05_QUESTIONABLE_LP,NFL,2021,5,2021_NFL_W05_TEN_JAX,NFL_JAX,NFL_P_00-0036974,CB,,QUESTIONABLE,LP,Toe,2021-10-09,nflverse,,2026-09-07T05:45:02.885579+00:00,2021-10-09T00:00:00
NFL_JAX_00-0029799_2021W05_QUESTIONABLE_LP,NFL,2021,5,2021_NFL_W05_TEN_JAX,NFL_JAX,NFL_P_00-0029799,EDGE,,QUESTIONABLE,LP,Hamstring,2021-10-09,nflverse,,2026-09-07T05:45:02.885579+00:00,2021-10-09T00:00:00
NFL_KC_00-0032762_2021W05_QUESTIONABLE_DNP,NFL,2021,5,2021_NFL_W05_BUF_KC,NFL_KC,NFL_P_00-0032762,EDGE,,QUESTIONABLE,DNP,Wrist,2021-10-10,nflverse,,2026-09-07T05:45:02.885579+00:00,2021-10-10T00:00:00
NFL_KC_00-0034573_2021W05_QUESTIONABLE_LP,NFL,2021,5,2021_NFL_W05_BUF_KC,NFL_KC,NFL_P_00-0034573,CB,,QUESTIONABLE,LP,Quadricep,2021-10-10,nflverse,,2026-09-07T05:45:02.885579+00:00,2021-10-10T00:00:00
NFL_LAR_00-0024270_2021W05_NA_DNP,NFL,2021,5,2021_NFL_W05_LAR_SEA,NFL_LAR,NFL_P_00-0024270,OL,,UNKNOWN,DNP,Not injury related - resting player,2021-10-07,nflverse,,2026-09-07T05:45:02.885579+00:00,2021-10-07T00:00:00
NFL_LAC_00-0034440_2021W05_DOUBTFUL_DNP,NFL,2021,5,2021_NFL_W05_CLE_LAC,NFL_LAC,NFL_P_00-0034440,RB,,DOUBTFUL,DNP,Groin,2021-10-09,nflverse,,2026-09-07T05:45:02.885579+00:00,2021-10-09T00:00:00
NFL_LAC_00-0028224_2021W05_QUESTIONABLE_FP,NFL,2021,5,2021_NFL_W05_CLE_LAC,NFL_LAC,NFL_P_00-0028224,CB,,QUESTIONABLE,FP,Shoulder,2021-10-09,nflverse,,2026-09-07T05:45:02.885579+00:00,2021-10-09T00:00:00
NFL_LV_00-0029261_2021W05_NA_DNP,NFL,2021,5,2021_NFL_W05_CHI_LV,NFL_LV,NFL_P_00-0029261,CB,,UNKNOWN,DNP,Knee,2021-10-09,nflverse,,2026-09-07T05:45:02.885579+00:00,2021-10-09T00:00:00
NFL_LV_00-0034981_2021W05_NA_LP,NFL,2021,5,2021_NFL_W05_CHI_LV,NFL_LV,NFL_P_00-0034981,TE,,UNKNOWN,LP,Ankle,2021-10-09,nflverse,,2026-09-07T05:45:02.885579+00:00,2021-10-09T00:00:00
NFL_LV_00-0033123_2021W05_NA_LP,NFL,2021,5,2021_NFL_W05_CHI_LV,NFL_LV,NFL_P_00-0033123,EDGE,,UNKNOWN,LP,Not injury related - resting player,2021-10-09,nflverse,,2026-09-07T05:45:02.885579+00:00,2021-10-09T00:00:00
NFL_LV_00-0036359_2021W05_OUT_DNP,NFL,2021,5,2021_NFL_W05_CHI_LV,NFL_LV,NFL_P_00-0036359,CB,,OUT,DNP,Groin,2021-10-09,nflverse,,2026-09-07T05:45:02.885579+00:00,2021-10-09T00:00:00
NFL_LV_00-0029119_2021W05_OUT_DNP,NFL,2021,5,2021_NFL_W05_CHI_LV,NFL_LV,NFL_P_00-0029119,TE,,OUT,DNP,Pectoral,2021-10-09,nflverse,,2026-09-07T05:45:02.885579+00:00,2021-10-09T00:00:00
NFL_LV_00-0035695_2021W05_OUT_DNP,NFL,2021,5,2021_NFL_W05_CHI_LV,NFL_LV,NFL_P_00-0035695,CB,,OUT,DNP,Toe,2021-10-09,nflverse,,2026-09-07T05:45:02.885579+00:00,2021-10-09T00:00:00
NFL_LV_00-0032741_2021W05_QUESTIONABLE_LP,NFL,2021,5,2021_NFL_W05_CHI_LV,NFL_LV,NFL_P_00-0032741,RB,,QUESTIONABLE,LP,Toe,2021-10-09,nflverse,,2026-09-07T05:45:02.885579+00:00,2021-10-09T00:00:00
NFL_MIA_00-0031547_2021W05_QUESTIONABLE_LP,NFL,2021,5,2021_NFL_W05_MIA_TB,NFL_MIA,NFL_P_00-0031547,WR,,QUESTIONABLE,LP,Shoulder,2021-10-09,nflverse,,2026-09-07T05:45:02.885579+00:00,2021-10-09T00:00:00
NFL_MIN_00-0032574_2021W05_OUT_DNP,NFL,2021,5,2021_NFL_W05_DET_MIN,NFL_MIN,NFL_P_00-0032574,DL,,OUT,DNP,Elbow,2021-10-09,nflverse,,2026-09-07T05:45:02.885579+00:00,2021-10-09T00:00:00
NFL_MIN_00-0036635_2021W05_OUT_DNP,NFL,2021,5,2021_NFL_W05_DET_MIN,NFL_MIN,NFL_P_00-0036635,WR,,OUT,DNP,Toe,2021-10-09,nflverse,,2026-09-07T05:45:02.885579+00:00,2021-10-09T00:00:00
NFL_MIN_00-0033893_2021W05_QUESTIONABLE_LP,NFL,2021,5,2021_NFL_W05_DET_MIN,NFL_MIN,NFL_P_00-0033893,RB,,QUESTIONABLE,LP,Ankle,2021-10-09,nflverse,,2026-09-07T05:45:02.885579+00:00,2021-10-09T00:00:00
NFL_NE_00-0032269_2021W05_NA_DNP,NFL,2021,5,2021_NFL_W05_NE_HOU,NFL_NE,NFL_P_00-0032269,EDGE,,UNKNOWN,DNP,Pectoral,2021-10-09,nflverse,,2026-09-07T05:45:02.885579+00:00,2021-10-09T00:00:00
NFL_NE_00-0032071_2021W05_OUT_DNP,NFL,2021,5,2021_NFL_W05_NE_HOU,NFL_NE,NFL_P_00-0032071,OL,,OUT,DNP,Calf,2021-10-09,nflverse,,2026-09-07T05:45:02.885579+00:00,2021-10-09T00:00:00
NFL_NE_00-0031580_2021W05_OUT_DNP,NFL,2021,5,2021_NFL_W05_NE_HOU,NFL_NE,NFL_P_00-0031580,OL,,OUT,DNP,Abdomen,2021-10-09,nflverse,,2026-09-07T05:45:02.885579+00:00,2021-10-09T00:00:00
NFL_NE_00-0036559_2021W05_OUT_DNP,NFL,2021,5,2021_NFL_W05_NE_HOU,NFL_NE,NFL_P_00-0036559,CB,,OUT,DNP,Concussion,2021-10-09,nflverse,,2026-09-07T05:45:02.885579+00:00,2021-10-09T00:00:00
NFL_NE_00-0029530_2021W05_QUESTIONABLE_NA,NFL,2021,5,2021_NFL_W05_NE_HOU,NFL_NE,NFL_P_00-0029530,S,,QUESTIONABLE,,Hamstring,2021-10-09,nflverse,,2026-09-07T05:45:02.885579+00:00,2021-10-09T00:00:00
NFL_NE_00-0034385_2021W05_QUESTIONABLE_LP,NFL,2021,5,2021_NFL_W05_NE_HOU,NFL_NE,NFL_P_00-0034385,LB,,QUESTIONABLE,LP,Shoulder,2021-10-09,nflverse,,2026-09-07T05:45:02.885579+00:00,2021-10-09T00:00:00
NFL_NE_00-0029764_2021W05_QUESTIONABLE_LP,NFL,2021,5,2021_NFL_W05_NE_HOU,NFL_NE,NFL_P_00-0029764,S,,QUESTIONABLE,LP,Knee,2021-10-09,nflverse,,2026-09-07T05:45:02.885579+00:00,2021-10-09T00:00:00
NFL_NE_00-0036231_2021W05_QUESTIONABLE_LP,NFL,2021,5,2021_NFL_W05_NE_HOU,NFL_NE,NFL_P_00-0036231,S,,QUESTIONABLE,LP,Hamstring,2021-10-09,nflverse,,2026-09-07T05:45:02.885579+00:00,2021-10-09T00:00:00
NFL_NE_00-0025565_2021W05_QUESTIONABLE_LP,NFL,2021,5,2021_NFL_W05_NE_HOU,NFL_NE,NFL_P_00-0025565,K,,QUESTIONABLE,LP,left Knee,2021-10-09,nflverse,,2026-09-07T05:45:02.885579+00:00,2021-10-09T00:00:00
NFL_NE_00-0032580_2021W05_QUESTIONABLE_LP,NFL,2021,5,2021_NFL_W05_NE_HOU,NFL_NE,NFL_P_00-0032580,CB,,QUESTIONABLE,LP,Ankle,2021-10-09,nflverse,,2026-09-07T05:45:02.885579+00:00,2021-10-09T00:00:00
NFL_NE_00-0032803_2021W05_QUESTIONABLE_LP,NFL,2021,5,2021_NFL_W05_NE_HOU,NFL_NE,NFL_P_00-0032803,CB,,QUESTIONABLE,LP,Hamstring,2021-10-09,nflverse,,2026-09-07T05:45:02.885579+00:00,2021-10-09T00:00:00
NFL_NE_00-0036978_2021W05_QUESTIONABLE_LP,NFL,2021,5,2021_NFL_W05_NE_HOU,NFL_NE,NFL_P_00-0036978,EDGE,,QUESTIONABLE,LP,Ankle,2021-10-09,nflverse,,2026-09-07T05:45:02.885579+00:00,2021-10-09T00:00:00
NFL_NE_00-0031360_2021W05_QUESTIONABLE_LP,NFL,2021,5,2021_NFL_W05_NE_HOU,NFL_NE,NFL_P_00-0031360,LB,,QUESTIONABLE,LP,Groin,2021-10-09,nflverse,,2026-09-07T05:45:02.885579+00:00,2021-10-09T00:00:00
NFL_NO_00-0030067_2021W05_OUT_DNP,NFL,2021,5,2021_NFL_W05_NO_WAS,NFL_NO,NFL_P_00-0030067,OL,,OUT,DNP,Elbow,2021-10-09,nflverse,,2026-09-07T05:45:02.885579+00:00,2021-10-09T00:00:00
NFL_NO_00-0035242_2021W05_OUT_DNP,NFL,2021,5,2021_NFL_W05_NO_WAS,NFL_NO,NFL_P_00-0035242,OL,,OUT,DNP,Calf,2021-10-09,nflverse,,2026-09-07T05:45:02.885579+00:00,2021-10-09T00:00:00
NFL_NYG_00-0029570_2021W05_NA_LP,NFL,2021,5,2021_NFL_W05_NYG_DAL,NFL_NYG,NFL_P_00-0029570,S,,UNKNOWN,LP,Quadricep,2021-10-09,nflverse,,2026-09-07T05:45:02.885579+00:00,2021-10-09T00:00:00
NFL_NYG_00-0030411_2021W05_NA_LP,NFL,2021,5,2021_NFL_W05_NYG_DAL,NFL_NYG,NFL_P_00-0030411,CB,,UNKNOWN,LP,Hip,2021-10-09,nflverse,,2026-09-07T05:45:02.885579+00:00,2021-10-09T00:00:00
NFL_NYG_00-0034988_2021W05_NA_LP,NFL,2021,5,2021_NFL_W05_NYG_DAL,NFL_NYG,NFL_P_00-0034988,TE,,UNKNOWN,LP,Knee,2021-10-09,nflverse,,2026-09-07T05:45:02.885579+00:00,2021-10-09T00:00:00
NFL_NYG_00-0031933_2021W05_NA_LP,NFL,2021,5,2021_NFL_W05_NYG_DAL,NFL_NYG,NFL_P_00-0031933,DL,,UNKNOWN,LP,Knee,2021-10-09,nflverse,,2026-09-07T05:45:02.885579+00:00,2021-10-09T00:00:00
NFL_NYG_00-0033883_2021W05_OUT_DNP,NFL,2021,5,2021_NFL_W05_NYG_DAL,NFL_NYG,NFL_P_00-0033883,S,,OUT,DNP,Hamstring,2021-10-09,nflverse,,2026-09-07T05:45:02.885579+00:00,2021-10-09T00:00:00
NFL_NYG_00-0032385_2021W05_OUT_DNP,NFL,2021,5,2021_NFL_W05_NYG_DAL,NFL_NYG,NFL_P_00-0032385,WR,,OUT,DNP,Hamstring,2021-10-09,nflverse,,2026-09-07T05:45:02.885579+00:00,2021-10-09T00:00:00
NFL_NYG_00-0035535_2021W05_OUT_DNP,NFL,2021,5,2021_NFL_W05_NYG_DAL,NFL_NYG,NFL_P_00-0035535,WR,,OUT,DNP,Hamstring,2021-10-09,nflverse,,2026-09-07T05:45:02.885579+00:00,2021-10-09T00:00:00
NFL_NYG_00-0036132_2021W05_OUT_LP,NFL,2021,5,2021_NFL_W05_NYG_DAL,NFL_NYG,NFL_P_00-0036132,OL,,OUT,LP,Hand,2021-10-09,nflverse,,2026-09-07T05:45:02.885579+00:00,2021-10-09T00:00:00
NFL_NYG_00-0036386_2021W05_QUESTIONABLE_LP,NFL,2021,5,2021_NFL_W05_NYG_DAL,NFL_NYG,NFL_P_00-0036386,OL,,QUESTIONABLE,LP,Foot,2021-10-09,nflverse,,2026-09-07T05:45:02.885579+00:00,2021-10-09T00:00:00
NFL_NYJ_00-0033302_2021W05_OUT_DNP,NFL,2021,5,2021_NFL_W05_NYJ_ATL,NFL_NYJ,NFL_P_00-0033302,S,,OUT,DNP,Concussion,2021-10-09,nflverse,,2026-09-07T05:45:02.885579+00:00,2021-10-09T00:00:00
NFL_NYJ_00-0032214_2021W05_OUT_DNP,NFL,2021,5,2021_NFL_W05_NYJ_ATL,NFL_NYJ,NFL_P_00-0032214,TE,,OUT,DNP,Back,2021-10-09,nflverse,,2026-09-07T05:45:02.885579+00:00,2021-10-09T00:00:00
NFL_NYJ_00-0033892_2021W05_OUT_DNP,NFL,2021,5,2021_NFL_W05_NYJ_ATL,NFL_NYJ,NFL_P_00-0033892,S,,OUT,DNP,Ankle,2021-10-09,nflverse,,2026-09-07T05:45:02.885579+00:00,2021-10-09T00:00:00
NFL_NYJ_00-0035510_2021W05_OUT_DNP,NFL,2021,5,2021_NFL_W05_NYJ_ATL,NFL_NYJ,NFL_P_00-0035510,WR,,OUT,DNP,Concussion,2021-10-09,nflverse,,2026-09-07T05:45:02.885579+00:00,2021-10-09T00:00:00
NFL_NYJ_00-0036504_2021W05_QUESTIONABLE_FP,NFL,2021,5,2021_NFL_W05_NYJ_ATL,NFL_NYJ,NFL_P_00-0036504,CB,,QUESTIONABLE,FP,Concussion,2021-10-09,nflverse,,2026-09-07T05:45:02.885579+00:00,2021-10-09T00:00:00
NFL_NYJ_00-0034760_2021W05_QUESTIONABLE_FP,NFL,2021,5,2021_NFL_W05_NYJ_ATL,NFL_NYJ,NFL_P_00-0034760,DL,,QUESTIONABLE,FP,Knee,2021-10-09,nflverse,,2026-09-07T05:45:02.885579+00:00,2021-10-09T00:00:00
NFL_PHI_00-0030561_2021W05_OUT_DNP,NFL,2021,5,2021_NFL_W05_PHI_CAR,NFL_PHI,NFL_P_00-0030561,OL,,OUT,DNP,Not injury related - personal matter,2021-10-09,nflverse,,2026-09-07T05:45:02.885579+00:00,2021-10-09T00:00:00
NFL_PIT_00-0033930_2021W05_OUT_DNP,NFL,2021,5,2021_NFL_W05_DEN_PIT,NFL_PIT,NFL_P_00-0033930,CB,,OUT,DNP,Groin,2021-10-09,nflverse,,2026-09-07T05:45:02.885579+00:00,2021-10-09T00:00:00
NFL_PIT_00-0034676_2021W05_OUT_DNP,NFL,2021,5,2021_NFL_W05_DEN_PIT,NFL_PIT,NFL_P_00-0034676,WR,,OUT,DNP,Groin,2021-10-09,nflverse,,2026-09-07T05:45:02.885579+00:00,2021-10-09T00:00:00
NFL_PIT_00-0033631_2021W05_OUT_LP,NFL,2021,5,2021_NFL_W05_DEN_PIT,NFL_PIT,NFL_P_00-0033631,OL,,OUT,LP,Ankle,2021-10-09,nflverse,,2026-09-07T05:45:02.885579+00:00,2021-10-09T00:00:00
NFL_PIT_00-0036352_2021W05_OUT_LP,NFL,2021,5,2021_NFL_W05_DEN_PIT,NFL_PIT,NFL_P_00-0036352,DL,,OUT,LP,Knee,2021-10-09,nflverse,,2026-09-07T05:45:02.885579+00:00,2021-10-09T00:00:00
NFL_SEA_00-0026166_2021W05_NA_DNP,NFL,2021,5,2021_NFL_W05_LAR_SEA,NFL_SEA,NFL_P_00-0026166,OL,,UNKNOWN,DNP,Not injury related - resting player,2021-10-07,nflverse,,2026-09-07T05:45:02.885579+00:00,2021-10-07T00:00:00
NFL_SEA_00-0031367_2021W05_NA_DNP,NFL,2021,5,2021_NFL_W05_LAR_SEA,NFL_SEA,NFL_P_00-0031367,OL,,UNKNOWN,DNP,Not injury related - resting player,2021-10-07,nflverse,,2026-09-07T05:45:02.885579+00:00,2021-10-07T00:00:00
NFL_SEA_00-0027723_2021W05_NA_DNP,NFL,2021,5,2021_NFL_W05_LAR_SEA,NFL_SEA,NFL_P_00-0027723,DL,,UNKNOWN,DNP,Not injury related - resting player,2021-10-07,nflverse,,2026-09-07T05:45:02.885579+00:00,2021-10-07T00:00:00
NFL_SEA_00-0035640_2021W05_NA_LP,NFL,2021,5,2021_NFL_W05_LAR_SEA,NFL_SEA,NFL_P_00-0035640,WR,,UNKNOWN,LP,Foot,2021-10-07,nflverse,,2026-09-07T05:45:02.885579+00:00,2021-10-07T00:00:00
NFL_SEA_00-0036620_2021W05_OUT_DNP,NFL,2021,5,2021_NFL_W05_LAR_SEA,NFL_SEA,NFL_P_00-0036620,WR,,OUT,DNP,Concussion,2021-10-07,nflverse,,2026-09-07T05:45:02.885579+00:00,2021-10-07T00:00:00
NFL_SEA_00-0033594_2021W05_QUESTIONABLE_DNP,NFL,2021,5,2021_NFL_W05_LAR_SEA,NFL_SEA,NFL_P_00-0033594,RB,,QUESTIONABLE,DNP,Neck,2021-10-07,nflverse,,2026-09-07T05:45:02.885579+00:00,2021-10-07T00:00:00
NFL_SEA_00-0030380_2021W05_QUESTIONABLE_FP,NFL,2021,5,2021_NFL_W05_LAR_SEA,NFL_SEA,NFL_P_00-0030380,LB,,QUESTIONABLE,FP,Neck,2021-10-07,nflverse,,2026-09-07T05:45:02.885579+00:00,2021-10-07T00:00:00
NFL_SF_00-0031345_2021W05_OUT_DNP,NFL,2021,5,2021_NFL_W05_SF_ARI,NFL_SF,NFL_P_00-0031345,QB,,OUT,DNP,Calf,2021-10-09,nflverse,,2026-09-07T05:45:02.885579+00:00,2021-10-09T00:00:00
NFL_SF_00-0031253_2021W05_OUT_DNP,NFL,2021,5,2021_NFL_W05_SF_ARI,NFL_SF,NFL_P_00-0031253,CB,,OUT,DNP,Calf,2021-10-09,nflverse,,2026-09-07T05:45:02.885579+00:00,2021-10-09T00:00:00
NFL_SF_00-0033288_2021W05_DOUBTFUL_DNP,NFL,2021,5,2021_NFL_W05_SF_ARI,NFL_SF,NFL_P_00-0033288,TE,,DOUBTFUL,DNP,Calf,2021-10-09,nflverse,,2026-09-07T05:45:02.885579+00:00,2021-10-09T00:00:00
NFL_SF_00-0033945_2021W05_QUESTIONABLE_LP,NFL,2021,5,2021_NFL_W05_SF_ARI,NFL_SF,NFL_P_00-0033945,EDGE,,QUESTIONABLE,LP,Hamstring,2021-10-09,nflverse,,2026-09-07T05:45:02.885579+00:00,2021-10-09T00:00:00
NFL_SF_00-0036260_2021W05_QUESTIONABLE_LP,NFL,2021,5,2021_NFL_W05_SF_ARI,NFL_SF,NFL_P_00-0036260,DL,,QUESTIONABLE,LP,Knee,2021-10-09,nflverse,,2026-09-07T05:45:02.885579+00:00,2021-10-09T00:00:00
NFL_TB_00-0027793_2021W05_NA_DNP,NFL,2021,5,2021_NFL_W05_MIA_TB,NFL_TB,NFL_P_00-0027793,WR,,UNKNOWN,DNP,Knee,2021-10-09,nflverse,,2026-09-07T05:45:02.885579+00:00,2021-10-09T00:00:00
NFL_TB_00-0034778_2021W05_NA_DNP,NFL,2021,5,2021_NFL_W05_MIA_TB,NFL_TB,NFL_P_00-0034778,CB,,UNKNOWN,DNP,Quadricep,2021-10-09,nflverse,,2026-09-07T05:45:02.885579+00:00,2021-10-09T00:00:00
NFL_TB_00-0027855_2021W05_NA_DNP,NFL,2021,5,2021_NFL_W05_MIA_TB,NFL_TB,NFL_P_00-0027855,DL,,UNKNOWN,DNP,Not injury related - resting player,2021-10-09,nflverse,,2026-09-07T05:45:02.885579+00:00,2021-10-09T00:00:00
NFL_TB_00-0027656_2021W05_OUT_DNP,NFL,2021,5,2021_NFL_W05_MIA_TB,NFL_TB,NFL_P_00-0027656,TE,,OUT,DNP,Ribs,2021-10-09,nflverse,,2026-09-07T05:45:02.885579+00:00,2021-10-09T00:00:00
NFL_TB_00-0033595_2021W05_OUT_DNP,NFL,2021,5,2021_NFL_W05_MIA_TB,NFL_TB,NFL_P_00-0033595,EDGE,,OUT,DNP,Calf,2021-10-09,nflverse,,2026-09-07T05:45:02.885579+00:00,2021-10-09T00:00:00
NFL_TB_00-0036411_2021W05_OUT_DNP,NFL,2021,5,2021_NFL_W05_MIA_TB,NFL_TB,NFL_P_00-0036411,S,,OUT,DNP,Concussion,2021-10-09,nflverse,,2026-09-07T05:45:02.885579+00:00,2021-10-09T00:00:00
NFL_TB_00-0030456_2021W05_QUESTIONABLE_FP,NFL,2021,5,2021_NFL_W05_MIA_TB,NFL_TB,NFL_P_00-0030456,RB,,QUESTIONABLE,FP,Knee,2021-10-09,nflverse,,2026-09-07T05:45:02.885579+00:00,2021-10-09T00:00:00
NFL_TB_00-0035699_2021W05_QUESTIONABLE_FP,NFL,2021,5,2021_NFL_W05_MIA_TB,NFL_TB,NFL_P_00-0035699,CB,,QUESTIONABLE,FP,Knee,2021-10-09,nflverse,,2026-09-07T05:45:02.885579+00:00,2021-10-09T00:00:00
NFL_TB_00-0027867_2021W05_QUESTIONABLE_LP,NFL,2021,5,2021_NFL_W05_MIA_TB,NFL_TB,NFL_P_00-0027867,LB,,QUESTIONABLE,LP,Shoulder,2021-10-09,nflverse,,2026-09-07T05:45:02.885579+00:00,2021-10-09T00:00:00
NFL_TEN_00-0029413_2021W05_NA_LP,NFL,2021,5,2021_NFL_W05_TEN_JAX,NFL_TEN,NFL_P_00-0029413,OL,,UNKNOWN,LP,Neck,2021-10-09,nflverse,,2026-09-07T05:45:02.885579+00:00,2021-10-09T00:00:00
NFL_TEN_00-0036171_2021W05_OUT_DNP,NFL,2021,5,2021_NFL_W05_TEN_JAX,NFL_TEN,NFL_P_00-0036171,OL,,OUT,DNP,Knee,2021-10-09,nflverse,,2026-09-07T05:45:02.885579+00:00,2021-10-09T00:00:00
NFL_TEN_00-0033954_2021W05_OUT_DNP,NFL,2021,5,2021_NFL_W05_TEN_JAX,NFL_TEN,NFL_P_00-0033954,LB,,OUT,DNP,Knee,2021-10-09,nflverse,,2026-09-07T05:45:02.885579+00:00,2021-10-09T00:00:00
NFL_TEN_00-0036173_2021W05_OUT_DNP,NFL,2021,5,2021_NFL_W05_TEN_JAX,NFL_TEN,NFL_P_00-0036173,TE,,OUT,DNP,Ankle,2021-10-09,nflverse,,2026-09-07T05:45:02.885579+00:00,2021-10-09T00:00:00
NFL_TEN_00-0027944_2021W05_OUT_DNP,NFL,2021,5,2021_NFL_W05_TEN_JAX,NFL_TEN,NFL_P_00-0027944,WR,,OUT,DNP,Hamstring,2021-10-09,nflverse,,2026-09-07T05:45:02.885579+00:00,2021-10-09T00:00:00
NFL_TEN_00-0025825_2021W05_OUT_DNP,NFL,2021,5,2021_NFL_W05_TEN_JAX,NFL_TEN,NFL_P_00-0025825,P,,OUT,DNP,right Groin,2021-10-09,nflverse,,2026-09-07T05:45:02.885579+00:00,2021-10-09T00:00:00
NFL_TEN_00-0036652_2021W05_OUT_DNP,NFL,2021,5,2021_NFL_W05_TEN_JAX,NFL_TEN,NFL_P_00-0036652,WR,,OUT,DNP,Quadricep,2021-10-09,nflverse,,2026-09-07T05:45:02.885579+00:00,2021-10-09T00:00:00
NFL_TEN_00-0031254_2021W05_QUESTIONABLE_FP,NFL,2021,5,2021_NFL_W05_TEN_JAX,NFL_TEN,NFL_P_00-0031254,EDGE,,QUESTIONABLE,FP,Hip,2021-10-09,nflverse,,2026-09-07T05:45:02.885579+00:00,2021-10-09T00:00:00
NFL_TEN_00-0032146_2021W05_QUESTIONABLE_FP,NFL,2021,5,2021_NFL_W05_TEN_JAX,NFL_TEN,NFL_P_00-0032146,LB,,QUESTIONABLE,FP,Knee,2021-10-09,nflverse,,2026-09-07T05:45:02.885579+00:00,2021-10-09T00:00:00
NFL_TEN_00-0031442_2021W05_QUESTIONABLE_FP,NFL,2021,5,2021_NFL_W05_TEN_JAX,NFL_TEN,NFL_P_00-0031442,OL,,QUESTIONABLE,FP,Toe,2021-10-09,nflverse,,2026-09-07T05:45:02.885579+00:00,2021-10-09T00:00:00
NFL_TEN_00-0036182_2021W05_QUESTIONABLE_FP,NFL,2021,5,2021_NFL_W05_TEN_JAX,NFL_TEN,NFL_P_00-0036182,WR,,QUESTIONABLE,FP,Hamstring,2021-10-09,nflverse,,2026-09-07T05:45:02.885579+00:00,2021-10-09T00:00:00
NFL_TEN_00-0032147_2021W05_QUESTIONABLE_LP,NFL,2021,5,2021_NFL_W05_TEN_JAX,NFL_TEN,NFL_P_00-0032147,OL,,QUESTIONABLE,LP,Foot,2021-10-09,nflverse,,2026-09-07T05:45:02.885579+00:00,2021-10-09T00:00:00
NFL_WAS_00-0036626_2021W05_OUT_DNP,NFL,2021,5,2021_NFL_W05_NO_WAS,NFL_WAS,NFL_P_00-0036626,WR,,OUT,DNP,Knee,2021-10-09,nflverse,,2026-09-07T05:45:02.885579+00:00,2021-10-09T00:00:00
NFL_WAS_00-0032053_2021W05_OUT_DNP,NFL,2021,5,2021_NFL_W05_NO_WAS,NFL_WAS,NFL_P_00-0032053,OL,,OUT,DNP,Knee,2021-10-09,nflverse,,2026-09-07T05:45:02.885579+00:00,2021-10-09T00:00:00
NFL_WAS_00-0034104_2021W05_OUT_DNP,NFL,2021,5,2021_NFL_W05_NO_WAS,NFL_WAS,NFL_P_00-0034104,WR,,OUT,DNP,Hamstring,2021-10-09,nflverse,,2026-09-07T05:45:02.885579+00:00,2021-10-09T00:00:00
NFL_WAS_00-0034333_2021W05_QUESTIONABLE_DNP,NFL,2021,5,2021_NFL_W05_NO_WAS,NFL_WAS,NFL_P_00-0034333,DL,,QUESTIONABLE,DNP,Toe,2021-10-09,nflverse,,2026-09-07T05:45:02.885579+00:00,2021-10-09T00:00:00
NFL_WAS_00-0036328_2021W05_QUESTIONABLE_LP,NFL,2021,5,2021_NFL_W05_NO_WAS,NFL_WAS,NFL_P_00-0036328,RB,,QUESTIONABLE,LP,Shin,2021-10-09,nflverse,,2026-09-07T05:45:02.885579+00:00,2021-10-09T00:00:00
NFL_WAS_00-0035286_2021W05_QUESTIONABLE_LP,NFL,2021,5,2021_NFL_W05_NO_WAS,NFL_WAS,NFL_P_00-0035286,LB,,QUESTIONABLE,LP,Shoulder,2021-10-09,nflverse,,2026-09-07T05:45:02.885579+00:00,2021-10-09T00:00:00
NFL_WAS_00-0033282_2021W05_QUESTIONABLE_LP,NFL,2021,5,2021_NFL_W05_NO_WAS,NFL_WAS,NFL_P_00-0033282,WR,,QUESTIONABLE,LP,Groin,2021-10-09,nflverse,,2026-09-07T05:45:02.885579+00:00,2021-10-09T00:00:00
NFL_ARI_00-0027686_2021W06_NA_DNP,NFL,2021,6,2021_NFL_W06_ARI_CLE,NFL_ARI,NFL_P_00-0027686,DL,,UNKNOWN,DNP,Not injury related - resting player,2021-10-16,nflverse,,2026-09-07T05:45:02.885579+00:00,2021-10-16T00:00:00
NFL_ARI_00-0030061_2021W06_OUT_NA,NFL,2021,6,2021_NFL_W06_ARI_CLE,NFL_ARI,NFL_P_00-0030061,TE,,OUT,,Not Injury Related,2021-10-16,nflverse,,2026-09-07T05:45:02.885579+00:00,2021-10-16T00:00:00
NFL_ARI_00-0027993_2021W06_OUT_DNP,NFL,2021,6,2021_NFL_W06_ARI_CLE,NFL_ARI,NFL_P_00-0027993,OL,,OUT,DNP,Ribs,2021-10-16,nflverse,,2026-09-07T05:45:02.885579+00:00,2021-10-16T00:00:00
NFL_ARI_00-0033580_2021W06_OUT_DNP,NFL,2021,6,2021_NFL_W06_ARI_CLE,NFL_ARI,NFL_P_00-0033580,LB,,OUT,DNP,Hand,2021-10-16,nflverse,,2026-09-07T05:45:02.885579+00:00,2021-10-16T00:00:00
NFL_ARI_00-0029316_2021W06_QUESTIONABLE_LP,NFL,2021,6,2021_NFL_W06_ARI_CLE,NFL_ARI,NFL_P_00-0029316,OL,,QUESTIONABLE,LP,Ribs,2021-10-16,nflverse,,2026-09-07T05:45:02.885579+00:00,2021-10-16T00:00:00
NFL_ARI_00-0034681_2021W06_QUESTIONABLE_LP,NFL,2021,6,2021_NFL_W06_ARI_CLE,NFL_ARI,NFL_P_00-0034681,RB,,QUESTIONABLE,LP,Shoulder,2021-10-16,nflverse,,2026-09-07T05:45:02.885579+00:00,2021-10-16T00:00:00
NFL_ARI_00-0032129_2021W06_QUESTIONABLE_LP,NFL,2021,6,2021_NFL_W06_ARI_CLE,NFL_ARI,NFL_P_00-0032129,LB,,QUESTIONABLE,LP,Toe,2021-10-16,nflverse,,2026-09-07T05:45:02.885579+00:00,2021-10-16T00:00:00
NFL_ARI_00-0035236_2021W06_QUESTIONABLE_LP,NFL,2021,6,2021_NFL_W06_ARI_CLE,NFL_ARI,NFL_P_00-0035236,CB,,QUESTIONABLE,LP,Ribs,2021-10-16,nflverse,,2026-09-07T05:45:02.885579+00:00,2021-10-16T00:00:00
NFL_ARI_00-0036884_2021W06_QUESTIONABLE_LP,NFL,2021,6,2021_NFL_W06_ARI_CLE,NFL_ARI,NFL_P_00-0036884,CB,,QUESTIONABLE,LP,Ribs,2021-10-16,nflverse,,2026-09-07T05:45:02.885579+00:00,2021-10-16T00:00:00
NFL_BAL_00-0026190_2021W06_NA_DNP,NFL,2021,6,2021_NFL_W06_LAC_BAL,NFL_BAL,NFL_P_00-0026190,EDGE,,UNKNOWN,DNP,Not injury related - resting player,2021-10-16,nflverse,,2026-09-07T05:45:02.885579+00:00,2021-10-16T00:00:00
NFL_BAL_00-0028008_2021W06_NA_DNP,NFL,2021,6,2021_NFL_W06_LAC_BAL,NFL_BAL,NFL_P_00-0028008,LB,,UNKNOWN,DNP,Not injury related - resting player,2021-10-16,nflverse,,2026-09-07T05:45:02.885579+00:00,2021-10-16T00:00:00
NFL_BAL_00-0028103_2021W06_NA_DNP,NFL,2021,6,2021_NFL_W06_LAC_BAL,NFL_BAL,NFL_P_00-0028103,LB,,UNKNOWN,DNP,Not injury related - resting player,2021-10-16,nflverse,,2026-09-07T05:45:02.885579+00:00,2021-10-16T00:00:00
NFL_BAL_00-0030511_2021W06_NA_DNP,NFL,2021,6,2021_NFL_W06_LAC_BAL,NFL_BAL,NFL_P_00-0030511,DL,,UNKNOWN,DNP,Not injury related - resting player,2021-10-16,nflverse,,2026-09-07T05:45:02.885579+00:00,2021-10-16T00:00:00
NFL_BAL_00-0032965_2021W06_OUT_DNP,NFL,2021,6,2021_NFL_W06_LAC_BAL,NFL_BAL,NFL_P_00-0032965,OL,,OUT,DNP,Ankle,2021-10-16,nflverse,,2026-09-07T05:45:02.885579+00:00,2021-10-16T00:00:00
NFL_BAL_00-0031325_2021W06_OUT_DNP,NFL,2021,6,2021_NFL_W06_LAC_BAL,NFL_BAL,NFL_P_00-0031325,WR,,OUT,DNP,Thigh,2021-10-16,nflverse,,2026-09-07T05:45:02.885579+00:00,2021-10-16T00:00:00
NFL_BAL_00-0034277_2021W06_QUESTIONABLE_FP,NFL,2021,6,2021_NFL_W06_LAC_BAL,NFL_BAL,NFL_P_00-0034277,S,,QUESTIONABLE,FP,Quadricep,2021-10-16,nflverse,,2026-09-07T05:45:02.885579+00:00,2021-10-16T00:00:00
NFL_BAL_00-0036199_2021W06_QUESTIONABLE_FP,NFL,2021,6,2021_NFL_W06_LAC_BAL,NFL_BAL,NFL_P_00-0036199,S,,QUESTIONABLE,FP,Thigh,2021-10-16,nflverse,,2026-09-07T05:45:02.885579+00:00,2021-10-16T00:00:00
NFL_BAL_00-0030648_2021W06_QUESTIONABLE_LP,NFL,2021,6,2021_NFL_W06_LAC_BAL,NFL_BAL,NFL_P_00-0030648,OL,,QUESTIONABLE,LP,Knee,2021-10-16,nflverse,,2026-09-07T05:45:02.885579+00:00,2021-10-16T00:00:00
NFL_BUF_00-0028339_2021W06_NA_DNP,NFL,2021,6,2021_NFL_W06_BUF_TEN,NFL_BUF,NFL_P_00-0028339,EDGE,,UNKNOWN,DNP,Not injury related - resting player,2021-10-18,nflverse,,2026-09-07T05:45:02.885579+00:00,2021-10-18T00:00:00
NFL_BUF_00-0031588_2021W06_NA_DNP,NFL,2021,6,2021_NFL_W06_BUF_TEN,NFL_BUF,NFL_P_00-0031588,WR,,UNKNOWN,DNP,Not injury related - resting player,2021-10-18,nflverse,,2026-09-07T05:45:02.885579+00:00,2021-10-18T00:00:00
NFL_BUF_00-0027881_2021W06_NA_DNP,NFL,2021,6,2021_NFL_W06_BUF_TEN,NFL_BUF,NFL_P_00-0027881,EDGE,,UNKNOWN,DNP,Not injury related - resting player,2021-10-18,nflverse,,2026-09-07T05:45:02.885579+00:00,2021-10-18T00:00:00
NFL_BUF_00-0030455_2021W06_NA_DNP,NFL,2021,6,2021_NFL_W06_BUF_TEN,NFL_BUF,NFL_P_00-0030455,DL,,UNKNOWN,DNP,Not injury related - resting player,2021-10-18,nflverse,,2026-09-07T05:45:02.885579+00:00,2021-10-18T00:00:00
NFL_BUF_00-0027685_2021W06_NA_DNP,NFL,2021,6,2021_NFL_W06_BUF_TEN,NFL_BUF,NFL_P_00-0027685,WR,,UNKNOWN,DNP,Not injury related - resting player,2021-10-18,nflverse,,2026-09-07T05:45:02.885579+00:00,2021-10-18T00:00:00
NFL_CAR_00-0036320_2021W06_NA_LP,NFL,2021,6,2021_NFL_W06_MIN_CAR,NFL_CAR,NFL_P_00-0036320,P,,UNKNOWN,LP,Back,2021-10-16,nflverse,,2026-09-07T05:45:02.885579+00:00,2021-10-16T00:00:00
NFL_CAR_00-0036270_2021W06_OUT_DNP,NFL,2021,6,2021_NFL_W06_MIN_CAR,NFL_CAR,NFL_P_00-0036270,LB,,OUT,DNP,Concussion,2021-10-16,nflverse,,2026-09-07T05:45:02.885579+00:00,2021-10-16T00:00:00
NFL_CAR_00-0033280_2021W06_OUT_DNP,NFL,2021,6,2021_NFL_W06_MIN_CAR,NFL_CAR,NFL_P_00-0033280,RB,,OUT,DNP,Hamstring,2021-10-16,nflverse,,2026-09-07T05:45:02.885579+00:00,2021-10-16T00:00:00
NFL_CAR_00-0031550_2021W06_OUT_DNP,NFL,2021,6,2021_NFL_W06_MIN_CAR,NFL_CAR,NFL_P_00-0031550,LB,,OUT,DNP,Foot,2021-10-16,nflverse,,2026-09-07T05:45:02.885579+00:00,2021-10-16T00:00:00
NFL_CAR_00-0036281_2021W06_QUESTIONABLE_FP,NFL,2021,6,2021_NFL_W06_MIN_CAR,NFL_CAR,NFL_P_00-0036281,CB,,QUESTIONABLE,FP,Shoulder,2021-10-16,nflverse,,2026-09-07T05:45:02.885579+00:00,2021-10-16T00:00:00
NFL_CAR_00-0036566_2021W06_QUESTIONABLE_LP,NFL,2021,6,2021_NFL_W06_MIN_CAR,NFL_CAR,NFL_P_00-0036566,OL,,QUESTIONABLE,LP,Knee,2021-10-16,nflverse,,2026-09-07T05:45:02.885579+00:00,2021-10-16T00:00:00
NFL_CHI_00-0030874_2021W06_NA_LP,NFL,2021,6,2021_NFL_W06_GB_CHI,NFL_CHI,NFL_P_00-0030874,RB,,UNKNOWN,LP,Foot,2021-10-16,nflverse,,2026-09-07T05:45:02.885579+00:00,2021-10-16T00:00:00
NFL_CHI_00-0032986_2021W06_OUT_DNP,NFL,2021,6,2021_NFL_W06_GB_CHI,NFL_CHI,NFL_P_00-0032986,TE,,OUT,DNP,Quadricep,2021-10-16,nflverse,,2026-09-07T05:45:02.885579+00:00,2021-10-16T00:00:00
NFL_CHI_00-0036704_2021W06_OUT_DNP,NFL,2021,6,2021_NFL_W06_GB_CHI,NFL_CHI,NFL_P_00-0036704,DL,,OUT,DNP,Knee,2021-10-16,nflverse,,2026-09-07T05:45:02.885579+00:00,2021-10-16T00:00:00
NFL_CHI_00-0031040_2021W06_QUESTIONABLE_DNP,NFL,2021,6,2021_NFL_W06_GB_CHI,NFL_CHI,NFL_P_00-0031040,LB,,QUESTIONABLE,DNP,Foot,2021-10-16,nflverse,,2026-09-07T05:45:02.885579+00:00,2021-10-16T00:00:00
NFL_CHI_00-0033103_2021W06_QUESTIONABLE_FP,NFL,2021,6,2021_NFL_W06_GB_CHI,NFL_CHI,NFL_P_00-0033103,CB,,QUESTIONABLE,FP,Foot,2021-10-16,nflverse,,2026-09-07T05:45:02.885579+00:00,2021-10-16T00:00:00
NFL_CHI_00-0035293_2021W06_QUESTIONABLE_FP,NFL,2021,6,2021_NFL_W06_GB_CHI,NFL_CHI,NFL_P_00-0035293,CB,,QUESTIONABLE,FP,Back,2021-10-16,nflverse,,2026-09-07T05:45:02.885579+00:00,2021-10-16T00:00:00
NFL_CHI_00-0034372_2021W06_QUESTIONABLE_FP,NFL,2021,6,2021_NFL_W06_GB_CHI,NFL_CHI,NFL_P_00-0034372,LB,,QUESTIONABLE,FP,Hamstring,2021-10-16,nflverse,,2026-09-07T05:45:02.885579+00:00,2021-10-16T00:00:00
NFL_CHI_00-0033784_2021W06_QUESTIONABLE_FP,NFL,2021,6,2021_NFL_W06_GB_CHI,NFL_CHI,NFL_P_00-0033784,S,,QUESTIONABLE,FP,Knee,2021-10-16,nflverse,,2026-09-07T05:45:02.885579+00:00,2021-10-16T00:00:00
NFL_CHI_00-0034597_2021W06_QUESTIONABLE_FP,NFL,2021,6,2021_NFL_W06_GB_CHI,NFL_CHI,NFL_P_00-0034597,RB,,QUESTIONABLE,FP,Ankle,2021-10-16,nflverse,,2026-09-07T05:45:02.885579+00:00,2021-10-16T00:00:00
NFL_CHI_00-0035696_2021W06_QUESTIONABLE_FP,NFL,2021,6,2021_NFL_W06_GB_CHI,NFL_CHI,NFL_P_00-0035696,CB,,QUESTIONABLE,FP,Ankle,2021-10-16,nflverse,,2026-09-07T05:45:02.885579+00:00,2021-10-16T00:00:00
NFL_CHI_00-0032791_2021W06_QUESTIONABLE_LP,NFL,2021,6,2021_NFL_W06_GB_CHI,NFL_CHI,NFL_P_00-0032791,WR,,QUESTIONABLE,LP,Groin,2021-10-16,nflverse,,2026-09-07T05:45:02.885579+00:00,2021-10-16T00:00:00
NFL_CHI_00-0029657_2021W06_QUESTIONABLE_LP,NFL,2021,6,2021_NFL_W06_GB_CHI,NFL_CHI,NFL_P_00-0029657,DL,,QUESTIONABLE,LP,Groin,2021-10-16,nflverse,,2026-09-07T05:45:02.885579+00:00,2021-10-16T00:00:00
NFL_CHI_00-0031428_2021W06_QUESTIONABLE_LP,NFL,2021,6,2021_NFL_W06_GB_CHI,NFL_CHI,NFL_P_00-0031428,WR,,QUESTIONABLE,LP,Ankle,2021-10-16,nflverse,,2026-09-07T05:45:02.885579+00:00,2021-10-16T00:00:00
NFL_CIN_00-0036852_2021W06_OUT_DNP,NFL,2021,6,2021_NFL_W06_CIN_DET,NFL_CIN,NFL_P_00-0036852,OL,,OUT,DNP,Knee,2021-10-16,nflverse,,2026-09-07T05:45:02.885579+00:00,2021-10-16T00:00:00
NFL_CIN_00-0033114_2021W06_QUESTIONABLE_FP,NFL,2021,6,2021_NFL_W06_CIN_DET,NFL_CIN,NFL_P_00-0033114,WR,,QUESTIONABLE,FP,Ankle,2021-10-16,nflverse,,2026-09-07T05:45:02.885579+00:00,2021-10-16T00:00:00
NFL_CIN_00-0036865_2021W06_QUESTIONABLE_LP,NFL,2021,6,2021_NFL_W06_CIN_DET,NFL_CIN,NFL_P_00-0036865,OL,,QUESTIONABLE,LP,Not Injury Related,2021-10-16,nflverse,,2026-09-07T05:45:02.885579+00:00,2021-10-16T00:00:00
NFL_CIN_00-0033897_2021W06_QUESTIONABLE_LP,NFL,2021,6,2021_NFL_W06_CIN_DET,NFL_CIN,NFL_P_00-0033897,RB,,QUESTIONABLE,LP,Ankle,2021-10-16,nflverse,,2026-09-07T05:45:02.885579+00:00,2021-10-16T00:00:00
NFL_CLE_00-0029568_2021W06_NA_LP,NFL,2021,6,2021_NFL_W06_ARI_CLE,NFL_CLE,NFL_P_00-0029568,DL,,UNKNOWN,LP,Knee,2021-10-16,nflverse,,2026-09-07T05:45:02.885579+00:00,2021-10-16T00:00:00
NFL_CLE_00-0034019_2021W06_NA_LP,NFL,2021,6,2021_NFL_W06_ARI_CLE,NFL_CLE,NFL_P_00-0034019,DL,,UNKNOWN,LP,Elbow,2021-10-16,nflverse,,2026-09-07T05:45:02.885579+00:00,2021-10-16T00:00:00
NFL_CLE_00-0033885_2021W06_NA_LP,NFL,2021,6,2021_NFL_W06_ARI_CLE,NFL_CLE,NFL_P_00-0033885,TE,,UNKNOWN,LP,Knee,2021-10-16,nflverse,,2026-09-07T05:45:02.885579+00:00,2021-10-16T00:00:00
NFL_CLE_00-0034791_2021W06_OUT_DNP,NFL,2021,6,2021_NFL_W06_ARI_CLE,NFL_CLE,NFL_P_00-0034791,RB,,OUT,DNP,Calf,2021-10-16,nflverse,,2026-09-07T05:45:02.885579+00:00,2021-10-16T00:00:00
NFL_CLE_00-0028180_2021W06_OUT_DNP,NFL,2021,6,2021_NFL_W06_ARI_CLE,NFL_CLE,NFL_P_00-0028180,LB,,OUT,DNP,Abdomen,2021-10-16,nflverse,,2026-09-07T05:45:02.885579+00:00,2021-10-16T00:00:00
NFL_CLE_00-0033057_2021W06_QUESTIONABLE_DNP,NFL,2021,6,2021_NFL_W06_ARI_CLE,NFL_CLE,NFL_P_00-0033057,OL,,QUESTIONABLE,DNP,Knee,2021-10-16,nflverse,,2026-09-07T05:45:02.885579+00:00,2021-10-16T00:00:00
NFL_CLE_00-0036267_2021W06_QUESTIONABLE_DNP,NFL,2021,6,2021_NFL_W06_ARI_CLE,NFL_CLE,NFL_P_00-0036267,OL,,QUESTIONABLE,DNP,Ankle,2021-10-16,nflverse,,2026-09-07T05:45:02.885579+00:00,2021-10-16T00:00:00
NFL_CLE_00-0031364_2021W06_QUESTIONABLE_LP,NFL,2021,6,2021_NFL_W06_ARI_CLE,NFL_CLE,NFL_P_00-0031364,EDGE,,QUESTIONABLE,LP,Elbow,2021-10-16,nflverse,,2026-09-07T05:45:02.885579+00:00,2021-10-16T00:00:00
NFL_CLE_00-0033868_2021W06_QUESTIONABLE_LP,NFL,2021,6,2021_NFL_W06_ARI_CLE,NFL_CLE,NFL_P_00-0033868,EDGE,,QUESTIONABLE,LP,Knee,2021-10-16,nflverse,,2026-09-07T05:45:02.885579+00:00,2021-10-16T00:00:00
NFL_CLE_00-0036114_2021W06_QUESTIONABLE_LP,NFL,2021,6,2021_NFL_W06_ARI_CLE,NFL_CLE,NFL_P_00-0036114,CB,,QUESTIONABLE,LP,Shoulder,2021-10-16,nflverse,,2026-09-07T05:45:02.885579+00:00,2021-10-16T00:00:00
NFL_CLE_00-0033923_2021W06_QUESTIONABLE_LP,NFL,2021,6,2021_NFL_W06_ARI_CLE,NFL_CLE,NFL_P_00-0033923,RB,,QUESTIONABLE,LP,Wrist,2021-10-16,nflverse,,2026-09-07T05:45:02.885579+00:00,2021-10-16T00:00:00
NFL_CLE_00-0033540_2021W06_QUESTIONABLE_LP,NFL,2021,6,2021_NFL_W06_ARI_CLE,NFL_CLE,NFL_P_00-0033540,EDGE,,QUESTIONABLE,LP,Ankle,2021-10-16,nflverse,,2026-09-07T05:45:02.885579+00:00,2021-10-16T00:00:00
NFL_CLE_00-0036996_2021W06_QUESTIONABLE_LP,NFL,2021,6,2021_NFL_W06_ARI_CLE,NFL_CLE,NFL_P_00-0036996,CB,,QUESTIONABLE,LP,Calf,2021-10-16,nflverse,,2026-09-07T05:45:02.885579+00:00,2021-10-16T00:00:00
NFL_CLE_00-0030076_2021W06_QUESTIONABLE_LP,NFL,2021,6,2021_NFL_W06_ARI_CLE,NFL_CLE,NFL_P_00-0030076,OL,,QUESTIONABLE,LP,Knee,2021-10-16,nflverse,,2026-09-07T05:45:02.885579+00:00,2021-10-16T00:00:00
NFL_CLE_00-0034856_2021W06_QUESTIONABLE_LP,NFL,2021,6,2021_NFL_W06_ARI_CLE,NFL_CLE,NFL_P_00-0034856,CB,,QUESTIONABLE,LP,Neck,2021-10-16,nflverse,,2026-09-07T05:45:02.885579+00:00,2021-10-16T00:00:00
NFL_DAL_00-0034373_2021W06_OUT_DNP,NFL,2021,6,2021_NFL_W06_DAL_NE,NFL_DAL,NFL_P_00-0034373,EDGE,,OUT,DNP,Ankle,2021-10-16,nflverse,,2026-09-07T05:45:02.885579+00:00,2021-10-16T00:00:00
NFL_DAL_00-0027947_2021W06_QUESTIONABLE_DNP,NFL,2021,6,2021_NFL_W06_DAL_NE,NFL_DAL,NFL_P_00-0027947,OL,,QUESTIONABLE,DNP,Neck,2021-10-16,nflverse,,2026-09-07T05:45:02.885579+00:00,2021-10-16T00:00:00
NFL_DAL_00-0036361_2021W06_QUESTIONABLE_LP,NFL,2021,6,2021_NFL_W06_DAL_NE,NFL_DAL,NFL_P_00-0036361,CB,,QUESTIONABLE,LP,Ankle,2021-10-16,nflverse,,2026-09-07T05:45:02.885579+00:00,2021-10-16T00:00:00
NFL_DAL_00-0033045_2021W06_QUESTIONABLE_LP,NFL,2021,6,2021_NFL_W06_DAL_NE,NFL_DAL,NFL_P_00-0033045,RB,,QUESTIONABLE,LP,Ribs,2021-10-16,nflverse,,2026-09-07T05:45:02.885579+00:00,2021-10-16T00:00:00
NFL_DAL_00-0032197_2021W06_QUESTIONABLE_LP,NFL,2021,6,2021_NFL_W06_DAL_NE,NFL_DAL,NFL_P_00-0032197,EDGE,,QUESTIONABLE,LP,Knee,2021-10-16,nflverse,,2026-09-07T05:45:02.885579+00:00,2021-10-16T00:00:00
NFL_DAL_00-0033512_2021W06_QUESTIONABLE_LP,NFL,2021,6,2021_NFL_W06_DAL_NE,NFL_DAL,NFL_P_00-0033512,S,,QUESTIONABLE,LP,Hip,2021-10-16,nflverse,,2026-09-07T05:45:02.885579+00:00,2021-10-16T00:00:00
NFL_DAL_00-0035301_2021W06_QUESTIONABLE_LP,NFL,2021,6,2021_NFL_W06_DAL_NE,NFL_DAL,NFL_P_00-0035301,S,,QUESTIONABLE,LP,Groin,2021-10-16,nflverse,,2026-09-07T05:45:02.885579+00:00,2021-10-16T00:00:00
NFL_DEN_00-0034887_2021W06_NA_DNP,NFL,2021,6,2021_NFL_W06_LV_DEN,NFL_DEN,NFL_P_00-0034887,LB,,UNKNOWN,DNP,Not injury related - resting player,2021-10-16,nflverse,,2026-09-07T05:45:02.885579+00:00,2021-10-16T00:00:00
NFL_DEN_00-0029528_2021W06_NA_DNP,NFL,2021,6,2021_NFL_W06_LV_DEN,NFL_DEN,NFL_P_00-0029528,OL,,UNKNOWN,DNP,Not injury related - resting player,2021-10-16,nflverse,,2026-09-07T05:45:02.885579+00:00,2021-10-16T00:00:00
NFL_DEN_00-0027940_2021W06_NA_LP,NFL,2021,6,2021_NFL_W06_LV_DEN,NFL_DEN,NFL_P_00-0027940,LB,,UNKNOWN,LP,Not injury related - resting player,2021-10-16,nflverse,,2026-09-07T05:45:02.885579+00:00,2021-10-16T00:00:00
NFL_DEN_00-0034639_2021W06_OUT_DNP,NFL,2021,6,2021_NFL_W06_LV_DEN,NFL_DEN,NFL_P_00-0034639,CB,,OUT,DNP,Knee,2021-10-16,nflverse,,2026-09-07T05:45:02.885579+00:00,2021-10-16T00:00:00
NFL_DEN_00-0036465_2021W06_QUESTIONABLE_DNP,NFL,2021,6,2021_NFL_W06_LV_DEN,NFL_DEN,NFL_P_00-0036465,LB,,QUESTIONABLE,DNP,Ankle,2021-10-16,nflverse,,2026-09-07T05:45:02.885579+00:00,2021-10-16T00:00:00
NFL_DEN_00-0027872_2021W06_QUESTIONABLE_FP,NFL,2021,6,2021_NFL_W06_LV_DEN,NFL_DEN,NFL_P_00-0027872,S,,QUESTIONABLE,FP,Back,2021-10-16,nflverse,,2026-09-07T05:45:02.885579+00:00,2021-10-16T00:00:00
NFL_DEN_00-0032144_2021W06_QUESTIONABLE_LP,NFL,2021,6,2021_NFL_W06_LV_DEN,NFL_DEN,NFL_P_00-0032144,RB,,QUESTIONABLE,LP,Hip,2021-10-16,nflverse,,2026-09-07T05:45:02.885579+00:00,2021-10-16T00:00:00
NFL_DET_00-0035633_2021W06_NA_DNP,NFL,2021,6,2021_NFL_W06_CIN_DET,NFL_DET,NFL_P_00-0035633,CB,,UNKNOWN,DNP,Hamstring,2021-10-16,nflverse,,2026-09-07T05:45:02.885579+00:00,2021-10-16T00:00:00
NFL_DET_00-0031566_2021W06_QUESTIONABLE_LP,NFL,2021,6,2021_NFL_W06_CIN_DET,NFL_DET,NFL_P_00-0031566,LB,,QUESTIONABLE,LP,Knee,2021-10-16,nflverse,,2026-09-07T05:45:02.885579+00:00,2021-10-16T00:00:00
NFL_DET_00-0035229_2021W06_QUESTIONABLE_LP,NFL,2021,6,2021_NFL_W06_CIN_DET,NFL_DET,NFL_P_00-0035229,TE,,QUESTIONABLE,LP,Knee,2021-10-16,nflverse,,2026-09-07T05:45:02.885579+00:00,2021-10-16T00:00:00
NFL_DET_00-0036275_2021W06_QUESTIONABLE_LP,NFL,2021,6,2021_NFL_W06_CIN_DET,NFL_DET,NFL_P_00-0036275,RB,,QUESTIONABLE,LP,Groin,2021-10-16,nflverse,,2026-09-07T05:45:02.885579+00:00,2021-10-16T00:00:00
NFL_DET_00-0033948_2021W06_QUESTIONABLE_LP,NFL,2021,6,2021_NFL_W06_CIN_DET,NFL_DET,NFL_P_00-0033948,RB,,QUESTIONABLE,LP,Hip,2021-10-16,nflverse,,2026-09-07T05:45:02.885579+00:00,2021-10-16T00:00:00
NFL_GB_00-0033293_2021W06_NA_LP,NFL,2021,6,2021_NFL_W06_GB_CHI,NFL_GB,NFL_P_00-0033293,RB,,UNKNOWN,LP,Ankle,2021-10-16,nflverse,,2026-09-07T05:45:02.885579+00:00,2021-10-16T00:00:00
NFL_GB_00-0033757_2021W06_NA_LP,NFL,2021,6,2021_NFL_W06_GB_CHI,NFL_GB,NFL_P_00-0033757,TE,,UNKNOWN,LP,Knee,2021-10-16,nflverse,,2026-09-07T05:45:02.885579+00:00,2021-10-16T00:00:00
NFL_GB_00-0033524_2021W06_OUT_DNP,NFL,2021,6,2021_NFL_W06_GB_CHI,NFL_GB,NFL_P_00-0033524,CB,,OUT,DNP,Shoulder,2021-10-16,nflverse,,2026-09-07T05:45:02.885579+00:00,2021-10-16T00:00:00
NFL_GB_00-0029419_2021W06_DOUBTFUL_DNP,NFL,2021,6,2021_NFL_W06_GB_CHI,NFL_GB,NFL_P_00-0029419,OL,,DOUBTFUL,DNP,Back,2021-10-16,nflverse,,2026-09-07T05:45:02.885579+00:00,2021-10-16T00:00:00
NFL_GB_00-0035480_2021W06_QUESTIONABLE_DNP,NFL,2021,6,2021_NFL_W06_GB_CHI,NFL_GB,NFL_P_00-0035480,WR,,QUESTIONABLE,DNP,Illness,2021-10-16,nflverse,,2026-09-07T05:45:02.885579+00:00,2021-10-16T00:00:00
NFL_GB_00-0035526_2021W06_QUESTIONABLE_LP,NFL,2021,6,2021_NFL_W06_GB_CHI,NFL_GB,NFL_P_00-0035526,OL,,QUESTIONABLE,LP,Ankle,2021-10-16,nflverse,,2026-09-07T05:45:02.885579+00:00,2021-10-16T00:00:00
NFL_HOU_00-0027966_2021W06_NA_DNP,NFL,2021,6,2021_NFL_W06_HOU_IND,NFL_HOU,NFL_P_00-0027966,RB,,UNKNOWN,DNP,Not injury related - resting player,2021-10-16,nflverse,,2026-09-07T05:45:02.885579+00:00,2021-10-16T00:00:00
NFL_HOU_00-0031236_2021W06_NA_LP,NFL,2021,6,2021_NFL_W06_HOU_IND,NFL_HOU,NFL_P_00-0031236,WR,,UNKNOWN,LP,Not injury related - resting player,2021-10-16,nflverse,,2026-09-07T05:45:02.885579+00:00,2021-10-16T00:00:00
NFL_HOU_00-0032380_2021W06_OUT_DNP,NFL,2021,6,2021_NFL_W06_HOU_IND,NFL_HOU,NFL_P_00-0032380,OL,,OUT,DNP,Thumb,2021-10-16,nflverse,,2026-09-07T05:45:02.885579+00:00,2021-10-16T00:00:00
NFL_HOU_00-0033537_2021W06_OUT_DNP,NFL,2021,6,2021_NFL_W06_HOU_IND,NFL_HOU,NFL_P_00-0033537,QB,,OUT,DNP,Not injury related - personal matter,2021-10-16,nflverse,,2026-09-07T05:45:02.885579+00:00,2021-10-16T00:00:00
NFL_HOU_00-0031282_2021W06_QUESTIONABLE_DNP,NFL,2021,6,2021_NFL_W06_HOU_IND,NFL_HOU,NFL_P_00-0031282,OL,,QUESTIONABLE,DNP,Knee,2021-10-16,nflverse,,2026-09-07T05:45:02.885579+00:00,2021-10-16T00:00:00
NFL_HOU_00-0033566_2021W06_QUESTIONABLE_DNP,NFL,2021,6,2021_NFL_W06_HOU_IND,NFL_HOU,NFL_P_00-0033566,CB,,QUESTIONABLE,DNP,Hip,2021-10-16,nflverse,,2026-09-07T05:45:02.885579+00:00,2021-10-16T00:00:00
NFL_HOU_00-0026035_2021W06_QUESTIONABLE_LP,NFL,2021,6,2021_NFL_W06_HOU_IND,NFL_HOU,NFL_P_00-0026035,WR,,QUESTIONABLE,LP,Thigh,2021-10-16,nflverse,,2026-09-07T05:45:02.885579+00:00,2021-10-16T00:00:00
NFL_HOU_00-0030288_2021W06_QUESTIONABLE_LP,NFL,2021,6,2021_NFL_W06_HOU_IND,NFL_HOU,NFL_P_00-0030288,RB,,QUESTIONABLE,LP,Hip,2021-10-16,nflverse,,2026-09-07T05:45:02.885579+00:00,2021-10-16T00:00:00
NFL_IND_00-0035849_2021W06_OUT_DNP,NFL,2021,6,2021_NFL_W06_HOU_IND,NFL_IND,NFL_P_00-0035849,K,,OUT,DNP,right Hip,2021-10-16,nflverse,,2026-09-07T05:45:02.885579+00:00,2021-10-16T00:00:00
NFL_IND_00-0027914_2021W06_OUT_DNP,NFL,2021,6,2021_NFL_W06_HOU_IND,NFL_IND,NFL_P_00-0027914,S,,OUT,DNP,Concussion,2021-10-16,nflverse,,2026-09-07T05:45:02.885579+00:00,2021-10-16T00:00:00
NFL_IND_00-0034836_2021W06_OUT_DNP,NFL,2021,6,2021_NFL_W06_HOU_IND,NFL_IND,NFL_P_00-0034836,OL,,OUT,DNP,Foot,2021-10-16,nflverse,,2026-09-07T05:45:02.885579+00:00,2021-10-16T00:00:00
NFL_IND_00-0034354_2021W06_OUT_DNP,NFL,2021,6,2021_NFL_W06_HOU_IND,NFL_IND,NFL_P_00-0034354,EDGE,,OUT,DNP,Groin,2021-10-16,nflverse,,2026-09-07T05:45:02.885579+00:00,2021-10-16T00:00:00
NFL_IND_00-0034400_2021W06_OUT_DNP,NFL,2021,6,2021_NFL_W06_HOU_IND,NFL_IND,NFL_P_00-0034400,RB,,OUT,DNP,Non-Football Illness,2021-10-16,nflverse,,2026-09-07T05:45:02.885579+00:00,2021-10-16T00:00:00
NFL_IND_00-0030575_2021W06_QUESTIONABLE_FP,NFL,2021,6,2021_NFL_W06_HOU_IND,NFL_IND,NFL_P_00-0030575,CB,,QUESTIONABLE,FP,Concussion,2021-10-16,nflverse,,2026-09-07T05:45:02.885579+00:00,2021-10-16T00:00:00
NFL_JAX_00-0033631_2021W06_OUT_DNP,NFL,2021,6,2021_NFL_W06_MIA_JAX,NFL_JAX,NFL_P_00-0033631,OL,,OUT,DNP,Ankle,2021-10-16,nflverse,,2026-09-07T05:45:02.885579+00:00,2021-10-16T00:00:00
NFL_JAX_00-0032968_2021W06_OUT_DNP,NFL,2021,6,2021_NFL_W06_MIA_JAX,NFL_JAX,NFL_P_00-0032968,LB,,OUT,DNP,Back,2021-10-16,nflverse,,2026-09-07T05:45:02.885579+00:00,2021-10-16T00:00:00
NFL_JAX_00-0036974_2021W06_QUESTIONABLE_LP,NFL,2021,6,2021_NFL_W06_MIA_JAX,NFL_JAX,NFL_P_00-0036974,CB,,QUESTIONABLE,LP,Toe,2021-10-16,nflverse,,2026-09-07T05:45:02.885579+00:00,2021-10-16T00:00:00
NFL_JAX_00-0032667_2021W06_QUESTIONABLE_LP,NFL,2021,6,2021_NFL_W06_MIA_JAX,NFL_JAX,NFL_P_00-0032667,DL,,QUESTIONABLE,LP,Ankle,2021-10-16,nflverse,,2026-09-07T05:45:02.885579+00:00,2021-10-16T00:00:00
NFL_KC_00-0032387_2021W06_NA_DNP,NFL,2021,6,2021_NFL_W06_KC_WAS,NFL_KC,NFL_P_00-0032387,DL,,UNKNOWN,DNP,Not injury related - personal matter,2021-10-16,nflverse,,2026-09-07T05:45:02.885579+00:00,2021-10-16T00:00:00
NFL_KC_00-0032062_2021W06_OUT_DNP,NFL,2021,6,2021_NFL_W06_KC_WAS,NFL_KC,NFL_P_00-0032062,TE,,OUT,DNP,Back,2021-10-16,nflverse,,2026-09-07T05:45:02.885579+00:00,2021-10-16T00:00:00
NFL_KC_00-0032762_2021W06_OUT_DNP,NFL,2021,6,2021_NFL_W06_KC_WAS,NFL_KC,NFL_P_00-0032762,EDGE,,OUT,DNP,Wrist,2021-10-16,nflverse,,2026-09-07T05:45:02.885579+00:00,2021-10-16T00:00:00
NFL_KC_00-0034573_2021W06_OUT_DNP,NFL,2021,6,2021_NFL_W06_KC_WAS,NFL_KC,NFL_P_00-0034573,CB,,OUT,DNP,Quadricep,2021-10-16,nflverse,,2026-09-07T05:45:02.885579+00:00,2021-10-16T00:00:00
NFL_KC_00-0031348_2021W06_QUESTIONABLE_FP,NFL,2021,6,2021_NFL_W06_KC_WAS,NFL_KC,NFL_P_00-0031348,LB,,QUESTIONABLE,FP,Knee,2021-10-16,nflverse,,2026-09-07T05:45:02.885579+00:00,2021-10-16T00:00:00
NFL_KC_00-0032391_2021W06_QUESTIONABLE_FP,NFL,2021,6,2021_NFL_W06_KC_WAS,NFL_KC,NFL_P_00-0032391,OL,,QUESTIONABLE,FP,Hand,2021-10-16,nflverse,,2026-09-07T05:45:02.885579+00:00,2021-10-16T00:00:00
NFL_KC_00-0033040_2021W06_QUESTIONABLE_LP,NFL,2021,6,2021_NFL_W06_KC_WAS,NFL_KC,NFL_P_00-0033040,WR,,QUESTIONABLE,LP,Quadricep,2021-10-16,nflverse,,2026-09-07T05:45:02.885579+00:00,2021-10-16T00:00:00
NFL_LAR_00-0026189_2021W06_NA_DNP,NFL,2021,6,2021_NFL_W06_LAR_NYG,NFL_LAR,NFL_P_00-0026189,WR,,UNKNOWN,DNP,Not injury related - resting player,2021-10-16,nflverse,,2026-09-07T05:45:02.885579+00:00,2021-10-16T00:00:00
NFL_LAC_00-0035262_2021W06_OUT_DNP,NFL,2021,6,2021_NFL_W06_LAC_BAL,NFL_LAC,NFL_P_00-0035262,LB,,OUT,DNP,Chest,2021-10-16,nflverse,,2026-09-07T05:45:02.885579+00:00,2021-10-16T00:00:00
NFL_LAC_00-0035677_2021W06_QUESTIONABLE_DNP,NFL,2021,6,2021_NFL_W06_LAC_BAL,NFL_LAC,NFL_P_00-0035677,S,,QUESTIONABLE,DNP,Hip,2021-10-16,nflverse,,2026-09-07T05:45:02.885579+00:00,2021-10-16T00:00:00
NFL_LAC_00-0033536_2021W06_QUESTIONABLE_DNP,NFL,2021,6,2021_NFL_W06_LAC_BAL,NFL_LAC,NFL_P_00-0033536,WR,,QUESTIONABLE,DNP,Knee,2021-10-16,nflverse,,2026-09-07T05:45:02.885579+00:00,2021-10-16T00:00:00
NFL_LV_00-0029261_2021W06_NA_DNP,NFL,2021,6,2021_NFL_W06_LV_DEN,NFL_LV,NFL_P_00-0029261,CB,,UNKNOWN,DNP,Knee,2021-10-16,nflverse,,2026-09-07T05:45:02.885579+00:00,2021-10-16T00:00:00
NFL_LV_00-0035700_2021W06_NA_LP,NFL,2021,6,2021_NFL_W06_LV_DEN,NFL_LV,NFL_P_00-0035700,RB,,UNKNOWN,LP,Illness,2021-10-16,nflverse,,2026-09-07T05:45:02.885579+00:00,2021-10-16T00:00:00
NFL_LV_00-0030063_2021W06_DOUBTFUL_DNP,NFL,2021,6,2021_NFL_W06_LV_DEN,NFL_LV,NFL_P_00-0030063,DL,,DOUBTFUL,DNP,Hip,2021-10-16,nflverse,,2026-09-07T05:45:02.885579+00:00,2021-10-16T00:00:00
NFL_LV_00-0032416_2021W06_QUESTIONABLE_LP,NFL,2021,6,2021_NFL_W06_LV_DEN,NFL_LV,NFL_P_00-0032416,DL,,QUESTIONABLE,LP,Back,2021-10-16,nflverse,,2026-09-07T05:45:02.885579+00:00,2021-10-16T00:00:00
NFL_MIA_00-0033050_2021W06_OUT_DNP,NFL,2021,6,2021_NFL_W06_MIA_JAX,NFL_MIA,NFL_P_00-0033050,CB,,OUT,DNP,Shoulder,2021-10-16,nflverse,,2026-09-07T05:45:02.885579+00:00,2021-10-16T00:00:00
NFL_MIA_00-0031547_2021W06_OUT_DNP,NFL,2021,6,2021_NFL_W06_MIA_JAX,NFL_MIA,NFL_P_00-0031547,WR,,OUT,DNP,Shoulder,2021-10-16,nflverse,,2026-09-07T05:45:02.885579+00:00,2021-10-16T00:00:00
NFL_MIA_00-0033119_2021W06_QUESTIONABLE_LP,NFL,2021,6,2021_NFL_W06_MIA_JAX,NFL_MIA,NFL_P_00-0033119,QB,,QUESTIONABLE,LP,Hamstring,2021-10-16,nflverse,,2026-09-07T05:45:02.885579+00:00,2021-10-16T00:00:00
NFL_MIA_00-0032239_2021W06_QUESTIONABLE_LP,NFL,2021,6,2021_NFL_W06_MIA_JAX,NFL_MIA,NFL_P_00-0032239,CB,,QUESTIONABLE,LP,Achilles,2021-10-16,nflverse,,2026-09-07T05:45:02.885579+00:00,2021-10-16T00:00:00
NFL_MIA_00-0033896_2021W06_QUESTIONABLE_LP,NFL,2021,6,2021_NFL_W06_MIA_JAX,NFL_MIA,NFL_P_00-0033896,TE,,QUESTIONABLE,LP,Knee,2021-10-16,nflverse,,2026-09-07T05:45:02.885579+00:00,2021-10-16T00:00:00
NFL_MIA_00-0035350_2021W06_QUESTIONABLE_LP,NFL,2021,6,2021_NFL_W06_MIA_JAX,NFL_MIA,NFL_P_00-0035350,WR,,QUESTIONABLE,LP,Groin,2021-10-16,nflverse,,2026-09-07T05:45:02.885579+00:00,2021-10-16T00:00:00
NFL_MIN_00-0027701_2021W06_NA_DNP,NFL,2021,6,2021_NFL_W06_MIN_CAR,NFL_MIN,NFL_P_00-0027701,EDGE,,UNKNOWN,DNP,Not injury related - resting player,2021-10-16,nflverse,,2026-09-07T05:45:02.885579+00:00,2021-10-16T00:00:00
NFL_MIN_00-0032918_2021W06_NA_LP,NFL,2021,6,2021_NFL_W06_MIN_CAR,NFL_MIN,NFL_P_00-0032918,RB,,UNKNOWN,LP,Quadricep,2021-10-16,nflverse,,2026-09-07T05:45:02.885579+00:00,2021-10-16T00:00:00
NFL_MIN_00-0036322_2021W06_NA_LP,NFL,2021,6,2021_NFL_W06_MIN_CAR,NFL_MIN,NFL_P_00-0036322,WR,,UNKNOWN,LP,Ankle,2021-10-16,nflverse,,2026-09-07T05:45:02.885579+00:00,2021-10-16T00:00:00
NFL_MIN_00-0029606_2021W06_NA_LP,NFL,2021,6,2021_NFL_W06_MIN_CAR,NFL_MIN,NFL_P_00-0029606,S,,UNKNOWN,LP,Not injury related - resting player,2021-10-16,nflverse,,2026-09-07T05:45:02.885579+00:00,2021-10-16T00:00:00
NFL_MIN_00-0030035_2021W06_NA_LP,NFL,2021,6,2021_NFL_W06_MIN_CAR,NFL_MIN,NFL_P_00-0030035,WR,,UNKNOWN,LP,Foot,2021-10-16,nflverse,,2026-09-07T05:45:02.885579+00:00,2021-10-16T00:00:00
NFL_MIN_00-0035823_2021W06_OUT_DNP,NFL,2021,6,2021_NFL_W06_MIN_CAR,NFL_MIN,NFL_P_00-0035823,TE,,OUT,DNP,Knee,2021-10-16,nflverse,,2026-09-07T05:45:02.885579+00:00,2021-10-16T00:00:00
NFL_MIN_00-0032574_2021W06_OUT_DNP,NFL,2021,6,2021_NFL_W06_MIN_CAR,NFL_MIN,NFL_P_00-0032574,DL,,OUT,DNP,Elbow,2021-10-16,nflverse,,2026-09-07T05:45:02.885579+00:00,2021-10-16T00:00:00
NFL_NE_00-0034385_2021W06_NA_LP,NFL,2021,6,2021_NFL_W06_DAL_NE,NFL_NE,NFL_P_00-0034385,LB,,UNKNOWN,LP,Shoulder,2021-10-16,nflverse,,2026-09-07T05:45:02.885579+00:00,2021-10-16T00:00:00
NFL_NE_00-0029764_2021W06_NA_LP,NFL,2021,6,2021_NFL_W06_DAL_NE,NFL_NE,NFL_P_00-0029764,S,,UNKNOWN,LP,Knee,2021-10-16,nflverse,,2026-09-07T05:45:02.885579+00:00,2021-10-16T00:00:00
NFL_NE_00-0036231_2021W06_NA_LP,NFL,2021,6,2021_NFL_W06_DAL_NE,NFL_NE,NFL_P_00-0036231,S,,UNKNOWN,LP,Hamstring,2021-10-16,nflverse,,2026-09-07T05:45:02.885579+00:00,2021-10-16T00:00:00
NFL_NE_00-0031580_2021W06_OUT_DNP,NFL,2021,6,2021_NFL_W06_DAL_NE,NFL_NE,NFL_P_00-0031580,OL,,OUT,DNP,Abdomen,2021-10-16,nflverse,,2026-09-07T05:45:02.885579+00:00,2021-10-16T00:00:00
NFL_NE_00-0036559_2021W06_OUT_DNP,NFL,2021,6,2021_NFL_W06_DAL_NE,NFL_NE,NFL_P_00-0036559,CB,,OUT,DNP,Concussion,2021-10-16,nflverse,,2026-09-07T05:45:02.885579+00:00,2021-10-16T00:00:00
NFL_NE_00-0025565_2021W06_QUESTIONABLE_LP,NFL,2021,6,2021_NFL_W06_DAL_NE,NFL_NE,NFL_P_00-0025565,K,,QUESTIONABLE,LP,left Knee,2021-10-16,nflverse,,2026-09-07T05:45:02.885579+00:00,2021-10-16T00:00:00
NFL_NE_00-0035657_2021W06_QUESTIONABLE_LP,NFL,2021,6,2021_NFL_W06_DAL_NE,NFL_NE,NFL_P_00-0035657,RB,,QUESTIONABLE,LP,Ribs,2021-10-16,nflverse,,2026-09-07T05:45:02.885579+00:00,2021-10-16T00:00:00
NFL_NE_00-0036163_2021W06_QUESTIONABLE_LP,NFL,2021,6,2021_NFL_W06_DAL_NE,NFL_NE,NFL_P_00-0036163,OL,,QUESTIONABLE,LP,Back,2021-10-16,nflverse,,2026-09-07T05:45:02.885579+00:00,2021-10-16T00:00:00
NFL_NE_00-0032580_2021W06_QUESTIONABLE_LP,NFL,2021,6,2021_NFL_W06_DAL_NE,NFL_NE,NFL_P_00-0032580,CB,,QUESTIONABLE,LP,Ankle,2021-10-16,nflverse,,2026-09-07T05:45:02.885579+00:00,2021-10-16T00:00:00
NFL_NE_00-0032803_2021W06_QUESTIONABLE_LP,NFL,2021,6,2021_NFL_W06_DAL_NE,NFL_NE,NFL_P_00-0032803,CB,,QUESTIONABLE,LP,Hamstring,2021-10-16,nflverse,,2026-09-07T05:45:02.885579+00:00,2021-10-16T00:00:00
NFL_NE_00-0036978_2021W06_QUESTIONABLE_LP,NFL,2021,6,2021_NFL_W06_DAL_NE,NFL_NE,NFL_P_00-0036978,EDGE,,QUESTIONABLE,LP,Ankle,2021-10-16,nflverse,,2026-09-07T05:45:02.885579+00:00,2021-10-16T00:00:00
NFL_NE_00-0031360_2021W06_QUESTIONABLE_LP,NFL,2021,6,2021_NFL_W06_DAL_NE,NFL_NE,NFL_P_00-0031360,LB,,QUESTIONABLE,LP,Groin,2021-10-16,nflverse,,2026-09-07T05:45:02.885579+00:00,2021-10-16T00:00:00
NFL_NYG_00-0036570_2021W06_NA_DNP,NFL,2021,6,2021_NFL_W06_LAR_NYG,NFL_NYG,NFL_P_00-0036570,CB,,UNKNOWN,DNP,Knee,2021-10-16,nflverse,,2026-09-07T05:45:02.885579+00:00,2021-10-16T00:00:00
NFL_NYG_00-0029570_2021W06_NA_LP,NFL,2021,6,2021_NFL_W06_LAR_NYG,NFL_NYG,NFL_P_00-0029570,S,,UNKNOWN,LP,Quadricep,2021-10-16,nflverse,,2026-09-07T05:45:02.885579+00:00,2021-10-16T00:00:00
NFL_NYG_00-0033883_2021W06_NA_LP,NFL,2021,6,2021_NFL_W06_LAR_NYG,NFL_NYG,NFL_P_00-0033883,S,,UNKNOWN,LP,Hamstring,2021-10-16,nflverse,,2026-09-07T05:45:02.885579+00:00,2021-10-16T00:00:00
NFL_NYG_00-0030411_2021W06_NA_LP,NFL,2021,6,2021_NFL_W06_LAR_NYG,NFL_NYG,NFL_P_00-0030411,S,,UNKNOWN,LP,Hip,2021-10-16,nflverse,,2026-09-07T05:45:02.885579+00:00,2021-10-16T00:00:00
NFL_NYG_00-0032385_2021W06_NA_LP,NFL,2021,6,2021_NFL_W06_LAR_NYG,NFL_NYG,NFL_P_00-0032385,WR,,UNKNOWN,LP,Hamstring,2021-10-16,nflverse,,2026-09-07T05:45:02.885579+00:00,2021-10-16T00:00:00
NFL_NYG_00-0032575_2021W06_NA_LP,NFL,2021,6,2021_NFL_W06_LAR_NYG,NFL_NYG,NFL_P_00-0032575,OL,,UNKNOWN,LP,Knee,2021-10-16,nflverse,,2026-09-07T05:45:02.885579+00:00,2021-10-16T00:00:00
NFL_NYG_00-0034844_2021W06_OUT_DNP,NFL,2021,6,2021_NFL_W06_LAR_NYG,NFL_NYG,NFL_P_00-0034844,RB,,OUT,DNP,Ankle,2021-10-16,nflverse,,2026-09-07T05:45:02.885579+00:00,2021-10-16T00:00:00
NFL_NYG_00-0033932_2021W06_OUT_DNP,NFL,2021,6,2021_NFL_W06_LAR_NYG,NFL_NYG,NFL_P_00-0033932,WR,,OUT,DNP,Knee,2021-10-16,nflverse,,2026-09-07T05:45:02.885579+00:00,2021-10-16T00:00:00
NFL_NYG_00-0036673_2021W06_OUT_DNP,NFL,2021,6,2021_NFL_W06_LAR_NYG,NFL_NYG,NFL_P_00-0036673,LB,,OUT,DNP,Achilles,2021-10-16,nflverse,,2026-09-07T05:45:02.885579+00:00,2021-10-16T00:00:00
NFL_NYG_00-0036132_2021W06_QUESTIONABLE_LP,NFL,2021,6,2021_NFL_W06_LAR_NYG,NFL_NYG,NFL_P_00-0036132,OL,,QUESTIONABLE,LP,Hand,2021-10-16,nflverse,,2026-09-07T05:45:02.885579+00:00,2021-10-16T00:00:00
NFL_NYG_00-0035535_2021W06_QUESTIONABLE_LP,NFL,2021,6,2021_NFL_W06_LAR_NYG,NFL_NYG,NFL_P_00-0035535,WR,,QUESTIONABLE,LP,Hamstring,2021-10-16,nflverse,,2026-09-07T05:45:02.885579+00:00,2021-10-16T00:00:00
NFL_NYG_00-0036386_2021W06_QUESTIONABLE_LP,NFL,2021,6,2021_NFL_W06_LAR_NYG,NFL_NYG,NFL_P_00-0036386,OL,,QUESTIONABLE,LP,Foot,2021-10-16,nflverse,,2026-09-07T05:45:02.885579+00:00,2021-10-16T00:00:00
NFL_NYG_00-0036913_2021W06_QUESTIONABLE_LP,NFL,2021,6,2021_NFL_W06_LAR_NYG,NFL_NYG,NFL_P_00-0036913,WR,,QUESTIONABLE,LP,Ankle,2021-10-16,nflverse,,2026-09-07T05:45:02.885579+00:00,2021-10-16T00:00:00
NFL_PHI_00-0034351_2021W06_NA_DNP,NFL,2021,6,2021_NFL_W06_TB_PHI,NFL_PHI,NFL_P_00-0034351,TE,,UNKNOWN,DNP,Illness,2021-10-14,nflverse,,2026-09-07T05:45:02.885579+00:00,2021-10-14T00:00:00
NFL_PHI_00-0030561_2021W06_OUT_DNP,NFL,2021,6,2021_NFL_W06_TB_PHI,NFL_PHI,NFL_P_00-0030561,OL,,OUT,DNP,Not injury related - personal matter,2021-10-14,nflverse,,2026-09-07T05:45:02.885579+00:00,2021-10-14T00:00:00
NFL_PIT_00-0033857_2021W06_OUT_DNP,NFL,2021,6,2021_NFL_W06_SEA_PIT,NFL_PIT,NFL_P_00-0033857,WR,,OUT,DNP,Shoulder,2021-10-17,nflverse,,2026-09-07T05:45:02.885579+00:00,2021-10-17T00:00:00
NFL_PIT_00-0036352_2021W06_OUT_LP,NFL,2021,6,2021_NFL_W06_SEA_PIT,NFL_PIT,NFL_P_00-0036352,DL,,OUT,LP,Knee,2021-10-17,nflverse,,2026-09-07T05:45:02.885579+00:00,2021-10-17T00:00:00
NFL_SEA_00-0027662_2021W06_NA_DNP,NFL,2021,6,2021_NFL_W06_SEA_PIT,NFL_SEA,NFL_P_00-0027662,LB,,UNKNOWN,DNP,Not injury related - resting player,2021-10-17,nflverse,,2026-09-07T05:45:02.885579+00:00,2021-10-17T00:00:00
NFL_SEA_00-0031367_2021W06_NA_DNP,NFL,2021,6,2021_NFL_W06_SEA_PIT,NFL_SEA,NFL_P_00-0031367,OL,,UNKNOWN,DNP,Not injury related - resting player,2021-10-17,nflverse,,2026-09-07T05:45:02.885579+00:00,2021-10-17T00:00:00
NFL_SEA_00-0026166_2021W06_NA_LP,NFL,2021,6,2021_NFL_W06_SEA_PIT,NFL_SEA,NFL_P_00-0026166,OL,,UNKNOWN,LP,Not injury related - resting player,2021-10-17,nflverse,,2026-09-07T05:45:02.885579+00:00,2021-10-17T00:00:00
NFL_SEA_00-0035640_2021W06_NA_LP,NFL,2021,6,2021_NFL_W06_SEA_PIT,NFL_SEA,NFL_P_00-0035640,WR,,UNKNOWN,LP,Ankle,2021-10-17,nflverse,,2026-09-07T05:45:02.885579+00:00,2021-10-17T00:00:00
NFL_SEA_00-0033594_2021W06_OUT_DNP,NFL,2021,6,2021_NFL_W06_SEA_PIT,NFL_SEA,NFL_P_00-0033594,RB,,OUT,DNP,Neck,2021-10-17,nflverse,,2026-09-07T05:45:02.885579+00:00,2021-10-17T00:00:00
NFL_SEA_00-0032233_2021W06_OUT_DNP,NFL,2021,6,2021_NFL_W06_SEA_PIT,NFL_SEA,NFL_P_00-0032233,OL,,OUT,DNP,Biceps,2021-10-17,nflverse,,2026-09-07T05:45:02.885579+00:00,2021-10-17T00:00:00
NFL_SEA_00-0029263_2021W06_OUT_LP,NFL,2021,6,2021_NFL_W06_SEA_PIT,NFL_SEA,NFL_P_00-0029263,QB,,OUT,LP,right Finger,2021-10-17,nflverse,,2026-09-07T05:45:02.885579+00:00,2021-10-17T00:00:00
NFL_TB_00-0029562_2021W06_OUT_DNP,NFL,2021,6,2021_NFL_W06_TB_PHI,NFL_TB,NFL_P_00-0029562,LB,,OUT,DNP,Ankle,2021-10-14,nflverse,,2026-09-07T05:45:02.885579+00:00,2021-10-14T00:00:00
NFL_TB_00-0027656_2021W06_OUT_DNP,NFL,2021,6,2021_NFL_W06_TB_PHI,NFL_TB,NFL_P_00-0027656,TE,,OUT,DNP,Ribs,2021-10-14,nflverse,,2026-09-07T05:45:02.885579+00:00,2021-10-14T00:00:00
NFL_TB_00-0036411_2021W06_OUT_LP,NFL,2021,6,2021_NFL_W06_TB_PHI,NFL_TB,NFL_P_00-0036411,S,,OUT,LP,Concussion,2021-10-14,nflverse,,2026-09-07T05:45:02.885579+00:00,2021-10-14T00:00:00
NFL_TB_00-0029895_2021W06_QUESTIONABLE_FP,NFL,2021,6,2021_NFL_W06_TB_PHI,NFL_TB,NFL_P_00-0029895,OL,,QUESTIONABLE,FP,Hip,2021-10-14,nflverse,,2026-09-07T05:45:02.885579+00:00,2021-10-14T00:00:00
NFL_TB_00-0033595_2021W06_QUESTIONABLE_FP,NFL,2021,6,2021_NFL_W06_TB_PHI,NFL_TB,NFL_P_00-0033595,EDGE,,QUESTIONABLE,FP,Calf,2021-10-14,nflverse,,2026-09-07T05:45:02.885579+00:00,2021-10-14T00:00:00
NFL_TB_00-0027867_2021W06_QUESTIONABLE_FP,NFL,2021,6,2021_NFL_W06_TB_PHI,NFL_TB,NFL_P_00-0027867,LB,,QUESTIONABLE,FP,Shoulder,2021-10-14,nflverse,,2026-09-07T05:45:02.885579+00:00,2021-10-14T00:00:00
NFL_TEN_00-0027648_2021W06_NA_LP,NFL,2021,6,2021_NFL_W06_BUF_TEN,NFL_TEN,NFL_P_00-0027648,OL,,UNKNOWN,LP,Shoulder,2021-10-18,nflverse,,2026-09-07T05:45:02.885579+00:00,2021-10-18T00:00:00
NFL_TEN_00-0036416_2021W06_OUT_DNP,NFL,2021,6,2021_NFL_W06_BUF_TEN,NFL_TEN,NFL_P_00-0036416,CB,,OUT,DNP,Hamstring,2021-10-18,nflverse,,2026-09-07T05:45:02.885579+00:00,2021-10-18T00:00:00
NFL_TEN_00-0037000_2021W06_OUT_DNP,NFL,2021,6,2021_NFL_W06_BUF_TEN,NFL_TEN,NFL_P_00-0037000,LB,,OUT,DNP,Groin,2021-10-18,nflverse,,2026-09-07T05:45:02.885579+00:00,2021-10-18T00:00:00
NFL_TEN_00-0033955_2021W06_QUESTIONABLE_DNP,NFL,2021,6,2021_NFL_W06_BUF_TEN,NFL_TEN,NFL_P_00-0033955,RB,,QUESTIONABLE,DNP,Ankle,2021-10-18,nflverse,,2026-09-07T05:45:02.885579+00:00,2021-10-18T00:00:00
NFL_TEN_00-0035099_2021W06_QUESTIONABLE_LP,NFL,2021,6,2021_NFL_W06_BUF_TEN,NFL_TEN,NFL_P_00-0035099,RB,,QUESTIONABLE,LP,Shoulder,2021-10-18,nflverse,,2026-09-07T05:45:02.885579+00:00,2021-10-18T00:00:00
NFL_TEN_00-0032355_2021W06_QUESTIONABLE_LP,NFL,2021,6,2021_NFL_W06_BUF_TEN,NFL_TEN,NFL_P_00-0032355,WR,,QUESTIONABLE,LP,Groin,2021-10-18,nflverse,,2026-09-07T05:45:02.885579+00:00,2021-10-18T00:00:00
NFL_WAS_00-0036618_2021W06_OUT_DNP,NFL,2021,6,2021_NFL_W06_KC_WAS,NFL_WAS,NFL_P_00-0036618,OL,,OUT,DNP,Ankle,2021-10-16,nflverse,,2026-09-07T05:45:02.885579+00:00,2021-10-16T00:00:00
NFL_WAS_00-0032998_2021W06_OUT_DNP,NFL,2021,6,2021_NFL_W06_KC_WAS,NFL_WAS,NFL_P_00-0032998,LB,,OUT,DNP,Shoulder,2021-10-16,nflverse,,2026-09-07T05:45:02.885579+00:00,2021-10-16T00:00:00
NFL_WAS_00-0033282_2021W06_OUT_DNP,NFL,2021,6,2021_NFL_W06_KC_WAS,NFL_WAS,NFL_P_00-0033282,WR,,OUT,DNP,Groin,2021-10-16,nflverse,,2026-09-07T05:45:02.885579+00:00,2021-10-16T00:00:00
NFL_WAS_00-0032053_2021W06_OUT_DNP,NFL,2021,6,2021_NFL_W06_KC_WAS,NFL_WAS,NFL_P_00-0032053,OL,,OUT,DNP,Knee,2021-10-16,nflverse,,2026-09-07T05:45:02.885579+00:00,2021-10-16T00:00:00
NFL_WAS_00-0034104_2021W06_OUT_DNP,NFL,2021,6,2021_NFL_W06_KC_WAS,NFL_WAS,NFL_P_00-0034104,WR,,OUT,DNP,Hamstring,2021-10-16,nflverse,,2026-09-07T05:45:02.885579+00:00,2021-10-16T00:00:00
NFL_WAS_00-0035659_2021W06_QUESTIONABLE_DNP,NFL,2021,6,2021_NFL_W06_KC_WAS,NFL_WAS,NFL_P_00-0035659,WR,,QUESTIONABLE,DNP,Hamstring,2021-10-16,nflverse,,2026-09-07T05:45:02.885579+00:00,2021-10-16T00:00:00
NFL_WAS_00-0036626_2021W06_QUESTIONABLE_LP,NFL,2021,6,2021_NFL_W06_KC_WAS,NFL_WAS,NFL_P_00-0036626,WR,,QUESTIONABLE,LP,Knee,2021-10-16,nflverse,,2026-09-07T05:45:02.885579+00:00,2021-10-16T00:00:00
NFL_WAS_00-0036328_2021W06_QUESTIONABLE_LP,NFL,2021,6,2021_NFL_W06_KC_WAS,NFL_WAS,NFL_P_00-0036328,RB,,QUESTIONABLE,LP,Shin,2021-10-16,nflverse,,2026-09-07T05:45:02.885579+00:00,2021-10-16T00:00:00
NFL_WAS_00-0036474_2021W06_QUESTIONABLE_LP,NFL,2021,6,2021_NFL_W06_KC_WAS,NFL_WAS,NFL_P_00-0036474,TE,,QUESTIONABLE,LP,Back,2021-10-16,nflverse,,2026-09-07T05:45:02.885579+00:00,2021-10-16T00:00:00
NFL_ARI_00-0034404_2021W07_NA_DNP,NFL,2021,7,2021_NFL_W07_HOU_ARI,NFL_ARI,NFL_P_00-0034404,LB,,UNKNOWN,DNP,Concussion,2021-10-23,nflverse,,2026-09-07T05:45:02.885579+00:00,2021-10-23T00:00:00
NFL_ARI_00-0032933_2021W07_NA_DNP,NFL,2021,7,2021_NFL_W07_HOU_ARI,NFL_ARI,NFL_P_00-0032933,CB,,UNKNOWN,DNP,Not injury related - resting player,2021-10-23,nflverse,,2026-09-07T05:45:02.885579+00:00,2021-10-23T00:00:00
NFL_ARI_00-0030564_2021W07_NA_DNP,NFL,2021,7,2021_NFL_W07_HOU_ARI,NFL_ARI,NFL_P_00-0030564,WR,,UNKNOWN,DNP,Not injury related - resting player,2021-10-23,nflverse,,2026-09-07T05:45:02.885579+00:00,2021-10-23T00:00:00
NFL_ARI_00-0033258_2021W07_OUT_DNP,NFL,2021,7,2021_NFL_W07_HOU_ARI,NFL_ARI,NFL_P_00-0033258,TE,,OUT,DNP,Hamstring,2021-10-23,nflverse,,2026-09-07T05:45:02.885579+00:00,2021-10-23T00:00:00
NFL_ARI_00-0036373_2021W07_OUT_DNP,NFL,2021,7,2021_NFL_W07_HOU_ARI,NFL_ARI,NFL_P_00-0036373,DL,,OUT,DNP,Calf,2021-10-23,nflverse,,2026-09-07T05:45:02.885579+00:00,2021-10-23T00:00:00
NFL_ARI_00-0032129_2021W07_QUESTIONABLE_LP,NFL,2021,7,2021_NFL_W07_HOU_ARI,NFL_ARI,NFL_P_00-0032129,LB,,QUESTIONABLE,LP,Toe,2021-10-23,nflverse,,2026-09-07T05:45:02.885579+00:00,2021-10-23T00:00:00
NFL_ARI_00-0031241_2021W07_QUESTIONABLE_LP,NFL,2021,7,2021_NFL_W07_HOU_ARI,NFL_ARI,NFL_P_00-0031241,LB,,QUESTIONABLE,LP,Shoulder,2021-10-23,nflverse,,2026-09-07T05:45:02.885579+00:00,2021-10-23T00:00:00
NFL_ARI_00-0033580_2021W07_QUESTIONABLE_LP,NFL,2021,7,2021_NFL_W07_HOU_ARI,NFL_ARI,NFL_P_00-0033580,LB,,QUESTIONABLE,LP,Hand,2021-10-23,nflverse,,2026-09-07T05:45:02.885579+00:00,2021-10-23T00:00:00
NFL_ATL_00-0032052_2021W07_OUT_DNP,NFL,2021,7,2021_NFL_W07_ATL_MIA,NFL_ATL,NFL_P_00-0032052,LB,,OUT,DNP,Knee,2021-10-23,nflverse,,2026-09-07T05:45:02.885579+00:00,2021-10-23T00:00:00
NFL_ATL_00-0036950_2021W07_DOUBTFUL_LP,NFL,2021,7,2021_NFL_W07_ATL_MIA,NFL_ATL,NFL_P_00-0036950,CB,,DOUBTFUL,LP,Hamstring,2021-10-23,nflverse,,2026-09-07T05:45:02.885579+00:00,2021-10-23T00:00:00
NFL_BAL_00-0026190_2021W07_NA_DNP,NFL,2021,7,2021_NFL_W07_CIN_BAL,NFL_BAL,NFL_P_00-0026190,EDGE,,UNKNOWN,DNP,Not injury related - resting player,2021-10-23,nflverse,,2026-09-07T05:45:02.885579+00:00,2021-10-23T00:00:00
NFL_BAL_00-0028008_2021W07_NA_DNP,NFL,2021,7,2021_NFL_W07_CIN_BAL,NFL_BAL,NFL_P_00-0028008,LB,,UNKNOWN,DNP,Not injury related - resting player,2021-10-23,nflverse,,2026-09-07T05:45:02.885579+00:00,2021-10-23T00:00:00
NFL_BAL_00-0028103_2021W07_NA_DNP,NFL,2021,7,2021_NFL_W07_CIN_BAL,NFL_BAL,NFL_P_00-0028103,LB,,UNKNOWN,DNP,Not injury related - resting player,2021-10-23,nflverse,,2026-09-07T05:45:02.885579+00:00,2021-10-23T00:00:00
NFL_BAL_00-0027965_2021W07_NA_DNP,NFL,2021,7,2021_NFL_W07_CIN_BAL,NFL_BAL,NFL_P_00-0027965,CB,,UNKNOWN,DNP,Not injury related - resting player,2021-10-23,nflverse,,2026-09-07T05:45:02.885579+00:00,2021-10-23T00:00:00
NFL_BAL_00-0030511_2021W07_NA_DNP,NFL,2021,7,2021_NFL_W07_CIN_BAL,NFL_BAL,NFL_P_00-0030511,DL,,UNKNOWN,DNP,Not injury related - resting player,2021-10-23,nflverse,,2026-09-07T05:45:02.885579+00:00,2021-10-23T00:00:00
NFL_BAL_00-0030513_2021W07_OUT_DNP,NFL,2021,7,2021_NFL_W07_CIN_BAL,NFL_BAL,NFL_P_00-0030513,RB,,OUT,DNP,Ankle,2021-10-23,nflverse,,2026-09-07T05:45:02.885579+00:00,2021-10-23T00:00:00
NFL_BAL_00-0031325_2021W07_OUT_DNP,NFL,2021,7,2021_NFL_W07_CIN_BAL,NFL_BAL,NFL_P_00-0031325,WR,,OUT,DNP,Thigh,2021-10-23,nflverse,,2026-09-07T05:45:02.885579+00:00,2021-10-23T00:00:00
NFL_BAL_00-0032770_2021W07_QUESTIONABLE_FP,NFL,2021,7,2021_NFL_W07_CIN_BAL,NFL_BAL,NFL_P_00-0032770,CB,,QUESTIONABLE,FP,Knee,2021-10-23,nflverse,,2026-09-07T05:45:02.885579+00:00,2021-10-23T00:00:00
NFL_BAL_00-0034281_2021W07_QUESTIONABLE_LP,NFL,2021,7,2021_NFL_W07_CIN_BAL,NFL_BAL,NFL_P_00-0034281,OL,,QUESTIONABLE,LP,Back,2021-10-23,nflverse,,2026-09-07T05:45:02.885579+00:00,2021-10-23T00:00:00
NFL_BAL_00-0036323_2021W07_QUESTIONABLE_LP,NFL,2021,7,2021_NFL_W07_CIN_BAL,NFL_BAL,NFL_P_00-0036323,LB,,QUESTIONABLE,LP,Thigh,2021-10-23,nflverse,,2026-09-07T05:45:02.885579+00:00,2021-10-23T00:00:00
NFL_BAL_00-0030648_2021W07_QUESTIONABLE_LP,NFL,2021,7,2021_NFL_W07_CIN_BAL,NFL_BAL,NFL_P_00-0030648,OL,,QUESTIONABLE,LP,Knee,2021-10-23,nflverse,,2026-09-07T05:45:02.885579+00:00,2021-10-23T00:00:00
NFL_CAR_00-0036955_2021W07_OUT_DNP,NFL,2021,7,2021_NFL_W07_CAR_NYG,NFL_CAR,NFL_P_00-0036955,WR,,OUT,DNP,Concussion,2021-10-23,nflverse,,2026-09-07T05:45:02.885579+00:00,2021-10-23T00:00:00
NFL_CAR_00-0035956_2021W07_OUT_DNP,NFL,2021,7,2021_NFL_W07_CAR_NYG,NFL_CAR,NFL_P_00-0035956,RB,,OUT,DNP,Concussion,2021-10-23,nflverse,,2026-09-07T05:45:02.885579+00:00,2021-10-23T00:00:00
NFL_CAR_00-0031550_2021W07_OUT_DNP,NFL,2021,7,2021_NFL_W07_CAR_NYG,NFL_CAR,NFL_P_00-0031550,LB,,OUT,DNP,Foot,2021-10-23,nflverse,,2026-09-07T05:45:02.885579+00:00,2021-10-23T00:00:00
NFL_CAR_00-0032145_2021W07_QUESTIONABLE_DNP,NFL,2021,7,2021_NFL_W07_CAR_NYG,NFL_CAR,NFL_P_00-0032145,OL,,QUESTIONABLE,DNP,Illness,2021-10-23,nflverse,,2026-09-07T05:45:02.885579+00:00,2021-10-23T00:00:00
NFL_CAR_00-0032543_2021W07_QUESTIONABLE_LP,NFL,2021,7,2021_NFL_W07_CAR_NYG,NFL_CAR,NFL_P_00-0032543,WR,,QUESTIONABLE,LP,Concussion,2021-10-23,nflverse,,2026-09-07T05:45:02.885579+00:00,2021-10-23T00:00:00
NFL_CHI_00-0029577_2021W07_NA_DNP,NFL,2021,7,2021_NFL_W07_CHI_TB,NFL_CHI,NFL_P_00-0029577,LB,,UNKNOWN,DNP,Not injury related - personal matter,2021-10-23,nflverse,,2026-09-07T05:45:02.885579+00:00,2021-10-23T00:00:00
NFL_CHI_00-0028924_2021W07_OUT_DNP,NFL,2021,7,2021_NFL_W07_CHI_TB,NFL_CHI,NFL_P_00-0028924,S,,OUT,DNP,Hip,2021-10-23,nflverse,,2026-09-07T05:45:02.885579+00:00,2021-10-23T00:00:00
NFL_CHI_00-0034387_2021W07_QUESTIONABLE_DNP,NFL,2021,7,2021_NFL_W07_CHI_TB,NFL_CHI,NFL_P_00-0034387,EDGE,,QUESTIONABLE,DNP,Knee,2021-10-23,nflverse,,2026-09-07T05:45:02.885579+00:00,2021-10-23T00:00:00
NFL_CHI_00-0035696_2021W07_QUESTIONABLE_DNP,NFL,2021,7,2021_NFL_W07_CHI_TB,NFL_CHI,NFL_P_00-0035696,CB,,QUESTIONABLE,DNP,Ankle,2021-10-23,nflverse,,2026-09-07T05:45:02.885579+00:00,2021-10-23T00:00:00
NFL_CHI_00-0032986_2021W07_QUESTIONABLE_FP,NFL,2021,7,2021_NFL_W07_CHI_TB,NFL_CHI,NFL_P_00-0032986,TE,,QUESTIONABLE,FP,Quadricep,2021-10-23,nflverse,,2026-09-07T05:45:02.885579+00:00,2021-10-23T00:00:00
NFL_CHI_00-0036704_2021W07_QUESTIONABLE_FP,NFL,2021,7,2021_NFL_W07_CHI_TB,NFL_CHI,NFL_P_00-0036704,LB,,QUESTIONABLE,FP,Knee,2021-10-23,nflverse,,2026-09-07T05:45:02.885579+00:00,2021-10-23T00:00:00
NFL_CHI_00-0032791_2021W07_QUESTIONABLE_LP,NFL,2021,7,2021_NFL_W07_CHI_TB,NFL_CHI,NFL_P_00-0032791,WR,,QUESTIONABLE,LP,Ankle,2021-10-23,nflverse,,2026-09-07T05:45:02.885579+00:00,2021-10-23T00:00:00
NFL_CHI_00-0029657_2021W07_QUESTIONABLE_LP,NFL,2021,7,2021_NFL_W07_CHI_TB,NFL_CHI,NFL_P_00-0029657,DL,,QUESTIONABLE,LP,Groin,2021-10-23,nflverse,,2026-09-07T05:45:02.885579+00:00,2021-10-23T00:00:00
NFL_CHI_00-0031040_2021W07_QUESTIONABLE_LP,NFL,2021,7,2021_NFL_W07_CHI_TB,NFL_CHI,NFL_P_00-0031040,LB,,QUESTIONABLE,LP,Foot,2021-10-23,nflverse,,2026-09-07T05:45:02.885579+00:00,2021-10-23T00:00:00
NFL_CHI_00-0031428_2021W07_QUESTIONABLE_LP,NFL,2021,7,2021_NFL_W07_CHI_TB,NFL_CHI,NFL_P_00-0031428,WR,,QUESTIONABLE,LP,Ankle,2021-10-23,nflverse,,2026-09-07T05:45:02.885579+00:00,2021-10-23T00:00:00
NFL_CIN_00-0036851_2021W07_QUESTIONABLE_DNP,NFL,2021,7,2021_NFL_W07_CIN_BAL,NFL_CIN,NFL_P_00-0036851,DL,,QUESTIONABLE,DNP,Illness,2021-10-23,nflverse,,2026-09-07T05:45:02.885579+00:00,2021-10-23T00:00:00
NFL_CIN_00-0034446_2021W07_QUESTIONABLE_LP,NFL,2021,7,2021_NFL_W07_CIN_BAL,NFL_CIN,NFL_P_00-0034446,CB,,QUESTIONABLE,LP,Ankle,2021-10-23,nflverse,,2026-09-07T05:45:02.885579+00:00,2021-10-23T00:00:00
NFL_CLE_00-0033923_2021W07_NA_DNP,NFL,2021,7,2021_NFL_W07_DEN_CLE,NFL_CLE,NFL_P_00-0033923,RB,,UNKNOWN,DNP,Calf,2021-10-21,nflverse,,2026-09-07T05:45:02.885579+00:00,2021-10-21T00:00:00
NFL_CLE_00-0036915_2021W07_NA_DNP,NFL,2021,7,2021_NFL_W07_DEN_CLE,NFL_CLE,NFL_P_00-0036915,LB,,UNKNOWN,DNP,Ankle,2021-10-21,nflverse,,2026-09-07T05:45:02.885579+00:00,2021-10-21T00:00:00
NFL_CLE_00-0033885_2021W07_NA_LP,NFL,2021,7,2021_NFL_W07_DEN_CLE,NFL_CLE,NFL_P_00-0033885,TE,,UNKNOWN,LP,Knee,2021-10-21,nflverse,,2026-09-07T05:45:02.885579+00:00,2021-10-21T00:00:00
NFL_CLE_00-0034791_2021W07_OUT_DNP,NFL,2021,7,2021_NFL_W07_DEN_CLE,NFL_CLE,NFL_P_00-0034791,RB,,OUT,DNP,Calf,2021-10-21,nflverse,,2026-09-07T05:45:02.885579+00:00,2021-10-21T00:00:00
NFL_CLE_00-0036114_2021W07_OUT_DNP,NFL,2021,7,2021_NFL_W07_DEN_CLE,NFL_CLE,NFL_P_00-0036114,CB,,OUT,DNP,Shoulder,2021-10-21,nflverse,,2026-09-07T05:45:02.885579+00:00,2021-10-21T00:00:00
NFL_CLE_00-0034855_2021W07_OUT_DNP,NFL,2021,7,2021_NFL_W07_DEN_CLE,NFL_CLE,NFL_P_00-0034855,QB,,OUT,DNP,left Shoulder,2021-10-21,nflverse,,2026-09-07T05:45:02.885579+00:00,2021-10-21T00:00:00
NFL_CLE_00-0031235_2021W07_QUESTIONABLE_DNP,NFL,2021,7,2021_NFL_W07_DEN_CLE,NFL_CLE,NFL_P_00-0031235,WR,,QUESTIONABLE,DNP,Shoulder,2021-10-21,nflverse,,2026-09-07T05:45:02.885579+00:00,2021-10-21T00:00:00
NFL_CLE_00-0031364_2021W07_QUESTIONABLE_LP,NFL,2021,7,2021_NFL_W07_DEN_CLE,NFL_CLE,NFL_P_00-0031364,EDGE,,QUESTIONABLE,LP,Ankle,2021-10-21,nflverse,,2026-09-07T05:45:02.885579+00:00,2021-10-21T00:00:00
NFL_CLE_00-0033057_2021W07_QUESTIONABLE_LP,NFL,2021,7,2021_NFL_W07_DEN_CLE,NFL_CLE,NFL_P_00-0033057,OL,,QUESTIONABLE,LP,Knee,2021-10-21,nflverse,,2026-09-07T05:45:02.885579+00:00,2021-10-21T00:00:00
NFL_CLE_00-0029568_2021W07_QUESTIONABLE_LP,NFL,2021,7,2021_NFL_W07_DEN_CLE,NFL_CLE,NFL_P_00-0029568,DL,,QUESTIONABLE,LP,Knee,2021-10-21,nflverse,,2026-09-07T05:45:02.885579+00:00,2021-10-21T00:00:00
NFL_CLE_00-0028180_2021W07_QUESTIONABLE_LP,NFL,2021,7,2021_NFL_W07_DEN_CLE,NFL_CLE,NFL_P_00-0028180,LB,,QUESTIONABLE,LP,Abdomen,2021-10-21,nflverse,,2026-09-07T05:45:02.885579+00:00,2021-10-21T00:00:00
NFL_CLE_00-0030076_2021W07_QUESTIONABLE_LP,NFL,2021,7,2021_NFL_W07_DEN_CLE,NFL_CLE,NFL_P_00-0030076,OL,,QUESTIONABLE,LP,Knee,2021-10-21,nflverse,,2026-09-07T05:45:02.885579+00:00,2021-10-21T00:00:00
NFL_CLE_00-0036267_2021W07_QUESTIONABLE_LP,NFL,2021,7,2021_NFL_W07_DEN_CLE,NFL_CLE,NFL_P_00-0036267,OL,,QUESTIONABLE,LP,Ankle,2021-10-21,nflverse,,2026-09-07T05:45:02.885579+00:00,2021-10-21T00:00:00
NFL_CLE_00-0035144_2021W07_QUESTIONABLE_LP,NFL,2021,7,2021_NFL_W07_DEN_CLE,NFL_CLE,NFL_P_00-0035144,LB,,QUESTIONABLE,LP,Calf,2021-10-21,nflverse,,2026-09-07T05:45:02.885579+00:00,2021-10-21T00:00:00
NFL_DEN_00-0034887_2021W07_NA_DNP,NFL,2021,7,2021_NFL_W07_DEN_CLE,NFL_DEN,NFL_P_00-0034887,LB,,UNKNOWN,DNP,Chest,2021-10-21,nflverse,,2026-09-07T05:45:02.885579+00:00,2021-10-21T00:00:00
NFL_DEN_00-0036725_2021W07_NA_DNP,NFL,2021,7,2021_NFL_W07_DEN_CLE,NFL_DEN,NFL_P_00-0036725,LB,,UNKNOWN,DNP,Hamstring,2021-10-21,nflverse,,2026-09-07T05:45:02.885579+00:00,2021-10-21T00:00:00
NFL_DEN_00-0036995_2021W07_OUT_DNP,NFL,2021,7,2021_NFL_W07_DEN_CLE,NFL_DEN,NFL_P_00-0036995,LB,,OUT,DNP,Concussion,2021-10-21,nflverse,,2026-09-07T05:45:02.885579+00:00,2021-10-21T00:00:00
NFL_DEN_00-0036465_2021W07_OUT_DNP,NFL,2021,7,2021_NFL_W07_DEN_CLE,NFL_DEN,NFL_P_00-0036465,LB,,OUT,DNP,Ankle,2021-10-21,nflverse,,2026-09-07T05:45:02.885579+00:00,2021-10-21T00:00:00
NFL_DEN_00-0033538_2021W07_QUESTIONABLE_LP,NFL,2021,7,2021_NFL_W07_DEN_CLE,NFL_DEN,NFL_P_00-0033538,OL,,QUESTIONABLE,LP,Knee,2021-10-21,nflverse,,2026-09-07T05:45:02.885579+00:00,2021-10-21T00:00:00
NFL_DEN_00-0031237_2021W07_QUESTIONABLE_LP,NFL,2021,7,2021_NFL_W07_DEN_CLE,NFL_DEN,NFL_P_00-0031237,QB,,QUESTIONABLE,LP,Foot,2021-10-21,nflverse,,2026-09-07T05:45:02.885579+00:00,2021-10-21T00:00:00
NFL_DEN_00-0036633_2021W07_QUESTIONABLE_LP,NFL,2021,7,2021_NFL_W07_DEN_CLE,NFL_DEN,NFL_P_00-0036633,S,,QUESTIONABLE,LP,Illness,2021-10-21,nflverse,,2026-09-07T05:45:02.885579+00:00,2021-10-21T00:00:00
NFL_DET_00-0034171_2021W07_QUESTIONABLE_LP,NFL,2021,7,2021_NFL_W07_DET_LAR,NFL_DET,NFL_P_00-0034171,RB,,QUESTIONABLE,LP,Hip,2021-10-23,nflverse,,2026-09-07T05:45:02.885579+00:00,2021-10-23T00:00:00
NFL_DET_00-0031566_2021W07_QUESTIONABLE_LP,NFL,2021,7,2021_NFL_W07_DET_LAR,NFL_DET,NFL_P_00-0031566,LB,,QUESTIONABLE,LP,Knee,2021-10-23,nflverse,,2026-09-07T05:45:02.885579+00:00,2021-10-23T00:00:00
NFL_DET_00-0035229_2021W07_QUESTIONABLE_LP,NFL,2021,7,2021_NFL_W07_DET_LAR,NFL_DET,NFL_P_00-0035229,TE,,QUESTIONABLE,LP,Knee,2021-10-23,nflverse,,2026-09-07T05:45:02.885579+00:00,2021-10-23T00:00:00
NFL_DET_00-0036275_2021W07_QUESTIONABLE_LP,NFL,2021,7,2021_NFL_W07_DET_LAR,NFL_DET,NFL_P_00-0036275,RB,,QUESTIONABLE,LP,Groin,2021-10-23,nflverse,,2026-09-07T05:45:02.885579+00:00,2021-10-23T00:00:00
NFL_GB_00-0029419_2021W07_OUT_DNP,NFL,2021,7,2021_NFL_W07_WAS_GB,NFL_GB,NFL_P_00-0029419,OL,,OUT,DNP,Back,2021-10-23,nflverse,,2026-09-07T05:45:02.885579+00:00,2021-10-23T00:00:00
NFL_GB_00-0036622_2021W07_OUT_DNP,NFL,2021,7,2021_NFL_W07_WAS_GB,NFL_GB,NFL_P_00-0036622,OL,,OUT,DNP,Knee,2021-10-23,nflverse,,2026-09-07T05:45:02.885579+00:00,2021-10-23T00:00:00
NFL_GB_00-0033524_2021W07_QUESTIONABLE_LP,NFL,2021,7,2021_NFL_W07_WAS_GB,NFL_GB,NFL_P_00-0033524,CB,,QUESTIONABLE,LP,Shoulder,2021-10-23,nflverse,,2026-09-07T05:45:02.885579+00:00,2021-10-23T00:00:00
NFL_GB_00-0034968_2021W07_QUESTIONABLE_LP,NFL,2021,7,2021_NFL_W07_WAS_GB,NFL_GB,NFL_P_00-0034968,S,,QUESTIONABLE,LP,Concussion,2021-10-23,nflverse,,2026-09-07T05:45:02.885579+00:00,2021-10-23T00:00:00
NFL_GB_00-0031935_2021W07_QUESTIONABLE_LP,NFL,2021,7,2021_NFL_W07_WAS_GB,NFL_GB,NFL_P_00-0031935,LB,,QUESTIONABLE,LP,Oblique,2021-10-23,nflverse,,2026-09-07T05:45:02.885579+00:00,2021-10-23T00:00:00
NFL_HOU_00-0036289_2021W07_NA_DNP,NFL,2021,7,2021_NFL_W07_HOU_ARI,NFL_HOU,NFL_P_00-0036289,DL,,UNKNOWN,DNP,Not injury related - personal matter,2021-10-23,nflverse,,2026-09-07T05:45:02.885579+00:00,2021-10-23T00:00:00
NFL_HOU_00-0031338_2021W07_NA_DNP,NFL,2021,7,2021_NFL_W07_HOU_ARI,NFL_HOU,NFL_P_00-0031338,S,,UNKNOWN,DNP,Chest,2021-10-23,nflverse,,2026-09-07T05:45:02.885579+00:00,2021-10-23T00:00:00
NFL_HOU_00-0031236_2021W07_NA_DNP,NFL,2021,7,2021_NFL_W07_HOU_ARI,NFL_HOU,NFL_P_00-0031236,WR,,UNKNOWN,DNP,Not injury related - resting player,2021-10-23,nflverse,,2026-09-07T05:45:02.885579+00:00,2021-10-23T00:00:00
NFL_HOU_00-0033940_2021W07_OUT_DNP,NFL,2021,7,2021_NFL_W07_HOU_ARI,NFL_HOU,NFL_P_00-0033940,DL,,OUT,DNP,Back,2021-10-23,nflverse,,2026-09-07T05:45:02.885579+00:00,2021-10-23T00:00:00
NFL_HOU_00-0033537_2021W07_OUT_DNP,NFL,2021,7,2021_NFL_W07_HOU_ARI,NFL_HOU,NFL_P_00-0033537,QB,,OUT,DNP,Not injury related - personal matter,2021-10-23,nflverse,,2026-09-07T05:45:02.885579+00:00,2021-10-23T00:00:00
NFL_HOU_00-0031282_2021W07_QUESTIONABLE_LP,NFL,2021,7,2021_NFL_W07_HOU_ARI,NFL_HOU,NFL_P_00-0031282,OL,,QUESTIONABLE,LP,Knee,2021-10-23,nflverse,,2026-09-07T05:45:02.885579+00:00,2021-10-23T00:00:00
NFL_HOU_00-0036554_2021W07_QUESTIONABLE_LP,NFL,2021,7,2021_NFL_W07_HOU_ARI,NFL_HOU,NFL_P_00-0036554,WR,,QUESTIONABLE,LP,Foot,2021-10-23,nflverse,,2026-09-07T05:45:02.885579+00:00,2021-10-23T00:00:00
NFL_HOU_00-0032128_2021W07_QUESTIONABLE_LP,NFL,2021,7,2021_NFL_W07_HOU_ARI,NFL_HOU,NFL_P_00-0032128,WR,,QUESTIONABLE,LP,Neck,2021-10-23,nflverse,,2026-09-07T05:45:02.885579+00:00,2021-10-23T00:00:00
NFL_IND_00-0034359_2021W07_NA_LP,NFL,2021,7,2021_NFL_W07_IND_SF,NFL_IND,NFL_P_00-0034359,EDGE,,UNKNOWN,LP,Elbow,2021-10-24,nflverse,,2026-09-07T05:45:02.885579+00:00,2021-10-24T00:00:00
NFL_IND_00-0036253_2021W07_OUT_DNP,NFL,2021,7,2021_NFL_W07_IND_SF,NFL_IND,NFL_P_00-0036253,S,,OUT,DNP,Achilles,2021-10-24,nflverse,,2026-09-07T05:45:02.885579+00:00,2021-10-24T00:00:00
NFL_IND_00-0034354_2021W07_OUT_DNP,NFL,2021,7,2021_NFL_W07_IND_SF,NFL_IND,NFL_P_00-0034354,EDGE,,OUT,DNP,Groin,2021-10-24,nflverse,,2026-09-07T05:45:02.885579+00:00,2021-10-24T00:00:00
NFL_IND_00-0034400_2021W07_OUT_DNP,NFL,2021,7,2021_NFL_W07_IND_SF,NFL_IND,NFL_P_00-0034400,RB,,OUT,DNP,Non-Football Illness,2021-10-24,nflverse,,2026-09-07T05:45:02.885579+00:00,2021-10-24T00:00:00
NFL_IND_00-0035637_2021W07_OUT_DNP,NFL,2021,7,2021_NFL_W07_IND_SF,NFL_IND,NFL_P_00-0035637,CB,,OUT,DNP,Ankle,2021-10-24,nflverse,,2026-09-07T05:45:02.885579+00:00,2021-10-24T00:00:00
NFL_IND_00-0034836_2021W07_OUT_LP,NFL,2021,7,2021_NFL_W07_IND_SF,NFL_IND,NFL_P_00-0034836,OL,,OUT,LP,Foot,2021-10-24,nflverse,,2026-09-07T05:45:02.885579+00:00,2021-10-24T00:00:00
NFL_IND_00-0029608_2021W07_QUESTIONABLE_DNP,NFL,2021,7,2021_NFL_W07_IND_SF,NFL_IND,NFL_P_00-0029608,WR,,QUESTIONABLE,DNP,Quadricep,2021-10-24,nflverse,,2026-09-07T05:45:02.885579+00:00,2021-10-24T00:00:00
NFL_KC_00-0031595_2021W07_OUT_DNP,NFL,2021,7,2021_NFL_W07_KC_TEN,NFL_KC,NFL_P_00-0031595,RB,,OUT,DNP,Pectoral,2021-10-23,nflverse,,2026-09-07T05:45:02.885579+00:00,2021-10-23T00:00:00
NFL_KC_00-0035547_2021W07_OUT_DNP,NFL,2021,7,2021_NFL_W07_KC_TEN,NFL_KC,NFL_P_00-0035547,TE,,OUT,DNP,Achilles,2021-10-23,nflverse,,2026-09-07T05:45:02.885579+00:00,2021-10-23T00:00:00
NFL_KC_00-0031348_2021W07_OUT_DNP,NFL,2021,7,2021_NFL_W07_KC_TEN,NFL_KC,NFL_P_00-0031348,LB,,OUT,DNP,Triceps,2021-10-23,nflverse,,2026-09-07T05:45:02.885579+00:00,2021-10-23T00:00:00
NFL_KC_00-0032762_2021W07_QUESTIONABLE_FP,NFL,2021,7,2021_NFL_W07_KC_TEN,NFL_KC,NFL_P_00-0032762,EDGE,,QUESTIONABLE,FP,Wrist,2021-10-23,nflverse,,2026-09-07T05:45:02.885579+00:00,2021-10-23T00:00:00
NFL_KC_00-0032391_2021W07_QUESTIONABLE_FP,NFL,2021,7,2021_NFL_W07_KC_TEN,NFL_KC,NFL_P_00-0032391,OL,,QUESTIONABLE,FP,Hand,2021-10-23,nflverse,,2026-09-07T05:45:02.885579+00:00,2021-10-23T00:00:00
NFL_KC_00-0033040_2021W07_QUESTIONABLE_LP,NFL,2021,7,2021_NFL_W07_KC_TEN,NFL_KC,NFL_P_00-0033040,WR,,QUESTIONABLE,LP,Quadricep,2021-10-23,nflverse,,2026-09-07T05:45:02.885579+00:00,2021-10-23T00:00:00
NFL_KC_00-0034573_2021W07_QUESTIONABLE_LP,NFL,2021,7,2021_NFL_W07_KC_TEN,NFL_KC,NFL_P_00-0034573,CB,,QUESTIONABLE,LP,Quadricep,2021-10-23,nflverse,,2026-09-07T05:45:02.885579+00:00,2021-10-23T00:00:00
NFL_LAR_00-0026189_2021W07_NA_DNP,NFL,2021,7,2021_NFL_W07_DET_LAR,NFL_LAR,NFL_P_00-0026189,WR,,UNKNOWN,DNP,Not injury related - resting player,2021-10-23,nflverse,,2026-09-07T05:45:02.885579+00:00,2021-10-23T00:00:00
NFL_LAR_00-0034845_2021W07_QUESTIONABLE_LP,NFL,2021,7,2021_NFL_W07_DET_LAR,NFL_LAR,NFL_P_00-0034845,RB,,QUESTIONABLE,LP,Shoulder,2021-10-23,nflverse,,2026-09-07T05:45:02.885579+00:00,2021-10-23T00:00:00
NFL_LV_00-0036083_2021W07_OUT_DNP,NFL,2021,7,2021_NFL_W07_PHI_LV,NFL_LV,NFL_P_00-0036083,TE,,OUT,DNP,Neck,2021-10-23,nflverse,,2026-09-07T05:45:02.885579+00:00,2021-10-23T00:00:00
NFL_LV_00-0032416_2021W07_QUESTIONABLE_DNP,NFL,2021,7,2021_NFL_W07_PHI_LV,NFL_LV,NFL_P_00-0032416,DL,,QUESTIONABLE,DNP,Not injury related - personal matter,2021-10-23,nflverse,,2026-09-07T05:45:02.885579+00:00,2021-10-23T00:00:00
NFL_LV_00-0031610_2021W07_QUESTIONABLE_LP,NFL,2021,7,2021_NFL_W07_PHI_LV,NFL_LV,NFL_P_00-0031610,TE,,QUESTIONABLE,LP,Ankle,2021-10-23,nflverse,,2026-09-07T05:45:02.885579+00:00,2021-10-23T00:00:00
NFL_MIA_00-0033119_2021W07_NA_LP,NFL,2021,7,2021_NFL_W07_ATL_MIA,NFL_MIA,NFL_P_00-0033119,QB,,UNKNOWN,LP,Hamstring,2021-10-23,nflverse,,2026-09-07T05:45:02.885579+00:00,2021-10-23T00:00:00
NFL_MIA_00-0031806_2021W07_NA_LP,NFL,2021,7,2021_NFL_W07_ATL_MIA,NFL_MIA,NFL_P_00-0031806,RB,,UNKNOWN,LP,Ribs,2021-10-23,nflverse,,2026-09-07T05:45:02.885579+00:00,2021-10-23T00:00:00
NFL_MIA_00-0030070_2021W07_NA_LP,NFL,2021,7,2021_NFL_W07_ATL_MIA,NFL_MIA,NFL_P_00-0030070,DL,,UNKNOWN,LP,Knee,2021-10-23,nflverse,,2026-09-07T05:45:02.885579+00:00,2021-10-23T00:00:00
NFL_MIA_00-0036221_2021W07_NA_LP,NFL,2021,7,2021_NFL_W07_ATL_MIA,NFL_MIA,NFL_P_00-0036221,S,,UNKNOWN,LP,Ankle,2021-10-23,nflverse,,2026-09-07T05:45:02.885579+00:00,2021-10-23T00:00:00
NFL_MIA_00-0036212_2021W07_NA_LP,NFL,2021,7,2021_NFL_W07_ATL_MIA,NFL_MIA,NFL_P_00-0036212,QB,,UNKNOWN,LP,Ribs,2021-10-23,nflverse,,2026-09-07T05:45:02.885579+00:00,2021-10-23T00:00:00
NFL_MIA_00-0033050_2021W07_QUESTIONABLE_LP,NFL,2021,7,2021_NFL_W07_ATL_MIA,NFL_MIA,NFL_P_00-0033050,CB,,QUESTIONABLE,LP,Shoulder,2021-10-23,nflverse,,2026-09-07T05:45:02.885579+00:00,2021-10-23T00:00:00
NFL_MIA_00-0036287_2021W07_QUESTIONABLE_LP,NFL,2021,7,2021_NFL_W07_ATL_MIA,NFL_MIA,NFL_P_00-0036287,CB,,QUESTIONABLE,LP,Knee,2021-10-23,nflverse,,2026-09-07T05:45:02.885579+00:00,2021-10-23T00:00:00
NFL_MIA_00-0032239_2021W07_QUESTIONABLE_LP,NFL,2021,7,2021_NFL_W07_ATL_MIA,NFL_MIA,NFL_P_00-0032239,CB,,QUESTIONABLE,LP,Achilles,2021-10-23,nflverse,,2026-09-07T05:45:02.885579+00:00,2021-10-23T00:00:00
NFL_MIA_00-0031923_2021W07_QUESTIONABLE_LP,NFL,2021,7,2021_NFL_W07_ATL_MIA,NFL_MIA,NFL_P_00-0031923,OL,,QUESTIONABLE,LP,Groin,2021-10-23,nflverse,,2026-09-07T05:45:02.885579+00:00,2021-10-23T00:00:00
NFL_MIA_00-0031547_2021W07_QUESTIONABLE_LP,NFL,2021,7,2021_NFL_W07_ATL_MIA,NFL_MIA,NFL_P_00-0031547,WR,,QUESTIONABLE,LP,Shoulder,2021-10-23,nflverse,,2026-09-07T05:45:02.885579+00:00,2021-10-23T00:00:00
NFL_MIA_00-0036934_2021W07_QUESTIONABLE_LP,NFL,2021,7,2021_NFL_W07_ATL_MIA,NFL_MIA,NFL_P_00-0036934,LB,,QUESTIONABLE,LP,Ankle,2021-10-23,nflverse,,2026-09-07T05:45:02.885579+00:00,2021-10-23T00:00:00
NFL_MIA_00-0035350_2021W07_QUESTIONABLE_LP,NFL,2021,7,2021_NFL_W07_ATL_MIA,NFL_MIA,NFL_P_00-0035350,WR,,QUESTIONABLE,LP,Groin,2021-10-23,nflverse,,2026-09-07T05:45:02.885579+00:00,2021-10-23T00:00:00
NFL_NE_00-0032580_2021W07_OUT_DNP,NFL,2021,7,2021_NFL_W07_NYJ_NE,NFL_NE,NFL_P_00-0032580,CB,,OUT,DNP,Shoulder,2021-10-23,nflverse,,2026-09-07T05:45:02.885579+00:00,2021-10-23T00:00:00
NFL_NE_00-0036559_2021W07_OUT_DNP,NFL,2021,7,2021_NFL_W07_NYJ_NE,NFL_NE,NFL_P_00-0036559,CB,,OUT,DNP,Concussion,2021-10-23,nflverse,,2026-09-07T05:45:02.885579+00:00,2021-10-23T00:00:00
NFL_NE_00-0033860_2021W07_QUESTIONABLE_DNP,NFL,2021,7,2021_NFL_W07_NYJ_NE,NFL_NE,NFL_P_00-0033860,DL,,QUESTIONABLE,DNP,Finger,2021-10-23,nflverse,,2026-09-07T05:45:02.885579+00:00,2021-10-23T00:00:00
NFL_NE_00-0029669_2021W07_QUESTIONABLE_DNP,NFL,2021,7,2021_NFL_W07_NYJ_NE,NFL_NE,NFL_P_00-0029669,LB,,QUESTIONABLE,DNP,Elbow,2021-10-23,nflverse,,2026-09-07T05:45:02.885579+00:00,2021-10-23T00:00:00
NFL_NE_00-0036981_2021W07_QUESTIONABLE_LP,NFL,2021,7,2021_NFL_W07_NYJ_NE,NFL_NE,NFL_P_00-0036981,DL,,QUESTIONABLE,LP,Shoulder,2021-10-23,nflverse,,2026-09-07T05:45:02.885579+00:00,2021-10-23T00:00:00
NFL_NE_00-0034385_2021W07_QUESTIONABLE_LP,NFL,2021,7,2021_NFL_W07_NYJ_NE,NFL_NE,NFL_P_00-0034385,LB,,QUESTIONABLE,LP,Ribs,2021-10-23,nflverse,,2026-09-07T05:45:02.885579+00:00,2021-10-23T00:00:00
NFL_NE_00-0029239_2021W07_QUESTIONABLE_LP,NFL,2021,7,2021_NFL_W07_NYJ_NE,NFL_NE,NFL_P_00-0029239,RB,,QUESTIONABLE,LP,Thigh,2021-10-23,nflverse,,2026-09-07T05:45:02.885579+00:00,2021-10-23T00:00:00
NFL_NE_00-0036231_2021W07_QUESTIONABLE_LP,NFL,2021,7,2021_NFL_W07_NYJ_NE,NFL_NE,NFL_P_00-0036231,S,,QUESTIONABLE,LP,Knee,2021-10-23,nflverse,,2026-09-07T05:45:02.885579+00:00,2021-10-23T00:00:00
NFL_NE_00-0025565_2021W07_QUESTIONABLE_LP,NFL,2021,7,2021_NFL_W07_NYJ_NE,NFL_NE,NFL_P_00-0025565,K,,QUESTIONABLE,LP,left Knee,2021-10-23,nflverse,,2026-09-07T05:45:02.885579+00:00,2021-10-23T00:00:00
NFL_NE_00-0031856_2021W07_QUESTIONABLE_LP,NFL,2021,7,2021_NFL_W07_NYJ_NE,NFL_NE,NFL_P_00-0031856,LB,,QUESTIONABLE,LP,Thigh,2021-10-23,nflverse,,2026-09-07T05:45:02.885579+00:00,2021-10-23T00:00:00
NFL_NE_00-0031580_2021W07_QUESTIONABLE_LP,NFL,2021,7,2021_NFL_W07_NYJ_NE,NFL_NE,NFL_P_00-0031580,OL,,QUESTIONABLE,LP,Abdomen,2021-10-23,nflverse,,2026-09-07T05:45:02.885579+00:00,2021-10-23T00:00:00
NFL_NE_00-0032803_2021W07_QUESTIONABLE_LP,NFL,2021,7,2021_NFL_W07_NYJ_NE,NFL_NE,NFL_P_00-0032803,CB,,QUESTIONABLE,LP,Hamstring,2021-10-23,nflverse,,2026-09-07T05:45:02.885579+00:00,2021-10-23T00:00:00
NFL_NE_00-0031404_2021W07_QUESTIONABLE_LP,NFL,2021,7,2021_NFL_W07_NYJ_NE,NFL_NE,NFL_P_00-0031404,S,,QUESTIONABLE,LP,Back,2021-10-23,nflverse,,2026-09-07T05:45:02.885579+00:00,2021-10-23T00:00:00
NFL_NE_00-0036159_2021W07_QUESTIONABLE_LP,NFL,2021,7,2021_NFL_W07_NYJ_NE,NFL_NE,NFL_P_00-0036159,LB,,QUESTIONABLE,LP,Shoulder,2021-10-23,nflverse,,2026-09-07T05:45:02.885579+00:00,2021-10-23T00:00:00
NFL_NE_00-0031360_2021W07_QUESTIONABLE_LP,NFL,2021,7,2021_NFL_W07_NYJ_NE,NFL_NE,NFL_P_00-0031360,LB,,QUESTIONABLE,LP,Groin,2021-10-23,nflverse,,2026-09-07T05:45:02.885579+00:00,2021-10-23T00:00:00
NFL_NE_00-0033947_2021W07_QUESTIONABLE_LP,NFL,2021,7,2021_NFL_W07_NYJ_NE,NFL_NE,NFL_P_00-0033947,EDGE,,QUESTIONABLE,LP,Knee,2021-10-23,nflverse,,2026-09-07T05:45:02.885579+00:00,2021-10-23T00:00:00
NFL_NO_00-0028237_2021W07_NA_DNP,NFL,2021,7,2021_NFL_W07_NO_SEA,NFL_NO,NFL_P_00-0028237,WR,,UNKNOWN,DNP,Not injury related - personal matter,2021-10-25,nflverse,,2026-09-07T05:45:02.885579+00:00,2021-10-25T00:00:00
NFL_NO_00-0030067_2021W07_NA_LP,NFL,2021,7,2021_NFL_W07_NO_SEA,NFL_NO,NFL_P_00-0030067,OL,,UNKNOWN,LP,Elbow,2021-10-25,nflverse,,2026-09-07T05:45:02.885579+00:00,2021-10-25T00:00:00
NFL_NO_00-0035242_2021W07_NA_LP,NFL,2021,7,2021_NFL_W07_NO_SEA,NFL_NO,NFL_P_00-0035242,OL,,UNKNOWN,LP,Calf,2021-10-25,nflverse,,2026-09-07T05:45:02.885579+00:00,2021-10-25T00:00:00
NFL_NO_00-0035215_2021W07_OUT_DNP,NFL,2021,7,2021_NFL_W07_NO_SEA,NFL_NO,NFL_P_00-0035215,WR,,OUT,DNP,Hamstring,2021-10-25,nflverse,,2026-09-07T05:45:02.885579+00:00,2021-10-25T00:00:00
NFL_NO_00-0033357_2021W07_OUT_DNP,NFL,2021,7,2021_NFL_W07_NO_SEA,NFL_NO,NFL_P_00-0033357,QB,,OUT,DNP,Concussion,2021-10-25,nflverse,,2026-09-07T05:45:02.885579+00:00,2021-10-25T00:00:00
NFL_NO_00-0036926_2021W07_OUT_DNP,NFL,2021,7,2021_NFL_W07_NO_SEA,NFL_NO,NFL_P_00-0036926,EDGE,,OUT,DNP,Calf,2021-10-25,nflverse,,2026-09-07T05:45:02.885579+00:00,2021-10-25T00:00:00
NFL_NO_00-0032450_2021W07_OUT_DNP,NFL,2021,7,2021_NFL_W07_NO_SEA,NFL_NO,NFL_P_00-0032450,RB,,OUT,DNP,Neck,2021-10-25,nflverse,,2026-09-07T05:45:02.885579+00:00,2021-10-25T00:00:00
NFL_NYG_00-0034839_2021W07_NA_LP,NFL,2021,7,2021_NFL_W07_CAR_NYG,NFL_NYG,NFL_P_00-0034839,CB,,UNKNOWN,LP,Hamstring,2021-10-23,nflverse,,2026-09-07T05:45:02.885579+00:00,2021-10-23T00:00:00
NFL_NYG_00-0036132_2021W07_NA_LP,NFL,2021,7,2021_NFL_W07_CAR_NYG,NFL_NYG,NFL_P_00-0036132,OL,,UNKNOWN,LP,Hand,2021-10-23,nflverse,,2026-09-07T05:45:02.885579+00:00,2021-10-23T00:00:00
NFL_NYG_00-0034988_2021W07_NA_LP,NFL,2021,7,2021_NFL_W07_CAR_NYG,NFL_NYG,NFL_P_00-0034988,TE,,UNKNOWN,LP,Knee,2021-10-23,nflverse,,2026-09-07T05:45:02.885579+00:00,2021-10-23T00:00:00
NFL_NYG_00-0034844_2021W07_OUT_DNP,NFL,2021,7,2021_NFL_W07_CAR_NYG,NFL_NYG,NFL_P_00-0034844,RB,,OUT,DNP,Ankle,2021-10-23,nflverse,,2026-09-07T05:45:02.885579+00:00,2021-10-23T00:00:00
NFL_NYG_00-0033932_2021W07_OUT_DNP,NFL,2021,7,2021_NFL_W07_CAR_NYG,NFL_NYG,NFL_P_00-0033932,WR,,OUT,DNP,Knee,2021-10-23,nflverse,,2026-09-07T05:45:02.885579+00:00,2021-10-23T00:00:00
NFL_NYG_00-0036913_2021W07_OUT_DNP,NFL,2021,7,2021_NFL_W07_CAR_NYG,NFL_NYG,NFL_P_00-0036913,WR,,OUT,DNP,Ankle,2021-10-23,nflverse,,2026-09-07T05:45:02.885579+00:00,2021-10-23T00:00:00
NFL_NYG_00-0032143_2021W07_DOUBTFUL_LP,NFL,2021,7,2021_NFL_W07_CAR_NYG,NFL_NYG,NFL_P_00-0032143,DL,,DOUBTFUL,LP,Pectoral,2021-10-23,nflverse,,2026-09-07T05:45:02.885579+00:00,2021-10-23T00:00:00
NFL_NYG_00-0036167_2021W07_QUESTIONABLE_NA,NFL,2021,7,2021_NFL_W07_CAR_NYG,NFL_NYG,NFL_P_00-0036167,LB,,QUESTIONABLE,,Thigh,2021-10-23,nflverse,,2026-09-07T05:45:02.885579+00:00,2021-10-23T00:00:00
NFL_NYG_00-0033881_2021W07_QUESTIONABLE_LP,NFL,2021,7,2021_NFL_W07_CAR_NYG,NFL_NYG,NFL_P_00-0033881,TE,,QUESTIONABLE,LP,Calf,2021-10-23,nflverse,,2026-09-07T05:45:02.885579+00:00,2021-10-23T00:00:00
NFL_NYG_00-0033460_2021W07_QUESTIONABLE_LP,NFL,2021,7,2021_NFL_W07_CAR_NYG,NFL_NYG,NFL_P_00-0033460,WR,,QUESTIONABLE,LP,Hamstring,2021-10-23,nflverse,,2026-09-07T05:45:02.885579+00:00,2021-10-23T00:00:00
NFL_NYG_00-0032385_2021W07_QUESTIONABLE_LP,NFL,2021,7,2021_NFL_W07_CAR_NYG,NFL_NYG,NFL_P_00-0032385,WR,,QUESTIONABLE,LP,Hamstring,2021-10-23,nflverse,,2026-09-07T05:45:02.885579+00:00,2021-10-23T00:00:00
NFL_NYG_00-0035535_2021W07_QUESTIONABLE_LP,NFL,2021,7,2021_NFL_W07_CAR_NYG,NFL_NYG,NFL_P_00-0035535,WR,,QUESTIONABLE,LP,Hamstring,2021-10-23,nflverse,,2026-09-07T05:45:02.885579+00:00,2021-10-23T00:00:00
NFL_NYJ_00-0033770_2021W07_NA_DNP,NFL,2021,7,2021_NFL_W07_NYJ_NE,NFL_NYJ,NFL_P_00-0033770,CB,,UNKNOWN,DNP,Not injury related - personal matter,2021-10-23,nflverse,,2026-09-07T05:45:02.885579+00:00,2021-10-23T00:00:00
NFL_NYJ_00-0032214_2021W07_OUT_DNP,NFL,2021,7,2021_NFL_W07_NYJ_NE,NFL_NYJ,NFL_P_00-0032214,TE,,OUT,DNP,Back,2021-10-23,nflverse,,2026-09-07T05:45:02.885579+00:00,2021-10-23T00:00:00
NFL_NYJ_00-0031296_2021W07_DOUBTFUL_DNP,NFL,2021,7,2021_NFL_W07_NYJ_NE,NFL_NYJ,NFL_P_00-0031296,LB,,DOUBTFUL,DNP,Hamstring,2021-10-23,nflverse,,2026-09-07T05:45:02.885579+00:00,2021-10-23T00:00:00
NFL_NYJ_00-0032058_2021W07_QUESTIONABLE_LP,NFL,2021,7,2021_NFL_W07_NYJ_NE,NFL_NYJ,NFL_P_00-0032058,RB,,QUESTIONABLE,LP,Hamstring,2021-10-23,nflverse,,2026-09-07T05:45:02.885579+00:00,2021-10-23T00:00:00
NFL_PHI_00-0037002_2021W07_NA_LP,NFL,2021,7,2021_NFL_W07_PHI_LV,NFL_PHI,NFL_P_00-0037002,OL,,UNKNOWN,LP,Knee,2021-10-23,nflverse,,2026-09-07T05:45:02.885579+00:00,2021-10-23T00:00:00
NFL_PHI_00-0034351_2021W07_NA_LP,NFL,2021,7,2021_NFL_W07_PHI_LV,NFL_PHI,NFL_P_00-0034351,TE,,UNKNOWN,LP,Illness,2021-10-23,nflverse,,2026-09-07T05:45:02.885579+00:00,2021-10-23T00:00:00
NFL_PHI_00-0031911_2021W07_NA_LP,NFL,2021,7,2021_NFL_W07_PHI_LV,NFL_PHI,NFL_P_00-0031911,LS,,UNKNOWN,LP,Hamstring,2021-10-23,nflverse,,2026-09-07T05:45:02.885579+00:00,2021-10-23T00:00:00
NFL_PHI_00-0036577_2021W07_QUESTIONABLE_DNP,NFL,2021,7,2021_NFL_W07_PHI_LV,NFL_PHI,NFL_P_00-0036577,OL,,QUESTIONABLE,DNP,Hamstring,2021-10-23,nflverse,,2026-09-07T05:45:02.885579+00:00,2021-10-23T00:00:00
NFL_PHI_00-0031799_2021W07_QUESTIONABLE_DNP,NFL,2021,7,2021_NFL_W07_PHI_LV,NFL_PHI,NFL_P_00-0031799,S,,QUESTIONABLE,DNP,Hands,2021-10-23,nflverse,,2026-09-07T05:45:02.885579+00:00,2021-10-23T00:00:00
NFL_SEA_00-0026166_2021W07_NA_DNP,NFL,2021,7,2021_NFL_W07_NO_SEA,NFL_SEA,NFL_P_00-0026166,OL,,UNKNOWN,DNP,Not injury related - resting player,2021-10-25,nflverse,,2026-09-07T05:45:02.885579+00:00,2021-10-25T00:00:00
NFL_SEA_00-0027662_2021W07_NA_DNP,NFL,2021,7,2021_NFL_W07_NO_SEA,NFL_SEA,NFL_P_00-0027662,LB,,UNKNOWN,DNP,Not injury related - resting player,2021-10-25,nflverse,,2026-09-07T05:45:02.885579+00:00,2021-10-25T00:00:00
NFL_SEA_00-0031367_2021W07_NA_DNP,NFL,2021,7,2021_NFL_W07_NO_SEA,NFL_SEA,NFL_P_00-0031367,OL,,UNKNOWN,DNP,Not injury related - resting player,2021-10-25,nflverse,,2026-09-07T05:45:02.885579+00:00,2021-10-25T00:00:00
NFL_SEA_00-0035640_2021W07_NA_LP,NFL,2021,7,2021_NFL_W07_NO_SEA,NFL_SEA,NFL_P_00-0035640,WR,,UNKNOWN,LP,Foot,2021-10-25,nflverse,,2026-09-07T05:45:02.885579+00:00,2021-10-25T00:00:00
NFL_SEA_00-0029255_2021W07_NA_LP,NFL,2021,7,2021_NFL_W07_NO_SEA,NFL_SEA,NFL_P_00-0029255,LB,,UNKNOWN,LP,Not injury related - resting player,2021-10-25,nflverse,,2026-09-07T05:45:02.885579+00:00,2021-10-25T00:00:00
NFL_SEA_00-0036304_2021W07_QUESTIONABLE_DNP,NFL,2021,7,2021_NFL_W07_NO_SEA,NFL_SEA,NFL_P_00-0036304,CB,,QUESTIONABLE,DNP,Knee,2021-10-25,nflverse,,2026-09-07T05:45:02.885579+00:00,2021-10-25T00:00:00
NFL_SEA_00-0032426_2021W07_QUESTIONABLE_LP,NFL,2021,7,2021_NFL_W07_NO_SEA,NFL_SEA,NFL_P_00-0032426,RB,,QUESTIONABLE,LP,Groin,2021-10-25,nflverse,,2026-09-07T05:45:02.885579+00:00,2021-10-25T00:00:00
NFL_SEA_00-0036417_2021W07_QUESTIONABLE_LP,NFL,2021,7,2021_NFL_W07_NO_SEA,NFL_SEA,NFL_P_00-0036417,OL,,QUESTIONABLE,LP,Shoulder,2021-10-25,nflverse,,2026-09-07T05:45:02.885579+00:00,2021-10-25T00:00:00
NFL_SEA_00-0036413_2021W07_QUESTIONABLE_LP,NFL,2021,7,2021_NFL_W07_NO_SEA,NFL_SEA,NFL_P_00-0036413,EDGE,,QUESTIONABLE,LP,Neck,2021-10-25,nflverse,,2026-09-07T05:45:02.885579+00:00,2021-10-25T00:00:00
NFL_SF_00-0034746_2021W07_OUT_DNP,NFL,2021,7,2021_NFL_W07_IND_SF,NFL_SF,NFL_P_00-0034746,DL,,OUT,DNP,Calf,2021-10-24,nflverse,,2026-09-07T05:45:02.885579+00:00,2021-10-24T00:00:00
NFL_SF_00-0036260_2021W07_OUT_DNP,NFL,2021,7,2021_NFL_W07_IND_SF,NFL_SF,NFL_P_00-0036260,DL,,OUT,DNP,Knee,2021-10-24,nflverse,,2026-09-07T05:45:02.885579+00:00,2021-10-24T00:00:00
NFL_SF_00-0037012_2021W07_OUT_DNP,NFL,2021,7,2021_NFL_W07_IND_SF,NFL_SF,NFL_P_00-0037012,QB,,OUT,DNP,Knee,2021-10-24,nflverse,,2026-09-07T05:45:02.885579+00:00,2021-10-24T00:00:00
NFL_SF_00-0027857_2021W07_DOUBTFUL_DNP,NFL,2021,7,2021_NFL_W07_IND_SF,NFL_SF,NFL_P_00-0027857,OL,,DOUBTFUL,DNP,Ankle,2021-10-24,nflverse,,2026-09-07T05:45:02.885579+00:00,2021-10-24T00:00:00
NFL_SF_00-0034730_2021W07_QUESTIONABLE_LP,NFL,2021,7,2021_NFL_W07_IND_SF,NFL_SF,NFL_P_00-0034730,LB,,QUESTIONABLE,LP,Thumb,2021-10-24,nflverse,,2026-09-07T05:45:02.885579+00:00,2021-10-24T00:00:00
NFL_TB_00-0027855_2021W07_NA_DNP,NFL,2021,7,2021_NFL_W07_CHI_TB,NFL_TB,NFL_P_00-0027855,DL,,UNKNOWN,DNP,Not injury related - resting player,2021-10-23,nflverse,,2026-09-07T05:45:02.885579+00:00,2021-10-23T00:00:00
NFL_TB_00-0027793_2021W07_OUT_DNP,NFL,2021,7,2021_NFL_W07_CHI_TB,NFL_TB,NFL_P_00-0027793,WR,,OUT,DNP,Ankle,2021-10-23,nflverse,,2026-09-07T05:45:02.885579+00:00,2021-10-23T00:00:00
NFL_TB_00-0029562_2021W07_OUT_DNP,NFL,2021,7,2021_NFL_W07_CHI_TB,NFL_TB,NFL_P_00-0029562,LB,,OUT,DNP,Ankle,2021-10-23,nflverse,,2026-09-07T05:45:02.885579+00:00,2021-10-23T00:00:00
NFL_TB_00-0027656_2021W07_OUT_DNP,NFL,2021,7,2021_NFL_W07_CHI_TB,NFL_TB,NFL_P_00-0027656,TE,,OUT,DNP,Ribs,2021-10-23,nflverse,,2026-09-07T05:45:02.885579+00:00,2021-10-23T00:00:00
NFL_TB_00-0028092_2021W07_OUT_DNP,NFL,2021,7,2021_NFL_W07_CHI_TB,NFL_TB,NFL_P_00-0028092,CB,,OUT,DNP,Hamstring,2021-10-23,nflverse,,2026-09-07T05:45:02.885579+00:00,2021-10-23T00:00:00
NFL_TB_00-0027867_2021W07_QUESTIONABLE_DNP,NFL,2021,7,2021_NFL_W07_CHI_TB,NFL_TB,NFL_P_00-0027867,LB,,QUESTIONABLE,DNP,Shoulder,2021-10-23,nflverse,,2026-09-07T05:45:02.885579+00:00,2021-10-23T00:00:00
NFL_TB_00-0033879_2021W07_QUESTIONABLE_FP,NFL,2021,7,2021_NFL_W07_CHI_TB,NFL_TB,NFL_P_00-0033879,TE,,QUESTIONABLE,FP,Ankle,2021-10-23,nflverse,,2026-09-07T05:45:02.885579+00:00,2021-10-23T00:00:00
NFL_TEN_00-0031442_2021W07_OUT_DNP,NFL,2021,7,2021_NFL_W07_KC_TEN,NFL_TEN,NFL_P_00-0031442,OL,,OUT,DNP,Concussion,2021-10-23,nflverse,,2026-09-07T05:45:02.885579+00:00,2021-10-23T00:00:00
NFL_TEN_00-0037000_2021W07_OUT_DNP,NFL,2021,7,2021_NFL_W07_KC_TEN,NFL_TEN,NFL_P_00-0037000,LB,,OUT,DNP,Groin,2021-10-23,nflverse,,2026-09-07T05:45:02.885579+00:00,2021-10-23T00:00:00
NFL_TEN_00-0032355_2021W07_OUT_DNP,NFL,2021,7,2021_NFL_W07_KC_TEN,NFL_TEN,NFL_P_00-0032355,WR,,OUT,DNP,Groin,2021-10-23,nflverse,,2026-09-07T05:45:02.885579+00:00,2021-10-23T00:00:00
NFL_TEN_00-0032146_2021W07_QUESTIONABLE_DNP,NFL,2021,7,2021_NFL_W07_KC_TEN,NFL_TEN,NFL_P_00-0032146,LB,,QUESTIONABLE,DNP,Knee,2021-10-23,nflverse,,2026-09-07T05:45:02.885579+00:00,2021-10-23T00:00:00
NFL_TEN_00-0035632_2021W07_QUESTIONABLE_LP,NFL,2021,7,2021_NFL_W07_KC_TEN,NFL_TEN,NFL_P_00-0035632,S,,QUESTIONABLE,LP,Groin,2021-10-23,nflverse,,2026-09-07T05:45:02.885579+00:00,2021-10-23T00:00:00
NFL_TEN_00-0027944_2021W07_QUESTIONABLE_LP,NFL,2021,7,2021_NFL_W07_KC_TEN,NFL_TEN,NFL_P_00-0027944,WR,,QUESTIONABLE,LP,Hamstring,2021-10-23,nflverse,,2026-09-07T05:45:02.885579+00:00,2021-10-23T00:00:00
NFL_TEN_00-0033955_2021W07_QUESTIONABLE_LP,NFL,2021,7,2021_NFL_W07_KC_TEN,NFL_TEN,NFL_P_00-0033955,RB,,QUESTIONABLE,LP,Ankle,2021-10-23,nflverse,,2026-09-07T05:45:02.885579+00:00,2021-10-23T00:00:00
NFL_WAS_00-0036626_2021W07_NA_LP,NFL,2021,7,2021_NFL_W07_WAS_GB,NFL_WAS,NFL_P_00-0036626,WR,,UNKNOWN,LP,Knee,2021-10-23,nflverse,,2026-09-07T05:45:02.885579+00:00,2021-10-23T00:00:00
NFL_WAS_00-0033611_2021W07_NA_LP,NFL,2021,7,2021_NFL_W07_WAS_GB,NFL_WAS,NFL_P_00-0033611,TE,,UNKNOWN,LP,Quadricep,2021-10-23,nflverse,,2026-09-07T05:45:02.885579+00:00,2021-10-23T00:00:00
NFL_WAS_00-0036618_2021W07_OUT_DNP,NFL,2021,7,2021_NFL_W07_WAS_GB,NFL_WAS,NFL_P_00-0036618,OL,,OUT,DNP,Ankle,2021-10-23,nflverse,,2026-09-07T05:45:02.885579+00:00,2021-10-23T00:00:00
NFL_WAS_00-0033282_2021W07_OUT_DNP,NFL,2021,7,2021_NFL_W07_WAS_GB,NFL_WAS,NFL_P_00-0033282,WR,,OUT,DNP,Groin,2021-10-23,nflverse,,2026-09-07T05:45:02.885579+00:00,2021-10-23T00:00:00
NFL_WAS_00-0032053_2021W07_OUT_DNP,NFL,2021,7,2021_NFL_W07_WAS_GB,NFL_WAS,NFL_P_00-0032053,OL,,OUT,DNP,Knee,2021-10-23,nflverse,,2026-09-07T05:45:02.885579+00:00,2021-10-23T00:00:00
NFL_WAS_00-0034104_2021W07_OUT_DNP,NFL,2021,7,2021_NFL_W07_WAS_GB,NFL_WAS,NFL_P_00-0034104,WR,,OUT,DNP,Hamstring,2021-10-23,nflverse,,2026-09-07T05:45:02.885579+00:00,2021-10-23T00:00:00
NFL_WAS_00-0033107_2021W07_QUESTIONABLE_DNP,NFL,2021,7,2021_NFL_W07_WAS_GB,NFL_WAS,NFL_P_00-0033107,CB,,QUESTIONABLE,DNP,Knee,2021-10-23,nflverse,,2026-09-07T05:45:02.885579+00:00,2021-10-23T00:00:00
NFL_WAS_00-0036666_2021W07_QUESTIONABLE_DNP,NFL,2021,7,2021_NFL_W07_WAS_GB,NFL_WAS,NFL_P_00-0036666,EDGE,,QUESTIONABLE,DNP,Illness,2021-10-23,nflverse,,2026-09-07T05:45:02.885579+00:00,2021-10-23T00:00:00
NFL_WAS_00-0036328_2021W07_QUESTIONABLE_LP,NFL,2021,7,2021_NFL_W07_WAS_GB,NFL_WAS,NFL_P_00-0036328,RB,,QUESTIONABLE,LP,Shin,2021-10-23,nflverse,,2026-09-07T05:45:02.885579+00:00,2021-10-23T00:00:00
NFL_ARI_00-0027949_2021W08_OUT_DNP,NFL,2021,8,2021_NFL_W08_GB_ARI,NFL_ARI,NFL_P_00-0027949,EDGE,,OUT,DNP,Shoulder,2021-10-28,nflverse,,2026-09-07T05:45:02.885579+00:00,2021-10-28T00:00:00
NFL_ARI_00-0032132_2021W08_QUESTIONABLE_DNP,NFL,2021,8,2021_NFL_W08_GB_ARI,NFL_ARI,NFL_P_00-0032132,OL,,QUESTIONABLE,DNP,Achilles,2021-10-28,nflverse,,2026-09-07T05:45:02.885579+00:00,2021-10-28T00:00:00
NFL_ARI_00-0030564_2021W08_QUESTIONABLE_DNP,NFL,2021,8,2021_NFL_W08_GB_ARI,NFL_ARI,NFL_P_00-0030564,WR,,QUESTIONABLE,DNP,Hamstring,2021-10-28,nflverse,,2026-09-07T05:45:02.885579+00:00,2021-10-28T00:00:00
NFL_ARI_00-0036373_2021W08_QUESTIONABLE_DNP,NFL,2021,8,2021_NFL_W08_GB_ARI,NFL_ARI,NFL_P_00-0036373,DL,,QUESTIONABLE,DNP,Calf,2021-10-28,nflverse,,2026-09-07T05:45:02.885579+00:00,2021-10-28T00:00:00
NFL_ARI_00-0033258_2021W08_QUESTIONABLE_LP,NFL,2021,8,2021_NFL_W08_GB_ARI,NFL_ARI,NFL_P_00-0033258,TE,,QUESTIONABLE,LP,Hamstring,2021-10-28,nflverse,,2026-09-07T05:45:02.885579+00:00,2021-10-28T00:00:00
NFL_BUF_00-0036553_2021W08_NA_DNP,NFL,2021,8,2021_NFL_W08_MIA_BUF,NFL_BUF,NFL_P_00-0036553,EDGE,,UNKNOWN,DNP,Illness,2021-10-30,nflverse,,2026-09-07T05:45:02.885579+00:00,2021-10-30T00:00:00
NFL_BUF_00-0029000_2021W08_NA_DNP,NFL,2021,8,2021_NFL_W08_MIA_BUF,NFL_BUF,NFL_P_00-0029000,WR,,UNKNOWN,DNP,Not injury related - resting player,2021-10-30,nflverse,,2026-09-07T05:45:02.885579+00:00,2021-10-30T00:00:00
NFL_BUF_00-0027685_2021W08_NA_DNP,NFL,2021,8,2021_NFL_W08_MIA_BUF,NFL_BUF,NFL_P_00-0027685,WR,,UNKNOWN,DNP,Not injury related - resting player,2021-10-30,nflverse,,2026-09-07T05:45:02.885579+00:00,2021-10-30T00:00:00
NFL_BUF_00-0035689_2021W08_OUT_DNP,NFL,2021,8,2021_NFL_W08_MIA_BUF,NFL_BUF,NFL_P_00-0035689,TE,,OUT,DNP,Hand,2021-10-30,nflverse,,2026-09-07T05:45:02.885579+00:00,2021-10-30T00:00:00
NFL_BUF_00-0036976_2021W08_DOUBTFUL_DNP,NFL,2021,8,2021_NFL_W08_MIA_BUF,NFL_BUF,NFL_P_00-0036976,OL,,DOUBTFUL,DNP,Back,2021-10-30,nflverse,,2026-09-07T05:45:02.885579+00:00,2021-10-30T00:00:00
NFL_BUF_00-0032518_2021W08_QUESTIONABLE_FP,NFL,2021,8,2021_NFL_W08_MIA_BUF,NFL_BUF,NFL_P_00-0032518,DL,,QUESTIONABLE,FP,Foot,2021-10-30,nflverse,,2026-09-07T05:45:02.885579+00:00,2021-10-30T00:00:00
NFL_CAR_00-0036558_2021W08_NA_DNP,NFL,2021,8,2021_NFL_W08_CAR_ATL,NFL_CAR,NFL_P_00-0036558,DL,,UNKNOWN,DNP,Knee,2021-10-30,nflverse,,2026-09-07T05:45:02.885579+00:00,2021-10-30T00:00:00
NFL_CAR_00-0031349_2021W08_NA_LP,NFL,2021,8,2021_NFL_W08_CAR_ATL,NFL_CAR,NFL_P_00-0031349,OL,,UNKNOWN,LP,Back,2021-10-30,nflverse,,2026-09-07T05:45:02.885579+00:00,2021-10-30T00:00:00
NFL_CAR_00-0035306_2021W08_OUT_DNP,NFL,2021,8,2021_NFL_W08_CAR_ATL,NFL_CAR,NFL_P_00-0035306,EDGE,,OUT,DNP,Hamstring,2021-10-30,nflverse,,2026-09-07T05:45:02.885579+00:00,2021-10-30T00:00:00
NFL_CAR_00-0036955_2021W08_OUT_LP,NFL,2021,8,2021_NFL_W08_CAR_ATL,NFL_CAR,NFL_P_00-0036955,WR,,OUT,LP,Concussion,2021-10-30,nflverse,,2026-09-07T05:45:02.885579+00:00,2021-10-30T00:00:00
NFL_CAR_00-0036281_2021W08_QUESTIONABLE_LP,NFL,2021,8,2021_NFL_W08_CAR_ATL,NFL_CAR,NFL_P_00-0036281,CB,,QUESTIONABLE,LP,Shoulder,2021-10-30,nflverse,,2026-09-07T05:45:02.885579+00:00,2021-10-30T00:00:00
NFL_CAR_00-0031550_2021W08_QUESTIONABLE_LP,NFL,2021,8,2021_NFL_W08_CAR_ATL,NFL_CAR,NFL_P_00-0031550,LB,,QUESTIONABLE,LP,Foot,2021-10-30,nflverse,,2026-09-07T05:45:02.885579+00:00,2021-10-30T00:00:00
NFL_CHI_00-0031040_2021W08_OUT_DNP,NFL,2021,8,2021_NFL_W08_SF_CHI,NFL_CHI,NFL_P_00-0031040,LB,,OUT,DNP,Foot,2021-10-30,nflverse,,2026-09-07T05:45:02.885579+00:00,2021-10-30T00:00:00
NFL_CHI_00-0032791_2021W08_QUESTIONABLE_FP,NFL,2021,8,2021_NFL_W08_SF_CHI,NFL_CHI,NFL_P_00-0032791,WR,,QUESTIONABLE,FP,Ankle,2021-10-30,nflverse,,2026-09-07T05:45:02.885579+00:00,2021-10-30T00:00:00
NFL_CHI_00-0029657_2021W08_QUESTIONABLE_FP,NFL,2021,8,2021_NFL_W08_SF_CHI,NFL_CHI,NFL_P_00-0029657,DL,,QUESTIONABLE,FP,Groin,2021-10-30,nflverse,,2026-09-07T05:45:02.885579+00:00,2021-10-30T00:00:00
NFL_CHI_00-0035562_2021W08_QUESTIONABLE_FP,NFL,2021,8,2021_NFL_W08_SF_CHI,NFL_CHI,NFL_P_00-0035562,TE,,QUESTIONABLE,FP,Knee,2021-10-30,nflverse,,2026-09-07T05:45:02.885579+00:00,2021-10-30T00:00:00
NFL_CHI_00-0036705_2021W08_QUESTIONABLE_FP,NFL,2021,8,2021_NFL_W08_SF_CHI,NFL_CHI,NFL_P_00-0036705,LB,,QUESTIONABLE,FP,Knee,2021-10-30,nflverse,,2026-09-07T05:45:02.885579+00:00,2021-10-30T00:00:00
NFL_CHI_00-0028924_2021W08_QUESTIONABLE_LP,NFL,2021,8,2021_NFL_W08_SF_CHI,NFL_CHI,NFL_P_00-0028924,S,,QUESTIONABLE,LP,Hip,2021-10-30,nflverse,,2026-09-07T05:45:02.885579+00:00,2021-10-30T00:00:00
NFL_CIN_00-0036857_2021W08_OUT_DNP,NFL,2021,8,2021_NFL_W08_CIN_NYJ,NFL_CIN,NFL_P_00-0036857,RB,,OUT,DNP,Hamstring,2021-10-30,nflverse,,2026-09-07T05:45:02.885579+00:00,2021-10-30T00:00:00
NFL_CIN_00-0034686_2021W08_QUESTIONABLE_LP,NFL,2021,8,2021_NFL_W08_CIN_NYJ,NFL_CIN,NFL_P_00-0034686,WR,,QUESTIONABLE,LP,Thigh,2021-10-30,nflverse,,2026-09-07T05:45:02.885579+00:00,2021-10-30T00:00:00
NFL_CLE_00-0033057_2021W08_NA_LP,NFL,2021,8,2021_NFL_W08_PIT_CLE,NFL_CLE,NFL_P_00-0033057,OL,,UNKNOWN,LP,Knee,2021-10-30,nflverse,,2026-09-07T05:45:02.885579+00:00,2021-10-30T00:00:00
NFL_CLE_00-0031382_2021W08_NA_LP,NFL,2021,8,2021_NFL_W08_PIT_CLE,NFL_CLE,NFL_P_00-0031382,WR,,UNKNOWN,LP,Knee,2021-10-30,nflverse,,2026-09-07T05:45:02.885579+00:00,2021-10-30T00:00:00
NFL_CLE_00-0028180_2021W08_NA_LP,NFL,2021,8,2021_NFL_W08_PIT_CLE,NFL_CLE,NFL_P_00-0028180,LB,,UNKNOWN,LP,Abdomen,2021-10-30,nflverse,,2026-09-07T05:45:02.885579+00:00,2021-10-30T00:00:00
NFL_CLE_00-0030076_2021W08_NA_LP,NFL,2021,8,2021_NFL_W08_PIT_CLE,NFL_CLE,NFL_P_00-0030076,OL,,UNKNOWN,LP,Knee,2021-10-30,nflverse,,2026-09-07T05:45:02.885579+00:00,2021-10-30T00:00:00
NFL_CLE_00-0036641_2021W08_OUT_DNP,NFL,2021,8,2021_NFL_W08_PIT_CLE,NFL_CLE,NFL_P_00-0036641,S,,OUT,DNP,Not injury related - discipline,2021-10-30,nflverse,,2026-09-07T05:45:02.885579+00:00,2021-10-30T00:00:00
NFL_CLE_00-0036233_2021W08_OUT_DNP,NFL,2021,8,2021_NFL_W08_PIT_CLE,NFL_CLE,NFL_P_00-0036233,WR,,OUT,DNP,Groin,2021-10-30,nflverse,,2026-09-07T05:45:02.885579+00:00,2021-10-30T00:00:00
NFL_CLE_00-0034856_2021W08_OUT_DNP,NFL,2021,8,2021_NFL_W08_PIT_CLE,NFL_CLE,NFL_P_00-0034856,CB,,OUT,DNP,Hamstring,2021-10-30,nflverse,,2026-09-07T05:45:02.885579+00:00,2021-10-30T00:00:00
NFL_CLE_00-0031364_2021W08_QUESTIONABLE_DNP,NFL,2021,8,2021_NFL_W08_PIT_CLE,NFL_CLE,NFL_P_00-0031364,EDGE,,QUESTIONABLE,DNP,Ankle,2021-10-30,nflverse,,2026-09-07T05:45:02.885579+00:00,2021-10-30T00:00:00
NFL_CLE_00-0033540_2021W08_QUESTIONABLE_DNP,NFL,2021,8,2021_NFL_W08_PIT_CLE,NFL_CLE,NFL_P_00-0033540,EDGE,,QUESTIONABLE,DNP,Groin,2021-10-30,nflverse,,2026-09-07T05:45:02.885579+00:00,2021-10-30T00:00:00
NFL_CLE_00-0031235_2021W08_QUESTIONABLE_LP,NFL,2021,8,2021_NFL_W08_PIT_CLE,NFL_CLE,NFL_P_00-0031235,WR,,QUESTIONABLE,LP,Shoulder,2021-10-30,nflverse,,2026-09-07T05:45:02.885579+00:00,2021-10-30T00:00:00
NFL_CLE_00-0036114_2021W08_QUESTIONABLE_LP,NFL,2021,8,2021_NFL_W08_PIT_CLE,NFL_CLE,NFL_P_00-0036114,CB,,QUESTIONABLE,LP,Groin,2021-10-30,nflverse,,2026-09-07T05:45:02.885579+00:00,2021-10-30T00:00:00
NFL_CLE_00-0029568_2021W08_QUESTIONABLE_LP,NFL,2021,8,2021_NFL_W08_PIT_CLE,NFL_CLE,NFL_P_00-0029568,DL,,QUESTIONABLE,LP,Ankle,2021-10-30,nflverse,,2026-09-07T05:45:02.885579+00:00,2021-10-30T00:00:00
NFL_CLE_00-0034311_2021W08_QUESTIONABLE_LP,NFL,2021,8,2021_NFL_W08_PIT_CLE,NFL_CLE,NFL_P_00-0034311,RB,,QUESTIONABLE,LP,Calf,2021-10-30,nflverse,,2026-09-07T05:45:02.885579+00:00,2021-10-30T00:00:00
NFL_DAL_00-0034373_2021W08_QUESTIONABLE_LP,NFL,2021,8,2021_NFL_W08_DAL_MIN,NFL_DAL,NFL_P_00-0034373,EDGE,,QUESTIONABLE,LP,Ankle,2021-10-31,nflverse,,2026-09-07T05:45:02.885579+00:00,2021-10-31T00:00:00
NFL_DAL_00-0033077_2021W08_QUESTIONABLE_LP,NFL,2021,8,2021_NFL_W08_DAL_MIN,NFL_DAL,NFL_P_00-0033077,QB,,QUESTIONABLE,LP,Calf,2021-10-31,nflverse,,2026-09-07T05:45:02.885579+00:00,2021-10-31T00:00:00
NFL_DAL_00-0027947_2021W08_QUESTIONABLE_LP,NFL,2021,8,2021_NFL_W08_DAL_MIN,NFL_DAL,NFL_P_00-0027947,OL,,QUESTIONABLE,LP,Ankle,2021-10-31,nflverse,,2026-09-07T05:45:02.885579+00:00,2021-10-31T00:00:00
NFL_DEN_00-0029890_2021W08_OUT_DNP,NFL,2021,8,2021_NFL_W08_WAS_DEN,NFL_DEN,NFL_P_00-0029890,DL,,OUT,DNP,Thumb,2021-10-30,nflverse,,2026-09-07T05:45:02.885579+00:00,2021-10-30T00:00:00
NFL_DEN_00-0027940_2021W08_QUESTIONABLE_DNP,NFL,2021,8,2021_NFL_W08_WAS_DEN,NFL_DEN,NFL_P_00-0027940,LB,,QUESTIONABLE,DNP,Ankle,2021-10-30,nflverse,,2026-09-07T05:45:02.885579+00:00,2021-10-30T00:00:00
NFL_DEN_00-0036639_2021W08_QUESTIONABLE_LP,NFL,2021,8,2021_NFL_W08_WAS_DEN,NFL_DEN,NFL_P_00-0036639,S,,QUESTIONABLE,LP,Quadricep,2021-10-30,nflverse,,2026-09-07T05:45:02.885579+00:00,2021-10-30T00:00:00
NFL_DET_00-0031566_2021W08_QUESTIONABLE_LP,NFL,2021,8,2021_NFL_W08_PHI_DET,NFL_DET,NFL_P_00-0031566,LB,,QUESTIONABLE,LP,Knee,2021-10-30,nflverse,,2026-09-07T05:45:02.885579+00:00,2021-10-30T00:00:00
NFL_DET_00-0036748_2021W08_QUESTIONABLE_LP,NFL,2021,8,2021_NFL_W08_PHI_DET,NFL_DET,NFL_P_00-0036748,CB,,QUESTIONABLE,LP,Illness,2021-10-30,nflverse,,2026-09-07T05:45:02.885579+00:00,2021-10-30T00:00:00
NFL_DET_00-0036752_2021W08_QUESTIONABLE_LP,NFL,2021,8,2021_NFL_W08_PHI_DET,NFL_DET,NFL_P_00-0036752,CB,,QUESTIONABLE,LP,Neck,2021-10-30,nflverse,,2026-09-07T05:45:02.885579+00:00,2021-10-30T00:00:00
NFL_DET_00-0036275_2021W08_QUESTIONABLE_LP,NFL,2021,8,2021_NFL_W08_PHI_DET,NFL_DET,NFL_P_00-0036275,RB,,QUESTIONABLE,LP,Groin,2021-10-30,nflverse,,2026-09-07T05:45:02.885579+00:00,2021-10-30T00:00:00
NFL_DET_00-0033948_2021W08_QUESTIONABLE_LP,NFL,2021,8,2021_NFL_W08_PHI_DET,NFL_DET,NFL_P_00-0033948,RB,,QUESTIONABLE,LP,Thigh,2021-10-30,nflverse,,2026-09-07T05:45:02.885579+00:00,2021-10-30T00:00:00
NFL_GB_00-0029419_2021W08_DOUBTFUL_LP,NFL,2021,8,2021_NFL_W08_GB_ARI,NFL_GB,NFL_P_00-0029419,OL,,DOUBTFUL,LP,Back,2021-10-28,nflverse,,2026-09-07T05:45:02.885579+00:00,2021-10-28T00:00:00
NFL_GB_00-0033524_2021W08_QUESTIONABLE_LP,NFL,2021,8,2021_NFL_W08_GB_ARI,NFL_GB,NFL_P_00-0033524,CB,,QUESTIONABLE,LP,Shoulder,2021-10-28,nflverse,,2026-09-07T05:45:02.885579+00:00,2021-10-28T00:00:00
NFL_GB_00-0031935_2021W08_QUESTIONABLE_LP,NFL,2021,8,2021_NFL_W08_GB_ARI,NFL_GB,NFL_P_00-0031935,LB,,QUESTIONABLE,LP,Oblique,2021-10-28,nflverse,,2026-09-07T05:45:02.885579+00:00,2021-10-28T00:00:00
NFL_HOU_00-0027966_2021W08_NA_DNP,NFL,2021,8,2021_NFL_W08_LAR_HOU,NFL_HOU,NFL_P_00-0027966,RB,,UNKNOWN,DNP,Not injury related - resting player,2021-10-30,nflverse,,2026-09-07T05:45:02.885579+00:00,2021-10-30T00:00:00
NFL_HOU_00-0031236_2021W08_NA_LP,NFL,2021,8,2021_NFL_W08_LAR_HOU,NFL_HOU,NFL_P_00-0031236,WR,,UNKNOWN,LP,Not injury related - resting player,2021-10-30,nflverse,,2026-09-07T05:45:02.885579+00:00,2021-10-30T00:00:00
NFL_HOU_00-0033537_2021W08_OUT_DNP,NFL,2021,8,2021_NFL_W08_LAR_HOU,NFL_HOU,NFL_P_00-0033537,QB,,OUT,DNP,Not injury related - personal matter,2021-10-30,nflverse,,2026-09-07T05:45:02.885579+00:00,2021-10-30T00:00:00
NFL_HOU_00-0033439_2021W08_QUESTIONABLE_DNP,NFL,2021,8,2021_NFL_W08_LAR_HOU,NFL_HOU,NFL_P_00-0033439,TE,,QUESTIONABLE,DNP,Thigh,2021-10-30,nflverse,,2026-09-07T05:45:02.885579+00:00,2021-10-30T00:00:00
NFL_HOU_00-0031282_2021W08_QUESTIONABLE_LP,NFL,2021,8,2021_NFL_W08_LAR_HOU,NFL_HOU,NFL_P_00-0031282,OL,,QUESTIONABLE,LP,Knee,2021-10-30,nflverse,,2026-09-07T05:45:02.885579+00:00,2021-10-30T00:00:00
NFL_HOU_00-0033940_2021W08_QUESTIONABLE_LP,NFL,2021,8,2021_NFL_W08_LAR_HOU,NFL_HOU,NFL_P_00-0033940,DL,,QUESTIONABLE,LP,Back,2021-10-30,nflverse,,2026-09-07T05:45:02.885579+00:00,2021-10-30T00:00:00
NFL_HOU_00-0031361_2021W08_QUESTIONABLE_LP,NFL,2021,8,2021_NFL_W08_LAR_HOU,NFL_HOU,NFL_P_00-0031361,LB,,QUESTIONABLE,LP,Thumb,2021-10-30,nflverse,,2026-09-07T05:45:02.885579+00:00,2021-10-30T00:00:00
NFL_HOU_00-0030792_2021W08_QUESTIONABLE_LP,NFL,2021,8,2021_NFL_W08_LAR_HOU,NFL_HOU,NFL_P_00-0030792,OL,,QUESTIONABLE,LP,Ankle,2021-10-30,nflverse,,2026-09-07T05:45:02.885579+00:00,2021-10-30T00:00:00
NFL_IND_00-0036385_2021W08_OUT_DNP,NFL,2021,8,2021_NFL_W08_TEN_IND,NFL_IND,NFL_P_00-0036385,CB,,OUT,DNP,Hamstring,2021-10-30,nflverse,,2026-09-07T05:45:02.885579+00:00,2021-10-30T00:00:00
NFL_IND_00-0029608_2021W08_QUESTIONABLE_FP,NFL,2021,8,2021_NFL_W08_TEN_IND,NFL_IND,NFL_P_00-0029608,WR,,QUESTIONABLE,FP,Quadricep,2021-10-30,nflverse,,2026-09-07T05:45:02.885579+00:00,2021-10-30T00:00:00
NFL_IND_00-0030575_2021W08_QUESTIONABLE_FP,NFL,2021,8,2021_NFL_W08_TEN_IND,NFL_IND,NFL_P_00-0030575,CB,,QUESTIONABLE,FP,Calf,2021-10-30,nflverse,,2026-09-07T05:45:02.885579+00:00,2021-10-30T00:00:00
NFL_IND_00-0034836_2021W08_QUESTIONABLE_FP,NFL,2021,8,2021_NFL_W08_TEN_IND,NFL_IND,NFL_P_00-0034836,OL,,QUESTIONABLE,FP,Foot,2021-10-30,nflverse,,2026-09-07T05:45:02.885579+00:00,2021-10-30T00:00:00
NFL_JAX_00-0036881_2021W08_OUT_DNP,NFL,2021,8,2021_NFL_W08_JAX_SEA,NFL_JAX,NFL_P_00-0036881,DL,,OUT,DNP,Hand,2021-10-30,nflverse,,2026-09-07T05:45:02.885579+00:00,2021-10-30T00:00:00
NFL_JAX_00-0036974_2021W08_QUESTIONABLE_LP,NFL,2021,8,2021_NFL_W08_JAX_SEA,NFL_JAX,NFL_P_00-0036974,CB,,QUESTIONABLE,LP,Toe,2021-10-30,nflverse,,2026-09-07T05:45:02.885579+00:00,2021-10-30T00:00:00
NFL_JAX_00-0036262_2021W08_QUESTIONABLE_LP,NFL,2021,8,2021_NFL_W08_JAX_SEA,NFL_JAX,NFL_P_00-0036262,DL,,QUESTIONABLE,LP,Shoulder,2021-10-30,nflverse,,2026-09-07T05:45:02.885579+00:00,2021-10-30T00:00:00
NFL_KC_00-0026197_2021W08_NA_LP,NFL,2021,8,2021_NFL_W08_NYG_KC,NFL_KC,NFL_P_00-0026197,QB,,UNKNOWN,LP,right Finger,2021-11-01,nflverse,,2026-09-07T05:45:02.885579+00:00,2021-11-01T00:00:00
NFL_KC_00-0031348_2021W08_OUT_DNP,NFL,2021,8,2021_NFL_W08_NYG_KC,NFL_KC,NFL_P_00-0031348,LB,,OUT,DNP,Triceps,2021-11-01,nflverse,,2026-09-07T05:45:02.885579+00:00,2021-11-01T00:00:00
NFL_KC_00-0035656_2021W08_OUT_DNP,NFL,2021,8,2021_NFL_W08_NYG_KC,NFL_KC,NFL_P_00-0035656,DL,,OUT,DNP,Knee,2021-11-01,nflverse,,2026-09-07T05:45:02.885579+00:00,2021-11-01T00:00:00
NFL_KC_00-0029164_2021W08_QUESTIONABLE_LP,NFL,2021,8,2021_NFL_W08_NYG_KC,NFL_KC,NFL_P_00-0029164,OL,,QUESTIONABLE,LP,Knee,2021-11-01,nflverse,,2026-09-07T05:45:02.885579+00:00,2021-11-01T00:00:00
NFL_KC_00-0034573_2021W08_QUESTIONABLE_LP,NFL,2021,8,2021_NFL_W08_NYG_KC,NFL_KC,NFL_P_00-0034573,CB,,QUESTIONABLE,LP,Foot,2021-11-01,nflverse,,2026-09-07T05:45:02.885579+00:00,2021-11-01T00:00:00
NFL_LAR_00-0026189_2021W08_OUT_DNP,NFL,2021,8,2021_NFL_W08_LAR_HOU,NFL_LAR,NFL_P_00-0026189,WR,,OUT,DNP,Not injury related - resting player,2021-10-30,nflverse,,2026-09-07T05:45:02.885579+00:00,2021-10-30T00:00:00
NFL_LAR_00-0034810_2021W08_OUT_DNP,NFL,2021,8,2021_NFL_W08_LAR_HOU,NFL_LAR,NFL_P_00-0034810,DL,,OUT,DNP,Chest,2021-10-30,nflverse,,2026-09-07T05:45:02.885579+00:00,2021-10-30T00:00:00
NFL_LAR_00-0024270_2021W08_OUT_DNP,NFL,2021,8,2021_NFL_W08_LAR_HOU,NFL_LAR,NFL_P_00-0024270,OL,,OUT,DNP,Knee,2021-10-30,nflverse,,2026-09-07T05:45:02.885579+00:00,2021-10-30T00:00:00
NFL_LAR_00-0033055_2021W08_QUESTIONABLE_DNP,NFL,2021,8,2021_NFL_W08_LAR_HOU,NFL_LAR,NFL_P_00-0033055,CB,,QUESTIONABLE,DNP,Illness,2021-10-30,nflverse,,2026-09-07T05:45:02.885579+00:00,2021-10-30T00:00:00
NFL_LAR_00-0036431_2021W08_QUESTIONABLE_FP,NFL,2021,8,2021_NFL_W08_LAR_HOU,NFL_LAR,NFL_P_00-0036431,S,,QUESTIONABLE,FP,Knee,2021-10-30,nflverse,,2026-09-07T05:45:02.885579+00:00,2021-10-30T00:00:00
NFL_LAR_00-0036904_2021W08_QUESTIONABLE_FP,NFL,2021,8,2021_NFL_W08_LAR_HOU,NFL_LAR,NFL_P_00-0036904,CB,,QUESTIONABLE,FP,Knee,2021-10-30,nflverse,,2026-09-07T05:45:02.885579+00:00,2021-10-30T00:00:00
NFL_LAC_00-0033699_2021W08_QUESTIONABLE_DNP,NFL,2021,8,2021_NFL_W08_NE_LAC,NFL_LAC,NFL_P_00-0033699,RB,,QUESTIONABLE,DNP,Hip,2021-10-30,nflverse,,2026-09-07T05:45:02.885579+00:00,2021-10-30T00:00:00
NFL_LAC_00-0035262_2021W08_QUESTIONABLE_LP,NFL,2021,8,2021_NFL_W08_NE_LAC,NFL_LAC,NFL_P_00-0035262,LB,,QUESTIONABLE,LP,Chest,2021-10-30,nflverse,,2026-09-07T05:45:02.885579+00:00,2021-10-30T00:00:00
NFL_MIA_00-0036221_2021W08_NA_LP,NFL,2021,8,2021_NFL_W08_MIA_BUF,NFL_MIA,NFL_P_00-0036221,S,,UNKNOWN,LP,Ankle,2021-10-30,nflverse,,2026-09-07T05:45:02.885579+00:00,2021-10-30T00:00:00
NFL_MIA_00-0034977_2021W08_OUT_NA,NFL,2021,8,2021_NFL_W08_MIA_BUF,NFL_MIA,NFL_P_00-0034977,S,,OUT,,Other,2021-10-30,nflverse,,2026-09-07T05:45:02.885579+00:00,2021-10-30T00:00:00
NFL_MIA_00-0035350_2021W08_OUT_NA,NFL,2021,8,2021_NFL_W08_MIA_BUF,NFL_MIA,NFL_P_00-0035350,WR,,OUT,,Other,2021-10-30,nflverse,,2026-09-07T05:45:02.885579+00:00,2021-10-30T00:00:00
NFL_MIA_00-0034797_2021W08_QUESTIONABLE_LP,NFL,2021,8,2021_NFL_W08_MIA_BUF,NFL_MIA,NFL_P_00-0034797,LB,,QUESTIONABLE,LP,Knee,2021-10-30,nflverse,,2026-09-07T05:45:02.885579+00:00,2021-10-30T00:00:00
NFL_MIA_00-0036287_2021W08_QUESTIONABLE_LP,NFL,2021,8,2021_NFL_W08_MIA_BUF,NFL_MIA,NFL_P_00-0036287,CB,,QUESTIONABLE,LP,Knee,2021-10-30,nflverse,,2026-09-07T05:45:02.885579+00:00,2021-10-30T00:00:00
NFL_MIA_00-0031923_2021W08_QUESTIONABLE_LP,NFL,2021,8,2021_NFL_W08_MIA_BUF,NFL_MIA,NFL_P_00-0031923,OL,,QUESTIONABLE,LP,Groin,2021-10-30,nflverse,,2026-09-07T05:45:02.885579+00:00,2021-10-30T00:00:00
NFL_MIA_00-0031547_2021W08_QUESTIONABLE_LP,NFL,2021,8,2021_NFL_W08_MIA_BUF,NFL_MIA,NFL_P_00-0031547,WR,,QUESTIONABLE,LP,Shoulder,2021-10-30,nflverse,,2026-09-07T05:45:02.885579+00:00,2021-10-30T00:00:00
NFL_MIN_00-0035823_2021W08_NA_LP,NFL,2021,8,2021_NFL_W08_DAL_MIN,NFL_MIN,NFL_P_00-0035823,TE,,UNKNOWN,LP,Knee,2021-10-31,nflverse,,2026-09-07T05:45:02.885579+00:00,2021-10-31T00:00:00
NFL_MIN_00-0032574_2021W08_OUT_DNP,NFL,2021,8,2021_NFL_W08_DAL_MIN,NFL_MIN,NFL_P_00-0032574,DL,,OUT,DNP,Elbow,2021-10-31,nflverse,,2026-09-07T05:45:02.885579+00:00,2021-10-31T00:00:00
NFL_MIN_00-0037007_2021W08_DOUBTFUL_DNP,NFL,2021,8,2021_NFL_W08_DAL_MIN,NFL_MIN,NFL_P_00-0037007,EDGE,,DOUBTFUL,DNP,Knee,2021-10-31,nflverse,,2026-09-07T05:45:02.885579+00:00,2021-10-31T00:00:00
NFL_MIN_00-0033839_2021W08_QUESTIONABLE_LP,NFL,2021,8,2021_NFL_W08_DAL_MIN,NFL_MIN,NFL_P_00-0033839,WR,,QUESTIONABLE,LP,Ankle,2021-10-31,nflverse,,2026-09-07T05:45:02.885579+00:00,2021-10-31T00:00:00
NFL_NE_00-0031856_2021W08_OUT_LP,NFL,2021,8,2021_NFL_W08_NE_LAC,NFL_NE,NFL_P_00-0031856,LB,,OUT,LP,Thigh,2021-10-30,nflverse,,2026-09-07T05:45:02.885579+00:00,2021-10-30T00:00:00
NFL_NE_00-0031852_2021W08_QUESTIONABLE_LP,NFL,2021,8,2021_NFL_W08_NE_LAC,NFL_NE,NFL_P_00-0031852,OL,,QUESTIONABLE,LP,Ankle,2021-10-30,nflverse,,2026-09-07T05:45:02.885579+00:00,2021-10-30T00:00:00
NFL_NE_00-0034385_2021W08_QUESTIONABLE_LP,NFL,2021,8,2021_NFL_W08_NE_LAC,NFL_NE,NFL_P_00-0034385,LB,,QUESTIONABLE,LP,Ribs,2021-10-30,nflverse,,2026-09-07T05:45:02.885579+00:00,2021-10-30T00:00:00
NFL_NE_00-0033307_2021W08_QUESTIONABLE_LP,NFL,2021,8,2021_NFL_W08_NE_LAC,NFL_NE,NFL_P_00-0033307,WR,,QUESTIONABLE,LP,Shoulder,2021-10-30,nflverse,,2026-09-07T05:45:02.885579+00:00,2021-10-30T00:00:00
NFL_NE_00-0031938_2021W08_QUESTIONABLE_LP,NFL,2021,8,2021_NFL_W08_NE_LAC,NFL_NE,NFL_P_00-0031938,DL,,QUESTIONABLE,LP,Hand,2021-10-30,nflverse,,2026-09-07T05:45:02.885579+00:00,2021-10-30T00:00:00
NFL_NE_00-0036231_2021W08_QUESTIONABLE_LP,NFL,2021,8,2021_NFL_W08_NE_LAC,NFL_NE,NFL_P_00-0036231,S,,QUESTIONABLE,LP,Neck,2021-10-30,nflverse,,2026-09-07T05:45:02.885579+00:00,2021-10-30T00:00:00
NFL_NE_00-0025565_2021W08_QUESTIONABLE_LP,NFL,2021,8,2021_NFL_W08_NE_LAC,NFL_NE,NFL_P_00-0025565,K,,QUESTIONABLE,LP,left Knee,2021-10-30,nflverse,,2026-09-07T05:45:02.885579+00:00,2021-10-30T00:00:00
NFL_NE_00-0033860_2021W08_QUESTIONABLE_LP,NFL,2021,8,2021_NFL_W08_NE_LAC,NFL_NE,NFL_P_00-0033860,DL,,QUESTIONABLE,LP,Finger,2021-10-30,nflverse,,2026-09-07T05:45:02.885579+00:00,2021-10-30T00:00:00
NFL_NE_00-0029669_2021W08_QUESTIONABLE_LP,NFL,2021,8,2021_NFL_W08_NE_LAC,NFL_NE,NFL_P_00-0029669,LB,,QUESTIONABLE,LP,Ankle,2021-10-30,nflverse,,2026-09-07T05:45:02.885579+00:00,2021-10-30T00:00:00
NFL_NE_00-0031580_2021W08_QUESTIONABLE_LP,NFL,2021,8,2021_NFL_W08_NE_LAC,NFL_NE,NFL_P_00-0031580,OL,,QUESTIONABLE,LP,Abdomen,2021-10-30,nflverse,,2026-09-07T05:45:02.885579+00:00,2021-10-30T00:00:00
NFL_NE_00-0033858_2021W08_QUESTIONABLE_LP,NFL,2021,8,2021_NFL_W08_NE_LAC,NFL_NE,NFL_P_00-0033858,TE,,QUESTIONABLE,LP,Shoulder,2021-10-30,nflverse,,2026-09-07T05:45:02.885579+00:00,2021-10-30T00:00:00
NFL_NE_00-0036159_2021W08_QUESTIONABLE_LP,NFL,2021,8,2021_NFL_W08_NE_LAC,NFL_NE,NFL_P_00-0036159,LB,,QUESTIONABLE,LP,Shoulder,2021-10-30,nflverse,,2026-09-07T05:45:02.885579+00:00,2021-10-30T00:00:00
NFL_NE_00-0031360_2021W08_QUESTIONABLE_LP,NFL,2021,8,2021_NFL_W08_NE_LAC,NFL_NE,NFL_P_00-0031360,LB,,QUESTIONABLE,LP,Groin,2021-10-30,nflverse,,2026-09-07T05:45:02.885579+00:00,2021-10-30T00:00:00
NFL_NE_00-0036559_2021W08_QUESTIONABLE_LP,NFL,2021,8,2021_NFL_W08_NE_LAC,NFL_NE,NFL_P_00-0036559,CB,,QUESTIONABLE,LP,Concussion,2021-10-30,nflverse,,2026-09-07T05:45:02.885579+00:00,2021-10-30T00:00:00
NFL_NE_00-0033947_2021W08_QUESTIONABLE_LP,NFL,2021,8,2021_NFL_W08_NE_LAC,NFL_NE,NFL_P_00-0033947,EDGE,,QUESTIONABLE,LP,Knee,2021-10-30,nflverse,,2026-09-07T05:45:02.885579+00:00,2021-10-30T00:00:00
NFL_NO_00-0033357_2021W08_OUT_DNP,NFL,2021,8,2021_NFL_W08_TB_NO,NFL_NO,NFL_P_00-0033357,QB,,OUT,DNP,Concussion,2021-10-30,nflverse,,2026-09-07T05:45:02.885579+00:00,2021-10-30T00:00:00
NFL_NO_00-0032203_2021W08_OUT_DNP,NFL,2021,8,2021_NFL_W08_TB_NO,NFL_NO,NFL_P_00-0032203,OL,,OUT,DNP,Pectoral,2021-10-30,nflverse,,2026-09-07T05:45:02.885579+00:00,2021-10-30T00:00:00
NFL_NO_00-0036926_2021W08_OUT_DNP,NFL,2021,8,2021_NFL_W08_TB_NO,NFL_NO,NFL_P_00-0036926,EDGE,,OUT,DNP,Calf,2021-10-30,nflverse,,2026-09-07T05:45:02.885579+00:00,2021-10-30T00:00:00
NFL_NO_00-0032450_2021W08_OUT_DNP,NFL,2021,8,2021_NFL_W08_TB_NO,NFL_NO,NFL_P_00-0032450,RB,,OUT,DNP,Neck,2021-10-30,nflverse,,2026-09-07T05:45:02.885579+00:00,2021-10-30T00:00:00
NFL_NO_00-0033874_2021W08_QUESTIONABLE_FP,NFL,2021,8,2021_NFL_W08_TB_NO,NFL_NO,NFL_P_00-0033874,CB,,QUESTIONABLE,FP,Hand,2021-10-30,nflverse,,2026-09-07T05:45:02.885579+00:00,2021-10-30T00:00:00
NFL_NO_00-0035215_2021W08_QUESTIONABLE_LP,NFL,2021,8,2021_NFL_W08_TB_NO,NFL_NO,NFL_P_00-0035215,WR,,QUESTIONABLE,LP,Hamstring,2021-10-30,nflverse,,2026-09-07T05:45:02.885579+00:00,2021-10-30T00:00:00
NFL_NYG_00-0033881_2021W08_NA_LP,NFL,2021,8,2021_NFL_W08_NYG_KC,NFL_NYG,NFL_P_00-0033881,TE,,UNKNOWN,LP,Calf,2021-11-01,nflverse,,2026-09-07T05:45:02.885579+00:00,2021-11-01T00:00:00
NFL_NYG_00-0032143_2021W08_NA_LP,NFL,2021,8,2021_NFL_W08_NYG_KC,NFL_NYG,NFL_P_00-0032143,DL,,UNKNOWN,LP,Pectoral,2021-11-01,nflverse,,2026-09-07T05:45:02.885579+00:00,2021-11-01T00:00:00
NFL_NYG_00-0034844_2021W08_OUT_DNP,NFL,2021,8,2021_NFL_W08_NYG_KC,NFL_NYG,NFL_P_00-0034844,RB,,OUT,DNP,Ankle,2021-11-01,nflverse,,2026-09-07T05:45:02.885579+00:00,2021-11-01T00:00:00
NFL_NYG_00-0034360_2021W08_OUT_DNP,NFL,2021,8,2021_NFL_W08_NYG_KC,NFL_NYG,NFL_P_00-0034360,LB,,OUT,DNP,Ankle,2021-11-01,nflverse,,2026-09-07T05:45:02.885579+00:00,2021-11-01T00:00:00
NFL_NYG_00-0036402_2021W08_OUT_DNP,NFL,2021,8,2021_NFL_W08_NYG_KC,NFL_NYG,NFL_P_00-0036402,LB,,OUT,DNP,Ankle,2021-11-01,nflverse,,2026-09-07T05:45:02.885579+00:00,2021-11-01T00:00:00
NFL_NYG_00-0029570_2021W08_OUT_DNP,NFL,2021,8,2021_NFL_W08_NYG_KC,NFL_NYG,NFL_P_00-0029570,S,,OUT,DNP,Ankle,2021-11-01,nflverse,,2026-09-07T05:45:02.885579+00:00,2021-11-01T00:00:00
NFL_NYG_00-0033932_2021W08_OUT_DNP,NFL,2021,8,2021_NFL_W08_NYG_KC,NFL_NYG,NFL_P_00-0033932,WR,,OUT,DNP,Knee,2021-11-01,nflverse,,2026-09-07T05:45:02.885579+00:00,2021-11-01T00:00:00
NFL_NYG_00-0034988_2021W08_QUESTIONABLE_DNP,NFL,2021,8,2021_NFL_W08_NYG_KC,NFL_NYG,NFL_P_00-0034988,TE,,QUESTIONABLE,DNP,Knee,2021-11-01,nflverse,,2026-09-07T05:45:02.885579+00:00,2021-11-01T00:00:00
NFL_NYG_00-0032385_2021W08_QUESTIONABLE_LP,NFL,2021,8,2021_NFL_W08_NYG_KC,NFL_NYG,NFL_P_00-0032385,WR,,QUESTIONABLE,LP,Hamstring,2021-11-01,nflverse,,2026-09-07T05:45:02.885579+00:00,2021-11-01T00:00:00
NFL_NYG_00-0036913_2021W08_QUESTIONABLE_LP,NFL,2021,8,2021_NFL_W08_NYG_KC,NFL_NYG,NFL_P_00-0036913,WR,,QUESTIONABLE,LP,Ankle,2021-11-01,nflverse,,2026-09-07T05:45:02.885579+00:00,2021-11-01T00:00:00
NFL_NYJ_00-0032058_2021W08_OUT_DNP,NFL,2021,8,2021_NFL_W08_CIN_NYJ,NFL_NYJ,NFL_P_00-0032058,RB,,OUT,DNP,Hamstring,2021-10-30,nflverse,,2026-09-07T05:45:02.885579+00:00,2021-10-30T00:00:00
NFL_NYJ_00-0036151_2021W08_OUT_DNP,NFL,2021,8,2021_NFL_W08_CIN_NYJ,NFL_NYJ,NFL_P_00-0036151,EDGE,,OUT,DNP,Back,2021-10-30,nflverse,,2026-09-07T05:45:02.885579+00:00,2021-10-30T00:00:00
NFL_NYJ_00-0035259_2021W08_OUT_DNP,NFL,2021,8,2021_NFL_W08_CIN_NYJ,NFL_NYJ,NFL_P_00-0035259,TE,,OUT,DNP,Knee,2021-10-30,nflverse,,2026-09-07T05:45:02.885579+00:00,2021-10-30T00:00:00
NFL_NYJ_00-0037013_2021W08_OUT_DNP,NFL,2021,8,2021_NFL_W08_CIN_NYJ,NFL_NYJ,NFL_P_00-0037013,QB,,OUT,DNP,Knee,2021-10-30,nflverse,,2026-09-07T05:45:02.885579+00:00,2021-10-30T00:00:00
NFL_NYJ_00-0033871_2021W08_DOUBTFUL_DNP,NFL,2021,8,2021_NFL_W08_CIN_NYJ,NFL_NYJ,NFL_P_00-0033871,WR,,DOUBTFUL,DNP,Hip,2021-10-30,nflverse,,2026-09-07T05:45:02.885579+00:00,2021-10-30T00:00:00
NFL_NYJ_00-0036329_2021W08_QUESTIONABLE_FP,NFL,2021,8,2021_NFL_W08_CIN_NYJ,NFL_NYJ,NFL_P_00-0036329,S,,QUESTIONABLE,FP,Shoulder,2021-10-30,nflverse,,2026-09-07T05:45:02.885579+00:00,2021-10-30T00:00:00
NFL_NYJ_00-0032214_2021W08_QUESTIONABLE_FP,NFL,2021,8,2021_NFL_W08_CIN_NYJ,NFL_NYJ,NFL_P_00-0032214,TE,,QUESTIONABLE,FP,Back,2021-10-30,nflverse,,2026-09-07T05:45:02.885579+00:00,2021-10-30T00:00:00
NFL_NYJ_00-0033096_2021W08_QUESTIONABLE_FP,NFL,2021,8,2021_NFL_W08_CIN_NYJ,NFL_NYJ,NFL_P_00-0033096,EDGE,,QUESTIONABLE,FP,Wrist,2021-10-30,nflverse,,2026-09-07T05:45:02.885579+00:00,2021-10-30T00:00:00
NFL_NYJ_00-0031296_2021W08_QUESTIONABLE_FP,NFL,2021,8,2021_NFL_W08_CIN_NYJ,NFL_NYJ,NFL_P_00-0031296,LB,,QUESTIONABLE,FP,Hamstring,2021-10-30,nflverse,,2026-09-07T05:45:02.885579+00:00,2021-10-30T00:00:00
NFL_PHI_00-0036917_2021W08_OUT_DNP,NFL,2021,8,2021_NFL_W08_PHI_DET,NFL_PHI,NFL_P_00-0036917,CB,,OUT,DNP,Hamstring,2021-10-30,nflverse,,2026-09-07T05:45:02.885579+00:00,2021-10-30T00:00:00
NFL_PHI_00-0035243_2021W08_OUT_DNP,NFL,2021,8,2021_NFL_W08_PHI_DET,NFL_PHI,NFL_P_00-0035243,RB,,OUT,DNP,Ankle,2021-10-30,nflverse,,2026-09-07T05:45:02.885579+00:00,2021-10-30T00:00:00
NFL_PHI_00-0031799_2021W08_DOUBTFUL_LP,NFL,2021,8,2021_NFL_W08_PHI_DET,NFL_PHI,NFL_P_00-0031799,S,,DOUBTFUL,LP,Hands,2021-10-30,nflverse,,2026-09-07T05:45:02.885579+00:00,2021-10-30T00:00:00
NFL_PHI_00-0035246_2021W08_QUESTIONABLE_FP,NFL,2021,8,2021_NFL_W08_PHI_DET,NFL_PHI,NFL_P_00-0035246,WR,,QUESTIONABLE,FP,Back,2021-10-30,nflverse,,2026-09-07T05:45:02.885579+00:00,2021-10-30T00:00:00
NFL_PIT_00-0031387_2021W08_OUT_DNP,NFL,2021,8,2021_NFL_W08_PIT_CLE,NFL_PIT,NFL_P_00-0031387,TE,,OUT,DNP,Hamstring,2021-10-30,nflverse,,2026-09-07T05:45:02.885579+00:00,2021-10-30T00:00:00
NFL_PIT_00-0029249_2021W08_DOUBTFUL_DNP,NFL,2021,8,2021_NFL_W08_PIT_CLE,NFL_PIT,NFL_P_00-0029249,LB,,DOUBTFUL,DNP,Groin,2021-10-30,nflverse,,2026-09-07T05:45:02.885579+00:00,2021-10-30T00:00:00
NFL_SEA_00-0027662_2021W08_NA_DNP,NFL,2021,8,2021_NFL_W08_JAX_SEA,NFL_SEA,NFL_P_00-0027662,LB,,UNKNOWN,DNP,Not injury related - resting player,2021-10-30,nflverse,,2026-09-07T05:45:02.885579+00:00,2021-10-30T00:00:00
NFL_SEA_00-0034234_2021W08_NA_DNP,NFL,2021,8,2021_NFL_W08_JAX_SEA,NFL_SEA,NFL_P_00-0034234,DL,,UNKNOWN,DNP,Not injury related - resting player,2021-10-30,nflverse,,2026-09-07T05:45:02.885579+00:00,2021-10-30T00:00:00
NFL_SEA_00-0031367_2021W08_NA_DNP,NFL,2021,8,2021_NFL_W08_JAX_SEA,NFL_SEA,NFL_P_00-0031367,OL,,UNKNOWN,DNP,Not injury related - resting player,2021-10-30,nflverse,,2026-09-07T05:45:02.885579+00:00,2021-10-30T00:00:00
NFL_SEA_00-0027723_2021W08_NA_DNP,NFL,2021,8,2021_NFL_W08_JAX_SEA,NFL_SEA,NFL_P_00-0027723,DL,,UNKNOWN,DNP,Not injury related - resting player,2021-10-30,nflverse,,2026-09-07T05:45:02.885579+00:00,2021-10-30T00:00:00
NFL_SEA_00-0035640_2021W08_NA_LP,NFL,2021,8,2021_NFL_W08_JAX_SEA,NFL_SEA,NFL_P_00-0035640,WR,,UNKNOWN,LP,Foot,2021-10-30,nflverse,,2026-09-07T05:45:02.885579+00:00,2021-10-30T00:00:00
NFL_SEA_00-0029255_2021W08_NA_LP,NFL,2021,8,2021_NFL_W08_JAX_SEA,NFL_SEA,NFL_P_00-0029255,LB,,UNKNOWN,LP,Not injury related - resting player,2021-10-30,nflverse,,2026-09-07T05:45:02.885579+00:00,2021-10-30T00:00:00
NFL_SEA_00-0035139_2021W08_OUT_DNP,NFL,2021,8,2021_NFL_W08_JAX_SEA,NFL_SEA,NFL_P_00-0035139,S,,OUT,DNP,Knee,2021-10-30,nflverse,,2026-09-07T05:45:02.885579+00:00,2021-10-30T00:00:00
NFL_SEA_00-0026166_2021W08_QUESTIONABLE_DNP,NFL,2021,8,2021_NFL_W08_JAX_SEA,NFL_SEA,NFL_P_00-0026166,OL,,QUESTIONABLE,DNP,Illness,2021-10-30,nflverse,,2026-09-07T05:45:02.885579+00:00,2021-10-30T00:00:00
NFL_SEA_00-0036417_2021W08_QUESTIONABLE_FP,NFL,2021,8,2021_NFL_W08_JAX_SEA,NFL_SEA,NFL_P_00-0036417,OL,,QUESTIONABLE,FP,Shoulder,2021-10-30,nflverse,,2026-09-07T05:45:02.885579+00:00,2021-10-30T00:00:00
NFL_SEA_00-0032426_2021W08_QUESTIONABLE_LP,NFL,2021,8,2021_NFL_W08_JAX_SEA,NFL_SEA,NFL_P_00-0032426,RB,,QUESTIONABLE,LP,Groin,2021-10-30,nflverse,,2026-09-07T05:45:02.885579+00:00,2021-10-30T00:00:00
NFL_SF_00-0035717_2021W08_NA_DNP,NFL,2021,8,2021_NFL_W08_SF_CHI,NFL_SF,NFL_P_00-0035717,EDGE,,UNKNOWN,DNP,Not injury related - resting player,2021-10-30,nflverse,,2026-09-07T05:45:02.885579+00:00,2021-10-30T00:00:00
NFL_SF_00-0026997_2021W08_NA_DNP,NFL,2021,8,2021_NFL_W08_SF_CHI,NFL_SF,NFL_P_00-0026997,OL,,UNKNOWN,DNP,Not injury related - resting player,2021-10-30,nflverse,,2026-09-07T05:45:02.885579+00:00,2021-10-30T00:00:00
NFL_SF_00-0034941_2021W08_NA_DNP,NFL,2021,8,2021_NFL_W08_SF_CHI,NFL_SF,NFL_P_00-0034941,P,,UNKNOWN,DNP,Not injury related - personal matter,2021-10-30,nflverse,,2026-09-07T05:45:02.885579+00:00,2021-10-30T00:00:00
NFL_SF_00-0034730_2021W08_NA_LP,NFL,2021,8,2021_NFL_W08_SF_CHI,NFL_SF,NFL_P_00-0034730,LB,,UNKNOWN,LP,Thumb,2021-10-30,nflverse,,2026-09-07T05:45:02.885579+00:00,2021-10-30T00:00:00
NFL_SF_00-0034746_2021W08_OUT_DNP,NFL,2021,8,2021_NFL_W08_SF_CHI,NFL_SF,NFL_P_00-0034746,DL,,OUT,DNP,Calf,2021-10-30,nflverse,,2026-09-07T05:45:02.885579+00:00,2021-10-30T00:00:00
NFL_SF_00-0036260_2021W08_OUT_DNP,NFL,2021,8,2021_NFL_W08_SF_CHI,NFL_SF,NFL_P_00-0036260,DL,,OUT,DNP,Knee,2021-10-30,nflverse,,2026-09-07T05:45:02.885579+00:00,2021-10-30T00:00:00
NFL_SF_00-0032057_2021W08_OUT_DNP,NFL,2021,8,2021_NFL_W08_SF_CHI,NFL_SF,NFL_P_00-0032057,S,,OUT,DNP,Knee,2021-10-30,nflverse,,2026-09-07T05:45:02.885579+00:00,2021-10-30T00:00:00
NFL_SF_00-0035166_2021W08_DOUBTFUL_DNP,NFL,2021,8,2021_NFL_W08_SF_CHI,NFL_SF,NFL_P_00-0035166,LB,,DOUBTFUL,DNP,Concussion,2021-10-30,nflverse,,2026-09-07T05:45:02.885579+00:00,2021-10-30T00:00:00
NFL_SF_00-0031297_2021W08_DOUBTFUL_DNP,NFL,2021,8,2021_NFL_W08_SF_CHI,NFL_SF,NFL_P_00-0031297,EDGE,,DOUBTFUL,DNP,Concussion,2021-10-30,nflverse,,2026-09-07T05:45:02.885579+00:00,2021-10-30T00:00:00
NFL_SF_00-0033945_2021W08_QUESTIONABLE_DNP,NFL,2021,8,2021_NFL_W08_SF_CHI,NFL_SF,NFL_P_00-0033945,EDGE,,QUESTIONABLE,DNP,Ankle,2021-10-30,nflverse,,2026-09-07T05:45:02.885579+00:00,2021-10-30T00:00:00
NFL_SF_00-0027857_2021W08_QUESTIONABLE_LP,NFL,2021,8,2021_NFL_W08_SF_CHI,NFL_SF,NFL_P_00-0027857,OL,,QUESTIONABLE,LP,Ankle,2021-10-30,nflverse,,2026-09-07T05:45:02.885579+00:00,2021-10-30T00:00:00
NFL_TB_00-0027855_2021W08_NA_DNP,NFL,2021,8,2021_NFL_W08_TB_NO,NFL_TB,NFL_P_00-0027855,DL,,UNKNOWN,DNP,Knee,2021-10-30,nflverse,,2026-09-07T05:45:02.885579+00:00,2021-10-30T00:00:00
NFL_TB_00-0027793_2021W08_OUT_DNP,NFL,2021,8,2021_NFL_W08_TB_NO,NFL_TB,NFL_P_00-0027793,WR,,OUT,DNP,Ankle,2021-10-30,nflverse,,2026-09-07T05:45:02.885579+00:00,2021-10-30T00:00:00
NFL_TB_00-0034515_2021W08_QUESTIONABLE_DNP,NFL,2021,8,2021_NFL_W08_TB_NO,NFL_TB,NFL_P_00-0034515,CB,,QUESTIONABLE,DNP,Ankle,2021-10-30,nflverse,,2026-09-07T05:45:02.885579+00:00,2021-10-30T00:00:00
NFL_TB_00-0027867_2021W08_QUESTIONABLE_DNP,NFL,2021,8,2021_NFL_W08_TB_NO,NFL_TB,NFL_P_00-0027867,LB,,QUESTIONABLE,DNP,Shoulder,2021-10-30,nflverse,,2026-09-07T05:45:02.885579+00:00,2021-10-30T00:00:00
NFL_TB_00-0029562_2021W08_QUESTIONABLE_FP,NFL,2021,8,2021_NFL_W08_TB_NO,NFL_TB,NFL_P_00-0029562,LB,,QUESTIONABLE,FP,Ankle,2021-10-30,nflverse,,2026-09-07T05:45:02.885579+00:00,2021-10-30T00:00:00
NFL_TB_00-0027656_2021W08_QUESTIONABLE_LP,NFL,2021,8,2021_NFL_W08_TB_NO,NFL_TB,NFL_P_00-0027656,TE,,QUESTIONABLE,LP,Ribs,2021-10-30,nflverse,,2026-09-07T05:45:02.885579+00:00,2021-10-30T00:00:00
NFL_TB_00-0028092_2021W08_QUESTIONABLE_LP,NFL,2021,8,2021_NFL_W08_TB_NO,NFL_TB,NFL_P_00-0028092,CB,,QUESTIONABLE,LP,Hamstring,2021-10-30,nflverse,,2026-09-07T05:45:02.885579+00:00,2021-10-30T00:00:00
NFL_TEN_00-0035676_2021W08_NA_DNP,NFL,2021,8,2021_NFL_W08_TEN_IND,NFL_TEN,NFL_P_00-0035676,WR,,UNKNOWN,DNP,Knee,2021-10-30,nflverse,,2026-09-07T05:45:02.885579+00:00,2021-10-30T00:00:00
NFL_TEN_00-0031254_2021W08_NA_LP,NFL,2021,8,2021_NFL_W08_TEN_IND,NFL_TEN,NFL_P_00-0031254,EDGE,,UNKNOWN,LP,Knee,2021-10-30,nflverse,,2026-09-07T05:45:02.885579+00:00,2021-10-30T00:00:00
NFL_TEN_00-0035632_2021W08_NA_LP,NFL,2021,8,2021_NFL_W08_TEN_IND,NFL_TEN,NFL_P_00-0035632,S,,UNKNOWN,LP,Groin,2021-10-30,nflverse,,2026-09-07T05:45:02.885579+00:00,2021-10-30T00:00:00
NFL_TEN_00-0034828_2021W08_NA_LP,NFL,2021,8,2021_NFL_W08_TEN_IND,NFL_TEN,NFL_P_00-0034828,LB,,UNKNOWN,LP,Hamstring,2021-10-30,nflverse,,2026-09-07T05:45:02.885579+00:00,2021-10-30T00:00:00
NFL_TEN_00-0032355_2021W08_NA_LP,NFL,2021,8,2021_NFL_W08_TEN_IND,NFL_TEN,NFL_P_00-0032355,WR,,UNKNOWN,LP,Groin,2021-10-30,nflverse,,2026-09-07T05:45:02.885579+00:00,2021-10-30T00:00:00
NFL_TEN_00-0035099_2021W08_OUT_DNP,NFL,2021,8,2021_NFL_W08_TEN_IND,NFL_TEN,NFL_P_00-0035099,RB,,OUT,DNP,Knee,2021-10-30,nflverse,,2026-09-07T05:45:02.885579+00:00,2021-10-30T00:00:00
NFL_TEN_00-0036297_2021W08_OUT_DNP,NFL,2021,8,2021_NFL_W08_TEN_IND,NFL_TEN,NFL_P_00-0036297,RB,,OUT,DNP,Knee,2021-10-30,nflverse,,2026-09-07T05:45:02.885579+00:00,2021-10-30T00:00:00
NFL_TEN_00-0027944_2021W08_OUT_DNP,NFL,2021,8,2021_NFL_W08_TEN_IND,NFL_TEN,NFL_P_00-0027944,WR,,OUT,DNP,Hamstring,2021-10-30,nflverse,,2026-09-07T05:45:02.885579+00:00,2021-10-30T00:00:00
NFL_TEN_00-0034743_2021W08_QUESTIONABLE_DNP,NFL,2021,8,2021_NFL_W08_TEN_IND,NFL_TEN,NFL_P_00-0034743,LB,,QUESTIONABLE,DNP,Ankle,2021-10-30,nflverse,,2026-09-07T05:45:02.885579+00:00,2021-10-30T00:00:00
NFL_TEN_00-0031921_2021W08_QUESTIONABLE_DNP,NFL,2021,8,2021_NFL_W08_TEN_IND,NFL_TEN,NFL_P_00-0031921,OL,,QUESTIONABLE,DNP,Ankle,2021-10-30,nflverse,,2026-09-07T05:45:02.885579+00:00,2021-10-30T00:00:00
NFL_TEN_00-0036240_2021W08_QUESTIONABLE_FP,NFL,2021,8,2021_NFL_W08_TEN_IND,NFL_TEN,NFL_P_00-0036240,CB,,QUESTIONABLE,FP,Foot,2021-10-30,nflverse,,2026-09-07T05:45:02.885579+00:00,2021-10-30T00:00:00
NFL_TEN_00-0036181_2021W08_QUESTIONABLE_LP,NFL,2021,8,2021_NFL_W08_TEN_IND,NFL_TEN,NFL_P_00-0036181,DL,,QUESTIONABLE,LP,Groin,2021-10-30,nflverse,,2026-09-07T05:45:02.885579+00:00,2021-10-30T00:00:00
NFL_WAS_00-0036626_2021W08_OUT_DNP,NFL,2021,8,2021_NFL_W08_WAS_DEN,NFL_WAS,NFL_P_00-0036626,WR,,OUT,DNP,Knee,2021-10-30,nflverse,,2026-09-07T05:45:02.885579+00:00,2021-10-30T00:00:00
NFL_WAS_00-0036618_2021W08_OUT_DNP,NFL,2021,8,2021_NFL_W08_WAS_DEN,NFL_WAS,NFL_P_00-0036618,OL,,OUT,DNP,Ankle,2021-10-30,nflverse,,2026-09-07T05:45:02.885579+00:00,2021-10-30T00:00:00
NFL_WAS_00-0033282_2021W08_OUT_DNP,NFL,2021,8,2021_NFL_W08_WAS_DEN,NFL_WAS,NFL_P_00-0033282,WR,,OUT,DNP,Groin,2021-10-30,nflverse,,2026-09-07T05:45:02.885579+00:00,2021-10-30T00:00:00
NFL_WAS_00-0030725_2021W08_QUESTIONABLE_DNP,NFL,2021,8,2021_NFL_W08_WAS_DEN,NFL_WAS,NFL_P_00-0030725,OL,,QUESTIONABLE,DNP,Illness,2021-10-30,nflverse,,2026-09-07T05:45:02.885579+00:00,2021-10-30T00:00:00
NFL_WAS_00-0033107_2021W08_QUESTIONABLE_LP,NFL,2021,8,2021_NFL_W08_WAS_DEN,NFL_WAS,NFL_P_00-0033107,CB,,QUESTIONABLE,LP,Knee,2021-10-30,nflverse,,2026-09-07T05:45:02.885579+00:00,2021-10-30T00:00:00
NFL_WAS_00-0032053_2021W08_QUESTIONABLE_LP,NFL,2021,8,2021_NFL_W08_WAS_DEN,NFL_WAS,NFL_P_00-0032053,OL,,QUESTIONABLE,LP,Knee,2021-10-30,nflverse,,2026-09-07T05:45:02.885579+00:00,2021-10-30T00:00:00
NFL_WAS_00-0034104_2021W08_QUESTIONABLE_LP,NFL,2021,8,2021_NFL_W08_WAS_DEN,NFL_WAS,NFL_P_00-0034104,WR,,QUESTIONABLE,LP,Hamstring,2021-10-30,nflverse,,2026-09-07T05:45:02.885579+00:00,2021-10-30T00:00:00
NFL_ARI_00-0029316_2021W09_NA_LP,NFL,2021,9,2021_NFL_W09_ARI_SF,NFL_ARI,NFL_P_00-0029316,OL,,UNKNOWN,LP,Not injury related - resting player,2021-11-06,nflverse,,2026-09-07T05:45:02.885579+00:00,2021-11-06T00:00:00
NFL_ARI_00-0036373_2021W09_OUT_DNP,NFL,2021,9,2021_NFL_W09_ARI_SF,NFL_ARI,NFL_P_00-0036373,DL,,OUT,DNP,Calf,2021-11-06,nflverse,,2026-09-07T05:45:02.885579+00:00,2021-11-06T00:00:00
NFL_ARI_00-0035924_2021W09_OUT_DNP,NFL,2021,9,2021_NFL_W09_ARI_SF,NFL_ARI,NFL_P_00-0035924,RB,,OUT,DNP,Concussion,2021-11-06,nflverse,,2026-09-07T05:45:02.885579+00:00,2021-11-06T00:00:00
NFL_ARI_00-0027949_2021W09_OUT_DNP,NFL,2021,9,2021_NFL_W09_ARI_SF,NFL_ARI,NFL_P_00-0027949,EDGE,,OUT,DNP,Shoulder,2021-11-06,nflverse,,2026-09-07T05:45:02.885579+00:00,2021-11-06T00:00:00
NFL_ARI_00-0036889_2021W09_OUT_DNP,NFL,2021,9,2021_NFL_W09_ARI_SF,NFL_ARI,NFL_P_00-0036889,S,,OUT,DNP,Knee,2021-11-06,nflverse,,2026-09-07T05:45:02.885579+00:00,2021-11-06T00:00:00
NFL_ARI_00-0030564_2021W09_QUESTIONABLE_DNP,NFL,2021,9,2021_NFL_W09_ARI_SF,NFL_ARI,NFL_P_00-0030564,WR,,QUESTIONABLE,DNP,Hamstring,2021-11-06,nflverse,,2026-09-07T05:45:02.885579+00:00,2021-11-06T00:00:00
NFL_ARI_00-0035228_2021W09_QUESTIONABLE_DNP,NFL,2021,9,2021_NFL_W09_ARI_SF,NFL_ARI,NFL_P_00-0035228,QB,,QUESTIONABLE,DNP,Ankle,2021-11-06,nflverse,,2026-09-07T05:45:02.885579+00:00,2021-11-06T00:00:00
NFL_ARI_00-0032132_2021W09_QUESTIONABLE_LP,NFL,2021,9,2021_NFL_W09_ARI_SF,NFL_ARI,NFL_P_00-0032132,OL,,QUESTIONABLE,LP,Achilles,2021-11-06,nflverse,,2026-09-07T05:45:02.885579+00:00,2021-11-06T00:00:00
NFL_ATL_00-0030706_2021W09_OUT_NA,NFL,2021,9,2021_NFL_W09_ATL_NO,NFL_ATL,NFL_P_00-0030706,OL,,OUT,,Not injury related - personal matter,2021-11-06,nflverse,,2026-09-07T05:45:02.885579+00:00,2021-11-06T00:00:00
NFL_ATL_00-0033093_2021W09_OUT_DNP,NFL,2021,9,2021_NFL_W09_ATL_NO,NFL_ATL,NFL_P_00-0033093,DL,,OUT,DNP,Concussion,2021-11-06,nflverse,,2026-09-07T05:45:02.885579+00:00,2021-11-06T00:00:00
NFL_ATL_00-0034837_2021W09_OUT_DNP,NFL,2021,9,2021_NFL_W09_ATL_NO,NFL_ATL,NFL_P_00-0034837,WR,,OUT,DNP,Not injury related - personal matter,2021-11-06,nflverse,,2026-09-07T05:45:02.885579+00:00,2021-11-06T00:00:00
NFL_BAL_00-0026190_2021W09_NA_DNP,NFL,2021,9,2021_NFL_W09_MIN_BAL,NFL_BAL,NFL_P_00-0026190,EDGE,,UNKNOWN,DNP,Not injury related - resting player,2021-11-06,nflverse,,2026-09-07T05:45:02.885579+00:00,2021-11-06T00:00:00
NFL_BAL_00-0028008_2021W09_NA_DNP,NFL,2021,9,2021_NFL_W09_MIN_BAL,NFL_BAL,NFL_P_00-0028008,LB,,UNKNOWN,DNP,Not injury related - resting player,2021-11-06,nflverse,,2026-09-07T05:45:02.885579+00:00,2021-11-06T00:00:00
NFL_BAL_00-0028103_2021W09_NA_DNP,NFL,2021,9,2021_NFL_W09_MIN_BAL,NFL_BAL,NFL_P_00-0028103,LB,,UNKNOWN,DNP,Not injury related - resting player,2021-11-06,nflverse,,2026-09-07T05:45:02.885579+00:00,2021-11-06T00:00:00
NFL_BAL_00-0027965_2021W09_NA_DNP,NFL,2021,9,2021_NFL_W09_MIN_BAL,NFL_BAL,NFL_P_00-0027965,CB,,UNKNOWN,DNP,Not injury related - resting player,2021-11-06,nflverse,,2026-09-07T05:45:02.885579+00:00,2021-11-06T00:00:00
NFL_BAL_00-0030648_2021W09_NA_DNP,NFL,2021,9,2021_NFL_W09_MIN_BAL,NFL_BAL,NFL_P_00-0030648,OL,,UNKNOWN,DNP,Not injury related - resting player,2021-11-06,nflverse,,2026-09-07T05:45:02.885579+00:00,2021-11-06T00:00:00
NFL_BAL_00-0035112_2021W09_DOUBTFUL_DNP,NFL,2021,9,2021_NFL_W09_MIN_BAL,NFL_BAL,NFL_P_00-0035112,OL,,DOUBTFUL,DNP,Ankle,2021-11-06,nflverse,,2026-09-07T05:45:02.885579+00:00,2021-11-06T00:00:00
NFL_BAL_00-0030513_2021W09_DOUBTFUL_DNP,NFL,2021,9,2021_NFL_W09_MIN_BAL,NFL_BAL,NFL_P_00-0030513,RB,,DOUBTFUL,DNP,Ankle,2021-11-06,nflverse,,2026-09-07T05:45:02.885579+00:00,2021-11-06T00:00:00
NFL_BAL_00-0036550_2021W09_QUESTIONABLE_DNP,NFL,2021,9,2021_NFL_W09_MIN_BAL,NFL_BAL,NFL_P_00-0036550,WR,,QUESTIONABLE,DNP,Groin,2021-11-06,nflverse,,2026-09-07T05:45:02.885579+00:00,2021-11-06T00:00:00
NFL_BAL_00-0031325_2021W09_QUESTIONABLE_LP,NFL,2021,9,2021_NFL_W09_MIN_BAL,NFL_BAL,NFL_P_00-0031325,WR,,QUESTIONABLE,LP,Thigh,2021-11-06,nflverse,,2026-09-07T05:45:02.885579+00:00,2021-11-06T00:00:00
NFL_BAL_00-0030511_2021W09_QUESTIONABLE_LP,NFL,2021,9,2021_NFL_W09_MIN_BAL,NFL_BAL,NFL_P_00-0030511,DL,,QUESTIONABLE,LP,Shoulder,2021-11-06,nflverse,,2026-09-07T05:45:02.885579+00:00,2021-11-06T00:00:00
NFL_BUF_00-0028339_2021W09_NA_DNP,NFL,2021,9,2021_NFL_W09_BUF_JAX,NFL_BUF,NFL_P_00-0028339,EDGE,,UNKNOWN,DNP,Not injury related - resting player,2021-11-06,nflverse,,2026-09-07T05:45:02.885579+00:00,2021-11-06T00:00:00
NFL_BUF_00-0031588_2021W09_NA_DNP,NFL,2021,9,2021_NFL_W09_BUF_JAX,NFL_BUF,NFL_P_00-0031588,WR,,UNKNOWN,DNP,Not injury related - resting player,2021-11-06,nflverse,,2026-09-07T05:45:02.885579+00:00,2021-11-06T00:00:00
NFL_BUF_00-0027881_2021W09_NA_DNP,NFL,2021,9,2021_NFL_W09_BUF_JAX,NFL_BUF,NFL_P_00-0027881,EDGE,,UNKNOWN,DNP,Not injury related - resting player,2021-11-06,nflverse,,2026-09-07T05:45:02.885579+00:00,2021-11-06T00:00:00
NFL_BUF_00-0030455_2021W09_NA_DNP,NFL,2021,9,2021_NFL_W09_BUF_JAX,NFL_BUF,NFL_P_00-0030455,DL,,UNKNOWN,DNP,Not injury related - resting player,2021-11-06,nflverse,,2026-09-07T05:45:02.885579+00:00,2021-11-06T00:00:00
NFL_BUF_00-0027685_2021W09_NA_DNP,NFL,2021,9,2021_NFL_W09_BUF_JAX,NFL_BUF,NFL_P_00-0027685,WR,,UNKNOWN,DNP,Not injury related - resting player,2021-11-06,nflverse,,2026-09-07T05:45:02.885579+00:00,2021-11-06T00:00:00
NFL_BUF_00-0036976_2021W09_OUT_DNP,NFL,2021,9,2021_NFL_W09_BUF_JAX,NFL_BUF,NFL_P_00-0036976,OL,,OUT,DNP,Back,2021-11-06,nflverse,,2026-09-07T05:45:02.885579+00:00,2021-11-06T00:00:00
NFL_BUF_00-0032151_2021W09_OUT_DNP,NFL,2021,9,2021_NFL_W09_BUF_JAX,NFL_BUF,NFL_P_00-0032151,OL,,OUT,DNP,Calf,2021-11-06,nflverse,,2026-09-07T05:45:02.885579+00:00,2021-11-06T00:00:00
NFL_BUF_00-0035689_2021W09_OUT_DNP,NFL,2021,9,2021_NFL_W09_BUF_JAX,NFL_BUF,NFL_P_00-0035689,TE,,OUT,DNP,Hand,2021-11-06,nflverse,,2026-09-07T05:45:02.885579+00:00,2021-11-06T00:00:00
NFL_BUF_00-0029000_2021W09_QUESTIONABLE_LP,NFL,2021,9,2021_NFL_W09_BUF_JAX,NFL_BUF,NFL_P_00-0029000,WR,,QUESTIONABLE,LP,Ribs,2021-11-06,nflverse,,2026-09-07T05:45:02.885579+00:00,2021-11-06T00:00:00
NFL_BUF_00-0030114_2021W09_QUESTIONABLE_LP,NFL,2021,9,2021_NFL_W09_BUF_JAX,NFL_BUF,NFL_P_00-0030114,S,,QUESTIONABLE,LP,Shoulder,2021-11-06,nflverse,,2026-09-07T05:45:02.885579+00:00,2021-11-06T00:00:00
NFL_CAR_00-0036315_2021W09_QUESTIONABLE_DNP,NFL,2021,9,2021_NFL_W09_NE_CAR,NFL_CAR,NFL_P_00-0036315,CB,,QUESTIONABLE,DNP,Toe,2021-11-06,nflverse,,2026-09-07T05:45:02.885579+00:00,2021-11-06T00:00:00
NFL_CAR_00-0033909_2021W09_QUESTIONABLE_FP,NFL,2021,9,2021_NFL_W09_NE_CAR,NFL_CAR,NFL_P_00-0033909,OL,,QUESTIONABLE,FP,Hamstring,2021-11-06,nflverse,,2026-09-07T05:45:02.885579+00:00,2021-11-06T00:00:00
NFL_CAR_00-0034869_2021W09_QUESTIONABLE_LP,NFL,2021,9,2021_NFL_W09_NE_CAR,NFL_CAR,NFL_P_00-0034869,QB,,QUESTIONABLE,LP,Concussion,2021-11-06,nflverse,,2026-09-07T05:45:02.885579+00:00,2021-11-06T00:00:00
NFL_CHI_00-0029567_2021W09_OUT_DNP,NFL,2021,9,2021_NFL_W09_CHI_PIT,NFL_CHI,NFL_P_00-0029567,QB,,OUT,DNP,Not injury related - personal matter,2021-11-08,nflverse,,2026-09-07T05:45:02.885579+00:00,2021-11-08T00:00:00
NFL_CHI_00-0032986_2021W09_OUT_DNP,NFL,2021,9,2021_NFL_W09_CHI_PIT,NFL_CHI,NFL_P_00-0032986,TE,,OUT,DNP,Concussion,2021-11-08,nflverse,,2026-09-07T05:45:02.885579+00:00,2021-11-08T00:00:00
NFL_CHI_00-0031040_2021W09_OUT_DNP,NFL,2021,9,2021_NFL_W09_CHI_PIT,NFL_CHI,NFL_P_00-0031040,LB,,OUT,DNP,Foot,2021-11-08,nflverse,,2026-09-07T05:45:02.885579+00:00,2021-11-08T00:00:00
NFL_CHI_00-0030874_2021W09_OUT_DNP,NFL,2021,9,2021_NFL_W09_CHI_PIT,NFL_CHI,NFL_P_00-0030874,RB,,OUT,DNP,Knee,2021-11-08,nflverse,,2026-09-07T05:45:02.885579+00:00,2021-11-08T00:00:00
NFL_CHI_00-0033784_2021W09_DOUBTFUL_DNP,NFL,2021,9,2021_NFL_W09_CHI_PIT,NFL_CHI,NFL_P_00-0033784,S,,DOUBTFUL,DNP,Hamstring,2021-11-08,nflverse,,2026-09-07T05:45:02.885579+00:00,2021-11-08T00:00:00
NFL_CHI_00-0030527_2021W09_QUESTIONABLE_DNP,NFL,2021,9,2021_NFL_W09_CHI_PIT,NFL_CHI,NFL_P_00-0030527,LB,,QUESTIONABLE,DNP,Ankle,2021-11-08,nflverse,,2026-09-07T05:45:02.885579+00:00,2021-11-08T00:00:00
NFL_CHI_00-0036309_2021W09_QUESTIONABLE_LP,NFL,2021,9,2021_NFL_W09_CHI_PIT,NFL_CHI,NFL_P_00-0036309,WR,,QUESTIONABLE,LP,Groin,2021-11-08,nflverse,,2026-09-07T05:45:02.885579+00:00,2021-11-08T00:00:00
NFL_CIN_00-0036850_2021W09_QUESTIONABLE_DNP,NFL,2021,9,2021_NFL_W09_CLE_CIN,NFL_CIN,NFL_P_00-0036850,EDGE,,QUESTIONABLE,DNP,Knee,2021-11-06,nflverse,,2026-09-07T05:45:02.885579+00:00,2021-11-06T00:00:00
NFL_CIN_00-0036857_2021W09_QUESTIONABLE_LP,NFL,2021,9,2021_NFL_W09_CLE_CIN,NFL_CIN,NFL_P_00-0036857,RB,,QUESTIONABLE,LP,Hamstring,2021-11-06,nflverse,,2026-09-07T05:45:02.885579+00:00,2021-11-06T00:00:00
NFL_CIN_00-0034686_2021W09_QUESTIONABLE_LP,NFL,2021,9,2021_NFL_W09_CLE_CIN,NFL_CIN,NFL_P_00-0034686,WR,,QUESTIONABLE,LP,Thigh,2021-11-06,nflverse,,2026-09-07T05:45:02.885579+00:00,2021-11-06T00:00:00
NFL_CLE_00-0029568_2021W09_NA_LP,NFL,2021,9,2021_NFL_W09_CLE_CIN,NFL_CLE,NFL_P_00-0029568,DL,,UNKNOWN,LP,Ankle,2021-11-06,nflverse,,2026-09-07T05:45:02.885579+00:00,2021-11-06T00:00:00
NFL_CLE_00-0033927_2021W09_NA_LP,NFL,2021,9,2021_NFL_W09_CLE_CIN,NFL_CLE,NFL_P_00-0033927,S,,UNKNOWN,LP,Neck,2021-11-06,nflverse,,2026-09-07T05:45:02.885579+00:00,2021-11-06T00:00:00
NFL_CLE_00-0031382_2021W09_NA_LP,NFL,2021,9,2021_NFL_W09_CLE_CIN,NFL_CLE,NFL_P_00-0031382,WR,,UNKNOWN,LP,Knee,2021-11-06,nflverse,,2026-09-07T05:45:02.885579+00:00,2021-11-06T00:00:00
NFL_CLE_00-0030076_2021W09_NA_LP,NFL,2021,9,2021_NFL_W09_CLE_CIN,NFL_CLE,NFL_P_00-0030076,OL,,UNKNOWN,LP,Knee,2021-11-06,nflverse,,2026-09-07T05:45:02.885579+00:00,2021-11-06T00:00:00
NFL_CLE_00-0031235_2021W09_OUT_DNP,NFL,2021,9,2021_NFL_W09_CLE_CIN,NFL_CLE,NFL_P_00-0031235,WR,,OUT,DNP,Shoulder,2021-11-06,nflverse,,2026-09-07T05:45:02.885579+00:00,2021-11-06T00:00:00
NFL_CLE_00-0033057_2021W09_OUT_DNP,NFL,2021,9,2021_NFL_W09_CLE_CIN,NFL_CLE,NFL_P_00-0033057,OL,,OUT,DNP,Elbow,2021-11-06,nflverse,,2026-09-07T05:45:02.885579+00:00,2021-11-06T00:00:00
NFL_CLE_00-0036232_2021W09_QUESTIONABLE_DNP,NFL,2021,9,2021_NFL_W09_CLE_CIN,NFL_CLE,NFL_P_00-0036232,TE,,QUESTIONABLE,DNP,Thigh,2021-11-06,nflverse,,2026-09-07T05:45:02.885579+00:00,2021-11-06T00:00:00
NFL_CLE_00-0031364_2021W09_QUESTIONABLE_LP,NFL,2021,9,2021_NFL_W09_CLE_CIN,NFL_CLE,NFL_P_00-0031364,EDGE,,QUESTIONABLE,LP,Ankle,2021-11-06,nflverse,,2026-09-07T05:45:02.885579+00:00,2021-11-06T00:00:00
NFL_CLE_00-0033540_2021W09_QUESTIONABLE_LP,NFL,2021,9,2021_NFL_W09_CLE_CIN,NFL_CLE,NFL_P_00-0033540,EDGE,,QUESTIONABLE,LP,Groin,2021-11-06,nflverse,,2026-09-07T05:45:02.885579+00:00,2021-11-06T00:00:00
NFL_CLE_00-0036233_2021W09_QUESTIONABLE_LP,NFL,2021,9,2021_NFL_W09_CLE_CIN,NFL_CLE,NFL_P_00-0036233,WR,,QUESTIONABLE,LP,Groin,2021-11-06,nflverse,,2026-09-07T05:45:02.885579+00:00,2021-11-06T00:00:00
NFL_CLE_00-0034856_2021W09_QUESTIONABLE_LP,NFL,2021,9,2021_NFL_W09_CLE_CIN,NFL_CLE,NFL_P_00-0034856,CB,,QUESTIONABLE,LP,Hamstring,2021-11-06,nflverse,,2026-09-07T05:45:02.885579+00:00,2021-11-06T00:00:00
NFL_DAL_00-0033658_2021W09_OUT_DNP,NFL,2021,9,2021_NFL_W09_DEN_DAL,NFL_DAL,NFL_P_00-0033658,TE,,OUT,DNP,Hip,2021-11-06,nflverse,,2026-09-07T05:45:02.885579+00:00,2021-11-06T00:00:00
NFL_DAL_00-0027947_2021W09_OUT_DNP,NFL,2021,9,2021_NFL_W09_DEN_DAL,NFL_DAL,NFL_P_00-0027947,OL,,OUT,DNP,Ankle,2021-11-06,nflverse,,2026-09-07T05:45:02.885579+00:00,2021-11-06T00:00:00
NFL_DAL_00-0031544_2021W09_QUESTIONABLE_LP,NFL,2021,9,2021_NFL_W09_DEN_DAL,NFL_DAL,NFL_P_00-0031544,WR,,QUESTIONABLE,LP,Hamstring,2021-11-06,nflverse,,2026-09-07T05:45:02.885579+00:00,2021-11-06T00:00:00
NFL_DAL_00-0036358_2021W09_QUESTIONABLE_LP,NFL,2021,9,2021_NFL_W09_DEN_DAL,NFL_DAL,NFL_P_00-0036358,WR,,QUESTIONABLE,LP,Ankle,2021-11-06,nflverse,,2026-09-07T05:45:02.885579+00:00,2021-11-06T00:00:00
NFL_DEN_00-0033538_2021W09_OUT_DNP,NFL,2021,9,2021_NFL_W09_DEN_DAL,NFL_DEN,NFL_P_00-0033538,OL,,OUT,DNP,Ankle,2021-11-06,nflverse,,2026-09-07T05:45:02.885579+00:00,2021-11-06T00:00:00
NFL_DEN_00-0034954_2021W09_QUESTIONABLE_DNP,NFL,2021,9,2021_NFL_W09_DEN_DAL,NFL_DEN,NFL_P_00-0034954,LB,,QUESTIONABLE,DNP,Hip,2021-11-06,nflverse,,2026-09-07T05:45:02.885579+00:00,2021-11-06T00:00:00
NFL_DEN_00-0032395_2021W09_QUESTIONABLE_LP,NFL,2021,9,2021_NFL_W09_DEN_DAL,NFL_DEN,NFL_P_00-0032395,OL,,QUESTIONABLE,LP,Hip,2021-11-06,nflverse,,2026-09-07T05:45:02.885579+00:00,2021-11-06T00:00:00
NFL_DEN_00-0036423_2021W09_QUESTIONABLE_LP,NFL,2021,9,2021_NFL_W09_DEN_DAL,NFL_DEN,NFL_P_00-0036423,TE,,QUESTIONABLE,LP,Knee,2021-11-06,nflverse,,2026-09-07T05:45:02.885579+00:00,2021-11-06T00:00:00
NFL_DEN_00-0029890_2021W09_QUESTIONABLE_LP,NFL,2021,9,2021_NFL_W09_DEN_DAL,NFL_DEN,NFL_P_00-0029890,DL,,QUESTIONABLE,LP,Thumb,2021-11-06,nflverse,,2026-09-07T05:45:02.885579+00:00,2021-11-06T00:00:00
NFL_DEN_00-0036633_2021W09_QUESTIONABLE_LP,NFL,2021,9,2021_NFL_W09_DEN_DAL,NFL_DEN,NFL_P_00-0036633,S,,QUESTIONABLE,LP,Shoulder,2021-11-06,nflverse,,2026-09-07T05:45:02.885579+00:00,2021-11-06T00:00:00
NFL_GB_00-0034984_2021W09_OUT_DNP,NFL,2021,9,2021_NFL_W09_GB_KC,NFL_GB,NFL_P_00-0034984,EDGE,,OUT,DNP,Concussion,2021-11-06,nflverse,,2026-09-07T05:45:02.885579+00:00,2021-11-06T00:00:00
NFL_GB_00-0029419_2021W09_QUESTIONABLE_LP,NFL,2021,9,2021_NFL_W09_GB_KC,NFL_GB,NFL_P_00-0029419,OL,,QUESTIONABLE,LP,Back,2021-11-06,nflverse,,2026-09-07T05:45:02.885579+00:00,2021-11-06T00:00:00
NFL_GB_00-0032412_2021W09_QUESTIONABLE_LP,NFL,2021,9,2021_NFL_W09_GB_KC,NFL_GB,NFL_P_00-0032412,EDGE,,QUESTIONABLE,LP,Hamstring,2021-11-06,nflverse,,2026-09-07T05:45:02.885579+00:00,2021-11-06T00:00:00
NFL_HOU_00-0026035_2021W09_NA_DNP,NFL,2021,9,2021_NFL_W09_HOU_MIA,NFL_HOU,NFL_P_00-0026035,WR,,UNKNOWN,DNP,Not injury related - resting player,2021-11-06,nflverse,,2026-09-07T05:45:02.885579+00:00,2021-11-06T00:00:00
NFL_HOU_00-0031236_2021W09_NA_DNP,NFL,2021,9,2021_NFL_W09_HOU_MIA,NFL_HOU,NFL_P_00-0031236,WR,,UNKNOWN,DNP,Not injury related - resting player,2021-11-06,nflverse,,2026-09-07T05:45:02.885579+00:00,2021-11-06T00:00:00
NFL_HOU_00-0033439_2021W09_OUT_DNP,NFL,2021,9,2021_NFL_W09_HOU_MIA,NFL_HOU,NFL_P_00-0033439,TE,,OUT,DNP,Thigh,2021-11-06,nflverse,,2026-09-07T05:45:02.885579+00:00,2021-11-06T00:00:00
NFL_HOU_00-0031361_2021W09_OUT_DNP,NFL,2021,9,2021_NFL_W09_HOU_MIA,NFL_HOU,NFL_P_00-0031361,LB,,OUT,DNP,Thumb,2021-11-06,nflverse,,2026-09-07T05:45:02.885579+00:00,2021-11-06T00:00:00
NFL_HOU_00-0033344_2021W09_OUT_DNP,NFL,2021,9,2021_NFL_W09_HOU_MIA,NFL_HOU,NFL_P_00-0033344,LB,,OUT,DNP,Concussion,2021-11-06,nflverse,,2026-09-07T05:45:02.885579+00:00,2021-11-06T00:00:00
NFL_HOU_00-0033537_2021W09_OUT_DNP,NFL,2021,9,2021_NFL_W09_HOU_MIA,NFL_HOU,NFL_P_00-0033537,QB,,OUT,DNP,Not injury related - personal matter,2021-11-06,nflverse,,2026-09-07T05:45:02.885579+00:00,2021-11-06T00:00:00
NFL_IND_00-0029608_2021W09_OUT_DNP,NFL,2021,9,2021_NFL_W09_NYJ_IND,NFL_IND,NFL_P_00-0029608,WR,,OUT,DNP,Concussion,2021-11-04,nflverse,,2026-09-07T05:45:02.885579+00:00,2021-11-04T00:00:00
NFL_IND_00-0035530_2021W09_OUT_DNP,NFL,2021,9,2021_NFL_W09_NYJ_IND,NFL_IND,NFL_P_00-0035530,S,,OUT,DNP,Calf,2021-11-04,nflverse,,2026-09-07T05:45:02.885579+00:00,2021-11-04T00:00:00
NFL_IND_00-0034342_2021W09_QUESTIONABLE_LP,NFL,2021,9,2021_NFL_W09_NYJ_IND,NFL_IND,NFL_P_00-0034342,OL,,QUESTIONABLE,LP,Toe,2021-11-04,nflverse,,2026-09-07T05:45:02.885579+00:00,2021-11-04T00:00:00
NFL_JAX_00-0035831_2021W09_QUESTIONABLE_LP,NFL,2021,9,2021_NFL_W09_BUF_JAX,NFL_JAX,NFL_P_00-0035831,RB,,QUESTIONABLE,LP,Heel,2021-11-06,nflverse,,2026-09-07T05:45:02.885579+00:00,2021-11-06T00:00:00
NFL_KC_00-0032098_2021W09_NA_DNP,NFL,2021,9,2021_NFL_W09_GB_KC,NFL_KC,NFL_P_00-0032098,TE,,UNKNOWN,DNP,Travel After Trade,2021-11-06,nflverse,,2026-09-07T05:45:02.885579+00:00,2021-11-06T00:00:00
NFL_KC_00-0029164_2021W09_OUT_DNP,NFL,2021,9,2021_NFL_W09_GB_KC,NFL_KC,NFL_P_00-0029164,OL,,OUT,DNP,Knee,2021-11-06,nflverse,,2026-09-07T05:45:02.885579+00:00,2021-11-06T00:00:00
NFL_KC_00-0035656_2021W09_QUESTIONABLE_FP,NFL,2021,9,2021_NFL_W09_GB_KC,NFL_KC,NFL_P_00-0035656,DL,,QUESTIONABLE,FP,Knee,2021-11-06,nflverse,,2026-09-07T05:45:02.885579+00:00,2021-11-06T00:00:00
NFL_LAR_00-0026498_2021W09_NA_LP,NFL,2021,9,2021_NFL_W09_TEN_LAR,NFL_LAR,NFL_P_00-0026498,QB,,UNKNOWN,LP,Back,2021-11-07,nflverse,,2026-09-07T05:45:02.885579+00:00,2021-11-07T00:00:00
NFL_LAR_00-0034810_2021W09_OUT_DNP,NFL,2021,9,2021_NFL_W09_TEN_LAR,NFL_LAR,NFL_P_00-0034810,DL,,OUT,DNP,Chest,2021-11-07,nflverse,,2026-09-07T05:45:02.885579+00:00,2021-11-07T00:00:00
NFL_LAR_00-0036994_2021W09_QUESTIONABLE_DNP,NFL,2021,9,2021_NFL_W09_TEN_LAR,NFL_LAR,NFL_P_00-0036994,LB,,QUESTIONABLE,DNP,Illness,2021-11-07,nflverse,,2026-09-07T05:45:02.885579+00:00,2021-11-07T00:00:00
NFL_LAR_00-0027940_2021W09_QUESTIONABLE_DNP,NFL,2021,9,2021_NFL_W09_TEN_LAR,NFL_LAR,NFL_P_00-0027940,LB,,QUESTIONABLE,DNP,Ankle,2021-11-07,nflverse,,2026-09-07T05:45:02.885579+00:00,2021-11-07T00:00:00
NFL_LAR_00-0033055_2021W09_QUESTIONABLE_DNP,NFL,2021,9,2021_NFL_W09_TEN_LAR,NFL_LAR,NFL_P_00-0033055,CB,,QUESTIONABLE,DNP,Not injury related - resting player,2021-11-07,nflverse,,2026-09-07T05:45:02.885579+00:00,2021-11-07T00:00:00
NFL_LAR_00-0030431_2021W09_QUESTIONABLE_LP,NFL,2021,9,2021_NFL_W09_TEN_LAR,NFL_LAR,NFL_P_00-0030431,WR,,QUESTIONABLE,LP,Foot,2021-11-07,nflverse,,2026-09-07T05:45:02.885579+00:00,2021-11-07T00:00:00
NFL_LAC_00-0033697_2021W09_OUT_DNP,NFL,2021,9,2021_NFL_W09_LAC_PHI,NFL_LAC,NFL_P_00-0033697,CB,,OUT,DNP,Hamstring,2021-11-06,nflverse,,2026-09-07T05:45:02.885579+00:00,2021-11-06T00:00:00
NFL_LAC_00-0034440_2021W09_OUT_DNP,NFL,2021,9,2021_NFL_W09_LAC_PHI,NFL_LAC,NFL_P_00-0034440,RB,,OUT,DNP,Quadricep,2021-11-06,nflverse,,2026-09-07T05:45:02.885579+00:00,2021-11-06T00:00:00
NFL_LAC_00-0036617_2021W09_OUT_DNP,NFL,2021,9,2021_NFL_W09_LAC_PHI,NFL_LAC,NFL_P_00-0036617,CB,,OUT,DNP,Concussion,2021-11-06,nflverse,,2026-09-07T05:45:02.885579+00:00,2021-11-06T00:00:00
NFL_LAC_00-0036380_2021W09_DOUBTFUL_DNP,NFL,2021,9,2021_NFL_W09_LAC_PHI,NFL_LAC,NFL_P_00-0036380,S,,DOUBTFUL,DNP,Ankle,2021-11-06,nflverse,,2026-09-07T05:45:02.885579+00:00,2021-11-06T00:00:00
NFL_LAC_00-0034903_2021W09_QUESTIONABLE_NA,NFL,2021,9,2021_NFL_W09_LAC_PHI,NFL_LAC,NFL_P_00-0034903,CB,,QUESTIONABLE,,Groin,2021-11-06,nflverse,,2026-09-07T05:45:02.885579+00:00,2021-11-06T00:00:00
NFL_MIA_00-0036221_2021W09_NA_LP,NFL,2021,9,2021_NFL_W09_HOU_MIA,NFL_MIA,NFL_P_00-0036221,S,,UNKNOWN,LP,Ankle,2021-11-06,nflverse,,2026-09-07T05:45:02.885579+00:00,2021-11-06T00:00:00
NFL_MIA_00-0031547_2021W09_NA_LP,NFL,2021,9,2021_NFL_W09_HOU_MIA,NFL_MIA,NFL_P_00-0031547,WR,,UNKNOWN,LP,Shoulder,2021-11-06,nflverse,,2026-09-07T05:45:02.885579+00:00,2021-11-06T00:00:00
NFL_MIA_00-0034797_2021W09_QUESTIONABLE_LP,NFL,2021,9,2021_NFL_W09_HOU_MIA,NFL_MIA,NFL_P_00-0034797,LB,,QUESTIONABLE,LP,Knee,2021-11-06,nflverse,,2026-09-07T05:45:02.885579+00:00,2021-11-06T00:00:00
NFL_MIA_00-0036212_2021W09_QUESTIONABLE_LP,NFL,2021,9,2021_NFL_W09_HOU_MIA,NFL_MIA,NFL_P_00-0036212,QB,,QUESTIONABLE,LP,Ribs,2021-11-06,nflverse,,2026-09-07T05:45:02.885579+00:00,2021-11-06T00:00:00
NFL_MIN_00-0027701_2021W09_NA_DNP,NFL,2021,9,2021_NFL_W09_MIN_BAL,NFL_MIN,NFL_P_00-0027701,EDGE,,UNKNOWN,DNP,Not injury related - resting player,2021-11-06,nflverse,,2026-09-07T05:45:02.885579+00:00,2021-11-06T00:00:00
NFL_MIN_00-0029606_2021W09_NA_DNP,NFL,2021,9,2021_NFL_W09_MIN_BAL,NFL_MIN,NFL_P_00-0029606,S,,UNKNOWN,DNP,Groin,2021-11-06,nflverse,,2026-09-07T05:45:02.885579+00:00,2021-11-06T00:00:00
NFL_MIN_00-0032574_2021W09_OUT_DNP,NFL,2021,9,2021_NFL_W09_MIN_BAL,NFL_MIN,NFL_P_00-0032574,DL,,OUT,DNP,Elbow,2021-11-06,nflverse,,2026-09-07T05:45:02.885579+00:00,2021-11-06T00:00:00
NFL_MIN_00-0031256_2021W09_QUESTIONABLE_LP,NFL,2021,9,2021_NFL_W09_MIN_BAL,NFL_MIN,NFL_P_00-0031256,LB,,QUESTIONABLE,LP,Knee,2021-11-06,nflverse,,2026-09-07T05:45:02.885579+00:00,2021-11-06T00:00:00
NFL_MIN_00-0036330_2021W09_QUESTIONABLE_LP,NFL,2021,9,2021_NFL_W09_MIN_BAL,NFL_MIN,NFL_P_00-0036330,CB,,QUESTIONABLE,LP,Ankle,2021-11-06,nflverse,,2026-09-07T05:45:02.885579+00:00,2021-11-06T00:00:00
NFL_NE_00-0034591_2021W09_NA_DNP,NFL,2021,9,2021_NFL_W09_NE_CAR,NFL_NE,NFL_P_00-0034591,CB,,UNKNOWN,DNP,Illness,2021-11-06,nflverse,,2026-09-07T05:45:02.885579+00:00,2021-11-06T00:00:00
NFL_NE_00-0035280_2021W09_QUESTIONABLE_LP,NFL,2021,9,2021_NFL_W09_NE_CAR,NFL_NE,NFL_P_00-0035280,P,,QUESTIONABLE,LP,right Knee,2021-11-06,nflverse,,2026-09-07T05:45:02.885579+00:00,2021-11-06T00:00:00
NFL_NE_00-0036981_2021W09_QUESTIONABLE_LP,NFL,2021,9,2021_NFL_W09_NE_CAR,NFL_NE,NFL_P_00-0036981,DL,,QUESTIONABLE,LP,Foot,2021-11-06,nflverse,,2026-09-07T05:45:02.885579+00:00,2021-11-06T00:00:00
NFL_NE_00-0034385_2021W09_QUESTIONABLE_LP,NFL,2021,9,2021_NFL_W09_NE_CAR,NFL_NE,NFL_P_00-0034385,LB,,QUESTIONABLE,LP,Ribs,2021-11-06,nflverse,,2026-09-07T05:45:02.885579+00:00,2021-11-06T00:00:00
NFL_NE_00-0031938_2021W09_QUESTIONABLE_LP,NFL,2021,9,2021_NFL_W09_NE_CAR,NFL_NE,NFL_P_00-0031938,DL,,QUESTIONABLE,LP,Hand,2021-11-06,nflverse,,2026-09-07T05:45:02.885579+00:00,2021-11-06T00:00:00
NFL_NE_00-0029764_2021W09_QUESTIONABLE_LP,NFL,2021,9,2021_NFL_W09_NE_CAR,NFL_NE,NFL_P_00-0029764,S,,QUESTIONABLE,LP,Hand,2021-11-06,nflverse,,2026-09-07T05:45:02.885579+00:00,2021-11-06T00:00:00
NFL_NE_00-0036231_2021W09_QUESTIONABLE_LP,NFL,2021,9,2021_NFL_W09_NE_CAR,NFL_NE,NFL_P_00-0036231,S,,QUESTIONABLE,LP,Neck,2021-11-06,nflverse,,2026-09-07T05:45:02.885579+00:00,2021-11-06T00:00:00
NFL_NE_00-0025565_2021W09_QUESTIONABLE_LP,NFL,2021,9,2021_NFL_W09_NE_CAR,NFL_NE,NFL_P_00-0025565,K,,QUESTIONABLE,LP,left Knee,2021-11-06,nflverse,,2026-09-07T05:45:02.885579+00:00,2021-11-06T00:00:00
NFL_NE_00-0035624_2021W09_QUESTIONABLE_LP,NFL,2021,9,2021_NFL_W09_NE_CAR,NFL_NE,NFL_P_00-0035624,WR,,QUESTIONABLE,LP,Knee,2021-11-06,nflverse,,2026-09-07T05:45:02.885579+00:00,2021-11-06T00:00:00
NFL_NE_00-0029669_2021W09_QUESTIONABLE_LP,NFL,2021,9,2021_NFL_W09_NE_CAR,NFL_NE,NFL_P_00-0029669,LB,,QUESTIONABLE,LP,Ankle,2021-11-06,nflverse,,2026-09-07T05:45:02.885579+00:00,2021-11-06T00:00:00
NFL_NE_00-0031580_2021W09_QUESTIONABLE_LP,NFL,2021,9,2021_NFL_W09_NE_CAR,NFL_NE,NFL_P_00-0031580,OL,,QUESTIONABLE,LP,Abdomen,2021-11-06,nflverse,,2026-09-07T05:45:02.885579+00:00,2021-11-06T00:00:00
NFL_NE_00-0033858_2021W09_QUESTIONABLE_LP,NFL,2021,9,2021_NFL_W09_NE_CAR,NFL_NE,NFL_P_00-0033858,TE,,QUESTIONABLE,LP,Shoulder,2021-11-06,nflverse,,2026-09-07T05:45:02.885579+00:00,2021-11-06T00:00:00
NFL_NE_00-0036159_2021W09_QUESTIONABLE_LP,NFL,2021,9,2021_NFL_W09_NE_CAR,NFL_NE,NFL_P_00-0036159,LB,,QUESTIONABLE,LP,Shoulder,2021-11-06,nflverse,,2026-09-07T05:45:02.885579+00:00,2021-11-06T00:00:00
NFL_NE_00-0031360_2021W09_QUESTIONABLE_LP,NFL,2021,9,2021_NFL_W09_NE_CAR,NFL_NE,NFL_P_00-0031360,LB,,QUESTIONABLE,LP,Groin,2021-11-06,nflverse,,2026-09-07T05:45:02.885579+00:00,2021-11-06T00:00:00
NFL_NO_00-0030067_2021W09_NA_LP,NFL,2021,9,2021_NFL_W09_ATL_NO,NFL_NO,NFL_P_00-0030067,OL,,UNKNOWN,LP,Groin,2021-11-06,nflverse,,2026-09-07T05:45:02.885579+00:00,2021-11-06T00:00:00
NFL_NO_00-0035402_2021W09_OUT_DNP,NFL,2021,9,2021_NFL_W09_ATL_NO,NFL_NO,NFL_P_00-0035402,EDGE,,OUT,DNP,Shoulder,2021-11-06,nflverse,,2026-09-07T05:45:02.885579+00:00,2021-11-06T00:00:00
NFL_NO_00-0032200_2021W09_OUT_DNP,NFL,2021,9,2021_NFL_W09_ATL_NO,NFL_NO,NFL_P_00-0032200,WR,,OUT,DNP,Hamstring,2021-11-06,nflverse,,2026-09-07T05:45:02.885579+00:00,2021-11-06T00:00:00
NFL_NO_00-0031503_2021W09_OUT_DNP,NFL,2021,9,2021_NFL_W09_ATL_NO,NFL_NO,NFL_P_00-0031503,QB,,OUT,DNP,Knee,2021-11-06,nflverse,,2026-09-07T05:45:02.885579+00:00,2021-11-06T00:00:00
NFL_NO_00-0026990_2021W09_QUESTIONABLE_LP,NFL,2021,9,2021_NFL_W09_ATL_NO,NFL_NO,NFL_P_00-0026990,S,,QUESTIONABLE,LP,Knee,2021-11-06,nflverse,,2026-09-07T05:45:02.885579+00:00,2021-11-06T00:00:00
NFL_NO_00-0036926_2021W09_QUESTIONABLE_LP,NFL,2021,9,2021_NFL_W09_ATL_NO,NFL_NO,NFL_P_00-0036926,EDGE,,QUESTIONABLE,LP,Calf,2021-11-06,nflverse,,2026-09-07T05:45:02.885579+00:00,2021-11-06T00:00:00
NFL_NYG_00-0034860_2021W09_NA_DNP,NFL,2021,9,2021_NFL_W09_LV_NYG,NFL_NYG,NFL_P_00-0034860,WR,,UNKNOWN,DNP,Shoulder,2021-11-06,nflverse,,2026-09-07T05:45:02.885579+00:00,2021-11-06T00:00:00
NFL_NYG_00-0034988_2021W09_NA_LP,NFL,2021,9,2021_NFL_W09_LV_NYG,NFL_NYG,NFL_P_00-0034988,TE,,UNKNOWN,LP,Knee,2021-11-06,nflverse,,2026-09-07T05:45:02.885579+00:00,2021-11-06T00:00:00
NFL_NYG_00-0036913_2021W09_NA_LP,NFL,2021,9,2021_NFL_W09_LV_NYG,NFL_NYG,NFL_P_00-0036913,WR,,UNKNOWN,LP,Thumb,2021-11-06,nflverse,,2026-09-07T05:45:02.885579+00:00,2021-11-06T00:00:00
NFL_NYG_00-0034844_2021W09_OUT_DNP,NFL,2021,9,2021_NFL_W09_LV_NYG,NFL_NYG,NFL_P_00-0034844,RB,,OUT,DNP,Ankle,2021-11-06,nflverse,,2026-09-07T05:45:02.885579+00:00,2021-11-06T00:00:00
NFL_NYG_00-0034360_2021W09_OUT_DNP,NFL,2021,9,2021_NFL_W09_LV_NYG,NFL_NYG,NFL_P_00-0034360,LB,,OUT,DNP,Ankle,2021-11-06,nflverse,,2026-09-07T05:45:02.885579+00:00,2021-11-06T00:00:00
NFL_NYG_00-0029570_2021W09_OUT_DNP,NFL,2021,9,2021_NFL_W09_LV_NYG,NFL_NYG,NFL_P_00-0029570,S,,OUT,DNP,Ankle,2021-11-06,nflverse,,2026-09-07T05:45:02.885579+00:00,2021-11-06T00:00:00
NFL_NYG_00-0032385_2021W09_OUT_DNP,NFL,2021,9,2021_NFL_W09_LV_NYG,NFL_NYG,NFL_P_00-0032385,WR,,OUT,DNP,Quadricep,2021-11-06,nflverse,,2026-09-07T05:45:02.885579+00:00,2021-11-06T00:00:00
NFL_NYG_00-0036569_2021W09_QUESTIONABLE_DNP,NFL,2021,9,2021_NFL_W09_LV_NYG,NFL_NYG,NFL_P_00-0036569,RB,,QUESTIONABLE,DNP,COVID Protocol,2021-11-06,nflverse,,2026-09-07T05:45:02.885579+00:00,2021-11-06T00:00:00
NFL_NYG_00-0033932_2021W09_QUESTIONABLE_LP,NFL,2021,9,2021_NFL_W09_LV_NYG,NFL_NYG,NFL_P_00-0033932,WR,,QUESTIONABLE,LP,Knee,2021-11-06,nflverse,,2026-09-07T05:45:02.885579+00:00,2021-11-06T00:00:00
NFL_NYG_00-0033460_2021W09_QUESTIONABLE_LP,NFL,2021,9,2021_NFL_W09_LV_NYG,NFL_NYG,NFL_P_00-0033460,WR,,QUESTIONABLE,LP,Quadricep,2021-11-06,nflverse,,2026-09-07T05:45:02.885579+00:00,2021-11-06T00:00:00
NFL_NYJ_00-0032058_2021W09_OUT_DNP,NFL,2021,9,2021_NFL_W09_NYJ_IND,NFL_NYJ,NFL_P_00-0032058,RB,,OUT,DNP,Hamstring,2021-11-04,nflverse,,2026-09-07T05:45:02.885579+00:00,2021-11-04T00:00:00
NFL_NYJ_00-0031022_2021W09_OUT_DNP,NFL,2021,9,2021_NFL_W09_NYJ_IND,NFL_NYJ,NFL_P_00-0031022,OL,,OUT,DNP,Not injury related - personal matter,2021-11-04,nflverse,,2026-09-07T05:45:02.885579+00:00,2021-11-04T00:00:00
NFL_NYJ_00-0036151_2021W09_OUT_DNP,NFL,2021,9,2021_NFL_W09_NYJ_IND,NFL_NYJ,NFL_P_00-0036151,EDGE,,OUT,DNP,Back,2021-11-04,nflverse,,2026-09-07T05:45:02.885579+00:00,2021-11-04T00:00:00
NFL_NYJ_00-0037013_2021W09_OUT_DNP,NFL,2021,9,2021_NFL_W09_NYJ_IND,NFL_NYJ,NFL_P_00-0037013,QB,,OUT,DNP,Knee,2021-11-04,nflverse,,2026-09-07T05:45:02.885579+00:00,2021-11-04T00:00:00
NFL_NYJ_00-0033871_2021W09_DOUBTFUL_DNP,NFL,2021,9,2021_NFL_W09_NYJ_IND,NFL_NYJ,NFL_P_00-0033871,WR,,DOUBTFUL,DNP,Hip,2021-11-04,nflverse,,2026-09-07T05:45:02.885579+00:00,2021-11-04T00:00:00
NFL_NYJ_00-0032466_2021W09_QUESTIONABLE_LP,NFL,2021,9,2021_NFL_W09_NYJ_IND,NFL_NYJ,NFL_P_00-0032466,OL,,QUESTIONABLE,LP,Ankle,2021-11-04,nflverse,,2026-09-07T05:45:02.885579+00:00,2021-11-04T00:00:00
NFL_PHI_00-0035246_2021W09_OUT_DNP,NFL,2021,9,2021_NFL_W09_LAC_PHI,NFL_PHI,NFL_P_00-0035246,WR,,OUT,DNP,Ankle,2021-11-06,nflverse,,2026-09-07T05:45:02.885579+00:00,2021-11-06T00:00:00
NFL_PIT_00-0034789_2021W09_NA_DNP,NFL,2021,9,2021_NFL_W09_CHI_PIT,NFL_PIT,NFL_P_00-0034789,S,,UNKNOWN,DNP,Foot,2021-11-08,nflverse,,2026-09-07T05:45:02.885579+00:00,2021-11-08T00:00:00
NFL_PIT_00-0031387_2021W09_OUT_DNP,NFL,2021,9,2021_NFL_W09_CHI_PIT,NFL_PIT,NFL_P_00-0031387,TE,,OUT,DNP,Hamstring,2021-11-08,nflverse,,2026-09-07T05:45:02.885579+00:00,2021-11-08T00:00:00
NFL_PIT_00-0031779_2021W09_QUESTIONABLE_LP,NFL,2021,9,2021_NFL_W09_CHI_PIT,NFL_PIT,NFL_P_00-0031779,OL,,QUESTIONABLE,LP,Back,2021-11-08,nflverse,,2026-09-07T05:45:02.885579+00:00,2021-11-08T00:00:00
NFL_SF_00-0027857_2021W09_NA_LP,NFL,2021,9,2021_NFL_W09_ARI_SF,NFL_SF,NFL_P_00-0027857,OL,,UNKNOWN,LP,Ankle,2021-11-06,nflverse,,2026-09-07T05:45:02.885579+00:00,2021-11-06T00:00:00
NFL_SF_00-0034746_2021W09_OUT_DNP,NFL,2021,9,2021_NFL_W09_ARI_SF,NFL_SF,NFL_P_00-0034746,DL,,OUT,DNP,Calf,2021-11-06,nflverse,,2026-09-07T05:45:02.885579+00:00,2021-11-06T00:00:00
NFL_SF_00-0031298_2021W09_OUT_DNP,NFL,2021,9,2021_NFL_W09_ARI_SF,NFL_SF,NFL_P_00-0031298,S,,OUT,DNP,Quadricep,2021-11-06,nflverse,,2026-09-07T05:45:02.885579+00:00,2021-11-06T00:00:00
NFL_SF_00-0031297_2021W09_QUESTIONABLE_LP,NFL,2021,9,2021_NFL_W09_ARI_SF,NFL_SF,NFL_P_00-0031297,EDGE,,QUESTIONABLE,LP,Back,2021-11-06,nflverse,,2026-09-07T05:45:02.885579+00:00,2021-11-06T00:00:00
NFL_SF_00-0036567_2021W09_QUESTIONABLE_LP,NFL,2021,9,2021_NFL_W09_ARI_SF,NFL_SF,NFL_P_00-0036567,RB,,QUESTIONABLE,LP,Rib,2021-11-06,nflverse,,2026-09-07T05:45:02.885579+00:00,2021-11-06T00:00:00
NFL_SF_00-0035719_2021W09_QUESTIONABLE_LP,NFL,2021,9,2021_NFL_W09_ARI_SF,NFL_SF,NFL_P_00-0035719,WR,,QUESTIONABLE,LP,Calf,2021-11-06,nflverse,,2026-09-07T05:45:02.885579+00:00,2021-11-06T00:00:00
NFL_TEN_00-0034204_2021W09_NA_LP,NFL,2021,9,2021_NFL_W09_TEN_LAR,NFL_TEN,NFL_P_00-0034204,LB,,UNKNOWN,LP,Shoulder,2021-11-07,nflverse,,2026-09-07T05:45:02.885579+00:00,2021-11-07T00:00:00
NFL_TEN_00-0032146_2021W09_NA_LP,NFL,2021,9,2021_NFL_W09_TEN_LAR,NFL_TEN,NFL_P_00-0032146,LB,,UNKNOWN,LP,Knee,2021-11-07,nflverse,,2026-09-07T05:45:02.885579+00:00,2021-11-07T00:00:00
NFL_TEN_00-0036240_2021W09_NA_LP,NFL,2021,9,2021_NFL_W09_TEN_LAR,NFL_TEN,NFL_P_00-0036240,CB,,UNKNOWN,LP,Foot,2021-11-07,nflverse,,2026-09-07T05:45:02.885579+00:00,2021-11-07T00:00:00
NFL_TEN_00-0027944_2021W09_NA_LP,NFL,2021,9,2021_NFL_W09_TEN_LAR,NFL_TEN,NFL_P_00-0027944,WR,,UNKNOWN,LP,Hamstring,2021-11-07,nflverse,,2026-09-07T05:45:02.885579+00:00,2021-11-07T00:00:00
NFL_TEN_00-0034828_2021W09_NA_LP,NFL,2021,9,2021_NFL_W09_TEN_LAR,NFL_TEN,NFL_P_00-0034828,LB,,UNKNOWN,LP,Hamstring,2021-11-07,nflverse,,2026-09-07T05:45:02.885579+00:00,2021-11-07T00:00:00
NFL_TEN_00-0035643_2021W09_NA_LP,NFL,2021,9,2021_NFL_W09_TEN_LAR,NFL_TEN,NFL_P_00-0035643,DL,,UNKNOWN,LP,Ankle,2021-11-07,nflverse,,2026-09-07T05:45:02.885579+00:00,2021-11-07T00:00:00
NFL_TEN_00-0035099_2021W09_OUT_DNP,NFL,2021,9,2021_NFL_W09_TEN_LAR,NFL_TEN,NFL_P_00-0035099,RB,,OUT,DNP,Knee,2021-11-07,nflverse,,2026-09-07T05:45:02.885579+00:00,2021-11-07T00:00:00
NFL_TEN_00-0035649_2021W09_OUT_DNP,NFL,2021,9,2021_NFL_W09_TEN_LAR,NFL_TEN,NFL_P_00-0035649,OL,,OUT,DNP,Concussion,2021-11-07,nflverse,,2026-09-07T05:45:02.885579+00:00,2021-11-07T00:00:00
NFL_TEN_00-0034743_2021W09_OUT_DNP,NFL,2021,9,2021_NFL_W09_TEN_LAR,NFL_TEN,NFL_P_00-0034743,LB,,OUT,DNP,Ankle,2021-11-07,nflverse,,2026-09-07T05:45:02.885579+00:00,2021-11-07T00:00:00
NFL_TEN_00-0033430_2021W09_OUT_DNP,NFL,2021,9,2021_NFL_W09_TEN_LAR,NFL_TEN,NFL_P_00-0033430,CB,,OUT,DNP,Ankle,2021-11-07,nflverse,,2026-09-07T05:45:02.885579+00:00,2021-11-07T00:00:00
NFL_TEN_00-0035676_2021W09_QUESTIONABLE_DNP,NFL,2021,9,2021_NFL_W09_TEN_LAR,NFL_TEN,NFL_P_00-0035676,WR,,QUESTIONABLE,DNP,Knee,2021-11-07,nflverse,,2026-09-07T05:45:02.885579+00:00,2021-11-07T00:00:00
NFL_TEN_00-0036691_2021W09_QUESTIONABLE_DNP,NFL,2021,9,2021_NFL_W09_TEN_LAR,NFL_TEN,NFL_P_00-0036691,RB,,QUESTIONABLE,DNP,Shoulder,2021-11-07,nflverse,,2026-09-07T05:45:02.885579+00:00,2021-11-07T00:00:00
NFL_TEN_00-0031921_2021W09_QUESTIONABLE_DNP,NFL,2021,9,2021_NFL_W09_TEN_LAR,NFL_TEN,NFL_P_00-0031921,OL,,QUESTIONABLE,DNP,Back,2021-11-07,nflverse,,2026-09-07T05:45:02.885579+00:00,2021-11-07T00:00:00
NFL_TEN_00-0031442_2021W09_QUESTIONABLE_DNP,NFL,2021,9,2021_NFL_W09_TEN_LAR,NFL_TEN,NFL_P_00-0031442,OL,,QUESTIONABLE,DNP,Knee,2021-11-07,nflverse,,2026-09-07T05:45:02.885579+00:00,2021-11-07T00:00:00
NFL_TEN_00-0037000_2021W09_QUESTIONABLE_DNP,NFL,2021,9,2021_NFL_W09_TEN_LAR,NFL_TEN,NFL_P_00-0037000,LB,,QUESTIONABLE,DNP,Knee,2021-11-07,nflverse,,2026-09-07T05:45:02.885579+00:00,2021-11-07T00:00:00
NFL_ARI_00-0028946_2021W10_NA_DNP,NFL,2021,10,2021_NFL_W10_CAR_ARI,NFL_ARI,NFL_P_00-0028946,LS,,UNKNOWN,DNP,Forearm,2021-11-13,nflverse,,2026-09-07T05:45:02.885579+00:00,2021-11-13T00:00:00
NFL_ARI_00-0034575_2021W10_NA_DNP,NFL,2021,10,2021_NFL_W10_CAR_ARI,NFL_ARI,NFL_P_00-0034575,TE,,UNKNOWN,DNP,Hand,2021-11-13,nflverse,,2026-09-07T05:45:02.885579+00:00,2021-11-13T00:00:00
NFL_ARI_00-0034681_2021W10_OUT_DNP,NFL,2021,10,2021_NFL_W10_CAR_ARI,NFL_ARI,NFL_P_00-0034681,RB,,OUT,DNP,Ankle,2021-11-13,nflverse,,2026-09-07T05:45:02.885579+00:00,2021-11-13T00:00:00
NFL_ARI_00-0030585_2021W10_OUT_DNP,NFL,2021,10,2021_NFL_W10_CAR_ARI,NFL_ARI,NFL_P_00-0030585,OL,,OUT,DNP,Calf,2021-11-13,nflverse,,2026-09-07T05:45:02.885579+00:00,2021-11-13T00:00:00
NFL_ARI_00-0035924_2021W10_OUT_DNP,NFL,2021,10,2021_NFL_W10_CAR_ARI,NFL_ARI,NFL_P_00-0035924,RB,,OUT,DNP,Concussion,2021-11-13,nflverse,,2026-09-07T05:45:02.885579+00:00,2021-11-13T00:00:00
NFL_ARI_00-0036889_2021W10_OUT_DNP,NFL,2021,10,2021_NFL_W10_CAR_ARI,NFL_ARI,NFL_P_00-0036889,S,,OUT,DNP,Knee,2021-11-13,nflverse,,2026-09-07T05:45:02.885579+00:00,2021-11-13T00:00:00
NFL_ARI_00-0032132_2021W10_QUESTIONABLE_DNP,NFL,2021,10,2021_NFL_W10_CAR_ARI,NFL_ARI,NFL_P_00-0032132,OL,,QUESTIONABLE,DNP,Achilles,2021-11-13,nflverse,,2026-09-07T05:45:02.885579+00:00,2021-11-13T00:00:00
NFL_ARI_00-0030564_2021W10_QUESTIONABLE_DNP,NFL,2021,10,2021_NFL_W10_CAR_ARI,NFL_ARI,NFL_P_00-0030564,WR,,QUESTIONABLE,DNP,Hamstring,2021-11-13,nflverse,,2026-09-07T05:45:02.885579+00:00,2021-11-13T00:00:00
NFL_ARI_00-0033890_2021W10_QUESTIONABLE_LP,NFL,2021,10,2021_NFL_W10_CAR_ARI,NFL_ARI,NFL_P_00-0033890,S,,QUESTIONABLE,LP,Knee,2021-11-13,nflverse,,2026-09-07T05:45:02.885579+00:00,2021-11-13T00:00:00
NFL_ARI_00-0036936_2021W10_QUESTIONABLE_LP,NFL,2021,10,2021_NFL_W10_CAR_ARI,NFL_ARI,NFL_P_00-0036936,WR,,QUESTIONABLE,LP,Neck,2021-11-13,nflverse,,2026-09-07T05:45:02.885579+00:00,2021-11-13T00:00:00
NFL_ARI_00-0035228_2021W10_QUESTIONABLE_LP,NFL,2021,10,2021_NFL_W10_CAR_ARI,NFL_ARI,NFL_P_00-0035228,QB,,QUESTIONABLE,LP,Ankle,2021-11-13,nflverse,,2026-09-07T05:45:02.885579+00:00,2021-11-13T00:00:00
NFL_ARI_00-0031557_2021W10_QUESTIONABLE_LP,NFL,2021,10,2021_NFL_W10_CAR_ARI,NFL_ARI,NFL_P_00-0031557,EDGE,,QUESTIONABLE,LP,Groin,2021-11-13,nflverse,,2026-09-07T05:45:02.885579+00:00,2021-11-13T00:00:00
NFL_ATL_00-0035255_2021W10_OUT_DNP,NFL,2021,10,2021_NFL_W10_ATL_DAL,NFL_ATL,NFL_P_00-0035255,CB,,OUT,DNP,Hamstring,2021-11-13,nflverse,,2026-09-07T05:45:02.885579+00:00,2021-11-13T00:00:00
NFL_ATL_00-0030387_2021W10_DOUBTFUL_DNP,NFL,2021,10,2021_NFL_W10_ATL_DAL,NFL_ATL,NFL_P_00-0030387,LB,,DOUBTFUL,DNP,Knee,2021-11-13,nflverse,,2026-09-07T05:45:02.885579+00:00,2021-11-13T00:00:00
NFL_ATL_00-0028097_2021W10_DOUBTFUL_DNP,NFL,2021,10,2021_NFL_W10_ATL_DAL,NFL_ATL,NFL_P_00-0028097,TE,,DOUBTFUL,DNP,Back,2021-11-13,nflverse,,2026-09-07T05:45:02.885579+00:00,2021-11-13T00:00:00
NFL_ATL_00-0033093_2021W10_DOUBTFUL_LP,NFL,2021,10,2021_NFL_W10_ATL_DAL,NFL_ATL,NFL_P_00-0033093,EDGE,,DOUBTFUL,LP,Concussion,2021-11-13,nflverse,,2026-09-07T05:45:02.885579+00:00,2021-11-13T00:00:00
NFL_ATL_00-0035265_2021W10_QUESTIONABLE_LP,NFL,2021,10,2021_NFL_W10_ATL_DAL,NFL_ATL,NFL_P_00-0035265,EDGE,,QUESTIONABLE,LP,Shoulder,2021-11-13,nflverse,,2026-09-07T05:45:02.885579+00:00,2021-11-13T00:00:00
NFL_BAL_00-0035112_2021W10_DOUBTFUL_DNP,NFL,2021,10,2021_NFL_W10_BAL_MIA,NFL_BAL,NFL_P_00-0035112,OL,,DOUBTFUL,DNP,Ankle,2021-11-11,nflverse,,2026-09-07T05:45:02.885579+00:00,2021-11-11T00:00:00
NFL_BAL_00-0030513_2021W10_DOUBTFUL_DNP,NFL,2021,10,2021_NFL_W10_BAL_MIA,NFL_BAL,NFL_P_00-0030513,RB,,DOUBTFUL,DNP,Ankle,2021-11-11,nflverse,,2026-09-07T05:45:02.885579+00:00,2021-11-11T00:00:00
NFL_BAL_00-0030511_2021W10_QUESTIONABLE_DNP,NFL,2021,10,2021_NFL_W10_BAL_MIA,NFL_BAL,NFL_P_00-0030511,DL,,QUESTIONABLE,DNP,Shoulder,2021-11-11,nflverse,,2026-09-07T05:45:02.885579+00:00,2021-11-11T00:00:00
NFL_BAL_00-0031325_2021W10_QUESTIONABLE_FP,NFL,2021,10,2021_NFL_W10_BAL_MIA,NFL_BAL,NFL_P_00-0031325,WR,,QUESTIONABLE,FP,Thigh,2021-11-11,nflverse,,2026-09-07T05:45:02.885579+00:00,2021-11-11T00:00:00
NFL_BAL_00-0031598_2021W10_QUESTIONABLE_LP,NFL,2021,10,2021_NFL_W10_BAL_MIA,NFL_BAL,NFL_P_00-0031598,TE,,QUESTIONABLE,LP,Knee,2021-11-11,nflverse,,2026-09-07T05:45:02.885579+00:00,2021-11-11T00:00:00
NFL_BUF_00-0028339_2021W10_NA_DNP,NFL,2021,10,2021_NFL_W10_BUF_NYJ,NFL_BUF,NFL_P_00-0028339,EDGE,,UNKNOWN,DNP,Not injury related - resting player,2021-11-13,nflverse,,2026-09-07T05:45:02.885579+00:00,2021-11-13T00:00:00
NFL_BUF_00-0031588_2021W10_NA_DNP,NFL,2021,10,2021_NFL_W10_BUF_NYJ,NFL_BUF,NFL_P_00-0031588,WR,,UNKNOWN,DNP,Not injury related - resting player,2021-11-13,nflverse,,2026-09-07T05:45:02.885579+00:00,2021-11-13T00:00:00
NFL_BUF_00-0027881_2021W10_NA_DNP,NFL,2021,10,2021_NFL_W10_BUF_NYJ,NFL_BUF,NFL_P_00-0027881,EDGE,,UNKNOWN,DNP,Not injury related - resting player,2021-11-13,nflverse,,2026-09-07T05:45:02.885579+00:00,2021-11-13T00:00:00
NFL_BUF_00-0035357_2021W10_NA_DNP,NFL,2021,10,2021_NFL_W10_BUF_NYJ,NFL_BUF,NFL_P_00-0035357,CB,,UNKNOWN,DNP,Illness,2021-11-13,nflverse,,2026-09-07T05:45:02.885579+00:00,2021-11-13T00:00:00
NFL_BUF_00-0030455_2021W10_NA_DNP,NFL,2021,10,2021_NFL_W10_BUF_NYJ,NFL_BUF,NFL_P_00-0030455,DL,,UNKNOWN,DNP,Not injury related - resting player,2021-11-13,nflverse,,2026-09-07T05:45:02.885579+00:00,2021-11-13T00:00:00
NFL_BUF_00-0027685_2021W10_NA_DNP,NFL,2021,10,2021_NFL_W10_BUF_NYJ,NFL_BUF,NFL_P_00-0027685,WR,,UNKNOWN,DNP,Not injury related - resting player,2021-11-13,nflverse,,2026-09-07T05:45:02.885579+00:00,2021-11-13T00:00:00
NFL_BUF_00-0029000_2021W10_NA_LP,NFL,2021,10,2021_NFL_W10_BUF_NYJ,NFL_BUF,NFL_P_00-0029000,WR,,UNKNOWN,LP,Ribs,2021-11-13,nflverse,,2026-09-07T05:45:02.885579+00:00,2021-11-13T00:00:00
NFL_BUF_00-0032518_2021W10_NA_LP,NFL,2021,10,2021_NFL_W10_BUF_NYJ,NFL_BUF,NFL_P_00-0032518,DL,,UNKNOWN,LP,Knee,2021-11-13,nflverse,,2026-09-07T05:45:02.885579+00:00,2021-11-13T00:00:00
NFL_BUF_00-0034673_2021W10_OUT_DNP,NFL,2021,10,2021_NFL_W10_BUF_NYJ,NFL_BUF,NFL_P_00-0034673,LB,,OUT,DNP,Hamstring,2021-11-13,nflverse,,2026-09-07T05:45:02.885579+00:00,2021-11-13T00:00:00
NFL_BUF_00-0036251_2021W10_QUESTIONABLE_LP,NFL,2021,10,2021_NFL_W10_BUF_NYJ,NFL_BUF,NFL_P_00-0036251,RB,,QUESTIONABLE,LP,Concussion,2021-11-13,nflverse,,2026-09-07T05:45:02.885579+00:00,2021-11-13T00:00:00
NFL_CAR_00-0034869_2021W10_NA_DNP,NFL,2021,10,2021_NFL_W10_CAR_ARI,NFL_CAR,NFL_P_00-0034869,QB,,UNKNOWN,DNP,right Shoulder,2021-11-13,nflverse,,2026-09-07T05:45:02.885579+00:00,2021-11-13T00:00:00
NFL_CAR_00-0029542_2021W10_NA_LP,NFL,2021,10,2021_NFL_W10_CAR_ARI,NFL_CAR,NFL_P_00-0029542,CB,,UNKNOWN,LP,Quadricep,2021-11-13,nflverse,,2026-09-07T05:45:02.885579+00:00,2021-11-13T00:00:00
NFL_CAR_00-0036315_2021W10_OUT_DNP,NFL,2021,10,2021_NFL_W10_CAR_ARI,NFL_CAR,NFL_P_00-0036315,CB,,OUT,DNP,Toe,2021-11-13,nflverse,,2026-09-07T05:45:02.885579+00:00,2021-11-13T00:00:00
NFL_CAR_00-0029901_2021W10_OUT_LP,NFL,2021,10,2021_NFL_W10_CAR_ARI,NFL_CAR,NFL_P_00-0029901,CB,,OUT,LP,Hand,2021-11-13,nflverse,,2026-09-07T05:45:02.885579+00:00,2021-11-13T00:00:00
NFL_CAR_00-0035713_2021W10_QUESTIONABLE_FP,NFL,2021,10,2021_NFL_W10_CAR_ARI,NFL_CAR,NFL_P_00-0035713,EDGE,,QUESTIONABLE,FP,Foot,2021-11-13,nflverse,,2026-09-07T05:45:02.885579+00:00,2021-11-13T00:00:00
NFL_CAR_00-0034302_2021W10_QUESTIONABLE_LP,NFL,2021,10,2021_NFL_W10_CAR_ARI,NFL_CAR,NFL_P_00-0034302,LB,,QUESTIONABLE,LP,Knee,2021-11-13,nflverse,,2026-09-07T05:45:02.885579+00:00,2021-11-13T00:00:00
NFL_CLE_00-0036232_2021W10_NA_LP,NFL,2021,10,2021_NFL_W10_CLE_NE,NFL_CLE,NFL_P_00-0036232,TE,,UNKNOWN,LP,Thigh,2021-11-13,nflverse,,2026-09-07T05:45:02.885579+00:00,2021-11-13T00:00:00
NFL_CLE_00-0031364_2021W10_NA_LP,NFL,2021,10,2021_NFL_W10_CLE_NE,NFL_CLE,NFL_P_00-0031364,EDGE,,UNKNOWN,LP,Ankle,2021-11-13,nflverse,,2026-09-07T05:45:02.885579+00:00,2021-11-13T00:00:00
NFL_CLE_00-0033868_2021W10_NA_LP,NFL,2021,10,2021_NFL_W10_CLE_NE,NFL_CLE,NFL_P_00-0033868,EDGE,,UNKNOWN,LP,Foot,2021-11-13,nflverse,,2026-09-07T05:45:02.885579+00:00,2021-11-13T00:00:00
NFL_CLE_00-0029568_2021W10_NA_LP,NFL,2021,10,2021_NFL_W10_CLE_NE,NFL_CLE,NFL_P_00-0029568,DL,,UNKNOWN,LP,Knee,2021-11-13,nflverse,,2026-09-07T05:45:02.885579+00:00,2021-11-13T00:00:00
NFL_CLE_00-0031382_2021W10_NA_LP,NFL,2021,10,2021_NFL_W10_CLE_NE,NFL_CLE,NFL_P_00-0031382,WR,,UNKNOWN,LP,Knee,2021-11-13,nflverse,,2026-09-07T05:45:02.885579+00:00,2021-11-13T00:00:00
NFL_CLE_00-0030076_2021W10_NA_LP,NFL,2021,10,2021_NFL_W10_CLE_NE,NFL_CLE,NFL_P_00-0030076,OL,,UNKNOWN,LP,Knee,2021-11-13,nflverse,,2026-09-07T05:45:02.885579+00:00,2021-11-13T00:00:00
NFL_CLE_00-0033540_2021W10_OUT_DNP,NFL,2021,10,2021_NFL_W10_CLE_NE,NFL_CLE,NFL_P_00-0033540,EDGE,,OUT,DNP,Groin,2021-11-13,nflverse,,2026-09-07T05:45:02.885579+00:00,2021-11-13T00:00:00
NFL_CLE_00-0036915_2021W10_QUESTIONABLE_NA,NFL,2021,10,2021_NFL_W10_CLE_NE,NFL_CLE,NFL_P_00-0036915,LB,,QUESTIONABLE,,Ankle,2021-11-13,nflverse,,2026-09-07T05:45:02.885579+00:00,2021-11-13T00:00:00
NFL_CLE_00-0035638_2021W10_QUESTIONABLE_LP,NFL,2021,10,2021_NFL_W10_CLE_NE,NFL_CLE,NFL_P_00-0035638,CB,,QUESTIONABLE,LP,Shoulder,2021-11-13,nflverse,,2026-09-07T05:45:02.885579+00:00,2021-11-13T00:00:00
NFL_DAL_00-0032197_2021W10_NA_DNP,NFL,2021,10,2021_NFL_W10_ATL_DAL,NFL_DAL,NFL_P_00-0032197,EDGE,,UNKNOWN,DNP,Calf,2021-11-13,nflverse,,2026-09-07T05:45:02.885579+00:00,2021-11-13T00:00:00
NFL_DAL_00-0031544_2021W10_NA_LP,NFL,2021,10,2021_NFL_W10_ATL_DAL,NFL_DAL,NFL_P_00-0031544,WR,,UNKNOWN,LP,Hamstring,2021-11-13,nflverse,,2026-09-07T05:45:02.885579+00:00,2021-11-13T00:00:00
NFL_DAL_00-0027947_2021W10_OUT_DNP,NFL,2021,10,2021_NFL_W10_ATL_DAL,NFL_DAL,NFL_P_00-0027947,OL,,OUT,DNP,Ankle,2021-11-13,nflverse,,2026-09-07T05:45:02.885579+00:00,2021-11-13T00:00:00
NFL_DAL_00-0035251_2021W10_QUESTIONABLE_LP,NFL,2021,10,2021_NFL_W10_ATL_DAL,NFL_DAL,NFL_P_00-0035251,QB,,QUESTIONABLE,LP,Knee,2021-11-13,nflverse,,2026-09-07T05:45:02.885579+00:00,2021-11-13T00:00:00
NFL_DAL_00-0034418_2021W10_QUESTIONABLE_LP,NFL,2021,10,2021_NFL_W10_ATL_DAL,NFL_DAL,NFL_P_00-0034418,WR,,QUESTIONABLE,LP,Shoulder,2021-11-13,nflverse,,2026-09-07T05:45:02.885579+00:00,2021-11-13T00:00:00
NFL_DEN_00-0034112_2021W10_NA_DNP,NFL,2021,10,2021_NFL_W10_PHI_DEN,NFL_DEN,NFL_P_00-0034112,OL,,UNKNOWN,DNP,Not injury related,2021-11-13,nflverse,,2026-09-07T05:45:02.885579+00:00,2021-11-13T00:00:00
NFL_DEN_00-0033538_2021W10_OUT_DNP,NFL,2021,10,2021_NFL_W10_PHI_DEN,NFL_DEN,NFL_P_00-0033538,OL,,OUT,DNP,Ankle,2021-11-13,nflverse,,2026-09-07T05:45:02.885579+00:00,2021-11-13T00:00:00
NFL_DEN_00-0029528_2021W10_OUT_DNP,NFL,2021,10,2021_NFL_W10_PHI_DEN,NFL_DEN,NFL_P_00-0029528,OL,,OUT,DNP,Ankle,2021-11-13,nflverse,,2026-09-07T05:45:02.885579+00:00,2021-11-13T00:00:00
NFL_DEN_00-0034208_2021W10_QUESTIONABLE_DNP,NFL,2021,10,2021_NFL_W10_PHI_DEN,NFL_DEN,NFL_P_00-0034208,RB,,QUESTIONABLE,DNP,Hip,2021-11-13,nflverse,,2026-09-07T05:45:02.885579+00:00,2021-11-13T00:00:00
NFL_DEN_00-0036420_2021W10_QUESTIONABLE_LP,NFL,2021,10,2021_NFL_W10_PHI_DEN,NFL_DEN,NFL_P_00-0036420,EDGE,,QUESTIONABLE,LP,Knee,2021-11-13,nflverse,,2026-09-07T05:45:02.885579+00:00,2021-11-13T00:00:00
NFL_DEN_00-0036995_2021W10_QUESTIONABLE_LP,NFL,2021,10,2021_NFL_W10_PHI_DEN,NFL_DEN,NFL_P_00-0036995,LB,,QUESTIONABLE,LP,Back,2021-11-13,nflverse,,2026-09-07T05:45:02.885579+00:00,2021-11-13T00:00:00
NFL_DEN_00-0031270_2021W10_QUESTIONABLE_LP,NFL,2021,10,2021_NFL_W10_PHI_DEN,NFL_DEN,NFL_P_00-0031270,EDGE,,QUESTIONABLE,LP,Illness,2021-11-13,nflverse,,2026-09-07T05:45:02.885579+00:00,2021-11-13T00:00:00
NFL_DEN_00-0036423_2021W10_QUESTIONABLE_LP,NFL,2021,10,2021_NFL_W10_PHI_DEN,NFL_DEN,NFL_P_00-0036423,TE,,QUESTIONABLE,LP,Knee,2021-11-13,nflverse,,2026-09-07T05:45:02.885579+00:00,2021-11-13T00:00:00
NFL_DEN_00-0033375_2021W10_QUESTIONABLE_LP,NFL,2021,10,2021_NFL_W10_PHI_DEN,NFL_DEN,NFL_P_00-0033375,WR,,QUESTIONABLE,LP,Knee,2021-11-13,nflverse,,2026-09-07T05:45:02.885579+00:00,2021-11-13T00:00:00
NFL_DEN_00-0034954_2021W10_QUESTIONABLE_LP,NFL,2021,10,2021_NFL_W10_PHI_DEN,NFL_DEN,NFL_P_00-0034954,LB,,QUESTIONABLE,LP,Hip,2021-11-13,nflverse,,2026-09-07T05:45:02.885579+00:00,2021-11-13T00:00:00
NFL_DEN_00-0035702_2021W10_QUESTIONABLE_LP,NFL,2021,10,2021_NFL_W10_PHI_DEN,NFL_DEN,NFL_P_00-0035702,OL,,QUESTIONABLE,LP,Foot,2021-11-13,nflverse,,2026-09-07T05:45:02.885579+00:00,2021-11-13T00:00:00
NFL_DEN_00-0036633_2021W10_QUESTIONABLE_LP,NFL,2021,10,2021_NFL_W10_PHI_DEN,NFL_DEN,NFL_P_00-0036633,S,,QUESTIONABLE,LP,Shoulder,2021-11-13,nflverse,,2026-09-07T05:45:02.885579+00:00,2021-11-13T00:00:00
NFL_DEN_00-0036874_2021W10_QUESTIONABLE_LP,NFL,2021,10,2021_NFL_W10_PHI_DEN,NFL_DEN,NFL_P_00-0036874,CB,,QUESTIONABLE,LP,Knee,2021-11-13,nflverse,,2026-09-07T05:45:02.885579+00:00,2021-11-13T00:00:00
NFL_DET_00-0036444_2021W10_NA_LP,NFL,2021,10,2021_NFL_W10_DET_PIT,NFL_DET,NFL_P_00-0036444,EDGE,,UNKNOWN,LP,Illness,2021-11-13,nflverse,,2026-09-07T05:45:02.885579+00:00,2021-11-13T00:00:00
NFL_DET_00-0035145_2021W10_OUT_DNP,NFL,2021,10,2021_NFL_W10_DET_PIT,NFL_DET,NFL_P_00-0035145,K,,OUT,DNP,right Hip,2021-11-13,nflverse,,2026-09-07T05:45:02.885579+00:00,2021-11-13T00:00:00
NFL_DET_00-0033948_2021W10_OUT_DNP,NFL,2021,10,2021_NFL_W10_DET_PIT,NFL_DET,NFL_P_00-0033948,RB,,OUT,DNP,Thigh,2021-11-13,nflverse,,2026-09-07T05:45:02.885579+00:00,2021-11-13T00:00:00
NFL_DET_00-0032381_2021W10_QUESTIONABLE_FP,NFL,2021,10,2021_NFL_W10_DET_PIT,NFL_DET,NFL_P_00-0032381,OL,,QUESTIONABLE,FP,Finger,2021-11-13,nflverse,,2026-09-07T05:45:02.885579+00:00,2021-11-13T00:00:00
NFL_DET_00-0035531_2021W10_QUESTIONABLE_LP,NFL,2021,10,2021_NFL_W10_DET_PIT,NFL_DET,NFL_P_00-0035531,LB,,QUESTIONABLE,LP,Shoulder,2021-11-13,nflverse,,2026-09-07T05:45:02.885579+00:00,2021-11-13T00:00:00
NFL_GB_00-0030074_2021W10_DOUBTFUL_DNP,NFL,2021,10,2021_NFL_W10_SEA_GB,NFL_GB,NFL_P_00-0030074,OL,,DOUBTFUL,DNP,Knee,2021-11-13,nflverse,,2026-09-07T05:45:02.885579+00:00,2021-11-13T00:00:00
NFL_GB_00-0036456_2021W10_DOUBTFUL_DNP,NFL,2021,10,2021_NFL_W10_SEA_GB,NFL_GB,NFL_P_00-0036456,TE,,DOUBTFUL,DNP,Hamstring,2021-11-13,nflverse,,2026-09-07T05:45:02.885579+00:00,2021-11-13T00:00:00
NFL_GB_00-0034984_2021W10_DOUBTFUL_LP,NFL,2021,10,2021_NFL_W10_SEA_GB,NFL_GB,NFL_P_00-0034984,EDGE,,DOUBTFUL,LP,Concussion,2021-11-13,nflverse,,2026-09-07T05:45:02.885579+00:00,2021-11-13T00:00:00
NFL_GB_00-0036901_2021W10_QUESTIONABLE_FP,NFL,2021,10,2021_NFL_W10_SEA_GB,NFL_GB,NFL_P_00-0036901,CB,,QUESTIONABLE,FP,Knee,2021-11-13,nflverse,,2026-09-07T05:45:02.885579+00:00,2021-11-13T00:00:00
NFL_GB_00-0033120_2021W10_QUESTIONABLE_LP,NFL,2021,10,2021_NFL_W10_SEA_GB,NFL_GB,NFL_P_00-0033120,DL,,QUESTIONABLE,LP,Back,2021-11-13,nflverse,,2026-09-07T05:45:02.885579+00:00,2021-11-13T00:00:00
NFL_GB_00-0034279_2021W10_QUESTIONABLE_LP,NFL,2021,10,2021_NFL_W10_SEA_GB,NFL_GB,NFL_P_00-0034279,WR,,QUESTIONABLE,LP,Ankle,2021-11-13,nflverse,,2026-09-07T05:45:02.885579+00:00,2021-11-13T00:00:00
NFL_IND_00-0030575_2021W10_OUT_DNP,NFL,2021,10,2021_NFL_W10_JAX_IND,NFL_IND,NFL_P_00-0030575,CB,,OUT,DNP,Calf,2021-11-13,nflverse,,2026-09-07T05:45:02.885579+00:00,2021-11-13T00:00:00
NFL_IND_00-0032378_2021W10_QUESTIONABLE_DNP,NFL,2021,10,2021_NFL_W10_JAX_IND,NFL_IND,NFL_P_00-0032378,DL,,QUESTIONABLE,DNP,Back,2021-11-13,nflverse,,2026-09-07T05:45:02.885579+00:00,2021-11-13T00:00:00
NFL_JAX_00-0035831_2021W10_QUESTIONABLE_LP,NFL,2021,10,2021_NFL_W10_JAX_IND,NFL_JAX,NFL_P_00-0035831,RB,,QUESTIONABLE,LP,Heel,2021-11-13,nflverse,,2026-09-07T05:45:02.885579+00:00,2021-11-13T00:00:00
NFL_KC_00-0036367_2021W10_OUT_DNP,NFL,2021,10,2021_NFL_W10_KC_LV,NFL_KC,NFL_P_00-0036367,OL,,OUT,DNP,Ribs,2021-11-14,nflverse,,2026-09-07T05:45:02.885579+00:00,2021-11-14T00:00:00
NFL_KC_00-0029164_2021W10_OUT_DNP,NFL,2021,10,2021_NFL_W10_KC_LV,NFL_KC,NFL_P_00-0029164,OL,,OUT,DNP,Knee,2021-11-14,nflverse,,2026-09-07T05:45:02.885579+00:00,2021-11-14T00:00:00
NFL_KC_00-0036374_2021W10_QUESTIONABLE_FP,NFL,2021,10,2021_NFL_W10_KC_LV,NFL_KC,NFL_P_00-0036374,CB,,QUESTIONABLE,FP,Ankle,2021-11-14,nflverse,,2026-09-07T05:45:02.885579+00:00,2021-11-14T00:00:00
NFL_LAR_00-0033072_2021W10_NA_DNP,NFL,2021,10,2021_NFL_W10_LAR_SF,NFL_LAR,NFL_P_00-0033072,LB,,UNKNOWN,DNP,Not injury related - resting player,2021-11-15,nflverse,,2026-09-07T05:45:02.885579+00:00,2021-11-15T00:00:00
NFL_LAR_00-0030431_2021W10_OUT_DNP,NFL,2021,10,2021_NFL_W10_LAR_SF,NFL_LAR,NFL_P_00-0030431,WR,,OUT,DNP,Knee,2021-11-15,nflverse,,2026-09-07T05:45:02.885579+00:00,2021-11-15T00:00:00
NFL_LAR_00-0032641_2021W10_QUESTIONABLE_DNP,NFL,2021,10,2021_NFL_W10_LAR_SF,NFL_LAR,NFL_P_00-0032641,CB,,QUESTIONABLE,DNP,Thigh,2021-11-15,nflverse,,2026-09-07T05:45:02.885579+00:00,2021-11-15T00:00:00
NFL_LAR_00-0036862_2021W10_QUESTIONABLE_DNP,NFL,2021,10,2021_NFL_W10_LAR_SF,NFL_LAR,NFL_P_00-0036862,WR,,QUESTIONABLE,DNP,Thigh,2021-11-15,nflverse,,2026-09-07T05:45:02.885579+00:00,2021-11-15T00:00:00
NFL_LAR_00-0034203_2021W10_QUESTIONABLE_DNP,NFL,2021,10,2021_NFL_W10_LAR_SF,NFL_LAR,NFL_P_00-0034203,CB,,QUESTIONABLE,DNP,Ankle,2021-11-15,nflverse,,2026-09-07T05:45:02.885579+00:00,2021-11-15T00:00:00
NFL_LAR_00-0034804_2021W10_QUESTIONABLE_LP,NFL,2021,10,2021_NFL_W10_LAR_SF,NFL_LAR,NFL_P_00-0034804,OL,,QUESTIONABLE,LP,Elbow,2021-11-15,nflverse,,2026-09-07T05:45:02.885579+00:00,2021-11-15T00:00:00
NFL_LAR_00-0027940_2021W10_QUESTIONABLE_LP,NFL,2021,10,2021_NFL_W10_LAR_SF,NFL_LAR,NFL_P_00-0027940,LB,,QUESTIONABLE,LP,Ankle,2021-11-15,nflverse,,2026-09-07T05:45:02.885579+00:00,2021-11-15T00:00:00
NFL_LAC_00-0032772_2021W10_OUT_DNP,NFL,2021,10,2021_NFL_W10_MIN_LAC,NFL_LAC,NFL_P_00-0032772,CB,,OUT,DNP,Knee,2021-11-13,nflverse,,2026-09-07T05:45:02.885579+00:00,2021-11-13T00:00:00
NFL_LAC_00-0033697_2021W10_DOUBTFUL_DNP,NFL,2021,10,2021_NFL_W10_MIN_LAC,NFL_LAC,NFL_P_00-0033697,CB,,DOUBTFUL,DNP,Hamstring,2021-11-13,nflverse,,2026-09-07T05:45:02.885579+00:00,2021-11-13T00:00:00
NFL_LAC_00-0034440_2021W10_DOUBTFUL_DNP,NFL,2021,10,2021_NFL_W10_MIN_LAC,NFL_LAC,NFL_P_00-0034440,RB,,DOUBTFUL,DNP,Quadricep,2021-11-13,nflverse,,2026-09-07T05:45:02.885579+00:00,2021-11-13T00:00:00
NFL_LAC_00-0033156_2021W10_QUESTIONABLE_DNP,NFL,2021,10,2021_NFL_W10_MIN_LAC,NFL_LAC,NFL_P_00-0033156,LB,,QUESTIONABLE,DNP,Ankle,2021-11-13,nflverse,,2026-09-07T05:45:02.885579+00:00,2021-11-13T00:00:00
NFL_LAC_00-0036665_2021W10_QUESTIONABLE_DNP,NFL,2021,10,2021_NFL_W10_MIN_LAC,NFL_LAC,NFL_P_00-0036665,S,,QUESTIONABLE,DNP,Knee,2021-11-13,nflverse,,2026-09-07T05:45:02.885579+00:00,2021-11-13T00:00:00
NFL_LAC_00-0035677_2021W10_QUESTIONABLE_LP,NFL,2021,10,2021_NFL_W10_MIN_LAC,NFL_LAC,NFL_P_00-0035677,S,,QUESTIONABLE,LP,Ankle,2021-11-13,nflverse,,2026-09-07T05:45:02.885579+00:00,2021-11-13T00:00:00
NFL_LAC_00-0030279_2021W10_QUESTIONABLE_LP,NFL,2021,10,2021_NFL_W10_MIN_LAC,NFL_LAC,NFL_P_00-0030279,WR,,QUESTIONABLE,LP,Knee,2021-11-13,nflverse,,2026-09-07T05:45:02.885579+00:00,2021-11-13T00:00:00
NFL_LV_00-0036853_2021W10_OUT_DNP,NFL,2021,10,2021_NFL_W10_KC_LV,NFL_LV,NFL_P_00-0036853,S,,OUT,DNP,Hamstring,2021-11-14,nflverse,,2026-09-07T05:45:02.885579+00:00,2021-11-14T00:00:00
NFL_LV_00-0032773_2021W10_OUT_DNP,NFL,2021,10,2021_NFL_W10_KC_LV,NFL_LV,NFL_P_00-0032773,LB,,OUT,DNP,Ankle,2021-11-14,nflverse,,2026-09-07T05:45:02.885579+00:00,2021-11-14T00:00:00
NFL_LV_00-0035133_2021W10_DOUBTFUL_DNP,NFL,2021,10,2021_NFL_W10_KC_LV,NFL_LV,NFL_P_00-0035133,CB,,DOUBTFUL,DNP,Ankle,2021-11-14,nflverse,,2026-09-07T05:45:02.885579+00:00,2021-11-14T00:00:00
NFL_LV_00-0036375_2021W10_DOUBTFUL_DNP,NFL,2021,10,2021_NFL_W10_KC_LV,NFL_LV,NFL_P_00-0036375,CB,,DOUBTFUL,DNP,Hip,2021-11-14,nflverse,,2026-09-07T05:45:02.885579+00:00,2021-11-14T00:00:00
NFL_MIA_00-0031923_2021W10_NA_DNP,NFL,2021,10,2021_NFL_W10_BAL_MIA,NFL_MIA,NFL_P_00-0031923,OL,,UNKNOWN,DNP,Ankle,2021-11-11,nflverse,,2026-09-07T05:45:02.885579+00:00,2021-11-11T00:00:00
NFL_MIA_00-0034248_2021W10_QUESTIONABLE_LP,NFL,2021,10,2021_NFL_W10_BAL_MIA,NFL_MIA,NFL_P_00-0034248,CB,,QUESTIONABLE,LP,Toe,2021-11-11,nflverse,,2026-09-07T05:45:02.885579+00:00,2021-11-11T00:00:00
NFL_MIA_00-0036212_2021W10_QUESTIONABLE_LP,NFL,2021,10,2021_NFL_W10_BAL_MIA,NFL_MIA,NFL_P_00-0036212,QB,,QUESTIONABLE,LP,left Finger,2021-11-11,nflverse,,2026-09-07T05:45:02.885579+00:00,2021-11-11T00:00:00
NFL_MIN_00-0036350_2021W10_NA_DNP,NFL,2021,10,2021_NFL_W10_MIN_LAC,NFL_MIN,NFL_P_00-0036350,EDGE,,UNKNOWN,DNP,Illness,2021-11-13,nflverse,,2026-09-07T05:45:02.885579+00:00,2021-11-13T00:00:00
NFL_MIN_00-0031256_2021W10_OUT_DNP,NFL,2021,10,2021_NFL_W10_MIN_LAC,NFL_MIN,NFL_P_00-0031256,LB,,OUT,DNP,Knee,2021-11-13,nflverse,,2026-09-07T05:45:02.885579+00:00,2021-11-13T00:00:00
NFL_MIN_00-0032574_2021W10_OUT_DNP,NFL,2021,10,2021_NFL_W10_MIN_LAC,NFL_MIN,NFL_P_00-0032574,DL,,OUT,DNP,Elbow,2021-11-13,nflverse,,2026-09-07T05:45:02.885579+00:00,2021-11-13T00:00:00
NFL_MIN_00-0031052_2021W10_QUESTIONABLE_LP,NFL,2021,10,2021_NFL_W10_MIN_LAC,NFL_MIN,NFL_P_00-0031052,CB,,QUESTIONABLE,LP,Groin,2021-11-13,nflverse,,2026-09-07T05:45:02.885579+00:00,2021-11-13T00:00:00
NFL_NE_00-0032415_2021W10_NA_DNP,NFL,2021,10,2021_NFL_W10_CLE_NE,NFL_NE,NFL_P_00-0032415,LB,,UNKNOWN,DNP,Not injury related - personal matter,2021-11-13,nflverse,,2026-09-07T05:45:02.885579+00:00,2021-11-13T00:00:00
NFL_NE_00-0030421_2021W10_DOUBTFUL_DNP,NFL,2021,10,2021_NFL_W10_CLE_NE,NFL_NE,NFL_P_00-0030421,LB,,DOUBTFUL,DNP,Ankle,2021-11-13,nflverse,,2026-09-07T05:45:02.885579+00:00,2021-11-13T00:00:00
NFL_NE_00-0035657_2021W10_QUESTIONABLE_DNP,NFL,2021,10,2021_NFL_W10_CLE_NE,NFL_NE,NFL_P_00-0035657,RB,,QUESTIONABLE,DNP,Concussion,2021-11-13,nflverse,,2026-09-07T05:45:02.885579+00:00,2021-11-13T00:00:00
NFL_NE_00-0035645_2021W10_QUESTIONABLE_DNP,NFL,2021,10,2021_NFL_W10_CLE_NE,NFL_NE,NFL_P_00-0035645,WR,,QUESTIONABLE,DNP,Concussion,2021-11-13,nflverse,,2026-09-07T05:45:02.885579+00:00,2021-11-13T00:00:00
NFL_NE_00-0036875_2021W10_QUESTIONABLE_DNP,NFL,2021,10,2021_NFL_W10_CLE_NE,NFL_NE,NFL_P_00-0036875,RB,,QUESTIONABLE,DNP,Concussion,2021-11-13,nflverse,,2026-09-07T05:45:02.885579+00:00,2021-11-13T00:00:00
NFL_NE_00-0035280_2021W10_QUESTIONABLE_LP,NFL,2021,10,2021_NFL_W10_CLE_NE,NFL_NE,NFL_P_00-0035280,P,,QUESTIONABLE,LP,right Knee,2021-11-13,nflverse,,2026-09-07T05:45:02.885579+00:00,2021-11-13T00:00:00
NFL_NE_00-0034385_2021W10_QUESTIONABLE_LP,NFL,2021,10,2021_NFL_W10_CLE_NE,NFL_NE,NFL_P_00-0034385,LB,,QUESTIONABLE,LP,Ribs,2021-11-13,nflverse,,2026-09-07T05:45:02.885579+00:00,2021-11-13T00:00:00
NFL_NE_00-0025565_2021W10_QUESTIONABLE_LP,NFL,2021,10,2021_NFL_W10_CLE_NE,NFL_NE,NFL_P_00-0025565,K,,QUESTIONABLE,LP,left Knee,2021-11-13,nflverse,,2026-09-07T05:45:02.885579+00:00,2021-11-13T00:00:00
NFL_NE_00-0035624_2021W10_QUESTIONABLE_LP,NFL,2021,10,2021_NFL_W10_CLE_NE,NFL_NE,NFL_P_00-0035624,WR,,QUESTIONABLE,LP,Knee,2021-11-13,nflverse,,2026-09-07T05:45:02.885579+00:00,2021-11-13T00:00:00
NFL_NE_00-0029669_2021W10_QUESTIONABLE_LP,NFL,2021,10,2021_NFL_W10_CLE_NE,NFL_NE,NFL_P_00-0029669,LB,,QUESTIONABLE,LP,Ankle,2021-11-13,nflverse,,2026-09-07T05:45:02.885579+00:00,2021-11-13T00:00:00
NFL_NE_00-0031580_2021W10_QUESTIONABLE_LP,NFL,2021,10,2021_NFL_W10_CLE_NE,NFL_NE,NFL_P_00-0031580,OL,,QUESTIONABLE,LP,Abdomen,2021-11-13,nflverse,,2026-09-07T05:45:02.885579+00:00,2021-11-13T00:00:00
NFL_NE_00-0032803_2021W10_QUESTIONABLE_LP,NFL,2021,10,2021_NFL_W10_CLE_NE,NFL_NE,NFL_P_00-0032803,CB,,QUESTIONABLE,LP,Thigh,2021-11-13,nflverse,,2026-09-07T05:45:02.885579+00:00,2021-11-13T00:00:00
NFL_NE_00-0033858_2021W10_QUESTIONABLE_LP,NFL,2021,10,2021_NFL_W10_CLE_NE,NFL_NE,NFL_P_00-0033858,TE,,QUESTIONABLE,LP,Shoulder,2021-11-13,nflverse,,2026-09-07T05:45:02.885579+00:00,2021-11-13T00:00:00
NFL_NE_00-0031360_2021W10_QUESTIONABLE_LP,NFL,2021,10,2021_NFL_W10_CLE_NE,NFL_NE,NFL_P_00-0031360,LB,,QUESTIONABLE,LP,Groin,2021-11-13,nflverse,,2026-09-07T05:45:02.885579+00:00,2021-11-13T00:00:00
NFL_NO_00-0036926_2021W10_NA_DNP,NFL,2021,10,2021_NFL_W10_NO_TEN,NFL_NO,NFL_P_00-0036926,EDGE,,UNKNOWN,DNP,Shoulder,2021-11-13,nflverse,,2026-09-07T05:45:02.885579+00:00,2021-11-13T00:00:00
NFL_NO_00-0033888_2021W10_NA_LP,NFL,2021,10,2021_NFL_W10_NO_TEN,NFL_NO,NFL_P_00-0033888,OL,,UNKNOWN,LP,Not injury related - resting player,2021-11-13,nflverse,,2026-09-07T05:45:02.885579+00:00,2021-11-13T00:00:00
NFL_NO_00-0030067_2021W10_OUT_DNP,NFL,2021,10,2021_NFL_W10_NO_TEN,NFL_NO,NFL_P_00-0030067,OL,,OUT,DNP,Knee,2021-11-13,nflverse,,2026-09-07T05:45:02.885579+00:00,2021-11-13T00:00:00
NFL_NO_00-0035253_2021W10_OUT_DNP,NFL,2021,10,2021_NFL_W10_NO_TEN,NFL_NO,NFL_P_00-0035253,S,,OUT,DNP,Foot,2021-11-13,nflverse,,2026-09-07T05:45:02.885579+00:00,2021-11-13T00:00:00
NFL_NO_00-0033906_2021W10_OUT_DNP,NFL,2021,10,2021_NFL_W10_NO_TEN,NFL_NO,NFL_P_00-0033906,RB,,OUT,DNP,Knee,2021-11-13,nflverse,,2026-09-07T05:45:02.885579+00:00,2021-11-13T00:00:00
NFL_NO_00-0035402_2021W10_QUESTIONABLE_LP,NFL,2021,10,2021_NFL_W10_NO_TEN,NFL_NO,NFL_P_00-0035402,EDGE,,QUESTIONABLE,LP,Shoulder,2021-11-13,nflverse,,2026-09-07T05:45:02.885579+00:00,2021-11-13T00:00:00
NFL_NO_00-0032200_2021W10_QUESTIONABLE_LP,NFL,2021,10,2021_NFL_W10_NO_TEN,NFL_NO,NFL_P_00-0032200,WR,,QUESTIONABLE,LP,Hamstring,2021-11-13,nflverse,,2026-09-07T05:45:02.885579+00:00,2021-11-13T00:00:00
NFL_NYJ_00-0035698_2021W10_DOUBTFUL_DNP,NFL,2021,10,2021_NFL_W10_BUF_NYJ,NFL_NYJ,NFL_P_00-0035698,OL,,DOUBTFUL,DNP,Knee,2021-11-13,nflverse,,2026-09-07T05:45:02.885579+00:00,2021-11-13T00:00:00
NFL_NYJ_00-0037013_2021W10_DOUBTFUL_FP,NFL,2021,10,2021_NFL_W10_BUF_NYJ,NFL_NYJ,NFL_P_00-0037013,QB,,DOUBTFUL,FP,Knee,2021-11-13,nflverse,,2026-09-07T05:45:02.885579+00:00,2021-11-13T00:00:00
NFL_NYJ_00-0032058_2021W10_QUESTIONABLE_FP,NFL,2021,10,2021_NFL_W10_BUF_NYJ,NFL_NYJ,NFL_P_00-0032058,RB,,QUESTIONABLE,FP,Hamstring,2021-11-13,nflverse,,2026-09-07T05:45:02.885579+00:00,2021-11-13T00:00:00
NFL_NYJ_00-0033871_2021W10_QUESTIONABLE_FP,NFL,2021,10,2021_NFL_W10_BUF_NYJ,NFL_NYJ,NFL_P_00-0033871,WR,,QUESTIONABLE,FP,Hip,2021-11-13,nflverse,,2026-09-07T05:45:02.885579+00:00,2021-11-13T00:00:00
NFL_NYJ_00-0033096_2021W10_QUESTIONABLE_FP,NFL,2021,10,2021_NFL_W10_BUF_NYJ,NFL_NYJ,NFL_P_00-0033096,EDGE,,QUESTIONABLE,FP,Hamstring,2021-11-13,nflverse,,2026-09-07T05:45:02.885579+00:00,2021-11-13T00:00:00
NFL_NYJ_00-0036979_2021W10_QUESTIONABLE_FP,NFL,2021,10,2021_NFL_W10_BUF_NYJ,NFL_NYJ,NFL_P_00-0036979,OL,,QUESTIONABLE,FP,Toe,2021-11-13,nflverse,,2026-09-07T05:45:02.885579+00:00,2021-11-13T00:00:00
NFL_PHI_00-0035233_2021W10_QUESTIONABLE_FP,NFL,2021,10,2021_NFL_W10_PHI_DEN,NFL_PHI,NFL_P_00-0035233,OL,,QUESTIONABLE,FP,Knee,2021-11-13,nflverse,,2026-09-07T05:45:02.885579+00:00,2021-11-13T00:00:00
NFL_PHI_00-0034381_2021W10_QUESTIONABLE_FP,NFL,2021,10,2021_NFL_W10_PHI_DEN,NFL_PHI,NFL_P_00-0034381,EDGE,,QUESTIONABLE,FP,Concussion,2021-11-13,nflverse,,2026-09-07T05:45:02.885579+00:00,2021-11-13T00:00:00
NFL_PIT_00-0036326_2021W10_OUT_DNP,NFL,2021,10,2021_NFL_W10_DET_PIT,NFL_PIT,NFL_P_00-0036326,WR,,OUT,DNP,Toe,2021-11-13,nflverse,,2026-09-07T05:45:02.885579+00:00,2021-11-13T00:00:00
NFL_SEA_00-0026166_2021W10_NA_DNP,NFL,2021,10,2021_NFL_W10_SEA_GB,NFL_SEA,NFL_P_00-0026166,OL,,UNKNOWN,DNP,Not injury related - resting player,2021-11-13,nflverse,,2026-09-07T05:45:02.885579+00:00,2021-11-13T00:00:00
NFL_SEA_00-0027662_2021W10_NA_DNP,NFL,2021,10,2021_NFL_W10_SEA_GB,NFL_SEA,NFL_P_00-0027662,LB,,UNKNOWN,DNP,Not injury related - resting player,2021-11-13,nflverse,,2026-09-07T05:45:02.885579+00:00,2021-11-13T00:00:00
NFL_SEA_00-0031367_2021W10_NA_DNP,NFL,2021,10,2021_NFL_W10_SEA_GB,NFL_SEA,NFL_P_00-0031367,OL,,UNKNOWN,DNP,Not injury related - resting player,2021-11-13,nflverse,,2026-09-07T05:45:02.885579+00:00,2021-11-13T00:00:00
NFL_SEA_00-0035640_2021W10_NA_LP,NFL,2021,10,2021_NFL_W10_SEA_GB,NFL_SEA,NFL_P_00-0035640,WR,,UNKNOWN,LP,Foot,2021-11-13,nflverse,,2026-09-07T05:45:02.885579+00:00,2021-11-13T00:00:00
NFL_SEA_00-0035294_2021W10_OUT_DNP,NFL,2021,10,2021_NFL_W10_SEA_GB,NFL_SEA,NFL_P_00-0035294,CB,,OUT,DNP,Not injury related - personal matter,2021-11-13,nflverse,,2026-09-07T05:45:02.885579+00:00,2021-11-13T00:00:00
NFL_SEA_00-0035672_2021W10_OUT_DNP,NFL,2021,10,2021_NFL_W10_SEA_GB,NFL_SEA,NFL_P_00-0035672,LB,,OUT,DNP,Quadricep,2021-11-13,nflverse,,2026-09-07T05:45:02.885579+00:00,2021-11-13T00:00:00
NFL_SEA_00-0035139_2021W10_OUT_DNP,NFL,2021,10,2021_NFL_W10_SEA_GB,NFL_SEA,NFL_P_00-0035139,S,,OUT,DNP,Knee,2021-11-13,nflverse,,2026-09-07T05:45:02.885579+00:00,2021-11-13T00:00:00
NFL_SEA_00-0027723_2021W10_QUESTIONABLE_DNP,NFL,2021,10,2021_NFL_W10_SEA_GB,NFL_SEA,NFL_P_00-0027723,DL,,QUESTIONABLE,DNP,Not injury related - personal matter,2021-11-13,nflverse,,2026-09-07T05:45:02.885579+00:00,2021-11-13T00:00:00
NFL_SF_00-0035806_2021W10_OUT_DNP,NFL,2021,10,2021_NFL_W10_LAR_SF,NFL_SF,NFL_P_00-0035806,RB,,OUT,DNP,Ankle,2021-11-15,nflverse,,2026-09-07T05:45:02.885579+00:00,2021-11-15T00:00:00
NFL_SF_00-0034746_2021W10_OUT_DNP,NFL,2021,10,2021_NFL_W10_LAR_SF,NFL_SF,NFL_P_00-0034746,DL,,OUT,DNP,Calf,2021-11-15,nflverse,,2026-09-07T05:45:02.885579+00:00,2021-11-15T00:00:00
NFL_SF_00-0029560_2021W10_OUT_DNP,NFL,2021,10,2021_NFL_W10_LAR_SF,NFL_SF,NFL_P_00-0029560,CB,,OUT,DNP,Ankle,2021-11-15,nflverse,,2026-09-07T05:45:02.885579+00:00,2021-11-15T00:00:00
NFL_SF_00-0029632_2021W10_OUT_DNP,NFL,2021,10,2021_NFL_W10_LAR_SF,NFL_SF,NFL_P_00-0029632,WR,,OUT,DNP,Knee,2021-11-15,nflverse,,2026-09-07T05:45:02.885579+00:00,2021-11-15T00:00:00
NFL_SF_00-0029410_2021W10_OUT_DNP,NFL,2021,10,2021_NFL_W10_LAR_SF,NFL_SF,NFL_P_00-0029410,S,,OUT,DNP,Foot,2021-11-15,nflverse,,2026-09-07T05:45:02.885579+00:00,2021-11-15T00:00:00
NFL_SF_00-0034825_2021W10_QUESTIONABLE_LP,NFL,2021,10,2021_NFL_W10_LAR_SF,NFL_SF,NFL_P_00-0034825,EDGE,,QUESTIONABLE,LP,Oblique,2021-11-15,nflverse,,2026-09-07T05:45:02.885579+00:00,2021-11-15T00:00:00
NFL_SF_00-0029285_2021W10_QUESTIONABLE_LP,NFL,2021,10,2021_NFL_W10_LAR_SF,NFL_SF,NFL_P_00-0029285,CB,,QUESTIONABLE,LP,Rib,2021-11-15,nflverse,,2026-09-07T05:45:02.885579+00:00,2021-11-15T00:00:00
NFL_SF_00-0031298_2021W10_QUESTIONABLE_LP,NFL,2021,10,2021_NFL_W10_LAR_SF,NFL_SF,NFL_P_00-0031298,S,,QUESTIONABLE,LP,Quadricep,2021-11-15,nflverse,,2026-09-07T05:45:02.885579+00:00,2021-11-15T00:00:00
NFL_TB_00-0027855_2021W10_NA_DNP,NFL,2021,10,2021_NFL_W10_TB_WAS,NFL_TB,NFL_P_00-0027855,DL,,UNKNOWN,DNP,Not injury related - resting player,2021-11-13,nflverse,,2026-09-07T05:45:02.885579+00:00,2021-11-13T00:00:00
NFL_TB_00-0027793_2021W10_OUT_DNP,NFL,2021,10,2021_NFL_W10_TB_WAS,NFL_TB,NFL_P_00-0027793,WR,,OUT,DNP,Ankle,2021-11-13,nflverse,,2026-09-07T05:45:02.885579+00:00,2021-11-13T00:00:00
NFL_TB_00-0027656_2021W10_OUT_DNP,NFL,2021,10,2021_NFL_W10_TB_WAS,NFL_TB,NFL_P_00-0027656,TE,,OUT,DNP,Back,2021-11-13,nflverse,,2026-09-07T05:45:02.885579+00:00,2021-11-13T00:00:00
NFL_TB_00-0032410_2021W10_OUT_DNP,NFL,2021,10,2021_NFL_W10_TB_WAS,NFL_TB,NFL_P_00-0032410,CB,,OUT,DNP,Hamstring,2021-11-13,nflverse,,2026-09-07T05:45:02.885579+00:00,2021-11-13T00:00:00
NFL_TB_00-0027867_2021W10_QUESTIONABLE_DNP,NFL,2021,10,2021_NFL_W10_TB_WAS,NFL_TB,NFL_P_00-0027867,LB,,QUESTIONABLE,DNP,Shoulder,2021-11-13,nflverse,,2026-09-07T05:45:02.885579+00:00,2021-11-13T00:00:00
NFL_TB_00-0034515_2021W10_QUESTIONABLE_FP,NFL,2021,10,2021_NFL_W10_TB_WAS,NFL_TB,NFL_P_00-0034515,CB,,QUESTIONABLE,FP,Ankle,2021-11-13,nflverse,,2026-09-07T05:45:02.885579+00:00,2021-11-13T00:00:00
NFL_TB_00-0033921_2021W10_QUESTIONABLE_LP,NFL,2021,10,2021_NFL_W10_TB_WAS,NFL_TB,NFL_P_00-0033921,WR,,QUESTIONABLE,LP,Foot,2021-11-13,nflverse,,2026-09-07T05:45:02.885579+00:00,2021-11-13T00:00:00
NFL_TEN_00-0035676_2021W10_NA_DNP,NFL,2021,10,2021_NFL_W10_NO_TEN,NFL_TEN,NFL_P_00-0035676,WR,,UNKNOWN,DNP,Knee,2021-11-13,nflverse,,2026-09-07T05:45:02.885579+00:00,2021-11-13T00:00:00
NFL_TEN_00-0029701_2021W10_NA_DNP,NFL,2021,10,2021_NFL_W10_NO_TEN,NFL_TEN,NFL_P_00-0029701,QB,,UNKNOWN,DNP,Illness,2021-11-13,nflverse,,2026-09-07T05:45:02.885579+00:00,2021-11-13T00:00:00
NFL_TEN_00-0036691_2021W10_NA_LP,NFL,2021,10,2021_NFL_W10_NO_TEN,NFL_TEN,NFL_P_00-0036691,RB,,UNKNOWN,LP,Hip,2021-11-13,nflverse,,2026-09-07T05:45:02.885579+00:00,2021-11-13T00:00:00
NFL_TEN_00-0032146_2021W10_NA_LP,NFL,2021,10,2021_NFL_W10_NO_TEN,NFL_TEN,NFL_P_00-0032146,LB,,UNKNOWN,LP,Knee,2021-11-13,nflverse,,2026-09-07T05:45:02.885579+00:00,2021-11-13T00:00:00
NFL_TEN_00-0036240_2021W10_NA_LP,NFL,2021,10,2021_NFL_W10_NO_TEN,NFL_TEN,NFL_P_00-0036240,CB,,UNKNOWN,LP,Foot,2021-11-13,nflverse,,2026-09-07T05:45:02.885579+00:00,2021-11-13T00:00:00
NFL_TEN_00-0034828_2021W10_NA_LP,NFL,2021,10,2021_NFL_W10_NO_TEN,NFL_TEN,NFL_P_00-0034828,LB,,UNKNOWN,LP,Hamstring,2021-11-13,nflverse,,2026-09-07T05:45:02.885579+00:00,2021-11-13T00:00:00
NFL_TEN_00-0035643_2021W10_NA_LP,NFL,2021,10,2021_NFL_W10_NO_TEN,NFL_TEN,NFL_P_00-0035643,DL,,UNKNOWN,LP,Ankle,2021-11-13,nflverse,,2026-09-07T05:45:02.885579+00:00,2021-11-13T00:00:00
NFL_TEN_00-0034389_2021W10_OUT_DNP,NFL,2021,10,2021_NFL_W10_NO_TEN,NFL_TEN,NFL_P_00-0034389,S,,OUT,DNP,Knee,2021-11-13,nflverse,,2026-09-07T05:45:02.885579+00:00,2021-11-13T00:00:00
NFL_TEN_00-0035292_2021W10_OUT_DNP,NFL,2021,10,2021_NFL_W10_NO_TEN,NFL_TEN,NFL_P_00-0035292,LB,,OUT,DNP,Hamstring,2021-11-13,nflverse,,2026-09-07T05:45:02.885579+00:00,2021-11-13T00:00:00
NFL_TEN_00-0033430_2021W10_OUT_DNP,NFL,2021,10,2021_NFL_W10_NO_TEN,NFL_TEN,NFL_P_00-0033430,CB,,OUT,DNP,Ankle,2021-11-13,nflverse,,2026-09-07T05:45:02.885579+00:00,2021-11-13T00:00:00
NFL_TEN_00-0034743_2021W10_QUESTIONABLE_DNP,NFL,2021,10,2021_NFL_W10_NO_TEN,NFL_TEN,NFL_P_00-0034743,LB,,QUESTIONABLE,DNP,Ankle,2021-11-13,nflverse,,2026-09-07T05:45:02.885579+00:00,2021-11-13T00:00:00
NFL_TEN_00-0027944_2021W10_QUESTIONABLE_DNP,NFL,2021,10,2021_NFL_W10_NO_TEN,NFL_TEN,NFL_P_00-0027944,WR,,QUESTIONABLE,DNP,Hamstring,2021-11-13,nflverse,,2026-09-07T05:45:02.885579+00:00,2021-11-13T00:00:00
NFL_TEN_00-0036181_2021W10_QUESTIONABLE_DNP,NFL,2021,10,2021_NFL_W10_NO_TEN,NFL_TEN,NFL_P_00-0036181,DL,,QUESTIONABLE,DNP,Groin,2021-11-13,nflverse,,2026-09-07T05:45:02.885579+00:00,2021-11-13T00:00:00
NFL_WAS_00-0036328_2021W10_NA_LP,NFL,2021,10,2021_NFL_W10_TB_WAS,NFL_WAS,NFL_P_00-0036328,RB,,UNKNOWN,LP,Shin,2021-11-13,nflverse,,2026-09-07T05:45:02.885579+00:00,2021-11-13T00:00:00
NFL_WAS_00-0032053_2021W10_NA_LP,NFL,2021,10,2021_NFL_W10_TB_WAS,NFL_WAS,NFL_P_00-0032053,OL,,UNKNOWN,LP,Knee,2021-11-13,nflverse,,2026-09-07T05:45:02.885579+00:00,2021-11-13T00:00:00
NFL_WAS_00-0034104_2021W10_NA_LP,NFL,2021,10,2021_NFL_W10_TB_WAS,NFL_WAS,NFL_P_00-0034104,WR,,UNKNOWN,LP,Hamstring,2021-11-13,nflverse,,2026-09-07T05:45:02.885579+00:00,2021-11-13T00:00:00
NFL_WAS_00-0033282_2021W10_OUT_DNP,NFL,2021,10,2021_NFL_W10_TB_WAS,NFL_WAS,NFL_P_00-0033282,WR,,OUT,DNP,Groin,2021-11-13,nflverse,,2026-09-07T05:45:02.885579+00:00,2021-11-13T00:00:00
NFL_WAS_00-0036625_2021W10_OUT_DNP,NFL,2021,10,2021_NFL_W10_TB_WAS,NFL_WAS,NFL_P_00-0036625,CB,,OUT,DNP,Illness,2021-11-13,nflverse,,2026-09-07T05:45:02.885579+00:00,2021-11-13T00:00:00
NFL_WAS_00-0035647_2021W10_OUT_DNP,NFL,2021,10,2021_NFL_W10_TB_WAS,NFL_WAS,NFL_P_00-0035647,EDGE,,OUT,DNP,Jaw,2021-11-13,nflverse,,2026-09-07T05:45:02.885579+00:00,2021-11-13T00:00:00
NFL_WAS_00-0036626_2021W10_QUESTIONABLE_LP,NFL,2021,10,2021_NFL_W10_TB_WAS,NFL_WAS,NFL_P_00-0036626,WR,,QUESTIONABLE,LP,Knee,2021-11-13,nflverse,,2026-09-07T05:45:02.885579+00:00,2021-11-13T00:00:00
NFL_WAS_00-0036618_2021W10_QUESTIONABLE_LP,NFL,2021,10,2021_NFL_W10_TB_WAS,NFL_WAS,NFL_P_00-0036618,OL,,QUESTIONABLE,LP,Ankle,2021-11-13,nflverse,,2026-09-07T05:45:02.885579+00:00,2021-11-13T00:00:00
NFL_WAS_00-0036474_2021W10_QUESTIONABLE_LP,NFL,2021,10,2021_NFL_W10_TB_WAS,NFL_WAS,NFL_P_00-0036474,TE,,QUESTIONABLE,LP,Hip,2021-11-13,nflverse,,2026-09-07T05:45:02.885579+00:00,2021-11-13T00:00:00
NFL_ARI_00-0029316_2021W11_NA_DNP,NFL,2021,11,2021_NFL_W11_ARI_SEA,NFL_ARI,NFL_P_00-0029316,OL,,UNKNOWN,DNP,Not injury related - resting player,2021-11-20,nflverse,,2026-09-07T05:45:02.885579+00:00,2021-11-20T00:00:00
NFL_ARI_00-0027993_2021W11_NA_DNP,NFL,2021,11,2021_NFL_W11_ARI_SEA,NFL_ARI,NFL_P_00-0027993,OL,,UNKNOWN,DNP,Not injury related - resting player,2021-11-20,nflverse,,2026-09-07T05:45:02.885579+00:00,2021-11-20T00:00:00
NFL_ARI_00-0029585_2021W11_NA_DNP,NFL,2021,11,2021_NFL_W11_ARI_SEA,NFL_ARI,NFL_P_00-0029585,LB,,UNKNOWN,DNP,Not injury related - resting player,2021-11-20,nflverse,,2026-09-07T05:45:02.885579+00:00,2021-11-20T00:00:00
NFL_ARI_00-0030564_2021W11_OUT_DNP,NFL,2021,11,2021_NFL_W11_ARI_SEA,NFL_ARI,NFL_P_00-0030564,WR,,OUT,DNP,Hamstring,2021-11-20,nflverse,,2026-09-07T05:45:02.885579+00:00,2021-11-20T00:00:00
NFL_ARI_00-0030585_2021W11_OUT_DNP,NFL,2021,11,2021_NFL_W11_ARI_SEA,NFL_ARI,NFL_P_00-0030585,OL,,OUT,DNP,Calf,2021-11-20,nflverse,,2026-09-07T05:45:02.885579+00:00,2021-11-20T00:00:00
NFL_ARI_00-0033580_2021W11_OUT_DNP,NFL,2021,11,2021_NFL_W11_ARI_SEA,NFL_ARI,NFL_P_00-0033580,LB,,OUT,DNP,Knee,2021-11-20,nflverse,,2026-09-07T05:45:02.885579+00:00,2021-11-20T00:00:00
NFL_ARI_00-0035924_2021W11_OUT_DNP,NFL,2021,11,2021_NFL_W11_ARI_SEA,NFL_ARI,NFL_P_00-0035924,RB,,OUT,DNP,Concussion,2021-11-20,nflverse,,2026-09-07T05:45:02.885579+00:00,2021-11-20T00:00:00
NFL_ARI_00-0033890_2021W11_QUESTIONABLE_DNP,NFL,2021,11,2021_NFL_W11_ARI_SEA,NFL_ARI,NFL_P_00-0033890,S,,QUESTIONABLE,DNP,Heel,2021-11-20,nflverse,,2026-09-07T05:45:02.885579+00:00,2021-11-20T00:00:00
NFL_ARI_00-0027688_2021W11_QUESTIONABLE_FP,NFL,2021,11,2021_NFL_W11_ARI_SEA,NFL_ARI,NFL_P_00-0027688,QB,,QUESTIONABLE,FP,Pectoral,2021-11-20,nflverse,,2026-09-07T05:45:02.885579+00:00,2021-11-20T00:00:00
NFL_ARI_00-0032132_2021W11_QUESTIONABLE_LP,NFL,2021,11,2021_NFL_W11_ARI_SEA,NFL_ARI,NFL_P_00-0032132,OL,,QUESTIONABLE,LP,Achilles,2021-11-20,nflverse,,2026-09-07T05:45:02.885579+00:00,2021-11-20T00:00:00
NFL_ARI_00-0035228_2021W11_QUESTIONABLE_LP,NFL,2021,11,2021_NFL_W11_ARI_SEA,NFL_ARI,NFL_P_00-0035228,QB,,QUESTIONABLE,LP,Ankle,2021-11-20,nflverse,,2026-09-07T05:45:02.885579+00:00,2021-11-20T00:00:00
NFL_ARI_00-0027686_2021W11_QUESTIONABLE_LP,NFL,2021,11,2021_NFL_W11_ARI_SEA,NFL_ARI,NFL_P_00-0027686,DL,,QUESTIONABLE,LP,Shoulder,2021-11-20,nflverse,,2026-09-07T05:45:02.885579+00:00,2021-11-20T00:00:00
NFL_ARI_00-0036889_2021W11_QUESTIONABLE_LP,NFL,2021,11,2021_NFL_W11_ARI_SEA,NFL_ARI,NFL_P_00-0036889,S,,QUESTIONABLE,LP,Knee,2021-11-20,nflverse,,2026-09-07T05:45:02.885579+00:00,2021-11-20T00:00:00
NFL_ATL_00-0029794_2021W11_OUT_DNP,NFL,2021,11,2021_NFL_W11_NE_ATL,NFL_ATL,NFL_P_00-0029794,LB,,OUT,DNP,Groin,2021-11-18,nflverse,,2026-09-07T05:45:02.885579+00:00,2021-11-18T00:00:00
NFL_ATL_00-0034830_2021W11_OUT_DNP,NFL,2021,11,2021_NFL_W11_NE_ATL,NFL_ATL,NFL_P_00-0034830,TE,,OUT,DNP,Ankle,2021-11-18,nflverse,,2026-09-07T05:45:02.885579+00:00,2021-11-18T00:00:00
NFL_ATL_00-0035255_2021W11_OUT_DNP,NFL,2021,11,2021_NFL_W11_NE_ATL,NFL_ATL,NFL_P_00-0035255,CB,,OUT,DNP,Hamstring,2021-11-18,nflverse,,2026-09-07T05:45:02.885579+00:00,2021-11-18T00:00:00
NFL_ATL_00-0036302_2021W11_QUESTIONABLE_LP,NFL,2021,11,2021_NFL_W11_NE_ATL,NFL_ATL,NFL_P_00-0036302,S,,QUESTIONABLE,LP,Ankle,2021-11-18,nflverse,,2026-09-07T05:45:02.885579+00:00,2021-11-18T00:00:00
NFL_ATL_00-0030578_2021W11_QUESTIONABLE_LP,NFL,2021,11,2021_NFL_W11_NE_ATL,NFL_ATL,NFL_P_00-0030578,RB,,QUESTIONABLE,LP,Ankle,2021-11-18,nflverse,,2026-09-07T05:45:02.885579+00:00,2021-11-18T00:00:00
NFL_BAL_00-0026190_2021W11_NA_DNP,NFL,2021,11,2021_NFL_W11_BAL_CHI,NFL_BAL,NFL_P_00-0026190,EDGE,,UNKNOWN,DNP,Not injury related - resting player,2021-11-20,nflverse,,2026-09-07T05:45:02.885579+00:00,2021-11-20T00:00:00
NFL_BAL_00-0028008_2021W11_NA_DNP,NFL,2021,11,2021_NFL_W11_BAL_CHI,NFL_BAL,NFL_P_00-0028008,LB,,UNKNOWN,DNP,Not injury related - resting player,2021-11-20,nflverse,,2026-09-07T05:45:02.885579+00:00,2021-11-20T00:00:00
NFL_BAL_00-0030648_2021W11_NA_DNP,NFL,2021,11,2021_NFL_W11_BAL_CHI,NFL_BAL,NFL_P_00-0030648,OL,,UNKNOWN,DNP,Not injury related - resting player,2021-11-20,nflverse,,2026-09-07T05:45:02.885579+00:00,2021-11-20T00:00:00
NFL_BAL_00-0035703_2021W11_OUT_DNP,NFL,2021,11,2021_NFL_W11_BAL_CHI,NFL_BAL,NFL_P_00-0035703,WR,,OUT,DNP,Finger,2021-11-20,nflverse,,2026-09-07T05:45:02.885579+00:00,2021-11-20T00:00:00
NFL_BAL_00-0028103_2021W11_OUT_DNP,NFL,2021,11,2021_NFL_W11_BAL_CHI,NFL_BAL,NFL_P_00-0028103,LB,,OUT,DNP,Knee,2021-11-20,nflverse,,2026-09-07T05:45:02.885579+00:00,2021-11-20T00:00:00
NFL_BAL_00-0030511_2021W11_OUT_DNP,NFL,2021,11,2021_NFL_W11_BAL_CHI,NFL_BAL,NFL_P_00-0030511,DL,,OUT,DNP,Shoulder,2021-11-20,nflverse,,2026-09-07T05:45:02.885579+00:00,2021-11-20T00:00:00
NFL_BAL_00-0034265_2021W11_QUESTIONABLE_DNP,NFL,2021,11,2021_NFL_W11_BAL_CHI,NFL_BAL,NFL_P_00-0034265,CB,,QUESTIONABLE,DNP,Thigh,2021-11-20,nflverse,,2026-09-07T05:45:02.885579+00:00,2021-11-20T00:00:00
NFL_BAL_00-0032233_2021W11_QUESTIONABLE_DNP,NFL,2021,11,2021_NFL_W11_BAL_CHI,NFL_BAL,NFL_P_00-0032233,OL,,QUESTIONABLE,DNP,Thigh,2021-11-20,nflverse,,2026-09-07T05:45:02.885579+00:00,2021-11-20T00:00:00
NFL_BAL_00-0036157_2021W11_QUESTIONABLE_DNP,NFL,2021,11,2021_NFL_W11_BAL_CHI,NFL_BAL,NFL_P_00-0036157,LB,,QUESTIONABLE,DNP,Foot,2021-11-20,nflverse,,2026-09-07T05:45:02.885579+00:00,2021-11-20T00:00:00
NFL_BAL_00-0031598_2021W11_QUESTIONABLE_FP,NFL,2021,11,2021_NFL_W11_BAL_CHI,NFL_BAL,NFL_P_00-0031598,TE,,QUESTIONABLE,FP,Knee,2021-11-20,nflverse,,2026-09-07T05:45:02.885579+00:00,2021-11-20T00:00:00
NFL_BAL_00-0034796_2021W11_QUESTIONABLE_FP,NFL,2021,11,2021_NFL_W11_BAL_CHI,NFL_BAL,NFL_P_00-0034796,QB,,QUESTIONABLE,FP,Illness,2021-11-20,nflverse,,2026-09-07T05:45:02.885579+00:00,2021-11-20T00:00:00
NFL_BAL_00-0035662_2021W11_QUESTIONABLE_LP,NFL,2021,11,2021_NFL_W11_BAL_CHI,NFL_BAL,NFL_P_00-0035662,WR,,QUESTIONABLE,LP,Thigh,2021-11-20,nflverse,,2026-09-07T05:45:02.885579+00:00,2021-11-20T00:00:00
NFL_BAL_00-0036331_2021W11_QUESTIONABLE_LP,NFL,2021,11,2021_NFL_W11_BAL_CHI,NFL_BAL,NFL_P_00-0036331,WR,,QUESTIONABLE,LP,Knee,2021-11-20,nflverse,,2026-09-07T05:45:02.885579+00:00,2021-11-20T00:00:00
NFL_BAL_00-0035112_2021W11_QUESTIONABLE_LP,NFL,2021,11,2021_NFL_W11_BAL_CHI,NFL_BAL,NFL_P_00-0035112,OL,,QUESTIONABLE,LP,Ankle,2021-11-20,nflverse,,2026-09-07T05:45:02.885579+00:00,2021-11-20T00:00:00
NFL_BAL_00-0030513_2021W11_QUESTIONABLE_LP,NFL,2021,11,2021_NFL_W11_BAL_CHI,NFL_BAL,NFL_P_00-0030513,RB,,QUESTIONABLE,LP,Ankle,2021-11-20,nflverse,,2026-09-07T05:45:02.885579+00:00,2021-11-20T00:00:00
NFL_BAL_00-0027965_2021W11_QUESTIONABLE_LP,NFL,2021,11,2021_NFL_W11_BAL_CHI,NFL_BAL,NFL_P_00-0027965,CB,,QUESTIONABLE,LP,Hip,2021-11-20,nflverse,,2026-09-07T05:45:02.885579+00:00,2021-11-20T00:00:00
NFL_BAL_00-0032770_2021W11_QUESTIONABLE_LP,NFL,2021,11,2021_NFL_W11_BAL_CHI,NFL_BAL,NFL_P_00-0032770,CB,,QUESTIONABLE,LP,Foot,2021-11-20,nflverse,,2026-09-07T05:45:02.885579+00:00,2021-11-20T00:00:00
NFL_BUF_00-0031588_2021W11_NA_DNP,NFL,2021,11,2021_NFL_W11_IND_BUF,NFL_BUF,NFL_P_00-0031588,WR,,UNKNOWN,DNP,Not injury related - resting player,2021-11-20,nflverse,,2026-09-07T05:45:02.885579+00:00,2021-11-20T00:00:00
NFL_BUF_00-0027881_2021W11_NA_DNP,NFL,2021,11,2021_NFL_W11_IND_BUF,NFL_BUF,NFL_P_00-0027881,EDGE,,UNKNOWN,DNP,Not injury related - resting player,2021-11-20,nflverse,,2026-09-07T05:45:02.885579+00:00,2021-11-20T00:00:00
NFL_BUF_00-0028063_2021W11_NA_DNP,NFL,2021,11,2021_NFL_W11_IND_BUF,NFL_BUF,NFL_P_00-0028063,RB,,UNKNOWN,DNP,Illness,2021-11-20,nflverse,,2026-09-07T05:45:02.885579+00:00,2021-11-20T00:00:00
NFL_BUF_00-0027685_2021W11_NA_DNP,NFL,2021,11,2021_NFL_W11_IND_BUF,NFL_BUF,NFL_P_00-0027685,WR,,UNKNOWN,DNP,Not injury related - resting player,2021-11-20,nflverse,,2026-09-07T05:45:02.885579+00:00,2021-11-20T00:00:00
NFL_BUF_00-0029000_2021W11_NA_LP,NFL,2021,11,2021_NFL_W11_IND_BUF,NFL_BUF,NFL_P_00-0029000,WR,,UNKNOWN,LP,Ribs,2021-11-20,nflverse,,2026-09-07T05:45:02.885579+00:00,2021-11-20T00:00:00
NFL_BUF_00-0033571_2021W11_NA_LP,NFL,2021,11,2021_NFL_W11_IND_BUF,NFL_BUF,NFL_P_00-0033571,LB,,UNKNOWN,LP,Shoulder,2021-11-20,nflverse,,2026-09-07T05:45:02.885579+00:00,2021-11-20T00:00:00
NFL_BUF_00-0034673_2021W11_QUESTIONABLE_LP,NFL,2021,11,2021_NFL_W11_IND_BUF,NFL_BUF,NFL_P_00-0034673,LB,,QUESTIONABLE,LP,Hamstring,2021-11-20,nflverse,,2026-09-07T05:45:02.885579+00:00,2021-11-20T00:00:00
NFL_CAR_00-0036315_2021W11_QUESTIONABLE_LP,NFL,2021,11,2021_NFL_W11_WAS_CAR,NFL_CAR,NFL_P_00-0036315,CB,,QUESTIONABLE,LP,Toe,2021-11-20,nflverse,,2026-09-07T05:45:02.885579+00:00,2021-11-20T00:00:00
NFL_CHI_00-0031040_2021W11_NA_DNP,NFL,2021,11,2021_NFL_W11_BAL_CHI,NFL_CHI,NFL_P_00-0031040,LB,,UNKNOWN,DNP,Foot,2021-11-20,nflverse,,2026-09-07T05:45:02.885579+00:00,2021-11-20T00:00:00
NFL_CHI_00-0029577_2021W11_NA_DNP,NFL,2021,11,2021_NFL_W11_BAL_CHI,NFL_CHI,NFL_P_00-0029577,LB,,UNKNOWN,DNP,Knee,2021-11-20,nflverse,,2026-09-07T05:45:02.885579+00:00,2021-11-20T00:00:00
NFL_CHI_00-0036309_2021W11_NA_LP,NFL,2021,11,2021_NFL_W11_BAL_CHI,NFL_CHI,NFL_P_00-0036309,WR,,UNKNOWN,LP,Foot,2021-11-20,nflverse,,2026-09-07T05:45:02.885579+00:00,2021-11-20T00:00:00
NFL_CHI_00-0029657_2021W11_OUT_DNP,NFL,2021,11,2021_NFL_W11_BAL_CHI,NFL_CHI,NFL_P_00-0029657,DL,,OUT,DNP,Ankle,2021-11-20,nflverse,,2026-09-07T05:45:02.885579+00:00,2021-11-20T00:00:00
NFL_CHI_00-0031428_2021W11_DOUBTFUL_DNP,NFL,2021,11,2021_NFL_W11_BAL_CHI,NFL_CHI,NFL_P_00-0031428,WR,,DOUBTFUL,DNP,Hamstring,2021-11-20,nflverse,,2026-09-07T05:45:02.885579+00:00,2021-11-20T00:00:00
NFL_CHI_00-0030874_2021W11_DOUBTFUL_FP,NFL,2021,11,2021_NFL_W11_BAL_CHI,NFL_CHI,NFL_P_00-0030874,RB,,DOUBTFUL,FP,Calf,2021-11-20,nflverse,,2026-09-07T05:45:02.885579+00:00,2021-11-20T00:00:00
NFL_CHI_00-0033784_2021W11_QUESTIONABLE_LP,NFL,2021,11,2021_NFL_W11_BAL_CHI,NFL_CHI,NFL_P_00-0033784,S,,QUESTIONABLE,LP,Hamstring,2021-11-20,nflverse,,2026-09-07T05:45:02.885579+00:00,2021-11-20T00:00:00
NFL_CHI_00-0033676_2021W11_QUESTIONABLE_LP,NFL,2021,11,2021_NFL_W11_BAL_CHI,NFL_CHI,NFL_P_00-0033676,OL,,QUESTIONABLE,LP,Back,2021-11-20,nflverse,,2026-09-07T05:45:02.885579+00:00,2021-11-20T00:00:00
NFL_CIN_00-0036851_2021W11_QUESTIONABLE_FP,NFL,2021,11,2021_NFL_W11_CIN_LV,NFL_CIN,NFL_P_00-0036851,DL,,QUESTIONABLE,FP,Knee,2021-11-20,nflverse,,2026-09-07T05:45:02.885579+00:00,2021-11-20T00:00:00
NFL_CIN_00-0034686_2021W11_QUESTIONABLE_FP,NFL,2021,11,2021_NFL_W11_CIN_LV,NFL_CIN,NFL_P_00-0034686,WR,,QUESTIONABLE,FP,Thigh,2021-11-20,nflverse,,2026-09-07T05:45:02.885579+00:00,2021-11-20T00:00:00
NFL_CLE_00-0030076_2021W11_NA_DNP,NFL,2021,11,2021_NFL_W11_DET_CLE,NFL_CLE,NFL_P_00-0030076,OL,,UNKNOWN,DNP,Knee,2021-11-20,nflverse,,2026-09-07T05:45:02.885579+00:00,2021-11-20T00:00:00
NFL_CLE_00-0031364_2021W11_NA_LP,NFL,2021,11,2021_NFL_W11_DET_CLE,NFL_CLE,NFL_P_00-0031364,EDGE,,UNKNOWN,LP,Wrist,2021-11-20,nflverse,,2026-09-07T05:45:02.885579+00:00,2021-11-20T00:00:00
NFL_CLE_00-0034779_2021W11_NA_LP,NFL,2021,11,2021_NFL_W11_DET_CLE,NFL_CLE,NFL_P_00-0034779,S,,UNKNOWN,LP,Not injury related - personal matter,2021-11-20,nflverse,,2026-09-07T05:45:02.885579+00:00,2021-11-20T00:00:00
NFL_CLE_00-0029568_2021W11_NA_LP,NFL,2021,11,2021_NFL_W11_DET_CLE,NFL_CLE,NFL_P_00-0029568,DL,,UNKNOWN,LP,Knee,2021-11-20,nflverse,,2026-09-07T05:45:02.885579+00:00,2021-11-20T00:00:00
NFL_CLE_00-0031382_2021W11_NA_LP,NFL,2021,11,2021_NFL_W11_DET_CLE,NFL_CLE,NFL_P_00-0031382,WR,,UNKNOWN,LP,Knee,2021-11-20,nflverse,,2026-09-07T05:45:02.885579+00:00,2021-11-20T00:00:00
NFL_CLE_00-0036114_2021W11_OUT_DNP,NFL,2021,11,2021_NFL_W11_DET_CLE,NFL_CLE,NFL_P_00-0036114,CB,,OUT,DNP,Concussion,2021-11-20,nflverse,,2026-09-07T05:45:02.885579+00:00,2021-11-20T00:00:00
NFL_CLE_00-0031785_2021W11_OUT_DNP,NFL,2021,11,2021_NFL_W11_DET_CLE,NFL_CLE,NFL_P_00-0031785,CB,,OUT,DNP,Neck,2021-11-20,nflverse,,2026-09-07T05:45:02.885579+00:00,2021-11-20T00:00:00
NFL_CLE_00-0036999_2021W11_OUT_DNP,NFL,2021,11,2021_NFL_W11_DET_CLE,NFL_CLE,NFL_P_00-0036999,WR,,OUT,DNP,Concussion,2021-11-20,nflverse,,2026-09-07T05:45:02.885579+00:00,2021-11-20T00:00:00
NFL_CLE_00-0033540_2021W11_QUESTIONABLE_LP,NFL,2021,11,2021_NFL_W11_DET_CLE,NFL_CLE,NFL_P_00-0033540,EDGE,,QUESTIONABLE,LP,Groin,2021-11-20,nflverse,,2026-09-07T05:45:02.885579+00:00,2021-11-20T00:00:00
NFL_CLE_00-0036233_2021W11_QUESTIONABLE_LP,NFL,2021,11,2021_NFL_W11_DET_CLE,NFL_CLE,NFL_P_00-0036233,WR,,QUESTIONABLE,LP,Groin,2021-11-20,nflverse,,2026-09-07T05:45:02.885579+00:00,2021-11-20T00:00:00
NFL_DAL_00-0036935_2021W11_QUESTIONABLE_DNP,NFL,2021,11,2021_NFL_W11_DAL_KC,NFL_DAL,NFL_P_00-0036935,CB,,QUESTIONABLE,DNP,Not injury related - personal matter,2021-11-20,nflverse,,2026-09-07T05:45:02.885579+00:00,2021-11-20T00:00:00
NFL_DAL_00-0027947_2021W11_QUESTIONABLE_LP,NFL,2021,11,2021_NFL_W11_DAL_KC,NFL_DAL,NFL_P_00-0027947,OL,,QUESTIONABLE,LP,Ankle,2021-11-20,nflverse,,2026-09-07T05:45:02.885579+00:00,2021-11-20T00:00:00
NFL_DAL_00-0036986_2021W11_QUESTIONABLE_LP,NFL,2021,11,2021_NFL_W11_DAL_KC,NFL_DAL,NFL_P_00-0036986,CB,,QUESTIONABLE,LP,Hamstring,2021-11-20,nflverse,,2026-09-07T05:45:02.885579+00:00,2021-11-20T00:00:00
NFL_DET_00-0031566_2021W11_OUT_DNP,NFL,2021,11,2021_NFL_W11_DET_CLE,NFL_DET,NFL_P_00-0031566,LB,,OUT,DNP,Knee,2021-11-20,nflverse,,2026-09-07T05:45:02.885579+00:00,2021-11-20T00:00:00
NFL_DET_00-0036670_2021W11_OUT_DNP,NFL,2021,11,2021_NFL_W11_DET_CLE,NFL_DET,NFL_P_00-0036670,RB,,OUT,DNP,Knee,2021-11-20,nflverse,,2026-09-07T05:45:02.885579+00:00,2021-11-20T00:00:00
NFL_DET_00-0035328_2021W11_OUT_DNP,NFL,2021,11,2021_NFL_W11_DET_CLE,NFL_DET,NFL_P_00-0035328,OL,,OUT,DNP,Ankle,2021-11-20,nflverse,,2026-09-07T05:45:02.885579+00:00,2021-11-20T00:00:00
NFL_DET_00-0033106_2021W11_DOUBTFUL_DNP,NFL,2021,11,2021_NFL_W11_DET_CLE,NFL_DET,NFL_P_00-0033106,QB,,DOUBTFUL,DNP,Oblique,2021-11-20,nflverse,,2026-09-07T05:45:02.885579+00:00,2021-11-20T00:00:00
NFL_DET_00-0034745_2021W11_QUESTIONABLE_FP,NFL,2021,11,2021_NFL_W11_DET_CLE,NFL_DET,NFL_P_00-0034745,S,,QUESTIONABLE,FP,Concussion,2021-11-20,nflverse,,2026-09-07T05:45:02.885579+00:00,2021-11-20T00:00:00
NFL_DET_00-0034930_2021W11_QUESTIONABLE_LP,NFL,2021,11,2021_NFL_W11_DET_CLE,NFL_DET,NFL_P_00-0034930,WR,,QUESTIONABLE,LP,Knee,2021-11-20,nflverse,,2026-09-07T05:45:02.885579+00:00,2021-11-20T00:00:00
NFL_DET_00-0032381_2021W11_QUESTIONABLE_LP,NFL,2021,11,2021_NFL_W11_DET_CLE,NFL_DET,NFL_P_00-0032381,OL,,QUESTIONABLE,LP,Elbow,2021-11-20,nflverse,,2026-09-07T05:45:02.885579+00:00,2021-11-20T00:00:00
NFL_DET_00-0033948_2021W11_QUESTIONABLE_LP,NFL,2021,11,2021_NFL_W11_DET_CLE,NFL_DET,NFL_P_00-0033948,RB,,QUESTIONABLE,LP,Thigh,2021-11-20,nflverse,,2026-09-07T05:45:02.885579+00:00,2021-11-20T00:00:00
NFL_GB_00-0033524_2021W11_NA_LP,NFL,2021,11,2021_NFL_W11_GB_MIN,NFL_GB,NFL_P_00-0033524,CB,,UNKNOWN,LP,Groin,2021-11-20,nflverse,,2026-09-07T05:45:02.885579+00:00,2021-11-20T00:00:00
NFL_GB_00-0023459_2021W11_NA_LP,NFL,2021,11,2021_NFL_W11_GB_MIN,NFL_GB,NFL_P_00-0023459,QB,,UNKNOWN,LP,Toe,2021-11-20,nflverse,,2026-09-07T05:45:02.885579+00:00,2021-11-20T00:00:00
NFL_GB_00-0034968_2021W11_NA_LP,NFL,2021,11,2021_NFL_W11_GB_MIN,NFL_GB,NFL_P_00-0034968,S,,UNKNOWN,LP,Ankle,2021-11-20,nflverse,,2026-09-07T05:45:02.885579+00:00,2021-11-20T00:00:00
NFL_GB_00-0034272_2021W11_NA_LP,NFL,2021,11,2021_NFL_W11_GB_MIN,NFL_GB,NFL_P_00-0034272,WR,,UNKNOWN,LP,Hip,2021-11-20,nflverse,,2026-09-07T05:45:02.885579+00:00,2021-11-20T00:00:00
NFL_GB_00-0030074_2021W11_OUT_DNP,NFL,2021,11,2021_NFL_W11_GB_MIN,NFL_GB,NFL_P_00-0030074,OL,,OUT,DNP,Knee,2021-11-20,nflverse,,2026-09-07T05:45:02.885579+00:00,2021-11-20T00:00:00
NFL_GB_00-0033293_2021W11_OUT_DNP,NFL,2021,11,2021_NFL_W11_GB_MIN,NFL_GB,NFL_P_00-0033293,RB,,OUT,DNP,Knee,2021-11-20,nflverse,,2026-09-07T05:45:02.885579+00:00,2021-11-20T00:00:00
NFL_GB_00-0035480_2021W11_OUT_DNP,NFL,2021,11,2021_NFL_W11_GB_MIN,NFL_GB,NFL_P_00-0035480,WR,,OUT,DNP,Abdomen,2021-11-20,nflverse,,2026-09-07T05:45:02.885579+00:00,2021-11-20T00:00:00
NFL_GB_00-0034521_2021W11_DOUBTFUL_DNP,NFL,2021,11,2021_NFL_W11_GB_MIN,NFL_GB,NFL_P_00-0034521,WR,,DOUBTFUL,DNP,Shoulder,2021-11-20,nflverse,,2026-09-07T05:45:02.885579+00:00,2021-11-20T00:00:00
NFL_GB_00-0034984_2021W11_QUESTIONABLE_FP,NFL,2021,11,2021_NFL_W11_GB_MIN,NFL_GB,NFL_P_00-0034984,EDGE,,QUESTIONABLE,FP,Concussion,2021-11-20,nflverse,,2026-09-07T05:45:02.885579+00:00,2021-11-20T00:00:00
NFL_GB_00-0034967_2021W11_QUESTIONABLE_LP,NFL,2021,11,2021_NFL_W11_GB_MIN,NFL_GB,NFL_P_00-0034967,LB,,QUESTIONABLE,LP,Elbow,2021-11-20,nflverse,,2026-09-07T05:45:02.885579+00:00,2021-11-20T00:00:00
NFL_HOU_00-0026035_2021W11_NA_LP,NFL,2021,11,2021_NFL_W11_HOU_TEN,NFL_HOU,NFL_P_00-0026035,WR,,UNKNOWN,LP,Not injury related - resting player,2021-11-20,nflverse,,2026-09-07T05:45:02.885579+00:00,2021-11-20T00:00:00
NFL_HOU_00-0030288_2021W11_NA_LP,NFL,2021,11,2021_NFL_W11_HOU_TEN,NFL_HOU,NFL_P_00-0030288,RB,,UNKNOWN,LP,Not injury related - resting player,2021-11-20,nflverse,,2026-09-07T05:45:02.885579+00:00,2021-11-20T00:00:00
NFL_HOU_00-0031236_2021W11_NA_LP,NFL,2021,11,2021_NFL_W11_HOU_TEN,NFL_HOU,NFL_P_00-0031236,WR,,UNKNOWN,LP,Not injury related - resting player,2021-11-20,nflverse,,2026-09-07T05:45:02.885579+00:00,2021-11-20T00:00:00
NFL_HOU_00-0033344_2021W11_OUT_DNP,NFL,2021,11,2021_NFL_W11_HOU_TEN,NFL_HOU,NFL_P_00-0033344,LB,,OUT,DNP,Concussion,2021-11-20,nflverse,,2026-09-07T05:45:02.885579+00:00,2021-11-20T00:00:00
NFL_HOU_00-0033537_2021W11_OUT_DNP,NFL,2021,11,2021_NFL_W11_HOU_TEN,NFL_HOU,NFL_P_00-0033537,QB,,OUT,DNP,Not injury related - personal matter,2021-11-20,nflverse,,2026-09-07T05:45:02.885579+00:00,2021-11-20T00:00:00
NFL_HOU_00-0032581_2021W11_QUESTIONABLE_DNP,NFL,2021,11,2021_NFL_W11_HOU_TEN,NFL_HOU,NFL_P_00-0032581,CB,,QUESTIONABLE,DNP,Illness,2021-11-20,nflverse,,2026-09-07T05:45:02.885579+00:00,2021-11-20T00:00:00
NFL_HOU_00-0036224_2021W11_QUESTIONABLE_LP,NFL,2021,11,2021_NFL_W11_HOU_TEN,NFL_HOU,NFL_P_00-0036224,EDGE,,QUESTIONABLE,LP,Foot,2021-11-20,nflverse,,2026-09-07T05:45:02.885579+00:00,2021-11-20T00:00:00
NFL_IND_00-0034846_2021W11_QUESTIONABLE_LP,NFL,2021,11,2021_NFL_W11_IND_BUF,NFL_IND,NFL_P_00-0034846,LB,,QUESTIONABLE,LP,Ankle,2021-11-20,nflverse,,2026-09-07T05:45:02.885579+00:00,2021-11-20T00:00:00
NFL_JAX_00-0032261_2021W11_NA_LP,NFL,2021,11,2021_NFL_W11_SF_JAX,NFL_JAX,NFL_P_00-0032261,DL,,UNKNOWN,LP,Not injury related - resting player,2021-11-20,nflverse,,2026-09-07T05:45:02.885579+00:00,2021-11-20T00:00:00
NFL_JAX_00-0035670_2021W11_OUT_LP,NFL,2021,11,2021_NFL_W11_SF_JAX,NFL_JAX,NFL_P_00-0035670,LB,,OUT,LP,Shoulder,2021-11-20,nflverse,,2026-09-07T05:45:02.885579+00:00,2021-11-20T00:00:00
NFL_JAX_00-0035831_2021W11_QUESTIONABLE_LP,NFL,2021,11,2021_NFL_W11_SF_JAX,NFL_JAX,NFL_P_00-0035831,RB,,QUESTIONABLE,LP,Heel,2021-11-20,nflverse,,2026-09-07T05:45:02.885579+00:00,2021-11-20T00:00:00
NFL_KC_00-0036367_2021W11_OUT_DNP,NFL,2021,11,2021_NFL_W11_DAL_KC,NFL_KC,NFL_P_00-0036367,OL,,OUT,DNP,Ribs,2021-11-20,nflverse,,2026-09-07T05:45:02.885579+00:00,2021-11-20T00:00:00
NFL_KC_00-0036360_2021W11_QUESTIONABLE_NA,NFL,2021,11,2021_NFL_W11_DAL_KC,NFL_KC,NFL_P_00-0036360,RB,,QUESTIONABLE,,Knee,2021-11-20,nflverse,,2026-09-07T05:45:02.885579+00:00,2021-11-20T00:00:00
NFL_KC_00-0034680_2021W11_QUESTIONABLE_DNP,NFL,2021,11,2021_NFL_W11_DAL_KC,NFL_KC,NFL_P_00-0034680,S,,QUESTIONABLE,DNP,Illness,2021-11-20,nflverse,,2026-09-07T05:45:02.885579+00:00,2021-11-20T00:00:00
NFL_KC_00-0036374_2021W11_QUESTIONABLE_LP,NFL,2021,11,2021_NFL_W11_DAL_KC,NFL_KC,NFL_P_00-0036374,CB,,QUESTIONABLE,LP,Knee,2021-11-20,nflverse,,2026-09-07T05:45:02.885579+00:00,2021-11-20T00:00:00
NFL_LAC_00-0036380_2021W11_DOUBTFUL_DNP,NFL,2021,11,2021_NFL_W11_PIT_LAC,NFL_LAC,NFL_P_00-0036380,S,,DOUBTFUL,DNP,Quadricep,2021-11-21,nflverse,,2026-09-07T05:45:02.885579+00:00,2021-11-21T00:00:00
NFL_LAC_00-0027885_2021W11_DOUBTFUL_DNP,NFL,2021,11,2021_NFL_W11_PIT_LAC,NFL_LAC,NFL_P_00-0027885,DL,,DOUBTFUL,DNP,Shoulder,2021-11-21,nflverse,,2026-09-07T05:45:02.885579+00:00,2021-11-21T00:00:00
NFL_LAC_00-0036665_2021W11_DOUBTFUL_DNP,NFL,2021,11,2021_NFL_W11_PIT_LAC,NFL_LAC,NFL_P_00-0036665,S,,DOUBTFUL,DNP,Knee,2021-11-21,nflverse,,2026-09-07T05:45:02.885579+00:00,2021-11-21T00:00:00
NFL_LAC_00-0034440_2021W11_QUESTIONABLE_FP,NFL,2021,11,2021_NFL_W11_PIT_LAC,NFL_LAC,NFL_P_00-0034440,RB,,QUESTIONABLE,FP,Quadricep,2021-11-21,nflverse,,2026-09-07T05:45:02.885579+00:00,2021-11-21T00:00:00
NFL_LAC_00-0034111_2021W11_QUESTIONABLE_LP,NFL,2021,11,2021_NFL_W11_PIT_LAC,NFL_LAC,NFL_P_00-0034111,S,,QUESTIONABLE,LP,Ankle,2021-11-21,nflverse,,2026-09-07T05:45:02.885579+00:00,2021-11-21T00:00:00
NFL_LV_00-0035700_2021W11_NA_LP,NFL,2021,11,2021_NFL_W11_CIN_LV,NFL_LV,NFL_P_00-0035700,RB,,UNKNOWN,LP,Knee,2021-11-20,nflverse,,2026-09-07T05:45:02.885579+00:00,2021-11-20T00:00:00
NFL_LV_00-0035125_2021W11_OUT_DNP,NFL,2021,11,2021_NFL_W11_CIN_LV,NFL_LV,NFL_P_00-0035125,RB,,OUT,DNP,Knee,2021-11-20,nflverse,,2026-09-07T05:45:02.885579+00:00,2021-11-20T00:00:00
NFL_LV_00-0032773_2021W11_OUT_DNP,NFL,2021,11,2021_NFL_W11_CIN_LV,NFL_LV,NFL_P_00-0032773,LB,,OUT,DNP,Ankle,2021-11-20,nflverse,,2026-09-07T05:45:02.885579+00:00,2021-11-20T00:00:00
NFL_LV_00-0035133_2021W11_OUT_DNP,NFL,2021,11,2021_NFL_W11_CIN_LV,NFL_LV,NFL_P_00-0035133,CB,,OUT,DNP,Ankle,2021-11-20,nflverse,,2026-09-07T05:45:02.885579+00:00,2021-11-20T00:00:00
NFL_LV_00-0034545_2021W11_QUESTIONABLE_LP,NFL,2021,11,2021_NFL_W11_CIN_LV,NFL_LV,NFL_P_00-0034545,CB,,QUESTIONABLE,LP,Finger,2021-11-20,nflverse,,2026-09-07T05:45:02.885579+00:00,2021-11-20T00:00:00
NFL_LV_00-0033025_2021W11_QUESTIONABLE_LP,NFL,2021,11,2021_NFL_W11_CIN_LV,NFL_LV,NFL_P_00-0033025,RB,,QUESTIONABLE,LP,Ribs,2021-11-20,nflverse,,2026-09-07T05:45:02.885579+00:00,2021-11-20T00:00:00
NFL_MIA_00-0035272_2021W11_QUESTIONABLE_LP,NFL,2021,11,2021_NFL_W11_MIA_NYJ,NFL_MIA,NFL_P_00-0035272,LB,,QUESTIONABLE,LP,Back,2021-11-20,nflverse,,2026-09-07T05:45:02.885579+00:00,2021-11-20T00:00:00
NFL_MIA_00-0035231_2021W11_QUESTIONABLE_LP,NFL,2021,11,2021_NFL_W11_MIA_NYJ,NFL_MIA,NFL_P_00-0035231,DL,,QUESTIONABLE,LP,Quadricep,2021-11-20,nflverse,,2026-09-07T05:45:02.885579+00:00,2021-11-20T00:00:00
NFL_MIN_00-0032389_2021W11_NA_DNP,NFL,2021,11,2021_NFL_W11_GB_MIN,NFL_MIN,NFL_P_00-0032389,CB,,UNKNOWN,DNP,Not Injury Related,2021-11-20,nflverse,,2026-09-07T05:45:02.885579+00:00,2021-11-20T00:00:00
NFL_MIN_00-0034766_2021W11_NA_DNP,NFL,2021,11,2021_NFL_W11_GB_MIN,NFL_MIN,NFL_P_00-0034766,TE,,UNKNOWN,DNP,Not Injury Related,2021-11-20,nflverse,,2026-09-07T05:45:02.885579+00:00,2021-11-20T00:00:00
NFL_MIN_00-0034158_2021W11_NA_DNP,NFL,2021,11,2021_NFL_W11_GB_MIN,NFL_MIN,NFL_P_00-0034158,OL,,UNKNOWN,DNP,Not Injury Related,2021-11-20,nflverse,,2026-09-07T05:45:02.885579+00:00,2021-11-20T00:00:00
NFL_MIN_00-0036335_2021W11_NA_DNP,NFL,2021,11,2021_NFL_W11_GB_MIN,NFL_MIN,NFL_P_00-0036335,EDGE,,UNKNOWN,DNP,Not Injury Related,2021-11-20,nflverse,,2026-09-07T05:45:02.885579+00:00,2021-11-20T00:00:00
NFL_MIN_00-0031256_2021W11_NA_LP,NFL,2021,11,2021_NFL_W11_GB_MIN,NFL_MIN,NFL_P_00-0031256,LB,,UNKNOWN,LP,Knee,2021-11-20,nflverse,,2026-09-07T05:45:02.885579+00:00,2021-11-20T00:00:00
NFL_MIN_00-0035588_2021W11_NA_LP,NFL,2021,11,2021_NFL_W11_GB_MIN,NFL_MIN,NFL_P_00-0035588,OL,,UNKNOWN,LP,Not Injury Related,2021-11-20,nflverse,,2026-09-07T05:45:02.885579+00:00,2021-11-20T00:00:00
NFL_MIN_00-0029606_2021W11_NA_LP,NFL,2021,11,2021_NFL_W11_GB_MIN,NFL_MIN,NFL_P_00-0029606,S,,UNKNOWN,LP,Not Injury Related,2021-11-20,nflverse,,2026-09-07T05:45:02.885579+00:00,2021-11-20T00:00:00
NFL_MIN_00-0037006_2021W11_OUT_DNP,NFL,2021,11,2021_NFL_W11_GB_MIN,NFL_MIN,NFL_P_00-0037006,OL,,OUT,DNP,Ankle,2021-11-20,nflverse,,2026-09-07T05:45:02.885579+00:00,2021-11-20T00:00:00
NFL_MIN_00-0031052_2021W11_QUESTIONABLE_LP,NFL,2021,11,2021_NFL_W11_GB_MIN,NFL_MIN,NFL_P_00-0031052,CB,,QUESTIONABLE,LP,Groin,2021-11-20,nflverse,,2026-09-07T05:45:02.885579+00:00,2021-11-20T00:00:00
NFL_NE_00-0035657_2021W11_NA_LP,NFL,2021,11,2021_NFL_W11_NE_ATL,NFL_NE,NFL_P_00-0035657,RB,,UNKNOWN,LP,Concussion,2021-11-18,nflverse,,2026-09-07T05:45:02.885579+00:00,2021-11-18T00:00:00
NFL_NE_00-0035645_2021W11_NA_LP,NFL,2021,11,2021_NFL_W11_NE_ATL,NFL_NE,NFL_P_00-0035645,WR,,UNKNOWN,LP,Concussion,2021-11-18,nflverse,,2026-09-07T05:45:02.885579+00:00,2021-11-18T00:00:00
NFL_NE_00-0036159_2021W11_NA_LP,NFL,2021,11,2021_NFL_W11_NE_ATL,NFL_NE,NFL_P_00-0036159,LB,,UNKNOWN,LP,Ankle,2021-11-18,nflverse,,2026-09-07T05:45:02.885579+00:00,2021-11-18T00:00:00
NFL_NE_00-0035280_2021W11_QUESTIONABLE_LP,NFL,2021,11,2021_NFL_W11_NE_ATL,NFL_NE,NFL_P_00-0035280,P,,QUESTIONABLE,LP,right Knee,2021-11-18,nflverse,,2026-09-07T05:45:02.885579+00:00,2021-11-18T00:00:00
NFL_NE_00-0034385_2021W11_QUESTIONABLE_LP,NFL,2021,11,2021_NFL_W11_NE_ATL,NFL_NE,NFL_P_00-0034385,LB,,QUESTIONABLE,LP,Ribs,2021-11-18,nflverse,,2026-09-07T05:45:02.885579+00:00,2021-11-18T00:00:00
NFL_NE_00-0029239_2021W11_QUESTIONABLE_LP,NFL,2021,11,2021_NFL_W11_NE_ATL,NFL_NE,NFL_P_00-0029239,RB,,QUESTIONABLE,LP,Hip,2021-11-18,nflverse,,2026-09-07T05:45:02.885579+00:00,2021-11-18T00:00:00
NFL_NE_00-0032071_2021W11_QUESTIONABLE_LP,NFL,2021,11,2021_NFL_W11_NE_ATL,NFL_NE,NFL_P_00-0032071,OL,,QUESTIONABLE,LP,Calf,2021-11-18,nflverse,,2026-09-07T05:45:02.885579+00:00,2021-11-18T00:00:00
NFL_NE_00-0036231_2021W11_QUESTIONABLE_LP,NFL,2021,11,2021_NFL_W11_NE_ATL,NFL_NE,NFL_P_00-0036231,S,,QUESTIONABLE,LP,Ankle,2021-11-18,nflverse,,2026-09-07T05:45:02.885579+00:00,2021-11-18T00:00:00
NFL_NE_00-0025565_2021W11_QUESTIONABLE_LP,NFL,2021,11,2021_NFL_W11_NE_ATL,NFL_NE,NFL_P_00-0025565,K,,QUESTIONABLE,LP,left Knee,2021-11-18,nflverse,,2026-09-07T05:45:02.885579+00:00,2021-11-18T00:00:00
NFL_NE_00-0035624_2021W11_QUESTIONABLE_LP,NFL,2021,11,2021_NFL_W11_NE_ATL,NFL_NE,NFL_P_00-0035624,WR,,QUESTIONABLE,LP,Knee,2021-11-18,nflverse,,2026-09-07T05:45:02.885579+00:00,2021-11-18T00:00:00
NFL_NE_00-0029669_2021W11_QUESTIONABLE_LP,NFL,2021,11,2021_NFL_W11_NE_ATL,NFL_NE,NFL_P_00-0029669,LB,,QUESTIONABLE,LP,Ankle,2021-11-18,nflverse,,2026-09-07T05:45:02.885579+00:00,2021-11-18T00:00:00
NFL_NE_00-0031580_2021W11_QUESTIONABLE_LP,NFL,2021,11,2021_NFL_W11_NE_ATL,NFL_NE,NFL_P_00-0031580,OL,,QUESTIONABLE,LP,Abdomen,2021-11-18,nflverse,,2026-09-07T05:45:02.885579+00:00,2021-11-18T00:00:00
NFL_NE_00-0032803_2021W11_QUESTIONABLE_LP,NFL,2021,11,2021_NFL_W11_NE_ATL,NFL_NE,NFL_P_00-0032803,CB,,QUESTIONABLE,LP,Forearm,2021-11-18,nflverse,,2026-09-07T05:45:02.885579+00:00,2021-11-18T00:00:00
NFL_NE_00-0033858_2021W11_QUESTIONABLE_LP,NFL,2021,11,2021_NFL_W11_NE_ATL,NFL_NE,NFL_P_00-0033858,TE,,QUESTIONABLE,LP,Shoulder,2021-11-18,nflverse,,2026-09-07T05:45:02.885579+00:00,2021-11-18T00:00:00
NFL_NE_00-0031360_2021W11_QUESTIONABLE_LP,NFL,2021,11,2021_NFL_W11_NE_ATL,NFL_NE,NFL_P_00-0031360,LB,,QUESTIONABLE,LP,Groin,2021-11-18,nflverse,,2026-09-07T05:45:02.885579+00:00,2021-11-18T00:00:00
NFL_NE_00-0033947_2021W11_QUESTIONABLE_LP,NFL,2021,11,2021_NFL_W11_NE_ATL,NFL_NE,NFL_P_00-0033947,EDGE,,QUESTIONABLE,LP,Illness,2021-11-18,nflverse,,2026-09-07T05:45:02.885579+00:00,2021-11-18T00:00:00
NFL_NO_00-0030067_2021W11_OUT_DNP,NFL,2021,11,2021_NFL_W11_NO_PHI,NFL_NO,NFL_P_00-0030067,OL,,OUT,DNP,Knee,2021-11-20,nflverse,,2026-09-07T05:45:02.885579+00:00,2021-11-20T00:00:00
NFL_NO_00-0033906_2021W11_OUT_DNP,NFL,2021,11,2021_NFL_W11_NO_PHI,NFL_NO,NFL_P_00-0033906,RB,,OUT,DNP,Knee,2021-11-20,nflverse,,2026-09-07T05:45:02.885579+00:00,2021-11-20T00:00:00
NFL_NO_00-0033902_2021W11_OUT_DNP,NFL,2021,11,2021_NFL_W11_NO_PHI,NFL_NO,NFL_P_00-0033902,EDGE,,OUT,DNP,Ankle,2021-11-20,nflverse,,2026-09-07T05:45:02.885579+00:00,2021-11-20T00:00:00
NFL_NO_00-0032200_2021W11_OUT_DNP,NFL,2021,11,2021_NFL_W11_NO_PHI,NFL_NO,NFL_P_00-0032200,WR,,OUT,DNP,Hand,2021-11-20,nflverse,,2026-09-07T05:45:02.885579+00:00,2021-11-20T00:00:00
NFL_NO_00-0033888_2021W11_OUT_DNP,NFL,2021,11,2021_NFL_W11_NO_PHI,NFL_NO,NFL_P_00-0033888,OL,,OUT,DNP,Knee,2021-11-20,nflverse,,2026-09-07T05:45:02.885579+00:00,2021-11-20T00:00:00
NFL_NO_00-0035763_2021W11_OUT_DNP,NFL,2021,11,2021_NFL_W11_NO_PHI,NFL_NO,NFL_P_00-0035763,DL,,OUT,DNP,Knee,2021-11-20,nflverse,,2026-09-07T05:45:02.885579+00:00,2021-11-20T00:00:00
NFL_NO_00-0033357_2021W11_QUESTIONABLE_LP,NFL,2021,11,2021_NFL_W11_NO_PHI,NFL_NO,NFL_P_00-0033357,QB,,QUESTIONABLE,LP,Foot,2021-11-20,nflverse,,2026-09-07T05:45:02.885579+00:00,2021-11-20T00:00:00
NFL_NYG_00-0034360_2021W11_OUT_DNP,NFL,2021,11,2021_NFL_W11_NYG_TB,NFL_NYG,NFL_P_00-0034360,LB,,OUT,DNP,Illness,2021-11-22,nflverse,,2026-09-07T05:45:02.885579+00:00,2021-11-22T00:00:00
NFL_NYG_00-0029570_2021W11_OUT_DNP,NFL,2021,11,2021_NFL_W11_NYG_TB,NFL_NYG,NFL_P_00-0029570,S,,OUT,DNP,Knee,2021-11-22,nflverse,,2026-09-07T05:45:02.885579+00:00,2021-11-22T00:00:00
NFL_NYG_00-0030411_2021W11_OUT_DNP,NFL,2021,11,2021_NFL_W11_NYG_TB,NFL_NYG,NFL_P_00-0030411,S,,OUT,DNP,COVID Protocols,2021-11-22,nflverse,,2026-09-07T05:45:02.885579+00:00,2021-11-22T00:00:00
NFL_NYG_00-0032385_2021W11_OUT_DNP,NFL,2021,11,2021_NFL_W11_NYG_TB,NFL_NYG,NFL_P_00-0032385,WR,,OUT,DNP,Quadricep,2021-11-22,nflverse,,2026-09-07T05:45:02.885579+00:00,2021-11-22T00:00:00
NFL_NYG_00-0034844_2021W11_QUESTIONABLE_LP,NFL,2021,11,2021_NFL_W11_NYG_TB,NFL_NYG,NFL_P_00-0034844,RB,,QUESTIONABLE,LP,Ankle,2021-11-22,nflverse,,2026-09-07T05:45:02.885579+00:00,2021-11-22T00:00:00
NFL_NYG_00-0032972_2021W11_QUESTIONABLE_LP,NFL,2021,11,2021_NFL_W11_NYG_TB,NFL_NYG,NFL_P_00-0032972,RB,,QUESTIONABLE,LP,Hip,2021-11-22,nflverse,,2026-09-07T05:45:02.885579+00:00,2021-11-22T00:00:00
NFL_NYG_00-0035304_2021W11_QUESTIONABLE_LP,NFL,2021,11,2021_NFL_W11_NYG_TB,NFL_NYG,NFL_P_00-0035304,RB,,QUESTIONABLE,LP,Calf,2021-11-22,nflverse,,2026-09-07T05:45:02.885579+00:00,2021-11-22T00:00:00
NFL_NYG_00-0034988_2021W11_QUESTIONABLE_LP,NFL,2021,11,2021_NFL_W11_NYG_TB,NFL_NYG,NFL_P_00-0034988,TE,,QUESTIONABLE,LP,Knee,2021-11-22,nflverse,,2026-09-07T05:45:02.885579+00:00,2021-11-22T00:00:00
NFL_NYJ_00-0033096_2021W11_NA_DNP,NFL,2021,11,2021_NFL_W11_MIA_NYJ,NFL_NYJ,NFL_P_00-0033096,EDGE,,UNKNOWN,DNP,Not injury related - resting player,2021-11-20,nflverse,,2026-09-07T05:45:02.885579+00:00,2021-11-20T00:00:00
NFL_NYJ_00-0037013_2021W11_DOUBTFUL_LP,NFL,2021,11,2021_NFL_W11_MIA_NYJ,NFL_NYJ,NFL_P_00-0037013,QB,,DOUBTFUL,LP,Knee,2021-11-20,nflverse,,2026-09-07T05:45:02.885579+00:00,2021-11-20T00:00:00
NFL_NYJ_00-0034760_2021W11_QUESTIONABLE_LP,NFL,2021,11,2021_NFL_W11_MIA_NYJ,NFL_NYJ,NFL_P_00-0034760,DL,,QUESTIONABLE,LP,Knee,2021-11-20,nflverse,,2026-09-07T05:45:02.885579+00:00,2021-11-20T00:00:00
NFL_NYJ_00-0036979_2021W11_QUESTIONABLE_LP,NFL,2021,11,2021_NFL_W11_MIA_NYJ,NFL_NYJ,NFL_P_00-0036979,OL,,QUESTIONABLE,LP,Toe,2021-11-20,nflverse,,2026-09-07T05:45:02.885579+00:00,2021-11-20T00:00:00
NFL_PHI_00-0036577_2021W11_OUT_DNP,NFL,2021,11,2021_NFL_W11_NO_PHI,NFL_PHI,NFL_P_00-0036577,OL,,OUT,DNP,Hamstring,2021-11-20,nflverse,,2026-09-07T05:45:02.885579+00:00,2021-11-20T00:00:00
NFL_PHI_00-0033876_2021W11_QUESTIONABLE_DNP,NFL,2021,11,2021_NFL_W11_NO_PHI,NFL_PHI,NFL_P_00-0033876,EDGE,,QUESTIONABLE,DNP,Neck,2021-11-20,nflverse,,2026-09-07T05:45:02.885579+00:00,2021-11-20T00:00:00
NFL_PHI_00-0036393_2021W11_QUESTIONABLE_FP,NFL,2021,11,2021_NFL_W11_NO_PHI,NFL_PHI,NFL_P_00-0036393,LB,,QUESTIONABLE,FP,Knee,2021-11-20,nflverse,,2026-09-07T05:45:02.885579+00:00,2021-11-20T00:00:00
NFL_PIT_00-0036339_2021W11_OUT_DNP,NFL,2021,11,2021_NFL_W11_PIT_LAC,NFL_PIT,NFL_P_00-0036339,OL,,OUT,DNP,Ankle,2021-11-21,nflverse,,2026-09-07T05:45:02.885579+00:00,2021-11-21T00:00:00
NFL_PIT_00-0027860_2021W11_OUT_DNP,NFL,2021,11,2021_NFL_W11_PIT_LAC,NFL_PIT,NFL_P_00-0027860,CB,,OUT,DNP,Foot,2021-11-21,nflverse,,2026-09-07T05:45:02.885579+00:00,2021-11-21T00:00:00
NFL_PIT_00-0036843_2021W11_OUT_DNP,NFL,2021,11,2021_NFL_W11_PIT_LAC,NFL_PIT,NFL_P_00-0036843,EDGE,,OUT,DNP,Groin,2021-11-21,nflverse,,2026-09-07T05:45:02.885579+00:00,2021-11-21T00:00:00
NFL_PIT_00-0033886_2021W11_OUT_DNP,NFL,2021,11,2021_NFL_W11_PIT_LAC,NFL_PIT,NFL_P_00-0033886,LB,,OUT,DNP,Hip,2021-11-21,nflverse,,2026-09-07T05:45:02.885579+00:00,2021-11-21T00:00:00
NFL_SEA_00-0027662_2021W11_NA_DNP,NFL,2021,11,2021_NFL_W11_ARI_SEA,NFL_SEA,NFL_P_00-0027662,LB,,UNKNOWN,DNP,Not injury related - personal matter,2021-11-20,nflverse,,2026-09-07T05:45:02.885579+00:00,2021-11-20T00:00:00
NFL_SEA_00-0031367_2021W11_NA_DNP,NFL,2021,11,2021_NFL_W11_ARI_SEA,NFL_SEA,NFL_P_00-0031367,OL,,UNKNOWN,DNP,Not injury related - resting player,2021-11-20,nflverse,,2026-09-07T05:45:02.885579+00:00,2021-11-20T00:00:00
NFL_SEA_00-0026166_2021W11_NA_LP,NFL,2021,11,2021_NFL_W11_ARI_SEA,NFL_SEA,NFL_P_00-0026166,OL,,UNKNOWN,LP,Hip,2021-11-20,nflverse,,2026-09-07T05:45:02.885579+00:00,2021-11-20T00:00:00
NFL_SEA_00-0035640_2021W11_NA_LP,NFL,2021,11,2021_NFL_W11_ARI_SEA,NFL_SEA,NFL_P_00-0035640,WR,,UNKNOWN,LP,Foot,2021-11-20,nflverse,,2026-09-07T05:45:02.885579+00:00,2021-11-20T00:00:00
NFL_SEA_00-0033872_2021W11_QUESTIONABLE_DNP,NFL,2021,11,2021_NFL_W11_ARI_SEA,NFL_SEA,NFL_P_00-0033872,S,,QUESTIONABLE,DNP,Groin,2021-11-20,nflverse,,2026-09-07T05:45:02.885579+00:00,2021-11-20T00:00:00
NFL_SEA_00-0034729_2021W11_QUESTIONABLE_DNP,NFL,2021,11,2021_NFL_W11_ARI_SEA,NFL_SEA,NFL_P_00-0034729,OL,,QUESTIONABLE,DNP,Back,2021-11-20,nflverse,,2026-09-07T05:45:02.885579+00:00,2021-11-20T00:00:00
NFL_SEA_00-0034384_2021W11_QUESTIONABLE_DNP,NFL,2021,11,2021_NFL_W11_ARI_SEA,NFL_SEA,NFL_P_00-0034384,CB,,QUESTIONABLE,DNP,Groin,2021-11-20,nflverse,,2026-09-07T05:45:02.885579+00:00,2021-11-20T00:00:00
NFL_SEA_00-0035672_2021W11_QUESTIONABLE_LP,NFL,2021,11,2021_NFL_W11_ARI_SEA,NFL_SEA,NFL_P_00-0035672,LB,,QUESTIONABLE,LP,Quadricep,2021-11-20,nflverse,,2026-09-07T05:45:02.885579+00:00,2021-11-20T00:00:00
NFL_SEA_00-0030946_2021W11_QUESTIONABLE_LP,NFL,2021,11,2021_NFL_W11_ARI_SEA,NFL_SEA,NFL_P_00-0030946,EDGE,,QUESTIONABLE,LP,Calf,2021-11-20,nflverse,,2026-09-07T05:45:02.885579+00:00,2021-11-20T00:00:00
NFL_SF_00-0035806_2021W11_OUT_DNP,NFL,2021,11,2021_NFL_W11_SF_JAX,NFL_SF,NFL_P_00-0035806,RB,,OUT,DNP,Ankle,2021-11-20,nflverse,,2026-09-07T05:45:02.885579+00:00,2021-11-20T00:00:00
NFL_SF_00-0034746_2021W11_OUT_DNP,NFL,2021,11,2021_NFL_W11_SF_JAX,NFL_SF,NFL_P_00-0034746,DL,,OUT,DNP,Calf,2021-11-20,nflverse,,2026-09-07T05:45:02.885579+00:00,2021-11-20T00:00:00
NFL_SF_00-0036567_2021W11_DOUBTFUL_DNP,NFL,2021,11,2021_NFL_W11_SF_JAX,NFL_SF,NFL_P_00-0036567,RB,,DOUBTFUL,DNP,Rib,2021-11-20,nflverse,,2026-09-07T05:45:02.885579+00:00,2021-11-20T00:00:00
NFL_TB_00-0027867_2021W11_NA_DNP,NFL,2021,11,2021_NFL_W11_NYG_TB,NFL_TB,NFL_P_00-0027867,LB,,UNKNOWN,DNP,Back,2021-11-22,nflverse,,2026-09-07T05:45:02.885579+00:00,2021-11-22T00:00:00
NFL_TB_00-0027855_2021W11_NA_DNP,NFL,2021,11,2021_NFL_W11_NYG_TB,NFL_TB,NFL_P_00-0027855,DL,,UNKNOWN,DNP,Not injury related - resting player,2021-11-22,nflverse,,2026-09-07T05:45:02.885579+00:00,2021-11-22T00:00:00
NFL_TB_00-0027793_2021W11_OUT_DNP,NFL,2021,11,2021_NFL_W11_NYG_TB,NFL_TB,NFL_P_00-0027793,WR,,OUT,DNP,Ankle,2021-11-22,nflverse,,2026-09-07T05:45:02.885579+00:00,2021-11-22T00:00:00
NFL_TB_00-0034773_2021W11_DOUBTFUL_DNP,NFL,2021,11,2021_NFL_W11_NYG_TB,NFL_TB,NFL_P_00-0034773,DL,,DOUBTFUL,DNP,Knee,2021-11-22,nflverse,,2026-09-07T05:45:02.885579+00:00,2021-11-22T00:00:00
NFL_TB_00-0027656_2021W11_QUESTIONABLE_DNP,NFL,2021,11,2021_NFL_W11_NYG_TB,NFL_TB,NFL_P_00-0027656,TE,,QUESTIONABLE,DNP,Back,2021-11-22,nflverse,,2026-09-07T05:45:02.885579+00:00,2021-11-22T00:00:00
NFL_TB_00-0034515_2021W11_QUESTIONABLE_FP,NFL,2021,11,2021_NFL_W11_NYG_TB,NFL_TB,NFL_P_00-0034515,CB,,QUESTIONABLE,FP,Ankle,2021-11-22,nflverse,,2026-09-07T05:45:02.885579+00:00,2021-11-22T00:00:00
NFL_TB_00-0031957_2021W11_QUESTIONABLE_LP,NFL,2021,11,2021_NFL_W11_NYG_TB,NFL_TB,NFL_P_00-0031957,DL,,QUESTIONABLE,LP,Ankle,2021-11-22,nflverse,,2026-09-07T05:45:02.885579+00:00,2021-11-22T00:00:00
NFL_TEN_00-0035676_2021W11_NA_DNP,NFL,2021,11,2021_NFL_W11_HOU_TEN,NFL_TEN,NFL_P_00-0035676,WR,,UNKNOWN,DNP,Not injury related - resting player,2021-11-20,nflverse,,2026-09-07T05:45:02.885579+00:00,2021-11-20T00:00:00
NFL_TEN_00-0036240_2021W11_NA_LP,NFL,2021,11,2021_NFL_W11_HOU_TEN,NFL_TEN,NFL_P_00-0036240,CB,,UNKNOWN,LP,Foot,2021-11-20,nflverse,,2026-09-07T05:45:02.885579+00:00,2021-11-20T00:00:00
NFL_TEN_00-0034828_2021W11_NA_LP,NFL,2021,11,2021_NFL_W11_HOU_TEN,NFL_TEN,NFL_P_00-0034828,LB,,UNKNOWN,LP,Hamstring,2021-11-20,nflverse,,2026-09-07T05:45:02.885579+00:00,2021-11-20T00:00:00
NFL_TEN_00-0035643_2021W11_NA_LP,NFL,2021,11,2021_NFL_W11_HOU_TEN,NFL_TEN,NFL_P_00-0035643,DL,,UNKNOWN,LP,Ankle,2021-11-20,nflverse,,2026-09-07T05:45:02.885579+00:00,2021-11-20T00:00:00
NFL_TEN_00-0036181_2021W11_NA_LP,NFL,2021,11,2021_NFL_W11_HOU_TEN,NFL_TEN,NFL_P_00-0036181,DL,,UNKNOWN,LP,Groin,2021-11-20,nflverse,,2026-09-07T05:45:02.885579+00:00,2021-11-20T00:00:00
NFL_TEN_00-0035649_2021W11_OUT_DNP,NFL,2021,11,2021_NFL_W11_HOU_TEN,NFL_TEN,NFL_P_00-0035649,OL,,OUT,DNP,Concussion,2021-11-20,nflverse,,2026-09-07T05:45:02.885579+00:00,2021-11-20T00:00:00
NFL_TEN_00-0032146_2021W11_OUT_DNP,NFL,2021,11,2021_NFL_W11_HOU_TEN,NFL_TEN,NFL_P_00-0032146,LB,,OUT,DNP,Abdomen,2021-11-20,nflverse,,2026-09-07T05:45:02.885579+00:00,2021-11-20T00:00:00
NFL_TEN_00-0034743_2021W11_OUT_DNP,NFL,2021,11,2021_NFL_W11_HOU_TEN,NFL_TEN,NFL_P_00-0034743,LB,,OUT,DNP,Ankle,2021-11-20,nflverse,,2026-09-07T05:45:02.885579+00:00,2021-11-20T00:00:00
NFL_TEN_00-0035292_2021W11_OUT_DNP,NFL,2021,11,2021_NFL_W11_HOU_TEN,NFL_TEN,NFL_P_00-0035292,LB,,OUT,DNP,Hamstring,2021-11-20,nflverse,,2026-09-07T05:45:02.885579+00:00,2021-11-20T00:00:00
NFL_TEN_00-0033430_2021W11_OUT_DNP,NFL,2021,11,2021_NFL_W11_HOU_TEN,NFL_TEN,NFL_P_00-0033430,CB,,OUT,DNP,Ankle,2021-11-20,nflverse,,2026-09-07T05:45:02.885579+00:00,2021-11-20T00:00:00
NFL_TEN_00-0033955_2021W11_OUT_DNP,NFL,2021,11,2021_NFL_W11_HOU_TEN,NFL_TEN,NFL_P_00-0033955,RB,,OUT,DNP,Concussion,2021-11-20,nflverse,,2026-09-07T05:45:02.885579+00:00,2021-11-20T00:00:00
NFL_TEN_00-0032141_2021W11_OUT_DNP,NFL,2021,11,2021_NFL_W11_HOU_TEN,NFL_TEN,NFL_P_00-0032141,TE,,OUT,DNP,Concussion,2021-11-20,nflverse,,2026-09-07T05:45:02.885579+00:00,2021-11-20T00:00:00
NFL_TEN_00-0029681_2021W11_QUESTIONABLE_DNP,NFL,2021,11,2021_NFL_W11_HOU_TEN,NFL_TEN,NFL_P_00-0029681,CB,,QUESTIONABLE,DNP,Chest,2021-11-20,nflverse,,2026-09-07T05:45:02.885579+00:00,2021-11-20T00:00:00
NFL_WAS_00-0036328_2021W11_NA_LP,NFL,2021,11,2021_NFL_W11_WAS_CAR,NFL_WAS,NFL_P_00-0036328,RB,,UNKNOWN,LP,Shin,2021-11-20,nflverse,,2026-09-07T05:45:02.885579+00:00,2021-11-20T00:00:00
NFL_WAS_00-0032053_2021W11_NA_LP,NFL,2021,11,2021_NFL_W11_WAS_CAR,NFL_WAS,NFL_P_00-0032053,OL,,UNKNOWN,LP,Knee,2021-11-20,nflverse,,2026-09-07T05:45:02.885579+00:00,2021-11-20T00:00:00
NFL_WAS_00-0033611_2021W11_OUT_DNP,NFL,2021,11,2021_NFL_W11_WAS_CAR,NFL_WAS,NFL_P_00-0033611,TE,,OUT,DNP,Hip,2021-11-20,nflverse,,2026-09-07T05:45:02.885579+00:00,2021-11-20T00:00:00
NFL_WAS_00-0036666_2021W11_OUT_DNP,NFL,2021,11,2021_NFL_W11_WAS_CAR,NFL_WAS,NFL_P_00-0036666,EDGE,,OUT,DNP,Concussion,2021-11-20,nflverse,,2026-09-07T05:45:02.885579+00:00,2021-11-20T00:00:00
NFL_WAS_00-0036625_2021W11_QUESTIONABLE_FP,NFL,2021,11,2021_NFL_W11_WAS_CAR,NFL_WAS,NFL_P_00-0036625,CB,,QUESTIONABLE,FP,Concussion,2021-11-20,nflverse,,2026-09-07T05:45:02.885579+00:00,2021-11-20T00:00:00
NFL_WAS_00-0036334_2021W11_QUESTIONABLE_LP,NFL,2021,11,2021_NFL_W11_WAS_CAR,NFL_WAS,NFL_P_00-0036334,OL,,QUESTIONABLE,LP,Illness,2021-11-20,nflverse,,2026-09-07T05:45:02.885579+00:00,2021-11-20T00:00:00
NFL_WAS_00-0033084_2021W11_QUESTIONABLE_LP,NFL,2021,11,2021_NFL_W11_WAS_CAR,NFL_WAS,NFL_P_00-0033084,CB,,QUESTIONABLE,LP,Knee,2021-11-20,nflverse,,2026-09-07T05:45:02.885579+00:00,2021-11-20T00:00:00
NFL_WAS_00-0033282_2021W11_QUESTIONABLE_LP,NFL,2021,11,2021_NFL_W11_WAS_CAR,NFL_WAS,NFL_P_00-0033282,WR,,QUESTIONABLE,LP,Groin,2021-11-20,nflverse,,2026-09-07T05:45:02.885579+00:00,2021-11-20T00:00:00
NFL_ATL_00-0033093_2021W12_OUT_DNP,NFL,2021,12,2021_NFL_W12_ATL_JAX,NFL_ATL,NFL_P_00-0033093,EDGE,,OUT,DNP,Ankle,2021-11-27,nflverse,,2026-09-07T05:45:02.885579+00:00,2021-11-27T00:00:00
NFL_ATL_00-0035255_2021W12_OUT_DNP,NFL,2021,12,2021_NFL_W12_ATL_JAX,NFL_ATL,NFL_P_00-0035255,CB,,OUT,DNP,Hamstring,2021-11-27,nflverse,,2026-09-07T05:45:02.885579+00:00,2021-11-27T00:00:00
NFL_ATL_00-0032388_2021W12_QUESTIONABLE_LP,NFL,2021,12,2021_NFL_W12_ATL_JAX,NFL_ATL,NFL_P_00-0032388,LB,,QUESTIONABLE,LP,Shoulder,2021-11-27,nflverse,,2026-09-07T05:45:02.885579+00:00,2021-11-27T00:00:00
NFL_ATL_00-0030578_2021W12_QUESTIONABLE_LP,NFL,2021,12,2021_NFL_W12_ATL_JAX,NFL_ATL,NFL_P_00-0030578,RB,,QUESTIONABLE,LP,Ankle,2021-11-27,nflverse,,2026-09-07T05:45:02.885579+00:00,2021-11-27T00:00:00
NFL_BAL_00-0028008_2021W12_NA_DNP,NFL,2021,12,2021_NFL_W12_CLE_BAL,NFL_BAL,NFL_P_00-0028008,LB,,UNKNOWN,DNP,Not injury related - resting player,2021-11-28,nflverse,,2026-09-07T05:45:02.885579+00:00,2021-11-28T00:00:00
NFL_BAL_00-0030648_2021W12_NA_DNP,NFL,2021,12,2021_NFL_W12_CLE_BAL,NFL_BAL,NFL_P_00-0030648,OL,,UNKNOWN,DNP,Not injury related - resting player,2021-11-28,nflverse,,2026-09-07T05:45:02.885579+00:00,2021-11-28T00:00:00
NFL_BAL_00-0035703_2021W12_OUT_DNP,NFL,2021,12,2021_NFL_W12_CLE_BAL,NFL_BAL,NFL_P_00-0035703,WR,,OUT,DNP,Finger,2021-11-28,nflverse,,2026-09-07T05:45:02.885579+00:00,2021-11-28T00:00:00
NFL_BAL_00-0032233_2021W12_OUT_DNP,NFL,2021,12,2021_NFL_W12_CLE_BAL,NFL_BAL,NFL_P_00-0032233,OL,,OUT,DNP,Thigh,2021-11-28,nflverse,,2026-09-07T05:45:02.885579+00:00,2021-11-28T00:00:00
NFL_BAL_00-0036587_2021W12_OUT_DNP,NFL,2021,12,2021_NFL_W12_CLE_BAL,NFL_BAL,NFL_P_00-0036587,S,,OUT,DNP,Foot,2021-11-28,nflverse,,2026-09-07T05:45:02.885579+00:00,2021-11-28T00:00:00
NFL_BAL_00-0031598_2021W12_QUESTIONABLE_DNP,NFL,2021,12,2021_NFL_W12_CLE_BAL,NFL_BAL,NFL_P_00-0031598,TE,,QUESTIONABLE,DNP,Not injury related - resting player,2021-11-28,nflverse,,2026-09-07T05:45:02.885579+00:00,2021-11-28T00:00:00
NFL_BAL_00-0026190_2021W12_QUESTIONABLE_DNP,NFL,2021,12,2021_NFL_W12_CLE_BAL,NFL_BAL,NFL_P_00-0026190,EDGE,,QUESTIONABLE,DNP,Concussion,2021-11-28,nflverse,,2026-09-07T05:45:02.885579+00:00,2021-11-28T00:00:00
NFL_BAL_00-0027965_2021W12_QUESTIONABLE_DNP,NFL,2021,12,2021_NFL_W12_CLE_BAL,NFL_BAL,NFL_P_00-0027965,CB,,QUESTIONABLE,DNP,Neck,2021-11-28,nflverse,,2026-09-07T05:45:02.885579+00:00,2021-11-28T00:00:00
NFL_BAL_00-0030511_2021W12_QUESTIONABLE_DNP,NFL,2021,12,2021_NFL_W12_CLE_BAL,NFL_BAL,NFL_P_00-0030511,DL,,QUESTIONABLE,DNP,Shoulder,2021-11-28,nflverse,,2026-09-07T05:45:02.885579+00:00,2021-11-28T00:00:00
NFL_BAL_00-0035112_2021W12_QUESTIONABLE_FP,NFL,2021,12,2021_NFL_W12_CLE_BAL,NFL_BAL,NFL_P_00-0035112,OL,,QUESTIONABLE,FP,Ankle,2021-11-28,nflverse,,2026-09-07T05:45:02.885579+00:00,2021-11-28T00:00:00
NFL_BAL_00-0034265_2021W12_QUESTIONABLE_LP,NFL,2021,12,2021_NFL_W12_CLE_BAL,NFL_BAL,NFL_P_00-0034265,CB,,QUESTIONABLE,LP,Thigh,2021-11-28,nflverse,,2026-09-07T05:45:02.885579+00:00,2021-11-28T00:00:00
NFL_BAL_00-0035662_2021W12_QUESTIONABLE_LP,NFL,2021,12,2021_NFL_W12_CLE_BAL,NFL_BAL,NFL_P_00-0035662,WR,,QUESTIONABLE,LP,Thigh,2021-11-28,nflverse,,2026-09-07T05:45:02.885579+00:00,2021-11-28T00:00:00
NFL_BAL_00-0033376_2021W12_QUESTIONABLE_LP,NFL,2021,12,2021_NFL_W12_CLE_BAL,NFL_BAL,NFL_P_00-0033376,RB,,QUESTIONABLE,LP,Hip,2021-11-28,nflverse,,2026-09-07T05:45:02.885579+00:00,2021-11-28T00:00:00
NFL_BAL_00-0035422_2021W12_QUESTIONABLE_LP,NFL,2021,12,2021_NFL_W12_CLE_BAL,NFL_BAL,NFL_P_00-0035422,CB,,QUESTIONABLE,LP,Thigh,2021-11-28,nflverse,,2026-09-07T05:45:02.885579+00:00,2021-11-28T00:00:00
NFL_BAL_00-0032770_2021W12_QUESTIONABLE_LP,NFL,2021,12,2021_NFL_W12_CLE_BAL,NFL_BAL,NFL_P_00-0032770,CB,,QUESTIONABLE,LP,Foot,2021-11-28,nflverse,,2026-09-07T05:45:02.885579+00:00,2021-11-28T00:00:00
NFL_CAR_00-0032149_2021W12_DOUBTFUL_DNP,NFL,2021,12,2021_NFL_W12_CAR_MIA,NFL_CAR,NFL_P_00-0032149,OL,,DOUBTFUL,DNP,Ankle,2021-11-27,nflverse,,2026-09-07T05:45:02.885579+00:00,2021-11-27T00:00:00
NFL_CHI_00-0035696_2021W12_NA_DNP,NFL,2021,12,2021_NFL_W12_CHI_DET,NFL_CHI,NFL_P_00-0035696,CB,,UNKNOWN,DNP,Hamstring,2021-11-24,nflverse,,2026-09-07T05:45:02.885579+00:00,2021-11-24T00:00:00
NFL_CHI_00-0036309_2021W12_NA_LP,NFL,2021,12,2021_NFL_W12_CHI_DET,NFL_CHI,NFL_P_00-0036309,WR,,UNKNOWN,LP,Foot,2021-11-24,nflverse,,2026-09-07T05:45:02.885579+00:00,2021-11-24T00:00:00
NFL_CHI_00-0036945_2021W12_OUT_DNP,NFL,2021,12,2021_NFL_W12_CHI_DET,NFL_CHI,NFL_P_00-0036945,QB,,OUT,DNP,Ribs,2021-11-24,nflverse,,2026-09-07T05:45:02.885579+00:00,2021-11-24T00:00:00
NFL_CHI_00-0029657_2021W12_OUT_DNP,NFL,2021,12,2021_NFL_W12_CHI_DET,NFL_CHI,NFL_P_00-0029657,DL,,OUT,DNP,Ankle,2021-11-24,nflverse,,2026-09-07T05:45:02.885579+00:00,2021-11-24T00:00:00
NFL_CHI_00-0030874_2021W12_OUT_DNP,NFL,2021,12,2021_NFL_W12_CHI_DET,NFL_CHI,NFL_P_00-0030874,RB,,OUT,DNP,Calf,2021-11-24,nflverse,,2026-09-07T05:45:02.885579+00:00,2021-11-24T00:00:00
NFL_CHI_00-0031428_2021W12_DOUBTFUL_DNP,NFL,2021,12,2021_NFL_W12_CHI_DET,NFL_CHI,NFL_P_00-0031428,WR,,DOUBTFUL,DNP,Hamstring,2021-11-24,nflverse,,2026-09-07T05:45:02.885579+00:00,2021-11-24T00:00:00
NFL_CHI_00-0028924_2021W12_QUESTIONABLE_FP,NFL,2021,12,2021_NFL_W12_CHI_DET,NFL_CHI,NFL_P_00-0028924,S,,QUESTIONABLE,FP,Chest,2021-11-24,nflverse,,2026-09-07T05:45:02.885579+00:00,2021-11-24T00:00:00
NFL_CHI_00-0030068_2021W12_QUESTIONABLE_FP,NFL,2021,12,2021_NFL_W12_CHI_DET,NFL_CHI,NFL_P_00-0030068,WR,,QUESTIONABLE,FP,Shoulder,2021-11-24,nflverse,,2026-09-07T05:45:02.885579+00:00,2021-11-24T00:00:00
NFL_CHI_00-0032265_2021W12_QUESTIONABLE_LP,NFL,2021,12,2021_NFL_W12_CHI_DET,NFL_CHI,NFL_P_00-0032265,DL,,QUESTIONABLE,LP,Ribs,2021-11-24,nflverse,,2026-09-07T05:45:02.885579+00:00,2021-11-24T00:00:00
NFL_CHI_00-0033784_2021W12_QUESTIONABLE_LP,NFL,2021,12,2021_NFL_W12_CHI_DET,NFL_CHI,NFL_P_00-0033784,S,,QUESTIONABLE,LP,Hamstring,2021-11-24,nflverse,,2026-09-07T05:45:02.885579+00:00,2021-11-24T00:00:00
NFL_CIN_00-0034686_2021W12_DOUBTFUL_DNP,NFL,2021,12,2021_NFL_W12_PIT_CIN,NFL_CIN,NFL_P_00-0034686,WR,,DOUBTFUL,DNP,Thigh,2021-11-27,nflverse,,2026-09-07T05:45:02.885579+00:00,2021-11-27T00:00:00
NFL_CLE_00-0031364_2021W12_NA_LP,NFL,2021,12,2021_NFL_W12_CLE_BAL,NFL_CLE,NFL_P_00-0031364,EDGE,,UNKNOWN,LP,Neck,2021-11-28,nflverse,,2026-09-07T05:45:02.885579+00:00,2021-11-28T00:00:00
NFL_CLE_00-0029568_2021W12_NA_LP,NFL,2021,12,2021_NFL_W12_CLE_BAL,NFL_CLE,NFL_P_00-0029568,DL,,UNKNOWN,LP,Knee,2021-11-28,nflverse,,2026-09-07T05:45:02.885579+00:00,2021-11-28T00:00:00
NFL_CLE_00-0031382_2021W12_NA_LP,NFL,2021,12,2021_NFL_W12_CLE_BAL,NFL_CLE,NFL_P_00-0031382,WR,,UNKNOWN,LP,Knee,2021-11-28,nflverse,,2026-09-07T05:45:02.885579+00:00,2021-11-28T00:00:00
NFL_CLE_00-0035646_2021W12_NA_LP,NFL,2021,12,2021_NFL_W12_CLE_BAL,NFL_CLE,NFL_P_00-0035646,LB,,UNKNOWN,LP,Shoulder,2021-11-28,nflverse,,2026-09-07T05:45:02.885579+00:00,2021-11-28T00:00:00
NFL_CLE_00-0030076_2021W12_NA_LP,NFL,2021,12,2021_NFL_W12_CLE_BAL,NFL_CLE,NFL_P_00-0030076,OL,,UNKNOWN,LP,Knee,2021-11-28,nflverse,,2026-09-07T05:45:02.885579+00:00,2021-11-28T00:00:00
NFL_CLE_00-0036999_2021W12_OUT_DNP,NFL,2021,12,2021_NFL_W12_CLE_BAL,NFL_CLE,NFL_P_00-0036999,WR,,OUT,DNP,Concussion,2021-11-28,nflverse,,2026-09-07T05:45:02.885579+00:00,2021-11-28T00:00:00
NFL_CLE_00-0033057_2021W12_QUESTIONABLE_NA,NFL,2021,12,2021_NFL_W12_CLE_BAL,NFL_CLE,NFL_P_00-0033057,OL,,QUESTIONABLE,,Elbow,2021-11-28,nflverse,,2026-09-07T05:45:02.885579+00:00,2021-11-28T00:00:00
NFL_CLE_00-0033923_2021W12_QUESTIONABLE_NA,NFL,2021,12,2021_NFL_W12_CLE_BAL,NFL_CLE,NFL_P_00-0033923,RB,,QUESTIONABLE,,Calf,2021-11-28,nflverse,,2026-09-07T05:45:02.885579+00:00,2021-11-28T00:00:00
NFL_CLE_00-0031785_2021W12_QUESTIONABLE_LP,NFL,2021,12,2021_NFL_W12_CLE_BAL,NFL_CLE,NFL_P_00-0031785,CB,,QUESTIONABLE,LP,Neck,2021-11-28,nflverse,,2026-09-07T05:45:02.885579+00:00,2021-11-28T00:00:00
NFL_CLE_00-0036233_2021W12_QUESTIONABLE_LP,NFL,2021,12,2021_NFL_W12_CLE_BAL,NFL_CLE,NFL_P_00-0036233,WR,,QUESTIONABLE,LP,Groin,2021-11-28,nflverse,,2026-09-07T05:45:02.885579+00:00,2021-11-28T00:00:00
NFL_DAL_00-0035301_2021W12_NA_DNP,NFL,2021,12,2021_NFL_W12_LV_DAL,NFL_DAL,NFL_P_00-0035301,S,,UNKNOWN,DNP,Shoulder,2021-11-24,nflverse,,2026-09-07T05:45:02.885579+00:00,2021-11-24T00:00:00
NFL_DAL_00-0036358_2021W12_QUESTIONABLE_LP,NFL,2021,12,2021_NFL_W12_LV_DAL,NFL_DAL,NFL_P_00-0036358,WR,,QUESTIONABLE,LP,Concussion,2021-11-24,nflverse,,2026-09-07T05:45:02.885579+00:00,2021-11-24T00:00:00
NFL_DEN_00-0027872_2021W12_DOUBTFUL_DNP,NFL,2021,12,2021_NFL_W12_LAC_DEN,NFL_DEN,NFL_P_00-0027872,S,,DOUBTFUL,DNP,Neck,2021-11-27,nflverse,,2026-09-07T05:45:02.885579+00:00,2021-11-27T00:00:00
NFL_DEN_00-0029528_2021W12_DOUBTFUL_DNP,NFL,2021,12,2021_NFL_W12_LAC_DEN,NFL_DEN,NFL_P_00-0029528,OL,,DOUBTFUL,DNP,Ankle,2021-11-27,nflverse,,2026-09-07T05:45:02.885579+00:00,2021-11-27T00:00:00
NFL_DEN_00-0036439_2021W12_QUESTIONABLE_DNP,NFL,2021,12,2021_NFL_W12_LAC_DEN,NFL_DEN,NFL_P_00-0036439,WR,,QUESTIONABLE,DNP,Hamstring,2021-11-27,nflverse,,2026-09-07T05:45:02.885579+00:00,2021-11-27T00:00:00
NFL_DEN_00-0031270_2021W12_QUESTIONABLE_DNP,NFL,2021,12,2021_NFL_W12_LAC_DEN,NFL_DEN,NFL_P_00-0031270,EDGE,,QUESTIONABLE,DNP,Ankle,2021-11-27,nflverse,,2026-09-07T05:45:02.885579+00:00,2021-11-27T00:00:00
NFL_DEN_00-0034208_2021W12_QUESTIONABLE_FP,NFL,2021,12,2021_NFL_W12_LAC_DEN,NFL_DEN,NFL_P_00-0034208,RB,,QUESTIONABLE,FP,Hip,2021-11-27,nflverse,,2026-09-07T05:45:02.885579+00:00,2021-11-27T00:00:00
NFL_DET_00-0034371_2021W12_NA_DNP,NFL,2021,12,2021_NFL_W12_CHI_DET,NFL_DET,NFL_P_00-0034371,EDGE,,UNKNOWN,DNP,Groin,2021-11-24,nflverse,,2026-09-07T05:45:02.885579+00:00,2021-11-24T00:00:00
NFL_DET_00-0034930_2021W12_OUT_DNP,NFL,2021,12,2021_NFL_W12_CHI_DET,NFL_DET,NFL_P_00-0034930,WR,,OUT,DNP,Knee,2021-11-24,nflverse,,2026-09-07T05:45:02.885579+00:00,2021-11-24T00:00:00
NFL_DET_00-0031566_2021W12_OUT_DNP,NFL,2021,12,2021_NFL_W12_CHI_DET,NFL_DET,NFL_P_00-0031566,LB,,OUT,DNP,Knee,2021-11-24,nflverse,,2026-09-07T05:45:02.885579+00:00,2021-11-24T00:00:00
NFL_DET_00-0035328_2021W12_OUT_DNP,NFL,2021,12,2021_NFL_W12_CHI_DET,NFL_DET,NFL_P_00-0035328,OL,,OUT,DNP,Ankle,2021-11-24,nflverse,,2026-09-07T05:45:02.885579+00:00,2021-11-24T00:00:00
NFL_DET_00-0036752_2021W12_OUT_DNP,NFL,2021,12,2021_NFL_W12_CHI_DET,NFL_DET,NFL_P_00-0036752,CB,,OUT,DNP,Ankle,2021-11-24,nflverse,,2026-09-07T05:45:02.885579+00:00,2021-11-24T00:00:00
NFL_DET_00-0032785_2021W12_OUT_DNP,NFL,2021,12,2021_NFL_W12_CHI_DET,NFL_DET,NFL_P_00-0032785,OL,,OUT,DNP,Concussion,2021-11-24,nflverse,,2026-09-07T05:45:02.885579+00:00,2021-11-24T00:00:00
NFL_DET_00-0029630_2021W12_QUESTIONABLE_LP,NFL,2021,12,2021_NFL_W12_CHI_DET,NFL_DET,NFL_P_00-0029630,EDGE,,QUESTIONABLE,LP,Knee,2021-11-24,nflverse,,2026-09-07T05:45:02.885579+00:00,2021-11-24T00:00:00
NFL_DET_00-0033106_2021W12_QUESTIONABLE_LP,NFL,2021,12,2021_NFL_W12_CHI_DET,NFL_DET,NFL_P_00-0033106,QB,,QUESTIONABLE,LP,Oblique,2021-11-24,nflverse,,2026-09-07T05:45:02.885579+00:00,2021-11-24T00:00:00
NFL_DET_00-0036670_2021W12_QUESTIONABLE_LP,NFL,2021,12,2021_NFL_W12_CHI_DET,NFL_DET,NFL_P_00-0036670,RB,,QUESTIONABLE,LP,Ankle,2021-11-24,nflverse,,2026-09-07T05:45:02.885579+00:00,2021-11-24T00:00:00
NFL_GB_00-0023459_2021W12_NA_DNP,NFL,2021,12,2021_NFL_W12_LAR_GB,NFL_GB,NFL_P_00-0023459,QB,,UNKNOWN,DNP,Toe,2021-11-27,nflverse,,2026-09-07T05:45:02.885579+00:00,2021-11-27T00:00:00
NFL_GB_00-0030074_2021W12_OUT_DNP,NFL,2021,12,2021_NFL_W12_LAR_GB,NFL_GB,NFL_P_00-0030074,OL,,OUT,DNP,Knee,2021-11-27,nflverse,,2026-09-07T05:45:02.885579+00:00,2021-11-27T00:00:00
NFL_GB_00-0035480_2021W12_OUT_DNP,NFL,2021,12,2021_NFL_W12_LAR_GB,NFL_GB,NFL_P_00-0035480,WR,,OUT,DNP,Abdomen,2021-11-27,nflverse,,2026-09-07T05:45:02.885579+00:00,2021-11-27T00:00:00
NFL_GB_00-0033524_2021W12_DOUBTFUL_DNP,NFL,2021,12,2021_NFL_W12_LAR_GB,NFL_GB,NFL_P_00-0033524,CB,,DOUBTFUL,DNP,Hip,2021-11-27,nflverse,,2026-09-07T05:45:02.885579+00:00,2021-11-27T00:00:00
NFL_GB_00-0034967_2021W12_QUESTIONABLE_FP,NFL,2021,12,2021_NFL_W12_LAR_GB,NFL_GB,NFL_P_00-0034967,LB,,QUESTIONABLE,FP,Elbow,2021-11-27,nflverse,,2026-09-07T05:45:02.885579+00:00,2021-11-27T00:00:00
NFL_GB_00-0033293_2021W12_QUESTIONABLE_LP,NFL,2021,12,2021_NFL_W12_LAR_GB,NFL_GB,NFL_P_00-0033293,RB,,QUESTIONABLE,LP,Knee,2021-11-27,nflverse,,2026-09-07T05:45:02.885579+00:00,2021-11-27T00:00:00
NFL_GB_00-0034521_2021W12_QUESTIONABLE_LP,NFL,2021,12,2021_NFL_W12_LAR_GB,NFL_GB,NFL_P_00-0034521,WR,,QUESTIONABLE,LP,Shoulder,2021-11-27,nflverse,,2026-09-07T05:45:02.885579+00:00,2021-11-27T00:00:00
NFL_HOU_00-0026035_2021W12_NA_DNP,NFL,2021,12,2021_NFL_W12_NYJ_HOU,NFL_HOU,NFL_P_00-0026035,WR,,UNKNOWN,DNP,Not injury related - resting player,2021-11-27,nflverse,,2026-09-07T05:45:02.885579+00:00,2021-11-27T00:00:00
NFL_HOU_00-0031236_2021W12_NA_DNP,NFL,2021,12,2021_NFL_W12_NYJ_HOU,NFL_HOU,NFL_P_00-0031236,WR,,UNKNOWN,DNP,Not injury related - resting player,2021-11-27,nflverse,,2026-09-07T05:45:02.885579+00:00,2021-11-27T00:00:00
NFL_HOU_00-0030288_2021W12_NA_LP,NFL,2021,12,2021_NFL_W12_NYJ_HOU,NFL_HOU,NFL_P_00-0030288,RB,,UNKNOWN,LP,Not injury related - resting player,2021-11-27,nflverse,,2026-09-07T05:45:02.885579+00:00,2021-11-27T00:00:00
NFL_HOU_00-0032970_2021W12_OUT_DNP,NFL,2021,12,2021_NFL_W12_NYJ_HOU,NFL_HOU,NFL_P_00-0032970,EDGE,,OUT,DNP,Knee,2021-11-27,nflverse,,2026-09-07T05:45:02.885579+00:00,2021-11-27T00:00:00
NFL_HOU_00-0033537_2021W12_OUT_DNP,NFL,2021,12,2021_NFL_W12_NYJ_HOU,NFL_HOU,NFL_P_00-0033537,QB,,OUT,DNP,Not injury related - personal matter,2021-11-27,nflverse,,2026-09-07T05:45:02.885579+00:00,2021-11-27T00:00:00
NFL_HOU_00-0035101_2021W12_QUESTIONABLE_DNP,NFL,2021,12,2021_NFL_W12_NYJ_HOU,NFL_HOU,NFL_P_00-0035101,WR,,QUESTIONABLE,DNP,Illness,2021-11-27,nflverse,,2026-09-07T05:45:02.885579+00:00,2021-11-27T00:00:00
NFL_HOU_00-0036554_2021W12_QUESTIONABLE_LP,NFL,2021,12,2021_NFL_W12_NYJ_HOU,NFL_HOU,NFL_P_00-0036554,WR,,QUESTIONABLE,LP,Hip,2021-11-27,nflverse,,2026-09-07T05:45:02.885579+00:00,2021-11-27T00:00:00
NFL_HOU_00-0036224_2021W12_QUESTIONABLE_LP,NFL,2021,12,2021_NFL_W12_NYJ_HOU,NFL_HOU,NFL_P_00-0036224,EDGE,,QUESTIONABLE,LP,Foot,2021-11-27,nflverse,,2026-09-07T05:45:02.885579+00:00,2021-11-27T00:00:00
NFL_HOU_00-0035244_2021W12_QUESTIONABLE_LP,NFL,2021,12,2021_NFL_W12_NYJ_HOU,NFL_HOU,NFL_P_00-0035244,CB,,QUESTIONABLE,LP,Illness,2021-11-27,nflverse,,2026-09-07T05:45:02.885579+00:00,2021-11-27T00:00:00
NFL_IND_00-0034846_2021W12_QUESTIONABLE_FP,NFL,2021,12,2021_NFL_W12_TB_IND,NFL_IND,NFL_P_00-0034846,LB,,QUESTIONABLE,FP,Ankle,2021-11-27,nflverse,,2026-09-07T05:45:02.885579+00:00,2021-11-27T00:00:00
NFL_IND_00-0034342_2021W12_QUESTIONABLE_FP,NFL,2021,12,2021_NFL_W12_TB_IND,NFL_IND,NFL_P_00-0034342,OL,,QUESTIONABLE,FP,Ankle,2021-11-27,nflverse,,2026-09-07T05:45:02.885579+00:00,2021-11-27T00:00:00
NFL_JAX_00-0033926_2021W12_OUT_DNP,NFL,2021,12,2021_NFL_W12_ATL_JAX,NFL_JAX,NFL_P_00-0033926,CB,,OUT,DNP,Concussion,2021-11-27,nflverse,,2026-09-07T05:45:02.885579+00:00,2021-11-27T00:00:00
NFL_LAR_00-0024270_2021W12_NA_DNP,NFL,2021,12,2021_NFL_W12_LAR_GB,NFL_LAR,NFL_P_00-0024270,OL,,UNKNOWN,DNP,Not injury related - resting player,2021-11-27,nflverse,,2026-09-07T05:45:02.885579+00:00,2021-11-27T00:00:00
NFL_LAR_00-0032641_2021W12_QUESTIONABLE_FP,NFL,2021,12,2021_NFL_W12_LAR_GB,NFL_LAR,NFL_P_00-0032641,CB,,QUESTIONABLE,FP,Thigh,2021-11-27,nflverse,,2026-09-07T05:45:02.885579+00:00,2021-11-27T00:00:00
NFL_LAR_00-0036862_2021W12_QUESTIONABLE_LP,NFL,2021,12,2021_NFL_W12_LAR_GB,NFL_LAR,NFL_P_00-0036862,WR,,QUESTIONABLE,LP,Back,2021-11-27,nflverse,,2026-09-07T05:45:02.885579+00:00,2021-11-27T00:00:00
NFL_LAC_00-0036665_2021W12_NA_DNP,NFL,2021,12,2021_NFL_W12_LAC_DEN,NFL_LAC,NFL_P_00-0036665,S,,UNKNOWN,DNP,Knee,2021-11-27,nflverse,,2026-09-07T05:45:02.885579+00:00,2021-11-27T00:00:00
NFL_LAC_00-0036380_2021W12_OUT_DNP,NFL,2021,12,2021_NFL_W12_LAC_DEN,NFL_LAC,NFL_P_00-0036380,S,,OUT,DNP,Quadricep,2021-11-27,nflverse,,2026-09-07T05:45:02.885579+00:00,2021-11-27T00:00:00
NFL_LAC_00-0036617_2021W12_OUT_DNP,NFL,2021,12,2021_NFL_W12_LAC_DEN,NFL_LAC,NFL_P_00-0036617,CB,,OUT,DNP,Concussion,2021-11-27,nflverse,,2026-09-07T05:45:02.885579+00:00,2021-11-27T00:00:00
NFL_LAC_00-0031142_2021W12_QUESTIONABLE_LP,NFL,2021,12,2021_NFL_W12_LAC_DEN,NFL_LAC,NFL_P_00-0031142,OL,,QUESTIONABLE,LP,Ankle,2021-11-27,nflverse,,2026-09-07T05:45:02.885579+00:00,2021-11-27T00:00:00
NFL_LAC_00-0034111_2021W12_QUESTIONABLE_LP,NFL,2021,12,2021_NFL_W12_LAC_DEN,NFL_LAC,NFL_P_00-0034111,S,,QUESTIONABLE,LP,Ankle,2021-11-27,nflverse,,2026-09-07T05:45:02.885579+00:00,2021-11-27T00:00:00
NFL_LV_00-0032773_2021W12_OUT_DNP,NFL,2021,12,2021_NFL_W12_LV_DAL,NFL_LV,NFL_P_00-0032773,LB,,OUT,DNP,Ankle,2021-11-24,nflverse,,2026-09-07T05:45:02.885579+00:00,2021-11-24T00:00:00
NFL_LV_00-0035133_2021W12_OUT_DNP,NFL,2021,12,2021_NFL_W12_LV_DAL,NFL_LV,NFL_P_00-0035133,CB,,OUT,DNP,Ankle,2021-11-24,nflverse,,2026-09-07T05:45:02.885579+00:00,2021-11-24T00:00:00
NFL_LV_00-0036369_2021W12_QUESTIONABLE_LP,NFL,2021,12,2021_NFL_W12_LV_DAL,NFL_LV,NFL_P_00-0036369,OL,,QUESTIONABLE,LP,Ribs,2021-11-24,nflverse,,2026-09-07T05:45:02.885579+00:00,2021-11-24T00:00:00
NFL_MIA_00-0033050_2021W12_NA_LP,NFL,2021,12,2021_NFL_W12_CAR_MIA,NFL_MIA,NFL_P_00-0033050,CB,,UNKNOWN,LP,Not injury related - resting player,2021-11-27,nflverse,,2026-09-07T05:45:02.885579+00:00,2021-11-27T00:00:00
NFL_MIA_00-0032239_2021W12_NA_LP,NFL,2021,12,2021_NFL_W12_CAR_MIA,NFL_MIA,NFL_P_00-0032239,CB,,UNKNOWN,LP,Not injury related - resting player,2021-11-27,nflverse,,2026-09-07T05:45:02.885579+00:00,2021-11-27T00:00:00
NFL_MIA_00-0034248_2021W12_OUT_DNP,NFL,2021,12,2021_NFL_W12_CAR_MIA,NFL_MIA,NFL_P_00-0034248,CB,,OUT,DNP,Toe,2021-11-27,nflverse,,2026-09-07T05:45:02.885579+00:00,2021-11-27T00:00:00
NFL_MIA_00-0033896_2021W12_OUT_DNP,NFL,2021,12,2021_NFL_W12_CAR_MIA,NFL_MIA,NFL_P_00-0033896,TE,,OUT,DNP,Knee,2021-11-27,nflverse,,2026-09-07T05:45:02.885579+00:00,2021-11-27T00:00:00
NFL_MIA_00-0036546_2021W12_OUT_DNP,NFL,2021,12,2021_NFL_W12_CAR_MIA,NFL_MIA,NFL_P_00-0036546,CB,,OUT,DNP,Hamstring,2021-11-27,nflverse,,2026-09-07T05:45:02.885579+00:00,2021-11-27T00:00:00
NFL_MIA_00-0036221_2021W12_QUESTIONABLE_LP,NFL,2021,12,2021_NFL_W12_CAR_MIA,NFL_MIA,NFL_P_00-0036221,S,,QUESTIONABLE,LP,Ankle,2021-11-27,nflverse,,2026-09-07T05:45:02.885579+00:00,2021-11-27T00:00:00
NFL_MIN_00-0031256_2021W12_NA_LP,NFL,2021,12,2021_NFL_W12_MIN_SF,NFL_MIN,NFL_P_00-0031256,LB,,UNKNOWN,LP,Knee,2021-11-27,nflverse,,2026-09-07T05:45:02.885579+00:00,2021-11-27T00:00:00
NFL_MIN_00-0027701_2021W12_OUT_DNP,NFL,2021,12,2021_NFL_W12_MIN_SF,NFL_MIN,NFL_P_00-0027701,EDGE,,OUT,DNP,Not injury related - personal matter,2021-11-27,nflverse,,2026-09-07T05:45:02.885579+00:00,2021-11-27T00:00:00
NFL_MIN_00-0036629_2021W12_QUESTIONABLE_DNP,NFL,2021,12,2021_NFL_W12_MIN_SF,NFL_MIN,NFL_P_00-0036629,S,,QUESTIONABLE,DNP,Ankle,2021-11-27,nflverse,,2026-09-07T05:45:02.885579+00:00,2021-11-27T00:00:00
NFL_MIN_00-0037006_2021W12_QUESTIONABLE_LP,NFL,2021,12,2021_NFL_W12_MIN_SF,NFL_MIN,NFL_P_00-0037006,OL,,QUESTIONABLE,LP,Ankle,2021-11-27,nflverse,,2026-09-07T05:45:02.885579+00:00,2021-11-27T00:00:00
NFL_MIN_00-0036348_2021W12_QUESTIONABLE_LP,NFL,2021,12,2021_NFL_W12_MIN_SF,NFL_MIN,NFL_P_00-0036348,S,,QUESTIONABLE,LP,Not Injury Related,2021-11-27,nflverse,,2026-09-07T05:45:02.885579+00:00,2021-11-27T00:00:00
NFL_NE_00-0031580_2021W12_NA_LP,NFL,2021,12,2021_NFL_W12_TEN_NE,NFL_NE,NFL_P_00-0031580,OL,,UNKNOWN,LP,Abdomen,2021-11-27,nflverse,,2026-09-07T05:45:02.885579+00:00,2021-11-27T00:00:00
NFL_NE_00-0031360_2021W12_NA_LP,NFL,2021,12,2021_NFL_W12_TEN_NE,NFL_NE,NFL_P_00-0031360,LB,,UNKNOWN,LP,Groin,2021-11-27,nflverse,,2026-09-07T05:45:02.885579+00:00,2021-11-27T00:00:00
NFL_NE_00-0029764_2021W12_QUESTIONABLE_NA,NFL,2021,12,2021_NFL_W12_TEN_NE,NFL_NE,NFL_P_00-0029764,S,,QUESTIONABLE,,Illness,2021-11-27,nflverse,,2026-09-07T05:45:02.885579+00:00,2021-11-27T00:00:00
NFL_NE_00-0035280_2021W12_QUESTIONABLE_LP,NFL,2021,12,2021_NFL_W12_TEN_NE,NFL_NE,NFL_P_00-0035280,P,,QUESTIONABLE,LP,right Knee,2021-11-27,nflverse,,2026-09-07T05:45:02.885579+00:00,2021-11-27T00:00:00
NFL_NE_00-0036981_2021W12_QUESTIONABLE_LP,NFL,2021,12,2021_NFL_W12_TEN_NE,NFL_NE,NFL_P_00-0036981,DL,,QUESTIONABLE,LP,Knee,2021-11-27,nflverse,,2026-09-07T05:45:02.885579+00:00,2021-11-27T00:00:00
NFL_NE_00-0034385_2021W12_QUESTIONABLE_LP,NFL,2021,12,2021_NFL_W12_TEN_NE,NFL_NE,NFL_P_00-0034385,LB,,QUESTIONABLE,LP,Ribs,2021-11-27,nflverse,,2026-09-07T05:45:02.885579+00:00,2021-11-27T00:00:00
NFL_NE_00-0032071_2021W12_QUESTIONABLE_LP,NFL,2021,12,2021_NFL_W12_TEN_NE,NFL_NE,NFL_P_00-0032071,OL,,QUESTIONABLE,LP,Calf,2021-11-27,nflverse,,2026-09-07T05:45:02.885579+00:00,2021-11-27T00:00:00
NFL_NE_00-0025565_2021W12_QUESTIONABLE_LP,NFL,2021,12,2021_NFL_W12_TEN_NE,NFL_NE,NFL_P_00-0025565,K,,QUESTIONABLE,LP,left Knee,2021-11-27,nflverse,,2026-09-07T05:45:02.885579+00:00,2021-11-27T00:00:00
NFL_NE_00-0035657_2021W12_QUESTIONABLE_LP,NFL,2021,12,2021_NFL_W12_TEN_NE,NFL_NE,NFL_P_00-0035657,RB,,QUESTIONABLE,LP,Neck,2021-11-27,nflverse,,2026-09-07T05:45:02.885579+00:00,2021-11-27T00:00:00
NFL_NE_00-0033090_2021W12_QUESTIONABLE_LP,NFL,2021,12,2021_NFL_W12_TEN_NE,NFL_NE,NFL_P_00-0033090,TE,,QUESTIONABLE,LP,Neck,2021-11-27,nflverse,,2026-09-07T05:45:02.885579+00:00,2021-11-27T00:00:00
NFL_NE_00-0029669_2021W12_QUESTIONABLE_LP,NFL,2021,12,2021_NFL_W12_TEN_NE,NFL_NE,NFL_P_00-0029669,LB,,QUESTIONABLE,LP,Ankle,2021-11-27,nflverse,,2026-09-07T05:45:02.885579+00:00,2021-11-27T00:00:00
NFL_NE_00-0033858_2021W12_QUESTIONABLE_LP,NFL,2021,12,2021_NFL_W12_TEN_NE,NFL_NE,NFL_P_00-0033858,TE,,QUESTIONABLE,LP,Shoulder,2021-11-27,nflverse,,2026-09-07T05:45:02.885579+00:00,2021-11-27T00:00:00
NFL_NE_00-0036875_2021W12_QUESTIONABLE_LP,NFL,2021,12,2021_NFL_W12_TEN_NE,NFL_NE,NFL_P_00-0036875,RB,,QUESTIONABLE,LP,Knee,2021-11-27,nflverse,,2026-09-07T05:45:02.885579+00:00,2021-11-27T00:00:00
NFL_NO_00-0036422_2021W12_NA_DNP,NFL,2021,12,2021_NFL_W12_BUF_NO,NFL_NO,NFL_P_00-0036422,TE,,UNKNOWN,DNP,Knee,2021-11-25,nflverse,,2026-09-07T05:45:02.885579+00:00,2021-11-25T00:00:00
NFL_NO_00-0036930_2021W12_NA_DNP,NFL,2021,12,2021_NFL_W12_BUF_NO,NFL_NO,NFL_P_00-0036930,OL,,UNKNOWN,DNP,Foot,2021-11-25,nflverse,,2026-09-07T05:45:02.885579+00:00,2021-11-25T00:00:00
NFL_NO_00-0034344_2021W12_OUT_DNP,NFL,2021,12,2021_NFL_W12_BUF_NO,NFL_NO,NFL_P_00-0034344,EDGE,,OUT,DNP,Shoulder,2021-11-25,nflverse,,2026-09-07T05:45:02.885579+00:00,2021-11-25T00:00:00
NFL_NO_00-0033906_2021W12_OUT_DNP,NFL,2021,12,2021_NFL_W12_BUF_NO,NFL_NO,NFL_P_00-0033906,RB,,OUT,DNP,Knee,2021-11-25,nflverse,,2026-09-07T05:45:02.885579+00:00,2021-11-25T00:00:00
NFL_NO_00-0033902_2021W12_OUT_DNP,NFL,2021,12,2021_NFL_W12_BUF_NO,NFL_NO,NFL_P_00-0033902,EDGE,,OUT,DNP,Ankle,2021-11-25,nflverse,,2026-09-07T05:45:02.885579+00:00,2021-11-25T00:00:00
NFL_NO_00-0033888_2021W12_OUT_DNP,NFL,2021,12,2021_NFL_W12_BUF_NO,NFL_NO,NFL_P_00-0033888,OL,,OUT,DNP,Knee,2021-11-25,nflverse,,2026-09-07T05:45:02.885579+00:00,2021-11-25T00:00:00
NFL_NO_00-0030067_2021W12_QUESTIONABLE_LP,NFL,2021,12,2021_NFL_W12_BUF_NO,NFL_NO,NFL_P_00-0030067,OL,,QUESTIONABLE,LP,Knee,2021-11-25,nflverse,,2026-09-07T05:45:02.885579+00:00,2021-11-25T00:00:00
NFL_NO_00-0027966_2021W12_QUESTIONABLE_LP,NFL,2021,12,2021_NFL_W12_BUF_NO,NFL_NO,NFL_P_00-0027966,RB,,QUESTIONABLE,LP,Knee,2021-11-25,nflverse,,2026-09-07T05:45:02.885579+00:00,2021-11-25T00:00:00
NFL_NYG_00-0029570_2021W12_NA_DNP,NFL,2021,12,2021_NFL_W12_PHI_NYG,NFL_NYG,NFL_P_00-0029570,S,,UNKNOWN,DNP,Knee,2021-11-27,nflverse,,2026-09-07T05:45:02.885579+00:00,2021-11-27T00:00:00
NFL_NYG_00-0033878_2021W12_NA_LP,NFL,2021,12,2021_NFL_W12_PHI_NYG,NFL_NYG,NFL_P_00-0033878,CB,,UNKNOWN,LP,Quadricep,2021-11-27,nflverse,,2026-09-07T05:45:02.885579+00:00,2021-11-27T00:00:00
NFL_NYG_00-0035304_2021W12_OUT_DNP,NFL,2021,12,2021_NFL_W12_PHI_NYG,NFL_NYG,NFL_P_00-0035304,RB,,OUT,DNP,Calf,2021-11-27,nflverse,,2026-09-07T05:45:02.885579+00:00,2021-11-27T00:00:00
NFL_NYG_00-0032385_2021W12_OUT_DNP,NFL,2021,12,2021_NFL_W12_PHI_NYG,NFL_NYG,NFL_P_00-0032385,WR,,OUT,DNP,Quadricep,2021-11-27,nflverse,,2026-09-07T05:45:02.885579+00:00,2021-11-27T00:00:00
NFL_NYG_00-0034988_2021W12_OUT_DNP,NFL,2021,12,2021_NFL_W12_PHI_NYG,NFL_NYG,NFL_P_00-0034988,TE,,OUT,DNP,Knee,2021-11-27,nflverse,,2026-09-07T05:45:02.885579+00:00,2021-11-27T00:00:00
NFL_NYG_00-0027981_2021W12_DOUBTFUL_DNP,NFL,2021,12,2021_NFL_W12_PHI_NYG,NFL_NYG,NFL_P_00-0027981,TE,,DOUBTFUL,DNP,Ankle,2021-11-27,nflverse,,2026-09-07T05:45:02.885579+00:00,2021-11-27T00:00:00
NFL_NYG_00-0036913_2021W12_DOUBTFUL_DNP,NFL,2021,12,2021_NFL_W12_PHI_NYG,NFL_NYG,NFL_P_00-0036913,WR,,DOUBTFUL,DNP,Quadricep,2021-11-27,nflverse,,2026-09-07T05:45:02.885579+00:00,2021-11-27T00:00:00
NFL_NYG_00-0034844_2021W12_QUESTIONABLE_LP,NFL,2021,12,2021_NFL_W12_PHI_NYG,NFL_NYG,NFL_P_00-0034844,RB,,QUESTIONABLE,LP,Ankle,2021-11-27,nflverse,,2026-09-07T05:45:02.885579+00:00,2021-11-27T00:00:00
NFL_NYG_00-0033460_2021W12_QUESTIONABLE_LP,NFL,2021,12,2021_NFL_W12_PHI_NYG,NFL_NYG,NFL_P_00-0033460,WR,,QUESTIONABLE,LP,Quadricep,2021-11-27,nflverse,,2026-09-07T05:45:02.885579+00:00,2021-11-27T00:00:00
NFL_NYJ_00-0036924_2021W12_OUT_DNP,NFL,2021,12,2021_NFL_W12_NYJ_HOU,NFL_NYJ,NFL_P_00-0036924,RB,,OUT,DNP,Ankle,2021-11-27,nflverse,,2026-09-07T05:45:02.885579+00:00,2021-11-27T00:00:00
NFL_NYJ_00-0033871_2021W12_QUESTIONABLE_LP,NFL,2021,12,2021_NFL_W12_NYJ_HOU,NFL_NYJ,NFL_P_00-0033871,WR,,QUESTIONABLE,LP,Groin,2021-11-27,nflverse,,2026-09-07T05:45:02.885579+00:00,2021-11-27T00:00:00
NFL_NYJ_00-0034275_2021W12_QUESTIONABLE_LP,NFL,2021,12,2021_NFL_W12_NYJ_HOU,NFL_NYJ,NFL_P_00-0034275,DL,,QUESTIONABLE,LP,Foot,2021-11-27,nflverse,,2026-09-07T05:45:02.885579+00:00,2021-11-27T00:00:00
NFL_NYJ_00-0034805_2021W12_QUESTIONABLE_LP,NFL,2021,12,2021_NFL_W12_NYJ_HOU,NFL_NYJ,NFL_P_00-0034805,EDGE,,QUESTIONABLE,LP,Hip,2021-11-27,nflverse,,2026-09-07T05:45:02.885579+00:00,2021-11-27T00:00:00
NFL_NYJ_00-0033096_2021W12_QUESTIONABLE_LP,NFL,2021,12,2021_NFL_W12_NYJ_HOU,NFL_NYJ,NFL_P_00-0033096,EDGE,,QUESTIONABLE,LP,Wrist,2021-11-27,nflverse,,2026-09-07T05:45:02.885579+00:00,2021-11-27T00:00:00
NFL_NYJ_00-0031296_2021W12_QUESTIONABLE_LP,NFL,2021,12,2021_NFL_W12_NYJ_HOU,NFL_NYJ,NFL_P_00-0031296,LB,,QUESTIONABLE,LP,Shoulder,2021-11-27,nflverse,,2026-09-07T05:45:02.885579+00:00,2021-11-27T00:00:00
NFL_NYJ_00-0034760_2021W12_QUESTIONABLE_LP,NFL,2021,12,2021_NFL_W12_NYJ_HOU,NFL_NYJ,NFL_P_00-0034760,DL,,QUESTIONABLE,LP,Elbow,2021-11-27,nflverse,,2026-09-07T05:45:02.885579+00:00,2021-11-27T00:00:00
NFL_PHI_00-0032780_2021W12_OUT_DNP,NFL,2021,12,2021_NFL_W12_PHI_NYG,NFL_PHI,NFL_P_00-0032780,RB,,OUT,DNP,Knee,2021-11-27,nflverse,,2026-09-07T05:45:02.885579+00:00,2021-11-27T00:00:00
NFL_PHI_00-0036897_2021W12_QUESTIONABLE_LP,NFL,2021,12,2021_NFL_W12_PHI_NYG,NFL_PHI,NFL_P_00-0036897,CB,,QUESTIONABLE,LP,Quadricep,2021-11-27,nflverse,,2026-09-07T05:45:02.885579+00:00,2021-11-27T00:00:00
NFL_PIT_00-0031387_2021W12_OUT_DNP,NFL,2021,12,2021_NFL_W12_PIT_CIN,NFL_PIT,NFL_P_00-0031387,TE,,OUT,DNP,Knee,2021-11-27,nflverse,,2026-09-07T05:45:02.885579+00:00,2021-11-27T00:00:00
NFL_PIT_00-0034142_2021W12_OUT_DNP,NFL,2021,12,2021_NFL_W12_PIT_CIN,NFL_PIT,NFL_P_00-0034142,OL,,OUT,DNP,Pectoral,2021-11-27,nflverse,,2026-09-07T05:45:02.885579+00:00,2021-11-27T00:00:00
NFL_PIT_00-0027860_2021W12_QUESTIONABLE_LP,NFL,2021,12,2021_NFL_W12_PIT_CIN,NFL_PIT,NFL_P_00-0027860,CB,,QUESTIONABLE,LP,Foot,2021-11-27,nflverse,,2026-09-07T05:45:02.885579+00:00,2021-11-27T00:00:00
NFL_SEA_00-0026166_2021W12_NA_DNP,NFL,2021,12,2021_NFL_W12_SEA_WAS,NFL_SEA,NFL_P_00-0026166,OL,,UNKNOWN,DNP,Not injury related - resting player,2021-11-29,nflverse,,2026-09-07T05:45:02.885579+00:00,2021-11-29T00:00:00
NFL_SEA_00-0027662_2021W12_NA_DNP,NFL,2021,12,2021_NFL_W12_SEA_WAS,NFL_SEA,NFL_P_00-0027662,LB,,UNKNOWN,DNP,Not injury related - resting player,2021-11-29,nflverse,,2026-09-07T05:45:02.885579+00:00,2021-11-29T00:00:00
NFL_SEA_00-0031367_2021W12_NA_DNP,NFL,2021,12,2021_NFL_W12_SEA_WAS,NFL_SEA,NFL_P_00-0031367,OL,,UNKNOWN,DNP,Not injury related - resting player,2021-11-29,nflverse,,2026-09-07T05:45:02.885579+00:00,2021-11-29T00:00:00
NFL_SEA_00-0032426_2021W12_NA_LP,NFL,2021,12,2021_NFL_W12_SEA_WAS,NFL_SEA,NFL_P_00-0032426,RB,,UNKNOWN,LP,Abdomen,2021-11-29,nflverse,,2026-09-07T05:45:02.885579+00:00,2021-11-29T00:00:00
NFL_SEA_00-0035640_2021W12_NA_LP,NFL,2021,12,2021_NFL_W12_SEA_WAS,NFL_SEA,NFL_P_00-0035640,WR,,UNKNOWN,LP,Foot,2021-11-29,nflverse,,2026-09-07T05:45:02.885579+00:00,2021-11-29T00:00:00
NFL_SEA_00-0032420_2021W12_NA_LP,NFL,2021,12,2021_NFL_W12_SEA_WAS,NFL_SEA,NFL_P_00-0032420,OL,,UNKNOWN,LP,Shoulder,2021-11-29,nflverse,,2026-09-07T05:45:02.885579+00:00,2021-11-29T00:00:00
NFL_SEA_00-0036885_2021W12_OUT_DNP,NFL,2021,12,2021_NFL_W12_SEA_WAS,NFL_SEA,NFL_P_00-0036885,CB,,OUT,DNP,Knee,2021-11-29,nflverse,,2026-09-07T05:45:02.885579+00:00,2021-11-29T00:00:00
NFL_SEA_00-0035594_2021W12_OUT_DNP,NFL,2021,12,2021_NFL_W12_SEA_WAS,NFL_SEA,NFL_P_00-0035594,RB,,OUT,DNP,Calf,2021-11-29,nflverse,,2026-09-07T05:45:02.885579+00:00,2021-11-29T00:00:00
NFL_SEA_00-0034729_2021W12_OUT_DNP,NFL,2021,12,2021_NFL_W12_SEA_WAS,NFL_SEA,NFL_P_00-0034729,OL,,OUT,DNP,Back,2021-11-29,nflverse,,2026-09-07T05:45:02.885579+00:00,2021-11-29T00:00:00
NFL_SEA_00-0036417_2021W12_OUT_DNP,NFL,2021,12,2021_NFL_W12_SEA_WAS,NFL_SEA,NFL_P_00-0036417,OL,,OUT,DNP,Elbow,2021-11-29,nflverse,,2026-09-07T05:45:02.885579+00:00,2021-11-29T00:00:00
NFL_SEA_00-0034750_2021W12_OUT_DNP,NFL,2021,12,2021_NFL_W12_SEA_WAS,NFL_SEA,NFL_P_00-0034750,RB,,OUT,DNP,Hamstring,2021-11-29,nflverse,,2026-09-07T05:45:02.885579+00:00,2021-11-29T00:00:00
NFL_SF_00-0035806_2021W12_OUT_DNP,NFL,2021,12,2021_NFL_W12_MIN_SF,NFL_SF,NFL_P_00-0035806,RB,,OUT,DNP,Ankle,2021-11-27,nflverse,,2026-09-07T05:45:02.885579+00:00,2021-11-27T00:00:00
NFL_SF_00-0034746_2021W12_DOUBTFUL_LP,NFL,2021,12,2021_NFL_W12_MIN_SF,NFL_SF,NFL_P_00-0034746,DL,,DOUBTFUL,LP,Calf,2021-11-27,nflverse,,2026-09-07T05:45:02.885579+00:00,2021-11-27T00:00:00
NFL_SF_00-0036567_2021W12_QUESTIONABLE_LP,NFL,2021,12,2021_NFL_W12_MIN_SF,NFL_SF,NFL_P_00-0036567,RB,,QUESTIONABLE,LP,Rib,2021-11-27,nflverse,,2026-09-07T05:45:02.885579+00:00,2021-11-27T00:00:00
NFL_TB_00-0027656_2021W12_NA_DNP,NFL,2021,12,2021_NFL_W12_TB_IND,NFL_TB,NFL_P_00-0027656,TE,,UNKNOWN,DNP,Back,2021-11-27,nflverse,,2026-09-07T05:45:02.885579+00:00,2021-11-27T00:00:00
NFL_TB_00-0026564_2021W12_NA_DNP,NFL,2021,12,2021_NFL_W12_TB_IND,NFL_TB,NFL_P_00-0026564,DL,,UNKNOWN,DNP,Not injury related - resting player,2021-11-27,nflverse,,2026-09-07T05:45:02.885579+00:00,2021-11-27T00:00:00
NFL_TB_00-0027855_2021W12_NA_DNP,NFL,2021,12,2021_NFL_W12_TB_IND,NFL_TB,NFL_P_00-0027855,DL,,UNKNOWN,DNP,Not injury related - resting player,2021-11-27,nflverse,,2026-09-07T05:45:02.885579+00:00,2021-11-27T00:00:00
NFL_TB_00-0027793_2021W12_OUT_DNP,NFL,2021,12,2021_NFL_W12_TB_IND,NFL_TB,NFL_P_00-0027793,WR,,OUT,DNP,Ankle,2021-11-27,nflverse,,2026-09-07T05:45:02.885579+00:00,2021-11-27T00:00:00
NFL_TB_00-0032243_2021W12_DOUBTFUL_DNP,NFL,2021,12,2021_NFL_W12_TB_IND,NFL_TB,NFL_P_00-0032243,OL,,DOUBTFUL,DNP,Abdomen,2021-11-27,nflverse,,2026-09-07T05:45:02.885579+00:00,2021-11-27T00:00:00
NFL_TB_00-0034773_2021W12_QUESTIONABLE_LP,NFL,2021,12,2021_NFL_W12_TB_IND,NFL_TB,NFL_P_00-0034773,DL,,QUESTIONABLE,LP,Knee,2021-11-27,nflverse,,2026-09-07T05:45:02.885579+00:00,2021-11-27T00:00:00
NFL_TB_00-0035707_2021W12_QUESTIONABLE_LP,NFL,2021,12,2021_NFL_W12_TB_IND,NFL_TB,NFL_P_00-0035707,LB,,QUESTIONABLE,LP,Quadricep,2021-11-27,nflverse,,2026-09-07T05:45:02.885579+00:00,2021-11-27T00:00:00
NFL_TEN_00-0031254_2021W12_NA_DNP,NFL,2021,12,2021_NFL_W12_TEN_NE,NFL_TEN,NFL_P_00-0031254,EDGE,,UNKNOWN,DNP,Illness,2021-11-27,nflverse,,2026-09-07T05:45:02.885579+00:00,2021-11-27T00:00:00
NFL_TEN_00-0034438_2021W12_NA_DNP,NFL,2021,12,2021_NFL_W12_TEN_NE,NFL_TEN,NFL_P_00-0034438,QB,,UNKNOWN,DNP,Illness,2021-11-27,nflverse,,2026-09-07T05:45:02.885579+00:00,2021-11-27T00:00:00
NFL_TEN_00-0033925_2021W12_NA_LP,NFL,2021,12,2021_NFL_W12_TEN_NE,NFL_TEN,NFL_P_00-0033925,RB,,UNKNOWN,LP,Triceps,2021-11-27,nflverse,,2026-09-07T05:45:02.885579+00:00,2021-11-27T00:00:00
NFL_TEN_00-0029681_2021W12_NA_LP,NFL,2021,12,2021_NFL_W12_TEN_NE,NFL_TEN,NFL_P_00-0029681,CB,,UNKNOWN,LP,Chest,2021-11-27,nflverse,,2026-09-07T05:45:02.885579+00:00,2021-11-27T00:00:00
NFL_TEN_00-0034828_2021W12_NA_LP,NFL,2021,12,2021_NFL_W12_TEN_NE,NFL_TEN,NFL_P_00-0034828,LB,,UNKNOWN,LP,Hamstring,2021-11-27,nflverse,,2026-09-07T05:45:02.885579+00:00,2021-11-27T00:00:00
NFL_TEN_00-0035676_2021W12_OUT_DNP,NFL,2021,12,2021_NFL_W12_TEN_NE,NFL_TEN,NFL_P_00-0035676,WR,,OUT,DNP,Chest,2021-11-27,nflverse,,2026-09-07T05:45:02.885579+00:00,2021-11-27T00:00:00
NFL_TEN_00-0035649_2021W12_OUT_DNP,NFL,2021,12,2021_NFL_W12_TEN_NE,NFL_TEN,NFL_P_00-0035649,OL,,OUT,DNP,Concussion,2021-11-27,nflverse,,2026-09-07T05:45:02.885579+00:00,2021-11-27T00:00:00
NFL_TEN_00-0034743_2021W12_OUT_DNP,NFL,2021,12,2021_NFL_W12_TEN_NE,NFL_TEN,NFL_P_00-0034743,LB,,OUT,DNP,Ankle,2021-11-27,nflverse,,2026-09-07T05:45:02.885579+00:00,2021-11-27T00:00:00
NFL_TEN_00-0035292_2021W12_OUT_DNP,NFL,2021,12,2021_NFL_W12_TEN_NE,NFL_TEN,NFL_P_00-0035292,LB,,OUT,DNP,Hamstring,2021-11-27,nflverse,,2026-09-07T05:45:02.885579+00:00,2021-11-27T00:00:00
NFL_TEN_00-0033955_2021W12_OUT_DNP,NFL,2021,12,2021_NFL_W12_TEN_NE,NFL_TEN,NFL_P_00-0033955,RB,,OUT,DNP,Concussion,2021-11-27,nflverse,,2026-09-07T05:45:02.885579+00:00,2021-11-27T00:00:00
NFL_TEN_00-0036181_2021W12_OUT_DNP,NFL,2021,12,2021_NFL_W12_TEN_NE,NFL_TEN,NFL_P_00-0036181,DL,,OUT,DNP,Ankle,2021-11-27,nflverse,,2026-09-07T05:45:02.885579+00:00,2021-11-27T00:00:00
NFL_TEN_00-0032141_2021W12_QUESTIONABLE_FP,NFL,2021,12,2021_NFL_W12_TEN_NE,NFL_TEN,NFL_P_00-0032141,TE,,QUESTIONABLE,FP,Concussion,2021-11-27,nflverse,,2026-09-07T05:45:02.885579+00:00,2021-11-27T00:00:00
NFL_TEN_00-0034204_2021W12_QUESTIONABLE_LP,NFL,2021,12,2021_NFL_W12_TEN_NE,NFL_TEN,NFL_P_00-0034204,LB,,QUESTIONABLE,LP,Hamstring,2021-11-27,nflverse,,2026-09-07T05:45:02.885579+00:00,2021-11-27T00:00:00
NFL_TEN_00-0033954_2021W12_QUESTIONABLE_LP,NFL,2021,12,2021_NFL_W12_TEN_NE,NFL_TEN,NFL_P_00-0033954,LB,,QUESTIONABLE,LP,Quadricep,2021-11-27,nflverse,,2026-09-07T05:45:02.885579+00:00,2021-11-27T00:00:00
NFL_TEN_00-0033430_2021W12_QUESTIONABLE_LP,NFL,2021,12,2021_NFL_W12_TEN_NE,NFL_TEN,NFL_P_00-0033430,CB,,QUESTIONABLE,LP,Ankle,2021-11-27,nflverse,,2026-09-07T05:45:02.885579+00:00,2021-11-27T00:00:00
NFL_TEN_00-0036992_2021W12_QUESTIONABLE_LP,NFL,2021,12,2021_NFL_W12_TEN_NE,NFL_TEN,NFL_P_00-0036992,CB,,QUESTIONABLE,LP,Groin,2021-11-27,nflverse,,2026-09-07T05:45:02.885579+00:00,2021-11-27T00:00:00
NFL_WAS_00-0036328_2021W12_NA_LP,NFL,2021,12,2021_NFL_W12_SEA_WAS,NFL_WAS,NFL_P_00-0036328,RB,,UNKNOWN,LP,Shin,2021-11-29,nflverse,,2026-09-07T05:45:02.885579+00:00,2021-11-29T00:00:00
NFL_WAS_00-0032053_2021W12_NA_LP,NFL,2021,12,2021_NFL_W12_SEA_WAS,NFL_WAS,NFL_P_00-0032053,OL,,UNKNOWN,LP,Knee,2021-11-29,nflverse,,2026-09-07T05:45:02.885579+00:00,2021-11-29T00:00:00
NFL_WAS_00-0036618_2021W12_OUT_DNP,NFL,2021,12,2021_NFL_W12_SEA_WAS,NFL_WAS,NFL_P_00-0036618,OL,,OUT,DNP,Hip,2021-11-29,nflverse,,2026-09-07T05:45:02.885579+00:00,2021-11-29T00:00:00
NFL_WAS_00-0030869_2021W12_OUT_DNP,NFL,2021,12,2021_NFL_W12_SEA_WAS,NFL_WAS,NFL_P_00-0030869,OL,,OUT,DNP,Knee,2021-11-29,nflverse,,2026-09-07T05:45:02.885579+00:00,2021-11-29T00:00:00
NFL_WAS_00-0033611_2021W12_DOUBTFUL_DNP,NFL,2021,12,2021_NFL_W12_SEA_WAS,NFL_WAS,NFL_P_00-0033611,TE,,DOUBTFUL,DNP,Hip,2021-11-29,nflverse,,2026-09-07T05:45:02.885579+00:00,2021-11-29T00:00:00
NFL_WAS_00-0032009_2021W12_QUESTIONABLE_LP,NFL,2021,12,2021_NFL_W12_SEA_WAS,NFL_WAS,NFL_P_00-0032009,WR,,QUESTIONABLE,LP,Hip,2021-11-29,nflverse,,2026-09-07T05:45:02.885579+00:00,2021-11-29T00:00:00
NFL_WAS_00-0033282_2021W12_QUESTIONABLE_LP,NFL,2021,12,2021_NFL_W12_SEA_WAS,NFL_WAS,NFL_P_00-0033282,WR,,QUESTIONABLE,LP,Groin,2021-11-29,nflverse,,2026-09-07T05:45:02.885579+00:00,2021-11-29T00:00:00
NFL_ARI_00-0029316_2021W13_NA_DNP,NFL,2021,13,2021_NFL_W13_ARI_CHI,NFL_ARI,NFL_P_00-0029316,OL,,UNKNOWN,DNP,Not injury related - resting player,2021-12-04,nflverse,,2026-09-07T05:45:02.885579+00:00,2021-12-04T00:00:00
NFL_ARI_00-0027993_2021W13_NA_DNP,NFL,2021,13,2021_NFL_W13_ARI_CHI,NFL_ARI,NFL_P_00-0027993,OL,,UNKNOWN,DNP,Not injury related - resting player,2021-12-04,nflverse,,2026-09-07T05:45:02.885579+00:00,2021-12-04T00:00:00
NFL_ARI_00-0036889_2021W13_OUT_DNP,NFL,2021,13,2021_NFL_W13_ARI_CHI,NFL_ARI,NFL_P_00-0036889,S,,OUT,DNP,Knee,2021-12-04,nflverse,,2026-09-07T05:45:02.885579+00:00,2021-12-04T00:00:00
NFL_ARI_00-0030564_2021W13_QUESTIONABLE_DNP,NFL,2021,13,2021_NFL_W13_ARI_CHI,NFL_ARI,NFL_P_00-0030564,WR,,QUESTIONABLE,DNP,Hamstring,2021-12-04,nflverse,,2026-09-07T05:45:02.885579+00:00,2021-12-04T00:00:00
NFL_ARI_00-0030585_2021W13_QUESTIONABLE_DNP,NFL,2021,13,2021_NFL_W13_ARI_CHI,NFL_ARI,NFL_P_00-0030585,OL,,QUESTIONABLE,DNP,Calf,2021-12-04,nflverse,,2026-09-07T05:45:02.885579+00:00,2021-12-04T00:00:00
NFL_ARI_00-0035236_2021W13_QUESTIONABLE_LP,NFL,2021,13,2021_NFL_W13_ARI_CHI,NFL_ARI,NFL_P_00-0035236,CB,,QUESTIONABLE,LP,Foot,2021-12-04,nflverse,,2026-09-07T05:45:02.885579+00:00,2021-12-04T00:00:00
NFL_ARI_00-0035228_2021W13_QUESTIONABLE_LP,NFL,2021,13,2021_NFL_W13_ARI_CHI,NFL_ARI,NFL_P_00-0035228,QB,,QUESTIONABLE,LP,Ankle,2021-12-04,nflverse,,2026-09-07T05:45:02.885579+00:00,2021-12-04T00:00:00
NFL_ATL_00-0031583_2021W13_NA_DNP,NFL,2021,13,2021_NFL_W13_TB_ATL,NFL_ATL,NFL_P_00-0031583,DL,,UNKNOWN,DNP,Not injury related - resting player,2021-12-04,nflverse,,2026-09-07T05:45:02.885579+00:00,2021-12-04T00:00:00
NFL_ATL_00-0030578_2021W13_NA_DNP,NFL,2021,13,2021_NFL_W13_TB_ATL,NFL_ATL,NFL_P_00-0030578,RB,,UNKNOWN,DNP,Not injury related - resting player,2021-12-04,nflverse,,2026-09-07T05:45:02.885579+00:00,2021-12-04T00:00:00
NFL_ATL_00-0028097_2021W13_NA_DNP,NFL,2021,13,2021_NFL_W13_TB_ATL,NFL_ATL,NFL_P_00-0028097,TE,,UNKNOWN,DNP,Not injury related - resting player,2021-12-04,nflverse,,2026-09-07T05:45:02.885579+00:00,2021-12-04T00:00:00
NFL_ATL_00-0033093_2021W13_OUT_DNP,NFL,2021,13,2021_NFL_W13_TB_ATL,NFL_ATL,NFL_P_00-0033093,EDGE,,OUT,DNP,Ankle,2021-12-04,nflverse,,2026-09-07T05:45:02.885579+00:00,2021-12-04T00:00:00
NFL_BAL_00-0026190_2021W13_NA_DNP,NFL,2021,13,2021_NFL_W13_BAL_PIT,NFL_BAL,NFL_P_00-0026190,EDGE,,UNKNOWN,DNP,Concussion,2021-12-04,nflverse,,2026-09-07T05:45:02.885579+00:00,2021-12-04T00:00:00
NFL_BAL_00-0028008_2021W13_NA_DNP,NFL,2021,13,2021_NFL_W13_BAL_PIT,NFL_BAL,NFL_P_00-0028008,LB,,UNKNOWN,DNP,Not injury related - resting player,2021-12-04,nflverse,,2026-09-07T05:45:02.885579+00:00,2021-12-04T00:00:00
NFL_BAL_00-0030648_2021W13_NA_DNP,NFL,2021,13,2021_NFL_W13_BAL_PIT,NFL_BAL,NFL_P_00-0030648,OL,,UNKNOWN,DNP,Not injury related - resting player,2021-12-04,nflverse,,2026-09-07T05:45:02.885579+00:00,2021-12-04T00:00:00
NFL_BAL_00-0030511_2021W13_NA_DNP,NFL,2021,13,2021_NFL_W13_BAL_PIT,NFL_BAL,NFL_P_00-0030511,DL,,UNKNOWN,DNP,Not injury related - resting player,2021-12-04,nflverse,,2026-09-07T05:45:02.885579+00:00,2021-12-04T00:00:00
NFL_BAL_00-0032233_2021W13_OUT_DNP,NFL,2021,13,2021_NFL_W13_BAL_PIT,NFL_BAL,NFL_P_00-0032233,OL,,OUT,DNP,Thigh,2021-12-04,nflverse,,2026-09-07T05:45:02.885579+00:00,2021-12-04T00:00:00
NFL_BAL_00-0035703_2021W13_DOUBTFUL_LP,NFL,2021,13,2021_NFL_W13_BAL_PIT,NFL_BAL,NFL_P_00-0035703,WR,,DOUBTFUL,LP,Finger,2021-12-04,nflverse,,2026-09-07T05:45:02.885579+00:00,2021-12-04T00:00:00
NFL_BAL_00-0031598_2021W13_QUESTIONABLE_DNP,NFL,2021,13,2021_NFL_W13_BAL_PIT,NFL_BAL,NFL_P_00-0031598,TE,,QUESTIONABLE,DNP,Knee,2021-12-04,nflverse,,2026-09-07T05:45:02.885579+00:00,2021-12-04T00:00:00
NFL_BAL_00-0035651_2021W13_QUESTIONABLE_DNP,NFL,2021,13,2021_NFL_W13_BAL_PIT,NFL_BAL,NFL_P_00-0035651,LB,,QUESTIONABLE,DNP,Illness,2021-12-04,nflverse,,2026-09-07T05:45:02.885579+00:00,2021-12-04T00:00:00
NFL_BAL_00-0033281_2021W13_QUESTIONABLE_DNP,NFL,2021,13,2021_NFL_W13_BAL_PIT,NFL_BAL,NFL_P_00-0033281,CB,,QUESTIONABLE,DNP,Illness,2021-12-04,nflverse,,2026-09-07T05:45:02.885579+00:00,2021-12-04T00:00:00
NFL_BAL_00-0027965_2021W13_QUESTIONABLE_DNP,NFL,2021,13,2021_NFL_W13_BAL_PIT,NFL_BAL,NFL_P_00-0027965,CB,,QUESTIONABLE,DNP,Neck,2021-12-04,nflverse,,2026-09-07T05:45:02.885579+00:00,2021-12-04T00:00:00
NFL_BAL_00-0032770_2021W13_QUESTIONABLE_DNP,NFL,2021,13,2021_NFL_W13_BAL_PIT,NFL_BAL,NFL_P_00-0032770,CB,,QUESTIONABLE,DNP,Illness,2021-12-04,nflverse,,2026-09-07T05:45:02.885579+00:00,2021-12-04T00:00:00
NFL_BAL_00-0035112_2021W13_QUESTIONABLE_FP,NFL,2021,13,2021_NFL_W13_BAL_PIT,NFL_BAL,NFL_P_00-0035112,OL,,QUESTIONABLE,FP,Ankle,2021-12-04,nflverse,,2026-09-07T05:45:02.885579+00:00,2021-12-04T00:00:00
NFL_BAL_00-0036323_2021W13_QUESTIONABLE_FP,NFL,2021,13,2021_NFL_W13_BAL_PIT,NFL_BAL,NFL_P_00-0036323,LB,,QUESTIONABLE,FP,Ribs,2021-12-04,nflverse,,2026-09-07T05:45:02.885579+00:00,2021-12-04T00:00:00
NFL_BAL_00-0033376_2021W13_QUESTIONABLE_FP,NFL,2021,13,2021_NFL_W13_BAL_PIT,NFL_BAL,NFL_P_00-0033376,RB,,QUESTIONABLE,FP,Foot,2021-12-04,nflverse,,2026-09-07T05:45:02.885579+00:00,2021-12-04T00:00:00
NFL_BAL_00-0034265_2021W13_QUESTIONABLE_LP,NFL,2021,13,2021_NFL_W13_BAL_PIT,NFL_BAL,NFL_P_00-0034265,CB,,QUESTIONABLE,LP,Shoulder,2021-12-04,nflverse,,2026-09-07T05:45:02.885579+00:00,2021-12-04T00:00:00
NFL_BAL_00-0036940_2021W13_QUESTIONABLE_LP,NFL,2021,13,2021_NFL_W13_BAL_PIT,NFL_BAL,NFL_P_00-0036940,LB,,QUESTIONABLE,LP,Shoulder,2021-12-04,nflverse,,2026-09-07T05:45:02.885579+00:00,2021-12-04T00:00:00
NFL_BAL_00-0035422_2021W13_QUESTIONABLE_LP,NFL,2021,13,2021_NFL_W13_BAL_PIT,NFL_BAL,NFL_P_00-0035422,CB,,QUESTIONABLE,LP,Thigh,2021-12-04,nflverse,,2026-09-07T05:45:02.885579+00:00,2021-12-04T00:00:00
NFL_BUF_00-0029000_2021W13_NA_DNP,NFL,2021,13,2021_NFL_W13_NE_BUF,NFL_BUF,NFL_P_00-0029000,WR,,UNKNOWN,DNP,Not injury related - resting player,2021-12-06,nflverse,,2026-09-07T05:45:02.885579+00:00,2021-12-06T00:00:00
NFL_BUF_00-0031588_2021W13_NA_DNP,NFL,2021,13,2021_NFL_W13_NE_BUF,NFL_BUF,NFL_P_00-0031588,WR,,UNKNOWN,DNP,Not injury related - resting player,2021-12-06,nflverse,,2026-09-07T05:45:02.885579+00:00,2021-12-06T00:00:00
NFL_BUF_00-0027685_2021W13_NA_DNP,NFL,2021,13,2021_NFL_W13_NE_BUF,NFL_BUF,NFL_P_00-0027685,WR,,UNKNOWN,DNP,Not injury related - resting player,2021-12-06,nflverse,,2026-09-07T05:45:02.885579+00:00,2021-12-06T00:00:00
NFL_BUF_00-0035238_2021W13_QUESTIONABLE_FP,NFL,2021,13,2021_NFL_W13_NE_BUF,NFL_BUF,NFL_P_00-0035238,OL,,QUESTIONABLE,FP,Biceps,2021-12-06,nflverse,,2026-09-07T05:45:02.885579+00:00,2021-12-06T00:00:00
NFL_BUF_00-0031500_2021W13_QUESTIONABLE_FP,NFL,2021,13,2021_NFL_W13_NE_BUF,NFL_BUF,NFL_P_00-0031500,EDGE,,QUESTIONABLE,FP,Hip,2021-12-06,nflverse,,2026-09-07T05:45:02.885579+00:00,2021-12-06T00:00:00
NFL_BUF_00-0036187_2021W13_QUESTIONABLE_LP,NFL,2021,13,2021_NFL_W13_NE_BUF,NFL_BUF,NFL_P_00-0036187,RB,,QUESTIONABLE,LP,Ankle,2021-12-06,nflverse,,2026-09-07T05:45:02.885579+00:00,2021-12-06T00:00:00
NFL_CHI_00-0032265_2021W13_OUT_DNP,NFL,2021,13,2021_NFL_W13_ARI_CHI,NFL_CHI,NFL_P_00-0032265,DL,,OUT,DNP,Ribs,2021-12-04,nflverse,,2026-09-07T05:45:02.885579+00:00,2021-12-04T00:00:00
NFL_CHI_00-0030068_2021W13_OUT_DNP,NFL,2021,13,2021_NFL_W13_ARI_CHI,NFL_CHI,NFL_P_00-0030068,WR,,OUT,DNP,Foot,2021-12-04,nflverse,,2026-09-07T05:45:02.885579+00:00,2021-12-04T00:00:00
NFL_CHI_00-0029657_2021W13_OUT_DNP,NFL,2021,13,2021_NFL_W13_ARI_CHI,NFL_CHI,NFL_P_00-0029657,DL,,OUT,DNP,Ankle,2021-12-04,nflverse,,2026-09-07T05:45:02.885579+00:00,2021-12-04T00:00:00
NFL_CHI_00-0030874_2021W13_OUT_DNP,NFL,2021,13,2021_NFL_W13_ARI_CHI,NFL_CHI,NFL_P_00-0030874,RB,,OUT,DNP,Calf,2021-12-04,nflverse,,2026-09-07T05:45:02.885579+00:00,2021-12-04T00:00:00
NFL_CHI_00-0031428_2021W13_DOUBTFUL_DNP,NFL,2021,13,2021_NFL_W13_ARI_CHI,NFL_CHI,NFL_P_00-0031428,WR,,DOUBTFUL,DNP,Hamstring,2021-12-04,nflverse,,2026-09-07T05:45:02.885579+00:00,2021-12-04T00:00:00
NFL_CHI_00-0036945_2021W13_DOUBTFUL_LP,NFL,2021,13,2021_NFL_W13_ARI_CHI,NFL_CHI,NFL_P_00-0036945,QB,,DOUBTFUL,LP,Ribs,2021-12-04,nflverse,,2026-09-07T05:45:02.885579+00:00,2021-12-04T00:00:00
NFL_CHI_00-0034874_2021W13_QUESTIONABLE_LP,NFL,2021,13,2021_NFL_W13_ARI_CHI,NFL_CHI,NFL_P_00-0034874,LB,,QUESTIONABLE,LP,Hamstring,2021-12-04,nflverse,,2026-09-07T05:45:02.885579+00:00,2021-12-04T00:00:00
NFL_CIN_00-0036857_2021W13_DOUBTFUL_DNP,NFL,2021,13,2021_NFL_W13_LAC_CIN,NFL_CIN,NFL_P_00-0036857,RB,,DOUBTFUL,DNP,Ankle,2021-12-04,nflverse,,2026-09-07T05:45:02.885579+00:00,2021-12-04T00:00:00
NFL_CIN_00-0036341_2021W13_DOUBTFUL_DNP,NFL,2021,13,2021_NFL_W13_LAC_CIN,NFL_CIN,NFL_P_00-0036341,EDGE,,DOUBTFUL,DNP,Illness,2021-12-04,nflverse,,2026-09-07T05:45:02.885579+00:00,2021-12-04T00:00:00
NFL_CIN_00-0034686_2021W13_DOUBTFUL_DNP,NFL,2021,13,2021_NFL_W13_LAC_CIN,NFL_CIN,NFL_P_00-0034686,WR,,DOUBTFUL,DNP,Calf,2021-12-04,nflverse,,2026-09-07T05:45:02.885579+00:00,2021-12-04T00:00:00
NFL_CIN_00-0033114_2021W13_DOUBTFUL_DNP,NFL,2021,13,2021_NFL_W13_LAC_CIN,NFL_CIN,NFL_P_00-0033114,WR,,DOUBTFUL,DNP,Illness,2021-12-04,nflverse,,2026-09-07T05:45:02.885579+00:00,2021-12-04T00:00:00
NFL_CIN_00-0030781_2021W13_QUESTIONABLE_DNP,NFL,2021,13,2021_NFL_W13_LAC_CIN,NFL_CIN,NFL_P_00-0030781,OL,,QUESTIONABLE,DNP,Ankle,2021-12-04,nflverse,,2026-09-07T05:45:02.885579+00:00,2021-12-04T00:00:00
NFL_CIN_00-0029672_2021W13_QUESTIONABLE_DNP,NFL,2021,13,2021_NFL_W13_LAC_CIN,NFL_CIN,NFL_P_00-0029672,OL,,QUESTIONABLE,DNP,Ankle,2021-12-04,nflverse,,2026-09-07T05:45:02.885579+00:00,2021-12-04T00:00:00
NFL_DAL_00-0034418_2021W13_OUT_DNP,NFL,2021,13,2021_NFL_W13_DAL_NO,NFL_DAL,NFL_P_00-0034418,WR,,OUT,DNP,Ankle,2021-12-02,nflverse,,2026-09-07T05:45:02.885579+00:00,2021-12-02T00:00:00
NFL_DAL_00-0034867_2021W13_QUESTIONABLE_DNP,NFL,2021,13,2021_NFL_W13_DAL_NO,NFL_DAL,NFL_P_00-0034867,WR,,QUESTIONABLE,DNP,Illness,2021-12-02,nflverse,,2026-09-07T05:45:02.885579+00:00,2021-12-02T00:00:00
NFL_DAL_00-0031544_2021W13_QUESTIONABLE_LP,NFL,2021,13,2021_NFL_W13_DAL_NO,NFL_DAL,NFL_P_00-0031544,WR,,QUESTIONABLE,LP,Reserve/COVID activation,2021-12-02,nflverse,,2026-09-07T05:45:02.885579+00:00,2021-12-02T00:00:00
NFL_DEN_00-0034957_2021W13_NA_DNP,NFL,2021,13,2021_NFL_W13_DEN_KC,NFL_DEN,NFL_P_00-0034957,OL,,UNKNOWN,DNP,Ankle,2021-12-05,nflverse,,2026-09-07T05:45:02.885579+00:00,2021-12-05T00:00:00
NFL_DEN_00-0032144_2021W13_DOUBTFUL_DNP,NFL,2021,13,2021_NFL_W13_DEN_KC,NFL_DEN,NFL_P_00-0032144,RB,,DOUBTFUL,DNP,Shoulder,2021-12-05,nflverse,,2026-09-07T05:45:02.885579+00:00,2021-12-05T00:00:00
NFL_DEN_00-0033538_2021W13_QUESTIONABLE_FP,NFL,2021,13,2021_NFL_W13_DEN_KC,NFL_DEN,NFL_P_00-0033538,OL,,QUESTIONABLE,FP,Ankle,2021-12-05,nflverse,,2026-09-07T05:45:02.885579+00:00,2021-12-05T00:00:00
NFL_DEN_00-0036952_2021W13_QUESTIONABLE_LP,NFL,2021,13,2021_NFL_W13_DEN_KC,NFL_DEN,NFL_P_00-0036952,LB,,QUESTIONABLE,LP,Neck,2021-12-05,nflverse,,2026-09-07T05:45:02.885579+00:00,2021-12-05T00:00:00
NFL_DEN_00-0033568_2021W13_QUESTIONABLE_LP,NFL,2021,13,2021_NFL_W13_DEN_KC,NFL_DEN,NFL_P_00-0033568,CB,,QUESTIONABLE,LP,Hip,2021-12-05,nflverse,,2026-09-07T05:45:02.885579+00:00,2021-12-05T00:00:00
NFL_DEN_00-0031270_2021W13_QUESTIONABLE_LP,NFL,2021,13,2021_NFL_W13_DEN_KC,NFL_DEN,NFL_P_00-0031270,EDGE,,QUESTIONABLE,LP,Ankle,2021-12-05,nflverse,,2026-09-07T05:45:02.885579+00:00,2021-12-05T00:00:00
NFL_DEN_00-0029528_2021W13_QUESTIONABLE_LP,NFL,2021,13,2021_NFL_W13_DEN_KC,NFL_DEN,NFL_P_00-0029528,OL,,QUESTIONABLE,LP,Ankle,2021-12-05,nflverse,,2026-09-07T05:45:02.885579+00:00,2021-12-05T00:00:00
NFL_DEN_00-0037001_2021W13_QUESTIONABLE_LP,NFL,2021,13,2021_NFL_W13_DEN_KC,NFL_DEN,NFL_P_00-0037001,OL,,QUESTIONABLE,LP,Knee,2021-12-05,nflverse,,2026-09-07T05:45:02.885579+00:00,2021-12-05T00:00:00
NFL_DEN_00-0035702_2021W13_QUESTIONABLE_LP,NFL,2021,13,2021_NFL_W13_DEN_KC,NFL_DEN,NFL_P_00-0035702,OL,,QUESTIONABLE,LP,Back,2021-12-05,nflverse,,2026-09-07T05:45:02.885579+00:00,2021-12-05T00:00:00
NFL_DET_00-0031566_2021W13_OUT_DNP,NFL,2021,13,2021_NFL_W13_MIN_DET,NFL_DET,NFL_P_00-0031566,LB,,OUT,DNP,Knee,2021-12-04,nflverse,,2026-09-07T05:45:02.885579+00:00,2021-12-04T00:00:00
NFL_DET_00-0036011_2021W13_OUT_DNP,NFL,2021,13,2021_NFL_W13_MIN_DET,NFL_DET,NFL_P_00-0036011,CB,,OUT,DNP,Shoulder,2021-12-04,nflverse,,2026-09-07T05:45:02.885579+00:00,2021-12-04T00:00:00
NFL_DET_00-0033557_2021W13_OUT_DNP,NFL,2021,13,2021_NFL_W13_MIN_DET,NFL_DET,NFL_P_00-0033557,LB,,OUT,DNP,Shoulder,2021-12-04,nflverse,,2026-09-07T05:45:02.885579+00:00,2021-12-04T00:00:00
NFL_DET_00-0036275_2021W13_OUT_DNP,NFL,2021,13,2021_NFL_W13_MIN_DET,NFL_DET,NFL_P_00-0036275,RB,,OUT,DNP,Shoulder,2021-12-04,nflverse,,2026-09-07T05:45:02.885579+00:00,2021-12-04T00:00:00
NFL_DET_00-0036238_2021W13_QUESTIONABLE_NA,NFL,2021,13,2021_NFL_W13_MIN_DET,NFL_DET,NFL_P_00-0036238,DL,,QUESTIONABLE,,Illness,2021-12-04,nflverse,,2026-09-07T05:45:02.885579+00:00,2021-12-04T00:00:00
NFL_DET_00-0029630_2021W13_QUESTIONABLE_LP,NFL,2021,13,2021_NFL_W13_MIN_DET,NFL_DET,NFL_P_00-0029630,EDGE,,QUESTIONABLE,LP,Knee,2021-12-04,nflverse,,2026-09-07T05:45:02.885579+00:00,2021-12-04T00:00:00
NFL_DET_00-0035328_2021W13_QUESTIONABLE_LP,NFL,2021,13,2021_NFL_W13_MIN_DET,NFL_DET,NFL_P_00-0035328,OL,,QUESTIONABLE,LP,Ankle,2021-12-04,nflverse,,2026-09-07T05:45:02.885579+00:00,2021-12-04T00:00:00
NFL_DET_00-0036880_2021W13_QUESTIONABLE_LP,NFL,2021,13,2021_NFL_W13_MIN_DET,NFL_DET,NFL_P_00-0036880,OL,,QUESTIONABLE,LP,Illness,2021-12-04,nflverse,,2026-09-07T05:45:02.885579+00:00,2021-12-04T00:00:00
NFL_HOU_00-0026035_2021W13_OUT_DNP,NFL,2021,13,2021_NFL_W13_IND_HOU,NFL_HOU,NFL_P_00-0026035,WR,,OUT,DNP,Knee,2021-12-04,nflverse,,2026-09-07T05:45:02.885579+00:00,2021-12-04T00:00:00
NFL_HOU_00-0031338_2021W13_OUT_DNP,NFL,2021,13,2021_NFL_W13_IND_HOU,NFL_HOU,NFL_P_00-0031338,S,,OUT,DNP,Hamstring,2021-12-04,nflverse,,2026-09-07T05:45:02.885579+00:00,2021-12-04T00:00:00
NFL_HOU_00-0030792_2021W13_OUT_DNP,NFL,2021,13,2021_NFL_W13_IND_HOU,NFL_HOU,NFL_P_00-0030792,OL,,OUT,DNP,Concussion,2021-12-04,nflverse,,2026-09-07T05:45:02.885579+00:00,2021-12-04T00:00:00
NFL_HOU_00-0033782_2021W13_OUT_DNP,NFL,2021,13,2021_NFL_W13_IND_HOU,NFL_HOU,NFL_P_00-0033782,EDGE,,OUT,DNP,Hamstring,2021-12-04,nflverse,,2026-09-07T05:45:02.885579+00:00,2021-12-04T00:00:00
NFL_HOU_00-0033537_2021W13_OUT_DNP,NFL,2021,13,2021_NFL_W13_IND_HOU,NFL_HOU,NFL_P_00-0033537,QB,,OUT,DNP,Not injury related - personal matter,2021-12-04,nflverse,,2026-09-07T05:45:02.885579+00:00,2021-12-04T00:00:00
NFL_HOU_00-0032187_2021W13_QUESTIONABLE_DNP,NFL,2021,13,2021_NFL_W13_IND_HOU,NFL_HOU,NFL_P_00-0032187,RB,,QUESTIONABLE,DNP,Illness,2021-12-04,nflverse,,2026-09-07T05:45:02.885579+00:00,2021-12-04T00:00:00
NFL_HOU_00-0036568_2021W13_QUESTIONABLE_DNP,NFL,2021,13,2021_NFL_W13_IND_HOU,NFL_HOU,NFL_P_00-0036568,DL,,QUESTIONABLE,DNP,Illness,2021-12-04,nflverse,,2026-09-07T05:45:02.885579+00:00,2021-12-04T00:00:00
NFL_HOU_00-0032128_2021W13_QUESTIONABLE_LP,NFL,2021,13,2021_NFL_W13_IND_HOU,NFL_HOU,NFL_P_00-0032128,WR,,QUESTIONABLE,LP,Illness,2021-12-04,nflverse,,2026-09-07T05:45:02.885579+00:00,2021-12-04T00:00:00
NFL_HOU_00-0031236_2021W13_QUESTIONABLE_LP,NFL,2021,13,2021_NFL_W13_IND_HOU,NFL_HOU,NFL_P_00-0031236,WR,,QUESTIONABLE,LP,Illness,2021-12-04,nflverse,,2026-09-07T05:45:02.885579+00:00,2021-12-04T00:00:00
NFL_HOU_00-0036224_2021W13_QUESTIONABLE_LP,NFL,2021,13,2021_NFL_W13_IND_HOU,NFL_HOU,NFL_P_00-0036224,EDGE,,QUESTIONABLE,LP,Foot,2021-12-04,nflverse,,2026-09-07T05:45:02.885579+00:00,2021-12-04T00:00:00
NFL_HOU_00-0032787_2021W13_QUESTIONABLE_LP,NFL,2021,13,2021_NFL_W13_IND_HOU,NFL_HOU,NFL_P_00-0032787,OL,,QUESTIONABLE,LP,Illness,2021-12-04,nflverse,,2026-09-07T05:45:02.885579+00:00,2021-12-04T00:00:00
NFL_IND_00-0032378_2021W13_QUESTIONABLE_FP,NFL,2021,13,2021_NFL_W13_IND_HOU,NFL_IND,NFL_P_00-0032378,DL,,QUESTIONABLE,FP,Knee,2021-12-04,nflverse,,2026-09-07T05:45:02.885579+00:00,2021-12-04T00:00:00
NFL_IND_00-0030181_2021W13_QUESTIONABLE_FP,NFL,2021,13,2021_NFL_W13_IND_HOU,NFL_IND,NFL_P_00-0030181,TE,,QUESTIONABLE,FP,Knee,2021-12-04,nflverse,,2026-09-07T05:45:02.885579+00:00,2021-12-04T00:00:00
NFL_IND_00-0027914_2021W13_QUESTIONABLE_FP,NFL,2021,13,2021_NFL_W13_IND_HOU,NFL_IND,NFL_P_00-0027914,S,,QUESTIONABLE,FP,Calf,2021-12-04,nflverse,,2026-09-07T05:45:02.885579+00:00,2021-12-04T00:00:00
NFL_JAX_00-0032261_2021W13_NA_LP,NFL,2021,13,2021_NFL_W13_JAX_LAR,NFL_JAX,NFL_P_00-0032261,DL,,UNKNOWN,LP,Toe,2021-12-04,nflverse,,2026-09-07T05:45:02.885579+00:00,2021-12-04T00:00:00
NFL_JAX_00-0036262_2021W13_NA_LP,NFL,2021,13,2021_NFL_W13_JAX_LAR,NFL_JAX,NFL_P_00-0036262,DL,,UNKNOWN,LP,Knee,2021-12-04,nflverse,,2026-09-07T05:45:02.885579+00:00,2021-12-04T00:00:00
NFL_JAX_00-0033926_2021W13_OUT_LP,NFL,2021,13,2021_NFL_W13_JAX_LAR,NFL_JAX,NFL_P_00-0033926,CB,,OUT,LP,Concussion,2021-12-04,nflverse,,2026-09-07T05:45:02.885579+00:00,2021-12-04T00:00:00
NFL_JAX_00-0035831_2021W13_QUESTIONABLE_LP,NFL,2021,13,2021_NFL_W13_JAX_LAR,NFL_JAX,NFL_P_00-0035831,RB,,QUESTIONABLE,LP,Heel,2021-12-04,nflverse,,2026-09-07T05:45:02.885579+00:00,2021-12-04T00:00:00
NFL_KC_00-0035140_2021W13_NA_DNP,NFL,2021,13,2021_NFL_W13_DEN_KC,NFL_KC,NFL_P_00-0035140,WR,,UNKNOWN,DNP,Not Injury Related,2021-12-05,nflverse,,2026-09-07T05:45:02.885579+00:00,2021-12-05T00:00:00
NFL_KC_00-0033040_2021W13_NA_DNP,NFL,2021,13,2021_NFL_W13_DEN_KC,NFL_KC,NFL_P_00-0033040,WR,,UNKNOWN,DNP,Not injury related - personal matter,2021-12-05,nflverse,,2026-09-07T05:45:02.885579+00:00,2021-12-05T00:00:00
NFL_KC_00-0035147_2021W13_OUT_DNP,NFL,2021,13,2021_NFL_W13_DEN_KC,NFL_KC,NFL_P_00-0035147,CB,,OUT,DNP,Knee,2021-12-05,nflverse,,2026-09-07T05:45:02.885579+00:00,2021-12-05T00:00:00
NFL_KC_00-0036367_2021W13_OUT_DNP,NFL,2021,13,2021_NFL_W13_DEN_KC,NFL_KC,NFL_P_00-0036367,OL,,OUT,DNP,Ribs,2021-12-05,nflverse,,2026-09-07T05:45:02.885579+00:00,2021-12-05T00:00:00
NFL_KC_00-0036360_2021W13_QUESTIONABLE_DNP,NFL,2021,13,2021_NFL_W13_DEN_KC,NFL_KC,NFL_P_00-0036360,RB,,QUESTIONABLE,DNP,Illness,2021-12-05,nflverse,,2026-09-07T05:45:02.885579+00:00,2021-12-05T00:00:00
NFL_LAR_00-0034449_2021W13_OUT_DNP,NFL,2021,13,2021_NFL_W13_JAX_LAR,NFL_LAR,NFL_P_00-0034449,RB,,OUT,DNP,Thigh,2021-12-04,nflverse,,2026-09-07T05:45:02.885579+00:00,2021-12-04T00:00:00
NFL_LAR_00-0032242_2021W13_QUESTIONABLE_DNP,NFL,2021,13,2021_NFL_W13_JAX_LAR,NFL_LAR,NFL_P_00-0032242,OL,,QUESTIONABLE,DNP,Foot,2021-12-04,nflverse,,2026-09-07T05:45:02.885579+00:00,2021-12-04T00:00:00
NFL_LAR_00-0035665_2021W13_QUESTIONABLE_DNP,NFL,2021,13,2021_NFL_W13_JAX_LAR,NFL_LAR,NFL_P_00-0035665,CB,,QUESTIONABLE,DNP,Illness,2021-12-04,nflverse,,2026-09-07T05:45:02.885579+00:00,2021-12-04T00:00:00
NFL_LAR_00-0031235_2021W13_QUESTIONABLE_LP,NFL,2021,13,2021_NFL_W13_JAX_LAR,NFL_LAR,NFL_P_00-0031235,WR,,QUESTIONABLE,LP,Hip,2021-12-04,nflverse,,2026-09-07T05:45:02.885579+00:00,2021-12-04T00:00:00
NFL_LAR_00-0035664_2021W13_QUESTIONABLE_LP,NFL,2021,13,2021_NFL_W13_JAX_LAR,NFL_LAR,NFL_P_00-0035664,RB,,QUESTIONABLE,LP,Thigh,2021-12-04,nflverse,,2026-09-07T05:45:02.885579+00:00,2021-12-04T00:00:00
NFL_LAC_00-0036380_2021W13_OUT_DNP,NFL,2021,13,2021_NFL_W13_LAC_CIN,NFL_LAC,NFL_P_00-0036380,S,,OUT,DNP,Quadricep,2021-12-04,nflverse,,2026-09-07T05:45:02.885579+00:00,2021-12-04T00:00:00
NFL_LAC_00-0036617_2021W13_OUT_DNP,NFL,2021,13,2021_NFL_W13_LAC_CIN,NFL_LAC,NFL_P_00-0036617,CB,,OUT,DNP,Concussion,2021-12-04,nflverse,,2026-09-07T05:45:02.885579+00:00,2021-12-04T00:00:00
NFL_LV_00-0033025_2021W13_NA_DNP,NFL,2021,13,2021_NFL_W13_WAS_LV,NFL_LV,NFL_P_00-0033025,RB,,UNKNOWN,DNP,Not injury related - personal matter,2021-12-04,nflverse,,2026-09-07T05:45:02.885579+00:00,2021-12-04T00:00:00
NFL_LV_00-0033129_2021W13_OUT_DNP,NFL,2021,13,2021_NFL_W13_WAS_LV,NFL_LV,NFL_P_00-0033129,EDGE,,OUT,DNP,Knee,2021-12-04,nflverse,,2026-09-07T05:45:02.885579+00:00,2021-12-04T00:00:00
NFL_LV_00-0032573_2021W13_OUT_DNP,NFL,2021,13,2021_NFL_W13_WAS_LV,NFL_LV,NFL_P_00-0032573,LB,,OUT,DNP,Hamstring,2021-12-04,nflverse,,2026-09-07T05:45:02.885579+00:00,2021-12-04T00:00:00
NFL_LV_00-0031610_2021W13_DOUBTFUL_DNP,NFL,2021,13,2021_NFL_W13_WAS_LV,NFL_LV,NFL_P_00-0031610,TE,,DOUBTFUL,DNP,Back,2021-12-04,nflverse,,2026-09-07T05:45:02.885579+00:00,2021-12-04T00:00:00
NFL_LV_00-0035133_2021W13_QUESTIONABLE_FP,NFL,2021,13,2021_NFL_W13_WAS_LV,NFL_LV,NFL_P_00-0035133,CB,,QUESTIONABLE,FP,Ankle,2021-12-04,nflverse,,2026-09-07T05:45:02.885579+00:00,2021-12-04T00:00:00
NFL_LV_00-0026189_2021W13_QUESTIONABLE_LP,NFL,2021,13,2021_NFL_W13_WAS_LV,NFL_LV,NFL_P_00-0026189,WR,,QUESTIONABLE,LP,Calf,2021-12-04,nflverse,,2026-09-07T05:45:02.885579+00:00,2021-12-04T00:00:00
NFL_LV_00-0035700_2021W13_QUESTIONABLE_LP,NFL,2021,13,2021_NFL_W13_WAS_LV,NFL_LV,NFL_P_00-0035700,RB,,QUESTIONABLE,LP,Ankle,2021-12-04,nflverse,,2026-09-07T05:45:02.885579+00:00,2021-12-04T00:00:00
NFL_LV_00-0032773_2021W13_QUESTIONABLE_LP,NFL,2021,13,2021_NFL_W13_WAS_LV,NFL_LV,NFL_P_00-0032773,LB,,QUESTIONABLE,LP,Ankle,2021-12-04,nflverse,,2026-09-07T05:45:02.885579+00:00,2021-12-04T00:00:00
NFL_MIA_00-0031893_2021W13_NA_DNP,NFL,2021,13,2021_NFL_W13_NYG_MIA,NFL_MIA,NFL_P_00-0031893,OL,,UNKNOWN,DNP,Not injury related - resting player,2021-12-04,nflverse,,2026-09-07T05:45:02.885579+00:00,2021-12-04T00:00:00
NFL_MIA_00-0033050_2021W13_NA_LP,NFL,2021,13,2021_NFL_W13_NYG_MIA,NFL_MIA,NFL_P_00-0033050,CB,,UNKNOWN,LP,Not injury related - resting player,2021-12-04,nflverse,,2026-09-07T05:45:02.885579+00:00,2021-12-04T00:00:00
NFL_MIA_00-0032239_2021W13_NA_LP,NFL,2021,13,2021_NFL_W13_NYG_MIA,NFL_MIA,NFL_P_00-0032239,CB,,UNKNOWN,LP,Not injury related - resting player,2021-12-04,nflverse,,2026-09-07T05:45:02.885579+00:00,2021-12-04T00:00:00
NFL_MIA_00-0034109_2021W13_DOUBTFUL_LP,NFL,2021,13,2021_NFL_W13_NYG_MIA,NFL_MIA,NFL_P_00-0034109,RB,,DOUBTFUL,LP,Ankle,2021-12-04,nflverse,,2026-09-07T05:45:02.885579+00:00,2021-12-04T00:00:00
NFL_MIA_00-0033896_2021W13_DOUBTFUL_LP,NFL,2021,13,2021_NFL_W13_NYG_MIA,NFL_MIA,NFL_P_00-0033896,TE,,DOUBTFUL,LP,Knee,2021-12-04,nflverse,,2026-09-07T05:45:02.885579+00:00,2021-12-04T00:00:00
NFL_MIA_00-0036546_2021W13_DOUBTFUL_LP,NFL,2021,13,2021_NFL_W13_NYG_MIA,NFL_MIA,NFL_P_00-0036546,CB,,DOUBTFUL,LP,Hamstring,2021-12-04,nflverse,,2026-09-07T05:45:02.885579+00:00,2021-12-04T00:00:00
NFL_MIA_00-0036221_2021W13_QUESTIONABLE_LP,NFL,2021,13,2021_NFL_W13_NYG_MIA,NFL_MIA,NFL_P_00-0036221,S,,QUESTIONABLE,LP,Ankle,2021-12-04,nflverse,,2026-09-07T05:45:02.885579+00:00,2021-12-04T00:00:00
NFL_MIA_00-0036934_2021W13_QUESTIONABLE_LP,NFL,2021,13,2021_NFL_W13_NYG_MIA,NFL_MIA,NFL_P_00-0036934,LB,,QUESTIONABLE,LP,Hip,2021-12-04,nflverse,,2026-09-07T05:45:02.885579+00:00,2021-12-04T00:00:00
NFL_MIN_00-0036629_2021W13_OUT_DNP,NFL,2021,13,2021_NFL_W13_MIN_DET,NFL_MIN,NFL_P_00-0036629,S,,OUT,DNP,Ankle,2021-12-04,nflverse,,2026-09-07T05:45:02.885579+00:00,2021-12-04T00:00:00
NFL_MIN_00-0033893_2021W13_OUT_DNP,NFL,2021,13,2021_NFL_W13_MIN_DET,NFL_MIN,NFL_P_00-0033893,RB,,OUT,DNP,Shoulder,2021-12-04,nflverse,,2026-09-07T05:45:02.885579+00:00,2021-12-04T00:00:00
NFL_MIN_00-0036616_2021W13_OUT_DNP,NFL,2021,13,2021_NFL_W13_MIN_DET,NFL_MIN,NFL_P_00-0036616,OL,,OUT,DNP,Ankle,2021-12-04,nflverse,,2026-09-07T05:45:02.885579+00:00,2021-12-04T00:00:00
NFL_MIN_00-0036842_2021W13_QUESTIONABLE_NA,NFL,2021,13,2021_NFL_W13_MIN_DET,NFL_MIN,NFL_P_00-0036842,RB,,QUESTIONABLE,,Illness,2021-12-04,nflverse,,2026-09-07T05:45:02.885579+00:00,2021-12-04T00:00:00
NFL_MIN_00-0032389_2021W13_QUESTIONABLE_LP,NFL,2021,13,2021_NFL_W13_MIN_DET,NFL_MIN,NFL_P_00-0032389,CB,,QUESTIONABLE,LP,Ribs,2021-12-04,nflverse,,2026-09-07T05:45:02.885579+00:00,2021-12-04T00:00:00
NFL_MIN_00-0031256_2021W13_QUESTIONABLE_LP,NFL,2021,13,2021_NFL_W13_MIN_DET,NFL_MIN,NFL_P_00-0031256,LB,,QUESTIONABLE,LP,Knee,2021-12-04,nflverse,,2026-09-07T05:45:02.885579+00:00,2021-12-04T00:00:00
NFL_MIN_00-0031554_2021W13_QUESTIONABLE_LP,NFL,2021,13,2021_NFL_W13_MIN_DET,NFL_MIN,NFL_P_00-0031554,LB,,QUESTIONABLE,LP,Biceps,2021-12-04,nflverse,,2026-09-07T05:45:02.885579+00:00,2021-12-04T00:00:00
NFL_NE_00-0029669_2021W13_NA_LP,NFL,2021,13,2021_NFL_W13_NE_BUF,NFL_NE,NFL_P_00-0029669,LB,,UNKNOWN,LP,Ankle,2021-12-06,nflverse,,2026-09-07T05:45:02.885579+00:00,2021-12-06T00:00:00
NFL_NE_00-0036978_2021W13_QUESTIONABLE_DNP,NFL,2021,13,2021_NFL_W13_NE_BUF,NFL_NE,NFL_P_00-0036978,LB,,QUESTIONABLE,DNP,Illness,2021-12-06,nflverse,,2026-09-07T05:45:02.885579+00:00,2021-12-06T00:00:00
NFL_NE_00-0031852_2021W13_QUESTIONABLE_LP,NFL,2021,13,2021_NFL_W13_NE_BUF,NFL_NE,NFL_P_00-0031852,OL,,QUESTIONABLE,LP,Shoulder,2021-12-06,nflverse,,2026-09-07T05:45:02.885579+00:00,2021-12-06T00:00:00
NFL_NE_00-0036981_2021W13_QUESTIONABLE_LP,NFL,2021,13,2021_NFL_W13_NE_BUF,NFL_NE,NFL_P_00-0036981,DL,,QUESTIONABLE,LP,Knee,2021-12-06,nflverse,,2026-09-07T05:45:02.885579+00:00,2021-12-06T00:00:00
NFL_NE_00-0034385_2021W13_QUESTIONABLE_LP,NFL,2021,13,2021_NFL_W13_NE_BUF,NFL_NE,NFL_P_00-0034385,LB,,QUESTIONABLE,LP,Ribs,2021-12-06,nflverse,,2026-09-07T05:45:02.885579+00:00,2021-12-06T00:00:00
NFL_NE_00-0029239_2021W13_QUESTIONABLE_LP,NFL,2021,13,2021_NFL_W13_NE_BUF,NFL_NE,NFL_P_00-0029239,RB,,QUESTIONABLE,LP,Knee,2021-12-06,nflverse,,2026-09-07T05:45:02.885579+00:00,2021-12-06T00:00:00
NFL_NE_00-0032071_2021W13_QUESTIONABLE_LP,NFL,2021,13,2021_NFL_W13_NE_BUF,NFL_NE,NFL_P_00-0032071,OL,,QUESTIONABLE,LP,Calf,2021-12-06,nflverse,,2026-09-07T05:45:02.885579+00:00,2021-12-06T00:00:00
NFL_NE_00-0025565_2021W13_QUESTIONABLE_LP,NFL,2021,13,2021_NFL_W13_NE_BUF,NFL_NE,NFL_P_00-0025565,K,,QUESTIONABLE,LP,left Knee,2021-12-06,nflverse,,2026-09-07T05:45:02.885579+00:00,2021-12-06T00:00:00
NFL_NE_00-0035645_2021W13_QUESTIONABLE_LP,NFL,2021,13,2021_NFL_W13_NE_BUF,NFL_NE,NFL_P_00-0035645,WR,,QUESTIONABLE,LP,Ankle,2021-12-06,nflverse,,2026-09-07T05:45:02.885579+00:00,2021-12-06T00:00:00
NFL_NO_00-0034344_2021W13_OUT_DNP,NFL,2021,13,2021_NFL_W13_DAL_NO,NFL_NO,NFL_P_00-0034344,EDGE,,OUT,DNP,Shoulder,2021-12-02,nflverse,,2026-09-07T05:45:02.885579+00:00,2021-12-02T00:00:00
NFL_NO_00-0035316_2021W13_OUT_DNP,NFL,2021,13,2021_NFL_W13_DAL_NO,NFL_NO,NFL_P_00-0035316,LB,,OUT,DNP,Hamstring,2021-12-02,nflverse,,2026-09-07T05:45:02.885579+00:00,2021-12-02T00:00:00
NFL_NO_00-0033902_2021W13_OUT_DNP,NFL,2021,13,2021_NFL_W13_DAL_NO,NFL_NO,NFL_P_00-0033902,EDGE,,OUT,DNP,Ankle,2021-12-02,nflverse,,2026-09-07T05:45:02.885579+00:00,2021-12-02T00:00:00
NFL_NO_00-0030067_2021W13_QUESTIONABLE_DNP,NFL,2021,13,2021_NFL_W13_DAL_NO,NFL_NO,NFL_P_00-0030067,OL,,QUESTIONABLE,DNP,Knee,2021-12-02,nflverse,,2026-09-07T05:45:02.885579+00:00,2021-12-02T00:00:00
NFL_NO_00-0033888_2021W13_QUESTIONABLE_DNP,NFL,2021,13,2021_NFL_W13_DAL_NO,NFL_NO,NFL_P_00-0033888,OL,,QUESTIONABLE,DNP,Knee,2021-12-02,nflverse,,2026-09-07T05:45:02.885579+00:00,2021-12-02T00:00:00
NFL_NO_00-0033906_2021W13_QUESTIONABLE_LP,NFL,2021,13,2021_NFL_W13_DAL_NO,NFL_NO,NFL_P_00-0033906,RB,,QUESTIONABLE,LP,Knee,2021-12-02,nflverse,,2026-09-07T05:45:02.885579+00:00,2021-12-02T00:00:00
NFL_NYG_00-0034588_2021W13_OUT_DNP,NFL,2021,13,2021_NFL_W13_NYG_MIA,NFL_NYG,NFL_P_00-0034588,LB,,OUT,DNP,Ankle,2021-12-04,nflverse,,2026-09-07T05:45:02.885579+00:00,2021-12-04T00:00:00
NFL_NYG_00-0033878_2021W13_OUT_DNP,NFL,2021,13,2021_NFL_W13_NYG_MIA,NFL_NYG,NFL_P_00-0033878,CB,,OUT,DNP,Quadricep,2021-12-04,nflverse,,2026-09-07T05:45:02.885579+00:00,2021-12-04T00:00:00
NFL_NYG_00-0034988_2021W13_OUT_DNP,NFL,2021,13,2021_NFL_W13_NYG_MIA,NFL_NYG,NFL_P_00-0034988,TE,,OUT,DNP,Knee,2021-12-04,nflverse,,2026-09-07T05:45:02.885579+00:00,2021-12-04T00:00:00
NFL_NYG_00-0035710_2021W13_OUT_LP,NFL,2021,13,2021_NFL_W13_NYG_MIA,NFL_NYG,NFL_P_00-0035710,QB,,OUT,LP,Neck,2021-12-04,nflverse,,2026-09-07T05:45:02.885579+00:00,2021-12-04T00:00:00
NFL_NYG_00-0036913_2021W13_DOUBTFUL_DNP,NFL,2021,13,2021_NFL_W13_NYG_MIA,NFL_NYG,NFL_P_00-0036913,WR,,DOUBTFUL,DNP,Oblique,2021-12-04,nflverse,,2026-09-07T05:45:02.885579+00:00,2021-12-04T00:00:00
NFL_NYG_00-0032385_2021W13_DOUBTFUL_LP,NFL,2021,13,2021_NFL_W13_NYG_MIA,NFL_NYG,NFL_P_00-0032385,WR,,DOUBTFUL,LP,Quadricep,2021-12-04,nflverse,,2026-09-07T05:45:02.885579+00:00,2021-12-04T00:00:00
NFL_NYG_00-0027955_2021W13_QUESTIONABLE_DNP,NFL,2021,13,2021_NFL_W13_NYG_MIA,NFL_NYG,NFL_P_00-0027955,OL,,QUESTIONABLE,DNP,Elbow,2021-12-04,nflverse,,2026-09-07T05:45:02.885579+00:00,2021-12-04T00:00:00
NFL_NYG_00-0035304_2021W13_QUESTIONABLE_LP,NFL,2021,13,2021_NFL_W13_NYG_MIA,NFL_NYG,NFL_P_00-0035304,RB,,QUESTIONABLE,LP,Calf,2021-12-04,nflverse,,2026-09-07T05:45:02.885579+00:00,2021-12-04T00:00:00
NFL_NYG_00-0033460_2021W13_QUESTIONABLE_LP,NFL,2021,13,2021_NFL_W13_NYG_MIA,NFL_NYG,NFL_P_00-0033460,WR,,QUESTIONABLE,LP,Illness,2021-12-04,nflverse,,2026-09-07T05:45:02.885579+00:00,2021-12-04T00:00:00
NFL_NYG_00-0027981_2021W13_QUESTIONABLE_LP,NFL,2021,13,2021_NFL_W13_NYG_MIA,NFL_NYG,NFL_P_00-0027981,TE,,QUESTIONABLE,LP,Ankle,2021-12-04,nflverse,,2026-09-07T05:45:02.885579+00:00,2021-12-04T00:00:00
NFL_NYJ_00-0032759_2021W13_DOUBTFUL_DNP,NFL,2021,13,2021_NFL_W13_PHI_NYJ,NFL_NYJ,NFL_P_00-0032759,DL,,DOUBTFUL,DNP,Knee,2021-12-04,nflverse,,2026-09-07T05:45:02.885579+00:00,2021-12-04T00:00:00
NFL_NYJ_00-0035259_2021W13_DOUBTFUL_DNP,NFL,2021,13,2021_NFL_W13_PHI_NYJ,NFL_NYJ,NFL_P_00-0035259,TE,,DOUBTFUL,DNP,Ankle,2021-12-04,nflverse,,2026-09-07T05:45:02.885579+00:00,2021-12-04T00:00:00
NFL_NYJ_00-0034275_2021W13_QUESTIONABLE_FP,NFL,2021,13,2021_NFL_W13_PHI_NYJ,NFL_NYJ,NFL_P_00-0034275,DL,,QUESTIONABLE,FP,Back,2021-12-04,nflverse,,2026-09-07T05:45:02.885579+00:00,2021-12-04T00:00:00
NFL_NYJ_00-0034805_2021W13_QUESTIONABLE_FP,NFL,2021,13,2021_NFL_W13_PHI_NYJ,NFL_NYJ,NFL_P_00-0034805,EDGE,,QUESTIONABLE,FP,Hip,2021-12-04,nflverse,,2026-09-07T05:45:02.885579+00:00,2021-12-04T00:00:00
NFL_NYJ_00-0031330_2021W13_QUESTIONABLE_FP,NFL,2021,13,2021_NFL_W13_PHI_NYJ,NFL_NYJ,NFL_P_00-0031330,OL,,QUESTIONABLE,FP,Knee,2021-12-04,nflverse,,2026-09-07T05:45:02.885579+00:00,2021-12-04T00:00:00
NFL_NYJ_00-0035680_2021W13_QUESTIONABLE_FP,NFL,2021,13,2021_NFL_W13_PHI_NYJ,NFL_NYJ,NFL_P_00-0035680,LB,,QUESTIONABLE,FP,Calf,2021-12-04,nflverse,,2026-09-07T05:45:02.885579+00:00,2021-12-04T00:00:00
NFL_NYJ_00-0033871_2021W13_QUESTIONABLE_LP,NFL,2021,13,2021_NFL_W13_PHI_NYJ,NFL_NYJ,NFL_P_00-0033871,WR,,QUESTIONABLE,LP,Groin,2021-12-04,nflverse,,2026-09-07T05:45:02.885579+00:00,2021-12-04T00:00:00
NFL_PHI_00-0032780_2021W13_OUT_DNP,NFL,2021,13,2021_NFL_W13_PHI_NYJ,NFL_PHI,NFL_P_00-0032780,RB,,OUT,DNP,Knee,2021-12-04,nflverse,,2026-09-07T05:45:02.885579+00:00,2021-12-04T00:00:00
NFL_PHI_00-0034414_2021W13_QUESTIONABLE_DNP,NFL,2021,13,2021_NFL_W13_PHI_NYJ,NFL_PHI,NFL_P_00-0034414,RB,,QUESTIONABLE,DNP,Illness,2021-12-04,nflverse,,2026-09-07T05:45:02.885579+00:00,2021-12-04T00:00:00
NFL_PHI_00-0036389_2021W13_QUESTIONABLE_LP,NFL,2021,13,2021_NFL_W13_PHI_NYJ,NFL_PHI,NFL_P_00-0036389,QB,,QUESTIONABLE,LP,Ankle,2021-12-04,nflverse,,2026-09-07T05:45:02.885579+00:00,2021-12-04T00:00:00
NFL_PIT_00-0027969_2021W13_NA_DNP,NFL,2021,13,2021_NFL_W13_BAL_PIT,NFL_PIT,NFL_P_00-0027969,DL,,UNKNOWN,DNP,Illness,2021-12-04,nflverse,,2026-09-07T05:45:02.885579+00:00,2021-12-04T00:00:00
NFL_PIT_00-0036843_2021W13_NA_DNP,NFL,2021,13,2021_NFL_W13_BAL_PIT,NFL_PIT,NFL_P_00-0036843,EDGE,,UNKNOWN,DNP,Illness,2021-12-04,nflverse,,2026-09-07T05:45:02.885579+00:00,2021-12-04T00:00:00
NFL_PIT_00-0034720_2021W13_NA_DNP,NFL,2021,13,2021_NFL_W13_BAL_PIT,NFL_PIT,NFL_P_00-0034720,LB,,UNKNOWN,DNP,Knee,2021-12-04,nflverse,,2026-09-07T05:45:02.885579+00:00,2021-12-04T00:00:00
NFL_PIT_00-0035219_2021W13_OUT_DNP,NFL,2021,13,2021_NFL_W13_BAL_PIT,NFL_PIT,NFL_P_00-0035219,EDGE,,OUT,DNP,Ankle,2021-12-04,nflverse,,2026-09-07T05:45:02.885579+00:00,2021-12-04T00:00:00
NFL_PIT_00-0027860_2021W13_OUT_DNP,NFL,2021,13,2021_NFL_W13_BAL_PIT,NFL_PIT,NFL_P_00-0027860,CB,,OUT,DNP,Foot,2021-12-04,nflverse,,2026-09-07T05:45:02.885579+00:00,2021-12-04T00:00:00
NFL_SEA_00-0026166_2021W13_NA_LP,NFL,2021,13,2021_NFL_W13_SF_SEA,NFL_SEA,NFL_P_00-0026166,OL,,UNKNOWN,LP,Not injury related - resting player,2021-12-04,nflverse,,2026-09-07T05:45:02.885579+00:00,2021-12-04T00:00:00
NFL_SEA_00-0027662_2021W13_NA_LP,NFL,2021,13,2021_NFL_W13_SF_SEA,NFL_SEA,NFL_P_00-0027662,LB,,UNKNOWN,LP,Not injury related - resting player,2021-12-04,nflverse,,2026-09-07T05:45:02.885579+00:00,2021-12-04T00:00:00
NFL_SEA_00-0035640_2021W13_NA_LP,NFL,2021,13,2021_NFL_W13_SF_SEA,NFL_SEA,NFL_P_00-0035640,WR,,UNKNOWN,LP,Foot,2021-12-04,nflverse,,2026-09-07T05:45:02.885579+00:00,2021-12-04T00:00:00
NFL_SEA_00-0032420_2021W13_NA_LP,NFL,2021,13,2021_NFL_W13_SF_SEA,NFL_SEA,NFL_P_00-0032420,OL,,UNKNOWN,LP,Shoulder,2021-12-04,nflverse,,2026-09-07T05:45:02.885579+00:00,2021-12-04T00:00:00
NFL_SEA_00-0036417_2021W13_DOUBTFUL_DNP,NFL,2021,13,2021_NFL_W13_SF_SEA,NFL_SEA,NFL_P_00-0036417,OL,,DOUBTFUL,DNP,Elbow,2021-12-04,nflverse,,2026-09-07T05:45:02.885579+00:00,2021-12-04T00:00:00
NFL_SEA_00-0035594_2021W13_QUESTIONABLE_FP,NFL,2021,13,2021_NFL_W13_SF_SEA,NFL_SEA,NFL_P_00-0035594,RB,,QUESTIONABLE,FP,Calf,2021-12-04,nflverse,,2026-09-07T05:45:02.885579+00:00,2021-12-04T00:00:00
NFL_SEA_00-0034750_2021W13_QUESTIONABLE_FP,NFL,2021,13,2021_NFL_W13_SF_SEA,NFL_SEA,NFL_P_00-0034750,RB,,QUESTIONABLE,FP,Hamstring,2021-12-04,nflverse,,2026-09-07T05:45:02.885579+00:00,2021-12-04T00:00:00
NFL_SEA_00-0032426_2021W13_QUESTIONABLE_LP,NFL,2021,13,2021_NFL_W13_SF_SEA,NFL_SEA,NFL_P_00-0032426,RB,,QUESTIONABLE,LP,Abdomen,2021-12-04,nflverse,,2026-09-07T05:45:02.885579+00:00,2021-12-04T00:00:00
NFL_SF_00-0034982_2021W13_OUT_DNP,NFL,2021,13,2021_NFL_W13_SF_SEA,NFL_SF,NFL_P_00-0034982,LB,,OUT,DNP,Groin,2021-12-04,nflverse,,2026-09-07T05:45:02.885579+00:00,2021-12-04T00:00:00
NFL_SF_00-0034746_2021W13_OUT_DNP,NFL,2021,13,2021_NFL_W13_SF_SEA,NFL_SF,NFL_P_00-0034746,DL,,OUT,DNP,Calf,2021-12-04,nflverse,,2026-09-07T05:45:02.885579+00:00,2021-12-04T00:00:00
NFL_SF_00-0035719_2021W13_OUT_DNP,NFL,2021,13,2021_NFL_W13_SF_SEA,NFL_SF,NFL_P_00-0035719,WR,,OUT,DNP,Groin,2021-12-04,nflverse,,2026-09-07T05:45:02.885579+00:00,2021-12-04T00:00:00
NFL_SF_00-0036984_2021W13_OUT_DNP,NFL,2021,13,2021_NFL_W13_SF_SEA,NFL_SF,NFL_P_00-0036984,RB,,OUT,DNP,Ankle,2021-12-04,nflverse,,2026-09-07T05:45:02.885579+00:00,2021-12-04T00:00:00
NFL_SF_00-0034815_2021W13_DOUBTFUL_DNP,NFL,2021,13,2021_NFL_W13_SF_SEA,NFL_SF,NFL_P_00-0034815,LB,,DOUBTFUL,DNP,Hamstring,2021-12-04,nflverse,,2026-09-07T05:45:02.885579+00:00,2021-12-04T00:00:00
NFL_SF_00-0034730_2021W13_QUESTIONABLE_DNP,NFL,2021,13,2021_NFL_W13_SF_SEA,NFL_SF,NFL_P_00-0034730,LB,,QUESTIONABLE,DNP,Concussion,2021-12-04,nflverse,,2026-09-07T05:45:02.885579+00:00,2021-12-04T00:00:00
NFL_TB_00-0027793_2021W13_NA_DNP,NFL,2021,13,2021_NFL_W13_TB_ATL,NFL_TB,NFL_P_00-0027793,WR,,UNKNOWN,DNP,Ankle,2021-12-04,nflverse,,2026-09-07T05:45:02.885579+00:00,2021-12-04T00:00:00
NFL_TB_00-0035681_2021W13_NA_DNP,NFL,2021,13,2021_NFL_W13_TB_ATL,NFL_TB,NFL_P_00-0035681,S,,UNKNOWN,DNP,Knee,2021-12-04,nflverse,,2026-09-07T05:45:02.885579+00:00,2021-12-04T00:00:00
NFL_TB_00-0027656_2021W13_NA_DNP,NFL,2021,13,2021_NFL_W13_TB_ATL,NFL_TB,NFL_P_00-0027656,TE,,UNKNOWN,DNP,Not injury related - resting player,2021-12-04,nflverse,,2026-09-07T05:45:02.885579+00:00,2021-12-04T00:00:00
NFL_TB_00-0027867_2021W13_NA_DNP,NFL,2021,13,2021_NFL_W13_TB_ATL,NFL_TB,NFL_P_00-0027867,LB,,UNKNOWN,DNP,Shoulder,2021-12-04,nflverse,,2026-09-07T05:45:02.885579+00:00,2021-12-04T00:00:00
NFL_TB_00-0034668_2021W13_NA_DNP,NFL,2021,13,2021_NFL_W13_TB_ATL,NFL_TB,NFL_P_00-0034668,OL,,UNKNOWN,DNP,Knee,2021-12-04,nflverse,,2026-09-07T05:45:02.885579+00:00,2021-12-04T00:00:00
NFL_TB_00-0027855_2021W13_NA_DNP,NFL,2021,13,2021_NFL_W13_TB_ATL,NFL_TB,NFL_P_00-0027855,DL,,UNKNOWN,DNP,Not injury related - resting player,2021-12-04,nflverse,,2026-09-07T05:45:02.885579+00:00,2021-12-04T00:00:00
NFL_TB_00-0036877_2021W13_OUT_LP,NFL,2021,13,2021_NFL_W13_TB_ATL,NFL_TB,NFL_P_00-0036877,WR,,OUT,LP,Concussion,2021-12-04,nflverse,,2026-09-07T05:45:02.885579+00:00,2021-12-04T00:00:00
NFL_TB_00-0034374_2021W13_OUT_LP,NFL,2021,13,2021_NFL_W13_TB_ATL,NFL_TB,NFL_P_00-0034374,S,,OUT,LP,Calf,2021-12-04,nflverse,,2026-09-07T05:45:02.885579+00:00,2021-12-04T00:00:00
NFL_TB_00-0035699_2021W13_QUESTIONABLE_FP,NFL,2021,13,2021_NFL_W13_TB_ATL,NFL_TB,NFL_P_00-0035699,CB,,QUESTIONABLE,FP,Shoulder,2021-12-04,nflverse,,2026-09-07T05:45:02.885579+00:00,2021-12-04T00:00:00
NFL_TB_00-0032243_2021W13_QUESTIONABLE_FP,NFL,2021,13,2021_NFL_W13_TB_ATL,NFL_TB,NFL_P_00-0032243,OL,,QUESTIONABLE,FP,Abdomen,2021-12-04,nflverse,,2026-09-07T05:45:02.885579+00:00,2021-12-04T00:00:00
NFL_TB_00-0035707_2021W13_QUESTIONABLE_FP,NFL,2021,13,2021_NFL_W13_TB_ATL,NFL_TB,NFL_P_00-0035707,LB,,QUESTIONABLE,FP,Quadricep,2021-12-04,nflverse,,2026-09-07T05:45:02.885579+00:00,2021-12-04T00:00:00
NFL_WAS_00-0036625_2021W13_NA_DNP,NFL,2021,13,2021_NFL_W13_WAS_LV,NFL_WAS,NFL_P_00-0036625,CB,,UNKNOWN,DNP,Concussion,2021-12-04,nflverse,,2026-09-07T05:45:02.885579+00:00,2021-12-04T00:00:00
NFL_WAS_00-0032053_2021W13_NA_LP,NFL,2021,13,2021_NFL_W13_WAS_LV,NFL_WAS,NFL_P_00-0032053,OL,,UNKNOWN,LP,Knee,2021-12-04,nflverse,,2026-09-07T05:45:02.885579+00:00,2021-12-04T00:00:00
NFL_WAS_00-0031260_2021W13_NA_LP,NFL,2021,13,2021_NFL_W13_WAS_LV,NFL_WAS,NFL_P_00-0031260,TE,,UNKNOWN,LP,Hamstring,2021-12-04,nflverse,,2026-09-07T05:45:02.885579+00:00,2021-12-04T00:00:00
NFL_WAS_00-0032262_2021W13_OUT_DNP,NFL,2021,13,2021_NFL_W13_WAS_LV,NFL_WAS,NFL_P_00-0032262,S,,OUT,DNP,Foot,2021-12-04,nflverse,,2026-09-07T05:45:02.885579+00:00,2021-12-04T00:00:00
NFL_WAS_00-0032602_2021W13_OUT_DNP,NFL,2021,13,2021_NFL_W13_WAS_LV,NFL_WAS,NFL_P_00-0032602,RB,,OUT,DNP,Concussion,2021-12-04,nflverse,,2026-09-07T05:45:02.885579+00:00,2021-12-04T00:00:00
NFL_WAS_00-0032432_2021W13_OUT_DNP,NFL,2021,13,2021_NFL_W13_WAS_LV,NFL_WAS,NFL_P_00-0032432,OL,,OUT,DNP,Ankle,2021-12-04,nflverse,,2026-09-07T05:45:02.885579+00:00,2021-12-04T00:00:00
NFL_WAS_00-0032259_2021W13_QUESTIONABLE_DNP,NFL,2021,13,2021_NFL_W13_WAS_LV,NFL_WAS,NFL_P_00-0032259,OL,,QUESTIONABLE,DNP,Foot,2021-12-04,nflverse,,2026-09-07T05:45:02.885579+00:00,2021-12-04T00:00:00
NFL_WAS_00-0030869_2021W13_QUESTIONABLE_LP,NFL,2021,13,2021_NFL_W13_WAS_LV,NFL_WAS,NFL_P_00-0030869,OL,,QUESTIONABLE,LP,Knee,2021-12-04,nflverse,,2026-09-07T05:45:02.885579+00:00,2021-12-04T00:00:00
NFL_WAS_00-0033282_2021W13_QUESTIONABLE_LP,NFL,2021,13,2021_NFL_W13_WAS_LV,NFL_WAS,NFL_P_00-0033282,WR,,QUESTIONABLE,LP,Groin,2021-12-04,nflverse,,2026-09-07T05:45:02.885579+00:00,2021-12-04T00:00:00
NFL_WAS_00-0033611_2021W13_QUESTIONABLE_LP,NFL,2021,13,2021_NFL_W13_WAS_LV,NFL_WAS,NFL_P_00-0033611,TE,,QUESTIONABLE,LP,Hip,2021-12-04,nflverse,,2026-09-07T05:45:02.885579+00:00,2021-12-04T00:00:00
NFL_ARI_00-0033890_2021W14_NA_DNP,NFL,2021,14,2021_NFL_W14_LAR_ARI,NFL_ARI,NFL_P_00-0033890,S,,UNKNOWN,DNP,Not injury related - personal matter,2021-12-13,nflverse,,2026-09-07T05:45:02.885579+00:00,2021-12-13T00:00:00
NFL_ARI_00-0029316_2021W14_NA_DNP,NFL,2021,14,2021_NFL_W14_LAR_ARI,NFL_ARI,NFL_P_00-0029316,OL,,UNKNOWN,DNP,Not injury related - resting player,2021-12-13,nflverse,,2026-09-07T05:45:02.885579+00:00,2021-12-13T00:00:00
NFL_ARI_00-0027993_2021W14_NA_DNP,NFL,2021,14,2021_NFL_W14_LAR_ARI,NFL_ARI,NFL_P_00-0027993,OL,,UNKNOWN,DNP,Not injury related - resting player,2021-12-13,nflverse,,2026-09-07T05:45:02.885579+00:00,2021-12-13T00:00:00
NFL_ARI_00-0031105_2021W14_OUT_DNP,NFL,2021,14,2021_NFL_W14_LAR_ARI,NFL_ARI,NFL_P_00-0031105,DL,,OUT,DNP,Ribs,2021-12-13,nflverse,,2026-09-07T05:45:02.885579+00:00,2021-12-13T00:00:00
NFL_ARI_00-0030585_2021W14_QUESTIONABLE_LP,NFL,2021,14,2021_NFL_W14_LAR_ARI,NFL_ARI,NFL_P_00-0030585,OL,,QUESTIONABLE,LP,Calf,2021-12-13,nflverse,,2026-09-07T05:45:02.885579+00:00,2021-12-13T00:00:00
NFL_ATL_00-0033950_2021W14_NA_DNP,NFL,2021,14,2021_NFL_W14_ATL_CAR,NFL_ATL,NFL_P_00-0033950,RB,,UNKNOWN,DNP,Illness,2021-12-11,nflverse,,2026-09-07T05:45:02.885579+00:00,2021-12-11T00:00:00
NFL_ATL_00-0035630_2021W14_NA_DNP,NFL,2021,14,2021_NFL_W14_ATL_CAR,NFL_ATL,NFL_P_00-0035630,OL,,UNKNOWN,DNP,Not injury related - personal matter,2021-12-11,nflverse,,2026-09-07T05:45:02.885579+00:00,2021-12-11T00:00:00
NFL_ATL_00-0030578_2021W14_NA_DNP,NFL,2021,14,2021_NFL_W14_ATL_CAR,NFL_ATL,NFL_P_00-0030578,RB,,UNKNOWN,DNP,Not injury related - resting player,2021-12-11,nflverse,,2026-09-07T05:45:02.885579+00:00,2021-12-11T00:00:00
NFL_ATL_00-0028097_2021W14_NA_DNP,NFL,2021,14,2021_NFL_W14_ATL_CAR,NFL_ATL,NFL_P_00-0028097,TE,,UNKNOWN,DNP,Not injury related - resting player,2021-12-11,nflverse,,2026-09-07T05:45:02.885579+00:00,2021-12-11T00:00:00
NFL_ATL_00-0036961_2021W14_QUESTIONABLE_LP,NFL,2021,14,2021_NFL_W14_ATL_CAR,NFL_ATL,NFL_P_00-0036961,S,,QUESTIONABLE,LP,Ankle,2021-12-11,nflverse,,2026-09-07T05:45:02.885579+00:00,2021-12-11T00:00:00
NFL_ATL_00-0036949_2021W14_QUESTIONABLE_LP,NFL,2021,14,2021_NFL_W14_ATL_CAR,NFL_ATL,NFL_P_00-0036949,LB,,QUESTIONABLE,LP,Ankle,2021-12-11,nflverse,,2026-09-07T05:45:02.885579+00:00,2021-12-11T00:00:00
NFL_BAL_00-0028008_2021W14_NA_DNP,NFL,2021,14,2021_NFL_W14_BAL_CLE,NFL_BAL,NFL_P_00-0028008,LB,,UNKNOWN,DNP,Not injury related - resting player,2021-12-11,nflverse,,2026-09-07T05:45:02.885579+00:00,2021-12-11T00:00:00
NFL_BAL_00-0027965_2021W14_NA_DNP,NFL,2021,14,2021_NFL_W14_BAL_CLE,NFL_BAL,NFL_P_00-0027965,CB,,UNKNOWN,DNP,Not injury related - resting player,2021-12-11,nflverse,,2026-09-07T05:45:02.885579+00:00,2021-12-11T00:00:00
NFL_BAL_00-0030648_2021W14_NA_DNP,NFL,2021,14,2021_NFL_W14_BAL_CLE,NFL_BAL,NFL_P_00-0030648,OL,,UNKNOWN,DNP,Not injury related - resting player,2021-12-11,nflverse,,2026-09-07T05:45:02.885579+00:00,2021-12-11T00:00:00
NFL_BAL_00-0030511_2021W14_NA_DNP,NFL,2021,14,2021_NFL_W14_BAL_CLE,NFL_BAL,NFL_P_00-0030511,DL,,UNKNOWN,DNP,Not injury related - resting player,2021-12-11,nflverse,,2026-09-07T05:45:02.885579+00:00,2021-12-11T00:00:00
NFL_BAL_00-0033294_2021W14_NA_LP,NFL,2021,14,2021_NFL_W14_BAL_CLE,NFL_BAL,NFL_P_00-0033294,S,,UNKNOWN,LP,Not injury related - personal matter,2021-12-11,nflverse,,2026-09-07T05:45:02.885579+00:00,2021-12-11T00:00:00
NFL_BAL_00-0035112_2021W14_OUT_DNP,NFL,2021,14,2021_NFL_W14_BAL_CLE,NFL_BAL,NFL_P_00-0035112,OL,,OUT,DNP,Hand,2021-12-11,nflverse,,2026-09-07T05:45:02.885579+00:00,2021-12-11T00:00:00
NFL_BAL_00-0035703_2021W14_DOUBTFUL_LP,NFL,2021,14,2021_NFL_W14_BAL_CLE,NFL_BAL,NFL_P_00-0035703,WR,,DOUBTFUL,LP,Finger,2021-12-11,nflverse,,2026-09-07T05:45:02.885579+00:00,2021-12-11T00:00:00
NFL_BAL_00-0034265_2021W14_QUESTIONABLE_FP,NFL,2021,14,2021_NFL_W14_BAL_CLE,NFL_BAL,NFL_P_00-0034265,CB,,QUESTIONABLE,FP,Knee,2021-12-11,nflverse,,2026-09-07T05:45:02.885579+00:00,2021-12-11T00:00:00
NFL_BAL_00-0036987_2021W14_QUESTIONABLE_FP,NFL,2021,14,2021_NFL_W14_BAL_CLE,NFL_BAL,NFL_P_00-0036987,S,,QUESTIONABLE,FP,Shoulder,2021-12-11,nflverse,,2026-09-07T05:45:02.885579+00:00,2021-12-11T00:00:00
NFL_BAL_00-0035422_2021W14_QUESTIONABLE_FP,NFL,2021,14,2021_NFL_W14_BAL_CLE,NFL_BAL,NFL_P_00-0035422,CB,,QUESTIONABLE,FP,Thigh,2021-12-11,nflverse,,2026-09-07T05:45:02.885579+00:00,2021-12-11T00:00:00
NFL_BAL_00-0031598_2021W14_QUESTIONABLE_LP,NFL,2021,14,2021_NFL_W14_BAL_CLE,NFL_BAL,NFL_P_00-0031598,TE,,QUESTIONABLE,LP,Illness,2021-12-11,nflverse,,2026-09-07T05:45:02.885579+00:00,2021-12-11T00:00:00
NFL_BAL_00-0027539_2021W14_QUESTIONABLE_LP,NFL,2021,14,2021_NFL_W14_BAL_CLE,NFL_BAL,NFL_P_00-0027539,S,,QUESTIONABLE,LP,Knee,2021-12-11,nflverse,,2026-09-07T05:45:02.885579+00:00,2021-12-11T00:00:00
NFL_BAL_00-0033376_2021W14_QUESTIONABLE_LP,NFL,2021,14,2021_NFL_W14_BAL_CLE,NFL_BAL,NFL_P_00-0033376,RB,,QUESTIONABLE,LP,Back,2021-12-11,nflverse,,2026-09-07T05:45:02.885579+00:00,2021-12-11T00:00:00
NFL_BUF_00-0029000_2021W14_NA_DNP,NFL,2021,14,2021_NFL_W14_BUF_TB,NFL_BUF,NFL_P_00-0029000,WR,,UNKNOWN,DNP,Not injury related - resting player,2021-12-11,nflverse,,2026-09-07T05:45:02.885579+00:00,2021-12-11T00:00:00
NFL_BUF_00-0027685_2021W14_NA_DNP,NFL,2021,14,2021_NFL_W14_BUF_TB,NFL_BUF,NFL_P_00-0027685,WR,,UNKNOWN,DNP,Not injury related - personal matter,2021-12-11,nflverse,,2026-09-07T05:45:02.885579+00:00,2021-12-11T00:00:00
NFL_BUF_00-0030455_2021W14_OUT_DNP,NFL,2021,14,2021_NFL_W14_BUF_TB,NFL_BUF,NFL_P_00-0030455,DL,,OUT,DNP,Toe,2021-12-11,nflverse,,2026-09-07T05:45:02.885579+00:00,2021-12-11T00:00:00
NFL_BUF_00-0035308_2021W14_OUT_DNP,NFL,2021,14,2021_NFL_W14_BUF_TB,NFL_BUF,NFL_P_00-0035308,TE,,OUT,DNP,Hip,2021-12-11,nflverse,,2026-09-07T05:45:02.885579+00:00,2021-12-11T00:00:00
NFL_BUF_00-0036187_2021W14_QUESTIONABLE_FP,NFL,2021,14,2021_NFL_W14_BUF_TB,NFL_BUF,NFL_P_00-0036187,RB,,QUESTIONABLE,FP,Ankle,2021-12-11,nflverse,,2026-09-07T05:45:02.885579+00:00,2021-12-11T00:00:00
NFL_BUF_00-0031500_2021W14_QUESTIONABLE_FP,NFL,2021,14,2021_NFL_W14_BUF_TB,NFL_BUF,NFL_P_00-0031500,EDGE,,QUESTIONABLE,FP,Hip,2021-12-11,nflverse,,2026-09-07T05:45:02.885579+00:00,2021-12-11T00:00:00
NFL_CAR_00-0031054_2021W14_NA_DNP,NFL,2021,14,2021_NFL_W14_ATL_CAR,NFL_CAR,NFL_P_00-0031054,DL,,UNKNOWN,DNP,Not injury related - personal matter,2021-12-11,nflverse,,2026-09-07T05:45:02.885579+00:00,2021-12-11T00:00:00
NFL_CAR_00-0029901_2021W14_NA_DNP,NFL,2021,14,2021_NFL_W14_ATL_CAR,NFL_CAR,NFL_P_00-0029901,CB,,UNKNOWN,DNP,Not injury related - personal matter,2021-12-11,nflverse,,2026-09-07T05:45:02.885579+00:00,2021-12-11T00:00:00
NFL_CAR_00-0035266_2021W14_OUT_DNP,NFL,2021,14,2021_NFL_W14_ATL_CAR,NFL_CAR,NFL_P_00-0035266,OL,,OUT,DNP,Hamstring,2021-12-11,nflverse,,2026-09-07T05:45:02.885579+00:00,2021-12-11T00:00:00
NFL_CAR_00-0032149_2021W14_OUT_DNP,NFL,2021,14,2021_NFL_W14_ATL_CAR,NFL_CAR,NFL_P_00-0032149,OL,,OUT,DNP,Ankle,2021-12-11,nflverse,,2026-09-07T05:45:02.885579+00:00,2021-12-11T00:00:00
NFL_CHI_00-0031175_2021W14_OUT_DNP,NFL,2021,14,2021_NFL_W14_CHI_GB,NFL_CHI,NFL_P_00-0031175,LB,,OUT,DNP,Knee,2021-12-12,nflverse,,2026-09-07T05:45:02.885579+00:00,2021-12-12T00:00:00
NFL_CHI_00-0027973_2021W14_DOUBTFUL_DNP,NFL,2021,14,2021_NFL_W14_CHI_GB,NFL_CHI,NFL_P_00-0027973,QB,,DOUBTFUL,DNP,left Hand,2021-12-12,nflverse,,2026-09-07T05:45:02.885579+00:00,2021-12-12T00:00:00
NFL_CHI_00-0030068_2021W14_DOUBTFUL_DNP,NFL,2021,14,2021_NFL_W14_CHI_GB,NFL_CHI,NFL_P_00-0030068,WR,,DOUBTFUL,DNP,Foot,2021-12-12,nflverse,,2026-09-07T05:45:02.885579+00:00,2021-12-12T00:00:00
NFL_CHI_00-0032265_2021W14_QUESTIONABLE_FP,NFL,2021,14,2021_NFL_W14_CHI_GB,NFL_CHI,NFL_P_00-0032265,DL,,QUESTIONABLE,FP,Ribs,2021-12-12,nflverse,,2026-09-07T05:45:02.885579+00:00,2021-12-12T00:00:00
NFL_CHI_00-0029657_2021W14_QUESTIONABLE_FP,NFL,2021,14,2021_NFL_W14_CHI_GB,NFL_CHI,NFL_P_00-0029657,DL,,QUESTIONABLE,FP,Ankle,2021-12-12,nflverse,,2026-09-07T05:45:02.885579+00:00,2021-12-12T00:00:00
NFL_CIN_00-0036857_2021W14_OUT_DNP,NFL,2021,14,2021_NFL_W14_SF_CIN,NFL_CIN,NFL_P_00-0036857,RB,,OUT,DNP,Ankle,2021-12-11,nflverse,,2026-09-07T05:45:02.885579+00:00,2021-12-11T00:00:00
NFL_CIN_00-0036294_2021W14_OUT_DNP,NFL,2021,14,2021_NFL_W14_SF_CIN,NFL_CIN,NFL_P_00-0036294,LB,,OUT,DNP,Shoulder,2021-12-11,nflverse,,2026-09-07T05:45:02.885579+00:00,2021-12-11T00:00:00
NFL_CIN_00-0036851_2021W14_DOUBTFUL_DNP,NFL,2021,14,2021_NFL_W14_SF_CIN,NFL_CIN,NFL_P_00-0036851,DL,,DOUBTFUL,DNP,Illness,2021-12-11,nflverse,,2026-09-07T05:45:02.885579+00:00,2021-12-11T00:00:00
NFL_CIN_00-0036314_2021W14_DOUBTFUL_LP,NFL,2021,14,2021_NFL_W14_SF_CIN,NFL_CIN,NFL_P_00-0036314,LB,,DOUBTFUL,LP,Neck,2021-12-11,nflverse,,2026-09-07T05:45:02.885579+00:00,2021-12-11T00:00:00
NFL_CIN_00-0033897_2021W14_QUESTIONABLE_DNP,NFL,2021,14,2021_NFL_W14_SF_CIN,NFL_CIN,NFL_P_00-0033897,RB,,QUESTIONABLE,DNP,Illness,2021-12-11,nflverse,,2026-09-07T05:45:02.885579+00:00,2021-12-11T00:00:00
NFL_CIN_00-0033548_2021W14_QUESTIONABLE_LP,NFL,2021,14,2021_NFL_W14_SF_CIN,NFL_CIN,NFL_P_00-0033548,CB,,QUESTIONABLE,LP,Foot,2021-12-11,nflverse,,2026-09-07T05:45:02.885579+00:00,2021-12-11T00:00:00
NFL_CIN_00-0036410_2021W14_QUESTIONABLE_LP,NFL,2021,14,2021_NFL_W14_SF_CIN,NFL_CIN,NFL_P_00-0036410,WR,,QUESTIONABLE,LP,Ankle,2021-12-11,nflverse,,2026-09-07T05:45:02.885579+00:00,2021-12-11T00:00:00
NFL_CLE_00-0031382_2021W14_NA_LP,NFL,2021,14,2021_NFL_W14_BAL_CLE,NFL_CLE,NFL_P_00-0031382,WR,,UNKNOWN,LP,Knee,2021-12-11,nflverse,,2026-09-07T05:45:02.885579+00:00,2021-12-11T00:00:00
NFL_CLE_00-0030076_2021W14_NA_LP,NFL,2021,14,2021_NFL_W14_BAL_CLE,NFL_CLE,NFL_P_00-0030076,OL,,UNKNOWN,LP,Knee,2021-12-11,nflverse,,2026-09-07T05:45:02.885579+00:00,2021-12-11T00:00:00
NFL_CLE_00-0036232_2021W14_OUT_DNP,NFL,2021,14,2021_NFL_W14_BAL_CLE,NFL_CLE,NFL_P_00-0036232,TE,,OUT,DNP,Ankle,2021-12-11,nflverse,,2026-09-07T05:45:02.885579+00:00,2021-12-11T00:00:00
NFL_CLE_00-0036999_2021W14_OUT_DNP,NFL,2021,14,2021_NFL_W14_BAL_CLE,NFL_CLE,NFL_P_00-0036999,WR,,OUT,DNP,Concussion,2021-12-11,nflverse,,2026-09-07T05:45:02.885579+00:00,2021-12-11T00:00:00
NFL_CLE_00-0036996_2021W14_OUT_FP,NFL,2021,14,2021_NFL_W14_BAL_CLE,NFL_CLE,NFL_P_00-0036996,CB,,OUT,FP,Concussion,2021-12-11,nflverse,,2026-09-07T05:45:02.885579+00:00,2021-12-11T00:00:00
NFL_CLE_00-0036276_2021W14_QUESTIONABLE_NA,NFL,2021,14,2021_NFL_W14_BAL_CLE,NFL_CLE,NFL_P_00-0036276,LB,,QUESTIONABLE,,Biceps,2021-12-11,nflverse,,2026-09-07T05:45:02.885579+00:00,2021-12-11T00:00:00
NFL_CLE_00-0036266_2021W14_QUESTIONABLE_LP,NFL,2021,14,2021_NFL_W14_BAL_CLE,NFL_CLE,NFL_P_00-0036266,DL,,QUESTIONABLE,LP,Knee,2021-12-11,nflverse,,2026-09-07T05:45:02.885579+00:00,2021-12-11T00:00:00
NFL_CLE_00-0034779_2021W14_QUESTIONABLE_LP,NFL,2021,14,2021_NFL_W14_BAL_CLE,NFL_CLE,NFL_P_00-0034779,S,,QUESTIONABLE,LP,Ankle,2021-12-11,nflverse,,2026-09-07T05:45:02.885579+00:00,2021-12-11T00:00:00
NFL_CLE_00-0029568_2021W14_QUESTIONABLE_LP,NFL,2021,14,2021_NFL_W14_BAL_CLE,NFL_CLE,NFL_P_00-0029568,DL,,QUESTIONABLE,LP,Knee,2021-12-11,nflverse,,2026-09-07T05:45:02.885579+00:00,2021-12-11T00:00:00
NFL_DAL_00-0033591_2021W14_NA_DNP,NFL,2021,14,2021_NFL_W14_DAL_WAS,NFL_DAL,NFL_P_00-0033591,WR,,UNKNOWN,DNP,Groin,2021-12-11,nflverse,,2026-09-07T05:45:02.885579+00:00,2021-12-11T00:00:00
NFL_DAL_00-0036932_2021W14_NA_LP,NFL,2021,14,2021_NFL_W14_DAL_WAS,NFL_DAL,NFL_P_00-0036932,LB,,UNKNOWN,LP,Hip,2021-12-11,nflverse,,2026-09-07T05:45:02.885579+00:00,2021-12-11T00:00:00
NFL_DAL_00-0035261_2021W14_QUESTIONABLE_DNP,NFL,2021,14,2021_NFL_W14_DAL_WAS,NFL_DAL,NFL_P_00-0035261,RB,,QUESTIONABLE,DNP,Foot,2021-12-11,nflverse,,2026-09-07T05:45:02.885579+00:00,2021-12-11T00:00:00
NFL_DEN_00-0034832_2021W14_QUESTIONABLE_LP,NFL,2021,14,2021_NFL_W14_DET_DEN,NFL_DEN,NFL_P_00-0034832,LB,,QUESTIONABLE,LP,Shoulder,2021-12-11,nflverse,,2026-09-07T05:45:02.885579+00:00,2021-12-11T00:00:00
NFL_DEN_00-0032144_2021W14_QUESTIONABLE_LP,NFL,2021,14,2021_NFL_W14_DET_DEN,NFL_DEN,NFL_P_00-0032144,RB,,QUESTIONABLE,LP,Hip,2021-12-11,nflverse,,2026-09-07T05:45:02.885579+00:00,2021-12-11T00:00:00
NFL_DEN_00-0031270_2021W14_QUESTIONABLE_LP,NFL,2021,14,2021_NFL_W14_DET_DEN,NFL_DEN,NFL_P_00-0031270,EDGE,,QUESTIONABLE,LP,Ankle,2021-12-11,nflverse,,2026-09-07T05:45:02.885579+00:00,2021-12-11T00:00:00
NFL_DET_00-0036011_2021W14_NA_LP,NFL,2021,14,2021_NFL_W14_DET_DEN,NFL_DET,NFL_P_00-0036011,CB,,UNKNOWN,LP,Shoulder,2021-12-11,nflverse,,2026-09-07T05:45:02.885579+00:00,2021-12-11T00:00:00
NFL_DET_00-0036249_2021W14_OUT_DNP,NFL,2021,14,2021_NFL_W14_DET_DEN,NFL_DET,NFL_P_00-0036249,LB,,OUT,DNP,Ankle,2021-12-11,nflverse,,2026-09-07T05:45:02.885579+00:00,2021-12-11T00:00:00
NFL_DET_00-0033557_2021W14_OUT_DNP,NFL,2021,14,2021_NFL_W14_DET_DEN,NFL_DET,NFL_P_00-0033557,LB,,OUT,DNP,Shoulder,2021-12-11,nflverse,,2026-09-07T05:45:02.885579+00:00,2021-12-11T00:00:00
NFL_DET_00-0036275_2021W14_OUT_DNP,NFL,2021,14,2021_NFL_W14_DET_DEN,NFL_DET,NFL_P_00-0036275,RB,,OUT,DNP,Shoulder,2021-12-11,nflverse,,2026-09-07T05:45:02.885579+00:00,2021-12-11T00:00:00
NFL_DET_00-0035229_2021W14_DOUBTFUL_DNP,NFL,2021,14,2021_NFL_W14_DET_DEN,NFL_DET,NFL_P_00-0035229,TE,,DOUBTFUL,DNP,Hand,2021-12-11,nflverse,,2026-09-07T05:45:02.885579+00:00,2021-12-11T00:00:00
NFL_DET_00-0035531_2021W14_QUESTIONABLE_DNP,NFL,2021,14,2021_NFL_W14_DET_DEN,NFL_DET,NFL_P_00-0035531,LB,,QUESTIONABLE,DNP,Shoulder,2021-12-11,nflverse,,2026-09-07T05:45:02.885579+00:00,2021-12-11T00:00:00
NFL_DET_00-0033880_2021W14_QUESTIONABLE_DNP,NFL,2021,14,2021_NFL_W14_DET_DEN,NFL_DET,NFL_P_00-0033880,LB,,QUESTIONABLE,DNP,Illness,2021-12-11,nflverse,,2026-09-07T05:45:02.885579+00:00,2021-12-11T00:00:00
NFL_DET_00-0036624_2021W14_QUESTIONABLE_DNP,NFL,2021,14,2021_NFL_W14_DET_DEN,NFL_DET,NFL_P_00-0036624,DL,,QUESTIONABLE,DNP,Illness,2021-12-11,nflverse,,2026-09-07T05:45:02.885579+00:00,2021-12-11T00:00:00
NFL_DET_00-0036954_2021W14_QUESTIONABLE_DNP,NFL,2021,14,2021_NFL_W14_DET_DEN,NFL_DET,NFL_P_00-0036954,EDGE,,QUESTIONABLE,DNP,Illness,2021-12-11,nflverse,,2026-09-07T05:45:02.885579+00:00,2021-12-11T00:00:00
NFL_DET_00-0029630_2021W14_QUESTIONABLE_LP,NFL,2021,14,2021_NFL_W14_DET_DEN,NFL_DET,NFL_P_00-0029630,EDGE,,QUESTIONABLE,LP,Knee,2021-12-11,nflverse,,2026-09-07T05:45:02.885579+00:00,2021-12-11T00:00:00
NFL_DET_00-0036258_2021W14_QUESTIONABLE_LP,NFL,2021,14,2021_NFL_W14_DET_DEN,NFL_DET,NFL_P_00-0036258,OL,,QUESTIONABLE,LP,Illness,2021-12-11,nflverse,,2026-09-07T05:45:02.885579+00:00,2021-12-11T00:00:00
NFL_DET_00-0035328_2021W14_QUESTIONABLE_LP,NFL,2021,14,2021_NFL_W14_DET_DEN,NFL_DET,NFL_P_00-0035328,OL,,QUESTIONABLE,LP,Ankle,2021-12-11,nflverse,,2026-09-07T05:45:02.885579+00:00,2021-12-11T00:00:00
NFL_DET_00-0036816_2021W14_QUESTIONABLE_LP,NFL,2021,14,2021_NFL_W14_DET_DEN,NFL_DET,NFL_P_00-0036816,K,,QUESTIONABLE,LP,Illness,2021-12-11,nflverse,,2026-09-07T05:45:02.885579+00:00,2021-12-11T00:00:00
NFL_DET_00-0036238_2021W14_QUESTIONABLE_LP,NFL,2021,14,2021_NFL_W14_DET_DEN,NFL_DET,NFL_P_00-0036238,DL,,QUESTIONABLE,LP,Illness,2021-12-11,nflverse,,2026-09-07T05:45:02.885579+00:00,2021-12-11T00:00:00
NFL_DET_00-0036880_2021W14_QUESTIONABLE_LP,NFL,2021,14,2021_NFL_W14_DET_DEN,NFL_DET,NFL_P_00-0036880,OL,,QUESTIONABLE,LP,Illness,2021-12-11,nflverse,,2026-09-07T05:45:02.885579+00:00,2021-12-11T00:00:00
NFL_DET_00-0032785_2021W14_QUESTIONABLE_LP,NFL,2021,14,2021_NFL_W14_DET_DEN,NFL_DET,NFL_P_00-0032785,OL,,QUESTIONABLE,LP,Illness,2021-12-11,nflverse,,2026-09-07T05:45:02.885579+00:00,2021-12-11T00:00:00
NFL_DET_00-0030500_2021W14_QUESTIONABLE_LP,NFL,2021,14,2021_NFL_W14_DET_DEN,NFL_DET,NFL_P_00-0030500,EDGE,,QUESTIONABLE,LP,Illness,2021-12-11,nflverse,,2026-09-07T05:45:02.885579+00:00,2021-12-11T00:00:00
NFL_GB_00-0031381_2021W14_NA_LP,NFL,2021,14,2021_NFL_W14_CHI_GB,NFL_GB,NFL_P_00-0031381,WR,,UNKNOWN,LP,Hamstring,2021-12-12,nflverse,,2026-09-07T05:45:02.885579+00:00,2021-12-12T00:00:00
NFL_GB_00-0023459_2021W14_NA_LP,NFL,2021,14,2021_NFL_W14_CHI_GB,NFL_GB,NFL_P_00-0023459,QB,,UNKNOWN,LP,Toe,2021-12-12,nflverse,,2026-09-07T05:45:02.885579+00:00,2021-12-12T00:00:00
NFL_GB_00-0034272_2021W14_NA_LP,NFL,2021,14,2021_NFL_W14_CHI_GB,NFL_GB,NFL_P_00-0034272,WR,,UNKNOWN,LP,Back,2021-12-12,nflverse,,2026-09-07T05:45:02.885579+00:00,2021-12-12T00:00:00
NFL_GB_00-0030074_2021W14_OUT_DNP,NFL,2021,14,2021_NFL_W14_CHI_GB,NFL_GB,NFL_P_00-0030074,OL,,OUT,DNP,Knee,2021-12-12,nflverse,,2026-09-07T05:45:02.885579+00:00,2021-12-12T00:00:00
NFL_GB_00-0028002_2021W14_OUT_DNP,NFL,2021,14,2021_NFL_W14_CHI_GB,NFL_GB,NFL_P_00-0028002,WR,,OUT,DNP,Core,2021-12-12,nflverse,,2026-09-07T05:45:02.885579+00:00,2021-12-12T00:00:00
NFL_GB_00-0032401_2021W14_QUESTIONABLE_LP,NFL,2021,14,2021_NFL_W14_CHI_GB,NFL_GB,NFL_P_00-0032401,LB,,QUESTIONABLE,LP,Illness,2021-12-12,nflverse,,2026-09-07T05:45:02.885579+00:00,2021-12-12T00:00:00
NFL_HOU_00-0030288_2021W14_NA_LP,NFL,2021,14,2021_NFL_W14_SEA_HOU,NFL_HOU,NFL_P_00-0030288,RB,,UNKNOWN,LP,Not injury related - resting player,2021-12-11,nflverse,,2026-09-07T05:45:02.885579+00:00,2021-12-11T00:00:00
NFL_HOU_00-0031338_2021W14_OUT_DNP,NFL,2021,14,2021_NFL_W14_SEA_HOU,NFL_HOU,NFL_P_00-0031338,S,,OUT,DNP,Hamstring,2021-12-11,nflverse,,2026-09-07T05:45:02.885579+00:00,2021-12-11T00:00:00
NFL_HOU_00-0033537_2021W14_OUT_DNP,NFL,2021,14,2021_NFL_W14_SEA_HOU,NFL_HOU,NFL_P_00-0033537,QB,,OUT,DNP,Not injury related - personal matter,2021-12-11,nflverse,,2026-09-07T05:45:02.885579+00:00,2021-12-11T00:00:00
NFL_HOU_00-0031308_2021W14_QUESTIONABLE_DNP,NFL,2021,14,2021_NFL_W14_SEA_HOU,NFL_HOU,NFL_P_00-0031308,LB,,QUESTIONABLE,DNP,Hamstring,2021-12-11,nflverse,,2026-09-07T05:45:02.885579+00:00,2021-12-11T00:00:00
NFL_HOU_00-0031236_2021W14_QUESTIONABLE_LP,NFL,2021,14,2021_NFL_W14_SEA_HOU,NFL_HOU,NFL_P_00-0031236,WR,,QUESTIONABLE,LP,Back,2021-12-11,nflverse,,2026-09-07T05:45:02.885579+00:00,2021-12-11T00:00:00
NFL_HOU_00-0036224_2021W14_QUESTIONABLE_LP,NFL,2021,14,2021_NFL_W14_SEA_HOU,NFL_HOU,NFL_P_00-0036224,EDGE,,QUESTIONABLE,LP,Foot,2021-12-11,nflverse,,2026-09-07T05:45:02.885579+00:00,2021-12-11T00:00:00
NFL_HOU_00-0036556_2021W14_QUESTIONABLE_LP,NFL,2021,14,2021_NFL_W14_SEA_HOU,NFL_HOU,NFL_P_00-0036556,TE,,QUESTIONABLE,LP,Hand,2021-12-11,nflverse,,2026-09-07T05:45:02.885579+00:00,2021-12-11T00:00:00
NFL_HOU_00-0034594_2021W14_QUESTIONABLE_LP,NFL,2021,14,2021_NFL_W14_SEA_HOU,NFL_HOU,NFL_P_00-0034594,S,,QUESTIONABLE,LP,Hip,2021-12-11,nflverse,,2026-09-07T05:45:02.885579+00:00,2021-12-11T00:00:00
NFL_HOU_00-0035307_2021W14_QUESTIONABLE_LP,NFL,2021,14,2021_NFL_W14_SEA_HOU,NFL_HOU,NFL_P_00-0035307,CB,,QUESTIONABLE,LP,Foot,2021-12-11,nflverse,,2026-09-07T05:45:02.885579+00:00,2021-12-11T00:00:00
NFL_JAX_00-0031369_2021W14_OUT_DNP,NFL,2021,14,2021_NFL_W14_JAX_TEN,NFL_JAX,NFL_P_00-0031369,OL,,OUT,DNP,Back,2021-12-11,nflverse,,2026-09-07T05:45:02.885579+00:00,2021-12-11T00:00:00
NFL_KC_00-0034145_2021W14_OUT_DNP,NFL,2021,14,2021_NFL_W14_LV_KC,NFL_KC,NFL_P_00-0034145,CB,,OUT,DNP,Ankle,2021-12-11,nflverse,,2026-09-07T05:45:02.885579+00:00,2021-12-11T00:00:00
NFL_KC_00-0036374_2021W14_QUESTIONABLE_NA,NFL,2021,14,2021_NFL_W14_LV_KC,NFL_KC,NFL_P_00-0036374,CB,,QUESTIONABLE,,Not injury related - personal matter,2021-12-11,nflverse,,2026-09-07T05:45:02.885579+00:00,2021-12-11T00:00:00
NFL_KC_00-0035147_2021W14_QUESTIONABLE_LP,NFL,2021,14,2021_NFL_W14_LV_KC,NFL_KC,NFL_P_00-0035147,CB,,QUESTIONABLE,LP,Knee,2021-12-11,nflverse,,2026-09-07T05:45:02.885579+00:00,2021-12-11T00:00:00
NFL_KC_00-0036367_2021W14_QUESTIONABLE_LP,NFL,2021,14,2021_NFL_W14_LV_KC,NFL_KC,NFL_P_00-0036367,OL,,QUESTIONABLE,LP,Ribs,2021-12-11,nflverse,,2026-09-07T05:45:02.885579+00:00,2021-12-11T00:00:00
NFL_LAR_00-0031235_2021W14_NA_DNP,NFL,2021,14,2021_NFL_W14_LAR_ARI,NFL_LAR,NFL_P_00-0031235,WR,,UNKNOWN,DNP,Not injury related - resting player,2021-12-13,nflverse,,2026-09-07T05:45:02.885579+00:00,2021-12-13T00:00:00
NFL_LAR_00-0031388_2021W14_NA_DNP,NFL,2021,14,2021_NFL_W14_LAR_ARI,NFL_LAR,NFL_P_00-0031388,DL,,UNKNOWN,DNP,Not injury related - resting player,2021-12-13,nflverse,,2026-09-07T05:45:02.885579+00:00,2021-12-13T00:00:00
NFL_LAR_00-0036904_2021W14_NA_DNP,NFL,2021,14,2021_NFL_W14_LAR_ARI,NFL_LAR,NFL_P_00-0036904,CB,,UNKNOWN,DNP,Chest,2021-12-13,nflverse,,2026-09-07T05:45:02.885579+00:00,2021-12-13T00:00:00
NFL_LAR_00-0024270_2021W14_NA_DNP,NFL,2021,14,2021_NFL_W14_LAR_ARI,NFL_LAR,NFL_P_00-0024270,OL,,UNKNOWN,DNP,Not injury related - resting player,2021-12-13,nflverse,,2026-09-07T05:45:02.885579+00:00,2021-12-13T00:00:00
NFL_LAR_00-0035664_2021W14_NA_LP,NFL,2021,14,2021_NFL_W14_LAR_ARI,NFL_LAR,NFL_P_00-0035664,RB,,UNKNOWN,LP,Thigh,2021-12-13,nflverse,,2026-09-07T05:45:02.885579+00:00,2021-12-13T00:00:00
NFL_LAR_00-0034804_2021W14_DOUBTFUL_DNP,NFL,2021,14,2021_NFL_W14_LAR_ARI,NFL_LAR,NFL_P_00-0034804,OL,,DOUBTFUL,DNP,Knee,2021-12-13,nflverse,,2026-09-07T05:45:02.885579+00:00,2021-12-13T00:00:00
NFL_LAR_00-0032641_2021W14_QUESTIONABLE_DNP,NFL,2021,14,2021_NFL_W14_LAR_ARI,NFL_LAR,NFL_P_00-0032641,CB,,QUESTIONABLE,DNP,Illness,2021-12-13,nflverse,,2026-09-07T05:45:02.885579+00:00,2021-12-13T00:00:00
NFL_LAR_00-0036419_2021W14_QUESTIONABLE_LP,NFL,2021,14,2021_NFL_W14_LAR_ARI,NFL_LAR,NFL_P_00-0036419,LB,,QUESTIONABLE,LP,Back,2021-12-13,nflverse,,2026-09-07T05:45:02.885579+00:00,2021-12-13T00:00:00
NFL_LAC_00-0032955_2021W14_OUT_DNP,NFL,2021,14,2021_NFL_W14_NYG_LAC,NFL_LAC,NFL_P_00-0032955,LB,,OUT,DNP,Knee,2021-12-11,nflverse,,2026-09-07T05:45:02.885579+00:00,2021-12-11T00:00:00
NFL_LAC_00-0036380_2021W14_OUT_DNP,NFL,2021,14,2021_NFL_W14_NYG_LAC,NFL_LAC,NFL_P_00-0036380,S,,OUT,DNP,Quadricep,2021-12-11,nflverse,,2026-09-07T05:45:02.885579+00:00,2021-12-11T00:00:00
NFL_LAC_00-0036617_2021W14_OUT_LP,NFL,2021,14,2021_NFL_W14_NYG_LAC,NFL_LAC,NFL_P_00-0036617,CB,,OUT,LP,Concussion,2021-12-11,nflverse,,2026-09-07T05:45:02.885579+00:00,2021-12-11T00:00:00
NFL_LAC_00-0034677_2021W14_QUESTIONABLE_FP,NFL,2021,14,2021_NFL_W14_NYG_LAC,NFL_LAC,NFL_P_00-0034677,DL,,QUESTIONABLE,FP,Ankle,2021-12-11,nflverse,,2026-09-07T05:45:02.885579+00:00,2021-12-11T00:00:00
NFL_LV_00-0033118_2021W14_NA_DNP,NFL,2021,14,2021_NFL_W14_LV_KC,NFL_LV,NFL_P_00-0033118,RB,,UNKNOWN,DNP,Ankle,2021-12-11,nflverse,,2026-09-07T05:45:02.885579+00:00,2021-12-11T00:00:00
NFL_LV_00-0032773_2021W14_NA_DNP,NFL,2021,14,2021_NFL_W14_LV_KC,NFL_LV,NFL_P_00-0032773,LB,,UNKNOWN,DNP,Ankle,2021-12-11,nflverse,,2026-09-07T05:45:02.885579+00:00,2021-12-11T00:00:00
NFL_LV_00-0032416_2021W14_NA_LP,NFL,2021,14,2021_NFL_W14_LV_KC,NFL_LV,NFL_P_00-0032416,DL,,UNKNOWN,LP,Back,2021-12-11,nflverse,,2026-09-07T05:45:02.885579+00:00,2021-12-11T00:00:00
NFL_LV_00-0033956_2021W14_NA_LP,NFL,2021,14,2021_NFL_W14_LV_KC,NFL_LV,NFL_P_00-0033956,LB,,UNKNOWN,LP,Ribs,2021-12-11,nflverse,,2026-09-07T05:45:02.885579+00:00,2021-12-11T00:00:00
NFL_LV_00-0033129_2021W14_OUT_DNP,NFL,2021,14,2021_NFL_W14_LV_KC,NFL_LV,NFL_P_00-0033129,EDGE,,OUT,DNP,Knee,2021-12-11,nflverse,,2026-09-07T05:45:02.885579+00:00,2021-12-11T00:00:00
NFL_LV_00-0032573_2021W14_OUT_DNP,NFL,2021,14,2021_NFL_W14_LV_KC,NFL_LV,NFL_P_00-0032573,LB,,OUT,DNP,Hamstring,2021-12-11,nflverse,,2026-09-07T05:45:02.885579+00:00,2021-12-11T00:00:00
NFL_LV_00-0031610_2021W14_OUT_DNP,NFL,2021,14,2021_NFL_W14_LV_KC,NFL_LV,NFL_P_00-0031610,TE,,OUT,DNP,Knee,2021-12-11,nflverse,,2026-09-07T05:45:02.885579+00:00,2021-12-11T00:00:00
NFL_LV_00-0032103_2021W14_DOUBTFUL_DNP,NFL,2021,14,2021_NFL_W14_LV_KC,NFL_LV,NFL_P_00-0032103,LB,,DOUBTFUL,DNP,Ankle,2021-12-11,nflverse,,2026-09-07T05:45:02.885579+00:00,2021-12-11T00:00:00
NFL_MIN_00-0036616_2021W14_OUT_DNP,NFL,2021,14,2021_NFL_W14_PIT_MIN,NFL_MIN,NFL_P_00-0036616,OL,,OUT,DNP,Ankle,2021-12-09,nflverse,,2026-09-07T05:45:02.885579+00:00,2021-12-09T00:00:00
NFL_MIN_00-0030035_2021W14_OUT_DNP,NFL,2021,14,2021_NFL_W14_PIT_MIN,NFL_MIN,NFL_P_00-0030035,WR,,OUT,DNP,Ankle,2021-12-09,nflverse,,2026-09-07T05:45:02.885579+00:00,2021-12-09T00:00:00
NFL_MIN_00-0036629_2021W14_QUESTIONABLE_FP,NFL,2021,14,2021_NFL_W14_PIT_MIN,NFL_MIN,NFL_P_00-0036629,S,,QUESTIONABLE,FP,Ankle,2021-12-09,nflverse,,2026-09-07T05:45:02.885579+00:00,2021-12-09T00:00:00
NFL_MIN_00-0033893_2021W14_QUESTIONABLE_LP,NFL,2021,14,2021_NFL_W14_PIT_MIN,NFL_MIN,NFL_P_00-0033893,RB,,QUESTIONABLE,LP,Shoulder,2021-12-09,nflverse,,2026-09-07T05:45:02.885579+00:00,2021-12-09T00:00:00
NFL_MIN_00-0035984_2021W14_QUESTIONABLE_LP,NFL,2021,14,2021_NFL_W14_PIT_MIN,NFL_MIN,NFL_P_00-0035984,LB,,QUESTIONABLE,LP,Hip,2021-12-09,nflverse,,2026-09-07T05:45:02.885579+00:00,2021-12-09T00:00:00
NFL_NO_00-0030067_2021W14_NA_LP,NFL,2021,14,2021_NFL_W14_NO_NYJ,NFL_NO,NFL_P_00-0030067,OL,,UNKNOWN,LP,Knee,2021-12-11,nflverse,,2026-09-07T05:45:02.885579+00:00,2021-12-11T00:00:00
NFL_NO_00-0034344_2021W14_NA_LP,NFL,2021,14,2021_NFL_W14_NO_NYJ,NFL_NO,NFL_P_00-0034344,EDGE,,UNKNOWN,LP,Shoulder,2021-12-11,nflverse,,2026-09-07T05:45:02.885579+00:00,2021-12-11T00:00:00
NFL_NO_00-0033888_2021W14_OUT_DNP,NFL,2021,14,2021_NFL_W14_NO_NYJ,NFL_NO,NFL_P_00-0033888,OL,,OUT,DNP,Knee,2021-12-11,nflverse,,2026-09-07T05:45:02.885579+00:00,2021-12-11T00:00:00
NFL_NO_00-0036927_2021W14_OUT_DNP,NFL,2021,14,2021_NFL_W14_NO_NYJ,NFL_NO,NFL_P_00-0036927,LB,,OUT,DNP,Elbow,2021-12-11,nflverse,,2026-09-07T05:45:02.885579+00:00,2021-12-11T00:00:00
NFL_NO_00-0035316_2021W14_OUT_LP,NFL,2021,14,2021_NFL_W14_NO_NYJ,NFL_NO,NFL_P_00-0035316,LB,,OUT,LP,Hamstring,2021-12-11,nflverse,,2026-09-07T05:45:02.885579+00:00,2021-12-11T00:00:00
NFL_NO_00-0035406_2021W14_QUESTIONABLE_DNP,NFL,2021,14,2021_NFL_W14_NO_NYJ,NFL_NO,NFL_P_00-0035406,WR,,QUESTIONABLE,DNP,Hamstring,2021-12-11,nflverse,,2026-09-07T05:45:02.885579+00:00,2021-12-11T00:00:00
NFL_NYG_00-0034844_2021W14_NA_LP,NFL,2021,14,2021_NFL_W14_NYG_LAC,NFL_NYG,NFL_P_00-0034844,RB,,UNKNOWN,LP,Ankle,2021-12-11,nflverse,,2026-09-07T05:45:02.885579+00:00,2021-12-11T00:00:00
NFL_NYG_00-0030520_2021W14_NA_LP,NFL,2021,14,2021_NFL_W14_NYG_LAC,NFL_NYG,NFL_P_00-0030520,QB,,UNKNOWN,LP,Concussion,2021-12-11,nflverse,,2026-09-07T05:45:02.885579+00:00,2021-12-11T00:00:00
NFL_NYG_00-0033878_2021W14_OUT_DNP,NFL,2021,14,2021_NFL_W14_NYG_LAC,NFL_NYG,NFL_P_00-0033878,CB,,OUT,DNP,Quadricep,2021-12-11,nflverse,,2026-09-07T05:45:02.885579+00:00,2021-12-11T00:00:00
NFL_NYG_00-0035710_2021W14_OUT_LP,NFL,2021,14,2021_NFL_W14_NYG_LAC,NFL_NYG,NFL_P_00-0035710,QB,,OUT,LP,Neck,2021-12-11,nflverse,,2026-09-07T05:45:02.885579+00:00,2021-12-11T00:00:00
NFL_NYG_00-0036913_2021W14_OUT_LP,NFL,2021,14,2021_NFL_W14_NYG_LAC,NFL_NYG,NFL_P_00-0036913,WR,,OUT,LP,Oblique,2021-12-11,nflverse,,2026-09-07T05:45:02.885579+00:00,2021-12-11T00:00:00
NFL_NYG_00-0032143_2021W14_QUESTIONABLE_DNP,NFL,2021,14,2021_NFL_W14_NYG_LAC,NFL_NYG,NFL_P_00-0032143,DL,,QUESTIONABLE,DNP,Calf,2021-12-11,nflverse,,2026-09-07T05:45:02.885579+00:00,2021-12-11T00:00:00
NFL_NYG_00-0033932_2021W14_QUESTIONABLE_LP,NFL,2021,14,2021_NFL_W14_NYG_LAC,NFL_NYG,NFL_P_00-0033932,WR,,QUESTIONABLE,LP,Rib,2021-12-11,nflverse,,2026-09-07T05:45:02.885579+00:00,2021-12-11T00:00:00
NFL_NYG_00-0032385_2021W14_QUESTIONABLE_LP,NFL,2021,14,2021_NFL_W14_NYG_LAC,NFL_NYG,NFL_P_00-0032385,WR,,QUESTIONABLE,LP,Quadricep,2021-12-11,nflverse,,2026-09-07T05:45:02.885579+00:00,2021-12-11T00:00:00
NFL_NYJ_00-0036501_2021W14_OUT_DNP,NFL,2021,14,2021_NFL_W14_NO_NYJ,NFL_NYJ,NFL_P_00-0036501,CB,,OUT,DNP,Concussion,2021-12-11,nflverse,,2026-09-07T05:45:02.885579+00:00,2021-12-11T00:00:00
NFL_NYJ_00-0032058_2021W14_OUT_DNP,NFL,2021,14,2021_NFL_W14_NO_NYJ,NFL_NYJ,NFL_P_00-0032058,RB,,OUT,DNP,Concussion,2021-12-11,nflverse,,2026-09-07T05:45:02.885579+00:00,2021-12-11T00:00:00
NFL_NYJ_00-0035259_2021W14_OUT_DNP,NFL,2021,14,2021_NFL_W14_NO_NYJ,NFL_NYJ,NFL_P_00-0035259,TE,,OUT,DNP,Ankle,2021-12-11,nflverse,,2026-09-07T05:45:02.885579+00:00,2021-12-11T00:00:00
NFL_NYJ_00-0036980_2021W14_QUESTIONABLE_DNP,NFL,2021,14,2021_NFL_W14_NO_NYJ,NFL_NYJ,NFL_P_00-0036980,WR,,QUESTIONABLE,DNP,Quadricep,2021-12-11,nflverse,,2026-09-07T05:45:02.885579+00:00,2021-12-11T00:00:00
NFL_NYJ_00-0034805_2021W14_QUESTIONABLE_FP,NFL,2021,14,2021_NFL_W14_NO_NYJ,NFL_NYJ,NFL_P_00-0034805,EDGE,,QUESTIONABLE,FP,Hip,2021-12-11,nflverse,,2026-09-07T05:45:02.885579+00:00,2021-12-11T00:00:00
NFL_NYJ_00-0030108_2021W14_QUESTIONABLE_FP,NFL,2021,14,2021_NFL_W14_NO_NYJ,NFL_NYJ,NFL_P_00-0030108,TE,,QUESTIONABLE,FP,Knee,2021-12-11,nflverse,,2026-09-07T05:45:02.885579+00:00,2021-12-11T00:00:00
NFL_NYJ_00-0031296_2021W14_QUESTIONABLE_FP,NFL,2021,14,2021_NFL_W14_NO_NYJ,NFL_NYJ,NFL_P_00-0031296,LB,,QUESTIONABLE,FP,Back,2021-12-11,nflverse,,2026-09-07T05:45:02.885579+00:00,2021-12-11T00:00:00
NFL_NYJ_00-0032759_2021W14_QUESTIONABLE_FP,NFL,2021,14,2021_NFL_W14_NO_NYJ,NFL_NYJ,NFL_P_00-0032759,DL,,QUESTIONABLE,FP,Knee,2021-12-11,nflverse,,2026-09-07T05:45:02.885579+00:00,2021-12-11T00:00:00
NFL_NYJ_00-0031022_2021W14_QUESTIONABLE_LP,NFL,2021,14,2021_NFL_W14_NO_NYJ,NFL_NYJ,NFL_P_00-0031022,OL,,QUESTIONABLE,LP,Ankle,2021-12-11,nflverse,,2026-09-07T05:45:02.885579+00:00,2021-12-11T00:00:00
NFL_PIT_00-0035219_2021W14_OUT_DNP,NFL,2021,14,2021_NFL_W14_PIT_MIN,NFL_PIT,NFL_P_00-0035219,EDGE,,OUT,DNP,Ankle,2021-12-09,nflverse,,2026-09-07T05:45:02.885579+00:00,2021-12-09T00:00:00
NFL_PIT_00-0031779_2021W14_OUT_DNP,NFL,2021,14,2021_NFL_W14_PIT_MIN,NFL_PIT,NFL_P_00-0031779,OL,,OUT,DNP,Back,2021-12-09,nflverse,,2026-09-07T05:45:02.885579+00:00,2021-12-09T00:00:00
NFL_PIT_00-0027860_2021W14_OUT_DNP,NFL,2021,14,2021_NFL_W14_PIT_MIN,NFL_PIT,NFL_P_00-0027860,CB,,OUT,DNP,Foot,2021-12-09,nflverse,,2026-09-07T05:45:02.885579+00:00,2021-12-09T00:00:00
NFL_PIT_00-0034720_2021W14_OUT_DNP,NFL,2021,14,2021_NFL_W14_PIT_MIN,NFL_PIT,NFL_P_00-0034720,LB,,OUT,DNP,Knee,2021-12-09,nflverse,,2026-09-07T05:45:02.885579+00:00,2021-12-09T00:00:00
NFL_SEA_00-0026166_2021W14_NA_DNP,NFL,2021,14,2021_NFL_W14_SEA_HOU,NFL_SEA,NFL_P_00-0026166,OL,,UNKNOWN,DNP,Not injury related - resting player,2021-12-11,nflverse,,2026-09-07T05:45:02.885579+00:00,2021-12-11T00:00:00
NFL_SEA_00-0027662_2021W14_NA_DNP,NFL,2021,14,2021_NFL_W14_SEA_HOU,NFL_SEA,NFL_P_00-0027662,LB,,UNKNOWN,DNP,Not injury related - resting player,2021-12-11,nflverse,,2026-09-07T05:45:02.885579+00:00,2021-12-11T00:00:00
NFL_SEA_00-0031367_2021W14_NA_DNP,NFL,2021,14,2021_NFL_W14_SEA_HOU,NFL_SEA,NFL_P_00-0031367,OL,,UNKNOWN,DNP,Not injury related - resting player,2021-12-11,nflverse,,2026-09-07T05:45:02.885579+00:00,2021-12-11T00:00:00
NFL_SEA_00-0027723_2021W14_NA_DNP,NFL,2021,14,2021_NFL_W14_SEA_HOU,NFL_SEA,NFL_P_00-0027723,DL,,UNKNOWN,DNP,Not injury related - resting player,2021-12-11,nflverse,,2026-09-07T05:45:02.885579+00:00,2021-12-11T00:00:00
NFL_SEA_00-0032426_2021W14_NA_LP,NFL,2021,14,2021_NFL_W14_SEA_HOU,NFL_SEA,NFL_P_00-0032426,RB,,UNKNOWN,LP,Abdomen,2021-12-11,nflverse,,2026-09-07T05:45:02.885579+00:00,2021-12-11T00:00:00
NFL_SEA_00-0033872_2021W14_OUT_DNP,NFL,2021,14,2021_NFL_W14_SEA_HOU,NFL_SEA,NFL_P_00-0033872,S,,OUT,DNP,Shoulder,2021-12-11,nflverse,,2026-09-07T05:45:02.885579+00:00,2021-12-11T00:00:00
NFL_SEA_00-0033592_2021W14_OUT_DNP,NFL,2021,14,2021_NFL_W14_SEA_HOU,NFL_SEA,NFL_P_00-0033592,OL,,OUT,DNP,Calf,2021-12-11,nflverse,,2026-09-07T05:45:02.885579+00:00,2021-12-11T00:00:00
NFL_SEA_00-0035594_2021W14_OUT_DNP,NFL,2021,14,2021_NFL_W14_SEA_HOU,NFL_SEA,NFL_P_00-0035594,RB,,OUT,DNP,Calf,2021-12-11,nflverse,,2026-09-07T05:45:02.885579+00:00,2021-12-11T00:00:00
NFL_SEA_00-0032420_2021W14_OUT_DNP,NFL,2021,14,2021_NFL_W14_SEA_HOU,NFL_SEA,NFL_P_00-0032420,OL,,OUT,DNP,Shoulder,2021-12-11,nflverse,,2026-09-07T05:45:02.885579+00:00,2021-12-11T00:00:00
NFL_SEA_00-0031608_2021W14_QUESTIONABLE_LP,NFL,2021,14,2021_NFL_W14_SEA_HOU,NFL_SEA,NFL_P_00-0031608,S,,QUESTIONABLE,LP,Calf,2021-12-11,nflverse,,2026-09-07T05:45:02.885579+00:00,2021-12-11T00:00:00
NFL_SF_00-0034164_2021W14_OUT_DNP,NFL,2021,14,2021_NFL_W14_SF_CIN,NFL_SF,NFL_P_00-0034164,RB,,OUT,DNP,Concussion,2021-12-11,nflverse,,2026-09-07T05:45:02.885579+00:00,2021-12-11T00:00:00
NFL_SF_00-0034982_2021W14_OUT_DNP,NFL,2021,14,2021_NFL_W14_SF_CIN,NFL_SF,NFL_P_00-0034982,LB,,OUT,DNP,Groin,2021-12-11,nflverse,,2026-09-07T05:45:02.885579+00:00,2021-12-11T00:00:00
NFL_SF_00-0034746_2021W14_OUT_DNP,NFL,2021,14,2021_NFL_W14_SF_CIN,NFL_SF,NFL_P_00-0034746,DL,,OUT,DNP,Calf,2021-12-11,nflverse,,2026-09-07T05:45:02.885579+00:00,2021-12-11T00:00:00
NFL_SF_00-0036567_2021W14_OUT_DNP,NFL,2021,14,2021_NFL_W14_SF_CIN,NFL_SF,NFL_P_00-0036567,RB,,OUT,DNP,Concussion,2021-12-11,nflverse,,2026-09-07T05:45:02.885579+00:00,2021-12-11T00:00:00
NFL_SF_00-0034096_2021W14_OUT_DNP,NFL,2021,14,2021_NFL_W14_SF_CIN,NFL_SF,NFL_P_00-0034096,CB,,OUT,DNP,Ankle,2021-12-11,nflverse,,2026-09-07T05:45:02.885579+00:00,2021-12-11T00:00:00
NFL_SF_00-0031061_2021W14_QUESTIONABLE_DNP,NFL,2021,14,2021_NFL_W14_SF_CIN,NFL_SF,NFL_P_00-0031061,CB,,QUESTIONABLE,DNP,Not injury related - personal matter,2021-12-11,nflverse,,2026-09-07T05:45:02.885579+00:00,2021-12-11T00:00:00
NFL_SF_00-0035719_2021W14_QUESTIONABLE_LP,NFL,2021,14,2021_NFL_W14_SF_CIN,NFL_SF,NFL_P_00-0035719,WR,,QUESTIONABLE,LP,Groin,2021-12-11,nflverse,,2026-09-07T05:45:02.885579+00:00,2021-12-11T00:00:00
NFL_TB_00-0027656_2021W14_NA_DNP,NFL,2021,14,2021_NFL_W14_BUF_TB,NFL_TB,NFL_P_00-0027656,TE,,UNKNOWN,DNP,Not injury related - resting player,2021-12-11,nflverse,,2026-09-07T05:45:02.885579+00:00,2021-12-11T00:00:00
NFL_TB_00-0027867_2021W14_NA_DNP,NFL,2021,14,2021_NFL_W14_BUF_TB,NFL_TB,NFL_P_00-0027867,LB,,UNKNOWN,DNP,Shoulder,2021-12-11,nflverse,,2026-09-07T05:45:02.885579+00:00,2021-12-11T00:00:00
NFL_TB_00-0027855_2021W14_NA_DNP,NFL,2021,14,2021_NFL_W14_BUF_TB,NFL_TB,NFL_P_00-0027855,DL,,UNKNOWN,DNP,Not injury related - resting player,2021-12-11,nflverse,,2026-09-07T05:45:02.885579+00:00,2021-12-11T00:00:00
NFL_TB_00-0034773_2021W14_NA_LP,NFL,2021,14,2021_NFL_W14_BUF_TB,NFL_TB,NFL_P_00-0034773,DL,,UNKNOWN,LP,Knee,2021-12-11,nflverse,,2026-09-07T05:45:02.885579+00:00,2021-12-11T00:00:00
NFL_TB_00-0034374_2021W14_OUT_DNP,NFL,2021,14,2021_NFL_W14_BUF_TB,NFL_TB,NFL_P_00-0034374,S,,OUT,DNP,Calf,2021-12-11,nflverse,,2026-09-07T05:45:02.885579+00:00,2021-12-11T00:00:00
NFL_TB_00-0036877_2021W14_QUESTIONABLE_FP,NFL,2021,14,2021_NFL_W14_BUF_TB,NFL_TB,NFL_P_00-0036877,WR,,QUESTIONABLE,FP,Concussion,2021-12-11,nflverse,,2026-09-07T05:45:02.885579+00:00,2021-12-11T00:00:00
NFL_TB_00-0035699_2021W14_QUESTIONABLE_FP,NFL,2021,14,2021_NFL_W14_BUF_TB,NFL_TB,NFL_P_00-0035699,CB,,QUESTIONABLE,FP,Concussion,2021-12-11,nflverse,,2026-09-07T05:45:02.885579+00:00,2021-12-11T00:00:00
NFL_TB_00-0030386_2021W14_QUESTIONABLE_LP,NFL,2021,14,2021_NFL_W14_BUF_TB,NFL_TB,NFL_P_00-0030386,EDGE,,QUESTIONABLE,LP,Wrist,2021-12-11,nflverse,,2026-09-07T05:45:02.885579+00:00,2021-12-11T00:00:00
NFL_TB_00-0029895_2021W14_QUESTIONABLE_LP,NFL,2021,14,2021_NFL_W14_BUF_TB,NFL_TB,NFL_P_00-0029895,OL,,QUESTIONABLE,LP,Ankle,2021-12-11,nflverse,,2026-09-07T05:45:02.885579+00:00,2021-12-11T00:00:00
NFL_TEN_00-0034828_2021W14_NA_LP,NFL,2021,14,2021_NFL_W14_JAX_TEN,NFL_TEN,NFL_P_00-0034828,LB,,UNKNOWN,LP,Hamstring,2021-12-11,nflverse,,2026-09-07T05:45:02.885579+00:00,2021-12-11T00:00:00
NFL_TEN_00-0033547_2021W14_OUT_DNP,NFL,2021,14,2021_NFL_W14_JAX_TEN,NFL_TEN,NFL_P_00-0033547,LB,,OUT,DNP,Not Injury Related,2021-12-11,nflverse,,2026-09-07T05:45:02.885579+00:00,2021-12-11T00:00:00
NFL_TEN_00-0036173_2021W14_OUT_DNP,NFL,2021,14,2021_NFL_W14_JAX_TEN,NFL_TEN,NFL_P_00-0036173,TE,,OUT,DNP,Ankle,2021-12-11,nflverse,,2026-09-07T05:45:02.885579+00:00,2021-12-11T00:00:00
NFL_TEN_00-0029681_2021W14_OUT_DNP,NFL,2021,14,2021_NFL_W14_JAX_TEN,NFL_TEN,NFL_P_00-0029681,CB,,OUT,DNP,Ankle,2021-12-11,nflverse,,2026-09-07T05:45:02.885579+00:00,2021-12-11T00:00:00
NFL_TEN_00-0035292_2021W14_OUT_DNP,NFL,2021,14,2021_NFL_W14_JAX_TEN,NFL_TEN,NFL_P_00-0035292,LB,,OUT,DNP,Hamstring,2021-12-11,nflverse,,2026-09-07T05:45:02.885579+00:00,2021-12-11T00:00:00
NFL_TEN_00-0036181_2021W14_OUT_DNP,NFL,2021,14,2021_NFL_W14_JAX_TEN,NFL_TEN,NFL_P_00-0036181,DL,,OUT,DNP,Ankle,2021-12-11,nflverse,,2026-09-07T05:45:02.885579+00:00,2021-12-11T00:00:00
NFL_WAS_00-0033523_2021W14_NA_LP,NFL,2021,14,2021_NFL_W14_DAL_WAS,NFL_WAS,NFL_P_00-0033523,DL,,UNKNOWN,LP,Groin,2021-12-11,nflverse,,2026-09-07T05:45:02.885579+00:00,2021-12-11T00:00:00
NFL_WAS_00-0035444_2021W14_OUT_DNP,NFL,2021,14,2021_NFL_W14_DAL_WAS,NFL_WAS,NFL_P_00-0035444,LB,,OUT,DNP,Hamstring,2021-12-11,nflverse,,2026-09-07T05:45:02.885579+00:00,2021-12-11T00:00:00
NFL_WAS_00-0032432_2021W14_OUT_DNP,NFL,2021,14,2021_NFL_W14_DAL_WAS,NFL_WAS,NFL_P_00-0032432,OL,,OUT,DNP,Ankle,2021-12-11,nflverse,,2026-09-07T05:45:02.885579+00:00,2021-12-11T00:00:00
NFL_WAS_00-0036614_2021W14_QUESTIONABLE_FP,NFL,2021,14,2021_NFL_W14_DAL_WAS,NFL_WAS,NFL_P_00-0036614,LB,,QUESTIONABLE,FP,Concussion,2021-12-11,nflverse,,2026-09-07T05:45:02.885579+00:00,2021-12-11T00:00:00
NFL_WAS_00-0032262_2021W14_QUESTIONABLE_LP,NFL,2021,14,2021_NFL_W14_DAL_WAS,NFL_WAS,NFL_P_00-0032262,S,,QUESTIONABLE,LP,Foot,2021-12-11,nflverse,,2026-09-07T05:45:02.885579+00:00,2021-12-11T00:00:00
NFL_WAS_00-0032602_2021W14_QUESTIONABLE_LP,NFL,2021,14,2021_NFL_W14_DAL_WAS,NFL_WAS,NFL_P_00-0032602,RB,,QUESTIONABLE,LP,Concussion,2021-12-11,nflverse,,2026-09-07T05:45:02.885579+00:00,2021-12-11T00:00:00
NFL_WAS_00-0033282_2021W14_QUESTIONABLE_LP,NFL,2021,14,2021_NFL_W14_DAL_WAS,NFL_WAS,NFL_P_00-0033282,WR,,QUESTIONABLE,LP,Groin,2021-12-11,nflverse,,2026-09-07T05:45:02.885579+00:00,2021-12-11T00:00:00
NFL_ARI_00-0030528_2021W15_OUT_DNP,NFL,2021,15,2021_NFL_W15_ARI_DET,NFL_ARI,NFL_P_00-0030528,CB,,OUT,DNP,Pectoral,2021-12-18,nflverse,,2026-09-07T05:45:02.885579+00:00,2021-12-18T00:00:00
NFL_ARI_00-0030564_2021W15_OUT_DNP,NFL,2021,15,2021_NFL_W15_ARI_DET,NFL_ARI,NFL_P_00-0030564,WR,,OUT,DNP,Knee,2021-12-18,nflverse,,2026-09-07T05:45:02.885579+00:00,2021-12-18T00:00:00
NFL_ARI_00-0033553_2021W15_QUESTIONABLE_LP,NFL,2021,15,2021_NFL_W15_ARI_DET,NFL_ARI,NFL_P_00-0033553,RB,,QUESTIONABLE,LP,Ankle,2021-12-18,nflverse,,2026-09-07T05:45:02.885579+00:00,2021-12-18T00:00:00
NFL_ARI_00-0030061_2021W15_QUESTIONABLE_LP,NFL,2021,15,2021_NFL_W15_ARI_DET,NFL_ARI,NFL_P_00-0030061,TE,,QUESTIONABLE,LP,Hamstring,2021-12-18,nflverse,,2026-09-07T05:45:02.885579+00:00,2021-12-18T00:00:00
NFL_ARI_00-0036371_2021W15_QUESTIONABLE_LP,NFL,2021,15,2021_NFL_W15_ARI_DET,NFL_ARI,NFL_P_00-0036371,DL,,QUESTIONABLE,LP,Shoulder,2021-12-18,nflverse,,2026-09-07T05:45:02.885579+00:00,2021-12-18T00:00:00
NFL_ARI_00-0031105_2021W15_QUESTIONABLE_LP,NFL,2021,15,2021_NFL_W15_ARI_DET,NFL_ARI,NFL_P_00-0031105,DL,,QUESTIONABLE,LP,Ribs,2021-12-18,nflverse,,2026-09-07T05:45:02.885579+00:00,2021-12-18T00:00:00
NFL_ARI_00-0027686_2021W15_QUESTIONABLE_LP,NFL,2021,15,2021_NFL_W15_ARI_DET,NFL_ARI,NFL_P_00-0027686,DL,,QUESTIONABLE,LP,Knee,2021-12-18,nflverse,,2026-09-07T05:45:02.885579+00:00,2021-12-18T00:00:00
NFL_ARI_00-0031557_2021W15_QUESTIONABLE_LP,NFL,2021,15,2021_NFL_W15_ARI_DET,NFL_ARI,NFL_P_00-0031557,EDGE,,QUESTIONABLE,LP,Thumb,2021-12-18,nflverse,,2026-09-07T05:45:02.885579+00:00,2021-12-18T00:00:00
NFL_ARI_00-0030585_2021W15_QUESTIONABLE_LP,NFL,2021,15,2021_NFL_W15_ARI_DET,NFL_ARI,NFL_P_00-0030585,OL,,QUESTIONABLE,LP,Calf,2021-12-18,nflverse,,2026-09-07T05:45:02.885579+00:00,2021-12-18T00:00:00
NFL_ATL_00-0030578_2021W15_NA_DNP,NFL,2021,15,2021_NFL_W15_ATL_SF,NFL_ATL,NFL_P_00-0030578,RB,,UNKNOWN,DNP,Not injury related - resting player,2021-12-18,nflverse,,2026-09-07T05:45:02.885579+00:00,2021-12-18T00:00:00
NFL_ATL_00-0028097_2021W15_NA_DNP,NFL,2021,15,2021_NFL_W15_ATL_SF,NFL_ATL,NFL_P_00-0028097,TE,,UNKNOWN,DNP,Not injury related - resting player,2021-12-18,nflverse,,2026-09-07T05:45:02.885579+00:00,2021-12-18T00:00:00
NFL_ATL_00-0031583_2021W15_NA_LP,NFL,2021,15,2021_NFL_W15_ATL_SF,NFL_ATL,NFL_P_00-0031583,DL,,UNKNOWN,LP,Not injury related - resting player,2021-12-18,nflverse,,2026-09-07T05:45:02.885579+00:00,2021-12-18T00:00:00
NFL_ATL_00-0032320_2021W15_OUT_DNP,NFL,2021,15,2021_NFL_W15_ATL_SF,NFL_ATL,NFL_P_00-0032320,S,,OUT,DNP,Chest,2021-12-18,nflverse,,2026-09-07T05:45:02.885579+00:00,2021-12-18T00:00:00
NFL_ATL_00-0032052_2021W15_QUESTIONABLE_LP,NFL,2021,15,2021_NFL_W15_ATL_SF,NFL_ATL,NFL_P_00-0032052,LB,,QUESTIONABLE,LP,Calf,2021-12-18,nflverse,,2026-09-07T05:45:02.885579+00:00,2021-12-18T00:00:00
NFL_BAL_00-0028008_2021W15_NA_DNP,NFL,2021,15,2021_NFL_W15_GB_BAL,NFL_BAL,NFL_P_00-0028008,LB,,UNKNOWN,DNP,Not injury related - resting player,2021-12-18,nflverse,,2026-09-07T05:45:02.885579+00:00,2021-12-18T00:00:00
NFL_BAL_00-0030511_2021W15_NA_DNP,NFL,2021,15,2021_NFL_W15_GB_BAL,NFL_BAL,NFL_P_00-0030511,DL,,UNKNOWN,DNP,Not injury related - resting player,2021-12-18,nflverse,,2026-09-07T05:45:02.885579+00:00,2021-12-18T00:00:00
NFL_BAL_00-0032770_2021W15_NA_DNP,NFL,2021,15,2021_NFL_W15_GB_BAL,NFL_BAL,NFL_P_00-0032770,CB,,UNKNOWN,DNP,Not injury related - resting player,2021-12-18,nflverse,,2026-09-07T05:45:02.885579+00:00,2021-12-18T00:00:00
NFL_BAL_00-0034978_2021W15_OUT_DNP,NFL,2021,15,2021_NFL_W15_GB_BAL,NFL_BAL,NFL_P_00-0034978,OL,,OUT,DNP,Foot,2021-12-18,nflverse,,2026-09-07T05:45:02.885579+00:00,2021-12-18T00:00:00
NFL_BAL_00-0026190_2021W15_DOUBTFUL_DNP,NFL,2021,15,2021_NFL_W15_GB_BAL,NFL_BAL,NFL_P_00-0026190,EDGE,,DOUBTFUL,DNP,Thigh,2021-12-18,nflverse,,2026-09-07T05:45:02.885579+00:00,2021-12-18T00:00:00
NFL_BAL_00-0034796_2021W15_QUESTIONABLE_DNP,NFL,2021,15,2021_NFL_W15_GB_BAL,NFL_BAL,NFL_P_00-0034796,QB,,QUESTIONABLE,DNP,Ankle,2021-12-18,nflverse,,2026-09-07T05:45:02.885579+00:00,2021-12-18T00:00:00
NFL_BAL_00-0030648_2021W15_QUESTIONABLE_FP,NFL,2021,15,2021_NFL_W15_GB_BAL,NFL_BAL,NFL_P_00-0030648,OL,,QUESTIONABLE,FP,Knee,2021-12-18,nflverse,,2026-09-07T05:45:02.885579+00:00,2021-12-18T00:00:00
NFL_BAL_00-0031598_2021W15_QUESTIONABLE_LP,NFL,2021,15,2021_NFL_W15_GB_BAL,NFL_BAL,NFL_P_00-0031598,TE,,QUESTIONABLE,LP,Knee,2021-12-18,nflverse,,2026-09-07T05:45:02.885579+00:00,2021-12-18T00:00:00
NFL_BAL_00-0035662_2021W15_QUESTIONABLE_LP,NFL,2021,15,2021_NFL_W15_GB_BAL,NFL_BAL,NFL_P_00-0035662,WR,,QUESTIONABLE,LP,Illness,2021-12-18,nflverse,,2026-09-07T05:45:02.885579+00:00,2021-12-18T00:00:00
NFL_BAL_00-0035112_2021W15_QUESTIONABLE_LP,NFL,2021,15,2021_NFL_W15_GB_BAL,NFL_BAL,NFL_P_00-0035112,OL,,QUESTIONABLE,LP,Hand,2021-12-18,nflverse,,2026-09-07T05:45:02.885579+00:00,2021-12-18T00:00:00
NFL_BAL_00-0036214_2021W15_QUESTIONABLE_LP,NFL,2021,15,2021_NFL_W15_GB_BAL,NFL_BAL,NFL_P_00-0036214,OL,,QUESTIONABLE,LP,Illness,2021-12-18,nflverse,,2026-09-07T05:45:02.885579+00:00,2021-12-18T00:00:00
NFL_BAL_00-0033376_2021W15_QUESTIONABLE_LP,NFL,2021,15,2021_NFL_W15_GB_BAL,NFL_BAL,NFL_P_00-0033376,RB,,QUESTIONABLE,LP,Back,2021-12-18,nflverse,,2026-09-07T05:45:02.885579+00:00,2021-12-18T00:00:00
NFL_BAL_00-0035422_2021W15_QUESTIONABLE_LP,NFL,2021,15,2021_NFL_W15_GB_BAL,NFL_BAL,NFL_P_00-0035422,CB,,QUESTIONABLE,LP,Knee,2021-12-18,nflverse,,2026-09-07T05:45:02.885579+00:00,2021-12-18T00:00:00
NFL_BUF_00-0028339_2021W15_NA_DNP,NFL,2021,15,2021_NFL_W15_CAR_BUF,NFL_BUF,NFL_P_00-0028339,EDGE,,UNKNOWN,DNP,Not injury related - resting player,2021-12-18,nflverse,,2026-09-07T05:45:02.885579+00:00,2021-12-18T00:00:00
NFL_BUF_00-0029000_2021W15_NA_DNP,NFL,2021,15,2021_NFL_W15_CAR_BUF,NFL_BUF,NFL_P_00-0029000,WR,,UNKNOWN,DNP,Not injury related - resting player,2021-12-18,nflverse,,2026-09-07T05:45:02.885579+00:00,2021-12-18T00:00:00
NFL_BUF_00-0031588_2021W15_NA_DNP,NFL,2021,15,2021_NFL_W15_CAR_BUF,NFL_BUF,NFL_P_00-0031588,WR,,UNKNOWN,DNP,Not injury related - resting player,2021-12-18,nflverse,,2026-09-07T05:45:02.885579+00:00,2021-12-18T00:00:00
NFL_BUF_00-0027685_2021W15_DOUBTFUL_DNP,NFL,2021,15,2021_NFL_W15_CAR_BUF,NFL_BUF,NFL_P_00-0027685,WR,,DOUBTFUL,DNP,Knee,2021-12-18,nflverse,,2026-09-07T05:45:02.885579+00:00,2021-12-18T00:00:00
NFL_BUF_00-0036192_2021W15_QUESTIONABLE_LP,NFL,2021,15,2021_NFL_W15_CAR_BUF,NFL_BUF,NFL_P_00-0036192,EDGE,,QUESTIONABLE,LP,Ankle,2021-12-18,nflverse,,2026-09-07T05:45:02.885579+00:00,2021-12-18T00:00:00
NFL_BUF_00-0028063_2021W15_QUESTIONABLE_LP,NFL,2021,15,2021_NFL_W15_CAR_BUF,NFL_BUF,NFL_P_00-0028063,RB,,QUESTIONABLE,LP,Knee,2021-12-18,nflverse,,2026-09-07T05:45:02.885579+00:00,2021-12-18T00:00:00
NFL_BUF_00-0030455_2021W15_QUESTIONABLE_LP,NFL,2021,15,2021_NFL_W15_CAR_BUF,NFL_BUF,NFL_P_00-0030455,DL,,QUESTIONABLE,LP,Toe,2021-12-18,nflverse,,2026-09-07T05:45:02.885579+00:00,2021-12-18T00:00:00
NFL_CAR_00-0030533_2021W15_NA_DNP,NFL,2021,15,2021_NFL_W15_CAR_BUF,NFL_CAR,NFL_P_00-0030533,QB,,UNKNOWN,DNP,Illness,2021-12-18,nflverse,,2026-09-07T05:45:02.885579+00:00,2021-12-18T00:00:00
NFL_CAR_00-0030228_2021W15_OUT_DNP,NFL,2021,15,2021_NFL_W15_CAR_BUF,NFL_CAR,NFL_P_00-0030228,CB,,OUT,DNP,Foot,2021-12-18,nflverse,,2026-09-07T05:45:02.885579+00:00,2021-12-18T00:00:00
NFL_CAR_00-0032149_2021W15_QUESTIONABLE_FP,NFL,2021,15,2021_NFL_W15_CAR_BUF,NFL_CAR,NFL_P_00-0032149,OL,,QUESTIONABLE,FP,Ankle,2021-12-18,nflverse,,2026-09-07T05:45:02.885579+00:00,2021-12-18T00:00:00
NFL_CAR_00-0035266_2021W15_QUESTIONABLE_LP,NFL,2021,15,2021_NFL_W15_CAR_BUF,NFL_CAR,NFL_P_00-0035266,OL,,QUESTIONABLE,LP,Hamstring,2021-12-18,nflverse,,2026-09-07T05:45:02.885579+00:00,2021-12-18T00:00:00
NFL_CAR_00-0034827_2021W15_QUESTIONABLE_LP,NFL,2021,15,2021_NFL_W15_CAR_BUF,NFL_CAR,NFL_P_00-0034827,WR,,QUESTIONABLE,LP,Hamstring,2021-12-18,nflverse,,2026-09-07T05:45:02.885579+00:00,2021-12-18T00:00:00
NFL_CHI_00-0027973_2021W15_NA_DNP,NFL,2021,15,2021_NFL_W15_MIN_CHI,NFL_CHI,NFL_P_00-0027973,QB,,UNKNOWN,DNP,left Hand,2021-12-20,nflverse,,2026-09-07T05:45:02.885579+00:00,2021-12-20T00:00:00
NFL_CHI_00-0035293_2021W15_OUT_DNP,NFL,2021,15,2021_NFL_W15_MIN_CHI,NFL_CHI,NFL_P_00-0035293,CB,,OUT,DNP,Concussion,2021-12-20,nflverse,,2026-09-07T05:45:02.885579+00:00,2021-12-20T00:00:00
NFL_CHI_00-0032790_2021W15_OUT_DNP,NFL,2021,15,2021_NFL_W15_MIN_CHI,NFL_CHI,NFL_P_00-0032790,S,,OUT,DNP,Forearm,2021-12-20,nflverse,,2026-09-07T05:45:02.885579+00:00,2021-12-20T00:00:00
NFL_CHI_00-0022531_2021W15_OUT_DNP,NFL,2021,15,2021_NFL_W15_MIN_CHI,NFL_CHI,NFL_P_00-0022531,OL,,OUT,DNP,Ankle,2021-12-20,nflverse,,2026-09-07T05:45:02.885579+00:00,2021-12-20T00:00:00
NFL_CHI_00-0030068_2021W15_DOUBTFUL_DNP,NFL,2021,15,2021_NFL_W15_MIN_CHI,NFL_CHI,NFL_P_00-0030068,WR,,DOUBTFUL,DNP,Foot,2021-12-20,nflverse,,2026-09-07T05:45:02.885579+00:00,2021-12-20T00:00:00
NFL_CHI_00-0036909_2021W15_DOUBTFUL_DNP,NFL,2021,15,2021_NFL_W15_MIN_CHI,NFL_CHI,NFL_P_00-0036909,DL,,DOUBTFUL,DNP,Shoulder,2021-12-20,nflverse,,2026-09-07T05:45:02.885579+00:00,2021-12-20T00:00:00
NFL_CHI_00-0029657_2021W15_QUESTIONABLE_FP,NFL,2021,15,2021_NFL_W15_MIN_CHI,NFL_CHI,NFL_P_00-0029657,DL,,QUESTIONABLE,FP,Ankle,2021-12-20,nflverse,,2026-09-07T05:45:02.885579+00:00,2021-12-20T00:00:00
NFL_CHI_00-0034874_2021W15_QUESTIONABLE_FP,NFL,2021,15,2021_NFL_W15_MIN_CHI,NFL_CHI,NFL_P_00-0034874,LB,,QUESTIONABLE,FP,Hamstring,2021-12-20,nflverse,,2026-09-07T05:45:02.885579+00:00,2021-12-20T00:00:00
NFL_CIN_00-0033548_2021W15_NA_DNP,NFL,2021,15,2021_NFL_W15_CIN_DEN,NFL_CIN,NFL_P_00-0033548,CB,,UNKNOWN,DNP,Foot,2021-12-18,nflverse,,2026-09-07T05:45:02.885579+00:00,2021-12-18T00:00:00
NFL_CIN_00-0036442_2021W15_NA_LP,NFL,2021,15,2021_NFL_W15_CIN_DEN,NFL_CIN,NFL_P_00-0036442,QB,,UNKNOWN,LP,right Finger,2021-12-18,nflverse,,2026-09-07T05:45:02.885579+00:00,2021-12-18T00:00:00
NFL_CIN_00-0032043_2021W15_NA_LP,NFL,2021,15,2021_NFL_W15_CIN_DEN,NFL_CIN,NFL_P_00-0032043,OL,,UNKNOWN,LP,Knee,2021-12-18,nflverse,,2026-09-07T05:45:02.885579+00:00,2021-12-18T00:00:00
NFL_CIN_00-0029672_2021W15_OUT_DNP,NFL,2021,15,2021_NFL_W15_CIN_DEN,NFL_CIN,NFL_P_00-0029672,OL,,OUT,DNP,Ankle,2021-12-18,nflverse,,2026-09-07T05:45:02.885579+00:00,2021-12-18T00:00:00
NFL_CIN_00-0036294_2021W15_OUT_DNP,NFL,2021,15,2021_NFL_W15_CIN_DEN,NFL_CIN,NFL_P_00-0036294,LB,,OUT,DNP,Shoulder,2021-12-18,nflverse,,2026-09-07T05:45:02.885579+00:00,2021-12-18T00:00:00
NFL_CIN_00-0032758_2021W15_QUESTIONABLE_DNP,NFL,2021,15,2021_NFL_W15_CIN_DEN,NFL_CIN,NFL_P_00-0032758,CB,,QUESTIONABLE,DNP,Illness,2021-12-18,nflverse,,2026-09-07T05:45:02.885579+00:00,2021-12-18T00:00:00
NFL_CIN_00-0036856_2021W15_QUESTIONABLE_DNP,NFL,2021,15,2021_NFL_W15_CIN_DEN,NFL_CIN,NFL_P_00-0036856,OL,,QUESTIONABLE,DNP,Illness,2021-12-18,nflverse,,2026-09-07T05:45:02.885579+00:00,2021-12-18T00:00:00
NFL_CIN_00-0035295_2021W15_QUESTIONABLE_DNP,NFL,2021,15,2021_NFL_W15_CIN_DEN,NFL_CIN,NFL_P_00-0035295,OL,,QUESTIONABLE,DNP,Illness,2021-12-18,nflverse,,2026-09-07T05:45:02.885579+00:00,2021-12-18T00:00:00
NFL_CIN_00-0036314_2021W15_QUESTIONABLE_FP,NFL,2021,15,2021_NFL_W15_CIN_DEN,NFL_CIN,NFL_P_00-0036314,LB,,QUESTIONABLE,FP,Neck,2021-12-18,nflverse,,2026-09-07T05:45:02.885579+00:00,2021-12-18T00:00:00
NFL_CLE_00-0031364_2021W15_NA_DNP,NFL,2021,15,2021_NFL_W15_LV_CLE,NFL_CLE,NFL_P_00-0031364,EDGE,,UNKNOWN,DNP,Illness,2021-12-19,nflverse,,2026-09-07T05:45:02.885579+00:00,2021-12-19T00:00:00
NFL_CLE_00-0031785_2021W15_NA_DNP,NFL,2021,15,2021_NFL_W15_LV_CLE,NFL_CLE,NFL_P_00-0031785,CB,,UNKNOWN,DNP,Ankle,2021-12-19,nflverse,,2026-09-07T05:45:02.885579+00:00,2021-12-19T00:00:00
NFL_CLE_00-0031426_2021W15_NA_LP,NFL,2021,15,2021_NFL_W15_LV_CLE,NFL_CLE,NFL_P_00-0031426,OL,,UNKNOWN,LP,Back,2021-12-19,nflverse,,2026-09-07T05:45:02.885579+00:00,2021-12-19T00:00:00
NFL_CLE_00-0033868_2021W15_NA_LP,NFL,2021,15,2021_NFL_W15_LV_CLE,NFL_CLE,NFL_P_00-0033868,EDGE,,UNKNOWN,LP,Not injury related - resting player,2021-12-19,nflverse,,2026-09-07T05:45:02.885579+00:00,2021-12-19T00:00:00
NFL_CLE_00-0034779_2021W15_NA_LP,NFL,2021,15,2021_NFL_W15_LV_CLE,NFL_CLE,NFL_P_00-0034779,S,,UNKNOWN,LP,Ankle,2021-12-19,nflverse,,2026-09-07T05:45:02.885579+00:00,2021-12-19T00:00:00
NFL_CLE_00-0030076_2021W15_NA_LP,NFL,2021,15,2021_NFL_W15_LV_CLE,NFL_CLE,NFL_P_00-0030076,OL,,UNKNOWN,LP,Knee,2021-12-19,nflverse,,2026-09-07T05:45:02.885579+00:00,2021-12-19T00:00:00
NFL_CLE_00-0033923_2021W15_OUT_DNP,NFL,2021,15,2021_NFL_W15_LV_CLE,NFL_CLE,NFL_P_00-0033923,RB,,OUT,DNP,Ankle,2021-12-19,nflverse,,2026-09-07T05:45:02.885579+00:00,2021-12-19T00:00:00
NFL_CLE_00-0036996_2021W15_OUT_DNP,NFL,2021,15,2021_NFL_W15_LV_CLE,NFL_CLE,NFL_P_00-0036996,CB,,OUT,DNP,Concussion,2021-12-19,nflverse,,2026-09-07T05:45:02.885579+00:00,2021-12-19T00:00:00
NFL_CLE_00-0036999_2021W15_OUT_DNP,NFL,2021,15,2021_NFL_W15_LV_CLE,NFL_CLE,NFL_P_00-0036999,WR,,OUT,DNP,Concussion,2021-12-19,nflverse,,2026-09-07T05:45:02.885579+00:00,2021-12-19T00:00:00
NFL_CLE_00-0036232_2021W15_QUESTIONABLE_LP,NFL,2021,15,2021_NFL_W15_LV_CLE,NFL_CLE,NFL_P_00-0036232,TE,,QUESTIONABLE,LP,Ankle,2021-12-19,nflverse,,2026-09-07T05:45:02.885579+00:00,2021-12-19T00:00:00
NFL_CLE_00-0029568_2021W15_QUESTIONABLE_LP,NFL,2021,15,2021_NFL_W15_LV_CLE,NFL_CLE,NFL_P_00-0029568,DL,,QUESTIONABLE,LP,Knee,2021-12-19,nflverse,,2026-09-07T05:45:02.885579+00:00,2021-12-19T00:00:00
NFL_DAL_00-0031411_2021W15_NA_LP,NFL,2021,15,2021_NFL_W15_DAL_NYG,NFL_DAL,NFL_P_00-0031411,EDGE,,UNKNOWN,LP,Foot,2021-12-18,nflverse,,2026-09-07T05:45:02.885579+00:00,2021-12-18T00:00:00
NFL_DAL_00-0027947_2021W15_OUT_DNP,NFL,2021,15,2021_NFL_W15_DAL_NYG,NFL_DAL,NFL_P_00-0027947,OL,,OUT,DNP,Ankle,2021-12-18,nflverse,,2026-09-07T05:45:02.885579+00:00,2021-12-18T00:00:00
NFL_DAL_00-0035261_2021W15_QUESTIONABLE_LP,NFL,2021,15,2021_NFL_W15_DAL_NYG,NFL_DAL,NFL_P_00-0035261,RB,,QUESTIONABLE,LP,Foot,2021-12-18,nflverse,,2026-09-07T05:45:02.885579+00:00,2021-12-18T00:00:00
NFL_DEN_00-0035678_2021W15_DOUBTFUL_DNP,NFL,2021,15,2021_NFL_W15_CIN_DEN,NFL_DEN,NFL_P_00-0035678,EDGE,,DOUBTFUL,DNP,Foot,2021-12-18,nflverse,,2026-09-07T05:45:02.885579+00:00,2021-12-18T00:00:00
NFL_DEN_00-0034266_2021W15_DOUBTFUL_DNP,NFL,2021,15,2021_NFL_W15_CIN_DEN,NFL_DEN,NFL_P_00-0034266,LB,,DOUBTFUL,DNP,Concussion,2021-12-18,nflverse,,2026-09-07T05:45:02.885579+00:00,2021-12-18T00:00:00
NFL_DEN_00-0032144_2021W15_QUESTIONABLE_LP,NFL,2021,15,2021_NFL_W15_CIN_DEN,NFL_DEN,NFL_P_00-0032144,RB,,QUESTIONABLE,LP,Thumb,2021-12-18,nflverse,,2026-09-07T05:45:02.885579+00:00,2021-12-18T00:00:00
NFL_DEN_00-0033568_2021W15_QUESTIONABLE_LP,NFL,2021,15,2021_NFL_W15_CIN_DEN,NFL_DEN,NFL_P_00-0033568,CB,,QUESTIONABLE,LP,Neck,2021-12-18,nflverse,,2026-09-07T05:45:02.885579+00:00,2021-12-18T00:00:00
NFL_DEN_00-0031270_2021W15_QUESTIONABLE_LP,NFL,2021,15,2021_NFL_W15_CIN_DEN,NFL_DEN,NFL_P_00-0031270,EDGE,,QUESTIONABLE,LP,Ankle,2021-12-18,nflverse,,2026-09-07T05:45:02.885579+00:00,2021-12-18T00:00:00
NFL_DEN_00-0027872_2021W15_QUESTIONABLE_LP,NFL,2021,15,2021_NFL_W15_CIN_DEN,NFL_DEN,NFL_P_00-0027872,S,,QUESTIONABLE,LP,Back,2021-12-18,nflverse,,2026-09-07T05:45:02.885579+00:00,2021-12-18T00:00:00
NFL_DEN_00-0029528_2021W15_QUESTIONABLE_LP,NFL,2021,15,2021_NFL_W15_CIN_DEN,NFL_DEN,NFL_P_00-0029528,OL,,QUESTIONABLE,LP,Hip,2021-12-18,nflverse,,2026-09-07T05:45:02.885579+00:00,2021-12-18T00:00:00
NFL_DEN_00-0036633_2021W15_QUESTIONABLE_LP,NFL,2021,15,2021_NFL_W15_CIN_DEN,NFL_DEN,NFL_P_00-0036633,CB,,QUESTIONABLE,LP,Shoulder,2021-12-18,nflverse,,2026-09-07T05:45:02.885579+00:00,2021-12-18T00:00:00
NFL_DEN_00-0036997_2021W15_QUESTIONABLE_LP,NFL,2021,15,2021_NFL_W15_CIN_DEN,NFL_DEN,NFL_P_00-0036997,RB,,QUESTIONABLE,LP,Knee,2021-12-18,nflverse,,2026-09-07T05:45:02.885579+00:00,2021-12-18T00:00:00
NFL_DET_00-0036010_2021W15_NA_DNP,NFL,2021,15,2021_NFL_W15_ARI_DET,NFL_DET,NFL_P_00-0036010,S,,UNKNOWN,DNP,Not injury related - personal matter,2021-12-18,nflverse,,2026-09-07T05:45:02.885579+00:00,2021-12-18T00:00:00
NFL_DET_00-0035229_2021W15_NA_DNP,NFL,2021,15,2021_NFL_W15_ARI_DET,NFL_DET,NFL_P_00-0035229,TE,,UNKNOWN,DNP,Hand,2021-12-18,nflverse,,2026-09-07T05:45:02.885579+00:00,2021-12-18T00:00:00
NFL_DET_00-0036249_2021W15_OUT_DNP,NFL,2021,15,2021_NFL_W15_ARI_DET,NFL_DET,NFL_P_00-0036249,LB,,OUT,DNP,Ankle,2021-12-18,nflverse,,2026-09-07T05:45:02.885579+00:00,2021-12-18T00:00:00
NFL_DET_00-0036275_2021W15_OUT_DNP,NFL,2021,15,2021_NFL_W15_ARI_DET,NFL_DET,NFL_P_00-0036275,RB,,OUT,DNP,Shoulder,2021-12-18,nflverse,,2026-09-07T05:45:02.885579+00:00,2021-12-18T00:00:00
NFL_DET_00-0034745_2021W15_QUESTIONABLE_NA,NFL,2021,15,2021_NFL_W15_ARI_DET,NFL_DET,NFL_P_00-0034745,S,,QUESTIONABLE,,Illness,2021-12-18,nflverse,,2026-09-07T05:45:02.885579+00:00,2021-12-18T00:00:00
NFL_DET_00-0033788_2021W15_QUESTIONABLE_DNP,NFL,2021,15,2021_NFL_W15_ARI_DET,NFL_DET,NFL_P_00-0033788,OL,,QUESTIONABLE,DNP,Not injury related - personal matter,2021-12-18,nflverse,,2026-09-07T05:45:02.885579+00:00,2021-12-18T00:00:00
NFL_DET_00-0036258_2021W15_QUESTIONABLE_DNP,NFL,2021,15,2021_NFL_W15_ARI_DET,NFL_DET,NFL_P_00-0036258,OL,,QUESTIONABLE,DNP,Back,2021-12-18,nflverse,,2026-09-07T05:45:02.885579+00:00,2021-12-18T00:00:00
NFL_DET_00-0033914_2021W15_QUESTIONABLE_LP,NFL,2021,15,2021_NFL_W15_ARI_DET,NFL_DET,NFL_P_00-0033914,LB,,QUESTIONABLE,LP,Ankle,2021-12-18,nflverse,,2026-09-07T05:45:02.885579+00:00,2021-12-18T00:00:00
NFL_DET_00-0029630_2021W15_QUESTIONABLE_LP,NFL,2021,15,2021_NFL_W15_ARI_DET,NFL_DET,NFL_P_00-0029630,EDGE,,QUESTIONABLE,LP,Knee,2021-12-18,nflverse,,2026-09-07T05:45:02.885579+00:00,2021-12-18T00:00:00
NFL_DET_00-0033557_2021W15_QUESTIONABLE_LP,NFL,2021,15,2021_NFL_W15_ARI_DET,NFL_DET,NFL_P_00-0033557,LB,,QUESTIONABLE,LP,Shoulder,2021-12-18,nflverse,,2026-09-07T05:45:02.885579+00:00,2021-12-18T00:00:00
NFL_DET_00-0033943_2021W15_QUESTIONABLE_LP,NFL,2021,15,2021_NFL_W15_ARI_DET,NFL_DET,NFL_P_00-0033943,WR,,QUESTIONABLE,LP,Thigh,2021-12-18,nflverse,,2026-09-07T05:45:02.885579+00:00,2021-12-18T00:00:00
NFL_GB_00-0023459_2021W15_NA_DNP,NFL,2021,15,2021_NFL_W15_GB_BAL,NFL_GB,NFL_P_00-0023459,QB,,UNKNOWN,DNP,Toe,2021-12-18,nflverse,,2026-09-07T05:45:02.885579+00:00,2021-12-18T00:00:00
NFL_GB_00-0033293_2021W15_NA_LP,NFL,2021,15,2021_NFL_W15_GB_BAL,NFL_GB,NFL_P_00-0033293,RB,,UNKNOWN,LP,Knee,2021-12-18,nflverse,,2026-09-07T05:45:02.885579+00:00,2021-12-18T00:00:00
NFL_GB_00-0036456_2021W15_OUT_DNP,NFL,2021,15,2021_NFL_W15_GB_BAL,NFL_GB,NFL_P_00-0036456,TE,,OUT,DNP,Ankle,2021-12-18,nflverse,,2026-09-07T05:45:02.885579+00:00,2021-12-18T00:00:00
NFL_GB_00-0031433_2021W15_OUT_DNP,NFL,2021,15,2021_NFL_W15_GB_BAL,NFL_GB,NFL_P_00-0031433,OL,,OUT,DNP,Knee,2021-12-18,nflverse,,2026-09-07T05:45:02.885579+00:00,2021-12-18T00:00:00
NFL_GB_00-0030074_2021W15_OUT_LP,NFL,2021,15,2021_NFL_W15_GB_BAL,NFL_GB,NFL_P_00-0030074,OL,,OUT,LP,Knee,2021-12-18,nflverse,,2026-09-07T05:45:02.885579+00:00,2021-12-18T00:00:00
NFL_GB_00-0034279_2021W15_DOUBTFUL_DNP,NFL,2021,15,2021_NFL_W15_GB_BAL,NFL_GB,NFL_P_00-0034279,WR,,DOUBTFUL,DNP,Concussion,2021-12-18,nflverse,,2026-09-07T05:45:02.885579+00:00,2021-12-18T00:00:00
NFL_GB_00-0035480_2021W15_QUESTIONABLE_LP,NFL,2021,15,2021_NFL_W15_GB_BAL,NFL_GB,NFL_P_00-0035480,WR,,QUESTIONABLE,LP,Abdomen,2021-12-18,nflverse,,2026-09-07T05:45:02.885579+00:00,2021-12-18T00:00:00
NFL_GB_00-0034272_2021W15_QUESTIONABLE_LP,NFL,2021,15,2021_NFL_W15_GB_BAL,NFL_GB,NFL_P_00-0034272,WR,,QUESTIONABLE,LP,Back,2021-12-18,nflverse,,2026-09-07T05:45:02.885579+00:00,2021-12-18T00:00:00
NFL_HOU_00-0031338_2021W15_NA_DNP,NFL,2021,15,2021_NFL_W15_HOU_JAX,NFL_HOU,NFL_P_00-0031338,S,,UNKNOWN,DNP,Hamstring,2021-12-18,nflverse,,2026-09-07T05:45:02.885579+00:00,2021-12-18T00:00:00
NFL_HOU_00-0031097_2021W15_NA_DNP,NFL,2021,15,2021_NFL_W15_HOU_JAX,NFL_HOU,NFL_P_00-0031097,CB,,UNKNOWN,DNP,Ankle,2021-12-18,nflverse,,2026-09-07T05:45:02.885579+00:00,2021-12-18T00:00:00
NFL_HOU_00-0035307_2021W15_OUT_NA,NFL,2021,15,2021_NFL_W15_HOU_JAX,NFL_HOU,NFL_P_00-0035307,CB,,OUT,,Illness,2021-12-18,nflverse,,2026-09-07T05:45:02.885579+00:00,2021-12-18T00:00:00
NFL_HOU_00-0034361_2021W15_OUT_DNP,NFL,2021,15,2021_NFL_W15_HOU_JAX,NFL_HOU,NFL_P_00-0034361,S,,OUT,DNP,Concussion,2021-12-18,nflverse,,2026-09-07T05:45:02.885579+00:00,2021-12-18T00:00:00
NFL_HOU_00-0033537_2021W15_OUT_DNP,NFL,2021,15,2021_NFL_W15_HOU_JAX,NFL_HOU,NFL_P_00-0033537,QB,,OUT,DNP,Not injury related - personal matter,2021-12-18,nflverse,,2026-09-07T05:45:02.885579+00:00,2021-12-18T00:00:00
NFL_HOU_00-0036556_2021W15_QUESTIONABLE_DNP,NFL,2021,15,2021_NFL_W15_HOU_JAX,NFL_HOU,NFL_P_00-0036556,TE,,QUESTIONABLE,DNP,Hand,2021-12-18,nflverse,,2026-09-07T05:45:02.885579+00:00,2021-12-18T00:00:00
NFL_HOU_00-0030288_2021W15_QUESTIONABLE_LP,NFL,2021,15,2021_NFL_W15_HOU_JAX,NFL_HOU,NFL_P_00-0030288,RB,,QUESTIONABLE,LP,Hip,2021-12-18,nflverse,,2026-09-07T05:45:02.885579+00:00,2021-12-18T00:00:00
NFL_HOU_00-0031308_2021W15_QUESTIONABLE_LP,NFL,2021,15,2021_NFL_W15_HOU_JAX,NFL_HOU,NFL_P_00-0031308,LB,,QUESTIONABLE,LP,Hamstring,2021-12-18,nflverse,,2026-09-07T05:45:02.885579+00:00,2021-12-18T00:00:00
NFL_IND_00-0032871_2021W15_OUT_DNP,NFL,2021,15,2021_NFL_W15_NE_IND,NFL_IND,NFL_P_00-0032871,DL,,OUT,DNP,Calf,2021-12-18,nflverse,,2026-09-07T05:45:02.885579+00:00,2021-12-18T00:00:00
NFL_IND_00-0033952_2021W15_QUESTIONABLE_NA,NFL,2021,15,2021_NFL_W15_NE_IND,NFL_IND,NFL_P_00-0033952,DL,,QUESTIONABLE,,Illness,2021-12-18,nflverse,,2026-09-07T05:45:02.885579+00:00,2021-12-18T00:00:00
NFL_IND_00-0032383_2021W15_QUESTIONABLE_DNP,NFL,2021,15,2021_NFL_W15_NE_IND,NFL_IND,NFL_P_00-0032383,OL,,QUESTIONABLE,DNP,Knee Illness,2021-12-18,nflverse,,2026-09-07T05:45:02.885579+00:00,2021-12-18T00:00:00
NFL_JAX_00-0034380_2021W15_NA_LP,NFL,2021,15,2021_NFL_W15_HOU_JAX,NFL_JAX,NFL_P_00-0034380,OL,,UNKNOWN,LP,Back,2021-12-18,nflverse,,2026-09-07T05:45:02.885579+00:00,2021-12-18T00:00:00
NFL_JAX_00-0031045_2021W15_OUT_DNP,NFL,2021,15,2021_NFL_W15_HOU_JAX,NFL_JAX,NFL_P_00-0031045,RB,,OUT,DNP,Concussion,2021-12-18,nflverse,,2026-09-07T05:45:02.885579+00:00,2021-12-18T00:00:00
NFL_KC_00-0036362_2021W15_OUT_DNP,NFL,2021,15,2021_NFL_W15_KC_LAC,NFL_KC,NFL_P_00-0036362,LB,,OUT,DNP,Covid/Reserve,2021-12-16,nflverse,,2026-09-07T05:45:02.885579+00:00,2021-12-16T00:00:00
NFL_KC_00-0036374_2021W15_OUT_DNP,NFL,2021,15,2021_NFL_W15_KC_LAC,NFL_KC,NFL_P_00-0036374,CB,,OUT,DNP,Not injury related - personal matter,2021-12-16,nflverse,,2026-09-07T05:45:02.885579+00:00,2021-12-16T00:00:00
NFL_KC_00-0033831_2021W15_QUESTIONABLE_FP,NFL,2021,15,2021_NFL_W15_KC_LAC,NFL_KC,NFL_P_00-0033831,OL,,QUESTIONABLE,FP,Knee,2021-12-16,nflverse,,2026-09-07T05:45:02.885579+00:00,2021-12-16T00:00:00
NFL_LAR_00-0034804_2021W15_NA_LP,NFL,2021,15,2021_NFL_W15_SEA_LAR,NFL_LAR,NFL_P_00-0034804,OL,,UNKNOWN,LP,Knee,2021-12-21,nflverse,,2026-09-07T05:45:02.885579+00:00,2021-12-21T00:00:00
NFL_LAR_00-0031388_2021W15_NA_LP,NFL,2021,15,2021_NFL_W15_SEA_LAR,NFL_LAR,NFL_P_00-0031388,DL,,UNKNOWN,LP,Knee,2021-12-21,nflverse,,2026-09-07T05:45:02.885579+00:00,2021-12-21T00:00:00
NFL_LAC_00-0033699_2021W15_QUESTIONABLE_LP,NFL,2021,15,2021_NFL_W15_KC_LAC,NFL_LAC,NFL_P_00-0033699,RB,,QUESTIONABLE,LP,Ankle,2021-12-16,nflverse,,2026-09-07T05:45:02.885579+00:00,2021-12-16T00:00:00
NFL_LAC_00-0036380_2021W15_QUESTIONABLE_LP,NFL,2021,15,2021_NFL_W15_KC_LAC,NFL_LAC,NFL_P_00-0036380,S,,QUESTIONABLE,LP,Quadricep,2021-12-16,nflverse,,2026-09-07T05:45:02.885579+00:00,2021-12-16T00:00:00
NFL_LAC_00-0034790_2021W15_QUESTIONABLE_LP,NFL,2021,15,2021_NFL_W15_KC_LAC,NFL_LAC,NFL_P_00-0034790,S,,QUESTIONABLE,LP,Hamstring,2021-12-16,nflverse,,2026-09-07T05:45:02.885579+00:00,2021-12-16T00:00:00
NFL_LAC_00-0036617_2021W15_QUESTIONABLE_LP,NFL,2021,15,2021_NFL_W15_KC_LAC,NFL_LAC,NFL_P_00-0036617,CB,,QUESTIONABLE,LP,Concussion,2021-12-16,nflverse,,2026-09-07T05:45:02.885579+00:00,2021-12-16T00:00:00
NFL_LV_00-0034981_2021W15_NA_LP,NFL,2021,15,2021_NFL_W15_LV_CLE,NFL_LV,NFL_P_00-0034981,TE,,UNKNOWN,LP,Abdomen,2021-12-19,nflverse,,2026-09-07T05:45:02.885579+00:00,2021-12-19T00:00:00
NFL_LV_00-0032573_2021W15_NA_LP,NFL,2021,15,2021_NFL_W15_LV_CLE,NFL_LV,NFL_P_00-0032573,LB,,UNKNOWN,LP,Hamstring,2021-12-19,nflverse,,2026-09-07T05:45:02.885579+00:00,2021-12-19T00:00:00
NFL_LV_00-0035695_2021W15_OUT_DNP,NFL,2021,15,2021_NFL_W15_LV_CLE,NFL_LV,NFL_P_00-0035695,CB,,OUT,DNP,Toe,2021-12-19,nflverse,,2026-09-07T05:45:02.885579+00:00,2021-12-19T00:00:00
NFL_LV_00-0032103_2021W15_OUT_DNP,NFL,2021,15,2021_NFL_W15_LV_CLE,NFL_LV,NFL_P_00-0032103,LB,,OUT,DNP,Ankle,2021-12-19,nflverse,,2026-09-07T05:45:02.885579+00:00,2021-12-19T00:00:00
NFL_LV_00-0031610_2021W15_OUT_DNP,NFL,2021,15,2021_NFL_W15_LV_CLE,NFL_LV,NFL_P_00-0031610,TE,,OUT,DNP,Knee,2021-12-19,nflverse,,2026-09-07T05:45:02.885579+00:00,2021-12-19T00:00:00
NFL_LV_00-0033129_2021W15_QUESTIONABLE_LP,NFL,2021,15,2021_NFL_W15_LV_CLE,NFL_LV,NFL_P_00-0033129,EDGE,,QUESTIONABLE,LP,Knee,2021-12-19,nflverse,,2026-09-07T05:45:02.885579+00:00,2021-12-19T00:00:00
NFL_MIA_00-0031547_2021W15_NA_DNP,NFL,2021,15,2021_NFL_W15_NYJ_MIA,NFL_MIA,NFL_P_00-0031547,WR,,UNKNOWN,DNP,Not injury related - resting player,2021-12-18,nflverse,,2026-09-07T05:45:02.885579+00:00,2021-12-18T00:00:00
NFL_MIA_00-0036998_2021W15_QUESTIONABLE_NA,NFL,2021,15,2021_NFL_W15_NYJ_MIA,NFL_MIA,NFL_P_00-0036998,S,,QUESTIONABLE,,Illness,2021-12-18,nflverse,,2026-09-07T05:45:02.885579+00:00,2021-12-18T00:00:00
NFL_MIA_00-0036248_2021W15_QUESTIONABLE_FP,NFL,2021,15,2021_NFL_W15_NYJ_MIA,NFL_MIA,NFL_P_00-0036248,OL,,QUESTIONABLE,FP,Illness,2021-12-18,nflverse,,2026-09-07T05:45:02.885579+00:00,2021-12-18T00:00:00
NFL_MIA_00-0032807_2021W15_QUESTIONABLE_LP,NFL,2021,15,2021_NFL_W15_NYJ_MIA,NFL_MIA,NFL_P_00-0032807,S,,QUESTIONABLE,LP,Ankle,2021-12-18,nflverse,,2026-09-07T05:45:02.885579+00:00,2021-12-18T00:00:00
NFL_MIA_00-0033896_2021W15_QUESTIONABLE_LP,NFL,2021,15,2021_NFL_W15_NYJ_MIA,NFL_MIA,NFL_P_00-0033896,TE,,QUESTIONABLE,LP,Knee,2021-12-18,nflverse,,2026-09-07T05:45:02.885579+00:00,2021-12-18T00:00:00
NFL_MIN_00-0031052_2021W15_QUESTIONABLE_DNP,NFL,2021,15,2021_NFL_W15_MIN_CHI,NFL_MIN,NFL_P_00-0031052,CB,,QUESTIONABLE,DNP,Not injury related - personal matter,2021-12-20,nflverse,,2026-09-07T05:45:02.885579+00:00,2021-12-20T00:00:00
NFL_MIN_00-0030035_2021W15_QUESTIONABLE_DNP,NFL,2021,15,2021_NFL_W15_MIN_CHI,NFL_MIN,NFL_P_00-0030035,WR,,QUESTIONABLE,DNP,Ankle,2021-12-20,nflverse,,2026-09-07T05:45:02.885579+00:00,2021-12-20T00:00:00
NFL_NE_00-0035654_2021W15_NA_DNP,NFL,2021,15,2021_NFL_W15_NE_IND,NFL_NE,NFL_P_00-0035654,EDGE,,UNKNOWN,DNP,Illness,2021-12-18,nflverse,,2026-09-07T05:45:02.885579+00:00,2021-12-18T00:00:00
NFL_NE_00-0036972_2021W15_NA_LP,NFL,2021,15,2021_NFL_W15_NE_IND,NFL_NE,NFL_P_00-0036972,QB,,UNKNOWN,LP,left Thumb,2021-12-18,nflverse,,2026-09-07T05:45:02.885579+00:00,2021-12-18T00:00:00
NFL_NE_00-0036978_2021W15_OUT_DNP,NFL,2021,15,2021_NFL_W15_NE_IND,NFL_NE,NFL_P_00-0036978,LB,,OUT,DNP,Ankle,2021-12-18,nflverse,,2026-09-07T05:45:02.885579+00:00,2021-12-18T00:00:00
NFL_NE_00-0031852_2021W15_QUESTIONABLE_LP,NFL,2021,15,2021_NFL_W15_NE_IND,NFL_NE,NFL_P_00-0031852,OL,,QUESTIONABLE,LP,Shoulder,2021-12-18,nflverse,,2026-09-07T05:45:02.885579+00:00,2021-12-18T00:00:00
NFL_NE_00-0036981_2021W15_QUESTIONABLE_LP,NFL,2021,15,2021_NFL_W15_NE_IND,NFL_NE,NFL_P_00-0036981,DL,,QUESTIONABLE,LP,Knee,2021-12-18,nflverse,,2026-09-07T05:45:02.885579+00:00,2021-12-18T00:00:00
NFL_NE_00-0034385_2021W15_QUESTIONABLE_LP,NFL,2021,15,2021_NFL_W15_NE_IND,NFL_NE,NFL_P_00-0034385,LB,,QUESTIONABLE,LP,Ribs,2021-12-18,nflverse,,2026-09-07T05:45:02.885579+00:00,2021-12-18T00:00:00
NFL_NE_00-0029239_2021W15_QUESTIONABLE_LP,NFL,2021,15,2021_NFL_W15_NE_IND,NFL_NE,NFL_P_00-0029239,RB,,QUESTIONABLE,LP,Knee,2021-12-18,nflverse,,2026-09-07T05:45:02.885579+00:00,2021-12-18T00:00:00
NFL_NE_00-0032071_2021W15_QUESTIONABLE_LP,NFL,2021,15,2021_NFL_W15_NE_IND,NFL_NE,NFL_P_00-0032071,OL,,QUESTIONABLE,LP,Calf,2021-12-18,nflverse,,2026-09-07T05:45:02.885579+00:00,2021-12-18T00:00:00
NFL_NE_00-0035252_2021W15_QUESTIONABLE_LP,NFL,2021,15,2021_NFL_W15_NE_IND,NFL_NE,NFL_P_00-0035252,OL,,QUESTIONABLE,LP,Illness,2021-12-18,nflverse,,2026-09-07T05:45:02.885579+00:00,2021-12-18T00:00:00
NFL_NE_00-0025565_2021W15_QUESTIONABLE_LP,NFL,2021,15,2021_NFL_W15_NE_IND,NFL_NE,NFL_P_00-0025565,K,,QUESTIONABLE,LP,left Knee,2021-12-18,nflverse,,2026-09-07T05:45:02.885579+00:00,2021-12-18T00:00:00
NFL_NE_00-0035657_2021W15_QUESTIONABLE_LP,NFL,2021,15,2021_NFL_W15_NE_IND,NFL_NE,NFL_P_00-0035657,RB,,QUESTIONABLE,LP,Hamstring,2021-12-18,nflverse,,2026-09-07T05:45:02.885579+00:00,2021-12-18T00:00:00
NFL_NE_00-0031404_2021W15_QUESTIONABLE_LP,NFL,2021,15,2021_NFL_W15_NE_IND,NFL_NE,NFL_P_00-0031404,S,,QUESTIONABLE,LP,Knee,2021-12-18,nflverse,,2026-09-07T05:45:02.885579+00:00,2021-12-18T00:00:00
NFL_NO_00-0034344_2021W15_NA_LP,NFL,2021,15,2021_NFL_W15_NO_TB,NFL_NO,NFL_P_00-0034344,EDGE,,UNKNOWN,LP,Shoulder,2021-12-19,nflverse,,2026-09-07T05:45:02.885579+00:00,2021-12-19T00:00:00
NFL_NO_00-0030067_2021W15_OUT_DNP,NFL,2021,15,2021_NFL_W15_NO_TB,NFL_NO,NFL_P_00-0030067,OL,,OUT,DNP,Knee,2021-12-19,nflverse,,2026-09-07T05:45:02.885579+00:00,2021-12-19T00:00:00
NFL_NO_00-0033095_2021W15_OUT_DNP,NFL,2021,15,2021_NFL_W15_NO_TB,NFL_NO,NFL_P_00-0033095,TE,,OUT,DNP,Knee,2021-12-19,nflverse,,2026-09-07T05:45:02.885579+00:00,2021-12-19T00:00:00
NFL_NO_00-0033888_2021W15_OUT_DNP,NFL,2021,15,2021_NFL_W15_NO_TB,NFL_NO,NFL_P_00-0033888,OL,,OUT,DNP,Knee,2021-12-19,nflverse,,2026-09-07T05:45:02.885579+00:00,2021-12-19T00:00:00
NFL_NO_00-0035316_2021W15_QUESTIONABLE_DNP,NFL,2021,15,2021_NFL_W15_NO_TB,NFL_NO,NFL_P_00-0035316,LB,,QUESTIONABLE,DNP,Hamstring,2021-12-19,nflverse,,2026-09-07T05:45:02.885579+00:00,2021-12-19T00:00:00
NFL_NO_00-0035406_2021W15_QUESTIONABLE_LP,NFL,2021,15,2021_NFL_W15_NO_TB,NFL_NO,NFL_P_00-0035406,WR,,QUESTIONABLE,LP,Hamstring,2021-12-19,nflverse,,2026-09-07T05:45:02.885579+00:00,2021-12-19T00:00:00
NFL_NYG_00-0033878_2021W15_NA_DNP,NFL,2021,15,2021_NFL_W15_DAL_NYG,NFL_NYG,NFL_P_00-0033878,CB,,UNKNOWN,DNP,Quadricep,2021-12-18,nflverse,,2026-09-07T05:45:02.885579+00:00,2021-12-18T00:00:00
NFL_NYG_00-0034844_2021W15_NA_LP,NFL,2021,15,2021_NFL_W15_DAL_NYG,NFL_NYG,NFL_P_00-0034844,RB,,UNKNOWN,LP,Ankle,2021-12-18,nflverse,,2026-09-07T05:45:02.885579+00:00,2021-12-18T00:00:00
NFL_NYG_00-0034736_2021W15_NA_LP,NFL,2021,15,2021_NFL_W15_DAL_NYG,NFL_NYG,NFL_P_00-0034736,S,,UNKNOWN,LP,Illness,2021-12-18,nflverse,,2026-09-07T05:45:02.885579+00:00,2021-12-18T00:00:00
NFL_NYG_00-0033058_2021W15_NA_LP,NFL,2021,15,2021_NFL_W15_DAL_NYG,NFL_NYG,NFL_P_00-0033058,LB,,UNKNOWN,LP,Illness,2021-12-18,nflverse,,2026-09-07T05:45:02.885579+00:00,2021-12-18T00:00:00
NFL_NYG_00-0027981_2021W15_NA_LP,NFL,2021,15,2021_NFL_W15_DAL_NYG,NFL_NYG,NFL_P_00-0027981,TE,,UNKNOWN,LP,Ankle,2021-12-18,nflverse,,2026-09-07T05:45:02.885579+00:00,2021-12-18T00:00:00
NFL_NYG_00-0032143_2021W15_NA_LP,NFL,2021,15,2021_NFL_W15_DAL_NYG,NFL_NYG,NFL_P_00-0032143,DL,,UNKNOWN,LP,Calf,2021-12-18,nflverse,,2026-09-07T05:45:02.885579+00:00,2021-12-18T00:00:00
NFL_NYG_00-0036386_2021W15_NA_LP,NFL,2021,15,2021_NFL_W15_DAL_NYG,NFL_NYG,NFL_P_00-0036386,OL,,UNKNOWN,LP,Ankle,2021-12-18,nflverse,,2026-09-07T05:45:02.885579+00:00,2021-12-18T00:00:00
NFL_NYG_00-0035925_2021W15_NA_LP,NFL,2021,15,2021_NFL_W15_DAL_NYG,NFL_NYG,NFL_P_00-0035925,CB,,UNKNOWN,LP,Illness,2021-12-18,nflverse,,2026-09-07T05:45:02.885579+00:00,2021-12-18T00:00:00
NFL_NYG_00-0035710_2021W15_OUT_LP,NFL,2021,15,2021_NFL_W15_DAL_NYG,NFL_NYG,NFL_P_00-0035710,QB,,OUT,LP,Neck,2021-12-18,nflverse,,2026-09-07T05:45:02.885579+00:00,2021-12-18T00:00:00
NFL_NYG_00-0036132_2021W15_DOUBTFUL_DNP,NFL,2021,15,2021_NFL_W15_DAL_NYG,NFL_NYG,NFL_P_00-0036132,OL,,DOUBTFUL,DNP,Ankle,2021-12-18,nflverse,,2026-09-07T05:45:02.885579+00:00,2021-12-18T00:00:00
NFL_NYG_00-0032763_2021W15_QUESTIONABLE_LP,NFL,2021,15,2021_NFL_W15_DAL_NYG,NFL_NYG,NFL_P_00-0032763,DL,,QUESTIONABLE,LP,Foot,2021-12-18,nflverse,,2026-09-07T05:45:02.885579+00:00,2021-12-18T00:00:00
NFL_NYG_00-0032385_2021W15_QUESTIONABLE_LP,NFL,2021,15,2021_NFL_W15_DAL_NYG,NFL_NYG,NFL_P_00-0032385,WR,,QUESTIONABLE,LP,Calf,2021-12-18,nflverse,,2026-09-07T05:45:02.885579+00:00,2021-12-18T00:00:00
NFL_NYG_00-0031933_2021W15_QUESTIONABLE_LP,NFL,2021,15,2021_NFL_W15_DAL_NYG,NFL_NYG,NFL_P_00-0031933,DL,,QUESTIONABLE,LP,Triceps,2021-12-18,nflverse,,2026-09-07T05:45:02.885579+00:00,2021-12-18T00:00:00
NFL_NYJ_00-0036503_2021W15_NA_DNP,NFL,2021,15,2021_NFL_W15_NYJ_MIA,NFL_NYJ,NFL_P_00-0036503,LB,,UNKNOWN,DNP,Illness,2021-12-18,nflverse,,2026-09-07T05:45:02.885579+00:00,2021-12-18T00:00:00
NFL_NYJ_00-0032466_2021W15_DOUBTFUL_DNP,NFL,2021,15,2021_NFL_W15_NYJ_MIA,NFL_NYJ,NFL_P_00-0032466,OL,,DOUBTFUL,DNP,Knee,2021-12-18,nflverse,,2026-09-07T05:45:02.885579+00:00,2021-12-18T00:00:00
NFL_NYJ_00-0033910_2021W15_QUESTIONABLE_FP,NFL,2021,15,2021_NFL_W15_NYJ_MIA,NFL_NYJ,NFL_P_00-0033910,OL,,QUESTIONABLE,FP,Back,2021-12-18,nflverse,,2026-09-07T05:45:02.885579+00:00,2021-12-18T00:00:00
NFL_NYJ_00-0032759_2021W15_QUESTIONABLE_FP,NFL,2021,15,2021_NFL_W15_NYJ_MIA,NFL_NYJ,NFL_P_00-0032759,DL,,QUESTIONABLE,FP,Knee,2021-12-18,nflverse,,2026-09-07T05:45:02.885579+00:00,2021-12-18T00:00:00
NFL_NYJ_00-0031022_2021W15_QUESTIONABLE_LP,NFL,2021,15,2021_NFL_W15_NYJ_MIA,NFL_NYJ,NFL_P_00-0031022,OL,,QUESTIONABLE,LP,Ankle,2021-12-18,nflverse,,2026-09-07T05:45:02.885579+00:00,2021-12-18T00:00:00
NFL_PIT_00-0033929_2021W15_NA_DNP,NFL,2021,15,2021_NFL_W15_TEN_PIT,NFL_PIT,NFL_P_00-0033929,EDGE,,UNKNOWN,DNP,Illness,2021-12-18,nflverse,,2026-09-07T05:45:02.885579+00:00,2021-12-18T00:00:00
NFL_PIT_00-0035219_2021W15_QUESTIONABLE_DNP,NFL,2021,15,2021_NFL_W15_TEN_PIT,NFL_PIT,NFL_P_00-0035219,EDGE,,QUESTIONABLE,DNP,Ankle,2021-12-18,nflverse,,2026-09-07T05:45:02.885579+00:00,2021-12-18T00:00:00
NFL_PIT_00-0036870_2021W15_QUESTIONABLE_DNP,NFL,2021,15,2021_NFL_W15_TEN_PIT,NFL_PIT,NFL_P_00-0036870,LB,,QUESTIONABLE,DNP,Foot,2021-12-18,nflverse,,2026-09-07T05:45:02.885579+00:00,2021-12-18T00:00:00
NFL_PIT_00-0027860_2021W15_QUESTIONABLE_FP,NFL,2021,15,2021_NFL_W15_TEN_PIT,NFL_PIT,NFL_P_00-0027860,CB,,QUESTIONABLE,FP,Foot,2021-12-18,nflverse,,2026-09-07T05:45:02.885579+00:00,2021-12-18T00:00:00
NFL_PIT_00-0034193_2021W15_QUESTIONABLE_LP,NFL,2021,15,2021_NFL_W15_TEN_PIT,NFL_PIT,NFL_P_00-0034193,TE,,QUESTIONABLE,LP,Hip,2021-12-18,nflverse,,2026-09-07T05:45:02.885579+00:00,2021-12-18T00:00:00
NFL_SEA_00-0026166_2021W15_NA_DNP,NFL,2021,15,2021_NFL_W15_SEA_LAR,NFL_SEA,NFL_P_00-0026166,OL,,UNKNOWN,DNP,Not injury related - resting player,2021-12-21,nflverse,,2026-09-07T05:45:02.885579+00:00,2021-12-21T00:00:00
NFL_SEA_00-0035094_2021W15_NA_DNP,NFL,2021,15,2021_NFL_W15_SEA_LAR,NFL_SEA,NFL_P_00-0035094,DL,,UNKNOWN,DNP,Knee,2021-12-21,nflverse,,2026-09-07T05:45:02.885579+00:00,2021-12-21T00:00:00
NFL_SEA_00-0032420_2021W15_NA_DNP,NFL,2021,15,2021_NFL_W15_SEA_LAR,NFL_SEA,NFL_P_00-0032420,OL,,UNKNOWN,DNP,Shoulder,2021-12-21,nflverse,,2026-09-07T05:45:02.885579+00:00,2021-12-21T00:00:00
NFL_SEA_00-0032426_2021W15_NA_LP,NFL,2021,15,2021_NFL_W15_SEA_LAR,NFL_SEA,NFL_P_00-0032426,RB,,UNKNOWN,LP,Abdomen,2021-12-21,nflverse,,2026-09-07T05:45:02.885579+00:00,2021-12-21T00:00:00
NFL_SF_00-0034982_2021W15_OUT_DNP,NFL,2021,15,2021_NFL_W15_ATL_SF,NFL_SF,NFL_P_00-0034982,LB,,OUT,DNP,Groin,2021-12-18,nflverse,,2026-09-07T05:45:02.885579+00:00,2021-12-18T00:00:00
NFL_SF_00-0034746_2021W15_OUT_DNP,NFL,2021,15,2021_NFL_W15_ATL_SF,NFL_SF,NFL_P_00-0034746,DL,,OUT,DNP,Calf,2021-12-18,nflverse,,2026-09-07T05:45:02.885579+00:00,2021-12-18T00:00:00
NFL_SF_00-0036567_2021W15_OUT_DNP,NFL,2021,15,2021_NFL_W15_ATL_SF,NFL_SF,NFL_P_00-0036567,RB,,OUT,DNP,Concussion,2021-12-18,nflverse,,2026-09-07T05:45:02.885579+00:00,2021-12-18T00:00:00
NFL_SF_00-0035166_2021W15_DOUBTFUL_DNP,NFL,2021,15,2021_NFL_W15_ATL_SF,NFL_SF,NFL_P_00-0035166,LB,,DOUBTFUL,DNP,Elbow,2021-12-18,nflverse,,2026-09-07T05:45:02.885579+00:00,2021-12-18T00:00:00
NFL_SF_00-0037008_2021W15_QUESTIONABLE_FP,NFL,2021,15,2021_NFL_W15_ATL_SF,NFL_SF,NFL_P_00-0037008,CB,,QUESTIONABLE,FP,Concussion,2021-12-18,nflverse,,2026-09-07T05:45:02.885579+00:00,2021-12-18T00:00:00
NFL_SF_00-0033297_2021W15_QUESTIONABLE_LP,NFL,2021,15,2021_NFL_W15_ATL_SF,NFL_SF,NFL_P_00-0033297,DL,,QUESTIONABLE,LP,Knee,2021-12-18,nflverse,,2026-09-07T05:45:02.885579+00:00,2021-12-18T00:00:00
NFL_SF_00-0032057_2021W15_QUESTIONABLE_LP,NFL,2021,15,2021_NFL_W15_ATL_SF,NFL_SF,NFL_P_00-0032057,S,,QUESTIONABLE,LP,Glute,2021-12-18,nflverse,,2026-09-07T05:45:02.885579+00:00,2021-12-18T00:00:00
NFL_TB_00-0027656_2021W15_NA_DNP,NFL,2021,15,2021_NFL_W15_NO_TB,NFL_TB,NFL_P_00-0027656,TE,,UNKNOWN,DNP,Not injury related - resting player,2021-12-19,nflverse,,2026-09-07T05:45:02.885579+00:00,2021-12-19T00:00:00
NFL_TB_00-0027867_2021W15_NA_DNP,NFL,2021,15,2021_NFL_W15_NO_TB,NFL_TB,NFL_P_00-0027867,LB,,UNKNOWN,DNP,Shoulder,2021-12-19,nflverse,,2026-09-07T05:45:02.885579+00:00,2021-12-19T00:00:00
NFL_TB_00-0027855_2021W15_NA_DNP,NFL,2021,15,2021_NFL_W15_NO_TB,NFL_TB,NFL_P_00-0027855,EDGE,,UNKNOWN,DNP,Not injury related - resting player,2021-12-19,nflverse,,2026-09-07T05:45:02.885579+00:00,2021-12-19T00:00:00
NFL_TB_00-0035699_2021W15_OUT_DNP,NFL,2021,15,2021_NFL_W15_NO_TB,NFL_TB,NFL_P_00-0035699,CB,,OUT,DNP,Illness,2021-12-19,nflverse,,2026-09-07T05:45:02.885579+00:00,2021-12-19T00:00:00
NFL_TB_00-0028092_2021W15_DOUBTFUL_DNP,NFL,2021,15,2021_NFL_W15_NO_TB,NFL_TB,NFL_P_00-0028092,CB,,DOUBTFUL,DNP,Achilles,2021-12-19,nflverse,,2026-09-07T05:45:02.885579+00:00,2021-12-19T00:00:00
NFL_TB_00-0036411_2021W15_QUESTIONABLE_DNP,NFL,2021,15,2021_NFL_W15_NO_TB,NFL_TB,NFL_P_00-0036411,S,,QUESTIONABLE,DNP,Foot,2021-12-19,nflverse,,2026-09-07T05:45:02.885579+00:00,2021-12-19T00:00:00
NFL_TB_00-0034374_2021W15_QUESTIONABLE_FP,NFL,2021,15,2021_NFL_W15_NO_TB,NFL_TB,NFL_P_00-0034374,S,,QUESTIONABLE,FP,Calf,2021-12-19,nflverse,,2026-09-07T05:45:02.885579+00:00,2021-12-19T00:00:00
NFL_TB_00-0033856_2021W15_QUESTIONABLE_LP,NFL,2021,15,2021_NFL_W15_NO_TB,NFL_TB,NFL_P_00-0033856,RB,,QUESTIONABLE,LP,Ankle,2021-12-19,nflverse,,2026-09-07T05:45:02.885579+00:00,2021-12-19T00:00:00
NFL_TEN_00-0031254_2021W15_NA_LP,NFL,2021,15,2021_NFL_W15_TEN_PIT,NFL_TEN,NFL_P_00-0031254,EDGE,,UNKNOWN,LP,Knee,2021-12-18,nflverse,,2026-09-07T05:45:02.885579+00:00,2021-12-18T00:00:00
NFL_TEN_00-0036691_2021W15_OUT_DNP,NFL,2021,15,2021_NFL_W15_TEN_PIT,NFL_TEN,NFL_P_00-0036691,RB,,OUT,DNP,Ankle,2021-12-18,nflverse,,2026-09-07T05:45:02.885579+00:00,2021-12-18T00:00:00
NFL_TEN_00-0029681_2021W15_OUT_DNP,NFL,2021,15,2021_NFL_W15_TEN_PIT,NFL_TEN,NFL_P_00-0029681,CB,,OUT,DNP,Ankle,2021-12-18,nflverse,,2026-09-07T05:45:02.885579+00:00,2021-12-18T00:00:00
NFL_TEN_00-0035292_2021W15_OUT_DNP,NFL,2021,15,2021_NFL_W15_TEN_PIT,NFL_TEN,NFL_P_00-0035292,LB,,OUT,DNP,Hamstring,2021-12-18,nflverse,,2026-09-07T05:45:02.885579+00:00,2021-12-18T00:00:00
NFL_TEN_00-0036237_2021W15_OUT_DNP,NFL,2021,15,2021_NFL_W15_TEN_PIT,NFL_TEN,NFL_P_00-0036237,DL,,OUT,DNP,Knee,2021-12-18,nflverse,,2026-09-07T05:45:02.885579+00:00,2021-12-18T00:00:00
NFL_TEN_00-0027648_2021W15_OUT_DNP,NFL,2021,15,2021_NFL_W15_TEN_PIT,NFL_TEN,NFL_P_00-0027648,OL,,OUT,DNP,Shoulder,2021-12-18,nflverse,,2026-09-07T05:45:02.885579+00:00,2021-12-18T00:00:00
NFL_TEN_00-0036181_2021W15_OUT_DNP,NFL,2021,15,2021_NFL_W15_TEN_PIT,NFL_TEN,NFL_P_00-0036181,DL,,OUT,DNP,Ankle,2021-12-18,nflverse,,2026-09-07T05:45:02.885579+00:00,2021-12-18T00:00:00
NFL_TEN_00-0036171_2021W15_QUESTIONABLE_DNP,NFL,2021,15,2021_NFL_W15_TEN_PIT,NFL_TEN,NFL_P_00-0036171,OL,,QUESTIONABLE,DNP,Toe,2021-12-18,nflverse,,2026-09-07T05:45:02.885579+00:00,2021-12-18T00:00:00
NFL_WAS_00-0034334_2021W15_NA_DNP,NFL,2021,15,2021_NFL_W15_WAS_PHI,NFL_WAS,NFL_P_00-0034334,CB,,UNKNOWN,DNP,Illness,2021-12-21,nflverse,,2026-09-07T05:45:02.885579+00:00,2021-12-21T00:00:00
NFL_WAS_00-0030869_2021W15_NA_DNP,NFL,2021,15,2021_NFL_W15_WAS_PHI,NFL_WAS,NFL_P_00-0030869,OL,,UNKNOWN,DNP,Achilles,2021-12-21,nflverse,,2026-09-07T05:45:02.885579+00:00,2021-12-21T00:00:00
NFL_WAS_00-0032602_2021W15_NA_DNP,NFL,2021,15,2021_NFL_W15_WAS_PHI,NFL_WAS,NFL_P_00-0032602,RB,,UNKNOWN,DNP,Concussion,2021-12-21,nflverse,,2026-09-07T05:45:02.885579+00:00,2021-12-21T00:00:00
NFL_WAS_00-0033282_2021W15_NA_DNP,NFL,2021,15,2021_NFL_W15_WAS_PHI,NFL_WAS,NFL_P_00-0033282,WR,,UNKNOWN,DNP,Hamstring,2021-12-21,nflverse,,2026-09-07T05:45:02.885579+00:00,2021-12-21T00:00:00
NFL_WAS_00-0035659_2021W15_NA_LP,NFL,2021,15,2021_NFL_W15_WAS_PHI,NFL_WAS,NFL_P_00-0035659,WR,,UNKNOWN,LP,Concussion,2021-12-21,nflverse,,2026-09-07T05:45:02.885579+00:00,2021-12-21T00:00:00
NFL_ARI_00-0031557_2021W16_OUT_DNP,NFL,2021,16,2021_NFL_W16_IND_ARI,NFL_ARI,NFL_P_00-0031557,EDGE,,OUT,DNP,Knee,2021-12-25,nflverse,,2026-09-07T05:45:02.885579+00:00,2021-12-25T00:00:00
NFL_ARI_00-0033553_2021W16_QUESTIONABLE_DNP,NFL,2021,16,2021_NFL_W16_IND_ARI,NFL_ARI,NFL_P_00-0033553,RB,,QUESTIONABLE,DNP,Heel,2021-12-25,nflverse,,2026-09-07T05:45:02.885579+00:00,2021-12-25T00:00:00
NFL_ARI_00-0036936_2021W16_QUESTIONABLE_DNP,NFL,2021,16,2021_NFL_W16_IND_ARI,NFL_ARI,NFL_P_00-0036936,WR,,QUESTIONABLE,DNP,Ankle,2021-12-25,nflverse,,2026-09-07T05:45:02.885579+00:00,2021-12-25T00:00:00
NFL_ARI_00-0032132_2021W16_QUESTIONABLE_LP,NFL,2021,16,2021_NFL_W16_IND_ARI,NFL_ARI,NFL_P_00-0032132,OL,,QUESTIONABLE,LP,Knee,2021-12-25,nflverse,,2026-09-07T05:45:02.885579+00:00,2021-12-25T00:00:00
NFL_ATL_00-0035630_2021W16_NA_DNP,NFL,2021,16,2021_NFL_W16_DET_ATL,NFL_ATL,NFL_P_00-0035630,OL,,UNKNOWN,DNP,Not injury related - personal matter,2021-12-25,nflverse,,2026-09-07T05:45:02.885579+00:00,2021-12-25T00:00:00
NFL_ATL_00-0030578_2021W16_NA_DNP,NFL,2021,16,2021_NFL_W16_DET_ATL,NFL_ATL,NFL_P_00-0030578,RB,,UNKNOWN,DNP,Not injury related - resting player,2021-12-25,nflverse,,2026-09-07T05:45:02.885579+00:00,2021-12-25T00:00:00
NFL_ATL_00-0028097_2021W16_NA_DNP,NFL,2021,16,2021_NFL_W16_DET_ATL,NFL_ATL,NFL_P_00-0028097,TE,,UNKNOWN,DNP,Not injury related - resting player,2021-12-25,nflverse,,2026-09-07T05:45:02.885579+00:00,2021-12-25T00:00:00
NFL_ATL_00-0036950_2021W16_NA_LP,NFL,2021,16,2021_NFL_W16_DET_ATL,NFL_ATL,NFL_P_00-0036950,CB,,UNKNOWN,LP,Groin,2021-12-25,nflverse,,2026-09-07T05:45:02.885579+00:00,2021-12-25T00:00:00
NFL_ATL_00-0032778_2021W16_DOUBTFUL_DNP,NFL,2021,16,2021_NFL_W16_DET_ATL,NFL_ATL,NFL_P_00-0032778,WR,,DOUBTFUL,DNP,Foot,2021-12-25,nflverse,,2026-09-07T05:45:02.885579+00:00,2021-12-25T00:00:00
NFL_BAL_00-0030648_2021W16_NA_DNP,NFL,2021,16,2021_NFL_W16_BAL_CIN,NFL_BAL,NFL_P_00-0030648,OL,,UNKNOWN,DNP,Not injury related - resting player,2021-12-25,nflverse,,2026-09-07T05:45:02.885579+00:00,2021-12-25T00:00:00
NFL_BAL_00-0030511_2021W16_NA_DNP,NFL,2021,16,2021_NFL_W16_BAL_CIN,NFL_BAL,NFL_P_00-0030511,DL,,UNKNOWN,DNP,Not injury related - resting player,2021-12-25,nflverse,,2026-09-07T05:45:02.885579+00:00,2021-12-25T00:00:00
NFL_BAL_00-0031598_2021W16_NA_LP,NFL,2021,16,2021_NFL_W16_BAL_CIN,NFL_BAL,NFL_P_00-0031598,TE,,UNKNOWN,LP,Knee,2021-12-25,nflverse,,2026-09-07T05:45:02.885579+00:00,2021-12-25T00:00:00
NFL_BAL_00-0034978_2021W16_OUT_DNP,NFL,2021,16,2021_NFL_W16_BAL_CIN,NFL_BAL,NFL_P_00-0034978,OL,,OUT,DNP,Foot,2021-12-25,nflverse,,2026-09-07T05:45:02.885579+00:00,2021-12-25T00:00:00
NFL_BAL_00-0036331_2021W16_DOUBTFUL_DNP,NFL,2021,16,2021_NFL_W16_BAL_CIN,NFL_BAL,NFL_P_00-0036331,WR,,DOUBTFUL,DNP,Ankle,2021-12-25,nflverse,,2026-09-07T05:45:02.885579+00:00,2021-12-25T00:00:00
NFL_BAL_00-0036214_2021W16_DOUBTFUL_DNP,NFL,2021,16,2021_NFL_W16_BAL_CIN,NFL_BAL,NFL_P_00-0036214,OL,,DOUBTFUL,DNP,Knee,2021-12-25,nflverse,,2026-09-07T05:45:02.885579+00:00,2021-12-25T00:00:00
NFL_BAL_00-0035993_2021W16_QUESTIONABLE_DNP,NFL,2021,16,2021_NFL_W16_BAL_CIN,NFL_BAL,NFL_P_00-0035993,QB,,QUESTIONABLE,DNP,Illness,2021-12-25,nflverse,,2026-09-07T05:45:02.885579+00:00,2021-12-25T00:00:00
NFL_BAL_00-0034796_2021W16_QUESTIONABLE_DNP,NFL,2021,16,2021_NFL_W16_BAL_CIN,NFL_BAL,NFL_P_00-0034796,QB,,QUESTIONABLE,DNP,Ankle,2021-12-25,nflverse,,2026-09-07T05:45:02.885579+00:00,2021-12-25T00:00:00
NFL_BAL_00-0036940_2021W16_QUESTIONABLE_DNP,NFL,2021,16,2021_NFL_W16_BAL_CIN,NFL_BAL,NFL_P_00-0036940,LB,,QUESTIONABLE,DNP,Illness,2021-12-25,nflverse,,2026-09-07T05:45:02.885579+00:00,2021-12-25T00:00:00
NFL_BAL_00-0033376_2021W16_QUESTIONABLE_DNP,NFL,2021,16,2021_NFL_W16_BAL_CIN,NFL_BAL,NFL_P_00-0033376,RB,,QUESTIONABLE,DNP,Knee,2021-12-25,nflverse,,2026-09-07T05:45:02.885579+00:00,2021-12-25T00:00:00
NFL_BAL_00-0035112_2021W16_QUESTIONABLE_FP,NFL,2021,16,2021_NFL_W16_BAL_CIN,NFL_BAL,NFL_P_00-0035112,OL,,QUESTIONABLE,FP,Hand,2021-12-25,nflverse,,2026-09-07T05:45:02.885579+00:00,2021-12-25T00:00:00
NFL_BAL_00-0026190_2021W16_QUESTIONABLE_LP,NFL,2021,16,2021_NFL_W16_BAL_CIN,NFL_BAL,NFL_P_00-0026190,EDGE,,QUESTIONABLE,LP,Thigh,2021-12-25,nflverse,,2026-09-07T05:45:02.885579+00:00,2021-12-25T00:00:00
NFL_BAL_00-0036987_2021W16_QUESTIONABLE_LP,NFL,2021,16,2021_NFL_W16_BAL_CIN,NFL_BAL,NFL_P_00-0036987,S,,QUESTIONABLE,LP,Illness,2021-12-25,nflverse,,2026-09-07T05:45:02.885579+00:00,2021-12-25T00:00:00
NFL_BUF_00-0031588_2021W16_NA_DNP,NFL,2021,16,2021_NFL_W16_BUF_NE,NFL_BUF,NFL_P_00-0031588,WR,,UNKNOWN,DNP,Not injury related - resting player,2021-12-25,nflverse,,2026-09-07T05:45:02.885579+00:00,2021-12-25T00:00:00
NFL_BUF_00-0027685_2021W16_NA_LP,NFL,2021,16,2021_NFL_W16_BUF_NE,NFL_BUF,NFL_P_00-0027685,WR,,UNKNOWN,LP,Knee,2021-12-25,nflverse,,2026-09-07T05:45:02.885579+00:00,2021-12-25T00:00:00
NFL_BUF_00-0030455_2021W16_QUESTIONABLE_DNP,NFL,2021,16,2021_NFL_W16_BUF_NE,NFL_BUF,NFL_P_00-0030455,DL,,QUESTIONABLE,DNP,Not injury related - personal matter,2021-12-25,nflverse,,2026-09-07T05:45:02.885579+00:00,2021-12-25T00:00:00
NFL_CAR_00-0036576_2021W16_QUESTIONABLE_DNP,NFL,2021,16,2021_NFL_W16_TB_CAR,NFL_CAR,NFL_P_00-0036576,DL,,QUESTIONABLE,DNP,Back,2021-12-25,nflverse,,2026-09-07T05:45:02.885579+00:00,2021-12-25T00:00:00
NFL_CAR_00-0032145_2021W16_QUESTIONABLE_LP,NFL,2021,16,2021_NFL_W16_TB_CAR,NFL_CAR,NFL_P_00-0032145,OL,,QUESTIONABLE,LP,Calf,2021-12-25,nflverse,,2026-09-07T05:45:02.885579+00:00,2021-12-25T00:00:00
NFL_CAR_00-0034827_2021W16_QUESTIONABLE_LP,NFL,2021,16,2021_NFL_W16_TB_CAR,NFL_CAR,NFL_P_00-0034827,WR,,QUESTIONABLE,LP,Hamstring,2021-12-25,nflverse,,2026-09-07T05:45:02.885579+00:00,2021-12-25T00:00:00
NFL_CHI_00-0035293_2021W16_OUT_DNP,NFL,2021,16,2021_NFL_W16_CHI_SEA,NFL_CHI,NFL_P_00-0035293,CB,,OUT,DNP,Concussion,2021-12-25,nflverse,,2026-09-07T05:45:02.885579+00:00,2021-12-25T00:00:00
NFL_CHI_00-0027973_2021W16_OUT_DNP,NFL,2021,16,2021_NFL_W16_CHI_SEA,NFL_CHI,NFL_P_00-0027973,QB,,OUT,DNP,left Hand,2021-12-25,nflverse,,2026-09-07T05:45:02.885579+00:00,2021-12-25T00:00:00
NFL_CHI_00-0032791_2021W16_OUT_DNP,NFL,2021,16,2021_NFL_W16_CHI_SEA,NFL_CHI,NFL_P_00-0032791,WR,,OUT,DNP,Concussion,2021-12-25,nflverse,,2026-09-07T05:45:02.885579+00:00,2021-12-25T00:00:00
NFL_CHI_00-0022531_2021W16_OUT_DNP,NFL,2021,16,2021_NFL_W16_CHI_SEA,NFL_CHI,NFL_P_00-0022531,OL,,OUT,DNP,Ankle,2021-12-25,nflverse,,2026-09-07T05:45:02.885579+00:00,2021-12-25T00:00:00
NFL_CHI_00-0036945_2021W16_QUESTIONABLE_DNP,NFL,2021,16,2021_NFL_W16_CHI_SEA,NFL_CHI,NFL_P_00-0036945,QB,,QUESTIONABLE,DNP,Ankle,2021-12-25,nflverse,,2026-09-07T05:45:02.885579+00:00,2021-12-25T00:00:00
NFL_CHI_00-0031551_2021W16_QUESTIONABLE_FP,NFL,2021,16,2021_NFL_W16_CHI_SEA,NFL_CHI,NFL_P_00-0031551,DL,,QUESTIONABLE,FP,Finger,2021-12-25,nflverse,,2026-09-07T05:45:02.885579+00:00,2021-12-25T00:00:00
NFL_CHI_00-0030068_2021W16_QUESTIONABLE_FP,NFL,2021,16,2021_NFL_W16_CHI_SEA,NFL_CHI,NFL_P_00-0030068,WR,,QUESTIONABLE,FP,Foot,2021-12-25,nflverse,,2026-09-07T05:45:02.885579+00:00,2021-12-25T00:00:00
NFL_CIN_00-0036294_2021W16_OUT_DNP,NFL,2021,16,2021_NFL_W16_BAL_CIN,NFL_CIN,NFL_P_00-0036294,LB,,OUT,DNP,Shoulder,2021-12-25,nflverse,,2026-09-07T05:45:02.885579+00:00,2021-12-25T00:00:00
NFL_CIN_00-0034951_2021W16_QUESTIONABLE_DNP,NFL,2021,16,2021_NFL_W16_BAL_CIN,NFL_CIN,NFL_P_00-0034951,OL,,QUESTIONABLE,DNP,Illness,2021-12-25,nflverse,,2026-09-07T05:45:02.885579+00:00,2021-12-25T00:00:00
NFL_CIN_00-0036341_2021W16_QUESTIONABLE_DNP,NFL,2021,16,2021_NFL_W16_BAL_CIN,NFL_CIN,NFL_P_00-0036341,EDGE,,QUESTIONABLE,DNP,Concussion,2021-12-25,nflverse,,2026-09-07T05:45:02.885579+00:00,2021-12-25T00:00:00
NFL_CIN_00-0036310_2021W16_QUESTIONABLE_FP,NFL,2021,16,2021_NFL_W16_BAL_CIN,NFL_CIN,NFL_P_00-0036310,OL,,QUESTIONABLE,FP,Ankle,2021-12-25,nflverse,,2026-09-07T05:45:02.885579+00:00,2021-12-25T00:00:00
NFL_CLE_00-0036996_2021W16_NA_DNP,NFL,2021,16,2021_NFL_W16_CLE_GB,NFL_CLE,NFL_P_00-0036996,CB,,UNKNOWN,DNP,Concussion,2021-12-24,nflverse,,2026-09-07T05:45:02.885579+00:00,2021-12-24T00:00:00
NFL_CLE_00-0033885_2021W16_NA_LP,NFL,2021,16,2021_NFL_W16_CLE_GB,NFL_CLE,NFL_P_00-0033885,TE,,UNKNOWN,LP,Knee,2021-12-24,nflverse,,2026-09-07T05:45:02.885579+00:00,2021-12-24T00:00:00
NFL_CLE_00-0030076_2021W16_NA_LP,NFL,2021,16,2021_NFL_W16_CLE_GB,NFL_CLE,NFL_P_00-0030076,OL,,UNKNOWN,LP,Knee,2021-12-24,nflverse,,2026-09-07T05:45:02.885579+00:00,2021-12-24T00:00:00
NFL_CLE_00-0034856_2021W16_NA_LP,NFL,2021,16,2021_NFL_W16_CLE_GB,NFL_CLE,NFL_P_00-0034856,CB,,UNKNOWN,LP,Groin,2021-12-24,nflverse,,2026-09-07T05:45:02.885579+00:00,2021-12-24T00:00:00
NFL_CLE_00-0033927_2021W16_OUT_DNP,NFL,2021,16,2021_NFL_W16_CLE_GB,NFL_CLE,NFL_P_00-0033927,S,,OUT,DNP,Hamstring,2021-12-24,nflverse,,2026-09-07T05:45:02.885579+00:00,2021-12-24T00:00:00
NFL_CLE_00-0033868_2021W16_QUESTIONABLE_DNP,NFL,2021,16,2021_NFL_W16_CLE_GB,NFL_CLE,NFL_P_00-0033868,EDGE,,QUESTIONABLE,DNP,Groin,2021-12-24,nflverse,,2026-09-07T05:45:02.885579+00:00,2021-12-24T00:00:00
NFL_CLE_00-0029568_2021W16_QUESTIONABLE_LP,NFL,2021,16,2021_NFL_W16_CLE_GB,NFL_CLE,NFL_P_00-0029568,DL,,QUESTIONABLE,LP,Knee,2021-12-24,nflverse,,2026-09-07T05:45:02.885579+00:00,2021-12-24T00:00:00
NFL_DAL_00-0036646_2021W16_NA_DNP,NFL,2021,16,2021_NFL_W16_WAS_DAL,NFL_DAL,NFL_P_00-0036646,WR,,UNKNOWN,DNP,Illness,2021-12-26,nflverse,,2026-09-07T05:45:02.885579+00:00,2021-12-26T00:00:00
NFL_DAL_00-0031411_2021W16_NA_LP,NFL,2021,16,2021_NFL_W16_WAS_DAL,NFL_DAL,NFL_P_00-0031411,EDGE,,UNKNOWN,LP,Foot,2021-12-26,nflverse,,2026-09-07T05:45:02.885579+00:00,2021-12-26T00:00:00
NFL_DAL_00-0036986_2021W16_NA_LP,NFL,2021,16,2021_NFL_W16_WAS_DAL,NFL_DAL,NFL_P_00-0036986,CB,,UNKNOWN,LP,Illness,2021-12-26,nflverse,,2026-09-07T05:45:02.885579+00:00,2021-12-26T00:00:00
NFL_DAL_00-0027947_2021W16_OUT_DNP,NFL,2021,16,2021_NFL_W16_WAS_DAL,NFL_DAL,NFL_P_00-0027947,OL,,OUT,DNP,Ankle,2021-12-26,nflverse,,2026-09-07T05:45:02.885579+00:00,2021-12-26T00:00:00
NFL_DAL_00-0036661_2021W16_QUESTIONABLE_DNP,NFL,2021,16,2021_NFL_W16_WAS_DAL,NFL_DAL,NFL_P_00-0036661,S,,QUESTIONABLE,DNP,Illness,2021-12-26,nflverse,,2026-09-07T05:45:02.885579+00:00,2021-12-26T00:00:00
NFL_DEN_00-0031237_2021W16_OUT_DNP,NFL,2021,16,2021_NFL_W16_DEN_LV,NFL_DEN,NFL_P_00-0031237,QB,,OUT,DNP,Concussion,2021-12-25,nflverse,,2026-09-07T05:45:02.885579+00:00,2021-12-25T00:00:00
NFL_DEN_00-0034266_2021W16_OUT_DNP,NFL,2021,16,2021_NFL_W16_DEN_LV,NFL_DEN,NFL_P_00-0034266,LB,,OUT,DNP,Concussion,2021-12-25,nflverse,,2026-09-07T05:45:02.885579+00:00,2021-12-25T00:00:00
NFL_DEN_00-0036633_2021W16_QUESTIONABLE_FP,NFL,2021,16,2021_NFL_W16_DEN_LV,NFL_DEN,NFL_P_00-0036633,S,,QUESTIONABLE,FP,Shoulder,2021-12-25,nflverse,,2026-09-07T05:45:02.885579+00:00,2021-12-25T00:00:00
NFL_DEN_00-0036995_2021W16_QUESTIONABLE_LP,NFL,2021,16,2021_NFL_W16_DEN_LV,NFL_DEN,NFL_P_00-0036995,LB,,QUESTIONABLE,LP,Illness,2021-12-25,nflverse,,2026-09-07T05:45:02.885579+00:00,2021-12-25T00:00:00
NFL_DEN_00-0031270_2021W16_QUESTIONABLE_LP,NFL,2021,16,2021_NFL_W16_DEN_LV,NFL_DEN,NFL_P_00-0031270,EDGE,,QUESTIONABLE,LP,Ankle,2021-12-25,nflverse,,2026-09-07T05:45:02.885579+00:00,2021-12-25T00:00:00
NFL_DEN_00-0027872_2021W16_QUESTIONABLE_LP,NFL,2021,16,2021_NFL_W16_DEN_LV,NFL_DEN,NFL_P_00-0027872,S,,QUESTIONABLE,LP,Back,2021-12-25,nflverse,,2026-09-07T05:45:02.885579+00:00,2021-12-25T00:00:00
NFL_DEN_00-0035678_2021W16_QUESTIONABLE_LP,NFL,2021,16,2021_NFL_W16_DEN_LV,NFL_DEN,NFL_P_00-0035678,EDGE,,QUESTIONABLE,LP,Foot,2021-12-25,nflverse,,2026-09-07T05:45:02.885579+00:00,2021-12-25T00:00:00
NFL_DEN_00-0029890_2021W16_QUESTIONABLE_LP,NFL,2021,16,2021_NFL_W16_DEN_LV,NFL_DEN,NFL_P_00-0029890,DL,,QUESTIONABLE,LP,Thumb,2021-12-25,nflverse,,2026-09-07T05:45:02.885579+00:00,2021-12-25T00:00:00
NFL_DEN_00-0031242_2021W16_QUESTIONABLE_LP,NFL,2021,16,2021_NFL_W16_DEN_LV,NFL_DEN,NFL_P_00-0031242,EDGE,,QUESTIONABLE,LP,Knee,2021-12-25,nflverse,,2026-09-07T05:45:02.885579+00:00,2021-12-25T00:00:00
NFL_DET_00-0035270_2021W16_OUT_DNP,NFL,2021,16,2021_NFL_W16_DET_ATL,NFL_DET,NFL_P_00-0035270,CB,,OUT,DNP,Thumb,2021-12-25,nflverse,,2026-09-07T05:45:02.885579+00:00,2021-12-25T00:00:00
NFL_DET_00-0034801_2021W16_OUT_DNP,NFL,2021,16,2021_NFL_W16_DET_ATL,NFL_DET,NFL_P_00-0034801,LB,,OUT,DNP,Neck,2021-12-25,nflverse,,2026-09-07T05:45:02.885579+00:00,2021-12-25T00:00:00
NFL_DET_00-0029630_2021W16_QUESTIONABLE_LP,NFL,2021,16,2021_NFL_W16_DET_ATL,NFL_DET,NFL_P_00-0029630,EDGE,,QUESTIONABLE,LP,Knee,2021-12-25,nflverse,,2026-09-07T05:45:02.885579+00:00,2021-12-25T00:00:00
NFL_DET_00-0036258_2021W16_QUESTIONABLE_LP,NFL,2021,16,2021_NFL_W16_DET_ATL,NFL_DET,NFL_P_00-0036258,OL,,QUESTIONABLE,LP,Back,2021-12-25,nflverse,,2026-09-07T05:45:02.885579+00:00,2021-12-25T00:00:00
NFL_DET_00-0036249_2021W16_QUESTIONABLE_LP,NFL,2021,16,2021_NFL_W16_DET_ATL,NFL_DET,NFL_P_00-0036249,LB,,QUESTIONABLE,LP,Ankle,2021-12-25,nflverse,,2026-09-07T05:45:02.885579+00:00,2021-12-25T00:00:00
NFL_DET_00-0032464_2021W16_QUESTIONABLE_LP,NFL,2021,16,2021_NFL_W16_DET_ATL,NFL_DET,NFL_P_00-0032464,WR,,QUESTIONABLE,LP,Shoulder,2021-12-25,nflverse,,2026-09-07T05:45:02.885579+00:00,2021-12-25T00:00:00
NFL_DET_00-0033557_2021W16_QUESTIONABLE_LP,NFL,2021,16,2021_NFL_W16_DET_ATL,NFL_DET,NFL_P_00-0033557,LB,,QUESTIONABLE,LP,Shoulder,2021-12-25,nflverse,,2026-09-07T05:45:02.885579+00:00,2021-12-25T00:00:00
NFL_DET_00-0033943_2021W16_QUESTIONABLE_LP,NFL,2021,16,2021_NFL_W16_DET_ATL,NFL_DET,NFL_P_00-0033943,WR,,QUESTIONABLE,LP,Thigh,2021-12-25,nflverse,,2026-09-07T05:45:02.885579+00:00,2021-12-25T00:00:00
NFL_DET_00-0036275_2021W16_QUESTIONABLE_LP,NFL,2021,16,2021_NFL_W16_DET_ATL,NFL_DET,NFL_P_00-0036275,RB,,QUESTIONABLE,LP,Shoulder,2021-12-25,nflverse,,2026-09-07T05:45:02.885579+00:00,2021-12-25T00:00:00
NFL_GB_00-0023459_2021W16_NA_DNP,NFL,2021,16,2021_NFL_W16_CLE_GB,NFL_GB,NFL_P_00-0023459,QB,,UNKNOWN,DNP,Toe,2021-12-24,nflverse,,2026-09-07T05:45:02.885579+00:00,2021-12-24T00:00:00
NFL_GB_00-0033293_2021W16_NA_LP,NFL,2021,16,2021_NFL_W16_CLE_GB,NFL_GB,NFL_P_00-0033293,RB,,UNKNOWN,LP,Knee,2021-12-24,nflverse,,2026-09-07T05:45:02.885579+00:00,2021-12-24T00:00:00
NFL_GB_00-0030074_2021W16_OUT_DNP,NFL,2021,16,2021_NFL_W16_CLE_GB,NFL_GB,NFL_P_00-0030074,OL,,OUT,DNP,Knee,2021-12-24,nflverse,,2026-09-07T05:45:02.885579+00:00,2021-12-24T00:00:00
NFL_GB_00-0034999_2021W16_OUT_DNP,NFL,2021,16,2021_NFL_W16_CLE_GB,NFL_GB,NFL_P_00-0034999,LB,,OUT,DNP,Hamstring,2021-12-24,nflverse,,2026-09-07T05:45:02.885579+00:00,2021-12-24T00:00:00
NFL_GB_00-0035480_2021W16_OUT_DNP,NFL,2021,16,2021_NFL_W16_CLE_GB,NFL_GB,NFL_P_00-0035480,WR,,OUT,DNP,Shoulder,2021-12-24,nflverse,,2026-09-07T05:45:02.885579+00:00,2021-12-24T00:00:00
NFL_GB_00-0031433_2021W16_OUT_DNP,NFL,2021,16,2021_NFL_W16_CLE_GB,NFL_GB,NFL_P_00-0031433,OL,,OUT,DNP,Knee,2021-12-24,nflverse,,2026-09-07T05:45:02.885579+00:00,2021-12-24T00:00:00
NFL_GB_00-0036456_2021W16_QUESTIONABLE_LP,NFL,2021,16,2021_NFL_W16_CLE_GB,NFL_GB,NFL_P_00-0036456,TE,,QUESTIONABLE,LP,Ankle,2021-12-24,nflverse,,2026-09-07T05:45:02.885579+00:00,2021-12-24T00:00:00
NFL_HOU_00-0031282_2021W16_NA_LP,NFL,2021,16,2021_NFL_W16_LAC_HOU,NFL_HOU,NFL_P_00-0031282,OL,,UNKNOWN,LP,Knee,2021-12-25,nflverse,,2026-09-07T05:45:02.885579+00:00,2021-12-25T00:00:00
NFL_HOU_00-0035244_2021W16_NA_LP,NFL,2021,16,2021_NFL_W16_LAC_HOU,NFL_HOU,NFL_P_00-0035244,CB,,UNKNOWN,LP,Quadricep,2021-12-25,nflverse,,2026-09-07T05:45:02.885579+00:00,2021-12-25T00:00:00
NFL_HOU_00-0033537_2021W16_OUT_DNP,NFL,2021,16,2021_NFL_W16_LAC_HOU,NFL_HOU,NFL_P_00-0033537,QB,,OUT,DNP,Not injury related - personal matter,2021-12-25,nflverse,,2026-09-07T05:45:02.885579+00:00,2021-12-25T00:00:00
NFL_HOU_00-0032187_2021W16_QUESTIONABLE_DNP,NFL,2021,16,2021_NFL_W16_LAC_HOU,NFL_HOU,NFL_P_00-0032187,RB,,QUESTIONABLE,DNP,Quadricep,2021-12-25,nflverse,,2026-09-07T05:45:02.885579+00:00,2021-12-25T00:00:00
NFL_IND_00-0035637_2021W16_NA_DNP,NFL,2021,16,2021_NFL_W16_IND_ARI,NFL_IND,NFL_P_00-0035637,CB,,UNKNOWN,DNP,Illness,2021-12-25,nflverse,,2026-09-07T05:45:02.885579+00:00,2021-12-25T00:00:00
NFL_IND_00-0032383_2021W16_OUT_DNP,NFL,2021,16,2021_NFL_W16_IND_ARI,NFL_IND,NFL_P_00-0032383,OL,,OUT,DNP,Not injury related - personal matter,2021-12-25,nflverse,,2026-09-07T05:45:02.885579+00:00,2021-12-25T00:00:00
NFL_IND_00-0027914_2021W16_OUT_DNP,NFL,2021,16,2021_NFL_W16_IND_ARI,NFL_IND,NFL_P_00-0027914,S,,OUT,DNP,Concussion,2021-12-25,nflverse,,2026-09-07T05:45:02.885579+00:00,2021-12-25T00:00:00
NFL_JAX_00-0036268_2021W16_NA_LP,NFL,2021,16,2021_NFL_W16_JAX_NYJ,NFL_JAX,NFL_P_00-0036268,WR,,UNKNOWN,LP,Shoulder,2021-12-25,nflverse,,2026-09-07T05:45:02.885579+00:00,2021-12-25T00:00:00
NFL_JAX_00-0031369_2021W16_QUESTIONABLE_DNP,NFL,2021,16,2021_NFL_W16_JAX_NYJ,NFL_JAX,NFL_P_00-0031369,OL,,QUESTIONABLE,DNP,Quadricep,2021-12-25,nflverse,,2026-09-07T05:45:02.885579+00:00,2021-12-25T00:00:00
NFL_JAX_00-0029799_2021W16_QUESTIONABLE_LP,NFL,2021,16,2021_NFL_W16_JAX_NYJ,NFL_JAX,NFL_P_00-0029799,EDGE,,QUESTIONABLE,LP,Ankle,2021-12-25,nflverse,,2026-09-07T05:45:02.885579+00:00,2021-12-25T00:00:00
NFL_KC_00-0032762_2021W16_NA_LP,NFL,2021,16,2021_NFL_W16_PIT_KC,NFL_KC,NFL_P_00-0032762,DL,,UNKNOWN,LP,Not Injury Related,2021-12-25,nflverse,,2026-09-07T05:45:02.885579+00:00,2021-12-25T00:00:00
NFL_KC_00-0034573_2021W16_NA_LP,NFL,2021,16,2021_NFL_W16_PIT_KC,NFL_KC,NFL_P_00-0034573,CB,,UNKNOWN,LP,Not Injury Related,2021-12-25,nflverse,,2026-09-07T05:45:02.885579+00:00,2021-12-25T00:00:00
NFL_KC_00-0036621_2021W16_QUESTIONABLE_NA,NFL,2021,16,2021_NFL_W16_PIT_KC,NFL_KC,NFL_P_00-0036621,LB,,QUESTIONABLE,,not injury related,2021-12-25,nflverse,,2026-09-07T05:45:02.885579+00:00,2021-12-25T00:00:00
NFL_KC_00-0030506_2021W16_QUESTIONABLE_NA,NFL,2021,16,2021_NFL_W16_PIT_KC,NFL_KC,NFL_P_00-0030506,TE,,QUESTIONABLE,,not injury related,2021-12-25,nflverse,,2026-09-07T05:45:02.885579+00:00,2021-12-25T00:00:00
NFL_KC_00-0036367_2021W16_QUESTIONABLE_NA,NFL,2021,16,2021_NFL_W16_PIT_KC,NFL_KC,NFL_P_00-0036367,OL,,QUESTIONABLE,,not injury related,2021-12-25,nflverse,,2026-09-07T05:45:02.885579+00:00,2021-12-25T00:00:00
NFL_LAR_00-0024270_2021W16_NA_DNP,NFL,2021,16,2021_NFL_W16_LAR_MIN,NFL_LAR,NFL_P_00-0024270,OL,,UNKNOWN,DNP,Not injury related - resting player,2021-12-25,nflverse,,2026-09-07T05:45:02.885579+00:00,2021-12-25T00:00:00
NFL_LAR_00-0035667_2021W16_QUESTIONABLE_DNP,NFL,2021,16,2021_NFL_W16_LAR_MIN,NFL_LAR,NFL_P_00-0035667,OL,,QUESTIONABLE,DNP,Ankle,2021-12-25,nflverse,,2026-09-07T05:45:02.885579+00:00,2021-12-25T00:00:00
NFL_LAC_00-0035329_2021W16_OUT_DNP,NFL,2021,16,2021_NFL_W16_LAC_HOU,NFL_LAC,NFL_P_00-0035329,TE,,OUT,DNP,Concussion,2021-12-25,nflverse,,2026-09-07T05:45:02.885579+00:00,2021-12-25T00:00:00
NFL_LAC_00-0034790_2021W16_QUESTIONABLE_LP,NFL,2021,16,2021_NFL_W16_LAC_HOU,NFL_LAC,NFL_P_00-0034790,S,,QUESTIONABLE,LP,Hamstring,2021-12-25,nflverse,,2026-09-07T05:45:02.885579+00:00,2021-12-25T00:00:00
NFL_LV_00-0036990_2021W16_NA_LP,NFL,2021,16,2021_NFL_W16_DEN_LV,NFL_LV,NFL_P_00-0036990,LB,,UNKNOWN,LP,Shoulder,2021-12-25,nflverse,,2026-09-07T05:45:02.885579+00:00,2021-12-25T00:00:00
NFL_LV_00-0035428_2021W16_NA_LP,NFL,2021,16,2021_NFL_W16_DEN_LV,NFL_LV,NFL_P_00-0035428,TE,,UNKNOWN,LP,Knee,2021-12-25,nflverse,,2026-09-07T05:45:02.885579+00:00,2021-12-25T00:00:00
NFL_LV_00-0033891_2021W16_NA_LP,NFL,2021,16,2021_NFL_W16_DEN_LV,NFL_LV,NFL_P_00-0033891,WR,,UNKNOWN,LP,Toe,2021-12-25,nflverse,,2026-09-07T05:45:02.885579+00:00,2021-12-25T00:00:00
NFL_LV_00-0034981_2021W16_NA_LP,NFL,2021,16,2021_NFL_W16_DEN_LV,NFL_LV,NFL_P_00-0034981,TE,,UNKNOWN,LP,Abdomen,2021-12-25,nflverse,,2026-09-07T05:45:02.885579+00:00,2021-12-25T00:00:00
NFL_LV_00-0035693_2021W16_OUT_DNP,NFL,2021,16,2021_NFL_W16_DEN_LV,NFL_LV,NFL_P_00-0035693,S,,OUT,DNP,Shoulder,2021-12-25,nflverse,,2026-09-07T05:45:02.885579+00:00,2021-12-25T00:00:00
NFL_LV_00-0031610_2021W16_DOUBTFUL_DNP,NFL,2021,16,2021_NFL_W16_DEN_LV,NFL_LV,NFL_P_00-0031610,TE,,DOUBTFUL,DNP,Knee,2021-12-25,nflverse,,2026-09-07T05:45:02.885579+00:00,2021-12-25T00:00:00
NFL_LV_00-0029869_2021W16_QUESTIONABLE_DNP,NFL,2021,16,2021_NFL_W16_DEN_LV,NFL_LV,NFL_P_00-0029869,LB,,QUESTIONABLE,DNP,Not injury related - personal matter,2021-12-25,nflverse,,2026-09-07T05:45:02.885579+00:00,2021-12-25T00:00:00
NFL_LV_00-0030063_2021W16_QUESTIONABLE_DNP,NFL,2021,16,2021_NFL_W16_DEN_LV,NFL_LV,NFL_P_00-0030063,DL,,QUESTIONABLE,DNP,Back,2021-12-25,nflverse,,2026-09-07T05:45:02.885579+00:00,2021-12-25T00:00:00
NFL_LV_00-0032103_2021W16_QUESTIONABLE_LP,NFL,2021,16,2021_NFL_W16_DEN_LV,NFL_LV,NFL_P_00-0032103,LB,,QUESTIONABLE,LP,Ankle,2021-12-25,nflverse,,2026-09-07T05:45:02.885579+00:00,2021-12-25T00:00:00
NFL_MIA_00-0030669_2021W16_NA_DNP,NFL,2021,16,2021_NFL_W16_MIA_NO,NFL_MIA,NFL_P_00-0030669,WR,,UNKNOWN,DNP,Not injury related - personal matter,2021-12-27,nflverse,,2026-09-07T05:45:02.885579+00:00,2021-12-27T00:00:00
NFL_MIN_00-0034785_2021W16_NA_DNP,NFL,2021,16,2021_NFL_W16_LAR_MIN,NFL_MIN,NFL_P_00-0034785,OL,,UNKNOWN,DNP,Elbow,2021-12-25,nflverse,,2026-09-07T05:45:02.885579+00:00,2021-12-25T00:00:00
NFL_MIN_00-0031554_2021W16_NA_LP,NFL,2021,16,2021_NFL_W16_LAR_MIN,NFL_MIN,NFL_P_00-0031554,LB,,UNKNOWN,LP,Back,2021-12-25,nflverse,,2026-09-07T05:45:02.885579+00:00,2021-12-25T00:00:00
NFL_MIN_00-0034972_2021W16_NA_LP,NFL,2021,16,2021_NFL_W16_LAR_MIN,NFL_MIN,NFL_P_00-0034972,RB,,UNKNOWN,LP,Not Injury Related,2021-12-25,nflverse,,2026-09-07T05:45:02.885579+00:00,2021-12-25T00:00:00
NFL_MIN_00-0032918_2021W16_QUESTIONABLE_LP,NFL,2021,16,2021_NFL_W16_LAR_MIN,NFL_MIN,NFL_P_00-0032918,RB,,QUESTIONABLE,LP,Hamstring,2021-12-25,nflverse,,2026-09-07T05:45:02.885579+00:00,2021-12-25T00:00:00
NFL_MIN_00-0030035_2021W16_QUESTIONABLE_LP,NFL,2021,16,2021_NFL_W16_LAR_MIN,NFL_MIN,NFL_P_00-0030035,WR,,QUESTIONABLE,LP,Ankle,2021-12-25,nflverse,,2026-09-07T05:45:02.885579+00:00,2021-12-25T00:00:00
NFL_NE_00-0026293_2021W16_NA_LP,NFL,2021,16,2021_NFL_W16_BUF_NE,NFL_NE,NFL_P_00-0026293,WR,,UNKNOWN,LP,Illness,2021-12-25,nflverse,,2026-09-07T05:45:02.885579+00:00,2021-12-25T00:00:00
NFL_NE_00-0031549_2021W16_OUT_DNP,NFL,2021,16,2021_NFL_W16_BUF_NE,NFL_NE,NFL_P_00-0031549,WR,,OUT,DNP,Concussion,2021-12-25,nflverse,,2026-09-07T05:45:02.885579+00:00,2021-12-25T00:00:00
NFL_NE_00-0036872_2021W16_OUT_DNP,NFL,2021,16,2021_NFL_W16_BUF_NE,NFL_NE,NFL_P_00-0036872,S,,OUT,DNP,Calf,2021-12-25,nflverse,,2026-09-07T05:45:02.885579+00:00,2021-12-25T00:00:00
NFL_NE_00-0036875_2021W16_OUT_DNP,NFL,2021,16,2021_NFL_W16_BUF_NE,NFL_NE,NFL_P_00-0036875,RB,,OUT,DNP,Illness,2021-12-25,nflverse,,2026-09-07T05:45:02.885579+00:00,2021-12-25T00:00:00
NFL_NE_00-0031852_2021W16_QUESTIONABLE_LP,NFL,2021,16,2021_NFL_W16_BUF_NE,NFL_NE,NFL_P_00-0031852,OL,,QUESTIONABLE,LP,Shoulder,2021-12-25,nflverse,,2026-09-07T05:45:02.885579+00:00,2021-12-25T00:00:00
NFL_NE_00-0036981_2021W16_QUESTIONABLE_LP,NFL,2021,16,2021_NFL_W16_BUF_NE,NFL_NE,NFL_P_00-0036981,DL,,QUESTIONABLE,LP,Knee,2021-12-25,nflverse,,2026-09-07T05:45:02.885579+00:00,2021-12-25T00:00:00
NFL_NE_00-0034385_2021W16_QUESTIONABLE_LP,NFL,2021,16,2021_NFL_W16_BUF_NE,NFL_NE,NFL_P_00-0034385,LB,,QUESTIONABLE,LP,Ribs,2021-12-25,nflverse,,2026-09-07T05:45:02.885579+00:00,2021-12-25T00:00:00
NFL_NE_00-0029239_2021W16_QUESTIONABLE_LP,NFL,2021,16,2021_NFL_W16_BUF_NE,NFL_NE,NFL_P_00-0029239,RB,,QUESTIONABLE,LP,Knee,2021-12-25,nflverse,,2026-09-07T05:45:02.885579+00:00,2021-12-25T00:00:00
NFL_NE_00-0025565_2021W16_QUESTIONABLE_LP,NFL,2021,16,2021_NFL_W16_BUF_NE,NFL_NE,NFL_P_00-0025565,K,,QUESTIONABLE,LP,left Knee,2021-12-25,nflverse,,2026-09-07T05:45:02.885579+00:00,2021-12-25T00:00:00
NFL_NE_00-0035657_2021W16_QUESTIONABLE_LP,NFL,2021,16,2021_NFL_W16_BUF_NE,NFL_NE,NFL_P_00-0035657,RB,,QUESTIONABLE,LP,Hamstring,2021-12-25,nflverse,,2026-09-07T05:45:02.885579+00:00,2021-12-25T00:00:00
NFL_NE_00-0035624_2021W16_QUESTIONABLE_LP,NFL,2021,16,2021_NFL_W16_BUF_NE,NFL_NE,NFL_P_00-0035624,WR,,QUESTIONABLE,LP,Hip,2021-12-25,nflverse,,2026-09-07T05:45:02.885579+00:00,2021-12-25T00:00:00
NFL_NE_00-0031404_2021W16_QUESTIONABLE_LP,NFL,2021,16,2021_NFL_W16_BUF_NE,NFL_NE,NFL_P_00-0031404,S,,QUESTIONABLE,LP,Knee,2021-12-25,nflverse,,2026-09-07T05:45:02.885579+00:00,2021-12-25T00:00:00
NFL_NO_00-0033888_2021W16_NA_DNP,NFL,2021,16,2021_NFL_W16_MIA_NO,NFL_NO,NFL_P_00-0033888,OL,,UNKNOWN,DNP,Knee,2021-12-27,nflverse,,2026-09-07T05:45:02.885579+00:00,2021-12-27T00:00:00
NFL_NO_00-0030067_2021W16_QUESTIONABLE_LP,NFL,2021,16,2021_NFL_W16_MIA_NO,NFL_NO,NFL_P_00-0030067,OL,,QUESTIONABLE,LP,Knee,2021-12-27,nflverse,,2026-09-07T05:45:02.885579+00:00,2021-12-27T00:00:00
NFL_NO_00-0034344_2021W16_QUESTIONABLE_LP,NFL,2021,16,2021_NFL_W16_MIA_NO,NFL_NO,NFL_P_00-0034344,EDGE,,QUESTIONABLE,LP,Shoulder,2021-12-27,nflverse,,2026-09-07T05:45:02.885579+00:00,2021-12-27T00:00:00
NFL_NO_00-0034765_2021W16_QUESTIONABLE_LP,NFL,2021,16,2021_NFL_W16_MIA_NO,NFL_NO,NFL_P_00-0034765,WR,,QUESTIONABLE,LP,Shoulder,2021-12-27,nflverse,,2026-09-07T05:45:02.885579+00:00,2021-12-27T00:00:00
NFL_NYG_00-0034844_2021W16_NA_LP,NFL,2021,16,2021_NFL_W16_NYG_PHI,NFL_NYG,NFL_P_00-0034844,RB,,UNKNOWN,LP,Ankle,2021-12-25,nflverse,,2026-09-07T05:45:02.885579+00:00,2021-12-25T00:00:00
NFL_NYG_00-0035304_2021W16_NA_LP,NFL,2021,16,2021_NFL_W16_NYG_PHI,NFL_NYG,NFL_P_00-0035304,RB,,UNKNOWN,LP,Shin,2021-12-25,nflverse,,2026-09-07T05:45:02.885579+00:00,2021-12-25T00:00:00
NFL_NYG_00-0027981_2021W16_NA_LP,NFL,2021,16,2021_NFL_W16_NYG_PHI,NFL_NYG,NFL_P_00-0027981,TE,,UNKNOWN,LP,Ankle,2021-12-25,nflverse,,2026-09-07T05:45:02.885579+00:00,2021-12-25T00:00:00
NFL_NYG_00-0036386_2021W16_NA_LP,NFL,2021,16,2021_NFL_W16_NYG_PHI,NFL_NYG,NFL_P_00-0036386,OL,,UNKNOWN,LP,Ankle,2021-12-25,nflverse,,2026-09-07T05:45:02.885579+00:00,2021-12-25T00:00:00
NFL_NYG_00-0031933_2021W16_NA_LP,NFL,2021,16,2021_NFL_W16_NYG_PHI,NFL_NYG,NFL_P_00-0031933,DL,,UNKNOWN,LP,Triceps,2021-12-25,nflverse,,2026-09-07T05:45:02.885579+00:00,2021-12-25T00:00:00
NFL_NYG_00-0036132_2021W16_OUT_DNP,NFL,2021,16,2021_NFL_W16_NYG_PHI,NFL_NYG,NFL_P_00-0036132,OL,,OUT,DNP,Ankle,2021-12-25,nflverse,,2026-09-07T05:45:02.885579+00:00,2021-12-25T00:00:00
NFL_NYG_00-0036569_2021W16_OUT_DNP,NFL,2021,16,2021_NFL_W16_NYG_PHI,NFL_NYG,NFL_P_00-0036569,RB,,OUT,DNP,Neck,2021-12-25,nflverse,,2026-09-07T05:45:02.885579+00:00,2021-12-25T00:00:00
NFL_NYG_00-0036254_2021W16_OUT_DNP,NFL,2021,16,2021_NFL_W16_NYG_PHI,NFL_NYG,NFL_P_00-0036254,WR,,OUT,DNP,Hamstring,2021-12-25,nflverse,,2026-09-07T05:45:02.885579+00:00,2021-12-25T00:00:00
NFL_NYG_00-0032763_2021W16_QUESTIONABLE_DNP,NFL,2021,16,2021_NFL_W16_NYG_PHI,NFL_NYG,NFL_P_00-0032763,DL,,QUESTIONABLE,DNP,Foot,2021-12-25,nflverse,,2026-09-07T05:45:02.885579+00:00,2021-12-25T00:00:00
NFL_NYG_00-0035830_2021W16_QUESTIONABLE_LP,NFL,2021,16,2021_NFL_W16_NYG_PHI,NFL_NYG,NFL_P_00-0035830,S,,QUESTIONABLE,LP,COVID Ramp Up,2021-12-25,nflverse,,2026-09-07T05:45:02.885579+00:00,2021-12-25T00:00:00
NFL_NYG_00-0036913_2021W16_QUESTIONABLE_LP,NFL,2021,16,2021_NFL_W16_NYG_PHI,NFL_NYG,NFL_P_00-0036913,WR,,QUESTIONABLE,LP,Oblique,2021-12-25,nflverse,,2026-09-07T05:45:02.885579+00:00,2021-12-25T00:00:00
NFL_NYG_00-0035708_2021W16_QUESTIONABLE_LP,NFL,2021,16,2021_NFL_W16_NYG_PHI,NFL_NYG,NFL_P_00-0035708,LB,,QUESTIONABLE,LP,COVID Ramp Up,2021-12-25,nflverse,,2026-09-07T05:45:02.885579+00:00,2021-12-25T00:00:00
NFL_NYJ_00-0031022_2021W16_NA_LP,NFL,2021,16,2021_NFL_W16_JAX_NYJ,NFL_NYJ,NFL_P_00-0031022,OL,,UNKNOWN,LP,Ankle,2021-12-25,nflverse,,2026-09-07T05:45:02.885579+00:00,2021-12-25T00:00:00
NFL_NYJ_00-0036002_2021W16_OUT_DNP,NFL,2021,16,2021_NFL_W16_JAX_NYJ,NFL_NYJ,NFL_P_00-0036002,S,,OUT,DNP,Concussion,2021-12-25,nflverse,,2026-09-07T05:45:02.885579+00:00,2021-12-25T00:00:00
NFL_NYJ_00-0031941_2021W16_DOUBTFUL_DNP,NFL,2021,16,2021_NFL_W16_JAX_NYJ,NFL_NYJ,NFL_P_00-0031941,WR,,DOUBTFUL,DNP,Calf,2021-12-25,nflverse,,2026-09-07T05:45:02.885579+00:00,2021-12-25T00:00:00
NFL_NYJ_00-0032466_2021W16_QUESTIONABLE_FP,NFL,2021,16,2021_NFL_W16_JAX_NYJ,NFL_NYJ,NFL_P_00-0032466,OL,,QUESTIONABLE,FP,Knee,2021-12-25,nflverse,,2026-09-07T05:45:02.885579+00:00,2021-12-25T00:00:00
NFL_NYJ_00-0036241_2021W16_QUESTIONABLE_FP,NFL,2021,16,2021_NFL_W16_JAX_NYJ,NFL_NYJ,NFL_P_00-0036241,CB,,QUESTIONABLE,FP,Illness,2021-12-25,nflverse,,2026-09-07T05:45:02.885579+00:00,2021-12-25T00:00:00
NFL_NYJ_00-0031296_2021W16_QUESTIONABLE_FP,NFL,2021,16,2021_NFL_W16_JAX_NYJ,NFL_NYJ,NFL_P_00-0031296,LB,,QUESTIONABLE,FP,Back,2021-12-25,nflverse,,2026-09-07T05:45:02.885579+00:00,2021-12-25T00:00:00
NFL_NYJ_00-0032759_2021W16_QUESTIONABLE_FP,NFL,2021,16,2021_NFL_W16_JAX_NYJ,NFL_NYJ,NFL_P_00-0032759,DL,,QUESTIONABLE,FP,Knee,2021-12-25,nflverse,,2026-09-07T05:45:02.885579+00:00,2021-12-25T00:00:00
NFL_NYJ_00-0035718_2021W16_QUESTIONABLE_FP,NFL,2021,16,2021_NFL_W16_JAX_NYJ,NFL_NYJ,NFL_P_00-0035718,DL,,QUESTIONABLE,FP,Shoulder,2021-12-25,nflverse,,2026-09-07T05:45:02.885579+00:00,2021-12-25T00:00:00
NFL_PHI_00-0033065_2021W16_NA_DNP,NFL,2021,16,2021_NFL_W16_NYG_PHI,NFL_PHI,NFL_P_00-0033065,OL,,UNKNOWN,DNP,Illness,2021-12-25,nflverse,,2026-09-07T05:45:02.885579+00:00,2021-12-25T00:00:00
NFL_PHI_00-0027954_2021W16_NA_DNP,NFL,2021,16,2021_NFL_W16_NYG_PHI,NFL_PHI,NFL_P_00-0027954,EDGE,,UNKNOWN,DNP,Illness,2021-12-25,nflverse,,2026-09-07T05:45:02.885579+00:00,2021-12-25T00:00:00
NFL_PHI_00-0034429_2021W16_NA_DNP,NFL,2021,16,2021_NFL_W16_NYG_PHI,NFL_PHI,NFL_P_00-0034429,OL,,UNKNOWN,DNP,Ankle,2021-12-25,nflverse,,2026-09-07T05:45:02.885579+00:00,2021-12-25T00:00:00
NFL_PHI_00-0035243_2021W16_NA_DNP,NFL,2021,16,2021_NFL_W16_NYG_PHI,NFL_PHI,NFL_P_00-0035243,RB,,UNKNOWN,DNP,Quadricep,2021-12-25,nflverse,,2026-09-07T05:45:02.885579+00:00,2021-12-25T00:00:00
NFL_PIT_00-0036847_2021W16_OUT_NA,NFL,2021,16,2021_NFL_W16_PIT_KC,NFL_PIT,NFL_P_00-0036847,P,,OUT,,Not injury related - personal matter,2021-12-25,nflverse,,2026-09-07T05:45:02.885579+00:00,2021-12-25T00:00:00
NFL_PIT_00-0036894_2021W16_OUT_DNP,NFL,2021,16,2021_NFL_W16_PIT_KC,NFL_PIT,NFL_P_00-0036894,TE,,OUT,DNP,Concussion,2021-12-25,nflverse,,2026-09-07T05:45:02.885579+00:00,2021-12-25T00:00:00
NFL_PIT_00-0033913_2021W16_OUT_DNP,NFL,2021,16,2021_NFL_W16_PIT_KC,NFL_PIT,NFL_P_00-0033913,EDGE,,OUT,DNP,Groin,2021-12-25,nflverse,,2026-09-07T05:45:02.885579+00:00,2021-12-25T00:00:00
NFL_PIT_00-0036870_2021W16_OUT_LP,NFL,2021,16,2021_NFL_W16_PIT_KC,NFL_PIT,NFL_P_00-0036870,LB,,OUT,LP,Foot,2021-12-25,nflverse,,2026-09-07T05:45:02.885579+00:00,2021-12-25T00:00:00
NFL_SEA_00-0027662_2021W16_NA_DNP,NFL,2021,16,2021_NFL_W16_CHI_SEA,NFL_SEA,NFL_P_00-0027662,LB,,UNKNOWN,DNP,Not injury related - resting player,2021-12-25,nflverse,,2026-09-07T05:45:02.885579+00:00,2021-12-25T00:00:00
NFL_SEA_00-0026166_2021W16_NA_LP,NFL,2021,16,2021_NFL_W16_CHI_SEA,NFL_SEA,NFL_P_00-0026166,OL,,UNKNOWN,LP,Not injury related - resting player,2021-12-25,nflverse,,2026-09-07T05:45:02.885579+00:00,2021-12-25T00:00:00
NFL_SEA_00-0034234_2021W16_NA_LP,NFL,2021,16,2021_NFL_W16_CHI_SEA,NFL_SEA,NFL_P_00-0034234,DL,,UNKNOWN,LP,Knee,2021-12-25,nflverse,,2026-09-07T05:45:02.885579+00:00,2021-12-25T00:00:00
NFL_SEA_00-0031367_2021W16_NA_LP,NFL,2021,16,2021_NFL_W16_CHI_SEA,NFL_SEA,NFL_P_00-0031367,OL,,UNKNOWN,LP,Knee,2021-12-25,nflverse,,2026-09-07T05:45:02.885579+00:00,2021-12-25T00:00:00
NFL_SEA_00-0035640_2021W16_NA_LP,NFL,2021,16,2021_NFL_W16_CHI_SEA,NFL_SEA,NFL_P_00-0035640,WR,,UNKNOWN,LP,Foot,2021-12-25,nflverse,,2026-09-07T05:45:02.885579+00:00,2021-12-25T00:00:00
NFL_SEA_00-0036247_2021W16_NA_LP,NFL,2021,16,2021_NFL_W16_CHI_SEA,NFL_SEA,NFL_P_00-0036247,WR,,UNKNOWN,LP,Ankle,2021-12-25,nflverse,,2026-09-07T05:45:02.885579+00:00,2021-12-25T00:00:00
NFL_SEA_00-0027723_2021W16_NA_LP,NFL,2021,16,2021_NFL_W16_CHI_SEA,NFL_SEA,NFL_P_00-0027723,DL,,UNKNOWN,LP,Shoulder,2021-12-25,nflverse,,2026-09-07T05:45:02.885579+00:00,2021-12-25T00:00:00
NFL_SEA_00-0036802_2021W16_OUT_DNP,NFL,2021,16,2021_NFL_W16_CHI_SEA,NFL_SEA,NFL_P_00-0036802,LB,,OUT,DNP,Knee,2021-12-25,nflverse,,2026-09-07T05:45:02.885579+00:00,2021-12-25T00:00:00
NFL_SEA_00-0035294_2021W16_QUESTIONABLE_DNP,NFL,2021,16,2021_NFL_W16_CHI_SEA,NFL_SEA,NFL_P_00-0035294,CB,,QUESTIONABLE,DNP,Hip,2021-12-25,nflverse,,2026-09-07T05:45:02.885579+00:00,2021-12-25T00:00:00
NFL_SF_00-0034982_2021W16_OUT_DNP,NFL,2021,16,2021_NFL_W16_SF_TEN,NFL_SF,NFL_P_00-0034982,LB,,OUT,DNP,Groin,2021-12-23,nflverse,,2026-09-07T05:45:02.885579+00:00,2021-12-23T00:00:00
NFL_SF_00-0036564_2021W16_OUT_DNP,NFL,2021,16,2021_NFL_W16_SF_TEN,NFL_SF,NFL_P_00-0036564,S,,OUT,DNP,Knee,2021-12-23,nflverse,,2026-09-07T05:45:02.885579+00:00,2021-12-23T00:00:00
NFL_SF_00-0034746_2021W16_OUT_DNP,NFL,2021,16,2021_NFL_W16_SF_TEN,NFL_SF,NFL_P_00-0034746,DL,,OUT,DNP,Calf,2021-12-23,nflverse,,2026-09-07T05:45:02.885579+00:00,2021-12-23T00:00:00
NFL_SF_00-0036567_2021W16_OUT_DNP,NFL,2021,16,2021_NFL_W16_SF_TEN,NFL_SF,NFL_P_00-0036567,RB,,OUT,DNP,Knee,2021-12-23,nflverse,,2026-09-07T05:45:02.885579+00:00,2021-12-23T00:00:00
NFL_SF_00-0035166_2021W16_QUESTIONABLE_LP,NFL,2021,16,2021_NFL_W16_SF_TEN,NFL_SF,NFL_P_00-0035166,LB,,QUESTIONABLE,LP,Elbow,2021-12-23,nflverse,,2026-09-07T05:45:02.885579+00:00,2021-12-23T00:00:00
NFL_TB_00-0036877_2021W16_NA_DNP,NFL,2021,16,2021_NFL_W16_TB_CAR,NFL_TB,NFL_P_00-0036877,WR,,UNKNOWN,DNP,Illness,2021-12-25,nflverse,,2026-09-07T05:45:02.885579+00:00,2021-12-25T00:00:00
NFL_TB_00-0029562_2021W16_NA_DNP,NFL,2021,16,2021_NFL_W16_TB_CAR,NFL_TB,NFL_P_00-0029562,LB,,UNKNOWN,DNP,Foot,2021-12-25,nflverse,,2026-09-07T05:45:02.885579+00:00,2021-12-25T00:00:00
NFL_TB_00-0033856_2021W16_NA_DNP,NFL,2021,16,2021_NFL_W16_TB_CAR,NFL_TB,NFL_P_00-0033856,RB,,UNKNOWN,DNP,Hamstring,2021-12-25,nflverse,,2026-09-07T05:45:02.885579+00:00,2021-12-25T00:00:00
NFL_TB_00-0027656_2021W16_NA_DNP,NFL,2021,16,2021_NFL_W16_TB_CAR,NFL_TB,NFL_P_00-0027656,TE,,UNKNOWN,DNP,Not injury related - resting player,2021-12-25,nflverse,,2026-09-07T05:45:02.885579+00:00,2021-12-25T00:00:00
NFL_TB_00-0031957_2021W16_NA_DNP,NFL,2021,16,2021_NFL_W16_TB_CAR,NFL_TB,NFL_P_00-0031957,DL,,UNKNOWN,DNP,Illness,2021-12-25,nflverse,,2026-09-07T05:45:02.885579+00:00,2021-12-25T00:00:00
NFL_TB_00-0027855_2021W16_NA_DNP,NFL,2021,16,2021_NFL_W16_TB_CAR,NFL_TB,NFL_P_00-0027855,DL,,UNKNOWN,DNP,Not injury related - resting player,2021-12-25,nflverse,,2026-09-07T05:45:02.885579+00:00,2021-12-25T00:00:00
NFL_TB_00-0027793_2021W16_NA_LP,NFL,2021,16,2021_NFL_W16_TB_CAR,NFL_TB,NFL_P_00-0027793,WR,,UNKNOWN,LP,Ankle,2021-12-25,nflverse,,2026-09-07T05:45:02.885579+00:00,2021-12-25T00:00:00
NFL_TB_00-0031408_2021W16_OUT_DNP,NFL,2021,16,2021_NFL_W16_TB_CAR,NFL_TB,NFL_P_00-0031408,WR,,OUT,DNP,Hamstring,2021-12-25,nflverse,,2026-09-07T05:45:02.885579+00:00,2021-12-25T00:00:00
NFL_TB_00-0036411_2021W16_OUT_DNP,NFL,2021,16,2021_NFL_W16_TB_CAR,NFL_TB,NFL_P_00-0036411,S,,OUT,DNP,Foot,2021-12-25,nflverse,,2026-09-07T05:45:02.885579+00:00,2021-12-25T00:00:00
NFL_TB_00-0027867_2021W16_DOUBTFUL_DNP,NFL,2021,16,2021_NFL_W16_TB_CAR,NFL_TB,NFL_P_00-0027867,LB,,DOUBTFUL,DNP,Shoulder,2021-12-25,nflverse,,2026-09-07T05:45:02.885579+00:00,2021-12-25T00:00:00
NFL_TB_00-0035699_2021W16_QUESTIONABLE_FP,NFL,2021,16,2021_NFL_W16_TB_CAR,NFL_TB,NFL_P_00-0035699,CB,,QUESTIONABLE,FP,Illness,2021-12-25,nflverse,,2026-09-07T05:45:02.885579+00:00,2021-12-25T00:00:00
NFL_TB_00-0028092_2021W16_QUESTIONABLE_LP,NFL,2021,16,2021_NFL_W16_TB_CAR,NFL_TB,NFL_P_00-0028092,CB,,QUESTIONABLE,LP,Achilles,2021-12-25,nflverse,,2026-09-07T05:45:02.885579+00:00,2021-12-25T00:00:00
NFL_TEN_00-0031442_2021W16_OUT_DNP,NFL,2021,16,2021_NFL_W16_SF_TEN,NFL_TEN,NFL_P_00-0031442,OL,,OUT,DNP,Back,2021-12-23,nflverse,,2026-09-07T05:45:02.885579+00:00,2021-12-23T00:00:00
NFL_TEN_00-0035292_2021W16_OUT_DNP,NFL,2021,16,2021_NFL_W16_SF_TEN,NFL_TEN,NFL_P_00-0035292,LB,,OUT,DNP,Hamstring,2021-12-23,nflverse,,2026-09-07T05:45:02.885579+00:00,2021-12-23T00:00:00
NFL_TEN_00-0036237_2021W16_OUT_DNP,NFL,2021,16,2021_NFL_W16_SF_TEN,NFL_TEN,NFL_P_00-0036237,DL,,OUT,DNP,Knee,2021-12-23,nflverse,,2026-09-07T05:45:02.885579+00:00,2021-12-23T00:00:00
NFL_TEN_00-0027648_2021W16_OUT_DNP,NFL,2021,16,2021_NFL_W16_SF_TEN,NFL_TEN,NFL_P_00-0027648,OL,,OUT,DNP,Shoulder,2021-12-23,nflverse,,2026-09-07T05:45:02.885579+00:00,2021-12-23T00:00:00
NFL_WAS_00-0036614_2021W16_NA_DNP,NFL,2021,16,2021_NFL_W16_WAS_DAL,NFL_WAS,NFL_P_00-0036614,LB,,UNKNOWN,DNP,Shoulder,2021-12-26,nflverse,,2026-09-07T05:45:02.885579+00:00,2021-12-26T00:00:00
NFL_WAS_00-0032262_2021W16_OUT_DNP,NFL,2021,16,2021_NFL_W16_WAS_DAL,NFL_WAS,NFL_P_00-0032262,S,,OUT,DNP,Foot,2021-12-26,nflverse,,2026-09-07T05:45:02.885579+00:00,2021-12-26T00:00:00
NFL_WAS_00-0031844_2021W16_OUT_DNP,NFL,2021,16,2021_NFL_W16_WAS_DAL,NFL_WAS,NFL_P_00-0031844,S,,OUT,DNP,Not injury related - personal matter,2021-12-26,nflverse,,2026-09-07T05:45:02.885579+00:00,2021-12-26T00:00:00
NFL_WAS_00-0033107_2021W16_OUT_DNP,NFL,2021,16,2021_NFL_W16_WAS_DAL,NFL_WAS,NFL_P_00-0033107,CB,,OUT,DNP,Calf,2021-12-26,nflverse,,2026-09-07T05:45:02.885579+00:00,2021-12-26T00:00:00
NFL_WAS_00-0035423_2021W16_OUT_DNP,NFL,2021,16,2021_NFL_W16_WAS_DAL,NFL_WAS,NFL_P_00-0035423,EDGE,,OUT,DNP,Knee,2021-12-26,nflverse,,2026-09-07T05:45:02.885579+00:00,2021-12-26T00:00:00
NFL_WAS_00-0036328_2021W16_QUESTIONABLE_DNP,NFL,2021,16,2021_NFL_W16_WAS_DAL,NFL_WAS,NFL_P_00-0036328,RB,,QUESTIONABLE,DNP,Toe,2021-12-26,nflverse,,2026-09-07T05:45:02.885579+00:00,2021-12-26T00:00:00
NFL_WAS_00-0033282_2021W16_QUESTIONABLE_LP,NFL,2021,16,2021_NFL_W16_WAS_DAL,NFL_WAS,NFL_P_00-0033282,WR,,QUESTIONABLE,LP,Hamstring,2021-12-26,nflverse,,2026-09-07T05:45:02.885579+00:00,2021-12-26T00:00:00
NFL_ARI_00-0029316_2021W17_NA_DNP,NFL,2021,17,2021_NFL_W17_ARI_DAL,NFL_ARI,NFL_P_00-0029316,OL,,UNKNOWN,DNP,Not injury related - resting player,2022-01-01,nflverse,,2026-09-07T05:45:02.885579+00:00,2022-01-01T00:00:00
NFL_ARI_00-0031557_2021W17_OUT_DNP,NFL,2021,17,2021_NFL_W17_ARI_DAL,NFL_ARI,NFL_P_00-0031557,EDGE,,OUT,DNP,Knee,2022-01-01,nflverse,,2026-09-07T05:45:02.885579+00:00,2022-01-01T00:00:00
NFL_ARI_00-0036884_2021W17_OUT_DNP,NFL,2021,17,2021_NFL_W17_ARI_DAL,NFL_ARI,NFL_P_00-0036884,CB,,OUT,DNP,Shoulder,2022-01-01,nflverse,,2026-09-07T05:45:02.885579+00:00,2022-01-01T00:00:00
NFL_ARI_00-0030155_2021W17_QUESTIONABLE_DNP,NFL,2021,17,2021_NFL_W17_ARI_DAL,NFL_ARI,NFL_P_00-0030155,TE,,QUESTIONABLE,DNP,Shoulder,2022-01-01,nflverse,,2026-09-07T05:45:02.885579+00:00,2022-01-01T00:00:00
NFL_ARI_00-0035248_2021W17_QUESTIONABLE_LP,NFL,2021,17,2021_NFL_W17_ARI_DAL,NFL_ARI,NFL_P_00-0035248,EDGE,,QUESTIONABLE,LP,Ankle,2022-01-01,nflverse,,2026-09-07T05:45:02.885579+00:00,2022-01-01T00:00:00
NFL_ARI_00-0033890_2021W17_QUESTIONABLE_LP,NFL,2021,17,2021_NFL_W17_ARI_DAL,NFL_ARI,NFL_P_00-0033890,S,,QUESTIONABLE,LP,Ribs,2022-01-01,nflverse,,2026-09-07T05:45:02.885579+00:00,2022-01-01T00:00:00
NFL_ARI_00-0033553_2021W17_QUESTIONABLE_LP,NFL,2021,17,2021_NFL_W17_ARI_DAL,NFL_ARI,NFL_P_00-0033553,RB,,QUESTIONABLE,LP,Heel,2022-01-01,nflverse,,2026-09-07T05:45:02.885579+00:00,2022-01-01T00:00:00
NFL_ARI_00-0033511_2021W17_QUESTIONABLE_LP,NFL,2021,17,2021_NFL_W17_ARI_DAL,NFL_ARI,NFL_P_00-0033511,OL,,QUESTIONABLE,LP,Illness,2022-01-01,nflverse,,2026-09-07T05:45:02.885579+00:00,2022-01-01T00:00:00
NFL_ARI_00-0036936_2021W17_QUESTIONABLE_LP,NFL,2021,17,2021_NFL_W17_ARI_DAL,NFL_ARI,NFL_P_00-0036936,WR,,QUESTIONABLE,LP,Ankle,2022-01-01,nflverse,,2026-09-07T05:45:02.885579+00:00,2022-01-01T00:00:00
NFL_ATL_00-0032052_2021W17_NA_DNP,NFL,2021,17,2021_NFL_W17_ATL_BUF,NFL_ATL,NFL_P_00-0032052,LB,,UNKNOWN,DNP,Illness,2022-01-01,nflverse,,2026-09-07T05:45:02.885579+00:00,2022-01-01T00:00:00
NFL_ATL_00-0030578_2021W17_NA_DNP,NFL,2021,17,2021_NFL_W17_ATL_BUF,NFL_ATL,NFL_P_00-0030578,RB,,UNKNOWN,DNP,Not injury related - resting player,2022-01-01,nflverse,,2026-09-07T05:45:02.885579+00:00,2022-01-01T00:00:00
NFL_ATL_00-0028097_2021W17_NA_DNP,NFL,2021,17,2021_NFL_W17_ATL_BUF,NFL_ATL,NFL_P_00-0028097,TE,,UNKNOWN,DNP,Not injury related - resting player,2022-01-01,nflverse,,2026-09-07T05:45:02.885579+00:00,2022-01-01T00:00:00
NFL_ATL_00-0033918_2021W17_DOUBTFUL_DNP,NFL,2021,17,2021_NFL_W17_ATL_BUF,NFL_ATL,NFL_P_00-0033918,CB,,DOUBTFUL,DNP,Ribs,2022-01-01,nflverse,,2026-09-07T05:45:02.885579+00:00,2022-01-01T00:00:00
NFL_BAL_00-0031598_2021W17_NA_DNP,NFL,2021,17,2021_NFL_W17_LAR_BAL,NFL_BAL,NFL_P_00-0031598,TE,,UNKNOWN,DNP,Not injury related - resting player,2022-01-01,nflverse,,2026-09-07T05:45:02.885579+00:00,2022-01-01T00:00:00
NFL_BAL_00-0026190_2021W17_NA_DNP,NFL,2021,17,2021_NFL_W17_LAR_BAL,NFL_BAL,NFL_P_00-0026190,EDGE,,UNKNOWN,DNP,Not injury related - resting player,2022-01-01,nflverse,,2026-09-07T05:45:02.885579+00:00,2022-01-01T00:00:00
NFL_BAL_00-0028008_2021W17_NA_DNP,NFL,2021,17,2021_NFL_W17_LAR_BAL,NFL_BAL,NFL_P_00-0028008,LB,,UNKNOWN,DNP,Not injury related - resting player,2022-01-01,nflverse,,2026-09-07T05:45:02.885579+00:00,2022-01-01T00:00:00
NFL_BAL_00-0030513_2021W17_NA_DNP,NFL,2021,17,2021_NFL_W17_LAR_BAL,NFL_BAL,NFL_P_00-0030513,RB,,UNKNOWN,DNP,Not injury related - resting player,2022-01-01,nflverse,,2026-09-07T05:45:02.885579+00:00,2022-01-01T00:00:00
NFL_BAL_00-0036214_2021W17_NA_DNP,NFL,2021,17,2021_NFL_W17_LAR_BAL,NFL_BAL,NFL_P_00-0036214,OL,,UNKNOWN,DNP,Knee,2022-01-01,nflverse,,2026-09-07T05:45:02.885579+00:00,2022-01-01T00:00:00
NFL_BAL_00-0030648_2021W17_NA_DNP,NFL,2021,17,2021_NFL_W17_LAR_BAL,NFL_BAL,NFL_P_00-0030648,OL,,UNKNOWN,DNP,Not injury related - resting player,2022-01-01,nflverse,,2026-09-07T05:45:02.885579+00:00,2022-01-01T00:00:00
NFL_BAL_00-0030511_2021W17_NA_DNP,NFL,2021,17,2021_NFL_W17_LAR_BAL,NFL_BAL,NFL_P_00-0030511,DL,,UNKNOWN,DNP,Not injury related - resting player,2022-01-01,nflverse,,2026-09-07T05:45:02.885579+00:00,2022-01-01T00:00:00
NFL_BAL_00-0032770_2021W17_NA_DNP,NFL,2021,17,2021_NFL_W17_LAR_BAL,NFL_BAL,NFL_P_00-0032770,CB,,UNKNOWN,DNP,Not injury related - resting player,2022-01-01,nflverse,,2026-09-07T05:45:02.885579+00:00,2022-01-01T00:00:00
NFL_BAL_00-0029592_2021W17_NA_DNP,NFL,2021,17,2021_NFL_W17_LAR_BAL,NFL_BAL,NFL_P_00-0029592,OL,,UNKNOWN,DNP,Not injury related - resting player,2022-01-01,nflverse,,2026-09-07T05:45:02.885579+00:00,2022-01-01T00:00:00
NFL_BAL_00-0033283_2021W17_NA_LP,NFL,2021,17,2021_NFL_W17_LAR_BAL,NFL_BAL,NFL_P_00-0033283,LB,,UNKNOWN,LP,Not injury related - personal matter,2022-01-01,nflverse,,2026-09-07T05:45:02.885579+00:00,2022-01-01T00:00:00
NFL_BAL_00-0034265_2021W17_OUT_DNP,NFL,2021,17,2021_NFL_W17_LAR_BAL,NFL_BAL,NFL_P_00-0034265,CB,,OUT,DNP,Ribs,2022-01-01,nflverse,,2026-09-07T05:45:02.885579+00:00,2022-01-01T00:00:00
NFL_BAL_00-0034978_2021W17_OUT_DNP,NFL,2021,17,2021_NFL_W17_LAR_BAL,NFL_BAL,NFL_P_00-0034978,OL,,OUT,DNP,Foot,2022-01-01,nflverse,,2026-09-07T05:45:02.885579+00:00,2022-01-01T00:00:00
NFL_BAL_00-0036940_2021W17_DOUBTFUL_DNP,NFL,2021,17,2021_NFL_W17_LAR_BAL,NFL_BAL,NFL_P_00-0036940,LB,,DOUBTFUL,DNP,Foot,2022-01-01,nflverse,,2026-09-07T05:45:02.885579+00:00,2022-01-01T00:00:00
NFL_BAL_00-0035662_2021W17_QUESTIONABLE_DNP,NFL,2021,17,2021_NFL_W17_LAR_BAL,NFL_BAL,NFL_P_00-0035662,WR,,QUESTIONABLE,DNP,Illness,2022-01-01,nflverse,,2026-09-07T05:45:02.885579+00:00,2022-01-01T00:00:00
NFL_BAL_00-0034796_2021W17_QUESTIONABLE_DNP,NFL,2021,17,2021_NFL_W17_LAR_BAL,NFL_BAL,NFL_P_00-0034796,QB,,QUESTIONABLE,DNP,Ankle,2022-01-01,nflverse,,2026-09-07T05:45:02.885579+00:00,2022-01-01T00:00:00
NFL_BAL_00-0036331_2021W17_QUESTIONABLE_FP,NFL,2021,17,2021_NFL_W17_LAR_BAL,NFL_BAL,NFL_P_00-0036331,WR,,QUESTIONABLE,FP,Ankle,2022-01-01,nflverse,,2026-09-07T05:45:02.885579+00:00,2022-01-01T00:00:00
NFL_BAL_00-0036562_2021W17_QUESTIONABLE_LP,NFL,2021,17,2021_NFL_W17_LAR_BAL,NFL_BAL,NFL_P_00-0036562,LB,,QUESTIONABLE,LP,Knee,2022-01-01,nflverse,,2026-09-07T05:45:02.885579+00:00,2022-01-01T00:00:00
NFL_BAL_00-0033376_2021W17_QUESTIONABLE_LP,NFL,2021,17,2021_NFL_W17_LAR_BAL,NFL_BAL,NFL_P_00-0033376,RB,,QUESTIONABLE,LP,Knee,2022-01-01,nflverse,,2026-09-07T05:45:02.885579+00:00,2022-01-01T00:00:00
NFL_BUF_00-0031588_2021W17_NA_DNP,NFL,2021,17,2021_NFL_W17_ATL_BUF,NFL_BUF,NFL_P_00-0031588,WR,,UNKNOWN,DNP,Not injury related - resting player,2022-01-01,nflverse,,2026-09-07T05:45:02.885579+00:00,2022-01-01T00:00:00
NFL_BUF_00-0028339_2021W17_NA_LP,NFL,2021,17,2021_NFL_W17_ATL_BUF,NFL_BUF,NFL_P_00-0028339,EDGE,,UNKNOWN,LP,Not injury related - resting player,2022-01-01,nflverse,,2026-09-07T05:45:02.885579+00:00,2022-01-01T00:00:00
NFL_BUF_00-0027881_2021W17_NA_LP,NFL,2021,17,2021_NFL_W17_ATL_BUF,NFL_BUF,NFL_P_00-0027881,EDGE,,UNKNOWN,LP,Not injury related - resting player,2022-01-01,nflverse,,2026-09-07T05:45:02.885579+00:00,2022-01-01T00:00:00
NFL_BUF_00-0028063_2021W17_NA_LP,NFL,2021,17,2021_NFL_W17_ATL_BUF,NFL_BUF,NFL_P_00-0028063,RB,,UNKNOWN,LP,Knee,2022-01-01,nflverse,,2026-09-07T05:45:02.885579+00:00,2022-01-01T00:00:00
NFL_BUF_00-0027685_2021W17_QUESTIONABLE_DNP,NFL,2021,17,2021_NFL_W17_ATL_BUF,NFL_BUF,NFL_P_00-0027685,WR,,QUESTIONABLE,DNP,Knee,2022-01-01,nflverse,,2026-09-07T05:45:02.885579+00:00,2022-01-01T00:00:00
NFL_BUF_00-0035230_2021W17_QUESTIONABLE_LP,NFL,2021,17,2021_NFL_W17_ATL_BUF,NFL_BUF,NFL_P_00-0035230,DL,,QUESTIONABLE,LP,Ankle,2022-01-01,nflverse,,2026-09-07T05:45:02.885579+00:00,2022-01-01T00:00:00
NFL_CAR_00-0036283_2021W17_NA_DNP,NFL,2021,17,2021_NFL_W17_CAR_NO,NFL_CAR,NFL_P_00-0036283,S,,UNKNOWN,DNP,Illness,2022-01-01,nflverse,,2026-09-07T05:45:02.885579+00:00,2022-01-01T00:00:00
NFL_CAR_00-0029542_2021W17_OUT_DNP,NFL,2021,17,2021_NFL_W17_CAR_NO,NFL_CAR,NFL_P_00-0029542,CB,,OUT,DNP,Groin,2022-01-01,nflverse,,2026-09-07T05:45:02.885579+00:00,2022-01-01T00:00:00
NFL_CAR_00-0032145_2021W17_DOUBTFUL_DNP,NFL,2021,17,2021_NFL_W17_CAR_NO,NFL_CAR,NFL_P_00-0032145,OL,,DOUBTFUL,DNP,Calf,2022-01-01,nflverse,,2026-09-07T05:45:02.885579+00:00,2022-01-01T00:00:00
NFL_CAR_00-0034496_2021W17_DOUBTFUL_LP,NFL,2021,17,2021_NFL_W17_CAR_NO,NFL_CAR,NFL_P_00-0034496,S,,DOUBTFUL,LP,Groin,2022-01-01,nflverse,,2026-09-07T05:45:02.885579+00:00,2022-01-01T00:00:00
NFL_CAR_00-0032403_2021W17_QUESTIONABLE_LP,NFL,2021,17,2021_NFL_W17_CAR_NO,NFL_CAR,NFL_P_00-0032403,S,,QUESTIONABLE,LP,Groin,2022-01-01,nflverse,,2026-09-07T05:45:02.885579+00:00,2022-01-01T00:00:00
NFL_CAR_00-0034396_2021W17_QUESTIONABLE_LP,NFL,2021,17,2021_NFL_W17_CAR_NO,NFL_CAR,NFL_P_00-0034396,LB,,QUESTIONABLE,LP,Groin,2022-01-01,nflverse,,2026-09-07T05:45:02.885579+00:00,2022-01-01T00:00:00
NFL_CAR_00-0036281_2021W17_QUESTIONABLE_LP,NFL,2021,17,2021_NFL_W17_CAR_NO,NFL_CAR,NFL_P_00-0036281,CB,,QUESTIONABLE,LP,Shoulder,2022-01-01,nflverse,,2026-09-07T05:45:02.885579+00:00,2022-01-01T00:00:00
NFL_CHI_00-0032986_2021W17_DOUBTFUL_DNP,NFL,2021,17,2021_NFL_W17_NYG_CHI,NFL_CHI,NFL_P_00-0032986,TE,,DOUBTFUL,DNP,Not injury related - personal matter,2022-01-01,nflverse,,2026-09-07T05:45:02.885579+00:00,2022-01-01T00:00:00
NFL_CHI_00-0031551_2021W17_QUESTIONABLE_FP,NFL,2021,17,2021_NFL_W17_NYG_CHI,NFL_CHI,NFL_P_00-0031551,DL,,QUESTIONABLE,FP,Finger,2022-01-01,nflverse,,2026-09-07T05:45:02.885579+00:00,2022-01-01T00:00:00
NFL_CHI_00-0022531_2021W17_QUESTIONABLE_FP,NFL,2021,17,2021_NFL_W17_NYG_CHI,NFL_CHI,NFL_P_00-0022531,OL,,QUESTIONABLE,FP,Ankle,2022-01-01,nflverse,,2026-09-07T05:45:02.885579+00:00,2022-01-01T00:00:00
NFL_CHI_00-0036945_2021W17_QUESTIONABLE_LP,NFL,2021,17,2021_NFL_W17_NYG_CHI,NFL_CHI,NFL_P_00-0036945,QB,,QUESTIONABLE,LP,Ankle,2022-01-01,nflverse,,2026-09-07T05:45:02.885579+00:00,2022-01-01T00:00:00
NFL_CHI_00-0029657_2021W17_QUESTIONABLE_LP,NFL,2021,17,2021_NFL_W17_NYG_CHI,NFL_CHI,NFL_P_00-0029657,DL,,QUESTIONABLE,LP,Covid Ramp up,2022-01-01,nflverse,,2026-09-07T05:45:02.885579+00:00,2022-01-01T00:00:00
NFL_CHI_00-0035696_2021W17_QUESTIONABLE_LP,NFL,2021,17,2021_NFL_W17_NYG_CHI,NFL_CHI,NFL_P_00-0035696,CB,,QUESTIONABLE,LP,Heel,2022-01-01,nflverse,,2026-09-07T05:45:02.885579+00:00,2022-01-01T00:00:00
NFL_CIN_00-0034446_2021W17_OUT_DNP,NFL,2021,17,2021_NFL_W17_KC_CIN,NFL_CIN,NFL_P_00-0034446,CB,,OUT,DNP,Ankle,2022-01-01,nflverse,,2026-09-07T05:45:02.885579+00:00,2022-01-01T00:00:00
NFL_CIN_00-0036850_2021W17_OUT_DNP,NFL,2021,17,2021_NFL_W17_KC_CIN,NFL_CIN,NFL_P_00-0036850,EDGE,,OUT,DNP,Hamstring,2022-01-01,nflverse,,2026-09-07T05:45:02.885579+00:00,2022-01-01T00:00:00
NFL_CIN_00-0035697_2021W17_QUESTIONABLE_NA,NFL,2021,17,2021_NFL_W17_KC_CIN,NFL_CIN,NFL_P_00-0035697,LB,,QUESTIONABLE,,Not Injury Related,2022-01-01,nflverse,,2026-09-07T05:45:02.885579+00:00,2022-01-01T00:00:00
NFL_CLE_00-0035144_2021W17_NA_DNP,NFL,2021,17,2021_NFL_W17_CLE_PIT,NFL_CLE,NFL_P_00-0035144,LB,,UNKNOWN,DNP,Not injury related - personal matter,2022-01-03,nflverse,,2026-09-07T05:45:02.885579+00:00,2022-01-03T00:00:00
NFL_CLE_00-0030076_2021W17_NA_LP,NFL,2021,17,2021_NFL_W17_CLE_PIT,NFL_CLE,NFL_P_00-0030076,OL,,UNKNOWN,LP,Knee,2022-01-03,nflverse,,2026-09-07T05:45:02.885579+00:00,2022-01-03T00:00:00
NFL_CLE_00-0031785_2021W17_OUT_DNP,NFL,2021,17,2021_NFL_W17_CLE_PIT,NFL_CLE,NFL_P_00-0031785,CB,,OUT,DNP,Knee,2022-01-03,nflverse,,2026-09-07T05:45:02.885579+00:00,2022-01-03T00:00:00
NFL_CLE_00-0033927_2021W17_OUT_DNP,NFL,2021,17,2021_NFL_W17_CLE_PIT,NFL_CLE,NFL_P_00-0033927,S,,OUT,DNP,Hamstring,2022-01-03,nflverse,,2026-09-07T05:45:02.885579+00:00,2022-01-03T00:00:00
NFL_CLE_00-0034779_2021W17_OUT_LP,NFL,2021,17,2021_NFL_W17_CLE_PIT,NFL_CLE,NFL_P_00-0034779,S,,OUT,LP,Ankle,2022-01-03,nflverse,,2026-09-07T05:45:02.885579+00:00,2022-01-03T00:00:00
NFL_CLE_00-0033923_2021W17_QUESTIONABLE_LP,NFL,2021,17,2021_NFL_W17_CLE_PIT,NFL_CLE,NFL_P_00-0033923,RB,,QUESTIONABLE,LP,Ankle,2022-01-03,nflverse,,2026-09-07T05:45:02.885579+00:00,2022-01-03T00:00:00
NFL_CLE_00-0029568_2021W17_QUESTIONABLE_LP,NFL,2021,17,2021_NFL_W17_CLE_PIT,NFL_CLE,NFL_P_00-0029568,DL,,QUESTIONABLE,LP,Knee,2022-01-03,nflverse,,2026-09-07T05:45:02.885579+00:00,2022-01-03T00:00:00
NFL_DAL_00-0036649_2021W17_NA_DNP,NFL,2021,17,2021_NFL_W17_ARI_DAL,NFL_DAL,NFL_P_00-0036649,DL,,UNKNOWN,DNP,Illness,2022-01-01,nflverse,,2026-09-07T05:45:02.885579+00:00,2022-01-01T00:00:00
NFL_DEN_00-0034832_2021W17_NA_DNP,NFL,2021,17,2021_NFL_W17_DEN_LAC,NFL_DEN,NFL_P_00-0034832,LB,,UNKNOWN,DNP,Shoulder,2022-01-01,nflverse,,2026-09-07T05:45:02.885579+00:00,2022-01-01T00:00:00
NFL_DEN_00-0036952_2021W17_NA_DNP,NFL,2021,17,2021_NFL_W17_DEN_LAC,NFL_DEN,NFL_P_00-0036952,LB,,UNKNOWN,DNP,Illness,2022-01-01,nflverse,,2026-09-07T05:45:02.885579+00:00,2022-01-01T00:00:00
NFL_DEN_00-0032448_2021W17_NA_DNP,NFL,2021,17,2021_NFL_W17_DEN_LAC,NFL_DEN,NFL_P_00-0032448,LB,,UNKNOWN,DNP,Illness,2022-01-01,nflverse,,2026-09-07T05:45:02.885579+00:00,2022-01-01T00:00:00
NFL_DEN_00-0031237_2021W17_OUT_DNP,NFL,2021,17,2021_NFL_W17_DEN_LAC,NFL_DEN,NFL_P_00-0031237,QB,,OUT,DNP,Concussion,2022-01-01,nflverse,,2026-09-07T05:45:02.885579+00:00,2022-01-01T00:00:00
NFL_DEN_00-0034348_2021W17_QUESTIONABLE_DNP,NFL,2021,17,2021_NFL_W17_DEN_LAC,NFL_DEN,NFL_P_00-0034348,WR,,QUESTIONABLE,DNP,Illness,2022-01-01,nflverse,,2026-09-07T05:45:02.885579+00:00,2022-01-01T00:00:00
NFL_DEN_00-0032195_2021W17_QUESTIONABLE_LP,NFL,2021,17,2021_NFL_W17_DEN_LAC,NFL_DEN,NFL_P_00-0032195,CB,,QUESTIONABLE,LP,Shoulder,2022-01-01,nflverse,,2026-09-07T05:45:02.885579+00:00,2022-01-01T00:00:00
NFL_DEN_00-0032144_2021W17_QUESTIONABLE_LP,NFL,2021,17,2021_NFL_W17_DEN_LAC,NFL_DEN,NFL_P_00-0032144,RB,,QUESTIONABLE,LP,Thumb,2022-01-01,nflverse,,2026-09-07T05:45:02.885579+00:00,2022-01-01T00:00:00
NFL_DEN_00-0031270_2021W17_QUESTIONABLE_LP,NFL,2021,17,2021_NFL_W17_DEN_LAC,NFL_DEN,NFL_P_00-0031270,EDGE,,QUESTIONABLE,LP,Ankle,2022-01-01,nflverse,,2026-09-07T05:45:02.885579+00:00,2022-01-01T00:00:00
NFL_DEN_00-0027872_2021W17_QUESTIONABLE_LP,NFL,2021,17,2021_NFL_W17_DEN_LAC,NFL_DEN,NFL_P_00-0027872,S,,QUESTIONABLE,LP,Back,2022-01-01,nflverse,,2026-09-07T05:45:02.885579+00:00,2022-01-01T00:00:00
NFL_DEN_00-0035678_2021W17_QUESTIONABLE_LP,NFL,2021,17,2021_NFL_W17_DEN_LAC,NFL_DEN,NFL_P_00-0035678,EDGE,,QUESTIONABLE,LP,Foot,2022-01-01,nflverse,,2026-09-07T05:45:02.885579+00:00,2022-01-01T00:00:00
NFL_DEN_00-0031242_2021W17_QUESTIONABLE_LP,NFL,2021,17,2021_NFL_W17_DEN_LAC,NFL_DEN,NFL_P_00-0031242,EDGE,,QUESTIONABLE,LP,Knee,2022-01-01,nflverse,,2026-09-07T05:45:02.885579+00:00,2022-01-01T00:00:00
NFL_DEN_00-0036997_2021W17_QUESTIONABLE_LP,NFL,2021,17,2021_NFL_W17_DEN_LAC,NFL_DEN,NFL_P_00-0036997,RB,,QUESTIONABLE,LP,Knee,2022-01-01,nflverse,,2026-09-07T05:45:02.885579+00:00,2022-01-01T00:00:00
NFL_DEN_00-0034266_2021W17_QUESTIONABLE_LP,NFL,2021,17,2021_NFL_W17_DEN_LAC,NFL_DEN,NFL_P_00-0034266,LB,,QUESTIONABLE,LP,Concussion,2022-01-01,nflverse,,2026-09-07T05:45:02.885579+00:00,2022-01-01T00:00:00
NFL_DET_00-0036086_2021W17_OUT_NA,NFL,2021,17,2021_NFL_W17_DET_SEA,NFL_DET,NFL_P_00-0036086,LB,,OUT,,Illness,2022-01-01,nflverse,,2026-09-07T05:45:02.885579+00:00,2022-01-01T00:00:00
NFL_DET_00-0034171_2021W17_OUT_DNP,NFL,2021,17,2021_NFL_W17_DET_SEA,NFL_DET,NFL_P_00-0034171,RB,,OUT,DNP,Knee,2022-01-01,nflverse,,2026-09-07T05:45:02.885579+00:00,2022-01-01T00:00:00
NFL_DET_00-0033106_2021W17_DOUBTFUL_DNP,NFL,2021,17,2021_NFL_W17_DET_SEA,NFL_DET,NFL_P_00-0033106,QB,,DOUBTFUL,DNP,Knee,2022-01-01,nflverse,,2026-09-07T05:45:02.885579+00:00,2022-01-01T00:00:00
NFL_DET_00-0035076_2021W17_QUESTIONABLE_LP,NFL,2021,17,2021_NFL_W17_DET_SEA,NFL_DET,NFL_P_00-0035076,LB,,QUESTIONABLE,LP,Back,2022-01-01,nflverse,,2026-09-07T05:45:02.885579+00:00,2022-01-01T00:00:00
NFL_GB_00-0036456_2021W17_NA_LP,NFL,2021,17,2021_NFL_W17_MIN_GB,NFL_GB,NFL_P_00-0036456,TE,,UNKNOWN,LP,Ankle,2022-01-02,nflverse,,2026-09-07T05:45:02.885579+00:00,2022-01-02T00:00:00
NFL_GB_00-0033293_2021W17_NA_LP,NFL,2021,17,2021_NFL_W17_MIN_GB,NFL_GB,NFL_P_00-0033293,RB,,UNKNOWN,LP,Knee,2022-01-02,nflverse,,2026-09-07T05:45:02.885579+00:00,2022-01-02T00:00:00
NFL_GB_00-0023459_2021W17_NA_LP,NFL,2021,17,2021_NFL_W17_MIN_GB,NFL_GB,NFL_P_00-0023459,QB,,UNKNOWN,LP,Toe,2022-01-02,nflverse,,2026-09-07T05:45:02.885579+00:00,2022-01-02T00:00:00
NFL_GB_00-0030074_2021W17_OUT_DNP,NFL,2021,17,2021_NFL_W17_MIN_GB,NFL_GB,NFL_P_00-0030074,OL,,OUT,DNP,Knee,2022-01-02,nflverse,,2026-09-07T05:45:02.885579+00:00,2022-01-02T00:00:00
NFL_GB_00-0031433_2021W17_OUT_DNP,NFL,2021,17,2021_NFL_W17_MIN_GB,NFL_GB,NFL_P_00-0031433,OL,,OUT,DNP,Knee,2022-01-02,nflverse,,2026-09-07T05:45:02.885579+00:00,2022-01-02T00:00:00
NFL_GB_00-0034728_2021W17_OUT_LP,NFL,2021,17,2021_NFL_W17_MIN_GB,NFL_GB,NFL_P_00-0034728,CB,,OUT,LP,Shoulder,2022-01-02,nflverse,,2026-09-07T05:45:02.885579+00:00,2022-01-02T00:00:00
NFL_GB_00-0034185_2021W17_QUESTIONABLE_LP,NFL,2021,17,2021_NFL_W17_MIN_GB,NFL_GB,NFL_P_00-0034185,DL,,QUESTIONABLE,LP,Back,2022-01-02,nflverse,,2026-09-07T05:45:02.885579+00:00,2022-01-02T00:00:00
NFL_HOU_00-0033421_2021W17_NA_DNP,NFL,2021,17,2021_NFL_W17_HOU_SF,NFL_HOU,NFL_P_00-0033421,TE,,UNKNOWN,DNP,Illness,2022-01-01,nflverse,,2026-09-07T05:45:02.885579+00:00,2022-01-01T00:00:00
NFL_HOU_00-0033537_2021W17_OUT_DNP,NFL,2021,17,2021_NFL_W17_HOU_SF,NFL_HOU,NFL_P_00-0033537,QB,,OUT,DNP,Not injury related - personal matter,2022-01-01,nflverse,,2026-09-07T05:45:02.885579+00:00,2022-01-01T00:00:00
NFL_HOU_00-0032128_2021W17_QUESTIONABLE_LP,NFL,2021,17,2021_NFL_W17_HOU_SF,NFL_HOU,NFL_P_00-0032128,WR,,QUESTIONABLE,LP,Knee,2022-01-01,nflverse,,2026-09-07T05:45:02.885579+00:00,2022-01-01T00:00:00
NFL_HOU_00-0034594_2021W17_QUESTIONABLE_LP,NFL,2021,17,2021_NFL_W17_HOU_SF,NFL_HOU,NFL_P_00-0034594,S,,QUESTIONABLE,LP,Illness,2022-01-01,nflverse,,2026-09-07T05:45:02.885579+00:00,2022-01-01T00:00:00
NFL_HOU_00-0035307_2021W17_QUESTIONABLE_LP,NFL,2021,17,2021_NFL_W17_HOU_SF,NFL_HOU,NFL_P_00-0035307,CB,,QUESTIONABLE,LP,Illness,2022-01-01,nflverse,,2026-09-07T05:45:02.885579+00:00,2022-01-01T00:00:00
NFL_IND_00-0027914_2021W17_OUT_DNP,NFL,2021,17,2021_NFL_W17_LV_IND,NFL_IND,NFL_P_00-0027914,S,,OUT,DNP,Concussion,2022-01-01,nflverse,,2026-09-07T05:45:02.885579+00:00,2022-01-01T00:00:00
NFL_IND_00-0030584_2021W17_QUESTIONABLE_DNP,NFL,2021,17,2021_NFL_W17_LV_IND,NFL_IND,NFL_P_00-0030584,OL,,QUESTIONABLE,DNP,Knee/Shoulder/Toe,2022-01-01,nflverse,,2026-09-07T05:45:02.885579+00:00,2022-01-01T00:00:00
NFL_IND_00-0030181_2021W17_QUESTIONABLE_FP,NFL,2021,17,2021_NFL_W17_LV_IND,NFL_IND,NFL_P_00-0030181,TE,,QUESTIONABLE,FP,Knee,2022-01-01,nflverse,,2026-09-07T05:45:02.885579+00:00,2022-01-01T00:00:00
NFL_IND_00-0031581_2021W17_QUESTIONABLE_LP,NFL,2021,17,2021_NFL_W17_LV_IND,NFL_IND,NFL_P_00-0031581,OL,,QUESTIONABLE,LP,Illness,2022-01-01,nflverse,,2026-09-07T05:45:02.885579+00:00,2022-01-01T00:00:00
NFL_JAX_00-0034380_2021W17_NA_DNP,NFL,2021,17,2021_NFL_W17_JAX_NE,NFL_JAX,NFL_P_00-0034380,OL,,UNKNOWN,DNP,Finger,2022-01-01,nflverse,,2026-09-07T05:45:02.885579+00:00,2022-01-01T00:00:00
NFL_JAX_00-0031176_2021W17_OUT_NA,NFL,2021,17,2021_NFL_W17_JAX_NE,NFL_JAX,NFL_P_00-0031176,CB,,OUT,,Illness,2022-01-01,nflverse,,2026-09-07T05:45:02.885579+00:00,2022-01-01T00:00:00
NFL_JAX_00-0031951_2021W17_OUT_DNP,NFL,2021,17,2021_NFL_W17_JAX_NE,NFL_JAX,NFL_P_00-0031951,TE,,OUT,DNP,Hip,2022-01-01,nflverse,,2026-09-07T05:45:02.885579+00:00,2022-01-01T00:00:00
NFL_JAX_00-0035670_2021W17_QUESTIONABLE_LP,NFL,2021,17,2021_NFL_W17_JAX_NE,NFL_JAX,NFL_P_00-0035670,LB,,QUESTIONABLE,LP,Shoulder,2022-01-01,nflverse,,2026-09-07T05:45:02.885579+00:00,2022-01-01T00:00:00
NFL_KC_00-0036360_2021W17_QUESTIONABLE_DNP,NFL,2021,17,2021_NFL_W17_KC_CIN,NFL_KC,NFL_P_00-0036360,RB,,QUESTIONABLE,DNP,Shoulder,2022-01-01,nflverse,,2026-09-07T05:45:02.885579+00:00,2022-01-01T00:00:00
NFL_LAR_00-0031388_2021W17_NA_DNP,NFL,2021,17,2021_NFL_W17_LAR_BAL,NFL_LAR,NFL_P_00-0031388,DL,,UNKNOWN,DNP,Not injury related - resting player,2022-01-01,nflverse,,2026-09-07T05:45:02.885579+00:00,2022-01-01T00:00:00
NFL_LAR_00-0036414_2021W17_QUESTIONABLE_FP,NFL,2021,17,2021_NFL_W17_LAR_BAL,NFL_LAR,NFL_P_00-0036414,RB,,QUESTIONABLE,FP,Achilles,2022-01-01,nflverse,,2026-09-07T05:45:02.885579+00:00,2022-01-01T00:00:00
NFL_LAR_00-0035663_2021W17_QUESTIONABLE_FP,NFL,2021,17,2021_NFL_W17_LAR_BAL,NFL_LAR,NFL_P_00-0035663,S,,QUESTIONABLE,FP,Shoulder,2022-01-01,nflverse,,2026-09-07T05:45:02.885579+00:00,2022-01-01T00:00:00
NFL_LAR_00-0033072_2021W17_QUESTIONABLE_LP,NFL,2021,17,2021_NFL_W17_LAR_BAL,NFL_LAR,NFL_P_00-0033072,LB,,QUESTIONABLE,LP,Ankle,2022-01-01,nflverse,,2026-09-07T05:45:02.885579+00:00,2022-01-01T00:00:00
NFL_LAR_00-0035667_2021W17_QUESTIONABLE_LP,NFL,2021,17,2021_NFL_W17_LAR_BAL,NFL_LAR,NFL_P_00-0035667,OL,,QUESTIONABLE,LP,Hand,2022-01-01,nflverse,,2026-09-07T05:45:02.885579+00:00,2022-01-01T00:00:00
NFL_LAC_00-0034790_2021W17_NA_LP,NFL,2021,17,2021_NFL_W17_DEN_LAC,NFL_LAC,NFL_P_00-0034790,S,,UNKNOWN,LP,Hamstring,2022-01-01,nflverse,,2026-09-07T05:45:02.885579+00:00,2022-01-01T00:00:00
NFL_LAC_00-0035262_2021W17_DOUBTFUL_DNP,NFL,2021,17,2021_NFL_W17_DEN_LAC,NFL_LAC,NFL_P_00-0035262,LB,,DOUBTFUL,DNP,Ankle,2022-01-01,nflverse,,2026-09-07T05:45:02.885579+00:00,2022-01-01T00:00:00
NFL_LV_00-0033446_2021W17_NA_DNP,NFL,2021,17,2021_NFL_W17_LV_IND,NFL_LV,NFL_P_00-0033446,OL,,UNKNOWN,DNP,Not injury related - personal matter,2022-01-01,nflverse,,2026-09-07T05:45:02.885579+00:00,2022-01-01T00:00:00
NFL_LV_00-0032103_2021W17_QUESTIONABLE_NA,NFL,2021,17,2021_NFL_W17_LV_IND,NFL_LV,NFL_P_00-0032103,LB,,QUESTIONABLE,,Ankle,2022-01-01,nflverse,,2026-09-07T05:45:02.885579+00:00,2022-01-01T00:00:00
NFL_LV_00-0030063_2021W17_QUESTIONABLE_LP,NFL,2021,17,2021_NFL_W17_LV_IND,NFL_LV,NFL_P_00-0030063,DL,,QUESTIONABLE,LP,Back,2022-01-01,nflverse,,2026-09-07T05:45:02.885579+00:00,2022-01-01T00:00:00
NFL_MIA_00-0033381_2021W17_QUESTIONABLE_NA,NFL,2021,17,2021_NFL_W17_MIA_TEN,NFL_MIA,NFL_P_00-0033381,EDGE,,QUESTIONABLE,,Illness,2022-01-01,nflverse,,2026-09-07T05:45:02.885579+00:00,2022-01-01T00:00:00
NFL_MIA_00-0036221_2021W17_QUESTIONABLE_NA,NFL,2021,17,2021_NFL_W17_MIA_TEN,NFL_MIA,NFL_P_00-0036221,S,,QUESTIONABLE,,Illness,2022-01-01,nflverse,,2026-09-07T05:45:02.885579+00:00,2022-01-01T00:00:00
NFL_MIN_00-0036330_2021W17_DOUBTFUL_DNP,NFL,2021,17,2021_NFL_W17_MIN_GB,NFL_MIN,NFL_P_00-0036330,CB,,DOUBTFUL,DNP,Calf,2022-01-02,nflverse,,2026-09-07T05:45:02.885579+00:00,2022-01-02T00:00:00
NFL_MIN_00-0032574_2021W17_QUESTIONABLE_DNP,NFL,2021,17,2021_NFL_W17_MIN_GB,NFL_MIN,NFL_P_00-0032574,DL,,QUESTIONABLE,DNP,Illness,2022-01-02,nflverse,,2026-09-07T05:45:02.885579+00:00,2022-01-02T00:00:00
NFL_MIN_00-0034270_2021W17_QUESTIONABLE_FP,NFL,2021,17,2021_NFL_W17_MIN_GB,NFL_MIN,NFL_P_00-0034270,TE,,QUESTIONABLE,FP,Hamstring,2022-01-02,nflverse,,2026-09-07T05:45:02.885579+00:00,2022-01-02T00:00:00
NFL_MIN_00-0037003_2021W17_QUESTIONABLE_FP,NFL,2021,17,2021_NFL_W17_MIN_GB,NFL_MIN,NFL_P_00-0037003,LB,,QUESTIONABLE,FP,Illness,2022-01-02,nflverse,,2026-09-07T05:45:02.885579+00:00,2022-01-02T00:00:00
NFL_NE_00-0036872_2021W17_NA_DNP,NFL,2021,17,2021_NFL_W17_JAX_NE,NFL_NE,NFL_P_00-0036872,S,,UNKNOWN,DNP,Calf,2022-01-01,nflverse,,2026-09-07T05:45:02.885579+00:00,2022-01-01T00:00:00
NFL_NE_00-0031580_2021W17_NA_DNP,NFL,2021,17,2021_NFL_W17_JAX_NE,NFL_NE,NFL_P_00-0031580,OL,,UNKNOWN,DNP,Illness,2022-01-01,nflverse,,2026-09-07T05:45:02.885579+00:00,2022-01-01T00:00:00
NFL_NE_00-0031852_2021W17_NA_LP,NFL,2021,17,2021_NFL_W17_JAX_NE,NFL_NE,NFL_P_00-0031852,OL,,UNKNOWN,LP,Shoulder,2022-01-01,nflverse,,2026-09-07T05:45:02.885579+00:00,2022-01-01T00:00:00
NFL_NE_00-0029239_2021W17_NA_LP,NFL,2021,17,2021_NFL_W17_JAX_NE,NFL_NE,NFL_P_00-0029239,RB,,UNKNOWN,LP,Knee,2022-01-01,nflverse,,2026-09-07T05:45:02.885579+00:00,2022-01-01T00:00:00
NFL_NE_00-0035624_2021W17_NA_LP,NFL,2021,17,2021_NFL_W17_JAX_NE,NFL_NE,NFL_P_00-0035624,WR,,UNKNOWN,LP,Hip,2022-01-01,nflverse,,2026-09-07T05:45:02.885579+00:00,2022-01-01T00:00:00
NFL_NE_00-0031549_2021W17_OUT_DNP,NFL,2021,17,2021_NFL_W17_JAX_NE,NFL_NE,NFL_P_00-0031549,WR,,OUT,DNP,Concussion,2022-01-01,nflverse,,2026-09-07T05:45:02.885579+00:00,2022-01-01T00:00:00
NFL_NE_00-0029669_2021W17_QUESTIONABLE_DNP,NFL,2021,17,2021_NFL_W17_JAX_NE,NFL_NE,NFL_P_00-0029669,LB,,QUESTIONABLE,DNP,Knee,2022-01-01,nflverse,,2026-09-07T05:45:02.885579+00:00,2022-01-01T00:00:00
NFL_NE_00-0031404_2021W17_QUESTIONABLE_DNP,NFL,2021,17,2021_NFL_W17_JAX_NE,NFL_NE,NFL_P_00-0031404,S,,QUESTIONABLE,DNP,Knee,2022-01-01,nflverse,,2026-09-07T05:45:02.885579+00:00,2022-01-01T00:00:00
NFL_NE_00-0036981_2021W17_QUESTIONABLE_LP,NFL,2021,17,2021_NFL_W17_JAX_NE,NFL_NE,NFL_P_00-0036981,DL,,QUESTIONABLE,LP,Knee,2022-01-01,nflverse,,2026-09-07T05:45:02.885579+00:00,2022-01-01T00:00:00
NFL_NE_00-0036231_2021W17_QUESTIONABLE_LP,NFL,2021,17,2021_NFL_W17_JAX_NE,NFL_NE,NFL_P_00-0036231,S,,QUESTIONABLE,LP,Hamstring,2022-01-01,nflverse,,2026-09-07T05:45:02.885579+00:00,2022-01-01T00:00:00
NFL_NE_00-0025565_2021W17_QUESTIONABLE_LP,NFL,2021,17,2021_NFL_W17_JAX_NE,NFL_NE,NFL_P_00-0025565,K,,QUESTIONABLE,LP,left Knee,2022-01-01,nflverse,,2026-09-07T05:45:02.885579+00:00,2022-01-01T00:00:00
NFL_NE_00-0035657_2021W17_QUESTIONABLE_LP,NFL,2021,17,2021_NFL_W17_JAX_NE,NFL_NE,NFL_P_00-0035657,RB,,QUESTIONABLE,LP,Hamstring,2022-01-01,nflverse,,2026-09-07T05:45:02.885579+00:00,2022-01-01T00:00:00
NFL_NE_00-0034591_2021W17_QUESTIONABLE_LP,NFL,2021,17,2021_NFL_W17_JAX_NE,NFL_NE,NFL_P_00-0034591,CB,,QUESTIONABLE,LP,Elbow,2022-01-01,nflverse,,2026-09-07T05:45:02.885579+00:00,2022-01-01T00:00:00
NFL_NE_00-0034960_2021W17_QUESTIONABLE_LP,NFL,2021,17,2021_NFL_W17_JAX_NE,NFL_NE,NFL_P_00-0034960,WR,,QUESTIONABLE,LP,Thigh,2022-01-01,nflverse,,2026-09-07T05:45:02.885579+00:00,2022-01-01T00:00:00
NFL_NO_00-0031372_2021W17_NA_DNP,NFL,2021,17,2021_NFL_W17_CAR_NO,NFL_NO,NFL_P_00-0031372,CB,,UNKNOWN,DNP,Shoulder,2022-01-01,nflverse,,2026-09-07T05:45:02.885579+00:00,2022-01-01T00:00:00
NFL_NO_00-0030067_2021W17_NA_LP,NFL,2021,17,2021_NFL_W17_CAR_NO,NFL_NO,NFL_P_00-0030067,OL,,UNKNOWN,LP,Knee,2022-01-01,nflverse,,2026-09-07T05:45:02.885579+00:00,2022-01-01T00:00:00
NFL_NO_00-0034344_2021W17_NA_LP,NFL,2021,17,2021_NFL_W17_CAR_NO,NFL_NO,NFL_P_00-0034344,EDGE,,UNKNOWN,LP,Shoulder,2022-01-01,nflverse,,2026-09-07T05:45:02.885579+00:00,2022-01-01T00:00:00
NFL_NO_00-0027962_2021W17_NA_LP,NFL,2021,17,2021_NFL_W17_CAR_NO,NFL_NO,NFL_P_00-0027962,EDGE,,UNKNOWN,LP,Not injury related - resting player,2022-01-01,nflverse,,2026-09-07T05:45:02.885579+00:00,2022-01-01T00:00:00
NFL_NO_00-0032394_2021W17_NA_LP,NFL,2021,17,2021_NFL_W17_CAR_NO,NFL_NO,NFL_P_00-0032394,TE,,UNKNOWN,LP,Ankle,2022-01-01,nflverse,,2026-09-07T05:45:02.885579+00:00,2022-01-01T00:00:00
NFL_NO_00-0034765_2021W17_OUT_DNP,NFL,2021,17,2021_NFL_W17_CAR_NO,NFL_NO,NFL_P_00-0034765,WR,,OUT,DNP,Chest,2022-01-01,nflverse,,2026-09-07T05:45:02.885579+00:00,2022-01-01T00:00:00
NFL_NO_00-0035242_2021W17_QUESTIONABLE_NA,NFL,2021,17,2021_NFL_W17_CAR_NO,NFL_NO,NFL_P_00-0035242,OL,,QUESTIONABLE,,Illness,2022-01-01,nflverse,,2026-09-07T05:45:02.885579+00:00,2022-01-01T00:00:00
NFL_NO_00-0033894_2021W17_QUESTIONABLE_NA,NFL,2021,17,2021_NFL_W17_CAR_NO,NFL_NO,NFL_P_00-0033894,S,,QUESTIONABLE,,Illness,2022-01-01,nflverse,,2026-09-07T05:45:02.885579+00:00,2022-01-01T00:00:00
NFL_NO_00-0035406_2021W17_QUESTIONABLE_DNP,NFL,2021,17,2021_NFL_W17_CAR_NO,NFL_NO,NFL_P_00-0035406,WR,,QUESTIONABLE,DNP,Illness,2022-01-01,nflverse,,2026-09-07T05:45:02.885579+00:00,2022-01-01T00:00:00
NFL_NO_00-0032200_2021W17_QUESTIONABLE_DNP,NFL,2021,17,2021_NFL_W17_CAR_NO,NFL_NO,NFL_P_00-0032200,WR,,QUESTIONABLE,DNP,Back,2022-01-01,nflverse,,2026-09-07T05:45:02.885579+00:00,2022-01-01T00:00:00
NFL_NO_00-0035402_2021W17_QUESTIONABLE_LP,NFL,2021,17,2021_NFL_W17_CAR_NO,NFL_NO,NFL_P_00-0035402,EDGE,,QUESTIONABLE,LP,Not injury related - resting player,2022-01-01,nflverse,,2026-09-07T05:45:02.885579+00:00,2022-01-01T00:00:00
NFL_NO_00-0027966_2021W17_QUESTIONABLE_LP,NFL,2021,17,2021_NFL_W17_CAR_NO,NFL_NO,NFL_P_00-0027966,RB,,QUESTIONABLE,LP,Knee,2022-01-01,nflverse,,2026-09-07T05:45:02.885579+00:00,2022-01-01T00:00:00
NFL_NYG_00-0036569_2021W17_NA_DNP,NFL,2021,17,2021_NFL_W17_NYG_CHI,NFL_NYG,NFL_P_00-0036569,RB,,UNKNOWN,DNP,Neck,2022-01-01,nflverse,,2026-09-07T05:45:02.885579+00:00,2022-01-01T00:00:00
NFL_NYG_00-0034844_2021W17_NA_LP,NFL,2021,17,2021_NFL_W17_NYG_CHI,NFL_NYG,NFL_P_00-0034844,RB,,UNKNOWN,LP,Ankle,2022-01-01,nflverse,,2026-09-07T05:45:02.885579+00:00,2022-01-01T00:00:00
NFL_NYG_00-0036132_2021W17_NA_LP,NFL,2021,17,2021_NFL_W17_NYG_CHI,NFL_NYG,NFL_P_00-0036132,OL,,UNKNOWN,LP,Ankle,2022-01-01,nflverse,,2026-09-07T05:45:02.885579+00:00,2022-01-01T00:00:00
NFL_NYG_00-0034435_2021W17_NA_LP,NFL,2021,17,2021_NFL_W17_NYG_CHI,NFL_NYG,NFL_P_00-0034435,CB,,UNKNOWN,LP,Not injury related - resting player,2022-01-01,nflverse,,2026-09-07T05:45:02.885579+00:00,2022-01-01T00:00:00
NFL_NYG_00-0027981_2021W17_NA_LP,NFL,2021,17,2021_NFL_W17_NYG_CHI,NFL_NYG,NFL_P_00-0027981,TE,,UNKNOWN,LP,Ankle,2022-01-01,nflverse,,2026-09-07T05:45:02.885579+00:00,2022-01-01T00:00:00
NFL_NYG_00-0036254_2021W17_OUT_DNP,NFL,2021,17,2021_NFL_W17_NYG_CHI,NFL_NYG,NFL_P_00-0036254,WR,,OUT,DNP,Hamstring,2022-01-01,nflverse,,2026-09-07T05:45:02.885579+00:00,2022-01-01T00:00:00
NFL_NYG_00-0033460_2021W17_OUT_DNP,NFL,2021,17,2021_NFL_W17_NYG_CHI,NFL_NYG,NFL_P_00-0033460,WR,,OUT,DNP,Knee,2022-01-01,nflverse,,2026-09-07T05:45:02.885579+00:00,2022-01-01T00:00:00
NFL_NYG_00-0036913_2021W17_OUT_DNP,NFL,2021,17,2021_NFL_W17_NYG_CHI,NFL_NYG,NFL_P_00-0036913,WR,,OUT,DNP,Shoulder,2022-01-01,nflverse,,2026-09-07T05:45:02.885579+00:00,2022-01-01T00:00:00
NFL_NYG_00-0034762_2021W17_DOUBTFUL_DNP,NFL,2021,17,2021_NFL_W17_NYG_CHI,NFL_NYG,NFL_P_00-0034762,OL,,DOUBTFUL,DNP,Not injury related - personal matter,2022-01-01,nflverse,,2026-09-07T05:45:02.885579+00:00,2022-01-01T00:00:00
NFL_NYG_00-0033878_2021W17_QUESTIONABLE_LP,NFL,2021,17,2021_NFL_W17_NYG_CHI,NFL_NYG,NFL_P_00-0033878,CB,,QUESTIONABLE,LP,Quadricep,2022-01-01,nflverse,,2026-09-07T05:45:02.885579+00:00,2022-01-01T00:00:00
NFL_NYG_00-0032763_2021W17_QUESTIONABLE_LP,NFL,2021,17,2021_NFL_W17_NYG_CHI,NFL_NYG,NFL_P_00-0032763,DL,,QUESTIONABLE,LP,Foot,2022-01-01,nflverse,,2026-09-07T05:45:02.885579+00:00,2022-01-01T00:00:00
NFL_NYG_00-0035345_2021W17_QUESTIONABLE_LP,NFL,2021,17,2021_NFL_W17_NYG_CHI,NFL_NYG,NFL_P_00-0035345,TE,,QUESTIONABLE,LP,Hip,2022-01-01,nflverse,,2026-09-07T05:45:02.885579+00:00,2022-01-01T00:00:00
NFL_NYG_00-0027955_2021W17_QUESTIONABLE_LP,NFL,2021,17,2021_NFL_W17_NYG_CHI,NFL_NYG,NFL_P_00-0027955,OL,,QUESTIONABLE,LP,COVID Ramp Up,2022-01-01,nflverse,,2026-09-07T05:45:02.885579+00:00,2022-01-01T00:00:00
NFL_NYJ_00-0031941_2021W17_DOUBTFUL_DNP,NFL,2021,17,2021_NFL_W17_TB_NYJ,NFL_NYJ,NFL_P_00-0031941,WR,,DOUBTFUL,DNP,Calf,2022-01-01,nflverse,,2026-09-07T05:45:02.885579+00:00,2022-01-01T00:00:00
NFL_PHI_00-0036401_2021W17_OUT_NA,NFL,2021,17,2021_NFL_W17_PHI_WAS,NFL_PHI,NFL_P_00-0036401,LB,,OUT,,Shoulder,2022-01-01,nflverse,,2026-09-07T05:45:02.885579+00:00,2022-01-01T00:00:00
NFL_PHI_00-0035243_2021W17_OUT_DNP,NFL,2021,17,2021_NFL_W17_PHI_WAS,NFL_PHI,NFL_P_00-0035243,RB,,OUT,DNP,Hand,2022-01-01,nflverse,,2026-09-07T05:45:02.885579+00:00,2022-01-01T00:00:00
NFL_PHI_00-0032780_2021W17_QUESTIONABLE_LP,NFL,2021,17,2021_NFL_W17_PHI_WAS,NFL_PHI,NFL_P_00-0032780,RB,,QUESTIONABLE,LP,Stinger,2022-01-01,nflverse,,2026-09-07T05:45:02.885579+00:00,2022-01-01T00:00:00
NFL_PIT_00-0031362_2021W17_NA_LP,NFL,2021,17,2021_NFL_W17_CLE_PIT,NFL_PIT,NFL_P_00-0031362,OL,,UNKNOWN,LP,Knee,2022-01-03,nflverse,,2026-09-07T05:45:02.885579+00:00,2022-01-03T00:00:00
NFL_PIT_00-0036870_2021W17_OUT_DNP,NFL,2021,17,2021_NFL_W17_CLE_PIT,NFL_PIT,NFL_P_00-0036870,LB,,OUT,DNP,Foot,2022-01-03,nflverse,,2026-09-07T05:45:02.885579+00:00,2022-01-03T00:00:00
NFL_PIT_00-0036847_2021W17_QUESTIONABLE_DNP,NFL,2021,17,2021_NFL_W17_CLE_PIT,NFL_PIT,NFL_P_00-0036847,P,,QUESTIONABLE,DNP,Not injury related - personal matter,2022-01-03,nflverse,,2026-09-07T05:45:02.885579+00:00,2022-01-03T00:00:00
NFL_PIT_00-0036983_2021W17_QUESTIONABLE_LP,NFL,2021,17,2021_NFL_W17_CLE_PIT,NFL_PIT,NFL_P_00-0036983,OL,,QUESTIONABLE,LP,Calf,2022-01-03,nflverse,,2026-09-07T05:45:02.885579+00:00,2022-01-03T00:00:00
NFL_SEA_00-0026166_2021W17_NA_DNP,NFL,2021,17,2021_NFL_W17_DET_SEA,NFL_SEA,NFL_P_00-0026166,OL,,UNKNOWN,DNP,Not injury related - resting player,2022-01-01,nflverse,,2026-09-07T05:45:02.885579+00:00,2022-01-01T00:00:00
NFL_SEA_00-0027662_2021W17_NA_DNP,NFL,2021,17,2021_NFL_W17_DET_SEA,NFL_SEA,NFL_P_00-0027662,LB,,UNKNOWN,DNP,Not injury related - resting player,2022-01-01,nflverse,,2026-09-07T05:45:02.885579+00:00,2022-01-01T00:00:00
NFL_SEA_00-0035640_2021W17_NA_LP,NFL,2021,17,2021_NFL_W17_DET_SEA,NFL_SEA,NFL_P_00-0035640,WR,,UNKNOWN,LP,Foot,2022-01-01,nflverse,,2026-09-07T05:45:02.885579+00:00,2022-01-01T00:00:00
NFL_SEA_00-0036802_2021W17_OUT_DNP,NFL,2021,17,2021_NFL_W17_DET_SEA,NFL_SEA,NFL_P_00-0036802,LB,,OUT,DNP,Knee,2022-01-01,nflverse,,2026-09-07T05:45:02.885579+00:00,2022-01-01T00:00:00
NFL_SEA_00-0032420_2021W17_DOUBTFUL_DNP,NFL,2021,17,2021_NFL_W17_DET_SEA,NFL_SEA,NFL_P_00-0032420,OL,,DOUBTFUL,DNP,Shoulder,2022-01-01,nflverse,,2026-09-07T05:45:02.885579+00:00,2022-01-01T00:00:00
NFL_SEA_00-0032426_2021W17_QUESTIONABLE_DNP,NFL,2021,17,2021_NFL_W17_DET_SEA,NFL_SEA,NFL_P_00-0032426,RB,,QUESTIONABLE,DNP,Abdomen,2022-01-01,nflverse,,2026-09-07T05:45:02.885579+00:00,2022-01-01T00:00:00
NFL_SF_00-0035166_2021W17_OUT_DNP,NFL,2021,17,2021_NFL_W17_HOU_SF,NFL_SF,NFL_P_00-0035166,LB,,OUT,DNP,Knee,2022-01-01,nflverse,,2026-09-07T05:45:02.885579+00:00,2022-01-01T00:00:00
NFL_SF_00-0034982_2021W17_OUT_DNP,NFL,2021,17,2021_NFL_W17_HOU_SF,NFL_SF,NFL_P_00-0034982,LB,,OUT,DNP,Groin,2022-01-01,nflverse,,2026-09-07T05:45:02.885579+00:00,2022-01-01T00:00:00
NFL_SF_00-0034746_2021W17_OUT_DNP,NFL,2021,17,2021_NFL_W17_HOU_SF,NFL_SF,NFL_P_00-0034746,DL,,OUT,DNP,Calf,2022-01-01,nflverse,,2026-09-07T05:45:02.885579+00:00,2022-01-01T00:00:00
NFL_SF_00-0031345_2021W17_DOUBTFUL_DNP,NFL,2021,17,2021_NFL_W17_HOU_SF,NFL_SF,NFL_P_00-0031345,QB,,DOUBTFUL,DNP,right Thumb,2022-01-01,nflverse,,2026-09-07T05:45:02.885579+00:00,2022-01-01T00:00:00
NFL_SF_00-0036564_2021W17_DOUBTFUL_DNP,NFL,2021,17,2021_NFL_W17_HOU_SF,NFL_SF,NFL_P_00-0036564,S,,DOUBTFUL,DNP,Knee,2022-01-01,nflverse,,2026-09-07T05:45:02.885579+00:00,2022-01-01T00:00:00
NFL_SF_00-0036567_2021W17_QUESTIONABLE_LP,NFL,2021,17,2021_NFL_W17_HOU_SF,NFL_SF,NFL_P_00-0036567,RB,,QUESTIONABLE,LP,Knee,2022-01-01,nflverse,,2026-09-07T05:45:02.885579+00:00,2022-01-01T00:00:00
NFL_TB_00-0019596_2021W17_NA_DNP,NFL,2021,17,2021_NFL_W17_TB_NYJ,NFL_TB,NFL_P_00-0019596,QB,,UNKNOWN,DNP,Not injury related - resting player,2022-01-01,nflverse,,2026-09-07T05:45:02.885579+00:00,2022-01-01T00:00:00
NFL_TB_00-0027656_2021W17_NA_DNP,NFL,2021,17,2021_NFL_W17_TB_NYJ,NFL_TB,NFL_P_00-0027656,TE,,UNKNOWN,DNP,Not injury related - resting player,2022-01-01,nflverse,,2026-09-07T05:45:02.885579+00:00,2022-01-01T00:00:00
NFL_TB_00-0032065_2021W17_NA_DNP,NFL,2021,17,2021_NFL_W17_TB_NYJ,NFL_TB,NFL_P_00-0032065,P,,UNKNOWN,DNP,right Hip,2022-01-01,nflverse,,2026-09-07T05:45:02.885579+00:00,2022-01-01T00:00:00
NFL_TB_00-0027855_2021W17_NA_DNP,NFL,2021,17,2021_NFL_W17_TB_NYJ,NFL_TB,NFL_P_00-0027855,DL,,UNKNOWN,DNP,Not injury related - resting player,2022-01-01,nflverse,,2026-09-07T05:45:02.885579+00:00,2022-01-01T00:00:00
NFL_TB_00-0031101_2021W17_OUT_DNP,NFL,2021,17,2021_NFL_W17_TB_NYJ,NFL_TB,NFL_P_00-0031101,LB,,OUT,DNP,Knee,2022-01-01,nflverse,,2026-09-07T05:45:02.885579+00:00,2022-01-01T00:00:00
NFL_TB_00-0027867_2021W17_OUT_DNP,NFL,2021,17,2021_NFL_W17_TB_NYJ,NFL_TB,NFL_P_00-0027867,LB,,OUT,DNP,Shoulder,2022-01-01,nflverse,,2026-09-07T05:45:02.885579+00:00,2022-01-01T00:00:00
NFL_TB_00-0028092_2021W17_DOUBTFUL_DNP,NFL,2021,17,2021_NFL_W17_TB_NYJ,NFL_TB,NFL_P_00-0028092,CB,,DOUBTFUL,DNP,Achilles,2022-01-01,nflverse,,2026-09-07T05:45:02.885579+00:00,2022-01-01T00:00:00
NFL_TB_00-0035699_2021W17_QUESTIONABLE_NA,NFL,2021,17,2021_NFL_W17_TB_NYJ,NFL_TB,NFL_P_00-0035699,CB,,QUESTIONABLE,,Illness,2022-01-01,nflverse,,2026-09-07T05:45:02.885579+00:00,2022-01-01T00:00:00
NFL_TB_00-0035239_2021W17_QUESTIONABLE_NA,NFL,2021,17,2021_NFL_W17_TB_NYJ,NFL_TB,NFL_P_00-0035239,CB,,QUESTIONABLE,,Illness,2022-01-01,nflverse,,2026-09-07T05:45:02.885579+00:00,2022-01-01T00:00:00
NFL_TB_00-0027793_2021W17_QUESTIONABLE_DNP,NFL,2021,17,2021_NFL_W17_TB_NYJ,NFL_TB,NFL_P_00-0027793,WR,,QUESTIONABLE,DNP,Ankle,2022-01-01,nflverse,,2026-09-07T05:45:02.885579+00:00,2022-01-01T00:00:00
NFL_TB_00-0031408_2021W17_QUESTIONABLE_LP,NFL,2021,17,2021_NFL_W17_TB_NYJ,NFL_TB,NFL_P_00-0031408,WR,,QUESTIONABLE,LP,Hamstring,2022-01-01,nflverse,,2026-09-07T05:45:02.885579+00:00,2022-01-01T00:00:00
NFL_TB_00-0034386_2021W17_QUESTIONABLE_LP,NFL,2021,17,2021_NFL_W17_TB_NYJ,NFL_TB,NFL_P_00-0034386,WR,,QUESTIONABLE,LP,Quadricep,2022-01-01,nflverse,,2026-09-07T05:45:02.885579+00:00,2022-01-01T00:00:00
NFL_TB_00-0036411_2021W17_QUESTIONABLE_LP,NFL,2021,17,2021_NFL_W17_TB_NYJ,NFL_TB,NFL_P_00-0036411,S,,QUESTIONABLE,LP,Foot,2022-01-01,nflverse,,2026-09-07T05:45:02.885579+00:00,2022-01-01T00:00:00
NFL_TEN_00-0036237_2021W17_QUESTIONABLE_DNP,NFL,2021,17,2021_NFL_W17_MIA_TEN,NFL_TEN,NFL_P_00-0036237,DL,,QUESTIONABLE,DNP,Knee,2022-01-01,nflverse,,2026-09-07T05:45:02.885579+00:00,2022-01-01T00:00:00
NFL_TEN_00-0035521_2021W17_QUESTIONABLE_DNP,NFL,2021,17,2021_NFL_W17_MIA_TEN,NFL_TEN,NFL_P_00-0035521,LB,,QUESTIONABLE,DNP,Illness,2022-01-01,nflverse,,2026-09-07T05:45:02.885579+00:00,2022-01-01T00:00:00
NFL_WAS_00-0036618_2021W17_NA_DNP,NFL,2021,17,2021_NFL_W17_PHI_WAS,NFL_WAS,NFL_P_00-0036618,OL,,UNKNOWN,DNP,Illness,2022-01-01,nflverse,,2026-09-07T05:45:02.885579+00:00,2022-01-01T00:00:00
NFL_WAS_00-0033084_2021W17_NA_DNP,NFL,2021,17,2021_NFL_W17_PHI_WAS,NFL_WAS,NFL_P_00-0033084,CB,,UNKNOWN,DNP,Not injury related - personal matter,2022-01-01,nflverse,,2026-09-07T05:45:02.885579+00:00,2022-01-01T00:00:00
NFL_WAS_00-0036328_2021W17_NA_DNP,NFL,2021,17,2021_NFL_W17_PHI_WAS,NFL_WAS,NFL_P_00-0036328,RB,,UNKNOWN,DNP,Hip,2022-01-01,nflverse,,2026-09-07T05:45:02.885579+00:00,2022-01-01T00:00:00
NFL_WAS_00-0033107_2021W17_OUT_DNP,NFL,2021,17,2021_NFL_W17_PHI_WAS,NFL_WAS,NFL_P_00-0033107,CB,,OUT,DNP,Calf,2022-01-01,nflverse,,2026-09-07T05:45:02.885579+00:00,2022-01-01T00:00:00
NFL_WAS_00-0035647_2021W17_QUESTIONABLE_DNP,NFL,2021,17,2021_NFL_W17_PHI_WAS,NFL_WAS,NFL_P_00-0035647,EDGE,,QUESTIONABLE,DNP,Not injury related - personal matter,2022-01-01,nflverse,,2026-09-07T05:45:02.885579+00:00,2022-01-01T00:00:00
NFL_WAS_00-0033282_2021W17_QUESTIONABLE_LP,NFL,2021,17,2021_NFL_W17_PHI_WAS,NFL_WAS,NFL_P_00-0033282,WR,,QUESTIONABLE,LP,Hamstring,2022-01-01,nflverse,,2026-09-07T05:45:02.885579+00:00,2022-01-01T00:00:00
NFL_WAS_00-0036351_2021W17_QUESTIONABLE_LP,NFL,2021,17,2021_NFL_W17_PHI_WAS,NFL_WAS,NFL_P_00-0036351,EDGE,,QUESTIONABLE,LP,Illness,2022-01-01,nflverse,,2026-09-07T05:45:02.885579+00:00,2022-01-01T00:00:00
NFL_ARI_00-0029316_2021W18_NA_DNP,NFL,2021,18,2021_NFL_W18_SEA_ARI,NFL_ARI,NFL_P_00-0029316,OL,,UNKNOWN,DNP,Not injury related - resting player,2022-01-08,nflverse,,2026-09-07T05:45:02.885579+00:00,2022-01-08T00:00:00
NFL_ARI_00-0030061_2021W18_NA_DNP,NFL,2021,18,2021_NFL_W18_SEA_ARI,NFL_ARI,NFL_P_00-0030061,TE,,UNKNOWN,DNP,Not injury related - resting player,2022-01-08,nflverse,,2026-09-07T05:45:02.885579+00:00,2022-01-08T00:00:00
NFL_ARI_00-0027993_2021W18_NA_DNP,NFL,2021,18,2021_NFL_W18_SEA_ARI,NFL_ARI,NFL_P_00-0027993,OL,,UNKNOWN,DNP,Not injury related - resting player,2022-01-08,nflverse,,2026-09-07T05:45:02.885579+00:00,2022-01-08T00:00:00
NFL_ARI_00-0027686_2021W18_NA_DNP,NFL,2021,18,2021_NFL_W18_SEA_ARI,NFL_ARI,NFL_P_00-0027686,DL,,UNKNOWN,DNP,Not injury related - resting player,2022-01-08,nflverse,,2026-09-07T05:45:02.885579+00:00,2022-01-08T00:00:00
NFL_ARI_00-0034681_2021W18_OUT_DNP,NFL,2021,18,2021_NFL_W18_SEA_ARI,NFL_ARI,NFL_P_00-0034681,RB,,OUT,DNP,Ribs,2022-01-08,nflverse,,2026-09-07T05:45:02.885579+00:00,2022-01-08T00:00:00
NFL_ARI_00-0036936_2021W18_OUT_DNP,NFL,2021,18,2021_NFL_W18_SEA_ARI,NFL_ARI,NFL_P_00-0036936,WR,,OUT,DNP,Ankle,2022-01-08,nflverse,,2026-09-07T05:45:02.885579+00:00,2022-01-08T00:00:00
NFL_ARI_00-0031557_2021W18_OUT_DNP,NFL,2021,18,2021_NFL_W18_SEA_ARI,NFL_ARI,NFL_P_00-0031557,EDGE,,OUT,DNP,Knee,2022-01-08,nflverse,,2026-09-07T05:45:02.885579+00:00,2022-01-08T00:00:00
NFL_ARI_00-0036884_2021W18_OUT_LP,NFL,2021,18,2021_NFL_W18_SEA_ARI,NFL_ARI,NFL_P_00-0036884,CB,,OUT,LP,Shoulder,2022-01-08,nflverse,,2026-09-07T05:45:02.885579+00:00,2022-01-08T00:00:00
NFL_ARI_00-0035248_2021W18_QUESTIONABLE_LP,NFL,2021,18,2021_NFL_W18_SEA_ARI,NFL_ARI,NFL_P_00-0035248,EDGE,,QUESTIONABLE,LP,Ankle,2022-01-08,nflverse,,2026-09-07T05:45:02.885579+00:00,2022-01-08T00:00:00
NFL_ARI_00-0033553_2021W18_QUESTIONABLE_LP,NFL,2021,18,2021_NFL_W18_SEA_ARI,NFL_ARI,NFL_P_00-0033553,RB,,QUESTIONABLE,LP,Heel,2022-01-08,nflverse,,2026-09-07T05:45:02.885579+00:00,2022-01-08T00:00:00
NFL_ARI_00-0034473_2021W18_QUESTIONABLE_LP,NFL,2021,18,2021_NFL_W18_SEA_ARI,NFL_ARI,NFL_P_00-0034473,LB,,QUESTIONABLE,LP,Thumb,2022-01-08,nflverse,,2026-09-07T05:45:02.885579+00:00,2022-01-08T00:00:00
NFL_ARI_00-0030155_2021W18_QUESTIONABLE_LP,NFL,2021,18,2021_NFL_W18_SEA_ARI,NFL_ARI,NFL_P_00-0030155,TE,,QUESTIONABLE,LP,Shoulder,2022-01-08,nflverse,,2026-09-07T05:45:02.885579+00:00,2022-01-08T00:00:00
NFL_ATL_00-0030578_2021W18_NA_DNP,NFL,2021,18,2021_NFL_W18_NO_ATL,NFL_ATL,NFL_P_00-0030578,RB,,UNKNOWN,DNP,Not injury related - resting player,2022-01-08,nflverse,,2026-09-07T05:45:02.885579+00:00,2022-01-08T00:00:00
NFL_ATL_00-0028097_2021W18_NA_DNP,NFL,2021,18,2021_NFL_W18_NO_ATL,NFL_ATL,NFL_P_00-0028097,TE,,UNKNOWN,DNP,Not injury related - resting player,2022-01-08,nflverse,,2026-09-07T05:45:02.885579+00:00,2022-01-08T00:00:00
NFL_ATL_00-0036947_2021W18_QUESTIONABLE_DNP,NFL,2021,18,2021_NFL_W18_NO_ATL,NFL_ATL,NFL_P_00-0036947,OL,,QUESTIONABLE,DNP,Back,2022-01-08,nflverse,,2026-09-07T05:45:02.885579+00:00,2022-01-08T00:00:00
NFL_ATL_00-0036951_2021W18_QUESTIONABLE_LP,NFL,2021,18,2021_NFL_W18_NO_ATL,NFL_ATL,NFL_P_00-0036951,WR,,QUESTIONABLE,LP,Shoulder,2022-01-08,nflverse,,2026-09-07T05:45:02.885579+00:00,2022-01-08T00:00:00
NFL_ATL_00-0035273_2021W18_QUESTIONABLE_LP,NFL,2021,18,2021_NFL_W18_NO_ATL,NFL_ATL,NFL_P_00-0035273,RB,,QUESTIONABLE,LP,Quadricep,2022-01-08,nflverse,,2026-09-07T05:45:02.885579+00:00,2022-01-08T00:00:00
NFL_ATL_00-0036970_2021W18_QUESTIONABLE_LP,NFL,2021,18,2021_NFL_W18_NO_ATL,NFL_ATL,NFL_P_00-0036970,TE,,QUESTIONABLE,LP,Hamstring,2022-01-08,nflverse,,2026-09-07T05:45:02.885579+00:00,2022-01-08T00:00:00
NFL_BAL_00-0026190_2021W18_NA_DNP,NFL,2021,18,2021_NFL_W18_PIT_BAL,NFL_BAL,NFL_P_00-0026190,EDGE,,UNKNOWN,DNP,Not injury related - resting player,2022-01-08,nflverse,,2026-09-07T05:45:02.885579+00:00,2022-01-08T00:00:00
NFL_BAL_00-0031285_2021W18_NA_DNP,NFL,2021,18,2021_NFL_W18_PIT_BAL,NFL_BAL,NFL_P_00-0031285,RB,,UNKNOWN,DNP,Not injury related - resting player,2022-01-08,nflverse,,2026-09-07T05:45:02.885579+00:00,2022-01-08T00:00:00
NFL_BAL_00-0028008_2021W18_NA_DNP,NFL,2021,18,2021_NFL_W18_PIT_BAL,NFL_BAL,NFL_P_00-0028008,LB,,UNKNOWN,DNP,Not injury related - resting player,2022-01-08,nflverse,,2026-09-07T05:45:02.885579+00:00,2022-01-08T00:00:00
NFL_BAL_00-0033376_2021W18_NA_DNP,NFL,2021,18,2021_NFL_W18_PIT_BAL,NFL_BAL,NFL_P_00-0033376,RB,,UNKNOWN,DNP,Knee,2022-01-08,nflverse,,2026-09-07T05:45:02.885579+00:00,2022-01-08T00:00:00
NFL_BAL_00-0027965_2021W18_NA_DNP,NFL,2021,18,2021_NFL_W18_PIT_BAL,NFL_BAL,NFL_P_00-0027965,CB,,UNKNOWN,DNP,Not injury related - resting player,2022-01-08,nflverse,,2026-09-07T05:45:02.885579+00:00,2022-01-08T00:00:00
NFL_BAL_00-0030648_2021W18_NA_DNP,NFL,2021,18,2021_NFL_W18_PIT_BAL,NFL_BAL,NFL_P_00-0030648,OL,,UNKNOWN,DNP,Not injury related - resting player,2022-01-08,nflverse,,2026-09-07T05:45:02.885579+00:00,2022-01-08T00:00:00
NFL_BAL_00-0030511_2021W18_NA_DNP,NFL,2021,18,2021_NFL_W18_PIT_BAL,NFL_BAL,NFL_P_00-0030511,DL,,UNKNOWN,DNP,Not injury related - resting player,2022-01-08,nflverse,,2026-09-07T05:45:02.885579+00:00,2022-01-08T00:00:00
NFL_BAL_00-0032770_2021W18_NA_DNP,NFL,2021,18,2021_NFL_W18_PIT_BAL,NFL_BAL,NFL_P_00-0032770,CB,,UNKNOWN,DNP,Not injury related - resting player,2022-01-08,nflverse,,2026-09-07T05:45:02.885579+00:00,2022-01-08T00:00:00
NFL_BAL_00-0029592_2021W18_NA_DNP,NFL,2021,18,2021_NFL_W18_PIT_BAL,NFL_BAL,NFL_P_00-0029592,OL,,UNKNOWN,DNP,Not injury related - resting player,2022-01-08,nflverse,,2026-09-07T05:45:02.885579+00:00,2022-01-08T00:00:00
NFL_BAL_00-0034265_2021W18_OUT_DNP,NFL,2021,18,2021_NFL_W18_PIT_BAL,NFL_BAL,NFL_P_00-0034265,CB,,OUT,DNP,Ribs,2022-01-08,nflverse,,2026-09-07T05:45:02.885579+00:00,2022-01-08T00:00:00
NFL_BAL_00-0034796_2021W18_OUT_DNP,NFL,2021,18,2021_NFL_W18_PIT_BAL,NFL_BAL,NFL_P_00-0034796,QB,,OUT,DNP,Ankle,2022-01-08,nflverse,,2026-09-07T05:45:02.885579+00:00,2022-01-08T00:00:00
NFL_BAL_00-0036940_2021W18_DOUBTFUL_DNP,NFL,2021,18,2021_NFL_W18_PIT_BAL,NFL_BAL,NFL_P_00-0036940,LB,,DOUBTFUL,DNP,Foot,2022-01-08,nflverse,,2026-09-07T05:45:02.885579+00:00,2022-01-08T00:00:00
NFL_BAL_00-0036331_2021W18_QUESTIONABLE_FP,NFL,2021,18,2021_NFL_W18_PIT_BAL,NFL_BAL,NFL_P_00-0036331,WR,,QUESTIONABLE,FP,Ankle,2022-01-08,nflverse,,2026-09-07T05:45:02.885579+00:00,2022-01-08T00:00:00
NFL_BAL_00-0036977_2021W18_QUESTIONABLE_LP,NFL,2021,18,2021_NFL_W18_PIT_BAL,NFL_BAL,NFL_P_00-0036977,OL,,QUESTIONABLE,LP,Head,2022-01-08,nflverse,,2026-09-07T05:45:02.885579+00:00,2022-01-08T00:00:00
NFL_BAL_00-0034978_2021W18_QUESTIONABLE_LP,NFL,2021,18,2021_NFL_W18_PIT_BAL,NFL_BAL,NFL_P_00-0034978,OL,,QUESTIONABLE,LP,Foot,2022-01-08,nflverse,,2026-09-07T05:45:02.885579+00:00,2022-01-08T00:00:00
NFL_BUF_00-0031588_2021W18_NA_DNP,NFL,2021,18,2021_NFL_W18_NYJ_BUF,NFL_BUF,NFL_P_00-0031588,WR,,UNKNOWN,DNP,Not injury related - resting player,2022-01-08,nflverse,,2026-09-07T05:45:02.885579+00:00,2022-01-08T00:00:00
NFL_BUF_00-0028339_2021W18_NA_LP,NFL,2021,18,2021_NFL_W18_NYJ_BUF,NFL_BUF,NFL_P_00-0028339,EDGE,,UNKNOWN,LP,Not injury related - resting player,2022-01-08,nflverse,,2026-09-07T05:45:02.885579+00:00,2022-01-08T00:00:00
NFL_BUF_00-0029000_2021W18_NA_LP,NFL,2021,18,2021_NFL_W18_NYJ_BUF,NFL_BUF,NFL_P_00-0029000,WR,,UNKNOWN,LP,Not injury related - resting player,2022-01-08,nflverse,,2026-09-07T05:45:02.885579+00:00,2022-01-08T00:00:00
NFL_BUF_00-0027881_2021W18_NA_LP,NFL,2021,18,2021_NFL_W18_NYJ_BUF,NFL_BUF,NFL_P_00-0027881,EDGE,,UNKNOWN,LP,Not injury related - resting player,2022-01-08,nflverse,,2026-09-07T05:45:02.885579+00:00,2022-01-08T00:00:00
NFL_BUF_00-0031500_2021W18_OUT_DNP,NFL,2021,18,2021_NFL_W18_NYJ_BUF,NFL_BUF,NFL_P_00-0031500,EDGE,,OUT,DNP,Ankle,2022-01-08,nflverse,,2026-09-07T05:45:02.885579+00:00,2022-01-08T00:00:00
NFL_BUF_00-0027685_2021W18_DOUBTFUL_DNP,NFL,2021,18,2021_NFL_W18_NYJ_BUF,NFL_BUF,NFL_P_00-0027685,WR,,DOUBTFUL,DNP,Knee,2022-01-08,nflverse,,2026-09-07T05:45:02.885579+00:00,2022-01-08T00:00:00
NFL_CAR_00-0029542_2021W18_NA_DNP,NFL,2021,18,2021_NFL_W18_CAR_TB,NFL_CAR,NFL_P_00-0029542,CB,,UNKNOWN,DNP,Groin,2022-01-08,nflverse,,2026-09-07T05:45:02.885579+00:00,2022-01-08T00:00:00
NFL_CAR_00-0036288_2021W18_NA_DNP,NFL,2021,18,2021_NFL_W18_CAR_TB,NFL_CAR,NFL_P_00-0036288,EDGE,,UNKNOWN,DNP,Illness,2022-01-08,nflverse,,2026-09-07T05:45:02.885579+00:00,2022-01-08T00:00:00
NFL_CAR_00-0036572_2021W18_NA_DNP,NFL,2021,18,2021_NFL_W18_CAR_TB,NFL_CAR,NFL_P_00-0036572,WR,,UNKNOWN,DNP,Illness,2022-01-08,nflverse,,2026-09-07T05:45:02.885579+00:00,2022-01-08T00:00:00
NFL_CAR_00-0036281_2021W18_NA_LP,NFL,2021,18,2021_NFL_W18_CAR_TB,NFL_CAR,NFL_P_00-0036281,CB,,UNKNOWN,LP,Knee,2022-01-08,nflverse,,2026-09-07T05:45:02.885579+00:00,2022-01-08T00:00:00
NFL_CAR_00-0034496_2021W18_DOUBTFUL_DNP,NFL,2021,18,2021_NFL_W18_CAR_TB,NFL_CAR,NFL_P_00-0034496,S,,DOUBTFUL,DNP,Groin,2022-01-08,nflverse,,2026-09-07T05:45:02.885579+00:00,2022-01-08T00:00:00
NFL_CAR_00-0032688_2021W18_QUESTIONABLE_DNP,NFL,2021,18,2021_NFL_W18_CAR_TB,NFL_CAR,NFL_P_00-0032688,WR,,QUESTIONABLE,DNP,Quadricep,2022-01-08,nflverse,,2026-09-07T05:45:02.885579+00:00,2022-01-08T00:00:00
NFL_CAR_00-0036220_2021W18_QUESTIONABLE_LP,NFL,2021,18,2021_NFL_W18_CAR_TB,NFL_CAR,NFL_P_00-0036220,DL,,QUESTIONABLE,LP,Elbow,2022-01-08,nflverse,,2026-09-07T05:45:02.885579+00:00,2022-01-08T00:00:00
NFL_CHI_00-0032791_2021W18_NA_DNP,NFL,2021,18,2021_NFL_W18_CHI_MIN,NFL_CHI,NFL_P_00-0032791,WR,,UNKNOWN,DNP,Ankle,2022-01-08,nflverse,,2026-09-07T05:45:02.885579+00:00,2022-01-08T00:00:00
NFL_CHI_00-0029657_2021W18_OUT_DNP,NFL,2021,18,2021_NFL_W18_CHI_MIN,NFL_CHI,NFL_P_00-0029657,DL,,OUT,DNP,Ankle,2022-01-08,nflverse,,2026-09-07T05:45:02.885579+00:00,2022-01-08T00:00:00
NFL_CHI_00-0031551_2021W18_QUESTIONABLE_FP,NFL,2021,18,2021_NFL_W18_CHI_MIN,NFL_CHI,NFL_P_00-0031551,DL,,QUESTIONABLE,FP,Finger,2022-01-08,nflverse,,2026-09-07T05:45:02.885579+00:00,2022-01-08T00:00:00
NFL_CHI_00-0027952_2021W18_QUESTIONABLE_FP,NFL,2021,18,2021_NFL_W18_CHI_MIN,NFL_CHI,NFL_P_00-0027952,LB,,QUESTIONABLE,FP,Shoulder,2022-01-08,nflverse,,2026-09-07T05:45:02.885579+00:00,2022-01-08T00:00:00
NFL_CHI_00-0035696_2021W18_QUESTIONABLE_FP,NFL,2021,18,2021_NFL_W18_CHI_MIN,NFL_CHI,NFL_P_00-0035696,CB,,QUESTIONABLE,FP,Heel,2022-01-08,nflverse,,2026-09-07T05:45:02.885579+00:00,2022-01-08T00:00:00
NFL_CIN_00-0033905_2021W18_NA_DNP,NFL,2021,18,2021_NFL_W18_CIN_CLE,NFL_CIN,NFL_P_00-0033905,DL,,UNKNOWN,DNP,Illness,2022-01-08,nflverse,,2026-09-07T05:45:02.885579+00:00,2022-01-08T00:00:00
NFL_CIN_00-0034446_2021W18_OUT_DNP,NFL,2021,18,2021_NFL_W18_CIN_CLE,NFL_CIN,NFL_P_00-0034446,CB,,OUT,DNP,Ankle,2022-01-08,nflverse,,2026-09-07T05:45:02.885579+00:00,2022-01-08T00:00:00
NFL_CIN_00-0036850_2021W18_OUT_DNP,NFL,2021,18,2021_NFL_W18_CIN_CLE,NFL_CIN,NFL_P_00-0036850,EDGE,,OUT,DNP,Hamstring,2022-01-08,nflverse,,2026-09-07T05:45:02.885579+00:00,2022-01-08T00:00:00
NFL_CIN_00-0032134_2021W18_QUESTIONABLE_DNP,NFL,2021,18,2021_NFL_W18_CIN_CLE,NFL_CIN,NFL_P_00-0032134,TE,,QUESTIONABLE,DNP,Knee,2022-01-08,nflverse,,2026-09-07T05:45:02.885579+00:00,2022-01-08T00:00:00
NFL_CIN_00-0036442_2021W18_QUESTIONABLE_FP,NFL,2021,18,2021_NFL_W18_CIN_CLE,NFL_CIN,NFL_P_00-0036442,QB,,QUESTIONABLE,FP,Not injury related - resting player,2022-01-08,nflverse,,2026-09-07T05:45:02.885579+00:00,2022-01-08T00:00:00
NFL_CIN_00-0034834_2021W18_QUESTIONABLE_FP,NFL,2021,18,2021_NFL_W18_CIN_CLE,NFL_CIN,NFL_P_00-0034834,EDGE,,QUESTIONABLE,FP,Thigh,2022-01-08,nflverse,,2026-09-07T05:45:02.885579+00:00,2022-01-08T00:00:00
NFL_CIN_00-0036854_2021W18_QUESTIONABLE_FP,NFL,2021,18,2021_NFL_W18_CIN_CLE,NFL_CIN,NFL_P_00-0036854,K,,QUESTIONABLE,FP,right Groin,2022-01-08,nflverse,,2026-09-07T05:45:02.885579+00:00,2022-01-08T00:00:00
NFL_CIN_00-0032424_2021W18_QUESTIONABLE_FP,NFL,2021,18,2021_NFL_W18_CIN_CLE,NFL_CIN,NFL_P_00-0032424,DL,,QUESTIONABLE,FP,Not injury related - resting player,2022-01-08,nflverse,,2026-09-07T05:45:02.885579+00:00,2022-01-08T00:00:00
NFL_CLE_00-0029568_2021W18_NA_DNP,NFL,2021,18,2021_NFL_W18_CIN_CLE,NFL_CLE,NFL_P_00-0029568,DL,,UNKNOWN,DNP,Knee,2022-01-08,nflverse,,2026-09-07T05:45:02.885579+00:00,2022-01-08T00:00:00
NFL_CLE_00-0034791_2021W18_NA_LP,NFL,2021,18,2021_NFL_W18_CIN_CLE,NFL_CLE,NFL_P_00-0034791,RB,,UNKNOWN,LP,Chest,2022-01-08,nflverse,,2026-09-07T05:45:02.885579+00:00,2022-01-08T00:00:00
NFL_CLE_00-0031364_2021W18_NA_LP,NFL,2021,18,2021_NFL_W18_CIN_CLE,NFL_CLE,NFL_P_00-0031364,EDGE,,UNKNOWN,LP,Shoulder,2022-01-08,nflverse,,2026-09-07T05:45:02.885579+00:00,2022-01-08T00:00:00
NFL_CLE_00-0033973_2021W18_NA_LP,NFL,2021,18,2021_NFL_W18_CIN_CLE,NFL_CLE,NFL_P_00-0033973,LB,,UNKNOWN,LP,Shoulder,2022-01-08,nflverse,,2026-09-07T05:45:02.885579+00:00,2022-01-08T00:00:00
NFL_CLE_00-0034019_2021W18_NA_LP,NFL,2021,18,2021_NFL_W18_CIN_CLE,NFL_CLE,NFL_P_00-0034019,DL,,UNKNOWN,LP,Neck,2022-01-08,nflverse,,2026-09-07T05:45:02.885579+00:00,2022-01-08T00:00:00
NFL_CLE_00-0034779_2021W18_QUESTIONABLE_LP,NFL,2021,18,2021_NFL_W18_CIN_CLE,NFL_CLE,NFL_P_00-0034779,S,,QUESTIONABLE,LP,Ankle,2022-01-08,nflverse,,2026-09-07T05:45:02.885579+00:00,2022-01-08T00:00:00
NFL_CLE_00-0031785_2021W18_QUESTIONABLE_LP,NFL,2021,18,2021_NFL_W18_CIN_CLE,NFL_CLE,NFL_P_00-0031785,CB,,QUESTIONABLE,LP,Knee,2022-01-08,nflverse,,2026-09-07T05:45:02.885579+00:00,2022-01-08T00:00:00
NFL_CLE_00-0033923_2021W18_QUESTIONABLE_LP,NFL,2021,18,2021_NFL_W18_CIN_CLE,NFL_CLE,NFL_P_00-0033923,RB,,QUESTIONABLE,LP,Ankle,2022-01-08,nflverse,,2026-09-07T05:45:02.885579+00:00,2022-01-08T00:00:00
NFL_CLE_00-0033927_2021W18_QUESTIONABLE_LP,NFL,2021,18,2021_NFL_W18_CIN_CLE,NFL_CLE,NFL_P_00-0033927,S,,QUESTIONABLE,LP,Hamstring,2022-01-08,nflverse,,2026-09-07T05:45:02.885579+00:00,2022-01-08T00:00:00
NFL_CLE_00-0033885_2021W18_QUESTIONABLE_LP,NFL,2021,18,2021_NFL_W18_CIN_CLE,NFL_CLE,NFL_P_00-0033885,TE,,QUESTIONABLE,LP,Shoulder,2022-01-08,nflverse,,2026-09-07T05:45:02.885579+00:00,2022-01-08T00:00:00
NFL_CLE_00-0034856_2021W18_QUESTIONABLE_LP,NFL,2021,18,2021_NFL_W18_CIN_CLE,NFL_CLE,NFL_P_00-0034856,CB,,QUESTIONABLE,LP,Groin,2022-01-08,nflverse,,2026-09-07T05:45:02.885579+00:00,2022-01-08T00:00:00
NFL_CLE_00-0035638_2021W18_QUESTIONABLE_LP,NFL,2021,18,2021_NFL_W18_CIN_CLE,NFL_CLE,NFL_P_00-0035638,CB,,QUESTIONABLE,LP,Shoulder,2022-01-08,nflverse,,2026-09-07T05:45:02.885579+00:00,2022-01-08T00:00:00
NFL_DAL_00-0036361_2021W18_QUESTIONABLE_DNP,NFL,2021,18,2021_NFL_W18_DAL_PHI,NFL_DAL,NFL_P_00-0036361,CB,,QUESTIONABLE,DNP,Illness,2022-01-08,nflverse,,2026-09-07T05:45:02.885579+00:00,2022-01-08T00:00:00
NFL_DAL_00-0035301_2021W18_QUESTIONABLE_DNP,NFL,2021,18,2021_NFL_W18_DAL_PHI,NFL_DAL,NFL_P_00-0035301,S,,QUESTIONABLE,DNP,Illness,2022-01-08,nflverse,,2026-09-07T05:45:02.885579+00:00,2022-01-08T00:00:00
NFL_DAL_00-0032454_2021W18_QUESTIONABLE_LP,NFL,2021,18,2021_NFL_W18_DAL_PHI,NFL_DAL,NFL_P_00-0032454,S,,QUESTIONABLE,LP,Hamstring,2022-01-08,nflverse,,2026-09-07T05:45:02.885579+00:00,2022-01-08T00:00:00
NFL_DAL_00-0035261_2021W18_QUESTIONABLE_LP,NFL,2021,18,2021_NFL_W18_DAL_PHI,NFL_DAL,NFL_P_00-0035261,RB,,QUESTIONABLE,LP,Foot,2022-01-08,nflverse,,2026-09-07T05:45:02.885579+00:00,2022-01-08T00:00:00
NFL_DEN_00-0031237_2021W18_NA_DNP,NFL,2021,18,2021_NFL_W18_KC_DEN,NFL_DEN,NFL_P_00-0031237,QB,,UNKNOWN,DNP,Concussion,2022-01-07,nflverse,,2026-09-07T05:45:02.885579+00:00,2022-01-07T00:00:00
NFL_DEN_00-0027872_2021W18_NA_DNP,NFL,2021,18,2021_NFL_W18_KC_DEN,NFL_DEN,NFL_P_00-0027872,S,,UNKNOWN,DNP,Back,2022-01-07,nflverse,,2026-09-07T05:45:02.885579+00:00,2022-01-07T00:00:00
NFL_DEN_00-0035702_2021W18_NA_DNP,NFL,2021,18,2021_NFL_W18_KC_DEN,NFL_DEN,NFL_P_00-0035702,OL,,UNKNOWN,DNP,Elbow,2022-01-07,nflverse,,2026-09-07T05:45:02.885579+00:00,2022-01-07T00:00:00
NFL_DEN_00-0032195_2021W18_OUT_DNP,NFL,2021,18,2021_NFL_W18_KC_DEN,NFL_DEN,NFL_P_00-0032195,CB,,OUT,DNP,Shoulder,2022-01-07,nflverse,,2026-09-07T05:45:02.885579+00:00,2022-01-07T00:00:00
NFL_DEN_00-0036874_2021W18_OUT_DNP,NFL,2021,18,2021_NFL_W18_KC_DEN,NFL_DEN,NFL_P_00-0036874,CB,,OUT,DNP,Calf,2022-01-07,nflverse,,2026-09-07T05:45:02.885579+00:00,2022-01-07T00:00:00
NFL_DEN_00-0033568_2021W18_QUESTIONABLE_DNP,NFL,2021,18,2021_NFL_W18_KC_DEN,NFL_DEN,NFL_P_00-0033568,CB,,QUESTIONABLE,DNP,Illness,2022-01-07,nflverse,,2026-09-07T05:45:02.885579+00:00,2022-01-07T00:00:00
NFL_DEN_00-0031270_2021W18_QUESTIONABLE_DNP,NFL,2021,18,2021_NFL_W18_KC_DEN,NFL_DEN,NFL_P_00-0031270,EDGE,,QUESTIONABLE,DNP,Ankle,2022-01-07,nflverse,,2026-09-07T05:45:02.885579+00:00,2022-01-07T00:00:00
NFL_DET_00-0034171_2021W18_OUT_DNP,NFL,2021,18,2021_NFL_W18_GB_DET,NFL_DET,NFL_P_00-0034171,RB,,OUT,DNP,Knee,2022-01-08,nflverse,,2026-09-07T05:45:02.885579+00:00,2022-01-08T00:00:00
NFL_DET_00-0033788_2021W18_QUESTIONABLE_NA,NFL,2021,18,2021_NFL_W18_GB_DET,NFL_DET,NFL_P_00-0033788,OL,,QUESTIONABLE,,Illness,2022-01-08,nflverse,,2026-09-07T05:45:02.885579+00:00,2022-01-08T00:00:00
NFL_DET_00-0036880_2021W18_QUESTIONABLE_NA,NFL,2021,18,2021_NFL_W18_GB_DET,NFL_DET,NFL_P_00-0036880,OL,,QUESTIONABLE,,Thumb,2022-01-08,nflverse,,2026-09-07T05:45:02.885579+00:00,2022-01-08T00:00:00
NFL_DET_00-0029630_2021W18_QUESTIONABLE_LP,NFL,2021,18,2021_NFL_W18_GB_DET,NFL_DET,NFL_P_00-0029630,EDGE,,QUESTIONABLE,LP,Neck,2022-01-08,nflverse,,2026-09-07T05:45:02.885579+00:00,2022-01-08T00:00:00
NFL_DET_00-0033106_2021W18_QUESTIONABLE_LP,NFL,2021,18,2021_NFL_W18_GB_DET,NFL_DET,NFL_P_00-0033106,QB,,QUESTIONABLE,LP,Knee,2022-01-08,nflverse,,2026-09-07T05:45:02.885579+00:00,2022-01-08T00:00:00
NFL_DET_00-0036258_2021W18_QUESTIONABLE_LP,NFL,2021,18,2021_NFL_W18_GB_DET,NFL_DET,NFL_P_00-0036258,OL,,QUESTIONABLE,LP,Elbow,2022-01-08,nflverse,,2026-09-07T05:45:02.885579+00:00,2022-01-08T00:00:00
NFL_DET_00-0033557_2021W18_QUESTIONABLE_LP,NFL,2021,18,2021_NFL_W18_GB_DET,NFL_DET,NFL_P_00-0033557,LB,,QUESTIONABLE,LP,Shoulder,2022-01-08,nflverse,,2026-09-07T05:45:02.885579+00:00,2022-01-08T00:00:00
NFL_DET_00-0033943_2021W18_QUESTIONABLE_LP,NFL,2021,18,2021_NFL_W18_GB_DET,NFL_DET,NFL_P_00-0033943,WR,,QUESTIONABLE,LP,Thigh,2022-01-08,nflverse,,2026-09-07T05:45:02.885579+00:00,2022-01-08T00:00:00
NFL_DET_00-0036754_2021W18_QUESTIONABLE_LP,NFL,2021,18,2021_NFL_W18_GB_DET,NFL_DET,NFL_P_00-0036754,TE,,QUESTIONABLE,LP,Groin,2022-01-08,nflverse,,2026-09-07T05:45:02.885579+00:00,2022-01-08T00:00:00
NFL_GB_00-0023459_2021W18_NA_LP,NFL,2021,18,2021_NFL_W18_GB_DET,NFL_GB,NFL_P_00-0023459,QB,,UNKNOWN,LP,Toe,2022-01-08,nflverse,,2026-09-07T05:45:02.885579+00:00,2022-01-08T00:00:00
NFL_GB_00-0034984_2021W18_OUT_DNP,NFL,2021,18,2021_NFL_W18_GB_DET,NFL_GB,NFL_P_00-0034984,EDGE,,OUT,DNP,Illness,2022-01-08,nflverse,,2026-09-07T05:45:02.885579+00:00,2022-01-08T00:00:00
NFL_GB_00-0034728_2021W18_OUT_LP,NFL,2021,18,2021_NFL_W18_GB_DET,NFL_GB,NFL_P_00-0034728,CB,,OUT,LP,Shoulder,2022-01-08,nflverse,,2026-09-07T05:45:02.885579+00:00,2022-01-08T00:00:00
NFL_GB_00-0030074_2021W18_QUESTIONABLE_FP,NFL,2021,18,2021_NFL_W18_GB_DET,NFL_GB,NFL_P_00-0030074,OL,,QUESTIONABLE,FP,Knee,2022-01-08,nflverse,,2026-09-07T05:45:02.885579+00:00,2022-01-08T00:00:00
NFL_GB_00-0032401_2021W18_QUESTIONABLE_LP,NFL,2021,18,2021_NFL_W18_GB_DET,NFL_GB,NFL_P_00-0032401,LB,,QUESTIONABLE,LP,Elbow,2022-01-08,nflverse,,2026-09-07T05:45:02.885579+00:00,2022-01-08T00:00:00
NFL_GB_00-0033293_2021W18_QUESTIONABLE_LP,NFL,2021,18,2021_NFL_W18_GB_DET,NFL_GB,NFL_P_00-0033293,RB,,QUESTIONABLE,LP,Knee,2022-01-08,nflverse,,2026-09-07T05:45:02.885579+00:00,2022-01-08T00:00:00
NFL_HOU_00-0033537_2021W18_OUT_DNP,NFL,2021,18,2021_NFL_W18_TEN_HOU,NFL_HOU,NFL_P_00-0033537,QB,,OUT,DNP,Not injury related - personal matter,2022-01-08,nflverse,,2026-09-07T05:45:02.885579+00:00,2022-01-08T00:00:00
NFL_HOU_00-0032128_2021W18_QUESTIONABLE_DNP,NFL,2021,18,2021_NFL_W18_TEN_HOU,NFL_HOU,NFL_P_00-0032128,WR,,QUESTIONABLE,DNP,Knee,2022-01-08,nflverse,,2026-09-07T05:45:02.885579+00:00,2022-01-08T00:00:00
NFL_HOU_00-0034364_2021W18_QUESTIONABLE_LP,NFL,2021,18,2021_NFL_W18_TEN_HOU,NFL_HOU,NFL_P_00-0034364,TE,,QUESTIONABLE,LP,Illness,2022-01-08,nflverse,,2026-09-07T05:45:02.885579+00:00,2022-01-08T00:00:00
NFL_HOU_00-0032398_2021W18_QUESTIONABLE_LP,NFL,2021,18,2021_NFL_W18_TEN_HOU,NFL_HOU,NFL_P_00-0032398,WR,,QUESTIONABLE,LP,Illness,2022-01-08,nflverse,,2026-09-07T05:45:02.885579+00:00,2022-01-08T00:00:00
NFL_IND_00-0027914_2021W18_NA_LP,NFL,2021,18,2021_NFL_W18_IND_JAX,NFL_IND,NFL_P_00-0027914,S,,UNKNOWN,LP,Concussion,2022-01-08,nflverse,,2026-09-07T05:45:02.885579+00:00,2022-01-08T00:00:00
NFL_IND_00-0030575_2021W18_OUT_DNP,NFL,2021,18,2021_NFL_W18_IND_JAX,NFL_IND,NFL_P_00-0030575,CB,,OUT,DNP,Hamstring,2022-01-08,nflverse,,2026-09-07T05:45:02.885579+00:00,2022-01-08T00:00:00
NFL_IND_00-0032378_2021W18_QUESTIONABLE_DNP,NFL,2021,18,2021_NFL_W18_IND_JAX,NFL_IND,NFL_P_00-0032378,DL,,QUESTIONABLE,DNP,Knee,2022-01-08,nflverse,,2026-09-07T05:45:02.885579+00:00,2022-01-08T00:00:00
NFL_JAX_00-0031951_2021W18_OUT_DNP,NFL,2021,18,2021_NFL_W18_IND_JAX,NFL_JAX,NFL_P_00-0031951,TE,,OUT,DNP,Hip,2022-01-08,nflverse,,2026-09-07T05:45:02.885579+00:00,2022-01-08T00:00:00
NFL_JAX_00-0030525_2021W18_QUESTIONABLE_NA,NFL,2021,18,2021_NFL_W18_IND_JAX,NFL_JAX,NFL_P_00-0030525,WR,,QUESTIONABLE,,Hamstring,2022-01-08,nflverse,,2026-09-07T05:45:02.885579+00:00,2022-01-08T00:00:00
NFL_KC_00-0036360_2021W18_OUT_DNP,NFL,2021,18,2021_NFL_W18_KC_DEN,NFL_KC,NFL_P_00-0036360,RB,,OUT,DNP,Shoulder,2022-01-07,nflverse,,2026-09-07T05:45:02.885579+00:00,2022-01-07T00:00:00
NFL_KC_00-0036367_2021W18_OUT_DNP,NFL,2021,18,2021_NFL_W18_KC_DEN,NFL_KC,NFL_P_00-0036367,OL,,OUT,DNP,Knee,2022-01-07,nflverse,,2026-09-07T05:45:02.885579+00:00,2022-01-07T00:00:00
NFL_LAR_00-0033072_2021W18_NA_LP,NFL,2021,18,2021_NFL_W18_SF_LAR,NFL_LAR,NFL_P_00-0033072,LB,,UNKNOWN,LP,Ankle,2022-01-08,nflverse,,2026-09-07T05:45:02.885579+00:00,2022-01-08T00:00:00
NFL_LAC_00-0035903_2021W18_OUT_DNP,NFL,2021,18,2021_NFL_W18_LAC_LV,NFL_LAC,NFL_P_00-0035903,EDGE,,OUT,DNP,Ankle,2022-01-09,nflverse,,2026-09-07T05:45:02.885579+00:00,2022-01-09T00:00:00
NFL_LAC_00-0035262_2021W18_QUESTIONABLE_FP,NFL,2021,18,2021_NFL_W18_LAC_LV,NFL_LAC,NFL_P_00-0035262,LB,,QUESTIONABLE,FP,Ankle,2022-01-09,nflverse,,2026-09-07T05:45:02.885579+00:00,2022-01-09T00:00:00
NFL_LV_00-0026189_2021W18_NA_DNP,NFL,2021,18,2021_NFL_W18_LAC_LV,NFL_LV,NFL_P_00-0026189,WR,,UNKNOWN,DNP,Not injury related - resting player,2022-01-09,nflverse,,2026-09-07T05:45:02.885579+00:00,2022-01-09T00:00:00
NFL_LV_00-0032969_2021W18_NA_DNP,NFL,2021,18,2021_NFL_W18_LAC_LV,NFL_LV,NFL_P_00-0032969,OL,,UNKNOWN,DNP,Not injury related - resting player,2022-01-09,nflverse,,2026-09-07T05:45:02.885579+00:00,2022-01-09T00:00:00
NFL_LV_00-0030063_2021W18_QUESTIONABLE_LP,NFL,2021,18,2021_NFL_W18_LAC_LV,NFL_LV,NFL_P_00-0030063,DL,,QUESTIONABLE,LP,Back,2022-01-09,nflverse,,2026-09-07T05:45:02.885579+00:00,2022-01-09T00:00:00
NFL_LV_00-0029261_2021W18_QUESTIONABLE_LP,NFL,2021,18,2021_NFL_W18_LAC_LV,NFL_LV,NFL_P_00-0029261,CB,,QUESTIONABLE,LP,Ankle,2022-01-09,nflverse,,2026-09-07T05:45:02.885579+00:00,2022-01-09T00:00:00
NFL_LV_00-0035700_2021W18_QUESTIONABLE_LP,NFL,2021,18,2021_NFL_W18_LAC_LV,NFL_LV,NFL_P_00-0035700,RB,,QUESTIONABLE,LP,Ribs,2022-01-09,nflverse,,2026-09-07T05:45:02.885579+00:00,2022-01-09T00:00:00
NFL_LV_00-0031610_2021W18_QUESTIONABLE_LP,NFL,2021,18,2021_NFL_W18_LAC_LV,NFL_LV,NFL_P_00-0031610,TE,,QUESTIONABLE,LP,Knee,2022-01-09,nflverse,,2026-09-07T05:45:02.885579+00:00,2022-01-09T00:00:00
NFL_MIA_00-0031547_2021W18_NA_LP,NFL,2021,18,2021_NFL_W18_NE_MIA,NFL_MIA,NFL_P_00-0031547,WR,,UNKNOWN,LP,Not injury related - resting player,2022-01-08,nflverse,,2026-09-07T05:45:02.885579+00:00,2022-01-08T00:00:00
NFL_MIN_00-0029604_2021W18_NA_LP,NFL,2021,18,2021_NFL_W18_CHI_MIN,NFL_MIN,NFL_P_00-0029604,QB,,UNKNOWN,LP,Not Injury Related,2022-01-08,nflverse,,2026-09-07T05:45:02.885579+00:00,2022-01-08T00:00:00
NFL_MIN_00-0034158_2021W18_NA_LP,NFL,2021,18,2021_NFL_W18_CHI_MIN,NFL_MIN,NFL_P_00-0034158,OL,,UNKNOWN,LP,Not Injury Related,2022-01-08,nflverse,,2026-09-07T05:45:02.885579+00:00,2022-01-08T00:00:00
NFL_MIN_00-0028042_2021W18_NA_LP,NFL,2021,18,2021_NFL_W18_CHI_MIN,NFL_MIN,NFL_P_00-0028042,TE,,UNKNOWN,LP,Elbow,2022-01-08,nflverse,,2026-09-07T05:45:02.885579+00:00,2022-01-08T00:00:00
NFL_MIN_00-0032892_2021W18_NA_LP,NFL,2021,18,2021_NFL_W18_CHI_MIN,NFL_MIN,NFL_P_00-0032892,LB,,UNKNOWN,LP,Not Injury Related,2022-01-08,nflverse,,2026-09-07T05:45:02.885579+00:00,2022-01-08T00:00:00
NFL_MIN_00-0032574_2021W18_DOUBTFUL_DNP,NFL,2021,18,2021_NFL_W18_CHI_MIN,NFL_MIN,NFL_P_00-0032574,DL,,DOUBTFUL,DNP,Illness,2022-01-08,nflverse,,2026-09-07T05:45:02.885579+00:00,2022-01-08T00:00:00
NFL_MIN_00-0032389_2021W18_QUESTIONABLE_DNP,NFL,2021,18,2021_NFL_W18_CHI_MIN,NFL_MIN,NFL_P_00-0032389,CB,,QUESTIONABLE,DNP,Ankle,2022-01-08,nflverse,,2026-09-07T05:45:02.885579+00:00,2022-01-08T00:00:00
NFL_MIN_00-0035150_2021W18_QUESTIONABLE_DNP,NFL,2021,18,2021_NFL_W18_CHI_MIN,NFL_MIN,NFL_P_00-0035150,CB,,QUESTIONABLE,DNP,Ribs,2022-01-08,nflverse,,2026-09-07T05:45:02.885579+00:00,2022-01-08T00:00:00
NFL_MIN_00-0037006_2021W18_QUESTIONABLE_FP,NFL,2021,18,2021_NFL_W18_CHI_MIN,NFL_MIN,NFL_P_00-0037006,OL,,QUESTIONABLE,FP,Illness,2022-01-08,nflverse,,2026-09-07T05:45:02.885579+00:00,2022-01-08T00:00:00
NFL_NE_00-0031549_2021W18_NA_LP,NFL,2021,18,2021_NFL_W18_NE_MIA,NFL_NE,NFL_P_00-0031549,WR,,UNKNOWN,LP,Concussion,2022-01-08,nflverse,,2026-09-07T05:45:02.885579+00:00,2022-01-08T00:00:00
NFL_NE_00-0036231_2021W18_OUT_DNP,NFL,2021,18,2021_NFL_W18_NE_MIA,NFL_NE,NFL_P_00-0036231,S,,OUT,DNP,Hand,2022-01-08,nflverse,,2026-09-07T05:45:02.885579+00:00,2022-01-08T00:00:00
NFL_NE_00-0031852_2021W18_QUESTIONABLE_LP,NFL,2021,18,2021_NFL_W18_NE_MIA,NFL_NE,NFL_P_00-0031852,OL,,QUESTIONABLE,LP,Shoulder,2022-01-08,nflverse,,2026-09-07T05:45:02.885579+00:00,2022-01-08T00:00:00
NFL_NE_00-0036981_2021W18_QUESTIONABLE_LP,NFL,2021,18,2021_NFL_W18_NE_MIA,NFL_NE,NFL_P_00-0036981,DL,,QUESTIONABLE,LP,Knee,2022-01-08,nflverse,,2026-09-07T05:45:02.885579+00:00,2022-01-08T00:00:00
NFL_NE_00-0029764_2021W18_QUESTIONABLE_LP,NFL,2021,18,2021_NFL_W18_NE_MIA,NFL_NE,NFL_P_00-0029764,S,,QUESTIONABLE,LP,Wrist,2022-01-08,nflverse,,2026-09-07T05:45:02.885579+00:00,2022-01-08T00:00:00
NFL_NE_00-0025565_2021W18_QUESTIONABLE_LP,NFL,2021,18,2021_NFL_W18_NE_MIA,NFL_NE,NFL_P_00-0025565,K,,QUESTIONABLE,LP,left Knee,2022-01-08,nflverse,,2026-09-07T05:45:02.885579+00:00,2022-01-08T00:00:00
NFL_NE_00-0035657_2021W18_QUESTIONABLE_LP,NFL,2021,18,2021_NFL_W18_NE_MIA,NFL_NE,NFL_P_00-0035657,RB,,QUESTIONABLE,LP,Hamstring,2022-01-08,nflverse,,2026-09-07T05:45:02.885579+00:00,2022-01-08T00:00:00
NFL_NE_00-0029669_2021W18_QUESTIONABLE_LP,NFL,2021,18,2021_NFL_W18_NE_MIA,NFL_NE,NFL_P_00-0029669,LB,,QUESTIONABLE,LP,Knee,2022-01-08,nflverse,,2026-09-07T05:45:02.885579+00:00,2022-01-08T00:00:00
NFL_NE_00-0034960_2021W18_QUESTIONABLE_LP,NFL,2021,18,2021_NFL_W18_NE_MIA,NFL_NE,NFL_P_00-0034960,WR,,QUESTIONABLE,LP,Thigh,2022-01-08,nflverse,,2026-09-07T05:45:02.885579+00:00,2022-01-08T00:00:00
NFL_NE_00-0031404_2021W18_QUESTIONABLE_LP,NFL,2021,18,2021_NFL_W18_NE_MIA,NFL_NE,NFL_P_00-0031404,S,,QUESTIONABLE,LP,Knee,2022-01-08,nflverse,,2026-09-07T05:45:02.885579+00:00,2022-01-08T00:00:00
NFL_NE_00-0034833_2021W18_QUESTIONABLE_LP,NFL,2021,18,2021_NFL_W18_NE_MIA,NFL_NE,NFL_P_00-0034833,OL,,QUESTIONABLE,LP,Hip,2022-01-08,nflverse,,2026-09-07T05:45:02.885579+00:00,2022-01-08T00:00:00
NFL_NO_00-0032200_2021W18_NA_LP,NFL,2021,18,2021_NFL_W18_NO_ATL,NFL_NO,NFL_P_00-0032200,WR,,UNKNOWN,LP,Back,2022-01-08,nflverse,,2026-09-07T05:45:02.885579+00:00,2022-01-08T00:00:00
NFL_NO_00-0034765_2021W18_NA_LP,NFL,2021,18,2021_NFL_W18_NO_ATL,NFL_NO,NFL_P_00-0034765,WR,,UNKNOWN,LP,Chest,2022-01-08,nflverse,,2026-09-07T05:45:02.885579+00:00,2022-01-08T00:00:00
NFL_NO_00-0030067_2021W18_OUT_DNP,NFL,2021,18,2021_NFL_W18_NO_ATL,NFL_NO,NFL_P_00-0030067,OL,,OUT,DNP,Knee,2022-01-08,nflverse,,2026-09-07T05:45:02.885579+00:00,2022-01-08T00:00:00
NFL_NO_00-0031372_2021W18_OUT_DNP,NFL,2021,18,2021_NFL_W18_NO_ATL,NFL_NO,NFL_P_00-0031372,CB,,OUT,DNP,Shoulder,2022-01-08,nflverse,,2026-09-07T05:45:02.885579+00:00,2022-01-08T00:00:00
NFL_NO_00-0032059_2021W18_OUT_DNP,NFL,2021,18,2021_NFL_W18_NO_ATL,NFL_NO,NFL_P_00-0032059,CB,,OUT,DNP,Ankle,2022-01-08,nflverse,,2026-09-07T05:45:02.885579+00:00,2022-01-08T00:00:00
NFL_NO_00-0027966_2021W18_QUESTIONABLE_DNP,NFL,2021,18,2021_NFL_W18_NO_ATL,NFL_NO,NFL_P_00-0027966,RB,,QUESTIONABLE,DNP,Knee,2022-01-08,nflverse,,2026-09-07T05:45:02.885579+00:00,2022-01-08T00:00:00
NFL_NO_00-0034344_2021W18_QUESTIONABLE_LP,NFL,2021,18,2021_NFL_W18_NO_ATL,NFL_NO,NFL_P_00-0034344,EDGE,,QUESTIONABLE,LP,Ankle,2022-01-08,nflverse,,2026-09-07T05:45:02.885579+00:00,2022-01-08T00:00:00
NFL_NO_00-0033888_2021W18_QUESTIONABLE_LP,NFL,2021,18,2021_NFL_W18_NO_ATL,NFL_NO,NFL_P_00-0033888,OL,,QUESTIONABLE,LP,Knee,2022-01-08,nflverse,,2026-09-07T05:45:02.885579+00:00,2022-01-08T00:00:00
NFL_NYG_00-0036895_2021W18_NA_DNP,NFL,2021,18,2021_NFL_W18_WAS_NYG,NFL_NYG,NFL_P_00-0036895,LB,,UNKNOWN,DNP,Neck,2022-01-08,nflverse,,2026-09-07T05:45:02.885579+00:00,2022-01-08T00:00:00
NFL_NYG_00-0034844_2021W18_NA_LP,NFL,2021,18,2021_NFL_W18_WAS_NYG,NFL_NYG,NFL_P_00-0034844,RB,,UNKNOWN,LP,Ankle,2022-01-08,nflverse,,2026-09-07T05:45:02.885579+00:00,2022-01-08T00:00:00
NFL_NYG_00-0034360_2021W18_NA_LP,NFL,2021,18,2021_NFL_W18_WAS_NYG,NFL_NYG,NFL_P_00-0034360,LB,,UNKNOWN,LP,Illness,2022-01-08,nflverse,,2026-09-07T05:45:02.885579+00:00,2022-01-08T00:00:00
NFL_NYG_00-0032763_2021W18_NA_LP,NFL,2021,18,2021_NFL_W18_WAS_NYG,NFL_NYG,NFL_P_00-0032763,DL,,UNKNOWN,LP,Foot,2022-01-08,nflverse,,2026-09-07T05:45:02.885579+00:00,2022-01-08T00:00:00
NFL_NYG_00-0027981_2021W18_NA_LP,NFL,2021,18,2021_NFL_W18_WAS_NYG,NFL_NYG,NFL_P_00-0027981,TE,,UNKNOWN,LP,Ankle,2022-01-08,nflverse,,2026-09-07T05:45:02.885579+00:00,2022-01-08T00:00:00
NFL_NYG_00-0035535_2021W18_NA_LP,NFL,2021,18,2021_NFL_W18_WAS_NYG,NFL_NYG,NFL_P_00-0035535,WR,,UNKNOWN,LP,Shoulder,2022-01-08,nflverse,,2026-09-07T05:45:02.885579+00:00,2022-01-08T00:00:00
NFL_NYG_00-0036386_2021W18_NA_LP,NFL,2021,18,2021_NFL_W18_WAS_NYG,NFL_NYG,NFL_P_00-0036386,OL,,UNKNOWN,LP,Shoulder,2022-01-08,nflverse,,2026-09-07T05:45:02.885579+00:00,2022-01-08T00:00:00
NFL_NYG_00-0030520_2021W18_OUT_DNP,NFL,2021,18,2021_NFL_W18_WAS_NYG,NFL_NYG,NFL_P_00-0030520,QB,,OUT,DNP,left Wrist,2022-01-08,nflverse,,2026-09-07T05:45:02.885579+00:00,2022-01-08T00:00:00
NFL_NYG_00-0033460_2021W18_OUT_DNP,NFL,2021,18,2021_NFL_W18_WAS_NYG,NFL_NYG,NFL_P_00-0033460,WR,,OUT,DNP,Knee,2022-01-08,nflverse,,2026-09-07T05:45:02.885579+00:00,2022-01-08T00:00:00
NFL_NYG_00-0036913_2021W18_OUT_DNP,NFL,2021,18,2021_NFL_W18_WAS_NYG,NFL_NYG,NFL_P_00-0036913,WR,,OUT,DNP,Shoulder,2022-01-08,nflverse,,2026-09-07T05:45:02.885579+00:00,2022-01-08T00:00:00
NFL_NYG_00-0035304_2021W18_QUESTIONABLE_LP,NFL,2021,18,2021_NFL_W18_WAS_NYG,NFL_NYG,NFL_P_00-0035304,RB,,QUESTIONABLE,LP,Knee,2022-01-08,nflverse,,2026-09-07T05:45:02.885579+00:00,2022-01-08T00:00:00
NFL_NYG_00-0034346_2021W18_QUESTIONABLE_LP,NFL,2021,18,2021_NFL_W18_WAS_NYG,NFL_NYG,NFL_P_00-0034346,OL,,QUESTIONABLE,LP,Ankle,2022-01-08,nflverse,,2026-09-07T05:45:02.885579+00:00,2022-01-08T00:00:00
NFL_NYG_00-0036254_2021W18_QUESTIONABLE_LP,NFL,2021,18,2021_NFL_W18_WAS_NYG,NFL_NYG,NFL_P_00-0036254,WR,,QUESTIONABLE,LP,Hamstring,2022-01-08,nflverse,,2026-09-07T05:45:02.885579+00:00,2022-01-08T00:00:00
NFL_NYJ_00-0034419_2021W18_DOUBTFUL_DNP,NFL,2021,18,2021_NFL_W18_NYJ_BUF,NFL_NYJ,NFL_P_00-0034419,WR,,DOUBTFUL,DNP,Quadricep,2022-01-08,nflverse,,2026-09-07T05:45:02.885579+00:00,2022-01-08T00:00:00
NFL_PHI_00-0035243_2021W18_OUT_DNP,NFL,2021,18,2021_NFL_W18_DAL_PHI,NFL_PHI,NFL_P_00-0035243,RB,,OUT,DNP,Hand,2022-01-08,nflverse,,2026-09-07T05:45:02.885579+00:00,2022-01-08T00:00:00
NFL_PHI_00-0037002_2021W18_QUESTIONABLE_DNP,NFL,2021,18,2021_NFL_W18_DAL_PHI,NFL_PHI,NFL_P_00-0037002,OL,,QUESTIONABLE,DNP,Thumb,2022-01-08,nflverse,,2026-09-07T05:45:02.885579+00:00,2022-01-08T00:00:00
NFL_PHI_00-0030561_2021W18_QUESTIONABLE_DNP,NFL,2021,18,2021_NFL_W18_DAL_PHI,NFL_PHI,NFL_P_00-0030561,OL,,QUESTIONABLE,DNP,Not injury related - resting player,2022-01-08,nflverse,,2026-09-07T05:45:02.885579+00:00,2022-01-08T00:00:00
NFL_PIT_00-0036983_2021W18_NA_LP,NFL,2021,18,2021_NFL_W18_PIT_BAL,NFL_PIT,NFL_P_00-0036983,OL,,UNKNOWN,LP,Calf,2022-01-08,nflverse,,2026-09-07T05:45:02.885579+00:00,2022-01-08T00:00:00
NFL_PIT_00-0035219_2021W18_OUT_DNP,NFL,2021,18,2021_NFL_W18_PIT_BAL,NFL_PIT,NFL_P_00-0035219,EDGE,,OUT,DNP,Illness,2022-01-08,nflverse,,2026-09-07T05:45:02.885579+00:00,2022-01-08T00:00:00
NFL_PIT_00-0036870_2021W18_OUT_DNP,NFL,2021,18,2021_NFL_W18_PIT_BAL,NFL_PIT,NFL_P_00-0036870,LB,,OUT,DNP,Foot,2022-01-08,nflverse,,2026-09-07T05:45:02.885579+00:00,2022-01-08T00:00:00
NFL_PIT_00-0036869_2021W18_DOUBTFUL_DNP,NFL,2021,18,2021_NFL_W18_PIT_BAL,NFL_PIT,NFL_P_00-0036869,OL,,DOUBTFUL,DNP,Ankle,2022-01-08,nflverse,,2026-09-07T05:45:02.885579+00:00,2022-01-08T00:00:00
NFL_SEA_00-0036653_2021W18_NA_DNP,NFL,2021,18,2021_NFL_W18_SEA_ARI,NFL_SEA,NFL_P_00-0036653,OL,,UNKNOWN,DNP,Illness,2022-01-08,nflverse,,2026-09-07T05:45:02.885579+00:00,2022-01-08T00:00:00
NFL_SEA_00-0033901_2021W18_NA_DNP,NFL,2021,18,2021_NFL_W18_SEA_ARI,NFL_SEA,NFL_P_00-0033901,OL,,UNKNOWN,DNP,Illness,2022-01-08,nflverse,,2026-09-07T05:45:02.885579+00:00,2022-01-08T00:00:00
NFL_SEA_00-0034229_2021W18_NA_DNP,NFL,2021,18,2021_NFL_W18_SEA_ARI,NFL_SEA,NFL_P_00-0034229,OL,,UNKNOWN,DNP,Illness,2022-01-08,nflverse,,2026-09-07T05:45:02.885579+00:00,2022-01-08T00:00:00
NFL_SEA_00-0026166_2021W18_NA_LP,NFL,2021,18,2021_NFL_W18_SEA_ARI,NFL_SEA,NFL_P_00-0026166,OL,,UNKNOWN,LP,Not injury related - resting player,2022-01-08,nflverse,,2026-09-07T05:45:02.885579+00:00,2022-01-08T00:00:00
NFL_SEA_00-0035640_2021W18_NA_LP,NFL,2021,18,2021_NFL_W18_SEA_ARI,NFL_SEA,NFL_P_00-0035640,WR,,UNKNOWN,LP,Foot,2022-01-08,nflverse,,2026-09-07T05:45:02.885579+00:00,2022-01-08T00:00:00
NFL_SEA_00-0036304_2021W18_OUT_DNP,NFL,2021,18,2021_NFL_W18_SEA_ARI,NFL_SEA,NFL_P_00-0036304,CB,,OUT,DNP,Concussion,2022-01-08,nflverse,,2026-09-07T05:45:02.885579+00:00,2022-01-08T00:00:00
NFL_SEA_00-0032420_2021W18_OUT_DNP,NFL,2021,18,2021_NFL_W18_SEA_ARI,NFL_SEA,NFL_P_00-0032420,OL,,OUT,DNP,Shoulder,2022-01-08,nflverse,,2026-09-07T05:45:02.885579+00:00,2022-01-08T00:00:00
NFL_SEA_00-0029255_2021W18_OUT_DNP,NFL,2021,18,2021_NFL_W18_SEA_ARI,NFL_SEA,NFL_P_00-0029255,LB,,OUT,DNP,Knee,2022-01-08,nflverse,,2026-09-07T05:45:02.885579+00:00,2022-01-08T00:00:00
NFL_SEA_00-0034159_2021W18_QUESTIONABLE_DNP,NFL,2021,18,2021_NFL_W18_SEA_ARI,NFL_SEA,NFL_P_00-0034159,TE,,QUESTIONABLE,DNP,Heel,2022-01-08,nflverse,,2026-09-07T05:45:02.885579+00:00,2022-01-08T00:00:00
NFL_SEA_00-0031367_2021W18_QUESTIONABLE_DNP,NFL,2021,18,2021_NFL_W18_SEA_ARI,NFL_SEA,NFL_P_00-0031367,OL,,QUESTIONABLE,DNP,Knee,2022-01-08,nflverse,,2026-09-07T05:45:02.885579+00:00,2022-01-08T00:00:00
NFL_SEA_00-0027662_2021W18_QUESTIONABLE_LP,NFL,2021,18,2021_NFL_W18_SEA_ARI,NFL_SEA,NFL_P_00-0027662,LB,,QUESTIONABLE,LP,Ankle,2022-01-08,nflverse,,2026-09-07T05:45:02.885579+00:00,2022-01-08T00:00:00
NFL_SF_00-0035166_2021W18_QUESTIONABLE_DNP,NFL,2021,18,2021_NFL_W18_SF_LAR,NFL_SF,NFL_P_00-0035166,LB,,QUESTIONABLE,DNP,Knee,2022-01-08,nflverse,,2026-09-07T05:45:02.885579+00:00,2022-01-08T00:00:00
NFL_SF_00-0027857_2021W18_QUESTIONABLE_DNP,NFL,2021,18,2021_NFL_W18_SF_LAR,NFL_SF,NFL_P_00-0027857,OL,,QUESTIONABLE,DNP,Elbow,2022-01-08,nflverse,,2026-09-07T05:45:02.885579+00:00,2022-01-08T00:00:00
NFL_SF_00-0031345_2021W18_QUESTIONABLE_LP,NFL,2021,18,2021_NFL_W18_SF_LAR,NFL_SF,NFL_P_00-0031345,QB,,QUESTIONABLE,LP,right Thumb,2022-01-08,nflverse,,2026-09-07T05:45:02.885579+00:00,2022-01-08T00:00:00
NFL_SF_00-0034982_2021W18_QUESTIONABLE_LP,NFL,2021,18,2021_NFL_W18_SF_LAR,NFL_SF,NFL_P_00-0034982,LB,,QUESTIONABLE,LP,Groin,2022-01-08,nflverse,,2026-09-07T05:45:02.885579+00:00,2022-01-08T00:00:00
NFL_SF_00-0034730_2021W18_QUESTIONABLE_LP,NFL,2021,18,2021_NFL_W18_SF_LAR,NFL_SF,NFL_P_00-0034730,LB,,QUESTIONABLE,LP,Achilles,2022-01-08,nflverse,,2026-09-07T05:45:02.885579+00:00,2022-01-08T00:00:00
NFL_SF_00-0034746_2021W18_QUESTIONABLE_LP,NFL,2021,18,2021_NFL_W18_SF_LAR,NFL_SF,NFL_P_00-0034746,DL,,QUESTIONABLE,LP,Calf,2022-01-08,nflverse,,2026-09-07T05:45:02.885579+00:00,2022-01-08T00:00:00
NFL_SF_00-0032057_2021W18_QUESTIONABLE_LP,NFL,2021,18,2021_NFL_W18_SF_LAR,NFL_SF,NFL_P_00-0032057,S,,QUESTIONABLE,LP,Shoulder,2022-01-08,nflverse,,2026-09-07T05:45:02.885579+00:00,2022-01-08T00:00:00
NFL_TB_00-0027793_2021W18_NA_DNP,NFL,2021,18,2021_NFL_W18_CAR_TB,NFL_TB,NFL_P_00-0027793,WR,,UNKNOWN,DNP,Not injury related - personal matter,2022-01-08,nflverse,,2026-09-07T05:45:02.885579+00:00,2022-01-08T00:00:00
NFL_TB_00-0027855_2021W18_NA_DNP,NFL,2021,18,2021_NFL_W18_CAR_TB,NFL_TB,NFL_P_00-0027855,DL,,UNKNOWN,DNP,Not injury related - resting player,2022-01-08,nflverse,,2026-09-07T05:45:02.885579+00:00,2022-01-08T00:00:00
NFL_TB_00-0031101_2021W18_OUT_DNP,NFL,2021,18,2021_NFL_W18_CAR_TB,NFL_TB,NFL_P_00-0031101,LB,,OUT,DNP,Knee,2022-01-08,nflverse,,2026-09-07T05:45:02.885579+00:00,2022-01-08T00:00:00
NFL_TB_00-0034816_2021W18_OUT_DNP,NFL,2021,18,2021_NFL_W18_CAR_TB,NFL_TB,NFL_P_00-0034816,RB,,OUT,DNP,Ankle,2022-01-08,nflverse,,2026-09-07T05:45:02.885579+00:00,2022-01-08T00:00:00
NFL_TB_00-0027867_2021W18_OUT_DNP,NFL,2021,18,2021_NFL_W18_CAR_TB,NFL_TB,NFL_P_00-0027867,LB,,OUT,DNP,Shoulder,2022-01-08,nflverse,,2026-09-07T05:45:02.885579+00:00,2022-01-08T00:00:00
NFL_TB_00-0032410_2021W18_OUT_DNP,NFL,2021,18,2021_NFL_W18_CAR_TB,NFL_TB,NFL_P_00-0032410,CB,,OUT,DNP,Groin,2022-01-08,nflverse,,2026-09-07T05:45:02.885579+00:00,2022-01-08T00:00:00
NFL_TB_00-0034386_2021W18_OUT_DNP,NFL,2021,18,2021_NFL_W18_CAR_TB,NFL_TB,NFL_P_00-0034386,WR,,OUT,DNP,Quadricep,2022-01-08,nflverse,,2026-09-07T05:45:02.885579+00:00,2022-01-08T00:00:00
NFL_TB_00-0028092_2021W18_DOUBTFUL_LP,NFL,2021,18,2021_NFL_W18_CAR_TB,NFL_TB,NFL_P_00-0028092,CB,,DOUBTFUL,LP,Achilles,2022-01-08,nflverse,,2026-09-07T05:45:02.885579+00:00,2022-01-08T00:00:00
NFL_TB_00-0029895_2021W18_QUESTIONABLE_LP,NFL,2021,18,2021_NFL_W18_CAR_TB,NFL_TB,NFL_P_00-0029895,OL,,QUESTIONABLE,LP,Shoulder,2022-01-08,nflverse,,2026-09-07T05:45:02.885579+00:00,2022-01-08T00:00:00
NFL_TEN_00-0031921_2021W18_NA_LP,NFL,2021,18,2021_NFL_W18_TEN_HOU,NFL_TEN,NFL_P_00-0031921,OL,,UNKNOWN,LP,Illness,2022-01-08,nflverse,,2026-09-07T05:45:02.885579+00:00,2022-01-08T00:00:00
NFL_TEN_00-0036695_2021W18_OUT_DNP,NFL,2021,18,2021_NFL_W18_TEN_HOU,NFL_TEN,NFL_P_00-0036695,DL,,OUT,DNP,Knee,2022-01-08,nflverse,,2026-09-07T05:45:02.885579+00:00,2022-01-08T00:00:00
NFL_TEN_00-0036181_2021W18_OUT_DNP,NFL,2021,18,2021_NFL_W18_TEN_HOU,NFL_TEN,NFL_P_00-0036181,DL,,OUT,DNP,Ankle,2022-01-08,nflverse,,2026-09-07T05:45:02.885579+00:00,2022-01-08T00:00:00
NFL_WAS_00-0031095_2021W18_NA_DNP,NFL,2021,18,2021_NFL_W18_WAS_NYG,NFL_WAS,NFL_P_00-0031095,OL,,UNKNOWN,DNP,Not injury related - resting player,2022-01-08,nflverse,,2026-09-07T05:45:02.885579+00:00,2022-01-08T00:00:00
NFL_WAS_00-0036334_2021W18_OUT_DNP,NFL,2021,18,2021_NFL_W18_WAS_NYG,NFL_WAS,NFL_P_00-0036334,OL,,OUT,DNP,Knee,2022-01-08,nflverse,,2026-09-07T05:45:02.885579+00:00,2022-01-08T00:00:00
NFL_WAS_00-0033282_2021W18_OUT_DNP,NFL,2021,18,2021_NFL_W18_WAS_NYG,NFL_WAS,NFL_P_00-0033282,WR,,OUT,DNP,Hamstring,2022-01-08,nflverse,,2026-09-07T05:45:02.885579+00:00,2022-01-08T00:00:00
NFL_WAS_00-0033611_2021W18_OUT_DNP,NFL,2021,18,2021_NFL_W18_WAS_NYG,NFL_WAS,NFL_P_00-0033611,TE,,OUT,DNP,Concussion,2022-01-08,nflverse,,2026-09-07T05:45:02.885579+00:00,2022-01-08T00:00:00
NFL_WAS_00-0035647_2021W18_OUT_DNP,NFL,2021,18,2021_NFL_W18_WAS_NYG,NFL_WAS,NFL_P_00-0035647,EDGE,,OUT,DNP,Not injury related - personal matter,2022-01-08,nflverse,,2026-09-07T05:45:02.885579+00:00,2022-01-08T00:00:00
NFL_WAS_00-0036474_2021W18_QUESTIONABLE_DNP,NFL,2021,18,2021_NFL_W18_WAS_NYG,NFL_WAS,NFL_P_00-0036474,TE,,QUESTIONABLE,DNP,Hamstring,2022-01-08,nflverse,,2026-09-07T05:45:02.885579+00:00,2022-01-08T00:00:00
NFL_ARI_00-0029316_2021W19_NA_DNP,NFL,2021,19,2021_NFL_P19_ARI_LAR,NFL_ARI,NFL_P_00-0029316,OL,,UNKNOWN,DNP,Not injury related - resting player,2022-01-17,nflverse,,2026-09-07T05:45:02.885579+00:00,2022-01-17T00:00:00
NFL_ARI_00-0030061_2021W19_NA_DNP,NFL,2021,19,2021_NFL_P19_ARI_LAR,NFL_ARI,NFL_P_00-0030061,TE,,UNKNOWN,DNP,Not injury related - resting player,2022-01-17,nflverse,,2026-09-07T05:45:02.885579+00:00,2022-01-17T00:00:00
NFL_ARI_00-0027993_2021W19_NA_DNP,NFL,2021,19,2021_NFL_P19_ARI_LAR,NFL_ARI,NFL_P_00-0027993,OL,,UNKNOWN,DNP,Not injury related - resting player,2022-01-17,nflverse,,2026-09-07T05:45:02.885579+00:00,2022-01-17T00:00:00
NFL_ARI_00-0036356_2021W19_NA_DNP,NFL,2021,19,2021_NFL_P19_ARI_LAR,NFL_ARI,NFL_P_00-0036356,LB,,UNKNOWN,DNP,Not injury related - personal matter,2022-01-17,nflverse,,2026-09-07T05:45:02.885579+00:00,2022-01-17T00:00:00
NFL_ARI_00-0030585_2021W19_QUESTIONABLE_DNP,NFL,2021,19,2021_NFL_P19_ARI_LAR,NFL_ARI,NFL_P_00-0030585,OL,,QUESTIONABLE,DNP,Calf,2022-01-17,nflverse,,2026-09-07T05:45:02.885579+00:00,2022-01-17T00:00:00
NFL_ARI_00-0031557_2021W19_QUESTIONABLE_FP,NFL,2021,19,2021_NFL_P19_ARI_LAR,NFL_ARI,NFL_P_00-0031557,EDGE,,QUESTIONABLE,FP,Knee,2022-01-17,nflverse,,2026-09-07T05:45:02.885579+00:00,2022-01-17T00:00:00
NFL_ARI_00-0036884_2021W19_QUESTIONABLE_FP,NFL,2021,19,2021_NFL_P19_ARI_LAR,NFL_ARI,NFL_P_00-0036884,CB,,QUESTIONABLE,FP,Shoulder,2022-01-17,nflverse,,2026-09-07T05:45:02.885579+00:00,2022-01-17T00:00:00
NFL_ARI_00-0033553_2021W19_QUESTIONABLE_LP,NFL,2021,19,2021_NFL_P19_ARI_LAR,NFL_ARI,NFL_P_00-0033553,RB,,QUESTIONABLE,LP,Ribs,2022-01-17,nflverse,,2026-09-07T05:45:02.885579+00:00,2022-01-17T00:00:00
NFL_ARI_00-0036936_2021W19_QUESTIONABLE_LP,NFL,2021,19,2021_NFL_P19_ARI_LAR,NFL_ARI,NFL_P_00-0036936,WR,,QUESTIONABLE,LP,Ankle,2022-01-17,nflverse,,2026-09-07T05:45:02.885579+00:00,2022-01-17T00:00:00
NFL_ARI_00-0035924_2021W19_QUESTIONABLE_LP,NFL,2021,19,2021_NFL_P19_ARI_LAR,NFL_ARI,NFL_P_00-0035924,RB,,QUESTIONABLE,LP,Knee,2022-01-17,nflverse,,2026-09-07T05:45:02.885579+00:00,2022-01-17T00:00:00
NFL_BUF_00-0031588_2021W19_NA_DNP,NFL,2021,19,2021_NFL_P19_NE_BUF,NFL_BUF,NFL_P_00-0031588,WR,,UNKNOWN,DNP,Not injury related - resting player,2022-01-15,nflverse,,2026-09-07T05:45:02.885579+00:00,2022-01-15T00:00:00
NFL_BUF_00-0029000_2021W19_NA_LP,NFL,2021,19,2021_NFL_P19_NE_BUF,NFL_BUF,NFL_P_00-0029000,WR,,UNKNOWN,LP,Not injury related - resting player,2022-01-15,nflverse,,2026-09-07T05:45:02.885579+00:00,2022-01-15T00:00:00
NFL_CIN_00-0036410_2021W19_NA_LP,NFL,2021,19,2021_NFL_P19_LV_CIN,NFL_CIN,NFL_P_00-0036410,WR,,UNKNOWN,LP,Foot,2022-01-14,nflverse,,2026-09-07T05:45:02.885579+00:00,2022-01-14T00:00:00
NFL_CIN_00-0033347_2021W19_DOUBTFUL_DNP,NFL,2021,19,2021_NFL_P19_LV_CIN,NFL_CIN,NFL_P_00-0033347,DL,,DOUBTFUL,DNP,Knee,2022-01-14,nflverse,,2026-09-07T05:45:02.885579+00:00,2022-01-14T00:00:00
NFL_CIN_00-0034446_2021W19_QUESTIONABLE_LP,NFL,2021,19,2021_NFL_P19_LV_CIN,NFL_CIN,NFL_P_00-0034446,CB,,QUESTIONABLE,LP,Ankle,2022-01-14,nflverse,,2026-09-07T05:45:02.885579+00:00,2022-01-14T00:00:00
NFL_CIN_00-0035399_2021W19_QUESTIONABLE_LP,NFL,2021,19,2021_NFL_P19_LV_CIN,NFL_CIN,NFL_P_00-0035399,WR,,QUESTIONABLE,LP,Hamstring,2022-01-14,nflverse,,2026-09-07T05:45:02.885579+00:00,2022-01-14T00:00:00
NFL_DAL_00-0036661_2021W19_NA_LP,NFL,2021,19,2021_NFL_P19_SF_DAL,NFL_DAL,NFL_P_00-0036661,S,,UNKNOWN,LP,Hamstring,2022-01-15,nflverse,,2026-09-07T05:45:02.885579+00:00,2022-01-15T00:00:00
NFL_DAL_00-0032382_2021W19_OUT_DNP,NFL,2021,19,2021_NFL_P19_SF_DAL,NFL_DAL,NFL_P_00-0032382,LB,,OUT,DNP,Chest,2022-01-15,nflverse,,2026-09-07T05:45:02.885579+00:00,2022-01-15T00:00:00
NFL_KC_00-0036360_2021W19_OUT_DNP,NFL,2021,19,2021_NFL_P19_PIT_KC,NFL_KC,NFL_P_00-0036360,RB,,OUT,DNP,Shoulder,2022-01-16,nflverse,,2026-09-07T05:45:02.885579+00:00,2022-01-16T00:00:00
NFL_KC_00-0034301_2021W19_QUESTIONABLE_LP,NFL,2021,19,2021_NFL_P19_PIT_KC,NFL_KC,NFL_P_00-0034301,RB,,QUESTIONABLE,LP,Toe,2022-01-16,nflverse,,2026-09-07T05:45:02.885579+00:00,2022-01-16T00:00:00
NFL_LAR_00-0035663_2021W19_OUT_DNP,NFL,2021,19,2021_NFL_P19_ARI_LAR,NFL_LAR,NFL_P_00-0035663,S,,OUT,DNP,Concussion,2022-01-17,nflverse,,2026-09-07T05:45:02.885579+00:00,2022-01-17T00:00:00
NFL_LAR_00-0034449_2021W19_DOUBTFUL_DNP,NFL,2021,19,2021_NFL_P19_ARI_LAR,NFL_LAR,NFL_P_00-0034449,RB,,DOUBTFUL,DNP,Hamstring,2022-01-17,nflverse,,2026-09-07T05:45:02.885579+00:00,2022-01-17T00:00:00
NFL_LAR_00-0036415_2021W19_QUESTIONABLE_LP,NFL,2021,19,2021_NFL_P19_ARI_LAR,NFL_LAR,NFL_P_00-0036415,WR,,QUESTIONABLE,LP,Shoulder,2022-01-17,nflverse,,2026-09-07T05:45:02.885579+00:00,2022-01-17T00:00:00
NFL_LV_00-0032116_2021W19_NA_DNP,NFL,2021,19,2021_NFL_P19_LV_CIN,NFL_LV,NFL_P_00-0032116,DL,,UNKNOWN,DNP,Knee,2022-01-14,nflverse,,2026-09-07T05:45:02.885579+00:00,2022-01-14T00:00:00
NFL_LV_00-0029261_2021W19_NA_LP,NFL,2021,19,2021_NFL_P19_LV_CIN,NFL_LV,NFL_P_00-0029261,CB,,UNKNOWN,LP,Ankle,2022-01-14,nflverse,,2026-09-07T05:45:02.885579+00:00,2022-01-14T00:00:00
NFL_LV_00-0035700_2021W19_NA_LP,NFL,2021,19,2021_NFL_P19_LV_CIN,NFL_LV,NFL_P_00-0035700,RB,,UNKNOWN,LP,Ribs,2022-01-14,nflverse,,2026-09-07T05:45:02.885579+00:00,2022-01-14T00:00:00
NFL_LV_00-0032416_2021W19_NA_LP,NFL,2021,19,2021_NFL_P19_LV_CIN,NFL_LV,NFL_P_00-0032416,DL,,UNKNOWN,LP,Foot,2022-01-14,nflverse,,2026-09-07T05:45:02.885579+00:00,2022-01-14T00:00:00
NFL_LV_00-0034125_2021W19_NA_LP,NFL,2021,19,2021_NFL_P19_LV_CIN,NFL_LV,NFL_P_00-0034125,DL,,UNKNOWN,LP,Back,2022-01-14,nflverse,,2026-09-07T05:45:02.885579+00:00,2022-01-14T00:00:00
NFL_LV_00-0031610_2021W19_NA_LP,NFL,2021,19,2021_NFL_P19_LV_CIN,NFL_LV,NFL_P_00-0031610,TE,,UNKNOWN,LP,Knee,2022-01-14,nflverse,,2026-09-07T05:45:02.885579+00:00,2022-01-14T00:00:00
NFL_LV_00-0030063_2021W19_QUESTIONABLE_LP,NFL,2021,19,2021_NFL_P19_LV_CIN,NFL_LV,NFL_P_00-0030063,DL,,QUESTIONABLE,LP,Back,2022-01-14,nflverse,,2026-09-07T05:45:02.885579+00:00,2022-01-14T00:00:00
NFL_NE_00-0034833_2021W19_QUESTIONABLE_DNP,NFL,2021,19,2021_NFL_P19_NE_BUF,NFL_NE,NFL_P_00-0034833,OL,,QUESTIONABLE,DNP,Hip,2022-01-15,nflverse,,2026-09-07T05:45:02.885579+00:00,2022-01-15T00:00:00
NFL_NE_00-0031852_2021W19_QUESTIONABLE_LP,NFL,2021,19,2021_NFL_P19_NE_BUF,NFL_NE,NFL_P_00-0031852,OL,,QUESTIONABLE,LP,Shoulder,2022-01-15,nflverse,,2026-09-07T05:45:02.885579+00:00,2022-01-15T00:00:00
NFL_NE_00-0036981_2021W19_QUESTIONABLE_LP,NFL,2021,19,2021_NFL_P19_NE_BUF,NFL_NE,NFL_P_00-0036981,DL,,QUESTIONABLE,LP,Knee,2022-01-15,nflverse,,2026-09-07T05:45:02.885579+00:00,2022-01-15T00:00:00
NFL_NE_00-0030421_2021W19_QUESTIONABLE_LP,NFL,2021,19,2021_NFL_P19_NE_BUF,NFL_NE,NFL_P_00-0030421,LB,,QUESTIONABLE,LP,Ankle,2022-01-15,nflverse,,2026-09-07T05:45:02.885579+00:00,2022-01-15T00:00:00
NFL_NE_00-0029764_2021W19_QUESTIONABLE_LP,NFL,2021,19,2021_NFL_P19_NE_BUF,NFL_NE,NFL_P_00-0029764,S,,QUESTIONABLE,LP,Wrist,2022-01-15,nflverse,,2026-09-07T05:45:02.885579+00:00,2022-01-15T00:00:00
NFL_NE_00-0025565_2021W19_QUESTIONABLE_LP,NFL,2021,19,2021_NFL_P19_NE_BUF,NFL_NE,NFL_P_00-0025565,K,,QUESTIONABLE,LP,left Knee,2022-01-15,nflverse,,2026-09-07T05:45:02.885579+00:00,2022-01-15T00:00:00
NFL_NE_00-0028171_2021W19_QUESTIONABLE_LP,NFL,2021,19,2021_NFL_P19_NE_BUF,NFL_NE,NFL_P_00-0028171,DL,,QUESTIONABLE,LP,Shoulder,2022-01-15,nflverse,,2026-09-07T05:45:02.885579+00:00,2022-01-15T00:00:00
NFL_NE_00-0035657_2021W19_QUESTIONABLE_LP,NFL,2021,19,2021_NFL_P19_NE_BUF,NFL_NE,NFL_P_00-0035657,RB,,QUESTIONABLE,LP,Hamstring,2022-01-15,nflverse,,2026-09-07T05:45:02.885579+00:00,2022-01-15T00:00:00
NFL_NE_00-0029669_2021W19_QUESTIONABLE_LP,NFL,2021,19,2021_NFL_P19_NE_BUF,NFL_NE,NFL_P_00-0029669,LB,,QUESTIONABLE,LP,Knee,2022-01-15,nflverse,,2026-09-07T05:45:02.885579+00:00,2022-01-15T00:00:00
NFL_NE_00-0031856_2021W19_QUESTIONABLE_LP,NFL,2021,19,2021_NFL_P19_NE_BUF,NFL_NE,NFL_P_00-0031856,LB,,QUESTIONABLE,LP,Toe,2022-01-15,nflverse,,2026-09-07T05:45:02.885579+00:00,2022-01-15T00:00:00
NFL_NE_00-0034960_2021W19_QUESTIONABLE_LP,NFL,2021,19,2021_NFL_P19_NE_BUF,NFL_NE,NFL_P_00-0034960,WR,,QUESTIONABLE,LP,Thigh,2022-01-15,nflverse,,2026-09-07T05:45:02.885579+00:00,2022-01-15T00:00:00
NFL_NE_00-0031404_2021W19_QUESTIONABLE_LP,NFL,2021,19,2021_NFL_P19_NE_BUF,NFL_NE,NFL_P_00-0031404,S,,QUESTIONABLE,LP,Knee,2022-01-15,nflverse,,2026-09-07T05:45:02.885579+00:00,2022-01-15T00:00:00
NFL_PHI_00-0030561_2021W19_NA_LP,NFL,2021,19,2021_NFL_P19_PHI_TB,NFL_PHI,NFL_P_00-0030561,OL,,UNKNOWN,LP,Not injury related - resting player,2022-01-15,nflverse,,2026-09-07T05:45:02.885579+00:00,2022-01-15T00:00:00
NFL_PHI_00-0036922_2021W19_NA_LP,NFL,2021,19,2021_NFL_P19_PHI_TB,NFL_PHI,NFL_P_00-0036922,LB,,UNKNOWN,LP,Back,2022-01-15,nflverse,,2026-09-07T05:45:02.885579+00:00,2022-01-15T00:00:00
NFL_PHI_00-0035383_2021W19_QUESTIONABLE_DNP,NFL,2021,19,2021_NFL_P19_PHI_TB,NFL_PHI,NFL_P_00-0035383,OL,,QUESTIONABLE,DNP,Ankle,2022-01-15,nflverse,,2026-09-07T05:45:02.885579+00:00,2022-01-15T00:00:00
NFL_PHI_00-0034381_2021W19_QUESTIONABLE_DNP,NFL,2021,19,2021_NFL_P19_PHI_TB,NFL_PHI,NFL_P_00-0034381,EDGE,,QUESTIONABLE,DNP,Illness,2022-01-15,nflverse,,2026-09-07T05:45:02.885579+00:00,2022-01-15T00:00:00
NFL_PIT_00-0036893_2021W19_QUESTIONABLE_FP,NFL,2021,19,2021_NFL_P19_PIT_KC,NFL_PIT,NFL_P_00-0036893,RB,,QUESTIONABLE,FP,Elbow,2022-01-16,nflverse,,2026-09-07T05:45:02.885579+00:00,2022-01-16T00:00:00
NFL_SF_00-0035166_2021W19_QUESTIONABLE_DNP,NFL,2021,19,2021_NFL_P19_SF_DAL,NFL_SF,NFL_P_00-0035166,LB,,QUESTIONABLE,DNP,Knee,2022-01-15,nflverse,,2026-09-07T05:45:02.885579+00:00,2022-01-15T00:00:00
NFL_SF_00-0034941_2021W19_QUESTIONABLE_FP,NFL,2021,19,2021_NFL_P19_SF_DAL,NFL_SF,NFL_P_00-0034941,P,,QUESTIONABLE,FP,Concussion,2022-01-15,nflverse,,2026-09-07T05:45:02.885579+00:00,2022-01-15T00:00:00
NFL_SF_00-0034730_2021W19_QUESTIONABLE_LP,NFL,2021,19,2021_NFL_P19_SF_DAL,NFL_SF,NFL_P_00-0034730,LB,,QUESTIONABLE,LP,Achilles,2022-01-15,nflverse,,2026-09-07T05:45:02.885579+00:00,2022-01-15T00:00:00
NFL_SF_00-0036564_2021W19_QUESTIONABLE_LP,NFL,2021,19,2021_NFL_P19_SF_DAL,NFL_SF,NFL_P_00-0036564,S,,QUESTIONABLE,LP,Knee,2022-01-15,nflverse,,2026-09-07T05:45:02.885579+00:00,2022-01-15T00:00:00
NFL_TB_00-0027656_2021W19_NA_DNP,NFL,2021,19,2021_NFL_P19_PHI_TB,NFL_TB,NFL_P_00-0027656,TE,,UNKNOWN,DNP,Not injury related - resting player,2022-01-15,nflverse,,2026-09-07T05:45:02.885579+00:00,2022-01-15T00:00:00
NFL_TB_00-0027867_2021W19_NA_DNP,NFL,2021,19,2021_NFL_P19_PHI_TB,NFL_TB,NFL_P_00-0027867,LB,,UNKNOWN,DNP,Shoulder,2022-01-15,nflverse,,2026-09-07T05:45:02.885579+00:00,2022-01-15T00:00:00
NFL_TB_00-0027855_2021W19_NA_DNP,NFL,2021,19,2021_NFL_P19_PHI_TB,NFL_TB,NFL_P_00-0027855,DL,,UNKNOWN,DNP,Not injury related - resting player,2022-01-15,nflverse,,2026-09-07T05:45:02.885579+00:00,2022-01-15T00:00:00
NFL_TB_00-0033215_2021W19_OUT_DNP,NFL,2021,19,2021_NFL_P19_PHI_TB,NFL_TB,NFL_P_00-0033215,WR,,OUT,DNP,Hamstring,2022-01-15,nflverse,,2026-09-07T05:45:02.885579+00:00,2022-01-15T00:00:00
NFL_TB_00-0034816_2021W19_OUT_DNP,NFL,2021,19,2021_NFL_P19_PHI_TB,NFL_TB,NFL_P_00-0034816,RB,,OUT,DNP,Ankle,2022-01-15,nflverse,,2026-09-07T05:45:02.885579+00:00,2022-01-15T00:00:00
NFL_TB_00-0030456_2021W19_QUESTIONABLE_NA,NFL,2021,19,2021_NFL_P19_PHI_TB,NFL_TB,NFL_P_00-0030456,RB,,QUESTIONABLE,,Hip,2022-01-15,nflverse,,2026-09-07T05:45:02.885579+00:00,2022-01-15T00:00:00
NFL_TB_00-0029562_2021W19_QUESTIONABLE_NA,NFL,2021,19,2021_NFL_P19_PHI_TB,NFL_TB,NFL_P_00-0029562,LB,,QUESTIONABLE,,Foot,2022-01-15,nflverse,,2026-09-07T05:45:02.885579+00:00,2022-01-15T00:00:00
NFL_TB_00-0034386_2021W19_QUESTIONABLE_FP,NFL,2021,19,2021_NFL_P19_PHI_TB,NFL_TB,NFL_P_00-0034386,WR,,QUESTIONABLE,FP,Quadricep,2022-01-15,nflverse,,2026-09-07T05:45:02.885579+00:00,2022-01-15T00:00:00
NFL_TB_00-0034778_2021W19_QUESTIONABLE_LP,NFL,2021,19,2021_NFL_P19_PHI_TB,NFL_TB,NFL_P_00-0034778,CB,,QUESTIONABLE,LP,Back,2022-01-15,nflverse,,2026-09-07T05:45:02.885579+00:00,2022-01-15T00:00:00
NFL_TB_00-0035239_2021W19_QUESTIONABLE_LP,NFL,2021,19,2021_NFL_P19_PHI_TB,NFL_TB,NFL_P_00-0035239,CB,,QUESTIONABLE,LP,Hamstring,2022-01-15,nflverse,,2026-09-07T05:45:02.885579+00:00,2022-01-15T00:00:00
NFL_BUF_00-0031588_2021W20_NA_DNP,NFL,2021,20,2021_NFL_P20_BUF_KC,NFL_BUF,NFL_P_00-0031588,WR,,UNKNOWN,DNP,Not injury related - resting player,2022-01-22,nflverse,,2026-09-07T05:45:02.885579+00:00,2022-01-22T00:00:00
NFL_CIN_00-0035399_2021W20_QUESTIONABLE_LP,NFL,2021,20,2021_NFL_P20_CIN_TEN,NFL_CIN,NFL_P_00-0035399,WR,,QUESTIONABLE,LP,Hamstring,2022-01-21,nflverse,,2026-09-07T05:45:02.885579+00:00,2022-01-21T00:00:00
NFL_GB_00-0034272_2021W20_DOUBTFUL_DNP,NFL,2021,20,2021_NFL_P20_SF_GB,NFL_GB,NFL_P_00-0034272,WR,,DOUBTFUL,DNP,Back,2022-01-22,nflverse,,2026-09-07T05:45:02.885579+00:00,2022-01-22T00:00:00
NFL_GB_00-0030074_2021W20_QUESTIONABLE_DNP,NFL,2021,20,2021_NFL_P20_SF_GB,NFL_GB,NFL_P_00-0030074,OL,,QUESTIONABLE,DNP,Knee,2022-01-22,nflverse,,2026-09-07T05:45:02.885579+00:00,2022-01-22T00:00:00
NFL_GB_00-0034728_2021W20_QUESTIONABLE_LP,NFL,2021,20,2021_NFL_P20_SF_GB,NFL_GB,NFL_P_00-0034728,CB,,QUESTIONABLE,LP,Shoulder,2022-01-22,nflverse,,2026-09-07T05:45:02.885579+00:00,2022-01-22T00:00:00
NFL_KC_00-0031348_2021W20_NA_LP,NFL,2021,20,2021_NFL_P20_BUF_KC,NFL_KC,NFL_P_00-0031348,LB,,UNKNOWN,LP,Back,2022-01-22,nflverse,,2026-09-07T05:45:02.885579+00:00,2022-01-22T00:00:00
NFL_KC_00-0035147_2021W20_QUESTIONABLE_DNP,NFL,2021,20,2021_NFL_P20_BUF_KC,NFL_KC,NFL_P_00-0035147,CB,,QUESTIONABLE,DNP,Back,2022-01-22,nflverse,,2026-09-07T05:45:02.885579+00:00,2022-01-22T00:00:00
NFL_KC_00-0034301_2021W20_QUESTIONABLE_LP,NFL,2021,20,2021_NFL_P20_BUF_KC,NFL_KC,NFL_P_00-0034301,RB,,QUESTIONABLE,LP,Toe,2022-01-22,nflverse,,2026-09-07T05:45:02.885579+00:00,2022-01-22T00:00:00
NFL_LAR_00-0035663_2021W20_OUT_DNP,NFL,2021,20,2021_NFL_P20_LAR_TB,NFL_LAR,NFL_P_00-0035663,S,,OUT,DNP,Concussion,2022-01-22,nflverse,,2026-09-07T05:45:02.885579+00:00,2022-01-22T00:00:00
NFL_LAR_00-0024270_2021W20_OUT_DNP,NFL,2021,20,2021_NFL_P20_LAR_TB,NFL_LAR,NFL_P_00-0024270,OL,,OUT,DNP,Knee,2022-01-22,nflverse,,2026-09-07T05:45:02.885579+00:00,2022-01-22T00:00:00
NFL_LAR_00-0034449_2021W20_DOUBTFUL_DNP,NFL,2021,20,2021_NFL_P20_LAR_TB,NFL_LAR,NFL_P_00-0034449,RB,,DOUBTFUL,DNP,Hamstring,2022-01-22,nflverse,,2026-09-07T05:45:02.885579+00:00,2022-01-22T00:00:00
NFL_SF_00-0035717_2021W20_QUESTIONABLE_FP,NFL,2021,20,2021_NFL_P20_SF_GB,NFL_SF,NFL_P_00-0035717,EDGE,,QUESTIONABLE,FP,Concussion,2022-01-22,nflverse,,2026-09-07T05:45:02.885579+00:00,2022-01-22T00:00:00
NFL_SF_00-0037008_2021W20_QUESTIONABLE_LP,NFL,2021,20,2021_NFL_P20_SF_GB,NFL_SF,NFL_P_00-0037008,CB,,QUESTIONABLE,LP,Knee,2022-01-22,nflverse,,2026-09-07T05:45:02.885579+00:00,2022-01-22T00:00:00
NFL_SF_00-0033912_2021W20_QUESTIONABLE_LP,NFL,2021,20,2021_NFL_P20_SF_GB,NFL_SF,NFL_P_00-0033912,EDGE,,QUESTIONABLE,LP,Ankle,2022-01-22,nflverse,,2026-09-07T05:45:02.885579+00:00,2022-01-22T00:00:00
NFL_TB_00-0027656_2021W20_NA_DNP,NFL,2021,20,2021_NFL_P20_LAR_TB,NFL_TB,NFL_P_00-0027656,TE,,UNKNOWN,DNP,Not injury related - resting player,2022-01-22,nflverse,,2026-09-07T05:45:02.885579+00:00,2022-01-22T00:00:00
NFL_TB_00-0027855_2021W20_NA_DNP,NFL,2021,20,2021_NFL_P20_LAR_TB,NFL_TB,NFL_P_00-0027855,DL,,UNKNOWN,DNP,Not injury related - resting player,2022-01-22,nflverse,,2026-09-07T05:45:02.885579+00:00,2022-01-22T00:00:00
NFL_TB_00-0029562_2021W20_NA_LP,NFL,2021,20,2021_NFL_P20_LAR_TB,NFL_TB,NFL_P_00-0029562,LB,,UNKNOWN,LP,Foot,2022-01-22,nflverse,,2026-09-07T05:45:02.885579+00:00,2022-01-22T00:00:00
NFL_TB_00-0030829_2021W20_NA_LP,NFL,2021,20,2021_NFL_P20_LAR_TB,NFL_TB,NFL_P_00-0030829,OL,,UNKNOWN,LP,Quadricep,2022-01-22,nflverse,,2026-09-07T05:45:02.885579+00:00,2022-01-22T00:00:00
NFL_TB_00-0034816_2021W20_OUT_DNP,NFL,2021,20,2021_NFL_P20_LAR_TB,NFL_TB,NFL_P_00-0034816,RB,,OUT,DNP,Ankle,2022-01-22,nflverse,,2026-09-07T05:45:02.885579+00:00,2022-01-22T00:00:00
NFL_TB_00-0032054_2021W20_OUT_DNP,NFL,2021,20,2021_NFL_P20_LAR_TB,NFL_TB,NFL_P_00-0032054,WR,,OUT,DNP,Hip,2022-01-22,nflverse,,2026-09-07T05:45:02.885579+00:00,2022-01-22T00:00:00
NFL_TB_00-0027867_2021W20_QUESTIONABLE_DNP,NFL,2021,20,2021_NFL_P20_LAR_TB,NFL_TB,NFL_P_00-0027867,LB,,QUESTIONABLE,DNP,Not injury related - personal matter,2022-01-22,nflverse,,2026-09-07T05:45:02.885579+00:00,2022-01-22T00:00:00
NFL_TB_00-0035239_2021W20_QUESTIONABLE_FP,NFL,2021,20,2021_NFL_P20_LAR_TB,NFL_TB,NFL_P_00-0035239,CB,,QUESTIONABLE,FP,Hamstring,2022-01-22,nflverse,,2026-09-07T05:45:02.885579+00:00,2022-01-22T00:00:00
NFL_TB_00-0033215_2021W20_QUESTIONABLE_LP,NFL,2021,20,2021_NFL_P20_LAR_TB,NFL_TB,NFL_P_00-0033215,WR,,QUESTIONABLE,LP,Hamstring,2022-01-22,nflverse,,2026-09-07T05:45:02.885579+00:00,2022-01-22T00:00:00
NFL_TB_00-0029895_2021W20_QUESTIONABLE_LP,NFL,2021,20,2021_NFL_P20_LAR_TB,NFL_TB,NFL_P_00-0029895,OL,,QUESTIONABLE,LP,Ankle,2022-01-22,nflverse,,2026-09-07T05:45:02.885579+00:00,2022-01-22T00:00:00
NFL_TB_00-0036406_2021W20_QUESTIONABLE_LP,NFL,2021,20,2021_NFL_P20_LAR_TB,NFL_TB,NFL_P_00-0036406,OL,,QUESTIONABLE,LP,Ankle,2022-01-22,nflverse,,2026-09-07T05:45:02.885579+00:00,2022-01-22T00:00:00
NFL_TEN_00-0036181_2021W20_QUESTIONABLE_LP,NFL,2021,20,2021_NFL_P20_CIN_TEN,NFL_TEN,NFL_P_00-0036181,DL,,QUESTIONABLE,LP,Ankle,2022-01-21,nflverse,,2026-09-07T05:45:02.885579+00:00,2022-01-21T00:00:00
NFL_CIN_00-0035399_2021W21_DOUBTFUL_DNP,NFL,2021,21,2021_NFL_P21_CIN_KC,NFL_CIN,NFL_P_00-0035399,WR,,DOUBTFUL,DNP,Hamstring,2022-01-29,nflverse,,2026-09-07T05:45:02.885579+00:00,2022-01-29T00:00:00
NFL_CIN_00-0036850_2021W21_DOUBTFUL_DNP,NFL,2021,21,2021_NFL_P21_CIN_KC,NFL_CIN,NFL_P_00-0036850,EDGE,,DOUBTFUL,DNP,Groin,2022-01-29,nflverse,,2026-09-07T05:45:02.885579+00:00,2022-01-29T00:00:00
NFL_CIN_00-0033347_2021W21_QUESTIONABLE_LP,NFL,2021,21,2021_NFL_P21_CIN_KC,NFL_CIN,NFL_P_00-0033347,DL,,QUESTIONABLE,LP,Knee,2022-01-29,nflverse,,2026-09-07T05:45:02.885579+00:00,2022-01-29T00:00:00
NFL_KC_00-0030459_2021W21_QUESTIONABLE_FP,NFL,2021,21,2021_NFL_P21_CIN_KC,NFL_KC,NFL_P_00-0030459,S,,QUESTIONABLE,FP,Concussion,2022-01-29,nflverse,,2026-09-07T05:45:02.885579+00:00,2022-01-29T00:00:00
NFL_KC_00-0034301_2021W21_QUESTIONABLE_LP,NFL,2021,21,2021_NFL_P21_CIN_KC,NFL_KC,NFL_P_00-0034301,RB,,QUESTIONABLE,LP,Toe,2022-01-29,nflverse,,2026-09-07T05:45:02.885579+00:00,2022-01-29T00:00:00
NFL_LAR_00-0036414_2021W21_NA_DNP,NFL,2021,21,2021_NFL_P21_SF_LAR,NFL_LAR,NFL_P_00-0036414,RB,,UNKNOWN,DNP,Not injury related - resting player,2022-01-29,nflverse,,2026-09-07T05:45:02.885579+00:00,2022-01-29T00:00:00
NFL_LAR_00-0034803_2021W21_DOUBTFUL_DNP,NFL,2021,21,2021_NFL_P21_SF_LAR,NFL_LAR,NFL_P_00-0034803,OL,,DOUBTFUL,DNP,Chest,2022-01-29,nflverse,,2026-09-07T05:45:02.885579+00:00,2022-01-29T00:00:00
NFL_LAR_00-0036415_2021W21_QUESTIONABLE_LP,NFL,2021,21,2021_NFL_P21_SF_LAR,NFL_LAR,NFL_P_00-0036415,WR,,QUESTIONABLE,LP,Knee,2022-01-29,nflverse,,2026-09-07T05:45:02.885579+00:00,2022-01-29T00:00:00
NFL_LAR_00-0035663_2021W21_QUESTIONABLE_LP,NFL,2021,21,2021_NFL_P21_SF_LAR,NFL_LAR,NFL_P_00-0035663,S,,QUESTIONABLE,LP,Concussion,2022-01-29,nflverse,,2026-09-07T05:45:02.885579+00:00,2022-01-29T00:00:00
NFL_SF_00-0027857_2021W21_QUESTIONABLE_DNP,NFL,2021,21,2021_NFL_P21_SF_LAR,NFL_SF,NFL_P_00-0027857,OL,,QUESTIONABLE,DNP,Ankle,2022-01-29,nflverse,,2026-09-07T05:45:02.885579+00:00,2022-01-29T00:00:00
NFL_SF_00-0034115_2021W21_QUESTIONABLE_LP,NFL,2021,21,2021_NFL_P21_SF_LAR,NFL_SF,NFL_P_00-0034115,RB,,QUESTIONABLE,LP,Ankle,2022-01-29,nflverse,,2026-09-07T05:45:02.885579+00:00,2022-01-29T00:00:00
NFL_CIN_00-0032134_2021W22_QUESTIONABLE_FP,NFL,2021,22,2021_NFL_P22_LAR_CIN,NFL_CIN,NFL_P_00-0032134,TE,,QUESTIONABLE,FP,Knee,2022-02-12,nflverse,,2026-09-07T05:45:02.885579+00:00,2022-02-12T00:00:00
NFL_LAR_00-0033110_2021W22_NA_DNP,NFL,2021,22,2021_NFL_P22_LAR_CIN,NFL_LAR,NFL_P_00-0033110,TE,,UNKNOWN,DNP,Knee,2022-02-12,nflverse,,2026-09-07T05:45:02.885579+00:00,2022-02-12T00:00:00
NFL_LAR_00-0034803_2021W22_NA_LP,NFL,2021,22,2021_NFL_P22_LAR_CIN,NFL_LAR,NFL_P_00-0034803,OL,,UNKNOWN,LP,Chest,2022-02-12,nflverse,,2026-09-07T05:45:02.885579+00:00,2022-02-12T00:00:00
