injury_row_id,league,season,week,game_id,team_id,player_id,position,depth_slot,status,practice_status,injury_desc,report_date,source,entered_by,retrieved_at,effective_at
NFL_ARI_00-0027993_2022W01_NA_DNP,NFL,2022,1,2022_NFL_W01_KC_ARI,NFL_ARI,NFL_P_00-0027993,OL,,UNKNOWN,DNP,Not injury related - resting player,2022-09-10,nflverse,,2026-09-07T05:46:50.365367+00:00,2022-09-10T00:00:00
NFL_ARI_00-0035238_2022W01_OUT_DNP,NFL,2022,1,2022_NFL_W01_KC_ARI,NFL_ARI,NFL_P_00-0035238,OL,,OUT,DNP,Ankle,2022-09-10,nflverse,,2026-09-07T05:46:50.365367+00:00,2022-09-10T00:00:00
NFL_ARI_00-0036936_2022W01_OUT_DNP,NFL,2022,1,2022_NFL_W01_KC_ARI,NFL_ARI,NFL_P_00-0036936,WR,,OUT,DNP,Hamstring,2022-09-10,nflverse,,2026-09-07T05:46:50.365367+00:00,2022-09-10T00:00:00
NFL_ARI_00-0035695_2022W01_OUT_DNP,NFL,2022,1,2022_NFL_W01_KC_ARI,NFL_ARI,NFL_P_00-0035695,CB,,OUT,DNP,Toe,2022-09-10,nflverse,,2026-09-07T05:46:50.365367+00:00,2022-09-10T00:00:00
NFL_ARI_00-0035236_2022W01_QUESTIONABLE_DNP,NFL,2022,1,2022_NFL_W01_KC_ARI,NFL_ARI,NFL_P_00-0035236,CB,,QUESTIONABLE,DNP,Illness,2022-09-10,nflverse,,2026-09-07T05:46:50.365367+00:00,2022-09-10T00:00:00
NFL_ARI_00-0027949_2022W01_QUESTIONABLE_DNP,NFL,2022,1,2022_NFL_W01_KC_ARI,NFL_ARI,NFL_P_00-0027949,EDGE,,QUESTIONABLE,DNP,Calf,2022-09-10,nflverse,,2026-09-07T05:46:50.365367+00:00,2022-09-10T00:00:00
NFL_ARI_00-0030061_2022W01_QUESTIONABLE_LP,NFL,2022,1,2022_NFL_W01_KC_ARI,NFL_ARI,NFL_P_00-0030061,TE,,QUESTIONABLE,LP,Calf,2022-09-10,nflverse,,2026-09-07T05:46:50.365367+00:00,2022-09-10T00:00:00
NFL_ARI_00-0030585_2022W01_QUESTIONABLE_LP,NFL,2022,1,2022_NFL_W01_KC_ARI,NFL_ARI,NFL_P_00-0030585,OL,,QUESTIONABLE,LP,Neck,2022-09-10,nflverse,,2026-09-07T05:46:50.365367+00:00,2022-09-10T00:00:00
NFL_ATL_00-0035572_2022W01_NA_DNP,NFL,2022,1,2022_NFL_W01_NO_ATL,NFL_ATL,NFL_P_00-0035572,TE,,UNKNOWN,DNP,Not injury related - personal matter,2022-09-10,nflverse,,2026-09-07T05:46:50.365367+00:00,2022-09-10T00:00:00
NFL_ATL_00-0036956_2022W01_QUESTIONABLE_LP,NFL,2022,1,2022_NFL_W01_NO_ATL,NFL_ATL,NFL_P_00-0036956,CB,,QUESTIONABLE,LP,Quadricep,2022-09-10,nflverse,,2026-09-07T05:46:50.365367+00:00,2022-09-10T00:00:00
NFL_ATL_00-0037238_2022W01_QUESTIONABLE_LP,NFL,2022,1,2022_NFL_W01_NO_ATL,NFL_ATL,NFL_P_00-0037238,WR,,QUESTIONABLE,LP,Knee,2022-09-10,nflverse,,2026-09-07T05:46:50.365367+00:00,2022-09-10T00:00:00
NFL_BAL_00-0026190_2022W01_NA_DNP,NFL,2022,1,2022_NFL_W01_BAL_NYJ,NFL_BAL,NFL_P_00-0026190,EDGE,,UNKNOWN,DNP,Not injury related - resting player,2022-09-10,nflverse,,2026-09-07T05:46:50.365367+00:00,2022-09-10T00:00:00
NFL_BAL_00-0028008_2022W01_NA_DNP,NFL,2022,1,2022_NFL_W01_BAL_NYJ,NFL_BAL,NFL_P_00-0028008,LB,,UNKNOWN,DNP,Not injury related - resting player,2022-09-10,nflverse,,2026-09-07T05:46:50.365367+00:00,2022-09-10T00:00:00
NFL_BAL_00-0037756_2022W01_OUT_DNP,NFL,2022,1,2022_NFL_W01_BAL_NYJ,NFL_BAL,NFL_P_00-0037756,DL,,OUT,DNP,Knee,2022-09-10,nflverse,,2026-09-07T05:46:50.365367+00:00,2022-09-10T00:00:00
NFL_BAL_00-0032965_2022W01_DOUBTFUL_LP,NFL,2022,1,2022_NFL_W01_BAL_NYJ,NFL_BAL,NFL_P_00-0032965,OL,,DOUBTFUL,LP,Ankle,2022-09-10,nflverse,,2026-09-07T05:46:50.365367+00:00,2022-09-10T00:00:00
NFL_BAL_00-0032165_2022W01_QUESTIONABLE_DNP,NFL,2022,1,2022_NFL_W01_BAL_NYJ,NFL_BAL,NFL_P_00-0032165,CB,,QUESTIONABLE,DNP,Not injury related - resting player,2022-09-10,nflverse,,2026-09-07T05:46:50.365367+00:00,2022-09-10T00:00:00
NFL_BAL_00-0036158_2022W01_QUESTIONABLE_LP,NFL,2022,1,2022_NFL_W01_BAL_NYJ,NFL_BAL,NFL_P_00-0036158,RB,,QUESTIONABLE,LP,Knee,2022-09-10,nflverse,,2026-09-07T05:46:50.365367+00:00,2022-09-10T00:00:00
NFL_BUF_00-0031588_2022W01_NA_LP,NFL,2022,1,2022_NFL_W01_BUF_LAR,NFL_BUF,NFL_P_00-0031588,WR,,UNKNOWN,LP,Not injury related - resting player,2022-09-08,nflverse,,2026-09-07T05:46:50.365367+00:00,2022-09-08T00:00:00
NFL_BUF_00-0036560_2022W01_QUESTIONABLE_LP,NFL,2022,1,2022_NFL_W01_BUF_LAR,NFL_BUF,NFL_P_00-0036560,OL,,QUESTIONABLE,LP,Foot,2022-09-08,nflverse,,2026-09-07T05:46:50.365367+00:00,2022-09-08T00:00:00
NFL_BUF_00-0036590_2022W01_QUESTIONABLE_LP,NFL,2022,1,2022_NFL_W01_BUF_LAR,NFL_BUF,NFL_P_00-0036590,TE,,QUESTIONABLE,LP,Hamstring,2022-09-08,nflverse,,2026-09-07T05:46:50.365367+00:00,2022-09-08T00:00:00
NFL_CAR_00-0038113_2022W01_QUESTIONABLE_LP,NFL,2022,1,2022_NFL_W01_CLE_CAR,NFL_CAR,NFL_P_00-0038113,LB,,QUESTIONABLE,LP,Thigh,2022-09-10,nflverse,,2026-09-07T05:46:50.365367+00:00,2022-09-10T00:00:00
NFL_CHI_00-0037745_2022W01_DOUBTFUL_DNP,NFL,2022,1,2022_NFL_W01_SF_CHI,NFL_CHI,NFL_P_00-0037745,WR,,DOUBTFUL,DNP,Hamstring,2022-09-10,nflverse,,2026-09-07T05:46:50.365367+00:00,2022-09-10T00:00:00
NFL_CHI_00-0037082_2022W01_QUESTIONABLE_LP,NFL,2022,1,2022_NFL_W01_SF_CHI,NFL_CHI,NFL_P_00-0037082,EDGE,,QUESTIONABLE,LP,Knee,2022-09-10,nflverse,,2026-09-07T05:46:50.365367+00:00,2022-09-10T00:00:00
NFL_CIN_00-0036194_2022W01_OUT_DNP,NFL,2022,1,2022_NFL_W01_PIT_CIN,NFL_CIN,NFL_P_00-0036194,TE,,OUT,DNP,Quadricep,2022-09-10,nflverse,,2026-09-07T05:46:50.365367+00:00,2022-09-10T00:00:00
NFL_CIN_00-0035771_2022W01_QUESTIONABLE_FP,NFL,2022,1,2022_NFL_W01_PIT_CIN,NFL_CIN,NFL_P_00-0035771,TE,,QUESTIONABLE,FP,Ankle,2022-09-10,nflverse,,2026-09-07T05:46:50.365367+00:00,2022-09-10T00:00:00
NFL_CIN_00-0033292_2022W01_QUESTIONABLE_LP,NFL,2022,1,2022_NFL_W01_PIT_CIN,NFL_CIN,NFL_P_00-0033292,WR,,QUESTIONABLE,LP,Hamstring,2022-09-10,nflverse,,2026-09-07T05:46:50.365367+00:00,2022-09-10T00:00:00
NFL_CLE_00-0035638_2022W01_NA_DNP,NFL,2022,1,2022_NFL_W01_CLE_CAR,NFL_CLE,NFL_P_00-0035638,CB,,UNKNOWN,DNP,Hamstring,2022-09-10,nflverse,,2026-09-07T05:46:50.365367+00:00,2022-09-10T00:00:00
NFL_CLE_00-0037300_2022W01_QUESTIONABLE_DNP,NFL,2022,1,2022_NFL_W01_CLE_CAR,NFL_CLE,NFL_P_00-0037300,WR,,QUESTIONABLE,DNP,Hamstring,2022-09-10,nflverse,,2026-09-07T05:46:50.365367+00:00,2022-09-10T00:00:00
NFL_CLE_00-0029963_2022W01_QUESTIONABLE_FP,NFL,2022,1,2022_NFL_W01_CLE_CAR,NFL_CLE,NFL_P_00-0029963,OL,,QUESTIONABLE,FP,Elbow,2022-09-10,nflverse,,2026-09-07T05:46:50.365367+00:00,2022-09-10T00:00:00
NFL_CLE_00-0033057_2022W01_QUESTIONABLE_LP,NFL,2022,1,2022_NFL_W01_CLE_CAR,NFL_CLE,NFL_P_00-0033057,OL,,QUESTIONABLE,LP,Knee,2022-09-10,nflverse,,2026-09-07T05:46:50.365367+00:00,2022-09-10T00:00:00
NFL_DAL_00-0034764_2022W01_OUT_LP,NFL,2022,1,2022_NFL_W01_TB_DAL,NFL_DAL,NFL_P_00-0034764,WR,,OUT,LP,Knee,2022-09-11,nflverse,,2026-09-07T05:46:50.365367+00:00,2022-09-11T00:00:00
NFL_DAL_00-0032454_2022W01_QUESTIONABLE_DNP,NFL,2022,1,2022_NFL_W01_TB_DAL,NFL_DAL,NFL_P_00-0032454,S,,QUESTIONABLE,DNP,Neck,2022-09-11,nflverse,,2026-09-07T05:46:50.365367+00:00,2022-09-11T00:00:00
NFL_DEN_00-0034368_2022W01_DOUBTFUL_DNP,NFL,2022,1,2022_NFL_W01_DEN_SEA,NFL_DEN,NFL_P_00-0034368,LB,,DOUBTFUL,DNP,Calf,2022-09-12,nflverse,,2026-09-07T05:46:50.365367+00:00,2022-09-12T00:00:00
NFL_DEN_00-0032197_2022W01_QUESTIONABLE_LP,NFL,2022,1,2022_NFL_W01_DEN_SEA,NFL_DEN,NFL_P_00-0032197,EDGE,,QUESTIONABLE,LP,Shoulder,2022-09-12,nflverse,,2026-09-07T05:46:50.365367+00:00,2022-09-12T00:00:00
NFL_DEN_00-0036412_2022W01_QUESTIONABLE_LP,NFL,2022,1,2022_NFL_W01_DEN_SEA,NFL_DEN,NFL_P_00-0036412,WR,,QUESTIONABLE,LP,Knee,2022-09-12,nflverse,,2026-09-07T05:46:50.365367+00:00,2022-09-12T00:00:00
NFL_DEN_00-0031433_2022W01_QUESTIONABLE_LP,NFL,2022,1,2022_NFL_W01_DEN_SEA,NFL_DEN,NFL_P_00-0031433,OL,,QUESTIONABLE,LP,Knee,2022-09-12,nflverse,,2026-09-07T05:46:50.365367+00:00,2022-09-12T00:00:00
NFL_DET_00-0036749_2022W01_OUT_DNP,NFL,2022,1,2022_NFL_W01_PHI_DET,NFL_DET,NFL_P_00-0036749,OL,,OUT,DNP,Back,2022-09-10,nflverse,,2026-09-07T05:46:50.365367+00:00,2022-09-10T00:00:00
NFL_DET_00-0036954_2022W01_OUT_DNP,NFL,2022,1,2022_NFL_W01_PHI_DET,NFL_DET,NFL_P_00-0036954,EDGE,,OUT,DNP,Back,2022-09-10,nflverse,,2026-09-07T05:46:50.365367+00:00,2022-09-10T00:00:00
NFL_DET_00-0036993_2022W01_DOUBTFUL_LP,NFL,2022,1,2022_NFL_W01_PHI_DET,NFL_DET,NFL_P_00-0036993,CB,,DOUBTFUL,LP,Hamstring,2022-09-10,nflverse,,2026-09-07T05:46:50.365367+00:00,2022-09-10T00:00:00
NFL_DET_00-0036249_2022W01_QUESTIONABLE_LP,NFL,2022,1,2022_NFL_W01_PHI_DET,NFL_DET,NFL_P_00-0036249,LB,,QUESTIONABLE,LP,Hamstring,2022-09-10,nflverse,,2026-09-07T05:46:50.365367+00:00,2022-09-10T00:00:00
NFL_DET_00-0034345_2022W01_QUESTIONABLE_LP,NFL,2022,1,2022_NFL_W01_PHI_DET,NFL_DET,NFL_P_00-0034345,OL,,QUESTIONABLE,LP,Groin,2022-09-10,nflverse,,2026-09-07T05:46:50.365367+00:00,2022-09-10T00:00:00
NFL_GB_00-0034968_2022W01_NA_LP,NFL,2022,1,2022_NFL_W01_GB_MIN,NFL_GB,NFL_P_00-0034968,S,,UNKNOWN,LP,Hamstring,2022-09-10,nflverse,,2026-09-07T05:46:50.365367+00:00,2022-09-10T00:00:00
NFL_GB_00-0033757_2022W01_NA_LP,NFL,2022,1,2022_NFL_W01_GB_MIN,NFL_GB,NFL_P_00-0033757,TE,,UNKNOWN,LP,Knee,2022-09-10,nflverse,,2026-09-07T05:46:50.365367+00:00,2022-09-10T00:00:00
NFL_GB_00-0034521_2022W01_DOUBTFUL_DNP,NFL,2022,1,2022_NFL_W01_GB_MIN,NFL_GB,NFL_P_00-0034521,WR,,DOUBTFUL,DNP,Ankle,2022-09-10,nflverse,,2026-09-07T05:46:50.365367+00:00,2022-09-10T00:00:00
NFL_GB_00-0030074_2022W01_QUESTIONABLE_DNP,NFL,2022,1,2022_NFL_W01_GB_MIN,NFL_GB,NFL_P_00-0030074,OL,,QUESTIONABLE,DNP,Knee,2022-09-10,nflverse,,2026-09-07T05:46:50.365367+00:00,2022-09-10T00:00:00
NFL_GB_00-0035526_2022W01_QUESTIONABLE_LP,NFL,2022,1,2022_NFL_W01_GB_MIN,NFL_GB,NFL_P_00-0035526,OL,,QUESTIONABLE,LP,Pectoral,2022-09-10,nflverse,,2026-09-07T05:46:50.365367+00:00,2022-09-10T00:00:00
NFL_HOU_00-0028339_2022W01_DOUBTFUL_DNP,NFL,2022,1,2022_NFL_W01_IND_HOU,NFL_HOU,NFL_P_00-0028339,EDGE,,DOUBTFUL,DNP,Thigh,2022-09-10,nflverse,,2026-09-07T05:46:50.365367+00:00,2022-09-10T00:00:00
NFL_HOU_00-0034831_2022W01_QUESTIONABLE_DNP,NFL,2022,1,2022_NFL_W01_IND_HOU,NFL_HOU,NFL_P_00-0034831,EDGE,,QUESTIONABLE,DNP,Thigh,2022-09-10,nflverse,,2026-09-07T05:46:50.365367+00:00,2022-09-10T00:00:00
NFL_IND_00-0034846_2022W01_OUT_LP,NFL,2022,1,2022_NFL_W01_IND_HOU,NFL_IND,NFL_P_00-0034846,LB,,OUT,LP,Back,2022-09-10,nflverse,,2026-09-07T05:46:50.365367+00:00,2022-09-10T00:00:00
NFL_IND_00-0029419_2022W01_QUESTIONABLE_FP,NFL,2022,1,2022_NFL_W01_IND_HOU,NFL_IND,NFL_P_00-0029419,OL,,QUESTIONABLE,FP,Knee,2022-09-10,nflverse,,2026-09-07T05:46:50.365367+00:00,2022-09-10T00:00:00
NFL_JAX_00-0033889_2022W01_NA_LP,NFL,2022,1,2022_NFL_W01_JAX_WAS,NFL_JAX,NFL_P_00-0033889,OL,,UNKNOWN,LP,Ankle,2022-09-10,nflverse,,2026-09-07T05:46:50.365367+00:00,2022-09-10T00:00:00
NFL_JAX_00-0034275_2022W01_QUESTIONABLE_LP,NFL,2022,1,2022_NFL_W01_JAX_WAS,NFL_JAX,NFL_P_00-0034275,DL,,QUESTIONABLE,LP,Calf,2022-09-10,nflverse,,2026-09-07T05:46:50.365367+00:00,2022-09-10T00:00:00
NFL_KC_00-0032210_2022W01_NA_LP,NFL,2022,1,2022_NFL_W01_KC_ARI,NFL_KC,NFL_P_00-0032210,EDGE,,UNKNOWN,LP,Illness,2022-09-10,nflverse,,2026-09-07T05:46:50.365367+00:00,2022-09-10T00:00:00
NFL_LAR_00-0036415_2022W01_OUT_DNP,NFL,2022,1,2022_NFL_W01_BUF_LAR,NFL_LAR,NFL_P_00-0036415,WR,,OUT,DNP,Knee,2022-09-08,nflverse,,2026-09-07T05:46:50.365367+00:00,2022-09-08T00:00:00
NFL_LAC_00-0034591_2022W01_DOUBTFUL_DNP,NFL,2022,1,2022_NFL_W01_LV_LAC,NFL_LAC,NFL_P_00-0034591,CB,,DOUBTFUL,DNP,Ankle,2022-09-10,nflverse,,2026-09-07T05:46:50.365367+00:00,2022-09-10T00:00:00
NFL_LAC_00-0035329_2022W01_DOUBTFUL_DNP,NFL,2022,1,2022_NFL_W01_LV_LAC,NFL_LAC,NFL_P_00-0035329,TE,,DOUBTFUL,DNP,Hamstring,2022-09-10,nflverse,,2026-09-07T05:46:50.365367+00:00,2022-09-10T00:00:00
NFL_LAC_00-0035262_2022W01_QUESTIONABLE_LP,NFL,2022,1,2022_NFL_W01_LV_LAC,NFL_LAC,NFL_P_00-0035262,LB,,QUESTIONABLE,LP,Back,2022-09-10,nflverse,,2026-09-07T05:46:50.365367+00:00,2022-09-10T00:00:00
NFL_MIA_00-0030067_2022W01_NA_LP,NFL,2022,1,2022_NFL_W01_NE_MIA,NFL_MIA,NFL_P_00-0030067,OL,,UNKNOWN,LP,Not injury related - resting player,2022-09-10,nflverse,,2026-09-07T05:46:50.365367+00:00,2022-09-10T00:00:00
NFL_MIA_00-0029249_2022W01_NA_LP,NFL,2022,1,2022_NFL_W01_NE_MIA,NFL_MIA,NFL_P_00-0029249,LB,,UNKNOWN,LP,Not injury related - resting player,2022-09-10,nflverse,,2026-09-07T05:46:50.365367+00:00,2022-09-10T00:00:00
NFL_MIA_00-0036020_2022W01_QUESTIONABLE_LP,NFL,2022,1,2022_NFL_W01_NE_MIA,NFL_MIA,NFL_P_00-0036020,RB,,QUESTIONABLE,LP,Heel,2022-09-10,nflverse,,2026-09-07T05:46:50.365367+00:00,2022-09-10T00:00:00
NFL_MIA_00-0037348_2022W01_QUESTIONABLE_LP,NFL,2022,1,2022_NFL_W01_NE_MIA,NFL_MIA,NFL_P_00-0037348,TE,,QUESTIONABLE,LP,Knee,2022-09-10,nflverse,,2026-09-07T05:46:50.365367+00:00,2022-09-10T00:00:00
NFL_MIA_00-0036213_2022W01_QUESTIONABLE_LP,NFL,2022,1,2022_NFL_W01_NE_MIA,NFL_MIA,NFL_P_00-0036213,DL,,QUESTIONABLE,LP,Knee,2022-09-10,nflverse,,2026-09-07T05:46:50.365367+00:00,2022-09-10T00:00:00
NFL_MIA_00-0031555_2022W01_QUESTIONABLE_LP,NFL,2022,1,2022_NFL_W01_NE_MIA,NFL_MIA,NFL_P_00-0031555,S,,QUESTIONABLE,LP,Pectoral,2022-09-10,nflverse,,2026-09-07T05:46:50.365367+00:00,2022-09-10T00:00:00
NFL_MIA_00-0035272_2022W01_QUESTIONABLE_LP,NFL,2022,1,2022_NFL_W01_NE_MIA,NFL_MIA,NFL_P_00-0035272,LB,,QUESTIONABLE,LP,Illness,2022-09-10,nflverse,,2026-09-07T05:46:50.365367+00:00,2022-09-10T00:00:00
NFL_MIN_00-0034972_2022W01_NA_DNP,NFL,2022,1,2022_NFL_W01_GB_MIN,NFL_MIN,NFL_P_00-0034972,RB,,UNKNOWN,DNP,Not injury related - personal matter,2022-09-10,nflverse,,2026-09-07T05:46:50.365367+00:00,2022-09-10T00:00:00
NFL_MIN_00-0037245_2022W01_QUESTIONABLE_DNP,NFL,2022,1,2022_NFL_W01_GB_MIN,NFL_MIN,NFL_P_00-0037245,S,,QUESTIONABLE,DNP,Knee,2022-09-10,nflverse,,2026-09-07T05:46:50.365367+00:00,2022-09-10T00:00:00
NFL_MIN_00-0033093_2022W01_QUESTIONABLE_FP,NFL,2022,1,2022_NFL_W01_GB_MIN,NFL_MIN,NFL_P_00-0033093,EDGE,,QUESTIONABLE,FP,Biceps,2022-09-10,nflverse,,2026-09-07T05:46:50.365367+00:00,2022-09-10T00:00:00
NFL_NE_00-0036872_2022W01_QUESTIONABLE_LP,NFL,2022,1,2022_NFL_W01_NE_MIA,NFL_NE,NFL_P_00-0036872,S,,QUESTIONABLE,LP,Groin,2022-09-10,nflverse,,2026-09-07T05:46:50.365367+00:00,2022-09-10T00:00:00
NFL_NE_00-0034960_2022W01_QUESTIONABLE_LP,NFL,2022,1,2022_NFL_W01_NE_MIA,NFL_NE,NFL_P_00-0034960,WR,,QUESTIONABLE,LP,Knee,2022-09-10,nflverse,,2026-09-07T05:46:50.365367+00:00,2022-09-10T00:00:00
NFL_NE_00-0032200_2022W01_QUESTIONABLE_LP,NFL,2022,1,2022_NFL_W01_NE_MIA,NFL_NE,NFL_P_00-0032200,WR,,QUESTIONABLE,LP,Knee,2022-09-10,nflverse,,2026-09-07T05:46:50.365367+00:00,2022-09-10T00:00:00
NFL_NE_00-0036559_2022W01_QUESTIONABLE_LP,NFL,2022,1,2022_NFL_W01_NE_MIA,NFL_NE,NFL_P_00-0036559,CB,,QUESTIONABLE,LP,Ankle,2022-09-10,nflverse,,2026-09-07T05:46:50.365367+00:00,2022-09-10T00:00:00
NFL_NE_00-0034833_2022W01_QUESTIONABLE_LP,NFL,2022,1,2022_NFL_W01_NE_MIA,NFL_NE,NFL_P_00-0034833,OL,,QUESTIONABLE,LP,Back,2022-09-10,nflverse,,2026-09-07T05:46:50.365367+00:00,2022-09-10T00:00:00
NFL_NO_00-0037433_2022W01_NA_DNP,NFL,2022,1,2022_NFL_W01_NO_ATL,NFL_NO,NFL_P_00-0037433,OL,,UNKNOWN,DNP,Illness,2022-09-10,nflverse,,2026-09-07T05:46:50.365367+00:00,2022-09-10T00:00:00
NFL_NO_00-0036937_2022W01_OUT_DNP,NFL,2022,1,2022_NFL_W01_NO_ATL,NFL_NO,NFL_P_00-0036937,CB,,OUT,DNP,Ankle,2022-09-10,nflverse,,2026-09-07T05:46:50.365367+00:00,2022-09-10T00:00:00
NFL_NO_00-0034765_2022W01_OUT_DNP,NFL,2022,1,2022_NFL_W01_NO_ATL,NFL_NO,NFL_P_00-0034765,WR,,OUT,DNP,Shoulder,2022-09-10,nflverse,,2026-09-07T05:46:50.365367+00:00,2022-09-10T00:00:00
NFL_NO_00-0032450_2022W01_OUT_DNP,NFL,2022,1,2022_NFL_W01_NO_ATL,NFL_NO,NFL_P_00-0032450,RB,,OUT,DNP,Hamstring,2022-09-10,nflverse,,2026-09-07T05:46:50.365367+00:00,2022-09-10T00:00:00
NFL_NO_00-0030459_2022W01_QUESTIONABLE_DNP,NFL,2022,1,2022_NFL_W01_NO_ATL,NFL_NO,NFL_P_00-0030459,S,,QUESTIONABLE,DNP,Illness,2022-09-10,nflverse,,2026-09-07T05:46:50.365367+00:00,2022-09-10T00:00:00
NFL_NO_00-0034116_2022W01_QUESTIONABLE_LP,NFL,2022,1,2022_NFL_W01_NO_ATL,NFL_NO,NFL_P_00-0034116,S,,QUESTIONABLE,LP,Hamstring,2022-09-10,nflverse,,2026-09-07T05:46:50.365367+00:00,2022-09-10T00:00:00
NFL_NO_00-0032765_2022W01_QUESTIONABLE_LP,NFL,2022,1,2022_NFL_W01_NO_ATL,NFL_NO,NFL_P_00-0032765,WR,,QUESTIONABLE,LP,Hamstring,2022-09-10,nflverse,,2026-09-07T05:46:50.365367+00:00,2022-09-10T00:00:00
NFL_NO_00-0036930_2022W01_QUESTIONABLE_LP,NFL,2022,1,2022_NFL_W01_NO_ATL,NFL_NO,NFL_P_00-0036930,OL,,QUESTIONABLE,LP,Hip,2022-09-10,nflverse,,2026-09-07T05:46:50.365367+00:00,2022-09-10T00:00:00
NFL_NYG_00-0032385_2022W01_NA_LP,NFL,2022,1,2022_NFL_W01_NYG_TEN,NFL_NYG,NFL_P_00-0032385,WR,,UNKNOWN,LP,Achilles,2022-09-10,nflverse,,2026-09-07T05:46:50.365367+00:00,2022-09-10T00:00:00
NFL_NYG_00-0036552_2022W01_DOUBTFUL_LP,NFL,2022,1,2022_NFL_W01_NYG_TEN,NFL_NYG,NFL_P_00-0036552,LB,,DOUBTFUL,LP,Calf,2022-09-10,nflverse,,2026-09-07T05:46:50.365367+00:00,2022-09-10T00:00:00
NFL_NYG_00-0037611_2022W01_DOUBTFUL_LP,NFL,2022,1,2022_NFL_W01_NYG_TEN,NFL_NYG,NFL_P_00-0037611,LB,,DOUBTFUL,LP,Knee,2022-09-10,nflverse,,2026-09-07T05:46:50.365367+00:00,2022-09-10T00:00:00
NFL_NYG_00-0038123_2022W01_QUESTIONABLE_LP,NFL,2022,1,2022_NFL_W01_NYG_TEN,NFL_NYG,NFL_P_00-0038123,S,,QUESTIONABLE,LP,Collarbone,2022-09-10,nflverse,,2026-09-07T05:46:50.365367+00:00,2022-09-10T00:00:00
NFL_NYJ_00-0026166_2022W01_OUT_DNP,NFL,2022,1,2022_NFL_W01_BAL_NYJ,NFL_NYJ,NFL_P_00-0026166,OL,,OUT,DNP,Shoulder,2022-09-10,nflverse,,2026-09-07T05:46:50.365367+00:00,2022-09-10T00:00:00
NFL_NYJ_00-0037013_2022W01_OUT_DNP,NFL,2022,1,2022_NFL_W01_BAL_NYJ,NFL_NYJ,NFL_P_00-0037013,QB,,OUT,DNP,Knee,2022-09-10,nflverse,,2026-09-07T05:46:50.365367+00:00,2022-09-10T00:00:00
NFL_NYJ_00-0032466_2022W01_QUESTIONABLE_FP,NFL,2022,1,2022_NFL_W01_BAL_NYJ,NFL_NYJ,NFL_P_00-0032466,OL,,QUESTIONABLE,FP,Knee,2022-09-10,nflverse,,2026-09-07T05:46:50.365367+00:00,2022-09-10T00:00:00
NFL_NYJ_00-0033770_2022W01_QUESTIONABLE_FP,NFL,2022,1,2022_NFL_W01_BAL_NYJ,NFL_NYJ,NFL_P_00-0033770,CB,,QUESTIONABLE,FP,Calf,2022-09-10,nflverse,,2026-09-07T05:46:50.365367+00:00,2022-09-10T00:00:00
NFL_NYJ_00-0033300_2022W01_QUESTIONABLE_FP,NFL,2022,1,2022_NFL_W01_BAL_NYJ,NFL_NYJ,NFL_P_00-0033300,OL,,QUESTIONABLE,FP,Ankle,2022-09-10,nflverse,,2026-09-07T05:46:50.365367+00:00,2022-09-10T00:00:00
NFL_NYJ_00-0034384_2022W01_QUESTIONABLE_FP,NFL,2022,1,2022_NFL_W01_BAL_NYJ,NFL_NYJ,NFL_P_00-0034384,CB,,QUESTIONABLE,FP,Knee,2022-09-10,nflverse,,2026-09-07T05:46:50.365367+00:00,2022-09-10T00:00:00
NFL_SEA_00-0031367_2022W01_NA_DNP,NFL,2022,1,2022_NFL_W01_DEN_SEA,NFL_SEA,NFL_P_00-0031367,OL,,UNKNOWN,DNP,Knee,2022-09-12,nflverse,,2026-09-07T05:46:50.365367+00:00,2022-09-12T00:00:00
NFL_SEA_00-0031156_2022W01_OUT_DNP,NFL,2022,1,2022_NFL_W01_DEN_SEA,NFL_SEA,NFL_P_00-0031156,LS,,OUT,DNP,Shoulder,2022-09-12,nflverse,,2026-09-07T05:46:50.365367+00:00,2022-09-12T00:00:00
NFL_SEA_00-0036426_2022W01_OUT_DNP,NFL,2022,1,2022_NFL_W01_DEN_SEA,NFL_SEA,NFL_P_00-0036426,EDGE,,OUT,DNP,Knee,2022-09-12,nflverse,,2026-09-07T05:46:50.365367+00:00,2022-09-12T00:00:00
NFL_SEA_00-0033103_2022W01_DOUBTFUL_DNP,NFL,2022,1,2022_NFL_W01_DEN_SEA,NFL_SEA,NFL_P_00-0033103,CB,,DOUBTFUL,DNP,Groin,2022-09-12,nflverse,,2026-09-07T05:46:50.365367+00:00,2022-09-12T00:00:00
NFL_SEA_00-0038134_2022W01_QUESTIONABLE_DNP,NFL,2022,1,2022_NFL_W01_DEN_SEA,NFL_SEA,NFL_P_00-0038134,RB,,QUESTIONABLE,DNP,Hernia,2022-09-12,nflverse,,2026-09-07T05:46:50.365367+00:00,2022-09-12T00:00:00
NFL_SEA_00-0036417_2022W01_QUESTIONABLE_LP,NFL,2022,1,2022_NFL_W01_DEN_SEA,NFL_SEA,NFL_P_00-0036417,OL,,QUESTIONABLE,LP,Knee,2022-09-12,nflverse,,2026-09-07T05:46:50.365367+00:00,2022-09-12T00:00:00
NFL_SF_00-0034982_2022W01_NA_LP,NFL,2022,1,2022_NFL_W01_SF_CHI,NFL_SF,NFL_P_00-0034982,LB,,UNKNOWN,LP,Elbow,2022-09-10,nflverse,,2026-09-07T05:46:50.365367+00:00,2022-09-10T00:00:00
NFL_SF_00-0033221_2022W01_OUT_DNP,NFL,2022,1,2022_NFL_W01_SF_CHI,NFL_SF,NFL_P_00-0033221,OL,,OUT,DNP,Hamstring,2022-09-10,nflverse,,2026-09-07T05:46:50.365367+00:00,2022-09-10T00:00:00
NFL_SF_00-0033288_2022W01_QUESTIONABLE_DNP,NFL,2022,1,2022_NFL_W01_SF_CHI,NFL_SF,NFL_P_00-0033288,TE,,QUESTIONABLE,DNP,Groin,2022-09-10,nflverse,,2026-09-07T05:46:50.365367+00:00,2022-09-10T00:00:00
NFL_TB_00-0029562_2022W01_NA_DNP,NFL,2022,1,2022_NFL_W01_TB_DAL,NFL_TB,NFL_P_00-0029562,LB,,UNKNOWN,DNP,Not injury related - resting player,2022-09-11,nflverse,,2026-09-07T05:46:50.365367+00:00,2022-09-11T00:00:00
NFL_TB_00-0031408_2022W01_NA_DNP,NFL,2022,1,2022_NFL_W01_TB_DAL,NFL_TB,NFL_P_00-0031408,WR,,UNKNOWN,DNP,Not injury related - resting player,2022-09-11,nflverse,,2026-09-07T05:46:50.365367+00:00,2022-09-11T00:00:00
NFL_TB_00-0037268_2022W01_OUT_DNP,NFL,2022,1,2022_NFL_W01_TB_DAL,NFL_TB,NFL_P_00-0037268,CB,,OUT,DNP,Hamstring,2022-09-11,nflverse,,2026-09-07T05:46:50.365367+00:00,2022-09-11T00:00:00
NFL_TB_00-0033921_2022W01_QUESTIONABLE_FP,NFL,2022,1,2022_NFL_W01_TB_DAL,NFL_TB,NFL_P_00-0033921,WR,,QUESTIONABLE,FP,Knee,2022-09-11,nflverse,,2026-09-07T05:46:50.365367+00:00,2022-09-11T00:00:00
NFL_TB_00-0034411_2022W01_QUESTIONABLE_LP,NFL,2022,1,2022_NFL_W01_TB_DAL,NFL_TB,NFL_P_00-0034411,WR,,QUESTIONABLE,LP,Hamstring,2022-09-11,nflverse,,2026-09-07T05:46:50.365367+00:00,2022-09-11T00:00:00
NFL_TEN_00-0037312_2022W01_OUT_DNP,NFL,2022,1,2022_NFL_W01_NYG_TEN,NFL_TEN,NFL_P_00-0037312,LB,,OUT,DNP,Knee,2022-09-10,nflverse,,2026-09-07T05:46:50.365367+00:00,2022-09-10T00:00:00
NFL_TEN_00-0035244_2022W01_OUT_DNP,NFL,2022,1,2022_NFL_W01_NYG_TEN,NFL_TEN,NFL_P_00-0035244,CB,,OUT,DNP,Groin,2022-09-10,nflverse,,2026-09-07T05:46:50.365367+00:00,2022-09-10T00:00:00
NFL_TEN_00-0036992_2022W01_OUT_DNP,NFL,2022,1,2022_NFL_W01_NYG_TEN,NFL_TEN,NFL_P_00-0036992,CB,,OUT,DNP,Groin,2022-09-10,nflverse,,2026-09-07T05:46:50.365367+00:00,2022-09-10T00:00:00
NFL_TEN_00-0034729_2022W01_OUT_LP,NFL,2022,1,2022_NFL_W01_NYG_TEN,NFL_TEN,NFL_P_00-0034729,OL,,OUT,LP,Triceps,2022-09-10,nflverse,,2026-09-07T05:46:50.365367+00:00,2022-09-10T00:00:00
NFL_TEN_00-0034204_2022W01_QUESTIONABLE_DNP,NFL,2022,1,2022_NFL_W01_NYG_TEN,NFL_TEN,NFL_P_00-0034204,LB,,QUESTIONABLE,DNP,Neck,2022-09-10,nflverse,,2026-09-07T05:46:50.365367+00:00,2022-09-10T00:00:00
NFL_WAS_00-0034104_2022W01_NA_LP,NFL,2022,1,2022_NFL_W01_JAX_WAS,NFL_WAS,NFL_P_00-0034104,WR,,UNKNOWN,LP,Concussion,2022-09-10,nflverse,,2026-09-07T05:46:50.365367+00:00,2022-09-10T00:00:00
NFL_WAS_00-0036349_2022W01_OUT_DNP,NFL,2022,1,2022_NFL_W01_JAX_WAS,NFL_WAS,NFL_P_00-0036349,S,,OUT,DNP,Thumb,2022-09-10,nflverse,,2026-09-07T05:46:50.365367+00:00,2022-09-10T00:00:00
NFL_WAS_00-0031260_2022W01_QUESTIONABLE_LP,NFL,2022,1,2022_NFL_W01_JAX_WAS,NFL_WAS,NFL_P_00-0031260,TE,,QUESTIONABLE,LP,Knee,2022-09-10,nflverse,,2026-09-07T05:46:50.365367+00:00,2022-09-10T00:00:00
NFL_WAS_00-0037078_2022W01_QUESTIONABLE_LP,NFL,2022,1,2022_NFL_W01_JAX_WAS,NFL_WAS,NFL_P_00-0037078,TE,,QUESTIONABLE,LP,Hamstring,2022-09-10,nflverse,,2026-09-07T05:46:50.365367+00:00,2022-09-10T00:00:00
NFL_ARI_00-0029316_2022W02_NA_DNP,NFL,2022,2,2022_NFL_W02_ARI_LV,NFL_ARI,NFL_P_00-0029316,OL,,UNKNOWN,DNP,Not injury related - resting player,2022-09-17,nflverse,,2026-09-07T05:46:50.365367+00:00,2022-09-17T00:00:00
NFL_ARI_00-0027993_2022W02_NA_DNP,NFL,2022,2,2022_NFL_W02_ARI_LV,NFL_ARI,NFL_P_00-0027993,OL,,UNKNOWN,DNP,Not injury related - resting player,2022-09-17,nflverse,,2026-09-07T05:46:50.365367+00:00,2022-09-17T00:00:00
NFL_ARI_00-0035662_2022W02_NA_LP,NFL,2022,2,2022_NFL_W02_ARI_LV,NFL_ARI,NFL_P_00-0035662,WR,,UNKNOWN,LP,Not injury related - resting player,2022-09-17,nflverse,,2026-09-07T05:46:50.365367+00:00,2022-09-17T00:00:00
NFL_ARI_00-0035527_2022W02_OUT_DNP,NFL,2022,2,2022_NFL_W02_ARI_LV,NFL_ARI,NFL_P_00-0035527,WR,,OUT,DNP,Back,2022-09-17,nflverse,,2026-09-07T05:46:50.365367+00:00,2022-09-17T00:00:00
NFL_ARI_00-0036936_2022W02_OUT_DNP,NFL,2022,2,2022_NFL_W02_ARI_LV,NFL_ARI,NFL_P_00-0036936,WR,,OUT,DNP,Hamstring,2022-09-17,nflverse,,2026-09-07T05:46:50.365367+00:00,2022-09-17T00:00:00
NFL_ARI_00-0035695_2022W02_QUESTIONABLE_LP,NFL,2022,2,2022_NFL_W02_ARI_LV,NFL_ARI,NFL_P_00-0035695,CB,,QUESTIONABLE,LP,Toe,2022-09-17,nflverse,,2026-09-07T05:46:50.365367+00:00,2022-09-17T00:00:00
NFL_ARI_00-0030585_2022W02_QUESTIONABLE_LP,NFL,2022,2,2022_NFL_W02_ARI_LV,NFL_ARI,NFL_P_00-0030585,OL,,QUESTIONABLE,LP,Neck,2022-09-17,nflverse,,2026-09-07T05:46:50.365367+00:00,2022-09-17T00:00:00
NFL_ARI_00-0035705_2022W02_QUESTIONABLE_LP,NFL,2022,2,2022_NFL_W02_ARI_LV,NFL_ARI,NFL_P_00-0035705,S,,QUESTIONABLE,LP,Toe,2022-09-17,nflverse,,2026-09-07T05:46:50.365367+00:00,2022-09-17T00:00:00
NFL_ARI_00-0027949_2022W02_QUESTIONABLE_LP,NFL,2022,2,2022_NFL_W02_ARI_LV,NFL_ARI,NFL_P_00-0027949,EDGE,,QUESTIONABLE,LP,Calf,2022-09-17,nflverse,,2026-09-07T05:46:50.365367+00:00,2022-09-17T00:00:00
NFL_ATL_00-0030874_2022W02_OUT_DNP,NFL,2022,2,2022_NFL_W02_ATL_LAR,NFL_ATL,NFL_P_00-0030874,RB,,OUT,DNP,Rib,2022-09-17,nflverse,,2026-09-07T05:46:50.365367+00:00,2022-09-17T00:00:00
NFL_BAL_00-0031598_2022W02_NA_DNP,NFL,2022,2,2022_NFL_W02_MIA_BAL,NFL_BAL,NFL_P_00-0031598,TE,,UNKNOWN,DNP,Not injury related - resting player,2022-09-17,nflverse,,2026-09-07T05:46:50.365367+00:00,2022-09-17T00:00:00
NFL_BAL_00-0026190_2022W02_NA_DNP,NFL,2022,2,2022_NFL_W02_MIA_BAL,NFL_BAL,NFL_P_00-0026190,EDGE,,UNKNOWN,DNP,Not injury related - resting player,2022-09-17,nflverse,,2026-09-07T05:46:50.365367+00:00,2022-09-17T00:00:00
NFL_BAL_00-0028008_2022W02_NA_DNP,NFL,2022,2,2022_NFL_W02_MIA_BAL,NFL_BAL,NFL_P_00-0028008,LB,,UNKNOWN,DNP,Not injury related - resting player,2022-09-17,nflverse,,2026-09-07T05:46:50.365367+00:00,2022-09-17T00:00:00
NFL_BAL_00-0036133_2022W02_DOUBTFUL_DNP,NFL,2022,2,2022_NFL_W02_MIA_BAL,NFL_BAL,NFL_P_00-0036133,WR,,DOUBTFUL,DNP,Groin,2022-09-17,nflverse,,2026-09-07T05:46:50.365367+00:00,2022-09-17T00:00:00
NFL_BAL_00-0032965_2022W02_DOUBTFUL_LP,NFL,2022,2,2022_NFL_W02_MIA_BAL,NFL_BAL,NFL_P_00-0032965,OL,,DOUBTFUL,LP,Ankle,2022-09-17,nflverse,,2026-09-07T05:46:50.365367+00:00,2022-09-17T00:00:00
NFL_BAL_00-0033281_2022W02_QUESTIONABLE_DNP,NFL,2022,2,2022_NFL_W02_MIA_BAL,NFL_BAL,NFL_P_00-0033281,CB,,QUESTIONABLE,DNP,Groin,2022-09-17,nflverse,,2026-09-07T05:46:50.365367+00:00,2022-09-17T00:00:00
NFL_BAL_00-0036987_2022W02_QUESTIONABLE_DNP,NFL,2022,2,2022_NFL_W02_MIA_BAL,NFL_BAL,NFL_P_00-0036987,CB,,QUESTIONABLE,DNP,Quadricep,2022-09-17,nflverse,,2026-09-07T05:46:50.365367+00:00,2022-09-17T00:00:00
NFL_BAL_00-0036158_2022W02_QUESTIONABLE_FP,NFL,2022,2,2022_NFL_W02_MIA_BAL,NFL_BAL,NFL_P_00-0036158,RB,,QUESTIONABLE,FP,Knee,2022-09-17,nflverse,,2026-09-07T05:46:50.365367+00:00,2022-09-17T00:00:00
NFL_BAL_00-0037756_2022W02_QUESTIONABLE_FP,NFL,2022,2,2022_NFL_W02_MIA_BAL,NFL_BAL,NFL_P_00-0037756,DL,,QUESTIONABLE,FP,Knee,2022-09-17,nflverse,,2026-09-07T05:46:50.365367+00:00,2022-09-17T00:00:00
NFL_BAL_00-0032165_2022W02_QUESTIONABLE_LP,NFL,2022,2,2022_NFL_W02_MIA_BAL,NFL_BAL,NFL_P_00-0032165,CB,,QUESTIONABLE,LP,Knee,2022-09-17,nflverse,,2026-09-07T05:46:50.365367+00:00,2022-09-17T00:00:00
NFL_BAL_00-0033376_2022W02_QUESTIONABLE_LP,NFL,2022,2,2022_NFL_W02_MIA_BAL,NFL_BAL,NFL_P_00-0033376,RB,,QUESTIONABLE,LP,Calf,2022-09-17,nflverse,,2026-09-07T05:46:50.365367+00:00,2022-09-17T00:00:00
NFL_BUF_00-0031588_2022W02_NA_LP,NFL,2022,2,2022_NFL_W02_TEN_BUF,NFL_BUF,NFL_P_00-0031588,WR,,UNKNOWN,LP,Not injury related - resting player,2022-09-18,nflverse,,2026-09-07T05:46:50.365367+00:00,2022-09-18T00:00:00
NFL_BUF_00-0035230_2022W02_OUT_DNP,NFL,2022,2,2022_NFL_W02_TEN_BUF,NFL_BUF,NFL_P_00-0035230,DL,,OUT,DNP,Ankle,2022-09-18,nflverse,,2026-09-07T05:46:50.365367+00:00,2022-09-18T00:00:00
NFL_BUF_00-0034397_2022W02_DOUBTFUL_LP,NFL,2022,2,2022_NFL_W02_TEN_BUF,NFL_BUF,NFL_P_00-0034397,DL,,DOUBTFUL,LP,Calf,2022-09-18,nflverse,,2026-09-07T05:46:50.365367+00:00,2022-09-18T00:00:00
NFL_BUF_00-0036166_2022W02_QUESTIONABLE_FP,NFL,2022,2,2022_NFL_W02_TEN_BUF,NFL_BUF,NFL_P_00-0036166,CB,,QUESTIONABLE,FP,Knee,2022-09-18,nflverse,,2026-09-07T05:46:50.365367+00:00,2022-09-18T00:00:00
NFL_BUF_00-0036196_2022W02_QUESTIONABLE_LP,NFL,2022,2,2022_NFL_W02_TEN_BUF,NFL_BUF,NFL_P_00-0036196,WR,,QUESTIONABLE,LP,Ankle,2022-09-18,nflverse,,2026-09-07T05:46:50.365367+00:00,2022-09-18T00:00:00
NFL_CAR_00-0033280_2022W02_NA_DNP,NFL,2022,2,2022_NFL_W02_CAR_NYG,NFL_CAR,NFL_P_00-0033280,RB,,UNKNOWN,DNP,Not injury related - resting player,2022-09-17,nflverse,,2026-09-07T05:46:50.365367+00:00,2022-09-17T00:00:00
NFL_CAR_00-0038113_2022W02_DOUBTFUL_DNP,NFL,2022,2,2022_NFL_W02_CAR_NYG,NFL_CAR,NFL_P_00-0038113,LB,,DOUBTFUL,DNP,Thigh,2022-09-17,nflverse,,2026-09-07T05:46:50.365367+00:00,2022-09-17T00:00:00
NFL_CAR_00-0036572_2022W02_QUESTIONABLE_DNP,NFL,2022,2,2022_NFL_W02_CAR_NYG,NFL_CAR,NFL_P_00-0036572,WR,,QUESTIONABLE,DNP,Groin,2022-09-17,nflverse,,2026-09-07T05:46:50.365367+00:00,2022-09-17T00:00:00
NFL_CHI_00-0037745_2022W02_DOUBTFUL_DNP,NFL,2022,2,2022_NFL_W02_CHI_GB,NFL_CHI,NFL_P_00-0037745,WR,,DOUBTFUL,DNP,Hamstring,2022-09-18,nflverse,,2026-09-07T05:46:50.365367+00:00,2022-09-18T00:00:00
NFL_CIN_00-0033292_2022W02_NA_LP,NFL,2022,2,2022_NFL_W02_CIN_DAL,NFL_CIN,NFL_P_00-0033292,WR,,UNKNOWN,LP,Hamstring,2022-09-17,nflverse,,2026-09-07T05:46:50.365367+00:00,2022-09-17T00:00:00
NFL_CIN_00-0036410_2022W02_QUESTIONABLE_FP,NFL,2022,2,2022_NFL_W02_CIN_DAL,NFL_CIN,NFL_P_00-0036410,WR,,QUESTIONABLE,FP,Concussion,2022-09-17,nflverse,,2026-09-07T05:46:50.365367+00:00,2022-09-17T00:00:00
NFL_CIN_00-0033347_2022W02_QUESTIONABLE_FP,NFL,2022,2,2022_NFL_W02_CIN_DAL,NFL_CIN,NFL_P_00-0033347,DL,,QUESTIONABLE,FP,Shin,2022-09-17,nflverse,,2026-09-07T05:46:50.365367+00:00,2022-09-17T00:00:00
NFL_CIN_00-0036194_2022W02_QUESTIONABLE_LP,NFL,2022,2,2022_NFL_W02_CIN_DAL,NFL_CIN,NFL_P_00-0036194,TE,,QUESTIONABLE,LP,Quadricep,2022-09-17,nflverse,,2026-09-07T05:46:50.365367+00:00,2022-09-17T00:00:00
NFL_CLE_00-0038126_2022W02_NA_DNP,NFL,2022,2,2022_NFL_W02_NYJ_CLE,NFL_CLE,NFL_P_00-0038126,DL,,UNKNOWN,DNP,Not injury related - discipline,2022-09-17,nflverse,,2026-09-07T05:46:50.365367+00:00,2022-09-17T00:00:00
NFL_CLE_00-0029963_2022W02_OUT_DNP,NFL,2022,2,2022_NFL_W02_NYJ_CLE,NFL_CLE,NFL_P_00-0029963,OL,,OUT,DNP,Elbow,2022-09-17,nflverse,,2026-09-07T05:46:50.365367+00:00,2022-09-17T00:00:00
NFL_CLE_00-0033057_2022W02_QUESTIONABLE_LP,NFL,2022,2,2022_NFL_W02_NYJ_CLE,NFL_CLE,NFL_P_00-0033057,OL,,QUESTIONABLE,LP,Knee,2022-09-17,nflverse,,2026-09-07T05:46:50.365367+00:00,2022-09-17T00:00:00
NFL_DAL_00-0033917_2022W02_OUT_DNP,NFL,2022,2,2022_NFL_W02_CIN_DAL,NFL_DAL,NFL_P_00-0033917,EDGE,,OUT,DNP,Thigh,2022-09-17,nflverse,,2026-09-07T05:46:50.365367+00:00,2022-09-17T00:00:00
NFL_DAL_00-0032454_2022W02_OUT_DNP,NFL,2022,2,2022_NFL_W02_CIN_DAL,NFL_DAL,NFL_P_00-0032454,S,,OUT,DNP,Knee,2022-09-17,nflverse,,2026-09-07T05:46:50.365367+00:00,2022-09-17T00:00:00
NFL_DAL_00-0035679_2022W02_OUT_DNP,NFL,2022,2,2022_NFL_W02_CIN_DAL,NFL_DAL,NFL_P_00-0035679,OL,,OUT,DNP,Ankle,2022-09-17,nflverse,,2026-09-07T05:46:50.365367+00:00,2022-09-17T00:00:00
NFL_DAL_00-0033077_2022W02_OUT_DNP,NFL,2022,2,2022_NFL_W02_CIN_DAL,NFL_DAL,NFL_P_00-0033077,QB,,OUT,DNP,right Thumb,2022-09-17,nflverse,,2026-09-07T05:46:50.365367+00:00,2022-09-17T00:00:00
NFL_DAL_00-0034764_2022W02_OUT_LP,NFL,2022,2,2022_NFL_W02_CIN_DAL,NFL_DAL,NFL_P_00-0034764,WR,,OUT,LP,Knee,2022-09-17,nflverse,,2026-09-07T05:46:50.365367+00:00,2022-09-17T00:00:00
NFL_DEN_00-0036412_2022W02_OUT_DNP,NFL,2022,2,2022_NFL_W02_HOU_DEN,NFL_DEN,NFL_P_00-0036412,WR,,OUT,DNP,Knee,2022-09-17,nflverse,,2026-09-07T05:46:50.365367+00:00,2022-09-17T00:00:00
NFL_DEN_00-0037001_2022W02_OUT_DNP,NFL,2022,2,2022_NFL_W02_HOU_DEN,NFL_DEN,NFL_P_00-0037001,OL,,OUT,DNP,Hamstring,2022-09-17,nflverse,,2026-09-07T05:46:50.365367+00:00,2022-09-17T00:00:00
NFL_DEN_00-0031433_2022W02_QUESTIONABLE_FP,NFL,2022,2,2022_NFL_W02_HOU_DEN,NFL_DEN,NFL_P_00-0031433,OL,,QUESTIONABLE,FP,Knee,2022-09-17,nflverse,,2026-09-07T05:46:50.365367+00:00,2022-09-17T00:00:00
NFL_DEN_00-0031253_2022W02_QUESTIONABLE_FP,NFL,2022,2,2022_NFL_W02_HOU_DEN,NFL_DEN,NFL_P_00-0031253,CB,,QUESTIONABLE,FP,Wrist,2022-09-17,nflverse,,2026-09-07T05:46:50.365367+00:00,2022-09-17T00:00:00
NFL_DEN_00-0032197_2022W02_QUESTIONABLE_LP,NFL,2022,2,2022_NFL_W02_HOU_DEN,NFL_DEN,NFL_P_00-0032197,EDGE,,QUESTIONABLE,LP,Shoulder,2022-09-17,nflverse,,2026-09-07T05:46:50.365367+00:00,2022-09-17T00:00:00
NFL_DEN_00-0034368_2022W02_QUESTIONABLE_LP,NFL,2022,2,2022_NFL_W02_HOU_DEN,NFL_DEN,NFL_P_00-0034368,LB,,QUESTIONABLE,LP,Calf,2022-09-17,nflverse,,2026-09-07T05:46:50.365367+00:00,2022-09-17T00:00:00
NFL_DEN_00-0031795_2022W02_QUESTIONABLE_LP,NFL,2022,2,2022_NFL_W02_HOU_DEN,NFL_DEN,NFL_P_00-0031795,DL,,QUESTIONABLE,LP,Back,2022-09-17,nflverse,,2026-09-07T05:46:50.365367+00:00,2022-09-17T00:00:00
NFL_DET_00-0036749_2022W02_NA_DNP,NFL,2022,2,2022_NFL_W02_WAS_DET,NFL_DET,NFL_P_00-0036749,OL,,UNKNOWN,DNP,Back,2022-09-17,nflverse,,2026-09-07T05:46:50.365367+00:00,2022-09-17T00:00:00
NFL_DET_00-0034345_2022W02_OUT_DNP,NFL,2022,2,2022_NFL_W02_WAS_DET,NFL_DET,NFL_P_00-0034345,OL,,OUT,DNP,Groin,2022-09-17,nflverse,,2026-09-07T05:46:50.365367+00:00,2022-09-17T00:00:00
NFL_DET_00-0036258_2022W02_QUESTIONABLE_DNP,NFL,2022,2,2022_NFL_W02_WAS_DET,NFL_DET,NFL_P_00-0036258,OL,,QUESTIONABLE,DNP,Finger,2022-09-17,nflverse,,2026-09-07T05:46:50.365367+00:00,2022-09-17T00:00:00
NFL_DET_00-0035270_2022W02_QUESTIONABLE_DNP,NFL,2022,2,2022_NFL_W02_WAS_DET,NFL_DET,NFL_P_00-0035270,CB,,QUESTIONABLE,DNP,Back,2022-09-17,nflverse,,2026-09-07T05:46:50.365367+00:00,2022-09-17T00:00:00
NFL_DET_00-0036993_2022W02_QUESTIONABLE_LP,NFL,2022,2,2022_NFL_W02_WAS_DET,NFL_DET,NFL_P_00-0036993,S,,QUESTIONABLE,LP,Hamstring,2022-09-17,nflverse,,2026-09-07T05:46:50.365367+00:00,2022-09-17T00:00:00
NFL_DET_00-0036275_2022W02_QUESTIONABLE_LP,NFL,2022,2,2022_NFL_W02_WAS_DET,NFL_DET,NFL_P_00-0036275,RB,,QUESTIONABLE,LP,Ankle,2022-09-17,nflverse,,2026-09-07T05:46:50.365367+00:00,2022-09-17T00:00:00
NFL_GB_00-0035526_2022W02_QUESTIONABLE_FP,NFL,2022,2,2022_NFL_W02_CHI_GB,NFL_GB,NFL_P_00-0035526,OL,,QUESTIONABLE,FP,Knee,2022-09-18,nflverse,,2026-09-07T05:46:50.365367+00:00,2022-09-18T00:00:00
NFL_GB_00-0030074_2022W02_QUESTIONABLE_LP,NFL,2022,2,2022_NFL_W02_CHI_GB,NFL_GB,NFL_P_00-0030074,OL,,QUESTIONABLE,LP,Knee,2022-09-18,nflverse,,2026-09-07T05:46:50.365367+00:00,2022-09-18T00:00:00
NFL_GB_00-0034521_2022W02_QUESTIONABLE_LP,NFL,2022,2,2022_NFL_W02_CHI_GB,NFL_GB,NFL_P_00-0034521,WR,,QUESTIONABLE,LP,Ankle,2022-09-18,nflverse,,2026-09-07T05:46:50.365367+00:00,2022-09-18T00:00:00
NFL_GB_00-0036246_2022W02_QUESTIONABLE_LP,NFL,2022,2,2022_NFL_W02_CHI_GB,NFL_GB,NFL_P_00-0036246,OL,,QUESTIONABLE,LP,Concussion,2022-09-18,nflverse,,2026-09-07T05:46:50.365367+00:00,2022-09-18T00:00:00
NFL_HOU_00-0027881_2022W02_NA_DNP,NFL,2022,2,2022_NFL_W02_HOU_DEN,NFL_HOU,NFL_P_00-0027881,EDGE,,UNKNOWN,DNP,Not injury related - resting player,2022-09-17,nflverse,,2026-09-07T05:46:50.365367+00:00,2022-09-17T00:00:00
NFL_HOU_00-0031282_2022W02_OUT_DNP,NFL,2022,2,2022_NFL_W02_HOU_DEN,NFL_HOU,NFL_P_00-0031282,OL,,OUT,DNP,Not injury related - personal matter,2022-09-17,nflverse,,2026-09-07T05:46:50.365367+00:00,2022-09-17T00:00:00
NFL_HOU_00-0036556_2022W02_QUESTIONABLE_LP,NFL,2022,2,2022_NFL_W02_HOU_DEN,NFL_HOU,NFL_P_00-0036556,TE,,QUESTIONABLE,LP,Ankle,2022-09-17,nflverse,,2026-09-07T05:46:50.365367+00:00,2022-09-17T00:00:00
NFL_IND_00-0037664_2022W02_OUT_DNP,NFL,2022,2,2022_NFL_W02_IND_JAX,NFL_IND,NFL_P_00-0037664,WR,,OUT,DNP,Concussion,2022-09-17,nflverse,,2026-09-07T05:46:50.365367+00:00,2022-09-17T00:00:00
NFL_IND_00-0034846_2022W02_OUT_FP,NFL,2022,2,2022_NFL_W02_IND_JAX,NFL_IND,NFL_P_00-0034846,LB,,OUT,FP,Back,2022-09-17,nflverse,,2026-09-07T05:46:50.365367+00:00,2022-09-17T00:00:00
NFL_IND_00-0036252_2022W02_QUESTIONABLE_DNP,NFL,2022,2,2022_NFL_W02_IND_JAX,NFL_IND,NFL_P_00-0036252,WR,,QUESTIONABLE,DNP,Quadricep,2022-09-17,nflverse,,2026-09-07T05:46:50.365367+00:00,2022-09-17T00:00:00
NFL_IND_00-0032378_2022W02_QUESTIONABLE_FP,NFL,2022,2,2022_NFL_W02_IND_JAX,NFL_IND,NFL_P_00-0032378,DL,,QUESTIONABLE,FP,Hip,2022-09-17,nflverse,,2026-09-07T05:46:50.365367+00:00,2022-09-17T00:00:00
NFL_IND_00-0033393_2022W02_QUESTIONABLE_FP,NFL,2022,2,2022_NFL_W02_IND_JAX,NFL_IND,NFL_P_00-0033393,CB,,QUESTIONABLE,FP,Hip,2022-09-17,nflverse,,2026-09-07T05:46:50.365367+00:00,2022-09-17T00:00:00
NFL_KC_00-0037191_2022W02_NA_DNP,NFL,2022,2,2022_NFL_W02_LAC_KC,NFL_KC,NFL_P_00-0037191,CB,,UNKNOWN,DNP,Hamstring,2022-09-15,nflverse,,2026-09-07T05:46:50.365367+00:00,2022-09-15T00:00:00
NFL_KC_00-0033303_2022W02_OUT_DNP,NFL,2022,2,2022_NFL_W02_LAC_KC,NFL_KC,NFL_P_00-0033303,K,,OUT,DNP,left Ankle,2022-09-15,nflverse,,2026-09-07T05:46:50.365367+00:00,2022-09-15T00:00:00
NFL_KC_00-0036660_2022W02_QUESTIONABLE_FP,NFL,2022,2,2022_NFL_W02_LAC_KC,NFL_KC,NFL_P_00-0036660,OL,,QUESTIONABLE,FP,Ankle,2022-09-15,nflverse,,2026-09-07T05:46:50.365367+00:00,2022-09-15T00:00:00
NFL_LAR_00-0031388_2022W02_NA_DNP,NFL,2022,2,2022_NFL_W02_ATL_LAR,NFL_LAR,NFL_P_00-0031388,DL,,UNKNOWN,DNP,Not injury related - resting player,2022-09-17,nflverse,,2026-09-07T05:46:50.365367+00:00,2022-09-17T00:00:00
NFL_LAR_00-0034804_2022W02_OUT_DNP,NFL,2022,2,2022_NFL_W02_ATL_LAR,NFL_LAR,NFL_P_00-0034804,OL,,OUT,DNP,Knee,2022-09-17,nflverse,,2026-09-07T05:46:50.365367+00:00,2022-09-17T00:00:00
NFL_LAR_00-0036415_2022W02_OUT_DNP,NFL,2022,2,2022_NFL_W02_ATL_LAR,NFL_LAR,NFL_P_00-0036415,WR,,OUT,DNP,Knee,2022-09-17,nflverse,,2026-09-07T05:46:50.365367+00:00,2022-09-17T00:00:00
NFL_LAR_00-0033072_2022W02_QUESTIONABLE_DNP,NFL,2022,2,2022_NFL_W02_ATL_LAR,NFL_LAR,NFL_P_00-0033072,LB,,QUESTIONABLE,DNP,Knee,2022-09-17,nflverse,,2026-09-07T05:46:50.365367+00:00,2022-09-17T00:00:00
NFL_LAR_00-0034803_2022W02_QUESTIONABLE_LP,NFL,2022,2,2022_NFL_W02_ATL_LAR,NFL_LAR,NFL_P_00-0034803,OL,,QUESTIONABLE,LP,Knee,2022-09-17,nflverse,,2026-09-07T05:46:50.365367+00:00,2022-09-17T00:00:00
NFL_LAR_00-0035118_2022W02_QUESTIONABLE_LP,NFL,2022,2,2022_NFL_W02_ATL_LAR,NFL_LAR,NFL_P_00-0035118,LS,,QUESTIONABLE,LP,Calf,2022-09-17,nflverse,,2026-09-07T05:46:50.365367+00:00,2022-09-17T00:00:00
NFL_LAC_00-0030279_2022W02_OUT_DNP,NFL,2022,2,2022_NFL_W02_LAC_KC,NFL_LAC,NFL_P_00-0030279,WR,,OUT,DNP,Hamstring,2022-09-15,nflverse,,2026-09-07T05:46:50.365367+00:00,2022-09-15T00:00:00
NFL_LAC_00-0035329_2022W02_OUT_DNP,NFL,2022,2,2022_NFL_W02_LAC_KC,NFL_LAC,NFL_P_00-0035329,TE,,OUT,DNP,Hamstring,2022-09-15,nflverse,,2026-09-07T05:46:50.365367+00:00,2022-09-15T00:00:00
NFL_LAC_00-0034591_2022W02_QUESTIONABLE_LP,NFL,2022,2,2022_NFL_W02_LAC_KC,NFL_LAC,NFL_P_00-0034591,CB,,QUESTIONABLE,LP,Ankle,2022-09-15,nflverse,,2026-09-07T05:46:50.365367+00:00,2022-09-15T00:00:00
NFL_LV_00-0035127_2022W02_OUT_DNP,NFL,2022,2,2022_NFL_W02_ARI_LV,NFL_LV,NFL_P_00-0035127,OL,,OUT,DNP,Concussion,2022-09-17,nflverse,,2026-09-07T05:46:50.365367+00:00,2022-09-17T00:00:00
NFL_LV_00-0036962_2022W02_OUT_DNP,NFL,2022,2,2022_NFL_W02_ARI_LV,NFL_LV,NFL_P_00-0036962,S,,OUT,DNP,Hip,2022-09-17,nflverse,,2026-09-07T05:46:50.365367+00:00,2022-09-17T00:00:00
NFL_LV_00-0032103_2022W02_OUT_DNP,NFL,2022,2,2022_NFL_W02_ARI_LV,NFL_LV,NFL_P_00-0032103,LB,,OUT,DNP,Ankle,2022-09-17,nflverse,,2026-09-07T05:46:50.365367+00:00,2022-09-17T00:00:00
NFL_LV_00-0029239_2022W02_DOUBTFUL_DNP,NFL,2022,2,2022_NFL_W02_ARI_LV,NFL_LV,NFL_P_00-0029239,RB,,DOUBTFUL,DNP,Hamstring,2022-09-17,nflverse,,2026-09-07T05:46:50.365367+00:00,2022-09-17T00:00:00
NFL_MIA_00-0029249_2022W02_NA_DNP,NFL,2022,2,2022_NFL_W02_MIA_BAL,NFL_MIA,NFL_P_00-0029249,LB,,UNKNOWN,DNP,Not injury related - resting player,2022-09-17,nflverse,,2026-09-07T05:46:50.365367+00:00,2022-09-17T00:00:00
NFL_MIA_00-0036248_2022W02_NA_DNP,NFL,2022,2,2022_NFL_W02_MIA_BAL,NFL_MIA,NFL_P_00-0036248,OL,,UNKNOWN,DNP,Ankle,2022-09-17,nflverse,,2026-09-07T05:46:50.365367+00:00,2022-09-17T00:00:00
NFL_MIA_00-0033050_2022W02_NA_LP,NFL,2022,2,2022_NFL_W02_MIA_BAL,NFL_MIA,NFL_P_00-0033050,CB,,UNKNOWN,LP,Not injury related - resting player,2022-09-17,nflverse,,2026-09-07T05:46:50.365367+00:00,2022-09-17T00:00:00
NFL_MIA_00-0033338_2022W02_OUT_DNP,NFL,2022,2,2022_NFL_W02_MIA_BAL,NFL_MIA,NFL_P_00-0033338,TE,,OUT,DNP,Concussion,2022-09-17,nflverse,,2026-09-07T05:46:50.365367+00:00,2022-09-17T00:00:00
NFL_MIA_00-0036020_2022W02_QUESTIONABLE_LP,NFL,2022,2,2022_NFL_W02_MIA_BAL,NFL_MIA,NFL_P_00-0036020,RB,,QUESTIONABLE,LP,Heel,2022-09-17,nflverse,,2026-09-07T05:46:50.365367+00:00,2022-09-17T00:00:00
NFL_MIA_00-0030067_2022W02_QUESTIONABLE_LP,NFL,2022,2,2022_NFL_W02_MIA_BAL,NFL_MIA,NFL_P_00-0030067,OL,,QUESTIONABLE,LP,Toe,2022-09-17,nflverse,,2026-09-07T05:46:50.365367+00:00,2022-09-17T00:00:00
NFL_MIA_00-0037004_2022W02_QUESTIONABLE_LP,NFL,2022,2,2022_NFL_W02_MIA_BAL,NFL_MIA,NFL_P_00-0037004,TE,,QUESTIONABLE,LP,Ankle,2022-09-17,nflverse,,2026-09-07T05:46:50.365367+00:00,2022-09-17T00:00:00
NFL_MIA_00-0035231_2022W02_QUESTIONABLE_LP,NFL,2022,2,2022_NFL_W02_MIA_BAL,NFL_MIA,NFL_P_00-0035231,DL,,QUESTIONABLE,LP,Back,2022-09-17,nflverse,,2026-09-07T05:46:50.365367+00:00,2022-09-17T00:00:00
NFL_MIA_00-0034418_2022W02_QUESTIONABLE_LP,NFL,2022,2,2022_NFL_W02_MIA_BAL,NFL_MIA,NFL_P_00-0034418,WR,,QUESTIONABLE,LP,Toe,2022-09-17,nflverse,,2026-09-07T05:46:50.365367+00:00,2022-09-17T00:00:00
NFL_MIN_00-0027943_2022W02_NA_DNP,NFL,2022,2,2022_NFL_W02_MIN_PHI,NFL_MIN,NFL_P_00-0027943,CB,,UNKNOWN,DNP,Not injury related - personal matter,2022-09-19,nflverse,,2026-09-07T05:46:50.365367+00:00,2022-09-19T00:00:00
NFL_MIN_00-0038130_2022W02_OUT_DNP,NFL,2022,2,2022_NFL_W02_MIN_PHI,NFL_MIN,NFL_P_00-0038130,CB,,OUT,DNP,Quadricep,2022-09-19,nflverse,,2026-09-07T05:46:50.365367+00:00,2022-09-19T00:00:00
NFL_NE_00-0036872_2022W02_QUESTIONABLE_LP,NFL,2022,2,2022_NFL_W02_NE_PIT,NFL_NE,NFL_P_00-0036872,S,,QUESTIONABLE,LP,Groin,2022-09-17,nflverse,,2026-09-07T05:46:50.365367+00:00,2022-09-17T00:00:00
NFL_NE_00-0032071_2022W02_QUESTIONABLE_LP,NFL,2022,2,2022_NFL_W02_NE_PIT,NFL_NE,NFL_P_00-0032071,OL,,QUESTIONABLE,LP,Ankle,2022-09-17,nflverse,,2026-09-07T05:46:50.365367+00:00,2022-09-17T00:00:00
NFL_NE_00-0033461_2022W02_QUESTIONABLE_LP,NFL,2022,2,2022_NFL_W02_NE_PIT,NFL_NE,NFL_P_00-0033461,LB,,QUESTIONABLE,LP,Thumb,2022-09-17,nflverse,,2026-09-07T05:46:50.365367+00:00,2022-09-17T00:00:00
NFL_NE_00-0031404_2022W02_QUESTIONABLE_LP,NFL,2022,2,2022_NFL_W02_NE_PIT,NFL_NE,NFL_P_00-0031404,S,,QUESTIONABLE,LP,Ribs,2022-09-17,nflverse,,2026-09-07T05:46:50.365367+00:00,2022-09-17T00:00:00
NFL_NE_00-0038098_2022W02_QUESTIONABLE_LP,NFL,2022,2,2022_NFL_W02_NE_PIT,NFL_NE,NFL_P_00-0038098,RB,,QUESTIONABLE,LP,Shoulder,2022-09-17,nflverse,,2026-09-07T05:46:50.365367+00:00,2022-09-17T00:00:00
NFL_NE_00-0036559_2022W02_QUESTIONABLE_LP,NFL,2022,2,2022_NFL_W02_NE_PIT,NFL_NE,NFL_P_00-0036559,CB,,QUESTIONABLE,LP,Ankle,2022-09-17,nflverse,,2026-09-07T05:46:50.365367+00:00,2022-09-17T00:00:00
NFL_NO_00-0036937_2022W02_OUT_DNP,NFL,2022,2,2022_NFL_W02_TB_NO,NFL_NO,NFL_P_00-0036937,CB,,OUT,DNP,Ankle,2022-09-17,nflverse,,2026-09-07T05:46:50.365367+00:00,2022-09-17T00:00:00
NFL_NO_00-0033906_2022W02_QUESTIONABLE_DNP,NFL,2022,2,2022_NFL_W02_TB_NO,NFL_NO,NFL_P_00-0033906,RB,,QUESTIONABLE,DNP,Rib,2022-09-17,nflverse,,2026-09-07T05:46:50.365367+00:00,2022-09-17T00:00:00
NFL_NO_00-0027966_2022W02_QUESTIONABLE_LP,NFL,2022,2,2022_NFL_W02_TB_NO,NFL_NO,NFL_P_00-0027966,RB,,QUESTIONABLE,LP,Ankle,2022-09-17,nflverse,,2026-09-07T05:46:50.365367+00:00,2022-09-17T00:00:00
NFL_NO_00-0034765_2022W02_QUESTIONABLE_LP,NFL,2022,2,2022_NFL_W02_TB_NO,NFL_NO,NFL_P_00-0034765,WR,,QUESTIONABLE,LP,Shoulder,2022-09-17,nflverse,,2026-09-07T05:46:50.365367+00:00,2022-09-17T00:00:00
NFL_NO_00-0038121_2022W02_QUESTIONABLE_LP,NFL,2022,2,2022_NFL_W02_TB_NO,NFL_NO,NFL_P_00-0038121,CB,,QUESTIONABLE,LP,Hip,2022-09-17,nflverse,,2026-09-07T05:46:50.365367+00:00,2022-09-17T00:00:00
NFL_NO_00-0032450_2022W02_QUESTIONABLE_LP,NFL,2022,2,2022_NFL_W02_TB_NO,NFL_NO,NFL_P_00-0032450,RB,,QUESTIONABLE,LP,Hamstring,2022-09-17,nflverse,,2026-09-07T05:46:50.365367+00:00,2022-09-17T00:00:00
NFL_NO_00-0031503_2022W02_QUESTIONABLE_LP,NFL,2022,2,2022_NFL_W02_TB_NO,NFL_NO,NFL_P_00-0031503,QB,,QUESTIONABLE,LP,Back,2022-09-17,nflverse,,2026-09-07T05:46:50.365367+00:00,2022-09-17T00:00:00
NFL_NYG_00-0036522_2022W02_NA_LP,NFL,2022,2,2022_NFL_W02_CAR_NYG,NFL_NYG,NFL_P_00-0036522,OL,,UNKNOWN,LP,Illness,2022-09-17,nflverse,,2026-09-07T05:46:50.365367+00:00,2022-09-17T00:00:00
NFL_NYG_00-0036589_2022W02_OUT_DNP,NFL,2022,2,2022_NFL_W02_CAR_NYG,NFL_NYG,NFL_P_00-0036589,CB,,OUT,DNP,Hamstring,2022-09-17,nflverse,,2026-09-07T05:46:50.365367+00:00,2022-09-17T00:00:00
NFL_NYG_00-0036899_2022W02_OUT_DNP,NFL,2022,2,2022_NFL_W02_CAR_NYG,NFL_NYG,NFL_P_00-0036899,CB,,OUT,DNP,Appendicitis,2022-09-17,nflverse,,2026-09-07T05:46:50.365367+00:00,2022-09-17T00:00:00
NFL_NYG_00-0038117_2022W02_OUT_DNP,NFL,2022,2,2022_NFL_W02_CAR_NYG,NFL_NYG,NFL_P_00-0038117,WR,,OUT,DNP,Knee,2022-09-17,nflverse,,2026-09-07T05:46:50.365367+00:00,2022-09-17T00:00:00
NFL_NYG_00-0036502_2022W02_OUT_LP,NFL,2022,2,2022_NFL_W02_CAR_NYG,NFL_NYG,NFL_P_00-0036502,CB,,OUT,LP,Shoulder,2022-09-17,nflverse,,2026-09-07T05:46:50.365367+00:00,2022-09-17T00:00:00
NFL_NYG_00-0036552_2022W02_DOUBTFUL_LP,NFL,2022,2,2022_NFL_W02_CAR_NYG,NFL_NYG,NFL_P_00-0036552,LB,,DOUBTFUL,LP,Calf,2022-09-17,nflverse,,2026-09-07T05:46:50.365367+00:00,2022-09-17T00:00:00
NFL_NYG_00-0037611_2022W02_DOUBTFUL_LP,NFL,2022,2,2022_NFL_W02_CAR_NYG,NFL_NYG,NFL_P_00-0037611,LB,,DOUBTFUL,LP,Knee,2022-09-17,nflverse,,2026-09-07T05:46:50.365367+00:00,2022-09-17T00:00:00
NFL_NYG_00-0036913_2022W02_QUESTIONABLE_LP,NFL,2022,2,2022_NFL_W02_CAR_NYG,NFL_NYG,NFL_P_00-0036913,WR,,QUESTIONABLE,LP,Hamstring,2022-09-17,nflverse,,2026-09-07T05:46:50.365367+00:00,2022-09-17T00:00:00
NFL_NYJ_00-0037013_2022W02_OUT_LP,NFL,2022,2,2022_NFL_W02_NYJ_CLE,NFL_NYJ,NFL_P_00-0037013,QB,,OUT,LP,Knee,2022-09-17,nflverse,,2026-09-07T05:46:50.365367+00:00,2022-09-17T00:00:00
NFL_NYJ_00-0032134_2022W02_DOUBTFUL_DNP,NFL,2022,2,2022_NFL_W02_NYJ_CLE,NFL_NYJ,NFL_P_00-0032134,TE,,DOUBTFUL,DNP,Hamstring,2022-09-17,nflverse,,2026-09-07T05:46:50.365367+00:00,2022-09-17T00:00:00
NFL_NYJ_00-0034419_2022W02_QUESTIONABLE_FP,NFL,2022,2,2022_NFL_W02_NYJ_CLE,NFL_NYJ,NFL_P_00-0034419,WR,,QUESTIONABLE,FP,Heel,2022-09-17,nflverse,,2026-09-07T05:46:50.365367+00:00,2022-09-17T00:00:00
NFL_NYJ_00-0032466_2022W02_QUESTIONABLE_FP,NFL,2022,2,2022_NFL_W02_NYJ_CLE,NFL_NYJ,NFL_P_00-0032466,OL,,QUESTIONABLE,FP,Knee,2022-09-17,nflverse,,2026-09-07T05:46:50.365367+00:00,2022-09-17T00:00:00
NFL_NYJ_00-0034805_2022W02_QUESTIONABLE_FP,NFL,2022,2,2022_NFL_W02_NYJ_CLE,NFL_NYJ,NFL_P_00-0034805,EDGE,,QUESTIONABLE,FP,Toe,2022-09-17,nflverse,,2026-09-07T05:46:50.365367+00:00,2022-09-17T00:00:00
NFL_NYJ_00-0036313_2022W02_QUESTIONABLE_FP,NFL,2022,2,2022_NFL_W02_NYJ_CLE,NFL_NYJ,NFL_P_00-0036313,P,,QUESTIONABLE,FP,Back,2022-09-17,nflverse,,2026-09-07T05:46:50.365367+00:00,2022-09-17T00:00:00
NFL_NYJ_00-0034374_2022W02_QUESTIONABLE_FP,NFL,2022,2,2022_NFL_W02_NYJ_CLE,NFL_NYJ,NFL_P_00-0034374,S,,QUESTIONABLE,FP,Ankle,2022-09-17,nflverse,,2026-09-07T05:46:50.365367+00:00,2022-09-17T00:00:00
NFL_PIT_00-0033886_2022W02_NA_DNP,NFL,2022,2,2022_NFL_W02_NE_PIT,NFL_PIT,NFL_P_00-0033886,LB,,UNKNOWN,DNP,Pectoral,2022-09-17,nflverse,,2026-09-07T05:46:50.365367+00:00,2022-09-17T00:00:00
NFL_SEA_00-0033872_2022W02_NA_DNP,NFL,2022,2,2022_NFL_W02_SEA_SF,NFL_SEA,NFL_P_00-0033872,S,,UNKNOWN,DNP,Knee,2022-09-17,nflverse,,2026-09-07T05:46:50.365367+00:00,2022-09-17T00:00:00
NFL_SEA_00-0037141_2022W02_DOUBTFUL_DNP,NFL,2022,2,2022_NFL_W02_SEA_SF,NFL_SEA,NFL_P_00-0037141,S,,DOUBTFUL,DNP,Hamstring,2022-09-17,nflverse,,2026-09-07T05:46:50.365367+00:00,2022-09-17T00:00:00
NFL_SEA_00-0031796_2022W02_QUESTIONABLE_DNP,NFL,2022,2,2022_NFL_W02_SEA_SF,NFL_SEA,NFL_P_00-0031796,CB,,QUESTIONABLE,DNP,Calf,2022-09-17,nflverse,,2026-09-07T05:46:50.365367+00:00,2022-09-17T00:00:00
NFL_SEA_00-0033103_2022W02_QUESTIONABLE_LP,NFL,2022,2,2022_NFL_W02_SEA_SF,NFL_SEA,NFL_P_00-0033103,CB,,QUESTIONABLE,LP,Groin,2022-09-17,nflverse,,2026-09-07T05:46:50.365367+00:00,2022-09-17T00:00:00
NFL_SF_00-0033221_2022W02_OUT_DNP,NFL,2022,2,2022_NFL_W02_SEA_SF,NFL_SF,NFL_P_00-0033221,OL,,OUT,DNP,Hamstring,2022-09-17,nflverse,,2026-09-07T05:46:50.365367+00:00,2022-09-17T00:00:00
NFL_SF_00-0033288_2022W02_QUESTIONABLE_LP,NFL,2022,2,2022_NFL_W02_SEA_SF,NFL_SF,NFL_P_00-0033288,TE,,QUESTIONABLE,LP,Groin,2022-09-17,nflverse,,2026-09-07T05:46:50.365367+00:00,2022-09-17T00:00:00
NFL_TB_00-0029562_2022W02_NA_DNP,NFL,2022,2,2022_NFL_W02_TB_NO,NFL_TB,NFL_P_00-0029562,LB,,UNKNOWN,DNP,Not injury related - resting player,2022-09-17,nflverse,,2026-09-07T05:46:50.365367+00:00,2022-09-17T00:00:00
NFL_TB_00-0029657_2022W02_NA_DNP,NFL,2022,2,2022_NFL_W02_TB_NO,NFL_TB,NFL_P_00-0029657,DL,,UNKNOWN,DNP,Not injury related - resting player,2022-09-17,nflverse,,2026-09-07T05:46:50.365367+00:00,2022-09-17T00:00:00
NFL_TB_00-0033921_2022W02_OUT_DNP,NFL,2022,2,2022_NFL_W02_TB_NO,NFL_TB,NFL_P_00-0033921,WR,,OUT,DNP,Hamstring,2022-09-17,nflverse,,2026-09-07T05:46:50.365367+00:00,2022-09-17T00:00:00
NFL_TB_00-0032217_2022W02_DOUBTFUL_DNP,NFL,2022,2,2022_NFL_W02_TB_NO,NFL_TB,NFL_P_00-0032217,OL,,DOUBTFUL,DNP,Elbow,2022-09-17,nflverse,,2026-09-07T05:46:50.365367+00:00,2022-09-17T00:00:00
NFL_TB_00-0037268_2022W02_DOUBTFUL_LP,NFL,2022,2,2022_NFL_W02_TB_NO,NFL_TB,NFL_P_00-0037268,CB,,DOUBTFUL,LP,Hamstring,2022-09-17,nflverse,,2026-09-07T05:46:50.365367+00:00,2022-09-17T00:00:00
NFL_TB_00-0031408_2022W02_QUESTIONABLE_LP,NFL,2022,2,2022_NFL_W02_TB_NO,NFL_TB,NFL_P_00-0031408,WR,,QUESTIONABLE,LP,Calf,2022-09-17,nflverse,,2026-09-07T05:46:50.365367+00:00,2022-09-17T00:00:00
NFL_TB_00-0033856_2022W02_QUESTIONABLE_LP,NFL,2022,2,2022_NFL_W02_TB_NO,NFL_TB,NFL_P_00-0033856,RB,,QUESTIONABLE,LP,Hamstring,2022-09-17,nflverse,,2026-09-07T05:46:50.365367+00:00,2022-09-17T00:00:00
NFL_TB_00-0034411_2022W02_QUESTIONABLE_LP,NFL,2022,2,2022_NFL_W02_TB_NO,NFL_TB,NFL_P_00-0034411,WR,,QUESTIONABLE,LP,Hamstring,2022-09-17,nflverse,,2026-09-07T05:46:50.365367+00:00,2022-09-17T00:00:00
NFL_TB_00-0027944_2022W02_QUESTIONABLE_LP,NFL,2022,2,2022_NFL_W02_TB_NO,NFL_TB,NFL_P_00-0027944,WR,,QUESTIONABLE,LP,Knee,2022-09-17,nflverse,,2026-09-07T05:46:50.365367+00:00,2022-09-17T00:00:00
NFL_TB_00-0032054_2022W02_QUESTIONABLE_LP,NFL,2022,2,2022_NFL_W02_TB_NO,NFL_TB,NFL_P_00-0032054,WR,,QUESTIONABLE,LP,Knee,2022-09-17,nflverse,,2026-09-07T05:46:50.365367+00:00,2022-09-17T00:00:00
NFL_TB_00-0036406_2022W02_QUESTIONABLE_LP,NFL,2022,2,2022_NFL_W02_TB_NO,NFL_TB,NFL_P_00-0036406,OL,,QUESTIONABLE,LP,Abdomen,2022-09-17,nflverse,,2026-09-07T05:46:50.365367+00:00,2022-09-17T00:00:00
NFL_TEN_00-0034204_2022W02_NA_LP,NFL,2022,2,2022_NFL_W02_TEN_BUF,NFL_TEN,NFL_P_00-0034204,LB,,UNKNOWN,LP,Neck,2022-09-18,nflverse,,2026-09-07T05:46:50.365367+00:00,2022-09-18T00:00:00
NFL_TEN_00-0036619_2022W02_NA_LP,NFL,2022,2,2022_NFL_W02_TEN_BUF,NFL_TEN,NFL_P_00-0036619,OL,,UNKNOWN,LP,Neck,2022-09-18,nflverse,,2026-09-07T05:46:50.365367+00:00,2022-09-18T00:00:00
NFL_TEN_00-0036416_2022W02_OUT_DNP,NFL,2022,2,2022_NFL_W02_TEN_BUF,NFL_TEN,NFL_P_00-0036416,CB,,OUT,DNP,Hamstring,2022-09-18,nflverse,,2026-09-07T05:46:50.365367+00:00,2022-09-18T00:00:00
NFL_TEN_00-0034253_2022W02_OUT_DNP,NFL,2022,2,2022_NFL_W02_TEN_BUF,NFL_TEN,NFL_P_00-0034253,RB,,OUT,DNP,Hamstring,2022-09-18,nflverse,,2026-09-07T05:46:50.365367+00:00,2022-09-18T00:00:00
NFL_TEN_00-0034729_2022W02_OUT_DNP,NFL,2022,2,2022_NFL_W02_TEN_BUF,NFL_TEN,NFL_P_00-0034729,OL,,OUT,DNP,Elbow,2022-09-18,nflverse,,2026-09-07T05:46:50.365367+00:00,2022-09-18T00:00:00
NFL_TEN_00-0037273_2022W02_QUESTIONABLE_LP,NFL,2022,2,2022_NFL_W02_TEN_BUF,NFL_TEN,NFL_P_00-0037273,WR,,QUESTIONABLE,LP,Shoulder,2022-09-18,nflverse,,2026-09-07T05:46:50.365367+00:00,2022-09-18T00:00:00
NFL_WAS_00-0035286_2022W02_NA_LP,NFL,2022,2,2022_NFL_W02_WAS_DET,NFL_WAS,NFL_P_00-0035286,LB,,UNKNOWN,LP,Quadricep,2022-09-17,nflverse,,2026-09-07T05:46:50.365367+00:00,2022-09-17T00:00:00
NFL_WAS_00-0033523_2022W02_QUESTIONABLE_FP,NFL,2022,2,2022_NFL_W02_WAS_DET,NFL_WAS,NFL_P_00-0033523,DL,,QUESTIONABLE,FP,Groin,2022-09-17,nflverse,,2026-09-07T05:46:50.365367+00:00,2022-09-17T00:00:00
NFL_WAS_00-0036349_2022W02_QUESTIONABLE_LP,NFL,2022,2,2022_NFL_W02_WAS_DET,NFL_WAS,NFL_P_00-0036349,S,,QUESTIONABLE,LP,Thumb,2022-09-17,nflverse,,2026-09-07T05:46:50.365367+00:00,2022-09-17T00:00:00
NFL_WAS_00-0032432_2022W02_QUESTIONABLE_LP,NFL,2022,2,2022_NFL_W02_WAS_DET,NFL_WAS,NFL_P_00-0032432,OL,,QUESTIONABLE,LP,Hamstring,2022-09-17,nflverse,,2026-09-07T05:46:50.365367+00:00,2022-09-17T00:00:00
NFL_ARI_00-0029316_2022W03_NA_DNP,NFL,2022,3,2022_NFL_W03_LAR_ARI,NFL_ARI,NFL_P_00-0029316,OL,,UNKNOWN,DNP,Not injury related - resting player,2022-09-24,nflverse,,2026-09-07T05:46:50.365367+00:00,2022-09-24T00:00:00
NFL_ARI_00-0035662_2022W03_NA_DNP,NFL,2022,3,2022_NFL_W03_LAR_ARI,NFL_ARI,NFL_P_00-0035662,WR,,UNKNOWN,DNP,Not injury related - resting player,2022-09-24,nflverse,,2026-09-07T05:46:50.365367+00:00,2022-09-24T00:00:00
NFL_ARI_00-0030061_2022W03_NA_DNP,NFL,2022,3,2022_NFL_W03_LAR_ARI,NFL_ARI,NFL_P_00-0030061,TE,,UNKNOWN,DNP,Not injury related - resting player,2022-09-24,nflverse,,2026-09-07T05:46:50.365367+00:00,2022-09-24T00:00:00
NFL_ARI_00-0027942_2022W03_NA_DNP,NFL,2022,3,2022_NFL_W03_LAR_ARI,NFL_ARI,NFL_P_00-0027942,WR,,UNKNOWN,DNP,Not injury related - resting player,2022-09-24,nflverse,,2026-09-07T05:46:50.365367+00:00,2022-09-24T00:00:00
NFL_ARI_00-0027993_2022W03_NA_DNP,NFL,2022,3,2022_NFL_W03_LAR_ARI,NFL_ARI,NFL_P_00-0027993,OL,,UNKNOWN,DNP,Not injury related - resting player,2022-09-24,nflverse,,2026-09-07T05:46:50.365367+00:00,2022-09-24T00:00:00
NFL_ARI_00-0037744_2022W03_NA_DNP,NFL,2022,3,2022_NFL_W03_LAR_ARI,NFL_ARI,NFL_P_00-0037744,TE,,UNKNOWN,DNP,Not injury related - personal matter,2022-09-24,nflverse,,2026-09-07T05:46:50.365367+00:00,2022-09-24T00:00:00
NFL_ARI_00-0030585_2022W03_NA_DNP,NFL,2022,3,2022_NFL_W03_LAR_ARI,NFL_ARI,NFL_P_00-0030585,OL,,UNKNOWN,DNP,Not injury related - resting player,2022-09-24,nflverse,,2026-09-07T05:46:50.365367+00:00,2022-09-24T00:00:00
NFL_ARI_00-0036936_2022W03_OUT_DNP,NFL,2022,3,2022_NFL_W03_LAR_ARI,NFL_ARI,NFL_P_00-0036936,WR,,OUT,DNP,Hamstring,2022-09-24,nflverse,,2026-09-07T05:46:50.365367+00:00,2022-09-24T00:00:00
NFL_ARI_00-0034490_2022W03_OUT_DNP,NFL,2022,3,2022_NFL_W03_LAR_ARI,NFL_ARI,NFL_P_00-0034490,LB,,OUT,DNP,Ankle,2022-09-24,nflverse,,2026-09-07T05:46:50.365367+00:00,2022-09-24T00:00:00
NFL_ARI_00-0033553_2022W03_QUESTIONABLE_LP,NFL,2022,3,2022_NFL_W03_LAR_ARI,NFL_ARI,NFL_P_00-0033553,RB,,QUESTIONABLE,LP,Ankle,2022-09-24,nflverse,,2026-09-07T05:46:50.365367+00:00,2022-09-24T00:00:00
NFL_ATL_00-0033676_2022W03_OUT_DNP,NFL,2022,3,2022_NFL_W03_ATL_SEA,NFL_ATL,NFL_P_00-0033676,OL,,OUT,DNP,Not injury related - personal matter,2022-09-24,nflverse,,2026-09-07T05:46:50.365367+00:00,2022-09-24T00:00:00
NFL_BAL_00-0036550_2022W03_NA_DNP,NFL,2022,3,2022_NFL_W03_BAL_NE,NFL_BAL,NFL_P_00-0036550,WR,,UNKNOWN,DNP,Not injury related - personal matter,2022-09-24,nflverse,,2026-09-07T05:46:50.365367+00:00,2022-09-24T00:00:00
NFL_BAL_00-0026190_2022W03_NA_DNP,NFL,2022,3,2022_NFL_W03_BAL_NE,NFL_BAL,NFL_P_00-0026190,EDGE,,UNKNOWN,DNP,Not injury related - resting player,2022-09-24,nflverse,,2026-09-07T05:46:50.365367+00:00,2022-09-24T00:00:00
NFL_BAL_00-0028008_2022W03_NA_DNP,NFL,2022,3,2022_NFL_W03_BAL_NE,NFL_BAL,NFL_P_00-0028008,LB,,UNKNOWN,DNP,Not injury related - resting player,2022-09-24,nflverse,,2026-09-07T05:46:50.365367+00:00,2022-09-24T00:00:00
NFL_BAL_00-0032965_2022W03_DOUBTFUL_DNP,NFL,2022,3,2022_NFL_W03_BAL_NE,NFL_BAL,NFL_P_00-0032965,OL,,DOUBTFUL,DNP,Ankle,2022-09-24,nflverse,,2026-09-07T05:46:50.365367+00:00,2022-09-24T00:00:00
NFL_BAL_00-0036158_2022W03_QUESTIONABLE_FP,NFL,2022,3,2022_NFL_W03_BAL_NE,NFL_BAL,NFL_P_00-0036158,RB,,QUESTIONABLE,FP,Knee,2022-09-24,nflverse,,2026-09-07T05:46:50.365367+00:00,2022-09-24T00:00:00
NFL_BAL_00-0033281_2022W03_QUESTIONABLE_FP,NFL,2022,3,2022_NFL_W03_BAL_NE,NFL_BAL,NFL_P_00-0033281,CB,,QUESTIONABLE,FP,Groin,2022-09-24,nflverse,,2026-09-07T05:46:50.365367+00:00,2022-09-24T00:00:00
NFL_BAL_00-0032165_2022W03_QUESTIONABLE_FP,NFL,2022,3,2022_NFL_W03_BAL_NE,NFL_BAL,NFL_P_00-0032165,CB,,QUESTIONABLE,FP,Not injury related - resting player,2022-09-24,nflverse,,2026-09-07T05:46:50.365367+00:00,2022-09-24T00:00:00
NFL_BAL_00-0036133_2022W03_QUESTIONABLE_FP,NFL,2022,3,2022_NFL_W03_BAL_NE,NFL_BAL,NFL_P_00-0036133,WR,,QUESTIONABLE,FP,Groin,2022-09-24,nflverse,,2026-09-07T05:46:50.365367+00:00,2022-09-24T00:00:00
NFL_BAL_00-0036987_2022W03_QUESTIONABLE_FP,NFL,2022,3,2022_NFL_W03_BAL_NE,NFL_BAL,NFL_P_00-0036987,CB,,QUESTIONABLE,FP,Quadricep,2022-09-24,nflverse,,2026-09-07T05:46:50.365367+00:00,2022-09-24T00:00:00
NFL_BAL_00-0037984_2022W03_QUESTIONABLE_FP,NFL,2022,3,2022_NFL_W03_BAL_NE,NFL_BAL,NFL_P_00-0037984,CB,,QUESTIONABLE,FP,Ankle,2022-09-24,nflverse,,2026-09-07T05:46:50.365367+00:00,2022-09-24T00:00:00
NFL_BAL_00-0037838_2022W03_QUESTIONABLE_LP,NFL,2022,3,2022_NFL_W03_BAL_NE,NFL_BAL,NFL_P_00-0037838,TE,,QUESTIONABLE,LP,Groin,2022-09-24,nflverse,,2026-09-07T05:46:50.365367+00:00,2022-09-24T00:00:00
NFL_BUF_00-0031588_2022W03_NA_DNP,NFL,2022,3,2022_NFL_W03_BUF_MIA,NFL_BUF,NFL_P_00-0031588,WR,,UNKNOWN,DNP,Not injury related - resting player,2022-09-24,nflverse,,2026-09-07T05:46:50.365367+00:00,2022-09-24T00:00:00
NFL_BUF_00-0030090_2022W03_OUT_DNP,NFL,2022,3,2022_NFL_W03_BUF_MIA,NFL_BUF,NFL_P_00-0030090,S,,OUT,DNP,Neck,2022-09-24,nflverse,,2026-09-07T05:46:50.365367+00:00,2022-09-24T00:00:00
NFL_BUF_00-0036166_2022W03_OUT_DNP,NFL,2022,3,2022_NFL_W03_BUF_MIA,NFL_BUF,NFL_P_00-0036166,CB,,OUT,DNP,Neck,2022-09-24,nflverse,,2026-09-07T05:46:50.365367+00:00,2022-09-24T00:00:00
NFL_BUF_00-0031557_2022W03_OUT_DNP,NFL,2022,3,2022_NFL_W03_BUF_MIA,NFL_BUF,NFL_P_00-0031557,DL,,OUT,DNP,Hamstring,2022-09-24,nflverse,,2026-09-07T05:46:50.365367+00:00,2022-09-24T00:00:00
NFL_BUF_00-0035230_2022W03_OUT_LP,NFL,2022,3,2022_NFL_W03_BUF_MIA,NFL_BUF,NFL_P_00-0035230,DL,,OUT,LP,Ankle,2022-09-24,nflverse,,2026-09-07T05:46:50.365367+00:00,2022-09-24T00:00:00
NFL_BUF_00-0036196_2022W03_QUESTIONABLE_LP,NFL,2022,3,2022_NFL_W03_BUF_MIA,NFL_BUF,NFL_P_00-0036196,WR,,QUESTIONABLE,LP,Ankle,2022-09-24,nflverse,,2026-09-07T05:46:50.365367+00:00,2022-09-24T00:00:00
NFL_BUF_00-0035689_2022W03_QUESTIONABLE_LP,NFL,2022,3,2022_NFL_W03_BUF_MIA,NFL_BUF,NFL_P_00-0035689,TE,,QUESTIONABLE,LP,Foot,2022-09-24,nflverse,,2026-09-07T05:46:50.365367+00:00,2022-09-24T00:00:00
NFL_BUF_00-0031936_2022W03_QUESTIONABLE_LP,NFL,2022,3,2022_NFL_W03_BUF_MIA,NFL_BUF,NFL_P_00-0031936,OL,,QUESTIONABLE,LP,Elbow,2022-09-24,nflverse,,2026-09-07T05:46:50.365367+00:00,2022-09-24T00:00:00
NFL_BUF_00-0030114_2022W03_QUESTIONABLE_LP,NFL,2022,3,2022_NFL_W03_BUF_MIA,NFL_BUF,NFL_P_00-0030114,S,,QUESTIONABLE,LP,Foot,2022-09-24,nflverse,,2026-09-07T05:46:50.365367+00:00,2022-09-24T00:00:00
NFL_BUF_00-0034397_2022W03_QUESTIONABLE_LP,NFL,2022,3,2022_NFL_W03_BUF_MIA,NFL_BUF,NFL_P_00-0034397,DL,,QUESTIONABLE,LP,Calf,2022-09-24,nflverse,,2026-09-07T05:46:50.365367+00:00,2022-09-24T00:00:00
NFL_CAR_00-0035713_2022W03_NA_LP,NFL,2022,3,2022_NFL_W03_NO_CAR,NFL_CAR,NFL_P_00-0035713,EDGE,,UNKNOWN,LP,Ankle,2022-09-24,nflverse,,2026-09-07T05:46:50.365367+00:00,2022-09-24T00:00:00
NFL_CAR_00-0032781_2022W03_NA_LP,NFL,2022,3,2022_NFL_W03_NO_CAR,NFL_CAR,NFL_P_00-0032781,DL,,UNKNOWN,LP,Groin,2022-09-24,nflverse,,2026-09-07T05:46:50.365367+00:00,2022-09-24T00:00:00
NFL_CAR_00-0036315_2022W03_QUESTIONABLE_DNP,NFL,2022,3,2022_NFL_W03_NO_CAR,NFL_CAR,NFL_P_00-0036315,CB,,QUESTIONABLE,DNP,Achilles,2022-09-24,nflverse,,2026-09-07T05:46:50.365367+00:00,2022-09-24T00:00:00
NFL_CAR_00-0034356_2022W03_QUESTIONABLE_FP,NFL,2022,3,2022_NFL_W03_NO_CAR,NFL_CAR,NFL_P_00-0034356,CB,,QUESTIONABLE,FP,Hamstring,2022-09-24,nflverse,,2026-09-07T05:46:50.365367+00:00,2022-09-24T00:00:00
NFL_CHI_00-0034424_2022W03_OUT_DNP,NFL,2022,3,2022_NFL_W03_HOU_CHI,NFL_CHI,NFL_P_00-0034424,LB,,OUT,DNP,Hamstring,2022-09-24,nflverse,,2026-09-07T05:46:50.365367+00:00,2022-09-24T00:00:00
NFL_CHI_00-0034389_2022W03_OUT_DNP,NFL,2022,3,2022_NFL_W03_HOU_CHI,NFL_CHI,NFL_P_00-0034389,S,,OUT,DNP,Hamstring,2022-09-24,nflverse,,2026-09-07T05:46:50.365367+00:00,2022-09-24T00:00:00
NFL_CHI_00-0030108_2022W03_OUT_DNP,NFL,2022,3,2022_NFL_W03_HOU_CHI,NFL_CHI,NFL_P_00-0030108,TE,,OUT,DNP,Achilles,2022-09-24,nflverse,,2026-09-07T05:46:50.365367+00:00,2022-09-24T00:00:00
NFL_CHI_00-0037745_2022W03_DOUBTFUL_LP,NFL,2022,3,2022_NFL_W03_HOU_CHI,NFL_CHI,NFL_P_00-0037745,WR,,DOUBTFUL,LP,Hamstring,2022-09-24,nflverse,,2026-09-07T05:46:50.365367+00:00,2022-09-24T00:00:00
NFL_CHI_00-0036292_2022W03_QUESTIONABLE_DNP,NFL,2022,3,2022_NFL_W03_HOU_CHI,NFL_CHI,NFL_P_00-0036292,CB,,QUESTIONABLE,DNP,Quadricep,2022-09-24,nflverse,,2026-09-07T05:46:50.365367+00:00,2022-09-24T00:00:00
NFL_CHI_00-0034874_2022W03_QUESTIONABLE_DNP,NFL,2022,3,2022_NFL_W03_HOU_CHI,NFL_CHI,NFL_P_00-0034874,LB,,QUESTIONABLE,DNP,Hip,2022-09-24,nflverse,,2026-09-07T05:46:50.365367+00:00,2022-09-24T00:00:00
NFL_CIN_00-0035631_2022W03_OUT_DNP,NFL,2022,3,2022_NFL_W03_CIN_NYJ,NFL_CIN,NFL_P_00-0035631,TE,,OUT,DNP,Knee,2022-09-24,nflverse,,2026-09-07T05:46:50.365367+00:00,2022-09-24T00:00:00
NFL_CIN_00-0035697_2022W03_DOUBTFUL_DNP,NFL,2022,3,2022_NFL_W03_CIN_NYJ,NFL_CIN,NFL_P_00-0035697,LB,,DOUBTFUL,DNP,Knee,2022-09-24,nflverse,,2026-09-07T05:46:50.365367+00:00,2022-09-24T00:00:00
NFL_CIN_00-0031534_2022W03_QUESTIONABLE_DNP,NFL,2022,3,2022_NFL_W03_CIN_NYJ,NFL_CIN,NFL_P_00-0031534,OL,,QUESTIONABLE,DNP,Back,2022-09-24,nflverse,,2026-09-07T05:46:50.365367+00:00,2022-09-24T00:00:00
NFL_CIN_00-0034830_2022W03_QUESTIONABLE_LP,NFL,2022,3,2022_NFL_W03_CIN_NYJ,NFL_CIN,NFL_P_00-0034830,TE,,QUESTIONABLE,LP,Groin,2022-09-24,nflverse,,2026-09-07T05:46:50.365367+00:00,2022-09-24T00:00:00
NFL_CLE_00-0032135_2022W03_NA_DNP,NFL,2022,3,2022_NFL_W03_PIT_CLE,NFL_CLE,NFL_P_00-0032135,TE,,UNKNOWN,DNP,Biceps,2022-09-22,nflverse,,2026-09-07T05:46:50.365367+00:00,2022-09-22T00:00:00
NFL_CLE_00-0035654_2022W03_NA_DNP,NFL,2022,3,2022_NFL_W03_PIT_CLE,NFL_CLE,NFL_P_00-0035654,EDGE,,UNKNOWN,DNP,Hamstring,2022-09-22,nflverse,,2026-09-07T05:46:50.365367+00:00,2022-09-22T00:00:00
NFL_CLE_00-0031426_2022W03_NA_LP,NFL,2022,3,2022_NFL_W03_PIT_CLE,NFL_CLE,NFL_P_00-0031426,OL,,UNKNOWN,LP,Biceps,2022-09-22,nflverse,,2026-09-07T05:46:50.365367+00:00,2022-09-22T00:00:00
NFL_CLE_00-0033057_2022W03_NA_LP,NFL,2022,3,2022_NFL_W03_PIT_CLE,NFL_CLE,NFL_P_00-0033057,OL,,UNKNOWN,LP,Knee,2022-09-22,nflverse,,2026-09-07T05:46:50.365367+00:00,2022-09-22T00:00:00
NFL_CLE_00-0033868_2022W03_NA_LP,NFL,2022,3,2022_NFL_W03_PIT_CLE,NFL_CLE,NFL_P_00-0033868,EDGE,,UNKNOWN,LP,Neck,2022-09-22,nflverse,,2026-09-07T05:46:50.365367+00:00,2022-09-22T00:00:00
NFL_CLE_00-0029963_2022W03_NA_LP,NFL,2022,3,2022_NFL_W03_PIT_CLE,NFL_CLE,NFL_P_00-0029963,OL,,UNKNOWN,LP,Illness,2022-09-22,nflverse,,2026-09-07T05:46:50.365367+00:00,2022-09-22T00:00:00
NFL_CLE_00-0031364_2022W03_OUT_DNP,NFL,2022,3,2022_NFL_W03_PIT_CLE,NFL_CLE,NFL_P_00-0031364,EDGE,,OUT,DNP,Ankle,2022-09-22,nflverse,,2026-09-07T05:46:50.365367+00:00,2022-09-22T00:00:00
NFL_DAL_00-0032454_2022W03_OUT_DNP,NFL,2022,3,2022_NFL_W03_DAL_NYG,NFL_DAL,NFL_P_00-0032454,S,,OUT,DNP,Knee,2022-09-26,nflverse,,2026-09-07T05:46:50.365367+00:00,2022-09-26T00:00:00
NFL_DAL_00-0033077_2022W03_OUT_DNP,NFL,2022,3,2022_NFL_W03_DAL_NYG,NFL_DAL,NFL_P_00-0033077,QB,,OUT,DNP,right Thumb,2022-09-26,nflverse,,2026-09-07T05:46:50.365367+00:00,2022-09-26T00:00:00
NFL_DAL_00-0035679_2022W03_OUT_LP,NFL,2022,3,2022_NFL_W03_DAL_NYG,NFL_DAL,NFL_P_00-0035679,OL,,OUT,LP,Ankle,2022-09-26,nflverse,,2026-09-07T05:46:50.365367+00:00,2022-09-26T00:00:00
NFL_DAL_00-0034764_2022W03_QUESTIONABLE_FP,NFL,2022,3,2022_NFL_W03_DAL_NYG,NFL_DAL,NFL_P_00-0034764,WR,,QUESTIONABLE,FP,Knee,2022-09-26,nflverse,,2026-09-07T05:46:50.365367+00:00,2022-09-26T00:00:00
NFL_DAL_00-0036649_2022W03_QUESTIONABLE_LP,NFL,2022,3,2022_NFL_W03_DAL_NYG,NFL_DAL,NFL_P_00-0036649,DL,,QUESTIONABLE,LP,Neck,2022-09-26,nflverse,,2026-09-07T05:46:50.365367+00:00,2022-09-26T00:00:00
NFL_DAL_00-0036932_2022W03_QUESTIONABLE_LP,NFL,2022,3,2022_NFL_W03_DAL_NYG,NFL_DAL,NFL_P_00-0036932,LB,,QUESTIONABLE,LP,Illness,2022-09-26,nflverse,,2026-09-07T05:46:50.365367+00:00,2022-09-26T00:00:00
NFL_DAL_00-0034383_2022W03_QUESTIONABLE_LP,NFL,2022,3,2022_NFL_W03_DAL_NYG,NFL_DAL,NFL_P_00-0034383,TE,,QUESTIONABLE,LP,Knee,2022-09-26,nflverse,,2026-09-07T05:46:50.365367+00:00,2022-09-26T00:00:00
NFL_DEN_00-0034683_2022W03_OUT_DNP,NFL,2022,3,2022_NFL_W03_SF_DEN,NFL_DEN,NFL_P_00-0034683,CB,,OUT,DNP,Hamstring,2022-09-25,nflverse,,2026-09-07T05:46:50.365367+00:00,2022-09-25T00:00:00
NFL_DEN_00-0036439_2022W03_QUESTIONABLE_DNP,NFL,2022,3,2022_NFL_W03_SF_DEN,NFL_DEN,NFL_P_00-0036439,WR,,QUESTIONABLE,DNP,Hamstring,2022-09-25,nflverse,,2026-09-07T05:46:50.365367+00:00,2022-09-25T00:00:00
NFL_DEN_00-0036952_2022W03_QUESTIONABLE_DNP,NFL,2022,3,2022_NFL_W03_SF_DEN,NFL_DEN,NFL_P_00-0036952,LB,,QUESTIONABLE,DNP,Hamstring,2022-09-25,nflverse,,2026-09-07T05:46:50.365367+00:00,2022-09-25T00:00:00
NFL_DEN_00-0035678_2022W03_QUESTIONABLE_DNP,NFL,2022,3,2022_NFL_W03_SF_DEN,NFL_DEN,NFL_P_00-0035678,EDGE,,QUESTIONABLE,DNP,Neck,2022-09-25,nflverse,,2026-09-07T05:46:50.365367+00:00,2022-09-25T00:00:00
NFL_DEN_00-0036412_2022W03_QUESTIONABLE_FP,NFL,2022,3,2022_NFL_W03_SF_DEN,NFL_DEN,NFL_P_00-0036412,WR,,QUESTIONABLE,FP,Knee,2022-09-25,nflverse,,2026-09-07T05:46:50.365367+00:00,2022-09-25T00:00:00
NFL_DEN_00-0029890_2022W03_QUESTIONABLE_FP,NFL,2022,3,2022_NFL_W03_SF_DEN,NFL_DEN,NFL_P_00-0029890,DL,,QUESTIONABLE,FP,Elbow,2022-09-25,nflverse,,2026-09-07T05:46:50.365367+00:00,2022-09-25T00:00:00
NFL_DEN_00-0036874_2022W03_QUESTIONABLE_FP,NFL,2022,3,2022_NFL_W03_SF_DEN,NFL_DEN,NFL_P_00-0036874,CB,,QUESTIONABLE,FP,Shoulder,2022-09-25,nflverse,,2026-09-07T05:46:50.365367+00:00,2022-09-25T00:00:00
NFL_DEN_00-0036407_2022W03_QUESTIONABLE_LP,NFL,2022,3,2022_NFL_W03_SF_DEN,NFL_DEN,NFL_P_00-0036407,WR,,QUESTIONABLE,LP,Rib,2022-09-25,nflverse,,2026-09-07T05:46:50.365367+00:00,2022-09-25T00:00:00
NFL_DEN_00-0034368_2022W03_QUESTIONABLE_LP,NFL,2022,3,2022_NFL_W03_SF_DEN,NFL_DEN,NFL_P_00-0034368,LB,,QUESTIONABLE,LP,Calf,2022-09-25,nflverse,,2026-09-07T05:46:50.365367+00:00,2022-09-25T00:00:00
NFL_DEN_00-0037001_2022W03_QUESTIONABLE_LP,NFL,2022,3,2022_NFL_W03_SF_DEN,NFL_DEN,NFL_P_00-0037001,OL,,QUESTIONABLE,LP,Hamstring,2022-09-25,nflverse,,2026-09-07T05:46:50.365367+00:00,2022-09-25T00:00:00
NFL_DEN_00-0031433_2022W03_QUESTIONABLE_LP,NFL,2022,3,2022_NFL_W03_SF_DEN,NFL_DEN,NFL_P_00-0031433,OL,,QUESTIONABLE,LP,Knee,2022-09-25,nflverse,,2026-09-07T05:46:50.365367+00:00,2022-09-25T00:00:00
NFL_DET_00-0034745_2022W03_NA_DNP,NFL,2022,3,2022_NFL_W03_DET_MIN,NFL_DET,NFL_P_00-0034745,S,,UNKNOWN,DNP,Not injury related - personal matter,2022-09-24,nflverse,,2026-09-07T05:46:50.365367+00:00,2022-09-24T00:00:00
NFL_DET_00-0035265_2022W03_OUT_DNP,NFL,2022,3,2022_NFL_W03_DET_MIN,NFL_DET,NFL_P_00-0035265,EDGE,,OUT,DNP,Wrist,2022-09-24,nflverse,,2026-09-07T05:46:50.365367+00:00,2022-09-24T00:00:00
NFL_DET_00-0036258_2022W03_OUT_DNP,NFL,2022,3,2022_NFL_W03_DET_MIN,NFL_DET,NFL_P_00-0036258,OL,,OUT,DNP,Finger,2022-09-24,nflverse,,2026-09-07T05:46:50.365367+00:00,2022-09-24T00:00:00
NFL_DET_00-0035229_2022W03_QUESTIONABLE_LP,NFL,2022,3,2022_NFL_W03_DET_MIN,NFL_DET,NFL_P_00-0035229,TE,,QUESTIONABLE,LP,Hip,2022-09-24,nflverse,,2026-09-07T05:46:50.365367+00:00,2022-09-24T00:00:00
NFL_DET_00-0037236_2022W03_QUESTIONABLE_LP,NFL,2022,3,2022_NFL_W03_DET_MIN,NFL_DET,NFL_P_00-0037236,EDGE,,QUESTIONABLE,LP,Thigh,2022-09-24,nflverse,,2026-09-07T05:46:50.365367+00:00,2022-09-24T00:00:00
NFL_DET_00-0034345_2022W03_QUESTIONABLE_LP,NFL,2022,3,2022_NFL_W03_DET_MIN,NFL_DET,NFL_P_00-0034345,OL,,QUESTIONABLE,LP,Foot,2022-09-24,nflverse,,2026-09-07T05:46:50.365367+00:00,2022-09-24T00:00:00
NFL_DET_00-0036275_2022W03_QUESTIONABLE_LP,NFL,2022,3,2022_NFL_W03_DET_MIN,NFL_DET,NFL_P_00-0036275,RB,,QUESTIONABLE,LP,Ankle,2022-09-24,nflverse,,2026-09-07T05:46:50.365367+00:00,2022-09-24T00:00:00
NFL_GB_00-0025580_2022W03_NA_DNP,NFL,2022,3,2022_NFL_W03_GB_TB,NFL_GB,NFL_P_00-0025580,K,,UNKNOWN,DNP,Illness,2022-09-24,nflverse,,2026-09-07T05:46:50.365367+00:00,2022-09-24T00:00:00
NFL_GB_00-0033120_2022W03_NA_LP,NFL,2022,3,2022_NFL_W03_GB_TB,NFL_GB,NFL_P_00-0033120,DL,,UNKNOWN,LP,Groin,2022-09-24,nflverse,,2026-09-07T05:46:50.365367+00:00,2022-09-24T00:00:00
NFL_GB_00-0034521_2022W03_NA_LP,NFL,2022,3,2022_NFL_W03_GB_TB,NFL_GB,NFL_P_00-0034521,WR,,UNKNOWN,LP,Ankle,2022-09-24,nflverse,,2026-09-07T05:46:50.365367+00:00,2022-09-24T00:00:00
NFL_GB_00-0031325_2022W03_OUT_DNP,NFL,2022,3,2022_NFL_W03_GB_TB,NFL_GB,NFL_P_00-0031325,WR,,OUT,DNP,Hamstring,2022-09-24,nflverse,,2026-09-07T05:46:50.365367+00:00,2022-09-24T00:00:00
NFL_GB_00-0028002_2022W03_QUESTIONABLE_DNP,NFL,2022,3,2022_NFL_W03_GB_TB,NFL_GB,NFL_P_00-0028002,WR,,QUESTIONABLE,DNP,Illness,2022-09-24,nflverse,,2026-09-07T05:46:50.365367+00:00,2022-09-24T00:00:00
NFL_GB_00-0038124_2022W03_QUESTIONABLE_DNP,NFL,2022,3,2022_NFL_W03_GB_TB,NFL_GB,NFL_P_00-0038124,WR,,QUESTIONABLE,DNP,Hamstring,2022-09-24,nflverse,,2026-09-07T05:46:50.365367+00:00,2022-09-24T00:00:00
NFL_GB_00-0030074_2022W03_QUESTIONABLE_LP,NFL,2022,3,2022_NFL_W03_GB_TB,NFL_GB,NFL_P_00-0030074,OL,,QUESTIONABLE,LP,Knee,2022-09-24,nflverse,,2026-09-07T05:46:50.365367+00:00,2022-09-24T00:00:00
NFL_GB_00-0024243_2022W03_QUESTIONABLE_LP,NFL,2022,3,2022_NFL_W03_GB_TB,NFL_GB,NFL_P_00-0024243,TE,,QUESTIONABLE,LP,Groin,2022-09-24,nflverse,,2026-09-07T05:46:50.365367+00:00,2022-09-24T00:00:00
NFL_HOU_00-0027881_2022W03_NA_DNP,NFL,2022,3,2022_NFL_W03_HOU_CHI,NFL_HOU,NFL_P_00-0027881,EDGE,,UNKNOWN,DNP,Not injury related - resting player,2022-09-24,nflverse,,2026-09-07T05:46:50.365367+00:00,2022-09-24T00:00:00
NFL_HOU_00-0032150_2022W03_NA_DNP,NFL,2022,3,2022_NFL_W03_HOU_CHI,NFL_HOU,NFL_P_00-0032150,CB,,UNKNOWN,DNP,Not injury related - personal matter,2022-09-24,nflverse,,2026-09-07T05:46:50.365367+00:00,2022-09-24T00:00:00
NFL_HOU_00-0037302_2022W03_OUT_DNP,NFL,2022,3,2022_NFL_W03_HOU_CHI,NFL_HOU,NFL_P_00-0037302,OL,,OUT,DNP,Ankle,2022-09-24,nflverse,,2026-09-07T05:46:50.365367+00:00,2022-09-24T00:00:00
NFL_HOU_00-0036556_2022W03_OUT_DNP,NFL,2022,3,2022_NFL_W03_HOU_CHI,NFL_HOU,NFL_P_00-0036556,TE,,OUT,DNP,Ankle,2022-09-24,nflverse,,2026-09-07T05:46:50.365367+00:00,2022-09-24T00:00:00
NFL_HOU_00-0034780_2022W03_OUT_DNP,NFL,2022,3,2022_NFL_W03_HOU_CHI,NFL_HOU,NFL_P_00-0034780,CB,,OUT,DNP,Thigh,2022-09-24,nflverse,,2026-09-07T05:46:50.365367+00:00,2022-09-24T00:00:00
NFL_HOU_00-0033131_2022W03_QUESTIONABLE_DNP,NFL,2022,3,2022_NFL_W03_HOU_CHI,NFL_HOU,NFL_P_00-0033131,DL,,QUESTIONABLE,DNP,Knee,2022-09-24,nflverse,,2026-09-07T05:46:50.365367+00:00,2022-09-24T00:00:00
NFL_HOU_00-0037459_2022W03_QUESTIONABLE_DNP,NFL,2022,3,2022_NFL_W03_HOU_CHI,NFL_HOU,NFL_P_00-0037459,DL,,QUESTIONABLE,DNP,Foot,2022-09-24,nflverse,,2026-09-07T05:46:50.365367+00:00,2022-09-24T00:00:00
NFL_HOU_00-0033439_2022W03_QUESTIONABLE_FP,NFL,2022,3,2022_NFL_W03_HOU_CHI,NFL_HOU,NFL_P_00-0033439,TE,,QUESTIONABLE,FP,Shoulder,2022-09-24,nflverse,,2026-09-07T05:46:50.365367+00:00,2022-09-24T00:00:00
NFL_IND_00-0034846_2022W03_OUT_FP,NFL,2022,3,2022_NFL_W03_KC_IND,NFL_IND,NFL_P_00-0034846,LB,,OUT,FP,Back,2022-09-24,nflverse,,2026-09-07T05:46:50.365367+00:00,2022-09-24T00:00:00
NFL_IND_00-0037757_2022W03_OUT_LP,NFL,2022,3,2022_NFL_W03_KC_IND,NFL_IND,NFL_P_00-0037757,OL,,OUT,LP,Ankle,2022-09-24,nflverse,,2026-09-07T05:46:50.365367+00:00,2022-09-24T00:00:00
NFL_IND_00-0033123_2022W03_QUESTIONABLE_LP,NFL,2022,3,2022_NFL_W03_KC_IND,NFL_IND,NFL_P_00-0033123,EDGE,,QUESTIONABLE,LP,Back,2022-09-24,nflverse,,2026-09-07T05:46:50.365367+00:00,2022-09-24T00:00:00
NFL_JAX_00-0033926_2022W03_QUESTIONABLE_LP,NFL,2022,3,2022_NFL_W03_JAX_LAC,NFL_JAX,NFL_P_00-0033926,CB,,QUESTIONABLE,LP,Hip,2022-09-24,nflverse,,2026-09-07T05:46:50.365367+00:00,2022-09-24T00:00:00
NFL_KC_00-0033303_2022W03_OUT_DNP,NFL,2022,3,2022_NFL_W03_KC_IND,NFL_KC,NFL_P_00-0033303,K,,OUT,DNP,left Ankle,2022-09-24,nflverse,,2026-09-07T05:46:50.365367+00:00,2022-09-24T00:00:00
NFL_KC_00-0036378_2022W03_OUT_DNP,NFL,2022,3,2022_NFL_W03_KC_IND,NFL_KC,NFL_P_00-0036378,EDGE,,OUT,DNP,Calf,2022-09-24,nflverse,,2026-09-07T05:46:50.365367+00:00,2022-09-24T00:00:00
NFL_LAR_00-0034804_2022W03_OUT_DNP,NFL,2022,3,2022_NFL_W03_LAR_ARI,NFL_LAR,NFL_P_00-0034804,OL,,OUT,DNP,Knee,2022-09-24,nflverse,,2026-09-07T05:46:50.365367+00:00,2022-09-24T00:00:00
NFL_LAR_00-0037839_2022W03_OUT_DNP,NFL,2022,3,2022_NFL_W03_LAR_ARI,NFL_LAR,NFL_P_00-0037839,CB,,OUT,DNP,Hamstring,2022-09-24,nflverse,,2026-09-07T05:46:50.365367+00:00,2022-09-24T00:00:00
NFL_LAR_00-0036415_2022W03_OUT_DNP,NFL,2022,3,2022_NFL_W03_LAR_ARI,NFL_LAR,NFL_P_00-0036415,WR,,OUT,DNP,Knee,2022-09-24,nflverse,,2026-09-07T05:46:50.365367+00:00,2022-09-24T00:00:00
NFL_LAR_00-0035665_2022W03_OUT_DNP,NFL,2022,3,2022_NFL_W03_LAR_ARI,NFL_LAR,NFL_P_00-0035665,CB,,OUT,DNP,Hamstring,2022-09-24,nflverse,,2026-09-07T05:46:50.365367+00:00,2022-09-24T00:00:00
NFL_LAR_00-0036431_2022W03_QUESTIONABLE_DNP,NFL,2022,3,2022_NFL_W03_LAR_ARI,NFL_LAR,NFL_P_00-0036431,S,,QUESTIONABLE,DNP,Hamstring,2022-09-24,nflverse,,2026-09-07T05:46:50.365367+00:00,2022-09-24T00:00:00
NFL_LAC_00-0034591_2022W03_DOUBTFUL_DNP,NFL,2022,3,2022_NFL_W03_JAX_LAC,NFL_LAC,NFL_P_00-0034591,CB,,DOUBTFUL,DNP,Ankle,2022-09-24,nflverse,,2026-09-07T05:46:50.365367+00:00,2022-09-24T00:00:00
NFL_LAC_00-0031019_2022W03_DOUBTFUL_DNP,NFL,2022,3,2022_NFL_W03_JAX_LAC,NFL_LAC,NFL_P_00-0031019,OL,,DOUBTFUL,DNP,Knee,2022-09-24,nflverse,,2026-09-07T05:46:50.365367+00:00,2022-09-24T00:00:00
NFL_LAC_00-0030279_2022W03_QUESTIONABLE_DNP,NFL,2022,3,2022_NFL_W03_JAX_LAC,NFL_LAC,NFL_P_00-0030279,WR,,QUESTIONABLE,DNP,Hamstring,2022-09-24,nflverse,,2026-09-07T05:46:50.365367+00:00,2022-09-24T00:00:00
NFL_LAC_00-0036355_2022W03_QUESTIONABLE_DNP,NFL,2022,3,2022_NFL_W03_JAX_LAC,NFL_LAC,NFL_P_00-0036355,QB,,QUESTIONABLE,DNP,Ribs,2022-09-24,nflverse,,2026-09-07T05:46:50.365367+00:00,2022-09-24T00:00:00
NFL_LAC_00-0035688_2022W03_QUESTIONABLE_FP,NFL,2022,3,2022_NFL_W03_JAX_LAC,NFL_LAC,NFL_P_00-0035688,OL,,QUESTIONABLE,FP,Foot,2022-09-24,nflverse,,2026-09-07T05:46:50.365367+00:00,2022-09-24T00:00:00
NFL_LAC_00-0035329_2022W03_QUESTIONABLE_LP,NFL,2022,3,2022_NFL_W03_JAX_LAC,NFL_LAC,NFL_P_00-0035329,TE,,QUESTIONABLE,LP,Hamstring,2022-09-24,nflverse,,2026-09-07T05:46:50.365367+00:00,2022-09-24T00:00:00
NFL_LV_00-0029585_2022W03_NA_DNP,NFL,2022,3,2022_NFL_W03_LV_TEN,NFL_LV,NFL_P_00-0029585,EDGE,,UNKNOWN,DNP,Not injury related - resting player,2022-09-24,nflverse,,2026-09-07T05:46:50.365367+00:00,2022-09-24T00:00:00
NFL_LV_00-0035726_2022W03_NA_LP,NFL,2022,3,2022_NFL_W03_LV_TEN,NFL_LV,NFL_P_00-0035726,RB,,UNKNOWN,LP,Hamstring,2022-09-24,nflverse,,2026-09-07T05:46:50.365367+00:00,2022-09-24T00:00:00
NFL_LV_00-0032103_2022W03_OUT_DNP,NFL,2022,3,2022_NFL_W03_LV_TEN,NFL_LV,NFL_P_00-0032103,LB,,OUT,DNP,Ankle,2022-09-24,nflverse,,2026-09-07T05:46:50.365367+00:00,2022-09-24T00:00:00
NFL_LV_00-0034983_2022W03_OUT_DNP,NFL,2022,3,2022_NFL_W03_LV_TEN,NFL_LV,NFL_P_00-0034983,WR,,OUT,DNP,Concussion,2022-09-24,nflverse,,2026-09-07T05:46:50.365367+00:00,2022-09-24T00:00:00
NFL_LV_00-0035700_2022W03_QUESTIONABLE_DNP,NFL,2022,3,2022_NFL_W03_LV_TEN,NFL_LV,NFL_P_00-0035700,RB,,QUESTIONABLE,DNP,Illness,2022-09-24,nflverse,,2026-09-07T05:46:50.365367+00:00,2022-09-24T00:00:00
NFL_LV_00-0038093_2022W03_QUESTIONABLE_LP,NFL,2022,3,2022_NFL_W03_LV_TEN,NFL_LV,NFL_P_00-0038093,DL,,QUESTIONABLE,LP,Shoulder,2022-09-24,nflverse,,2026-09-07T05:46:50.365367+00:00,2022-09-24T00:00:00
NFL_LV_00-0035127_2022W03_QUESTIONABLE_LP,NFL,2022,3,2022_NFL_W03_LV_TEN,NFL_LV,NFL_P_00-0035127,OL,,QUESTIONABLE,LP,Concussion,2022-09-24,nflverse,,2026-09-07T05:46:50.365367+00:00,2022-09-24T00:00:00
NFL_LV_00-0036962_2022W03_QUESTIONABLE_LP,NFL,2022,3,2022_NFL_W03_LV_TEN,NFL_LV,NFL_P_00-0036962,S,,QUESTIONABLE,LP,Hip,2022-09-24,nflverse,,2026-09-07T05:46:50.365367+00:00,2022-09-24T00:00:00
NFL_LV_00-0034387_2022W03_QUESTIONABLE_LP,NFL,2022,3,2022_NFL_W03_LV_TEN,NFL_LV,NFL_P_00-0034387,EDGE,,QUESTIONABLE,LP,Shoulder,2022-09-24,nflverse,,2026-09-07T05:46:50.365367+00:00,2022-09-24T00:00:00
NFL_MIA_00-0029249_2022W03_NA_DNP,NFL,2022,3,2022_NFL_W03_BUF_MIA,NFL_MIA,NFL_P_00-0029249,LB,,UNKNOWN,DNP,Not injury related - resting player,2022-09-24,nflverse,,2026-09-07T05:46:50.365367+00:00,2022-09-24T00:00:00
NFL_MIA_00-0033338_2022W03_OUT_DNP,NFL,2022,3,2022_NFL_W03_BUF_MIA,NFL_MIA,NFL_P_00-0033338,TE,,OUT,DNP,Concussion,2022-09-24,nflverse,,2026-09-07T05:46:50.365367+00:00,2022-09-24T00:00:00
NFL_MIA_00-0037004_2022W03_OUT_DNP,NFL,2022,3,2022_NFL_W03_BUF_MIA,NFL_MIA,NFL_P_00-0037004,TE,,OUT,DNP,Ankle,2022-09-24,nflverse,,2026-09-07T05:46:50.365367+00:00,2022-09-24T00:00:00
NFL_MIA_00-0030067_2022W03_QUESTIONABLE_DNP,NFL,2022,3,2022_NFL_W03_BUF_MIA,NFL_MIA,NFL_P_00-0030067,OL,,QUESTIONABLE,DNP,Toe,2022-09-24,nflverse,,2026-09-07T05:46:50.365367+00:00,2022-09-24T00:00:00
NFL_MIA_00-0036213_2022W03_QUESTIONABLE_LP,NFL,2022,3,2022_NFL_W03_BUF_MIA,NFL_MIA,NFL_P_00-0036213,DL,,QUESTIONABLE,LP,Knee,2022-09-24,nflverse,,2026-09-07T05:46:50.365367+00:00,2022-09-24T00:00:00
NFL_MIA_00-0033050_2022W03_QUESTIONABLE_LP,NFL,2022,3,2022_NFL_W03_BUF_MIA,NFL_MIA,NFL_P_00-0033050,CB,,QUESTIONABLE,LP,Groin,2022-09-24,nflverse,,2026-09-07T05:46:50.365367+00:00,2022-09-24T00:00:00
NFL_MIA_00-0034418_2022W03_QUESTIONABLE_LP,NFL,2022,3,2022_NFL_W03_BUF_MIA,NFL_MIA,NFL_P_00-0034418,WR,,QUESTIONABLE,LP,Ribs,2022-09-24,nflverse,,2026-09-07T05:46:50.365367+00:00,2022-09-24T00:00:00
NFL_MIN_00-0038130_2022W03_OUT_DNP,NFL,2022,3,2022_NFL_W03_DET_MIN,NFL_MIN,NFL_P_00-0038130,CB,,OUT,DNP,Quadricep,2022-09-24,nflverse,,2026-09-07T05:46:50.365367+00:00,2022-09-24T00:00:00
NFL_MIN_00-0029606_2022W03_OUT_DNP,NFL,2022,3,2022_NFL_W03_DET_MIN,NFL_MIN,NFL_P_00-0029606,S,,OUT,DNP,Concussion,2022-09-24,nflverse,,2026-09-07T05:46:50.365367+00:00,2022-09-24T00:00:00
NFL_MIN_00-0031554_2022W03_QUESTIONABLE_LP,NFL,2022,3,2022_NFL_W03_DET_MIN,NFL_MIN,NFL_P_00-0031554,LB,,QUESTIONABLE,LP,Toe,2022-09-24,nflverse,,2026-09-07T05:46:50.365367+00:00,2022-09-24T00:00:00
NFL_NE_00-0037202_2022W03_NA_LP,NFL,2022,3,2022_NFL_W03_BAL_NE,NFL_NE,NFL_P_00-0037202,EDGE,,UNKNOWN,LP,Knee,2022-09-24,nflverse,,2026-09-07T05:46:50.365367+00:00,2022-09-24T00:00:00
NFL_NE_00-0033461_2022W03_QUESTIONABLE_DNP,NFL,2022,3,2022_NFL_W03_BAL_NE,NFL_NE,NFL_P_00-0033461,LB,,QUESTIONABLE,DNP,Thumb,2022-09-24,nflverse,,2026-09-07T05:46:50.365367+00:00,2022-09-24T00:00:00
NFL_NE_00-0036872_2022W03_QUESTIONABLE_LP,NFL,2022,3,2022_NFL_W03_BAL_NE,NFL_NE,NFL_P_00-0036872,S,,QUESTIONABLE,LP,Groin,2022-09-24,nflverse,,2026-09-07T05:46:50.365367+00:00,2022-09-24T00:00:00
NFL_NE_00-0029764_2022W03_QUESTIONABLE_LP,NFL,2022,3,2022_NFL_W03_BAL_NE,NFL_NE,NFL_P_00-0029764,S,,QUESTIONABLE,LP,Calf,2022-09-24,nflverse,,2026-09-07T05:46:50.365367+00:00,2022-09-24T00:00:00
NFL_NE_00-0036231_2022W03_QUESTIONABLE_LP,NFL,2022,3,2022_NFL_W03_BAL_NE,NFL_NE,NFL_P_00-0036231,S,,QUESTIONABLE,LP,Knee,2022-09-24,nflverse,,2026-09-07T05:46:50.365367+00:00,2022-09-24T00:00:00
NFL_NE_00-0033860_2022W03_QUESTIONABLE_LP,NFL,2022,3,2022_NFL_W03_BAL_NE,NFL_NE,NFL_P_00-0033860,DL,,QUESTIONABLE,LP,Back,2022-09-24,nflverse,,2026-09-07T05:46:50.365367+00:00,2022-09-24T00:00:00
NFL_NE_00-0034960_2022W03_QUESTIONABLE_LP,NFL,2022,3,2022_NFL_W03_BAL_NE,NFL_NE,NFL_P_00-0034960,WR,,QUESTIONABLE,LP,Knee,2022-09-24,nflverse,,2026-09-07T05:46:50.365367+00:00,2022-09-24T00:00:00
NFL_NE_00-0032803_2022W03_QUESTIONABLE_LP,NFL,2022,3,2022_NFL_W03_BAL_NE,NFL_NE,NFL_P_00-0032803,CB,,QUESTIONABLE,LP,Hamstring,2022-09-24,nflverse,,2026-09-07T05:46:50.365367+00:00,2022-09-24T00:00:00
NFL_NE_00-0031404_2022W03_QUESTIONABLE_LP,NFL,2022,3,2022_NFL_W03_BAL_NE,NFL_NE,NFL_P_00-0031404,S,,QUESTIONABLE,LP,Ribs,2022-09-24,nflverse,,2026-09-07T05:46:50.365367+00:00,2022-09-24T00:00:00
NFL_NO_00-0038121_2022W03_OUT_DNP,NFL,2022,3,2022_NFL_W03_NO_CAR,NFL_NO,NFL_P_00-0038121,CB,,OUT,DNP,Knee,2022-09-24,nflverse,,2026-09-07T05:46:50.365367+00:00,2022-09-24T00:00:00
NFL_NO_00-0036937_2022W03_QUESTIONABLE_LP,NFL,2022,3,2022_NFL_W03_NO_CAR,NFL_NO,NFL_P_00-0036937,CB,,QUESTIONABLE,LP,Ankle,2022-09-24,nflverse,,2026-09-07T05:46:50.365367+00:00,2022-09-24T00:00:00
NFL_NO_00-0033357_2022W03_QUESTIONABLE_LP,NFL,2022,3,2022_NFL_W03_NO_CAR,NFL_NO,NFL_P_00-0033357,QB,,QUESTIONABLE,LP,Rib,2022-09-24,nflverse,,2026-09-07T05:46:50.365367+00:00,2022-09-24T00:00:00
NFL_NO_00-0033906_2022W03_QUESTIONABLE_LP,NFL,2022,3,2022_NFL_W03_NO_CAR,NFL_NO,NFL_P_00-0033906,RB,,QUESTIONABLE,LP,Rib,2022-09-24,nflverse,,2026-09-07T05:46:50.365367+00:00,2022-09-24T00:00:00
NFL_NO_00-0033892_2022W03_QUESTIONABLE_LP,NFL,2022,3,2022_NFL_W03_NO_CAR,NFL_NO,NFL_P_00-0033892,S,,QUESTIONABLE,LP,Rib,2022-09-24,nflverse,,2026-09-07T05:46:50.365367+00:00,2022-09-24T00:00:00
NFL_NO_00-0033888_2022W03_QUESTIONABLE_LP,NFL,2022,3,2022_NFL_W03_NO_CAR,NFL_NO,NFL_P_00-0033888,OL,,QUESTIONABLE,LP,Elbow,2022-09-24,nflverse,,2026-09-07T05:46:50.365367+00:00,2022-09-24T00:00:00
NFL_NO_00-0031503_2022W03_QUESTIONABLE_LP,NFL,2022,3,2022_NFL_W03_NO_CAR,NFL_NO,NFL_P_00-0031503,QB,,QUESTIONABLE,LP,Back,2022-09-24,nflverse,,2026-09-07T05:46:50.365367+00:00,2022-09-24T00:00:00
NFL_NYG_00-0028118_2022W03_NA_DNP,NFL,2022,3,2022_NFL_W03_DAL_NYG,NFL_NYG,NFL_P_00-0028118,QB,,UNKNOWN,DNP,Not injury related - personal matter,2022-09-26,nflverse,,2026-09-07T05:46:50.365367+00:00,2022-09-26T00:00:00
NFL_NYG_00-0035650_2022W03_OUT_DNP,NFL,2022,3,2022_NFL_W03_DAL_NYG,NFL_NYG,NFL_P_00-0035650,CB,,OUT,DNP,Concussion,2022-09-26,nflverse,,2026-09-07T05:46:50.365367+00:00,2022-09-26T00:00:00
NFL_NYG_00-0036589_2022W03_OUT_DNP,NFL,2022,3,2022_NFL_W03_DAL_NYG,NFL_NYG,NFL_P_00-0036589,CB,,OUT,DNP,Hamstring,2022-09-26,nflverse,,2026-09-07T05:46:50.365367+00:00,2022-09-26T00:00:00
NFL_NYG_00-0036899_2022W03_OUT_DNP,NFL,2022,3,2022_NFL_W03_DAL_NYG,NFL_NYG,NFL_P_00-0036899,CB,,OUT,DNP,Appendix,2022-09-26,nflverse,,2026-09-07T05:46:50.365367+00:00,2022-09-26T00:00:00
NFL_NYG_00-0038117_2022W03_OUT_DNP,NFL,2022,3,2022_NFL_W03_DAL_NYG,NFL_NYG,NFL_P_00-0038117,WR,,OUT,DNP,Knee,2022-09-26,nflverse,,2026-09-07T05:46:50.365367+00:00,2022-09-26T00:00:00
NFL_NYG_00-0036913_2022W03_DOUBTFUL_DNP,NFL,2022,3,2022_NFL_W03_DAL_NYG,NFL_NYG,NFL_P_00-0036913,WR,,DOUBTFUL,DNP,Hamstring,2022-09-26,nflverse,,2026-09-07T05:46:50.365367+00:00,2022-09-26T00:00:00
NFL_NYG_00-0031933_2022W03_DOUBTFUL_DNP,NFL,2022,3,2022_NFL_W03_DAL_NYG,NFL_NYG,NFL_P_00-0031933,DL,,DOUBTFUL,DNP,Knee,2022-09-26,nflverse,,2026-09-07T05:46:50.365367+00:00,2022-09-26T00:00:00
NFL_NYG_00-0036552_2022W03_QUESTIONABLE_LP,NFL,2022,3,2022_NFL_W03_DAL_NYG,NFL_NYG,NFL_P_00-0036552,EDGE,,QUESTIONABLE,LP,Calf,2022-09-26,nflverse,,2026-09-07T05:46:50.365367+00:00,2022-09-26T00:00:00
NFL_NYG_00-0037611_2022W03_QUESTIONABLE_LP,NFL,2022,3,2022_NFL_W03_DAL_NYG,NFL_NYG,NFL_P_00-0037611,LB,,QUESTIONABLE,LP,Knee,2022-09-26,nflverse,,2026-09-07T05:46:50.365367+00:00,2022-09-26T00:00:00
NFL_NYJ_00-0037013_2022W03_OUT_LP,NFL,2022,3,2022_NFL_W03_CIN_NYJ,NFL_NYJ,NFL_P_00-0037013,QB,,OUT,LP,Knee,2022-09-24,nflverse,,2026-09-07T05:46:50.365367+00:00,2022-09-24T00:00:00
NFL_NYJ_00-0034805_2022W03_QUESTIONABLE_FP,NFL,2022,3,2022_NFL_W03_CIN_NYJ,NFL_NYJ,NFL_P_00-0034805,EDGE,,QUESTIONABLE,FP,Toe,2022-09-24,nflverse,,2026-09-07T05:46:50.365367+00:00,2022-09-24T00:00:00
NFL_NYJ_00-0032134_2022W03_QUESTIONABLE_FP,NFL,2022,3,2022_NFL_W03_CIN_NYJ,NFL_NYJ,NFL_P_00-0032134,TE,,QUESTIONABLE,FP,Hamstring,2022-09-24,nflverse,,2026-09-07T05:46:50.365367+00:00,2022-09-24T00:00:00
NFL_NYJ_00-0034374_2022W03_QUESTIONABLE_FP,NFL,2022,3,2022_NFL_W03_CIN_NYJ,NFL_NYJ,NFL_P_00-0034374,S,,QUESTIONABLE,FP,Calf,2022-09-24,nflverse,,2026-09-07T05:46:50.365367+00:00,2022-09-24T00:00:00
NFL_NYJ_00-0035718_2022W03_QUESTIONABLE_FP,NFL,2022,3,2022_NFL_W03_CIN_NYJ,NFL_NYJ,NFL_P_00-0035718,DL,,QUESTIONABLE,FP,Foot,2022-09-24,nflverse,,2026-09-07T05:46:50.365367+00:00,2022-09-24T00:00:00
NFL_NYJ_00-0033871_2022W03_QUESTIONABLE_LP,NFL,2022,3,2022_NFL_W03_CIN_NYJ,NFL_NYJ,NFL_P_00-0033871,WR,,QUESTIONABLE,LP,Knee,2022-09-24,nflverse,,2026-09-07T05:46:50.365367+00:00,2022-09-24T00:00:00
NFL_NYJ_00-0032466_2022W03_QUESTIONABLE_LP,NFL,2022,3,2022_NFL_W03_CIN_NYJ,NFL_NYJ,NFL_P_00-0032466,OL,,QUESTIONABLE,LP,Knee,2022-09-24,nflverse,,2026-09-07T05:46:50.365367+00:00,2022-09-24T00:00:00
NFL_PHI_00-0037002_2022W03_QUESTIONABLE_DNP,NFL,2022,3,2022_NFL_W03_PHI_WAS,NFL_PHI,NFL_P_00-0037002,OL,,QUESTIONABLE,DNP,Foot,2022-09-24,nflverse,,2026-09-07T05:46:50.365367+00:00,2022-09-24T00:00:00
NFL_PIT_00-0034789_2022W03_NA_LP,NFL,2022,3,2022_NFL_W03_PIT_CLE,NFL_PIT,NFL_P_00-0034789,S,,UNKNOWN,LP,lower leg cramps,2022-09-22,nflverse,,2026-09-07T05:46:50.365367+00:00,2022-09-22T00:00:00
NFL_SEA_00-0031270_2022W03_OUT_DNP,NFL,2022,3,2022_NFL_W03_ATL_SEA,NFL_SEA,NFL_P_00-0031270,EDGE,,OUT,DNP,Glute,2022-09-24,nflverse,,2026-09-07T05:46:50.365367+00:00,2022-09-24T00:00:00
NFL_SEA_00-0037141_2022W03_DOUBTFUL_DNP,NFL,2022,3,2022_NFL_W03_ATL_SEA,NFL_SEA,NFL_P_00-0037141,S,,DOUBTFUL,DNP,Hamstring,2022-09-24,nflverse,,2026-09-07T05:46:50.365367+00:00,2022-09-24T00:00:00
NFL_SEA_00-0031796_2022W03_DOUBTFUL_DNP,NFL,2022,3,2022_NFL_W03_ATL_SEA,NFL_SEA,NFL_P_00-0031796,CB,,DOUBTFUL,DNP,Calf,2022-09-24,nflverse,,2026-09-07T05:46:50.365367+00:00,2022-09-24T00:00:00
NFL_SEA_00-0031608_2022W03_QUESTIONABLE_FP,NFL,2022,3,2022_NFL_W03_ATL_SEA,NFL_SEA,NFL_P_00-0031608,S,,QUESTIONABLE,FP,Knee,2022-09-24,nflverse,,2026-09-07T05:46:50.365367+00:00,2022-09-24T00:00:00
NFL_SF_00-0033221_2022W03_OUT_DNP,NFL,2022,3,2022_NFL_W03_SF_DEN,NFL_SF,NFL_P_00-0033221,OL,,OUT,DNP,Hamstring,2022-09-25,nflverse,,2026-09-07T05:46:50.365367+00:00,2022-09-25T00:00:00
NFL_SF_00-0037827_2022W03_OUT_DNP,NFL,2022,3,2022_NFL_W03_SF_DEN,NFL_SF,NFL_P_00-0037827,RB,,OUT,DNP,Ankle,2022-09-25,nflverse,,2026-09-07T05:46:50.365367+00:00,2022-09-25T00:00:00
NFL_SF_00-0032214_2022W03_OUT_DNP,NFL,2022,3,2022_NFL_W03_SF_DEN,NFL_SF,NFL_P_00-0032214,TE,,OUT,DNP,Knee,2022-09-25,nflverse,,2026-09-07T05:46:50.365367+00:00,2022-09-25T00:00:00
NFL_SF_00-0032164_2022W03_QUESTIONABLE_DNP,NFL,2022,3,2022_NFL_W03_SF_DEN,NFL_SF,NFL_P_00-0032164,EDGE,,QUESTIONABLE,DNP,Foot,2022-09-25,nflverse,,2026-09-07T05:46:50.365367+00:00,2022-09-25T00:00:00
NFL_SF_00-0036256_2022W03_QUESTIONABLE_LP,NFL,2022,3,2022_NFL_W03_SF_DEN,NFL_SF,NFL_P_00-0036256,OL,,QUESTIONABLE,LP,Ankle,2022-09-25,nflverse,,2026-09-07T05:46:50.365367+00:00,2022-09-25T00:00:00
NFL_TB_00-0029562_2022W03_NA_DNP,NFL,2022,3,2022_NFL_W03_GB_TB,NFL_TB,NFL_P_00-0029562,LB,,UNKNOWN,DNP,Not injury related - resting player,2022-09-24,nflverse,,2026-09-07T05:46:50.365367+00:00,2022-09-24T00:00:00
NFL_TB_00-0033921_2022W03_OUT_DNP,NFL,2022,3,2022_NFL_W03_GB_TB,NFL_TB,NFL_P_00-0033921,WR,,OUT,DNP,Hamstring,2022-09-24,nflverse,,2026-09-07T05:46:50.365367+00:00,2022-09-24T00:00:00
NFL_TB_00-0029657_2022W03_OUT_DNP,NFL,2022,3,2022_NFL_W03_GB_TB,NFL_TB,NFL_P_00-0029657,DL,,OUT,DNP,Foot,2022-09-24,nflverse,,2026-09-07T05:46:50.365367+00:00,2022-09-24T00:00:00
NFL_TB_00-0038129_2022W03_DOUBTFUL_DNP,NFL,2022,3,2022_NFL_W03_GB_TB,NFL_TB,NFL_P_00-0038129,TE,,DOUBTFUL,DNP,Not injury related - personal matter,2022-09-24,nflverse,,2026-09-07T05:46:50.365367+00:00,2022-09-24T00:00:00
NFL_TB_00-0032217_2022W03_DOUBTFUL_DNP,NFL,2022,3,2022_NFL_W03_GB_TB,NFL_TB,NFL_P_00-0032217,OL,,DOUBTFUL,DNP,Elbow,2022-09-24,nflverse,,2026-09-07T05:46:50.365367+00:00,2022-09-24T00:00:00
NFL_TB_00-0034411_2022W03_QUESTIONABLE_DNP,NFL,2022,3,2022_NFL_W03_GB_TB,NFL_TB,NFL_P_00-0034411,WR,,QUESTIONABLE,DNP,Hamstring,2022-09-24,nflverse,,2026-09-07T05:46:50.365367+00:00,2022-09-24T00:00:00
NFL_TB_00-0033856_2022W03_QUESTIONABLE_LP,NFL,2022,3,2022_NFL_W03_GB_TB,NFL_TB,NFL_P_00-0033856,RB,,QUESTIONABLE,LP,Hamstring,2022-09-24,nflverse,,2026-09-07T05:46:50.365367+00:00,2022-09-24T00:00:00
NFL_TB_00-0027944_2022W03_QUESTIONABLE_LP,NFL,2022,3,2022_NFL_W03_GB_TB,NFL_TB,NFL_P_00-0027944,WR,,QUESTIONABLE,LP,Knee,2022-09-24,nflverse,,2026-09-07T05:46:50.365367+00:00,2022-09-24T00:00:00
NFL_TB_00-0032054_2022W03_QUESTIONABLE_LP,NFL,2022,3,2022_NFL_W03_GB_TB,NFL_TB,NFL_P_00-0032054,WR,,QUESTIONABLE,LP,Knee,2022-09-24,nflverse,,2026-09-07T05:46:50.365367+00:00,2022-09-24T00:00:00
NFL_TEN_00-0034729_2022W03_NA_DNP,NFL,2022,3,2022_NFL_W03_LV_TEN,NFL_TEN,NFL_P_00-0034729,OL,,UNKNOWN,DNP,Triceps,2022-09-24,nflverse,,2026-09-07T05:46:50.365367+00:00,2022-09-24T00:00:00
NFL_TEN_00-0034204_2022W03_OUT_DNP,NFL,2022,3,2022_NFL_W03_LV_TEN,NFL_TEN,NFL_P_00-0034204,LB,,OUT,DNP,Neck,2022-09-24,nflverse,,2026-09-07T05:46:50.365367+00:00,2022-09-24T00:00:00
NFL_TEN_00-0035142_2022W03_OUT_DNP,NFL,2022,3,2022_NFL_W03_LV_TEN,NFL_TEN,NFL_P_00-0035142,S,,OUT,DNP,Ankle,2022-09-24,nflverse,,2026-09-07T05:46:50.365367+00:00,2022-09-24T00:00:00
NFL_TEN_00-0032146_2022W03_OUT_DNP,NFL,2022,3,2022_NFL_W03_LV_TEN,NFL_TEN,NFL_P_00-0032146,LB,,OUT,DNP,Hip,2022-09-24,nflverse,,2026-09-07T05:46:50.365367+00:00,2022-09-24T00:00:00
NFL_TEN_00-0031442_2022W03_OUT_DNP,NFL,2022,3,2022_NFL_W03_LV_TEN,NFL_TEN,NFL_P_00-0031442,OL,,OUT,DNP,Knee,2022-09-24,nflverse,,2026-09-07T05:46:50.365367+00:00,2022-09-24T00:00:00
NFL_TEN_00-0037273_2022W03_DOUBTFUL_LP,NFL,2022,3,2022_NFL_W03_LV_TEN,NFL_TEN,NFL_P_00-0037273,WR,,DOUBTFUL,LP,Shoulder,2022-09-24,nflverse,,2026-09-07T05:46:50.365367+00:00,2022-09-24T00:00:00
NFL_TEN_00-0033547_2022W03_QUESTIONABLE_DNP,NFL,2022,3,2022_NFL_W03_LV_TEN,NFL_TEN,NFL_P_00-0033547,LB,,QUESTIONABLE,DNP,Knee,2022-09-24,nflverse,,2026-09-07T05:46:50.365367+00:00,2022-09-24T00:00:00
NFL_WAS_00-0036351_2022W03_NA_LP,NFL,2022,3,2022_NFL_W03_PHI_WAS,NFL_WAS,NFL_P_00-0036351,EDGE,,UNKNOWN,LP,Abdomen,2022-09-24,nflverse,,2026-09-07T05:46:50.365367+00:00,2022-09-24T00:00:00
NFL_WAS_00-0036403_2022W03_OUT_DNP,NFL,2022,3,2022_NFL_W03_PHI_WAS,NFL_WAS,NFL_P_00-0036403,EDGE,,OUT,DNP,Concussion,2022-09-24,nflverse,,2026-09-07T05:46:50.365367+00:00,2022-09-24T00:00:00
NFL_WAS_00-0035423_2022W03_OUT_DNP,NFL,2022,3,2022_NFL_W03_PHI_WAS,NFL_WAS,NFL_P_00-0035423,EDGE,,OUT,DNP,Ankle,2022-09-24,nflverse,,2026-09-07T05:46:50.365367+00:00,2022-09-24T00:00:00
NFL_WAS_00-0033107_2022W03_QUESTIONABLE_NA,NFL,2022,3,2022_NFL_W03_PHI_WAS,NFL_WAS,NFL_P_00-0033107,CB,,QUESTIONABLE,,Back,2022-09-24,nflverse,,2026-09-07T05:46:50.365367+00:00,2022-09-24T00:00:00
NFL_WAS_00-0031596_2022W03_QUESTIONABLE_LP,NFL,2022,3,2022_NFL_W03_PHI_WAS,NFL_WAS,NFL_P_00-0031596,LB,,QUESTIONABLE,LP,Ankle,2022-09-24,nflverse,,2026-09-07T05:46:50.365367+00:00,2022-09-24T00:00:00
NFL_ARI_00-0029316_2022W04_NA_DNP,NFL,2022,4,2022_NFL_W04_ARI_CAR,NFL_ARI,NFL_P_00-0029316,OL,,UNKNOWN,DNP,Not injury related - resting player,2022-10-01,nflverse,,2026-09-07T05:46:50.365367+00:00,2022-10-01T00:00:00
NFL_ARI_00-0030061_2022W04_NA_DNP,NFL,2022,4,2022_NFL_W04_ARI_CAR,NFL_ARI,NFL_P_00-0030061,TE,,UNKNOWN,DNP,Not injury related - resting player,2022-10-01,nflverse,,2026-09-07T05:46:50.365367+00:00,2022-10-01T00:00:00
NFL_ARI_00-0027942_2022W04_OUT_DNP,NFL,2022,4,2022_NFL_W04_ARI_CAR,NFL_ARI,NFL_P_00-0027942,WR,,OUT,DNP,Knee,2022-10-01,nflverse,,2026-09-07T05:46:50.365367+00:00,2022-10-01T00:00:00
NFL_ARI_00-0036373_2022W04_OUT_DNP,NFL,2022,4,2022_NFL_W04_ARI_CAR,NFL_ARI,NFL_P_00-0036373,DL,,OUT,DNP,Hand,2022-10-01,nflverse,,2026-09-07T05:46:50.365367+00:00,2022-10-01T00:00:00
NFL_ARI_00-0034490_2022W04_OUT_DNP,NFL,2022,4,2022_NFL_W04_ARI_CAR,NFL_ARI,NFL_P_00-0034490,LB,,OUT,DNP,Ankle,2022-10-01,nflverse,,2026-09-07T05:46:50.365367+00:00,2022-10-01T00:00:00
NFL_ARI_00-0035662_2022W04_QUESTIONABLE_LP,NFL,2022,4,2022_NFL_W04_ARI_CAR,NFL_ARI,NFL_P_00-0035662,WR,,QUESTIONABLE,LP,Foot,2022-10-01,nflverse,,2026-09-07T05:46:50.365367+00:00,2022-10-01T00:00:00
NFL_ARI_00-0036933_2022W04_QUESTIONABLE_LP,NFL,2022,4,2022_NFL_W04_ARI_CAR,NFL_ARI,NFL_P_00-0036933,LB,,QUESTIONABLE,LP,Shoulder,2022-10-01,nflverse,,2026-09-07T05:46:50.365367+00:00,2022-10-01T00:00:00
NFL_ARI_00-0027993_2022W04_QUESTIONABLE_LP,NFL,2022,4,2022_NFL_W04_ARI_CAR,NFL_ARI,NFL_P_00-0027993,OL,,QUESTIONABLE,LP,Knee,2022-10-01,nflverse,,2026-09-07T05:46:50.365367+00:00,2022-10-01T00:00:00
NFL_ARI_00-0036936_2022W04_QUESTIONABLE_LP,NFL,2022,4,2022_NFL_W04_ARI_CAR,NFL_ARI,NFL_P_00-0036936,WR,,QUESTIONABLE,LP,Hamstring,2022-10-01,nflverse,,2026-09-07T05:46:50.365367+00:00,2022-10-01T00:00:00
NFL_ARI_00-0023853_2022W04_QUESTIONABLE_LP,NFL,2022,4,2022_NFL_W04_ARI_CAR,NFL_ARI,NFL_P_00-0023853,K,,QUESTIONABLE,LP,right Hip,2022-10-01,nflverse,,2026-09-07T05:46:50.365367+00:00,2022-10-01T00:00:00
NFL_ARI_00-0027949_2022W04_QUESTIONABLE_LP,NFL,2022,4,2022_NFL_W04_ARI_CAR,NFL_ARI,NFL_P_00-0027949,EDGE,,QUESTIONABLE,LP,Calf,2022-10-01,nflverse,,2026-09-07T05:46:50.365367+00:00,2022-10-01T00:00:00
NFL_ATL_00-0030578_2022W04_QUESTIONABLE_LP,NFL,2022,4,2022_NFL_W04_CLE_ATL,NFL_ATL,NFL_P_00-0030578,RB,,QUESTIONABLE,LP,Knee,2022-10-01,nflverse,,2026-09-07T05:46:50.365367+00:00,2022-10-01T00:00:00
NFL_BAL_00-0038119_2022W04_NA_DNP,NFL,2022,4,2022_NFL_W04_BUF_BAL,NFL_BAL,NFL_P_00-0038119,CB,,UNKNOWN,DNP,Not injury related - personal matter,2022-10-01,nflverse,,2026-09-07T05:46:50.365367+00:00,2022-10-01T00:00:00
NFL_BAL_00-0026190_2022W04_NA_DNP,NFL,2022,4,2022_NFL_W04_BUF_BAL,NFL_BAL,NFL_P_00-0026190,EDGE,,UNKNOWN,DNP,Not injury related - resting player,2022-10-01,nflverse,,2026-09-07T05:46:50.365367+00:00,2022-10-01T00:00:00
NFL_BAL_00-0032574_2022W04_NA_DNP,NFL,2022,4,2022_NFL_W04_BUF_BAL,NFL_BAL,NFL_P_00-0032574,DL,,UNKNOWN,DNP,Biceps,2022-10-01,nflverse,,2026-09-07T05:46:50.365367+00:00,2022-10-01T00:00:00
NFL_BAL_00-0028008_2022W04_DOUBTFUL_DNP,NFL,2022,4,2022_NFL_W04_BUF_BAL,NFL_BAL,NFL_P_00-0028008,LB,,DOUBTFUL,DNP,Groin,2022-10-01,nflverse,,2026-09-07T05:46:50.365367+00:00,2022-10-01T00:00:00
NFL_BAL_00-0035112_2022W04_DOUBTFUL_DNP,NFL,2022,4,2022_NFL_W04_BUF_BAL,NFL_BAL,NFL_P_00-0035112,OL,,DOUBTFUL,DNP,Ankle,2022-10-01,nflverse,,2026-09-07T05:46:50.365367+00:00,2022-10-01T00:00:00
NFL_BAL_00-0032965_2022W04_QUESTIONABLE_DNP,NFL,2022,4,2022_NFL_W04_BUF_BAL,NFL_BAL,NFL_P_00-0032965,OL,,QUESTIONABLE,DNP,Ankle,2022-10-01,nflverse,,2026-09-07T05:46:50.365367+00:00,2022-10-01T00:00:00
NFL_BUF_00-0031588_2022W04_NA_DNP,NFL,2022,4,2022_NFL_W04_BUF_BAL,NFL_BUF,NFL_P_00-0031588,WR,,UNKNOWN,DNP,Not injury related - resting player,2022-10-01,nflverse,,2026-09-07T05:46:50.365367+00:00,2022-10-01T00:00:00
NFL_BUF_00-0027940_2022W04_NA_DNP,NFL,2022,4,2022_NFL_W04_BUF_BAL,NFL_BUF,NFL_P_00-0027940,LB,,UNKNOWN,DNP,Not injury related - resting player,2022-10-01,nflverse,,2026-09-07T05:46:50.365367+00:00,2022-10-01T00:00:00
NFL_BUF_00-0027648_2022W04_NA_DNP,NFL,2022,4,2022_NFL_W04_BUF_BAL,NFL_BUF,NFL_P_00-0027648,OL,,UNKNOWN,DNP,Not injury related - resting player,2022-10-01,nflverse,,2026-09-07T05:46:50.365367+00:00,2022-10-01T00:00:00
NFL_BUF_00-0037288_2022W04_OUT_DNP,NFL,2022,4,2022_NFL_W04_BUF_BAL,NFL_BUF,NFL_P_00-0037288,CB,,OUT,DNP,Hand,2022-10-01,nflverse,,2026-09-07T05:46:50.365367+00:00,2022-10-01T00:00:00
NFL_BUF_00-0031787_2022W04_OUT_DNP,NFL,2022,4,2022_NFL_W04_BUF_BAL,NFL_BUF,NFL_P_00-0031787,WR,,OUT,DNP,Ankle,2022-10-01,nflverse,,2026-09-07T05:46:50.365367+00:00,2022-10-01T00:00:00
NFL_BUF_00-0031557_2022W04_OUT_DNP,NFL,2022,4,2022_NFL_W04_BUF_BAL,NFL_BUF,NFL_P_00-0031557,DL,,OUT,DNP,Hamstring,2022-10-01,nflverse,,2026-09-07T05:46:50.365367+00:00,2022-10-01T00:00:00
NFL_BUF_00-0036196_2022W04_QUESTIONABLE_LP,NFL,2022,4,2022_NFL_W04_BUF_BAL,NFL_BUF,NFL_P_00-0036196,WR,,QUESTIONABLE,LP,Ankle,2022-10-01,nflverse,,2026-09-07T05:46:50.365367+00:00,2022-10-01T00:00:00
NFL_BUF_00-0036166_2022W04_QUESTIONABLE_LP,NFL,2022,4,2022_NFL_W04_BUF_BAL,NFL_BUF,NFL_P_00-0036166,CB,,QUESTIONABLE,LP,Neck,2022-10-01,nflverse,,2026-09-07T05:46:50.365367+00:00,2022-10-01T00:00:00
NFL_BUF_00-0035689_2022W04_QUESTIONABLE_LP,NFL,2022,4,2022_NFL_W04_BUF_BAL,NFL_BUF,NFL_P_00-0035689,TE,,QUESTIONABLE,LP,Back,2022-10-01,nflverse,,2026-09-07T05:46:50.365367+00:00,2022-10-01T00:00:00
NFL_BUF_00-0031936_2022W04_QUESTIONABLE_LP,NFL,2022,4,2022_NFL_W04_BUF_BAL,NFL_BUF,NFL_P_00-0031936,OL,,QUESTIONABLE,LP,Elbow,2022-10-01,nflverse,,2026-09-07T05:46:50.365367+00:00,2022-10-01T00:00:00
NFL_BUF_00-0032528_2022W04_QUESTIONABLE_LP,NFL,2022,4,2022_NFL_W04_BUF_BAL,NFL_BUF,NFL_P_00-0032528,OL,,QUESTIONABLE,LP,Foot,2022-10-01,nflverse,,2026-09-07T05:46:50.365367+00:00,2022-10-01T00:00:00
NFL_BUF_00-0035230_2022W04_QUESTIONABLE_LP,NFL,2022,4,2022_NFL_W04_BUF_BAL,NFL_BUF,NFL_P_00-0035230,DL,,QUESTIONABLE,LP,Ankle,2022-10-01,nflverse,,2026-09-07T05:46:50.365367+00:00,2022-10-01T00:00:00
NFL_BUF_00-0030114_2022W04_QUESTIONABLE_LP,NFL,2022,4,2022_NFL_W04_BUF_BAL,NFL_BUF,NFL_P_00-0030114,S,,QUESTIONABLE,LP,Foot,2022-10-01,nflverse,,2026-09-07T05:46:50.365367+00:00,2022-10-01T00:00:00
NFL_CAR_00-0034356_2022W04_NA_LP,NFL,2022,4,2022_NFL_W04_ARI_CAR,NFL_CAR,NFL_P_00-0034356,CB,,UNKNOWN,LP,Ankle,2022-10-01,nflverse,,2026-09-07T05:46:50.365367+00:00,2022-10-01T00:00:00
NFL_CAR_00-0034365_2022W04_NA_LP,NFL,2022,4,2022_NFL_W04_ARI_CAR,NFL_CAR,NFL_P_00-0034365,TE,,UNKNOWN,LP,Ankle,2022-10-01,nflverse,,2026-09-07T05:46:50.365367+00:00,2022-10-01T00:00:00
NFL_CAR_00-0033579_2022W04_NA_LP,NFL,2022,4,2022_NFL_W04_ARI_CAR,NFL_CAR,NFL_P_00-0033579,S,,UNKNOWN,LP,Hamstring,2022-10-01,nflverse,,2026-09-07T05:46:50.365367+00:00,2022-10-01T00:00:00
NFL_CAR_00-0034382_2022W04_QUESTIONABLE_LP,NFL,2022,4,2022_NFL_W04_ARI_CAR,NFL_CAR,NFL_P_00-0034382,EDGE,,QUESTIONABLE,LP,Knee,2022-10-01,nflverse,,2026-09-07T05:46:50.365367+00:00,2022-10-01T00:00:00
NFL_CAR_00-0033280_2022W04_QUESTIONABLE_LP,NFL,2022,4,2022_NFL_W04_ARI_CAR,NFL_CAR,NFL_P_00-0033280,RB,,QUESTIONABLE,LP,Thigh,2022-10-01,nflverse,,2026-09-07T05:46:50.365367+00:00,2022-10-01T00:00:00
NFL_CAR_00-0036268_2022W04_QUESTIONABLE_LP,NFL,2022,4,2022_NFL_W04_ARI_CAR,NFL_CAR,NFL_P_00-0036268,WR,,QUESTIONABLE,LP,Hamstring,2022-10-01,nflverse,,2026-09-07T05:46:50.365367+00:00,2022-10-01T00:00:00
NFL_CAR_00-0036315_2022W04_QUESTIONABLE_LP,NFL,2022,4,2022_NFL_W04_ARI_CAR,NFL_CAR,NFL_P_00-0036315,CB,,QUESTIONABLE,LP,Achilles,2022-10-01,nflverse,,2026-09-07T05:46:50.365367+00:00,2022-10-01T00:00:00
NFL_CHI_00-0034389_2022W04_OUT_DNP,NFL,2022,4,2022_NFL_W04_CHI_NYG,NFL_CHI,NFL_P_00-0034389,S,,OUT,DNP,Hamstring,2022-10-01,nflverse,,2026-09-07T05:46:50.365367+00:00,2022-10-01T00:00:00
NFL_CHI_00-0036292_2022W04_OUT_DNP,NFL,2022,4,2022_NFL_W04_CHI_NYG,NFL_CHI,NFL_P_00-0036292,CB,,OUT,DNP,Quadricep,2022-10-01,nflverse,,2026-09-07T05:46:50.365367+00:00,2022-10-01T00:00:00
NFL_CHI_00-0035685_2022W04_OUT_DNP,NFL,2022,4,2022_NFL_W04_CHI_NYG,NFL_CHI,NFL_P_00-0035685,RB,,OUT,DNP,Ankle,2022-10-01,nflverse,,2026-09-07T05:46:50.365367+00:00,2022-10-01T00:00:00
NFL_CHI_00-0030108_2022W04_DOUBTFUL_DNP,NFL,2022,4,2022_NFL_W04_CHI_NYG,NFL_CHI,NFL_P_00-0030108,TE,,DOUBTFUL,DNP,Achilles,2022-10-01,nflverse,,2026-09-07T05:46:50.365367+00:00,2022-10-01T00:00:00
NFL_CHI_00-0034424_2022W04_DOUBTFUL_LP,NFL,2022,4,2022_NFL_W04_CHI_NYG,NFL_CHI,NFL_P_00-0034424,LB,,DOUBTFUL,LP,Hamstring,2022-10-01,nflverse,,2026-09-07T05:46:50.365367+00:00,2022-10-01T00:00:00
NFL_CHI_00-0031203_2022W04_QUESTIONABLE_DNP,NFL,2022,4,2022_NFL_W04_CHI_NYG,NFL_CHI,NFL_P_00-0031203,K,,QUESTIONABLE,DNP,Not injury related - personal matter,2022-10-01,nflverse,,2026-09-07T05:46:50.365367+00:00,2022-10-01T00:00:00
NFL_CHI_00-0037745_2022W04_QUESTIONABLE_FP,NFL,2022,4,2022_NFL_W04_CHI_NYG,NFL_CHI,NFL_P_00-0037745,WR,,QUESTIONABLE,FP,Hamstring,2022-10-01,nflverse,,2026-09-07T05:46:50.365367+00:00,2022-10-01T00:00:00
NFL_CHI_00-0037406_2022W04_QUESTIONABLE_FP,NFL,2022,4,2022_NFL_W04_CHI_NYG,NFL_CHI,NFL_P_00-0037406,LB,,QUESTIONABLE,FP,Ankle,2022-10-01,nflverse,,2026-09-07T05:46:50.365367+00:00,2022-10-01T00:00:00
NFL_CHI_00-0027952_2022W04_QUESTIONABLE_LP,NFL,2022,4,2022_NFL_W04_CHI_NYG,NFL_CHI,NFL_P_00-0027952,EDGE,,QUESTIONABLE,LP,Illness,2022-10-01,nflverse,,2026-09-07T05:46:50.365367+00:00,2022-10-01T00:00:00
NFL_CIN_00-0032424_2022W04_OUT_DNP,NFL,2022,4,2022_NFL_W04_MIA_CIN,NFL_CIN,NFL_P_00-0032424,DL,,OUT,DNP,Knee,2022-09-29,nflverse,,2026-09-07T05:46:50.365367+00:00,2022-09-29T00:00:00
NFL_CIN_00-0035631_2022W04_OUT_DNP,NFL,2022,4,2022_NFL_W04_MIA_CIN,NFL_CIN,NFL_P_00-0035631,TE,,OUT,DNP,Knee,2022-09-29,nflverse,,2026-09-07T05:46:50.365367+00:00,2022-09-29T00:00:00
NFL_CIN_00-0031534_2022W04_QUESTIONABLE_FP,NFL,2022,4,2022_NFL_W04_MIA_CIN,NFL_CIN,NFL_P_00-0031534,OL,,QUESTIONABLE,FP,Back,2022-09-29,nflverse,,2026-09-07T05:46:50.365367+00:00,2022-09-29T00:00:00
NFL_CIN_00-0035697_2022W04_QUESTIONABLE_FP,NFL,2022,4,2022_NFL_W04_MIA_CIN,NFL_CIN,NFL_P_00-0035697,LB,,QUESTIONABLE,FP,Knee,2022-09-29,nflverse,,2026-09-07T05:46:50.365367+00:00,2022-09-29T00:00:00
NFL_CLE_00-0031426_2022W04_NA_LP,NFL,2022,4,2022_NFL_W04_CLE_ATL,NFL_CLE,NFL_P_00-0031426,OL,,UNKNOWN,LP,Biceps,2022-10-01,nflverse,,2026-09-07T05:46:50.365367+00:00,2022-10-01T00:00:00
NFL_CLE_00-0033057_2022W04_NA_LP,NFL,2022,4,2022_NFL_W04_CLE_ATL,NFL_CLE,NFL_P_00-0033057,OL,,UNKNOWN,LP,Knee,2022-10-01,nflverse,,2026-09-07T05:46:50.365367+00:00,2022-10-01T00:00:00
NFL_CLE_00-0036915_2022W04_NA_LP,NFL,2022,4,2022_NFL_W04_CLE_ATL,NFL_CLE,NFL_P_00-0036915,LB,,UNKNOWN,LP,Groin,2022-10-01,nflverse,,2026-09-07T05:46:50.365367+00:00,2022-10-01T00:00:00
NFL_CLE_00-0034856_2022W04_NA_LP,NFL,2022,4,2022_NFL_W04_CLE_ATL,NFL_CLE,NFL_P_00-0034856,CB,,UNKNOWN,LP,Back,2022-10-01,nflverse,,2026-09-07T05:46:50.365367+00:00,2022-10-01T00:00:00
NFL_CLE_00-0034842_2022W04_OUT_DNP,NFL,2022,4,2022_NFL_W04_CLE_ATL,NFL_CLE,NFL_P_00-0034842,DL,,OUT,DNP,Hamstring,2022-10-01,nflverse,,2026-09-07T05:46:50.365367+00:00,2022-10-01T00:00:00
NFL_CLE_00-0032419_2022W04_OUT_DNP,NFL,2022,4,2022_NFL_W04_CLE_ATL,NFL_CLE,NFL_P_00-0032419,OL,,OUT,DNP,Concussion,2022-10-01,nflverse,,2026-09-07T05:46:50.365367+00:00,2022-10-01T00:00:00
NFL_CLE_00-0031364_2022W04_QUESTIONABLE_DNP,NFL,2022,4,2022_NFL_W04_CLE_ATL,NFL_CLE,NFL_P_00-0031364,EDGE,,QUESTIONABLE,DNP,Ankle,2022-10-01,nflverse,,2026-09-07T05:46:50.365367+00:00,2022-10-01T00:00:00
NFL_CLE_00-0033868_2022W04_QUESTIONABLE_DNP,NFL,2022,4,2022_NFL_W04_CLE_ATL,NFL_CLE,NFL_P_00-0033868,EDGE,,QUESTIONABLE,DNP,Shoulder,2022-10-01,nflverse,,2026-09-07T05:46:50.365367+00:00,2022-10-01T00:00:00
NFL_DAL_00-0033077_2022W04_OUT_DNP,NFL,2022,4,2022_NFL_W04_WAS_DAL,NFL_DAL,NFL_P_00-0033077,QB,,OUT,DNP,right Thumb,2022-10-01,nflverse,,2026-09-07T05:46:50.365367+00:00,2022-10-01T00:00:00
NFL_DAL_00-0032454_2022W04_QUESTIONABLE_LP,NFL,2022,4,2022_NFL_W04_WAS_DAL,NFL_DAL,NFL_P_00-0032454,S,,QUESTIONABLE,LP,Knee,2022-10-01,nflverse,,2026-09-07T05:46:50.365367+00:00,2022-10-01T00:00:00
NFL_DAL_00-0035679_2022W04_QUESTIONABLE_LP,NFL,2022,4,2022_NFL_W04_WAS_DAL,NFL_DAL,NFL_P_00-0035679,OL,,QUESTIONABLE,LP,Ankle,2022-10-01,nflverse,,2026-09-07T05:46:50.365367+00:00,2022-10-01T00:00:00
NFL_DAL_00-0034383_2022W04_QUESTIONABLE_LP,NFL,2022,4,2022_NFL_W04_WAS_DAL,NFL_DAL,NFL_P_00-0034383,TE,,QUESTIONABLE,LP,Knee,2022-10-01,nflverse,,2026-09-07T05:46:50.365367+00:00,2022-10-01T00:00:00
NFL_DEN_00-0036439_2022W04_OUT_DNP,NFL,2022,4,2022_NFL_W04_DEN_LV,NFL_DEN,NFL_P_00-0036439,WR,,OUT,DNP,Hamstring,2022-10-01,nflverse,,2026-09-07T05:46:50.365367+00:00,2022-10-01T00:00:00
NFL_DEN_00-0036952_2022W04_OUT_DNP,NFL,2022,4,2022_NFL_W04_DEN_LV,NFL_DEN,NFL_P_00-0036952,LB,,OUT,DNP,Hamstring,2022-10-01,nflverse,,2026-09-07T05:46:50.365367+00:00,2022-10-01T00:00:00
NFL_DEN_00-0037001_2022W04_OUT_DNP,NFL,2022,4,2022_NFL_W04_DEN_LV,NFL_DEN,NFL_P_00-0037001,OL,,OUT,DNP,Hamstring,2022-10-01,nflverse,,2026-09-07T05:46:50.365367+00:00,2022-10-01T00:00:00
NFL_DEN_00-0034683_2022W04_OUT_DNP,NFL,2022,4,2022_NFL_W04_DEN_LV,NFL_DEN,NFL_P_00-0034683,CB,,OUT,DNP,Hamstring,2022-10-01,nflverse,,2026-09-07T05:46:50.365367+00:00,2022-10-01T00:00:00
NFL_DEN_00-0031433_2022W04_OUT_DNP,NFL,2022,4,2022_NFL_W04_DEN_LV,NFL_DEN,NFL_P_00-0031433,OL,,OUT,DNP,Knee,2022-10-01,nflverse,,2026-09-07T05:46:50.365367+00:00,2022-10-01T00:00:00
NFL_DEN_00-0035702_2022W04_QUESTIONABLE_FP,NFL,2022,4,2022_NFL_W04_DEN_LV,NFL_DEN,NFL_P_00-0035702,OL,,QUESTIONABLE,FP,Ankle,2022-10-01,nflverse,,2026-09-07T05:46:50.365367+00:00,2022-10-01T00:00:00
NFL_DEN_00-0033297_2022W04_QUESTIONABLE_LP,NFL,2022,4,2022_NFL_W04_DEN_LV,NFL_DEN,NFL_P_00-0033297,DL,,QUESTIONABLE,LP,Concussion,2022-10-01,nflverse,,2026-09-07T05:46:50.365367+00:00,2022-10-01T00:00:00
NFL_DET_00-0035265_2022W04_OUT_DNP,NFL,2022,4,2022_NFL_W04_SEA_DET,NFL_DET,NFL_P_00-0035265,DL,,OUT,DNP,Wrist,2022-10-01,nflverse,,2026-09-07T05:46:50.365367+00:00,2022-10-01T00:00:00
NFL_DET_00-0036258_2022W04_OUT_DNP,NFL,2022,4,2022_NFL_W04_SEA_DET,NFL_DET,NFL_P_00-0036258,OL,,OUT,DNP,Finger,2022-10-01,nflverse,,2026-09-07T05:46:50.365367+00:00,2022-10-01T00:00:00
NFL_DET_00-0035145_2022W04_OUT_DNP,NFL,2022,4,2022_NFL_W04_SEA_DET,NFL_DET,NFL_P_00-0035145,K,,OUT,DNP,right Groin,2022-10-01,nflverse,,2026-09-07T05:46:50.365367+00:00,2022-10-01T00:00:00
NFL_DET_00-0036963_2022W04_OUT_DNP,NFL,2022,4,2022_NFL_W04_SEA_DET,NFL_DET,NFL_P_00-0036963,WR,,OUT,DNP,Ankle,2022-10-01,nflverse,,2026-09-07T05:46:50.365367+00:00,2022-10-01T00:00:00
NFL_DET_00-0036275_2022W04_OUT_DNP,NFL,2022,4,2022_NFL_W04_SEA_DET,NFL_DET,NFL_P_00-0036275,RB,,OUT,DNP,Shoulder,2022-10-01,nflverse,,2026-09-07T05:46:50.365367+00:00,2022-10-01T00:00:00
NFL_DET_00-0034777_2022W04_QUESTIONABLE_LP,NFL,2022,4,2022_NFL_W04_SEA_DET,NFL_DET,NFL_P_00-0034777,WR,,QUESTIONABLE,LP,Ankle,2022-10-01,nflverse,,2026-09-07T05:46:50.365367+00:00,2022-10-01T00:00:00
NFL_DET_00-0033943_2022W04_QUESTIONABLE_LP,NFL,2022,4,2022_NFL_W04_SEA_DET,NFL_DET,NFL_P_00-0033943,WR,,QUESTIONABLE,LP,Ankle,2022-10-01,nflverse,,2026-09-07T05:46:50.365367+00:00,2022-10-01T00:00:00
NFL_GB_00-0030074_2022W04_NA_LP,NFL,2022,4,2022_NFL_W04_NE_GB,NFL_GB,NFL_P_00-0030074,OL,,UNKNOWN,LP,Knee,2022-10-01,nflverse,,2026-09-07T05:46:50.365367+00:00,2022-10-01T00:00:00
NFL_GB_00-0036239_2022W04_NA_LP,NFL,2022,4,2022_NFL_W04_NE_GB,NFL_GB,NFL_P_00-0036239,LB,,UNKNOWN,LP,Hip,2022-10-01,nflverse,,2026-09-07T05:46:50.365367+00:00,2022-10-01T00:00:00
NFL_GB_00-0035526_2022W04_NA_LP,NFL,2022,4,2022_NFL_W04_NE_GB,NFL_GB,NFL_P_00-0035526,OL,,UNKNOWN,LP,Knee,2022-10-01,nflverse,,2026-09-07T05:46:50.365367+00:00,2022-10-01T00:00:00
NFL_GB_00-0034521_2022W04_NA_LP,NFL,2022,4,2022_NFL_W04_NE_GB,NFL_GB,NFL_P_00-0034521,WR,,UNKNOWN,LP,Ankle,2022-10-01,nflverse,,2026-09-07T05:46:50.365367+00:00,2022-10-01T00:00:00
NFL_GB_00-0024243_2022W04_NA_LP,NFL,2022,4,2022_NFL_W04_NE_GB,NFL_GB,NFL_P_00-0024243,TE,,UNKNOWN,LP,Groin,2022-10-01,nflverse,,2026-09-07T05:46:50.365367+00:00,2022-10-01T00:00:00
NFL_GB_00-0037122_2022W04_OUT_DNP,NFL,2022,4,2022_NFL_W04_NE_GB,NFL_GB,NFL_P_00-0037122,OL,,OUT,DNP,Illness,2022-10-01,nflverse,,2026-09-07T05:46:50.365367+00:00,2022-10-01T00:00:00
NFL_GB_00-0034728_2022W04_QUESTIONABLE_LP,NFL,2022,4,2022_NFL_W04_NE_GB,NFL_GB,NFL_P_00-0034728,CB,,QUESTIONABLE,LP,Groin,2022-10-01,nflverse,,2026-09-07T05:46:50.365367+00:00,2022-10-01T00:00:00
NFL_HOU_00-0031236_2022W04_NA_DNP,NFL,2022,4,2022_NFL_W04_LAC_HOU,NFL_HOU,NFL_P_00-0031236,WR,,UNKNOWN,DNP,Not injury related - resting player,2022-10-01,nflverse,,2026-09-07T05:46:50.365367+00:00,2022-10-01T00:00:00
NFL_HOU_00-0027881_2022W04_NA_DNP,NFL,2022,4,2022_NFL_W04_LAC_HOU,NFL_HOU,NFL_P_00-0027881,EDGE,,UNKNOWN,DNP,Not injury related - resting player,2022-10-01,nflverse,,2026-09-07T05:46:50.365367+00:00,2022-10-01T00:00:00
NFL_HOU_00-0037302_2022W04_OUT_DNP,NFL,2022,4,2022_NFL_W04_LAC_HOU,NFL_HOU,NFL_P_00-0037302,OL,,OUT,DNP,Ankle,2022-10-01,nflverse,,2026-09-07T05:46:50.365367+00:00,2022-10-01T00:00:00
NFL_HOU_00-0036556_2022W04_OUT_DNP,NFL,2022,4,2022_NFL_W04_LAC_HOU,NFL_HOU,NFL_P_00-0036556,TE,,OUT,DNP,Ankle,2022-10-01,nflverse,,2026-09-07T05:46:50.365367+00:00,2022-10-01T00:00:00
NFL_HOU_00-0037459_2022W04_QUESTIONABLE_FP,NFL,2022,4,2022_NFL_W04_LAC_HOU,NFL_HOU,NFL_P_00-0037459,DL,,QUESTIONABLE,FP,Foot,2022-10-01,nflverse,,2026-09-07T05:46:50.365367+00:00,2022-10-01T00:00:00
NFL_HOU_00-0033557_2022W04_QUESTIONABLE_FP,NFL,2022,4,2022_NFL_W04_LAC_HOU,NFL_HOU,NFL_P_00-0033557,LB,,QUESTIONABLE,FP,Back,2022-10-01,nflverse,,2026-09-07T05:46:50.365367+00:00,2022-10-01T00:00:00
NFL_HOU_00-0034780_2022W04_QUESTIONABLE_FP,NFL,2022,4,2022_NFL_W04_LAC_HOU,NFL_HOU,NFL_P_00-0034780,CB,,QUESTIONABLE,FP,Thigh,2022-10-01,nflverse,,2026-09-07T05:46:50.365367+00:00,2022-10-01T00:00:00
NFL_HOU_00-0033439_2022W04_QUESTIONABLE_LP,NFL,2022,4,2022_NFL_W04_LAC_HOU,NFL_HOU,NFL_P_00-0033439,TE,,QUESTIONABLE,LP,Shoulder,2022-10-01,nflverse,,2026-09-07T05:46:50.365367+00:00,2022-10-01T00:00:00
NFL_IND_00-0036253_2022W04_OUT_DNP,NFL,2022,4,2022_NFL_W04_TEN_IND,NFL_IND,NFL_P_00-0036253,S,,OUT,DNP,Ankle,2022-10-01,nflverse,,2026-09-07T05:46:50.365367+00:00,2022-10-01T00:00:00
NFL_IND_00-0032378_2022W04_QUESTIONABLE_DNP,NFL,2022,4,2022_NFL_W04_TEN_IND,NFL_IND,NFL_P_00-0032378,DL,,QUESTIONABLE,DNP,Elbow,2022-10-01,nflverse,,2026-09-07T05:46:50.365367+00:00,2022-10-01T00:00:00
NFL_IND_00-0034846_2022W04_QUESTIONABLE_FP,NFL,2022,4,2022_NFL_W04_TEN_IND,NFL_IND,NFL_P_00-0034846,LB,,QUESTIONABLE,FP,Back,2022-10-01,nflverse,,2026-09-07T05:46:50.365367+00:00,2022-10-01T00:00:00
NFL_IND_00-0037757_2022W04_QUESTIONABLE_FP,NFL,2022,4,2022_NFL_W04_TEN_IND,NFL_IND,NFL_P_00-0037757,OL,,QUESTIONABLE,FP,Ankle,2022-10-01,nflverse,,2026-09-07T05:46:50.365367+00:00,2022-10-01T00:00:00
NFL_JAX_00-0036286_2022W04_QUESTIONABLE_LP,NFL,2022,4,2022_NFL_W04_JAX_PHI,NFL_JAX,NFL_P_00-0036286,LB,,QUESTIONABLE,LP,Ankle,2022-10-01,nflverse,,2026-09-07T05:46:50.365367+00:00,2022-10-01T00:00:00
NFL_JAX_00-0033926_2022W04_QUESTIONABLE_LP,NFL,2022,4,2022_NFL_W04_JAX_PHI,NFL_JAX,NFL_P_00-0033926,CB,,QUESTIONABLE,LP,Hip,2022-10-01,nflverse,,2026-09-07T05:46:50.365367+00:00,2022-10-01T00:00:00
NFL_JAX_00-0033891_2022W04_QUESTIONABLE_LP,NFL,2022,4,2022_NFL_W04_JAX_PHI,NFL_JAX,NFL_P_00-0033891,WR,,QUESTIONABLE,LP,Ankle,2022-10-01,nflverse,,2026-09-07T05:46:50.365367+00:00,2022-10-01T00:00:00
NFL_JAX_00-0036655_2022W04_QUESTIONABLE_LP,NFL,2022,4,2022_NFL_W04_JAX_PHI,NFL_JAX,NFL_P_00-0036655,OL,,QUESTIONABLE,LP,Hamstring,2022-10-01,nflverse,,2026-09-07T05:46:50.365367+00:00,2022-10-01T00:00:00
NFL_KC_00-0035140_2022W04_NA_LP,NFL,2022,4,2022_NFL_W04_KC_TB,NFL_KC,NFL_P_00-0035140,WR,,UNKNOWN,LP,Heel,2022-10-02,nflverse,,2026-09-07T05:46:50.365367+00:00,2022-10-02T00:00:00
NFL_KC_00-0036378_2022W04_OUT_LP,NFL,2022,4,2022_NFL_W04_KC_TB,NFL_KC,NFL_P_00-0036378,EDGE,,OUT,LP,Calf,2022-10-02,nflverse,,2026-09-07T05:46:50.365367+00:00,2022-10-02T00:00:00
NFL_KC_00-0033303_2022W04_QUESTIONABLE_DNP,NFL,2022,4,2022_NFL_W04_KC_TB,NFL_KC,NFL_P_00-0033303,K,,QUESTIONABLE,DNP,left Ankle,2022-10-02,nflverse,,2026-09-07T05:46:50.365367+00:00,2022-10-02T00:00:00
NFL_KC_00-0036632_2022W04_QUESTIONABLE_DNP,NFL,2022,4,2022_NFL_W04_KC_TB,NFL_KC,NFL_P_00-0036632,EDGE,,QUESTIONABLE,DNP,Illness,2022-10-02,nflverse,,2026-09-07T05:46:50.365367+00:00,2022-10-02T00:00:00
NFL_KC_00-0034272_2022W04_QUESTIONABLE_LP,NFL,2022,4,2022_NFL_W04_KC_TB,NFL_KC,NFL_P_00-0034272,WR,,QUESTIONABLE,LP,Abdomen,2022-10-02,nflverse,,2026-09-07T05:46:50.365367+00:00,2022-10-02T00:00:00
NFL_LAR_00-0034804_2022W04_OUT_DNP,NFL,2022,4,2022_NFL_W04_LAR_SF,NFL_LAR,NFL_P_00-0034804,OL,,OUT,DNP,Knee,2022-10-03,nflverse,,2026-09-07T05:46:50.365367+00:00,2022-10-03T00:00:00
NFL_LAR_00-0037839_2022W04_OUT_DNP,NFL,2022,4,2022_NFL_W04_LAR_SF,NFL_LAR,NFL_P_00-0037839,CB,,OUT,DNP,Hamstring,2022-10-03,nflverse,,2026-09-07T05:46:50.365367+00:00,2022-10-03T00:00:00
NFL_LAR_00-0035668_2022W04_OUT_DNP,NFL,2022,4,2022_NFL_W04_LAR_SF,NFL_LAR,NFL_P_00-0035668,OL,,OUT,DNP,Illness,2022-10-03,nflverse,,2026-09-07T05:46:50.365367+00:00,2022-10-03T00:00:00
NFL_LAR_00-0035665_2022W04_OUT_DNP,NFL,2022,4,2022_NFL_W04_LAR_SF,NFL_LAR,NFL_P_00-0035665,CB,,OUT,DNP,Groin,2022-10-03,nflverse,,2026-09-07T05:46:50.365367+00:00,2022-10-03T00:00:00
NFL_LAC_00-0030279_2022W04_OUT_DNP,NFL,2022,4,2022_NFL_W04_LAC_HOU,NFL_LAC,NFL_P_00-0030279,WR,,OUT,DNP,Hamstring,2022-10-01,nflverse,,2026-09-07T05:46:50.365367+00:00,2022-10-01T00:00:00
NFL_LAC_00-0031019_2022W04_QUESTIONABLE_DNP,NFL,2022,4,2022_NFL_W04_LAC_HOU,NFL_LAC,NFL_P_00-0031019,OL,,QUESTIONABLE,DNP,Knee,2022-10-01,nflverse,,2026-09-07T05:46:50.365367+00:00,2022-10-01T00:00:00
NFL_LAC_00-0035329_2022W04_QUESTIONABLE_FP,NFL,2022,4,2022_NFL_W04_LAC_HOU,NFL_LAC,NFL_P_00-0035329,TE,,QUESTIONABLE,FP,Hamstring,2022-10-01,nflverse,,2026-09-07T05:46:50.365367+00:00,2022-10-01T00:00:00
NFL_LV_00-0034981_2022W04_OUT_DNP,NFL,2022,4,2022_NFL_W04_DEN_LV,NFL_LV,NFL_P_00-0034981,TE,,OUT,DNP,Knee,2022-10-01,nflverse,,2026-09-07T05:46:50.365367+00:00,2022-10-01T00:00:00
NFL_LV_00-0034983_2022W04_OUT_DNP,NFL,2022,4,2022_NFL_W04_DEN_LV,NFL_LV,NFL_P_00-0034983,WR,,OUT,DNP,Concussion,2022-10-01,nflverse,,2026-09-07T05:46:50.365367+00:00,2022-10-01T00:00:00
NFL_LV_00-0037516_2022W04_QUESTIONABLE_LP,NFL,2022,4,2022_NFL_W04_DEN_LV,NFL_LV,NFL_P_00-0037516,CB,,QUESTIONABLE,LP,Hamstring,2022-10-01,nflverse,,2026-09-07T05:46:50.365367+00:00,2022-10-01T00:00:00
NFL_LV_00-0035637_2022W04_QUESTIONABLE_LP,NFL,2022,4,2022_NFL_W04_DEN_LV,NFL_LV,NFL_P_00-0035637,CB,,QUESTIONABLE,LP,Knee,2022-10-01,nflverse,,2026-09-07T05:46:50.365367+00:00,2022-10-01T00:00:00
NFL_MIA_00-0029249_2022W04_NA_DNP,NFL,2022,4,2022_NFL_W04_MIA_CIN,NFL_MIA,NFL_P_00-0029249,LB,,UNKNOWN,DNP,Not injury related - resting player,2022-09-29,nflverse,,2026-09-07T05:46:50.365367+00:00,2022-09-29T00:00:00
NFL_MIA_00-0033338_2022W04_OUT_DNP,NFL,2022,4,2022_NFL_W04_MIA_CIN,NFL_MIA,NFL_P_00-0033338,TE,,OUT,DNP,Concussion,2022-09-29,nflverse,,2026-09-07T05:46:50.365367+00:00,2022-09-29T00:00:00
NFL_MIA_00-0037004_2022W04_OUT_DNP,NFL,2022,4,2022_NFL_W04_MIA_CIN,NFL_MIA,NFL_P_00-0037004,TE,,OUT,DNP,Ankle,2022-09-29,nflverse,,2026-09-07T05:46:50.365367+00:00,2022-09-29T00:00:00
NFL_MIA_00-0035272_2022W04_QUESTIONABLE_NA,NFL,2022,4,2022_NFL_W04_MIA_CIN,NFL_MIA,NFL_P_00-0035272,LB,,QUESTIONABLE,,Illness,2022-09-29,nflverse,,2026-09-07T05:46:50.365367+00:00,2022-09-29T00:00:00
NFL_MIA_00-0030067_2022W04_QUESTIONABLE_DNP,NFL,2022,4,2022_NFL_W04_MIA_CIN,NFL_MIA,NFL_P_00-0030067,OL,,QUESTIONABLE,DNP,Toe,2022-09-29,nflverse,,2026-09-07T05:46:50.365367+00:00,2022-09-29T00:00:00
NFL_MIA_00-0036213_2022W04_QUESTIONABLE_LP,NFL,2022,4,2022_NFL_W04_MIA_CIN,NFL_MIA,NFL_P_00-0036213,DL,,QUESTIONABLE,LP,Knee,2022-09-29,nflverse,,2026-09-07T05:46:50.365367+00:00,2022-09-29T00:00:00
NFL_MIA_00-0033050_2022W04_QUESTIONABLE_LP,NFL,2022,4,2022_NFL_W04_MIA_CIN,NFL_MIA,NFL_P_00-0033050,CB,,QUESTIONABLE,LP,Groin,2022-09-29,nflverse,,2026-09-07T05:46:50.365367+00:00,2022-09-29T00:00:00
NFL_MIA_00-0036221_2022W04_QUESTIONABLE_LP,NFL,2022,4,2022_NFL_W04_MIA_CIN,NFL_MIA,NFL_P_00-0036221,S,,QUESTIONABLE,LP,Chest,2022-09-29,nflverse,,2026-09-07T05:46:50.365367+00:00,2022-09-29T00:00:00
NFL_MIA_00-0036212_2022W04_QUESTIONABLE_LP,NFL,2022,4,2022_NFL_W04_MIA_CIN,NFL_MIA,NFL_P_00-0036212,QB,,QUESTIONABLE,LP,Back,2022-09-29,nflverse,,2026-09-07T05:46:50.365367+00:00,2022-09-29T00:00:00
NFL_MIA_00-0036613_2022W04_QUESTIONABLE_LP,NFL,2022,4,2022_NFL_W04_MIA_CIN,NFL_MIA,NFL_P_00-0036613,WR,,QUESTIONABLE,LP,Groin,2022-09-29,nflverse,,2026-09-07T05:46:50.365367+00:00,2022-09-29T00:00:00
NFL_MIA_00-0034418_2022W04_QUESTIONABLE_LP,NFL,2022,4,2022_NFL_W04_MIA_CIN,NFL_MIA,NFL_P_00-0034418,WR,,QUESTIONABLE,LP,Ribs,2022-09-29,nflverse,,2026-09-07T05:46:50.365367+00:00,2022-09-29T00:00:00
NFL_MIN_00-0038130_2022W04_DOUBTFUL_LP,NFL,2022,4,2022_NFL_W04_MIN_NO,NFL_MIN,NFL_P_00-0038130,CB,,DOUBTFUL,LP,Quadricep,2022-10-01,nflverse,,2026-09-07T05:46:50.365367+00:00,2022-10-01T00:00:00
NFL_MIN_00-0031576_2022W04_QUESTIONABLE_LP,NFL,2022,4,2022_NFL_W04_MIN_NO,NFL_MIN,NFL_P_00-0031576,EDGE,,QUESTIONABLE,LP,Knee,2022-10-01,nflverse,,2026-09-07T05:46:50.365367+00:00,2022-10-01T00:00:00
NFL_NE_00-0035252_2022W04_OUT_DNP,NFL,2022,4,2022_NFL_W04_NE_GB,NFL_NE,NFL_P_00-0035252,OL,,OUT,DNP,Thumb,2022-10-01,nflverse,,2026-09-07T05:46:50.365367+00:00,2022-10-01T00:00:00
NFL_NE_00-0028171_2022W04_OUT_DNP,NFL,2022,4,2022_NFL_W04_NE_GB,NFL_NE,NFL_P_00-0028171,DL,,OUT,DNP,Shoulder,2022-10-01,nflverse,,2026-09-07T05:46:50.365367+00:00,2022-10-01T00:00:00
NFL_NE_00-0036972_2022W04_OUT_DNP,NFL,2022,4,2022_NFL_W04_NE_GB,NFL_NE,NFL_P_00-0036972,QB,,OUT,DNP,Ankle,2022-10-01,nflverse,,2026-09-07T05:46:50.365367+00:00,2022-10-01T00:00:00
NFL_NE_00-0036872_2022W04_QUESTIONABLE_LP,NFL,2022,4,2022_NFL_W04_NE_GB,NFL_NE,NFL_P_00-0036872,S,,QUESTIONABLE,LP,Groin,2022-10-01,nflverse,,2026-09-07T05:46:50.365367+00:00,2022-10-01T00:00:00
NFL_NE_00-0036231_2022W04_QUESTIONABLE_LP,NFL,2022,4,2022_NFL_W04_NE_GB,NFL_NE,NFL_P_00-0036231,S,,QUESTIONABLE,LP,Knee,2022-10-01,nflverse,,2026-09-07T05:46:50.365367+00:00,2022-10-01T00:00:00
NFL_NE_00-0033860_2022W04_QUESTIONABLE_LP,NFL,2022,4,2022_NFL_W04_NE_GB,NFL_NE,NFL_P_00-0033860,DL,,QUESTIONABLE,LP,Back,2022-10-01,nflverse,,2026-09-07T05:46:50.365367+00:00,2022-10-01T00:00:00
NFL_NE_00-0033461_2022W04_QUESTIONABLE_LP,NFL,2022,4,2022_NFL_W04_NE_GB,NFL_NE,NFL_P_00-0033461,LB,,QUESTIONABLE,LP,Thumb,2022-10-01,nflverse,,2026-09-07T05:46:50.365367+00:00,2022-10-01T00:00:00
NFL_NE_00-0034960_2022W04_QUESTIONABLE_LP,NFL,2022,4,2022_NFL_W04_NE_GB,NFL_NE,NFL_P_00-0034960,WR,,QUESTIONABLE,LP,Knee,2022-10-01,nflverse,,2026-09-07T05:46:50.365367+00:00,2022-10-01T00:00:00
NFL_NE_00-0032803_2022W04_QUESTIONABLE_LP,NFL,2022,4,2022_NFL_W04_NE_GB,NFL_NE,NFL_P_00-0032803,CB,,QUESTIONABLE,LP,Hamstring,2022-10-01,nflverse,,2026-09-07T05:46:50.365367+00:00,2022-10-01T00:00:00
NFL_NE_00-0031404_2022W04_QUESTIONABLE_LP,NFL,2022,4,2022_NFL_W04_NE_GB,NFL_NE,NFL_P_00-0031404,S,,QUESTIONABLE,LP,Ribs,2022-10-01,nflverse,,2026-09-07T05:46:50.365367+00:00,2022-10-01T00:00:00
NFL_NO_00-0033888_2022W04_NA_DNP,NFL,2022,4,2022_NFL_W04_MIN_NO,NFL_NO,NFL_P_00-0033888,OL,,UNKNOWN,DNP,Not injury related - resting player,2022-10-01,nflverse,,2026-09-07T05:46:50.365367+00:00,2022-10-01T00:00:00
NFL_NO_00-0036937_2022W04_NA_LP,NFL,2022,4,2022_NFL_W04_MIN_NO,NFL_NO,NFL_P_00-0036937,CB,,UNKNOWN,LP,Ankle,2022-10-01,nflverse,,2026-09-07T05:46:50.365367+00:00,2022-10-01T00:00:00
NFL_NO_00-0035215_2022W04_NA_LP,NFL,2022,4,2022_NFL_W04_MIN_NO,NFL_NO,NFL_P_00-0035215,WR,,UNKNOWN,LP,Foot,2022-10-01,nflverse,,2026-09-07T05:46:50.365367+00:00,2022-10-01T00:00:00
NFL_NO_00-0033892_2022W04_OUT_DNP,NFL,2022,4,2022_NFL_W04_MIN_NO,NFL_NO,NFL_P_00-0033892,S,,OUT,DNP,Rib,2022-10-01,nflverse,,2026-09-07T05:46:50.365367+00:00,2022-10-01T00:00:00
NFL_NO_00-0032765_2022W04_OUT_DNP,NFL,2022,4,2022_NFL_W04_MIN_NO,NFL_NO,NFL_P_00-0032765,WR,,OUT,DNP,Foot,2022-10-01,nflverse,,2026-09-07T05:46:50.365367+00:00,2022-10-01T00:00:00
NFL_NO_00-0032203_2022W04_OUT_LP,NFL,2022,4,2022_NFL_W04_MIN_NO,NFL_NO,NFL_P_00-0032203,OL,,OUT,LP,Concussion,2022-10-01,nflverse,,2026-09-07T05:46:50.365367+00:00,2022-10-01T00:00:00
NFL_NO_00-0031503_2022W04_DOUBTFUL_DNP,NFL,2022,4,2022_NFL_W04_MIN_NO,NFL_NO,NFL_P_00-0031503,QB,,DOUBTFUL,DNP,Back,2022-10-01,nflverse,,2026-09-07T05:46:50.365367+00:00,2022-10-01T00:00:00
NFL_NO_00-0033906_2022W04_QUESTIONABLE_LP,NFL,2022,4,2022_NFL_W04_MIN_NO,NFL_NO,NFL_P_00-0033906,RB,,QUESTIONABLE,LP,Rib,2022-10-01,nflverse,,2026-09-07T05:46:50.365367+00:00,2022-10-01T00:00:00
NFL_NO_00-0031382_2022W04_QUESTIONABLE_LP,NFL,2022,4,2022_NFL_W04_MIN_NO,NFL_NO,NFL_P_00-0031382,WR,,QUESTIONABLE,LP,Ankle,2022-10-01,nflverse,,2026-09-07T05:46:50.365367+00:00,2022-10-01T00:00:00
NFL_NYG_00-0032385_2022W04_NA_DNP,NFL,2022,4,2022_NFL_W04_CHI_NYG,NFL_NYG,NFL_P_00-0032385,WR,,UNKNOWN,DNP,Knee,2022-10-01,nflverse,,2026-09-07T05:46:50.365367+00:00,2022-10-01T00:00:00
NFL_NYG_00-0037758_2022W04_OUT_DNP,NFL,2022,4,2022_NFL_W04_CHI_NYG,NFL_NYG,NFL_P_00-0037758,CB,,OUT,DNP,Calf,2022-10-01,nflverse,,2026-09-07T05:46:50.365367+00:00,2022-10-01T00:00:00
NFL_NYG_00-0036589_2022W04_OUT_DNP,NFL,2022,4,2022_NFL_W04_CHI_NYG,NFL_NYG,NFL_P_00-0036589,CB,,OUT,DNP,Hamstring,2022-10-01,nflverse,,2026-09-07T05:46:50.365367+00:00,2022-10-01T00:00:00
NFL_NYG_00-0038117_2022W04_OUT_DNP,NFL,2022,4,2022_NFL_W04_CHI_NYG,NFL_NYG,NFL_P_00-0038117,WR,,OUT,DNP,Knee,2022-10-01,nflverse,,2026-09-07T05:46:50.365367+00:00,2022-10-01T00:00:00
NFL_NYG_00-0036913_2022W04_OUT_DNP,NFL,2022,4,2022_NFL_W04_CHI_NYG,NFL_NYG,NFL_P_00-0036913,WR,,OUT,DNP,Hamstring,2022-10-01,nflverse,,2026-09-07T05:46:50.365367+00:00,2022-10-01T00:00:00
NFL_NYG_00-0031933_2022W04_OUT_DNP,NFL,2022,4,2022_NFL_W04_CHI_NYG,NFL_NYG,NFL_P_00-0031933,DL,,OUT,DNP,Knee,2022-10-01,nflverse,,2026-09-07T05:46:50.365367+00:00,2022-10-01T00:00:00
NFL_NYJ_00-0035680_2022W04_OUT_DNP,NFL,2022,4,2022_NFL_W04_NYJ_PIT,NFL_NYJ,NFL_P_00-0035680,LB,,OUT,DNP,Ankle,2022-10-01,nflverse,,2026-09-07T05:46:50.365367+00:00,2022-10-01T00:00:00
NFL_NYJ_00-0036504_2022W04_QUESTIONABLE_FP,NFL,2022,4,2022_NFL_W04_NYJ_PIT,NFL_NYJ,NFL_P_00-0036504,CB,,QUESTIONABLE,FP,Hamstring,2022-10-01,nflverse,,2026-09-07T05:46:50.365367+00:00,2022-10-01T00:00:00
NFL_NYJ_00-0034805_2022W04_QUESTIONABLE_FP,NFL,2022,4,2022_NFL_W04_NYJ_PIT,NFL_NYJ,NFL_P_00-0034805,EDGE,,QUESTIONABLE,FP,Toe,2022-10-01,nflverse,,2026-09-07T05:46:50.365367+00:00,2022-10-01T00:00:00
NFL_NYJ_00-0037013_2022W04_QUESTIONABLE_FP,NFL,2022,4,2022_NFL_W04_NYJ_PIT,NFL_NYJ,NFL_P_00-0037013,QB,,QUESTIONABLE,FP,Knee,2022-10-01,nflverse,,2026-09-07T05:46:50.365367+00:00,2022-10-01T00:00:00
NFL_PHI_00-0029653_2022W04_NA_LP,NFL,2022,4,2022_NFL_W04_JAX_PHI,NFL_PHI,NFL_P_00-0029653,DL,,UNKNOWN,LP,Not injury related - resting player,2022-10-01,nflverse,,2026-09-07T05:46:50.365367+00:00,2022-10-01T00:00:00
NFL_PHI_00-0027865_2022W04_NA_LP,NFL,2022,4,2022_NFL_W04_JAX_PHI,NFL_PHI,NFL_P_00-0027865,EDGE,,UNKNOWN,LP,Not injury related - resting player,2022-10-01,nflverse,,2026-09-07T05:46:50.365367+00:00,2022-10-01T00:00:00
NFL_PHI_00-0030561_2022W04_NA_LP,NFL,2022,4,2022_NFL_W04_JAX_PHI,NFL_PHI,NFL_P_00-0030561,OL,,UNKNOWN,LP,Not injury related - resting player,2022-10-01,nflverse,,2026-09-07T05:46:50.365367+00:00,2022-10-01T00:00:00
NFL_PHI_00-0028129_2022W04_NA_LP,NFL,2022,4,2022_NFL_W04_JAX_PHI,NFL_PHI,NFL_P_00-0028129,OL,,UNKNOWN,LP,Not injury related - resting player,2022-10-01,nflverse,,2026-09-07T05:46:50.365367+00:00,2022-10-01T00:00:00
NFL_PHI_00-0032954_2022W04_NA_LP,NFL,2022,4,2022_NFL_W04_JAX_PHI,NFL_PHI,NFL_P_00-0032954,OL,,UNKNOWN,LP,Not injury related - resting player,2022-10-01,nflverse,,2026-09-07T05:46:50.365367+00:00,2022-10-01T00:00:00
NFL_PHI_00-0034381_2022W04_NA_LP,NFL,2022,4,2022_NFL_W04_JAX_PHI,NFL_PHI,NFL_P_00-0034381,EDGE,,UNKNOWN,LP,Not injury related - resting player,2022-10-01,nflverse,,2026-09-07T05:46:50.365367+00:00,2022-10-01T00:00:00
NFL_PHI_00-0034377_2022W04_OUT_DNP,NFL,2022,4,2022_NFL_W04_JAX_PHI,NFL_PHI,NFL_P_00-0034377,CB,,OUT,DNP,Ankle,2022-10-01,nflverse,,2026-09-07T05:46:50.365367+00:00,2022-10-01T00:00:00
NFL_PHI_00-0034414_2022W04_OUT_DNP,NFL,2022,4,2022_NFL_W04_JAX_PHI,NFL_PHI,NFL_P_00-0034414,RB,,OUT,DNP,Rib,2022-10-01,nflverse,,2026-09-07T05:46:50.365367+00:00,2022-10-01T00:00:00
NFL_PIT_00-0033905_2022W04_NA_DNP,NFL,2022,4,2022_NFL_W04_NYJ_PIT,NFL_PIT,NFL_P_00-0033905,DL,,UNKNOWN,DNP,Not injury related - resting player,2022-10-01,nflverse,,2026-09-07T05:46:50.365367+00:00,2022-10-01T00:00:00
NFL_PIT_00-0033930_2022W04_NA_LP,NFL,2022,4,2022_NFL_W04_NYJ_PIT,NFL_PIT,NFL_P_00-0033930,CB,,UNKNOWN,LP,Groin,2022-10-01,nflverse,,2026-09-07T05:46:50.365367+00:00,2022-10-01T00:00:00
NFL_PIT_00-0033783_2022W04_OUT_DNP,NFL,2022,4,2022_NFL_W04_NYJ_PIT,NFL_PIT,NFL_P_00-0033783,CB,,OUT,DNP,Hamstring,2022-10-01,nflverse,,2026-09-07T05:46:50.365367+00:00,2022-10-01T00:00:00
NFL_SEA_00-0031796_2022W04_DOUBTFUL_DNP,NFL,2022,4,2022_NFL_W04_SEA_DET,NFL_SEA,NFL_P_00-0031796,CB,,DOUBTFUL,DNP,Calf,2022-10-01,nflverse,,2026-09-07T05:46:50.365367+00:00,2022-10-01T00:00:00
NFL_SEA_00-0037141_2022W04_QUESTIONABLE_FP,NFL,2022,4,2022_NFL_W04_SEA_DET,NFL_SEA,NFL_P_00-0037141,S,,QUESTIONABLE,FP,Hamstring,2022-10-01,nflverse,,2026-09-07T05:46:50.365367+00:00,2022-10-01T00:00:00
NFL_SEA_00-0035141_2022W04_QUESTIONABLE_FP,NFL,2022,4,2022_NFL_W04_SEA_DET,NFL_SEA,NFL_P_00-0035141,OL,,QUESTIONABLE,FP,Ankle,2022-10-01,nflverse,,2026-09-07T05:46:50.365367+00:00,2022-10-01T00:00:00
NFL_SF_00-0034115_2022W04_NA_LP,NFL,2022,4,2022_NFL_W04_LAR_SF,NFL_SF,NFL_P_00-0034115,RB,,UNKNOWN,LP,Heel,2022-10-03,nflverse,,2026-09-07T05:46:50.365367+00:00,2022-10-03T00:00:00
NFL_SF_00-0035166_2022W04_OUT_DNP,NFL,2022,4,2022_NFL_W04_LAR_SF,NFL_SF,NFL_P_00-0035166,LB,,OUT,DNP,Knee,2022-10-03,nflverse,,2026-09-07T05:46:50.365367+00:00,2022-10-03T00:00:00
NFL_SF_00-0037827_2022W04_OUT_DNP,NFL,2022,4,2022_NFL_W04_LAR_SF,NFL_SF,NFL_P_00-0037827,RB,,OUT,DNP,Ankle,2022-10-03,nflverse,,2026-09-07T05:46:50.365367+00:00,2022-10-03T00:00:00
NFL_SF_00-0032214_2022W04_OUT_DNP,NFL,2022,4,2022_NFL_W04_LAR_SF,NFL_SF,NFL_P_00-0032214,TE,,OUT,DNP,Knee,2022-10-03,nflverse,,2026-09-07T05:46:50.365367+00:00,2022-10-03T00:00:00
NFL_SF_00-0034263_2022W04_OUT_DNP,NFL,2022,4,2022_NFL_W04_LAR_SF,NFL_SF,NFL_P_00-0034263,S,,OUT,DNP,Hamstring,2022-10-03,nflverse,,2026-09-07T05:46:50.365367+00:00,2022-10-03T00:00:00
NFL_SF_00-0027857_2022W04_OUT_DNP,NFL,2022,4,2022_NFL_W04_LAR_SF,NFL_SF,NFL_P_00-0027857,OL,,OUT,DNP,Ankle,2022-10-03,nflverse,,2026-09-07T05:46:50.365367+00:00,2022-10-03T00:00:00
NFL_SF_00-0037828_2022W04_DOUBTFUL_DNP,NFL,2022,4,2022_NFL_W04_LAR_SF,NFL_SF,NFL_P_00-0037828,WR,,DOUBTFUL,DNP,Hip,2022-10-03,nflverse,,2026-09-07T05:46:50.365367+00:00,2022-10-03T00:00:00
NFL_SF_00-0032164_2022W04_QUESTIONABLE_LP,NFL,2022,4,2022_NFL_W04_LAR_SF,NFL_SF,NFL_P_00-0032164,EDGE,,QUESTIONABLE,LP,Foot,2022-10-03,nflverse,,2026-09-07T05:46:50.365367+00:00,2022-10-03T00:00:00
NFL_SF_00-0034073_2022W04_QUESTIONABLE_LP,NFL,2022,4,2022_NFL_W04_LAR_SF,NFL_SF,NFL_P_00-0034073,TE,,QUESTIONABLE,LP,Rib,2022-10-03,nflverse,,2026-09-07T05:46:50.365367+00:00,2022-10-03T00:00:00
NFL_SF_00-0036260_2022W04_QUESTIONABLE_LP,NFL,2022,4,2022_NFL_W04_LAR_SF,NFL_SF,NFL_P_00-0036260,DL,,QUESTIONABLE,LP,Knee,2022-10-03,nflverse,,2026-09-07T05:46:50.365367+00:00,2022-10-03T00:00:00
NFL_TB_00-0029562_2022W04_NA_DNP,NFL,2022,4,2022_NFL_W04_KC_TB,NFL_TB,NFL_P_00-0029562,LB,,UNKNOWN,DNP,Not injury related - resting player,2022-10-02,nflverse,,2026-09-07T05:46:50.365367+00:00,2022-10-02T00:00:00
NFL_TB_00-0029657_2022W04_OUT_DNP,NFL,2022,4,2022_NFL_W04_KC_TB,NFL_TB,NFL_P_00-0029657,DL,,OUT,DNP,Foot,2022-10-02,nflverse,,2026-09-07T05:46:50.365367+00:00,2022-10-02T00:00:00
NFL_TB_00-0032054_2022W04_DOUBTFUL_DNP,NFL,2022,4,2022_NFL_W04_KC_TB,NFL_TB,NFL_P_00-0032054,WR,,DOUBTFUL,DNP,Knee,2022-10-02,nflverse,,2026-09-07T05:46:50.365367+00:00,2022-10-02T00:00:00
NFL_TB_00-0034411_2022W04_QUESTIONABLE_DNP,NFL,2022,4,2022_NFL_W04_KC_TB,NFL_TB,NFL_P_00-0034411,WR,,QUESTIONABLE,DNP,Hamstring,2022-10-02,nflverse,,2026-09-07T05:46:50.365367+00:00,2022-10-02T00:00:00
NFL_TB_00-0027944_2022W04_QUESTIONABLE_DNP,NFL,2022,4,2022_NFL_W04_KC_TB,NFL_TB,NFL_P_00-0027944,WR,,QUESTIONABLE,DNP,Knee,2022-10-02,nflverse,,2026-09-07T05:46:50.365367+00:00,2022-10-02T00:00:00
NFL_TB_00-0033921_2022W04_QUESTIONABLE_LP,NFL,2022,4,2022_NFL_W04_KC_TB,NFL_TB,NFL_P_00-0033921,WR,,QUESTIONABLE,LP,Hamstring,2022-10-02,nflverse,,2026-09-07T05:46:50.365367+00:00,2022-10-02T00:00:00
NFL_TB_00-0032217_2022W04_QUESTIONABLE_LP,NFL,2022,4,2022_NFL_W04_KC_TB,NFL_TB,NFL_P_00-0032217,OL,,QUESTIONABLE,LP,Elbow,2022-10-02,nflverse,,2026-09-07T05:46:50.365367+00:00,2022-10-02T00:00:00
NFL_TEN_00-0033132_2022W04_NA_DNP,NFL,2022,4,2022_NFL_W04_TEN_IND,NFL_TEN,NFL_P_00-0033132,S,,UNKNOWN,DNP,Not injury related - personal matter,2022-10-01,nflverse,,2026-09-07T05:46:50.365367+00:00,2022-10-01T00:00:00
NFL_TEN_00-0035643_2022W04_NA_DNP,NFL,2022,4,2022_NFL_W04_TEN_IND,NFL_TEN,NFL_P_00-0035643,DL,,UNKNOWN,DNP,Not injury related - resting player,2022-10-01,nflverse,,2026-09-07T05:46:50.365367+00:00,2022-10-01T00:00:00
NFL_TEN_00-0036416_2022W04_NA_LP,NFL,2022,4,2022_NFL_W04_TEN_IND,NFL_TEN,NFL_P_00-0036416,CB,,UNKNOWN,LP,Knee,2022-10-01,nflverse,,2026-09-07T05:46:50.365367+00:00,2022-10-01T00:00:00
NFL_TEN_00-0029413_2022W04_NA_LP,NFL,2022,4,2022_NFL_W04_TEN_IND,NFL_TEN,NFL_P_00-0029413,OL,,UNKNOWN,LP,Not injury related - resting player,2022-10-01,nflverse,,2026-09-07T05:46:50.365367+00:00,2022-10-01T00:00:00
NFL_TEN_00-0035142_2022W04_OUT_DNP,NFL,2022,4,2022_NFL_W04_TEN_IND,NFL_TEN,NFL_P_00-0035142,S,,OUT,DNP,Ankle,2022-10-01,nflverse,,2026-09-07T05:46:50.365367+00:00,2022-10-01T00:00:00
NFL_TEN_00-0033547_2022W04_OUT_DNP,NFL,2022,4,2022_NFL_W04_TEN_IND,NFL_TEN,NFL_P_00-0033547,LB,,OUT,DNP,Elbow,2022-10-01,nflverse,,2026-09-07T05:46:50.365367+00:00,2022-10-01T00:00:00
NFL_TEN_00-0035632_2022W04_OUT_DNP,NFL,2022,4,2022_NFL_W04_TEN_IND,NFL_TEN,NFL_P_00-0035632,S,,OUT,DNP,Concussion,2022-10-01,nflverse,,2026-09-07T05:46:50.365367+00:00,2022-10-01T00:00:00
NFL_TEN_00-0033386_2022W04_QUESTIONABLE_DNP,NFL,2022,4,2022_NFL_W04_TEN_IND,NFL_TEN,NFL_P_00-0033386,WR,,QUESTIONABLE,DNP,Back,2022-10-01,nflverse,,2026-09-07T05:46:50.365367+00:00,2022-10-01T00:00:00
NFL_TEN_00-0034204_2022W04_QUESTIONABLE_LP,NFL,2022,4,2022_NFL_W04_TEN_IND,NFL_TEN,NFL_P_00-0034204,LB,,QUESTIONABLE,LP,Neck,2022-10-01,nflverse,,2026-09-07T05:46:50.365367+00:00,2022-10-01T00:00:00
NFL_TEN_00-0038125_2022W04_QUESTIONABLE_LP,NFL,2022,4,2022_NFL_W04_TEN_IND,NFL_TEN,NFL_P_00-0038125,CB,,QUESTIONABLE,LP,Back,2022-10-01,nflverse,,2026-09-07T05:46:50.365367+00:00,2022-10-01T00:00:00
NFL_TEN_00-0037273_2022W04_QUESTIONABLE_LP,NFL,2022,4,2022_NFL_W04_TEN_IND,NFL_TEN,NFL_P_00-0037273,WR,,QUESTIONABLE,LP,Shoulder,2022-10-01,nflverse,,2026-09-07T05:46:50.365367+00:00,2022-10-01T00:00:00
NFL_WAS_00-0032432_2022W04_OUT_DNP,NFL,2022,4,2022_NFL_W04_WAS_DAL,NFL_WAS,NFL_P_00-0032432,OL,,OUT,DNP,Concussion,2022-10-01,nflverse,,2026-09-07T05:46:50.365367+00:00,2022-10-01T00:00:00
NFL_WAS_00-0031095_2022W04_QUESTIONABLE_LP,NFL,2022,4,2022_NFL_W04_WAS_DAL,NFL_WAS,NFL_P_00-0031095,OL,,QUESTIONABLE,LP,Shoulder,2022-10-01,nflverse,,2026-09-07T05:46:50.365367+00:00,2022-10-01T00:00:00
NFL_ARI_00-0029316_2022W05_NA_DNP,NFL,2022,5,2022_NFL_W05_PHI_ARI,NFL_ARI,NFL_P_00-0029316,OL,,UNKNOWN,DNP,Not injury related - resting player,2022-10-08,nflverse,,2026-09-07T05:46:50.365367+00:00,2022-10-08T00:00:00
NFL_ARI_00-0030061_2022W05_NA_DNP,NFL,2022,5,2022_NFL_W05_PHI_ARI,NFL_ARI,NFL_P_00-0030061,TE,,UNKNOWN,DNP,Not injury related - resting player,2022-10-08,nflverse,,2026-09-07T05:46:50.365367+00:00,2022-10-08T00:00:00
NFL_ARI_00-0031558_2022W05_NA_DNP,NFL,2022,5,2022_NFL_W05_PHI_ARI,NFL_ARI,NFL_P_00-0031558,TE,,UNKNOWN,DNP,Knee,2022-10-08,nflverse,,2026-09-07T05:46:50.365367+00:00,2022-10-08T00:00:00
NFL_ARI_00-0032132_2022W05_OUT_DNP,NFL,2022,5,2022_NFL_W05_PHI_ARI,NFL_ARI,NFL_P_00-0032132,OL,,OUT,DNP,Toe,2022-10-08,nflverse,,2026-09-07T05:46:50.365367+00:00,2022-10-08T00:00:00
NFL_ARI_00-0036373_2022W05_OUT_DNP,NFL,2022,5,2022_NFL_W05_PHI_ARI,NFL_ARI,NFL_P_00-0036373,DL,,OUT,DNP,Hand,2022-10-08,nflverse,,2026-09-07T05:46:50.365367+00:00,2022-10-08T00:00:00
NFL_ARI_00-0023853_2022W05_OUT_DNP,NFL,2022,5,2022_NFL_W05_PHI_ARI,NFL_ARI,NFL_P_00-0023853,K,,OUT,DNP,right Hip,2022-10-08,nflverse,,2026-09-07T05:46:50.365367+00:00,2022-10-08T00:00:00
NFL_ARI_00-0032892_2022W05_OUT_DNP,NFL,2022,5,2022_NFL_W05_PHI_ARI,NFL_ARI,NFL_P_00-0032892,LB,,OUT,DNP,Hamstring,2022-10-08,nflverse,,2026-09-07T05:46:50.365367+00:00,2022-10-08T00:00:00
NFL_ARI_00-0027993_2022W05_DOUBTFUL_DNP,NFL,2022,5,2022_NFL_W05_PHI_ARI,NFL_ARI,NFL_P_00-0027993,OL,,DOUBTFUL,DNP,Knee,2022-10-08,nflverse,,2026-09-07T05:46:50.365367+00:00,2022-10-08T00:00:00
NFL_ARI_00-0035695_2022W05_QUESTIONABLE_DNP,NFL,2022,5,2022_NFL_W05_PHI_ARI,NFL_ARI,NFL_P_00-0035695,CB,,QUESTIONABLE,DNP,Hamstring,2022-10-08,nflverse,,2026-09-07T05:46:50.365367+00:00,2022-10-08T00:00:00
NFL_ARI_00-0032222_2022W05_QUESTIONABLE_LP,NFL,2022,5,2022_NFL_W05_PHI_ARI,NFL_ARI,NFL_P_00-0032222,OL,,QUESTIONABLE,LP,Hamstring,2022-10-08,nflverse,,2026-09-07T05:46:50.365367+00:00,2022-10-08T00:00:00
NFL_ARI_00-0036936_2022W05_QUESTIONABLE_LP,NFL,2022,5,2022_NFL_W05_PHI_ARI,NFL_ARI,NFL_P_00-0036936,WR,,QUESTIONABLE,LP,Knee,2022-10-08,nflverse,,2026-09-07T05:46:50.365367+00:00,2022-10-08T00:00:00
NFL_ARI_00-0030585_2022W05_QUESTIONABLE_LP,NFL,2022,5,2022_NFL_W05_PHI_ARI,NFL_ARI,NFL_P_00-0030585,OL,,QUESTIONABLE,LP,Elbow,2022-10-08,nflverse,,2026-09-07T05:46:50.365367+00:00,2022-10-08T00:00:00
NFL_ATL_00-0032065_2022W05_NA_DNP,NFL,2022,5,2022_NFL_W05_ATL_TB,NFL_ATL,NFL_P_00-0032065,P,,UNKNOWN,DNP,Not injury related - personal matter,2022-10-08,nflverse,,2026-09-07T05:46:50.365367+00:00,2022-10-08T00:00:00
NFL_ATL_00-0036970_2022W05_OUT_DNP,NFL,2022,5,2022_NFL_W05_ATL_TB,NFL_ATL,NFL_P_00-0036970,TE,,OUT,DNP,Hamstring,2022-10-08,nflverse,,2026-09-07T05:46:50.365367+00:00,2022-10-08T00:00:00
NFL_BAL_00-0026190_2022W05_NA_DNP,NFL,2022,5,2022_NFL_W05_CIN_BAL,NFL_BAL,NFL_P_00-0026190,EDGE,,UNKNOWN,DNP,Not injury related - resting player,2022-10-09,nflverse,,2026-09-07T05:46:50.365367+00:00,2022-10-09T00:00:00
NFL_BAL_00-0027867_2022W05_NA_DNP,NFL,2022,5,2022_NFL_W05_CIN_BAL,NFL_BAL,NFL_P_00-0027867,EDGE,,UNKNOWN,DNP,Not injury related - resting player,2022-10-09,nflverse,,2026-09-07T05:46:50.365367+00:00,2022-10-09T00:00:00
NFL_BAL_00-0036550_2022W05_OUT_DNP,NFL,2022,5,2022_NFL_W05_CIN_BAL,NFL_BAL,NFL_P_00-0036550,WR,,OUT,DNP,Foot,2022-10-09,nflverse,,2026-09-07T05:46:50.365367+00:00,2022-10-09T00:00:00
NFL_BAL_00-0036977_2022W05_OUT_DNP,NFL,2022,5,2022_NFL_W05_CIN_BAL,NFL_BAL,NFL_P_00-0036977,OL,,OUT,DNP,Foot,2022-10-09,nflverse,,2026-09-07T05:46:50.365367+00:00,2022-10-09T00:00:00
NFL_BAL_00-0034975_2022W05_OUT_DNP,NFL,2022,5,2022_NFL_W05_CIN_BAL,NFL_BAL,NFL_P_00-0034975,RB,,OUT,DNP,Hamstring,2022-10-09,nflverse,,2026-09-07T05:46:50.365367+00:00,2022-10-09T00:00:00
NFL_BAL_00-0028008_2022W05_OUT_DNP,NFL,2022,5,2022_NFL_W05_CIN_BAL,NFL_BAL,NFL_P_00-0028008,LB,,OUT,DNP,Groin,2022-10-09,nflverse,,2026-09-07T05:46:50.365367+00:00,2022-10-09T00:00:00
NFL_BAL_00-0032165_2022W05_QUESTIONABLE_DNP,NFL,2022,5,2022_NFL_W05_CIN_BAL,NFL_BAL,NFL_P_00-0032165,CB,,QUESTIONABLE,DNP,Quadricep,2022-10-09,nflverse,,2026-09-07T05:46:50.365367+00:00,2022-10-09T00:00:00
NFL_BAL_00-0032965_2022W05_QUESTIONABLE_DNP,NFL,2022,5,2022_NFL_W05_CIN_BAL,NFL_BAL,NFL_P_00-0032965,OL,,QUESTIONABLE,DNP,Ankle,2022-10-09,nflverse,,2026-09-07T05:46:50.365367+00:00,2022-10-09T00:00:00
NFL_BUF_00-0031588_2022W05_NA_DNP,NFL,2022,5,2022_NFL_W05_PIT_BUF,NFL_BUF,NFL_P_00-0031588,WR,,UNKNOWN,DNP,Not injury related - resting player,2022-10-08,nflverse,,2026-09-07T05:46:50.365367+00:00,2022-10-08T00:00:00
NFL_BUF_00-0031054_2022W05_NA_DNP,NFL,2022,5,2022_NFL_W05_PIT_BUF,NFL_BUF,NFL_P_00-0031054,DL,,UNKNOWN,DNP,Not injury related - resting player,2022-10-08,nflverse,,2026-09-07T05:46:50.365367+00:00,2022-10-08T00:00:00
NFL_BUF_00-0027940_2022W05_NA_DNP,NFL,2022,5,2022_NFL_W05_PIT_BUF,NFL_BUF,NFL_P_00-0027940,LB,,UNKNOWN,DNP,Not injury related - resting player,2022-10-08,nflverse,,2026-09-07T05:46:50.365367+00:00,2022-10-08T00:00:00
NFL_BUF_00-0027648_2022W05_NA_DNP,NFL,2022,5,2022_NFL_W05_PIT_BUF,NFL_BUF,NFL_P_00-0027648,OL,,UNKNOWN,DNP,Not injury related - resting player,2022-10-08,nflverse,,2026-09-07T05:46:50.365367+00:00,2022-10-08T00:00:00
NFL_BUF_00-0037288_2022W05_OUT_DNP,NFL,2022,5,2022_NFL_W05_PIT_BUF,NFL_BUF,NFL_P_00-0037288,CB,,OUT,DNP,Hand,2022-10-08,nflverse,,2026-09-07T05:46:50.365367+00:00,2022-10-08T00:00:00
NFL_BUF_00-0031941_2022W05_OUT_DNP,NFL,2022,5,2022_NFL_W05_PIT_BUF,NFL_BUF,NFL_P_00-0031941,WR,,OUT,DNP,Ankle,2022-10-08,nflverse,,2026-09-07T05:46:50.365367+00:00,2022-10-08T00:00:00
NFL_BUF_00-0035689_2022W05_OUT_DNP,NFL,2022,5,2022_NFL_W05_PIT_BUF,NFL_BUF,NFL_P_00-0035689,TE,,OUT,DNP,Foot,2022-10-08,nflverse,,2026-09-07T05:46:50.365367+00:00,2022-10-08T00:00:00
NFL_BUF_00-0031787_2022W05_OUT_DNP,NFL,2022,5,2022_NFL_W05_PIT_BUF,NFL_BUF,NFL_P_00-0031787,WR,,OUT,DNP,Ankle,2022-10-08,nflverse,,2026-09-07T05:46:50.365367+00:00,2022-10-08T00:00:00
NFL_BUF_00-0030114_2022W05_OUT_DNP,NFL,2022,5,2022_NFL_W05_PIT_BUF,NFL_BUF,NFL_P_00-0030114,S,,OUT,DNP,Ribs,2022-10-08,nflverse,,2026-09-07T05:46:50.365367+00:00,2022-10-08T00:00:00
NFL_BUF_00-0034673_2022W05_QUESTIONABLE_DNP,NFL,2022,5,2022_NFL_W05_PIT_BUF,NFL_BUF,NFL_P_00-0034673,LB,,QUESTIONABLE,DNP,Hamstring,2022-10-08,nflverse,,2026-09-07T05:46:50.365367+00:00,2022-10-08T00:00:00
NFL_BUF_00-0033466_2022W05_QUESTIONABLE_LP,NFL,2022,5,2022_NFL_W05_PIT_BUF,NFL_BUF,NFL_P_00-0033466,WR,,QUESTIONABLE,LP,Concussion,2022-10-08,nflverse,,2026-09-07T05:46:50.365367+00:00,2022-10-08T00:00:00
NFL_BUF_00-0035230_2022W05_QUESTIONABLE_LP,NFL,2022,5,2022_NFL_W05_PIT_BUF,NFL_BUF,NFL_P_00-0035230,DL,,QUESTIONABLE,LP,Ankle,2022-10-08,nflverse,,2026-09-07T05:46:50.365367+00:00,2022-10-08T00:00:00
NFL_BUF_00-0031557_2022W05_QUESTIONABLE_LP,NFL,2022,5,2022_NFL_W05_PIT_BUF,NFL_BUF,NFL_P_00-0031557,DL,,QUESTIONABLE,LP,Hamstring,2022-10-08,nflverse,,2026-09-07T05:46:50.365367+00:00,2022-10-08T00:00:00
NFL_CAR_00-0033280_2022W05_NA_DNP,NFL,2022,5,2022_NFL_W05_SF_CAR,NFL_CAR,NFL_P_00-0033280,RB,,UNKNOWN,DNP,Not injury related - resting player,2022-10-08,nflverse,,2026-09-07T05:46:50.365367+00:00,2022-10-08T00:00:00
NFL_CAR_00-0036268_2022W05_OUT_DNP,NFL,2022,5,2022_NFL_W05_SF_CAR,NFL_CAR,NFL_P_00-0036268,WR,,OUT,DNP,Hamstring,2022-10-08,nflverse,,2026-09-07T05:46:50.365367+00:00,2022-10-08T00:00:00
NFL_CAR_00-0036438_2022W05_OUT_DNP,NFL,2022,5,2022_NFL_W05_SF_CAR,NFL_CAR,NFL_P_00-0036438,TE,,OUT,DNP,Back,2022-10-08,nflverse,,2026-09-07T05:46:50.365367+00:00,2022-10-08T00:00:00
NFL_CAR_00-0036315_2022W05_OUT_DNP,NFL,2022,5,2022_NFL_W05_SF_CAR,NFL_CAR,NFL_P_00-0036315,CB,,OUT,DNP,Thigh,2022-10-08,nflverse,,2026-09-07T05:46:50.365367+00:00,2022-10-08T00:00:00
NFL_CAR_00-0033579_2022W05_QUESTIONABLE_DNP,NFL,2022,5,2022_NFL_W05_SF_CAR,NFL_CAR,NFL_P_00-0033579,S,,QUESTIONABLE,DNP,Hamstring,2022-10-08,nflverse,,2026-09-07T05:46:50.365367+00:00,2022-10-08T00:00:00
NFL_CAR_00-0034382_2022W05_QUESTIONABLE_FP,NFL,2022,5,2022_NFL_W05_SF_CAR,NFL_CAR,NFL_P_00-0034382,EDGE,,QUESTIONABLE,FP,Knee,2022-10-08,nflverse,,2026-09-07T05:46:50.365367+00:00,2022-10-08T00:00:00
NFL_CAR_00-0034302_2022W05_QUESTIONABLE_LP,NFL,2022,5,2022_NFL_W05_SF_CAR,NFL_CAR,NFL_P_00-0034302,LB,,QUESTIONABLE,LP,Shoulder,2022-10-08,nflverse,,2026-09-07T05:46:50.365367+00:00,2022-10-08T00:00:00
NFL_CHI_00-0034389_2022W05_DOUBTFUL_LP,NFL,2022,5,2022_NFL_W05_CHI_MIN,NFL_CHI,NFL_P_00-0034389,S,,DOUBTFUL,LP,Hamstring,2022-10-08,nflverse,,2026-09-07T05:46:50.365367+00:00,2022-10-08T00:00:00
NFL_CHI_00-0036292_2022W05_DOUBTFUL_LP,NFL,2022,5,2022_NFL_W05_CHI_MIN,NFL_CHI,NFL_P_00-0036292,CB,,DOUBTFUL,LP,Quadricep,2022-10-08,nflverse,,2026-09-07T05:46:50.365367+00:00,2022-10-08T00:00:00
NFL_CHI_00-0035685_2022W05_QUESTIONABLE_LP,NFL,2022,5,2022_NFL_W05_CHI_MIN,NFL_CHI,NFL_P_00-0035685,RB,,QUESTIONABLE,LP,Ankle,2022-10-08,nflverse,,2026-09-07T05:46:50.365367+00:00,2022-10-08T00:00:00
NFL_CIN_00-0031534_2022W05_NA_LP,NFL,2022,5,2022_NFL_W05_CIN_BAL,NFL_CIN,NFL_P_00-0031534,OL,,UNKNOWN,LP,Not injury related - resting player,2022-10-09,nflverse,,2026-09-07T05:46:50.365367+00:00,2022-10-09T00:00:00
NFL_CIN_00-0034830_2022W05_QUESTIONABLE_DNP,NFL,2022,5,2022_NFL_W05_CIN_BAL,NFL_CIN,NFL_P_00-0034830,TE,,QUESTIONABLE,DNP,Groin,2022-10-09,nflverse,,2026-09-07T05:46:50.365367+00:00,2022-10-09T00:00:00
NFL_CIN_00-0036194_2022W05_QUESTIONABLE_LP,NFL,2022,5,2022_NFL_W05_CIN_BAL,NFL_CIN,NFL_P_00-0036194,TE,,QUESTIONABLE,LP,Ankle,2022-10-09,nflverse,,2026-09-07T05:46:50.365367+00:00,2022-10-09T00:00:00
NFL_CIN_00-0036410_2022W05_QUESTIONABLE_LP,NFL,2022,5,2022_NFL_W05_CIN_BAL,NFL_CIN,NFL_P_00-0036410,WR,,QUESTIONABLE,LP,Ankle,2022-10-09,nflverse,,2026-09-07T05:46:50.365367+00:00,2022-10-09T00:00:00
NFL_CLE_00-0036266_2022W05_NA_LP,NFL,2022,5,2022_NFL_W05_LAC_CLE,NFL_CLE,NFL_P_00-0036266,DL,,UNKNOWN,LP,Knee,2022-10-08,nflverse,,2026-09-07T05:46:50.365367+00:00,2022-10-08T00:00:00
NFL_CLE_00-0033868_2022W05_NA_LP,NFL,2022,5,2022_NFL_W05_LAC_CLE,NFL_CLE,NFL_P_00-0033868,EDGE,,UNKNOWN,LP,Shoulder,2022-10-08,nflverse,,2026-09-07T05:46:50.365367+00:00,2022-10-08T00:00:00
NFL_CLE_00-0036915_2022W05_NA_LP,NFL,2022,5,2022_NFL_W05_LAC_CLE,NFL_CLE,NFL_P_00-0036915,LB,,UNKNOWN,LP,Groin,2022-10-08,nflverse,,2026-09-07T05:46:50.365367+00:00,2022-10-08T00:00:00
NFL_CLE_00-0034856_2022W05_NA_LP,NFL,2022,5,2022_NFL_W05_LAC_CLE,NFL_CLE,NFL_P_00-0034856,CB,,UNKNOWN,LP,Back,2022-10-08,nflverse,,2026-09-07T05:46:50.365367+00:00,2022-10-08T00:00:00
NFL_CLE_00-0034842_2022W05_QUESTIONABLE_LP,NFL,2022,5,2022_NFL_W05_LAC_CLE,NFL_CLE,NFL_P_00-0034842,DL,,QUESTIONABLE,LP,Hamstring,2022-10-08,nflverse,,2026-09-07T05:46:50.365367+00:00,2022-10-08T00:00:00
NFL_CLE_00-0031364_2022W05_QUESTIONABLE_LP,NFL,2022,5,2022_NFL_W05_LAC_CLE,NFL_CLE,NFL_P_00-0031364,EDGE,,QUESTIONABLE,LP,Ankle,2022-10-08,nflverse,,2026-09-07T05:46:50.365367+00:00,2022-10-08T00:00:00
NFL_DAL_00-0035301_2022W05_NA_LP,NFL,2022,5,2022_NFL_W05_DAL_LAR,NFL_DAL,NFL_P_00-0035301,S,,UNKNOWN,LP,Ankle,2022-10-08,nflverse,,2026-09-07T05:46:50.365367+00:00,2022-10-08T00:00:00
NFL_DAL_00-0033077_2022W05_OUT_DNP,NFL,2022,5,2022_NFL_W05_DAL_LAR,NFL_DAL,NFL_P_00-0033077,QB,,OUT,DNP,right Thumb,2022-10-08,nflverse,,2026-09-07T05:46:50.365367+00:00,2022-10-08T00:00:00
NFL_DAL_00-0022531_2022W05_DOUBTFUL_LP,NFL,2022,5,2022_NFL_W05_DAL_LAR,NFL_DAL,NFL_P_00-0022531,OL,,DOUBTFUL,LP,Chest,2022-10-08,nflverse,,2026-09-07T05:46:50.365367+00:00,2022-10-08T00:00:00
NFL_DAL_00-0035261_2022W05_QUESTIONABLE_DNP,NFL,2022,5,2022_NFL_W05_DAL_LAR,NFL_DAL,NFL_P_00-0035261,RB,,QUESTIONABLE,DNP,Illness,2022-10-08,nflverse,,2026-09-07T05:46:50.365367+00:00,2022-10-08T00:00:00
NFL_DAL_00-0036649_2022W05_QUESTIONABLE_LP,NFL,2022,5,2022_NFL_W05_DAL_LAR,NFL_DAL,NFL_P_00-0036649,DL,,QUESTIONABLE,LP,Neck,2022-10-08,nflverse,,2026-09-07T05:46:50.365367+00:00,2022-10-08T00:00:00
NFL_DAL_00-0038041_2022W05_QUESTIONABLE_LP,NFL,2022,5,2022_NFL_W05_DAL_LAR,NFL_DAL,NFL_P_00-0038041,TE,,QUESTIONABLE,LP,Knee,2022-10-08,nflverse,,2026-09-07T05:46:50.365367+00:00,2022-10-08T00:00:00
NFL_DAL_00-0036358_2022W05_QUESTIONABLE_LP,NFL,2022,5,2022_NFL_W05_DAL_LAR,NFL_DAL,NFL_P_00-0036358,WR,,QUESTIONABLE,LP,Groin,2022-10-08,nflverse,,2026-09-07T05:46:50.365367+00:00,2022-10-08T00:00:00
NFL_DAL_00-0033928_2022W05_QUESTIONABLE_LP,NFL,2022,5,2022_NFL_W05_DAL_LAR,NFL_DAL,NFL_P_00-0033928,CB,,QUESTIONABLE,LP,Groin,2022-10-08,nflverse,,2026-09-07T05:46:50.365367+00:00,2022-10-08T00:00:00
NFL_DEN_00-0032197_2022W05_NA_DNP,NFL,2022,5,2022_NFL_W05_IND_DEN,NFL_DEN,NFL_P_00-0032197,EDGE,,UNKNOWN,DNP,Knee,2022-10-06,nflverse,,2026-09-07T05:46:50.365367+00:00,2022-10-06T00:00:00
NFL_DEN_00-0036997_2022W05_NA_DNP,NFL,2022,5,2022_NFL_W05_IND_DEN,NFL_DEN,NFL_P_00-0036997,RB,,UNKNOWN,DNP,Knee,2022-10-06,nflverse,,2026-09-07T05:46:50.365367+00:00,2022-10-06T00:00:00
NFL_DEN_00-0029263_2022W05_NA_LP,NFL,2022,5,2022_NFL_W05_IND_DEN,NFL_DEN,NFL_P_00-0029263,QB,,UNKNOWN,LP,right Shoulder,2022-10-06,nflverse,,2026-09-07T05:46:50.365367+00:00,2022-10-06T00:00:00
NFL_DEN_00-0036952_2022W05_OUT_DNP,NFL,2022,5,2022_NFL_W05_IND_DEN,NFL_DEN,NFL_P_00-0036952,LB,,OUT,DNP,Hamstring,2022-10-06,nflverse,,2026-09-07T05:46:50.365367+00:00,2022-10-06T00:00:00
NFL_DEN_00-0035227_2022W05_OUT_DNP,NFL,2022,5,2022_NFL_W05_IND_DEN,NFL_DEN,NFL_P_00-0035227,S,,OUT,DNP,Concussion,2022-10-06,nflverse,,2026-09-07T05:46:50.365367+00:00,2022-10-06T00:00:00
NFL_DEN_00-0037001_2022W05_OUT_DNP,NFL,2022,5,2022_NFL_W05_IND_DEN,NFL_DEN,NFL_P_00-0037001,OL,,OUT,DNP,Hamstring,2022-10-06,nflverse,,2026-09-07T05:46:50.365367+00:00,2022-10-06T00:00:00
NFL_DEN_00-0036465_2022W05_OUT_DNP,NFL,2022,5,2022_NFL_W05_IND_DEN,NFL_DEN,NFL_P_00-0036465,LB,,OUT,DNP,Concussion,2022-10-06,nflverse,,2026-09-07T05:46:50.365367+00:00,2022-10-06T00:00:00
NFL_DEN_00-0036439_2022W05_QUESTIONABLE_LP,NFL,2022,5,2022_NFL_W05_IND_DEN,NFL_DEN,NFL_P_00-0036439,WR,,QUESTIONABLE,LP,Hamstring,2022-10-06,nflverse,,2026-09-07T05:46:50.365367+00:00,2022-10-06T00:00:00
NFL_DEN_00-0034683_2022W05_QUESTIONABLE_LP,NFL,2022,5,2022_NFL_W05_IND_DEN,NFL_DEN,NFL_P_00-0034683,CB,,QUESTIONABLE,LP,Hamstring,2022-10-06,nflverse,,2026-09-07T05:46:50.365367+00:00,2022-10-06T00:00:00
NFL_DEN_00-0031433_2022W05_QUESTIONABLE_LP,NFL,2022,5,2022_NFL_W05_IND_DEN,NFL_DEN,NFL_P_00-0031433,OL,,QUESTIONABLE,LP,Knee,2022-10-06,nflverse,,2026-09-07T05:46:50.365367+00:00,2022-10-06T00:00:00
NFL_DET_00-0035145_2022W05_NA_LP,NFL,2022,5,2022_NFL_W05_DET_NE,NFL_DET,NFL_P_00-0035145,K,,UNKNOWN,LP,right Groin,2022-10-08,nflverse,,2026-09-07T05:46:50.365367+00:00,2022-10-08T00:00:00
NFL_DET_00-0036277_2022W05_OUT_DNP,NFL,2022,5,2022_NFL_W05_DET_NE,NFL_DET,NFL_P_00-0036277,WR,,OUT,DNP,Foot,2022-10-08,nflverse,,2026-09-07T05:46:50.365367+00:00,2022-10-08T00:00:00
NFL_DET_00-0034777_2022W05_OUT_DNP,NFL,2022,5,2022_NFL_W05_DET_NE,NFL_DET,NFL_P_00-0034777,WR,,OUT,DNP,Ankle,2022-10-08,nflverse,,2026-09-07T05:46:50.365367+00:00,2022-10-08T00:00:00
NFL_DET_00-0035265_2022W05_OUT_DNP,NFL,2022,5,2022_NFL_W05_DET_NE,NFL_DET,NFL_P_00-0035265,DL,,OUT,DNP,Wrist,2022-10-08,nflverse,,2026-09-07T05:46:50.365367+00:00,2022-10-08T00:00:00
NFL_DET_00-0033880_2022W05_OUT_DNP,NFL,2022,5,2022_NFL_W05_DET_NE,NFL_DET,NFL_P_00-0033880,EDGE,,OUT,DNP,Groin,2022-10-08,nflverse,,2026-09-07T05:46:50.365367+00:00,2022-10-08T00:00:00
NFL_DET_00-0035328_2022W05_OUT_DNP,NFL,2022,5,2022_NFL_W05_DET_NE,NFL_DET,NFL_P_00-0035328,OL,,OUT,DNP,Calf,2022-10-08,nflverse,,2026-09-07T05:46:50.365367+00:00,2022-10-08T00:00:00
NFL_DET_00-0036275_2022W05_OUT_DNP,NFL,2022,5,2022_NFL_W05_DET_NE,NFL_DET,NFL_P_00-0036275,RB,,OUT,DNP,Shoulder,2022-10-08,nflverse,,2026-09-07T05:46:50.365367+00:00,2022-10-08T00:00:00
NFL_DET_00-0036258_2022W05_QUESTIONABLE_FP,NFL,2022,5,2022_NFL_W05_DET_NE,NFL_DET,NFL_P_00-0036258,OL,,QUESTIONABLE,FP,Finger,2022-10-08,nflverse,,2026-09-07T05:46:50.365367+00:00,2022-10-08T00:00:00
NFL_DET_00-0036736_2022W05_QUESTIONABLE_LP,NFL,2022,5,2022_NFL_W05_DET_NE,NFL_DET,NFL_P_00-0036736,OL,,QUESTIONABLE,LP,Hamstring,2022-10-08,nflverse,,2026-09-07T05:46:50.365367+00:00,2022-10-08T00:00:00
NFL_DET_00-0034787_2022W05_QUESTIONABLE_LP,NFL,2022,5,2022_NFL_W05_DET_NE,NFL_DET,NFL_P_00-0034787,LB,,QUESTIONABLE,LP,Knee,2022-10-08,nflverse,,2026-09-07T05:46:50.365367+00:00,2022-10-08T00:00:00
NFL_DET_00-0034495_2022W05_QUESTIONABLE_LP,NFL,2022,5,2022_NFL_W05_DET_NE,NFL_DET,NFL_P_00-0034495,OL,,QUESTIONABLE,LP,Ankle,2022-10-08,nflverse,,2026-09-07T05:46:50.365367+00:00,2022-10-08T00:00:00
NFL_DET_00-0033943_2022W05_QUESTIONABLE_LP,NFL,2022,5,2022_NFL_W05_DET_NE,NFL_DET,NFL_P_00-0033943,WR,,QUESTIONABLE,LP,Ankle,2022-10-08,nflverse,,2026-09-07T05:46:50.365367+00:00,2022-10-08T00:00:00
NFL_DET_00-0036963_2022W05_QUESTIONABLE_LP,NFL,2022,5,2022_NFL_W05_DET_NE,NFL_DET,NFL_P_00-0036963,WR,,QUESTIONABLE,LP,Ankle,2022-10-08,nflverse,,2026-09-07T05:46:50.365367+00:00,2022-10-08T00:00:00
NFL_GB_00-0030074_2022W05_NA_DNP,NFL,2022,5,2022_NFL_W05_NYG_GB,NFL_GB,NFL_P_00-0030074,OL,,UNKNOWN,DNP,Knee,2022-10-08,nflverse,,2026-09-07T05:46:50.365367+00:00,2022-10-08T00:00:00
NFL_GB_00-0035526_2022W05_NA_LP,NFL,2022,5,2022_NFL_W05_NYG_GB,NFL_GB,NFL_P_00-0035526,OL,,UNKNOWN,LP,Knee,2022-10-08,nflverse,,2026-09-07T05:46:50.365367+00:00,2022-10-08T00:00:00
NFL_GB_00-0034521_2022W05_NA_LP,NFL,2022,5,2022_NFL_W05_NYG_GB,NFL_GB,NFL_P_00-0034521,WR,,UNKNOWN,LP,Ankle,2022-10-08,nflverse,,2026-09-07T05:46:50.365367+00:00,2022-10-08T00:00:00
NFL_GB_00-0036622_2022W05_NA_LP,NFL,2022,5,2022_NFL_W05_NYG_GB,NFL_GB,NFL_P_00-0036622,OL,,UNKNOWN,LP,Foot,2022-10-08,nflverse,,2026-09-07T05:46:50.365367+00:00,2022-10-08T00:00:00
NFL_GB_00-0037075_2022W05_QUESTIONABLE_DNP,NFL,2022,5,2022_NFL_W05_NYG_GB,NFL_GB,NFL_P_00-0037075,DL,,QUESTIONABLE,DNP,Quadricep,2022-10-08,nflverse,,2026-09-07T05:46:50.365367+00:00,2022-10-08T00:00:00
NFL_GB_00-0031584_2022W05_QUESTIONABLE_LP,NFL,2022,5,2022_NFL_W05_NYG_GB,NFL_GB,NFL_P_00-0031584,S,,QUESTIONABLE,LP,Concussion,2022-10-08,nflverse,,2026-09-07T05:46:50.365367+00:00,2022-10-08T00:00:00
NFL_GB_00-0037090_2022W05_QUESTIONABLE_LP,NFL,2022,5,2022_NFL_W05_NYG_GB,NFL_GB,NFL_P_00-0037090,S,,QUESTIONABLE,LP,Abdomen,2022-10-08,nflverse,,2026-09-07T05:46:50.365367+00:00,2022-10-08T00:00:00
NFL_HOU_00-0027881_2022W05_NA_DNP,NFL,2022,5,2022_NFL_W05_HOU_JAX,NFL_HOU,NFL_P_00-0027881,EDGE,,UNKNOWN,DNP,Not injury related - resting player,2022-10-08,nflverse,,2026-09-07T05:46:50.365367+00:00,2022-10-08T00:00:00
NFL_HOU_00-0031361_2022W05_NA_DNP,NFL,2022,5,2022_NFL_W05_HOU_JAX,NFL_HOU,NFL_P_00-0031361,LB,,UNKNOWN,DNP,Not injury related - resting player,2022-10-08,nflverse,,2026-09-07T05:46:50.365367+00:00,2022-10-08T00:00:00
NFL_HOU_00-0031236_2022W05_NA_LP,NFL,2022,5,2022_NFL_W05_HOU_JAX,NFL_HOU,NFL_P_00-0031236,WR,,UNKNOWN,LP,Not injury related - resting player,2022-10-08,nflverse,,2026-09-07T05:46:50.365367+00:00,2022-10-08T00:00:00
NFL_HOU_00-0035276_2022W05_OUT_DNP,NFL,2022,5,2022_NFL_W05_HOU_JAX,NFL_HOU,NFL_P_00-0035276,LB,,OUT,DNP,Concussion,2022-10-08,nflverse,,2026-09-07T05:46:50.365367+00:00,2022-10-08T00:00:00
NFL_HOU_00-0037302_2022W05_OUT_DNP,NFL,2022,5,2022_NFL_W05_HOU_JAX,NFL_HOU,NFL_P_00-0037302,OL,,OUT,DNP,Ankle,2022-10-08,nflverse,,2026-09-07T05:46:50.365367+00:00,2022-10-08T00:00:00
NFL_HOU_00-0036556_2022W05_OUT_DNP,NFL,2022,5,2022_NFL_W05_HOU_JAX,NFL_HOU,NFL_P_00-0036556,TE,,OUT,DNP,Ankle,2022-10-08,nflverse,,2026-09-07T05:46:50.365367+00:00,2022-10-08T00:00:00
NFL_HOU_00-0032398_2022W05_OUT_DNP,NFL,2022,5,2022_NFL_W05_HOU_JAX,NFL_HOU,NFL_P_00-0032398,WR,,OUT,DNP,Hip,2022-10-08,nflverse,,2026-09-07T05:46:50.365367+00:00,2022-10-08T00:00:00
NFL_HOU_00-0036224_2022W05_QUESTIONABLE_LP,NFL,2022,5,2022_NFL_W05_HOU_JAX,NFL_HOU,NFL_P_00-0036224,EDGE,,QUESTIONABLE,LP,Ankle,2022-10-08,nflverse,,2026-09-07T05:46:50.365367+00:00,2022-10-08T00:00:00
NFL_HOU_00-0037457_2022W05_QUESTIONABLE_LP,NFL,2022,5,2022_NFL_W05_HOU_JAX,NFL_HOU,NFL_P_00-0037457,LB,,QUESTIONABLE,LP,Ankle,2022-10-08,nflverse,,2026-09-07T05:46:50.365367+00:00,2022-10-08T00:00:00
NFL_IND_00-0036253_2022W05_OUT_DNP,NFL,2022,5,2022_NFL_W05_IND_DEN,NFL_IND,NFL_P_00-0036253,S,,OUT,DNP,Ankle,2022-10-06,nflverse,,2026-09-07T05:46:50.365367+00:00,2022-10-06T00:00:00
NFL_IND_00-0034846_2022W05_OUT_DNP,NFL,2022,5,2022_NFL_W05_IND_DEN,NFL_IND,NFL_P_00-0034846,LB,,OUT,DNP,Concussion,2022-10-06,nflverse,,2026-09-07T05:46:50.365367+00:00,2022-10-06T00:00:00
NFL_IND_00-0034359_2022W05_OUT_DNP,NFL,2022,5,2022_NFL_W05_IND_DEN,NFL_IND,NFL_P_00-0034359,EDGE,,OUT,DNP,Concussion,2022-10-06,nflverse,,2026-09-07T05:46:50.365367+00:00,2022-10-06T00:00:00
NFL_IND_00-0036223_2022W05_OUT_DNP,NFL,2022,5,2022_NFL_W05_IND_DEN,NFL_IND,NFL_P_00-0036223,RB,,OUT,DNP,Ankle,2022-10-06,nflverse,,2026-09-07T05:46:50.365367+00:00,2022-10-06T00:00:00
NFL_JAX_00-0034275_2022W05_OUT_DNP,NFL,2022,5,2022_NFL_W05_HOU_JAX,NFL_JAX,NFL_P_00-0034275,DL,,OUT,DNP,Quadricep,2022-10-08,nflverse,,2026-09-07T05:46:50.365367+00:00,2022-10-08T00:00:00
NFL_JAX_00-0036286_2022W05_QUESTIONABLE_LP,NFL,2022,5,2022_NFL_W05_HOU_JAX,NFL_JAX,NFL_P_00-0036286,LB,,QUESTIONABLE,LP,Ankle,2022-10-08,nflverse,,2026-09-07T05:46:50.365367+00:00,2022-10-08T00:00:00
NFL_JAX_00-0033891_2022W05_QUESTIONABLE_LP,NFL,2022,5,2022_NFL_W05_HOU_JAX,NFL_JAX,NFL_P_00-0033891,WR,,QUESTIONABLE,LP,Ankle,2022-10-08,nflverse,,2026-09-07T05:46:50.365367+00:00,2022-10-08T00:00:00
NFL_JAX_00-0036655_2022W05_QUESTIONABLE_LP,NFL,2022,5,2022_NFL_W05_HOU_JAX,NFL_JAX,NFL_P_00-0036655,OL,,QUESTIONABLE,LP,Hamstring,2022-10-08,nflverse,,2026-09-07T05:46:50.365367+00:00,2022-10-08T00:00:00
NFL_KC_00-0036623_2022W05_NA_DNP,NFL,2022,5,2022_NFL_W05_LV_KC,NFL_KC,NFL_P_00-0036623,OL,,UNKNOWN,DNP,Not injury related - personal matter,2022-10-10,nflverse,,2026-09-07T05:46:50.365367+00:00,2022-10-10T00:00:00
NFL_KC_00-0033303_2022W05_OUT_DNP,NFL,2022,5,2022_NFL_W05_LV_KC,NFL_KC,NFL_P_00-0033303,K,,OUT,DNP,left Ankle,2022-10-10,nflverse,,2026-09-07T05:46:50.365367+00:00,2022-10-10T00:00:00
NFL_KC_00-0036378_2022W05_QUESTIONABLE_FP,NFL,2022,5,2022_NFL_W05_LV_KC,NFL_KC,NFL_P_00-0036378,EDGE,,QUESTIONABLE,FP,Calf,2022-10-10,nflverse,,2026-09-07T05:46:50.365367+00:00,2022-10-10T00:00:00
NFL_KC_00-0036660_2022W05_QUESTIONABLE_LP,NFL,2022,5,2022_NFL_W05_LV_KC,NFL_KC,NFL_P_00-0036660,OL,,QUESTIONABLE,LP,Pectoral,2022-10-10,nflverse,,2026-09-07T05:46:50.365367+00:00,2022-10-10T00:00:00
NFL_KC_00-0033857_2022W05_QUESTIONABLE_LP,NFL,2022,5,2022_NFL_W05_LV_KC,NFL_KC,NFL_P_00-0033857,WR,,QUESTIONABLE,LP,Quadricep,2022-10-10,nflverse,,2026-09-07T05:46:50.365367+00:00,2022-10-10T00:00:00
NFL_LAR_00-0034804_2022W05_OUT_DNP,NFL,2022,5,2022_NFL_W05_DAL_LAR,NFL_LAR,NFL_P_00-0034804,OL,,OUT,DNP,Knee,2022-10-08,nflverse,,2026-09-07T05:46:50.365367+00:00,2022-10-08T00:00:00
NFL_LAR_00-0037839_2022W05_OUT_DNP,NFL,2022,5,2022_NFL_W05_DAL_LAR,NFL_LAR,NFL_P_00-0037839,CB,,OUT,DNP,Hamstring,2022-10-08,nflverse,,2026-09-07T05:46:50.365367+00:00,2022-10-08T00:00:00
NFL_LAR_00-0036431_2022W05_OUT_DNP,NFL,2022,5,2022_NFL_W05_DAL_LAR,NFL_LAR,NFL_P_00-0036431,S,,OUT,DNP,Hamstring,2022-10-08,nflverse,,2026-09-07T05:46:50.365367+00:00,2022-10-08T00:00:00
NFL_LAR_00-0034114_2022W05_OUT_DNP,NFL,2022,5,2022_NFL_W05_DAL_LAR,NFL_LAR,NFL_P_00-0034114,OL,,OUT,DNP,Ankle,2022-10-08,nflverse,,2026-09-07T05:46:50.365367+00:00,2022-10-08T00:00:00
NFL_LAR_00-0035663_2022W05_QUESTIONABLE_DNP,NFL,2022,5,2022_NFL_W05_DAL_LAR,NFL_LAR,NFL_P_00-0035663,S,,QUESTIONABLE,DNP,Ribs,2022-10-08,nflverse,,2026-09-07T05:46:50.365367+00:00,2022-10-08T00:00:00
NFL_LAR_00-0035665_2022W05_QUESTIONABLE_LP,NFL,2022,5,2022_NFL_W05_DAL_LAR,NFL_LAR,NFL_P_00-0035665,CB,,QUESTIONABLE,LP,Groin,2022-10-08,nflverse,,2026-09-07T05:46:50.365367+00:00,2022-10-08T00:00:00
NFL_LAC_00-0031360_2022W05_NA_LP,NFL,2022,5,2022_NFL_W05_LAC_CLE,NFL_LAC,NFL_P_00-0031360,LB,,UNKNOWN,LP,Back,2022-10-08,nflverse,,2026-09-07T05:46:50.365367+00:00,2022-10-08T00:00:00
NFL_LAC_00-0030279_2022W05_OUT_DNP,NFL,2022,5,2022_NFL_W05_LAC_CLE,NFL_LAC,NFL_P_00-0030279,WR,,OUT,DNP,Hamstring,2022-10-08,nflverse,,2026-09-07T05:46:50.365367+00:00,2022-10-08T00:00:00
NFL_LAC_00-0036988_2022W05_QUESTIONABLE_FP,NFL,2022,5,2022_NFL_W05_LAC_CLE,NFL_LAC,NFL_P_00-0036988,WR,,QUESTIONABLE,FP,Ankle,2022-10-08,nflverse,,2026-09-07T05:46:50.365367+00:00,2022-10-08T00:00:00
NFL_LAC_00-0030098_2022W05_QUESTIONABLE_LP,NFL,2022,5,2022_NFL_W05_LAC_CLE,NFL_LAC,NFL_P_00-0030098,K,,QUESTIONABLE,LP,right Quadricep,2022-10-08,nflverse,,2026-09-07T05:46:50.365367+00:00,2022-10-08T00:00:00
NFL_LV_00-0036163_2022W05_NA_LP,NFL,2022,5,2022_NFL_W05_LV_KC,NFL_LV,NFL_P_00-0036163,OL,,UNKNOWN,LP,Knee,2022-10-10,nflverse,,2026-09-07T05:46:50.365367+00:00,2022-10-10T00:00:00
NFL_LV_00-0033954_2022W05_OUT_DNP,NFL,2022,5,2022_NFL_W05_LV_KC,NFL_LV,NFL_P_00-0033954,LB,,OUT,DNP,Hamstring,2022-10-10,nflverse,,2026-09-07T05:46:50.365367+00:00,2022-10-10T00:00:00
NFL_LV_00-0034981_2022W05_QUESTIONABLE_LP,NFL,2022,5,2022_NFL_W05_LV_KC,NFL_LV,NFL_P_00-0034981,TE,,QUESTIONABLE,LP,Knee,2022-10-10,nflverse,,2026-09-07T05:46:50.365367+00:00,2022-10-10T00:00:00
NFL_LV_00-0037516_2022W05_QUESTIONABLE_LP,NFL,2022,5,2022_NFL_W05_LV_KC,NFL_LV,NFL_P_00-0037516,CB,,QUESTIONABLE,LP,Hamstring,2022-10-10,nflverse,,2026-09-07T05:46:50.365367+00:00,2022-10-10T00:00:00
NFL_MIA_00-0029249_2022W05_NA_DNP,NFL,2022,5,2022_NFL_W05_MIA_NYJ,NFL_MIA,NFL_P_00-0029249,LB,,UNKNOWN,DNP,Not injury related - resting player,2022-10-08,nflverse,,2026-09-07T05:46:50.365367+00:00,2022-10-08T00:00:00
NFL_MIA_00-0034797_2022W05_NA_LP,NFL,2022,5,2022_NFL_W05_MIA_NYJ,NFL_MIA,NFL_P_00-0034797,LB,,UNKNOWN,LP,Not injury related - resting player,2022-10-08,nflverse,,2026-09-07T05:46:50.365367+00:00,2022-10-08T00:00:00
NFL_MIA_00-0033338_2022W05_OUT_DNP,NFL,2022,5,2022_NFL_W05_MIA_NYJ,NFL_MIA,NFL_P_00-0033338,TE,,OUT,DNP,Concussion,2022-10-08,nflverse,,2026-09-07T05:46:50.365367+00:00,2022-10-08T00:00:00
NFL_MIA_00-0036212_2022W05_OUT_DNP,NFL,2022,5,2022_NFL_W05_MIA_NYJ,NFL_MIA,NFL_P_00-0036212,QB,,OUT,DNP,Concussion,2022-10-08,nflverse,,2026-09-07T05:46:50.365367+00:00,2022-10-08T00:00:00
NFL_MIA_00-0030067_2022W05_QUESTIONABLE_DNP,NFL,2022,5,2022_NFL_W05_MIA_NYJ,NFL_MIA,NFL_P_00-0030067,OL,,QUESTIONABLE,DNP,Toe,2022-10-08,nflverse,,2026-09-07T05:46:50.365367+00:00,2022-10-08T00:00:00
NFL_MIA_00-0036020_2022W05_QUESTIONABLE_LP,NFL,2022,5,2022_NFL_W05_MIA_NYJ,NFL_MIA,NFL_P_00-0036020,RB,,QUESTIONABLE,LP,Back,2022-10-08,nflverse,,2026-09-07T05:46:50.365367+00:00,2022-10-08T00:00:00
NFL_MIA_00-0034435_2022W05_QUESTIONABLE_LP,NFL,2022,5,2022_NFL_W05_MIA_NYJ,NFL_MIA,NFL_P_00-0034435,CB,,QUESTIONABLE,LP,Glute,2022-10-08,nflverse,,2026-09-07T05:46:50.365367+00:00,2022-10-08T00:00:00
NFL_MIA_00-0033040_2022W05_QUESTIONABLE_LP,NFL,2022,5,2022_NFL_W05_MIA_NYJ,NFL_MIA,NFL_P_00-0033040,WR,,QUESTIONABLE,LP,Quadricep,2022-10-08,nflverse,,2026-09-07T05:46:50.365367+00:00,2022-10-08T00:00:00
NFL_MIA_00-0033050_2022W05_QUESTIONABLE_LP,NFL,2022,5,2022_NFL_W05_MIA_NYJ,NFL_MIA,NFL_P_00-0033050,CB,,QUESTIONABLE,LP,Groin,2022-10-08,nflverse,,2026-09-07T05:46:50.365367+00:00,2022-10-08T00:00:00
NFL_MIA_00-0036596_2022W05_QUESTIONABLE_LP,NFL,2022,5,2022_NFL_W05_MIA_NYJ,NFL_MIA,NFL_P_00-0036596,OL,,QUESTIONABLE,LP,Back,2022-10-08,nflverse,,2026-09-07T05:46:50.365367+00:00,2022-10-08T00:00:00
NFL_MIA_00-0036613_2022W05_QUESTIONABLE_LP,NFL,2022,5,2022_NFL_W05_MIA_NYJ,NFL_MIA,NFL_P_00-0036613,WR,,QUESTIONABLE,LP,Groin,2022-10-08,nflverse,,2026-09-07T05:46:50.365367+00:00,2022-10-08T00:00:00
NFL_MIN_00-0031576_2022W05_NA_LP,NFL,2022,5,2022_NFL_W05_CHI_MIN,NFL_MIN,NFL_P_00-0031576,EDGE,,UNKNOWN,LP,Knee,2022-10-08,nflverse,,2026-09-07T05:46:50.365367+00:00,2022-10-08T00:00:00
NFL_MIN_00-0035823_2022W05_OUT_DNP,NFL,2022,5,2022_NFL_W05_CHI_MIN,NFL_MIN,NFL_P_00-0035823,TE,,OUT,DNP,Groin,2022-10-08,nflverse,,2026-09-07T05:46:50.365367+00:00,2022-10-08T00:00:00
NFL_MIN_00-0038130_2022W05_QUESTIONABLE_FP,NFL,2022,5,2022_NFL_W05_CHI_MIN,NFL_MIN,NFL_P_00-0038130,CB,,QUESTIONABLE,FP,Quadricep,2022-10-08,nflverse,,2026-09-07T05:46:50.365367+00:00,2022-10-08T00:00:00
NFL_MIN_00-0037291_2022W05_QUESTIONABLE_LP,NFL,2022,5,2022_NFL_W05_CHI_MIN,NFL_MIN,NFL_P_00-0037291,WR,,QUESTIONABLE,LP,Hamstring,2022-10-08,nflverse,,2026-09-07T05:46:50.365367+00:00,2022-10-08T00:00:00
NFL_NE_00-0026625_2022W05_NA_DNP,NFL,2022,5,2022_NFL_W05_DET_NE,NFL_NE,NFL_P_00-0026625,QB,,UNKNOWN,DNP,Concussion,2022-10-08,nflverse,,2026-09-07T05:46:50.365367+00:00,2022-10-08T00:00:00
NFL_NE_00-0028171_2022W05_OUT_DNP,NFL,2022,5,2022_NFL_W05_DET_NE,NFL_NE,NFL_P_00-0028171,DL,,OUT,DNP,Shoulder,2022-10-08,nflverse,,2026-09-07T05:46:50.365367+00:00,2022-10-08T00:00:00
NFL_NE_00-0037202_2022W05_OUT_DNP,NFL,2022,5,2022_NFL_W05_DET_NE,NFL_NE,NFL_P_00-0037202,EDGE,,OUT,DNP,Concussion,2022-10-08,nflverse,,2026-09-07T05:46:50.365367+00:00,2022-10-08T00:00:00
NFL_NE_00-0036972_2022W05_DOUBTFUL_LP,NFL,2022,5,2022_NFL_W05_DET_NE,NFL_NE,NFL_P_00-0036972,QB,,DOUBTFUL,LP,Ankle,2022-10-08,nflverse,,2026-09-07T05:46:50.365367+00:00,2022-10-08T00:00:00
NFL_NE_00-0033858_2022W05_DOUBTFUL_LP,NFL,2022,5,2022_NFL_W05_DET_NE,NFL_NE,NFL_P_00-0033858,TE,,DOUBTFUL,LP,Ankle,2022-10-08,nflverse,,2026-09-07T05:46:50.365367+00:00,2022-10-08T00:00:00
NFL_NE_00-0036231_2022W05_QUESTIONABLE_LP,NFL,2022,5,2022_NFL_W05_DET_NE,NFL_NE,NFL_P_00-0036231,S,,QUESTIONABLE,LP,Knee,2022-10-08,nflverse,,2026-09-07T05:46:50.365367+00:00,2022-10-08T00:00:00
NFL_NE_00-0033461_2022W05_QUESTIONABLE_LP,NFL,2022,5,2022_NFL_W05_DET_NE,NFL_NE,NFL_P_00-0033461,LB,,QUESTIONABLE,LP,Thumb,2022-10-08,nflverse,,2026-09-07T05:46:50.365367+00:00,2022-10-08T00:00:00
NFL_NE_00-0034960_2022W05_QUESTIONABLE_LP,NFL,2022,5,2022_NFL_W05_DET_NE,NFL_NE,NFL_P_00-0034960,WR,,QUESTIONABLE,LP,Knee,2022-10-08,nflverse,,2026-09-07T05:46:50.365367+00:00,2022-10-08T00:00:00
NFL_NE_00-0032803_2022W05_QUESTIONABLE_LP,NFL,2022,5,2022_NFL_W05_DET_NE,NFL_NE,NFL_P_00-0032803,CB,,QUESTIONABLE,LP,Hamstring,2022-10-08,nflverse,,2026-09-07T05:46:50.365367+00:00,2022-10-08T00:00:00
NFL_NE_00-0031404_2022W05_QUESTIONABLE_LP,NFL,2022,5,2022_NFL_W05_DET_NE,NFL_NE,NFL_P_00-0031404,S,,QUESTIONABLE,LP,Ribs,2022-10-08,nflverse,,2026-09-07T05:46:50.365367+00:00,2022-10-08T00:00:00
NFL_NE_00-0034833_2022W05_QUESTIONABLE_LP,NFL,2022,5,2022_NFL_W05_DET_NE,NFL_NE,NFL_P_00-0034833,OL,,QUESTIONABLE,LP,Hip,2022-10-08,nflverse,,2026-09-07T05:46:50.365367+00:00,2022-10-08T00:00:00
NFL_NO_00-0032765_2022W05_OUT_DNP,NFL,2022,5,2022_NFL_W05_SEA_NO,NFL_NO,NFL_P_00-0032765,WR,,OUT,DNP,Foot,2022-10-08,nflverse,,2026-09-07T05:46:50.365367+00:00,2022-10-08T00:00:00
NFL_NO_00-0035764_2022W05_OUT_DNP,NFL,2022,5,2022_NFL_W05_SEA_NO,NFL_NO,NFL_P_00-0035764,OL,,OUT,DNP,Hip,2022-10-08,nflverse,,2026-09-07T05:46:50.365367+00:00,2022-10-08T00:00:00
NFL_NO_00-0036926_2022W05_OUT_DNP,NFL,2022,5,2022_NFL_W05_SEA_NO,NFL_NO,NFL_P_00-0036926,EDGE,,OUT,DNP,Chest,2022-10-08,nflverse,,2026-09-07T05:46:50.365367+00:00,2022-10-08T00:00:00
NFL_NO_00-0032059_2022W05_OUT_DNP,NFL,2022,5,2022_NFL_W05_SEA_NO,NFL_NO,NFL_P_00-0032059,CB,,OUT,DNP,Quadricep,2022-10-08,nflverse,,2026-09-07T05:46:50.365367+00:00,2022-10-08T00:00:00
NFL_NO_00-0031503_2022W05_DOUBTFUL_DNP,NFL,2022,5,2022_NFL_W05_SEA_NO,NFL_NO,NFL_P_00-0031503,QB,,DOUBTFUL,DNP,Back,2022-10-08,nflverse,,2026-09-07T05:46:50.365367+00:00,2022-10-08T00:00:00
NFL_NO_00-0031382_2022W05_QUESTIONABLE_DNP,NFL,2022,5,2022_NFL_W05_SEA_NO,NFL_NO,NFL_P_00-0031382,WR,,QUESTIONABLE,DNP,Ankle,2022-10-08,nflverse,,2026-09-07T05:46:50.365367+00:00,2022-10-08T00:00:00
NFL_NO_00-0032203_2022W05_QUESTIONABLE_FP,NFL,2022,5,2022_NFL_W05_SEA_NO,NFL_NO,NFL_P_00-0032203,OL,,QUESTIONABLE,FP,Concussion,2022-10-08,nflverse,,2026-09-07T05:46:50.365367+00:00,2022-10-08T00:00:00
NFL_NO_00-0033906_2022W05_QUESTIONABLE_LP,NFL,2022,5,2022_NFL_W05_SEA_NO,NFL_NO,NFL_P_00-0033906,RB,,QUESTIONABLE,LP,Rib,2022-10-08,nflverse,,2026-09-07T05:46:50.365367+00:00,2022-10-08T00:00:00
NFL_NO_00-0033892_2022W05_QUESTIONABLE_LP,NFL,2022,5,2022_NFL_W05_SEA_NO,NFL_NO,NFL_P_00-0033892,S,,QUESTIONABLE,LP,Rib,2022-10-08,nflverse,,2026-09-07T05:46:50.365367+00:00,2022-10-08T00:00:00
NFL_NYG_00-0036589_2022W05_NA_LP,NFL,2022,5,2022_NFL_W05_NYG_GB,NFL_NYG,NFL_P_00-0036589,CB,,UNKNOWN,LP,Hamstring,2022-10-08,nflverse,,2026-09-07T05:46:50.365367+00:00,2022-10-08T00:00:00
NFL_NYG_00-0037758_2022W05_OUT_DNP,NFL,2022,5,2022_NFL_W05_NYG_GB,NFL_NYG,NFL_P_00-0037758,CB,,OUT,DNP,Calf,2022-10-08,nflverse,,2026-09-07T05:46:50.365367+00:00,2022-10-08T00:00:00
NFL_NYG_00-0033932_2022W05_OUT_DNP,NFL,2022,5,2022_NFL_W05_NYG_GB,NFL_NYG,NFL_P_00-0033932,WR,,OUT,DNP,Knee,2022-10-08,nflverse,,2026-09-07T05:46:50.365367+00:00,2022-10-08T00:00:00
NFL_NYG_00-0034318_2022W05_OUT_DNP,NFL,2022,5,2022_NFL_W05_NYG_GB,NFL_NYG,NFL_P_00-0034318,DL,,OUT,DNP,Ankle,2022-10-08,nflverse,,2026-09-07T05:46:50.365367+00:00,2022-10-08T00:00:00
NFL_NYG_00-0036552_2022W05_OUT_DNP,NFL,2022,5,2022_NFL_W05_NYG_GB,NFL_NYG,NFL_P_00-0036552,LB,,OUT,DNP,Calf,2022-10-08,nflverse,,2026-09-07T05:46:50.365367+00:00,2022-10-08T00:00:00
NFL_NYG_00-0038117_2022W05_OUT_DNP,NFL,2022,5,2022_NFL_W05_NYG_GB,NFL_NYG,NFL_P_00-0038117,WR,,OUT,DNP,Knee,2022-10-08,nflverse,,2026-09-07T05:46:50.365367+00:00,2022-10-08T00:00:00
NFL_NYG_00-0028118_2022W05_OUT_DNP,NFL,2022,5,2022_NFL_W05_NYG_GB,NFL_NYG,NFL_P_00-0028118,QB,,OUT,DNP,Concussion,2022-10-08,nflverse,,2026-09-07T05:46:50.365367+00:00,2022-10-08T00:00:00
NFL_NYG_00-0036913_2022W05_OUT_DNP,NFL,2022,5,2022_NFL_W05_NYG_GB,NFL_NYG,NFL_P_00-0036913,WR,,OUT,DNP,Hamstring,2022-10-08,nflverse,,2026-09-07T05:46:50.365367+00:00,2022-10-08T00:00:00
NFL_NYG_00-0031933_2022W05_QUESTIONABLE_LP,NFL,2022,5,2022_NFL_W05_NYG_GB,NFL_NYG,NFL_P_00-0031933,DL,,QUESTIONABLE,LP,Knee,2022-10-08,nflverse,,2026-09-07T05:46:50.365367+00:00,2022-10-08T00:00:00
NFL_NYJ_00-0038114_2022W05_OUT_DNP,NFL,2022,5,2022_NFL_W05_MIA_NYJ,NFL_NYJ,NFL_P_00-0038114,OL,,OUT,DNP,Knee,2022-10-08,nflverse,,2026-09-07T05:46:50.365367+00:00,2022-10-08T00:00:00
NFL_NYJ_00-0035680_2022W05_OUT_DNP,NFL,2022,5,2022_NFL_W05_MIA_NYJ,NFL_NYJ,NFL_P_00-0035680,LB,,OUT,DNP,Ankle,2022-10-08,nflverse,,2026-09-07T05:46:50.365367+00:00,2022-10-08T00:00:00
NFL_NYJ_00-0034730_2022W05_QUESTIONABLE_FP,NFL,2022,5,2022_NFL_W05_MIA_NYJ,NFL_NYJ,NFL_P_00-0034730,LB,,QUESTIONABLE,FP,Neck,2022-10-08,nflverse,,2026-09-07T05:46:50.365367+00:00,2022-10-08T00:00:00
NFL_PHI_00-0032890_2022W05_NA_LP,NFL,2022,5,2022_NFL_W05_PHI_ARI,NFL_PHI,NFL_P_00-0032890,CB,,UNKNOWN,LP,Not injury related - resting player,2022-10-08,nflverse,,2026-09-07T05:46:50.365367+00:00,2022-10-08T00:00:00
NFL_PHI_00-0035676_2022W05_NA_LP,NFL,2022,5,2022_NFL_W05_PHI_ARI,NFL_PHI,NFL_P_00-0035676,WR,,UNKNOWN,LP,Not injury related - resting player,2022-10-08,nflverse,,2026-09-07T05:46:50.365367+00:00,2022-10-08T00:00:00
NFL_PHI_00-0029653_2022W05_NA_LP,NFL,2022,5,2022_NFL_W05_PHI_ARI,NFL_PHI,NFL_P_00-0029653,DL,,UNKNOWN,LP,Not injury related - resting player,2022-10-08,nflverse,,2026-09-07T05:46:50.365367+00:00,2022-10-08T00:00:00
NFL_PHI_00-0037002_2022W05_NA_LP,NFL,2022,5,2022_NFL_W05_PHI_ARI,NFL_PHI,NFL_P_00-0037002,OL,,UNKNOWN,LP,Not injury related - resting player,2022-10-08,nflverse,,2026-09-07T05:46:50.365367+00:00,2022-10-08T00:00:00
NFL_PHI_00-0027865_2022W05_NA_LP,NFL,2022,5,2022_NFL_W05_PHI_ARI,NFL_PHI,NFL_P_00-0027865,EDGE,,UNKNOWN,LP,Not injury related - resting player,2022-10-08,nflverse,,2026-09-07T05:46:50.365367+00:00,2022-10-08T00:00:00
NFL_PHI_00-0030561_2022W05_NA_LP,NFL,2022,5,2022_NFL_W05_PHI_ARI,NFL_PHI,NFL_P_00-0030561,OL,,UNKNOWN,LP,Not injury related - resting player,2022-10-08,nflverse,,2026-09-07T05:46:50.365367+00:00,2022-10-08T00:00:00
NFL_PHI_00-0028129_2022W05_NA_LP,NFL,2022,5,2022_NFL_W05_PHI_ARI,NFL_PHI,NFL_P_00-0028129,OL,,UNKNOWN,LP,Not injury related - resting player,2022-10-08,nflverse,,2026-09-07T05:46:50.365367+00:00,2022-10-08T00:00:00
NFL_PHI_00-0032954_2022W05_NA_LP,NFL,2022,5,2022_NFL_W05_PHI_ARI,NFL_PHI,NFL_P_00-0032954,OL,,UNKNOWN,LP,Ankle,2022-10-08,nflverse,,2026-09-07T05:46:50.365367+00:00,2022-10-08T00:00:00
NFL_PHI_00-0034381_2022W05_NA_LP,NFL,2022,5,2022_NFL_W05_PHI_ARI,NFL_PHI,NFL_P_00-0034381,EDGE,,UNKNOWN,LP,Not injury related - resting player,2022-10-08,nflverse,,2026-09-07T05:46:50.365367+00:00,2022-10-08T00:00:00
NFL_PHI_00-0033787_2022W05_OUT_DNP,NFL,2022,5,2022_NFL_W05_PHI_ARI,NFL_PHI,NFL_P_00-0033787,K,,OUT,DNP,right Ankle,2022-10-08,nflverse,,2026-09-07T05:46:50.365367+00:00,2022-10-08T00:00:00
NFL_PHI_00-0036922_2022W05_OUT_DNP,NFL,2022,5,2022_NFL_W05_PHI_ARI,NFL_PHI,NFL_P_00-0036922,LB,,OUT,DNP,Concussion,2022-10-08,nflverse,,2026-09-07T05:46:50.365367+00:00,2022-10-08T00:00:00
NFL_PHI_00-0034377_2022W05_OUT_DNP,NFL,2022,5,2022_NFL_W05_PHI_ARI,NFL_PHI,NFL_P_00-0034377,CB,,OUT,DNP,Ankle,2022-10-08,nflverse,,2026-09-07T05:46:50.365367+00:00,2022-10-08T00:00:00
NFL_PHI_00-0034429_2022W05_DOUBTFUL_DNP,NFL,2022,5,2022_NFL_W05_PHI_ARI,NFL_PHI,NFL_P_00-0034429,OL,,DOUBTFUL,DNP,Shoulder,2022-10-08,nflverse,,2026-09-07T05:46:50.365367+00:00,2022-10-08T00:00:00
NFL_PHI_00-0037084_2022W05_QUESTIONABLE_FP,NFL,2022,5,2022_NFL_W05_PHI_ARI,NFL_PHI,NFL_P_00-0037084,LB,,QUESTIONABLE,FP,Concussion,2022-10-08,nflverse,,2026-09-07T05:46:50.365367+00:00,2022-10-08T00:00:00
NFL_PHI_00-0034414_2022W05_QUESTIONABLE_LP,NFL,2022,5,2022_NFL_W05_PHI_ARI,NFL_PHI,NFL_P_00-0034414,RB,,QUESTIONABLE,LP,Rib,2022-10-08,nflverse,,2026-09-07T05:46:50.365367+00:00,2022-10-08T00:00:00
NFL_PIT_00-0034785_2022W05_NA_LP,NFL,2022,5,2022_NFL_W05_PIT_BUF,NFL_PIT,NFL_P_00-0034785,OL,,UNKNOWN,LP,Foot,2022-10-08,nflverse,,2026-09-07T05:46:50.365367+00:00,2022-10-08T00:00:00
NFL_PIT_00-0033783_2022W05_OUT_DNP,NFL,2022,5,2022_NFL_W05_PIT_BUF,NFL_PIT,NFL_P_00-0033783,CB,,OUT,DNP,Hamstring,2022-10-08,nflverse,,2026-09-07T05:46:50.365367+00:00,2022-10-08T00:00:00
NFL_PIT_00-0034858_2022W05_QUESTIONABLE_LP,NFL,2022,5,2022_NFL_W05_PIT_BUF,NFL_PIT,NFL_P_00-0034858,S,,QUESTIONABLE,LP,Concussion,2022-10-08,nflverse,,2026-09-07T05:46:50.365367+00:00,2022-10-08T00:00:00
NFL_PIT_00-0033930_2022W05_QUESTIONABLE_LP,NFL,2022,5,2022_NFL_W05_PIT_BUF,NFL_PIT,NFL_P_00-0033930,CB,,QUESTIONABLE,LP,Groin,2022-10-08,nflverse,,2026-09-07T05:46:50.365367+00:00,2022-10-08T00:00:00
NFL_SEA_00-0034234_2022W05_NA_DNP,NFL,2022,5,2022_NFL_W05_SEA_NO,NFL_SEA,NFL_P_00-0034234,DL,,UNKNOWN,DNP,Not injury related - resting player,2022-10-08,nflverse,,2026-09-07T05:46:50.365367+00:00,2022-10-08T00:00:00
NFL_SEA_00-0035306_2022W05_NA_DNP,NFL,2022,5,2022_NFL_W05_SEA_NO,NFL_SEA,NFL_P_00-0035306,LB,,UNKNOWN,DNP,Ankle,2022-10-08,nflverse,,2026-09-07T05:46:50.365367+00:00,2022-10-08T00:00:00
NFL_SEA_00-0037093_2022W05_OUT_DNP,NFL,2022,5,2022_NFL_W05_SEA_NO,NFL_SEA,NFL_P_00-0037093,WR,,OUT,DNP,Quadricep,2022-10-08,nflverse,,2026-09-07T05:46:50.365367+00:00,2022-10-08T00:00:00
NFL_SEA_00-0030068_2022W05_QUESTIONABLE_DNP,NFL,2022,5,2022_NFL_W05_SEA_NO,NFL_SEA,NFL_P_00-0030068,WR,,QUESTIONABLE,DNP,Knee,2022-10-08,nflverse,,2026-09-07T05:46:50.365367+00:00,2022-10-08T00:00:00
NFL_SEA_00-0031796_2022W05_QUESTIONABLE_LP,NFL,2022,5,2022_NFL_W05_SEA_NO,NFL_SEA,NFL_P_00-0031796,CB,,QUESTIONABLE,LP,Calf,2022-10-08,nflverse,,2026-09-07T05:46:50.365367+00:00,2022-10-08T00:00:00
NFL_SEA_00-0038134_2022W05_QUESTIONABLE_LP,NFL,2022,5,2022_NFL_W05_SEA_NO,NFL_SEA,NFL_P_00-0038134,RB,,QUESTIONABLE,LP,Shoulder,2022-10-08,nflverse,,2026-09-07T05:46:50.365367+00:00,2022-10-08T00:00:00
NFL_SF_00-0032164_2022W05_OUT_DNP,NFL,2022,5,2022_NFL_W05_SF_CAR,NFL_SF,NFL_P_00-0032164,EDGE,,OUT,DNP,Foot,2022-10-08,nflverse,,2026-09-07T05:46:50.365367+00:00,2022-10-08T00:00:00
NFL_SF_00-0037827_2022W05_OUT_DNP,NFL,2022,5,2022_NFL_W05_SF_CAR,NFL_SF,NFL_P_00-0037827,RB,,OUT,DNP,Ankle,2022-10-08,nflverse,,2026-09-07T05:46:50.365367+00:00,2022-10-08T00:00:00
NFL_SF_00-0036260_2022W05_OUT_DNP,NFL,2022,5,2022_NFL_W05_SF_CAR,NFL_SF,NFL_P_00-0036260,DL,,OUT,DNP,Knee,2022-10-08,nflverse,,2026-09-07T05:46:50.365367+00:00,2022-10-08T00:00:00
NFL_SF_00-0032214_2022W05_OUT_DNP,NFL,2022,5,2022_NFL_W05_SF_CAR,NFL_SF,NFL_P_00-0032214,TE,,OUT,DNP,Knee,2022-10-08,nflverse,,2026-09-07T05:46:50.365367+00:00,2022-10-08T00:00:00
NFL_SF_00-0036256_2022W05_OUT_DNP,NFL,2022,5,2022_NFL_W05_SF_CAR,NFL_SF,NFL_P_00-0036256,OL,,OUT,DNP,Knee,2022-10-08,nflverse,,2026-09-07T05:46:50.365367+00:00,2022-10-08T00:00:00
NFL_SF_00-0034263_2022W05_OUT_DNP,NFL,2022,5,2022_NFL_W05_SF_CAR,NFL_SF,NFL_P_00-0034263,S,,OUT,DNP,Hamstring,2022-10-08,nflverse,,2026-09-07T05:46:50.365367+00:00,2022-10-08T00:00:00
NFL_SF_00-0027857_2022W05_OUT_DNP,NFL,2022,5,2022_NFL_W05_SF_CAR,NFL_SF,NFL_P_00-0027857,OL,,OUT,DNP,Ankle,2022-10-08,nflverse,,2026-09-07T05:46:50.365367+00:00,2022-10-08T00:00:00
NFL_TB_00-0029562_2022W05_NA_DNP,NFL,2022,5,2022_NFL_W05_ATL_TB,NFL_TB,NFL_P_00-0029562,LB,,UNKNOWN,DNP,Not injury related - resting player,2022-10-08,nflverse,,2026-09-07T05:46:50.365367+00:00,2022-10-08T00:00:00
NFL_TB_00-0031408_2022W05_NA_DNP,NFL,2022,5,2022_NFL_W05_ATL_TB,NFL_TB,NFL_P_00-0031408,WR,,UNKNOWN,DNP,Not injury related - resting player,2022-10-08,nflverse,,2026-09-07T05:46:50.365367+00:00,2022-10-08T00:00:00
NFL_TB_00-0033856_2022W05_NA_DNP,NFL,2022,5,2022_NFL_W05_ATL_TB,NFL_TB,NFL_P_00-0033856,RB,,UNKNOWN,DNP,Not injury related - personal matter,2022-10-08,nflverse,,2026-09-07T05:46:50.365367+00:00,2022-10-08T00:00:00
NFL_TB_00-0033921_2022W05_NA_LP,NFL,2022,5,2022_NFL_W05_ATL_TB,NFL_TB,NFL_P_00-0033921,WR,,UNKNOWN,LP,Knee,2022-10-08,nflverse,,2026-09-07T05:46:50.365367+00:00,2022-10-08T00:00:00
NFL_TB_00-0032217_2022W05_NA_LP,NFL,2022,5,2022_NFL_W05_ATL_TB,NFL_TB,NFL_P_00-0032217,OL,,UNKNOWN,LP,Elbow,2022-10-08,nflverse,,2026-09-07T05:46:50.365367+00:00,2022-10-08T00:00:00
NFL_TB_00-0029657_2022W05_OUT_DNP,NFL,2022,5,2022_NFL_W05_ATL_TB,NFL_TB,NFL_P_00-0029657,DL,,OUT,DNP,Foot,2022-10-08,nflverse,,2026-09-07T05:46:50.365367+00:00,2022-10-08T00:00:00
NFL_TB_00-0030411_2022W05_OUT_DNP,NFL,2022,5,2022_NFL_W05_ATL_TB,NFL_TB,NFL_P_00-0030411,S,,OUT,DNP,Foot,2022-10-08,nflverse,,2026-09-07T05:46:50.365367+00:00,2022-10-08T00:00:00
NFL_TB_00-0031273_2022W05_OUT_LP,NFL,2022,5,2022_NFL_W05_ATL_TB,NFL_TB,NFL_P_00-0031273,TE,,OUT,LP,Concussion,2022-10-08,nflverse,,2026-09-07T05:46:50.365367+00:00,2022-10-08T00:00:00
NFL_TB_00-0034411_2022W05_QUESTIONABLE_LP,NFL,2022,5,2022_NFL_W05_ATL_TB,NFL_TB,NFL_P_00-0034411,WR,,QUESTIONABLE,LP,Back,2022-10-08,nflverse,,2026-09-07T05:46:50.365367+00:00,2022-10-08T00:00:00
NFL_TB_00-0027944_2022W05_QUESTIONABLE_LP,NFL,2022,5,2022_NFL_W05_ATL_TB,NFL_TB,NFL_P_00-0027944,WR,,QUESTIONABLE,LP,Knee,2022-10-08,nflverse,,2026-09-07T05:46:50.365367+00:00,2022-10-08T00:00:00
NFL_TB_00-0032054_2022W05_QUESTIONABLE_LP,NFL,2022,5,2022_NFL_W05_ATL_TB,NFL_TB,NFL_P_00-0032054,WR,,QUESTIONABLE,LP,Knee,2022-10-08,nflverse,,2026-09-07T05:46:50.365367+00:00,2022-10-08T00:00:00
NFL_TEN_00-0036691_2022W05_NA_LP,NFL,2022,5,2022_NFL_W05_TEN_WAS,NFL_TEN,NFL_P_00-0036691,RB,,UNKNOWN,LP,Neck,2022-10-08,nflverse,,2026-09-07T05:46:50.365367+00:00,2022-10-08T00:00:00
NFL_TEN_00-0029413_2022W05_NA_LP,NFL,2022,5,2022_NFL_W05_TEN_WAS,NFL_TEN,NFL_P_00-0029413,OL,,UNKNOWN,LP,Back,2022-10-08,nflverse,,2026-09-07T05:46:50.365367+00:00,2022-10-08T00:00:00
NFL_TEN_00-0034204_2022W05_OUT_DNP,NFL,2022,5,2022_NFL_W05_TEN_WAS,NFL_TEN,NFL_P_00-0034204,LB,,OUT,DNP,Neck,2022-10-08,nflverse,,2026-09-07T05:46:50.365367+00:00,2022-10-08T00:00:00
NFL_TEN_00-0037742_2022W05_OUT_DNP,NFL,2022,5,2022_NFL_W05_TEN_WAS,NFL_TEN,NFL_P_00-0037742,WR,,OUT,DNP,Toe,2022-10-08,nflverse,,2026-09-07T05:46:50.365367+00:00,2022-10-08T00:00:00
NFL_TEN_00-0033547_2022W05_OUT_DNP,NFL,2022,5,2022_NFL_W05_TEN_WAS,NFL_TEN,NFL_P_00-0033547,LB,,OUT,DNP,Elbow,2022-10-08,nflverse,,2026-09-07T05:46:50.365367+00:00,2022-10-08T00:00:00
NFL_TEN_00-0032146_2022W05_OUT_DNP,NFL,2022,5,2022_NFL_W05_TEN_WAS,NFL_TEN,NFL_P_00-0032146,LB,,OUT,DNP,Hip,2022-10-08,nflverse,,2026-09-07T05:46:50.365367+00:00,2022-10-08T00:00:00
NFL_TEN_00-0035632_2022W05_OUT_DNP,NFL,2022,5,2022_NFL_W05_TEN_WAS,NFL_TEN,NFL_P_00-0035632,S,,OUT,DNP,Concussion,2022-10-08,nflverse,,2026-09-07T05:46:50.365367+00:00,2022-10-08T00:00:00
NFL_TEN_00-0033659_2022W05_OUT_DNP,NFL,2022,5,2022_NFL_W05_TEN_WAS,NFL_TEN,NFL_P_00-0033659,LB,,OUT,DNP,Knee,2022-10-08,nflverse,,2026-09-07T05:46:50.365367+00:00,2022-10-08T00:00:00
NFL_TEN_00-0036615_2022W05_QUESTIONABLE_DNP,NFL,2022,5,2022_NFL_W05_TEN_WAS,NFL_TEN,NFL_P_00-0036615,CB,,QUESTIONABLE,DNP,Knee,2022-10-08,nflverse,,2026-09-07T05:46:50.365367+00:00,2022-10-08T00:00:00
NFL_TEN_00-0035244_2022W05_QUESTIONABLE_DNP,NFL,2022,5,2022_NFL_W05_TEN_WAS,NFL_TEN,NFL_P_00-0035244,CB,,QUESTIONABLE,DNP,Illness,2022-10-08,nflverse,,2026-09-07T05:46:50.365367+00:00,2022-10-08T00:00:00
NFL_TEN_00-0035649_2022W05_QUESTIONABLE_LP,NFL,2022,5,2022_NFL_W05_TEN_WAS,NFL_TEN,NFL_P_00-0035649,OL,,QUESTIONABLE,LP,Knee,2022-10-08,nflverse,,2026-09-07T05:46:50.365367+00:00,2022-10-08T00:00:00
NFL_WAS_00-0038100_2022W05_OUT_DNP,NFL,2022,5,2022_NFL_W05_TEN_WAS,NFL_WAS,NFL_P_00-0038100,S,,OUT,DNP,Quadricep,2022-10-08,nflverse,,2026-09-07T05:46:50.365367+00:00,2022-10-08T00:00:00
NFL_WAS_00-0036618_2022W05_OUT_DNP,NFL,2022,5,2022_NFL_W05_TEN_WAS,NFL_WAS,NFL_P_00-0036618,OL,,OUT,DNP,Finger,2022-10-08,nflverse,,2026-09-07T05:46:50.365367+00:00,2022-10-08T00:00:00
NFL_WAS_00-0037741_2022W05_OUT_DNP,NFL,2022,5,2022_NFL_W05_TEN_WAS,NFL_WAS,NFL_P_00-0037741,WR,,OUT,DNP,Hamstring,2022-10-08,nflverse,,2026-09-07T05:46:50.365367+00:00,2022-10-08T00:00:00
NFL_WAS_00-0036511_2022W05_OUT_DNP,NFL,2022,5,2022_NFL_W05_TEN_WAS,NFL_WAS,NFL_P_00-0036511,LB,,OUT,DNP,Hamstring,2022-10-08,nflverse,,2026-09-07T05:46:50.365367+00:00,2022-10-08T00:00:00
NFL_WAS_00-0031260_2022W05_QUESTIONABLE_DNP,NFL,2022,5,2022_NFL_W05_TEN_WAS,NFL_WAS,NFL_P_00-0031260,TE,,QUESTIONABLE,DNP,Calf,2022-10-08,nflverse,,2026-09-07T05:46:50.365367+00:00,2022-10-08T00:00:00
NFL_WAS_00-0031596_2022W05_QUESTIONABLE_LP,NFL,2022,5,2022_NFL_W05_TEN_WAS,NFL_WAS,NFL_P_00-0031596,LB,,QUESTIONABLE,LP,Hamstring,2022-10-08,nflverse,,2026-09-07T05:46:50.365367+00:00,2022-10-08T00:00:00
NFL_ARI_00-0027949_2022W06_NA_LP,NFL,2022,6,2022_NFL_W06_ARI_SEA,NFL_ARI,NFL_P_00-0027949,EDGE,,UNKNOWN,LP,Not injury related - resting player,2022-10-15,nflverse,,2026-09-07T05:46:50.365367+00:00,2022-10-15T00:00:00
NFL_ARI_00-0033553_2022W06_OUT_DNP,NFL,2022,6,2022_NFL_W06_ARI_SEA,NFL_ARI,NFL_P_00-0033553,RB,,OUT,DNP,Ribs,2022-10-15,nflverse,,2026-09-07T05:46:50.365367+00:00,2022-10-15T00:00:00
NFL_ARI_00-0035695_2022W06_OUT_DNP,NFL,2022,6,2022_NFL_W06_ARI_SEA,NFL_ARI,NFL_P_00-0035695,CB,,OUT,DNP,Hamstring,2022-10-15,nflverse,,2026-09-07T05:46:50.365367+00:00,2022-10-15T00:00:00
NFL_ARI_00-0023853_2022W06_OUT_DNP,NFL,2022,6,2022_NFL_W06_ARI_SEA,NFL_ARI,NFL_P_00-0023853,K,,OUT,DNP,right Hip,2022-10-15,nflverse,,2026-09-07T05:46:50.365367+00:00,2022-10-15T00:00:00
NFL_ARI_00-0034301_2022W06_OUT_DNP,NFL,2022,6,2022_NFL_W06_ARI_SEA,NFL_ARI,NFL_P_00-0034301,RB,,OUT,DNP,Knee,2022-10-15,nflverse,,2026-09-07T05:46:50.365367+00:00,2022-10-15T00:00:00
NFL_ARI_00-0032132_2022W06_QUESTIONABLE_LP,NFL,2022,6,2022_NFL_W06_ARI_SEA,NFL_ARI,NFL_P_00-0032132,OL,,QUESTIONABLE,LP,Toe,2022-10-15,nflverse,,2026-09-07T05:46:50.365367+00:00,2022-10-15T00:00:00
NFL_ARI_00-0027993_2022W06_QUESTIONABLE_LP,NFL,2022,6,2022_NFL_W06_ARI_SEA,NFL_ARI,NFL_P_00-0027993,OL,,QUESTIONABLE,LP,Knee,2022-10-15,nflverse,,2026-09-07T05:46:50.365367+00:00,2022-10-15T00:00:00
NFL_ARI_00-0036373_2022W06_QUESTIONABLE_LP,NFL,2022,6,2022_NFL_W06_ARI_SEA,NFL_ARI,NFL_P_00-0036373,DL,,QUESTIONABLE,LP,Hand,2022-10-15,nflverse,,2026-09-07T05:46:50.365367+00:00,2022-10-15T00:00:00
NFL_ARI_00-0035236_2022W06_QUESTIONABLE_LP,NFL,2022,6,2022_NFL_W06_ARI_SEA,NFL_ARI,NFL_P_00-0035236,CB,,QUESTIONABLE,LP,Groin,2022-10-15,nflverse,,2026-09-07T05:46:50.365367+00:00,2022-10-15T00:00:00
NFL_ATL_00-0032065_2022W06_NA_DNP,NFL,2022,6,2022_NFL_W06_SF_ATL,NFL_ATL,NFL_P_00-0032065,P,,UNKNOWN,DNP,Not injury related - personal matter,2022-10-15,nflverse,,2026-09-07T05:46:50.365367+00:00,2022-10-15T00:00:00
NFL_ATL_00-0036300_2022W06_OUT_DNP,NFL,2022,6,2022_NFL_W06_SF_ATL,NFL_ATL,NFL_P_00-0036300,LB,,OUT,DNP,Groin,2022-10-15,nflverse,,2026-09-07T05:46:50.365367+00:00,2022-10-15T00:00:00
NFL_ATL_00-0036949_2022W06_QUESTIONABLE_LP,NFL,2022,6,2022_NFL_W06_SF_ATL,NFL_ATL,NFL_P_00-0036949,LB,,QUESTIONABLE,LP,Shoulder,2022-10-15,nflverse,,2026-09-07T05:46:50.365367+00:00,2022-10-15T00:00:00
NFL_ATL_00-0036970_2022W06_QUESTIONABLE_LP,NFL,2022,6,2022_NFL_W06_SF_ATL,NFL_ATL,NFL_P_00-0036970,TE,,QUESTIONABLE,LP,Hamstring,2022-10-15,nflverse,,2026-09-07T05:46:50.365367+00:00,2022-10-15T00:00:00
NFL_ATL_00-0033676_2022W06_QUESTIONABLE_LP,NFL,2022,6,2022_NFL_W06_SF_ATL,NFL_ATL,NFL_P_00-0033676,OL,,QUESTIONABLE,LP,Knee,2022-10-15,nflverse,,2026-09-07T05:46:50.365367+00:00,2022-10-15T00:00:00
NFL_BAL_00-0031598_2022W06_NA_DNP,NFL,2022,6,2022_NFL_W06_BAL_NYG,NFL_BAL,NFL_P_00-0031598,TE,,UNKNOWN,DNP,Not injury related - resting player,2022-10-15,nflverse,,2026-09-07T05:46:50.365367+00:00,2022-10-15T00:00:00
NFL_BAL_00-0026190_2022W06_NA_DNP,NFL,2022,6,2022_NFL_W06_BAL_NYG,NFL_BAL,NFL_P_00-0026190,EDGE,,UNKNOWN,DNP,Not injury related - resting player,2022-10-15,nflverse,,2026-09-07T05:46:50.365367+00:00,2022-10-15T00:00:00
NFL_BAL_00-0032165_2022W06_NA_DNP,NFL,2022,6,2022_NFL_W06_BAL_NYG,NFL_BAL,NFL_P_00-0032165,CB,,UNKNOWN,DNP,Not injury related - resting player,2022-10-15,nflverse,,2026-09-07T05:46:50.365367+00:00,2022-10-15T00:00:00
NFL_BAL_00-0027867_2022W06_NA_DNP,NFL,2022,6,2022_NFL_W06_BAL_NYG,NFL_BAL,NFL_P_00-0027867,EDGE,,UNKNOWN,DNP,Not injury related - resting player,2022-10-15,nflverse,,2026-09-07T05:46:50.365367+00:00,2022-10-15T00:00:00
NFL_BAL_00-0029592_2022W06_NA_DNP,NFL,2022,6,2022_NFL_W06_BAL_NYG,NFL_BAL,NFL_P_00-0029592,OL,,UNKNOWN,DNP,Not injury related - resting player,2022-10-15,nflverse,,2026-09-07T05:46:50.365367+00:00,2022-10-15T00:00:00
NFL_BAL_00-0036550_2022W06_OUT_DNP,NFL,2022,6,2022_NFL_W06_BAL_NYG,NFL_BAL,NFL_P_00-0036550,WR,,OUT,DNP,Foot,2022-10-15,nflverse,,2026-09-07T05:46:50.365367+00:00,2022-10-15T00:00:00
NFL_BAL_00-0036977_2022W06_OUT_DNP,NFL,2022,6,2022_NFL_W06_BAL_NYG,NFL_BAL,NFL_P_00-0036977,OL,,OUT,DNP,Foot,2022-10-15,nflverse,,2026-09-07T05:46:50.365367+00:00,2022-10-15T00:00:00
NFL_BAL_00-0028008_2022W06_OUT_DNP,NFL,2022,6,2022_NFL_W06_BAL_NYG,NFL_BAL,NFL_P_00-0028008,LB,,OUT,DNP,Groin,2022-10-15,nflverse,,2026-09-07T05:46:50.365367+00:00,2022-10-15T00:00:00
NFL_BAL_00-0034975_2022W06_DOUBTFUL_LP,NFL,2022,6,2022_NFL_W06_BAL_NYG,NFL_BAL,NFL_P_00-0034975,RB,,DOUBTFUL,LP,Hamstring,2022-10-15,nflverse,,2026-09-07T05:46:50.365367+00:00,2022-10-15T00:00:00
NFL_BUF_00-0031588_2022W06_NA_DNP,NFL,2022,6,2022_NFL_W06_BUF_KC,NFL_BUF,NFL_P_00-0031588,WR,,UNKNOWN,DNP,Not injury related - resting player,2022-10-15,nflverse,,2026-09-07T05:46:50.365367+00:00,2022-10-15T00:00:00
NFL_BUF_00-0027648_2022W06_NA_DNP,NFL,2022,6,2022_NFL_W06_BUF_KC,NFL_BUF,NFL_P_00-0027648,OL,,UNKNOWN,DNP,Not injury related - resting player,2022-10-15,nflverse,,2026-09-07T05:46:50.365367+00:00,2022-10-15T00:00:00
NFL_BUF_00-0037288_2022W06_NA_LP,NFL,2022,6,2022_NFL_W06_BUF_KC,NFL_BUF,NFL_P_00-0037288,CB,,UNKNOWN,LP,Hand,2022-10-15,nflverse,,2026-09-07T05:46:50.365367+00:00,2022-10-15T00:00:00
NFL_BUF_00-0028063_2022W06_NA_LP,NFL,2022,6,2022_NFL_W06_BUF_KC,NFL_BUF,NFL_P_00-0028063,RB,,UNKNOWN,LP,Knee,2022-10-15,nflverse,,2026-09-07T05:46:50.365367+00:00,2022-10-15T00:00:00
NFL_BUF_00-0035689_2022W06_NA_LP,NFL,2022,6,2022_NFL_W06_BUF_KC,NFL_BUF,NFL_P_00-0035689,TE,,UNKNOWN,LP,Foot,2022-10-15,nflverse,,2026-09-07T05:46:50.365367+00:00,2022-10-15T00:00:00
NFL_BUF_00-0027940_2022W06_NA_LP,NFL,2022,6,2022_NFL_W06_BUF_KC,NFL_BUF,NFL_P_00-0027940,LB,,UNKNOWN,LP,Not injury related - resting player,2022-10-15,nflverse,,2026-09-07T05:46:50.365367+00:00,2022-10-15T00:00:00
NFL_BUF_00-0031787_2022W06_OUT_DNP,NFL,2022,6,2022_NFL_W06_BUF_KC,NFL_BUF,NFL_P_00-0031787,WR,,OUT,DNP,Ankle,2022-10-15,nflverse,,2026-09-07T05:46:50.365367+00:00,2022-10-15T00:00:00
NFL_BUF_00-0031557_2022W06_QUESTIONABLE_LP,NFL,2022,6,2022_NFL_W06_BUF_KC,NFL_BUF,NFL_P_00-0031557,EDGE,,QUESTIONABLE,LP,Hamstring,2022-10-15,nflverse,,2026-09-07T05:46:50.365367+00:00,2022-10-15T00:00:00
NFL_CAR_00-0033280_2022W06_NA_DNP,NFL,2022,6,2022_NFL_W06_CAR_LAR,NFL_CAR,NFL_P_00-0033280,RB,,UNKNOWN,DNP,Not injury related - resting player,2022-10-15,nflverse,,2026-09-07T05:46:50.365367+00:00,2022-10-15T00:00:00
NFL_CAR_00-0036268_2022W06_OUT_DNP,NFL,2022,6,2022_NFL_W06_CAR_LAR,NFL_CAR,NFL_P_00-0036268,WR,,OUT,DNP,Hamstring,2022-10-15,nflverse,,2026-09-07T05:46:50.365367+00:00,2022-10-15T00:00:00
NFL_CAR_00-0036315_2022W06_OUT_DNP,NFL,2022,6,2022_NFL_W06_CAR_LAR,NFL_CAR,NFL_P_00-0036315,CB,,OUT,DNP,Thigh,2022-10-15,nflverse,,2026-09-07T05:46:50.365367+00:00,2022-10-15T00:00:00
NFL_CAR_00-0034855_2022W06_DOUBTFUL_DNP,NFL,2022,6,2022_NFL_W06_CAR_LAR,NFL_CAR,NFL_P_00-0034855,QB,,DOUBTFUL,DNP,Ankle,2022-10-15,nflverse,,2026-09-07T05:46:50.365367+00:00,2022-10-15T00:00:00
NFL_CAR_00-0032688_2022W06_QUESTIONABLE_DNP,NFL,2022,6,2022_NFL_W06_CAR_LAR,NFL_CAR,NFL_P_00-0032688,WR,,QUESTIONABLE,DNP,Illness,2022-10-15,nflverse,,2026-09-07T05:46:50.365367+00:00,2022-10-15T00:00:00
NFL_CAR_00-0032145_2022W06_QUESTIONABLE_DNP,NFL,2022,6,2022_NFL_W06_CAR_LAR,NFL_CAR,NFL_P_00-0032145,OL,,QUESTIONABLE,DNP,Groin,2022-10-15,nflverse,,2026-09-07T05:46:50.365367+00:00,2022-10-15T00:00:00
NFL_CAR_00-0036944_2022W06_QUESTIONABLE_DNP,NFL,2022,6,2022_NFL_W06_CAR_LAR,NFL_CAR,NFL_P_00-0036944,CB,,QUESTIONABLE,DNP,Ribs,2022-10-15,nflverse,,2026-09-07T05:46:50.365367+00:00,2022-10-15T00:00:00
NFL_CAR_00-0034356_2022W06_QUESTIONABLE_DNP,NFL,2022,6,2022_NFL_W06_CAR_LAR,NFL_CAR,NFL_P_00-0034356,CB,,QUESTIONABLE,DNP,Ankle,2022-10-15,nflverse,,2026-09-07T05:46:50.365367+00:00,2022-10-15T00:00:00
NFL_CAR_00-0036281_2022W06_QUESTIONABLE_LP,NFL,2022,6,2022_NFL_W06_CAR_LAR,NFL_CAR,NFL_P_00-0036281,CB,,QUESTIONABLE,LP,Knee,2022-10-15,nflverse,,2026-09-07T05:46:50.365367+00:00,2022-10-15T00:00:00
NFL_CAR_00-0034302_2022W06_QUESTIONABLE_LP,NFL,2022,6,2022_NFL_W06_CAR_LAR,NFL_CAR,NFL_P_00-0034302,LB,,QUESTIONABLE,LP,Shoulder,2022-10-15,nflverse,,2026-09-07T05:46:50.365367+00:00,2022-10-15T00:00:00
NFL_CHI_00-0034424_2022W06_NA_DNP,NFL,2022,6,2022_NFL_W06_WAS_CHI,NFL_CHI,NFL_P_00-0034424,LB,,UNKNOWN,DNP,Calf,2022-10-13,nflverse,,2026-09-07T05:46:50.365367+00:00,2022-10-13T00:00:00
NFL_CHI_00-0034389_2022W06_QUESTIONABLE_FP,NFL,2022,6,2022_NFL_W06_WAS_CHI,NFL_CHI,NFL_P_00-0034389,S,,QUESTIONABLE,FP,Hamstring,2022-10-13,nflverse,,2026-09-07T05:46:50.365367+00:00,2022-10-13T00:00:00
NFL_CIN_00-0036194_2022W06_NA_LP,NFL,2022,6,2022_NFL_W06_CIN_NO,NFL_CIN,NFL_P_00-0036194,TE,,UNKNOWN,LP,Ankle,2022-10-15,nflverse,,2026-09-07T05:46:50.365367+00:00,2022-10-15T00:00:00
NFL_CIN_00-0036410_2022W06_QUESTIONABLE_LP,NFL,2022,6,2022_NFL_W06_CIN_NO,NFL_CIN,NFL_P_00-0036410,WR,,QUESTIONABLE,LP,Ankle,2022-10-15,nflverse,,2026-09-07T05:46:50.365367+00:00,2022-10-15T00:00:00
NFL_CIN_00-0034830_2022W06_QUESTIONABLE_LP,NFL,2022,6,2022_NFL_W06_CIN_NO,NFL_CIN,NFL_P_00-0034830,TE,,QUESTIONABLE,LP,Groin,2022-10-15,nflverse,,2026-09-07T05:46:50.365367+00:00,2022-10-15T00:00:00
NFL_CIN_00-0035629_2022W06_QUESTIONABLE_LP,NFL,2022,6,2022_NFL_W06_CIN_NO,NFL_CIN,NFL_P_00-0035629,OL,,QUESTIONABLE,LP,Knee,2022-10-15,nflverse,,2026-09-07T05:46:50.365367+00:00,2022-10-15T00:00:00
NFL_CLE_00-0033868_2022W06_NA_LP,NFL,2022,6,2022_NFL_W06_NE_CLE,NFL_CLE,NFL_P_00-0033868,EDGE,,UNKNOWN,LP,"shoulder, biceps, hand",2022-10-15,nflverse,,2026-09-07T05:46:50.365367+00:00,2022-10-15T00:00:00
NFL_CLE_00-0031364_2022W06_OUT_DNP,NFL,2022,6,2022_NFL_W06_NE_CLE,NFL_CLE,NFL_P_00-0031364,EDGE,,OUT,DNP,"ankle, knee, elbow",2022-10-15,nflverse,,2026-09-07T05:46:50.365367+00:00,2022-10-15T00:00:00
NFL_CLE_00-0032419_2022W06_OUT_DNP,NFL,2022,6,2022_NFL_W06_NE_CLE,NFL_CLE,NFL_P_00-0032419,OL,,OUT,DNP,Concussion,2022-10-15,nflverse,,2026-09-07T05:46:50.365367+00:00,2022-10-15T00:00:00
NFL_CLE_00-0034856_2022W06_OUT_DNP,NFL,2022,6,2022_NFL_W06_NE_CLE,NFL_CLE,NFL_P_00-0034856,CB,,OUT,DNP,Concussion,2022-10-15,nflverse,,2026-09-07T05:46:50.365367+00:00,2022-10-15T00:00:00
NFL_DAL_00-0036139_2022W06_OUT_DNP,NFL,2022,6,2022_NFL_W06_DAL_PHI,NFL_DAL,NFL_P_00-0036139,RB,,OUT,DNP,Ankle,2022-10-16,nflverse,,2026-09-07T05:46:50.365367+00:00,2022-10-16T00:00:00
NFL_DAL_00-0036358_2022W06_QUESTIONABLE_DNP,NFL,2022,6,2022_NFL_W06_DAL_PHI,NFL_DAL,NFL_P_00-0036358,WR,,QUESTIONABLE,DNP,Hip,2022-10-16,nflverse,,2026-09-07T05:46:50.365367+00:00,2022-10-16T00:00:00
NFL_DAL_00-0022531_2022W06_QUESTIONABLE_LP,NFL,2022,6,2022_NFL_W06_DAL_PHI,NFL_DAL,NFL_P_00-0022531,OL,,QUESTIONABLE,LP,Chest,2022-10-16,nflverse,,2026-09-07T05:46:50.365367+00:00,2022-10-16T00:00:00
NFL_DAL_00-0033077_2022W06_QUESTIONABLE_LP,NFL,2022,6,2022_NFL_W06_DAL_PHI,NFL_DAL,NFL_P_00-0033077,QB,,QUESTIONABLE,LP,right Thumb,2022-10-16,nflverse,,2026-09-07T05:46:50.365367+00:00,2022-10-16T00:00:00
NFL_DEN_00-0034368_2022W06_OUT_DNP,NFL,2022,6,2022_NFL_W06_DEN_LAC,NFL_DEN,NFL_P_00-0034368,LB,,OUT,DNP,Knee,2022-10-17,nflverse,,2026-09-07T05:46:50.365367+00:00,2022-10-17T00:00:00
NFL_DEN_00-0036633_2022W06_OUT_DNP,NFL,2022,6,2022_NFL_W06_DEN_LAC,NFL_DEN,NFL_P_00-0036633,S,,OUT,DNP,Hip,2022-10-17,nflverse,,2026-09-07T05:46:50.365367+00:00,2022-10-17T00:00:00
NFL_DEN_00-0037001_2022W06_QUESTIONABLE_FP,NFL,2022,6,2022_NFL_W06_DEN_LAC,NFL_DEN,NFL_P_00-0037001,OL,,QUESTIONABLE,FP,Hamstring,2022-10-17,nflverse,,2026-09-07T05:46:50.365367+00:00,2022-10-17T00:00:00
NFL_DEN_00-0036952_2022W06_QUESTIONABLE_LP,NFL,2022,6,2022_NFL_W06_DEN_LAC,NFL_DEN,NFL_P_00-0036952,LB,,QUESTIONABLE,LP,Hamstring,2022-10-17,nflverse,,2026-09-07T05:46:50.365367+00:00,2022-10-17T00:00:00
NFL_DEN_00-0032144_2022W06_QUESTIONABLE_LP,NFL,2022,6,2022_NFL_W06_DEN_LAC,NFL_DEN,NFL_P_00-0032144,RB,,QUESTIONABLE,LP,Neck,2022-10-17,nflverse,,2026-09-07T05:46:50.365367+00:00,2022-10-17T00:00:00
NFL_DEN_00-0038105_2022W06_QUESTIONABLE_LP,NFL,2022,6,2022_NFL_W06_DEN_LAC,NFL_DEN,NFL_P_00-0038105,CB,,QUESTIONABLE,LP,Knee,2022-10-17,nflverse,,2026-09-07T05:46:50.365367+00:00,2022-10-17T00:00:00
NFL_DEN_00-0035702_2022W06_QUESTIONABLE_LP,NFL,2022,6,2022_NFL_W06_DEN_LAC,NFL_DEN,NFL_P_00-0035702,OL,,QUESTIONABLE,LP,Back,2022-10-17,nflverse,,2026-09-07T05:46:50.365367+00:00,2022-10-17T00:00:00
NFL_DEN_00-0033576_2022W06_QUESTIONABLE_LP,NFL,2022,6,2022_NFL_W06_DEN_LAC,NFL_DEN,NFL_P_00-0033576,TE,,QUESTIONABLE,LP,Thigh,2022-10-17,nflverse,,2026-09-07T05:46:50.365367+00:00,2022-10-17T00:00:00
NFL_DEN_00-0031433_2022W06_QUESTIONABLE_LP,NFL,2022,6,2022_NFL_W06_DEN_LAC,NFL_DEN,NFL_P_00-0031433,OL,,QUESTIONABLE,LP,Knee,2022-10-17,nflverse,,2026-09-07T05:46:50.365367+00:00,2022-10-17T00:00:00
NFL_GB_00-0030074_2022W06_NA_LP,NFL,2022,6,2022_NFL_W06_NYJ_GB,NFL_GB,NFL_P_00-0030074,OL,,UNKNOWN,LP,Knee,2022-10-15,nflverse,,2026-09-07T05:46:50.365367+00:00,2022-10-15T00:00:00
NFL_GB_00-0035526_2022W06_NA_LP,NFL,2022,6,2022_NFL_W06_NYJ_GB,NFL_GB,NFL_P_00-0035526,OL,,UNKNOWN,LP,Knee,2022-10-15,nflverse,,2026-09-07T05:46:50.365367+00:00,2022-10-15T00:00:00
NFL_GB_00-0035965_2022W06_OUT_DNP,NFL,2022,6,2022_NFL_W06_NYJ_GB,NFL_GB,NFL_P_00-0035965,LB,,OUT,DNP,Hamstring,2022-10-15,nflverse,,2026-09-07T05:46:50.365367+00:00,2022-10-15T00:00:00
NFL_GB_00-0038124_2022W06_OUT_DNP,NFL,2022,6,2022_NFL_W06_NYJ_GB,NFL_GB,NFL_P_00-0038124,WR,,OUT,DNP,Hamstring,2022-10-15,nflverse,,2026-09-07T05:46:50.365367+00:00,2022-10-15T00:00:00
NFL_GB_00-0034967_2022W06_QUESTIONABLE_LP,NFL,2022,6,2022_NFL_W06_NYJ_GB,NFL_GB,NFL_P_00-0034967,LB,,QUESTIONABLE,LP,Toe,2022-10-15,nflverse,,2026-09-07T05:46:50.365367+00:00,2022-10-15T00:00:00
NFL_IND_00-0034846_2022W06_OUT_DNP,NFL,2022,6,2022_NFL_W06_JAX_IND,NFL_IND,NFL_P_00-0034846,LB,,OUT,DNP,Concussion,2022-10-15,nflverse,,2026-09-07T05:46:50.365367+00:00,2022-10-15T00:00:00
NFL_IND_00-0036479_2022W06_OUT_DNP,NFL,2022,6,2022_NFL_W06_JAX_IND,NFL_IND,NFL_P_00-0036479,EDGE,,OUT,DNP,Ankle,2022-10-15,nflverse,,2026-09-07T05:46:50.365367+00:00,2022-10-15T00:00:00
NFL_IND_00-0034540_2022W06_QUESTIONABLE_FP,NFL,2022,6,2022_NFL_W06_JAX_IND,NFL_IND,NFL_P_00-0034540,CB,,QUESTIONABLE,FP,Concussion,2022-10-15,nflverse,,2026-09-07T05:46:50.365367+00:00,2022-10-15T00:00:00
NFL_IND_00-0034367_2022W06_QUESTIONABLE_FP,NFL,2022,6,2022_NFL_W06_JAX_IND,NFL_IND,NFL_P_00-0034367,RB,,QUESTIONABLE,FP,Concussion,2022-10-15,nflverse,,2026-09-07T05:46:50.365367+00:00,2022-10-15T00:00:00
NFL_IND_00-0036253_2022W06_QUESTIONABLE_LP,NFL,2022,6,2022_NFL_W06_JAX_IND,NFL_IND,NFL_P_00-0036253,S,,QUESTIONABLE,LP,Ankle,2022-10-15,nflverse,,2026-09-07T05:46:50.365367+00:00,2022-10-15T00:00:00
NFL_IND_00-0036223_2022W06_QUESTIONABLE_LP,NFL,2022,6,2022_NFL_W06_JAX_IND,NFL_IND,NFL_P_00-0036223,RB,,QUESTIONABLE,LP,Ankle,2022-10-15,nflverse,,2026-09-07T05:46:50.365367+00:00,2022-10-15T00:00:00
NFL_JAX_00-0034275_2022W06_QUESTIONABLE_LP,NFL,2022,6,2022_NFL_W06_JAX_IND,NFL_JAX,NFL_P_00-0034275,DL,,QUESTIONABLE,LP,Quadricep,2022-10-15,nflverse,,2026-09-07T05:46:50.365367+00:00,2022-10-15T00:00:00
NFL_JAX_00-0036262_2022W06_QUESTIONABLE_LP,NFL,2022,6,2022_NFL_W06_JAX_IND,NFL_JAX,NFL_P_00-0036262,DL,,QUESTIONABLE,LP,Foot,2022-10-15,nflverse,,2026-09-07T05:46:50.365367+00:00,2022-10-15T00:00:00
NFL_JAX_00-0029293_2022W06_QUESTIONABLE_LP,NFL,2022,6,2022_NFL_W06_JAX_IND,NFL_JAX,NFL_P_00-0029293,WR,,QUESTIONABLE,LP,Hamstring,2022-10-15,nflverse,,2026-09-07T05:46:50.365367+00:00,2022-10-15T00:00:00
NFL_JAX_00-0033891_2022W06_QUESTIONABLE_LP,NFL,2022,6,2022_NFL_W06_JAX_IND,NFL_JAX,NFL_P_00-0033891,WR,,QUESTIONABLE,LP,Ankle,2022-10-15,nflverse,,2026-09-07T05:46:50.365367+00:00,2022-10-15T00:00:00
NFL_JAX_00-0034413_2022W06_QUESTIONABLE_LP,NFL,2022,6,2022_NFL_W06_JAX_IND,NFL_JAX,NFL_P_00-0034413,LB,,QUESTIONABLE,LP,Calf,2022-10-15,nflverse,,2026-09-07T05:46:50.365367+00:00,2022-10-15T00:00:00
NFL_KC_00-0037193_2022W06_OUT_DNP,NFL,2022,6,2022_NFL_W06_BUF_KC,NFL_KC,NFL_P_00-0037193,S,,OUT,DNP,Concussion,2022-10-15,nflverse,,2026-09-07T05:46:50.365367+00:00,2022-10-15T00:00:00
NFL_KC_00-0035147_2022W06_OUT_DNP,NFL,2022,6,2022_NFL_W06_BUF_KC,NFL_KC,NFL_P_00-0035147,CB,,OUT,DNP,Hamstring,2022-10-15,nflverse,,2026-09-07T05:46:50.365367+00:00,2022-10-15T00:00:00
NFL_KC_00-0035890_2022W06_OUT_DNP,NFL,2022,6,2022_NFL_W06_BUF_KC,NFL_KC,NFL_P_00-0035890,DL,,OUT,DNP,Knee,2022-10-15,nflverse,,2026-09-07T05:46:50.365367+00:00,2022-10-15T00:00:00
NFL_LAR_00-0036414_2022W06_OUT_DNP,NFL,2022,6,2022_NFL_W06_CAR_LAR,NFL_LAR,NFL_P_00-0036414,RB,,OUT,DNP,Not injury related - personal matter,2022-10-15,nflverse,,2026-09-07T05:46:50.365367+00:00,2022-10-15T00:00:00
NFL_LAR_00-0034804_2022W06_OUT_DNP,NFL,2022,6,2022_NFL_W06_CAR_LAR,NFL_LAR,NFL_P_00-0034804,OL,,OUT,DNP,Knee,2022-10-15,nflverse,,2026-09-07T05:46:50.365367+00:00,2022-10-15T00:00:00
NFL_LAR_00-0031388_2022W06_QUESTIONABLE_LP,NFL,2022,6,2022_NFL_W06_CAR_LAR,NFL_LAR,NFL_P_00-0031388,DL,,QUESTIONABLE,LP,Foot,2022-10-15,nflverse,,2026-09-07T05:46:50.365367+00:00,2022-10-15T00:00:00
NFL_LAR_00-0037839_2022W06_QUESTIONABLE_LP,NFL,2022,6,2022_NFL_W06_CAR_LAR,NFL_LAR,NFL_P_00-0037839,CB,,QUESTIONABLE,LP,Hamstring,2022-10-15,nflverse,,2026-09-07T05:46:50.365367+00:00,2022-10-15T00:00:00
NFL_LAR_00-0033110_2022W06_QUESTIONABLE_LP,NFL,2022,6,2022_NFL_W06_CAR_LAR,NFL_LAR,NFL_P_00-0033110,TE,,QUESTIONABLE,LP,Ankle,2022-10-15,nflverse,,2026-09-07T05:46:50.365367+00:00,2022-10-15T00:00:00
NFL_LAR_00-0033908_2022W06_QUESTIONABLE_LP,NFL,2022,6,2022_NFL_W06_CAR_LAR,NFL_LAR,NFL_P_00-0033908,WR,,QUESTIONABLE,LP,Foot,2022-10-15,nflverse,,2026-09-07T05:46:50.365367+00:00,2022-10-15T00:00:00
NFL_LAR_00-0034899_2022W06_QUESTIONABLE_LP,NFL,2022,6,2022_NFL_W06_CAR_LAR,NFL_LAR,NFL_P_00-0034899,QB,,QUESTIONABLE,LP,Neck,2022-10-15,nflverse,,2026-09-07T05:46:50.365367+00:00,2022-10-15T00:00:00
NFL_LAC_00-0030279_2022W06_DOUBTFUL_LP,NFL,2022,6,2022_NFL_W06_DEN_LAC,NFL_LAC,NFL_P_00-0030279,WR,,DOUBTFUL,LP,Hamstring,2022-10-17,nflverse,,2026-09-07T05:46:50.365367+00:00,2022-10-17T00:00:00
NFL_LAC_00-0031019_2022W06_QUESTIONABLE_DNP,NFL,2022,6,2022_NFL_W06_DEN_LAC,NFL_LAC,NFL_P_00-0031019,OL,,QUESTIONABLE,DNP,Illness,2022-10-17,nflverse,,2026-09-07T05:46:50.365367+00:00,2022-10-17T00:00:00
NFL_LAC_00-0035688_2022W06_QUESTIONABLE_LP,NFL,2022,6,2022_NFL_W06_DEN_LAC,NFL_LAC,NFL_P_00-0035688,OL,,QUESTIONABLE,LP,Knee,2022-10-17,nflverse,,2026-09-07T05:46:50.365367+00:00,2022-10-17T00:00:00
NFL_MIA_00-0029249_2022W06_NA_DNP,NFL,2022,6,2022_NFL_W06_MIN_MIA,NFL_MIA,NFL_P_00-0029249,LB,,UNKNOWN,DNP,Not injury related - resting player,2022-10-15,nflverse,,2026-09-07T05:46:50.365367+00:00,2022-10-15T00:00:00
NFL_MIA_00-0033073_2022W06_NA_LP,NFL,2022,6,2022_NFL_W06_MIN_MIA,NFL_MIA,NFL_P_00-0033073,EDGE,,UNKNOWN,LP,Not injury related - resting player,2022-10-15,nflverse,,2026-09-07T05:46:50.365367+00:00,2022-10-15T00:00:00
NFL_MIA_00-0036212_2022W06_OUT_FP,NFL,2022,6,2022_NFL_W06_MIN_MIA,NFL_MIA,NFL_P_00-0036212,QB,,OUT,FP,Concussion,2022-10-15,nflverse,,2026-09-07T05:46:50.365367+00:00,2022-10-15T00:00:00
NFL_MIA_00-0037353_2022W06_DOUBTFUL_LP,NFL,2022,6,2022_NFL_W06_MIN_MIA,NFL_MIA,NFL_P_00-0037353,CB,,DOUBTFUL,LP,Abdomen,2022-10-15,nflverse,,2026-09-07T05:46:50.365367+00:00,2022-10-15T00:00:00
NFL_MIA_00-0030067_2022W06_QUESTIONABLE_DNP,NFL,2022,6,2022_NFL_W06_MIN_MIA,NFL_MIA,NFL_P_00-0030067,OL,,QUESTIONABLE,DNP,Toe,2022-10-15,nflverse,,2026-09-07T05:46:50.365367+00:00,2022-10-15T00:00:00
NFL_MIA_00-0031237_2022W06_QUESTIONABLE_FP,NFL,2022,6,2022_NFL_W06_MIN_MIA,NFL_MIA,NFL_P_00-0031237,QB,,QUESTIONABLE,FP,Concussion,2022-10-15,nflverse,,2026-09-07T05:46:50.365367+00:00,2022-10-15T00:00:00
NFL_MIA_00-0034248_2022W06_QUESTIONABLE_LP,NFL,2022,6,2022_NFL_W06_MIN_MIA,NFL_MIA,NFL_P_00-0034248,CB,,QUESTIONABLE,LP,Foot,2022-10-15,nflverse,,2026-09-07T05:46:50.365367+00:00,2022-10-15T00:00:00
NFL_MIA_00-0031687_2022W06_QUESTIONABLE_LP,NFL,2022,6,2022_NFL_W06_MIN_MIA,NFL_MIA,NFL_P_00-0031687,RB,,QUESTIONABLE,LP,Knee,2022-10-15,nflverse,,2026-09-07T05:46:50.365367+00:00,2022-10-15T00:00:00
NFL_MIA_00-0034798_2022W06_QUESTIONABLE_LP,NFL,2022,6,2022_NFL_W06_MIN_MIA,NFL_MIA,NFL_P_00-0034798,TE,,QUESTIONABLE,LP,Hamstring,2022-10-15,nflverse,,2026-09-07T05:46:50.365367+00:00,2022-10-15T00:00:00
NFL_MIN_00-0036335_2022W06_QUESTIONABLE_DNP,NFL,2022,6,2022_NFL_W06_MIN_MIA,NFL_MIN,NFL_P_00-0036335,EDGE,,QUESTIONABLE,DNP,Illness,2022-10-15,nflverse,,2026-09-07T05:46:50.365367+00:00,2022-10-15T00:00:00
NFL_MIN_00-0034972_2022W06_QUESTIONABLE_LP,NFL,2022,6,2022_NFL_W06_MIN_MIA,NFL_MIN,NFL_P_00-0034972,RB,,QUESTIONABLE,LP,Shoulder,2022-10-15,nflverse,,2026-09-07T05:46:50.365367+00:00,2022-10-15T00:00:00
NFL_NE_00-0036159_2022W06_OUT_DNP,NFL,2022,6,2022_NFL_W06_NE_CLE,NFL_NE,NFL_P_00-0036159,LB,,OUT,DNP,Hamstring,2022-10-15,nflverse,,2026-09-07T05:46:50.365367+00:00,2022-10-15T00:00:00
NFL_NE_00-0031549_2022W06_QUESTIONABLE_LP,NFL,2022,6,2022_NFL_W06_NE_CLE,NFL_NE,NFL_P_00-0031549,WR,,QUESTIONABLE,LP,Hamstring,2022-10-15,nflverse,,2026-09-07T05:46:50.365367+00:00,2022-10-15T00:00:00
NFL_NE_00-0036981_2022W06_QUESTIONABLE_LP,NFL,2022,6,2022_NFL_W06_NE_CLE,NFL_NE,NFL_P_00-0036981,DL,,QUESTIONABLE,LP,Knee,2022-10-15,nflverse,,2026-09-07T05:46:50.365367+00:00,2022-10-15T00:00:00
NFL_NE_00-0028171_2022W06_QUESTIONABLE_LP,NFL,2022,6,2022_NFL_W06_NE_CLE,NFL_NE,NFL_P_00-0028171,DL,,QUESTIONABLE,LP,Shoulder,2022-10-15,nflverse,,2026-09-07T05:46:50.365367+00:00,2022-10-15T00:00:00
NFL_NE_00-0035657_2022W06_QUESTIONABLE_LP,NFL,2022,6,2022_NFL_W06_NE_CLE,NFL_NE,NFL_P_00-0035657,RB,,QUESTIONABLE,LP,Hamstring,2022-10-15,nflverse,,2026-09-07T05:46:50.365367+00:00,2022-10-15T00:00:00
NFL_NE_00-0032580_2022W06_QUESTIONABLE_LP,NFL,2022,6,2022_NFL_W06_NE_CLE,NFL_NE,NFL_P_00-0032580,CB,,QUESTIONABLE,LP,Ankle,2022-10-15,nflverse,,2026-09-07T05:46:50.365367+00:00,2022-10-15T00:00:00
NFL_NE_00-0036972_2022W06_QUESTIONABLE_LP,NFL,2022,6,2022_NFL_W06_NE_CLE,NFL_NE,NFL_P_00-0036972,QB,,QUESTIONABLE,LP,Ankle,2022-10-15,nflverse,,2026-09-07T05:46:50.365367+00:00,2022-10-15T00:00:00
NFL_NE_00-0033461_2022W06_QUESTIONABLE_LP,NFL,2022,6,2022_NFL_W06_NE_CLE,NFL_NE,NFL_P_00-0033461,LB,,QUESTIONABLE,LP,Thumb,2022-10-15,nflverse,,2026-09-07T05:46:50.365367+00:00,2022-10-15T00:00:00
NFL_NE_00-0034960_2022W06_QUESTIONABLE_LP,NFL,2022,6,2022_NFL_W06_NE_CLE,NFL_NE,NFL_P_00-0034960,WR,,QUESTIONABLE,LP,Knee,2022-10-15,nflverse,,2026-09-07T05:46:50.365367+00:00,2022-10-15T00:00:00
NFL_NE_00-0033858_2022W06_QUESTIONABLE_LP,NFL,2022,6,2022_NFL_W06_NE_CLE,NFL_NE,NFL_P_00-0033858,TE,,QUESTIONABLE,LP,Ankle,2022-10-15,nflverse,,2026-09-07T05:46:50.365367+00:00,2022-10-15T00:00:00
NFL_NO_00-0035215_2022W06_OUT_DNP,NFL,2022,6,2022_NFL_W06_CIN_NO,NFL_NO,NFL_P_00-0035215,WR,,OUT,DNP,Foot,2022-10-15,nflverse,,2026-09-07T05:46:50.365367+00:00,2022-10-15T00:00:00
NFL_NO_00-0031382_2022W06_OUT_DNP,NFL,2022,6,2022_NFL_W06_CIN_NO,NFL_NO,NFL_P_00-0031382,WR,,OUT,DNP,Ankle,2022-10-15,nflverse,,2026-09-07T05:46:50.365367+00:00,2022-10-15T00:00:00
NFL_NO_00-0033874_2022W06_OUT_DNP,NFL,2022,6,2022_NFL_W06_CIN_NO,NFL_NO,NFL_P_00-0033874,CB,,OUT,DNP,Abdomen,2022-10-15,nflverse,,2026-09-07T05:46:50.365367+00:00,2022-10-15T00:00:00
NFL_NO_00-0032765_2022W06_OUT_DNP,NFL,2022,6,2022_NFL_W06_CIN_NO,NFL_NO,NFL_P_00-0032765,WR,,OUT,DNP,Foot,2022-10-15,nflverse,,2026-09-07T05:46:50.365367+00:00,2022-10-15T00:00:00
NFL_NO_00-0036926_2022W06_OUT_DNP,NFL,2022,6,2022_NFL_W06_CIN_NO,NFL_NO,NFL_P_00-0036926,EDGE,,OUT,DNP,Chest,2022-10-15,nflverse,,2026-09-07T05:46:50.365367+00:00,2022-10-15T00:00:00
NFL_NO_00-0037239_2022W06_QUESTIONABLE_FP,NFL,2022,6,2022_NFL_W06_CIN_NO,NFL_NO,NFL_P_00-0037239,WR,,QUESTIONABLE,FP,Concussion,2022-10-15,nflverse,,2026-09-07T05:46:50.365367+00:00,2022-10-15T00:00:00
NFL_NO_00-0036937_2022W06_QUESTIONABLE_LP,NFL,2022,6,2022_NFL_W06_CIN_NO,NFL_NO,NFL_P_00-0036937,CB,,QUESTIONABLE,LP,Knee,2022-10-15,nflverse,,2026-09-07T05:46:50.365367+00:00,2022-10-15T00:00:00
NFL_NO_00-0033892_2022W06_QUESTIONABLE_LP,NFL,2022,6,2022_NFL_W06_CIN_NO,NFL_NO,NFL_P_00-0033892,S,,QUESTIONABLE,LP,Rib,2022-10-15,nflverse,,2026-09-07T05:46:50.365367+00:00,2022-10-15T00:00:00
NFL_NO_00-0035763_2022W06_QUESTIONABLE_LP,NFL,2022,6,2022_NFL_W06_CIN_NO,NFL_NO,NFL_P_00-0035763,DL,,QUESTIONABLE,LP,Ankle,2022-10-15,nflverse,,2026-09-07T05:46:50.365367+00:00,2022-10-15T00:00:00
NFL_NO_00-0035764_2022W06_QUESTIONABLE_LP,NFL,2022,6,2022_NFL_W06_CIN_NO,NFL_NO,NFL_P_00-0035764,OL,,QUESTIONABLE,LP,Hip,2022-10-15,nflverse,,2026-09-07T05:46:50.365367+00:00,2022-10-15T00:00:00
NFL_NO_00-0031503_2022W06_QUESTIONABLE_LP,NFL,2022,6,2022_NFL_W06_CIN_NO,NFL_NO,NFL_P_00-0031503,QB,,QUESTIONABLE,LP,Back,2022-10-15,nflverse,,2026-09-07T05:46:50.365367+00:00,2022-10-15T00:00:00
NFL_NYG_00-0034844_2022W06_NA_LP,NFL,2022,6,2022_NFL_W06_BAL_NYG,NFL_NYG,NFL_P_00-0034844,RB,,UNKNOWN,LP,Shoulder,2022-10-15,nflverse,,2026-09-07T05:46:50.365367+00:00,2022-10-15T00:00:00
NFL_NYG_00-0036394_2022W06_NA_LP,NFL,2022,6,2022_NFL_W06_BAL_NYG,NFL_NYG,NFL_P_00-0036394,CB,,UNKNOWN,LP,Quadricep,2022-10-15,nflverse,,2026-09-07T05:46:50.365367+00:00,2022-10-15T00:00:00
NFL_NYG_00-0033878_2022W06_NA_LP,NFL,2022,6,2022_NFL_W06_BAL_NYG,NFL_NYG,NFL_P_00-0033878,CB,,UNKNOWN,LP,Knee,2022-10-15,nflverse,,2026-09-07T05:46:50.365367+00:00,2022-10-15T00:00:00
NFL_NYG_00-0035345_2022W06_NA_LP,NFL,2022,6,2022_NFL_W06_BAL_NYG,NFL_NYG,NFL_P_00-0035345,TE,,UNKNOWN,LP,Ankle,2022-10-15,nflverse,,2026-09-07T05:46:50.365367+00:00,2022-10-15T00:00:00
NFL_NYG_00-0037758_2022W06_OUT_DNP,NFL,2022,6,2022_NFL_W06_BAL_NYG,NFL_NYG,NFL_P_00-0037758,CB,,OUT,DNP,Calf,2022-10-15,nflverse,,2026-09-07T05:46:50.365367+00:00,2022-10-15T00:00:00
NFL_NYG_00-0033932_2022W06_OUT_DNP,NFL,2022,6,2022_NFL_W06_BAL_NYG,NFL_NYG,NFL_P_00-0033932,WR,,OUT,DNP,Knee,2022-10-15,nflverse,,2026-09-07T05:46:50.365367+00:00,2022-10-15T00:00:00
NFL_NYG_00-0030294_2022W06_OUT_DNP,NFL,2022,6,2022_NFL_W06_BAL_NYG,NFL_NYG,NFL_P_00-0030294,S,,OUT,DNP,Foot,2022-10-15,nflverse,,2026-09-07T05:46:50.365367+00:00,2022-10-15T00:00:00
NFL_NYG_00-0036502_2022W06_OUT_DNP,NFL,2022,6,2022_NFL_W06_BAL_NYG,NFL_NYG,NFL_P_00-0036502,S,,OUT,DNP,Ankle,2022-10-15,nflverse,,2026-09-07T05:46:50.365367+00:00,2022-10-15T00:00:00
NFL_NYG_00-0036913_2022W06_OUT_DNP,NFL,2022,6,2022_NFL_W06_BAL_NYG,NFL_NYG,NFL_P_00-0036913,WR,,OUT,DNP,Hamstring,2022-10-15,nflverse,,2026-09-07T05:46:50.365367+00:00,2022-10-15T00:00:00
NFL_NYG_00-0036552_2022W06_DOUBTFUL_LP,NFL,2022,6,2022_NFL_W06_BAL_NYG,NFL_NYG,NFL_P_00-0036552,LB,,DOUBTFUL,LP,Calf,2022-10-15,nflverse,,2026-09-07T05:46:50.365367+00:00,2022-10-15T00:00:00
NFL_NYG_00-0034613_2022W06_QUESTIONABLE_DNP,NFL,2022,6,2022_NFL_W06_BAL_NYG,NFL_NYG,NFL_P_00-0034613,TE,,QUESTIONABLE,DNP,Illness,2022-10-15,nflverse,,2026-09-07T05:46:50.365367+00:00,2022-10-15T00:00:00
NFL_NYG_00-0038117_2022W06_QUESTIONABLE_LP,NFL,2022,6,2022_NFL_W06_BAL_NYG,NFL_NYG,NFL_P_00-0038117,WR,,QUESTIONABLE,LP,Knee,2022-10-15,nflverse,,2026-09-07T05:46:50.365367+00:00,2022-10-15T00:00:00
NFL_NYG_00-0031933_2022W06_QUESTIONABLE_LP,NFL,2022,6,2022_NFL_W06_BAL_NYG,NFL_NYG,NFL_P_00-0031933,DL,,QUESTIONABLE,LP,Knee,2022-10-15,nflverse,,2026-09-07T05:46:50.365367+00:00,2022-10-15T00:00:00
NFL_NYJ_00-0037663_2022W06_OUT_DNP,NFL,2022,6,2022_NFL_W06_NYJ_GB,NFL_NYJ,NFL_P_00-0037663,EDGE,,OUT,DNP,Ankle,2022-10-15,nflverse,,2026-09-07T05:46:50.365367+00:00,2022-10-15T00:00:00
NFL_NYJ_00-0026166_2022W06_QUESTIONABLE_FP,NFL,2022,6,2022_NFL_W06_NYJ_GB,NFL_NYJ,NFL_P_00-0026166,OL,,QUESTIONABLE,FP,Shoulder,2022-10-15,nflverse,,2026-09-07T05:46:50.365367+00:00,2022-10-15T00:00:00
NFL_PHI_00-0032890_2022W06_NA_LP,NFL,2022,6,2022_NFL_W06_DAL_PHI,NFL_PHI,NFL_P_00-0032890,CB,,UNKNOWN,LP,Not injury related - resting player,2022-10-16,nflverse,,2026-09-07T05:46:50.365367+00:00,2022-10-16T00:00:00
NFL_PHI_00-0035676_2022W06_NA_LP,NFL,2022,6,2022_NFL_W06_DAL_PHI,NFL_PHI,NFL_P_00-0035676,WR,,UNKNOWN,LP,Not injury related - resting player,2022-10-16,nflverse,,2026-09-07T05:46:50.365367+00:00,2022-10-16T00:00:00
NFL_PHI_00-0029653_2022W06_NA_LP,NFL,2022,6,2022_NFL_W06_DAL_PHI,NFL_PHI,NFL_P_00-0029653,DL,,UNKNOWN,LP,Not injury related - resting player,2022-10-16,nflverse,,2026-09-07T05:46:50.365367+00:00,2022-10-16T00:00:00
NFL_PHI_00-0027865_2022W06_NA_LP,NFL,2022,6,2022_NFL_W06_DAL_PHI,NFL_PHI,NFL_P_00-0027865,EDGE,,UNKNOWN,LP,Not injury related - resting player,2022-10-16,nflverse,,2026-09-07T05:46:50.365367+00:00,2022-10-16T00:00:00
NFL_PHI_00-0030561_2022W06_NA_LP,NFL,2022,6,2022_NFL_W06_DAL_PHI,NFL_PHI,NFL_P_00-0030561,OL,,UNKNOWN,LP,Not injury related - resting player,2022-10-16,nflverse,,2026-09-07T05:46:50.365367+00:00,2022-10-16T00:00:00
NFL_PHI_00-0030062_2022W06_NA_LP,NFL,2022,6,2022_NFL_W06_DAL_PHI,NFL_PHI,NFL_P_00-0030062,CB,,UNKNOWN,LP,Not injury related - resting player,2022-10-16,nflverse,,2026-09-07T05:46:50.365367+00:00,2022-10-16T00:00:00
NFL_PHI_00-0034381_2022W06_NA_LP,NFL,2022,6,2022_NFL_W06_DAL_PHI,NFL_PHI,NFL_P_00-0034381,EDGE,,UNKNOWN,LP,Not injury related - resting player,2022-10-16,nflverse,,2026-09-07T05:46:50.365367+00:00,2022-10-16T00:00:00
NFL_PHI_00-0037137_2022W06_QUESTIONABLE_LP,NFL,2022,6,2022_NFL_W06_DAL_PHI,NFL_PHI,NFL_P_00-0037137,CB,,QUESTIONABLE,LP,Shoulder,2022-10-16,nflverse,,2026-09-07T05:46:50.365367+00:00,2022-10-16T00:00:00
NFL_PHI_00-0036878_2022W06_QUESTIONABLE_LP,NFL,2022,6,2022_NFL_W06_DAL_PHI,NFL_PHI,NFL_P_00-0036878,EDGE,,QUESTIONABLE,LP,Ankle,2022-10-16,nflverse,,2026-09-07T05:46:50.365367+00:00,2022-10-16T00:00:00
NFL_PIT_00-0034789_2022W06_OUT_DNP,NFL,2022,6,2022_NFL_W06_TB_PIT,NFL_PIT,NFL_P_00-0034789,S,,OUT,DNP,Knee,2022-10-15,nflverse,,2026-09-07T05:46:50.365367+00:00,2022-10-15T00:00:00
NFL_PIT_00-0037759_2022W06_OUT_DNP,NFL,2022,6,2022_NFL_W06_TB_PIT,NFL_PIT,NFL_P_00-0037759,EDGE,,OUT,DNP,Knee,2022-10-15,nflverse,,2026-09-07T05:46:50.365367+00:00,2022-10-15T00:00:00
NFL_PIT_00-0033930_2022W06_OUT_DNP,NFL,2022,6,2022_NFL_W06_TB_PIT,NFL_PIT,NFL_P_00-0033930,CB,,OUT,DNP,Hamstring,2022-10-15,nflverse,,2026-09-07T05:46:50.365367+00:00,2022-10-15T00:00:00
NFL_PIT_00-0033783_2022W06_OUT_DNP,NFL,2022,6,2022_NFL_W06_TB_PIT,NFL_PIT,NFL_P_00-0033783,CB,,OUT,DNP,Hamstring,2022-10-15,nflverse,,2026-09-07T05:46:50.365367+00:00,2022-10-15T00:00:00
NFL_PIT_00-0036894_2022W06_OUT_LP,NFL,2022,6,2022_NFL_W06_TB_PIT,NFL_PIT,NFL_P_00-0036894,TE,,OUT,LP,Concussion,2022-10-15,nflverse,,2026-09-07T05:46:50.365367+00:00,2022-10-15T00:00:00
NFL_PIT_00-0034514_2022W06_OUT_LP,NFL,2022,6,2022_NFL_W06_TB_PIT,NFL_PIT,NFL_P_00-0034514,CB,,OUT,LP,Concussion,2022-10-15,nflverse,,2026-09-07T05:46:50.365367+00:00,2022-10-15T00:00:00
NFL_SEA_00-0034527_2022W06_NA_DNP,NFL,2022,6,2022_NFL_W06_ARI_SEA,NFL_SEA,NFL_P_00-0034527,S,,UNKNOWN,DNP,Ankle,2022-10-15,nflverse,,2026-09-07T05:46:50.365367+00:00,2022-10-15T00:00:00
NFL_SEA_00-0034750_2022W06_NA_DNP,NFL,2022,6,2022_NFL_W06_ARI_SEA,NFL_SEA,NFL_P_00-0034750,RB,,UNKNOWN,DNP,Ankle,2022-10-15,nflverse,,2026-09-07T05:46:50.365367+00:00,2022-10-15T00:00:00
NFL_SEA_00-0035022_2022W06_OUT_DNP,NFL,2022,6,2022_NFL_W06_ARI_SEA,NFL_SEA,NFL_P_00-0035022,WR,,OUT,DNP,Hamstring,2022-10-15,nflverse,,2026-09-07T05:46:50.365367+00:00,2022-10-15T00:00:00
NFL_SEA_00-0031367_2022W06_DOUBTFUL_DNP,NFL,2022,6,2022_NFL_W06_ARI_SEA,NFL_SEA,NFL_P_00-0031367,OL,,DOUBTFUL,DNP,Knee,2022-10-15,nflverse,,2026-09-07T05:46:50.365367+00:00,2022-10-15T00:00:00
NFL_SEA_00-0027723_2022W06_DOUBTFUL_DNP,NFL,2022,6,2022_NFL_W06_ARI_SEA,NFL_SEA,NFL_P_00-0027723,DL,,DOUBTFUL,DNP,Knee,2022-10-15,nflverse,,2026-09-07T05:46:50.365367+00:00,2022-10-15T00:00:00
NFL_SEA_00-0033103_2022W06_QUESTIONABLE_DNP,NFL,2022,6,2022_NFL_W06_ARI_SEA,NFL_SEA,NFL_P_00-0033103,CB,,QUESTIONABLE,DNP,Groin,2022-10-15,nflverse,,2026-09-07T05:46:50.365367+00:00,2022-10-15T00:00:00
NFL_SEA_00-0036620_2022W06_QUESTIONABLE_FP,NFL,2022,6,2022_NFL_W06_ARI_SEA,NFL_SEA,NFL_P_00-0036620,WR,,QUESTIONABLE,FP,Illness,2022-10-15,nflverse,,2026-09-07T05:46:50.365367+00:00,2022-10-15T00:00:00
NFL_SEA_00-0030068_2022W06_QUESTIONABLE_FP,NFL,2022,6,2022_NFL_W06_ARI_SEA,NFL_SEA,NFL_P_00-0030068,WR,,QUESTIONABLE,FP,Knee,2022-10-15,nflverse,,2026-09-07T05:46:50.365367+00:00,2022-10-15T00:00:00
NFL_SEA_00-0031270_2022W06_QUESTIONABLE_FP,NFL,2022,6,2022_NFL_W06_ARI_SEA,NFL_SEA,NFL_P_00-0031270,EDGE,,QUESTIONABLE,FP,Hip,2022-10-15,nflverse,,2026-09-07T05:46:50.365367+00:00,2022-10-15T00:00:00
NFL_SEA_00-0037141_2022W06_QUESTIONABLE_LP,NFL,2022,6,2022_NFL_W06_ARI_SEA,NFL_SEA,NFL_P_00-0037141,S,,QUESTIONABLE,LP,Calf,2022-10-15,nflverse,,2026-09-07T05:46:50.365367+00:00,2022-10-15T00:00:00
NFL_SF_00-0032164_2022W06_OUT_DNP,NFL,2022,6,2022_NFL_W06_SF_ATL,NFL_SF,NFL_P_00-0032164,DL,,OUT,DNP,Foot,2022-10-15,nflverse,,2026-09-07T05:46:50.365367+00:00,2022-10-15T00:00:00
NFL_SF_00-0036260_2022W06_OUT_DNP,NFL,2022,6,2022_NFL_W06_SF_ATL,NFL_SF,NFL_P_00-0036260,DL,,OUT,DNP,Knee,2022-10-15,nflverse,,2026-09-07T05:46:50.365367+00:00,2022-10-15T00:00:00
NFL_SF_00-0034096_2022W06_OUT_DNP,NFL,2022,6,2022_NFL_W06_SF_ATL,NFL_SF,NFL_P_00-0034096,CB,,OUT,DNP,Knee,2022-10-15,nflverse,,2026-09-07T05:46:50.365367+00:00,2022-10-15T00:00:00
NFL_SF_00-0031298_2022W06_OUT_DNP,NFL,2022,6,2022_NFL_W06_SF_ATL,NFL_SF,NFL_P_00-0031298,S,,OUT,DNP,Hand,2022-10-15,nflverse,,2026-09-07T05:46:50.365367+00:00,2022-10-15T00:00:00
NFL_SF_00-0027857_2022W06_OUT_DNP,NFL,2022,6,2022_NFL_W06_SF_ATL,NFL_SF,NFL_P_00-0027857,OL,,OUT,DNP,Ankle,2022-10-15,nflverse,,2026-09-07T05:46:50.365367+00:00,2022-10-15T00:00:00
NFL_SF_00-0036551_2022W06_QUESTIONABLE_LP,NFL,2022,6,2022_NFL_W06_SF_ATL,NFL_SF,NFL_P_00-0036551,OL,,QUESTIONABLE,LP,Knee,2022-10-15,nflverse,,2026-09-07T05:46:50.365367+00:00,2022-10-15T00:00:00
NFL_SF_00-0035717_2022W06_QUESTIONABLE_LP,NFL,2022,6,2022_NFL_W06_SF_ATL,NFL_SF,NFL_P_00-0035717,EDGE,,QUESTIONABLE,LP,Groin,2022-10-15,nflverse,,2026-09-07T05:46:50.365367+00:00,2022-10-15T00:00:00
NFL_SF_00-0032214_2022W06_QUESTIONABLE_LP,NFL,2022,6,2022_NFL_W06_SF_ATL,NFL_SF,NFL_P_00-0032214,TE,,QUESTIONABLE,LP,Knee,2022-10-15,nflverse,,2026-09-07T05:46:50.365367+00:00,2022-10-15T00:00:00
NFL_TB_00-0029562_2022W06_NA_DNP,NFL,2022,6,2022_NFL_W06_TB_PIT,NFL_TB,NFL_P_00-0029562,LB,,UNKNOWN,DNP,Not injury related - resting player,2022-10-15,nflverse,,2026-09-07T05:46:50.365367+00:00,2022-10-15T00:00:00
NFL_TB_00-0031408_2022W06_NA_DNP,NFL,2022,6,2022_NFL_W06_TB_PIT,NFL_TB,NFL_P_00-0031408,WR,,UNKNOWN,DNP,Not injury related - resting player,2022-10-15,nflverse,,2026-09-07T05:46:50.365367+00:00,2022-10-15T00:00:00
NFL_TB_00-0029657_2022W06_OUT_DNP,NFL,2022,6,2022_NFL_W06_TB_PIT,NFL_TB,NFL_P_00-0029657,DL,,OUT,DNP,Foot,2022-10-15,nflverse,,2026-09-07T05:46:50.365367+00:00,2022-10-15T00:00:00
NFL_TB_00-0035239_2022W06_OUT_DNP,NFL,2022,6,2022_NFL_W06_TB_PIT,NFL_TB,NFL_P_00-0035239,CB,,OUT,DNP,Quadricep,2022-10-15,nflverse,,2026-09-07T05:46:50.365367+00:00,2022-10-15T00:00:00
NFL_TB_00-0030411_2022W06_OUT_DNP,NFL,2022,6,2022_NFL_W06_TB_PIT,NFL_TB,NFL_P_00-0030411,S,,OUT,DNP,Foot,2022-10-15,nflverse,,2026-09-07T05:46:50.365367+00:00,2022-10-15T00:00:00
NFL_TB_00-0027944_2022W06_DOUBTFUL_DNP,NFL,2022,6,2022_NFL_W06_TB_PIT,NFL_TB,NFL_P_00-0027944,WR,,DOUBTFUL,DNP,Knee,2022-10-15,nflverse,,2026-09-07T05:46:50.365367+00:00,2022-10-15T00:00:00
NFL_TB_00-0031101_2022W06_QUESTIONABLE_NA,NFL,2022,6,2022_NFL_W06_TB_PIT,NFL_TB,NFL_P_00-0031101,LB,,QUESTIONABLE,,Illness,2022-10-15,nflverse,,2026-09-07T05:46:50.365367+00:00,2022-10-15T00:00:00
NFL_TB_00-0035681_2022W06_QUESTIONABLE_LP,NFL,2022,6,2022_NFL_W06_TB_PIT,NFL_TB,NFL_P_00-0035681,S,,QUESTIONABLE,LP,Elbow,2022-10-15,nflverse,,2026-09-07T05:46:50.365367+00:00,2022-10-15T00:00:00
NFL_WAS_00-0037095_2022W06_NA_LP,NFL,2022,6,2022_NFL_W06_WAS_CHI,NFL_WAS,NFL_P_00-0037095,CB,,UNKNOWN,LP,Hamstring,2022-10-13,nflverse,,2026-09-07T05:46:50.365367+00:00,2022-10-13T00:00:00
NFL_WAS_00-0038100_2022W06_OUT_DNP,NFL,2022,6,2022_NFL_W06_WAS_CHI,NFL_WAS,NFL_P_00-0038100,S,,OUT,DNP,Quadricep,2022-10-13,nflverse,,2026-09-07T05:46:50.365367+00:00,2022-10-13T00:00:00
NFL_WAS_00-0036618_2022W06_OUT_DNP,NFL,2022,6,2022_NFL_W06_WAS_CHI,NFL_WAS,NFL_P_00-0036618,OL,,OUT,DNP,Finger,2022-10-13,nflverse,,2026-09-07T05:46:50.365367+00:00,2022-10-13T00:00:00
NFL_WAS_00-0037741_2022W06_OUT_DNP,NFL,2022,6,2022_NFL_W06_WAS_CHI,NFL_WAS,NFL_P_00-0037741,WR,,OUT,DNP,Hamstring,2022-10-13,nflverse,,2026-09-07T05:46:50.365367+00:00,2022-10-13T00:00:00
NFL_WAS_00-0033107_2022W06_OUT_DNP,NFL,2022,6,2022_NFL_W06_WAS_CHI,NFL_WAS,NFL_P_00-0033107,CB,,OUT,DNP,Back,2022-10-13,nflverse,,2026-09-07T05:46:50.365367+00:00,2022-10-13T00:00:00
NFL_WAS_00-0031260_2022W06_OUT_DNP,NFL,2022,6,2022_NFL_W06_WAS_CHI,NFL_WAS,NFL_P_00-0031260,TE,,OUT,DNP,Calf,2022-10-13,nflverse,,2026-09-07T05:46:50.365367+00:00,2022-10-13T00:00:00
NFL_WAS_00-0032975_2022W06_OUT_DNP,NFL,2022,6,2022_NFL_W06_WAS_CHI,NFL_WAS,NFL_P_00-0032975,RB,,OUT,DNP,Knee,2022-10-13,nflverse,,2026-09-07T05:46:50.365367+00:00,2022-10-13T00:00:00
NFL_WAS_00-0036626_2022W06_QUESTIONABLE_LP,NFL,2022,6,2022_NFL_W06_WAS_CHI,NFL_WAS,NFL_P_00-0036626,WR,,QUESTIONABLE,LP,Groin,2022-10-13,nflverse,,2026-09-07T05:46:50.365367+00:00,2022-10-13T00:00:00
NFL_ARI_00-0035662_2022W07_OUT_DNP,NFL,2022,7,2022_NFL_W07_NO_ARI,NFL_ARI,NFL_P_00-0035662,WR,,OUT,DNP,Foot,2022-10-20,nflverse,,2026-09-07T05:46:50.365367+00:00,2022-10-20T00:00:00
NFL_ARI_00-0034473_2022W07_OUT_DNP,NFL,2022,7,2022_NFL_W07_NO_ARI,NFL_ARI,NFL_P_00-0034473,LB,,OUT,DNP,Ankle,2022-10-20,nflverse,,2026-09-07T05:46:50.365367+00:00,2022-10-20T00:00:00
NFL_ARI_00-0027993_2022W07_OUT_DNP,NFL,2022,7,2022_NFL_W07_NO_ARI,NFL_ARI,NFL_P_00-0027993,OL,,OUT,DNP,Knee,2022-10-20,nflverse,,2026-09-07T05:46:50.365367+00:00,2022-10-20T00:00:00
NFL_ARI_00-0030585_2022W07_OUT_DNP,NFL,2022,7,2022_NFL_W07_NO_ARI,NFL_ARI,NFL_P_00-0030585,OL,,OUT,DNP,Knee,2022-10-20,nflverse,,2026-09-07T05:46:50.365367+00:00,2022-10-20T00:00:00
NFL_ARI_00-0034301_2022W07_OUT_DNP,NFL,2022,7,2022_NFL_W07_NO_ARI,NFL_ARI,NFL_P_00-0034301,RB,,OUT,DNP,Knee,2022-10-20,nflverse,,2026-09-07T05:46:50.365367+00:00,2022-10-20T00:00:00
NFL_ARI_00-0033553_2022W07_QUESTIONABLE_DNP,NFL,2022,7,2022_NFL_W07_NO_ARI,NFL_ARI,NFL_P_00-0033553,RB,,QUESTIONABLE,DNP,Ribs,2022-10-20,nflverse,,2026-09-07T05:46:50.365367+00:00,2022-10-20T00:00:00
NFL_ARI_00-0023853_2022W07_QUESTIONABLE_DNP,NFL,2022,7,2022_NFL_W07_NO_ARI,NFL_ARI,NFL_P_00-0023853,K,,QUESTIONABLE,DNP,right Hip,2022-10-20,nflverse,,2026-09-07T05:46:50.365367+00:00,2022-10-20T00:00:00
NFL_ARI_00-0035695_2022W07_QUESTIONABLE_LP,NFL,2022,7,2022_NFL_W07_NO_ARI,NFL_ARI,NFL_P_00-0035695,CB,,QUESTIONABLE,LP,Hamstring,2022-10-20,nflverse,,2026-09-07T05:46:50.365367+00:00,2022-10-20T00:00:00
NFL_ARI_00-0035705_2022W07_QUESTIONABLE_LP,NFL,2022,7,2022_NFL_W07_NO_ARI,NFL_ARI,NFL_P_00-0035705,S,,QUESTIONABLE,LP,Hamstring,2022-10-20,nflverse,,2026-09-07T05:46:50.365367+00:00,2022-10-20T00:00:00
NFL_ATL_00-0037034_2022W07_OUT_DNP,NFL,2022,7,2022_NFL_W07_ATL_CIN,NFL_ATL,NFL_P_00-0037034,CB,,OUT,DNP,Hamstring,2022-10-22,nflverse,,2026-09-07T05:46:50.365367+00:00,2022-10-22T00:00:00
NFL_ATL_00-0037580_2022W07_OUT_DNP,NFL,2022,7,2022_NFL_W07_ATL_CIN,NFL_ATL,NFL_P_00-0037580,WR,,OUT,DNP,Groin,2022-10-22,nflverse,,2026-09-07T05:46:50.365367+00:00,2022-10-22T00:00:00
NFL_BAL_00-0036331_2022W07_NA_DNP,NFL,2022,7,2022_NFL_W07_CLE_BAL,NFL_BAL,NFL_P_00-0036331,WR,,UNKNOWN,DNP,Not injury related - resting player,2022-10-22,nflverse,,2026-09-07T05:46:50.365367+00:00,2022-10-22T00:00:00
NFL_BAL_00-0027867_2022W07_NA_DNP,NFL,2022,7,2022_NFL_W07_CLE_BAL,NFL_BAL,NFL_P_00-0027867,EDGE,,UNKNOWN,DNP,Not injury related - resting player,2022-10-22,nflverse,,2026-09-07T05:46:50.365367+00:00,2022-10-22T00:00:00
NFL_BAL_00-0036158_2022W07_OUT_DNP,NFL,2022,7,2022_NFL_W07_CLE_BAL,NFL_BAL,NFL_P_00-0036158,RB,,OUT,DNP,Knee,2022-10-22,nflverse,,2026-09-07T05:46:50.365367+00:00,2022-10-22T00:00:00
NFL_BAL_00-0028008_2022W07_QUESTIONABLE_DNP,NFL,2022,7,2022_NFL_W07_CLE_BAL,NFL_BAL,NFL_P_00-0028008,LB,,QUESTIONABLE,DNP,Groin,2022-10-22,nflverse,,2026-09-07T05:46:50.365367+00:00,2022-10-22T00:00:00
NFL_BAL_00-0032965_2022W07_QUESTIONABLE_DNP,NFL,2022,7,2022_NFL_W07_CLE_BAL,NFL_BAL,NFL_P_00-0032965,OL,,QUESTIONABLE,DNP,Illness,2022-10-22,nflverse,,2026-09-07T05:46:50.365367+00:00,2022-10-22T00:00:00
NFL_BAL_00-0033376_2022W07_QUESTIONABLE_FP,NFL,2022,7,2022_NFL_W07_CLE_BAL,NFL_BAL,NFL_P_00-0033376,RB,,QUESTIONABLE,FP,Knee,2022-10-22,nflverse,,2026-09-07T05:46:50.365367+00:00,2022-10-22T00:00:00
NFL_BAL_00-0034753_2022W07_QUESTIONABLE_LP,NFL,2022,7,2022_NFL_W07_CLE_BAL,NFL_BAL,NFL_P_00-0034753,TE,,QUESTIONABLE,LP,Knee,2022-10-22,nflverse,,2026-09-07T05:46:50.365367+00:00,2022-10-22T00:00:00
NFL_BAL_00-0036550_2022W07_QUESTIONABLE_LP,NFL,2022,7,2022_NFL_W07_CLE_BAL,NFL_BAL,NFL_P_00-0036550,WR,,QUESTIONABLE,LP,Foot,2022-10-22,nflverse,,2026-09-07T05:46:50.365367+00:00,2022-10-22T00:00:00
NFL_BAL_00-0036977_2022W07_QUESTIONABLE_LP,NFL,2022,7,2022_NFL_W07_CLE_BAL,NFL_BAL,NFL_P_00-0036977,OL,,QUESTIONABLE,LP,Foot,2022-10-22,nflverse,,2026-09-07T05:46:50.365367+00:00,2022-10-22T00:00:00
NFL_BAL_00-0031330_2022W07_QUESTIONABLE_LP,NFL,2022,7,2022_NFL_W07_CLE_BAL,NFL_BAL,NFL_P_00-0031330,OL,,QUESTIONABLE,LP,Heel,2022-10-22,nflverse,,2026-09-07T05:46:50.365367+00:00,2022-10-22T00:00:00
NFL_BAL_00-0032165_2022W07_QUESTIONABLE_LP,NFL,2022,7,2022_NFL_W07_CLE_BAL,NFL_BAL,NFL_P_00-0032165,CB,,QUESTIONABLE,LP,Not injury related - resting player,2022-10-22,nflverse,,2026-09-07T05:46:50.365367+00:00,2022-10-22T00:00:00
NFL_CAR_00-0036220_2022W07_NA_DNP,NFL,2022,7,2022_NFL_W07_TB_CAR,NFL_CAR,NFL_P_00-0036220,DL,,UNKNOWN,DNP,Not injury related - personal matter,2022-10-22,nflverse,,2026-09-07T05:46:50.365367+00:00,2022-10-22T00:00:00
NFL_CAR_00-0033280_2022W07_NA_DNP,NFL,2022,7,2022_NFL_W07_TB_CAR,NFL_CAR,NFL_P_00-0033280,RB,,UNKNOWN,DNP,Not injury related - resting player,2022-10-22,nflverse,,2026-09-07T05:46:50.365367+00:00,2022-10-22T00:00:00
NFL_CAR_00-0032781_2022W07_DOUBTFUL_DNP,NFL,2022,7,2022_NFL_W07_TB_CAR,NFL_CAR,NFL_P_00-0032781,DL,,DOUBTFUL,DNP,Concussion,2022-10-22,nflverse,,2026-09-07T05:46:50.365367+00:00,2022-10-22T00:00:00
NFL_CAR_00-0034855_2022W07_DOUBTFUL_LP,NFL,2022,7,2022_NFL_W07_TB_CAR,NFL_CAR,NFL_P_00-0034855,QB,,DOUBTFUL,LP,Ankle,2022-10-22,nflverse,,2026-09-07T05:46:50.365367+00:00,2022-10-22T00:00:00
NFL_CAR_00-0033909_2022W07_QUESTIONABLE_DNP,NFL,2022,7,2022_NFL_W07_TB_CAR,NFL_CAR,NFL_P_00-0033909,OL,,QUESTIONABLE,DNP,Hip,2022-10-22,nflverse,,2026-09-07T05:46:50.365367+00:00,2022-10-22T00:00:00
NFL_CAR_00-0033284_2022W07_QUESTIONABLE_DNP,NFL,2022,7,2022_NFL_W07_TB_CAR,NFL_CAR,NFL_P_00-0033284,OL,,QUESTIONABLE,DNP,Knee,2022-10-22,nflverse,,2026-09-07T05:46:50.365367+00:00,2022-10-22T00:00:00
NFL_CAR_00-0036281_2022W07_QUESTIONABLE_FP,NFL,2022,7,2022_NFL_W07_TB_CAR,NFL_CAR,NFL_P_00-0036281,CB,,QUESTIONABLE,FP,Concussion,2022-10-22,nflverse,,2026-09-07T05:46:50.365367+00:00,2022-10-22T00:00:00
NFL_CAR_00-0036944_2022W07_QUESTIONABLE_FP,NFL,2022,7,2022_NFL_W07_TB_CAR,NFL_CAR,NFL_P_00-0036944,CB,,QUESTIONABLE,FP,Ribs,2022-10-22,nflverse,,2026-09-07T05:46:50.365367+00:00,2022-10-22T00:00:00
NFL_CAR_00-0034356_2022W07_QUESTIONABLE_FP,NFL,2022,7,2022_NFL_W07_TB_CAR,NFL_CAR,NFL_P_00-0034356,CB,,QUESTIONABLE,FP,Ankle,2022-10-22,nflverse,,2026-09-07T05:46:50.365367+00:00,2022-10-22T00:00:00
NFL_CAR_00-0034302_2022W07_QUESTIONABLE_FP,NFL,2022,7,2022_NFL_W07_TB_CAR,NFL_CAR,NFL_P_00-0034302,LB,,QUESTIONABLE,FP,Shoulder,2022-10-22,nflverse,,2026-09-07T05:46:50.365367+00:00,2022-10-22T00:00:00
NFL_CAR_00-0036268_2022W07_QUESTIONABLE_FP,NFL,2022,7,2022_NFL_W07_TB_CAR,NFL_CAR,NFL_P_00-0036268,WR,,QUESTIONABLE,FP,Hamstring,2022-10-22,nflverse,,2026-09-07T05:46:50.365367+00:00,2022-10-22T00:00:00
NFL_CAR_00-0034496_2022W07_QUESTIONABLE_LP,NFL,2022,7,2022_NFL_W07_TB_CAR,NFL_CAR,NFL_P_00-0034496,S,,QUESTIONABLE,LP,Hamstring,2022-10-22,nflverse,,2026-09-07T05:46:50.365367+00:00,2022-10-22T00:00:00
NFL_CIN_00-0034830_2022W07_NA_LP,NFL,2022,7,2022_NFL_W07_ATL_CIN,NFL_CIN,NFL_P_00-0034830,TE,,UNKNOWN,LP,Groin,2022-10-22,nflverse,,2026-09-07T05:46:50.365367+00:00,2022-10-22T00:00:00
NFL_CIN_00-0037760_2022W07_OUT_DNP,NFL,2022,7,2022_NFL_W07_ATL_CIN,NFL_CIN,NFL_P_00-0037760,EDGE,,OUT,DNP,Knee,2022-10-22,nflverse,,2026-09-07T05:46:50.365367+00:00,2022-10-22T00:00:00
NFL_CIN_00-0033347_2022W07_OUT_DNP,NFL,2022,7,2022_NFL_W07_ATL_CIN,NFL_CIN,NFL_P_00-0033347,DL,,OUT,DNP,Calf,2022-10-22,nflverse,,2026-09-07T05:46:50.365367+00:00,2022-10-22T00:00:00
NFL_CIN_00-0036294_2022W07_OUT_DNP,NFL,2022,7,2022_NFL_W07_ATL_CIN,NFL_CIN,NFL_P_00-0036294,LB,,OUT,DNP,Shoulder,2022-10-22,nflverse,,2026-09-07T05:46:50.365367+00:00,2022-10-22T00:00:00
NFL_CIN_00-0035399_2022W07_DOUBTFUL_DNP,NFL,2022,7,2022_NFL_W07_ATL_CIN,NFL_CIN,NFL_P_00-0035399,WR,,DOUBTFUL,DNP,Hamstring,2022-10-22,nflverse,,2026-09-07T05:46:50.365367+00:00,2022-10-22T00:00:00
NFL_CLE_00-0033868_2022W07_NA_LP,NFL,2022,7,2022_NFL_W07_CLE_BAL,NFL_CLE,NFL_P_00-0033868,EDGE,,UNKNOWN,LP,Shoulder,2022-10-22,nflverse,,2026-09-07T05:46:50.365367+00:00,2022-10-22T00:00:00
NFL_CLE_00-0032419_2022W07_OUT_DNP,NFL,2022,7,2022_NFL_W07_CLE_BAL,NFL_CLE,NFL_P_00-0032419,OL,,OUT,DNP,Concussion,2022-10-22,nflverse,,2026-09-07T05:46:50.365367+00:00,2022-10-22T00:00:00
NFL_CLE_00-0034399_2022W07_OUT_DNP,NFL,2022,7,2022_NFL_W07_CLE_BAL,NFL_CLE,NFL_P_00-0034399,OL,,OUT,DNP,Calf,2022-10-22,nflverse,,2026-09-07T05:46:50.365367+00:00,2022-10-22T00:00:00
NFL_CLE_00-0034856_2022W07_OUT_DNP,NFL,2022,7,2022_NFL_W07_CLE_BAL,NFL_CLE,NFL_P_00-0034856,CB,,OUT,DNP,Concussion,2022-10-22,nflverse,,2026-09-07T05:46:50.365367+00:00,2022-10-22T00:00:00
NFL_CLE_00-0031364_2022W07_QUESTIONABLE_LP,NFL,2022,7,2022_NFL_W07_CLE_BAL,NFL_CLE,NFL_P_00-0031364,EDGE,,QUESTIONABLE,LP,Ankle,2022-10-22,nflverse,,2026-09-07T05:46:50.365367+00:00,2022-10-22T00:00:00
NFL_CLE_00-0033588_2022W07_QUESTIONABLE_LP,NFL,2022,7,2022_NFL_W07_CLE_BAL,NFL_CLE,NFL_P_00-0033588,EDGE,,QUESTIONABLE,LP,Knee,2022-10-22,nflverse,,2026-09-07T05:46:50.365367+00:00,2022-10-22T00:00:00
NFL_DAL_00-0037266_2022W07_OUT_DNP,NFL,2022,7,2022_NFL_W07_DET_DAL,NFL_DAL,NFL_P_00-0037266,OL,,OUT,DNP,Shoulder,2022-10-22,nflverse,,2026-09-07T05:46:50.365367+00:00,2022-10-22T00:00:00
NFL_DEN_00-0035862_2022W07_OUT_DNP,NFL,2022,7,2022_NFL_W07_NYJ_DEN,NFL_DEN,NFL_P_00-0035862,CB,,OUT,DNP,Hamstring,2022-10-22,nflverse,,2026-09-07T05:46:50.365367+00:00,2022-10-22T00:00:00
NFL_DEN_00-0036633_2022W07_DOUBTFUL_DNP,NFL,2022,7,2022_NFL_W07_NYJ_DEN,NFL_DEN,NFL_P_00-0036633,S,,DOUBTFUL,DNP,Hip,2022-10-22,nflverse,,2026-09-07T05:46:50.365367+00:00,2022-10-22T00:00:00
NFL_DEN_00-0031795_2022W07_QUESTIONABLE_DNP,NFL,2022,7,2022_NFL_W07_NYJ_DEN,NFL_DEN,NFL_P_00-0031795,DL,,QUESTIONABLE,DNP,Back,2022-10-22,nflverse,,2026-09-07T05:46:50.365367+00:00,2022-10-22T00:00:00
NFL_DEN_00-0034368_2022W07_QUESTIONABLE_LP,NFL,2022,7,2022_NFL_W07_NYJ_DEN,NFL_DEN,NFL_P_00-0034368,LB,,QUESTIONABLE,LP,Knee,2022-10-22,nflverse,,2026-09-07T05:46:50.365367+00:00,2022-10-22T00:00:00
NFL_DEN_00-0033297_2022W07_QUESTIONABLE_LP,NFL,2022,7,2022_NFL_W07_NYJ_DEN,NFL_DEN,NFL_P_00-0033297,DL,,QUESTIONABLE,LP,Ankle,2022-10-22,nflverse,,2026-09-07T05:46:50.365367+00:00,2022-10-22T00:00:00
NFL_DEN_00-0037001_2022W07_QUESTIONABLE_LP,NFL,2022,7,2022_NFL_W07_NYJ_DEN,NFL_DEN,NFL_P_00-0037001,OL,,QUESTIONABLE,LP,Foot,2022-10-22,nflverse,,2026-09-07T05:46:50.365367+00:00,2022-10-22T00:00:00
NFL_DEN_00-0029263_2022W07_QUESTIONABLE_LP,NFL,2022,7,2022_NFL_W07_NYJ_DEN,NFL_DEN,NFL_P_00-0029263,QB,,QUESTIONABLE,LP,Hamstring,2022-10-22,nflverse,,2026-09-07T05:46:50.365367+00:00,2022-10-22T00:00:00
NFL_DET_00-0034777_2022W07_OUT_DNP,NFL,2022,7,2022_NFL_W07_DET_DAL,NFL_DET,NFL_P_00-0034777,WR,,OUT,DNP,Ankle,2022-10-22,nflverse,,2026-09-07T05:46:50.365367+00:00,2022-10-22T00:00:00
NFL_DET_00-0033880_2022W07_OUT_DNP,NFL,2022,7,2022_NFL_W07_DET_DAL,NFL_DET,NFL_P_00-0033880,EDGE,,OUT,DNP,Groin,2022-10-22,nflverse,,2026-09-07T05:46:50.365367+00:00,2022-10-22T00:00:00
NFL_DET_00-0036993_2022W07_OUT_DNP,NFL,2022,7,2022_NFL_W07_DET_DAL,NFL_DET,NFL_P_00-0036993,S,,OUT,DNP,Ankle,2022-10-22,nflverse,,2026-09-07T05:46:50.365367+00:00,2022-10-22T00:00:00
NFL_DET_00-0035328_2022W07_OUT_DNP,NFL,2022,7,2022_NFL_W07_DET_DAL,NFL_DET,NFL_P_00-0035328,OL,,OUT,DNP,Calf,2022-10-22,nflverse,,2026-09-07T05:46:50.365367+00:00,2022-10-22T00:00:00
NFL_DET_00-0036011_2022W07_OUT_DNP,NFL,2022,7,2022_NFL_W07_DET_DAL,NFL_DET,NFL_P_00-0036011,CB,,OUT,DNP,Knee,2022-10-22,nflverse,,2026-09-07T05:46:50.365367+00:00,2022-10-22T00:00:00
NFL_DET_00-0034787_2022W07_QUESTIONABLE_LP,NFL,2022,7,2022_NFL_W07_DET_DAL,NFL_DET,NFL_P_00-0034787,LB,,QUESTIONABLE,LP,Knee,2022-10-22,nflverse,,2026-09-07T05:46:50.365367+00:00,2022-10-22T00:00:00
NFL_DET_00-0035265_2022W07_QUESTIONABLE_LP,NFL,2022,7,2022_NFL_W07_DET_DAL,NFL_DET,NFL_P_00-0035265,DL,,QUESTIONABLE,LP,Wrist,2022-10-22,nflverse,,2026-09-07T05:46:50.365367+00:00,2022-10-22T00:00:00
NFL_DET_00-0035655_2022W07_QUESTIONABLE_LP,NFL,2022,7,2022_NFL_W07_DET_DAL,NFL_DET,NFL_P_00-0035655,CB,,QUESTIONABLE,LP,Hip,2022-10-22,nflverse,,2026-09-07T05:46:50.365367+00:00,2022-10-22T00:00:00
NFL_DET_00-0033943_2022W07_QUESTIONABLE_LP,NFL,2022,7,2022_NFL_W07_DET_DAL,NFL_DET,NFL_P_00-0033943,WR,,QUESTIONABLE,LP,Knee,2022-10-22,nflverse,,2026-09-07T05:46:50.365367+00:00,2022-10-22T00:00:00
NFL_DET_00-0036275_2022W07_QUESTIONABLE_LP,NFL,2022,7,2022_NFL_W07_DET_DAL,NFL_DET,NFL_P_00-0036275,RB,,QUESTIONABLE,LP,Ankle,2022-10-22,nflverse,,2026-09-07T05:46:50.365367+00:00,2022-10-22T00:00:00
NFL_GB_00-0035526_2022W07_NA_DNP,NFL,2022,7,2022_NFL_W07_GB_WAS,NFL_GB,NFL_P_00-0035526,OL,,UNKNOWN,DNP,Knee,2022-10-22,nflverse,,2026-09-07T05:46:50.365367+00:00,2022-10-22T00:00:00
NFL_GB_00-0023459_2022W07_NA_LP,NFL,2022,7,2022_NFL_W07_GB_WAS,NFL_GB,NFL_P_00-0023459,QB,,UNKNOWN,LP,right Thumb,2022-10-22,nflverse,,2026-09-07T05:46:50.365367+00:00,2022-10-22T00:00:00
NFL_GB_00-0028002_2022W07_OUT_DNP,NFL,2022,7,2022_NFL_W07_GB_WAS,NFL_GB,NFL_P_00-0028002,WR,,OUT,DNP,Ankle,2022-10-22,nflverse,,2026-09-07T05:46:50.365367+00:00,2022-10-22T00:00:00
NFL_GB_00-0036273_2022W07_OUT_DNP,NFL,2022,7,2022_NFL_W07_GB_WAS,NFL_GB,NFL_P_00-0036273,OL,,OUT,DNP,Biceps,2022-10-22,nflverse,,2026-09-07T05:46:50.365367+00:00,2022-10-22T00:00:00
NFL_GB_00-0038124_2022W07_OUT_DNP,NFL,2022,7,2022_NFL_W07_GB_WAS,NFL_GB,NFL_P_00-0038124,WR,,OUT,DNP,Hamstring,2022-10-22,nflverse,,2026-09-07T05:46:50.365367+00:00,2022-10-22T00:00:00
NFL_GB_00-0031325_2022W07_QUESTIONABLE_NA,NFL,2022,7,2022_NFL_W07_GB_WAS,NFL_GB,NFL_P_00-0031325,WR,,QUESTIONABLE,,Hamstring,2022-10-22,nflverse,,2026-09-07T05:46:50.365367+00:00,2022-10-22T00:00:00
NFL_GB_00-0037075_2022W07_QUESTIONABLE_NA,NFL,2022,7,2022_NFL_W07_GB_WAS,NFL_GB,NFL_P_00-0037075,DL,,QUESTIONABLE,,Illness,2022-10-22,nflverse,,2026-09-07T05:46:50.365367+00:00,2022-10-22T00:00:00
NFL_GB_00-0030074_2022W07_QUESTIONABLE_LP,NFL,2022,7,2022_NFL_W07_GB_WAS,NFL_GB,NFL_P_00-0030074,OL,,QUESTIONABLE,LP,Knee,2022-10-22,nflverse,,2026-09-07T05:46:50.365367+00:00,2022-10-22T00:00:00
NFL_HOU_00-0031236_2022W07_NA_DNP,NFL,2022,7,2022_NFL_W07_HOU_LV,NFL_HOU,NFL_P_00-0031236,WR,,UNKNOWN,DNP,Not injury related - resting player,2022-10-22,nflverse,,2026-09-07T05:46:50.365367+00:00,2022-10-22T00:00:00
NFL_HOU_00-0036224_2022W07_OUT_DNP,NFL,2022,7,2022_NFL_W07_HOU_LV,NFL_HOU,NFL_P_00-0036224,EDGE,,OUT,DNP,Calf,2022-10-22,nflverse,,2026-09-07T05:46:50.365367+00:00,2022-10-22T00:00:00
NFL_HOU_00-0037302_2022W07_QUESTIONABLE_FP,NFL,2022,7,2022_NFL_W07_HOU_LV,NFL_HOU,NFL_P_00-0037302,OL,,QUESTIONABLE,FP,Ankle,2022-10-22,nflverse,,2026-09-07T05:46:50.365367+00:00,2022-10-22T00:00:00
NFL_HOU_00-0036556_2022W07_QUESTIONABLE_FP,NFL,2022,7,2022_NFL_W07_HOU_LV,NFL_HOU,NFL_P_00-0036556,TE,,QUESTIONABLE,FP,Ankle,2022-10-22,nflverse,,2026-09-07T05:46:50.365367+00:00,2022-10-22T00:00:00
NFL_HOU_00-0032398_2022W07_QUESTIONABLE_FP,NFL,2022,7,2022_NFL_W07_HOU_LV,NFL_HOU,NFL_P_00-0032398,WR,,QUESTIONABLE,FP,Hip,2022-10-22,nflverse,,2026-09-07T05:46:50.365367+00:00,2022-10-22T00:00:00
NFL_IND_00-0032378_2022W07_NA_DNP,NFL,2022,7,2022_NFL_W07_IND_TEN,NFL_IND,NFL_P_00-0032378,DL,,UNKNOWN,DNP,Not injury related - resting player,2022-10-22,nflverse,,2026-09-07T05:46:50.365367+00:00,2022-10-22T00:00:00
NFL_IND_00-0037393_2022W07_OUT_DNP,NFL,2022,7,2022_NFL_W07_IND_TEN,NFL_IND,NFL_P_00-0037393,LB,,OUT,DNP,Abdomen,2022-10-22,nflverse,,2026-09-07T05:46:50.365367+00:00,2022-10-22T00:00:00
NFL_IND_00-0036479_2022W07_OUT_DNP,NFL,2022,7,2022_NFL_W07_IND_TEN,NFL_IND,NFL_P_00-0036479,EDGE,,OUT,DNP,Ankle,2022-10-22,nflverse,,2026-09-07T05:46:50.365367+00:00,2022-10-22T00:00:00
NFL_IND_00-0034366_2022W07_OUT_FP,NFL,2022,7,2022_NFL_W07_IND_TEN,NFL_IND,NFL_P_00-0034366,WR,,OUT,FP,Concussion,2022-10-22,nflverse,,2026-09-07T05:46:50.365367+00:00,2022-10-22T00:00:00
NFL_IND_00-0034846_2022W07_OUT_FP,NFL,2022,7,2022_NFL_W07_IND_TEN,NFL_IND,NFL_P_00-0034846,LB,,OUT,FP,Concussion,2022-10-22,nflverse,,2026-09-07T05:46:50.365367+00:00,2022-10-22T00:00:00
NFL_JAX_00-0033572_2022W07_OUT_DNP,NFL,2022,7,2022_NFL_W07_NYG_JAX,NFL_JAX,NFL_P_00-0033572,WR,,OUT,DNP,Knee,2022-10-22,nflverse,,2026-09-07T05:46:50.365367+00:00,2022-10-22T00:00:00
NFL_JAX_00-0033926_2022W07_OUT_DNP,NFL,2022,7,2022_NFL_W07_NYG_JAX,NFL_JAX,NFL_P_00-0033926,CB,,OUT,DNP,Back,2022-10-22,nflverse,,2026-09-07T05:46:50.365367+00:00,2022-10-22T00:00:00
NFL_JAX_00-0034275_2022W07_QUESTIONABLE_LP,NFL,2022,7,2022_NFL_W07_NYG_JAX,NFL_JAX,NFL_P_00-0034275,DL,,QUESTIONABLE,LP,Quadricep,2022-10-22,nflverse,,2026-09-07T05:46:50.365367+00:00,2022-10-22T00:00:00
NFL_JAX_00-0036262_2022W07_QUESTIONABLE_LP,NFL,2022,7,2022_NFL_W07_NYG_JAX,NFL_JAX,NFL_P_00-0036262,DL,,QUESTIONABLE,LP,Foot,2022-10-22,nflverse,,2026-09-07T05:46:50.365367+00:00,2022-10-22T00:00:00
NFL_JAX_00-0029293_2022W07_QUESTIONABLE_LP,NFL,2022,7,2022_NFL_W07_NYG_JAX,NFL_JAX,NFL_P_00-0029293,WR,,QUESTIONABLE,LP,Hamstring,2022-10-22,nflverse,,2026-09-07T05:46:50.365367+00:00,2022-10-22T00:00:00
NFL_JAX_00-0034413_2022W07_QUESTIONABLE_LP,NFL,2022,7,2022_NFL_W07_NYG_JAX,NFL_JAX,NFL_P_00-0034413,LB,,QUESTIONABLE,LP,Calf,2022-10-22,nflverse,,2026-09-07T05:46:50.365367+00:00,2022-10-22T00:00:00
NFL_KC_00-0035147_2022W07_OUT_DNP,NFL,2022,7,2022_NFL_W07_KC_SF,NFL_KC,NFL_P_00-0035147,CB,,OUT,DNP,Hamstring,2022-10-22,nflverse,,2026-09-07T05:46:50.365367+00:00,2022-10-22T00:00:00
NFL_KC_00-0032391_2022W07_QUESTIONABLE_FP,NFL,2022,7,2022_NFL_W07_KC_SF,NFL_KC,NFL_P_00-0032391,OL,,QUESTIONABLE,FP,Ankle,2022-10-22,nflverse,,2026-09-07T05:46:50.365367+00:00,2022-10-22T00:00:00
NFL_KC_00-0036378_2022W07_QUESTIONABLE_LP,NFL,2022,7,2022_NFL_W07_KC_SF,NFL_KC,NFL_P_00-0036378,EDGE,,QUESTIONABLE,LP,Calf,2022-10-22,nflverse,,2026-09-07T05:46:50.365367+00:00,2022-10-22T00:00:00
NFL_LAC_00-0030098_2022W07_OUT_DNP,NFL,2022,7,2022_NFL_W07_SEA_LAC,NFL_LAC,NFL_P_00-0030098,K,,OUT,DNP,right Hamstring,2022-10-22,nflverse,,2026-09-07T05:46:50.365367+00:00,2022-10-22T00:00:00
NFL_LAC_00-0036370_2022W07_OUT_DNP,NFL,2022,7,2022_NFL_W07_SEA_LAC,NFL_LAC,NFL_P_00-0036370,RB,,OUT,DNP,Knee,2022-10-22,nflverse,,2026-09-07T05:46:50.365367+00:00,2022-10-22T00:00:00
NFL_LAC_00-0036988_2022W07_OUT_DNP,NFL,2022,7,2022_NFL_W07_SEA_LAC,NFL_LAC,NFL_P_00-0036988,WR,,OUT,DNP,Concussion,2022-10-22,nflverse,,2026-09-07T05:46:50.365367+00:00,2022-10-22T00:00:00
NFL_LAC_00-0035329_2022W07_OUT_DNP,NFL,2022,7,2022_NFL_W07_SEA_LAC,NFL_LAC,NFL_P_00-0035329,TE,,OUT,DNP,Concussion,2022-10-22,nflverse,,2026-09-07T05:46:50.365367+00:00,2022-10-22T00:00:00
NFL_LAC_00-0030279_2022W07_QUESTIONABLE_LP,NFL,2022,7,2022_NFL_W07_SEA_LAC,NFL_LAC,NFL_P_00-0030279,WR,,QUESTIONABLE,LP,Hamstring,2022-10-22,nflverse,,2026-09-07T05:46:50.365367+00:00,2022-10-22T00:00:00
NFL_LAC_00-0034810_2022W07_QUESTIONABLE_LP,NFL,2022,7,2022_NFL_W07_SEA_LAC,NFL_LAC,NFL_P_00-0034810,DL,,QUESTIONABLE,LP,Ankle,2022-10-22,nflverse,,2026-09-07T05:46:50.365367+00:00,2022-10-22T00:00:00
NFL_LV_00-0029585_2022W07_NA_DNP,NFL,2022,7,2022_NFL_W07_HOU_LV,NFL_LV,NFL_P_00-0029585,EDGE,,UNKNOWN,DNP,Not injury related - resting player,2022-10-22,nflverse,,2026-09-07T05:46:50.365367+00:00,2022-10-22T00:00:00
NFL_LV_00-0037255_2022W07_NA_DNP,NFL,2022,7,2022_NFL_W07_HOU_LV,NFL_LV,NFL_P_00-0037255,OL,,UNKNOWN,DNP,Illness,2022-10-22,nflverse,,2026-09-07T05:46:50.365367+00:00,2022-10-22T00:00:00
NFL_LV_00-0031610_2022W07_OUT_DNP,NFL,2022,7,2022_NFL_W07_HOU_LV,NFL_LV,NFL_P_00-0031610,TE,,OUT,DNP,Hamstring,2022-10-22,nflverse,,2026-09-07T05:46:50.365367+00:00,2022-10-22T00:00:00
NFL_LV_00-0033954_2022W07_QUESTIONABLE_LP,NFL,2022,7,2022_NFL_W07_HOU_LV,NFL_LV,NFL_P_00-0033954,LB,,QUESTIONABLE,LP,Hamstring,2022-10-22,nflverse,,2026-09-07T05:46:50.365367+00:00,2022-10-22T00:00:00
NFL_LV_00-0033555_2022W07_QUESTIONABLE_LP,NFL,2022,7,2022_NFL_W07_HOU_LV,NFL_LV,NFL_P_00-0033555,WR,,QUESTIONABLE,LP,Heel,2022-10-22,nflverse,,2026-09-07T05:46:50.365367+00:00,2022-10-22T00:00:00
NFL_LV_00-0034983_2022W07_QUESTIONABLE_LP,NFL,2022,7,2022_NFL_W07_HOU_LV,NFL_LV,NFL_P_00-0034983,WR,,QUESTIONABLE,LP,Hip,2022-10-22,nflverse,,2026-09-07T05:46:50.365367+00:00,2022-10-22T00:00:00
NFL_MIA_00-0029249_2022W07_NA_DNP,NFL,2022,7,2022_NFL_W07_PIT_MIA,NFL_MIA,NFL_P_00-0029249,LB,,UNKNOWN,DNP,Not injury related - resting player,2022-10-23,nflverse,,2026-09-07T05:46:50.365367+00:00,2022-10-23T00:00:00
NFL_MIA_00-0034435_2022W07_DOUBTFUL_DNP,NFL,2022,7,2022_NFL_W07_PIT_MIA,NFL_MIA,NFL_P_00-0034435,CB,,DOUBTFUL,DNP,Knee,2022-10-23,nflverse,,2026-09-07T05:46:50.365367+00:00,2022-10-23T00:00:00
NFL_MIA_00-0030067_2022W07_QUESTIONABLE_DNP,NFL,2022,7,2022_NFL_W07_PIT_MIA,NFL_MIA,NFL_P_00-0030067,OL,,QUESTIONABLE,DNP,Toe,2022-10-23,nflverse,,2026-09-07T05:46:50.365367+00:00,2022-10-23T00:00:00
NFL_MIA_00-0033050_2022W07_QUESTIONABLE_LP,NFL,2022,7,2022_NFL_W07_PIT_MIA,NFL_MIA,NFL_P_00-0033050,CB,,QUESTIONABLE,LP,Groin,2022-10-23,nflverse,,2026-09-07T05:46:50.365367+00:00,2022-10-23T00:00:00
NFL_MIA_00-0037353_2022W07_QUESTIONABLE_LP,NFL,2022,7,2022_NFL_W07_PIT_MIA,NFL_MIA,NFL_P_00-0037353,CB,,QUESTIONABLE,LP,Abdomen,2022-10-23,nflverse,,2026-09-07T05:46:50.365367+00:00,2022-10-23T00:00:00
NFL_MIA_00-0035694_2022W07_QUESTIONABLE_LP,NFL,2022,7,2022_NFL_W07_PIT_MIA,NFL_MIA,NFL_P_00-0035694,OL,,QUESTIONABLE,LP,Achilles,2022-10-23,nflverse,,2026-09-07T05:46:50.365367+00:00,2022-10-23T00:00:00
NFL_MIA_00-0033073_2022W07_QUESTIONABLE_LP,NFL,2022,7,2022_NFL_W07_PIT_MIA,NFL_MIA,NFL_P_00-0033073,EDGE,,QUESTIONABLE,LP,Back,2022-10-23,nflverse,,2026-09-07T05:46:50.365367+00:00,2022-10-23T00:00:00
NFL_MIA_00-0034798_2022W07_QUESTIONABLE_LP,NFL,2022,7,2022_NFL_W07_PIT_MIA,NFL_MIA,NFL_P_00-0034798,TE,,QUESTIONABLE,LP,Hamstring,2022-10-23,nflverse,,2026-09-07T05:46:50.365367+00:00,2022-10-23T00:00:00
NFL_MIA_00-0037327_2022W07_QUESTIONABLE_LP,NFL,2022,7,2022_NFL_W07_PIT_MIA,NFL_MIA,NFL_P_00-0037327,QB,,QUESTIONABLE,LP,right Thumb,2022-10-23,nflverse,,2026-09-07T05:46:50.365367+00:00,2022-10-23T00:00:00
NFL_MIA_00-0036613_2022W07_QUESTIONABLE_LP,NFL,2022,7,2022_NFL_W07_PIT_MIA,NFL_MIA,NFL_P_00-0036613,WR,,QUESTIONABLE,LP,Shoulder,2022-10-23,nflverse,,2026-09-07T05:46:50.365367+00:00,2022-10-23T00:00:00
NFL_MIA_00-0035231_2022W07_QUESTIONABLE_LP,NFL,2022,7,2022_NFL_W07_PIT_MIA,NFL_MIA,NFL_P_00-0035231,DL,,QUESTIONABLE,LP,Hand,2022-10-23,nflverse,,2026-09-07T05:46:50.365367+00:00,2022-10-23T00:00:00
NFL_NE_00-0036559_2022W07_QUESTIONABLE_DNP,NFL,2022,7,2022_NFL_W07_CHI_NE,NFL_NE,NFL_P_00-0036559,CB,,QUESTIONABLE,DNP,Illness,2022-10-24,nflverse,,2026-09-07T05:46:50.365367+00:00,2022-10-24T00:00:00
NFL_NE_00-0031549_2022W07_QUESTIONABLE_LP,NFL,2022,7,2022_NFL_W07_CHI_NE,NFL_NE,NFL_P_00-0031549,WR,,QUESTIONABLE,LP,Hamstring,2022-10-24,nflverse,,2026-09-07T05:46:50.365367+00:00,2022-10-24T00:00:00
NFL_NE_00-0036981_2022W07_QUESTIONABLE_LP,NFL,2022,7,2022_NFL_W07_CHI_NE,NFL_NE,NFL_P_00-0036981,DL,,QUESTIONABLE,LP,Knee,2022-10-24,nflverse,,2026-09-07T05:46:50.365367+00:00,2022-10-24T00:00:00
NFL_NE_00-0033307_2022W07_QUESTIONABLE_LP,NFL,2022,7,2022_NFL_W07_CHI_NE,NFL_NE,NFL_P_00-0033307,WR,,QUESTIONABLE,LP,Toe,2022-10-24,nflverse,,2026-09-07T05:46:50.365367+00:00,2022-10-24T00:00:00
NFL_NE_00-0028171_2022W07_QUESTIONABLE_LP,NFL,2022,7,2022_NFL_W07_CHI_NE,NFL_NE,NFL_P_00-0028171,DL,,QUESTIONABLE,LP,Shoulder,2022-10-24,nflverse,,2026-09-07T05:46:50.365367+00:00,2022-10-24T00:00:00
NFL_NE_00-0036193_2022W07_QUESTIONABLE_LP,NFL,2022,7,2022_NFL_W07_CHI_NE,NFL_NE,NFL_P_00-0036193,DL,,QUESTIONABLE,LP,Calf,2022-10-24,nflverse,,2026-09-07T05:46:50.365367+00:00,2022-10-24T00:00:00
NFL_NE_00-0032580_2022W07_QUESTIONABLE_LP,NFL,2022,7,2022_NFL_W07_CHI_NE,NFL_NE,NFL_P_00-0032580,CB,,QUESTIONABLE,LP,Ankle,2022-10-24,nflverse,,2026-09-07T05:46:50.365367+00:00,2022-10-24T00:00:00
NFL_NE_00-0036972_2022W07_QUESTIONABLE_LP,NFL,2022,7,2022_NFL_W07_CHI_NE,NFL_NE,NFL_P_00-0036972,QB,,QUESTIONABLE,LP,Ankle,2022-10-24,nflverse,,2026-09-07T05:46:50.365367+00:00,2022-10-24T00:00:00
NFL_NE_00-0032803_2022W07_QUESTIONABLE_LP,NFL,2022,7,2022_NFL_W07_CHI_NE,NFL_NE,NFL_P_00-0032803,CB,,QUESTIONABLE,LP,Illness,2022-10-24,nflverse,,2026-09-07T05:46:50.365367+00:00,2022-10-24T00:00:00
NFL_NE_00-0036198_2022W07_QUESTIONABLE_LP,NFL,2022,7,2022_NFL_W07_CHI_NE,NFL_NE,NFL_P_00-0036198,OL,,QUESTIONABLE,LP,Ankle,2022-10-24,nflverse,,2026-09-07T05:46:50.365367+00:00,2022-10-24T00:00:00
NFL_NE_00-0036159_2022W07_QUESTIONABLE_LP,NFL,2022,7,2022_NFL_W07_CHI_NE,NFL_NE,NFL_P_00-0036159,LB,,QUESTIONABLE,LP,Hamstring,2022-10-24,nflverse,,2026-09-07T05:46:50.365367+00:00,2022-10-24T00:00:00
NFL_NE_00-0034833_2022W07_QUESTIONABLE_LP,NFL,2022,7,2022_NFL_W07_CHI_NE,NFL_NE,NFL_P_00-0034833,OL,,QUESTIONABLE,LP,Shoulder,2022-10-24,nflverse,,2026-09-07T05:46:50.365367+00:00,2022-10-24T00:00:00
NFL_NO_00-0027966_2022W07_NA_LP,NFL,2022,7,2022_NFL_W07_NO_ARI,NFL_NO,NFL_P_00-0027966,RB,,UNKNOWN,LP,Knee,2022-10-20,nflverse,,2026-09-07T05:46:50.365367+00:00,2022-10-20T00:00:00
NFL_NO_00-0031503_2022W07_NA_LP,NFL,2022,7,2022_NFL_W07_NO_ARI,NFL_NO,NFL_P_00-0031503,QB,,UNKNOWN,LP,Back,2022-10-20,nflverse,,2026-09-07T05:46:50.365367+00:00,2022-10-20T00:00:00
NFL_NO_00-0031382_2022W07_OUT_DNP,NFL,2022,7,2022_NFL_W07_NO_ARI,NFL_NO,NFL_P_00-0031382,WR,,OUT,DNP,Ankle,2022-10-20,nflverse,,2026-09-07T05:46:50.365367+00:00,2022-10-20T00:00:00
NFL_NO_00-0033874_2022W07_OUT_DNP,NFL,2022,7,2022_NFL_W07_NO_ARI,NFL_NO,NFL_P_00-0033874,CB,,OUT,DNP,Abdomen,2022-10-20,nflverse,,2026-09-07T05:46:50.365367+00:00,2022-10-20T00:00:00
NFL_NO_00-0032203_2022W07_OUT_DNP,NFL,2022,7,2022_NFL_W07_NO_ARI,NFL_NO,NFL_P_00-0032203,OL,,OUT,DNP,Chest,2022-10-20,nflverse,,2026-09-07T05:46:50.365367+00:00,2022-10-20T00:00:00
NFL_NO_00-0032765_2022W07_OUT_DNP,NFL,2022,7,2022_NFL_W07_NO_ARI,NFL_NO,NFL_P_00-0032765,WR,,OUT,DNP,Foot,2022-10-20,nflverse,,2026-09-07T05:46:50.365367+00:00,2022-10-20T00:00:00
NFL_NO_00-0036422_2022W07_OUT_DNP,NFL,2022,7,2022_NFL_W07_NO_ARI,NFL_NO,NFL_P_00-0036422,TE,,OUT,DNP,Ankle,2022-10-20,nflverse,,2026-09-07T05:46:50.365367+00:00,2022-10-20T00:00:00
NFL_NO_00-0036937_2022W07_QUESTIONABLE_LP,NFL,2022,7,2022_NFL_W07_NO_ARI,NFL_NO,NFL_P_00-0036937,CB,,QUESTIONABLE,LP,Knee,2022-10-20,nflverse,,2026-09-07T05:46:50.365367+00:00,2022-10-20T00:00:00
NFL_NO_00-0034317_2022W07_QUESTIONABLE_LP,NFL,2022,7,2022_NFL_W07_NO_ARI,NFL_NO,NFL_P_00-0034317,WR,,QUESTIONABLE,LP,Ankle,2022-10-20,nflverse,,2026-09-07T05:46:50.365367+00:00,2022-10-20T00:00:00
NFL_NO_00-0035764_2022W07_QUESTIONABLE_LP,NFL,2022,7,2022_NFL_W07_NO_ARI,NFL_NO,NFL_P_00-0035764,OL,,QUESTIONABLE,LP,Hip,2022-10-20,nflverse,,2026-09-07T05:46:50.365367+00:00,2022-10-20T00:00:00
NFL_NO_00-0036926_2022W07_QUESTIONABLE_LP,NFL,2022,7,2022_NFL_W07_NO_ARI,NFL_NO,NFL_P_00-0036926,EDGE,,QUESTIONABLE,LP,Chest,2022-10-20,nflverse,,2026-09-07T05:46:50.365367+00:00,2022-10-20T00:00:00
NFL_NYG_00-0037758_2022W07_OUT_DNP,NFL,2022,7,2022_NFL_W07_NYG_JAX,NFL_NYG,NFL_P_00-0037758,CB,,OUT,DNP,Calf,2022-10-22,nflverse,,2026-09-07T05:46:50.365367+00:00,2022-10-22T00:00:00
NFL_NYG_00-0033932_2022W07_OUT_DNP,NFL,2022,7,2022_NFL_W07_NYG_JAX,NFL_NYG,NFL_P_00-0033932,WR,,OUT,DNP,Knee,2022-10-22,nflverse,,2026-09-07T05:46:50.365367+00:00,2022-10-22T00:00:00
NFL_NYG_00-0036552_2022W07_OUT_DNP,NFL,2022,7,2022_NFL_W07_NYG_JAX,NFL_NYG,NFL_P_00-0036552,LB,,OUT,DNP,Calf,2022-10-22,nflverse,,2026-09-07T05:46:50.365367+00:00,2022-10-22T00:00:00
NFL_NYG_00-0036913_2022W07_OUT_DNP,NFL,2022,7,2022_NFL_W07_NYG_JAX,NFL_NYG,NFL_P_00-0036913,WR,,OUT,DNP,Hamstring,2022-10-22,nflverse,,2026-09-07T05:46:50.365367+00:00,2022-10-22T00:00:00
NFL_NYG_00-0035708_2022W07_OUT_DNP,NFL,2022,7,2022_NFL_W07_NYG_JAX,NFL_NYG,NFL_P_00-0035708,LB,,OUT,DNP,Quadricep,2022-10-22,nflverse,,2026-09-07T05:46:50.365367+00:00,2022-10-22T00:00:00
NFL_NYG_00-0032151_2022W07_QUESTIONABLE_LP,NFL,2022,7,2022_NFL_W07_NYG_JAX,NFL_NYG,NFL_P_00-0032151,OL,,QUESTIONABLE,LP,Groin,2022-10-22,nflverse,,2026-09-07T05:46:50.365367+00:00,2022-10-22T00:00:00
NFL_NYG_00-0036502_2022W07_QUESTIONABLE_LP,NFL,2022,7,2022_NFL_W07_NYG_JAX,NFL_NYG,NFL_P_00-0036502,S,,QUESTIONABLE,LP,Ankle,2022-10-22,nflverse,,2026-09-07T05:46:50.365367+00:00,2022-10-22T00:00:00
NFL_NYJ_00-0034419_2022W07_NA_LP,NFL,2022,7,2022_NFL_W07_NYJ_DEN,NFL_NYJ,NFL_P_00-0034419,WR,,UNKNOWN,LP,Back,2022-10-22,nflverse,,2026-09-07T05:46:50.365367+00:00,2022-10-22T00:00:00
NFL_NYJ_00-0026166_2022W07_NA_LP,NFL,2022,7,2022_NFL_W07_NYJ_DEN,NFL_NYJ,NFL_P_00-0026166,OL,,UNKNOWN,LP,Shoulder,2022-10-22,nflverse,,2026-09-07T05:46:50.365367+00:00,2022-10-22T00:00:00
NFL_NYJ_00-0035680_2022W07_NA_LP,NFL,2022,7,2022_NFL_W07_NYJ_DEN,NFL_NYJ,NFL_P_00-0035680,LB,,UNKNOWN,LP,Ankle,2022-10-22,nflverse,,2026-09-07T05:46:50.365367+00:00,2022-10-22T00:00:00
NFL_NYJ_00-0037663_2022W07_OUT_DNP,NFL,2022,7,2022_NFL_W07_NYJ_DEN,NFL_NYJ,NFL_P_00-0037663,EDGE,,OUT,DNP,Ankle,2022-10-22,nflverse,,2026-09-07T05:46:50.365367+00:00,2022-10-22T00:00:00
NFL_NYJ_00-0036980_2022W07_OUT_DNP,NFL,2022,7,2022_NFL_W07_NYJ_DEN,NFL_NYJ,NFL_P_00-0036980,WR,,OUT,DNP,Not injury related - personal matter,2022-10-22,nflverse,,2026-09-07T05:46:50.365367+00:00,2022-10-22T00:00:00
NFL_NYJ_00-0036329_2022W07_QUESTIONABLE_LP,NFL,2022,7,2022_NFL_W07_NYJ_DEN,NFL_NYJ,NFL_P_00-0036329,S,,QUESTIONABLE,LP,Hamstring,2022-10-22,nflverse,,2026-09-07T05:46:50.365367+00:00,2022-10-22T00:00:00
NFL_PIT_00-0034928_2022W07_OUT_DNP,NFL,2022,7,2022_NFL_W07_PIT_MIA,NFL_PIT,NFL_P_00-0034928,WR,,OUT,DNP,Hamstring,2022-10-23,nflverse,,2026-09-07T05:46:50.365367+00:00,2022-10-23T00:00:00
NFL_PIT_00-0033783_2022W07_DOUBTFUL_LP,NFL,2022,7,2022_NFL_W07_PIT_MIA,NFL_PIT,NFL_P_00-0033783,CB,,DOUBTFUL,LP,Hamstring,2022-10-23,nflverse,,2026-09-07T05:46:50.365367+00:00,2022-10-23T00:00:00
NFL_PIT_00-0035795_2022W07_QUESTIONABLE_LP,NFL,2022,7,2022_NFL_W07_PIT_MIA,NFL_PIT,NFL_P_00-0035795,CB,,QUESTIONABLE,LP,Hip,2022-10-23,nflverse,,2026-09-07T05:46:50.365367+00:00,2022-10-23T00:00:00
NFL_SEA_00-0036620_2022W07_NA_DNP,NFL,2022,7,2022_NFL_W07_SEA_LAC,NFL_SEA,NFL_P_00-0036620,WR,,UNKNOWN,DNP,Not injury related - personal matter,2022-10-22,nflverse,,2026-09-07T05:46:50.365367+00:00,2022-10-22T00:00:00
NFL_SEA_00-0036506_2022W07_OUT_DNP,NFL,2022,7,2022_NFL_W07_SEA_LAC,NFL_SEA,NFL_P_00-0036506,CB,,OUT,DNP,Hamstring,2022-10-22,nflverse,,2026-09-07T05:46:50.365367+00:00,2022-10-22T00:00:00
NFL_SEA_00-0033103_2022W07_DOUBTFUL_DNP,NFL,2022,7,2022_NFL_W07_SEA_LAC,NFL_SEA,NFL_P_00-0033103,CB,,DOUBTFUL,DNP,Groin,2022-10-22,nflverse,,2026-09-07T05:46:50.365367+00:00,2022-10-22T00:00:00
NFL_SEA_00-0035022_2022W07_DOUBTFUL_DNP,NFL,2022,7,2022_NFL_W07_SEA_LAC,NFL_SEA,NFL_P_00-0035022,WR,,DOUBTFUL,DNP,Hamstring,2022-10-22,nflverse,,2026-09-07T05:46:50.365367+00:00,2022-10-22T00:00:00
NFL_SEA_00-0031367_2022W07_DOUBTFUL_DNP,NFL,2022,7,2022_NFL_W07_SEA_LAC,NFL_SEA,NFL_P_00-0031367,OL,,DOUBTFUL,DNP,Knee,2022-10-22,nflverse,,2026-09-07T05:46:50.365367+00:00,2022-10-22T00:00:00
NFL_SEA_00-0037141_2022W07_QUESTIONABLE_NA,NFL,2022,7,2022_NFL_W07_SEA_LAC,NFL_SEA,NFL_P_00-0037141,S,,QUESTIONABLE,,Illness,2022-10-22,nflverse,,2026-09-07T05:46:50.365367+00:00,2022-10-22T00:00:00
NFL_SEA_00-0032211_2022W07_QUESTIONABLE_DNP,NFL,2022,7,2022_NFL_W07_SEA_LAC,NFL_SEA,NFL_P_00-0032211,WR,,QUESTIONABLE,DNP,Hamstring,2022-10-22,nflverse,,2026-09-07T05:46:50.365367+00:00,2022-10-22T00:00:00
NFL_SEA_00-0033543_2022W07_QUESTIONABLE_LP,NFL,2022,7,2022_NFL_W07_SEA_LAC,NFL_SEA,NFL_P_00-0033543,CB,,QUESTIONABLE,LP,Groin,2022-10-22,nflverse,,2026-09-07T05:46:50.365367+00:00,2022-10-22T00:00:00
NFL_SF_00-0033280_2022W07_NA_LP,NFL,2022,7,2022_NFL_W07_KC_SF,NFL_SF,NFL_P_00-0033280,RB,,UNKNOWN,LP,not injury related - travel,2022-10-22,nflverse,,2026-09-07T05:46:50.365367+00:00,2022-10-22T00:00:00
NFL_SF_00-0031298_2022W07_NA_LP,NFL,2022,7,2022_NFL_W07_KC_SF,NFL_SF,NFL_P_00-0031298,S,,UNKNOWN,LP,Hand,2022-10-22,nflverse,,2026-09-07T05:46:50.365367+00:00,2022-10-22T00:00:00
NFL_SF_00-0032164_2022W07_OUT_DNP,NFL,2022,7,2022_NFL_W07_KC_SF,NFL_SF,NFL_P_00-0032164,DL,,OUT,DNP,Foot,2022-10-22,nflverse,,2026-09-07T05:46:50.365367+00:00,2022-10-22T00:00:00
NFL_SF_00-0036564_2022W07_QUESTIONABLE_LP,NFL,2022,7,2022_NFL_W07_KC_SF,NFL_SF,NFL_P_00-0036564,S,,QUESTIONABLE,LP,Concussion,2022-10-22,nflverse,,2026-09-07T05:46:50.365367+00:00,2022-10-22T00:00:00
NFL_SF_00-0034573_2022W07_QUESTIONABLE_LP,NFL,2022,7,2022_NFL_W07_KC_SF,NFL_SF,NFL_P_00-0034573,CB,,QUESTIONABLE,LP,Groin,2022-10-22,nflverse,,2026-09-07T05:46:50.365367+00:00,2022-10-22T00:00:00
NFL_TB_00-0029562_2022W07_NA_DNP,NFL,2022,7,2022_NFL_W07_TB_CAR,NFL_TB,NFL_P_00-0029562,LB,,UNKNOWN,DNP,Not injury related - resting player,2022-10-22,nflverse,,2026-09-07T05:46:50.365367+00:00,2022-10-22T00:00:00
NFL_TB_00-0031408_2022W07_NA_DNP,NFL,2022,7,2022_NFL_W07_TB_CAR,NFL_TB,NFL_P_00-0031408,WR,,UNKNOWN,DNP,Not injury related - resting player,2022-10-22,nflverse,,2026-09-07T05:46:50.365367+00:00,2022-10-22T00:00:00
NFL_TB_00-0031273_2022W07_OUT_DNP,NFL,2022,7,2022_NFL_W07_TB_CAR,NFL_TB,NFL_P_00-0031273,TE,,OUT,DNP,Neck,2022-10-22,nflverse,,2026-09-07T05:46:50.365367+00:00,2022-10-22T00:00:00
NFL_TB_00-0029657_2022W07_OUT_DNP,NFL,2022,7,2022_NFL_W07_TB_CAR,NFL_TB,NFL_P_00-0029657,DL,,OUT,DNP,Foot,2022-10-22,nflverse,,2026-09-07T05:46:50.365367+00:00,2022-10-22T00:00:00
NFL_TB_00-0027944_2022W07_OUT_DNP,NFL,2022,7,2022_NFL_W07_TB_CAR,NFL_TB,NFL_P_00-0027944,WR,,OUT,DNP,Knee,2022-10-22,nflverse,,2026-09-07T05:46:50.365367+00:00,2022-10-22T00:00:00
NFL_TB_00-0035239_2022W07_OUT_DNP,NFL,2022,7,2022_NFL_W07_TB_CAR,NFL_TB,NFL_P_00-0035239,CB,,OUT,DNP,Quadricep,2022-10-22,nflverse,,2026-09-07T05:46:50.365367+00:00,2022-10-22T00:00:00
NFL_TB_00-0035681_2022W07_QUESTIONABLE_FP,NFL,2022,7,2022_NFL_W07_TB_CAR,NFL_TB,NFL_P_00-0035681,S,,QUESTIONABLE,FP,Elbow,2022-10-22,nflverse,,2026-09-07T05:46:50.365367+00:00,2022-10-22T00:00:00
NFL_TB_00-0034778_2022W07_QUESTIONABLE_LP,NFL,2022,7,2022_NFL_W07_TB_CAR,NFL_TB,NFL_P_00-0034778,CB,,QUESTIONABLE,LP,Hip,2022-10-22,nflverse,,2026-09-07T05:46:50.365367+00:00,2022-10-22T00:00:00
NFL_TB_00-0031580_2022W07_QUESTIONABLE_LP,NFL,2022,7,2022_NFL_W07_TB_CAR,NFL_TB,NFL_P_00-0031580,OL,,QUESTIONABLE,LP,Ankle,2022-10-22,nflverse,,2026-09-07T05:46:50.365367+00:00,2022-10-22T00:00:00
NFL_TEN_00-0029413_2022W07_NA_LP,NFL,2022,7,2022_NFL_W07_IND_TEN,NFL_TEN,NFL_P_00-0029413,OL,,UNKNOWN,LP,Not injury related - resting player,2022-10-22,nflverse,,2026-09-07T05:46:50.365367+00:00,2022-10-22T00:00:00
NFL_TEN_00-0036691_2022W07_OUT_DNP,NFL,2022,7,2022_NFL_W07_IND_TEN,NFL_TEN,NFL_P_00-0036691,RB,,OUT,DNP,Neck,2022-10-22,nflverse,,2026-09-07T05:46:50.365367+00:00,2022-10-22T00:00:00
NFL_TEN_00-0033547_2022W07_OUT_DNP,NFL,2022,7,2022_NFL_W07_IND_TEN,NFL_TEN,NFL_P_00-0033547,LB,,OUT,DNP,Elbow,2022-10-22,nflverse,,2026-09-07T05:46:50.365367+00:00,2022-10-22T00:00:00
NFL_TEN_00-0035649_2022W07_OUT_DNP,NFL,2022,7,2022_NFL_W07_IND_TEN,NFL_TEN,NFL_P_00-0035649,OL,,OUT,DNP,Foot,2022-10-22,nflverse,,2026-09-07T05:46:50.365367+00:00,2022-10-22T00:00:00
NFL_TEN_00-0033659_2022W07_OUT_DNP,NFL,2022,7,2022_NFL_W07_IND_TEN,NFL_TEN,NFL_P_00-0033659,LB,,OUT,DNP,Knee,2022-10-22,nflverse,,2026-09-07T05:46:50.365367+00:00,2022-10-22T00:00:00
NFL_TEN_00-0037273_2022W07_QUESTIONABLE_LP,NFL,2022,7,2022_NFL_W07_IND_TEN,NFL_TEN,NFL_P_00-0037273,WR,,QUESTIONABLE,LP,Hamstring,2022-10-22,nflverse,,2026-09-07T05:46:50.365367+00:00,2022-10-22T00:00:00
NFL_WAS_00-0037833_2022W07_NA_DNP,NFL,2022,7,2022_NFL_W07_GB_WAS,NFL_WAS,NFL_P_00-0037833,CB,,UNKNOWN,DNP,Knee,2022-10-22,nflverse,,2026-09-07T05:46:50.365367+00:00,2022-10-22T00:00:00
NFL_WAS_00-0036626_2022W07_OUT_DNP,NFL,2022,7,2022_NFL_W07_GB_WAS,NFL_WAS,NFL_P_00-0036626,WR,,OUT,DNP,Groin,2022-10-22,nflverse,,2026-09-07T05:46:50.365367+00:00,2022-10-22T00:00:00
NFL_WAS_00-0033107_2022W07_OUT_DNP,NFL,2022,7,2022_NFL_W07_GB_WAS,NFL_WAS,NFL_P_00-0033107,CB,,OUT,DNP,Back,2022-10-22,nflverse,,2026-09-07T05:46:50.365367+00:00,2022-10-22T00:00:00
NFL_WAS_00-0031260_2022W07_OUT_DNP,NFL,2022,7,2022_NFL_W07_GB_WAS,NFL_WAS,NFL_P_00-0031260,TE,,OUT,DNP,Calf,2022-10-22,nflverse,,2026-09-07T05:46:50.365367+00:00,2022-10-22T00:00:00
NFL_WAS_00-0032950_2022W07_OUT_DNP,NFL,2022,7,2022_NFL_W07_GB_WAS,NFL_WAS,NFL_P_00-0032950,QB,,OUT,DNP,right Finger,2022-10-22,nflverse,,2026-09-07T05:46:50.365367+00:00,2022-10-22T00:00:00
NFL_WAS_00-0032975_2022W07_OUT_DNP,NFL,2022,7,2022_NFL_W07_GB_WAS,NFL_WAS,NFL_P_00-0032975,RB,,OUT,DNP,Knee,2022-10-22,nflverse,,2026-09-07T05:46:50.365367+00:00,2022-10-22T00:00:00
NFL_WAS_00-0037741_2022W07_QUESTIONABLE_DNP,NFL,2022,7,2022_NFL_W07_GB_WAS,NFL_WAS,NFL_P_00-0037741,WR,,QUESTIONABLE,DNP,Hamstring,2022-10-22,nflverse,,2026-09-07T05:46:50.365367+00:00,2022-10-22T00:00:00
NFL_WAS_00-0036628_2022W07_QUESTIONABLE_LP,NFL,2022,7,2022_NFL_W07_GB_WAS,NFL_WAS,NFL_P_00-0036628,TE,,QUESTIONABLE,LP,Hamstring,2022-10-22,nflverse,,2026-09-07T05:46:50.365367+00:00,2022-10-22T00:00:00
NFL_WAS_00-0036618_2022W07_QUESTIONABLE_LP,NFL,2022,7,2022_NFL_W07_GB_WAS,NFL_WAS,NFL_P_00-0036618,OL,,QUESTIONABLE,LP,Finger,2022-10-22,nflverse,,2026-09-07T05:46:50.365367+00:00,2022-10-22T00:00:00
NFL_ARI_00-0029316_2022W08_NA_LP,NFL,2022,8,2022_NFL_W08_ARI_MIN,NFL_ARI,NFL_P_00-0029316,OL,,UNKNOWN,LP,Not injury related - resting player,2022-10-29,nflverse,,2026-09-07T05:46:50.365367+00:00,2022-10-29T00:00:00
NFL_ARI_00-0030061_2022W08_NA_LP,NFL,2022,8,2022_NFL_W08_ARI_MIN,NFL_ARI,NFL_P_00-0030061,TE,,UNKNOWN,LP,Not injury related - resting player,2022-10-29,nflverse,,2026-09-07T05:46:50.365367+00:00,2022-10-29T00:00:00
NFL_ARI_00-0027949_2022W08_NA_LP,NFL,2022,8,2022_NFL_W08_ARI_MIN,NFL_ARI,NFL_P_00-0027949,EDGE,,UNKNOWN,LP,Not injury related - resting player,2022-10-29,nflverse,,2026-09-07T05:46:50.365367+00:00,2022-10-29T00:00:00
NFL_ARI_00-0033553_2022W08_OUT_DNP,NFL,2022,8,2022_NFL_W08_ARI_MIN,NFL_ARI,NFL_P_00-0033553,RB,,OUT,DNP,Ribs,2022-10-29,nflverse,,2026-09-07T05:46:50.365367+00:00,2022-10-29T00:00:00
NFL_ARI_00-0032132_2022W08_OUT_DNP,NFL,2022,8,2022_NFL_W08_ARI_MIN,NFL_ARI,NFL_P_00-0032132,OL,,OUT,DNP,Shoulder,2022-10-29,nflverse,,2026-09-07T05:46:50.365367+00:00,2022-10-29T00:00:00
NFL_ARI_00-0034473_2022W08_OUT_DNP,NFL,2022,8,2022_NFL_W08_ARI_MIN,NFL_ARI,NFL_P_00-0034473,LB,,OUT,DNP,Ankle,2022-10-29,nflverse,,2026-09-07T05:46:50.365367+00:00,2022-10-29T00:00:00
NFL_ARI_00-0027993_2022W08_OUT_DNP,NFL,2022,8,2022_NFL_W08_ARI_MIN,NFL_ARI,NFL_P_00-0027993,OL,,OUT,DNP,Knee,2022-10-29,nflverse,,2026-09-07T05:46:50.365367+00:00,2022-10-29T00:00:00
NFL_ARI_00-0037747_2022W08_OUT_DNP,NFL,2022,8,2022_NFL_W08_ARI_MIN,NFL_ARI,NFL_P_00-0037747,CB,,OUT,DNP,Hamstring,2022-10-29,nflverse,,2026-09-07T05:46:50.365367+00:00,2022-10-29T00:00:00
NFL_ARI_00-0032222_2022W08_QUESTIONABLE_LP,NFL,2022,8,2022_NFL_W08_ARI_MIN,NFL_ARI,NFL_P_00-0032222,OL,,QUESTIONABLE,LP,Back,2022-10-29,nflverse,,2026-09-07T05:46:50.365367+00:00,2022-10-29T00:00:00
NFL_ARI_00-0035236_2022W08_QUESTIONABLE_LP,NFL,2022,8,2022_NFL_W08_ARI_MIN,NFL_ARI,NFL_P_00-0035236,CB,,QUESTIONABLE,LP,Back,2022-10-29,nflverse,,2026-09-07T05:46:50.365367+00:00,2022-10-29T00:00:00
NFL_ARI_00-0023853_2022W08_QUESTIONABLE_LP,NFL,2022,8,2022_NFL_W08_ARI_MIN,NFL_ARI,NFL_P_00-0023853,K,,QUESTIONABLE,LP,right Hip,2022-10-29,nflverse,,2026-09-07T05:46:50.365367+00:00,2022-10-29T00:00:00
NFL_ARI_00-0034301_2022W08_QUESTIONABLE_LP,NFL,2022,8,2022_NFL_W08_ARI_MIN,NFL_ARI,NFL_P_00-0034301,RB,,QUESTIONABLE,LP,Knee,2022-10-29,nflverse,,2026-09-07T05:46:50.365367+00:00,2022-10-29T00:00:00
NFL_ATL_00-0036302_2022W08_OUT_DNP,NFL,2022,8,2022_NFL_W08_CAR_ATL,NFL_ATL,NFL_P_00-0036302,S,,OUT,DNP,Concussion,2022-10-29,nflverse,,2026-09-07T05:46:50.365367+00:00,2022-10-29T00:00:00
NFL_ATL_00-0036285_2022W08_OUT_DNP,NFL,2022,8,2022_NFL_W08_CAR_ATL,NFL_ATL,NFL_P_00-0036285,CB,,OUT,DNP,Hamstring,2022-10-29,nflverse,,2026-09-07T05:46:50.365367+00:00,2022-10-29T00:00:00
NFL_ATL_00-0037034_2022W08_QUESTIONABLE_LP,NFL,2022,8,2022_NFL_W08_CAR_ATL,NFL_ATL,NFL_P_00-0037034,CB,,QUESTIONABLE,LP,Hamstring,2022-10-29,nflverse,,2026-09-07T05:46:50.365367+00:00,2022-10-29T00:00:00
NFL_BAL_00-0026190_2022W08_OUT_DNP,NFL,2022,8,2022_NFL_W08_BAL_TB,NFL_BAL,NFL_P_00-0026190,EDGE,,OUT,DNP,Illness,2022-10-27,nflverse,,2026-09-07T05:46:50.365367+00:00,2022-10-27T00:00:00
NFL_BAL_00-0034753_2022W08_QUESTIONABLE_DNP,NFL,2022,8,2022_NFL_W08_BAL_TB,NFL_BAL,NFL_P_00-0034753,TE,,QUESTIONABLE,DNP,Knee,2022-10-27,nflverse,,2026-09-07T05:46:50.365367+00:00,2022-10-27T00:00:00
NFL_BAL_00-0036550_2022W08_QUESTIONABLE_FP,NFL,2022,8,2022_NFL_W08_BAL_TB,NFL_BAL,NFL_P_00-0036550,WR,,QUESTIONABLE,FP,Foot,2022-10-27,nflverse,,2026-09-07T05:46:50.365367+00:00,2022-10-27T00:00:00
NFL_BAL_00-0033281_2022W08_QUESTIONABLE_FP,NFL,2022,8,2022_NFL_W08_BAL_TB,NFL_BAL,NFL_P_00-0033281,CB,,QUESTIONABLE,FP,Hamstring,2022-10-27,nflverse,,2026-09-07T05:46:50.365367+00:00,2022-10-27T00:00:00
NFL_BAL_00-0032165_2022W08_QUESTIONABLE_FP,NFL,2022,8,2022_NFL_W08_BAL_TB,NFL_BAL,NFL_P_00-0032165,CB,,QUESTIONABLE,FP,Quadricep,2022-10-27,nflverse,,2026-09-07T05:46:50.365367+00:00,2022-10-27T00:00:00
NFL_BAL_00-0032965_2022W08_QUESTIONABLE_FP,NFL,2022,8,2022_NFL_W08_BAL_TB,NFL_BAL,NFL_P_00-0032965,OL,,QUESTIONABLE,FP,Ankle,2022-10-27,nflverse,,2026-09-07T05:46:50.365367+00:00,2022-10-27T00:00:00
NFL_BAL_00-0036987_2022W08_QUESTIONABLE_FP,NFL,2022,8,2022_NFL_W08_BAL_TB,NFL_BAL,NFL_P_00-0036987,CB,,QUESTIONABLE,FP,Abdomen,2022-10-27,nflverse,,2026-09-07T05:46:50.365367+00:00,2022-10-27T00:00:00
NFL_BAL_00-0028278_2022W08_QUESTIONABLE_LP,NFL,2022,8,2022_NFL_W08_BAL_TB,NFL_BAL,NFL_P_00-0028278,LB,,QUESTIONABLE,LP,Quadricep,2022-10-27,nflverse,,2026-09-07T05:46:50.365367+00:00,2022-10-27T00:00:00
NFL_BAL_00-0034184_2022W08_QUESTIONABLE_LP,NFL,2022,8,2022_NFL_W08_BAL_TB,NFL_BAL,NFL_P_00-0034184,RB,,QUESTIONABLE,LP,Knee,2022-10-27,nflverse,,2026-09-07T05:46:50.365367+00:00,2022-10-27T00:00:00
NFL_BUF_00-0031588_2022W08_NA_DNP,NFL,2022,8,2022_NFL_W08_GB_BUF,NFL_BUF,NFL_P_00-0031588,WR,,UNKNOWN,DNP,Not injury related - resting player,2022-10-30,nflverse,,2026-09-07T05:46:50.365367+00:00,2022-10-30T00:00:00
NFL_BUF_00-0027940_2022W08_NA_DNP,NFL,2022,8,2022_NFL_W08_GB_BUF,NFL_BUF,NFL_P_00-0027940,LB,,UNKNOWN,DNP,Not injury related - resting player,2022-10-30,nflverse,,2026-09-07T05:46:50.365367+00:00,2022-10-30T00:00:00
NFL_BUF_00-0030114_2022W08_NA_LP,NFL,2022,8,2022_NFL_W08_GB_BUF,NFL_BUF,NFL_P_00-0030114,S,,UNKNOWN,LP,Not injury related - resting player,2022-10-30,nflverse,,2026-09-07T05:46:50.365367+00:00,2022-10-30T00:00:00
NFL_BUF_00-0036976_2022W08_OUT_DNP,NFL,2022,8,2022_NFL_W08_GB_BUF,NFL_BUF,NFL_P_00-0036976,OL,,OUT,DNP,Ankle,2022-10-30,nflverse,,2026-09-07T05:46:50.365367+00:00,2022-10-30T00:00:00
NFL_BUF_00-0028063_2022W08_QUESTIONABLE_FP,NFL,2022,8,2022_NFL_W08_GB_BUF,NFL_BUF,NFL_P_00-0028063,RB,,QUESTIONABLE,FP,Knee,2022-10-30,nflverse,,2026-09-07T05:46:50.365367+00:00,2022-10-30T00:00:00
NFL_CAR_00-0036555_2022W08_OUT_DNP,NFL,2022,8,2022_NFL_W08_CAR_ATL,NFL_CAR,NFL_P_00-0036555,RB,,OUT,DNP,Ankle,2022-10-29,nflverse,,2026-09-07T05:46:50.365367+00:00,2022-10-29T00:00:00
NFL_CAR_00-0036944_2022W08_QUESTIONABLE_FP,NFL,2022,8,2022_NFL_W08_CAR_ATL,NFL_CAR,NFL_P_00-0036944,CB,,QUESTIONABLE,FP,Ribs,2022-10-29,nflverse,,2026-09-07T05:46:50.365367+00:00,2022-10-29T00:00:00
NFL_CAR_00-0032403_2022W08_QUESTIONABLE_LP,NFL,2022,8,2022_NFL_W08_CAR_ATL,NFL_CAR,NFL_P_00-0032403,S,,QUESTIONABLE,LP,Hip,2022-10-29,nflverse,,2026-09-07T05:46:50.365367+00:00,2022-10-29T00:00:00
NFL_CAR_00-0034382_2022W08_QUESTIONABLE_LP,NFL,2022,8,2022_NFL_W08_CAR_ATL,NFL_CAR,NFL_P_00-0034382,EDGE,,QUESTIONABLE,LP,Illness,2022-10-29,nflverse,,2026-09-07T05:46:50.365367+00:00,2022-10-29T00:00:00
NFL_CAR_00-0034302_2022W08_QUESTIONABLE_LP,NFL,2022,8,2022_NFL_W08_CAR_ATL,NFL_CAR,NFL_P_00-0034302,LB,,QUESTIONABLE,LP,Shoulder,2022-10-29,nflverse,,2026-09-07T05:46:50.365367+00:00,2022-10-29T00:00:00
NFL_CHI_00-0033082_2022W08_NA_DNP,NFL,2022,8,2022_NFL_W08_CHI_DAL,NFL_CHI,NFL_P_00-0033082,OL,,UNKNOWN,DNP,Toe,2022-10-29,nflverse,,2026-09-07T05:46:50.365367+00:00,2022-10-29T00:00:00
NFL_CHI_00-0036905_2022W08_OUT_DNP,NFL,2022,8,2022_NFL_W08_CHI_DAL,NFL_CHI,NFL_P_00-0036905,OL,,OUT,DNP,Concussion,2022-10-29,nflverse,,2026-09-07T05:46:50.365367+00:00,2022-10-29T00:00:00
NFL_CIN_00-0034830_2022W08_NA_LP,NFL,2022,8,2022_NFL_W08_CIN_CLE,NFL_CIN,NFL_P_00-0034830,TE,,UNKNOWN,LP,Groin,2022-10-31,nflverse,,2026-09-07T05:46:50.365367+00:00,2022-10-31T00:00:00
NFL_CIN_00-0036900_2022W08_OUT_DNP,NFL,2022,8,2022_NFL_W08_CIN_CLE,NFL_CIN,NFL_P_00-0036900,WR,,OUT,DNP,Hip,2022-10-31,nflverse,,2026-09-07T05:46:50.365367+00:00,2022-10-31T00:00:00
NFL_CIN_00-0035399_2022W08_OUT_DNP,NFL,2022,8,2022_NFL_W08_CIN_CLE,NFL_CIN,NFL_P_00-0035399,WR,,OUT,DNP,Hamstring,2022-10-31,nflverse,,2026-09-07T05:46:50.365367+00:00,2022-10-31T00:00:00
NFL_CIN_00-0033347_2022W08_OUT_DNP,NFL,2022,8,2022_NFL_W08_CIN_CLE,NFL_CIN,NFL_P_00-0033347,DL,,OUT,DNP,Calf,2022-10-31,nflverse,,2026-09-07T05:46:50.365367+00:00,2022-10-31T00:00:00
NFL_CIN_00-0032379_2022W08_DOUBTFUL_DNP,NFL,2022,8,2022_NFL_W08_CIN_CLE,NFL_CIN,NFL_P_00-0032379,CB,,DOUBTFUL,DNP,Hamstring,2022-10-31,nflverse,,2026-09-07T05:46:50.365367+00:00,2022-10-31T00:00:00
NFL_CLE_00-0031364_2022W08_NA_LP,NFL,2022,8,2022_NFL_W08_CIN_CLE,NFL_CLE,NFL_P_00-0031364,EDGE,,UNKNOWN,LP,Ankle,2022-10-31,nflverse,,2026-09-07T05:46:50.365367+00:00,2022-10-31T00:00:00
NFL_CLE_00-0032419_2022W08_OUT_DNP,NFL,2022,8,2022_NFL_W08_CIN_CLE,NFL_CLE,NFL_P_00-0032419,OL,,OUT,DNP,Concussion,2022-10-31,nflverse,,2026-09-07T05:46:50.365367+00:00,2022-10-31T00:00:00
NFL_CLE_00-0033885_2022W08_OUT_DNP,NFL,2022,8,2022_NFL_W08_CIN_CLE,NFL_CLE,NFL_P_00-0033885,TE,,OUT,DNP,Ankle,2022-10-31,nflverse,,2026-09-07T05:46:50.365367+00:00,2022-10-31T00:00:00
NFL_CLE_00-0034399_2022W08_OUT_DNP,NFL,2022,8,2022_NFL_W08_CIN_CLE,NFL_CLE,NFL_P_00-0034399,OL,,OUT,DNP,Calf,2022-10-31,nflverse,,2026-09-07T05:46:50.365367+00:00,2022-10-31T00:00:00
NFL_CLE_00-0034856_2022W08_OUT_DNP,NFL,2022,8,2022_NFL_W08_CIN_CLE,NFL_CLE,NFL_P_00-0034856,CB,,OUT,DNP,Concussion,2022-10-31,nflverse,,2026-09-07T05:46:50.365367+00:00,2022-10-31T00:00:00
NFL_CLE_00-0036915_2022W08_QUESTIONABLE_DNP,NFL,2022,8,2022_NFL_W08_CIN_CLE,NFL_CLE,NFL_P_00-0036915,LB,,QUESTIONABLE,DNP,Knee,2022-10-31,nflverse,,2026-09-07T05:46:50.365367+00:00,2022-10-31T00:00:00
NFL_CLE_00-0033439_2022W08_QUESTIONABLE_LP,NFL,2022,8,2022_NFL_W08_CIN_CLE,NFL_CLE,NFL_P_00-0033439,TE,,QUESTIONABLE,LP,Concussion,2022-10-31,nflverse,,2026-09-07T05:46:50.365367+00:00,2022-10-31T00:00:00
NFL_CLE_00-0036996_2022W08_QUESTIONABLE_LP,NFL,2022,8,2022_NFL_W08_CIN_CLE,NFL_CLE,NFL_P_00-0036996,CB,,QUESTIONABLE,LP,Oblique,2022-10-31,nflverse,,2026-09-07T05:46:50.365367+00:00,2022-10-31T00:00:00
NFL_CLE_00-0035638_2022W08_QUESTIONABLE_LP,NFL,2022,8,2022_NFL_W08_CIN_CLE,NFL_CLE,NFL_P_00-0035638,CB,,QUESTIONABLE,LP,Illness,2022-10-31,nflverse,,2026-09-07T05:46:50.365367+00:00,2022-10-31T00:00:00
NFL_DAL_00-0033045_2022W08_DOUBTFUL_DNP,NFL,2022,8,2022_NFL_W08_CHI_DAL,NFL_DAL,NFL_P_00-0033045,RB,,DOUBTFUL,DNP,Knee,2022-10-29,nflverse,,2026-09-07T05:46:50.365367+00:00,2022-10-29T00:00:00
NFL_DAL_00-0033591_2022W08_QUESTIONABLE_DNP,NFL,2022,8,2022_NFL_W08_CHI_DAL,NFL_DAL,NFL_P_00-0033591,WR,,QUESTIONABLE,DNP,Foot,2022-10-29,nflverse,,2026-09-07T05:46:50.365367+00:00,2022-10-29T00:00:00
NFL_DAL_00-0033877_2022W08_QUESTIONABLE_DNP,NFL,2022,8,2022_NFL_W08_CHI_DAL,NFL_DAL,NFL_P_00-0033877,S,,QUESTIONABLE,DNP,Hamstring,2022-10-29,nflverse,,2026-09-07T05:46:50.365367+00:00,2022-10-29T00:00:00
NFL_DAL_00-0037293_2022W08_QUESTIONABLE_LP,NFL,2022,8,2022_NFL_W08_CHI_DAL,NFL_DAL,NFL_P_00-0037293,LB,,QUESTIONABLE,LP,Achilles,2022-10-29,nflverse,,2026-09-07T05:46:50.365367+00:00,2022-10-29T00:00:00
NFL_DAL_00-0036932_2022W08_QUESTIONABLE_LP,NFL,2022,8,2022_NFL_W08_CHI_DAL,NFL_DAL,NFL_P_00-0036932,LB,,QUESTIONABLE,LP,Shoulder,2022-10-29,nflverse,,2026-09-07T05:46:50.365367+00:00,2022-10-29T00:00:00
NFL_DAL_00-0034383_2022W08_QUESTIONABLE_LP,NFL,2022,8,2022_NFL_W08_CHI_DAL,NFL_DAL,NFL_P_00-0034383,TE,,QUESTIONABLE,LP,Knee,2022-10-29,nflverse,,2026-09-07T05:46:50.365367+00:00,2022-10-29T00:00:00
NFL_DAL_00-0036036_2022W08_QUESTIONABLE_LP,NFL,2022,8,2022_NFL_W08_CHI_DAL,NFL_DAL,NFL_P_00-0036036,OL,,QUESTIONABLE,LP,Neck,2022-10-29,nflverse,,2026-09-07T05:46:50.365367+00:00,2022-10-29T00:00:00
NFL_DAL_00-0037665_2022W08_QUESTIONABLE_LP,NFL,2022,8,2022_NFL_W08_CHI_DAL,NFL_DAL,NFL_P_00-0037665,EDGE,,QUESTIONABLE,LP,Knee,2022-10-29,nflverse,,2026-09-07T05:46:50.365367+00:00,2022-10-29T00:00:00
NFL_DEN_00-0035862_2022W08_OUT_DNP,NFL,2022,8,2022_NFL_W08_DEN_JAX,NFL_DEN,NFL_P_00-0035862,CB,,OUT,DNP,Hamstring,2022-10-29,nflverse,,2026-09-07T05:46:50.365367+00:00,2022-10-29T00:00:00
NFL_DEN_00-0036995_2022W08_OUT_DNP,NFL,2022,8,2022_NFL_W08_DEN_JAX,NFL_DEN,NFL_P_00-0036995,LB,,OUT,DNP,Hip,2022-10-29,nflverse,,2026-09-07T05:46:50.365367+00:00,2022-10-29T00:00:00
NFL_DEN_00-0036439_2022W08_OUT_DNP,NFL,2022,8,2022_NFL_W08_DEN_JAX,NFL_DEN,NFL_P_00-0036439,WR,,OUT,DNP,Groin,2022-10-29,nflverse,,2026-09-07T05:46:50.365367+00:00,2022-10-29T00:00:00
NFL_DEN_00-0031067_2022W08_OUT_DNP,NFL,2022,8,2022_NFL_W08_DEN_JAX,NFL_DEN,NFL_P_00-0031067,OL,,OUT,DNP,Quadricep,2022-10-29,nflverse,,2026-09-07T05:46:50.365367+00:00,2022-10-29T00:00:00
NFL_DEN_00-0036633_2022W08_OUT_DNP,NFL,2022,8,2022_NFL_W08_DEN_JAX,NFL_DEN,NFL_P_00-0036633,S,,OUT,DNP,Hip,2022-10-29,nflverse,,2026-09-07T05:46:50.365367+00:00,2022-10-29T00:00:00
NFL_DEN_00-0035227_2022W08_QUESTIONABLE_NA,NFL,2022,8,2022_NFL_W08_DEN_JAX,NFL_DEN,NFL_P_00-0035227,S,,QUESTIONABLE,,Hamstring,2022-10-29,nflverse,,2026-09-07T05:46:50.365367+00:00,2022-10-29T00:00:00
NFL_DET_00-0034277_2022W08_OUT_DNP,NFL,2022,8,2022_NFL_W08_MIA_DET,NFL_DET,NFL_P_00-0034277,S,,OUT,DNP,Finger,2022-10-29,nflverse,,2026-09-07T05:46:50.365367+00:00,2022-10-29T00:00:00
NFL_DET_00-0033880_2022W08_OUT_DNP,NFL,2022,8,2022_NFL_W08_MIA_DET,NFL_DET,NFL_P_00-0033880,EDGE,,OUT,DNP,Groin,2022-10-29,nflverse,,2026-09-07T05:46:50.365367+00:00,2022-10-29T00:00:00
NFL_DET_00-0034843_2022W08_OUT_DNP,NFL,2022,8,2022_NFL_W08_MIA_DET,NFL_DET,NFL_P_00-0034843,CB,,OUT,DNP,Knee,2022-10-29,nflverse,,2026-09-07T05:46:50.365367+00:00,2022-10-29T00:00:00
NFL_DET_00-0037321_2022W08_OUT_DNP,NFL,2022,8,2022_NFL_W08_MIA_DET,NFL_DET,NFL_P_00-0037321,CB,,OUT,DNP,Ankle,2022-10-29,nflverse,,2026-09-07T05:46:50.365367+00:00,2022-10-29T00:00:00
NFL_DET_00-0036993_2022W08_OUT_DNP,NFL,2022,8,2022_NFL_W08_MIA_DET,NFL_DET,NFL_P_00-0036993,S,,OUT,DNP,Ankle,2022-10-29,nflverse,,2026-09-07T05:46:50.365367+00:00,2022-10-29T00:00:00
NFL_DET_00-0035328_2022W08_OUT_DNP,NFL,2022,8,2022_NFL_W08_MIA_DET,NFL_DET,NFL_P_00-0035328,OL,,OUT,DNP,Calf,2022-10-29,nflverse,,2026-09-07T05:46:50.365367+00:00,2022-10-29T00:00:00
NFL_DET_00-0036963_2022W08_QUESTIONABLE_FP,NFL,2022,8,2022_NFL_W08_MIA_DET,NFL_DET,NFL_P_00-0036963,WR,,QUESTIONABLE,FP,Concussion,2022-10-29,nflverse,,2026-09-07T05:46:50.365367+00:00,2022-10-29T00:00:00
NFL_DET_00-0036258_2022W08_QUESTIONABLE_LP,NFL,2022,8,2022_NFL_W08_MIA_DET,NFL_DET,NFL_P_00-0036258,OL,,QUESTIONABLE,LP,Neck,2022-10-29,nflverse,,2026-09-07T05:46:50.365367+00:00,2022-10-29T00:00:00
NFL_GB_00-0023459_2022W08_NA_LP,NFL,2022,8,2022_NFL_W08_GB_BUF,NFL_GB,NFL_P_00-0023459,QB,,UNKNOWN,LP,right Thumb,2022-10-30,nflverse,,2026-09-07T05:46:50.365367+00:00,2022-10-30T00:00:00
NFL_GB_00-0031325_2022W08_NA_LP,NFL,2022,8,2022_NFL_W08_GB_BUF,NFL_GB,NFL_P_00-0031325,WR,,UNKNOWN,LP,Hamstring,2022-10-30,nflverse,,2026-09-07T05:46:50.365367+00:00,2022-10-30T00:00:00
NFL_GB_00-0036645_2022W08_OUT_DNP,NFL,2022,8,2022_NFL_W08_GB_BUF,NFL_GB,NFL_P_00-0036645,CB,,OUT,DNP,Ankle,2022-10-30,nflverse,,2026-09-07T05:46:50.365367+00:00,2022-10-30T00:00:00
NFL_GB_00-0034521_2022W08_OUT_DNP,NFL,2022,8,2022_NFL_W08_GB_BUF,NFL_GB,NFL_P_00-0034521,WR,,OUT,DNP,Shoulder,2022-10-30,nflverse,,2026-09-07T05:46:50.365367+00:00,2022-10-30T00:00:00
NFL_GB_00-0034967_2022W08_QUESTIONABLE_FP,NFL,2022,8,2022_NFL_W08_GB_BUF,NFL_GB,NFL_P_00-0034967,LB,,QUESTIONABLE,FP,Concussion,2022-10-30,nflverse,,2026-09-07T05:46:50.365367+00:00,2022-10-30T00:00:00
NFL_GB_00-0030074_2022W08_QUESTIONABLE_LP,NFL,2022,8,2022_NFL_W08_GB_BUF,NFL_GB,NFL_P_00-0030074,OL,,QUESTIONABLE,LP,Knee,2022-10-30,nflverse,,2026-09-07T05:46:50.365367+00:00,2022-10-30T00:00:00
NFL_GB_00-0035526_2022W08_QUESTIONABLE_LP,NFL,2022,8,2022_NFL_W08_GB_BUF,NFL_GB,NFL_P_00-0035526,OL,,QUESTIONABLE,LP,Knee,2022-10-30,nflverse,,2026-09-07T05:46:50.365367+00:00,2022-10-30T00:00:00
NFL_GB_00-0038124_2022W08_QUESTIONABLE_LP,NFL,2022,8,2022_NFL_W08_GB_BUF,NFL_GB,NFL_P_00-0038124,WR,,QUESTIONABLE,LP,Hamstring,2022-10-30,nflverse,,2026-09-07T05:46:50.365367+00:00,2022-10-30T00:00:00
NFL_HOU_00-0027881_2022W08_NA_DNP,NFL,2022,8,2022_NFL_W08_TEN_HOU,NFL_HOU,NFL_P_00-0027881,EDGE,,UNKNOWN,DNP,Not injury related - resting player,2022-10-29,nflverse,,2026-09-07T05:46:50.365367+00:00,2022-10-29T00:00:00
NFL_HOU_00-0032255_2022W08_QUESTIONABLE_DNP,NFL,2022,8,2022_NFL_W08_TEN_HOU,NFL_HOU,NFL_P_00-0032255,OL,,QUESTIONABLE,DNP,Illness,2022-10-29,nflverse,,2026-09-07T05:46:50.365367+00:00,2022-10-29T00:00:00
NFL_HOU_00-0033131_2022W08_QUESTIONABLE_DNP,NFL,2022,8,2022_NFL_W08_TEN_HOU,NFL_HOU,NFL_P_00-0033131,DL,,QUESTIONABLE,DNP,Chest,2022-10-29,nflverse,,2026-09-07T05:46:50.365367+00:00,2022-10-29T00:00:00
NFL_HOU_00-0036554_2022W08_QUESTIONABLE_DNP,NFL,2022,8,2022_NFL_W08_TEN_HOU,NFL_HOU,NFL_P_00-0036554,WR,,QUESTIONABLE,DNP,Groin,2022-10-29,nflverse,,2026-09-07T05:46:50.365367+00:00,2022-10-29T00:00:00
NFL_HOU_00-0031236_2022W08_QUESTIONABLE_FP,NFL,2022,8,2022_NFL_W08_TEN_HOU,NFL_HOU,NFL_P_00-0031236,WR,,QUESTIONABLE,FP,Wrist,2022-10-29,nflverse,,2026-09-07T05:46:50.365367+00:00,2022-10-29T00:00:00
NFL_HOU_00-0037613_2022W08_QUESTIONABLE_FP,NFL,2022,8,2022_NFL_W08_TEN_HOU,NFL_HOU,NFL_P_00-0037613,OL,,QUESTIONABLE,FP,Shoulder,2022-10-29,nflverse,,2026-09-07T05:46:50.365367+00:00,2022-10-29T00:00:00
NFL_HOU_00-0030792_2022W08_QUESTIONABLE_FP,NFL,2022,8,2022_NFL_W08_TEN_HOU,NFL_HOU,NFL_P_00-0030792,OL,,QUESTIONABLE,FP,Hand,2022-10-29,nflverse,,2026-09-07T05:46:50.365367+00:00,2022-10-29T00:00:00
NFL_HOU_00-0034831_2022W08_QUESTIONABLE_LP,NFL,2022,8,2022_NFL_W08_TEN_HOU,NFL_HOU,NFL_P_00-0034831,EDGE,,QUESTIONABLE,LP,Knee,2022-10-29,nflverse,,2026-09-07T05:46:50.365367+00:00,2022-10-29T00:00:00
NFL_IND_00-0032378_2022W08_NA_DNP,NFL,2022,8,2022_NFL_W08_WAS_IND,NFL_IND,NFL_P_00-0032378,DL,,UNKNOWN,DNP,Not injury related - resting player,2022-10-29,nflverse,,2026-09-07T05:46:50.365367+00:00,2022-10-29T00:00:00
NFL_IND_00-0036479_2022W08_OUT_DNP,NFL,2022,8,2022_NFL_W08_WAS_IND,NFL_IND,NFL_P_00-0036479,EDGE,,OUT,DNP,Ankle,2022-10-29,nflverse,,2026-09-07T05:46:50.365367+00:00,2022-10-29T00:00:00
NFL_IND_00-0026143_2022W08_OUT_DNP,NFL,2022,8,2022_NFL_W08_WAS_IND,NFL_IND,NFL_P_00-0026143,QB,,OUT,DNP,right Shoulder,2022-10-29,nflverse,,2026-09-07T05:46:50.365367+00:00,2022-10-29T00:00:00
NFL_IND_00-0036672_2022W08_OUT_DNP,NFL,2022,8,2022_NFL_W08_WAS_IND,NFL_IND,NFL_P_00-0036672,LB,,OUT,DNP,Pectoral,2022-10-29,nflverse,,2026-09-07T05:46:50.365367+00:00,2022-10-29T00:00:00
NFL_IND_00-0033393_2022W08_QUESTIONABLE_LP,NFL,2022,8,2022_NFL_W08_WAS_IND,NFL_IND,NFL_P_00-0033393,CB,,QUESTIONABLE,LP,Finger,2022-10-29,nflverse,,2026-09-07T05:46:50.365367+00:00,2022-10-29T00:00:00
NFL_JAX_00-0034903_2022W08_OUT_DNP,NFL,2022,8,2022_NFL_W08_DEN_JAX,NFL_JAX,NFL_P_00-0034903,CB,,OUT,DNP,Not injury related - did not travel,2022-10-29,nflverse,,2026-09-07T05:46:50.365367+00:00,2022-10-29T00:00:00
NFL_JAX_00-0036853_2022W08_OUT_DNP,NFL,2022,8,2022_NFL_W08_DEN_JAX,NFL_JAX,NFL_P_00-0036853,S,,OUT,DNP,Not injury related - did not travel,2022-10-29,nflverse,,2026-09-07T05:46:50.365367+00:00,2022-10-29T00:00:00
NFL_JAX_00-0033064_2022W08_OUT_DNP,NFL,2022,8,2022_NFL_W08_DEN_JAX,NFL_JAX,NFL_P_00-0033064,EDGE,,OUT,DNP,Not injury related - did not travel,2022-10-29,nflverse,,2026-09-07T05:46:50.365367+00:00,2022-10-29T00:00:00
NFL_JAX_00-0033572_2022W08_QUESTIONABLE_LP,NFL,2022,8,2022_NFL_W08_DEN_JAX,NFL_JAX,NFL_P_00-0033572,WR,,QUESTIONABLE,LP,Knee,2022-10-29,nflverse,,2026-09-07T05:46:50.365367+00:00,2022-10-29T00:00:00
NFL_LAR_00-0036419_2022W08_NA_DNP,NFL,2022,8,2022_NFL_W08_SF_LAR,NFL_LAR,NFL_P_00-0036419,LB,,UNKNOWN,DNP,Not injury related - personal matter,2022-10-29,nflverse,,2026-09-07T05:46:50.365367+00:00,2022-10-29T00:00:00
NFL_LAR_00-0036415_2022W08_NA_LP,NFL,2022,8,2022_NFL_W08_SF_LAR,NFL_LAR,NFL_P_00-0036415,WR,,UNKNOWN,LP,Knee,2022-10-29,nflverse,,2026-09-07T05:46:50.365367+00:00,2022-10-29T00:00:00
NFL_LAR_00-0036414_2022W08_OUT_DNP,NFL,2022,8,2022_NFL_W08_SF_LAR,NFL_LAR,NFL_P_00-0036414,RB,,OUT,DNP,Not injury related - personal matter,2022-10-29,nflverse,,2026-09-07T05:46:50.365367+00:00,2022-10-29T00:00:00
NFL_LAR_00-0034646_2022W08_QUESTIONABLE_LP,NFL,2022,8,2022_NFL_W08_SF_LAR,NFL_LAR,NFL_P_00-0034646,WR,,QUESTIONABLE,LP,Ankle,2022-10-29,nflverse,,2026-09-07T05:46:50.365367+00:00,2022-10-29T00:00:00
NFL_LV_00-0035693_2022W08_QUESTIONABLE_LP,NFL,2022,8,2022_NFL_W08_LV_NO,NFL_LV,NFL_P_00-0035693,S,,QUESTIONABLE,LP,Illness,2022-10-29,nflverse,,2026-09-07T05:46:50.365367+00:00,2022-10-29T00:00:00
NFL_LV_00-0031381_2022W08_QUESTIONABLE_LP,NFL,2022,8,2022_NFL_W08_LV_NO,NFL_LV,NFL_P_00-0031381,WR,,QUESTIONABLE,LP,Illness,2022-10-29,nflverse,,2026-09-07T05:46:50.365367+00:00,2022-10-29T00:00:00
NFL_LV_00-0033324_2022W08_QUESTIONABLE_LP,NFL,2022,8,2022_NFL_W08_LV_NO,NFL_LV,NFL_P_00-0033324,EDGE,,QUESTIONABLE,LP,Illness,2022-10-29,nflverse,,2026-09-07T05:46:50.365367+00:00,2022-10-29T00:00:00
NFL_LV_00-0036990_2022W08_QUESTIONABLE_LP,NFL,2022,8,2022_NFL_W08_LV_NO,NFL_LV,NFL_P_00-0036990,LB,,QUESTIONABLE,LP,Back,2022-10-29,nflverse,,2026-09-07T05:46:50.365367+00:00,2022-10-29T00:00:00
NFL_LV_00-0033555_2022W08_QUESTIONABLE_LP,NFL,2022,8,2022_NFL_W08_LV_NO,NFL_LV,NFL_P_00-0033555,WR,,QUESTIONABLE,LP,Heel,2022-10-29,nflverse,,2026-09-07T05:46:50.365367+00:00,2022-10-29T00:00:00
NFL_LV_00-0036527_2022W08_QUESTIONABLE_LP,NFL,2022,8,2022_NFL_W08_LV_NO,NFL_LV,NFL_P_00-0036527,WR,,QUESTIONABLE,LP,Hamstring,2022-10-29,nflverse,,2026-09-07T05:46:50.365367+00:00,2022-10-29T00:00:00
NFL_LV_00-0031610_2022W08_QUESTIONABLE_LP,NFL,2022,8,2022_NFL_W08_LV_NO,NFL_LV,NFL_P_00-0031610,TE,,QUESTIONABLE,LP,Hamstring,2022-10-29,nflverse,,2026-09-07T05:46:50.365367+00:00,2022-10-29T00:00:00
NFL_MIA_00-0030067_2022W08_NA_DNP,NFL,2022,8,2022_NFL_W08_MIA_DET,NFL_MIA,NFL_P_00-0030067,OL,,UNKNOWN,DNP,Toe,2022-10-29,nflverse,,2026-09-07T05:46:50.365367+00:00,2022-10-29T00:00:00
NFL_MIA_00-0029249_2022W08_NA_DNP,NFL,2022,8,2022_NFL_W08_MIA_DET,NFL_MIA,NFL_P_00-0029249,LB,,UNKNOWN,DNP,Not injury related - resting player,2022-10-29,nflverse,,2026-09-07T05:46:50.365367+00:00,2022-10-29T00:00:00
NFL_MIA_00-0031687_2022W08_NA_LP,NFL,2022,8,2022_NFL_W08_MIA_DET,NFL_MIA,NFL_P_00-0031687,RB,,UNKNOWN,LP,Knee,2022-10-29,nflverse,,2026-09-07T05:46:50.365367+00:00,2022-10-29T00:00:00
NFL_MIA_00-0035231_2022W08_NA_LP,NFL,2022,8,2022_NFL_W08_MIA_DET,NFL_MIA,NFL_P_00-0035231,DL,,UNKNOWN,LP,Hand,2022-10-29,nflverse,,2026-09-07T05:46:50.365367+00:00,2022-10-29T00:00:00
NFL_MIA_00-0034054_2022W08_OUT_NA,NFL,2022,8,2022_NFL_W08_MIA_DET,NFL_MIA,NFL_P_00-0034054,WR,,OUT,,Neck,2022-10-29,nflverse,,2026-09-07T05:46:50.365367+00:00,2022-10-29T00:00:00
NFL_MIA_00-0033073_2022W08_QUESTIONABLE_FP,NFL,2022,8,2022_NFL_W08_MIA_DET,NFL_MIA,NFL_P_00-0033073,EDGE,,QUESTIONABLE,FP,Back,2022-10-29,nflverse,,2026-09-07T05:46:50.365367+00:00,2022-10-29T00:00:00
NFL_MIA_00-0037348_2022W08_QUESTIONABLE_LP,NFL,2022,8,2022_NFL_W08_MIA_DET,NFL_MIA,NFL_P_00-0037348,WR,,QUESTIONABLE,LP,Knee,2022-10-29,nflverse,,2026-09-07T05:46:50.365367+00:00,2022-10-29T00:00:00
NFL_MIA_00-0032807_2022W08_QUESTIONABLE_LP,NFL,2022,8,2022_NFL_W08_MIA_DET,NFL_MIA,NFL_P_00-0032807,S,,QUESTIONABLE,LP,Groin,2022-10-29,nflverse,,2026-09-07T05:46:50.365367+00:00,2022-10-29T00:00:00
NFL_MIA_00-0033050_2022W08_QUESTIONABLE_LP,NFL,2022,8,2022_NFL_W08_MIA_DET,NFL_MIA,NFL_P_00-0033050,CB,,QUESTIONABLE,LP,Groin,2022-10-29,nflverse,,2026-09-07T05:46:50.365367+00:00,2022-10-29T00:00:00
NFL_MIA_00-0027114_2022W08_QUESTIONABLE_LP,NFL,2022,8,2022_NFL_W08_MIA_DET,NFL_MIA,NFL_P_00-0027114,P,,QUESTIONABLE,LP,Illness,2022-10-29,nflverse,,2026-09-07T05:46:50.365367+00:00,2022-10-29T00:00:00
NFL_MIA_00-0034798_2022W08_QUESTIONABLE_LP,NFL,2022,8,2022_NFL_W08_MIA_DET,NFL_MIA,NFL_P_00-0034798,TE,,QUESTIONABLE,LP,Hamstring,2022-10-29,nflverse,,2026-09-07T05:46:50.365367+00:00,2022-10-29T00:00:00
NFL_MIN_00-0033093_2022W08_QUESTIONABLE_DNP,NFL,2022,8,2022_NFL_W08_ARI_MIN,NFL_MIN,NFL_P_00-0033093,EDGE,,QUESTIONABLE,DNP,Illness,2022-10-29,nflverse,,2026-09-07T05:46:50.365367+00:00,2022-10-29T00:00:00
NFL_NE_00-0031852_2022W08_OUT_DNP,NFL,2022,8,2022_NFL_W08_NE_NYJ,NFL_NE,NFL_P_00-0031852,OL,,OUT,DNP,Concussion,2022-10-29,nflverse,,2026-09-07T05:46:50.365367+00:00,2022-10-29T00:00:00
NFL_NE_00-0036981_2022W08_OUT_DNP,NFL,2022,8,2022_NFL_W08_NE_NYJ,NFL_NE,NFL_P_00-0036981,DL,,OUT,DNP,Knee,2022-10-29,nflverse,,2026-09-07T05:46:50.365367+00:00,2022-10-29T00:00:00
NFL_NE_00-0031549_2022W08_QUESTIONABLE_LP,NFL,2022,8,2022_NFL_W08_NE_NYJ,NFL_NE,NFL_P_00-0031549,WR,,QUESTIONABLE,LP,Hamstring,2022-10-29,nflverse,,2026-09-07T05:46:50.365367+00:00,2022-10-29T00:00:00
NFL_NE_00-0036231_2022W08_QUESTIONABLE_LP,NFL,2022,8,2022_NFL_W08_NE_NYJ,NFL_NE,NFL_P_00-0036231,S,,QUESTIONABLE,LP,Ankle,2022-10-29,nflverse,,2026-09-07T05:46:50.365367+00:00,2022-10-29T00:00:00
NFL_NE_00-0036193_2022W08_QUESTIONABLE_LP,NFL,2022,8,2022_NFL_W08_NE_NYJ,NFL_NE,NFL_P_00-0036193,LB,,QUESTIONABLE,LP,Calf,2022-10-29,nflverse,,2026-09-07T05:46:50.365367+00:00,2022-10-29T00:00:00
NFL_NE_00-0032580_2022W08_QUESTIONABLE_LP,NFL,2022,8,2022_NFL_W08_NE_NYJ,NFL_NE,NFL_P_00-0032580,CB,,QUESTIONABLE,LP,Ankle,2022-10-29,nflverse,,2026-09-07T05:46:50.365367+00:00,2022-10-29T00:00:00
NFL_NE_00-0032415_2022W08_QUESTIONABLE_LP,NFL,2022,8,2022_NFL_W08_NE_NYJ,NFL_NE,NFL_P_00-0032415,LB,,QUESTIONABLE,LP,Back,2022-10-29,nflverse,,2026-09-07T05:46:50.365367+00:00,2022-10-29T00:00:00
NFL_NE_00-0031404_2022W08_QUESTIONABLE_LP,NFL,2022,8,2022_NFL_W08_NE_NYJ,NFL_NE,NFL_P_00-0031404,S,,QUESTIONABLE,LP,Shoulder,2022-10-29,nflverse,,2026-09-07T05:46:50.365367+00:00,2022-10-29T00:00:00
NFL_NE_00-0036159_2022W08_QUESTIONABLE_LP,NFL,2022,8,2022_NFL_W08_NE_NYJ,NFL_NE,NFL_P_00-0036159,LB,,QUESTIONABLE,LP,Hamstring,2022-10-29,nflverse,,2026-09-07T05:46:50.365367+00:00,2022-10-29T00:00:00
NFL_NE_00-0034833_2022W08_QUESTIONABLE_LP,NFL,2022,8,2022_NFL_W08_NE_NYJ,NFL_NE,NFL_P_00-0034833,OL,,QUESTIONABLE,LP,Shoulder,2022-10-29,nflverse,,2026-09-07T05:46:50.365367+00:00,2022-10-29T00:00:00
NFL_NO_00-0031382_2022W08_OUT_DNP,NFL,2022,8,2022_NFL_W08_LV_NO,NFL_NO,NFL_P_00-0031382,WR,,OUT,DNP,Ankle,2022-10-29,nflverse,,2026-09-07T05:46:50.365367+00:00,2022-10-29T00:00:00
NFL_NO_00-0033874_2022W08_OUT_DNP,NFL,2022,8,2022_NFL_W08_LV_NO,NFL_NO,NFL_P_00-0033874,CB,,OUT,DNP,Abdomen,2022-10-29,nflverse,,2026-09-07T05:46:50.365367+00:00,2022-10-29T00:00:00
NFL_NO_00-0032765_2022W08_OUT_DNP,NFL,2022,8,2022_NFL_W08_LV_NO,NFL_NO,NFL_P_00-0032765,WR,,OUT,DNP,Foot,2022-10-29,nflverse,,2026-09-07T05:46:50.365367+00:00,2022-10-29T00:00:00
NFL_NO_00-0033051_2022W08_QUESTIONABLE_DNP,NFL,2022,8,2022_NFL_W08_LV_NO,NFL_NO,NFL_P_00-0033051,DL,,QUESTIONABLE,DNP,Illness,2022-10-29,nflverse,,2026-09-07T05:46:50.365367+00:00,2022-10-29T00:00:00
NFL_NO_00-0036937_2022W08_QUESTIONABLE_LP,NFL,2022,8,2022_NFL_W08_LV_NO,NFL_NO,NFL_P_00-0036937,CB,,QUESTIONABLE,LP,Knee,2022-10-29,nflverse,,2026-09-07T05:46:50.365367+00:00,2022-10-29T00:00:00
NFL_NO_00-0036040_2022W08_QUESTIONABLE_LP,NFL,2022,8,2022_NFL_W08_LV_NO,NFL_NO,NFL_P_00-0036040,TE,,QUESTIONABLE,LP,Hamstring,2022-10-29,nflverse,,2026-09-07T05:46:50.365367+00:00,2022-10-29T00:00:00
NFL_NO_00-0032203_2022W08_QUESTIONABLE_LP,NFL,2022,8,2022_NFL_W08_LV_NO,NFL_NO,NFL_P_00-0032203,OL,,QUESTIONABLE,LP,Chest,2022-10-29,nflverse,,2026-09-07T05:46:50.365367+00:00,2022-10-29T00:00:00
NFL_NO_00-0036422_2022W08_QUESTIONABLE_LP,NFL,2022,8,2022_NFL_W08_LV_NO,NFL_NO,NFL_P_00-0036422,TE,,QUESTIONABLE,LP,Ankle,2022-10-29,nflverse,,2026-09-07T05:46:50.365367+00:00,2022-10-29T00:00:00
NFL_NYG_00-0036913_2022W08_NA_DNP,NFL,2022,8,2022_NFL_W08_NYG_SEA,NFL_NYG,NFL_P_00-0036913,WR,,UNKNOWN,DNP,Hamstring,2022-10-29,nflverse,,2026-09-07T05:46:50.365367+00:00,2022-10-29T00:00:00
NFL_NYG_00-0038115_2022W08_OUT_DNP,NFL,2022,8,2022_NFL_W08_NYG_SEA,NFL_NYG,NFL_P_00-0038115,TE,,OUT,DNP,Eye,2022-10-29,nflverse,,2026-09-07T05:46:50.365367+00:00,2022-10-29T00:00:00
NFL_NYG_00-0036132_2022W08_OUT_DNP,NFL,2022,8,2022_NFL_W08_NYG_SEA,NFL_NYG,NFL_P_00-0036132,OL,,OUT,DNP,Knee,2022-10-29,nflverse,,2026-09-07T05:46:50.365367+00:00,2022-10-29T00:00:00
NFL_NYG_00-0037758_2022W08_OUT_DNP,NFL,2022,8,2022_NFL_W08_NYG_SEA,NFL_NYG,NFL_P_00-0037758,CB,,OUT,DNP,Calf,2022-10-29,nflverse,,2026-09-07T05:46:50.365367+00:00,2022-10-29T00:00:00
NFL_NYG_00-0033932_2022W08_OUT_DNP,NFL,2022,8,2022_NFL_W08_NYG_SEA,NFL_NYG,NFL_P_00-0033932,WR,,OUT,DNP,Knee,2022-10-29,nflverse,,2026-09-07T05:46:50.365367+00:00,2022-10-29T00:00:00
NFL_NYG_00-0037612_2022W08_OUT_DNP,NFL,2022,8,2022_NFL_W08_NYG_SEA,NFL_NYG,NFL_P_00-0037612,OL,,OUT,DNP,Knee,2022-10-29,nflverse,,2026-09-07T05:46:50.365367+00:00,2022-10-29T00:00:00
NFL_NYG_00-0035708_2022W08_OUT_DNP,NFL,2022,8,2022_NFL_W08_NYG_SEA,NFL_NYG,NFL_P_00-0035708,LB,,OUT,DNP,Quadricep,2022-10-29,nflverse,,2026-09-07T05:46:50.365367+00:00,2022-10-29T00:00:00
NFL_NYG_00-0036214_2022W08_QUESTIONABLE_LP,NFL,2022,8,2022_NFL_W08_NYG_SEA,NFL_NYG,NFL_P_00-0036214,OL,,QUESTIONABLE,LP,Toe,2022-10-29,nflverse,,2026-09-07T05:46:50.365367+00:00,2022-10-29T00:00:00
NFL_NYG_00-0036502_2022W08_QUESTIONABLE_LP,NFL,2022,8,2022_NFL_W08_NYG_SEA,NFL_NYG,NFL_P_00-0036502,S,,QUESTIONABLE,LP,Foot,2022-10-29,nflverse,,2026-09-07T05:46:50.365367+00:00,2022-10-29T00:00:00
NFL_NYG_00-0031933_2022W08_QUESTIONABLE_LP,NFL,2022,8,2022_NFL_W08_NYG_SEA,NFL_NYG,NFL_P_00-0031933,DL,,QUESTIONABLE,LP,Elbow,2022-10-29,nflverse,,2026-09-07T05:46:50.365367+00:00,2022-10-29T00:00:00
NFL_NYJ_00-0033871_2022W08_OUT_DNP,NFL,2022,8,2022_NFL_W08_NE_NYJ,NFL_NYJ,NFL_P_00-0033871,WR,,OUT,DNP,Knee,2022-10-29,nflverse,,2026-09-07T05:46:50.365367+00:00,2022-10-29T00:00:00
NFL_NYJ_00-0026166_2022W08_QUESTIONABLE_FP,NFL,2022,8,2022_NFL_W08_NE_NYJ,NFL_NYJ,NFL_P_00-0026166,OL,,QUESTIONABLE,FP,Shoulder,2022-10-29,nflverse,,2026-09-07T05:46:50.365367+00:00,2022-10-29T00:00:00
NFL_NYJ_00-0037663_2022W08_QUESTIONABLE_FP,NFL,2022,8,2022_NFL_W08_NE_NYJ,NFL_NYJ,NFL_P_00-0037663,EDGE,,QUESTIONABLE,FP,Ankle,2022-10-29,nflverse,,2026-09-07T05:46:50.365367+00:00,2022-10-29T00:00:00
NFL_PHI_00-0032890_2022W08_NA_LP,NFL,2022,8,2022_NFL_W08_PIT_PHI,NFL_PHI,NFL_P_00-0032890,CB,,UNKNOWN,LP,Not injury related - resting player,2022-10-29,nflverse,,2026-09-07T05:46:50.365367+00:00,2022-10-29T00:00:00
NFL_PHI_00-0035676_2022W08_NA_LP,NFL,2022,8,2022_NFL_W08_PIT_PHI,NFL_PHI,NFL_P_00-0035676,WR,,UNKNOWN,LP,Not injury related - resting player,2022-10-29,nflverse,,2026-09-07T05:46:50.365367+00:00,2022-10-29T00:00:00
NFL_PHI_00-0029653_2022W08_NA_LP,NFL,2022,8,2022_NFL_W08_PIT_PHI,NFL_PHI,NFL_P_00-0029653,DL,,UNKNOWN,LP,Not injury related - resting player,2022-10-29,nflverse,,2026-09-07T05:46:50.365367+00:00,2022-10-29T00:00:00
NFL_PHI_00-0037002_2022W08_NA_LP,NFL,2022,8,2022_NFL_W08_PIT_PHI,NFL_PHI,NFL_P_00-0037002,OL,,UNKNOWN,LP,Not injury related - resting player,2022-10-29,nflverse,,2026-09-07T05:46:50.365367+00:00,2022-10-29T00:00:00
NFL_PHI_00-0027865_2022W08_NA_LP,NFL,2022,8,2022_NFL_W08_PIT_PHI,NFL_PHI,NFL_P_00-0027865,EDGE,,UNKNOWN,LP,Hamstring,2022-10-29,nflverse,,2026-09-07T05:46:50.365367+00:00,2022-10-29T00:00:00
NFL_PHI_00-0036389_2022W08_NA_LP,NFL,2022,8,2022_NFL_W08_PIT_PHI,NFL_PHI,NFL_P_00-0036389,QB,,UNKNOWN,LP,Not injury related - personal matter,2022-10-29,nflverse,,2026-09-07T05:46:50.365367+00:00,2022-10-29T00:00:00
NFL_PHI_00-0028129_2022W08_NA_LP,NFL,2022,8,2022_NFL_W08_PIT_PHI,NFL_PHI,NFL_P_00-0028129,OL,,UNKNOWN,LP,Not injury related - resting player,2022-10-29,nflverse,,2026-09-07T05:46:50.365367+00:00,2022-10-29T00:00:00
NFL_PHI_00-0030062_2022W08_NA_LP,NFL,2022,8,2022_NFL_W08_PIT_PHI,NFL_PHI,NFL_P_00-0030062,CB,,UNKNOWN,LP,Not injury related - resting player,2022-10-29,nflverse,,2026-09-07T05:46:50.365367+00:00,2022-10-29T00:00:00
NFL_PHI_00-0034381_2022W08_NA_LP,NFL,2022,8,2022_NFL_W08_PIT_PHI,NFL_PHI,NFL_P_00-0034381,EDGE,,UNKNOWN,LP,Not injury related - resting player,2022-10-29,nflverse,,2026-09-07T05:46:50.365367+00:00,2022-10-29T00:00:00
NFL_PIT_00-0033905_2022W08_OUT_DNP,NFL,2022,8,2022_NFL_W08_PIT_PHI,NFL_PIT,NFL_P_00-0033905,DL,,OUT,DNP,Knee,2022-10-29,nflverse,,2026-09-07T05:46:50.365367+00:00,2022-10-29T00:00:00
NFL_PIT_00-0034514_2022W08_OUT_DNP,NFL,2022,8,2022_NFL_W08_PIT_PHI,NFL_PIT,NFL_P_00-0034514,CB,,OUT,DNP,Shoulder,2022-10-29,nflverse,,2026-09-07T05:46:50.365367+00:00,2022-10-29T00:00:00
NFL_PIT_00-0031136_2022W08_QUESTIONABLE_DNP,NFL,2022,8,2022_NFL_W08_PIT_PHI,NFL_PIT,NFL_P_00-0031136,K,,QUESTIONABLE,DNP,Groin,2022-10-29,nflverse,,2026-09-07T05:46:50.365367+00:00,2022-10-29T00:00:00
NFL_PIT_00-0034751_2022W08_QUESTIONABLE_LP,NFL,2022,8,2022_NFL_W08_PIT_PHI,NFL_PIT,NFL_P_00-0034751,CB,,QUESTIONABLE,LP,Groin,2022-10-29,nflverse,,2026-09-07T05:46:50.365367+00:00,2022-10-29T00:00:00
NFL_SEA_00-0028292_2022W08_OUT_DNP,NFL,2022,8,2022_NFL_W08_NYG_SEA,NFL_SEA,NFL_P_00-0028292,LB,,OUT,DNP,Concussion,2022-10-29,nflverse,,2026-09-07T05:46:50.365367+00:00,2022-10-29T00:00:00
NFL_SEA_00-0035022_2022W08_DOUBTFUL_DNP,NFL,2022,8,2022_NFL_W08_NYG_SEA,NFL_SEA,NFL_P_00-0035022,WR,,DOUBTFUL,DNP,Hamstring,2022-10-29,nflverse,,2026-09-07T05:46:50.365367+00:00,2022-10-29T00:00:00
NFL_SEA_00-0035141_2022W08_QUESTIONABLE_FP,NFL,2022,8,2022_NFL_W08_NYG_SEA,NFL_SEA,NFL_P_00-0035141,OL,,QUESTIONABLE,FP,Concussion,2022-10-29,nflverse,,2026-09-07T05:46:50.365367+00:00,2022-10-29T00:00:00
NFL_SEA_00-0033543_2022W08_QUESTIONABLE_FP,NFL,2022,8,2022_NFL_W08_NYG_SEA,NFL_SEA,NFL_P_00-0033543,CB,,QUESTIONABLE,FP,Groin,2022-10-29,nflverse,,2026-09-07T05:46:50.365367+00:00,2022-10-29T00:00:00
NFL_SEA_00-0034234_2022W08_QUESTIONABLE_LP,NFL,2022,8,2022_NFL_W08_NYG_SEA,NFL_SEA,NFL_P_00-0034234,EDGE,,QUESTIONABLE,LP,Ankle,2022-10-29,nflverse,,2026-09-07T05:46:50.365367+00:00,2022-10-29T00:00:00
NFL_SEA_00-0031367_2022W08_QUESTIONABLE_LP,NFL,2022,8,2022_NFL_W08_NYG_SEA,NFL_SEA,NFL_P_00-0031367,OL,,QUESTIONABLE,LP,Hip,2022-10-29,nflverse,,2026-09-07T05:46:50.365367+00:00,2022-10-29T00:00:00
NFL_SEA_00-0032211_2022W08_QUESTIONABLE_LP,NFL,2022,8,2022_NFL_W08_NYG_SEA,NFL_SEA,NFL_P_00-0032211,WR,,QUESTIONABLE,LP,Hamstring,2022-10-29,nflverse,,2026-09-07T05:46:50.365367+00:00,2022-10-29T00:00:00
NFL_SEA_00-0035640_2022W08_QUESTIONABLE_LP,NFL,2022,8,2022_NFL_W08_NYG_SEA,NFL_SEA,NFL_P_00-0035640,WR,,QUESTIONABLE,LP,Knee,2022-10-29,nflverse,,2026-09-07T05:46:50.365367+00:00,2022-10-29T00:00:00
NFL_SEA_00-0036413_2022W08_QUESTIONABLE_LP,NFL,2022,8,2022_NFL_W08_NYG_SEA,NFL_SEA,NFL_P_00-0036413,LB,,QUESTIONABLE,LP,Groin,2022-10-29,nflverse,,2026-09-07T05:46:50.365367+00:00,2022-10-29T00:00:00
NFL_SF_00-0032164_2022W08_OUT_DNP,NFL,2022,8,2022_NFL_W08_SF_LAR,NFL_SF,NFL_P_00-0032164,DL,,OUT,DNP,Foot,2022-10-29,nflverse,,2026-09-07T05:46:50.365367+00:00,2022-10-29T00:00:00
NFL_SF_00-0034982_2022W08_OUT_DNP,NFL,2022,8,2022_NFL_W08_SF_LAR,NFL_SF,NFL_P_00-0034982,LB,,OUT,DNP,Calf,2022-10-29,nflverse,,2026-09-07T05:46:50.365367+00:00,2022-10-29T00:00:00
NFL_SF_00-0029892_2022W08_OUT_DNP,NFL,2022,8,2022_NFL_W08_SF_LAR,NFL_SF,NFL_P_00-0029892,RB,,OUT,DNP,Finger,2022-10-29,nflverse,,2026-09-07T05:46:50.365367+00:00,2022-10-29T00:00:00
NFL_SF_00-0035719_2022W08_OUT_DNP,NFL,2022,8,2022_NFL_W08_SF_LAR,NFL_SF,NFL_P_00-0035719,WR,,OUT,DNP,Hamstring,2022-10-29,nflverse,,2026-09-07T05:46:50.365367+00:00,2022-10-29T00:00:00
NFL_SF_00-0036259_2022W08_QUESTIONABLE_LP,NFL,2022,8,2022_NFL_W08_SF_LAR,NFL_SF,NFL_P_00-0036259,WR,,QUESTIONABLE,LP,Hamstring,2022-10-29,nflverse,,2026-09-07T05:46:50.365367+00:00,2022-10-29T00:00:00
NFL_SF_00-0031334_2022W08_QUESTIONABLE_LP,NFL,2022,8,2022_NFL_W08_SF_LAR,NFL_SF,NFL_P_00-0031334,CB,,QUESTIONABLE,LP,Knee,2022-10-29,nflverse,,2026-09-07T05:46:50.365367+00:00,2022-10-29T00:00:00
NFL_TB_00-0036643_2022W08_NA_DNP,NFL,2022,8,2022_NFL_W08_BAL_TB,NFL_TB,NFL_P_00-0036643,LB,,UNKNOWN,DNP,Ankle,2022-10-27,nflverse,,2026-09-07T05:46:50.365367+00:00,2022-10-27T00:00:00
NFL_TB_00-0019596_2022W08_NA_LP,NFL,2022,8,2022_NFL_W08_BAL_TB,NFL_TB,NFL_P_00-0019596,QB,,UNKNOWN,LP,Not injury related - resting player,2022-10-27,nflverse,,2026-09-07T05:46:50.365367+00:00,2022-10-27T00:00:00
NFL_TB_00-0031408_2022W08_NA_LP,NFL,2022,8,2022_NFL_W08_BAL_TB,NFL_TB,NFL_P_00-0031408,WR,,UNKNOWN,LP,Ankle,2022-10-27,nflverse,,2026-09-07T05:46:50.365367+00:00,2022-10-27T00:00:00
NFL_TB_00-0037311_2022W08_NA_LP,NFL,2022,8,2022_NFL_W08_BAL_TB,NFL_TB,NFL_P_00-0037311,TE,,UNKNOWN,LP,Ankle,2022-10-27,nflverse,,2026-09-07T05:46:50.365367+00:00,2022-10-27T00:00:00
NFL_TB_00-0031580_2022W08_NA_LP,NFL,2022,8,2022_NFL_W08_BAL_TB,NFL_TB,NFL_P_00-0031580,OL,,UNKNOWN,LP,Ankle,2022-10-27,nflverse,,2026-09-07T05:46:50.365367+00:00,2022-10-27T00:00:00
NFL_TB_00-0031273_2022W08_OUT_DNP,NFL,2022,8,2022_NFL_W08_BAL_TB,NFL_TB,NFL_P_00-0031273,TE,,OUT,DNP,Neck,2022-10-27,nflverse,,2026-09-07T05:46:50.365367+00:00,2022-10-27T00:00:00
NFL_TB_00-0034778_2022W08_OUT_DNP,NFL,2022,8,2022_NFL_W08_BAL_TB,NFL_TB,NFL_P_00-0034778,CB,,OUT,DNP,Hip,2022-10-27,nflverse,,2026-09-07T05:46:50.365367+00:00,2022-10-27T00:00:00
NFL_TB_00-0034411_2022W08_OUT_DNP,NFL,2022,8,2022_NFL_W08_BAL_TB,NFL_TB,NFL_P_00-0034411,WR,,OUT,DNP,Hamstring,2022-10-27,nflverse,,2026-09-07T05:46:50.365367+00:00,2022-10-27T00:00:00
NFL_TB_00-0037835_2022W08_OUT_DNP,NFL,2022,8,2022_NFL_W08_BAL_TB,NFL_TB,NFL_P_00-0037835,OL,,OUT,DNP,Foot,2022-10-27,nflverse,,2026-09-07T05:46:50.365367+00:00,2022-10-27T00:00:00
NFL_TB_00-0035239_2022W08_OUT_DNP,NFL,2022,8,2022_NFL_W08_BAL_TB,NFL_TB,NFL_P_00-0035239,CB,,OUT,DNP,Quadricep,2022-10-27,nflverse,,2026-09-07T05:46:50.365367+00:00,2022-10-27T00:00:00
NFL_TB_00-0036411_2022W08_OUT_DNP,NFL,2022,8,2022_NFL_W08_BAL_TB,NFL_TB,NFL_P_00-0036411,S,,OUT,DNP,Concussion,2022-10-27,nflverse,,2026-09-07T05:46:50.365367+00:00,2022-10-27T00:00:00
NFL_TB_00-0029657_2022W08_QUESTIONABLE_LP,NFL,2022,8,2022_NFL_W08_BAL_TB,NFL_TB,NFL_P_00-0029657,DL,,QUESTIONABLE,LP,Foot,2022-10-27,nflverse,,2026-09-07T05:46:50.365367+00:00,2022-10-27T00:00:00
NFL_TB_00-0027944_2022W08_QUESTIONABLE_LP,NFL,2022,8,2022_NFL_W08_BAL_TB,NFL_TB,NFL_P_00-0027944,WR,,QUESTIONABLE,LP,Knee,2022-10-27,nflverse,,2026-09-07T05:46:50.365367+00:00,2022-10-27T00:00:00
NFL_TEN_00-0033132_2022W08_NA_DNP,NFL,2022,8,2022_NFL_W08_TEN_HOU,NFL_TEN,NFL_P_00-0033132,S,,UNKNOWN,DNP,Not injury related - personal matter,2022-10-29,nflverse,,2026-09-07T05:46:50.365367+00:00,2022-10-29T00:00:00
NFL_TEN_00-0035649_2022W08_NA_LP,NFL,2022,8,2022_NFL_W08_TEN_HOU,NFL_TEN,NFL_P_00-0035649,OL,,UNKNOWN,LP,Foot,2022-10-29,nflverse,,2026-09-07T05:46:50.365367+00:00,2022-10-29T00:00:00
NFL_TEN_00-0029413_2022W08_NA_LP,NFL,2022,8,2022_NFL_W08_TEN_HOU,NFL_TEN,NFL_P_00-0029413,OL,,UNKNOWN,LP,Knee,2022-10-29,nflverse,,2026-09-07T05:46:50.365367+00:00,2022-10-29T00:00:00
NFL_TEN_00-0036691_2022W08_OUT_DNP,NFL,2022,8,2022_NFL_W08_TEN_HOU,NFL_TEN,NFL_P_00-0036691,RB,,OUT,DNP,Neck,2022-10-29,nflverse,,2026-09-07T05:46:50.365367+00:00,2022-10-29T00:00:00
NFL_TEN_00-0036938_2022W08_OUT_DNP,NFL,2022,8,2022_NFL_W08_TEN_HOU,NFL_TEN,NFL_P_00-0036938,LB,,OUT,DNP,Back,2022-10-29,nflverse,,2026-09-07T05:46:50.365367+00:00,2022-10-29T00:00:00
NFL_TEN_00-0035643_2022W08_QUESTIONABLE_DNP,NFL,2022,8,2022_NFL_W08_TEN_HOU,NFL_TEN,NFL_P_00-0035643,DL,,QUESTIONABLE,DNP,Ankle,2022-10-29,nflverse,,2026-09-07T05:46:50.365367+00:00,2022-10-29T00:00:00
NFL_TEN_00-0029701_2022W08_QUESTIONABLE_DNP,NFL,2022,8,2022_NFL_W08_TEN_HOU,NFL_TEN,NFL_P_00-0029701,QB,,QUESTIONABLE,DNP,Ankle,2022-10-29,nflverse,,2026-09-07T05:46:50.365367+00:00,2022-10-29T00:00:00
NFL_WAS_00-0033523_2022W08_NA_LP,NFL,2022,8,2022_NFL_W08_WAS_IND,NFL_WAS,NFL_P_00-0033523,DL,,UNKNOWN,LP,Not injury related - resting player,2022-10-29,nflverse,,2026-09-07T05:46:50.365367+00:00,2022-10-29T00:00:00
NFL_WAS_00-0037741_2022W08_OUT_DNP,NFL,2022,8,2022_NFL_W08_WAS_IND,NFL_WAS,NFL_P_00-0037741,WR,,OUT,DNP,Hamstring,2022-10-29,nflverse,,2026-09-07T05:46:50.365367+00:00,2022-10-29T00:00:00
NFL_WAS_00-0035286_2022W08_OUT_DNP,NFL,2022,8,2022_NFL_W08_WAS_IND,NFL_WAS,NFL_P_00-0035286,LB,,OUT,DNP,Foot,2022-10-29,nflverse,,2026-09-07T05:46:50.365367+00:00,2022-10-29T00:00:00
NFL_WAS_00-0033107_2022W08_OUT_DNP,NFL,2022,8,2022_NFL_W08_WAS_IND,NFL_WAS,NFL_P_00-0033107,CB,,OUT,DNP,Back,2022-10-29,nflverse,,2026-09-07T05:46:50.365367+00:00,2022-10-29T00:00:00
NFL_WAS_00-0037078_2022W08_OUT_DNP,NFL,2022,8,2022_NFL_W08_WAS_IND,NFL_WAS,NFL_P_00-0037078,TE,,OUT,DNP,Concussion,2022-10-29,nflverse,,2026-09-07T05:46:50.365367+00:00,2022-10-29T00:00:00
NFL_WAS_00-0036626_2022W08_QUESTIONABLE_LP,NFL,2022,8,2022_NFL_W08_WAS_IND,NFL_WAS,NFL_P_00-0036626,WR,,QUESTIONABLE,LP,Groin,2022-10-29,nflverse,,2026-09-07T05:46:50.365367+00:00,2022-10-29T00:00:00
NFL_WAS_00-0036334_2022W08_QUESTIONABLE_LP,NFL,2022,8,2022_NFL_W08_WAS_IND,NFL_WAS,NFL_P_00-0036334,OL,,QUESTIONABLE,LP,Illness,2022-10-29,nflverse,,2026-09-07T05:46:50.365367+00:00,2022-10-29T00:00:00
NFL_WAS_00-0031260_2022W08_QUESTIONABLE_LP,NFL,2022,8,2022_NFL_W08_WAS_IND,NFL_WAS,NFL_P_00-0031260,TE,,QUESTIONABLE,LP,Calf,2022-10-29,nflverse,,2026-09-07T05:46:50.365367+00:00,2022-10-29T00:00:00
NFL_ARI_00-0034301_2022W09_NA_DNP,NFL,2022,9,2022_NFL_W09_SEA_ARI,NFL_ARI,NFL_P_00-0034301,RB,,UNKNOWN,DNP,Hip,2022-11-05,nflverse,,2026-09-07T05:46:50.365367+00:00,2022-11-05T00:00:00
NFL_ARI_00-0023853_2022W09_NA_LP,NFL,2022,9,2022_NFL_W09_SEA_ARI,NFL_ARI,NFL_P_00-0023853,K,,UNKNOWN,LP,right Hip,2022-11-05,nflverse,,2026-09-07T05:46:50.365367+00:00,2022-11-05T00:00:00
NFL_ARI_00-0032132_2022W09_OUT_DNP,NFL,2022,9,2022_NFL_W09_SEA_ARI,NFL_ARI,NFL_P_00-0032132,OL,,OUT,DNP,Shoulder,2022-11-05,nflverse,,2026-09-07T05:46:50.365367+00:00,2022-11-05T00:00:00
NFL_ARI_00-0027993_2022W09_OUT_DNP,NFL,2022,9,2022_NFL_W09_SEA_ARI,NFL_ARI,NFL_P_00-0027993,OL,,OUT,DNP,Knee,2022-11-05,nflverse,,2026-09-07T05:46:50.365367+00:00,2022-11-05T00:00:00
NFL_ARI_00-0037747_2022W09_OUT_DNP,NFL,2022,9,2022_NFL_W09_SEA_ARI,NFL_ARI,NFL_P_00-0037747,CB,,OUT,DNP,Hamstring,2022-11-05,nflverse,,2026-09-07T05:46:50.365367+00:00,2022-11-05T00:00:00
NFL_ARI_00-0022824_2022W09_QUESTIONABLE_NA,NFL,2022,9,2022_NFL_W09_SEA_ARI,NFL_ARI,NFL_P_00-0022824,P,,QUESTIONABLE,,Illness,2022-11-05,nflverse,,2026-09-07T05:46:50.365367+00:00,2022-11-05T00:00:00
NFL_ARI_00-0035343_2022W09_QUESTIONABLE_DNP,NFL,2022,9,2022_NFL_W09_SEA_ARI,NFL_ARI,NFL_P_00-0035343,EDGE,,QUESTIONABLE,DNP,Ribs,2022-11-05,nflverse,,2026-09-07T05:46:50.365367+00:00,2022-11-05T00:00:00
NFL_ARI_00-0033890_2022W09_QUESTIONABLE_LP,NFL,2022,9,2022_NFL_W09_SEA_ARI,NFL_ARI,NFL_P_00-0033890,S,,QUESTIONABLE,LP,Ankle,2022-11-05,nflverse,,2026-09-07T05:46:50.365367+00:00,2022-11-05T00:00:00
NFL_ARI_00-0033553_2022W09_QUESTIONABLE_LP,NFL,2022,9,2022_NFL_W09_SEA_ARI,NFL_ARI,NFL_P_00-0033553,RB,,QUESTIONABLE,LP,Ribs,2022-11-05,nflverse,,2026-09-07T05:46:50.365367+00:00,2022-11-05T00:00:00
NFL_ARI_00-0034473_2022W09_QUESTIONABLE_LP,NFL,2022,9,2022_NFL_W09_SEA_ARI,NFL_ARI,NFL_P_00-0034473,LB,,QUESTIONABLE,LP,Ankle,2022-11-05,nflverse,,2026-09-07T05:46:50.365367+00:00,2022-11-05T00:00:00
NFL_ARI_00-0032222_2022W09_QUESTIONABLE_LP,NFL,2022,9,2022_NFL_W09_SEA_ARI,NFL_ARI,NFL_P_00-0032222,OL,,QUESTIONABLE,LP,Back,2022-11-05,nflverse,,2026-09-07T05:46:50.365367+00:00,2022-11-05T00:00:00
NFL_ATL_00-0035698_2022W09_NA_DNP,NFL,2022,9,2022_NFL_W09_LAC_ATL,NFL_ATL,NFL_P_00-0035698,OL,,UNKNOWN,DNP,Not injury related - personal matter,2022-11-05,nflverse,,2026-09-07T05:46:50.365367+00:00,2022-11-05T00:00:00
NFL_ATL_00-0036285_2022W09_OUT_DNP,NFL,2022,9,2022_NFL_W09_LAC_ATL,NFL_ATL,NFL_P_00-0036285,CB,,OUT,DNP,Hamstring,2022-11-05,nflverse,,2026-09-07T05:46:50.365367+00:00,2022-11-05T00:00:00
NFL_ATL_00-0033676_2022W09_OUT_DNP,NFL,2022,9,2022_NFL_W09_LAC_ATL,NFL_ATL,NFL_P_00-0033676,OL,,OUT,DNP,Knee,2022-11-05,nflverse,,2026-09-07T05:46:50.365367+00:00,2022-11-05T00:00:00
NFL_ATL_00-0032320_2022W09_QUESTIONABLE_LP,NFL,2022,9,2022_NFL_W09_LAC_ATL,NFL_ATL,NFL_P_00-0032320,S,,QUESTIONABLE,LP,Ankle,2022-11-05,nflverse,,2026-09-07T05:46:50.365367+00:00,2022-11-05T00:00:00
NFL_BAL_00-0026190_2022W09_NA_DNP,NFL,2022,9,2022_NFL_W09_BAL_NO,NFL_BAL,NFL_P_00-0026190,EDGE,,UNKNOWN,DNP,Not injury related - resting player,2022-11-07,nflverse,,2026-09-07T05:46:50.365367+00:00,2022-11-07T00:00:00
NFL_BAL_00-0028008_2022W09_NA_DNP,NFL,2022,9,2022_NFL_W09_BAL_NO,NFL_BAL,NFL_P_00-0028008,LB,,UNKNOWN,DNP,Not injury related - resting player,2022-11-07,nflverse,,2026-09-07T05:46:50.365367+00:00,2022-11-07T00:00:00
NFL_BAL_00-0027867_2022W09_NA_DNP,NFL,2022,9,2022_NFL_W09_BAL_NO,NFL_BAL,NFL_P_00-0027867,EDGE,,UNKNOWN,DNP,Not injury related - resting player,2022-11-07,nflverse,,2026-09-07T05:46:50.365367+00:00,2022-11-07T00:00:00
NFL_BAL_00-0032965_2022W09_NA_DNP,NFL,2022,9,2022_NFL_W09_BAL_NO,NFL_BAL,NFL_P_00-0032965,OL,,UNKNOWN,DNP,Not injury related - resting player,2022-11-07,nflverse,,2026-09-07T05:46:50.365367+00:00,2022-11-07T00:00:00
NFL_BAL_00-0036550_2022W09_OUT_DNP,NFL,2022,9,2022_NFL_W09_BAL_NO,NFL_BAL,NFL_P_00-0036550,WR,,OUT,DNP,Foot,2022-11-07,nflverse,,2026-09-07T05:46:50.365367+00:00,2022-11-07T00:00:00
NFL_BAL_00-0034753_2022W09_DOUBTFUL_DNP,NFL,2022,9,2022_NFL_W09_BAL_NO,NFL_BAL,NFL_P_00-0034753,TE,,DOUBTFUL,DNP,Knee,2022-11-07,nflverse,,2026-09-07T05:46:50.365367+00:00,2022-11-07T00:00:00
NFL_BAL_00-0034184_2022W09_DOUBTFUL_DNP,NFL,2022,9,2022_NFL_W09_BAL_NO,NFL_BAL,NFL_P_00-0034184,RB,,DOUBTFUL,DNP,Hamstring,2022-11-07,nflverse,,2026-09-07T05:46:50.365367+00:00,2022-11-07T00:00:00
NFL_BAL_00-0032775_2022W09_QUESTIONABLE_DNP,NFL,2022,9,2022_NFL_W09_BAL_NO,NFL_BAL,NFL_P_00-0032775,WR,,QUESTIONABLE,DNP,Groin,2022-11-07,nflverse,,2026-09-07T05:46:50.365367+00:00,2022-11-07T00:00:00
NFL_BAL_00-0032165_2022W09_QUESTIONABLE_FP,NFL,2022,9,2022_NFL_W09_BAL_NO,NFL_BAL,NFL_P_00-0032165,CB,,QUESTIONABLE,FP,Quadricep,2022-11-07,nflverse,,2026-09-07T05:46:50.365367+00:00,2022-11-07T00:00:00
NFL_BAL_00-0036280_2022W09_QUESTIONABLE_LP,NFL,2022,9,2022_NFL_W09_BAL_NO,NFL_BAL,NFL_P_00-0036280,LB,,QUESTIONABLE,LP,Foot,2022-11-07,nflverse,,2026-09-07T05:46:50.365367+00:00,2022-11-07T00:00:00
NFL_BAL_00-0035112_2022W09_QUESTIONABLE_LP,NFL,2022,9,2022_NFL_W09_BAL_NO,NFL_BAL,NFL_P_00-0035112,OL,,QUESTIONABLE,LP,Back,2022-11-07,nflverse,,2026-09-07T05:46:50.365367+00:00,2022-11-07T00:00:00
NFL_BUF_00-0031588_2022W09_NA_DNP,NFL,2022,9,2022_NFL_W09_BUF_NYJ,NFL_BUF,NFL_P_00-0031588,WR,,UNKNOWN,DNP,Not injury related - resting player,2022-11-05,nflverse,,2026-09-07T05:46:50.365367+00:00,2022-11-05T00:00:00
NFL_BUF_00-0027648_2022W09_NA_DNP,NFL,2022,9,2022_NFL_W09_BUF_NYJ,NFL_BUF,NFL_P_00-0027648,OL,,UNKNOWN,DNP,Not injury related - resting player,2022-11-05,nflverse,,2026-09-07T05:46:50.365367+00:00,2022-11-05T00:00:00
NFL_BUF_00-0031054_2022W09_NA_LP,NFL,2022,9,2022_NFL_W09_BUF_NYJ,NFL_BUF,NFL_P_00-0031054,DL,,UNKNOWN,LP,Not injury related - resting player,2022-11-05,nflverse,,2026-09-07T05:46:50.365367+00:00,2022-11-05T00:00:00
NFL_BUF_00-0030114_2022W09_OUT_DNP,NFL,2022,9,2022_NFL_W09_BUF_NYJ,NFL_BUF,NFL_P_00-0030114,S,,OUT,DNP,Elbow,2022-11-05,nflverse,,2026-09-07T05:46:50.365367+00:00,2022-11-05T00:00:00
NFL_BUF_00-0036976_2022W09_QUESTIONABLE_LP,NFL,2022,9,2022_NFL_W09_BUF_NYJ,NFL_BUF,NFL_P_00-0036976,OL,,QUESTIONABLE,LP,Ankle,2022-11-05,nflverse,,2026-09-07T05:46:50.365367+00:00,2022-11-05T00:00:00
NFL_BUF_00-0033571_2022W09_QUESTIONABLE_LP,NFL,2022,9,2022_NFL_W09_BUF_NYJ,NFL_BUF,NFL_P_00-0033571,LB,,QUESTIONABLE,LP,Oblique,2022-11-05,nflverse,,2026-09-07T05:46:50.365367+00:00,2022-11-05T00:00:00
NFL_CAR_00-0032403_2022W09_OUT_DNP,NFL,2022,9,2022_NFL_W09_CAR_CIN,NFL_CAR,NFL_P_00-0032403,S,,OUT,DNP,Concussion,2022-11-05,nflverse,,2026-09-07T05:46:50.365367+00:00,2022-11-05T00:00:00
NFL_CAR_00-0032977_2022W09_OUT_DNP,NFL,2022,9,2022_NFL_W09_CAR_CIN,NFL_CAR,NFL_P_00-0032977,WR,,OUT,DNP,Illness,2022-11-05,nflverse,,2026-09-07T05:46:50.365367+00:00,2022-11-05T00:00:00
NFL_CAR_00-0036555_2022W09_OUT_DNP,NFL,2022,9,2022_NFL_W09_CAR_CIN,NFL_CAR,NFL_P_00-0036555,RB,,OUT,DNP,Ankle,2022-11-05,nflverse,,2026-09-07T05:46:50.365367+00:00,2022-11-05T00:00:00
NFL_CAR_00-0036438_2022W09_DOUBTFUL_DNP,NFL,2022,9,2022_NFL_W09_CAR_CIN,NFL_CAR,NFL_P_00-0036438,TE,,DOUBTFUL,DNP,Illness,2022-11-05,nflverse,,2026-09-07T05:46:50.365367+00:00,2022-11-05T00:00:00
NFL_CAR_00-0037043_2022W09_QUESTIONABLE_FP,NFL,2022,9,2022_NFL_W09_CAR_CIN,NFL_CAR,NFL_P_00-0037043,EDGE,,QUESTIONABLE,FP,Knee,2022-11-05,nflverse,,2026-09-07T05:46:50.365367+00:00,2022-11-05T00:00:00
NFL_CAR_00-0034356_2022W09_QUESTIONABLE_LP,NFL,2022,9,2022_NFL_W09_CAR_CIN,NFL_CAR,NFL_P_00-0034356,CB,,QUESTIONABLE,LP,Ankle,2022-11-05,nflverse,,2026-09-07T05:46:50.365367+00:00,2022-11-05T00:00:00
NFL_CHI_00-0037089_2022W09_QUESTIONABLE_DNP,NFL,2022,9,2022_NFL_W09_MIA_CHI,NFL_CHI,NFL_P_00-0037089,OL,,QUESTIONABLE,DNP,Illness,2022-11-05,nflverse,,2026-09-07T05:46:50.365367+00:00,2022-11-05T00:00:00
NFL_CIN_00-0036298_2022W09_NA_DNP,NFL,2022,9,2022_NFL_W09_CAR_CIN,NFL_CIN,NFL_P_00-0036298,LB,,UNKNOWN,DNP,Not injury related - personal matter,2022-11-05,nflverse,,2026-09-07T05:46:50.365367+00:00,2022-11-05T00:00:00
NFL_CIN_00-0033548_2022W09_OUT_DNP,NFL,2022,9,2022_NFL_W09_CAR_CIN,NFL_CIN,NFL_P_00-0033548,CB,,OUT,DNP,Knee,2022-11-05,nflverse,,2026-09-07T05:46:50.365367+00:00,2022-11-05T00:00:00
NFL_CIN_00-0036900_2022W09_OUT_DNP,NFL,2022,9,2022_NFL_W09_CAR_CIN,NFL_CIN,NFL_P_00-0036900,WR,,OUT,DNP,Hip,2022-11-05,nflverse,,2026-09-07T05:46:50.365367+00:00,2022-11-05T00:00:00
NFL_CIN_00-0032521_2022W09_OUT_DNP,NFL,2022,9,2022_NFL_W09_CAR_CIN,NFL_CIN,NFL_P_00-0032521,CB,,OUT,DNP,Finger,2022-11-05,nflverse,,2026-09-07T05:46:50.365367+00:00,2022-11-05T00:00:00
NFL_CIN_00-0033347_2022W09_OUT_DNP,NFL,2022,9,2022_NFL_W09_CAR_CIN,NFL_CIN,NFL_P_00-0033347,DL,,OUT,DNP,Calf,2022-11-05,nflverse,,2026-09-07T05:46:50.365367+00:00,2022-11-05T00:00:00
NFL_CIN_00-0031534_2022W09_QUESTIONABLE_DNP,NFL,2022,9,2022_NFL_W09_CAR_CIN,NFL_CIN,NFL_P_00-0031534,OL,,QUESTIONABLE,DNP,Illness,2022-11-05,nflverse,,2026-09-07T05:46:50.365367+00:00,2022-11-05T00:00:00
NFL_CIN_00-0034756_2022W09_QUESTIONABLE_DNP,NFL,2022,9,2022_NFL_W09_CAR_CIN,NFL_CIN,NFL_P_00-0034756,CB,,QUESTIONABLE,DNP,Hamstring,2022-11-05,nflverse,,2026-09-07T05:46:50.365367+00:00,2022-11-05T00:00:00
NFL_DET_00-0037321_2022W09_OUT_DNP,NFL,2022,9,2022_NFL_W09_GB_DET,NFL_DET,NFL_P_00-0037321,CB,,OUT,DNP,Ankle,2022-11-05,nflverse,,2026-09-07T05:46:50.365367+00:00,2022-11-05T00:00:00
NFL_DET_00-0036993_2022W09_OUT_DNP,NFL,2022,9,2022_NFL_W09_GB_DET,NFL_DET,NFL_P_00-0036993,S,,OUT,DNP,Ankle,2022-11-05,nflverse,,2026-09-07T05:46:50.365367+00:00,2022-11-05T00:00:00
NFL_DET_00-0035328_2022W09_OUT_DNP,NFL,2022,9,2022_NFL_W09_GB_DET,NFL_DET,NFL_P_00-0035328,OL,,OUT,DNP,Calf,2022-11-05,nflverse,,2026-09-07T05:46:50.365367+00:00,2022-11-05T00:00:00
NFL_DET_00-0036752_2022W09_OUT_DNP,NFL,2022,9,2022_NFL_W09_GB_DET,NFL_DET,NFL_P_00-0036752,CB,,OUT,DNP,Hip,2022-11-05,nflverse,,2026-09-07T05:46:50.365367+00:00,2022-11-05T00:00:00
NFL_DET_00-0033943_2022W09_DOUBTFUL_DNP,NFL,2022,9,2022_NFL_W09_GB_DET,NFL_DET,NFL_P_00-0033943,WR,,DOUBTFUL,DNP,Back,2022-11-05,nflverse,,2026-09-07T05:46:50.365367+00:00,2022-11-05T00:00:00
NFL_DET_00-0033880_2022W09_QUESTIONABLE_FP,NFL,2022,9,2022_NFL_W09_GB_DET,NFL_DET,NFL_P_00-0033880,EDGE,,QUESTIONABLE,FP,Groin,2022-11-05,nflverse,,2026-09-07T05:46:50.365367+00:00,2022-11-05T00:00:00
NFL_DET_00-0036754_2022W09_QUESTIONABLE_FP,NFL,2022,9,2022_NFL_W09_GB_DET,NFL_DET,NFL_P_00-0036754,TE,,QUESTIONABLE,FP,Concussion,2022-11-05,nflverse,,2026-09-07T05:46:50.365367+00:00,2022-11-05T00:00:00
NFL_DET_00-0032381_2022W09_QUESTIONABLE_LP,NFL,2022,9,2022_NFL_W09_GB_DET,NFL_DET,NFL_P_00-0032381,OL,,QUESTIONABLE,LP,Groin,2022-11-05,nflverse,,2026-09-07T05:46:50.365367+00:00,2022-11-05T00:00:00
NFL_DET_00-0036275_2022W09_QUESTIONABLE_LP,NFL,2022,9,2022_NFL_W09_GB_DET,NFL_DET,NFL_P_00-0036275,RB,,QUESTIONABLE,LP,Shoulder,2022-11-05,nflverse,,2026-09-07T05:46:50.365367+00:00,2022-11-05T00:00:00
NFL_GB_00-0023459_2022W09_NA_LP,NFL,2022,9,2022_NFL_W09_GB_DET,NFL_GB,NFL_P_00-0023459,QB,,UNKNOWN,LP,right Thumb,2022-11-05,nflverse,,2026-09-07T05:46:50.365367+00:00,2022-11-05T00:00:00
NFL_GB_00-0032401_2022W09_OUT_DNP,NFL,2022,9,2022_NFL_W09_GB_DET,NFL_GB,NFL_P_00-0032401,LB,,OUT,DNP,Knee,2022-11-05,nflverse,,2026-09-07T05:46:50.365367+00:00,2022-11-05T00:00:00
NFL_GB_00-0036645_2022W09_OUT_DNP,NFL,2022,9,2022_NFL_W09_GB_DET,NFL_GB,NFL_P_00-0036645,CB,,OUT,DNP,Ankle,2022-11-05,nflverse,,2026-09-07T05:46:50.365367+00:00,2022-11-05T00:00:00
NFL_GB_00-0030074_2022W09_QUESTIONABLE_LP,NFL,2022,9,2022_NFL_W09_GB_DET,NFL_GB,NFL_P_00-0030074,OL,,QUESTIONABLE,LP,Knee,2022-11-05,nflverse,,2026-09-07T05:46:50.365367+00:00,2022-11-05T00:00:00
NFL_GB_00-0035526_2022W09_QUESTIONABLE_LP,NFL,2022,9,2022_NFL_W09_GB_DET,NFL_GB,NFL_P_00-0035526,OL,,QUESTIONABLE,LP,Knee,2022-11-05,nflverse,,2026-09-07T05:46:50.365367+00:00,2022-11-05T00:00:00
NFL_GB_00-0034521_2022W09_QUESTIONABLE_LP,NFL,2022,9,2022_NFL_W09_GB_DET,NFL_GB,NFL_P_00-0034521,WR,,QUESTIONABLE,LP,Shoulder,2022-11-05,nflverse,,2026-09-07T05:46:50.365367+00:00,2022-11-05T00:00:00
NFL_GB_00-0031935_2022W09_QUESTIONABLE_LP,NFL,2022,9,2022_NFL_W09_GB_DET,NFL_GB,NFL_P_00-0031935,LB,,QUESTIONABLE,LP,Shoulder,2022-11-05,nflverse,,2026-09-07T05:46:50.365367+00:00,2022-11-05T00:00:00
NFL_GB_00-0038124_2022W09_QUESTIONABLE_LP,NFL,2022,9,2022_NFL_W09_GB_DET,NFL_GB,NFL_P_00-0038124,WR,,QUESTIONABLE,LP,Concussion,2022-11-05,nflverse,,2026-09-07T05:46:50.365367+00:00,2022-11-05T00:00:00
NFL_HOU_00-0035995_2022W09_OUT_DNP,NFL,2022,9,2022_NFL_W09_PHI_HOU,NFL_HOU,NFL_P_00-0035995,S,,OUT,DNP,Quadricep,2022-11-03,nflverse,,2026-09-07T05:46:50.365367+00:00,2022-11-03T00:00:00
NFL_HOU_00-0036554_2022W09_OUT_DNP,NFL,2022,9,2022_NFL_W09_PHI_HOU,NFL_HOU,NFL_P_00-0036554,WR,,OUT,DNP,Groin,2022-11-03,nflverse,,2026-09-07T05:46:50.365367+00:00,2022-11-03T00:00:00
NFL_HOU_00-0033131_2022W09_OUT_DNP,NFL,2022,9,2022_NFL_W09_PHI_HOU,NFL_HOU,NFL_P_00-0033131,DL,,OUT,DNP,Chest,2022-11-03,nflverse,,2026-09-07T05:46:50.365367+00:00,2022-11-03T00:00:00
NFL_HOU_00-0031740_2022W09_OUT_DNP,NFL,2022,9,2022_NFL_W09_PHI_HOU,NFL_HOU,NFL_P_00-0031740,LB,,OUT,DNP,Hamstring,2022-11-03,nflverse,,2026-09-07T05:46:50.365367+00:00,2022-11-03T00:00:00
NFL_HOU_00-0030792_2022W09_OUT_DNP,NFL,2022,9,2022_NFL_W09_PHI_HOU,NFL_HOU,NFL_P_00-0030792,OL,,OUT,DNP,Concussion,2022-11-03,nflverse,,2026-09-07T05:46:50.365367+00:00,2022-11-03T00:00:00
NFL_HOU_00-0031236_2022W09_QUESTIONABLE_DNP,NFL,2022,9,2022_NFL_W09_PHI_HOU,NFL_HOU,NFL_P_00-0031236,WR,,QUESTIONABLE,DNP,Wrist,2022-11-03,nflverse,,2026-09-07T05:46:50.365367+00:00,2022-11-03T00:00:00
NFL_HOU_00-0037823_2022W09_QUESTIONABLE_FP,NFL,2022,9,2022_NFL_W09_PHI_HOU,NFL_HOU,NFL_P_00-0037823,LB,,QUESTIONABLE,FP,Thigh,2022-11-03,nflverse,,2026-09-07T05:46:50.365367+00:00,2022-11-03T00:00:00
NFL_HOU_00-0033566_2022W09_QUESTIONABLE_FP,NFL,2022,9,2022_NFL_W09_PHI_HOU,NFL_HOU,NFL_P_00-0033566,CB,,QUESTIONABLE,FP,Knee,2022-11-03,nflverse,,2026-09-07T05:46:50.365367+00:00,2022-11-03T00:00:00
NFL_IND_00-0032378_2022W09_NA_DNP,NFL,2022,9,2022_NFL_W09_IND_NE,NFL_IND,NFL_P_00-0032378,DL,,UNKNOWN,DNP,Shoulder,2022-11-05,nflverse,,2026-09-07T05:46:50.365367+00:00,2022-11-05T00:00:00
NFL_IND_00-0034540_2022W09_OUT_DNP,NFL,2022,9,2022_NFL_W09_IND_NE,NFL_IND,NFL_P_00-0034540,CB,,OUT,DNP,Hamstring,2022-11-05,nflverse,,2026-09-07T05:46:50.365367+00:00,2022-11-05T00:00:00
NFL_IND_00-0026143_2022W09_OUT_DNP,NFL,2022,9,2022_NFL_W09_IND_NE,NFL_IND,NFL_P_00-0026143,QB,,OUT,DNP,right Shoulder,2022-11-05,nflverse,,2026-09-07T05:46:50.365367+00:00,2022-11-05T00:00:00
NFL_IND_00-0036672_2022W09_OUT_DNP,NFL,2022,9,2022_NFL_W09_IND_NE,NFL_IND,NFL_P_00-0036672,LB,,OUT,DNP,Pectoral,2022-11-05,nflverse,,2026-09-07T05:46:50.365367+00:00,2022-11-05T00:00:00
NFL_IND_00-0036223_2022W09_OUT_DNP,NFL,2022,9,2022_NFL_W09_IND_NE,NFL_IND,NFL_P_00-0036223,RB,,OUT,DNP,Ankle,2022-11-05,nflverse,,2026-09-07T05:46:50.365367+00:00,2022-11-05T00:00:00
NFL_IND_00-0034987_2022W09_QUESTIONABLE_DNP,NFL,2022,9,2022_NFL_W09_IND_NE,NFL_IND,NFL_P_00-0034987,LB,,QUESTIONABLE,DNP,Ankle,2022-11-05,nflverse,,2026-09-07T05:46:50.365367+00:00,2022-11-05T00:00:00
NFL_IND_00-0029419_2022W09_QUESTIONABLE_LP,NFL,2022,9,2022_NFL_W09_IND_NE,NFL_IND,NFL_P_00-0029419,OL,,QUESTIONABLE,LP,Calf,2022-11-05,nflverse,,2026-09-07T05:46:50.365367+00:00,2022-11-05T00:00:00
NFL_JAX_00-0033572_2022W09_QUESTIONABLE_LP,NFL,2022,9,2022_NFL_W09_LV_JAX,NFL_JAX,NFL_P_00-0033572,WR,,QUESTIONABLE,LP,Knee,2022-11-05,nflverse,,2026-09-07T05:46:50.365367+00:00,2022-11-05T00:00:00
NFL_KC_00-0035547_2022W09_OUT_DNP,NFL,2022,9,2022_NFL_W09_TEN_KC,NFL_KC,NFL_P_00-0035547,TE,,OUT,DNP,Quadricep,2022-11-06,nflverse,,2026-09-07T05:46:50.365367+00:00,2022-11-06T00:00:00
NFL_LAR_00-0037633_2022W09_OUT_DNP,NFL,2022,9,2022_NFL_W09_LAR_TB,NFL_LAR,NFL_P_00-0037633,LB,,OUT,DNP,Hip,2022-11-05,nflverse,,2026-09-07T05:46:50.365367+00:00,2022-11-05T00:00:00
NFL_LAR_00-0034804_2022W09_QUESTIONABLE_LP,NFL,2022,9,2022_NFL_W09_LAR_TB,NFL_LAR,NFL_P_00-0034804,OL,,QUESTIONABLE,LP,Knee,2022-11-05,nflverse,,2026-09-07T05:46:50.365367+00:00,2022-11-05T00:00:00
NFL_LAR_00-0036415_2022W09_QUESTIONABLE_LP,NFL,2022,9,2022_NFL_W09_LAR_TB,NFL_LAR,NFL_P_00-0036415,WR,,QUESTIONABLE,LP,Knee,2022-11-05,nflverse,,2026-09-07T05:46:50.365367+00:00,2022-11-05T00:00:00
NFL_LAC_00-0030279_2022W09_OUT_DNP,NFL,2022,9,2022_NFL_W09_LAC_ATL,NFL_LAC,NFL_P_00-0030279,WR,,OUT,DNP,Hamstring,2022-11-05,nflverse,,2026-09-07T05:46:50.365367+00:00,2022-11-05T00:00:00
NFL_LAC_00-0030098_2022W09_OUT_DNP,NFL,2022,9,2022_NFL_W09_LAC_ATL,NFL_LAC,NFL_P_00-0030098,K,,OUT,DNP,right Hamstring,2022-11-05,nflverse,,2026-09-07T05:46:50.365367+00:00,2022-11-05T00:00:00
NFL_LAC_00-0035329_2022W09_OUT_DNP,NFL,2022,9,2022_NFL_W09_LAC_ATL,NFL_LAC,NFL_P_00-0035329,TE,,OUT,DNP,Hamstring,2022-11-05,nflverse,,2026-09-07T05:46:50.365367+00:00,2022-11-05T00:00:00
NFL_LAC_00-0036867_2022W09_OUT_DNP,NFL,2022,9,2022_NFL_W09_LAC_ATL,NFL_LAC,NFL_P_00-0036867,LB,,OUT,DNP,Knee,2022-11-05,nflverse,,2026-09-07T05:46:50.365367+00:00,2022-11-05T00:00:00
NFL_LAC_00-0033536_2022W09_OUT_DNP,NFL,2022,9,2022_NFL_W09_LAC_ATL,NFL_LAC,NFL_P_00-0033536,WR,,OUT,DNP,Ankle,2022-11-05,nflverse,,2026-09-07T05:46:50.365367+00:00,2022-11-05T00:00:00
NFL_LAC_00-0035674_2022W09_OUT_LP,NFL,2022,9,2022_NFL_W09_LAC_ATL,NFL_LAC,NFL_P_00-0035674,DL,,OUT,LP,Back,2022-11-05,nflverse,,2026-09-07T05:46:50.365367+00:00,2022-11-05T00:00:00
NFL_LAC_00-0031763_2022W09_QUESTIONABLE_LP,NFL,2022,9,2022_NFL_W09_LAC_ATL,NFL_LAC,NFL_P_00-0031763,WR,,QUESTIONABLE,LP,Illness,2022-11-05,nflverse,,2026-09-07T05:46:50.365367+00:00,2022-11-05T00:00:00
NFL_LAC_00-0036716_2022W09_QUESTIONABLE_LP,NFL,2022,9,2022_NFL_W09_LAC_ATL,NFL_LAC,NFL_P_00-0036716,LB,,QUESTIONABLE,LP,Groin,2022-11-05,nflverse,,2026-09-07T05:46:50.365367+00:00,2022-11-05T00:00:00
NFL_LV_00-0033555_2022W09_NA_LP,NFL,2022,9,2022_NFL_W09_LV_JAX,NFL_LV,NFL_P_00-0033555,WR,,UNKNOWN,LP,Heel,2022-11-05,nflverse,,2026-09-07T05:46:50.365367+00:00,2022-11-05T00:00:00
NFL_LV_00-0036990_2022W09_QUESTIONABLE_LP,NFL,2022,9,2022_NFL_W09_LV_JAX,NFL_LV,NFL_P_00-0036990,LB,,QUESTIONABLE,LP,Back,2022-11-05,nflverse,,2026-09-07T05:46:50.365367+00:00,2022-11-05T00:00:00
NFL_LV_00-0038093_2022W09_QUESTIONABLE_LP,NFL,2022,9,2022_NFL_W09_LV_JAX,NFL_LV,NFL_P_00-0038093,DL,,QUESTIONABLE,LP,Knee,2022-11-05,nflverse,,2026-09-07T05:46:50.365367+00:00,2022-11-05T00:00:00
NFL_LV_00-0031610_2022W09_QUESTIONABLE_LP,NFL,2022,9,2022_NFL_W09_LV_JAX,NFL_LV,NFL_P_00-0031610,TE,,QUESTIONABLE,LP,Hamstring,2022-11-05,nflverse,,2026-09-07T05:46:50.365367+00:00,2022-11-05T00:00:00
NFL_MIA_00-0033050_2022W09_NA_DNP,NFL,2022,9,2022_NFL_W09_MIA_CHI,NFL_MIA,NFL_P_00-0033050,CB,,UNKNOWN,DNP,Not injury related - resting player,2022-11-05,nflverse,,2026-09-07T05:46:50.365367+00:00,2022-11-05T00:00:00
NFL_MIA_00-0029249_2022W09_NA_DNP,NFL,2022,9,2022_NFL_W09_MIA_CHI,NFL_MIA,NFL_P_00-0029249,LB,,UNKNOWN,DNP,Not injury related - resting player,2022-11-05,nflverse,,2026-09-07T05:46:50.365367+00:00,2022-11-05T00:00:00
NFL_MIA_00-0030070_2022W09_NA_DNP,NFL,2022,9,2022_NFL_W09_MIA_CHI,NFL_MIA,NFL_P_00-0030070,DL,,UNKNOWN,DNP,Not injury related - personal matter,2022-11-05,nflverse,,2026-09-07T05:46:50.365367+00:00,2022-11-05T00:00:00
NFL_MIA_00-0034832_2022W09_NA_LP,NFL,2022,9,2022_NFL_W09_MIA_CHI,NFL_MIA,NFL_P_00-0034832,LB,,UNKNOWN,LP,Not injury related - resting player,2022-11-05,nflverse,,2026-09-07T05:46:50.365367+00:00,2022-11-05T00:00:00
NFL_MIA_00-0036213_2022W09_NA_LP,NFL,2022,9,2022_NFL_W09_MIA_CHI,NFL_MIA,NFL_P_00-0036213,DL,,UNKNOWN,LP,Knee,2022-11-05,nflverse,,2026-09-07T05:46:50.365367+00:00,2022-11-05T00:00:00
NFL_MIA_00-0031687_2022W09_NA_LP,NFL,2022,9,2022_NFL_W09_MIA_CHI,NFL_MIA,NFL_P_00-0031687,RB,,UNKNOWN,LP,Not injury related - resting player,2022-11-05,nflverse,,2026-09-07T05:46:50.365367+00:00,2022-11-05T00:00:00
NFL_MIA_00-0034798_2022W09_NA_LP,NFL,2022,9,2022_NFL_W09_MIA_CHI,NFL_MIA,NFL_P_00-0034798,TE,,UNKNOWN,LP,Hamstring,2022-11-05,nflverse,,2026-09-07T05:46:50.365367+00:00,2022-11-05T00:00:00
NFL_MIA_00-0034115_2022W09_NA_LP,NFL,2022,9,2022_NFL_W09_MIA_CHI,NFL_MIA,NFL_P_00-0034115,RB,,UNKNOWN,LP,Not injury related - resting player,2022-11-05,nflverse,,2026-09-07T05:46:50.365367+00:00,2022-11-05T00:00:00
NFL_MIA_00-0034054_2022W09_OUT_DNP,NFL,2022,9,2022_NFL_W09_MIA_CHI,NFL_MIA,NFL_P_00-0034054,WR,,OUT,DNP,Illness,2022-11-05,nflverse,,2026-09-07T05:46:50.365367+00:00,2022-11-05T00:00:00
NFL_MIA_00-0036248_2022W09_DOUBTFUL_LP,NFL,2022,9,2022_NFL_W09_MIA_CHI,NFL_MIA,NFL_P_00-0036248,OL,,DOUBTFUL,LP,Ankle,2022-11-05,nflverse,,2026-09-07T05:46:50.365367+00:00,2022-11-05T00:00:00
NFL_MIA_00-0031555_2022W09_QUESTIONABLE_FP,NFL,2022,9,2022_NFL_W09_MIA_CHI,NFL_MIA,NFL_P_00-0031555,S,,QUESTIONABLE,FP,Hip,2022-11-05,nflverse,,2026-09-07T05:46:50.365367+00:00,2022-11-05T00:00:00
NFL_MIA_00-0030067_2022W09_QUESTIONABLE_LP,NFL,2022,9,2022_NFL_W09_MIA_CHI,NFL_MIA,NFL_P_00-0030067,OL,,QUESTIONABLE,LP,Toe,2022-11-05,nflverse,,2026-09-07T05:46:50.365367+00:00,2022-11-05T00:00:00
NFL_MIA_00-0037348_2022W09_QUESTIONABLE_LP,NFL,2022,9,2022_NFL_W09_MIA_CHI,NFL_MIA,NFL_P_00-0037348,TE,,QUESTIONABLE,LP,Knee,2022-11-05,nflverse,,2026-09-07T05:46:50.365367+00:00,2022-11-05T00:00:00
NFL_MIA_00-0036934_2022W09_QUESTIONABLE_LP,NFL,2022,9,2022_NFL_W09_MIA_CHI,NFL_MIA,NFL_P_00-0036934,LB,,QUESTIONABLE,LP,Quadricep,2022-11-05,nflverse,,2026-09-07T05:46:50.365367+00:00,2022-11-05T00:00:00
NFL_MIN_00-0036629_2022W09_NA_DNP,NFL,2022,9,2022_NFL_W09_MIN_WAS,NFL_MIN,NFL_P_00-0036629,S,,UNKNOWN,DNP,Not injury related - personal matter,2022-11-05,nflverse,,2026-09-07T05:46:50.365367+00:00,2022-11-05T00:00:00
NFL_MIN_00-0033546_2022W09_OUT_DNP,NFL,2022,9,2022_NFL_W09_MIN_WAS,NFL_MIN,NFL_P_00-0033546,DL,,OUT,DNP,Calf,2022-11-05,nflverse,,2026-09-07T05:46:50.365367+00:00,2022-11-05T00:00:00
NFL_MIN_00-0036330_2022W09_QUESTIONABLE_FP,NFL,2022,9,2022_NFL_W09_MIN_WAS,NFL_MIN,NFL_P_00-0036330,CB,,QUESTIONABLE,FP,Neck,2022-11-05,nflverse,,2026-09-07T05:46:50.365367+00:00,2022-11-05T00:00:00
NFL_MIN_00-0037291_2022W09_QUESTIONABLE_FP,NFL,2022,9,2022_NFL_W09_MIN_WAS,NFL_MIN,NFL_P_00-0037291,WR,,QUESTIONABLE,FP,Illness,2022-11-05,nflverse,,2026-09-07T05:46:50.365367+00:00,2022-11-05T00:00:00
NFL_NE_00-0027647_2022W09_NA_DNP,NFL,2022,9,2022_NFL_W09_IND_NE,NFL_NE,NFL_P_00-0027647,S,,UNKNOWN,DNP,Not injury related - resting player,2022-11-05,nflverse,,2026-09-07T05:46:50.365367+00:00,2022-11-05T00:00:00
NFL_NE_00-0031404_2022W09_NA_LP,NFL,2022,9,2022_NFL_W09_IND_NE,NFL_NE,NFL_P_00-0031404,S,,UNKNOWN,LP,Shoulder,2022-11-05,nflverse,,2026-09-07T05:46:50.365367+00:00,2022-11-05T00:00:00
NFL_NE_00-0026293_2022W09_NA_LP,NFL,2022,9,2022_NFL_W09_IND_NE,NFL_NE,NFL_P_00-0026293,WR,,UNKNOWN,LP,Hamstring,2022-11-05,nflverse,,2026-09-07T05:46:50.365367+00:00,2022-11-05T00:00:00
NFL_NE_00-0031852_2022W09_OUT_DNP,NFL,2022,9,2022_NFL_W09_IND_NE,NFL_NE,NFL_P_00-0031852,OL,,OUT,DNP,Concussion,2022-11-05,nflverse,,2026-09-07T05:46:50.365367+00:00,2022-11-05T00:00:00
NFL_NE_00-0028076_2022W09_OUT_DNP,NFL,2022,9,2022_NFL_W09_IND_NE,NFL_NE,NFL_P_00-0028076,OL,,OUT,DNP,Concussion,2022-11-05,nflverse,,2026-09-07T05:46:50.365367+00:00,2022-11-05T00:00:00
NFL_NE_00-0031547_2022W09_OUT_DNP,NFL,2022,9,2022_NFL_W09_IND_NE,NFL_NE,NFL_P_00-0031547,WR,,OUT,DNP,Knee,2022-11-05,nflverse,,2026-09-07T05:46:50.365367+00:00,2022-11-05T00:00:00
NFL_NE_00-0038039_2022W09_QUESTIONABLE_DNP,NFL,2022,9,2022_NFL_W09_IND_NE,NFL_NE,NFL_P_00-0038039,CB,,QUESTIONABLE,DNP,Illness,2022-11-05,nflverse,,2026-09-07T05:46:50.365367+00:00,2022-11-05T00:00:00
NFL_NE_00-0036981_2022W09_QUESTIONABLE_LP,NFL,2022,9,2022_NFL_W09_IND_NE,NFL_NE,NFL_P_00-0036981,DL,,QUESTIONABLE,LP,Knee,2022-11-05,nflverse,,2026-09-07T05:46:50.365367+00:00,2022-11-05T00:00:00
NFL_NE_00-0036231_2022W09_QUESTIONABLE_LP,NFL,2022,9,2022_NFL_W09_IND_NE,NFL_NE,NFL_P_00-0036231,S,,QUESTIONABLE,LP,Ankle,2022-11-05,nflverse,,2026-09-07T05:46:50.365367+00:00,2022-11-05T00:00:00
NFL_NE_00-0035657_2022W09_QUESTIONABLE_LP,NFL,2022,9,2022_NFL_W09_IND_NE,NFL_NE,NFL_P_00-0035657,RB,,QUESTIONABLE,LP,Illness,2022-11-05,nflverse,,2026-09-07T05:46:50.365367+00:00,2022-11-05T00:00:00
NFL_NE_00-0038098_2022W09_QUESTIONABLE_LP,NFL,2022,9,2022_NFL_W09_IND_NE,NFL_NE,NFL_P_00-0038098,RB,,QUESTIONABLE,LP,Hamstring,2022-11-05,nflverse,,2026-09-07T05:46:50.365367+00:00,2022-11-05T00:00:00
NFL_NE_00-0036159_2022W09_QUESTIONABLE_LP,NFL,2022,9,2022_NFL_W09_IND_NE,NFL_NE,NFL_P_00-0036159,LB,,QUESTIONABLE,LP,Hamstring,2022-11-05,nflverse,,2026-09-07T05:46:50.365367+00:00,2022-11-05T00:00:00
NFL_NE_00-0033947_2022W09_QUESTIONABLE_LP,NFL,2022,9,2022_NFL_W09_IND_NE,NFL_NE,NFL_P_00-0033947,EDGE,,QUESTIONABLE,LP,Ankle,2022-11-05,nflverse,,2026-09-07T05:46:50.365367+00:00,2022-11-05T00:00:00
NFL_NO_00-0032765_2022W09_NA_DNP,NFL,2022,9,2022_NFL_W09_BAL_NO,NFL_NO,NFL_P_00-0032765,WR,,UNKNOWN,DNP,Foot,2022-11-07,nflverse,,2026-09-07T05:46:50.365367+00:00,2022-11-07T00:00:00
NFL_NO_00-0034944_2022W09_OUT_DNP,NFL,2022,9,2022_NFL_W09_BAL_NO,NFL_NO,NFL_P_00-0034944,LB,,OUT,DNP,Knee,2022-11-07,nflverse,,2026-09-07T05:46:50.365367+00:00,2022-11-07T00:00:00
NFL_NO_00-0027966_2022W09_OUT_DNP,NFL,2022,9,2022_NFL_W09_BAL_NO,NFL_NO,NFL_P_00-0027966,RB,,OUT,DNP,Knee,2022-11-07,nflverse,,2026-09-07T05:46:50.365367+00:00,2022-11-07T00:00:00
NFL_NO_00-0033874_2022W09_OUT_DNP,NFL,2022,9,2022_NFL_W09_BAL_NO,NFL_NO,NFL_P_00-0033874,CB,,OUT,DNP,Abdomen,2022-11-07,nflverse,,2026-09-07T05:46:50.365367+00:00,2022-11-07T00:00:00
NFL_NO_00-0031382_2022W09_QUESTIONABLE_LP,NFL,2022,9,2022_NFL_W09_BAL_NO,NFL_NO,NFL_P_00-0031382,WR,,QUESTIONABLE,LP,Ankle,2022-11-07,nflverse,,2026-09-07T05:46:50.365367+00:00,2022-11-07T00:00:00
NFL_NYJ_00-0033871_2022W09_OUT_DNP,NFL,2022,9,2022_NFL_W09_BUF_NYJ,NFL_NYJ,NFL_P_00-0033871,WR,,OUT,DNP,Knee,2022-11-05,nflverse,,2026-09-07T05:46:50.365367+00:00,2022-11-05T00:00:00
NFL_NYJ_00-0035831_2022W09_QUESTIONABLE_NA,NFL,2022,9,2022_NFL_W09_BUF_NYJ,NFL_NYJ,NFL_P_00-0035831,RB,,QUESTIONABLE,,Knee,2022-11-05,nflverse,,2026-09-07T05:46:50.365367+00:00,2022-11-05T00:00:00
NFL_PHI_00-0032890_2022W09_NA_LP,NFL,2022,9,2022_NFL_W09_PHI_HOU,NFL_PHI,NFL_P_00-0032890,CB,,UNKNOWN,LP,Not injury related - resting player,2022-11-03,nflverse,,2026-09-07T05:46:50.365367+00:00,2022-11-03T00:00:00
NFL_PHI_00-0035676_2022W09_NA_LP,NFL,2022,9,2022_NFL_W09_PHI_HOU,NFL_PHI,NFL_P_00-0035676,WR,,UNKNOWN,LP,Not injury related - resting player,2022-11-03,nflverse,,2026-09-07T05:46:50.365367+00:00,2022-11-03T00:00:00
NFL_PHI_00-0029653_2022W09_NA_LP,NFL,2022,9,2022_NFL_W09_PHI_HOU,NFL_PHI,NFL_P_00-0029653,DL,,UNKNOWN,LP,Not injury related - resting player,2022-11-03,nflverse,,2026-09-07T05:46:50.365367+00:00,2022-11-03T00:00:00
NFL_PHI_00-0037002_2022W09_NA_LP,NFL,2022,9,2022_NFL_W09_PHI_HOU,NFL_PHI,NFL_P_00-0037002,OL,,UNKNOWN,LP,Not injury related - resting player,2022-11-03,nflverse,,2026-09-07T05:46:50.365367+00:00,2022-11-03T00:00:00
NFL_PHI_00-0027865_2022W09_NA_LP,NFL,2022,9,2022_NFL_W09_PHI_HOU,NFL_PHI,NFL_P_00-0027865,EDGE,,UNKNOWN,LP,Not injury related - resting player,2022-11-03,nflverse,,2026-09-07T05:46:50.365367+00:00,2022-11-03T00:00:00
NFL_PHI_00-0030561_2022W09_NA_LP,NFL,2022,9,2022_NFL_W09_PHI_HOU,NFL_PHI,NFL_P_00-0030561,OL,,UNKNOWN,LP,Not injury related - resting player,2022-11-03,nflverse,,2026-09-07T05:46:50.365367+00:00,2022-11-03T00:00:00
NFL_PHI_00-0028129_2022W09_NA_LP,NFL,2022,9,2022_NFL_W09_PHI_HOU,NFL_PHI,NFL_P_00-0028129,OL,,UNKNOWN,LP,Not injury related - resting player,2022-11-03,nflverse,,2026-09-07T05:46:50.365367+00:00,2022-11-03T00:00:00
NFL_PHI_00-0032954_2022W09_NA_LP,NFL,2022,9,2022_NFL_W09_PHI_HOU,NFL_PHI,NFL_P_00-0032954,OL,,UNKNOWN,LP,Not injury related - resting player,2022-11-03,nflverse,,2026-09-07T05:46:50.365367+00:00,2022-11-03T00:00:00
NFL_PHI_00-0030062_2022W09_NA_LP,NFL,2022,9,2022_NFL_W09_PHI_HOU,NFL_PHI,NFL_P_00-0030062,CB,,UNKNOWN,LP,Not injury related - resting player,2022-11-03,nflverse,,2026-09-07T05:46:50.365367+00:00,2022-11-03T00:00:00
NFL_PHI_00-0034381_2022W09_NA_LP,NFL,2022,9,2022_NFL_W09_PHI_HOU,NFL_PHI,NFL_P_00-0034381,EDGE,,UNKNOWN,LP,Not injury related - resting player,2022-11-03,nflverse,,2026-09-07T05:46:50.365367+00:00,2022-11-03T00:00:00
NFL_PHI_00-0037073_2022W09_OUT_DNP,NFL,2022,9,2022_NFL_W09_PHI_HOU,NFL_PHI,NFL_P_00-0037073,DL,,OUT,DNP,Ankle,2022-11-03,nflverse,,2026-09-07T05:46:50.365367+00:00,2022-11-03T00:00:00
NFL_PHI_00-0036303_2022W09_OUT_DNP,NFL,2022,9,2022_NFL_W09_PHI_HOU,NFL_PHI,NFL_P_00-0036303,CB,,OUT,DNP,Ankle,2022-11-03,nflverse,,2026-09-07T05:46:50.365367+00:00,2022-11-03T00:00:00
NFL_SEA_00-0030068_2022W09_OUT_DNP,NFL,2022,9,2022_NFL_W09_SEA_ARI,NFL_SEA,NFL_P_00-0030068,WR,,OUT,DNP,Groin,2022-11-05,nflverse,,2026-09-07T05:46:50.365367+00:00,2022-11-05T00:00:00
NFL_SEA_00-0036413_2022W09_OUT_DNP,NFL,2022,9,2022_NFL_W09_SEA_ARI,NFL_SEA,NFL_P_00-0036413,LB,,OUT,DNP,Groin,2022-11-05,nflverse,,2026-09-07T05:46:50.365367+00:00,2022-11-05T00:00:00
NFL_SEA_00-0037141_2022W09_QUESTIONABLE_DNP,NFL,2022,9,2022_NFL_W09_SEA_ARI,NFL_SEA,NFL_P_00-0037141,S,,QUESTIONABLE,DNP,Quadricep,2022-11-05,nflverse,,2026-09-07T05:46:50.365367+00:00,2022-11-05T00:00:00
NFL_SEA_00-0035022_2022W09_QUESTIONABLE_LP,NFL,2022,9,2022_NFL_W09_SEA_ARI,NFL_SEA,NFL_P_00-0035022,WR,,QUESTIONABLE,LP,Hamstring,2022-11-05,nflverse,,2026-09-07T05:46:50.365367+00:00,2022-11-05T00:00:00
NFL_TB_00-0029562_2022W09_NA_DNP,NFL,2022,9,2022_NFL_W09_LAR_TB,NFL_TB,NFL_P_00-0029562,LB,,UNKNOWN,DNP,Not injury related - resting player,2022-11-05,nflverse,,2026-09-07T05:46:50.365367+00:00,2022-11-05T00:00:00
NFL_TB_00-0031408_2022W09_NA_DNP,NFL,2022,9,2022_NFL_W09_LAR_TB,NFL_TB,NFL_P_00-0031408,WR,,UNKNOWN,DNP,Ankle,2022-11-05,nflverse,,2026-09-07T05:46:50.365367+00:00,2022-11-05T00:00:00
NFL_TB_00-0031580_2022W09_NA_LP,NFL,2022,9,2022_NFL_W09_LAR_TB,NFL_TB,NFL_P_00-0031580,OL,,UNKNOWN,LP,Not injury related - personal matter,2022-11-05,nflverse,,2026-09-07T05:46:50.365367+00:00,2022-11-05T00:00:00
NFL_TB_00-0034411_2022W09_OUT_DNP,NFL,2022,9,2022_NFL_W09_LAR_TB,NFL_TB,NFL_P_00-0034411,WR,,OUT,DNP,Hamstring,2022-11-05,nflverse,,2026-09-07T05:46:50.365367+00:00,2022-11-05T00:00:00
NFL_TB_00-0037835_2022W09_OUT_DNP,NFL,2022,9,2022_NFL_W09_LAR_TB,NFL_TB,NFL_P_00-0037835,OL,,OUT,DNP,Foot,2022-11-05,nflverse,,2026-09-07T05:46:50.365367+00:00,2022-11-05T00:00:00
NFL_TB_00-0031273_2022W09_OUT_LP,NFL,2022,9,2022_NFL_W09_LAR_TB,NFL_TB,NFL_P_00-0031273,TE,,OUT,LP,Neck,2022-11-05,nflverse,,2026-09-07T05:46:50.365367+00:00,2022-11-05T00:00:00
NFL_TB_00-0036411_2022W09_OUT_LP,NFL,2022,9,2022_NFL_W09_LAR_TB,NFL_TB,NFL_P_00-0036411,S,,OUT,LP,Concussion,2022-11-05,nflverse,,2026-09-07T05:46:50.365367+00:00,2022-11-05T00:00:00
NFL_TB_00-0029657_2022W09_QUESTIONABLE_DNP,NFL,2022,9,2022_NFL_W09_LAR_TB,NFL_TB,NFL_P_00-0029657,DL,,QUESTIONABLE,DNP,Foot,2022-11-05,nflverse,,2026-09-07T05:46:50.365367+00:00,2022-11-05T00:00:00
NFL_TB_00-0034778_2022W09_QUESTIONABLE_FP,NFL,2022,9,2022_NFL_W09_LAR_TB,NFL_TB,NFL_P_00-0034778,CB,,QUESTIONABLE,FP,Hip,2022-11-05,nflverse,,2026-09-07T05:46:50.365367+00:00,2022-11-05T00:00:00
NFL_TB_00-0035239_2022W09_QUESTIONABLE_FP,NFL,2022,9,2022_NFL_W09_LAR_TB,NFL_TB,NFL_P_00-0035239,CB,,QUESTIONABLE,FP,Quadricep,2022-11-05,nflverse,,2026-09-07T05:46:50.365367+00:00,2022-11-05T00:00:00
NFL_TEN_00-0029413_2022W09_NA_LP,NFL,2022,9,2022_NFL_W09_TEN_KC,NFL_TEN,NFL_P_00-0029413,OL,,UNKNOWN,LP,Not injury related - resting player,2022-11-06,nflverse,,2026-09-07T05:46:50.365367+00:00,2022-11-06T00:00:00
NFL_TEN_00-0036691_2022W09_OUT_DNP,NFL,2022,9,2022_NFL_W09_TEN_KC,NFL_TEN,NFL_P_00-0036691,RB,,OUT,DNP,Neck,2022-11-06,nflverse,,2026-09-07T05:46:50.365367+00:00,2022-11-06T00:00:00
NFL_TEN_00-0035632_2022W09_OUT_DNP,NFL,2022,9,2022_NFL_W09_TEN_KC,NFL_TEN,NFL_P_00-0035632,S,,OUT,DNP,Shoulder,2022-11-06,nflverse,,2026-09-07T05:46:50.365367+00:00,2022-11-06T00:00:00
NFL_TEN_00-0032146_2022W09_QUESTIONABLE_DNP,NFL,2022,9,2022_NFL_W09_TEN_KC,NFL_TEN,NFL_P_00-0032146,LB,,QUESTIONABLE,DNP,Illness,2022-11-06,nflverse,,2026-09-07T05:46:50.365367+00:00,2022-11-06T00:00:00
NFL_TEN_00-0035643_2022W09_QUESTIONABLE_DNP,NFL,2022,9,2022_NFL_W09_TEN_KC,NFL_TEN,NFL_P_00-0035643,DL,,QUESTIONABLE,DNP,Ankle,2022-11-06,nflverse,,2026-09-07T05:46:50.365367+00:00,2022-11-06T00:00:00
NFL_TEN_00-0035334_2022W09_QUESTIONABLE_DNP,NFL,2022,9,2022_NFL_W09_TEN_KC,NFL_TEN,NFL_P_00-0035334,EDGE,,QUESTIONABLE,DNP,Ankle,2022-11-06,nflverse,,2026-09-07T05:46:50.365367+00:00,2022-11-06T00:00:00
NFL_TEN_00-0029701_2022W09_QUESTIONABLE_LP,NFL,2022,9,2022_NFL_W09_TEN_KC,NFL_TEN,NFL_P_00-0029701,QB,,QUESTIONABLE,LP,Ankle,2022-11-06,nflverse,,2026-09-07T05:46:50.365367+00:00,2022-11-06T00:00:00
NFL_WAS_00-0037741_2022W09_OUT_DNP,NFL,2022,9,2022_NFL_W09_MIN_WAS,NFL_WAS,NFL_P_00-0037741,WR,,OUT,DNP,Hamstring,2022-11-05,nflverse,,2026-09-07T05:46:50.365367+00:00,2022-11-05T00:00:00
NFL_WAS_00-0035286_2022W09_OUT_DNP,NFL,2022,9,2022_NFL_W09_MIN_WAS,NFL_WAS,NFL_P_00-0035286,LB,,OUT,DNP,Foot,2022-11-05,nflverse,,2026-09-07T05:46:50.365367+00:00,2022-11-05T00:00:00
NFL_WAS_00-0031596_2022W09_OUT_DNP,NFL,2022,9,2022_NFL_W09_MIN_WAS,NFL_WAS,NFL_P_00-0031596,LB,,OUT,DNP,Hamstring,2022-11-05,nflverse,,2026-09-07T05:46:50.365367+00:00,2022-11-05T00:00:00
NFL_WAS_00-0032602_2022W09_OUT_DNP,NFL,2022,9,2022_NFL_W09_MIN_WAS,NFL_WAS,NFL_P_00-0032602,RB,,OUT,DNP,Neck,2022-11-05,nflverse,,2026-09-07T05:46:50.365367+00:00,2022-11-05T00:00:00
NFL_WAS_00-0036618_2022W09_QUESTIONABLE_NA,NFL,2022,9,2022_NFL_W09_MIN_WAS,NFL_WAS,NFL_P_00-0036618,OL,,QUESTIONABLE,,Illness,2022-11-05,nflverse,,2026-09-07T05:46:50.365367+00:00,2022-11-05T00:00:00
NFL_WAS_00-0036666_2022W09_QUESTIONABLE_LP,NFL,2022,9,2022_NFL_W09_MIN_WAS,NFL_WAS,NFL_P_00-0036666,EDGE,,QUESTIONABLE,LP,Calf,2022-11-05,nflverse,,2026-09-07T05:46:50.365367+00:00,2022-11-05T00:00:00
NFL_ARI_00-0034346_2022W10_NA_DNP,NFL,2022,10,2022_NFL_W10_ARI_LAR,NFL_ARI,NFL_P_00-0034346,OL,,UNKNOWN,DNP,Chest,2022-11-12,nflverse,,2026-09-07T05:46:50.365367+00:00,2022-11-12T00:00:00
NFL_ARI_00-0032132_2022W10_OUT_DNP,NFL,2022,10,2022_NFL_W10_ARI_LAR,NFL_ARI,NFL_P_00-0032132,OL,,OUT,DNP,Shoulder,2022-11-12,nflverse,,2026-09-07T05:46:50.365367+00:00,2022-11-12T00:00:00
NFL_ARI_00-0027993_2022W10_OUT_DNP,NFL,2022,10,2022_NFL_W10_ARI_LAR,NFL_ARI,NFL_P_00-0027993,OL,,OUT,DNP,Knee,2022-11-12,nflverse,,2026-09-07T05:46:50.365367+00:00,2022-11-12T00:00:00
NFL_ARI_00-0035236_2022W10_QUESTIONABLE_DNP,NFL,2022,10,2022_NFL_W10_ARI_LAR,NFL_ARI,NFL_P_00-0035236,CB,,QUESTIONABLE,DNP,Back,2022-11-12,nflverse,,2026-09-07T05:46:50.365367+00:00,2022-11-12T00:00:00
NFL_ARI_00-0023853_2022W10_QUESTIONABLE_DNP,NFL,2022,10,2022_NFL_W10_ARI_LAR,NFL_ARI,NFL_P_00-0023853,K,,QUESTIONABLE,DNP,right Hip,2022-11-12,nflverse,,2026-09-07T05:46:50.365367+00:00,2022-11-12T00:00:00
NFL_ARI_00-0033890_2022W10_QUESTIONABLE_LP,NFL,2022,10,2022_NFL_W10_ARI_LAR,NFL_ARI,NFL_P_00-0033890,S,,QUESTIONABLE,LP,Ankle,2022-11-12,nflverse,,2026-09-07T05:46:50.365367+00:00,2022-11-12T00:00:00
NFL_ARI_00-0035500_2022W10_QUESTIONABLE_LP,NFL,2022,10,2022_NFL_W10_ARI_LAR,NFL_ARI,NFL_P_00-0035500,WR,,QUESTIONABLE,LP,Groin,2022-11-12,nflverse,,2026-09-07T05:46:50.365367+00:00,2022-11-12T00:00:00
NFL_ARI_00-0035238_2022W10_QUESTIONABLE_LP,NFL,2022,10,2022_NFL_W10_ARI_LAR,NFL_ARI,NFL_P_00-0035238,OL,,QUESTIONABLE,LP,Illness,2022-11-12,nflverse,,2026-09-07T05:46:50.365367+00:00,2022-11-12T00:00:00
NFL_ARI_00-0034473_2022W10_QUESTIONABLE_LP,NFL,2022,10,2022_NFL_W10_ARI_LAR,NFL_ARI,NFL_P_00-0034473,LB,,QUESTIONABLE,LP,Ankle,2022-11-12,nflverse,,2026-09-07T05:46:50.365367+00:00,2022-11-12T00:00:00
NFL_ARI_00-0032222_2022W10_QUESTIONABLE_LP,NFL,2022,10,2022_NFL_W10_ARI_LAR,NFL_ARI,NFL_P_00-0032222,OL,,QUESTIONABLE,LP,Back,2022-11-12,nflverse,,2026-09-07T05:46:50.365367+00:00,2022-11-12T00:00:00
NFL_ARI_00-0037747_2022W10_QUESTIONABLE_LP,NFL,2022,10,2022_NFL_W10_ARI_LAR,NFL_ARI,NFL_P_00-0037747,CB,,QUESTIONABLE,LP,Hamstring,2022-11-12,nflverse,,2026-09-07T05:46:50.365367+00:00,2022-11-12T00:00:00
NFL_ARI_00-0035228_2022W10_QUESTIONABLE_LP,NFL,2022,10,2022_NFL_W10_ARI_LAR,NFL_ARI,NFL_P_00-0035228,QB,,QUESTIONABLE,LP,Hamstring,2022-11-12,nflverse,,2026-09-07T05:46:50.365367+00:00,2022-11-12T00:00:00
NFL_ATL_00-0036295_2022W10_NA_DNP,NFL,2022,10,2022_NFL_W10_ATL_CAR,NFL_ATL,NFL_P_00-0036295,OL,,UNKNOWN,DNP,Knee,2022-11-10,nflverse,,2026-09-07T05:46:50.365367+00:00,2022-11-10T00:00:00
NFL_ATL_00-0036825_2022W10_OUT_DNP,NFL,2022,10,2022_NFL_W10_ATL_CAR,NFL_ATL,NFL_P_00-0036825,TE,,OUT,DNP,Calf,2022-11-10,nflverse,,2026-09-07T05:46:50.365367+00:00,2022-11-10T00:00:00
NFL_ATL_00-0032320_2022W10_OUT_DNP,NFL,2022,10,2022_NFL_W10_ATL_CAR,NFL_ATL,NFL_P_00-0032320,S,,OUT,DNP,Foot,2022-11-10,nflverse,,2026-09-07T05:46:50.365367+00:00,2022-11-10T00:00:00
NFL_ATL_00-0036285_2022W10_OUT_DNP,NFL,2022,10,2022_NFL_W10_ATL_CAR,NFL_ATL,NFL_P_00-0036285,CB,,OUT,DNP,Hamstring,2022-11-10,nflverse,,2026-09-07T05:46:50.365367+00:00,2022-11-10T00:00:00
NFL_BUF_00-0031588_2022W10_NA_DNP,NFL,2022,10,2022_NFL_W10_MIN_BUF,NFL_BUF,NFL_P_00-0031588,WR,,UNKNOWN,DNP,Not injury related - resting player,2022-11-12,nflverse,,2026-09-07T05:46:50.365367+00:00,2022-11-12T00:00:00
NFL_BUF_00-0028063_2022W10_NA_DNP,NFL,2022,10,2022_NFL_W10_MIN_BUF,NFL_BUF,NFL_P_00-0028063,RB,,UNKNOWN,DNP,Not injury related - resting player,2022-11-12,nflverse,,2026-09-07T05:46:50.365367+00:00,2022-11-12T00:00:00
NFL_BUF_00-0027940_2022W10_NA_DNP,NFL,2022,10,2022_NFL_W10_MIN_BUF,NFL_BUF,NFL_P_00-0027940,LB,,UNKNOWN,DNP,Not injury related - resting player,2022-11-12,nflverse,,2026-09-07T05:46:50.365367+00:00,2022-11-12T00:00:00
NFL_BUF_00-0027648_2022W10_NA_DNP,NFL,2022,10,2022_NFL_W10_MIN_BUF,NFL_BUF,NFL_P_00-0027648,OL,,UNKNOWN,DNP,Not injury related - resting player,2022-11-12,nflverse,,2026-09-07T05:46:50.365367+00:00,2022-11-12T00:00:00
NFL_BUF_00-0030114_2022W10_OUT_DNP,NFL,2022,10,2022_NFL_W10_MIN_BUF,NFL_BUF,NFL_P_00-0030114,S,,OUT,DNP,Elbow,2022-11-12,nflverse,,2026-09-07T05:46:50.365367+00:00,2022-11-12T00:00:00
NFL_BUF_00-0036914_2022W10_OUT_DNP,NFL,2022,10,2022_NFL_W10_MIN_BUF,NFL_BUF,NFL_P_00-0036914,EDGE,,OUT,DNP,Ankle,2022-11-12,nflverse,,2026-09-07T05:46:50.365367+00:00,2022-11-12T00:00:00
NFL_BUF_00-0037242_2022W10_DOUBTFUL_DNP,NFL,2022,10,2022_NFL_W10_MIN_BUF,NFL_BUF,NFL_P_00-0037242,CB,,DOUBTFUL,DNP,Ankle,2022-11-12,nflverse,,2026-09-07T05:46:50.365367+00:00,2022-11-12T00:00:00
NFL_BUF_00-0034857_2022W10_QUESTIONABLE_LP,NFL,2022,10,2022_NFL_W10_MIN_BUF,NFL_BUF,NFL_P_00-0034857,QB,,QUESTIONABLE,LP,right Elbow,2022-11-12,nflverse,,2026-09-07T05:46:50.365367+00:00,2022-11-12T00:00:00
NFL_BUF_00-0034673_2022W10_QUESTIONABLE_LP,NFL,2022,10,2022_NFL_W10_MIN_BUF,NFL_BUF,NFL_P_00-0034673,LB,,QUESTIONABLE,LP,Groin,2022-11-12,nflverse,,2026-09-07T05:46:50.365367+00:00,2022-11-12T00:00:00
NFL_CAR_00-0032403_2022W10_OUT_DNP,NFL,2022,10,2022_NFL_W10_ATL_CAR,NFL_CAR,NFL_P_00-0032403,S,,OUT,DNP,Concussion,2022-11-10,nflverse,,2026-09-07T05:46:50.365367+00:00,2022-11-10T00:00:00
NFL_CAR_00-0032977_2022W10_OUT_DNP,NFL,2022,10,2022_NFL_W10_ATL_CAR,NFL_CAR,NFL_P_00-0032977,WR,,OUT,DNP,Illness,2022-11-10,nflverse,,2026-09-07T05:46:50.365367+00:00,2022-11-10T00:00:00
NFL_CAR_00-0036555_2022W10_QUESTIONABLE_FP,NFL,2022,10,2022_NFL_W10_ATL_CAR,NFL_CAR,NFL_P_00-0036555,RB,,QUESTIONABLE,FP,Ankle,2022-11-10,nflverse,,2026-09-07T05:46:50.365367+00:00,2022-11-10T00:00:00
NFL_CAR_00-0032781_2022W10_QUESTIONABLE_FP,NFL,2022,10,2022_NFL_W10_ATL_CAR,NFL_CAR,NFL_P_00-0032781,DL,,QUESTIONABLE,FP,Back,2022-11-10,nflverse,,2026-09-07T05:46:50.365367+00:00,2022-11-10T00:00:00
NFL_CAR_00-0034356_2022W10_QUESTIONABLE_FP,NFL,2022,10,2022_NFL_W10_ATL_CAR,NFL_CAR,NFL_P_00-0034356,CB,,QUESTIONABLE,FP,Ankle,2022-11-10,nflverse,,2026-09-07T05:46:50.365367+00:00,2022-11-10T00:00:00
NFL_CAR_00-0033284_2022W10_QUESTIONABLE_FP,NFL,2022,10,2022_NFL_W10_ATL_CAR,NFL_CAR,NFL_P_00-0033284,OL,,QUESTIONABLE,FP,Elbow,2022-11-10,nflverse,,2026-09-07T05:46:50.365367+00:00,2022-11-10T00:00:00
NFL_CHI_00-0036307_2022W10_OUT_DNP,NFL,2022,10,2022_NFL_W10_DET_CHI,NFL_CHI,NFL_P_00-0036307,CB,,OUT,DNP,Ankle,2022-11-12,nflverse,,2026-09-07T05:46:50.365367+00:00,2022-11-12T00:00:00
NFL_CHI_00-0033964_2022W10_DOUBTFUL_DNP,NFL,2022,10,2022_NFL_W10_DET_CHI,NFL_CHI,NFL_P_00-0033964,EDGE,,DOUBTFUL,DNP,Knee,2022-11-12,nflverse,,2026-09-07T05:46:50.365367+00:00,2022-11-12T00:00:00
NFL_CHI_00-0036953_2022W10_QUESTIONABLE_LP,NFL,2022,10,2022_NFL_W10_DET_CHI,NFL_CHI,NFL_P_00-0036953,OL,,QUESTIONABLE,LP,Hip,2022-11-12,nflverse,,2026-09-07T05:46:50.365367+00:00,2022-11-12T00:00:00
NFL_CHI_00-0036292_2022W10_QUESTIONABLE_LP,NFL,2022,10,2022_NFL_W10_DET_CHI,NFL_CHI,NFL_P_00-0036292,CB,,QUESTIONABLE,LP,Oblique ,2022-11-12,nflverse,,2026-09-07T05:46:50.365367+00:00,2022-11-12T00:00:00
NFL_CLE_00-0034399_2022W10_NA_LP,NFL,2022,10,2022_NFL_W10_CLE_MIA,NFL_CLE,NFL_P_00-0034399,OL,,UNKNOWN,LP,Calf,2022-11-12,nflverse,,2026-09-07T05:46:50.365367+00:00,2022-11-12T00:00:00
NFL_CLE_00-0033885_2022W10_OUT_DNP,NFL,2022,10,2022_NFL_W10_CLE_MIA,NFL_CLE,NFL_P_00-0033885,TE,,OUT,DNP,Ankle,2022-11-12,nflverse,,2026-09-07T05:46:50.365367+00:00,2022-11-12T00:00:00
NFL_CLE_00-0036915_2022W10_OUT_LP,NFL,2022,10,2022_NFL_W10_CLE_MIA,NFL_CLE,NFL_P_00-0036915,LB,,OUT,LP,Knee,2022-11-12,nflverse,,2026-09-07T05:46:50.365367+00:00,2022-11-12T00:00:00
NFL_CLE_00-0033995_2022W10_QUESTIONABLE_LP,NFL,2022,10,2022_NFL_W10_CLE_MIA,NFL_CLE,NFL_P_00-0033995,OL,,QUESTIONABLE,LP,Back,2022-11-12,nflverse,,2026-09-07T05:46:50.365367+00:00,2022-11-12T00:00:00
NFL_DAL_00-0031256_2022W10_OUT_DNP,NFL,2022,10,2022_NFL_W10_DAL_GB,NFL_DAL,NFL_P_00-0031256,LB,,OUT,DNP,Hamstring,2022-11-12,nflverse,,2026-09-07T05:46:50.365367+00:00,2022-11-12T00:00:00
NFL_DAL_00-0033045_2022W10_QUESTIONABLE_LP,NFL,2022,10,2022_NFL_W10_DAL_GB,NFL_DAL,NFL_P_00-0033045,RB,,QUESTIONABLE,LP,Knee,2022-11-12,nflverse,,2026-09-07T05:46:50.365367+00:00,2022-11-12T00:00:00
NFL_DEN_00-0034959_2022W10_OUT_DNP,NFL,2022,10,2022_NFL_W10_DEN_TEN,NFL_DEN,NFL_P_00-0034959,TE,,OUT,DNP,Hamstring,2022-11-12,nflverse,,2026-09-07T05:46:50.365367+00:00,2022-11-12T00:00:00
NFL_DEN_00-0036995_2022W10_OUT_DNP,NFL,2022,10,2022_NFL_W10_DEN_TEN,NFL_DEN,NFL_P_00-0036995,LB,,OUT,DNP,Hip,2022-11-12,nflverse,,2026-09-07T05:46:50.365367+00:00,2022-11-12T00:00:00
NFL_DEN_00-0036412_2022W10_OUT_DNP,NFL,2022,10,2022_NFL_W10_DEN_TEN,NFL_DEN,NFL_P_00-0036412,WR,,OUT,DNP,Hamstring,2022-11-12,nflverse,,2026-09-07T05:46:50.365367+00:00,2022-11-12T00:00:00
NFL_DEN_00-0037249_2022W10_QUESTIONABLE_DNP,NFL,2022,10,2022_NFL_W10_DEN_TEN,NFL_DEN,NFL_P_00-0037249,LB,,QUESTIONABLE,DNP,Illness,2022-11-12,nflverse,,2026-09-07T05:46:50.365367+00:00,2022-11-12T00:00:00
NFL_DEN_00-0035864_2022W10_QUESTIONABLE_DNP,NFL,2022,10,2022_NFL_W10_DEN_TEN,NFL_DEN,NFL_P_00-0035864,WR,,QUESTIONABLE,DNP,Illness,2022-11-12,nflverse,,2026-09-07T05:46:50.365367+00:00,2022-11-12T00:00:00
NFL_DEN_00-0034683_2022W10_QUESTIONABLE_DNP,NFL,2022,10,2022_NFL_W10_DEN_TEN,NFL_DEN,NFL_P_00-0034683,CB,,QUESTIONABLE,DNP,Illness,2022-11-12,nflverse,,2026-09-07T05:46:50.365367+00:00,2022-11-12T00:00:00
NFL_DEN_00-0031067_2022W10_QUESTIONABLE_LP,NFL,2022,10,2022_NFL_W10_DEN_TEN,NFL_DEN,NFL_P_00-0031067,OL,,QUESTIONABLE,LP,Quadricep,2022-11-12,nflverse,,2026-09-07T05:46:50.365367+00:00,2022-11-12T00:00:00
NFL_DEN_00-0032971_2022W10_QUESTIONABLE_LP,NFL,2022,10,2022_NFL_W10_DEN_TEN,NFL_DEN,NFL_P_00-0032971,S,,QUESTIONABLE,LP,Knee,2022-11-12,nflverse,,2026-09-07T05:46:50.365367+00:00,2022-11-12T00:00:00
NFL_DET_00-0036752_2022W10_NA_LP,NFL,2022,10,2022_NFL_W10_DET_CHI,NFL_DET,NFL_P_00-0036752,CB,,UNKNOWN,LP,Hip,2022-11-12,nflverse,,2026-09-07T05:46:50.365367+00:00,2022-11-12T00:00:00
NFL_DET_00-0033943_2022W10_OUT_DNP,NFL,2022,10,2022_NFL_W10_DET_CHI,NFL_DET,NFL_P_00-0033943,WR,,OUT,DNP,Back,2022-11-12,nflverse,,2026-09-07T05:46:50.365367+00:00,2022-11-12T00:00:00
NFL_DET_00-0035328_2022W10_DOUBTFUL_LP,NFL,2022,10,2022_NFL_W10_DET_CHI,NFL_DET,NFL_P_00-0035328,OL,,DOUBTFUL,LP,Calf,2022-11-12,nflverse,,2026-09-07T05:46:50.365367+00:00,2022-11-12T00:00:00
NFL_DET_00-0037667_2022W10_QUESTIONABLE_FP,NFL,2022,10,2022_NFL_W10_DET_CHI,NFL_DET,NFL_P_00-0037667,S,,QUESTIONABLE,FP,Concussion,2022-11-12,nflverse,,2026-09-07T05:46:50.365367+00:00,2022-11-12T00:00:00
NFL_DET_00-0037321_2022W10_QUESTIONABLE_LP,NFL,2022,10,2022_NFL_W10_DET_CHI,NFL_DET,NFL_P_00-0037321,CB,,QUESTIONABLE,LP,Ankle,2022-11-12,nflverse,,2026-09-07T05:46:50.365367+00:00,2022-11-12T00:00:00
NFL_DET_00-0036993_2022W10_QUESTIONABLE_LP,NFL,2022,10,2022_NFL_W10_DET_CHI,NFL_DET,NFL_P_00-0036993,S,,QUESTIONABLE,LP,Ankle,2022-11-12,nflverse,,2026-09-07T05:46:50.365367+00:00,2022-11-12T00:00:00
NFL_DET_00-0037289_2022W10_QUESTIONABLE_LP,NFL,2022,10,2022_NFL_W10_DET_CHI,NFL_DET,NFL_P_00-0037289,LB,,QUESTIONABLE,LP,Elbow,2022-11-12,nflverse,,2026-09-07T05:46:50.365367+00:00,2022-11-12T00:00:00
NFL_GB_00-0034967_2022W10_NA_DNP,NFL,2022,10,2022_NFL_W10_DAL_GB,NFL_GB,NFL_P_00-0034967,LB,,UNKNOWN,DNP,Knee,2022-11-12,nflverse,,2026-09-07T05:46:50.365367+00:00,2022-11-12T00:00:00
NFL_GB_00-0037075_2022W10_NA_DNP,NFL,2022,10,2022_NFL_W10_DAL_GB,NFL_GB,NFL_P_00-0037075,DL,,UNKNOWN,DNP,Not injury related - personal matter,2022-11-12,nflverse,,2026-09-07T05:46:50.365367+00:00,2022-11-12T00:00:00
NFL_GB_00-0025580_2022W10_NA_LP,NFL,2022,10,2022_NFL_W10_DAL_GB,NFL_GB,NFL_P_00-0025580,K,,UNKNOWN,LP,Back,2022-11-12,nflverse,,2026-09-07T05:46:50.365367+00:00,2022-11-12T00:00:00
NFL_GB_00-0033551_2022W10_NA_LP,NFL,2022,10,2022_NFL_W10_DAL_GB,NFL_GB,NFL_P_00-0033551,CB,,UNKNOWN,LP,Calf,2022-11-12,nflverse,,2026-09-07T05:46:50.365367+00:00,2022-11-12T00:00:00
NFL_GB_00-0035526_2022W10_NA_LP,NFL,2022,10,2022_NFL_W10_DAL_GB,NFL_GB,NFL_P_00-0035526,OL,,UNKNOWN,LP,Knee,2022-11-12,nflverse,,2026-09-07T05:46:50.365367+00:00,2022-11-12T00:00:00
NFL_GB_00-0033293_2022W10_NA_LP,NFL,2022,10,2022_NFL_W10_DAL_GB,NFL_GB,NFL_P_00-0033293,RB,,UNKNOWN,LP,Ankle,2022-11-12,nflverse,,2026-09-07T05:46:50.365367+00:00,2022-11-12T00:00:00
NFL_GB_00-0034521_2022W10_NA_LP,NFL,2022,10,2022_NFL_W10_DAL_GB,NFL_GB,NFL_P_00-0034521,WR,,UNKNOWN,LP,Shoulder,2022-11-12,nflverse,,2026-09-07T05:46:50.365367+00:00,2022-11-12T00:00:00
NFL_GB_00-0023459_2022W10_NA_LP,NFL,2022,10,2022_NFL_W10_DAL_GB,NFL_GB,NFL_P_00-0023459,QB,,UNKNOWN,LP,right Thumb,2022-11-12,nflverse,,2026-09-07T05:46:50.365367+00:00,2022-11-12T00:00:00
NFL_GB_00-0036246_2022W10_NA_LP,NFL,2022,10,2022_NFL_W10_DAL_GB,NFL_GB,NFL_P_00-0036246,OL,,UNKNOWN,LP,Knee,2022-11-12,nflverse,,2026-09-07T05:46:50.365367+00:00,2022-11-12T00:00:00
NFL_GB_00-0031325_2022W10_NA_LP,NFL,2022,10,2022_NFL_W10_DAL_GB,NFL_GB,NFL_P_00-0031325,WR,,UNKNOWN,LP,Knee,2022-11-12,nflverse,,2026-09-07T05:46:50.365367+00:00,2022-11-12T00:00:00
NFL_GB_00-0032401_2022W10_OUT_DNP,NFL,2022,10,2022_NFL_W10_DAL_GB,NFL_GB,NFL_P_00-0032401,LB,,OUT,DNP,Knee,2022-11-12,nflverse,,2026-09-07T05:46:50.365367+00:00,2022-11-12T00:00:00
NFL_GB_00-0037816_2022W10_OUT_DNP,NFL,2022,10,2022_NFL_W10_DAL_GB,NFL_GB,NFL_P_00-0037816,WR,,OUT,DNP,Ankle,2022-11-12,nflverse,,2026-09-07T05:46:50.365367+00:00,2022-11-12T00:00:00
NFL_GB_00-0036901_2022W10_OUT_DNP,NFL,2022,10,2022_NFL_W10_DAL_GB,NFL_GB,NFL_P_00-0036901,CB,,OUT,DNP,Ankle,2022-11-12,nflverse,,2026-09-07T05:46:50.365367+00:00,2022-11-12T00:00:00
NFL_GB_00-0036645_2022W10_OUT_LP,NFL,2022,10,2022_NFL_W10_DAL_GB,NFL_GB,NFL_P_00-0036645,CB,,OUT,LP,Ankle,2022-11-12,nflverse,,2026-09-07T05:46:50.365367+00:00,2022-11-12T00:00:00
NFL_GB_00-0035961_2022W10_DOUBTFUL_DNP,NFL,2022,10,2022_NFL_W10_DAL_GB,NFL_GB,NFL_P_00-0035961,LB,,DOUBTFUL,DNP,Concussion,2022-11-12,nflverse,,2026-09-07T05:46:50.365367+00:00,2022-11-12T00:00:00
NFL_GB_00-0030074_2022W10_QUESTIONABLE_LP,NFL,2022,10,2022_NFL_W10_DAL_GB,NFL_GB,NFL_P_00-0030074,OL,,QUESTIONABLE,LP,Knee,2022-11-12,nflverse,,2026-09-07T05:46:50.365367+00:00,2022-11-12T00:00:00
NFL_GB_00-0036991_2022W10_QUESTIONABLE_LP,NFL,2022,10,2022_NFL_W10_DAL_GB,NFL_GB,NFL_P_00-0036991,WR,,QUESTIONABLE,LP,Hamstring,2022-11-12,nflverse,,2026-09-07T05:46:50.365367+00:00,2022-11-12T00:00:00
NFL_HOU_00-0027881_2022W10_NA_DNP,NFL,2022,10,2022_NFL_W10_HOU_NYG,NFL_HOU,NFL_P_00-0027881,EDGE,,UNKNOWN,DNP,Not injury related - resting player,2022-11-12,nflverse,,2026-09-07T05:46:50.365367+00:00,2022-11-12T00:00:00
NFL_HOU_00-0031740_2022W10_OUT_DNP,NFL,2022,10,2022_NFL_W10_HOU_NYG,NFL_HOU,NFL_P_00-0031740,LB,,OUT,DNP,Hamstring,2022-11-12,nflverse,,2026-09-07T05:46:50.365367+00:00,2022-11-12T00:00:00
NFL_HOU_00-0033557_2022W10_QUESTIONABLE_FP,NFL,2022,10,2022_NFL_W10_HOU_NYG,NFL_HOU,NFL_P_00-0033557,LB,,QUESTIONABLE,FP,Groin,2022-11-12,nflverse,,2026-09-07T05:46:50.365367+00:00,2022-11-12T00:00:00
NFL_HOU_00-0033131_2022W10_QUESTIONABLE_LP,NFL,2022,10,2022_NFL_W10_HOU_NYG,NFL_HOU,NFL_P_00-0033131,DL,,QUESTIONABLE,LP,Chest,2022-11-12,nflverse,,2026-09-07T05:46:50.365367+00:00,2022-11-12T00:00:00
NFL_HOU_00-0036554_2022W10_QUESTIONABLE_LP,NFL,2022,10,2022_NFL_W10_HOU_NYG,NFL_HOU,NFL_P_00-0036554,WR,,QUESTIONABLE,LP,Groin,2022-11-12,nflverse,,2026-09-07T05:46:50.365367+00:00,2022-11-12T00:00:00
NFL_HOU_00-0031236_2022W10_QUESTIONABLE_LP,NFL,2022,10,2022_NFL_W10_HOU_NYG,NFL_HOU,NFL_P_00-0031236,WR,,QUESTIONABLE,LP,Wrist,2022-11-12,nflverse,,2026-09-07T05:46:50.365367+00:00,2022-11-12T00:00:00
NFL_IND_00-0032378_2022W10_NA_DNP,NFL,2022,10,2022_NFL_W10_IND_LV,NFL_IND,NFL_P_00-0032378,DL,,UNKNOWN,DNP,Thumb,2022-11-12,nflverse,,2026-09-07T05:46:50.365367+00:00,2022-11-12T00:00:00
NFL_IND_00-0036493_2022W10_OUT_DNP,NFL,2022,10,2022_NFL_W10_IND_LV,NFL_IND,NFL_P_00-0036493,RB,,OUT,DNP,Knee,2022-11-12,nflverse,,2026-09-07T05:46:50.365367+00:00,2022-11-12T00:00:00
NFL_IND_00-0034846_2022W10_OUT_DNP,NFL,2022,10,2022_NFL_W10_IND_LV,NFL_IND,NFL_P_00-0034846,LB,,OUT,DNP,Back,2022-11-12,nflverse,,2026-09-07T05:46:50.365367+00:00,2022-11-12T00:00:00
NFL_IND_00-0037755_2022W10_OUT_DNP,NFL,2022,10,2022_NFL_W10_IND_LV,NFL_IND,NFL_P_00-0037755,TE,,OUT,DNP,Shoulder,2022-11-12,nflverse,,2026-09-07T05:46:50.365367+00:00,2022-11-12T00:00:00
NFL_IND_00-0036479_2022W10_QUESTIONABLE_DNP,NFL,2022,10,2022_NFL_W10_IND_LV,NFL_IND,NFL_P_00-0036479,EDGE,,QUESTIONABLE,DNP,Ankle,2022-11-12,nflverse,,2026-09-07T05:46:50.365367+00:00,2022-11-12T00:00:00
NFL_IND_00-0033217_2022W10_QUESTIONABLE_LP,NFL,2022,10,2022_NFL_W10_IND_LV,NFL_IND,NFL_P_00-0033217,TE,,QUESTIONABLE,LP,Ankle,2022-11-12,nflverse,,2026-09-07T05:46:50.365367+00:00,2022-11-12T00:00:00
NFL_JAX_00-0033941_2022W10_QUESTIONABLE_LP,NFL,2022,10,2022_NFL_W10_JAX_KC,NFL_JAX,NFL_P_00-0033941,S,,QUESTIONABLE,LP,Concussion,2022-11-12,nflverse,,2026-09-07T05:46:50.365367+00:00,2022-11-12T00:00:00
NFL_KC_00-0035656_2022W10_NA_DNP,NFL,2022,10,2022_NFL_W10_JAX_KC,NFL_KC,NFL_P_00-0035656,DL,,UNKNOWN,DNP,Not injury related - personal matter,2022-11-12,nflverse,,2026-09-07T05:46:50.365367+00:00,2022-11-12T00:00:00
NFL_KC_00-0035140_2022W10_OUT_DNP,NFL,2022,10,2022_NFL_W10_JAX_KC,NFL_KC,NFL_P_00-0035140,WR,,OUT,DNP,Abdomen,2022-11-12,nflverse,,2026-09-07T05:46:50.365367+00:00,2022-11-12T00:00:00
NFL_KC_00-0031376_2022W10_QUESTIONABLE_LP,NFL,2022,10,2022_NFL_W10_JAX_KC,NFL_KC,NFL_P_00-0031376,RB,,QUESTIONABLE,LP,Shoulder,2022-11-12,nflverse,,2026-09-07T05:46:50.365367+00:00,2022-11-12T00:00:00
NFL_LAR_00-0031388_2022W10_NA_DNP,NFL,2022,10,2022_NFL_W10_ARI_LAR,NFL_LAR,NFL_P_00-0031388,DL,,UNKNOWN,DNP,Not injury related - resting player,2022-11-12,nflverse,,2026-09-07T05:46:50.365367+00:00,2022-11-12T00:00:00
NFL_LAR_00-0031806_2022W10_OUT_DNP,NFL,2022,10,2022_NFL_W10_ARI_LAR,NFL_LAR,NFL_P_00-0031806,RB,,OUT,DNP,Hamstring,2022-11-12,nflverse,,2026-09-07T05:46:50.365367+00:00,2022-11-12T00:00:00
NFL_LAR_00-0034812_2022W10_OUT_DNP,NFL,2022,10,2022_NFL_W10_ARI_LAR,NFL_LAR,NFL_P_00-0034812,LB,,OUT,DNP,Hip,2022-11-12,nflverse,,2026-09-07T05:46:50.365367+00:00,2022-11-12T00:00:00
NFL_LAR_00-0035667_2022W10_DOUBTFUL_DNP,NFL,2022,10,2022_NFL_W10_ARI_LAR,NFL_LAR,NFL_P_00-0035667,OL,,DOUBTFUL,DNP,Elbow,2022-11-12,nflverse,,2026-09-07T05:46:50.365367+00:00,2022-11-12T00:00:00
NFL_LAR_00-0036603_2022W10_DOUBTFUL_DNP,NFL,2022,10,2022_NFL_W10_ARI_LAR,NFL_LAR,NFL_P_00-0036603,OL,,DOUBTFUL,DNP,Knee,2022-11-12,nflverse,,2026-09-07T05:46:50.365367+00:00,2022-11-12T00:00:00
NFL_LAR_00-0034804_2022W10_QUESTIONABLE_LP,NFL,2022,10,2022_NFL_W10_ARI_LAR,NFL_LAR,NFL_P_00-0034804,OL,,QUESTIONABLE,LP,Knee,2022-11-12,nflverse,,2026-09-07T05:46:50.365367+00:00,2022-11-12T00:00:00
NFL_LAR_00-0036904_2022W10_QUESTIONABLE_LP,NFL,2022,10,2022_NFL_W10_ARI_LAR,NFL_LAR,NFL_P_00-0036904,CB,,QUESTIONABLE,LP,Illness,2022-11-12,nflverse,,2026-09-07T05:46:50.365367+00:00,2022-11-12T00:00:00
NFL_LAR_00-0026498_2022W10_QUESTIONABLE_LP,NFL,2022,10,2022_NFL_W10_ARI_LAR,NFL_LAR,NFL_P_00-0026498,QB,,QUESTIONABLE,LP,Concussion,2022-11-12,nflverse,,2026-09-07T05:46:50.365367+00:00,2022-11-12T00:00:00
NFL_LAC_00-0035674_2022W10_NA_DNP,NFL,2022,10,2022_NFL_W10_LAC_SF,NFL_LAC,NFL_P_00-0035674,DL,,UNKNOWN,DNP,Not injury related - personal matter,2022-11-13,nflverse,,2026-09-07T05:46:50.365367+00:00,2022-11-13T00:00:00
NFL_LAC_00-0030279_2022W10_OUT_DNP,NFL,2022,10,2022_NFL_W10_LAC_SF,NFL_LAC,NFL_P_00-0030279,WR,,OUT,DNP,Hamstring,2022-11-13,nflverse,,2026-09-07T05:46:50.365367+00:00,2022-11-13T00:00:00
NFL_LAC_00-0030098_2022W10_OUT_DNP,NFL,2022,10,2022_NFL_W10_LAC_SF,NFL_LAC,NFL_P_00-0030098,K,,OUT,DNP,right Hamstring,2022-11-13,nflverse,,2026-09-07T05:46:50.365367+00:00,2022-11-13T00:00:00
NFL_LAC_00-0033536_2022W10_OUT_DNP,NFL,2022,10,2022_NFL_W10_LAC_SF,NFL_LAC,NFL_P_00-0033536,WR,,OUT,DNP,Ankle,2022-11-13,nflverse,,2026-09-07T05:46:50.365367+00:00,2022-11-13T00:00:00
NFL_LAC_00-0036867_2022W10_DOUBTFUL_LP,NFL,2022,10,2022_NFL_W10_LAC_SF,NFL_LAC,NFL_P_00-0036867,LB,,DOUBTFUL,LP,Knee,2022-11-13,nflverse,,2026-09-07T05:46:50.365367+00:00,2022-11-13T00:00:00
NFL_LAC_00-0035688_2022W10_QUESTIONABLE_DNP,NFL,2022,10,2022_NFL_W10_LAC_SF,NFL_LAC,NFL_P_00-0035688,OL,,QUESTIONABLE,DNP,Knee,2022-11-13,nflverse,,2026-09-07T05:46:50.365367+00:00,2022-11-13T00:00:00
NFL_LAC_00-0036636_2022W10_QUESTIONABLE_LP,NFL,2022,10,2022_NFL_W10_LAC_SF,NFL_LAC,NFL_P_00-0036636,OL,,QUESTIONABLE,LP,Shoulder,2022-11-13,nflverse,,2026-09-07T05:46:50.365367+00:00,2022-11-13T00:00:00
NFL_LV_00-0032408_2022W10_NA_DNP,NFL,2022,10,2022_NFL_W10_IND_LV,NFL_LV,NFL_P_00-0032408,LB,,UNKNOWN,DNP,Not injury related - personal matter,2022-11-12,nflverse,,2026-09-07T05:46:50.365367+00:00,2022-11-12T00:00:00
NFL_LV_00-0034983_2022W10_NA_LP,NFL,2022,10,2022_NFL_W10_IND_LV,NFL_LV,NFL_P_00-0034983,WR,,UNKNOWN,LP,Hamstring,2022-11-12,nflverse,,2026-09-07T05:46:50.365367+00:00,2022-11-12T00:00:00
NFL_LV_00-0031610_2022W10_NA_LP,NFL,2022,10,2022_NFL_W10_IND_LV,NFL_LV,NFL_P_00-0031610,TE,,UNKNOWN,LP,Hamstring,2022-11-12,nflverse,,2026-09-07T05:46:50.365367+00:00,2022-11-12T00:00:00
NFL_LV_00-0032103_2022W10_QUESTIONABLE_LP,NFL,2022,10,2022_NFL_W10_IND_LV,NFL_LV,NFL_P_00-0032103,LB,,QUESTIONABLE,LP,Hip,2022-11-12,nflverse,,2026-09-07T05:46:50.365367+00:00,2022-11-12T00:00:00
NFL_MIA_00-0033050_2022W10_NA_DNP,NFL,2022,10,2022_NFL_W10_CLE_MIA,NFL_MIA,NFL_P_00-0033050,CB,,UNKNOWN,DNP,Not injury related - resting player,2022-11-12,nflverse,,2026-09-07T05:46:50.365367+00:00,2022-11-12T00:00:00
NFL_MIA_00-0036213_2022W10_NA_LP,NFL,2022,10,2022_NFL_W10_CLE_MIA,NFL_MIA,NFL_P_00-0036213,DL,,UNKNOWN,LP,Knee,2022-11-12,nflverse,,2026-09-07T05:46:50.365367+00:00,2022-11-12T00:00:00
NFL_MIA_00-0034798_2022W10_NA_LP,NFL,2022,10,2022_NFL_W10_CLE_MIA,NFL_MIA,NFL_P_00-0034798,TE,,UNKNOWN,LP,Hamstring,2022-11-12,nflverse,,2026-09-07T05:46:50.365367+00:00,2022-11-12T00:00:00
NFL_MIA_00-0037004_2022W10_OUT_DNP,NFL,2022,10,2022_NFL_W10_CLE_MIA,NFL_MIA,NFL_P_00-0037004,TE,,OUT,DNP,Concussion,2022-11-12,nflverse,,2026-09-07T05:46:50.365367+00:00,2022-11-12T00:00:00
NFL_MIA_00-0034487_2022W10_QUESTIONABLE_NA,NFL,2022,10,2022_NFL_W10_CLE_MIA,NFL_MIA,NFL_P_00-0034487,WR,,QUESTIONABLE,,Toe,2022-11-12,nflverse,,2026-09-07T05:46:50.365367+00:00,2022-11-12T00:00:00
NFL_MIA_00-0030067_2022W10_QUESTIONABLE_DNP,NFL,2022,10,2022_NFL_W10_CLE_MIA,NFL_MIA,NFL_P_00-0030067,OL,,QUESTIONABLE,DNP,Toe,2022-11-12,nflverse,,2026-09-07T05:46:50.365367+00:00,2022-11-12T00:00:00
NFL_MIA_00-0031237_2022W10_QUESTIONABLE_LP,NFL,2022,10,2022_NFL_W10_CLE_MIA,NFL_MIA,NFL_P_00-0031237,QB,,QUESTIONABLE,LP,Knee,2022-11-12,nflverse,,2026-09-07T05:46:50.365367+00:00,2022-11-12T00:00:00
NFL_MIA_00-0037348_2022W10_QUESTIONABLE_LP,NFL,2022,10,2022_NFL_W10_CLE_MIA,NFL_MIA,NFL_P_00-0037348,TE,,QUESTIONABLE,LP,Knee,2022-11-12,nflverse,,2026-09-07T05:46:50.365367+00:00,2022-11-12T00:00:00
NFL_MIA_00-0036248_2022W10_QUESTIONABLE_LP,NFL,2022,10,2022_NFL_W10_CLE_MIA,NFL_MIA,NFL_P_00-0036248,OL,,QUESTIONABLE,LP,Ankle,2022-11-12,nflverse,,2026-09-07T05:46:50.365367+00:00,2022-11-12T00:00:00
NFL_MIN_00-0036330_2022W10_OUT_DNP,NFL,2022,10,2022_NFL_W10_MIN_BUF,NFL_MIN,NFL_P_00-0036330,CB,,OUT,DNP,Ankle,2022-11-12,nflverse,,2026-09-07T05:46:50.365367+00:00,2022-11-12T00:00:00
NFL_MIN_00-0033546_2022W10_OUT_DNP,NFL,2022,10,2022_NFL_W10_MIN_BUF,NFL_MIN,NFL_P_00-0033546,DL,,OUT,DNP,Calf,2022-11-12,nflverse,,2026-09-07T05:46:50.365367+00:00,2022-11-12T00:00:00
NFL_NO_00-0031382_2022W10_NA_LP,NFL,2022,10,2022_NFL_W10_NO_PIT,NFL_NO,NFL_P_00-0031382,WR,,UNKNOWN,LP,Ankle,2022-11-12,nflverse,,2026-09-07T05:46:50.365367+00:00,2022-11-12T00:00:00
NFL_NO_00-0027966_2022W10_OUT_DNP,NFL,2022,10,2022_NFL_W10_NO_PIT,NFL_NO,NFL_P_00-0027966,RB,,OUT,DNP,Knee,2022-11-12,nflverse,,2026-09-07T05:46:50.365367+00:00,2022-11-12T00:00:00
NFL_NO_00-0033874_2022W10_OUT_DNP,NFL,2022,10,2022_NFL_W10_NO_PIT,NFL_NO,NFL_P_00-0033874,CB,,OUT,DNP,Abdomen,2022-11-12,nflverse,,2026-09-07T05:46:50.365367+00:00,2022-11-12T00:00:00
NFL_NO_00-0035242_2022W10_OUT_DNP,NFL,2022,10,2022_NFL_W10_NO_PIT,NFL_NO,NFL_P_00-0035242,OL,,OUT,DNP,Calf,2022-11-12,nflverse,,2026-09-07T05:46:50.365367+00:00,2022-11-12T00:00:00
NFL_NO_00-0032203_2022W10_OUT_DNP,NFL,2022,10,2022_NFL_W10_NO_PIT,NFL_NO,NFL_P_00-0032203,OL,,OUT,DNP,Triceps,2022-11-12,nflverse,,2026-09-07T05:46:50.365367+00:00,2022-11-12T00:00:00
NFL_NO_00-0036927_2022W10_OUT_DNP,NFL,2022,10,2022_NFL_W10_NO_PIT,NFL_NO,NFL_P_00-0036927,LB,,OUT,DNP,Ankle,2022-11-12,nflverse,,2026-09-07T05:46:50.365367+00:00,2022-11-12T00:00:00
NFL_NO_00-0033902_2022W10_QUESTIONABLE_DNP,NFL,2022,10,2022_NFL_W10_NO_PIT,NFL_NO,NFL_P_00-0033902,EDGE,,QUESTIONABLE,DNP,Illness,2022-11-12,nflverse,,2026-09-07T05:46:50.365367+00:00,2022-11-12T00:00:00
NFL_NO_00-0033892_2022W10_QUESTIONABLE_DNP,NFL,2022,10,2022_NFL_W10_NO_PIT,NFL_NO,NFL_P_00-0033892,S,,QUESTIONABLE,DNP,Abdomen,2022-11-12,nflverse,,2026-09-07T05:46:50.365367+00:00,2022-11-12T00:00:00
NFL_NO_00-0032059_2022W10_QUESTIONABLE_DNP,NFL,2022,10,2022_NFL_W10_NO_PIT,NFL_NO,NFL_P_00-0032059,CB,,QUESTIONABLE,DNP,Illness,2022-11-12,nflverse,,2026-09-07T05:46:50.365367+00:00,2022-11-12T00:00:00
NFL_NO_00-0034344_2022W10_QUESTIONABLE_LP,NFL,2022,10,2022_NFL_W10_NO_PIT,NFL_NO,NFL_P_00-0034344,EDGE,,QUESTIONABLE,LP,Calf,2022-11-12,nflverse,,2026-09-07T05:46:50.365367+00:00,2022-11-12T00:00:00
NFL_NYG_00-0032980_2022W10_NA_LP,NFL,2022,10,2022_NFL_W10_HOU_NYG,NFL_NYG,NFL_P_00-0032980,WR,,UNKNOWN,LP,Thumb,2022-11-12,nflverse,,2026-09-07T05:46:50.365367+00:00,2022-11-12T00:00:00
NFL_NYG_00-0038115_2022W10_OUT_DNP,NFL,2022,10,2022_NFL_W10_HOU_NYG,NFL_NYG,NFL_P_00-0038115,TE,,OUT,DNP,Eye,2022-11-12,nflverse,,2026-09-07T05:46:50.365367+00:00,2022-11-12T00:00:00
NFL_NYG_00-0037612_2022W10_OUT_DNP,NFL,2022,10,2022_NFL_W10_HOU_NYG,NFL_NYG,NFL_P_00-0037612,OL,,OUT,DNP,Knee,2022-11-12,nflverse,,2026-09-07T05:46:50.365367+00:00,2022-11-12T00:00:00
NFL_NYG_00-0037758_2022W10_QUESTIONABLE_LP,NFL,2022,10,2022_NFL_W10_HOU_NYG,NFL_NYG,NFL_P_00-0037758,CB,,QUESTIONABLE,LP,Calf,2022-11-12,nflverse,,2026-09-07T05:46:50.365367+00:00,2022-11-12T00:00:00
NFL_NYG_00-0033932_2022W10_QUESTIONABLE_LP,NFL,2022,10,2022_NFL_W10_HOU_NYG,NFL_NYG,NFL_P_00-0033932,WR,,QUESTIONABLE,LP,Knee,2022-11-12,nflverse,,2026-09-07T05:46:50.365367+00:00,2022-11-12T00:00:00
NFL_NYG_00-0035708_2022W10_QUESTIONABLE_LP,NFL,2022,10,2022_NFL_W10_HOU_NYG,NFL_NYG,NFL_P_00-0035708,LB,,QUESTIONABLE,LP,Quadricep,2022-11-12,nflverse,,2026-09-07T05:46:50.365367+00:00,2022-11-12T00:00:00
NFL_PHI_00-0032890_2022W10_NA_LP,NFL,2022,10,2022_NFL_W10_WAS_PHI,NFL_PHI,NFL_P_00-0032890,CB,,UNKNOWN,LP,Not injury related - resting player,2022-11-14,nflverse,,2026-09-07T05:46:50.365367+00:00,2022-11-14T00:00:00
NFL_PHI_00-0035676_2022W10_NA_LP,NFL,2022,10,2022_NFL_W10_WAS_PHI,NFL_PHI,NFL_P_00-0035676,WR,,UNKNOWN,LP,Not injury related - resting player,2022-11-14,nflverse,,2026-09-07T05:46:50.365367+00:00,2022-11-14T00:00:00
NFL_PHI_00-0029653_2022W10_NA_LP,NFL,2022,10,2022_NFL_W10_WAS_PHI,NFL_PHI,NFL_P_00-0029653,DL,,UNKNOWN,LP,Not injury related - resting player,2022-11-14,nflverse,,2026-09-07T05:46:50.365367+00:00,2022-11-14T00:00:00
NFL_PHI_00-0037002_2022W10_NA_LP,NFL,2022,10,2022_NFL_W10_WAS_PHI,NFL_PHI,NFL_P_00-0037002,OL,,UNKNOWN,LP,Not injury related - resting player,2022-11-14,nflverse,,2026-09-07T05:46:50.365367+00:00,2022-11-14T00:00:00
NFL_PHI_00-0027865_2022W10_NA_LP,NFL,2022,10,2022_NFL_W10_WAS_PHI,NFL_PHI,NFL_P_00-0027865,EDGE,,UNKNOWN,LP,Not injury related - resting player,2022-11-14,nflverse,,2026-09-07T05:46:50.365367+00:00,2022-11-14T00:00:00
NFL_PHI_00-0030561_2022W10_NA_LP,NFL,2022,10,2022_NFL_W10_WAS_PHI,NFL_PHI,NFL_P_00-0030561,OL,,UNKNOWN,LP,Not injury related - resting player,2022-11-14,nflverse,,2026-09-07T05:46:50.365367+00:00,2022-11-14T00:00:00
NFL_PHI_00-0028129_2022W10_NA_LP,NFL,2022,10,2022_NFL_W10_WAS_PHI,NFL_PHI,NFL_P_00-0028129,OL,,UNKNOWN,LP,Not injury related - resting player,2022-11-14,nflverse,,2026-09-07T05:46:50.365367+00:00,2022-11-14T00:00:00
NFL_PHI_00-0027952_2022W10_NA_LP,NFL,2022,10,2022_NFL_W10_WAS_PHI,NFL_PHI,NFL_P_00-0027952,EDGE,,UNKNOWN,LP,Not injury related - resting player,2022-11-14,nflverse,,2026-09-07T05:46:50.365367+00:00,2022-11-14T00:00:00
NFL_PHI_00-0032954_2022W10_NA_LP,NFL,2022,10,2022_NFL_W10_WAS_PHI,NFL_PHI,NFL_P_00-0032954,OL,,UNKNOWN,LP,Not injury related - resting player,2022-11-14,nflverse,,2026-09-07T05:46:50.365367+00:00,2022-11-14T00:00:00
NFL_PHI_00-0030062_2022W10_NA_LP,NFL,2022,10,2022_NFL_W10_WAS_PHI,NFL_PHI,NFL_P_00-0030062,CB,,UNKNOWN,LP,Not injury related - resting player,2022-11-14,nflverse,,2026-09-07T05:46:50.365367+00:00,2022-11-14T00:00:00
NFL_PHI_00-0034381_2022W10_NA_LP,NFL,2022,10,2022_NFL_W10_WAS_PHI,NFL_PHI,NFL_P_00-0034381,EDGE,,UNKNOWN,LP,Not injury related - resting player,2022-11-14,nflverse,,2026-09-07T05:46:50.365367+00:00,2022-11-14T00:00:00
NFL_PHI_00-0037137_2022W10_OUT_DNP,NFL,2022,10,2022_NFL_W10_WAS_PHI,NFL_PHI,NFL_P_00-0037137,CB,,OUT,DNP,Hamstring,2022-11-14,nflverse,,2026-09-07T05:46:50.365367+00:00,2022-11-14T00:00:00
NFL_PHI_00-0034377_2022W10_OUT_DNP,NFL,2022,10,2022_NFL_W10_WAS_PHI,NFL_PHI,NFL_P_00-0034377,CB,,OUT,DNP,Hamstring,2022-11-14,nflverse,,2026-09-07T05:46:50.365367+00:00,2022-11-14T00:00:00
NFL_PIT_00-0031136_2022W10_NA_DNP,NFL,2022,10,2022_NFL_W10_NO_PIT,NFL_PIT,NFL_P_00-0031136,K,,UNKNOWN,DNP,right Groin,2022-11-12,nflverse,,2026-09-07T05:46:50.365367+00:00,2022-11-12T00:00:00
NFL_PIT_00-0034789_2022W10_OUT_NA,NFL,2022,10,2022_NFL_W10_NO_PIT,NFL_PIT,NFL_P_00-0034789,S,,OUT,,appendix,2022-11-12,nflverse,,2026-09-07T05:46:50.365367+00:00,2022-11-12T00:00:00
NFL_PIT_00-0033107_2022W10_OUT_DNP,NFL,2022,10,2022_NFL_W10_NO_PIT,NFL_PIT,NFL_P_00-0033107,CB,,OUT,DNP,Back,2022-11-12,nflverse,,2026-09-07T05:46:50.365367+00:00,2022-11-12T00:00:00
NFL_PIT_00-0033783_2022W10_OUT_DNP,NFL,2022,10,2022_NFL_W10_NO_PIT,NFL_PIT,NFL_P_00-0033783,CB,,OUT,DNP,Hamstring,2022-11-12,nflverse,,2026-09-07T05:46:50.365367+00:00,2022-11-12T00:00:00
NFL_PIT_00-0036339_2022W10_QUESTIONABLE_LP,NFL,2022,10,2022_NFL_W10_NO_PIT,NFL_PIT,NFL_P_00-0036339,OL,,QUESTIONABLE,LP,Abdomen,2022-11-12,nflverse,,2026-09-07T05:46:50.365367+00:00,2022-11-12T00:00:00
NFL_PIT_00-0034954_2022W10_QUESTIONABLE_LP,NFL,2022,10,2022_NFL_W10_NO_PIT,NFL_PIT,NFL_P_00-0034954,LB,,QUESTIONABLE,LP,Not injury related - personal matter,2022-11-12,nflverse,,2026-09-07T05:46:50.365367+00:00,2022-11-12T00:00:00
NFL_SEA_00-0031270_2022W10_NA_DNP,NFL,2022,10,2022_NFL_W10_SEA_TB,NFL_SEA,NFL_P_00-0031270,EDGE,,UNKNOWN,DNP,Elbow,2022-11-12,nflverse,,2026-09-07T05:46:50.365367+00:00,2022-11-12T00:00:00
NFL_SEA_00-0035304_2022W10_OUT_DNP,NFL,2022,10,2022_NFL_W10_SEA_TB,NFL_SEA,NFL_P_00-0035304,LB,,OUT,DNP,Knee,2022-11-12,nflverse,,2026-09-07T05:46:50.365367+00:00,2022-11-12T00:00:00
NFL_SEA_00-0030068_2022W10_QUESTIONABLE_FP,NFL,2022,10,2022_NFL_W10_SEA_TB,NFL_SEA,NFL_P_00-0030068,WR,,QUESTIONABLE,FP,Groin,2022-11-12,nflverse,,2026-09-07T05:46:50.365367+00:00,2022-11-12T00:00:00
NFL_SF_00-0032214_2022W10_NA_DNP,NFL,2022,10,2022_NFL_W10_LAC_SF,NFL_SF,NFL_P_00-0032214,TE,,UNKNOWN,DNP,Not injury related - personal matter,2022-11-13,nflverse,,2026-09-07T05:46:50.365367+00:00,2022-11-13T00:00:00
NFL_SF_00-0032164_2022W10_OUT_DNP,NFL,2022,10,2022_NFL_W10_LAC_SF,NFL_SF,NFL_P_00-0032164,DL,,OUT,DNP,Foot,2022-11-13,nflverse,,2026-09-07T05:46:50.365367+00:00,2022-11-13T00:00:00
NFL_SF_00-0031334_2022W10_OUT_DNP,NFL,2022,10,2022_NFL_W10_LAC_SF,NFL_SF,NFL_P_00-0031334,CB,,OUT,DNP,Knee,2022-11-13,nflverse,,2026-09-07T05:46:50.365367+00:00,2022-11-13T00:00:00
NFL_SF_00-0033945_2022W10_DOUBTFUL_DNP,NFL,2022,10,2022_NFL_W10_LAC_SF,NFL_SF,NFL_P_00-0033945,EDGE,,DOUBTFUL,DNP,Quadricep,2022-11-13,nflverse,,2026-09-07T05:46:50.365367+00:00,2022-11-13T00:00:00
NFL_TB_00-0031408_2022W10_NA_LP,NFL,2022,10,2022_NFL_W10_SEA_TB,NFL_TB,NFL_P_00-0031408,WR,,UNKNOWN,LP,Ribs,2022-11-12,nflverse,,2026-09-07T05:46:50.365367+00:00,2022-11-12T00:00:00
NFL_TB_00-0034411_2022W10_OUT_DNP,NFL,2022,10,2022_NFL_W10_SEA_TB,NFL_TB,NFL_P_00-0034411,WR,,OUT,DNP,Hamstring,2022-11-12,nflverse,,2026-09-07T05:46:50.365367+00:00,2022-11-12T00:00:00
NFL_TB_00-0037835_2022W10_OUT_DNP,NFL,2022,10,2022_NFL_W10_SEA_TB,NFL_TB,NFL_P_00-0037835,OL,,OUT,DNP,Foot,2022-11-12,nflverse,,2026-09-07T05:46:50.365367+00:00,2022-11-12T00:00:00
NFL_TB_00-0037491_2022W10_OUT_DNP,NFL,2022,10,2022_NFL_W10_SEA_TB,NFL_TB,NFL_P_00-0037491,LB,,OUT,DNP,Hamstring,2022-11-12,nflverse,,2026-09-07T05:46:50.365367+00:00,2022-11-12T00:00:00
NFL_TB_00-0031273_2022W10_QUESTIONABLE_FP,NFL,2022,10,2022_NFL_W10_SEA_TB,NFL_TB,NFL_P_00-0031273,TE,,QUESTIONABLE,FP,Neck,2022-11-12,nflverse,,2026-09-07T05:46:50.365367+00:00,2022-11-12T00:00:00
NFL_TEN_00-0035649_2022W10_NA_DNP,NFL,2022,10,2022_NFL_W10_DEN_TEN,NFL_TEN,NFL_P_00-0035649,OL,,UNKNOWN,DNP,Not injury related - resting player,2022-11-12,nflverse,,2026-09-07T05:46:50.365367+00:00,2022-11-12T00:00:00
NFL_TEN_00-0036171_2022W10_NA_LP,NFL,2022,10,2022_NFL_W10_DEN_TEN,NFL_TEN,NFL_P_00-0036171,OL,,UNKNOWN,LP,Toe,2022-11-12,nflverse,,2026-09-07T05:46:50.365367+00:00,2022-11-12T00:00:00
NFL_TEN_00-0029413_2022W10_NA_LP,NFL,2022,10,2022_NFL_W10_DEN_TEN,NFL_TEN,NFL_P_00-0029413,OL,,UNKNOWN,LP,Not injury related - resting player,2022-11-12,nflverse,,2026-09-07T05:46:50.365367+00:00,2022-11-12T00:00:00
NFL_TEN_00-0033547_2022W10_OUT_DNP,NFL,2022,10,2022_NFL_W10_DEN_TEN,NFL_TEN,NFL_P_00-0033547,LB,,OUT,DNP,Elbow,2022-11-12,nflverse,,2026-09-07T05:46:50.365367+00:00,2022-11-12T00:00:00
NFL_TEN_00-0032146_2022W10_OUT_DNP,NFL,2022,10,2022_NFL_W10_DEN_TEN,NFL_TEN,NFL_P_00-0032146,LB,,OUT,DNP,Hip,2022-11-12,nflverse,,2026-09-07T05:46:50.365367+00:00,2022-11-12T00:00:00
NFL_TEN_00-0035632_2022W10_OUT_DNP,NFL,2022,10,2022_NFL_W10_DEN_TEN,NFL_TEN,NFL_P_00-0035632,S,,OUT,DNP,Shoulder,2022-11-12,nflverse,,2026-09-07T05:46:50.365367+00:00,2022-11-12T00:00:00
NFL_TEN_00-0035643_2022W10_OUT_DNP,NFL,2022,10,2022_NFL_W10_DEN_TEN,NFL_TEN,NFL_P_00-0035643,DL,,OUT,DNP,Ankle,2022-11-12,nflverse,,2026-09-07T05:46:50.365367+00:00,2022-11-12T00:00:00
NFL_TEN_00-0037070_2022W10_OUT_DNP,NFL,2022,10,2022_NFL_W10_DEN_TEN,NFL_TEN,NFL_P_00-0037070,CB,,OUT,DNP,Knee,2022-11-12,nflverse,,2026-09-07T05:46:50.365367+00:00,2022-11-12T00:00:00
NFL_TEN_00-0036416_2022W10_QUESTIONABLE_LP,NFL,2022,10,2022_NFL_W10_DEN_TEN,NFL_TEN,NFL_P_00-0036416,CB,,QUESTIONABLE,LP,Hamstring,2022-11-12,nflverse,,2026-09-07T05:46:50.365367+00:00,2022-11-12T00:00:00
NFL_TEN_00-0035334_2022W10_QUESTIONABLE_LP,NFL,2022,10,2022_NFL_W10_DEN_TEN,NFL_TEN,NFL_P_00-0035334,EDGE,,QUESTIONABLE,LP,Ankle,2022-11-12,nflverse,,2026-09-07T05:46:50.365367+00:00,2022-11-12T00:00:00
NFL_TEN_00-0029701_2022W10_QUESTIONABLE_LP,NFL,2022,10,2022_NFL_W10_DEN_TEN,NFL_TEN,NFL_P_00-0029701,QB,,QUESTIONABLE,LP,Ankle,2022-11-12,nflverse,,2026-09-07T05:46:50.365367+00:00,2022-11-12T00:00:00
NFL_WAS_00-0035286_2022W10_OUT_DNP,NFL,2022,10,2022_NFL_W10_WAS_PHI,NFL_WAS,NFL_P_00-0035286,LB,,OUT,DNP,Foot,2022-11-14,nflverse,,2026-09-07T05:46:50.365367+00:00,2022-11-14T00:00:00
NFL_WAS_00-0031596_2022W10_OUT_DNP,NFL,2022,10,2022_NFL_W10_WAS_PHI,NFL_WAS,NFL_P_00-0031596,LB,,OUT,DNP,Hamstring,2022-11-14,nflverse,,2026-09-07T05:46:50.365367+00:00,2022-11-14T00:00:00
NFL_WAS_00-0032602_2022W10_OUT_DNP,NFL,2022,10,2022_NFL_W10_WAS_PHI,NFL_WAS,NFL_P_00-0032602,RB,,OUT,DNP,Neck,2022-11-14,nflverse,,2026-09-07T05:46:50.365367+00:00,2022-11-14T00:00:00
NFL_WAS_00-0031122_2022W10_QUESTIONABLE_DNP,NFL,2022,10,2022_NFL_W10_WAS_PHI,NFL_WAS,NFL_P_00-0031122,OL,,QUESTIONABLE,DNP,Groin,2022-11-14,nflverse,,2026-09-07T05:46:50.365367+00:00,2022-11-14T00:00:00
NFL_WAS_00-0030869_2022W10_QUESTIONABLE_LP,NFL,2022,10,2022_NFL_W10_WAS_PHI,NFL_WAS,NFL_P_00-0030869,OL,,QUESTIONABLE,LP,Back,2022-11-14,nflverse,,2026-09-07T05:46:50.365367+00:00,2022-11-14T00:00:00
NFL_ARI_00-0030061_2022W11_OUT_DNP,NFL,2022,11,2022_NFL_W11_SF_ARI,NFL_ARI,NFL_P_00-0030061,TE,,OUT,DNP,Knee,2022-11-21,nflverse,,2026-09-07T05:46:50.365367+00:00,2022-11-21T00:00:00
NFL_ARI_00-0032222_2022W11_OUT_DNP,NFL,2022,11,2022_NFL_W11_SF_ARI,NFL_ARI,NFL_P_00-0032222,OL,,OUT,DNP,Back,2022-11-21,nflverse,,2026-09-07T05:46:50.365367+00:00,2022-11-21T00:00:00
NFL_ARI_00-0035236_2022W11_OUT_DNP,NFL,2022,11,2022_NFL_W11_SF_ARI,NFL_ARI,NFL_P_00-0035236,CB,,OUT,DNP,Back,2022-11-21,nflverse,,2026-09-07T05:46:50.365367+00:00,2022-11-21T00:00:00
NFL_ARI_00-0032132_2022W11_QUESTIONABLE_LP,NFL,2022,11,2022_NFL_W11_SF_ARI,NFL_ARI,NFL_P_00-0032132,OL,,QUESTIONABLE,LP,Shoulder,2022-11-21,nflverse,,2026-09-07T05:46:50.365367+00:00,2022-11-21T00:00:00
NFL_ARI_00-0030564_2022W11_QUESTIONABLE_LP,NFL,2022,11,2022_NFL_W11_SF_ARI,NFL_ARI,NFL_P_00-0030564,WR,,QUESTIONABLE,LP,Hamstring,2022-11-21,nflverse,,2026-09-07T05:46:50.365367+00:00,2022-11-21T00:00:00
NFL_ARI_00-0035228_2022W11_QUESTIONABLE_LP,NFL,2022,11,2022_NFL_W11_SF_ARI,NFL_ARI,NFL_P_00-0035228,QB,,QUESTIONABLE,LP,Hamstring,2022-11-21,nflverse,,2026-09-07T05:46:50.365367+00:00,2022-11-21T00:00:00
NFL_ATL_00-0034165_2022W11_NA_DNP,NFL,2022,11,2022_NFL_W11_CHI_ATL,NFL_ATL,NFL_P_00-0034165,OL,,UNKNOWN,DNP,Not injury related - personal matter,2022-11-19,nflverse,,2026-09-07T05:46:50.365367+00:00,2022-11-19T00:00:00
NFL_ATL_00-0036825_2022W11_OUT_DNP,NFL,2022,11,2022_NFL_W11_CHI_ATL,NFL_ATL,NFL_P_00-0036825,TE,,OUT,DNP,Calf,2022-11-19,nflverse,,2026-09-07T05:46:50.365367+00:00,2022-11-19T00:00:00
NFL_ATL_00-0032320_2022W11_QUESTIONABLE_LP,NFL,2022,11,2022_NFL_W11_CHI_ATL,NFL_ATL,NFL_P_00-0032320,S,,QUESTIONABLE,LP,Foot,2022-11-19,nflverse,,2026-09-07T05:46:50.365367+00:00,2022-11-19T00:00:00
NFL_ATL_00-0036285_2022W11_QUESTIONABLE_LP,NFL,2022,11,2022_NFL_W11_CHI_ATL,NFL_ATL,NFL_P_00-0036285,CB,,QUESTIONABLE,LP,Hamstring,2022-11-19,nflverse,,2026-09-07T05:46:50.365367+00:00,2022-11-19T00:00:00
NFL_BAL_00-0026190_2022W11_NA_DNP,NFL,2022,11,2022_NFL_W11_CAR_BAL,NFL_BAL,NFL_P_00-0026190,EDGE,,UNKNOWN,DNP,Not injury related - resting player,2022-11-19,nflverse,,2026-09-07T05:46:50.365367+00:00,2022-11-19T00:00:00
NFL_BAL_00-0028008_2022W11_NA_DNP,NFL,2022,11,2022_NFL_W11_CAR_BAL,NFL_BAL,NFL_P_00-0028008,LB,,UNKNOWN,DNP,Not injury related - resting player,2022-11-19,nflverse,,2026-09-07T05:46:50.365367+00:00,2022-11-19T00:00:00
NFL_BAL_00-0032165_2022W11_NA_DNP,NFL,2022,11,2022_NFL_W11_CAR_BAL,NFL_BAL,NFL_P_00-0032165,CB,,UNKNOWN,DNP,Not injury related - resting player,2022-11-19,nflverse,,2026-09-07T05:46:50.365367+00:00,2022-11-19T00:00:00
NFL_BAL_00-0027867_2022W11_NA_DNP,NFL,2022,11,2022_NFL_W11_CAR_BAL,NFL_BAL,NFL_P_00-0027867,LB,,UNKNOWN,DNP,Ankle,2022-11-19,nflverse,,2026-09-07T05:46:50.365367+00:00,2022-11-19T00:00:00
NFL_BAL_00-0032965_2022W11_NA_DNP,NFL,2022,11,2022_NFL_W11_CAR_BAL,NFL_BAL,NFL_P_00-0032965,OL,,UNKNOWN,DNP,Not injury related - resting player,2022-11-19,nflverse,,2026-09-07T05:46:50.365367+00:00,2022-11-19T00:00:00
NFL_BAL_00-0038119_2022W11_DOUBTFUL_DNP,NFL,2022,11,2022_NFL_W11_CAR_BAL,NFL_BAL,NFL_P_00-0038119,CB,,DOUBTFUL,DNP,Hip,2022-11-19,nflverse,,2026-09-07T05:46:50.365367+00:00,2022-11-19T00:00:00
NFL_BAL_00-0034796_2022W11_QUESTIONABLE_DNP,NFL,2022,11,2022_NFL_W11_CAR_BAL,NFL_BAL,NFL_P_00-0034796,QB,,QUESTIONABLE,DNP,Illness,2022-11-19,nflverse,,2026-09-07T05:46:50.365367+00:00,2022-11-19T00:00:00
NFL_BAL_00-0034753_2022W11_QUESTIONABLE_FP,NFL,2022,11,2022_NFL_W11_CAR_BAL,NFL_BAL,NFL_P_00-0034753,TE,,QUESTIONABLE,FP,Knee,2022-11-19,nflverse,,2026-09-07T05:46:50.365367+00:00,2022-11-19T00:00:00
NFL_BAL_00-0034184_2022W11_QUESTIONABLE_LP,NFL,2022,11,2022_NFL_W11_CAR_BAL,NFL_BAL,NFL_P_00-0034184,RB,,QUESTIONABLE,LP,Hamstring,2022-11-19,nflverse,,2026-09-07T05:46:50.365367+00:00,2022-11-19T00:00:00
NFL_BUF_00-0027940_2022W11_NA_DNP,NFL,2022,11,2022_NFL_W11_CLE_BUF,NFL_BUF,NFL_P_00-0027940,LB,,UNKNOWN,DNP,Not injury related - resting player,2022-11-19,nflverse,,2026-09-07T05:46:50.365367+00:00,2022-11-19T00:00:00
NFL_BUF_00-0034857_2022W11_NA_LP,NFL,2022,11,2022_NFL_W11_CLE_BUF,NFL_BUF,NFL_P_00-0034857,QB,,UNKNOWN,LP,right Elbow,2022-11-19,nflverse,,2026-09-07T05:46:50.365367+00:00,2022-11-19T00:00:00
NFL_BUF_00-0027648_2022W11_NA_LP,NFL,2022,11,2022_NFL_W11_CLE_BUF,NFL_BUF,NFL_P_00-0027648,OL,,UNKNOWN,LP,Not injury related - resting player,2022-11-19,nflverse,,2026-09-07T05:46:50.365367+00:00,2022-11-19T00:00:00
NFL_BUF_00-0034673_2022W11_OUT_DNP,NFL,2022,11,2022_NFL_W11_CLE_BUF,NFL_BUF,NFL_P_00-0034673,LB,,OUT,DNP,Groin,2022-11-19,nflverse,,2026-09-07T05:46:50.365367+00:00,2022-11-19T00:00:00
NFL_BUF_00-0031787_2022W11_OUT_DNP,NFL,2022,11,2022_NFL_W11_CLE_BUF,NFL_BUF,NFL_P_00-0031787,WR,,OUT,DNP,Ankle,2022-11-19,nflverse,,2026-09-07T05:46:50.365367+00:00,2022-11-19T00:00:00
NFL_BUF_00-0036914_2022W11_OUT_DNP,NFL,2022,11,2022_NFL_W11_CLE_BUF,NFL_BUF,NFL_P_00-0036914,EDGE,,OUT,DNP,Ankle,2022-11-19,nflverse,,2026-09-07T05:46:50.365367+00:00,2022-11-19T00:00:00
NFL_BUF_00-0037242_2022W11_QUESTIONABLE_FP,NFL,2022,11,2022_NFL_W11_CLE_BUF,NFL_BUF,NFL_P_00-0037242,CB,,QUESTIONABLE,FP,Ankle,2022-11-19,nflverse,,2026-09-07T05:46:50.365367+00:00,2022-11-19T00:00:00
NFL_BUF_00-0030114_2022W11_QUESTIONABLE_FP,NFL,2022,11,2022_NFL_W11_CLE_BUF,NFL_BUF,NFL_P_00-0030114,S,,QUESTIONABLE,FP,Elbow,2022-11-19,nflverse,,2026-09-07T05:46:50.365367+00:00,2022-11-19T00:00:00
NFL_BUF_00-0036187_2022W11_QUESTIONABLE_LP,NFL,2022,11,2022_NFL_W11_CLE_BUF,NFL_BUF,NFL_P_00-0036187,RB,,QUESTIONABLE,LP,Illness,2022-11-19,nflverse,,2026-09-07T05:46:50.365367+00:00,2022-11-19T00:00:00
NFL_CAR_00-0032403_2022W11_OUT_DNP,NFL,2022,11,2022_NFL_W11_CAR_BAL,NFL_CAR,NFL_P_00-0032403,S,,OUT,DNP,Illness,2022-11-19,nflverse,,2026-09-07T05:46:50.365367+00:00,2022-11-19T00:00:00
NFL_CAR_00-0032781_2022W11_OUT_DNP,NFL,2022,11,2022_NFL_W11_CAR_BAL,NFL_CAR,NFL_P_00-0032781,DL,,OUT,DNP,Calf,2022-11-19,nflverse,,2026-09-07T05:46:50.365367+00:00,2022-11-19T00:00:00
NFL_CAR_00-0033275_2022W11_OUT_DNP,NFL,2022,11,2022_NFL_W11_CAR_BAL,NFL_CAR,NFL_P_00-0033275,QB,,OUT,DNP,Ankle,2022-11-19,nflverse,,2026-09-07T05:46:50.365367+00:00,2022-11-19T00:00:00
NFL_CAR_00-0035950_2022W11_DOUBTFUL_DNP,NFL,2022,11,2022_NFL_W11_CAR_BAL,NFL_CAR,NFL_P_00-0035950,S,,DOUBTFUL,DNP,Ankle,2022-11-19,nflverse,,2026-09-07T05:46:50.365367+00:00,2022-11-19T00:00:00
NFL_CAR_00-0036944_2022W11_QUESTIONABLE_FP,NFL,2022,11,2022_NFL_W11_CAR_BAL,NFL_CAR,NFL_P_00-0036944,CB,,QUESTIONABLE,FP,Foot,2022-11-19,nflverse,,2026-09-07T05:46:50.365367+00:00,2022-11-19T00:00:00
NFL_CAR_00-0035956_2022W11_QUESTIONABLE_FP,NFL,2022,11,2022_NFL_W11_CAR_BAL,NFL_CAR,NFL_P_00-0035956,TE,,QUESTIONABLE,FP,Neck,2022-11-19,nflverse,,2026-09-07T05:46:50.365367+00:00,2022-11-19T00:00:00
NFL_CHI_00-0035624_2022W11_OUT_DNP,NFL,2022,11,2022_NFL_W11_CHI_ATL,NFL_CHI,NFL_P_00-0035624,WR,,OUT,DNP,Illness,2022-11-19,nflverse,,2026-09-07T05:46:50.365367+00:00,2022-11-19T00:00:00
NFL_CHI_00-0034389_2022W11_OUT_LP,NFL,2022,11,2022_NFL_W11_CHI_ATL,NFL_CHI,NFL_P_00-0034389,S,,OUT,LP,Hamstring,2022-11-19,nflverse,,2026-09-07T05:46:50.365367+00:00,2022-11-19T00:00:00
NFL_CHI_00-0036953_2022W11_QUESTIONABLE_FP,NFL,2022,11,2022_NFL_W11_CHI_ATL,NFL_CHI,NFL_P_00-0036953,OL,,QUESTIONABLE,FP,Hip,2022-11-19,nflverse,,2026-09-07T05:46:50.365367+00:00,2022-11-19T00:00:00
NFL_CHI_00-0033964_2022W11_QUESTIONABLE_FP,NFL,2022,11,2022_NFL_W11_CHI_ATL,NFL_CHI,NFL_P_00-0033964,EDGE,,QUESTIONABLE,FP,Knee,2022-11-19,nflverse,,2026-09-07T05:46:50.365367+00:00,2022-11-19T00:00:00
NFL_CHI_00-0036307_2022W11_QUESTIONABLE_FP,NFL,2022,11,2022_NFL_W11_CHI_ATL,NFL_CHI,NFL_P_00-0036307,CB,,QUESTIONABLE,FP,Ankle,2022-11-19,nflverse,,2026-09-07T05:46:50.365367+00:00,2022-11-19T00:00:00
NFL_CIN_00-0035399_2022W11_NA_DNP,NFL,2022,11,2022_NFL_W11_CIN_PIT,NFL_CIN,NFL_P_00-0035399,WR,,UNKNOWN,DNP,Not injury related - personal matter,2022-11-19,nflverse,,2026-09-07T05:46:50.365367+00:00,2022-11-19T00:00:00
NFL_CIN_00-0032379_2022W11_NA_LP,NFL,2022,11,2022_NFL_W11_CIN_PIT,NFL_CIN,NFL_P_00-0032379,CB,,UNKNOWN,LP,Calf,2022-11-19,nflverse,,2026-09-07T05:46:50.365367+00:00,2022-11-19T00:00:00
NFL_CIN_00-0036900_2022W11_OUT_DNP,NFL,2022,11,2022_NFL_W11_CIN_PIT,NFL_CIN,NFL_P_00-0036900,WR,,OUT,DNP,Hip,2022-11-19,nflverse,,2026-09-07T05:46:50.365367+00:00,2022-11-19T00:00:00
NFL_CIN_00-0037743_2022W11_OUT_DNP,NFL,2022,11,2022_NFL_W11_CIN_PIT,NFL_CIN,NFL_P_00-0037743,S,,OUT,DNP,Shoulder,2022-11-19,nflverse,,2026-09-07T05:46:50.365367+00:00,2022-11-19T00:00:00
NFL_CIN_00-0033347_2022W11_OUT_DNP,NFL,2022,11,2022_NFL_W11_CIN_PIT,NFL_CIN,NFL_P_00-0033347,DL,,OUT,DNP,Calf,2022-11-19,nflverse,,2026-09-07T05:46:50.365367+00:00,2022-11-19T00:00:00
NFL_CIN_00-0036857_2022W11_QUESTIONABLE_LP,NFL,2022,11,2022_NFL_W11_CIN_PIT,NFL_CIN,NFL_P_00-0036857,RB,,QUESTIONABLE,LP,Knee,2022-11-19,nflverse,,2026-09-07T05:46:50.365367+00:00,2022-11-19T00:00:00
NFL_CIN_00-0034756_2022W11_QUESTIONABLE_LP,NFL,2022,11,2022_NFL_W11_CIN_PIT,NFL_CIN,NFL_P_00-0034756,CB,,QUESTIONABLE,LP,Hamstring,2022-11-19,nflverse,,2026-09-07T05:46:50.365367+00:00,2022-11-19T00:00:00
NFL_CLE_00-0031426_2022W11_NA_DNP,NFL,2022,11,2022_NFL_W11_CLE_BUF,NFL_CLE,NFL_P_00-0031426,OL,,UNKNOWN,DNP,Not injury related - resting player,2022-11-19,nflverse,,2026-09-07T05:46:50.365367+00:00,2022-11-19T00:00:00
NFL_CLE_00-0031364_2022W11_NA_DNP,NFL,2022,11,2022_NFL_W11_CLE_BUF,NFL_CLE,NFL_P_00-0031364,EDGE,,UNKNOWN,DNP,Not injury related - resting player,2022-11-19,nflverse,,2026-09-07T05:46:50.365367+00:00,2022-11-19T00:00:00
NFL_CLE_00-0031544_2022W11_NA_DNP,NFL,2022,11,2022_NFL_W11_CLE_BUF,NFL_CLE,NFL_P_00-0031544,WR,,UNKNOWN,DNP,Not injury related - resting player,2022-11-19,nflverse,,2026-09-07T05:46:50.365367+00:00,2022-11-19T00:00:00
NFL_CLE_00-0033868_2022W11_NA_DNP,NFL,2022,11,2022_NFL_W11_CLE_BUF,NFL_CLE,NFL_P_00-0033868,EDGE,,UNKNOWN,DNP,Not injury related - resting player,2022-11-19,nflverse,,2026-09-07T05:46:50.365367+00:00,2022-11-19T00:00:00
NFL_CLE_00-0037332_2022W11_OUT_DNP,NFL,2022,11,2022_NFL_W11_CLE_BUF,NFL_CLE,NFL_P_00-0037332,S,,OUT,DNP,Concussion,2022-11-19,nflverse,,2026-09-07T05:46:50.365367+00:00,2022-11-19T00:00:00
NFL_CLE_00-0033995_2022W11_OUT_DNP,NFL,2022,11,2022_NFL_W11_CLE_BUF,NFL_CLE,NFL_P_00-0033995,OL,,OUT,DNP,Back,2022-11-19,nflverse,,2026-09-07T05:46:50.365367+00:00,2022-11-19T00:00:00
NFL_CLE_00-0038126_2022W11_OUT_DNP,NFL,2022,11,2022_NFL_W11_CLE_BUF,NFL_CLE,NFL_P_00-0038126,DL,,OUT,DNP,Concussion,2022-11-19,nflverse,,2026-09-07T05:46:50.365367+00:00,2022-11-19T00:00:00
NFL_CLE_00-0036996_2022W11_OUT_LP,NFL,2022,11,2022_NFL_W11_CLE_BUF,NFL_CLE,NFL_P_00-0036996,CB,,OUT,LP,Concussion,2022-11-19,nflverse,,2026-09-07T05:46:50.365367+00:00,2022-11-19T00:00:00
NFL_CLE_00-0033885_2022W11_QUESTIONABLE_LP,NFL,2022,11,2022_NFL_W11_CLE_BUF,NFL_CLE,NFL_P_00-0033885,TE,,QUESTIONABLE,LP,Ankle,2022-11-19,nflverse,,2026-09-07T05:46:50.365367+00:00,2022-11-19T00:00:00
NFL_DAL_00-0029692_2022W11_QUESTIONABLE_DNP,NFL,2022,11,2022_NFL_W11_DAL_MIN,NFL_DAL,NFL_P_00-0029692,P,,QUESTIONABLE,DNP,Illness,2022-11-19,nflverse,,2026-09-07T05:46:50.365367+00:00,2022-11-19T00:00:00
NFL_DAL_00-0036649_2022W11_QUESTIONABLE_DNP,NFL,2022,11,2022_NFL_W11_DAL_MIN,NFL_DAL,NFL_P_00-0036649,DL,,QUESTIONABLE,DNP,Illness,2022-11-19,nflverse,,2026-09-07T05:46:50.365367+00:00,2022-11-19T00:00:00
NFL_DAL_00-0033047_2022W11_QUESTIONABLE_FP,NFL,2022,11,2022_NFL_W11_DAL_MIN,NFL_DAL,NFL_P_00-0033047,CB,,QUESTIONABLE,FP,Concussion,2022-11-19,nflverse,,2026-09-07T05:46:50.365367+00:00,2022-11-19T00:00:00
NFL_DAL_00-0031256_2022W11_QUESTIONABLE_LP,NFL,2022,11,2022_NFL_W11_DAL_MIN,NFL_DAL,NFL_P_00-0031256,LB,,QUESTIONABLE,LP,Hamstring,2022-11-19,nflverse,,2026-09-07T05:46:50.365367+00:00,2022-11-19T00:00:00
NFL_DAL_00-0033045_2022W11_QUESTIONABLE_LP,NFL,2022,11,2022_NFL_W11_DAL_MIN,NFL_DAL,NFL_P_00-0033045,RB,,QUESTIONABLE,LP,Knee,2022-11-19,nflverse,,2026-09-07T05:46:50.365367+00:00,2022-11-19T00:00:00
NFL_DAL_00-0031411_2022W11_QUESTIONABLE_LP,NFL,2022,11,2022_NFL_W11_DAL_MIN,NFL_DAL,NFL_P_00-0031411,EDGE,,QUESTIONABLE,LP,Foot,2022-11-19,nflverse,,2026-09-07T05:46:50.365367+00:00,2022-11-19T00:00:00
NFL_DEN_00-0034959_2022W11_OUT_DNP,NFL,2022,11,2022_NFL_W11_LV_DEN,NFL_DEN,NFL_P_00-0034959,TE,,OUT,DNP,Hamstring,2022-11-19,nflverse,,2026-09-07T05:46:50.365367+00:00,2022-11-19T00:00:00
NFL_DEN_00-0035804_2022W11_OUT_DNP,NFL,2022,11,2022_NFL_W11_LV_DEN,NFL_DEN,NFL_P_00-0035804,LB,,OUT,DNP,Ankle,2022-11-19,nflverse,,2026-09-07T05:46:50.365367+00:00,2022-11-19T00:00:00
NFL_DEN_00-0036412_2022W11_OUT_DNP,NFL,2022,11,2022_NFL_W11_LV_DEN,NFL_DEN,NFL_P_00-0036412,WR,,OUT,DNP,Hamstring,2022-11-19,nflverse,,2026-09-07T05:46:50.365367+00:00,2022-11-19T00:00:00
NFL_DEN_00-0036407_2022W11_OUT_DNP,NFL,2022,11,2022_NFL_W11_LV_DEN,NFL_DEN,NFL_P_00-0036407,WR,,OUT,DNP,Ankle,2022-11-19,nflverse,,2026-09-07T05:46:50.365367+00:00,2022-11-19T00:00:00
NFL_DEN_00-0031253_2022W11_OUT_DNP,NFL,2022,11,2022_NFL_W11_LV_DEN,NFL_DEN,NFL_P_00-0031253,CB,,OUT,DNP,Wrist,2022-11-19,nflverse,,2026-09-07T05:46:50.365367+00:00,2022-11-19T00:00:00
NFL_DEN_00-0036995_2022W11_QUESTIONABLE_LP,NFL,2022,11,2022_NFL_W11_LV_DEN,NFL_DEN,NFL_P_00-0036995,LB,,QUESTIONABLE,LP,Hip,2022-11-19,nflverse,,2026-09-07T05:46:50.365367+00:00,2022-11-19T00:00:00
NFL_DEN_00-0029144_2022W11_QUESTIONABLE_LP,NFL,2022,11,2022_NFL_W11_LV_DEN,NFL_DEN,NFL_P_00-0029144,OL,,QUESTIONABLE,LP,Back,2022-11-19,nflverse,,2026-09-07T05:46:50.365367+00:00,2022-11-19T00:00:00
NFL_DEN_00-0031067_2022W11_QUESTIONABLE_LP,NFL,2022,11,2022_NFL_W11_LV_DEN,NFL_DEN,NFL_P_00-0031067,OL,,QUESTIONABLE,LP,Quadricep,2022-11-19,nflverse,,2026-09-07T05:46:50.365367+00:00,2022-11-19T00:00:00
NFL_DEN_00-0032395_2022W11_QUESTIONABLE_LP,NFL,2022,11,2022_NFL_W11_LV_DEN,NFL_DEN,NFL_P_00-0032395,OL,,QUESTIONABLE,LP,Shoulder,2022-11-19,nflverse,,2026-09-07T05:46:50.365367+00:00,2022-11-19T00:00:00
NFL_DEN_00-0035864_2022W11_QUESTIONABLE_LP,NFL,2022,11,2022_NFL_W11_LV_DEN,NFL_DEN,NFL_P_00-0035864,WR,,QUESTIONABLE,LP,Shoulder,2022-11-19,nflverse,,2026-09-07T05:46:50.365367+00:00,2022-11-19T00:00:00
NFL_DET_00-0034930_2022W11_NA_DNP,NFL,2022,11,2022_NFL_W11_DET_NYG,NFL_DET,NFL_P_00-0034930,WR,,UNKNOWN,DNP,Knee,2022-11-19,nflverse,,2026-09-07T05:46:50.365367+00:00,2022-11-19T00:00:00
NFL_DET_00-0033880_2022W11_OUT_DNP,NFL,2022,11,2022_NFL_W11_DET_NYG,NFL_DET,NFL_P_00-0033880,EDGE,,OUT,DNP,Groin,2022-11-19,nflverse,,2026-09-07T05:46:50.365367+00:00,2022-11-19T00:00:00
NFL_DET_00-0038096_2022W11_OUT_DNP,NFL,2022,11,2022_NFL_W11_DET_NYG,NFL_DET,NFL_P_00-0038096,EDGE,,OUT,DNP,Knee,2022-11-19,nflverse,,2026-09-07T05:46:50.365367+00:00,2022-11-19T00:00:00
NFL_DET_00-0033943_2022W11_QUESTIONABLE_DNP,NFL,2022,11,2022_NFL_W11_DET_NYG,NFL_DET,NFL_P_00-0033943,WR,,QUESTIONABLE,DNP,Back,2022-11-19,nflverse,,2026-09-07T05:46:50.365367+00:00,2022-11-19T00:00:00
NFL_DET_00-0037289_2022W11_QUESTIONABLE_FP,NFL,2022,11,2022_NFL_W11_DET_NYG,NFL_DET,NFL_P_00-0037289,LB,,QUESTIONABLE,FP,Elbow,2022-11-19,nflverse,,2026-09-07T05:46:50.365367+00:00,2022-11-19T00:00:00
NFL_DET_00-0034277_2022W11_QUESTIONABLE_LP,NFL,2022,11,2022_NFL_W11_DET_NYG,NFL_DET,NFL_P_00-0034277,S,,QUESTIONABLE,LP,Concussion,2022-11-19,nflverse,,2026-09-07T05:46:50.365367+00:00,2022-11-19T00:00:00
NFL_DET_00-0034345_2022W11_QUESTIONABLE_LP,NFL,2022,11,2022_NFL_W11_DET_NYG,NFL_DET,NFL_P_00-0034345,OL,,QUESTIONABLE,LP,Foot,2022-11-19,nflverse,,2026-09-07T05:46:50.365367+00:00,2022-11-19T00:00:00
NFL_GB_00-0033293_2022W11_NA_LP,NFL,2022,11,2022_NFL_W11_TEN_GB,NFL_GB,NFL_P_00-0033293,RB,,UNKNOWN,LP,Shin,2022-11-17,nflverse,,2026-09-07T05:46:50.365367+00:00,2022-11-17T00:00:00
NFL_GB_00-0034521_2022W11_NA_LP,NFL,2022,11,2022_NFL_W11_TEN_GB,NFL_GB,NFL_P_00-0034521,WR,,UNKNOWN,LP,Shoulder,2022-11-17,nflverse,,2026-09-07T05:46:50.365367+00:00,2022-11-17T00:00:00
NFL_GB_00-0023459_2022W11_NA_LP,NFL,2022,11,2022_NFL_W11_TEN_GB,NFL_GB,NFL_P_00-0023459,QB,,UNKNOWN,LP,right Thumb,2022-11-17,nflverse,,2026-09-07T05:46:50.365367+00:00,2022-11-17T00:00:00
NFL_GB_00-0036246_2022W11_NA_LP,NFL,2022,11,2022_NFL_W11_TEN_GB,NFL_GB,NFL_P_00-0036246,OL,,UNKNOWN,LP,Knee,2022-11-17,nflverse,,2026-09-07T05:46:50.365367+00:00,2022-11-17T00:00:00
NFL_GB_00-0031935_2022W11_NA_LP,NFL,2022,11,2022_NFL_W11_TEN_GB,NFL_GB,NFL_P_00-0031935,LB,,UNKNOWN,LP,Shoulder,2022-11-17,nflverse,,2026-09-07T05:46:50.365367+00:00,2022-11-17T00:00:00
NFL_GB_00-0032401_2022W11_OUT_DNP,NFL,2022,11,2022_NFL_W11_TEN_GB,NFL_GB,NFL_P_00-0032401,LB,,OUT,DNP,Knee,2022-11-17,nflverse,,2026-09-07T05:46:50.365367+00:00,2022-11-17T00:00:00
NFL_GB_00-0037816_2022W11_OUT_DNP,NFL,2022,11,2022_NFL_W11_TEN_GB,NFL_GB,NFL_P_00-0037816,WR,,OUT,DNP,Ankle,2022-11-17,nflverse,,2026-09-07T05:46:50.365367+00:00,2022-11-17T00:00:00
NFL_GB_00-0036645_2022W11_DOUBTFUL_LP,NFL,2022,11,2022_NFL_W11_TEN_GB,NFL_GB,NFL_P_00-0036645,CB,,DOUBTFUL,LP,Ankle,2022-11-17,nflverse,,2026-09-07T05:46:50.365367+00:00,2022-11-17T00:00:00
NFL_GB_00-0030074_2022W11_QUESTIONABLE_DNP,NFL,2022,11,2022_NFL_W11_TEN_GB,NFL_GB,NFL_P_00-0030074,OL,,QUESTIONABLE,DNP,Knee,2022-11-17,nflverse,,2026-09-07T05:46:50.365367+00:00,2022-11-17T00:00:00
NFL_GB_00-0035526_2022W11_QUESTIONABLE_DNP,NFL,2022,11,2022_NFL_W11_TEN_GB,NFL_GB,NFL_P_00-0035526,OL,,QUESTIONABLE,DNP,Knee,2022-11-17,nflverse,,2026-09-07T05:46:50.365367+00:00,2022-11-17T00:00:00
NFL_HOU_00-0028339_2022W11_NA_DNP,NFL,2022,11,2022_NFL_W11_WAS_HOU,NFL_HOU,NFL_P_00-0028339,EDGE,,UNKNOWN,DNP,Not injury related - resting player,2022-11-19,nflverse,,2026-09-07T05:46:50.365367+00:00,2022-11-19T00:00:00
NFL_HOU_00-0027881_2022W11_NA_DNP,NFL,2022,11,2022_NFL_W11_WAS_HOU,NFL_HOU,NFL_P_00-0027881,EDGE,,UNKNOWN,DNP,Not injury related - resting player,2022-11-19,nflverse,,2026-09-07T05:46:50.365367+00:00,2022-11-19T00:00:00
NFL_HOU_00-0037237_2022W11_OUT_DNP,NFL,2022,11,2022_NFL_W11_WAS_HOU,NFL_HOU,NFL_P_00-0037237,CB,,OUT,DNP,Hamstring,2022-11-19,nflverse,,2026-09-07T05:46:50.365367+00:00,2022-11-19T00:00:00
NFL_HOU_00-0031740_2022W11_OUT_LP,NFL,2022,11,2022_NFL_W11_WAS_HOU,NFL_HOU,NFL_P_00-0031740,LB,,OUT,LP,Hamstring,2022-11-19,nflverse,,2026-09-07T05:46:50.365367+00:00,2022-11-19T00:00:00
NFL_HOU_00-0034831_2022W11_QUESTIONABLE_DNP,NFL,2022,11,2022_NFL_W11_WAS_HOU,NFL_HOU,NFL_P_00-0034831,EDGE,,QUESTIONABLE,DNP,Illness,2022-11-19,nflverse,,2026-09-07T05:46:50.365367+00:00,2022-11-19T00:00:00
NFL_IND_00-0036479_2022W11_OUT_DNP,NFL,2022,11,2022_NFL_W11_PHI_IND,NFL_IND,NFL_P_00-0036479,EDGE,,OUT,DNP,Ankle,2022-11-19,nflverse,,2026-09-07T05:46:50.365367+00:00,2022-11-19T00:00:00
NFL_IND_00-0037755_2022W11_OUT_DNP,NFL,2022,11,2022_NFL_W11_PHI_IND,NFL_IND,NFL_P_00-0037755,TE,,OUT,DNP,Shoulder,2022-11-19,nflverse,,2026-09-07T05:46:50.365367+00:00,2022-11-19T00:00:00
NFL_IND_00-0034431_2022W11_QUESTIONABLE_DNP,NFL,2022,11,2022_NFL_W11_PHI_IND,NFL_IND,NFL_P_00-0034431,LB,,QUESTIONABLE,DNP,Illness,2022-11-19,nflverse,,2026-09-07T05:46:50.365367+00:00,2022-11-19T00:00:00
NFL_IND_00-0036222_2022W11_QUESTIONABLE_DNP,NFL,2022,11,2022_NFL_W11_PHI_IND,NFL_IND,NFL_P_00-0036222,CB,,QUESTIONABLE,DNP,Illness,2022-11-19,nflverse,,2026-09-07T05:46:50.365367+00:00,2022-11-19T00:00:00
NFL_IND_00-0034836_2022W11_QUESTIONABLE_DNP,NFL,2022,11,2022_NFL_W11_PHI_IND,NFL_IND,NFL_P_00-0034836,OL,,QUESTIONABLE,DNP,Back,2022-11-19,nflverse,,2026-09-07T05:46:50.365367+00:00,2022-11-19T00:00:00
NFL_KC_00-0035140_2022W11_NA_DNP,NFL,2022,11,2022_NFL_W11_KC_LAC,NFL_KC,NFL_P_00-0035140,WR,,UNKNOWN,DNP,Abdomen,2022-11-20,nflverse,,2026-09-07T05:46:50.365367+00:00,2022-11-20T00:00:00
NFL_KC_00-0031376_2022W11_NA_LP,NFL,2022,11,2022_NFL_W11_KC_LAC,NFL_KC,NFL_P_00-0031376,RB,,UNKNOWN,LP,Hamstring,2022-11-20,nflverse,,2026-09-07T05:46:50.365367+00:00,2022-11-20T00:00:00
NFL_KC_00-0036374_2022W11_NA_LP,NFL,2022,11,2022_NFL_W11_KC_LAC,NFL_KC,NFL_P_00-0036374,CB,,UNKNOWN,LP,Knee,2022-11-20,nflverse,,2026-09-07T05:46:50.365367+00:00,2022-11-20T00:00:00
NFL_KC_00-0033857_2022W11_OUT_DNP,NFL,2022,11,2022_NFL_W11_KC_LAC,NFL_KC,NFL_P_00-0033857,WR,,OUT,DNP,Concussion,2022-11-20,nflverse,,2026-09-07T05:46:50.365367+00:00,2022-11-20T00:00:00
NFL_KC_00-0034145_2022W11_OUT_LP,NFL,2022,11,2022_NFL_W11_KC_LAC,NFL_KC,NFL_P_00-0034145,CB,,OUT,LP,Concussion,2022-11-20,nflverse,,2026-09-07T05:46:50.365367+00:00,2022-11-20T00:00:00
NFL_LAR_00-0031388_2022W11_NA_DNP,NFL,2022,11,2022_NFL_W11_LAR_NO,NFL_LAR,NFL_P_00-0031388,DL,,UNKNOWN,DNP,Not injury related - resting player,2022-11-19,nflverse,,2026-09-07T05:46:50.365367+00:00,2022-11-19T00:00:00
NFL_LAR_00-0034804_2022W11_OUT_DNP,NFL,2022,11,2022_NFL_W11_LAR_NO,NFL_LAR,NFL_P_00-0034804,OL,,OUT,DNP,Thumb,2022-11-19,nflverse,,2026-09-07T05:46:50.365367+00:00,2022-11-19T00:00:00
NFL_LAR_00-0034812_2022W11_OUT_DNP,NFL,2022,11,2022_NFL_W11_LAR_NO,NFL_LAR,NFL_P_00-0034812,LB,,OUT,DNP,Hip,2022-11-19,nflverse,,2026-09-07T05:46:50.365367+00:00,2022-11-19T00:00:00
NFL_LAR_00-0032889_2022W11_QUESTIONABLE_DNP,NFL,2022,11,2022_NFL_W11_LAR_NO,NFL_LAR,NFL_P_00-0032889,DL,,QUESTIONABLE,DNP,Illness,2022-11-19,nflverse,,2026-09-07T05:46:50.365367+00:00,2022-11-19T00:00:00
NFL_LAR_00-0034899_2022W11_QUESTIONABLE_FP,NFL,2022,11,2022_NFL_W11_LAR_NO,NFL_LAR,NFL_P_00-0034899,QB,,QUESTIONABLE,FP,Neck,2022-11-19,nflverse,,2026-09-07T05:46:50.365367+00:00,2022-11-19T00:00:00
NFL_LAC_00-0030098_2022W11_DOUBTFUL_LP,NFL,2022,11,2022_NFL_W11_KC_LAC,NFL_LAC,NFL_P_00-0030098,K,,DOUBTFUL,LP,right Hamstring,2022-11-20,nflverse,,2026-09-07T05:46:50.365367+00:00,2022-11-20T00:00:00
NFL_LAC_00-0030279_2022W11_QUESTIONABLE_FP,NFL,2022,11,2022_NFL_W11_KC_LAC,NFL_LAC,NFL_P_00-0030279,WR,,QUESTIONABLE,FP,Hamstring,2022-11-20,nflverse,,2026-09-07T05:46:50.365367+00:00,2022-11-20T00:00:00
NFL_LAC_00-0033895_2022W11_QUESTIONABLE_FP,NFL,2022,11,2022_NFL_W11_KC_LAC,NFL_LAC,NFL_P_00-0033895,TE,,QUESTIONABLE,FP,Groin,2022-11-20,nflverse,,2026-09-07T05:46:50.365367+00:00,2022-11-20T00:00:00
NFL_LAC_00-0033536_2022W11_QUESTIONABLE_FP,NFL,2022,11,2022_NFL_W11_KC_LAC,NFL_LAC,NFL_P_00-0033536,WR,,QUESTIONABLE,FP,Ankle,2022-11-20,nflverse,,2026-09-07T05:46:50.365367+00:00,2022-11-20T00:00:00
NFL_LV_00-0032103_2022W11_QUESTIONABLE_FP,NFL,2022,11,2022_NFL_W11_LV_DEN,NFL_LV,NFL_P_00-0032103,LB,,QUESTIONABLE,FP,Ribs,2022-11-19,nflverse,,2026-09-07T05:46:50.365367+00:00,2022-11-19T00:00:00
NFL_LV_00-0031381_2022W11_QUESTIONABLE_LP,NFL,2022,11,2022_NFL_W11_LV_DEN,NFL_LV,NFL_P_00-0031381,WR,,QUESTIONABLE,LP,Abdomen,2022-11-19,nflverse,,2026-09-07T05:46:50.365367+00:00,2022-11-19T00:00:00
NFL_LV_00-0037517_2022W11_QUESTIONABLE_LP,NFL,2022,11,2022_NFL_W11_LV_DEN,NFL_LV,NFL_P_00-0037517,LB,,QUESTIONABLE,LP,Ribs,2022-11-19,nflverse,,2026-09-07T05:46:50.365367+00:00,2022-11-19T00:00:00
NFL_LV_00-0034759_2022W11_QUESTIONABLE_LP,NFL,2022,11,2022_NFL_W11_LV_DEN,NFL_LV,NFL_P_00-0034759,OL,,QUESTIONABLE,LP,Shoulder,2022-11-19,nflverse,,2026-09-07T05:46:50.365367+00:00,2022-11-19T00:00:00
NFL_MIN_00-0038101_2022W11_OUT_DNP,NFL,2022,11,2022_NFL_W11_DAL_MIN,NFL_MIN,NFL_P_00-0038101,CB,,OUT,DNP,Concussion,2022-11-19,nflverse,,2026-09-07T05:46:50.365367+00:00,2022-11-19T00:00:00
NFL_MIN_00-0033546_2022W11_OUT_DNP,NFL,2022,11,2022_NFL_W11_DAL_MIN,NFL_MIN,NFL_P_00-0033546,DL,,OUT,DNP,Calf,2022-11-19,nflverse,,2026-09-07T05:46:50.365367+00:00,2022-11-19T00:00:00
NFL_MIN_00-0031576_2022W11_QUESTIONABLE_LP,NFL,2022,11,2022_NFL_W11_DAL_MIN,NFL_MIN,NFL_P_00-0031576,EDGE,,QUESTIONABLE,LP,Knee,2022-11-19,nflverse,,2026-09-07T05:46:50.365367+00:00,2022-11-19T00:00:00
NFL_NE_00-0032580_2022W11_NA_DNP,NFL,2022,11,2022_NFL_W11_NYJ_NE,NFL_NE,NFL_P_00-0032580,CB,,UNKNOWN,DNP,Illness,2022-11-19,nflverse,,2026-09-07T05:46:50.365367+00:00,2022-11-19T00:00:00
NFL_NE_00-0036231_2022W11_NA_LP,NFL,2022,11,2022_NFL_W11_NYJ_NE,NFL_NE,NFL_P_00-0036231,S,,UNKNOWN,LP,Ankle,2022-11-19,nflverse,,2026-09-07T05:46:50.365367+00:00,2022-11-19T00:00:00
NFL_NE_00-0037202_2022W11_NA_LP,NFL,2022,11,2022_NFL_W11_NYJ_NE,NFL_NE,NFL_P_00-0037202,EDGE,,UNKNOWN,LP,Illness,2022-11-19,nflverse,,2026-09-07T05:46:50.365367+00:00,2022-11-19T00:00:00
NFL_NE_00-0036981_2022W11_OUT_DNP,NFL,2022,11,2022_NFL_W11_NYJ_NE,NFL_NE,NFL_P_00-0036981,DL,,OUT,DNP,Knee,2022-11-19,nflverse,,2026-09-07T05:46:50.365367+00:00,2022-11-19T00:00:00
NFL_NE_00-0035280_2022W11_DOUBTFUL_DNP,NFL,2022,11,2022_NFL_W11_NYJ_NE,NFL_NE,NFL_P_00-0035280,P,,DOUBTFUL,DNP,Back,2022-11-19,nflverse,,2026-09-07T05:46:50.365367+00:00,2022-11-19T00:00:00
NFL_NE_00-0036193_2022W11_QUESTIONABLE_LP,NFL,2022,11,2022_NFL_W11_NYJ_NE,NFL_NE,NFL_P_00-0036193,LB,,QUESTIONABLE,LP,Back,2022-11-19,nflverse,,2026-09-07T05:46:50.365367+00:00,2022-11-19T00:00:00
NFL_NE_00-0031547_2022W11_QUESTIONABLE_LP,NFL,2022,11,2022_NFL_W11_NYJ_NE,NFL_NE,NFL_P_00-0031547,WR,,QUESTIONABLE,LP,Knee,2022-11-19,nflverse,,2026-09-07T05:46:50.365367+00:00,2022-11-19T00:00:00
NFL_NE_00-0036159_2022W11_QUESTIONABLE_LP,NFL,2022,11,2022_NFL_W11_NYJ_NE,NFL_NE,NFL_P_00-0036159,LB,,QUESTIONABLE,LP,Hamstring,2022-11-19,nflverse,,2026-09-07T05:46:50.365367+00:00,2022-11-19T00:00:00
NFL_NO_00-0031382_2022W11_NA_LP,NFL,2022,11,2022_NFL_W11_LAR_NO,NFL_NO,NFL_P_00-0031382,WR,,UNKNOWN,LP,Ankle,2022-11-19,nflverse,,2026-09-07T05:46:50.365367+00:00,2022-11-19T00:00:00
NFL_NO_00-0033892_2022W11_NA_LP,NFL,2022,11,2022_NFL_W11_LAR_NO,NFL_NO,NFL_P_00-0033892,S,,UNKNOWN,LP,Abdomen,2022-11-19,nflverse,,2026-09-07T05:46:50.365367+00:00,2022-11-19T00:00:00
NFL_NO_00-0033888_2022W11_NA_LP,NFL,2022,11,2022_NFL_W11_LAR_NO,NFL_NO,NFL_P_00-0033888,OL,,UNKNOWN,LP,Illness,2022-11-19,nflverse,,2026-09-07T05:46:50.365367+00:00,2022-11-19T00:00:00
NFL_NO_00-0035763_2022W11_NA_LP,NFL,2022,11,2022_NFL_W11_LAR_NO,NFL_NO,NFL_P_00-0035763,DL,,UNKNOWN,LP,Ankle,2022-11-19,nflverse,,2026-09-07T05:46:50.365367+00:00,2022-11-19T00:00:00
NFL_NO_00-0034344_2022W11_OUT_DNP,NFL,2022,11,2022_NFL_W11_LAR_NO,NFL_NO,NFL_P_00-0034344,EDGE,,OUT,DNP,Calf,2022-11-19,nflverse,,2026-09-07T05:46:50.365367+00:00,2022-11-19T00:00:00
NFL_NO_00-0034116_2022W11_OUT_DNP,NFL,2022,11,2022_NFL_W11_LAR_NO,NFL_NO,NFL_P_00-0034116,S,,OUT,DNP,Hamstring,2022-11-19,nflverse,,2026-09-07T05:46:50.365367+00:00,2022-11-19T00:00:00
NFL_NO_00-0030694_2022W11_OUT_DNP,NFL,2022,11,2022_NFL_W11_LAR_NO,NFL_NO,NFL_P_00-0030694,OL,,OUT,DNP,Concussion,2022-11-19,nflverse,,2026-09-07T05:46:50.365367+00:00,2022-11-19T00:00:00
NFL_NO_00-0027966_2022W11_OUT_DNP,NFL,2022,11,2022_NFL_W11_LAR_NO,NFL_NO,NFL_P_00-0027966,RB,,OUT,DNP,Knee,2022-11-19,nflverse,,2026-09-07T05:46:50.365367+00:00,2022-11-19T00:00:00
NFL_NO_00-0027962_2022W11_OUT_DNP,NFL,2022,11,2022_NFL_W11_LAR_NO,NFL_NO,NFL_P_00-0027962,EDGE,,OUT,DNP,Eye,2022-11-19,nflverse,,2026-09-07T05:46:50.365367+00:00,2022-11-19T00:00:00
NFL_NO_00-0033874_2022W11_OUT_DNP,NFL,2022,11,2022_NFL_W11_LAR_NO,NFL_NO,NFL_P_00-0033874,CB,,OUT,DNP,Abdomen,2022-11-19,nflverse,,2026-09-07T05:46:50.365367+00:00,2022-11-19T00:00:00
NFL_NO_00-0036927_2022W11_OUT_DNP,NFL,2022,11,2022_NFL_W11_LAR_NO,NFL_NO,NFL_P_00-0036927,LB,,OUT,DNP,Ankle,2022-11-19,nflverse,,2026-09-07T05:46:50.365367+00:00,2022-11-19T00:00:00
NFL_NO_00-0032203_2022W11_QUESTIONABLE_LP,NFL,2022,11,2022_NFL_W11_LAR_NO,NFL_NO,NFL_P_00-0032203,OL,,QUESTIONABLE,LP,Triceps,2022-11-19,nflverse,,2026-09-07T05:46:50.365367+00:00,2022-11-19T00:00:00
NFL_NYG_00-0026858_2022W11_NA_DNP,NFL,2022,11,2022_NFL_W11_DET_NYG,NFL_NYG,NFL_P_00-0026858,K,,UNKNOWN,DNP,Illness,2022-11-19,nflverse,,2026-09-07T05:46:50.365367+00:00,2022-11-19T00:00:00
NFL_NYG_00-0038115_2022W11_OUT_DNP,NFL,2022,11,2022_NFL_W11_DET_NYG,NFL_NYG,NFL_P_00-0038115,TE,,OUT,DNP,Eye,2022-11-19,nflverse,,2026-09-07T05:46:50.365367+00:00,2022-11-19T00:00:00
NFL_NYG_00-0037612_2022W11_DOUBTFUL_LP,NFL,2022,11,2022_NFL_W11_DET_NYG,NFL_NYG,NFL_P_00-0037612,OL,,DOUBTFUL,LP,Knee,2022-11-19,nflverse,,2026-09-07T05:46:50.365367+00:00,2022-11-19T00:00:00
NFL_NYG_00-0038123_2022W11_QUESTIONABLE_LP,NFL,2022,11,2022_NFL_W11_DET_NYG,NFL_NYG,NFL_P_00-0038123,S,,QUESTIONABLE,LP,Collarbone,2022-11-19,nflverse,,2026-09-07T05:46:50.365367+00:00,2022-11-19T00:00:00
NFL_NYG_00-0037807_2022W11_QUESTIONABLE_LP,NFL,2022,11,2022_NFL_W11_DET_NYG,NFL_NYG,NFL_P_00-0037807,OL,,QUESTIONABLE,LP,Neck,2022-11-19,nflverse,,2026-09-07T05:46:50.365367+00:00,2022-11-19T00:00:00
NFL_NYG_00-0033932_2022W11_QUESTIONABLE_LP,NFL,2022,11,2022_NFL_W11_DET_NYG,NFL_NYG,NFL_P_00-0033932,WR,,QUESTIONABLE,LP,Hamstring,2022-11-19,nflverse,,2026-09-07T05:46:50.365367+00:00,2022-11-19T00:00:00
NFL_NYG_00-0035683_2022W11_QUESTIONABLE_LP,NFL,2022,11,2022_NFL_W11_DET_NYG,NFL_NYG,NFL_P_00-0035683,DL,,QUESTIONABLE,LP,Back,2022-11-19,nflverse,,2026-09-07T05:46:50.365367+00:00,2022-11-19T00:00:00
NFL_NYG_00-0038117_2022W11_QUESTIONABLE_LP,NFL,2022,11,2022_NFL_W11_DET_NYG,NFL_NYG,NFL_P_00-0038117,WR,,QUESTIONABLE,LP,Hamstring,2022-11-19,nflverse,,2026-09-07T05:46:50.365367+00:00,2022-11-19T00:00:00
NFL_NYJ_00-0033871_2022W11_OUT_DNP,NFL,2022,11,2022_NFL_W11_NYJ_NE,NFL_NYJ,NFL_P_00-0033871,WR,,OUT,DNP,Knee,2022-11-19,nflverse,,2026-09-07T05:46:50.365367+00:00,2022-11-19T00:00:00
NFL_NYJ_00-0032759_2022W11_OUT_DNP,NFL,2022,11,2022_NFL_W11_NYJ_NE,NFL_NYJ,NFL_P_00-0032759,DL,,OUT,DNP,Elbow,2022-11-19,nflverse,,2026-09-07T05:46:50.365367+00:00,2022-11-19T00:00:00
NFL_NYJ_00-0036510_2022W11_DOUBTFUL_DNP,NFL,2022,11,2022_NFL_W11_NYJ_NE,NFL_NYJ,NFL_P_00-0036510,TE,,DOUBTFUL,DNP,Calf,2022-11-19,nflverse,,2026-09-07T05:46:50.365367+00:00,2022-11-19T00:00:00
NFL_NYJ_00-0035383_2022W11_QUESTIONABLE_LP,NFL,2022,11,2022_NFL_W11_NYJ_NE,NFL_NYJ,NFL_P_00-0035383,OL,,QUESTIONABLE,LP,Shin,2022-11-19,nflverse,,2026-09-07T05:46:50.365367+00:00,2022-11-19T00:00:00
NFL_PHI_00-0032890_2022W11_NA_LP,NFL,2022,11,2022_NFL_W11_PHI_IND,NFL_PHI,NFL_P_00-0032890,CB,,UNKNOWN,LP,Not injury related - resting player,2022-11-19,nflverse,,2026-09-07T05:46:50.365367+00:00,2022-11-19T00:00:00
NFL_PHI_00-0037002_2022W11_NA_LP,NFL,2022,11,2022_NFL_W11_PHI_IND,NFL_PHI,NFL_P_00-0037002,OL,,UNKNOWN,LP,Not injury related - resting player,2022-11-19,nflverse,,2026-09-07T05:46:50.365367+00:00,2022-11-19T00:00:00
NFL_PHI_00-0027865_2022W11_NA_LP,NFL,2022,11,2022_NFL_W11_PHI_IND,NFL_PHI,NFL_P_00-0027865,EDGE,,UNKNOWN,LP,Not injury related - resting player,2022-11-19,nflverse,,2026-09-07T05:46:50.365367+00:00,2022-11-19T00:00:00
NFL_PHI_00-0030561_2022W11_NA_LP,NFL,2022,11,2022_NFL_W11_PHI_IND,NFL_PHI,NFL_P_00-0030561,OL,,UNKNOWN,LP,Not injury related - resting player,2022-11-19,nflverse,,2026-09-07T05:46:50.365367+00:00,2022-11-19T00:00:00
NFL_PHI_00-0032954_2022W11_NA_LP,NFL,2022,11,2022_NFL_W11_PHI_IND,NFL_PHI,NFL_P_00-0032954,OL,,UNKNOWN,LP,Not injury related - resting player,2022-11-19,nflverse,,2026-09-07T05:46:50.365367+00:00,2022-11-19T00:00:00
NFL_PHI_00-0030062_2022W11_NA_LP,NFL,2022,11,2022_NFL_W11_PHI_IND,NFL_PHI,NFL_P_00-0030062,CB,,UNKNOWN,LP,Not injury related - resting player,2022-11-19,nflverse,,2026-09-07T05:46:50.365367+00:00,2022-11-19T00:00:00
NFL_PHI_00-0034381_2022W11_NA_LP,NFL,2022,11,2022_NFL_W11_PHI_IND,NFL_PHI,NFL_P_00-0034381,EDGE,,UNKNOWN,LP,Not injury related - resting player,2022-11-19,nflverse,,2026-09-07T05:46:50.365367+00:00,2022-11-19T00:00:00
NFL_PHI_00-0037137_2022W11_OUT_DNP,NFL,2022,11,2022_NFL_W11_PHI_IND,NFL_PHI,NFL_P_00-0037137,CB,,OUT,DNP,Hamstring,2022-11-19,nflverse,,2026-09-07T05:46:50.365367+00:00,2022-11-19T00:00:00
NFL_PIT_00-0033783_2022W11_OUT_DNP,NFL,2022,11,2022_NFL_W11_CIN_PIT,NFL_PIT,NFL_P_00-0033783,CB,,OUT,DNP,Hamstring,2022-11-19,nflverse,,2026-09-07T05:46:50.365367+00:00,2022-11-19T00:00:00
NFL_SF_00-0032164_2022W11_OUT_DNP,NFL,2022,11,2022_NFL_W11_SF_ARI,NFL_SF,NFL_P_00-0032164,DL,,OUT,DNP,Foot,2022-11-21,nflverse,,2026-09-07T05:46:50.365367+00:00,2022-11-21T00:00:00
NFL_SF_00-0033945_2022W11_QUESTIONABLE_LP,NFL,2022,11,2022_NFL_W11_SF_ARI,NFL_SF,NFL_P_00-0033945,EDGE,,QUESTIONABLE,LP,Quadricep,2022-11-21,nflverse,,2026-09-07T05:46:50.365367+00:00,2022-11-21T00:00:00
NFL_TEN_00-0036615_2022W11_NA_DNP,NFL,2022,11,2022_NFL_W11_TEN_GB,NFL_TEN,NFL_P_00-0036615,CB,,UNKNOWN,DNP,Back,2022-11-17,nflverse,,2026-09-07T05:46:50.365367+00:00,2022-11-17T00:00:00
NFL_TEN_00-0029421_2022W11_OUT_DNP,NFL,2022,11,2022_NFL_W11_TEN_GB,NFL_TEN,NFL_P_00-0029421,K,,OUT,DNP,right Calf,2022-11-17,nflverse,,2026-09-07T05:46:50.365367+00:00,2022-11-17T00:00:00
NFL_TEN_00-0032146_2022W11_OUT_DNP,NFL,2022,11,2022_NFL_W11_TEN_GB,NFL_TEN,NFL_P_00-0032146,LB,,OUT,DNP,Hip,2022-11-17,nflverse,,2026-09-07T05:46:50.365367+00:00,2022-11-17T00:00:00
NFL_TEN_00-0035244_2022W11_OUT_DNP,NFL,2022,11,2022_NFL_W11_TEN_GB,NFL_TEN,NFL_P_00-0035244,CB,,OUT,DNP,Hamstring,2022-11-17,nflverse,,2026-09-07T05:46:50.365367+00:00,2022-11-17T00:00:00
NFL_TEN_00-0029413_2022W11_OUT_DNP,NFL,2022,11,2022_NFL_W11_TEN_GB,NFL_TEN,NFL_P_00-0029413,OL,,OUT,DNP,Concussion,2022-11-17,nflverse,,2026-09-07T05:46:50.365367+00:00,2022-11-17T00:00:00
NFL_TEN_00-0035632_2022W11_OUT_LP,NFL,2022,11,2022_NFL_W11_TEN_GB,NFL_TEN,NFL_P_00-0035632,S,,OUT,LP,Shoulder,2022-11-17,nflverse,,2026-09-07T05:46:50.365367+00:00,2022-11-17T00:00:00
NFL_TEN_00-0035643_2022W11_QUESTIONABLE_DNP,NFL,2022,11,2022_NFL_W11_TEN_GB,NFL_TEN,NFL_P_00-0035643,DL,,QUESTIONABLE,DNP,Ankle,2022-11-17,nflverse,,2026-09-07T05:46:50.365367+00:00,2022-11-17T00:00:00
NFL_TEN_00-0036992_2022W11_QUESTIONABLE_LP,NFL,2022,11,2022_NFL_W11_TEN_GB,NFL_TEN,NFL_P_00-0036992,CB,,QUESTIONABLE,LP,Groin,2022-11-17,nflverse,,2026-09-07T05:46:50.365367+00:00,2022-11-17T00:00:00
NFL_WAS_00-0030869_2022W11_NA_LP,NFL,2022,11,2022_NFL_W11_WAS_HOU,NFL_WAS,NFL_P_00-0030869,OL,,UNKNOWN,LP,Back,2022-11-19,nflverse,,2026-09-07T05:46:50.365367+00:00,2022-11-19T00:00:00
NFL_WAS_00-0035286_2022W11_OUT_DNP,NFL,2022,11,2022_NFL_W11_WAS_HOU,NFL_WAS,NFL_P_00-0035286,LB,,OUT,DNP,Foot,2022-11-19,nflverse,,2026-09-07T05:46:50.365367+00:00,2022-11-19T00:00:00
NFL_WAS_00-0032602_2022W11_OUT_DNP,NFL,2022,11,2022_NFL_W11_WAS_HOU,NFL_WAS,NFL_P_00-0032602,RB,,OUT,DNP,Neck,2022-11-19,nflverse,,2026-09-07T05:46:50.365367+00:00,2022-11-19T00:00:00
NFL_WAS_00-0037168_2022W11_OUT_DNP,NFL,2022,11,2022_NFL_W11_WAS_HOU,NFL_WAS,NFL_P_00-0037168,TE,,OUT,DNP,Knee,2022-11-19,nflverse,,2026-09-07T05:46:50.365367+00:00,2022-11-19T00:00:00
NFL_WAS_00-0037095_2022W11_QUESTIONABLE_LP,NFL,2022,11,2022_NFL_W11_WAS_HOU,NFL_WAS,NFL_P_00-0037095,CB,,QUESTIONABLE,LP,Hamstring,2022-11-19,nflverse,,2026-09-07T05:46:50.365367+00:00,2022-11-19T00:00:00
NFL_WAS_00-0031596_2022W11_QUESTIONABLE_LP,NFL,2022,11,2022_NFL_W11_WAS_HOU,NFL_WAS,NFL_P_00-0031596,LB,,QUESTIONABLE,LP,Hamstring,2022-11-19,nflverse,,2026-09-07T05:46:50.365367+00:00,2022-11-19T00:00:00
NFL_WAS_00-0032975_2022W11_QUESTIONABLE_LP,NFL,2022,11,2022_NFL_W11_WAS_HOU,NFL_WAS,NFL_P_00-0032975,RB,,QUESTIONABLE,LP,Knee,2022-11-19,nflverse,,2026-09-07T05:46:50.365367+00:00,2022-11-19T00:00:00
NFL_ARI_00-0030061_2022W12_OUT_DNP,NFL,2022,12,2022_NFL_W12_LAC_ARI,NFL_ARI,NFL_P_00-0030061,TE,,OUT,DNP,Knee,2022-11-26,nflverse,,2026-09-07T05:46:50.365367+00:00,2022-11-26T00:00:00
NFL_ARI_00-0032222_2022W12_OUT_DNP,NFL,2022,12,2022_NFL_W12_LAC_ARI,NFL_ARI,NFL_P_00-0032222,OL,,OUT,DNP,Back,2022-11-26,nflverse,,2026-09-07T05:46:50.365367+00:00,2022-11-26T00:00:00
NFL_ARI_00-0036936_2022W12_OUT_DNP,NFL,2022,12,2022_NFL_W12_LAC_ARI,NFL_ARI,NFL_P_00-0036936,WR,,OUT,DNP,Groin,2022-11-26,nflverse,,2026-09-07T05:46:50.365367+00:00,2022-11-26T00:00:00
NFL_ARI_00-0035236_2022W12_OUT_DNP,NFL,2022,12,2022_NFL_W12_LAC_ARI,NFL_ARI,NFL_P_00-0035236,CB,,OUT,DNP,Back,2022-11-26,nflverse,,2026-09-07T05:46:50.365367+00:00,2022-11-26T00:00:00
NFL_ARI_00-0032560_2022W12_OUT_DNP,NFL,2022,12,2022_NFL_W12_LAC_ARI,NFL_ARI,NFL_P_00-0032560,S,,OUT,DNP,Chest,2022-11-26,nflverse,,2026-09-07T05:46:50.365367+00:00,2022-11-26T00:00:00
NFL_ARI_00-0035500_2022W12_QUESTIONABLE_DNP,NFL,2022,12,2022_NFL_W12_LAC_ARI,NFL_ARI,NFL_P_00-0035500,WR,,QUESTIONABLE,DNP,Thumb,2022-11-26,nflverse,,2026-09-07T05:46:50.365367+00:00,2022-11-26T00:00:00
NFL_ARI_00-0035146_2022W12_QUESTIONABLE_DNP,NFL,2022,12,2022_NFL_W12_LAC_ARI,NFL_ARI,NFL_P_00-0035146,QB,,QUESTIONABLE,DNP,Illness,2022-11-26,nflverse,,2026-09-07T05:46:50.365367+00:00,2022-11-26T00:00:00
NFL_ATL_00-0030578_2022W12_NA_LP,NFL,2022,12,2022_NFL_W12_ATL_WAS,NFL_ATL,NFL_P_00-0030578,RB,,UNKNOWN,LP,Not injury related - resting player,2022-11-26,nflverse,,2026-09-07T05:46:50.365367+00:00,2022-11-26T00:00:00
NFL_ATL_00-0035179_2022W12_DOUBTFUL_DNP,NFL,2022,12,2022_NFL_W12_ATL_WAS,NFL_ATL,NFL_P_00-0035179,DL,,DOUBTFUL,DNP,Toe,2022-11-26,nflverse,,2026-09-07T05:46:50.365367+00:00,2022-11-26T00:00:00
NFL_ATL_00-0038116_2022W12_QUESTIONABLE_LP,NFL,2022,12,2022_NFL_W12_ATL_WAS,NFL_ATL,NFL_P_00-0038116,LB,,QUESTIONABLE,LP,Forearm,2022-11-26,nflverse,,2026-09-07T05:46:50.365367+00:00,2022-11-26T00:00:00
NFL_ATL_00-0035698_2022W12_QUESTIONABLE_LP,NFL,2022,12,2022_NFL_W12_ATL_WAS,NFL_ATL,NFL_P_00-0035698,OL,,QUESTIONABLE,LP,Knee,2022-11-26,nflverse,,2026-09-07T05:46:50.365367+00:00,2022-11-26T00:00:00
NFL_ATL_00-0036825_2022W12_QUESTIONABLE_LP,NFL,2022,12,2022_NFL_W12_ATL_WAS,NFL_ATL,NFL_P_00-0036825,TE,,QUESTIONABLE,LP,Calf,2022-11-26,nflverse,,2026-09-07T05:46:50.365367+00:00,2022-11-26T00:00:00
NFL_ATL_00-0036829_2022W12_QUESTIONABLE_LP,NFL,2022,12,2022_NFL_W12_ATL_WAS,NFL_ATL,NFL_P_00-0036829,RB,,QUESTIONABLE,LP,Ankle,2022-11-26,nflverse,,2026-09-07T05:46:50.365367+00:00,2022-11-26T00:00:00
NFL_BAL_00-0026190_2022W12_NA_DNP,NFL,2022,12,2022_NFL_W12_BAL_JAX,NFL_BAL,NFL_P_00-0026190,EDGE,,UNKNOWN,DNP,Not injury related - resting player,2022-11-26,nflverse,,2026-09-07T05:46:50.365367+00:00,2022-11-26T00:00:00
NFL_BAL_00-0028008_2022W12_NA_DNP,NFL,2022,12,2022_NFL_W12_BAL_JAX,NFL_BAL,NFL_P_00-0028008,LB,,UNKNOWN,DNP,Not injury related - resting player,2022-11-26,nflverse,,2026-09-07T05:46:50.365367+00:00,2022-11-26T00:00:00
NFL_BAL_00-0032165_2022W12_NA_DNP,NFL,2022,12,2022_NFL_W12_BAL_JAX,NFL_BAL,NFL_P_00-0032165,CB,,UNKNOWN,DNP,Not injury related - resting player,2022-11-26,nflverse,,2026-09-07T05:46:50.365367+00:00,2022-11-26T00:00:00
NFL_BAL_00-0027867_2022W12_NA_DNP,NFL,2022,12,2022_NFL_W12_BAL_JAX,NFL_BAL,NFL_P_00-0027867,EDGE,,UNKNOWN,DNP,Not injury related - resting player,2022-11-26,nflverse,,2026-09-07T05:46:50.365367+00:00,2022-11-26T00:00:00
NFL_BAL_00-0038119_2022W12_OUT_DNP,NFL,2022,12,2022_NFL_W12_BAL_JAX,NFL_BAL,NFL_P_00-0038119,CB,,OUT,DNP,Hip,2022-11-26,nflverse,,2026-09-07T05:46:50.365367+00:00,2022-11-26T00:00:00
NFL_BAL_00-0032965_2022W12_OUT_DNP,NFL,2022,12,2022_NFL_W12_BAL_JAX,NFL_BAL,NFL_P_00-0032965,OL,,OUT,DNP,Ankle,2022-11-26,nflverse,,2026-09-07T05:46:50.365367+00:00,2022-11-26T00:00:00
NFL_BAL_00-0038038_2022W12_QUESTIONABLE_DNP,NFL,2022,12,2022_NFL_W12_BAL_JAX,NFL_BAL,NFL_P_00-0038038,S,,QUESTIONABLE,DNP,Knee,2022-11-26,nflverse,,2026-09-07T05:46:50.365367+00:00,2022-11-26T00:00:00
NFL_BAL_00-0034184_2022W12_QUESTIONABLE_FP,NFL,2022,12,2022_NFL_W12_BAL_JAX,NFL_BAL,NFL_P_00-0034184,RB,,QUESTIONABLE,FP,Hamstring,2022-11-26,nflverse,,2026-09-07T05:46:50.365367+00:00,2022-11-26T00:00:00
NFL_BAL_00-0032775_2022W12_QUESTIONABLE_FP,NFL,2022,12,2022_NFL_W12_BAL_JAX,NFL_BAL,NFL_P_00-0032775,WR,,QUESTIONABLE,FP,Hip,2022-11-26,nflverse,,2026-09-07T05:46:50.365367+00:00,2022-11-26T00:00:00
NFL_BAL_00-0036331_2022W12_QUESTIONABLE_LP,NFL,2022,12,2022_NFL_W12_BAL_JAX,NFL_BAL,NFL_P_00-0036331,WR,,QUESTIONABLE,LP,Hamstring,2022-11-26,nflverse,,2026-09-07T05:46:50.365367+00:00,2022-11-26T00:00:00
NFL_BAL_00-0037838_2022W12_QUESTIONABLE_LP,NFL,2022,12,2022_NFL_W12_BAL_JAX,NFL_BAL,NFL_P_00-0037838,TE,,QUESTIONABLE,LP,Ankle,2022-11-26,nflverse,,2026-09-07T05:46:50.365367+00:00,2022-11-26T00:00:00
NFL_BUF_00-0034857_2022W12_NA_LP,NFL,2022,12,2022_NFL_W12_BUF_DET,NFL_BUF,NFL_P_00-0034857,QB,,UNKNOWN,LP,right Elbow,2022-11-23,nflverse,,2026-09-07T05:46:50.365367+00:00,2022-11-23T00:00:00
NFL_BUF_00-0034673_2022W12_OUT_DNP,NFL,2022,12,2022_NFL_W12_BUF_DET,NFL_BUF,NFL_P_00-0034673,LB,,OUT,DNP,Groin,2022-11-23,nflverse,,2026-09-07T05:46:50.365367+00:00,2022-11-23T00:00:00
NFL_BUF_00-0036914_2022W12_OUT_DNP,NFL,2022,12,2022_NFL_W12_BUF_DET,NFL_BUF,NFL_P_00-0036914,EDGE,,OUT,DNP,Ankle,2022-11-23,nflverse,,2026-09-07T05:46:50.365367+00:00,2022-11-23T00:00:00
NFL_BUF_00-0036192_2022W12_DOUBTFUL_DNP,NFL,2022,12,2022_NFL_W12_BUF_DET,NFL_BUF,NFL_P_00-0036192,EDGE,,DOUBTFUL,DNP,Ankle,2022-11-23,nflverse,,2026-09-07T05:46:50.365367+00:00,2022-11-23T00:00:00
NFL_BUF_00-0031936_2022W12_QUESTIONABLE_DNP,NFL,2022,12,2022_NFL_W12_BUF_DET,NFL_BUF,NFL_P_00-0031936,OL,,QUESTIONABLE,DNP,Elbow,2022-11-23,nflverse,,2026-09-07T05:46:50.365367+00:00,2022-11-23T00:00:00
NFL_CAR_00-0033925_2022W12_NA_DNP,NFL,2022,12,2022_NFL_W12_DEN_CAR,NFL_CAR,NFL_P_00-0033925,RB,,UNKNOWN,DNP,Not injury related - resting player,2022-11-26,nflverse,,2026-09-07T05:46:50.365367+00:00,2022-11-26T00:00:00
NFL_CAR_00-0033284_2022W12_NA_DNP,NFL,2022,12,2022_NFL_W12_DEN_CAR,NFL_CAR,NFL_P_00-0033284,OL,,UNKNOWN,DNP,Not injury related - resting player,2022-11-26,nflverse,,2026-09-07T05:46:50.365367+00:00,2022-11-26T00:00:00
NFL_CAR_00-0035950_2022W12_OUT_DNP,NFL,2022,12,2022_NFL_W12_DEN_CAR,NFL_CAR,NFL_P_00-0035950,S,,OUT,DNP,Ankle,2022-11-26,nflverse,,2026-09-07T05:46:50.365367+00:00,2022-11-26T00:00:00
NFL_CAR_00-0032781_2022W12_OUT_DNP,NFL,2022,12,2022_NFL_W12_DEN_CAR,NFL_CAR,NFL_P_00-0032781,DL,,OUT,DNP,Calf,2022-11-26,nflverse,,2026-09-07T05:46:50.365367+00:00,2022-11-26T00:00:00
NFL_CAR_00-0032677_2022W12_OUT_DNP,NFL,2022,12,2022_NFL_W12_DEN_CAR,NFL_CAR,NFL_P_00-0032677,LB,,OUT,DNP,Ankle,2022-11-26,nflverse,,2026-09-07T05:46:50.365367+00:00,2022-11-26T00:00:00
NFL_CAR_00-0035956_2022W12_DOUBTFUL_DNP,NFL,2022,12,2022_NFL_W12_DEN_CAR,NFL_CAR,NFL_P_00-0035956,TE,,DOUBTFUL,DNP,Neck,2022-11-26,nflverse,,2026-09-07T05:46:50.365367+00:00,2022-11-26T00:00:00
NFL_CAR_00-0033275_2022W12_DOUBTFUL_LP,NFL,2022,12,2022_NFL_W12_DEN_CAR,NFL_CAR,NFL_P_00-0033275,QB,,DOUBTFUL,LP,Ankle,2022-11-26,nflverse,,2026-09-07T05:46:50.365367+00:00,2022-11-26T00:00:00
NFL_CAR_00-0036438_2022W12_QUESTIONABLE_DNP,NFL,2022,12,2022_NFL_W12_DEN_CAR,NFL_CAR,NFL_P_00-0036438,TE,,QUESTIONABLE,DNP,Illness,2022-11-26,nflverse,,2026-09-07T05:46:50.365367+00:00,2022-11-26T00:00:00
NFL_CAR_00-0034365_2022W12_QUESTIONABLE_DNP,NFL,2022,12,2022_NFL_W12_DEN_CAR,NFL_CAR,NFL_P_00-0034365,TE,,QUESTIONABLE,DNP,Illness,2022-11-26,nflverse,,2026-09-07T05:46:50.365367+00:00,2022-11-26T00:00:00
NFL_CAR_00-0036955_2022W12_QUESTIONABLE_FP,NFL,2022,12,2022_NFL_W12_DEN_CAR,NFL_CAR,NFL_P_00-0036955,WR,,QUESTIONABLE,FP,Shoulder,2022-11-26,nflverse,,2026-09-07T05:46:50.365367+00:00,2022-11-26T00:00:00
NFL_CHI_00-0038135_2022W12_OUT_DNP,NFL,2022,12,2022_NFL_W12_CHI_NYJ,NFL_CHI,NFL_P_00-0038135,S,,OUT,DNP,Concussion,2022-11-26,nflverse,,2026-09-07T05:46:50.365367+00:00,2022-11-26T00:00:00
NFL_CHI_00-0038111_2022W12_OUT_DNP,NFL,2022,12,2022_NFL_W12_CHI_NYJ,NFL_CHI,NFL_P_00-0038111,CB,,OUT,DNP,Concussion,2022-11-26,nflverse,,2026-09-07T05:46:50.365367+00:00,2022-11-26T00:00:00
NFL_CHI_00-0037406_2022W12_OUT_DNP,NFL,2022,12,2022_NFL_W12_CHI_NYJ,NFL_CHI,NFL_P_00-0037406,LB,,OUT,DNP,Concussion,2022-11-26,nflverse,,2026-09-07T05:46:50.365367+00:00,2022-11-26T00:00:00
NFL_CHI_00-0036945_2022W12_QUESTIONABLE_LP,NFL,2022,12,2022_NFL_W12_CHI_NYJ,NFL_CHI,NFL_P_00-0036945,QB,,QUESTIONABLE,LP,left Shoulder,2022-11-26,nflverse,,2026-09-07T05:46:50.365367+00:00,2022-11-26T00:00:00
NFL_CIN_00-0033897_2022W12_OUT_DNP,NFL,2022,12,2022_NFL_W12_CIN_TEN,NFL_CIN,NFL_P_00-0033897,RB,,OUT,DNP,Concussion,2022-11-26,nflverse,,2026-09-07T05:46:50.365367+00:00,2022-11-26T00:00:00
NFL_CIN_00-0037743_2022W12_QUESTIONABLE_FP,NFL,2022,12,2022_NFL_W12_CIN_TEN,NFL_CIN,NFL_P_00-0037743,S,,QUESTIONABLE,FP,Shoulder,2022-11-26,nflverse,,2026-09-07T05:46:50.365367+00:00,2022-11-26T00:00:00
NFL_CIN_00-0033347_2022W12_QUESTIONABLE_FP,NFL,2022,12,2022_NFL_W12_CIN_TEN,NFL_CIN,NFL_P_00-0033347,DL,,QUESTIONABLE,FP,Calf,2022-11-26,nflverse,,2026-09-07T05:46:50.365367+00:00,2022-11-26T00:00:00
NFL_CIN_00-0035895_2022W12_QUESTIONABLE_LP,NFL,2022,12,2022_NFL_W12_CIN_TEN,NFL_CIN,NFL_P_00-0035895,LB,,QUESTIONABLE,LP,Knee,2022-11-26,nflverse,,2026-09-07T05:46:50.365367+00:00,2022-11-26T00:00:00
NFL_CIN_00-0036900_2022W12_QUESTIONABLE_LP,NFL,2022,12,2022_NFL_W12_CIN_TEN,NFL_CIN,NFL_P_00-0036900,WR,,QUESTIONABLE,LP,Hip,2022-11-26,nflverse,,2026-09-07T05:46:50.365367+00:00,2022-11-26T00:00:00
NFL_CLE_00-0035258_2022W12_NA_LP,NFL,2022,12,2022_NFL_W12_TB_CLE,NFL_CLE,NFL_P_00-0035258,OL,,UNKNOWN,LP,Illness,2022-11-26,nflverse,,2026-09-07T05:46:50.365367+00:00,2022-11-26T00:00:00
NFL_CLE_00-0033885_2022W12_NA_LP,NFL,2022,12,2022_NFL_W12_TB_CLE,NFL_CLE,NFL_P_00-0033885,TE,,UNKNOWN,LP,Ankle,2022-11-26,nflverse,,2026-09-07T05:46:50.365367+00:00,2022-11-26T00:00:00
NFL_CLE_00-0034399_2022W12_NA_LP,NFL,2022,12,2022_NFL_W12_TB_CLE,NFL_CLE,NFL_P_00-0034399,OL,,UNKNOWN,LP,Calf,2022-11-26,nflverse,,2026-09-07T05:46:50.365367+00:00,2022-11-26T00:00:00
NFL_CLE_00-0034856_2022W12_NA_LP,NFL,2022,12,2022_NFL_W12_TB_CLE,NFL_CLE,NFL_P_00-0034856,CB,,UNKNOWN,LP,Groin,2022-11-26,nflverse,,2026-09-07T05:46:50.365367+00:00,2022-11-26T00:00:00
NFL_CLE_00-0036996_2022W12_OUT_DNP,NFL,2022,12,2022_NFL_W12_TB_CLE,NFL_CLE,NFL_P_00-0036996,CB,,OUT,DNP,Concussion,2022-11-26,nflverse,,2026-09-07T05:46:50.365367+00:00,2022-11-26T00:00:00
NFL_DAL_00-0031256_2022W12_OUT_DNP,NFL,2022,12,2022_NFL_W12_NYG_DAL,NFL_DAL,NFL_P_00-0031256,LB,,OUT,DNP,Hamstring,2022-11-23,nflverse,,2026-09-07T05:46:50.365367+00:00,2022-11-23T00:00:00
NFL_DAL_00-0033917_2022W12_DOUBTFUL_DNP,NFL,2022,12,2022_NFL_W12_NYG_DAL,NFL_DAL,NFL_P_00-0033917,EDGE,,DOUBTFUL,DNP,Illness,2022-11-23,nflverse,,2026-09-07T05:46:50.365367+00:00,2022-11-23T00:00:00
NFL_DAL_00-0030063_2022W12_DOUBTFUL_DNP,NFL,2022,12,2022_NFL_W12_NYG_DAL,NFL_DAL,NFL_P_00-0030063,DL,,DOUBTFUL,DNP,Illness,2022-11-23,nflverse,,2026-09-07T05:46:50.365367+00:00,2022-11-23T00:00:00
NFL_DAL_00-0032052_2022W12_QUESTIONABLE_DNP,NFL,2022,12,2022_NFL_W12_NYG_DAL,NFL_DAL,NFL_P_00-0032052,EDGE,,QUESTIONABLE,DNP,Illness,2022-11-23,nflverse,,2026-09-07T05:46:50.365367+00:00,2022-11-23T00:00:00
NFL_DAL_00-0035301_2022W12_QUESTIONABLE_DNP,NFL,2022,12,2022_NFL_W12_NYG_DAL,NFL_DAL,NFL_P_00-0035301,S,,QUESTIONABLE,DNP,Illness,2022-11-23,nflverse,,2026-09-07T05:46:50.365367+00:00,2022-11-23T00:00:00
NFL_DAL_00-0036366_2022W12_QUESTIONABLE_LP,NFL,2022,12,2022_NFL_W12_NYG_DAL,NFL_DAL,NFL_P_00-0036366,DL,,QUESTIONABLE,LP,Illness,2022-11-23,nflverse,,2026-09-07T05:46:50.365367+00:00,2022-11-23T00:00:00
NFL_DAL_00-0036935_2022W12_QUESTIONABLE_LP,NFL,2022,12,2022_NFL_W12_NYG_DAL,NFL_DAL,NFL_P_00-0036935,CB,,QUESTIONABLE,LP,Illness,2022-11-23,nflverse,,2026-09-07T05:46:50.365367+00:00,2022-11-23T00:00:00
NFL_DAL_00-0031411_2022W12_QUESTIONABLE_LP,NFL,2022,12,2022_NFL_W12_NYG_DAL,NFL_DAL,NFL_P_00-0031411,EDGE,,QUESTIONABLE,LP,Foot,2022-11-23,nflverse,,2026-09-07T05:46:50.365367+00:00,2022-11-23T00:00:00
NFL_DAL_00-0036942_2022W12_QUESTIONABLE_LP,NFL,2022,12,2022_NFL_W12_NYG_DAL,NFL_DAL,NFL_P_00-0036942,DL,,QUESTIONABLE,LP,Knee,2022-11-23,nflverse,,2026-09-07T05:46:50.365367+00:00,2022-11-23T00:00:00
NFL_DAL_00-0036932_2022W12_QUESTIONABLE_LP,NFL,2022,12,2022_NFL_W12_NYG_DAL,NFL_DAL,NFL_P_00-0036932,LB,,QUESTIONABLE,LP,Knee,2022-11-23,nflverse,,2026-09-07T05:46:50.365367+00:00,2022-11-23T00:00:00
NFL_DEN_00-0036412_2022W12_OUT_DNP,NFL,2022,12,2022_NFL_W12_DEN_CAR,NFL_DEN,NFL_P_00-0036412,WR,,OUT,DNP,Hamstring,2022-11-26,nflverse,,2026-09-07T05:46:50.365367+00:00,2022-11-26T00:00:00
NFL_DEN_00-0035073_2022W12_OUT_DNP,NFL,2022,12,2022_NFL_W12_DEN_CAR,NFL_DEN,NFL_P_00-0035073,EDGE,,OUT,DNP,Knee,2022-11-26,nflverse,,2026-09-07T05:46:50.365367+00:00,2022-11-26T00:00:00
NFL_DEN_00-0036407_2022W12_OUT_DNP,NFL,2022,12,2022_NFL_W12_DEN_CAR,NFL_DEN,NFL_P_00-0036407,WR,,OUT,DNP,Ankle,2022-11-26,nflverse,,2026-09-07T05:46:50.365367+00:00,2022-11-26T00:00:00
NFL_DEN_00-0031253_2022W12_OUT_DNP,NFL,2022,12,2022_NFL_W12_DEN_CAR,NFL_DEN,NFL_P_00-0031253,CB,,OUT,DNP,Wrist,2022-11-26,nflverse,,2026-09-07T05:46:50.365367+00:00,2022-11-26T00:00:00
NFL_DEN_00-0034959_2022W12_QUESTIONABLE_LP,NFL,2022,12,2022_NFL_W12_DEN_CAR,NFL_DEN,NFL_P_00-0034959,TE,,QUESTIONABLE,LP,Hamstring,2022-11-26,nflverse,,2026-09-07T05:46:50.365367+00:00,2022-11-26T00:00:00
NFL_DEN_00-0034163_2022W12_QUESTIONABLE_LP,NFL,2022,12,2022_NFL_W12_DEN_CAR,NFL_DEN,NFL_P_00-0034163,EDGE,,QUESTIONABLE,LP,Knee,2022-11-26,nflverse,,2026-09-07T05:46:50.365367+00:00,2022-11-26T00:00:00
NFL_DET_00-0034495_2022W12_OUT_DNP,NFL,2022,12,2022_NFL_W12_BUF_DET,NFL_DET,NFL_P_00-0034495,OL,,OUT,DNP,Ankle,2022-11-23,nflverse,,2026-09-07T05:46:50.365367+00:00,2022-11-23T00:00:00
NFL_DET_00-0033880_2022W12_OUT_DNP,NFL,2022,12,2022_NFL_W12_BUF_DET,NFL_DET,NFL_P_00-0033880,EDGE,,OUT,DNP,Groin,2022-11-23,nflverse,,2026-09-07T05:46:50.365367+00:00,2022-11-23T00:00:00
NFL_DET_00-0036258_2022W12_OUT_DNP,NFL,2022,12,2022_NFL_W12_BUF_DET,NFL_DET,NFL_P_00-0036258,OL,,OUT,DNP,Concussion,2022-11-23,nflverse,,2026-09-07T05:46:50.365367+00:00,2022-11-23T00:00:00
NFL_DET_00-0036274_2022W12_OUT_DNP,NFL,2022,12,2022_NFL_W12_BUF_DET,NFL_DET,NFL_P_00-0036274,CB,,OUT,DNP,Concussion,2022-11-23,nflverse,,2026-09-07T05:46:50.365367+00:00,2022-11-23T00:00:00
NFL_DET_00-0038096_2022W12_OUT_DNP,NFL,2022,12,2022_NFL_W12_BUF_DET,NFL_DET,NFL_P_00-0038096,EDGE,,OUT,DNP,Knee,2022-11-23,nflverse,,2026-09-07T05:46:50.365367+00:00,2022-11-23T00:00:00
NFL_DET_00-0033943_2022W12_QUESTIONABLE_LP,NFL,2022,12,2022_NFL_W12_BUF_DET,NFL_DET,NFL_P_00-0033943,WR,,QUESTIONABLE,LP,Back,2022-11-23,nflverse,,2026-09-07T05:46:50.365367+00:00,2022-11-23T00:00:00
NFL_GB_00-0028002_2022W12_NA_LP,NFL,2022,12,2022_NFL_W12_GB_PHI,NFL_GB,NFL_P_00-0028002,WR,,UNKNOWN,LP,Illness,2022-11-27,nflverse,,2026-09-07T05:46:50.365367+00:00,2022-11-27T00:00:00
NFL_GB_00-0035526_2022W12_NA_LP,NFL,2022,12,2022_NFL_W12_GB_PHI,NFL_GB,NFL_P_00-0035526,OL,,UNKNOWN,LP,Knee,2022-11-27,nflverse,,2026-09-07T05:46:50.365367+00:00,2022-11-27T00:00:00
NFL_GB_00-0033293_2022W12_NA_LP,NFL,2022,12,2022_NFL_W12_GB_PHI,NFL_GB,NFL_P_00-0033293,RB,,UNKNOWN,LP,Shin,2022-11-27,nflverse,,2026-09-07T05:46:50.365367+00:00,2022-11-27T00:00:00
NFL_GB_00-0034521_2022W12_NA_LP,NFL,2022,12,2022_NFL_W12_GB_PHI,NFL_GB,NFL_P_00-0034521,WR,,UNKNOWN,LP,Shoulder,2022-11-27,nflverse,,2026-09-07T05:46:50.365367+00:00,2022-11-27T00:00:00
NFL_GB_00-0037816_2022W12_OUT_DNP,NFL,2022,12,2022_NFL_W12_GB_PHI,NFL_GB,NFL_P_00-0037816,WR,,OUT,DNP,Ankle,2022-11-27,nflverse,,2026-09-07T05:46:50.365367+00:00,2022-11-27T00:00:00
NFL_GB_00-0032401_2022W12_DOUBTFUL_LP,NFL,2022,12,2022_NFL_W12_GB_PHI,NFL_GB,NFL_P_00-0032401,LB,,DOUBTFUL,LP,Knee,2022-11-27,nflverse,,2026-09-07T05:46:50.365367+00:00,2022-11-27T00:00:00
NFL_GB_00-0030074_2022W12_QUESTIONABLE_LP,NFL,2022,12,2022_NFL_W12_GB_PHI,NFL_GB,NFL_P_00-0030074,OL,,QUESTIONABLE,LP,Knee,2022-11-27,nflverse,,2026-09-07T05:46:50.365367+00:00,2022-11-27T00:00:00
NFL_GB_00-0036645_2022W12_QUESTIONABLE_LP,NFL,2022,12,2022_NFL_W12_GB_PHI,NFL_GB,NFL_P_00-0036645,CB,,QUESTIONABLE,LP,Ankle,2022-11-27,nflverse,,2026-09-07T05:46:50.365367+00:00,2022-11-27T00:00:00
NFL_HOU_00-0027224_2022W12_NA_DNP,NFL,2022,12,2022_NFL_W12_HOU_MIA,NFL_HOU,NFL_P_00-0027224,LS,,UNKNOWN,DNP,Not injury related - personal matter,2022-11-26,nflverse,,2026-09-07T05:46:50.365367+00:00,2022-11-26T00:00:00
NFL_HOU_00-0037237_2022W12_OUT_DNP,NFL,2022,12,2022_NFL_W12_HOU_MIA,NFL_HOU,NFL_P_00-0037237,CB,,OUT,DNP,Hamstring,2022-11-26,nflverse,,2026-09-07T05:46:50.365367+00:00,2022-11-26T00:00:00
NFL_IND_00-0034431_2022W12_QUESTIONABLE_DNP,NFL,2022,12,2022_NFL_W12_PIT_IND,NFL_IND,NFL_P_00-0034431,LB,,QUESTIONABLE,DNP,Illness,2022-11-28,nflverse,,2026-09-07T05:46:50.365367+00:00,2022-11-28T00:00:00
NFL_IND_00-0036876_2022W12_QUESTIONABLE_DNP,NFL,2022,12,2022_NFL_W12_PIT_IND,NFL_IND,NFL_P_00-0036876,TE,,QUESTIONABLE,DNP,Illness,2022-11-28,nflverse,,2026-09-07T05:46:50.365367+00:00,2022-11-28T00:00:00
NFL_IND_00-0033123_2022W12_QUESTIONABLE_DNP,NFL,2022,12,2022_NFL_W12_PIT_IND,NFL_IND,NFL_P_00-0033123,EDGE,,QUESTIONABLE,DNP,Back,2022-11-28,nflverse,,2026-09-07T05:46:50.365367+00:00,2022-11-28T00:00:00
NFL_IND_00-0036479_2022W12_QUESTIONABLE_DNP,NFL,2022,12,2022_NFL_W12_PIT_IND,NFL_IND,NFL_P_00-0036479,EDGE,,QUESTIONABLE,DNP,Ankle,2022-11-28,nflverse,,2026-09-07T05:46:50.365367+00:00,2022-11-28T00:00:00
NFL_IND_00-0032378_2022W12_QUESTIONABLE_FP,NFL,2022,12,2022_NFL_W12_PIT_IND,NFL_IND,NFL_P_00-0032378,DL,,QUESTIONABLE,FP,Ribs,2022-11-28,nflverse,,2026-09-07T05:46:50.365367+00:00,2022-11-28T00:00:00
NFL_KC_00-0032762_2022W12_NA_DNP,NFL,2022,12,2022_NFL_W12_LAR_KC,NFL_KC,NFL_P_00-0032762,DL,,UNKNOWN,DNP,Not injury related - personal matter,2022-11-26,nflverse,,2026-09-07T05:46:50.365367+00:00,2022-11-26T00:00:00
NFL_KC_00-0036913_2022W12_OUT_DNP,NFL,2022,12,2022_NFL_W12_LAR_KC,NFL_KC,NFL_P_00-0036913,WR,,OUT,DNP,Hamstring,2022-11-26,nflverse,,2026-09-07T05:46:50.365367+00:00,2022-11-26T00:00:00
NFL_KC_00-0034145_2022W12_QUESTIONABLE_DNP,NFL,2022,12,2022_NFL_W12_LAR_KC,NFL_KC,NFL_P_00-0034145,CB,,QUESTIONABLE,DNP,Concussion,2022-11-26,nflverse,,2026-09-07T05:46:50.365367+00:00,2022-11-26T00:00:00
NFL_KC_00-0035625_2022W12_QUESTIONABLE_DNP,NFL,2022,12,2022_NFL_W12_LAR_KC,NFL_KC,NFL_P_00-0035625,S,,QUESTIONABLE,DNP,Calf,2022-11-26,nflverse,,2026-09-07T05:46:50.365367+00:00,2022-11-26T00:00:00
NFL_KC_00-0032391_2022W12_QUESTIONABLE_LP,NFL,2022,12,2022_NFL_W12_LAR_KC,NFL_KC,NFL_P_00-0032391,OL,,QUESTIONABLE,LP,Ankle,2022-11-26,nflverse,,2026-09-07T05:46:50.365367+00:00,2022-11-26T00:00:00
NFL_LAR_00-0031388_2022W12_NA_DNP,NFL,2022,12,2022_NFL_W12_LAR_KC,NFL_LAR,NFL_P_00-0031388,DL,,UNKNOWN,DNP,Not injury related - resting player,2022-11-26,nflverse,,2026-09-07T05:46:50.365367+00:00,2022-11-26T00:00:00
NFL_LAR_00-0034804_2022W12_OUT_DNP,NFL,2022,12,2022_NFL_W12_LAR_KC,NFL_LAR,NFL_P_00-0034804,OL,,OUT,DNP,Thumb,2022-11-26,nflverse,,2026-09-07T05:46:50.365367+00:00,2022-11-26T00:00:00
NFL_LAR_00-0034812_2022W12_OUT_DNP,NFL,2022,12,2022_NFL_W12_LAR_KC,NFL_LAR,NFL_P_00-0034812,LB,,OUT,DNP,Hip,2022-11-26,nflverse,,2026-09-07T05:46:50.365367+00:00,2022-11-26T00:00:00
NFL_LAR_00-0032889_2022W12_OUT_DNP,NFL,2022,12,2022_NFL_W12_LAR_KC,NFL_LAR,NFL_P_00-0032889,DL,,OUT,DNP,Knee,2022-11-26,nflverse,,2026-09-07T05:46:50.365367+00:00,2022-11-26T00:00:00
NFL_LAR_00-0026498_2022W12_OUT_DNP,NFL,2022,12,2022_NFL_W12_LAR_KC,NFL_LAR,NFL_P_00-0026498,QB,,OUT,DNP,Concussion,2022-11-26,nflverse,,2026-09-07T05:46:50.365367+00:00,2022-11-26T00:00:00
NFL_LAR_00-0029709_2022W12_QUESTIONABLE_DNP,NFL,2022,12,2022_NFL_W12_LAR_KC,NFL_LAR,NFL_P_00-0029709,OL,,QUESTIONABLE,DNP,Ankle,2022-11-26,nflverse,,2026-09-07T05:46:50.365367+00:00,2022-11-26T00:00:00
NFL_LAR_00-0033110_2022W12_QUESTIONABLE_LP,NFL,2022,12,2022_NFL_W12_LAR_KC,NFL_LAR,NFL_P_00-0033110,TE,,QUESTIONABLE,LP,Knee,2022-11-26,nflverse,,2026-09-07T05:46:50.365367+00:00,2022-11-26T00:00:00
NFL_LAR_00-0031428_2022W12_QUESTIONABLE_LP,NFL,2022,12,2022_NFL_W12_LAR_KC,NFL_LAR,NFL_P_00-0031428,WR,,QUESTIONABLE,LP,Ankle,2022-11-26,nflverse,,2026-09-07T05:46:50.365367+00:00,2022-11-26T00:00:00
NFL_LAR_00-0032575_2022W12_QUESTIONABLE_LP,NFL,2022,12,2022_NFL_W12_LAR_KC,NFL_LAR,NFL_P_00-0032575,OL,,QUESTIONABLE,LP,Knee,2022-11-26,nflverse,,2026-09-07T05:46:50.365367+00:00,2022-11-26T00:00:00
NFL_LAC_00-0033536_2022W12_OUT_DNP,NFL,2022,12,2022_NFL_W12_LAC_ARI,NFL_LAC,NFL_P_00-0033536,WR,,OUT,DNP,Ankle,2022-11-26,nflverse,,2026-09-07T05:46:50.365367+00:00,2022-11-26T00:00:00
NFL_LAC_00-0035677_2022W12_DOUBTFUL_DNP,NFL,2022,12,2022_NFL_W12_LAC_ARI,NFL_LAC,NFL_P_00-0035677,S,,DOUBTFUL,DNP,Thumb,2022-11-26,nflverse,,2026-09-07T05:46:50.365367+00:00,2022-11-26T00:00:00
NFL_LAC_00-0033697_2022W12_QUESTIONABLE_LP,NFL,2022,12,2022_NFL_W12_LAC_ARI,NFL_LAC,NFL_P_00-0033697,CB,,QUESTIONABLE,LP,Knee,2022-11-26,nflverse,,2026-09-07T05:46:50.365367+00:00,2022-11-26T00:00:00
NFL_LV_00-0035700_2022W12_QUESTIONABLE_LP,NFL,2022,12,2022_NFL_W12_LV_SEA,NFL_LV,NFL_P_00-0035700,RB,,QUESTIONABLE,LP,Calf,2022-11-26,nflverse,,2026-09-07T05:46:50.365367+00:00,2022-11-26T00:00:00
NFL_LV_00-0037517_2022W12_QUESTIONABLE_LP,NFL,2022,12,2022_NFL_W12_LV_SEA,NFL_LV,NFL_P_00-0037517,LB,,QUESTIONABLE,LP,Ribs,2022-11-26,nflverse,,2026-09-07T05:46:50.365367+00:00,2022-11-26T00:00:00
NFL_LV_00-0034759_2022W12_QUESTIONABLE_LP,NFL,2022,12,2022_NFL_W12_LV_SEA,NFL_LV,NFL_P_00-0034759,OL,,QUESTIONABLE,LP,Shoulder,2022-11-26,nflverse,,2026-09-07T05:46:50.365367+00:00,2022-11-26T00:00:00
NFL_LV_00-0034125_2022W12_QUESTIONABLE_LP,NFL,2022,12,2022_NFL_W12_LV_SEA,NFL_LV,NFL_P_00-0034125,DL,,QUESTIONABLE,LP,Back,2022-11-26,nflverse,,2026-09-07T05:46:50.365367+00:00,2022-11-26T00:00:00
NFL_MIA_00-0029249_2022W12_NA_DNP,NFL,2022,12,2022_NFL_W12_HOU_MIA,NFL_MIA,NFL_P_00-0029249,LB,,UNKNOWN,DNP,Not injury related - resting player,2022-11-26,nflverse,,2026-09-07T05:46:50.365367+00:00,2022-11-26T00:00:00
NFL_MIA_00-0030067_2022W12_NA_LP,NFL,2022,12,2022_NFL_W12_HOU_MIA,NFL_MIA,NFL_P_00-0030067,OL,,UNKNOWN,LP,Toe,2022-11-26,nflverse,,2026-09-07T05:46:50.365367+00:00,2022-11-26T00:00:00
NFL_MIA_00-0036213_2022W12_NA_LP,NFL,2022,12,2022_NFL_W12_HOU_MIA,NFL_MIA,NFL_P_00-0036213,DL,,UNKNOWN,LP,Knee,2022-11-26,nflverse,,2026-09-07T05:46:50.365367+00:00,2022-11-26T00:00:00
NFL_MIA_00-0031687_2022W12_DOUBTFUL_LP,NFL,2022,12,2022_NFL_W12_HOU_MIA,NFL_MIA,NFL_P_00-0031687,RB,,DOUBTFUL,LP,Knee,2022-11-26,nflverse,,2026-09-07T05:46:50.365367+00:00,2022-11-26T00:00:00
NFL_MIA_00-0031237_2022W12_QUESTIONABLE_LP,NFL,2022,12,2022_NFL_W12_HOU_MIA,NFL_MIA,NFL_P_00-0031237,QB,,QUESTIONABLE,LP,Knee,2022-11-26,nflverse,,2026-09-07T05:46:50.365367+00:00,2022-11-26T00:00:00
NFL_MIN_00-0038130_2022W12_OUT_DNP,NFL,2022,12,2022_NFL_W12_NE_MIN,NFL_MIN,NFL_P_00-0038130,CB,,OUT,DNP,Knee,2022-11-24,nflverse,,2026-09-07T05:46:50.365367+00:00,2022-11-24T00:00:00
NFL_MIN_00-0036616_2022W12_OUT_DNP,NFL,2022,12,2022_NFL_W12_NE_MIN,NFL_MIN,NFL_P_00-0036616,OL,,OUT,DNP,Concussion,2022-11-24,nflverse,,2026-09-07T05:46:50.365367+00:00,2022-11-24T00:00:00
NFL_MIN_00-0038101_2022W12_OUT_LP,NFL,2022,12,2022_NFL_W12_NE_MIN,NFL_MIN,NFL_P_00-0038101,CB,,OUT,LP,Concussion,2022-11-24,nflverse,,2026-09-07T05:46:50.365367+00:00,2022-11-24T00:00:00
NFL_MIN_00-0033546_2022W12_QUESTIONABLE_LP,NFL,2022,12,2022_NFL_W12_NE_MIN,NFL_MIN,NFL_P_00-0033546,DL,,QUESTIONABLE,LP,Calf,2022-11-24,nflverse,,2026-09-07T05:46:50.365367+00:00,2022-11-24T00:00:00
NFL_NE_00-0036193_2022W12_NA_LP,NFL,2022,12,2022_NFL_W12_NE_MIN,NFL_NE,NFL_P_00-0036193,LB,,UNKNOWN,LP,Back,2022-11-24,nflverse,,2026-09-07T05:46:50.365367+00:00,2022-11-24T00:00:00
NFL_NE_00-0036159_2022W12_NA_LP,NFL,2022,12,2022_NFL_W12_NE_MIN,NFL_NE,NFL_P_00-0036159,LB,,UNKNOWN,LP,Hamstring,2022-11-24,nflverse,,2026-09-07T05:46:50.365367+00:00,2022-11-24T00:00:00
NFL_NE_00-0034833_2022W12_OUT_DNP,NFL,2022,12,2022_NFL_W12_NE_MIN,NFL_NE,NFL_P_00-0034833,OL,,OUT,DNP,Foot,2022-11-24,nflverse,,2026-09-07T05:46:50.365367+00:00,2022-11-24T00:00:00
NFL_NE_00-0031852_2022W12_QUESTIONABLE_LP,NFL,2022,12,2022_NFL_W12_NE_MIN,NFL_NE,NFL_P_00-0031852,OL,,QUESTIONABLE,LP,Thigh,2022-11-24,nflverse,,2026-09-07T05:46:50.365367+00:00,2022-11-24T00:00:00
NFL_NE_00-0035252_2022W12_QUESTIONABLE_LP,NFL,2022,12,2022_NFL_W12_NE_MIN,NFL_NE,NFL_P_00-0035252,OL,,QUESTIONABLE,LP,Calf,2022-11-24,nflverse,,2026-09-07T05:46:50.365367+00:00,2022-11-24T00:00:00
NFL_NE_00-0037253_2022W12_QUESTIONABLE_LP,NFL,2022,12,2022_NFL_W12_NE_MIN,NFL_NE,NFL_P_00-0037253,CB,,QUESTIONABLE,LP,Ankle,2022-11-24,nflverse,,2026-09-07T05:46:50.365367+00:00,2022-11-24T00:00:00
NFL_NE_00-0031547_2022W12_QUESTIONABLE_LP,NFL,2022,12,2022_NFL_W12_NE_MIN,NFL_NE,NFL_P_00-0031547,WR,,QUESTIONABLE,LP,Knee,2022-11-24,nflverse,,2026-09-07T05:46:50.365367+00:00,2022-11-24T00:00:00
NFL_NO_00-0031382_2022W12_NA_LP,NFL,2022,12,2022_NFL_W12_NO_SF,NFL_NO,NFL_P_00-0031382,WR,,UNKNOWN,LP,Ankle,2022-11-26,nflverse,,2026-09-07T05:46:50.365367+00:00,2022-11-26T00:00:00
NFL_NO_00-0034116_2022W12_OUT_DNP,NFL,2022,12,2022_NFL_W12_NO_SF,NFL_NO,NFL_P_00-0034116,S,,OUT,DNP,Hamstring,2022-11-26,nflverse,,2026-09-07T05:46:50.365367+00:00,2022-11-26T00:00:00
NFL_NO_00-0036926_2022W12_OUT_DNP,NFL,2022,12,2022_NFL_W12_NO_SF,NFL_NO,NFL_P_00-0036926,EDGE,,OUT,DNP,Ankle,2022-11-26,nflverse,,2026-09-07T05:46:50.365367+00:00,2022-11-26T00:00:00
NFL_NO_00-0036927_2022W12_OUT_DNP,NFL,2022,12,2022_NFL_W12_NO_SF,NFL_NO,NFL_P_00-0036927,LB,,OUT,DNP,Ankle,2022-11-26,nflverse,,2026-09-07T05:46:50.365367+00:00,2022-11-26T00:00:00
NFL_NO_00-0033906_2022W12_QUESTIONABLE_FP,NFL,2022,12,2022_NFL_W12_NO_SF,NFL_NO,NFL_P_00-0033906,RB,,QUESTIONABLE,FP,Illness,2022-11-26,nflverse,,2026-09-07T05:46:50.365367+00:00,2022-11-26T00:00:00
NFL_NO_00-0034344_2022W12_QUESTIONABLE_LP,NFL,2022,12,2022_NFL_W12_NO_SF,NFL_NO,NFL_P_00-0034344,EDGE,,QUESTIONABLE,LP,Calf,2022-11-26,nflverse,,2026-09-07T05:46:50.365367+00:00,2022-11-26T00:00:00
NFL_NO_00-0027966_2022W12_QUESTIONABLE_LP,NFL,2022,12,2022_NFL_W12_NO_SF,NFL_NO,NFL_P_00-0027966,RB,,QUESTIONABLE,LP,Knee,2022-11-26,nflverse,,2026-09-07T05:46:50.365367+00:00,2022-11-26T00:00:00
NFL_NO_00-0027962_2022W12_QUESTIONABLE_LP,NFL,2022,12,2022_NFL_W12_NO_SF,NFL_NO,NFL_P_00-0027962,EDGE,,QUESTIONABLE,LP,Eye,2022-11-26,nflverse,,2026-09-07T05:46:50.365367+00:00,2022-11-26T00:00:00
NFL_NO_00-0033874_2022W12_QUESTIONABLE_LP,NFL,2022,12,2022_NFL_W12_NO_SF,NFL_NO,NFL_P_00-0033874,CB,,QUESTIONABLE,LP,Abdomen,2022-11-26,nflverse,,2026-09-07T05:46:50.365367+00:00,2022-11-26T00:00:00
NFL_NO_00-0032203_2022W12_QUESTIONABLE_LP,NFL,2022,12,2022_NFL_W12_NO_SF,NFL_NO,NFL_P_00-0032203,OL,,QUESTIONABLE,LP,Triceps,2022-11-26,nflverse,,2026-09-07T05:46:50.365367+00:00,2022-11-26T00:00:00
NFL_NYG_00-0038115_2022W12_OUT_DNP,NFL,2022,12,2022_NFL_W12_NYG_DAL,NFL_NYG,NFL_P_00-0038115,TE,,OUT,DNP,Eye,2022-11-23,nflverse,,2026-09-07T05:46:50.365367+00:00,2022-11-23T00:00:00
NFL_NYG_00-0037807_2022W12_OUT_DNP,NFL,2022,12,2022_NFL_W12_NYG_DAL,NFL_NYG,NFL_P_00-0037807,OL,,OUT,DNP,Neck,2022-11-23,nflverse,,2026-09-07T05:46:50.365367+00:00,2022-11-23T00:00:00
NFL_NYG_00-0032151_2022W12_OUT_DNP,NFL,2022,12,2022_NFL_W12_NYG_DAL,NFL_NYG,NFL_P_00-0032151,OL,,OUT,DNP,Neck,2022-11-23,nflverse,,2026-09-07T05:46:50.365367+00:00,2022-11-23T00:00:00
NFL_NYG_00-0033878_2022W12_OUT_DNP,NFL,2022,12,2022_NFL_W12_NYG_DAL,NFL_NYG,NFL_P_00-0033878,CB,,OUT,DNP,Knee,2022-11-23,nflverse,,2026-09-07T05:46:50.365367+00:00,2022-11-23T00:00:00
NFL_NYG_00-0036397_2022W12_OUT_DNP,NFL,2022,12,2022_NFL_W12_NYG_DAL,NFL_NYG,NFL_P_00-0036397,OL,,OUT,DNP,Toe,2022-11-23,nflverse,,2026-09-07T05:46:50.365367+00:00,2022-11-23T00:00:00
NFL_NYG_00-0033918_2022W12_OUT_DNP,NFL,2022,12,2022_NFL_W12_NYG_DAL,NFL_NYG,NFL_P_00-0033918,CB,,OUT,DNP,Oblique,2022-11-23,nflverse,,2026-09-07T05:46:50.365367+00:00,2022-11-23T00:00:00
NFL_NYG_00-0037612_2022W12_OUT_DNP,NFL,2022,12,2022_NFL_W12_NYG_DAL,NFL_NYG,NFL_P_00-0037612,OL,,OUT,DNP,Knee,2022-11-23,nflverse,,2026-09-07T05:46:50.365367+00:00,2022-11-23T00:00:00
NFL_NYG_00-0038123_2022W12_QUESTIONABLE_LP,NFL,2022,12,2022_NFL_W12_NYG_DAL,NFL_NYG,NFL_P_00-0038123,S,,QUESTIONABLE,LP,Collarbone,2022-11-23,nflverse,,2026-09-07T05:46:50.365367+00:00,2022-11-23T00:00:00
NFL_NYG_00-0034286_2022W12_QUESTIONABLE_LP,NFL,2022,12,2022_NFL_W12_NYG_DAL,NFL_NYG,NFL_P_00-0034286,WR,,QUESTIONABLE,LP,Knee,2022-11-23,nflverse,,2026-09-07T05:46:50.365367+00:00,2022-11-23T00:00:00
NFL_NYG_00-0036214_2022W12_QUESTIONABLE_LP,NFL,2022,12,2022_NFL_W12_NYG_DAL,NFL_NYG,NFL_P_00-0036214,OL,,QUESTIONABLE,LP,Neck,2022-11-23,nflverse,,2026-09-07T05:46:50.365367+00:00,2022-11-23T00:00:00
NFL_NYG_00-0036502_2022W12_QUESTIONABLE_LP,NFL,2022,12,2022_NFL_W12_NYG_DAL,NFL_NYG,NFL_P_00-0036502,S,,QUESTIONABLE,LP,Jaw,2022-11-23,nflverse,,2026-09-07T05:46:50.365367+00:00,2022-11-23T00:00:00
NFL_NYG_00-0036386_2022W12_QUESTIONABLE_LP,NFL,2022,12,2022_NFL_W12_NYG_DAL,NFL_NYG,NFL_P_00-0036386,OL,,QUESTIONABLE,LP,Illness,2022-11-23,nflverse,,2026-09-07T05:46:50.365367+00:00,2022-11-23T00:00:00
NFL_NYJ_00-0032759_2022W12_OUT_DNP,NFL,2022,12,2022_NFL_W12_CHI_NYJ,NFL_NYJ,NFL_P_00-0032759,DL,,OUT,DNP,Elbow,2022-11-26,nflverse,,2026-09-07T05:46:50.365367+00:00,2022-11-26T00:00:00
NFL_NYJ_00-0036510_2022W12_DOUBTFUL_DNP,NFL,2022,12,2022_NFL_W12_CHI_NYJ,NFL_NYJ,NFL_P_00-0036510,TE,,DOUBTFUL,DNP,Calf,2022-11-26,nflverse,,2026-09-07T05:46:50.365367+00:00,2022-11-26T00:00:00
NFL_NYJ_00-0026166_2022W12_QUESTIONABLE_FP,NFL,2022,12,2022_NFL_W12_CHI_NYJ,NFL_NYJ,NFL_P_00-0026166,OL,,QUESTIONABLE,FP,Shoulder,2022-11-26,nflverse,,2026-09-07T05:46:50.365367+00:00,2022-11-26T00:00:00
NFL_PHI_00-0032890_2022W12_NA_LP,NFL,2022,12,2022_NFL_W12_GB_PHI,NFL_PHI,NFL_P_00-0032890,CB,,UNKNOWN,LP,Not injury related - resting player,2022-11-27,nflverse,,2026-09-07T05:46:50.365367+00:00,2022-11-27T00:00:00
NFL_PHI_00-0037002_2022W12_NA_LP,NFL,2022,12,2022_NFL_W12_GB_PHI,NFL_PHI,NFL_P_00-0037002,OL,,UNKNOWN,LP,Not injury related - resting player,2022-11-27,nflverse,,2026-09-07T05:46:50.365367+00:00,2022-11-27T00:00:00
NFL_PHI_00-0027865_2022W12_NA_LP,NFL,2022,12,2022_NFL_W12_GB_PHI,NFL_PHI,NFL_P_00-0027865,EDGE,,UNKNOWN,LP,Not injury related - resting player,2022-11-27,nflverse,,2026-09-07T05:46:50.365367+00:00,2022-11-27T00:00:00
NFL_PHI_00-0030561_2022W12_NA_LP,NFL,2022,12,2022_NFL_W12_GB_PHI,NFL_PHI,NFL_P_00-0030561,OL,,UNKNOWN,LP,Not injury related - resting player,2022-11-27,nflverse,,2026-09-07T05:46:50.365367+00:00,2022-11-27T00:00:00
NFL_PHI_00-0028129_2022W12_NA_LP,NFL,2022,12,2022_NFL_W12_GB_PHI,NFL_PHI,NFL_P_00-0028129,OL,,UNKNOWN,LP,Not injury related - resting player,2022-11-27,nflverse,,2026-09-07T05:46:50.365367+00:00,2022-11-27T00:00:00
NFL_PHI_00-0032954_2022W12_NA_LP,NFL,2022,12,2022_NFL_W12_GB_PHI,NFL_PHI,NFL_P_00-0032954,OL,,UNKNOWN,LP,Not injury related - resting player,2022-11-27,nflverse,,2026-09-07T05:46:50.365367+00:00,2022-11-27T00:00:00
NFL_PHI_00-0030062_2022W12_NA_LP,NFL,2022,12,2022_NFL_W12_GB_PHI,NFL_PHI,NFL_P_00-0030062,CB,,UNKNOWN,LP,Not injury related - resting player,2022-11-27,nflverse,,2026-09-07T05:46:50.365367+00:00,2022-11-27T00:00:00
NFL_PHI_00-0034381_2022W12_NA_LP,NFL,2022,12,2022_NFL_W12_GB_PHI,NFL_PHI,NFL_P_00-0034381,EDGE,,UNKNOWN,LP,Not injury related - resting player,2022-11-27,nflverse,,2026-09-07T05:46:50.365367+00:00,2022-11-27T00:00:00
NFL_PIT_00-0033905_2022W12_NA_LP,NFL,2022,12,2022_NFL_W12_PIT_IND,NFL_PIT,NFL_P_00-0033905,DL,,UNKNOWN,LP,Not injury related - resting player,2022-11-28,nflverse,,2026-09-07T05:46:50.365367+00:00,2022-11-28T00:00:00
NFL_PIT_00-0037228_2022W12_OUT_DNP,NFL,2022,12,2022_NFL_W12_PIT_IND,NFL_PIT,NFL_P_00-0037228,RB,,OUT,DNP,Hamstring,2022-11-28,nflverse,,2026-09-07T05:46:50.365367+00:00,2022-11-28T00:00:00
NFL_PIT_00-0033783_2022W12_OUT_DNP,NFL,2022,12,2022_NFL_W12_PIT_IND,NFL_PIT,NFL_P_00-0033783,CB,,OUT,DNP,Hamstring,2022-11-28,nflverse,,2026-09-07T05:46:50.365367+00:00,2022-11-28T00:00:00
NFL_PIT_00-0035703_2022W12_QUESTIONABLE_LP,NFL,2022,12,2022_NFL_W12_PIT_IND,NFL_PIT,NFL_P_00-0035703,WR,,QUESTIONABLE,LP,Oblique,2022-11-28,nflverse,,2026-09-07T05:46:50.365367+00:00,2022-11-28T00:00:00
NFL_PIT_00-0034720_2022W12_QUESTIONABLE_LP,NFL,2022,12,2022_NFL_W12_PIT_IND,NFL_PIT,NFL_P_00-0034720,LB,,QUESTIONABLE,LP,Back,2022-11-28,nflverse,,2026-09-07T05:46:50.365367+00:00,2022-11-28T00:00:00
NFL_SEA_00-0037141_2022W12_NA_DNP,NFL,2022,12,2022_NFL_W12_LV_SEA,NFL_SEA,NFL_P_00-0037141,S,,UNKNOWN,DNP,Not injury related - personal matter,2022-11-26,nflverse,,2026-09-07T05:46:50.365367+00:00,2022-11-26T00:00:00
NFL_SEA_00-0036425_2022W12_NA_DNP,NFL,2022,12,2022_NFL_W12_LV_SEA,NFL_SEA,NFL_P_00-0036425,RB,,UNKNOWN,DNP,Illness,2022-11-26,nflverse,,2026-09-07T05:46:50.365367+00:00,2022-11-26T00:00:00
NFL_SEA_00-0036620_2022W12_OUT_DNP,NFL,2022,12,2022_NFL_W12_LV_SEA,NFL_SEA,NFL_P_00-0036620,WR,,OUT,DNP,Hand,2022-11-26,nflverse,,2026-09-07T05:46:50.365367+00:00,2022-11-26T00:00:00
NFL_SEA_00-0037812_2022W12_QUESTIONABLE_NA,NFL,2022,12,2022_NFL_W12_LV_SEA,NFL_SEA,NFL_P_00-0037812,OL,,QUESTIONABLE,,Illness,2022-11-26,nflverse,,2026-09-07T05:46:50.365367+00:00,2022-11-26T00:00:00
NFL_SF_00-0032164_2022W12_DOUBTFUL_LP,NFL,2022,12,2022_NFL_W12_NO_SF,NFL_SF,NFL_P_00-0032164,DL,,DOUBTFUL,LP,Foot,2022-11-26,nflverse,,2026-09-07T05:46:50.365367+00:00,2022-11-26T00:00:00
NFL_SF_00-0035719_2022W12_QUESTIONABLE_LP,NFL,2022,12,2022_NFL_W12_NO_SF,NFL_SF,NFL_P_00-0035719,WR,,QUESTIONABLE,LP,Hamstring,2022-11-26,nflverse,,2026-09-07T05:46:50.365367+00:00,2022-11-26T00:00:00
NFL_TB_00-0029562_2022W12_NA_DNP,NFL,2022,12,2022_NFL_W12_TB_CLE,NFL_TB,NFL_P_00-0029562,LB,,UNKNOWN,DNP,Not injury related - resting player,2022-11-26,nflverse,,2026-09-07T05:46:50.365367+00:00,2022-11-26T00:00:00
NFL_TB_00-0031408_2022W12_NA_DNP,NFL,2022,12,2022_NFL_W12_TB_CLE,NFL_TB,NFL_P_00-0031408,WR,,UNKNOWN,DNP,Not injury related - resting player,2022-11-26,nflverse,,2026-09-07T05:46:50.365367+00:00,2022-11-26T00:00:00
NFL_TB_00-0029657_2022W12_NA_DNP,NFL,2022,12,2022_NFL_W12_TB_CLE,NFL_TB,NFL_P_00-0029657,DL,,UNKNOWN,DNP,Not injury related - resting player,2022-11-26,nflverse,,2026-09-07T05:46:50.365367+00:00,2022-11-26T00:00:00
NFL_TB_00-0034411_2022W12_OUT_DNP,NFL,2022,12,2022_NFL_W12_TB_CLE,NFL_TB,NFL_P_00-0034411,WR,,OUT,DNP,Hamstring,2022-11-26,nflverse,,2026-09-07T05:46:50.365367+00:00,2022-11-26T00:00:00
NFL_TB_00-0037835_2022W12_OUT_LP,NFL,2022,12,2022_NFL_W12_TB_CLE,NFL_TB,NFL_P_00-0037835,OL,,OUT,LP,Foot,2022-11-26,nflverse,,2026-09-07T05:46:50.365367+00:00,2022-11-26T00:00:00
NFL_TB_00-0033856_2022W12_DOUBTFUL_LP,NFL,2022,12,2022_NFL_W12_TB_CLE,NFL_TB,NFL_P_00-0033856,RB,,DOUBTFUL,LP,Hip,2022-11-26,nflverse,,2026-09-07T05:46:50.365367+00:00,2022-11-26T00:00:00
NFL_TB_00-0034773_2022W12_QUESTIONABLE_LP,NFL,2022,12,2022_NFL_W12_TB_CLE,NFL_TB,NFL_P_00-0034773,DL,,QUESTIONABLE,LP,Foot,2022-11-26,nflverse,,2026-09-07T05:46:50.365367+00:00,2022-11-26T00:00:00
NFL_TEN_00-0031254_2022W12_OUT_DNP,NFL,2022,12,2022_NFL_W12_CIN_TEN,NFL_TEN,NFL_P_00-0031254,EDGE,,OUT,DNP,Knee,2022-11-26,nflverse,,2026-09-07T05:46:50.365367+00:00,2022-11-26T00:00:00
NFL_TEN_00-0029421_2022W12_QUESTIONABLE_DNP,NFL,2022,12,2022_NFL_W12_CIN_TEN,NFL_TEN,NFL_P_00-0029421,K,,QUESTIONABLE,DNP,right Calf,2022-11-26,nflverse,,2026-09-07T05:46:50.365367+00:00,2022-11-26T00:00:00
NFL_TEN_00-0029413_2022W12_QUESTIONABLE_FP,NFL,2022,12,2022_NFL_W12_CIN_TEN,NFL_TEN,NFL_P_00-0029413,OL,,QUESTIONABLE,FP,Concussion,2022-11-26,nflverse,,2026-09-07T05:46:50.365367+00:00,2022-11-26T00:00:00
NFL_TEN_00-0036416_2022W12_QUESTIONABLE_LP,NFL,2022,12,2022_NFL_W12_CIN_TEN,NFL_TEN,NFL_P_00-0036416,CB,,QUESTIONABLE,LP,Hamstring,2022-11-26,nflverse,,2026-09-07T05:46:50.365367+00:00,2022-11-26T00:00:00
NFL_TEN_00-0037617_2022W12_QUESTIONABLE_LP,NFL,2022,12,2022_NFL_W12_CIN_TEN,NFL_TEN,NFL_P_00-0037617,RB,,QUESTIONABLE,LP,Hip,2022-11-26,nflverse,,2026-09-07T05:46:50.365367+00:00,2022-11-26T00:00:00
NFL_TEN_00-0035643_2022W12_QUESTIONABLE_LP,NFL,2022,12,2022_NFL_W12_CIN_TEN,NFL_TEN,NFL_P_00-0035643,DL,,QUESTIONABLE,LP,Ankle,2022-11-26,nflverse,,2026-09-07T05:46:50.365367+00:00,2022-11-26T00:00:00
NFL_WAS_00-0035286_2022W12_OUT_DNP,NFL,2022,12,2022_NFL_W12_ATL_WAS,NFL_WAS,NFL_P_00-0035286,LB,,OUT,DNP,Foot,2022-11-26,nflverse,,2026-09-07T05:46:50.365367+00:00,2022-11-26T00:00:00
NFL_WAS_00-0036671_2022W12_OUT_DNP,NFL,2022,12,2022_NFL_W12_ATL_WAS,NFL_WAS,NFL_P_00-0036671,WR,,OUT,DNP,Foot,2022-11-26,nflverse,,2026-09-07T05:46:50.365367+00:00,2022-11-26T00:00:00
NFL_WAS_00-0036625_2022W12_OUT_DNP,NFL,2022,12,2022_NFL_W12_ATL_WAS,NFL_WAS,NFL_P_00-0036625,CB,,OUT,DNP,Ankle,2022-11-26,nflverse,,2026-09-07T05:46:50.365367+00:00,2022-11-26T00:00:00
NFL_WAS_00-0031260_2022W12_QUESTIONABLE_DNP,NFL,2022,12,2022_NFL_W12_ATL_WAS,NFL_WAS,NFL_P_00-0031260,TE,,QUESTIONABLE,DNP,Rib,2022-11-26,nflverse,,2026-09-07T05:46:50.365367+00:00,2022-11-26T00:00:00
NFL_WAS_00-0036321_2022W12_QUESTIONABLE_LP,NFL,2022,12,2022_NFL_W12_ATL_WAS,NFL_WAS,NFL_P_00-0036321,EDGE,,QUESTIONABLE,LP,Knee,2022-11-26,nflverse,,2026-09-07T05:46:50.365367+00:00,2022-11-26T00:00:00
NFL_ATL_00-0030578_2022W13_NA_DNP,NFL,2022,13,2022_NFL_W13_PIT_ATL,NFL_ATL,NFL_P_00-0030578,RB,,UNKNOWN,DNP,Not injury related - resting player,2022-12-03,nflverse,,2026-09-07T05:46:50.365367+00:00,2022-12-03T00:00:00
NFL_ATL_00-0035698_2022W13_QUESTIONABLE_DNP,NFL,2022,13,2022_NFL_W13_PIT_ATL,NFL_ATL,NFL_P_00-0035698,OL,,QUESTIONABLE,DNP,Knee,2022-12-03,nflverse,,2026-09-07T05:46:50.365367+00:00,2022-12-03T00:00:00
NFL_ATL_00-0035179_2022W13_QUESTIONABLE_LP,NFL,2022,13,2022_NFL_W13_PIT_ATL,NFL_ATL,NFL_P_00-0035179,DL,,QUESTIONABLE,LP,Toe,2022-12-03,nflverse,,2026-09-07T05:46:50.365367+00:00,2022-12-03T00:00:00
NFL_ATL_00-0038116_2022W13_QUESTIONABLE_LP,NFL,2022,13,2022_NFL_W13_PIT_ATL,NFL_ATL,NFL_P_00-0038116,LB,,QUESTIONABLE,LP,Forearm,2022-12-03,nflverse,,2026-09-07T05:46:50.365367+00:00,2022-12-03T00:00:00
NFL_BAL_00-0026190_2022W13_NA_DNP,NFL,2022,13,2022_NFL_W13_DEN_BAL,NFL_BAL,NFL_P_00-0026190,EDGE,,UNKNOWN,DNP,Not injury related - resting player,2022-12-03,nflverse,,2026-09-07T05:46:50.365367+00:00,2022-12-03T00:00:00
NFL_BAL_00-0028008_2022W13_NA_DNP,NFL,2022,13,2022_NFL_W13_DEN_BAL,NFL_BAL,NFL_P_00-0028008,LB,,UNKNOWN,DNP,Not injury related - resting player,2022-12-03,nflverse,,2026-09-07T05:46:50.365367+00:00,2022-12-03T00:00:00
NFL_BAL_00-0027867_2022W13_NA_DNP,NFL,2022,13,2022_NFL_W13_DEN_BAL,NFL_BAL,NFL_P_00-0027867,EDGE,,UNKNOWN,DNP,Not injury related - resting player,2022-12-03,nflverse,,2026-09-07T05:46:50.365367+00:00,2022-12-03T00:00:00
NFL_BAL_00-0032165_2022W13_NA_LP,NFL,2022,13,2022_NFL_W13_DEN_BAL,NFL_BAL,NFL_P_00-0032165,CB,,UNKNOWN,LP,Not injury related - resting player,2022-12-03,nflverse,,2026-09-07T05:46:50.365367+00:00,2022-12-03T00:00:00
NFL_BAL_00-0036630_2022W13_OUT_DNP,NFL,2022,13,2022_NFL_W13_DEN_BAL,NFL_BAL,NFL_P_00-0036630,WR,,OUT,DNP,Hamstring,2022-12-03,nflverse,,2026-09-07T05:46:50.365367+00:00,2022-12-03T00:00:00
NFL_BAL_00-0035202_2022W13_QUESTIONABLE_DNP,NFL,2022,13,2022_NFL_W13_DEN_BAL,NFL_BAL,NFL_P_00-0035202,LB,,QUESTIONABLE,DNP,Quadricep,2022-12-03,nflverse,,2026-09-07T05:46:50.365367+00:00,2022-12-03T00:00:00
NFL_BAL_00-0032965_2022W13_QUESTIONABLE_DNP,NFL,2022,13,2022_NFL_W13_DEN_BAL,NFL_BAL,NFL_P_00-0032965,OL,,QUESTIONABLE,DNP,Ankle,2022-12-03,nflverse,,2026-09-07T05:46:50.365367+00:00,2022-12-03T00:00:00
NFL_BAL_00-0038038_2022W13_QUESTIONABLE_FP,NFL,2022,13,2022_NFL_W13_DEN_BAL,NFL_BAL,NFL_P_00-0038038,S,,QUESTIONABLE,FP,Knee,2022-12-03,nflverse,,2026-09-07T05:46:50.365367+00:00,2022-12-03T00:00:00
NFL_BAL_00-0033281_2022W13_QUESTIONABLE_FP,NFL,2022,13,2022_NFL_W13_DEN_BAL,NFL_BAL,NFL_P_00-0033281,CB,,QUESTIONABLE,FP,Ankle,2022-12-03,nflverse,,2026-09-07T05:46:50.365367+00:00,2022-12-03T00:00:00
NFL_BUF_00-0031588_2022W13_NA_DNP,NFL,2022,13,2022_NFL_W13_BUF_NE,NFL_BUF,NFL_P_00-0031588,WR,,UNKNOWN,DNP,Not injury related - resting player,2022-12-01,nflverse,,2026-09-07T05:46:50.365367+00:00,2022-12-01T00:00:00
NFL_BUF_00-0028063_2022W13_NA_DNP,NFL,2022,13,2022_NFL_W13_BUF_NE,NFL_BUF,NFL_P_00-0028063,RB,,UNKNOWN,DNP,Not injury related - resting player,2022-12-01,nflverse,,2026-09-07T05:46:50.365367+00:00,2022-12-01T00:00:00
NFL_BUF_00-0033904_2022W13_OUT_DNP,NFL,2022,13,2022_NFL_W13_BUF_NE,NFL_BUF,NFL_P_00-0033904,OL,,OUT,DNP,Ankle,2022-12-01,nflverse,,2026-09-07T05:46:50.365367+00:00,2022-12-01T00:00:00
NFL_BUF_00-0027940_2022W13_OUT_DNP,NFL,2022,13,2022_NFL_W13_BUF_NE,NFL_BUF,NFL_P_00-0027940,LB,,OUT,DNP,Knee,2022-12-01,nflverse,,2026-09-07T05:46:50.365367+00:00,2022-12-01T00:00:00
NFL_BUF_00-0036590_2022W13_QUESTIONABLE_FP,NFL,2022,13,2022_NFL_W13_BUF_NE,NFL_BUF,NFL_P_00-0036590,TE,,QUESTIONABLE,FP,Illness,2022-12-01,nflverse,,2026-09-07T05:46:50.365367+00:00,2022-12-01T00:00:00
NFL_CHI_00-0036905_2022W13_OUT_DNP,NFL,2022,13,2022_NFL_W13_GB_CHI,NFL_CHI,NFL_P_00-0036905,OL,,OUT,DNP,Ankle,2022-12-03,nflverse,,2026-09-07T05:46:50.365367+00:00,2022-12-03T00:00:00
NFL_CHI_00-0038135_2022W13_OUT_DNP,NFL,2022,13,2022_NFL_W13_GB_CHI,NFL_CHI,NFL_P_00-0038135,S,,OUT,DNP,Concussion,2022-12-03,nflverse,,2026-09-07T05:46:50.365367+00:00,2022-12-03T00:00:00
NFL_CHI_00-0038111_2022W13_OUT_DNP,NFL,2022,13,2022_NFL_W13_GB_CHI,NFL_CHI,NFL_P_00-0038111,CB,,OUT,DNP,Concussion,2022-12-03,nflverse,,2026-09-07T05:46:50.365367+00:00,2022-12-03T00:00:00
NFL_CHI_00-0032156_2022W13_OUT_DNP,NFL,2022,13,2022_NFL_W13_GB_CHI,NFL_CHI,NFL_P_00-0032156,QB,,OUT,DNP,Oblique,2022-12-03,nflverse,,2026-09-07T05:46:50.365367+00:00,2022-12-03T00:00:00
NFL_CHI_00-0029672_2022W13_QUESTIONABLE_FP,NFL,2022,13,2022_NFL_W13_GB_CHI,NFL_CHI,NFL_P_00-0029672,OL,,QUESTIONABLE,FP,Back,2022-12-03,nflverse,,2026-09-07T05:46:50.365367+00:00,2022-12-03T00:00:00
NFL_CHI_00-0036307_2022W13_QUESTIONABLE_FP,NFL,2022,13,2022_NFL_W13_GB_CHI,NFL_CHI,NFL_P_00-0036307,CB,,QUESTIONABLE,FP,Ankle,2022-12-03,nflverse,,2026-09-07T05:46:50.365367+00:00,2022-12-03T00:00:00
NFL_CIN_00-0032939_2022W13_NA_LP,NFL,2022,13,2022_NFL_W13_KC_CIN,NFL_CIN,NFL_P_00-0032939,S,,UNKNOWN,LP,Hamstring,2022-12-03,nflverse,,2026-09-07T05:46:50.365367+00:00,2022-12-03T00:00:00
NFL_CIN_00-0032424_2022W13_NA_LP,NFL,2022,13,2022_NFL_W13_KC_CIN,NFL_CIN,NFL_P_00-0032424,DL,,UNKNOWN,LP,Ankle,2022-12-03,nflverse,,2026-09-07T05:46:50.365367+00:00,2022-12-03T00:00:00
NFL_CIN_00-0036294_2022W13_QUESTIONABLE_DNP,NFL,2022,13,2022_NFL_W13_KC_CIN,NFL_CIN,NFL_P_00-0036294,LB,,QUESTIONABLE,DNP,Illness,2022-12-03,nflverse,,2026-09-07T05:46:50.365367+00:00,2022-12-03T00:00:00
NFL_CIN_00-0036900_2022W13_QUESTIONABLE_FP,NFL,2022,13,2022_NFL_W13_KC_CIN,NFL_CIN,NFL_P_00-0036900,WR,,QUESTIONABLE,FP,Hip,2022-12-03,nflverse,,2026-09-07T05:46:50.365367+00:00,2022-12-03T00:00:00
NFL_CIN_00-0033897_2022W13_QUESTIONABLE_LP,NFL,2022,13,2022_NFL_W13_KC_CIN,NFL_CIN,NFL_P_00-0033897,RB,,QUESTIONABLE,LP,Concussion,2022-12-03,nflverse,,2026-09-07T05:46:50.365367+00:00,2022-12-03T00:00:00
NFL_CLE_00-0031426_2022W13_NA_DNP,NFL,2022,13,2022_NFL_W13_CLE_HOU,NFL_CLE,NFL_P_00-0031426,OL,,UNKNOWN,DNP,Not injury related - resting player,2022-12-03,nflverse,,2026-09-07T05:46:50.365367+00:00,2022-12-03T00:00:00
NFL_CLE_00-0034791_2022W13_NA_DNP,NFL,2022,13,2022_NFL_W13_CLE_HOU,NFL_CLE,NFL_P_00-0034791,RB,,UNKNOWN,DNP,Not injury related - resting player,2022-12-03,nflverse,,2026-09-07T05:46:50.365367+00:00,2022-12-03T00:00:00
NFL_CLE_00-0031364_2022W13_NA_DNP,NFL,2022,13,2022_NFL_W13_CLE_HOU,NFL_CLE,NFL_P_00-0031364,EDGE,,UNKNOWN,DNP,Not injury related - resting player,2022-12-03,nflverse,,2026-09-07T05:46:50.365367+00:00,2022-12-03T00:00:00
NFL_CLE_00-0031544_2022W13_NA_DNP,NFL,2022,13,2022_NFL_W13_CLE_HOU,NFL_CLE,NFL_P_00-0031544,WR,,UNKNOWN,DNP,Not injury related - resting player,2022-12-03,nflverse,,2026-09-07T05:46:50.365367+00:00,2022-12-03T00:00:00
NFL_CLE_00-0029008_2022W13_NA_LP,NFL,2022,13,2022_NFL_W13_CLE_HOU,NFL_CLE,NFL_P_00-0029008,LS,,UNKNOWN,LP,Illness,2022-12-03,nflverse,,2026-09-07T05:46:50.365367+00:00,2022-12-03T00:00:00
NFL_CLE_00-0034856_2022W13_NA_LP,NFL,2022,13,2022_NFL_W13_CLE_HOU,NFL_CLE,NFL_P_00-0034856,CB,,UNKNOWN,LP,Ankle,2022-12-03,nflverse,,2026-09-07T05:46:50.365367+00:00,2022-12-03T00:00:00
NFL_CLE_00-0037251_2022W13_NA_LP,NFL,2022,13,2022_NFL_W13_CLE_HOU,NFL_CLE,NFL_P_00-0037251,EDGE,,UNKNOWN,LP,Knee,2022-12-03,nflverse,,2026-09-07T05:46:50.365367+00:00,2022-12-03T00:00:00
NFL_CLE_00-0033885_2022W13_OUT_DNP,NFL,2022,13,2022_NFL_W13_CLE_HOU,NFL_CLE,NFL_P_00-0033885,TE,,OUT,DNP,Knee,2022-12-03,nflverse,,2026-09-07T05:46:50.365367+00:00,2022-12-03T00:00:00
NFL_DAL_00-0031256_2022W13_QUESTIONABLE_LP,NFL,2022,13,2022_NFL_W13_IND_DAL,NFL_DAL,NFL_P_00-0031256,LB,,QUESTIONABLE,LP,Hamstring,2022-12-04,nflverse,,2026-09-07T05:46:50.365367+00:00,2022-12-04T00:00:00
NFL_DAL_00-0036649_2022W13_QUESTIONABLE_LP,NFL,2022,13,2022_NFL_W13_IND_DAL,NFL_DAL,NFL_P_00-0036649,DL,,QUESTIONABLE,LP,Knee,2022-12-04,nflverse,,2026-09-07T05:46:50.365367+00:00,2022-12-04T00:00:00
NFL_DAL_00-0036361_2022W13_QUESTIONABLE_LP,NFL,2022,13,2022_NFL_W13_IND_DAL,NFL_DAL,NFL_P_00-0036361,CB,,QUESTIONABLE,LP,Illness,2022-12-04,nflverse,,2026-09-07T05:46:50.365367+00:00,2022-12-04T00:00:00
NFL_DAL_00-0034764_2022W13_QUESTIONABLE_LP,NFL,2022,13,2022_NFL_W13_IND_DAL,NFL_DAL,NFL_P_00-0034764,WR,,QUESTIONABLE,LP,Illness,2022-12-04,nflverse,,2026-09-07T05:46:50.365367+00:00,2022-12-04T00:00:00
NFL_DAL_00-0032454_2022W13_QUESTIONABLE_LP,NFL,2022,13,2022_NFL_W13_IND_DAL,NFL_DAL,NFL_P_00-0032454,S,,QUESTIONABLE,LP,Shoulder,2022-12-04,nflverse,,2026-09-07T05:46:50.365367+00:00,2022-12-04T00:00:00
NFL_DEN_00-0035757_2022W13_NA_LP,NFL,2022,13,2022_NFL_W13_DEN_BAL,NFL_DEN,NFL_P_00-0035757,LS,,UNKNOWN,LP,Wrist,2022-12-03,nflverse,,2026-09-07T05:46:50.365367+00:00,2022-12-03T00:00:00
NFL_DEN_00-0035670_2022W13_OUT_DNP,NFL,2022,13,2022_NFL_W13_DEN_BAL,NFL_DEN,NFL_P_00-0035670,LB,,OUT,DNP,Hamstring,2022-12-03,nflverse,,2026-09-07T05:46:50.365367+00:00,2022-12-03T00:00:00
NFL_DEN_00-0034959_2022W13_OUT_DNP,NFL,2022,13,2022_NFL_W13_DEN_BAL,NFL_DEN,NFL_P_00-0034959,TE,,OUT,DNP,Hamstring,2022-12-03,nflverse,,2026-09-07T05:46:50.365367+00:00,2022-12-03T00:00:00
NFL_DEN_00-0036412_2022W13_OUT_DNP,NFL,2022,13,2022_NFL_W13_DEN_BAL,NFL_DEN,NFL_P_00-0036412,WR,,OUT,DNP,Hamstring,2022-12-03,nflverse,,2026-09-07T05:46:50.365367+00:00,2022-12-03T00:00:00
NFL_DEN_00-0035073_2022W13_OUT_DNP,NFL,2022,13,2022_NFL_W13_DEN_BAL,NFL_DEN,NFL_P_00-0035073,EDGE,,OUT,DNP,Knee,2022-12-03,nflverse,,2026-09-07T05:46:50.365367+00:00,2022-12-03T00:00:00
NFL_DEN_00-0034348_2022W13_QUESTIONABLE_DNP,NFL,2022,13,2022_NFL_W13_DEN_BAL,NFL_DEN,NFL_P_00-0034348,WR,,QUESTIONABLE,DNP,Illness,2022-12-03,nflverse,,2026-09-07T05:46:50.365367+00:00,2022-12-03T00:00:00
NFL_DEN_00-0036407_2022W13_QUESTIONABLE_LP,NFL,2022,13,2022_NFL_W13_DEN_BAL,NFL_DEN,NFL_P_00-0036407,WR,,QUESTIONABLE,LP,Ankle,2022-12-03,nflverse,,2026-09-07T05:46:50.365367+00:00,2022-12-03T00:00:00
NFL_DEN_00-0031253_2022W13_QUESTIONABLE_LP,NFL,2022,13,2022_NFL_W13_DEN_BAL,NFL_DEN,NFL_P_00-0031253,CB,,QUESTIONABLE,LP,Wrist,2022-12-03,nflverse,,2026-09-07T05:46:50.365367+00:00,2022-12-03T00:00:00
NFL_DET_00-0034495_2022W13_OUT_DNP,NFL,2022,13,2022_NFL_W13_JAX_DET,NFL_DET,NFL_P_00-0034495,OL,,OUT,DNP,Ankle,2022-12-03,nflverse,,2026-09-07T05:46:50.365367+00:00,2022-12-03T00:00:00
NFL_DET_00-0036249_2022W13_OUT_DNP,NFL,2022,13,2022_NFL_W13_JAX_DET,NFL_DET,NFL_P_00-0036249,LB,,OUT,DNP,Elbow,2022-12-03,nflverse,,2026-09-07T05:46:50.365367+00:00,2022-12-03T00:00:00
NFL_GB_00-0036265_2022W13_NA_LP,NFL,2022,13,2022_NFL_W13_GB_CHI,NFL_GB,NFL_P_00-0036265,RB,,UNKNOWN,LP,Quadricep,2022-12-03,nflverse,,2026-09-07T05:46:50.365367+00:00,2022-12-03T00:00:00
NFL_GB_00-0035526_2022W13_NA_LP,NFL,2022,13,2022_NFL_W13_GB_CHI,NFL_GB,NFL_P_00-0035526,OL,,UNKNOWN,LP,Knee,2022-12-03,nflverse,,2026-09-07T05:46:50.365367+00:00,2022-12-03T00:00:00
NFL_GB_00-0033293_2022W13_NA_LP,NFL,2022,13,2022_NFL_W13_GB_CHI,NFL_GB,NFL_P_00-0033293,RB,,UNKNOWN,LP,Shin,2022-12-03,nflverse,,2026-09-07T05:46:50.365367+00:00,2022-12-03T00:00:00
NFL_GB_00-0023459_2022W13_NA_LP,NFL,2022,13,2022_NFL_W13_GB_CHI,NFL_GB,NFL_P_00-0023459,QB,,UNKNOWN,LP,right Thumb,2022-12-03,nflverse,,2026-09-07T05:46:50.365367+00:00,2022-12-03T00:00:00
NFL_GB_00-0030074_2022W13_OUT_LP,NFL,2022,13,2022_NFL_W13_GB_CHI,NFL_GB,NFL_P_00-0030074,OL,,OUT,LP,Knee,2022-12-03,nflverse,,2026-09-07T05:46:50.365367+00:00,2022-12-03T00:00:00
NFL_GB_00-0034968_2022W13_DOUBTFUL_DNP,NFL,2022,13,2022_NFL_W13_GB_CHI,NFL_GB,NFL_P_00-0034968,S,,DOUBTFUL,DNP,Foot,2022-12-03,nflverse,,2026-09-07T05:46:50.365367+00:00,2022-12-03T00:00:00
NFL_GB_00-0032401_2022W13_QUESTIONABLE_LP,NFL,2022,13,2022_NFL_W13_GB_CHI,NFL_GB,NFL_P_00-0032401,LB,,QUESTIONABLE,LP,Knee,2022-12-03,nflverse,,2026-09-07T05:46:50.365367+00:00,2022-12-03T00:00:00
NFL_GB_00-0037816_2022W13_QUESTIONABLE_LP,NFL,2022,13,2022_NFL_W13_GB_CHI,NFL_GB,NFL_P_00-0037816,WR,,QUESTIONABLE,LP,Ankle,2022-12-03,nflverse,,2026-09-07T05:46:50.365367+00:00,2022-12-03T00:00:00
NFL_HOU_00-0028339_2022W13_NA_DNP,NFL,2022,13,2022_NFL_W13_CLE_HOU,NFL_HOU,NFL_P_00-0028339,EDGE,,UNKNOWN,DNP,Not injury related - resting player,2022-12-03,nflverse,,2026-09-07T05:46:50.365367+00:00,2022-12-03T00:00:00
NFL_HOU_00-0037302_2022W13_NA_DNP,NFL,2022,13,2022_NFL_W13_CLE_HOU,NFL_HOU,NFL_P_00-0037302,OL,,UNKNOWN,DNP,Not injury related - personal matter,2022-12-03,nflverse,,2026-09-07T05:46:50.365367+00:00,2022-12-03T00:00:00
NFL_HOU_00-0027881_2022W13_NA_DNP,NFL,2022,13,2022_NFL_W13_CLE_HOU,NFL_HOU,NFL_P_00-0027881,EDGE,,UNKNOWN,DNP,Not injury related - resting player,2022-12-03,nflverse,,2026-09-07T05:46:50.365367+00:00,2022-12-03T00:00:00
NFL_HOU_00-0031236_2022W13_OUT_DNP,NFL,2022,13,2022_NFL_W13_CLE_HOU,NFL_HOU,NFL_P_00-0031236,WR,,OUT,DNP,Calf,2022-12-03,nflverse,,2026-09-07T05:46:50.365367+00:00,2022-12-03T00:00:00
NFL_HOU_00-0037237_2022W13_OUT_DNP,NFL,2022,13,2022_NFL_W13_CLE_HOU,NFL_HOU,NFL_P_00-0037237,CB,,OUT,DNP,Hamstring,2022-12-03,nflverse,,2026-09-07T05:46:50.365367+00:00,2022-12-03T00:00:00
NFL_HOU_00-0030288_2022W13_QUESTIONABLE_FP,NFL,2022,13,2022_NFL_W13_CLE_HOU,NFL_HOU,NFL_P_00-0030288,RB,,QUESTIONABLE,FP,Concussion,2022-12-03,nflverse,,2026-09-07T05:46:50.365367+00:00,2022-12-03T00:00:00
NFL_IND_00-0033393_2022W13_OUT_DNP,NFL,2022,13,2022_NFL_W13_IND_DAL,NFL_IND,NFL_P_00-0033393,CB,,OUT,DNP,Ankle,2022-12-04,nflverse,,2026-09-07T05:46:50.365367+00:00,2022-12-04T00:00:00
NFL_IND_00-0034836_2022W13_OUT_DNP,NFL,2022,13,2022_NFL_W13_IND_DAL,NFL_IND,NFL_P_00-0034836,OL,,OUT,DNP,Illness,2022-12-04,nflverse,,2026-09-07T05:46:50.365367+00:00,2022-12-04T00:00:00
NFL_IND_00-0036222_2022W13_QUESTIONABLE_FP,NFL,2022,13,2022_NFL_W13_IND_DAL,NFL_IND,NFL_P_00-0036222,CB,,QUESTIONABLE,FP,Knee,2022-12-04,nflverse,,2026-09-07T05:46:50.365367+00:00,2022-12-04T00:00:00
NFL_IND_00-0037755_2022W13_QUESTIONABLE_FP,NFL,2022,13,2022_NFL_W13_IND_DAL,NFL_IND,NFL_P_00-0037755,TE,,QUESTIONABLE,FP,Shoulder,2022-12-04,nflverse,,2026-09-07T05:46:50.365367+00:00,2022-12-04T00:00:00
NFL_JAX_00-0035664_2022W13_QUESTIONABLE_DNP,NFL,2022,13,2022_NFL_W13_JAX_DET,NFL_JAX,NFL_P_00-0035664,RB,,QUESTIONABLE,DNP,Illness,2022-12-03,nflverse,,2026-09-07T05:46:50.365367+00:00,2022-12-03T00:00:00
NFL_JAX_00-0036941_2022W13_QUESTIONABLE_LP,NFL,2022,13,2022_NFL_W13_JAX_DET,NFL_JAX,NFL_P_00-0036941,S,,QUESTIONABLE,LP,Shoulder,2022-12-03,nflverse,,2026-09-07T05:46:50.365367+00:00,2022-12-03T00:00:00
NFL_JAX_00-0036973_2022W13_QUESTIONABLE_LP,NFL,2022,13,2022_NFL_W13_JAX_DET,NFL_JAX,NFL_P_00-0036973,RB,,QUESTIONABLE,LP,Foot,2022-12-03,nflverse,,2026-09-07T05:46:50.365367+00:00,2022-12-03T00:00:00
NFL_JAX_00-0033891_2022W13_QUESTIONABLE_LP,NFL,2022,13,2022_NFL_W13_JAX_DET,NFL_JAX,NFL_P_00-0033891,WR,,QUESTIONABLE,LP,Chest,2022-12-03,nflverse,,2026-09-07T05:46:50.365367+00:00,2022-12-03T00:00:00
NFL_KC_00-0036913_2022W13_OUT_DNP,NFL,2022,13,2022_NFL_W13_KC_CIN,NFL_KC,NFL_P_00-0036913,WR,,OUT,DNP,Hamstring,2022-12-03,nflverse,,2026-09-07T05:46:50.365367+00:00,2022-12-03T00:00:00
NFL_KC_00-0032391_2022W13_QUESTIONABLE_FP,NFL,2022,13,2022_NFL_W13_KC_CIN,NFL_KC,NFL_P_00-0032391,OL,,QUESTIONABLE,FP,Ankle,2022-12-03,nflverse,,2026-09-07T05:46:50.365367+00:00,2022-12-03T00:00:00
NFL_KC_00-0032774_2022W13_QUESTIONABLE_LP,NFL,2022,13,2022_NFL_W13_KC_CIN,NFL_KC,NFL_P_00-0032774,S,,QUESTIONABLE,LP,Elbow,2022-12-03,nflverse,,2026-09-07T05:46:50.365367+00:00,2022-12-03T00:00:00
NFL_LAR_00-0033110_2022W13_NA_DNP,NFL,2022,13,2022_NFL_W13_SEA_LAR,NFL_LAR,NFL_P_00-0033110,TE,,UNKNOWN,DNP,Not injury related - resting player,2022-12-03,nflverse,,2026-09-07T05:46:50.365367+00:00,2022-12-03T00:00:00
NFL_LAR_00-0030083_2022W13_NA_LP,NFL,2022,13,2022_NFL_W13_SEA_LAR,NFL_LAR,NFL_P_00-0030083,OL,,UNKNOWN,LP,Illness,2022-12-03,nflverse,,2026-09-07T05:46:50.365367+00:00,2022-12-03T00:00:00
NFL_LAR_00-0031388_2022W13_OUT_DNP,NFL,2022,13,2022_NFL_W13_SEA_LAR,NFL_LAR,NFL_P_00-0031388,DL,,OUT,DNP,Ankle,2022-12-03,nflverse,,2026-09-07T05:46:50.365367+00:00,2022-12-03T00:00:00
NFL_LAR_00-0034812_2022W13_OUT_DNP,NFL,2022,13,2022_NFL_W13_SEA_LAR,NFL_LAR,NFL_P_00-0034812,LB,,OUT,DNP,Hip,2022-12-03,nflverse,,2026-09-07T05:46:50.365367+00:00,2022-12-03T00:00:00
NFL_LAR_00-0036419_2022W13_OUT_DNP,NFL,2022,13,2022_NFL_W13_SEA_LAR,NFL_LAR,NFL_P_00-0036419,LB,,OUT,DNP,Back,2022-12-03,nflverse,,2026-09-07T05:46:50.365367+00:00,2022-12-03T00:00:00
NFL_LAR_00-0037055_2022W13_OUT_DNP,NFL,2022,13,2022_NFL_W13_SEA_LAR,NFL_LAR,NFL_P_00-0037055,WR,,OUT,DNP,Shoulder,2022-12-03,nflverse,,2026-09-07T05:46:50.365367+00:00,2022-12-03T00:00:00
NFL_LAR_00-0026498_2022W13_OUT_DNP,NFL,2022,13,2022_NFL_W13_SEA_LAR,NFL_LAR,NFL_P_00-0026498,QB,,OUT,DNP,Concussion,2022-12-03,nflverse,,2026-09-07T05:46:50.365367+00:00,2022-12-03T00:00:00
NFL_LAR_00-0031785_2022W13_QUESTIONABLE_DNP,NFL,2022,13,2022_NFL_W13_SEA_LAR,NFL_LAR,NFL_P_00-0031785,CB,,QUESTIONABLE,DNP,Groin,2022-12-03,nflverse,,2026-09-07T05:46:50.365367+00:00,2022-12-03T00:00:00
NFL_LAR_00-0034804_2022W13_QUESTIONABLE_LP,NFL,2022,13,2022_NFL_W13_SEA_LAR,NFL_LAR,NFL_P_00-0034804,OL,,QUESTIONABLE,LP,Thumb,2022-12-03,nflverse,,2026-09-07T05:46:50.365367+00:00,2022-12-03T00:00:00
NFL_LAR_00-0036994_2022W13_QUESTIONABLE_LP,NFL,2022,13,2022_NFL_W13_SEA_LAR,NFL_LAR,NFL_P_00-0036994,LB,,QUESTIONABLE,LP,Back,2022-12-03,nflverse,,2026-09-07T05:46:50.365367+00:00,2022-12-03T00:00:00
NFL_LAC_00-0031019_2022W13_OUT_DNP,NFL,2022,13,2022_NFL_W13_LAC_LV,NFL_LAC,NFL_P_00-0031019,OL,,OUT,DNP,Concussion,2022-12-03,nflverse,,2026-09-07T05:46:50.365367+00:00,2022-12-03T00:00:00
NFL_LAC_00-0035688_2022W13_OUT_DNP,NFL,2022,13,2022_NFL_W13_LAC_LV,NFL_LAC,NFL_P_00-0035688,OL,,OUT,DNP,Knee,2022-12-03,nflverse,,2026-09-07T05:46:50.365367+00:00,2022-12-03T00:00:00
NFL_LAC_00-0033536_2022W13_OUT_DNP,NFL,2022,13,2022_NFL_W13_LAC_LV,NFL_LAC,NFL_P_00-0033536,WR,,OUT,DNP,Ankle,2022-12-03,nflverse,,2026-09-07T05:46:50.365367+00:00,2022-12-03T00:00:00
NFL_LAC_00-0035927_2022W13_QUESTIONABLE_DNP,NFL,2022,13,2022_NFL_W13_LAC_LV,NFL_LAC,NFL_P_00-0035927,DL,,QUESTIONABLE,DNP,Illness,2022-12-03,nflverse,,2026-09-07T05:46:50.365367+00:00,2022-12-03T00:00:00
NFL_LAC_00-0035262_2022W13_QUESTIONABLE_DNP,NFL,2022,13,2022_NFL_W13_LAC_LV,NFL_LAC,NFL_P_00-0035262,LB,,QUESTIONABLE,DNP,Illness,2022-12-03,nflverse,,2026-09-07T05:46:50.365367+00:00,2022-12-03T00:00:00
NFL_LAC_00-0035677_2022W13_QUESTIONABLE_FP,NFL,2022,13,2022_NFL_W13_LAC_LV,NFL_LAC,NFL_P_00-0035677,S,,QUESTIONABLE,FP,Thumb,2022-12-03,nflverse,,2026-09-07T05:46:50.365367+00:00,2022-12-03T00:00:00
NFL_LV_00-0035562_2022W13_OUT_DNP,NFL,2022,13,2022_NFL_W13_LAC_LV,NFL_LV,NFL_P_00-0035562,TE,,OUT,DNP,Concussion,2022-12-03,nflverse,,2026-09-07T05:46:50.365367+00:00,2022-12-03T00:00:00
NFL_LV_00-0034125_2022W13_OUT_DNP,NFL,2022,13,2022_NFL_W13_LAC_LV,NFL_LV,NFL_P_00-0034125,DL,,OUT,DNP,Back,2022-12-03,nflverse,,2026-09-07T05:46:50.365367+00:00,2022-12-03T00:00:00
NFL_LV_00-0033066_2022W13_QUESTIONABLE_LP,NFL,2022,13,2022_NFL_W13_LAC_LV,NFL_LV,NFL_P_00-0033066,DL,,QUESTIONABLE,LP,Fibula,2022-12-03,nflverse,,2026-09-07T05:46:50.365367+00:00,2022-12-03T00:00:00
NFL_LV_00-0029239_2022W13_QUESTIONABLE_LP,NFL,2022,13,2022_NFL_W13_LAC_LV,NFL_LV,NFL_P_00-0029239,RB,,QUESTIONABLE,LP,Calf,2022-12-03,nflverse,,2026-09-07T05:46:50.365367+00:00,2022-12-03T00:00:00
NFL_LV_00-0035117_2022W13_QUESTIONABLE_LP,NFL,2022,13,2022_NFL_W13_LAC_LV,NFL_LV,NFL_P_00-0035117,OL,,QUESTIONABLE,LP,Calf,2022-12-03,nflverse,,2026-09-07T05:46:50.365367+00:00,2022-12-03T00:00:00
NFL_LV_00-0035700_2022W13_QUESTIONABLE_LP,NFL,2022,13,2022_NFL_W13_LAC_LV,NFL_LV,NFL_P_00-0035700,RB,,QUESTIONABLE,LP,Calf,2022-12-03,nflverse,,2026-09-07T05:46:50.365367+00:00,2022-12-03T00:00:00
NFL_LV_00-0032103_2022W13_QUESTIONABLE_LP,NFL,2022,13,2022_NFL_W13_LAC_LV,NFL_LV,NFL_P_00-0032103,LB,,QUESTIONABLE,LP,Wrist,2022-12-03,nflverse,,2026-09-07T05:46:50.365367+00:00,2022-12-03T00:00:00
NFL_MIA_00-0029249_2022W13_NA_DNP,NFL,2022,13,2022_NFL_W13_MIA_SF,NFL_MIA,NFL_P_00-0029249,LB,,UNKNOWN,DNP,Not injury related - resting player,2022-12-03,nflverse,,2026-09-07T05:46:50.365367+00:00,2022-12-03T00:00:00
NFL_MIA_00-0036248_2022W13_OUT_DNP,NFL,2022,13,2022_NFL_W13_MIA_SF,NFL_MIA,NFL_P_00-0036248,OL,,OUT,DNP,Ankle,2022-12-03,nflverse,,2026-09-07T05:46:50.365367+00:00,2022-12-03T00:00:00
NFL_MIA_00-0030067_2022W13_DOUBTFUL_LP,NFL,2022,13,2022_NFL_W13_MIA_SF,NFL_MIA,NFL_P_00-0030067,OL,,DOUBTFUL,LP,Toe,2022-12-03,nflverse,,2026-09-07T05:46:50.365367+00:00,2022-12-03T00:00:00
NFL_MIA_00-0031237_2022W13_QUESTIONABLE_LP,NFL,2022,13,2022_NFL_W13_MIA_SF,NFL_MIA,NFL_P_00-0031237,QB,,QUESTIONABLE,LP,Knee,2022-12-03,nflverse,,2026-09-07T05:46:50.365367+00:00,2022-12-03T00:00:00
NFL_MIA_00-0035311_2022W13_QUESTIONABLE_LP,NFL,2022,13,2022_NFL_W13_MIA_SF,NFL_MIA,NFL_P_00-0035311,RB,,QUESTIONABLE,LP,Shoulder,2022-12-03,nflverse,,2026-09-07T05:46:50.365367+00:00,2022-12-03T00:00:00
NFL_MIN_00-0035823_2022W13_OUT_DNP,NFL,2022,13,2022_NFL_W13_NYJ_MIN,NFL_MIN,NFL_P_00-0035823,TE,,OUT,DNP,Groin,2022-12-03,nflverse,,2026-09-07T05:46:50.365367+00:00,2022-12-03T00:00:00
NFL_MIN_00-0036616_2022W13_OUT_LP,NFL,2022,13,2022_NFL_W13_NYJ_MIN,NFL_MIN,NFL_P_00-0036616,OL,,OUT,LP,Concussion,2022-12-03,nflverse,,2026-09-07T05:46:50.365367+00:00,2022-12-03T00:00:00
NFL_MIN_00-0036289_2022W13_QUESTIONABLE_DNP,NFL,2022,13,2022_NFL_W13_NYJ_MIN,NFL_MIN,NFL_P_00-0036289,DL,,QUESTIONABLE,DNP,Illness,2022-12-03,nflverse,,2026-09-07T05:46:50.365367+00:00,2022-12-03T00:00:00
NFL_NE_00-0035657_2022W13_OUT_DNP,NFL,2022,13,2022_NFL_W13_BUF_NE,NFL_NE,NFL_P_00-0035657,RB,,OUT,DNP,Thigh,2022-12-01,nflverse,,2026-09-07T05:46:50.365367+00:00,2022-12-01T00:00:00
NFL_NE_00-0034833_2022W13_OUT_DNP,NFL,2022,13,2022_NFL_W13_BUF_NE,NFL_NE,NFL_P_00-0034833,OL,,OUT,DNP,Foot,2022-12-01,nflverse,,2026-09-07T05:46:50.365367+00:00,2022-12-01T00:00:00
NFL_NE_00-0032071_2022W13_QUESTIONABLE_NA,NFL,2022,13,2022_NFL_W13_BUF_NE,NFL_NE,NFL_P_00-0032071,OL,,QUESTIONABLE,,Illness,2022-12-01,nflverse,,2026-09-07T05:46:50.365367+00:00,2022-12-01T00:00:00
NFL_NE_00-0031852_2022W13_QUESTIONABLE_LP,NFL,2022,13,2022_NFL_W13_BUF_NE,NFL_NE,NFL_P_00-0031852,OL,,QUESTIONABLE,LP,Thigh,2022-12-01,nflverse,,2026-09-07T05:46:50.365367+00:00,2022-12-01T00:00:00
NFL_NE_00-0035252_2022W13_QUESTIONABLE_LP,NFL,2022,13,2022_NFL_W13_BUF_NE,NFL_NE,NFL_P_00-0035252,OL,,QUESTIONABLE,LP,Calf,2022-12-01,nflverse,,2026-09-07T05:46:50.365367+00:00,2022-12-01T00:00:00
NFL_NE_00-0037253_2022W13_QUESTIONABLE_LP,NFL,2022,13,2022_NFL_W13_BUF_NE,NFL_NE,NFL_P_00-0037253,CB,,QUESTIONABLE,LP,Ankle,2022-12-01,nflverse,,2026-09-07T05:46:50.365367+00:00,2022-12-01T00:00:00
NFL_NE_00-0034960_2022W13_QUESTIONABLE_LP,NFL,2022,13,2022_NFL_W13_BUF_NE,NFL_NE,NFL_P_00-0034960,WR,,QUESTIONABLE,LP,Shoulder,2022-12-01,nflverse,,2026-09-07T05:46:50.365367+00:00,2022-12-01T00:00:00
NFL_NE_00-0032803_2022W13_QUESTIONABLE_LP,NFL,2022,13,2022_NFL_W13_BUF_NE,NFL_NE,NFL_P_00-0032803,CB,,QUESTIONABLE,LP,Groin,2022-12-01,nflverse,,2026-09-07T05:46:50.365367+00:00,2022-12-01T00:00:00
NFL_NE_00-0033883_2022W13_QUESTIONABLE_LP,NFL,2022,13,2022_NFL_W13_BUF_NE,NFL_NE,NFL_P_00-0033883,S,,QUESTIONABLE,LP,Illness,2022-12-01,nflverse,,2026-09-07T05:46:50.365367+00:00,2022-12-01T00:00:00
NFL_NO_00-0031382_2022W13_NA_LP,NFL,2022,13,2022_NFL_W13_NO_TB,NFL_NO,NFL_P_00-0031382,WR,,UNKNOWN,LP,Ankle,2022-12-05,nflverse,,2026-09-07T05:46:50.365367+00:00,2022-12-05T00:00:00
NFL_NO_00-0037545_2022W13_NA_LP,NFL,2022,13,2022_NFL_W13_NO_TB,NFL_NO,NFL_P_00-0037545,WR,,UNKNOWN,LP,Back,2022-12-05,nflverse,,2026-09-07T05:46:50.365367+00:00,2022-12-05T00:00:00
NFL_NO_00-0034116_2022W13_OUT_DNP,NFL,2022,13,2022_NFL_W13_NO_TB,NFL_NO,NFL_P_00-0034116,S,,OUT,DNP,Hamstring,2022-12-05,nflverse,,2026-09-07T05:46:50.365367+00:00,2022-12-05T00:00:00
NFL_NO_00-0036040_2022W13_OUT_DNP,NFL,2022,13,2022_NFL_W13_NO_TB,NFL_NO,NFL_P_00-0036040,TE,,OUT,DNP,Ankle,2022-12-05,nflverse,,2026-09-07T05:46:50.365367+00:00,2022-12-05T00:00:00
NFL_NO_00-0036926_2022W13_OUT_DNP,NFL,2022,13,2022_NFL_W13_NO_TB,NFL_NO,NFL_P_00-0036926,EDGE,,OUT,DNP,Ankle,2022-12-05,nflverse,,2026-09-07T05:46:50.365367+00:00,2022-12-05T00:00:00
NFL_NO_00-0032059_2022W13_OUT_DNP,NFL,2022,13,2022_NFL_W13_NO_TB,NFL_NO,NFL_P_00-0032059,CB,,OUT,DNP,Knee,2022-12-05,nflverse,,2026-09-07T05:46:50.365367+00:00,2022-12-05T00:00:00
NFL_NO_00-0034320_2022W13_QUESTIONABLE_DNP,NFL,2022,13,2022_NFL_W13_NO_TB,NFL_NO,NFL_P_00-0034320,DL,,QUESTIONABLE,DNP,Illness,2022-12-05,nflverse,,2026-09-07T05:46:50.365367+00:00,2022-12-05T00:00:00
NFL_NO_00-0033874_2022W13_QUESTIONABLE_LP,NFL,2022,13,2022_NFL_W13_NO_TB,NFL_NO,NFL_P_00-0033874,CB,,QUESTIONABLE,LP,Abdomen,2022-12-05,nflverse,,2026-09-07T05:46:50.365367+00:00,2022-12-05T00:00:00
NFL_NO_00-0035763_2022W13_QUESTIONABLE_LP,NFL,2022,13,2022_NFL_W13_NO_TB,NFL_NO,NFL_P_00-0035763,DL,,QUESTIONABLE,LP,Illness,2022-12-05,nflverse,,2026-09-07T05:46:50.365367+00:00,2022-12-05T00:00:00
NFL_NO_00-0031372_2022W13_QUESTIONABLE_LP,NFL,2022,13,2022_NFL_W13_NO_TB,NFL_NO,NFL_P_00-0031372,CB,,QUESTIONABLE,LP,Concussion,2022-12-05,nflverse,,2026-09-07T05:46:50.365367+00:00,2022-12-05T00:00:00
NFL_NO_00-0036927_2022W13_QUESTIONABLE_LP,NFL,2022,13,2022_NFL_W13_NO_TB,NFL_NO,NFL_P_00-0036927,LB,,QUESTIONABLE,LP,Ankle,2022-12-05,nflverse,,2026-09-07T05:46:50.365367+00:00,2022-12-05T00:00:00
NFL_NO_00-0031545_2022W13_QUESTIONABLE_LP,NFL,2022,13,2022_NFL_W13_NO_TB,NFL_NO,NFL_P_00-0031545,WR,,QUESTIONABLE,LP,Illness,2022-12-05,nflverse,,2026-09-07T05:46:50.365367+00:00,2022-12-05T00:00:00
NFL_NYG_00-0037807_2022W13_OUT_DNP,NFL,2022,13,2022_NFL_W13_WAS_NYG,NFL_NYG,NFL_P_00-0037807,OL,,OUT,DNP,Neck,2022-12-03,nflverse,,2026-09-07T05:46:50.365367+00:00,2022-12-03T00:00:00
NFL_NYG_00-0033878_2022W13_OUT_DNP,NFL,2022,13,2022_NFL_W13_WAS_NYG,NFL_NYG,NFL_P_00-0033878,CB,,OUT,DNP,Knee,2022-12-03,nflverse,,2026-09-07T05:46:50.365367+00:00,2022-12-03T00:00:00
NFL_NYG_00-0036397_2022W13_OUT_DNP,NFL,2022,13,2022_NFL_W13_WAS_NYG,NFL_NYG,NFL_P_00-0036397,OL,,OUT,DNP,Toe,2022-12-03,nflverse,,2026-09-07T05:46:50.365367+00:00,2022-12-03T00:00:00
NFL_NYG_00-0031581_2022W13_QUESTIONABLE_NA,NFL,2022,13,2022_NFL_W13_WAS_NYG,NFL_NYG,NFL_P_00-0031581,OL,,QUESTIONABLE,,Back,2022-12-03,nflverse,,2026-09-07T05:46:50.365367+00:00,2022-12-03T00:00:00
NFL_NYG_00-0033932_2022W13_QUESTIONABLE_NA,NFL,2022,13,2022_NFL_W13_WAS_NYG,NFL_NYG,NFL_P_00-0033932,WR,,QUESTIONABLE,,Illness,2022-12-03,nflverse,,2026-09-07T05:46:50.365367+00:00,2022-12-03T00:00:00
NFL_NYG_00-0035535_2022W13_QUESTIONABLE_DNP,NFL,2022,13,2022_NFL_W13_WAS_NYG,NFL_NYG,NFL_P_00-0035535,WR,,QUESTIONABLE,DNP,Illness,2022-12-03,nflverse,,2026-09-07T05:46:50.365367+00:00,2022-12-03T00:00:00
NFL_NYG_00-0038115_2022W13_QUESTIONABLE_LP,NFL,2022,13,2022_NFL_W13_WAS_NYG,NFL_NYG,NFL_P_00-0038115,TE,,QUESTIONABLE,LP,Eye,2022-12-03,nflverse,,2026-09-07T05:46:50.365367+00:00,2022-12-03T00:00:00
NFL_NYG_00-0038123_2022W13_QUESTIONABLE_LP,NFL,2022,13,2022_NFL_W13_WAS_NYG,NFL_NYG,NFL_P_00-0038123,S,,QUESTIONABLE,LP,Collarbone,2022-12-03,nflverse,,2026-09-07T05:46:50.365367+00:00,2022-12-03T00:00:00
NFL_NYG_00-0036569_2022W13_QUESTIONABLE_LP,NFL,2022,13,2022_NFL_W13_WAS_NYG,NFL_NYG,NFL_P_00-0036569,RB,,QUESTIONABLE,LP,Illness,2022-12-03,nflverse,,2026-09-07T05:46:50.365367+00:00,2022-12-03T00:00:00
NFL_NYG_00-0036402_2022W13_QUESTIONABLE_LP,NFL,2022,13,2022_NFL_W13_WAS_NYG,NFL_NYG,NFL_P_00-0036402,LB,,QUESTIONABLE,LP,Thigh,2022-12-03,nflverse,,2026-09-07T05:46:50.365367+00:00,2022-12-03T00:00:00
NFL_NYG_00-0032151_2022W13_QUESTIONABLE_LP,NFL,2022,13,2022_NFL_W13_WAS_NYG,NFL_NYG,NFL_P_00-0032151,OL,,QUESTIONABLE,LP,Neck,2022-12-03,nflverse,,2026-09-07T05:46:50.365367+00:00,2022-12-03T00:00:00
NFL_NYG_00-0036394_2022W13_QUESTIONABLE_LP,NFL,2022,13,2022_NFL_W13_WAS_NYG,NFL_NYG,NFL_P_00-0036394,CB,,QUESTIONABLE,LP,Shoulder,2022-12-03,nflverse,,2026-09-07T05:46:50.365367+00:00,2022-12-03T00:00:00
NFL_NYG_00-0034286_2022W13_QUESTIONABLE_LP,NFL,2022,13,2022_NFL_W13_WAS_NYG,NFL_NYG,NFL_P_00-0034286,WR,,QUESTIONABLE,LP,Knee,2022-12-03,nflverse,,2026-09-07T05:46:50.365367+00:00,2022-12-03T00:00:00
NFL_NYG_00-0033918_2022W13_QUESTIONABLE_LP,NFL,2022,13,2022_NFL_W13_WAS_NYG,NFL_NYG,NFL_P_00-0033918,CB,,QUESTIONABLE,LP,Oblique,2022-12-03,nflverse,,2026-09-07T05:46:50.365367+00:00,2022-12-03T00:00:00
NFL_NYJ_00-0036329_2022W13_OUT_DNP,NFL,2022,13,2022_NFL_W13_NYJ_MIN,NFL_NYJ,NFL_P_00-0036329,S,,OUT,DNP,Hamstring,2022-12-03,nflverse,,2026-09-07T05:46:50.365367+00:00,2022-12-03T00:00:00
NFL_NYJ_00-0036924_2022W13_DOUBTFUL_DNP,NFL,2022,13,2022_NFL_W13_NYJ_MIN,NFL_NYJ,NFL_P_00-0036924,RB,,DOUBTFUL,DNP,Ankle,2022-12-03,nflverse,,2026-09-07T05:46:50.365367+00:00,2022-12-03T00:00:00
NFL_NYJ_00-0032233_2022W13_DOUBTFUL_DNP,NFL,2022,13,2022_NFL_W13_NYJ_MIN,NFL_NYJ,NFL_P_00-0032233,OL,,DOUBTFUL,DNP,Groin,2022-12-03,nflverse,,2026-09-07T05:46:50.365367+00:00,2022-12-03T00:00:00
NFL_NYJ_00-0026166_2022W13_QUESTIONABLE_FP,NFL,2022,13,2022_NFL_W13_NYJ_MIN,NFL_NYJ,NFL_P_00-0026166,OL,,QUESTIONABLE,FP,Shoulder,2022-12-03,nflverse,,2026-09-07T05:46:50.365367+00:00,2022-12-03T00:00:00
NFL_PHI_00-0032890_2022W13_NA_LP,NFL,2022,13,2022_NFL_W13_TEN_PHI,NFL_PHI,NFL_P_00-0032890,CB,,UNKNOWN,LP,Not injury related - resting player,2022-12-03,nflverse,,2026-09-07T05:46:50.365367+00:00,2022-12-03T00:00:00
NFL_PHI_00-0035676_2022W13_NA_LP,NFL,2022,13,2022_NFL_W13_TEN_PHI,NFL_PHI,NFL_P_00-0035676,WR,,UNKNOWN,LP,Not injury related - resting player,2022-12-03,nflverse,,2026-09-07T05:46:50.365367+00:00,2022-12-03T00:00:00
NFL_PHI_00-0029653_2022W13_NA_LP,NFL,2022,13,2022_NFL_W13_TEN_PHI,NFL_PHI,NFL_P_00-0029653,DL,,UNKNOWN,LP,Not injury related - resting player,2022-12-03,nflverse,,2026-09-07T05:46:50.365367+00:00,2022-12-03T00:00:00
NFL_PHI_00-0037002_2022W13_NA_LP,NFL,2022,13,2022_NFL_W13_TEN_PHI,NFL_PHI,NFL_P_00-0037002,OL,,UNKNOWN,LP,Not injury related - resting player,2022-12-03,nflverse,,2026-09-07T05:46:50.365367+00:00,2022-12-03T00:00:00
NFL_PHI_00-0027865_2022W13_NA_LP,NFL,2022,13,2022_NFL_W13_TEN_PHI,NFL_PHI,NFL_P_00-0027865,EDGE,,UNKNOWN,LP,Not injury related - resting player,2022-12-03,nflverse,,2026-09-07T05:46:50.365367+00:00,2022-12-03T00:00:00
NFL_PHI_00-0030561_2022W13_NA_LP,NFL,2022,13,2022_NFL_W13_TEN_PHI,NFL_PHI,NFL_P_00-0030561,OL,,UNKNOWN,LP,Not injury related - resting player,2022-12-03,nflverse,,2026-09-07T05:46:50.365367+00:00,2022-12-03T00:00:00
NFL_PHI_00-0028129_2022W13_NA_LP,NFL,2022,13,2022_NFL_W13_TEN_PHI,NFL_PHI,NFL_P_00-0028129,OL,,UNKNOWN,LP,Not injury related - resting player,2022-12-03,nflverse,,2026-09-07T05:46:50.365367+00:00,2022-12-03T00:00:00
NFL_PHI_00-0032954_2022W13_NA_LP,NFL,2022,13,2022_NFL_W13_TEN_PHI,NFL_PHI,NFL_P_00-0032954,OL,,UNKNOWN,LP,Not injury related - resting player,2022-12-03,nflverse,,2026-09-07T05:46:50.365367+00:00,2022-12-03T00:00:00
NFL_PHI_00-0030062_2022W13_NA_LP,NFL,2022,13,2022_NFL_W13_TEN_PHI,NFL_PHI,NFL_P_00-0030062,CB,,UNKNOWN,LP,Not injury related - resting player,2022-12-03,nflverse,,2026-09-07T05:46:50.365367+00:00,2022-12-03T00:00:00
NFL_PHI_00-0034381_2022W13_NA_LP,NFL,2022,13,2022_NFL_W13_TEN_PHI,NFL_PHI,NFL_P_00-0034381,EDGE,,UNKNOWN,LP,Not injury related - resting player,2022-12-03,nflverse,,2026-09-07T05:46:50.365367+00:00,2022-12-03T00:00:00
NFL_PHI_00-0035253_2022W13_OUT_DNP,NFL,2022,13,2022_NFL_W13_TEN_PHI,NFL_PHI,NFL_P_00-0035253,S,,OUT,DNP,kidney,2022-12-03,nflverse,,2026-09-07T05:46:50.365367+00:00,2022-12-03T00:00:00
NFL_PHI_00-0027952_2022W13_OUT_DNP,NFL,2022,13,2022_NFL_W13_TEN_PHI,NFL_PHI,NFL_P_00-0027952,EDGE,,OUT,DNP,Knee,2022-12-03,nflverse,,2026-09-07T05:46:50.365367+00:00,2022-12-03T00:00:00
NFL_PIT_00-0027969_2022W13_NA_DNP,NFL,2022,13,2022_NFL_W13_PIT_ATL,NFL_PIT,NFL_P_00-0027969,DL,,UNKNOWN,DNP,Not injury related - resting player,2022-12-03,nflverse,,2026-09-07T05:46:50.365367+00:00,2022-12-03T00:00:00
NFL_PIT_00-0036843_2022W13_NA_DNP,NFL,2022,13,2022_NFL_W13_PIT_ATL,NFL_PIT,NFL_P_00-0036843,EDGE,,UNKNOWN,DNP,Not injury related - personal matter,2022-12-03,nflverse,,2026-09-07T05:46:50.365367+00:00,2022-12-03T00:00:00
NFL_PIT_00-0036893_2022W13_NA_LP,NFL,2022,13,2022_NFL_W13_PIT_ATL,NFL_PIT,NFL_P_00-0036893,RB,,UNKNOWN,LP,Oblique,2022-12-03,nflverse,,2026-09-07T05:46:50.365367+00:00,2022-12-03T00:00:00
NFL_PIT_00-0033783_2022W13_OUT_DNP,NFL,2022,13,2022_NFL_W13_PIT_ATL,NFL_PIT,NFL_P_00-0033783,CB,,OUT,DNP,Hamstring,2022-12-03,nflverse,,2026-09-07T05:46:50.365367+00:00,2022-12-03T00:00:00
NFL_PIT_00-0034954_2022W13_QUESTIONABLE_NA,NFL,2022,13,2022_NFL_W13_PIT_ATL,NFL_PIT,NFL_P_00-0034954,LB,,QUESTIONABLE,,Back,2022-12-03,nflverse,,2026-09-07T05:46:50.365367+00:00,2022-12-03T00:00:00
NFL_PIT_00-0037228_2022W13_QUESTIONABLE_FP,NFL,2022,13,2022_NFL_W13_PIT_ATL,NFL_PIT,NFL_P_00-0037228,RB,,QUESTIONABLE,FP,Hamstring,2022-12-03,nflverse,,2026-09-07T05:46:50.365367+00:00,2022-12-03T00:00:00
NFL_PIT_00-0033886_2022W13_QUESTIONABLE_LP,NFL,2022,13,2022_NFL_W13_PIT_ATL,NFL_PIT,NFL_P_00-0033886,LB,,QUESTIONABLE,LP,Ribs,2022-12-03,nflverse,,2026-09-07T05:46:50.365367+00:00,2022-12-03T00:00:00
NFL_SEA_00-0033903_2022W13_QUESTIONABLE_DNP,NFL,2022,13,2022_NFL_W13_SEA_LAR,NFL_SEA,NFL_P_00-0033903,S,,QUESTIONABLE,DNP,Illness,2022-12-03,nflverse,,2026-09-07T05:46:50.365367+00:00,2022-12-03T00:00:00
NFL_SEA_00-0034527_2022W13_QUESTIONABLE_FP,NFL,2022,13,2022_NFL_W13_SEA_LAR,NFL_SEA,NFL_P_00-0034527,S,,QUESTIONABLE,FP,Elbow,2022-12-03,nflverse,,2026-09-07T05:46:50.365367+00:00,2022-12-03T00:00:00
NFL_SEA_00-0035594_2022W13_QUESTIONABLE_LP,NFL,2022,13,2022_NFL_W13_SEA_LAR,NFL_SEA,NFL_P_00-0035594,RB,,QUESTIONABLE,LP,Illness,2022-12-03,nflverse,,2026-09-07T05:46:50.365367+00:00,2022-12-03T00:00:00
NFL_SF_00-0036567_2022W13_OUT_DNP,NFL,2022,13,2022_NFL_W13_MIA_SF,NFL_SF,NFL_P_00-0036567,RB,,OUT,DNP,Knee,2022-12-03,nflverse,,2026-09-07T05:46:50.365367+00:00,2022-12-03T00:00:00
NFL_SF_00-0027857_2022W13_QUESTIONABLE_DNP,NFL,2022,13,2022_NFL_W13_MIA_SF,NFL_SF,NFL_P_00-0027857,OL,,QUESTIONABLE,DNP,Back,2022-12-03,nflverse,,2026-09-07T05:46:50.365367+00:00,2022-12-03T00:00:00
NFL_SF_00-0037829_2022W13_QUESTIONABLE_LP,NFL,2022,13,2022_NFL_W13_MIA_SF,NFL_SF,NFL_P_00-0037829,OL,,QUESTIONABLE,LP,Ankle,2022-12-03,nflverse,,2026-09-07T05:46:50.365367+00:00,2022-12-03T00:00:00
NFL_SF_00-0035279_2022W13_QUESTIONABLE_LP,NFL,2022,13,2022_NFL_W13_MIA_SF,NFL_SF,NFL_P_00-0035279,EDGE,,QUESTIONABLE,LP,Knee,2022-12-03,nflverse,,2026-09-07T05:46:50.365367+00:00,2022-12-03T00:00:00
NFL_SF_00-0035719_2022W13_QUESTIONABLE_LP,NFL,2022,13,2022_NFL_W13_MIA_SF,NFL_SF,NFL_P_00-0035719,WR,,QUESTIONABLE,LP,Quadricep,2022-12-03,nflverse,,2026-09-07T05:46:50.365367+00:00,2022-12-03T00:00:00
NFL_TB_00-0029562_2022W13_NA_DNP,NFL,2022,13,2022_NFL_W13_NO_TB,NFL_TB,NFL_P_00-0029562,LB,,UNKNOWN,DNP,Not injury related - resting player,2022-12-05,nflverse,,2026-09-07T05:46:50.365367+00:00,2022-12-05T00:00:00
NFL_TB_00-0036406_2022W13_OUT_DNP,NFL,2022,13,2022_NFL_W13_NO_TB,NFL_TB,NFL_P_00-0036406,OL,,OUT,DNP,Ankle,2022-12-05,nflverse,,2026-09-07T05:46:50.365367+00:00,2022-12-05T00:00:00
NFL_TB_00-0035681_2022W13_DOUBTFUL_DNP,NFL,2022,13,2022_NFL_W13_NO_TB,NFL_TB,NFL_P_00-0035681,S,,DOUBTFUL,DNP,Hamstring,2022-12-05,nflverse,,2026-09-07T05:46:50.365367+00:00,2022-12-05T00:00:00
NFL_TB_00-0036411_2022W13_DOUBTFUL_DNP,NFL,2022,13,2022_NFL_W13_NO_TB,NFL_TB,NFL_P_00-0036411,S,,DOUBTFUL,DNP,Ankle,2022-12-05,nflverse,,2026-09-07T05:46:50.365367+00:00,2022-12-05T00:00:00
NFL_TB_00-0035239_2022W13_DOUBTFUL_LP,NFL,2022,13,2022_NFL_W13_NO_TB,NFL_TB,NFL_P_00-0035239,CB,,DOUBTFUL,LP,Quadricep,2022-12-05,nflverse,,2026-09-07T05:46:50.365367+00:00,2022-12-05T00:00:00
NFL_TB_00-0031273_2022W13_QUESTIONABLE_FP,NFL,2022,13,2022_NFL_W13_NO_TB,NFL_TB,NFL_P_00-0031273,TE,,QUESTIONABLE,FP,Illness,2022-12-05,nflverse,,2026-09-07T05:46:50.365367+00:00,2022-12-05T00:00:00
NFL_TB_00-0033856_2022W13_QUESTIONABLE_FP,NFL,2022,13,2022_NFL_W13_NO_TB,NFL_TB,NFL_P_00-0033856,RB,,QUESTIONABLE,FP,Hip,2022-12-05,nflverse,,2026-09-07T05:46:50.365367+00:00,2022-12-05T00:00:00
NFL_TB_00-0034411_2022W13_QUESTIONABLE_FP,NFL,2022,13,2022_NFL_W13_NO_TB,NFL_TB,NFL_P_00-0034411,WR,,QUESTIONABLE,FP,Hamstring,2022-12-05,nflverse,,2026-09-07T05:46:50.365367+00:00,2022-12-05T00:00:00
NFL_TB_00-0037835_2022W13_QUESTIONABLE_FP,NFL,2022,13,2022_NFL_W13_NO_TB,NFL_TB,NFL_P_00-0037835,OL,,QUESTIONABLE,FP,Foot,2022-12-05,nflverse,,2026-09-07T05:46:50.365367+00:00,2022-12-05T00:00:00
NFL_TB_00-0029657_2022W13_QUESTIONABLE_LP,NFL,2022,13,2022_NFL_W13_NO_TB,NFL_TB,NFL_P_00-0029657,DL,,QUESTIONABLE,LP,Foot,2022-12-05,nflverse,,2026-09-07T05:46:50.365367+00:00,2022-12-05T00:00:00
NFL_TB_00-0034773_2022W13_QUESTIONABLE_LP,NFL,2022,13,2022_NFL_W13_NO_TB,NFL_TB,NFL_P_00-0034773,DL,,QUESTIONABLE,LP,Foot,2022-12-05,nflverse,,2026-09-07T05:46:50.365367+00:00,2022-12-05T00:00:00
NFL_TEN_00-0035649_2022W13_NA_LP,NFL,2022,13,2022_NFL_W13_TEN_PHI,NFL_TEN,NFL_P_00-0035649,OL,,UNKNOWN,LP,Knee,2022-12-03,nflverse,,2026-09-07T05:46:50.365367+00:00,2022-12-03T00:00:00
NFL_TEN_00-0029413_2022W13_NA_LP,NFL,2022,13,2022_NFL_W13_TEN_PHI,NFL_TEN,NFL_P_00-0029413,OL,,UNKNOWN,LP,Concussion,2022-12-03,nflverse,,2026-09-07T05:46:50.365367+00:00,2022-12-03T00:00:00
NFL_TEN_00-0031254_2022W13_OUT_DNP,NFL,2022,13,2022_NFL_W13_TEN_PHI,NFL_TEN,NFL_P_00-0031254,EDGE,,OUT,DNP,Knee,2022-12-03,nflverse,,2026-09-07T05:46:50.365367+00:00,2022-12-03T00:00:00
NFL_TEN_00-0033386_2022W13_OUT_DNP,NFL,2022,13,2022_NFL_W13_TEN_PHI,NFL_TEN,NFL_P_00-0033386,WR,,OUT,DNP,Neck,2022-12-03,nflverse,,2026-09-07T05:46:50.365367+00:00,2022-12-03T00:00:00
NFL_TEN_00-0036992_2022W13_OUT_DNP,NFL,2022,13,2022_NFL_W13_TEN_PHI,NFL_TEN,NFL_P_00-0036992,CB,,OUT,DNP,Groin,2022-12-03,nflverse,,2026-09-07T05:46:50.365367+00:00,2022-12-03T00:00:00
NFL_TEN_00-0037617_2022W13_QUESTIONABLE_LP,NFL,2022,13,2022_NFL_W13_TEN_PHI,NFL_TEN,NFL_P_00-0037617,RB,,QUESTIONABLE,LP,Hip,2022-12-03,nflverse,,2026-09-07T05:46:50.365367+00:00,2022-12-03T00:00:00
NFL_TEN_00-0035643_2022W13_QUESTIONABLE_LP,NFL,2022,13,2022_NFL_W13_TEN_PHI,NFL_TEN,NFL_P_00-0035643,DL,,QUESTIONABLE,LP,Ankle,2022-12-03,nflverse,,2026-09-07T05:46:50.365367+00:00,2022-12-03T00:00:00
NFL_WAS_00-0036671_2022W13_OUT_DNP,NFL,2022,13,2022_NFL_W13_WAS_NYG,NFL_WAS,NFL_P_00-0036671,WR,,OUT,DNP,Foot,2022-12-03,nflverse,,2026-09-07T05:46:50.365367+00:00,2022-12-03T00:00:00
NFL_WAS_00-0036625_2022W13_OUT_DNP,NFL,2022,13,2022_NFL_W13_WAS_NYG,NFL_WAS,NFL_P_00-0036625,CB,,OUT,DNP,Ankle,2022-12-03,nflverse,,2026-09-07T05:46:50.365367+00:00,2022-12-03T00:00:00
NFL_WAS_00-0031362_2022W13_OUT_DNP,NFL,2022,13,2022_NFL_W13_WAS_NYG,NFL_WAS,NFL_P_00-0031362,OL,,OUT,DNP,Ankle,2022-12-03,nflverse,,2026-09-07T05:46:50.365367+00:00,2022-12-03T00:00:00
NFL_WAS_00-0036328_2022W13_QUESTIONABLE_LP,NFL,2022,13,2022_NFL_W13_WAS_NYG,NFL_WAS,NFL_P_00-0036328,RB,,QUESTIONABLE,LP,Foot,2022-12-03,nflverse,,2026-09-07T05:46:50.365367+00:00,2022-12-03T00:00:00
NFL_WAS_00-0036321_2022W13_QUESTIONABLE_LP,NFL,2022,13,2022_NFL_W13_WAS_NYG,NFL_WAS,NFL_P_00-0036321,EDGE,,QUESTIONABLE,LP,Knee,2022-12-03,nflverse,,2026-09-07T05:46:50.365367+00:00,2022-12-03T00:00:00
NFL_ARI_00-0033631_2022W14_OUT_DNP,NFL,2022,14,2022_NFL_W14_NE_ARI,NFL_ARI,NFL_P_00-0033631,OL,,OUT,DNP,Chest,2022-12-12,nflverse,,2026-09-07T05:46:50.365367+00:00,2022-12-12T00:00:00
NFL_ARI_00-0036936_2022W14_OUT_DNP,NFL,2022,14,2022_NFL_W14_NE_ARI,NFL_ARI,NFL_P_00-0036936,WR,,OUT,DNP,Groin,2022-12-12,nflverse,,2026-09-07T05:46:50.365367+00:00,2022-12-12T00:00:00
NFL_ARI_00-0035236_2022W14_OUT_DNP,NFL,2022,14,2022_NFL_W14_NE_ARI,NFL_ARI,NFL_P_00-0035236,CB,,OUT,DNP,Back,2022-12-12,nflverse,,2026-09-07T05:46:50.365367+00:00,2022-12-12T00:00:00
NFL_ARI_00-0035248_2022W14_QUESTIONABLE_DNP,NFL,2022,14,2022_NFL_W14_NE_ARI,NFL_ARI,NFL_P_00-0035248,EDGE,,QUESTIONABLE,DNP,Illness,2022-12-12,nflverse,,2026-09-07T05:46:50.365367+00:00,2022-12-12T00:00:00
NFL_ARI_00-0035343_2022W14_QUESTIONABLE_LP,NFL,2022,14,2022_NFL_W14_NE_ARI,NFL_ARI,NFL_P_00-0035343,EDGE,,QUESTIONABLE,LP,Back,2022-12-12,nflverse,,2026-09-07T05:46:50.365367+00:00,2022-12-12T00:00:00
NFL_ARI_00-0032560_2022W14_QUESTIONABLE_LP,NFL,2022,14,2022_NFL_W14_NE_ARI,NFL_ARI,NFL_P_00-0032560,S,,QUESTIONABLE,LP,Chest,2022-12-12,nflverse,,2026-09-07T05:46:50.365367+00:00,2022-12-12T00:00:00
NFL_BAL_00-0026190_2022W14_NA_DNP,NFL,2022,14,2022_NFL_W14_BAL_PIT,NFL_BAL,NFL_P_00-0026190,EDGE,,UNKNOWN,DNP,Not injury related - resting player,2022-12-10,nflverse,,2026-09-07T05:46:50.365367+00:00,2022-12-10T00:00:00
NFL_BAL_00-0036331_2022W14_NA_DNP,NFL,2022,14,2022_NFL_W14_BAL_PIT,NFL_BAL,NFL_P_00-0036331,WR,,UNKNOWN,DNP,Not injury related - resting player,2022-12-10,nflverse,,2026-09-07T05:46:50.365367+00:00,2022-12-10T00:00:00
NFL_BAL_00-0028008_2022W14_NA_DNP,NFL,2022,14,2022_NFL_W14_BAL_PIT,NFL_BAL,NFL_P_00-0028008,LB,,UNKNOWN,DNP,Not injury related - resting player,2022-12-10,nflverse,,2026-09-07T05:46:50.365367+00:00,2022-12-10T00:00:00
NFL_BAL_00-0031330_2022W14_NA_DNP,NFL,2022,14,2022_NFL_W14_BAL_PIT,NFL_BAL,NFL_P_00-0031330,OL,,UNKNOWN,DNP,Not injury related - resting player,2022-12-10,nflverse,,2026-09-07T05:46:50.365367+00:00,2022-12-10T00:00:00
NFL_BAL_00-0027867_2022W14_NA_DNP,NFL,2022,14,2022_NFL_W14_BAL_PIT,NFL_BAL,NFL_P_00-0027867,EDGE,,UNKNOWN,DNP,Not injury related - resting player,2022-12-10,nflverse,,2026-09-07T05:46:50.365367+00:00,2022-12-10T00:00:00
NFL_BAL_00-0032965_2022W14_NA_DNP,NFL,2022,14,2022_NFL_W14_BAL_PIT,NFL_BAL,NFL_P_00-0032965,OL,,UNKNOWN,DNP,Ankle,2022-12-10,nflverse,,2026-09-07T05:46:50.365367+00:00,2022-12-10T00:00:00
NFL_BAL_00-0032891_2022W14_OUT_DNP,NFL,2022,14,2022_NFL_W14_BAL_PIT,NFL_BAL,NFL_P_00-0032891,CB,,OUT,DNP,Hamstring,2022-12-10,nflverse,,2026-09-07T05:46:50.365367+00:00,2022-12-10T00:00:00
NFL_BAL_00-0034796_2022W14_DOUBTFUL_DNP,NFL,2022,14,2022_NFL_W14_BAL_PIT,NFL_BAL,NFL_P_00-0034796,QB,,DOUBTFUL,DNP,Knee,2022-12-10,nflverse,,2026-09-07T05:46:50.365367+00:00,2022-12-10T00:00:00
NFL_BAL_00-0035112_2022W14_QUESTIONABLE_FP,NFL,2022,14,2022_NFL_W14_BAL_PIT,NFL_BAL,NFL_P_00-0035112,OL,,QUESTIONABLE,FP,Toe,2022-12-10,nflverse,,2026-09-07T05:46:50.365367+00:00,2022-12-10T00:00:00
NFL_BAL_00-0035202_2022W14_QUESTIONABLE_FP,NFL,2022,14,2022_NFL_W14_BAL_PIT,NFL_BAL,NFL_P_00-0035202,LB,,QUESTIONABLE,FP,Quadricep,2022-12-10,nflverse,,2026-09-07T05:46:50.365367+00:00,2022-12-10T00:00:00
NFL_BAL_00-0036323_2022W14_QUESTIONABLE_FP,NFL,2022,14,2022_NFL_W14_BAL_PIT,NFL_BAL,NFL_P_00-0036323,LB,,QUESTIONABLE,FP,Thigh,2022-12-10,nflverse,,2026-09-07T05:46:50.365367+00:00,2022-12-10T00:00:00
NFL_BAL_00-0036157_2022W14_QUESTIONABLE_FP,NFL,2022,14,2022_NFL_W14_BAL_PIT,NFL_BAL,NFL_P_00-0036157,LB,,QUESTIONABLE,FP,Concussion,2022-12-10,nflverse,,2026-09-07T05:46:50.365367+00:00,2022-12-10T00:00:00
NFL_BAL_00-0029592_2022W14_QUESTIONABLE_LP,NFL,2022,14,2022_NFL_W14_BAL_PIT,NFL_BAL,NFL_P_00-0029592,OL,,QUESTIONABLE,LP,Knee,2022-12-10,nflverse,,2026-09-07T05:46:50.365367+00:00,2022-12-10T00:00:00
NFL_BUF_00-0031588_2022W14_NA_DNP,NFL,2022,14,2022_NFL_W14_NYJ_BUF,NFL_BUF,NFL_P_00-0031588,WR,,UNKNOWN,DNP,Not injury related - resting player,2022-12-10,nflverse,,2026-09-07T05:46:50.365367+00:00,2022-12-10T00:00:00
NFL_BUF_00-0028063_2022W14_NA_DNP,NFL,2022,14,2022_NFL_W14_NYJ_BUF,NFL_BUF,NFL_P_00-0028063,RB,,UNKNOWN,DNP,Not injury related - resting player,2022-12-10,nflverse,,2026-09-07T05:46:50.365367+00:00,2022-12-10T00:00:00
NFL_BUF_00-0030114_2022W14_NA_DNP,NFL,2022,14,2022_NFL_W14_NYJ_BUF,NFL_BUF,NFL_P_00-0030114,S,,UNKNOWN,DNP,Not injury related - resting player,2022-12-10,nflverse,,2026-09-07T05:46:50.365367+00:00,2022-12-10T00:00:00
NFL_BUF_00-0036187_2022W14_OUT_DNP,NFL,2022,14,2022_NFL_W14_NYJ_BUF,NFL_BUF,NFL_P_00-0036187,RB,,OUT,DNP,Ankle,2022-12-10,nflverse,,2026-09-07T05:46:50.365367+00:00,2022-12-10T00:00:00
NFL_BUF_00-0031557_2022W14_OUT_DNP,NFL,2022,14,2022_NFL_W14_NYJ_BUF,NFL_BUF,NFL_P_00-0031557,EDGE,,OUT,DNP,Shoulder,2022-12-10,nflverse,,2026-09-07T05:46:50.365367+00:00,2022-12-10T00:00:00
NFL_BUF_00-0033904_2022W14_QUESTIONABLE_FP,NFL,2022,14,2022_NFL_W14_NYJ_BUF,NFL_BUF,NFL_P_00-0033904,OL,,QUESTIONABLE,FP,Ankle,2022-12-10,nflverse,,2026-09-07T05:46:50.365367+00:00,2022-12-10T00:00:00
NFL_BUF_00-0033571_2022W14_QUESTIONABLE_LP,NFL,2022,14,2022_NFL_W14_NYJ_BUF,NFL_BUF,NFL_P_00-0033571,LB,,QUESTIONABLE,LP,Knee,2022-12-10,nflverse,,2026-09-07T05:46:50.365367+00:00,2022-12-10T00:00:00
NFL_CAR_00-0033284_2022W14_NA_DNP,NFL,2022,14,2022_NFL_W14_CAR_SEA,NFL_CAR,NFL_P_00-0033284,OL,,UNKNOWN,DNP,Not injury related - resting player,2022-12-10,nflverse,,2026-09-07T05:46:50.365367+00:00,2022-12-10T00:00:00
NFL_CAR_00-0035950_2022W14_QUESTIONABLE_FP,NFL,2022,14,2022_NFL_W14_CAR_SEA,NFL_CAR,NFL_P_00-0035950,S,,QUESTIONABLE,FP,Ankle,2022-12-10,nflverse,,2026-09-07T05:46:50.365367+00:00,2022-12-10T00:00:00
NFL_CAR_00-0032781_2022W14_QUESTIONABLE_FP,NFL,2022,14,2022_NFL_W14_CAR_SEA,NFL_CAR,NFL_P_00-0032781,DL,,QUESTIONABLE,FP,Calf,2022-12-10,nflverse,,2026-09-07T05:46:50.365367+00:00,2022-12-10T00:00:00
NFL_CAR_00-0032677_2022W14_QUESTIONABLE_LP,NFL,2022,14,2022_NFL_W14_CAR_SEA,NFL_CAR,NFL_P_00-0032677,LB,,QUESTIONABLE,LP,Ankle,2022-12-10,nflverse,,2026-09-07T05:46:50.365367+00:00,2022-12-10T00:00:00
NFL_CAR_00-0033579_2022W14_QUESTIONABLE_LP,NFL,2022,14,2022_NFL_W14_CAR_SEA,NFL_CAR,NFL_P_00-0033579,S,,QUESTIONABLE,LP,Knee,2022-12-10,nflverse,,2026-09-07T05:46:50.365367+00:00,2022-12-10T00:00:00
NFL_CIN_00-0036410_2022W14_NA_LP,NFL,2022,14,2022_NFL_W14_CLE_CIN,NFL_CIN,NFL_P_00-0036410,WR,,UNKNOWN,LP,Hamstring,2022-12-10,nflverse,,2026-09-07T05:46:50.365367+00:00,2022-12-10T00:00:00
NFL_CIN_00-0034834_2022W14_NA_LP,NFL,2022,14,2022_NFL_W14_CLE_CIN,NFL_CIN,NFL_P_00-0034834,EDGE,,UNKNOWN,LP,Calf,2022-12-10,nflverse,,2026-09-07T05:46:50.365367+00:00,2022-12-10T00:00:00
NFL_CIN_00-0037753_2022W14_NA_LP,NFL,2022,14,2022_NFL_W14_CLE_CIN,NFL_CIN,NFL_P_00-0037753,CB,,UNKNOWN,LP,Ankle,2022-12-10,nflverse,,2026-09-07T05:46:50.365367+00:00,2022-12-10T00:00:00
NFL_CIN_00-0034830_2022W14_OUT_DNP,NFL,2022,14,2022_NFL_W14_CLE_CIN,NFL_CIN,NFL_P_00-0034830,TE,,OUT,DNP,Calf,2022-12-10,nflverse,,2026-09-07T05:46:50.365367+00:00,2022-12-10T00:00:00
NFL_CLE_00-0037257_2022W14_NA_DNP,NFL,2022,14,2022_NFL_W14_CLE_CIN,NFL_CLE,NFL_P_00-0037257,WR,,UNKNOWN,DNP,Thumb,2022-12-10,nflverse,,2026-09-07T05:46:50.365367+00:00,2022-12-10T00:00:00
NFL_CLE_00-0031426_2022W14_NA_DNP,NFL,2022,14,2022_NFL_W14_CLE_CIN,NFL_CLE,NFL_P_00-0031426,OL,,UNKNOWN,DNP,Not injury related - resting player,2022-12-10,nflverse,,2026-09-07T05:46:50.365367+00:00,2022-12-10T00:00:00
NFL_CLE_00-0031364_2022W14_NA_DNP,NFL,2022,14,2022_NFL_W14_CLE_CIN,NFL_CLE,NFL_P_00-0031364,EDGE,,UNKNOWN,DNP,Not injury related - resting player,2022-12-10,nflverse,,2026-09-07T05:46:50.365367+00:00,2022-12-10T00:00:00
NFL_CLE_00-0033057_2022W14_NA_DNP,NFL,2022,14,2022_NFL_W14_CLE_CIN,NFL_CLE,NFL_P_00-0033057,OL,,UNKNOWN,DNP,Not injury related - resting player,2022-12-10,nflverse,,2026-09-07T05:46:50.365367+00:00,2022-12-10T00:00:00
NFL_CLE_00-0036999_2022W14_NA_DNP,NFL,2022,14,2022_NFL_W14_CLE_CIN,NFL_CLE,NFL_P_00-0036999,WR,,UNKNOWN,DNP,Concussion,2022-12-10,nflverse,,2026-09-07T05:46:50.365367+00:00,2022-12-10T00:00:00
NFL_CLE_00-0037251_2022W14_NA_DNP,NFL,2022,14,2022_NFL_W14_CLE_CIN,NFL_CLE,NFL_P_00-0037251,EDGE,,UNKNOWN,DNP,Knee,2022-12-10,nflverse,,2026-09-07T05:46:50.365367+00:00,2022-12-10T00:00:00
NFL_CLE_00-0033885_2022W14_NA_LP,NFL,2022,14,2022_NFL_W14_CLE_CIN,NFL_CLE,NFL_P_00-0033885,TE,,UNKNOWN,LP,Knee,2022-12-10,nflverse,,2026-09-07T05:46:50.365367+00:00,2022-12-10T00:00:00
NFL_CLE_00-0034856_2022W14_NA_LP,NFL,2022,14,2022_NFL_W14_CLE_CIN,NFL_CLE,NFL_P_00-0034856,CB,,UNKNOWN,LP,Ankle,2022-12-10,nflverse,,2026-09-07T05:46:50.365367+00:00,2022-12-10T00:00:00
NFL_CLE_00-0035654_2022W14_NA_LP,NFL,2022,14,2022_NFL_W14_CLE_CIN,NFL_CLE,NFL_P_00-0035654,EDGE,,UNKNOWN,LP,Knee,2022-12-10,nflverse,,2026-09-07T05:46:50.365367+00:00,2022-12-10T00:00:00
NFL_CLE_00-0031544_2022W14_QUESTIONABLE_DNP,NFL,2022,14,2022_NFL_W14_CLE_CIN,NFL_CLE,NFL_P_00-0031544,WR,,QUESTIONABLE,DNP,Not injury related - resting player,2022-12-10,nflverse,,2026-09-07T05:46:50.365367+00:00,2022-12-10T00:00:00
NFL_DAL_00-0033047_2022W14_OUT_DNP,NFL,2022,14,2022_NFL_W14_HOU_DAL,NFL_DAL,NFL_P_00-0033047,CB,,OUT,DNP,Achilles,2022-12-10,nflverse,,2026-09-07T05:46:50.365367+00:00,2022-12-10T00:00:00
NFL_DAL_00-0034674_2022W14_QUESTIONABLE_DNP,NFL,2022,14,2022_NFL_W14_HOU_DAL,NFL_DAL,NFL_P_00-0034674,LB,,QUESTIONABLE,DNP,Illness,2022-12-10,nflverse,,2026-09-07T05:46:50.365367+00:00,2022-12-10T00:00:00
NFL_DEN_00-0035670_2022W14_OUT_DNP,NFL,2022,14,2022_NFL_W14_KC_DEN,NFL_DEN,NFL_P_00-0035670,LB,,OUT,DNP,Hamstring,2022-12-10,nflverse,,2026-09-07T05:46:50.365367+00:00,2022-12-10T00:00:00
NFL_DEN_00-0034959_2022W14_OUT_DNP,NFL,2022,14,2022_NFL_W14_KC_DEN,NFL_DEN,NFL_P_00-0034959,TE,,OUT,DNP,Hamstring,2022-12-10,nflverse,,2026-09-07T05:46:50.365367+00:00,2022-12-10T00:00:00
NFL_DEN_00-0034348_2022W14_OUT_DNP,NFL,2022,14,2022_NFL_W14_KC_DEN,NFL_DEN,NFL_P_00-0034348,WR,,OUT,DNP,Hamstring,2022-12-10,nflverse,,2026-09-07T05:46:50.365367+00:00,2022-12-10T00:00:00
NFL_DEN_00-0038106_2022W14_QUESTIONABLE_NA,NFL,2022,14,2022_NFL_W14_KC_DEN,NFL_DEN,NFL_P_00-0038106,EDGE,,QUESTIONABLE,,Illness,2022-12-10,nflverse,,2026-09-07T05:46:50.365367+00:00,2022-12-10T00:00:00
NFL_DEN_00-0036428_2022W14_QUESTIONABLE_DNP,NFL,2022,14,2022_NFL_W14_KC_DEN,NFL_DEN,NFL_P_00-0036428,LB,,QUESTIONABLE,DNP,Knee,2022-12-10,nflverse,,2026-09-07T05:46:50.365367+00:00,2022-12-10T00:00:00
NFL_DEN_00-0033297_2022W14_QUESTIONABLE_LP,NFL,2022,14,2022_NFL_W14_KC_DEN,NFL_DEN,NFL_P_00-0033297,DL,,QUESTIONABLE,LP,Shoulder,2022-12-10,nflverse,,2026-09-07T05:46:50.365367+00:00,2022-12-10T00:00:00
NFL_DEN_00-0035702_2022W14_QUESTIONABLE_LP,NFL,2022,14,2022_NFL_W14_KC_DEN,NFL_DEN,NFL_P_00-0035702,OL,,QUESTIONABLE,LP,Shoulder,2022-12-10,nflverse,,2026-09-07T05:46:50.365367+00:00,2022-12-10T00:00:00
NFL_DET_00-0036736_2022W14_OUT_DNP,NFL,2022,14,2022_NFL_W14_MIN_DET,NFL_DET,NFL_P_00-0036736,OL,,OUT,DNP,Ankle,2022-12-10,nflverse,,2026-09-07T05:46:50.365367+00:00,2022-12-10T00:00:00
NFL_DET_00-0036964_2022W14_OUT_DNP,NFL,2022,14,2022_NFL_W14_MIN_DET,NFL_DET,NFL_P_00-0036964,LB,,OUT,DNP,Knee,2022-12-10,nflverse,,2026-09-07T05:46:50.365367+00:00,2022-12-10T00:00:00
NFL_DET_00-0037321_2022W14_OUT_DNP,NFL,2022,14,2022_NFL_W14_MIN_DET,NFL_DET,NFL_P_00-0037321,CB,,OUT,DNP,Hamstring,2022-12-10,nflverse,,2026-09-07T05:46:50.365367+00:00,2022-12-10T00:00:00
NFL_DET_00-0034495_2022W14_DOUBTFUL_LP,NFL,2022,14,2022_NFL_W14_MIN_DET,NFL_DET,NFL_P_00-0034495,OL,,DOUBTFUL,LP,Ankle,2022-12-10,nflverse,,2026-09-07T05:46:50.365367+00:00,2022-12-10T00:00:00
NFL_DET_00-0035655_2022W14_QUESTIONABLE_DNP,NFL,2022,14,2022_NFL_W14_MIN_DET,NFL_DET,NFL_P_00-0035655,CB,,QUESTIONABLE,DNP,Hip,2022-12-10,nflverse,,2026-09-07T05:46:50.365367+00:00,2022-12-10T00:00:00
NFL_DET_00-0032792_2022W14_QUESTIONABLE_DNP,NFL,2022,14,2022_NFL_W14_MIN_DET,NFL_DET,NFL_P_00-0032792,QB,,QUESTIONABLE,DNP,Illness,2022-12-10,nflverse,,2026-09-07T05:46:50.365367+00:00,2022-12-10T00:00:00
NFL_DET_00-0036274_2022W14_QUESTIONABLE_LP,NFL,2022,14,2022_NFL_W14_MIN_DET,NFL_DET,NFL_P_00-0036274,CB,,QUESTIONABLE,LP,Illness,2022-12-10,nflverse,,2026-09-07T05:46:50.365367+00:00,2022-12-10T00:00:00
NFL_DET_00-0032464_2022W14_QUESTIONABLE_LP,NFL,2022,14,2022_NFL_W14_MIN_DET,NFL_DET,NFL_P_00-0032464,WR,,QUESTIONABLE,LP,Illness,2022-12-10,nflverse,,2026-09-07T05:46:50.365367+00:00,2022-12-10T00:00:00
NFL_HOU_00-0033131_2022W14_NA_DNP,NFL,2022,14,2022_NFL_W14_HOU_DAL,NFL_HOU,NFL_P_00-0033131,DL,,UNKNOWN,DNP,Not injury related - resting player,2022-12-10,nflverse,,2026-09-07T05:46:50.365367+00:00,2022-12-10T00:00:00
NFL_HOU_00-0027881_2022W14_NA_DNP,NFL,2022,14,2022_NFL_W14_HOU_DAL,NFL_HOU,NFL_P_00-0027881,EDGE,,UNKNOWN,DNP,Not injury related - resting player,2022-12-10,nflverse,,2026-09-07T05:46:50.365367+00:00,2022-12-10T00:00:00
NFL_HOU_00-0036554_2022W14_OUT_DNP,NFL,2022,14,2022_NFL_W14_HOU_DAL,NFL_HOU,NFL_P_00-0036554,WR,,OUT,DNP,Foot,2022-12-10,nflverse,,2026-09-07T05:46:50.365367+00:00,2022-12-10T00:00:00
NFL_HOU_00-0031236_2022W14_OUT_DNP,NFL,2022,14,2022_NFL_W14_HOU_DAL,NFL_HOU,NFL_P_00-0031236,WR,,OUT,DNP,Calf,2022-12-10,nflverse,,2026-09-07T05:46:50.365367+00:00,2022-12-10T00:00:00
NFL_HOU_00-0037459_2022W14_OUT_DNP,NFL,2022,14,2022_NFL_W14_HOU_DAL,NFL_HOU,NFL_P_00-0037459,DL,,OUT,DNP,Shoulder,2022-12-10,nflverse,,2026-09-07T05:46:50.365367+00:00,2022-12-10T00:00:00
NFL_HOU_00-0037237_2022W14_OUT_DNP,NFL,2022,14,2022_NFL_W14_HOU_DAL,NFL_HOU,NFL_P_00-0037237,CB,,OUT,DNP,Hamstring,2022-12-10,nflverse,,2026-09-07T05:46:50.365367+00:00,2022-12-10T00:00:00
NFL_HOU_00-0030792_2022W14_QUESTIONABLE_FP,NFL,2022,14,2022_NFL_W14_HOU_DAL,NFL_HOU,NFL_P_00-0030792,OL,,QUESTIONABLE,FP,Hamstring,2022-12-10,nflverse,,2026-09-07T05:46:50.365367+00:00,2022-12-10T00:00:00
NFL_HOU_00-0037456_2022W14_QUESTIONABLE_LP,NFL,2022,14,2022_NFL_W14_HOU_DAL,NFL_HOU,NFL_P_00-0037456,RB,,QUESTIONABLE,LP,Chest,2022-12-10,nflverse,,2026-09-07T05:46:50.365367+00:00,2022-12-10T00:00:00
NFL_JAX_00-0037811_2022W14_OUT_DNP,NFL,2022,14,2022_NFL_W14_JAX_TEN,NFL_JAX,NFL_P_00-0037811,LB,,OUT,DNP,Ankle,2022-12-10,nflverse,,2026-09-07T05:46:50.365367+00:00,2022-12-10T00:00:00
NFL_JAX_00-0036941_2022W14_QUESTIONABLE_LP,NFL,2022,14,2022_NFL_W14_JAX_TEN,NFL_JAX,NFL_P_00-0036941,S,,QUESTIONABLE,LP,Shoulder,2022-12-10,nflverse,,2026-09-07T05:46:50.365367+00:00,2022-12-10T00:00:00
NFL_JAX_00-0033891_2022W14_QUESTIONABLE_LP,NFL,2022,14,2022_NFL_W14_JAX_TEN,NFL_JAX,NFL_P_00-0033891,WR,,QUESTIONABLE,LP,Chest,2022-12-10,nflverse,,2026-09-07T05:46:50.365367+00:00,2022-12-10T00:00:00
NFL_JAX_00-0036971_2022W14_QUESTIONABLE_LP,NFL,2022,14,2022_NFL_W14_JAX_TEN,NFL_JAX,NFL_P_00-0036971,QB,,QUESTIONABLE,LP,Toe,2022-12-10,nflverse,,2026-09-07T05:46:50.365367+00:00,2022-12-10T00:00:00
NFL_KC_00-0032391_2022W14_QUESTIONABLE_FP,NFL,2022,14,2022_NFL_W14_KC_DEN,NFL_KC,NFL_P_00-0032391,OL,,QUESTIONABLE,FP,Ankle,2022-12-10,nflverse,,2026-09-07T05:46:50.365367+00:00,2022-12-10T00:00:00
NFL_KC_00-0036913_2022W14_QUESTIONABLE_LP,NFL,2022,14,2022_NFL_W14_KC_DEN,NFL_KC,NFL_P_00-0036913,WR,,QUESTIONABLE,LP,Hamstring,2022-12-10,nflverse,,2026-09-07T05:46:50.365367+00:00,2022-12-10T00:00:00
NFL_LAR_00-0031388_2022W14_OUT_DNP,NFL,2022,14,2022_NFL_W14_LV_LAR,NFL_LAR,NFL_P_00-0031388,DL,,OUT,DNP,Ankle,2022-12-08,nflverse,,2026-09-07T05:46:50.365367+00:00,2022-12-08T00:00:00
NFL_LAR_00-0034812_2022W14_OUT_DNP,NFL,2022,14,2022_NFL_W14_LV_LAR,NFL_LAR,NFL_P_00-0034812,LB,,OUT,DNP,Hip,2022-12-08,nflverse,,2026-09-07T05:46:50.365367+00:00,2022-12-08T00:00:00
NFL_LAR_00-0036419_2022W14_OUT_DNP,NFL,2022,14,2022_NFL_W14_LV_LAR,NFL_LAR,NFL_P_00-0036419,LB,,OUT,DNP,Back,2022-12-08,nflverse,,2026-09-07T05:46:50.365367+00:00,2022-12-08T00:00:00
NFL_LAR_00-0035665_2022W14_OUT_DNP,NFL,2022,14,2022_NFL_W14_LV_LAR,NFL_LAR,NFL_P_00-0035665,CB,,OUT,DNP,Groin,2022-12-08,nflverse,,2026-09-07T05:46:50.365367+00:00,2022-12-08T00:00:00
NFL_LAR_00-0034646_2022W14_QUESTIONABLE_DNP,NFL,2022,14,2022_NFL_W14_LV_LAR,NFL_LAR,NFL_P_00-0034646,WR,,QUESTIONABLE,DNP,Illness,2022-12-08,nflverse,,2026-09-07T05:46:50.365367+00:00,2022-12-08T00:00:00
NFL_LAR_00-0031785_2022W14_QUESTIONABLE_LP,NFL,2022,14,2022_NFL_W14_LV_LAR,NFL_LAR,NFL_P_00-0031785,CB,,QUESTIONABLE,LP,Groin,2022-12-08,nflverse,,2026-09-07T05:46:50.365367+00:00,2022-12-08T00:00:00
NFL_LAR_00-0037055_2022W14_QUESTIONABLE_LP,NFL,2022,14,2022_NFL_W14_LV_LAR,NFL_LAR,NFL_P_00-0037055,WR,,QUESTIONABLE,LP,Shoulder,2022-12-08,nflverse,,2026-09-07T05:46:50.365367+00:00,2022-12-08T00:00:00
NFL_LAR_00-0034899_2022W14_QUESTIONABLE_LP,NFL,2022,14,2022_NFL_W14_LV_LAR,NFL_LAR,NFL_P_00-0034899,QB,,QUESTIONABLE,LP,Neck,2022-12-08,nflverse,,2026-09-07T05:46:50.365367+00:00,2022-12-08T00:00:00
NFL_LAC_00-0031904_2022W14_DOUBTFUL_DNP,NFL,2022,14,2022_NFL_W14_MIA_LAC,NFL_LAC,NFL_P_00-0031904,CB,,DOUBTFUL,DNP,Groin,2022-12-11,nflverse,,2026-09-07T05:46:50.365367+00:00,2022-12-11T00:00:00
NFL_LAC_00-0034790_2022W14_DOUBTFUL_DNP,NFL,2022,14,2022_NFL_W14_MIA_LAC,NFL_LAC,NFL_P_00-0034790,S,,DOUBTFUL,DNP,Quadricep,2022-12-11,nflverse,,2026-09-07T05:46:50.365367+00:00,2022-12-11T00:00:00
NFL_LAC_00-0034810_2022W14_DOUBTFUL_DNP,NFL,2022,14,2022_NFL_W14_MIA_LAC,NFL_LAC,NFL_P_00-0034810,DL,,DOUBTFUL,DNP,Knee,2022-12-11,nflverse,,2026-09-07T05:46:50.365367+00:00,2022-12-11T00:00:00
NFL_LAC_00-0035688_2022W14_DOUBTFUL_DNP,NFL,2022,14,2022_NFL_W14_MIA_LAC,NFL_LAC,NFL_P_00-0035688,OL,,DOUBTFUL,DNP,Knee,2022-12-11,nflverse,,2026-09-07T05:46:50.365367+00:00,2022-12-11T00:00:00
NFL_LAC_00-0031384_2022W14_QUESTIONABLE_DNP,NFL,2022,14,2022_NFL_W14_MIA_LAC,NFL_LAC,NFL_P_00-0031384,TE,,QUESTIONABLE,DNP,Knee,2022-12-11,nflverse,,2026-09-07T05:46:50.365367+00:00,2022-12-11T00:00:00
NFL_LV_00-0034125_2022W14_NA_LP,NFL,2022,14,2022_NFL_W14_LV_LAR,NFL_LV,NFL_P_00-0034125,DL,,UNKNOWN,LP,Back,2022-12-08,nflverse,,2026-09-07T05:46:50.365367+00:00,2022-12-08T00:00:00
NFL_LV_00-0033066_2022W14_OUT_DNP,NFL,2022,14,2022_NFL_W14_LV_LAR,NFL_LV,NFL_P_00-0033066,DL,,OUT,DNP,Fibula,2022-12-08,nflverse,,2026-09-07T05:46:50.365367+00:00,2022-12-08T00:00:00
NFL_LV_00-0033954_2022W14_OUT_DNP,NFL,2022,14,2022_NFL_W14_LV_LAR,NFL_LV,NFL_P_00-0033954,LB,,OUT,DNP,Hand,2022-12-08,nflverse,,2026-09-07T05:46:50.365367+00:00,2022-12-08T00:00:00
NFL_LV_00-0035562_2022W14_OUT_DNP,NFL,2022,14,2022_NFL_W14_LV_LAR,NFL_LV,NFL_P_00-0035562,TE,,OUT,DNP,Concussion,2022-12-08,nflverse,,2026-09-07T05:46:50.365367+00:00,2022-12-08T00:00:00
NFL_LV_00-0035637_2022W14_OUT_DNP,NFL,2022,14,2022_NFL_W14_LV_LAR,NFL_LV,NFL_P_00-0035637,CB,,OUT,DNP,Knee,2022-12-08,nflverse,,2026-09-07T05:46:50.365367+00:00,2022-12-08T00:00:00
NFL_LV_00-0035783_2022W14_QUESTIONABLE_LP,NFL,2022,14,2022_NFL_W14_LV_LAR,NFL_LV,NFL_P_00-0035783,CB,,QUESTIONABLE,LP,Back,2022-12-08,nflverse,,2026-09-07T05:46:50.365367+00:00,2022-12-08T00:00:00
NFL_LV_00-0035700_2022W14_QUESTIONABLE_LP,NFL,2022,14,2022_NFL_W14_LV_LAR,NFL_LV,NFL_P_00-0035700,RB,,QUESTIONABLE,LP,Quadricep,2022-12-08,nflverse,,2026-09-07T05:46:50.365367+00:00,2022-12-08T00:00:00
NFL_MIA_00-0029249_2022W14_NA_DNP,NFL,2022,14,2022_NFL_W14_MIA_LAC,NFL_MIA,NFL_P_00-0029249,LB,,UNKNOWN,DNP,Not injury related - resting player,2022-12-11,nflverse,,2026-09-07T05:46:50.365367+00:00,2022-12-11T00:00:00
NFL_MIA_00-0036213_2022W14_NA_LP,NFL,2022,14,2022_NFL_W14_MIA_LAC,NFL_MIA,NFL_P_00-0036213,DL,,UNKNOWN,LP,Knee,2022-12-11,nflverse,,2026-09-07T05:46:50.365367+00:00,2022-12-11T00:00:00
NFL_MIA_00-0034054_2022W14_DOUBTFUL_DNP,NFL,2022,14,2022_NFL_W14_MIA_LAC,NFL_MIA,NFL_P_00-0034054,WR,,DOUBTFUL,DNP,Calf,2022-12-11,nflverse,,2026-09-07T05:46:50.365367+00:00,2022-12-11T00:00:00
NFL_MIA_00-0030067_2022W14_QUESTIONABLE_LP,NFL,2022,14,2022_NFL_W14_MIA_LAC,NFL_MIA,NFL_P_00-0030067,OL,,QUESTIONABLE,LP,Toe,2022-12-11,nflverse,,2026-09-07T05:46:50.365367+00:00,2022-12-11T00:00:00
NFL_MIA_00-0031237_2022W14_QUESTIONABLE_LP,NFL,2022,14,2022_NFL_W14_MIA_LAC,NFL_MIA,NFL_P_00-0031237,QB,,QUESTIONABLE,LP,Knee,2022-12-11,nflverse,,2026-09-07T05:46:50.365367+00:00,2022-12-11T00:00:00
NFL_MIA_00-0034798_2022W14_QUESTIONABLE_LP,NFL,2022,14,2022_NFL_W14_MIA_LAC,NFL_MIA,NFL_P_00-0034798,TE,,QUESTIONABLE,LP,Quadricep,2022-12-11,nflverse,,2026-09-07T05:46:50.365367+00:00,2022-12-11T00:00:00
NFL_MIA_00-0032518_2022W14_QUESTIONABLE_LP,NFL,2022,14,2022_NFL_W14_MIA_LAC,NFL_MIA,NFL_P_00-0032518,DL,,QUESTIONABLE,LP,Back,2022-12-11,nflverse,,2026-09-07T05:46:50.365367+00:00,2022-12-11T00:00:00
NFL_MIN_00-0033093_2022W14_OUT_DNP,NFL,2022,14,2022_NFL_W14_MIN_DET,NFL_MIN,NFL_P_00-0033093,EDGE,,OUT,DNP,Biceps,2022-12-10,nflverse,,2026-09-07T05:46:50.365367+00:00,2022-12-10T00:00:00
NFL_MIN_00-0036616_2022W14_QUESTIONABLE_FP,NFL,2022,14,2022_NFL_W14_MIN_DET,NFL_MIN,NFL_P_00-0036616,OL,,QUESTIONABLE,FP,Concussion,2022-12-10,nflverse,,2026-09-07T05:46:50.365367+00:00,2022-12-10T00:00:00
NFL_MIN_00-0035588_2022W14_QUESTIONABLE_LP,NFL,2022,14,2022_NFL_W14_MIN_DET,NFL_MIN,NFL_P_00-0035588,OL,,QUESTIONABLE,LP,Back,2022-12-10,nflverse,,2026-09-07T05:46:50.365367+00:00,2022-12-10T00:00:00
NFL_MIN_00-0029606_2022W14_QUESTIONABLE_LP,NFL,2022,14,2022_NFL_W14_MIN_DET,NFL_MIN,NFL_P_00-0029606,S,,QUESTIONABLE,LP,Neck,2022-12-10,nflverse,,2026-09-07T05:46:50.365367+00:00,2022-12-10T00:00:00
NFL_NE_00-0034960_2022W14_OUT_DNP,NFL,2022,14,2022_NFL_W14_NE_ARI,NFL_NE,NFL_P_00-0034960,WR,,OUT,DNP,Concussion,2022-12-12,nflverse,,2026-09-07T05:46:50.365367+00:00,2022-12-12T00:00:00
NFL_NE_00-0032803_2022W14_OUT_DNP,NFL,2022,14,2022_NFL_W14_NE_ARI,NFL_NE,NFL_P_00-0032803,CB,,OUT,DNP,Groin,2022-12-12,nflverse,,2026-09-07T05:46:50.365367+00:00,2022-12-12T00:00:00
NFL_NE_00-0034833_2022W14_OUT_DNP,NFL,2022,14,2022_NFL_W14_NE_ARI,NFL_NE,NFL_P_00-0034833,OL,,OUT,DNP,Foot,2022-12-12,nflverse,,2026-09-07T05:46:50.365367+00:00,2022-12-12T00:00:00
NFL_NE_00-0035657_2022W14_DOUBTFUL_DNP,NFL,2022,14,2022_NFL_W14_NE_ARI,NFL_NE,NFL_P_00-0035657,RB,,DOUBTFUL,DNP,Thigh,2022-12-12,nflverse,,2026-09-07T05:46:50.365367+00:00,2022-12-12T00:00:00
NFL_NE_00-0032071_2022W14_QUESTIONABLE_LP,NFL,2022,14,2022_NFL_W14_NE_ARI,NFL_NE,NFL_P_00-0032071,OL,,QUESTIONABLE,LP,Illness,2022-12-12,nflverse,,2026-09-07T05:46:50.365367+00:00,2022-12-12T00:00:00
NFL_NE_00-0035252_2022W14_QUESTIONABLE_LP,NFL,2022,14,2022_NFL_W14_NE_ARI,NFL_NE,NFL_P_00-0035252,OL,,QUESTIONABLE,LP,Calf,2022-12-12,nflverse,,2026-09-07T05:46:50.365367+00:00,2022-12-12T00:00:00
NFL_NYG_00-0032980_2022W14_NA_DNP,NFL,2022,14,2022_NFL_W14_PHI_NYG,NFL_NYG,NFL_P_00-0032980,WR,,UNKNOWN,DNP,Illness,2022-12-10,nflverse,,2026-09-07T05:46:50.365367+00:00,2022-12-10T00:00:00
NFL_NYG_00-0037807_2022W14_OUT_DNP,NFL,2022,14,2022_NFL_W14_PHI_NYG,NFL_NYG,NFL_P_00-0037807,OL,,OUT,DNP,Neck,2022-12-10,nflverse,,2026-09-07T05:46:50.365367+00:00,2022-12-10T00:00:00
NFL_NYG_00-0033878_2022W14_OUT_DNP,NFL,2022,14,2022_NFL_W14_PHI_NYG,NFL_NYG,NFL_P_00-0033878,CB,,OUT,DNP,Knee,2022-12-10,nflverse,,2026-09-07T05:46:50.365367+00:00,2022-12-10T00:00:00
NFL_NYG_00-0036397_2022W14_OUT_DNP,NFL,2022,14,2022_NFL_W14_PHI_NYG,NFL_NYG,NFL_P_00-0036397,OL,,OUT,DNP,Toe,2022-12-10,nflverse,,2026-09-07T05:46:50.365367+00:00,2022-12-10T00:00:00
NFL_NYG_00-0031933_2022W14_DOUBTFUL_DNP,NFL,2022,14,2022_NFL_W14_PHI_NYG,NFL_NYG,NFL_P_00-0031933,DL,,DOUBTFUL,DNP,Neck,2022-12-10,nflverse,,2026-09-07T05:46:50.365367+00:00,2022-12-10T00:00:00
NFL_NYG_00-0034844_2022W14_QUESTIONABLE_LP,NFL,2022,14,2022_NFL_W14_PHI_NYG,NFL_NYG,NFL_P_00-0034844,RB,,QUESTIONABLE,LP,Neck,2022-12-10,nflverse,,2026-09-07T05:46:50.365367+00:00,2022-12-10T00:00:00
NFL_NYJ_00-0038107_2022W14_QUESTIONABLE_DNP,NFL,2022,14,2022_NFL_W14_NYJ_BUF,NFL_NYJ,NFL_P_00-0038107,EDGE,,QUESTIONABLE,DNP,Illness,2022-12-10,nflverse,,2026-09-07T05:46:50.365367+00:00,2022-12-10T00:00:00
NFL_PHI_00-0032890_2022W14_NA_LP,NFL,2022,14,2022_NFL_W14_PHI_NYG,NFL_PHI,NFL_P_00-0032890,CB,,UNKNOWN,LP,Not injury related - resting player,2022-12-10,nflverse,,2026-09-07T05:46:50.365367+00:00,2022-12-10T00:00:00
NFL_PHI_00-0035676_2022W14_NA_LP,NFL,2022,14,2022_NFL_W14_PHI_NYG,NFL_PHI,NFL_P_00-0035676,WR,,UNKNOWN,LP,Not injury related - resting player,2022-12-10,nflverse,,2026-09-07T05:46:50.365367+00:00,2022-12-10T00:00:00
NFL_PHI_00-0029653_2022W14_NA_LP,NFL,2022,14,2022_NFL_W14_PHI_NYG,NFL_PHI,NFL_P_00-0029653,DL,,UNKNOWN,LP,Not injury related - resting player,2022-12-10,nflverse,,2026-09-07T05:46:50.365367+00:00,2022-12-10T00:00:00
NFL_PHI_00-0037002_2022W14_NA_LP,NFL,2022,14,2022_NFL_W14_PHI_NYG,NFL_PHI,NFL_P_00-0037002,OL,,UNKNOWN,LP,Not injury related - resting player,2022-12-10,nflverse,,2026-09-07T05:46:50.365367+00:00,2022-12-10T00:00:00
NFL_PHI_00-0027865_2022W14_NA_LP,NFL,2022,14,2022_NFL_W14_PHI_NYG,NFL_PHI,NFL_P_00-0027865,EDGE,,UNKNOWN,LP,Not injury related - resting player,2022-12-10,nflverse,,2026-09-07T05:46:50.365367+00:00,2022-12-10T00:00:00
NFL_PHI_00-0030561_2022W14_NA_LP,NFL,2022,14,2022_NFL_W14_PHI_NYG,NFL_PHI,NFL_P_00-0030561,OL,,UNKNOWN,LP,Not injury related - resting player,2022-12-10,nflverse,,2026-09-07T05:46:50.365367+00:00,2022-12-10T00:00:00
NFL_PHI_00-0028129_2022W14_NA_LP,NFL,2022,14,2022_NFL_W14_PHI_NYG,NFL_PHI,NFL_P_00-0028129,OL,,UNKNOWN,LP,Not injury related - resting player,2022-12-10,nflverse,,2026-09-07T05:46:50.365367+00:00,2022-12-10T00:00:00
NFL_PHI_00-0032954_2022W14_NA_LP,NFL,2022,14,2022_NFL_W14_PHI_NYG,NFL_PHI,NFL_P_00-0032954,OL,,UNKNOWN,LP,Not injury related - resting player,2022-12-10,nflverse,,2026-09-07T05:46:50.365367+00:00,2022-12-10T00:00:00
NFL_PHI_00-0030062_2022W14_NA_LP,NFL,2022,14,2022_NFL_W14_PHI_NYG,NFL_PHI,NFL_P_00-0030062,CB,,UNKNOWN,LP,Not injury related - resting player,2022-12-10,nflverse,,2026-09-07T05:46:50.365367+00:00,2022-12-10T00:00:00
NFL_PHI_00-0034381_2022W14_NA_LP,NFL,2022,14,2022_NFL_W14_PHI_NYG,NFL_PHI,NFL_P_00-0034381,EDGE,,UNKNOWN,LP,Not injury related - resting player,2022-12-10,nflverse,,2026-09-07T05:46:50.365367+00:00,2022-12-10T00:00:00
NFL_PHI_00-0036401_2022W14_OUT_DNP,NFL,2022,14,2022_NFL_W14_PHI_NYG,NFL_PHI,NFL_P_00-0036401,LB,,OUT,DNP,Hamstring,2022-12-10,nflverse,,2026-09-07T05:46:50.365367+00:00,2022-12-10T00:00:00
NFL_PHI_00-0036984_2022W14_QUESTIONABLE_NA,NFL,2022,14,2022_NFL_W14_PHI_NYG,NFL_PHI,NFL_P_00-0036984,RB,,QUESTIONABLE,,Illness,2022-12-10,nflverse,,2026-09-07T05:46:50.365367+00:00,2022-12-10T00:00:00
NFL_PIT_00-0034954_2022W14_QUESTIONABLE_FP,NFL,2022,14,2022_NFL_W14_BAL_PIT,NFL_PIT,NFL_P_00-0034954,LB,,QUESTIONABLE,FP,Back,2022-12-10,nflverse,,2026-09-07T05:46:50.365367+00:00,2022-12-10T00:00:00
NFL_PIT_00-0035216_2022W14_QUESTIONABLE_LP,NFL,2022,14,2022_NFL_W14_BAL_PIT,NFL_PIT,NFL_P_00-0035216,WR,,QUESTIONABLE,LP,Hip,2022-12-10,nflverse,,2026-09-07T05:46:50.365367+00:00,2022-12-10T00:00:00
NFL_PIT_00-0033886_2022W14_QUESTIONABLE_LP,NFL,2022,14,2022_NFL_W14_BAL_PIT,NFL_PIT,NFL_P_00-0033886,LB,,QUESTIONABLE,LP,Ribs,2022-12-10,nflverse,,2026-09-07T05:46:50.365367+00:00,2022-12-10T00:00:00
NFL_SEA_00-0036425_2022W14_QUESTIONABLE_DNP,NFL,2022,14,2022_NFL_W14_CAR_SEA,NFL_SEA,NFL_P_00-0036425,RB,,QUESTIONABLE,DNP,Ankle,2022-12-10,nflverse,,2026-09-07T05:46:50.365367+00:00,2022-12-10T00:00:00
NFL_SEA_00-0035640_2022W14_QUESTIONABLE_DNP,NFL,2022,14,2022_NFL_W14_CAR_SEA,NFL_SEA,NFL_P_00-0035640,WR,,QUESTIONABLE,DNP,Hip,2022-12-10,nflverse,,2026-09-07T05:46:50.365367+00:00,2022-12-10T00:00:00
NFL_SEA_00-0038134_2022W14_QUESTIONABLE_DNP,NFL,2022,14,2022_NFL_W14_CAR_SEA,NFL_SEA,NFL_P_00-0038134,RB,,QUESTIONABLE,DNP,Ankle,2022-12-10,nflverse,,2026-09-07T05:46:50.365367+00:00,2022-12-10T00:00:00
NFL_SEA_00-0034527_2022W14_QUESTIONABLE_FP,NFL,2022,14,2022_NFL_W14_CAR_SEA,NFL_SEA,NFL_P_00-0034527,S,,QUESTIONABLE,FP,Knee,2022-12-10,nflverse,,2026-09-07T05:46:50.365367+00:00,2022-12-10T00:00:00
NFL_SEA_00-0034159_2022W14_QUESTIONABLE_LP,NFL,2022,14,2022_NFL_W14_CAR_SEA,NFL_SEA,NFL_P_00-0034159,TE,,QUESTIONABLE,LP,Calf,2022-12-10,nflverse,,2026-09-07T05:46:50.365367+00:00,2022-12-10T00:00:00
NFL_SF_00-0031345_2022W14_OUT_DNP,NFL,2022,14,2022_NFL_W14_TB_SF,NFL_SF,NFL_P_00-0031345,QB,,OUT,DNP,Foot,2022-12-10,nflverse,,2026-09-07T05:46:50.365367+00:00,2022-12-10T00:00:00
NFL_SF_00-0034263_2022W14_OUT_DNP,NFL,2022,14,2022_NFL_W14_TB_SF,NFL_SF,NFL_P_00-0034263,S,,OUT,DNP,Knee,2022-12-10,nflverse,,2026-09-07T05:46:50.365367+00:00,2022-12-10T00:00:00
NFL_SF_00-0032402_2022W14_OUT_DNP,NFL,2022,14,2022_NFL_W14_TB_SF,NFL_SF,NFL_P_00-0032402,DL,,OUT,DNP,Pectoral,2022-12-10,nflverse,,2026-09-07T05:46:50.365367+00:00,2022-12-10T00:00:00
NFL_SF_00-0035717_2022W14_QUESTIONABLE_DNP,NFL,2022,14,2022_NFL_W14_TB_SF,NFL_SF,NFL_P_00-0035717,EDGE,,QUESTIONABLE,DNP,Hamstring,2022-12-10,nflverse,,2026-09-07T05:46:50.365367+00:00,2022-12-10T00:00:00
NFL_TB_00-0034773_2022W14_NA_LP,NFL,2022,14,2022_NFL_W14_TB_SF,NFL_TB,NFL_P_00-0034773,DL,,UNKNOWN,LP,Foot,2022-12-10,nflverse,,2026-09-07T05:46:50.365367+00:00,2022-12-10T00:00:00
NFL_TB_00-0035681_2022W14_DOUBTFUL_DNP,NFL,2022,14,2022_NFL_W14_TB_SF,NFL_TB,NFL_P_00-0035681,S,,DOUBTFUL,DNP,Hamstring,2022-12-10,nflverse,,2026-09-07T05:46:50.365367+00:00,2022-12-10T00:00:00
NFL_TB_00-0036411_2022W14_DOUBTFUL_DNP,NFL,2022,14,2022_NFL_W14_TB_SF,NFL_TB,NFL_P_00-0036411,S,,DOUBTFUL,DNP,Ankle,2022-12-10,nflverse,,2026-09-07T05:46:50.365367+00:00,2022-12-10T00:00:00
NFL_TB_00-0036406_2022W14_DOUBTFUL_DNP,NFL,2022,14,2022_NFL_W14_TB_SF,NFL_TB,NFL_P_00-0036406,OL,,DOUBTFUL,DNP,Ankle,2022-12-10,nflverse,,2026-09-07T05:46:50.365367+00:00,2022-12-10T00:00:00
NFL_TB_00-0033856_2022W14_QUESTIONABLE_DNP,NFL,2022,14,2022_NFL_W14_TB_SF,NFL_TB,NFL_P_00-0033856,RB,,QUESTIONABLE,DNP,Foot,2022-12-10,nflverse,,2026-09-07T05:46:50.365367+00:00,2022-12-10T00:00:00
NFL_TB_00-0029657_2022W14_QUESTIONABLE_DNP,NFL,2022,14,2022_NFL_W14_TB_SF,NFL_TB,NFL_P_00-0029657,DL,,QUESTIONABLE,DNP,Foot,2022-12-10,nflverse,,2026-09-07T05:46:50.365367+00:00,2022-12-10T00:00:00
NFL_TB_00-0035239_2022W14_QUESTIONABLE_FP,NFL,2022,14,2022_NFL_W14_TB_SF,NFL_TB,NFL_P_00-0035239,CB,,QUESTIONABLE,FP,Quadricep,2022-12-10,nflverse,,2026-09-07T05:46:50.365367+00:00,2022-12-10T00:00:00
NFL_TEN_00-0035649_2022W14_NA_LP,NFL,2022,14,2022_NFL_W14_JAX_TEN,NFL_TEN,NFL_P_00-0035649,OL,,UNKNOWN,LP,Knee,2022-12-10,nflverse,,2026-09-07T05:46:50.365367+00:00,2022-12-10T00:00:00
NFL_TEN_00-0029413_2022W14_NA_LP,NFL,2022,14,2022_NFL_W14_JAX_TEN,NFL_TEN,NFL_P_00-0029413,OL,,UNKNOWN,LP,Not injury related - resting player,2022-12-10,nflverse,,2026-09-07T05:46:50.365367+00:00,2022-12-10T00:00:00
NFL_TEN_00-0031254_2022W14_OUT_DNP,NFL,2022,14,2022_NFL_W14_JAX_TEN,NFL_TEN,NFL_P_00-0031254,EDGE,,OUT,DNP,Knee,2022-12-10,nflverse,,2026-09-07T05:46:50.365367+00:00,2022-12-10T00:00:00
NFL_TEN_00-0037593_2022W14_OUT_DNP,NFL,2022,14,2022_NFL_W14_JAX_TEN,NFL_TEN,NFL_P_00-0037593,CB,,OUT,DNP,Concussion,2022-12-10,nflverse,,2026-09-07T05:46:50.365367+00:00,2022-12-10T00:00:00
NFL_TEN_00-0033367_2022W14_OUT_DNP,NFL,2022,14,2022_NFL_W14_JAX_TEN,NFL_TEN,NFL_P_00-0033367,WR,,OUT,DNP,Rib,2022-12-10,nflverse,,2026-09-07T05:46:50.365367+00:00,2022-12-10T00:00:00
NFL_TEN_00-0037742_2022W14_OUT_DNP,NFL,2022,14,2022_NFL_W14_JAX_TEN,NFL_TEN,NFL_P_00-0037742,WR,,OUT,DNP,Concussion,2022-12-10,nflverse,,2026-09-07T05:46:50.365367+00:00,2022-12-10T00:00:00
NFL_TEN_00-0036416_2022W14_OUT_DNP,NFL,2022,14,2022_NFL_W14_JAX_TEN,NFL_TEN,NFL_P_00-0036416,CB,,OUT,DNP,Groin,2022-12-10,nflverse,,2026-09-07T05:46:50.365367+00:00,2022-12-10T00:00:00
NFL_TEN_00-0035292_2022W14_OUT_DNP,NFL,2022,14,2022_NFL_W14_JAX_TEN,NFL_TEN,NFL_P_00-0035292,LB,,OUT,DNP,Hamstring,2022-12-10,nflverse,,2026-09-07T05:46:50.365367+00:00,2022-12-10T00:00:00
NFL_TEN_00-0037617_2022W14_QUESTIONABLE_LP,NFL,2022,14,2022_NFL_W14_JAX_TEN,NFL_TEN,NFL_P_00-0037617,RB,,QUESTIONABLE,LP,Hip,2022-12-10,nflverse,,2026-09-07T05:46:50.365367+00:00,2022-12-10T00:00:00
NFL_TEN_00-0035643_2022W14_QUESTIONABLE_LP,NFL,2022,14,2022_NFL_W14_JAX_TEN,NFL_TEN,NFL_P_00-0035643,DL,,QUESTIONABLE,LP,Ankle,2022-12-10,nflverse,,2026-09-07T05:46:50.365367+00:00,2022-12-10T00:00:00
NFL_TEN_00-0036181_2022W14_QUESTIONABLE_LP,NFL,2022,14,2022_NFL_W14_JAX_TEN,NFL_TEN,NFL_P_00-0036181,DL,,QUESTIONABLE,LP,Ankle,2022-12-10,nflverse,,2026-09-07T05:46:50.365367+00:00,2022-12-10T00:00:00
NFL_ARI_00-0035248_2022W15_OUT_DNP,NFL,2022,15,2022_NFL_W15_ARI_DEN,NFL_ARI,NFL_P_00-0035248,EDGE,,OUT,DNP,Hand,2022-12-17,nflverse,,2026-09-07T05:46:50.365367+00:00,2022-12-17T00:00:00
NFL_ARI_00-0035236_2022W15_OUT_DNP,NFL,2022,15,2022_NFL_W15_ARI_DEN,NFL_ARI,NFL_P_00-0035236,CB,,OUT,DNP,Back,2022-12-17,nflverse,,2026-09-07T05:46:50.365367+00:00,2022-12-17T00:00:00
NFL_ARI_00-0032933_2022W15_QUESTIONABLE_DNP,NFL,2022,15,2022_NFL_W15_ARI_DEN,NFL_ARI,NFL_P_00-0032933,CB,,QUESTIONABLE,DNP,Back,2022-12-17,nflverse,,2026-09-07T05:46:50.365367+00:00,2022-12-17T00:00:00
NFL_ARI_00-0035662_2022W15_QUESTIONABLE_LP,NFL,2022,15,2022_NFL_W15_ARI_DEN,NFL_ARI,NFL_P_00-0035662,WR,,QUESTIONABLE,LP,Illness,2022-12-17,nflverse,,2026-09-07T05:46:50.365367+00:00,2022-12-17T00:00:00
NFL_ARI_00-0033631_2022W15_QUESTIONABLE_LP,NFL,2022,15,2022_NFL_W15_ARI_DEN,NFL_ARI,NFL_P_00-0033631,OL,,QUESTIONABLE,LP,Chest,2022-12-17,nflverse,,2026-09-07T05:46:50.365367+00:00,2022-12-17T00:00:00
NFL_ARI_00-0032560_2022W15_QUESTIONABLE_LP,NFL,2022,15,2022_NFL_W15_ARI_DEN,NFL_ARI,NFL_P_00-0032560,S,,QUESTIONABLE,LP,Chest,2022-12-17,nflverse,,2026-09-07T05:46:50.365367+00:00,2022-12-17T00:00:00
NFL_ARI_00-0036884_2022W15_QUESTIONABLE_LP,NFL,2022,15,2022_NFL_W15_ARI_DEN,NFL_ARI,NFL_P_00-0036884,CB,,QUESTIONABLE,LP,Neck,2022-12-17,nflverse,,2026-09-07T05:46:50.365367+00:00,2022-12-17T00:00:00
NFL_ATL_00-0030578_2022W15_NA_DNP,NFL,2022,15,2022_NFL_W15_ATL_NO,NFL_ATL,NFL_P_00-0030578,RB,,UNKNOWN,DNP,Not injury related - resting player,2022-12-17,nflverse,,2026-09-07T05:46:50.365367+00:00,2022-12-17T00:00:00
NFL_ATL_00-0035698_2022W15_OUT_DNP,NFL,2022,15,2022_NFL_W15_ATL_NO,NFL_ATL,NFL_P_00-0035698,OL,,OUT,DNP,Knee,2022-12-17,nflverse,,2026-09-07T05:46:50.365367+00:00,2022-12-17T00:00:00
NFL_BAL_00-0026190_2022W15_NA_DNP,NFL,2022,15,2022_NFL_W15_BAL_CLE,NFL_BAL,NFL_P_00-0026190,EDGE,,UNKNOWN,DNP,Not injury related - resting player,2022-12-16,nflverse,,2026-09-07T05:46:50.365367+00:00,2022-12-16T00:00:00
NFL_BAL_00-0028008_2022W15_NA_DNP,NFL,2022,15,2022_NFL_W15_BAL_CLE,NFL_BAL,NFL_P_00-0028008,LB,,UNKNOWN,DNP,Not injury related - resting player,2022-12-16,nflverse,,2026-09-07T05:46:50.365367+00:00,2022-12-16T00:00:00
NFL_BAL_00-0032165_2022W15_NA_DNP,NFL,2022,15,2022_NFL_W15_BAL_CLE,NFL_BAL,NFL_P_00-0032165,CB,,UNKNOWN,DNP,Not injury related - resting player,2022-12-16,nflverse,,2026-09-07T05:46:50.365367+00:00,2022-12-16T00:00:00
NFL_BAL_00-0027867_2022W15_NA_DNP,NFL,2022,15,2022_NFL_W15_BAL_CLE,NFL_BAL,NFL_P_00-0027867,EDGE,,UNKNOWN,DNP,Not injury related - resting player,2022-12-16,nflverse,,2026-09-07T05:46:50.365367+00:00,2022-12-16T00:00:00
NFL_BAL_00-0032965_2022W15_NA_DNP,NFL,2022,15,2022_NFL_W15_BAL_CLE,NFL_BAL,NFL_P_00-0032965,OL,,UNKNOWN,DNP,Not injury related - resting player,2022-12-16,nflverse,,2026-09-07T05:46:50.365367+00:00,2022-12-16T00:00:00
NFL_BAL_00-0034796_2022W15_OUT_DNP,NFL,2022,15,2022_NFL_W15_BAL_CLE,NFL_BAL,NFL_P_00-0034796,QB,,OUT,DNP,Knee,2022-12-16,nflverse,,2026-09-07T05:46:50.365367+00:00,2022-12-16T00:00:00
NFL_BAL_00-0031330_2022W15_QUESTIONABLE_FP,NFL,2022,15,2022_NFL_W15_BAL_CLE,NFL_BAL,NFL_P_00-0031330,OL,,QUESTIONABLE,FP,Knee,2022-12-16,nflverse,,2026-09-07T05:46:50.365367+00:00,2022-12-16T00:00:00
NFL_BAL_00-0038094_2022W15_QUESTIONABLE_FP,NFL,2022,15,2022_NFL_W15_BAL_CLE,NFL_BAL,NFL_P_00-0038094,P,,QUESTIONABLE,FP,right Knee,2022-12-16,nflverse,,2026-09-07T05:46:50.365367+00:00,2022-12-16T00:00:00
NFL_BAL_00-0029592_2022W15_QUESTIONABLE_FP,NFL,2022,15,2022_NFL_W15_BAL_CLE,NFL_BAL,NFL_P_00-0029592,OL,,QUESTIONABLE,FP,Knee,2022-12-16,nflverse,,2026-09-07T05:46:50.365367+00:00,2022-12-16T00:00:00
NFL_BUF_00-0031588_2022W15_NA_DNP,NFL,2022,15,2022_NFL_W15_MIA_BUF,NFL_BUF,NFL_P_00-0031588,WR,,UNKNOWN,DNP,Not injury related - resting player,2022-12-17,nflverse,,2026-09-07T05:46:50.365367+00:00,2022-12-17T00:00:00
NFL_BUF_00-0028063_2022W15_NA_DNP,NFL,2022,15,2022_NFL_W15_MIA_BUF,NFL_BUF,NFL_P_00-0028063,RB,,UNKNOWN,DNP,Not injury related - resting player,2022-12-17,nflverse,,2026-09-07T05:46:50.365367+00:00,2022-12-17T00:00:00
NFL_BUF_00-0027648_2022W15_NA_DNP,NFL,2022,15,2022_NFL_W15_MIA_BUF,NFL_BUF,NFL_P_00-0027648,OL,,UNKNOWN,DNP,Not injury related - resting player,2022-12-17,nflverse,,2026-09-07T05:46:50.365367+00:00,2022-12-17T00:00:00
NFL_BUF_00-0033571_2022W15_NA_LP,NFL,2022,15,2022_NFL_W15_MIA_BUF,NFL_BUF,NFL_P_00-0033571,LB,,UNKNOWN,LP,Knee,2022-12-17,nflverse,,2026-09-07T05:46:50.365367+00:00,2022-12-17T00:00:00
NFL_BUF_00-0035382_2022W15_OUT_DNP,NFL,2022,15,2022_NFL_W15_MIA_BUF,NFL_BUF,NFL_P_00-0035382,OL,,OUT,DNP,Ankle,2022-12-17,nflverse,,2026-09-07T05:46:50.365367+00:00,2022-12-17T00:00:00
NFL_BUF_00-0031557_2022W15_OUT_DNP,NFL,2022,15,2022_NFL_W15_MIA_BUF,NFL_BUF,NFL_P_00-0031557,EDGE,,OUT,DNP,Shoulder,2022-12-17,nflverse,,2026-09-07T05:46:50.365367+00:00,2022-12-17T00:00:00
NFL_CAR_00-0033925_2022W15_NA_DNP,NFL,2022,15,2022_NFL_W15_PIT_CAR,NFL_CAR,NFL_P_00-0033925,RB,,UNKNOWN,DNP,Not injury related - resting player,2022-12-17,nflverse,,2026-09-07T05:46:50.365367+00:00,2022-12-17T00:00:00
NFL_CAR_00-0033284_2022W15_NA_DNP,NFL,2022,15,2022_NFL_W15_PIT_CAR,NFL_CAR,NFL_P_00-0033284,OL,,UNKNOWN,DNP,Not injury related - resting player,2022-12-17,nflverse,,2026-09-07T05:46:50.365367+00:00,2022-12-17T00:00:00
NFL_CAR_00-0032215_2022W15_NA_DNP,NFL,2022,15,2022_NFL_W15_PIT_CAR,NFL_CAR,NFL_P_00-0032215,LB,,UNKNOWN,DNP,Not injury related - personal matter,2022-12-17,nflverse,,2026-09-07T05:46:50.365367+00:00,2022-12-17T00:00:00
NFL_CAR_00-0038113_2022W15_OUT_DNP,NFL,2022,15,2022_NFL_W15_PIT_CAR,NFL_CAR,NFL_P_00-0038113,LB,,OUT,DNP,Ankle,2022-12-17,nflverse,,2026-09-07T05:46:50.365367+00:00,2022-12-17T00:00:00
NFL_CAR_00-0033579_2022W15_QUESTIONABLE_FP,NFL,2022,15,2022_NFL_W15_PIT_CAR,NFL_CAR,NFL_P_00-0033579,S,,QUESTIONABLE,FP,Knee,2022-12-17,nflverse,,2026-09-07T05:46:50.365367+00:00,2022-12-17T00:00:00
NFL_CAR_00-0034827_2022W15_QUESTIONABLE_LP,NFL,2022,15,2022_NFL_W15_PIT_CAR,NFL_CAR,NFL_P_00-0034827,WR,,QUESTIONABLE,LP,Ankle,2022-12-17,nflverse,,2026-09-07T05:46:50.365367+00:00,2022-12-17T00:00:00
NFL_CAR_00-0036268_2022W15_QUESTIONABLE_LP,NFL,2022,15,2022_NFL_W15_PIT_CAR,NFL_CAR,NFL_P_00-0036268,WR,,QUESTIONABLE,LP,Shoulder,2022-12-17,nflverse,,2026-09-07T05:46:50.365367+00:00,2022-12-17T00:00:00
NFL_CHI_00-0036326_2022W15_OUT_DNP,NFL,2022,15,2022_NFL_W15_PHI_CHI,NFL_CHI,NFL_P_00-0036326,WR,,OUT,DNP,Knee,2022-12-17,nflverse,,2026-09-07T05:46:50.365367+00:00,2022-12-17T00:00:00
NFL_CHI_00-0035259_2022W15_OUT_DNP,NFL,2022,15,2022_NFL_W15_PHI_CHI,NFL_CHI,NFL_P_00-0035259,TE,,OUT,DNP,Calf,2022-12-17,nflverse,,2026-09-07T05:46:50.365367+00:00,2022-12-17T00:00:00
NFL_CHI_00-0036905_2022W15_DOUBTFUL_LP,NFL,2022,15,2022_NFL_W15_PHI_CHI,NFL_CHI,NFL_P_00-0036905,OL,,DOUBTFUL,LP,Knee,2022-12-17,nflverse,,2026-09-07T05:46:50.365367+00:00,2022-12-17T00:00:00
NFL_CHI_00-0035624_2022W15_QUESTIONABLE_FP,NFL,2022,15,2022_NFL_W15_PHI_CHI,NFL_CHI,NFL_P_00-0035624,WR,,QUESTIONABLE,FP,Back,2022-12-17,nflverse,,2026-09-07T05:46:50.365367+00:00,2022-12-17T00:00:00
NFL_CHI_00-0036307_2022W15_QUESTIONABLE_FP,NFL,2022,15,2022_NFL_W15_PHI_CHI,NFL_CHI,NFL_P_00-0036307,CB,,QUESTIONABLE,FP,Ankle,2022-12-17,nflverse,,2026-09-07T05:46:50.365367+00:00,2022-12-17T00:00:00
NFL_CIN_00-0033935_2022W15_OUT_DNP,NFL,2022,15,2022_NFL_W15_CIN_TB,NFL_CIN,NFL_P_00-0033935,EDGE,,OUT,DNP,Wrist,2022-12-17,nflverse,,2026-09-07T05:46:50.365367+00:00,2022-12-17T00:00:00
NFL_CIN_00-0032521_2022W15_OUT_DNP,NFL,2022,15,2022_NFL_W15_CIN_TB,NFL_CIN,NFL_P_00-0032521,CB,,OUT,DNP,Knee,2022-12-17,nflverse,,2026-09-07T05:46:50.365367+00:00,2022-12-17T00:00:00
NFL_CIN_00-0034830_2022W15_OUT_DNP,NFL,2022,15,2022_NFL_W15_CIN_TB,NFL_CIN,NFL_P_00-0034830,TE,,OUT,DNP,Calf,2022-12-17,nflverse,,2026-09-07T05:46:50.365367+00:00,2022-12-17T00:00:00
NFL_CIN_00-0034446_2022W15_DOUBTFUL_DNP,NFL,2022,15,2022_NFL_W15_CIN_TB,NFL_CIN,NFL_P_00-0034446,CB,,DOUBTFUL,DNP,Thumb,2022-12-17,nflverse,,2026-09-07T05:46:50.365367+00:00,2022-12-17T00:00:00
NFL_CIN_00-0033009_2022W15_QUESTIONABLE_FP,NFL,2022,15,2022_NFL_W15_CIN_TB,NFL_CIN,NFL_P_00-0033009,WR,,QUESTIONABLE,FP,Finger,2022-12-17,nflverse,,2026-09-07T05:46:50.365367+00:00,2022-12-17T00:00:00
NFL_CIN_00-0036410_2022W15_QUESTIONABLE_FP,NFL,2022,15,2022_NFL_W15_CIN_TB,NFL_CIN,NFL_P_00-0036410,WR,,QUESTIONABLE,FP,Hamstring,2022-12-17,nflverse,,2026-09-07T05:46:50.365367+00:00,2022-12-17T00:00:00
NFL_CIN_00-0033292_2022W15_QUESTIONABLE_LP,NFL,2022,15,2022_NFL_W15_CIN_TB,NFL_CIN,NFL_P_00-0033292,WR,,QUESTIONABLE,LP,Hamstring,2022-12-17,nflverse,,2026-09-07T05:46:50.365367+00:00,2022-12-17T00:00:00
NFL_CLE_00-0031544_2022W15_NA_LP,NFL,2022,15,2022_NFL_W15_BAL_CLE,NFL_CLE,NFL_P_00-0031544,WR,,UNKNOWN,LP,Not injury related - resting player,2022-12-16,nflverse,,2026-09-07T05:46:50.365367+00:00,2022-12-16T00:00:00
NFL_CLE_00-0037257_2022W15_QUESTIONABLE_DNP,NFL,2022,15,2022_NFL_W15_BAL_CLE,NFL_CLE,NFL_P_00-0037257,WR,,QUESTIONABLE,DNP,Thumb,2022-12-16,nflverse,,2026-09-07T05:46:50.365367+00:00,2022-12-16T00:00:00
NFL_DAL_00-0036932_2022W15_NA_DNP,NFL,2022,15,2022_NFL_W15_DAL_JAX,NFL_DAL,NFL_P_00-0036932,LB,,UNKNOWN,DNP,Not injury related - personal matter,2022-12-17,nflverse,,2026-09-07T05:46:50.365367+00:00,2022-12-17T00:00:00
NFL_DAL_00-0038041_2022W15_OUT_DNP,NFL,2022,15,2022_NFL_W15_DAL_JAX,NFL_DAL,NFL_P_00-0038041,TE,,OUT,DNP,Concussion,2022-12-17,nflverse,,2026-09-07T05:46:50.365367+00:00,2022-12-17T00:00:00
NFL_DAL_00-0034373_2022W15_QUESTIONABLE_LP,NFL,2022,15,2022_NFL_W15_DAL_JAX,NFL_DAL,NFL_P_00-0034373,EDGE,,QUESTIONABLE,LP,Ankle,2022-12-17,nflverse,,2026-09-07T05:46:50.365367+00:00,2022-12-17T00:00:00
NFL_DEN_00-0035864_2022W15_OUT_DNP,NFL,2022,15,2022_NFL_W15_ARI_DEN,NFL_DEN,NFL_P_00-0035864,WR,,OUT,DNP,Hamstring,2022-12-17,nflverse,,2026-09-07T05:46:50.365367+00:00,2022-12-17T00:00:00
NFL_DEN_00-0034348_2022W15_OUT_DNP,NFL,2022,15,2022_NFL_W15_ARI_DEN,NFL_DEN,NFL_P_00-0034348,WR,,OUT,DNP,Hamstring,2022-12-17,nflverse,,2026-09-07T05:46:50.365367+00:00,2022-12-17T00:00:00
NFL_DEN_00-0029263_2022W15_OUT_FP,NFL,2022,15,2022_NFL_W15_ARI_DEN,NFL_DEN,NFL_P_00-0029263,QB,,OUT,FP,Concussion,2022-12-17,nflverse,,2026-09-07T05:46:50.365367+00:00,2022-12-17T00:00:00
NFL_DEN_00-0035678_2022W15_QUESTIONABLE_DNP,NFL,2022,15,2022_NFL_W15_ARI_DEN,NFL_DEN,NFL_P_00-0035678,EDGE,,QUESTIONABLE,DNP,Hip,2022-12-17,nflverse,,2026-09-07T05:46:50.365367+00:00,2022-12-17T00:00:00
NFL_DEN_00-0033297_2022W15_QUESTIONABLE_DNP,NFL,2022,15,2022_NFL_W15_ARI_DEN,NFL_DEN,NFL_P_00-0033297,DL,,QUESTIONABLE,DNP,Shoulder,2022-12-17,nflverse,,2026-09-07T05:46:50.365367+00:00,2022-12-17T00:00:00
NFL_DEN_00-0035670_2022W15_QUESTIONABLE_LP,NFL,2022,15,2022_NFL_W15_ARI_DEN,NFL_DEN,NFL_P_00-0035670,LB,,QUESTIONABLE,LP,Hamstring,2022-12-17,nflverse,,2026-09-07T05:46:50.365367+00:00,2022-12-17T00:00:00
NFL_DEN_00-0034959_2022W15_QUESTIONABLE_LP,NFL,2022,15,2022_NFL_W15_ARI_DEN,NFL_DEN,NFL_P_00-0034959,TE,,QUESTIONABLE,LP,Hamstring,2022-12-17,nflverse,,2026-09-07T05:46:50.365367+00:00,2022-12-17T00:00:00
NFL_DEN_00-0035702_2022W15_QUESTIONABLE_LP,NFL,2022,15,2022_NFL_W15_ARI_DEN,NFL_DEN,NFL_P_00-0035702,OL,,QUESTIONABLE,LP,Shoulder,2022-12-17,nflverse,,2026-09-07T05:46:50.365367+00:00,2022-12-17T00:00:00
NFL_DET_00-0036736_2022W15_OUT_DNP,NFL,2022,15,2022_NFL_W15_DET_NYJ,NFL_DET,NFL_P_00-0036736,OL,,OUT,DNP,Ankle,2022-12-17,nflverse,,2026-09-07T05:46:50.365367+00:00,2022-12-17T00:00:00
NFL_DET_00-0036964_2022W15_OUT_DNP,NFL,2022,15,2022_NFL_W15_DET_NYJ,NFL_DET,NFL_P_00-0036964,LB,,OUT,DNP,Knee,2022-12-17,nflverse,,2026-09-07T05:46:50.365367+00:00,2022-12-17T00:00:00
NFL_DET_00-0029630_2022W15_DOUBTFUL_DNP,NFL,2022,15,2022_NFL_W15_DET_NYJ,NFL_DET,NFL_P_00-0029630,EDGE,,DOUBTFUL,DNP,Illness,2022-12-17,nflverse,,2026-09-07T05:46:50.365367+00:00,2022-12-17T00:00:00
NFL_DET_00-0034440_2022W15_QUESTIONABLE_NA,NFL,2022,15,2022_NFL_W15_DET_NYJ,NFL_DET,NFL_P_00-0034440,RB,,QUESTIONABLE,,Illness,2022-12-17,nflverse,,2026-09-07T05:46:50.365367+00:00,2022-12-17T00:00:00
NFL_DET_00-0034843_2022W15_QUESTIONABLE_DNP,NFL,2022,15,2022_NFL_W15_DET_NYJ,NFL_DET,NFL_P_00-0034843,CB,,QUESTIONABLE,DNP,Illness,2022-12-17,nflverse,,2026-09-07T05:46:50.365367+00:00,2022-12-17T00:00:00
NFL_DET_00-0034171_2022W15_QUESTIONABLE_LP,NFL,2022,15,2022_NFL_W15_DET_NYJ,NFL_DET,NFL_P_00-0034171,RB,,QUESTIONABLE,LP,Ankle,2022-12-17,nflverse,,2026-09-07T05:46:50.365367+00:00,2022-12-17T00:00:00
NFL_DET_00-0037236_2022W15_QUESTIONABLE_LP,NFL,2022,15,2022_NFL_W15_DET_NYJ,NFL_DET,NFL_P_00-0037236,EDGE,,QUESTIONABLE,LP,Illness,2022-12-17,nflverse,,2026-09-07T05:46:50.365367+00:00,2022-12-17T00:00:00
NFL_DET_00-0034345_2022W15_QUESTIONABLE_LP,NFL,2022,15,2022_NFL_W15_DET_NYJ,NFL_DET,NFL_P_00-0034345,OL,,QUESTIONABLE,LP,Foot,2022-12-17,nflverse,,2026-09-07T05:46:50.365367+00:00,2022-12-17T00:00:00
NFL_GB_00-0035526_2022W15_NA_LP,NFL,2022,15,2022_NFL_W15_LAR_GB,NFL_GB,NFL_P_00-0035526,OL,,UNKNOWN,LP,Knee,2022-12-19,nflverse,,2026-09-07T05:46:50.365367+00:00,2022-12-19T00:00:00
NFL_GB_00-0033293_2022W15_NA_LP,NFL,2022,15,2022_NFL_W15_LAR_GB,NFL_GB,NFL_P_00-0033293,RB,,UNKNOWN,LP,Ankle,2022-12-19,nflverse,,2026-09-07T05:46:50.365367+00:00,2022-12-19T00:00:00
NFL_GB_00-0030074_2022W15_OUT_DNP,NFL,2022,15,2022_NFL_W15_LAR_GB,NFL_GB,NFL_P_00-0030074,OL,,OUT,DNP,Knee,2022-12-19,nflverse,,2026-09-07T05:46:50.365367+00:00,2022-12-19T00:00:00
NFL_HOU_00-0028339_2022W15_NA_DNP,NFL,2022,15,2022_NFL_W15_KC_HOU,NFL_HOU,NFL_P_00-0028339,EDGE,,UNKNOWN,DNP,Not injury related - resting player,2022-12-17,nflverse,,2026-09-07T05:46:50.365367+00:00,2022-12-17T00:00:00
NFL_HOU_00-0033131_2022W15_NA_DNP,NFL,2022,15,2022_NFL_W15_KC_HOU,NFL_HOU,NFL_P_00-0033131,DL,,UNKNOWN,DNP,Not injury related - resting player,2022-12-17,nflverse,,2026-09-07T05:46:50.365367+00:00,2022-12-17T00:00:00
NFL_HOU_00-0027881_2022W15_NA_DNP,NFL,2022,15,2022_NFL_W15_KC_HOU,NFL_HOU,NFL_P_00-0027881,EDGE,,UNKNOWN,DNP,Not injury related - resting player,2022-12-17,nflverse,,2026-09-07T05:46:50.365367+00:00,2022-12-17T00:00:00
NFL_HOU_00-0036554_2022W15_OUT_DNP,NFL,2022,15,2022_NFL_W15_KC_HOU,NFL_HOU,NFL_P_00-0036554,WR,,OUT,DNP,Foot,2022-12-17,nflverse,,2026-09-07T05:46:50.365367+00:00,2022-12-17T00:00:00
NFL_HOU_00-0032150_2022W15_OUT_DNP,NFL,2022,15,2022_NFL_W15_KC_HOU,NFL_HOU,NFL_P_00-0032150,CB,,OUT,DNP,Foot,2022-12-17,nflverse,,2026-09-07T05:46:50.365367+00:00,2022-12-17T00:00:00
NFL_HOU_00-0037258_2022W15_OUT_DNP,NFL,2022,15,2022_NFL_W15_KC_HOU,NFL_HOU,NFL_P_00-0037258,RB,,OUT,DNP,Ankle,2022-12-17,nflverse,,2026-09-07T05:46:50.365367+00:00,2022-12-17T00:00:00
NFL_HOU_00-0034325_2022W15_OUT_DNP,NFL,2022,15,2022_NFL_W15_KC_HOU,NFL_HOU,NFL_P_00-0034325,DL,,OUT,DNP,Calf,2022-12-17,nflverse,,2026-09-07T05:46:50.365367+00:00,2022-12-17T00:00:00
NFL_HOU_00-0037237_2022W15_OUT_DNP,NFL,2022,15,2022_NFL_W15_KC_HOU,NFL_HOU,NFL_P_00-0037237,CB,,OUT,DNP,Hamstring,2022-12-17,nflverse,,2026-09-07T05:46:50.365367+00:00,2022-12-17T00:00:00
NFL_HOU_00-0031236_2022W15_OUT_LP,NFL,2022,15,2022_NFL_W15_KC_HOU,NFL_HOU,NFL_P_00-0031236,WR,,OUT,LP,Calf,2022-12-17,nflverse,,2026-09-07T05:46:50.365367+00:00,2022-12-17T00:00:00
NFL_HOU_00-0037613_2022W15_OUT_LP,NFL,2022,15,2022_NFL_W15_KC_HOU,NFL_HOU,NFL_P_00-0037613,OL,,OUT,LP,Ankle,2022-12-17,nflverse,,2026-09-07T05:46:50.365367+00:00,2022-12-17T00:00:00
NFL_HOU_00-0030792_2022W15_QUESTIONABLE_LP,NFL,2022,15,2022_NFL_W15_KC_HOU,NFL_HOU,NFL_P_00-0030792,OL,,QUESTIONABLE,LP,Hamstring,2022-12-17,nflverse,,2026-09-07T05:46:50.365367+00:00,2022-12-17T00:00:00
NFL_IND_00-0033393_2022W15_OUT_DNP,NFL,2022,15,2022_NFL_W15_IND_MIN,NFL_IND,NFL_P_00-0033393,CB,,OUT,DNP,Ankle,2022-12-16,nflverse,,2026-09-07T05:46:50.365367+00:00,2022-12-16T00:00:00
NFL_IND_00-0036482_2022W15_OUT_DNP,NFL,2022,15,2022_NFL_W15_IND_MIN,NFL_IND,NFL_P_00-0036482,WR,,OUT,DNP,Concussion,2022-12-16,nflverse,,2026-09-07T05:46:50.365367+00:00,2022-12-16T00:00:00
NFL_IND_00-0034545_2022W15_DOUBTFUL_DNP,NFL,2022,15,2022_NFL_W15_IND_MIN,NFL_IND,NFL_P_00-0034545,CB,,DOUBTFUL,DNP,Illness,2022-12-16,nflverse,,2026-09-07T05:46:50.365367+00:00,2022-12-16T00:00:00
NFL_JAX_00-0037235_2022W15_QUESTIONABLE_DNP,NFL,2022,15,2022_NFL_W15_DAL_JAX,NFL_JAX,NFL_P_00-0037235,LB,,QUESTIONABLE,DNP,Ankle,2022-12-17,nflverse,,2026-09-07T05:46:50.365367+00:00,2022-12-17T00:00:00
NFL_JAX_00-0036971_2022W15_QUESTIONABLE_LP,NFL,2022,15,2022_NFL_W15_DAL_JAX,NFL_JAX,NFL_P_00-0036971,QB,,QUESTIONABLE,LP,Toe,2022-12-17,nflverse,,2026-09-07T05:46:50.365367+00:00,2022-12-17T00:00:00
NFL_JAX_00-0037811_2022W15_QUESTIONABLE_LP,NFL,2022,15,2022_NFL_W15_DAL_JAX,NFL_JAX,NFL_P_00-0037811,LB,,QUESTIONABLE,LP,Ankle,2022-12-17,nflverse,,2026-09-07T05:46:50.365367+00:00,2022-12-17T00:00:00
NFL_JAX_00-0032053_2022W15_QUESTIONABLE_LP,NFL,2022,15,2022_NFL_W15_DAL_JAX,NFL_JAX,NFL_P_00-0032053,OL,,QUESTIONABLE,LP,Abdomen,2022-12-17,nflverse,,2026-09-07T05:46:50.365367+00:00,2022-12-17T00:00:00
NFL_JAX_00-0034203_2022W15_QUESTIONABLE_LP,NFL,2022,15,2022_NFL_W15_DAL_JAX,NFL_JAX,NFL_P_00-0034203,CB,,QUESTIONABLE,LP,Abdomen,2022-12-17,nflverse,,2026-09-07T05:46:50.365367+00:00,2022-12-17T00:00:00
NFL_JAX_00-0035378_2022W15_QUESTIONABLE_LP,NFL,2022,15,2022_NFL_W15_DAL_JAX,NFL_JAX,NFL_P_00-0035378,S,,QUESTIONABLE,LP,Shoulder,2022-12-17,nflverse,,2026-09-07T05:46:50.365367+00:00,2022-12-17T00:00:00
NFL_KC_00-0032762_2022W15_QUESTIONABLE_DNP,NFL,2022,15,2022_NFL_W15_KC_HOU,NFL_KC,NFL_P_00-0032762,DL,,QUESTIONABLE,DNP,Illness,2022-12-17,nflverse,,2026-09-07T05:46:50.365367+00:00,2022-12-17T00:00:00
NFL_KC_00-0036913_2022W15_QUESTIONABLE_LP,NFL,2022,15,2022_NFL_W15_KC_HOU,NFL_KC,NFL_P_00-0036913,WR,,QUESTIONABLE,LP,Hamstring,2022-12-17,nflverse,,2026-09-07T05:46:50.365367+00:00,2022-12-17T00:00:00
NFL_LAR_00-0033072_2022W15_NA_DNP,NFL,2022,15,2022_NFL_W15_LAR_GB,NFL_LAR,NFL_P_00-0033072,LB,,UNKNOWN,DNP,Illness,2022-12-19,nflverse,,2026-09-07T05:46:50.365367+00:00,2022-12-19T00:00:00
NFL_LAR_00-0036419_2022W15_NA_LP,NFL,2022,15,2022_NFL_W15_LAR_GB,NFL_LAR,NFL_P_00-0036419,LB,,UNKNOWN,LP,Back,2022-12-19,nflverse,,2026-09-07T05:46:50.365367+00:00,2022-12-19T00:00:00
NFL_LAR_00-0029709_2022W15_NA_LP,NFL,2022,15,2022_NFL_W15_LAR_GB,NFL_LAR,NFL_P_00-0029709,OL,,UNKNOWN,LP,Hip,2022-12-19,nflverse,,2026-09-07T05:46:50.365367+00:00,2022-12-19T00:00:00
NFL_LAR_00-0035607_2022W15_OUT_DNP,NFL,2022,15,2022_NFL_W15_LAR_GB,NFL_LAR,NFL_P_00-0035607,DL,,OUT,DNP,Ankle,2022-12-19,nflverse,,2026-09-07T05:46:50.365367+00:00,2022-12-19T00:00:00
NFL_LAR_00-0031388_2022W15_OUT_DNP,NFL,2022,15,2022_NFL_W15_LAR_GB,NFL_LAR,NFL_P_00-0031388,DL,,OUT,DNP,Ankle,2022-12-19,nflverse,,2026-09-07T05:46:50.365367+00:00,2022-12-19T00:00:00
NFL_LAR_00-0034812_2022W15_OUT_DNP,NFL,2022,15,2022_NFL_W15_LAR_GB,NFL_LAR,NFL_P_00-0034812,LB,,OUT,DNP,Hip,2022-12-19,nflverse,,2026-09-07T05:46:50.365367+00:00,2022-12-19T00:00:00
NFL_LAR_00-0035665_2022W15_OUT_DNP,NFL,2022,15,2022_NFL_W15_LAR_GB,NFL_LAR,NFL_P_00-0035665,CB,,OUT,DNP,Groin,2022-12-19,nflverse,,2026-09-07T05:46:50.365367+00:00,2022-12-19T00:00:00
NFL_LAR_00-0034899_2022W15_OUT_DNP,NFL,2022,15,2022_NFL_W15_LAR_GB,NFL_LAR,NFL_P_00-0034899,QB,,OUT,DNP,Neck,2022-12-19,nflverse,,2026-09-07T05:46:50.365367+00:00,2022-12-19T00:00:00
NFL_LAR_00-0034804_2022W15_QUESTIONABLE_LP,NFL,2022,15,2022_NFL_W15_LAR_GB,NFL_LAR,NFL_P_00-0034804,OL,,QUESTIONABLE,LP,Knee,2022-12-19,nflverse,,2026-09-07T05:46:50.365367+00:00,2022-12-19T00:00:00
NFL_LAC_00-0034790_2022W15_DOUBTFUL_DNP,NFL,2022,15,2022_NFL_W15_TEN_LAC,NFL_LAC,NFL_P_00-0034790,S,,DOUBTFUL,DNP,Quadricep,2022-12-17,nflverse,,2026-09-07T05:46:50.365367+00:00,2022-12-17T00:00:00
NFL_LAC_00-0031904_2022W15_QUESTIONABLE_FP,NFL,2022,15,2022_NFL_W15_TEN_LAC,NFL_LAC,NFL_P_00-0031904,CB,,QUESTIONABLE,FP,Groin,2022-12-17,nflverse,,2026-09-07T05:46:50.365367+00:00,2022-12-17T00:00:00
NFL_LAC_00-0035688_2022W15_QUESTIONABLE_FP,NFL,2022,15,2022_NFL_W15_TEN_LAC,NFL_LAC,NFL_P_00-0035688,OL,,QUESTIONABLE,FP,Knee,2022-12-17,nflverse,,2026-09-07T05:46:50.365367+00:00,2022-12-17T00:00:00
NFL_LAC_00-0034810_2022W15_QUESTIONABLE_LP,NFL,2022,15,2022_NFL_W15_TEN_LAC,NFL_LAC,NFL_P_00-0034810,DL,,QUESTIONABLE,LP,Knee,2022-12-17,nflverse,,2026-09-07T05:46:50.365367+00:00,2022-12-17T00:00:00
NFL_LV_00-0035061_2022W15_OUT_DNP,NFL,2022,15,2022_NFL_W15_NE_LV,NFL_LV,NFL_P_00-0035061,OL,,OUT,DNP,Knee,2022-12-17,nflverse,,2026-09-07T05:46:50.365367+00:00,2022-12-17T00:00:00
NFL_LV_00-0035637_2022W15_OUT_DNP,NFL,2022,15,2022_NFL_W15_NE_LV,NFL_LV,NFL_P_00-0035637,CB,,OUT,DNP,Knee,2022-12-17,nflverse,,2026-09-07T05:46:50.365367+00:00,2022-12-17T00:00:00
NFL_LV_00-0035003_2022W15_QUESTIONABLE_LP,NFL,2022,15,2022_NFL_W15_NE_LV,NFL_LV,NFL_P_00-0035003,OL,,QUESTIONABLE,LP,Back,2022-12-17,nflverse,,2026-09-07T05:46:50.365367+00:00,2022-12-17T00:00:00
NFL_LV_00-0033066_2022W15_QUESTIONABLE_LP,NFL,2022,15,2022_NFL_W15_NE_LV,NFL_LV,NFL_P_00-0033066,DL,,QUESTIONABLE,LP,Fibula,2022-12-17,nflverse,,2026-09-07T05:46:50.365367+00:00,2022-12-17T00:00:00
NFL_LV_00-0033290_2022W15_QUESTIONABLE_LP,NFL,2022,15,2022_NFL_W15_NE_LV,NFL_LV,NFL_P_00-0033290,OL,,QUESTIONABLE,LP,Oblique,2022-12-17,nflverse,,2026-09-07T05:46:50.365367+00:00,2022-12-17T00:00:00
NFL_LV_00-0035700_2022W15_QUESTIONABLE_LP,NFL,2022,15,2022_NFL_W15_NE_LV,NFL_LV,NFL_P_00-0035700,RB,,QUESTIONABLE,LP,Quadricep,2022-12-17,nflverse,,2026-09-07T05:46:50.365367+00:00,2022-12-17T00:00:00
NFL_LV_00-0032103_2022W15_QUESTIONABLE_LP,NFL,2022,15,2022_NFL_W15_NE_LV,NFL_LV,NFL_P_00-0032103,LB,,QUESTIONABLE,LP,Hip,2022-12-17,nflverse,,2026-09-07T05:46:50.365367+00:00,2022-12-17T00:00:00
NFL_MIA_00-0029249_2022W15_NA_DNP,NFL,2022,15,2022_NFL_W15_MIA_BUF,NFL_MIA,NFL_P_00-0029249,LB,,UNKNOWN,DNP,Not injury related - resting player,2022-12-17,nflverse,,2026-09-07T05:46:50.365367+00:00,2022-12-17T00:00:00
NFL_MIA_00-0031555_2022W15_OUT_DNP,NFL,2022,15,2022_NFL_W15_MIA_BUF,NFL_MIA,NFL_P_00-0031555,S,,OUT,DNP,Hamstring,2022-12-17,nflverse,,2026-09-07T05:46:50.365367+00:00,2022-12-17T00:00:00
NFL_MIA_00-0034248_2022W15_OUT_LP,NFL,2022,15,2022_NFL_W15_MIA_BUF,NFL_MIA,NFL_P_00-0034248,CB,,OUT,LP,Concussion,2022-12-17,nflverse,,2026-09-07T05:46:50.365367+00:00,2022-12-17T00:00:00
NFL_MIA_00-0034054_2022W15_DOUBTFUL_DNP,NFL,2022,15,2022_NFL_W15_MIA_BUF,NFL_MIA,NFL_P_00-0034054,WR,,DOUBTFUL,DNP,Calf,2022-12-17,nflverse,,2026-09-07T05:46:50.365367+00:00,2022-12-17T00:00:00
NFL_MIA_00-0030067_2022W15_QUESTIONABLE_LP,NFL,2022,15,2022_NFL_W15_MIA_BUF,NFL_MIA,NFL_P_00-0030067,OL,,QUESTIONABLE,LP,Toe,2022-12-17,nflverse,,2026-09-07T05:46:50.365367+00:00,2022-12-17T00:00:00
NFL_MIA_00-0031237_2022W15_QUESTIONABLE_LP,NFL,2022,15,2022_NFL_W15_MIA_BUF,NFL_MIA,NFL_P_00-0031237,QB,,QUESTIONABLE,LP,Knee,2022-12-17,nflverse,,2026-09-07T05:46:50.365367+00:00,2022-12-17T00:00:00
NFL_MIA_00-0034115_2022W15_QUESTIONABLE_LP,NFL,2022,15,2022_NFL_W15_MIA_BUF,NFL_MIA,NFL_P_00-0034115,RB,,QUESTIONABLE,LP,Hip,2022-12-17,nflverse,,2026-09-07T05:46:50.365367+00:00,2022-12-17T00:00:00
NFL_MIN_00-0036347_2022W15_NA_DNP,NFL,2022,15,2022_NFL_W15_IND_MIN,NFL_MIN,NFL_P_00-0036347,OL,,UNKNOWN,DNP,Knee,2022-12-16,nflverse,,2026-09-07T05:46:50.365367+00:00,2022-12-16T00:00:00
NFL_MIN_00-0037007_2022W15_QUESTIONABLE_DNP,NFL,2022,15,2022_NFL_W15_IND_MIN,NFL_MIN,NFL_P_00-0037007,EDGE,,QUESTIONABLE,DNP,Illness,2022-12-16,nflverse,,2026-09-07T05:46:50.365367+00:00,2022-12-16T00:00:00
NFL_MIN_00-0035588_2022W15_QUESTIONABLE_LP,NFL,2022,15,2022_NFL_W15_IND_MIN,NFL_MIN,NFL_P_00-0035588,OL,,QUESTIONABLE,LP,Back,2022-12-16,nflverse,,2026-09-07T05:46:50.365367+00:00,2022-12-16T00:00:00
NFL_MIN_00-0036330_2022W15_QUESTIONABLE_LP,NFL,2022,15,2022_NFL_W15_IND_MIN,NFL_MIN,NFL_P_00-0036330,CB,,QUESTIONABLE,LP,Illness,2022-12-16,nflverse,,2026-09-07T05:46:50.365367+00:00,2022-12-16T00:00:00
NFL_MIN_00-0031565_2022W15_QUESTIONABLE_LP,NFL,2022,15,2022_NFL_W15_IND_MIN,NFL_MIN,NFL_P_00-0031565,EDGE,,QUESTIONABLE,LP,Neck,2022-12-16,nflverse,,2026-09-07T05:46:50.365367+00:00,2022-12-16T00:00:00
NFL_MIN_00-0034782_2022W15_QUESTIONABLE_LP,NFL,2022,15,2022_NFL_W15_IND_MIN,NFL_MIN,NFL_P_00-0034782,DL,,QUESTIONABLE,LP,Back,2022-12-16,nflverse,,2026-09-07T05:46:50.365367+00:00,2022-12-16T00:00:00
NFL_NE_00-0036981_2022W15_NA_LP,NFL,2022,15,2022_NFL_W15_NE_LV,NFL_NE,NFL_P_00-0036981,DL,,UNKNOWN,LP,Knee,2022-12-17,nflverse,,2026-09-07T05:46:50.365367+00:00,2022-12-17T00:00:00
NFL_NE_00-0032803_2022W15_OUT_DNP,NFL,2022,15,2022_NFL_W15_NE_LV,NFL_NE,NFL_P_00-0032803,CB,,OUT,DNP,Groin,2022-12-17,nflverse,,2026-09-07T05:46:50.365367+00:00,2022-12-17T00:00:00
NFL_NE_00-0031547_2022W15_OUT_DNP,NFL,2022,15,2022_NFL_W15_NE_LV,NFL_NE,NFL_P_00-0031547,WR,,OUT,DNP,Concussion,2022-12-17,nflverse,,2026-09-07T05:46:50.365367+00:00,2022-12-17T00:00:00
NFL_NE_00-0034833_2022W15_OUT_DNP,NFL,2022,15,2022_NFL_W15_NE_LV,NFL_NE,NFL_P_00-0034833,OL,,OUT,DNP,Foot,2022-12-17,nflverse,,2026-09-07T05:46:50.365367+00:00,2022-12-17T00:00:00
NFL_NE_00-0032228_2022W15_QUESTIONABLE_FP,NFL,2022,15,2022_NFL_W15_NE_LV,NFL_NE,NFL_P_00-0032228,LS,,QUESTIONABLE,FP,Ankle,2022-12-17,nflverse,,2026-09-07T05:46:50.365367+00:00,2022-12-17T00:00:00
NFL_NE_00-0035252_2022W15_QUESTIONABLE_LP,NFL,2022,15,2022_NFL_W15_NE_LV,NFL_NE,NFL_P_00-0035252,OL,,QUESTIONABLE,LP,Calf,2022-12-17,nflverse,,2026-09-07T05:46:50.365367+00:00,2022-12-17T00:00:00
NFL_NE_00-0035657_2022W15_QUESTIONABLE_LP,NFL,2022,15,2022_NFL_W15_NE_LV,NFL_NE,NFL_P_00-0035657,RB,,QUESTIONABLE,LP,Thigh,2022-12-17,nflverse,,2026-09-07T05:46:50.365367+00:00,2022-12-17T00:00:00
NFL_NE_00-0038039_2022W15_QUESTIONABLE_LP,NFL,2022,15,2022_NFL_W15_NE_LV,NFL_NE,NFL_P_00-0038039,CB,,QUESTIONABLE,LP,Knee,2022-12-17,nflverse,,2026-09-07T05:46:50.365367+00:00,2022-12-17T00:00:00
NFL_NE_00-0034960_2022W15_QUESTIONABLE_LP,NFL,2022,15,2022_NFL_W15_NE_LV,NFL_NE,NFL_P_00-0034960,WR,,QUESTIONABLE,LP,Concussion,2022-12-17,nflverse,,2026-09-07T05:46:50.365367+00:00,2022-12-17T00:00:00
NFL_NE_00-0036875_2022W15_QUESTIONABLE_LP,NFL,2022,15,2022_NFL_W15_NE_LV,NFL_NE,NFL_P_00-0036875,RB,,QUESTIONABLE,LP,Ankle,2022-12-17,nflverse,,2026-09-07T05:46:50.365367+00:00,2022-12-17T00:00:00
NFL_NO_00-0027966_2022W15_NA_DNP,NFL,2022,15,2022_NFL_W15_ATL_NO,NFL_NO,NFL_P_00-0027966,RB,,UNKNOWN,DNP,Knee,2022-12-17,nflverse,,2026-09-07T05:46:50.365367+00:00,2022-12-17T00:00:00
NFL_NO_00-0036418_2022W15_OUT_DNP,NFL,2022,15,2022_NFL_W15_ATL_NO,NFL_NO,NFL_P_00-0036418,LB,,OUT,DNP,Ankle,2022-12-17,nflverse,,2026-09-07T05:46:50.365367+00:00,2022-12-17T00:00:00
NFL_NO_00-0032059_2022W15_OUT_DNP,NFL,2022,15,2022_NFL_W15_ATL_NO,NFL_NO,NFL_P_00-0032059,CB,,OUT,DNP,Knee,2022-12-17,nflverse,,2026-09-07T05:46:50.365367+00:00,2022-12-17T00:00:00
NFL_NO_00-0034116_2022W15_QUESTIONABLE_DNP,NFL,2022,15,2022_NFL_W15_ATL_NO,NFL_NO,NFL_P_00-0034116,S,,QUESTIONABLE,DNP,Hamstring,2022-12-17,nflverse,,2026-09-07T05:46:50.365367+00:00,2022-12-17T00:00:00
NFL_NO_00-0032450_2022W15_QUESTIONABLE_DNP,NFL,2022,15,2022_NFL_W15_ATL_NO,NFL_NO,NFL_P_00-0032450,RB,,QUESTIONABLE,DNP,Illness,2022-12-17,nflverse,,2026-09-07T05:46:50.365367+00:00,2022-12-17T00:00:00
NFL_NO_00-0036040_2022W15_QUESTIONABLE_LP,NFL,2022,15,2022_NFL_W15_ATL_NO,NFL_NO,NFL_P_00-0036040,TE,,QUESTIONABLE,LP,Ankle,2022-12-17,nflverse,,2026-09-07T05:46:50.365367+00:00,2022-12-17T00:00:00
NFL_NO_00-0033874_2022W15_QUESTIONABLE_LP,NFL,2022,15,2022_NFL_W15_ATL_NO,NFL_NO,NFL_P_00-0033874,CB,,QUESTIONABLE,LP,Abdomen,2022-12-17,nflverse,,2026-09-07T05:46:50.365367+00:00,2022-12-17T00:00:00
NFL_NO_00-0036422_2022W15_QUESTIONABLE_LP,NFL,2022,15,2022_NFL_W15_ATL_NO,NFL_NO,NFL_P_00-0036422,TE,,QUESTIONABLE,LP,Ankle,2022-12-17,nflverse,,2026-09-07T05:46:50.365367+00:00,2022-12-17T00:00:00
NFL_NO_00-0036926_2022W15_QUESTIONABLE_LP,NFL,2022,15,2022_NFL_W15_ATL_NO,NFL_NO,NFL_P_00-0036926,EDGE,,QUESTIONABLE,LP,Ankle,2022-12-17,nflverse,,2026-09-07T05:46:50.365367+00:00,2022-12-17T00:00:00
NFL_NYG_00-0036895_2022W15_NA_DNP,NFL,2022,15,2022_NFL_W15_NYG_WAS,NFL_NYG,NFL_P_00-0036895,LB,,UNKNOWN,DNP,Achilles,2022-12-18,nflverse,,2026-09-07T05:46:50.365367+00:00,2022-12-18T00:00:00
NFL_NYG_00-0037807_2022W15_OUT_DNP,NFL,2022,15,2022_NFL_W15_NYG_WAS,NFL_NYG,NFL_P_00-0037807,OL,,OUT,DNP,Neck,2022-12-18,nflverse,,2026-09-07T05:46:50.365367+00:00,2022-12-18T00:00:00
NFL_NYG_00-0033878_2022W15_OUT_DNP,NFL,2022,15,2022_NFL_W15_NYG_WAS,NFL_NYG,NFL_P_00-0033878,CB,,OUT,DNP,Knee,2022-12-18,nflverse,,2026-09-07T05:46:50.365367+00:00,2022-12-18T00:00:00
NFL_NYG_00-0036397_2022W15_OUT_DNP,NFL,2022,15,2022_NFL_W15_NYG_WAS,NFL_NYG,NFL_P_00-0036397,OL,,OUT,DNP,Toe,2022-12-18,nflverse,,2026-09-07T05:46:50.365367+00:00,2022-12-18T00:00:00
NFL_NYG_00-0034286_2022W15_QUESTIONABLE_FP,NFL,2022,15,2022_NFL_W15_NYG_WAS,NFL_NYG,NFL_P_00-0034286,WR,,QUESTIONABLE,FP,Concussion,2022-12-18,nflverse,,2026-09-07T05:46:50.365367+00:00,2022-12-18T00:00:00
NFL_NYG_00-0033046_2022W15_QUESTIONABLE_FP,NFL,2022,15,2022_NFL_W15_NYG_WAS,NFL_NYG,NFL_P_00-0033046,LB,,QUESTIONABLE,FP,Concussion,2022-12-18,nflverse,,2026-09-07T05:46:50.365367+00:00,2022-12-18T00:00:00
NFL_NYG_00-0038115_2022W15_QUESTIONABLE_LP,NFL,2022,15,2022_NFL_W15_NYG_WAS,NFL_NYG,NFL_P_00-0038115,TE,,QUESTIONABLE,LP,Rib,2022-12-18,nflverse,,2026-09-07T05:46:50.365367+00:00,2022-12-18T00:00:00
NFL_NYG_00-0036589_2022W15_QUESTIONABLE_LP,NFL,2022,15,2022_NFL_W15_NYG_WAS,NFL_NYG,NFL_P_00-0036589,CB,,QUESTIONABLE,LP,Illness,2022-12-18,nflverse,,2026-09-07T05:46:50.365367+00:00,2022-12-18T00:00:00
NFL_NYG_00-0031933_2022W15_QUESTIONABLE_LP,NFL,2022,15,2022_NFL_W15_NYG_WAS,NFL_NYG,NFL_P_00-0031933,DL,,QUESTIONABLE,LP,Neck,2022-12-18,nflverse,,2026-09-07T05:46:50.365367+00:00,2022-12-18T00:00:00
NFL_NYJ_00-0032958_2022W15_NA_DNP,NFL,2022,15,2022_NFL_W15_DET_NYJ,NFL_NYJ,NFL_P_00-0032958,S,,UNKNOWN,DNP,Not injury related - personal matter,2022-12-17,nflverse,,2026-09-07T05:46:50.365367+00:00,2022-12-17T00:00:00
NFL_NYJ_00-0033871_2022W15_OUT_DNP,NFL,2022,15,2022_NFL_W15_DET_NYJ,NFL_NYJ,NFL_P_00-0033871,WR,,OUT,DNP,Concussion,2022-12-17,nflverse,,2026-09-07T05:46:50.365367+00:00,2022-12-17T00:00:00
NFL_NYJ_00-0036504_2022W15_OUT_DNP,NFL,2022,15,2022_NFL_W15_DET_NYJ,NFL_NYJ,NFL_P_00-0036504,CB,,OUT,DNP,Quadricep,2022-12-17,nflverse,,2026-09-07T05:46:50.365367+00:00,2022-12-17T00:00:00
NFL_NYJ_00-0034401_2022W15_OUT_DNP,NFL,2022,15,2022_NFL_W15_DET_NYJ,NFL_NYJ,NFL_P_00-0034401,QB,,OUT,DNP,Ribs,2022-12-17,nflverse,,2026-09-07T05:46:50.365367+00:00,2022-12-17T00:00:00
NFL_NYJ_00-0031389_2022W15_QUESTIONABLE_NA,NFL,2022,15,2022_NFL_W15_DET_NYJ,NFL_NYJ,NFL_P_00-0031389,S,,QUESTIONABLE,,Hip,2022-12-17,nflverse,,2026-09-07T05:46:50.365367+00:00,2022-12-17T00:00:00
NFL_NYJ_00-0035718_2022W15_QUESTIONABLE_DNP,NFL,2022,15,2022_NFL_W15_DET_NYJ,NFL_NYJ,NFL_P_00-0035718,DL,,QUESTIONABLE,DNP,Calf,2022-12-17,nflverse,,2026-09-07T05:46:50.365367+00:00,2022-12-17T00:00:00
NFL_PHI_00-0032890_2022W15_NA_LP,NFL,2022,15,2022_NFL_W15_PHI_CHI,NFL_PHI,NFL_P_00-0032890,CB,,UNKNOWN,LP,Not injury related - resting player,2022-12-17,nflverse,,2026-09-07T05:46:50.365367+00:00,2022-12-17T00:00:00
NFL_PHI_00-0035676_2022W15_NA_LP,NFL,2022,15,2022_NFL_W15_PHI_CHI,NFL_PHI,NFL_P_00-0035676,WR,,UNKNOWN,LP,Not injury related - resting player,2022-12-17,nflverse,,2026-09-07T05:46:50.365367+00:00,2022-12-17T00:00:00
NFL_PHI_00-0029653_2022W15_NA_LP,NFL,2022,15,2022_NFL_W15_PHI_CHI,NFL_PHI,NFL_P_00-0029653,DL,,UNKNOWN,LP,Not injury related - resting player,2022-12-17,nflverse,,2026-09-07T05:46:50.365367+00:00,2022-12-17T00:00:00
NFL_PHI_00-0027865_2022W15_NA_LP,NFL,2022,15,2022_NFL_W15_PHI_CHI,NFL_PHI,NFL_P_00-0027865,EDGE,,UNKNOWN,LP,Not injury related - resting player,2022-12-17,nflverse,,2026-09-07T05:46:50.365367+00:00,2022-12-17T00:00:00
NFL_PHI_00-0028129_2022W15_NA_LP,NFL,2022,15,2022_NFL_W15_PHI_CHI,NFL_PHI,NFL_P_00-0028129,OL,,UNKNOWN,LP,Not injury related - resting player,2022-12-17,nflverse,,2026-09-07T05:46:50.365367+00:00,2022-12-17T00:00:00
NFL_PHI_00-0032954_2022W15_NA_LP,NFL,2022,15,2022_NFL_W15_PHI_CHI,NFL_PHI,NFL_P_00-0032954,OL,,UNKNOWN,LP,Not injury related - resting player,2022-12-17,nflverse,,2026-09-07T05:46:50.365367+00:00,2022-12-17T00:00:00
NFL_PHI_00-0030062_2022W15_NA_LP,NFL,2022,15,2022_NFL_W15_PHI_CHI,NFL_PHI,NFL_P_00-0030062,CB,,UNKNOWN,LP,Not injury related - resting player,2022-12-17,nflverse,,2026-09-07T05:46:50.365367+00:00,2022-12-17T00:00:00
NFL_PHI_00-0034381_2022W15_NA_LP,NFL,2022,15,2022_NFL_W15_PHI_CHI,NFL_PHI,NFL_P_00-0034381,EDGE,,UNKNOWN,LP,Not injury related - resting player,2022-12-17,nflverse,,2026-09-07T05:46:50.365367+00:00,2022-12-17T00:00:00
NFL_PHI_00-0037130_2022W15_OUT_DNP,NFL,2022,15,2022_NFL_W15_PHI_CHI,NFL_PHI,NFL_P_00-0037130,S,,OUT,DNP,Knee,2022-12-17,nflverse,,2026-09-07T05:46:50.365367+00:00,2022-12-17T00:00:00
NFL_PIT_00-0036894_2022W15_NA_LP,NFL,2022,15,2022_NFL_W15_PIT_CAR,NFL_PIT,NFL_P_00-0036894,TE,,UNKNOWN,LP,Groin,2022-12-17,nflverse,,2026-09-07T05:46:50.365367+00:00,2022-12-17T00:00:00
NFL_PIT_00-0034751_2022W15_NA_LP,NFL,2022,15,2022_NFL_W15_PIT_CAR,NFL_PIT,NFL_P_00-0034751,CB,,UNKNOWN,LP,Ankle,2022-12-17,nflverse,,2026-09-07T05:46:50.365367+00:00,2022-12-17T00:00:00
NFL_PIT_00-0035216_2022W15_NA_LP,NFL,2022,15,2022_NFL_W15_PIT_CAR,NFL_PIT,NFL_P_00-0035216,WR,,UNKNOWN,LP,Hip,2022-12-17,nflverse,,2026-09-07T05:46:50.365367+00:00,2022-12-17T00:00:00
NFL_PIT_00-0032968_2022W15_DOUBTFUL_LP,NFL,2022,15,2022_NFL_W15_PIT_CAR,NFL_PIT,NFL_P_00-0032968,LB,,DOUBTFUL,LP,Groin,2022-12-17,nflverse,,2026-09-07T05:46:50.365367+00:00,2022-12-17T00:00:00
NFL_PIT_00-0038102_2022W15_DOUBTFUL_LP,NFL,2022,15,2022_NFL_W15_PIT_CAR,NFL_PIT,NFL_P_00-0038102,QB,,DOUBTFUL,LP,Concussion,2022-12-17,nflverse,,2026-09-07T05:46:50.365367+00:00,2022-12-17T00:00:00
NFL_SEA_00-0033592_2022W15_NA_DNP,NFL,2022,15,2022_NFL_W15_SF_SEA,NFL_SEA,NFL_P_00-0033592,OL,,UNKNOWN,DNP,Not injury related - personal matter,2022-12-15,nflverse,,2026-09-07T05:46:50.365367+00:00,2022-12-15T00:00:00
NFL_SEA_00-0036885_2022W15_QUESTIONABLE_DNP,NFL,2022,15,2022_NFL_W15_SF_SEA,NFL_SEA,NFL_P_00-0036885,CB,,QUESTIONABLE,DNP,Illness,2022-12-15,nflverse,,2026-09-07T05:46:50.365367+00:00,2022-12-15T00:00:00
NFL_SEA_00-0036425_2022W15_QUESTIONABLE_DNP,NFL,2022,15,2022_NFL_W15_SF_SEA,NFL_SEA,NFL_P_00-0036425,RB,,QUESTIONABLE,DNP,Ankle,2022-12-15,nflverse,,2026-09-07T05:46:50.365367+00:00,2022-12-15T00:00:00
NFL_SEA_00-0034527_2022W15_QUESTIONABLE_DNP,NFL,2022,15,2022_NFL_W15_SF_SEA,NFL_SEA,NFL_P_00-0034527,S,,QUESTIONABLE,DNP,Knee,2022-12-15,nflverse,,2026-09-07T05:46:50.365367+00:00,2022-12-15T00:00:00
NFL_SEA_00-0027723_2022W15_QUESTIONABLE_DNP,NFL,2022,15,2022_NFL_W15_SF_SEA,NFL_SEA,NFL_P_00-0027723,DL,,QUESTIONABLE,DNP,Achilles,2022-12-15,nflverse,,2026-09-07T05:46:50.365367+00:00,2022-12-15T00:00:00
NFL_SEA_00-0037141_2022W15_QUESTIONABLE_LP,NFL,2022,15,2022_NFL_W15_SF_SEA,NFL_SEA,NFL_P_00-0037141,S,,QUESTIONABLE,LP,Back,2022-12-15,nflverse,,2026-09-07T05:46:50.365367+00:00,2022-12-15T00:00:00
NFL_SF_00-0031345_2022W15_OUT_DNP,NFL,2022,15,2022_NFL_W15_SF_SEA,NFL_SF,NFL_P_00-0031345,QB,,OUT,DNP,Foot,2022-12-15,nflverse,,2026-09-07T05:46:50.365367+00:00,2022-12-15T00:00:00
NFL_SF_00-0035026_2022W15_OUT_DNP,NFL,2022,15,2022_NFL_W15_SF_SEA,NFL_SF,NFL_P_00-0035026,DL,,OUT,DNP,Knee,2022-12-15,nflverse,,2026-09-07T05:46:50.365367+00:00,2022-12-15T00:00:00
NFL_SF_00-0034263_2022W15_OUT_DNP,NFL,2022,15,2022_NFL_W15_SF_SEA,NFL_SF,NFL_P_00-0034263,S,,OUT,DNP,Knee,2022-12-15,nflverse,,2026-09-07T05:46:50.365367+00:00,2022-12-15T00:00:00
NFL_SF_00-0032402_2022W15_OUT_DNP,NFL,2022,15,2022_NFL_W15_SF_SEA,NFL_SF,NFL_P_00-0032402,DL,,OUT,DNP,Pectoral,2022-12-15,nflverse,,2026-09-07T05:46:50.365367+00:00,2022-12-15T00:00:00
NFL_SF_00-0035719_2022W15_OUT_DNP,NFL,2022,15,2022_NFL_W15_SF_SEA,NFL_SF,NFL_P_00-0035719,WR,,OUT,DNP,Ankle,2022-12-15,nflverse,,2026-09-07T05:46:50.365367+00:00,2022-12-15T00:00:00
NFL_SF_00-0037830_2022W15_OUT_DNP,NFL,2022,15,2022_NFL_W15_SF_SEA,NFL_SF,NFL_P_00-0037830,CB,,OUT,DNP,Concussion,2022-12-15,nflverse,,2026-09-07T05:46:50.365367+00:00,2022-12-15T00:00:00
NFL_SF_00-0030946_2022W15_QUESTIONABLE_LP,NFL,2022,15,2022_NFL_W15_SF_SEA,NFL_SF,NFL_P_00-0030946,EDGE,,QUESTIONABLE,LP,Ankle,2022-12-15,nflverse,,2026-09-07T05:46:50.365367+00:00,2022-12-15T00:00:00
NFL_SF_00-0037834_2022W15_QUESTIONABLE_LP,NFL,2022,15,2022_NFL_W15_SF_SEA,NFL_SF,NFL_P_00-0037834,QB,,QUESTIONABLE,LP,Oblique,2022-12-15,nflverse,,2026-09-07T05:46:50.365367+00:00,2022-12-15T00:00:00
NFL_SF_00-0037008_2022W15_QUESTIONABLE_LP,NFL,2022,15,2022_NFL_W15_SF_SEA,NFL_SF,NFL_P_00-0037008,CB,,QUESTIONABLE,LP,Ankle,2022-12-15,nflverse,,2026-09-07T05:46:50.365367+00:00,2022-12-15T00:00:00
NFL_TB_00-0029562_2022W15_NA_DNP,NFL,2022,15,2022_NFL_W15_CIN_TB,NFL_TB,NFL_P_00-0029562,LB,,UNKNOWN,DNP,Not injury related - resting player,2022-12-17,nflverse,,2026-09-07T05:46:50.365367+00:00,2022-12-17T00:00:00
NFL_TB_00-0029657_2022W15_NA_DNP,NFL,2022,15,2022_NFL_W15_CIN_TB,NFL_TB,NFL_P_00-0029657,DL,,UNKNOWN,DNP,Not injury related - resting player,2022-12-17,nflverse,,2026-09-07T05:46:50.365367+00:00,2022-12-17T00:00:00
NFL_TB_00-0034682_2022W15_OUT_DNP,NFL,2022,15,2022_NFL_W15_CIN_TB,NFL_TB,NFL_P_00-0034682,LB,,OUT,DNP,Abdomen,2022-12-17,nflverse,,2026-09-07T05:46:50.365367+00:00,2022-12-17T00:00:00
NFL_TB_00-0035699_2022W15_OUT_DNP,NFL,2022,15,2022_NFL_W15_CIN_TB,NFL_TB,NFL_P_00-0035699,CB,,OUT,DNP,Toe,2022-12-17,nflverse,,2026-09-07T05:46:50.365367+00:00,2022-12-17T00:00:00
NFL_TB_00-0033129_2022W15_OUT_DNP,NFL,2022,15,2022_NFL_W15_CIN_TB,NFL_TB,NFL_P_00-0033129,LB,,OUT,DNP,Pectoral,2022-12-17,nflverse,,2026-09-07T05:46:50.365367+00:00,2022-12-17T00:00:00
NFL_TB_00-0034773_2022W15_OUT_DNP,NFL,2022,15,2022_NFL_W15_CIN_TB,NFL_TB,NFL_P_00-0034773,DL,,OUT,DNP,Calf,2022-12-17,nflverse,,2026-09-07T05:46:50.365367+00:00,2022-12-17T00:00:00
NFL_TB_00-0035681_2022W15_QUESTIONABLE_FP,NFL,2022,15,2022_NFL_W15_CIN_TB,NFL_TB,NFL_P_00-0035681,S,,QUESTIONABLE,FP,Hamstring,2022-12-17,nflverse,,2026-09-07T05:46:50.365367+00:00,2022-12-17T00:00:00
NFL_TB_00-0035239_2022W15_QUESTIONABLE_FP,NFL,2022,15,2022_NFL_W15_CIN_TB,NFL_TB,NFL_P_00-0035239,CB,,QUESTIONABLE,FP,Quadricep,2022-12-17,nflverse,,2026-09-07T05:46:50.365367+00:00,2022-12-17T00:00:00
NFL_TB_00-0036967_2022W15_QUESTIONABLE_FP,NFL,2022,15,2022_NFL_W15_CIN_TB,NFL_TB,NFL_P_00-0036967,LB,,QUESTIONABLE,FP,Hip,2022-12-17,nflverse,,2026-09-07T05:46:50.365367+00:00,2022-12-17T00:00:00
NFL_TB_00-0027944_2022W15_QUESTIONABLE_LP,NFL,2022,15,2022_NFL_W15_CIN_TB,NFL_TB,NFL_P_00-0027944,WR,,QUESTIONABLE,LP,Knee,2022-12-17,nflverse,,2026-09-07T05:46:50.365367+00:00,2022-12-17T00:00:00
NFL_TB_00-0036411_2022W15_QUESTIONABLE_LP,NFL,2022,15,2022_NFL_W15_CIN_TB,NFL_TB,NFL_P_00-0036411,S,,QUESTIONABLE,LP,Ankle,2022-12-17,nflverse,,2026-09-07T05:46:50.365367+00:00,2022-12-17T00:00:00
NFL_TB_00-0036406_2022W15_QUESTIONABLE_LP,NFL,2022,15,2022_NFL_W15_CIN_TB,NFL_TB,NFL_P_00-0036406,OL,,QUESTIONABLE,LP,Ankle,2022-12-17,nflverse,,2026-09-07T05:46:50.365367+00:00,2022-12-17T00:00:00
NFL_TEN_00-0035649_2022W15_NA_LP,NFL,2022,15,2022_NFL_W15_TEN_LAC,NFL_TEN,NFL_P_00-0035649,OL,,UNKNOWN,LP,Knee,2022-12-17,nflverse,,2026-09-07T05:46:50.365367+00:00,2022-12-17T00:00:00
NFL_TEN_00-0029413_2022W15_NA_LP,NFL,2022,15,2022_NFL_W15_TEN_LAC,NFL_TEN,NFL_P_00-0029413,OL,,UNKNOWN,LP,Neck,2022-12-17,nflverse,,2026-09-07T05:46:50.365367+00:00,2022-12-17T00:00:00
NFL_TEN_00-0031097_2022W15_NA_LP,NFL,2022,15,2022_NFL_W15_TEN_LAC,NFL_TEN,NFL_P_00-0031097,CB,,UNKNOWN,LP,Hamstring,2022-12-17,nflverse,,2026-09-07T05:46:50.365367+00:00,2022-12-17T00:00:00
NFL_TEN_00-0035643_2022W15_NA_LP,NFL,2022,15,2022_NFL_W15_TEN_LAC,NFL_TEN,NFL_P_00-0035643,DL,,UNKNOWN,LP,Ankle,2022-12-17,nflverse,,2026-09-07T05:46:50.365367+00:00,2022-12-17T00:00:00
NFL_TEN_00-0031254_2022W15_OUT_DNP,NFL,2022,15,2022_NFL_W15_TEN_LAC,NFL_TEN,NFL_P_00-0031254,EDGE,,OUT,DNP,Knee,2022-12-17,nflverse,,2026-09-07T05:46:50.365367+00:00,2022-12-17T00:00:00
NFL_TEN_00-0037593_2022W15_OUT_DNP,NFL,2022,15,2022_NFL_W15_TEN_LAC,NFL_TEN,NFL_P_00-0037593,CB,,OUT,DNP,Concussion,2022-12-17,nflverse,,2026-09-07T05:46:50.365367+00:00,2022-12-17T00:00:00
NFL_TEN_00-0033367_2022W15_OUT_DNP,NFL,2022,15,2022_NFL_W15_TEN_LAC,NFL_TEN,NFL_P_00-0033367,WR,,OUT,DNP,Rib,2022-12-17,nflverse,,2026-09-07T05:46:50.365367+00:00,2022-12-17T00:00:00
NFL_TEN_00-0037742_2022W15_OUT_DNP,NFL,2022,15,2022_NFL_W15_TEN_LAC,NFL_TEN,NFL_P_00-0037742,WR,,OUT,DNP,Concussion,2022-12-17,nflverse,,2026-09-07T05:46:50.365367+00:00,2022-12-17T00:00:00
NFL_TEN_00-0036416_2022W15_OUT_DNP,NFL,2022,15,2022_NFL_W15_TEN_LAC,NFL_TEN,NFL_P_00-0036416,CB,,OUT,DNP,Groin,2022-12-17,nflverse,,2026-09-07T05:46:50.365367+00:00,2022-12-17T00:00:00
NFL_TEN_00-0034253_2022W15_OUT_DNP,NFL,2022,15,2022_NFL_W15_TEN_LAC,NFL_TEN,NFL_P_00-0034253,RB,,OUT,DNP,Neck,2022-12-17,nflverse,,2026-09-07T05:46:50.365367+00:00,2022-12-17T00:00:00
NFL_TEN_00-0035632_2022W15_OUT_DNP,NFL,2022,15,2022_NFL_W15_TEN_LAC,NFL_TEN,NFL_P_00-0035632,S,,OUT,DNP,Knee,2022-12-17,nflverse,,2026-09-07T05:46:50.365367+00:00,2022-12-17T00:00:00
NFL_WAS_00-0036328_2022W15_NA_LP,NFL,2022,15,2022_NFL_W15_NYG_WAS,NFL_WAS,NFL_P_00-0036328,RB,,UNKNOWN,LP,Foot,2022-12-18,nflverse,,2026-09-07T05:46:50.365367+00:00,2022-12-18T00:00:00
NFL_WAS_00-0031122_2022W15_NA_LP,NFL,2022,15,2022_NFL_W15_NYG_WAS,NFL_WAS,NFL_P_00-0031122,OL,,UNKNOWN,LP,Shoulder,2022-12-18,nflverse,,2026-09-07T05:46:50.365367+00:00,2022-12-18T00:00:00
NFL_WAS_00-0037746_2022W15_NA_LP,NFL,2022,15,2022_NFL_W15_NYG_WAS,NFL_WAS,NFL_P_00-0037746,RB,,UNKNOWN,LP,Quadricep,2022-12-18,nflverse,,2026-09-07T05:46:50.365367+00:00,2022-12-18T00:00:00
NFL_WAS_00-0036334_2022W15_OUT_DNP,NFL,2022,15,2022_NFL_W15_NYG_WAS,NFL_WAS,NFL_P_00-0036334,OL,,OUT,DNP,Concussion,2022-12-18,nflverse,,2026-09-07T05:46:50.365367+00:00,2022-12-18T00:00:00
NFL_WAS_00-0031500_2022W15_QUESTIONABLE_LP,NFL,2022,15,2022_NFL_W15_NYG_WAS,NFL_WAS,NFL_P_00-0031500,EDGE,,QUESTIONABLE,LP,Finger,2022-12-18,nflverse,,2026-09-07T05:46:50.365367+00:00,2022-12-18T00:00:00
NFL_WAS_00-0034104_2022W15_QUESTIONABLE_LP,NFL,2022,15,2022_NFL_W15_NYG_WAS,NFL_WAS,NFL_P_00-0034104,WR,,QUESTIONABLE,LP,Back,2022-12-18,nflverse,,2026-09-07T05:46:50.365367+00:00,2022-12-18T00:00:00
NFL_WAS_00-0036625_2022W15_QUESTIONABLE_LP,NFL,2022,15,2022_NFL_W15_NYG_WAS,NFL_WAS,NFL_P_00-0036625,CB,,QUESTIONABLE,LP,Ankle,2022-12-18,nflverse,,2026-09-07T05:46:50.365367+00:00,2022-12-18T00:00:00
NFL_WAS_00-0036321_2022W15_QUESTIONABLE_LP,NFL,2022,15,2022_NFL_W15_NYG_WAS,NFL_WAS,NFL_P_00-0036321,EDGE,,QUESTIONABLE,LP,Knee,2022-12-18,nflverse,,2026-09-07T05:46:50.365367+00:00,2022-12-18T00:00:00
NFL_ARI_00-0035248_2022W16_OUT_DNP,NFL,2022,16,2022_NFL_W16_TB_ARI,NFL_ARI,NFL_P_00-0035248,EDGE,,OUT,DNP,Hand,2022-12-25,nflverse,,2026-09-07T05:46:50.365367+00:00,2022-12-25T00:00:00
NFL_ARI_00-0035236_2022W16_OUT_DNP,NFL,2022,16,2022_NFL_W16_TB_ARI,NFL_ARI,NFL_P_00-0035236,CB,,OUT,DNP,Back,2022-12-25,nflverse,,2026-09-07T05:46:50.365367+00:00,2022-12-25T00:00:00
NFL_ARI_00-0027688_2022W16_OUT_LP,NFL,2022,16,2022_NFL_W16_TB_ARI,NFL_ARI,NFL_P_00-0027688,QB,,OUT,LP,Concussion,2022-12-25,nflverse,,2026-09-07T05:46:50.365367+00:00,2022-12-25T00:00:00
NFL_ARI_00-0029316_2022W16_QUESTIONABLE_LP,NFL,2022,16,2022_NFL_W16_TB_ARI,NFL_ARI,NFL_P_00-0029316,OL,,QUESTIONABLE,LP,Knee,2022-12-25,nflverse,,2026-09-07T05:46:50.365367+00:00,2022-12-25T00:00:00
NFL_ARI_00-0035662_2022W16_QUESTIONABLE_LP,NFL,2022,16,2022_NFL_W16_TB_ARI,NFL_ARI,NFL_P_00-0035662,WR,,QUESTIONABLE,LP,Groin,2022-12-25,nflverse,,2026-09-07T05:46:50.365367+00:00,2022-12-25T00:00:00
NFL_ARI_00-0032132_2022W16_QUESTIONABLE_LP,NFL,2022,16,2022_NFL_W16_TB_ARI,NFL_ARI,NFL_P_00-0032132,OL,,QUESTIONABLE,LP,Shoulder,2022-12-25,nflverse,,2026-09-07T05:46:50.365367+00:00,2022-12-25T00:00:00
NFL_ARI_00-0032933_2022W16_QUESTIONABLE_LP,NFL,2022,16,2022_NFL_W16_TB_ARI,NFL_ARI,NFL_P_00-0032933,CB,,QUESTIONABLE,LP,Back,2022-12-25,nflverse,,2026-09-07T05:46:50.365367+00:00,2022-12-25T00:00:00
NFL_ARI_00-0032560_2022W16_QUESTIONABLE_LP,NFL,2022,16,2022_NFL_W16_TB_ARI,NFL_ARI,NFL_P_00-0032560,S,,QUESTIONABLE,LP,Chest,2022-12-25,nflverse,,2026-09-07T05:46:50.365367+00:00,2022-12-25T00:00:00
NFL_ATL_00-0030578_2022W16_NA_DNP,NFL,2022,16,2022_NFL_W16_ATL_BAL,NFL_ATL,NFL_P_00-0030578,RB,,UNKNOWN,DNP,Not injury related - resting player,2022-12-23,nflverse,,2026-09-07T05:46:50.365367+00:00,2022-12-23T00:00:00
NFL_ATL_00-0035698_2022W16_OUT_DNP,NFL,2022,16,2022_NFL_W16_ATL_BAL,NFL_ATL,NFL_P_00-0035698,OL,,OUT,DNP,Knee,2022-12-23,nflverse,,2026-09-07T05:46:50.365367+00:00,2022-12-23T00:00:00
NFL_BAL_00-0036158_2022W16_NA_DNP,NFL,2022,16,2022_NFL_W16_ATL_BAL,NFL_BAL,NFL_P_00-0036158,RB,,UNKNOWN,DNP,Not injury related - resting player,2022-12-23,nflverse,,2026-09-07T05:46:50.365367+00:00,2022-12-23T00:00:00
NFL_BAL_00-0028008_2022W16_NA_DNP,NFL,2022,16,2022_NFL_W16_ATL_BAL,NFL_BAL,NFL_P_00-0028008,LB,,UNKNOWN,DNP,Not injury related - resting player,2022-12-23,nflverse,,2026-09-07T05:46:50.365367+00:00,2022-12-23T00:00:00
NFL_BAL_00-0031330_2022W16_NA_DNP,NFL,2022,16,2022_NFL_W16_ATL_BAL,NFL_BAL,NFL_P_00-0031330,OL,,UNKNOWN,DNP,Not injury related - resting player,2022-12-23,nflverse,,2026-09-07T05:46:50.365367+00:00,2022-12-23T00:00:00
NFL_BAL_00-0027867_2022W16_NA_DNP,NFL,2022,16,2022_NFL_W16_ATL_BAL,NFL_BAL,NFL_P_00-0027867,EDGE,,UNKNOWN,DNP,Not injury related - resting player,2022-12-23,nflverse,,2026-09-07T05:46:50.365367+00:00,2022-12-23T00:00:00
NFL_BAL_00-0032965_2022W16_NA_DNP,NFL,2022,16,2022_NFL_W16_ATL_BAL,NFL_BAL,NFL_P_00-0032965,OL,,UNKNOWN,DNP,Not injury related - resting player,2022-12-23,nflverse,,2026-09-07T05:46:50.365367+00:00,2022-12-23T00:00:00
NFL_BAL_00-0029592_2022W16_NA_DNP,NFL,2022,16,2022_NFL_W16_ATL_BAL,NFL_BAL,NFL_P_00-0029592,OL,,UNKNOWN,DNP,Not injury related - resting player,2022-12-23,nflverse,,2026-09-07T05:46:50.365367+00:00,2022-12-23T00:00:00
NFL_BAL_00-0036331_2022W16_NA_LP,NFL,2022,16,2022_NFL_W16_ATL_BAL,NFL_BAL,NFL_P_00-0036331,WR,,UNKNOWN,LP,Foot,2022-12-23,nflverse,,2026-09-07T05:46:50.365367+00:00,2022-12-23T00:00:00
NFL_BAL_00-0026190_2022W16_OUT_DNP,NFL,2022,16,2022_NFL_W16_ATL_BAL,NFL_BAL,NFL_P_00-0026190,EDGE,,OUT,DNP,Knee,2022-12-23,nflverse,,2026-09-07T05:46:50.365367+00:00,2022-12-23T00:00:00
NFL_BAL_00-0034796_2022W16_OUT_DNP,NFL,2022,16,2022_NFL_W16_ATL_BAL,NFL_BAL,NFL_P_00-0034796,QB,,OUT,DNP,Knee,2022-12-23,nflverse,,2026-09-07T05:46:50.365367+00:00,2022-12-23T00:00:00
NFL_BAL_00-0032165_2022W16_OUT_DNP,NFL,2022,16,2022_NFL_W16_ATL_BAL,NFL_BAL,NFL_P_00-0032165,CB,,OUT,DNP,Calf,2022-12-23,nflverse,,2026-09-07T05:46:50.365367+00:00,2022-12-23T00:00:00
NFL_BAL_00-0035993_2022W16_QUESTIONABLE_LP,NFL,2022,16,2022_NFL_W16_ATL_BAL,NFL_BAL,NFL_P_00-0035993,QB,,QUESTIONABLE,LP,right Shoulder,2022-12-23,nflverse,,2026-09-07T05:46:50.365367+00:00,2022-12-23T00:00:00
NFL_BUF_00-0031588_2022W16_NA_DNP,NFL,2022,16,2022_NFL_W16_BUF_CHI,NFL_BUF,NFL_P_00-0031588,WR,,UNKNOWN,DNP,Not injury related - resting player,2022-12-23,nflverse,,2026-09-07T05:46:50.365367+00:00,2022-12-23T00:00:00
NFL_BUF_00-0028063_2022W16_NA_DNP,NFL,2022,16,2022_NFL_W16_BUF_CHI,NFL_BUF,NFL_P_00-0028063,RB,,UNKNOWN,DNP,Not injury related - resting player,2022-12-23,nflverse,,2026-09-07T05:46:50.365367+00:00,2022-12-23T00:00:00
NFL_BUF_00-0036553_2022W16_OUT_DNP,NFL,2022,16,2022_NFL_W16_BUF_CHI,NFL_BUF,NFL_P_00-0036553,EDGE,,OUT,DNP,Calf,2022-12-23,nflverse,,2026-09-07T05:46:50.365367+00:00,2022-12-23T00:00:00
NFL_BUF_00-0031936_2022W16_OUT_DNP,NFL,2022,16,2022_NFL_W16_BUF_CHI,NFL_BUF,NFL_P_00-0031936,OL,,OUT,DNP,Concussion,2022-12-23,nflverse,,2026-09-07T05:46:50.365367+00:00,2022-12-23T00:00:00
NFL_BUF_00-0035230_2022W16_QUESTIONABLE_DNP,NFL,2022,16,2022_NFL_W16_BUF_CHI,NFL_BUF,NFL_P_00-0035230,DL,,QUESTIONABLE,DNP,Calf,2022-12-23,nflverse,,2026-09-07T05:46:50.365367+00:00,2022-12-23T00:00:00
NFL_BUF_00-0031557_2022W16_QUESTIONABLE_LP,NFL,2022,16,2022_NFL_W16_BUF_CHI,NFL_BUF,NFL_P_00-0031557,EDGE,,QUESTIONABLE,LP,Shoulder,2022-12-23,nflverse,,2026-09-07T05:46:50.365367+00:00,2022-12-23T00:00:00
NFL_CAR_00-0033284_2022W16_NA_DNP,NFL,2022,16,2022_NFL_W16_DET_CAR,NFL_CAR,NFL_P_00-0033284,OL,,UNKNOWN,DNP,Not injury related - resting player,2022-12-23,nflverse,,2026-09-07T05:46:50.365367+00:00,2022-12-23T00:00:00
NFL_CHI_00-0034279_2022W16_OUT_DNP,NFL,2022,16,2022_NFL_W16_BUF_CHI,NFL_CHI,NFL_P_00-0034279,WR,,OUT,DNP,Concussion,2022-12-23,nflverse,,2026-09-07T05:46:50.365367+00:00,2022-12-23T00:00:00
NFL_CHI_00-0036307_2022W16_OUT_DNP,NFL,2022,16,2022_NFL_W16_BUF_CHI,NFL_CHI,NFL_P_00-0036307,CB,,OUT,DNP,Ankle,2022-12-23,nflverse,,2026-09-07T05:46:50.365367+00:00,2022-12-23T00:00:00
NFL_CHI_00-0035259_2022W16_OUT_DNP,NFL,2022,16,2022_NFL_W16_BUF_CHI,NFL_CHI,NFL_P_00-0035259,TE,,OUT,DNP,Calf,2022-12-23,nflverse,,2026-09-07T05:46:50.365367+00:00,2022-12-23T00:00:00
NFL_CHI_00-0036326_2022W16_DOUBTFUL_DNP,NFL,2022,16,2022_NFL_W16_BUF_CHI,NFL_CHI,NFL_P_00-0036326,WR,,DOUBTFUL,DNP,Knee,2022-12-23,nflverse,,2026-09-07T05:46:50.365367+00:00,2022-12-23T00:00:00
NFL_CHI_00-0036953_2022W16_DOUBTFUL_DNP,NFL,2022,16,2022_NFL_W16_BUF_CHI,NFL_CHI,NFL_P_00-0036953,OL,,DOUBTFUL,DNP,Neck,2022-12-23,nflverse,,2026-09-07T05:46:50.365367+00:00,2022-12-23T00:00:00
NFL_CHI_00-0032768_2022W16_DOUBTFUL_DNP,NFL,2022,16,2022_NFL_W16_BUF_CHI,NFL_CHI,NFL_P_00-0032768,OL,,DOUBTFUL,DNP,Knee,2022-12-23,nflverse,,2026-09-07T05:46:50.365367+00:00,2022-12-23T00:00:00
NFL_CHI_00-0036292_2022W16_QUESTIONABLE_LP,NFL,2022,16,2022_NFL_W16_BUF_CHI,NFL_CHI,NFL_P_00-0036292,CB,,QUESTIONABLE,LP,Finger,2022-12-23,nflverse,,2026-09-07T05:46:50.365367+00:00,2022-12-23T00:00:00
NFL_CIN_00-0032379_2022W16_NA_LP,NFL,2022,16,2022_NFL_W16_CIN_NE,NFL_CIN,NFL_P_00-0032379,CB,,UNKNOWN,LP,Ankle,2022-12-23,nflverse,,2026-09-07T05:46:50.365367+00:00,2022-12-23T00:00:00
NFL_CIN_00-0033292_2022W16_NA_LP,NFL,2022,16,2022_NFL_W16_CIN_NE,NFL_CIN,NFL_P_00-0033292,WR,,UNKNOWN,LP,Hamstring,2022-12-23,nflverse,,2026-09-07T05:46:50.365367+00:00,2022-12-23T00:00:00
NFL_CIN_00-0034834_2022W16_OUT_DNP,NFL,2022,16,2022_NFL_W16_CIN_NE,NFL_CIN,NFL_P_00-0034834,EDGE,,OUT,DNP,Calf,2022-12-23,nflverse,,2026-09-07T05:46:50.365367+00:00,2022-12-23T00:00:00
NFL_CIN_00-0037753_2022W16_QUESTIONABLE_FP,NFL,2022,16,2022_NFL_W16_CIN_NE,NFL_CIN,NFL_P_00-0037753,CB,,QUESTIONABLE,FP,Shoulder,2022-12-23,nflverse,,2026-09-07T05:46:50.365367+00:00,2022-12-23T00:00:00
NFL_CIN_00-0036881_2022W16_QUESTIONABLE_FP,NFL,2022,16,2022_NFL_W16_CIN_NE,NFL_CIN,NFL_P_00-0036881,DL,,QUESTIONABLE,FP,Illness,2022-12-23,nflverse,,2026-09-07T05:46:50.365367+00:00,2022-12-23T00:00:00
NFL_CIN_00-0034446_2022W16_QUESTIONABLE_LP,NFL,2022,16,2022_NFL_W16_CIN_NE,NFL_CIN,NFL_P_00-0034446,CB,,QUESTIONABLE,LP,Thumb,2022-12-23,nflverse,,2026-09-07T05:46:50.365367+00:00,2022-12-23T00:00:00
NFL_CIN_00-0034830_2022W16_QUESTIONABLE_LP,NFL,2022,16,2022_NFL_W16_CIN_NE,NFL_CIN,NFL_P_00-0034830,TE,,QUESTIONABLE,LP,Calf,2022-12-23,nflverse,,2026-09-07T05:46:50.365367+00:00,2022-12-23T00:00:00
NFL_CLE_00-0034791_2022W16_NA_LP,NFL,2022,16,2022_NFL_W16_NO_CLE,NFL_CLE,NFL_P_00-0034791,RB,,UNKNOWN,LP,Foot,2022-12-23,nflverse,,2026-09-07T05:46:50.365367+00:00,2022-12-23T00:00:00
NFL_CLE_00-0031544_2022W16_NA_LP,NFL,2022,16,2022_NFL_W16_NO_CLE,NFL_CLE,NFL_P_00-0031544,WR,,UNKNOWN,LP,Not injury related - resting player,2022-12-23,nflverse,,2026-09-07T05:46:50.365367+00:00,2022-12-23T00:00:00
NFL_CLE_00-0033868_2022W16_NA_LP,NFL,2022,16,2022_NFL_W16_NO_CLE,NFL_CLE,NFL_P_00-0033868,EDGE,,UNKNOWN,LP,Illness,2022-12-23,nflverse,,2026-09-07T05:46:50.365367+00:00,2022-12-23T00:00:00
NFL_CLE_00-0034399_2022W16_NA_LP,NFL,2022,16,2022_NFL_W16_NO_CLE,NFL_CLE,NFL_P_00-0034399,OL,,UNKNOWN,LP,Ankle,2022-12-23,nflverse,,2026-09-07T05:46:50.365367+00:00,2022-12-23T00:00:00
NFL_CLE_00-0031364_2022W16_OUT_DNP,NFL,2022,16,2022_NFL_W16_NO_CLE,NFL_CLE,NFL_P_00-0031364,EDGE,,OUT,DNP,Concussion,2022-12-23,nflverse,,2026-09-07T05:46:50.365367+00:00,2022-12-23T00:00:00
NFL_CLE_00-0033927_2022W16_QUESTIONABLE_LP,NFL,2022,16,2022_NFL_W16_NO_CLE,NFL_CLE,NFL_P_00-0033927,S,,QUESTIONABLE,LP,Thigh,2022-12-23,nflverse,,2026-09-07T05:46:50.365367+00:00,2022-12-23T00:00:00
NFL_DAL_00-0037665_2022W16_OUT_NA,NFL,2022,16,2022_NFL_W16_PHI_DAL,NFL_DAL,NFL_P_00-0037665,EDGE,,OUT,,Concussion,2022-12-23,nflverse,,2026-09-07T05:46:50.365367+00:00,2022-12-23T00:00:00
NFL_DAL_00-0034674_2022W16_OUT_DNP,NFL,2022,16,2022_NFL_W16_PHI_DAL,NFL_DAL,NFL_P_00-0034674,LB,,OUT,DNP,Neck,2022-12-23,nflverse,,2026-09-07T05:46:50.365367+00:00,2022-12-23T00:00:00
NFL_DAL_00-0036361_2022W16_QUESTIONABLE_DNP,NFL,2022,16,2022_NFL_W16_PHI_DAL,NFL_DAL,NFL_P_00-0036361,CB,,QUESTIONABLE,DNP,Illness,2022-12-23,nflverse,,2026-09-07T05:46:50.365367+00:00,2022-12-23T00:00:00
NFL_DAL_00-0034373_2022W16_QUESTIONABLE_LP,NFL,2022,16,2022_NFL_W16_PHI_DAL,NFL_DAL,NFL_P_00-0034373,EDGE,,QUESTIONABLE,LP,Knee,2022-12-23,nflverse,,2026-09-07T05:46:50.365367+00:00,2022-12-23T00:00:00
NFL_DAL_00-0038041_2022W16_QUESTIONABLE_LP,NFL,2022,16,2022_NFL_W16_PHI_DAL,NFL_DAL,NFL_P_00-0038041,TE,,QUESTIONABLE,LP,Concussion,2022-12-23,nflverse,,2026-09-07T05:46:50.365367+00:00,2022-12-23T00:00:00
NFL_DAL_00-0036932_2022W16_QUESTIONABLE_LP,NFL,2022,16,2022_NFL_W16_PHI_DAL,NFL_DAL,NFL_P_00-0036932,LB,,QUESTIONABLE,LP,Illness,2022-12-23,nflverse,,2026-09-07T05:46:50.365367+00:00,2022-12-23T00:00:00
NFL_DEN_00-0035864_2022W16_OUT_DNP,NFL,2022,16,2022_NFL_W16_DEN_LAR,NFL_DEN,NFL_P_00-0035864,WR,,OUT,DNP,Hamstring,2022-12-24,nflverse,,2026-09-07T05:46:50.365367+00:00,2022-12-24T00:00:00
NFL_DEN_00-0034957_2022W16_QUESTIONABLE_DNP,NFL,2022,16,2022_NFL_W16_DEN_LAR,NFL_DEN,NFL_P_00-0034957,OL,,QUESTIONABLE,DNP,Ankle,2022-12-24,nflverse,,2026-09-07T05:46:50.365367+00:00,2022-12-24T00:00:00
NFL_DEN_00-0032197_2022W16_QUESTIONABLE_DNP,NFL,2022,16,2022_NFL_W16_DEN_LAR,NFL_DEN,NFL_P_00-0032197,EDGE,,QUESTIONABLE,DNP,Knee,2022-12-24,nflverse,,2026-09-07T05:46:50.365367+00:00,2022-12-24T00:00:00
NFL_DEN_00-0030513_2022W16_QUESTIONABLE_LP,NFL,2022,16,2022_NFL_W16_DEN_LAR,NFL_DEN,NFL_P_00-0030513,RB,,QUESTIONABLE,LP,Foot,2022-12-24,nflverse,,2026-09-07T05:46:50.365367+00:00,2022-12-24T00:00:00
NFL_DEN_00-0035702_2022W16_QUESTIONABLE_LP,NFL,2022,16,2022_NFL_W16_DEN_LAR,NFL_DEN,NFL_P_00-0035702,OL,,QUESTIONABLE,LP,Shoulder,2022-12-24,nflverse,,2026-09-07T05:46:50.365367+00:00,2022-12-24T00:00:00
NFL_DEN_00-0034348_2022W16_QUESTIONABLE_LP,NFL,2022,16,2022_NFL_W16_DEN_LAR,NFL_DEN,NFL_P_00-0034348,WR,,QUESTIONABLE,LP,Hamstring,2022-12-24,nflverse,,2026-09-07T05:46:50.365367+00:00,2022-12-24T00:00:00
NFL_DEN_00-0031253_2022W16_QUESTIONABLE_LP,NFL,2022,16,2022_NFL_W16_DEN_LAR,NFL_DEN,NFL_P_00-0031253,CB,,QUESTIONABLE,LP,Wrist,2022-12-24,nflverse,,2026-09-07T05:46:50.365367+00:00,2022-12-24T00:00:00
NFL_DET_00-0036736_2022W16_OUT_DNP,NFL,2022,16,2022_NFL_W16_DET_CAR,NFL_DET,NFL_P_00-0036736,OL,,OUT,DNP,Ankle,2022-12-23,nflverse,,2026-09-07T05:46:50.365367+00:00,2022-12-23T00:00:00
NFL_DET_00-0034171_2022W16_OUT_DNP,NFL,2022,16,2022_NFL_W16_DET_CAR,NFL_DET,NFL_P_00-0034171,RB,,OUT,DNP,Illness,2022-12-23,nflverse,,2026-09-07T05:46:50.365367+00:00,2022-12-23T00:00:00
NFL_DET_00-0034277_2022W16_OUT_DNP,NFL,2022,16,2022_NFL_W16_DET_CAR,NFL_DET,NFL_P_00-0034277,CB,,OUT,DNP,Shoulder,2022-12-23,nflverse,,2026-09-07T05:46:50.365367+00:00,2022-12-23T00:00:00
NFL_DET_00-0036964_2022W16_QUESTIONABLE_LP,NFL,2022,16,2022_NFL_W16_DET_CAR,NFL_DET,NFL_P_00-0036964,LB,,QUESTIONABLE,LP,Knee,2022-12-23,nflverse,,2026-09-07T05:46:50.365367+00:00,2022-12-23T00:00:00
NFL_DET_00-0034345_2022W16_QUESTIONABLE_LP,NFL,2022,16,2022_NFL_W16_DET_CAR,NFL_DET,NFL_P_00-0034345,OL,,QUESTIONABLE,LP,Foot,2022-12-23,nflverse,,2026-09-07T05:46:50.365367+00:00,2022-12-23T00:00:00
NFL_GB_00-0035526_2022W16_NA_LP,NFL,2022,16,2022_NFL_W16_GB_MIA,NFL_GB,NFL_P_00-0035526,OL,,UNKNOWN,LP,Knee,2022-12-24,nflverse,,2026-09-07T05:46:50.365367+00:00,2022-12-24T00:00:00
NFL_GB_00-0033293_2022W16_NA_LP,NFL,2022,16,2022_NFL_W16_GB_MIA,NFL_GB,NFL_P_00-0033293,RB,,UNKNOWN,LP,Knee,2022-12-24,nflverse,,2026-09-07T05:46:50.365367+00:00,2022-12-24T00:00:00
NFL_GB_00-0030074_2022W16_DOUBTFUL_DNP,NFL,2022,16,2022_NFL_W16_GB_MIA,NFL_GB,NFL_P_00-0030074,OL,,DOUBTFUL,DNP,Knee,2022-12-24,nflverse,,2026-09-07T05:46:50.365367+00:00,2022-12-24T00:00:00
NFL_HOU_00-0028339_2022W16_NA_DNP,NFL,2022,16,2022_NFL_W16_HOU_TEN,NFL_HOU,NFL_P_00-0028339,EDGE,,UNKNOWN,DNP,Not injury related - resting player,2022-12-23,nflverse,,2026-09-07T05:46:50.365367+00:00,2022-12-23T00:00:00
NFL_HOU_00-0033131_2022W16_NA_DNP,NFL,2022,16,2022_NFL_W16_HOU_TEN,NFL_HOU,NFL_P_00-0033131,DL,,UNKNOWN,DNP,Not injury related - resting player,2022-12-23,nflverse,,2026-09-07T05:46:50.365367+00:00,2022-12-23T00:00:00
NFL_HOU_00-0027881_2022W16_NA_DNP,NFL,2022,16,2022_NFL_W16_HOU_TEN,NFL_HOU,NFL_P_00-0027881,EDGE,,UNKNOWN,DNP,Not injury related - resting player,2022-12-23,nflverse,,2026-09-07T05:46:50.365367+00:00,2022-12-23T00:00:00
NFL_HOU_00-0036554_2022W16_OUT_DNP,NFL,2022,16,2022_NFL_W16_HOU_TEN,NFL_HOU,NFL_P_00-0036554,WR,,OUT,DNP,Foot,2022-12-23,nflverse,,2026-09-07T05:46:50.365367+00:00,2022-12-23T00:00:00
NFL_HOU_00-0037613_2022W16_OUT_DNP,NFL,2022,16,2022_NFL_W16_HOU_TEN,NFL_HOU,NFL_P_00-0037613,OL,,OUT,DNP,Ankle,2022-12-23,nflverse,,2026-09-07T05:46:50.365367+00:00,2022-12-23T00:00:00
NFL_HOU_00-0031236_2022W16_QUESTIONABLE_FP,NFL,2022,16,2022_NFL_W16_HOU_TEN,NFL_HOU,NFL_P_00-0031236,WR,,QUESTIONABLE,FP,Calf,2022-12-23,nflverse,,2026-09-07T05:46:50.365367+00:00,2022-12-23T00:00:00
NFL_HOU_00-0032150_2022W16_QUESTIONABLE_FP,NFL,2022,16,2022_NFL_W16_HOU_TEN,NFL_HOU,NFL_P_00-0032150,CB,,QUESTIONABLE,FP,Foot,2022-12-23,nflverse,,2026-09-07T05:46:50.365367+00:00,2022-12-23T00:00:00
NFL_HOU_00-0030792_2022W16_QUESTIONABLE_LP,NFL,2022,16,2022_NFL_W16_HOU_TEN,NFL_HOU,NFL_P_00-0030792,OL,,QUESTIONABLE,LP,Hamstring,2022-12-23,nflverse,,2026-09-07T05:46:50.365367+00:00,2022-12-23T00:00:00
NFL_HOU_00-0032398_2022W16_QUESTIONABLE_LP,NFL,2022,16,2022_NFL_W16_HOU_TEN,NFL_HOU,NFL_P_00-0032398,WR,,QUESTIONABLE,LP,Foot,2022-12-23,nflverse,,2026-09-07T05:46:50.365367+00:00,2022-12-23T00:00:00
NFL_IND_00-0036876_2022W16_OUT_DNP,NFL,2022,16,2022_NFL_W16_LAC_IND,NFL_IND,NFL_P_00-0036876,TE,,OUT,DNP,Ankle,2022-12-26,nflverse,,2026-09-07T05:46:50.365367+00:00,2022-12-26T00:00:00
NFL_IND_00-0033393_2022W16_OUT_DNP,NFL,2022,16,2022_NFL_W16_LAC_IND,NFL_IND,NFL_P_00-0033393,CB,,OUT,DNP,Ankle,2022-12-26,nflverse,,2026-09-07T05:46:50.365367+00:00,2022-12-26T00:00:00
NFL_JAX_00-0034275_2022W16_OUT_DNP,NFL,2022,16,2022_NFL_W16_JAX_NYJ,NFL_JAX,NFL_P_00-0034275,DL,,OUT,DNP,Ankle,2022-12-22,nflverse,,2026-09-07T05:46:50.365367+00:00,2022-12-22T00:00:00
NFL_JAX_00-0033889_2022W16_OUT_DNP,NFL,2022,16,2022_NFL_W16_JAX_NYJ,NFL_JAX,NFL_P_00-0033889,OL,,OUT,DNP,Knee,2022-12-22,nflverse,,2026-09-07T05:46:50.365367+00:00,2022-12-22T00:00:00
NFL_JAX_00-0037235_2022W16_OUT_DNP,NFL,2022,16,2022_NFL_W16_JAX_NYJ,NFL_JAX,NFL_P_00-0037235,LB,,OUT,DNP,Ankle,2022-12-22,nflverse,,2026-09-07T05:46:50.365367+00:00,2022-12-22T00:00:00
NFL_JAX_00-0036971_2022W16_QUESTIONABLE_LP,NFL,2022,16,2022_NFL_W16_JAX_NYJ,NFL_JAX,NFL_P_00-0036971,QB,,QUESTIONABLE,LP,Toe,2022-12-22,nflverse,,2026-09-07T05:46:50.365367+00:00,2022-12-22T00:00:00
NFL_JAX_00-0037811_2022W16_QUESTIONABLE_LP,NFL,2022,16,2022_NFL_W16_JAX_NYJ,NFL_JAX,NFL_P_00-0037811,LB,,QUESTIONABLE,LP,Ankle,2022-12-22,nflverse,,2026-09-07T05:46:50.365367+00:00,2022-12-22T00:00:00
NFL_JAX_00-0032053_2022W16_QUESTIONABLE_LP,NFL,2022,16,2022_NFL_W16_JAX_NYJ,NFL_JAX,NFL_P_00-0032053,OL,,QUESTIONABLE,LP,Abdomen,2022-12-22,nflverse,,2026-09-07T05:46:50.365367+00:00,2022-12-22T00:00:00
NFL_JAX_00-0035237_2022W16_QUESTIONABLE_LP,NFL,2022,16,2022_NFL_W16_JAX_NYJ,NFL_JAX,NFL_P_00-0035237,OL,,QUESTIONABLE,LP,Hamstring,2022-12-22,nflverse,,2026-09-07T05:46:50.365367+00:00,2022-12-22T00:00:00
NFL_JAX_00-0035378_2022W16_QUESTIONABLE_LP,NFL,2022,16,2022_NFL_W16_JAX_NYJ,NFL_JAX,NFL_P_00-0035378,S,,QUESTIONABLE,LP,Shoulder,2022-12-22,nflverse,,2026-09-07T05:46:50.365367+00:00,2022-12-22T00:00:00
NFL_KC_00-0035547_2022W16_OUT_DNP,NFL,2022,16,2022_NFL_W16_SEA_KC,NFL_KC,NFL_P_00-0035547,TE,,OUT,DNP,Elbow,2022-12-23,nflverse,,2026-09-07T05:46:50.365367+00:00,2022-12-23T00:00:00
NFL_KC_00-0035656_2022W16_DOUBTFUL_DNP,NFL,2022,16,2022_NFL_W16_SEA_KC,NFL_KC,NFL_P_00-0035656,DL,,DOUBTFUL,DNP,Illness,2022-12-23,nflverse,,2026-09-07T05:46:50.365367+00:00,2022-12-23T00:00:00
NFL_KC_00-0032774_2022W16_QUESTIONABLE_FP,NFL,2022,16,2022_NFL_W16_SEA_KC,NFL_KC,NFL_P_00-0032774,S,,QUESTIONABLE,FP,Illness,2022-12-23,nflverse,,2026-09-07T05:46:50.365367+00:00,2022-12-23T00:00:00
NFL_KC_00-0036378_2022W16_QUESTIONABLE_FP,NFL,2022,16,2022_NFL_W16_SEA_KC,NFL_KC,NFL_P_00-0036378,EDGE,,QUESTIONABLE,FP,Illness,2022-12-23,nflverse,,2026-09-07T05:46:50.365367+00:00,2022-12-23T00:00:00
NFL_LAR_00-0034804_2022W16_OUT_DNP,NFL,2022,16,2022_NFL_W16_DEN_LAR,NFL_LAR,NFL_P_00-0034804,OL,,OUT,DNP,Calf,2022-12-24,nflverse,,2026-09-07T05:46:50.365367+00:00,2022-12-24T00:00:00
NFL_LAR_00-0035607_2022W16_OUT_DNP,NFL,2022,16,2022_NFL_W16_DEN_LAR,NFL_LAR,NFL_P_00-0035607,DL,,OUT,DNP,Ankle,2022-12-24,nflverse,,2026-09-07T05:46:50.365367+00:00,2022-12-24T00:00:00
NFL_LAR_00-0031388_2022W16_OUT_DNP,NFL,2022,16,2022_NFL_W16_DEN_LAR,NFL_LAR,NFL_P_00-0031388,DL,,OUT,DNP,Ankle,2022-12-24,nflverse,,2026-09-07T05:46:50.365367+00:00,2022-12-24T00:00:00
NFL_LAR_00-0035609_2022W16_OUT_DNP,NFL,2022,16,2022_NFL_W16_DEN_LAR,NFL_LAR,NFL_P_00-0035609,LB,,OUT,DNP,Ankle,2022-12-24,nflverse,,2026-09-07T05:46:50.365367+00:00,2022-12-24T00:00:00
NFL_LAR_00-0034812_2022W16_OUT_DNP,NFL,2022,16,2022_NFL_W16_DEN_LAR,NFL_LAR,NFL_P_00-0034812,LB,,OUT,DNP,Hip,2022-12-24,nflverse,,2026-09-07T05:46:50.365367+00:00,2022-12-24T00:00:00
NFL_LAR_00-0036862_2022W16_OUT_DNP,NFL,2022,16,2022_NFL_W16_DEN_LAR,NFL_LAR,NFL_P_00-0036862,WR,,OUT,DNP,Calf,2022-12-24,nflverse,,2026-09-07T05:46:50.365367+00:00,2022-12-24T00:00:00
NFL_LAR_00-0034899_2022W16_OUT_DNP,NFL,2022,16,2022_NFL_W16_DEN_LAR,NFL_LAR,NFL_P_00-0034899,QB,,OUT,DNP,Neck,2022-12-24,nflverse,,2026-09-07T05:46:50.365367+00:00,2022-12-24T00:00:00
NFL_LAC_00-0035542_2022W16_OUT_DNP,NFL,2022,16,2022_NFL_W16_LAC_IND,NFL_LAC,NFL_P_00-0035542,CB,,OUT,DNP,Hamstring,2022-12-26,nflverse,,2026-09-07T05:46:50.365367+00:00,2022-12-26T00:00:00
NFL_LV_00-0035637_2022W16_OUT_DNP,NFL,2022,16,2022_NFL_W16_LV_PIT,NFL_LV,NFL_P_00-0035637,CB,,OUT,DNP,Knee,2022-12-24,nflverse,,2026-09-07T05:46:50.365367+00:00,2022-12-24T00:00:00
NFL_LV_00-0035061_2022W16_QUESTIONABLE_LP,NFL,2022,16,2022_NFL_W16_LV_PIT,NFL_LV,NFL_P_00-0035061,OL,,QUESTIONABLE,LP,Knee,2022-12-24,nflverse,,2026-09-07T05:46:50.365367+00:00,2022-12-24T00:00:00
NFL_LV_00-0035003_2022W16_QUESTIONABLE_LP,NFL,2022,16,2022_NFL_W16_LV_PIT,NFL_LV,NFL_P_00-0035003,OL,,QUESTIONABLE,LP,Back,2022-12-24,nflverse,,2026-09-07T05:46:50.365367+00:00,2022-12-24T00:00:00
NFL_LV_00-0033066_2022W16_QUESTIONABLE_LP,NFL,2022,16,2022_NFL_W16_LV_PIT,NFL_LV,NFL_P_00-0033066,DL,,QUESTIONABLE,LP,Fibula,2022-12-24,nflverse,,2026-09-07T05:46:50.365367+00:00,2022-12-24T00:00:00
NFL_LV_00-0037503_2022W16_QUESTIONABLE_LP,NFL,2022,16,2022_NFL_W16_LV_PIT,NFL_LV,NFL_P_00-0037503,LB,,QUESTIONABLE,LP,Quadricep,2022-12-24,nflverse,,2026-09-07T05:46:50.365367+00:00,2022-12-24T00:00:00
NFL_LV_00-0037255_2022W16_QUESTIONABLE_LP,NFL,2022,16,2022_NFL_W16_LV_PIT,NFL_LV,NFL_P_00-0037255,OL,,QUESTIONABLE,LP,Knee,2022-12-24,nflverse,,2026-09-07T05:46:50.365367+00:00,2022-12-24T00:00:00
NFL_LV_00-0038040_2022W16_QUESTIONABLE_LP,NFL,2022,16,2022_NFL_W16_LV_PIT,NFL_LV,NFL_P_00-0038040,RB,,QUESTIONABLE,LP,Ankle,2022-12-24,nflverse,,2026-09-07T05:46:50.365367+00:00,2022-12-24T00:00:00
NFL_MIA_00-0029249_2022W16_NA_DNP,NFL,2022,16,2022_NFL_W16_GB_MIA,NFL_MIA,NFL_P_00-0029249,LB,,UNKNOWN,DNP,Not injury related - resting player,2022-12-24,nflverse,,2026-09-07T05:46:50.365367+00:00,2022-12-24T00:00:00
NFL_MIA_00-0031687_2022W16_NA_LP,NFL,2022,16,2022_NFL_W16_GB_MIA,NFL_MIA,NFL_P_00-0031687,RB,,UNKNOWN,LP,Not injury related - resting player,2022-12-24,nflverse,,2026-09-07T05:46:50.365367+00:00,2022-12-24T00:00:00
NFL_MIA_00-0034054_2022W16_DOUBTFUL_DNP,NFL,2022,16,2022_NFL_W16_GB_MIA,NFL_MIA,NFL_P_00-0034054,WR,,DOUBTFUL,DNP,Calf,2022-12-24,nflverse,,2026-09-07T05:46:50.365367+00:00,2022-12-24T00:00:00
NFL_MIA_00-0030584_2022W16_DOUBTFUL_DNP,NFL,2022,16,2022_NFL_W16_GB_MIA,NFL_MIA,NFL_P_00-0030584,OL,,DOUBTFUL,DNP,Calf,2022-12-24,nflverse,,2026-09-07T05:46:50.365367+00:00,2022-12-24T00:00:00
NFL_MIA_00-0035311_2022W16_QUESTIONABLE_DNP,NFL,2022,16,2022_NFL_W16_GB_MIA,NFL_MIA,NFL_P_00-0035311,RB,,QUESTIONABLE,DNP,Illness,2022-12-24,nflverse,,2026-09-07T05:46:50.365367+00:00,2022-12-24T00:00:00
NFL_MIA_00-0030067_2022W16_QUESTIONABLE_LP,NFL,2022,16,2022_NFL_W16_GB_MIA,NFL_MIA,NFL_P_00-0030067,OL,,QUESTIONABLE,LP,Toe,2022-12-24,nflverse,,2026-09-07T05:46:50.365367+00:00,2022-12-24T00:00:00
NFL_MIA_00-0034832_2022W16_QUESTIONABLE_LP,NFL,2022,16,2022_NFL_W16_GB_MIA,NFL_MIA,NFL_P_00-0034832,LB,,QUESTIONABLE,LP,Knee,2022-12-24,nflverse,,2026-09-07T05:46:50.365367+00:00,2022-12-24T00:00:00
NFL_MIA_00-0036934_2022W16_QUESTIONABLE_LP,NFL,2022,16,2022_NFL_W16_GB_MIA,NFL_MIA,NFL_P_00-0036934,LB,,QUESTIONABLE,LP,Knee,2022-12-24,nflverse,,2026-09-07T05:46:50.365367+00:00,2022-12-24T00:00:00
NFL_MIA_00-0031555_2022W16_QUESTIONABLE_LP,NFL,2022,16,2022_NFL_W16_GB_MIA,NFL_MIA,NFL_P_00-0031555,S,,QUESTIONABLE,LP,Hamstring,2022-12-24,nflverse,,2026-09-07T05:46:50.365367+00:00,2022-12-24T00:00:00
NFL_MIA_00-0034115_2022W16_QUESTIONABLE_LP,NFL,2022,16,2022_NFL_W16_GB_MIA,NFL_MIA,NFL_P_00-0034115,RB,,QUESTIONABLE,LP,Hip,2022-12-24,nflverse,,2026-09-07T05:46:50.365367+00:00,2022-12-24T00:00:00
NFL_MIN_00-0030035_2022W16_NA_LP,NFL,2022,16,2022_NFL_W16_NYG_MIN,NFL_MIN,NFL_P_00-0030035,WR,,UNKNOWN,LP,Not injury related - resting player,2022-12-23,nflverse,,2026-09-07T05:46:50.365367+00:00,2022-12-23T00:00:00
NFL_MIN_00-0035588_2022W16_OUT_DNP,NFL,2022,16,2022_NFL_W16_NYG_MIN,NFL_MIN,NFL_P_00-0035588,OL,,OUT,DNP,Back,2022-12-23,nflverse,,2026-09-07T05:46:50.365367+00:00,2022-12-23T00:00:00
NFL_MIN_00-0031554_2022W16_QUESTIONABLE_FP,NFL,2022,16,2022_NFL_W16_NYG_MIN,NFL_MIN,NFL_P_00-0031554,LB,,QUESTIONABLE,FP,Hip,2022-12-23,nflverse,,2026-09-07T05:46:50.365367+00:00,2022-12-23T00:00:00
NFL_MIN_00-0036330_2022W16_QUESTIONABLE_LP,NFL,2022,16,2022_NFL_W16_NYG_MIN,NFL_MIN,NFL_P_00-0036330,CB,,QUESTIONABLE,LP,Ankle,2022-12-23,nflverse,,2026-09-07T05:46:50.365367+00:00,2022-12-23T00:00:00
NFL_NE_00-0032228_2022W16_OUT_DNP,NFL,2022,16,2022_NFL_W16_CIN_NE,NFL_NE,NFL_P_00-0032228,LS,,OUT,DNP,Ankle,2022-12-23,nflverse,,2026-09-07T05:46:50.365367+00:00,2022-12-23T00:00:00
NFL_NE_00-0032803_2022W16_OUT_DNP,NFL,2022,16,2022_NFL_W16_CIN_NE,NFL_NE,NFL_P_00-0032803,CB,,OUT,DNP,Groin,2022-12-23,nflverse,,2026-09-07T05:46:50.365367+00:00,2022-12-23T00:00:00
NFL_NE_00-0031547_2022W16_OUT_DNP,NFL,2022,16,2022_NFL_W16_CIN_NE,NFL_NE,NFL_P_00-0031547,WR,,OUT,DNP,Concussion,2022-12-23,nflverse,,2026-09-07T05:46:50.365367+00:00,2022-12-23T00:00:00
NFL_NE_00-0035657_2022W16_QUESTIONABLE_LP,NFL,2022,16,2022_NFL_W16_CIN_NE,NFL_NE,NFL_P_00-0035657,RB,,QUESTIONABLE,LP,Thigh,2022-12-23,nflverse,,2026-09-07T05:46:50.365367+00:00,2022-12-23T00:00:00
NFL_NE_00-0038039_2022W16_QUESTIONABLE_LP,NFL,2022,16,2022_NFL_W16_CIN_NE,NFL_NE,NFL_P_00-0038039,CB,,QUESTIONABLE,LP,Knee,2022-12-23,nflverse,,2026-09-07T05:46:50.365367+00:00,2022-12-23T00:00:00
NFL_NE_00-0032580_2022W16_QUESTIONABLE_LP,NFL,2022,16,2022_NFL_W16_CIN_NE,NFL_NE,NFL_P_00-0032580,CB,,QUESTIONABLE,LP,Chest,2022-12-23,nflverse,,2026-09-07T05:46:50.365367+00:00,2022-12-23T00:00:00
NFL_NE_00-0034960_2022W16_QUESTIONABLE_LP,NFL,2022,16,2022_NFL_W16_CIN_NE,NFL_NE,NFL_P_00-0034960,WR,,QUESTIONABLE,LP,Shoulder,2022-12-23,nflverse,,2026-09-07T05:46:50.365367+00:00,2022-12-23T00:00:00
NFL_NE_00-0036875_2022W16_QUESTIONABLE_LP,NFL,2022,16,2022_NFL_W16_CIN_NE,NFL_NE,NFL_P_00-0036875,RB,,QUESTIONABLE,LP,Ankle,2022-12-23,nflverse,,2026-09-07T05:46:50.365367+00:00,2022-12-23T00:00:00
NFL_NE_00-0038104_2022W16_QUESTIONABLE_LP,NFL,2022,16,2022_NFL_W16_CIN_NE,NFL_NE,NFL_P_00-0038104,WR,,QUESTIONABLE,LP,Knee,2022-12-23,nflverse,,2026-09-07T05:46:50.365367+00:00,2022-12-23T00:00:00
NFL_NO_00-0036408_2022W16_NA_DNP,NFL,2022,16,2022_NFL_W16_NO_CLE,NFL_NO,NFL_P_00-0036408,OL,,UNKNOWN,DNP,Foot,2022-12-23,nflverse,,2026-09-07T05:46:50.365367+00:00,2022-12-23T00:00:00
NFL_NO_00-0031382_2022W16_OUT_DNP,NFL,2022,16,2022_NFL_W16_NO_CLE,NFL_NO,NFL_P_00-0031382,WR,,OUT,DNP,Ankle,2022-12-23,nflverse,,2026-09-07T05:46:50.365367+00:00,2022-12-23T00:00:00
NFL_NO_00-0037239_2022W16_OUT_DNP,NFL,2022,16,2022_NFL_W16_NO_CLE,NFL_NO,NFL_P_00-0037239,WR,,OUT,DNP,Hamstring,2022-12-23,nflverse,,2026-09-07T05:46:50.365367+00:00,2022-12-23T00:00:00
NFL_NO_00-0032450_2022W16_OUT_DNP,NFL,2022,16,2022_NFL_W16_NO_CLE,NFL_NO,NFL_P_00-0032450,RB,,OUT,DNP,Illness,2022-12-23,nflverse,,2026-09-07T05:46:50.365367+00:00,2022-12-23T00:00:00
NFL_NO_00-0036927_2022W16_OUT_DNP,NFL,2022,16,2022_NFL_W16_NO_CLE,NFL_NO,NFL_P_00-0036927,LB,,OUT,DNP,Hamstring,2022-12-23,nflverse,,2026-09-07T05:46:50.365367+00:00,2022-12-23T00:00:00
NFL_NO_00-0032203_2022W16_QUESTIONABLE_DNP,NFL,2022,16,2022_NFL_W16_NO_CLE,NFL_NO,NFL_P_00-0032203,OL,,QUESTIONABLE,DNP,Illness,2022-12-23,nflverse,,2026-09-07T05:46:50.365367+00:00,2022-12-23T00:00:00
NFL_NO_00-0033874_2022W16_QUESTIONABLE_LP,NFL,2022,16,2022_NFL_W16_NO_CLE,NFL_NO,NFL_P_00-0033874,CB,,QUESTIONABLE,LP,Abdomen,2022-12-23,nflverse,,2026-09-07T05:46:50.365367+00:00,2022-12-23T00:00:00
NFL_NO_00-0033892_2022W16_QUESTIONABLE_LP,NFL,2022,16,2022_NFL_W16_NO_CLE,NFL_NO,NFL_P_00-0033892,S,,QUESTIONABLE,LP,Shoulder,2022-12-23,nflverse,,2026-09-07T05:46:50.365367+00:00,2022-12-23T00:00:00
NFL_NO_00-0036422_2022W16_QUESTIONABLE_LP,NFL,2022,16,2022_NFL_W16_NO_CLE,NFL_NO,NFL_P_00-0036422,TE,,QUESTIONABLE,LP,Ankle,2022-12-23,nflverse,,2026-09-07T05:46:50.365367+00:00,2022-12-23T00:00:00
NFL_NO_00-0032059_2022W16_QUESTIONABLE_LP,NFL,2022,16,2022_NFL_W16_NO_CLE,NFL_NO,NFL_P_00-0032059,CB,,QUESTIONABLE,LP,Knee,2022-12-23,nflverse,,2026-09-07T05:46:50.365367+00:00,2022-12-23T00:00:00
NFL_NYG_00-0037612_2022W16_NA_LP,NFL,2022,16,2022_NFL_W16_NYG_MIN,NFL_NYG,NFL_P_00-0037612,OL,,UNKNOWN,LP,Shoulder,2022-12-23,nflverse,,2026-09-07T05:46:50.365367+00:00,2022-12-23T00:00:00
NFL_NYG_00-0037611_2022W16_NA_LP,NFL,2022,16,2022_NFL_W16_NYG_MIN,NFL_NYG,NFL_P_00-0037611,LB,,UNKNOWN,LP,Elbow,2022-12-23,nflverse,,2026-09-07T05:46:50.365367+00:00,2022-12-23T00:00:00
NFL_NYG_00-0032394_2022W16_NA_LP,NFL,2022,16,2022_NFL_W16_NYG_MIN,NFL_NYG,NFL_P_00-0032394,TE,,UNKNOWN,LP,Shoulder,2022-12-23,nflverse,,2026-09-07T05:46:50.365367+00:00,2022-12-23T00:00:00
NFL_NYG_00-0031933_2022W16_NA_LP,NFL,2022,16,2022_NFL_W16_NYG_MIN,NFL_NYG,NFL_P_00-0031933,DL,,UNKNOWN,LP,Neck,2022-12-23,nflverse,,2026-09-07T05:46:50.365367+00:00,2022-12-23T00:00:00
NFL_NYG_00-0033878_2022W16_OUT_DNP,NFL,2022,16,2022_NFL_W16_NYG_MIN,NFL_NYG,NFL_P_00-0033878,CB,,OUT,DNP,Knee,2022-12-23,nflverse,,2026-09-07T05:46:50.365367+00:00,2022-12-23T00:00:00
NFL_NYG_00-0036397_2022W16_OUT_DNP,NFL,2022,16,2022_NFL_W16_NYG_MIN,NFL_NYG,NFL_P_00-0036397,OL,,OUT,DNP,Toe,2022-12-23,nflverse,,2026-09-07T05:46:50.365367+00:00,2022-12-23T00:00:00
NFL_NYJ_00-0036504_2022W16_OUT_DNP,NFL,2022,16,2022_NFL_W16_JAX_NYJ,NFL_NYJ,NFL_P_00-0036504,CB,,OUT,DNP,Quadricep,2022-12-22,nflverse,,2026-09-07T05:46:50.365367+00:00,2022-12-22T00:00:00
NFL_NYJ_00-0036255_2022W16_OUT_DNP,NFL,2022,16,2022_NFL_W16_JAX_NYJ,NFL_NYJ,NFL_P_00-0036255,WR,,OUT,DNP,Concussion,2022-12-22,nflverse,,2026-09-07T05:46:50.365367+00:00,2022-12-22T00:00:00
NFL_NYJ_00-0035510_2022W16_OUT_DNP,NFL,2022,16,2022_NFL_W16_JAX_NYJ,NFL_NYJ,NFL_P_00-0035510,WR,,OUT,DNP,Knee,2022-12-22,nflverse,,2026-09-07T05:46:50.365367+00:00,2022-12-22T00:00:00
NFL_NYJ_00-0034401_2022W16_OUT_LP,NFL,2022,16,2022_NFL_W16_JAX_NYJ,NFL_NYJ,NFL_P_00-0034401,QB,,OUT,LP,Rib,2022-12-22,nflverse,,2026-09-07T05:46:50.365367+00:00,2022-12-22T00:00:00
NFL_NYJ_00-0037157_2022W16_QUESTIONABLE_FP,NFL,2022,16,2022_NFL_W16_JAX_NYJ,NFL_NYJ,NFL_P_00-0037157,RB,,QUESTIONABLE,FP,Ankle,2022-12-22,nflverse,,2026-09-07T05:46:50.365367+00:00,2022-12-22T00:00:00
NFL_NYJ_00-0035718_2022W16_QUESTIONABLE_FP,NFL,2022,16,2022_NFL_W16_JAX_NYJ,NFL_NYJ,NFL_P_00-0035718,DL,,QUESTIONABLE,FP,Calf,2022-12-22,nflverse,,2026-09-07T05:46:50.365367+00:00,2022-12-22T00:00:00
NFL_NYJ_00-0031389_2022W16_QUESTIONABLE_LP,NFL,2022,16,2022_NFL_W16_JAX_NYJ,NFL_NYJ,NFL_P_00-0031389,S,,QUESTIONABLE,LP,Hip,2022-12-22,nflverse,,2026-09-07T05:46:50.365367+00:00,2022-12-22T00:00:00
NFL_PHI_00-0035233_2022W16_NA_DNP,NFL,2022,16,2022_NFL_W16_PHI_DAL,NFL_PHI,NFL_P_00-0035233,OL,,UNKNOWN,DNP,Not injury related - personal matter,2022-12-23,nflverse,,2026-09-07T05:46:50.365367+00:00,2022-12-23T00:00:00
NFL_PHI_00-0035289_2022W16_NA_DNP,NFL,2022,16,2022_NFL_W16_PHI_DAL,NFL_PHI,NFL_P_00-0035289,QB,,UNKNOWN,DNP,Not injury related - personal matter,2022-12-23,nflverse,,2026-09-07T05:46:50.365367+00:00,2022-12-23T00:00:00
NFL_PHI_00-0032890_2022W16_NA_LP,NFL,2022,16,2022_NFL_W16_PHI_DAL,NFL_PHI,NFL_P_00-0032890,CB,,UNKNOWN,LP,Not injury related - resting player,2022-12-23,nflverse,,2026-09-07T05:46:50.365367+00:00,2022-12-23T00:00:00
NFL_PHI_00-0035676_2022W16_NA_LP,NFL,2022,16,2022_NFL_W16_PHI_DAL,NFL_PHI,NFL_P_00-0035676,WR,,UNKNOWN,LP,Not injury related - resting player,2022-12-23,nflverse,,2026-09-07T05:46:50.365367+00:00,2022-12-23T00:00:00
NFL_PHI_00-0029653_2022W16_NA_LP,NFL,2022,16,2022_NFL_W16_PHI_DAL,NFL_PHI,NFL_P_00-0029653,DL,,UNKNOWN,LP,Not injury related - resting player,2022-12-23,nflverse,,2026-09-07T05:46:50.365367+00:00,2022-12-23T00:00:00
NFL_PHI_00-0037002_2022W16_NA_LP,NFL,2022,16,2022_NFL_W16_PHI_DAL,NFL_PHI,NFL_P_00-0037002,OL,,UNKNOWN,LP,Not injury related - resting player,2022-12-23,nflverse,,2026-09-07T05:46:50.365367+00:00,2022-12-23T00:00:00
NFL_PHI_00-0027865_2022W16_NA_LP,NFL,2022,16,2022_NFL_W16_PHI_DAL,NFL_PHI,NFL_P_00-0027865,EDGE,,UNKNOWN,LP,Not injury related - resting player,2022-12-23,nflverse,,2026-09-07T05:46:50.365367+00:00,2022-12-23T00:00:00
NFL_PHI_00-0030561_2022W16_NA_LP,NFL,2022,16,2022_NFL_W16_PHI_DAL,NFL_PHI,NFL_P_00-0030561,OL,,UNKNOWN,LP,Not injury related - resting player,2022-12-23,nflverse,,2026-09-07T05:46:50.365367+00:00,2022-12-23T00:00:00
NFL_PHI_00-0028129_2022W16_NA_LP,NFL,2022,16,2022_NFL_W16_PHI_DAL,NFL_PHI,NFL_P_00-0028129,OL,,UNKNOWN,LP,Not injury related - resting player,2022-12-23,nflverse,,2026-09-07T05:46:50.365367+00:00,2022-12-23T00:00:00
NFL_PHI_00-0032954_2022W16_NA_LP,NFL,2022,16,2022_NFL_W16_PHI_DAL,NFL_PHI,NFL_P_00-0032954,OL,,UNKNOWN,LP,Not injury related - resting player,2022-12-23,nflverse,,2026-09-07T05:46:50.365367+00:00,2022-12-23T00:00:00
NFL_PHI_00-0030062_2022W16_NA_LP,NFL,2022,16,2022_NFL_W16_PHI_DAL,NFL_PHI,NFL_P_00-0030062,CB,,UNKNOWN,LP,Not injury related - resting player,2022-12-23,nflverse,,2026-09-07T05:46:50.365367+00:00,2022-12-23T00:00:00
NFL_PHI_00-0034381_2022W16_NA_LP,NFL,2022,16,2022_NFL_W16_PHI_DAL,NFL_PHI,NFL_P_00-0034381,EDGE,,UNKNOWN,LP,Not injury related - resting player,2022-12-23,nflverse,,2026-09-07T05:46:50.365367+00:00,2022-12-23T00:00:00
NFL_PHI_00-0036389_2022W16_OUT_DNP,NFL,2022,16,2022_NFL_W16_PHI_DAL,NFL_PHI,NFL_P_00-0036389,QB,,OUT,DNP,right Shoulder,2022-12-23,nflverse,,2026-09-07T05:46:50.365367+00:00,2022-12-23T00:00:00
NFL_PHI_00-0035356_2022W16_OUT_DNP,NFL,2022,16,2022_NFL_W16_PHI_DAL,NFL_PHI,NFL_P_00-0035356,TE,,OUT,DNP,Knee,2022-12-23,nflverse,,2026-09-07T05:46:50.365367+00:00,2022-12-23T00:00:00
NFL_PHI_00-0033251_2022W16_QUESTIONABLE_LP,NFL,2022,16,2022_NFL_W16_PHI_DAL,NFL_PHI,NFL_P_00-0033251,WR,,QUESTIONABLE,LP,Concussion,2022-12-23,nflverse,,2026-09-07T05:46:50.365367+00:00,2022-12-23T00:00:00
NFL_PIT_00-0034142_2022W16_NA_DNP,NFL,2022,16,2022_NFL_W16_LV_PIT,NFL_PIT,NFL_P_00-0034142,OL,,UNKNOWN,DNP,Not injury related - personal matter,2022-12-24,nflverse,,2026-09-07T05:46:50.365367+00:00,2022-12-24T00:00:00
NFL_PIT_00-0027969_2022W16_NA_DNP,NFL,2022,16,2022_NFL_W16_LV_PIT,NFL_PIT,NFL_P_00-0027969,DL,,UNKNOWN,DNP,Not injury related - resting player,2022-12-24,nflverse,,2026-09-07T05:46:50.365367+00:00,2022-12-24T00:00:00
NFL_PIT_00-0034751_2022W16_NA_DNP,NFL,2022,16,2022_NFL_W16_LV_PIT,NFL_PIT,NFL_P_00-0034751,CB,,UNKNOWN,DNP,Ankle,2022-12-24,nflverse,,2026-09-07T05:46:50.365367+00:00,2022-12-24T00:00:00
NFL_PIT_00-0033905_2022W16_NA_DNP,NFL,2022,16,2022_NFL_W16_LV_PIT,NFL_PIT,NFL_P_00-0033905,DL,,UNKNOWN,DNP,Not injury related - resting player,2022-12-24,nflverse,,2026-09-07T05:46:50.365367+00:00,2022-12-24T00:00:00
NFL_PIT_00-0034858_2022W16_QUESTIONABLE_DNP,NFL,2022,16,2022_NFL_W16_LV_PIT,NFL_PIT,NFL_P_00-0034858,S,,QUESTIONABLE,DNP,Hamstring,2022-12-24,nflverse,,2026-09-07T05:46:50.365367+00:00,2022-12-24T00:00:00
NFL_PIT_00-0035216_2022W16_QUESTIONABLE_DNP,NFL,2022,16,2022_NFL_W16_LV_PIT,NFL_PIT,NFL_P_00-0035216,WR,,QUESTIONABLE,DNP,Toe,2022-12-24,nflverse,,2026-09-07T05:46:50.365367+00:00,2022-12-24T00:00:00
NFL_PIT_00-0032968_2022W16_QUESTIONABLE_FP,NFL,2022,16,2022_NFL_W16_LV_PIT,NFL_PIT,NFL_P_00-0032968,LB,,QUESTIONABLE,FP,Groin,2022-12-24,nflverse,,2026-09-07T05:46:50.365367+00:00,2022-12-24T00:00:00
NFL_SEA_00-0032211_2022W16_OUT_DNP,NFL,2022,16,2022_NFL_W16_SEA_KC,NFL_SEA,NFL_P_00-0032211,WR,,OUT,DNP,Hand,2022-12-23,nflverse,,2026-09-07T05:46:50.365367+00:00,2022-12-23T00:00:00
NFL_SEA_00-0034527_2022W16_OUT_DNP,NFL,2022,16,2022_NFL_W16_SEA_KC,NFL_SEA,NFL_P_00-0034527,S,,OUT,DNP,Knee,2022-12-23,nflverse,,2026-09-07T05:46:50.365367+00:00,2022-12-23T00:00:00
NFL_SEA_00-0027723_2022W16_OUT_DNP,NFL,2022,16,2022_NFL_W16_SEA_KC,NFL_SEA,NFL_P_00-0027723,DL,,OUT,DNP,Achilles,2022-12-23,nflverse,,2026-09-07T05:46:50.365367+00:00,2022-12-23T00:00:00
NFL_SEA_00-0030068_2022W16_QUESTIONABLE_DNP,NFL,2022,16,2022_NFL_W16_SEA_KC,NFL_SEA,NFL_P_00-0030068,WR,,QUESTIONABLE,DNP,Wrist,2022-12-23,nflverse,,2026-09-07T05:46:50.365367+00:00,2022-12-23T00:00:00
NFL_SEA_00-0038134_2022W16_QUESTIONABLE_DNP,NFL,2022,16,2022_NFL_W16_SEA_KC,NFL_SEA,NFL_P_00-0038134,RB,,QUESTIONABLE,DNP,Ankle,2022-12-23,nflverse,,2026-09-07T05:46:50.365367+00:00,2022-12-23T00:00:00
NFL_SEA_00-0036425_2022W16_QUESTIONABLE_LP,NFL,2022,16,2022_NFL_W16_SEA_KC,NFL_SEA,NFL_P_00-0036425,RB,,QUESTIONABLE,LP,Ankle,2022-12-23,nflverse,,2026-09-07T05:46:50.365367+00:00,2022-12-23T00:00:00
NFL_SEA_00-0035644_2022W16_QUESTIONABLE_LP,NFL,2022,16,2022_NFL_W16_SEA_KC,NFL_SEA,NFL_P_00-0035644,TE,,QUESTIONABLE,LP,Knee,2022-12-23,nflverse,,2026-09-07T05:46:50.365367+00:00,2022-12-23T00:00:00
NFL_SF_00-0037834_2022W16_NA_LP,NFL,2022,16,2022_NFL_W16_WAS_SF,NFL_SF,NFL_P_00-0037834,QB,,UNKNOWN,LP,Oblique,2022-12-23,nflverse,,2026-09-07T05:46:50.365367+00:00,2022-12-23T00:00:00
NFL_SF_00-0031345_2022W16_OUT_DNP,NFL,2022,16,2022_NFL_W16_WAS_SF,NFL_SF,NFL_P_00-0031345,QB,,OUT,DNP,Foot,2022-12-23,nflverse,,2026-09-07T05:46:50.365367+00:00,2022-12-23T00:00:00
NFL_SF_00-0035026_2022W16_OUT_DNP,NFL,2022,16,2022_NFL_W16_WAS_SF,NFL_SF,NFL_P_00-0035026,DL,,OUT,DNP,Knee,2022-12-23,nflverse,,2026-09-07T05:46:50.365367+00:00,2022-12-23T00:00:00
NFL_SF_00-0035719_2022W16_OUT_DNP,NFL,2022,16,2022_NFL_W16_WAS_SF,NFL_SF,NFL_P_00-0035719,WR,,OUT,DNP,Ankle,2022-12-23,nflverse,,2026-09-07T05:46:50.365367+00:00,2022-12-23T00:00:00
NFL_SF_00-0034263_2022W16_QUESTIONABLE_DNP,NFL,2022,16,2022_NFL_W16_WAS_SF,NFL_SF,NFL_P_00-0034263,S,,QUESTIONABLE,DNP,Illness,2022-12-23,nflverse,,2026-09-07T05:46:50.365367+00:00,2022-12-23T00:00:00
NFL_SF_00-0030946_2022W16_QUESTIONABLE_LP,NFL,2022,16,2022_NFL_W16_WAS_SF,NFL_SF,NFL_P_00-0030946,EDGE,,QUESTIONABLE,LP,Ankle,2022-12-23,nflverse,,2026-09-07T05:46:50.365367+00:00,2022-12-23T00:00:00
NFL_SF_00-0037525_2022W16_QUESTIONABLE_LP,NFL,2022,16,2022_NFL_W16_WAS_SF,NFL_SF,NFL_P_00-0037525,RB,,QUESTIONABLE,LP,Hamstring,2022-12-23,nflverse,,2026-09-07T05:46:50.365367+00:00,2022-12-23T00:00:00
NFL_SF_00-0037008_2022W16_QUESTIONABLE_LP,NFL,2022,16,2022_NFL_W16_WAS_SF,NFL_SF,NFL_P_00-0037008,CB,,QUESTIONABLE,LP,Ankle,2022-12-23,nflverse,,2026-09-07T05:46:50.365367+00:00,2022-12-23T00:00:00
NFL_SF_00-0034573_2022W16_QUESTIONABLE_LP,NFL,2022,16,2022_NFL_W16_WAS_SF,NFL_SF,NFL_P_00-0034573,CB,,QUESTIONABLE,LP,Concussion,2022-12-23,nflverse,,2026-09-07T05:46:50.365367+00:00,2022-12-23T00:00:00
NFL_TB_00-0029562_2022W16_NA_DNP,NFL,2022,16,2022_NFL_W16_TB_ARI,NFL_TB,NFL_P_00-0029562,LB,,UNKNOWN,DNP,Not injury related - resting player,2022-12-25,nflverse,,2026-09-07T05:46:50.365367+00:00,2022-12-25T00:00:00
NFL_TB_00-0029657_2022W16_NA_DNP,NFL,2022,16,2022_NFL_W16_TB_ARI,NFL_TB,NFL_P_00-0029657,DL,,UNKNOWN,DNP,Not injury related - resting player,2022-12-25,nflverse,,2026-09-07T05:46:50.365367+00:00,2022-12-25T00:00:00
NFL_TB_00-0034682_2022W16_OUT_DNP,NFL,2022,16,2022_NFL_W16_TB_ARI,NFL_TB,NFL_P_00-0034682,LB,,OUT,DNP,Abdomen,2022-12-25,nflverse,,2026-09-07T05:46:50.365367+00:00,2022-12-25T00:00:00
NFL_TB_00-0035699_2022W16_OUT_DNP,NFL,2022,16,2022_NFL_W16_TB_ARI,NFL_TB,NFL_P_00-0035699,CB,,OUT,DNP,Toe,2022-12-25,nflverse,,2026-09-07T05:46:50.365367+00:00,2022-12-25T00:00:00
NFL_TB_00-0033129_2022W16_OUT_DNP,NFL,2022,16,2022_NFL_W16_TB_ARI,NFL_TB,NFL_P_00-0033129,LB,,OUT,DNP,Pectoral,2022-12-25,nflverse,,2026-09-07T05:46:50.365367+00:00,2022-12-25T00:00:00
NFL_TB_00-0032217_2022W16_OUT_DNP,NFL,2022,16,2022_NFL_W16_TB_ARI,NFL_TB,NFL_P_00-0032217,OL,,OUT,DNP,Foot,2022-12-25,nflverse,,2026-09-07T05:46:50.365367+00:00,2022-12-25T00:00:00
NFL_TB_00-0034773_2022W16_OUT_DNP,NFL,2022,16,2022_NFL_W16_TB_ARI,NFL_TB,NFL_P_00-0034773,DL,,OUT,DNP,Calf,2022-12-25,nflverse,,2026-09-07T05:46:50.365367+00:00,2022-12-25T00:00:00
NFL_TB_00-0036411_2022W16_QUESTIONABLE_DNP,NFL,2022,16,2022_NFL_W16_TB_ARI,NFL_TB,NFL_P_00-0036411,S,,QUESTIONABLE,DNP,Ankle,2022-12-25,nflverse,,2026-09-07T05:46:50.365367+00:00,2022-12-25T00:00:00
NFL_TB_00-0030829_2022W16_QUESTIONABLE_FP,NFL,2022,16,2022_NFL_W16_TB_ARI,NFL_TB,NFL_P_00-0030829,OL,,QUESTIONABLE,FP,Back,2022-12-25,nflverse,,2026-09-07T05:46:50.365367+00:00,2022-12-25T00:00:00
NFL_TB_00-0036406_2022W16_QUESTIONABLE_FP,NFL,2022,16,2022_NFL_W16_TB_ARI,NFL_TB,NFL_P_00-0036406,OL,,QUESTIONABLE,FP,Ankle,2022-12-25,nflverse,,2026-09-07T05:46:50.365367+00:00,2022-12-25T00:00:00
NFL_TB_00-0035681_2022W16_QUESTIONABLE_LP,NFL,2022,16,2022_NFL_W16_TB_ARI,NFL_TB,NFL_P_00-0035681,S,,QUESTIONABLE,LP,Hamstring,2022-12-25,nflverse,,2026-09-07T05:46:50.365367+00:00,2022-12-25T00:00:00
NFL_TB_00-0027944_2022W16_QUESTIONABLE_LP,NFL,2022,16,2022_NFL_W16_TB_ARI,NFL_TB,NFL_P_00-0027944,WR,,QUESTIONABLE,LP,Knee,2022-12-25,nflverse,,2026-09-07T05:46:50.365367+00:00,2022-12-25T00:00:00
NFL_TB_00-0032382_2022W16_QUESTIONABLE_LP,NFL,2022,16,2022_NFL_W16_TB_ARI,NFL_TB,NFL_P_00-0032382,S,,QUESTIONABLE,LP,Toe,2022-12-25,nflverse,,2026-09-07T05:46:50.365367+00:00,2022-12-25T00:00:00
NFL_TEN_00-0036619_2022W16_NA_DNP,NFL,2022,16,2022_NFL_W16_HOU_TEN,NFL_TEN,NFL_P_00-0036619,OL,,UNKNOWN,DNP,Knee,2022-12-23,nflverse,,2026-09-07T05:46:50.365367+00:00,2022-12-23T00:00:00
NFL_TEN_00-0033765_2022W16_OUT_DNP,NFL,2022,16,2022_NFL_W16_HOU_TEN,NFL_TEN,NFL_P_00-0033765,LB,,OUT,DNP,Ankle,2022-12-23,nflverse,,2026-09-07T05:46:50.365367+00:00,2022-12-23T00:00:00
NFL_TEN_00-0035649_2022W16_OUT_DNP,NFL,2022,16,2022_NFL_W16_HOU_TEN,NFL_TEN,NFL_P_00-0035649,OL,,OUT,DNP,Ankle,2022-12-23,nflverse,,2026-09-07T05:46:50.365367+00:00,2022-12-23T00:00:00
NFL_TEN_00-0036416_2022W16_OUT_DNP,NFL,2022,16,2022_NFL_W16_HOU_TEN,NFL_TEN,NFL_P_00-0036416,CB,,OUT,DNP,Groin,2022-12-23,nflverse,,2026-09-07T05:46:50.365367+00:00,2022-12-23T00:00:00
NFL_TEN_00-0029413_2022W16_OUT_DNP,NFL,2022,16,2022_NFL_W16_HOU_TEN,NFL_TEN,NFL_P_00-0029413,OL,,OUT,DNP,Concussion,2022-12-23,nflverse,,2026-09-07T05:46:50.365367+00:00,2022-12-23T00:00:00
NFL_TEN_00-0031097_2022W16_OUT_DNP,NFL,2022,16,2022_NFL_W16_HOU_TEN,NFL_TEN,NFL_P_00-0031097,CB,,OUT,DNP,Hamstring,2022-12-23,nflverse,,2026-09-07T05:46:50.365367+00:00,2022-12-23T00:00:00
NFL_TEN_00-0029701_2022W16_OUT_DNP,NFL,2022,16,2022_NFL_W16_HOU_TEN,NFL_TEN,NFL_P_00-0029701,QB,,OUT,DNP,Ankle,2022-12-23,nflverse,,2026-09-07T05:46:50.365367+00:00,2022-12-23T00:00:00
NFL_TEN_00-0037070_2022W16_OUT_DNP,NFL,2022,16,2022_NFL_W16_HOU_TEN,NFL_TEN,NFL_P_00-0037070,CB,,OUT,DNP,Concussion,2022-12-23,nflverse,,2026-09-07T05:46:50.365367+00:00,2022-12-23T00:00:00
NFL_TEN_00-0037593_2022W16_QUESTIONABLE_FP,NFL,2022,16,2022_NFL_W16_HOU_TEN,NFL_TEN,NFL_P_00-0037593,CB,,QUESTIONABLE,FP,Concussion,2022-12-23,nflverse,,2026-09-07T05:46:50.365367+00:00,2022-12-23T00:00:00
NFL_TEN_00-0037742_2022W16_QUESTIONABLE_FP,NFL,2022,16,2022_NFL_W16_HOU_TEN,NFL_TEN,NFL_P_00-0037742,WR,,QUESTIONABLE,FP,Concussion,2022-12-23,nflverse,,2026-09-07T05:46:50.365367+00:00,2022-12-23T00:00:00
NFL_TEN_00-0036171_2022W16_QUESTIONABLE_LP,NFL,2022,16,2022_NFL_W16_HOU_TEN,NFL_TEN,NFL_P_00-0036171,OL,,QUESTIONABLE,LP,Rib,2022-12-23,nflverse,,2026-09-07T05:46:50.365367+00:00,2022-12-23T00:00:00
NFL_TEN_00-0035632_2022W16_QUESTIONABLE_LP,NFL,2022,16,2022_NFL_W16_HOU_TEN,NFL_TEN,NFL_P_00-0035632,S,,QUESTIONABLE,LP,Knee,2022-12-23,nflverse,,2026-09-07T05:46:50.365367+00:00,2022-12-23T00:00:00
NFL_TEN_00-0037754_2022W16_QUESTIONABLE_LP,NFL,2022,16,2022_NFL_W16_HOU_TEN,NFL_TEN,NFL_P_00-0037754,OL,,QUESTIONABLE,LP,Ankle,2022-12-23,nflverse,,2026-09-07T05:46:50.365367+00:00,2022-12-23T00:00:00
NFL_WAS_00-0036321_2022W16_NA_LP,NFL,2022,16,2022_NFL_W16_WAS_SF,NFL_WAS,NFL_P_00-0036321,EDGE,,UNKNOWN,LP,Knee,2022-12-23,nflverse,,2026-09-07T05:46:50.365367+00:00,2022-12-23T00:00:00
NFL_WAS_00-0036334_2022W16_OUT_DNP,NFL,2022,16,2022_NFL_W16_WAS_SF,NFL_WAS,NFL_P_00-0036334,OL,,OUT,DNP,Concussion,2022-12-23,nflverse,,2026-09-07T05:46:50.365367+00:00,2022-12-23T00:00:00
NFL_WAS_00-0036349_2022W16_QUESTIONABLE_DNP,NFL,2022,16,2022_NFL_W16_WAS_SF,NFL_WAS,NFL_P_00-0036349,S,,QUESTIONABLE,DNP,Ankle,2022-12-23,nflverse,,2026-09-07T05:46:50.365367+00:00,2022-12-23T00:00:00
NFL_WAS_00-0036625_2022W16_QUESTIONABLE_LP,NFL,2022,16,2022_NFL_W16_WAS_SF,NFL_WAS,NFL_P_00-0036625,CB,,QUESTIONABLE,LP,Ankle,2022-12-23,nflverse,,2026-09-07T05:46:50.365367+00:00,2022-12-23T00:00:00
NFL_ARI_00-0035248_2022W17_OUT_DNP,NFL,2022,17,2022_NFL_W17_ARI_ATL,NFL_ARI,NFL_P_00-0035248,EDGE,,OUT,DNP,Hand,2022-12-31,nflverse,,2026-09-07T05:46:50.365367+00:00,2022-12-31T00:00:00
NFL_ARI_00-0032933_2022W17_OUT_DNP,NFL,2022,17,2022_NFL_W17_ARI_ATL,NFL_ARI,NFL_P_00-0032933,CB,,OUT,DNP,Hip,2022-12-31,nflverse,,2026-09-07T05:46:50.365367+00:00,2022-12-31T00:00:00
NFL_ARI_00-0027688_2022W17_OUT_DNP,NFL,2022,17,2022_NFL_W17_ARI_ATL,NFL_ARI,NFL_P_00-0027688,QB,,OUT,DNP,Concussion,2022-12-31,nflverse,,2026-09-07T05:46:50.365367+00:00,2022-12-31T00:00:00
NFL_ARI_00-0030564_2022W17_QUESTIONABLE_DNP,NFL,2022,17,2022_NFL_W17_ARI_ATL,NFL_ARI,NFL_P_00-0030564,WR,,QUESTIONABLE,DNP,Knee,2022-12-31,nflverse,,2026-09-07T05:46:50.365367+00:00,2022-12-31T00:00:00
NFL_ARI_00-0036884_2022W17_QUESTIONABLE_DNP,NFL,2022,17,2022_NFL_W17_ARI_ATL,NFL_ARI,NFL_P_00-0036884,CB,,QUESTIONABLE,DNP,Neck,2022-12-31,nflverse,,2026-09-07T05:46:50.365367+00:00,2022-12-31T00:00:00
NFL_ARI_00-0029316_2022W17_QUESTIONABLE_LP,NFL,2022,17,2022_NFL_W17_ARI_ATL,NFL_ARI,NFL_P_00-0029316,OL,,QUESTIONABLE,LP,Knee,2022-12-31,nflverse,,2026-09-07T05:46:50.365367+00:00,2022-12-31T00:00:00
NFL_ARI_00-0033580_2022W17_QUESTIONABLE_LP,NFL,2022,17,2022_NFL_W17_ARI_ATL,NFL_ARI,NFL_P_00-0033580,LB,,QUESTIONABLE,LP,Knee,2022-12-31,nflverse,,2026-09-07T05:46:50.365367+00:00,2022-12-31T00:00:00
NFL_ATL_00-0030578_2022W17_NA_DNP,NFL,2022,17,2022_NFL_W17_ARI_ATL,NFL_ATL,NFL_P_00-0030578,RB,,UNKNOWN,DNP,Not injury related - resting player,2022-12-31,nflverse,,2026-09-07T05:46:50.365367+00:00,2022-12-31T00:00:00
NFL_ATL_00-0035698_2022W17_OUT_DNP,NFL,2022,17,2022_NFL_W17_ARI_ATL,NFL_ATL,NFL_P_00-0035698,OL,,OUT,DNP,Knee,2022-12-31,nflverse,,2026-09-07T05:46:50.365367+00:00,2022-12-31T00:00:00
NFL_ATL_00-0036825_2022W17_OUT_DNP,NFL,2022,17,2022_NFL_W17_ARI_ATL,NFL_ATL,NFL_P_00-0036825,TE,,OUT,DNP,Concussion,2022-12-31,nflverse,,2026-09-07T05:46:50.365367+00:00,2022-12-31T00:00:00
NFL_ATL_00-0036118_2022W17_OUT_DNP,NFL,2022,17,2022_NFL_W17_ARI_ATL,NFL_ATL,NFL_P_00-0036118,S,,OUT,DNP,Calf,2022-12-31,nflverse,,2026-09-07T05:46:50.365367+00:00,2022-12-31T00:00:00
NFL_ATL_00-0033676_2022W17_QUESTIONABLE_DNP,NFL,2022,17,2022_NFL_W17_ARI_ATL,NFL_ATL,NFL_P_00-0033676,OL,,QUESTIONABLE,DNP,Calf,2022-12-31,nflverse,,2026-09-07T05:46:50.365367+00:00,2022-12-31T00:00:00
NFL_BAL_00-0035992_2022W17_NA_DNP,NFL,2022,17,2022_NFL_W17_PIT_BAL,NFL_BAL,NFL_P_00-0035992,OL,,UNKNOWN,DNP,Not injury related - personal matter,2023-01-01,nflverse,,2026-09-07T05:46:50.365367+00:00,2023-01-01T00:00:00
NFL_BAL_00-0036158_2022W17_NA_DNP,NFL,2022,17,2022_NFL_W17_PIT_BAL,NFL_BAL,NFL_P_00-0036158,RB,,UNKNOWN,DNP,Not injury related - resting player,2023-01-01,nflverse,,2026-09-07T05:46:50.365367+00:00,2023-01-01T00:00:00
NFL_BAL_00-0028008_2022W17_NA_DNP,NFL,2022,17,2022_NFL_W17_PIT_BAL,NFL_BAL,NFL_P_00-0028008,LB,,UNKNOWN,DNP,Not injury related - resting player,2023-01-01,nflverse,,2026-09-07T05:46:50.365367+00:00,2023-01-01T00:00:00
NFL_BAL_00-0031330_2022W17_NA_DNP,NFL,2022,17,2022_NFL_W17_PIT_BAL,NFL_BAL,NFL_P_00-0031330,OL,,UNKNOWN,DNP,Not injury related - resting player,2023-01-01,nflverse,,2026-09-07T05:46:50.365367+00:00,2023-01-01T00:00:00
NFL_BAL_00-0027867_2022W17_NA_DNP,NFL,2022,17,2022_NFL_W17_PIT_BAL,NFL_BAL,NFL_P_00-0027867,EDGE,,UNKNOWN,DNP,Illness,2023-01-01,nflverse,,2026-09-07T05:46:50.365367+00:00,2023-01-01T00:00:00
NFL_BAL_00-0032965_2022W17_NA_DNP,NFL,2022,17,2022_NFL_W17_PIT_BAL,NFL_BAL,NFL_P_00-0032965,OL,,UNKNOWN,DNP,Not injury related - resting player,2023-01-01,nflverse,,2026-09-07T05:46:50.365367+00:00,2023-01-01T00:00:00
NFL_BAL_00-0029592_2022W17_NA_DNP,NFL,2022,17,2022_NFL_W17_PIT_BAL,NFL_BAL,NFL_P_00-0029592,OL,,UNKNOWN,DNP,Not injury related - resting player,2023-01-01,nflverse,,2026-09-07T05:46:50.365367+00:00,2023-01-01T00:00:00
NFL_BAL_00-0034796_2022W17_OUT_DNP,NFL,2022,17,2022_NFL_W17_PIT_BAL,NFL_BAL,NFL_P_00-0034796,QB,,OUT,DNP,Knee,2023-01-01,nflverse,,2026-09-07T05:46:50.365367+00:00,2023-01-01T00:00:00
NFL_BAL_00-0032165_2022W17_OUT_DNP,NFL,2022,17,2022_NFL_W17_PIT_BAL,NFL_BAL,NFL_P_00-0032165,CB,,OUT,DNP,Calf,2023-01-01,nflverse,,2026-09-07T05:46:50.365367+00:00,2023-01-01T00:00:00
NFL_BAL_00-0031598_2022W17_QUESTIONABLE_DNP,NFL,2022,17,2022_NFL_W17_PIT_BAL,NFL_BAL,NFL_P_00-0031598,TE,,QUESTIONABLE,DNP,Illness,2023-01-01,nflverse,,2026-09-07T05:46:50.365367+00:00,2023-01-01T00:00:00
NFL_BAL_00-0026190_2022W17_QUESTIONABLE_LP,NFL,2022,17,2022_NFL_W17_PIT_BAL,NFL_BAL,NFL_P_00-0026190,EDGE,,QUESTIONABLE,LP,Knee,2023-01-01,nflverse,,2026-09-07T05:46:50.365367+00:00,2023-01-01T00:00:00
NFL_BAL_00-0036199_2022W17_QUESTIONABLE_LP,NFL,2022,17,2022_NFL_W17_PIT_BAL,NFL_BAL,NFL_P_00-0036199,S,,QUESTIONABLE,LP,Hamstring,2023-01-01,nflverse,,2026-09-07T05:46:50.365367+00:00,2023-01-01T00:00:00
NFL_BUF_00-0031588_2022W17_NA_DNP,NFL,2022,17,,NFL_BUF,NFL_P_00-0031588,WR,,UNKNOWN,DNP,Illness,,nflverse,,2026-09-07T05:46:50.365367+00:00,2026-09-07T05:46:50.365367+00:00
NFL_BUF_00-0027648_2022W17_NA_DNP,NFL,2022,17,,NFL_BUF,NFL_P_00-0027648,OL,,UNKNOWN,DNP,Not injury related - resting player,,nflverse,,2026-09-07T05:46:50.365367+00:00,2026-09-07T05:46:50.365367+00:00
NFL_BUF_00-0030114_2022W17_QUESTIONABLE_LP,NFL,2022,17,,NFL_BUF,NFL_P_00-0030114,S,,QUESTIONABLE,LP,Knee,,nflverse,,2026-09-07T05:46:50.365367+00:00,2026-09-07T05:46:50.365367+00:00
NFL_CAR_00-0033925_2022W17_NA_DNP,NFL,2022,17,2022_NFL_W17_CAR_TB,NFL_CAR,NFL_P_00-0033925,RB,,UNKNOWN,DNP,Not injury related - resting player,2022-12-31,nflverse,,2026-09-07T05:46:50.365367+00:00,2022-12-31T00:00:00
NFL_CAR_00-0033284_2022W17_NA_DNP,NFL,2022,17,2022_NFL_W17_CAR_TB,NFL_CAR,NFL_P_00-0033284,OL,,UNKNOWN,DNP,Not injury related - resting player,2022-12-31,nflverse,,2026-09-07T05:46:50.365367+00:00,2022-12-31T00:00:00
NFL_CAR_00-0036944_2022W17_OUT_DNP,NFL,2022,17,2022_NFL_W17_CAR_TB,NFL_CAR,NFL_P_00-0036944,CB,,OUT,DNP,Wrist,2022-12-31,nflverse,,2026-09-07T05:46:50.365367+00:00,2022-12-31T00:00:00
NFL_CAR_00-0027691_2022W17_QUESTIONABLE_NA,NFL,2022,17,2022_NFL_W17_CAR_TB,NFL_CAR,NFL_P_00-0027691,WR,,QUESTIONABLE,,Knee,2022-12-31,nflverse,,2026-09-07T05:46:50.365367+00:00,2022-12-31T00:00:00
NFL_CAR_00-0037005_2022W17_QUESTIONABLE_FP,NFL,2022,17,2022_NFL_W17_CAR_TB,NFL_CAR,NFL_P_00-0037005,TE,,QUESTIONABLE,FP,Hip,2022-12-31,nflverse,,2026-09-07T05:46:50.365367+00:00,2022-12-31T00:00:00
NFL_CAR_00-0034382_2022W17_QUESTIONABLE_LP,NFL,2022,17,2022_NFL_W17_CAR_TB,NFL_CAR,NFL_P_00-0034382,EDGE,,QUESTIONABLE,LP,Ankle,2022-12-31,nflverse,,2026-09-07T05:46:50.365367+00:00,2022-12-31T00:00:00
NFL_CAR_00-0037297_2022W17_QUESTIONABLE_LP,NFL,2022,17,2022_NFL_W17_CAR_TB,NFL_CAR,NFL_P_00-0037297,OL,,QUESTIONABLE,LP,Knee,2022-12-31,nflverse,,2026-09-07T05:46:50.365367+00:00,2022-12-31T00:00:00
NFL_CHI_00-0037089_2022W17_NA_DNP,NFL,2022,17,2022_NFL_W17_CHI_DET,NFL_CHI,NFL_P_00-0037089,OL,,UNKNOWN,DNP,Back,2022-12-31,nflverse,,2026-09-07T05:46:50.365367+00:00,2022-12-31T00:00:00
NFL_CHI_00-0034860_2022W17_NA_DNP,NFL,2022,17,2022_NFL_W17_CHI_DET,NFL_CHI,NFL_P_00-0034860,WR,,UNKNOWN,DNP,Ankle,2022-12-31,nflverse,,2026-09-07T05:46:50.365367+00:00,2022-12-31T00:00:00
NFL_CHI_00-0037406_2022W17_NA_DNP,NFL,2022,17,2022_NFL_W17_CHI_DET,NFL_CHI,NFL_P_00-0037406,LB,,UNKNOWN,DNP,Illness,2022-12-31,nflverse,,2026-09-07T05:46:50.365367+00:00,2022-12-31T00:00:00
NFL_CHI_00-0036326_2022W17_NA_LP,NFL,2022,17,2022_NFL_W17_CHI_DET,NFL_CHI,NFL_P_00-0036326,WR,,UNKNOWN,LP,Knee,2022-12-31,nflverse,,2026-09-07T05:46:50.365367+00:00,2022-12-31T00:00:00
NFL_CHI_00-0034279_2022W17_NA_LP,NFL,2022,17,2022_NFL_W17_CHI_DET,NFL_CHI,NFL_P_00-0034279,WR,,UNKNOWN,LP,Concussion,2022-12-31,nflverse,,2026-09-07T05:46:50.365367+00:00,2022-12-31T00:00:00
NFL_CHI_00-0035259_2022W17_NA_LP,NFL,2022,17,2022_NFL_W17_CHI_DET,NFL_CHI,NFL_P_00-0035259,TE,,UNKNOWN,LP,Calf,2022-12-31,nflverse,,2026-09-07T05:46:50.365367+00:00,2022-12-31T00:00:00
NFL_CIN_00-0031534_2022W17_NA_DNP,NFL,2022,17,,NFL_CIN,NFL_P_00-0031534,OL,,UNKNOWN,DNP,Knee,,nflverse,,2026-09-07T05:46:50.365367+00:00,2026-09-07T05:46:50.365367+00:00
NFL_CIN_00-0034834_2022W17_QUESTIONABLE_LP,NFL,2022,17,,NFL_CIN,NFL_P_00-0034834,EDGE,,QUESTIONABLE,LP,Calf,,nflverse,,2026-09-07T05:46:50.365367+00:00,2026-09-07T05:46:50.365367+00:00
NFL_CLE_00-0031426_2022W17_NA_DNP,NFL,2022,17,2022_NFL_W17_CLE_WAS,NFL_CLE,NFL_P_00-0031426,OL,,UNKNOWN,DNP,Not injury related - resting player,2022-12-31,nflverse,,2026-09-07T05:46:50.365367+00:00,2022-12-31T00:00:00
NFL_CLE_00-0033057_2022W17_NA_DNP,NFL,2022,17,2022_NFL_W17_CLE_WAS,NFL_CLE,NFL_P_00-0033057,OL,,UNKNOWN,DNP,Not injury related - resting player,2022-12-31,nflverse,,2026-09-07T05:46:50.365367+00:00,2022-12-31T00:00:00
NFL_CLE_00-0033868_2022W17_NA_DNP,NFL,2022,17,2022_NFL_W17_CLE_WAS,NFL_CLE,NFL_P_00-0033868,EDGE,,UNKNOWN,DNP,Not injury related - resting player,2022-12-31,nflverse,,2026-09-07T05:46:50.365367+00:00,2022-12-31T00:00:00
NFL_CLE_00-0031544_2022W17_NA_LP,NFL,2022,17,2022_NFL_W17_CLE_WAS,NFL_CLE,NFL_P_00-0031544,WR,,UNKNOWN,LP,Not injury related - resting player,2022-12-31,nflverse,,2026-09-07T05:46:50.365367+00:00,2022-12-31T00:00:00
NFL_CLE_00-0036267_2022W17_NA_LP,NFL,2022,17,2022_NFL_W17_CLE_WAS,NFL_CLE,NFL_P_00-0036267,OL,,UNKNOWN,LP,Back,2022-12-31,nflverse,,2026-09-07T05:46:50.365367+00:00,2022-12-31T00:00:00
NFL_CLE_00-0031364_2022W17_QUESTIONABLE_LP,NFL,2022,17,2022_NFL_W17_CLE_WAS,NFL_CLE,NFL_P_00-0031364,EDGE,,QUESTIONABLE,LP,Concussion,2022-12-31,nflverse,,2026-09-07T05:46:50.365367+00:00,2022-12-31T00:00:00
NFL_DAL_00-0034373_2022W17_NA_DNP,NFL,2022,17,2022_NFL_W17_DAL_TEN,NFL_DAL,NFL_P_00-0034373,EDGE,,UNKNOWN,DNP,Knee,2022-12-29,nflverse,,2026-09-07T05:46:50.365367+00:00,2022-12-29T00:00:00
NFL_DAL_00-0034674_2022W17_OUT_DNP,NFL,2022,17,2022_NFL_W17_DAL_TEN,NFL_DAL,NFL_P_00-0034674,LB,,OUT,DNP,Neck,2022-12-29,nflverse,,2026-09-07T05:46:50.365367+00:00,2022-12-29T00:00:00
NFL_DAL_00-0035261_2022W17_QUESTIONABLE_DNP,NFL,2022,17,2022_NFL_W17_DAL_TEN,NFL_DAL,NFL_P_00-0035261,RB,,QUESTIONABLE,DNP,Thigh,2022-12-29,nflverse,,2026-09-07T05:46:50.365367+00:00,2022-12-29T00:00:00
NFL_DAL_00-0036932_2022W17_QUESTIONABLE_LP,NFL,2022,17,2022_NFL_W17_DAL_TEN,NFL_DAL,NFL_P_00-0036932,LB,,QUESTIONABLE,LP,Hand,2022-12-29,nflverse,,2026-09-07T05:46:50.365367+00:00,2022-12-29T00:00:00
NFL_DEN_00-0038105_2022W17_NA_LP,NFL,2022,17,2022_NFL_W17_DEN_KC,NFL_DEN,NFL_P_00-0038105,CB,,UNKNOWN,LP,Knee,2022-12-31,nflverse,,2026-09-07T05:46:50.365367+00:00,2022-12-31T00:00:00
NFL_DEN_00-0034957_2022W17_OUT_DNP,NFL,2022,17,2022_NFL_W17_DEN_KC,NFL_DEN,NFL_P_00-0034957,OL,,OUT,DNP,Ankle,2022-12-31,nflverse,,2026-09-07T05:46:50.365367+00:00,2022-12-31T00:00:00
NFL_DEN_00-0037252_2022W17_OUT_DNP,NFL,2022,17,2022_NFL_W17_DEN_KC,NFL_DEN,NFL_P_00-0037252,TE,,OUT,DNP,Hamstring,2022-12-31,nflverse,,2026-09-07T05:46:50.365367+00:00,2022-12-31T00:00:00
NFL_DEN_00-0032197_2022W17_OUT_DNP,NFL,2022,17,2022_NFL_W17_DEN_KC,NFL_DEN,NFL_P_00-0032197,LB,,OUT,DNP,Knee,2022-12-31,nflverse,,2026-09-07T05:46:50.365367+00:00,2022-12-31T00:00:00
NFL_DEN_00-0036995_2022W17_QUESTIONABLE_LP,NFL,2022,17,2022_NFL_W17_DEN_KC,NFL_DEN,NFL_P_00-0036995,LB,,QUESTIONABLE,LP,Back,2022-12-31,nflverse,,2026-09-07T05:46:50.365367+00:00,2022-12-31T00:00:00
NFL_DEN_00-0035864_2022W17_QUESTIONABLE_LP,NFL,2022,17,2022_NFL_W17_DEN_KC,NFL_DEN,NFL_P_00-0035864,WR,,QUESTIONABLE,LP,Hamstring,2022-12-31,nflverse,,2026-09-07T05:46:50.365367+00:00,2022-12-31T00:00:00
NFL_DEN_00-0036407_2022W17_QUESTIONABLE_LP,NFL,2022,17,2022_NFL_W17_DEN_KC,NFL_DEN,NFL_P_00-0036407,WR,,QUESTIONABLE,LP,Ankle,2022-12-31,nflverse,,2026-09-07T05:46:50.365367+00:00,2022-12-31T00:00:00
NFL_DEN_00-0033297_2022W17_QUESTIONABLE_LP,NFL,2022,17,2022_NFL_W17_DEN_KC,NFL_DEN,NFL_P_00-0033297,DL,,QUESTIONABLE,LP,Knee,2022-12-31,nflverse,,2026-09-07T05:46:50.365367+00:00,2022-12-31T00:00:00
NFL_DET_00-0036736_2022W17_OUT_DNP,NFL,2022,17,2022_NFL_W17_CHI_DET,NFL_DET,NFL_P_00-0036736,OL,,OUT,DNP,Ankle,2022-12-31,nflverse,,2026-09-07T05:46:50.365367+00:00,2022-12-31T00:00:00
NFL_DET_00-0034277_2022W17_OUT_DNP,NFL,2022,17,2022_NFL_W17_CHI_DET,NFL_DET,NFL_P_00-0034277,S,,OUT,DNP,Shoulder,2022-12-31,nflverse,,2026-09-07T05:46:50.365367+00:00,2022-12-31T00:00:00
NFL_DET_00-0034440_2022W17_QUESTIONABLE_LP,NFL,2022,17,2022_NFL_W17_CHI_DET,NFL_DET,NFL_P_00-0034440,RB,,QUESTIONABLE,LP,Hip,2022-12-31,nflverse,,2026-09-07T05:46:50.365367+00:00,2022-12-31T00:00:00
NFL_DET_00-0034345_2022W17_QUESTIONABLE_LP,NFL,2022,17,2022_NFL_W17_CHI_DET,NFL_DET,NFL_P_00-0034345,OL,,QUESTIONABLE,LP,Foot,2022-12-31,nflverse,,2026-09-07T05:46:50.365367+00:00,2022-12-31T00:00:00
NFL_DET_00-0034801_2022W17_QUESTIONABLE_LP,NFL,2022,17,2022_NFL_W17_CHI_DET,NFL_DET,NFL_P_00-0034801,LB,,QUESTIONABLE,LP,Biceps,2022-12-31,nflverse,,2026-09-07T05:46:50.365367+00:00,2022-12-31T00:00:00
NFL_GB_00-0030074_2022W17_NA_LP,NFL,2022,17,2022_NFL_W17_MIN_GB,NFL_GB,NFL_P_00-0030074,OL,,UNKNOWN,LP,Knee,2022-12-31,nflverse,,2026-09-07T05:46:50.365367+00:00,2022-12-31T00:00:00
NFL_GB_00-0035526_2022W17_NA_LP,NFL,2022,17,2022_NFL_W17_MIN_GB,NFL_GB,NFL_P_00-0035526,OL,,UNKNOWN,LP,Knee,2022-12-31,nflverse,,2026-09-07T05:46:50.365367+00:00,2022-12-31T00:00:00
NFL_GB_00-0033293_2022W17_NA_LP,NFL,2022,17,2022_NFL_W17_MIN_GB,NFL_GB,NFL_P_00-0033293,RB,,UNKNOWN,LP,Knee,2022-12-31,nflverse,,2026-09-07T05:46:50.365367+00:00,2022-12-31T00:00:00
NFL_GB_00-0035133_2022W17_QUESTIONABLE_DNP,NFL,2022,17,2022_NFL_W17_MIN_GB,NFL_GB,NFL_P_00-0035133,CB,,QUESTIONABLE,DNP,Groin,2022-12-31,nflverse,,2026-09-07T05:46:50.365367+00:00,2022-12-31T00:00:00
NFL_GB_00-0038124_2022W17_QUESTIONABLE_LP,NFL,2022,17,2022_NFL_W17_MIN_GB,NFL_GB,NFL_P_00-0038124,WR,,QUESTIONABLE,LP,Hip,2022-12-31,nflverse,,2026-09-07T05:46:50.365367+00:00,2022-12-31T00:00:00
NFL_HOU_00-0031236_2022W17_NA_DNP,NFL,2022,17,2022_NFL_W17_JAX_HOU,NFL_HOU,NFL_P_00-0031236,WR,,UNKNOWN,DNP,Not injury related - personal matter,2022-12-31,nflverse,,2026-09-07T05:46:50.365367+00:00,2022-12-31T00:00:00
NFL_HOU_00-0036859_2022W17_OUT_DNP,NFL,2022,17,2022_NFL_W17_JAX_HOU,NFL_HOU,NFL_P_00-0036859,OL,,OUT,DNP,Concussion,2022-12-31,nflverse,,2026-09-07T05:46:50.365367+00:00,2022-12-31T00:00:00
NFL_HOU_00-0037277_2022W17_OUT_DNP,NFL,2022,17,2022_NFL_W17_JAX_HOU,NFL_HOU,NFL_P_00-0037277,TE,,OUT,DNP,Thigh,2022-12-31,nflverse,,2026-09-07T05:46:50.365367+00:00,2022-12-31T00:00:00
NFL_HOU_00-0033854_2022W17_QUESTIONABLE_LP,NFL,2022,17,2022_NFL_W17_JAX_HOU,NFL_HOU,NFL_P_00-0033854,RB,,QUESTIONABLE,LP,Knee,2022-12-31,nflverse,,2026-09-07T05:46:50.365367+00:00,2022-12-31T00:00:00
NFL_IND_00-0035021_2022W17_OUT_DNP,NFL,2022,17,2022_NFL_W17_IND_NYG,NFL_IND,NFL_P_00-0035021,WR,,OUT,DNP,Concussion,2022-12-31,nflverse,,2026-09-07T05:46:50.365367+00:00,2022-12-31T00:00:00
NFL_IND_00-0036876_2022W17_OUT_DNP,NFL,2022,17,2022_NFL_W17_IND_NYG,NFL_IND,NFL_P_00-0036876,TE,,OUT,DNP,Ankle,2022-12-31,nflverse,,2026-09-07T05:46:50.365367+00:00,2022-12-31T00:00:00
NFL_IND_00-0033393_2022W17_OUT_DNP,NFL,2022,17,2022_NFL_W17_IND_NYG,NFL_IND,NFL_P_00-0033393,CB,,OUT,DNP,Ankle,2022-12-31,nflverse,,2026-09-07T05:46:50.365367+00:00,2022-12-31T00:00:00
NFL_IND_00-0033123_2022W17_QUESTIONABLE_FP,NFL,2022,17,2022_NFL_W17_IND_NYG,NFL_IND,NFL_P_00-0033123,EDGE,,QUESTIONABLE,FP,Throat,2022-12-31,nflverse,,2026-09-07T05:46:50.365367+00:00,2022-12-31T00:00:00
NFL_JAX_00-0034275_2022W17_QUESTIONABLE_LP,NFL,2022,17,2022_NFL_W17_JAX_HOU,NFL_JAX,NFL_P_00-0034275,DL,,QUESTIONABLE,LP,Ankle,2022-12-31,nflverse,,2026-09-07T05:46:50.365367+00:00,2022-12-31T00:00:00
NFL_JAX_00-0036971_2022W17_QUESTIONABLE_LP,NFL,2022,17,2022_NFL_W17_JAX_HOU,NFL_JAX,NFL_P_00-0036971,QB,,QUESTIONABLE,LP,Toe,2022-12-31,nflverse,,2026-09-07T05:46:50.365367+00:00,2022-12-31T00:00:00
NFL_JAX_00-0035827_2022W17_QUESTIONABLE_LP,NFL,2022,17,2022_NFL_W17_JAX_HOU,NFL_JAX,NFL_P_00-0035827,LS,,QUESTIONABLE,LP,Back,2022-12-31,nflverse,,2026-09-07T05:46:50.365367+00:00,2022-12-31T00:00:00
NFL_JAX_00-0032053_2022W17_QUESTIONABLE_LP,NFL,2022,17,2022_NFL_W17_JAX_HOU,NFL_JAX,NFL_P_00-0032053,OL,,QUESTIONABLE,LP,Abdomen,2022-12-31,nflverse,,2026-09-07T05:46:50.365367+00:00,2022-12-31T00:00:00
NFL_JAX_00-0037235_2022W17_QUESTIONABLE_LP,NFL,2022,17,2022_NFL_W17_JAX_HOU,NFL_JAX,NFL_P_00-0037235,LB,,QUESTIONABLE,LP,Ankle,2022-12-31,nflverse,,2026-09-07T05:46:50.365367+00:00,2022-12-31T00:00:00
NFL_JAX_00-0035378_2022W17_QUESTIONABLE_LP,NFL,2022,17,2022_NFL_W17_JAX_HOU,NFL_JAX,NFL_P_00-0035378,S,,QUESTIONABLE,LP,Shoulder,2022-12-31,nflverse,,2026-09-07T05:46:50.365367+00:00,2022-12-31T00:00:00
NFL_LAR_00-0034804_2022W17_OUT_DNP,NFL,2022,17,2022_NFL_W17_LAR_LAC,NFL_LAR,NFL_P_00-0034804,OL,,OUT,DNP,Calf,2022-12-31,nflverse,,2026-09-07T05:46:50.365367+00:00,2022-12-31T00:00:00
NFL_LAR_00-0031388_2022W17_OUT_DNP,NFL,2022,17,2022_NFL_W17_LAR_LAC,NFL_LAR,NFL_P_00-0031388,DL,,OUT,DNP,Ankle,2022-12-31,nflverse,,2026-09-07T05:46:50.365367+00:00,2022-12-31T00:00:00
NFL_LAR_00-0036862_2022W17_OUT_DNP,NFL,2022,17,2022_NFL_W17_LAR_LAC,NFL_LAR,NFL_P_00-0036862,WR,,OUT,DNP,Calf,2022-12-31,nflverse,,2026-09-07T05:46:50.365367+00:00,2022-12-31T00:00:00
NFL_LAR_00-0034899_2022W17_OUT_DNP,NFL,2022,17,2022_NFL_W17_LAR_LAC,NFL_LAR,NFL_P_00-0034899,QB,,OUT,DNP,Neck,2022-12-31,nflverse,,2026-09-07T05:46:50.365367+00:00,2022-12-31T00:00:00
NFL_LAR_00-0033072_2022W17_QUESTIONABLE_DNP,NFL,2022,17,2022_NFL_W17_LAR_LAC,NFL_LAR,NFL_P_00-0033072,LB,,QUESTIONABLE,DNP,Not injury related - resting player,2022-12-31,nflverse,,2026-09-07T05:46:50.365367+00:00,2022-12-31T00:00:00
NFL_LAR_00-0033110_2022W17_QUESTIONABLE_LP,NFL,2022,17,2022_NFL_W17_LAR_LAC,NFL_LAR,NFL_P_00-0033110,TE,,QUESTIONABLE,LP,Not injury related - resting player,2022-12-31,nflverse,,2026-09-07T05:46:50.365367+00:00,2022-12-31T00:00:00
NFL_LAC_00-0034790_2022W17_OUT_LP,NFL,2022,17,2022_NFL_W17_LAR_LAC,NFL_LAC,NFL_P_00-0034790,S,,OUT,LP,Concussion,2022-12-31,nflverse,,2026-09-07T05:46:50.365367+00:00,2022-12-31T00:00:00
NFL_LAC_00-0037331_2022W17_QUESTIONABLE_LP,NFL,2022,17,2022_NFL_W17_LAR_LAC,NFL_LAC,NFL_P_00-0037331,RB,,QUESTIONABLE,LP,Ankle,2022-12-31,nflverse,,2026-09-07T05:46:50.365367+00:00,2022-12-31T00:00:00
NFL_LV_00-0031280_2022W17_NA_DNP,NFL,2022,17,2022_NFL_W17_SF_LV,NFL_LV,NFL_P_00-0031280,QB,,UNKNOWN,DNP,Not injury related - personal matter,2022-12-31,nflverse,,2026-09-07T05:46:50.365367+00:00,2022-12-31T00:00:00
NFL_LV_00-0035637_2022W17_NA_LP,NFL,2022,17,2022_NFL_W17_SF_LV,NFL_LV,NFL_P_00-0035637,CB,,UNKNOWN,LP,Knee,2022-12-31,nflverse,,2026-09-07T05:46:50.365367+00:00,2022-12-31T00:00:00
NFL_LV_00-0035003_2022W17_QUESTIONABLE_LP,NFL,2022,17,2022_NFL_W17_SF_LV,NFL_LV,NFL_P_00-0035003,OL,,QUESTIONABLE,LP,Back,2022-12-31,nflverse,,2026-09-07T05:46:50.365367+00:00,2022-12-31T00:00:00
NFL_LV_00-0038040_2022W17_QUESTIONABLE_LP,NFL,2022,17,2022_NFL_W17_SF_LV,NFL_LV,NFL_P_00-0038040,RB,,QUESTIONABLE,LP,Ankle,2022-12-31,nflverse,,2026-09-07T05:46:50.365367+00:00,2022-12-31T00:00:00
NFL_MIA_00-0029249_2022W17_NA_DNP,NFL,2022,17,2022_NFL_W17_MIA_NE,NFL_MIA,NFL_P_00-0029249,LB,,UNKNOWN,DNP,Not injury related - resting player,2022-12-31,nflverse,,2026-09-07T05:46:50.365367+00:00,2022-12-31T00:00:00
NFL_MIA_00-0031687_2022W17_NA_LP,NFL,2022,17,2022_NFL_W17_MIA_NE,NFL_MIA,NFL_P_00-0031687,RB,,UNKNOWN,LP,Not injury related - resting player,2022-12-31,nflverse,,2026-09-07T05:46:50.365367+00:00,2022-12-31T00:00:00
NFL_MIA_00-0036212_2022W17_OUT_DNP,NFL,2022,17,2022_NFL_W17_MIA_NE,NFL_MIA,NFL_P_00-0036212,QB,,OUT,DNP,Concussion,2022-12-31,nflverse,,2026-09-07T05:46:50.365367+00:00,2022-12-31T00:00:00
NFL_MIA_00-0030584_2022W17_DOUBTFUL_DNP,NFL,2022,17,2022_NFL_W17_MIA_NE,NFL_MIA,NFL_P_00-0030584,OL,,DOUBTFUL,DNP,Calf,2022-12-31,nflverse,,2026-09-07T05:46:50.365367+00:00,2022-12-31T00:00:00
NFL_MIA_00-0030067_2022W17_QUESTIONABLE_DNP,NFL,2022,17,2022_NFL_W17_MIA_NE,NFL_MIA,NFL_P_00-0030067,OL,,QUESTIONABLE,DNP,"Toe, Pec, Knee, Hip",2022-12-31,nflverse,,2026-09-07T05:46:50.365367+00:00,2022-12-31T00:00:00
NFL_MIA_00-0033050_2022W17_QUESTIONABLE_DNP,NFL,2022,17,2022_NFL_W17_MIA_NE,NFL_MIA,NFL_P_00-0033050,CB,,QUESTIONABLE,DNP,Knee,2022-12-31,nflverse,,2026-09-07T05:46:50.365367+00:00,2022-12-31T00:00:00
NFL_MIA_00-0034832_2022W17_QUESTIONABLE_LP,NFL,2022,17,2022_NFL_W17_MIA_NE,NFL_MIA,NFL_P_00-0034832,LB,,QUESTIONABLE,LP,Ankle,2022-12-31,nflverse,,2026-09-07T05:46:50.365367+00:00,2022-12-31T00:00:00
NFL_MIA_00-0034054_2022W17_QUESTIONABLE_LP,NFL,2022,17,2022_NFL_W17_MIA_NE,NFL_MIA,NFL_P_00-0034054,WR,,QUESTIONABLE,LP,Calf,2022-12-31,nflverse,,2026-09-07T05:46:50.365367+00:00,2022-12-31T00:00:00
NFL_MIA_00-0035125_2022W17_QUESTIONABLE_LP,NFL,2022,17,2022_NFL_W17_MIA_NE,NFL_MIA,NFL_P_00-0035125,RB,,QUESTIONABLE,LP,Thumb,2022-12-31,nflverse,,2026-09-07T05:46:50.365367+00:00,2022-12-31T00:00:00
NFL_MIA_00-0035694_2022W17_QUESTIONABLE_LP,NFL,2022,17,2022_NFL_W17_MIA_NE,NFL_MIA,NFL_P_00-0035694,OL,,QUESTIONABLE,LP,Foot,2022-12-31,nflverse,,2026-09-07T05:46:50.365367+00:00,2022-12-31T00:00:00
NFL_MIN_00-0035588_2022W17_OUT_DNP,NFL,2022,17,2022_NFL_W17_MIN_GB,NFL_MIN,NFL_P_00-0035588,OL,,OUT,DNP,Back,2022-12-31,nflverse,,2026-09-07T05:46:50.365367+00:00,2022-12-31T00:00:00
NFL_MIN_00-0036337_2022W17_OUT_DNP,NFL,2022,17,2022_NFL_W17_MIN_GB,NFL_MIN,NFL_P_00-0036337,DL,,OUT,DNP,Shoulder,2022-12-31,nflverse,,2026-09-07T05:46:50.365367+00:00,2022-12-31T00:00:00
NFL_NE_00-0038039_2022W17_OUT_DNP,NFL,2022,17,2022_NFL_W17_MIA_NE,NFL_NE,NFL_P_00-0038039,CB,,OUT,DNP,Knee,2022-12-31,nflverse,,2026-09-07T05:46:50.365367+00:00,2022-12-31T00:00:00
NFL_NE_00-0037253_2022W17_OUT_DNP,NFL,2022,17,2022_NFL_W17_MIA_NE,NFL_NE,NFL_P_00-0037253,CB,,OUT,DNP,Concussion,2022-12-31,nflverse,,2026-09-07T05:46:50.365367+00:00,2022-12-31T00:00:00
NFL_NE_00-0031547_2022W17_OUT_DNP,NFL,2022,17,2022_NFL_W17_MIA_NE,NFL_NE,NFL_P_00-0031547,WR,,OUT,DNP,Concussion,2022-12-31,nflverse,,2026-09-07T05:46:50.365367+00:00,2022-12-31T00:00:00
NFL_NE_00-0033858_2022W17_OUT_DNP,NFL,2022,17,2022_NFL_W17_MIA_NE,NFL_NE,NFL_P_00-0033858,TE,,OUT,DNP,Concussion,2022-12-31,nflverse,,2026-09-07T05:46:50.365367+00:00,2022-12-31T00:00:00
NFL_NE_00-0033090_2022W17_QUESTIONABLE_LP,NFL,2022,17,2022_NFL_W17_MIA_NE,NFL_NE,NFL_P_00-0033090,TE,,QUESTIONABLE,LP,Knee,2022-12-31,nflverse,,2026-09-07T05:46:50.365367+00:00,2022-12-31T00:00:00
NFL_NE_00-0032580_2022W17_QUESTIONABLE_LP,NFL,2022,17,2022_NFL_W17_MIA_NE,NFL_NE,NFL_P_00-0032580,CB,,QUESTIONABLE,LP,Chest,2022-12-31,nflverse,,2026-09-07T05:46:50.365367+00:00,2022-12-31T00:00:00
NFL_NE_00-0032803_2022W17_QUESTIONABLE_LP,NFL,2022,17,2022_NFL_W17_MIA_NE,NFL_NE,NFL_P_00-0032803,CB,,QUESTIONABLE,LP,Groin,2022-12-31,nflverse,,2026-09-07T05:46:50.365367+00:00,2022-12-31T00:00:00
NFL_NE_00-0036875_2022W17_QUESTIONABLE_LP,NFL,2022,17,2022_NFL_W17_MIA_NE,NFL_NE,NFL_P_00-0036875,RB,,QUESTIONABLE,LP,Ankle,2022-12-31,nflverse,,2026-09-07T05:46:50.365367+00:00,2022-12-31T00:00:00
NFL_NE_00-0038104_2022W17_QUESTIONABLE_LP,NFL,2022,17,2022_NFL_W17_MIA_NE,NFL_NE,NFL_P_00-0038104,WR,,QUESTIONABLE,LP,Knee,2022-12-31,nflverse,,2026-09-07T05:46:50.365367+00:00,2022-12-31T00:00:00
NFL_NO_00-0033892_2022W17_OUT_DNP,NFL,2022,17,2022_NFL_W17_NO_PHI,NFL_NO,NFL_P_00-0033892,S,,OUT,DNP,Shoulder,2022-12-31,nflverse,,2026-09-07T05:46:50.365367+00:00,2022-12-31T00:00:00
NFL_NO_00-0032203_2022W17_OUT_DNP,NFL,2022,17,2022_NFL_W17_NO_PHI,NFL_NO,NFL_P_00-0032203,OL,,OUT,DNP,Ankle,2022-12-31,nflverse,,2026-09-07T05:46:50.365367+00:00,2022-12-31T00:00:00
NFL_NO_00-0032450_2022W17_OUT_DNP,NFL,2022,17,2022_NFL_W17_NO_PHI,NFL_NO,NFL_P_00-0032450,RB,,OUT,DNP,Illness,2022-12-31,nflverse,,2026-09-07T05:46:50.365367+00:00,2022-12-31T00:00:00
NFL_NO_00-0034944_2022W17_QUESTIONABLE_FP,NFL,2022,17,2022_NFL_W17_NO_PHI,NFL_NO,NFL_P_00-0034944,LB,,QUESTIONABLE,FP,Knee,2022-12-31,nflverse,,2026-09-07T05:46:50.365367+00:00,2022-12-31T00:00:00
NFL_NO_00-0033898_2022W17_QUESTIONABLE_LP,NFL,2022,17,2022_NFL_W17_NO_PHI,NFL_NO,NFL_P_00-0033898,S,,QUESTIONABLE,LP,Shoulder,2022-12-31,nflverse,,2026-09-07T05:46:50.365367+00:00,2022-12-31T00:00:00
NFL_NO_00-0033874_2022W17_QUESTIONABLE_LP,NFL,2022,17,2022_NFL_W17_NO_PHI,NFL_NO,NFL_P_00-0033874,CB,,QUESTIONABLE,LP,Abdomen,2022-12-31,nflverse,,2026-09-07T05:46:50.365367+00:00,2022-12-31T00:00:00
NFL_NO_00-0037239_2022W17_QUESTIONABLE_LP,NFL,2022,17,2022_NFL_W17_NO_PHI,NFL_NO,NFL_P_00-0037239,WR,,QUESTIONABLE,LP,Hamstring,2022-12-31,nflverse,,2026-09-07T05:46:50.365367+00:00,2022-12-31T00:00:00
NFL_NO_00-0036927_2022W17_QUESTIONABLE_LP,NFL,2022,17,2022_NFL_W17_NO_PHI,NFL_NO,NFL_P_00-0036927,LB,,QUESTIONABLE,LP,Hamstring,2022-12-31,nflverse,,2026-09-07T05:46:50.365367+00:00,2022-12-31T00:00:00
NFL_NYG_00-0031933_2022W17_NA_LP,NFL,2022,17,2022_NFL_W17_IND_NYG,NFL_NYG,NFL_P_00-0031933,DL,,UNKNOWN,LP,Neck,2022-12-31,nflverse,,2026-09-07T05:46:50.365367+00:00,2022-12-31T00:00:00
NFL_NYG_00-0033878_2022W17_DOUBTFUL_LP,NFL,2022,17,2022_NFL_W17_IND_NYG,NFL_NYG,NFL_P_00-0033878,CB,,DOUBTFUL,LP,Knee,2022-12-31,nflverse,,2026-09-07T05:46:50.365367+00:00,2022-12-31T00:00:00
NFL_NYG_00-0036552_2022W17_QUESTIONABLE_LP,NFL,2022,17,2022_NFL_W17_IND_NYG,NFL_NYG,NFL_P_00-0036552,LB,,QUESTIONABLE,LP,Ankle,2022-12-31,nflverse,,2026-09-07T05:46:50.365367+00:00,2022-12-31T00:00:00
NFL_NYJ_00-0036504_2022W17_OUT_DNP,NFL,2022,17,2022_NFL_W17_NYJ_SEA,NFL_NYJ,NFL_P_00-0036504,CB,,OUT,DNP,Quadricep,2022-12-31,nflverse,,2026-09-07T05:46:50.365367+00:00,2022-12-31T00:00:00
NFL_NYJ_00-0035510_2022W17_OUT_DNP,NFL,2022,17,2022_NFL_W17_NYJ_SEA,NFL_NYJ,NFL_P_00-0035510,WR,,OUT,DNP,Knee,2022-12-31,nflverse,,2026-09-07T05:46:50.365367+00:00,2022-12-31T00:00:00
NFL_NYJ_00-0031389_2022W17_QUESTIONABLE_FP,NFL,2022,17,2022_NFL_W17_NYJ_SEA,NFL_NYJ,NFL_P_00-0031389,S,,QUESTIONABLE,FP,Hip,2022-12-31,nflverse,,2026-09-07T05:46:50.365367+00:00,2022-12-31T00:00:00
NFL_NYJ_00-0029412_2022W17_QUESTIONABLE_LP,NFL,2022,17,2022_NFL_W17_NYJ_SEA,NFL_NYJ,NFL_P_00-0029412,EDGE,,QUESTIONABLE,LP,Elbow,2022-12-31,nflverse,,2026-09-07T05:46:50.365367+00:00,2022-12-31T00:00:00
NFL_NYJ_00-0035383_2022W17_QUESTIONABLE_LP,NFL,2022,17,2022_NFL_W17_NYJ_SEA,NFL_NYJ,NFL_P_00-0035383,OL,,QUESTIONABLE,LP,Ankle,2022-12-31,nflverse,,2026-09-07T05:46:50.365367+00:00,2022-12-31T00:00:00
NFL_PHI_00-0032890_2022W17_NA_LP,NFL,2022,17,2022_NFL_W17_NO_PHI,NFL_PHI,NFL_P_00-0032890,CB,,UNKNOWN,LP,Not injury related - resting player,2022-12-31,nflverse,,2026-09-07T05:46:50.365367+00:00,2022-12-31T00:00:00
NFL_PHI_00-0029653_2022W17_NA_LP,NFL,2022,17,2022_NFL_W17_NO_PHI,NFL_PHI,NFL_P_00-0029653,DL,,UNKNOWN,LP,Not injury related - resting player,2022-12-31,nflverse,,2026-09-07T05:46:50.365367+00:00,2022-12-31T00:00:00
NFL_PHI_00-0037002_2022W17_NA_LP,NFL,2022,17,2022_NFL_W17_NO_PHI,NFL_PHI,NFL_P_00-0037002,OL,,UNKNOWN,LP,Not injury related - resting player,2022-12-31,nflverse,,2026-09-07T05:46:50.365367+00:00,2022-12-31T00:00:00
NFL_PHI_00-0027865_2022W17_NA_LP,NFL,2022,17,2022_NFL_W17_NO_PHI,NFL_PHI,NFL_P_00-0027865,EDGE,,UNKNOWN,LP,Not injury related - resting player,2022-12-31,nflverse,,2026-09-07T05:46:50.365367+00:00,2022-12-31T00:00:00
NFL_PHI_00-0028129_2022W17_NA_LP,NFL,2022,17,2022_NFL_W17_NO_PHI,NFL_PHI,NFL_P_00-0028129,OL,,UNKNOWN,LP,Not injury related - resting player,2022-12-31,nflverse,,2026-09-07T05:46:50.365367+00:00,2022-12-31T00:00:00
NFL_PHI_00-0032954_2022W17_NA_LP,NFL,2022,17,2022_NFL_W17_NO_PHI,NFL_PHI,NFL_P_00-0032954,OL,,UNKNOWN,LP,Not injury related - resting player,2022-12-31,nflverse,,2026-09-07T05:46:50.365367+00:00,2022-12-31T00:00:00
NFL_PHI_00-0030062_2022W17_NA_LP,NFL,2022,17,2022_NFL_W17_NO_PHI,NFL_PHI,NFL_P_00-0030062,CB,,UNKNOWN,LP,Not injury related - resting player,2022-12-31,nflverse,,2026-09-07T05:46:50.365367+00:00,2022-12-31T00:00:00
NFL_PHI_00-0034381_2022W17_NA_LP,NFL,2022,17,2022_NFL_W17_NO_PHI,NFL_PHI,NFL_P_00-0034381,EDGE,,UNKNOWN,LP,Not injury related - resting player,2022-12-31,nflverse,,2026-09-07T05:46:50.365367+00:00,2022-12-31T00:00:00
NFL_PHI_00-0030561_2022W17_OUT_DNP,NFL,2022,17,2022_NFL_W17_NO_PHI,NFL_PHI,NFL_P_00-0030561,OL,,OUT,DNP,Groin,2022-12-31,nflverse,,2026-09-07T05:46:50.365367+00:00,2022-12-31T00:00:00
NFL_PHI_00-0034377_2022W17_OUT_DNP,NFL,2022,17,2022_NFL_W17_NO_PHI,NFL_PHI,NFL_P_00-0034377,CB,,OUT,DNP,Toe,2022-12-31,nflverse,,2026-09-07T05:46:50.365367+00:00,2022-12-31T00:00:00
NFL_PHI_00-0036389_2022W17_DOUBTFUL_LP,NFL,2022,17,2022_NFL_W17_NO_PHI,NFL_PHI,NFL_P_00-0036389,QB,,DOUBTFUL,LP,right Shoulder,2022-12-31,nflverse,,2026-09-07T05:46:50.365367+00:00,2022-12-31T00:00:00
NFL_PIT_00-0036846_2022W17_OUT_DNP,NFL,2022,17,2022_NFL_W17_PIT_BAL,NFL_PIT,NFL_P_00-0036846,S,,OUT,DNP,Hamstring,2023-01-01,nflverse,,2026-09-07T05:46:50.365367+00:00,2023-01-01T00:00:00
NFL_PIT_00-0032968_2022W17_QUESTIONABLE_LP,NFL,2022,17,2022_NFL_W17_PIT_BAL,NFL_PIT,NFL_P_00-0032968,LB,,QUESTIONABLE,LP,Groin,2023-01-01,nflverse,,2026-09-07T05:46:50.365367+00:00,2023-01-01T00:00:00
NFL_PIT_00-0033905_2022W17_QUESTIONABLE_LP,NFL,2022,17,2022_NFL_W17_PIT_BAL,NFL_PIT,NFL_P_00-0033905,DL,,QUESTIONABLE,LP,Toe,2023-01-01,nflverse,,2026-09-07T05:46:50.365367+00:00,2023-01-01T00:00:00
NFL_SEA_00-0036425_2022W17_NA_LP,NFL,2022,17,2022_NFL_W17_NYJ_SEA,NFL_SEA,NFL_P_00-0036425,RB,,UNKNOWN,LP,Ankle,2022-12-31,nflverse,,2026-09-07T05:46:50.365367+00:00,2022-12-31T00:00:00
NFL_SEA_00-0035644_2022W17_NA_LP,NFL,2022,17,2022_NFL_W17_NYJ_SEA,NFL_SEA,NFL_P_00-0035644,TE,,UNKNOWN,LP,Knee,2022-12-31,nflverse,,2026-09-07T05:46:50.365367+00:00,2022-12-31T00:00:00
NFL_SEA_00-0035640_2022W17_NA_LP,NFL,2022,17,2022_NFL_W17_NYJ_SEA,NFL_SEA,NFL_P_00-0035640,WR,,UNKNOWN,LP,Knee,2022-12-31,nflverse,,2026-09-07T05:46:50.365367+00:00,2022-12-31T00:00:00
NFL_SEA_00-0030068_2022W17_DOUBTFUL_DNP,NFL,2022,17,2022_NFL_W17_NYJ_SEA,NFL_SEA,NFL_P_00-0030068,WR,,DOUBTFUL,DNP,Shoulder,2022-12-31,nflverse,,2026-09-07T05:46:50.365367+00:00,2022-12-31T00:00:00
NFL_SEA_00-0035594_2022W17_QUESTIONABLE_DNP,NFL,2022,17,2022_NFL_W17_NYJ_SEA,NFL_SEA,NFL_P_00-0035594,RB,,QUESTIONABLE,DNP,Ankle,2022-12-31,nflverse,,2026-09-07T05:46:50.365367+00:00,2022-12-31T00:00:00
NFL_SEA_00-0037812_2022W17_QUESTIONABLE_DNP,NFL,2022,17,2022_NFL_W17_NYJ_SEA,NFL_SEA,NFL_P_00-0037812,OL,,QUESTIONABLE,DNP,Knee,2022-12-31,nflverse,,2026-09-07T05:46:50.365367+00:00,2022-12-31T00:00:00
NFL_SEA_00-0034527_2022W17_QUESTIONABLE_DNP,NFL,2022,17,2022_NFL_W17_NYJ_SEA,NFL_SEA,NFL_P_00-0034527,S,,QUESTIONABLE,DNP,Knee,2022-12-31,nflverse,,2026-09-07T05:46:50.365367+00:00,2022-12-31T00:00:00
NFL_SEA_00-0032211_2022W17_QUESTIONABLE_FP,NFL,2022,17,2022_NFL_W17_NYJ_SEA,NFL_SEA,NFL_P_00-0032211,WR,,QUESTIONABLE,FP,Hand,2022-12-31,nflverse,,2026-09-07T05:46:50.365367+00:00,2022-12-31T00:00:00
NFL_SEA_00-0027723_2022W17_QUESTIONABLE_FP,NFL,2022,17,2022_NFL_W17_NYJ_SEA,NFL_SEA,NFL_P_00-0027723,DL,,QUESTIONABLE,FP,Achilles,2022-12-31,nflverse,,2026-09-07T05:46:50.365367+00:00,2022-12-31T00:00:00
NFL_SEA_00-0038134_2022W17_QUESTIONABLE_LP,NFL,2022,17,2022_NFL_W17_NYJ_SEA,NFL_SEA,NFL_P_00-0038134,RB,,QUESTIONABLE,LP,Ankle,2022-12-31,nflverse,,2026-09-07T05:46:50.365367+00:00,2022-12-31T00:00:00
NFL_SF_00-0036260_2022W17_NA_LP,NFL,2022,17,2022_NFL_W17_SF_LV,NFL_SF,NFL_P_00-0036260,DL,,UNKNOWN,LP,Knee,2022-12-31,nflverse,,2026-09-07T05:46:50.365367+00:00,2022-12-31T00:00:00
NFL_SF_00-0031345_2022W17_OUT_DNP,NFL,2022,17,2022_NFL_W17_SF_LV,NFL_SF,NFL_P_00-0031345,QB,,OUT,DNP,Foot,2022-12-31,nflverse,,2026-09-07T05:46:50.365367+00:00,2022-12-31T00:00:00
NFL_SF_00-0035026_2022W17_OUT_DNP,NFL,2022,17,2022_NFL_W17_SF_LV,NFL_SF,NFL_P_00-0035026,DL,,OUT,DNP,Knee,2022-12-31,nflverse,,2026-09-07T05:46:50.365367+00:00,2022-12-31T00:00:00
NFL_SF_00-0035719_2022W17_OUT_LP,NFL,2022,17,2022_NFL_W17_SF_LV,NFL_SF,NFL_P_00-0035719,WR,,OUT,LP,Ankle,2022-12-31,nflverse,,2026-09-07T05:46:50.365367+00:00,2022-12-31T00:00:00
NFL_SF_00-0030946_2022W17_QUESTIONABLE_LP,NFL,2022,17,2022_NFL_W17_SF_LV,NFL_SF,NFL_P_00-0030946,EDGE,,QUESTIONABLE,LP,Ankle,2022-12-31,nflverse,,2026-09-07T05:46:50.365367+00:00,2022-12-31T00:00:00
NFL_SF_00-0037008_2022W17_QUESTIONABLE_LP,NFL,2022,17,2022_NFL_W17_SF_LV,NFL_SF,NFL_P_00-0037008,CB,,QUESTIONABLE,LP,Ankle,2022-12-31,nflverse,,2026-09-07T05:46:50.365367+00:00,2022-12-31T00:00:00
NFL_TB_00-0029657_2022W17_NA_DNP,NFL,2022,17,2022_NFL_W17_CAR_TB,NFL_TB,NFL_P_00-0029657,DL,,UNKNOWN,DNP,Not injury related - resting player,2022-12-31,nflverse,,2026-09-07T05:46:50.365367+00:00,2022-12-31T00:00:00
NFL_TB_00-0034778_2022W17_DOUBTFUL_DNP,NFL,2022,17,2022_NFL_W17_CAR_TB,NFL_TB,NFL_P_00-0034778,CB,,DOUBTFUL,DNP,Shoulder,2022-12-31,nflverse,,2026-09-07T05:46:50.365367+00:00,2022-12-31T00:00:00
NFL_TB_00-0033129_2022W17_DOUBTFUL_LP,NFL,2022,17,2022_NFL_W17_CAR_TB,NFL_TB,NFL_P_00-0033129,LB,,DOUBTFUL,LP,Pectoral,2022-12-31,nflverse,,2026-09-07T05:46:50.365367+00:00,2022-12-31T00:00:00
NFL_TB_00-0035699_2022W17_QUESTIONABLE_FP,NFL,2022,17,2022_NFL_W17_CAR_TB,NFL_TB,NFL_P_00-0035699,CB,,QUESTIONABLE,FP,Toe,2022-12-31,nflverse,,2026-09-07T05:46:50.365367+00:00,2022-12-31T00:00:00
NFL_TB_00-0035681_2022W17_QUESTIONABLE_LP,NFL,2022,17,2022_NFL_W17_CAR_TB,NFL_TB,NFL_P_00-0035681,S,,QUESTIONABLE,LP,Hamstring,2022-12-31,nflverse,,2026-09-07T05:46:50.365367+00:00,2022-12-31T00:00:00
NFL_TB_00-0027944_2022W17_QUESTIONABLE_LP,NFL,2022,17,2022_NFL_W17_CAR_TB,NFL_TB,NFL_P_00-0027944,WR,,QUESTIONABLE,LP,Knee,2022-12-31,nflverse,,2026-09-07T05:46:50.365367+00:00,2022-12-31T00:00:00
NFL_TB_00-0032217_2022W17_QUESTIONABLE_LP,NFL,2022,17,2022_NFL_W17_CAR_TB,NFL_TB,NFL_P_00-0032217,OL,,QUESTIONABLE,LP,Foot,2022-12-31,nflverse,,2026-09-07T05:46:50.365367+00:00,2022-12-31T00:00:00
NFL_TB_00-0034773_2022W17_QUESTIONABLE_LP,NFL,2022,17,2022_NFL_W17_CAR_TB,NFL_TB,NFL_P_00-0034773,DL,,QUESTIONABLE,LP,Calf,2022-12-31,nflverse,,2026-09-07T05:46:50.365367+00:00,2022-12-31T00:00:00
NFL_TB_00-0036411_2022W17_QUESTIONABLE_LP,NFL,2022,17,2022_NFL_W17_CAR_TB,NFL_TB,NFL_P_00-0036411,S,,QUESTIONABLE,LP,Ankle,2022-12-31,nflverse,,2026-09-07T05:46:50.365367+00:00,2022-12-31T00:00:00
NFL_TEN_00-0033765_2022W17_OUT_DNP,NFL,2022,17,2022_NFL_W17_DAL_TEN,NFL_TEN,NFL_P_00-0033765,LB,,OUT,DNP,Ankle,2022-12-29,nflverse,,2026-09-07T05:46:50.365367+00:00,2022-12-29T00:00:00
NFL_TEN_00-0033547_2022W17_OUT_DNP,NFL,2022,17,2022_NFL_W17_DAL_TEN,NFL_TEN,NFL_P_00-0033547,LB,,OUT,DNP,Elbow,2022-12-29,nflverse,,2026-09-07T05:46:50.365367+00:00,2022-12-29T00:00:00
NFL_TEN_00-0032146_2022W17_OUT_DNP,NFL,2022,17,2022_NFL_W17_DAL_TEN,NFL_TEN,NFL_P_00-0032146,LB,,OUT,DNP,Pectoral,2022-12-29,nflverse,,2026-09-07T05:46:50.365367+00:00,2022-12-29T00:00:00
NFL_TEN_00-0035632_2022W17_OUT_DNP,NFL,2022,17,2022_NFL_W17_DAL_TEN,NFL_TEN,NFL_P_00-0035632,S,,OUT,DNP,Knee,2022-12-29,nflverse,,2026-09-07T05:46:50.365367+00:00,2022-12-29T00:00:00
NFL_TEN_00-0037754_2022W17_OUT_DNP,NFL,2022,17,2022_NFL_W17_DAL_TEN,NFL_TEN,NFL_P_00-0037754,OL,,OUT,DNP,Ankle,2022-12-29,nflverse,,2026-09-07T05:46:50.365367+00:00,2022-12-29T00:00:00
NFL_TEN_00-0035643_2022W17_OUT_DNP,NFL,2022,17,2022_NFL_W17_DAL_TEN,NFL_TEN,NFL_P_00-0035643,DL,,OUT,DNP,Ankle,2022-12-29,nflverse,,2026-09-07T05:46:50.365367+00:00,2022-12-29T00:00:00
NFL_TEN_00-0029701_2022W17_OUT_DNP,NFL,2022,17,2022_NFL_W17_DAL_TEN,NFL_TEN,NFL_P_00-0029701,QB,,OUT,DNP,Ankle,2022-12-29,nflverse,,2026-09-07T05:46:50.365367+00:00,2022-12-29T00:00:00
NFL_TEN_00-0037070_2022W17_OUT_DNP,NFL,2022,17,2022_NFL_W17_DAL_TEN,NFL_TEN,NFL_P_00-0037070,CB,,OUT,DNP,Concussion,2022-12-29,nflverse,,2026-09-07T05:46:50.365367+00:00,2022-12-29T00:00:00
NFL_TEN_00-0031254_2022W17_DOUBTFUL_LP,NFL,2022,17,2022_NFL_W17_DAL_TEN,NFL_TEN,NFL_P_00-0031254,EDGE,,DOUBTFUL,LP,Biceps,2022-12-29,nflverse,,2026-09-07T05:46:50.365367+00:00,2022-12-29T00:00:00
NFL_TEN_00-0036416_2022W17_DOUBTFUL_LP,NFL,2022,17,2022_NFL_W17_DAL_TEN,NFL_TEN,NFL_P_00-0036416,CB,,DOUBTFUL,LP,Groin,2022-12-29,nflverse,,2026-09-07T05:46:50.365367+00:00,2022-12-29T00:00:00
NFL_TEN_00-0032764_2022W17_DOUBTFUL_LP,NFL,2022,17,2022_NFL_W17_DAL_TEN,NFL_TEN,NFL_P_00-0032764,RB,,DOUBTFUL,LP,Hip,2022-12-29,nflverse,,2026-09-07T05:46:50.365367+00:00,2022-12-29T00:00:00
NFL_WAS_00-0030064_2022W17_NA_DNP,NFL,2022,17,2022_NFL_W17_CLE_WAS,NFL_WAS,NFL_P_00-0030064,LB,,UNKNOWN,DNP,Pectoral,2022-12-31,nflverse,,2026-09-07T05:46:50.365367+00:00,2022-12-31T00:00:00
NFL_WAS_00-0036334_2022W17_OUT_DNP,NFL,2022,17,2022_NFL_W17_CLE_WAS,NFL_WAS,NFL_P_00-0036334,OL,,OUT,DNP,Concussion,2022-12-31,nflverse,,2026-09-07T05:46:50.365367+00:00,2022-12-31T00:00:00
NFL_WAS_00-0036328_2022W17_OUT_DNP,NFL,2022,17,2022_NFL_W17_CLE_WAS,NFL_WAS,NFL_P_00-0036328,RB,,OUT,DNP,Knee,2022-12-31,nflverse,,2026-09-07T05:46:50.365367+00:00,2022-12-31T00:00:00
NFL_WAS_00-0036351_2022W17_OUT_DNP,NFL,2022,17,2022_NFL_W17_CLE_WAS,NFL_WAS,NFL_P_00-0036351,EDGE,,OUT,DNP,Concussion,2022-12-31,nflverse,,2026-09-07T05:46:50.365367+00:00,2022-12-31T00:00:00
NFL_WAS_00-0036625_2022W17_QUESTIONABLE_DNP,NFL,2022,17,2022_NFL_W17_CLE_WAS,NFL_WAS,NFL_P_00-0036625,CB,,QUESTIONABLE,DNP,Ankle,2022-12-31,nflverse,,2026-09-07T05:46:50.365367+00:00,2022-12-31T00:00:00
NFL_WAS_00-0038100_2022W17_QUESTIONABLE_LP,NFL,2022,17,2022_NFL_W17_CLE_WAS,NFL_WAS,NFL_P_00-0038100,S,,QUESTIONABLE,LP,Hip,2022-12-31,nflverse,,2026-09-07T05:46:50.365367+00:00,2022-12-31T00:00:00
NFL_WAS_00-0036349_2022W17_QUESTIONABLE_LP,NFL,2022,17,2022_NFL_W17_CLE_WAS,NFL_WAS,NFL_P_00-0036349,S,,QUESTIONABLE,LP,Ankle,2022-12-31,nflverse,,2026-09-07T05:46:50.365367+00:00,2022-12-31T00:00:00
NFL_WAS_00-0037095_2022W17_QUESTIONABLE_LP,NFL,2022,17,2022_NFL_W17_CLE_WAS,NFL_WAS,NFL_P_00-0037095,CB,,QUESTIONABLE,LP,Ankle,2022-12-31,nflverse,,2026-09-07T05:46:50.365367+00:00,2022-12-31T00:00:00
NFL_ARI_00-0029747_2022W18_NA_DNP,NFL,2022,18,2022_NFL_W18_ARI_SF,NFL_ARI,NFL_P_00-0029747,S,,UNKNOWN,DNP,Concussion,2023-01-07,nflverse,,2026-09-07T05:46:50.365367+00:00,2023-01-07T00:00:00
NFL_ARI_00-0035343_2022W18_NA_DNP,NFL,2022,18,2022_NFL_W18_ARI_SF,NFL_ARI,NFL_P_00-0035343,EDGE,,UNKNOWN,DNP,Knee,2023-01-07,nflverse,,2026-09-07T05:46:50.365367+00:00,2023-01-07T00:00:00
NFL_ARI_00-0035248_2022W18_OUT_DNP,NFL,2022,18,2022_NFL_W18_ARI_SF,NFL_ARI,NFL_P_00-0035248,EDGE,,OUT,DNP,Hand,2023-01-07,nflverse,,2026-09-07T05:46:50.365367+00:00,2023-01-07T00:00:00
NFL_ARI_00-0032688_2022W18_OUT_DNP,NFL,2022,18,2022_NFL_W18_ARI_SF,NFL_ARI,NFL_P_00-0032688,WR,,OUT,DNP,Back,2023-01-07,nflverse,,2026-09-07T05:46:50.365367+00:00,2023-01-07T00:00:00
NFL_ARI_00-0036933_2022W18_OUT_DNP,NFL,2022,18,2022_NFL_W18_ARI_SF,NFL_ARI,NFL_P_00-0036933,LB,,OUT,DNP,Calf,2023-01-07,nflverse,,2026-09-07T05:46:50.365367+00:00,2023-01-07T00:00:00
NFL_ARI_00-0033553_2022W18_OUT_DNP,NFL,2022,18,2022_NFL_W18_ARI_SF,NFL_ARI,NFL_P_00-0033553,RB,,OUT,DNP,Knee,2023-01-07,nflverse,,2026-09-07T05:46:50.365367+00:00,2023-01-07T00:00:00
NFL_ARI_00-0032933_2022W18_OUT_DNP,NFL,2022,18,2022_NFL_W18_ARI_SF,NFL_ARI,NFL_P_00-0032933,CB,,OUT,DNP,Hip,2023-01-07,nflverse,,2026-09-07T05:46:50.365367+00:00,2023-01-07T00:00:00
NFL_ARI_00-0030564_2022W18_OUT_DNP,NFL,2022,18,2022_NFL_W18_ARI_SF,NFL_ARI,NFL_P_00-0030564,WR,,OUT,DNP,Knee,2023-01-07,nflverse,,2026-09-07T05:46:50.365367+00:00,2023-01-07T00:00:00
NFL_ARI_00-0027688_2022W18_OUT_DNP,NFL,2022,18,2022_NFL_W18_ARI_SF,NFL_ARI,NFL_P_00-0027688,QB,,OUT,DNP,Concussion,2023-01-07,nflverse,,2026-09-07T05:46:50.365367+00:00,2023-01-07T00:00:00
NFL_ARI_00-0036884_2022W18_OUT_DNP,NFL,2022,18,2022_NFL_W18_ARI_SF,NFL_ARI,NFL_P_00-0036884,CB,,OUT,DNP,Neck,2023-01-07,nflverse,,2026-09-07T05:46:50.365367+00:00,2023-01-07T00:00:00
NFL_ARI_00-0036896_2022W18_QUESTIONABLE_DNP,NFL,2022,18,2022_NFL_W18_ARI_SF,NFL_ARI,NFL_P_00-0036896,LB,,QUESTIONABLE,DNP,Illness,2023-01-07,nflverse,,2026-09-07T05:46:50.365367+00:00,2023-01-07T00:00:00
NFL_ARI_00-0036371_2022W18_QUESTIONABLE_LP,NFL,2022,18,2022_NFL_W18_ARI_SF,NFL_ARI,NFL_P_00-0036371,DL,,QUESTIONABLE,LP,Shoulder,2023-01-07,nflverse,,2026-09-07T05:46:50.365367+00:00,2023-01-07T00:00:00
NFL_ARI_00-0034751_2022W18_QUESTIONABLE_LP,NFL,2022,18,2022_NFL_W18_ARI_SF,NFL_ARI,NFL_P_00-0034751,CB,,QUESTIONABLE,LP,Hamstring,2023-01-07,nflverse,,2026-09-07T05:46:50.365367+00:00,2023-01-07T00:00:00
NFL_ARI_00-0033580_2022W18_QUESTIONABLE_LP,NFL,2022,18,2022_NFL_W18_ARI_SF,NFL_ARI,NFL_P_00-0033580,LB,,QUESTIONABLE,LP,Knee,2023-01-07,nflverse,,2026-09-07T05:46:50.365367+00:00,2023-01-07T00:00:00
NFL_ATL_00-0030578_2022W18_NA_DNP,NFL,2022,18,2022_NFL_W18_TB_ATL,NFL_ATL,NFL_P_00-0030578,RB,,UNKNOWN,DNP,Not injury related - resting player,2023-01-07,nflverse,,2026-09-07T05:46:50.365367+00:00,2023-01-07T00:00:00
NFL_ATL_00-0033676_2022W18_OUT_DNP,NFL,2022,18,2022_NFL_W18_TB_ATL,NFL_ATL,NFL_P_00-0033676,OL,,OUT,DNP,Calf,2023-01-07,nflverse,,2026-09-07T05:46:50.365367+00:00,2023-01-07T00:00:00
NFL_BAL_00-0036158_2022W18_NA_DNP,NFL,2022,18,2022_NFL_W18_BAL_CIN,NFL_BAL,NFL_P_00-0036158,RB,,UNKNOWN,DNP,Not injury related - resting player,2023-01-07,nflverse,,2026-09-07T05:46:50.365367+00:00,2023-01-07T00:00:00
NFL_BAL_00-0028008_2022W18_NA_DNP,NFL,2022,18,2022_NFL_W18_BAL_CIN,NFL_BAL,NFL_P_00-0028008,LB,,UNKNOWN,DNP,Not injury related - resting player,2023-01-07,nflverse,,2026-09-07T05:46:50.365367+00:00,2023-01-07T00:00:00
NFL_BAL_00-0027867_2022W18_NA_DNP,NFL,2022,18,2022_NFL_W18_BAL_CIN,NFL_BAL,NFL_P_00-0027867,EDGE,,UNKNOWN,DNP,Not injury related - resting player,2023-01-07,nflverse,,2026-09-07T05:46:50.365367+00:00,2023-01-07T00:00:00
NFL_BAL_00-0032965_2022W18_NA_DNP,NFL,2022,18,2022_NFL_W18_BAL_CIN,NFL_BAL,NFL_P_00-0032965,OL,,UNKNOWN,DNP,Not injury related - resting player,2023-01-07,nflverse,,2026-09-07T05:46:50.365367+00:00,2023-01-07T00:00:00
NFL_BAL_00-0029592_2022W18_NA_DNP,NFL,2022,18,2022_NFL_W18_BAL_CIN,NFL_BAL,NFL_P_00-0029592,OL,,UNKNOWN,DNP,Not injury related - resting player,2023-01-07,nflverse,,2026-09-07T05:46:50.365367+00:00,2023-01-07T00:00:00
NFL_BAL_00-0034796_2022W18_OUT_DNP,NFL,2022,18,2022_NFL_W18_BAL_CIN,NFL_BAL,NFL_P_00-0034796,QB,,OUT,DNP,Knee,2023-01-07,nflverse,,2026-09-07T05:46:50.365367+00:00,2023-01-07T00:00:00
NFL_BAL_00-0026190_2022W18_QUESTIONABLE_DNP,NFL,2022,18,2022_NFL_W18_BAL_CIN,NFL_BAL,NFL_P_00-0026190,EDGE,,QUESTIONABLE,DNP,Not injury related - resting player,2023-01-07,nflverse,,2026-09-07T05:46:50.365367+00:00,2023-01-07T00:00:00
NFL_BAL_00-0026189_2022W18_QUESTIONABLE_DNP,NFL,2022,18,2022_NFL_W18_BAL_CIN,NFL_BAL,NFL_P_00-0026189,WR,,QUESTIONABLE,DNP,Illness,2023-01-07,nflverse,,2026-09-07T05:46:50.365367+00:00,2023-01-07T00:00:00
NFL_BAL_00-0032942_2022W18_QUESTIONABLE_DNP,NFL,2022,18,2022_NFL_W18_BAL_CIN,NFL_BAL,NFL_P_00-0032942,CB,,QUESTIONABLE,DNP,Finger,2023-01-07,nflverse,,2026-09-07T05:46:50.365367+00:00,2023-01-07T00:00:00
NFL_BAL_00-0036987_2022W18_QUESTIONABLE_DNP,NFL,2022,18,2022_NFL_W18_BAL_CIN,NFL_BAL,NFL_P_00-0036987,CB,,QUESTIONABLE,DNP,Illness,2023-01-07,nflverse,,2026-09-07T05:46:50.365367+00:00,2023-01-07T00:00:00
NFL_BAL_00-0035993_2022W18_QUESTIONABLE_LP,NFL,2022,18,2022_NFL_W18_BAL_CIN,NFL_BAL,NFL_P_00-0035993,QB,,QUESTIONABLE,LP,right Shoulder,2023-01-07,nflverse,,2026-09-07T05:46:50.365367+00:00,2023-01-07T00:00:00
NFL_BAL_00-0032165_2022W18_QUESTIONABLE_LP,NFL,2022,18,2022_NFL_W18_BAL_CIN,NFL_BAL,NFL_P_00-0032165,CB,,QUESTIONABLE,LP,Calf,2023-01-07,nflverse,,2026-09-07T05:46:50.365367+00:00,2023-01-07T00:00:00
NFL_BUF_00-0031588_2022W18_NA_DNP,NFL,2022,18,2022_NFL_W18_NE_BUF,NFL_BUF,NFL_P_00-0031588,WR,,UNKNOWN,DNP,Not injury related - resting player,2023-01-07,nflverse,,2026-09-07T05:46:50.365367+00:00,2023-01-07T00:00:00
NFL_BUF_00-0027648_2022W18_NA_DNP,NFL,2022,18,2022_NFL_W18_NE_BUF,NFL_BUF,NFL_P_00-0027648,OL,,UNKNOWN,DNP,Not injury related - resting player,2023-01-07,nflverse,,2026-09-07T05:46:50.365367+00:00,2023-01-07T00:00:00
NFL_CAR_00-0033284_2022W18_NA_DNP,NFL,2022,18,2022_NFL_W18_CAR_NO,NFL_CAR,NFL_P_00-0033284,OL,,UNKNOWN,DNP,Not injury related - resting player,2023-01-07,nflverse,,2026-09-07T05:46:50.365367+00:00,2023-01-07T00:00:00
NFL_CAR_00-0034365_2022W18_NA_DNP,NFL,2022,18,2022_NFL_W18_CAR_NO,NFL_CAR,NFL_P_00-0034365,TE,,UNKNOWN,DNP,Not injury related - personal matter,2023-01-07,nflverse,,2026-09-07T05:46:50.365367+00:00,2023-01-07T00:00:00
NFL_CAR_00-0036288_2022W18_QUESTIONABLE_NA,NFL,2022,18,2022_NFL_W18_CAR_NO,NFL_CAR,NFL_P_00-0036288,EDGE,,QUESTIONABLE,,Hamstring,2023-01-07,nflverse,,2026-09-07T05:46:50.365367+00:00,2023-01-07T00:00:00
NFL_CAR_00-0035713_2022W18_QUESTIONABLE_DNP,NFL,2022,18,2022_NFL_W18_CAR_NO,NFL_CAR,NFL_P_00-0035713,EDGE,,QUESTIONABLE,DNP,Ankle,2023-01-07,nflverse,,2026-09-07T05:46:50.365367+00:00,2023-01-07T00:00:00
NFL_CAR_00-0032781_2022W18_QUESTIONABLE_DNP,NFL,2022,18,2022_NFL_W18_CAR_NO,NFL_CAR,NFL_P_00-0032781,DL,,QUESTIONABLE,DNP,Back,2023-01-07,nflverse,,2026-09-07T05:46:50.365367+00:00,2023-01-07T00:00:00
NFL_CAR_00-0033925_2022W18_QUESTIONABLE_LP,NFL,2022,18,2022_NFL_W18_CAR_NO,NFL_CAR,NFL_P_00-0033925,RB,,QUESTIONABLE,LP,Knee,2023-01-07,nflverse,,2026-09-07T05:46:50.365367+00:00,2023-01-07T00:00:00
NFL_CAR_00-0034372_2022W18_QUESTIONABLE_LP,NFL,2022,18,2022_NFL_W18_CAR_NO,NFL_CAR,NFL_P_00-0034372,LB,,QUESTIONABLE,LP,Hamstring,2023-01-07,nflverse,,2026-09-07T05:46:50.365367+00:00,2023-01-07T00:00:00
NFL_CHI_00-0036945_2022W18_OUT_DNP,NFL,2022,18,2022_NFL_W18_MIN_CHI,NFL_CHI,NFL_P_00-0036945,QB,,OUT,DNP,Hip,2023-01-07,nflverse,,2026-09-07T05:46:50.365367+00:00,2023-01-07T00:00:00
NFL_CHI_00-0037106_2022W18_OUT_DNP,NFL,2022,18,2022_NFL_W18_MIN_CHI,NFL_CHI,NFL_P_00-0037106,CB,,OUT,DNP,Concussion,2023-01-07,nflverse,,2026-09-07T05:46:50.365367+00:00,2023-01-07T00:00:00
NFL_CHI_00-0037406_2022W18_OUT_DNP,NFL,2022,18,2022_NFL_W18_MIN_CHI,NFL_CHI,NFL_P_00-0037406,LB,,OUT,DNP,Illness,2023-01-07,nflverse,,2026-09-07T05:46:50.365367+00:00,2023-01-07T00:00:00
NFL_CHI_00-0032107_2022W18_QUESTIONABLE_DNP,NFL,2022,18,2022_NFL_W18_MIN_CHI,NFL_CHI,NFL_P_00-0032107,DL,,QUESTIONABLE,DNP,Illness,2023-01-07,nflverse,,2026-09-07T05:46:50.365367+00:00,2023-01-07T00:00:00
NFL_CHI_00-0036419_2022W18_QUESTIONABLE_DNP,NFL,2022,18,2022_NFL_W18_MIN_CHI,NFL_CHI,NFL_P_00-0036419,EDGE,,QUESTIONABLE,DNP,Not injury related - personal matter,2023-01-07,nflverse,,2026-09-07T05:46:50.365367+00:00,2023-01-07T00:00:00
NFL_CHI_00-0038111_2022W18_QUESTIONABLE_LP,NFL,2022,18,2022_NFL_W18_MIN_CHI,NFL_CHI,NFL_P_00-0038111,CB,,QUESTIONABLE,LP,Groin,2023-01-07,nflverse,,2026-09-07T05:46:50.365367+00:00,2023-01-07T00:00:00
NFL_CIN_00-0032379_2022W18_QUESTIONABLE_FP,NFL,2022,18,2022_NFL_W18_BAL_CIN,NFL_CIN,NFL_P_00-0032379,CB,,QUESTIONABLE,FP,Neck,2023-01-07,nflverse,,2026-09-07T05:46:50.365367+00:00,2023-01-07T00:00:00
NFL_CLE_00-0031426_2022W18_NA_DNP,NFL,2022,18,2022_NFL_W18_CLE_PIT,NFL_CLE,NFL_P_00-0031426,OL,,UNKNOWN,DNP,Not injury related - resting player,2023-01-07,nflverse,,2026-09-07T05:46:50.365367+00:00,2023-01-07T00:00:00
NFL_CLE_00-0031544_2022W18_NA_LP,NFL,2022,18,2022_NFL_W18_CLE_PIT,NFL_CLE,NFL_P_00-0031544,WR,,UNKNOWN,LP,Not injury related - resting player,2023-01-07,nflverse,,2026-09-07T05:46:50.365367+00:00,2023-01-07T00:00:00
NFL_CLE_00-0035628_2022W18_NA_LP,NFL,2022,18,2022_NFL_W18_CLE_PIT,NFL_CLE,NFL_P_00-0035628,RB,,UNKNOWN,LP,Shoulder,2023-01-07,nflverse,,2026-09-07T05:46:50.365367+00:00,2023-01-07T00:00:00
NFL_CLE_00-0031364_2022W18_OUT_DNP,NFL,2022,18,2022_NFL_W18_CLE_PIT,NFL_CLE,NFL_P_00-0031364,EDGE,,OUT,DNP,Not injury related - other,2023-01-07,nflverse,,2026-09-07T05:46:50.365367+00:00,2023-01-07T00:00:00
NFL_CLE_00-0033057_2022W18_OUT_DNP,NFL,2022,18,2022_NFL_W18_CLE_PIT,NFL_CLE,NFL_P_00-0033057,OL,,OUT,DNP,Ankle,2023-01-07,nflverse,,2026-09-07T05:46:50.365367+00:00,2023-01-07T00:00:00
NFL_CLE_00-0037314_2022W18_OUT_DNP,NFL,2022,18,2022_NFL_W18_CLE_PIT,NFL_CLE,NFL_P_00-0037314,EDGE,,OUT,DNP,Foot,2023-01-07,nflverse,,2026-09-07T05:46:50.365367+00:00,2023-01-07T00:00:00
NFL_CLE_00-0034856_2022W18_QUESTIONABLE_DNP,NFL,2022,18,2022_NFL_W18_CLE_PIT,NFL_CLE,NFL_P_00-0034856,CB,,QUESTIONABLE,DNP,Shoulder,2023-01-07,nflverse,,2026-09-07T05:46:50.365367+00:00,2023-01-07T00:00:00
NFL_DAL_00-0036376_2022W18_OUT_DNP,NFL,2022,18,2022_NFL_W18_DAL_WAS,NFL_DAL,NFL_P_00-0036376,OL,,OUT,DNP,Ankle,2023-01-07,nflverse,,2026-09-07T05:46:50.365367+00:00,2023-01-07T00:00:00
NFL_DAL_00-0034674_2022W18_OUT_LP,NFL,2022,18,2022_NFL_W18_DAL_WAS,NFL_DAL,NFL_P_00-0034674,LB,,OUT,LP,Neck,2023-01-07,nflverse,,2026-09-07T05:46:50.365367+00:00,2023-01-07T00:00:00
NFL_DAL_00-0035679_2022W18_QUESTIONABLE_NA,NFL,2022,18,2022_NFL_W18_DAL_WAS,NFL_DAL,NFL_P_00-0035679,OL,,QUESTIONABLE,,Illness,2023-01-07,nflverse,,2026-09-07T05:46:50.365367+00:00,2023-01-07T00:00:00
NFL_DAL_00-0037801_2022W18_QUESTIONABLE_DNP,NFL,2022,18,2022_NFL_W18_DAL_WAS,NFL_DAL,NFL_P_00-0037801,WR,,QUESTIONABLE,DNP,Illness,2023-01-07,nflverse,,2026-09-07T05:46:50.365367+00:00,2023-01-07T00:00:00
NFL_DEN_00-0034957_2022W18_OUT_DNP,NFL,2022,18,2022_NFL_W18_LAC_DEN,NFL_DEN,NFL_P_00-0034957,OL,,OUT,DNP,Ankle,2023-01-07,nflverse,,2026-09-07T05:46:50.365367+00:00,2023-01-07T00:00:00
NFL_DEN_00-0035864_2022W18_OUT_DNP,NFL,2022,18,2022_NFL_W18_LAC_DEN,NFL_DEN,NFL_P_00-0035864,WR,,OUT,DNP,Chest,2023-01-07,nflverse,,2026-09-07T05:46:50.365367+00:00,2023-01-07T00:00:00
NFL_DEN_00-0033297_2022W18_OUT_DNP,NFL,2022,18,2022_NFL_W18_LAC_DEN,NFL_DEN,NFL_P_00-0033297,DL,,OUT,DNP,Knee,2023-01-07,nflverse,,2026-09-07T05:46:50.365367+00:00,2023-01-07T00:00:00
NFL_DEN_00-0035754_2022W18_QUESTIONABLE_LP,NFL,2022,18,2022_NFL_W18_LAC_DEN,NFL_DEN,NFL_P_00-0035754,EDGE,,QUESTIONABLE,LP,Illness,2023-01-07,nflverse,,2026-09-07T05:46:50.365367+00:00,2023-01-07T00:00:00
NFL_DEN_00-0038105_2022W18_QUESTIONABLE_LP,NFL,2022,18,2022_NFL_W18_LAC_DEN,NFL_DEN,NFL_P_00-0038105,CB,,QUESTIONABLE,LP,Concussion,2023-01-07,nflverse,,2026-09-07T05:46:50.365367+00:00,2023-01-07T00:00:00
NFL_DEN_00-0033576_2022W18_QUESTIONABLE_LP,NFL,2022,18,2022_NFL_W18_LAC_DEN,NFL_DEN,NFL_P_00-0033576,TE,,QUESTIONABLE,LP,Knee,2023-01-07,nflverse,,2026-09-07T05:46:50.365367+00:00,2023-01-07T00:00:00
NFL_DEN_00-0031690_2022W18_QUESTIONABLE_LP,NFL,2022,18,2022_NFL_W18_LAC_DEN,NFL_DEN,NFL_P_00-0031690,TE,,QUESTIONABLE,LP,Ankle,2023-01-07,nflverse,,2026-09-07T05:46:50.365367+00:00,2023-01-07T00:00:00
NFL_DEN_00-0031433_2022W18_QUESTIONABLE_LP,NFL,2022,18,2022_NFL_W18_LAC_DEN,NFL_DEN,NFL_P_00-0031433,OL,,QUESTIONABLE,LP,Back,2023-01-07,nflverse,,2026-09-07T05:46:50.365367+00:00,2023-01-07T00:00:00
NFL_DET_00-0036736_2022W18_OUT_DNP,NFL,2022,18,2022_NFL_W18_DET_GB,NFL_DET,NFL_P_00-0036736,OL,,OUT,DNP,Ankle,2023-01-08,nflverse,,2026-09-07T05:46:50.365367+00:00,2023-01-08T00:00:00
NFL_DET_00-0029630_2022W18_QUESTIONABLE_DNP,NFL,2022,18,2022_NFL_W18_DET_GB,NFL_DET,NFL_P_00-0029630,EDGE,,QUESTIONABLE,DNP,Ankle,2023-01-08,nflverse,,2026-09-07T05:46:50.365367+00:00,2023-01-08T00:00:00
NFL_DET_00-0034171_2022W18_QUESTIONABLE_LP,NFL,2022,18,2022_NFL_W18_DET_GB,NFL_DET,NFL_P_00-0034171,RB,,QUESTIONABLE,LP,Knee,2023-01-08,nflverse,,2026-09-07T05:46:50.365367+00:00,2023-01-08T00:00:00
NFL_DET_00-0034277_2022W18_QUESTIONABLE_LP,NFL,2022,18,2022_NFL_W18_DET_GB,NFL_DET,NFL_P_00-0034277,S,,QUESTIONABLE,LP,Shoulder,2023-01-08,nflverse,,2026-09-07T05:46:50.365367+00:00,2023-01-08T00:00:00
NFL_DET_00-0036274_2022W18_QUESTIONABLE_LP,NFL,2022,18,2022_NFL_W18_DET_GB,NFL_DET,NFL_P_00-0036274,CB,,QUESTIONABLE,LP,Elbow,2023-01-08,nflverse,,2026-09-07T05:46:50.365367+00:00,2023-01-08T00:00:00
NFL_DET_00-0034345_2022W18_QUESTIONABLE_LP,NFL,2022,18,2022_NFL_W18_DET_GB,NFL_DET,NFL_P_00-0034345,OL,,QUESTIONABLE,LP,Foot,2023-01-08,nflverse,,2026-09-07T05:46:50.365367+00:00,2023-01-08T00:00:00
NFL_GB_00-0030074_2022W18_NA_LP,NFL,2022,18,2022_NFL_W18_DET_GB,NFL_GB,NFL_P_00-0030074,OL,,UNKNOWN,LP,Knee,2023-01-08,nflverse,,2026-09-07T05:46:50.365367+00:00,2023-01-08T00:00:00
NFL_GB_00-0035526_2022W18_NA_LP,NFL,2022,18,2022_NFL_W18_DET_GB,NFL_GB,NFL_P_00-0035526,OL,,UNKNOWN,LP,Knee,2023-01-08,nflverse,,2026-09-07T05:46:50.365367+00:00,2023-01-08T00:00:00
NFL_GB_00-0033293_2022W18_NA_LP,NFL,2022,18,2022_NFL_W18_DET_GB,NFL_GB,NFL_P_00-0033293,RB,,UNKNOWN,LP,Knee,2023-01-08,nflverse,,2026-09-07T05:46:50.365367+00:00,2023-01-08T00:00:00
NFL_GB_00-0035133_2022W18_NA_LP,NFL,2022,18,2022_NFL_W18_DET_GB,NFL_GB,NFL_P_00-0035133,CB,,UNKNOWN,LP,Groin,2023-01-08,nflverse,,2026-09-07T05:46:50.365367+00:00,2023-01-08T00:00:00
NFL_GB_00-0038124_2022W18_NA_LP,NFL,2022,18,2022_NFL_W18_DET_GB,NFL_GB,NFL_P_00-0038124,WR,,UNKNOWN,LP,Hip,2023-01-08,nflverse,,2026-09-07T05:46:50.365367+00:00,2023-01-08T00:00:00
NFL_GB_00-0036332_2022W18_QUESTIONABLE_LP,NFL,2022,18,2022_NFL_W18_DET_GB,NFL_GB,NFL_P_00-0036332,TE,,QUESTIONABLE,LP,Calf,2023-01-08,nflverse,,2026-09-07T05:46:50.365367+00:00,2023-01-08T00:00:00
NFL_HOU_00-0032208_2022W18_OUT_DNP,NFL,2022,18,2022_NFL_W18_HOU_IND,NFL_HOU,NFL_P_00-0032208,WR,,OUT,DNP,Hamstring,2023-01-07,nflverse,,2026-09-07T05:46:50.365367+00:00,2023-01-07T00:00:00
NFL_HOU_00-0036859_2022W18_OUT_DNP,NFL,2022,18,2022_NFL_W18_HOU_IND,NFL_HOU,NFL_P_00-0036859,OL,,OUT,DNP,Concussion,2023-01-07,nflverse,,2026-09-07T05:46:50.365367+00:00,2023-01-07T00:00:00
NFL_HOU_00-0032150_2022W18_QUESTIONABLE_DNP,NFL,2022,18,2022_NFL_W18_HOU_IND,NFL_HOU,NFL_P_00-0032150,CB,,QUESTIONABLE,DNP,Illness,2023-01-07,nflverse,,2026-09-07T05:46:50.365367+00:00,2023-01-07T00:00:00
NFL_HOU_00-0033879_2022W18_QUESTIONABLE_FP,NFL,2022,18,2022_NFL_W18_HOU_IND,NFL_HOU,NFL_P_00-0033879,TE,,QUESTIONABLE,FP,Hip,2023-01-07,nflverse,,2026-09-07T05:46:50.365367+00:00,2023-01-07T00:00:00
NFL_HOU_00-0034807_2022W18_QUESTIONABLE_LP,NFL,2022,18,2022_NFL_W18_HOU_IND,NFL_HOU,NFL_P_00-0034807,EDGE,,QUESTIONABLE,LP,Illness,2023-01-07,nflverse,,2026-09-07T05:46:50.365367+00:00,2023-01-07T00:00:00
NFL_IND_00-0029567_2022W18_OUT_DNP,NFL,2022,18,2022_NFL_W18_HOU_IND,NFL_IND,NFL_P_00-0029567,QB,,OUT,DNP,Ribs,2023-01-07,nflverse,,2026-09-07T05:46:50.365367+00:00,2023-01-07T00:00:00
NFL_IND_00-0036876_2022W18_OUT_DNP,NFL,2022,18,2022_NFL_W18_HOU_IND,NFL_IND,NFL_P_00-0036876,TE,,OUT,DNP,Ankle,2023-01-07,nflverse,,2026-09-07T05:46:50.365367+00:00,2023-01-07T00:00:00
NFL_IND_00-0029542_2022W18_QUESTIONABLE_DNP,NFL,2022,18,2022_NFL_W18_HOU_IND,NFL_IND,NFL_P_00-0029542,CB,,QUESTIONABLE,DNP,Wrist,2023-01-07,nflverse,,2026-09-07T05:46:50.365367+00:00,2023-01-07T00:00:00
NFL_IND_00-0034545_2022W18_QUESTIONABLE_FP,NFL,2022,18,2022_NFL_W18_HOU_IND,NFL_IND,NFL_P_00-0034545,CB,,QUESTIONABLE,FP,Concussion,2023-01-07,nflverse,,2026-09-07T05:46:50.365367+00:00,2023-01-07T00:00:00
NFL_JAX_00-0034275_2022W18_QUESTIONABLE_LP,NFL,2022,18,2022_NFL_W18_TEN_JAX,NFL_JAX,NFL_P_00-0034275,DL,,QUESTIONABLE,LP,Ankle,2023-01-07,nflverse,,2026-09-07T05:46:50.365367+00:00,2023-01-07T00:00:00
NFL_JAX_00-0033941_2022W18_QUESTIONABLE_LP,NFL,2022,18,2022_NFL_W18_TEN_JAX,NFL_JAX,NFL_P_00-0033941,S,,QUESTIONABLE,LP,Shoulder,2023-01-07,nflverse,,2026-09-07T05:46:50.365367+00:00,2023-01-07T00:00:00
NFL_JAX_00-0036971_2022W18_QUESTIONABLE_LP,NFL,2022,18,2022_NFL_W18_TEN_JAX,NFL_JAX,NFL_P_00-0036971,QB,,QUESTIONABLE,LP,Toe,2023-01-07,nflverse,,2026-09-07T05:46:50.365367+00:00,2023-01-07T00:00:00
NFL_JAX_00-0035827_2022W18_QUESTIONABLE_LP,NFL,2022,18,2022_NFL_W18_TEN_JAX,NFL_JAX,NFL_P_00-0035827,LS,,QUESTIONABLE,LP,Back,2023-01-07,nflverse,,2026-09-07T05:46:50.365367+00:00,2023-01-07T00:00:00
NFL_JAX_00-0032053_2022W18_QUESTIONABLE_LP,NFL,2022,18,2022_NFL_W18_TEN_JAX,NFL_JAX,NFL_P_00-0032053,OL,,QUESTIONABLE,LP,Abdomen,2023-01-07,nflverse,,2026-09-07T05:46:50.365367+00:00,2023-01-07T00:00:00
NFL_JAX_00-0037235_2022W18_QUESTIONABLE_LP,NFL,2022,18,2022_NFL_W18_TEN_JAX,NFL_JAX,NFL_P_00-0037235,LB,,QUESTIONABLE,LP,Ankle,2023-01-07,nflverse,,2026-09-07T05:46:50.365367+00:00,2023-01-07T00:00:00
NFL_JAX_00-0035378_2022W18_QUESTIONABLE_LP,NFL,2022,18,2022_NFL_W18_TEN_JAX,NFL_JAX,NFL_P_00-0035378,S,,QUESTIONABLE,LP,Shoulder,2023-01-07,nflverse,,2026-09-07T05:46:50.365367+00:00,2023-01-07T00:00:00
NFL_KC_00-0038090_2022W18_OUT_DNP,NFL,2022,18,2022_NFL_W18_KC_LV,NFL_KC,NFL_P_00-0038090,WR,,OUT,DNP,Hand,2023-01-06,nflverse,,2026-09-07T05:46:50.365367+00:00,2023-01-06T00:00:00
NFL_KC_00-0033303_2022W18_QUESTIONABLE_LP,NFL,2022,18,2022_NFL_W18_KC_LV,NFL_KC,NFL_P_00-0033303,K,,QUESTIONABLE,LP,Back,2023-01-06,nflverse,,2026-09-07T05:46:50.365367+00:00,2023-01-06T00:00:00
NFL_KC_00-0035140_2022W18_QUESTIONABLE_LP,NFL,2022,18,2022_NFL_W18_KC_LV,NFL_KC,NFL_P_00-0035140,WR,,QUESTIONABLE,LP,Pelvis,2023-01-06,nflverse,,2026-09-07T05:46:50.365367+00:00,2023-01-06T00:00:00
NFL_KC_00-0036374_2022W18_QUESTIONABLE_LP,NFL,2022,18,2022_NFL_W18_KC_LV,NFL_KC,NFL_P_00-0036374,CB,,QUESTIONABLE,LP,Hip,2023-01-06,nflverse,,2026-09-07T05:46:50.365367+00:00,2023-01-06T00:00:00
NFL_KC_00-0032391_2022W18_QUESTIONABLE_LP,NFL,2022,18,2022_NFL_W18_KC_LV,NFL_KC,NFL_P_00-0032391,OL,,QUESTIONABLE,LP,Ankle,2023-01-06,nflverse,,2026-09-07T05:46:50.365367+00:00,2023-01-06T00:00:00
NFL_LAR_00-0034804_2022W18_OUT_DNP,NFL,2022,18,2022_NFL_W18_LAR_SEA,NFL_LAR,NFL_P_00-0034804,OL,,OUT,DNP,Calf,2023-01-07,nflverse,,2026-09-07T05:46:50.365367+00:00,2023-01-07T00:00:00
NFL_LAR_00-0031388_2022W18_OUT_DNP,NFL,2022,18,2022_NFL_W18_LAR_SEA,NFL_LAR,NFL_P_00-0031388,DL,,OUT,DNP,Ankle,2023-01-07,nflverse,,2026-09-07T05:46:50.365367+00:00,2023-01-07T00:00:00
NFL_LAR_00-0035669_2022W18_OUT_DNP,NFL,2022,18,2022_NFL_W18_LAR_SEA,NFL_LAR,NFL_P_00-0035669,S,,OUT,DNP,Shoulder,2023-01-07,nflverse,,2026-09-07T05:46:50.365367+00:00,2023-01-07T00:00:00
NFL_LAR_00-0036862_2022W18_OUT_DNP,NFL,2022,18,2022_NFL_W18_LAR_SEA,NFL_LAR,NFL_P_00-0036862,WR,,OUT,DNP,Calf,2023-01-07,nflverse,,2026-09-07T05:46:50.365367+00:00,2023-01-07T00:00:00
NFL_LAC_00-0037331_2022W18_QUESTIONABLE_LP,NFL,2022,18,2022_NFL_W18_LAC_DEN,NFL_LAC,NFL_P_00-0037331,RB,,QUESTIONABLE,LP,Ankle,2023-01-07,nflverse,,2026-09-07T05:46:50.365367+00:00,2023-01-07T00:00:00
NFL_LV_00-0037503_2022W18_OUT_DNP,NFL,2022,18,2022_NFL_W18_KC_LV,NFL_LV,NFL_P_00-0037503,LB,,OUT,DNP,Concussion,2023-01-06,nflverse,,2026-09-07T05:46:50.365367+00:00,2023-01-06T00:00:00
NFL_LV_00-0035700_2022W18_QUESTIONABLE_DNP,NFL,2022,18,2022_NFL_W18_KC_LV,NFL_LV,NFL_P_00-0035700,RB,,QUESTIONABLE,DNP,Hip,2023-01-06,nflverse,,2026-09-07T05:46:50.365367+00:00,2023-01-06T00:00:00
NFL_MIA_00-0030584_2022W18_NA_DNP,NFL,2022,18,2022_NFL_W18_NYJ_MIA,NFL_MIA,NFL_P_00-0030584,OL,,UNKNOWN,DNP,Calf,2023-01-07,nflverse,,2026-09-07T05:46:50.365367+00:00,2023-01-07T00:00:00
NFL_MIA_00-0029249_2022W18_NA_DNP,NFL,2022,18,2022_NFL_W18_NYJ_MIA,NFL_MIA,NFL_P_00-0029249,LB,,UNKNOWN,DNP,Not injury related - resting player,2023-01-07,nflverse,,2026-09-07T05:46:50.365367+00:00,2023-01-07T00:00:00
NFL_MIA_00-0031687_2022W18_NA_LP,NFL,2022,18,2022_NFL_W18_NYJ_MIA,NFL_MIA,NFL_P_00-0031687,RB,,UNKNOWN,LP,Not injury related - resting player,2023-01-07,nflverse,,2026-09-07T05:46:50.365367+00:00,2023-01-07T00:00:00
NFL_MIA_00-0036212_2022W18_OUT_DNP,NFL,2022,18,2022_NFL_W18_NYJ_MIA,NFL_MIA,NFL_P_00-0036212,QB,,OUT,DNP,Concussion,2023-01-07,nflverse,,2026-09-07T05:46:50.365367+00:00,2023-01-07T00:00:00
NFL_MIA_00-0030067_2022W18_DOUBTFUL_DNP,NFL,2022,18,2022_NFL_W18_NYJ_MIA,NFL_MIA,NFL_P_00-0030067,OL,,DOUBTFUL,DNP,"Toe, Pec, Knee, Hip",2023-01-07,nflverse,,2026-09-07T05:46:50.365367+00:00,2023-01-07T00:00:00
NFL_MIA_00-0031921_2022W18_DOUBTFUL_DNP,NFL,2022,18,2022_NFL_W18_NYJ_MIA,NFL_MIA,NFL_P_00-0031921,OL,,DOUBTFUL,DNP,Ankle,2023-01-07,nflverse,,2026-09-07T05:46:50.365367+00:00,2023-01-07T00:00:00
NFL_MIA_00-0034418_2022W18_DOUBTFUL_DNP,NFL,2022,18,2022_NFL_W18_NYJ_MIA,NFL_MIA,NFL_P_00-0034418,WR,,DOUBTFUL,DNP,Hip,2023-01-07,nflverse,,2026-09-07T05:46:50.365367+00:00,2023-01-07T00:00:00
NFL_MIA_00-0031237_2022W18_QUESTIONABLE_LP,NFL,2022,18,2022_NFL_W18_NYJ_MIA,NFL_MIA,NFL_P_00-0031237,QB,,QUESTIONABLE,LP,Knee,2023-01-07,nflverse,,2026-09-07T05:46:50.365367+00:00,2023-01-07T00:00:00
NFL_MIA_00-0034832_2022W18_QUESTIONABLE_LP,NFL,2022,18,2022_NFL_W18_NYJ_MIA,NFL_MIA,NFL_P_00-0034832,LB,,QUESTIONABLE,LP,Ankle,2023-01-07,nflverse,,2026-09-07T05:46:50.365367+00:00,2023-01-07T00:00:00
NFL_MIA_00-0033050_2022W18_QUESTIONABLE_LP,NFL,2022,18,2022_NFL_W18_NYJ_MIA,NFL_MIA,NFL_P_00-0033050,CB,,QUESTIONABLE,LP,Knee,2023-01-07,nflverse,,2026-09-07T05:46:50.365367+00:00,2023-01-07T00:00:00
NFL_MIA_00-0035125_2022W18_QUESTIONABLE_LP,NFL,2022,18,2022_NFL_W18_NYJ_MIA,NFL_MIA,NFL_P_00-0035125,RB,,QUESTIONABLE,LP,Thumb,2023-01-07,nflverse,,2026-09-07T05:46:50.365367+00:00,2023-01-07T00:00:00
NFL_MIA_00-0031555_2022W18_QUESTIONABLE_LP,NFL,2022,18,2022_NFL_W18_NYJ_MIA,NFL_MIA,NFL_P_00-0031555,S,,QUESTIONABLE,LP,Quadricep,2023-01-07,nflverse,,2026-09-07T05:46:50.365367+00:00,2023-01-07T00:00:00
NFL_MIN_00-0029606_2022W18_OUT_NA,NFL,2022,18,2022_NFL_W18_MIN_CHI,NFL_MIN,NFL_P_00-0029606,S,,OUT,,Knee,2023-01-07,nflverse,,2026-09-07T05:46:50.365367+00:00,2023-01-07T00:00:00
NFL_MIN_00-0035588_2022W18_OUT_DNP,NFL,2022,18,2022_NFL_W18_MIN_CHI,NFL_MIN,NFL_P_00-0035588,OL,,OUT,DNP,Back,2023-01-07,nflverse,,2026-09-07T05:46:50.365367+00:00,2023-01-07T00:00:00
NFL_MIN_00-0036337_2022W18_OUT_DNP,NFL,2022,18,2022_NFL_W18_MIN_CHI,NFL_MIN,NFL_P_00-0036337,DL,,OUT,DNP,Shoulder,2023-01-07,nflverse,,2026-09-07T05:46:50.365367+00:00,2023-01-07T00:00:00
NFL_MIN_00-0031576_2022W18_QUESTIONABLE_DNP,NFL,2022,18,2022_NFL_W18_MIN_CHI,NFL_MIN,NFL_P_00-0031576,EDGE,,QUESTIONABLE,DNP,Not injury related - personal matter,2023-01-07,nflverse,,2026-09-07T05:46:50.365367+00:00,2023-01-07T00:00:00
NFL_MIN_00-0037822_2022W18_QUESTIONABLE_LP,NFL,2022,18,2022_NFL_W18_MIN_CHI,NFL_MIN,NFL_P_00-0037822,LB,,QUESTIONABLE,LP,Knee,2023-01-07,nflverse,,2026-09-07T05:46:50.365367+00:00,2023-01-07T00:00:00
NFL_MIN_00-0036330_2022W18_QUESTIONABLE_LP,NFL,2022,18,2022_NFL_W18_MIN_CHI,NFL_MIN,NFL_P_00-0036330,CB,,QUESTIONABLE,LP,Ankle,2023-01-07,nflverse,,2026-09-07T05:46:50.365367+00:00,2023-01-07T00:00:00
NFL_NE_00-0032580_2022W18_QUESTIONABLE_LP,NFL,2022,18,2022_NFL_W18_NE_BUF,NFL_NE,NFL_P_00-0032580,CB,,QUESTIONABLE,LP,Chest,2023-01-07,nflverse,,2026-09-07T05:46:50.365367+00:00,2023-01-07T00:00:00
NFL_NE_00-0034960_2022W18_QUESTIONABLE_LP,NFL,2022,18,2022_NFL_W18_NE_BUF,NFL_NE,NFL_P_00-0034960,WR,,QUESTIONABLE,LP,Shoulder,2023-01-07,nflverse,,2026-09-07T05:46:50.365367+00:00,2023-01-07T00:00:00
NFL_NE_00-0032803_2022W18_QUESTIONABLE_LP,NFL,2022,18,2022_NFL_W18_NE_BUF,NFL_NE,NFL_P_00-0032803,CB,,QUESTIONABLE,LP,Groin,2023-01-07,nflverse,,2026-09-07T05:46:50.365367+00:00,2023-01-07T00:00:00
NFL_NE_00-0037205_2022W18_QUESTIONABLE_LP,NFL,2022,18,2022_NFL_W18_NE_BUF,NFL_NE,NFL_P_00-0037205,S,,QUESTIONABLE,LP,Hip,2023-01-07,nflverse,,2026-09-07T05:46:50.365367+00:00,2023-01-07T00:00:00
NFL_NE_00-0033858_2022W18_QUESTIONABLE_LP,NFL,2022,18,2022_NFL_W18_NE_BUF,NFL_NE,NFL_P_00-0033858,TE,,QUESTIONABLE,LP,Concussion,2023-01-07,nflverse,,2026-09-07T05:46:50.365367+00:00,2023-01-07T00:00:00
NFL_NO_00-0032450_2022W18_NA_DNP,NFL,2022,18,2022_NFL_W18_CAR_NO,NFL_NO,NFL_P_00-0032450,RB,,UNKNOWN,DNP,Illness,2023-01-07,nflverse,,2026-09-07T05:46:50.365367+00:00,2023-01-07T00:00:00
NFL_NO_00-0036937_2022W18_OUT_DNP,NFL,2022,18,2022_NFL_W18_CAR_NO,NFL_NO,NFL_P_00-0036937,CB,,OUT,DNP,Hamstring,2023-01-07,nflverse,,2026-09-07T05:46:50.365367+00:00,2023-01-07T00:00:00
NFL_NO_00-0032203_2022W18_OUT_DNP,NFL,2022,18,2022_NFL_W18_CAR_NO,NFL_NO,NFL_P_00-0032203,OL,,OUT,DNP,Ankle,2023-01-07,nflverse,,2026-09-07T05:46:50.365367+00:00,2023-01-07T00:00:00
NFL_NO_00-0033898_2022W18_QUESTIONABLE_LP,NFL,2022,18,2022_NFL_W18_CAR_NO,NFL_NO,NFL_P_00-0033898,S,,QUESTIONABLE,LP,Shoulder,2023-01-07,nflverse,,2026-09-07T05:46:50.365367+00:00,2023-01-07T00:00:00
NFL_NO_00-0033357_2022W18_QUESTIONABLE_LP,NFL,2022,18,2022_NFL_W18_CAR_NO,NFL_NO,NFL_P_00-0033357,TE,,QUESTIONABLE,LP,Back,2023-01-07,nflverse,,2026-09-07T05:46:50.365367+00:00,2023-01-07T00:00:00
NFL_NO_00-0030694_2022W18_QUESTIONABLE_LP,NFL,2022,18,2022_NFL_W18_CAR_NO,NFL_NO,NFL_P_00-0030694,OL,,QUESTIONABLE,LP,Foot,2023-01-07,nflverse,,2026-09-07T05:46:50.365367+00:00,2023-01-07T00:00:00
NFL_NO_00-0036040_2022W18_QUESTIONABLE_LP,NFL,2022,18,2022_NFL_W18_CAR_NO,NFL_NO,NFL_P_00-0036040,TE,,QUESTIONABLE,LP,Quadricep,2023-01-07,nflverse,,2026-09-07T05:46:50.365367+00:00,2023-01-07T00:00:00
NFL_NO_00-0033892_2022W18_QUESTIONABLE_LP,NFL,2022,18,2022_NFL_W18_CAR_NO,NFL_NO,NFL_P_00-0033892,S,,QUESTIONABLE,LP,Shoulder,2023-01-07,nflverse,,2026-09-07T05:46:50.365367+00:00,2023-01-07T00:00:00
NFL_NO_00-0033888_2022W18_QUESTIONABLE_LP,NFL,2022,18,2022_NFL_W18_CAR_NO,NFL_NO,NFL_P_00-0033888,OL,,QUESTIONABLE,LP,Not injury related - resting player,2023-01-07,nflverse,,2026-09-07T05:46:50.365367+00:00,2023-01-07T00:00:00
NFL_NO_00-0034999_2022W18_QUESTIONABLE_LP,NFL,2022,18,2022_NFL_W18_CAR_NO,NFL_NO,NFL_P_00-0034999,LB,,QUESTIONABLE,LP,Oblique,2023-01-07,nflverse,,2026-09-07T05:46:50.365367+00:00,2023-01-07T00:00:00
NFL_NYG_00-0036552_2022W18_OUT_DNP,NFL,2022,18,2022_NFL_W18_NYG_PHI,NFL_NYG,NFL_P_00-0036552,LB,,OUT,DNP,Ankle,2023-01-07,nflverse,,2026-09-07T05:46:50.365367+00:00,2023-01-07T00:00:00
NFL_NYG_00-0031933_2022W18_OUT_DNP,NFL,2022,18,2022_NFL_W18_NYG_PHI,NFL_NYG,NFL_P_00-0031933,DL,,OUT,DNP,Neck,2023-01-07,nflverse,,2026-09-07T05:46:50.365367+00:00,2023-01-07T00:00:00
NFL_NYG_00-0033878_2022W18_DOUBTFUL_LP,NFL,2022,18,2022_NFL_W18_NYG_PHI,NFL_NYG,NFL_P_00-0033878,CB,,DOUBTFUL,LP,Knee,2023-01-07,nflverse,,2026-09-07T05:46:50.365367+00:00,2023-01-07T00:00:00
NFL_NYG_00-0032151_2022W18_QUESTIONABLE_LP,NFL,2022,18,2022_NFL_W18_NYG_PHI,NFL_NYG,NFL_P_00-0032151,OL,,QUESTIONABLE,LP,Back,2023-01-07,nflverse,,2026-09-07T05:46:50.365367+00:00,2023-01-07T00:00:00
NFL_NYJ_00-0026166_2022W18_OUT_DNP,NFL,2022,18,2022_NFL_W18_NYJ_MIA,NFL_NYJ,NFL_P_00-0026166,OL,,OUT,DNP,Shoulder,2023-01-07,nflverse,,2026-09-07T05:46:50.365367+00:00,2023-01-07T00:00:00
NFL_NYJ_00-0036504_2022W18_OUT_DNP,NFL,2022,18,2022_NFL_W18_NYJ_MIA,NFL_NYJ,NFL_P_00-0036504,CB,,OUT,DNP,Quadricep,2023-01-07,nflverse,,2026-09-07T05:46:50.365367+00:00,2023-01-07T00:00:00
NFL_NYJ_00-0032466_2022W18_OUT_DNP,NFL,2022,18,2022_NFL_W18_NYJ_MIA,NFL_NYJ,NFL_P_00-0032466,OL,,OUT,DNP,Knee,2023-01-07,nflverse,,2026-09-07T05:46:50.365367+00:00,2023-01-07T00:00:00
NFL_NYJ_00-0035383_2022W18_OUT_DNP,NFL,2022,18,2022_NFL_W18_NYJ_MIA,NFL_NYJ,NFL_P_00-0035383,OL,,OUT,DNP,Calf,2023-01-07,nflverse,,2026-09-07T05:46:50.365367+00:00,2023-01-07T00:00:00
NFL_NYJ_00-0031389_2022W18_OUT_DNP,NFL,2022,18,2022_NFL_W18_NYJ_MIA,NFL_NYJ,NFL_P_00-0031389,S,,OUT,DNP,Hip,2023-01-07,nflverse,,2026-09-07T05:46:50.365367+00:00,2023-01-07T00:00:00
NFL_NYJ_00-0032134_2022W18_QUESTIONABLE_DNP,NFL,2022,18,2022_NFL_W18_NYJ_MIA,NFL_NYJ,NFL_P_00-0032134,TE,,QUESTIONABLE,DNP,Ankle,2023-01-07,nflverse,,2026-09-07T05:46:50.365367+00:00,2023-01-07T00:00:00
NFL_NYJ_00-0036329_2022W18_QUESTIONABLE_LP,NFL,2022,18,2022_NFL_W18_NYJ_MIA,NFL_NYJ,NFL_P_00-0036329,S,,QUESTIONABLE,LP,Ankle,2023-01-07,nflverse,,2026-09-07T05:46:50.365367+00:00,2023-01-07T00:00:00
NFL_NYJ_00-0031022_2022W18_QUESTIONABLE_LP,NFL,2022,18,2022_NFL_W18_NYJ_MIA,NFL_NYJ,NFL_P_00-0031022,OL,,QUESTIONABLE,LP,Knee,2023-01-07,nflverse,,2026-09-07T05:46:50.365367+00:00,2023-01-07T00:00:00
NFL_NYJ_00-0034401_2022W18_QUESTIONABLE_LP,NFL,2022,18,2022_NFL_W18_NYJ_MIA,NFL_NYJ,NFL_P_00-0034401,QB,,QUESTIONABLE,LP,Rib,2023-01-07,nflverse,,2026-09-07T05:46:50.365367+00:00,2023-01-07T00:00:00
NFL_NYJ_00-0034374_2022W18_QUESTIONABLE_LP,NFL,2022,18,2022_NFL_W18_NYJ_MIA,NFL_NYJ,NFL_P_00-0034374,S,,QUESTIONABLE,LP,Hamstring,2023-01-07,nflverse,,2026-09-07T05:46:50.365367+00:00,2023-01-07T00:00:00
NFL_PHI_00-0032890_2022W18_NA_LP,NFL,2022,18,2022_NFL_W18_NYG_PHI,NFL_PHI,NFL_P_00-0032890,CB,,UNKNOWN,LP,Not injury related - resting player,2023-01-07,nflverse,,2026-09-07T05:46:50.365367+00:00,2023-01-07T00:00:00
NFL_PHI_00-0035676_2022W18_NA_LP,NFL,2022,18,2022_NFL_W18_NYG_PHI,NFL_PHI,NFL_P_00-0035676,WR,,UNKNOWN,LP,Not injury related - resting player,2023-01-07,nflverse,,2026-09-07T05:46:50.365367+00:00,2023-01-07T00:00:00
NFL_PHI_00-0029653_2022W18_NA_LP,NFL,2022,18,2022_NFL_W18_NYG_PHI,NFL_PHI,NFL_P_00-0029653,DL,,UNKNOWN,LP,Not injury related - resting player,2023-01-07,nflverse,,2026-09-07T05:46:50.365367+00:00,2023-01-07T00:00:00
NFL_PHI_00-0037002_2022W18_NA_LP,NFL,2022,18,2022_NFL_W18_NYG_PHI,NFL_PHI,NFL_P_00-0037002,OL,,UNKNOWN,LP,Not injury related - resting player,2023-01-07,nflverse,,2026-09-07T05:46:50.365367+00:00,2023-01-07T00:00:00
NFL_PHI_00-0027865_2022W18_NA_LP,NFL,2022,18,2022_NFL_W18_NYG_PHI,NFL_PHI,NFL_P_00-0027865,EDGE,,UNKNOWN,LP,Not injury related - resting player,2023-01-07,nflverse,,2026-09-07T05:46:50.365367+00:00,2023-01-07T00:00:00
NFL_PHI_00-0028129_2022W18_NA_LP,NFL,2022,18,2022_NFL_W18_NYG_PHI,NFL_PHI,NFL_P_00-0028129,OL,,UNKNOWN,LP,Not injury related - resting player,2023-01-07,nflverse,,2026-09-07T05:46:50.365367+00:00,2023-01-07T00:00:00
NFL_PHI_00-0032954_2022W18_NA_LP,NFL,2022,18,2022_NFL_W18_NYG_PHI,NFL_PHI,NFL_P_00-0032954,OL,,UNKNOWN,LP,Not injury related - resting player,2023-01-07,nflverse,,2026-09-07T05:46:50.365367+00:00,2023-01-07T00:00:00
NFL_PHI_00-0030062_2022W18_NA_LP,NFL,2022,18,2022_NFL_W18_NYG_PHI,NFL_PHI,NFL_P_00-0030062,CB,,UNKNOWN,LP,Not injury related - resting player,2023-01-07,nflverse,,2026-09-07T05:46:50.365367+00:00,2023-01-07T00:00:00
NFL_PHI_00-0036401_2022W18_OUT_DNP,NFL,2022,18,2022_NFL_W18_NYG_PHI,NFL_PHI,NFL_P_00-0036401,LB,,OUT,DNP,Wrist,2023-01-07,nflverse,,2026-09-07T05:46:50.365367+00:00,2023-01-07T00:00:00
NFL_PHI_00-0030561_2022W18_OUT_DNP,NFL,2022,18,2022_NFL_W18_NYG_PHI,NFL_PHI,NFL_P_00-0030561,OL,,OUT,DNP,Groin,2023-01-07,nflverse,,2026-09-07T05:46:50.365367+00:00,2023-01-07T00:00:00
NFL_PHI_00-0034377_2022W18_OUT_DNP,NFL,2022,18,2022_NFL_W18_NYG_PHI,NFL_PHI,NFL_P_00-0034377,CB,,OUT,DNP,Toe,2023-01-07,nflverse,,2026-09-07T05:46:50.365367+00:00,2023-01-07T00:00:00
NFL_PHI_00-0036878_2022W18_OUT_DNP,NFL,2022,18,2022_NFL_W18_NYG_PHI,NFL_PHI,NFL_P_00-0036878,EDGE,,OUT,DNP,Ankle,2023-01-07,nflverse,,2026-09-07T05:46:50.365367+00:00,2023-01-07T00:00:00
NFL_PHI_00-0034381_2022W18_OUT_DNP,NFL,2022,18,2022_NFL_W18_NYG_PHI,NFL_PHI,NFL_P_00-0034381,EDGE,,OUT,DNP,Neck,2023-01-07,nflverse,,2026-09-07T05:46:50.365367+00:00,2023-01-07T00:00:00
NFL_PHI_00-0036389_2022W18_QUESTIONABLE_LP,NFL,2022,18,2022_NFL_W18_NYG_PHI,NFL_PHI,NFL_P_00-0036389,QB,,QUESTIONABLE,LP,right Shoulder,2023-01-07,nflverse,,2026-09-07T05:46:50.365367+00:00,2023-01-07T00:00:00
NFL_PIT_00-0036846_2022W18_OUT_DNP,NFL,2022,18,2022_NFL_W18_CLE_PIT,NFL_PIT,NFL_P_00-0036846,S,,OUT,DNP,Hamstring,2023-01-07,nflverse,,2026-09-07T05:46:50.365367+00:00,2023-01-07T00:00:00
NFL_PIT_00-0034789_2022W18_QUESTIONABLE_LP,NFL,2022,18,2022_NFL_W18_CLE_PIT,NFL_PIT,NFL_P_00-0034789,S,,QUESTIONABLE,LP,Ankle,2023-01-07,nflverse,,2026-09-07T05:46:50.365367+00:00,2023-01-07T00:00:00
NFL_PIT_00-0032968_2022W18_QUESTIONABLE_LP,NFL,2022,18,2022_NFL_W18_CLE_PIT,NFL_PIT,NFL_P_00-0032968,LB,,QUESTIONABLE,LP,Groin,2023-01-07,nflverse,,2026-09-07T05:46:50.365367+00:00,2023-01-07T00:00:00
NFL_SEA_00-0036425_2022W18_NA_LP,NFL,2022,18,2022_NFL_W18_LAR_SEA,NFL_SEA,NFL_P_00-0036425,RB,,UNKNOWN,LP,Ankle,2023-01-07,nflverse,,2026-09-07T05:46:50.365367+00:00,2023-01-07T00:00:00
NFL_SEA_00-0035644_2022W18_NA_LP,NFL,2022,18,2022_NFL_W18_LAR_SEA,NFL_SEA,NFL_P_00-0035644,TE,,UNKNOWN,LP,Knee,2023-01-07,nflverse,,2026-09-07T05:46:50.365367+00:00,2023-01-07T00:00:00
NFL_SEA_00-0035594_2022W18_DOUBTFUL_DNP,NFL,2022,18,2022_NFL_W18_LAR_SEA,NFL_SEA,NFL_P_00-0035594,RB,,DOUBTFUL,DNP,Ankle,2023-01-07,nflverse,,2026-09-07T05:46:50.365367+00:00,2023-01-07T00:00:00
NFL_SEA_00-0035141_2022W18_QUESTIONABLE_DNP,NFL,2022,18,2022_NFL_W18_LAR_SEA,NFL_SEA,NFL_P_00-0035141,OL,,QUESTIONABLE,DNP,Ankle,2023-01-07,nflverse,,2026-09-07T05:46:50.365367+00:00,2023-01-07T00:00:00
NFL_SEA_00-0032416_2022W18_QUESTIONABLE_DNP,NFL,2022,18,2022_NFL_W18_LAR_SEA,NFL_SEA,NFL_P_00-0032416,EDGE,,QUESTIONABLE,DNP,Illness,2023-01-07,nflverse,,2026-09-07T05:46:50.365367+00:00,2023-01-07T00:00:00
NFL_SEA_00-0036417_2022W18_QUESTIONABLE_DNP,NFL,2022,18,2022_NFL_W18_LAR_SEA,NFL_SEA,NFL_P_00-0036417,OL,,QUESTIONABLE,DNP,Ankle,2023-01-07,nflverse,,2026-09-07T05:46:50.365367+00:00,2023-01-07T00:00:00
NFL_SEA_00-0034527_2022W18_QUESTIONABLE_DNP,NFL,2022,18,2022_NFL_W18_LAR_SEA,NFL_SEA,NFL_P_00-0034527,S,,QUESTIONABLE,DNP,Knee,2023-01-07,nflverse,,2026-09-07T05:46:50.365367+00:00,2023-01-07T00:00:00
NFL_SEA_00-0032211_2022W18_QUESTIONABLE_LP,NFL,2022,18,2022_NFL_W18_LAR_SEA,NFL_SEA,NFL_P_00-0032211,WR,,QUESTIONABLE,LP,Shin,2023-01-07,nflverse,,2026-09-07T05:46:50.365367+00:00,2023-01-07T00:00:00
NFL_SF_00-0036551_2022W18_OUT_DNP,NFL,2022,18,2022_NFL_W18_ARI_SF,NFL_SF,NFL_P_00-0036551,OL,,OUT,DNP,Ankle,2023-01-07,nflverse,,2026-09-07T05:46:50.365367+00:00,2023-01-07T00:00:00
NFL_SF_00-0031345_2022W18_OUT_DNP,NFL,2022,18,2022_NFL_W18_ARI_SF,NFL_SF,NFL_P_00-0031345,QB,,OUT,DNP,Foot,2023-01-07,nflverse,,2026-09-07T05:46:50.365367+00:00,2023-01-07T00:00:00
NFL_SF_00-0034982_2022W18_OUT_DNP,NFL,2022,18,2022_NFL_W18_ARI_SF,NFL_SF,NFL_P_00-0034982,LB,,OUT,DNP,Back,2023-01-07,nflverse,,2026-09-07T05:46:50.365367+00:00,2023-01-07T00:00:00
NFL_SF_00-0037008_2022W18_OUT_DNP,NFL,2022,18,2022_NFL_W18_ARI_SF,NFL_SF,NFL_P_00-0037008,CB,,OUT,DNP,Ankle,2023-01-07,nflverse,,2026-09-07T05:46:50.365367+00:00,2023-01-07T00:00:00
NFL_SF_00-0035026_2022W18_OUT_LP,NFL,2022,18,2022_NFL_W18_ARI_SF,NFL_SF,NFL_P_00-0035026,DL,,OUT,LP,Knee,2023-01-07,nflverse,,2026-09-07T05:46:50.365367+00:00,2023-01-07T00:00:00
NFL_SF_00-0032164_2022W18_QUESTIONABLE_DNP,NFL,2022,18,2022_NFL_W18_ARI_SF,NFL_SF,NFL_P_00-0032164,DL,,QUESTIONABLE,DNP,Foot,2023-01-07,nflverse,,2026-09-07T05:46:50.365367+00:00,2023-01-07T00:00:00
NFL_SF_00-0036260_2022W18_QUESTIONABLE_LP,NFL,2022,18,2022_NFL_W18_ARI_SF,NFL_SF,NFL_P_00-0036260,DL,,QUESTIONABLE,LP,Illness,2023-01-07,nflverse,,2026-09-07T05:46:50.365367+00:00,2023-01-07T00:00:00
NFL_TB_00-0029562_2022W18_NA_DNP,NFL,2022,18,2022_NFL_W18_TB_ATL,NFL_TB,NFL_P_00-0029562,LB,,UNKNOWN,DNP,Not injury related - resting player,2023-01-07,nflverse,,2026-09-07T05:46:50.365367+00:00,2023-01-07T00:00:00
NFL_TB_00-0029657_2022W18_NA_DNP,NFL,2022,18,2022_NFL_W18_TB_ATL,NFL_TB,NFL_P_00-0029657,DL,,UNKNOWN,DNP,Not injury related - resting player,2023-01-07,nflverse,,2026-09-07T05:46:50.365367+00:00,2023-01-07T00:00:00
NFL_TB_00-0034778_2022W18_OUT_DNP,NFL,2022,18,2022_NFL_W18_TB_ATL,NFL_TB,NFL_P_00-0034778,CB,,OUT,DNP,Shoulder,2023-01-07,nflverse,,2026-09-07T05:46:50.365367+00:00,2023-01-07T00:00:00
NFL_TB_00-0030411_2022W18_OUT_DNP,NFL,2022,18,2022_NFL_W18_TB_ATL,NFL_TB,NFL_P_00-0030411,S,,OUT,DNP,Knee,2023-01-07,nflverse,,2026-09-07T05:46:50.365367+00:00,2023-01-07T00:00:00
NFL_TB_00-0032217_2022W18_OUT_DNP,NFL,2022,18,2022_NFL_W18_TB_ATL,NFL_TB,NFL_P_00-0032217,OL,,OUT,DNP,Foot,2023-01-07,nflverse,,2026-09-07T05:46:50.365367+00:00,2023-01-07T00:00:00
NFL_TB_00-0034773_2022W18_OUT_DNP,NFL,2022,18,2022_NFL_W18_TB_ATL,NFL_TB,NFL_P_00-0034773,DL,,OUT,DNP,Calf,2023-01-07,nflverse,,2026-09-07T05:46:50.365367+00:00,2023-01-07T00:00:00
NFL_TB_00-0033129_2022W18_OUT_LP,NFL,2022,18,2022_NFL_W18_TB_ATL,NFL_TB,NFL_P_00-0033129,LB,,OUT,LP,Pectoral,2023-01-07,nflverse,,2026-09-07T05:46:50.365367+00:00,2023-01-07T00:00:00
NFL_TB_00-0035699_2022W18_QUESTIONABLE_FP,NFL,2022,18,2022_NFL_W18_TB_ATL,NFL_TB,NFL_P_00-0035699,CB,,QUESTIONABLE,FP,Toe,2023-01-07,nflverse,,2026-09-07T05:46:50.365367+00:00,2023-01-07T00:00:00
NFL_TB_00-0035681_2022W18_QUESTIONABLE_LP,NFL,2022,18,2022_NFL_W18_TB_ATL,NFL_TB,NFL_P_00-0035681,S,,QUESTIONABLE,LP,Hamstring,2023-01-07,nflverse,,2026-09-07T05:46:50.365367+00:00,2023-01-07T00:00:00
NFL_TB_00-0027944_2022W18_QUESTIONABLE_LP,NFL,2022,18,2022_NFL_W18_TB_ATL,NFL_TB,NFL_P_00-0027944,WR,,QUESTIONABLE,LP,Knee,2023-01-07,nflverse,,2026-09-07T05:46:50.365367+00:00,2023-01-07T00:00:00
NFL_TEN_00-0035643_2022W18_NA_LP,NFL,2022,18,2022_NFL_W18_TEN_JAX,NFL_TEN,NFL_P_00-0035643,DL,,UNKNOWN,LP,Ankle,2023-01-07,nflverse,,2026-09-07T05:46:50.365367+00:00,2023-01-07T00:00:00
NFL_TEN_00-0034388_2022W18_OUT_DNP,NFL,2022,18,2022_NFL_W18_TEN_JAX,NFL_TEN,NFL_P_00-0034388,CB,,OUT,DNP,Hamstring,2023-01-07,nflverse,,2026-09-07T05:46:50.365367+00:00,2023-01-07T00:00:00
NFL_TEN_00-0037742_2022W18_QUESTIONABLE_DNP,NFL,2022,18,2022_NFL_W18_TEN_JAX,NFL_TEN,NFL_P_00-0037742,WR,,QUESTIONABLE,DNP,Groin,2023-01-07,nflverse,,2026-09-07T05:46:50.365367+00:00,2023-01-07T00:00:00
NFL_TEN_00-0035632_2022W18_QUESTIONABLE_DNP,NFL,2022,18,2022_NFL_W18_TEN_JAX,NFL_TEN,NFL_P_00-0035632,S,,QUESTIONABLE,DNP,Knee,2023-01-07,nflverse,,2026-09-07T05:46:50.365367+00:00,2023-01-07T00:00:00
NFL_TEN_00-0033765_2022W18_QUESTIONABLE_LP,NFL,2022,18,2022_NFL_W18_TEN_JAX,NFL_TEN,NFL_P_00-0033765,LB,,QUESTIONABLE,LP,Ankle,2023-01-07,nflverse,,2026-09-07T05:46:50.365367+00:00,2023-01-07T00:00:00
NFL_TEN_00-0036416_2022W18_QUESTIONABLE_LP,NFL,2022,18,2022_NFL_W18_TEN_JAX,NFL_TEN,NFL_P_00-0036416,CB,,QUESTIONABLE,LP,Groin,2023-01-07,nflverse,,2026-09-07T05:46:50.365367+00:00,2023-01-07T00:00:00
NFL_TEN_00-0037754_2022W18_QUESTIONABLE_LP,NFL,2022,18,2022_NFL_W18_TEN_JAX,NFL_TEN,NFL_P_00-0037754,OL,,QUESTIONABLE,LP,Ankle,2023-01-07,nflverse,,2026-09-07T05:46:50.365367+00:00,2023-01-07T00:00:00
NFL_WAS_00-0036328_2022W18_NA_DNP,NFL,2022,18,2022_NFL_W18_DAL_WAS,NFL_WAS,NFL_P_00-0036328,RB,,UNKNOWN,DNP,Knee,2023-01-07,nflverse,,2026-09-07T05:46:50.365367+00:00,2023-01-07T00:00:00
NFL_WAS_00-0033523_2022W18_OUT_DNP,NFL,2022,18,2022_NFL_W18_DAL_WAS,NFL_WAS,NFL_P_00-0033523,DL,,OUT,DNP,Knee,2023-01-07,nflverse,,2026-09-07T05:46:50.365367+00:00,2023-01-07T00:00:00
NFL_WAS_00-0036334_2022W18_OUT_DNP,NFL,2022,18,2022_NFL_W18_DAL_WAS,NFL_WAS,NFL_P_00-0036334,OL,,OUT,DNP,Concussion,2023-01-07,nflverse,,2026-09-07T05:46:50.365367+00:00,2023-01-07T00:00:00
NFL_WAS_00-0030725_2022W18_OUT_DNP,NFL,2022,18,2022_NFL_W18_DAL_WAS,NFL_WAS,NFL_P_00-0030725,OL,,OUT,DNP,Ankle,2023-01-07,nflverse,,2026-09-07T05:46:50.365367+00:00,2023-01-07T00:00:00
NFL_WAS_00-0037746_2022W18_OUT_DNP,NFL,2022,18,2022_NFL_W18_DAL_WAS,NFL_WAS,NFL_P_00-0037746,RB,,OUT,DNP,Knee,2023-01-07,nflverse,,2026-09-07T05:46:50.365367+00:00,2023-01-07T00:00:00
NFL_WAS_00-0036351_2022W18_OUT_DNP,NFL,2022,18,2022_NFL_W18_DAL_WAS,NFL_WAS,NFL_P_00-0036351,EDGE,,OUT,DNP,Concussion,2023-01-07,nflverse,,2026-09-07T05:46:50.365367+00:00,2023-01-07T00:00:00
NFL_WAS_00-0036625_2022W18_OUT_DNP,NFL,2022,18,2022_NFL_W18_DAL_WAS,NFL_WAS,NFL_P_00-0036625,CB,,OUT,DNP,Ankle,2023-01-07,nflverse,,2026-09-07T05:46:50.365367+00:00,2023-01-07T00:00:00
NFL_WAS_00-0036349_2022W18_QUESTIONABLE_DNP,NFL,2022,18,2022_NFL_W18_DAL_WAS,NFL_WAS,NFL_P_00-0036349,S,,QUESTIONABLE,DNP,Ankle,2023-01-07,nflverse,,2026-09-07T05:46:50.365367+00:00,2023-01-07T00:00:00
NFL_WAS_00-0036614_2022W18_QUESTIONABLE_DNP,NFL,2022,18,2022_NFL_W18_DAL_WAS,NFL_WAS,NFL_P_00-0036614,LB,,QUESTIONABLE,DNP,Knee,2023-01-07,nflverse,,2026-09-07T05:46:50.365367+00:00,2023-01-07T00:00:00
NFL_WAS_00-0031122_2022W18_QUESTIONABLE_DNP,NFL,2022,18,2022_NFL_W18_DAL_WAS,NFL_WAS,NFL_P_00-0031122,OL,,QUESTIONABLE,DNP,Hip,2023-01-07,nflverse,,2026-09-07T05:46:50.365367+00:00,2023-01-07T00:00:00
NFL_WAS_00-0033577_2022W18_QUESTIONABLE_LP,NFL,2022,18,2022_NFL_W18_DAL_WAS,NFL_WAS,NFL_P_00-0033577,LB,,QUESTIONABLE,LP,Illness,2023-01-07,nflverse,,2026-09-07T05:46:50.365367+00:00,2023-01-07T00:00:00
NFL_BAL_00-0026190_2022W19_NA_DNP,NFL,2022,19,2022_NFL_P19_BAL_CIN,NFL_BAL,NFL_P_00-0026190,EDGE,,UNKNOWN,DNP,Not injury related - resting player,2023-01-15,nflverse,,2026-09-07T05:46:50.365367+00:00,2023-01-15T00:00:00
NFL_BAL_00-0028008_2022W19_NA_DNP,NFL,2022,19,2022_NFL_P19_BAL_CIN,NFL_BAL,NFL_P_00-0028008,LB,,UNKNOWN,DNP,Not injury related - resting player,2023-01-15,nflverse,,2026-09-07T05:46:50.365367+00:00,2023-01-15T00:00:00
NFL_BAL_00-0032165_2022W19_NA_DNP,NFL,2022,19,2022_NFL_P19_BAL_CIN,NFL_BAL,NFL_P_00-0032165,CB,,UNKNOWN,DNP,Calf,2023-01-15,nflverse,,2026-09-07T05:46:50.365367+00:00,2023-01-15T00:00:00
NFL_BAL_00-0027867_2022W19_NA_DNP,NFL,2022,19,2022_NFL_P19_BAL_CIN,NFL_BAL,NFL_P_00-0027867,EDGE,,UNKNOWN,DNP,Not injury related - resting player,2023-01-15,nflverse,,2026-09-07T05:46:50.365367+00:00,2023-01-15T00:00:00
NFL_BAL_00-0034978_2022W19_NA_DNP,NFL,2022,19,2022_NFL_P19_BAL_CIN,NFL_BAL,NFL_P_00-0034978,OL,,UNKNOWN,DNP,Not injury related - resting player,2023-01-15,nflverse,,2026-09-07T05:46:50.365367+00:00,2023-01-15T00:00:00
NFL_BAL_00-0032965_2022W19_NA_DNP,NFL,2022,19,2022_NFL_P19_BAL_CIN,NFL_BAL,NFL_P_00-0032965,OL,,UNKNOWN,DNP,Not injury related - resting player,2023-01-15,nflverse,,2026-09-07T05:46:50.365367+00:00,2023-01-15T00:00:00
NFL_BAL_00-0034796_2022W19_OUT_DNP,NFL,2022,19,2022_NFL_P19_BAL_CIN,NFL_BAL,NFL_P_00-0034796,QB,,OUT,DNP,Knee,2023-01-15,nflverse,,2026-09-07T05:46:50.365367+00:00,2023-01-15T00:00:00
NFL_BAL_00-0036987_2022W19_OUT_DNP,NFL,2022,19,2022_NFL_P19_BAL_CIN,NFL_BAL,NFL_P_00-0036987,CB,,OUT,DNP,Illness,2023-01-15,nflverse,,2026-09-07T05:46:50.365367+00:00,2023-01-15T00:00:00
NFL_BAL_00-0036630_2022W19_OUT_DNP,NFL,2022,19,2022_NFL_P19_BAL_CIN,NFL_BAL,NFL_P_00-0036630,WR,,OUT,DNP,Hamstring,2023-01-15,nflverse,,2026-09-07T05:46:50.365367+00:00,2023-01-15T00:00:00
NFL_BAL_00-0035992_2022W19_OUT_FP,NFL,2022,19,2022_NFL_P19_BAL_CIN,NFL_BAL,NFL_P_00-0035992,OL,,OUT,FP,Illness,2023-01-15,nflverse,,2026-09-07T05:46:50.365367+00:00,2023-01-15T00:00:00
NFL_BAL_00-0035993_2022W19_QUESTIONABLE_FP,NFL,2022,19,2022_NFL_P19_BAL_CIN,NFL_BAL,NFL_P_00-0035993,QB,,QUESTIONABLE,FP,right Shoulder,2023-01-15,nflverse,,2026-09-07T05:46:50.365367+00:00,2023-01-15T00:00:00
NFL_BUF_00-0031588_2022W19_NA_DNP,NFL,2022,19,2022_NFL_P19_MIA_BUF,NFL_BUF,NFL_P_00-0031588,WR,,UNKNOWN,DNP,Not injury related - resting player,2023-01-14,nflverse,,2026-09-07T05:46:50.365367+00:00,2023-01-14T00:00:00
NFL_BUF_00-0028063_2022W19_NA_DNP,NFL,2022,19,2022_NFL_P19_MIA_BUF,NFL_BUF,NFL_P_00-0028063,RB,,UNKNOWN,DNP,Not injury related - resting player,2023-01-14,nflverse,,2026-09-07T05:46:50.365367+00:00,2023-01-14T00:00:00
NFL_BUF_00-0028986_2022W19_NA_DNP,NFL,2022,19,2022_NFL_P19_MIA_BUF,NFL_BUF,NFL_P_00-0028986,QB,,UNKNOWN,DNP,Not injury related - resting player,2023-01-14,nflverse,,2026-09-07T05:46:50.365367+00:00,2023-01-14T00:00:00
NFL_BUF_00-0027648_2022W19_NA_DNP,NFL,2022,19,2022_NFL_P19_MIA_BUF,NFL_BUF,NFL_P_00-0027648,OL,,UNKNOWN,DNP,Not injury related - resting player,2023-01-14,nflverse,,2026-09-07T05:46:50.365367+00:00,2023-01-14T00:00:00
NFL_BUF_00-0033466_2022W19_QUESTIONABLE_DNP,NFL,2022,19,2022_NFL_P19_MIA_BUF,NFL_BUF,NFL_P_00-0033466,WR,,QUESTIONABLE,DNP,Hamstring,2023-01-14,nflverse,,2026-09-07T05:46:50.365367+00:00,2023-01-14T00:00:00
NFL_BUF_00-0031557_2022W19_QUESTIONABLE_DNP,NFL,2022,19,2022_NFL_P19_MIA_BUF,NFL_BUF,NFL_P_00-0031557,EDGE,,QUESTIONABLE,DNP,Shoulder,2023-01-14,nflverse,,2026-09-07T05:46:50.365367+00:00,2023-01-14T00:00:00
NFL_CIN_00-0034678_2022W19_OUT_DNP,NFL,2022,19,2022_NFL_P19_BAL_CIN,NFL_CIN,NFL_P_00-0034678,OL,,OUT,DNP,Ankle,2023-01-15,nflverse,,2026-09-07T05:46:50.365367+00:00,2023-01-15T00:00:00
NFL_DAL_00-0036932_2022W19_NA_DNP,NFL,2022,19,2022_NFL_P19_DAL_TB,NFL_DAL,NFL_P_00-0036932,LB,,UNKNOWN,DNP,Not injury related - personal matter,2023-01-16,nflverse,,2026-09-07T05:46:50.365367+00:00,2023-01-16T00:00:00
NFL_DAL_00-0035695_2022W19_OUT_DNP,NFL,2022,19,2022_NFL_P19_DAL_TB,NFL_DAL,NFL_P_00-0035695,CB,,OUT,DNP,Illness,2023-01-16,nflverse,,2026-09-07T05:46:50.365367+00:00,2023-01-16T00:00:00
NFL_JAX_00-0033572_2022W19_QUESTIONABLE_LP,NFL,2022,19,2022_NFL_P19_LAC_JAX,NFL_JAX,NFL_P_00-0033572,WR,,QUESTIONABLE,LP,Shoulder,2023-01-14,nflverse,,2026-09-07T05:46:50.365367+00:00,2023-01-14T00:00:00
NFL_JAX_00-0036971_2022W19_QUESTIONABLE_LP,NFL,2022,19,2022_NFL_P19_LAC_JAX,NFL_JAX,NFL_P_00-0036971,QB,,QUESTIONABLE,LP,Toe,2023-01-14,nflverse,,2026-09-07T05:46:50.365367+00:00,2023-01-14T00:00:00
NFL_JAX_00-0035827_2022W19_QUESTIONABLE_LP,NFL,2022,19,2022_NFL_P19_LAC_JAX,NFL_JAX,NFL_P_00-0035827,LS,,QUESTIONABLE,LP,Back,2023-01-14,nflverse,,2026-09-07T05:46:50.365367+00:00,2023-01-14T00:00:00
NFL_JAX_00-0037422_2022W19_QUESTIONABLE_LP,NFL,2022,19,2022_NFL_P19_LAC_JAX,NFL_JAX,NFL_P_00-0037422,WR,,QUESTIONABLE,LP,Shoulder,2023-01-14,nflverse,,2026-09-07T05:46:50.365367+00:00,2023-01-14T00:00:00
NFL_JAX_00-0032053_2022W19_QUESTIONABLE_LP,NFL,2022,19,2022_NFL_P19_LAC_JAX,NFL_JAX,NFL_P_00-0032053,OL,,QUESTIONABLE,LP,Abdomen,2023-01-14,nflverse,,2026-09-07T05:46:50.365367+00:00,2023-01-14T00:00:00
NFL_LAC_00-0033536_2022W19_QUESTIONABLE_DNP,NFL,2022,19,2022_NFL_P19_LAC_JAX,NFL_LAC,NFL_P_00-0033536,WR,,QUESTIONABLE,DNP,Back,2023-01-14,nflverse,,2026-09-07T05:46:50.365367+00:00,2023-01-14T00:00:00
NFL_MIA_00-0029249_2022W19_NA_DNP,NFL,2022,19,2022_NFL_P19_MIA_BUF,NFL_MIA,NFL_P_00-0029249,LB,,UNKNOWN,DNP,Not injury related - resting player,2023-01-14,nflverse,,2026-09-07T05:46:50.365367+00:00,2023-01-14T00:00:00
NFL_MIA_00-0031687_2022W19_OUT_DNP,NFL,2022,19,2022_NFL_P19_MIA_BUF,NFL_MIA,NFL_P_00-0031687,RB,,OUT,DNP,Thumb,2023-01-14,nflverse,,2026-09-07T05:46:50.365367+00:00,2023-01-14T00:00:00
NFL_MIA_00-0036212_2022W19_OUT_DNP,NFL,2022,19,2022_NFL_P19_MIA_BUF,NFL_MIA,NFL_P_00-0036212,QB,,OUT,DNP,Concussion,2023-01-14,nflverse,,2026-09-07T05:46:50.365367+00:00,2023-01-14T00:00:00
NFL_MIA_00-0037010_2022W19_DOUBTFUL_DNP,NFL,2022,19,2022_NFL_P19_MIA_BUF,NFL_MIA,NFL_P_00-0037010,OL,,DOUBTFUL,DNP,Hand,2023-01-14,nflverse,,2026-09-07T05:46:50.365367+00:00,2023-01-14T00:00:00
NFL_MIA_00-0032420_2022W19_QUESTIONABLE_DNP,NFL,2022,19,2022_NFL_P19_MIA_BUF,NFL_MIA,NFL_P_00-0032420,OL,,QUESTIONABLE,DNP,Knee,2023-01-14,nflverse,,2026-09-07T05:46:50.365367+00:00,2023-01-14T00:00:00
NFL_MIA_00-0034418_2022W19_QUESTIONABLE_FP,NFL,2022,19,2022_NFL_P19_MIA_BUF,NFL_MIA,NFL_P_00-0034418,WR,,QUESTIONABLE,FP,Hip,2023-01-14,nflverse,,2026-09-07T05:46:50.365367+00:00,2023-01-14T00:00:00
NFL_MIA_00-0030067_2022W19_QUESTIONABLE_LP,NFL,2022,19,2022_NFL_P19_MIA_BUF,NFL_MIA,NFL_P_00-0030067,OL,,QUESTIONABLE,LP,"toe, pec, knee, hip",2023-01-14,nflverse,,2026-09-07T05:46:50.365367+00:00,2023-01-14T00:00:00
NFL_MIA_00-0031237_2022W19_QUESTIONABLE_LP,NFL,2022,19,2022_NFL_P19_MIA_BUF,NFL_MIA,NFL_P_00-0031237,QB,,QUESTIONABLE,LP,Knee,2023-01-14,nflverse,,2026-09-07T05:46:50.365367+00:00,2023-01-14T00:00:00
NFL_MIA_00-0034832_2022W19_QUESTIONABLE_LP,NFL,2022,19,2022_NFL_P19_MIA_BUF,NFL_MIA,NFL_P_00-0034832,LB,,QUESTIONABLE,LP,Ankle,2023-01-14,nflverse,,2026-09-07T05:46:50.365367+00:00,2023-01-14T00:00:00
NFL_MIA_00-0035125_2022W19_QUESTIONABLE_LP,NFL,2022,19,2022_NFL_P19_MIA_BUF,NFL_MIA,NFL_P_00-0035125,RB,,QUESTIONABLE,LP,Thumb,2023-01-14,nflverse,,2026-09-07T05:46:50.365367+00:00,2023-01-14T00:00:00
NFL_MIA_00-0031921_2022W19_QUESTIONABLE_LP,NFL,2022,19,2022_NFL_P19_MIA_BUF,NFL_MIA,NFL_P_00-0031921,OL,,QUESTIONABLE,LP,Ankle,2023-01-14,nflverse,,2026-09-07T05:46:50.365367+00:00,2023-01-14T00:00:00
NFL_MIN_00-0036330_2022W19_QUESTIONABLE_DNP,NFL,2022,19,2022_NFL_P19_NYG_MIN,NFL_MIN,NFL_P_00-0036330,CB,,QUESTIONABLE,DNP,Ankle,2023-01-14,nflverse,,2026-09-07T05:46:50.365367+00:00,2023-01-14T00:00:00
NFL_MIN_00-0036842_2022W19_QUESTIONABLE_DNP,NFL,2022,19,2022_NFL_P19_NYG_MIN,NFL_MIN,NFL_P_00-0036842,RB,,QUESTIONABLE,DNP,Illness,2023-01-14,nflverse,,2026-09-07T05:46:50.365367+00:00,2023-01-14T00:00:00
NFL_MIN_00-0029606_2022W19_QUESTIONABLE_LP,NFL,2022,19,2022_NFL_P19_NYG_MIN,NFL_MIN,NFL_P_00-0029606,S,,QUESTIONABLE,LP,Knee,2023-01-14,nflverse,,2026-09-07T05:46:50.365367+00:00,2023-01-14T00:00:00
NFL_SEA_00-0035644_2022W19_NA_LP,NFL,2022,19,2022_NFL_P19_SEA_SF,NFL_SEA,NFL_P_00-0035644,TE,,UNKNOWN,LP,Knee,2023-01-13,nflverse,,2026-09-07T05:46:50.365367+00:00,2023-01-13T00:00:00
NFL_SEA_00-0032211_2022W19_NA_LP,NFL,2022,19,2022_NFL_P19_SEA_SF,NFL_SEA,NFL_P_00-0032211,WR,,UNKNOWN,LP,Shin,2023-01-13,nflverse,,2026-09-07T05:46:50.365367+00:00,2023-01-13T00:00:00
NFL_SEA_00-0034527_2022W19_NA_LP,NFL,2022,19,2022_NFL_P19_SEA_SF,NFL_SEA,NFL_P_00-0034527,S,,UNKNOWN,LP,Knee,2023-01-13,nflverse,,2026-09-07T05:46:50.365367+00:00,2023-01-13T00:00:00
NFL_SEA_00-0038134_2022W19_NA_LP,NFL,2022,19,2022_NFL_P19_SEA_SF,NFL_SEA,NFL_P_00-0038134,RB,,UNKNOWN,LP,Ankle,2023-01-13,nflverse,,2026-09-07T05:46:50.365367+00:00,2023-01-13T00:00:00
NFL_SEA_00-0035293_2022W19_QUESTIONABLE_DNP,NFL,2022,19,2022_NFL_P19_SEA_SF,NFL_SEA,NFL_P_00-0035293,CB,,QUESTIONABLE,DNP,Hamstring,2023-01-13,nflverse,,2026-09-07T05:46:50.365367+00:00,2023-01-13T00:00:00
NFL_SEA_00-0035141_2022W19_QUESTIONABLE_DNP,NFL,2022,19,2022_NFL_P19_SEA_SF,NFL_SEA,NFL_P_00-0035141,OL,,QUESTIONABLE,DNP,Ankle,2023-01-13,nflverse,,2026-09-07T05:46:50.365367+00:00,2023-01-13T00:00:00
NFL_SEA_00-0036425_2022W19_QUESTIONABLE_LP,NFL,2022,19,2022_NFL_P19_SEA_SF,NFL_SEA,NFL_P_00-0036425,RB,,QUESTIONABLE,LP,Ankle,2023-01-13,nflverse,,2026-09-07T05:46:50.365367+00:00,2023-01-13T00:00:00
NFL_SEA_00-0031270_2022W19_QUESTIONABLE_LP,NFL,2022,19,2022_NFL_P19_SEA_SF,NFL_SEA,NFL_P_00-0031270,EDGE,,QUESTIONABLE,LP,Knee,2023-01-13,nflverse,,2026-09-07T05:46:50.365367+00:00,2023-01-13T00:00:00
NFL_SF_00-0031345_2022W19_OUT_DNP,NFL,2022,19,2022_NFL_P19_SEA_SF,NFL_SF,NFL_P_00-0031345,QB,,OUT,DNP,Foot,2023-01-13,nflverse,,2026-09-07T05:46:50.365367+00:00,2023-01-13T00:00:00
NFL_SF_00-0037008_2022W19_OUT_DNP,NFL,2022,19,2022_NFL_P19_SEA_SF,NFL_SF,NFL_P_00-0037008,CB,,OUT,DNP,Ankle,2023-01-13,nflverse,,2026-09-07T05:46:50.365367+00:00,2023-01-13T00:00:00
NFL_TB_00-0036105_2022W19_DOUBTFUL_DNP,NFL,2022,19,2022_NFL_P19_DAL_TB,NFL_TB,NFL_P_00-0036105,OL,,DOUBTFUL,DNP,Knee,2023-01-16,nflverse,,2026-09-07T05:46:50.365367+00:00,2023-01-16T00:00:00
NFL_TB_00-0027981_2022W19_DOUBTFUL_DNP,NFL,2022,19,2022_NFL_P19_DAL_TB,NFL_TB,NFL_P_00-0027981,TE,,DOUBTFUL,DNP,Knee,2023-01-16,nflverse,,2026-09-07T05:46:50.365367+00:00,2023-01-16T00:00:00
NFL_TB_00-0034778_2022W19_QUESTIONABLE_FP,NFL,2022,19,2022_NFL_P19_DAL_TB,NFL_TB,NFL_P_00-0034778,CB,,QUESTIONABLE,FP,Shoulder,2023-01-16,nflverse,,2026-09-07T05:46:50.365367+00:00,2023-01-16T00:00:00
NFL_TB_00-0035681_2022W19_QUESTIONABLE_FP,NFL,2022,19,2022_NFL_P19_DAL_TB,NFL_TB,NFL_P_00-0035681,S,,QUESTIONABLE,FP,Hip,2023-01-16,nflverse,,2026-09-07T05:46:50.365367+00:00,2023-01-16T00:00:00
NFL_TB_00-0036048_2022W19_QUESTIONABLE_FP,NFL,2022,19,2022_NFL_P19_DAL_TB,NFL_TB,NFL_P_00-0036048,OL,,QUESTIONABLE,FP,Ankle,2023-01-16,nflverse,,2026-09-07T05:46:50.365367+00:00,2023-01-16T00:00:00
NFL_TB_00-0033129_2022W19_QUESTIONABLE_FP,NFL,2022,19,2022_NFL_P19_DAL_TB,NFL_TB,NFL_P_00-0033129,LB,,QUESTIONABLE,FP,Pectoral,2023-01-16,nflverse,,2026-09-07T05:46:50.365367+00:00,2023-01-16T00:00:00
NFL_TB_00-0032382_2022W19_QUESTIONABLE_FP,NFL,2022,19,2022_NFL_P19_DAL_TB,NFL_TB,NFL_P_00-0032382,S,,QUESTIONABLE,FP,Hip,2023-01-16,nflverse,,2026-09-07T05:46:50.365367+00:00,2023-01-16T00:00:00
NFL_TB_00-0030411_2022W19_QUESTIONABLE_FP,NFL,2022,19,2022_NFL_P19_DAL_TB,NFL_TB,NFL_P_00-0030411,S,,QUESTIONABLE,FP,Knee,2023-01-16,nflverse,,2026-09-07T05:46:50.365367+00:00,2023-01-16T00:00:00
NFL_TB_00-0032217_2022W19_QUESTIONABLE_FP,NFL,2022,19,2022_NFL_P19_DAL_TB,NFL_TB,NFL_P_00-0032217,OL,,QUESTIONABLE,FP,Foot,2023-01-16,nflverse,,2026-09-07T05:46:50.365367+00:00,2023-01-16T00:00:00
NFL_TB_00-0036985_2022W19_QUESTIONABLE_LP,NFL,2022,19,2022_NFL_P19_DAL_TB,NFL_TB,NFL_P_00-0036985,OL,,QUESTIONABLE,LP,Hamstring,2023-01-16,nflverse,,2026-09-07T05:46:50.365367+00:00,2023-01-16T00:00:00
NFL_TB_00-0034773_2022W19_QUESTIONABLE_LP,NFL,2022,19,2022_NFL_P19_DAL_TB,NFL_TB,NFL_P_00-0034773,DL,,QUESTIONABLE,LP,Calf,2023-01-16,nflverse,,2026-09-07T05:46:50.365367+00:00,2023-01-16T00:00:00
NFL_BUF_00-0031588_2022W20_NA_DNP,NFL,2022,20,2022_NFL_P20_CIN_BUF,NFL_BUF,NFL_P_00-0031588,WR,,UNKNOWN,DNP,Not injury related - resting player,2023-01-21,nflverse,,2026-09-07T05:46:50.365367+00:00,2023-01-21T00:00:00
NFL_BUF_00-0028063_2022W20_NA_DNP,NFL,2022,20,2022_NFL_P20_CIN_BUF,NFL_BUF,NFL_P_00-0028063,RB,,UNKNOWN,DNP,Not injury related - resting player,2023-01-21,nflverse,,2026-09-07T05:46:50.365367+00:00,2023-01-21T00:00:00
NFL_BUF_00-0031054_2022W20_QUESTIONABLE_LP,NFL,2022,20,2022_NFL_P20_CIN_BUF,NFL_BUF,NFL_P_00-0031054,DL,,QUESTIONABLE,LP,Calf,2023-01-21,nflverse,,2026-09-07T05:46:50.365367+00:00,2023-01-21T00:00:00
NFL_BUF_00-0031557_2022W20_QUESTIONABLE_LP,NFL,2022,20,2022_NFL_P20_CIN_BUF,NFL_BUF,NFL_P_00-0031557,EDGE,,QUESTIONABLE,LP,Shoulder,2023-01-21,nflverse,,2026-09-07T05:46:50.365367+00:00,2023-01-21T00:00:00
NFL_CIN_00-0034678_2022W20_OUT_DNP,NFL,2022,20,2022_NFL_P20_CIN_BUF,NFL_CIN,NFL_P_00-0034678,OL,,OUT,DNP,Ankle,2023-01-21,nflverse,,2026-09-07T05:46:50.365367+00:00,2023-01-21T00:00:00
NFL_CIN_00-0035629_2022W20_OUT_DNP,NFL,2022,20,2022_NFL_P20_CIN_BUF,NFL_CIN,NFL_P_00-0035629,OL,,OUT,DNP,Knee,2023-01-21,nflverse,,2026-09-07T05:46:50.365367+00:00,2023-01-21T00:00:00
NFL_CIN_00-0034756_2022W20_DOUBTFUL_LP,NFL,2022,20,2022_NFL_P20_CIN_BUF,NFL_CIN,NFL_P_00-0034756,CB,,DOUBTFUL,LP,Hamstring,2023-01-21,nflverse,,2026-09-07T05:46:50.365367+00:00,2023-01-21T00:00:00
NFL_DAL_00-0022531_2022W20_OUT_DNP,NFL,2022,20,2022_NFL_P20_DAL_SF,NFL_DAL,NFL_P_00-0022531,OL,,OUT,DNP,Hip,2023-01-21,nflverse,,2026-09-07T05:46:50.365367+00:00,2023-01-21T00:00:00
NFL_DAL_00-0032454_2022W20_QUESTIONABLE_LP,NFL,2022,20,2022_NFL_P20_DAL_SF,NFL_DAL,NFL_P_00-0032454,S,,QUESTIONABLE,LP,Knee,2023-01-21,nflverse,,2026-09-07T05:46:50.365367+00:00,2023-01-21T00:00:00
NFL_JAX_00-0033572_2022W20_QUESTIONABLE_LP,NFL,2022,20,2022_NFL_P20_JAX_KC,NFL_JAX,NFL_P_00-0033572,WR,,QUESTIONABLE,LP,Shoulder,2023-01-20,nflverse,,2026-09-07T05:46:50.365367+00:00,2023-01-20T00:00:00
NFL_JAX_00-0037814_2022W20_QUESTIONABLE_LP,NFL,2022,20,2022_NFL_P20_JAX_KC,NFL_JAX,NFL_P_00-0037814,OL,,QUESTIONABLE,LP,Back,2023-01-20,nflverse,,2026-09-07T05:46:50.365367+00:00,2023-01-20T00:00:00
NFL_JAX_00-0036971_2022W20_QUESTIONABLE_LP,NFL,2022,20,2022_NFL_P20_JAX_KC,NFL_JAX,NFL_P_00-0036971,QB,,QUESTIONABLE,LP,Toe,2023-01-20,nflverse,,2026-09-07T05:46:50.365367+00:00,2023-01-20T00:00:00
NFL_JAX_00-0035827_2022W20_QUESTIONABLE_LP,NFL,2022,20,2022_NFL_P20_JAX_KC,NFL_JAX,NFL_P_00-0035827,LS,,QUESTIONABLE,LP,Back,2023-01-20,nflverse,,2026-09-07T05:46:50.365367+00:00,2023-01-20T00:00:00
NFL_JAX_00-0037422_2022W20_QUESTIONABLE_LP,NFL,2022,20,2022_NFL_P20_JAX_KC,NFL_JAX,NFL_P_00-0037422,WR,,QUESTIONABLE,LP,Shoulder,2023-01-20,nflverse,,2026-09-07T05:46:50.365367+00:00,2023-01-20T00:00:00
NFL_JAX_00-0032053_2022W20_QUESTIONABLE_LP,NFL,2022,20,2022_NFL_P20_JAX_KC,NFL_JAX,NFL_P_00-0032053,OL,,QUESTIONABLE,LP,Abdomen,2023-01-20,nflverse,,2026-09-07T05:46:50.365367+00:00,2023-01-20T00:00:00
NFL_KC_00-0035140_2022W20_OUT_DNP,NFL,2022,20,2022_NFL_P20_JAX_KC,NFL_KC,NFL_P_00-0035140,WR,,OUT,DNP,Pelvis,2023-01-20,nflverse,,2026-09-07T05:46:50.365367+00:00,2023-01-20T00:00:00
NFL_NYG_00-0032262_2022W20_NA_LP,NFL,2022,20,2022_NFL_P20_NYG_PHI,NFL_NYG,NFL_P_00-0032262,LB,,UNKNOWN,LP,Ankle,2023-01-21,nflverse,,2026-09-07T05:46:50.365367+00:00,2023-01-21T00:00:00
NFL_NYG_00-0036165_2022W20_NA_LP,NFL,2022,20,2022_NFL_P20_NYG_PHI,NFL_NYG,NFL_P_00-0036165,WR,,UNKNOWN,LP,Ankle,2023-01-21,nflverse,,2026-09-07T05:46:50.365367+00:00,2023-01-21T00:00:00
NFL_NYG_00-0034974_2022W20_NA_LP,NFL,2022,20,2022_NFL_P20_NYG_PHI,NFL_NYG,NFL_P_00-0034974,S,,UNKNOWN,LP,Hamstring,2023-01-21,nflverse,,2026-09-07T05:46:50.365367+00:00,2023-01-21T00:00:00
NFL_NYG_00-0033918_2022W20_NA_LP,NFL,2022,20,2022_NFL_P20_NYG_PHI,NFL_NYG,NFL_P_00-0033918,CB,,UNKNOWN,LP,Hip,2023-01-21,nflverse,,2026-09-07T05:46:50.365367+00:00,2023-01-21T00:00:00
NFL_NYG_00-0036552_2022W20_QUESTIONABLE_LP,NFL,2022,20,2022_NFL_P20_NYG_PHI,NFL_NYG,NFL_P_00-0036552,LB,,QUESTIONABLE,LP,Quadricep,2023-01-21,nflverse,,2026-09-07T05:46:50.365367+00:00,2023-01-21T00:00:00
NFL_PHI_00-0032890_2022W20_NA_LP,NFL,2022,20,2022_NFL_P20_NYG_PHI,NFL_PHI,NFL_P_00-0032890,CB,,UNKNOWN,LP,Not injury related - resting player,2023-01-21,nflverse,,2026-09-07T05:46:50.365367+00:00,2023-01-21T00:00:00
NFL_PHI_00-0035676_2022W20_NA_LP,NFL,2022,20,2022_NFL_P20_NYG_PHI,NFL_PHI,NFL_P_00-0035676,WR,,UNKNOWN,LP,Not injury related - resting player,2023-01-21,nflverse,,2026-09-07T05:46:50.365367+00:00,2023-01-21T00:00:00
NFL_PHI_00-0029653_2022W20_NA_LP,NFL,2022,20,2022_NFL_P20_NYG_PHI,NFL_PHI,NFL_P_00-0029653,DL,,UNKNOWN,LP,Not injury related - resting player,2023-01-21,nflverse,,2026-09-07T05:46:50.365367+00:00,2023-01-21T00:00:00
NFL_PHI_00-0037002_2022W20_NA_LP,NFL,2022,20,2022_NFL_P20_NYG_PHI,NFL_PHI,NFL_P_00-0037002,OL,,UNKNOWN,LP,Not injury related - resting player,2023-01-21,nflverse,,2026-09-07T05:46:50.365367+00:00,2023-01-21T00:00:00
NFL_PHI_00-0027865_2022W20_NA_LP,NFL,2022,20,2022_NFL_P20_NYG_PHI,NFL_PHI,NFL_P_00-0027865,EDGE,,UNKNOWN,LP,Illness,2023-01-21,nflverse,,2026-09-07T05:46:50.365367+00:00,2023-01-21T00:00:00
NFL_PHI_00-0028129_2022W20_NA_LP,NFL,2022,20,2022_NFL_P20_NYG_PHI,NFL_PHI,NFL_P_00-0028129,OL,,UNKNOWN,LP,Not injury related - resting player,2023-01-21,nflverse,,2026-09-07T05:46:50.365367+00:00,2023-01-21T00:00:00
NFL_PHI_00-0032954_2022W20_NA_LP,NFL,2022,20,2022_NFL_P20_NYG_PHI,NFL_PHI,NFL_P_00-0032954,OL,,UNKNOWN,LP,Not injury related - resting player,2023-01-21,nflverse,,2026-09-07T05:46:50.365367+00:00,2023-01-21T00:00:00
NFL_PHI_00-0030062_2022W20_NA_LP,NFL,2022,20,2022_NFL_P20_NYG_PHI,NFL_PHI,NFL_P_00-0030062,CB,,UNKNOWN,LP,Not injury related - resting player,2023-01-21,nflverse,,2026-09-07T05:46:50.365367+00:00,2023-01-21T00:00:00
NFL_PHI_00-0034381_2022W20_NA_LP,NFL,2022,20,2022_NFL_P20_NYG_PHI,NFL_PHI,NFL_P_00-0034381,EDGE,,UNKNOWN,LP,Not injury related - resting player,2023-01-21,nflverse,,2026-09-07T05:46:50.365367+00:00,2023-01-21T00:00:00
NFL_PHI_00-0034377_2022W20_OUT_DNP,NFL,2022,20,2022_NFL_P20_NYG_PHI,NFL_PHI,NFL_P_00-0034377,CB,,OUT,DNP,Toe,2023-01-21,nflverse,,2026-09-07T05:46:50.365367+00:00,2023-01-21T00:00:00
NFL_SF_00-0031345_2022W20_OUT_DNP,NFL,2022,20,2022_NFL_P20_DAL_SF,NFL_SF,NFL_P_00-0031345,QB,,OUT,DNP,Foot,2023-01-21,nflverse,,2026-09-07T05:46:50.365367+00:00,2023-01-21T00:00:00
NFL_SF_00-0037008_2022W20_OUT_DNP,NFL,2022,20,2022_NFL_P20_DAL_SF,NFL_SF,NFL_P_00-0037008,CB,,OUT,DNP,Ankle,2023-01-21,nflverse,,2026-09-07T05:46:50.365367+00:00,2023-01-21T00:00:00
NFL_CIN_00-0034678_2022W21_OUT_DNP,NFL,2022,21,2022_NFL_P21_CIN_KC,NFL_CIN,NFL_P_00-0034678,OL,,OUT,DNP,Ankle,2023-01-28,nflverse,,2026-09-07T05:46:50.365367+00:00,2023-01-28T00:00:00
NFL_CIN_00-0035629_2022W21_OUT_DNP,NFL,2022,21,2022_NFL_P21_CIN_KC,NFL_CIN,NFL_P_00-0035629,OL,,OUT,DNP,Knee,2023-01-28,nflverse,,2026-09-07T05:46:50.365367+00:00,2023-01-28T00:00:00
NFL_KC_00-0036621_2022W21_NA_LP,NFL,2022,21,2022_NFL_P21_CIN_KC,NFL_KC,NFL_P_00-0036621,LB,,UNKNOWN,LP,Ankle,2023-01-28,nflverse,,2026-09-07T05:46:50.365367+00:00,2023-01-28T00:00:00
NFL_KC_00-0033857_2022W21_NA_LP,NFL,2022,21,2022_NFL_P21_CIN_KC,NFL_KC,NFL_P_00-0033857,WR,,UNKNOWN,LP,Knee,2023-01-28,nflverse,,2026-09-07T05:46:50.365367+00:00,2023-01-28T00:00:00
NFL_KC_00-0034386_2022W21_QUESTIONABLE_DNP,NFL,2022,21,2022_NFL_P21_CIN_KC,NFL_KC,NFL_P_00-0034386,WR,,QUESTIONABLE,DNP,Illness,2023-01-28,nflverse,,2026-09-07T05:46:50.365367+00:00,2023-01-28T00:00:00
NFL_KC_00-0030506_2022W21_QUESTIONABLE_FP,NFL,2022,21,2022_NFL_P21_CIN_KC,NFL_KC,NFL_P_00-0030506,TE,,QUESTIONABLE,FP,Back,2023-01-28,nflverse,,2026-09-07T05:46:50.365367+00:00,2023-01-28T00:00:00
NFL_KC_00-0035140_2022W21_QUESTIONABLE_LP,NFL,2022,21,2022_NFL_P21_CIN_KC,NFL_KC,NFL_P_00-0035140,WR,,QUESTIONABLE,LP,Pelvis,2023-01-28,nflverse,,2026-09-07T05:46:50.365367+00:00,2023-01-28T00:00:00
NFL_PHI_00-0032890_2022W21_NA_LP,NFL,2022,21,2022_NFL_P21_SF_PHI,NFL_PHI,NFL_P_00-0032890,CB,,UNKNOWN,LP,Not injury related - resting player,2023-01-28,nflverse,,2026-09-07T05:46:50.365367+00:00,2023-01-28T00:00:00
NFL_PHI_00-0035676_2022W21_NA_LP,NFL,2022,21,2022_NFL_P21_SF_PHI,NFL_PHI,NFL_P_00-0035676,WR,,UNKNOWN,LP,Not injury related - resting player,2023-01-28,nflverse,,2026-09-07T05:46:50.365367+00:00,2023-01-28T00:00:00
NFL_PHI_00-0029653_2022W21_NA_LP,NFL,2022,21,2022_NFL_P21_SF_PHI,NFL_PHI,NFL_P_00-0029653,DL,,UNKNOWN,LP,Not injury related - resting player,2023-01-28,nflverse,,2026-09-07T05:46:50.365367+00:00,2023-01-28T00:00:00
NFL_PHI_00-0037002_2022W21_NA_LP,NFL,2022,21,2022_NFL_P21_SF_PHI,NFL_PHI,NFL_P_00-0037002,OL,,UNKNOWN,LP,Not injury related - resting player,2023-01-28,nflverse,,2026-09-07T05:46:50.365367+00:00,2023-01-28T00:00:00
NFL_PHI_00-0035386_2022W21_NA_LP,NFL,2022,21,2022_NFL_P21_SF_PHI,NFL_PHI,NFL_P_00-0035386,LB,,UNKNOWN,LP,Ankle,2023-01-28,nflverse,,2026-09-07T05:46:50.365367+00:00,2023-01-28T00:00:00
NFL_PHI_00-0027865_2022W21_NA_LP,NFL,2022,21,2022_NFL_P21_SF_PHI,NFL_PHI,NFL_P_00-0027865,EDGE,,UNKNOWN,LP,Not injury related - resting player,2023-01-28,nflverse,,2026-09-07T05:46:50.365367+00:00,2023-01-28T00:00:00
NFL_PHI_00-0028129_2022W21_NA_LP,NFL,2022,21,2022_NFL_P21_SF_PHI,NFL_PHI,NFL_P_00-0028129,OL,,UNKNOWN,LP,Not injury related - resting player,2023-01-28,nflverse,,2026-09-07T05:46:50.365367+00:00,2023-01-28T00:00:00
NFL_PHI_00-0027952_2022W21_NA_LP,NFL,2022,21,2022_NFL_P21_SF_PHI,NFL_PHI,NFL_P_00-0027952,EDGE,,UNKNOWN,LP,Not injury related - resting player,2023-01-28,nflverse,,2026-09-07T05:46:50.365367+00:00,2023-01-28T00:00:00
NFL_PHI_00-0032954_2022W21_NA_LP,NFL,2022,21,2022_NFL_P21_SF_PHI,NFL_PHI,NFL_P_00-0032954,OL,,UNKNOWN,LP,Not injury related - resting player,2023-01-28,nflverse,,2026-09-07T05:46:50.365367+00:00,2023-01-28T00:00:00
NFL_PHI_00-0030062_2022W21_NA_LP,NFL,2022,21,2022_NFL_P21_SF_PHI,NFL_PHI,NFL_P_00-0030062,CB,,UNKNOWN,LP,Not injury related - resting player,2023-01-28,nflverse,,2026-09-07T05:46:50.365367+00:00,2023-01-28T00:00:00
NFL_PHI_00-0034381_2022W21_NA_LP,NFL,2022,21,2022_NFL_P21_SF_PHI,NFL_PHI,NFL_P_00-0034381,EDGE,,UNKNOWN,LP,Not injury related - resting player,2023-01-28,nflverse,,2026-09-07T05:46:50.365367+00:00,2023-01-28T00:00:00
NFL_SF_00-0031345_2022W21_OUT_DNP,NFL,2022,21,2022_NFL_P21_SF_PHI,NFL_SF,NFL_P_00-0031345,QB,,OUT,DNP,Foot,2023-01-28,nflverse,,2026-09-07T05:46:50.365367+00:00,2023-01-28T00:00:00
NFL_SF_00-0036567_2022W21_QUESTIONABLE_DNP,NFL,2022,21,2022_NFL_P21_SF_PHI,NFL_SF,NFL_P_00-0036567,RB,,QUESTIONABLE,DNP,Groin,2023-01-28,nflverse,,2026-09-07T05:46:50.365367+00:00,2023-01-28T00:00:00
NFL_SF_00-0037008_2022W21_QUESTIONABLE_LP,NFL,2022,21,2022_NFL_P21_SF_PHI,NFL_SF,NFL_P_00-0037008,CB,,QUESTIONABLE,LP,Ankle,2023-01-28,nflverse,,2026-09-07T05:46:50.365367+00:00,2023-01-28T00:00:00
NFL_PHI_00-0032890_2022W22_NA_LP,NFL,2022,22,2022_NFL_P22_KC_PHI,NFL_PHI,NFL_P_00-0032890,CB,,UNKNOWN,LP,Not injury related - resting player,2023-02-11,nflverse,,2026-09-07T05:46:50.365367+00:00,2023-02-11T00:00:00
NFL_PHI_00-0035676_2022W22_NA_LP,NFL,2022,22,2022_NFL_P22_KC_PHI,NFL_PHI,NFL_P_00-0035676,WR,,UNKNOWN,LP,Not injury related - resting player,2023-02-11,nflverse,,2026-09-07T05:46:50.365367+00:00,2023-02-11T00:00:00
NFL_PHI_00-0029653_2022W22_NA_LP,NFL,2022,22,2022_NFL_P22_KC_PHI,NFL_PHI,NFL_P_00-0029653,DL,,UNKNOWN,LP,Not injury related - resting player,2023-02-11,nflverse,,2026-09-07T05:46:50.365367+00:00,2023-02-11T00:00:00
NFL_PHI_00-0027865_2022W22_NA_LP,NFL,2022,22,2022_NFL_P22_KC_PHI,NFL_PHI,NFL_P_00-0027865,EDGE,,UNKNOWN,LP,Not injury related - resting player,2023-02-11,nflverse,,2026-09-07T05:46:50.365367+00:00,2023-02-11T00:00:00
NFL_PHI_00-0028129_2022W22_NA_LP,NFL,2022,22,2022_NFL_P22_KC_PHI,NFL_PHI,NFL_P_00-0028129,OL,,UNKNOWN,LP,Not injury related - resting player,2023-02-11,nflverse,,2026-09-07T05:46:50.365367+00:00,2023-02-11T00:00:00
NFL_PHI_00-0032954_2022W22_NA_LP,NFL,2022,22,2022_NFL_P22_KC_PHI,NFL_PHI,NFL_P_00-0032954,OL,,UNKNOWN,LP,Not injury related - resting player,2023-02-11,nflverse,,2026-09-07T05:46:50.365367+00:00,2023-02-11T00:00:00
NFL_PHI_00-0030062_2022W22_NA_LP,NFL,2022,22,2022_NFL_P22_KC_PHI,NFL_PHI,NFL_P_00-0030062,CB,,UNKNOWN,LP,Not injury related - resting player,2023-02-11,nflverse,,2026-09-07T05:46:50.365367+00:00,2023-02-11T00:00:00
NFL_PHI_00-0034381_2022W22_NA_LP,NFL,2022,22,2022_NFL_P22_KC_PHI,NFL_PHI,NFL_P_00-0034381,EDGE,,UNKNOWN,LP,Not injury related - resting player,2023-02-11,nflverse,,2026-09-07T05:46:50.365367+00:00,2023-02-11T00:00:00
NFL_PHI_00-0037132_2022W22_QUESTIONABLE_LP,NFL,2022,22,2022_NFL_P22_KC_PHI,NFL_PHI,NFL_P_00-0037132,WR,,QUESTIONABLE,LP,Hamstring,2023-02-11,nflverse,,2026-09-07T05:46:50.365367+00:00,2023-02-11T00:00:00
