injury_row_id,league,season,week,game_id,team_id,player_id,position,depth_slot,status,practice_status,injury_desc,report_date,source,entered_by,retrieved_at,effective_at
NFL_ARI_00-0029316_2023W01_OUT_DNP,NFL,2023,1,2023_NFL_W01_ARI_WAS,NFL_ARI,NFL_P_00-0029316,OL,,OUT,DNP,Hand,2023-09-09,nflverse,,2026-09-07T05:49:16.123275+00:00,2023-09-09T00:00:00
NFL_ARI_00-0035662_2023W01_QUESTIONABLE_LP,NFL,2023,1,2023_NFL_W01_ARI_WAS,NFL_ARI,NFL_P_00-0035662,WR,,QUESTIONABLE,LP,Hamstring,2023-09-09,nflverse,,2026-09-07T05:49:16.123275+00:00,2023-09-09T00:00:00
NFL_ARI_00-0030061_2023W01_QUESTIONABLE_LP,NFL,2023,1,2023_NFL_W01_ARI_WAS,NFL_ARI,NFL_P_00-0030061,TE,,QUESTIONABLE,LP,Knee,2023-09-09,nflverse,,2026-09-07T05:49:16.123275+00:00,2023-09-09T00:00:00
NFL_ATL_00-0033858_2023W01_NA_DNP,NFL,2023,1,2023_NFL_W01_CAR_ATL,NFL_ATL,NFL_P_00-0033858,TE,,UNKNOWN,DNP,Not injury related - resting player,2023-09-09,nflverse,,2026-09-07T05:49:16.123275+00:00,2023-09-09T00:00:00
NFL_ATL_00-0036274_2023W01_OUT_DNP,NFL,2023,1,2023_NFL_W01_CAR_ATL,NFL_ATL,NFL_P_00-0036274,CB,,OUT,DNP,Foot,2023-09-09,nflverse,,2026-09-07T05:49:16.123275+00:00,2023-09-09T00:00:00
NFL_ATL_00-0034854_2023W01_QUESTIONABLE_FP,NFL,2023,1,2023_NFL_W01_CAR_ATL,NFL_ATL,NFL_P_00-0034854,WR,,QUESTIONABLE,FP,Ankle,2023-09-09,nflverse,,2026-09-07T05:49:16.123275+00:00,2023-09-09T00:00:00
NFL_ATL_00-0030578_2023W01_QUESTIONABLE_LP,NFL,2023,1,2023_NFL_W01_CAR_ATL,NFL_ATL,NFL_P_00-0030578,RB,,QUESTIONABLE,LP,Thigh,2023-09-09,nflverse,,2026-09-07T05:49:16.123275+00:00,2023-09-09T00:00:00
NFL_BAL_00-0033281_2023W01_OUT_DNP,NFL,2023,1,2023_NFL_W01_HOU_BAL,NFL_BAL,NFL_P_00-0033281,CB,,OUT,DNP,Foot,2023-09-09,nflverse,,2026-09-07T05:49:16.123275+00:00,2023-09-09T00:00:00
NFL_BAL_00-0034753_2023W01_QUESTIONABLE_LP,NFL,2023,1,2023_NFL_W01_HOU_BAL,NFL_BAL,NFL_P_00-0034753,TE,,QUESTIONABLE,LP,Quadricep,2023-09-09,nflverse,,2026-09-07T05:49:16.123275+00:00,2023-09-09T00:00:00
NFL_CAR_00-0034777_2023W01_OUT_LP,NFL,2023,1,2023_NFL_W01_CAR_ATL,NFL_CAR,NFL_P_00-0034777,WR,,OUT,LP,Hamstring,2023-09-09,nflverse,,2026-09-07T05:49:16.123275+00:00,2023-09-09T00:00:00
NFL_CAR_00-0030035_2023W01_QUESTIONABLE_LP,NFL,2023,1,2023_NFL_W01_CAR_ATL,NFL_CAR,NFL_P_00-0030035,WR,,QUESTIONABLE,LP,Ankle,2023-09-09,nflverse,,2026-09-07T05:49:16.123275+00:00,2023-09-09T00:00:00
NFL_CHI_00-0033757_2023W01_QUESTIONABLE_NA,NFL,2023,1,2023_NFL_W01_GB_CHI,NFL_CHI,NFL_P_00-0033757,TE,,QUESTIONABLE,,Back,2023-09-09,nflverse,,2026-09-07T05:49:16.123275+00:00,2023-09-09T00:00:00
NFL_CHI_00-0033765_2023W01_QUESTIONABLE_LP,NFL,2023,1,2023_NFL_W01_GB_CHI,NFL_CHI,NFL_P_00-0033765,LB,,QUESTIONABLE,LP,Hamstring,2023-09-09,nflverse,,2026-09-07T05:49:16.123275+00:00,2023-09-09T00:00:00
NFL_CIN_00-0033548_2023W01_NA_LP,NFL,2023,1,2023_NFL_W01_CIN_CLE,NFL_CIN,NFL_P_00-0033548,CB,,UNKNOWN,LP,Not injury related - resting player,2023-09-09,nflverse,,2026-09-07T05:49:16.123275+00:00,2023-09-09T00:00:00
NFL_CIN_00-0036902_2023W01_OUT_DNP,NFL,2023,1,2023_NFL_W01_CIN_CLE,NFL_CIN,NFL_P_00-0036902,EDGE,,OUT,DNP,Ankle,2023-09-09,nflverse,,2026-09-07T05:49:16.123275+00:00,2023-09-09T00:00:00
NFL_CLE_00-0030068_2023W01_NA_LP,NFL,2023,1,2023_NFL_W01_CIN_CLE,NFL_CLE,NFL_P_00-0030068,WR,,UNKNOWN,LP,Illness,2023-09-09,nflverse,,2026-09-07T05:49:16.123275+00:00,2023-09-09T00:00:00
NFL_CLE_00-0035625_2023W01_QUESTIONABLE_DNP,NFL,2023,1,2023_NFL_W01_CIN_CLE,NFL_CLE,NFL_P_00-0035625,S,,QUESTIONABLE,DNP,Calf,2023-09-09,nflverse,,2026-09-07T05:49:16.123275+00:00,2023-09-09T00:00:00
NFL_DAL_00-0037243_2023W01_DOUBTFUL_DNP,NFL,2023,1,2023_NFL_W01_DAL_NYG,NFL_DAL,NFL_P_00-0037243,OL,,DOUBTFUL,DNP,Hamstring,2023-09-10,nflverse,,2026-09-07T05:49:16.123275+00:00,2023-09-10T00:00:00
NFL_DAL_00-0035301_2023W01_DOUBTFUL_DNP,NFL,2023,1,2023_NFL_W01_DAL_NYG,NFL_DAL,NFL_P_00-0035301,S,,DOUBTFUL,DNP,Calf,2023-09-10,nflverse,,2026-09-07T05:49:16.123275+00:00,2023-09-10T00:00:00
NFL_DAL_00-0033877_2023W01_QUESTIONABLE_NA,NFL,2023,1,2023_NFL_W01_DAL_NYG,NFL_DAL,NFL_P_00-0033877,S,,QUESTIONABLE,,Illness,2023-09-10,nflverse,,2026-09-07T05:49:16.123275+00:00,2023-09-10T00:00:00
NFL_DAL_00-0037665_2023W01_QUESTIONABLE_FP,NFL,2023,1,2023_NFL_W01_DAL_NYG,NFL_DAL,NFL_P_00-0037665,EDGE,,QUESTIONABLE,FP,Foot,2023-09-10,nflverse,,2026-09-07T05:49:16.123275+00:00,2023-09-10T00:00:00
NFL_DAL_00-0027947_2023W01_QUESTIONABLE_LP,NFL,2023,1,2023_NFL_W01_DAL_NYG,NFL_DAL,NFL_P_00-0027947,OL,,QUESTIONABLE,LP,Ankle,2023-09-10,nflverse,,2026-09-07T05:49:16.123275+00:00,2023-09-10T00:00:00
NFL_DEN_00-0036874_2023W01_NA_LP,NFL,2023,1,2023_NFL_W01_LV_DEN,NFL_DEN,NFL_P_00-0036874,CB,,UNKNOWN,LP,Ankle,2023-09-09,nflverse,,2026-09-07T05:49:16.123275+00:00,2023-09-09T00:00:00
NFL_DEN_00-0036407_2023W01_QUESTIONABLE_LP,NFL,2023,1,2023_NFL_W01_LV_DEN,NFL_DEN,NFL_P_00-0036407,WR,,QUESTIONABLE,LP,Hamstring,2023-09-09,nflverse,,2026-09-07T05:49:16.123275+00:00,2023-09-09T00:00:00
NFL_DEN_00-0038552_2023W01_QUESTIONABLE_LP,NFL,2023,1,2023_NFL_W01_LV_DEN,NFL_DEN,NFL_P_00-0038552,CB,,QUESTIONABLE,LP,Abdomen,2023-09-09,nflverse,,2026-09-07T05:49:16.123275+00:00,2023-09-09T00:00:00
NFL_DET_00-0034096_2023W01_OUT_LP,NFL,2023,1,2023_NFL_W01_DET_KC,NFL_DET,NFL_P_00-0034096,CB,,OUT,LP,Knee,2023-09-07,nflverse,,2026-09-07T05:49:16.123275+00:00,2023-09-07T00:00:00
NFL_GB_00-0030074_2023W01_NA_DNP,NFL,2023,1,2023_NFL_W01_GB_CHI,NFL_GB,NFL_P_00-0030074,OL,,UNKNOWN,DNP,Not injury related - resting player,2023-09-09,nflverse,,2026-09-07T05:49:16.123275+00:00,2023-09-09T00:00:00
NFL_GB_00-0034967_2023W01_NA_LP,NFL,2023,1,2023_NFL_W01_GB_CHI,NFL_GB,NFL_P_00-0034967,LB,,UNKNOWN,LP,Knee,2023-09-09,nflverse,,2026-09-07T05:49:16.123275+00:00,2023-09-09T00:00:00
NFL_GB_00-0038124_2023W01_OUT_DNP,NFL,2023,1,2023_NFL_W01_GB_CHI,NFL_GB,NFL_P_00-0038124,WR,,OUT,DNP,Hamstring,2023-09-09,nflverse,,2026-09-07T05:49:16.123275+00:00,2023-09-09T00:00:00
NFL_GB_00-0037816_2023W01_QUESTIONABLE_LP,NFL,2023,1,2023_NFL_W01_GB_CHI,NFL_GB,NFL_P_00-0037816,WR,,QUESTIONABLE,LP,Hamstring,2023-09-09,nflverse,,2026-09-07T05:49:16.123275+00:00,2023-09-09T00:00:00
NFL_HOU_00-0035276_2023W01_OUT_DNP,NFL,2023,1,2023_NFL_W01_HOU_BAL,NFL_HOU,NFL_P_00-0035276,LB,,OUT,DNP,Hamstring,2023-09-09,nflverse,,2026-09-07T05:49:16.123275+00:00,2023-09-09T00:00:00
NFL_HOU_00-0037614_2023W01_OUT_DNP,NFL,2023,1,2023_NFL_W01_HOU_BAL,NFL_HOU,NFL_P_00-0037614,WR,,OUT,DNP,Hamstring,2023-09-09,nflverse,,2026-09-07T05:49:16.123275+00:00,2023-09-09T00:00:00
NFL_HOU_00-0031298_2023W01_OUT_DNP,NFL,2023,1,2023_NFL_W01_HOU_BAL,NFL_HOU,NFL_P_00-0031298,S,,OUT,DNP,Hip,2023-09-09,nflverse,,2026-09-07T05:49:16.123275+00:00,2023-09-09T00:00:00
NFL_HOU_00-0033854_2023W01_QUESTIONABLE_LP,NFL,2023,1,2023_NFL_W01_HOU_BAL,NFL_HOU,NFL_P_00-0033854,RB,,QUESTIONABLE,LP,Hamstring,2023-09-09,nflverse,,2026-09-07T05:49:16.123275+00:00,2023-09-09T00:00:00
NFL_IND_00-0039156_2023W01_NA_DNP,NFL,2023,1,2023_NFL_W01_JAX_IND,NFL_IND,NFL_P_00-0039156,CB,,UNKNOWN,DNP,Not injury related - personal matter,2023-09-09,nflverse,,2026-09-07T05:49:16.123275+00:00,2023-09-09T00:00:00
NFL_IND_00-0032378_2023W01_NA_LP,NFL,2023,1,2023_NFL_W01_JAX_IND,NFL_IND,NFL_P_00-0032378,DL,,UNKNOWN,LP,Forearm,2023-09-09,nflverse,,2026-09-07T05:49:16.123275+00:00,2023-09-09T00:00:00
NFL_IND_00-0036251_2023W01_QUESTIONABLE_LP,NFL,2023,1,2023_NFL_W01_JAX_IND,NFL_IND,NFL_P_00-0036251,RB,,QUESTIONABLE,LP,Forearm,2023-09-09,nflverse,,2026-09-07T05:49:16.123275+00:00,2023-09-09T00:00:00
NFL_JAX_00-0038596_2023W01_OUT_DNP,NFL,2023,1,2023_NFL_W01_JAX_IND,NFL_JAX,NFL_P_00-0038596,S,,OUT,DNP,Hamstring,2023-09-09,nflverse,,2026-09-07T05:49:16.123275+00:00,2023-09-09T00:00:00
NFL_JAX_00-0038940_2023W01_OUT_LP,NFL,2023,1,2023_NFL_W01_JAX_IND,NFL_JAX,NFL_P_00-0038940,EDGE,,OUT,LP,Hip,2023-09-09,nflverse,,2026-09-07T05:49:16.123275+00:00,2023-09-09T00:00:00
NFL_KC_00-0030506_2023W01_QUESTIONABLE_DNP,NFL,2023,1,2023_NFL_W01_DET_KC,NFL_KC,NFL_P_00-0030506,TE,,QUESTIONABLE,DNP,Knee,2023-09-07,nflverse,,2026-09-07T05:49:16.123275+00:00,2023-09-07T00:00:00
NFL_LAR_00-0034804_2023W01_NA_DNP,NFL,2023,1,2023_NFL_W01_LAR_SEA,NFL_LAR,NFL_P_00-0034804,OL,,UNKNOWN,DNP,Not injury related - resting player,2023-09-09,nflverse,,2026-09-07T05:49:16.123275+00:00,2023-09-09T00:00:00
NFL_LAR_00-0036415_2023W01_NA_DNP,NFL,2023,1,2023_NFL_W01_LAR_SEA,NFL_LAR,NFL_P_00-0036415,WR,,UNKNOWN,DNP,Not injury related - resting player,2023-09-09,nflverse,,2026-09-07T05:49:16.123275+00:00,2023-09-09T00:00:00
NFL_LAR_00-0039107_2023W01_QUESTIONABLE_DNP,NFL,2023,1,2023_NFL_W01_LAR_SEA,NFL_LAR,NFL_P_00-0039107,QB,,QUESTIONABLE,DNP,right Shoulder,2023-09-09,nflverse,,2026-09-07T05:49:16.123275+00:00,2023-09-09T00:00:00
NFL_LAR_00-0033908_2023W01_QUESTIONABLE_DNP,NFL,2023,1,2023_NFL_W01_LAR_SEA,NFL_LAR,NFL_P_00-0033908,WR,,QUESTIONABLE,DNP,Hamstring,2023-09-09,nflverse,,2026-09-07T05:49:16.123275+00:00,2023-09-09T00:00:00
NFL_LAR_00-0037004_2023W01_QUESTIONABLE_DNP,NFL,2023,1,2023_NFL_W01_LAR_SEA,NFL_LAR,NFL_P_00-0037004,TE,,QUESTIONABLE,DNP,Thigh,2023-09-09,nflverse,,2026-09-07T05:49:16.123275+00:00,2023-09-09T00:00:00
NFL_LAC_00-0038553_2023W01_DOUBTFUL_DNP,NFL,2023,1,2023_NFL_W01_MIA_LAC,NFL_LAC,NFL_P_00-0038553,LB,,DOUBTFUL,DNP,Hamstring,2023-09-09,nflverse,,2026-09-07T05:49:16.123275+00:00,2023-09-09T00:00:00
NFL_LAC_00-0036867_2023W01_DOUBTFUL_DNP,NFL,2023,1,2023_NFL_W01_MIA_LAC,NFL_LAC,NFL_P_00-0036867,LB,,DOUBTFUL,DNP,Hamstring,2023-09-09,nflverse,,2026-09-07T05:49:16.123275+00:00,2023-09-09T00:00:00
NFL_LV_00-0034545_2023W01_OUT_DNP,NFL,2023,1,2023_NFL_W01_LV_DEN,NFL_LV,NFL_P_00-0034545,CB,,OUT,DNP,Shin,2023-09-09,nflverse,,2026-09-07T05:49:16.123275+00:00,2023-09-09T00:00:00
NFL_LV_00-0029585_2023W01_OUT_DNP,NFL,2023,1,2023_NFL_W01_LV_DEN,NFL_LV,NFL_P_00-0029585,EDGE,,OUT,DNP,Not injury related - personal matter,2023-09-09,nflverse,,2026-09-07T05:49:16.123275+00:00,2023-09-09T00:00:00
NFL_LV_00-0031763_2023W01_QUESTIONABLE_LP,NFL,2023,1,2023_NFL_W01_LV_DEN,NFL_LV,NFL_P_00-0031763,WR,,QUESTIONABLE,LP,Knee,2023-09-09,nflverse,,2026-09-07T05:49:16.123275+00:00,2023-09-09T00:00:00
NFL_MIA_00-0030067_2023W01_OUT_DNP,NFL,2023,1,2023_NFL_W01_MIA_LAC,NFL_MIA,NFL_P_00-0030067,OL,,OUT,DNP,Back,2023-09-09,nflverse,,2026-09-07T05:49:16.123275+00:00,2023-09-09T00:00:00
NFL_MIA_00-0034248_2023W01_OUT_DNP,NFL,2023,1,2023_NFL_W01_MIA_LAC,NFL_MIA,NFL_P_00-0034248,S,,OUT,DNP,Knee,2023-09-09,nflverse,,2026-09-07T05:49:16.123275+00:00,2023-09-09T00:00:00
NFL_MIA_00-0029530_2023W01_QUESTIONABLE_LP,NFL,2023,1,2023_NFL_W01_MIA_LAC,NFL_MIA,NFL_P_00-0029530,CB,,QUESTIONABLE,LP,Knee,2023-09-09,nflverse,,2026-09-07T05:49:16.123275+00:00,2023-09-09T00:00:00
NFL_MIA_00-0038720_2023W01_QUESTIONABLE_LP,NFL,2023,1,2023_NFL_W01_MIA_LAC,NFL_MIA,NFL_P_00-0038720,TE,,QUESTIONABLE,LP,Ankle,2023-09-09,nflverse,,2026-09-07T05:49:16.123275+00:00,2023-09-09T00:00:00
NFL_MIN_00-0034344_2023W01_QUESTIONABLE_LP,NFL,2023,1,2023_NFL_W01_TB_MIN,NFL_MIN,NFL_P_00-0034344,EDGE,,QUESTIONABLE,LP,Ankle,2023-09-09,nflverse,,2026-09-07T05:49:16.123275+00:00,2023-09-09T00:00:00
NFL_NE_00-0032071_2023W01_NA_LP,NFL,2023,1,2023_NFL_W01_PHI_NE,NFL_NE,NFL_P_00-0032071,OL,,UNKNOWN,LP,Illness,2023-09-09,nflverse,,2026-09-07T05:49:16.123275+00:00,2023-09-09T00:00:00
NFL_NE_00-0038039_2023W01_OUT_DNP,NFL,2023,1,2023_NFL_W01_PHI_NE,NFL_NE,NFL_P_00-0038039,CB,,OUT,DNP,Hamstring,2023-09-09,nflverse,,2026-09-07T05:49:16.123275+00:00,2023-09-09T00:00:00
NFL_NE_00-0038132_2023W01_QUESTIONABLE_DNP,NFL,2023,1,2023_NFL_W01_PHI_NE,NFL_NE,NFL_P_00-0038132,QB,,QUESTIONABLE,DNP,Not injury related - personal matter,2023-09-09,nflverse,,2026-09-07T05:49:16.123275+00:00,2023-09-09T00:00:00
NFL_NE_00-0036875_2023W01_QUESTIONABLE_DNP,NFL,2023,1,2023_NFL_W01_PHI_NE,NFL_NE,NFL_P_00-0036875,RB,,QUESTIONABLE,DNP,Illness,2023-09-09,nflverse,,2026-09-07T05:49:16.123275+00:00,2023-09-09T00:00:00
NFL_NE_00-0036198_2023W01_QUESTIONABLE_LP,NFL,2023,1,2023_NFL_W01_PHI_NE,NFL_NE,NFL_P_00-0036198,OL,,QUESTIONABLE,LP,Ankle,2023-09-09,nflverse,,2026-09-07T05:49:16.123275+00:00,2023-09-09T00:00:00
NFL_NE_00-0031547_2023W01_QUESTIONABLE_LP,NFL,2023,1,2023_NFL_W01_PHI_NE,NFL_NE,NFL_P_00-0031547,WR,,QUESTIONABLE,LP,Knee,2023-09-09,nflverse,,2026-09-07T05:49:16.123275+00:00,2023-09-09T00:00:00
NFL_NE_00-0038103_2023W01_QUESTIONABLE_LP,NFL,2023,1,2023_NFL_W01_PHI_NE,NFL_NE,NFL_P_00-0038103,OL,,QUESTIONABLE,LP,Knee,2023-09-09,nflverse,,2026-09-07T05:49:16.123275+00:00,2023-09-09T00:00:00
NFL_NO_00-0034116_2023W01_OUT_DNP,NFL,2023,1,2023_NFL_W01_TEN_NO,NFL_NO,NFL_P_00-0034116,S,,OUT,DNP,Shoulder,2023-09-09,nflverse,,2026-09-07T05:49:16.123275+00:00,2023-09-09T00:00:00
NFL_NO_00-0034765_2023W01_OUT_DNP,NFL,2023,1,2023_NFL_W01_TEN_NO,NFL_NO,NFL_P_00-0034765,WR,,OUT,DNP,Groin,2023-09-09,nflverse,,2026-09-07T05:49:16.123275+00:00,2023-09-09T00:00:00
NFL_NO_00-0038551_2023W01_QUESTIONABLE_DNP,NFL,2023,1,2023_NFL_W01_TEN_NO,NFL_NO,NFL_P_00-0038551,RB,,QUESTIONABLE,DNP,Hamstring,2023-09-09,nflverse,,2026-09-07T05:49:16.123275+00:00,2023-09-09T00:00:00
NFL_NYG_00-0036569_2023W01_NA_LP,NFL,2023,1,2023_NFL_W01_DAL_NYG,NFL_NYG,NFL_P_00-0036569,RB,,UNKNOWN,LP,Knee,2023-09-10,nflverse,,2026-09-07T05:49:16.123275+00:00,2023-09-10T00:00:00
NFL_NYG_00-0036145_2023W01_NA_LP,NFL,2023,1,2023_NFL_W01_DAL_NYG,NFL_NYG,NFL_P_00-0036145,TE,,UNKNOWN,LP,Ankle,2023-09-10,nflverse,,2026-09-07T05:49:16.123275+00:00,2023-09-10T00:00:00
NFL_NYG_00-0037758_2023W01_DOUBTFUL_LP,NFL,2023,1,2023_NFL_W01_DAL_NYG,NFL_NYG,NFL_P_00-0037758,CB,,DOUBTFUL,LP,Hamstring,2023-09-10,nflverse,,2026-09-07T05:49:16.123275+00:00,2023-09-10T00:00:00
NFL_NYG_00-0038413_2023W01_DOUBTFUL_LP,NFL,2023,1,2023_NFL_W01_DAL_NYG,NFL_NYG,NFL_P_00-0038413,S,,DOUBTFUL,LP,Hamstring,2023-09-10,nflverse,,2026-09-07T05:49:16.123275+00:00,2023-09-10T00:00:00
NFL_NYG_00-0038117_2023W01_DOUBTFUL_LP,NFL,2023,1,2023_NFL_W01_DAL_NYG,NFL_NYG,NFL_P_00-0038117,WR,,DOUBTFUL,LP,Knee,2023-09-10,nflverse,,2026-09-07T05:49:16.123275+00:00,2023-09-10T00:00:00
NFL_NYG_00-0036400_2023W01_QUESTIONABLE_LP,NFL,2023,1,2023_NFL_W01_DAL_NYG,NFL_NYG,NFL_P_00-0036400,LB,,QUESTIONABLE,LP,Ankle,2023-09-10,nflverse,,2026-09-07T05:49:16.123275+00:00,2023-09-10T00:00:00
NFL_NYG_00-0037260_2023W01_QUESTIONABLE_LP,NFL,2023,1,2023_NFL_W01_DAL_NYG,NFL_NYG,NFL_P_00-0037260,DL,,QUESTIONABLE,LP,Knee,2023-09-10,nflverse,,2026-09-07T05:49:16.123275+00:00,2023-09-10T00:00:00
NFL_NYG_00-0031610_2023W01_QUESTIONABLE_LP,NFL,2023,1,2023_NFL_W01_DAL_NYG,NFL_NYG,NFL_P_00-0031610,TE,,QUESTIONABLE,LP,Hamstring,2023-09-10,nflverse,,2026-09-07T05:49:16.123275+00:00,2023-09-10T00:00:00
NFL_NYJ_00-0036284_2023W01_QUESTIONABLE_FP,NFL,2023,1,2023_NFL_W01_BUF_NYJ,NFL_NYJ,NFL_P_00-0036284,OL,,QUESTIONABLE,FP,Knee,2023-09-11,nflverse,,2026-09-07T05:49:16.123275+00:00,2023-09-11T00:00:00
NFL_NYJ_00-0026166_2023W01_QUESTIONABLE_FP,NFL,2023,1,2023_NFL_W01_BUF_NYJ,NFL_NYJ,NFL_P_00-0026166,OL,,QUESTIONABLE,FP,Shoulder,2023-09-11,nflverse,,2026-09-07T05:49:16.123275+00:00,2023-09-11T00:00:00
NFL_NYJ_00-0038120_2023W01_QUESTIONABLE_FP,NFL,2023,1,2023_NFL_W01_BUF_NYJ,NFL_NYJ,NFL_P_00-0038120,RB,,QUESTIONABLE,FP,Knee,2023-09-11,nflverse,,2026-09-07T05:49:16.123275+00:00,2023-09-11T00:00:00
NFL_PIT_00-0033905_2023W01_QUESTIONABLE_LP,NFL,2023,1,2023_NFL_W01_SF_PIT,NFL_PIT,NFL_P_00-0033905,DL,,QUESTIONABLE,LP,Foot,2023-09-09,nflverse,,2026-09-07T05:49:16.123275+00:00,2023-09-09T00:00:00
NFL_SEA_00-0038134_2023W01_NA_LP,NFL,2023,1,2023_NFL_W01_LAR_SEA,NFL_SEA,NFL_P_00-0038134,RB,,UNKNOWN,LP,Groin,2023-09-09,nflverse,,2026-09-07T05:49:16.123275+00:00,2023-09-09T00:00:00
NFL_SEA_00-0033872_2023W01_OUT_DNP,NFL,2023,1,2023_NFL_W01_LAR_SEA,NFL_SEA,NFL_P_00-0033872,S,,OUT,DNP,Knee,2023-09-09,nflverse,,2026-09-07T05:49:16.123275+00:00,2023-09-09T00:00:00
NFL_SEA_00-0038636_2023W01_OUT_DNP,NFL,2023,1,2023_NFL_W01_LAR_SEA,NFL_SEA,NFL_P_00-0038636,RB,,OUT,DNP,Knee,2023-09-09,nflverse,,2026-09-07T05:49:16.123275+00:00,2023-09-09T00:00:00
NFL_SEA_00-0036417_2023W01_QUESTIONABLE_FP,NFL,2023,1,2023_NFL_W01_LAR_SEA,NFL_SEA,NFL_P_00-0036417,OL,,QUESTIONABLE,FP,Shoulder,2023-09-09,nflverse,,2026-09-07T05:49:16.123275+00:00,2023-09-09T00:00:00
NFL_SEA_00-0039169_2023W01_QUESTIONABLE_LP,NFL,2023,1,2023_NFL_W01_LAR_SEA,NFL_SEA,NFL_P_00-0039169,CB,,QUESTIONABLE,LP,Hamstring,2023-09-09,nflverse,,2026-09-07T05:49:16.123275+00:00,2023-09-09T00:00:00
NFL_SF_00-0033288_2023W01_QUESTIONABLE_LP,NFL,2023,1,2023_NFL_W01_SF_PIT,NFL_SF,NFL_P_00-0033288,TE,,QUESTIONABLE,LP,Groin,2023-09-09,nflverse,,2026-09-07T05:49:16.123275+00:00,2023-09-09T00:00:00
NFL_SF_00-0034573_2023W01_QUESTIONABLE_LP,NFL,2023,1,2023_NFL_W01_SF_PIT,NFL_SF,NFL_P_00-0034573,CB,,QUESTIONABLE,LP,Heel,2023-09-09,nflverse,,2026-09-07T05:49:16.123275+00:00,2023-09-09T00:00:00
NFL_TB_00-0039157_2023W01_QUESTIONABLE_DNP,NFL,2023,1,2023_NFL_W01_TB_MIN,NFL_TB,NFL_P_00-0039157,OL,,QUESTIONABLE,DNP,Back,2023-09-09,nflverse,,2026-09-07T05:49:16.123275+00:00,2023-09-09T00:00:00
NFL_TB_00-0039063_2023W01_QUESTIONABLE_FP,NFL,2023,1,2023_NFL_W01_TB_MIN,NFL_TB,NFL_P_00-0039063,DL,,QUESTIONABLE,FP,Calf,2023-09-09,nflverse,,2026-09-07T05:49:16.123275+00:00,2023-09-09T00:00:00
NFL_TEN_00-0037593_2023W01_OUT_DNP,NFL,2023,1,2023_NFL_W01_TEN_NO,NFL_TEN,NFL_P_00-0037593,CB,,OUT,DNP,Hamstring,2023-09-09,nflverse,,2026-09-07T05:49:16.123275+00:00,2023-09-09T00:00:00
NFL_TEN_00-0034828_2023W01_QUESTIONABLE_FP,NFL,2023,1,2023_NFL_W01_TEN_NO,NFL_TEN,NFL_P_00-0034828,LB,,QUESTIONABLE,FP,Abdomen,2023-09-09,nflverse,,2026-09-07T05:49:16.123275+00:00,2023-09-09T00:00:00
NFL_TEN_00-0036619_2023W01_QUESTIONABLE_FP,NFL,2023,1,2023_NFL_W01_TEN_NO,NFL_TEN,NFL_P_00-0036619,OL,,QUESTIONABLE,FP,Knee,2023-09-09,nflverse,,2026-09-07T05:49:16.123275+00:00,2023-09-09T00:00:00
NFL_WAS_00-0036671_2023W01_NA_DNP,NFL,2023,1,2023_NFL_W01_ARI_WAS,NFL_WAS,NFL_P_00-0036671,WR,,UNKNOWN,DNP,Groin,2023-09-09,nflverse,,2026-09-07T05:49:16.123275+00:00,2023-09-09T00:00:00
NFL_WAS_00-0036351_2023W01_QUESTIONABLE_LP,NFL,2023,1,2023_NFL_W01_ARI_WAS,NFL_WAS,NFL_P_00-0036351,EDGE,,QUESTIONABLE,LP,Oblique,2023-09-09,nflverse,,2026-09-07T05:49:16.123275+00:00,2023-09-09T00:00:00
NFL_WAS_00-0036321_2023W01_QUESTIONABLE_LP,NFL,2023,1,2023_NFL_W01_ARI_WAS,NFL_WAS,NFL_P_00-0036321,EDGE,,QUESTIONABLE,LP,Neck,2023-09-09,nflverse,,2026-09-07T05:49:16.123275+00:00,2023-09-09T00:00:00
NFL_ARI_00-0035636_2023W02_OUT_DNP,NFL,2023,2,2023_NFL_W02_NYG_ARI,NFL_ARI,NFL_P_00-0035636,EDGE,,OUT,DNP,Biceps,2023-09-16,nflverse,,2026-09-07T05:49:16.123275+00:00,2023-09-16T00:00:00
NFL_ARI_00-0034801_2023W02_OUT_DNP,NFL,2023,2,2023_NFL_W02_NYG_ARI,NFL_ARI,NFL_P_00-0034801,LB,,OUT,DNP,Ankle,2023-09-16,nflverse,,2026-09-07T05:49:16.123275+00:00,2023-09-16T00:00:00
NFL_ARI_00-0033890_2023W02_QUESTIONABLE_LP,NFL,2023,2,2023_NFL_W02_NYG_ARI,NFL_ARI,NFL_P_00-0033890,S,,QUESTIONABLE,LP,Hamstring,2023-09-16,nflverse,,2026-09-07T05:49:16.123275+00:00,2023-09-16T00:00:00
NFL_ARI_00-0029316_2023W02_QUESTIONABLE_LP,NFL,2023,2,2023_NFL_W02_NYG_ARI,NFL_ARI,NFL_P_00-0029316,OL,,QUESTIONABLE,LP,Hand,2023-09-16,nflverse,,2026-09-07T05:49:16.123275+00:00,2023-09-16T00:00:00
NFL_ARI_00-0036371_2023W02_QUESTIONABLE_LP,NFL,2023,2,2023_NFL_W02_NYG_ARI,NFL_ARI,NFL_P_00-0036371,DL,,QUESTIONABLE,LP,Shoulder,2023-09-16,nflverse,,2026-09-07T05:49:16.123275+00:00,2023-09-16T00:00:00
NFL_ATL_00-0026190_2023W02_NA_DNP,NFL,2023,2,2023_NFL_W02_GB_ATL,NFL_ATL,NFL_P_00-0026190,EDGE,,UNKNOWN,DNP,Not injury related - resting player,2023-09-16,nflverse,,2026-09-07T05:49:16.123275+00:00,2023-09-16T00:00:00
NFL_ATL_00-0033858_2023W02_NA_DNP,NFL,2023,2,2023_NFL_W02_GB_ATL,NFL_ATL,NFL_P_00-0033858,TE,,UNKNOWN,DNP,Not injury related - resting player,2023-09-16,nflverse,,2026-09-07T05:49:16.123275+00:00,2023-09-16T00:00:00
NFL_ATL_00-0037810_2023W02_OUT_LP,NFL,2023,2,2023_NFL_W02_GB_ATL,NFL_ATL,NFL_P_00-0037810,LB,,OUT,LP,Concussion,2023-09-16,nflverse,,2026-09-07T05:49:16.123275+00:00,2023-09-16T00:00:00
NFL_ATL_00-0036274_2023W02_QUESTIONABLE_LP,NFL,2023,2,2023_NFL_W02_GB_ATL,NFL_ATL,NFL_P_00-0036274,CB,,QUESTIONABLE,LP,Foot,2023-09-16,nflverse,,2026-09-07T05:49:16.123275+00:00,2023-09-16T00:00:00
NFL_BAL_00-0036369_2023W02_NA_DNP,NFL,2023,2,2023_NFL_W02_BAL_CIN,NFL_BAL,NFL_P_00-0036369,OL,,UNKNOWN,DNP,Not injury related - personal matter,2023-09-16,nflverse,,2026-09-07T05:49:16.123275+00:00,2023-09-16T00:00:00
NFL_BAL_00-0033281_2023W02_OUT_DNP,NFL,2023,2,2023_NFL_W02_BAL_CIN,NFL_BAL,NFL_P_00-0033281,CB,,OUT,DNP,Foot,2023-09-16,nflverse,,2026-09-07T05:49:16.123275+00:00,2023-09-16T00:00:00
NFL_BAL_00-0037825_2023W02_OUT_DNP,NFL,2023,2,2023_NFL_W02_BAL_CIN,NFL_BAL,NFL_P_00-0037825,OL,,OUT,DNP,Ankle,2023-09-16,nflverse,,2026-09-07T05:49:16.123275+00:00,2023-09-16T00:00:00
NFL_BAL_00-0032965_2023W02_OUT_DNP,NFL,2023,2,2023_NFL_W02_BAL_CIN,NFL_BAL,NFL_P_00-0032965,OL,,OUT,DNP,Knee,2023-09-16,nflverse,,2026-09-07T05:49:16.123275+00:00,2023-09-16T00:00:00
NFL_BAL_00-0033894_2023W02_OUT_DNP,NFL,2023,2,2023_NFL_W02_BAL_CIN,NFL_BAL,NFL_P_00-0033894,S,,OUT,DNP,Pectoral,2023-09-16,nflverse,,2026-09-07T05:49:16.123275+00:00,2023-09-16T00:00:00
NFL_BAL_00-0034753_2023W02_QUESTIONABLE_FP,NFL,2023,2,2023_NFL_W02_BAL_CIN,NFL_BAL,NFL_P_00-0034753,TE,,QUESTIONABLE,FP,Quadricep,2023-09-16,nflverse,,2026-09-07T05:49:16.123275+00:00,2023-09-16T00:00:00
NFL_CAR_00-0036944_2023W02_NA_DNP,NFL,2023,2,2023_NFL_W02_NO_CAR,NFL_CAR,NFL_P_00-0036944,CB,,UNKNOWN,DNP,Hamstring,2023-09-17,nflverse,,2026-09-07T05:49:16.123275+00:00,2023-09-17T00:00:00
NFL_CAR_00-0034777_2023W02_QUESTIONABLE_FP,NFL,2023,2,2023_NFL_W02_NO_CAR,NFL_CAR,NFL_P_00-0034777,WR,,QUESTIONABLE,FP,Hamstring,2023-09-17,nflverse,,2026-09-07T05:49:16.123275+00:00,2023-09-17T00:00:00
NFL_CHI_00-0038111_2023W02_NA_DNP,NFL,2023,2,2023_NFL_W02_CHI_TB,NFL_CHI,NFL_P_00-0038111,CB,,UNKNOWN,DNP,Hand,2023-09-16,nflverse,,2026-09-07T05:49:16.123275+00:00,2023-09-16T00:00:00
NFL_CHI_00-0024243_2023W02_NA_DNP,NFL,2023,2,2023_NFL_W02_CHI_TB,NFL_CHI,NFL_P_00-0024243,TE,,UNKNOWN,DNP,Not injury related - resting player,2023-09-16,nflverse,,2026-09-07T05:49:16.123275+00:00,2023-09-16T00:00:00
NFL_CHI_00-0035649_2023W02_DOUBTFUL_NA,NFL,2023,2,2023_NFL_W02_CHI_TB,NFL_CHI,NFL_P_00-0035649,OL,,DOUBTFUL,,Not injury related - personal matter,2023-09-16,nflverse,,2026-09-07T05:49:16.123275+00:00,2023-09-16T00:00:00
NFL_CHI_00-0037129_2023W02_DOUBTFUL_DNP,NFL,2023,2,2023_NFL_W02_CHI_TB,NFL_CHI,NFL_P_00-0037129,CB,,DOUBTFUL,DNP,Hamstring,2023-09-16,nflverse,,2026-09-07T05:49:16.123275+00:00,2023-09-16T00:00:00
NFL_CIN_00-0033548_2023W02_NA_LP,NFL,2023,2,2023_NFL_W02_BAL_CIN,NFL_CIN,NFL_P_00-0033548,CB,,UNKNOWN,LP,Not injury related - resting player,2023-09-16,nflverse,,2026-09-07T05:49:16.123275+00:00,2023-09-16T00:00:00
NFL_CIN_00-0036314_2023W02_QUESTIONABLE_DNP,NFL,2023,2,2023_NFL_W02_BAL_CIN,NFL_CIN,NFL_P_00-0036314,LB,,QUESTIONABLE,DNP,Knee,2023-09-16,nflverse,,2026-09-07T05:49:16.123275+00:00,2023-09-16T00:00:00
NFL_CIN_00-0036857_2023W02_QUESTIONABLE_LP,NFL,2023,2,2023_NFL_W02_BAL_CIN,NFL_CIN,NFL_P_00-0036857,RB,,QUESTIONABLE,LP,Hamstring,2023-09-16,nflverse,,2026-09-07T05:49:16.123275+00:00,2023-09-16T00:00:00
NFL_CIN_00-0036902_2023W02_QUESTIONABLE_LP,NFL,2023,2,2023_NFL_W02_BAL_CIN,NFL_CIN,NFL_P_00-0036902,EDGE,,QUESTIONABLE,LP,Ankle,2023-09-16,nflverse,,2026-09-07T05:49:16.123275+00:00,2023-09-16T00:00:00
NFL_CLE_00-0038561_2023W02_QUESTIONABLE_DNP,NFL,2023,2,2023_NFL_W02_CLE_PIT,NFL_CLE,NFL_P_00-0038561,DL,,QUESTIONABLE,DNP,Foot,2023-09-18,nflverse,,2026-09-07T05:49:16.123275+00:00,2023-09-18T00:00:00
NFL_CLE_00-0031544_2023W02_QUESTIONABLE_LP,NFL,2023,2,2023_NFL_W02_CLE_PIT,NFL_CLE,NFL_P_00-0031544,WR,,QUESTIONABLE,LP,Groin,2023-09-18,nflverse,,2026-09-07T05:49:16.123275+00:00,2023-09-18T00:00:00
NFL_CLE_00-0035625_2023W02_QUESTIONABLE_LP,NFL,2023,2,2023_NFL_W02_CLE_PIT,NFL_CLE,NFL_P_00-0035625,S,,QUESTIONABLE,LP,Calf,2023-09-18,nflverse,,2026-09-07T05:49:16.123275+00:00,2023-09-18T00:00:00
NFL_DAL_00-0037665_2023W02_NA_DNP,NFL,2023,2,2023_NFL_W02_NYJ_DAL,NFL_DAL,NFL_P_00-0037665,EDGE,,UNKNOWN,DNP,Not injury related - personal matter,2023-09-16,nflverse,,2026-09-07T05:49:16.123275+00:00,2023-09-16T00:00:00
NFL_DAL_00-0037243_2023W02_DOUBTFUL_DNP,NFL,2023,2,2023_NFL_W02_NYJ_DAL,NFL_DAL,NFL_P_00-0037243,OL,,DOUBTFUL,DNP,Hamstring,2023-09-16,nflverse,,2026-09-07T05:49:16.123275+00:00,2023-09-16T00:00:00
NFL_DAL_00-0035301_2023W02_DOUBTFUL_LP,NFL,2023,2,2023_NFL_W02_NYJ_DAL,NFL_DAL,NFL_P_00-0035301,S,,DOUBTFUL,LP,Calf,2023-09-16,nflverse,,2026-09-07T05:49:16.123275+00:00,2023-09-16T00:00:00
NFL_DAL_00-0031236_2023W02_QUESTIONABLE_DNP,NFL,2023,2,2023_NFL_W02_NYJ_DAL,NFL_DAL,NFL_P_00-0031236,WR,,QUESTIONABLE,DNP,Knee,2023-09-16,nflverse,,2026-09-07T05:49:16.123275+00:00,2023-09-16T00:00:00
NFL_DAL_00-0031402_2023W02_QUESTIONABLE_LP,NFL,2023,2,2023_NFL_W02_NYJ_DAL,NFL_DAL,NFL_P_00-0031402,OL,,QUESTIONABLE,LP,Groin,2023-09-16,nflverse,,2026-09-07T05:49:16.123275+00:00,2023-09-16T00:00:00
NFL_DEN_00-0032210_2023W02_OUT_DNP,NFL,2023,2,2023_NFL_W02_WAS_DEN,NFL_DEN,NFL_P_00-0032210,LB,,OUT,DNP,Hip,2023-09-16,nflverse,,2026-09-07T05:49:16.123275+00:00,2023-09-16T00:00:00
NFL_DEN_00-0037252_2023W02_OUT_DNP,NFL,2023,2,2023_NFL_W02_WAS_DEN,NFL_DEN,NFL_P_00-0037252,TE,,OUT,DNP,Hamstring,2023-09-16,nflverse,,2026-09-07T05:49:16.123275+00:00,2023-09-16T00:00:00
NFL_DET_00-0034345_2023W02_NA_DNP,NFL,2023,2,2023_NFL_W02_SEA_DET,NFL_DET,NFL_P_00-0034345,OL,,UNKNOWN,DNP,Toe,2023-09-16,nflverse,,2026-09-07T05:49:16.123275+00:00,2023-09-16T00:00:00
NFL_DET_00-0036124_2023W02_OUT_DNP,NFL,2023,2,2023_NFL_W02_SEA_DET,NFL_DET,NFL_P_00-0036124,CB,,OUT,DNP,Illness,2023-09-16,nflverse,,2026-09-07T05:49:16.123275+00:00,2023-09-16T00:00:00
NFL_DET_00-0034096_2023W02_OUT_DNP,NFL,2023,2,2023_NFL_W02_SEA_DET,NFL_DET,NFL_P_00-0034096,CB,,OUT,DNP,Knee,2023-09-16,nflverse,,2026-09-07T05:49:16.123275+00:00,2023-09-16T00:00:00
NFL_DET_00-0038096_2023W02_OUT_DNP,NFL,2023,2,2023_NFL_W02_SEA_DET,NFL_DET,NFL_P_00-0038096,EDGE,,OUT,DNP,Knee,2023-09-16,nflverse,,2026-09-07T05:49:16.123275+00:00,2023-09-16T00:00:00
NFL_DET_00-0032381_2023W02_DOUBTFUL_DNP,NFL,2023,2,2023_NFL_W02_SEA_DET,NFL_DET,NFL_P_00-0032381,OL,,DOUBTFUL,DNP,Ankle,2023-09-16,nflverse,,2026-09-07T05:49:16.123275+00:00,2023-09-16T00:00:00
NFL_GB_00-0034967_2023W02_NA_LP,NFL,2023,2,2023_NFL_W02_GB_ATL,NFL_GB,NFL_P_00-0034967,LB,,UNKNOWN,LP,Knee,2023-09-16,nflverse,,2026-09-07T05:49:16.123275+00:00,2023-09-16T00:00:00
NFL_GB_00-0030074_2023W02_QUESTIONABLE_DNP,NFL,2023,2,2023_NFL_W02_GB_ATL,NFL_GB,NFL_P_00-0030074,OL,,QUESTIONABLE,DNP,Not injury related - resting player,2023-09-16,nflverse,,2026-09-07T05:49:16.123275+00:00,2023-09-16T00:00:00
NFL_GB_00-0033293_2023W02_QUESTIONABLE_DNP,NFL,2023,2,2023_NFL_W02_GB_ATL,NFL_GB,NFL_P_00-0033293,RB,,QUESTIONABLE,DNP,Hamstring,2023-09-16,nflverse,,2026-09-07T05:49:16.123275+00:00,2023-09-16T00:00:00
NFL_GB_00-0037074_2023W02_QUESTIONABLE_LP,NFL,2023,2,2023_NFL_W02_GB_ATL,NFL_GB,NFL_P_00-0037074,LB,,QUESTIONABLE,LP,Concussion,2023-09-16,nflverse,,2026-09-07T05:49:16.123275+00:00,2023-09-16T00:00:00
NFL_GB_00-0038124_2023W02_QUESTIONABLE_LP,NFL,2023,2,2023_NFL_W02_GB_ATL,NFL_GB,NFL_P_00-0038124,WR,,QUESTIONABLE,LP,Hamstring,2023-09-16,nflverse,,2026-09-07T05:49:16.123275+00:00,2023-09-16T00:00:00
NFL_HOU_00-0037246_2023W02_OUT_DNP,NFL,2023,2,2023_NFL_W02_IND_HOU,NFL_HOU,NFL_P_00-0037246,S,,OUT,DNP,Chest,2023-09-16,nflverse,,2026-09-07T05:49:16.123275+00:00,2023-09-16T00:00:00
NFL_HOU_00-0031298_2023W02_OUT_DNP,NFL,2023,2,2023_NFL_W02_IND_HOU,NFL_HOU,NFL_P_00-0031298,S,,OUT,DNP,Hip,2023-09-16,nflverse,,2026-09-07T05:49:16.123275+00:00,2023-09-16T00:00:00
NFL_HOU_00-0032380_2023W02_QUESTIONABLE_DNP,NFL,2023,2,2023_NFL_W02_IND_HOU,NFL_HOU,NFL_P_00-0032380,OL,,QUESTIONABLE,DNP,Knee,2023-09-16,nflverse,,2026-09-07T05:49:16.123275+00:00,2023-09-16T00:00:00
NFL_HOU_00-0031740_2023W02_QUESTIONABLE_LP,NFL,2023,2,2023_NFL_W02_IND_HOU,NFL_HOU,NFL_P_00-0031740,LB,,QUESTIONABLE,LP,Illness,2023-09-16,nflverse,,2026-09-07T05:49:16.123275+00:00,2023-09-16T00:00:00
NFL_HOU_00-0039163_2023W02_QUESTIONABLE_LP,NFL,2023,2,2023_NFL_W02_IND_HOU,NFL_HOU,NFL_P_00-0039163,QB,,QUESTIONABLE,LP,right Shoulder,2023-09-16,nflverse,,2026-09-07T05:49:16.123275+00:00,2023-09-16T00:00:00
NFL_IND_00-0033269_2023W02_NA_DNP,NFL,2023,2,2023_NFL_W02_IND_HOU,NFL_IND,NFL_P_00-0033269,P,,UNKNOWN,DNP,Illness,2023-09-16,nflverse,,2026-09-07T05:49:16.123275+00:00,2023-09-16T00:00:00
NFL_IND_00-0036876_2023W02_QUESTIONABLE_NA,NFL,2023,2,2023_NFL_W02_IND_HOU,NFL_IND,NFL_P_00-0036876,TE,,QUESTIONABLE,,Hamstring,2023-09-16,nflverse,,2026-09-07T05:49:16.123275+00:00,2023-09-16T00:00:00
NFL_IND_00-0037292_2023W02_QUESTIONABLE_FP,NFL,2023,2,2023_NFL_W02_IND_HOU,NFL_IND,NFL_P_00-0037292,TE,,QUESTIONABLE,FP,Concussion,2023-09-16,nflverse,,2026-09-07T05:49:16.123275+00:00,2023-09-16T00:00:00
NFL_IND_00-0034342_2023W02_QUESTIONABLE_LP,NFL,2023,2,2023_NFL_W02_IND_HOU,NFL_IND,NFL_P_00-0034342,OL,,QUESTIONABLE,LP,Toe,2023-09-16,nflverse,,2026-09-07T05:49:16.123275+00:00,2023-09-16T00:00:00
NFL_JAX_00-0038596_2023W02_OUT_DNP,NFL,2023,2,2023_NFL_W02_KC_JAX,NFL_JAX,NFL_P_00-0038596,S,,OUT,DNP,Hamstring,2023-09-16,nflverse,,2026-09-07T05:49:16.123275+00:00,2023-09-16T00:00:00
NFL_JAX_00-0037296_2023W02_OUT_DNP,NFL,2023,2,2023_NFL_W02_KC_JAX,NFL_JAX,NFL_P_00-0037296,CB,,OUT,DNP,Hamstring,2023-09-16,nflverse,,2026-09-07T05:49:16.123275+00:00,2023-09-16T00:00:00
NFL_JAX_00-0037814_2023W02_QUESTIONABLE_LP,NFL,2023,2,2023_NFL_W02_KC_JAX,NFL_JAX,NFL_P_00-0037814,OL,,QUESTIONABLE,LP,Ankle,2023-09-16,nflverse,,2026-09-07T05:49:16.123275+00:00,2023-09-16T00:00:00
NFL_JAX_00-0038940_2023W02_QUESTIONABLE_LP,NFL,2023,2,2023_NFL_W02_KC_JAX,NFL_JAX,NFL_P_00-0038940,EDGE,,QUESTIONABLE,LP,Hip,2023-09-16,nflverse,,2026-09-07T05:49:16.123275+00:00,2023-09-16T00:00:00
NFL_JAX_00-0032053_2023W02_QUESTIONABLE_LP,NFL,2023,2,2023_NFL_W02_KC_JAX,NFL_JAX,NFL_P_00-0032053,OL,,QUESTIONABLE,LP,Ankle,2023-09-16,nflverse,,2026-09-07T05:49:16.123275+00:00,2023-09-16T00:00:00
NFL_KC_00-0036621_2023W02_NA_DNP,NFL,2023,2,2023_NFL_W02_KC_JAX,NFL_KC,NFL_P_00-0036621,LB,,UNKNOWN,DNP,Not injury related - personal matter,2023-09-16,nflverse,,2026-09-07T05:49:16.123275+00:00,2023-09-16T00:00:00
NFL_KC_00-0032762_2023W02_NA_LP,NFL,2023,2,2023_NFL_W02_KC_JAX,NFL_KC,NFL_P_00-0032762,DL,,UNKNOWN,LP,Not injury related - resting player,2023-09-16,nflverse,,2026-09-07T05:49:16.123275+00:00,2023-09-16T00:00:00
NFL_KC_00-0036374_2023W02_NA_LP,NFL,2023,2,2023_NFL_W02_KC_JAX,NFL_KC,NFL_P_00-0036374,CB,,UNKNOWN,LP,Knee,2023-09-16,nflverse,,2026-09-07T05:49:16.123275+00:00,2023-09-16T00:00:00
NFL_KC_00-0036360_2023W02_QUESTIONABLE_DNP,NFL,2023,2,2023_NFL_W02_KC_JAX,NFL_KC,NFL_P_00-0036360,RB,,QUESTIONABLE,DNP,Illness,2023-09-16,nflverse,,2026-09-07T05:49:16.123275+00:00,2023-09-16T00:00:00
NFL_KC_00-0030506_2023W02_QUESTIONABLE_LP,NFL,2023,2,2023_NFL_W02_KC_JAX,NFL_KC,NFL_P_00-0030506,TE,,QUESTIONABLE,LP,Knee,2023-09-16,nflverse,,2026-09-07T05:49:16.123275+00:00,2023-09-16T00:00:00
NFL_LAR_00-0031388_2023W02_NA_DNP,NFL,2023,2,2023_NFL_W02_SF_LAR,NFL_LAR,NFL_P_00-0031388,DL,,UNKNOWN,DNP,Not injury related - resting player,2023-09-16,nflverse,,2026-09-07T05:49:16.123275+00:00,2023-09-16T00:00:00
NFL_LAR_00-0039060_2023W02_NA_LP,NFL,2023,2,2023_NFL_W02_SF_LAR,NFL_LAR,NFL_P_00-0039060,S,,UNKNOWN,LP,Groin,2023-09-16,nflverse,,2026-09-07T05:49:16.123275+00:00,2023-09-16T00:00:00
NFL_LAR_00-0036994_2023W02_QUESTIONABLE_DNP,NFL,2023,2,2023_NFL_W02_SF_LAR,NFL_LAR,NFL_P_00-0036994,LB,,QUESTIONABLE,DNP,Illness,2023-09-16,nflverse,,2026-09-07T05:49:16.123275+00:00,2023-09-16T00:00:00
NFL_LAR_00-0039075_2023W02_QUESTIONABLE_LP,NFL,2023,2,2023_NFL_W02_SF_LAR,NFL_LAR,NFL_P_00-0039075,WR,,QUESTIONABLE,LP,Oblique,2023-09-16,nflverse,,2026-09-07T05:49:16.123275+00:00,2023-09-16T00:00:00
NFL_LAR_00-0034114_2023W02_QUESTIONABLE_LP,NFL,2023,2,2023_NFL_W02_SF_LAR,NFL_LAR,NFL_P_00-0034114,OL,,QUESTIONABLE,LP,Toe,2023-09-16,nflverse,,2026-09-07T05:49:16.123275+00:00,2023-09-16T00:00:00
NFL_LAR_00-0037844_2023W02_QUESTIONABLE_LP,NFL,2023,2,2023_NFL_W02_SF_LAR,NFL_LAR,NFL_P_00-0037844,S,,QUESTIONABLE,LP,Knee,2023-09-16,nflverse,,2026-09-07T05:49:16.123275+00:00,2023-09-16T00:00:00
NFL_LAC_00-0033699_2023W02_DOUBTFUL_DNP,NFL,2023,2,2023_NFL_W02_LAC_TEN,NFL_LAC,NFL_P_00-0033699,RB,,DOUBTFUL,DNP,Ankle,2023-09-16,nflverse,,2026-09-07T05:49:16.123275+00:00,2023-09-16T00:00:00
NFL_LAC_00-0031554_2023W02_DOUBTFUL_DNP,NFL,2023,2,2023_NFL_W02_LAC_TEN,NFL_LAC,NFL_P_00-0031554,LB,,DOUBTFUL,DNP,Hamstring,2023-09-16,nflverse,,2026-09-07T05:49:16.123275+00:00,2023-09-16T00:00:00
NFL_LAC_00-0038553_2023W02_DOUBTFUL_LP,NFL,2023,2,2023_NFL_W02_LAC_TEN,NFL_LAC,NFL_P_00-0038553,LB,,DOUBTFUL,LP,Hamstring,2023-09-16,nflverse,,2026-09-07T05:49:16.123275+00:00,2023-09-16T00:00:00
NFL_LAC_00-0036867_2023W02_DOUBTFUL_LP,NFL,2023,2,2023_NFL_W02_LAC_TEN,NFL_LAC,NFL_P_00-0036867,EDGE,,DOUBTFUL,LP,Hamstring,2023-09-16,nflverse,,2026-09-07T05:49:16.123275+00:00,2023-09-16T00:00:00
NFL_LAC_00-0033156_2023W02_QUESTIONABLE_LP,NFL,2023,2,2023_NFL_W02_LAC_TEN,NFL_LAC,NFL_P_00-0033156,EDGE,,QUESTIONABLE,LP,Hamstring,2023-09-16,nflverse,,2026-09-07T05:49:16.123275+00:00,2023-09-16T00:00:00
NFL_LV_00-0029585_2023W02_OUT_DNP,NFL,2023,2,2023_NFL_W02_LV_BUF,NFL_LV,NFL_P_00-0029585,EDGE,,OUT,DNP,Not injury related - personal matter,2023-09-16,nflverse,,2026-09-07T05:49:16.123275+00:00,2023-09-16T00:00:00
NFL_LV_00-0034960_2023W02_OUT_DNP,NFL,2023,2,2023_NFL_W02_LV_BUF,NFL_LV,NFL_P_00-0034960,WR,,OUT,DNP,Concussion,2023-09-16,nflverse,,2026-09-07T05:49:16.123275+00:00,2023-09-16T00:00:00
NFL_MIA_00-0036935_2023W02_OUT_NA,NFL,2023,2,2023_NFL_W02_MIA_NE,NFL_MIA,NFL_P_00-0036935,CB,,OUT,,Not injury related - personal matter,2023-09-17,nflverse,,2026-09-07T05:49:16.123275+00:00,2023-09-17T00:00:00
NFL_MIA_00-0030067_2023W02_QUESTIONABLE_LP,NFL,2023,2,2023_NFL_W02_MIA_NE,NFL_MIA,NFL_P_00-0030067,OL,,QUESTIONABLE,LP,"back, ankle, knee",2023-09-17,nflverse,,2026-09-07T05:49:16.123275+00:00,2023-09-17T00:00:00
NFL_MIA_00-0034248_2023W02_QUESTIONABLE_LP,NFL,2023,2,2023_NFL_W02_MIA_NE,NFL_MIA,NFL_P_00-0034248,S,,QUESTIONABLE,LP,Knee,2023-09-17,nflverse,,2026-09-07T05:49:16.123275+00:00,2023-09-17T00:00:00
NFL_MIA_00-0038720_2023W02_QUESTIONABLE_LP,NFL,2023,2,2023_NFL_W02_MIA_NE,NFL_MIA,NFL_P_00-0038720,TE,,QUESTIONABLE,LP,Ankle,2023-09-17,nflverse,,2026-09-07T05:49:16.123275+00:00,2023-09-17T00:00:00
NFL_MIA_00-0036934_2023W02_QUESTIONABLE_LP,NFL,2023,2,2023_NFL_W02_MIA_NE,NFL_MIA,NFL_P_00-0036934,LB,,QUESTIONABLE,LP,Back,2023-09-17,nflverse,,2026-09-07T05:49:16.123275+00:00,2023-09-17T00:00:00
NFL_MIN_00-0035588_2023W02_OUT_DNP,NFL,2023,2,2023_NFL_W02_MIN_PHI,NFL_MIN,NFL_P_00-0035588,OL,,OUT,DNP,Back,2023-09-14,nflverse,,2026-09-07T05:49:16.123275+00:00,2023-09-14T00:00:00
NFL_MIN_00-0036616_2023W02_QUESTIONABLE_LP,NFL,2023,2,2023_NFL_W02_MIN_PHI,NFL_MIN,NFL_P_00-0036616,OL,,QUESTIONABLE,LP,Ankle,2023-09-14,nflverse,,2026-09-07T05:49:16.123275+00:00,2023-09-14T00:00:00
NFL_MIN_00-0034344_2023W02_QUESTIONABLE_LP,NFL,2023,2,2023_NFL_W02_MIN_PHI,NFL_MIN,NFL_P_00-0034344,EDGE,,QUESTIONABLE,LP,Ankle,2023-09-14,nflverse,,2026-09-07T05:49:16.123275+00:00,2023-09-14T00:00:00
NFL_NE_00-0031852_2023W02_NA_LP,NFL,2023,2,2023_NFL_W02_MIA_NE,NFL_NE,NFL_P_00-0031852,OL,,UNKNOWN,LP,Hamstring,2023-09-17,nflverse,,2026-09-07T05:49:16.123275+00:00,2023-09-17T00:00:00
NFL_NE_00-0038608_2023W02_NA_LP,NFL,2023,2,2023_NFL_W02_MIA_NE,NFL_NE,NFL_P_00-0038608,WR,,UNKNOWN,LP,Hamstring,2023-09-17,nflverse,,2026-09-07T05:49:16.123275+00:00,2023-09-17T00:00:00
NFL_NE_00-0032071_2023W02_QUESTIONABLE_DNP,NFL,2023,2,2023_NFL_W02_MIA_NE,NFL_NE,NFL_P_00-0032071,OL,,QUESTIONABLE,DNP,Concussion,2023-09-17,nflverse,,2026-09-07T05:49:16.123275+00:00,2023-09-17T00:00:00
NFL_NE_00-0032580_2023W02_QUESTIONABLE_DNP,NFL,2023,2,2023_NFL_W02_MIA_NE,NFL_NE,NFL_P_00-0032580,CB,,QUESTIONABLE,DNP,Ankle,2023-09-17,nflverse,,2026-09-07T05:49:16.123275+00:00,2023-09-17T00:00:00
NFL_NE_00-0038569_2023W02_QUESTIONABLE_DNP,NFL,2023,2,2023_NFL_W02_MIA_NE,NFL_NE,NFL_P_00-0038569,OL,,QUESTIONABLE,DNP,Concussion,2023-09-17,nflverse,,2026-09-07T05:49:16.123275+00:00,2023-09-17T00:00:00
NFL_NE_00-0036198_2023W02_QUESTIONABLE_LP,NFL,2023,2,2023_NFL_W02_MIA_NE,NFL_NE,NFL_P_00-0036198,OL,,QUESTIONABLE,LP,Ankle,2023-09-17,nflverse,,2026-09-07T05:49:16.123275+00:00,2023-09-17T00:00:00
NFL_NE_00-0031547_2023W02_QUESTIONABLE_LP,NFL,2023,2,2023_NFL_W02_MIA_NE,NFL_NE,NFL_P_00-0031547,WR,,QUESTIONABLE,LP,Knee,2023-09-17,nflverse,,2026-09-07T05:49:16.123275+00:00,2023-09-17T00:00:00
NFL_NE_00-0038103_2023W02_QUESTIONABLE_LP,NFL,2023,2,2023_NFL_W02_MIA_NE,NFL_NE,NFL_P_00-0038103,OL,,QUESTIONABLE,LP,Knee,2023-09-17,nflverse,,2026-09-07T05:49:16.123275+00:00,2023-09-17T00:00:00
NFL_NO_00-0034116_2023W02_QUESTIONABLE_LP,NFL,2023,2,2023_NFL_W02_NO_CAR,NFL_NO,NFL_P_00-0034116,S,,QUESTIONABLE,LP,Shoulder,2023-09-17,nflverse,,2026-09-07T05:49:16.123275+00:00,2023-09-17T00:00:00
NFL_NO_00-0038551_2023W02_QUESTIONABLE_LP,NFL,2023,2,2023_NFL_W02_NO_CAR,NFL_NO,NFL_P_00-0038551,RB,,QUESTIONABLE,LP,Hamstring,2023-09-17,nflverse,,2026-09-07T05:49:16.123275+00:00,2023-09-17T00:00:00
NFL_NYG_00-0031610_2023W02_NA_LP,NFL,2023,2,2023_NFL_W02_NYG_ARI,NFL_NYG,NFL_P_00-0031610,TE,,UNKNOWN,LP,Hamstring,2023-09-16,nflverse,,2026-09-07T05:49:16.123275+00:00,2023-09-16T00:00:00
NFL_NYG_00-0036552_2023W02_DOUBTFUL_LP,NFL,2023,2,2023_NFL_W02_NYG_ARI,NFL_NYG,NFL_P_00-0036552,EDGE,,DOUBTFUL,LP,Hamstring,2023-09-16,nflverse,,2026-09-07T05:49:16.123275+00:00,2023-09-16T00:00:00
NFL_NYG_00-0038117_2023W02_DOUBTFUL_LP,NFL,2023,2,2023_NFL_W02_NYG_ARI,NFL_NYG,NFL_P_00-0038117,WR,,DOUBTFUL,LP,Knee,2023-09-16,nflverse,,2026-09-07T05:49:16.123275+00:00,2023-09-16T00:00:00
NFL_NYG_00-0036386_2023W02_QUESTIONABLE_LP,NFL,2023,2,2023_NFL_W02_NYG_ARI,NFL_NYG,NFL_P_00-0036386,OL,,QUESTIONABLE,LP,Hamstring,2023-09-16,nflverse,,2026-09-07T05:49:16.123275+00:00,2023-09-16T00:00:00
NFL_NYJ_00-0029621_2023W02_QUESTIONABLE_DNP,NFL,2023,2,2023_NFL_W02_NYJ_DAL,NFL_NYJ,NFL_P_00-0029621,K,,QUESTIONABLE,DNP,right Groin,2023-09-16,nflverse,,2026-09-07T05:49:16.123275+00:00,2023-09-16T00:00:00
NFL_NYJ_00-0036284_2023W02_QUESTIONABLE_FP,NFL,2023,2,2023_NFL_W02_NYJ_DAL,NFL_NYJ,NFL_P_00-0036284,OL,,QUESTIONABLE,FP,Knee,2023-09-16,nflverse,,2026-09-07T05:49:16.123275+00:00,2023-09-16T00:00:00
NFL_NYJ_00-0026166_2023W02_QUESTIONABLE_FP,NFL,2023,2,2023_NFL_W02_NYJ_DAL,NFL_NYJ,NFL_P_00-0026166,OL,,QUESTIONABLE,FP,Shoulder,2023-09-16,nflverse,,2026-09-07T05:49:16.123275+00:00,2023-09-16T00:00:00
NFL_NYJ_00-0038120_2023W02_QUESTIONABLE_FP,NFL,2023,2,2023_NFL_W02_NYJ_DAL,NFL_NYJ,NFL_P_00-0038120,RB,,QUESTIONABLE,FP,Knee,2023-09-16,nflverse,,2026-09-07T05:49:16.123275+00:00,2023-09-16T00:00:00
NFL_PHI_00-0037615_2023W02_NA_DNP,NFL,2023,2,2023_NFL_W02_MIN_PHI,NFL_PHI,NFL_P_00-0037615,LB,,UNKNOWN,DNP,Foot,2023-09-14,nflverse,,2026-09-07T05:49:16.123275+00:00,2023-09-14T00:00:00
NFL_PHI_00-0037130_2023W02_OUT_DNP,NFL,2023,2,2023_NFL_W02_MIN_PHI,NFL_PHI,NFL_P_00-0037130,S,,OUT,DNP,Ribs,2023-09-14,nflverse,,2026-09-07T05:49:16.123275+00:00,2023-09-14T00:00:00
NFL_PHI_00-0032890_2023W02_OUT_DNP,NFL,2023,2,2023_NFL_W02_MIN_PHI,NFL_PHI,NFL_P_00-0032890,CB,,OUT,DNP,Concussion,2023-09-14,nflverse,,2026-09-07T05:49:16.123275+00:00,2023-09-14T00:00:00
NFL_PHI_00-0036919_2023W02_OUT_DNP,NFL,2023,2,2023_NFL_W02_MIN_PHI,NFL_PHI,NFL_P_00-0036919,RB,,OUT,DNP,Ribs,2023-09-14,nflverse,,2026-09-07T05:49:16.123275+00:00,2023-09-14T00:00:00
NFL_PHI_00-0029653_2023W02_QUESTIONABLE_LP,NFL,2023,2,2023_NFL_W02_MIN_PHI,NFL_PHI,NFL_P_00-0029653,DL,,QUESTIONABLE,LP,Ribs,2023-09-14,nflverse,,2026-09-07T05:49:16.123275+00:00,2023-09-14T00:00:00
NFL_PIT_00-0037247_2023W02_NA_LP,NFL,2023,2,2023_NFL_W02_CLE_PIT,NFL_PIT,NFL_P_00-0037247,WR,,UNKNOWN,LP,Hamstring,2023-09-18,nflverse,,2026-09-07T05:49:16.123275+00:00,2023-09-18T00:00:00
NFL_PIT_00-0035216_2023W02_OUT_DNP,NFL,2023,2,2023_NFL_W02_CLE_PIT,NFL_PIT,NFL_P_00-0035216,WR,,OUT,DNP,Hamstring,2023-09-18,nflverse,,2026-09-07T05:49:16.123275+00:00,2023-09-18T00:00:00
NFL_PIT_00-0036336_2023W02_OUT_DNP,NFL,2023,2,2023_NFL_W02_CLE_PIT,NFL_PIT,NFL_P_00-0036336,RB,,OUT,DNP,Knee,2023-09-18,nflverse,,2026-09-07T05:49:16.123275+00:00,2023-09-18T00:00:00
NFL_SEA_00-0032387_2023W02_NA_DNP,NFL,2023,2,2023_NFL_W02_SEA_DET,NFL_SEA,NFL_P_00-0032387,DL,,UNKNOWN,DNP,Not injury related - resting player,2023-09-16,nflverse,,2026-09-07T05:49:16.123275+00:00,2023-09-16T00:00:00
NFL_SEA_00-0037821_2023W02_OUT_DNP,NFL,2023,2,2023_NFL_W02_SEA_DET,NFL_SEA,NFL_P_00-0037821,OL,,OUT,DNP,Toe,2023-09-16,nflverse,,2026-09-07T05:49:16.123275+00:00,2023-09-16T00:00:00
NFL_SEA_00-0038591_2023W02_OUT_DNP,NFL,2023,2,2023_NFL_W02_SEA_DET,NFL_SEA,NFL_P_00-0038591,EDGE,,OUT,DNP,Shoulder,2023-09-16,nflverse,,2026-09-07T05:49:16.123275+00:00,2023-09-16T00:00:00
NFL_SEA_00-0033872_2023W02_OUT_LP,NFL,2023,2,2023_NFL_W02_SEA_DET,NFL_SEA,NFL_P_00-0033872,S,,OUT,LP,Knee,2023-09-16,nflverse,,2026-09-07T05:49:16.123275+00:00,2023-09-16T00:00:00
NFL_SEA_00-0038133_2023W02_QUESTIONABLE_DNP,NFL,2023,2,2023_NFL_W02_SEA_DET,NFL_SEA,NFL_P_00-0038133,LB,,QUESTIONABLE,DNP,Knee,2023-09-16,nflverse,,2026-09-07T05:49:16.123275+00:00,2023-09-16T00:00:00
NFL_SEA_00-0035525_2023W02_QUESTIONABLE_LP,NFL,2023,2,2023_NFL_W02_SEA_DET,NFL_SEA,NFL_P_00-0035525,LB,,QUESTIONABLE,LP,Shoulder,2023-09-16,nflverse,,2026-09-07T05:49:16.123275+00:00,2023-09-16T00:00:00
NFL_SF_00-0037830_2023W02_OUT_DNP,NFL,2023,2,2023_NFL_W02_SF_LAR,NFL_SF,NFL_P_00-0037830,CB,,OUT,DNP,Knee,2023-09-16,nflverse,,2026-09-07T05:49:16.123275+00:00,2023-09-16T00:00:00
NFL_TB_00-0029562_2023W02_NA_DNP,NFL,2023,2,2023_NFL_W02_CHI_TB,NFL_TB,NFL_P_00-0029562,LB,,UNKNOWN,DNP,Not injury related - resting player,2023-09-16,nflverse,,2026-09-07T05:49:16.123275+00:00,2023-09-16T00:00:00
NFL_TB_00-0031408_2023W02_NA_DNP,NFL,2023,2,2023_NFL_W02_CHI_TB,NFL_TB,NFL_P_00-0031408,WR,,UNKNOWN,DNP,Not injury related - resting player,2023-09-16,nflverse,,2026-09-07T05:49:16.123275+00:00,2023-09-16T00:00:00
NFL_TB_00-0034778_2023W02_OUT_DNP,NFL,2023,2,2023_NFL_W02_CHI_TB,NFL_TB,NFL_P_00-0034778,CB,,OUT,DNP,Toe,2023-09-16,nflverse,,2026-09-07T05:49:16.123275+00:00,2023-09-16T00:00:00
NFL_TB_00-0039049_2023W02_OUT_DNP,NFL,2023,2,2023_NFL_W02_CHI_TB,NFL_TB,NFL_P_00-0039049,LB,,OUT,DNP,Hamstring,2023-09-16,nflverse,,2026-09-07T05:49:16.123275+00:00,2023-09-16T00:00:00
NFL_TB_00-0039063_2023W02_OUT_DNP,NFL,2023,2,2023_NFL_W02_CHI_TB,NFL_TB,NFL_P_00-0039063,DL,,OUT,DNP,Calf,2023-09-16,nflverse,,2026-09-07T05:49:16.123275+00:00,2023-09-16T00:00:00
NFL_TB_00-0038820_2023W02_QUESTIONABLE_FP,NFL,2023,2,2023_NFL_W02_CHI_TB,NFL_TB,NFL_P_00-0038820,S,,QUESTIONABLE,FP,Concussion,2023-09-16,nflverse,,2026-09-07T05:49:16.123275+00:00,2023-09-16T00:00:00
NFL_TEN_00-0035632_2023W02_OUT_DNP,NFL,2023,2,2023_NFL_W02_LAC_TEN,NFL_TEN,NFL_P_00-0035632,S,,OUT,DNP,Concussion,2023-09-16,nflverse,,2026-09-07T05:49:16.123275+00:00,2023-09-16T00:00:00
NFL_TEN_00-0036416_2023W02_OUT_LP,NFL,2023,2,2023_NFL_W02_LAC_TEN,NFL_TEN,NFL_P_00-0036416,CB,,OUT,LP,Hamstring,2023-09-16,nflverse,,2026-09-07T05:49:16.123275+00:00,2023-09-16T00:00:00
NFL_TEN_00-0030564_2023W02_QUESTIONABLE_DNP,NFL,2023,2,2023_NFL_W02_LAC_TEN,NFL_TEN,NFL_P_00-0030564,WR,,QUESTIONABLE,DNP,Ankle,2023-09-16,nflverse,,2026-09-07T05:49:16.123275+00:00,2023-09-16T00:00:00
NFL_TEN_00-0039034_2023W02_QUESTIONABLE_DNP,NFL,2023,2,2023_NFL_W02_LAC_TEN,NFL_TEN,NFL_P_00-0039034,OL,,QUESTIONABLE,DNP,Illness,2023-09-16,nflverse,,2026-09-07T05:49:16.123275+00:00,2023-09-16T00:00:00
NFL_WAS_00-0033282_2023W02_NA_LP,NFL,2023,2,2023_NFL_W02_WAS_DEN,NFL_WAS,NFL_P_00-0033282,WR,,UNKNOWN,LP,Hip,2023-09-16,nflverse,,2026-09-07T05:49:16.123275+00:00,2023-09-16T00:00:00
NFL_WAS_00-0039149_2023W02_OUT_DNP,NFL,2023,2,2023_NFL_W02_WAS_DEN,NFL_WAS,NFL_P_00-0039149,CB,,OUT,DNP,Concussion,2023-09-16,nflverse,,2026-09-07T05:49:16.123275+00:00,2023-09-16T00:00:00
NFL_ARI_00-0033563_2023W03_OUT_DNP,NFL,2023,3,2023_NFL_W03_DAL_ARI,NFL_ARI,NFL_P_00-0033563,EDGE,,OUT,DNP,Biceps,2023-09-23,nflverse,,2026-09-07T05:49:16.123275+00:00,2023-09-23T00:00:00
NFL_ARI_00-0034801_2023W03_OUT_DNP,NFL,2023,3,2023_NFL_W03_DAL_ARI,NFL_ARI,NFL_P_00-0034801,LB,,OUT,DNP,Ankle,2023-09-23,nflverse,,2026-09-07T05:49:16.123275+00:00,2023-09-23T00:00:00
NFL_ARI_00-0036371_2023W03_QUESTIONABLE_LP,NFL,2023,3,2023_NFL_W03_DAL_ARI,NFL_ARI,NFL_P_00-0036371,DL,,QUESTIONABLE,LP,Shoulder,2023-09-23,nflverse,,2026-09-07T05:49:16.123275+00:00,2023-09-23T00:00:00
NFL_ATL_00-0026190_2023W03_NA_DNP,NFL,2023,3,2023_NFL_W03_ATL_DET,NFL_ATL,NFL_P_00-0026190,EDGE,,UNKNOWN,DNP,Not injury related - resting player,2023-09-23,nflverse,,2026-09-07T05:49:16.123275+00:00,2023-09-23T00:00:00
NFL_ATL_00-0032146_2023W03_NA_DNP,NFL,2023,3,2023_NFL_W03_ATL_DET,NFL_ATL,NFL_P_00-0032146,LB,,UNKNOWN,DNP,Illness,2023-09-23,nflverse,,2026-09-07T05:49:16.123275+00:00,2023-09-23T00:00:00
NFL_ATL_00-0036274_2023W03_QUESTIONABLE_FP,NFL,2023,3,2023_NFL_W03_ATL_DET,NFL_ATL,NFL_P_00-0036274,CB,,QUESTIONABLE,FP,Foot,2023-09-23,nflverse,,2026-09-07T05:49:16.123275+00:00,2023-09-23T00:00:00
NFL_ATL_00-0030578_2023W03_QUESTIONABLE_LP,NFL,2023,3,2023_NFL_W03_ATL_DET,NFL_ATL,NFL_P_00-0030578,RB,,QUESTIONABLE,LP,Thigh,2023-09-23,nflverse,,2026-09-07T05:49:16.123275+00:00,2023-09-23T00:00:00
NFL_BAL_00-0031235_2023W03_OUT_DNP,NFL,2023,3,2023_NFL_W03_IND_BAL,NFL_BAL,NFL_P_00-0031235,WR,,OUT,DNP,Ankle,2023-09-23,nflverse,,2026-09-07T05:49:16.123275+00:00,2023-09-23T00:00:00
NFL_BAL_00-0034975_2023W03_OUT_DNP,NFL,2023,3,2023_NFL_W03_IND_BAL,NFL_BAL,NFL_P_00-0034975,RB,,OUT,DNP,Foot,2023-09-23,nflverse,,2026-09-07T05:49:16.123275+00:00,2023-09-23T00:00:00
NFL_BAL_00-0033281_2023W03_OUT_DNP,NFL,2023,3,2023_NFL_W03_IND_BAL,NFL_BAL,NFL_P_00-0033281,CB,,OUT,DNP,Foot,2023-09-23,nflverse,,2026-09-07T05:49:16.123275+00:00,2023-09-23T00:00:00
NFL_BAL_00-0037825_2023W03_OUT_DNP,NFL,2023,3,2023_NFL_W03_IND_BAL,NFL_BAL,NFL_P_00-0037825,OL,,OUT,DNP,Ankle,2023-09-23,nflverse,,2026-09-07T05:49:16.123275+00:00,2023-09-23T00:00:00
NFL_BAL_00-0036940_2023W03_OUT_DNP,NFL,2023,3,2023_NFL_W03_IND_BAL,NFL_BAL,NFL_P_00-0036940,LB,,OUT,DNP,Ankle,2023-09-23,nflverse,,2026-09-07T05:49:16.123275+00:00,2023-09-23T00:00:00
NFL_BAL_00-0032965_2023W03_OUT_DNP,NFL,2023,3,2023_NFL_W03_IND_BAL,NFL_BAL,NFL_P_00-0032965,OL,,OUT,DNP,Knee,2023-09-23,nflverse,,2026-09-07T05:49:16.123275+00:00,2023-09-23T00:00:00
NFL_BAL_00-0033894_2023W03_OUT_DNP,NFL,2023,3,2023_NFL_W03_IND_BAL,NFL_BAL,NFL_P_00-0033894,S,,OUT,DNP,Pectoral,2023-09-23,nflverse,,2026-09-07T05:49:16.123275+00:00,2023-09-23T00:00:00
NFL_BUF_00-0030114_2023W03_NA_DNP,NFL,2023,3,2023_NFL_W03_BUF_WAS,NFL_BUF,NFL_P_00-0030114,S,,UNKNOWN,DNP,Not injury related - resting player,2023-09-23,nflverse,,2026-09-07T05:49:16.123275+00:00,2023-09-23T00:00:00
NFL_BUF_00-0033884_2023W03_NA_DNP,NFL,2023,3,2023_NFL_W03_BUF_WAS,NFL_BUF,NFL_P_00-0033884,CB,,UNKNOWN,DNP,Not injury related - personal matter,2023-09-23,nflverse,,2026-09-07T05:49:16.123275+00:00,2023-09-23T00:00:00
NFL_CAR_00-0039150_2023W03_OUT_DNP,NFL,2023,3,2023_NFL_W03_CAR_SEA,NFL_CAR,NFL_P_00-0039150,QB,,OUT,DNP,Ankle,2023-09-23,nflverse,,2026-09-07T05:49:16.123275+00:00,2023-09-23T00:00:00
NFL_CAR_00-0028008_2023W03_QUESTIONABLE_FP,NFL,2023,3,2023_NFL_W03_CAR_SEA,NFL_CAR,NFL_P_00-0028008,LB,,QUESTIONABLE,FP,Calf,2023-09-23,nflverse,,2026-09-07T05:49:16.123275+00:00,2023-09-23T00:00:00
NFL_CHI_00-0024243_2023W03_NA_DNP,NFL,2023,3,2023_NFL_W03_CHI_KC,NFL_CHI,NFL_P_00-0024243,TE,,UNKNOWN,DNP,Not injury related - resting player,2023-09-23,nflverse,,2026-09-07T05:49:16.123275+00:00,2023-09-23T00:00:00
NFL_CHI_00-0036341_2023W03_OUT_DNP,NFL,2023,3,2023_NFL_W03_CHI_KC,NFL_CHI,NFL_P_00-0036341,LB,,OUT,DNP,Hip,2023-09-23,nflverse,,2026-09-07T05:49:16.123275+00:00,2023-09-23T00:00:00
NFL_CHI_00-0033784_2023W03_DOUBTFUL_DNP,NFL,2023,3,2023_NFL_W03_CHI_KC,NFL_CHI,NFL_P_00-0033784,S,,DOUBTFUL,DNP,Foot,2023-09-23,nflverse,,2026-09-07T05:49:16.123275+00:00,2023-09-23T00:00:00
NFL_CHI_00-0035649_2023W03_QUESTIONABLE_LP,NFL,2023,3,2023_NFL_W03_CHI_KC,NFL_CHI,NFL_P_00-0035649,OL,,QUESTIONABLE,LP,Not injury related - personal matter,2023-09-23,nflverse,,2026-09-07T05:49:16.123275+00:00,2023-09-23T00:00:00
NFL_CIN_00-0036298_2023W03_NA_DNP,NFL,2023,3,2023_NFL_W03_LAR_CIN,NFL_CIN,NFL_P_00-0036298,LB,,UNKNOWN,DNP,Knee,2023-09-25,nflverse,,2026-09-07T05:49:16.123275+00:00,2023-09-25T00:00:00
NFL_CIN_00-0033548_2023W03_NA_LP,NFL,2023,3,2023_NFL_W03_LAR_CIN,NFL_CIN,NFL_P_00-0033548,CB,,UNKNOWN,LP,Not injury related - resting player,2023-09-25,nflverse,,2026-09-07T05:49:16.123275+00:00,2023-09-25T00:00:00
NFL_CIN_00-0034970_2023W03_DOUBTFUL_LP,NFL,2023,3,2023_NFL_W03_LAR_CIN,NFL_CIN,NFL_P_00-0034970,TE,,DOUBTFUL,LP,Hamstring,2023-09-25,nflverse,,2026-09-07T05:49:16.123275+00:00,2023-09-25T00:00:00
NFL_CIN_00-0036442_2023W03_QUESTIONABLE_LP,NFL,2023,3,2023_NFL_W03_LAR_CIN,NFL_CIN,NFL_P_00-0036442,QB,,QUESTIONABLE,LP,Calf,2023-09-25,nflverse,,2026-09-07T05:49:16.123275+00:00,2023-09-25T00:00:00
NFL_CLE_00-0031544_2023W03_NA_LP,NFL,2023,3,2023_NFL_W03_TEN_CLE,NFL_CLE,NFL_P_00-0031544,WR,,UNKNOWN,LP,Groin,2023-09-23,nflverse,,2026-09-07T05:49:16.123275+00:00,2023-09-23T00:00:00
NFL_CLE_00-0036996_2023W03_OUT_DNP,NFL,2023,3,2023_NFL_W03_TEN_CLE,NFL_CLE,NFL_P_00-0036996,CB,,OUT,DNP,Elbow,2023-09-23,nflverse,,2026-09-07T05:49:16.123275+00:00,2023-09-23T00:00:00
NFL_CLE_00-0036866_2023W03_QUESTIONABLE_DNP,NFL,2023,3,2023_NFL_W03_TEN_CLE,NFL_CLE,NFL_P_00-0036866,OL,,QUESTIONABLE,DNP,Ankle,2023-09-23,nflverse,,2026-09-07T05:49:16.123275+00:00,2023-09-23T00:00:00
NFL_DAL_00-0036361_2023W03_OUT_DNP,NFL,2023,3,2023_NFL_W03_DAL_ARI,NFL_DAL,NFL_P_00-0036361,CB,,OUT,DNP,Knee,2023-09-23,nflverse,,2026-09-07T05:49:16.123275+00:00,2023-09-23T00:00:00
NFL_DAL_00-0027947_2023W03_QUESTIONABLE_NA,NFL,2023,3,2023_NFL_W03_DAL_ARI,NFL_DAL,NFL_P_00-0027947,OL,,QUESTIONABLE,,Knee,2023-09-23,nflverse,,2026-09-07T05:49:16.123275+00:00,2023-09-23T00:00:00
NFL_DAL_00-0036376_2023W03_QUESTIONABLE_DNP,NFL,2023,3,2023_NFL_W03_DAL_ARI,NFL_DAL,NFL_P_00-0036376,OL,,QUESTIONABLE,DNP,Hamstring,2023-09-23,nflverse,,2026-09-07T05:49:16.123275+00:00,2023-09-23T00:00:00
NFL_DAL_00-0031402_2023W03_QUESTIONABLE_DNP,NFL,2023,3,2023_NFL_W03_DAL_ARI,NFL_DAL,NFL_P_00-0031402,OL,,QUESTIONABLE,DNP,Ankle,2023-09-23,nflverse,,2026-09-07T05:49:16.123275+00:00,2023-09-23T00:00:00
NFL_DEN_00-0032210_2023W03_OUT_DNP,NFL,2023,3,2023_NFL_W03_DEN_MIA,NFL_DEN,NFL_P_00-0032210,LB,,OUT,DNP,Hip,2023-09-23,nflverse,,2026-09-07T05:49:16.123275+00:00,2023-09-23T00:00:00
NFL_DEN_00-0032971_2023W03_OUT_DNP,NFL,2023,3,2023_NFL_W03_DEN_MIA,NFL_DEN,NFL_P_00-0032971,S,,OUT,DNP,Hip,2023-09-23,nflverse,,2026-09-07T05:49:16.123275+00:00,2023-09-23T00:00:00
NFL_DEN_00-0029890_2023W03_QUESTIONABLE_LP,NFL,2023,3,2023_NFL_W03_DEN_MIA,NFL_DEN,NFL_P_00-0029890,DL,,QUESTIONABLE,LP,Ankle,2023-09-23,nflverse,,2026-09-07T05:49:16.123275+00:00,2023-09-23T00:00:00
NFL_DET_00-0032381_2023W03_OUT_DNP,NFL,2023,3,2023_NFL_W03_ATL_DET,NFL_DET,NFL_P_00-0032381,OL,,OUT,DNP,Ankle,2023-09-23,nflverse,,2026-09-07T05:49:16.123275+00:00,2023-09-23T00:00:00
NFL_DET_00-0037667_2023W03_OUT_DNP,NFL,2023,3,2023_NFL_W03_ATL_DET,NFL_DET,NFL_P_00-0037667,S,,OUT,DNP,Hip,2023-09-23,nflverse,,2026-09-07T05:49:16.123275+00:00,2023-09-23T00:00:00
NFL_DET_00-0034096_2023W03_OUT_DNP,NFL,2023,3,2023_NFL_W03_ATL_DET,NFL_DET,NFL_P_00-0034096,CB,,OUT,DNP,Knee,2023-09-23,nflverse,,2026-09-07T05:49:16.123275+00:00,2023-09-23T00:00:00
NFL_DET_00-0032785_2023W03_OUT_DNP,NFL,2023,3,2023_NFL_W03_ATL_DET,NFL_DET,NFL_P_00-0032785,OL,,OUT,DNP,Knee,2023-09-23,nflverse,,2026-09-07T05:49:16.123275+00:00,2023-09-23T00:00:00
NFL_DET_00-0035685_2023W03_DOUBTFUL_DNP,NFL,2023,3,2023_NFL_W03_ATL_DET,NFL_DET,NFL_P_00-0035685,RB,,DOUBTFUL,DNP,Thigh,2023-09-23,nflverse,,2026-09-07T05:49:16.123275+00:00,2023-09-23T00:00:00
NFL_DET_00-0033943_2023W03_QUESTIONABLE_FP,NFL,2023,3,2023_NFL_W03_ATL_DET,NFL_DET,NFL_P_00-0033943,WR,,QUESTIONABLE,FP,Groin,2023-09-23,nflverse,,2026-09-07T05:49:16.123275+00:00,2023-09-23T00:00:00
NFL_DET_00-0036963_2023W03_QUESTIONABLE_FP,NFL,2023,3,2023_NFL_W03_ATL_DET,NFL_DET,NFL_P_00-0036963,WR,,QUESTIONABLE,FP,Toe,2023-09-23,nflverse,,2026-09-07T05:49:16.123275+00:00,2023-09-23T00:00:00
NFL_GB_00-0034967_2023W03_NA_LP,NFL,2023,3,2023_NFL_W03_NO_GB,NFL_GB,NFL_P_00-0034967,LB,,UNKNOWN,LP,Knee,2023-09-23,nflverse,,2026-09-07T05:49:16.123275+00:00,2023-09-23T00:00:00
NFL_GB_00-0036677_2023W03_OUT_DNP,NFL,2023,3,2023_NFL_W03_NO_GB,NFL_GB,NFL_P_00-0036677,S,,OUT,DNP,Hamstring,2023-09-23,nflverse,,2026-09-07T05:49:16.123275+00:00,2023-09-23T00:00:00
NFL_GB_00-0035526_2023W03_OUT_DNP,NFL,2023,3,2023_NFL_W03_NO_GB,NFL_GB,NFL_P_00-0035526,OL,,OUT,DNP,Knee,2023-09-23,nflverse,,2026-09-07T05:49:16.123275+00:00,2023-09-23T00:00:00
NFL_GB_00-0030074_2023W03_QUESTIONABLE_DNP,NFL,2023,3,2023_NFL_W03_NO_GB,NFL_GB,NFL_P_00-0030074,OL,,QUESTIONABLE,DNP,Not injury related - resting player,2023-09-23,nflverse,,2026-09-07T05:49:16.123275+00:00,2023-09-23T00:00:00
NFL_GB_00-0034728_2023W03_QUESTIONABLE_LP,NFL,2023,3,2023_NFL_W03_NO_GB,NFL_GB,NFL_P_00-0034728,CB,,QUESTIONABLE,LP,Back,2023-09-23,nflverse,,2026-09-07T05:49:16.123275+00:00,2023-09-23T00:00:00
NFL_GB_00-0033293_2023W03_QUESTIONABLE_LP,NFL,2023,3,2023_NFL_W03_NO_GB,NFL_GB,NFL_P_00-0033293,RB,,QUESTIONABLE,LP,Hamstring,2023-09-23,nflverse,,2026-09-07T05:49:16.123275+00:00,2023-09-23T00:00:00
NFL_GB_00-0039112_2023W03_QUESTIONABLE_LP,NFL,2023,3,2023_NFL_W03_NO_GB,NFL_GB,NFL_P_00-0039112,LB,,QUESTIONABLE,LP,Elbow,2023-09-23,nflverse,,2026-09-07T05:49:16.123275+00:00,2023-09-23T00:00:00
NFL_GB_00-0038124_2023W03_QUESTIONABLE_LP,NFL,2023,3,2023_NFL_W03_NO_GB,NFL_GB,NFL_P_00-0038124,WR,,QUESTIONABLE,LP,Hamstring,2023-09-23,nflverse,,2026-09-07T05:49:16.123275+00:00,2023-09-23T00:00:00
NFL_HOU_00-0032103_2023W03_OUT_DNP,NFL,2023,3,2023_NFL_W03_HOU_JAX,NFL_HOU,NFL_P_00-0032103,LB,,OUT,DNP,Hand,2023-09-23,nflverse,,2026-09-07T05:49:16.123275+00:00,2023-09-23T00:00:00
NFL_HOU_00-0037246_2023W03_OUT_DNP,NFL,2023,3,2023_NFL_W03_HOU_JAX,NFL_HOU,NFL_P_00-0037246,S,,OUT,DNP,Chest,2023-09-23,nflverse,,2026-09-07T05:49:16.123275+00:00,2023-09-23T00:00:00
NFL_HOU_00-0037237_2023W03_OUT_DNP,NFL,2023,3,2023_NFL_W03_HOU_JAX,NFL_HOU,NFL_P_00-0037237,CB,,OUT,DNP,Hamstring,2023-09-23,nflverse,,2026-09-07T05:49:16.123275+00:00,2023-09-23T00:00:00
NFL_HOU_00-0034488_2023W03_OUT_DNP,NFL,2023,3,2023_NFL_W03_HOU_JAX,NFL_HOU,NFL_P_00-0034488,CB,,OUT,DNP,Hand,2023-09-23,nflverse,,2026-09-07T05:49:16.123275+00:00,2023-09-23T00:00:00
NFL_HOU_00-0032380_2023W03_QUESTIONABLE_LP,NFL,2023,3,2023_NFL_W03_HOU_JAX,NFL_HOU,NFL_P_00-0032380,OL,,QUESTIONABLE,LP,Knee,2023-09-23,nflverse,,2026-09-07T05:49:16.123275+00:00,2023-09-23T00:00:00
NFL_IND_00-0032383_2023W03_OUT_DNP,NFL,2023,3,2023_NFL_W03_IND_BAL,NFL_IND,NFL_P_00-0032383,OL,,OUT,DNP,Concussion,2023-09-23,nflverse,,2026-09-07T05:49:16.123275+00:00,2023-09-23T00:00:00
NFL_IND_00-0039164_2023W03_OUT_DNP,NFL,2023,3,2023_NFL_W03_IND_BAL,NFL_IND,NFL_P_00-0039164,QB,,OUT,DNP,Concussion,2023-09-23,nflverse,,2026-09-07T05:49:16.123275+00:00,2023-09-23T00:00:00
NFL_IND_00-0034342_2023W03_QUESTIONABLE_FP,NFL,2023,3,2023_NFL_W03_IND_BAL,NFL_IND,NFL_P_00-0034342,OL,,QUESTIONABLE,FP,Toe,2023-09-23,nflverse,,2026-09-07T05:49:16.123275+00:00,2023-09-23T00:00:00
NFL_IND_00-0037395_2023W03_QUESTIONABLE_LP,NFL,2023,3,2023_NFL_W03_IND_BAL,NFL_IND,NFL_P_00-0037395,CB,,QUESTIONABLE,LP,Ankle,2023-09-23,nflverse,,2026-09-07T05:49:16.123275+00:00,2023-09-23T00:00:00
NFL_IND_00-0033393_2023W03_QUESTIONABLE_LP,NFL,2023,3,2023_NFL_W03_IND_BAL,NFL_IND,NFL_P_00-0033393,CB,,QUESTIONABLE,LP,Knee,2023-09-23,nflverse,,2026-09-07T05:49:16.123275+00:00,2023-09-23T00:00:00
NFL_JAX_00-0038596_2023W03_OUT_DNP,NFL,2023,3,2023_NFL_W03_HOU_JAX,NFL_JAX,NFL_P_00-0038596,S,,OUT,DNP,Hamstring,2023-09-23,nflverse,,2026-09-07T05:49:16.123275+00:00,2023-09-23T00:00:00
NFL_JAX_00-0033891_2023W03_OUT_DNP,NFL,2023,3,2023_NFL_W03_HOU_JAX,NFL_JAX,NFL_P_00-0033891,WR,,OUT,DNP,Knee,2023-09-23,nflverse,,2026-09-07T05:49:16.123275+00:00,2023-09-23T00:00:00
NFL_JAX_00-0034275_2023W03_QUESTIONABLE_LP,NFL,2023,3,2023_NFL_W03_HOU_JAX,NFL_JAX,NFL_P_00-0034275,DL,,QUESTIONABLE,LP,Shoulder,2023-09-23,nflverse,,2026-09-07T05:49:16.123275+00:00,2023-09-23T00:00:00
NFL_JAX_00-0035642_2023W03_QUESTIONABLE_LP,NFL,2023,3,2023_NFL_W03_HOU_JAX,NFL_JAX,NFL_P_00-0035642,LB,,QUESTIONABLE,LP,Shoulder,2023-09-23,nflverse,,2026-09-07T05:49:16.123275+00:00,2023-09-23T00:00:00
NFL_JAX_00-0035378_2023W03_QUESTIONABLE_LP,NFL,2023,3,2023_NFL_W03_HOU_JAX,NFL_JAX,NFL_P_00-0035378,S,,QUESTIONABLE,LP,Shoulder,2023-09-23,nflverse,,2026-09-07T05:49:16.123275+00:00,2023-09-23T00:00:00
NFL_KC_00-0036621_2023W03_OUT_DNP,NFL,2023,3,2023_NFL_W03_CHI_KC,NFL_KC,NFL_P_00-0036621,LB,,OUT,DNP,Ankle,2023-09-23,nflverse,,2026-09-07T05:49:16.123275+00:00,2023-09-23T00:00:00
NFL_KC_00-0034286_2023W03_OUT_DNP,NFL,2023,3,2023_NFL_W03_CHI_KC,NFL_KC,NFL_P_00-0034286,WR,,OUT,DNP,Knee,2023-09-23,nflverse,,2026-09-07T05:49:16.123275+00:00,2023-09-23T00:00:00
NFL_KC_00-0036362_2023W03_QUESTIONABLE_LP,NFL,2023,3,2023_NFL_W03_CHI_KC,NFL_KC,NFL_P_00-0036362,LB,,QUESTIONABLE,LP,Quadricep,2023-09-23,nflverse,,2026-09-07T05:49:16.123275+00:00,2023-09-23T00:00:00
NFL_KC_00-0037197_2023W03_QUESTIONABLE_LP,NFL,2023,3,2023_NFL_W03_CHI_KC,NFL_KC,NFL_P_00-0037197,RB,,QUESTIONABLE,LP,Hamstring,2023-09-23,nflverse,,2026-09-07T05:49:16.123275+00:00,2023-09-23T00:00:00
NFL_KC_00-0036913_2023W03_QUESTIONABLE_LP,NFL,2023,3,2023_NFL_W03_CHI_KC,NFL_KC,NFL_P_00-0036913,WR,,QUESTIONABLE,LP,Toe,2023-09-23,nflverse,,2026-09-07T05:49:16.123275+00:00,2023-09-23T00:00:00
NFL_LAR_00-0039075_2023W03_QUESTIONABLE_LP,NFL,2023,3,2023_NFL_W03_LAR_CIN,NFL_LAR,NFL_P_00-0039075,WR,,QUESTIONABLE,LP,Oblique,2023-09-25,nflverse,,2026-09-07T05:49:16.123275+00:00,2023-09-25T00:00:00
NFL_LAC_00-0033699_2023W03_OUT_DNP,NFL,2023,3,2023_NFL_W03_LAC_MIN,NFL_LAC,NFL_P_00-0033699,RB,,OUT,DNP,Ankle,2023-09-23,nflverse,,2026-09-07T05:49:16.123275+00:00,2023-09-23T00:00:00
NFL_LAC_00-0031554_2023W03_OUT_DNP,NFL,2023,3,2023_NFL_W03_LAC_MIN,NFL_LAC,NFL_P_00-0031554,LB,,OUT,DNP,Hamstring,2023-09-23,nflverse,,2026-09-07T05:49:16.123275+00:00,2023-09-23T00:00:00
NFL_LAC_00-0038553_2023W03_QUESTIONABLE_FP,NFL,2023,3,2023_NFL_W03_LAC_MIN,NFL_LAC,NFL_P_00-0038553,LB,,QUESTIONABLE,FP,Hamstring,2023-09-23,nflverse,,2026-09-07T05:49:16.123275+00:00,2023-09-23T00:00:00
NFL_LAC_00-0036867_2023W03_QUESTIONABLE_FP,NFL,2023,3,2023_NFL_W03_LAC_MIN,NFL_LAC,NFL_P_00-0036867,EDGE,,QUESTIONABLE,FP,Hamstring,2023-09-23,nflverse,,2026-09-07T05:49:16.123275+00:00,2023-09-23T00:00:00
NFL_LAC_00-0033156_2023W03_QUESTIONABLE_LP,NFL,2023,3,2023_NFL_W03_LAC_MIN,NFL_LAC,NFL_P_00-0033156,EDGE,,QUESTIONABLE,LP,Hamstring,2023-09-23,nflverse,,2026-09-07T05:49:16.123275+00:00,2023-09-23T00:00:00
NFL_LAC_00-0037375_2023W03_QUESTIONABLE_LP,NFL,2023,3,2023_NFL_W03_LAC_MIN,NFL_LAC,NFL_P_00-0037375,DL,,QUESTIONABLE,LP,Back,2023-09-23,nflverse,,2026-09-07T05:49:16.123275+00:00,2023-09-23T00:00:00
NFL_LV_00-0034387_2023W03_NA_LP,NFL,2023,3,2023_NFL_W03_PIT_LV,NFL_LV,NFL_P_00-0034387,DL,,UNKNOWN,LP,Hamstring,2023-09-24,nflverse,,2026-09-07T05:49:16.123275+00:00,2023-09-24T00:00:00
NFL_LV_00-0038541_2023W03_QUESTIONABLE_LP,NFL,2023,3,2023_NFL_W03_PIT_LV,NFL_LV,NFL_P_00-0038541,EDGE,,QUESTIONABLE,LP,Illness,2023-09-24,nflverse,,2026-09-07T05:49:16.123275+00:00,2023-09-24T00:00:00
NFL_MIA_00-0033050_2023W03_NA_DNP,NFL,2023,3,2023_NFL_W03_DEN_MIA,NFL_MIA,NFL_P_00-0033050,CB,,UNKNOWN,DNP,Not injury related - resting player,2023-09-23,nflverse,,2026-09-07T05:49:16.123275+00:00,2023-09-23T00:00:00
NFL_MIA_00-0036020_2023W03_DOUBTFUL_LP,NFL,2023,3,2023_NFL_W03_DEN_MIA,NFL_MIA,NFL_P_00-0036020,RB,,DOUBTFUL,LP,Groin,2023-09-23,nflverse,,2026-09-07T05:49:16.123275+00:00,2023-09-23T00:00:00
NFL_MIA_00-0034248_2023W03_QUESTIONABLE_FP,NFL,2023,3,2023_NFL_W03_DEN_MIA,NFL_MIA,NFL_P_00-0034248,S,,QUESTIONABLE,FP,Knee,2023-09-23,nflverse,,2026-09-07T05:49:16.123275+00:00,2023-09-23T00:00:00
NFL_MIA_00-0036213_2023W03_QUESTIONABLE_FP,NFL,2023,3,2023_NFL_W03_DEN_MIA,NFL_MIA,NFL_P_00-0036213,DL,,QUESTIONABLE,FP,Wrist,2023-09-23,nflverse,,2026-09-07T05:49:16.123275+00:00,2023-09-23T00:00:00
NFL_MIA_00-0038720_2023W03_QUESTIONABLE_FP,NFL,2023,3,2023_NFL_W03_DEN_MIA,NFL_MIA,NFL_P_00-0038720,TE,,QUESTIONABLE,FP,Ankle,2023-09-23,nflverse,,2026-09-07T05:49:16.123275+00:00,2023-09-23T00:00:00
NFL_MIA_00-0036934_2023W03_QUESTIONABLE_FP,NFL,2023,3,2023_NFL_W03_DEN_MIA,NFL_MIA,NFL_P_00-0036934,LB,,QUESTIONABLE,FP,Back,2023-09-23,nflverse,,2026-09-07T05:49:16.123275+00:00,2023-09-23T00:00:00
NFL_MIA_00-0030067_2023W03_QUESTIONABLE_LP,NFL,2023,3,2023_NFL_W03_DEN_MIA,NFL_MIA,NFL_P_00-0030067,OL,,QUESTIONABLE,LP,"back, ankle, knee",2023-09-23,nflverse,,2026-09-07T05:49:16.123275+00:00,2023-09-23T00:00:00
NFL_MIA_00-0032214_2023W03_QUESTIONABLE_LP,NFL,2023,3,2023_NFL_W03_DEN_MIA,NFL_MIA,NFL_P_00-0032214,TE,,QUESTIONABLE,LP,Back,2023-09-23,nflverse,,2026-09-07T05:49:16.123275+00:00,2023-09-23T00:00:00
NFL_MIA_00-0036613_2023W03_QUESTIONABLE_LP,NFL,2023,3,2023_NFL_W03_DEN_MIA,NFL_MIA,NFL_P_00-0036613,WR,,QUESTIONABLE,LP,Concussion,2023-09-23,nflverse,,2026-09-07T05:49:16.123275+00:00,2023-09-23T00:00:00
NFL_MIN_00-0037291_2023W03_NA_LP,NFL,2023,3,2023_NFL_W03_LAC_MIN,NFL_MIN,NFL_P_00-0037291,WR,,UNKNOWN,LP,Hamstring,2023-09-23,nflverse,,2026-09-07T05:49:16.123275+00:00,2023-09-23T00:00:00
NFL_MIN_00-0034344_2023W03_OUT_DNP,NFL,2023,3,2023_NFL_W03_LAC_MIN,NFL_MIN,NFL_P_00-0034344,EDGE,,OUT,DNP,Ankle,2023-09-23,nflverse,,2026-09-07T05:49:16.123275+00:00,2023-09-23T00:00:00
NFL_MIN_00-0035588_2023W03_QUESTIONABLE_LP,NFL,2023,3,2023_NFL_W03_LAC_MIN,NFL_MIN,NFL_P_00-0035588,OL,,QUESTIONABLE,LP,Back,2023-09-23,nflverse,,2026-09-07T05:49:16.123275+00:00,2023-09-23T00:00:00
NFL_NE_00-0033860_2023W03_NA_DNP,NFL,2023,3,2023_NFL_W03_NE_NYJ,NFL_NE,NFL_P_00-0033860,DL,,UNKNOWN,DNP,Not injury related - personal matter,2023-09-23,nflverse,,2026-09-07T05:49:16.123275+00:00,2023-09-23T00:00:00
NFL_NE_00-0037253_2023W03_NA_DNP,NFL,2023,3,2023_NFL_W03_NE_NYJ,NFL_NE,NFL_P_00-0037253,CB,,UNKNOWN,DNP,Shoulder,2023-09-23,nflverse,,2026-09-07T05:49:16.123275+00:00,2023-09-23T00:00:00
NFL_NE_00-0032071_2023W03_NA_LP,NFL,2023,3,2023_NFL_W03_NE_NYJ,NFL_NE,NFL_P_00-0032071,OL,,UNKNOWN,LP,Concussion,2023-09-23,nflverse,,2026-09-07T05:49:16.123275+00:00,2023-09-23T00:00:00
NFL_NE_00-0031547_2023W03_NA_LP,NFL,2023,3,2023_NFL_W03_NE_NYJ,NFL_NE,NFL_P_00-0031547,WR,,UNKNOWN,LP,Knee,2023-09-23,nflverse,,2026-09-07T05:49:16.123275+00:00,2023-09-23T00:00:00
NFL_NE_00-0036981_2023W03_QUESTIONABLE_LP,NFL,2023,3,2023_NFL_W03_NE_NYJ,NFL_NE,NFL_P_00-0036981,DL,,QUESTIONABLE,LP,Knee,2023-09-23,nflverse,,2026-09-07T05:49:16.123275+00:00,2023-09-23T00:00:00
NFL_NE_00-0032580_2023W03_QUESTIONABLE_LP,NFL,2023,3,2023_NFL_W03_NE_NYJ,NFL_NE,NFL_P_00-0032580,CB,,QUESTIONABLE,LP,Ankle,2023-09-23,nflverse,,2026-09-07T05:49:16.123275+00:00,2023-09-23T00:00:00
NFL_NE_00-0036198_2023W03_QUESTIONABLE_LP,NFL,2023,3,2023_NFL_W03_NE_NYJ,NFL_NE,NFL_P_00-0036198,OL,,QUESTIONABLE,LP,Ankle,2023-09-23,nflverse,,2026-09-07T05:49:16.123275+00:00,2023-09-23T00:00:00
NFL_NE_00-0038569_2023W03_QUESTIONABLE_LP,NFL,2023,3,2023_NFL_W03_NE_NYJ,NFL_NE,NFL_P_00-0038569,OL,,QUESTIONABLE,LP,Concussion,2023-09-23,nflverse,,2026-09-07T05:49:16.123275+00:00,2023-09-23T00:00:00
NFL_NE_00-0038103_2023W03_QUESTIONABLE_LP,NFL,2023,3,2023_NFL_W03_NE_NYJ,NFL_NE,NFL_P_00-0038103,OL,,QUESTIONABLE,LP,Knee,2023-09-23,nflverse,,2026-09-07T05:49:16.123275+00:00,2023-09-23T00:00:00
NFL_NO_00-0033948_2023W03_OUT_DNP,NFL,2023,3,2023_NFL_W03_NO_GB,NFL_NO,NFL_P_00-0033948,RB,,OUT,DNP,Hamstring,2023-09-23,nflverse,,2026-09-07T05:49:16.123275+00:00,2023-09-23T00:00:00
NFL_NO_00-0034981_2023W03_DOUBTFUL_DNP,NFL,2023,3,2023_NFL_W03_NO_GB,NFL_NO,NFL_P_00-0034981,TE,,DOUBTFUL,DNP,Ankle,2023-09-23,nflverse,,2026-09-07T05:49:16.123275+00:00,2023-09-23T00:00:00
NFL_NO_00-0036937_2023W03_QUESTIONABLE_DNP,NFL,2023,3,2023_NFL_W03_NO_GB,NFL_NO,NFL_P_00-0036937,CB,,QUESTIONABLE,DNP,Hamstring,2023-09-23,nflverse,,2026-09-07T05:49:16.123275+00:00,2023-09-23T00:00:00
NFL_NO_00-0035142_2023W03_QUESTIONABLE_LP,NFL,2023,3,2023_NFL_W03_NO_GB,NFL_NO,NFL_P_00-0035142,S,,QUESTIONABLE,LP,Knee,2023-09-23,nflverse,,2026-09-07T05:49:16.123275+00:00,2023-09-23T00:00:00
NFL_NYG_00-0034844_2023W03_OUT_DNP,NFL,2023,3,2023_NFL_W03_NYG_SF,NFL_NYG,NFL_P_00-0034844,RB,,OUT,DNP,Ankle,2023-09-21,nflverse,,2026-09-07T05:49:16.123275+00:00,2023-09-21T00:00:00
NFL_NYG_00-0036132_2023W03_OUT_DNP,NFL,2023,3,2023_NFL_W03_NYG_SF,NFL_NYG,NFL_P_00-0036132,OL,,OUT,DNP,Concussion,2023-09-21,nflverse,,2026-09-07T05:49:16.123275+00:00,2023-09-21T00:00:00
NFL_NYG_00-0036552_2023W03_OUT_LP,NFL,2023,3,2023_NFL_W03_NYG_SF,NFL_NYG,NFL_P_00-0036552,EDGE,,OUT,LP,Hamstring,2023-09-21,nflverse,,2026-09-07T05:49:16.123275+00:00,2023-09-21T00:00:00
NFL_NYG_00-0036386_2023W03_OUT_LP,NFL,2023,3,2023_NFL_W03_NYG_SF,NFL_NYG,NFL_P_00-0036386,OL,,OUT,LP,Hamstring,2023-09-21,nflverse,,2026-09-07T05:49:16.123275+00:00,2023-09-21T00:00:00
NFL_NYG_00-0037259_2023W03_QUESTIONABLE_LP,NFL,2023,3,2023_NFL_W03_NYG_SF,NFL_NYG,NFL_P_00-0037259,LB,,QUESTIONABLE,LP,Neck,2023-09-21,nflverse,,2026-09-07T05:49:16.123275+00:00,2023-09-21T00:00:00
NFL_NYG_00-0038117_2023W03_QUESTIONABLE_LP,NFL,2023,3,2023_NFL_W03_NYG_SF,NFL_NYG,NFL_P_00-0038117,WR,,QUESTIONABLE,LP,Knee,2023-09-21,nflverse,,2026-09-07T05:49:16.123275+00:00,2023-09-21T00:00:00
NFL_NYJ_00-0037155_2023W03_OUT_DNP,NFL,2023,3,2023_NFL_W03_NE_NYJ,NFL_NYJ,NFL_P_00-0037155,S,,OUT,DNP,Hamstring,2023-09-23,nflverse,,2026-09-07T05:49:16.123275+00:00,2023-09-23T00:00:00
NFL_NYJ_00-0032432_2023W03_OUT_DNP,NFL,2023,3,2023_NFL_W03_NE_NYJ,NFL_NYJ,NFL_P_00-0032432,OL,,OUT,DNP,Concussion,2023-09-23,nflverse,,2026-09-07T05:49:16.123275+00:00,2023-09-23T00:00:00
NFL_NYJ_00-0026166_2023W03_QUESTIONABLE_DNP,NFL,2023,3,2023_NFL_W03_NE_NYJ,NFL_NYJ,NFL_P_00-0026166,OL,,QUESTIONABLE,DNP,Shoulder,2023-09-23,nflverse,,2026-09-07T05:49:16.123275+00:00,2023-09-23T00:00:00
NFL_NYJ_00-0034805_2023W03_QUESTIONABLE_FP,NFL,2023,3,2023_NFL_W03_NE_NYJ,NFL_NYJ,NFL_P_00-0034805,EDGE,,QUESTIONABLE,FP,Hip,2023-09-23,nflverse,,2026-09-07T05:49:16.123275+00:00,2023-09-23T00:00:00
NFL_NYJ_00-0029621_2023W03_QUESTIONABLE_FP,NFL,2023,3,2023_NFL_W03_NE_NYJ,NFL_NYJ,NFL_P_00-0029621,K,,QUESTIONABLE,FP,right Groin,2023-09-23,nflverse,,2026-09-07T05:49:16.123275+00:00,2023-09-23T00:00:00
NFL_PHI_00-0036271_2023W03_OUT_DNP,NFL,2023,3,2023_NFL_W03_PHI_TB,NFL_PHI,NFL_P_00-0036271,WR,,OUT,DNP,Hamstring,2023-09-24,nflverse,,2026-09-07T05:49:16.123275+00:00,2023-09-24T00:00:00
NFL_PHI_00-0034414_2023W03_OUT_LP,NFL,2023,3,2023_NFL_W03_PHI_TB,NFL_PHI,NFL_P_00-0034414,RB,,OUT,LP,Concussion,2023-09-24,nflverse,,2026-09-07T05:49:16.123275+00:00,2023-09-24T00:00:00
NFL_PIT_00-0035645_2023W03_OUT_DNP,NFL,2023,3,2023_NFL_W03_PIT_LV,NFL_PIT,NFL_P_00-0035645,WR,,OUT,DNP,Concussion,2023-09-24,nflverse,,2026-09-07T05:49:16.123275+00:00,2023-09-24T00:00:00
NFL_SEA_00-0036409_2023W03_NA_DNP,NFL,2023,3,2023_NFL_W03_CAR_SEA,NFL_SEA,NFL_P_00-0036409,LB,,UNKNOWN,DNP,Not injury related - resting player,2023-09-23,nflverse,,2026-09-07T05:49:16.123275+00:00,2023-09-23T00:00:00
NFL_SEA_00-0039047_2023W03_NA_LP,NFL,2023,3,2023_NFL_W03_CAR_SEA,NFL_SEA,NFL_P_00-0039047,LB,,UNKNOWN,LP,Shoulder,2023-09-23,nflverse,,2026-09-07T05:49:16.123275+00:00,2023-09-23T00:00:00
NFL_SEA_00-0038136_2023W03_OUT_DNP,NFL,2023,3,2023_NFL_W03_CAR_SEA,NFL_SEA,NFL_P_00-0038136,CB,,OUT,DNP,Toe,2023-09-23,nflverse,,2026-09-07T05:49:16.123275+00:00,2023-09-23T00:00:00
NFL_SEA_00-0037821_2023W03_OUT_DNP,NFL,2023,3,2023_NFL_W03_CAR_SEA,NFL_SEA,NFL_P_00-0037821,OL,,OUT,DNP,Toe,2023-09-23,nflverse,,2026-09-07T05:49:16.123275+00:00,2023-09-23T00:00:00
NFL_SEA_00-0034159_2023W03_DOUBTFUL_DNP,NFL,2023,3,2023_NFL_W03_CAR_SEA,NFL_SEA,NFL_P_00-0034159,TE,,DOUBTFUL,DNP,Shoulder,2023-09-23,nflverse,,2026-09-07T05:49:16.123275+00:00,2023-09-23T00:00:00
NFL_SEA_00-0037079_2023W03_DOUBTFUL_DNP,NFL,2023,3,2023_NFL_W03_CAR_SEA,NFL_SEA,NFL_P_00-0037079,CB,,DOUBTFUL,DNP,Chest,2023-09-23,nflverse,,2026-09-07T05:49:16.123275+00:00,2023-09-23T00:00:00
NFL_SEA_00-0036425_2023W03_QUESTIONABLE_DNP,NFL,2023,3,2023_NFL_W03_CAR_SEA,NFL_SEA,NFL_P_00-0036425,RB,,QUESTIONABLE,DNP,Illness,2023-09-23,nflverse,,2026-09-07T05:49:16.123275+00:00,2023-09-23T00:00:00
NFL_SEA_00-0031608_2023W03_QUESTIONABLE_DNP,NFL,2023,3,2023_NFL_W03_CAR_SEA,NFL_SEA,NFL_P_00-0031608,S,,QUESTIONABLE,DNP,Hamstring,2023-09-23,nflverse,,2026-09-07T05:49:16.123275+00:00,2023-09-23T00:00:00
NFL_SEA_00-0033872_2023W03_QUESTIONABLE_FP,NFL,2023,3,2023_NFL_W03_CAR_SEA,NFL_SEA,NFL_P_00-0033872,S,,QUESTIONABLE,FP,Knee,2023-09-23,nflverse,,2026-09-07T05:49:16.123275+00:00,2023-09-23T00:00:00
NFL_SEA_00-0035640_2023W03_QUESTIONABLE_FP,NFL,2023,3,2023_NFL_W03_CAR_SEA,NFL_SEA,NFL_P_00-0035640,WR,,QUESTIONABLE,FP,Ribs,2023-09-23,nflverse,,2026-09-07T05:49:16.123275+00:00,2023-09-23T00:00:00
NFL_SEA_00-0032387_2023W03_QUESTIONABLE_FP,NFL,2023,3,2023_NFL_W03_CAR_SEA,NFL_SEA,NFL_P_00-0032387,DL,,QUESTIONABLE,FP,Groin,2023-09-23,nflverse,,2026-09-07T05:49:16.123275+00:00,2023-09-23T00:00:00
NFL_SEA_00-0035141_2023W03_QUESTIONABLE_LP,NFL,2023,3,2023_NFL_W03_CAR_SEA,NFL_SEA,NFL_P_00-0035141,OL,,QUESTIONABLE,LP,Calf,2023-09-23,nflverse,,2026-09-07T05:49:16.123275+00:00,2023-09-23T00:00:00
NFL_SEA_00-0034974_2023W03_QUESTIONABLE_LP,NFL,2023,3,2023_NFL_W03_CAR_SEA,NFL_SEA,NFL_P_00-0034974,S,,QUESTIONABLE,LP,Hamstring,2023-09-23,nflverse,,2026-09-07T05:49:16.123275+00:00,2023-09-23T00:00:00
NFL_SF_00-0036261_2023W03_QUESTIONABLE_LP,NFL,2023,3,2023_NFL_W03_NYG_SF,NFL_SF,NFL_P_00-0036261,WR,,QUESTIONABLE,LP,Shoulder,2023-09-21,nflverse,,2026-09-07T05:49:16.123275+00:00,2023-09-21T00:00:00
NFL_SF_00-0037008_2023W03_QUESTIONABLE_LP,NFL,2023,3,2023_NFL_W03_NYG_SF,NFL_SF,NFL_P_00-0037008,CB,,QUESTIONABLE,LP,Knee,2023-09-21,nflverse,,2026-09-07T05:49:16.123275+00:00,2023-09-21T00:00:00
NFL_TB_00-0029562_2023W03_NA_DNP,NFL,2023,3,2023_NFL_W03_PHI_TB,NFL_TB,NFL_P_00-0029562,LB,,UNKNOWN,DNP,Not injury related - resting player,2023-09-24,nflverse,,2026-09-07T05:49:16.123275+00:00,2023-09-24T00:00:00
NFL_TB_00-0031408_2023W03_NA_DNP,NFL,2023,3,2023_NFL_W03_PHI_TB,NFL_TB,NFL_P_00-0031408,WR,,UNKNOWN,DNP,Not injury related - resting player,2023-09-24,nflverse,,2026-09-07T05:49:16.123275+00:00,2023-09-24T00:00:00
NFL_TB_00-0039049_2023W03_OUT_DNP,NFL,2023,3,2023_NFL_W03_PHI_TB,NFL_TB,NFL_P_00-0039049,LB,,OUT,DNP,Hamstring,2023-09-24,nflverse,,2026-09-07T05:49:16.123275+00:00,2023-09-24T00:00:00
NFL_TB_00-0039063_2023W03_OUT_DNP,NFL,2023,3,2023_NFL_W03_PHI_TB,NFL_TB,NFL_P_00-0039063,DL,,OUT,DNP,Calf,2023-09-24,nflverse,,2026-09-07T05:49:16.123275+00:00,2023-09-24T00:00:00
NFL_TB_00-0039157_2023W03_QUESTIONABLE_FP,NFL,2023,3,2023_NFL_W03_PHI_TB,NFL_TB,NFL_P_00-0039157,OL,,QUESTIONABLE,FP,Back,2023-09-24,nflverse,,2026-09-07T05:49:16.123275+00:00,2023-09-24T00:00:00
NFL_TB_00-0034778_2023W03_QUESTIONABLE_LP,NFL,2023,3,2023_NFL_W03_PHI_TB,NFL_TB,NFL_P_00-0034778,CB,,QUESTIONABLE,LP,Toe,2023-09-24,nflverse,,2026-09-07T05:49:16.123275+00:00,2023-09-24T00:00:00
NFL_TB_00-0034773_2023W03_QUESTIONABLE_LP,NFL,2023,3,2023_NFL_W03_PHI_TB,NFL_TB,NFL_P_00-0034773,DL,,QUESTIONABLE,LP,Pectoral,2023-09-24,nflverse,,2026-09-07T05:49:16.123275+00:00,2023-09-24T00:00:00
NFL_TB_00-0035707_2023W03_QUESTIONABLE_LP,NFL,2023,3,2023_NFL_W03_PHI_TB,NFL_TB,NFL_P_00-0035707,LB,,QUESTIONABLE,LP,Groin,2023-09-24,nflverse,,2026-09-07T05:49:16.123275+00:00,2023-09-24T00:00:00
NFL_TEN_00-0038969_2023W03_OUT_DNP,NFL,2023,3,2023_NFL_W03_TEN_CLE,NFL_TEN,NFL_P_00-0038969,WR,,OUT,DNP,Ankle,2023-09-23,nflverse,,2026-09-07T05:49:16.123275+00:00,2023-09-23T00:00:00
NFL_TEN_00-0039034_2023W03_OUT_DNP,NFL,2023,3,2023_NFL_W03_TEN_CLE,NFL_TEN,NFL_P_00-0039034,OL,,OUT,DNP,Abdomen,2023-09-23,nflverse,,2026-09-07T05:49:16.123275+00:00,2023-09-23T00:00:00
NFL_TEN_00-0030564_2023W03_QUESTIONABLE_DNP,NFL,2023,3,2023_NFL_W03_TEN_CLE,NFL_TEN,NFL_P_00-0030564,WR,,QUESTIONABLE,DNP,Ankle,2023-09-23,nflverse,,2026-09-07T05:49:16.123275+00:00,2023-09-23T00:00:00
NFL_TEN_00-0031254_2023W03_QUESTIONABLE_LP,NFL,2023,3,2023_NFL_W03_TEN_CLE,NFL_TEN,NFL_P_00-0031254,EDGE,,QUESTIONABLE,LP,Foot,2023-09-23,nflverse,,2026-09-07T05:49:16.123275+00:00,2023-09-23T00:00:00
NFL_TEN_00-0038848_2023W03_QUESTIONABLE_LP,NFL,2023,3,2023_NFL_W03_TEN_CLE,NFL_TEN,NFL_P_00-0038848,CB,,QUESTIONABLE,LP,Hip,2023-09-23,nflverse,,2026-09-07T05:49:16.123275+00:00,2023-09-23T00:00:00
NFL_WAS_00-0031260_2023W03_OUT_DNP,NFL,2023,3,2023_NFL_W03_BUF_WAS,NFL_WAS,NFL_P_00-0031260,TE,,OUT,DNP,Concussion,2023-09-23,nflverse,,2026-09-07T05:49:16.123275+00:00,2023-09-23T00:00:00
NFL_WAS_00-0036349_2023W03_QUESTIONABLE_DNP,NFL,2023,3,2023_NFL_W03_BUF_WAS,NFL_WAS,NFL_P_00-0036349,S,,QUESTIONABLE,DNP,Illness,2023-09-23,nflverse,,2026-09-07T05:49:16.123275+00:00,2023-09-23T00:00:00
NFL_WAS_00-0033282_2023W03_QUESTIONABLE_DNP,NFL,2023,3,2023_NFL_W03_BUF_WAS,NFL_WAS,NFL_P_00-0033282,WR,,QUESTIONABLE,DNP,Illness,2023-09-23,nflverse,,2026-09-07T05:49:16.123275+00:00,2023-09-23T00:00:00
NFL_ARI_00-0035343_2023W04_OUT_DNP,NFL,2023,4,2023_NFL_W04_ARI_SF,NFL_ARI,NFL_P_00-0035343,EDGE,,OUT,DNP,Finger,2023-09-30,nflverse,,2026-09-07T05:49:16.123275+00:00,2023-09-30T00:00:00
NFL_ARI_00-0034801_2023W04_OUT_DNP,NFL,2023,4,2023_NFL_W04_ARI_SF,NFL_ARI,NFL_P_00-0034801,LB,,OUT,DNP,Ankle,2023-09-30,nflverse,,2026-09-07T05:49:16.123275+00:00,2023-09-30T00:00:00
NFL_ARI_00-0037299_2023W04_QUESTIONABLE_DNP,NFL,2023,4,2023_NFL_W04_ARI_SF,NFL_ARI,NFL_P_00-0037299,RB,,QUESTIONABLE,DNP,Neck,2023-09-30,nflverse,,2026-09-07T05:49:16.123275+00:00,2023-09-30T00:00:00
NFL_ARI_00-0035961_2023W04_QUESTIONABLE_LP,NFL,2023,4,2023_NFL_W04_ARI_SF,NFL_ARI,NFL_P_00-0035961,LB,,QUESTIONABLE,LP,Finger,2023-09-30,nflverse,,2026-09-07T05:49:16.123275+00:00,2023-09-30T00:00:00
NFL_ARI_00-0035662_2023W04_QUESTIONABLE_LP,NFL,2023,4,2023_NFL_W04_ARI_SF,NFL_ARI,NFL_P_00-0035662,WR,,QUESTIONABLE,LP,Thumb,2023-09-30,nflverse,,2026-09-07T05:49:16.123275+00:00,2023-09-30T00:00:00
NFL_ARI_00-0038540_2023W04_QUESTIONABLE_LP,NFL,2023,4,2023_NFL_W04_ARI_SF,NFL_ARI,NFL_P_00-0038540,OL,,QUESTIONABLE,LP,Ankle,2023-09-30,nflverse,,2026-09-07T05:49:16.123275+00:00,2023-09-30T00:00:00
NFL_ATL_00-0026190_2023W04_NA_DNP,NFL,2023,4,2023_NFL_W04_ATL_JAX,NFL_ATL,NFL_P_00-0026190,EDGE,,UNKNOWN,DNP,Not injury related - resting player,2023-09-30,nflverse,,2026-09-07T05:49:16.123275+00:00,2023-09-30T00:00:00
NFL_ATL_00-0038149_2023W04_OUT_DNP,NFL,2023,4,2023_NFL_W04_ATL_JAX,NFL_ATL,NFL_P_00-0038149,WR,,OUT,DNP,Ankle,2023-09-30,nflverse,,2026-09-07T05:49:16.123275+00:00,2023-09-30T00:00:00
NFL_ATL_00-0030578_2023W04_QUESTIONABLE_LP,NFL,2023,4,2023_NFL_W04_ATL_JAX,NFL_ATL,NFL_P_00-0030578,RB,,QUESTIONABLE,LP,Thigh,2023-09-30,nflverse,,2026-09-07T05:49:16.123275+00:00,2023-09-30T00:00:00
NFL_BAL_00-0036550_2023W04_OUT_DNP,NFL,2023,4,2023_NFL_W04_BAL_CLE,NFL_BAL,NFL_P_00-0036550,WR,,OUT,DNP,Hamstring,2023-09-30,nflverse,,2026-09-07T05:49:16.123275+00:00,2023-09-30T00:00:00
NFL_BAL_00-0031235_2023W04_OUT_DNP,NFL,2023,4,2023_NFL_W04_BAL_CLE,NFL_BAL,NFL_P_00-0031235,WR,,OUT,DNP,Ankle,2023-09-30,nflverse,,2026-09-07T05:49:16.123275+00:00,2023-09-30T00:00:00
NFL_BAL_00-0033281_2023W04_OUT_DNP,NFL,2023,4,2023_NFL_W04_BAL_CLE,NFL_BAL,NFL_P_00-0033281,CB,,OUT,DNP,Foot,2023-09-30,nflverse,,2026-09-07T05:49:16.123275+00:00,2023-09-30T00:00:00
NFL_BAL_00-0038142_2023W04_OUT_DNP,NFL,2023,4,2023_NFL_W04_BAL_CLE,NFL_BAL,NFL_P_00-0038142,LB,,OUT,DNP,Ankle,2023-09-30,nflverse,,2026-09-07T05:49:16.123275+00:00,2023-09-30T00:00:00
NFL_BAL_00-0036940_2023W04_OUT_DNP,NFL,2023,4,2023_NFL_W04_BAL_CLE,NFL_BAL,NFL_P_00-0036940,LB,,OUT,DNP,Ankle,2023-09-30,nflverse,,2026-09-07T05:49:16.123275+00:00,2023-09-30T00:00:00
NFL_BAL_00-0032965_2023W04_DOUBTFUL_DNP,NFL,2023,4,2023_NFL_W04_BAL_CLE,NFL_BAL,NFL_P_00-0032965,OL,,DOUBTFUL,DNP,Knee,2023-09-30,nflverse,,2026-09-07T05:49:16.123275+00:00,2023-09-30T00:00:00
NFL_BAL_00-0038038_2023W04_QUESTIONABLE_FP,NFL,2023,4,2023_NFL_W04_BAL_CLE,NFL_BAL,NFL_P_00-0038038,S,,QUESTIONABLE,FP,Back,2023-09-30,nflverse,,2026-09-07T05:49:16.123275+00:00,2023-09-30T00:00:00
NFL_BAL_00-0034975_2023W04_QUESTIONABLE_FP,NFL,2023,4,2023_NFL_W04_BAL_CLE,NFL_BAL,NFL_P_00-0034975,RB,,QUESTIONABLE,FP,Foot,2023-09-30,nflverse,,2026-09-07T05:49:16.123275+00:00,2023-09-30T00:00:00
NFL_BAL_00-0033894_2023W04_QUESTIONABLE_FP,NFL,2023,4,2023_NFL_W04_BAL_CLE,NFL_BAL,NFL_P_00-0033894,S,,QUESTIONABLE,FP,Pectoral,2023-09-30,nflverse,,2026-09-07T05:49:16.123275+00:00,2023-09-30T00:00:00
NFL_BAL_00-0037825_2023W04_QUESTIONABLE_LP,NFL,2023,4,2023_NFL_W04_BAL_CLE,NFL_BAL,NFL_P_00-0037825,OL,,QUESTIONABLE,LP,Ankle,2023-09-30,nflverse,,2026-09-07T05:49:16.123275+00:00,2023-09-30T00:00:00
NFL_BUF_00-0033884_2023W04_NA_DNP,NFL,2023,4,2023_NFL_W04_MIA_BUF,NFL_BUF,NFL_P_00-0033884,CB,,UNKNOWN,DNP,Not injury related - resting player,2023-09-30,nflverse,,2026-09-07T05:49:16.123275+00:00,2023-09-30T00:00:00
NFL_BUF_00-0030114_2023W04_OUT_DNP,NFL,2023,4,2023_NFL_W04_MIA_BUF,NFL_BUF,NFL_P_00-0030114,S,,OUT,DNP,Knee,2023-09-30,nflverse,,2026-09-07T05:49:16.123275+00:00,2023-09-30T00:00:00
NFL_CAR_00-0030035_2023W04_NA_DNP,NFL,2023,4,2023_NFL_W04_MIN_CAR,NFL_CAR,NFL_P_00-0030035,WR,,UNKNOWN,DNP,Not injury related - resting player,2023-09-30,nflverse,,2026-09-07T05:49:16.123275+00:00,2023-09-30T00:00:00
NFL_CAR_00-0033579_2023W04_OUT_DNP,NFL,2023,4,2023_NFL_W04_MIN_CAR,NFL_CAR,NFL_P_00-0033579,S,,OUT,DNP,Hamstring,2023-09-30,nflverse,,2026-09-07T05:49:16.123275+00:00,2023-09-30T00:00:00
NFL_CAR_00-0035243_2023W04_QUESTIONABLE_DNP,NFL,2023,4,2023_NFL_W04_MIN_CAR,NFL_CAR,NFL_P_00-0035243,RB,,QUESTIONABLE,DNP,Groin,2023-09-30,nflverse,,2026-09-07T05:49:16.123275+00:00,2023-09-30T00:00:00
NFL_CAR_00-0039062_2023W04_QUESTIONABLE_FP,NFL,2023,4,2023_NFL_W04_MIN_CAR,NFL_CAR,NFL_P_00-0039062,WR,,QUESTIONABLE,FP,Concussion,2023-09-30,nflverse,,2026-09-07T05:49:16.123275+00:00,2023-09-30T00:00:00
NFL_CAR_00-0034302_2023W04_QUESTIONABLE_LP,NFL,2023,4,2023_NFL_W04_MIN_CAR,NFL_CAR,NFL_P_00-0034302,LB,,QUESTIONABLE,LP,Hip,2023-09-30,nflverse,,2026-09-07T05:49:16.123275+00:00,2023-09-30T00:00:00
NFL_CHI_00-0024243_2023W04_NA_DNP,NFL,2023,4,2023_NFL_W04_DEN_CHI,NFL_CHI,NFL_P_00-0024243,TE,,UNKNOWN,DNP,Not injury related - resting player,2023-09-30,nflverse,,2026-09-07T05:49:16.123275+00:00,2023-09-30T00:00:00
NFL_CHI_00-0037129_2023W04_OUT_DNP,NFL,2023,4,2023_NFL_W04_DEN_CHI,NFL_CHI,NFL_P_00-0037129,CB,,OUT,DNP,Hamstring,2023-09-30,nflverse,,2026-09-07T05:49:16.123275+00:00,2023-09-30T00:00:00
NFL_CHI_00-0033784_2023W04_OUT_DNP,NFL,2023,4,2023_NFL_W04_DEN_CHI,NFL_CHI,NFL_P_00-0033784,S,,OUT,DNP,Foot,2023-09-30,nflverse,,2026-09-07T05:49:16.123275+00:00,2023-09-30T00:00:00
NFL_CHI_00-0036292_2023W04_OUT_DNP,NFL,2023,4,2023_NFL_W04_DEN_CHI,NFL_CHI,NFL_P_00-0036292,CB,,OUT,DNP,Hamstring,2023-09-30,nflverse,,2026-09-07T05:49:16.123275+00:00,2023-09-30T00:00:00
NFL_CHI_00-0035594_2023W04_QUESTIONABLE_LP,NFL,2023,4,2023_NFL_W04_DEN_CHI,NFL_CHI,NFL_P_00-0035594,RB,,QUESTIONABLE,LP,Ankle,2023-09-30,nflverse,,2026-09-07T05:49:16.123275+00:00,2023-09-30T00:00:00
NFL_CIN_00-0033548_2023W04_NA_LP,NFL,2023,4,2023_NFL_W04_CIN_TEN,NFL_CIN,NFL_P_00-0033548,CB,,UNKNOWN,LP,Not injury related - resting player,2023-09-30,nflverse,,2026-09-07T05:49:16.123275+00:00,2023-09-30T00:00:00
NFL_CIN_00-0038576_2023W04_OUT_DNP,NFL,2023,4,2023_NFL_W04_CIN_TEN,NFL_CIN,NFL_P_00-0038576,WR,,OUT,DNP,Thumb,2023-09-30,nflverse,,2026-09-07T05:49:16.123275+00:00,2023-09-30T00:00:00
NFL_CIN_00-0034970_2023W04_OUT_DNP,NFL,2023,4,2023_NFL_W04_CIN_TEN,NFL_CIN,NFL_P_00-0034970,TE,,OUT,DNP,Hamstring,2023-09-30,nflverse,,2026-09-07T05:49:16.123275+00:00,2023-09-30T00:00:00
NFL_CIN_00-0036298_2023W04_QUESTIONABLE_DNP,NFL,2023,4,2023_NFL_W04_CIN_TEN,NFL_CIN,NFL_P_00-0036298,LB,,QUESTIONABLE,DNP,Knee,2023-09-30,nflverse,,2026-09-07T05:49:16.123275+00:00,2023-09-30T00:00:00
NFL_CLE_00-0031544_2023W04_NA_DNP,NFL,2023,4,2023_NFL_W04_BAL_CLE,NFL_CLE,NFL_P_00-0031544,WR,,UNKNOWN,DNP,Not injury related - resting player,2023-09-30,nflverse,,2026-09-07T05:49:16.123275+00:00,2023-09-30T00:00:00
NFL_CLE_00-0033868_2023W04_NA_DNP,NFL,2023,4,2023_NFL_W04_BAL_CLE,NFL_CLE,NFL_P_00-0033868,EDGE,,UNKNOWN,DNP,Not injury related - resting player,2023-09-30,nflverse,,2026-09-07T05:49:16.123275+00:00,2023-09-30T00:00:00
NFL_CLE_00-0031576_2023W04_NA_DNP,NFL,2023,4,2023_NFL_W04_BAL_CLE,NFL_CLE,NFL_P_00-0031576,EDGE,,UNKNOWN,DNP,Not injury related - resting player,2023-09-30,nflverse,,2026-09-07T05:49:16.123275+00:00,2023-09-30T00:00:00
NFL_CLE_00-0031426_2023W04_NA_LP,NFL,2023,4,2023_NFL_W04_BAL_CLE,NFL_CLE,NFL_P_00-0031426,OL,,UNKNOWN,LP,Not injury related - resting player,2023-09-30,nflverse,,2026-09-07T05:49:16.123275+00:00,2023-09-30T00:00:00
NFL_CLE_00-0033923_2023W04_NA_LP,NFL,2023,4,2023_NFL_W04_BAL_CLE,NFL_CLE,NFL_P_00-0033923,RB,,UNKNOWN,LP,Ribs,2023-09-30,nflverse,,2026-09-07T05:49:16.123275+00:00,2023-09-30T00:00:00
NFL_CLE_00-0033885_2023W04_QUESTIONABLE_NA,NFL,2023,4,2023_NFL_W04_BAL_CLE,NFL_CLE,NFL_P_00-0033885,TE,,QUESTIONABLE,,Face,2023-09-30,nflverse,,2026-09-07T05:49:16.123275+00:00,2023-09-30T00:00:00
NFL_CLE_00-0033537_2023W04_QUESTIONABLE_LP,NFL,2023,4,2023_NFL_W04_BAL_CLE,NFL_CLE,NFL_P_00-0033537,QB,,QUESTIONABLE,LP,right Shoulder,2023-09-30,nflverse,,2026-09-07T05:49:16.123275+00:00,2023-09-30T00:00:00
NFL_DAL_00-0036358_2023W04_NA_DNP,NFL,2023,4,2023_NFL_W04_NE_DAL,NFL_DAL,NFL_P_00-0036358,WR,,UNKNOWN,DNP,Not injury related - resting player,2023-09-30,nflverse,,2026-09-07T05:49:16.123275+00:00,2023-09-30T00:00:00
NFL_DAL_00-0031411_2023W04_NA_DNP,NFL,2023,4,2023_NFL_W04_NE_DAL,NFL_DAL,NFL_P_00-0031411,EDGE,,UNKNOWN,DNP,Not injury related - resting player,2023-09-30,nflverse,,2026-09-07T05:49:16.123275+00:00,2023-09-30T00:00:00
NFL_DAL_00-0035261_2023W04_NA_LP,NFL,2023,4,2023_NFL_W04_NE_DAL,NFL_DAL,NFL_P_00-0035261,RB,,UNKNOWN,LP,Not injury related - resting player,2023-09-30,nflverse,,2026-09-07T05:49:16.123275+00:00,2023-09-30T00:00:00
NFL_DAL_00-0027947_2023W04_OUT_DNP,NFL,2023,4,2023_NFL_W04_NE_DAL,NFL_DAL,NFL_P_00-0027947,OL,,OUT,DNP,Knee,2023-09-30,nflverse,,2026-09-07T05:49:16.123275+00:00,2023-09-30T00:00:00
NFL_DAL_00-0036376_2023W04_QUESTIONABLE_LP,NFL,2023,4,2023_NFL_W04_NE_DAL,NFL_DAL,NFL_P_00-0036376,OL,,QUESTIONABLE,LP,Hamstring,2023-09-30,nflverse,,2026-09-07T05:49:16.123275+00:00,2023-09-30T00:00:00
NFL_DAL_00-0037569_2023W04_QUESTIONABLE_LP,NFL,2023,4,2023_NFL_W04_NE_DAL,NFL_DAL,NFL_P_00-0037569,TE,,QUESTIONABLE,LP,Ankle,2023-09-30,nflverse,,2026-09-07T05:49:16.123275+00:00,2023-09-30T00:00:00
NFL_DAL_00-0031402_2023W04_QUESTIONABLE_LP,NFL,2023,4,2023_NFL_W04_NE_DAL,NFL_DAL,NFL_P_00-0031402,OL,,QUESTIONABLE,LP,Ankle,2023-09-30,nflverse,,2026-09-07T05:49:16.123275+00:00,2023-09-30T00:00:00
NFL_DEN_00-0036391_2023W04_NA_LP,NFL,2023,4,2023_NFL_W04_DEN_CHI,NFL_DEN,NFL_P_00-0036391,OL,,UNKNOWN,LP,Illness,2023-09-30,nflverse,,2026-09-07T05:49:16.123275+00:00,2023-09-30T00:00:00
NFL_DEN_00-0032210_2023W04_OUT_DNP,NFL,2023,4,2023_NFL_W04_DEN_CHI,NFL_DEN,NFL_P_00-0032210,LB,,OUT,DNP,Hip,2023-09-30,nflverse,,2026-09-07T05:49:16.123275+00:00,2023-09-30T00:00:00
NFL_DEN_00-0034368_2023W04_OUT_DNP,NFL,2023,4,2023_NFL_W04_DEN_CHI,NFL_DEN,NFL_P_00-0034368,LB,,OUT,DNP,Hip,2023-09-30,nflverse,,2026-09-07T05:49:16.123275+00:00,2023-09-30T00:00:00
NFL_DEN_00-0029890_2023W04_OUT_DNP,NFL,2023,4,2023_NFL_W04_DEN_CHI,NFL_DEN,NFL_P_00-0029890,DL,,OUT,DNP,Ribs,2023-09-30,nflverse,,2026-09-07T05:49:16.123275+00:00,2023-09-30T00:00:00
NFL_DEN_00-0032971_2023W04_QUESTIONABLE_DNP,NFL,2023,4,2023_NFL_W04_DEN_CHI,NFL_DEN,NFL_P_00-0032971,S,,QUESTIONABLE,DNP,Hip,2023-09-30,nflverse,,2026-09-07T05:49:16.123275+00:00,2023-09-30T00:00:00
NFL_DET_00-0034171_2023W04_OUT_DNP,NFL,2023,4,2023_NFL_W04_DET_GB,NFL_DET,NFL_P_00-0034171,RB,,OUT,DNP,Knee,2023-09-28,nflverse,,2026-09-07T05:49:16.123275+00:00,2023-09-28T00:00:00
NFL_DET_00-0035328_2023W04_OUT_DNP,NFL,2023,4,2023_NFL_W04_DET_GB,NFL_DET,NFL_P_00-0035328,OL,,OUT,DNP,Ankle,2023-09-28,nflverse,,2026-09-07T05:49:16.123275+00:00,2023-09-28T00:00:00
NFL_DET_00-0032785_2023W04_OUT_DNP,NFL,2023,4,2023_NFL_W04_DET_GB,NFL_DET,NFL_P_00-0032785,OL,,OUT,DNP,Knee,2023-09-28,nflverse,,2026-09-07T05:49:16.123275+00:00,2023-09-28T00:00:00
NFL_DET_00-0032381_2023W04_QUESTIONABLE_LP,NFL,2023,4,2023_NFL_W04_DET_GB,NFL_DET,NFL_P_00-0032381,OL,,QUESTIONABLE,LP,Ankle,2023-09-28,nflverse,,2026-09-07T05:49:16.123275+00:00,2023-09-28T00:00:00
NFL_DET_00-0036258_2023W04_QUESTIONABLE_LP,NFL,2023,4,2023_NFL_W04_DET_GB,NFL_DET,NFL_P_00-0036258,OL,,QUESTIONABLE,LP,Thigh,2023-09-28,nflverse,,2026-09-07T05:49:16.123275+00:00,2023-09-28T00:00:00
NFL_DET_00-0037667_2023W04_QUESTIONABLE_LP,NFL,2023,4,2023_NFL_W04_DET_GB,NFL_DET,NFL_P_00-0037667,S,,QUESTIONABLE,LP,Hip,2023-09-28,nflverse,,2026-09-07T05:49:16.123275+00:00,2023-09-28T00:00:00
NFL_DET_00-0035685_2023W04_QUESTIONABLE_LP,NFL,2023,4,2023_NFL_W04_DET_GB,NFL_DET,NFL_P_00-0035685,RB,,QUESTIONABLE,LP,Thigh,2023-09-28,nflverse,,2026-09-07T05:49:16.123275+00:00,2023-09-28T00:00:00
NFL_DET_00-0034096_2023W04_QUESTIONABLE_LP,NFL,2023,4,2023_NFL_W04_DET_GB,NFL_DET,NFL_P_00-0034096,CB,,QUESTIONABLE,LP,Knee,2023-09-28,nflverse,,2026-09-07T05:49:16.123275+00:00,2023-09-28T00:00:00
NFL_GB_00-0034967_2023W04_NA_LP,NFL,2023,4,2023_NFL_W04_DET_GB,NFL_GB,NFL_P_00-0034967,LB,,UNKNOWN,LP,Knee,2023-09-28,nflverse,,2026-09-07T05:49:16.123275+00:00,2023-09-28T00:00:00
NFL_GB_00-0036677_2023W04_OUT_DNP,NFL,2023,4,2023_NFL_W04_DET_GB,NFL_GB,NFL_P_00-0036677,S,,OUT,DNP,Hamstring,2023-09-28,nflverse,,2026-09-07T05:49:16.123275+00:00,2023-09-28T00:00:00
NFL_GB_00-0030074_2023W04_OUT_DNP,NFL,2023,4,2023_NFL_W04_DET_GB,NFL_GB,NFL_P_00-0030074,OL,,OUT,DNP,Not injury related - resting player,2023-09-28,nflverse,,2026-09-07T05:49:16.123275+00:00,2023-09-28T00:00:00
NFL_GB_00-0032401_2023W04_OUT_DNP,NFL,2023,4,2023_NFL_W04_DET_GB,NFL_GB,NFL_P_00-0032401,LB,,OUT,DNP,Ankle,2023-09-28,nflverse,,2026-09-07T05:49:16.123275+00:00,2023-09-28T00:00:00
NFL_GB_00-0035526_2023W04_OUT_DNP,NFL,2023,4,2023_NFL_W04_DET_GB,NFL_GB,NFL_P_00-0035526,OL,,OUT,DNP,Knee,2023-09-28,nflverse,,2026-09-07T05:49:16.123275+00:00,2023-09-28T00:00:00
NFL_GB_00-0034728_2023W04_QUESTIONABLE_LP,NFL,2023,4,2023_NFL_W04_DET_GB,NFL_GB,NFL_P_00-0034728,CB,,QUESTIONABLE,LP,Back,2023-09-28,nflverse,,2026-09-07T05:49:16.123275+00:00,2023-09-28T00:00:00
NFL_GB_00-0033293_2023W04_QUESTIONABLE_LP,NFL,2023,4,2023_NFL_W04_DET_GB,NFL_GB,NFL_P_00-0033293,RB,,QUESTIONABLE,LP,Hamstring,2023-09-28,nflverse,,2026-09-07T05:49:16.123275+00:00,2023-09-28T00:00:00
NFL_GB_00-0037817_2023W04_QUESTIONABLE_LP,NFL,2023,4,2023_NFL_W04_DET_GB,NFL_GB,NFL_P_00-0037817,OL,,QUESTIONABLE,LP,Knee,2023-09-28,nflverse,,2026-09-07T05:49:16.123275+00:00,2023-09-28T00:00:00
NFL_GB_00-0038408_2023W04_QUESTIONABLE_LP,NFL,2023,4,2023_NFL_W04_DET_GB,NFL_GB,NFL_P_00-0038408,CB,,QUESTIONABLE,LP,Biceps,2023-09-28,nflverse,,2026-09-07T05:49:16.123275+00:00,2023-09-28T00:00:00
NFL_GB_00-0038124_2023W04_QUESTIONABLE_LP,NFL,2023,4,2023_NFL_W04_DET_GB,NFL_GB,NFL_P_00-0038124,WR,,QUESTIONABLE,LP,Hamstring,2023-09-28,nflverse,,2026-09-07T05:49:16.123275+00:00,2023-09-28T00:00:00
NFL_HOU_00-0030431_2023W04_NA_DNP,NFL,2023,4,2023_NFL_W04_PIT_HOU,NFL_HOU,NFL_P_00-0030431,WR,,UNKNOWN,DNP,Not injury related - resting player,2023-09-30,nflverse,,2026-09-07T05:49:16.123275+00:00,2023-09-30T00:00:00
NFL_HOU_00-0038977_2023W04_NA_LP,NFL,2023,4,2023_NFL_W04_PIT_HOU,NFL_HOU,NFL_P_00-0038977,WR,,UNKNOWN,LP,Not injury related - resting player,2023-09-30,nflverse,,2026-09-07T05:49:16.123275+00:00,2023-09-30T00:00:00
NFL_HOU_00-0032466_2023W04_NA_LP,NFL,2023,4,2023_NFL_W04_PIT_HOU,NFL_HOU,NFL_P_00-0032466,OL,,UNKNOWN,LP,Not injury related - resting player,2023-09-30,nflverse,,2026-09-07T05:49:16.123275+00:00,2023-09-30T00:00:00
NFL_HOU_00-0031298_2023W04_NA_LP,NFL,2023,4,2023_NFL_W04_PIT_HOU,NFL_HOU,NFL_P_00-0031298,S,,UNKNOWN,LP,Not injury related - resting player,2023-09-30,nflverse,,2026-09-07T05:49:16.123275+00:00,2023-09-30T00:00:00
NFL_HOU_00-0036363_2023W04_OUT_DNP,NFL,2023,4,2023_NFL_W04_PIT_HOU,NFL_HOU,NFL_P_00-0036363,OL,,OUT,DNP,Hand,2023-09-30,nflverse,,2026-09-07T05:49:16.123275+00:00,2023-09-30T00:00:00
NFL_HOU_00-0032103_2023W04_OUT_DNP,NFL,2023,4,2023_NFL_W04_PIT_HOU,NFL_HOU,NFL_P_00-0032103,LB,,OUT,DNP,Hand,2023-09-30,nflverse,,2026-09-07T05:49:16.123275+00:00,2023-09-30T00:00:00
NFL_HOU_00-0034488_2023W04_OUT_DNP,NFL,2023,4,2023_NFL_W04_PIT_HOU,NFL_HOU,NFL_P_00-0034488,CB,,OUT,DNP,Hand,2023-09-30,nflverse,,2026-09-07T05:49:16.123275+00:00,2023-09-30T00:00:00
NFL_HOU_00-0032380_2023W04_OUT_DNP,NFL,2023,4,2023_NFL_W04_PIT_HOU,NFL_HOU,NFL_P_00-0032380,OL,,OUT,DNP,Knee,2023-09-30,nflverse,,2026-09-07T05:49:16.123275+00:00,2023-09-30T00:00:00
NFL_HOU_00-0035686_2023W04_QUESTIONABLE_DNP,NFL,2023,4,2023_NFL_W04_PIT_HOU,NFL_HOU,NFL_P_00-0035686,OL,,QUESTIONABLE,DNP,Chest,2023-09-30,nflverse,,2026-09-07T05:49:16.123275+00:00,2023-09-30T00:00:00
NFL_IND_00-0034836_2023W04_NA_DNP,NFL,2023,4,2023_NFL_W04_LAR_IND,NFL_IND,NFL_P_00-0034836,OL,,UNKNOWN,DNP,Wrist,2023-09-30,nflverse,,2026-09-07T05:49:16.123275+00:00,2023-09-30T00:00:00
NFL_IND_00-0033952_2023W04_NA_DNP,NFL,2023,4,2023_NFL_W04_LAR_IND,NFL_IND,NFL_P_00-0033952,DL,,UNKNOWN,DNP,Foot,2023-09-30,nflverse,,2026-09-07T05:49:16.123275+00:00,2023-09-30T00:00:00
NFL_IND_00-0032383_2023W04_OUT_DNP,NFL,2023,4,2023_NFL_W04_LAR_IND,NFL_IND,NFL_P_00-0032383,OL,,OUT,DNP,Concussion,2023-09-30,nflverse,,2026-09-07T05:49:16.123275+00:00,2023-09-30T00:00:00
NFL_IND_00-0037757_2023W04_OUT_DNP,NFL,2023,4,2023_NFL_W04_LAR_IND,NFL_IND,NFL_P_00-0037757,OL,,OUT,DNP,Concussion,2023-09-30,nflverse,,2026-09-07T05:49:16.123275+00:00,2023-09-30T00:00:00
NFL_IND_00-0032378_2023W04_QUESTIONABLE_DNP,NFL,2023,4,2023_NFL_W04_LAR_IND,NFL_IND,NFL_P_00-0032378,DL,,QUESTIONABLE,DNP,Groin,2023-09-30,nflverse,,2026-09-07T05:49:16.123275+00:00,2023-09-30T00:00:00
NFL_IND_00-0036879_2023W04_QUESTIONABLE_DNP,NFL,2023,4,2023_NFL_W04_LAR_IND,NFL_IND,NFL_P_00-0036879,QB,,QUESTIONABLE,DNP,right Shoulder,2023-09-30,nflverse,,2026-09-07T05:49:16.123275+00:00,2023-09-30T00:00:00
NFL_IND_00-0034342_2023W04_QUESTIONABLE_FP,NFL,2023,4,2023_NFL_W04_LAR_IND,NFL_IND,NFL_P_00-0034342,OL,,QUESTIONABLE,FP,Toe,2023-09-30,nflverse,,2026-09-07T05:49:16.123275+00:00,2023-09-30T00:00:00
NFL_JAX_00-0033891_2023W04_OUT_DNP,NFL,2023,4,2023_NFL_W04_ATL_JAX,NFL_JAX,NFL_P_00-0033891,WR,,OUT,DNP,Knee,2023-09-30,nflverse,,2026-09-07T05:49:16.123275+00:00,2023-09-30T00:00:00
NFL_JAX_00-0037244_2023W04_OUT_DNP,NFL,2023,4,2023_NFL_W04_ATL_JAX,NFL_JAX,NFL_P_00-0037244,LB,,OUT,DNP,Thumb,2023-09-30,nflverse,,2026-09-07T05:49:16.123275+00:00,2023-09-30T00:00:00
NFL_JAX_00-0038596_2023W04_OUT_LP,NFL,2023,4,2023_NFL_W04_ATL_JAX,NFL_JAX,NFL_P_00-0038596,S,,OUT,LP,Hamstring,2023-09-30,nflverse,,2026-09-07T05:49:16.123275+00:00,2023-09-30T00:00:00
NFL_JAX_00-0033572_2023W04_QUESTIONABLE_LP,NFL,2023,4,2023_NFL_W04_ATL_JAX,NFL_JAX,NFL_P_00-0033572,WR,,QUESTIONABLE,LP,Quadricep,2023-09-30,nflverse,,2026-09-07T05:49:16.123275+00:00,2023-09-30T00:00:00
NFL_JAX_00-0034275_2023W04_QUESTIONABLE_LP,NFL,2023,4,2023_NFL_W04_ATL_JAX,NFL_JAX,NFL_P_00-0034275,DL,,QUESTIONABLE,LP,Shoulder,2023-09-30,nflverse,,2026-09-07T05:49:16.123275+00:00,2023-09-30T00:00:00
NFL_JAX_00-0038934_2023W04_QUESTIONABLE_LP,NFL,2023,4,2023_NFL_W04_ATL_JAX,NFL_JAX,NFL_P_00-0038934,OL,,QUESTIONABLE,LP,Ankle,2023-09-30,nflverse,,2026-09-07T05:49:16.123275+00:00,2023-09-30T00:00:00
NFL_KC_00-0032762_2023W04_NA_LP,NFL,2023,4,2023_NFL_W04_KC_NYJ,NFL_KC,NFL_P_00-0032762,DL,,UNKNOWN,LP,Groin,2023-10-01,nflverse,,2026-09-07T05:49:16.123275+00:00,2023-10-01T00:00:00
NFL_KC_00-0036913_2023W04_NA_LP,NFL,2023,4,2023_NFL_W04_KC_NYJ,NFL_KC,NFL_P_00-0036913,WR,,UNKNOWN,LP,Toe,2023-10-01,nflverse,,2026-09-07T05:49:16.123275+00:00,2023-10-01T00:00:00
NFL_KC_00-0036621_2023W04_OUT_DNP,NFL,2023,4,2023_NFL_W04_KC_NYJ,NFL_KC,NFL_P_00-0036621,LB,,OUT,DNP,Ankle,2023-10-01,nflverse,,2026-09-07T05:49:16.123275+00:00,2023-10-01T00:00:00
NFL_KC_00-0037195_2023W04_OUT_DNP,NFL,2023,4,2023_NFL_W04_KC_NYJ,NFL_KC,NFL_P_00-0037195,CB,,OUT,DNP,Shoulder,2023-10-01,nflverse,,2026-09-07T05:49:16.123275+00:00,2023-10-01T00:00:00
NFL_LAR_00-0031388_2023W04_NA_DNP,NFL,2023,4,2023_NFL_W04_LAR_IND,NFL_LAR,NFL_P_00-0031388,DL,,UNKNOWN,DNP,Not injury related - resting player,2023-09-30,nflverse,,2026-09-07T05:49:16.123275+00:00,2023-09-30T00:00:00
NFL_LAR_00-0036603_2023W04_QUESTIONABLE_DNP,NFL,2023,4,2023_NFL_W04_LAR_IND,NFL_LAR,NFL_P_00-0036603,OL,,QUESTIONABLE,DNP,Hamstring,2023-09-30,nflverse,,2026-09-07T05:49:16.123275+00:00,2023-09-30T00:00:00
NFL_LAR_00-0033927_2023W04_QUESTIONABLE_DNP,NFL,2023,4,2023_NFL_W04_LAR_IND,NFL_LAR,NFL_P_00-0033927,S,,QUESTIONABLE,DNP,Face,2023-09-30,nflverse,,2026-09-07T05:49:16.123275+00:00,2023-09-30T00:00:00
NFL_LAR_00-0033110_2023W04_QUESTIONABLE_LP,NFL,2023,4,2023_NFL_W04_LAR_IND,NFL_LAR,NFL_P_00-0033110,TE,,QUESTIONABLE,LP,Achilles,2023-09-30,nflverse,,2026-09-07T05:49:16.123275+00:00,2023-09-30T00:00:00
NFL_LAR_00-0036862_2023W04_QUESTIONABLE_LP,NFL,2023,4,2023_NFL_W04_LAR_IND,NFL_LAR,NFL_P_00-0036862,WR,,QUESTIONABLE,LP,Achilles,2023-09-30,nflverse,,2026-09-07T05:49:16.123275+00:00,2023-09-30T00:00:00
NFL_LAC_00-0031040_2023W04_NA_DNP,NFL,2023,4,2023_NFL_W04_LV_LAC,NFL_LAC,NFL_P_00-0031040,EDGE,,UNKNOWN,DNP,Not injury related - resting player,2023-09-30,nflverse,,2026-09-07T05:49:16.123275+00:00,2023-09-30T00:00:00
NFL_LAC_00-0030279_2023W04_NA_LP,NFL,2023,4,2023_NFL_W04_LV_LAC,NFL_LAC,NFL_P_00-0030279,WR,,UNKNOWN,LP,Hip,2023-09-30,nflverse,,2026-09-07T05:49:16.123275+00:00,2023-09-30T00:00:00
NFL_LAC_00-0031019_2023W04_OUT_DNP,NFL,2023,4,2023_NFL_W04_LV_LAC,NFL_LAC,NFL_P_00-0031019,OL,,OUT,DNP,Illness,2023-09-30,nflverse,,2026-09-07T05:49:16.123275+00:00,2023-09-30T00:00:00
NFL_LAC_00-0038091_2023W04_OUT_DNP,NFL,2023,4,2023_NFL_W04_LV_LAC,NFL_LAC,NFL_P_00-0038091,S,,OUT,DNP,Illness,2023-09-30,nflverse,,2026-09-07T05:49:16.123275+00:00,2023-09-30T00:00:00
NFL_LAC_00-0034790_2023W04_DOUBTFUL_DNP,NFL,2023,4,2023_NFL_W04_LV_LAC,NFL_LAC,NFL_P_00-0034790,S,,DOUBTFUL,DNP,Hamstring,2023-09-30,nflverse,,2026-09-07T05:49:16.123275+00:00,2023-09-30T00:00:00
NFL_LAC_00-0037320_2023W04_DOUBTFUL_DNP,NFL,2023,4,2023_NFL_W04_LV_LAC,NFL_LAC,NFL_P_00-0037320,CB,,DOUBTFUL,DNP,Hamstring,2023-09-30,nflverse,,2026-09-07T05:49:16.123275+00:00,2023-09-30T00:00:00
NFL_LAC_00-0033699_2023W04_DOUBTFUL_LP,NFL,2023,4,2023_NFL_W04_LV_LAC,NFL_LAC,NFL_P_00-0033699,RB,,DOUBTFUL,LP,Ankle,2023-09-30,nflverse,,2026-09-07T05:49:16.123275+00:00,2023-09-30T00:00:00
NFL_LAC_00-0033156_2023W04_QUESTIONABLE_DNP,NFL,2023,4,2023_NFL_W04_LV_LAC,NFL_LAC,NFL_P_00-0033156,EDGE,,QUESTIONABLE,DNP,Hamstring,2023-09-30,nflverse,,2026-09-07T05:49:16.123275+00:00,2023-09-30T00:00:00
NFL_LAC_00-0036380_2023W04_QUESTIONABLE_LP,NFL,2023,4,2023_NFL_W04_LV_LAC,NFL_LAC,NFL_P_00-0036380,S,,QUESTIONABLE,LP,Heel,2023-09-30,nflverse,,2026-09-07T05:49:16.123275+00:00,2023-09-30T00:00:00
NFL_LV_00-0039072_2023W04_NA_LP,NFL,2023,4,2023_NFL_W04_LV_LAC,NFL_LV,NFL_P_00-0039072,CB,,UNKNOWN,LP,Hamstring,2023-09-30,nflverse,,2026-09-07T05:49:16.123275+00:00,2023-09-30T00:00:00
NFL_LV_00-0038978_2023W04_NA_LP,NFL,2023,4,2023_NFL_W04_LV_LAC,NFL_LV,NFL_P_00-0038978,DL,,UNKNOWN,LP,Ankle,2023-09-30,nflverse,,2026-09-07T05:49:16.123275+00:00,2023-09-30T00:00:00
NFL_LV_00-0035076_2023W04_OUT_DNP,NFL,2023,4,2023_NFL_W04_LV_LAC,NFL_LV,NFL_P_00-0035076,LB,,OUT,DNP,Knee,2023-09-30,nflverse,,2026-09-07T05:49:16.123275+00:00,2023-09-30T00:00:00
NFL_LV_00-0034973_2023W04_QUESTIONABLE_LP,NFL,2023,4,2023_NFL_W04_LV_LAC,NFL_LV,NFL_P_00-0034973,EDGE,,QUESTIONABLE,LP,Knee,2023-09-30,nflverse,,2026-09-07T05:49:16.123275+00:00,2023-09-30T00:00:00
NFL_LV_00-0031345_2023W04_QUESTIONABLE_LP,NFL,2023,4,2023_NFL_W04_LV_LAC,NFL_LV,NFL_P_00-0031345,QB,,QUESTIONABLE,LP,Concussion,2023-09-30,nflverse,,2026-09-07T05:49:16.123275+00:00,2023-09-30T00:00:00
NFL_LV_00-0036871_2023W04_QUESTIONABLE_LP,NFL,2023,4,2023_NFL_W04_LV_LAC,NFL_LV,NFL_P_00-0036871,CB,,QUESTIONABLE,LP,Ankle,2023-09-30,nflverse,,2026-09-07T05:49:16.123275+00:00,2023-09-30T00:00:00
NFL_LV_00-0036989_2023W04_QUESTIONABLE_LP,NFL,2023,4,2023_NFL_W04_LV_LAC,NFL_LV,NFL_P_00-0036989,EDGE,,QUESTIONABLE,LP,Groin,2023-09-30,nflverse,,2026-09-07T05:49:16.123275+00:00,2023-09-30T00:00:00
NFL_LV_00-0035437_2023W04_QUESTIONABLE_LP,NFL,2023,4,2023_NFL_W04_LV_LAC,NFL_LV,NFL_P_00-0035437,S,,QUESTIONABLE,LP,Achilles,2023-09-30,nflverse,,2026-09-07T05:49:16.123275+00:00,2023-09-30T00:00:00
NFL_MIA_00-0034054_2023W04_NA_DNP,NFL,2023,4,2023_NFL_W04_MIA_BUF,NFL_MIA,NFL_P_00-0034054,WR,,UNKNOWN,DNP,Shoulder,2023-09-30,nflverse,,2026-09-07T05:49:16.123275+00:00,2023-09-30T00:00:00
NFL_MIA_00-0038092_2023W04_NA_DNP,NFL,2023,4,2023_NFL_W04_MIA_BUF,NFL_MIA,NFL_P_00-0038092,WR,,UNKNOWN,DNP,Neck,2023-09-30,nflverse,,2026-09-07T05:49:16.123275+00:00,2023-09-30T00:00:00
NFL_MIA_00-0036934_2023W04_OUT_DNP,NFL,2023,4,2023_NFL_W04_MIA_BUF,NFL_MIA,NFL_P_00-0036934,LB,,OUT,DNP,Oblique,2023-09-30,nflverse,,2026-09-07T05:49:16.123275+00:00,2023-09-30T00:00:00
NFL_MIA_00-0036020_2023W04_QUESTIONABLE_LP,NFL,2023,4,2023_NFL_W04_MIA_BUF,NFL_MIA,NFL_P_00-0036020,RB,,QUESTIONABLE,LP,Groin,2023-09-30,nflverse,,2026-09-07T05:49:16.123275+00:00,2023-09-30T00:00:00
NFL_MIA_00-0030067_2023W04_QUESTIONABLE_LP,NFL,2023,4,2023_NFL_W04_MIA_BUF,NFL_MIA,NFL_P_00-0030067,OL,,QUESTIONABLE,LP,"back, ankle, knee",2023-09-30,nflverse,,2026-09-07T05:49:16.123275+00:00,2023-09-30T00:00:00
NFL_MIA_00-0034277_2023W04_QUESTIONABLE_LP,NFL,2023,4,2023_NFL_W04_MIA_BUF,NFL_MIA,NFL_P_00-0034277,S,,QUESTIONABLE,LP,Ankle,2023-09-30,nflverse,,2026-09-07T05:49:16.123275+00:00,2023-09-30T00:00:00
NFL_MIA_00-0034352_2023W04_QUESTIONABLE_LP,NFL,2023,4,2023_NFL_W04_MIA_BUF,NFL_MIA,NFL_P_00-0034352,OL,,QUESTIONABLE,LP,Groin,2023-09-30,nflverse,,2026-09-07T05:49:16.123275+00:00,2023-09-30T00:00:00
NFL_MIN_00-0034782_2023W04_NA_DNP,NFL,2023,4,2023_NFL_W04_MIN_CAR,NFL_MIN,NFL_P_00-0034782,DL,,UNKNOWN,DNP,Not injury related - resting player,2023-09-30,nflverse,,2026-09-07T05:49:16.123275+00:00,2023-09-30T00:00:00
NFL_MIN_00-0029606_2023W04_NA_DNP,NFL,2023,4,2023_NFL_W04_MIN_CAR,NFL_MIN,NFL_P_00-0029606,S,,UNKNOWN,DNP,Not injury related - resting player,2023-09-30,nflverse,,2026-09-07T05:49:16.123275+00:00,2023-09-30T00:00:00
NFL_MIN_00-0037245_2023W04_OUT_DNP,NFL,2023,4,2023_NFL_W04_MIN_CAR,NFL_MIN,NFL_P_00-0037245,S,,OUT,DNP,Hamstring,2023-09-30,nflverse,,2026-09-07T05:49:16.123275+00:00,2023-09-30T00:00:00
NFL_MIN_00-0038598_2023W04_QUESTIONABLE_DNP,NFL,2023,4,2023_NFL_W04_MIN_CAR,NFL_MIN,NFL_P_00-0038598,QB,,QUESTIONABLE,DNP,Not injury related - personal matter,2023-09-30,nflverse,,2026-09-07T05:49:16.123275+00:00,2023-09-30T00:00:00
NFL_MIN_00-0034344_2023W04_QUESTIONABLE_FP,NFL,2023,4,2023_NFL_W04_MIN_CAR,NFL_MIN,NFL_P_00-0034344,EDGE,,QUESTIONABLE,FP,Ankle,2023-09-30,nflverse,,2026-09-07T05:49:16.123275+00:00,2023-09-30T00:00:00
NFL_MIN_00-0035588_2023W04_QUESTIONABLE_LP,NFL,2023,4,2023_NFL_W04_MIN_CAR,NFL_MIN,NFL_P_00-0035588,OL,,QUESTIONABLE,LP,Back,2023-09-30,nflverse,,2026-09-07T05:49:16.123275+00:00,2023-09-30T00:00:00
NFL_NE_00-0038569_2023W04_NA_LP,NFL,2023,4,2023_NFL_W04_NE_DAL,NFL_NE,NFL_P_00-0038569,OL,,UNKNOWN,LP,Concussion,2023-09-30,nflverse,,2026-09-07T05:49:16.123275+00:00,2023-09-30T00:00:00
NFL_NE_00-0036981_2023W04_QUESTIONABLE_LP,NFL,2023,4,2023_NFL_W04_NE_DAL,NFL_NE,NFL_P_00-0036981,DL,,QUESTIONABLE,LP,Knee,2023-09-30,nflverse,,2026-09-07T05:49:16.123275+00:00,2023-09-30T00:00:00
NFL_NE_00-0033860_2023W04_QUESTIONABLE_LP,NFL,2023,4,2023_NFL_W04_NE_DAL,NFL_NE,NFL_P_00-0033860,DL,,QUESTIONABLE,LP,Ankle,2023-09-30,nflverse,,2026-09-07T05:49:16.123275+00:00,2023-09-30T00:00:00
NFL_NE_00-0032580_2023W04_QUESTIONABLE_LP,NFL,2023,4,2023_NFL_W04_NE_DAL,NFL_NE,NFL_P_00-0032580,CB,,QUESTIONABLE,LP,Ankle,2023-09-30,nflverse,,2026-09-07T05:49:16.123275+00:00,2023-09-30T00:00:00
NFL_NE_00-0038103_2023W04_QUESTIONABLE_LP,NFL,2023,4,2023_NFL_W04_NE_DAL,NFL_NE,NFL_P_00-0038103,OL,,QUESTIONABLE,LP,Knee,2023-09-30,nflverse,,2026-09-07T05:49:16.123275+00:00,2023-09-30T00:00:00
NFL_NE_00-0036559_2023W04_QUESTIONABLE_LP,NFL,2023,4,2023_NFL_W04_NE_DAL,NFL_NE,NFL_P_00-0036559,CB,,QUESTIONABLE,LP,Shoulder,2023-09-30,nflverse,,2026-09-07T05:49:16.123275+00:00,2023-09-30T00:00:00
NFL_NO_00-0027696_2023W04_NA_DNP,NFL,2023,4,2023_NFL_W04_TB_NO,NFL_NO,NFL_P_00-0027696,TE,,UNKNOWN,DNP,Not injury related - resting player,2023-09-30,nflverse,,2026-09-07T05:49:16.123275+00:00,2023-09-30T00:00:00
NFL_NO_00-0033888_2023W04_NA_DNP,NFL,2023,4,2023_NFL_W04_TB_NO,NFL_NO,NFL_P_00-0033888,OL,,UNKNOWN,DNP,Not injury related - resting player,2023-09-30,nflverse,,2026-09-07T05:49:16.123275+00:00,2023-09-30T00:00:00
NFL_NO_00-0036937_2023W04_OUT_DNP,NFL,2023,4,2023_NFL_W04_TB_NO,NFL_NO,NFL_P_00-0036937,CB,,OUT,DNP,Hamstring,2023-09-30,nflverse,,2026-09-07T05:49:16.123275+00:00,2023-09-30T00:00:00
NFL_NO_00-0038588_2023W04_OUT_DNP,NFL,2023,4,2023_NFL_W04_TB_NO,NFL_NO,NFL_P_00-0038588,S,,OUT,DNP,Finger,2023-09-30,nflverse,,2026-09-07T05:49:16.123275+00:00,2023-09-30T00:00:00
NFL_NO_00-0036408_2023W04_OUT_DNP,NFL,2023,4,2023_NFL_W04_TB_NO,NFL_NO,NFL_P_00-0036408,OL,,OUT,DNP,Concussion,2023-09-30,nflverse,,2026-09-07T05:49:16.123275+00:00,2023-09-30T00:00:00
NFL_NO_00-0031280_2023W04_QUESTIONABLE_LP,NFL,2023,4,2023_NFL_W04_TB_NO,NFL_NO,NFL_P_00-0031280,QB,,QUESTIONABLE,LP,right Shoulder,2023-09-30,nflverse,,2026-09-07T05:49:16.123275+00:00,2023-09-30T00:00:00
NFL_NO_00-0034981_2023W04_QUESTIONABLE_LP,NFL,2023,4,2023_NFL_W04_TB_NO,NFL_NO,NFL_P_00-0034981,TE,,QUESTIONABLE,LP,Ankle,2023-09-30,nflverse,,2026-09-07T05:49:16.123275+00:00,2023-09-30T00:00:00
NFL_NYG_00-0036386_2023W04_OUT_DNP,NFL,2023,4,2023_NFL_W04_SEA_NYG,NFL_NYG,NFL_P_00-0036386,OL,,OUT,DNP,Hamstring,2023-10-02,nflverse,,2026-09-07T05:49:16.123275+00:00,2023-10-02T00:00:00
NFL_NYG_00-0034844_2023W04_DOUBTFUL_LP,NFL,2023,4,2023_NFL_W04_SEA_NYG,NFL_NYG,NFL_P_00-0034844,RB,,DOUBTFUL,LP,Ankle,2023-10-02,nflverse,,2026-09-07T05:49:16.123275+00:00,2023-10-02T00:00:00
NFL_NYJ_00-0037155_2023W04_OUT_DNP,NFL,2023,4,2023_NFL_W04_KC_NYJ,NFL_NYJ,NFL_P_00-0037155,S,,OUT,DNP,Hamstring,2023-10-01,nflverse,,2026-09-07T05:49:16.123275+00:00,2023-10-01T00:00:00
NFL_NYJ_00-0032432_2023W04_OUT_DNP,NFL,2023,4,2023_NFL_W04_KC_NYJ,NFL_NYJ,NFL_P_00-0032432,OL,,OUT,DNP,Concussion,2023-10-01,nflverse,,2026-09-07T05:49:16.123275+00:00,2023-10-01T00:00:00
NFL_PHI_00-0029653_2023W04_NA_LP,NFL,2023,4,2023_NFL_W04_WAS_PHI,NFL_PHI,NFL_P_00-0029653,DL,,UNKNOWN,LP,Knee,2023-09-30,nflverse,,2026-09-07T05:49:16.123275+00:00,2023-09-30T00:00:00
NFL_PHI_00-0036912_2023W04_NA_LP,NFL,2023,4,2023_NFL_W04_WAS_PHI,NFL_PHI,NFL_P_00-0036912,WR,,UNKNOWN,LP,Illness,2023-09-30,nflverse,,2026-09-07T05:49:16.123275+00:00,2023-09-30T00:00:00
NFL_PHI_00-0039002_2023W04_OUT_DNP,NFL,2023,4,2023_NFL_W04_WAS_PHI,NFL_PHI,NFL_P_00-0039002,S,,OUT,DNP,Hamstring,2023-09-30,nflverse,,2026-09-07T05:49:16.123275+00:00,2023-09-30T00:00:00
NFL_PHI_00-0036271_2023W04_OUT_LP,NFL,2023,4,2023_NFL_W04_WAS_PHI,NFL_PHI,NFL_P_00-0036271,WR,,OUT,LP,Hamstring,2023-09-30,nflverse,,2026-09-07T05:49:16.123275+00:00,2023-09-30T00:00:00
NFL_PHI_00-0033898_2023W04_QUESTIONABLE_FP,NFL,2023,4,2023_NFL_W04_WAS_PHI,NFL_PHI,NFL_P_00-0033898,S,,QUESTIONABLE,FP,Neck,2023-09-30,nflverse,,2026-09-07T05:49:16.123275+00:00,2023-09-30T00:00:00
NFL_PIT_00-0027943_2023W04_NA_DNP,NFL,2023,4,2023_NFL_W04_PIT_HOU,NFL_PIT,NFL_P_00-0027943,CB,,UNKNOWN,DNP,Not injury related - resting player,2023-09-30,nflverse,,2026-09-07T05:49:16.123275+00:00,2023-09-30T00:00:00
NFL_PIT_00-0032954_2023W04_NA_DNP,NFL,2023,4,2023_NFL_W04_PIT_HOU,NFL_PIT,NFL_P_00-0032954,OL,,UNKNOWN,DNP,Not injury related - resting player,2023-09-30,nflverse,,2026-09-07T05:49:16.123275+00:00,2023-09-30T00:00:00
NFL_PIT_00-0034347_2023W04_OUT_DNP,NFL,2023,4,2023_NFL_W04_PIT_HOU,NFL_PIT,NFL_P_00-0034347,OL,,OUT,DNP,Groin,2023-09-30,nflverse,,2026-09-07T05:49:16.123275+00:00,2023-09-30T00:00:00
NFL_PIT_00-0036847_2023W04_OUT_DNP,NFL,2023,4,2023_NFL_W04_PIT_HOU,NFL_PIT,NFL_P_00-0036847,P,,OUT,DNP,right Hamstring,2023-09-30,nflverse,,2026-09-07T05:49:16.123275+00:00,2023-09-30T00:00:00
NFL_SEA_00-0036885_2023W04_OUT_DNP,NFL,2023,4,2023_NFL_W04_SEA_NYG,NFL_SEA,NFL_P_00-0036885,CB,,OUT,DNP,Concussion,2023-10-02,nflverse,,2026-09-07T05:49:16.123275+00:00,2023-10-02T00:00:00
NFL_SEA_00-0033103_2023W04_OUT_DNP,NFL,2023,4,2023_NFL_W04_SEA_NYG,NFL_SEA,NFL_P_00-0033103,CB,,OUT,DNP,Hamstring,2023-10-02,nflverse,,2026-09-07T05:49:16.123275+00:00,2023-10-02T00:00:00
NFL_SEA_00-0038136_2023W04_DOUBTFUL_DNP,NFL,2023,4,2023_NFL_W04_SEA_NYG,NFL_SEA,NFL_P_00-0038136,CB,,DOUBTFUL,DNP,Toe,2023-10-02,nflverse,,2026-09-07T05:49:16.123275+00:00,2023-10-02T00:00:00
NFL_SEA_00-0037821_2023W04_DOUBTFUL_DNP,NFL,2023,4,2023_NFL_W04_SEA_NYG,NFL_SEA,NFL_P_00-0037821,OL,,DOUBTFUL,DNP,Toe,2023-10-02,nflverse,,2026-09-07T05:49:16.123275+00:00,2023-10-02T00:00:00
NFL_SEA_00-0034495_2023W04_QUESTIONABLE_DNP,NFL,2023,4,2023_NFL_W04_SEA_NYG,NFL_SEA,NFL_P_00-0034495,OL,,QUESTIONABLE,DNP,Quadricep,2023-10-02,nflverse,,2026-09-07T05:49:16.123275+00:00,2023-10-02T00:00:00
NFL_SEA_00-0035644_2023W04_QUESTIONABLE_DNP,NFL,2023,4,2023_NFL_W04_SEA_NYG,NFL_SEA,NFL_P_00-0035644,TE,,QUESTIONABLE,DNP,Knee,2023-10-02,nflverse,,2026-09-07T05:49:16.123275+00:00,2023-10-02T00:00:00
NFL_SEA_00-0035678_2023W04_QUESTIONABLE_DNP,NFL,2023,4,2023_NFL_W04_SEA_NYG,NFL_SEA,NFL_P_00-0035678,EDGE,,QUESTIONABLE,DNP,Hip,2023-10-02,nflverse,,2026-09-07T05:49:16.123275+00:00,2023-10-02T00:00:00
NFL_SEA_00-0034159_2023W04_QUESTIONABLE_FP,NFL,2023,4,2023_NFL_W04_SEA_NYG,NFL_SEA,NFL_P_00-0034159,TE,,QUESTIONABLE,FP,Shoulder,2023-10-02,nflverse,,2026-09-07T05:49:16.123275+00:00,2023-10-02T00:00:00
NFL_SEA_00-0039047_2023W04_QUESTIONABLE_FP,NFL,2023,4,2023_NFL_W04_SEA_NYG,NFL_SEA,NFL_P_00-0039047,LB,,QUESTIONABLE,FP,Knee,2023-10-02,nflverse,,2026-09-07T05:49:16.123275+00:00,2023-10-02T00:00:00
NFL_SF_00-0027857_2023W04_NA_DNP,NFL,2023,4,2023_NFL_W04_ARI_SF,NFL_SF,NFL_P_00-0027857,OL,,UNKNOWN,DNP,Not injury related - resting player,2023-09-30,nflverse,,2026-09-07T05:49:16.123275+00:00,2023-09-30T00:00:00
NFL_SF_00-0036259_2023W04_DOUBTFUL_DNP,NFL,2023,4,2023_NFL_W04_ARI_SF,NFL_SF,NFL_P_00-0036259,WR,,DOUBTFUL,DNP,Shin,2023-09-30,nflverse,,2026-09-07T05:49:16.123275+00:00,2023-09-30T00:00:00
NFL_SF_00-0036567_2023W04_QUESTIONABLE_DNP,NFL,2023,4,2023_NFL_W04_ARI_SF,NFL_SF,NFL_P_00-0036567,RB,,QUESTIONABLE,DNP,Knee,2023-09-30,nflverse,,2026-09-07T05:49:16.123275+00:00,2023-09-30T00:00:00
NFL_SF_00-0035020_2023W04_QUESTIONABLE_LP,NFL,2023,4,2023_NFL_W04_ARI_SF,NFL_SF,NFL_P_00-0035020,LB,,QUESTIONABLE,LP,Ankle,2023-09-30,nflverse,,2026-09-07T05:49:16.123275+00:00,2023-09-30T00:00:00
NFL_SF_00-0034982_2023W04_QUESTIONABLE_LP,NFL,2023,4,2023_NFL_W04_ARI_SF,NFL_SF,NFL_P_00-0034982,LB,,QUESTIONABLE,LP,Ankle,2023-09-30,nflverse,,2026-09-07T05:49:16.123275+00:00,2023-09-30T00:00:00
NFL_SF_00-0035719_2023W04_QUESTIONABLE_LP,NFL,2023,4,2023_NFL_W04_ARI_SF,NFL_SF,NFL_P_00-0035719,WR,,QUESTIONABLE,LP,Ribs,2023-09-30,nflverse,,2026-09-07T05:49:16.123275+00:00,2023-09-30T00:00:00
NFL_TB_00-0035699_2023W04_OUT_DNP,NFL,2023,4,2023_NFL_W04_TB_NO,NFL_TB,NFL_P_00-0035699,CB,,OUT,DNP,Neck,2023-09-30,nflverse,,2026-09-07T05:49:16.123275+00:00,2023-09-30T00:00:00
NFL_TB_00-0039049_2023W04_OUT_DNP,NFL,2023,4,2023_NFL_W04_TB_NO,NFL_TB,NFL_P_00-0039049,LB,,OUT,DNP,Hamstring,2023-09-30,nflverse,,2026-09-07T05:49:16.123275+00:00,2023-09-30T00:00:00
NFL_TB_00-0039063_2023W04_OUT_DNP,NFL,2023,4,2023_NFL_W04_TB_NO,NFL_TB,NFL_P_00-0039063,DL,,OUT,DNP,Calf,2023-09-30,nflverse,,2026-09-07T05:49:16.123275+00:00,2023-09-30T00:00:00
NFL_TB_00-0038827_2023W04_OUT_DNP,NFL,2023,4,2023_NFL_W04_TB_NO,NFL_TB,NFL_P_00-0038827,CB,,OUT,DNP,Hamstring,2023-09-30,nflverse,,2026-09-07T05:49:16.123275+00:00,2023-09-30T00:00:00
NFL_TB_00-0034778_2023W04_QUESTIONABLE_LP,NFL,2023,4,2023_NFL_W04_TB_NO,NFL_TB,NFL_P_00-0034778,CB,,QUESTIONABLE,LP,Toe,2023-09-30,nflverse,,2026-09-07T05:49:16.123275+00:00,2023-09-30T00:00:00
NFL_TB_00-0034773_2023W04_QUESTIONABLE_LP,NFL,2023,4,2023_NFL_W04_TB_NO,NFL_TB,NFL_P_00-0034773,DL,,QUESTIONABLE,LP,Pectoral,2023-09-30,nflverse,,2026-09-07T05:49:16.123275+00:00,2023-09-30T00:00:00
NFL_TB_00-0035707_2023W04_QUESTIONABLE_LP,NFL,2023,4,2023_NFL_W04_TB_NO,NFL_TB,NFL_P_00-0035707,LB,,QUESTIONABLE,LP,Foot,2023-09-30,nflverse,,2026-09-07T05:49:16.123275+00:00,2023-09-30T00:00:00
NFL_TEN_00-0037742_2023W04_OUT_DNP,NFL,2023,4,2023_NFL_W04_CIN_TEN,NFL_TEN,NFL_P_00-0037742,WR,,OUT,DNP,Knee,2023-09-30,nflverse,,2026-09-07T05:49:16.123275+00:00,2023-09-30T00:00:00
NFL_TEN_00-0035413_2023W04_OUT_DNP,NFL,2023,4,2023_NFL_W04_CIN_TEN,NFL_TEN,NFL_P_00-0035413,LB,,OUT,DNP,Hamstring,2023-09-30,nflverse,,2026-09-07T05:49:16.123275+00:00,2023-09-30T00:00:00
NFL_TEN_00-0036992_2023W04_OUT_DNP,NFL,2023,4,2023_NFL_W04_CIN_TEN,NFL_TEN,NFL_P_00-0036992,CB,,OUT,DNP,Hamstring,2023-09-30,nflverse,,2026-09-07T05:49:16.123275+00:00,2023-09-30T00:00:00
NFL_TEN_00-0039034_2023W04_OUT_DNP,NFL,2023,4,2023_NFL_W04_CIN_TEN,NFL_TEN,NFL_P_00-0039034,OL,,OUT,DNP,Abdomen,2023-09-30,nflverse,,2026-09-07T05:49:16.123275+00:00,2023-09-30T00:00:00
NFL_TEN_00-0031254_2023W04_QUESTIONABLE_LP,NFL,2023,4,2023_NFL_W04_CIN_TEN,NFL_TEN,NFL_P_00-0031254,EDGE,,QUESTIONABLE,LP,Groin,2023-09-30,nflverse,,2026-09-07T05:49:16.123275+00:00,2023-09-30T00:00:00
NFL_TEN_00-0036181_2023W04_QUESTIONABLE_LP,NFL,2023,4,2023_NFL_W04_CIN_TEN,NFL_TEN,NFL_P_00-0036181,DL,,QUESTIONABLE,LP,Knee,2023-09-30,nflverse,,2026-09-07T05:49:16.123275+00:00,2023-09-30T00:00:00
NFL_WAS_00-0038611_2023W04_OUT_DNP,NFL,2023,4,2023_NFL_W04_WAS_PHI,NFL_WAS,NFL_P_00-0038611,RB,,OUT,DNP,Illness,2023-09-30,nflverse,,2026-09-07T05:49:16.123275+00:00,2023-09-30T00:00:00
NFL_WAS_00-0038100_2023W04_QUESTIONABLE_FP,NFL,2023,4,2023_NFL_W04_WAS_PHI,NFL_WAS,NFL_P_00-0038100,S,,QUESTIONABLE,FP,Foot,2023-09-30,nflverse,,2026-09-07T05:49:16.123275+00:00,2023-09-30T00:00:00
NFL_ARI_00-0035343_2023W05_OUT_DNP,NFL,2023,5,2023_NFL_W05_CIN_ARI,NFL_ARI,NFL_P_00-0035343,EDGE,,OUT,DNP,Finger,2023-10-07,nflverse,,2026-09-07T05:49:16.123275+00:00,2023-10-07T00:00:00
NFL_ARI_00-0039007_2023W05_OUT_LP,NFL,2023,5,2023_NFL_W05_CIN_ARI,NFL_ARI,NFL_P_00-0039007,CB,,OUT,LP,Knee,2023-10-07,nflverse,,2026-09-07T05:49:16.123275+00:00,2023-10-07T00:00:00
NFL_ARI_00-0034346_2023W05_QUESTIONABLE_DNP,NFL,2023,5,2023_NFL_W05_CIN_ARI,NFL_ARI,NFL_P_00-0034346,OL,,QUESTIONABLE,DNP,Back,2023-10-07,nflverse,,2026-09-07T05:49:16.123275+00:00,2023-10-07T00:00:00
NFL_ARI_00-0035300_2023W05_QUESTIONABLE_FP,NFL,2023,5,2023_NFL_W05_CIN_ARI,NFL_ARI,NFL_P_00-0035300,OL,,QUESTIONABLE,FP,Ankle,2023-10-07,nflverse,,2026-09-07T05:49:16.123275+00:00,2023-10-07T00:00:00
NFL_ARI_00-0034801_2023W05_QUESTIONABLE_FP,NFL,2023,5,2023_NFL_W05_CIN_ARI,NFL_ARI,NFL_P_00-0034801,LB,,QUESTIONABLE,FP,Ankle,2023-10-07,nflverse,,2026-09-07T05:49:16.123275+00:00,2023-10-07T00:00:00
NFL_ARI_00-0037299_2023W05_QUESTIONABLE_LP,NFL,2023,5,2023_NFL_W05_CIN_ARI,NFL_ARI,NFL_P_00-0037299,RB,,QUESTIONABLE,LP,Neck,2023-10-07,nflverse,,2026-09-07T05:49:16.123275+00:00,2023-10-07T00:00:00
NFL_BAL_00-0036940_2023W05_OUT_DNP,NFL,2023,5,2023_NFL_W05_BAL_PIT,NFL_BAL,NFL_P_00-0036940,LB,,OUT,DNP,Ankle,2023-10-07,nflverse,,2026-09-07T05:49:16.123275+00:00,2023-10-07T00:00:00
NFL_BAL_00-0032891_2023W05_OUT_DNP,NFL,2023,5,2023_NFL_W05_BAL_PIT,NFL_BAL,NFL_P_00-0032891,S,,OUT,DNP,Shoulder,2023-10-07,nflverse,,2026-09-07T05:49:16.123275+00:00,2023-10-07T00:00:00
NFL_BAL_00-0031330_2023W05_DOUBTFUL_DNP,NFL,2023,5,2023_NFL_W05_BAL_PIT,NFL_BAL,NFL_P_00-0031330,OL,,DOUBTFUL,DNP,Shoulder,2023-10-07,nflverse,,2026-09-07T05:49:16.123275+00:00,2023-10-07T00:00:00
NFL_BAL_00-0032965_2023W05_QUESTIONABLE_DNP,NFL,2023,5,2023_NFL_W05_BAL_PIT,NFL_BAL,NFL_P_00-0032965,OL,,QUESTIONABLE,DNP,Knee,2023-10-07,nflverse,,2026-09-07T05:49:16.123275+00:00,2023-10-07T00:00:00
NFL_BAL_00-0034975_2023W05_QUESTIONABLE_FP,NFL,2023,5,2023_NFL_W05_BAL_PIT,NFL_BAL,NFL_P_00-0034975,RB,,QUESTIONABLE,FP,Foot,2023-10-07,nflverse,,2026-09-07T05:49:16.123275+00:00,2023-10-07T00:00:00
NFL_BAL_00-0033281_2023W05_QUESTIONABLE_FP,NFL,2023,5,2023_NFL_W05_BAL_PIT,NFL_BAL,NFL_P_00-0033281,CB,,QUESTIONABLE,FP,Foot,2023-10-07,nflverse,,2026-09-07T05:49:16.123275+00:00,2023-10-07T00:00:00
NFL_BAL_00-0038454_2023W05_QUESTIONABLE_FP,NFL,2023,5,2023_NFL_W05_BAL_PIT,NFL_BAL,NFL_P_00-0038454,RB,,QUESTIONABLE,FP,Shoulder,2023-10-07,nflverse,,2026-09-07T05:49:16.123275+00:00,2023-10-07T00:00:00
NFL_BAL_00-0031235_2023W05_QUESTIONABLE_LP,NFL,2023,5,2023_NFL_W05_BAL_PIT,NFL_BAL,NFL_P_00-0031235,WR,,QUESTIONABLE,LP,Ankle,2023-10-07,nflverse,,2026-09-07T05:49:16.123275+00:00,2023-10-07T00:00:00
NFL_BUF_00-0033072_2023W05_NA_DNP,NFL,2023,5,2023_NFL_W05_JAX_BUF,NFL_BUF,NFL_P_00-0033072,EDGE,,UNKNOWN,DNP,Not injury related - resting player,2023-10-07,nflverse,,2026-09-07T05:49:16.123275+00:00,2023-10-07T00:00:00
NFL_BUF_00-0030090_2023W05_NA_DNP,NFL,2023,5,2023_NFL_W05_JAX_BUF,NFL_BUF,NFL_P_00-0030090,S,,UNKNOWN,DNP,Not injury related - resting player,2023-10-07,nflverse,,2026-09-07T05:49:16.123275+00:00,2023-10-07T00:00:00
NFL_BUF_00-0033571_2023W05_NA_DNP,NFL,2023,5,2023_NFL_W05_JAX_BUF,NFL_BUF,NFL_P_00-0033571,LB,,UNKNOWN,DNP,Not injury related - resting player,2023-10-07,nflverse,,2026-09-07T05:49:16.123275+00:00,2023-10-07T00:00:00
NFL_BUF_00-0033884_2023W05_OUT_DNP,NFL,2023,5,2023_NFL_W05_JAX_BUF,NFL_BUF,NFL_P_00-0033884,CB,,OUT,DNP,Achilles,2023-10-07,nflverse,,2026-09-07T05:49:16.123275+00:00,2023-10-07T00:00:00
NFL_BUF_00-0036914_2023W05_DOUBTFUL_DNP,NFL,2023,5,2023_NFL_W05_JAX_BUF,NFL_BUF,NFL_P_00-0036914,EDGE,,DOUBTFUL,DNP,Foot,2023-10-07,nflverse,,2026-09-07T05:49:16.123275+00:00,2023-10-07T00:00:00
NFL_BUF_00-0033096_2023W05_QUESTIONABLE_NA,NFL,2023,5,2023_NFL_W05_JAX_BUF,NFL_BUF,NFL_P_00-0033096,EDGE,,QUESTIONABLE,,Toe,2023-10-07,nflverse,,2026-09-07T05:49:16.123275+00:00,2023-10-07T00:00:00
NFL_BUF_00-0037288_2023W05_QUESTIONABLE_LP,NFL,2023,5,2023_NFL_W05_JAX_BUF,NFL_BUF,NFL_P_00-0037288,CB,,QUESTIONABLE,LP,Shoulder,2023-10-07,nflverse,,2026-09-07T05:49:16.123275+00:00,2023-10-07T00:00:00
NFL_BUF_00-0027940_2023W05_QUESTIONABLE_LP,NFL,2023,5,2023_NFL_W05_JAX_BUF,NFL_BUF,NFL_P_00-0027940,LB,,QUESTIONABLE,LP,Knee,2023-10-07,nflverse,,2026-09-07T05:49:16.123275+00:00,2023-10-07T00:00:00
NFL_CAR_00-0028008_2023W05_NA_DNP,NFL,2023,5,2023_NFL_W05_CAR_DET,NFL_CAR,NFL_P_00-0028008,LB,,UNKNOWN,DNP,Not injury related - resting player,2023-10-07,nflverse,,2026-09-07T05:49:16.123275+00:00,2023-10-07T00:00:00
NFL_CAR_00-0034302_2023W05_NA_LP,NFL,2023,5,2023_NFL_W05_CAR_DET,NFL_CAR,NFL_P_00-0034302,LB,,UNKNOWN,LP,Hip,2023-10-07,nflverse,,2026-09-07T05:49:16.123275+00:00,2023-10-07T00:00:00
NFL_CAR_00-0033579_2023W05_OUT_DNP,NFL,2023,5,2023_NFL_W05_CAR_DET,NFL_CAR,NFL_P_00-0033579,S,,OUT,DNP,Hamstring,2023-10-07,nflverse,,2026-09-07T05:49:16.123275+00:00,2023-10-07T00:00:00
NFL_CAR_00-0034261_2023W05_OUT_FP,NFL,2023,5,2023_NFL_W05_CAR_DET,NFL_CAR,NFL_P_00-0034261,OL,,OUT,FP,Knee,2023-10-07,nflverse,,2026-09-07T05:49:16.123275+00:00,2023-10-07T00:00:00
NFL_CAR_00-0036438_2023W05_OUT_FP,NFL,2023,5,2023_NFL_W05_CAR_DET,NFL_CAR,NFL_P_00-0036438,TE,,OUT,FP,Hip,2023-10-07,nflverse,,2026-09-07T05:49:16.123275+00:00,2023-10-07T00:00:00
NFL_CAR_00-0034356_2023W05_QUESTIONABLE_FP,NFL,2023,5,2023_NFL_W05_CAR_DET,NFL_CAR,NFL_P_00-0034356,CB,,QUESTIONABLE,FP,Shoulder,2023-10-07,nflverse,,2026-09-07T05:49:16.123275+00:00,2023-10-07T00:00:00
NFL_CHI_00-0036326_2023W05_OUT_DNP,NFL,2023,5,2023_NFL_W05_CHI_WAS,NFL_CHI,NFL_P_00-0036326,WR,,OUT,DNP,not injury related - team decision,2023-10-05,nflverse,,2026-09-07T05:49:16.123275+00:00,2023-10-05T00:00:00
NFL_CHI_00-0033784_2023W05_OUT_DNP,NFL,2023,5,2023_NFL_W05_CHI_WAS,NFL_CHI,NFL_P_00-0033784,S,,OUT,DNP,Foot,2023-10-05,nflverse,,2026-09-07T05:49:16.123275+00:00,2023-10-05T00:00:00
NFL_CHI_00-0036292_2023W05_OUT_DNP,NFL,2023,5,2023_NFL_W05_CHI_WAS,NFL_CHI,NFL_P_00-0036292,CB,,OUT,DNP,Hamstring,2023-10-05,nflverse,,2026-09-07T05:49:16.123275+00:00,2023-10-05T00:00:00
NFL_CHI_00-0036953_2023W05_QUESTIONABLE_FP,NFL,2023,5,2023_NFL_W05_CHI_WAS,NFL_CHI,NFL_P_00-0036953,OL,,QUESTIONABLE,FP,Calf,2023-10-05,nflverse,,2026-09-07T05:49:16.123275+00:00,2023-10-05T00:00:00
NFL_CHI_00-0038135_2023W05_QUESTIONABLE_LP,NFL,2023,5,2023_NFL_W05_CHI_WAS,NFL_CHI,NFL_P_00-0038135,S,,QUESTIONABLE,LP,Hamstring,2023-10-05,nflverse,,2026-09-07T05:49:16.123275+00:00,2023-10-05T00:00:00
NFL_CIN_00-0036298_2023W05_OUT_DNP,NFL,2023,5,2023_NFL_W05_CIN_ARI,NFL_CIN,NFL_P_00-0036298,LB,,OUT,DNP,Knee,2023-10-07,nflverse,,2026-09-07T05:49:16.123275+00:00,2023-10-07T00:00:00
NFL_CIN_00-0033548_2023W05_QUESTIONABLE_DNP,NFL,2023,5,2023_NFL_W05_CIN_ARI,NFL_CIN,NFL_P_00-0033548,CB,,QUESTIONABLE,DNP,Back,2023-10-07,nflverse,,2026-09-07T05:49:16.123275+00:00,2023-10-07T00:00:00
NFL_CIN_00-0033935_2023W05_QUESTIONABLE_DNP,NFL,2023,5,2023_NFL_W05_CIN_ARI,NFL_CIN,NFL_P_00-0033935,EDGE,,QUESTIONABLE,DNP,Back,2023-10-07,nflverse,,2026-09-07T05:49:16.123275+00:00,2023-10-07T00:00:00
NFL_CIN_00-0037753_2023W05_QUESTIONABLE_FP,NFL,2023,5,2023_NFL_W05_CIN_ARI,NFL_CIN,NFL_P_00-0037753,CB,,QUESTIONABLE,FP,Concussion,2023-10-07,nflverse,,2026-09-07T05:49:16.123275+00:00,2023-10-07T00:00:00
NFL_CIN_00-0036410_2023W05_QUESTIONABLE_LP,NFL,2023,5,2023_NFL_W05_CIN_ARI,NFL_CIN,NFL_P_00-0036410,WR,,QUESTIONABLE,LP,Ribs,2023-10-07,nflverse,,2026-09-07T05:49:16.123275+00:00,2023-10-07T00:00:00
NFL_DAL_00-0029542_2023W05_NA_DNP,NFL,2023,5,2023_NFL_W05_DAL_SF,NFL_DAL,NFL_P_00-0029542,CB,,UNKNOWN,DNP,Not injury related - resting player,2023-10-08,nflverse,,2026-09-07T05:49:16.123275+00:00,2023-10-08T00:00:00
NFL_DAL_00-0030063_2023W05_NA_DNP,NFL,2023,5,2023_NFL_W05_DAL_SF,NFL_DAL,NFL_P_00-0030063,DL,,UNKNOWN,DNP,Not injury related - resting player,2023-10-08,nflverse,,2026-09-07T05:49:16.123275+00:00,2023-10-08T00:00:00
NFL_DAL_00-0031411_2023W05_NA_DNP,NFL,2023,5,2023_NFL_W05_DAL_SF,NFL_DAL,NFL_P_00-0031411,EDGE,,UNKNOWN,DNP,Not injury related - resting player,2023-10-08,nflverse,,2026-09-07T05:49:16.123275+00:00,2023-10-08T00:00:00
NFL_DAL_00-0037569_2023W05_OUT_DNP,NFL,2023,5,2023_NFL_W05_DAL_SF,NFL_DAL,NFL_P_00-0037569,TE,,OUT,DNP,Ankle,2023-10-08,nflverse,,2026-09-07T05:49:16.123275+00:00,2023-10-08T00:00:00
NFL_DAL_00-0037281_2023W05_QUESTIONABLE_LP,NFL,2023,5,2023_NFL_W05_DAL_SF,NFL_DAL,NFL_P_00-0037281,LB,,QUESTIONABLE,LP,Shoulder,2023-10-08,nflverse,,2026-09-07T05:49:16.123275+00:00,2023-10-08T00:00:00
NFL_DEN_00-0032197_2023W05_OUT_DNP,NFL,2023,5,2023_NFL_W05_NYJ_DEN,NFL_DEN,NFL_P_00-0032197,LB,,OUT,DNP,not injury related - team decision,2023-10-07,nflverse,,2026-09-07T05:49:16.123275+00:00,2023-10-07T00:00:00
NFL_DEN_00-0036995_2023W05_OUT_LP,NFL,2023,5,2023_NFL_W05_NYJ_DEN,NFL_DEN,NFL_P_00-0036995,LB,,OUT,LP,Knee,2023-10-07,nflverse,,2026-09-07T05:49:16.123275+00:00,2023-10-07T00:00:00
NFL_DEN_00-0036997_2023W05_QUESTIONABLE_FP,NFL,2023,5,2023_NFL_W05_NYJ_DEN,NFL_DEN,NFL_P_00-0036997,RB,,QUESTIONABLE,FP,Quadricep,2023-10-07,nflverse,,2026-09-07T05:49:16.123275+00:00,2023-10-07T00:00:00
NFL_DEN_00-0036391_2023W05_QUESTIONABLE_LP,NFL,2023,5,2023_NFL_W05_NYJ_DEN,NFL_DEN,NFL_P_00-0036391,OL,,QUESTIONABLE,LP,Quadricep,2023-10-07,nflverse,,2026-09-07T05:49:16.123275+00:00,2023-10-07T00:00:00
NFL_DEN_00-0029890_2023W05_QUESTIONABLE_LP,NFL,2023,5,2023_NFL_W05_NYJ_DEN,NFL_DEN,NFL_P_00-0029890,DL,,QUESTIONABLE,LP,Ribs,2023-10-07,nflverse,,2026-09-07T05:49:16.123275+00:00,2023-10-07T00:00:00
NFL_DET_00-0034345_2023W05_NA_DNP,NFL,2023,5,2023_NFL_W05_CAR_DET,NFL_DET,NFL_P_00-0034345,OL,,UNKNOWN,DNP,Toe,2023-10-07,nflverse,,2026-09-07T05:49:16.123275+00:00,2023-10-07T00:00:00
NFL_DET_00-0039141_2023W05_OUT_DNP,NFL,2023,5,2023_NFL_W05_CAR_DET,NFL_DET,NFL_P_00-0039141,CB,,OUT,DNP,Ankle,2023-10-07,nflverse,,2026-09-07T05:49:16.123275+00:00,2023-10-07T00:00:00
NFL_DET_00-0034171_2023W05_OUT_DNP,NFL,2023,5,2023_NFL_W05_CAR_DET,NFL_DET,NFL_P_00-0034171,RB,,OUT,DNP,Knee,2023-10-07,nflverse,,2026-09-07T05:49:16.123275+00:00,2023-10-07T00:00:00
NFL_DET_00-0037282_2023W05_DOUBTFUL_DNP,NFL,2023,5,2023_NFL_W05_CAR_DET,NFL_DET,NFL_P_00-0037282,TE,,DOUBTFUL,DNP,Hamstring,2023-10-07,nflverse,,2026-09-07T05:49:16.123275+00:00,2023-10-07T00:00:00
NFL_DET_00-0036963_2023W05_DOUBTFUL_DNP,NFL,2023,5,2023_NFL_W05_CAR_DET,NFL_DET,NFL_P_00-0036963,WR,,DOUBTFUL,DNP,Abdomen,2023-10-07,nflverse,,2026-09-07T05:49:16.123275+00:00,2023-10-07T00:00:00
NFL_DET_00-0032381_2023W05_QUESTIONABLE_FP,NFL,2023,5,2023_NFL_W05_CAR_DET,NFL_DET,NFL_P_00-0032381,OL,,QUESTIONABLE,FP,Ankle,2023-10-07,nflverse,,2026-09-07T05:49:16.123275+00:00,2023-10-07T00:00:00
NFL_DET_00-0037667_2023W05_QUESTIONABLE_FP,NFL,2023,5,2023_NFL_W05_CAR_DET,NFL_DET,NFL_P_00-0037667,S,,QUESTIONABLE,FP,Hip,2023-10-07,nflverse,,2026-09-07T05:49:16.123275+00:00,2023-10-07T00:00:00
NFL_DET_00-0034096_2023W05_QUESTIONABLE_FP,NFL,2023,5,2023_NFL_W05_CAR_DET,NFL_DET,NFL_P_00-0034096,CB,,QUESTIONABLE,FP,Knee,2023-10-07,nflverse,,2026-09-07T05:49:16.123275+00:00,2023-10-07T00:00:00
NFL_DET_00-0036249_2023W05_QUESTIONABLE_FP,NFL,2023,5,2023_NFL_W05_CAR_DET,NFL_DET,NFL_P_00-0036249,LB,,QUESTIONABLE,FP,Shoulder,2023-10-07,nflverse,,2026-09-07T05:49:16.123275+00:00,2023-10-07T00:00:00
NFL_DET_00-0033943_2023W05_QUESTIONABLE_FP,NFL,2023,5,2023_NFL_W05_CAR_DET,NFL_DET,NFL_P_00-0033943,WR,,QUESTIONABLE,FP,Groin,2023-10-07,nflverse,,2026-09-07T05:49:16.123275+00:00,2023-10-07T00:00:00
NFL_DET_00-0032785_2023W05_QUESTIONABLE_FP,NFL,2023,5,2023_NFL_W05_CAR_DET,NFL_DET,NFL_P_00-0032785,OL,,QUESTIONABLE,FP,Knee,2023-10-07,nflverse,,2026-09-07T05:49:16.123275+00:00,2023-10-07T00:00:00
NFL_DET_00-0037240_2023W05_QUESTIONABLE_FP,NFL,2023,5,2023_NFL_W05_CAR_DET,NFL_DET,NFL_P_00-0037240,WR,,QUESTIONABLE,FP,not injury related - returning from suspension,2023-10-07,nflverse,,2026-09-07T05:49:16.123275+00:00,2023-10-07T00:00:00
NFL_DET_00-0039139_2023W05_QUESTIONABLE_LP,NFL,2023,5,2023_NFL_W05_CAR_DET,NFL_DET,NFL_P_00-0039139,RB,,QUESTIONABLE,LP,Hamstring,2023-10-07,nflverse,,2026-09-07T05:49:16.123275+00:00,2023-10-07T00:00:00
NFL_GB_00-0035526_2023W05_NA_LP,NFL,2023,5,2023_NFL_W05_GB_LV,NFL_GB,NFL_P_00-0035526,OL,,UNKNOWN,LP,Knee,2023-10-09,nflverse,,2026-09-07T05:49:16.123275+00:00,2023-10-09T00:00:00
NFL_GB_00-0036246_2023W05_NA_LP,NFL,2023,5,2023_NFL_W05_GB_LV,NFL_GB,NFL_P_00-0036246,OL,,UNKNOWN,LP,Groin,2023-10-09,nflverse,,2026-09-07T05:49:16.123275+00:00,2023-10-09T00:00:00
NFL_GB_00-0037817_2023W05_NA_LP,NFL,2023,5,2023_NFL_W05_GB_LV,NFL_GB,NFL_P_00-0037817,OL,,UNKNOWN,LP,Knee,2023-10-09,nflverse,,2026-09-07T05:49:16.123275+00:00,2023-10-09T00:00:00
NFL_GB_00-0038124_2023W05_NA_LP,NFL,2023,5,2023_NFL_W05_GB_LV,NFL_GB,NFL_P_00-0038124,WR,,UNKNOWN,LP,Hamstring,2023-10-09,nflverse,,2026-09-07T05:49:16.123275+00:00,2023-10-09T00:00:00
NFL_GB_00-0036677_2023W05_OUT_DNP,NFL,2023,5,2023_NFL_W05_GB_LV,NFL_GB,NFL_P_00-0036677,S,,OUT,DNP,Hamstring,2023-10-09,nflverse,,2026-09-07T05:49:16.123275+00:00,2023-10-09T00:00:00
NFL_GB_00-0032401_2023W05_OUT_DNP,NFL,2023,5,2023_NFL_W05_GB_LV,NFL_GB,NFL_P_00-0032401,LB,,OUT,DNP,Ankle,2023-10-09,nflverse,,2026-09-07T05:49:16.123275+00:00,2023-10-09T00:00:00
NFL_GB_00-0034728_2023W05_QUESTIONABLE_LP,NFL,2023,5,2023_NFL_W05_GB_LV,NFL_GB,NFL_P_00-0034728,CB,,QUESTIONABLE,LP,Back,2023-10-09,nflverse,,2026-09-07T05:49:16.123275+00:00,2023-10-09T00:00:00
NFL_GB_00-0033792_2023W05_QUESTIONABLE_LP,NFL,2023,5,2023_NFL_W05_GB_LV,NFL_GB,NFL_P_00-0033792,S,,QUESTIONABLE,LP,Oblique,2023-10-09,nflverse,,2026-09-07T05:49:16.123275+00:00,2023-10-09T00:00:00
NFL_GB_00-0033293_2023W05_QUESTIONABLE_LP,NFL,2023,5,2023_NFL_W05_GB_LV,NFL_GB,NFL_P_00-0033293,RB,,QUESTIONABLE,LP,Hamstring,2023-10-09,nflverse,,2026-09-07T05:49:16.123275+00:00,2023-10-09T00:00:00
NFL_GB_00-0036901_2023W05_QUESTIONABLE_LP,NFL,2023,5,2023_NFL_W05_GB_LV,NFL_GB,NFL_P_00-0036901,CB,,QUESTIONABLE,LP,Foot,2023-10-09,nflverse,,2026-09-07T05:49:16.123275+00:00,2023-10-09T00:00:00
NFL_HOU_00-0031298_2023W05_NA_DNP,NFL,2023,5,2023_NFL_W05_HOU_ATL,NFL_HOU,NFL_P_00-0031298,S,,UNKNOWN,DNP,Not injury related - resting player,2023-10-07,nflverse,,2026-09-07T05:49:16.123275+00:00,2023-10-07T00:00:00
NFL_HOU_00-0030431_2023W05_NA_DNP,NFL,2023,5,2023_NFL_W05_HOU_ATL,NFL_HOU,NFL_P_00-0030431,WR,,UNKNOWN,DNP,Not injury related - resting player,2023-10-07,nflverse,,2026-09-07T05:49:16.123275+00:00,2023-10-07T00:00:00
NFL_HOU_00-0032150_2023W05_NA_LP,NFL,2023,5,2023_NFL_W05_HOU_ATL,NFL_HOU,NFL_P_00-0032150,CB,,UNKNOWN,LP,Not injury related - resting player,2023-10-07,nflverse,,2026-09-07T05:49:16.123275+00:00,2023-10-07T00:00:00
NFL_HOU_00-0037823_2023W05_OUT_DNP,NFL,2023,5,2023_NFL_W05_HOU_ATL,NFL_HOU,NFL_P_00-0037823,LB,,OUT,DNP,Concussion,2023-10-07,nflverse,,2026-09-07T05:49:16.123275+00:00,2023-10-07T00:00:00
NFL_HOU_00-0036363_2023W05_OUT_LP,NFL,2023,5,2023_NFL_W05_HOU_ATL,NFL_HOU,NFL_P_00-0036363,OL,,OUT,LP,Hand,2023-10-07,nflverse,,2026-09-07T05:49:16.123275+00:00,2023-10-07T00:00:00
NFL_HOU_00-0037614_2023W05_QUESTIONABLE_FP,NFL,2023,5,2023_NFL_W05_HOU_ATL,NFL_HOU,NFL_P_00-0037614,WR,,QUESTIONABLE,FP,Illness,2023-10-07,nflverse,,2026-09-07T05:49:16.123275+00:00,2023-10-07T00:00:00
NFL_HOU_00-0032380_2023W05_QUESTIONABLE_FP,NFL,2023,5,2023_NFL_W05_HOU_ATL,NFL_HOU,NFL_P_00-0032380,OL,,QUESTIONABLE,FP,Knee,2023-10-07,nflverse,,2026-09-07T05:49:16.123275+00:00,2023-10-07T00:00:00
NFL_HOU_00-0033131_2023W05_QUESTIONABLE_LP,NFL,2023,5,2023_NFL_W05_HOU_ATL,NFL_HOU,NFL_P_00-0033131,DL,,QUESTIONABLE,LP,Abdomen,2023-10-07,nflverse,,2026-09-07T05:49:16.123275+00:00,2023-10-07T00:00:00
NFL_HOU_00-0033926_2023W05_QUESTIONABLE_LP,NFL,2023,5,2023_NFL_W05_HOU_ATL,NFL_HOU,NFL_P_00-0033926,CB,,QUESTIONABLE,LP,Calf,2023-10-07,nflverse,,2026-09-07T05:49:16.123275+00:00,2023-10-07T00:00:00
NFL_HOU_00-0037457_2023W05_QUESTIONABLE_LP,NFL,2023,5,2023_NFL_W05_HOU_ATL,NFL_HOU,NFL_P_00-0037457,LB,,QUESTIONABLE,LP,Neck,2023-10-07,nflverse,,2026-09-07T05:49:16.123275+00:00,2023-10-07T00:00:00
NFL_IND_00-0034846_2023W05_OUT_DNP,NFL,2023,5,2023_NFL_W05_TEN_IND,NFL_IND,NFL_P_00-0034846,LB,,OUT,DNP,Groin,2023-10-07,nflverse,,2026-09-07T05:49:16.123275+00:00,2023-10-07T00:00:00
NFL_IND_00-0036479_2023W05_OUT_DNP,NFL,2023,5,2023_NFL_W05_TEN_IND,NFL_IND,NFL_P_00-0036479,EDGE,,OUT,DNP,Concussion,2023-10-07,nflverse,,2026-09-07T05:49:16.123275+00:00,2023-10-07T00:00:00
NFL_IND_00-0037757_2023W05_OUT_LP,NFL,2023,5,2023_NFL_W05_TEN_IND,NFL_IND,NFL_P_00-0037757,OL,,OUT,LP,Concussion,2023-10-07,nflverse,,2026-09-07T05:49:16.123275+00:00,2023-10-07T00:00:00
NFL_IND_00-0036223_2023W05_QUESTIONABLE_FP,NFL,2023,5,2023_NFL_W05_TEN_IND,NFL_IND,NFL_P_00-0036223,RB,,QUESTIONABLE,FP,Ankle,2023-10-07,nflverse,,2026-09-07T05:49:16.123275+00:00,2023-10-07T00:00:00
NFL_JAX_00-0038616_2023W05_OUT_DNP,NFL,2023,5,2023_NFL_W05_JAX_BUF,NFL_JAX,NFL_P_00-0038616,CB,,OUT,DNP,Hamstring,2023-10-07,nflverse,,2026-09-07T05:49:16.123275+00:00,2023-10-07T00:00:00
NFL_JAX_00-0037244_2023W05_OUT_DNP,NFL,2023,5,2023_NFL_W05_JAX_BUF,NFL_JAX,NFL_P_00-0037244,LB,,OUT,DNP,Thumb,2023-10-07,nflverse,,2026-09-07T05:49:16.123275+00:00,2023-10-07T00:00:00
NFL_JAX_00-0038606_2023W05_OUT_DNP,NFL,2023,5,2023_NFL_W05_JAX_BUF,NFL_JAX,NFL_P_00-0038606,WR,,OUT,DNP,Knee,2023-10-07,nflverse,,2026-09-07T05:49:16.123275+00:00,2023-10-07T00:00:00
NFL_JAX_00-0033907_2023W05_OUT_LP,NFL,2023,5,2023_NFL_W05_JAX_BUF,NFL_JAX,NFL_P_00-0033907,LB,,OUT,LP,Achilles,2023-10-07,nflverse,,2026-09-07T05:49:16.123275+00:00,2023-10-07T00:00:00
NFL_JAX_00-0033572_2023W05_QUESTIONABLE_LP,NFL,2023,5,2023_NFL_W05_JAX_BUF,NFL_JAX,NFL_P_00-0033572,WR,,QUESTIONABLE,LP,Quadricep,2023-10-07,nflverse,,2026-09-07T05:49:16.123275+00:00,2023-10-07T00:00:00
NFL_JAX_00-0034275_2023W05_QUESTIONABLE_LP,NFL,2023,5,2023_NFL_W05_JAX_BUF,NFL_JAX,NFL_P_00-0034275,DL,,QUESTIONABLE,LP,Shoulder,2023-10-07,nflverse,,2026-09-07T05:49:16.123275+00:00,2023-10-07T00:00:00
NFL_JAX_00-0038596_2023W05_QUESTIONABLE_LP,NFL,2023,5,2023_NFL_W05_JAX_BUF,NFL_JAX,NFL_P_00-0038596,S,,QUESTIONABLE,LP,Hamstring,2023-10-07,nflverse,,2026-09-07T05:49:16.123275+00:00,2023-10-07T00:00:00
NFL_JAX_00-0033891_2023W05_QUESTIONABLE_LP,NFL,2023,5,2023_NFL_W05_JAX_BUF,NFL_JAX,NFL_P_00-0033891,WR,,QUESTIONABLE,LP,Knee,2023-10-07,nflverse,,2026-09-07T05:49:16.123275+00:00,2023-10-07T00:00:00
NFL_KC_00-0038981_2023W05_QUESTIONABLE_FP,NFL,2023,5,2023_NFL_W05_KC_MIN,NFL_KC,NFL_P_00-0038981,OL,,QUESTIONABLE,FP,Hip,2023-10-07,nflverse,,2026-09-07T05:49:16.123275+00:00,2023-10-07T00:00:00
NFL_KC_00-0036621_2023W05_QUESTIONABLE_LP,NFL,2023,5,2023_NFL_W05_KC_MIN,NFL_KC,NFL_P_00-0036621,LB,,QUESTIONABLE,LP,Ankle,2023-10-07,nflverse,,2026-09-07T05:49:16.123275+00:00,2023-10-07T00:00:00
NFL_KC_00-0034657_2023W05_QUESTIONABLE_LP,NFL,2023,5,2023_NFL_W05_KC_MIN,NFL_KC,NFL_P_00-0034657,DL,,QUESTIONABLE,LP,Knee,2023-10-07,nflverse,,2026-09-07T05:49:16.123275+00:00,2023-10-07T00:00:00
NFL_LAR_00-0034804_2023W05_NA_DNP,NFL,2023,5,2023_NFL_W05_PHI_LAR,NFL_LAR,NFL_P_00-0034804,OL,,UNKNOWN,DNP,Not injury related - resting player,2023-10-07,nflverse,,2026-09-07T05:49:16.123275+00:00,2023-10-07T00:00:00
NFL_LAR_00-0034803_2023W05_OUT_DNP,NFL,2023,5,2023_NFL_W05_PHI_LAR,NFL_LAR,NFL_P_00-0034803,OL,,OUT,DNP,Groin,2023-10-07,nflverse,,2026-09-07T05:49:16.123275+00:00,2023-10-07T00:00:00
NFL_LAR_00-0039061_2023W05_DOUBTFUL_LP,NFL,2023,5,2023_NFL_W05_PHI_LAR,NFL_LAR,NFL_P_00-0039061,DL,,DOUBTFUL,LP,Thumb,2023-10-07,nflverse,,2026-09-07T05:49:16.123275+00:00,2023-10-07T00:00:00
NFL_LAR_00-0036603_2023W05_QUESTIONABLE_LP,NFL,2023,5,2023_NFL_W05_PHI_LAR,NFL_LAR,NFL_P_00-0036603,OL,,QUESTIONABLE,LP,Hamstring,2023-10-07,nflverse,,2026-09-07T05:49:16.123275+00:00,2023-10-07T00:00:00
NFL_LV_00-0034973_2023W05_NA_LP,NFL,2023,5,2023_NFL_W05_GB_LV,NFL_LV,NFL_P_00-0034973,EDGE,,UNKNOWN,LP,Knee,2023-10-09,nflverse,,2026-09-07T05:49:16.123275+00:00,2023-10-09T00:00:00
NFL_LV_00-0036871_2023W05_OUT_DNP,NFL,2023,5,2023_NFL_W05_GB_LV,NFL_LV,NFL_P_00-0036871,CB,,OUT,DNP,Ankle,2023-10-09,nflverse,,2026-09-07T05:49:16.123275+00:00,2023-10-09T00:00:00
NFL_LV_00-0031381_2023W05_QUESTIONABLE_LP,NFL,2023,5,2023_NFL_W05_GB_LV,NFL_LV,NFL_P_00-0031381,WR,,QUESTIONABLE,LP,Shoulder,2023-10-09,nflverse,,2026-09-07T05:49:16.123275+00:00,2023-10-09T00:00:00
NFL_LV_00-0039072_2023W05_QUESTIONABLE_LP,NFL,2023,5,2023_NFL_W05_GB_LV,NFL_LV,NFL_P_00-0039072,CB,,QUESTIONABLE,LP,Hamstring,2023-10-09,nflverse,,2026-09-07T05:49:16.123275+00:00,2023-10-09T00:00:00
NFL_LV_00-0035665_2023W05_QUESTIONABLE_LP,NFL,2023,5,2023_NFL_W05_GB_LV,NFL_LV,NFL_P_00-0035665,CB,,QUESTIONABLE,LP,Ankle,2023-10-09,nflverse,,2026-09-07T05:49:16.123275+00:00,2023-10-09T00:00:00
NFL_MIA_00-0030067_2023W05_NA_DNP,NFL,2023,5,2023_NFL_W05_NYG_MIA,NFL_MIA,NFL_P_00-0030067,OL,,UNKNOWN,DNP,"back, ankle, knee",2023-10-07,nflverse,,2026-09-07T05:49:16.123275+00:00,2023-10-07T00:00:00
NFL_MIA_00-0029530_2023W05_NA_DNP,NFL,2023,5,2023_NFL_W05_NYG_MIA,NFL_MIA,NFL_P_00-0029530,CB,,UNKNOWN,DNP,Not injury related - resting player,2023-10-07,nflverse,,2026-09-07T05:49:16.123275+00:00,2023-10-07T00:00:00
NFL_MIA_00-0031687_2023W05_NA_DNP,NFL,2023,5,2023_NFL_W05_NYG_MIA,NFL_MIA,NFL_P_00-0031687,RB,,UNKNOWN,DNP,Not injury related - resting player,2023-10-07,nflverse,,2026-09-07T05:49:16.123275+00:00,2023-10-07T00:00:00
NFL_MIA_00-0036596_2023W05_OUT_LP,NFL,2023,5,2023_NFL_W05_NYG_MIA,NFL_MIA,NFL_P_00-0036596,OL,,OUT,LP,Knee,2023-10-07,nflverse,,2026-09-07T05:49:16.123275+00:00,2023-10-07T00:00:00
NFL_MIA_00-0035346_2023W05_OUT_LP,NFL,2023,5,2023_NFL_W05_NYG_MIA,NFL_MIA,NFL_P_00-0035346,CB,,OUT,LP,Achilles,2023-10-07,nflverse,,2026-09-07T05:49:16.123275+00:00,2023-10-07T00:00:00
NFL_MIA_00-0035117_2023W05_QUESTIONABLE_LP,NFL,2023,5,2023_NFL_W05_NYG_MIA,NFL_MIA,NFL_P_00-0035117,OL,,QUESTIONABLE,LP,Ankle,2023-10-07,nflverse,,2026-09-07T05:49:16.123275+00:00,2023-10-07T00:00:00
NFL_MIA_00-0036934_2023W05_QUESTIONABLE_LP,NFL,2023,5,2023_NFL_W05_NYG_MIA,NFL_MIA,NFL_P_00-0036934,LB,,QUESTIONABLE,LP,Oblique,2023-10-07,nflverse,,2026-09-07T05:49:16.123275+00:00,2023-10-07T00:00:00
NFL_MIA_00-0034352_2023W05_QUESTIONABLE_LP,NFL,2023,5,2023_NFL_W05_NYG_MIA,NFL_MIA,NFL_P_00-0034352,OL,,QUESTIONABLE,LP,Groin,2023-10-07,nflverse,,2026-09-07T05:49:16.123275+00:00,2023-10-07T00:00:00
NFL_MIN_00-0032129_2023W05_NA_DNP,NFL,2023,5,2023_NFL_W05_KC_MIN,NFL_MIN,NFL_P_00-0032129,LB,,UNKNOWN,DNP,Not injury related - resting player,2023-10-07,nflverse,,2026-09-07T05:49:16.123275+00:00,2023-10-07T00:00:00
NFL_MIN_00-0034158_2023W05_NA_DNP,NFL,2023,5,2023_NFL_W05_KC_MIN,NFL_MIN,NFL_P_00-0034158,OL,,UNKNOWN,DNP,Not injury related - resting player,2023-10-07,nflverse,,2026-09-07T05:49:16.123275+00:00,2023-10-07T00:00:00
NFL_MIN_00-0029606_2023W05_NA_DNP,NFL,2023,5,2023_NFL_W05_KC_MIN,NFL_MIN,NFL_P_00-0029606,S,,UNKNOWN,DNP,Not injury related - resting player,2023-10-07,nflverse,,2026-09-07T05:49:16.123275+00:00,2023-10-07T00:00:00
NFL_MIN_00-0034344_2023W05_QUESTIONABLE_FP,NFL,2023,5,2023_NFL_W05_KC_MIN,NFL_MIN,NFL_P_00-0034344,EDGE,,QUESTIONABLE,FP,Ankle,2023-10-07,nflverse,,2026-09-07T05:49:16.123275+00:00,2023-10-07T00:00:00
NFL_MIN_00-0037822_2023W05_QUESTIONABLE_LP,NFL,2023,5,2023_NFL_W05_KC_MIN,NFL_MIN,NFL_P_00-0037822,LB,,QUESTIONABLE,LP,Toe,2023-10-07,nflverse,,2026-09-07T05:49:16.123275+00:00,2023-10-07T00:00:00
NFL_MIN_00-0037245_2023W05_QUESTIONABLE_LP,NFL,2023,5,2023_NFL_W05_KC_MIN,NFL_MIN,NFL_P_00-0037245,S,,QUESTIONABLE,LP,Hamstring,2023-10-07,nflverse,,2026-09-07T05:49:16.123275+00:00,2023-10-07T00:00:00
NFL_MIN_00-0033319_2023W05_QUESTIONABLE_LP,NFL,2023,5,2023_NFL_W05_KC_MIN,NFL_MIN,NFL_P_00-0033319,QB,,QUESTIONABLE,LP,Back,2023-10-07,nflverse,,2026-09-07T05:49:16.123275+00:00,2023-10-07T00:00:00
NFL_NE_00-0032200_2023W05_NA_LP,NFL,2023,5,2023_NFL_W05_NO_NE,NFL_NE,NFL_P_00-0032200,RB,,UNKNOWN,LP,Illness,2023-10-07,nflverse,,2026-09-07T05:49:16.123275+00:00,2023-10-07T00:00:00
NFL_NE_00-0039147_2023W05_QUESTIONABLE_DNP,NFL,2023,5,2023_NFL_W05_NO_NE,NFL_NE,NFL_P_00-0039147,CB,,QUESTIONABLE,DNP,Shoulder,2023-10-07,nflverse,,2026-09-07T05:49:16.123275+00:00,2023-10-07T00:00:00
NFL_NE_00-0032415_2023W05_QUESTIONABLE_DNP,NFL,2023,5,2023_NFL_W05_NO_NE,NFL_NE,NFL_P_00-0032415,LB,,QUESTIONABLE,DNP,Elbow,2023-10-07,nflverse,,2026-09-07T05:49:16.123275+00:00,2023-10-07T00:00:00
NFL_NE_00-0036981_2023W05_QUESTIONABLE_LP,NFL,2023,5,2023_NFL_W05_NO_NE,NFL_NE,NFL_P_00-0036981,DL,,QUESTIONABLE,LP,Knee,2023-10-07,nflverse,,2026-09-07T05:49:16.123275+00:00,2023-10-07T00:00:00
NFL_NE_00-0032071_2023W05_QUESTIONABLE_LP,NFL,2023,5,2023_NFL_W05_NO_NE,NFL_NE,NFL_P_00-0032071,OL,,QUESTIONABLE,LP,Chest,2023-10-07,nflverse,,2026-09-07T05:49:16.123275+00:00,2023-10-07T00:00:00
NFL_NE_00-0029764_2023W05_QUESTIONABLE_LP,NFL,2023,5,2023_NFL_W05_NO_NE,NFL_NE,NFL_P_00-0029764,S,,QUESTIONABLE,LP,Knee,2023-10-07,nflverse,,2026-09-07T05:49:16.123275+00:00,2023-10-07T00:00:00
NFL_NE_00-0031566_2023W05_QUESTIONABLE_LP,NFL,2023,5,2023_NFL_W05_NO_NE,NFL_NE,NFL_P_00-0031566,EDGE,,QUESTIONABLE,LP,Foot,2023-10-07,nflverse,,2026-09-07T05:49:16.123275+00:00,2023-10-07T00:00:00
NFL_NE_00-0033860_2023W05_QUESTIONABLE_LP,NFL,2023,5,2023_NFL_W05_NO_NE,NFL_NE,NFL_P_00-0033860,DL,,QUESTIONABLE,LP,Ankle,2023-10-07,nflverse,,2026-09-07T05:49:16.123275+00:00,2023-10-07T00:00:00
NFL_NE_00-0032580_2023W05_QUESTIONABLE_LP,NFL,2023,5,2023_NFL_W05_NO_NE,NFL_NE,NFL_P_00-0032580,CB,,QUESTIONABLE,LP,Ankle,2023-10-07,nflverse,,2026-09-07T05:49:16.123275+00:00,2023-10-07T00:00:00
NFL_NE_00-0029672_2023W05_QUESTIONABLE_LP,NFL,2023,5,2023_NFL_W05_NO_NE,NFL_NE,NFL_P_00-0029672,OL,,QUESTIONABLE,LP,Knee,2023-10-07,nflverse,,2026-09-07T05:49:16.123275+00:00,2023-10-07T00:00:00
NFL_NE_00-0036875_2023W05_QUESTIONABLE_LP,NFL,2023,5,2023_NFL_W05_NO_NE,NFL_NE,NFL_P_00-0036875,RB,,QUESTIONABLE,LP,Thigh,2023-10-07,nflverse,,2026-09-07T05:49:16.123275+00:00,2023-10-07T00:00:00
NFL_NE_00-0038103_2023W05_QUESTIONABLE_LP,NFL,2023,5,2023_NFL_W05_NO_NE,NFL_NE,NFL_P_00-0038103,OL,,QUESTIONABLE,LP,Knee,2023-10-07,nflverse,,2026-09-07T05:49:16.123275+00:00,2023-10-07T00:00:00
NFL_NE_00-0036559_2023W05_QUESTIONABLE_LP,NFL,2023,5,2023_NFL_W05_NO_NE,NFL_NE,NFL_P_00-0036559,CB,,QUESTIONABLE,LP,Shoulder,2023-10-07,nflverse,,2026-09-07T05:49:16.123275+00:00,2023-10-07T00:00:00
NFL_NO_00-0027696_2023W05_NA_DNP,NFL,2023,5,2023_NFL_W05_NO_NE,NFL_NO,NFL_P_00-0027696,TE,,UNKNOWN,DNP,Not injury related - resting player,2023-10-07,nflverse,,2026-09-07T05:49:16.123275+00:00,2023-10-07T00:00:00
NFL_NO_00-0036040_2023W05_OUT_DNP,NFL,2023,5,2023_NFL_W05_NO_NE,NFL_NO,NFL_P_00-0036040,TE,,OUT,DNP,Calf,2023-10-07,nflverse,,2026-09-07T05:49:16.123275+00:00,2023-10-07T00:00:00
NFL_NO_00-0035244_2023W05_OUT_DNP,NFL,2023,5,2023_NFL_W05_NO_NE,NFL_NO,NFL_P_00-0035244,S,,OUT,DNP,Hamstring,2023-10-07,nflverse,,2026-09-07T05:49:16.123275+00:00,2023-10-07T00:00:00
NFL_NO_00-0036930_2023W05_OUT_DNP,NFL,2023,5,2023_NFL_W05_NO_NE,NFL_NO,NFL_P_00-0036930,OL,,OUT,DNP,Hip,2023-10-07,nflverse,,2026-09-07T05:49:16.123275+00:00,2023-10-07T00:00:00
NFL_NO_00-0036937_2023W05_QUESTIONABLE_LP,NFL,2023,5,2023_NFL_W05_NO_NE,NFL_NO,NFL_P_00-0036937,CB,,QUESTIONABLE,LP,Hamstring,2023-10-07,nflverse,,2026-09-07T05:49:16.123275+00:00,2023-10-07T00:00:00
NFL_NO_00-0031280_2023W05_QUESTIONABLE_LP,NFL,2023,5,2023_NFL_W05_NO_NE,NFL_NO,NFL_P_00-0031280,QB,,QUESTIONABLE,LP,right Shoulder,2023-10-07,nflverse,,2026-09-07T05:49:16.123275+00:00,2023-10-07T00:00:00
NFL_NO_00-0030694_2023W05_QUESTIONABLE_LP,NFL,2023,5,2023_NFL_W05_NO_NE,NFL_NO,NFL_P_00-0030694,OL,,QUESTIONABLE,LP,Ankle,2023-10-07,nflverse,,2026-09-07T05:49:16.123275+00:00,2023-10-07T00:00:00
NFL_NO_00-0032203_2023W05_QUESTIONABLE_LP,NFL,2023,5,2023_NFL_W05_NO_NE,NFL_NO,NFL_P_00-0032203,OL,,QUESTIONABLE,LP,Concussion,2023-10-07,nflverse,,2026-09-07T05:49:16.123275+00:00,2023-10-07T00:00:00
NFL_NYG_00-0036569_2023W05_NA_LP,NFL,2023,5,2023_NFL_W05_NYG_MIA,NFL_NYG,NFL_P_00-0036569,RB,,UNKNOWN,LP,Ankle,2023-10-07,nflverse,,2026-09-07T05:49:16.123275+00:00,2023-10-07T00:00:00
NFL_NYG_00-0037279_2023W05_NA_LP,NFL,2023,5,2023_NFL_W05_NYG_MIA,NFL_NYG,NFL_P_00-0037279,OL,,UNKNOWN,LP,Knee,2023-10-07,nflverse,,2026-09-07T05:49:16.123275+00:00,2023-10-07T00:00:00
NFL_NYG_00-0037612_2023W05_NA_LP,NFL,2023,5,2023_NFL_W05_NYG_MIA,NFL_NYG,NFL_P_00-0037612,OL,,UNKNOWN,LP,Hand,2023-10-07,nflverse,,2026-09-07T05:49:16.123275+00:00,2023-10-07T00:00:00
NFL_NYG_00-0036552_2023W05_NA_LP,NFL,2023,5,2023_NFL_W05_NYG_MIA,NFL_NYG,NFL_P_00-0036552,EDGE,,UNKNOWN,LP,Hamstring,2023-10-07,nflverse,,2026-09-07T05:49:16.123275+00:00,2023-10-07T00:00:00
NFL_NYG_00-0038117_2023W05_NA_LP,NFL,2023,5,2023_NFL_W05_NYG_MIA,NFL_NYG,NFL_P_00-0038117,WR,,UNKNOWN,LP,Knee,2023-10-07,nflverse,,2026-09-07T05:49:16.123275+00:00,2023-10-07T00:00:00
NFL_NYG_00-0036397_2023W05_OUT_DNP,NFL,2023,5,2023_NFL_W05_NYG_MIA,NFL_NYG,NFL_P_00-0036397,OL,,OUT,DNP,Groin,2023-10-07,nflverse,,2026-09-07T05:49:16.123275+00:00,2023-10-07T00:00:00
NFL_NYG_00-0039019_2023W05_OUT_DNP,NFL,2023,5,2023_NFL_W05_NYG_MIA,NFL_NYG,NFL_P_00-0039019,OL,,OUT,DNP,Shoulder,2023-10-07,nflverse,,2026-09-07T05:49:16.123275+00:00,2023-10-07T00:00:00
NFL_NYG_00-0036386_2023W05_OUT_DNP,NFL,2023,5,2023_NFL_W05_NYG_MIA,NFL_NYG,NFL_P_00-0036386,OL,,OUT,DNP,Hamstring,2023-10-07,nflverse,,2026-09-07T05:49:16.123275+00:00,2023-10-07T00:00:00
NFL_NYG_00-0034844_2023W05_QUESTIONABLE_LP,NFL,2023,5,2023_NFL_W05_NYG_MIA,NFL_NYG,NFL_P_00-0034844,RB,,QUESTIONABLE,LP,Ankle,2023-10-07,nflverse,,2026-09-07T05:49:16.123275+00:00,2023-10-07T00:00:00
NFL_NYG_00-0038115_2023W05_QUESTIONABLE_LP,NFL,2023,5,2023_NFL_W05_NYG_MIA,NFL_NYG,NFL_P_00-0038115,TE,,QUESTIONABLE,LP,Knee,2023-10-07,nflverse,,2026-09-07T05:49:16.123275+00:00,2023-10-07T00:00:00
NFL_NYG_00-0037259_2023W05_QUESTIONABLE_LP,NFL,2023,5,2023_NFL_W05_NYG_MIA,NFL_NYG,NFL_P_00-0037259,LB,,QUESTIONABLE,LP,Ankle,2023-10-07,nflverse,,2026-09-07T05:49:16.123275+00:00,2023-10-07T00:00:00
NFL_NYJ_00-0036504_2023W05_OUT_DNP,NFL,2023,5,2023_NFL_W05_NYJ_DEN,NFL_NYJ,NFL_P_00-0036504,CB,,OUT,DNP,Hamstring,2023-10-07,nflverse,,2026-09-07T05:49:16.123275+00:00,2023-10-07T00:00:00
NFL_NYJ_00-0034384_2023W05_OUT_DNP,NFL,2023,5,2023_NFL_W05_NYJ_DEN,NFL_NYJ,NFL_P_00-0034384,CB,,OUT,DNP,Concussion,2023-10-07,nflverse,,2026-09-07T05:49:16.123275+00:00,2023-10-07T00:00:00
NFL_NYJ_00-0031433_2023W05_QUESTIONABLE_DNP,NFL,2023,5,2023_NFL_W05_NYJ_DEN,NFL_NYJ,NFL_P_00-0031433,OL,,QUESTIONABLE,DNP,Toe,2023-10-07,nflverse,,2026-09-07T05:49:16.123275+00:00,2023-10-07T00:00:00
NFL_NYJ_00-0038401_2023W05_QUESTIONABLE_FP,NFL,2023,5,2023_NFL_W05_NYJ_DEN,NFL_NYJ,NFL_P_00-0038401,S,,QUESTIONABLE,FP,Foot,2023-10-07,nflverse,,2026-09-07T05:49:16.123275+00:00,2023-10-07T00:00:00
NFL_NYJ_00-0039004_2023W05_QUESTIONABLE_FP,NFL,2023,5,2023_NFL_W05_NYJ_DEN,NFL_NYJ,NFL_P_00-0039004,OL,,QUESTIONABLE,FP,Shoulder,2023-10-07,nflverse,,2026-09-07T05:49:16.123275+00:00,2023-10-07T00:00:00
NFL_NYJ_00-0034902_2023W05_QUESTIONABLE_LP,NFL,2023,5,2023_NFL_W05_NYJ_DEN,NFL_NYJ,NFL_P_00-0034902,LB,,QUESTIONABLE,LP,Ankle,2023-10-07,nflverse,,2026-09-07T05:49:16.123275+00:00,2023-10-07T00:00:00
NFL_PHI_00-0033445_2023W05_NA_DNP,NFL,2023,5,2023_NFL_W05_PHI_LAR,NFL_PHI,NFL_P_00-0033445,LB,,UNKNOWN,DNP,Not injury related - personal matter,2023-10-07,nflverse,,2026-09-07T05:49:16.123275+00:00,2023-10-07T00:00:00
NFL_PHI_00-0029653_2023W05_OUT_DNP,NFL,2023,5,2023_NFL_W05_PHI_LAR,NFL_PHI,NFL_P_00-0029653,DL,,OUT,DNP,Back,2023-10-07,nflverse,,2026-09-07T05:49:16.123275+00:00,2023-10-07T00:00:00
NFL_PHI_00-0038112_2023W05_OUT_DNP,NFL,2023,5,2023_NFL_W05_PHI_LAR,NFL_PHI,NFL_P_00-0038112,OL,,OUT,DNP,Foot,2023-10-07,nflverse,,2026-09-07T05:49:16.123275+00:00,2023-10-07T00:00:00
NFL_PHI_00-0036920_2023W05_OUT_DNP,NFL,2023,5,2023_NFL_W05_PHI_LAR,NFL_PHI,NFL_P_00-0036920,DL,,OUT,DNP,Triceps,2023-10-07,nflverse,,2026-09-07T05:49:16.123275+00:00,2023-10-07T00:00:00
NFL_PHI_00-0039002_2023W05_OUT_LP,NFL,2023,5,2023_NFL_W05_PHI_LAR,NFL_PHI,NFL_P_00-0039002,S,,OUT,LP,Hamstring,2023-10-07,nflverse,,2026-09-07T05:49:16.123275+00:00,2023-10-07T00:00:00
NFL_PHI_00-0034750_2023W05_DOUBTFUL_NA,NFL,2023,5,2023_NFL_W05_PHI_LAR,NFL_PHI,NFL_P_00-0034750,RB,,DOUBTFUL,,Illness,2023-10-07,nflverse,,2026-09-07T05:49:16.123275+00:00,2023-10-07T00:00:00
NFL_PHI_00-0037132_2023W05_QUESTIONABLE_FP,NFL,2023,5,2023_NFL_W05_PHI_LAR,NFL_PHI,NFL_P_00-0037132,WR,,QUESTIONABLE,FP,Concussion,2023-10-07,nflverse,,2026-09-07T05:49:16.123275+00:00,2023-10-07T00:00:00
NFL_PIT_00-0027943_2023W05_NA_DNP,NFL,2023,5,2023_NFL_W05_BAL_PIT,NFL_PIT,NFL_P_00-0027943,CB,,UNKNOWN,DNP,Not injury related - resting player,2023-10-07,nflverse,,2026-09-07T05:49:16.123275+00:00,2023-10-07T00:00:00
NFL_PIT_00-0032954_2023W05_NA_DNP,NFL,2023,5,2023_NFL_W05_BAL_PIT,NFL_PIT,NFL_P_00-0032954,OL,,UNKNOWN,DNP,Not injury related - resting player,2023-10-07,nflverse,,2026-09-07T05:49:16.123275+00:00,2023-10-07T00:00:00
NFL_PIT_00-0036893_2023W05_NA_LP,NFL,2023,5,2023_NFL_W05_BAL_PIT,NFL_PIT,NFL_P_00-0036893,RB,,UNKNOWN,LP,Hamstring,2023-10-07,nflverse,,2026-09-07T05:49:16.123275+00:00,2023-10-07T00:00:00
NFL_PIT_00-0034347_2023W05_OUT_DNP,NFL,2023,5,2023_NFL_W05_BAL_PIT,NFL_PIT,NFL_P_00-0034347,OL,,OUT,DNP,Groin,2023-10-07,nflverse,,2026-09-07T05:49:16.123275+00:00,2023-10-07T00:00:00
NFL_PIT_00-0036894_2023W05_OUT_DNP,NFL,2023,5,2023_NFL_W05_BAL_PIT,NFL_PIT,NFL_P_00-0036894,TE,,OUT,DNP,Hamstring,2023-10-07,nflverse,,2026-09-07T05:49:16.123275+00:00,2023-10-07T00:00:00
NFL_PIT_00-0036847_2023W05_OUT_DNP,NFL,2023,5,2023_NFL_W05_BAL_PIT,NFL_PIT,NFL_P_00-0036847,P,,OUT,DNP,right Hamstring,2023-10-07,nflverse,,2026-09-07T05:49:16.123275+00:00,2023-10-07T00:00:00
NFL_PIT_00-0037759_2023W05_OUT_DNP,NFL,2023,5,2023_NFL_W05_BAL_PIT,NFL_PIT,NFL_P_00-0037759,EDGE,,OUT,DNP,Concussion,2023-10-07,nflverse,,2026-09-07T05:49:16.123275+00:00,2023-10-07T00:00:00
NFL_PIT_00-0036869_2023W05_OUT_DNP,NFL,2023,5,2023_NFL_W05_BAL_PIT,NFL_PIT,NFL_P_00-0036869,OL,,OUT,DNP,Knee,2023-10-07,nflverse,,2026-09-07T05:49:16.123275+00:00,2023-10-07T00:00:00
NFL_PIT_00-0036333_2023W05_QUESTIONABLE_LP,NFL,2023,5,2023_NFL_W05_BAL_PIT,NFL_PIT,NFL_P_00-0036333,LB,,QUESTIONABLE,LP,Groin,2023-10-07,nflverse,,2026-09-07T05:49:16.123275+00:00,2023-10-07T00:00:00
NFL_SF_00-0033280_2023W05_NA_DNP,NFL,2023,5,2023_NFL_W05_DAL_SF,NFL_SF,NFL_P_00-0033280,RB,,UNKNOWN,DNP,Not injury related - resting player,2023-10-08,nflverse,,2026-09-07T05:49:16.123275+00:00,2023-10-08T00:00:00
NFL_SF_00-0027857_2023W05_NA_DNP,NFL,2023,5,2023_NFL_W05_DAL_SF,NFL_SF,NFL_P_00-0027857,OL,,UNKNOWN,DNP,Not injury related - resting player,2023-10-08,nflverse,,2026-09-07T05:49:16.123275+00:00,2023-10-08T00:00:00
NFL_SF_00-0036567_2023W05_OUT_DNP,NFL,2023,5,2023_NFL_W05_DAL_SF,NFL_SF,NFL_P_00-0036567,RB,,OUT,DNP,Knee,2023-10-08,nflverse,,2026-09-07T05:49:16.123275+00:00,2023-10-08T00:00:00
NFL_SF_00-0032151_2023W05_QUESTIONABLE_FP,NFL,2023,5,2023_NFL_W05_DAL_SF,NFL_SF,NFL_P_00-0032151,OL,,QUESTIONABLE,FP,Concussion,2023-10-08,nflverse,,2026-09-07T05:49:16.123275+00:00,2023-10-08T00:00:00
NFL_TEN_00-0035643_2023W05_NA_LP,NFL,2023,5,2023_NFL_W05_TEN_IND,NFL_TEN,NFL_P_00-0035643,DL,,UNKNOWN,LP,Ankle,2023-10-07,nflverse,,2026-09-07T05:49:16.123275+00:00,2023-10-07T00:00:00
NFL_TEN_00-0037742_2023W05_OUT_DNP,NFL,2023,5,2023_NFL_W05_TEN_IND,NFL_TEN,NFL_P_00-0037742,WR,,OUT,DNP,Knee,2023-10-07,nflverse,,2026-09-07T05:49:16.123275+00:00,2023-10-07T00:00:00
NFL_TEN_00-0035413_2023W05_OUT_DNP,NFL,2023,5,2023_NFL_W05_TEN_IND,NFL_TEN,NFL_P_00-0035413,LB,,OUT,DNP,Hamstring,2023-10-07,nflverse,,2026-09-07T05:49:16.123275+00:00,2023-10-07T00:00:00
NFL_TEN_00-0036181_2023W05_OUT_DNP,NFL,2023,5,2023_NFL_W05_TEN_IND,NFL_TEN,NFL_P_00-0036181,DL,,OUT,DNP,Toe,2023-10-07,nflverse,,2026-09-07T05:49:16.123275+00:00,2023-10-07T00:00:00
NFL_TEN_00-0037754_2023W05_OUT_FP,NFL,2023,5,2023_NFL_W05_TEN_IND,NFL_TEN,NFL_P_00-0037754,OL,,OUT,FP,not injury related - returning from suspension,2023-10-07,nflverse,,2026-09-07T05:49:16.123275+00:00,2023-10-07T00:00:00
NFL_WAS_00-0033282_2023W05_NA_LP,NFL,2023,5,2023_NFL_W05_CHI_WAS,NFL_WAS,NFL_P_00-0033282,WR,,UNKNOWN,LP,Quadricep,2023-10-05,nflverse,,2026-09-07T05:49:16.123275+00:00,2023-10-05T00:00:00
NFL_WAS_00-0038611_2023W05_QUESTIONABLE_LP,NFL,2023,5,2023_NFL_W05_CHI_WAS,NFL_WAS,NFL_P_00-0038611,RB,,QUESTIONABLE,LP,Illness,2023-10-05,nflverse,,2026-09-07T05:49:16.123275+00:00,2023-10-05T00:00:00
NFL_ARI_00-0037815_2023W06_NA_LP,NFL,2023,6,2023_NFL_W06_ARI_LAR,NFL_ARI,NFL_P_00-0037815,LB,,UNKNOWN,LP,Thigh,2023-10-14,nflverse,,2026-09-07T05:49:16.123275+00:00,2023-10-14T00:00:00
NFL_ARI_00-0035705_2023W06_OUT_DNP,NFL,2023,6,2023_NFL_W06_ARI_LAR,NFL_ARI,NFL_P_00-0035705,S,,OUT,DNP,Hamstring,2023-10-14,nflverse,,2026-09-07T05:49:16.123275+00:00,2023-10-14T00:00:00
NFL_ARI_00-0035300_2023W06_QUESTIONABLE_FP,NFL,2023,6,2023_NFL_W06_ARI_LAR,NFL_ARI,NFL_P_00-0035300,OL,,QUESTIONABLE,FP,Ankle,2023-10-14,nflverse,,2026-09-07T05:49:16.123275+00:00,2023-10-14T00:00:00
NFL_ARI_00-0035662_2023W06_QUESTIONABLE_LP,NFL,2023,6,2023_NFL_W06_ARI_LAR,NFL_ARI,NFL_P_00-0035662,WR,,QUESTIONABLE,LP,Illness,2023-10-14,nflverse,,2026-09-07T05:49:16.123275+00:00,2023-10-14T00:00:00
NFL_ARI_00-0039041_2023W06_QUESTIONABLE_LP,NFL,2023,6,2023_NFL_W06_ARI_LAR,NFL_ARI,NFL_P_00-0039041,TE,,QUESTIONABLE,LP,Illness,2023-10-14,nflverse,,2026-09-07T05:49:16.123275+00:00,2023-10-14T00:00:00
NFL_ARI_00-0035343_2023W06_QUESTIONABLE_LP,NFL,2023,6,2023_NFL_W06_ARI_LAR,NFL_ARI,NFL_P_00-0035343,EDGE,,QUESTIONABLE,LP,Finger,2023-10-14,nflverse,,2026-09-07T05:49:16.123275+00:00,2023-10-14T00:00:00
NFL_ARI_00-0037330_2023W06_QUESTIONABLE_LP,NFL,2023,6,2023_NFL_W06_ARI_LAR,NFL_ARI,NFL_P_00-0037330,LB,,QUESTIONABLE,LP,Shoulder,2023-10-14,nflverse,,2026-09-07T05:49:16.123275+00:00,2023-10-14T00:00:00
NFL_ARI_00-0037751_2023W06_QUESTIONABLE_LP,NFL,2023,6,2023_NFL_W06_ARI_LAR,NFL_ARI,NFL_P_00-0037751,LB,,QUESTIONABLE,LP,Thumb,2023-10-14,nflverse,,2026-09-07T05:49:16.123275+00:00,2023-10-14T00:00:00
NFL_ARI_00-0039007_2023W06_QUESTIONABLE_LP,NFL,2023,6,2023_NFL_W06_ARI_LAR,NFL_ARI,NFL_P_00-0039007,CB,,QUESTIONABLE,LP,Knee,2023-10-14,nflverse,,2026-09-07T05:49:16.123275+00:00,2023-10-14T00:00:00
NFL_ARI_00-0034801_2023W06_QUESTIONABLE_LP,NFL,2023,6,2023_NFL_W06_ARI_LAR,NFL_ARI,NFL_P_00-0034801,LB,,QUESTIONABLE,LP,Ankle,2023-10-14,nflverse,,2026-09-07T05:49:16.123275+00:00,2023-10-14T00:00:00
NFL_ATL_00-0026190_2023W06_NA_DNP,NFL,2023,6,2023_NFL_W06_WAS_ATL,NFL_ATL,NFL_P_00-0026190,EDGE,,UNKNOWN,DNP,Not injury related - resting player,2023-10-14,nflverse,,2026-09-07T05:49:16.123275+00:00,2023-10-14T00:00:00
NFL_BAL_00-0036940_2023W06_OUT_DNP,NFL,2023,6,2023_NFL_W06_BAL_TEN,NFL_BAL,NFL_P_00-0036940,LB,,OUT,DNP,Ankle,2023-10-14,nflverse,,2026-09-07T05:49:16.123275+00:00,2023-10-14T00:00:00
NFL_BAL_00-0038454_2023W06_QUESTIONABLE_FP,NFL,2023,6,2023_NFL_W06_BAL_TEN,NFL_BAL,NFL_P_00-0038454,RB,,QUESTIONABLE,FP,Shoulder,2023-10-14,nflverse,,2026-09-07T05:49:16.123275+00:00,2023-10-14T00:00:00
NFL_BUF_00-0036166_2023W06_QUESTIONABLE_LP,NFL,2023,6,2023_NFL_W06_NYG_BUF,NFL_BUF,NFL_P_00-0036166,CB,,QUESTIONABLE,LP,Foot,2023-10-15,nflverse,,2026-09-07T05:49:16.123275+00:00,2023-10-15T00:00:00
NFL_BUF_00-0038933_2023W06_QUESTIONABLE_LP,NFL,2023,6,2023_NFL_W06_NYG_BUF,NFL_BUF,NFL_P_00-0038933,TE,,QUESTIONABLE,LP,Concussion,2023-10-15,nflverse,,2026-09-07T05:49:16.123275+00:00,2023-10-15T00:00:00
NFL_BUF_00-0035689_2023W06_QUESTIONABLE_LP,NFL,2023,6,2023_NFL_W06_NYG_BUF,NFL_BUF,NFL_P_00-0035689,TE,,QUESTIONABLE,LP,Wrist,2023-10-15,nflverse,,2026-09-07T05:49:16.123275+00:00,2023-10-15T00:00:00
NFL_CAR_00-0028008_2023W06_NA_DNP,NFL,2023,6,2023_NFL_W06_CAR_MIA,NFL_CAR,NFL_P_00-0028008,LB,,UNKNOWN,DNP,Not injury related - resting player,2023-10-14,nflverse,,2026-09-07T05:49:16.123275+00:00,2023-10-14T00:00:00
NFL_CAR_00-0030035_2023W06_NA_DNP,NFL,2023,6,2023_NFL_W06_CAR_MIA,NFL_CAR,NFL_P_00-0030035,WR,,UNKNOWN,DNP,Not injury related - resting player,2023-10-14,nflverse,,2026-09-07T05:49:16.123275+00:00,2023-10-14T00:00:00
NFL_CAR_00-0032939_2023W06_OUT_DNP,NFL,2023,6,2023_NFL_W06_CAR_MIA,NFL_CAR,NFL_P_00-0032939,S,,OUT,DNP,Quadricep,2023-10-14,nflverse,,2026-09-07T05:49:16.123275+00:00,2023-10-14T00:00:00
NFL_CAR_00-0035956_2023W06_OUT_DNP,NFL,2023,6,2023_NFL_W06_CAR_MIA,NFL_CAR,NFL_P_00-0035956,TE,,OUT,DNP,Shoulder,2023-10-14,nflverse,,2026-09-07T05:49:16.123275+00:00,2023-10-14T00:00:00
NFL_CAR_00-0035243_2023W06_OUT_DNP,NFL,2023,6,2023_NFL_W06_CAR_MIA,NFL_CAR,NFL_P_00-0035243,RB,,OUT,DNP,Shoulder,2023-10-14,nflverse,,2026-09-07T05:49:16.123275+00:00,2023-10-14T00:00:00
NFL_CAR_00-0033579_2023W06_OUT_DNP,NFL,2023,6,2023_NFL_W06_CAR_MIA,NFL_CAR,NFL_P_00-0033579,S,,OUT,DNP,Hamstring,2023-10-14,nflverse,,2026-09-07T05:49:16.123275+00:00,2023-10-14T00:00:00
NFL_CAR_00-0038536_2023W06_OUT_DNP,NFL,2023,6,2023_NFL_W06_CAR_MIA,NFL_CAR,NFL_P_00-0038536,OL,,OUT,DNP,Neck,2023-10-14,nflverse,,2026-09-07T05:49:16.123275+00:00,2023-10-14T00:00:00
NFL_CAR_00-0034261_2023W06_OUT_FP,NFL,2023,6,2023_NFL_W06_CAR_MIA,NFL_CAR,NFL_P_00-0034261,OL,,OUT,FP,Knee,2023-10-14,nflverse,,2026-09-07T05:49:16.123275+00:00,2023-10-14T00:00:00
NFL_CAR_00-0035713_2023W06_QUESTIONABLE_FP,NFL,2023,6,2023_NFL_W06_CAR_MIA,NFL_CAR,NFL_P_00-0035713,LB,,QUESTIONABLE,FP,Ankle,2023-10-14,nflverse,,2026-09-07T05:49:16.123275+00:00,2023-10-14T00:00:00
NFL_CAR_00-0036438_2023W06_QUESTIONABLE_FP,NFL,2023,6,2023_NFL_W06_CAR_MIA,NFL_CAR,NFL_P_00-0036438,TE,,QUESTIONABLE,FP,Hip,2023-10-14,nflverse,,2026-09-07T05:49:16.123275+00:00,2023-10-14T00:00:00
NFL_CAR_00-0036220_2023W06_QUESTIONABLE_LP,NFL,2023,6,2023_NFL_W06_CAR_MIA,NFL_CAR,NFL_P_00-0036220,EDGE,,QUESTIONABLE,LP,Knee,2023-10-14,nflverse,,2026-09-07T05:49:16.123275+00:00,2023-10-14T00:00:00
NFL_CAR_00-0034365_2023W06_QUESTIONABLE_LP,NFL,2023,6,2023_NFL_W06_CAR_MIA,NFL_CAR,NFL_P_00-0034365,TE,,QUESTIONABLE,LP,Calf,2023-10-14,nflverse,,2026-09-07T05:49:16.123275+00:00,2023-10-14T00:00:00
NFL_CHI_00-0024243_2023W06_NA_DNP,NFL,2023,6,2023_NFL_W06_MIN_CHI,NFL_CHI,NFL_P_00-0024243,TE,,UNKNOWN,DNP,Not injury related - resting player,2023-10-14,nflverse,,2026-09-07T05:49:16.123275+00:00,2023-10-14T00:00:00
NFL_CHI_00-0036906_2023W06_OUT_DNP,NFL,2023,6,2023_NFL_W06_MIN_CHI,NFL_CHI,NFL_P_00-0036906,RB,,OUT,DNP,Ankle,2023-10-14,nflverse,,2026-09-07T05:49:16.123275+00:00,2023-10-14T00:00:00
NFL_CHI_00-0035594_2023W06_OUT_DNP,NFL,2023,6,2023_NFL_W06_MIN_CHI,NFL_CHI,NFL_P_00-0035594,RB,,OUT,DNP,Hamstring,2023-10-14,nflverse,,2026-09-07T05:49:16.123275+00:00,2023-10-14T00:00:00
NFL_CHI_00-0039021_2023W06_OUT_DNP,NFL,2023,6,2023_NFL_W06_MIN_CHI,NFL_CHI,NFL_P_00-0039021,RB,,OUT,DNP,Concussion,2023-10-14,nflverse,,2026-09-07T05:49:16.123275+00:00,2023-10-14T00:00:00
NFL_CHI_00-0038395_2023W06_OUT_DNP,NFL,2023,6,2023_NFL_W06_MIN_CHI,NFL_CHI,NFL_P_00-0038395,CB,,OUT,DNP,Ankle,2023-10-14,nflverse,,2026-09-07T05:49:16.123275+00:00,2023-10-14T00:00:00
NFL_CHI_00-0034279_2023W06_OUT_DNP,NFL,2023,6,2023_NFL_W06_MIN_CHI,NFL_CHI,NFL_P_00-0034279,WR,,OUT,DNP,Hamstring,2023-10-14,nflverse,,2026-09-07T05:49:16.123275+00:00,2023-10-14T00:00:00
NFL_CHI_00-0033082_2023W06_QUESTIONABLE_FP,NFL,2023,6,2023_NFL_W06_MIN_CHI,NFL_CHI,NFL_P_00-0033082,OL,,QUESTIONABLE,FP,Concussion,2023-10-14,nflverse,,2026-09-07T05:49:16.123275+00:00,2023-10-14T00:00:00
NFL_CHI_00-0033784_2023W06_QUESTIONABLE_LP,NFL,2023,6,2023_NFL_W06_MIN_CHI,NFL_CHI,NFL_P_00-0033784,S,,QUESTIONABLE,LP,Foot,2023-10-14,nflverse,,2026-09-07T05:49:16.123275+00:00,2023-10-14T00:00:00
NFL_CIN_00-0038546_2023W06_NA_DNP,NFL,2023,6,2023_NFL_W06_SEA_CIN,NFL_CIN,NFL_P_00-0038546,EDGE,,UNKNOWN,DNP,Not injury related - personal matter,2023-10-14,nflverse,,2026-09-07T05:49:16.123275+00:00,2023-10-14T00:00:00
NFL_CIN_00-0036298_2023W06_OUT_DNP,NFL,2023,6,2023_NFL_W06_SEA_CIN,NFL_CIN,NFL_P_00-0036298,LB,,OUT,DNP,Knee,2023-10-14,nflverse,,2026-09-07T05:49:16.123275+00:00,2023-10-14T00:00:00
NFL_CIN_00-0033347_2023W06_QUESTIONABLE_DNP,NFL,2023,6,2023_NFL_W06_SEA_CIN,NFL_CIN,NFL_P_00-0033347,DL,,QUESTIONABLE,DNP,Toe,2023-10-14,nflverse,,2026-09-07T05:49:16.123275+00:00,2023-10-14T00:00:00
NFL_CIN_00-0037293_2023W06_QUESTIONABLE_FP,NFL,2023,6,2023_NFL_W06_SEA_CIN,NFL_CIN,NFL_P_00-0037293,LB,,QUESTIONABLE,FP,Hamstring,2023-10-14,nflverse,,2026-09-07T05:49:16.123275+00:00,2023-10-14T00:00:00
NFL_CIN_00-0036410_2023W06_QUESTIONABLE_FP,NFL,2023,6,2023_NFL_W06_SEA_CIN,NFL_CIN,NFL_P_00-0036410,WR,,QUESTIONABLE,FP,Ribs,2023-10-14,nflverse,,2026-09-07T05:49:16.123275+00:00,2023-10-14T00:00:00
NFL_CIN_00-0033548_2023W06_QUESTIONABLE_LP,NFL,2023,6,2023_NFL_W06_SEA_CIN,NFL_CIN,NFL_P_00-0033548,CB,,QUESTIONABLE,LP,Back,2023-10-14,nflverse,,2026-09-07T05:49:16.123275+00:00,2023-10-14T00:00:00
NFL_CLE_00-0031544_2023W06_NA_DNP,NFL,2023,6,2023_NFL_W06_SF_CLE,NFL_CLE,NFL_P_00-0031544,WR,,UNKNOWN,DNP,Not injury related - resting player,2023-10-14,nflverse,,2026-09-07T05:49:16.123275+00:00,2023-10-14T00:00:00
NFL_CLE_00-0031426_2023W06_OUT_DNP,NFL,2023,6,2023_NFL_W06_SF_CLE,NFL_CLE,NFL_P_00-0031426,OL,,OUT,DNP,Knee,2023-10-14,nflverse,,2026-09-07T05:49:16.123275+00:00,2023-10-14T00:00:00
NFL_CLE_00-0038979_2023W06_OUT_DNP,NFL,2023,6,2023_NFL_W06_SF_CLE,NFL_CLE,NFL_P_00-0038979,WR,,OUT,DNP,Hip,2023-10-14,nflverse,,2026-09-07T05:49:16.123275+00:00,2023-10-14T00:00:00
NFL_CLE_00-0033537_2023W06_OUT_DNP,NFL,2023,6,2023_NFL_W06_SF_CLE,NFL_CLE,NFL_P_00-0033537,QB,,OUT,DNP,right Shoulder,2023-10-14,nflverse,,2026-09-07T05:49:16.123275+00:00,2023-10-14T00:00:00
NFL_CLE_00-0033885_2023W06_QUESTIONABLE_LP,NFL,2023,6,2023_NFL_W06_SF_CLE,NFL_CLE,NFL_P_00-0033885,TE,,QUESTIONABLE,LP,Hand,2023-10-14,nflverse,,2026-09-07T05:49:16.123275+00:00,2023-10-14T00:00:00
NFL_CLE_00-0033901_2023W06_QUESTIONABLE_LP,NFL,2023,6,2023_NFL_W06_SF_CLE,NFL_CLE,NFL_P_00-0033901,OL,,QUESTIONABLE,LP,Chest,2023-10-14,nflverse,,2026-09-07T05:49:16.123275+00:00,2023-10-14T00:00:00
NFL_DAL_00-0029542_2023W06_NA_DNP,NFL,2023,6,2023_NFL_W06_DAL_LAC,NFL_DAL,NFL_P_00-0029542,CB,,UNKNOWN,DNP,Not injury related - resting player,2023-10-16,nflverse,,2026-09-07T05:49:16.123275+00:00,2023-10-16T00:00:00
NFL_DAL_00-0031411_2023W06_NA_DNP,NFL,2023,6,2023_NFL_W06_DAL_LAC,NFL_DAL,NFL_P_00-0031411,EDGE,,UNKNOWN,DNP,Not injury related - resting player,2023-10-16,nflverse,,2026-09-07T05:49:16.123275+00:00,2023-10-16T00:00:00
NFL_DAL_00-0031402_2023W06_NA_DNP,NFL,2023,6,2023_NFL_W06_DAL_LAC,NFL_DAL,NFL_P_00-0031402,OL,,UNKNOWN,DNP,Not injury related - resting player,2023-10-16,nflverse,,2026-09-07T05:49:16.123275+00:00,2023-10-16T00:00:00
NFL_DAL_00-0031357_2023W06_OUT_DNP,NFL,2023,6,2023_NFL_W06_DAL_LAC,NFL_DAL,NFL_P_00-0031357,CB,,OUT,DNP,Pectoral,2023-10-16,nflverse,,2026-09-07T05:49:16.123275+00:00,2023-10-16T00:00:00
NFL_DAL_00-0034674_2023W06_OUT_DNP,NFL,2023,6,2023_NFL_W06_DAL_LAC,NFL_DAL,NFL_P_00-0034674,LB,,OUT,DNP,Neck,2023-10-16,nflverse,,2026-09-07T05:49:16.123275+00:00,2023-10-16T00:00:00
NFL_DAL_00-0037578_2023W06_DOUBTFUL_DNP,NFL,2023,6,2023_NFL_W06_DAL_LAC,NFL_DAL,NFL_P_00-0037578,S,,DOUBTFUL,DNP,Hamstring,2023-10-16,nflverse,,2026-09-07T05:49:16.123275+00:00,2023-10-16T00:00:00
NFL_DAL_00-0035698_2023W06_QUESTIONABLE_DNP,NFL,2023,6,2023_NFL_W06_DAL_LAC,NFL_DAL,NFL_P_00-0035698,OL,,QUESTIONABLE,DNP,Illness,2023-10-16,nflverse,,2026-09-07T05:49:16.123275+00:00,2023-10-16T00:00:00
NFL_DEN_00-0032210_2023W06_OUT_DNP,NFL,2023,6,2023_NFL_W06_DEN_KC,NFL_DEN,NFL_P_00-0032210,LB,,OUT,DNP,Illness,2023-10-12,nflverse,,2026-09-07T05:49:16.123275+00:00,2023-10-12T00:00:00
NFL_DEN_00-0033297_2023W06_OUT_DNP,NFL,2023,6,2023_NFL_W06_DEN_KC,NFL_DEN,NFL_P_00-0033297,DL,,OUT,DNP,Knee,2023-10-12,nflverse,,2026-09-07T05:49:16.123275+00:00,2023-10-12T00:00:00
NFL_DEN_00-0036995_2023W06_OUT_LP,NFL,2023,6,2023_NFL_W06_DEN_KC,NFL_DEN,NFL_P_00-0036995,LB,,OUT,LP,Knee,2023-10-12,nflverse,,2026-09-07T05:49:16.123275+00:00,2023-10-12T00:00:00
NFL_DEN_00-0037252_2023W06_QUESTIONABLE_FP,NFL,2023,6,2023_NFL_W06_DEN_KC,NFL_DEN,NFL_P_00-0037252,TE,,QUESTIONABLE,FP,Hamstring,2023-10-12,nflverse,,2026-09-07T05:49:16.123275+00:00,2023-10-12T00:00:00
NFL_DET_00-0031237_2023W06_NA_DNP,NFL,2023,6,2023_NFL_W06_DET_TB,NFL_DET,NFL_P_00-0031237,QB,,UNKNOWN,DNP,Not injury related - personal matter,2023-10-14,nflverse,,2026-09-07T05:49:16.123275+00:00,2023-10-14T00:00:00
NFL_DET_00-0039141_2023W06_OUT_DNP,NFL,2023,6,2023_NFL_W06_DET_TB,NFL_DET,NFL_P_00-0039141,S,,OUT,DNP,Ankle,2023-10-14,nflverse,,2026-09-07T05:49:16.123275+00:00,2023-10-14T00:00:00
NFL_DET_00-0039139_2023W06_OUT_DNP,NFL,2023,6,2023_NFL_W06_DET_TB,NFL_DET,NFL_P_00-0039139,RB,,OUT,DNP,Hamstring,2023-10-14,nflverse,,2026-09-07T05:49:16.123275+00:00,2023-10-14T00:00:00
NFL_DET_00-0036258_2023W06_OUT_DNP,NFL,2023,6,2023_NFL_W06_DET_TB,NFL_DET,NFL_P_00-0036258,OL,,OUT,DNP,Ankle,2023-10-14,nflverse,,2026-09-07T05:49:16.123275+00:00,2023-10-14T00:00:00
NFL_DET_00-0037157_2023W06_OUT_DNP,NFL,2023,6,2023_NFL_W06_DET_TB,NFL_DET,NFL_P_00-0037157,RB,,OUT,DNP,Shoulder,2023-10-14,nflverse,,2026-09-07T05:49:16.123275+00:00,2023-10-14T00:00:00
NFL_DET_00-0037282_2023W06_OUT_DNP,NFL,2023,6,2023_NFL_W06_DET_TB,NFL_DET,NFL_P_00-0037282,TE,,OUT,DNP,Hamstring,2023-10-14,nflverse,,2026-09-07T05:49:16.123275+00:00,2023-10-14T00:00:00
NFL_DET_00-0034096_2023W06_OUT_DNP,NFL,2023,6,2023_NFL_W06_DET_TB,NFL_DET,NFL_P_00-0034096,CB,,OUT,DNP,Knee,2023-10-14,nflverse,,2026-09-07T05:49:16.123275+00:00,2023-10-14T00:00:00
NFL_DET_00-0038096_2023W06_OUT_LP,NFL,2023,6,2023_NFL_W06_DET_TB,NFL_DET,NFL_P_00-0038096,EDGE,,OUT,LP,Knee,2023-10-14,nflverse,,2026-09-07T05:49:16.123275+00:00,2023-10-14T00:00:00
NFL_DET_00-0036124_2023W06_QUESTIONABLE_FP,NFL,2023,6,2023_NFL_W06_DET_TB,NFL_DET,NFL_P_00-0036124,CB,,QUESTIONABLE,FP,Illness,2023-10-14,nflverse,,2026-09-07T05:49:16.123275+00:00,2023-10-14T00:00:00
NFL_DET_00-0039065_2023W06_QUESTIONABLE_LP,NFL,2023,6,2023_NFL_W06_DET_TB,NFL_DET,NFL_P_00-0039065,TE,,QUESTIONABLE,LP,Calf,2023-10-14,nflverse,,2026-09-07T05:49:16.123275+00:00,2023-10-14T00:00:00
NFL_HOU_00-0037823_2023W06_QUESTIONABLE_FP,NFL,2023,6,2023_NFL_W06_NO_HOU,NFL_HOU,NFL_P_00-0037823,LB,,QUESTIONABLE,FP,Concussion,2023-10-14,nflverse,,2026-09-07T05:49:16.123275+00:00,2023-10-14T00:00:00
NFL_HOU_00-0030431_2023W06_QUESTIONABLE_FP,NFL,2023,6,2023_NFL_W06_NO_HOU,NFL_HOU,NFL_P_00-0030431,WR,,QUESTIONABLE,FP,Ribs,2023-10-14,nflverse,,2026-09-07T05:49:16.123275+00:00,2023-10-14T00:00:00
NFL_HOU_00-0038977_2023W06_QUESTIONABLE_LP,NFL,2023,6,2023_NFL_W06_NO_HOU,NFL_HOU,NFL_P_00-0038977,WR,,QUESTIONABLE,LP,Concussion,2023-10-14,nflverse,,2026-09-07T05:49:16.123275+00:00,2023-10-14T00:00:00
NFL_IND_00-0032378_2023W06_NA_DNP,NFL,2023,6,2023_NFL_W06_IND_JAX,NFL_IND,NFL_P_00-0032378,DL,,UNKNOWN,DNP,Back,2023-10-14,nflverse,,2026-09-07T05:49:16.123275+00:00,2023-10-14T00:00:00
NFL_IND_00-0033952_2023W06_NA_DNP,NFL,2023,6,2023_NFL_W06_IND_JAX,NFL_IND,NFL_P_00-0033952,DL,,UNKNOWN,DNP,Foot,2023-10-14,nflverse,,2026-09-07T05:49:16.123275+00:00,2023-10-14T00:00:00
NFL_IND_00-0034836_2023W06_OUT_DNP,NFL,2023,6,2023_NFL_W06_IND_JAX,NFL_IND,NFL_P_00-0034836,OL,,OUT,DNP,Foot/Wrist/Hip,2023-10-14,nflverse,,2026-09-07T05:49:16.123275+00:00,2023-10-14T00:00:00
NFL_IND_00-0032383_2023W06_QUESTIONABLE_DNP,NFL,2023,6,2023_NFL_W06_IND_JAX,NFL_IND,NFL_P_00-0032383,OL,,QUESTIONABLE,DNP,Ankle,2023-10-14,nflverse,,2026-09-07T05:49:16.123275+00:00,2023-10-14T00:00:00
NFL_IND_00-0033217_2023W06_QUESTIONABLE_FP,NFL,2023,6,2023_NFL_W06_IND_JAX,NFL_IND,NFL_P_00-0033217,TE,,QUESTIONABLE,FP,Concussion,2023-10-14,nflverse,,2026-09-07T05:49:16.123275+00:00,2023-10-14T00:00:00
NFL_JAX_00-0038616_2023W06_OUT_DNP,NFL,2023,6,2023_NFL_W06_IND_JAX,NFL_JAX,NFL_P_00-0038616,CB,,OUT,DNP,Hamstring,2023-10-14,nflverse,,2026-09-07T05:49:16.123275+00:00,2023-10-14T00:00:00
NFL_JAX_00-0033891_2023W06_OUT_DNP,NFL,2023,6,2023_NFL_W06_IND_JAX,NFL_JAX,NFL_P_00-0033891,WR,,OUT,DNP,Knee,2023-10-14,nflverse,,2026-09-07T05:49:16.123275+00:00,2023-10-14T00:00:00
NFL_JAX_00-0036975_2023W06_OUT_DNP,NFL,2023,6,2023_NFL_W06_IND_JAX,NFL_JAX,NFL_P_00-0036975,OL,,OUT,DNP,Knee,2023-10-14,nflverse,,2026-09-07T05:49:16.123275+00:00,2023-10-14T00:00:00
NFL_JAX_00-0036262_2023W06_OUT_LP,NFL,2023,6,2023_NFL_W06_IND_JAX,NFL_JAX,NFL_P_00-0036262,DL,,OUT,LP,Back,2023-10-14,nflverse,,2026-09-07T05:49:16.123275+00:00,2023-10-14T00:00:00
NFL_JAX_00-0037244_2023W06_QUESTIONABLE_LP,NFL,2023,6,2023_NFL_W06_IND_JAX,NFL_JAX,NFL_P_00-0037244,LB,,QUESTIONABLE,LP,Thumb,2023-10-14,nflverse,,2026-09-07T05:49:16.123275+00:00,2023-10-14T00:00:00
NFL_KC_00-0037192_2023W06_QUESTIONABLE_LP,NFL,2023,6,2023_NFL_W06_DEN_KC,NFL_KC,NFL_P_00-0037192,EDGE,,QUESTIONABLE,LP,Hamstring,2023-10-12,nflverse,,2026-09-07T05:49:16.123275+00:00,2023-10-12T00:00:00
NFL_KC_00-0030506_2023W06_QUESTIONABLE_LP,NFL,2023,6,2023_NFL_W06_DEN_KC,NFL_KC,NFL_P_00-0030506,TE,,QUESTIONABLE,LP,Ankle,2023-10-12,nflverse,,2026-09-07T05:49:16.123275+00:00,2023-10-12T00:00:00
NFL_KC_00-0035889_2023W06_QUESTIONABLE_LP,NFL,2023,6,2023_NFL_W06_DEN_KC,NFL_KC,NFL_P_00-0035889,P,,QUESTIONABLE,LP,left Knee,2023-10-12,nflverse,,2026-09-07T05:49:16.123275+00:00,2023-10-12T00:00:00
NFL_LAR_00-0034804_2023W06_NA_DNP,NFL,2023,6,2023_NFL_W06_ARI_LAR,NFL_LAR,NFL_P_00-0034804,OL,,UNKNOWN,DNP,Not injury related - resting player,2023-10-14,nflverse,,2026-09-07T05:49:16.123275+00:00,2023-10-14T00:00:00
NFL_LAR_00-0031388_2023W06_NA_DNP,NFL,2023,6,2023_NFL_W06_ARI_LAR,NFL_LAR,NFL_P_00-0031388,DL,,UNKNOWN,DNP,Not injury related - resting player,2023-10-14,nflverse,,2026-09-07T05:49:16.123275+00:00,2023-10-14T00:00:00
NFL_LAR_00-0036994_2023W06_QUESTIONABLE_LP,NFL,2023,6,2023_NFL_W06_ARI_LAR,NFL_LAR,NFL_P_00-0036994,LB,,QUESTIONABLE,LP,Knee,2023-10-14,nflverse,,2026-09-07T05:49:16.123275+00:00,2023-10-14T00:00:00
NFL_LAR_00-0036237_2023W06_QUESTIONABLE_LP,NFL,2023,6,2023_NFL_W06_ARI_LAR,NFL_LAR,NFL_P_00-0036237,DL,,QUESTIONABLE,LP,Knee,2023-10-14,nflverse,,2026-09-07T05:49:16.123275+00:00,2023-10-14T00:00:00
NFL_LAR_00-0034803_2023W06_QUESTIONABLE_LP,NFL,2023,6,2023_NFL_W06_ARI_LAR,NFL_LAR,NFL_P_00-0034803,OL,,QUESTIONABLE,LP,Groin,2023-10-14,nflverse,,2026-09-07T05:49:16.123275+00:00,2023-10-14T00:00:00
NFL_LAC_00-0031040_2023W06_NA_DNP,NFL,2023,6,2023_NFL_W06_DAL_LAC,NFL_LAC,NFL_P_00-0031040,EDGE,,UNKNOWN,DNP,Not injury related - resting player,2023-10-16,nflverse,,2026-09-07T05:49:16.123275+00:00,2023-10-16T00:00:00
NFL_LAC_00-0036380_2023W06_DOUBTFUL_DNP,NFL,2023,6,2023_NFL_W06_DAL_LAC,NFL_LAC,NFL_P_00-0036380,S,,DOUBTFUL,DNP,Heel,2023-10-16,nflverse,,2026-09-07T05:49:16.123275+00:00,2023-10-16T00:00:00
NFL_LAC_00-0037320_2023W06_DOUBTFUL_DNP,NFL,2023,6,2023_NFL_W06_DAL_LAC,NFL_LAC,NFL_P_00-0037320,CB,,DOUBTFUL,DNP,Hamstring,2023-10-16,nflverse,,2026-09-07T05:49:16.123275+00:00,2023-10-16T00:00:00
NFL_LAC_00-0035329_2023W06_QUESTIONABLE_FP,NFL,2023,6,2023_NFL_W06_DAL_LAC,NFL_LAC,NFL_P_00-0035329,TE,,QUESTIONABLE,FP,Wrist,2023-10-16,nflverse,,2026-09-07T05:49:16.123275+00:00,2023-10-16T00:00:00
NFL_LAC_00-0033156_2023W06_QUESTIONABLE_LP,NFL,2023,6,2023_NFL_W06_DAL_LAC,NFL_LAC,NFL_P_00-0033156,EDGE,,QUESTIONABLE,LP,Toe,2023-10-16,nflverse,,2026-09-07T05:49:16.123275+00:00,2023-10-16T00:00:00
NFL_LAC_00-0030500_2023W06_QUESTIONABLE_LP,NFL,2023,6,2023_NFL_W06_DAL_LAC,NFL_LAC,NFL_P_00-0030500,DL,,QUESTIONABLE,LP,Back,2023-10-16,nflverse,,2026-09-07T05:49:16.123275+00:00,2023-10-16T00:00:00
NFL_LV_00-0034973_2023W06_NA_LP,NFL,2023,6,2023_NFL_W06_NE_LV,NFL_LV,NFL_P_00-0034973,EDGE,,UNKNOWN,LP,Knee,2023-10-14,nflverse,,2026-09-07T05:49:16.123275+00:00,2023-10-14T00:00:00
NFL_LV_00-0036871_2023W06_OUT_DNP,NFL,2023,6,2023_NFL_W06_NE_LV,NFL_LV,NFL_P_00-0036871,CB,,OUT,DNP,Ankle,2023-10-14,nflverse,,2026-09-07T05:49:16.123275+00:00,2023-10-14T00:00:00
NFL_LV_00-0036163_2023W06_OUT_LP,NFL,2023,6,2023_NFL_W06_NE_LV,NFL_LV,NFL_P_00-0036163,OL,,OUT,LP,Concussion,2023-10-14,nflverse,,2026-09-07T05:49:16.123275+00:00,2023-10-14T00:00:00
NFL_LV_00-0039072_2023W06_QUESTIONABLE_LP,NFL,2023,6,2023_NFL_W06_NE_LV,NFL_LV,NFL_P_00-0039072,CB,,QUESTIONABLE,LP,Shoulder,2023-10-14,nflverse,,2026-09-07T05:49:16.123275+00:00,2023-10-14T00:00:00
NFL_MIA_00-0033050_2023W06_NA_DNP,NFL,2023,6,2023_NFL_W06_CAR_MIA,NFL_MIA,NFL_P_00-0033050,CB,,UNKNOWN,DNP,Not injury related - resting player,2023-10-14,nflverse,,2026-09-07T05:49:16.123275+00:00,2023-10-14T00:00:00
NFL_MIA_00-0033040_2023W06_NA_LP,NFL,2023,6,2023_NFL_W06_CAR_MIA,NFL_MIA,NFL_P_00-0033040,WR,,UNKNOWN,LP,Not injury related - resting player,2023-10-14,nflverse,,2026-09-07T05:49:16.123275+00:00,2023-10-14T00:00:00
NFL_MIA_00-0031687_2023W06_NA_LP,NFL,2023,6,2023_NFL_W06_CAR_MIA,NFL_MIA,NFL_P_00-0031687,RB,,UNKNOWN,LP,Not injury related - resting player,2023-10-14,nflverse,,2026-09-07T05:49:16.123275+00:00,2023-10-14T00:00:00
NFL_MIA_00-0034352_2023W06_OUT_DNP,NFL,2023,6,2023_NFL_W06_CAR_MIA,NFL_MIA,NFL_P_00-0034352,OL,,OUT,DNP,Groin,2023-10-14,nflverse,,2026-09-07T05:49:16.123275+00:00,2023-10-14T00:00:00
NFL_MIA_00-0035346_2023W06_DOUBTFUL_LP,NFL,2023,6,2023_NFL_W06_CAR_MIA,NFL_MIA,NFL_P_00-0035346,CB,,DOUBTFUL,LP,Achilles,2023-10-14,nflverse,,2026-09-07T05:49:16.123275+00:00,2023-10-14T00:00:00
NFL_MIA_00-0034115_2023W06_DOUBTFUL_LP,NFL,2023,6,2023_NFL_W06_CAR_MIA,NFL_MIA,NFL_P_00-0034115,RB,,DOUBTFUL,LP,Ribs,2023-10-14,nflverse,,2026-09-07T05:49:16.123275+00:00,2023-10-14T00:00:00
NFL_MIA_00-0035125_2023W06_QUESTIONABLE_LP,NFL,2023,6,2023_NFL_W06_CAR_MIA,NFL_MIA,NFL_P_00-0035125,RB,,QUESTIONABLE,LP,Foot,2023-10-14,nflverse,,2026-09-07T05:49:16.123275+00:00,2023-10-14T00:00:00
NFL_MIA_00-0036596_2023W06_QUESTIONABLE_LP,NFL,2023,6,2023_NFL_W06_CAR_MIA,NFL_MIA,NFL_P_00-0036596,OL,,QUESTIONABLE,LP,Knee,2023-10-14,nflverse,,2026-09-07T05:49:16.123275+00:00,2023-10-14T00:00:00
NFL_MIA_00-0036934_2023W06_QUESTIONABLE_LP,NFL,2023,6,2023_NFL_W06_CAR_MIA,NFL_MIA,NFL_P_00-0036934,LB,,QUESTIONABLE,LP,Oblique,2023-10-14,nflverse,,2026-09-07T05:49:16.123275+00:00,2023-10-14T00:00:00
NFL_MIN_00-0036842_2023W06_QUESTIONABLE_FP,NFL,2023,6,2023_NFL_W06_MIN_CHI,NFL_MIN,NFL_P_00-0036842,RB,,QUESTIONABLE,FP,Back,2023-10-14,nflverse,,2026-09-07T05:49:16.123275+00:00,2023-10-14T00:00:00
NFL_NE_00-0038621_2023W06_OUT_DNP,NFL,2023,6,2023_NFL_W06_NE_LV,NFL_NE,NFL_P_00-0038621,WR,,OUT,DNP,Concussion,2023-10-14,nflverse,,2026-09-07T05:49:16.123275+00:00,2023-10-14T00:00:00
NFL_NE_00-0032415_2023W06_OUT_DNP,NFL,2023,6,2023_NFL_W06_NE_LV,NFL_NE,NFL_P_00-0032415,LB,,OUT,DNP,Elbow,2023-10-14,nflverse,,2026-09-07T05:49:16.123275+00:00,2023-10-14T00:00:00
NFL_NE_00-0033857_2023W06_OUT_DNP,NFL,2023,6,2023_NFL_W06_NE_LV,NFL_NE,NFL_P_00-0033857,WR,,OUT,DNP,Concussion,2023-10-14,nflverse,,2026-09-07T05:49:16.123275+00:00,2023-10-14T00:00:00
NFL_NE_00-0029764_2023W06_OUT_LP,NFL,2023,6,2023_NFL_W06_NE_LV,NFL_NE,NFL_P_00-0029764,S,,OUT,LP,Knee,2023-10-14,nflverse,,2026-09-07T05:49:16.123275+00:00,2023-10-14T00:00:00
NFL_NE_00-0029672_2023W06_OUT_LP,NFL,2023,6,2023_NFL_W06_NE_LV,NFL_NE,NFL_P_00-0029672,OL,,OUT,LP,Knee,2023-10-14,nflverse,,2026-09-07T05:49:16.123275+00:00,2023-10-14T00:00:00
NFL_NE_00-0038103_2023W06_OUT_LP,NFL,2023,6,2023_NFL_W06_NE_LV,NFL_NE,NFL_P_00-0038103,OL,,OUT,LP,Knee,2023-10-14,nflverse,,2026-09-07T05:49:16.123275+00:00,2023-10-14T00:00:00
NFL_NE_00-0036966_2023W06_OUT_LP,NFL,2023,6,2023_NFL_W06_NE_LV,NFL_NE,NFL_P_00-0036966,OL,,OUT,LP,Knee,2023-10-14,nflverse,,2026-09-07T05:49:16.123275+00:00,2023-10-14T00:00:00
NFL_NE_00-0036981_2023W06_QUESTIONABLE_LP,NFL,2023,6,2023_NFL_W06_NE_LV,NFL_NE,NFL_P_00-0036981,DL,,QUESTIONABLE,LP,Knee,2023-10-14,nflverse,,2026-09-07T05:49:16.123275+00:00,2023-10-14T00:00:00
NFL_NE_00-0032071_2023W06_QUESTIONABLE_LP,NFL,2023,6,2023_NFL_W06_NE_LV,NFL_NE,NFL_P_00-0032071,OL,,QUESTIONABLE,LP,Chest,2023-10-14,nflverse,,2026-09-07T05:49:16.123275+00:00,2023-10-14T00:00:00
NFL_NE_00-0036231_2023W06_QUESTIONABLE_LP,NFL,2023,6,2023_NFL_W06_NE_LV,NFL_NE,NFL_P_00-0036231,S,,QUESTIONABLE,LP,Foot,2023-10-14,nflverse,,2026-09-07T05:49:16.123275+00:00,2023-10-14T00:00:00
NFL_NE_00-0031566_2023W06_QUESTIONABLE_LP,NFL,2023,6,2023_NFL_W06_NE_LV,NFL_NE,NFL_P_00-0031566,EDGE,,QUESTIONABLE,LP,Foot,2023-10-14,nflverse,,2026-09-07T05:49:16.123275+00:00,2023-10-14T00:00:00
NFL_NE_00-0033860_2023W06_QUESTIONABLE_LP,NFL,2023,6,2023_NFL_W06_NE_LV,NFL_NE,NFL_P_00-0033860,DL,,QUESTIONABLE,LP,Ankle,2023-10-14,nflverse,,2026-09-07T05:49:16.123275+00:00,2023-10-14T00:00:00
NFL_NE_00-0032580_2023W06_QUESTIONABLE_LP,NFL,2023,6,2023_NFL_W06_NE_LV,NFL_NE,NFL_P_00-0032580,CB,,QUESTIONABLE,LP,Ankle,2023-10-14,nflverse,,2026-09-07T05:49:16.123275+00:00,2023-10-14T00:00:00
NFL_NE_00-0036198_2023W06_QUESTIONABLE_LP,NFL,2023,6,2023_NFL_W06_NE_LV,NFL_NE,NFL_P_00-0036198,OL,,QUESTIONABLE,LP,Ankle,2023-10-14,nflverse,,2026-09-07T05:49:16.123275+00:00,2023-10-14T00:00:00
NFL_NE_00-0038104_2023W06_QUESTIONABLE_LP,NFL,2023,6,2023_NFL_W06_NE_LV,NFL_NE,NFL_P_00-0038104,WR,,QUESTIONABLE,LP,Shoulder,2023-10-14,nflverse,,2026-09-07T05:49:16.123275+00:00,2023-10-14T00:00:00
NFL_NE_00-0036159_2023W06_QUESTIONABLE_LP,NFL,2023,6,2023_NFL_W06_NE_LV,NFL_NE,NFL_P_00-0036159,LB,,QUESTIONABLE,LP,Knee,2023-10-14,nflverse,,2026-09-07T05:49:16.123275+00:00,2023-10-14T00:00:00
NFL_NE_00-0036559_2023W06_QUESTIONABLE_LP,NFL,2023,6,2023_NFL_W06_NE_LV,NFL_NE,NFL_P_00-0036559,CB,,QUESTIONABLE,LP,Shoulder,2023-10-14,nflverse,,2026-09-07T05:49:16.123275+00:00,2023-10-14T00:00:00
NFL_NO_00-0027696_2023W06_NA_LP,NFL,2023,6,2023_NFL_W06_NO_HOU,NFL_NO,NFL_P_00-0027696,TE,,UNKNOWN,LP,Not injury related - resting player,2023-10-14,nflverse,,2026-09-07T05:49:16.123275+00:00,2023-10-14T00:00:00
NFL_NO_00-0033888_2023W06_NA_LP,NFL,2023,6,2023_NFL_W06_NO_HOU,NFL_NO,NFL_P_00-0033888,OL,,UNKNOWN,LP,Not injury related - resting player,2023-10-14,nflverse,,2026-09-07T05:49:16.123275+00:00,2023-10-14T00:00:00
NFL_NO_00-0034116_2023W06_OUT_DNP,NFL,2023,6,2023_NFL_W06_NO_HOU,NFL_NO,NFL_P_00-0034116,S,,OUT,DNP,Hamstring,2023-10-14,nflverse,,2026-09-07T05:49:16.123275+00:00,2023-10-14T00:00:00
NFL_NO_00-0035244_2023W06_OUT_DNP,NFL,2023,6,2023_NFL_W06_NO_HOU,NFL_NO,NFL_P_00-0035244,CB,,OUT,DNP,Hamstring,2023-10-14,nflverse,,2026-09-07T05:49:16.123275+00:00,2023-10-14T00:00:00
NFL_NO_00-0036040_2023W06_OUT_DNP,NFL,2023,6,2023_NFL_W06_NO_HOU,NFL_NO,NFL_P_00-0036040,TE,,OUT,DNP,Calf,2023-10-14,nflverse,,2026-09-07T05:49:16.123275+00:00,2023-10-14T00:00:00
NFL_NO_00-0036727_2023W06_OUT_DNP,NFL,2023,6,2023_NFL_W06_NO_HOU,NFL_NO,NFL_P_00-0036727,RB,,OUT,DNP,Knee,2023-10-14,nflverse,,2026-09-07T05:49:16.123275+00:00,2023-10-14T00:00:00
NFL_NO_00-0036930_2023W06_OUT_DNP,NFL,2023,6,2023_NFL_W06_NO_HOU,NFL_NO,NFL_P_00-0036930,OL,,OUT,DNP,Hip,2023-10-14,nflverse,,2026-09-07T05:49:16.123275+00:00,2023-10-14T00:00:00
NFL_NO_00-0032203_2023W06_QUESTIONABLE_DNP,NFL,2023,6,2023_NFL_W06_NO_HOU,NFL_NO,NFL_P_00-0032203,OL,,QUESTIONABLE,DNP,Groin,2023-10-14,nflverse,,2026-09-07T05:49:16.123275+00:00,2023-10-14T00:00:00
NFL_NYG_00-0038117_2023W06_NA_LP,NFL,2023,6,2023_NFL_W06_NYG_BUF,NFL_NYG,NFL_P_00-0038117,WR,,UNKNOWN,LP,Knee,2023-10-15,nflverse,,2026-09-07T05:49:16.123275+00:00,2023-10-15T00:00:00
NFL_NYG_00-0035710_2023W06_OUT_DNP,NFL,2023,6,2023_NFL_W06_NYG_BUF,NFL_NYG,NFL_P_00-0035710,QB,,OUT,DNP,Neck,2023-10-15,nflverse,,2026-09-07T05:49:16.123275+00:00,2023-10-15T00:00:00
NFL_NYG_00-0036552_2023W06_OUT_DNP,NFL,2023,6,2023_NFL_W06_NYG_BUF,NFL_NYG,NFL_P_00-0036552,EDGE,,OUT,DNP,Ankle,2023-10-15,nflverse,,2026-09-07T05:49:16.123275+00:00,2023-10-15T00:00:00
NFL_NYG_00-0036392_2023W06_OUT_DNP,NFL,2023,6,2023_NFL_W06_NYG_BUF,NFL_NYG,NFL_P_00-0036392,OL,,OUT,DNP,Shoulder,2023-10-15,nflverse,,2026-09-07T05:49:16.123275+00:00,2023-10-15T00:00:00
NFL_NYG_00-0039019_2023W06_OUT_DNP,NFL,2023,6,2023_NFL_W06_NYG_BUF,NFL_NYG,NFL_P_00-0039019,OL,,OUT,DNP,Shoulder,2023-10-15,nflverse,,2026-09-07T05:49:16.123275+00:00,2023-10-15T00:00:00
NFL_NYG_00-0036386_2023W06_OUT_DNP,NFL,2023,6,2023_NFL_W06_NYG_BUF,NFL_NYG,NFL_P_00-0036386,OL,,OUT,DNP,Hamstring,2023-10-15,nflverse,,2026-09-07T05:49:16.123275+00:00,2023-10-15T00:00:00
NFL_NYG_00-0037260_2023W06_QUESTIONABLE_DNP,NFL,2023,6,2023_NFL_W06_NYG_BUF,NFL_NYG,NFL_P_00-0037260,DL,,QUESTIONABLE,DNP,Knee,2023-10-15,nflverse,,2026-09-07T05:49:16.123275+00:00,2023-10-15T00:00:00
NFL_NYG_00-0037612_2023W06_QUESTIONABLE_DNP,NFL,2023,6,2023_NFL_W06_NYG_BUF,NFL_NYG,NFL_P_00-0037612,OL,,QUESTIONABLE,DNP,Ankle,2023-10-15,nflverse,,2026-09-07T05:49:16.123275+00:00,2023-10-15T00:00:00
NFL_NYG_00-0034844_2023W06_QUESTIONABLE_LP,NFL,2023,6,2023_NFL_W06_NYG_BUF,NFL_NYG,NFL_P_00-0034844,RB,,QUESTIONABLE,LP,Ankle,2023-10-15,nflverse,,2026-09-07T05:49:16.123275+00:00,2023-10-15T00:00:00
NFL_NYG_00-0036569_2023W06_QUESTIONABLE_LP,NFL,2023,6,2023_NFL_W06_NYG_BUF,NFL_NYG,NFL_P_00-0036569,RB,,QUESTIONABLE,LP,Ankle,2023-10-15,nflverse,,2026-09-07T05:49:16.123275+00:00,2023-10-15T00:00:00
NFL_NYG_00-0036397_2023W06_QUESTIONABLE_LP,NFL,2023,6,2023_NFL_W06_NYG_BUF,NFL_NYG,NFL_P_00-0036397,OL,,QUESTIONABLE,LP,Groin,2023-10-15,nflverse,,2026-09-07T05:49:16.123275+00:00,2023-10-15T00:00:00
NFL_NYG_00-0037259_2023W06_QUESTIONABLE_LP,NFL,2023,6,2023_NFL_W06_NYG_BUF,NFL_NYG,NFL_P_00-0037259,LB,,QUESTIONABLE,LP,Ankle,2023-10-15,nflverse,,2026-09-07T05:49:16.123275+00:00,2023-10-15T00:00:00
NFL_NYG_00-0031610_2023W06_QUESTIONABLE_LP,NFL,2023,6,2023_NFL_W06_NYG_BUF,NFL_NYG,NFL_P_00-0031610,TE,,QUESTIONABLE,LP,Groin,2023-10-15,nflverse,,2026-09-07T05:49:16.123275+00:00,2023-10-15T00:00:00
NFL_NYJ_00-0036504_2023W06_OUT_DNP,NFL,2023,6,2023_NFL_W06_PHI_NYJ,NFL_NYJ,NFL_P_00-0036504,CB,,OUT,DNP,Hamstring,2023-10-14,nflverse,,2026-09-07T05:49:16.123275+00:00,2023-10-14T00:00:00
NFL_NYJ_00-0033770_2023W06_OUT_DNP,NFL,2023,6,2023_NFL_W06_PHI_NYJ,NFL_NYJ,NFL_P_00-0033770,CB,,OUT,DNP,Hamstring,2023-10-14,nflverse,,2026-09-07T05:49:16.123275+00:00,2023-10-14T00:00:00
NFL_NYJ_00-0034384_2023W06_OUT_DNP,NFL,2023,6,2023_NFL_W06_PHI_NYJ,NFL_NYJ,NFL_P_00-0034384,CB,,OUT,DNP,Concussion,2023-10-14,nflverse,,2026-09-07T05:49:16.123275+00:00,2023-10-14T00:00:00
NFL_NYJ_00-0037190_2023W06_QUESTIONABLE_DNP,NFL,2023,6,2023_NFL_W06_PHI_NYJ,NFL_NYJ,NFL_P_00-0037190,CB,,QUESTIONABLE,DNP,Illness,2023-10-14,nflverse,,2026-09-07T05:49:16.123275+00:00,2023-10-14T00:00:00
NFL_NYJ_00-0034433_2023W06_QUESTIONABLE_FP,NFL,2023,6,2023_NFL_W06_PHI_NYJ,NFL_NYJ,NFL_P_00-0034433,RB,,QUESTIONABLE,FP,Calf,2023-10-14,nflverse,,2026-09-07T05:49:16.123275+00:00,2023-10-14T00:00:00
NFL_NYJ_00-0038107_2023W06_QUESTIONABLE_LP,NFL,2023,6,2023_NFL_W06_PHI_NYJ,NFL_NYJ,NFL_P_00-0038107,EDGE,,QUESTIONABLE,LP,Ankle,2023-10-14,nflverse,,2026-09-07T05:49:16.123275+00:00,2023-10-14T00:00:00
NFL_NYJ_00-0038496_2023W06_QUESTIONABLE_LP,NFL,2023,6,2023_NFL_W06_PHI_NYJ,NFL_NYJ,NFL_P_00-0038496,WR,,QUESTIONABLE,LP,Ankle,2023-10-14,nflverse,,2026-09-07T05:49:16.123275+00:00,2023-10-14T00:00:00
NFL_PHI_00-0038386_2023W06_OUT_DNP,NFL,2023,6,2023_NFL_W06_PHI_NYJ,NFL_PHI,NFL_P_00-0038386,DL,,OUT,DNP,Ankle,2023-10-14,nflverse,,2026-09-07T05:49:16.123275+00:00,2023-10-14T00:00:00
NFL_PHI_00-0033898_2023W06_OUT_DNP,NFL,2023,6,2023_NFL_W06_PHI_NYJ,NFL_PHI,NFL_P_00-0033898,S,,OUT,DNP,Knee,2023-10-14,nflverse,,2026-09-07T05:49:16.123275+00:00,2023-10-14T00:00:00
NFL_PHI_00-0030062_2023W06_OUT_DNP,NFL,2023,6,2023_NFL_W06_PHI_NYJ,NFL_PHI,NFL_P_00-0030062,CB,,OUT,DNP,Knee,2023-10-14,nflverse,,2026-09-07T05:49:16.123275+00:00,2023-10-14T00:00:00
NFL_PHI_00-0036271_2023W06_OUT_DNP,NFL,2023,6,2023_NFL_W06_PHI_NYJ,NFL_PHI,NFL_P_00-0036271,WR,,OUT,DNP,Hamstring,2023-10-14,nflverse,,2026-09-07T05:49:16.123275+00:00,2023-10-14T00:00:00
NFL_PHI_00-0039002_2023W06_QUESTIONABLE_LP,NFL,2023,6,2023_NFL_W06_PHI_NYJ,NFL_PHI,NFL_P_00-0039002,S,,QUESTIONABLE,LP,Hamstring,2023-10-14,nflverse,,2026-09-07T05:49:16.123275+00:00,2023-10-14T00:00:00
NFL_PHI_00-0036920_2023W06_QUESTIONABLE_LP,NFL,2023,6,2023_NFL_W06_PHI_NYJ,NFL_PHI,NFL_P_00-0036920,DL,,QUESTIONABLE,LP,Triceps,2023-10-14,nflverse,,2026-09-07T05:49:16.123275+00:00,2023-10-14T00:00:00
NFL_SEA_00-0033872_2023W06_NA_LP,NFL,2023,6,2023_NFL_W06_SEA_CIN,NFL_SEA,NFL_P_00-0033872,S,,UNKNOWN,LP,Not injury related - resting player,2023-10-14,nflverse,,2026-09-07T05:49:16.123275+00:00,2023-10-14T00:00:00
NFL_SEA_00-0038136_2023W06_OUT_DNP,NFL,2023,6,2023_NFL_W06_SEA_CIN,NFL_SEA,NFL_P_00-0038136,CB,,OUT,DNP,Toe,2023-10-14,nflverse,,2026-09-07T05:49:16.123275+00:00,2023-10-14T00:00:00
NFL_SEA_00-0033103_2023W06_OUT_DNP,NFL,2023,6,2023_NFL_W06_SEA_CIN,NFL_SEA,NFL_P_00-0033103,CB,,OUT,DNP,Hamstring,2023-10-14,nflverse,,2026-09-07T05:49:16.123275+00:00,2023-10-14T00:00:00
NFL_SEA_00-0036417_2023W06_DOUBTFUL_DNP,NFL,2023,6,2023_NFL_W06_SEA_CIN,NFL_SEA,NFL_P_00-0036417,OL,,DOUBTFUL,DNP,Ankle,2023-10-14,nflverse,,2026-09-07T05:49:16.123275+00:00,2023-10-14T00:00:00
NFL_SEA_00-0035141_2023W06_QUESTIONABLE_FP,NFL,2023,6,2023_NFL_W06_SEA_CIN,NFL_SEA,NFL_P_00-0035141,OL,,QUESTIONABLE,FP,Calf,2023-10-14,nflverse,,2026-09-07T05:49:16.123275+00:00,2023-10-14T00:00:00
NFL_SEA_00-0035704_2023W06_QUESTIONABLE_LP,NFL,2023,6,2023_NFL_W06_SEA_CIN,NFL_SEA,NFL_P_00-0035704,QB,,QUESTIONABLE,LP,Ankle,2023-10-14,nflverse,,2026-09-07T05:49:16.123275+00:00,2023-10-14T00:00:00
NFL_SF_00-0033288_2023W06_NA_DNP,NFL,2023,6,2023_NFL_W06_SF_CLE,NFL_SF,NFL_P_00-0033288,TE,,UNKNOWN,DNP,Not injury related - resting player,2023-10-14,nflverse,,2026-09-07T05:49:16.123275+00:00,2023-10-14T00:00:00
NFL_SF_00-0027857_2023W06_NA_DNP,NFL,2023,6,2023_NFL_W06_SF_CLE,NFL_SF,NFL_P_00-0027857,OL,,UNKNOWN,DNP,Not injury related - resting player,2023-10-14,nflverse,,2026-09-07T05:49:16.123275+00:00,2023-10-14T00:00:00
NFL_SF_00-0034982_2023W06_QUESTIONABLE_LP,NFL,2023,6,2023_NFL_W06_SF_CLE,NFL_SF,NFL_P_00-0034982,LB,,QUESTIONABLE,LP,Hamstring,2023-10-14,nflverse,,2026-09-07T05:49:16.123275+00:00,2023-10-14T00:00:00
NFL_SF_00-0036567_2023W06_QUESTIONABLE_LP,NFL,2023,6,2023_NFL_W06_SF_CLE,NFL_SF,NFL_P_00-0036567,RB,,QUESTIONABLE,LP,Knee,2023-10-14,nflverse,,2026-09-07T05:49:16.123275+00:00,2023-10-14T00:00:00
NFL_TB_00-0029562_2023W06_NA_DNP,NFL,2023,6,2023_NFL_W06_DET_TB,NFL_TB,NFL_P_00-0029562,LB,,UNKNOWN,DNP,Not injury related - resting player,2023-10-14,nflverse,,2026-09-07T05:49:16.123275+00:00,2023-10-14T00:00:00
NFL_TB_00-0035254_2023W06_DOUBTFUL_FP,NFL,2023,6,2023_NFL_W06_DET_TB,NFL_TB,NFL_P_00-0035254,LB,,DOUBTFUL,FP,Concussion,2023-10-14,nflverse,,2026-09-07T05:49:16.123275+00:00,2023-10-14T00:00:00
NFL_TB_00-0031101_2023W06_QUESTIONABLE_DNP,NFL,2023,6,2023_NFL_W06_DET_TB,NFL_TB,NFL_P_00-0031101,LB,,QUESTIONABLE,DNP,Illness,2023-10-14,nflverse,,2026-09-07T05:49:16.123275+00:00,2023-10-14T00:00:00
NFL_TEN_00-0032764_2023W06_NA_LP,NFL,2023,6,2023_NFL_W06_BAL_TEN,NFL_TEN,NFL_P_00-0032764,RB,,UNKNOWN,LP,Not injury related - resting player,2023-10-14,nflverse,,2026-09-07T05:49:16.123275+00:00,2023-10-14T00:00:00
NFL_TEN_00-0030564_2023W06_NA_LP,NFL,2023,6,2023_NFL_W06_BAL_TEN,NFL_TEN,NFL_P_00-0030564,WR,,UNKNOWN,LP,Not injury related - resting player,2023-10-14,nflverse,,2026-09-07T05:49:16.123275+00:00,2023-10-14T00:00:00
NFL_TEN_00-0035643_2023W06_NA_LP,NFL,2023,6,2023_NFL_W06_BAL_TEN,NFL_TEN,NFL_P_00-0035643,DL,,UNKNOWN,LP,Shoulder,2023-10-14,nflverse,,2026-09-07T05:49:16.123275+00:00,2023-10-14T00:00:00
NFL_TEN_00-0037742_2023W06_OUT_DNP,NFL,2023,6,2023_NFL_W06_BAL_TEN,NFL_TEN,NFL_P_00-0037742,WR,,OUT,DNP,Knee,2023-10-14,nflverse,,2026-09-07T05:49:16.123275+00:00,2023-10-14T00:00:00
NFL_TEN_00-0035413_2023W06_OUT_DNP,NFL,2023,6,2023_NFL_W06_BAL_TEN,NFL_TEN,NFL_P_00-0035413,LB,,OUT,DNP,Hamstring,2023-10-14,nflverse,,2026-09-07T05:49:16.123275+00:00,2023-10-14T00:00:00
NFL_TEN_00-0036992_2023W06_OUT_DNP,NFL,2023,6,2023_NFL_W06_BAL_TEN,NFL_TEN,NFL_P_00-0036992,CB,,OUT,DNP,Hamstring,2023-10-14,nflverse,,2026-09-07T05:49:16.123275+00:00,2023-10-14T00:00:00
NFL_TEN_00-0036171_2023W06_QUESTIONABLE_LP,NFL,2023,6,2023_NFL_W06_BAL_TEN,NFL_TEN,NFL_P_00-0036171,OL,,QUESTIONABLE,LP,Neck,2023-10-14,nflverse,,2026-09-07T05:49:16.123275+00:00,2023-10-14T00:00:00
NFL_TEN_00-0036181_2023W06_QUESTIONABLE_LP,NFL,2023,6,2023_NFL_W06_BAL_TEN,NFL_TEN,NFL_P_00-0036181,DL,,QUESTIONABLE,LP,Toe,2023-10-14,nflverse,,2026-09-07T05:49:16.123275+00:00,2023-10-14T00:00:00
NFL_WAS_00-0037095_2023W06_OUT_DNP,NFL,2023,6,2023_NFL_W06_WAS_ATL,NFL_WAS,NFL_P_00-0037095,CB,,OUT,DNP,Hamstring,2023-10-14,nflverse,,2026-09-07T05:49:16.123275+00:00,2023-10-14T00:00:00
NFL_WAS_00-0031500_2023W06_QUESTIONABLE_FP,NFL,2023,6,2023_NFL_W06_WAS_ATL,NFL_WAS,NFL_P_00-0031500,EDGE,,QUESTIONABLE,FP,Knee,2023-10-14,nflverse,,2026-09-07T05:49:16.123275+00:00,2023-10-14T00:00:00
NFL_ARI_00-0036933_2023W07_NA_DNP,NFL,2023,7,2023_NFL_W07_ARI_SEA,NFL_ARI,NFL_P_00-0036933,LB,,UNKNOWN,DNP,Illness,2023-10-21,nflverse,,2026-09-07T05:49:16.123275+00:00,2023-10-21T00:00:00
NFL_ARI_00-0032933_2023W07_OUT_DNP,NFL,2023,7,2023_NFL_W07_ARI_SEA,NFL_ARI,NFL_P_00-0032933,CB,,OUT,DNP,Groin,2023-10-21,nflverse,,2026-09-07T05:49:16.123275+00:00,2023-10-21T00:00:00
NFL_ARI_00-0035705_2023W07_OUT_DNP,NFL,2023,7,2023_NFL_W07_ARI_SEA,NFL_ARI,NFL_P_00-0035705,S,,OUT,DNP,Hamstring,2023-10-21,nflverse,,2026-09-07T05:49:16.123275+00:00,2023-10-21T00:00:00
NFL_ARI_00-0033676_2023W07_OUT_DNP,NFL,2023,7,2023_NFL_W07_ARI_SEA,NFL_ARI,NFL_P_00-0033676,OL,,OUT,DNP,Neck,2023-10-21,nflverse,,2026-09-07T05:49:16.123275+00:00,2023-10-21T00:00:00
NFL_ARI_00-0035228_2023W07_OUT_LP,NFL,2023,7,2023_NFL_W07_ARI_SEA,NFL_ARI,NFL_P_00-0035228,QB,,OUT,LP,Knee,2023-10-21,nflverse,,2026-09-07T05:49:16.123275+00:00,2023-10-21T00:00:00
NFL_ARI_00-0033251_2023W07_QUESTIONABLE_DNP,NFL,2023,7,2023_NFL_W07_ARI_SEA,NFL_ARI,NFL_P_00-0033251,WR,,QUESTIONABLE,DNP,Neck,2023-10-21,nflverse,,2026-09-07T05:49:16.123275+00:00,2023-10-21T00:00:00
NFL_ARI_00-0033890_2023W07_QUESTIONABLE_LP,NFL,2023,7,2023_NFL_W07_ARI_SEA,NFL_ARI,NFL_P_00-0033890,S,,QUESTIONABLE,LP,Hamstring,2023-10-21,nflverse,,2026-09-07T05:49:16.123275+00:00,2023-10-21T00:00:00
NFL_ARI_00-0038984_2023W07_QUESTIONABLE_LP,NFL,2023,7,2023_NFL_W07_ARI_SEA,NFL_ARI,NFL_P_00-0038984,CB,,QUESTIONABLE,LP,Hamstring,2023-10-21,nflverse,,2026-09-07T05:49:16.123275+00:00,2023-10-21T00:00:00
NFL_ARI_00-0035334_2023W07_QUESTIONABLE_LP,NFL,2023,7,2023_NFL_W07_ARI_SEA,NFL_ARI,NFL_P_00-0035334,DL,,QUESTIONABLE,LP,Calf,2023-10-21,nflverse,,2026-09-07T05:49:16.123275+00:00,2023-10-21T00:00:00
NFL_ARI_00-0039007_2023W07_QUESTIONABLE_LP,NFL,2023,7,2023_NFL_W07_ARI_SEA,NFL_ARI,NFL_P_00-0039007,CB,,QUESTIONABLE,LP,Knee,2023-10-21,nflverse,,2026-09-07T05:49:16.123275+00:00,2023-10-21T00:00:00
NFL_ARI_00-0034801_2023W07_QUESTIONABLE_LP,NFL,2023,7,2023_NFL_W07_ARI_SEA,NFL_ARI,NFL_P_00-0034801,LB,,QUESTIONABLE,LP,Back,2023-10-21,nflverse,,2026-09-07T05:49:16.123275+00:00,2023-10-21T00:00:00
NFL_ATL_00-0026190_2023W07_NA_DNP,NFL,2023,7,2023_NFL_W07_ATL_TB,NFL_ATL,NFL_P_00-0026190,EDGE,,UNKNOWN,DNP,Not injury related - resting player,2023-10-21,nflverse,,2026-09-07T05:49:16.123275+00:00,2023-10-21T00:00:00
NFL_BAL_00-0032942_2023W07_OUT_DNP,NFL,2023,7,2023_NFL_W07_DET_BAL,NFL_BAL,NFL_P_00-0032942,CB,,OUT,DNP,Ankle,2023-10-21,nflverse,,2026-09-07T05:49:16.123275+00:00,2023-10-21T00:00:00
NFL_BAL_00-0033894_2023W07_OUT_DNP,NFL,2023,7,2023_NFL_W07_DET_BAL,NFL_BAL,NFL_P_00-0033894,S,,OUT,DNP,Hamstring,2023-10-21,nflverse,,2026-09-07T05:49:16.123275+00:00,2023-10-21T00:00:00
NFL_BAL_00-0033281_2023W07_QUESTIONABLE_NA,NFL,2023,7,2023_NFL_W07_DET_BAL,NFL_BAL,NFL_P_00-0033281,CB,,QUESTIONABLE,,Illness,2023-10-21,nflverse,,2026-09-07T05:49:16.123275+00:00,2023-10-21T00:00:00
NFL_BUF_00-0035657_2023W07_NA_DNP,NFL,2023,7,2023_NFL_W07_BUF_NE,NFL_BUF,NFL_P_00-0035657,RB,,UNKNOWN,DNP,Neck,2023-10-21,nflverse,,2026-09-07T05:49:16.123275+00:00,2023-10-21T00:00:00
NFL_BUF_00-0037242_2023W07_NA_LP,NFL,2023,7,2023_NFL_W07_BUF_NE,NFL_BUF,NFL_P_00-0037242,CB,,UNKNOWN,LP,Ankle,2023-10-21,nflverse,,2026-09-07T05:49:16.123275+00:00,2023-10-21T00:00:00
NFL_BUF_00-0036590_2023W07_OUT_DNP,NFL,2023,7,2023_NFL_W07_BUF_NE,NFL_BUF,NFL_P_00-0036590,TE,,OUT,DNP,Ankle,2023-10-21,nflverse,,2026-09-07T05:49:16.123275+00:00,2023-10-21T00:00:00
NFL_BUF_00-0035230_2023W07_OUT_DNP,NFL,2023,7,2023_NFL_W07_BUF_NE,NFL_BUF,NFL_P_00-0035230,DL,,OUT,DNP,Toe,2023-10-21,nflverse,,2026-09-07T05:49:16.123275+00:00,2023-10-21T00:00:00
NFL_BUF_00-0035357_2023W07_QUESTIONABLE_FP,NFL,2023,7,2023_NFL_W07_BUF_NE,NFL_BUF,NFL_P_00-0035357,CB,,QUESTIONABLE,FP,Shoulder,2023-10-21,nflverse,,2026-09-07T05:49:16.123275+00:00,2023-10-21T00:00:00
NFL_CHI_00-0024243_2023W07_NA_DNP,NFL,2023,7,2023_NFL_W07_LV_CHI,NFL_CHI,NFL_P_00-0024243,TE,,UNKNOWN,DNP,Not injury related - resting player,2023-10-21,nflverse,,2026-09-07T05:49:16.123275+00:00,2023-10-21T00:00:00
NFL_CHI_00-0035649_2023W07_OUT_DNP,NFL,2023,7,2023_NFL_W07_LV_CHI,NFL_CHI,NFL_P_00-0035649,OL,,OUT,DNP,Ankle,2023-10-21,nflverse,,2026-09-07T05:49:16.123275+00:00,2023-10-21T00:00:00
NFL_CHI_00-0036945_2023W07_OUT_DNP,NFL,2023,7,2023_NFL_W07_LV_CHI,NFL_CHI,NFL_P_00-0036945,QB,,OUT,DNP,right Thumb,2023-10-21,nflverse,,2026-09-07T05:49:16.123275+00:00,2023-10-21T00:00:00
NFL_CHI_00-0033784_2023W07_OUT_DNP,NFL,2023,7,2023_NFL_W07_LV_CHI,NFL_CHI,NFL_P_00-0033784,S,,OUT,DNP,Foot,2023-10-21,nflverse,,2026-09-07T05:49:16.123275+00:00,2023-10-21T00:00:00
NFL_CHI_00-0039021_2023W07_OUT_DNP,NFL,2023,7,2023_NFL_W07_LV_CHI,NFL_CHI,NFL_P_00-0039021,RB,,OUT,DNP,Concussion,2023-10-21,nflverse,,2026-09-07T05:49:16.123275+00:00,2023-10-21T00:00:00
NFL_CHI_00-0038395_2023W07_OUT_DNP,NFL,2023,7,2023_NFL_W07_LV_CHI,NFL_CHI,NFL_P_00-0038395,CB,,OUT,DNP,Illness,2023-10-21,nflverse,,2026-09-07T05:49:16.123275+00:00,2023-10-21T00:00:00
NFL_CHI_00-0038932_2023W07_QUESTIONABLE_FP,NFL,2023,7,2023_NFL_W07_LV_CHI,NFL_CHI,NFL_P_00-0038932,OL,,QUESTIONABLE,FP,Shoulder,2023-10-21,nflverse,,2026-09-07T05:49:16.123275+00:00,2023-10-21T00:00:00
NFL_CHI_00-0038135_2023W07_QUESTIONABLE_LP,NFL,2023,7,2023_NFL_W07_LV_CHI,NFL_CHI,NFL_P_00-0038135,S,,QUESTIONABLE,LP,Groin,2023-10-21,nflverse,,2026-09-07T05:49:16.123275+00:00,2023-10-21T00:00:00
NFL_CHI_00-0033910_2023W07_QUESTIONABLE_LP,NFL,2023,7,2023_NFL_W07_LV_CHI,NFL_CHI,NFL_P_00-0033910,OL,,QUESTIONABLE,LP,Knee,2023-10-21,nflverse,,2026-09-07T05:49:16.123275+00:00,2023-10-21T00:00:00
NFL_CLE_00-0033868_2023W07_NA_DNP,NFL,2023,7,2023_NFL_W07_CLE_IND,NFL_CLE,NFL_P_00-0033868,EDGE,,UNKNOWN,DNP,Not injury related - resting player,2023-10-21,nflverse,,2026-09-07T05:49:16.123275+00:00,2023-10-21T00:00:00
NFL_CLE_00-0033546_2023W07_NA_DNP,NFL,2023,7,2023_NFL_W07_CLE_IND,NFL_CLE,NFL_P_00-0033546,DL,,UNKNOWN,DNP,Not injury related - resting player,2023-10-21,nflverse,,2026-09-07T05:49:16.123275+00:00,2023-10-21T00:00:00
NFL_CLE_00-0035646_2023W07_OUT_DNP,NFL,2023,7,2023_NFL_W07_CLE_IND,NFL_CLE,NFL_P_00-0035646,LB,,OUT,DNP,Hamstring,2023-10-21,nflverse,,2026-09-07T05:49:16.123275+00:00,2023-10-21T00:00:00
NFL_CLE_00-0033537_2023W07_QUESTIONABLE_FP,NFL,2023,7,2023_NFL_W07_CLE_IND,NFL_CLE,NFL_P_00-0033537,QB,,QUESTIONABLE,FP,right Shoulder,2023-10-21,nflverse,,2026-09-07T05:49:16.123275+00:00,2023-10-21T00:00:00
NFL_CLE_00-0036232_2023W07_QUESTIONABLE_LP,NFL,2023,7,2023_NFL_W07_CLE_IND,NFL_CLE,NFL_P_00-0036232,TE,,QUESTIONABLE,LP,Hip,2023-10-21,nflverse,,2026-09-07T05:49:16.123275+00:00,2023-10-21T00:00:00
NFL_CLE_00-0033923_2023W07_QUESTIONABLE_LP,NFL,2023,7,2023_NFL_W07_CLE_IND,NFL_CLE,NFL_P_00-0033923,RB,,QUESTIONABLE,LP,Thigh,2023-10-21,nflverse,,2026-09-07T05:49:16.123275+00:00,2023-10-21T00:00:00
NFL_CLE_00-0036996_2023W07_QUESTIONABLE_LP,NFL,2023,7,2023_NFL_W07_CLE_IND,NFL_CLE,NFL_P_00-0036996,CB,,QUESTIONABLE,LP,Hamstring,2023-10-21,nflverse,,2026-09-07T05:49:16.123275+00:00,2023-10-21T00:00:00
NFL_DEN_00-0037252_2023W07_OUT_DNP,NFL,2023,7,2023_NFL_W07_GB_DEN,NFL_DEN,NFL_P_00-0037252,TE,,OUT,DNP,Hamstring,2023-10-21,nflverse,,2026-09-07T05:49:16.123275+00:00,2023-10-21T00:00:00
NFL_DET_00-0029293_2023W07_OUT_NA,NFL,2023,7,2023_NFL_W07_DET_BAL,NFL_DET,NFL_P_00-0029293,WR,,OUT,,Not injury related - personal matter,2023-10-21,nflverse,,2026-09-07T05:49:16.123275+00:00,2023-10-21T00:00:00
NFL_DET_00-0036258_2023W07_OUT_DNP,NFL,2023,7,2023_NFL_W07_DET_BAL,NFL_DET,NFL_P_00-0036258,OL,,OUT,DNP,Ankle,2023-10-21,nflverse,,2026-09-07T05:49:16.123275+00:00,2023-10-21T00:00:00
NFL_DET_00-0035685_2023W07_OUT_DNP,NFL,2023,7,2023_NFL_W07_DET_BAL,NFL_DET,NFL_P_00-0035685,RB,,OUT,DNP,Ribs,2023-10-21,nflverse,,2026-09-07T05:49:16.123275+00:00,2023-10-21T00:00:00
NFL_DET_00-0036748_2023W07_QUESTIONABLE_NA,NFL,2023,7,2023_NFL_W07_DET_BAL,NFL_DET,NFL_P_00-0036748,CB,,QUESTIONABLE,,Knee,2023-10-21,nflverse,,2026-09-07T05:49:16.123275+00:00,2023-10-21T00:00:00
NFL_DET_00-0037282_2023W07_QUESTIONABLE_LP,NFL,2023,7,2023_NFL_W07_DET_BAL,NFL_DET,NFL_P_00-0037282,TE,,QUESTIONABLE,LP,Hamstring,2023-10-21,nflverse,,2026-09-07T05:49:16.123275+00:00,2023-10-21T00:00:00
NFL_DET_00-0038096_2023W07_QUESTIONABLE_LP,NFL,2023,7,2023_NFL_W07_DET_BAL,NFL_DET,NFL_P_00-0038096,EDGE,,QUESTIONABLE,LP,Knee,2023-10-21,nflverse,,2026-09-07T05:49:16.123275+00:00,2023-10-21T00:00:00
NFL_DET_00-0035567_2023W07_QUESTIONABLE_LP,NFL,2023,7,2023_NFL_W07_DET_BAL,NFL_DET,NFL_P_00-0035567,RB,,QUESTIONABLE,LP,Hamstring,2023-10-21,nflverse,,2026-09-07T05:49:16.123275+00:00,2023-10-21T00:00:00
NFL_GB_00-0032401_2023W07_DOUBTFUL_LP,NFL,2023,7,2023_NFL_W07_GB_DEN,NFL_GB,NFL_P_00-0032401,LB,,DOUBTFUL,LP,Ankle,2023-10-21,nflverse,,2026-09-07T05:49:16.123275+00:00,2023-10-21T00:00:00
NFL_GB_00-0034728_2023W07_QUESTIONABLE_DNP,NFL,2023,7,2023_NFL_W07_GB_DEN,NFL_GB,NFL_P_00-0034728,CB,,QUESTIONABLE,DNP,Back,2023-10-21,nflverse,,2026-09-07T05:49:16.123275+00:00,2023-10-21T00:00:00
NFL_GB_00-0035526_2023W07_QUESTIONABLE_DNP,NFL,2023,7,2023_NFL_W07_GB_DEN,NFL_GB,NFL_P_00-0035526,OL,,QUESTIONABLE,DNP,Knee,2023-10-21,nflverse,,2026-09-07T05:49:16.123275+00:00,2023-10-21T00:00:00
NFL_GB_00-0036677_2023W07_QUESTIONABLE_LP,NFL,2023,7,2023_NFL_W07_GB_DEN,NFL_GB,NFL_P_00-0036677,S,,QUESTIONABLE,LP,Hamstring,2023-10-21,nflverse,,2026-09-07T05:49:16.123275+00:00,2023-10-21T00:00:00
NFL_GB_00-0033293_2023W07_QUESTIONABLE_LP,NFL,2023,7,2023_NFL_W07_GB_DEN,NFL_GB,NFL_P_00-0033293,RB,,QUESTIONABLE,LP,Hamstring,2023-10-21,nflverse,,2026-09-07T05:49:16.123275+00:00,2023-10-21T00:00:00
NFL_GB_00-0035084_2023W07_QUESTIONABLE_LP,NFL,2023,7,2023_NFL_W07_GB_DEN,NFL_GB,NFL_P_00-0035084,OL,,QUESTIONABLE,LP,Knee,2023-10-21,nflverse,,2026-09-07T05:49:16.123275+00:00,2023-10-21T00:00:00
NFL_GB_00-0034968_2023W07_QUESTIONABLE_LP,NFL,2023,7,2023_NFL_W07_GB_DEN,NFL_GB,NFL_P_00-0034968,S,,QUESTIONABLE,LP,Calf,2023-10-21,nflverse,,2026-09-07T05:49:16.123275+00:00,2023-10-21T00:00:00
NFL_GB_00-0036901_2023W07_QUESTIONABLE_LP,NFL,2023,7,2023_NFL_W07_GB_DEN,NFL_GB,NFL_P_00-0036901,CB,,QUESTIONABLE,LP,Foot,2023-10-21,nflverse,,2026-09-07T05:49:16.123275+00:00,2023-10-21T00:00:00
NFL_GB_00-0037074_2023W07_QUESTIONABLE_LP,NFL,2023,7,2023_NFL_W07_GB_DEN,NFL_GB,NFL_P_00-0037074,LB,,QUESTIONABLE,LP,Knee,2023-10-21,nflverse,,2026-09-07T05:49:16.123275+00:00,2023-10-21T00:00:00
NFL_GB_00-0037075_2023W07_QUESTIONABLE_LP,NFL,2023,7,2023_NFL_W07_GB_DEN,NFL_GB,NFL_P_00-0037075,EDGE,,QUESTIONABLE,LP,Knee,2023-10-21,nflverse,,2026-09-07T05:49:16.123275+00:00,2023-10-21T00:00:00
NFL_IND_00-0032378_2023W07_NA_DNP,NFL,2023,7,2023_NFL_W07_CLE_IND,NFL_IND,NFL_P_00-0032378,DL,,UNKNOWN,DNP,Not injury related - resting player,2023-10-21,nflverse,,2026-09-07T05:49:16.123275+00:00,2023-10-21T00:00:00
NFL_IND_00-0032383_2023W07_NA_DNP,NFL,2023,7,2023_NFL_W07_CLE_IND,NFL_IND,NFL_P_00-0032383,OL,,UNKNOWN,DNP,Not injury related - resting player,2023-10-21,nflverse,,2026-09-07T05:49:16.123275+00:00,2023-10-21T00:00:00
NFL_IND_00-0036876_2023W07_OUT_DNP,NFL,2023,7,2023_NFL_W07_CLE_IND,NFL_IND,NFL_P_00-0036876,TE,,OUT,DNP,Concussion,2023-10-21,nflverse,,2026-09-07T05:49:16.123275+00:00,2023-10-21T00:00:00
NFL_IND_00-0034836_2023W07_OUT_DNP,NFL,2023,7,2023_NFL_W07_CLE_IND,NFL_IND,NFL_P_00-0034836,OL,,OUT,DNP,Hip,2023-10-21,nflverse,,2026-09-07T05:49:16.123275+00:00,2023-10-21T00:00:00
NFL_IND_00-0037664_2023W07_QUESTIONABLE_FP,NFL,2023,7,2023_NFL_W07_CLE_IND,NFL_IND,NFL_P_00-0037664,WR,,QUESTIONABLE,FP,Shoulder,2023-10-21,nflverse,,2026-09-07T05:49:16.123275+00:00,2023-10-21T00:00:00
NFL_JAX_00-0036974_2023W07_OUT_DNP,NFL,2023,7,2023_NFL_W07_JAX_NO,NFL_JAX,NFL_P_00-0036974,CB,,OUT,DNP,Hamstring,2023-10-19,nflverse,,2026-09-07T05:49:16.123275+00:00,2023-10-19T00:00:00
NFL_JAX_00-0033891_2023W07_OUT_DNP,NFL,2023,7,2023_NFL_W07_JAX_NO,NFL_JAX,NFL_P_00-0033891,WR,,OUT,DNP,Knee,2023-10-19,nflverse,,2026-09-07T05:49:16.123275+00:00,2023-10-19T00:00:00
NFL_JAX_00-0036975_2023W07_OUT_DNP,NFL,2023,7,2023_NFL_W07_JAX_NO,NFL_JAX,NFL_P_00-0036975,OL,,OUT,DNP,Knee,2023-10-19,nflverse,,2026-09-07T05:49:16.123275+00:00,2023-10-19T00:00:00
NFL_JAX_00-0036262_2023W07_OUT_FP,NFL,2023,7,2023_NFL_W07_JAX_NO,NFL_JAX,NFL_P_00-0036262,DL,,OUT,FP,Back,2023-10-19,nflverse,,2026-09-07T05:49:16.123275+00:00,2023-10-19T00:00:00
NFL_JAX_00-0032053_2023W07_QUESTIONABLE_DNP,NFL,2023,7,2023_NFL_W07_JAX_NO,NFL_JAX,NFL_P_00-0032053,OL,,QUESTIONABLE,DNP,Ankle,2023-10-19,nflverse,,2026-09-07T05:49:16.123275+00:00,2023-10-19T00:00:00
NFL_JAX_00-0036971_2023W07_QUESTIONABLE_LP,NFL,2023,7,2023_NFL_W07_JAX_NO,NFL_JAX,NFL_P_00-0036971,QB,,QUESTIONABLE,LP,Knee,2023-10-19,nflverse,,2026-09-07T05:49:16.123275+00:00,2023-10-19T00:00:00
NFL_KC_00-0034386_2023W07_OUT_DNP,NFL,2023,7,2023_NFL_W07_LAC_KC,NFL_KC,NFL_P_00-0034386,WR,,OUT,DNP,Elbow,2023-10-21,nflverse,,2026-09-07T05:49:16.123275+00:00,2023-10-21T00:00:00
NFL_KC_00-0037195_2023W07_QUESTIONABLE_LP,NFL,2023,7,2023_NFL_W07_LAC_KC,NFL_KC,NFL_P_00-0037195,CB,,QUESTIONABLE,LP,Thigh,2023-10-21,nflverse,,2026-09-07T05:49:16.123275+00:00,2023-10-21T00:00:00
NFL_LAR_00-0034804_2023W07_NA_DNP,NFL,2023,7,2023_NFL_W07_PIT_LAR,NFL_LAR,NFL_P_00-0034804,OL,,UNKNOWN,DNP,Not injury related - resting player,2023-10-21,nflverse,,2026-09-07T05:49:16.123275+00:00,2023-10-21T00:00:00
NFL_LAR_00-0031388_2023W07_NA_DNP,NFL,2023,7,2023_NFL_W07_PIT_LAR,NFL_LAR,NFL_P_00-0031388,DL,,UNKNOWN,DNP,Not injury related - resting player,2023-10-21,nflverse,,2026-09-07T05:49:16.123275+00:00,2023-10-21T00:00:00
NFL_LAR_00-0036237_2023W07_OUT_DNP,NFL,2023,7,2023_NFL_W07_PIT_LAR,NFL_LAR,NFL_P_00-0036237,DL,,OUT,DNP,Knee,2023-10-21,nflverse,,2026-09-07T05:49:16.123275+00:00,2023-10-21T00:00:00
NFL_LAR_00-0037840_2023W07_OUT_DNP,NFL,2023,7,2023_NFL_W07_PIT_LAR,NFL_LAR,NFL_P_00-0037840,RB,,OUT,DNP,Ankle,2023-10-21,nflverse,,2026-09-07T05:49:16.123275+00:00,2023-10-21T00:00:00
NFL_LAR_00-0036994_2023W07_QUESTIONABLE_LP,NFL,2023,7,2023_NFL_W07_PIT_LAR,NFL_LAR,NFL_P_00-0036994,LB,,QUESTIONABLE,LP,Knee,2023-10-21,nflverse,,2026-09-07T05:49:16.123275+00:00,2023-10-21T00:00:00
NFL_LAR_00-0037842_2023W07_QUESTIONABLE_LP,NFL,2023,7,2023_NFL_W07_PIT_LAR,NFL_LAR,NFL_P_00-0037842,CB,,QUESTIONABLE,LP,Not injury related - personal matter,2023-10-21,nflverse,,2026-09-07T05:49:16.123275+00:00,2023-10-21T00:00:00
NFL_LAR_00-0036862_2023W07_QUESTIONABLE_LP,NFL,2023,7,2023_NFL_W07_PIT_LAR,NFL_LAR,NFL_P_00-0036862,WR,,QUESTIONABLE,LP,Achilles,2023-10-21,nflverse,,2026-09-07T05:49:16.123275+00:00,2023-10-21T00:00:00
NFL_LAC_00-0030279_2023W07_NA_DNP,NFL,2023,7,2023_NFL_W07_LAC_KC,NFL_LAC,NFL_P_00-0030279,WR,,UNKNOWN,DNP,Not injury related - personal matter,2023-10-21,nflverse,,2026-09-07T05:49:16.123275+00:00,2023-10-21T00:00:00
NFL_LAC_00-0037468_2023W07_NA_DNP,NFL,2023,7,2023_NFL_W07_LAC_KC,NFL_LAC,NFL_P_00-0037468,S,,UNKNOWN,DNP,Knee,2023-10-21,nflverse,,2026-09-07T05:49:16.123275+00:00,2023-10-21T00:00:00
NFL_LAC_00-0036302_2023W07_NA_LP,NFL,2023,7,2023_NFL_W07_LAC_KC,NFL_LAC,NFL_P_00-0036302,S,,UNKNOWN,LP,Illness,2023-10-21,nflverse,,2026-09-07T05:49:16.123275+00:00,2023-10-21T00:00:00
NFL_LAC_00-0036380_2023W07_OUT_DNP,NFL,2023,7,2023_NFL_W07_LAC_KC,NFL_LAC,NFL_P_00-0036380,S,,OUT,DNP,Heel,2023-10-21,nflverse,,2026-09-07T05:49:16.123275+00:00,2023-10-21T00:00:00
NFL_LAC_00-0037320_2023W07_OUT_DNP,NFL,2023,7,2023_NFL_W07_LAC_KC,NFL_LAC,NFL_P_00-0037320,CB,,OUT,DNP,Hamstring,2023-10-21,nflverse,,2026-09-07T05:49:16.123275+00:00,2023-10-21T00:00:00
NFL_LAC_00-0035414_2023W07_OUT_LP,NFL,2023,7,2023_NFL_W07_LAC_KC,NFL_LAC,NFL_P_00-0035414,WR,,OUT,LP,Knee,2023-10-21,nflverse,,2026-09-07T05:49:16.123275+00:00,2023-10-21T00:00:00
NFL_LAC_00-0037270_2023W07_OUT_LP,NFL,2023,7,2023_NFL_W07_LAC_KC,NFL_LAC,NFL_P_00-0037270,DL,,OUT,LP,Knee,2023-10-21,nflverse,,2026-09-07T05:49:16.123275+00:00,2023-10-21T00:00:00
NFL_LAC_00-0034790_2023W07_QUESTIONABLE_DNP,NFL,2023,7,2023_NFL_W07_LAC_KC,NFL_LAC,NFL_P_00-0034790,S,,QUESTIONABLE,DNP,Ankle,2023-10-21,nflverse,,2026-09-07T05:49:16.123275+00:00,2023-10-21T00:00:00
NFL_LAC_00-0036716_2023W07_QUESTIONABLE_DNP,NFL,2023,7,2023_NFL_W07_LAC_KC,NFL_LAC,NFL_P_00-0036716,LB,,QUESTIONABLE,DNP,Groin,2023-10-21,nflverse,,2026-09-07T05:49:16.123275+00:00,2023-10-21T00:00:00
NFL_LV_00-0034973_2023W07_NA_LP,NFL,2023,7,2023_NFL_W07_LV_CHI,NFL_LV,NFL_P_00-0034973,EDGE,,UNKNOWN,LP,Knee,2023-10-21,nflverse,,2026-09-07T05:49:16.123275+00:00,2023-10-21T00:00:00
NFL_LV_00-0035783_2023W07_NA_LP,NFL,2023,7,2023_NFL_W07_LV_CHI,NFL_LV,NFL_P_00-0035783,CB,,UNKNOWN,LP,Ankle,2023-10-21,nflverse,,2026-09-07T05:49:16.123275+00:00,2023-10-21T00:00:00
NFL_LV_00-0039072_2023W07_OUT_DNP,NFL,2023,7,2023_NFL_W07_LV_CHI,NFL_LV,NFL_P_00-0039072,CB,,OUT,DNP,Shoulder,2023-10-21,nflverse,,2026-09-07T05:49:16.123275+00:00,2023-10-21T00:00:00
NFL_LV_00-0031345_2023W07_OUT_DNP,NFL,2023,7,2023_NFL_W07_LV_CHI,NFL_LV,NFL_P_00-0031345,QB,,OUT,DNP,Back,2023-10-21,nflverse,,2026-09-07T05:49:16.123275+00:00,2023-10-21T00:00:00
NFL_LV_00-0036871_2023W07_OUT_DNP,NFL,2023,7,2023_NFL_W07_LV_CHI,NFL_LV,NFL_P_00-0036871,CB,,OUT,DNP,Ankle,2023-10-21,nflverse,,2026-09-07T05:49:16.123275+00:00,2023-10-21T00:00:00
NFL_MIA_00-0038685_2023W07_NA_DNP,NFL,2023,7,2023_NFL_W07_MIA_PHI,NFL_MIA,NFL_P_00-0038685,RB,,UNKNOWN,DNP,Ankle,2023-10-22,nflverse,,2026-09-07T05:49:16.123275+00:00,2023-10-22T00:00:00
NFL_MIA_00-0031921_2023W07_NA_DNP,NFL,2023,7,2023_NFL_W07_MIA_PHI,NFL_MIA,NFL_P_00-0031921,OL,,UNKNOWN,DNP,Not injury related - personal matter,2023-10-22,nflverse,,2026-09-07T05:49:16.123275+00:00,2023-10-22T00:00:00
NFL_MIA_00-0033055_2023W07_OUT_LP,NFL,2023,7,2023_NFL_W07_MIA_PHI,NFL_MIA,NFL_P_00-0033055,CB,,OUT,LP,Knee,2023-10-22,nflverse,,2026-09-07T05:49:16.123275+00:00,2023-10-22T00:00:00
NFL_MIA_00-0035346_2023W07_QUESTIONABLE_FP,NFL,2023,7,2023_NFL_W07_MIA_PHI,NFL_MIA,NFL_P_00-0035346,CB,,QUESTIONABLE,FP,Achilles,2023-10-22,nflverse,,2026-09-07T05:49:16.123275+00:00,2023-10-22T00:00:00
NFL_MIA_00-0033050_2023W07_QUESTIONABLE_LP,NFL,2023,7,2023_NFL_W07_MIA_PHI,NFL_MIA,NFL_P_00-0033050,CB,,QUESTIONABLE,LP,Groin,2023-10-22,nflverse,,2026-09-07T05:49:16.123275+00:00,2023-10-22T00:00:00
NFL_MIA_00-0035125_2023W07_QUESTIONABLE_LP,NFL,2023,7,2023_NFL_W07_MIA_PHI,NFL_MIA,NFL_P_00-0035125,RB,,QUESTIONABLE,LP,Foot,2023-10-22,nflverse,,2026-09-07T05:49:16.123275+00:00,2023-10-22T00:00:00
NFL_MIA_00-0034352_2023W07_QUESTIONABLE_LP,NFL,2023,7,2023_NFL_W07_MIA_PHI,NFL_MIA,NFL_P_00-0034352,OL,,QUESTIONABLE,LP,Groin,2023-10-22,nflverse,,2026-09-07T05:49:16.123275+00:00,2023-10-22T00:00:00
NFL_MIN_00-0036327_2023W07_OUT_DNP,NFL,2023,7,2023_NFL_W07_SF_MIN,NFL_MIN,NFL_P_00-0036327,OL,,OUT,DNP,Foot,2023-10-23,nflverse,,2026-09-07T05:49:16.123275+00:00,2023-10-23T00:00:00
NFL_MIN_00-0038101_2023W07_QUESTIONABLE_LP,NFL,2023,7,2023_NFL_W07_SF_MIN,NFL_MIN,NFL_P_00-0038101,CB,,QUESTIONABLE,LP,Oblique,2023-10-23,nflverse,,2026-09-07T05:49:16.123275+00:00,2023-10-23T00:00:00
NFL_MIN_00-0037291_2023W07_QUESTIONABLE_LP,NFL,2023,7,2023_NFL_W07_SF_MIN,NFL_MIN,NFL_P_00-0037291,WR,,QUESTIONABLE,LP,Hamstring,2023-10-23,nflverse,,2026-09-07T05:49:16.123275+00:00,2023-10-23T00:00:00
NFL_NE_00-0033883_2023W07_NA_LP,NFL,2023,7,2023_NFL_W07_BUF_NE,NFL_NE,NFL_P_00-0033883,S,,UNKNOWN,LP,Knee,2023-10-21,nflverse,,2026-09-07T05:49:16.123275+00:00,2023-10-21T00:00:00
NFL_NE_00-0036875_2023W07_NA_LP,NFL,2023,7,2023_NFL_W07_BUF_NE,NFL_NE,NFL_P_00-0036875,RB,,UNKNOWN,LP,Ankle,2023-10-21,nflverse,,2026-09-07T05:49:16.123275+00:00,2023-10-21T00:00:00
NFL_NE_00-0029672_2023W07_OUT_DNP,NFL,2023,7,2023_NFL_W07_BUF_NE,NFL_NE,NFL_P_00-0029672,OL,,OUT,DNP,Knee,2023-10-21,nflverse,,2026-09-07T05:49:16.123275+00:00,2023-10-21T00:00:00
NFL_NE_00-0036159_2023W07_OUT_DNP,NFL,2023,7,2023_NFL_W07_BUF_NE,NFL_NE,NFL_P_00-0036159,LB,,OUT,DNP,Knee,2023-10-21,nflverse,,2026-09-07T05:49:16.123275+00:00,2023-10-21T00:00:00
NFL_NE_00-0039148_2023W07_OUT_DNP,NFL,2023,7,2023_NFL_W07_BUF_NE,NFL_NE,NFL_P_00-0039148,EDGE,,OUT,DNP,Concussion,2023-10-21,nflverse,,2026-09-07T05:49:16.123275+00:00,2023-10-21T00:00:00
NFL_NE_00-0031852_2023W07_QUESTIONABLE_LP,NFL,2023,7,2023_NFL_W07_BUF_NE,NFL_NE,NFL_P_00-0031852,OL,,QUESTIONABLE,LP,Ankle,2023-10-21,nflverse,,2026-09-07T05:49:16.123275+00:00,2023-10-21T00:00:00
NFL_NE_00-0036981_2023W07_QUESTIONABLE_LP,NFL,2023,7,2023_NFL_W07_BUF_NE,NFL_NE,NFL_P_00-0036981,DL,,QUESTIONABLE,LP,Knee,2023-10-21,nflverse,,2026-09-07T05:49:16.123275+00:00,2023-10-21T00:00:00
NFL_NE_00-0038608_2023W07_QUESTIONABLE_LP,NFL,2023,7,2023_NFL_W07_BUF_NE,NFL_NE,NFL_P_00-0038608,WR,,QUESTIONABLE,LP,Hamstring,2023-10-21,nflverse,,2026-09-07T05:49:16.123275+00:00,2023-10-21T00:00:00
NFL_NE_00-0032071_2023W07_QUESTIONABLE_LP,NFL,2023,7,2023_NFL_W07_BUF_NE,NFL_NE,NFL_P_00-0032071,OL,,QUESTIONABLE,LP,Chest,2023-10-21,nflverse,,2026-09-07T05:49:16.123275+00:00,2023-10-21T00:00:00
NFL_NE_00-0029764_2023W07_QUESTIONABLE_LP,NFL,2023,7,2023_NFL_W07_BUF_NE,NFL_NE,NFL_P_00-0029764,S,,QUESTIONABLE,LP,Knee,2023-10-21,nflverse,,2026-09-07T05:49:16.123275+00:00,2023-10-21T00:00:00
NFL_NE_00-0038621_2023W07_QUESTIONABLE_LP,NFL,2023,7,2023_NFL_W07_BUF_NE,NFL_NE,NFL_P_00-0038621,WR,,QUESTIONABLE,LP,Concussion,2023-10-21,nflverse,,2026-09-07T05:49:16.123275+00:00,2023-10-21T00:00:00
NFL_NE_00-0036231_2023W07_QUESTIONABLE_LP,NFL,2023,7,2023_NFL_W07_BUF_NE,NFL_NE,NFL_P_00-0036231,S,,QUESTIONABLE,LP,Foot,2023-10-21,nflverse,,2026-09-07T05:49:16.123275+00:00,2023-10-21T00:00:00
NFL_NE_00-0031566_2023W07_QUESTIONABLE_LP,NFL,2023,7,2023_NFL_W07_BUF_NE,NFL_NE,NFL_P_00-0031566,LB,,QUESTIONABLE,LP,Foot,2023-10-21,nflverse,,2026-09-07T05:49:16.123275+00:00,2023-10-21T00:00:00
NFL_NE_00-0033860_2023W07_QUESTIONABLE_LP,NFL,2023,7,2023_NFL_W07_BUF_NE,NFL_NE,NFL_P_00-0033860,DL,,QUESTIONABLE,LP,Ankle,2023-10-21,nflverse,,2026-09-07T05:49:16.123275+00:00,2023-10-21T00:00:00
NFL_NE_00-0033090_2023W07_QUESTIONABLE_LP,NFL,2023,7,2023_NFL_W07_BUF_NE,NFL_NE,NFL_P_00-0033090,TE,,QUESTIONABLE,LP,Ankle,2023-10-21,nflverse,,2026-09-07T05:49:16.123275+00:00,2023-10-21T00:00:00
NFL_NE_00-0032580_2023W07_QUESTIONABLE_LP,NFL,2023,7,2023_NFL_W07_BUF_NE,NFL_NE,NFL_P_00-0032580,CB,,QUESTIONABLE,LP,Knee,2023-10-21,nflverse,,2026-09-07T05:49:16.123275+00:00,2023-10-21T00:00:00
NFL_NE_00-0038039_2023W07_QUESTIONABLE_LP,NFL,2023,7,2023_NFL_W07_BUF_NE,NFL_NE,NFL_P_00-0038039,CB,,QUESTIONABLE,LP,Hamstring,2023-10-21,nflverse,,2026-09-07T05:49:16.123275+00:00,2023-10-21T00:00:00
NFL_NE_00-0036198_2023W07_QUESTIONABLE_LP,NFL,2023,7,2023_NFL_W07_BUF_NE,NFL_NE,NFL_P_00-0036198,OL,,QUESTIONABLE,LP,Ankle,2023-10-21,nflverse,,2026-09-07T05:49:16.123275+00:00,2023-10-21T00:00:00
NFL_NE_00-0033857_2023W07_QUESTIONABLE_LP,NFL,2023,7,2023_NFL_W07_BUF_NE,NFL_NE,NFL_P_00-0033857,WR,,QUESTIONABLE,LP,Concussion,2023-10-21,nflverse,,2026-09-07T05:49:16.123275+00:00,2023-10-21T00:00:00
NFL_NE_00-0038103_2023W07_QUESTIONABLE_LP,NFL,2023,7,2023_NFL_W07_BUF_NE,NFL_NE,NFL_P_00-0038103,OL,,QUESTIONABLE,LP,Knee,2023-10-21,nflverse,,2026-09-07T05:49:16.123275+00:00,2023-10-21T00:00:00
NFL_NE_00-0036559_2023W07_QUESTIONABLE_LP,NFL,2023,7,2023_NFL_W07_BUF_NE,NFL_NE,NFL_P_00-0036559,CB,,QUESTIONABLE,LP,Shoulder,2023-10-21,nflverse,,2026-09-07T05:49:16.123275+00:00,2023-10-21T00:00:00
NFL_NO_00-0032203_2023W07_NA_LP,NFL,2023,7,2023_NFL_W07_JAX_NO,NFL_NO,NFL_P_00-0032203,OL,,UNKNOWN,LP,Groin,2023-10-19,nflverse,,2026-09-07T05:49:16.123275+00:00,2023-10-19T00:00:00
NFL_NO_00-0034116_2023W07_OUT_DNP,NFL,2023,7,2023_NFL_W07_JAX_NO,NFL_NO,NFL_P_00-0034116,S,,OUT,DNP,Hamstring,2023-10-19,nflverse,,2026-09-07T05:49:16.123275+00:00,2023-10-19T00:00:00
NFL_NO_00-0030694_2023W07_OUT_DNP,NFL,2023,7,2023_NFL_W07_JAX_NO,NFL_NO,NFL_P_00-0030694,OL,,OUT,DNP,Ankle,2023-10-19,nflverse,,2026-09-07T05:49:16.123275+00:00,2023-10-19T00:00:00
NFL_NO_00-0036040_2023W07_OUT_DNP,NFL,2023,7,2023_NFL_W07_JAX_NO,NFL_NO,NFL_P_00-0036040,TE,,OUT,DNP,Calf,2023-10-19,nflverse,,2026-09-07T05:49:16.123275+00:00,2023-10-19T00:00:00
NFL_NO_00-0033888_2023W07_OUT_DNP,NFL,2023,7,2023_NFL_W07_JAX_NO,NFL_NO,NFL_P_00-0033888,OL,,OUT,DNP,Concussion,2023-10-19,nflverse,,2026-09-07T05:49:16.123275+00:00,2023-10-19T00:00:00
NFL_NO_00-0036930_2023W07_OUT_DNP,NFL,2023,7,2023_NFL_W07_JAX_NO,NFL_NO,NFL_P_00-0036930,OL,,OUT,DNP,Hip,2023-10-19,nflverse,,2026-09-07T05:49:16.123275+00:00,2023-10-19T00:00:00
NFL_NO_00-0029607_2023W07_QUESTIONABLE_DNP,NFL,2023,7,2023_NFL_W07_JAX_NO,NFL_NO,NFL_P_00-0029607,LB,,QUESTIONABLE,DNP,Knee,2023-10-19,nflverse,,2026-09-07T05:49:16.123275+00:00,2023-10-19T00:00:00
NFL_NO_00-0035244_2023W07_QUESTIONABLE_LP,NFL,2023,7,2023_NFL_W07_JAX_NO,NFL_NO,NFL_P_00-0035244,S,,QUESTIONABLE,LP,Hamstring,2023-10-19,nflverse,,2026-09-07T05:49:16.123275+00:00,2023-10-19T00:00:00
NFL_NO_00-0030459_2023W07_QUESTIONABLE_LP,NFL,2023,7,2023_NFL_W07_JAX_NO,NFL_NO,NFL_P_00-0030459,S,,QUESTIONABLE,LP,Foot,2023-10-19,nflverse,,2026-09-07T05:49:16.123275+00:00,2023-10-19T00:00:00
NFL_NO_00-0033948_2023W07_QUESTIONABLE_LP,NFL,2023,7,2023_NFL_W07_JAX_NO,NFL_NO,NFL_P_00-0033948,RB,,QUESTIONABLE,LP,Hamstring,2023-10-19,nflverse,,2026-09-07T05:49:16.123275+00:00,2023-10-19T00:00:00
NFL_NYG_00-0034844_2023W07_NA_LP,NFL,2023,7,2023_NFL_W07_WAS_NYG,NFL_NYG,NFL_P_00-0034844,RB,,UNKNOWN,LP,Ankle,2023-10-21,nflverse,,2026-09-07T05:49:16.123275+00:00,2023-10-21T00:00:00
NFL_NYG_00-0026858_2023W07_NA_LP,NFL,2023,7,2023_NFL_W07_WAS_NYG,NFL_NYG,NFL_P_00-0026858,K,,UNKNOWN,LP,left Knee,2023-10-21,nflverse,,2026-09-07T05:49:16.123275+00:00,2023-10-21T00:00:00
NFL_NYG_00-0036397_2023W07_NA_LP,NFL,2023,7,2023_NFL_W07_WAS_NYG,NFL_NYG,NFL_P_00-0036397,OL,,UNKNOWN,LP,Biceps,2023-10-21,nflverse,,2026-09-07T05:49:16.123275+00:00,2023-10-21T00:00:00
NFL_NYG_00-0036392_2023W07_OUT_DNP,NFL,2023,7,2023_NFL_W07_WAS_NYG,NFL_NYG,NFL_P_00-0036392,OL,,OUT,DNP,Shoulder,2023-10-21,nflverse,,2026-09-07T05:49:16.123275+00:00,2023-10-21T00:00:00
NFL_NYG_00-0039019_2023W07_OUT_DNP,NFL,2023,7,2023_NFL_W07_WAS_NYG,NFL_NYG,NFL_P_00-0039019,OL,,OUT,DNP,Shoulder,2023-10-21,nflverse,,2026-09-07T05:49:16.123275+00:00,2023-10-21T00:00:00
NFL_NYG_00-0036386_2023W07_OUT_DNP,NFL,2023,7,2023_NFL_W07_WAS_NYG,NFL_NYG,NFL_P_00-0036386,OL,,OUT,DNP,Hamstring,2023-10-21,nflverse,,2026-09-07T05:49:16.123275+00:00,2023-10-21T00:00:00
NFL_NYG_00-0037612_2023W07_QUESTIONABLE_DNP,NFL,2023,7,2023_NFL_W07_WAS_NYG,NFL_NYG,NFL_P_00-0037612,OL,,QUESTIONABLE,DNP,Ankle,2023-10-21,nflverse,,2026-09-07T05:49:16.123275+00:00,2023-10-21T00:00:00
NFL_NYG_00-0033878_2023W07_QUESTIONABLE_LP,NFL,2023,7,2023_NFL_W07_WAS_NYG,NFL_NYG,NFL_P_00-0033878,CB,,QUESTIONABLE,LP,Neck,2023-10-21,nflverse,,2026-09-07T05:49:16.123275+00:00,2023-10-21T00:00:00
NFL_NYG_00-0035710_2023W07_QUESTIONABLE_LP,NFL,2023,7,2023_NFL_W07_WAS_NYG,NFL_NYG,NFL_P_00-0035710,QB,,QUESTIONABLE,LP,Neck,2023-10-21,nflverse,,2026-09-07T05:49:16.123275+00:00,2023-10-21T00:00:00
NFL_PHI_00-0038386_2023W07_NA_LP,NFL,2023,7,2023_NFL_W07_MIA_PHI,NFL_PHI,NFL_P_00-0038386,DL,,UNKNOWN,LP,Ankle,2023-10-22,nflverse,,2026-09-07T05:49:16.123275+00:00,2023-10-22T00:00:00
NFL_PHI_00-0034351_2023W07_NA_LP,NFL,2023,7,2023_NFL_W07_MIA_PHI,NFL_PHI,NFL_P_00-0034351,TE,,UNKNOWN,LP,Groin,2023-10-22,nflverse,,2026-09-07T05:49:16.123275+00:00,2023-10-22T00:00:00
NFL_PHI_00-0036912_2023W07_NA_LP,NFL,2023,7,2023_NFL_W07_MIA_PHI,NFL_PHI,NFL_P_00-0036912,WR,,UNKNOWN,LP,Hamstring,2023-10-22,nflverse,,2026-09-07T05:49:16.123275+00:00,2023-10-22T00:00:00
NFL_PHI_00-0037130_2023W07_OUT_DNP,NFL,2023,7,2023_NFL_W07_MIA_PHI,NFL_PHI,NFL_P_00-0037130,S,,OUT,DNP,Ribs,2023-10-22,nflverse,,2026-09-07T05:49:16.123275+00:00,2023-10-22T00:00:00
NFL_PHI_00-0031372_2023W07_OUT_DNP,NFL,2023,7,2023_NFL_W07_MIA_PHI,NFL_PHI,NFL_P_00-0031372,CB,,OUT,DNP,Shoulder,2023-10-22,nflverse,,2026-09-07T05:49:16.123275+00:00,2023-10-22T00:00:00
NFL_PIT_00-0027943_2023W07_NA_LP,NFL,2023,7,2023_NFL_W07_PIT_LAR,NFL_PIT,NFL_P_00-0027943,CB,,UNKNOWN,LP,Not injury related - resting player,2023-10-21,nflverse,,2026-09-07T05:49:16.123275+00:00,2023-10-21T00:00:00
NFL_PIT_00-0036894_2023W07_OUT_DNP,NFL,2023,7,2023_NFL_W07_PIT_LAR,NFL_PIT,NFL_P_00-0036894,TE,,OUT,DNP,Hamstring,2023-10-21,nflverse,,2026-09-07T05:49:16.123275+00:00,2023-10-21T00:00:00
NFL_SEA_00-0033872_2023W07_NA_DNP,NFL,2023,7,2023_NFL_W07_ARI_SEA,NFL_SEA,NFL_P_00-0033872,S,,UNKNOWN,DNP,Not injury related - resting player,2023-10-21,nflverse,,2026-09-07T05:49:16.123275+00:00,2023-10-21T00:00:00
NFL_SEA_00-0036885_2023W07_NA_DNP,NFL,2023,7,2023_NFL_W07_ARI_SEA,NFL_SEA,NFL_P_00-0036885,CB,,UNKNOWN,DNP,Toe,2023-10-21,nflverse,,2026-09-07T05:49:16.123275+00:00,2023-10-21T00:00:00
NFL_SEA_00-0032211_2023W07_NA_DNP,NFL,2023,7,2023_NFL_W07_ARI_SEA,NFL_SEA,NFL_P_00-0032211,WR,,UNKNOWN,DNP,Hamstring,2023-10-21,nflverse,,2026-09-07T05:49:16.123275+00:00,2023-10-21T00:00:00
NFL_SEA_00-0039165_2023W07_QUESTIONABLE_DNP,NFL,2023,7,2023_NFL_W07_ARI_SEA,NFL_SEA,NFL_P_00-0039165,RB,,QUESTIONABLE,DNP,Hamstring,2023-10-21,nflverse,,2026-09-07T05:49:16.123275+00:00,2023-10-21T00:00:00
NFL_SEA_00-0035141_2023W07_QUESTIONABLE_DNP,NFL,2023,7,2023_NFL_W07_ARI_SEA,NFL_SEA,NFL_P_00-0035141,OL,,QUESTIONABLE,DNP,Calf,2023-10-21,nflverse,,2026-09-07T05:49:16.123275+00:00,2023-10-21T00:00:00
NFL_SEA_00-0034495_2023W07_QUESTIONABLE_LP,NFL,2023,7,2023_NFL_W07_ARI_SEA,NFL_SEA,NFL_P_00-0034495,OL,,QUESTIONABLE,LP,Hip,2023-10-21,nflverse,,2026-09-07T05:49:16.123275+00:00,2023-10-21T00:00:00
NFL_SEA_00-0036795_2023W07_QUESTIONABLE_LP,NFL,2023,7,2023_NFL_W07_ARI_SEA,NFL_SEA,NFL_P_00-0036795,OL,,QUESTIONABLE,LP,Ankle,2023-10-21,nflverse,,2026-09-07T05:49:16.123275+00:00,2023-10-21T00:00:00
NFL_SEA_00-0035640_2023W07_QUESTIONABLE_LP,NFL,2023,7,2023_NFL_W07_ARI_SEA,NFL_SEA,NFL_P_00-0035640,WR,,QUESTIONABLE,LP,Ribs,2023-10-21,nflverse,,2026-09-07T05:49:16.123275+00:00,2023-10-21T00:00:00
NFL_SF_00-0035719_2023W07_OUT_DNP,NFL,2023,7,2023_NFL_W07_SF_MIN,NFL_SF,NFL_P_00-0035719,WR,,OUT,DNP,Shoulder,2023-10-23,nflverse,,2026-09-07T05:49:16.123275+00:00,2023-10-23T00:00:00
NFL_SF_00-0027857_2023W07_DOUBTFUL_DNP,NFL,2023,7,2023_NFL_W07_SF_MIN,NFL_SF,NFL_P_00-0027857,OL,,DOUBTFUL,DNP,Ankle,2023-10-23,nflverse,,2026-09-07T05:49:16.123275+00:00,2023-10-23T00:00:00
NFL_SF_00-0034982_2023W07_QUESTIONABLE_LP,NFL,2023,7,2023_NFL_W07_SF_MIN,NFL_SF,NFL_P_00-0034982,LB,,QUESTIONABLE,LP,Hamstring,2023-10-23,nflverse,,2026-09-07T05:49:16.123275+00:00,2023-10-23T00:00:00
NFL_SF_00-0033280_2023W07_QUESTIONABLE_LP,NFL,2023,7,2023_NFL_W07_SF_MIN,NFL_SF,NFL_P_00-0033280,RB,,QUESTIONABLE,LP,Oblique,2023-10-23,nflverse,,2026-09-07T05:49:16.123275+00:00,2023-10-23T00:00:00
NFL_TB_00-0029562_2023W07_NA_DNP,NFL,2023,7,2023_NFL_W07_ATL_TB,NFL_TB,NFL_P_00-0029562,LB,,UNKNOWN,DNP,Not injury related - resting player,2023-10-21,nflverse,,2026-09-07T05:49:16.123275+00:00,2023-10-21T00:00:00
NFL_TB_00-0031408_2023W07_NA_DNP,NFL,2023,7,2023_NFL_W07_ATL_TB,NFL_TB,NFL_P_00-0031408,WR,,UNKNOWN,DNP,Not injury related - resting player,2023-10-21,nflverse,,2026-09-07T05:49:16.123275+00:00,2023-10-21T00:00:00
NFL_TB_00-0035254_2023W07_QUESTIONABLE_FP,NFL,2023,7,2023_NFL_W07_ATL_TB,NFL_TB,NFL_P_00-0035254,LB,,QUESTIONABLE,FP,Concussion,2023-10-21,nflverse,,2026-09-07T05:49:16.123275+00:00,2023-10-21T00:00:00
NFL_TB_00-0034773_2023W07_QUESTIONABLE_LP,NFL,2023,7,2023_NFL_W07_ATL_TB,NFL_TB,NFL_P_00-0034773,DL,,QUESTIONABLE,LP,Foot,2023-10-21,nflverse,,2026-09-07T05:49:16.123275+00:00,2023-10-21T00:00:00
NFL_WAS_00-0038611_2023W07_NA_DNP,NFL,2023,7,2023_NFL_W07_WAS_NYG,NFL_WAS,NFL_P_00-0038611,RB,,UNKNOWN,DNP,Not injury related - personal matter,2023-10-21,nflverse,,2026-09-07T05:49:16.123275+00:00,2023-10-21T00:00:00
NFL_WAS_00-0033084_2023W07_NA_LP,NFL,2023,7,2023_NFL_W07_WAS_NYG,NFL_WAS,NFL_P_00-0033084,CB,,UNKNOWN,LP,Knee,2023-10-21,nflverse,,2026-09-07T05:49:16.123275+00:00,2023-10-21T00:00:00
NFL_ARI_00-0035961_2023W08_OUT_DNP,NFL,2023,8,2023_NFL_W08_BAL_ARI,NFL_ARI,NFL_P_00-0035961,LB,,OUT,DNP,Hamstring,2023-10-28,nflverse,,2026-09-07T05:49:16.123275+00:00,2023-10-28T00:00:00
NFL_ARI_00-0035334_2023W08_OUT_DNP,NFL,2023,8,2023_NFL_W08_BAL_ARI,NFL_ARI,NFL_P_00-0035334,DL,,OUT,DNP,Shoulder,2023-10-28,nflverse,,2026-09-07T05:49:16.123275+00:00,2023-10-28T00:00:00
NFL_ARI_00-0033676_2023W08_OUT_DNP,NFL,2023,8,2023_NFL_W08_BAL_ARI,NFL_ARI,NFL_P_00-0033676,OL,,OUT,DNP,Neck,2023-10-28,nflverse,,2026-09-07T05:49:16.123275+00:00,2023-10-28T00:00:00
NFL_ARI_00-0035228_2023W08_DOUBTFUL_FP,NFL,2023,8,2023_NFL_W08_BAL_ARI,NFL_ARI,NFL_P_00-0035228,QB,,DOUBTFUL,FP,Knee,2023-10-28,nflverse,,2026-09-07T05:49:16.123275+00:00,2023-10-28T00:00:00
NFL_ARI_00-0035500_2023W08_QUESTIONABLE_DNP,NFL,2023,8,2023_NFL_W08_BAL_ARI,NFL_ARI,NFL_P_00-0035500,WR,,QUESTIONABLE,DNP,Ankle,2023-10-28,nflverse,,2026-09-07T05:49:16.123275+00:00,2023-10-28T00:00:00
NFL_ARI_00-0032933_2023W08_QUESTIONABLE_LP,NFL,2023,8,2023_NFL_W08_BAL_ARI,NFL_ARI,NFL_P_00-0032933,CB,,QUESTIONABLE,LP,Groin,2023-10-28,nflverse,,2026-09-07T05:49:16.123275+00:00,2023-10-28T00:00:00
NFL_ARI_00-0035705_2023W08_QUESTIONABLE_LP,NFL,2023,8,2023_NFL_W08_BAL_ARI,NFL_ARI,NFL_P_00-0035705,S,,QUESTIONABLE,LP,Hamstring,2023-10-28,nflverse,,2026-09-07T05:49:16.123275+00:00,2023-10-28T00:00:00
NFL_ATL_00-0026190_2023W08_NA_DNP,NFL,2023,8,2023_NFL_W08_ATL_TEN,NFL_ATL,NFL_P_00-0026190,EDGE,,UNKNOWN,DNP,Not injury related - resting player,2023-10-28,nflverse,,2026-09-07T05:49:16.123275+00:00,2023-10-28T00:00:00
NFL_ATL_00-0030578_2023W08_NA_DNP,NFL,2023,8,2023_NFL_W08_ATL_TEN,NFL_ATL,NFL_P_00-0030578,RB,,UNKNOWN,DNP,Not injury related - resting player,2023-10-28,nflverse,,2026-09-07T05:49:16.123275+00:00,2023-10-28T00:00:00
NFL_ATL_00-0034500_2023W08_OUT_LP,NFL,2023,8,2023_NFL_W08_ATL_TEN,NFL_ATL,NFL_P_00-0034500,LB,,OUT,LP,Concussion,2023-10-28,nflverse,,2026-09-07T05:49:16.123275+00:00,2023-10-28T00:00:00
NFL_ATL_00-0032065_2023W08_QUESTIONABLE_NA,NFL,2023,8,2023_NFL_W08_ATL_TEN,NFL_ATL,NFL_P_00-0032065,P,,QUESTIONABLE,,Illness,2023-10-28,nflverse,,2026-09-07T05:49:16.123275+00:00,2023-10-28T00:00:00
NFL_ATL_00-0032146_2023W08_QUESTIONABLE_LP,NFL,2023,8,2023_NFL_W08_ATL_TEN,NFL_ATL,NFL_P_00-0032146,LB,,QUESTIONABLE,LP,Groin,2023-10-28,nflverse,,2026-09-07T05:49:16.123275+00:00,2023-10-28T00:00:00
NFL_BAL_00-0033894_2023W08_OUT_DNP,NFL,2023,8,2023_NFL_W08_BAL_ARI,NFL_BAL,NFL_P_00-0033894,S,,OUT,DNP,Hamstring,2023-10-28,nflverse,,2026-09-07T05:49:16.123275+00:00,2023-10-28T00:00:00
NFL_BAL_00-0036940_2023W08_QUESTIONABLE_DNP,NFL,2023,8,2023_NFL_W08_BAL_ARI,NFL_BAL,NFL_P_00-0036940,LB,,QUESTIONABLE,DNP,Ankle,2023-10-28,nflverse,,2026-09-07T05:49:16.123275+00:00,2023-10-28T00:00:00
NFL_BAL_00-0038454_2023W08_QUESTIONABLE_FP,NFL,2023,8,2023_NFL_W08_BAL_ARI,NFL_BAL,NFL_P_00-0038454,RB,,QUESTIONABLE,FP,Hamstring,2023-10-28,nflverse,,2026-09-07T05:49:16.123275+00:00,2023-10-28T00:00:00
NFL_BAL_00-0036630_2023W08_QUESTIONABLE_FP,NFL,2023,8,2023_NFL_W08_BAL_ARI,NFL_BAL,NFL_P_00-0036630,WR,,QUESTIONABLE,FP,Hamstring,2023-10-28,nflverse,,2026-09-07T05:49:16.123275+00:00,2023-10-28T00:00:00
NFL_BUF_00-0035689_2023W08_OUT_DNP,NFL,2023,8,2023_NFL_W08_TB_BUF,NFL_BUF,NFL_P_00-0035689,TE,,OUT,DNP,Wrist,2023-10-26,nflverse,,2026-09-07T05:49:16.123275+00:00,2023-10-26T00:00:00
NFL_BUF_00-0036590_2023W08_OUT_DNP,NFL,2023,8,2023_NFL_W08_TB_BUF,NFL_BUF,NFL_P_00-0036590,TE,,OUT,DNP,Ankle,2023-10-26,nflverse,,2026-09-07T05:49:16.123275+00:00,2023-10-26T00:00:00
NFL_BUF_00-0037318_2023W08_OUT_DNP,NFL,2023,8,2023_NFL_W08_TB_BUF,NFL_BUF,NFL_P_00-0037318,LB,,OUT,DNP,Hamstring,2023-10-26,nflverse,,2026-09-07T05:49:16.123275+00:00,2023-10-26T00:00:00
NFL_BUF_00-0035230_2023W08_QUESTIONABLE_LP,NFL,2023,8,2023_NFL_W08_TB_BUF,NFL_BUF,NFL_P_00-0035230,DL,,QUESTIONABLE,LP,Toe,2023-10-26,nflverse,,2026-09-07T05:49:16.123275+00:00,2023-10-26T00:00:00
NFL_CAR_00-0028008_2023W08_NA_DNP,NFL,2023,8,2023_NFL_W08_HOU_CAR,NFL_CAR,NFL_P_00-0028008,LB,,UNKNOWN,DNP,Not injury related - resting player,2023-10-28,nflverse,,2026-09-07T05:49:16.123275+00:00,2023-10-28T00:00:00
NFL_CAR_00-0030035_2023W08_NA_DNP,NFL,2023,8,2023_NFL_W08_HOU_CAR,NFL_CAR,NFL_P_00-0030035,WR,,UNKNOWN,DNP,Not injury related - resting player,2023-10-28,nflverse,,2026-09-07T05:49:16.123275+00:00,2023-10-28T00:00:00
NFL_CAR_00-0032939_2023W08_OUT_DNP,NFL,2023,8,2023_NFL_W08_HOU_CAR,NFL_CAR,NFL_P_00-0032939,S,,OUT,DNP,Quadricep,2023-10-28,nflverse,,2026-09-07T05:49:16.123275+00:00,2023-10-28T00:00:00
NFL_CAR_00-0036268_2023W08_OUT_DNP,NFL,2023,8,2023_NFL_W08_HOU_CAR,NFL_CAR,NFL_P_00-0036268,WR,,OUT,DNP,Ankle,2023-10-28,nflverse,,2026-09-07T05:49:16.123275+00:00,2023-10-28T00:00:00
NFL_CAR_00-0035713_2023W08_QUESTIONABLE_DNP,NFL,2023,8,2023_NFL_W08_HOU_CAR,NFL_CAR,NFL_P_00-0035713,LB,,QUESTIONABLE,DNP,Elbow,2023-10-28,nflverse,,2026-09-07T05:49:16.123275+00:00,2023-10-28T00:00:00
NFL_CAR_00-0032437_2023W08_QUESTIONABLE_DNP,NFL,2023,8,2023_NFL_W08_HOU_CAR,NFL_CAR,NFL_P_00-0032437,LB,,QUESTIONABLE,DNP,Illness,2023-10-28,nflverse,,2026-09-07T05:49:16.123275+00:00,2023-10-28T00:00:00
NFL_CAR_00-0033579_2023W08_QUESTIONABLE_FP,NFL,2023,8,2023_NFL_W08_HOU_CAR,NFL_CAR,NFL_P_00-0033579,S,,QUESTIONABLE,FP,Hamstring,2023-10-28,nflverse,,2026-09-07T05:49:16.123275+00:00,2023-10-28T00:00:00
NFL_CAR_00-0034302_2023W08_QUESTIONABLE_LP,NFL,2023,8,2023_NFL_W08_HOU_CAR,NFL_CAR,NFL_P_00-0034302,LB,,QUESTIONABLE,LP,Hip,2023-10-28,nflverse,,2026-09-07T05:49:16.123275+00:00,2023-10-28T00:00:00
NFL_CAR_00-0033284_2023W08_QUESTIONABLE_LP,NFL,2023,8,2023_NFL_W08_HOU_CAR,NFL_CAR,NFL_P_00-0033284,OL,,QUESTIONABLE,LP,Knee,2023-10-28,nflverse,,2026-09-07T05:49:16.123275+00:00,2023-10-28T00:00:00
NFL_CHI_00-0024243_2023W08_NA_DNP,NFL,2023,8,2023_NFL_W08_CHI_LAC,NFL_CHI,NFL_P_00-0024243,TE,,UNKNOWN,DNP,Not injury related - resting player,2023-10-29,nflverse,,2026-09-07T05:49:16.123275+00:00,2023-10-29T00:00:00
NFL_CHI_00-0037081_2023W08_NA_LP,NFL,2023,8,2023_NFL_W08_CHI_LAC,NFL_CHI,NFL_P_00-0037081,OL,,UNKNOWN,LP,Neck,2023-10-29,nflverse,,2026-09-07T05:49:16.123275+00:00,2023-10-29T00:00:00
NFL_CHI_00-0035649_2023W08_OUT_DNP,NFL,2023,8,2023_NFL_W08_CHI_LAC,NFL_CHI,NFL_P_00-0035649,OL,,OUT,DNP,Ankle,2023-10-29,nflverse,,2026-09-07T05:49:16.123275+00:00,2023-10-29T00:00:00
NFL_CHI_00-0036945_2023W08_OUT_DNP,NFL,2023,8,2023_NFL_W08_CHI_LAC,NFL_CHI,NFL_P_00-0036945,QB,,OUT,DNP,right Thumb,2023-10-29,nflverse,,2026-09-07T05:49:16.123275+00:00,2023-10-29T00:00:00
NFL_CHI_00-0038395_2023W08_OUT_DNP,NFL,2023,8,2023_NFL_W08_CHI_LAC,NFL_CHI,NFL_P_00-0038395,CB,,OUT,DNP,Illness,2023-10-29,nflverse,,2026-09-07T05:49:16.123275+00:00,2023-10-29T00:00:00
NFL_CHI_00-0038135_2023W08_QUESTIONABLE_DNP,NFL,2023,8,2023_NFL_W08_CHI_LAC,NFL_CHI,NFL_P_00-0038135,S,,QUESTIONABLE,DNP,Illness,2023-10-29,nflverse,,2026-09-07T05:49:16.123275+00:00,2023-10-29T00:00:00
NFL_CHI_00-0033784_2023W08_QUESTIONABLE_FP,NFL,2023,8,2023_NFL_W08_CHI_LAC,NFL_CHI,NFL_P_00-0033784,S,,QUESTIONABLE,FP,Foot,2023-10-29,nflverse,,2026-09-07T05:49:16.123275+00:00,2023-10-29T00:00:00
NFL_CHI_00-0033910_2023W08_QUESTIONABLE_LP,NFL,2023,8,2023_NFL_W08_CHI_LAC,NFL_CHI,NFL_P_00-0033910,OL,,QUESTIONABLE,LP,Knee,2023-10-29,nflverse,,2026-09-07T05:49:16.123275+00:00,2023-10-29T00:00:00
NFL_CIN_00-0038597_2023W08_OUT_DNP,NFL,2023,8,2023_NFL_W08_CIN_SF,NFL_CIN,NFL_P_00-0038597,RB,,OUT,DNP,Hamstring,2023-10-28,nflverse,,2026-09-07T05:49:16.123275+00:00,2023-10-28T00:00:00
NFL_CIN_00-0036298_2023W08_OUT_DNP,NFL,2023,8,2023_NFL_W08_CIN_SF,NFL_CIN,NFL_P_00-0036298,LB,,OUT,DNP,Knee,2023-10-28,nflverse,,2026-09-07T05:49:16.123275+00:00,2023-10-28T00:00:00
NFL_CLE_00-0031426_2023W08_NA_DNP,NFL,2023,8,2023_NFL_W08_CLE_SEA,NFL_CLE,NFL_P_00-0031426,OL,,UNKNOWN,DNP,Not injury related - resting player,2023-10-28,nflverse,,2026-09-07T05:49:16.123275+00:00,2023-10-28T00:00:00
NFL_CLE_00-0031576_2023W08_NA_DNP,NFL,2023,8,2023_NFL_W08_CLE_SEA,NFL_CLE,NFL_P_00-0031576,EDGE,,UNKNOWN,DNP,Not injury related - resting player,2023-10-28,nflverse,,2026-09-07T05:49:16.123275+00:00,2023-10-28T00:00:00
NFL_CLE_00-0033923_2023W08_NA_LP,NFL,2023,8,2023_NFL_W08_CLE_SEA,NFL_CLE,NFL_P_00-0033923,RB,,UNKNOWN,LP,Thigh,2023-10-28,nflverse,,2026-09-07T05:49:16.123275+00:00,2023-10-28T00:00:00
NFL_CLE_00-0033885_2023W08_NA_LP,NFL,2023,8,2023_NFL_W08_CLE_SEA,NFL_CLE,NFL_P_00-0033885,TE,,UNKNOWN,LP,Knee,2023-10-28,nflverse,,2026-09-07T05:49:16.123275+00:00,2023-10-28T00:00:00
NFL_CLE_00-0033537_2023W08_OUT_DNP,NFL,2023,8,2023_NFL_W08_CLE_SEA,NFL_CLE,NFL_P_00-0033537,QB,,OUT,DNP,right Shoulder,2023-10-28,nflverse,,2026-09-07T05:49:16.123275+00:00,2023-10-28T00:00:00
NFL_CLE_00-0037267_2023W08_QUESTIONABLE_LP,NFL,2023,8,2023_NFL_W08_CLE_SEA,NFL_CLE,NFL_P_00-0037267,RB,,QUESTIONABLE,LP,Ankle,2023-10-28,nflverse,,2026-09-07T05:49:16.123275+00:00,2023-10-28T00:00:00
NFL_CLE_00-0030068_2023W08_QUESTIONABLE_LP,NFL,2023,8,2023_NFL_W08_CLE_SEA,NFL_CLE,NFL_P_00-0030068,WR,,QUESTIONABLE,LP,Back,2023-10-28,nflverse,,2026-09-07T05:49:16.123275+00:00,2023-10-28T00:00:00
NFL_CLE_00-0035646_2023W08_QUESTIONABLE_LP,NFL,2023,8,2023_NFL_W08_CLE_SEA,NFL_CLE,NFL_P_00-0035646,LB,,QUESTIONABLE,LP,Hamstring,2023-10-28,nflverse,,2026-09-07T05:49:16.123275+00:00,2023-10-28T00:00:00
NFL_CLE_00-0036267_2023W08_QUESTIONABLE_LP,NFL,2023,8,2023_NFL_W08_CLE_SEA,NFL_CLE,NFL_P_00-0036267,OL,,QUESTIONABLE,LP,Foot,2023-10-28,nflverse,,2026-09-07T05:49:16.123275+00:00,2023-10-28T00:00:00
NFL_DAL_00-0027947_2023W08_QUESTIONABLE_LP,NFL,2023,8,2023_NFL_W08_LAR_DAL,NFL_DAL,NFL_P_00-0027947,OL,,QUESTIONABLE,LP,Neck,2023-10-28,nflverse,,2026-09-07T05:49:16.123275+00:00,2023-10-28T00:00:00
NFL_DEN_00-0037382_2023W08_QUESTIONABLE_DNP,NFL,2023,8,2023_NFL_W08_KC_DEN,NFL_DEN,NFL_P_00-0037382,WR,,QUESTIONABLE,DNP,Hamstring,2023-10-28,nflverse,,2026-09-07T05:49:16.123275+00:00,2023-10-28T00:00:00
NFL_DET_00-0036258_2023W08_OUT_DNP,NFL,2023,8,2023_NFL_W08_LV_DET,NFL_DET,NFL_P_00-0036258,OL,,OUT,DNP,Ankle,2023-10-30,nflverse,,2026-09-07T05:49:16.123275+00:00,2023-10-30T00:00:00
NFL_DET_00-0035685_2023W08_OUT_DNP,NFL,2023,8,2023_NFL_W08_LV_DET,NFL_DET,NFL_P_00-0035685,RB,,OUT,DNP,Ribs,2023-10-30,nflverse,,2026-09-07T05:49:16.123275+00:00,2023-10-30T00:00:00
NFL_DET_00-0034345_2023W08_DOUBTFUL_DNP,NFL,2023,8,2023_NFL_W08_LV_DET,NFL_DET,NFL_P_00-0034345,OL,,DOUBTFUL,DNP,Toe,2023-10-30,nflverse,,2026-09-07T05:49:16.123275+00:00,2023-10-30T00:00:00
NFL_DET_00-0036963_2023W08_QUESTIONABLE_NA,NFL,2023,8,2023_NFL_W08_LV_DET,NFL_DET,NFL_P_00-0036963,WR,,QUESTIONABLE,,Illness,2023-10-30,nflverse,,2026-09-07T05:49:16.123275+00:00,2023-10-30T00:00:00
NFL_DET_00-0038096_2023W08_QUESTIONABLE_DNP,NFL,2023,8,2023_NFL_W08_LV_DET,NFL_DET,NFL_P_00-0038096,EDGE,,QUESTIONABLE,DNP,Knee,2023-10-30,nflverse,,2026-09-07T05:49:16.123275+00:00,2023-10-30T00:00:00
NFL_DET_00-0035841_2023W08_QUESTIONABLE_FP,NFL,2023,8,2023_NFL_W08_LV_DET,NFL_DET,NFL_P_00-0035841,DL,,QUESTIONABLE,FP,Ankle,2023-10-30,nflverse,,2026-09-07T05:49:16.123275+00:00,2023-10-30T00:00:00
NFL_DET_00-0037289_2023W08_QUESTIONABLE_LP,NFL,2023,8,2023_NFL_W08_LV_DET,NFL_DET,NFL_P_00-0037289,LB,,QUESTIONABLE,LP,Ankle,2023-10-30,nflverse,,2026-09-07T05:49:16.123275+00:00,2023-10-30T00:00:00
NFL_DET_00-0032785_2023W08_QUESTIONABLE_LP,NFL,2023,8,2023_NFL_W08_LV_DET,NFL_DET,NFL_P_00-0032785,OL,,QUESTIONABLE,LP,Back,2023-10-30,nflverse,,2026-09-07T05:49:16.123275+00:00,2023-10-30T00:00:00
NFL_GB_00-0035526_2023W08_NA_LP,NFL,2023,8,2023_NFL_W08_MIN_GB,NFL_GB,NFL_P_00-0035526,OL,,UNKNOWN,LP,Knee,2023-10-28,nflverse,,2026-09-07T05:49:16.123275+00:00,2023-10-28T00:00:00
NFL_GB_00-0033293_2023W08_NA_LP,NFL,2023,8,2023_NFL_W08_MIN_GB,NFL_GB,NFL_P_00-0033293,RB,,UNKNOWN,LP,Hamstring,2023-10-28,nflverse,,2026-09-07T05:49:16.123275+00:00,2023-10-28T00:00:00
NFL_GB_00-0035084_2023W08_NA_LP,NFL,2023,8,2023_NFL_W08_MIN_GB,NFL_GB,NFL_P_00-0035084,OL,,UNKNOWN,LP,Knee,2023-10-28,nflverse,,2026-09-07T05:49:16.123275+00:00,2023-10-28T00:00:00
NFL_GB_00-0036622_2023W08_QUESTIONABLE_FP,NFL,2023,8,2023_NFL_W08_MIN_GB,NFL_GB,NFL_P_00-0036622,OL,,QUESTIONABLE,FP,Ankle,2023-10-28,nflverse,,2026-09-07T05:49:16.123275+00:00,2023-10-28T00:00:00
NFL_GB_00-0034728_2023W08_QUESTIONABLE_LP,NFL,2023,8,2023_NFL_W08_MIN_GB,NFL_GB,NFL_P_00-0034728,CB,,QUESTIONABLE,LP,Back,2023-10-28,nflverse,,2026-09-07T05:49:16.123275+00:00,2023-10-28T00:00:00
NFL_GB_00-0032401_2023W08_QUESTIONABLE_LP,NFL,2023,8,2023_NFL_W08_MIN_GB,NFL_GB,NFL_P_00-0032401,LB,,QUESTIONABLE,LP,Ankle,2023-10-28,nflverse,,2026-09-07T05:49:16.123275+00:00,2023-10-28T00:00:00
NFL_GB_00-0039144_2023W08_QUESTIONABLE_LP,NFL,2023,8,2023_NFL_W08_MIN_GB,NFL_GB,NFL_P_00-0039144,TE,,QUESTIONABLE,LP,Ankle,2023-10-28,nflverse,,2026-09-07T05:49:16.123275+00:00,2023-10-28T00:00:00
NFL_HOU_00-0031298_2023W08_NA_LP,NFL,2023,8,2023_NFL_W08_HOU_CAR,NFL_HOU,NFL_P_00-0031298,S,,UNKNOWN,LP,Not injury related - resting player,2023-10-28,nflverse,,2026-09-07T05:49:16.123275+00:00,2023-10-28T00:00:00
NFL_HOU_00-0036556_2023W08_OUT_DNP,NFL,2023,8,2023_NFL_W08_HOU_CAR,NFL_HOU,NFL_P_00-0036556,TE,,OUT,DNP,Foot,2023-10-28,nflverse,,2026-09-07T05:49:16.123275+00:00,2023-10-28T00:00:00
NFL_HOU_00-0032759_2023W08_OUT_DNP,NFL,2023,8,2023_NFL_W08_HOU_CAR,NFL_HOU,NFL_P_00-0032759,DL,,OUT,DNP,Knee,2023-10-28,nflverse,,2026-09-07T05:49:16.123275+00:00,2023-10-28T00:00:00
NFL_HOU_00-0030431_2023W08_OUT_DNP,NFL,2023,8,2023_NFL_W08_HOU_CAR,NFL_HOU,NFL_P_00-0030431,WR,,OUT,DNP,Foot,2023-10-28,nflverse,,2026-09-07T05:49:16.123275+00:00,2023-10-28T00:00:00
NFL_HOU_00-0035234_2023W08_QUESTIONABLE_FP,NFL,2023,8,2023_NFL_W08_HOU_CAR,NFL_HOU,NFL_P_00-0035234,OL,,QUESTIONABLE,FP,Hand,2023-10-28,nflverse,,2026-09-07T05:49:16.123275+00:00,2023-10-28T00:00:00
NFL_HOU_00-0038618_2023W08_QUESTIONABLE_FP,NFL,2023,8,2023_NFL_W08_HOU_CAR,NFL_HOU,NFL_P_00-0038618,WR,,QUESTIONABLE,FP,Foot,2023-10-28,nflverse,,2026-09-07T05:49:16.123275+00:00,2023-10-28T00:00:00
NFL_HOU_00-0032402_2023W08_QUESTIONABLE_FP,NFL,2023,8,2023_NFL_W08_HOU_CAR,NFL_HOU,NFL_P_00-0032402,DL,,QUESTIONABLE,FP,Calf,2023-10-28,nflverse,,2026-09-07T05:49:16.123275+00:00,2023-10-28T00:00:00
NFL_IND_00-0032378_2023W08_NA_DNP,NFL,2023,8,2023_NFL_W08_NO_IND,NFL_IND,NFL_P_00-0032378,DL,,UNKNOWN,DNP,Not injury related - resting player,2023-10-28,nflverse,,2026-09-07T05:49:16.123275+00:00,2023-10-28T00:00:00
NFL_IND_00-0032383_2023W08_NA_DNP,NFL,2023,8,2023_NFL_W08_NO_IND,NFL_IND,NFL_P_00-0032383,OL,,UNKNOWN,DNP,Not injury related - resting player,2023-10-28,nflverse,,2026-09-07T05:49:16.123275+00:00,2023-10-28T00:00:00
NFL_IND_00-0039156_2023W08_OUT_DNP,NFL,2023,8,2023_NFL_W08_NO_IND,NFL_IND,NFL_P_00-0039156,CB,,OUT,DNP,Quadricep,2023-10-28,nflverse,,2026-09-07T05:49:16.123275+00:00,2023-10-28T00:00:00
NFL_IND_00-0034836_2023W08_OUT_DNP,NFL,2023,8,2023_NFL_W08_NO_IND,NFL_IND,NFL_P_00-0034836,OL,,OUT,DNP,Hip,2023-10-28,nflverse,,2026-09-07T05:49:16.123275+00:00,2023-10-28T00:00:00
NFL_IND_00-0036876_2023W08_OUT_LP,NFL,2023,8,2023_NFL_W08_NO_IND,NFL_IND,NFL_P_00-0036876,TE,,OUT,LP,Concussion,2023-10-28,nflverse,,2026-09-07T05:49:16.123275+00:00,2023-10-28T00:00:00
NFL_IND_00-0034540_2023W08_QUESTIONABLE_DNP,NFL,2023,8,2023_NFL_W08_NO_IND,NFL_IND,NFL_P_00-0034540,CB,,QUESTIONABLE,DNP,Ribs,2023-10-28,nflverse,,2026-09-07T05:49:16.123275+00:00,2023-10-28T00:00:00
NFL_IND_00-0036251_2023W08_QUESTIONABLE_DNP,NFL,2023,8,2023_NFL_W08_NO_IND,NFL_IND,NFL_P_00-0036251,RB,,QUESTIONABLE,DNP,Elbow,2023-10-28,nflverse,,2026-09-07T05:49:16.123275+00:00,2023-10-28T00:00:00
NFL_IND_00-0037269_2023W08_QUESTIONABLE_FP,NFL,2023,8,2023_NFL_W08_NO_IND,NFL_IND,NFL_P_00-0037269,DL,,QUESTIONABLE,FP,Ankle,2023-10-28,nflverse,,2026-09-07T05:49:16.123275+00:00,2023-10-28T00:00:00
NFL_JAX_00-0033891_2023W08_OUT_DNP,NFL,2023,8,2023_NFL_W08_JAX_PIT,NFL_JAX,NFL_P_00-0033891,WR,,OUT,DNP,Knee,2023-10-28,nflverse,,2026-09-07T05:49:16.123275+00:00,2023-10-28T00:00:00
NFL_JAX_00-0037296_2023W08_OUT_FP,NFL,2023,8,2023_NFL_W08_JAX_PIT,NFL_JAX,NFL_P_00-0037296,CB,,OUT,FP,Hamstring,2023-10-28,nflverse,,2026-09-07T05:49:16.123275+00:00,2023-10-28T00:00:00
NFL_JAX_00-0036974_2023W08_QUESTIONABLE_LP,NFL,2023,8,2023_NFL_W08_JAX_PIT,NFL_JAX,NFL_P_00-0036974,CB,,QUESTIONABLE,LP,Hamstring,2023-10-28,nflverse,,2026-09-07T05:49:16.123275+00:00,2023-10-28T00:00:00
NFL_JAX_00-0036941_2023W08_QUESTIONABLE_LP,NFL,2023,8,2023_NFL_W08_JAX_PIT,NFL_JAX,NFL_P_00-0036941,S,,QUESTIONABLE,LP,Hamstring,2023-10-28,nflverse,,2026-09-07T05:49:16.123275+00:00,2023-10-28T00:00:00
NFL_JAX_00-0036971_2023W08_QUESTIONABLE_LP,NFL,2023,8,2023_NFL_W08_JAX_PIT,NFL_JAX,NFL_P_00-0036971,QB,,QUESTIONABLE,LP,Knee,2023-10-28,nflverse,,2026-09-07T05:49:16.123275+00:00,2023-10-28T00:00:00
NFL_JAX_00-0036975_2023W08_QUESTIONABLE_LP,NFL,2023,8,2023_NFL_W08_JAX_PIT,NFL_JAX,NFL_P_00-0036975,OL,,QUESTIONABLE,LP,Knee,2023-10-28,nflverse,,2026-09-07T05:49:16.123275+00:00,2023-10-28T00:00:00
NFL_JAX_00-0032053_2023W08_QUESTIONABLE_LP,NFL,2023,8,2023_NFL_W08_JAX_PIT,NFL_JAX,NFL_P_00-0032053,OL,,QUESTIONABLE,LP,Ankle,2023-10-28,nflverse,,2026-09-07T05:49:16.123275+00:00,2023-10-28T00:00:00
NFL_KC_00-0036621_2023W08_OUT_DNP,NFL,2023,8,2023_NFL_W08_KC_DEN,NFL_KC,NFL_P_00-0036621,LB,,OUT,DNP,Wrist,2023-10-28,nflverse,,2026-09-07T05:49:16.123275+00:00,2023-10-28T00:00:00
NFL_LAR_00-0034804_2023W08_NA_DNP,NFL,2023,8,2023_NFL_W08_LAR_DAL,NFL_LAR,NFL_P_00-0034804,OL,,UNKNOWN,DNP,Not injury related - resting player,2023-10-28,nflverse,,2026-09-07T05:49:16.123275+00:00,2023-10-28T00:00:00
NFL_LAR_00-0031388_2023W08_NA_DNP,NFL,2023,8,2023_NFL_W08_LAR_DAL,NFL_LAR,NFL_P_00-0031388,DL,,UNKNOWN,DNP,Not injury related - resting player,2023-10-28,nflverse,,2026-09-07T05:49:16.123275+00:00,2023-10-28T00:00:00
NFL_LAR_00-0037004_2023W08_OUT_FP,NFL,2023,8,2023_NFL_W08_LAR_DAL,NFL_LAR,NFL_P_00-0037004,TE,,OUT,FP,Hamstring,2023-10-28,nflverse,,2026-09-07T05:49:16.123275+00:00,2023-10-28T00:00:00
NFL_LAR_00-0032242_2023W08_QUESTIONABLE_DNP,NFL,2023,8,2023_NFL_W08_LAR_DAL,NFL_LAR,NFL_P_00-0032242,OL,,QUESTIONABLE,DNP,Calf,2023-10-28,nflverse,,2026-09-07T05:49:16.123275+00:00,2023-10-28T00:00:00
NFL_LAR_00-0036994_2023W08_QUESTIONABLE_LP,NFL,2023,8,2023_NFL_W08_LAR_DAL,NFL_LAR,NFL_P_00-0036994,LB,,QUESTIONABLE,LP,Knee,2023-10-28,nflverse,,2026-09-07T05:49:16.123275+00:00,2023-10-28T00:00:00
NFL_LAR_00-0036862_2023W08_QUESTIONABLE_LP,NFL,2023,8,2023_NFL_W08_LAR_DAL,NFL_LAR,NFL_P_00-0036862,WR,,QUESTIONABLE,LP,Achilles,2023-10-28,nflverse,,2026-09-07T05:49:16.123275+00:00,2023-10-28T00:00:00
NFL_LAC_00-0031040_2023W08_NA_DNP,NFL,2023,8,2023_NFL_W08_CHI_LAC,NFL_LAC,NFL_P_00-0031040,EDGE,,UNKNOWN,DNP,Not injury related - resting player,2023-10-29,nflverse,,2026-09-07T05:49:16.123275+00:00,2023-10-29T00:00:00
NFL_LAC_00-0030279_2023W08_NA_LP,NFL,2023,8,2023_NFL_W08_CHI_LAC,NFL_LAC,NFL_P_00-0030279,WR,,UNKNOWN,LP,Back,2023-10-29,nflverse,,2026-09-07T05:49:16.123275+00:00,2023-10-29T00:00:00
NFL_LAC_00-0033895_2023W08_QUESTIONABLE_FP,NFL,2023,8,2023_NFL_W08_CHI_LAC,NFL_LAC,NFL_P_00-0033895,TE,,QUESTIONABLE,FP,Hip,2023-10-29,nflverse,,2026-09-07T05:49:16.123275+00:00,2023-10-29T00:00:00
NFL_LAC_00-0036380_2023W08_QUESTIONABLE_FP,NFL,2023,8,2023_NFL_W08_CHI_LAC,NFL_LAC,NFL_P_00-0036380,S,,QUESTIONABLE,FP,Heel,2023-10-29,nflverse,,2026-09-07T05:49:16.123275+00:00,2023-10-29T00:00:00
NFL_LAC_00-0035414_2023W08_QUESTIONABLE_FP,NFL,2023,8,2023_NFL_W08_CHI_LAC,NFL_LAC,NFL_P_00-0035414,WR,,QUESTIONABLE,FP,Knee,2023-10-29,nflverse,,2026-09-07T05:49:16.123275+00:00,2023-10-29T00:00:00
NFL_LAC_00-0037270_2023W08_QUESTIONABLE_FP,NFL,2023,8,2023_NFL_W08_CHI_LAC,NFL_LAC,NFL_P_00-0037270,DL,,QUESTIONABLE,FP,Knee,2023-10-29,nflverse,,2026-09-07T05:49:16.123275+00:00,2023-10-29T00:00:00
NFL_LAC_00-0037320_2023W08_QUESTIONABLE_LP,NFL,2023,8,2023_NFL_W08_CHI_LAC,NFL_LAC,NFL_P_00-0037320,CB,,QUESTIONABLE,LP,Hamstring,2023-10-29,nflverse,,2026-09-07T05:49:16.123275+00:00,2023-10-29T00:00:00
NFL_LAC_00-0036988_2023W08_QUESTIONABLE_LP,NFL,2023,8,2023_NFL_W08_CHI_LAC,NFL_LAC,NFL_P_00-0036988,WR,,QUESTIONABLE,LP,Knee,2023-10-29,nflverse,,2026-09-07T05:49:16.123275+00:00,2023-10-29T00:00:00
NFL_LV_00-0034973_2023W08_NA_LP,NFL,2023,8,2023_NFL_W08_LV_DET,NFL_LV,NFL_P_00-0034973,EDGE,,UNKNOWN,LP,Knee,2023-10-30,nflverse,,2026-09-07T05:49:16.123275+00:00,2023-10-30T00:00:00
NFL_LV_00-0032165_2023W08_NA_LP,NFL,2023,8,2023_NFL_W08_LV_DET,NFL_LV,NFL_P_00-0032165,CB,,UNKNOWN,LP,Back,2023-10-30,nflverse,,2026-09-07T05:49:16.123275+00:00,2023-10-30T00:00:00
NFL_LV_00-0036990_2023W08_OUT_DNP,NFL,2023,8,2023_NFL_W08_LV_DET,NFL_LV,NFL_P_00-0036990,LB,,OUT,DNP,Ankle,2023-10-30,nflverse,,2026-09-07T05:49:16.123275+00:00,2023-10-30T00:00:00
NFL_LV_00-0035076_2023W08_QUESTIONABLE_LP,NFL,2023,8,2023_NFL_W08_LV_DET,NFL_LV,NFL_P_00-0035076,LB,,QUESTIONABLE,LP,Knee,2023-10-30,nflverse,,2026-09-07T05:49:16.123275+00:00,2023-10-30T00:00:00
NFL_LV_00-0034161_2023W08_QUESTIONABLE_LP,NFL,2023,8,2023_NFL_W08_LV_DET,NFL_LV,NFL_P_00-0034161,K,,QUESTIONABLE,LP,right Groin,2023-10-30,nflverse,,2026-09-07T05:49:16.123275+00:00,2023-10-30T00:00:00
NFL_LV_00-0036871_2023W08_QUESTIONABLE_LP,NFL,2023,8,2023_NFL_W08_LV_DET,NFL_LV,NFL_P_00-0036871,CB,,QUESTIONABLE,LP,Ankle,2023-10-30,nflverse,,2026-09-07T05:49:16.123275+00:00,2023-10-30T00:00:00
NFL_MIA_00-0034419_2023W08_NA_DNP,NFL,2023,8,2023_NFL_W08_NE_MIA,NFL_MIA,NFL_P_00-0034419,WR,,UNKNOWN,DNP,Not injury related - personal matter,2023-10-28,nflverse,,2026-09-07T05:49:16.123275+00:00,2023-10-28T00:00:00
NFL_MIA_00-0036596_2023W08_NA_DNP,NFL,2023,8,2023_NFL_W08_NE_MIA,NFL_MIA,NFL_P_00-0036596,OL,,UNKNOWN,DNP,Not injury related - personal matter,2023-10-28,nflverse,,2026-09-07T05:49:16.123275+00:00,2023-10-28T00:00:00
NFL_MIA_00-0033040_2023W08_NA_LP,NFL,2023,8,2023_NFL_W08_NE_MIA,NFL_MIA,NFL_P_00-0033040,WR,,UNKNOWN,LP,Hip,2023-10-28,nflverse,,2026-09-07T05:49:16.123275+00:00,2023-10-28T00:00:00
NFL_MIA_00-0037353_2023W08_NA_LP,NFL,2023,8,2023_NFL_W08_NE_MIA,NFL_MIA,NFL_P_00-0037353,CB,,UNKNOWN,LP,Neck,2023-10-28,nflverse,,2026-09-07T05:49:16.123275+00:00,2023-10-28T00:00:00
NFL_MIA_00-0036613_2023W08_NA_LP,NFL,2023,8,2023_NFL_W08_NE_MIA,NFL_MIA,NFL_P_00-0036613,WR,,UNKNOWN,LP,Back,2023-10-28,nflverse,,2026-09-07T05:49:16.123275+00:00,2023-10-28T00:00:00
NFL_MIA_00-0034054_2023W08_QUESTIONABLE_LP,NFL,2023,8,2023_NFL_W08_NE_MIA,NFL_MIA,NFL_P_00-0034054,WR,,QUESTIONABLE,LP,Shoulder,2023-10-28,nflverse,,2026-09-07T05:49:16.123275+00:00,2023-10-28T00:00:00
NFL_MIA_00-0036998_2023W08_QUESTIONABLE_LP,NFL,2023,8,2023_NFL_W08_NE_MIA,NFL_MIA,NFL_P_00-0036998,S,,QUESTIONABLE,LP,Concussion,2023-10-28,nflverse,,2026-09-07T05:49:16.123275+00:00,2023-10-28T00:00:00
NFL_MIA_00-0033050_2023W08_QUESTIONABLE_LP,NFL,2023,8,2023_NFL_W08_NE_MIA,NFL_MIA,NFL_P_00-0033050,CB,,QUESTIONABLE,LP,Groin,2023-10-28,nflverse,,2026-09-07T05:49:16.123275+00:00,2023-10-28T00:00:00
NFL_MIA_00-0035125_2023W08_QUESTIONABLE_LP,NFL,2023,8,2023_NFL_W08_NE_MIA,NFL_MIA,NFL_P_00-0035125,RB,,QUESTIONABLE,LP,Foot,2023-10-28,nflverse,,2026-09-07T05:49:16.123275+00:00,2023-10-28T00:00:00
NFL_MIA_00-0031687_2023W08_QUESTIONABLE_LP,NFL,2023,8,2023_NFL_W08_NE_MIA,NFL_MIA,NFL_P_00-0031687,RB,,QUESTIONABLE,LP,Ankle,2023-10-28,nflverse,,2026-09-07T05:49:16.123275+00:00,2023-10-28T00:00:00
NFL_MIA_00-0035346_2023W08_QUESTIONABLE_LP,NFL,2023,8,2023_NFL_W08_NE_MIA,NFL_MIA,NFL_P_00-0035346,CB,,QUESTIONABLE,LP,Achilles,2023-10-28,nflverse,,2026-09-07T05:49:16.123275+00:00,2023-10-28T00:00:00
NFL_MIA_00-0033055_2023W08_QUESTIONABLE_LP,NFL,2023,8,2023_NFL_W08_NE_MIA,NFL_MIA,NFL_P_00-0033055,CB,,QUESTIONABLE,LP,Knee,2023-10-28,nflverse,,2026-09-07T05:49:16.123275+00:00,2023-10-28T00:00:00
NFL_MIA_00-0039133_2023W08_QUESTIONABLE_LP,NFL,2023,8,2023_NFL_W08_NE_MIA,NFL_MIA,NFL_P_00-0039133,CB,,QUESTIONABLE,LP,Foot,2023-10-28,nflverse,,2026-09-07T05:49:16.123275+00:00,2023-10-28T00:00:00
NFL_MIA_00-0034352_2023W08_QUESTIONABLE_LP,NFL,2023,8,2023_NFL_W08_NE_MIA,NFL_MIA,NFL_P_00-0034352,OL,,QUESTIONABLE,LP,Groin,2023-10-28,nflverse,,2026-09-07T05:49:16.123275+00:00,2023-10-28T00:00:00
NFL_MIN_00-0036842_2023W08_OUT_NA,NFL,2023,8,2023_NFL_W08_MIN_GB,NFL_MIN,NFL_P_00-0036842,RB,,OUT,,Illness,2023-10-28,nflverse,,2026-09-07T05:49:16.123275+00:00,2023-10-28T00:00:00
NFL_MIN_00-0037822_2023W08_OUT_DNP,NFL,2023,8,2023_NFL_W08_MIN_GB,NFL_MIN,NFL_P_00-0037822,LB,,OUT,DNP,Ankle,2023-10-28,nflverse,,2026-09-07T05:49:16.123275+00:00,2023-10-28T00:00:00
NFL_MIN_00-0036327_2023W08_QUESTIONABLE_LP,NFL,2023,8,2023_NFL_W08_MIN_GB,NFL_MIN,NFL_P_00-0036327,OL,,QUESTIONABLE,LP,Foot,2023-10-28,nflverse,,2026-09-07T05:49:16.123275+00:00,2023-10-28T00:00:00
NFL_MIN_00-0037291_2023W08_QUESTIONABLE_LP,NFL,2023,8,2023_NFL_W08_MIN_GB,NFL_MIN,NFL_P_00-0037291,WR,,QUESTIONABLE,LP,Hamstring,2023-10-28,nflverse,,2026-09-07T05:49:16.123275+00:00,2023-10-28T00:00:00
NFL_NE_00-0034957_2023W08_OUT_DNP,NFL,2023,8,2023_NFL_W08_NE_MIA,NFL_NE,NFL_P_00-0034957,OL,,OUT,DNP,Illness,2023-10-28,nflverse,,2026-09-07T05:49:16.123275+00:00,2023-10-28T00:00:00
NFL_NE_00-0036981_2023W08_QUESTIONABLE_LP,NFL,2023,8,2023_NFL_W08_NE_MIA,NFL_NE,NFL_P_00-0036981,DL,,QUESTIONABLE,LP,Knee,2023-10-28,nflverse,,2026-09-07T05:49:16.123275+00:00,2023-10-28T00:00:00
NFL_NE_00-0032071_2023W08_QUESTIONABLE_LP,NFL,2023,8,2023_NFL_W08_NE_MIA,NFL_NE,NFL_P_00-0032071,OL,,QUESTIONABLE,LP,Ankle,2023-10-28,nflverse,,2026-09-07T05:49:16.123275+00:00,2023-10-28T00:00:00
NFL_NE_00-0032580_2023W08_QUESTIONABLE_LP,NFL,2023,8,2023_NFL_W08_NE_MIA,NFL_NE,NFL_P_00-0032580,CB,,QUESTIONABLE,LP,Knee,2023-10-28,nflverse,,2026-09-07T05:49:16.123275+00:00,2023-10-28T00:00:00
NFL_NE_00-0037287_2023W08_QUESTIONABLE_LP,NFL,2023,8,2023_NFL_W08_NE_MIA,NFL_NE,NFL_P_00-0037287,OL,,QUESTIONABLE,LP,Ankle,2023-10-28,nflverse,,2026-09-07T05:49:16.123275+00:00,2023-10-28T00:00:00
NFL_NE_00-0036159_2023W08_QUESTIONABLE_LP,NFL,2023,8,2023_NFL_W08_NE_MIA,NFL_NE,NFL_P_00-0036159,LB,,QUESTIONABLE,LP,Ankle,2023-10-28,nflverse,,2026-09-07T05:49:16.123275+00:00,2023-10-28T00:00:00
NFL_NE_00-0036559_2023W08_QUESTIONABLE_LP,NFL,2023,8,2023_NFL_W08_NE_MIA,NFL_NE,NFL_P_00-0036559,CB,,QUESTIONABLE,LP,Shoulder,2023-10-28,nflverse,,2026-09-07T05:49:16.123275+00:00,2023-10-28T00:00:00
NFL_NE_00-0039148_2023W08_QUESTIONABLE_LP,NFL,2023,8,2023_NFL_W08_NE_MIA,NFL_NE,NFL_P_00-0039148,EDGE,,QUESTIONABLE,LP,Concussion,2023-10-28,nflverse,,2026-09-07T05:49:16.123275+00:00,2023-10-28T00:00:00
NFL_NE_00-0033947_2023W08_QUESTIONABLE_LP,NFL,2023,8,2023_NFL_W08_NE_MIA,NFL_NE,NFL_P_00-0033947,EDGE,,QUESTIONABLE,LP,Shoulder,2023-10-28,nflverse,,2026-09-07T05:49:16.123275+00:00,2023-10-28T00:00:00
NFL_NO_00-0030694_2023W08_OUT_DNP,NFL,2023,8,2023_NFL_W08_NO_IND,NFL_NO,NFL_P_00-0030694,OL,,OUT,DNP,Ankle,2023-10-28,nflverse,,2026-09-07T05:49:16.123275+00:00,2023-10-28T00:00:00
NFL_NO_00-0032765_2023W08_QUESTIONABLE_NA,NFL,2023,8,2023_NFL_W08_NO_IND,NFL_NO,NFL_P_00-0032765,WR,,QUESTIONABLE,,Illness,2023-10-28,nflverse,,2026-09-07T05:49:16.123275+00:00,2023-10-28T00:00:00
NFL_NO_00-0033892_2023W08_QUESTIONABLE_DNP,NFL,2023,8,2023_NFL_W08_NO_IND,NFL_NO,NFL_P_00-0033892,S,,QUESTIONABLE,DNP,Illness,2023-10-28,nflverse,,2026-09-07T05:49:16.123275+00:00,2023-10-28T00:00:00
NFL_NO_00-0036040_2023W08_QUESTIONABLE_FP,NFL,2023,8,2023_NFL_W08_NO_IND,NFL_NO,NFL_P_00-0036040,TE,,QUESTIONABLE,FP,Calf,2023-10-28,nflverse,,2026-09-07T05:49:16.123275+00:00,2023-10-28T00:00:00
NFL_NO_00-0030459_2023W08_QUESTIONABLE_FP,NFL,2023,8,2023_NFL_W08_NO_IND,NFL_NO,NFL_P_00-0030459,S,,QUESTIONABLE,FP,Foot,2023-10-28,nflverse,,2026-09-07T05:49:16.123275+00:00,2023-10-28T00:00:00
NFL_NO_00-0029607_2023W08_QUESTIONABLE_LP,NFL,2023,8,2023_NFL_W08_NO_IND,NFL_NO,NFL_P_00-0029607,LB,,QUESTIONABLE,LP,Knee,2023-10-28,nflverse,,2026-09-07T05:49:16.123275+00:00,2023-10-28T00:00:00
NFL_NO_00-0032132_2023W08_QUESTIONABLE_LP,NFL,2023,8,2023_NFL_W08_NO_IND,NFL_NO,NFL_P_00-0032132,OL,,QUESTIONABLE,LP,Illness,2023-10-28,nflverse,,2026-09-07T05:49:16.123275+00:00,2023-10-28T00:00:00
NFL_NO_00-0027696_2023W08_QUESTIONABLE_LP,NFL,2023,8,2023_NFL_W08_NO_IND,NFL_NO,NFL_P_00-0027696,TE,,QUESTIONABLE,LP,Illness,2023-10-28,nflverse,,2026-09-07T05:49:16.123275+00:00,2023-10-28T00:00:00
NFL_NO_00-0034116_2023W08_QUESTIONABLE_LP,NFL,2023,8,2023_NFL_W08_NO_IND,NFL_NO,NFL_P_00-0034116,S,,QUESTIONABLE,LP,Hamstring,2023-10-28,nflverse,,2026-09-07T05:49:16.123275+00:00,2023-10-28T00:00:00
NFL_NO_00-0033357_2023W08_QUESTIONABLE_LP,NFL,2023,8,2023_NFL_W08_NO_IND,NFL_NO,NFL_P_00-0033357,QB,,QUESTIONABLE,LP,Chest,2023-10-28,nflverse,,2026-09-07T05:49:16.123275+00:00,2023-10-28T00:00:00
NFL_NO_00-0032203_2023W08_QUESTIONABLE_LP,NFL,2023,8,2023_NFL_W08_NO_IND,NFL_NO,NFL_P_00-0032203,OL,,QUESTIONABLE,LP,Ankle,2023-10-28,nflverse,,2026-09-07T05:49:16.123275+00:00,2023-10-28T00:00:00
NFL_NO_00-0038121_2023W08_QUESTIONABLE_LP,NFL,2023,8,2023_NFL_W08_NO_IND,NFL_NO,NFL_P_00-0038121,CB,,QUESTIONABLE,LP,Hip,2023-10-28,nflverse,,2026-09-07T05:49:16.123275+00:00,2023-10-28T00:00:00
NFL_NYG_00-0038117_2023W08_NA_LP,NFL,2023,8,2023_NFL_W08_NYJ_NYG,NFL_NYG,NFL_P_00-0038117,WR,,UNKNOWN,LP,Knee,2023-10-28,nflverse,,2026-09-07T05:49:16.123275+00:00,2023-10-28T00:00:00
NFL_NYG_00-0036569_2023W08_OUT_DNP,NFL,2023,8,2023_NFL_W08_NYJ_NYG,NFL_NYG,NFL_P_00-0036569,RB,,OUT,DNP,Hamstring,2023-10-28,nflverse,,2026-09-07T05:49:16.123275+00:00,2023-10-28T00:00:00
NFL_NYG_00-0035710_2023W08_OUT_LP,NFL,2023,8,2023_NFL_W08_NYJ_NYG,NFL_NYG,NFL_P_00-0035710,QB,,OUT,LP,Neck,2023-10-28,nflverse,,2026-09-07T05:49:16.123275+00:00,2023-10-28T00:00:00
NFL_NYG_00-0036386_2023W08_DOUBTFUL_LP,NFL,2023,8,2023_NFL_W08_NYJ_NYG,NFL_NYG,NFL_P_00-0036386,OL,,DOUBTFUL,LP,Hamstring,2023-10-28,nflverse,,2026-09-07T05:49:16.123275+00:00,2023-10-28T00:00:00
NFL_NYG_00-0033878_2023W08_QUESTIONABLE_LP,NFL,2023,8,2023_NFL_W08_NYJ_NYG,NFL_NYG,NFL_P_00-0033878,CB,,QUESTIONABLE,LP,Neck,2023-10-28,nflverse,,2026-09-07T05:49:16.123275+00:00,2023-10-28T00:00:00
NFL_NYG_00-0037612_2023W08_QUESTIONABLE_LP,NFL,2023,8,2023_NFL_W08_NYJ_NYG,NFL_NYG,NFL_P_00-0037612,OL,,QUESTIONABLE,LP,Ankle,2023-10-28,nflverse,,2026-09-07T05:49:16.123275+00:00,2023-10-28T00:00:00
NFL_NYG_00-0039019_2023W08_QUESTIONABLE_LP,NFL,2023,8,2023_NFL_W08_NYJ_NYG,NFL_NYG,NFL_P_00-0039019,OL,,QUESTIONABLE,LP,Shoulder,2023-10-28,nflverse,,2026-09-07T05:49:16.123275+00:00,2023-10-28T00:00:00
NFL_NYG_00-0037611_2023W08_QUESTIONABLE_LP,NFL,2023,8,2023_NFL_W08_NYJ_NYG,NFL_NYG,NFL_P_00-0037611,LB,,QUESTIONABLE,LP,Knee,2023-10-28,nflverse,,2026-09-07T05:49:16.123275+00:00,2023-10-28T00:00:00
NFL_NYG_00-0031610_2023W08_QUESTIONABLE_LP,NFL,2023,8,2023_NFL_W08_NYJ_NYG,NFL_NYG,NFL_P_00-0031610,TE,,QUESTIONABLE,LP,Hamstring,2023-10-28,nflverse,,2026-09-07T05:49:16.123275+00:00,2023-10-28T00:00:00
NFL_NYJ_00-0039145_2023W08_OUT_DNP,NFL,2023,8,2023_NFL_W08_NYJ_NYG,NFL_NYJ,NFL_P_00-0039145,OL,,OUT,DNP,Quadricep,2023-10-28,nflverse,,2026-09-07T05:49:16.123275+00:00,2023-10-28T00:00:00
NFL_NYJ_00-0037156_2023W08_DOUBTFUL_DNP,NFL,2023,8,2023_NFL_W08_NYJ_NYG,NFL_NYJ,NFL_P_00-0037156,WR,,DOUBTFUL,DNP,Shoulder,2023-10-28,nflverse,,2026-09-07T05:49:16.123275+00:00,2023-10-28T00:00:00
NFL_NYJ_00-0036501_2023W08_QUESTIONABLE_FP,NFL,2023,8,2023_NFL_W08_NYJ_NYG,NFL_NYJ,NFL_P_00-0036501,CB,,QUESTIONABLE,FP,Hamstring,2023-10-28,nflverse,,2026-09-07T05:49:16.123275+00:00,2023-10-28T00:00:00
NFL_NYJ_00-0039142_2023W08_QUESTIONABLE_FP,NFL,2023,8,2023_NFL_W08_NYJ_NYG,NFL_NYJ,NFL_P_00-0039142,EDGE,,QUESTIONABLE,FP,Back,2023-10-28,nflverse,,2026-09-07T05:49:16.123275+00:00,2023-10-28T00:00:00
NFL_NYJ_00-0028002_2023W08_QUESTIONABLE_LP,NFL,2023,8,2023_NFL_W08_NYJ_NYG,NFL_NYJ,NFL_P_00-0028002,WR,,QUESTIONABLE,LP,Shoulder,2023-10-28,nflverse,,2026-09-07T05:49:16.123275+00:00,2023-10-28T00:00:00
NFL_PHI_00-0032890_2023W08_NA_LP,NFL,2023,8,2023_NFL_W08_PHI_WAS,NFL_PHI,NFL_P_00-0032890,CB,,UNKNOWN,LP,Ankle,2023-10-28,nflverse,,2026-09-07T05:49:16.123275+00:00,2023-10-28T00:00:00
NFL_PHI_00-0033547_2023W08_NA_LP,NFL,2023,8,2023_NFL_W08_PHI_WAS,NFL_PHI,NFL_P_00-0033547,LB,,UNKNOWN,LP,Ankle,2023-10-28,nflverse,,2026-09-07T05:49:16.123275+00:00,2023-10-28T00:00:00
NFL_PHI_00-0031372_2023W08_OUT_DNP,NFL,2023,8,2023_NFL_W08_PHI_WAS,NFL_PHI,NFL_P_00-0031372,CB,,OUT,DNP,Shoulder,2023-10-28,nflverse,,2026-09-07T05:49:16.123275+00:00,2023-10-28T00:00:00
NFL_PHI_00-0037073_2023W08_QUESTIONABLE_DNP,NFL,2023,8,2023_NFL_W08_PHI_WAS,NFL_PHI,NFL_P_00-0037073,DL,,QUESTIONABLE,DNP,Hamstring,2023-10-28,nflverse,,2026-09-07T05:49:16.123275+00:00,2023-10-28T00:00:00
NFL_PIT_00-0032954_2023W08_NA_DNP,NFL,2023,8,2023_NFL_W08_JAX_PIT,NFL_PIT,NFL_P_00-0032954,OL,,UNKNOWN,DNP,Not injury related - resting player,2023-10-28,nflverse,,2026-09-07T05:49:16.123275+00:00,2023-10-28T00:00:00
NFL_PIT_00-0027943_2023W08_NA_LP,NFL,2023,8,2023_NFL_W08_JAX_PIT,NFL_PIT,NFL_P_00-0027943,CB,,UNKNOWN,LP,Not injury related - resting player,2023-10-28,nflverse,,2026-09-07T05:49:16.123275+00:00,2023-10-28T00:00:00
NFL_PIT_00-0033886_2023W08_NA_LP,NFL,2023,8,2023_NFL_W08_JAX_PIT,NFL_PIT,NFL_P_00-0033886,LB,,UNKNOWN,LP,Heel,2023-10-28,nflverse,,2026-09-07T05:49:16.123275+00:00,2023-10-28T00:00:00
NFL_PIT_00-0035795_2023W08_QUESTIONABLE_DNP,NFL,2023,8,2023_NFL_W08_JAX_PIT,NFL_PIT,NFL_P_00-0035795,CB,,QUESTIONABLE,DNP,Ankle,2023-10-28,nflverse,,2026-09-07T05:49:16.123275+00:00,2023-10-28T00:00:00
NFL_PIT_00-0039167_2023W08_QUESTIONABLE_LP,NFL,2023,8,2023_NFL_W08_JAX_PIT,NFL_PIT,NFL_P_00-0039167,CB,,QUESTIONABLE,LP,Calf,2023-10-28,nflverse,,2026-09-07T05:49:16.123275+00:00,2023-10-28T00:00:00
NFL_PIT_00-0034514_2023W08_QUESTIONABLE_LP,NFL,2023,8,2023_NFL_W08_JAX_PIT,NFL_PIT,NFL_P_00-0034514,CB,,QUESTIONABLE,LP,Foot,2023-10-28,nflverse,,2026-09-07T05:49:16.123275+00:00,2023-10-28T00:00:00
NFL_SEA_00-0035678_2023W08_NA_DNP,NFL,2023,8,2023_NFL_W08_CLE_SEA,NFL_SEA,NFL_P_00-0035678,EDGE,,UNKNOWN,DNP,Not injury related - resting player,2023-10-28,nflverse,,2026-09-07T05:49:16.123275+00:00,2023-10-28T00:00:00
NFL_SEA_00-0034350_2023W08_NA_DNP,NFL,2023,8,2023_NFL_W08_CLE_SEA,NFL_SEA,NFL_P_00-0034350,LB,,UNKNOWN,DNP,Pectoral,2023-10-28,nflverse,,2026-09-07T05:49:16.123275+00:00,2023-10-28T00:00:00
NFL_SEA_00-0032387_2023W08_NA_DNP,NFL,2023,8,2023_NFL_W08_CLE_SEA,NFL_SEA,NFL_P_00-0032387,DL,,UNKNOWN,DNP,Not injury related - resting player,2023-10-28,nflverse,,2026-09-07T05:49:16.123275+00:00,2023-10-28T00:00:00
NFL_SEA_00-0036767_2023W08_OUT_FP,NFL,2023,8,2023_NFL_W08_CLE_SEA,NFL_SEA,NFL_P_00-0036767,DL,,OUT,FP,Knee,2023-10-28,nflverse,,2026-09-07T05:49:16.123275+00:00,2023-10-28T00:00:00
NFL_SEA_00-0038636_2023W08_OUT_FP,NFL,2023,8,2023_NFL_W08_CLE_SEA,NFL_SEA,NFL_P_00-0038636,RB,,OUT,FP,Knee,2023-10-28,nflverse,,2026-09-07T05:49:16.123275+00:00,2023-10-28T00:00:00
NFL_SEA_00-0035141_2023W08_DOUBTFUL_DNP,NFL,2023,8,2023_NFL_W08_CLE_SEA,NFL_SEA,NFL_P_00-0035141,OL,,DOUBTFUL,DNP,Calf,2023-10-28,nflverse,,2026-09-07T05:49:16.123275+00:00,2023-10-28T00:00:00
NFL_SEA_00-0033872_2023W08_QUESTIONABLE_FP,NFL,2023,8,2023_NFL_W08_CLE_SEA,NFL_SEA,NFL_P_00-0033872,S,,QUESTIONABLE,FP,Knee,2023-10-28,nflverse,,2026-09-07T05:49:16.123275+00:00,2023-10-28T00:00:00
NFL_SEA_00-0032211_2023W08_QUESTIONABLE_FP,NFL,2023,8,2023_NFL_W08_CLE_SEA,NFL_SEA,NFL_P_00-0032211,WR,,QUESTIONABLE,FP,Hamstring,2023-10-28,nflverse,,2026-09-07T05:49:16.123275+00:00,2023-10-28T00:00:00
NFL_SF_00-0034982_2023W08_NA_DNP,NFL,2023,8,2023_NFL_W08_CIN_SF,NFL_SF,NFL_P_00-0034982,LB,,UNKNOWN,DNP,Not injury related - resting player,2023-10-28,nflverse,,2026-09-07T05:49:16.123275+00:00,2023-10-28T00:00:00
NFL_SF_00-0035719_2023W08_OUT_DNP,NFL,2023,8,2023_NFL_W08_CIN_SF,NFL_SF,NFL_P_00-0035719,WR,,OUT,DNP,Shoulder,2023-10-28,nflverse,,2026-09-07T05:49:16.123275+00:00,2023-10-28T00:00:00
NFL_SF_00-0027857_2023W08_QUESTIONABLE_DNP,NFL,2023,8,2023_NFL_W08_CIN_SF,NFL_SF,NFL_P_00-0027857,OL,,QUESTIONABLE,DNP,Ankle,2023-10-28,nflverse,,2026-09-07T05:49:16.123275+00:00,2023-10-28T00:00:00
NFL_SF_00-0037834_2023W08_QUESTIONABLE_FP,NFL,2023,8,2023_NFL_W08_CIN_SF,NFL_SF,NFL_P_00-0037834,QB,,QUESTIONABLE,FP,Concussion,2023-10-28,nflverse,,2026-09-07T05:49:16.123275+00:00,2023-10-28T00:00:00
NFL_TB_00-0031142_2023W08_OUT_DNP,NFL,2023,8,2023_NFL_W08_TB_BUF,NFL_TB,NFL_P_00-0031142,OL,,OUT,DNP,Knee,2023-10-26,nflverse,,2026-09-07T05:49:16.123275+00:00,2023-10-26T00:00:00
NFL_TB_00-0038823_2023W08_OUT_DNP,NFL,2023,8,2023_NFL_W08_TB_BUF,NFL_TB,NFL_P_00-0038823,S,,OUT,DNP,Ankle,2023-10-26,nflverse,,2026-09-07T05:49:16.123275+00:00,2023-10-26T00:00:00
NFL_TB_00-0034773_2023W08_QUESTIONABLE_DNP,NFL,2023,8,2023_NFL_W08_TB_BUF,NFL_TB,NFL_P_00-0034773,DL,,QUESTIONABLE,DNP,Groin,2023-10-26,nflverse,,2026-09-07T05:49:16.123275+00:00,2023-10-26T00:00:00
NFL_TB_00-0033921_2023W08_QUESTIONABLE_FP,NFL,2023,8,2023_NFL_W08_TB_BUF,NFL_TB,NFL_P_00-0033921,WR,,QUESTIONABLE,FP,Neck,2023-10-26,nflverse,,2026-09-07T05:49:16.123275+00:00,2023-10-26T00:00:00
NFL_TB_00-0034855_2023W08_QUESTIONABLE_FP,NFL,2023,8,2023_NFL_W08_TB_BUF,NFL_TB,NFL_P_00-0034855,QB,,QUESTIONABLE,FP,Knee,2023-10-26,nflverse,,2026-09-07T05:49:16.123275+00:00,2023-10-26T00:00:00
NFL_TEN_00-0029701_2023W08_OUT_DNP,NFL,2023,8,2023_NFL_W08_ATL_TEN,NFL_TEN,NFL_P_00-0029701,QB,,OUT,DNP,Ankle,2023-10-28,nflverse,,2026-09-07T05:49:16.123275+00:00,2023-10-28T00:00:00
NFL_TEN_00-0038589_2023W08_OUT_DNP,NFL,2023,8,2023_NFL_W08_ATL_TEN,NFL_TEN,NFL_P_00-0038589,TE,,OUT,DNP,Concussion,2023-10-28,nflverse,,2026-09-07T05:49:16.123275+00:00,2023-10-28T00:00:00
NFL_TEN_00-0038125_2023W08_OUT_LP,NFL,2023,8,2023_NFL_W08_ATL_TEN,NFL_TEN,NFL_P_00-0038125,CB,,OUT,LP,Hamstring,2023-10-28,nflverse,,2026-09-07T05:49:16.123275+00:00,2023-10-28T00:00:00
NFL_TEN_00-0036695_2023W08_QUESTIONABLE_DNP,NFL,2023,8,2023_NFL_W08_ATL_TEN,NFL_TEN,NFL_P_00-0036695,DL,,QUESTIONABLE,DNP,Illness,2023-10-28,nflverse,,2026-09-07T05:49:16.123275+00:00,2023-10-28T00:00:00
NFL_WAS_00-0033084_2023W08_NA_DNP,NFL,2023,8,2023_NFL_W08_PHI_WAS,NFL_WAS,NFL_P_00-0033084,CB,,UNKNOWN,DNP,Not injury related - resting player,2023-10-28,nflverse,,2026-09-07T05:49:16.123275+00:00,2023-10-28T00:00:00
NFL_WAS_00-0035672_2023W08_OUT_DNP,NFL,2023,8,2023_NFL_W08_PHI_WAS,NFL_WAS,NFL_P_00-0035672,LB,,OUT,DNP,Ankle,2023-10-28,nflverse,,2026-09-07T05:49:16.123275+00:00,2023-10-28T00:00:00
NFL_WAS_00-0036334_2023W08_OUT_DNP,NFL,2023,8,2023_NFL_W08_PHI_WAS,NFL_WAS,NFL_P_00-0036334,OL,,OUT,DNP,Calf,2023-10-28,nflverse,,2026-09-07T05:49:16.123275+00:00,2023-10-28T00:00:00
NFL_WAS_00-0038099_2023W08_QUESTIONABLE_FP,NFL,2023,8,2023_NFL_W08_PHI_WAS,NFL_WAS,NFL_P_00-0038099,DL,,QUESTIONABLE,FP,Calf,2023-10-28,nflverse,,2026-09-07T05:49:16.123275+00:00,2023-10-28T00:00:00
NFL_WAS_00-0033282_2023W08_QUESTIONABLE_LP,NFL,2023,8,2023_NFL_W08_PHI_WAS,NFL_WAS,NFL_P_00-0033282,WR,,QUESTIONABLE,LP,Foot,2023-10-28,nflverse,,2026-09-07T05:49:16.123275+00:00,2023-10-28T00:00:00
NFL_ARI_00-0035992_2023W09_OUT_DNP,NFL,2023,9,2023_NFL_W09_ARI_CLE,NFL_ARI,NFL_P_00-0035992,OL,,OUT,DNP,Calf,2023-11-04,nflverse,,2026-09-07T05:49:16.123275+00:00,2023-11-04T00:00:00
NFL_ARI_00-0038705_2023W09_OUT_DNP,NFL,2023,9,2023_NFL_W09_ARI_CLE,NFL_ARI,NFL_P_00-0038705,RB,,OUT,DNP,Toe,2023-11-04,nflverse,,2026-09-07T05:49:16.123275+00:00,2023-11-04T00:00:00
NFL_ARI_00-0038559_2023W09_QUESTIONABLE_DNP,NFL,2023,9,2023_NFL_W09_ARI_CLE,NFL_ARI,NFL_P_00-0038559,WR,,QUESTIONABLE,DNP,Shoulder,2023-11-04,nflverse,,2026-09-07T05:49:16.123275+00:00,2023-11-04T00:00:00
NFL_ARI_00-0035228_2023W09_QUESTIONABLE_FP,NFL,2023,9,2023_NFL_W09_ARI_CLE,NFL_ARI,NFL_P_00-0035228,QB,,QUESTIONABLE,FP,Knee,2023-11-04,nflverse,,2026-09-07T05:49:16.123275+00:00,2023-11-04T00:00:00
NFL_ARI_00-0035961_2023W09_QUESTIONABLE_LP,NFL,2023,9,2023_NFL_W09_ARI_CLE,NFL_ARI,NFL_P_00-0035961,LB,,QUESTIONABLE,LP,Hamstring,2023-11-04,nflverse,,2026-09-07T05:49:16.123275+00:00,2023-11-04T00:00:00
NFL_ARI_00-0035500_2023W09_QUESTIONABLE_LP,NFL,2023,9,2023_NFL_W09_ARI_CLE,NFL_ARI,NFL_P_00-0035500,WR,,QUESTIONABLE,LP,Ankle,2023-11-04,nflverse,,2026-09-07T05:49:16.123275+00:00,2023-11-04T00:00:00
NFL_ARI_00-0035334_2023W09_QUESTIONABLE_LP,NFL,2023,9,2023_NFL_W09_ARI_CLE,NFL_ARI,NFL_P_00-0035334,DL,,QUESTIONABLE,LP,Shoulder,2023-11-04,nflverse,,2026-09-07T05:49:16.123275+00:00,2023-11-04T00:00:00
NFL_ATL_00-0026190_2023W09_NA_DNP,NFL,2023,9,2023_NFL_W09_MIN_ATL,NFL_ATL,NFL_P_00-0026190,EDGE,,UNKNOWN,DNP,Not injury related - resting player,2023-11-04,nflverse,,2026-09-07T05:49:16.123275+00:00,2023-11-04T00:00:00
NFL_ATL_00-0033051_2023W09_NA_DNP,NFL,2023,9,2023_NFL_W09_MIN_ATL,NFL_ATL,NFL_P_00-0033051,DL,,UNKNOWN,DNP,Not injury related - resting player,2023-11-04,nflverse,,2026-09-07T05:49:16.123275+00:00,2023-11-04T00:00:00
NFL_ATL_00-0038628_2023W09_OUT_DNP,NFL,2023,9,2023_NFL_W09_MIN_ATL,NFL_ATL,NFL_P_00-0038628,S,,OUT,DNP,Hamstring,2023-11-04,nflverse,,2026-09-07T05:49:16.123275+00:00,2023-11-04T00:00:00
NFL_ATL_00-0037238_2023W09_OUT_DNP,NFL,2023,9,2023_NFL_W09_MIN_ATL,NFL_ATL,NFL_P_00-0037238,WR,,OUT,DNP,Groin,2023-11-04,nflverse,,2026-09-07T05:49:16.123275+00:00,2023-11-04T00:00:00
NFL_ATL_00-0030968_2023W09_OUT_DNP,NFL,2023,9,2023_NFL_W09_MIN_ATL,NFL_ATL,NFL_P_00-0030968,RB,,OUT,DNP,Concussion,2023-11-04,nflverse,,2026-09-07T05:49:16.123275+00:00,2023-11-04T00:00:00
NFL_BAL_00-0031330_2023W09_DOUBTFUL_DNP,NFL,2023,9,2023_NFL_W09_SEA_BAL,NFL_BAL,NFL_P_00-0031330,OL,,DOUBTFUL,DNP,Shoulder,2023-11-04,nflverse,,2026-09-07T05:49:16.123275+00:00,2023-11-04T00:00:00
NFL_BAL_00-0032891_2023W09_QUESTIONABLE_FP,NFL,2023,9,2023_NFL_W09_SEA_BAL,NFL_BAL,NFL_P_00-0032891,S,,QUESTIONABLE,FP,Shoulder,2023-11-04,nflverse,,2026-09-07T05:49:16.123275+00:00,2023-11-04T00:00:00
NFL_BAL_00-0035637_2023W09_QUESTIONABLE_FP,NFL,2023,9,2023_NFL_W09_SEA_BAL,NFL_BAL,NFL_P_00-0035637,CB,,QUESTIONABLE,FP,Illness,2023-11-04,nflverse,,2026-09-07T05:49:16.123275+00:00,2023-11-04T00:00:00
NFL_BAL_00-0033894_2023W09_QUESTIONABLE_LP,NFL,2023,9,2023_NFL_W09_SEA_BAL,NFL_BAL,NFL_P_00-0033894,S,,QUESTIONABLE,LP,Hamstring,2023-11-04,nflverse,,2026-09-07T05:49:16.123275+00:00,2023-11-04T00:00:00
NFL_BUF_00-0033551_2023W09_NA_DNP,NFL,2023,9,2023_NFL_W09_BUF_CIN,NFL_BUF,NFL_P_00-0033551,CB,,UNKNOWN,DNP,not injury related - travel,2023-11-05,nflverse,,2026-09-07T05:49:16.123275+00:00,2023-11-05T00:00:00
NFL_BUF_00-0037242_2023W09_NA_DNP,NFL,2023,9,2023_NFL_W09_BUF_CIN,NFL_BUF,NFL_P_00-0037242,CB,,UNKNOWN,DNP,Ankle,2023-11-05,nflverse,,2026-09-07T05:49:16.123275+00:00,2023-11-05T00:00:00
NFL_BUF_00-0037288_2023W09_NA_LP,NFL,2023,9,2023_NFL_W09_BUF_CIN,NFL_BUF,NFL_P_00-0037288,CB,,UNKNOWN,LP,Hamstring,2023-11-05,nflverse,,2026-09-07T05:49:16.123275+00:00,2023-11-05T00:00:00
NFL_BUF_00-0030463_2023W09_OUT_DNP,NFL,2023,9,2023_NFL_W09_BUF_CIN,NFL_BUF,NFL_P_00-0030463,LB,,OUT,DNP,Back,2023-11-05,nflverse,,2026-09-07T05:49:16.123275+00:00,2023-11-05T00:00:00
NFL_BUF_00-0037318_2023W09_OUT_DNP,NFL,2023,9,2023_NFL_W09_BUF_CIN,NFL_BUF,NFL_P_00-0037318,LB,,OUT,DNP,Hamstring,2023-11-05,nflverse,,2026-09-07T05:49:16.123275+00:00,2023-11-05T00:00:00
NFL_CAR_00-0030035_2023W09_NA_DNP,NFL,2023,9,2023_NFL_W09_IND_CAR,NFL_CAR,NFL_P_00-0030035,WR,,UNKNOWN,DNP,Not injury related - resting player,2023-11-04,nflverse,,2026-09-07T05:49:16.123275+00:00,2023-11-04T00:00:00
NFL_CAR_00-0038493_2023W09_OUT_DNP,NFL,2023,9,2023_NFL_W09_IND_CAR,NFL_CAR,NFL_P_00-0038493,LB,,OUT,DNP,Knee,2023-11-04,nflverse,,2026-09-07T05:49:16.123275+00:00,2023-11-04T00:00:00
NFL_CAR_00-0028008_2023W09_OUT_DNP,NFL,2023,9,2023_NFL_W09_IND_CAR,NFL_CAR,NFL_P_00-0028008,LB,,OUT,DNP,Hamstring,2023-11-04,nflverse,,2026-09-07T05:49:16.123275+00:00,2023-11-04T00:00:00
NFL_CAR_00-0036268_2023W09_OUT_DNP,NFL,2023,9,2023_NFL_W09_IND_CAR,NFL_CAR,NFL_P_00-0036268,WR,,OUT,DNP,Ankle,2023-11-04,nflverse,,2026-09-07T05:49:16.123275+00:00,2023-11-04T00:00:00
NFL_CAR_00-0032939_2023W09_DOUBTFUL_LP,NFL,2023,9,2023_NFL_W09_IND_CAR,NFL_CAR,NFL_P_00-0032939,S,,DOUBTFUL,LP,Quadricep,2023-11-04,nflverse,,2026-09-07T05:49:16.123275+00:00,2023-11-04T00:00:00
NFL_CAR_00-0034356_2023W09_QUESTIONABLE_FP,NFL,2023,9,2023_NFL_W09_IND_CAR,NFL_CAR,NFL_P_00-0034356,CB,,QUESTIONABLE,FP,Quadricep,2023-11-04,nflverse,,2026-09-07T05:49:16.123275+00:00,2023-11-04T00:00:00
NFL_CAR_00-0034777_2023W09_QUESTIONABLE_LP,NFL,2023,9,2023_NFL_W09_IND_CAR,NFL_CAR,NFL_P_00-0034777,WR,,QUESTIONABLE,LP,Elbow,2023-11-04,nflverse,,2026-09-07T05:49:16.123275+00:00,2023-11-04T00:00:00
NFL_CHI_00-0024243_2023W09_NA_DNP,NFL,2023,9,2023_NFL_W09_CHI_NO,NFL_CHI,NFL_P_00-0024243,TE,,UNKNOWN,DNP,Not injury related - resting player,2023-11-04,nflverse,,2026-09-07T05:49:16.123275+00:00,2023-11-04T00:00:00
NFL_CHI_00-0038135_2023W09_OUT_DNP,NFL,2023,9,2023_NFL_W09_CHI_NO,NFL_CHI,NFL_P_00-0038135,S,,OUT,DNP,Concussion,2023-11-04,nflverse,,2026-09-07T05:49:16.123275+00:00,2023-11-04T00:00:00
NFL_CHI_00-0035649_2023W09_OUT_DNP,NFL,2023,9,2023_NFL_W09_CHI_NO,NFL_CHI,NFL_P_00-0035649,OL,,OUT,DNP,Ankle,2023-11-04,nflverse,,2026-09-07T05:49:16.123275+00:00,2023-11-04T00:00:00
NFL_CHI_00-0034673_2023W09_OUT_DNP,NFL,2023,9,2023_NFL_W09_CHI_NO,NFL_CHI,NFL_P_00-0034673,LB,,OUT,DNP,Knee,2023-11-04,nflverse,,2026-09-07T05:49:16.123275+00:00,2023-11-04T00:00:00
NFL_CHI_00-0038395_2023W09_OUT_DNP,NFL,2023,9,2023_NFL_W09_CHI_NO,NFL_CHI,NFL_P_00-0038395,CB,,OUT,DNP,Illness,2023-11-04,nflverse,,2026-09-07T05:49:16.123275+00:00,2023-11-04T00:00:00
NFL_CHI_00-0036945_2023W09_DOUBTFUL_LP,NFL,2023,9,2023_NFL_W09_CHI_NO,NFL_CHI,NFL_P_00-0036945,QB,,DOUBTFUL,LP,right Thumb,2023-11-04,nflverse,,2026-09-07T05:49:16.123275+00:00,2023-11-04T00:00:00
NFL_CHI_00-0037081_2023W09_QUESTIONABLE_FP,NFL,2023,9,2023_NFL_W09_CHI_NO,NFL_CHI,NFL_P_00-0037081,OL,,QUESTIONABLE,FP,Neck,2023-11-04,nflverse,,2026-09-07T05:49:16.123275+00:00,2023-11-04T00:00:00
NFL_CIN_00-0037752_2023W09_NA_DNP,NFL,2023,9,2023_NFL_W09_BUF_CIN,NFL_CIN,NFL_P_00-0037752,S,,UNKNOWN,DNP,Knee,2023-11-05,nflverse,,2026-09-07T05:49:16.123275+00:00,2023-11-05T00:00:00
NFL_CIN_00-0033347_2023W09_OUT_DNP,NFL,2023,9,2023_NFL_W09_BUF_CIN,NFL_CIN,NFL_P_00-0033347,DL,,OUT,DNP,Shoulder,2023-11-05,nflverse,,2026-09-07T05:49:16.123275+00:00,2023-11-05T00:00:00
NFL_CIN_00-0033897_2023W09_QUESTIONABLE_FP,NFL,2023,9,2023_NFL_W09_BUF_CIN,NFL_CIN,NFL_P_00-0033897,RB,,QUESTIONABLE,FP,Chest,2023-11-05,nflverse,,2026-09-07T05:49:16.123275+00:00,2023-11-05T00:00:00
NFL_CIN_00-0036298_2023W09_QUESTIONABLE_LP,NFL,2023,9,2023_NFL_W09_BUF_CIN,NFL_CIN,NFL_P_00-0036298,LB,,QUESTIONABLE,LP,Knee,2023-11-05,nflverse,,2026-09-07T05:49:16.123275+00:00,2023-11-05T00:00:00
NFL_CIN_00-0035245_2023W09_QUESTIONABLE_LP,NFL,2023,9,2023_NFL_W09_BUF_CIN,NFL_CIN,NFL_P_00-0035245,OL,,QUESTIONABLE,LP,Knee,2023-11-05,nflverse,,2026-09-07T05:49:16.123275+00:00,2023-11-05T00:00:00
NFL_CLE_00-0031426_2023W09_NA_DNP,NFL,2023,9,2023_NFL_W09_ARI_CLE,NFL_CLE,NFL_P_00-0031426,OL,,UNKNOWN,DNP,Not injury related - resting player,2023-11-04,nflverse,,2026-09-07T05:49:16.123275+00:00,2023-11-04T00:00:00
NFL_CLE_00-0037257_2023W09_OUT_DNP,NFL,2023,9,2023_NFL_W09_ARI_CLE,NFL_CLE,NFL_P_00-0037257,WR,,OUT,DNP,Knee,2023-11-04,nflverse,,2026-09-07T05:49:16.123275+00:00,2023-11-04T00:00:00
NFL_CLE_00-0036996_2023W09_OUT_DNP,NFL,2023,9,2023_NFL_W09_ARI_CLE,NFL_CLE,NFL_P_00-0036996,CB,,OUT,DNP,Groin,2023-11-04,nflverse,,2026-09-07T05:49:16.123275+00:00,2023-11-04T00:00:00
NFL_CLE_00-0037251_2023W09_OUT_DNP,NFL,2023,9,2023_NFL_W09_ARI_CLE,NFL_CLE,NFL_P_00-0037251,EDGE,,OUT,DNP,Knee,2023-11-04,nflverse,,2026-09-07T05:49:16.123275+00:00,2023-11-04T00:00:00
NFL_CLE_00-0039014_2023W09_QUESTIONABLE_LP,NFL,2023,9,2023_NFL_W09_ARI_CLE,NFL_CLE,NFL_P_00-0039014,OL,,QUESTIONABLE,LP,Shoulder,2023-11-04,nflverse,,2026-09-07T05:49:16.123275+00:00,2023-11-04T00:00:00
NFL_DAL_00-0029542_2023W09_NA_DNP,NFL,2023,9,2023_NFL_W09_DAL_PHI,NFL_DAL,NFL_P_00-0029542,CB,,UNKNOWN,DNP,Not injury related - resting player,2023-11-04,nflverse,,2026-09-07T05:49:16.123275+00:00,2023-11-04T00:00:00
NFL_DAL_00-0031411_2023W09_NA_DNP,NFL,2023,9,2023_NFL_W09_DAL_PHI,NFL_DAL,NFL_P_00-0031411,EDGE,,UNKNOWN,DNP,Not injury related - resting player,2023-11-04,nflverse,,2026-09-07T05:49:16.123275+00:00,2023-11-04T00:00:00
NFL_DAL_00-0031236_2023W09_NA_LP,NFL,2023,9,2023_NFL_W09_DAL_PHI,NFL_DAL,NFL_P_00-0031236,WR,,UNKNOWN,LP,Not injury related - resting player,2023-11-04,nflverse,,2026-09-07T05:49:16.123275+00:00,2023-11-04T00:00:00
NFL_DAL_00-0030063_2023W09_NA_LP,NFL,2023,9,2023_NFL_W09_DAL_PHI,NFL_DAL,NFL_P_00-0030063,DL,,UNKNOWN,LP,Not injury related - resting player,2023-11-04,nflverse,,2026-09-07T05:49:16.123275+00:00,2023-11-04T00:00:00
NFL_DAL_00-0033928_2023W09_NA_LP,NFL,2023,9,2023_NFL_W09_DAL_PHI,NFL_DAL,NFL_P_00-0033928,CB,,UNKNOWN,LP,Not injury related - resting player,2023-11-04,nflverse,,2026-09-07T05:49:16.123275+00:00,2023-11-04T00:00:00
NFL_DAL_00-0031402_2023W09_NA_LP,NFL,2023,9,2023_NFL_W09_DAL_PHI,NFL_DAL,NFL_P_00-0031402,OL,,UNKNOWN,LP,Not injury related - resting player,2023-11-04,nflverse,,2026-09-07T05:49:16.123275+00:00,2023-11-04T00:00:00
NFL_DAL_00-0035698_2023W09_QUESTIONABLE_LP,NFL,2023,9,2023_NFL_W09_DAL_PHI,NFL_DAL,NFL_P_00-0035698,OL,,QUESTIONABLE,LP,Ankle,2023-11-04,nflverse,,2026-09-07T05:49:16.123275+00:00,2023-11-04T00:00:00
NFL_DAL_00-0027947_2023W09_QUESTIONABLE_LP,NFL,2023,9,2023_NFL_W09_DAL_PHI,NFL_DAL,NFL_P_00-0027947,OL,,QUESTIONABLE,LP,Neck,2023-11-04,nflverse,,2026-09-07T05:49:16.123275+00:00,2023-11-04T00:00:00
NFL_GB_00-0034728_2023W09_NA_LP,NFL,2023,9,2023_NFL_W09_LAR_GB,NFL_GB,NFL_P_00-0034728,CB,,UNKNOWN,LP,Back,2023-11-04,nflverse,,2026-09-07T05:49:16.123275+00:00,2023-11-04T00:00:00
NFL_GB_00-0035526_2023W09_NA_LP,NFL,2023,9,2023_NFL_W09_LAR_GB,NFL_GB,NFL_P_00-0035526,OL,,UNKNOWN,LP,Knee,2023-11-04,nflverse,,2026-09-07T05:49:16.123275+00:00,2023-11-04T00:00:00
NFL_GB_00-0033293_2023W09_NA_LP,NFL,2023,9,2023_NFL_W09_LAR_GB,NFL_GB,NFL_P_00-0033293,RB,,UNKNOWN,LP,Hamstring,2023-11-04,nflverse,,2026-09-07T05:49:16.123275+00:00,2023-11-04T00:00:00
NFL_GB_00-0039144_2023W09_NA_LP,NFL,2023,9,2023_NFL_W09_LAR_GB,NFL_GB,NFL_P_00-0039144,TE,,UNKNOWN,LP,Ankle,2023-11-04,nflverse,,2026-09-07T05:49:16.123275+00:00,2023-11-04T00:00:00
NFL_GB_00-0035084_2023W09_NA_LP,NFL,2023,9,2023_NFL_W09_LAR_GB,NFL_GB,NFL_P_00-0035084,OL,,UNKNOWN,LP,Foot,2023-11-04,nflverse,,2026-09-07T05:49:16.123275+00:00,2023-11-04T00:00:00
NFL_GB_00-0033792_2023W09_QUESTIONABLE_DNP,NFL,2023,9,2023_NFL_W09_LAR_GB,NFL_GB,NFL_P_00-0033792,S,,QUESTIONABLE,DNP,Calf,2023-11-04,nflverse,,2026-09-07T05:49:16.123275+00:00,2023-11-04T00:00:00
NFL_GB_00-0037074_2023W09_QUESTIONABLE_DNP,NFL,2023,9,2023_NFL_W09_LAR_GB,NFL_GB,NFL_P_00-0037074,LB,,QUESTIONABLE,DNP,Groin,2023-11-04,nflverse,,2026-09-07T05:49:16.123275+00:00,2023-11-04T00:00:00
NFL_HOU_00-0031298_2023W09_NA_LP,NFL,2023,9,2023_NFL_W09_TB_HOU,NFL_HOU,NFL_P_00-0031298,S,,UNKNOWN,LP,Not injury related - resting player,2023-11-04,nflverse,,2026-09-07T05:49:16.123275+00:00,2023-11-04T00:00:00
NFL_HOU_00-0036556_2023W09_OUT_DNP,NFL,2023,9,2023_NFL_W09_TB_HOU,NFL_HOU,NFL_P_00-0036556,TE,,OUT,DNP,Knee,2023-11-04,nflverse,,2026-09-07T05:49:16.123275+00:00,2023-11-04T00:00:00
NFL_HOU_00-0037258_2023W09_OUT_DNP,NFL,2023,9,2023_NFL_W09_TB_HOU,NFL_HOU,NFL_P_00-0037258,RB,,OUT,DNP,Ankle,2023-11-04,nflverse,,2026-09-07T05:49:16.123275+00:00,2023-11-04T00:00:00
NFL_HOU_00-0030431_2023W09_OUT_DNP,NFL,2023,9,2023_NFL_W09_TB_HOU,NFL_HOU,NFL_P_00-0030431,WR,,OUT,DNP,Foot,2023-11-04,nflverse,,2026-09-07T05:49:16.123275+00:00,2023-11-04T00:00:00
NFL_HOU_00-0032759_2023W09_QUESTIONABLE_LP,NFL,2023,9,2023_NFL_W09_TB_HOU,NFL_HOU,NFL_P_00-0032759,DL,,QUESTIONABLE,LP,Knee,2023-11-04,nflverse,,2026-09-07T05:49:16.123275+00:00,2023-11-04T00:00:00
NFL_IND_00-0036251_2023W09_NA_DNP,NFL,2023,9,2023_NFL_W09_IND_CAR,NFL_IND,NFL_P_00-0036251,RB,,UNKNOWN,DNP,Heel,2023-11-04,nflverse,,2026-09-07T05:49:16.123275+00:00,2023-11-04T00:00:00
NFL_IND_00-0039156_2023W09_OUT_DNP,NFL,2023,9,2023_NFL_W09_IND_CAR,NFL_IND,NFL_P_00-0039156,CB,,OUT,DNP,Quadricep,2023-11-04,nflverse,,2026-09-07T05:49:16.123275+00:00,2023-11-04T00:00:00
NFL_IND_00-0034836_2023W09_OUT_DNP,NFL,2023,9,2023_NFL_W09_IND_CAR,NFL_IND,NFL_P_00-0034836,OL,,OUT,DNP,Hip,2023-11-04,nflverse,,2026-09-07T05:49:16.123275+00:00,2023-11-04T00:00:00
NFL_IND_00-0034431_2023W09_QUESTIONABLE_DNP,NFL,2023,9,2023_NFL_W09_IND_CAR,NFL_IND,NFL_P_00-0034431,LB,,QUESTIONABLE,DNP,Knee,2023-11-04,nflverse,,2026-09-07T05:49:16.123275+00:00,2023-11-04T00:00:00
NFL_IND_00-0039158_2023W09_QUESTIONABLE_DNP,NFL,2023,9,2023_NFL_W09_IND_CAR,NFL_IND,NFL_P_00-0039158,OL,,QUESTIONABLE,DNP,Back,2023-11-04,nflverse,,2026-09-07T05:49:16.123275+00:00,2023-11-04T00:00:00
NFL_IND_00-0037323_2023W09_QUESTIONABLE_FP,NFL,2023,9,2023_NFL_W09_IND_CAR,NFL_IND,NFL_P_00-0037323,S,,QUESTIONABLE,FP,Knee,2023-11-04,nflverse,,2026-09-07T05:49:16.123275+00:00,2023-11-04T00:00:00
NFL_IND_00-0038997_2023W09_QUESTIONABLE_LP,NFL,2023,9,2023_NFL_W09_IND_CAR,NFL_IND,NFL_P_00-0038997,WR,,QUESTIONABLE,LP,Knee,2023-11-04,nflverse,,2026-09-07T05:49:16.123275+00:00,2023-11-04T00:00:00
NFL_KC_00-0036360_2023W09_OUT_DNP,NFL,2023,9,2023_NFL_W09_MIA_KC,NFL_KC,NFL_P_00-0036360,RB,,OUT,DNP,Illness,2023-11-04,nflverse,,2026-09-07T05:49:16.123275+00:00,2023-11-04T00:00:00
NFL_KC_00-0034286_2023W09_QUESTIONABLE_FP,NFL,2023,9,2023_NFL_W09_MIA_KC,NFL_KC,NFL_P_00-0034286,WR,,QUESTIONABLE,FP,Knee,2023-11-04,nflverse,,2026-09-07T05:49:16.123275+00:00,2023-11-04T00:00:00
NFL_KC_00-0036362_2023W09_QUESTIONABLE_LP,NFL,2023,9,2023_NFL_W09_MIA_KC,NFL_KC,NFL_P_00-0036362,LB,,QUESTIONABLE,LP,Back,2023-11-04,nflverse,,2026-09-07T05:49:16.123275+00:00,2023-11-04T00:00:00
NFL_LAR_00-0034804_2023W09_NA_DNP,NFL,2023,9,2023_NFL_W09_LAR_GB,NFL_LAR,NFL_P_00-0034804,OL,,UNKNOWN,DNP,Not injury related - resting player,2023-11-04,nflverse,,2026-09-07T05:49:16.123275+00:00,2023-11-04T00:00:00
NFL_LAR_00-0031388_2023W09_NA_DNP,NFL,2023,9,2023_NFL_W09_LAR_GB,NFL_LAR,NFL_P_00-0031388,DL,,UNKNOWN,DNP,Not injury related - resting player,2023-11-04,nflverse,,2026-09-07T05:49:16.123275+00:00,2023-11-04T00:00:00
NFL_LAR_00-0036994_2023W09_OUT_DNP,NFL,2023,9,2023_NFL_W09_LAR_GB,NFL_LAR,NFL_P_00-0036994,LB,,OUT,DNP,Knee,2023-11-04,nflverse,,2026-09-07T05:49:16.123275+00:00,2023-11-04T00:00:00
NFL_LAR_00-0037004_2023W09_OUT_FP,NFL,2023,9,2023_NFL_W09_LAR_GB,NFL_LAR,NFL_P_00-0037004,TE,,OUT,FP,Hamstring,2023-11-04,nflverse,,2026-09-07T05:49:16.123275+00:00,2023-11-04T00:00:00
NFL_LAR_00-0032242_2023W09_QUESTIONABLE_DNP,NFL,2023,9,2023_NFL_W09_LAR_GB,NFL_LAR,NFL_P_00-0032242,OL,,QUESTIONABLE,DNP,Calf,2023-11-04,nflverse,,2026-09-07T05:49:16.123275+00:00,2023-11-04T00:00:00
NFL_LAR_00-0026498_2023W09_QUESTIONABLE_DNP,NFL,2023,9,2023_NFL_W09_LAR_GB,NFL_LAR,NFL_P_00-0026498,QB,,QUESTIONABLE,DNP,right Thumb,2023-11-04,nflverse,,2026-09-07T05:49:16.123275+00:00,2023-11-04T00:00:00
NFL_LAR_00-0037839_2023W09_QUESTIONABLE_LP,NFL,2023,9,2023_NFL_W09_LAR_GB,NFL_LAR,NFL_P_00-0037839,CB,,QUESTIONABLE,LP,Shoulder,2023-11-04,nflverse,,2026-09-07T05:49:16.123275+00:00,2023-11-04T00:00:00
NFL_LAR_00-0036237_2023W09_QUESTIONABLE_LP,NFL,2023,9,2023_NFL_W09_LAR_GB,NFL_LAR,NFL_P_00-0036237,DL,,QUESTIONABLE,LP,Knee,2023-11-04,nflverse,,2026-09-07T05:49:16.123275+00:00,2023-11-04T00:00:00
NFL_LAR_00-0039075_2023W09_QUESTIONABLE_LP,NFL,2023,9,2023_NFL_W09_LAR_GB,NFL_LAR,NFL_P_00-0039075,WR,,QUESTIONABLE,LP,Knee,2023-11-04,nflverse,,2026-09-07T05:49:16.123275+00:00,2023-11-04T00:00:00
NFL_LAC_00-0036988_2023W09_OUT_DNP,NFL,2023,9,2023_NFL_W09_LAC_NYJ,NFL_LAC,NFL_P_00-0036988,WR,,OUT,DNP,Knee,2023-11-06,nflverse,,2026-09-07T05:49:16.123275+00:00,2023-11-06T00:00:00
NFL_LAC_00-0034810_2023W09_QUESTIONABLE_DNP,NFL,2023,9,2023_NFL_W09_LAC_NYJ,NFL_LAC,NFL_P_00-0034810,DL,,QUESTIONABLE,DNP,Illness,2023-11-06,nflverse,,2026-09-07T05:49:16.123275+00:00,2023-11-06T00:00:00
NFL_LAC_00-0032671_2023W09_QUESTIONABLE_FP,NFL,2023,9,2023_NFL_W09_LAC_NYJ,NFL_LAC,NFL_P_00-0032671,DL,,QUESTIONABLE,FP,Oblique,2023-11-06,nflverse,,2026-09-07T05:49:16.123275+00:00,2023-11-06T00:00:00
NFL_LAC_00-0035414_2023W09_QUESTIONABLE_FP,NFL,2023,9,2023_NFL_W09_LAC_NYJ,NFL_LAC,NFL_P_00-0035414,WR,,QUESTIONABLE,FP,Knee,2023-11-06,nflverse,,2026-09-07T05:49:16.123275+00:00,2023-11-06T00:00:00
NFL_LAC_00-0031554_2023W09_QUESTIONABLE_FP,NFL,2023,9,2023_NFL_W09_LAC_NYJ,NFL_LAC,NFL_P_00-0031554,LB,,QUESTIONABLE,FP,Ribs,2023-11-06,nflverse,,2026-09-07T05:49:16.123275+00:00,2023-11-06T00:00:00
NFL_LAC_00-0037270_2023W09_QUESTIONABLE_FP,NFL,2023,9,2023_NFL_W09_LAC_NYJ,NFL_LAC,NFL_P_00-0037270,DL,,QUESTIONABLE,FP,Knee,2023-11-06,nflverse,,2026-09-07T05:49:16.123275+00:00,2023-11-06T00:00:00
NFL_LAC_00-0036441_2023W09_QUESTIONABLE_LP,NFL,2023,9,2023_NFL_W09_LAC_NYJ,NFL_LAC,NFL_P_00-0036441,LB,,QUESTIONABLE,LP,Shoulder,2023-11-06,nflverse,,2026-09-07T05:49:16.123275+00:00,2023-11-06T00:00:00
NFL_LV_00-0034161_2023W09_NA_LP,NFL,2023,9,2023_NFL_W09_NYG_LV,NFL_LV,NFL_P_00-0034161,K,,UNKNOWN,LP,right Groin,2023-11-04,nflverse,,2026-09-07T05:49:16.123275+00:00,2023-11-04T00:00:00
NFL_LV_00-0034973_2023W09_NA_LP,NFL,2023,9,2023_NFL_W09_NYG_LV,NFL_LV,NFL_P_00-0034973,EDGE,,UNKNOWN,LP,Knee,2023-11-04,nflverse,,2026-09-07T05:49:16.123275+00:00,2023-11-04T00:00:00
NFL_LV_00-0036871_2023W09_NA_LP,NFL,2023,9,2023_NFL_W09_NYG_LV,NFL_LV,NFL_P_00-0036871,CB,,UNKNOWN,LP,Ankle,2023-11-04,nflverse,,2026-09-07T05:49:16.123275+00:00,2023-11-04T00:00:00
NFL_LV_00-0036990_2023W09_OUT_DNP,NFL,2023,9,2023_NFL_W09_NYG_LV,NFL_LV,NFL_P_00-0036990,LB,,OUT,DNP,Ankle,2023-11-04,nflverse,,2026-09-07T05:49:16.123275+00:00,2023-11-04T00:00:00
NFL_LV_00-0035726_2023W09_OUT_DNP,NFL,2023,9,2023_NFL_W09_NYG_LV,NFL_LV,NFL_P_00-0035726,RB,,OUT,DNP,Concussion,2023-11-04,nflverse,,2026-09-07T05:49:16.123275+00:00,2023-11-04T00:00:00
NFL_LV_00-0037517_2023W09_OUT_DNP,NFL,2023,9,2023_NFL_W09_NYG_LV,NFL_LV,NFL_P_00-0037517,LB,,OUT,DNP,Concussion,2023-11-04,nflverse,,2026-09-07T05:49:16.123275+00:00,2023-11-04T00:00:00
NFL_LV_00-0037322_2023W09_OUT_DNP,NFL,2023,9,2023_NFL_W09_NYG_LV,NFL_LV,NFL_P_00-0037322,OL,,OUT,DNP,Neck,2023-11-04,nflverse,,2026-09-07T05:49:16.123275+00:00,2023-11-04T00:00:00
NFL_LV_00-0034720_2023W09_QUESTIONABLE_LP,NFL,2023,9,2023_NFL_W09_NYG_LV,NFL_LV,NFL_P_00-0034720,LB,,QUESTIONABLE,LP,Hand,2023-11-04,nflverse,,2026-09-07T05:49:16.123275+00:00,2023-11-04T00:00:00
NFL_MIA_00-0031687_2023W09_NA_LP,NFL,2023,9,2023_NFL_W09_MIA_KC,NFL_MIA,NFL_P_00-0031687,RB,,UNKNOWN,LP,Ankle,2023-11-04,nflverse,,2026-09-07T05:49:16.123275+00:00,2023-11-04T00:00:00
NFL_MIA_00-0033055_2023W09_NA_LP,NFL,2023,9,2023_NFL_W09_MIA_KC,NFL_MIA,NFL_P_00-0033055,CB,,UNKNOWN,LP,Knee,2023-11-04,nflverse,,2026-09-07T05:49:16.123275+00:00,2023-11-04T00:00:00
NFL_MIA_00-0036325_2023W09_OUT_DNP,NFL,2023,9,2023_NFL_W09_MIA_KC,NFL_MIA,NFL_P_00-0036325,OL,,OUT,DNP,Hamstring,2023-11-04,nflverse,,2026-09-07T05:49:16.123275+00:00,2023-11-04T00:00:00
NFL_MIA_00-0036221_2023W09_OUT_DNP,NFL,2023,9,2023_NFL_W09_MIA_KC,NFL_MIA,NFL_P_00-0036221,S,,OUT,DNP,Concussion,2023-11-04,nflverse,,2026-09-07T05:49:16.123275+00:00,2023-11-04T00:00:00
NFL_MIA_00-0030067_2023W09_QUESTIONABLE_LP,NFL,2023,9,2023_NFL_W09_MIA_KC,NFL_MIA,NFL_P_00-0030067,OL,,QUESTIONABLE,LP,Knee,2023-11-04,nflverse,,2026-09-07T05:49:16.123275+00:00,2023-11-04T00:00:00
NFL_MIA_00-0034419_2023W09_QUESTIONABLE_LP,NFL,2023,9,2023_NFL_W09_MIA_KC,NFL_MIA,NFL_P_00-0034419,WR,,QUESTIONABLE,LP,Hamstring,2023-11-04,nflverse,,2026-09-07T05:49:16.123275+00:00,2023-11-04T00:00:00
NFL_MIA_00-0029530_2023W09_QUESTIONABLE_LP,NFL,2023,9,2023_NFL_W09_MIA_KC,NFL_MIA,NFL_P_00-0029530,CB,,QUESTIONABLE,LP,Foot,2023-11-04,nflverse,,2026-09-07T05:49:16.123275+00:00,2023-11-04T00:00:00
NFL_MIA_00-0034054_2023W09_QUESTIONABLE_LP,NFL,2023,9,2023_NFL_W09_MIA_KC,NFL_MIA,NFL_P_00-0034054,WR,,QUESTIONABLE,LP,Shoulder,2023-11-04,nflverse,,2026-09-07T05:49:16.123275+00:00,2023-11-04T00:00:00
NFL_MIA_00-0033050_2023W09_QUESTIONABLE_LP,NFL,2023,9,2023_NFL_W09_MIA_KC,NFL_MIA,NFL_P_00-0033050,CB,,QUESTIONABLE,LP,Groin,2023-11-04,nflverse,,2026-09-07T05:49:16.123275+00:00,2023-11-04T00:00:00
NFL_MIA_00-0035346_2023W09_QUESTIONABLE_LP,NFL,2023,9,2023_NFL_W09_MIA_KC,NFL_MIA,NFL_P_00-0035346,CB,,QUESTIONABLE,LP,Achilles,2023-11-04,nflverse,,2026-09-07T05:49:16.123275+00:00,2023-11-04T00:00:00
NFL_MIA_00-0034798_2023W09_QUESTIONABLE_LP,NFL,2023,9,2023_NFL_W09_MIA_KC,NFL_MIA,NFL_P_00-0034798,TE,,QUESTIONABLE,LP,Ankle,2023-11-04,nflverse,,2026-09-07T05:49:16.123275+00:00,2023-11-04T00:00:00
NFL_MIA_00-0034352_2023W09_QUESTIONABLE_LP,NFL,2023,9,2023_NFL_W09_MIA_KC,NFL_MIA,NFL_P_00-0034352,OL,,QUESTIONABLE,LP,Groin,2023-11-04,nflverse,,2026-09-07T05:49:16.123275+00:00,2023-11-04T00:00:00
NFL_MIN_00-0032412_2023W09_OUT_DNP,NFL,2023,9,2023_NFL_W09_MIN_ATL,NFL_MIN,NFL_P_00-0032412,EDGE,,OUT,DNP,Groin,2023-11-04,nflverse,,2026-09-07T05:49:16.123275+00:00,2023-11-04T00:00:00
NFL_MIN_00-0036616_2023W09_QUESTIONABLE_FP,NFL,2023,9,2023_NFL_W09_MIN_ATL,NFL_MIN,NFL_P_00-0036616,OL,,QUESTIONABLE,FP,Groin,2023-11-04,nflverse,,2026-09-07T05:49:16.123275+00:00,2023-11-04T00:00:00
NFL_MIN_00-0037291_2023W09_QUESTIONABLE_FP,NFL,2023,9,2023_NFL_W09_MIN_ATL,NFL_MIN,NFL_P_00-0037291,WR,,QUESTIONABLE,FP,Hamstring,2023-11-04,nflverse,,2026-09-07T05:49:16.123275+00:00,2023-11-04T00:00:00
NFL_MIN_00-0031734_2023W09_QUESTIONABLE_FP,NFL,2023,9,2023_NFL_W09_MIN_ATL,NFL_MIN,NFL_P_00-0031734,OL,,QUESTIONABLE,FP,Foot,2023-11-04,nflverse,,2026-09-07T05:49:16.123275+00:00,2023-11-04T00:00:00
NFL_MIN_00-0037822_2023W09_QUESTIONABLE_LP,NFL,2023,9,2023_NFL_W09_MIN_ATL,NFL_MIN,NFL_P_00-0037822,LB,,QUESTIONABLE,LP,Ankle,2023-11-04,nflverse,,2026-09-07T05:49:16.123275+00:00,2023-11-04T00:00:00
NFL_NE_00-0036087_2023W09_NA_LP,NFL,2023,9,2023_NFL_W09_WAS_NE,NFL_NE,NFL_P_00-0036087,CB,,UNKNOWN,LP,Chest,2023-11-04,nflverse,,2026-09-07T05:49:16.123275+00:00,2023-11-04T00:00:00
NFL_NE_00-0034957_2023W09_OUT_DNP,NFL,2023,9,2023_NFL_W09_WAS_NE,NFL_NE,NFL_P_00-0034957,OL,,OUT,DNP,Illness,2023-11-04,nflverse,,2026-09-07T05:49:16.123275+00:00,2023-11-04T00:00:00
NFL_NE_00-0031547_2023W09_OUT_DNP,NFL,2023,9,2023_NFL_W09_WAS_NE,NFL_NE,NFL_P_00-0031547,WR,,OUT,DNP,Concussion,2023-11-04,nflverse,,2026-09-07T05:49:16.123275+00:00,2023-11-04T00:00:00
NFL_NE_00-0032071_2023W09_QUESTIONABLE_DNP,NFL,2023,9,2023_NFL_W09_WAS_NE,NFL_NE,NFL_P_00-0032071,OL,,QUESTIONABLE,DNP,Ankle,2023-11-04,nflverse,,2026-09-07T05:49:16.123275+00:00,2023-11-04T00:00:00
NFL_NE_00-0033860_2023W09_QUESTIONABLE_DNP,NFL,2023,9,2023_NFL_W09_WAS_NE,NFL_NE,NFL_P_00-0033860,DL,,QUESTIONABLE,DNP,Illness,2023-11-04,nflverse,,2026-09-07T05:49:16.123275+00:00,2023-11-04T00:00:00
NFL_NE_00-0036981_2023W09_QUESTIONABLE_LP,NFL,2023,9,2023_NFL_W09_WAS_NE,NFL_NE,NFL_P_00-0036981,DL,,QUESTIONABLE,LP,Knee,2023-11-04,nflverse,,2026-09-07T05:49:16.123275+00:00,2023-11-04T00:00:00
NFL_NE_00-0034385_2023W09_QUESTIONABLE_LP,NFL,2023,9,2023_NFL_W09_WAS_NE,NFL_NE,NFL_P_00-0034385,LB,,QUESTIONABLE,LP,Hamstring,2023-11-04,nflverse,,2026-09-07T05:49:16.123275+00:00,2023-11-04T00:00:00
NFL_NE_00-0033439_2023W09_QUESTIONABLE_LP,NFL,2023,9,2023_NFL_W09_WAS_NE,NFL_NE,NFL_P_00-0033439,TE,,QUESTIONABLE,LP,Back,2023-11-04,nflverse,,2026-09-07T05:49:16.123275+00:00,2023-11-04T00:00:00
NFL_NE_00-0032580_2023W09_QUESTIONABLE_LP,NFL,2023,9,2023_NFL_W09_WAS_NE,NFL_NE,NFL_P_00-0032580,CB,,QUESTIONABLE,LP,Knee,2023-11-04,nflverse,,2026-09-07T05:49:16.123275+00:00,2023-11-04T00:00:00
NFL_NE_00-0037287_2023W09_QUESTIONABLE_LP,NFL,2023,9,2023_NFL_W09_WAS_NE,NFL_NE,NFL_P_00-0037287,OL,,QUESTIONABLE,LP,Ankle,2023-11-04,nflverse,,2026-09-07T05:49:16.123275+00:00,2023-11-04T00:00:00
NFL_NE_00-0038104_2023W09_QUESTIONABLE_LP,NFL,2023,9,2023_NFL_W09_WAS_NE,NFL_NE,NFL_P_00-0038104,WR,,QUESTIONABLE,LP,Foot,2023-11-04,nflverse,,2026-09-07T05:49:16.123275+00:00,2023-11-04T00:00:00
NFL_NE_00-0036159_2023W09_QUESTIONABLE_LP,NFL,2023,9,2023_NFL_W09_WAS_NE,NFL_NE,NFL_P_00-0036159,LB,,QUESTIONABLE,LP,Ankle,2023-11-04,nflverse,,2026-09-07T05:49:16.123275+00:00,2023-11-04T00:00:00
NFL_NE_00-0033947_2023W09_QUESTIONABLE_LP,NFL,2023,9,2023_NFL_W09_WAS_NE,NFL_NE,NFL_P_00-0033947,EDGE,,QUESTIONABLE,LP,Shoulder,2023-11-04,nflverse,,2026-09-07T05:49:16.123275+00:00,2023-11-04T00:00:00
NFL_NO_00-0029607_2023W09_NA_LP,NFL,2023,9,2023_NFL_W09_CHI_NO,NFL_NO,NFL_P_00-0029607,LB,,UNKNOWN,LP,Knee,2023-11-04,nflverse,,2026-09-07T05:49:16.123275+00:00,2023-11-04T00:00:00
NFL_NO_00-0027696_2023W09_NA_LP,NFL,2023,9,2023_NFL_W09_CHI_NO,NFL_NO,NFL_P_00-0027696,TE,,UNKNOWN,LP,Not injury related - resting player,2023-11-04,nflverse,,2026-09-07T05:49:16.123275+00:00,2023-11-04T00:00:00
NFL_NO_00-0033888_2023W09_NA_LP,NFL,2023,9,2023_NFL_W09_CHI_NO,NFL_NO,NFL_P_00-0033888,OL,,UNKNOWN,LP,Not injury related - resting player,2023-11-04,nflverse,,2026-09-07T05:49:16.123275+00:00,2023-11-04T00:00:00
NFL_NO_00-0034999_2023W09_OUT_DNP,NFL,2023,9,2023_NFL_W09_CHI_NO,NFL_NO,NFL_P_00-0034999,LB,,OUT,DNP,Concussion,2023-11-04,nflverse,,2026-09-07T05:49:16.123275+00:00,2023-11-04T00:00:00
NFL_NO_00-0038551_2023W09_QUESTIONABLE_DNP,NFL,2023,9,2023_NFL_W09_CHI_NO,NFL_NO,NFL_P_00-0038551,RB,,QUESTIONABLE,DNP,Illness,2023-11-04,nflverse,,2026-09-07T05:49:16.123275+00:00,2023-11-04T00:00:00
NFL_NO_00-0035763_2023W09_QUESTIONABLE_LP,NFL,2023,9,2023_NFL_W09_CHI_NO,NFL_NO,NFL_P_00-0035763,DL,,QUESTIONABLE,LP,Illness,2023-11-04,nflverse,,2026-09-07T05:49:16.123275+00:00,2023-11-04T00:00:00
NFL_NYG_00-0037611_2023W09_NA_LP,NFL,2023,9,2023_NFL_W09_NYG_LV,NFL_NYG,NFL_P_00-0037611,LB,,UNKNOWN,LP,Back,2023-11-04,nflverse,,2026-09-07T05:49:16.123275+00:00,2023-11-04T00:00:00
NFL_NYG_00-0026858_2023W09_OUT_DNP,NFL,2023,9,2023_NFL_W09_NYG_LV,NFL_NYG,NFL_P_00-0026858,K,,OUT,DNP,left Knee,2023-11-04,nflverse,,2026-09-07T05:49:16.123275+00:00,2023-11-04T00:00:00
NFL_NYG_00-0028118_2023W09_OUT_DNP,NFL,2023,9,2023_NFL_W09_NYG_LV,NFL_NYG,NFL_P_00-0028118,QB,,OUT,DNP,Ribs,2023-11-04,nflverse,,2026-09-07T05:49:16.123275+00:00,2023-11-04T00:00:00
NFL_NYG_00-0031610_2023W09_OUT_DNP,NFL,2023,9,2023_NFL_W09_NYG_LV,NFL_NYG,NFL_P_00-0031610,TE,,OUT,DNP,Hamstring,2023-11-04,nflverse,,2026-09-07T05:49:16.123275+00:00,2023-11-04T00:00:00
NFL_NYG_00-0037410_2023W09_QUESTIONABLE_LP,NFL,2023,9,2023_NFL_W09_NYG_LV,NFL_NYG,NFL_P_00-0037410,RB,,QUESTIONABLE,LP,Hamstring,2023-11-04,nflverse,,2026-09-07T05:49:16.123275+00:00,2023-11-04T00:00:00
NFL_NYG_00-0037612_2023W09_QUESTIONABLE_LP,NFL,2023,9,2023_NFL_W09_NYG_LV,NFL_NYG,NFL_P_00-0037612,OL,,QUESTIONABLE,LP,Ankle,2023-11-04,nflverse,,2026-09-07T05:49:16.123275+00:00,2023-11-04T00:00:00
NFL_NYG_00-0036386_2023W09_QUESTIONABLE_LP,NFL,2023,9,2023_NFL_W09_NYG_LV,NFL_NYG,NFL_P_00-0036386,OL,,QUESTIONABLE,LP,Hamstring,2023-11-04,nflverse,,2026-09-07T05:49:16.123275+00:00,2023-11-04T00:00:00
NFL_NYJ_00-0037003_2023W09_OUT_DNP,NFL,2023,9,2023_NFL_W09_LAC_NYJ,NFL_NYJ,NFL_P_00-0037003,LB,,OUT,DNP,Ankle,2023-11-06,nflverse,,2026-09-07T05:49:16.123275+00:00,2023-11-06T00:00:00
NFL_NYJ_00-0026166_2023W09_OUT_FP,NFL,2023,9,2023_NFL_W09_LAC_NYJ,NFL_NYJ,NFL_P_00-0026166,OL,,OUT,FP,Hip,2023-11-06,nflverse,,2026-09-07T05:49:16.123275+00:00,2023-11-06T00:00:00
NFL_NYJ_00-0031584_2023W09_QUESTIONABLE_LP,NFL,2023,9,2023_NFL_W09_LAC_NYJ,NFL_NYJ,NFL_P_00-0031584,S,,QUESTIONABLE,LP,Ankle,2023-11-06,nflverse,,2026-09-07T05:49:16.123275+00:00,2023-11-06T00:00:00
NFL_NYJ_00-0034521_2023W09_QUESTIONABLE_LP,NFL,2023,9,2023_NFL_W09_LAC_NYJ,NFL_NYJ,NFL_P_00-0034521,WR,,QUESTIONABLE,LP,Knee,2023-11-06,nflverse,,2026-09-07T05:49:16.123275+00:00,2023-11-06T00:00:00
NFL_PHI_00-0032890_2023W09_NA_LP,NFL,2023,9,2023_NFL_W09_DAL_PHI,NFL_PHI,NFL_P_00-0032890,CB,,UNKNOWN,LP,Thigh,2023-11-04,nflverse,,2026-09-07T05:49:16.123275+00:00,2023-11-04T00:00:00
NFL_PHI_00-0031372_2023W09_OUT_DNP,NFL,2023,9,2023_NFL_W09_DAL_PHI,NFL_PHI,NFL_P_00-0031372,CB,,OUT,DNP,Shoulder,2023-11-04,nflverse,,2026-09-07T05:49:16.123275+00:00,2023-11-04T00:00:00
NFL_PHI_00-0034414_2023W09_OUT_DNP,NFL,2023,9,2023_NFL_W09_DAL_PHI,NFL_PHI,NFL_P_00-0034414,RB,,OUT,DNP,Not injury related - personal matter,2023-11-04,nflverse,,2026-09-07T05:49:16.123275+00:00,2023-11-04T00:00:00
NFL_PHI_00-0037086_2023W09_OUT_LP,NFL,2023,9,2023_NFL_W09_DAL_PHI,NFL_PHI,NFL_P_00-0037086,TE,,OUT,LP,Concussion,2023-11-04,nflverse,,2026-09-07T05:49:16.123275+00:00,2023-11-04T00:00:00
NFL_PHI_00-0038112_2023W09_OUT_LP,NFL,2023,9,2023_NFL_W09_DAL_PHI,NFL_PHI,NFL_P_00-0038112,OL,,OUT,LP,Foot,2023-11-04,nflverse,,2026-09-07T05:49:16.123275+00:00,2023-11-04T00:00:00
NFL_PIT_00-0034789_2023W09_OUT_DNP,NFL,2023,9,2023_NFL_W09_TEN_PIT,NFL_PIT,NFL_P_00-0034789,S,,OUT,DNP,Hamstring,2023-11-02,nflverse,,2026-09-07T05:49:16.123275+00:00,2023-11-02T00:00:00
NFL_PIT_00-0034514_2023W09_QUESTIONABLE_LP,NFL,2023,9,2023_NFL_W09_TEN_PIT,NFL_PIT,NFL_P_00-0034514,CB,,QUESTIONABLE,LP,Foot,2023-11-02,nflverse,,2026-09-07T05:49:16.123275+00:00,2023-11-02T00:00:00
NFL_SEA_00-0031608_2023W09_NA_DNP,NFL,2023,9,2023_NFL_W09_SEA_BAL,NFL_SEA,NFL_P_00-0031608,S,,UNKNOWN,DNP,Not injury related - resting player,2023-11-04,nflverse,,2026-09-07T05:49:16.123275+00:00,2023-11-04T00:00:00
NFL_SEA_00-0029255_2023W09_NA_DNP,NFL,2023,9,2023_NFL_W09_SEA_BAL,NFL_SEA,NFL_P_00-0029255,LB,,UNKNOWN,DNP,Not injury related - resting player,2023-11-04,nflverse,,2026-09-07T05:49:16.123275+00:00,2023-11-04T00:00:00
NFL_SEA_00-0036767_2023W09_QUESTIONABLE_FP,NFL,2023,9,2023_NFL_W09_SEA_BAL,NFL_SEA,NFL_P_00-0036767,DL,,QUESTIONABLE,FP,Knee,2023-11-04,nflverse,,2026-09-07T05:49:16.123275+00:00,2023-11-04T00:00:00
NFL_SEA_00-0035141_2023W09_QUESTIONABLE_FP,NFL,2023,9,2023_NFL_W09_SEA_BAL,NFL_SEA,NFL_P_00-0035141,OL,,QUESTIONABLE,FP,Calf,2023-11-04,nflverse,,2026-09-07T05:49:16.123275+00:00,2023-11-04T00:00:00
NFL_SEA_00-0038636_2023W09_QUESTIONABLE_FP,NFL,2023,9,2023_NFL_W09_SEA_BAL,NFL_SEA,NFL_P_00-0038636,RB,,QUESTIONABLE,FP,Knee,2023-11-04,nflverse,,2026-09-07T05:49:16.123275+00:00,2023-11-04T00:00:00
NFL_SEA_00-0039020_2023W09_QUESTIONABLE_LP,NFL,2023,9,2023_NFL_W09_SEA_BAL,NFL_SEA,NFL_P_00-0039020,OL,,QUESTIONABLE,LP,Ankle,2023-11-04,nflverse,,2026-09-07T05:49:16.123275+00:00,2023-11-04T00:00:00
NFL_TB_00-0029562_2023W09_NA_DNP,NFL,2023,9,2023_NFL_W09_TB_HOU,NFL_TB,NFL_P_00-0029562,LB,,UNKNOWN,DNP,Not injury related - resting player,2023-11-04,nflverse,,2026-09-07T05:49:16.123275+00:00,2023-11-04T00:00:00
NFL_TB_00-0031408_2023W09_NA_DNP,NFL,2023,9,2023_NFL_W09_TB_HOU,NFL_TB,NFL_P_00-0031408,WR,,UNKNOWN,DNP,Not injury related - resting player,2023-11-04,nflverse,,2026-09-07T05:49:16.123275+00:00,2023-11-04T00:00:00
NFL_TB_00-0031142_2023W09_OUT_DNP,NFL,2023,9,2023_NFL_W09_TB_HOU,NFL_TB,NFL_P_00-0031142,OL,,OUT,DNP,Knee,2023-11-04,nflverse,,2026-09-07T05:49:16.123275+00:00,2023-11-04T00:00:00
NFL_TB_00-0038127_2023W09_OUT_DNP,NFL,2023,9,2023_NFL_W09_TB_HOU,NFL_TB,NFL_P_00-0038127,EDGE,,OUT,DNP,Groin,2023-11-04,nflverse,,2026-09-07T05:49:16.123275+00:00,2023-11-04T00:00:00
NFL_TB_00-0037627_2023W09_QUESTIONABLE_NA,NFL,2023,9,2023_NFL_W09_TB_HOU,NFL_TB,NFL_P_00-0037627,DL,,QUESTIONABLE,,Illness,2023-11-04,nflverse,,2026-09-07T05:49:16.123275+00:00,2023-11-04T00:00:00
NFL_TB_00-0038820_2023W09_QUESTIONABLE_DNP,NFL,2023,9,2023_NFL_W09_TB_HOU,NFL_TB,NFL_P_00-0038820,S,,QUESTIONABLE,DNP,Illness,2023-11-04,nflverse,,2026-09-07T05:49:16.123275+00:00,2023-11-04T00:00:00
NFL_TB_00-0038823_2023W09_QUESTIONABLE_FP,NFL,2023,9,2023_NFL_W09_TB_HOU,NFL_TB,NFL_P_00-0038823,S,,QUESTIONABLE,FP,Ankle,2023-11-04,nflverse,,2026-09-07T05:49:16.123275+00:00,2023-11-04T00:00:00
NFL_TB_00-0034773_2023W09_QUESTIONABLE_FP,NFL,2023,9,2023_NFL_W09_TB_HOU,NFL_TB,NFL_P_00-0034773,DL,,QUESTIONABLE,FP,Groin,2023-11-04,nflverse,,2026-09-07T05:49:16.123275+00:00,2023-11-04T00:00:00
NFL_TEN_00-0035643_2023W09_NA_LP,NFL,2023,9,2023_NFL_W09_TEN_PIT,NFL_TEN,NFL_P_00-0035643,DL,,UNKNOWN,LP,Ankle,2023-11-02,nflverse,,2026-09-07T05:49:16.123275+00:00,2023-11-02T00:00:00
NFL_TEN_00-0029963_2023W09_OUT_DNP,NFL,2023,9,2023_NFL_W09_TEN_PIT,NFL_TEN,NFL_P_00-0029963,OL,,OUT,DNP,Concussion,2023-11-02,nflverse,,2026-09-07T05:49:16.123275+00:00,2023-11-02T00:00:00
NFL_TEN_00-0029701_2023W09_OUT_DNP,NFL,2023,9,2023_NFL_W09_TEN_PIT,NFL_TEN,NFL_P_00-0029701,QB,,OUT,DNP,Ankle,2023-11-02,nflverse,,2026-09-07T05:49:16.123275+00:00,2023-11-02T00:00:00
NFL_TEN_00-0037493_2023W09_OUT_FP,NFL,2023,9,2023_NFL_W09_TEN_PIT,NFL_TEN,NFL_P_00-0037493,S,,OUT,FP,Ankle,2023-11-02,nflverse,,2026-09-07T05:49:16.123275+00:00,2023-11-02T00:00:00
NFL_TEN_00-0038125_2023W09_OUT_LP,NFL,2023,9,2023_NFL_W09_TEN_PIT,NFL_TEN,NFL_P_00-0038125,CB,,OUT,LP,Hamstring,2023-11-02,nflverse,,2026-09-07T05:49:16.123275+00:00,2023-11-02T00:00:00
NFL_TEN_00-0030564_2023W09_QUESTIONABLE_DNP,NFL,2023,9,2023_NFL_W09_TEN_PIT,NFL_TEN,NFL_P_00-0030564,WR,,QUESTIONABLE,DNP,Toe,2023-11-02,nflverse,,2026-09-07T05:49:16.123275+00:00,2023-11-02T00:00:00
NFL_WAS_00-0033523_2023W09_NA_DNP,NFL,2023,9,2023_NFL_W09_WAS_NE,NFL_WAS,NFL_P_00-0033523,DL,,UNKNOWN,DNP,Not injury related - resting player,2023-11-04,nflverse,,2026-09-07T05:49:16.123275+00:00,2023-11-04T00:00:00
NFL_WAS_00-0033084_2023W09_NA_DNP,NFL,2023,9,2023_NFL_W09_WAS_NE,NFL_WAS,NFL_P_00-0033084,CB,,UNKNOWN,DNP,Not injury related - resting player,2023-11-04,nflverse,,2026-09-07T05:49:16.123275+00:00,2023-11-04T00:00:00
NFL_WAS_00-0033282_2023W09_OUT_DNP,NFL,2023,9,2023_NFL_W09_WAS_NE,NFL_WAS,NFL_P_00-0033282,WR,,OUT,DNP,Toe,2023-11-04,nflverse,,2026-09-07T05:49:16.123275+00:00,2023-11-04T00:00:00
NFL_WAS_00-0039008_2023W09_OUT_DNP,NFL,2023,9,2023_NFL_W09_WAS_NE,NFL_WAS,NFL_P_00-0039008,OL,,OUT,DNP,Knee,2023-11-04,nflverse,,2026-09-07T05:49:16.123275+00:00,2023-11-04T00:00:00
NFL_WAS_00-0038100_2023W09_QUESTIONABLE_FP,NFL,2023,9,2023_NFL_W09_WAS_NE,NFL_WAS,NFL_P_00-0038100,S,,QUESTIONABLE,FP,Calf,2023-11-04,nflverse,,2026-09-07T05:49:16.123275+00:00,2023-11-04T00:00:00
NFL_ARI_00-0035992_2023W10_OUT_DNP,NFL,2023,10,2023_NFL_W10_ATL_ARI,NFL_ARI,NFL_P_00-0035992,OL,,OUT,DNP,Calf,2023-11-11,nflverse,,2026-09-07T05:49:16.123275+00:00,2023-11-11T00:00:00
NFL_ARI_00-0038705_2023W10_OUT_DNP,NFL,2023,10,2023_NFL_W10_ATL_ARI,NFL_ARI,NFL_P_00-0038705,RB,,OUT,DNP,Toe,2023-11-11,nflverse,,2026-09-07T05:49:16.123275+00:00,2023-11-11T00:00:00
NFL_ARI_00-0032222_2023W10_QUESTIONABLE_DNP,NFL,2023,10,2023_NFL_W10_ATL_ARI,NFL_ARI,NFL_P_00-0032222,OL,,QUESTIONABLE,DNP,Ankle,2023-11-11,nflverse,,2026-09-07T05:49:16.123275+00:00,2023-11-11T00:00:00
NFL_ARI_00-0034490_2023W10_QUESTIONABLE_DNP,NFL,2023,10,2023_NFL_W10_ATL_ARI,NFL_ARI,NFL_P_00-0034490,LB,,QUESTIONABLE,DNP,Hamstring,2023-11-11,nflverse,,2026-09-07T05:49:16.123275+00:00,2023-11-11T00:00:00
NFL_ARI_00-0033553_2023W10_QUESTIONABLE_LP,NFL,2023,10,2023_NFL_W10_ATL_ARI,NFL_ARI,NFL_P_00-0033553,RB,,QUESTIONABLE,LP,Knee,2023-11-11,nflverse,,2026-09-07T05:49:16.123275+00:00,2023-11-11T00:00:00
NFL_ARI_00-0034346_2023W10_QUESTIONABLE_LP,NFL,2023,10,2023_NFL_W10_ATL_ARI,NFL_ARI,NFL_P_00-0034346,OL,,QUESTIONABLE,LP,Knee,2023-11-11,nflverse,,2026-09-07T05:49:16.123275+00:00,2023-11-11T00:00:00
NFL_ARI_00-0035853_2023W10_QUESTIONABLE_LP,NFL,2023,10,2023_NFL_W10_ATL_ARI,NFL_ARI,NFL_P_00-0035853,OL,,QUESTIONABLE,LP,Ankle,2023-11-11,nflverse,,2026-09-07T05:49:16.123275+00:00,2023-11-11T00:00:00
NFL_ARI_00-0032141_2023W10_QUESTIONABLE_LP,NFL,2023,10,2023_NFL_W10_ATL_ARI,NFL_ARI,NFL_P_00-0032141,TE,,QUESTIONABLE,LP,Back,2023-11-11,nflverse,,2026-09-07T05:49:16.123275+00:00,2023-11-11T00:00:00
NFL_ARI_00-0038559_2023W10_QUESTIONABLE_LP,NFL,2023,10,2023_NFL_W10_ATL_ARI,NFL_ARI,NFL_P_00-0038559,WR,,QUESTIONABLE,LP,Shoulder,2023-11-11,nflverse,,2026-09-07T05:49:16.123275+00:00,2023-11-11T00:00:00
NFL_ATL_00-0026190_2023W10_NA_DNP,NFL,2023,10,2023_NFL_W10_ATL_ARI,NFL_ATL,NFL_P_00-0026190,EDGE,,UNKNOWN,DNP,Not injury related - resting player,2023-11-11,nflverse,,2026-09-07T05:49:16.123275+00:00,2023-11-11T00:00:00
NFL_ATL_00-0030578_2023W10_NA_DNP,NFL,2023,10,2023_NFL_W10_ATL_ARI,NFL_ATL,NFL_P_00-0030578,RB,,UNKNOWN,DNP,Not injury related - resting player,2023-11-11,nflverse,,2026-09-07T05:49:16.123275+00:00,2023-11-11T00:00:00
NFL_ATL_00-0036970_2023W10_NA_DNP,NFL,2023,10,2023_NFL_W10_ATL_ARI,NFL_ATL,NFL_P_00-0036970,TE,,UNKNOWN,DNP,Not injury related - personal matter,2023-11-11,nflverse,,2026-09-07T05:49:16.123275+00:00,2023-11-11T00:00:00
NFL_ATL_00-0037034_2023W10_OUT_DNP,NFL,2023,10,2023_NFL_W10_ATL_ARI,NFL_ATL,NFL_P_00-0037034,CB,,OUT,DNP,Ankle,2023-11-11,nflverse,,2026-09-07T05:49:16.123275+00:00,2023-11-11T00:00:00
NFL_ATL_00-0033555_2023W10_OUT_DNP,NFL,2023,10,2023_NFL_W10_ATL_ARI,NFL_ATL,NFL_P_00-0033555,WR,,OUT,DNP,Ankle,2023-11-11,nflverse,,2026-09-07T05:49:16.123275+00:00,2023-11-11T00:00:00
NFL_ATL_00-0033051_2023W10_QUESTIONABLE_LP,NFL,2023,10,2023_NFL_W10_ATL_ARI,NFL_ATL,NFL_P_00-0033051,DL,,QUESTIONABLE,LP,Ankle,2023-11-11,nflverse,,2026-09-07T05:49:16.123275+00:00,2023-11-11T00:00:00
NFL_BAL_00-0038119_2023W10_QUESTIONABLE_FP,NFL,2023,10,2023_NFL_W10_CLE_BAL,NFL_BAL,NFL_P_00-0038119,CB,,QUESTIONABLE,FP,Illness,2023-11-11,nflverse,,2026-09-07T05:49:16.123275+00:00,2023-11-11T00:00:00
NFL_BAL_00-0038454_2023W10_QUESTIONABLE_FP,NFL,2023,10,2023_NFL_W10_CLE_BAL,NFL_BAL,NFL_P_00-0038454,RB,,QUESTIONABLE,FP,Hamstring,2023-11-11,nflverse,,2026-09-07T05:49:16.123275+00:00,2023-11-11T00:00:00
NFL_BAL_00-0031330_2023W10_QUESTIONABLE_FP,NFL,2023,10,2023_NFL_W10_CLE_BAL,NFL_BAL,NFL_P_00-0031330,OL,,QUESTIONABLE,FP,Shoulder,2023-11-11,nflverse,,2026-09-07T05:49:16.123275+00:00,2023-11-11T00:00:00
NFL_BAL_00-0033281_2023W10_QUESTIONABLE_LP,NFL,2023,10,2023_NFL_W10_CLE_BAL,NFL_BAL,NFL_P_00-0033281,CB,,QUESTIONABLE,LP,Hamstring,2023-11-11,nflverse,,2026-09-07T05:49:16.123275+00:00,2023-11-11T00:00:00
NFL_BUF_00-0031588_2023W10_NA_LP,NFL,2023,10,2023_NFL_W10_DEN_BUF,NFL_BUF,NFL_P_00-0031588,WR,,UNKNOWN,LP,Back,2023-11-13,nflverse,,2026-09-07T05:49:16.123275+00:00,2023-11-13T00:00:00
NFL_BUF_00-0037288_2023W10_OUT_DNP,NFL,2023,10,2023_NFL_W10_DEN_BUF,NFL_BUF,NFL_P_00-0037288,CB,,OUT,DNP,Hamstring,2023-11-13,nflverse,,2026-09-07T05:49:16.123275+00:00,2023-11-13T00:00:00
NFL_BUF_00-0030090_2023W10_OUT_DNP,NFL,2023,10,2023_NFL_W10_DEN_BUF,NFL_BUF,NFL_P_00-0030090,S,,OUT,DNP,Neck,2023-11-13,nflverse,,2026-09-07T05:49:16.123275+00:00,2023-11-13T00:00:00
NFL_BUF_00-0037254_2023W10_QUESTIONABLE_LP,NFL,2023,10,2023_NFL_W10_DEN_BUF,NFL_BUF,NFL_P_00-0037254,LB,,QUESTIONABLE,LP,Concussion,2023-11-13,nflverse,,2026-09-07T05:49:16.123275+00:00,2023-11-13T00:00:00
NFL_CAR_00-0037499_2023W10_NA_DNP,NFL,2023,10,2023_NFL_W10_CAR_CHI,NFL_CAR,NFL_P_00-0037499,LB,,UNKNOWN,DNP,Knee,2023-11-09,nflverse,,2026-09-07T05:49:16.123275+00:00,2023-11-09T00:00:00
NFL_CAR_00-0037560_2023W10_NA_DNP,NFL,2023,10,2023_NFL_W10_CAR_CHI,NFL_CAR,NFL_P_00-0037560,LB,,UNKNOWN,DNP,Ankle,2023-11-09,nflverse,,2026-09-07T05:49:16.123275+00:00,2023-11-09T00:00:00
NFL_CAR_00-0035713_2023W10_OUT_DNP,NFL,2023,10,2023_NFL_W10_CAR_CHI,NFL_CAR,NFL_P_00-0035713,LB,,OUT,DNP,Concussion,2023-11-09,nflverse,,2026-09-07T05:49:16.123275+00:00,2023-11-09T00:00:00
NFL_CAR_00-0036281_2023W10_OUT_DNP,NFL,2023,10,2023_NFL_W10_CAR_CHI,NFL_CAR,NFL_P_00-0036281,CB,,OUT,DNP,Concussion,2023-11-09,nflverse,,2026-09-07T05:49:16.123275+00:00,2023-11-09T00:00:00
NFL_CAR_00-0036268_2023W10_OUT_DNP,NFL,2023,10,2023_NFL_W10_CAR_CHI,NFL_CAR,NFL_P_00-0036268,WR,,OUT,DNP,Ankle,2023-11-09,nflverse,,2026-09-07T05:49:16.123275+00:00,2023-11-09T00:00:00
NFL_CAR_00-0036438_2023W10_OUT_DNP,NFL,2023,10,2023_NFL_W10_CAR_CHI,NFL_CAR,NFL_P_00-0036438,TE,,OUT,DNP,Shoulder,2023-11-09,nflverse,,2026-09-07T05:49:16.123275+00:00,2023-11-09T00:00:00
NFL_CAR_00-0034777_2023W10_DOUBTFUL_DNP,NFL,2023,10,2023_NFL_W10_CAR_CHI,NFL_CAR,NFL_P_00-0034777,WR,,DOUBTFUL,DNP,Elbow,2023-11-09,nflverse,,2026-09-07T05:49:16.123275+00:00,2023-11-09T00:00:00
NFL_CAR_00-0032939_2023W10_QUESTIONABLE_FP,NFL,2023,10,2023_NFL_W10_CAR_CHI,NFL_CAR,NFL_P_00-0032939,S,,QUESTIONABLE,FP,Quadricep,2023-11-09,nflverse,,2026-09-07T05:49:16.123275+00:00,2023-11-09T00:00:00
NFL_CAR_00-0034382_2023W10_QUESTIONABLE_FP,NFL,2023,10,2023_NFL_W10_CAR_CHI,NFL_CAR,NFL_P_00-0034382,LB,,QUESTIONABLE,FP,Back,2023-11-09,nflverse,,2026-09-07T05:49:16.123275+00:00,2023-11-09T00:00:00
NFL_CAR_00-0033579_2023W10_QUESTIONABLE_LP,NFL,2023,10,2023_NFL_W10_CAR_CHI,NFL_CAR,NFL_P_00-0033579,S,,QUESTIONABLE,LP,Thigh,2023-11-09,nflverse,,2026-09-07T05:49:16.123275+00:00,2023-11-09T00:00:00
NFL_CHI_00-0035099_2023W10_OUT_DNP,NFL,2023,10,2023_NFL_W10_CAR_CHI,NFL_CHI,NFL_P_00-0035099,RB,,OUT,DNP,Concussion,2023-11-09,nflverse,,2026-09-07T05:49:16.123275+00:00,2023-11-09T00:00:00
NFL_CHI_00-0035649_2023W10_OUT_DNP,NFL,2023,10,2023_NFL_W10_CAR_CHI,NFL_CHI,NFL_P_00-0035649,OL,,OUT,DNP,Ankle,2023-11-09,nflverse,,2026-09-07T05:49:16.123275+00:00,2023-11-09T00:00:00
NFL_CHI_00-0034673_2023W10_OUT_DNP,NFL,2023,10,2023_NFL_W10_CAR_CHI,NFL_CHI,NFL_P_00-0034673,LB,,OUT,DNP,Knee,2023-11-09,nflverse,,2026-09-07T05:49:16.123275+00:00,2023-11-09T00:00:00
NFL_CHI_00-0038395_2023W10_OUT_LP,NFL,2023,10,2023_NFL_W10_CAR_CHI,NFL_CHI,NFL_P_00-0038395,CB,,OUT,LP,Illness,2023-11-09,nflverse,,2026-09-07T05:49:16.123275+00:00,2023-11-09T00:00:00
NFL_CHI_00-0036945_2023W10_DOUBTFUL_LP,NFL,2023,10,2023_NFL_W10_CAR_CHI,NFL_CHI,NFL_P_00-0036945,QB,,DOUBTFUL,LP,right Thumb,2023-11-09,nflverse,,2026-09-07T05:49:16.123275+00:00,2023-11-09T00:00:00
NFL_CHI_00-0037129_2023W10_QUESTIONABLE_FP,NFL,2023,10,2023_NFL_W10_CAR_CHI,NFL_CHI,NFL_P_00-0037129,CB,,QUESTIONABLE,FP,Hamstring,2023-11-09,nflverse,,2026-09-07T05:49:16.123275+00:00,2023-11-09T00:00:00
NFL_CHI_00-0036906_2023W10_QUESTIONABLE_FP,NFL,2023,10,2023_NFL_W10_CAR_CHI,NFL_CHI,NFL_P_00-0036906,RB,,QUESTIONABLE,FP,Ankle,2023-11-09,nflverse,,2026-09-07T05:49:16.123275+00:00,2023-11-09T00:00:00
NFL_CHI_00-0034279_2023W10_QUESTIONABLE_FP,NFL,2023,10,2023_NFL_W10_CAR_CHI,NFL_CHI,NFL_P_00-0034279,WR,,QUESTIONABLE,FP,Hamstring,2023-11-09,nflverse,,2026-09-07T05:49:16.123275+00:00,2023-11-09T00:00:00
NFL_CIN_00-0036298_2023W10_NA_LP,NFL,2023,10,2023_NFL_W10_HOU_CIN,NFL_CIN,NFL_P_00-0036298,LB,,UNKNOWN,LP,Knee,2023-11-11,nflverse,,2026-09-07T05:49:16.123275+00:00,2023-11-11T00:00:00
NFL_CIN_00-0036410_2023W10_OUT_DNP,NFL,2023,10,2023_NFL_W10_HOU_CIN,NFL_CIN,NFL_P_00-0036410,WR,,OUT,DNP,Hamstring,2023-11-11,nflverse,,2026-09-07T05:49:16.123275+00:00,2023-11-11T00:00:00
NFL_CIN_00-0034834_2023W10_OUT_DNP,NFL,2023,10,2023_NFL_W10_HOU_CIN,NFL_CIN,NFL_P_00-0034834,EDGE,,OUT,DNP,Ankle,2023-11-11,nflverse,,2026-09-07T05:49:16.123275+00:00,2023-11-11T00:00:00
NFL_CIN_00-0033347_2023W10_DOUBTFUL_LP,NFL,2023,10,2023_NFL_W10_HOU_CIN,NFL_CIN,NFL_P_00-0033347,DL,,DOUBTFUL,LP,Shoulder,2023-11-11,nflverse,,2026-09-07T05:49:16.123275+00:00,2023-11-11T00:00:00
NFL_CIN_00-0038576_2023W10_QUESTIONABLE_FP,NFL,2023,10,2023_NFL_W10_HOU_CIN,NFL_CIN,NFL_P_00-0038576,WR,,QUESTIONABLE,FP,Thumb,2023-11-11,nflverse,,2026-09-07T05:49:16.123275+00:00,2023-11-11T00:00:00
NFL_CIN_00-0036900_2023W10_QUESTIONABLE_LP,NFL,2023,10,2023_NFL_W10_HOU_CIN,NFL_CIN,NFL_P_00-0036900,WR,,QUESTIONABLE,LP,Back,2023-11-11,nflverse,,2026-09-07T05:49:16.123275+00:00,2023-11-11T00:00:00
NFL_CLE_00-0031426_2023W10_NA_DNP,NFL,2023,10,2023_NFL_W10_CLE_BAL,NFL_CLE,NFL_P_00-0031426,OL,,UNKNOWN,DNP,Not injury related - resting player,2023-11-11,nflverse,,2026-09-07T05:49:16.123275+00:00,2023-11-11T00:00:00
NFL_CLE_00-0033868_2023W10_NA_DNP,NFL,2023,10,2023_NFL_W10_CLE_BAL,NFL_CLE,NFL_P_00-0033868,EDGE,,UNKNOWN,DNP,Not injury related - resting player,2023-11-11,nflverse,,2026-09-07T05:49:16.123275+00:00,2023-11-11T00:00:00
NFL_CLE_00-0037251_2023W10_NA_LP,NFL,2023,10,2023_NFL_W10_CLE_BAL,NFL_CLE,NFL_P_00-0037251,EDGE,,UNKNOWN,LP,Knee,2023-11-11,nflverse,,2026-09-07T05:49:16.123275+00:00,2023-11-11T00:00:00
NFL_CLE_00-0037257_2023W10_OUT_DNP,NFL,2023,10,2023_NFL_W10_CLE_BAL,NFL_CLE,NFL_P_00-0037257,WR,,OUT,DNP,Knee,2023-11-11,nflverse,,2026-09-07T05:49:16.123275+00:00,2023-11-11T00:00:00
NFL_CLE_00-0030068_2023W10_OUT_DNP,NFL,2023,10,2023_NFL_W10_CLE_BAL,NFL_CLE,NFL_P_00-0030068,WR,,OUT,DNP,Concussion,2023-11-11,nflverse,,2026-09-07T05:49:16.123275+00:00,2023-11-11T00:00:00
NFL_CLE_00-0039014_2023W10_OUT_DNP,NFL,2023,10,2023_NFL_W10_CLE_BAL,NFL_CLE,NFL_P_00-0039014,OL,,OUT,DNP,Knee,2023-11-11,nflverse,,2026-09-07T05:49:16.123275+00:00,2023-11-11T00:00:00
NFL_CLE_00-0036996_2023W10_QUESTIONABLE_LP,NFL,2023,10,2023_NFL_W10_CLE_BAL,NFL_CLE,NFL_P_00-0036996,CB,,QUESTIONABLE,LP,Groin,2023-11-11,nflverse,,2026-09-07T05:49:16.123275+00:00,2023-11-11T00:00:00
NFL_CLE_00-0038098_2023W10_QUESTIONABLE_LP,NFL,2023,10,2023_NFL_W10_CLE_BAL,NFL_CLE,NFL_P_00-0038098,RB,,QUESTIONABLE,LP,Hamstring,2023-11-11,nflverse,,2026-09-07T05:49:16.123275+00:00,2023-11-11T00:00:00
NFL_DAL_00-0037561_2023W10_NA_LP,NFL,2023,10,2023_NFL_W10_NYG_DAL,NFL_DAL,NFL_P_00-0037561,LB,,UNKNOWN,LP,Calf,2023-11-11,nflverse,,2026-09-07T05:49:16.123275+00:00,2023-11-11T00:00:00
NFL_DAL_00-0037801_2023W10_QUESTIONABLE_DNP,NFL,2023,10,2023_NFL_W10_NYG_DAL,NFL_DAL,NFL_P_00-0037801,WR,,QUESTIONABLE,DNP,Shoulder,2023-11-11,nflverse,,2026-09-07T05:49:16.123275+00:00,2023-11-11T00:00:00
NFL_DET_00-0032785_2023W10_OUT_DNP,NFL,2023,10,2023_NFL_W10_DET_LAC,NFL_DET,NFL_P_00-0032785,OL,,OUT,DNP,Back,2023-11-11,nflverse,,2026-09-07T05:49:16.123275+00:00,2023-11-11T00:00:00
NFL_DET_00-0036954_2023W10_DOUBTFUL_DNP,NFL,2023,10,2023_NFL_W10_DET_LAC,NFL_DET,NFL_P_00-0036954,EDGE,,DOUBTFUL,DNP,Hip,2023-11-11,nflverse,,2026-09-07T05:49:16.123275+00:00,2023-11-11T00:00:00
NFL_DET_00-0033863_2023W10_QUESTIONABLE_FP,NFL,2023,10,2023_NFL_W10_DET_LAC,NFL_DET,NFL_P_00-0033863,OL,,QUESTIONABLE,FP,Ribs,2023-11-11,nflverse,,2026-09-07T05:49:16.123275+00:00,2023-11-11T00:00:00
NFL_DET_00-0036233_2023W10_QUESTIONABLE_LP,NFL,2023,10,2023_NFL_W10_DET_LAC,NFL_DET,NFL_P_00-0036233,WR,,QUESTIONABLE,LP,Ribs,2023-11-11,nflverse,,2026-09-07T05:49:16.123275+00:00,2023-11-11T00:00:00
NFL_GB_00-0035526_2023W10_NA_LP,NFL,2023,10,2023_NFL_W10_GB_PIT,NFL_GB,NFL_P_00-0035526,OL,,UNKNOWN,LP,Knee,2023-11-11,nflverse,,2026-09-07T05:49:16.123275+00:00,2023-11-11T00:00:00
NFL_GB_00-0033293_2023W10_NA_LP,NFL,2023,10,2023_NFL_W10_GB_PIT,NFL_GB,NFL_P_00-0033293,RB,,UNKNOWN,LP,Hamstring,2023-11-11,nflverse,,2026-09-07T05:49:16.123275+00:00,2023-11-11T00:00:00
NFL_GB_00-0034728_2023W10_DOUBTFUL_DNP,NFL,2023,10,2023_NFL_W10_GB_PIT,NFL_GB,NFL_P_00-0034728,CB,,DOUBTFUL,DNP,Shoulder,2023-11-11,nflverse,,2026-09-07T05:49:16.123275+00:00,2023-11-11T00:00:00
NFL_GB_00-0037074_2023W10_DOUBTFUL_DNP,NFL,2023,10,2023_NFL_W10_GB_PIT,NFL_GB,NFL_P_00-0037074,LB,,DOUBTFUL,DNP,Groin,2023-11-11,nflverse,,2026-09-07T05:49:16.123275+00:00,2023-11-11T00:00:00
NFL_GB_00-0033120_2023W10_QUESTIONABLE_LP,NFL,2023,10,2023_NFL_W10_GB_PIT,NFL_GB,NFL_P_00-0033120,EDGE,,QUESTIONABLE,LP,Shoulder,2023-11-11,nflverse,,2026-09-07T05:49:16.123275+00:00,2023-11-11T00:00:00
NFL_GB_00-0033792_2023W10_QUESTIONABLE_LP,NFL,2023,10,2023_NFL_W10_GB_PIT,NFL_GB,NFL_P_00-0033792,S,,QUESTIONABLE,LP,Calf,2023-11-11,nflverse,,2026-09-07T05:49:16.123275+00:00,2023-11-11T00:00:00
NFL_GB_00-0036622_2023W10_QUESTIONABLE_LP,NFL,2023,10,2023_NFL_W10_GB_PIT,NFL_GB,NFL_P_00-0036622,OL,,QUESTIONABLE,LP,Knee,2023-11-11,nflverse,,2026-09-07T05:49:16.123275+00:00,2023-11-11T00:00:00
NFL_GB_00-0035084_2023W10_QUESTIONABLE_LP,NFL,2023,10,2023_NFL_W10_GB_PIT,NFL_GB,NFL_P_00-0035084,OL,,QUESTIONABLE,LP,Back,2023-11-11,nflverse,,2026-09-07T05:49:16.123275+00:00,2023-11-11T00:00:00
NFL_GB_00-0036246_2023W10_QUESTIONABLE_LP,NFL,2023,10,2023_NFL_W10_GB_PIT,NFL_GB,NFL_P_00-0036246,OL,,QUESTIONABLE,LP,Neck,2023-11-11,nflverse,,2026-09-07T05:49:16.123275+00:00,2023-11-11T00:00:00
NFL_HOU_00-0034959_2023W10_OUT_DNP,NFL,2023,10,2023_NFL_W10_HOU_CIN,NFL_HOU,NFL_P_00-0034959,RB,,OUT,DNP,Ankle,2023-11-11,nflverse,,2026-09-07T05:49:16.123275+00:00,2023-11-11T00:00:00
NFL_HOU_00-0036554_2023W10_OUT_DNP,NFL,2023,10,2023_NFL_W10_HOU_CIN,NFL_HOU,NFL_P_00-0036554,WR,,OUT,DNP,Calf,2023-11-11,nflverse,,2026-09-07T05:49:16.123275+00:00,2023-11-11T00:00:00
NFL_HOU_00-0032726_2023W10_OUT_DNP,NFL,2023,10,2023_NFL_W10_HOU_CIN,NFL_HOU,NFL_P_00-0032726,K,,OUT,DNP,Quadricep,2023-11-11,nflverse,,2026-09-07T05:49:16.123275+00:00,2023-11-11T00:00:00
NFL_HOU_00-0037457_2023W10_OUT_DNP,NFL,2023,10,2023_NFL_W10_HOU_CIN,NFL_HOU,NFL_P_00-0037457,LB,,OUT,DNP,Hamstring,2023-11-11,nflverse,,2026-09-07T05:49:16.123275+00:00,2023-11-11T00:00:00
NFL_HOU_00-0036556_2023W10_OUT_DNP,NFL,2023,10,2023_NFL_W10_HOU_CIN,NFL_HOU,NFL_P_00-0036556,TE,,OUT,DNP,Foot,2023-11-11,nflverse,,2026-09-07T05:49:16.123275+00:00,2023-11-11T00:00:00
NFL_HOU_00-0037258_2023W10_OUT_DNP,NFL,2023,10,2023_NFL_W10_HOU_CIN,NFL_HOU,NFL_P_00-0037258,RB,,OUT,DNP,Ankle,2023-11-11,nflverse,,2026-09-07T05:49:16.123275+00:00,2023-11-11T00:00:00
NFL_HOU_00-0038599_2023W10_OUT_DNP,NFL,2023,10,2023_NFL_W10_HOU_CIN,NFL_HOU,NFL_P_00-0038599,LB,,OUT,DNP,Concussion,2023-11-11,nflverse,,2026-09-07T05:49:16.123275+00:00,2023-11-11T00:00:00
NFL_HOU_00-0031298_2023W10_OUT_DNP,NFL,2023,10,2023_NFL_W10_HOU_CIN,NFL_HOU,NFL_P_00-0031298,S,,OUT,DNP,Hamstring,2023-11-11,nflverse,,2026-09-07T05:49:16.123275+00:00,2023-11-11T00:00:00
NFL_HOU_00-0032150_2023W10_QUESTIONABLE_DNP,NFL,2023,10,2023_NFL_W10_HOU_CIN,NFL_HOU,NFL_P_00-0032150,CB,,QUESTIONABLE,DNP,Back,2023-11-11,nflverse,,2026-09-07T05:49:16.123275+00:00,2023-11-11T00:00:00
NFL_HOU_00-0027881_2023W10_QUESTIONABLE_FP,NFL,2023,10,2023_NFL_W10_HOU_CIN,NFL_HOU,NFL_P_00-0027881,EDGE,,QUESTIONABLE,FP,Back,2023-11-11,nflverse,,2026-09-07T05:49:16.123275+00:00,2023-11-11T00:00:00
NFL_HOU_00-0030431_2023W10_QUESTIONABLE_FP,NFL,2023,10,2023_NFL_W10_HOU_CIN,NFL_HOU,NFL_P_00-0030431,WR,,QUESTIONABLE,FP,Foot,2023-11-11,nflverse,,2026-09-07T05:49:16.123275+00:00,2023-11-11T00:00:00
NFL_IND_00-0039156_2023W10_OUT_DNP,NFL,2023,10,2023_NFL_W10_IND_NE,NFL_IND,NFL_P_00-0039156,CB,,OUT,DNP,Quadricep,2023-11-11,nflverse,,2026-09-07T05:49:16.123275+00:00,2023-11-11T00:00:00
NFL_IND_00-0037292_2023W10_OUT_DNP,NFL,2023,10,2023_NFL_W10_IND_NE,NFL_IND,NFL_P_00-0037292,TE,,OUT,DNP,Foot,2023-11-11,nflverse,,2026-09-07T05:49:16.123275+00:00,2023-11-11T00:00:00
NFL_IND_00-0038997_2023W10_QUESTIONABLE_DNP,NFL,2023,10,2023_NFL_W10_IND_NE,NFL_IND,NFL_P_00-0038997,WR,,QUESTIONABLE,DNP,Knee,2023-11-11,nflverse,,2026-09-07T05:49:16.123275+00:00,2023-11-11T00:00:00
NFL_IND_00-0034431_2023W10_QUESTIONABLE_FP,NFL,2023,10,2023_NFL_W10_IND_NE,NFL_IND,NFL_P_00-0034431,LB,,QUESTIONABLE,FP,Knee,2023-11-11,nflverse,,2026-09-07T05:49:16.123275+00:00,2023-11-11T00:00:00
NFL_IND_00-0037664_2023W10_QUESTIONABLE_FP,NFL,2023,10,2023_NFL_W10_IND_NE,NFL_IND,NFL_P_00-0037664,WR,,QUESTIONABLE,FP,Ankle,2023-11-11,nflverse,,2026-09-07T05:49:16.123275+00:00,2023-11-11T00:00:00
NFL_JAX_00-0033891_2023W10_OUT_LP,NFL,2023,10,2023_NFL_W10_SF_JAX,NFL_JAX,NFL_P_00-0033891,WR,,OUT,LP,Knee,2023-11-11,nflverse,,2026-09-07T05:49:16.123275+00:00,2023-11-11T00:00:00
NFL_JAX_00-0036974_2023W10_QUESTIONABLE_LP,NFL,2023,10,2023_NFL_W10_SF_JAX,NFL_JAX,NFL_P_00-0036974,CB,,QUESTIONABLE,LP,Hamstring,2023-11-11,nflverse,,2026-09-07T05:49:16.123275+00:00,2023-11-11T00:00:00
NFL_JAX_00-0036941_2023W10_QUESTIONABLE_LP,NFL,2023,10,2023_NFL_W10_SF_JAX,NFL_JAX,NFL_P_00-0036941,S,,QUESTIONABLE,LP,Hamstring,2023-11-11,nflverse,,2026-09-07T05:49:16.123275+00:00,2023-11-11T00:00:00
NFL_JAX_00-0036327_2023W10_QUESTIONABLE_LP,NFL,2023,10,2023_NFL_W10_SF_JAX,NFL_JAX,NFL_P_00-0036327,OL,,QUESTIONABLE,LP,Toe,2023-11-11,nflverse,,2026-09-07T05:49:16.123275+00:00,2023-11-11T00:00:00
NFL_JAX_00-0036306_2023W10_QUESTIONABLE_LP,NFL,2023,10,2023_NFL_W10_SF_JAX,NFL_JAX,NFL_P_00-0036306,S,,QUESTIONABLE,LP,Hamstring,2023-11-11,nflverse,,2026-09-07T05:49:16.123275+00:00,2023-11-11T00:00:00
NFL_LAC_00-0033697_2023W10_NA_DNP,NFL,2023,10,2023_NFL_W10_DET_LAC,NFL_LAC,NFL_P_00-0033697,CB,,UNKNOWN,DNP,Illness,2023-11-11,nflverse,,2026-09-07T05:49:16.123275+00:00,2023-11-11T00:00:00
NFL_LV_00-0031381_2023W10_NA_DNP,NFL,2023,10,2023_NFL_W10_NYJ_LV,NFL_LV,NFL_P_00-0031381,WR,,UNKNOWN,DNP,Not injury related - resting player,2023-11-12,nflverse,,2026-09-07T05:49:16.123275+00:00,2023-11-12T00:00:00
NFL_LV_00-0034973_2023W10_NA_LP,NFL,2023,10,2023_NFL_W10_NYJ_LV,NFL_LV,NFL_P_00-0034973,EDGE,,UNKNOWN,LP,Knee,2023-11-12,nflverse,,2026-09-07T05:49:16.123275+00:00,2023-11-12T00:00:00
NFL_LV_00-0036990_2023W10_NA_LP,NFL,2023,10,2023_NFL_W10_NYJ_LV,NFL_LV,NFL_P_00-0036990,LB,,UNKNOWN,LP,Ankle,2023-11-12,nflverse,,2026-09-07T05:49:16.123275+00:00,2023-11-12T00:00:00
NFL_LV_00-0036871_2023W10_NA_LP,NFL,2023,10,2023_NFL_W10_NYJ_LV,NFL_LV,NFL_P_00-0036871,CB,,UNKNOWN,LP,Ankle,2023-11-12,nflverse,,2026-09-07T05:49:16.123275+00:00,2023-11-12T00:00:00
NFL_LV_00-0026625_2023W10_NA_LP,NFL,2023,10,2023_NFL_W10_NYJ_LV,NFL_LV,NFL_P_00-0026625,QB,,UNKNOWN,LP,Knee,2023-11-12,nflverse,,2026-09-07T05:49:16.123275+00:00,2023-11-12T00:00:00
NFL_LV_00-0029685_2023W10_NA_LP,NFL,2023,10,2023_NFL_W10_NYJ_LV,NFL_LV,NFL_P_00-0029685,OL,,UNKNOWN,LP,Biceps,2023-11-12,nflverse,,2026-09-07T05:49:16.123275+00:00,2023-11-12T00:00:00
NFL_LV_00-0034759_2023W10_DOUBTFUL_DNP,NFL,2023,10,2023_NFL_W10_NYJ_LV,NFL_LV,NFL_P_00-0034759,OL,,DOUBTFUL,DNP,Shoulder,2023-11-12,nflverse,,2026-09-07T05:49:16.123275+00:00,2023-11-12T00:00:00
NFL_LV_00-0035726_2023W10_QUESTIONABLE_LP,NFL,2023,10,2023_NFL_W10_NYJ_LV,NFL_LV,NFL_P_00-0035726,RB,,QUESTIONABLE,LP,Concussion,2023-11-12,nflverse,,2026-09-07T05:49:16.123275+00:00,2023-11-12T00:00:00
NFL_LV_00-0032165_2023W10_QUESTIONABLE_LP,NFL,2023,10,2023_NFL_W10_NYJ_LV,NFL_LV,NFL_P_00-0032165,CB,,QUESTIONABLE,LP,Knee,2023-11-12,nflverse,,2026-09-07T05:49:16.123275+00:00,2023-11-12T00:00:00
NFL_MIN_00-0029606_2023W10_NA_DNP,NFL,2023,10,2023_NFL_W10_NO_MIN,NFL_MIN,NFL_P_00-0029606,S,,UNKNOWN,DNP,Not injury related - resting player,2023-11-11,nflverse,,2026-09-07T05:49:16.123275+00:00,2023-11-11T00:00:00
NFL_MIN_00-0038598_2023W10_OUT_DNP,NFL,2023,10,2023_NFL_W10_NO_MIN,NFL_MIN,NFL_P_00-0038598,QB,,OUT,DNP,Concussion,2023-11-11,nflverse,,2026-09-07T05:49:16.123275+00:00,2023-11-11T00:00:00
NFL_MIN_00-0032412_2023W10_DOUBTFUL_LP,NFL,2023,10,2023_NFL_W10_NO_MIN,NFL_MIN,NFL_P_00-0032412,EDGE,,DOUBTFUL,LP,Groin,2023-11-11,nflverse,,2026-09-07T05:49:16.123275+00:00,2023-11-11T00:00:00
NFL_MIN_00-0036345_2023W10_QUESTIONABLE_FP,NFL,2023,10,2023_NFL_W10_NO_MIN,NFL_MIN,NFL_P_00-0036345,WR,,QUESTIONABLE,FP,Concussion,2023-11-11,nflverse,,2026-09-07T05:49:16.123275+00:00,2023-11-11T00:00:00
NFL_MIN_00-0031734_2023W10_QUESTIONABLE_FP,NFL,2023,10,2023_NFL_W10_NO_MIN,NFL_MIN,NFL_P_00-0031734,OL,,QUESTIONABLE,FP,Foot,2023-11-11,nflverse,,2026-09-07T05:49:16.123275+00:00,2023-11-11T00:00:00
NFL_MIN_00-0037822_2023W10_QUESTIONABLE_LP,NFL,2023,10,2023_NFL_W10_NO_MIN,NFL_MIN,NFL_P_00-0037822,LB,,QUESTIONABLE,LP,Ankle,2023-11-11,nflverse,,2026-09-07T05:49:16.123275+00:00,2023-11-11T00:00:00
NFL_MIN_00-0035229_2023W10_QUESTIONABLE_LP,NFL,2023,10,2023_NFL_W10_NO_MIN,NFL_MIN,NFL_P_00-0035229,TE,,QUESTIONABLE,LP,Ribs,2023-11-11,nflverse,,2026-09-07T05:49:16.123275+00:00,2023-11-11T00:00:00
NFL_MIN_00-0036322_2023W10_QUESTIONABLE_LP,NFL,2023,10,2023_NFL_W10_NO_MIN,NFL_MIN,NFL_P_00-0036322,WR,,QUESTIONABLE,LP,Hamstring,2023-11-11,nflverse,,2026-09-07T05:49:16.123275+00:00,2023-11-11T00:00:00
NFL_NE_00-0031852_2023W10_NA_DNP,NFL,2023,10,2023_NFL_W10_IND_NE,NFL_NE,NFL_P_00-0031852,OL,,UNKNOWN,DNP,Not injury related - resting player,2023-11-11,nflverse,,2026-09-07T05:49:16.123275+00:00,2023-11-11T00:00:00
NFL_NE_00-0032071_2023W10_OUT_DNP,NFL,2023,10,2023_NFL_W10_IND_NE,NFL_NE,NFL_P_00-0032071,OL,,OUT,DNP,Not injury related - personal matter,2023-11-11,nflverse,,2026-09-07T05:49:16.123275+00:00,2023-11-11T00:00:00
NFL_NE_00-0034591_2023W10_OUT_DNP,NFL,2023,10,2023_NFL_W10_IND_NE,NFL_NE,NFL_P_00-0034591,CB,,OUT,DNP,Not injury related - personal matter,2023-11-11,nflverse,,2026-09-07T05:49:16.123275+00:00,2023-11-11T00:00:00
NFL_NE_00-0031547_2023W10_OUT_DNP,NFL,2023,10,2023_NFL_W10_IND_NE,NFL_NE,NFL_P_00-0031547,WR,,OUT,DNP,Concussion,2023-11-11,nflverse,,2026-09-07T05:49:16.123275+00:00,2023-11-11T00:00:00
NFL_NE_00-0036981_2023W10_QUESTIONABLE_LP,NFL,2023,10,2023_NFL_W10_IND_NE,NFL_NE,NFL_P_00-0036981,DL,,QUESTIONABLE,LP,Knee,2023-11-11,nflverse,,2026-09-07T05:49:16.123275+00:00,2023-11-11T00:00:00
NFL_NE_00-0034385_2023W10_QUESTIONABLE_LP,NFL,2023,10,2023_NFL_W10_IND_NE,NFL_NE,NFL_P_00-0034385,LB,,QUESTIONABLE,LP,Hamstring,2023-11-11,nflverse,,2026-09-07T05:49:16.123275+00:00,2023-11-11T00:00:00
NFL_NE_00-0036087_2023W10_QUESTIONABLE_LP,NFL,2023,10,2023_NFL_W10_IND_NE,NFL_NE,NFL_P_00-0036087,CB,,QUESTIONABLE,LP,Chest,2023-11-11,nflverse,,2026-09-07T05:49:16.123275+00:00,2023-11-11T00:00:00
NFL_NE_00-0038621_2023W10_QUESTIONABLE_LP,NFL,2023,10,2023_NFL_W10_IND_NE,NFL_NE,NFL_P_00-0038621,WR,,QUESTIONABLE,LP,Ankle,2023-11-11,nflverse,,2026-09-07T05:49:16.123275+00:00,2023-11-11T00:00:00
NFL_NE_00-0038039_2023W10_QUESTIONABLE_LP,NFL,2023,10,2023_NFL_W10_IND_NE,NFL_NE,NFL_P_00-0038039,CB,,QUESTIONABLE,LP,Knee,2023-11-11,nflverse,,2026-09-07T05:49:16.123275+00:00,2023-11-11T00:00:00
NFL_NE_00-0032580_2023W10_QUESTIONABLE_LP,NFL,2023,10,2023_NFL_W10_IND_NE,NFL_NE,NFL_P_00-0032580,CB,,QUESTIONABLE,LP,Knee,2023-11-11,nflverse,,2026-09-07T05:49:16.123275+00:00,2023-11-11T00:00:00
NFL_NE_00-0037287_2023W10_QUESTIONABLE_LP,NFL,2023,10,2023_NFL_W10_IND_NE,NFL_NE,NFL_P_00-0037287,OL,,QUESTIONABLE,LP,Ankle,2023-11-11,nflverse,,2026-09-07T05:49:16.123275+00:00,2023-11-11T00:00:00
NFL_NE_00-0026293_2023W10_QUESTIONABLE_LP,NFL,2023,10,2023_NFL_W10_IND_NE,NFL_NE,NFL_P_00-0026293,WR,,QUESTIONABLE,LP,Ankle,2023-11-11,nflverse,,2026-09-07T05:49:16.123275+00:00,2023-11-11T00:00:00
NFL_NE_00-0033947_2023W10_QUESTIONABLE_LP,NFL,2023,10,2023_NFL_W10_IND_NE,NFL_NE,NFL_P_00-0033947,EDGE,,QUESTIONABLE,LP,Shoulder,2023-11-11,nflverse,,2026-09-07T05:49:16.123275+00:00,2023-11-11T00:00:00
NFL_NO_00-0027696_2023W10_NA_LP,NFL,2023,10,2023_NFL_W10_NO_MIN,NFL_NO,NFL_P_00-0027696,TE,,UNKNOWN,LP,Not injury related - resting player,2023-11-11,nflverse,,2026-09-07T05:49:16.123275+00:00,2023-11-11T00:00:00
NFL_NO_00-0033888_2023W10_NA_LP,NFL,2023,10,2023_NFL_W10_NO_MIN,NFL_NO,NFL_P_00-0033888,OL,,UNKNOWN,LP,Not injury related - resting player,2023-11-11,nflverse,,2026-09-07T05:49:16.123275+00:00,2023-11-11T00:00:00
NFL_NO_00-0039143_2023W10_OUT_DNP,NFL,2023,10,2023_NFL_W10_NO_MIN,NFL_NO,NFL_P_00-0039143,EDGE,,OUT,DNP,Quadricep,2023-11-11,nflverse,,2026-09-07T05:49:16.123275+00:00,2023-11-11T00:00:00
NFL_NO_00-0038551_2023W10_OUT_DNP,NFL,2023,10,2023_NFL_W10_NO_MIN,NFL_NO,NFL_P_00-0038551,RB,,OUT,DNP,Ankle,2023-11-11,nflverse,,2026-09-07T05:49:16.123275+00:00,2023-11-11T00:00:00
NFL_NO_00-0036727_2023W10_QUESTIONABLE_FP,NFL,2023,10,2023_NFL_W10_NO_MIN,NFL_NO,NFL_P_00-0036727,RB,,QUESTIONABLE,FP,Knee,2023-11-11,nflverse,,2026-09-07T05:49:16.123275+00:00,2023-11-11T00:00:00
NFL_NYG_00-0033878_2023W10_OUT_DNP,NFL,2023,10,2023_NFL_W10_NYG_DAL,NFL_NYG,NFL_P_00-0033878,CB,,OUT,DNP,Concussion,2023-11-11,nflverse,,2026-09-07T05:49:16.123275+00:00,2023-11-11T00:00:00
NFL_NYG_00-0037612_2023W10_OUT_DNP,NFL,2023,10,2023_NFL_W10_NYG_DAL,NFL_NYG,NFL_P_00-0037612,OL,,OUT,DNP,Ankle,2023-11-11,nflverse,,2026-09-07T05:49:16.123275+00:00,2023-11-11T00:00:00
NFL_NYG_00-0036493_2023W10_OUT_LP,NFL,2023,10,2023_NFL_W10_NYG_DAL,NFL_NYG,NFL_P_00-0036493,RB,,OUT,LP,Concussion,2023-11-11,nflverse,,2026-09-07T05:49:16.123275+00:00,2023-11-11T00:00:00
NFL_NYG_00-0031581_2023W10_QUESTIONABLE_DNP,NFL,2023,10,2023_NFL_W10_NYG_DAL,NFL_NYG,NFL_P_00-0031581,OL,,QUESTIONABLE,DNP,Not injury related - personal matter,2023-11-11,nflverse,,2026-09-07T05:49:16.123275+00:00,2023-11-11T00:00:00
NFL_NYG_00-0035639_2023W10_QUESTIONABLE_LP,NFL,2023,10,2023_NFL_W10_NYG_DAL,NFL_NYG,NFL_P_00-0035639,WR,,QUESTIONABLE,LP,Hamstring,2023-11-11,nflverse,,2026-09-07T05:49:16.123275+00:00,2023-11-11T00:00:00
NFL_NYG_00-0037410_2023W10_QUESTIONABLE_LP,NFL,2023,10,2023_NFL_W10_NYG_DAL,NFL_NYG,NFL_P_00-0037410,RB,,QUESTIONABLE,LP,Hamstring,2023-11-11,nflverse,,2026-09-07T05:49:16.123275+00:00,2023-11-11T00:00:00
NFL_NYG_00-0036552_2023W10_QUESTIONABLE_LP,NFL,2023,10,2023_NFL_W10_NYG_DAL,NFL_NYG,NFL_P_00-0036552,EDGE,,QUESTIONABLE,LP,Ankle,2023-11-11,nflverse,,2026-09-07T05:49:16.123275+00:00,2023-11-11T00:00:00
NFL_NYJ_00-0037003_2023W10_OUT_DNP,NFL,2023,10,2023_NFL_W10_NYJ_LV,NFL_NYJ,NFL_P_00-0037003,LB,,OUT,DNP,Ankle,2023-11-12,nflverse,,2026-09-07T05:49:16.123275+00:00,2023-11-12T00:00:00
NFL_NYJ_00-0031433_2023W10_OUT_DNP,NFL,2023,10,2023_NFL_W10_NYJ_LV,NFL_NYJ,NFL_P_00-0031433,OL,,OUT,DNP,Finger,2023-11-12,nflverse,,2026-09-07T05:49:16.123275+00:00,2023-11-12T00:00:00
NFL_NYJ_00-0026166_2023W10_OUT_FP,NFL,2023,10,2023_NFL_W10_NYJ_LV,NFL_NYJ,NFL_P_00-0026166,OL,,OUT,FP,Hip,2023-11-12,nflverse,,2026-09-07T05:49:16.123275+00:00,2023-11-12T00:00:00
NFL_NYJ_00-0039142_2023W10_QUESTIONABLE_DNP,NFL,2023,10,2023_NFL_W10_NYJ_LV,NFL_NYJ,NFL_P_00-0039142,EDGE,,QUESTIONABLE,DNP,Ankle,2023-11-12,nflverse,,2026-09-07T05:49:16.123275+00:00,2023-11-12T00:00:00
NFL_PIT_00-0038577_2023W10_NA_LP,NFL,2023,10,2023_NFL_W10_GB_PIT,NFL_PIT,NFL_P_00-0038577,LB,,UNKNOWN,LP,Calf,2023-11-11,nflverse,,2026-09-07T05:49:16.123275+00:00,2023-11-11T00:00:00
NFL_PIT_00-0027969_2023W10_NA_LP,NFL,2023,10,2023_NFL_W10_GB_PIT,NFL_PIT,NFL_P_00-0027969,DL,,UNKNOWN,LP,Groin,2023-11-11,nflverse,,2026-09-07T05:49:16.123275+00:00,2023-11-11T00:00:00
NFL_PIT_00-0033929_2023W10_OUT_DNP,NFL,2023,10,2023_NFL_W10_GB_PIT,NFL_PIT,NFL_P_00-0033929,DL,,OUT,DNP,Ankle,2023-11-11,nflverse,,2026-09-07T05:49:16.123275+00:00,2023-11-11T00:00:00
NFL_PIT_00-0034789_2023W10_OUT_DNP,NFL,2023,10,2023_NFL_W10_GB_PIT,NFL_PIT,NFL_P_00-0034789,S,,OUT,DNP,Hamstring,2023-11-11,nflverse,,2026-09-07T05:49:16.123275+00:00,2023-11-11T00:00:00
NFL_SEA_00-0032265_2023W10_NA_DNP,NFL,2023,10,2023_NFL_W10_WAS_SEA,NFL_SEA,NFL_P_00-0032265,EDGE,,UNKNOWN,DNP,Not injury related - resting player,2023-11-11,nflverse,,2026-09-07T05:49:16.123275+00:00,2023-11-11T00:00:00
NFL_SEA_00-0039020_2023W10_OUT_DNP,NFL,2023,10,2023_NFL_W10_WAS_SEA,NFL_SEA,NFL_P_00-0039020,OL,,OUT,DNP,Knee,2023-11-11,nflverse,,2026-09-07T05:49:16.123275+00:00,2023-11-11T00:00:00
NFL_SEA_00-0036409_2023W10_QUESTIONABLE_FP,NFL,2023,10,2023_NFL_W10_WAS_SEA,NFL_SEA,NFL_P_00-0036409,LB,,QUESTIONABLE,FP,Hamstring,2023-11-11,nflverse,,2026-09-07T05:49:16.123275+00:00,2023-11-11T00:00:00
NFL_SEA_00-0036425_2023W10_QUESTIONABLE_FP,NFL,2023,10,2023_NFL_W10_WAS_SEA,NFL_SEA,NFL_P_00-0036425,RB,,QUESTIONABLE,FP,Shoulder,2023-11-11,nflverse,,2026-09-07T05:49:16.123275+00:00,2023-11-11T00:00:00
NFL_SEA_00-0038636_2023W10_QUESTIONABLE_FP,NFL,2023,10,2023_NFL_W10_WAS_SEA,NFL_SEA,NFL_P_00-0038636,RB,,QUESTIONABLE,FP,Knee,2023-11-11,nflverse,,2026-09-07T05:49:16.123275+00:00,2023-11-11T00:00:00
NFL_SEA_00-0036244_2023W10_QUESTIONABLE_FP,NFL,2023,10,2023_NFL_W10_WAS_SEA,NFL_SEA,NFL_P_00-0036244,TE,,QUESTIONABLE,FP,Biceps,2023-11-11,nflverse,,2026-09-07T05:49:16.123275+00:00,2023-11-11T00:00:00
NFL_SF_00-0036551_2023W10_OUT_DNP,NFL,2023,10,2023_NFL_W10_SF_JAX,NFL_SF,NFL_P_00-0036551,OL,,OUT,DNP,Toe,2023-11-11,nflverse,,2026-09-07T05:49:16.123275+00:00,2023-11-11T00:00:00
NFL_SF_00-0037826_2023W10_OUT_DNP,NFL,2023,10,2023_NFL_W10_SF_JAX,NFL_SF,NFL_P_00-0037826,EDGE,,OUT,DNP,Knee,2023-11-11,nflverse,,2026-09-07T05:49:16.123275+00:00,2023-11-11T00:00:00
NFL_SF_00-0035020_2023W10_QUESTIONABLE_DNP,NFL,2023,10,2023_NFL_W10_SF_JAX,NFL_SF,NFL_P_00-0035020,LB,,QUESTIONABLE,DNP,Ankle,2023-11-11,nflverse,,2026-09-07T05:49:16.123275+00:00,2023-11-11T00:00:00
NFL_SF_00-0038603_2023W10_QUESTIONABLE_FP,NFL,2023,10,2023_NFL_W10_SF_JAX,NFL_SF,NFL_P_00-0038603,EDGE,,QUESTIONABLE,FP,Hamstring,2023-11-11,nflverse,,2026-09-07T05:49:16.123275+00:00,2023-11-11T00:00:00
NFL_SF_00-0038594_2023W10_QUESTIONABLE_FP,NFL,2023,10,2023_NFL_W10_SF_JAX,NFL_SF,NFL_P_00-0038594,CB,,QUESTIONABLE,FP,Knee,2023-11-11,nflverse,,2026-09-07T05:49:16.123275+00:00,2023-11-11T00:00:00
NFL_SF_00-0037830_2023W10_QUESTIONABLE_FP,NFL,2023,10,2023_NFL_W10_SF_JAX,NFL_SF,NFL_P_00-0037830,CB,,QUESTIONABLE,FP,Knee,2023-11-11,nflverse,,2026-09-07T05:49:16.123275+00:00,2023-11-11T00:00:00
NFL_SF_00-0033109_2023W10_QUESTIONABLE_LP,NFL,2023,10,2023_NFL_W10_SF_JAX,NFL_SF,NFL_P_00-0033109,DL,,QUESTIONABLE,LP,Knee,2023-11-11,nflverse,,2026-09-07T05:49:16.123275+00:00,2023-11-11T00:00:00
NFL_SF_00-0027857_2023W10_QUESTIONABLE_LP,NFL,2023,10,2023_NFL_W10_SF_JAX,NFL_SF,NFL_P_00-0027857,OL,,QUESTIONABLE,LP,Ankle,2023-11-11,nflverse,,2026-09-07T05:49:16.123275+00:00,2023-11-11T00:00:00
NFL_TB_00-0029562_2023W10_NA_DNP,NFL,2023,10,2023_NFL_W10_TEN_TB,NFL_TB,NFL_P_00-0029562,LB,,UNKNOWN,DNP,Not injury related - resting player,2023-11-11,nflverse,,2026-09-07T05:49:16.123275+00:00,2023-11-11T00:00:00
NFL_TB_00-0031408_2023W10_NA_DNP,NFL,2023,10,2023_NFL_W10_TEN_TB,NFL_TB,NFL_P_00-0031408,WR,,UNKNOWN,DNP,Not injury related - resting player,2023-11-11,nflverse,,2026-09-07T05:49:16.123275+00:00,2023-11-11T00:00:00
NFL_TB_00-0039051_2023W10_OUT_DNP,NFL,2023,10,2023_NFL_W10_TEN_TB,NFL_TB,NFL_P_00-0039051,CB,,OUT,DNP,Concussion,2023-11-11,nflverse,,2026-09-07T05:49:16.123275+00:00,2023-11-11T00:00:00
NFL_TB_00-0031142_2023W10_DOUBTFUL_LP,NFL,2023,10,2023_NFL_W10_TEN_TB,NFL_TB,NFL_P_00-0031142,OL,,DOUBTFUL,LP,Knee,2023-11-11,nflverse,,2026-09-07T05:49:16.123275+00:00,2023-11-11T00:00:00
NFL_TB_00-0035699_2023W10_QUESTIONABLE_FP,NFL,2023,10,2023_NFL_W10_TEN_TB,NFL_TB,NFL_P_00-0035699,CB,,QUESTIONABLE,FP,Concussion,2023-11-11,nflverse,,2026-09-07T05:49:16.123275+00:00,2023-11-11T00:00:00
NFL_TB_00-0038127_2023W10_QUESTIONABLE_FP,NFL,2023,10,2023_NFL_W10_TEN_TB,NFL_TB,NFL_P_00-0038127,EDGE,,QUESTIONABLE,FP,Groin,2023-11-11,nflverse,,2026-09-07T05:49:16.123275+00:00,2023-11-11T00:00:00
NFL_TB_00-0039052_2023W10_QUESTIONABLE_FP,NFL,2023,10,2023_NFL_W10_TEN_TB,NFL_TB,NFL_P_00-0039052,WR,,QUESTIONABLE,FP,Neck,2023-11-11,nflverse,,2026-09-07T05:49:16.123275+00:00,2023-11-11T00:00:00
NFL_TB_00-0034778_2023W10_QUESTIONABLE_LP,NFL,2023,10,2023_NFL_W10_TEN_TB,NFL_TB,NFL_P_00-0034778,CB,,QUESTIONABLE,LP,Toe,2023-11-11,nflverse,,2026-09-07T05:49:16.123275+00:00,2023-11-11T00:00:00
NFL_TB_00-0039063_2023W10_QUESTIONABLE_LP,NFL,2023,10,2023_NFL_W10_TEN_TB,NFL_TB,NFL_P_00-0039063,EDGE,,QUESTIONABLE,LP,Quadricep,2023-11-11,nflverse,,2026-09-07T05:49:16.123275+00:00,2023-11-11T00:00:00
NFL_TEN_00-0033221_2023W10_OUT_DNP,NFL,2023,10,2023_NFL_W10_TEN_TB,NFL_TEN,NFL_P_00-0033221,OL,,OUT,DNP,Ankle,2023-11-11,nflverse,,2026-09-07T05:49:16.123275+00:00,2023-11-11T00:00:00
NFL_TEN_00-0037742_2023W10_OUT_DNP,NFL,2023,10,2023_NFL_W10_TEN_TB,NFL_TEN,NFL_P_00-0037742,WR,,OUT,DNP,Concussion,2023-11-11,nflverse,,2026-09-07T05:49:16.123275+00:00,2023-11-11T00:00:00
NFL_TEN_00-0035239_2023W10_OUT_DNP,NFL,2023,10,2023_NFL_W10_TEN_TB,NFL_TEN,NFL_P_00-0035239,CB,,OUT,DNP,Thumb,2023-11-11,nflverse,,2026-09-07T05:49:16.123275+00:00,2023-11-11T00:00:00
NFL_TEN_00-0037754_2023W10_OUT_DNP,NFL,2023,10,2023_NFL_W10_TEN_TB,NFL_TEN,NFL_P_00-0037754,OL,,OUT,DNP,Shoulder,2023-11-11,nflverse,,2026-09-07T05:49:16.123275+00:00,2023-11-11T00:00:00
NFL_TEN_00-0037493_2023W10_OUT_FP,NFL,2023,10,2023_NFL_W10_TEN_TB,NFL_TEN,NFL_P_00-0037493,S,,OUT,FP,Ankle,2023-11-11,nflverse,,2026-09-07T05:49:16.123275+00:00,2023-11-11T00:00:00
NFL_TEN_00-0038848_2023W10_QUESTIONABLE_LP,NFL,2023,10,2023_NFL_W10_TEN_TB,NFL_TEN,NFL_P_00-0038848,CB,,QUESTIONABLE,LP,Hamstring,2023-11-11,nflverse,,2026-09-07T05:49:16.123275+00:00,2023-11-11T00:00:00
NFL_TEN_00-0029701_2023W10_QUESTIONABLE_LP,NFL,2023,10,2023_NFL_W10_TEN_TB,NFL_TEN,NFL_P_00-0029701,QB,,QUESTIONABLE,LP,Ankle,2023-11-11,nflverse,,2026-09-07T05:49:16.123275+00:00,2023-11-11T00:00:00
NFL_WAS_00-0033523_2023W10_NA_DNP,NFL,2023,10,2023_NFL_W10_WAS_SEA,NFL_WAS,NFL_P_00-0033523,DL,,UNKNOWN,DNP,Not injury related - resting player,2023-11-11,nflverse,,2026-09-07T05:49:16.123275+00:00,2023-11-11T00:00:00
NFL_WAS_00-0037741_2023W10_NA_DNP,NFL,2023,10,2023_NFL_W10_WAS_SEA,NFL_WAS,NFL_P_00-0037741,WR,,UNKNOWN,DNP,Not injury related - personal matter,2023-11-11,nflverse,,2026-09-07T05:49:16.123275+00:00,2023-11-11T00:00:00
NFL_WAS_00-0033084_2023W10_NA_DNP,NFL,2023,10,2023_NFL_W10_WAS_SEA,NFL_WAS,NFL_P_00-0033084,CB,,UNKNOWN,DNP,Not injury related - resting player,2023-11-11,nflverse,,2026-09-07T05:49:16.123275+00:00,2023-11-11T00:00:00
NFL_WAS_00-0033282_2023W10_QUESTIONABLE_LP,NFL,2023,10,2023_NFL_W10_WAS_SEA,NFL_WAS,NFL_P_00-0033282,WR,,QUESTIONABLE,LP,Toe,2023-11-11,nflverse,,2026-09-07T05:49:16.123275+00:00,2023-11-11T00:00:00
NFL_ARI_00-0036924_2023W11_NA_DNP,NFL,2023,11,2023_NFL_W11_ARI_HOU,NFL_ARI,NFL_P_00-0036924,RB,,UNKNOWN,DNP,Not injury related - resting player,2023-11-18,nflverse,,2026-09-07T05:49:16.123275+00:00,2023-11-18T00:00:00
NFL_ARI_00-0037141_2023W11_OUT_DNP,NFL,2023,11,2023_NFL_W11_ARI_HOU,NFL_ARI,NFL_P_00-0037141,S,,OUT,DNP,Knee,2023-11-18,nflverse,,2026-09-07T05:49:16.123275+00:00,2023-11-18T00:00:00
NFL_ARI_00-0038705_2023W11_OUT_DNP,NFL,2023,11,2023_NFL_W11_ARI_HOU,NFL_ARI,NFL_P_00-0038705,RB,,OUT,DNP,Toe,2023-11-18,nflverse,,2026-09-07T05:49:16.123275+00:00,2023-11-18T00:00:00
NFL_ARI_00-0035343_2023W11_OUT_DNP,NFL,2023,11,2023_NFL_W11_ARI_HOU,NFL_ARI,NFL_P_00-0035343,EDGE,,OUT,DNP,Shoulder,2023-11-18,nflverse,,2026-09-07T05:49:16.123275+00:00,2023-11-18T00:00:00
NFL_ARI_00-0033251_2023W11_OUT_DNP,NFL,2023,11,2023_NFL_W11_ARI_HOU,NFL_ARI,NFL_P_00-0033251,WR,,OUT,DNP,Hamstring,2023-11-18,nflverse,,2026-09-07T05:49:16.123275+00:00,2023-11-18T00:00:00
NFL_ARI_00-0035992_2023W11_QUESTIONABLE_LP,NFL,2023,11,2023_NFL_W11_ARI_HOU,NFL_ARI,NFL_P_00-0035992,OL,,QUESTIONABLE,LP,Calf,2023-11-18,nflverse,,2026-09-07T05:49:16.123275+00:00,2023-11-18T00:00:00
NFL_ARI_00-0032222_2023W11_QUESTIONABLE_LP,NFL,2023,11,2023_NFL_W11_ARI_HOU,NFL_ARI,NFL_P_00-0032222,OL,,QUESTIONABLE,LP,Ankle,2023-11-18,nflverse,,2026-09-07T05:49:16.123275+00:00,2023-11-18T00:00:00
NFL_ARI_00-0035334_2023W11_QUESTIONABLE_LP,NFL,2023,11,2023_NFL_W11_ARI_HOU,NFL_ARI,NFL_P_00-0035334,DL,,QUESTIONABLE,LP,Knee,2023-11-18,nflverse,,2026-09-07T05:49:16.123275+00:00,2023-11-18T00:00:00
NFL_ARI_00-0034490_2023W11_QUESTIONABLE_LP,NFL,2023,11,2023_NFL_W11_ARI_HOU,NFL_ARI,NFL_P_00-0034490,LB,,QUESTIONABLE,LP,Hamstring,2023-11-18,nflverse,,2026-09-07T05:49:16.123275+00:00,2023-11-18T00:00:00
NFL_ARI_00-0038559_2023W11_QUESTIONABLE_LP,NFL,2023,11,2023_NFL_W11_ARI_HOU,NFL_ARI,NFL_P_00-0038559,WR,,QUESTIONABLE,LP,Shoulder,2023-11-18,nflverse,,2026-09-07T05:49:16.123275+00:00,2023-11-18T00:00:00
NFL_BAL_00-0031235_2023W11_NA_DNP,NFL,2023,11,2023_NFL_W11_CIN_BAL,NFL_BAL,NFL_P_00-0031235,WR,,UNKNOWN,DNP,Not injury related - resting player,2023-11-16,nflverse,,2026-09-07T05:49:16.123275+00:00,2023-11-16T00:00:00
NFL_BAL_00-0031364_2023W11_NA_DNP,NFL,2023,11,2023_NFL_W11_CIN_BAL,NFL_BAL,NFL_P_00-0031364,LB,,UNKNOWN,DNP,Not injury related - resting player,2023-11-16,nflverse,,2026-09-07T05:49:16.123275+00:00,2023-11-16T00:00:00
NFL_BAL_00-0038504_2023W11_OUT_DNP,NFL,2023,11,2023_NFL_W11_CIN_BAL,NFL_BAL,NFL_P_00-0038504,LB,,OUT,DNP,Concussion,2023-11-16,nflverse,,2026-09-07T05:49:16.123275+00:00,2023-11-16T00:00:00
NFL_BAL_00-0032965_2023W11_OUT_DNP,NFL,2023,11,2023_NFL_W11_CIN_BAL,NFL_BAL,NFL_P_00-0032965,OL,,OUT,DNP,Knee,2023-11-16,nflverse,,2026-09-07T05:49:16.123275+00:00,2023-11-16T00:00:00
NFL_BAL_00-0033281_2023W11_DOUBTFUL_DNP,NFL,2023,11,2023_NFL_W11_CIN_BAL,NFL_BAL,NFL_P_00-0033281,CB,,DOUBTFUL,DNP,Calf,2023-11-16,nflverse,,2026-09-07T05:49:16.123275+00:00,2023-11-16T00:00:00
NFL_BAL_00-0036331_2023W11_QUESTIONABLE_DNP,NFL,2023,11,2023_NFL_W11_CIN_BAL,NFL_BAL,NFL_P_00-0036331,WR,,QUESTIONABLE,DNP,Hamstring,2023-11-16,nflverse,,2026-09-07T05:49:16.123275+00:00,2023-11-16T00:00:00
NFL_BAL_00-0036369_2023W11_QUESTIONABLE_FP,NFL,2023,11,2023_NFL_W11_CIN_BAL,NFL_BAL,NFL_P_00-0036369,OL,,QUESTIONABLE,FP,Illness,2023-11-16,nflverse,,2026-09-07T05:49:16.123275+00:00,2023-11-16T00:00:00
NFL_BAL_00-0031360_2023W11_QUESTIONABLE_FP,NFL,2023,11,2023_NFL_W11_CIN_BAL,NFL_BAL,NFL_P_00-0031360,LB,,QUESTIONABLE,FP,Groin,2023-11-16,nflverse,,2026-09-07T05:49:16.123275+00:00,2023-11-16T00:00:00
NFL_BAL_00-0032891_2023W11_QUESTIONABLE_FP,NFL,2023,11,2023_NFL_W11_CIN_BAL,NFL_BAL,NFL_P_00-0032891,S,,QUESTIONABLE,FP,Hamstring,2023-11-16,nflverse,,2026-09-07T05:49:16.123275+00:00,2023-11-16T00:00:00
NFL_BUF_00-0031557_2023W11_QUESTIONABLE_FP,NFL,2023,11,2023_NFL_W11_NYJ_BUF,NFL_BUF,NFL_P_00-0031557,DL,,QUESTIONABLE,FP,Knee,2023-11-18,nflverse,,2026-09-07T05:49:16.123275+00:00,2023-11-18T00:00:00
NFL_BUF_00-0034487_2023W11_QUESTIONABLE_FP,NFL,2023,11,2023_NFL_W11_NYJ_BUF,NFL_BUF,NFL_P_00-0034487,WR,,QUESTIONABLE,FP,Ankle,2023-11-18,nflverse,,2026-09-07T05:49:16.123275+00:00,2023-11-18T00:00:00
NFL_CAR_00-0031795_2023W11_NA_DNP,NFL,2023,11,2023_NFL_W11_DAL_CAR,NFL_CAR,NFL_P_00-0031795,EDGE,,UNKNOWN,DNP,Not injury related - personal matter,2023-11-18,nflverse,,2026-09-07T05:49:16.123275+00:00,2023-11-18T00:00:00
NFL_CAR_00-0036281_2023W11_OUT_DNP,NFL,2023,11,2023_NFL_W11_DAL_CAR,NFL_CAR,NFL_P_00-0036281,CB,,OUT,DNP,Concussion,2023-11-18,nflverse,,2026-09-07T05:49:16.123275+00:00,2023-11-18T00:00:00
NFL_CAR_00-0034830_2023W11_OUT_DNP,NFL,2023,11,2023_NFL_W11_DAL_CAR,NFL_CAR,NFL_P_00-0034830,TE,,OUT,DNP,Concussion,2023-11-18,nflverse,,2026-09-07T05:49:16.123275+00:00,2023-11-18T00:00:00
NFL_CAR_00-0034382_2023W11_OUT_LP,NFL,2023,11,2023_NFL_W11_DAL_CAR,NFL_CAR,NFL_P_00-0034382,LB,,OUT,LP,Back,2023-11-18,nflverse,,2026-09-07T05:49:16.123275+00:00,2023-11-18T00:00:00
NFL_CAR_00-0036944_2023W11_OUT_LP,NFL,2023,11,2023_NFL_W11_DAL_CAR,NFL_CAR,NFL_P_00-0036944,CB,,OUT,LP,Hamstring,2023-11-18,nflverse,,2026-09-07T05:49:16.123275+00:00,2023-11-18T00:00:00
NFL_CAR_00-0036268_2023W11_QUESTIONABLE_FP,NFL,2023,11,2023_NFL_W11_DAL_CAR,NFL_CAR,NFL_P_00-0036268,WR,,QUESTIONABLE,FP,Ankle,2023-11-18,nflverse,,2026-09-07T05:49:16.123275+00:00,2023-11-18T00:00:00
NFL_CAR_00-0036438_2023W11_QUESTIONABLE_FP,NFL,2023,11,2023_NFL_W11_DAL_CAR,NFL_CAR,NFL_P_00-0036438,TE,,QUESTIONABLE,FP,Shoulder,2023-11-18,nflverse,,2026-09-07T05:49:16.123275+00:00,2023-11-18T00:00:00
NFL_CAR_00-0034365_2023W11_QUESTIONABLE_FP,NFL,2023,11,2023_NFL_W11_DAL_CAR,NFL_CAR,NFL_P_00-0034365,TE,,QUESTIONABLE,FP,Calf,2023-11-18,nflverse,,2026-09-07T05:49:16.123275+00:00,2023-11-18T00:00:00
NFL_CAR_00-0033579_2023W11_QUESTIONABLE_FP,NFL,2023,11,2023_NFL_W11_DAL_CAR,NFL_CAR,NFL_P_00-0033579,S,,QUESTIONABLE,FP,Thigh,2023-11-18,nflverse,,2026-09-07T05:49:16.123275+00:00,2023-11-18T00:00:00
NFL_CHI_00-0024243_2023W11_NA_DNP,NFL,2023,11,2023_NFL_W11_CHI_DET,NFL_CHI,NFL_P_00-0024243,TE,,UNKNOWN,DNP,Not injury related - resting player,2023-11-18,nflverse,,2026-09-07T05:49:16.123275+00:00,2023-11-18T00:00:00
NFL_CHI_00-0038390_2023W11_OUT_DNP,NFL,2023,11,2023_NFL_W11_CHI_DET,NFL_CHI,NFL_P_00-0038390,LB,,OUT,DNP,Knee,2023-11-18,nflverse,,2026-09-07T05:49:16.123275+00:00,2023-11-18T00:00:00
NFL_CHI_00-0037109_2023W11_QUESTIONABLE_DNP,NFL,2023,11,2023_NFL_W11_CHI_DET,NFL_CHI,NFL_P_00-0037109,LB,,QUESTIONABLE,DNP,Ankle,2023-11-18,nflverse,,2026-09-07T05:49:16.123275+00:00,2023-11-18T00:00:00
NFL_CHI_00-0034673_2023W11_QUESTIONABLE_LP,NFL,2023,11,2023_NFL_W11_CHI_DET,NFL_CHI,NFL_P_00-0034673,LB,,QUESTIONABLE,LP,Knee,2023-11-18,nflverse,,2026-09-07T05:49:16.123275+00:00,2023-11-18T00:00:00
NFL_CHI_00-0033925_2023W11_QUESTIONABLE_LP,NFL,2023,11,2023_NFL_W11_CHI_DET,NFL_CHI,NFL_P_00-0033925,RB,,QUESTIONABLE,LP,Ankle,2023-11-18,nflverse,,2026-09-07T05:49:16.123275+00:00,2023-11-18T00:00:00
NFL_CIN_00-0036410_2023W11_OUT_DNP,NFL,2023,11,2023_NFL_W11_CIN_BAL,NFL_CIN,NFL_P_00-0036410,WR,,OUT,DNP,Hamstring,2023-11-16,nflverse,,2026-09-07T05:49:16.123275+00:00,2023-11-16T00:00:00
NFL_CIN_00-0034834_2023W11_OUT_DNP,NFL,2023,11,2023_NFL_W11_CIN_BAL,NFL_CIN,NFL_P_00-0034834,EDGE,,OUT,DNP,Ankle,2023-11-16,nflverse,,2026-09-07T05:49:16.123275+00:00,2023-11-16T00:00:00
NFL_CIN_00-0038619_2023W11_OUT_DNP,NFL,2023,11,2023_NFL_W11_CIN_BAL,NFL_CIN,NFL_P_00-0038619,WR,,OUT,DNP,Knee,2023-11-16,nflverse,,2026-09-07T05:49:16.123275+00:00,2023-11-16T00:00:00
NFL_CIN_00-0038576_2023W11_QUESTIONABLE_FP,NFL,2023,11,2023_NFL_W11_CIN_BAL,NFL_CIN,NFL_P_00-0038576,WR,,QUESTIONABLE,FP,Thumb,2023-11-16,nflverse,,2026-09-07T05:49:16.123275+00:00,2023-11-16T00:00:00
NFL_CLE_00-0034424_2023W11_NA_DNP,NFL,2023,11,2023_NFL_W11_PIT_CLE,NFL_CLE,NFL_P_00-0034424,LB,,UNKNOWN,DNP,Not injury related - personal matter,2023-11-18,nflverse,,2026-09-07T05:49:16.123275+00:00,2023-11-18T00:00:00
NFL_CLE_00-0031426_2023W11_NA_DNP,NFL,2023,11,2023_NFL_W11_PIT_CLE,NFL_CLE,NFL_P_00-0031426,OL,,UNKNOWN,DNP,Not injury related - resting player,2023-11-18,nflverse,,2026-09-07T05:49:16.123275+00:00,2023-11-18T00:00:00
NFL_CLE_00-0031544_2023W11_NA_DNP,NFL,2023,11,2023_NFL_W11_PIT_CLE,NFL_CLE,NFL_P_00-0031544,WR,,UNKNOWN,DNP,Not injury related - resting player,2023-11-18,nflverse,,2026-09-07T05:49:16.123275+00:00,2023-11-18T00:00:00
NFL_CLE_00-0028899_2023W11_NA_DNP,NFL,2023,11,2023_NFL_W11_PIT_CLE,NFL_CLE,NFL_P_00-0028899,S,,UNKNOWN,DNP,Not injury related - resting player,2023-11-18,nflverse,,2026-09-07T05:49:16.123275+00:00,2023-11-18T00:00:00
NFL_CLE_00-0031576_2023W11_NA_DNP,NFL,2023,11,2023_NFL_W11_PIT_CLE,NFL_CLE,NFL_P_00-0031576,EDGE,,UNKNOWN,DNP,Not injury related - resting player,2023-11-18,nflverse,,2026-09-07T05:49:16.123275+00:00,2023-11-18T00:00:00
NFL_CLE_00-0033570_2023W11_NA_DNP,NFL,2023,11,2023_NFL_W11_PIT_CLE,NFL_CLE,NFL_P_00-0033570,LB,,UNKNOWN,DNP,Not injury related - resting player,2023-11-18,nflverse,,2026-09-07T05:49:16.123275+00:00,2023-11-18T00:00:00
NFL_CLE_00-0030068_2023W11_OUT_DNP,NFL,2023,11,2023_NFL_W11_PIT_CLE,NFL_CLE,NFL_P_00-0030068,WR,,OUT,DNP,Concussion,2023-11-18,nflverse,,2026-09-07T05:49:16.123275+00:00,2023-11-18T00:00:00
NFL_CLE_00-0035625_2023W11_OUT_DNP,NFL,2023,11,2023_NFL_W11_PIT_CLE,NFL_CLE,NFL_P_00-0035625,S,,OUT,DNP,Calf,2023-11-18,nflverse,,2026-09-07T05:49:16.123275+00:00,2023-11-18T00:00:00
NFL_CLE_00-0033995_2023W11_QUESTIONABLE_FP,NFL,2023,11,2023_NFL_W11_PIT_CLE,NFL_CLE,NFL_P_00-0033995,OL,,QUESTIONABLE,FP,Calf,2023-11-18,nflverse,,2026-09-07T05:49:16.123275+00:00,2023-11-18T00:00:00
NFL_CLE_00-0039014_2023W11_QUESTIONABLE_LP,NFL,2023,11,2023_NFL_W11_PIT_CLE,NFL_CLE,NFL_P_00-0039014,OL,,QUESTIONABLE,LP,Knee,2023-11-18,nflverse,,2026-09-07T05:49:16.123275+00:00,2023-11-18T00:00:00
NFL_DAL_00-0027947_2023W11_NA_DNP,NFL,2023,11,2023_NFL_W11_DAL_CAR,NFL_DAL,NFL_P_00-0027947,OL,,UNKNOWN,DNP,Not injury related - resting player,2023-11-18,nflverse,,2026-09-07T05:49:16.123275+00:00,2023-11-18T00:00:00
NFL_DAL_00-0036139_2023W11_QUESTIONABLE_FP,NFL,2023,11,2023_NFL_W11_DAL_CAR,NFL_DAL,NFL_P_00-0036139,RB,,QUESTIONABLE,FP,Ankle,2023-11-18,nflverse,,2026-09-07T05:49:16.123275+00:00,2023-11-18T00:00:00
NFL_DEN_00-0033538_2023W11_NA_LP,NFL,2023,11,2023_NFL_W11_MIN_DEN,NFL_DEN,NFL_P_00-0033538,OL,,UNKNOWN,LP,Ankle,2023-11-19,nflverse,,2026-09-07T05:49:16.123275+00:00,2023-11-19T00:00:00
NFL_DEN_00-0033526_2023W11_NA_LP,NFL,2023,11,2023_NFL_W11_MIN_DEN,NFL_DEN,NFL_P_00-0033526,RB,,UNKNOWN,LP,Ankle,2023-11-19,nflverse,,2026-09-07T05:49:16.123275+00:00,2023-11-19T00:00:00
NFL_DEN_00-0034978_2023W11_NA_LP,NFL,2023,11,2023_NFL_W11_MIN_DEN,NFL_DEN,NFL_P_00-0034978,OL,,UNKNOWN,LP,Foot,2023-11-19,nflverse,,2026-09-07T05:49:16.123275+00:00,2023-11-19T00:00:00
NFL_DEN_00-0035227_2023W11_OUT_DNP,NFL,2023,11,2023_NFL_W11_MIN_DEN,NFL_DEN,NFL_P_00-0035227,S,,OUT,DNP,Ankle,2023-11-19,nflverse,,2026-09-07T05:49:16.123275+00:00,2023-11-19T00:00:00
NFL_DET_00-0035219_2023W11_OUT_DNP,NFL,2023,11,2023_NFL_W11_CHI_DET,NFL_DET,NFL_P_00-0035219,DL,,OUT,DNP,Illness,2023-11-18,nflverse,,2026-09-07T05:49:16.123275+00:00,2023-11-18T00:00:00
NFL_DET_00-0036258_2023W11_OUT_DNP,NFL,2023,11,2023_NFL_W11_CHI_DET,NFL_DET,NFL_P_00-0036258,OL,,OUT,DNP,Wrist,2023-11-18,nflverse,,2026-09-07T05:49:16.123275+00:00,2023-11-18T00:00:00
NFL_DET_00-0036993_2023W11_QUESTIONABLE_FP,NFL,2023,11,2023_NFL_W11_CHI_DET,NFL_DET,NFL_P_00-0036993,S,,QUESTIONABLE,FP,Hand,2023-11-18,nflverse,,2026-09-07T05:49:16.123275+00:00,2023-11-18T00:00:00
NFL_GB_00-0033120_2023W11_NA_LP,NFL,2023,11,2023_NFL_W11_LAC_GB,NFL_GB,NFL_P_00-0033120,EDGE,,UNKNOWN,LP,Shoulder,2023-11-18,nflverse,,2026-09-07T05:49:16.123275+00:00,2023-11-18T00:00:00
NFL_GB_00-0035526_2023W11_NA_LP,NFL,2023,11,2023_NFL_W11_LAC_GB,NFL_GB,NFL_P_00-0035526,OL,,UNKNOWN,LP,Knee,2023-11-18,nflverse,,2026-09-07T05:49:16.123275+00:00,2023-11-18T00:00:00
NFL_GB_00-0033293_2023W11_NA_LP,NFL,2023,11,2023_NFL_W11_LAC_GB,NFL_GB,NFL_P_00-0033293,RB,,UNKNOWN,LP,Hamstring,2023-11-18,nflverse,,2026-09-07T05:49:16.123275+00:00,2023-11-18T00:00:00
NFL_GB_00-0038124_2023W11_NA_LP,NFL,2023,11,2023_NFL_W11_LAC_GB,NFL_GB,NFL_P_00-0038124,WR,,UNKNOWN,LP,Shoulder,2023-11-18,nflverse,,2026-09-07T05:49:16.123275+00:00,2023-11-18T00:00:00
NFL_GB_00-0033792_2023W11_DOUBTFUL_DNP,NFL,2023,11,2023_NFL_W11_LAC_GB,NFL_GB,NFL_P_00-0033792,S,,DOUBTFUL,DNP,Biceps,2023-11-18,nflverse,,2026-09-07T05:49:16.123275+00:00,2023-11-18T00:00:00
NFL_GB_00-0034728_2023W11_QUESTIONABLE_LP,NFL,2023,11,2023_NFL_W11_LAC_GB,NFL_GB,NFL_P_00-0034728,CB,,QUESTIONABLE,LP,Shoulder,2023-11-18,nflverse,,2026-09-07T05:49:16.123275+00:00,2023-11-18T00:00:00
NFL_GB_00-0034967_2023W11_QUESTIONABLE_LP,NFL,2023,11,2023_NFL_W11_LAC_GB,NFL_GB,NFL_P_00-0034967,LB,,QUESTIONABLE,LP,Shoulder,2023-11-18,nflverse,,2026-09-07T05:49:16.123275+00:00,2023-11-18T00:00:00
NFL_GB_00-0037074_2023W11_QUESTIONABLE_LP,NFL,2023,11,2023_NFL_W11_LAC_GB,NFL_GB,NFL_P_00-0037074,LB,,QUESTIONABLE,LP,Groin,2023-11-18,nflverse,,2026-09-07T05:49:16.123275+00:00,2023-11-18T00:00:00
NFL_HOU_00-0035995_2023W11_OUT_DNP,NFL,2023,11,2023_NFL_W11_ARI_HOU,NFL_HOU,NFL_P_00-0035995,S,,OUT,DNP,Calf,2023-11-18,nflverse,,2026-09-07T05:49:16.123275+00:00,2023-11-18T00:00:00
NFL_HOU_00-0037457_2023W11_OUT_DNP,NFL,2023,11,2023_NFL_W11_ARI_HOU,NFL_HOU,NFL_P_00-0037457,LB,,OUT,DNP,Hamstring,2023-11-18,nflverse,,2026-09-07T05:49:16.123275+00:00,2023-11-18T00:00:00
NFL_HOU_00-0038599_2023W11_OUT_DNP,NFL,2023,11,2023_NFL_W11_ARI_HOU,NFL_HOU,NFL_P_00-0038599,LB,,OUT,DNP,Concussion,2023-11-18,nflverse,,2026-09-07T05:49:16.123275+00:00,2023-11-18T00:00:00
NFL_HOU_00-0031298_2023W11_OUT_DNP,NFL,2023,11,2023_NFL_W11_ARI_HOU,NFL_HOU,NFL_P_00-0031298,S,,OUT,DNP,Hamstring,2023-11-18,nflverse,,2026-09-07T05:49:16.123275+00:00,2023-11-18T00:00:00
NFL_HOU_00-0037258_2023W11_OUT_LP,NFL,2023,11,2023_NFL_W11_ARI_HOU,NFL_HOU,NFL_P_00-0037258,RB,,OUT,LP,Ankle,2023-11-18,nflverse,,2026-09-07T05:49:16.123275+00:00,2023-11-18T00:00:00
NFL_HOU_00-0039108_2023W11_QUESTIONABLE_DNP,NFL,2023,11,2023_NFL_W11_ARI_HOU,NFL_HOU,NFL_P_00-0039108,EDGE,,QUESTIONABLE,DNP,Knee,2023-11-18,nflverse,,2026-09-07T05:49:16.123275+00:00,2023-11-18T00:00:00
NFL_HOU_00-0033591_2023W11_QUESTIONABLE_DNP,NFL,2023,11,2023_NFL_W11_ARI_HOU,NFL_HOU,NFL_P_00-0033591,WR,,QUESTIONABLE,DNP,Knee,2023-11-18,nflverse,,2026-09-07T05:49:16.123275+00:00,2023-11-18T00:00:00
NFL_HOU_00-0039009_2023W11_QUESTIONABLE_FP,NFL,2023,11,2023_NFL_W11_ARI_HOU,NFL_HOU,NFL_P_00-0039009,EDGE,,QUESTIONABLE,FP,Knee,2023-11-18,nflverse,,2026-09-07T05:49:16.123275+00:00,2023-11-18T00:00:00
NFL_JAX_00-0033572_2023W11_OUT_DNP,NFL,2023,11,2023_NFL_W11_TEN_JAX,NFL_JAX,NFL_P_00-0033572,WR,,OUT,DNP,Shoulder,2023-11-18,nflverse,,2026-09-07T05:49:16.123275+00:00,2023-11-18T00:00:00
NFL_JAX_00-0036974_2023W11_OUT_DNP,NFL,2023,11,2023_NFL_W11_TEN_JAX,NFL_JAX,NFL_P_00-0036974,CB,,OUT,DNP,Hamstring,2023-11-18,nflverse,,2026-09-07T05:49:16.123275+00:00,2023-11-18T00:00:00
NFL_JAX_00-0038934_2023W11_QUESTIONABLE_LP,NFL,2023,11,2023_NFL_W11_TEN_JAX,NFL_JAX,NFL_P_00-0038934,OL,,QUESTIONABLE,LP,Back,2023-11-18,nflverse,,2026-09-07T05:49:16.123275+00:00,2023-11-18T00:00:00
NFL_JAX_00-0033891_2023W11_QUESTIONABLE_LP,NFL,2023,11,2023_NFL_W11_TEN_JAX,NFL_JAX,NFL_P_00-0033891,WR,,QUESTIONABLE,LP,Knee,2023-11-18,nflverse,,2026-09-07T05:49:16.123275+00:00,2023-11-18T00:00:00
NFL_JAX_00-0032667_2023W11_QUESTIONABLE_LP,NFL,2023,11,2023_NFL_W11_TEN_JAX,NFL_JAX,NFL_P_00-0032667,DL,,QUESTIONABLE,LP,Ankle,2023-11-18,nflverse,,2026-09-07T05:49:16.123275+00:00,2023-11-18T00:00:00
NFL_JAX_00-0038606_2023W11_QUESTIONABLE_LP,NFL,2023,11,2023_NFL_W11_TEN_JAX,NFL_JAX,NFL_P_00-0038606,WR,,QUESTIONABLE,LP,Knee,2023-11-18,nflverse,,2026-09-07T05:49:16.123275+00:00,2023-11-18T00:00:00
NFL_KC_00-0034286_2023W11_QUESTIONABLE_FP,NFL,2023,11,2023_NFL_W11_PHI_KC,NFL_KC,NFL_P_00-0034286,WR,,QUESTIONABLE,FP,Knee,2023-11-20,nflverse,,2026-09-07T05:49:16.123275+00:00,2023-11-20T00:00:00
NFL_LAR_00-0034804_2023W11_NA_DNP,NFL,2023,11,2023_NFL_W11_SEA_LAR,NFL_LAR,NFL_P_00-0034804,OL,,UNKNOWN,DNP,Not injury related - resting player,2023-11-18,nflverse,,2026-09-07T05:49:16.123275+00:00,2023-11-18T00:00:00
NFL_LAR_00-0031388_2023W11_NA_DNP,NFL,2023,11,2023_NFL_W11_SEA_LAR,NFL_LAR,NFL_P_00-0031388,DL,,UNKNOWN,DNP,Not injury related - resting player,2023-11-18,nflverse,,2026-09-07T05:49:16.123275+00:00,2023-11-18T00:00:00
NFL_LAR_00-0033908_2023W11_NA_DNP,NFL,2023,11,2023_NFL_W11_SEA_LAR,NFL_LAR,NFL_P_00-0033908,WR,,UNKNOWN,DNP,Not injury related - resting player,2023-11-18,nflverse,,2026-09-07T05:49:16.123275+00:00,2023-11-18T00:00:00
NFL_LAR_00-0037839_2023W11_QUESTIONABLE_LP,NFL,2023,11,2023_NFL_W11_SEA_LAR,NFL_LAR,NFL_P_00-0037839,CB,,QUESTIONABLE,LP,Shoulder,2023-11-18,nflverse,,2026-09-07T05:49:16.123275+00:00,2023-11-18T00:00:00
NFL_LAC_00-0031040_2023W11_NA_DNP,NFL,2023,11,2023_NFL_W11_LAC_GB,NFL_LAC,NFL_P_00-0031040,EDGE,,UNKNOWN,DNP,Not injury related - resting player,2023-11-18,nflverse,,2026-09-07T05:49:16.123275+00:00,2023-11-18T00:00:00
NFL_LAC_00-0033895_2023W11_OUT_DNP,NFL,2023,11,2023_NFL_W11_LAC_GB,NFL_LAC,NFL_P_00-0033895,TE,,OUT,DNP,Chest,2023-11-18,nflverse,,2026-09-07T05:49:16.123275+00:00,2023-11-18T00:00:00
NFL_LAC_00-0038091_2023W11_OUT_LP,NFL,2023,11,2023_NFL_W11_LAC_GB,NFL_LAC,NFL_P_00-0038091,S,,OUT,LP,Illness,2023-11-18,nflverse,,2026-09-07T05:49:16.123275+00:00,2023-11-18T00:00:00
NFL_LAC_00-0038045_2023W11_QUESTIONABLE_DNP,NFL,2023,11,2023_NFL_W11_LAC_GB,NFL_LAC,NFL_P_00-0038045,RB,,QUESTIONABLE,DNP,Illness,2023-11-18,nflverse,,2026-09-07T05:49:16.123275+00:00,2023-11-18T00:00:00
NFL_LAC_00-0030279_2023W11_QUESTIONABLE_FP,NFL,2023,11,2023_NFL_W11_LAC_GB,NFL_LAC,NFL_P_00-0030279,WR,,QUESTIONABLE,FP,Shoulder,2023-11-18,nflverse,,2026-09-07T05:49:16.123275+00:00,2023-11-18T00:00:00
NFL_LAC_00-0035414_2023W11_QUESTIONABLE_LP,NFL,2023,11,2023_NFL_W11_LAC_GB,NFL_LAC,NFL_P_00-0035414,WR,,QUESTIONABLE,LP,Groin,2023-11-18,nflverse,,2026-09-07T05:49:16.123275+00:00,2023-11-18T00:00:00
NFL_LV_00-0034973_2023W11_NA_LP,NFL,2023,11,2023_NFL_W11_LV_MIA,NFL_LV,NFL_P_00-0034973,EDGE,,UNKNOWN,LP,Knee,2023-11-18,nflverse,,2026-09-07T05:49:16.123275+00:00,2023-11-18T00:00:00
NFL_LV_00-0032165_2023W11_NA_LP,NFL,2023,11,2023_NFL_W11_LV_MIA,NFL_LV,NFL_P_00-0032165,CB,,UNKNOWN,LP,Knee,2023-11-18,nflverse,,2026-09-07T05:49:16.123275+00:00,2023-11-18T00:00:00
NFL_LV_00-0029685_2023W11_NA_LP,NFL,2023,11,2023_NFL_W11_LV_MIA,NFL_LV,NFL_P_00-0029685,OL,,UNKNOWN,LP,Biceps,2023-11-18,nflverse,,2026-09-07T05:49:16.123275+00:00,2023-11-18T00:00:00
NFL_LV_00-0035437_2023W11_QUESTIONABLE_FP,NFL,2023,11,2023_NFL_W11_LV_MIA,NFL_LV,NFL_P_00-0035437,S,,QUESTIONABLE,FP,Hamstring,2023-11-18,nflverse,,2026-09-07T05:49:16.123275+00:00,2023-11-18T00:00:00
NFL_LV_00-0034759_2023W11_QUESTIONABLE_LP,NFL,2023,11,2023_NFL_W11_LV_MIA,NFL_LV,NFL_P_00-0034759,OL,,QUESTIONABLE,LP,Shoulder,2023-11-18,nflverse,,2026-09-07T05:49:16.123275+00:00,2023-11-18T00:00:00
NFL_LV_00-0037255_2023W11_QUESTIONABLE_LP,NFL,2023,11,2023_NFL_W11_LV_MIA,NFL_LV,NFL_P_00-0037255,OL,,QUESTIONABLE,LP,Calf,2023-11-18,nflverse,,2026-09-07T05:49:16.123275+00:00,2023-11-18T00:00:00
NFL_MIA_00-0030067_2023W11_NA_LP,NFL,2023,11,2023_NFL_W11_LV_MIA,NFL_MIA,NFL_P_00-0030067,OL,,UNKNOWN,LP,Knee,2023-11-18,nflverse,,2026-09-07T05:49:16.123275+00:00,2023-11-18T00:00:00
NFL_MIA_00-0033040_2023W11_NA_LP,NFL,2023,11,2023_NFL_W11_LV_MIA,NFL_MIA,NFL_P_00-0033040,WR,,UNKNOWN,LP,Foot,2023-11-18,nflverse,,2026-09-07T05:49:16.123275+00:00,2023-11-18T00:00:00
NFL_MIA_00-0031687_2023W11_NA_LP,NFL,2023,11,2023_NFL_W11_LV_MIA,NFL_MIA,NFL_P_00-0031687,RB,,UNKNOWN,LP,Ankle,2023-11-18,nflverse,,2026-09-07T05:49:16.123275+00:00,2023-11-18T00:00:00
NFL_MIA_00-0036326_2023W11_OUT_DNP,NFL,2023,11,2023_NFL_W11_LV_MIA,NFL_MIA,NFL_P_00-0036326,WR,,OUT,DNP,Knee,2023-11-18,nflverse,,2026-09-07T05:49:16.123275+00:00,2023-11-18T00:00:00
NFL_MIA_00-0036325_2023W11_OUT_DNP,NFL,2023,11,2023_NFL_W11_LV_MIA,NFL_MIA,NFL_P_00-0036325,OL,,OUT,DNP,Hamstring,2023-11-18,nflverse,,2026-09-07T05:49:16.123275+00:00,2023-11-18T00:00:00
NFL_MIA_00-0036596_2023W11_OUT_DNP,NFL,2023,11,2023_NFL_W11_LV_MIA,NFL_MIA,NFL_P_00-0036596,OL,,OUT,DNP,Knee,2023-11-18,nflverse,,2026-09-07T05:49:16.123275+00:00,2023-11-18T00:00:00
NFL_MIA_00-0039040_2023W11_QUESTIONABLE_LP,NFL,2023,11,2023_NFL_W11_LV_MIA,NFL_MIA,NFL_P_00-0039040,RB,,QUESTIONABLE,LP,Knee,2023-11-18,nflverse,,2026-09-07T05:49:16.123275+00:00,2023-11-18T00:00:00
NFL_MIA_00-0034419_2023W11_QUESTIONABLE_LP,NFL,2023,11,2023_NFL_W11_LV_MIA,NFL_MIA,NFL_P_00-0034419,WR,,QUESTIONABLE,LP,Hamstring,2023-11-18,nflverse,,2026-09-07T05:49:16.123275+00:00,2023-11-18T00:00:00
NFL_MIA_00-0035125_2023W11_QUESTIONABLE_LP,NFL,2023,11,2023_NFL_W11_LV_MIA,NFL_MIA,NFL_P_00-0035125,RB,,QUESTIONABLE,LP,Foot,2023-11-18,nflverse,,2026-09-07T05:49:16.123275+00:00,2023-11-18T00:00:00
NFL_MIA_00-0034798_2023W11_QUESTIONABLE_LP,NFL,2023,11,2023_NFL_W11_LV_MIA,NFL_MIA,NFL_P_00-0034798,TE,,QUESTIONABLE,LP,Ankle,2023-11-18,nflverse,,2026-09-07T05:49:16.123275+00:00,2023-11-18T00:00:00
NFL_MIN_00-0034450_2023W11_NA_DNP,NFL,2023,11,2023_NFL_W11_MIN_DEN,NFL_MIN,NFL_P_00-0034450,K,,UNKNOWN,DNP,Not injury related - personal matter,2023-11-19,nflverse,,2026-09-07T05:49:16.123275+00:00,2023-11-19T00:00:00
NFL_MIN_00-0038101_2023W11_OUT_DNP,NFL,2023,11,2023_NFL_W11_MIN_DEN,NFL_MIN,NFL_P_00-0038101,CB,,OUT,DNP,Calf,2023-11-19,nflverse,,2026-09-07T05:49:16.123275+00:00,2023-11-19T00:00:00
NFL_MIN_00-0038598_2023W11_OUT_DNP,NFL,2023,11,2023_NFL_W11_MIN_DEN,NFL_MIN,NFL_P_00-0038598,QB,,OUT,DNP,Concussion,2023-11-19,nflverse,,2026-09-07T05:49:16.123275+00:00,2023-11-19T00:00:00
NFL_MIN_00-0037822_2023W11_QUESTIONABLE_FP,NFL,2023,11,2023_NFL_W11_MIN_DEN,NFL_MIN,NFL_P_00-0037822,LB,,QUESTIONABLE,FP,Ankle,2023-11-19,nflverse,,2026-09-07T05:49:16.123275+00:00,2023-11-19T00:00:00
NFL_MIN_00-0034972_2023W11_QUESTIONABLE_FP,NFL,2023,11,2023_NFL_W11_MIN_DEN,NFL_MIN,NFL_P_00-0034972,RB,,QUESTIONABLE,FP,Concussion,2023-11-19,nflverse,,2026-09-07T05:49:16.123275+00:00,2023-11-19T00:00:00
NFL_MIN_00-0031734_2023W11_QUESTIONABLE_FP,NFL,2023,11,2023_NFL_W11_MIN_DEN,NFL_MIN,NFL_P_00-0031734,OL,,QUESTIONABLE,FP,Foot,2023-11-19,nflverse,,2026-09-07T05:49:16.123275+00:00,2023-11-19T00:00:00
NFL_MIN_00-0036322_2023W11_QUESTIONABLE_LP,NFL,2023,11,2023_NFL_W11_MIN_DEN,NFL_MIN,NFL_P_00-0036322,WR,,QUESTIONABLE,LP,Hamstring,2023-11-19,nflverse,,2026-09-07T05:49:16.123275+00:00,2023-11-19T00:00:00
NFL_MIN_00-0033319_2023W11_QUESTIONABLE_LP,NFL,2023,11,2023_NFL_W11_MIN_DEN,NFL_MIN,NFL_P_00-0033319,QB,,QUESTIONABLE,LP,Back,2023-11-19,nflverse,,2026-09-07T05:49:16.123275+00:00,2023-11-19T00:00:00
NFL_NYG_00-0034844_2023W11_NA_LP,NFL,2023,11,2023_NFL_W11_NYG_WAS,NFL_NYG,NFL_P_00-0034844,RB,,UNKNOWN,LP,Ankle,2023-11-18,nflverse,,2026-09-07T05:49:16.123275+00:00,2023-11-18T00:00:00
NFL_NYG_00-0036552_2023W11_NA_LP,NFL,2023,11,2023_NFL_W11_NYG_WAS,NFL_NYG,NFL_P_00-0036552,EDGE,,UNKNOWN,LP,Ankle,2023-11-18,nflverse,,2026-09-07T05:49:16.123275+00:00,2023-11-18T00:00:00
NFL_NYG_00-0035687_2023W11_NA_LP,NFL,2023,11,2023_NFL_W11_NYG_WAS,NFL_NYG,NFL_P_00-0035687,LB,,UNKNOWN,LP,Hip,2023-11-18,nflverse,,2026-09-07T05:49:16.123275+00:00,2023-11-18T00:00:00
NFL_NYG_00-0038117_2023W11_NA_LP,NFL,2023,11,2023_NFL_W11_NYG_WAS,NFL_NYG,NFL_P_00-0038117,WR,,UNKNOWN,LP,Knee,2023-11-18,nflverse,,2026-09-07T05:49:16.123275+00:00,2023-11-18T00:00:00
NFL_NYG_00-0033878_2023W11_OUT_DNP,NFL,2023,11,2023_NFL_W11_NYG_WAS,NFL_NYG,NFL_P_00-0033878,CB,,OUT,DNP,Concussion,2023-11-18,nflverse,,2026-09-07T05:49:16.123275+00:00,2023-11-18T00:00:00
NFL_NYG_00-0037612_2023W11_OUT_DNP,NFL,2023,11,2023_NFL_W11_NYG_WAS,NFL_NYG,NFL_P_00-0037612,OL,,OUT,DNP,Ankle,2023-11-18,nflverse,,2026-09-07T05:49:16.123275+00:00,2023-11-18T00:00:00
NFL_NYG_00-0031587_2023W11_QUESTIONABLE_NA,NFL,2023,11,2023_NFL_W11_NYG_WAS,NFL_NYG,NFL_P_00-0031587,S,,QUESTIONABLE,,Illness,2023-11-18,nflverse,,2026-09-07T05:49:16.123275+00:00,2023-11-18T00:00:00
NFL_NYG_00-0036386_2023W11_QUESTIONABLE_LP,NFL,2023,11,2023_NFL_W11_NYG_WAS,NFL_NYG,NFL_P_00-0036386,OL,,QUESTIONABLE,LP,Knee,2023-11-18,nflverse,,2026-09-07T05:49:16.123275+00:00,2023-11-18T00:00:00
NFL_NYJ_00-0034902_2023W11_OUT_DNP,NFL,2023,11,2023_NFL_W11_NYJ_BUF,NFL_NYJ,NFL_P_00-0034902,LB,,OUT,DNP,Hip,2023-11-18,nflverse,,2026-09-07T05:49:16.123275+00:00,2023-11-18T00:00:00
NFL_NYJ_00-0037003_2023W11_OUT_DNP,NFL,2023,11,2023_NFL_W11_NYJ_BUF,NFL_NYJ,NFL_P_00-0037003,LB,,OUT,DNP,Ankle,2023-11-18,nflverse,,2026-09-07T05:49:16.123275+00:00,2023-11-18T00:00:00
NFL_NYJ_00-0031433_2023W11_OUT_DNP,NFL,2023,11,2023_NFL_W11_NYJ_BUF,NFL_NYJ,NFL_P_00-0031433,OL,,OUT,DNP,Finger,2023-11-18,nflverse,,2026-09-07T05:49:16.123275+00:00,2023-11-18T00:00:00
NFL_NYJ_00-0026166_2023W11_OUT_FP,NFL,2023,11,2023_NFL_W11_NYJ_BUF,NFL_NYJ,NFL_P_00-0026166,OL,,OUT,FP,Hip,2023-11-18,nflverse,,2026-09-07T05:49:16.123275+00:00,2023-11-18T00:00:00
NFL_NYJ_00-0036510_2023W11_OUT_FP,NFL,2023,11,2023_NFL_W11_NYJ_BUF,NFL_NYJ,NFL_P_00-0036510,TE,,OUT,FP,Hamstring,2023-11-18,nflverse,,2026-09-07T05:49:16.123275+00:00,2023-11-18T00:00:00
NFL_NYJ_00-0039142_2023W11_QUESTIONABLE_LP,NFL,2023,11,2023_NFL_W11_NYJ_BUF,NFL_NYJ,NFL_P_00-0039142,EDGE,,QUESTIONABLE,LP,Ankle,2023-11-18,nflverse,,2026-09-07T05:49:16.123275+00:00,2023-11-18T00:00:00
NFL_NYJ_00-0037740_2023W11_QUESTIONABLE_LP,NFL,2023,11,2023_NFL_W11_NYJ_BUF,NFL_NYJ,NFL_P_00-0037740,WR,,QUESTIONABLE,LP,Elbow,2023-11-18,nflverse,,2026-09-07T05:49:16.123275+00:00,2023-11-18T00:00:00
NFL_PHI_00-0034351_2023W11_OUT_DNP,NFL,2023,11,2023_NFL_W11_PHI_KC,NFL_PHI,NFL_P_00-0034351,TE,,OUT,DNP,Forearm,2023-11-20,nflverse,,2026-09-07T05:49:16.123275+00:00,2023-11-20T00:00:00
NFL_PHI_00-0033898_2023W11_OUT_LP,NFL,2023,11,2023_NFL_W11_PHI_KC,NFL_PHI,NFL_P_00-0033898,S,,OUT,LP,Knee,2023-11-20,nflverse,,2026-09-07T05:49:16.123275+00:00,2023-11-20T00:00:00
NFL_PIT_00-0027943_2023W11_NA_DNP,NFL,2023,11,2023_NFL_W11_PIT_CLE,NFL_PIT,NFL_P_00-0027943,CB,,UNKNOWN,DNP,Not injury related - resting player,2023-11-18,nflverse,,2026-09-07T05:49:16.123275+00:00,2023-11-18T00:00:00
NFL_PIT_00-0032954_2023W11_NA_DNP,NFL,2023,11,2023_NFL_W11_PIT_CLE,NFL_PIT,NFL_P_00-0032954,OL,,UNKNOWN,DNP,Not injury related - resting player,2023-11-18,nflverse,,2026-09-07T05:49:16.123275+00:00,2023-11-18T00:00:00
NFL_PIT_00-0027969_2023W11_NA_LP,NFL,2023,11,2023_NFL_W11_PIT_CLE,NFL_PIT,NFL_P_00-0027969,DL,,UNKNOWN,LP,Groin,2023-11-18,nflverse,,2026-09-07T05:49:16.123275+00:00,2023-11-18T00:00:00
NFL_PIT_00-0033929_2023W11_OUT_DNP,NFL,2023,11,2023_NFL_W11_PIT_CLE,NFL_PIT,NFL_P_00-0033929,DL,,OUT,DNP,Ankle,2023-11-18,nflverse,,2026-09-07T05:49:16.123275+00:00,2023-11-18T00:00:00
NFL_PIT_00-0034789_2023W11_OUT_DNP,NFL,2023,11,2023_NFL_W11_PIT_CLE,NFL_PIT,NFL_P_00-0034789,S,,OUT,DNP,Hamstring,2023-11-18,nflverse,,2026-09-07T05:49:16.123275+00:00,2023-11-18T00:00:00
NFL_PIT_00-0032382_2023W11_OUT_DNP,NFL,2023,11,2023_NFL_W11_PIT_CLE,NFL_PIT,NFL_P_00-0032382,S,,OUT,DNP,Rib,2023-11-18,nflverse,,2026-09-07T05:49:16.123275+00:00,2023-11-18T00:00:00
NFL_PIT_00-0036894_2023W11_QUESTIONABLE_FP,NFL,2023,11,2023_NFL_W11_PIT_CLE,NFL_PIT,NFL_P_00-0036894,TE,,QUESTIONABLE,FP,Hamstring,2023-11-18,nflverse,,2026-09-07T05:49:16.123275+00:00,2023-11-18T00:00:00
NFL_SEA_00-0031933_2023W11_NA_DNP,NFL,2023,11,2023_NFL_W11_SEA_LAR,NFL_SEA,NFL_P_00-0031933,DL,,UNKNOWN,DNP,Not injury related - resting player,2023-11-18,nflverse,,2026-09-07T05:49:16.123275+00:00,2023-11-18T00:00:00
NFL_SEA_00-0037093_2023W11_OUT_DNP,NFL,2023,11,2023_NFL_W11_SEA_LAR,NFL_SEA,NFL_P_00-0037093,WR,,OUT,DNP,Abdomen,2023-11-18,nflverse,,2026-09-07T05:49:16.123275+00:00,2023-11-18T00:00:00
NFL_SEA_00-0033872_2023W11_QUESTIONABLE_DNP,NFL,2023,11,2023_NFL_W11_SEA_LAR,NFL_SEA,NFL_P_00-0033872,S,,QUESTIONABLE,DNP,Knee,2023-11-18,nflverse,,2026-09-07T05:49:16.123275+00:00,2023-11-18T00:00:00
NFL_SEA_00-0036885_2023W11_QUESTIONABLE_DNP,NFL,2023,11,2023_NFL_W11_SEA_LAR,NFL_SEA,NFL_P_00-0036885,CB,,QUESTIONABLE,DNP,Foot,2023-11-18,nflverse,,2026-09-07T05:49:16.123275+00:00,2023-11-18T00:00:00
NFL_SEA_00-0032211_2023W11_QUESTIONABLE_DNP,NFL,2023,11,2023_NFL_W11_SEA_LAR,NFL_SEA,NFL_P_00-0032211,WR,,QUESTIONABLE,DNP,Hamstring,2023-11-18,nflverse,,2026-09-07T05:49:16.123275+00:00,2023-11-18T00:00:00
NFL_SEA_00-0037812_2023W11_QUESTIONABLE_DNP,NFL,2023,11,2023_NFL_W11_SEA_LAR,NFL_SEA,NFL_P_00-0037812,OL,,QUESTIONABLE,DNP,Knee,2023-11-18,nflverse,,2026-09-07T05:49:16.123275+00:00,2023-11-18T00:00:00
NFL_SF_00-0036551_2023W11_OUT_DNP,NFL,2023,11,2023_NFL_W11_TB_SF,NFL_SF,NFL_P_00-0036551,OL,,OUT,DNP,Toe,2023-11-18,nflverse,,2026-09-07T05:49:16.123275+00:00,2023-11-18T00:00:00
NFL_SF_00-0037831_2023W11_OUT_DNP,NFL,2023,11,2023_NFL_W11_TB_SF,NFL_SF,NFL_P_00-0037831,OL,,OUT,DNP,Biceps,2023-11-18,nflverse,,2026-09-07T05:49:16.123275+00:00,2023-11-18T00:00:00
NFL_SF_00-0038603_2023W11_QUESTIONABLE_FP,NFL,2023,11,2023_NFL_W11_TB_SF,NFL_SF,NFL_P_00-0038603,EDGE,,QUESTIONABLE,FP,Hamstring,2023-11-18,nflverse,,2026-09-07T05:49:16.123275+00:00,2023-11-18T00:00:00
NFL_SF_00-0038594_2023W11_QUESTIONABLE_FP,NFL,2023,11,2023_NFL_W11_TB_SF,NFL_SF,NFL_P_00-0038594,CB,,QUESTIONABLE,FP,Knee,2023-11-18,nflverse,,2026-09-07T05:49:16.123275+00:00,2023-11-18T00:00:00
NFL_SF_00-0037830_2023W11_QUESTIONABLE_FP,NFL,2023,11,2023_NFL_W11_TB_SF,NFL_SF,NFL_P_00-0037830,CB,,QUESTIONABLE,FP,Knee,2023-11-18,nflverse,,2026-09-07T05:49:16.123275+00:00,2023-11-18T00:00:00
NFL_TB_00-0029562_2023W11_NA_DNP,NFL,2023,11,2023_NFL_W11_TB_SF,NFL_TB,NFL_P_00-0029562,LB,,UNKNOWN,DNP,Not injury related - resting player,2023-11-18,nflverse,,2026-09-07T05:49:16.123275+00:00,2023-11-18T00:00:00
NFL_TB_00-0031408_2023W11_NA_DNP,NFL,2023,11,2023_NFL_W11_TB_SF,NFL_TB,NFL_P_00-0031408,WR,,UNKNOWN,DNP,Quadricep,2023-11-18,nflverse,,2026-09-07T05:49:16.123275+00:00,2023-11-18T00:00:00
NFL_TB_00-0034527_2023W11_OUT_DNP,NFL,2023,11,2023_NFL_W11_TB_SF,NFL_TB,NFL_P_00-0034527,S,,OUT,DNP,Thumb,2023-11-18,nflverse,,2026-09-07T05:49:16.123275+00:00,2023-11-18T00:00:00
NFL_TB_00-0034778_2023W11_QUESTIONABLE_FP,NFL,2023,11,2023_NFL_W11_TB_SF,NFL_TB,NFL_P_00-0034778,CB,,QUESTIONABLE,FP,Toe,2023-11-18,nflverse,,2026-09-07T05:49:16.123275+00:00,2023-11-18T00:00:00
NFL_TB_00-0031142_2023W11_QUESTIONABLE_FP,NFL,2023,11,2023_NFL_W11_TB_SF,NFL_TB,NFL_P_00-0031142,OL,,QUESTIONABLE,FP,Knee,2023-11-18,nflverse,,2026-09-07T05:49:16.123275+00:00,2023-11-18T00:00:00
NFL_TB_00-0039051_2023W11_QUESTIONABLE_FP,NFL,2023,11,2023_NFL_W11_TB_SF,NFL_TB,NFL_P_00-0039051,CB,,QUESTIONABLE,FP,Concussion,2023-11-18,nflverse,,2026-09-07T05:49:16.123275+00:00,2023-11-18T00:00:00
NFL_TB_00-0035707_2023W11_QUESTIONABLE_FP,NFL,2023,11,2023_NFL_W11_TB_SF,NFL_TB,NFL_P_00-0035707,LB,,QUESTIONABLE,FP,Foot,2023-11-18,nflverse,,2026-09-07T05:49:16.123275+00:00,2023-11-18T00:00:00
NFL_TEN_00-0037312_2023W11_NA_DNP,NFL,2023,11,2023_NFL_W11_TEN_JAX,NFL_TEN,NFL_P_00-0037312,LB,,UNKNOWN,DNP,Knee,2023-11-18,nflverse,,2026-09-07T05:49:16.123275+00:00,2023-11-18T00:00:00
NFL_TEN_00-0038848_2023W11_NA_LP,NFL,2023,11,2023_NFL_W11_TEN_JAX,NFL_TEN,NFL_P_00-0038848,CB,,UNKNOWN,LP,Hamstring,2023-11-18,nflverse,,2026-09-07T05:49:16.123275+00:00,2023-11-18T00:00:00
NFL_TEN_00-0037742_2023W11_OUT_DNP,NFL,2023,11,2023_NFL_W11_TEN_JAX,NFL_TEN,NFL_P_00-0037742,WR,,OUT,DNP,Concussion,2023-11-18,nflverse,,2026-09-07T05:49:16.123275+00:00,2023-11-18T00:00:00
NFL_TEN_00-0035233_2023W11_OUT_DNP,NFL,2023,11,2023_NFL_W11_TEN_JAX,NFL_TEN,NFL_P_00-0035233,OL,,OUT,DNP,Concussion,2023-11-18,nflverse,,2026-09-07T05:49:16.123275+00:00,2023-11-18T00:00:00
NFL_TEN_00-0035239_2023W11_OUT_LP,NFL,2023,11,2023_NFL_W11_TEN_JAX,NFL_TEN,NFL_P_00-0035239,CB,,OUT,LP,Thumb,2023-11-18,nflverse,,2026-09-07T05:49:16.123275+00:00,2023-11-18T00:00:00
NFL_TEN_00-0035413_2023W11_QUESTIONABLE_DNP,NFL,2023,11,2023_NFL_W11_TEN_JAX,NFL_TEN,NFL_P_00-0035413,LB,,QUESTIONABLE,DNP,Shin,2023-11-18,nflverse,,2026-09-07T05:49:16.123275+00:00,2023-11-18T00:00:00
NFL_TEN_00-0033221_2023W11_QUESTIONABLE_LP,NFL,2023,11,2023_NFL_W11_TEN_JAX,NFL_TEN,NFL_P_00-0033221,OL,,QUESTIONABLE,LP,Ankle,2023-11-18,nflverse,,2026-09-07T05:49:16.123275+00:00,2023-11-18T00:00:00
NFL_WAS_00-0033523_2023W11_NA_DNP,NFL,2023,11,2023_NFL_W11_NYG_WAS,NFL_WAS,NFL_P_00-0033523,DL,,UNKNOWN,DNP,Not injury related - resting player,2023-11-18,nflverse,,2026-09-07T05:49:16.123275+00:00,2023-11-18T00:00:00
NFL_WAS_00-0033084_2023W11_NA_DNP,NFL,2023,11,2023_NFL_W11_NYG_WAS,NFL_WAS,NFL_P_00-0033084,CB,,UNKNOWN,DNP,Not injury related - resting player,2023-11-18,nflverse,,2026-09-07T05:49:16.123275+00:00,2023-11-18T00:00:00
NFL_WAS_00-0030869_2023W11_NA_DNP,NFL,2023,11,2023_NFL_W11_NYG_WAS,NFL_WAS,NFL_P_00-0030869,OL,,UNKNOWN,DNP,Not injury related - resting player,2023-11-18,nflverse,,2026-09-07T05:49:16.123275+00:00,2023-11-18T00:00:00
NFL_WAS_00-0033296_2023W11_OUT_DNP,NFL,2023,11,2023_NFL_W11_NYG_WAS,NFL_WAS,NFL_P_00-0033296,RB,,OUT,DNP,Hamstring,2023-11-18,nflverse,,2026-09-07T05:49:16.123275+00:00,2023-11-18T00:00:00
NFL_WAS_00-0036351_2023W11_OUT_DNP,NFL,2023,11,2023_NFL_W11_NYG_WAS,NFL_WAS,NFL_P_00-0036351,EDGE,,OUT,DNP,Hamstring,2023-11-18,nflverse,,2026-09-07T05:49:16.123275+00:00,2023-11-18T00:00:00
NFL_WAS_00-0036328_2023W11_DOUBTFUL_DNP,NFL,2023,11,2023_NFL_W11_NYG_WAS,NFL_WAS,NFL_P_00-0036328,RB,,DOUBTFUL,DNP,Toe,2023-11-18,nflverse,,2026-09-07T05:49:16.123275+00:00,2023-11-18T00:00:00
NFL_ARI_00-0032933_2023W12_OUT_DNP,NFL,2023,12,2023_NFL_W12_LAR_ARI,NFL_ARI,NFL_P_00-0032933,CB,,OUT,DNP,Groin,2023-11-25,nflverse,,2026-09-07T05:49:16.123275+00:00,2023-11-25T00:00:00
NFL_ARI_00-0035334_2023W12_OUT_DNP,NFL,2023,12,2023_NFL_W12_LAR_ARI,NFL_ARI,NFL_P_00-0035334,DL,,OUT,DNP,Knee,2023-11-25,nflverse,,2026-09-07T05:49:16.123275+00:00,2023-11-25T00:00:00
NFL_ARI_00-0038559_2023W12_OUT_DNP,NFL,2023,12,2023_NFL_W12_LAR_ARI,NFL_ARI,NFL_P_00-0038559,WR,,OUT,DNP,Shoulder,2023-11-25,nflverse,,2026-09-07T05:49:16.123275+00:00,2023-11-25T00:00:00
NFL_ARI_00-0035705_2023W12_QUESTIONABLE_NA,NFL,2023,12,2023_NFL_W12_LAR_ARI,NFL_ARI,NFL_P_00-0035705,S,,QUESTIONABLE,,Back,2023-11-25,nflverse,,2026-09-07T05:49:16.123275+00:00,2023-11-25T00:00:00
NFL_ARI_00-0035662_2023W12_QUESTIONABLE_DNP,NFL,2023,12,2023_NFL_W12_LAR_ARI,NFL_ARI,NFL_P_00-0035662,WR,,QUESTIONABLE,DNP,Heel,2023-11-25,nflverse,,2026-09-07T05:49:16.123275+00:00,2023-11-25T00:00:00
NFL_ARI_00-0037141_2023W12_QUESTIONABLE_LP,NFL,2023,12,2023_NFL_W12_LAR_ARI,NFL_ARI,NFL_P_00-0037141,S,,QUESTIONABLE,LP,Knee,2023-11-25,nflverse,,2026-09-07T05:49:16.123275+00:00,2023-11-25T00:00:00
NFL_ARI_00-0038705_2023W12_QUESTIONABLE_LP,NFL,2023,12,2023_NFL_W12_LAR_ARI,NFL_ARI,NFL_P_00-0038705,RB,,QUESTIONABLE,LP,Toe,2023-11-25,nflverse,,2026-09-07T05:49:16.123275+00:00,2023-11-25T00:00:00
NFL_ARI_00-0035343_2023W12_QUESTIONABLE_LP,NFL,2023,12,2023_NFL_W12_LAR_ARI,NFL_ARI,NFL_P_00-0035343,EDGE,,QUESTIONABLE,LP,Shoulder,2023-11-25,nflverse,,2026-09-07T05:49:16.123275+00:00,2023-11-25T00:00:00
NFL_ARI_00-0037330_2023W12_QUESTIONABLE_LP,NFL,2023,12,2023_NFL_W12_LAR_ARI,NFL_ARI,NFL_P_00-0037330,LB,,QUESTIONABLE,LP,Ankle,2023-11-25,nflverse,,2026-09-07T05:49:16.123275+00:00,2023-11-25T00:00:00
NFL_ARI_00-0033251_2023W12_QUESTIONABLE_LP,NFL,2023,12,2023_NFL_W12_LAR_ARI,NFL_ARI,NFL_P_00-0033251,WR,,QUESTIONABLE,LP,Hamstring,2023-11-25,nflverse,,2026-09-07T05:49:16.123275+00:00,2023-11-25T00:00:00
NFL_ATL_00-0026190_2023W12_NA_DNP,NFL,2023,12,2023_NFL_W12_NO_ATL,NFL_ATL,NFL_P_00-0026190,EDGE,,UNKNOWN,DNP,Not injury related - resting player,2023-11-25,nflverse,,2026-09-07T05:49:16.123275+00:00,2023-11-25T00:00:00
NFL_ATL_00-0033555_2023W12_OUT_DNP,NFL,2023,12,2023_NFL_W12_NO_ATL,NFL_ATL,NFL_P_00-0033555,WR,,OUT,DNP,Ankle,2023-11-25,nflverse,,2026-09-07T05:49:16.123275+00:00,2023-11-25T00:00:00
NFL_ATL_00-0031800_2023W12_QUESTIONABLE_LP,NFL,2023,12,2023_NFL_W12_NO_ATL,NFL_ATL,NFL_P_00-0031800,QB,,QUESTIONABLE,LP,Hamstring,2023-11-25,nflverse,,2026-09-07T05:49:16.123275+00:00,2023-11-25T00:00:00
NFL_BAL_00-0034753_2023W12_OUT_DNP,NFL,2023,12,2023_NFL_W12_BAL_LAC,NFL_BAL,NFL_P_00-0034753,TE,,OUT,DNP,Ankle,2023-11-26,nflverse,,2026-09-07T05:49:16.123275+00:00,2023-11-26T00:00:00
NFL_BAL_00-0038504_2023W12_OUT_DNP,NFL,2023,12,2023_NFL_W12_BAL_LAC,NFL_BAL,NFL_P_00-0038504,LB,,OUT,DNP,Concussion,2023-11-26,nflverse,,2026-09-07T05:49:16.123275+00:00,2023-11-26T00:00:00
NFL_BAL_00-0036280_2023W12_DOUBTFUL_DNP,NFL,2023,12,2023_NFL_W12_BAL_LAC,NFL_BAL,NFL_P_00-0036280,LB,,DOUBTFUL,DNP,Groin,2023-11-26,nflverse,,2026-09-07T05:49:16.123275+00:00,2023-11-26T00:00:00
NFL_BAL_00-0038046_2023W12_QUESTIONABLE_DNP,NFL,2023,12,2023_NFL_W12_BAL_LAC,NFL_BAL,NFL_P_00-0038046,TE,,QUESTIONABLE,DNP,Illness,2023-11-26,nflverse,,2026-09-07T05:49:16.123275+00:00,2023-11-26T00:00:00
NFL_BAL_00-0032965_2023W12_QUESTIONABLE_DNP,NFL,2023,12,2023_NFL_W12_BAL_LAC,NFL_BAL,NFL_P_00-0032965,OL,,QUESTIONABLE,DNP,Knee,2023-11-26,nflverse,,2026-09-07T05:49:16.123275+00:00,2023-11-26T00:00:00
NFL_BAL_00-0031235_2023W12_QUESTIONABLE_FP,NFL,2023,12,2023_NFL_W12_BAL_LAC,NFL_BAL,NFL_P_00-0031235,WR,,QUESTIONABLE,FP,Shoulder,2023-11-26,nflverse,,2026-09-07T05:49:16.123275+00:00,2023-11-26T00:00:00
NFL_BAL_00-0039064_2023W12_QUESTIONABLE_FP,NFL,2023,12,2023_NFL_W12_BAL_LAC,NFL_BAL,NFL_P_00-0039064,WR,,QUESTIONABLE,FP,Hip,2023-11-26,nflverse,,2026-09-07T05:49:16.123275+00:00,2023-11-26T00:00:00
NFL_BAL_00-0037984_2023W12_QUESTIONABLE_FP,NFL,2023,12,2023_NFL_W12_BAL_LAC,NFL_BAL,NFL_P_00-0037984,CB,,QUESTIONABLE,FP,Ankle,2023-11-26,nflverse,,2026-09-07T05:49:16.123275+00:00,2023-11-26T00:00:00
NFL_BAL_00-0033281_2023W12_QUESTIONABLE_LP,NFL,2023,12,2023_NFL_W12_BAL_LAC,NFL_BAL,NFL_P_00-0033281,CB,,QUESTIONABLE,LP,Calf,2023-11-26,nflverse,,2026-09-07T05:49:16.123275+00:00,2023-11-26T00:00:00
NFL_BUF_00-0036166_2023W12_OUT_DNP,NFL,2023,12,2023_NFL_W12_BUF_PHI,NFL_BUF,NFL_P_00-0036166,CB,,OUT,DNP,Concussion,2023-11-25,nflverse,,2026-09-07T05:49:16.123275+00:00,2023-11-25T00:00:00
NFL_BUF_00-0035663_2023W12_OUT_DNP,NFL,2023,12,2023_NFL_W12_BUF_PHI,NFL_BUF,NFL_P_00-0035663,S,,OUT,DNP,Neck,2023-11-25,nflverse,,2026-09-07T05:49:16.123275+00:00,2023-11-25T00:00:00
NFL_CAR_00-0030035_2023W12_NA_DNP,NFL,2023,12,2023_NFL_W12_CAR_TEN,NFL_CAR,NFL_P_00-0030035,WR,,UNKNOWN,DNP,Not injury related - resting player,2023-11-25,nflverse,,2026-09-07T05:49:16.123275+00:00,2023-11-25T00:00:00
NFL_CAR_00-0034830_2023W12_OUT_DNP,NFL,2023,12,2023_NFL_W12_CAR_TEN,NFL_CAR,NFL_P_00-0034830,TE,,OUT,DNP,Concussion,2023-11-25,nflverse,,2026-09-07T05:49:16.123275+00:00,2023-11-25T00:00:00
NFL_CAR_00-0036293_2023W12_OUT_LP,NFL,2023,12,2023_NFL_W12_CAR_TEN,NFL_CAR,NFL_P_00-0036293,S,,OUT,LP,Quadricep,2023-11-25,nflverse,,2026-09-07T05:49:16.123275+00:00,2023-11-25T00:00:00
NFL_CAR_00-0036288_2023W12_OUT_LP,NFL,2023,12,2023_NFL_W12_CAR_TEN,NFL_CAR,NFL_P_00-0036288,LB,,OUT,LP,Hamstring,2023-11-25,nflverse,,2026-09-07T05:49:16.123275+00:00,2023-11-25T00:00:00
NFL_CAR_00-0036281_2023W12_DOUBTFUL_FP,NFL,2023,12,2023_NFL_W12_CAR_TEN,NFL_CAR,NFL_P_00-0036281,CB,,DOUBTFUL,FP,Concussion,2023-11-25,nflverse,,2026-09-07T05:49:16.123275+00:00,2023-11-25T00:00:00
NFL_CAR_00-0036944_2023W12_DOUBTFUL_LP,NFL,2023,12,2023_NFL_W12_CAR_TEN,NFL_CAR,NFL_P_00-0036944,CB,,DOUBTFUL,LP,Hamstring,2023-11-25,nflverse,,2026-09-07T05:49:16.123275+00:00,2023-11-25T00:00:00
NFL_CAR_00-0036037_2023W12_QUESTIONABLE_LP,NFL,2023,12,2023_NFL_W12_CAR_TEN,NFL_CAR,NFL_P_00-0036037,S,,QUESTIONABLE,LP,Quadricep,2023-11-25,nflverse,,2026-09-07T05:49:16.123275+00:00,2023-11-25T00:00:00
NFL_CAR_00-0034382_2023W12_QUESTIONABLE_LP,NFL,2023,12,2023_NFL_W12_CAR_TEN,NFL_CAR,NFL_P_00-0034382,LB,,QUESTIONABLE,LP,Back,2023-11-25,nflverse,,2026-09-07T05:49:16.123275+00:00,2023-11-25T00:00:00
NFL_CAR_00-0034302_2023W12_QUESTIONABLE_LP,NFL,2023,12,2023_NFL_W12_CAR_TEN,NFL_CAR,NFL_P_00-0034302,LB,,QUESTIONABLE,LP,Shoulder,2023-11-25,nflverse,,2026-09-07T05:49:16.123275+00:00,2023-11-25T00:00:00
NFL_CHI_00-0024243_2023W12_NA_DNP,NFL,2023,12,2023_NFL_W12_CHI_MIN,NFL_CHI,NFL_P_00-0024243,TE,,UNKNOWN,DNP,Not injury related - resting player,2023-11-27,nflverse,,2026-09-07T05:49:16.123275+00:00,2023-11-27T00:00:00
NFL_CHI_00-0038390_2023W12_OUT_DNP,NFL,2023,12,2023_NFL_W12_CHI_MIN,NFL_CHI,NFL_P_00-0038390,LB,,OUT,DNP,Knee,2023-11-27,nflverse,,2026-09-07T05:49:16.123275+00:00,2023-11-27T00:00:00
NFL_CHI_00-0036905_2023W12_DOUBTFUL_DNP,NFL,2023,12,2023_NFL_W12_CHI_MIN,NFL_CHI,NFL_P_00-0036905,OL,,DOUBTFUL,DNP,Illness,2023-11-27,nflverse,,2026-09-07T05:49:16.123275+00:00,2023-11-27T00:00:00
NFL_CHI_00-0033925_2023W12_DOUBTFUL_LP,NFL,2023,12,2023_NFL_W12_CHI_MIN,NFL_CHI,NFL_P_00-0033925,RB,,DOUBTFUL,LP,Ankle,2023-11-27,nflverse,,2026-09-07T05:49:16.123275+00:00,2023-11-27T00:00:00
NFL_CHI_00-0039071_2023W12_QUESTIONABLE_LP,NFL,2023,12,2023_NFL_W12_CHI_MIN,NFL_CHI,NFL_P_00-0039071,CB,,QUESTIONABLE,LP,Ankle,2023-11-27,nflverse,,2026-09-07T05:49:16.123275+00:00,2023-11-27T00:00:00
NFL_CIN_00-0036442_2023W12_OUT_DNP,NFL,2023,12,2023_NFL_W12_PIT_CIN,NFL_CIN,NFL_P_00-0036442,QB,,OUT,DNP,right Wrist,2023-11-25,nflverse,,2026-09-07T05:49:16.123275+00:00,2023-11-25T00:00:00
NFL_CIN_00-0036410_2023W12_OUT_DNP,NFL,2023,12,2023_NFL_W12_PIT_CIN,NFL_CIN,NFL_P_00-0036410,WR,,OUT,DNP,Hamstring,2023-11-25,nflverse,,2026-09-07T05:49:16.123275+00:00,2023-11-25T00:00:00
NFL_CIN_00-0037753_2023W12_OUT_DNP,NFL,2023,12,2023_NFL_W12_PIT_CIN,NFL_CIN,NFL_P_00-0037753,CB,,OUT,DNP,Quadricep,2023-11-25,nflverse,,2026-09-07T05:49:16.123275+00:00,2023-11-25T00:00:00
NFL_CIN_00-0036852_2023W12_DOUBTFUL_DNP,NFL,2023,12,2023_NFL_W12_PIT_CIN,NFL_CIN,NFL_P_00-0036852,OL,,DOUBTFUL,DNP,Knee,2023-11-25,nflverse,,2026-09-07T05:49:16.123275+00:00,2023-11-25T00:00:00
NFL_CIN_00-0035697_2023W12_QUESTIONABLE_DNP,NFL,2023,12,2023_NFL_W12_PIT_CIN,NFL_CIN,NFL_P_00-0035697,LB,,QUESTIONABLE,DNP,Illness,2023-11-25,nflverse,,2026-09-07T05:49:16.123275+00:00,2023-11-25T00:00:00
NFL_CIN_00-0038597_2023W12_QUESTIONABLE_FP,NFL,2023,12,2023_NFL_W12_PIT_CIN,NFL_CIN,NFL_P_00-0038597,RB,,QUESTIONABLE,FP,Hamstring,2023-11-25,nflverse,,2026-09-07T05:49:16.123275+00:00,2023-11-25T00:00:00
NFL_CIN_00-0036298_2023W12_QUESTIONABLE_FP,NFL,2023,12,2023_NFL_W12_PIT_CIN,NFL_CIN,NFL_P_00-0036298,LB,,QUESTIONABLE,FP,Illness,2023-11-25,nflverse,,2026-09-07T05:49:16.123275+00:00,2023-11-25T00:00:00
NFL_CLE_00-0031544_2023W12_NA_DNP,NFL,2023,12,2023_NFL_W12_CLE_DEN,NFL_CLE,NFL_P_00-0031544,WR,,UNKNOWN,DNP,Not injury related - resting player,2023-11-25,nflverse,,2026-09-07T05:49:16.123275+00:00,2023-11-25T00:00:00
NFL_CLE_00-0033546_2023W12_NA_DNP,NFL,2023,12,2023_NFL_W12_CLE_DEN,NFL_CLE,NFL_P_00-0033546,DL,,UNKNOWN,DNP,Not injury related - resting player,2023-11-25,nflverse,,2026-09-07T05:49:16.123275+00:00,2023-11-25T00:00:00
NFL_CLE_00-0030068_2023W12_OUT_DNP,NFL,2023,12,2023_NFL_W12_CLE_DEN,NFL_CLE,NFL_P_00-0030068,WR,,OUT,DNP,Concussion,2023-11-25,nflverse,,2026-09-07T05:49:16.123275+00:00,2023-11-25T00:00:00
NFL_CLE_00-0034856_2023W12_OUT_DNP,NFL,2023,12,2023_NFL_W12_CLE_DEN,NFL_CLE,NFL_P_00-0034856,CB,,OUT,DNP,Shoulder,2023-11-25,nflverse,,2026-09-07T05:49:16.123275+00:00,2023-11-25T00:00:00
NFL_CLE_00-0035444_2023W12_QUESTIONABLE_FP,NFL,2023,12,2023_NFL_W12_CLE_DEN,NFL_CLE,NFL_P_00-0035444,LB,,QUESTIONABLE,FP,Knee,2023-11-25,nflverse,,2026-09-07T05:49:16.123275+00:00,2023-11-25T00:00:00
NFL_CLE_00-0035625_2023W12_QUESTIONABLE_LP,NFL,2023,12,2023_NFL_W12_CLE_DEN,NFL_CLE,NFL_P_00-0035625,S,,QUESTIONABLE,LP,Calf,2023-11-25,nflverse,,2026-09-07T05:49:16.123275+00:00,2023-11-25T00:00:00
NFL_CLE_00-0033570_2023W12_QUESTIONABLE_LP,NFL,2023,12,2023_NFL_W12_CLE_DEN,NFL_CLE,NFL_P_00-0033570,LB,,QUESTIONABLE,LP,Hamstring,2023-11-25,nflverse,,2026-09-07T05:49:16.123275+00:00,2023-11-25T00:00:00
NFL_DAL_00-0034764_2023W12_NA_DNP,NFL,2023,12,2023_NFL_W12_WAS_DAL,NFL_DAL,NFL_P_00-0034764,WR,,UNKNOWN,DNP,Not injury related - personal matter,2023-11-22,nflverse,,2026-09-07T05:49:16.123275+00:00,2023-11-22T00:00:00
NFL_DAL_00-0030063_2023W12_NA_DNP,NFL,2023,12,2023_NFL_W12_WAS_DAL,NFL_DAL,NFL_P_00-0030063,DL,,UNKNOWN,DNP,Not injury related - personal matter,2023-11-22,nflverse,,2026-09-07T05:49:16.123275+00:00,2023-11-22T00:00:00
NFL_DAL_00-0027947_2023W12_NA_DNP,NFL,2023,12,2023_NFL_W12_WAS_DAL,NFL_DAL,NFL_P_00-0027947,OL,,UNKNOWN,DNP,Not injury related - resting player,2023-11-22,nflverse,,2026-09-07T05:49:16.123275+00:00,2023-11-22T00:00:00
NFL_DAL_00-0032454_2023W12_DOUBTFUL_DNP,NFL,2023,12,2023_NFL_W12_WAS_DAL,NFL_DAL,NFL_P_00-0032454,S,,DOUBTFUL,DNP,Back,2023-11-22,nflverse,,2026-09-07T05:49:16.123275+00:00,2023-11-22T00:00:00
NFL_DAL_00-0036139_2023W12_QUESTIONABLE_LP,NFL,2023,12,2023_NFL_W12_WAS_DAL,NFL_DAL,NFL_P_00-0036139,RB,,QUESTIONABLE,LP,Ankle,2023-11-22,nflverse,,2026-09-07T05:49:16.123275+00:00,2023-11-22T00:00:00
NFL_DEN_00-0032450_2023W12_QUESTIONABLE_DNP,NFL,2023,12,2023_NFL_W12_CLE_DEN,NFL_DEN,NFL_P_00-0032450,RB,,QUESTIONABLE,DNP,Illness,2023-11-25,nflverse,,2026-09-07T05:49:16.123275+00:00,2023-11-25T00:00:00
NFL_DEN_00-0035227_2023W12_QUESTIONABLE_FP,NFL,2023,12,2023_NFL_W12_CLE_DEN,NFL_DEN,NFL_P_00-0035227,S,,QUESTIONABLE,FP,Ankle,2023-11-25,nflverse,,2026-09-07T05:49:16.123275+00:00,2023-11-25T00:00:00
NFL_DET_00-0036258_2023W12_OUT_DNP,NFL,2023,12,2023_NFL_W12_GB_DET,NFL_DET,NFL_P_00-0036258,OL,,OUT,DNP,Wrist,2023-11-22,nflverse,,2026-09-07T05:49:16.123275+00:00,2023-11-22T00:00:00
NFL_GB_00-0039144_2023W12_NA_DNP,NFL,2023,12,2023_NFL_W12_GB_DET,NFL_GB,NFL_P_00-0039144,TE,,UNKNOWN,DNP,Abdomen,2023-11-22,nflverse,,2026-09-07T05:49:16.123275+00:00,2023-11-22T00:00:00
NFL_GB_00-0038797_2023W12_NA_DNP,NFL,2023,12,2023_NFL_W12_GB_DET,NFL_GB,NFL_P_00-0038797,RB,,UNKNOWN,DNP,Shoulder,2023-11-22,nflverse,,2026-09-07T05:49:16.123275+00:00,2023-11-22T00:00:00
NFL_GB_00-0033120_2023W12_NA_LP,NFL,2023,12,2023_NFL_W12_GB_DET,NFL_GB,NFL_P_00-0033120,EDGE,,UNKNOWN,LP,Shoulder,2023-11-22,nflverse,,2026-09-07T05:49:16.123275+00:00,2023-11-22T00:00:00
NFL_GB_00-0035526_2023W12_NA_LP,NFL,2023,12,2023_NFL_W12_GB_DET,NFL_GB,NFL_P_00-0035526,OL,,UNKNOWN,LP,Knee,2023-11-22,nflverse,,2026-09-07T05:49:16.123275+00:00,2023-11-22T00:00:00
NFL_GB_00-0033293_2023W12_OUT_DNP,NFL,2023,12,2023_NFL_W12_GB_DET,NFL_GB,NFL_P_00-0033293,RB,,OUT,DNP,Knee,2023-11-22,nflverse,,2026-09-07T05:49:16.123275+00:00,2023-11-22T00:00:00
NFL_GB_00-0034968_2023W12_OUT_LP,NFL,2023,12,2023_NFL_W12_GB_DET,NFL_GB,NFL_P_00-0034968,S,,OUT,LP,Calf,2023-11-22,nflverse,,2026-09-07T05:49:16.123275+00:00,2023-11-22T00:00:00
NFL_GB_00-0036332_2023W12_DOUBTFUL_DNP,NFL,2023,12,2023_NFL_W12_GB_DET,NFL_GB,NFL_P_00-0036332,TE,,DOUBTFUL,DNP,Hip,2023-11-22,nflverse,,2026-09-07T05:49:16.123275+00:00,2023-11-22T00:00:00
NFL_GB_00-0032401_2023W12_QUESTIONABLE_FP,NFL,2023,12,2023_NFL_W12_GB_DET,NFL_GB,NFL_P_00-0032401,LB,,QUESTIONABLE,FP,Neck,2023-11-22,nflverse,,2026-09-07T05:49:16.123275+00:00,2023-11-22T00:00:00
NFL_GB_00-0034728_2023W12_QUESTIONABLE_LP,NFL,2023,12,2023_NFL_W12_GB_DET,NFL_GB,NFL_P_00-0034728,CB,,QUESTIONABLE,LP,Shoulder,2023-11-22,nflverse,,2026-09-07T05:49:16.123275+00:00,2023-11-22T00:00:00
NFL_GB_00-0036265_2023W12_QUESTIONABLE_LP,NFL,2023,12,2023_NFL_W12_GB_DET,NFL_GB,NFL_P_00-0036265,RB,,QUESTIONABLE,LP,Groin,2023-11-22,nflverse,,2026-09-07T05:49:16.123275+00:00,2023-11-22T00:00:00
NFL_GB_00-0033792_2023W12_QUESTIONABLE_LP,NFL,2023,12,2023_NFL_W12_GB_DET,NFL_GB,NFL_P_00-0033792,S,,QUESTIONABLE,LP,Biceps,2023-11-22,nflverse,,2026-09-07T05:49:16.123275+00:00,2023-11-22T00:00:00
NFL_GB_00-0038393_2023W12_QUESTIONABLE_LP,NFL,2023,12,2023_NFL_W12_GB_DET,NFL_GB,NFL_P_00-0038393,WR,,QUESTIONABLE,LP,Concussion,2023-11-22,nflverse,,2026-09-07T05:49:16.123275+00:00,2023-11-22T00:00:00
NFL_HOU_00-0039009_2023W12_NA_DNP,NFL,2023,12,2023_NFL_W12_JAX_HOU,NFL_HOU,NFL_P_00-0039009,EDGE,,UNKNOWN,DNP,Illness,2023-11-25,nflverse,,2026-09-07T05:49:16.123275+00:00,2023-11-25T00:00:00
NFL_HOU_00-0030431_2023W12_NA_DNP,NFL,2023,12,2023_NFL_W12_JAX_HOU,NFL_HOU,NFL_P_00-0030431,WR,,UNKNOWN,DNP,Not injury related - resting player,2023-11-25,nflverse,,2026-09-07T05:49:16.123275+00:00,2023-11-25T00:00:00
NFL_HOU_00-0033591_2023W12_OUT_DNP,NFL,2023,12,2023_NFL_W12_JAX_HOU,NFL_HOU,NFL_P_00-0033591,WR,,OUT,DNP,Knee,2023-11-25,nflverse,,2026-09-07T05:49:16.123275+00:00,2023-11-25T00:00:00
NFL_HOU_00-0037457_2023W12_OUT_DNP,NFL,2023,12,2023_NFL_W12_JAX_HOU,NFL_HOU,NFL_P_00-0037457,LB,,OUT,DNP,Hamstring,2023-11-25,nflverse,,2026-09-07T05:49:16.123275+00:00,2023-11-25T00:00:00
NFL_HOU_00-0031298_2023W12_OUT_DNP,NFL,2023,12,2023_NFL_W12_JAX_HOU,NFL_HOU,NFL_P_00-0031298,S,,OUT,DNP,Hamstring,2023-11-25,nflverse,,2026-09-07T05:49:16.123275+00:00,2023-11-25T00:00:00
NFL_HOU_00-0028986_2023W12_QUESTIONABLE_DNP,NFL,2023,12,2023_NFL_W12_JAX_HOU,NFL_HOU,NFL_P_00-0028986,QB,,QUESTIONABLE,DNP,Calf,2023-11-25,nflverse,,2026-09-07T05:49:16.123275+00:00,2023-11-25T00:00:00
NFL_HOU_00-0037258_2023W12_QUESTIONABLE_FP,NFL,2023,12,2023_NFL_W12_JAX_HOU,NFL_HOU,NFL_P_00-0037258,RB,,QUESTIONABLE,FP,Ankle,2023-11-25,nflverse,,2026-09-07T05:49:16.123275+00:00,2023-11-25T00:00:00
NFL_HOU_00-0038936_2023W12_QUESTIONABLE_FP,NFL,2023,12,2023_NFL_W12_JAX_HOU,NFL_HOU,NFL_P_00-0038936,OL,,QUESTIONABLE,FP,Hamstring,2023-11-25,nflverse,,2026-09-07T05:49:16.123275+00:00,2023-11-25T00:00:00
NFL_IND_00-0039156_2023W12_OUT_DNP,NFL,2023,12,2023_NFL_W12_TB_IND,NFL_IND,NFL_P_00-0039156,CB,,OUT,DNP,Quadricep,2023-11-25,nflverse,,2026-09-07T05:49:16.123275+00:00,2023-11-25T00:00:00
NFL_IND_00-0032383_2023W12_OUT_DNP,NFL,2023,12,2023_NFL_W12_TB_IND,NFL_IND,NFL_P_00-0032383,OL,,OUT,DNP,Concussion,2023-11-25,nflverse,,2026-09-07T05:49:16.123275+00:00,2023-11-25T00:00:00
NFL_IND_00-0037292_2023W12_OUT_DNP,NFL,2023,12,2023_NFL_W12_TB_IND,NFL_IND,NFL_P_00-0037292,TE,,OUT,DNP,Foot,2023-11-25,nflverse,,2026-09-07T05:49:16.123275+00:00,2023-11-25T00:00:00
NFL_IND_00-0036672_2023W12_QUESTIONABLE_LP,NFL,2023,12,2023_NFL_W12_TB_IND,NFL_IND,NFL_P_00-0036672,LB,,QUESTIONABLE,LP,Illness,2023-11-25,nflverse,,2026-09-07T05:49:16.123275+00:00,2023-11-25T00:00:00
NFL_JAX_00-0036974_2023W12_OUT_DNP,NFL,2023,12,2023_NFL_W12_JAX_HOU,NFL_JAX,NFL_P_00-0036974,CB,,OUT,DNP,Hamstring,2023-11-25,nflverse,,2026-09-07T05:49:16.123275+00:00,2023-11-25T00:00:00
NFL_JAX_00-0033891_2023W12_QUESTIONABLE_LP,NFL,2023,12,2023_NFL_W12_JAX_HOU,NFL_JAX,NFL_P_00-0033891,WR,,QUESTIONABLE,LP,Knee,2023-11-25,nflverse,,2026-09-07T05:49:16.123275+00:00,2023-11-25T00:00:00
NFL_JAX_00-0032667_2023W12_QUESTIONABLE_LP,NFL,2023,12,2023_NFL_W12_JAX_HOU,NFL_JAX,NFL_P_00-0032667,DL,,QUESTIONABLE,LP,Ankle,2023-11-25,nflverse,,2026-09-07T05:49:16.123275+00:00,2023-11-25T00:00:00
NFL_KC_00-0027948_2023W12_NA_DNP,NFL,2023,12,2023_NFL_W12_KC_LV,NFL_KC,NFL_P_00-0027948,QB,,UNKNOWN,DNP,Not injury related - personal matter,2023-11-25,nflverse,,2026-09-07T05:49:16.123275+00:00,2023-11-25T00:00:00
NFL_KC_00-0035140_2023W12_OUT_DNP,NFL,2023,12,2023_NFL_W12_KC_LV,NFL_KC,NFL_P_00-0035140,WR,,OUT,DNP,Thumb,2023-11-25,nflverse,,2026-09-07T05:49:16.123275+00:00,2023-11-25T00:00:00
NFL_KC_00-0031376_2023W12_OUT_DNP,NFL,2023,12,2023_NFL_W12_KC_LV,NFL_KC,NFL_P_00-0031376,RB,,OUT,DNP,Groin,2023-11-25,nflverse,,2026-09-07T05:49:16.123275+00:00,2023-11-25T00:00:00
NFL_KC_00-0036913_2023W12_OUT_FP,NFL,2023,12,2023_NFL_W12_KC_LV,NFL_KC,NFL_P_00-0036913,WR,,OUT,FP,Ankle,2023-11-25,nflverse,,2026-09-07T05:49:16.123275+00:00,2023-11-25T00:00:00
NFL_LAR_00-0034804_2023W12_NA_DNP,NFL,2023,12,2023_NFL_W12_LAR_ARI,NFL_LAR,NFL_P_00-0034804,OL,,UNKNOWN,DNP,Not injury related - resting player,2023-11-25,nflverse,,2026-09-07T05:49:16.123275+00:00,2023-11-25T00:00:00
NFL_LAR_00-0031388_2023W12_NA_DNP,NFL,2023,12,2023_NFL_W12_LAR_ARI,NFL_LAR,NFL_P_00-0031388,DL,,UNKNOWN,DNP,Not injury related - resting player,2023-11-25,nflverse,,2026-09-07T05:49:16.123275+00:00,2023-11-25T00:00:00
NFL_LAR_00-0036994_2023W12_NA_LP,NFL,2023,12,2023_NFL_W12_LAR_ARI,NFL_LAR,NFL_P_00-0036994,LB,,UNKNOWN,LP,Knee,2023-11-25,nflverse,,2026-09-07T05:49:16.123275+00:00,2023-11-25T00:00:00
NFL_LAR_00-0037841_2023W12_OUT_DNP,NFL,2023,12,2023_NFL_W12_LAR_ARI,NFL_LAR,NFL_P_00-0037841,S,,OUT,DNP,Hamstring,2023-11-25,nflverse,,2026-09-07T05:49:16.123275+00:00,2023-11-25T00:00:00
NFL_LAR_00-0036862_2023W12_QUESTIONABLE_LP,NFL,2023,12,2023_NFL_W12_LAR_ARI,NFL_LAR,NFL_P_00-0036862,WR,,QUESTIONABLE,LP,Hip,2023-11-25,nflverse,,2026-09-07T05:49:16.123275+00:00,2023-11-25T00:00:00
NFL_LAC_00-0031040_2023W12_NA_DNP,NFL,2023,12,2023_NFL_W12_BAL_LAC,NFL_LAC,NFL_P_00-0031040,EDGE,,UNKNOWN,DNP,Not injury related - resting player,2023-11-26,nflverse,,2026-09-07T05:49:16.123275+00:00,2023-11-26T00:00:00
NFL_LAC_00-0032394_2023W12_OUT_DNP,NFL,2023,12,2023_NFL_W12_BAL_LAC,NFL_LAC,NFL_P_00-0032394,TE,,OUT,DNP,Concussion,2023-11-26,nflverse,,2026-09-07T05:49:16.123275+00:00,2023-11-26T00:00:00
NFL_LAC_00-0038091_2023W12_OUT_LP,NFL,2023,12,2023_NFL_W12_BAL_LAC,NFL_LAC,NFL_P_00-0038091,S,,OUT,LP,Illness,2023-11-26,nflverse,,2026-09-07T05:49:16.123275+00:00,2023-11-26T00:00:00
NFL_LAC_00-0033895_2023W12_QUESTIONABLE_FP,NFL,2023,12,2023_NFL_W12_BAL_LAC,NFL_LAC,NFL_P_00-0033895,TE,,QUESTIONABLE,FP,Chest,2023-11-26,nflverse,,2026-09-07T05:49:16.123275+00:00,2023-11-26T00:00:00
NFL_LAC_00-0035414_2023W12_QUESTIONABLE_LP,NFL,2023,12,2023_NFL_W12_BAL_LAC,NFL_LAC,NFL_P_00-0035414,WR,,QUESTIONABLE,LP,Groin,2023-11-26,nflverse,,2026-09-07T05:49:16.123275+00:00,2023-11-26T00:00:00
NFL_LV_00-0034973_2023W12_DOUBTFUL_DNP,NFL,2023,12,2023_NFL_W12_KC_LV,NFL_LV,NFL_P_00-0034973,EDGE,,DOUBTFUL,DNP,Knee,2023-11-25,nflverse,,2026-09-07T05:49:16.123275+00:00,2023-11-25T00:00:00
NFL_LV_00-0035437_2023W12_QUESTIONABLE_FP,NFL,2023,12,2023_NFL_W12_KC_LV,NFL_LV,NFL_P_00-0035437,S,,QUESTIONABLE,FP,Hamstring,2023-11-25,nflverse,,2026-09-07T05:49:16.123275+00:00,2023-11-25T00:00:00
NFL_LV_00-0034993_2023W12_QUESTIONABLE_LP,NFL,2023,12,2023_NFL_W12_KC_LV,NFL_LV,NFL_P_00-0034993,S,,QUESTIONABLE,LP,Neck,2023-11-25,nflverse,,2026-09-07T05:49:16.123275+00:00,2023-11-25T00:00:00
NFL_LV_00-0034759_2023W12_QUESTIONABLE_LP,NFL,2023,12,2023_NFL_W12_KC_LV,NFL_LV,NFL_P_00-0034759,OL,,QUESTIONABLE,LP,Shoulder,2023-11-25,nflverse,,2026-09-07T05:49:16.123275+00:00,2023-11-25T00:00:00
NFL_LV_00-0034720_2023W12_QUESTIONABLE_LP,NFL,2023,12,2023_NFL_W12_KC_LV,NFL_LV,NFL_P_00-0034720,LB,,QUESTIONABLE,LP,Ankle,2023-11-25,nflverse,,2026-09-07T05:49:16.123275+00:00,2023-11-25T00:00:00
NFL_MIA_00-0033040_2023W12_NA_LP,NFL,2023,12,2023_NFL_W12_MIA_NYJ,NFL_MIA,NFL_P_00-0033040,WR,,UNKNOWN,LP,Hand,2023-11-23,nflverse,,2026-09-07T05:49:16.123275+00:00,2023-11-23T00:00:00
NFL_MIA_00-0031687_2023W12_NA_LP,NFL,2023,12,2023_NFL_W12_MIA_NYJ,NFL_MIA,NFL_P_00-0031687,RB,,UNKNOWN,LP,Ankle,2023-11-23,nflverse,,2026-09-07T05:49:16.123275+00:00,2023-11-23T00:00:00
NFL_MIA_00-0036596_2023W12_DOUBTFUL_LP,NFL,2023,12,2023_NFL_W12_MIA_NYJ,NFL_MIA,NFL_P_00-0036596,OL,,DOUBTFUL,LP,Knee,2023-11-23,nflverse,,2026-09-07T05:49:16.123275+00:00,2023-11-23T00:00:00
NFL_MIA_00-0031921_2023W12_QUESTIONABLE_NA,NFL,2023,12,2023_NFL_W12_MIA_NYJ,NFL_MIA,NFL_P_00-0031921,OL,,QUESTIONABLE,,Back,2023-11-23,nflverse,,2026-09-07T05:49:16.123275+00:00,2023-11-23T00:00:00
NFL_MIA_00-0039040_2023W12_QUESTIONABLE_LP,NFL,2023,12,2023_NFL_W12_MIA_NYJ,NFL_MIA,NFL_P_00-0039040,RB,,QUESTIONABLE,LP,Knee,2023-11-23,nflverse,,2026-09-07T05:49:16.123275+00:00,2023-11-23T00:00:00
NFL_MIA_00-0030067_2023W12_QUESTIONABLE_LP,NFL,2023,12,2023_NFL_W12_MIA_NYJ,NFL_MIA,NFL_P_00-0030067,OL,,QUESTIONABLE,LP,Knee,2023-11-23,nflverse,,2026-09-07T05:49:16.123275+00:00,2023-11-23T00:00:00
NFL_MIA_00-0036326_2023W12_QUESTIONABLE_LP,NFL,2023,12,2023_NFL_W12_MIA_NYJ,NFL_MIA,NFL_P_00-0036326,WR,,QUESTIONABLE,LP,Knee,2023-11-23,nflverse,,2026-09-07T05:49:16.123275+00:00,2023-11-23T00:00:00
NFL_MIA_00-0035117_2023W12_QUESTIONABLE_LP,NFL,2023,12,2023_NFL_W12_MIA_NYJ,NFL_MIA,NFL_P_00-0035117,OL,,QUESTIONABLE,LP,Hip,2023-11-23,nflverse,,2026-09-07T05:49:16.123275+00:00,2023-11-23T00:00:00
NFL_MIA_00-0036325_2023W12_QUESTIONABLE_LP,NFL,2023,12,2023_NFL_W12_MIA_NYJ,NFL_MIA,NFL_P_00-0036325,OL,,QUESTIONABLE,LP,Hamstring,2023-11-23,nflverse,,2026-09-07T05:49:16.123275+00:00,2023-11-23T00:00:00
NFL_MIA_00-0035125_2023W12_QUESTIONABLE_LP,NFL,2023,12,2023_NFL_W12_MIA_NYJ,NFL_MIA,NFL_P_00-0035125,RB,,QUESTIONABLE,LP,Foot,2023-11-23,nflverse,,2026-09-07T05:49:16.123275+00:00,2023-11-23T00:00:00
NFL_MIA_00-0036248_2023W12_QUESTIONABLE_LP,NFL,2023,12,2023_NFL_W12_MIA_NYJ,NFL_MIA,NFL_P_00-0036248,OL,,QUESTIONABLE,LP,Oblique,2023-11-23,nflverse,,2026-09-07T05:49:16.123275+00:00,2023-11-23T00:00:00
NFL_MIA_00-0034798_2023W12_QUESTIONABLE_LP,NFL,2023,12,2023_NFL_W12_MIA_NYJ,NFL_MIA,NFL_P_00-0034798,TE,,QUESTIONABLE,LP,Ankle,2023-11-23,nflverse,,2026-09-07T05:49:16.123275+00:00,2023-11-23T00:00:00
NFL_MIN_00-0038101_2023W12_QUESTIONABLE_FP,NFL,2023,12,2023_NFL_W12_CHI_MIN,NFL_MIN,NFL_P_00-0038101,CB,,QUESTIONABLE,FP,Calf,2023-11-27,nflverse,,2026-09-07T05:49:16.123275+00:00,2023-11-27T00:00:00
NFL_MIN_00-0036322_2023W12_QUESTIONABLE_LP,NFL,2023,12,2023_NFL_W12_CHI_MIN,NFL_MIN,NFL_P_00-0036322,WR,,QUESTIONABLE,LP,Hamstring,2023-11-27,nflverse,,2026-09-07T05:49:16.123275+00:00,2023-11-27T00:00:00
NFL_MIN_00-0036909_2023W12_QUESTIONABLE_LP,NFL,2023,12,2023_NFL_W12_CHI_MIN,NFL_MIN,NFL_P_00-0036909,DL,,QUESTIONABLE,LP,Knee,2023-11-27,nflverse,,2026-09-07T05:49:16.123275+00:00,2023-11-27T00:00:00
NFL_NE_00-0036981_2023W12_NA_LP,NFL,2023,12,2023_NFL_W12_NE_NYG,NFL_NE,NFL_P_00-0036981,DL,,UNKNOWN,LP,Knee,2023-11-25,nflverse,,2026-09-07T05:49:16.123275+00:00,2023-11-25T00:00:00
NFL_NE_00-0036087_2023W12_NA_LP,NFL,2023,12,2023_NFL_W12_NE_NYG,NFL_NE,NFL_P_00-0036087,CB,,UNKNOWN,LP,Chest,2023-11-25,nflverse,,2026-09-07T05:49:16.123275+00:00,2023-11-25T00:00:00
NFL_NE_00-0034385_2023W12_QUESTIONABLE_LP,NFL,2023,12,2023_NFL_W12_NE_NYG,NFL_NE,NFL_P_00-0034385,LB,,QUESTIONABLE,LP,Hamstring,2023-11-25,nflverse,,2026-09-07T05:49:16.123275+00:00,2023-11-25T00:00:00
NFL_NE_00-0032071_2023W12_QUESTIONABLE_LP,NFL,2023,12,2023_NFL_W12_NE_NYG,NFL_NE,NFL_P_00-0032071,OL,,QUESTIONABLE,LP,Ankle,2023-11-25,nflverse,,2026-09-07T05:49:16.123275+00:00,2023-11-25T00:00:00
NFL_NE_00-0032580_2023W12_QUESTIONABLE_LP,NFL,2023,12,2023_NFL_W12_NE_NYG,NFL_NE,NFL_P_00-0032580,CB,,QUESTIONABLE,LP,Knee,2023-11-25,nflverse,,2026-09-07T05:49:16.123275+00:00,2023-11-25T00:00:00
NFL_NE_00-0031547_2023W12_QUESTIONABLE_LP,NFL,2023,12,2023_NFL_W12_NE_NYG,NFL_NE,NFL_P_00-0031547,WR,,QUESTIONABLE,LP,Concussion,2023-11-25,nflverse,,2026-09-07T05:49:16.123275+00:00,2023-11-25T00:00:00
NFL_NE_00-0029672_2023W12_QUESTIONABLE_LP,NFL,2023,12,2023_NFL_W12_NE_NYG,NFL_NE,NFL_P_00-0029672,OL,,QUESTIONABLE,LP,Knee,2023-11-25,nflverse,,2026-09-07T05:49:16.123275+00:00,2023-11-25T00:00:00
NFL_NE_00-0026293_2023W12_QUESTIONABLE_LP,NFL,2023,12,2023_NFL_W12_NE_NYG,NFL_NE,NFL_P_00-0026293,WR,,QUESTIONABLE,LP,Ankle,2023-11-25,nflverse,,2026-09-07T05:49:16.123275+00:00,2023-11-25T00:00:00
NFL_NE_00-0033947_2023W12_QUESTIONABLE_LP,NFL,2023,12,2023_NFL_W12_NE_NYG,NFL_NE,NFL_P_00-0033947,EDGE,,QUESTIONABLE,LP,Shoulder,2023-11-25,nflverse,,2026-09-07T05:49:16.123275+00:00,2023-11-25T00:00:00
NFL_NO_00-0027696_2023W12_NA_DNP,NFL,2023,12,2023_NFL_W12_NO_ATL,NFL_NO,NFL_P_00-0027696,TE,,UNKNOWN,DNP,Not injury related - resting player,2023-11-25,nflverse,,2026-09-07T05:49:16.123275+00:00,2023-11-25T00:00:00
NFL_NO_00-0033874_2023W12_OUT_DNP,NFL,2023,12,2023_NFL_W12_NO_ATL,NFL_NO,NFL_P_00-0033874,CB,,OUT,DNP,Ankle,2023-11-25,nflverse,,2026-09-07T05:49:16.123275+00:00,2023-11-25T00:00:00
NFL_NO_00-0038551_2023W12_OUT_DNP,NFL,2023,12,2023_NFL_W12_NO_ATL,NFL_NO,NFL_P_00-0038551,RB,,OUT,DNP,Ankle,2023-11-25,nflverse,,2026-09-07T05:49:16.123275+00:00,2023-11-25T00:00:00
NFL_NO_00-0039143_2023W12_QUESTIONABLE_LP,NFL,2023,12,2023_NFL_W12_NO_ATL,NFL_NO,NFL_P_00-0039143,EDGE,,QUESTIONABLE,LP,Quadricep,2023-11-25,nflverse,,2026-09-07T05:49:16.123275+00:00,2023-11-25T00:00:00
NFL_NYG_00-0033511_2023W12_NA_LP,NFL,2023,12,2023_NFL_W12_NE_NYG,NFL_NYG,NFL_P_00-0033511,OL,,UNKNOWN,LP,Knee,2023-11-25,nflverse,,2026-09-07T05:49:16.123275+00:00,2023-11-25T00:00:00
NFL_NYG_00-0038403_2023W12_NA_LP,NFL,2023,12,2023_NFL_W12_NE_NYG,NFL_NYG,NFL_P_00-0038403,CB,,UNKNOWN,LP,Shoulder,2023-11-25,nflverse,,2026-09-07T05:49:16.123275+00:00,2023-11-25T00:00:00
NFL_NYG_00-0035687_2023W12_NA_LP,NFL,2023,12,2023_NFL_W12_NE_NYG,NFL_NYG,NFL_P_00-0035687,LB,,UNKNOWN,LP,Hip,2023-11-25,nflverse,,2026-09-07T05:49:16.123275+00:00,2023-11-25T00:00:00
NFL_NYG_00-0032889_2023W12_NA_LP,NFL,2023,12,2023_NFL_W12_NE_NYG,NFL_NYG,NFL_P_00-0032889,DL,,UNKNOWN,LP,Back,2023-11-25,nflverse,,2026-09-07T05:49:16.123275+00:00,2023-11-25T00:00:00
NFL_NYG_00-0037612_2023W12_OUT_DNP,NFL,2023,12,2023_NFL_W12_NE_NYG,NFL_NYG,NFL_P_00-0037612,OL,,OUT,DNP,Ankle,2023-11-25,nflverse,,2026-09-07T05:49:16.123275+00:00,2023-11-25T00:00:00
NFL_NYG_00-0035683_2023W12_DOUBTFUL_DNP,NFL,2023,12,2023_NFL_W12_NE_NYG,NFL_NYG,NFL_P_00-0035683,DL,,DOUBTFUL,DNP,Hamstring,2023-11-25,nflverse,,2026-09-07T05:49:16.123275+00:00,2023-11-25T00:00:00
NFL_NYG_00-0035535_2023W12_DOUBTFUL_LP,NFL,2023,12,2023_NFL_W12_NE_NYG,NFL_NYG,NFL_P_00-0035535,WR,,DOUBTFUL,LP,Neck,2023-11-25,nflverse,,2026-09-07T05:49:16.123275+00:00,2023-11-25T00:00:00
NFL_NYG_00-0038396_2023W12_QUESTIONABLE_FP,NFL,2023,12,2023_NFL_W12_NE_NYG,NFL_NYG,NFL_P_00-0038396,RB,,QUESTIONABLE,FP,Ankle,2023-11-25,nflverse,,2026-09-07T05:49:16.123275+00:00,2023-11-25T00:00:00
NFL_NYJ_00-0036501_2023W12_DOUBTFUL_DNP,NFL,2023,12,2023_NFL_W12_MIA_NYJ,NFL_NYJ,NFL_P_00-0036501,CB,,DOUBTFUL,DNP,Hamstring,2023-11-23,nflverse,,2026-09-07T05:49:16.123275+00:00,2023-11-23T00:00:00
NFL_NYJ_00-0036284_2023W12_QUESTIONABLE_DNP,NFL,2023,12,2023_NFL_W12_MIA_NYJ,NFL_NYJ,NFL_P_00-0036284,OL,,QUESTIONABLE,DNP,Ankle,2023-11-23,nflverse,,2026-09-07T05:49:16.123275+00:00,2023-11-23T00:00:00
NFL_NYJ_00-0026166_2023W12_QUESTIONABLE_FP,NFL,2023,12,2023_NFL_W12_MIA_NYJ,NFL_NYJ,NFL_P_00-0026166,OL,,QUESTIONABLE,FP,Hip,2023-11-23,nflverse,,2026-09-07T05:49:16.123275+00:00,2023-11-23T00:00:00
NFL_NYJ_00-0031433_2023W12_QUESTIONABLE_FP,NFL,2023,12,2023_NFL_W12_MIA_NYJ,NFL_NYJ,NFL_P_00-0031433,OL,,QUESTIONABLE,FP,Finger,2023-11-23,nflverse,,2026-09-07T05:49:16.123275+00:00,2023-11-23T00:00:00
NFL_NYJ_00-0036510_2023W12_QUESTIONABLE_FP,NFL,2023,12,2023_NFL_W12_MIA_NYJ,NFL_NYJ,NFL_P_00-0036510,TE,,QUESTIONABLE,FP,Hamstring,2023-11-23,nflverse,,2026-09-07T05:49:16.123275+00:00,2023-11-23T00:00:00
NFL_NYJ_00-0034902_2023W12_QUESTIONABLE_LP,NFL,2023,12,2023_NFL_W12_MIA_NYJ,NFL_NYJ,NFL_P_00-0034902,LB,,QUESTIONABLE,LP,Hip,2023-11-23,nflverse,,2026-09-07T05:49:16.123275+00:00,2023-11-23T00:00:00
NFL_PHI_00-0033876_2023W12_NA_DNP,NFL,2023,12,2023_NFL_W12_BUF_PHI,NFL_PHI,NFL_P_00-0033876,EDGE,,UNKNOWN,DNP,Not injury related - personal matter,2023-11-25,nflverse,,2026-09-07T05:49:16.123275+00:00,2023-11-25T00:00:00
NFL_PHI_00-0036912_2023W12_NA_DNP,NFL,2023,12,2023_NFL_W12_BUF_PHI,NFL_PHI,NFL_P_00-0036912,WR,,UNKNOWN,DNP,Knee,2023-11-25,nflverse,,2026-09-07T05:49:16.123275+00:00,2023-11-25T00:00:00
NFL_PHI_00-0037086_2023W12_OUT_DNP,NFL,2023,12,2023_NFL_W12_BUF_PHI,NFL_PHI,NFL_P_00-0037086,TE,,OUT,DNP,Ankle,2023-11-25,nflverse,,2026-09-07T05:49:16.123275+00:00,2023-11-25T00:00:00
NFL_PHI_00-0033898_2023W12_OUT_DNP,NFL,2023,12,2023_NFL_W12_BUF_PHI,NFL_PHI,NFL_P_00-0033898,S,,OUT,DNP,Knee,2023-11-25,nflverse,,2026-09-07T05:49:16.123275+00:00,2023-11-25T00:00:00
NFL_PHI_00-0034351_2023W12_OUT_DNP,NFL,2023,12,2023_NFL_W12_BUF_PHI,NFL_PHI,NFL_P_00-0034351,TE,,OUT,DNP,Forearm,2023-11-25,nflverse,,2026-09-07T05:49:16.123275+00:00,2023-11-25T00:00:00
NFL_PHI_00-0036916_2023W12_OUT_DNP,NFL,2023,12,2023_NFL_W12_BUF_PHI,NFL_PHI,NFL_P_00-0036916,DL,,OUT,DNP,Concussion,2023-11-25,nflverse,,2026-09-07T05:49:16.123275+00:00,2023-11-25T00:00:00
NFL_PHI_00-0036271_2023W12_QUESTIONABLE_LP,NFL,2023,12,2023_NFL_W12_BUF_PHI,NFL_PHI,NFL_P_00-0036271,WR,,QUESTIONABLE,LP,Hamstring,2023-11-25,nflverse,,2026-09-07T05:49:16.123275+00:00,2023-11-25T00:00:00
NFL_PIT_00-0027943_2023W12_NA_DNP,NFL,2023,12,2023_NFL_W12_PIT_CIN,NFL_PIT,NFL_P_00-0027943,CB,,UNKNOWN,DNP,Not injury related - resting player,2023-11-25,nflverse,,2026-09-07T05:49:16.123275+00:00,2023-11-25T00:00:00
NFL_PIT_00-0032954_2023W12_NA_DNP,NFL,2023,12,2023_NFL_W12_PIT_CIN,NFL_PIT,NFL_P_00-0032954,OL,,UNKNOWN,DNP,Not injury related - resting player,2023-11-25,nflverse,,2026-09-07T05:49:16.123275+00:00,2023-11-25T00:00:00
NFL_PIT_00-0034514_2023W12_NA_DNP,NFL,2023,12,2023_NFL_W12_PIT_CIN,NFL_PIT,NFL_P_00-0034514,CB,,UNKNOWN,DNP,Not injury related - resting player,2023-11-25,nflverse,,2026-09-07T05:49:16.123275+00:00,2023-11-25T00:00:00
NFL_PIT_00-0027969_2023W12_NA_LP,NFL,2023,12,2023_NFL_W12_PIT_CIN,NFL_PIT,NFL_P_00-0027969,DL,,UNKNOWN,LP,Not injury related - resting player,2023-11-25,nflverse,,2026-09-07T05:49:16.123275+00:00,2023-11-25T00:00:00
NFL_PIT_00-0034789_2023W12_OUT_DNP,NFL,2023,12,2023_NFL_W12_PIT_CIN,NFL_PIT,NFL_P_00-0034789,S,,OUT,DNP,Hamstring,2023-11-25,nflverse,,2026-09-07T05:49:16.123275+00:00,2023-11-25T00:00:00
NFL_PIT_00-0033929_2023W12_OUT_LP,NFL,2023,12,2023_NFL_W12_PIT_CIN,NFL_PIT,NFL_P_00-0033929,DL,,OUT,LP,Ankle,2023-11-25,nflverse,,2026-09-07T05:49:16.123275+00:00,2023-11-25T00:00:00
NFL_PIT_00-0035795_2023W12_QUESTIONABLE_DNP,NFL,2023,12,2023_NFL_W12_PIT_CIN,NFL_PIT,NFL_P_00-0035795,CB,,QUESTIONABLE,DNP,Shoulder,2023-11-25,nflverse,,2026-09-07T05:49:16.123275+00:00,2023-11-25T00:00:00
NFL_SEA_00-0038613_2023W12_OUT_DNP,NFL,2023,12,2023_NFL_W12_SF_SEA,NFL_SEA,NFL_P_00-0038613,S,,OUT,DNP,Knee,2023-11-23,nflverse,,2026-09-07T05:49:16.123275+00:00,2023-11-23T00:00:00
NFL_SEA_00-0038134_2023W12_DOUBTFUL_DNP,NFL,2023,12,2023_NFL_W12_SF_SEA,NFL_SEA,NFL_P_00-0038134,RB,,DOUBTFUL,DNP,Oblique,2023-11-23,nflverse,,2026-09-07T05:49:16.123275+00:00,2023-11-23T00:00:00
NFL_SEA_00-0037093_2023W12_DOUBTFUL_DNP,NFL,2023,12,2023_NFL_W12_SF_SEA,NFL_SEA,NFL_P_00-0037093,WR,,DOUBTFUL,DNP,Abdomen,2023-11-23,nflverse,,2026-09-07T05:49:16.123275+00:00,2023-11-23T00:00:00
NFL_SEA_00-0037812_2023W12_QUESTIONABLE_FP,NFL,2023,12,2023_NFL_W12_SF_SEA,NFL_SEA,NFL_P_00-0037812,OL,,QUESTIONABLE,FP,Knee,2023-11-23,nflverse,,2026-09-07T05:49:16.123275+00:00,2023-11-23T00:00:00
NFL_SEA_00-0030565_2023W12_QUESTIONABLE_FP,NFL,2023,12,2023_NFL_W12_SF_SEA,NFL_SEA,NFL_P_00-0030565,QB,,QUESTIONABLE,FP,right Elbow,2023-11-23,nflverse,,2026-09-07T05:49:16.123275+00:00,2023-11-23T00:00:00
NFL_SF_00-0036564_2023W12_NA_DNP,NFL,2023,12,2023_NFL_W12_SF_SEA,NFL_SF,NFL_P_00-0036564,S,,UNKNOWN,DNP,Knee,2023-11-23,nflverse,,2026-09-07T05:49:16.123275+00:00,2023-11-23T00:00:00
NFL_SF_00-0037829_2023W12_QUESTIONABLE_DNP,NFL,2023,12,2023_NFL_W12_SF_SEA,NFL_SF,NFL_P_00-0037829,OL,,QUESTIONABLE,DNP,Knee,2023-11-23,nflverse,,2026-09-07T05:49:16.123275+00:00,2023-11-23T00:00:00
NFL_SF_00-0038603_2023W12_QUESTIONABLE_FP,NFL,2023,12,2023_NFL_W12_SF_SEA,NFL_SF,NFL_P_00-0038603,EDGE,,QUESTIONABLE,FP,Hamstring,2023-11-23,nflverse,,2026-09-07T05:49:16.123275+00:00,2023-11-23T00:00:00
NFL_SF_00-0037830_2023W12_QUESTIONABLE_FP,NFL,2023,12,2023_NFL_W12_SF_SEA,NFL_SF,NFL_P_00-0037830,CB,,QUESTIONABLE,FP,Knee,2023-11-23,nflverse,,2026-09-07T05:49:16.123275+00:00,2023-11-23T00:00:00
NFL_SF_00-0036551_2023W12_QUESTIONABLE_LP,NFL,2023,12,2023_NFL_W12_SF_SEA,NFL_SF,NFL_P_00-0036551,OL,,QUESTIONABLE,LP,Toe,2023-11-23,nflverse,,2026-09-07T05:49:16.123275+00:00,2023-11-23T00:00:00
NFL_TB_00-0033921_2023W12_NA_LP,NFL,2023,12,2023_NFL_W12_TB_IND,NFL_TB,NFL_P_00-0033921,WR,,UNKNOWN,LP,Knee,2023-11-25,nflverse,,2026-09-07T05:49:16.123275+00:00,2023-11-25T00:00:00
NFL_TB_00-0029562_2023W12_OUT_DNP,NFL,2023,12,2023_NFL_W12_TB_IND,NFL_TB,NFL_P_00-0029562,LB,,OUT,DNP,Groin,2023-11-25,nflverse,,2026-09-07T05:49:16.123275+00:00,2023-11-25T00:00:00
NFL_TB_00-0035699_2023W12_OUT_DNP,NFL,2023,12,2023_NFL_W12_TB_IND,NFL_TB,NFL_P_00-0035699,CB,,OUT,DNP,Ankle,2023-11-25,nflverse,,2026-09-07T05:49:16.123275+00:00,2023-11-25T00:00:00
NFL_TB_00-0037256_2023W12_QUESTIONABLE_NA,NFL,2023,12,2023_NFL_W12_TB_IND,NFL_TB,NFL_P_00-0037256,RB,,QUESTIONABLE,,Knee,2023-11-25,nflverse,,2026-09-07T05:49:16.123275+00:00,2023-11-25T00:00:00
NFL_TB_00-0037627_2023W12_QUESTIONABLE_DNP,NFL,2023,12,2023_NFL_W12_TB_IND,NFL_TB,NFL_P_00-0037627,DL,,QUESTIONABLE,DNP,Calf,2023-11-25,nflverse,,2026-09-07T05:49:16.123275+00:00,2023-11-25T00:00:00
NFL_TB_00-0038127_2023W12_QUESTIONABLE_DNP,NFL,2023,12,2023_NFL_W12_TB_IND,NFL_TB,NFL_P_00-0038127,EDGE,,QUESTIONABLE,DNP,Illness,2023-11-25,nflverse,,2026-09-07T05:49:16.123275+00:00,2023-11-25T00:00:00
NFL_TB_00-0034778_2023W12_QUESTIONABLE_FP,NFL,2023,12,2023_NFL_W12_TB_IND,NFL_TB,NFL_P_00-0034778,CB,,QUESTIONABLE,FP,Hip,2023-11-25,nflverse,,2026-09-07T05:49:16.123275+00:00,2023-11-25T00:00:00
NFL_TB_00-0035707_2023W12_QUESTIONABLE_LP,NFL,2023,12,2023_NFL_W12_TB_IND,NFL_TB,NFL_P_00-0035707,LB,,QUESTIONABLE,LP,Foot,2023-11-25,nflverse,,2026-09-07T05:49:16.123275+00:00,2023-11-25T00:00:00
NFL_TEN_00-0037742_2023W12_OUT_DNP,NFL,2023,12,2023_NFL_W12_CAR_TEN,NFL_TEN,NFL_P_00-0037742,WR,,OUT,DNP,Concussion,2023-11-25,nflverse,,2026-09-07T05:49:16.123275+00:00,2023-11-25T00:00:00
NFL_TEN_00-0029963_2023W12_OUT_DNP,NFL,2023,12,2023_NFL_W12_CAR_TEN,NFL_TEN,NFL_P_00-0029963,OL,,OUT,DNP,Biceps,2023-11-25,nflverse,,2026-09-07T05:49:16.123275+00:00,2023-11-25T00:00:00
NFL_TEN_00-0035413_2023W12_QUESTIONABLE_FP,NFL,2023,12,2023_NFL_W12_CAR_TEN,NFL_TEN,NFL_P_00-0035413,LB,,QUESTIONABLE,FP,Shin,2023-11-25,nflverse,,2026-09-07T05:49:16.123275+00:00,2023-11-25T00:00:00
NFL_TEN_00-0034858_2023W12_QUESTIONABLE_LP,NFL,2023,12,2023_NFL_W12_CAR_TEN,NFL_TEN,NFL_P_00-0034858,S,,QUESTIONABLE,LP,Shoulder,2023-11-25,nflverse,,2026-09-07T05:49:16.123275+00:00,2023-11-25T00:00:00
NFL_WAS_00-0036090_2023W12_NA_DNP,NFL,2023,12,2023_NFL_W12_WAS_DAL,NFL_WAS,NFL_P_00-0036090,LB,,UNKNOWN,DNP,Quadricep,2023-11-22,nflverse,,2026-09-07T05:49:16.123275+00:00,2023-11-22T00:00:00
NFL_WAS_00-0031500_2023W12_NA_DNP,NFL,2023,12,2023_NFL_W12_WAS_DAL,NFL_WAS,NFL_P_00-0031500,EDGE,,UNKNOWN,DNP,Fibula,2023-11-22,nflverse,,2026-09-07T05:49:16.123275+00:00,2023-11-22T00:00:00
NFL_WAS_00-0033296_2023W12_OUT_DNP,NFL,2023,12,2023_NFL_W12_WAS_DAL,NFL_WAS,NFL_P_00-0033296,RB,,OUT,DNP,Hamstring,2023-11-22,nflverse,,2026-09-07T05:49:16.123275+00:00,2023-11-22T00:00:00
NFL_WAS_00-0039151_2023W12_OUT_DNP,NFL,2023,12,2023_NFL_W12_WAS_DAL,NFL_WAS,NFL_P_00-0039151,CB,,OUT,DNP,Elbow,2023-11-22,nflverse,,2026-09-07T05:49:16.123275+00:00,2023-11-22T00:00:00
NFL_WAS_00-0036351_2023W12_OUT_DNP,NFL,2023,12,2023_NFL_W12_WAS_DAL,NFL_WAS,NFL_P_00-0036351,EDGE,,OUT,DNP,Hamstring,2023-11-22,nflverse,,2026-09-07T05:49:16.123275+00:00,2023-11-22T00:00:00
NFL_WAS_00-0036328_2023W12_QUESTIONABLE_LP,NFL,2023,12,2023_NFL_W12_WAS_DAL,NFL_WAS,NFL_P_00-0036328,RB,,QUESTIONABLE,LP,Toe,2023-11-22,nflverse,,2026-09-07T05:49:16.123275+00:00,2023-11-22T00:00:00
NFL_WAS_00-0036343_2023W12_QUESTIONABLE_LP,NFL,2023,12,2023_NFL_W12_WAS_DAL,NFL_WAS,NFL_P_00-0036343,LB,,QUESTIONABLE,LP,Back,2023-11-22,nflverse,,2026-09-07T05:49:16.123275+00:00,2023-11-22T00:00:00
NFL_ARI_00-0032933_2023W13_OUT_DNP,NFL,2023,13,2023_NFL_W13_ARI_PIT,NFL_ARI,NFL_P_00-0032933,CB,,OUT,DNP,Groin,2023-12-02,nflverse,,2026-09-07T05:49:16.123275+00:00,2023-12-02T00:00:00
NFL_ARI_00-0038663_2023W13_OUT_DNP,NFL,2023,13,2023_NFL_W13_ARI_PIT,NFL_ARI,NFL_P_00-0038663,CB,,OUT,DNP,Ankle,2023-12-02,nflverse,,2026-09-07T05:49:16.123275+00:00,2023-12-02T00:00:00
NFL_ARI_00-0038559_2023W13_OUT_DNP,NFL,2023,13,2023_NFL_W13_ARI_PIT,NFL_ARI,NFL_P_00-0038559,WR,,OUT,DNP,Shoulder,2023-12-02,nflverse,,2026-09-07T05:49:16.123275+00:00,2023-12-02T00:00:00
NFL_ARI_00-0033676_2023W13_OUT_LP,NFL,2023,13,2023_NFL_W13_ARI_PIT,NFL_ARI,NFL_P_00-0033676,OL,,OUT,LP,Neck,2023-12-02,nflverse,,2026-09-07T05:49:16.123275+00:00,2023-12-02T00:00:00
NFL_ARI_00-0035662_2023W13_QUESTIONABLE_DNP,NFL,2023,13,2023_NFL_W13_ARI_PIT,NFL_ARI,NFL_P_00-0035662,WR,,QUESTIONABLE,DNP,Heel,2023-12-02,nflverse,,2026-09-07T05:49:16.123275+00:00,2023-12-02T00:00:00
NFL_ARI_00-0033251_2023W13_QUESTIONABLE_DNP,NFL,2023,13,2023_NFL_W13_ARI_PIT,NFL_ARI,NFL_P_00-0033251,WR,,QUESTIONABLE,DNP,Not injury related - personal matter,2023-12-02,nflverse,,2026-09-07T05:49:16.123275+00:00,2023-12-02T00:00:00
NFL_ARI_00-0037141_2023W13_QUESTIONABLE_LP,NFL,2023,13,2023_NFL_W13_ARI_PIT,NFL_ARI,NFL_P_00-0037141,S,,QUESTIONABLE,LP,Knee,2023-12-02,nflverse,,2026-09-07T05:49:16.123275+00:00,2023-12-02T00:00:00
NFL_ARI_00-0037744_2023W13_QUESTIONABLE_LP,NFL,2023,13,2023_NFL_W13_ARI_PIT,NFL_ARI,NFL_P_00-0037744,TE,,QUESTIONABLE,LP,Groin,2023-12-02,nflverse,,2026-09-07T05:49:16.123275+00:00,2023-12-02T00:00:00
NFL_ARI_00-0035334_2023W13_QUESTIONABLE_LP,NFL,2023,13,2023_NFL_W13_ARI_PIT,NFL_ARI,NFL_P_00-0035334,DL,,QUESTIONABLE,LP,Knee,2023-12-02,nflverse,,2026-09-07T05:49:16.123275+00:00,2023-12-02T00:00:00
NFL_ARI_00-0035705_2023W13_QUESTIONABLE_LP,NFL,2023,13,2023_NFL_W13_ARI_PIT,NFL_ARI,NFL_P_00-0035705,S,,QUESTIONABLE,LP,Ribs,2023-12-02,nflverse,,2026-09-07T05:49:16.123275+00:00,2023-12-02T00:00:00
NFL_ATL_00-0026190_2023W13_NA_DNP,NFL,2023,13,2023_NFL_W13_ATL_NYJ,NFL_ATL,NFL_P_00-0026190,EDGE,,UNKNOWN,DNP,Not injury related - resting player,2023-12-02,nflverse,,2026-09-07T05:49:16.123275+00:00,2023-12-02T00:00:00
NFL_ATL_00-0030578_2023W13_NA_DNP,NFL,2023,13,2023_NFL_W13_ATL_NYJ,NFL_ATL,NFL_P_00-0030578,RB,,UNKNOWN,DNP,Not injury related - resting player,2023-12-02,nflverse,,2026-09-07T05:49:16.123275+00:00,2023-12-02T00:00:00
NFL_ATL_00-0037587_2023W13_NA_LP,NFL,2023,13,2023_NFL_W13_ATL_NYJ,NFL_ATL,NFL_P_00-0037587,LB,,UNKNOWN,LP,Thigh,2023-12-02,nflverse,,2026-09-07T05:49:16.123275+00:00,2023-12-02T00:00:00
NFL_ATL_00-0034843_2023W13_QUESTIONABLE_FP,NFL,2023,13,2023_NFL_W13_ATL_NYJ,NFL_ATL,NFL_P_00-0034843,CB,,QUESTIONABLE,FP,Hand,2023-12-02,nflverse,,2026-09-07T05:49:16.123275+00:00,2023-12-02T00:00:00
NFL_ATL_00-0033555_2023W13_QUESTIONABLE_LP,NFL,2023,13,2023_NFL_W13_ATL_NYJ,NFL_ATL,NFL_P_00-0033555,WR,,QUESTIONABLE,LP,Ankle,2023-12-02,nflverse,,2026-09-07T05:49:16.123275+00:00,2023-12-02T00:00:00
NFL_CAR_00-0028872_2023W13_NA_DNP,NFL,2023,13,2023_NFL_W13_CAR_TB,NFL_CAR,NFL_P_00-0028872,P,,UNKNOWN,DNP,Not injury related - personal matter,2023-12-02,nflverse,,2026-09-07T05:49:16.123275+00:00,2023-12-02T00:00:00
NFL_CAR_00-0036268_2023W13_NA_DNP,NFL,2023,13,2023_NFL_W13_CAR_TB,NFL_CAR,NFL_P_00-0036268,WR,,UNKNOWN,DNP,Ankle,2023-12-02,nflverse,,2026-09-07T05:49:16.123275+00:00,2023-12-02T00:00:00
NFL_CAR_00-0030035_2023W13_NA_DNP,NFL,2023,13,2023_NFL_W13_CAR_TB,NFL_CAR,NFL_P_00-0030035,WR,,UNKNOWN,DNP,Not injury related - resting player,2023-12-02,nflverse,,2026-09-07T05:49:16.123275+00:00,2023-12-02T00:00:00
NFL_CAR_00-0038536_2023W13_NA_DNP,NFL,2023,13,2023_NFL_W13_CAR_TB,NFL_CAR,NFL_P_00-0038536,OL,,UNKNOWN,DNP,Knee,2023-12-02,nflverse,,2026-09-07T05:49:16.123275+00:00,2023-12-02T00:00:00
NFL_CAR_00-0032939_2023W13_OUT_DNP,NFL,2023,13,2023_NFL_W13_CAR_TB,NFL_CAR,NFL_P_00-0032939,S,,OUT,DNP,Shoulder,2023-12-02,nflverse,,2026-09-07T05:49:16.123275+00:00,2023-12-02T00:00:00
NFL_CAR_00-0034830_2023W13_OUT_DNP,NFL,2023,13,2023_NFL_W13_CAR_TB,NFL_CAR,NFL_P_00-0034830,TE,,OUT,DNP,Concussion,2023-12-02,nflverse,,2026-09-07T05:49:16.123275+00:00,2023-12-02T00:00:00
NFL_CAR_00-0037005_2023W13_DOUBTFUL_DNP,NFL,2023,13,2023_NFL_W13_CAR_TB,NFL_CAR,NFL_P_00-0037005,TE,,DOUBTFUL,DNP,Hip,2023-12-02,nflverse,,2026-09-07T05:49:16.123275+00:00,2023-12-02T00:00:00
NFL_CAR_00-0038535_2023W13_QUESTIONABLE_FP,NFL,2023,13,2023_NFL_W13_CAR_TB,NFL_CAR,NFL_P_00-0038535,LB,,QUESTIONABLE,FP,Elbow,2023-12-02,nflverse,,2026-09-07T05:49:16.123275+00:00,2023-12-02T00:00:00
NFL_CAR_00-0036293_2023W13_QUESTIONABLE_LP,NFL,2023,13,2023_NFL_W13_CAR_TB,NFL_CAR,NFL_P_00-0036293,S,,QUESTIONABLE,LP,Quadricep,2023-12-02,nflverse,,2026-09-07T05:49:16.123275+00:00,2023-12-02T00:00:00
NFL_CAR_00-0036288_2023W13_QUESTIONABLE_LP,NFL,2023,13,2023_NFL_W13_CAR_TB,NFL_CAR,NFL_P_00-0036288,LB,,QUESTIONABLE,LP,Hamstring,2023-12-02,nflverse,,2026-09-07T05:49:16.123275+00:00,2023-12-02T00:00:00
NFL_CAR_00-0034382_2023W13_QUESTIONABLE_LP,NFL,2023,13,2023_NFL_W13_CAR_TB,NFL_CAR,NFL_P_00-0034382,LB,,QUESTIONABLE,LP,Back,2023-12-02,nflverse,,2026-09-07T05:49:16.123275+00:00,2023-12-02T00:00:00
NFL_CAR_00-0031785_2023W13_QUESTIONABLE_LP,NFL,2023,13,2023_NFL_W13_CAR_TB,NFL_CAR,NFL_P_00-0031785,CB,,QUESTIONABLE,LP,Hip,2023-12-02,nflverse,,2026-09-07T05:49:16.123275+00:00,2023-12-02T00:00:00
NFL_CAR_00-0036944_2023W13_QUESTIONABLE_LP,NFL,2023,13,2023_NFL_W13_CAR_TB,NFL_CAR,NFL_P_00-0036944,CB,,QUESTIONABLE,LP,Hamstring,2023-12-02,nflverse,,2026-09-07T05:49:16.123275+00:00,2023-12-02T00:00:00
NFL_CAR_00-0038775_2023W13_QUESTIONABLE_LP,NFL,2023,13,2023_NFL_W13_CAR_TB,NFL_CAR,NFL_P_00-0038775,OL,,QUESTIONABLE,LP,Back,2023-12-02,nflverse,,2026-09-07T05:49:16.123275+00:00,2023-12-02T00:00:00
NFL_CIN_00-0037753_2023W13_OUT_DNP,NFL,2023,13,2023_NFL_W13_CIN_JAX,NFL_CIN,NFL_P_00-0037753,CB,,OUT,DNP,Quadricep,2023-12-04,nflverse,,2026-09-07T05:49:16.123275+00:00,2023-12-04T00:00:00
NFL_CIN_00-0036881_2023W13_QUESTIONABLE_DNP,NFL,2023,13,2023_NFL_W13_CIN_JAX,NFL_CIN,NFL_P_00-0036881,DL,,QUESTIONABLE,DNP,Illness,2023-12-04,nflverse,,2026-09-07T05:49:16.123275+00:00,2023-12-04T00:00:00
NFL_CIN_00-0036852_2023W13_QUESTIONABLE_LP,NFL,2023,13,2023_NFL_W13_CIN_JAX,NFL_CIN,NFL_P_00-0036852,OL,,QUESTIONABLE,LP,Knee,2023-12-04,nflverse,,2026-09-07T05:49:16.123275+00:00,2023-12-04T00:00:00
NFL_CLE_00-0031544_2023W13_NA_LP,NFL,2023,13,2023_NFL_W13_CLE_LAR,NFL_CLE,NFL_P_00-0031544,WR,,UNKNOWN,LP,Not injury related - resting player,2023-12-02,nflverse,,2026-09-07T05:49:16.123275+00:00,2023-12-02T00:00:00
NFL_CLE_00-0035625_2023W13_NA_LP,NFL,2023,13,2023_NFL_W13_CLE_LAR,NFL_CLE,NFL_P_00-0035625,S,,UNKNOWN,LP,Calf,2023-12-02,nflverse,,2026-09-07T05:49:16.123275+00:00,2023-12-02T00:00:00
NFL_CLE_00-0033570_2023W13_NA_LP,NFL,2023,13,2023_NFL_W13_CLE_LAR,NFL_CLE,NFL_P_00-0033570,LB,,UNKNOWN,LP,Hamstring,2023-12-02,nflverse,,2026-09-07T05:49:16.123275+00:00,2023-12-02T00:00:00
NFL_CLE_00-0030068_2023W13_OUT_DNP,NFL,2023,13,2023_NFL_W13_CLE_LAR,NFL_CLE,NFL_P_00-0030068,WR,,OUT,DNP,Concussion,2023-12-02,nflverse,,2026-09-07T05:49:16.123275+00:00,2023-12-02T00:00:00
NFL_CLE_00-0038583_2023W13_OUT_DNP,NFL,2023,13,2023_NFL_W13_CLE_LAR,NFL_CLE,NFL_P_00-0038583,QB,,OUT,DNP,Concussion,2023-12-02,nflverse,,2026-09-07T05:49:16.123275+00:00,2023-12-02T00:00:00
NFL_CLE_00-0034856_2023W13_OUT_DNP,NFL,2023,13,2023_NFL_W13_CLE_LAR,NFL_CLE,NFL_P_00-0034856,CB,,OUT,DNP,Shoulder,2023-12-02,nflverse,,2026-09-07T05:49:16.123275+00:00,2023-12-02T00:00:00
NFL_CLE_00-0036866_2023W13_QUESTIONABLE_DNP,NFL,2023,13,2023_NFL_W13_CLE_LAR,NFL_CLE,NFL_P_00-0036866,OL,,QUESTIONABLE,DNP,Not injury related - personal matter,2023-12-02,nflverse,,2026-09-07T05:49:16.123275+00:00,2023-12-02T00:00:00
NFL_CLE_00-0036236_2023W13_QUESTIONABLE_LP,NFL,2023,13,2023_NFL_W13_CLE_LAR,NFL_CLE,NFL_P_00-0036236,OL,,QUESTIONABLE,LP,Knee,2023-12-02,nflverse,,2026-09-07T05:49:16.123275+00:00,2023-12-02T00:00:00
NFL_DAL_00-0031402_2023W13_NA_DNP,NFL,2023,13,2023_NFL_W13_SEA_DAL,NFL_DAL,NFL_P_00-0031402,OL,,UNKNOWN,DNP,Not injury related - resting player,2023-11-30,nflverse,,2026-09-07T05:49:16.123275+00:00,2023-11-30T00:00:00
NFL_DAL_00-0027947_2023W13_NA_DNP,NFL,2023,13,2023_NFL_W13_SEA_DAL,NFL_DAL,NFL_P_00-0027947,OL,,UNKNOWN,DNP,Not injury related - resting player,2023-11-30,nflverse,,2026-09-07T05:49:16.123275+00:00,2023-11-30T00:00:00
NFL_DAL_00-0037569_2023W13_QUESTIONABLE_FP,NFL,2023,13,2023_NFL_W13_SEA_DAL,NFL_DAL,NFL_P_00-0037569,TE,,QUESTIONABLE,FP,Ankle,2023-11-30,nflverse,,2026-09-07T05:49:16.123275+00:00,2023-11-30T00:00:00
NFL_DEN_00-0038105_2023W13_QUESTIONABLE_DNP,NFL,2023,13,2023_NFL_W13_DEN_HOU,NFL_DEN,NFL_P_00-0038105,CB,,QUESTIONABLE,DNP,Back,2023-12-02,nflverse,,2026-09-07T05:49:16.123275+00:00,2023-12-02T00:00:00
NFL_DET_00-0038550_2023W13_OUT_FP,NFL,2023,13,2023_NFL_W13_DET_NO,NFL_DET,NFL_P_00-0038550,QB,,OUT,FP,Knee,2023-12-02,nflverse,,2026-09-07T05:49:16.123275+00:00,2023-12-02T00:00:00
NFL_DET_00-0033914_2023W13_DOUBTFUL_DNP,NFL,2023,13,2023_NFL_W13_DET_NO,NFL_DET,NFL_P_00-0033914,LB,,DOUBTFUL,DNP,Hand,2023-12-02,nflverse,,2026-09-07T05:49:16.123275+00:00,2023-12-02T00:00:00
NFL_DET_00-0036258_2023W13_QUESTIONABLE_FP,NFL,2023,13,2023_NFL_W13_DET_NO,NFL_DET,NFL_P_00-0036258,OL,,QUESTIONABLE,FP,Ankle,2023-12-02,nflverse,,2026-09-07T05:49:16.123275+00:00,2023-12-02T00:00:00
NFL_GB_00-0033120_2023W13_NA_LP,NFL,2023,13,2023_NFL_W13_KC_GB,NFL_GB,NFL_P_00-0033120,EDGE,,UNKNOWN,LP,Shoulder,2023-12-03,nflverse,,2026-09-07T05:49:16.123275+00:00,2023-12-03T00:00:00
NFL_GB_00-0036265_2023W13_NA_LP,NFL,2023,13,2023_NFL_W13_KC_GB,NFL_GB,NFL_P_00-0036265,RB,,UNKNOWN,LP,Groin,2023-12-03,nflverse,,2026-09-07T05:49:16.123275+00:00,2023-12-03T00:00:00
NFL_GB_00-0034967_2023W13_NA_LP,NFL,2023,13,2023_NFL_W13_KC_GB,NFL_GB,NFL_P_00-0034967,LB,,UNKNOWN,LP,Shoulder,2023-12-03,nflverse,,2026-09-07T05:49:16.123275+00:00,2023-12-03T00:00:00
NFL_GB_00-0033293_2023W13_OUT_DNP,NFL,2023,13,2023_NFL_W13_KC_GB,NFL_GB,NFL_P_00-0033293,RB,,OUT,DNP,Knee,2023-12-03,nflverse,,2026-09-07T05:49:16.123275+00:00,2023-12-03T00:00:00
NFL_GB_00-0036901_2023W13_DOUBTFUL_LP,NFL,2023,13,2023_NFL_W13_KC_GB,NFL_GB,NFL_P_00-0036901,CB,,DOUBTFUL,LP,Hamstring,2023-12-03,nflverse,,2026-09-07T05:49:16.123275+00:00,2023-12-03T00:00:00
NFL_GB_00-0036904_2023W13_QUESTIONABLE_DNP,NFL,2023,13,2023_NFL_W13_KC_GB,NFL_GB,NFL_P_00-0036904,CB,,QUESTIONABLE,DNP,Calf,2023-12-03,nflverse,,2026-09-07T05:49:16.123275+00:00,2023-12-03T00:00:00
NFL_GB_00-0034968_2023W13_QUESTIONABLE_FP,NFL,2023,13,2023_NFL_W13_KC_GB,NFL_GB,NFL_P_00-0034968,S,,QUESTIONABLE,FP,Calf,2023-12-03,nflverse,,2026-09-07T05:49:16.123275+00:00,2023-12-03T00:00:00
NFL_GB_00-0034728_2023W13_QUESTIONABLE_LP,NFL,2023,13,2023_NFL_W13_KC_GB,NFL_GB,NFL_P_00-0034728,CB,,QUESTIONABLE,LP,Shoulder,2023-12-03,nflverse,,2026-09-07T05:49:16.123275+00:00,2023-12-03T00:00:00
NFL_GB_00-0032401_2023W13_QUESTIONABLE_LP,NFL,2023,13,2023_NFL_W13_KC_GB,NFL_GB,NFL_P_00-0032401,LB,,QUESTIONABLE,LP,Neck,2023-12-03,nflverse,,2026-09-07T05:49:16.123275+00:00,2023-12-03T00:00:00
NFL_GB_00-0036332_2023W13_QUESTIONABLE_LP,NFL,2023,13,2023_NFL_W13_KC_GB,NFL_GB,NFL_P_00-0036332,TE,,QUESTIONABLE,LP,Hip,2023-12-03,nflverse,,2026-09-07T05:49:16.123275+00:00,2023-12-03T00:00:00
NFL_GB_00-0033792_2023W13_QUESTIONABLE_LP,NFL,2023,13,2023_NFL_W13_KC_GB,NFL_GB,NFL_P_00-0033792,S,,QUESTIONABLE,LP,Biceps,2023-12-03,nflverse,,2026-09-07T05:49:16.123275+00:00,2023-12-03T00:00:00
NFL_GB_00-0039146_2023W13_QUESTIONABLE_LP,NFL,2023,13,2023_NFL_W13_KC_GB,NFL_GB,NFL_P_00-0039146,WR,,QUESTIONABLE,LP,Chest,2023-12-03,nflverse,,2026-09-07T05:49:16.123275+00:00,2023-12-03T00:00:00
NFL_GB_00-0038393_2023W13_QUESTIONABLE_LP,NFL,2023,13,2023_NFL_W13_KC_GB,NFL_GB,NFL_P_00-0038393,WR,,QUESTIONABLE,LP,Knee,2023-12-03,nflverse,,2026-09-07T05:49:16.123275+00:00,2023-12-03T00:00:00
NFL_HOU_00-0033131_2023W13_NA_DNP,NFL,2023,13,2023_NFL_W13_DEN_HOU,NFL_HOU,NFL_P_00-0033131,DL,,UNKNOWN,DNP,Not injury related - personal matter,2023-12-02,nflverse,,2026-09-07T05:49:16.123275+00:00,2023-12-02T00:00:00
NFL_HOU_00-0030431_2023W13_NA_DNP,NFL,2023,13,2023_NFL_W13_DEN_HOU,NFL_HOU,NFL_P_00-0030431,WR,,UNKNOWN,DNP,Not injury related - resting player,2023-12-02,nflverse,,2026-09-07T05:49:16.123275+00:00,2023-12-02T00:00:00
NFL_HOU_00-0034383_2023W13_OUT_DNP,NFL,2023,13,2023_NFL_W13_DEN_HOU,NFL_HOU,NFL_P_00-0034383,TE,,OUT,DNP,Hamstring,2023-12-02,nflverse,,2026-09-07T05:49:16.123275+00:00,2023-12-02T00:00:00
NFL_HOU_00-0033591_2023W13_QUESTIONABLE_DNP,NFL,2023,13,2023_NFL_W13_DEN_HOU,NFL_HOU,NFL_P_00-0033591,WR,,QUESTIONABLE,DNP,Knee,2023-12-02,nflverse,,2026-09-07T05:49:16.123275+00:00,2023-12-02T00:00:00
NFL_HOU_00-0037457_2023W13_QUESTIONABLE_FP,NFL,2023,13,2023_NFL_W13_DEN_HOU,NFL_HOU,NFL_P_00-0037457,LB,,QUESTIONABLE,FP,Hamstring,2023-12-02,nflverse,,2026-09-07T05:49:16.123275+00:00,2023-12-02T00:00:00
NFL_HOU_00-0038977_2023W13_QUESTIONABLE_LP,NFL,2023,13,2023_NFL_W13_DEN_HOU,NFL_HOU,NFL_P_00-0038977,WR,,QUESTIONABLE,LP,Calf,2023-12-02,nflverse,,2026-09-07T05:49:16.123275+00:00,2023-12-02T00:00:00
NFL_HOU_00-0032759_2023W13_QUESTIONABLE_LP,NFL,2023,13,2023_NFL_W13_DEN_HOU,NFL_HOU,NFL_P_00-0032759,DL,,QUESTIONABLE,LP,Elbow,2023-12-02,nflverse,,2026-09-07T05:49:16.123275+00:00,2023-12-02T00:00:00
NFL_IND_00-0032378_2023W13_NA_DNP,NFL,2023,13,2023_NFL_W13_IND_TEN,NFL_IND,NFL_P_00-0032378,DL,,UNKNOWN,DNP,Shoulder,2023-12-02,nflverse,,2026-09-07T05:49:16.123275+00:00,2023-12-02T00:00:00
NFL_IND_00-0034836_2023W13_NA_DNP,NFL,2023,13,2023_NFL_W13_IND_TEN,NFL_IND,NFL_P_00-0034836,OL,,UNKNOWN,DNP,Not injury related - resting player,2023-12-02,nflverse,,2026-09-07T05:49:16.123275+00:00,2023-12-02T00:00:00
NFL_IND_00-0039156_2023W13_OUT_DNP,NFL,2023,13,2023_NFL_W13_IND_TEN,NFL_IND,NFL_P_00-0039156,CB,,OUT,DNP,Quadricep,2023-12-02,nflverse,,2026-09-07T05:49:16.123275+00:00,2023-12-02T00:00:00
NFL_IND_00-0036223_2023W13_OUT_DNP,NFL,2023,13,2023_NFL_W13_IND_TEN,NFL_IND,NFL_P_00-0036223,RB,,OUT,DNP,Thumb,2023-12-02,nflverse,,2026-09-07T05:49:16.123275+00:00,2023-12-02T00:00:00
NFL_JAX_00-0038935_2023W13_QUESTIONABLE_DNP,NFL,2023,13,2023_NFL_W13_CIN_JAX,NFL_JAX,NFL_P_00-0038935,TE,,QUESTIONABLE,DNP,Foot,2023-12-04,nflverse,,2026-09-07T05:49:16.123275+00:00,2023-12-04T00:00:00
NFL_JAX_00-0036974_2023W13_QUESTIONABLE_LP,NFL,2023,13,2023_NFL_W13_CIN_JAX,NFL_JAX,NFL_P_00-0036974,CB,,QUESTIONABLE,LP,Hamstring,2023-12-04,nflverse,,2026-09-07T05:49:16.123275+00:00,2023-12-04T00:00:00
NFL_JAX_00-0036973_2023W13_QUESTIONABLE_LP,NFL,2023,13,2023_NFL_W13_CIN_JAX,NFL_JAX,NFL_P_00-0036973,RB,,QUESTIONABLE,LP,Ribs,2023-12-04,nflverse,,2026-09-07T05:49:16.123275+00:00,2023-12-04T00:00:00
NFL_JAX_00-0036887_2023W13_QUESTIONABLE_LP,NFL,2023,13,2023_NFL_W13_CIN_JAX,NFL_JAX,NFL_P_00-0036887,TE,,QUESTIONABLE,LP,Toe,2023-12-04,nflverse,,2026-09-07T05:49:16.123275+00:00,2023-12-04T00:00:00
NFL_KC_00-0036621_2023W13_OUT_LP,NFL,2023,13,2023_NFL_W13_KC_GB,NFL_KC,NFL_P_00-0036621,LB,,OUT,LP,Wrist,2023-12-03,nflverse,,2026-09-07T05:49:16.123275+00:00,2023-12-03T00:00:00
NFL_KC_00-0031376_2023W13_QUESTIONABLE_LP,NFL,2023,13,2023_NFL_W13_KC_GB,NFL_KC,NFL_P_00-0031376,RB,,QUESTIONABLE,LP,Groin,2023-12-03,nflverse,,2026-09-07T05:49:16.123275+00:00,2023-12-03T00:00:00
NFL_LAR_00-0034804_2023W13_NA_DNP,NFL,2023,13,2023_NFL_W13_CLE_LAR,NFL_LAR,NFL_P_00-0034804,OL,,UNKNOWN,DNP,Not injury related - resting player,2023-12-02,nflverse,,2026-09-07T05:49:16.123275+00:00,2023-12-02T00:00:00
NFL_LAR_00-0031388_2023W13_NA_DNP,NFL,2023,13,2023_NFL_W13_CLE_LAR,NFL_LAR,NFL_P_00-0031388,DL,,UNKNOWN,DNP,Not injury related - resting player,2023-12-02,nflverse,,2026-09-07T05:49:16.123275+00:00,2023-12-02T00:00:00
NFL_LAR_00-0037841_2023W13_OUT_DNP,NFL,2023,13,2023_NFL_W13_CLE_LAR,NFL_LAR,NFL_P_00-0037841,S,,OUT,DNP,Hamstring,2023-12-02,nflverse,,2026-09-07T05:49:16.123275+00:00,2023-12-02T00:00:00
NFL_LAR_00-0035933_2023W13_QUESTIONABLE_DNP,NFL,2023,13,2023_NFL_W13_CLE_LAR,NFL_LAR,NFL_P_00-0035933,LB,,QUESTIONABLE,DNP,Knee,2023-12-02,nflverse,,2026-09-07T05:49:16.123275+00:00,2023-12-02T00:00:00
NFL_LAC_00-0031040_2023W13_NA_DNP,NFL,2023,13,2023_NFL_W13_LAC_NE,NFL_LAC,NFL_P_00-0031040,EDGE,,UNKNOWN,DNP,Not injury related - resting player,2023-12-02,nflverse,,2026-09-07T05:49:16.123275+00:00,2023-12-02T00:00:00
NFL_LAC_00-0035468_2023W13_OUT_DNP,NFL,2023,13,2023_NFL_W13_LAC_NE,NFL_LAC,NFL_P_00-0035468,OL,,OUT,DNP,Back,2023-12-02,nflverse,,2026-09-07T05:49:16.123275+00:00,2023-12-02T00:00:00
NFL_LAC_00-0037307_2023W13_OUT_DNP,NFL,2023,13,2023_NFL_W13_LAC_NE,NFL_LAC,NFL_P_00-0037307,CB,,OUT,DNP,Illness,2023-12-02,nflverse,,2026-09-07T05:49:16.123275+00:00,2023-12-02T00:00:00
NFL_LAC_00-0032394_2023W13_OUT_DNP,NFL,2023,13,2023_NFL_W13_LAC_NE,NFL_LAC,NFL_P_00-0032394,TE,,OUT,DNP,Concussion,2023-12-02,nflverse,,2026-09-07T05:49:16.123275+00:00,2023-12-02T00:00:00
NFL_LAC_00-0038091_2023W13_OUT_LP,NFL,2023,13,2023_NFL_W13_LAC_NE,NFL_LAC,NFL_P_00-0038091,S,,OUT,LP,Illness,2023-12-02,nflverse,,2026-09-07T05:49:16.123275+00:00,2023-12-02T00:00:00
NFL_LAC_00-0030279_2023W13_QUESTIONABLE_LP,NFL,2023,13,2023_NFL_W13_LAC_NE,NFL_LAC,NFL_P_00-0030279,WR,,QUESTIONABLE,LP,Quadricep,2023-12-02,nflverse,,2026-09-07T05:49:16.123275+00:00,2023-12-02T00:00:00
NFL_LAC_00-0035688_2023W13_QUESTIONABLE_LP,NFL,2023,13,2023_NFL_W13_LAC_NE,NFL_LAC,NFL_P_00-0035688,OL,,QUESTIONABLE,LP,Wrist,2023-12-02,nflverse,,2026-09-07T05:49:16.123275+00:00,2023-12-02T00:00:00
NFL_MIA_00-0036217_2023W13_NA_LP,NFL,2023,13,2023_NFL_W13_MIA_WAS,NFL_MIA,NFL_P_00-0036217,LS,,UNKNOWN,LP,Ankle,2023-12-02,nflverse,,2026-09-07T05:49:16.123275+00:00,2023-12-02T00:00:00
NFL_MIA_00-0033040_2023W13_NA_LP,NFL,2023,13,2023_NFL_W13_MIA_WAS,NFL_MIA,NFL_P_00-0033040,WR,,UNKNOWN,LP,Ankle,2023-12-02,nflverse,,2026-09-07T05:49:16.123275+00:00,2023-12-02T00:00:00
NFL_MIA_00-0036325_2023W13_NA_LP,NFL,2023,13,2023_NFL_W13_MIA_WAS,NFL_MIA,NFL_P_00-0036325,OL,,UNKNOWN,LP,Hamstring,2023-12-02,nflverse,,2026-09-07T05:49:16.123275+00:00,2023-12-02T00:00:00
NFL_MIA_00-0037353_2023W13_NA_LP,NFL,2023,13,2023_NFL_W13_MIA_WAS,NFL_MIA,NFL_P_00-0037353,CB,,UNKNOWN,LP,Hamstring,2023-12-02,nflverse,,2026-09-07T05:49:16.123275+00:00,2023-12-02T00:00:00
NFL_MIA_00-0031687_2023W13_NA_LP,NFL,2023,13,2023_NFL_W13_MIA_WAS,NFL_MIA,NFL_P_00-0031687,RB,,UNKNOWN,LP,Ankle,2023-12-02,nflverse,,2026-09-07T05:49:16.123275+00:00,2023-12-02T00:00:00
NFL_MIA_00-0034798_2023W13_NA_LP,NFL,2023,13,2023_NFL_W13_MIA_WAS,NFL_MIA,NFL_P_00-0034798,TE,,UNKNOWN,LP,Ankle,2023-12-02,nflverse,,2026-09-07T05:49:16.123275+00:00,2023-12-02T00:00:00
NFL_MIA_00-0030067_2023W13_QUESTIONABLE_LP,NFL,2023,13,2023_NFL_W13_MIA_WAS,NFL_MIA,NFL_P_00-0030067,OL,,QUESTIONABLE,LP,Knee,2023-12-02,nflverse,,2026-09-07T05:49:16.123275+00:00,2023-12-02T00:00:00
NFL_MIA_00-0038685_2023W13_QUESTIONABLE_LP,NFL,2023,13,2023_NFL_W13_MIA_WAS,NFL_MIA,NFL_P_00-0038685,RB,,QUESTIONABLE,LP,Knee,2023-12-02,nflverse,,2026-09-07T05:49:16.123275+00:00,2023-12-02T00:00:00
NFL_MIA_00-0035117_2023W13_QUESTIONABLE_LP,NFL,2023,13,2023_NFL_W13_MIA_WAS,NFL_MIA,NFL_P_00-0035117,OL,,QUESTIONABLE,LP,Illness,2023-12-02,nflverse,,2026-09-07T05:49:16.123275+00:00,2023-12-02T00:00:00
NFL_MIA_00-0036998_2023W13_QUESTIONABLE_LP,NFL,2023,13,2023_NFL_W13_MIA_WAS,NFL_MIA,NFL_P_00-0036998,S,,QUESTIONABLE,LP,Knee,2023-12-02,nflverse,,2026-09-07T05:49:16.123275+00:00,2023-12-02T00:00:00
NFL_MIA_00-0036596_2023W13_QUESTIONABLE_LP,NFL,2023,13,2023_NFL_W13_MIA_WAS,NFL_MIA,NFL_P_00-0036596,OL,,QUESTIONABLE,LP,Knee,2023-12-02,nflverse,,2026-09-07T05:49:16.123275+00:00,2023-12-02T00:00:00
NFL_MIA_00-0031921_2023W13_QUESTIONABLE_LP,NFL,2023,13,2023_NFL_W13_MIA_WAS,NFL_MIA,NFL_P_00-0031921,OL,,QUESTIONABLE,LP,Back,2023-12-02,nflverse,,2026-09-07T05:49:16.123275+00:00,2023-12-02T00:00:00
NFL_NE_00-0038608_2023W13_OUT_DNP,NFL,2023,13,2023_NFL_W13_LAC_NE,NFL_NE,NFL_P_00-0038608,WR,,OUT,DNP,Shoulder,2023-12-02,nflverse,,2026-09-07T05:49:16.123275+00:00,2023-12-02T00:00:00
NFL_NE_00-0038621_2023W13_OUT_DNP,NFL,2023,13,2023_NFL_W13_LAC_NE,NFL_NE,NFL_P_00-0038621,WR,,OUT,DNP,Concussion,2023-12-02,nflverse,,2026-09-07T05:49:16.123275+00:00,2023-12-02T00:00:00
NFL_NE_00-0034787_2023W13_QUESTIONABLE_LP,NFL,2023,13,2023_NFL_W13_LAC_NE,NFL_NE,NFL_P_00-0034787,LB,,QUESTIONABLE,LP,Back,2023-12-02,nflverse,,2026-09-07T05:49:16.123275+00:00,2023-12-02T00:00:00
NFL_NE_00-0032071_2023W13_QUESTIONABLE_LP,NFL,2023,13,2023_NFL_W13_LAC_NE,NFL_NE,NFL_P_00-0032071,OL,,QUESTIONABLE,LP,Ankle,2023-12-02,nflverse,,2026-09-07T05:49:16.123275+00:00,2023-12-02T00:00:00
NFL_NE_00-0033045_2023W13_QUESTIONABLE_LP,NFL,2023,13,2023_NFL_W13_LAC_NE,NFL_NE,NFL_P_00-0033045,RB,,QUESTIONABLE,LP,Thigh,2023-12-02,nflverse,,2026-09-07T05:49:16.123275+00:00,2023-12-02T00:00:00
NFL_NE_00-0029672_2023W13_QUESTIONABLE_LP,NFL,2023,13,2023_NFL_W13_LAC_NE,NFL_NE,NFL_P_00-0029672,OL,,QUESTIONABLE,LP,Knee,2023-12-02,nflverse,,2026-09-07T05:49:16.123275+00:00,2023-12-02T00:00:00
NFL_NE_00-0038569_2023W13_QUESTIONABLE_LP,NFL,2023,13,2023_NFL_W13_LAC_NE,NFL_NE,NFL_P_00-0038569,OL,,QUESTIONABLE,LP,Ankle,2023-12-02,nflverse,,2026-09-07T05:49:16.123275+00:00,2023-12-02T00:00:00
NFL_NE_00-0033947_2023W13_QUESTIONABLE_LP,NFL,2023,13,2023_NFL_W13_LAC_NE,NFL_NE,NFL_P_00-0033947,EDGE,,QUESTIONABLE,LP,Shoulder,2023-12-02,nflverse,,2026-09-07T05:49:16.123275+00:00,2023-12-02T00:00:00
NFL_NO_00-0027696_2023W13_NA_LP,NFL,2023,13,2023_NFL_W13_DET_NO,NFL_NO,NFL_P_00-0027696,TE,,UNKNOWN,LP,Not injury related - resting player,2023-12-02,nflverse,,2026-09-07T05:49:16.123275+00:00,2023-12-02T00:00:00
NFL_NO_00-0033892_2023W13_OUT_DNP,NFL,2023,13,2023_NFL_W13_DET_NO,NFL_NO,NFL_P_00-0033892,S,,OUT,DNP,Shoulder,2023-12-02,nflverse,,2026-09-07T05:49:16.123275+00:00,2023-12-02T00:00:00
NFL_NO_00-0038551_2023W13_OUT_DNP,NFL,2023,13,2023_NFL_W13_DET_NO,NFL_NO,NFL_P_00-0038551,RB,,OUT,DNP,Ankle,2023-12-02,nflverse,,2026-09-07T05:49:16.123275+00:00,2023-12-02T00:00:00
NFL_NO_00-0037545_2023W13_OUT_DNP,NFL,2023,13,2023_NFL_W13_DET_NO,NFL_NO,NFL_P_00-0037545,WR,,OUT,DNP,Thigh,2023-12-02,nflverse,,2026-09-07T05:49:16.123275+00:00,2023-12-02T00:00:00
NFL_NO_00-0036927_2023W13_OUT_DNP,NFL,2023,13,2023_NFL_W13_DET_NO,NFL_NO,NFL_P_00-0036927,LB,,OUT,DNP,Shoulder,2023-12-02,nflverse,,2026-09-07T05:49:16.123275+00:00,2023-12-02T00:00:00
NFL_NO_00-0027962_2023W13_QUESTIONABLE_DNP,NFL,2023,13,2023_NFL_W13_DET_NO,NFL_NO,NFL_P_00-0027962,EDGE,,QUESTIONABLE,DNP,Ankle,2023-12-02,nflverse,,2026-09-07T05:49:16.123275+00:00,2023-12-02T00:00:00
NFL_NO_00-0037239_2023W13_QUESTIONABLE_FP,NFL,2023,13,2023_NFL_W13_DET_NO,NFL_NO,NFL_P_00-0037239,WR,,QUESTIONABLE,FP,Concussion,2023-12-02,nflverse,,2026-09-07T05:49:16.123275+00:00,2023-12-02T00:00:00
NFL_NO_00-0038905_2023W13_QUESTIONABLE_LP,NFL,2023,13,2023_NFL_W13_DET_NO,NFL_NO,NFL_P_00-0038905,K,,QUESTIONABLE,LP,right Groin,2023-12-02,nflverse,,2026-09-07T05:49:16.123275+00:00,2023-12-02T00:00:00
NFL_NO_00-0035242_2023W13_QUESTIONABLE_LP,NFL,2023,13,2023_NFL_W13_DET_NO,NFL_NO,NFL_P_00-0035242,OL,,QUESTIONABLE,LP,Shoulder,2023-12-02,nflverse,,2026-09-07T05:49:16.123275+00:00,2023-12-02T00:00:00
NFL_NYJ_00-0023459_2023W13_OUT_LP,NFL,2023,13,2023_NFL_W13_ATL_NYJ,NFL_NYJ,NFL_P_00-0023459,QB,,OUT,LP,Achilles,2023-12-02,nflverse,,2026-09-07T05:49:16.123275+00:00,2023-12-02T00:00:00
NFL_NYJ_00-0038120_2023W13_QUESTIONABLE_FP,NFL,2023,13,2023_NFL_W13_ATL_NYJ,NFL_NYJ,NFL_P_00-0038120,RB,,QUESTIONABLE,FP,Hamstring,2023-12-02,nflverse,,2026-09-07T05:49:16.123275+00:00,2023-12-02T00:00:00
NFL_NYJ_00-0032432_2023W13_QUESTIONABLE_FP,NFL,2023,13,2023_NFL_W13_ATL_NYJ,NFL_NYJ,NFL_P_00-0032432,OL,,QUESTIONABLE,FP,Calf,2023-12-02,nflverse,,2026-09-07T05:49:16.123275+00:00,2023-12-02T00:00:00
NFL_NYJ_00-0036510_2023W13_QUESTIONABLE_FP,NFL,2023,13,2023_NFL_W13_ATL_NYJ,NFL_NYJ,NFL_P_00-0036510,TE,,QUESTIONABLE,FP,Hamstring,2023-12-02,nflverse,,2026-09-07T05:49:16.123275+00:00,2023-12-02T00:00:00
NFL_NYJ_00-0038389_2023W13_QUESTIONABLE_LP,NFL,2023,13,2023_NFL_W13_ATL_NYJ,NFL_NYJ,NFL_P_00-0038389,RB,,QUESTIONABLE,LP,Illness,2023-12-02,nflverse,,2026-09-07T05:49:16.123275+00:00,2023-12-02T00:00:00
NFL_NYJ_00-0033893_2023W13_QUESTIONABLE_LP,NFL,2023,13,2023_NFL_W13_ATL_NYJ,NFL_NYJ,NFL_P_00-0033893,RB,,QUESTIONABLE,LP,Shoulder,2023-12-02,nflverse,,2026-09-07T05:49:16.123275+00:00,2023-12-02T00:00:00
NFL_PHI_00-0027944_2023W13_NA_LP,NFL,2023,13,2023_NFL_W13_SF_PHI,NFL_PHI,NFL_P_00-0027944,WR,,UNKNOWN,LP,Knee,2023-12-02,nflverse,,2026-09-07T05:49:16.123275+00:00,2023-12-02T00:00:00
NFL_PHI_00-0033547_2023W13_OUT_DNP,NFL,2023,13,2023_NFL_W13_SF_PHI,NFL_PHI,NFL_P_00-0033547,LB,,OUT,DNP,Hamstring,2023-12-02,nflverse,,2026-09-07T05:49:16.123275+00:00,2023-12-02T00:00:00
NFL_PHI_00-0033898_2023W13_OUT_DNP,NFL,2023,13,2023_NFL_W13_SF_PHI,NFL_PHI,NFL_P_00-0033898,S,,OUT,DNP,Knee,2023-12-02,nflverse,,2026-09-07T05:49:16.123275+00:00,2023-12-02T00:00:00
NFL_PHI_00-0034351_2023W13_DOUBTFUL_LP,NFL,2023,13,2023_NFL_W13_SF_PHI,NFL_PHI,NFL_P_00-0034351,TE,,DOUBTFUL,LP,Forearm,2023-12-02,nflverse,,2026-09-07T05:49:16.123275+00:00,2023-12-02T00:00:00
NFL_PHI_00-0029653_2023W13_QUESTIONABLE_DNP,NFL,2023,13,2023_NFL_W13_SF_PHI,NFL_PHI,NFL_P_00-0029653,DL,,QUESTIONABLE,DNP,Groin,2023-12-02,nflverse,,2026-09-07T05:49:16.123275+00:00,2023-12-02T00:00:00
NFL_PHI_00-0037086_2023W13_QUESTIONABLE_LP,NFL,2023,13,2023_NFL_W13_SF_PHI,NFL_PHI,NFL_P_00-0037086,TE,,QUESTIONABLE,LP,Ankle,2023-12-02,nflverse,,2026-09-07T05:49:16.123275+00:00,2023-12-02T00:00:00
NFL_PIT_00-0027943_2023W13_NA_DNP,NFL,2023,13,2023_NFL_W13_ARI_PIT,NFL_PIT,NFL_P_00-0027943,CB,,UNKNOWN,DNP,Not injury related - resting player,2023-12-02,nflverse,,2026-09-07T05:49:16.123275+00:00,2023-12-02T00:00:00
NFL_PIT_00-0032954_2023W13_NA_DNP,NFL,2023,13,2023_NFL_W13_ARI_PIT,NFL_PIT,NFL_P_00-0032954,OL,,UNKNOWN,DNP,Not injury related - resting player,2023-12-02,nflverse,,2026-09-07T05:49:16.123275+00:00,2023-12-02T00:00:00
NFL_PIT_00-0035795_2023W13_NA_LP,NFL,2023,13,2023_NFL_W13_ARI_PIT,NFL_PIT,NFL_P_00-0035795,CB,,UNKNOWN,LP,Shoulder,2023-12-02,nflverse,,2026-09-07T05:49:16.123275+00:00,2023-12-02T00:00:00
NFL_PIT_00-0033929_2023W13_QUESTIONABLE_LP,NFL,2023,13,2023_NFL_W13_ARI_PIT,NFL_PIT,NFL_P_00-0033929,DL,,QUESTIONABLE,LP,Ankle,2023-12-02,nflverse,,2026-09-07T05:49:16.123275+00:00,2023-12-02T00:00:00
NFL_SEA_00-0035141_2023W13_OUT_DNP,NFL,2023,13,2023_NFL_W13_SEA_DAL,NFL_SEA,NFL_P_00-0035141,OL,,OUT,DNP,Toe,2023-11-30,nflverse,,2026-09-07T05:49:16.123275+00:00,2023-11-30T00:00:00
NFL_SEA_00-0038134_2023W13_DOUBTFUL_DNP,NFL,2023,13,2023_NFL_W13_SEA_DAL,NFL_SEA,NFL_P_00-0038134,RB,,DOUBTFUL,DNP,Oblique,2023-11-30,nflverse,,2026-09-07T05:49:16.123275+00:00,2023-11-30T00:00:00
NFL_SEA_00-0037093_2023W13_DOUBTFUL_LP,NFL,2023,13,2023_NFL_W13_SEA_DAL,NFL_SEA,NFL_P_00-0037093,WR,,DOUBTFUL,LP,Abdomen,2023-11-30,nflverse,,2026-09-07T05:49:16.123275+00:00,2023-11-30T00:00:00
NFL_SEA_00-0036620_2023W13_QUESTIONABLE_DNP,NFL,2023,13,2023_NFL_W13_SEA_DAL,NFL_SEA,NFL_P_00-0036620,WR,,QUESTIONABLE,DNP,Ribs,2023-11-30,nflverse,,2026-09-07T05:49:16.123275+00:00,2023-11-30T00:00:00
NFL_SEA_00-0034159_2023W13_QUESTIONABLE_FP,NFL,2023,13,2023_NFL_W13_SEA_DAL,NFL_SEA,NFL_P_00-0034159,TE,,QUESTIONABLE,FP,Hip,2023-11-30,nflverse,,2026-09-07T05:49:16.123275+00:00,2023-11-30T00:00:00
NFL_SEA_00-0031933_2023W13_QUESTIONABLE_FP,NFL,2023,13,2023_NFL_W13_SEA_DAL,NFL_SEA,NFL_P_00-0031933,DL,,QUESTIONABLE,FP,Ankle,2023-11-30,nflverse,,2026-09-07T05:49:16.123275+00:00,2023-11-30T00:00:00
NFL_SF_00-0027857_2023W13_NA_DNP,NFL,2023,13,2023_NFL_W13_SF_PHI,NFL_SF,NFL_P_00-0027857,OL,,UNKNOWN,DNP,Not injury related - resting player,2023-12-02,nflverse,,2026-09-07T05:49:16.123275+00:00,2023-12-02T00:00:00
NFL_SF_00-0035717_2023W13_NA_LP,NFL,2023,13,2023_NFL_W13_SF_PHI,NFL_SF,NFL_P_00-0035717,EDGE,,UNKNOWN,LP,Toe,2023-12-02,nflverse,,2026-09-07T05:49:16.123275+00:00,2023-12-02T00:00:00
NFL_SF_00-0032164_2023W13_QUESTIONABLE_LP,NFL,2023,13,2023_NFL_W13_SF_PHI,NFL_SF,NFL_P_00-0032164,DL,,QUESTIONABLE,LP,Foot,2023-12-02,nflverse,,2026-09-07T05:49:16.123275+00:00,2023-12-02T00:00:00
NFL_SF_00-0037525_2023W13_QUESTIONABLE_LP,NFL,2023,13,2023_NFL_W13_SF_PHI,NFL_SF,NFL_P_00-0037525,RB,,QUESTIONABLE,LP,Hamstring,2023-12-02,nflverse,,2026-09-07T05:49:16.123275+00:00,2023-12-02T00:00:00
NFL_SF_00-0034407_2023W13_QUESTIONABLE_LP,NFL,2023,13,2023_NFL_W13_SF_PHI,NFL_SF,NFL_P_00-0034407,WR,,QUESTIONABLE,LP,Rib,2023-12-02,nflverse,,2026-09-07T05:49:16.123275+00:00,2023-12-02T00:00:00
NFL_TB_00-0034515_2023W13_NA_DNP,NFL,2023,13,2023_NFL_W13_CAR_TB,NFL_TB,NFL_P_00-0034515,CB,,UNKNOWN,DNP,Not injury related - personal matter,2023-12-02,nflverse,,2026-09-07T05:49:16.123275+00:00,2023-12-02T00:00:00
NFL_TB_00-0029562_2023W13_OUT_DNP,NFL,2023,13,2023_NFL_W13_CAR_TB,NFL_TB,NFL_P_00-0029562,LB,,OUT,DNP,Groin,2023-12-02,nflverse,,2026-09-07T05:49:16.123275+00:00,2023-12-02T00:00:00
NFL_TB_00-0035699_2023W13_OUT_DNP,NFL,2023,13,2023_NFL_W13_CAR_TB,NFL_TB,NFL_P_00-0035699,CB,,OUT,DNP,Ankle,2023-12-02,nflverse,,2026-09-07T05:49:16.123275+00:00,2023-12-02T00:00:00
NFL_TB_00-0037627_2023W13_OUT_DNP,NFL,2023,13,2023_NFL_W13_CAR_TB,NFL_TB,NFL_P_00-0037627,DL,,OUT,DNP,Calf,2023-12-02,nflverse,,2026-09-07T05:49:16.123275+00:00,2023-12-02T00:00:00
NFL_TB_00-0035707_2023W13_OUT_DNP,NFL,2023,13,2023_NFL_W13_CAR_TB,NFL_TB,NFL_P_00-0035707,LB,,OUT,DNP,Foot,2023-12-02,nflverse,,2026-09-07T05:49:16.123275+00:00,2023-12-02T00:00:00
NFL_TB_00-0039049_2023W13_DOUBTFUL_DNP,NFL,2023,13,2023_NFL_W13_CAR_TB,NFL_TB,NFL_P_00-0039049,LB,,DOUBTFUL,DNP,Illness,2023-12-02,nflverse,,2026-09-07T05:49:16.123275+00:00,2023-12-02T00:00:00
NFL_TB_00-0033921_2023W13_QUESTIONABLE_DNP,NFL,2023,13,2023_NFL_W13_CAR_TB,NFL_TB,NFL_P_00-0033921,WR,,QUESTIONABLE,DNP,Neck,2023-12-02,nflverse,,2026-09-07T05:49:16.123275+00:00,2023-12-02T00:00:00
NFL_TEN_00-0036171_2023W13_NA_LP,NFL,2023,13,2023_NFL_W13_IND_TEN,NFL_TEN,NFL_P_00-0036171,OL,,UNKNOWN,LP,Shoulder,2023-12-02,nflverse,,2026-09-07T05:49:16.123275+00:00,2023-12-02T00:00:00
NFL_TEN_00-0033221_2023W13_NA_LP,NFL,2023,13,2023_NFL_W13_IND_TEN,NFL_TEN,NFL_P_00-0033221,OL,,UNKNOWN,LP,Knee,2023-12-02,nflverse,,2026-09-07T05:49:16.123275+00:00,2023-12-02T00:00:00
NFL_TEN_00-0035413_2023W13_NA_LP,NFL,2023,13,2023_NFL_W13_IND_TEN,NFL_TEN,NFL_P_00-0035413,LB,,UNKNOWN,LP,Shin,2023-12-02,nflverse,,2026-09-07T05:49:16.123275+00:00,2023-12-02T00:00:00
NFL_TEN_00-0038125_2023W13_NA_LP,NFL,2023,13,2023_NFL_W13_IND_TEN,NFL_TEN,NFL_P_00-0038125,CB,,UNKNOWN,LP,Foot,2023-12-02,nflverse,,2026-09-07T05:49:16.123275+00:00,2023-12-02T00:00:00
NFL_TEN_00-0037742_2023W13_QUESTIONABLE_FP,NFL,2023,13,2023_NFL_W13_IND_TEN,NFL_TEN,NFL_P_00-0037742,WR,,QUESTIONABLE,FP,Concussion,2023-12-02,nflverse,,2026-09-07T05:49:16.123275+00:00,2023-12-02T00:00:00
NFL_WAS_00-0039151_2023W13_OUT_DNP,NFL,2023,13,2023_NFL_W13_MIA_WAS,NFL_WAS,NFL_P_00-0039151,CB,,OUT,DNP,Elbow,2023-12-02,nflverse,,2026-09-07T05:49:16.123275+00:00,2023-12-02T00:00:00
NFL_WAS_00-0036351_2023W13_OUT_DNP,NFL,2023,13,2023_NFL_W13_MIA_WAS,NFL_WAS,NFL_P_00-0036351,EDGE,,OUT,DNP,Hamstring,2023-12-02,nflverse,,2026-09-07T05:49:16.123275+00:00,2023-12-02T00:00:00
NFL_WAS_00-0030869_2023W13_QUESTIONABLE_LP,NFL,2023,13,2023_NFL_W13_MIA_WAS,NFL_WAS,NFL_P_00-0030869,OL,,QUESTIONABLE,LP,Knee,2023-12-02,nflverse,,2026-09-07T05:49:16.123275+00:00,2023-12-02T00:00:00
NFL_ATL_00-0026190_2023W14_NA_DNP,NFL,2023,14,2023_NFL_W14_TB_ATL,NFL_ATL,NFL_P_00-0026190,EDGE,,UNKNOWN,DNP,Not injury related - resting player,2023-12-09,nflverse,,2026-09-07T05:49:16.123275+00:00,2023-12-09T00:00:00
NFL_ATL_00-0030578_2023W14_NA_DNP,NFL,2023,14,2023_NFL_W14_TB_ATL,NFL_ATL,NFL_P_00-0030578,RB,,UNKNOWN,DNP,Illness,2023-12-09,nflverse,,2026-09-07T05:49:16.123275+00:00,2023-12-09T00:00:00
NFL_ATL_00-0037587_2023W14_OUT_DNP,NFL,2023,14,2023_NFL_W14_TB_ATL,NFL_ATL,NFL_P_00-0037587,LB,,OUT,DNP,Knee,2023-12-09,nflverse,,2026-09-07T05:49:16.123275+00:00,2023-12-09T00:00:00
NFL_ATL_00-0035235_2023W14_OUT_DNP,NFL,2023,14,2023_NFL_W14_TB_ATL,NFL_ATL,NFL_P_00-0035235,OL,,OUT,DNP,Knee,2023-12-09,nflverse,,2026-09-07T05:49:16.123275+00:00,2023-12-09T00:00:00
NFL_ATL_00-0033051_2023W14_OUT_DNP,NFL,2023,14,2023_NFL_W14_TB_ATL,NFL_ATL,NFL_P_00-0033051,DL,,OUT,DNP,Ankle,2023-12-09,nflverse,,2026-09-07T05:49:16.123275+00:00,2023-12-09T00:00:00
NFL_ATL_00-0036204_2023W14_OUT_FP,NFL,2023,14,2023_NFL_W14_TB_ATL,NFL_ATL,NFL_P_00-0036204,DL,,OUT,FP,Knee,2023-12-09,nflverse,,2026-09-07T05:49:16.123275+00:00,2023-12-09T00:00:00
NFL_ATL_00-0033555_2023W14_QUESTIONABLE_FP,NFL,2023,14,2023_NFL_W14_TB_ATL,NFL_ATL,NFL_P_00-0033555,WR,,QUESTIONABLE,FP,Ankle,2023-12-09,nflverse,,2026-09-07T05:49:16.123275+00:00,2023-12-09T00:00:00
NFL_ATL_00-0034843_2023W14_QUESTIONABLE_FP,NFL,2023,14,2023_NFL_W14_TB_ATL,NFL_ATL,NFL_P_00-0034843,CB,,QUESTIONABLE,FP,Hand,2023-12-09,nflverse,,2026-09-07T05:49:16.123275+00:00,2023-12-09T00:00:00
NFL_ATL_00-0036285_2023W14_QUESTIONABLE_FP,NFL,2023,14,2023_NFL_W14_TB_ATL,NFL_ATL,NFL_P_00-0036285,CB,,QUESTIONABLE,FP,Concussion,2023-12-09,nflverse,,2026-09-07T05:49:16.123275+00:00,2023-12-09T00:00:00
NFL_ATL_00-0036957_2023W14_QUESTIONABLE_LP,NFL,2023,14,2023_NFL_W14_TB_ATL,NFL_ATL,NFL_P_00-0036957,OL,,QUESTIONABLE,LP,Ankle,2023-12-09,nflverse,,2026-09-07T05:49:16.123275+00:00,2023-12-09T00:00:00
NFL_ATL_00-0036274_2023W14_QUESTIONABLE_LP,NFL,2023,14,2023_NFL_W14_TB_ATL,NFL_ATL,NFL_P_00-0036274,CB,,QUESTIONABLE,LP,Ankle,2023-12-09,nflverse,,2026-09-07T05:49:16.123275+00:00,2023-12-09T00:00:00
NFL_BAL_00-0031235_2023W14_NA_DNP,NFL,2023,14,2023_NFL_W14_LAR_BAL,NFL_BAL,NFL_P_00-0031235,WR,,UNKNOWN,DNP,Not injury related - resting player,2023-12-09,nflverse,,2026-09-07T05:49:16.123275+00:00,2023-12-09T00:00:00
NFL_BAL_00-0038448_2023W14_QUESTIONABLE_FP,NFL,2023,14,2023_NFL_W14_LAR_BAL,NFL_BAL,NFL_P_00-0038448,LB,,QUESTIONABLE,FP,Ankle,2023-12-09,nflverse,,2026-09-07T05:49:16.123275+00:00,2023-12-09T00:00:00
NFL_BAL_00-0037984_2023W14_QUESTIONABLE_FP,NFL,2023,14,2023_NFL_W14_LAR_BAL,NFL_BAL,NFL_P_00-0037984,CB,,QUESTIONABLE,FP,Ankle,2023-12-09,nflverse,,2026-09-07T05:49:16.123275+00:00,2023-12-09T00:00:00
NFL_BAL_00-0036280_2023W14_QUESTIONABLE_LP,NFL,2023,14,2023_NFL_W14_LAR_BAL,NFL_BAL,NFL_P_00-0036280,LB,,QUESTIONABLE,LP,Groin,2023-12-09,nflverse,,2026-09-07T05:49:16.123275+00:00,2023-12-09T00:00:00
NFL_BUF_00-0037242_2023W14_QUESTIONABLE_FP,NFL,2023,14,2023_NFL_W14_BUF_KC,NFL_BUF,NFL_P_00-0037242,CB,,QUESTIONABLE,FP,Ankle,2023-12-09,nflverse,,2026-09-07T05:49:16.123275+00:00,2023-12-09T00:00:00
NFL_BUF_00-0035689_2023W14_QUESTIONABLE_FP,NFL,2023,14,2023_NFL_W14_BUF_KC,NFL_BUF,NFL_P_00-0035689,TE,,QUESTIONABLE,FP,Wrist,2023-12-09,nflverse,,2026-09-07T05:49:16.123275+00:00,2023-12-09T00:00:00
NFL_CAR_00-0038535_2023W14_NA_DNP,NFL,2023,14,2023_NFL_W14_CAR_NO,NFL_CAR,NFL_P_00-0038535,LB,,UNKNOWN,DNP,Not injury related - personal matter,2023-12-09,nflverse,,2026-09-07T05:49:16.123275+00:00,2023-12-09T00:00:00
NFL_CAR_00-0030035_2023W14_NA_DNP,NFL,2023,14,2023_NFL_W14_CAR_NO,NFL_CAR,NFL_P_00-0030035,WR,,UNKNOWN,DNP,Not injury related - resting player,2023-12-09,nflverse,,2026-09-07T05:49:16.123275+00:00,2023-12-09T00:00:00
NFL_CAR_00-0036293_2023W14_NA_LP,NFL,2023,14,2023_NFL_W14_CAR_NO,NFL_CAR,NFL_P_00-0036293,S,,UNKNOWN,LP,Quadricep,2023-12-09,nflverse,,2026-09-07T05:49:16.123275+00:00,2023-12-09T00:00:00
NFL_CAR_00-0031785_2023W14_NA_LP,NFL,2023,14,2023_NFL_W14_CAR_NO,NFL_CAR,NFL_P_00-0031785,CB,,UNKNOWN,LP,Ankle,2023-12-09,nflverse,,2026-09-07T05:49:16.123275+00:00,2023-12-09T00:00:00
NFL_CAR_00-0036944_2023W14_NA_LP,NFL,2023,14,2023_NFL_W14_CAR_NO,NFL_CAR,NFL_P_00-0036944,CB,,UNKNOWN,LP,Hamstring,2023-12-09,nflverse,,2026-09-07T05:49:16.123275+00:00,2023-12-09T00:00:00
NFL_CAR_00-0031795_2023W14_OUT_DNP,NFL,2023,14,2023_NFL_W14_CAR_NO,NFL_CAR,NFL_P_00-0031795,EDGE,,OUT,DNP,Knee,2023-12-09,nflverse,,2026-09-07T05:49:16.123275+00:00,2023-12-09T00:00:00
NFL_CAR_00-0034830_2023W14_OUT_LP,NFL,2023,14,2023_NFL_W14_CAR_NO,NFL_CAR,NFL_P_00-0034830,TE,,OUT,LP,Concussion,2023-12-09,nflverse,,2026-09-07T05:49:16.123275+00:00,2023-12-09T00:00:00
NFL_CAR_00-0034281_2023W14_QUESTIONABLE_FP,NFL,2023,14,2023_NFL_W14_CAR_NO,NFL_CAR,NFL_P_00-0034281,OL,,QUESTIONABLE,FP,Ankle,2023-12-09,nflverse,,2026-09-07T05:49:16.123275+00:00,2023-12-09T00:00:00
NFL_CAR_00-0034382_2023W14_QUESTIONABLE_FP,NFL,2023,14,2023_NFL_W14_CAR_NO,NFL_CAR,NFL_P_00-0034382,LB,,QUESTIONABLE,FP,Back,2023-12-09,nflverse,,2026-09-07T05:49:16.123275+00:00,2023-12-09T00:00:00
NFL_CAR_00-0036438_2023W14_QUESTIONABLE_FP,NFL,2023,14,2023_NFL_W14_CAR_NO,NFL_CAR,NFL_P_00-0036438,TE,,QUESTIONABLE,FP,Shoulder,2023-12-09,nflverse,,2026-09-07T05:49:16.123275+00:00,2023-12-09T00:00:00
NFL_CAR_00-0037005_2023W14_QUESTIONABLE_FP,NFL,2023,14,2023_NFL_W14_CAR_NO,NFL_CAR,NFL_P_00-0037005,TE,,QUESTIONABLE,FP,Hip,2023-12-09,nflverse,,2026-09-07T05:49:16.123275+00:00,2023-12-09T00:00:00
NFL_CAR_00-0036288_2023W14_QUESTIONABLE_LP,NFL,2023,14,2023_NFL_W14_CAR_NO,NFL_CAR,NFL_P_00-0036288,LB,,QUESTIONABLE,LP,Hamstring,2023-12-09,nflverse,,2026-09-07T05:49:16.123275+00:00,2023-12-09T00:00:00
NFL_CHI_00-0024243_2023W14_NA_DNP,NFL,2023,14,2023_NFL_W14_DET_CHI,NFL_CHI,NFL_P_00-0024243,TE,,UNKNOWN,DNP,Not injury related - resting player,2023-12-09,nflverse,,2026-09-07T05:49:16.123275+00:00,2023-12-09T00:00:00
NFL_CHI_00-0034279_2023W14_OUT_DNP,NFL,2023,14,2023_NFL_W14_DET_CHI,NFL_CHI,NFL_P_00-0034279,WR,,OUT,DNP,Pectoral,2023-12-09,nflverse,,2026-09-07T05:49:16.123275+00:00,2023-12-09T00:00:00
NFL_CHI_00-0037745_2023W14_QUESTIONABLE_DNP,NFL,2023,14,2023_NFL_W14_DET_CHI,NFL_CHI,NFL_P_00-0037745,WR,,QUESTIONABLE,DNP,Illness,2023-12-09,nflverse,,2026-09-07T05:49:16.123275+00:00,2023-12-09T00:00:00
NFL_CHI_00-0033123_2023W14_QUESTIONABLE_FP,NFL,2023,14,2023_NFL_W14_DET_CHI,NFL_CHI,NFL_P_00-0033123,EDGE,,QUESTIONABLE,FP,Knee,2023-12-09,nflverse,,2026-09-07T05:49:16.123275+00:00,2023-12-09T00:00:00
NFL_CHI_00-0038941_2023W14_QUESTIONABLE_LP,NFL,2023,14,2023_NFL_W14_DET_CHI,NFL_CHI,NFL_P_00-0038941,WR,,QUESTIONABLE,LP,Hamstring,2023-12-09,nflverse,,2026-09-07T05:49:16.123275+00:00,2023-12-09T00:00:00
NFL_CIN_00-0032424_2023W14_QUESTIONABLE_DNP,NFL,2023,14,2023_NFL_W14_IND_CIN,NFL_CIN,NFL_P_00-0032424,DL,,QUESTIONABLE,DNP,Back,2023-12-09,nflverse,,2026-09-07T05:49:16.123275+00:00,2023-12-09T00:00:00
NFL_CIN_00-0036852_2023W14_QUESTIONABLE_DNP,NFL,2023,14,2023_NFL_W14_IND_CIN,NFL_CIN,NFL_P_00-0036852,OL,,QUESTIONABLE,DNP,Not injury related - personal matter,2023-12-09,nflverse,,2026-09-07T05:49:16.123275+00:00,2023-12-09T00:00:00
NFL_CIN_00-0033009_2023W14_QUESTIONABLE_LP,NFL,2023,14,2023_NFL_W14_IND_CIN,NFL_CIN,NFL_P_00-0033009,WR,,QUESTIONABLE,LP,Ankle,2023-12-09,nflverse,,2026-09-07T05:49:16.123275+00:00,2023-12-09T00:00:00
NFL_CLE_00-0036282_2023W14_NA_DNP,NFL,2023,14,2023_NFL_W14_JAX_CLE,NFL_CLE,NFL_P_00-0036282,S,,UNKNOWN,DNP,Knee,2023-12-09,nflverse,,2026-09-07T05:49:16.123275+00:00,2023-12-09T00:00:00
NFL_CLE_00-0033885_2023W14_NA_LP,NFL,2023,14,2023_NFL_W14_JAX_CLE,NFL_CLE,NFL_P_00-0033885,TE,,UNKNOWN,LP,Not injury related - resting player,2023-12-09,nflverse,,2026-09-07T05:49:16.123275+00:00,2023-12-09T00:00:00
NFL_CLE_00-0039014_2023W14_QUESTIONABLE_DNP,NFL,2023,14,2023_NFL_W14_JAX_CLE,NFL_CLE,NFL_P_00-0039014,OL,,QUESTIONABLE,DNP,Knee,2023-12-09,nflverse,,2026-09-07T05:49:16.123275+00:00,2023-12-09T00:00:00
NFL_CLE_00-0038585_2023W14_QUESTIONABLE_FP,NFL,2023,14,2023_NFL_W14_JAX_CLE,NFL_CLE,NFL_P_00-0038585,CB,,QUESTIONABLE,FP,Hamstring,2023-12-09,nflverse,,2026-09-07T05:49:16.123275+00:00,2023-12-09T00:00:00
NFL_CLE_00-0034399_2023W14_QUESTIONABLE_FP,NFL,2023,14,2023_NFL_W14_JAX_CLE,NFL_CLE,NFL_P_00-0034399,OL,,QUESTIONABLE,FP,Calf,2023-12-09,nflverse,,2026-09-07T05:49:16.123275+00:00,2023-12-09T00:00:00
NFL_CLE_00-0031544_2023W14_QUESTIONABLE_LP,NFL,2023,14,2023_NFL_W14_JAX_CLE,NFL_CLE,NFL_P_00-0031544,WR,,QUESTIONABLE,LP,Concussion,2023-12-09,nflverse,,2026-09-07T05:49:16.123275+00:00,2023-12-09T00:00:00
NFL_CLE_00-0034856_2023W14_QUESTIONABLE_LP,NFL,2023,14,2023_NFL_W14_JAX_CLE,NFL_CLE,NFL_P_00-0034856,CB,,QUESTIONABLE,LP,Shoulder,2023-12-09,nflverse,,2026-09-07T05:49:16.123275+00:00,2023-12-09T00:00:00
NFL_DAL_00-0031402_2023W14_NA_DNP,NFL,2023,14,2023_NFL_W14_PHI_DAL,NFL_DAL,NFL_P_00-0031402,OL,,UNKNOWN,DNP,Not injury related - resting player,2023-12-10,nflverse,,2026-09-07T05:49:16.123275+00:00,2023-12-10T00:00:00
NFL_DAL_00-0027947_2023W14_NA_DNP,NFL,2023,14,2023_NFL_W14_PHI_DAL,NFL_DAL,NFL_P_00-0027947,OL,,UNKNOWN,DNP,Not injury related - resting player,2023-12-10,nflverse,,2026-09-07T05:49:16.123275+00:00,2023-12-10T00:00:00
NFL_DAL_00-0031236_2023W14_NA_LP,NFL,2023,14,2023_NFL_W14_PHI_DAL,NFL_DAL,NFL_P_00-0031236,WR,,UNKNOWN,LP,Not injury related - resting player,2023-12-10,nflverse,,2026-09-07T05:49:16.123275+00:00,2023-12-10T00:00:00
NFL_DAL_00-0029542_2023W14_NA_LP,NFL,2023,14,2023_NFL_W14_PHI_DAL,NFL_DAL,NFL_P_00-0029542,CB,,UNKNOWN,LP,Not injury related - resting player,2023-12-10,nflverse,,2026-09-07T05:49:16.123275+00:00,2023-12-10T00:00:00
NFL_DAL_00-0030063_2023W14_NA_LP,NFL,2023,14,2023_NFL_W14_PHI_DAL,NFL_DAL,NFL_P_00-0030063,DL,,UNKNOWN,LP,Not injury related - resting player,2023-12-10,nflverse,,2026-09-07T05:49:16.123275+00:00,2023-12-10T00:00:00
NFL_DAL_00-0031411_2023W14_NA_LP,NFL,2023,14,2023_NFL_W14_PHI_DAL,NFL_DAL,NFL_P_00-0031411,EDGE,,UNKNOWN,LP,Not injury related - resting player,2023-12-10,nflverse,,2026-09-07T05:49:16.123275+00:00,2023-12-10T00:00:00
NFL_DAL_00-0037266_2023W14_OUT_FP,NFL,2023,14,2023_NFL_W14_PHI_DAL,NFL_DAL,NFL_P_00-0037266,OL,,OUT,FP,Shoulder,2023-12-10,nflverse,,2026-09-07T05:49:16.123275+00:00,2023-12-10T00:00:00
NFL_DAL_00-0036139_2023W14_QUESTIONABLE_FP,NFL,2023,14,2023_NFL_W14_PHI_DAL,NFL_DAL,NFL_P_00-0036139,RB,,QUESTIONABLE,FP,Ankle,2023-12-10,nflverse,,2026-09-07T05:49:16.123275+00:00,2023-12-10T00:00:00
NFL_DAL_00-0037569_2023W14_QUESTIONABLE_FP,NFL,2023,14,2023_NFL_W14_PHI_DAL,NFL_DAL,NFL_P_00-0037569,TE,,QUESTIONABLE,FP,Ankle,2023-12-10,nflverse,,2026-09-07T05:49:16.123275+00:00,2023-12-10T00:00:00
NFL_DEN_00-0033526_2023W14_QUESTIONABLE_DNP,NFL,2023,14,2023_NFL_W14_DEN_LAC,NFL_DEN,NFL_P_00-0033526,RB,,QUESTIONABLE,DNP,Knee,2023-12-09,nflverse,,2026-09-07T05:49:16.123275+00:00,2023-12-09T00:00:00
NFL_DET_00-0034345_2023W14_OUT_DNP,NFL,2023,14,2023_NFL_W14_DET_CHI,NFL_DET,NFL_P_00-0034345,OL,,OUT,DNP,Knee,2023-12-09,nflverse,,2026-09-07T05:49:16.123275+00:00,2023-12-09T00:00:00
NFL_DET_00-0038550_2023W14_OUT_FP,NFL,2023,14,2023_NFL_W14_DET_CHI,NFL_DET,NFL_P_00-0038550,QB,,OUT,FP,Knee,2023-12-09,nflverse,,2026-09-07T05:49:16.123275+00:00,2023-12-09T00:00:00
NFL_DET_00-0037289_2023W14_QUESTIONABLE_LP,NFL,2023,14,2023_NFL_W14_DET_CHI,NFL_DET,NFL_P_00-0037289,LB,,QUESTIONABLE,LP,Ankle,2023-12-09,nflverse,,2026-09-07T05:49:16.123275+00:00,2023-12-09T00:00:00
NFL_GB_00-0035526_2023W14_NA_LP,NFL,2023,14,2023_NFL_W14_GB_NYG,NFL_GB,NFL_P_00-0035526,OL,,UNKNOWN,LP,Shoulder,2023-12-11,nflverse,,2026-09-07T05:49:16.123275+00:00,2023-12-11T00:00:00
NFL_GB_00-0039146_2023W14_NA_LP,NFL,2023,14,2023_NFL_W14_GB_NYG,NFL_GB,NFL_P_00-0039146,WR,,UNKNOWN,LP,Chest,2023-12-11,nflverse,,2026-09-07T05:49:16.123275+00:00,2023-12-11T00:00:00
NFL_GB_00-0037075_2023W14_NA_LP,NFL,2023,14,2023_NFL_W14_GB_NYG,NFL_GB,NFL_P_00-0037075,EDGE,,UNKNOWN,LP,Elbow,2023-12-11,nflverse,,2026-09-07T05:49:16.123275+00:00,2023-12-11T00:00:00
NFL_GB_00-0038124_2023W14_OUT_DNP,NFL,2023,14,2023_NFL_W14_GB_NYG,NFL_GB,NFL_P_00-0038124,WR,,OUT,DNP,Hamstring,2023-12-11,nflverse,,2026-09-07T05:49:16.123275+00:00,2023-12-11T00:00:00
NFL_GB_00-0037074_2023W14_DOUBTFUL_DNP,NFL,2023,14,2023_NFL_W14_GB_NYG,NFL_GB,NFL_P_00-0037074,LB,,DOUBTFUL,DNP,Shoulder,2023-12-11,nflverse,,2026-09-07T05:49:16.123275+00:00,2023-12-11T00:00:00
NFL_GB_00-0036901_2023W14_QUESTIONABLE_FP,NFL,2023,14,2023_NFL_W14_GB_NYG,NFL_GB,NFL_P_00-0036901,CB,,QUESTIONABLE,FP,Hamstring,2023-12-11,nflverse,,2026-09-07T05:49:16.123275+00:00,2023-12-11T00:00:00
NFL_GB_00-0034728_2023W14_QUESTIONABLE_LP,NFL,2023,14,2023_NFL_W14_GB_NYG,NFL_GB,NFL_P_00-0034728,CB,,QUESTIONABLE,LP,Shoulder,2023-12-11,nflverse,,2026-09-07T05:49:16.123275+00:00,2023-12-11T00:00:00
NFL_GB_00-0033293_2023W14_QUESTIONABLE_LP,NFL,2023,14,2023_NFL_W14_GB_NYG,NFL_GB,NFL_P_00-0033293,RB,,QUESTIONABLE,LP,Knee,2023-12-11,nflverse,,2026-09-07T05:49:16.123275+00:00,2023-12-11T00:00:00
NFL_GB_00-0034968_2023W14_QUESTIONABLE_LP,NFL,2023,14,2023_NFL_W14_GB_NYG,NFL_GB,NFL_P_00-0034968,S,,QUESTIONABLE,LP,Chest,2023-12-11,nflverse,,2026-09-07T05:49:16.123275+00:00,2023-12-11T00:00:00
NFL_HOU_00-0039108_2023W14_NA_DNP,NFL,2023,14,2023_NFL_W14_HOU_NYJ,NFL_HOU,NFL_P_00-0039108,EDGE,,UNKNOWN,DNP,Shoulder,2023-12-09,nflverse,,2026-09-07T05:49:16.123275+00:00,2023-12-09T00:00:00
NFL_HOU_00-0030431_2023W14_NA_DNP,NFL,2023,14,2023_NFL_W14_HOU_NYJ,NFL_HOU,NFL_P_00-0030431,WR,,UNKNOWN,DNP,Not injury related - resting player,2023-12-09,nflverse,,2026-09-07T05:49:16.123275+00:00,2023-12-09T00:00:00
NFL_HOU_00-0032790_2023W14_OUT_NA,NFL,2023,14,2023_NFL_W14_HOU_NYJ,NFL_HOU,NFL_P_00-0032790,S,,OUT,,Illness,2023-12-09,nflverse,,2026-09-07T05:49:16.123275+00:00,2023-12-09T00:00:00
NFL_HOU_00-0034383_2023W14_OUT_DNP,NFL,2023,14,2023_NFL_W14_HOU_NYJ,NFL_HOU,NFL_P_00-0034383,TE,,OUT,DNP,Hamstring,2023-12-09,nflverse,,2026-09-07T05:49:16.123275+00:00,2023-12-09T00:00:00
NFL_HOU_00-0033591_2023W14_QUESTIONABLE_DNP,NFL,2023,14,2023_NFL_W14_HOU_NYJ,NFL_HOU,NFL_P_00-0033591,WR,,QUESTIONABLE,DNP,Knee,2023-12-09,nflverse,,2026-09-07T05:49:16.123275+00:00,2023-12-09T00:00:00
NFL_HOU_00-0032466_2023W14_QUESTIONABLE_FP,NFL,2023,14,2023_NFL_W14_HOU_NYJ,NFL_HOU,NFL_P_00-0032466,OL,,QUESTIONABLE,FP,Hip,2023-12-09,nflverse,,2026-09-07T05:49:16.123275+00:00,2023-12-09T00:00:00
NFL_HOU_00-0032759_2023W14_QUESTIONABLE_LP,NFL,2023,14,2023_NFL_W14_HOU_NYJ,NFL_HOU,NFL_P_00-0032759,DL,,QUESTIONABLE,LP,Elbow,2023-12-09,nflverse,,2026-09-07T05:49:16.123275+00:00,2023-12-09T00:00:00
NFL_IND_00-0032378_2023W14_NA_DNP,NFL,2023,14,2023_NFL_W14_IND_CIN,NFL_IND,NFL_P_00-0032378,DL,,UNKNOWN,DNP,Shoulder,2023-12-09,nflverse,,2026-09-07T05:49:16.123275+00:00,2023-12-09T00:00:00
NFL_IND_00-0034836_2023W14_OUT_DNP,NFL,2023,14,2023_NFL_W14_IND_CIN,NFL_IND,NFL_P_00-0034836,OL,,OUT,DNP,Knee,2023-12-09,nflverse,,2026-09-07T05:49:16.123275+00:00,2023-12-09T00:00:00
NFL_IND_00-0036223_2023W14_OUT_DNP,NFL,2023,14,2023_NFL_W14_IND_CIN,NFL_IND,NFL_P_00-0036223,RB,,OUT,DNP,Thumb,2023-12-09,nflverse,,2026-09-07T05:49:16.123275+00:00,2023-12-09T00:00:00
NFL_IND_00-0038624_2023W14_QUESTIONABLE_DNP,NFL,2023,14,2023_NFL_W14_IND_CIN,NFL_IND,NFL_P_00-0038624,CB,,QUESTIONABLE,DNP,Hip,2023-12-09,nflverse,,2026-09-07T05:49:16.123275+00:00,2023-12-09T00:00:00
NFL_IND_00-0039156_2023W14_QUESTIONABLE_LP,NFL,2023,14,2023_NFL_W14_IND_CIN,NFL_IND,NFL_P_00-0039156,CB,,QUESTIONABLE,LP,Quadricep,2023-12-09,nflverse,,2026-09-07T05:49:16.123275+00:00,2023-12-09T00:00:00
NFL_IND_00-0034987_2023W14_QUESTIONABLE_LP,NFL,2023,14,2023_NFL_W14_IND_CIN,NFL_IND,NFL_P_00-0034987,LB,,QUESTIONABLE,LP,Knee,2023-12-09,nflverse,,2026-09-07T05:49:16.123275+00:00,2023-12-09T00:00:00
NFL_JAX_00-0034775_2023W14_NA_DNP,NFL,2023,14,2023_NFL_W14_JAX_CLE,NFL_JAX,NFL_P_00-0034775,WR,,UNKNOWN,DNP,Groin,2023-12-09,nflverse,,2026-09-07T05:49:16.123275+00:00,2023-12-09T00:00:00
NFL_JAX_00-0033891_2023W14_NA_LP,NFL,2023,14,2023_NFL_W14_JAX_CLE,NFL_JAX,NFL_P_00-0033891,WR,,UNKNOWN,LP,Knee,2023-12-09,nflverse,,2026-09-07T05:49:16.123275+00:00,2023-12-09T00:00:00
NFL_JAX_00-0034516_2023W14_OUT_DNP,NFL,2023,14,2023_NFL_W14_JAX_CLE,NFL_JAX,NFL_P_00-0034516,CB,,OUT,DNP,Concussion,2023-12-09,nflverse,,2026-09-07T05:49:16.123275+00:00,2023-12-09T00:00:00
NFL_JAX_00-0036975_2023W14_OUT_DNP,NFL,2023,14,2023_NFL_W14_JAX_CLE,NFL_JAX,NFL_P_00-0036975,OL,,OUT,DNP,Hamstring,2023-12-09,nflverse,,2026-09-07T05:49:16.123275+00:00,2023-12-09T00:00:00
NFL_JAX_00-0038935_2023W14_OUT_DNP,NFL,2023,14,2023_NFL_W14_JAX_CLE,NFL_JAX,NFL_P_00-0038935,TE,,OUT,DNP,Foot,2023-12-09,nflverse,,2026-09-07T05:49:16.123275+00:00,2023-12-09T00:00:00
NFL_JAX_00-0038616_2023W14_OUT_LP,NFL,2023,14,2023_NFL_W14_JAX_CLE,NFL_JAX,NFL_P_00-0038616,CB,,OUT,LP,Hamstring,2023-12-09,nflverse,,2026-09-07T05:49:16.123275+00:00,2023-12-09T00:00:00
NFL_JAX_00-0036974_2023W14_QUESTIONABLE_LP,NFL,2023,14,2023_NFL_W14_JAX_CLE,NFL_JAX,NFL_P_00-0036974,CB,,QUESTIONABLE,LP,Quadricep,2023-12-09,nflverse,,2026-09-07T05:49:16.123275+00:00,2023-12-09T00:00:00
NFL_JAX_00-0036973_2023W14_QUESTIONABLE_LP,NFL,2023,14,2023_NFL_W14_JAX_CLE,NFL_JAX,NFL_P_00-0036973,RB,,QUESTIONABLE,LP,Ribs,2023-12-09,nflverse,,2026-09-07T05:49:16.123275+00:00,2023-12-09T00:00:00
NFL_JAX_00-0034275_2023W14_QUESTIONABLE_LP,NFL,2023,14,2023_NFL_W14_JAX_CLE,NFL_JAX,NFL_P_00-0034275,DL,,QUESTIONABLE,LP,Heel,2023-12-09,nflverse,,2026-09-07T05:49:16.123275+00:00,2023-12-09T00:00:00
NFL_JAX_00-0035628_2023W14_QUESTIONABLE_LP,NFL,2023,14,2023_NFL_W14_JAX_CLE,NFL_JAX,NFL_P_00-0035628,RB,,QUESTIONABLE,LP,Knee,2023-12-09,nflverse,,2026-09-07T05:49:16.123275+00:00,2023-12-09T00:00:00
NFL_JAX_00-0036971_2023W14_QUESTIONABLE_LP,NFL,2023,14,2023_NFL_W14_JAX_CLE,NFL_JAX,NFL_P_00-0036971,QB,,QUESTIONABLE,LP,Ankle,2023-12-09,nflverse,,2026-09-07T05:49:16.123275+00:00,2023-12-09T00:00:00
NFL_KC_00-0036374_2023W14_NA_LP,NFL,2023,14,2023_NFL_W14_BUF_KC,NFL_KC,NFL_P_00-0036374,CB,,UNKNOWN,LP,Knee,2023-12-09,nflverse,,2026-09-07T05:49:16.123275+00:00,2023-12-09T00:00:00
NFL_KC_00-0037193_2023W14_OUT_DNP,NFL,2023,14,2023_NFL_W14_BUF_KC,NFL_KC,NFL_P_00-0037193,S,,OUT,DNP,Ankle,2023-12-09,nflverse,,2026-09-07T05:49:16.123275+00:00,2023-12-09T00:00:00
NFL_KC_00-0037197_2023W14_OUT_DNP,NFL,2023,14,2023_NFL_W14_BUF_KC,NFL_KC,NFL_P_00-0037197,RB,,OUT,DNP,Shoulder,2023-12-09,nflverse,,2026-09-07T05:49:16.123275+00:00,2023-12-09T00:00:00
NFL_KC_00-0032217_2023W14_OUT_DNP,NFL,2023,14,2023_NFL_W14_BUF_KC,NFL_KC,NFL_P_00-0032217,OL,,OUT,DNP,Neck,2023-12-09,nflverse,,2026-09-07T05:49:16.123275+00:00,2023-12-09T00:00:00
NFL_KC_00-0035262_2023W14_OUT_DNP,NFL,2023,14,2023_NFL_W14_BUF_KC,NFL_KC,NFL_P_00-0035262,LB,,OUT,DNP,Concussion,2023-12-09,nflverse,,2026-09-07T05:49:16.123275+00:00,2023-12-09T00:00:00
NFL_LAR_00-0034804_2023W14_NA_DNP,NFL,2023,14,2023_NFL_W14_LAR_BAL,NFL_LAR,NFL_P_00-0034804,OL,,UNKNOWN,DNP,Not injury related - resting player,2023-12-09,nflverse,,2026-09-07T05:49:16.123275+00:00,2023-12-09T00:00:00
NFL_LAR_00-0031388_2023W14_NA_DNP,NFL,2023,14,2023_NFL_W14_LAR_BAL,NFL_LAR,NFL_P_00-0031388,DL,,UNKNOWN,DNP,Not injury related - resting player,2023-12-09,nflverse,,2026-09-07T05:49:16.123275+00:00,2023-12-09T00:00:00
NFL_LAR_00-0033110_2023W14_DOUBTFUL_DNP,NFL,2023,14,2023_NFL_W14_LAR_BAL,NFL_LAR,NFL_P_00-0033110,TE,,DOUBTFUL,DNP,Neck,2023-12-09,nflverse,,2026-09-07T05:49:16.123275+00:00,2023-12-09T00:00:00
NFL_LAR_00-0035933_2023W14_QUESTIONABLE_LP,NFL,2023,14,2023_NFL_W14_LAR_BAL,NFL_LAR,NFL_P_00-0035933,LB,,QUESTIONABLE,LP,Knee,2023-12-09,nflverse,,2026-09-07T05:49:16.123275+00:00,2023-12-09T00:00:00
NFL_LAR_00-0037841_2023W14_QUESTIONABLE_LP,NFL,2023,14,2023_NFL_W14_LAR_BAL,NFL_LAR,NFL_P_00-0037841,S,,QUESTIONABLE,LP,Hamstring,2023-12-09,nflverse,,2026-09-07T05:49:16.123275+00:00,2023-12-09T00:00:00
NFL_LAR_00-0039137_2023W14_QUESTIONABLE_LP,NFL,2023,14,2023_NFL_W14_LAR_BAL,NFL_LAR,NFL_P_00-0039137,LB,,QUESTIONABLE,LP,Knee,2023-12-09,nflverse,,2026-09-07T05:49:16.123275+00:00,2023-12-09T00:00:00
NFL_LAC_00-0030279_2023W14_NA_DNP,NFL,2023,14,2023_NFL_W14_DEN_LAC,NFL_LAC,NFL_P_00-0030279,WR,,UNKNOWN,DNP,Not injury related - resting player,2023-12-09,nflverse,,2026-09-07T05:49:16.123275+00:00,2023-12-09T00:00:00
NFL_LAC_00-0031040_2023W14_NA_DNP,NFL,2023,14,2023_NFL_W14_DEN_LAC,NFL_LAC,NFL_P_00-0031040,EDGE,,UNKNOWN,DNP,Not injury related - resting player,2023-12-09,nflverse,,2026-09-07T05:49:16.123275+00:00,2023-12-09T00:00:00
NFL_LAC_00-0035984_2023W14_NA_LP,NFL,2023,14,2023_NFL_W14_DEN_LAC,NFL_LAC,NFL_P_00-0035984,LB,,UNKNOWN,LP,Ankle,2023-12-09,nflverse,,2026-09-07T05:49:16.123275+00:00,2023-12-09T00:00:00
NFL_LAC_00-0035468_2023W14_OUT_DNP,NFL,2023,14,2023_NFL_W14_DEN_LAC,NFL_LAC,NFL_P_00-0035468,OL,,OUT,DNP,Back,2023-12-09,nflverse,,2026-09-07T05:49:16.123275+00:00,2023-12-09T00:00:00
NFL_LAC_00-0037320_2023W14_OUT_DNP,NFL,2023,14,2023_NFL_W14_DEN_LAC,NFL_LAC,NFL_P_00-0037320,CB,,OUT,DNP,Ankle,2023-12-09,nflverse,,2026-09-07T05:49:16.123275+00:00,2023-12-09T00:00:00
NFL_LAC_00-0036988_2023W14_OUT_LP,NFL,2023,14,2023_NFL_W14_DEN_LAC,NFL_LAC,NFL_P_00-0036988,WR,,OUT,LP,Knee,2023-12-09,nflverse,,2026-09-07T05:49:16.123275+00:00,2023-12-09T00:00:00
NFL_LAC_00-0036716_2023W14_QUESTIONABLE_DNP,NFL,2023,14,2023_NFL_W14_DEN_LAC,NFL_LAC,NFL_P_00-0036716,LB,,QUESTIONABLE,DNP,Hamstring,2023-12-09,nflverse,,2026-09-07T05:49:16.123275+00:00,2023-12-09T00:00:00
NFL_LAC_00-0037270_2023W14_QUESTIONABLE_LP,NFL,2023,14,2023_NFL_W14_DEN_LAC,NFL_LAC,NFL_P_00-0037270,DL,,QUESTIONABLE,LP,Knee,2023-12-09,nflverse,,2026-09-07T05:49:16.123275+00:00,2023-12-09T00:00:00
NFL_LV_00-0034759_2023W14_OUT_DNP,NFL,2023,14,2023_NFL_W14_MIN_LV,NFL_LV,NFL_P_00-0034759,OL,,OUT,DNP,Shoulder,2023-12-09,nflverse,,2026-09-07T05:49:16.123275+00:00,2023-12-09T00:00:00
NFL_LV_00-0034545_2023W14_QUESTIONABLE_FP,NFL,2023,14,2023_NFL_W14_MIN_LV,NFL_LV,NFL_P_00-0034545,CB,,QUESTIONABLE,FP,Shin,2023-12-09,nflverse,,2026-09-07T05:49:16.123275+00:00,2023-12-09T00:00:00
NFL_LV_00-0037383_2023W14_QUESTIONABLE_FP,NFL,2023,14,2023_NFL_W14_MIN_LV,NFL_LV,NFL_P_00-0037383,LB,,QUESTIONABLE,FP,Knee,2023-12-09,nflverse,,2026-09-07T05:49:16.123275+00:00,2023-12-09T00:00:00
NFL_LV_00-0034973_2023W14_QUESTIONABLE_LP,NFL,2023,14,2023_NFL_W14_MIN_LV,NFL_LV,NFL_P_00-0034973,EDGE,,QUESTIONABLE,LP,Knee,2023-12-09,nflverse,,2026-09-07T05:49:16.123275+00:00,2023-12-09T00:00:00
NFL_MIA_00-0034797_2023W14_NA_DNP,NFL,2023,14,2023_NFL_W14_TEN_MIA,NFL_MIA,NFL_P_00-0034797,LB,,UNKNOWN,DNP,Knee,2023-12-11,nflverse,,2026-09-07T05:49:16.123275+00:00,2023-12-11T00:00:00
NFL_MIA_00-0033040_2023W14_NA_LP,NFL,2023,14,2023_NFL_W14_TEN_MIA,NFL_MIA,NFL_P_00-0033040,WR,,UNKNOWN,LP,Ankle,2023-12-11,nflverse,,2026-09-07T05:49:16.123275+00:00,2023-12-11T00:00:00
NFL_MIA_00-0031687_2023W14_NA_LP,NFL,2023,14,2023_NFL_W14_TEN_MIA,NFL_MIA,NFL_P_00-0031687,RB,,UNKNOWN,LP,Knee,2023-12-11,nflverse,,2026-09-07T05:49:16.123275+00:00,2023-12-11T00:00:00
NFL_MIA_00-0034798_2023W14_NA_LP,NFL,2023,14,2023_NFL_W14_TEN_MIA,NFL_MIA,NFL_P_00-0034798,TE,,UNKNOWN,LP,Ankle,2023-12-11,nflverse,,2026-09-07T05:49:16.123275+00:00,2023-12-11T00:00:00
NFL_MIA_00-0036325_2023W14_OUT_DNP,NFL,2023,14,2023_NFL_W14_TEN_MIA,NFL_MIA,NFL_P_00-0036325,OL,,OUT,DNP,Hamstring,2023-12-11,nflverse,,2026-09-07T05:49:16.123275+00:00,2023-12-11T00:00:00
NFL_MIA_00-0030067_2023W14_QUESTIONABLE_LP,NFL,2023,14,2023_NFL_W14_TEN_MIA,NFL_MIA,NFL_P_00-0030067,OL,,QUESTIONABLE,LP,Knee,2023-12-11,nflverse,,2026-09-07T05:49:16.123275+00:00,2023-12-11T00:00:00
NFL_MIA_00-0038685_2023W14_QUESTIONABLE_LP,NFL,2023,14,2023_NFL_W14_TEN_MIA,NFL_MIA,NFL_P_00-0038685,RB,,QUESTIONABLE,LP,Knee,2023-12-11,nflverse,,2026-09-07T05:49:16.123275+00:00,2023-12-11T00:00:00
NFL_MIA_00-0036998_2023W14_QUESTIONABLE_LP,NFL,2023,14,2023_NFL_W14_TEN_MIA,NFL_MIA,NFL_P_00-0036998,S,,QUESTIONABLE,LP,Knee,2023-12-11,nflverse,,2026-09-07T05:49:16.123275+00:00,2023-12-11T00:00:00
NFL_MIN_00-0037301_2023W14_QUESTIONABLE_FP,NFL,2023,14,2023_NFL_W14_MIN_LV,NFL_MIN,NFL_P_00-0037301,S,,QUESTIONABLE,FP,Illness,2023-12-09,nflverse,,2026-09-07T05:49:16.123275+00:00,2023-12-09T00:00:00
NFL_MIN_00-0038131_2023W14_QUESTIONABLE_LP,NFL,2023,14,2023_NFL_W14_MIN_LV,NFL_MIN,NFL_P_00-0038131,OL,,QUESTIONABLE,LP,Hip,2023-12-09,nflverse,,2026-09-07T05:49:16.123275+00:00,2023-12-09T00:00:00
NFL_NE_00-0033947_2023W14_NA_DNP,NFL,2023,14,2023_NFL_W14_NE_PIT,NFL_NE,NFL_P_00-0033947,EDGE,,UNKNOWN,DNP,Illness,2023-12-07,nflverse,,2026-09-07T05:49:16.123275+00:00,2023-12-07T00:00:00
NFL_NE_00-0034787_2023W14_NA_LP,NFL,2023,14,2023_NFL_W14_NE_PIT,NFL_NE,NFL_P_00-0034787,LB,,UNKNOWN,LP,Back,2023-12-07,nflverse,,2026-09-07T05:49:16.123275+00:00,2023-12-07T00:00:00
NFL_NE_00-0033045_2023W14_NA_LP,NFL,2023,14,2023_NFL_W14_NE_PIT,NFL_NE,NFL_P_00-0033045,RB,,UNKNOWN,LP,Thigh,2023-12-07,nflverse,,2026-09-07T05:49:16.123275+00:00,2023-12-07T00:00:00
NFL_NE_00-0038569_2023W14_NA_LP,NFL,2023,14,2023_NFL_W14_NE_PIT,NFL_NE,NFL_P_00-0038569,OL,,UNKNOWN,LP,Ankle,2023-12-07,nflverse,,2026-09-07T05:49:16.123275+00:00,2023-12-07T00:00:00
NFL_NE_00-0038621_2023W14_OUT_DNP,NFL,2023,14,2023_NFL_W14_NE_PIT,NFL_NE,NFL_P_00-0038621,WR,,OUT,DNP,Concussion,2023-12-07,nflverse,,2026-09-07T05:49:16.123275+00:00,2023-12-07T00:00:00
NFL_NE_00-0036875_2023W14_OUT_DNP,NFL,2023,14,2023_NFL_W14_NE_PIT,NFL_NE,NFL_P_00-0036875,RB,,OUT,DNP,Ankle,2023-12-07,nflverse,,2026-09-07T05:49:16.123275+00:00,2023-12-07T00:00:00
NFL_NE_00-0038608_2023W14_OUT_LP,NFL,2023,14,2023_NFL_W14_NE_PIT,NFL_NE,NFL_P_00-0038608,WR,,OUT,LP,Shoulder,2023-12-07,nflverse,,2026-09-07T05:49:16.123275+00:00,2023-12-07T00:00:00
NFL_NE_00-0029672_2023W14_OUT_LP,NFL,2023,14,2023_NFL_W14_NE_PIT,NFL_NE,NFL_P_00-0029672,OL,,OUT,LP,Knee,2023-12-07,nflverse,,2026-09-07T05:49:16.123275+00:00,2023-12-07T00:00:00
NFL_NE_00-0036559_2023W14_OUT_LP,NFL,2023,14,2023_NFL_W14_NE_PIT,NFL_NE,NFL_P_00-0036559,CB,,OUT,LP,Illness,2023-12-07,nflverse,,2026-09-07T05:49:16.123275+00:00,2023-12-07T00:00:00
NFL_NE_00-0036981_2023W14_QUESTIONABLE_LP,NFL,2023,14,2023_NFL_W14_NE_PIT,NFL_NE,NFL_P_00-0036981,DL,,QUESTIONABLE,LP,Shoulder,2023-12-07,nflverse,,2026-09-07T05:49:16.123275+00:00,2023-12-07T00:00:00
NFL_NE_00-0032071_2023W14_QUESTIONABLE_LP,NFL,2023,14,2023_NFL_W14_NE_PIT,NFL_NE,NFL_P_00-0032071,OL,,QUESTIONABLE,LP,Ankle,2023-12-07,nflverse,,2026-09-07T05:49:16.123275+00:00,2023-12-07T00:00:00
NFL_NE_00-0031547_2023W14_QUESTIONABLE_LP,NFL,2023,14,2023_NFL_W14_NE_PIT,NFL_NE,NFL_P_00-0031547,WR,,QUESTIONABLE,LP,Knee,2023-12-07,nflverse,,2026-09-07T05:49:16.123275+00:00,2023-12-07T00:00:00
NFL_NE_00-0033857_2023W14_QUESTIONABLE_LP,NFL,2023,14,2023_NFL_W14_NE_PIT,NFL_NE,NFL_P_00-0033857,WR,,QUESTIONABLE,LP,Ankle,2023-12-07,nflverse,,2026-09-07T05:49:16.123275+00:00,2023-12-07T00:00:00
NFL_NO_00-0033892_2023W14_NA_DNP,NFL,2023,14,2023_NFL_W14_CAR_NO,NFL_NO,NFL_P_00-0033892,S,,UNKNOWN,DNP,Shoulder,2023-12-09,nflverse,,2026-09-07T05:49:16.123275+00:00,2023-12-09T00:00:00
NFL_NO_00-0035763_2023W14_NA_DNP,NFL,2023,14,2023_NFL_W14_CAR_NO,NFL_NO,NFL_P_00-0035763,DL,,UNKNOWN,DNP,Knee,2023-12-09,nflverse,,2026-09-07T05:49:16.123275+00:00,2023-12-09T00:00:00
NFL_NO_00-0027696_2023W14_NA_LP,NFL,2023,14,2023_NFL_W14_CAR_NO,NFL_NO,NFL_P_00-0027696,TE,,UNKNOWN,LP,Not injury related - resting player,2023-12-09,nflverse,,2026-09-07T05:49:16.123275+00:00,2023-12-09T00:00:00
NFL_NO_00-0039143_2023W14_OUT_DNP,NFL,2023,14,2023_NFL_W14_CAR_NO,NFL_NO,NFL_P_00-0039143,EDGE,,OUT,DNP,Quadricep,2023-12-09,nflverse,,2026-09-07T05:49:16.123275+00:00,2023-12-09T00:00:00
NFL_NO_00-0038551_2023W14_OUT_DNP,NFL,2023,14,2023_NFL_W14_CAR_NO,NFL_NO,NFL_P_00-0038551,RB,,OUT,DNP,Ankle,2023-12-09,nflverse,,2026-09-07T05:49:16.123275+00:00,2023-12-09T00:00:00
NFL_NO_00-0033357_2023W14_QUESTIONABLE_DNP,NFL,2023,14,2023_NFL_W14_CAR_NO,NFL_NO,NFL_P_00-0033357,QB,,QUESTIONABLE,DNP,Foot,2023-12-09,nflverse,,2026-09-07T05:49:16.123275+00:00,2023-12-09T00:00:00
NFL_NO_00-0037239_2023W14_QUESTIONABLE_DNP,NFL,2023,14,2023_NFL_W14_CAR_NO,NFL_NO,NFL_P_00-0037239,WR,,QUESTIONABLE,DNP,Illness,2023-12-09,nflverse,,2026-09-07T05:49:16.123275+00:00,2023-12-09T00:00:00
NFL_NO_00-0037545_2023W14_QUESTIONABLE_DNP,NFL,2023,14,2023_NFL_W14_CAR_NO,NFL_NO,NFL_P_00-0037545,WR,,QUESTIONABLE,DNP,Thigh,2023-12-09,nflverse,,2026-09-07T05:49:16.123275+00:00,2023-12-09T00:00:00
NFL_NO_00-0031280_2023W14_QUESTIONABLE_FP,NFL,2023,14,2023_NFL_W14_CAR_NO,NFL_NO,NFL_P_00-0031280,QB,,QUESTIONABLE,FP,Concussion,2023-12-09,nflverse,,2026-09-07T05:49:16.123275+00:00,2023-12-09T00:00:00
NFL_NO_00-0038905_2023W14_QUESTIONABLE_FP,NFL,2023,14,2023_NFL_W14_CAR_NO,NFL_NO,NFL_P_00-0038905,K,,QUESTIONABLE,FP,right Groin,2023-12-09,nflverse,,2026-09-07T05:49:16.123275+00:00,2023-12-09T00:00:00
NFL_NO_00-0038566_2023W14_QUESTIONABLE_FP,NFL,2023,14,2023_NFL_W14_CAR_NO,NFL_NO,NFL_P_00-0038566,OL,,QUESTIONABLE,FP,Shoulder,2023-12-09,nflverse,,2026-09-07T05:49:16.123275+00:00,2023-12-09T00:00:00
NFL_NO_00-0036040_2023W14_QUESTIONABLE_LP,NFL,2023,14,2023_NFL_W14_CAR_NO,NFL_NO,NFL_P_00-0036040,TE,,QUESTIONABLE,LP,Quadricep,2023-12-09,nflverse,,2026-09-07T05:49:16.123275+00:00,2023-12-09T00:00:00
NFL_NO_00-0027962_2023W14_QUESTIONABLE_LP,NFL,2023,14,2023_NFL_W14_CAR_NO,NFL_NO,NFL_P_00-0027962,EDGE,,QUESTIONABLE,LP,Ankle,2023-12-09,nflverse,,2026-09-07T05:49:16.123275+00:00,2023-12-09T00:00:00
NFL_NO_00-0036927_2023W14_QUESTIONABLE_LP,NFL,2023,14,2023_NFL_W14_CAR_NO,NFL_NO,NFL_P_00-0036927,LB,,QUESTIONABLE,LP,Shoulder,2023-12-09,nflverse,,2026-09-07T05:49:16.123275+00:00,2023-12-09T00:00:00
NFL_NYG_00-0037612_2023W14_OUT_DNP,NFL,2023,14,2023_NFL_W14_GB_NYG,NFL_NYG,NFL_P_00-0037612,OL,,OUT,DNP,Ankle,2023-12-11,nflverse,,2026-09-07T05:49:16.123275+00:00,2023-12-11T00:00:00
NFL_NYG_00-0038115_2023W14_QUESTIONABLE_DNP,NFL,2023,14,2023_NFL_W14_GB_NYG,NFL_NYG,NFL_P_00-0038115,TE,,QUESTIONABLE,DNP,Illness,2023-12-11,nflverse,,2026-09-07T05:49:16.123275+00:00,2023-12-11T00:00:00
NFL_NYG_00-0035639_2023W14_QUESTIONABLE_DNP,NFL,2023,14,2023_NFL_W14_GB_NYG,NFL_NYG,NFL_P_00-0035639,WR,,QUESTIONABLE,DNP,Knee,2023-12-11,nflverse,,2026-09-07T05:49:16.123275+00:00,2023-12-11T00:00:00
NFL_NYG_00-0035683_2023W14_QUESTIONABLE_LP,NFL,2023,14,2023_NFL_W14_GB_NYG,NFL_NYG,NFL_P_00-0035683,DL,,QUESTIONABLE,LP,Hamstring,2023-12-11,nflverse,,2026-09-07T05:49:16.123275+00:00,2023-12-11T00:00:00
NFL_NYG_00-0032889_2023W14_QUESTIONABLE_LP,NFL,2023,14,2023_NFL_W14_GB_NYG,NFL_NYG,NFL_P_00-0032889,DL,,QUESTIONABLE,LP,Hamstring,2023-12-11,nflverse,,2026-09-07T05:49:16.123275+00:00,2023-12-11T00:00:00
NFL_NYG_00-0036356_2023W14_QUESTIONABLE_LP,NFL,2023,14,2023_NFL_W14_GB_NYG,NFL_NYG,NFL_P_00-0036356,LB,,QUESTIONABLE,LP,Ankle,2023-12-11,nflverse,,2026-09-07T05:49:16.123275+00:00,2023-12-11T00:00:00
NFL_NYJ_00-0038492_2023W14_OUT_DNP,NFL,2023,14,2023_NFL_W14_HOU_NYJ,NFL_NYJ,NFL_P_00-0038492,WR,,OUT,DNP,Ankle,2023-12-09,nflverse,,2026-09-07T05:49:16.123275+00:00,2023-12-09T00:00:00
NFL_NYJ_00-0032432_2023W14_OUT_DNP,NFL,2023,14,2023_NFL_W14_HOU_NYJ,NFL_NYJ,NFL_P_00-0032432,OL,,OUT,DNP,Calf,2023-12-09,nflverse,,2026-09-07T05:49:16.123275+00:00,2023-12-09T00:00:00
NFL_NYJ_00-0023459_2023W14_OUT_LP,NFL,2023,14,2023_NFL_W14_HOU_NYJ,NFL_NYJ,NFL_P_00-0023459,QB,,OUT,LP,Achilles,2023-12-09,nflverse,,2026-09-07T05:49:16.123275+00:00,2023-12-09T00:00:00
NFL_NYJ_00-0034805_2023W14_QUESTIONABLE_LP,NFL,2023,14,2023_NFL_W14_HOU_NYJ,NFL_NYJ,NFL_P_00-0034805,EDGE,,QUESTIONABLE,LP,Ankle,2023-12-09,nflverse,,2026-09-07T05:49:16.123275+00:00,2023-12-09T00:00:00
NFL_NYJ_00-0038120_2023W14_QUESTIONABLE_LP,NFL,2023,14,2023_NFL_W14_HOU_NYJ,NFL_NYJ,NFL_P_00-0038120,RB,,QUESTIONABLE,LP,Ankle,2023-12-09,nflverse,,2026-09-07T05:49:16.123275+00:00,2023-12-09T00:00:00
NFL_NYJ_00-0039004_2023W14_QUESTIONABLE_LP,NFL,2023,14,2023_NFL_W14_HOU_NYJ,NFL_NYJ,NFL_P_00-0039004,OL,,QUESTIONABLE,LP,Hip,2023-12-09,nflverse,,2026-09-07T05:49:16.123275+00:00,2023-12-09T00:00:00
NFL_PHI_00-0027944_2023W14_NA_LP,NFL,2023,14,2023_NFL_W14_PHI_DAL,NFL_PHI,NFL_P_00-0027944,WR,,UNKNOWN,LP,Groin,2023-12-10,nflverse,,2026-09-07T05:49:16.123275+00:00,2023-12-10T00:00:00
NFL_PIT_00-0027943_2023W14_NA_DNP,NFL,2023,14,2023_NFL_W14_NE_PIT,NFL_PIT,NFL_P_00-0027943,CB,,UNKNOWN,DNP,Not injury related - resting player,2023-12-07,nflverse,,2026-09-07T05:49:16.123275+00:00,2023-12-07T00:00:00
NFL_PIT_00-0039110_2023W14_NA_LP,NFL,2023,14,2023_NFL_W14_NE_PIT,NFL_PIT,NFL_P_00-0039110,DL,,UNKNOWN,LP,Oblique,2023-12-07,nflverse,,2026-09-07T05:49:16.123275+00:00,2023-12-07T00:00:00
NFL_PIT_00-0027969_2023W14_NA_LP,NFL,2023,14,2023_NFL_W14_NE_PIT,NFL_PIT,NFL_P_00-0027969,DL,,UNKNOWN,LP,Not injury related - resting player,2023-12-07,nflverse,,2026-09-07T05:49:16.123275+00:00,2023-12-07T00:00:00
NFL_PIT_00-0038102_2023W14_OUT_DNP,NFL,2023,14,2023_NFL_W14_NE_PIT,NFL_PIT,NFL_P_00-0038102,QB,,OUT,DNP,Ankle,2023-12-07,nflverse,,2026-09-07T05:49:16.123275+00:00,2023-12-07T00:00:00
NFL_PIT_00-0035795_2023W14_OUT_DNP,NFL,2023,14,2023_NFL_W14_NE_PIT,NFL_PIT,NFL_P_00-0035795,CB,,OUT,DNP,Shoulder,2023-12-07,nflverse,,2026-09-07T05:49:16.123275+00:00,2023-12-07T00:00:00
NFL_PIT_00-0036893_2023W14_QUESTIONABLE_DNP,NFL,2023,14,2023_NFL_W14_NE_PIT,NFL_PIT,NFL_P_00-0036893,RB,,QUESTIONABLE,DNP,Knee,2023-12-07,nflverse,,2026-09-07T05:49:16.123275+00:00,2023-12-07T00:00:00
NFL_PIT_00-0032954_2023W14_QUESTIONABLE_DNP,NFL,2023,14,2023_NFL_W14_NE_PIT,NFL_PIT,NFL_P_00-0032954,OL,,QUESTIONABLE,DNP,Shoulder,2023-12-07,nflverse,,2026-09-07T05:49:16.123275+00:00,2023-12-07T00:00:00
NFL_PIT_00-0034785_2023W14_QUESTIONABLE_LP,NFL,2023,14,2023_NFL_W14_NE_PIT,NFL_PIT,NFL_P_00-0034785,OL,,QUESTIONABLE,LP,Neck,2023-12-07,nflverse,,2026-09-07T05:49:16.123275+00:00,2023-12-07T00:00:00
NFL_PIT_00-0032442_2023W14_QUESTIONABLE_LP,NFL,2023,14,2023_NFL_W14_NE_PIT,NFL_PIT,NFL_P_00-0032442,LB,,QUESTIONABLE,LP,Groin,2023-12-07,nflverse,,2026-09-07T05:49:16.123275+00:00,2023-12-07T00:00:00
NFL_SEA_00-0032210_2023W14_OUT_NA,NFL,2023,14,2023_NFL_W14_SEA_SF,NFL_SEA,NFL_P_00-0032210,LB,,OUT,,Inactive,2023-12-09,nflverse,,2026-09-07T05:49:16.123275+00:00,2023-12-09T00:00:00
NFL_SEA_00-0032387_2023W14_QUESTIONABLE_DNP,NFL,2023,14,2023_NFL_W14_SEA_SF,NFL_SEA,NFL_P_00-0032387,DL,,QUESTIONABLE,DNP,Hamstring,2023-12-09,nflverse,,2026-09-07T05:49:16.123275+00:00,2023-12-09T00:00:00
NFL_SEA_00-0030565_2023W14_QUESTIONABLE_DNP,NFL,2023,14,2023_NFL_W14_SEA_SF,NFL_SEA,NFL_P_00-0030565,QB,,QUESTIONABLE,DNP,Groin,2023-12-09,nflverse,,2026-09-07T05:49:16.123275+00:00,2023-12-09T00:00:00
NFL_SEA_00-0039165_2023W14_QUESTIONABLE_FP,NFL,2023,14,2023_NFL_W14_SEA_SF,NFL_SEA,NFL_P_00-0039165,RB,,QUESTIONABLE,FP,Knee,2023-12-09,nflverse,,2026-09-07T05:49:16.123275+00:00,2023-12-09T00:00:00
NFL_SEA_00-0038134_2023W14_QUESTIONABLE_FP,NFL,2023,14,2023_NFL_W14_SEA_SF,NFL_SEA,NFL_P_00-0038134,RB,,QUESTIONABLE,FP,Oblique,2023-12-09,nflverse,,2026-09-07T05:49:16.123275+00:00,2023-12-09T00:00:00
NFL_SEA_00-0036409_2023W14_QUESTIONABLE_LP,NFL,2023,14,2023_NFL_W14_SEA_SF,NFL_SEA,NFL_P_00-0036409,LB,,QUESTIONABLE,LP,Ankle,2023-12-09,nflverse,,2026-09-07T05:49:16.123275+00:00,2023-12-09T00:00:00
NFL_SEA_00-0036885_2023W14_QUESTIONABLE_LP,NFL,2023,14,2023_NFL_W14_SEA_SF,NFL_SEA,NFL_P_00-0036885,CB,,QUESTIONABLE,LP,Heel,2023-12-09,nflverse,,2026-09-07T05:49:16.123275+00:00,2023-12-09T00:00:00
NFL_SEA_00-0036620_2023W14_QUESTIONABLE_LP,NFL,2023,14,2023_NFL_W14_SEA_SF,NFL_SEA,NFL_P_00-0036620,WR,,QUESTIONABLE,LP,Ribs,2023-12-09,nflverse,,2026-09-07T05:49:16.123275+00:00,2023-12-09T00:00:00
NFL_SF_00-0027857_2023W14_NA_DNP,NFL,2023,14,2023_NFL_W14_SEA_SF,NFL_SF,NFL_P_00-0027857,OL,,UNKNOWN,DNP,Not injury related - resting player,2023-12-09,nflverse,,2026-09-07T05:49:16.123275+00:00,2023-12-09T00:00:00
NFL_SF_00-0032164_2023W14_OUT_DNP,NFL,2023,14,2023_NFL_W14_SEA_SF,NFL_SF,NFL_P_00-0032164,DL,,OUT,DNP,Foot,2023-12-09,nflverse,,2026-09-07T05:49:16.123275+00:00,2023-12-09T00:00:00
NFL_SF_00-0034073_2023W14_OUT_DNP,NFL,2023,14,2023_NFL_W14_SEA_SF,NFL_SF,NFL_P_00-0034073,TE,,OUT,DNP,Ankle,2023-12-09,nflverse,,2026-09-07T05:49:16.123275+00:00,2023-12-09T00:00:00
NFL_SF_00-0034407_2023W14_OUT_DNP,NFL,2023,14,2023_NFL_W14_SEA_SF,NFL_SF,NFL_P_00-0034407,WR,,OUT,DNP,Rib,2023-12-09,nflverse,,2026-09-07T05:49:16.123275+00:00,2023-12-09T00:00:00
NFL_SF_00-0037829_2023W14_DOUBTFUL_DNP,NFL,2023,14,2023_NFL_W14_SEA_SF,NFL_SF,NFL_P_00-0037829,OL,,DOUBTFUL,DNP,Knee,2023-12-09,nflverse,,2026-09-07T05:49:16.123275+00:00,2023-12-09T00:00:00
NFL_SF_00-0038594_2023W14_DOUBTFUL_DNP,NFL,2023,14,2023_NFL_W14_SEA_SF,NFL_SF,NFL_P_00-0038594,CB,,DOUBTFUL,DNP,Hamstring,2023-12-09,nflverse,,2026-09-07T05:49:16.123275+00:00,2023-12-09T00:00:00
NFL_SF_00-0036567_2023W14_DOUBTFUL_DNP,NFL,2023,14,2023_NFL_W14_SEA_SF,NFL_SF,NFL_P_00-0036567,RB,,DOUBTFUL,DNP,Knee,2023-12-09,nflverse,,2026-09-07T05:49:16.123275+00:00,2023-12-09T00:00:00
NFL_TB_00-0037491_2023W14_NA_DNP,NFL,2023,14,2023_NFL_W14_TB_ATL,NFL_TB,NFL_P_00-0037491,LB,,UNKNOWN,DNP,Not injury related - personal matter,2023-12-09,nflverse,,2026-09-07T05:49:16.123275+00:00,2023-12-09T00:00:00
NFL_TB_00-0035699_2023W14_OUT_DNP,NFL,2023,14,2023_NFL_W14_TB_ATL,NFL_TB,NFL_P_00-0035699,CB,,OUT,DNP,Ankle,2023-12-09,nflverse,,2026-09-07T05:49:16.123275+00:00,2023-12-09T00:00:00
NFL_TB_00-0035707_2023W14_OUT_DNP,NFL,2023,14,2023_NFL_W14_TB_ATL,NFL_TB,NFL_P_00-0035707,LB,,OUT,DNP,Foot,2023-12-09,nflverse,,2026-09-07T05:49:16.123275+00:00,2023-12-09T00:00:00
NFL_TB_00-0034773_2023W14_QUESTIONABLE_DNP,NFL,2023,14,2023_NFL_W14_TB_ATL,NFL_TB,NFL_P_00-0034773,DL,,QUESTIONABLE,DNP,Toe,2023-12-09,nflverse,,2026-09-07T05:49:16.123275+00:00,2023-12-09T00:00:00
NFL_TB_00-0036643_2023W14_QUESTIONABLE_FP,NFL,2023,14,2023_NFL_W14_TB_ATL,NFL_TB,NFL_P_00-0036643,LB,,QUESTIONABLE,FP,Back,2023-12-09,nflverse,,2026-09-07T05:49:16.123275+00:00,2023-12-09T00:00:00
NFL_TEN_00-0033659_2023W14_NA_DNP,NFL,2023,14,2023_NFL_W14_TEN_MIA,NFL_TEN,NFL_P_00-0033659,LB,,UNKNOWN,DNP,Finger,2023-12-11,nflverse,,2026-09-07T05:49:16.123275+00:00,2023-12-11T00:00:00
NFL_TEN_00-0037607_2023W14_NA_DNP,NFL,2023,14,2023_NFL_W14_TEN_MIA,NFL_TEN,NFL_P_00-0037607,P,,UNKNOWN,DNP,Knee,2023-12-11,nflverse,,2026-09-07T05:49:16.123275+00:00,2023-12-11T00:00:00
NFL_TEN_00-0036171_2023W14_NA_LP,NFL,2023,14,2023_NFL_W14_TEN_MIA,NFL_TEN,NFL_P_00-0036171,OL,,UNKNOWN,LP,Shoulder,2023-12-11,nflverse,,2026-09-07T05:49:16.123275+00:00,2023-12-11T00:00:00
NFL_TEN_00-0033221_2023W14_NA_LP,NFL,2023,14,2023_NFL_W14_TEN_MIA,NFL_TEN,NFL_P_00-0033221,OL,,UNKNOWN,LP,Ankle,2023-12-11,nflverse,,2026-09-07T05:49:16.123275+00:00,2023-12-11T00:00:00
NFL_TEN_00-0035413_2023W14_NA_LP,NFL,2023,14,2023_NFL_W14_TEN_MIA,NFL_TEN,NFL_P_00-0035413,LB,,UNKNOWN,LP,Shin,2023-12-11,nflverse,,2026-09-07T05:49:16.123275+00:00,2023-12-11T00:00:00
NFL_TEN_00-0038848_2023W14_NA_LP,NFL,2023,14,2023_NFL_W14_TEN_MIA,NFL_TEN,NFL_P_00-0038848,CB,,UNKNOWN,LP,Knee,2023-12-11,nflverse,,2026-09-07T05:49:16.123275+00:00,2023-12-11T00:00:00
NFL_TEN_00-0036416_2023W14_OUT_DNP,NFL,2023,14,2023_NFL_W14_TEN_MIA,NFL_TEN,NFL_P_00-0036416,CB,,OUT,DNP,Hamstring,2023-12-11,nflverse,,2026-09-07T05:49:16.123275+00:00,2023-12-11T00:00:00
NFL_TEN_00-0035643_2023W14_OUT_DNP,NFL,2023,14,2023_NFL_W14_TEN_MIA,NFL_TEN,NFL_P_00-0035643,DL,,OUT,DNP,Knee,2023-12-11,nflverse,,2026-09-07T05:49:16.123275+00:00,2023-12-11T00:00:00
NFL_TEN_00-0038589_2023W14_OUT_DNP,NFL,2023,14,2023_NFL_W14_TEN_MIA,NFL_TEN,NFL_P_00-0038589,TE,,OUT,DNP,Knee,2023-12-11,nflverse,,2026-09-07T05:49:16.123275+00:00,2023-12-11T00:00:00
NFL_TEN_00-0036181_2023W14_QUESTIONABLE_LP,NFL,2023,14,2023_NFL_W14_TEN_MIA,NFL_TEN,NFL_P_00-0036181,DL,,QUESTIONABLE,LP,Not injury related - personal matter,2023-12-11,nflverse,,2026-09-07T05:49:16.123275+00:00,2023-12-11T00:00:00
NFL_ARI_00-0037080_2023W15_OUT_DNP,NFL,2023,15,2023_NFL_W15_SF_ARI,NFL_ARI,NFL_P_00-0037080,LB,,OUT,DNP,not injury related - travel,2023-12-16,nflverse,,2026-09-07T05:49:16.123275+00:00,2023-12-16T00:00:00
NFL_ARI_00-0036011_2023W15_OUT_LP,NFL,2023,15,2023_NFL_W15_SF_ARI,NFL_ARI,NFL_P_00-0036011,CB,,OUT,LP,Quadricep,2023-12-16,nflverse,,2026-09-07T05:49:16.123275+00:00,2023-12-16T00:00:00
NFL_ARI_00-0033676_2023W15_QUESTIONABLE_FP,NFL,2023,15,2023_NFL_W15_SF_ARI,NFL_ARI,NFL_P_00-0033676,OL,,QUESTIONABLE,FP,Neck,2023-12-16,nflverse,,2026-09-07T05:49:16.123275+00:00,2023-12-16T00:00:00
NFL_ARI_00-0035961_2023W15_QUESTIONABLE_LP,NFL,2023,15,2023_NFL_W15_SF_ARI,NFL_ARI,NFL_P_00-0035961,LB,,QUESTIONABLE,LP,Ribs,2023-12-16,nflverse,,2026-09-07T05:49:16.123275+00:00,2023-12-16T00:00:00
NFL_ARI_00-0035662_2023W15_QUESTIONABLE_LP,NFL,2023,15,2023_NFL_W15_SF_ARI,NFL_ARI,NFL_P_00-0035662,WR,,QUESTIONABLE,LP,Heel,2023-12-16,nflverse,,2026-09-07T05:49:16.123275+00:00,2023-12-16T00:00:00
NFL_ARI_00-0035859_2023W15_QUESTIONABLE_LP,NFL,2023,15,2023_NFL_W15_SF_ARI,NFL_ARI,NFL_P_00-0035859,P,,QUESTIONABLE,LP,Back,2023-12-16,nflverse,,2026-09-07T05:49:16.123275+00:00,2023-12-16T00:00:00
NFL_ARI_00-0032141_2023W15_QUESTIONABLE_LP,NFL,2023,15,2023_NFL_W15_SF_ARI,NFL_ARI,NFL_P_00-0032141,TE,,QUESTIONABLE,LP,Back,2023-12-16,nflverse,,2026-09-07T05:49:16.123275+00:00,2023-12-16T00:00:00
NFL_ARI_00-0038559_2023W15_QUESTIONABLE_LP,NFL,2023,15,2023_NFL_W15_SF_ARI,NFL_ARI,NFL_P_00-0038559,WR,,QUESTIONABLE,LP,Neck,2023-12-16,nflverse,,2026-09-07T05:49:16.123275+00:00,2023-12-16T00:00:00
NFL_ATL_00-0026190_2023W15_NA_DNP,NFL,2023,15,2023_NFL_W15_ATL_CAR,NFL_ATL,NFL_P_00-0026190,EDGE,,UNKNOWN,DNP,Not injury related - resting player,2023-12-16,nflverse,,2026-09-07T05:49:16.123275+00:00,2023-12-16T00:00:00
NFL_ATL_00-0035235_2023W15_OUT_DNP,NFL,2023,15,2023_NFL_W15_ATL_CAR,NFL_ATL,NFL_P_00-0035235,OL,,OUT,DNP,Knee,2023-12-16,nflverse,,2026-09-07T05:49:16.123275+00:00,2023-12-16T00:00:00
NFL_ATL_00-0034320_2023W15_OUT_DNP,NFL,2023,15,2023_NFL_W15_ATL_CAR,NFL_ATL,NFL_P_00-0034320,DL,,OUT,DNP,Pectoral,2023-12-16,nflverse,,2026-09-07T05:49:16.123275+00:00,2023-12-16T00:00:00
NFL_ATL_00-0033702_2023W15_QUESTIONABLE_NA,NFL,2023,15,2023_NFL_W15_ATL_CAR,NFL_ATL,NFL_P_00-0033702,K,,QUESTIONABLE,,Illness,2023-12-16,nflverse,,2026-09-07T05:49:16.123275+00:00,2023-12-16T00:00:00
NFL_ATL_00-0036204_2023W15_QUESTIONABLE_FP,NFL,2023,15,2023_NFL_W15_ATL_CAR,NFL_ATL,NFL_P_00-0036204,DL,,QUESTIONABLE,FP,Knee,2023-12-16,nflverse,,2026-09-07T05:49:16.123275+00:00,2023-12-16T00:00:00
NFL_ATL_00-0036957_2023W15_QUESTIONABLE_LP,NFL,2023,15,2023_NFL_W15_ATL_CAR,NFL_ATL,NFL_P_00-0036957,OL,,QUESTIONABLE,LP,Ankle,2023-12-16,nflverse,,2026-09-07T05:49:16.123275+00:00,2023-12-16T00:00:00
NFL_ATL_00-0032146_2023W15_QUESTIONABLE_LP,NFL,2023,15,2023_NFL_W15_ATL_CAR,NFL_ATL,NFL_P_00-0032146,LB,,QUESTIONABLE,LP,Back,2023-12-16,nflverse,,2026-09-07T05:49:16.123275+00:00,2023-12-16T00:00:00
NFL_ATL_00-0037587_2023W15_QUESTIONABLE_LP,NFL,2023,15,2023_NFL_W15_ATL_CAR,NFL_ATL,NFL_P_00-0037587,LB,,QUESTIONABLE,LP,Knee,2023-12-16,nflverse,,2026-09-07T05:49:16.123275+00:00,2023-12-16T00:00:00
NFL_ATL_00-0035630_2023W15_QUESTIONABLE_LP,NFL,2023,15,2023_NFL_W15_ATL_CAR,NFL_ATL,NFL_P_00-0035630,OL,,QUESTIONABLE,LP,Ankle,2023-12-16,nflverse,,2026-09-07T05:49:16.123275+00:00,2023-12-16T00:00:00
NFL_ATL_00-0031279_2023W15_QUESTIONABLE_LP,NFL,2023,15,2023_NFL_W15_ATL_CAR,NFL_ATL,NFL_P_00-0031279,OL,,QUESTIONABLE,LP,Knee,2023-12-16,nflverse,,2026-09-07T05:49:16.123275+00:00,2023-12-16T00:00:00
NFL_ATL_00-0033051_2023W15_QUESTIONABLE_LP,NFL,2023,15,2023_NFL_W15_ATL_CAR,NFL_ATL,NFL_P_00-0033051,DL,,QUESTIONABLE,LP,Ankle,2023-12-16,nflverse,,2026-09-07T05:49:16.123275+00:00,2023-12-16T00:00:00
NFL_BAL_00-0035993_2023W15_NA_DNP,NFL,2023,15,2023_NFL_W15_BAL_JAX,NFL_BAL,NFL_P_00-0035993,QB,,UNKNOWN,DNP,Not injury related - personal matter,2023-12-17,nflverse,,2026-09-07T05:49:16.123275+00:00,2023-12-17T00:00:00
NFL_BAL_00-0031235_2023W15_NA_LP,NFL,2023,15,2023_NFL_W15_BAL_JAX,NFL_BAL,NFL_P_00-0031235,WR,,UNKNOWN,LP,Not injury related - resting player,2023-12-17,nflverse,,2026-09-07T05:49:16.123275+00:00,2023-12-17T00:00:00
NFL_BAL_00-0038038_2023W15_QUESTIONABLE_FP,NFL,2023,15,2023_NFL_W15_BAL_JAX,NFL_BAL,NFL_P_00-0038038,S,,QUESTIONABLE,FP,Knee,2023-12-17,nflverse,,2026-09-07T05:49:16.123275+00:00,2023-12-17T00:00:00
NFL_BAL_00-0038448_2023W15_QUESTIONABLE_FP,NFL,2023,15,2023_NFL_W15_BAL_JAX,NFL_BAL,NFL_P_00-0038448,LB,,QUESTIONABLE,FP,Ankle,2023-12-17,nflverse,,2026-09-07T05:49:16.123275+00:00,2023-12-17T00:00:00
NFL_BUF_00-0034376_2023W15_NA_LP,NFL,2023,15,2023_NFL_W15_DAL_BUF,NFL_BUF,NFL_P_00-0034376,CB,,UNKNOWN,LP,Ankle,2023-12-16,nflverse,,2026-09-07T05:49:16.123275+00:00,2023-12-16T00:00:00
NFL_BUF_00-0038933_2023W15_NA_LP,NFL,2023,15,2023_NFL_W15_DAL_BUF,NFL_BUF,NFL_P_00-0038933,TE,,UNKNOWN,LP,Thumb,2023-12-16,nflverse,,2026-09-07T05:49:16.123275+00:00,2023-12-16T00:00:00
NFL_BUF_00-0036192_2023W15_OUT_DNP,NFL,2023,15,2023_NFL_W15_DAL_BUF,NFL_BUF,NFL_P_00-0036192,EDGE,,OUT,DNP,Rib,2023-12-16,nflverse,,2026-09-07T05:49:16.123275+00:00,2023-12-16T00:00:00
NFL_BUF_00-0030090_2023W15_OUT_DNP,NFL,2023,15,2023_NFL_W15_DAL_BUF,NFL_BUF,NFL_P_00-0030090,S,,OUT,DNP,Neck,2023-12-16,nflverse,,2026-09-07T05:49:16.123275+00:00,2023-12-16T00:00:00
NFL_BUF_00-0037242_2023W15_QUESTIONABLE_FP,NFL,2023,15,2023_NFL_W15_DAL_BUF,NFL_BUF,NFL_P_00-0037242,CB,,QUESTIONABLE,FP,Ankle,2023-12-16,nflverse,,2026-09-07T05:49:16.123275+00:00,2023-12-16T00:00:00
NFL_BUF_00-0038590_2023W15_QUESTIONABLE_FP,NFL,2023,15,2023_NFL_W15_DAL_BUF,NFL_BUF,NFL_P_00-0038590,WR,,QUESTIONABLE,FP,Hamstring,2023-12-16,nflverse,,2026-09-07T05:49:16.123275+00:00,2023-12-16T00:00:00
NFL_CAR_00-0031785_2023W15_NA_DNP,NFL,2023,15,2023_NFL_W15_ATL_CAR,NFL_CAR,NFL_P_00-0031785,CB,,UNKNOWN,DNP,Not injury related - resting player,2023-12-16,nflverse,,2026-09-07T05:49:16.123275+00:00,2023-12-16T00:00:00
NFL_CAR_00-0036944_2023W15_NA_DNP,NFL,2023,15,2023_NFL_W15_ATL_CAR,NFL_CAR,NFL_P_00-0036944,CB,,UNKNOWN,DNP,Not injury related - resting player,2023-12-16,nflverse,,2026-09-07T05:49:16.123275+00:00,2023-12-16T00:00:00
NFL_CAR_00-0038535_2023W15_NA_DNP,NFL,2023,15,2023_NFL_W15_ATL_CAR,NFL_CAR,NFL_P_00-0038535,LB,,UNKNOWN,DNP,Illness,2023-12-16,nflverse,,2026-09-07T05:49:16.123275+00:00,2023-12-16T00:00:00
NFL_CAR_00-0030035_2023W15_NA_DNP,NFL,2023,15,2023_NFL_W15_ATL_CAR,NFL_CAR,NFL_P_00-0030035,WR,,UNKNOWN,DNP,Not injury related - resting player,2023-12-16,nflverse,,2026-09-07T05:49:16.123275+00:00,2023-12-16T00:00:00
NFL_CAR_00-0034830_2023W15_OUT_DNP,NFL,2023,15,2023_NFL_W15_ATL_CAR,NFL_CAR,NFL_P_00-0034830,TE,,OUT,DNP,Concussion,2023-12-16,nflverse,,2026-09-07T05:49:16.123275+00:00,2023-12-16T00:00:00
NFL_CAR_00-0030792_2023W15_OUT_DNP,NFL,2023,15,2023_NFL_W15_ATL_CAR,NFL_CAR,NFL_P_00-0030792,OL,,OUT,DNP,Calf,2023-12-16,nflverse,,2026-09-07T05:49:16.123275+00:00,2023-12-16T00:00:00
NFL_CAR_00-0034365_2023W15_OUT_DNP,NFL,2023,15,2023_NFL_W15_ATL_CAR,NFL_CAR,NFL_P_00-0034365,TE,,OUT,DNP,Ankle,2023-12-16,nflverse,,2026-09-07T05:49:16.123275+00:00,2023-12-16T00:00:00
NFL_CAR_00-0037043_2023W15_QUESTIONABLE_DNP,NFL,2023,15,2023_NFL_W15_ATL_CAR,NFL_CAR,NFL_P_00-0037043,LB,,QUESTIONABLE,DNP,Illness,2023-12-16,nflverse,,2026-09-07T05:49:16.123275+00:00,2023-12-16T00:00:00
NFL_CAR_00-0038877_2023W15_QUESTIONABLE_DNP,NFL,2023,15,2023_NFL_W15_ATL_CAR,NFL_CAR,NFL_P_00-0038877,CB,,QUESTIONABLE,DNP,Illness,2023-12-16,nflverse,,2026-09-07T05:49:16.123275+00:00,2023-12-16T00:00:00
NFL_CAR_00-0033579_2023W15_QUESTIONABLE_DNP,NFL,2023,15,2023_NFL_W15_ATL_CAR,NFL_CAR,NFL_P_00-0033579,S,,QUESTIONABLE,DNP,Illness,2023-12-16,nflverse,,2026-09-07T05:49:16.123275+00:00,2023-12-16T00:00:00
NFL_CAR_00-0038587_2023W15_QUESTIONABLE_FP,NFL,2023,15,2023_NFL_W15_ATL_CAR,NFL_CAR,NFL_P_00-0038587,S,,QUESTIONABLE,FP,Finger,2023-12-16,nflverse,,2026-09-07T05:49:16.123275+00:00,2023-12-16T00:00:00
NFL_CAR_00-0035713_2023W15_QUESTIONABLE_LP,NFL,2023,15,2023_NFL_W15_ATL_CAR,NFL_CAR,NFL_P_00-0035713,LB,,QUESTIONABLE,LP,Ankle,2023-12-16,nflverse,,2026-09-07T05:49:16.123275+00:00,2023-12-16T00:00:00
NFL_CAR_00-0036037_2023W15_QUESTIONABLE_LP,NFL,2023,15,2023_NFL_W15_ATL_CAR,NFL_CAR,NFL_P_00-0036037,S,,QUESTIONABLE,LP,Illness,2023-12-16,nflverse,,2026-09-07T05:49:16.123275+00:00,2023-12-16T00:00:00
NFL_CAR_00-0036288_2023W15_QUESTIONABLE_LP,NFL,2023,15,2023_NFL_W15_ATL_CAR,NFL_CAR,NFL_P_00-0036288,LB,,QUESTIONABLE,LP,Knee,2023-12-16,nflverse,,2026-09-07T05:49:16.123275+00:00,2023-12-16T00:00:00
NFL_CHI_00-0024243_2023W15_NA_DNP,NFL,2023,15,2023_NFL_W15_CHI_CLE,NFL_CHI,NFL_P_00-0024243,TE,,UNKNOWN,DNP,Not injury related - resting player,2023-12-16,nflverse,,2026-09-07T05:49:16.123275+00:00,2023-12-16T00:00:00
NFL_CHI_00-0038390_2023W15_OUT_DNP,NFL,2023,15,2023_NFL_W15_CHI_CLE,NFL_CHI,NFL_P_00-0038390,LB,,OUT,DNP,Knee,2023-12-16,nflverse,,2026-09-07T05:49:16.123275+00:00,2023-12-16T00:00:00
NFL_CHI_00-0034279_2023W15_OUT_DNP,NFL,2023,15,2023_NFL_W15_CHI_CLE,NFL_CHI,NFL_P_00-0034279,WR,,OUT,DNP,Pectoral,2023-12-16,nflverse,,2026-09-07T05:49:16.123275+00:00,2023-12-16T00:00:00
NFL_CHI_00-0034827_2023W15_QUESTIONABLE_FP,NFL,2023,15,2023_NFL_W15_CHI_CLE,NFL_CHI,NFL_P_00-0034827,WR,,QUESTIONABLE,FP,Ankle,2023-12-16,nflverse,,2026-09-07T05:49:16.123275+00:00,2023-12-16T00:00:00
NFL_CHI_00-0038135_2023W15_QUESTIONABLE_LP,NFL,2023,15,2023_NFL_W15_CHI_CLE,NFL_CHI,NFL_P_00-0038135,S,,QUESTIONABLE,LP,Groin,2023-12-16,nflverse,,2026-09-07T05:49:16.123275+00:00,2023-12-16T00:00:00
NFL_CIN_00-0036865_2023W15_QUESTIONABLE_NA,NFL,2023,15,2023_NFL_W15_MIN_CIN,NFL_CIN,NFL_P_00-0036865,OL,,QUESTIONABLE,,Illness,2023-12-15,nflverse,,2026-09-07T05:49:16.123275+00:00,2023-12-15T00:00:00
NFL_CIN_00-0035631_2023W15_QUESTIONABLE_NA,NFL,2023,15,2023_NFL_W15_MIN_CIN,NFL_CIN,NFL_P_00-0035631,TE,,QUESTIONABLE,,Illness,2023-12-15,nflverse,,2026-09-07T05:49:16.123275+00:00,2023-12-15T00:00:00
NFL_CIN_00-0035895_2023W15_QUESTIONABLE_LP,NFL,2023,15,2023_NFL_W15_MIN_CIN,NFL_CIN,NFL_P_00-0035895,LB,,QUESTIONABLE,LP,Oblique,2023-12-15,nflverse,,2026-09-07T05:49:16.123275+00:00,2023-12-15T00:00:00
NFL_CLE_00-0030098_2023W15_NA_DNP,NFL,2023,15,2023_NFL_W15_CHI_CLE,NFL_CLE,NFL_P_00-0030098,K,,UNKNOWN,DNP,Not injury related - personal matter,2023-12-16,nflverse,,2026-09-07T05:49:16.123275+00:00,2023-12-16T00:00:00
NFL_CLE_00-0035444_2023W15_OUT_DNP,NFL,2023,15,2023_NFL_W15_CHI_CLE,NFL_CLE,NFL_P_00-0035444,LB,,OUT,DNP,Calf,2023-12-16,nflverse,,2026-09-07T05:49:16.123275+00:00,2023-12-16T00:00:00
NFL_CLE_00-0034807_2023W15_OUT_DNP,NFL,2023,15,2023_NFL_W15_CHI_CLE,NFL_CLE,NFL_P_00-0034807,EDGE,,OUT,DNP,Pectoral,2023-12-16,nflverse,,2026-09-07T05:49:16.123275+00:00,2023-12-16T00:00:00
NFL_CLE_00-0033901_2023W15_OUT_DNP,NFL,2023,15,2023_NFL_W15_CHI_CLE,NFL_CLE,NFL_P_00-0033901,OL,,OUT,DNP,Stinger,2023-12-16,nflverse,,2026-09-07T05:49:16.123275+00:00,2023-12-16T00:00:00
NFL_CLE_00-0035625_2023W15_OUT_DNP,NFL,2023,15,2023_NFL_W15_CHI_CLE,NFL_CLE,NFL_P_00-0035625,S,,OUT,DNP,Calf,2023-12-16,nflverse,,2026-09-07T05:49:16.123275+00:00,2023-12-16T00:00:00
NFL_CLE_00-0036266_2023W15_QUESTIONABLE_LP,NFL,2023,15,2023_NFL_W15_CHI_CLE,NFL_CLE,NFL_P_00-0036266,DL,,QUESTIONABLE,LP,Concussion,2023-12-16,nflverse,,2026-09-07T05:49:16.123275+00:00,2023-12-16T00:00:00
NFL_CLE_00-0033570_2023W15_QUESTIONABLE_LP,NFL,2023,15,2023_NFL_W15_CHI_CLE,NFL_CLE,NFL_P_00-0033570,LB,,QUESTIONABLE,LP,Not injury related - resting player,2023-12-16,nflverse,,2026-09-07T05:49:16.123275+00:00,2023-12-16T00:00:00
NFL_CLE_00-0034856_2023W15_QUESTIONABLE_LP,NFL,2023,15,2023_NFL_W15_CHI_CLE,NFL_CLE,NFL_P_00-0034856,CB,,QUESTIONABLE,LP,Shoulder,2023-12-16,nflverse,,2026-09-07T05:49:16.123275+00:00,2023-12-16T00:00:00
NFL_DAL_00-0029692_2023W15_NA_DNP,NFL,2023,15,2023_NFL_W15_DAL_BUF,NFL_DAL,NFL_P_00-0029692,P,,UNKNOWN,DNP,Not injury related - personal matter,2023-12-16,nflverse,,2026-09-07T05:49:16.123275+00:00,2023-12-16T00:00:00
NFL_DAL_00-0027947_2023W15_NA_DNP,NFL,2023,15,2023_NFL_W15_DAL_BUF,NFL_DAL,NFL_P_00-0027947,OL,,UNKNOWN,DNP,Not injury related - resting player,2023-12-16,nflverse,,2026-09-07T05:49:16.123275+00:00,2023-12-16T00:00:00
NFL_DAL_00-0031411_2023W15_NA_LP,NFL,2023,15,2023_NFL_W15_DAL_BUF,NFL_DAL,NFL_P_00-0031411,EDGE,,UNKNOWN,LP,Not injury related - resting player,2023-12-16,nflverse,,2026-09-07T05:49:16.123275+00:00,2023-12-16T00:00:00
NFL_DAL_00-0033928_2023W15_NA_LP,NFL,2023,15,2023_NFL_W15_DAL_BUF,NFL_DAL,NFL_P_00-0033928,CB,,UNKNOWN,LP,Not injury related - resting player,2023-12-16,nflverse,,2026-09-07T05:49:16.123275+00:00,2023-12-16T00:00:00
NFL_DAL_00-0031402_2023W15_NA_LP,NFL,2023,15,2023_NFL_W15_DAL_BUF,NFL_DAL,NFL_P_00-0031402,OL,,UNKNOWN,LP,Not injury related - resting player,2023-12-16,nflverse,,2026-09-07T05:49:16.123275+00:00,2023-12-16T00:00:00
NFL_DAL_00-0030063_2023W15_OUT_DNP,NFL,2023,15,2023_NFL_W15_DAL_BUF,NFL_DAL,NFL_P_00-0030063,DL,,OUT,DNP,Knee,2023-12-16,nflverse,,2026-09-07T05:49:16.123275+00:00,2023-12-16T00:00:00
NFL_DAL_00-0031236_2023W15_QUESTIONABLE_DNP,NFL,2023,15,2023_NFL_W15_DAL_BUF,NFL_DAL,NFL_P_00-0031236,WR,,QUESTIONABLE,DNP,Not injury related - resting player,2023-12-16,nflverse,,2026-09-07T05:49:16.123275+00:00,2023-12-16T00:00:00
NFL_DAL_00-0029542_2023W15_QUESTIONABLE_DNP,NFL,2023,15,2023_NFL_W15_DAL_BUF,NFL_DAL,NFL_P_00-0029542,CB,,QUESTIONABLE,DNP,Not injury related - resting player,2023-12-16,nflverse,,2026-09-07T05:49:16.123275+00:00,2023-12-16T00:00:00
NFL_DAL_00-0038575_2023W15_QUESTIONABLE_FP,NFL,2023,15,2023_NFL_W15_DAL_BUF,NFL_DAL,NFL_P_00-0038575,EDGE,,QUESTIONABLE,FP,Knee,2023-12-16,nflverse,,2026-09-07T05:49:16.123275+00:00,2023-12-16T00:00:00
NFL_DAL_00-0037266_2023W15_QUESTIONABLE_FP,NFL,2023,15,2023_NFL_W15_DAL_BUF,NFL_DAL,NFL_P_00-0037266,OL,,QUESTIONABLE,FP,Shoulder,2023-12-16,nflverse,,2026-09-07T05:49:16.123275+00:00,2023-12-16T00:00:00
NFL_DAL_00-0033877_2023W15_QUESTIONABLE_LP,NFL,2023,15,2023_NFL_W15_DAL_BUF,NFL_DAL,NFL_P_00-0033877,S,,QUESTIONABLE,LP,Ankle,2023-12-16,nflverse,,2026-09-07T05:49:16.123275+00:00,2023-12-16T00:00:00
NFL_DAL_00-0037666_2023W15_QUESTIONABLE_LP,NFL,2023,15,2023_NFL_W15_DAL_BUF,NFL_DAL,NFL_P_00-0037666,WR,,QUESTIONABLE,LP,Illness,2023-12-16,nflverse,,2026-09-07T05:49:16.123275+00:00,2023-12-16T00:00:00
NFL_DEN_00-0029890_2023W15_NA_DNP,NFL,2023,15,2023_NFL_W15_DEN_DET,NFL_DEN,NFL_P_00-0029890,DL,,UNKNOWN,DNP,Not injury related - resting player,2023-12-16,nflverse,,2026-09-07T05:49:16.123275+00:00,2023-12-16T00:00:00
NFL_DEN_00-0036952_2023W15_NA_LP,NFL,2023,15,2023_NFL_W15_DEN_DET,NFL_DEN,NFL_P_00-0036952,LB,,UNKNOWN,LP,Ankle,2023-12-16,nflverse,,2026-09-07T05:49:16.123275+00:00,2023-12-16T00:00:00
NFL_DEN_00-0031484_2023W15_NA_LP,NFL,2023,15,2023_NFL_W15_DEN_DET,NFL_DEN,NFL_P_00-0031484,TE,,UNKNOWN,LP,Not injury related - resting player,2023-12-16,nflverse,,2026-09-07T05:49:16.123275+00:00,2023-12-16T00:00:00
NFL_DEN_00-0037249_2023W15_OUT_DNP,NFL,2023,15,2023_NFL_W15_DEN_DET,NFL_DEN,NFL_P_00-0037249,LB,,OUT,DNP,Knee,2023-12-16,nflverse,,2026-09-07T05:49:16.123275+00:00,2023-12-16T00:00:00
NFL_DEN_00-0037252_2023W15_OUT_DNP,NFL,2023,15,2023_NFL_W15_DEN_DET,NFL_DEN,NFL_P_00-0037252,TE,,OUT,DNP,Hamstring,2023-12-16,nflverse,,2026-09-07T05:49:16.123275+00:00,2023-12-16T00:00:00
NFL_DEN_00-0035227_2023W15_QUESTIONABLE_LP,NFL,2023,15,2023_NFL_W15_DEN_DET,NFL_DEN,NFL_P_00-0035227,S,,QUESTIONABLE,LP,Neck,2023-12-16,nflverse,,2026-09-07T05:49:16.123275+00:00,2023-12-16T00:00:00
NFL_DET_00-0038550_2023W15_OUT_FP,NFL,2023,15,2023_NFL_W15_DEN_DET,NFL_DET,NFL_P_00-0038550,QB,,OUT,FP,Knee,2023-12-16,nflverse,,2026-09-07T05:49:16.123275+00:00,2023-12-16T00:00:00
NFL_DET_00-0032381_2023W15_QUESTIONABLE_FP,NFL,2023,15,2023_NFL_W15_DEN_DET,NFL_DET,NFL_P_00-0032381,OL,,QUESTIONABLE,FP,Back,2023-12-16,nflverse,,2026-09-07T05:49:16.123275+00:00,2023-12-16T00:00:00
NFL_DET_00-0035841_2023W15_QUESTIONABLE_FP,NFL,2023,15,2023_NFL_W15_DEN_DET,NFL_DET,NFL_P_00-0035841,DL,,QUESTIONABLE,FP,Neck,2023-12-16,nflverse,,2026-09-07T05:49:16.123275+00:00,2023-12-16T00:00:00
NFL_DET_00-0034345_2023W15_QUESTIONABLE_FP,NFL,2023,15,2023_NFL_W15_DEN_DET,NFL_DET,NFL_P_00-0034345,OL,,QUESTIONABLE,FP,Knee,2023-12-16,nflverse,,2026-09-07T05:49:16.123275+00:00,2023-12-16T00:00:00
NFL_DET_00-0033943_2023W15_QUESTIONABLE_LP,NFL,2023,15,2023_NFL_W15_DEN_DET,NFL_DET,NFL_P_00-0033943,WR,,QUESTIONABLE,LP,Back,2023-12-16,nflverse,,2026-09-07T05:49:16.123275+00:00,2023-12-16T00:00:00
NFL_GB_00-0037083_2023W15_NA_LP,NFL,2023,15,2023_NFL_W15_TB_GB,NFL_GB,NFL_P_00-0037083,LB,,UNKNOWN,LP,Toe,2023-12-16,nflverse,,2026-09-07T05:49:16.123275+00:00,2023-12-16T00:00:00
NFL_GB_00-0035526_2023W15_NA_LP,NFL,2023,15,2023_NFL_W15_TB_GB,NFL_GB,NFL_P_00-0035526,OL,,UNKNOWN,LP,Shoulder,2023-12-16,nflverse,,2026-09-07T05:49:16.123275+00:00,2023-12-16T00:00:00
NFL_GB_00-0035133_2023W15_NA_LP,NFL,2023,15,2023_NFL_W15_TB_GB,NFL_GB,NFL_P_00-0035133,CB,,UNKNOWN,LP,Quadricep,2023-12-16,nflverse,,2026-09-07T05:49:16.123275+00:00,2023-12-16T00:00:00
NFL_GB_00-0034485_2023W15_NA_LP,NFL,2023,15,2023_NFL_W15_TB_GB,NFL_GB,NFL_P_00-0034485,S,,UNKNOWN,LP,Knee,2023-12-16,nflverse,,2026-09-07T05:49:16.123275+00:00,2023-12-16T00:00:00
NFL_GB_00-0039146_2023W15_NA_LP,NFL,2023,15,2023_NFL_W15_TB_GB,NFL_GB,NFL_P_00-0039146,WR,,UNKNOWN,LP,Ankle,2023-12-16,nflverse,,2026-09-07T05:49:16.123275+00:00,2023-12-16T00:00:00
NFL_GB_00-0036642_2023W15_NA_LP,NFL,2023,15,2023_NFL_W15_TB_GB,NFL_GB,NFL_P_00-0036642,DL,,UNKNOWN,LP,Quadricep,2023-12-16,nflverse,,2026-09-07T05:49:16.123275+00:00,2023-12-16T00:00:00
NFL_GB_00-0038124_2023W15_DOUBTFUL_DNP,NFL,2023,15,2023_NFL_W15_TB_GB,NFL_GB,NFL_P_00-0038124,WR,,DOUBTFUL,DNP,Hamstring,2023-12-16,nflverse,,2026-09-07T05:49:16.123275+00:00,2023-12-16T00:00:00
NFL_GB_00-0034968_2023W15_QUESTIONABLE_DNP,NFL,2023,15,2023_NFL_W15_TB_GB,NFL_GB,NFL_P_00-0034968,S,,QUESTIONABLE,DNP,Shoulder,2023-12-16,nflverse,,2026-09-07T05:49:16.123275+00:00,2023-12-16T00:00:00
NFL_GB_00-0036901_2023W15_QUESTIONABLE_FP,NFL,2023,15,2023_NFL_W15_TB_GB,NFL_GB,NFL_P_00-0036901,CB,,QUESTIONABLE,FP,Hamstring,2023-12-16,nflverse,,2026-09-07T05:49:16.123275+00:00,2023-12-16T00:00:00
NFL_GB_00-0034728_2023W15_QUESTIONABLE_LP,NFL,2023,15,2023_NFL_W15_TB_GB,NFL_GB,NFL_P_00-0034728,CB,,QUESTIONABLE,LP,Shoulder,2023-12-16,nflverse,,2026-09-07T05:49:16.123275+00:00,2023-12-16T00:00:00
NFL_GB_00-0036265_2023W15_QUESTIONABLE_LP,NFL,2023,15,2023_NFL_W15_TB_GB,NFL_GB,NFL_P_00-0036265,RB,,QUESTIONABLE,LP,Thumb,2023-12-16,nflverse,,2026-09-07T05:49:16.123275+00:00,2023-12-16T00:00:00
NFL_GB_00-0033293_2023W15_QUESTIONABLE_LP,NFL,2023,15,2023_NFL_W15_TB_GB,NFL_GB,NFL_P_00-0033293,RB,,QUESTIONABLE,LP,Knee,2023-12-16,nflverse,,2026-09-07T05:49:16.123275+00:00,2023-12-16T00:00:00
NFL_GB_00-0037074_2023W15_QUESTIONABLE_LP,NFL,2023,15,2023_NFL_W15_TB_GB,NFL_GB,NFL_P_00-0037074,DL,,QUESTIONABLE,LP,Shoulder,2023-12-16,nflverse,,2026-09-07T05:49:16.123275+00:00,2023-12-16T00:00:00
NFL_GB_00-0038393_2023W15_QUESTIONABLE_LP,NFL,2023,15,2023_NFL_W15_TB_GB,NFL_GB,NFL_P_00-0038393,WR,,QUESTIONABLE,LP,Ankle,2023-12-16,nflverse,,2026-09-07T05:49:16.123275+00:00,2023-12-16T00:00:00
NFL_HOU_00-0030431_2023W15_NA_LP,NFL,2023,15,2023_NFL_W15_HOU_TEN,NFL_HOU,NFL_P_00-0030431,WR,,UNKNOWN,LP,Not injury related - resting player,2023-12-16,nflverse,,2026-09-07T05:49:16.123275+00:00,2023-12-16T00:00:00
NFL_HOU_00-0039108_2023W15_OUT_DNP,NFL,2023,15,2023_NFL_W15_HOU_TEN,NFL_HOU,NFL_P_00-0039108,EDGE,,OUT,DNP,Ankle,2023-12-16,nflverse,,2026-09-07T05:49:16.123275+00:00,2023-12-16T00:00:00
NFL_HOU_00-0035276_2023W15_OUT_DNP,NFL,2023,15,2023_NFL_W15_HOU_TEN,NFL_HOU,NFL_P_00-0035276,LB,,OUT,DNP,Hamstring,2023-12-16,nflverse,,2026-09-07T05:49:16.123275+00:00,2023-12-16T00:00:00
NFL_HOU_00-0034488_2023W15_OUT_DNP,NFL,2023,15,2023_NFL_W15_HOU_TEN,NFL_HOU,NFL_P_00-0034488,CB,,OUT,DNP,Hamstring,2023-12-16,nflverse,,2026-09-07T05:49:16.123275+00:00,2023-12-16T00:00:00
NFL_HOU_00-0039163_2023W15_DOUBTFUL_DNP,NFL,2023,15,2023_NFL_W15_HOU_TEN,NFL_HOU,NFL_P_00-0039163,QB,,DOUBTFUL,DNP,Concussion,2023-12-16,nflverse,,2026-09-07T05:49:16.123275+00:00,2023-12-16T00:00:00
NFL_HOU_00-0032150_2023W15_QUESTIONABLE_NA,NFL,2023,15,2023_NFL_W15_HOU_TEN,NFL_HOU,NFL_P_00-0032150,CB,,QUESTIONABLE,,Wrist,2023-12-16,nflverse,,2026-09-07T05:49:16.123275+00:00,2023-12-16T00:00:00
NFL_HOU_00-0036554_2023W15_QUESTIONABLE_DNP,NFL,2023,15,2023_NFL_W15_HOU_TEN,NFL_HOU,NFL_P_00-0036554,WR,,QUESTIONABLE,DNP,Calf,2023-12-16,nflverse,,2026-09-07T05:49:16.123275+00:00,2023-12-16T00:00:00
NFL_HOU_00-0032466_2023W15_QUESTIONABLE_DNP,NFL,2023,15,2023_NFL_W15_HOU_TEN,NFL_HOU,NFL_P_00-0032466,OL,,QUESTIONABLE,DNP,Hip,2023-12-16,nflverse,,2026-09-07T05:49:16.123275+00:00,2023-12-16T00:00:00
NFL_HOU_00-0033591_2023W15_QUESTIONABLE_LP,NFL,2023,15,2023_NFL_W15_HOU_TEN,NFL_HOU,NFL_P_00-0033591,WR,,QUESTIONABLE,LP,Knee,2023-12-16,nflverse,,2026-09-07T05:49:16.123275+00:00,2023-12-16T00:00:00
NFL_HOU_00-0031580_2023W15_QUESTIONABLE_LP,NFL,2023,15,2023_NFL_W15_HOU_TEN,NFL_HOU,NFL_P_00-0031580,OL,,QUESTIONABLE,LP,Calf,2023-12-16,nflverse,,2026-09-07T05:49:16.123275+00:00,2023-12-16T00:00:00
NFL_HOU_00-0038599_2023W15_QUESTIONABLE_LP,NFL,2023,15,2023_NFL_W15_HOU_TEN,NFL_HOU,NFL_P_00-0038599,LB,,QUESTIONABLE,LP,Hamstring,2023-12-16,nflverse,,2026-09-07T05:49:16.123275+00:00,2023-12-16T00:00:00
NFL_IND_00-0032378_2023W15_NA_DNP,NFL,2023,15,2023_NFL_W15_PIT_IND,NFL_IND,NFL_P_00-0032378,DL,,UNKNOWN,DNP,Back,2023-12-15,nflverse,,2026-09-07T05:49:16.123275+00:00,2023-12-15T00:00:00
NFL_IND_00-0034836_2023W15_OUT_DNP,NFL,2023,15,2023_NFL_W15_PIT_IND,NFL_IND,NFL_P_00-0034836,OL,,OUT,DNP,Knee,2023-12-15,nflverse,,2026-09-07T05:49:16.123275+00:00,2023-12-15T00:00:00
NFL_IND_00-0036223_2023W15_OUT_DNP,NFL,2023,15,2023_NFL_W15_PIT_IND,NFL_IND,NFL_P_00-0036223,RB,,OUT,DNP,Thumb,2023-12-15,nflverse,,2026-09-07T05:49:16.123275+00:00,2023-12-15T00:00:00
NFL_IND_00-0037527_2023W15_QUESTIONABLE_DNP,NFL,2023,15,2023_NFL_W15_PIT_IND,NFL_IND,NFL_P_00-0037527,LB,,QUESTIONABLE,DNP,Hip,2023-12-15,nflverse,,2026-09-07T05:49:16.123275+00:00,2023-12-15T00:00:00
NFL_JAX_00-0036973_2023W15_NA_LP,NFL,2023,15,2023_NFL_W15_BAL_JAX,NFL_JAX,NFL_P_00-0036973,RB,,UNKNOWN,LP,Ribs,2023-12-17,nflverse,,2026-09-07T05:49:16.123275+00:00,2023-12-17T00:00:00
NFL_JAX_00-0035628_2023W15_NA_LP,NFL,2023,15,2023_NFL_W15_BAL_JAX,NFL_JAX,NFL_P_00-0035628,RB,,UNKNOWN,LP,Knee,2023-12-17,nflverse,,2026-09-07T05:49:16.123275+00:00,2023-12-17T00:00:00
NFL_JAX_00-0033891_2023W15_NA_LP,NFL,2023,15,2023_NFL_W15_BAL_JAX,NFL_JAX,NFL_P_00-0033891,WR,,UNKNOWN,LP,Knee,2023-12-17,nflverse,,2026-09-07T05:49:16.123275+00:00,2023-12-17T00:00:00
NFL_JAX_00-0036974_2023W15_OUT_DNP,NFL,2023,15,2023_NFL_W15_BAL_JAX,NFL_JAX,NFL_P_00-0036974,CB,,OUT,DNP,Quadricep,2023-12-17,nflverse,,2026-09-07T05:49:16.123275+00:00,2023-12-17T00:00:00
NFL_JAX_00-0036941_2023W15_OUT_DNP,NFL,2023,15,2023_NFL_W15_BAL_JAX,NFL_JAX,NFL_P_00-0036941,S,,OUT,DNP,Groin,2023-12-17,nflverse,,2026-09-07T05:49:16.123275+00:00,2023-12-17T00:00:00
NFL_JAX_00-0035827_2023W15_QUESTIONABLE_DNP,NFL,2023,15,2023_NFL_W15_BAL_JAX,NFL_JAX,NFL_P_00-0035827,LS,,QUESTIONABLE,DNP,Back,2023-12-17,nflverse,,2026-09-07T05:49:16.123275+00:00,2023-12-17T00:00:00
NFL_JAX_00-0033572_2023W15_QUESTIONABLE_LP,NFL,2023,15,2023_NFL_W15_BAL_JAX,NFL_JAX,NFL_P_00-0033572,WR,,QUESTIONABLE,LP,Shoulder,2023-12-17,nflverse,,2026-09-07T05:49:16.123275+00:00,2023-12-17T00:00:00
NFL_JAX_00-0038616_2023W15_QUESTIONABLE_LP,NFL,2023,15,2023_NFL_W15_BAL_JAX,NFL_JAX,NFL_P_00-0038616,CB,,QUESTIONABLE,LP,Hamstring,2023-12-17,nflverse,,2026-09-07T05:49:16.123275+00:00,2023-12-17T00:00:00
NFL_JAX_00-0036327_2023W15_QUESTIONABLE_LP,NFL,2023,15,2023_NFL_W15_BAL_JAX,NFL_JAX,NFL_P_00-0036327,OL,,QUESTIONABLE,LP,Knee,2023-12-17,nflverse,,2026-09-07T05:49:16.123275+00:00,2023-12-17T00:00:00
NFL_JAX_00-0034516_2023W15_QUESTIONABLE_LP,NFL,2023,15,2023_NFL_W15_BAL_JAX,NFL_JAX,NFL_P_00-0034516,CB,,QUESTIONABLE,LP,Concussion,2023-12-17,nflverse,,2026-09-07T05:49:16.123275+00:00,2023-12-17T00:00:00
NFL_JAX_00-0036975_2023W15_QUESTIONABLE_LP,NFL,2023,15,2023_NFL_W15_BAL_JAX,NFL_JAX,NFL_P_00-0036975,OL,,QUESTIONABLE,LP,Hamstring,2023-12-17,nflverse,,2026-09-07T05:49:16.123275+00:00,2023-12-17T00:00:00
NFL_JAX_00-0038935_2023W15_QUESTIONABLE_LP,NFL,2023,15,2023_NFL_W15_BAL_JAX,NFL_JAX,NFL_P_00-0038935,TE,,QUESTIONABLE,LP,Foot,2023-12-17,nflverse,,2026-09-07T05:49:16.123275+00:00,2023-12-17T00:00:00
NFL_KC_00-0037197_2023W15_OUT_DNP,NFL,2023,15,2023_NFL_W15_KC_NE,NFL_KC,NFL_P_00-0037197,RB,,OUT,DNP,Shoulder,2023-12-16,nflverse,,2026-09-07T05:49:16.123275+00:00,2023-12-16T00:00:00
NFL_KC_00-0032217_2023W15_OUT_DNP,NFL,2023,15,2023_NFL_W15_KC_NE,NFL_KC,NFL_P_00-0032217,OL,,OUT,DNP,Neck,2023-12-16,nflverse,,2026-09-07T05:49:16.123275+00:00,2023-12-16T00:00:00
NFL_KC_00-0037216_2023W15_DOUBTFUL_FP,NFL,2023,15,2023_NFL_W15_KC_NE,NFL_KC,NFL_P_00-0037216,WR,,DOUBTFUL,FP,Returning from Suspension,2023-12-16,nflverse,,2026-09-07T05:49:16.123275+00:00,2023-12-16T00:00:00
NFL_LAR_00-0034804_2023W15_NA_DNP,NFL,2023,15,2023_NFL_W15_WAS_LAR,NFL_LAR,NFL_P_00-0034804,OL,,UNKNOWN,DNP,Not injury related - resting player,2023-12-16,nflverse,,2026-09-07T05:49:16.123275+00:00,2023-12-16T00:00:00
NFL_LAR_00-0031388_2023W15_QUESTIONABLE_DNP,NFL,2023,15,2023_NFL_W15_WAS_LAR,NFL_LAR,NFL_P_00-0031388,DL,,QUESTIONABLE,DNP,Groin,2023-12-16,nflverse,,2026-09-07T05:49:16.123275+00:00,2023-12-16T00:00:00
NFL_LAR_00-0032242_2023W15_QUESTIONABLE_DNP,NFL,2023,15,2023_NFL_W15_WAS_LAR,NFL_LAR,NFL_P_00-0032242,OL,,QUESTIONABLE,DNP,Groin,2023-12-16,nflverse,,2026-09-07T05:49:16.123275+00:00,2023-12-16T00:00:00
NFL_LAR_00-0036849_2023W15_QUESTIONABLE_FP,NFL,2023,15,2023_NFL_W15_WAS_LAR,NFL_LAR,NFL_P_00-0036849,WR,,QUESTIONABLE,FP,Concussion,2023-12-16,nflverse,,2026-09-07T05:49:16.123275+00:00,2023-12-16T00:00:00
NFL_LAC_00-0036355_2023W15_NA_DNP,NFL,2023,15,2023_NFL_W15_LAC_LV,NFL_LAC,NFL_P_00-0036355,QB,,UNKNOWN,DNP,right Finger,2023-12-14,nflverse,,2026-09-07T05:49:16.123275+00:00,2023-12-14T00:00:00
NFL_LAC_00-0030279_2023W15_OUT_DNP,NFL,2023,15,2023_NFL_W15_LAC_LV,NFL_LAC,NFL_P_00-0030279,WR,,OUT,DNP,Heel,2023-12-14,nflverse,,2026-09-07T05:49:16.123275+00:00,2023-12-14T00:00:00
NFL_LAC_00-0037320_2023W15_OUT_DNP,NFL,2023,15,2023_NFL_W15_LAC_LV,NFL_LAC,NFL_P_00-0037320,CB,,OUT,DNP,Ankle,2023-12-14,nflverse,,2026-09-07T05:49:16.123275+00:00,2023-12-14T00:00:00
NFL_LAC_00-0037270_2023W15_QUESTIONABLE_FP,NFL,2023,15,2023_NFL_W15_LAC_LV,NFL_LAC,NFL_P_00-0037270,DL,,QUESTIONABLE,FP,Knee,2023-12-14,nflverse,,2026-09-07T05:49:16.123275+00:00,2023-12-14T00:00:00
NFL_LAC_00-0036716_2023W15_QUESTIONABLE_LP,NFL,2023,15,2023_NFL_W15_LAC_LV,NFL_LAC,NFL_P_00-0036716,LB,,QUESTIONABLE,LP,Hamstring,2023-12-14,nflverse,,2026-09-07T05:49:16.123275+00:00,2023-12-14T00:00:00
NFL_LAC_00-0035329_2023W15_QUESTIONABLE_LP,NFL,2023,15,2023_NFL_W15_LAC_LV,NFL_LAC,NFL_P_00-0035329,TE,,QUESTIONABLE,LP,Shoulder,2023-12-14,nflverse,,2026-09-07T05:49:16.123275+00:00,2023-12-14T00:00:00
NFL_LAC_00-0030500_2023W15_QUESTIONABLE_LP,NFL,2023,15,2023_NFL_W15_LAC_LV,NFL_LAC,NFL_P_00-0030500,DL,,QUESTIONABLE,LP,Shoulder,2023-12-14,nflverse,,2026-09-07T05:49:16.123275+00:00,2023-12-14T00:00:00
NFL_LV_00-0037383_2023W15_NA_DNP,NFL,2023,15,2023_NFL_W15_LAC_LV,NFL_LV,NFL_P_00-0037383,LB,,UNKNOWN,DNP,Knee,2023-12-14,nflverse,,2026-09-07T05:49:16.123275+00:00,2023-12-14T00:00:00
NFL_LV_00-0036375_2023W15_NA_LP,NFL,2023,15,2023_NFL_W15_LAC_LV,NFL_LV,NFL_P_00-0036375,CB,,UNKNOWN,LP,Wrist,2023-12-14,nflverse,,2026-09-07T05:49:16.123275+00:00,2023-12-14T00:00:00
NFL_LV_00-0035127_2023W15_OUT_DNP,NFL,2023,15,2023_NFL_W15_LAC_LV,NFL_LV,NFL_P_00-0035127,OL,,OUT,DNP,Ankle,2023-12-14,nflverse,,2026-09-07T05:49:16.123275+00:00,2023-12-14T00:00:00
NFL_LV_00-0034759_2023W15_OUT_DNP,NFL,2023,15,2023_NFL_W15_LAC_LV,NFL_LV,NFL_P_00-0034759,OL,,OUT,DNP,Shoulder,2023-12-14,nflverse,,2026-09-07T05:49:16.123275+00:00,2023-12-14T00:00:00
NFL_LV_00-0031381_2023W15_QUESTIONABLE_DNP,NFL,2023,15,2023_NFL_W15_LAC_LV,NFL_LV,NFL_P_00-0031381,WR,,QUESTIONABLE,DNP,Illness,2023-12-14,nflverse,,2026-09-07T05:49:16.123275+00:00,2023-12-14T00:00:00
NFL_LV_00-0035700_2023W15_QUESTIONABLE_DNP,NFL,2023,15,2023_NFL_W15_LAC_LV,NFL_LV,NFL_P_00-0035700,RB,,QUESTIONABLE,DNP,Quadricep,2023-12-14,nflverse,,2026-09-07T05:49:16.123275+00:00,2023-12-14T00:00:00
NFL_LV_00-0034545_2023W15_QUESTIONABLE_FP,NFL,2023,15,2023_NFL_W15_LAC_LV,NFL_LV,NFL_P_00-0034545,CB,,QUESTIONABLE,FP,Shin,2023-12-14,nflverse,,2026-09-07T05:49:16.123275+00:00,2023-12-14T00:00:00
NFL_LV_00-0033381_2023W15_QUESTIONABLE_LP,NFL,2023,15,2023_NFL_W15_LAC_LV,NFL_LV,NFL_P_00-0033381,DL,,QUESTIONABLE,LP,Ankle,2023-12-14,nflverse,,2026-09-07T05:49:16.123275+00:00,2023-12-14T00:00:00
NFL_LV_00-0034973_2023W15_QUESTIONABLE_LP,NFL,2023,15,2023_NFL_W15_LAC_LV,NFL_LV,NFL_P_00-0034973,EDGE,,QUESTIONABLE,LP,Knee,2023-12-14,nflverse,,2026-09-07T05:49:16.123275+00:00,2023-12-14T00:00:00
NFL_MIA_00-0031687_2023W15_NA_LP,NFL,2023,15,2023_NFL_W15_NYJ_MIA,NFL_MIA,NFL_P_00-0031687,RB,,UNKNOWN,LP,Knee,2023-12-16,nflverse,,2026-09-07T05:49:16.123275+00:00,2023-12-16T00:00:00
NFL_MIA_00-0034277_2023W15_OUT_DNP,NFL,2023,15,2023_NFL_W15_NYJ_MIA,NFL_MIA,NFL_P_00-0034277,S,,OUT,DNP,Concussion,2023-12-16,nflverse,,2026-09-07T05:49:16.123275+00:00,2023-12-16T00:00:00
NFL_MIA_00-0036325_2023W15_OUT_DNP,NFL,2023,15,2023_NFL_W15_NYJ_MIA,NFL_MIA,NFL_P_00-0036325,OL,,OUT,DNP,Hamstring,2023-12-16,nflverse,,2026-09-07T05:49:16.123275+00:00,2023-12-16T00:00:00
NFL_MIA_00-0033040_2023W15_QUESTIONABLE_DNP,NFL,2023,15,2023_NFL_W15_NYJ_MIA,NFL_MIA,NFL_P_00-0033040,WR,,QUESTIONABLE,DNP,Ankle,2023-12-16,nflverse,,2026-09-07T05:49:16.123275+00:00,2023-12-16T00:00:00
NFL_MIA_00-0039040_2023W15_QUESTIONABLE_LP,NFL,2023,15,2023_NFL_W15_NYJ_MIA,NFL_MIA,NFL_P_00-0039040,RB,,QUESTIONABLE,LP,Toe,2023-12-16,nflverse,,2026-09-07T05:49:16.123275+00:00,2023-12-16T00:00:00
NFL_MIA_00-0030067_2023W15_QUESTIONABLE_LP,NFL,2023,15,2023_NFL_W15_NYJ_MIA,NFL_MIA,NFL_P_00-0030067,OL,,QUESTIONABLE,LP,Knee,2023-12-16,nflverse,,2026-09-07T05:49:16.123275+00:00,2023-12-16T00:00:00
NFL_MIA_00-0038685_2023W15_QUESTIONABLE_LP,NFL,2023,15,2023_NFL_W15_NYJ_MIA,NFL_MIA,NFL_P_00-0038685,RB,,QUESTIONABLE,LP,Knee,2023-12-16,nflverse,,2026-09-07T05:49:16.123275+00:00,2023-12-16T00:00:00
NFL_MIA_00-0037010_2023W15_QUESTIONABLE_LP,NFL,2023,15,2023_NFL_W15_NYJ_MIA,NFL_MIA,NFL_P_00-0037010,OL,,QUESTIONABLE,LP,Calf,2023-12-16,nflverse,,2026-09-07T05:49:16.123275+00:00,2023-12-16T00:00:00
NFL_MIA_00-0036998_2023W15_QUESTIONABLE_LP,NFL,2023,15,2023_NFL_W15_NYJ_MIA,NFL_MIA,NFL_P_00-0036998,S,,QUESTIONABLE,LP,Knee,2023-12-16,nflverse,,2026-09-07T05:49:16.123275+00:00,2023-12-16T00:00:00
NFL_MIA_00-0033050_2023W15_QUESTIONABLE_LP,NFL,2023,15,2023_NFL_W15_NYJ_MIA,NFL_MIA,NFL_P_00-0033050,CB,,QUESTIONABLE,LP,Hip,2023-12-16,nflverse,,2026-09-07T05:49:16.123275+00:00,2023-12-16T00:00:00
NFL_MIA_00-0036248_2023W15_QUESTIONABLE_LP,NFL,2023,15,2023_NFL_W15_NYJ_MIA,NFL_MIA,NFL_P_00-0036248,OL,,QUESTIONABLE,LP,Oblique,2023-12-16,nflverse,,2026-09-07T05:49:16.123275+00:00,2023-12-16T00:00:00
NFL_MIA_00-0035272_2023W15_QUESTIONABLE_LP,NFL,2023,15,2023_NFL_W15_NYJ_MIA,NFL_MIA,NFL_P_00-0035272,LB,,QUESTIONABLE,LP,Oblique,2023-12-16,nflverse,,2026-09-07T05:49:16.123275+00:00,2023-12-16T00:00:00
NFL_MIN_00-0034972_2023W15_OUT_DNP,NFL,2023,15,2023_NFL_W15_MIN_CIN,NFL_MIN,NFL_P_00-0034972,RB,,OUT,DNP,Ankle,2023-12-15,nflverse,,2026-09-07T05:49:16.123275+00:00,2023-12-15T00:00:00
NFL_MIN_00-0037291_2023W15_OUT_DNP,NFL,2023,15,2023_NFL_W15_MIN_CIN,NFL_MIN,NFL_P_00-0037291,WR,,OUT,DNP,Concussion,2023-12-15,nflverse,,2026-09-07T05:49:16.123275+00:00,2023-12-15T00:00:00
NFL_MIN_00-0034158_2023W15_OUT_DNP,NFL,2023,15,2023_NFL_W15_MIN_CIN,NFL_MIN,NFL_P_00-0034158,OL,,OUT,DNP,Ankle,2023-12-15,nflverse,,2026-09-07T05:49:16.123275+00:00,2023-12-15T00:00:00
NFL_MIN_00-0036322_2023W15_QUESTIONABLE_FP,NFL,2023,15,2023_NFL_W15_MIN_CIN,NFL_MIN,NFL_P_00-0036322,WR,,QUESTIONABLE,FP,Chest,2023-12-15,nflverse,,2026-09-07T05:49:16.123275+00:00,2023-12-15T00:00:00
NFL_MIN_00-0031734_2023W15_QUESTIONABLE_LP,NFL,2023,15,2023_NFL_W15_MIN_CIN,NFL_MIN,NFL_P_00-0031734,OL,,QUESTIONABLE,LP,Illness,2023-12-15,nflverse,,2026-09-07T05:49:16.123275+00:00,2023-12-15T00:00:00
NFL_NE_00-0037205_2023W15_NA_DNP,NFL,2023,15,2023_NFL_W15_KC_NE,NFL_NE,NFL_P_00-0037205,S,,UNKNOWN,DNP,Illness,2023-12-16,nflverse,,2026-09-07T05:49:16.123275+00:00,2023-12-16T00:00:00
NFL_NE_00-0038608_2023W15_NA_LP,NFL,2023,15,2023_NFL_W15_KC_NE,NFL_NE,NFL_P_00-0038608,WR,,UNKNOWN,LP,Shoulder,2023-12-16,nflverse,,2026-09-07T05:49:16.123275+00:00,2023-12-16T00:00:00
NFL_NE_00-0038621_2023W15_NA_LP,NFL,2023,15,2023_NFL_W15_KC_NE,NFL_NE,NFL_P_00-0038621,WR,,UNKNOWN,LP,Concussion,2023-12-16,nflverse,,2026-09-07T05:49:16.123275+00:00,2023-12-16T00:00:00
NFL_NE_00-0036875_2023W15_OUT_DNP,NFL,2023,15,2023_NFL_W15_KC_NE,NFL_NE,NFL_P_00-0036875,RB,,OUT,DNP,Ankle,2023-12-16,nflverse,,2026-09-07T05:49:16.123275+00:00,2023-12-16T00:00:00
NFL_NE_00-0033439_2023W15_QUESTIONABLE_NA,NFL,2023,15,2023_NFL_W15_KC_NE,NFL_NE,NFL_P_00-0033439,TE,,QUESTIONABLE,,Foot,2023-12-16,nflverse,,2026-09-07T05:49:16.123275+00:00,2023-12-16T00:00:00
NFL_NE_00-0036981_2023W15_QUESTIONABLE_DNP,NFL,2023,15,2023_NFL_W15_KC_NE,NFL_NE,NFL_P_00-0036981,DL,,QUESTIONABLE,DNP,Shoulder,2023-12-16,nflverse,,2026-09-07T05:49:16.123275+00:00,2023-12-16T00:00:00
NFL_NE_00-0032071_2023W15_QUESTIONABLE_DNP,NFL,2023,15,2023_NFL_W15_KC_NE,NFL_NE,NFL_P_00-0032071,OL,,QUESTIONABLE,DNP,Ankle,2023-12-16,nflverse,,2026-09-07T05:49:16.123275+00:00,2023-12-16T00:00:00
NFL_NE_00-0034385_2023W15_QUESTIONABLE_LP,NFL,2023,15,2023_NFL_W15_KC_NE,NFL_NE,NFL_P_00-0034385,LB,,QUESTIONABLE,LP,Knee,2023-12-16,nflverse,,2026-09-07T05:49:16.123275+00:00,2023-12-16T00:00:00
NFL_NE_00-0031547_2023W15_QUESTIONABLE_LP,NFL,2023,15,2023_NFL_W15_KC_NE,NFL_NE,NFL_P_00-0031547,WR,,QUESTIONABLE,LP,Knee,2023-12-16,nflverse,,2026-09-07T05:49:16.123275+00:00,2023-12-16T00:00:00
NFL_NE_00-0026293_2023W15_QUESTIONABLE_LP,NFL,2023,15,2023_NFL_W15_KC_NE,NFL_NE,NFL_P_00-0026293,WR,,QUESTIONABLE,LP,Groin,2023-12-16,nflverse,,2026-09-07T05:49:16.123275+00:00,2023-12-16T00:00:00
NFL_NE_00-0033857_2023W15_QUESTIONABLE_LP,NFL,2023,15,2023_NFL_W15_KC_NE,NFL_NE,NFL_P_00-0033857,WR,,QUESTIONABLE,LP,Ankle,2023-12-16,nflverse,,2026-09-07T05:49:16.123275+00:00,2023-12-16T00:00:00
NFL_NE_00-0038104_2023W15_QUESTIONABLE_LP,NFL,2023,15,2023_NFL_W15_KC_NE,NFL_NE,NFL_P_00-0038104,WR,,QUESTIONABLE,LP,Hamstring,2023-12-16,nflverse,,2026-09-07T05:49:16.123275+00:00,2023-12-16T00:00:00
NFL_NO_00-0027696_2023W15_NA_LP,NFL,2023,15,2023_NFL_W15_NYG_NO,NFL_NO,NFL_P_00-0027696,TE,,UNKNOWN,LP,Not injury related - resting player,2023-12-16,nflverse,,2026-09-07T05:49:16.123275+00:00,2023-12-16T00:00:00
NFL_NO_00-0027962_2023W15_NA_LP,NFL,2023,15,2023_NFL_W15_NYG_NO,NFL_NO,NFL_P_00-0027962,EDGE,,UNKNOWN,LP,Ankle,2023-12-16,nflverse,,2026-09-07T05:49:16.123275+00:00,2023-12-16T00:00:00
NFL_NO_00-0037545_2023W15_NA_LP,NFL,2023,15,2023_NFL_W15_NYG_NO,NFL_NO,NFL_P_00-0037545,WR,,UNKNOWN,LP,Thigh,2023-12-16,nflverse,,2026-09-07T05:49:16.123275+00:00,2023-12-16T00:00:00
NFL_NO_00-0039143_2023W15_OUT_DNP,NFL,2023,15,2023_NFL_W15_NYG_NO,NFL_NO,NFL_P_00-0039143,EDGE,,OUT,DNP,Quadricep,2023-12-16,nflverse,,2026-09-07T05:49:16.123275+00:00,2023-12-16T00:00:00
NFL_NO_00-0038551_2023W15_OUT_DNP,NFL,2023,15,2023_NFL_W15_NYG_NO,NFL_NO,NFL_P_00-0038551,RB,,OUT,DNP,Ankle,2023-12-16,nflverse,,2026-09-07T05:49:16.123275+00:00,2023-12-16T00:00:00
NFL_NO_00-0036926_2023W15_OUT_LP,NFL,2023,15,2023_NFL_W15_NYG_NO,NFL_NO,NFL_P_00-0036926,EDGE,,OUT,LP,Toe,2023-12-16,nflverse,,2026-09-07T05:49:16.123275+00:00,2023-12-16T00:00:00
NFL_NO_00-0037239_2023W15_QUESTIONABLE_DNP,NFL,2023,15,2023_NFL_W15_NYG_NO,NFL_NO,NFL_P_00-0037239,WR,,QUESTIONABLE,DNP,Ankle,2023-12-16,nflverse,,2026-09-07T05:49:16.123275+00:00,2023-12-16T00:00:00
NFL_NO_00-0033888_2023W15_QUESTIONABLE_LP,NFL,2023,15,2023_NFL_W15_NYG_NO,NFL_NO,NFL_P_00-0033888,OL,,QUESTIONABLE,LP,Knee,2023-12-16,nflverse,,2026-09-07T05:49:16.123275+00:00,2023-12-16T00:00:00
NFL_NO_00-0033948_2023W15_QUESTIONABLE_LP,NFL,2023,15,2023_NFL_W15_NYG_NO,NFL_NO,NFL_P_00-0033948,RB,,QUESTIONABLE,LP,Groin,2023-12-16,nflverse,,2026-09-07T05:49:16.123275+00:00,2023-12-16T00:00:00
NFL_NYG_00-0036400_2023W15_NA_LP,NFL,2023,15,2023_NFL_W15_NYG_NO,NFL_NYG,NFL_P_00-0036400,LB,,UNKNOWN,LP,Hamstring,2023-12-16,nflverse,,2026-09-07T05:49:16.123275+00:00,2023-12-16T00:00:00
NFL_NYG_00-0037758_2023W15_NA_LP,NFL,2023,15,2023_NFL_W15_NYG_NO,NFL_NYG,NFL_P_00-0037758,CB,,UNKNOWN,LP,Shoulder,2023-12-16,nflverse,,2026-09-07T05:49:16.123275+00:00,2023-12-16T00:00:00
NFL_NYG_00-0038117_2023W15_NA_LP,NFL,2023,15,2023_NFL_W15_NYG_NO,NFL_NYG,NFL_P_00-0038117,WR,,UNKNOWN,LP,Quadricep,2023-12-16,nflverse,,2026-09-07T05:49:16.123275+00:00,2023-12-16T00:00:00
NFL_NYG_00-0032889_2023W15_NA_LP,NFL,2023,15,2023_NFL_W15_NYG_NO,NFL_NYG,NFL_P_00-0032889,DL,,UNKNOWN,LP,Hamstring,2023-12-16,nflverse,,2026-09-07T05:49:16.123275+00:00,2023-12-16T00:00:00
NFL_NYG_00-0036356_2023W15_NA_LP,NFL,2023,15,2023_NFL_W15_NYG_NO,NFL_NYG,NFL_P_00-0036356,LB,,UNKNOWN,LP,Ankle,2023-12-16,nflverse,,2026-09-07T05:49:16.123275+00:00,2023-12-16T00:00:00
NFL_NYG_00-0037612_2023W15_DOUBTFUL_LP,NFL,2023,15,2023_NFL_W15_NYG_NO,NFL_NYG,NFL_P_00-0037612,OL,,DOUBTFUL,LP,Ankle,2023-12-16,nflverse,,2026-09-07T05:49:16.123275+00:00,2023-12-16T00:00:00
NFL_NYG_00-0035683_2023W15_QUESTIONABLE_LP,NFL,2023,15,2023_NFL_W15_NYG_NO,NFL_NYG,NFL_P_00-0035683,DL,,QUESTIONABLE,LP,Hamstring,2023-12-16,nflverse,,2026-09-07T05:49:16.123275+00:00,2023-12-16T00:00:00
NFL_NYG_00-0030585_2023W15_QUESTIONABLE_LP,NFL,2023,15,2023_NFL_W15_NYG_NO,NFL_NYG,NFL_P_00-0030585,OL,,QUESTIONABLE,LP,Calf,2023-12-16,nflverse,,2026-09-07T05:49:16.123275+00:00,2023-12-16T00:00:00
NFL_NYG_00-0031610_2023W15_QUESTIONABLE_LP,NFL,2023,15,2023_NFL_W15_NYG_NO,NFL_NYG,NFL_P_00-0031610,TE,,QUESTIONABLE,LP,Hamstring,2023-12-16,nflverse,,2026-09-07T05:49:16.123275+00:00,2023-12-16T00:00:00
NFL_NYJ_00-0038399_2023W15_OUT_NA,NFL,2023,15,2023_NFL_W15_NYJ_MIA,NFL_NYJ,NFL_P_00-0038399,LB,,OUT,,Hamstring,2023-12-16,nflverse,,2026-09-07T05:49:16.123275+00:00,2023-12-16T00:00:00
NFL_NYJ_00-0038492_2023W15_OUT_DNP,NFL,2023,15,2023_NFL_W15_NYJ_MIA,NFL_NYJ,NFL_P_00-0038492,WR,,OUT,DNP,Ankle,2023-12-16,nflverse,,2026-09-07T05:49:16.123275+00:00,2023-12-16T00:00:00
NFL_NYJ_00-0023459_2023W15_OUT_LP,NFL,2023,15,2023_NFL_W15_NYJ_MIA,NFL_NYJ,NFL_P_00-0023459,QB,,OUT,LP,Achilles,2023-12-16,nflverse,,2026-09-07T05:49:16.123275+00:00,2023-12-16T00:00:00
NFL_NYJ_00-0039004_2023W15_DOUBTFUL_DNP,NFL,2023,15,2023_NFL_W15_NYJ_MIA,NFL_NYJ,NFL_P_00-0039004,OL,,DOUBTFUL,DNP,Hip,2023-12-16,nflverse,,2026-09-07T05:49:16.123275+00:00,2023-12-16T00:00:00
NFL_NYJ_00-0039142_2023W15_QUESTIONABLE_DNP,NFL,2023,15,2023_NFL_W15_NYJ_MIA,NFL_NYJ,NFL_P_00-0039142,EDGE,,QUESTIONABLE,DNP,Knee,2023-12-16,nflverse,,2026-09-07T05:49:16.123275+00:00,2023-12-16T00:00:00
NFL_NYJ_00-0034433_2023W15_QUESTIONABLE_FP,NFL,2023,15,2023_NFL_W15_NYJ_MIA,NFL_NYJ,NFL_P_00-0034433,RB,,QUESTIONABLE,FP,Knee,2023-12-16,nflverse,,2026-09-07T05:49:16.123275+00:00,2023-12-16T00:00:00
NFL_NYJ_00-0034805_2023W15_QUESTIONABLE_FP,NFL,2023,15,2023_NFL_W15_NYJ_MIA,NFL_NYJ,NFL_P_00-0034805,EDGE,,QUESTIONABLE,FP,Ankle,2023-12-16,nflverse,,2026-09-07T05:49:16.123275+00:00,2023-12-16T00:00:00
NFL_NYJ_00-0039145_2023W15_QUESTIONABLE_FP,NFL,2023,15,2023_NFL_W15_NYJ_MIA,NFL_NYJ,NFL_P_00-0039145,OL,,QUESTIONABLE,FP,Shoulder,2023-12-16,nflverse,,2026-09-07T05:49:16.123275+00:00,2023-12-16T00:00:00
NFL_NYJ_00-0038114_2023W15_QUESTIONABLE_LP,NFL,2023,15,2023_NFL_W15_NYJ_MIA,NFL_NYJ,NFL_P_00-0038114,OL,,QUESTIONABLE,LP,Neck,2023-12-16,nflverse,,2026-09-07T05:49:16.123275+00:00,2023-12-16T00:00:00
NFL_PHI_00-0036389_2023W15_NA_DNP,NFL,2023,15,2023_NFL_W15_PHI_SEA,NFL_PHI,NFL_P_00-0036389,QB,,UNKNOWN,DNP,Illness,2023-12-18,nflverse,,2026-09-07T05:49:16.123275+00:00,2023-12-18T00:00:00
NFL_PHI_00-0034381_2023W15_NA_DNP,NFL,2023,15,2023_NFL_W15_PHI_SEA,NFL_PHI,NFL_P_00-0034381,EDGE,,UNKNOWN,DNP,Not injury related - personal matter,2023-12-18,nflverse,,2026-09-07T05:49:16.123275+00:00,2023-12-18T00:00:00
NFL_PHI_00-0033547_2023W15_OUT_DNP,NFL,2023,15,2023_NFL_W15_PHI_SEA,NFL_PHI,NFL_P_00-0033547,LB,,OUT,DNP,Knee,2023-12-18,nflverse,,2026-09-07T05:49:16.123275+00:00,2023-12-18T00:00:00
NFL_PHI_00-0038112_2023W15_OUT_DNP,NFL,2023,15,2023_NFL_W15_PHI_SEA,NFL_PHI,NFL_P_00-0038112,OL,,OUT,DNP,Pectoral,2023-12-18,nflverse,,2026-09-07T05:49:16.123275+00:00,2023-12-18T00:00:00
NFL_PHI_00-0030062_2023W15_OUT_DNP,NFL,2023,15,2023_NFL_W15_PHI_SEA,NFL_PHI,NFL_P_00-0030062,CB,,OUT,DNP,Knee,2023-12-18,nflverse,,2026-09-07T05:49:16.123275+00:00,2023-12-18T00:00:00
NFL_PIT_00-0038102_2023W15_OUT_DNP,NFL,2023,15,2023_NFL_W15_PIT_IND,NFL_PIT,NFL_P_00-0038102,QB,,OUT,DNP,Ankle,2023-12-15,nflverse,,2026-09-07T05:49:16.123275+00:00,2023-12-15T00:00:00
NFL_PIT_00-0032954_2023W15_QUESTIONABLE_DNP,NFL,2023,15,2023_NFL_W15_PIT_IND,NFL_PIT,NFL_P_00-0032954,OL,,QUESTIONABLE,DNP,Shoulder,2023-12-15,nflverse,,2026-09-07T05:49:16.123275+00:00,2023-12-15T00:00:00
NFL_SEA_00-0022531_2023W15_NA_DNP,NFL,2023,15,2023_NFL_W15_PHI_SEA,NFL_SEA,NFL_P_00-0022531,OL,,UNKNOWN,DNP,Not injury related - personal matter,2023-12-18,nflverse,,2026-09-07T05:49:16.123275+00:00,2023-12-18T00:00:00
NFL_SEA_00-0033872_2023W15_QUESTIONABLE_DNP,NFL,2023,15,2023_NFL_W15_PHI_SEA,NFL_SEA,NFL_P_00-0033872,S,,QUESTIONABLE,DNP,Knee,2023-12-18,nflverse,,2026-09-07T05:49:16.123275+00:00,2023-12-18T00:00:00
NFL_SEA_00-0028292_2023W15_QUESTIONABLE_DNP,NFL,2023,15,2023_NFL_W15_PHI_SEA,NFL_SEA,NFL_P_00-0028292,LB,,QUESTIONABLE,DNP,Knee,2023-12-18,nflverse,,2026-09-07T05:49:16.123275+00:00,2023-12-18T00:00:00
NFL_SEA_00-0036620_2023W15_QUESTIONABLE_DNP,NFL,2023,15,2023_NFL_W15_PHI_SEA,NFL_SEA,NFL_P_00-0036620,WR,,QUESTIONABLE,DNP,Ribs,2023-12-18,nflverse,,2026-09-07T05:49:16.123275+00:00,2023-12-18T00:00:00
NFL_SEA_00-0039169_2023W15_QUESTIONABLE_DNP,NFL,2023,15,2023_NFL_W15_PHI_SEA,NFL_SEA,NFL_P_00-0039169,CB,,QUESTIONABLE,DNP,Hip,2023-12-18,nflverse,,2026-09-07T05:49:16.123275+00:00,2023-12-18T00:00:00
NFL_SEA_00-0030565_2023W15_QUESTIONABLE_LP,NFL,2023,15,2023_NFL_W15_PHI_SEA,NFL_SEA,NFL_P_00-0030565,QB,,QUESTIONABLE,LP,Groin,2023-12-18,nflverse,,2026-09-07T05:49:16.123275+00:00,2023-12-18T00:00:00
NFL_SF_00-0037008_2023W15_NA_DNP,NFL,2023,15,2023_NFL_W15_SF_ARI,NFL_SF,NFL_P_00-0037008,CB,,UNKNOWN,DNP,Not injury related - personal matter,2023-12-16,nflverse,,2026-09-07T05:49:16.123275+00:00,2023-12-16T00:00:00
NFL_SF_00-0027857_2023W15_NA_DNP,NFL,2023,15,2023_NFL_W15_SF_ARI,NFL_SF,NFL_P_00-0027857,OL,,UNKNOWN,DNP,Not injury related - resting player,2023-12-16,nflverse,,2026-09-07T05:49:16.123275+00:00,2023-12-16T00:00:00
NFL_SF_00-0032164_2023W15_OUT_DNP,NFL,2023,15,2023_NFL_W15_SF_ARI,NFL_SF,NFL_P_00-0032164,DL,,OUT,DNP,Foot,2023-12-16,nflverse,,2026-09-07T05:49:16.123275+00:00,2023-12-16T00:00:00
NFL_SF_00-0034754_2023W15_OUT_DNP,NFL,2023,15,2023_NFL_W15_SF_ARI,NFL_SF,NFL_P_00-0034754,LB,,OUT,DNP,Knee,2023-12-16,nflverse,,2026-09-07T05:49:16.123275+00:00,2023-12-16T00:00:00
NFL_SF_00-0034073_2023W15_OUT_DNP,NFL,2023,15,2023_NFL_W15_SF_ARI,NFL_SF,NFL_P_00-0034073,TE,,OUT,DNP,Ankle,2023-12-16,nflverse,,2026-09-07T05:49:16.123275+00:00,2023-12-16T00:00:00
NFL_SF_00-0033109_2023W15_OUT_DNP,NFL,2023,15,2023_NFL_W15_SF_ARI,NFL_SF,NFL_P_00-0033109,DL,,OUT,DNP,Hamstring,2023-12-16,nflverse,,2026-09-07T05:49:16.123275+00:00,2023-12-16T00:00:00
NFL_SF_00-0036567_2023W15_OUT_DNP,NFL,2023,15,2023_NFL_W15_SF_ARI,NFL_SF,NFL_P_00-0036567,RB,,OUT,DNP,Knee,2023-12-16,nflverse,,2026-09-07T05:49:16.123275+00:00,2023-12-16T00:00:00
NFL_SF_00-0036551_2023W15_QUESTIONABLE_LP,NFL,2023,15,2023_NFL_W15_SF_ARI,NFL_SF,NFL_P_00-0036551,OL,,QUESTIONABLE,LP,Hip,2023-12-16,nflverse,,2026-09-07T05:49:16.123275+00:00,2023-12-16T00:00:00
NFL_SF_00-0037829_2023W15_QUESTIONABLE_LP,NFL,2023,15,2023_NFL_W15_SF_ARI,NFL_SF,NFL_P_00-0037829,OL,,QUESTIONABLE,LP,Knee,2023-12-16,nflverse,,2026-09-07T05:49:16.123275+00:00,2023-12-16T00:00:00
NFL_SF_00-0034982_2023W15_QUESTIONABLE_LP,NFL,2023,15,2023_NFL_W15_SF_ARI,NFL_SF,NFL_P_00-0034982,LB,,QUESTIONABLE,LP,Hip,2023-12-16,nflverse,,2026-09-07T05:49:16.123275+00:00,2023-12-16T00:00:00
NFL_SF_00-0034573_2023W15_QUESTIONABLE_LP,NFL,2023,15,2023_NFL_W15_SF_ARI,NFL_SF,NFL_P_00-0034573,CB,,QUESTIONABLE,LP,Groin,2023-12-16,nflverse,,2026-09-07T05:49:16.123275+00:00,2023-12-16T00:00:00
NFL_TB_00-0034778_2023W15_OUT_DNP,NFL,2023,15,2023_NFL_W15_TB_GB,NFL_TB,NFL_P_00-0034778,CB,,OUT,DNP,Groin,2023-12-16,nflverse,,2026-09-07T05:49:16.123275+00:00,2023-12-16T00:00:00
NFL_TB_00-0030386_2023W15_OUT_DNP,NFL,2023,15,2023_NFL_W15_TB_GB,NFL_TB,NFL_P_00-0030386,EDGE,,OUT,DNP,Knee,2023-12-16,nflverse,,2026-09-07T05:49:16.123275+00:00,2023-12-16T00:00:00
NFL_TB_00-0034527_2023W15_DOUBTFUL_DNP,NFL,2023,15,2023_NFL_W15_TB_GB,NFL_TB,NFL_P_00-0034527,S,,DOUBTFUL,DNP,Back,2023-12-16,nflverse,,2026-09-07T05:49:16.123275+00:00,2023-12-16T00:00:00
NFL_TB_00-0034773_2023W15_DOUBTFUL_DNP,NFL,2023,15,2023_NFL_W15_TB_GB,NFL_TB,NFL_P_00-0034773,DL,,DOUBTFUL,DNP,Toe,2023-12-16,nflverse,,2026-09-07T05:49:16.123275+00:00,2023-12-16T00:00:00
NFL_TB_00-0035699_2023W15_QUESTIONABLE_FP,NFL,2023,15,2023_NFL_W15_TB_GB,NFL_TB,NFL_P_00-0035699,CB,,QUESTIONABLE,FP,Ankle,2023-12-16,nflverse,,2026-09-07T05:49:16.123275+00:00,2023-12-16T00:00:00
NFL_TB_00-0033921_2023W15_QUESTIONABLE_FP,NFL,2023,15,2023_NFL_W15_TB_GB,NFL_TB,NFL_P_00-0033921,WR,,QUESTIONABLE,FP,Knee,2023-12-16,nflverse,,2026-09-07T05:49:16.123275+00:00,2023-12-16T00:00:00
NFL_TB_00-0033196_2023W15_QUESTIONABLE_FP,NFL,2023,15,2023_NFL_W15_TB_GB,NFL_TB,NFL_P_00-0033196,LS,,QUESTIONABLE,FP,Elbow,2023-12-16,nflverse,,2026-09-07T05:49:16.123275+00:00,2023-12-16T00:00:00
NFL_TB_00-0035707_2023W15_QUESTIONABLE_FP,NFL,2023,15,2023_NFL_W15_TB_GB,NFL_TB,NFL_P_00-0035707,LB,,QUESTIONABLE,FP,Foot,2023-12-16,nflverse,,2026-09-07T05:49:16.123275+00:00,2023-12-16T00:00:00
NFL_TEN_00-0036171_2023W15_NA_LP,NFL,2023,15,2023_NFL_W15_HOU_TEN,NFL_TEN,NFL_P_00-0036171,EDGE,,UNKNOWN,LP,Neck,2023-12-16,nflverse,,2026-09-07T05:49:16.123275+00:00,2023-12-16T00:00:00
NFL_TEN_00-0038848_2023W15_NA_LP,NFL,2023,15,2023_NFL_W15_HOU_TEN,NFL_TEN,NFL_P_00-0038848,CB,,UNKNOWN,LP,Knee,2023-12-16,nflverse,,2026-09-07T05:49:16.123275+00:00,2023-12-16T00:00:00
NFL_TEN_00-0035239_2023W15_NA_LP,NFL,2023,15,2023_NFL_W15_HOU_TEN,NFL_TEN,NFL_P_00-0035239,CB,,UNKNOWN,LP,Knee,2023-12-16,nflverse,,2026-09-07T05:49:16.123275+00:00,2023-12-16T00:00:00
NFL_TEN_00-0037809_2023W15_NA_LP,NFL,2023,15,2023_NFL_W15_HOU_TEN,NFL_TEN,NFL_P_00-0037809,TE,,UNKNOWN,LP,Ribs,2023-12-16,nflverse,,2026-09-07T05:49:16.123275+00:00,2023-12-16T00:00:00
NFL_TEN_00-0037273_2023W15_OUT_DNP,NFL,2023,15,2023_NFL_W15_HOU_TEN,NFL_TEN,NFL_P_00-0037273,WR,,OUT,DNP,Hamstring,2023-12-16,nflverse,,2026-09-07T05:49:16.123275+00:00,2023-12-16T00:00:00
NFL_TEN_00-0035643_2023W15_OUT_DNP,NFL,2023,15,2023_NFL_W15_HOU_TEN,NFL_TEN,NFL_P_00-0035643,DL,,OUT,DNP,Knee,2023-12-16,nflverse,,2026-09-07T05:49:16.123275+00:00,2023-12-16T00:00:00
NFL_TEN_00-0036181_2023W15_OUT_DNP,NFL,2023,15,2023_NFL_W15_HOU_TEN,NFL_TEN,NFL_P_00-0036181,DL,,OUT,DNP,Not injury related - personal matter,2023-12-16,nflverse,,2026-09-07T05:49:16.123275+00:00,2023-12-16T00:00:00
NFL_TEN_00-0038589_2023W15_OUT_DNP,NFL,2023,15,2023_NFL_W15_HOU_TEN,NFL_TEN,NFL_P_00-0038589,TE,,OUT,DNP,Knee,2023-12-16,nflverse,,2026-09-07T05:49:16.123275+00:00,2023-12-16T00:00:00
NFL_TEN_00-0031254_2023W15_QUESTIONABLE_DNP,NFL,2023,15,2023_NFL_W15_HOU_TEN,NFL_TEN,NFL_P_00-0031254,EDGE,,QUESTIONABLE,DNP,Knee,2023-12-16,nflverse,,2026-09-07T05:49:16.123275+00:00,2023-12-16T00:00:00
NFL_TEN_00-0036182_2023W15_QUESTIONABLE_DNP,NFL,2023,15,2023_NFL_W15_HOU_TEN,NFL_TEN,NFL_P_00-0036182,WR,,QUESTIONABLE,DNP,Illness,2023-12-16,nflverse,,2026-09-07T05:49:16.123275+00:00,2023-12-16T00:00:00
NFL_TEN_00-0033221_2023W15_QUESTIONABLE_LP,NFL,2023,15,2023_NFL_W15_HOU_TEN,NFL_TEN,NFL_P_00-0033221,OL,,QUESTIONABLE,LP,Illness,2023-12-16,nflverse,,2026-09-07T05:49:16.123275+00:00,2023-12-16T00:00:00
NFL_TEN_00-0037596_2023W15_QUESTIONABLE_LP,NFL,2023,15,2023_NFL_W15_HOU_TEN,NFL_TEN,NFL_P_00-0037596,LB,,QUESTIONABLE,LP,Back,2023-12-16,nflverse,,2026-09-07T05:49:16.123275+00:00,2023-12-16T00:00:00
NFL_TEN_00-0036395_2023W15_QUESTIONABLE_LP,NFL,2023,15,2023_NFL_W15_HOU_TEN,NFL_TEN,NFL_P_00-0036395,S,,QUESTIONABLE,LP,Quadricep,2023-12-16,nflverse,,2026-09-07T05:49:16.123275+00:00,2023-12-16T00:00:00
NFL_WAS_00-0036614_2023W15_NA_DNP,NFL,2023,15,2023_NFL_W15_WAS_LAR,NFL_WAS,NFL_P_00-0036614,LB,,UNKNOWN,DNP,Shoulder,2023-12-16,nflverse,,2026-09-07T05:49:16.123275+00:00,2023-12-16T00:00:00
NFL_WAS_00-0037164_2023W15_OUT_DNP,NFL,2023,15,2023_NFL_W15_WAS_LAR,NFL_WAS,NFL_P_00-0037164,TE,,OUT,DNP,Back,2023-12-16,nflverse,,2026-09-07T05:49:16.123275+00:00,2023-12-16T00:00:00
NFL_WAS_00-0037746_2023W15_OUT_DNP,NFL,2023,15,2023_NFL_W15_WAS_LAR,NFL_WAS,NFL_P_00-0037746,RB,,OUT,DNP,Hamstring,2023-12-16,nflverse,,2026-09-07T05:49:16.123275+00:00,2023-12-16T00:00:00
NFL_WAS_00-0036351_2023W15_OUT_DNP,NFL,2023,15,2023_NFL_W15_WAS_LAR,NFL_WAS,NFL_P_00-0036351,EDGE,,OUT,DNP,Hamstring,2023-12-16,nflverse,,2026-09-07T05:49:16.123275+00:00,2023-12-16T00:00:00
NFL_ARI_00-0038456_2023W16_NA_DNP,NFL,2023,16,2023_NFL_W16_ARI_CHI,NFL_ARI,NFL_P_00-0038456,TE,,UNKNOWN,DNP,not injury related - travel,2023-12-23,nflverse,,2026-09-07T05:49:16.123275+00:00,2023-12-23T00:00:00
NFL_ARI_00-0035662_2023W16_OUT_DNP,NFL,2023,16,2023_NFL_W16_ARI_CHI,NFL_ARI,NFL_P_00-0035662,WR,,OUT,DNP,Heel,2023-12-23,nflverse,,2026-09-07T05:49:16.123275+00:00,2023-12-23T00:00:00
NFL_ARI_00-0039007_2023W16_OUT_DNP,NFL,2023,16,2023_NFL_W16_ARI_CHI,NFL_ARI,NFL_P_00-0039007,CB,,OUT,DNP,Knee,2023-12-23,nflverse,,2026-09-07T05:49:16.123275+00:00,2023-12-23T00:00:00
NFL_ARI_00-0036011_2023W16_OUT_LP,NFL,2023,16,2023_NFL_W16_ARI_CHI,NFL_ARI,NFL_P_00-0036011,CB,,OUT,LP,Quadricep,2023-12-23,nflverse,,2026-09-07T05:49:16.123275+00:00,2023-12-23T00:00:00
NFL_ARI_00-0034623_2023W16_QUESTIONABLE_LP,NFL,2023,16,2023_NFL_W16_ARI_CHI,NFL_ARI,NFL_P_00-0034623,S,,QUESTIONABLE,LP,Shoulder,2023-12-23,nflverse,,2026-09-07T05:49:16.123275+00:00,2023-12-23T00:00:00
NFL_ARI_00-0036896_2023W16_QUESTIONABLE_LP,NFL,2023,16,2023_NFL_W16_ARI_CHI,NFL_ARI,NFL_P_00-0036896,LB,,QUESTIONABLE,LP,Foot,2023-12-23,nflverse,,2026-09-07T05:49:16.123275+00:00,2023-12-23T00:00:00
NFL_ARI_00-0035500_2023W16_QUESTIONABLE_LP,NFL,2023,16,2023_NFL_W16_ARI_CHI,NFL_ARI,NFL_P_00-0035500,WR,,QUESTIONABLE,LP,Shoulder,2023-12-23,nflverse,,2026-09-07T05:49:16.123275+00:00,2023-12-23T00:00:00
NFL_ARI_00-0032933_2023W16_QUESTIONABLE_LP,NFL,2023,16,2023_NFL_W16_ARI_CHI,NFL_ARI,NFL_P_00-0032933,CB,,QUESTIONABLE,LP,Calf,2023-12-23,nflverse,,2026-09-07T05:49:16.123275+00:00,2023-12-23T00:00:00
NFL_ATL_00-0030578_2023W16_NA_DNP,NFL,2023,16,2023_NFL_W16_IND_ATL,NFL_ATL,NFL_P_00-0030578,RB,,UNKNOWN,DNP,Not injury related - resting player,2023-12-23,nflverse,,2026-09-07T05:49:16.123275+00:00,2023-12-23T00:00:00
NFL_ATL_00-0032065_2023W16_NA_DNP,NFL,2023,16,2023_NFL_W16_IND_ATL,NFL_ATL,NFL_P_00-0032065,P,,UNKNOWN,DNP,Not injury related - personal matter,2023-12-23,nflverse,,2026-09-07T05:49:16.123275+00:00,2023-12-23T00:00:00
NFL_ATL_00-0030968_2023W16_DOUBTFUL_DNP,NFL,2023,16,2023_NFL_W16_IND_ATL,NFL_ATL,NFL_P_00-0030968,RB,,DOUBTFUL,DNP,Ankle,2023-12-23,nflverse,,2026-09-07T05:49:16.123275+00:00,2023-12-23T00:00:00
NFL_ATL_00-0032146_2023W16_QUESTIONABLE_LP,NFL,2023,16,2023_NFL_W16_IND_ATL,NFL_ATL,NFL_P_00-0032146,LB,,QUESTIONABLE,LP,Back,2023-12-23,nflverse,,2026-09-07T05:49:16.123275+00:00,2023-12-23T00:00:00
NFL_ATL_00-0035235_2023W16_QUESTIONABLE_LP,NFL,2023,16,2023_NFL_W16_IND_ATL,NFL_ATL,NFL_P_00-0035235,OL,,QUESTIONABLE,LP,Knee,2023-12-23,nflverse,,2026-09-07T05:49:16.123275+00:00,2023-12-23T00:00:00
NFL_ATL_00-0033051_2023W16_QUESTIONABLE_LP,NFL,2023,16,2023_NFL_W16_IND_ATL,NFL_ATL,NFL_P_00-0033051,DL,,QUESTIONABLE,LP,Ankle,2023-12-23,nflverse,,2026-09-07T05:49:16.123275+00:00,2023-12-23T00:00:00
NFL_BAL_00-0038119_2023W16_OUT_DNP,NFL,2023,16,2023_NFL_W16_BAL_SF,NFL_BAL,NFL_P_00-0038119,CB,,OUT,DNP,Concussion,2023-12-25,nflverse,,2026-09-07T05:49:16.123275+00:00,2023-12-25T00:00:00
NFL_BAL_00-0033503_2023W16_OUT_DNP,NFL,2023,16,2023_NFL_W16_BAL_SF,NFL_BAL,NFL_P_00-0033503,CB,,OUT,DNP,Knee,2023-12-25,nflverse,,2026-09-07T05:49:16.123275+00:00,2023-12-25T00:00:00
NFL_BAL_00-0039064_2023W16_QUESTIONABLE_FP,NFL,2023,16,2023_NFL_W16_BAL_SF,NFL_BAL,NFL_P_00-0039064,WR,,QUESTIONABLE,FP,Foot,2023-12-25,nflverse,,2026-09-07T05:49:16.123275+00:00,2023-12-25T00:00:00
NFL_BAL_00-0038448_2023W16_QUESTIONABLE_FP,NFL,2023,16,2023_NFL_W16_BAL_SF,NFL_BAL,NFL_P_00-0038448,LB,,QUESTIONABLE,FP,Ankle,2023-12-25,nflverse,,2026-09-07T05:49:16.123275+00:00,2023-12-25T00:00:00
NFL_BUF_00-0031557_2023W16_NA_DNP,NFL,2023,16,2023_NFL_W16_BUF_LAC,NFL_BUF,NFL_P_00-0031557,DL,,UNKNOWN,DNP,Wrist,2023-12-23,nflverse,,2026-09-07T05:49:16.123275+00:00,2023-12-23T00:00:00
NFL_BUF_00-0033072_2023W16_NA_LP,NFL,2023,16,2023_NFL_W16_BUF_LAC,NFL_BUF,NFL_P_00-0033072,EDGE,,UNKNOWN,LP,Wrist,2023-12-23,nflverse,,2026-09-07T05:49:16.123275+00:00,2023-12-23T00:00:00
NFL_BUF_00-0038933_2023W16_NA_LP,NFL,2023,16,2023_NFL_W16_BUF_LAC,NFL_BUF,NFL_P_00-0038933,TE,,UNKNOWN,LP,Shoulder,2023-12-23,nflverse,,2026-09-07T05:49:16.123275+00:00,2023-12-23T00:00:00
NFL_BUF_00-0038590_2023W16_OUT_FP,NFL,2023,16,2023_NFL_W16_BUF_LAC,NFL_BUF,NFL_P_00-0038590,WR,,OUT,FP,Hamstring,2023-12-23,nflverse,,2026-09-07T05:49:16.123275+00:00,2023-12-23T00:00:00
NFL_BUF_00-0030090_2023W16_OUT_LP,NFL,2023,16,2023_NFL_W16_BUF_LAC,NFL_BUF,NFL_P_00-0030090,S,,OUT,LP,Neck,2023-12-23,nflverse,,2026-09-07T05:49:16.123275+00:00,2023-12-23T00:00:00
NFL_BUF_00-0037242_2023W16_QUESTIONABLE_FP,NFL,2023,16,2023_NFL_W16_BUF_LAC,NFL_BUF,NFL_P_00-0037242,CB,,QUESTIONABLE,FP,Ankle,2023-12-23,nflverse,,2026-09-07T05:49:16.123275+00:00,2023-12-23T00:00:00
NFL_BUF_00-0036192_2023W16_QUESTIONABLE_LP,NFL,2023,16,2023_NFL_W16_BUF_LAC,NFL_BUF,NFL_P_00-0036192,EDGE,,QUESTIONABLE,LP,Rib,2023-12-23,nflverse,,2026-09-07T05:49:16.123275+00:00,2023-12-23T00:00:00
NFL_BUF_00-0035537_2023W16_QUESTIONABLE_LP,NFL,2023,16,2023_NFL_W16_BUF_LAC,NFL_BUF,NFL_P_00-0035537,RB,,QUESTIONABLE,LP,Shoulder,2023-12-23,nflverse,,2026-09-07T05:49:16.123275+00:00,2023-12-23T00:00:00
NFL_BUF_00-0031054_2023W16_QUESTIONABLE_LP,NFL,2023,16,2023_NFL_W16_BUF_LAC,NFL_BUF,NFL_P_00-0031054,DL,,QUESTIONABLE,LP,Pectoral,2023-12-23,nflverse,,2026-09-07T05:49:16.123275+00:00,2023-12-23T00:00:00
NFL_CAR_00-0031785_2023W16_NA_DNP,NFL,2023,16,2023_NFL_W16_GB_CAR,NFL_CAR,NFL_P_00-0031785,CB,,UNKNOWN,DNP,Not injury related - resting player,2023-12-23,nflverse,,2026-09-07T05:49:16.123275+00:00,2023-12-23T00:00:00
NFL_CAR_00-0033946_2023W16_NA_LP,NFL,2023,16,2023_NFL_W16_GB_CAR,NFL_CAR,NFL_P_00-0033946,OL,,UNKNOWN,LP,Illness,2023-12-23,nflverse,,2026-09-07T05:49:16.123275+00:00,2023-12-23T00:00:00
NFL_CAR_00-0030035_2023W16_NA_LP,NFL,2023,16,2023_NFL_W16_GB_CAR,NFL_CAR,NFL_P_00-0030035,WR,,UNKNOWN,LP,Not injury related - resting player,2023-12-23,nflverse,,2026-09-07T05:49:16.123275+00:00,2023-12-23T00:00:00
NFL_CAR_00-0037005_2023W16_NA_LP,NFL,2023,16,2023_NFL_W16_GB_CAR,NFL_CAR,NFL_P_00-0037005,TE,,UNKNOWN,LP,Illness,2023-12-23,nflverse,,2026-09-07T05:49:16.123275+00:00,2023-12-23T00:00:00
NFL_CAR_00-0038493_2023W16_QUESTIONABLE_FP,NFL,2023,16,2023_NFL_W16_GB_CAR,NFL_CAR,NFL_P_00-0038493,LB,,QUESTIONABLE,FP,Knee,2023-12-23,nflverse,,2026-09-07T05:49:16.123275+00:00,2023-12-23T00:00:00
NFL_CAR_00-0034365_2023W16_QUESTIONABLE_FP,NFL,2023,16,2023_NFL_W16_GB_CAR,NFL_CAR,NFL_P_00-0034365,TE,,QUESTIONABLE,FP,Ankle,2023-12-23,nflverse,,2026-09-07T05:49:16.123275+00:00,2023-12-23T00:00:00
NFL_CAR_00-0036037_2023W16_QUESTIONABLE_LP,NFL,2023,16,2023_NFL_W16_GB_CAR,NFL_CAR,NFL_P_00-0036037,S,,QUESTIONABLE,LP,Quadricep,2023-12-23,nflverse,,2026-09-07T05:49:16.123275+00:00,2023-12-23T00:00:00
NFL_CHI_00-0024243_2023W16_NA_DNP,NFL,2023,16,2023_NFL_W16_ARI_CHI,NFL_CHI,NFL_P_00-0024243,TE,,UNKNOWN,DNP,Not injury related - resting player,2023-12-23,nflverse,,2026-09-07T05:49:16.123275+00:00,2023-12-23T00:00:00
NFL_CHI_00-0036953_2023W16_OUT_DNP,NFL,2023,16,2023_NFL_W16_ARI_CHI,NFL_CHI,NFL_P_00-0036953,OL,,OUT,DNP,Concussion,2023-12-23,nflverse,,2026-09-07T05:49:16.123275+00:00,2023-12-23T00:00:00
NFL_CHI_00-0038390_2023W16_OUT_DNP,NFL,2023,16,2023_NFL_W16_ARI_CHI,NFL_CHI,NFL_P_00-0038390,LB,,OUT,DNP,Knee,2023-12-23,nflverse,,2026-09-07T05:49:16.123275+00:00,2023-12-23T00:00:00
NFL_CHI_00-0034279_2023W16_OUT_DNP,NFL,2023,16,2023_NFL_W16_ARI_CHI,NFL_CHI,NFL_P_00-0034279,WR,,OUT,DNP,Pectoral,2023-12-23,nflverse,,2026-09-07T05:49:16.123275+00:00,2023-12-23T00:00:00
NFL_CHI_00-0033925_2023W16_QUESTIONABLE_LP,NFL,2023,16,2023_NFL_W16_ARI_CHI,NFL_CHI,NFL_P_00-0033925,RB,,QUESTIONABLE,LP,Not injury related - personal matter,2023-12-23,nflverse,,2026-09-07T05:49:16.123275+00:00,2023-12-23T00:00:00
NFL_CHI_00-0035594_2023W16_QUESTIONABLE_LP,NFL,2023,16,2023_NFL_W16_ARI_CHI,NFL_CHI,NFL_P_00-0035594,RB,,QUESTIONABLE,LP,Hamstring,2023-12-23,nflverse,,2026-09-07T05:49:16.123275+00:00,2023-12-23T00:00:00
NFL_CHI_00-0036290_2023W16_QUESTIONABLE_LP,NFL,2023,16,2023_NFL_W16_ARI_CHI,NFL_CHI,NFL_P_00-0036290,TE,,QUESTIONABLE,LP,Quadricep,2023-12-23,nflverse,,2026-09-07T05:49:16.123275+00:00,2023-12-23T00:00:00
NFL_CIN_00-0036900_2023W16_OUT_DNP,NFL,2023,16,2023_NFL_W16_CIN_PIT,NFL_CIN,NFL_P_00-0036900,WR,,OUT,DNP,Shoulder,2023-12-22,nflverse,,2026-09-07T05:49:16.123275+00:00,2023-12-22T00:00:00
NFL_CLE_00-0034424_2023W16_NA_DNP,NFL,2023,16,2023_NFL_W16_CLE_HOU,NFL_CLE,NFL_P_00-0034424,LB,,UNKNOWN,DNP,Not injury related - personal matter,2023-12-23,nflverse,,2026-09-07T05:49:16.123275+00:00,2023-12-23T00:00:00
NFL_CLE_00-0031544_2023W16_NA_DNP,NFL,2023,16,2023_NFL_W16_CLE_HOU,NFL_CLE,NFL_P_00-0031544,WR,,UNKNOWN,DNP,Not injury related - resting player,2023-12-23,nflverse,,2026-09-07T05:49:16.123275+00:00,2023-12-23T00:00:00
NFL_CLE_00-0031576_2023W16_NA_DNP,NFL,2023,16,2023_NFL_W16_CLE_HOU,NFL_CLE,NFL_P_00-0031576,EDGE,,UNKNOWN,DNP,Not injury related - personal matter,2023-12-23,nflverse,,2026-09-07T05:49:16.123275+00:00,2023-12-23T00:00:00
NFL_CLE_00-0034817_2023W16_NA_LP,NFL,2023,16,2023_NFL_W16_CLE_HOU,NFL_CLE,NFL_P_00-0034817,OL,,UNKNOWN,LP,Shoulder,2023-12-23,nflverse,,2026-09-07T05:49:16.123275+00:00,2023-12-23T00:00:00
NFL_CLE_00-0034399_2023W16_NA_LP,NFL,2023,16,2023_NFL_W16_CLE_HOU,NFL_CLE,NFL_P_00-0034399,OL,,UNKNOWN,LP,Not injury related - resting player,2023-12-23,nflverse,,2026-09-07T05:49:16.123275+00:00,2023-12-23T00:00:00
NFL_CLE_00-0038979_2023W16_NA_LP,NFL,2023,16,2023_NFL_W16_CLE_HOU,NFL_CLE,NFL_P_00-0038979,WR,,UNKNOWN,LP,Knee,2023-12-23,nflverse,,2026-09-07T05:49:16.123275+00:00,2023-12-23T00:00:00
NFL_CLE_00-0035444_2023W16_OUT_DNP,NFL,2023,16,2023_NFL_W16_CLE_HOU,NFL_CLE,NFL_P_00-0035444,LB,,OUT,DNP,Calf,2023-12-23,nflverse,,2026-09-07T05:49:16.123275+00:00,2023-12-23T00:00:00
NFL_CLE_00-0034807_2023W16_OUT_DNP,NFL,2023,16,2023_NFL_W16_CLE_HOU,NFL_CLE,NFL_P_00-0034807,EDGE,,OUT,DNP,Pectoral,2023-12-23,nflverse,,2026-09-07T05:49:16.123275+00:00,2023-12-23T00:00:00
NFL_CLE_00-0035625_2023W16_OUT_DNP,NFL,2023,16,2023_NFL_W16_CLE_HOU,NFL_CLE,NFL_P_00-0035625,S,,OUT,DNP,Calf,2023-12-23,nflverse,,2026-09-07T05:49:16.123275+00:00,2023-12-23T00:00:00
NFL_CLE_00-0033570_2023W16_OUT_DNP,NFL,2023,16,2023_NFL_W16_CLE_HOU,NFL_CLE,NFL_P_00-0033570,LB,,OUT,DNP,Knee,2023-12-23,nflverse,,2026-09-07T05:49:16.123275+00:00,2023-12-23T00:00:00
NFL_CLE_00-0031426_2023W16_QUESTIONABLE_LP,NFL,2023,16,2023_NFL_W16_CLE_HOU,NFL_CLE,NFL_P_00-0031426,OL,,QUESTIONABLE,LP,Back,2023-12-23,nflverse,,2026-09-07T05:49:16.123275+00:00,2023-12-23T00:00:00
NFL_DAL_00-0029542_2023W16_NA_DNP,NFL,2023,16,2023_NFL_W16_DAL_MIA,NFL_DAL,NFL_P_00-0029542,CB,,UNKNOWN,DNP,Not injury related - resting player,2023-12-23,nflverse,,2026-09-07T05:49:16.123275+00:00,2023-12-23T00:00:00
NFL_DAL_00-0031411_2023W16_NA_DNP,NFL,2023,16,2023_NFL_W16_DAL_MIA,NFL_DAL,NFL_P_00-0031411,EDGE,,UNKNOWN,DNP,Not injury related - resting player,2023-12-23,nflverse,,2026-09-07T05:49:16.123275+00:00,2023-12-23T00:00:00
NFL_DAL_00-0031236_2023W16_NA_LP,NFL,2023,16,2023_NFL_W16_DAL_MIA,NFL_DAL,NFL_P_00-0031236,WR,,UNKNOWN,LP,Not injury related - resting player,2023-12-23,nflverse,,2026-09-07T05:49:16.123275+00:00,2023-12-23T00:00:00
NFL_DAL_00-0033928_2023W16_NA_LP,NFL,2023,16,2023_NFL_W16_DAL_MIA,NFL_DAL,NFL_P_00-0033928,CB,,UNKNOWN,LP,Not injury related - resting player,2023-12-23,nflverse,,2026-09-07T05:49:16.123275+00:00,2023-12-23T00:00:00
NFL_DAL_00-0030063_2023W16_OUT_DNP,NFL,2023,16,2023_NFL_W16_DAL_MIA,NFL_DAL,NFL_P_00-0030063,DL,,OUT,DNP,Knee,2023-12-23,nflverse,,2026-09-07T05:49:16.123275+00:00,2023-12-23T00:00:00
NFL_DAL_00-0027947_2023W16_DOUBTFUL_DNP,NFL,2023,16,2023_NFL_W16_DAL_MIA,NFL_DAL,NFL_P_00-0027947,OL,,DOUBTFUL,DNP,Back,2023-12-23,nflverse,,2026-09-07T05:49:16.123275+00:00,2023-12-23T00:00:00
NFL_DAL_00-0038575_2023W16_QUESTIONABLE_FP,NFL,2023,16,2023_NFL_W16_DAL_MIA,NFL_DAL,NFL_P_00-0038575,EDGE,,QUESTIONABLE,FP,Knee,2023-12-23,nflverse,,2026-09-07T05:49:16.123275+00:00,2023-12-23T00:00:00
NFL_DAL_00-0037266_2023W16_QUESTIONABLE_FP,NFL,2023,16,2023_NFL_W16_DAL_MIA,NFL_DAL,NFL_P_00-0037266,OL,,QUESTIONABLE,FP,Shoulder,2023-12-23,nflverse,,2026-09-07T05:49:16.123275+00:00,2023-12-23T00:00:00
NFL_DAL_00-0033877_2023W16_QUESTIONABLE_LP,NFL,2023,16,2023_NFL_W16_DAL_MIA,NFL_DAL,NFL_P_00-0033877,S,,QUESTIONABLE,LP,Ankle,2023-12-23,nflverse,,2026-09-07T05:49:16.123275+00:00,2023-12-23T00:00:00
NFL_DAL_00-0031402_2023W16_QUESTIONABLE_LP,NFL,2023,16,2023_NFL_W16_DAL_MIA,NFL_DAL,NFL_P_00-0031402,OL,,QUESTIONABLE,LP,Thigh,2023-12-23,nflverse,,2026-09-07T05:49:16.123275+00:00,2023-12-23T00:00:00
NFL_DEN_00-0037249_2023W16_OUT_DNP,NFL,2023,16,2023_NFL_W16_NE_DEN,NFL_DEN,NFL_P_00-0037249,LB,,OUT,DNP,Knee,2023-12-24,nflverse,,2026-09-07T05:49:16.123275+00:00,2023-12-24T00:00:00
NFL_DEN_00-0037252_2023W16_OUT_DNP,NFL,2023,16,2023_NFL_W16_NE_DEN,NFL_DEN,NFL_P_00-0037252,TE,,OUT,DNP,Hamstring,2023-12-24,nflverse,,2026-09-07T05:49:16.123275+00:00,2023-12-24T00:00:00
NFL_DEN_00-0038796_2023W16_OUT_FP,NFL,2023,16,2023_NFL_W16_NE_DEN,NFL_DEN,NFL_P_00-0038796,OL,,OUT,FP,Knee,2023-12-24,nflverse,,2026-09-07T05:49:16.123275+00:00,2023-12-24T00:00:00
NFL_DET_00-0036748_2023W16_OUT_DNP,NFL,2023,16,2023_NFL_W16_DET_MIN,NFL_DET,NFL_P_00-0036748,CB,,OUT,DNP,Hamstring,2023-12-23,nflverse,,2026-09-07T05:49:16.123275+00:00,2023-12-23T00:00:00
NFL_DET_00-0036754_2023W16_OUT_DNP,NFL,2023,16,2023_NFL_W16_DET_MIN,NFL_DET,NFL_P_00-0036754,TE,,OUT,DNP,Hip,2023-12-23,nflverse,,2026-09-07T05:49:16.123275+00:00,2023-12-23T00:00:00
NFL_DET_00-0034171_2023W16_OUT_LP,NFL,2023,16,2023_NFL_W16_DET_MIN,NFL_DET,NFL_P_00-0034171,RB,,OUT,LP,Knee,2023-12-23,nflverse,,2026-09-07T05:49:16.123275+00:00,2023-12-23T00:00:00
NFL_DET_00-0035253_2023W16_OUT_LP,NFL,2023,16,2023_NFL_W16_DET_MIN,NFL_DET,NFL_P_00-0035253,S,,OUT,LP,Pectoral,2023-12-23,nflverse,,2026-09-07T05:49:16.123275+00:00,2023-12-23T00:00:00
NFL_DET_00-0036964_2023W16_DOUBTFUL_LP,NFL,2023,16,2023_NFL_W16_DET_MIN,NFL_DET,NFL_P_00-0036964,LB,,DOUBTFUL,LP,Shoulder,2023-12-23,nflverse,,2026-09-07T05:49:16.123275+00:00,2023-12-23T00:00:00
NFL_GB_00-0037083_2023W16_NA_LP,NFL,2023,16,2023_NFL_W16_GB_CAR,NFL_GB,NFL_P_00-0037083,LB,,UNKNOWN,LP,Toe,2023-12-23,nflverse,,2026-09-07T05:49:16.123275+00:00,2023-12-23T00:00:00
NFL_GB_00-0035526_2023W16_NA_LP,NFL,2023,16,2023_NFL_W16_GB_CAR,NFL_GB,NFL_P_00-0035526,OL,,UNKNOWN,LP,Shoulder,2023-12-23,nflverse,,2026-09-07T05:49:16.123275+00:00,2023-12-23T00:00:00
NFL_GB_00-0033293_2023W16_NA_LP,NFL,2023,16,2023_NFL_W16_GB_CAR,NFL_GB,NFL_P_00-0033293,RB,,UNKNOWN,LP,Knee,2023-12-23,nflverse,,2026-09-07T05:49:16.123275+00:00,2023-12-23T00:00:00
NFL_GB_00-0034485_2023W16_NA_LP,NFL,2023,16,2023_NFL_W16_GB_CAR,NFL_GB,NFL_P_00-0034485,S,,UNKNOWN,LP,Knee,2023-12-23,nflverse,,2026-09-07T05:49:16.123275+00:00,2023-12-23T00:00:00
NFL_GB_00-0037074_2023W16_NA_LP,NFL,2023,16,2023_NFL_W16_GB_CAR,NFL_GB,NFL_P_00-0037074,LB,,UNKNOWN,LP,Shoulder,2023-12-23,nflverse,,2026-09-07T05:49:16.123275+00:00,2023-12-23T00:00:00
NFL_GB_00-0032401_2023W16_OUT_DNP,NFL,2023,16,2023_NFL_W16_GB_CAR,NFL_GB,NFL_P_00-0032401,LB,,OUT,DNP,Neck,2023-12-23,nflverse,,2026-09-07T05:49:16.123275+00:00,2023-12-23T00:00:00
NFL_GB_00-0039144_2023W16_OUT_DNP,NFL,2023,16,2023_NFL_W16_GB_CAR,NFL_GB,NFL_P_00-0039144,TE,,OUT,DNP,kidney,2023-12-23,nflverse,,2026-09-07T05:49:16.123275+00:00,2023-12-23T00:00:00
NFL_GB_00-0034968_2023W16_OUT_DNP,NFL,2023,16,2023_NFL_W16_GB_CAR,NFL_GB,NFL_P_00-0034968,S,,OUT,DNP,Shoulder,2023-12-23,nflverse,,2026-09-07T05:49:16.123275+00:00,2023-12-23T00:00:00
NFL_GB_00-0038124_2023W16_DOUBTFUL_DNP,NFL,2023,16,2023_NFL_W16_GB_CAR,NFL_GB,NFL_P_00-0038124,WR,,DOUBTFUL,DNP,Hamstring,2023-12-23,nflverse,,2026-09-07T05:49:16.123275+00:00,2023-12-23T00:00:00
NFL_GB_00-0037305_2023W16_DOUBTFUL_LP,NFL,2023,16,2023_NFL_W16_GB_CAR,NFL_GB,NFL_P_00-0037305,OL,,DOUBTFUL,LP,Ankle,2023-12-23,nflverse,,2026-09-07T05:49:16.123275+00:00,2023-12-23T00:00:00
NFL_GB_00-0038797_2023W16_DOUBTFUL_LP,NFL,2023,16,2023_NFL_W16_GB_CAR,NFL_GB,NFL_P_00-0038797,RB,,DOUBTFUL,LP,Shoulder,2023-12-23,nflverse,,2026-09-07T05:49:16.123275+00:00,2023-12-23T00:00:00
NFL_GB_00-0039146_2023W16_QUESTIONABLE_DNP,NFL,2023,16,2023_NFL_W16_GB_CAR,NFL_GB,NFL_P_00-0039146,WR,,QUESTIONABLE,DNP,Toe,2023-12-23,nflverse,,2026-09-07T05:49:16.123275+00:00,2023-12-23T00:00:00
NFL_GB_00-0034728_2023W16_QUESTIONABLE_LP,NFL,2023,16,2023_NFL_W16_GB_CAR,NFL_GB,NFL_P_00-0034728,CB,,QUESTIONABLE,LP,Shoulder,2023-12-23,nflverse,,2026-09-07T05:49:16.123275+00:00,2023-12-23T00:00:00
NFL_GB_00-0036265_2023W16_QUESTIONABLE_LP,NFL,2023,16,2023_NFL_W16_GB_CAR,NFL_GB,NFL_P_00-0036265,RB,,QUESTIONABLE,LP,Thumb,2023-12-23,nflverse,,2026-09-07T05:49:16.123275+00:00,2023-12-23T00:00:00
NFL_GB_00-0033792_2023W16_QUESTIONABLE_LP,NFL,2023,16,2023_NFL_W16_GB_CAR,NFL_GB,NFL_P_00-0033792,S,,QUESTIONABLE,LP,Back,2023-12-23,nflverse,,2026-09-07T05:49:16.123275+00:00,2023-12-23T00:00:00
NFL_GB_00-0036904_2023W16_QUESTIONABLE_LP,NFL,2023,16,2023_NFL_W16_GB_CAR,NFL_GB,NFL_P_00-0036904,CB,,QUESTIONABLE,LP,Neck,2023-12-23,nflverse,,2026-09-07T05:49:16.123275+00:00,2023-12-23T00:00:00
NFL_GB_00-0036642_2023W16_QUESTIONABLE_LP,NFL,2023,16,2023_NFL_W16_GB_CAR,NFL_GB,NFL_P_00-0036642,DL,,QUESTIONABLE,LP,Knee,2023-12-23,nflverse,,2026-09-07T05:49:16.123275+00:00,2023-12-23T00:00:00
NFL_GB_00-0038393_2023W16_QUESTIONABLE_LP,NFL,2023,16,2023_NFL_W16_GB_CAR,NFL_GB,NFL_P_00-0038393,WR,,QUESTIONABLE,LP,Ankle,2023-12-23,nflverse,,2026-09-07T05:49:16.123275+00:00,2023-12-23T00:00:00
NFL_HOU_00-0030431_2023W16_NA_LP,NFL,2023,16,2023_NFL_W16_CLE_HOU,NFL_HOU,NFL_P_00-0030431,WR,,UNKNOWN,LP,Not injury related - resting player,2023-12-23,nflverse,,2026-09-07T05:49:16.123275+00:00,2023-12-23T00:00:00
NFL_HOU_00-0039108_2023W16_OUT_DNP,NFL,2023,16,2023_NFL_W16_CLE_HOU,NFL_HOU,NFL_P_00-0039108,EDGE,,OUT,DNP,Ankle,2023-12-23,nflverse,,2026-09-07T05:49:16.123275+00:00,2023-12-23T00:00:00
NFL_HOU_00-0035276_2023W16_OUT_DNP,NFL,2023,16,2023_NFL_W16_CLE_HOU,NFL_HOU,NFL_P_00-0035276,LB,,OUT,DNP,Hamstring,2023-12-23,nflverse,,2026-09-07T05:49:16.123275+00:00,2023-12-23T00:00:00
NFL_HOU_00-0039163_2023W16_OUT_DNP,NFL,2023,16,2023_NFL_W16_CLE_HOU,NFL_HOU,NFL_P_00-0039163,QB,,OUT,DNP,Concussion,2023-12-23,nflverse,,2026-09-07T05:49:16.123275+00:00,2023-12-23T00:00:00
NFL_HOU_00-0036554_2023W16_QUESTIONABLE_LP,NFL,2023,16,2023_NFL_W16_CLE_HOU,NFL_HOU,NFL_P_00-0036554,WR,,QUESTIONABLE,LP,Calf,2023-12-23,nflverse,,2026-09-07T05:49:16.123275+00:00,2023-12-23T00:00:00
NFL_HOU_00-0033131_2023W16_QUESTIONABLE_LP,NFL,2023,16,2023_NFL_W16_CLE_HOU,NFL_HOU,NFL_P_00-0033131,DL,,QUESTIONABLE,LP,Hip,2023-12-23,nflverse,,2026-09-07T05:49:16.123275+00:00,2023-12-23T00:00:00
NFL_HOU_00-0032103_2023W16_QUESTIONABLE_LP,NFL,2023,16,2023_NFL_W16_CLE_HOU,NFL_HOU,NFL_P_00-0032103,LB,,QUESTIONABLE,LP,Achilles,2023-12-23,nflverse,,2026-09-07T05:49:16.123275+00:00,2023-12-23T00:00:00
NFL_IND_00-0032378_2023W16_NA_DNP,NFL,2023,16,2023_NFL_W16_IND_ATL,NFL_IND,NFL_P_00-0032378,DL,,UNKNOWN,DNP,Not injury related - resting player,2023-12-23,nflverse,,2026-09-07T05:49:16.123275+00:00,2023-12-23T00:00:00
NFL_IND_00-0036577_2023W16_OUT_DNP,NFL,2023,16,2023_NFL_W16_IND_ATL,NFL_IND,NFL_P_00-0036577,OL,,OUT,DNP,Illness,2023-12-23,nflverse,,2026-09-07T05:49:16.123275+00:00,2023-12-23T00:00:00
NFL_IND_00-0037527_2023W16_OUT_DNP,NFL,2023,16,2023_NFL_W16_IND_ATL,NFL_IND,NFL_P_00-0037527,LB,,OUT,DNP,Hip,2023-12-23,nflverse,,2026-09-07T05:49:16.123275+00:00,2023-12-23T00:00:00
NFL_IND_00-0034836_2023W16_OUT_DNP,NFL,2023,16,2023_NFL_W16_IND_ATL,NFL_IND,NFL_P_00-0034836,OL,,OUT,DNP,Knee,2023-12-23,nflverse,,2026-09-07T05:49:16.123275+00:00,2023-12-23T00:00:00
NFL_IND_00-0036251_2023W16_QUESTIONABLE_DNP,NFL,2023,16,2023_NFL_W16_IND_ATL,NFL_IND,NFL_P_00-0036251,RB,,QUESTIONABLE,DNP,Forearm,2023-12-23,nflverse,,2026-09-07T05:49:16.123275+00:00,2023-12-23T00:00:00
NFL_IND_00-0036252_2023W16_QUESTIONABLE_LP,NFL,2023,16,2023_NFL_W16_IND_ATL,NFL_IND,NFL_P_00-0036252,WR,,QUESTIONABLE,LP,Shoulder,2023-12-23,nflverse,,2026-09-07T05:49:16.123275+00:00,2023-12-23T00:00:00
NFL_JAX_00-0036327_2023W16_NA_LP,NFL,2023,16,2023_NFL_W16_JAX_TB,NFL_JAX,NFL_P_00-0036327,OL,,UNKNOWN,LP,Knee,2023-12-23,nflverse,,2026-09-07T05:49:16.123275+00:00,2023-12-23T00:00:00
NFL_JAX_00-0036975_2023W16_NA_LP,NFL,2023,16,2023_NFL_W16_JAX_TB,NFL_JAX,NFL_P_00-0036975,OL,,UNKNOWN,LP,Hamstring,2023-12-23,nflverse,,2026-09-07T05:49:16.123275+00:00,2023-12-23T00:00:00
NFL_JAX_00-0038616_2023W16_QUESTIONABLE_LP,NFL,2023,16,2023_NFL_W16_JAX_TB,NFL_JAX,NFL_P_00-0038616,CB,,QUESTIONABLE,LP,Hamstring,2023-12-23,nflverse,,2026-09-07T05:49:16.123275+00:00,2023-12-23T00:00:00
NFL_JAX_00-0036974_2023W16_QUESTIONABLE_LP,NFL,2023,16,2023_NFL_W16_JAX_TB,NFL_JAX,NFL_P_00-0036974,CB,,QUESTIONABLE,LP,Quadricep,2023-12-23,nflverse,,2026-09-07T05:49:16.123275+00:00,2023-12-23T00:00:00
NFL_JAX_00-0036941_2023W16_QUESTIONABLE_LP,NFL,2023,16,2023_NFL_W16_JAX_TB,NFL_JAX,NFL_P_00-0036941,S,,QUESTIONABLE,LP,Groin,2023-12-23,nflverse,,2026-09-07T05:49:16.123275+00:00,2023-12-23T00:00:00
NFL_JAX_00-0033891_2023W16_QUESTIONABLE_LP,NFL,2023,16,2023_NFL_W16_JAX_TB,NFL_JAX,NFL_P_00-0033891,WR,,QUESTIONABLE,LP,Knee,2023-12-23,nflverse,,2026-09-07T05:49:16.123275+00:00,2023-12-23T00:00:00
NFL_JAX_00-0036971_2023W16_QUESTIONABLE_LP,NFL,2023,16,2023_NFL_W16_JAX_TB,NFL_JAX,NFL_P_00-0036971,QB,,QUESTIONABLE,LP,Ankle,2023-12-23,nflverse,,2026-09-07T05:49:16.123275+00:00,2023-12-23T00:00:00
NFL_JAX_00-0038935_2023W16_QUESTIONABLE_LP,NFL,2023,16,2023_NFL_W16_JAX_TB,NFL_JAX,NFL_P_00-0038935,TE,,QUESTIONABLE,LP,Foot,2023-12-23,nflverse,,2026-09-07T05:49:16.123275+00:00,2023-12-23T00:00:00
NFL_KC_00-0031376_2023W16_OUT_DNP,NFL,2023,16,2023_NFL_W16_LV_KC,NFL_KC,NFL_P_00-0031376,RB,,OUT,DNP,Groin,2023-12-24,nflverse,,2026-09-07T05:49:16.123275+00:00,2023-12-24T00:00:00
NFL_KC_00-0032217_2023W16_OUT_DNP,NFL,2023,16,2023_NFL_W16_LV_KC,NFL_KC,NFL_P_00-0032217,OL,,OUT,DNP,Neck,2023-12-24,nflverse,,2026-09-07T05:49:16.123275+00:00,2023-12-24T00:00:00
NFL_KC_00-0036913_2023W16_OUT_DNP,NFL,2023,16,2023_NFL_W16_LV_KC,NFL_KC,NFL_P_00-0036913,WR,,OUT,DNP,Hip,2023-12-24,nflverse,,2026-09-07T05:49:16.123275+00:00,2023-12-24T00:00:00
NFL_KC_00-0035140_2023W16_OUT_LP,NFL,2023,16,2023_NFL_W16_LV_KC,NFL_KC,NFL_P_00-0035140,WR,,OUT,LP,Thumb,2023-12-24,nflverse,,2026-09-07T05:49:16.123275+00:00,2023-12-24T00:00:00
NFL_LAR_00-0039134_2023W16_OUT_DNP,NFL,2023,16,2023_NFL_W16_NO_LAR,NFL_LAR,NFL_P_00-0039134,CB,,OUT,DNP,Hamstring,2023-12-21,nflverse,,2026-09-07T05:49:16.123275+00:00,2023-12-21T00:00:00
NFL_LAR_00-0034803_2023W16_QUESTIONABLE_DNP,NFL,2023,16,2023_NFL_W16_NO_LAR,NFL_LAR,NFL_P_00-0034803,OL,,QUESTIONABLE,DNP,Foot,2023-12-21,nflverse,,2026-09-07T05:49:16.123275+00:00,2023-12-21T00:00:00
NFL_LAC_00-0031040_2023W16_NA_DNP,NFL,2023,16,2023_NFL_W16_BUF_LAC,NFL_LAC,NFL_P_00-0031040,EDGE,,UNKNOWN,DNP,Not injury related - resting player,2023-12-23,nflverse,,2026-09-07T05:49:16.123275+00:00,2023-12-23T00:00:00
NFL_LAC_00-0030279_2023W16_OUT_DNP,NFL,2023,16,2023_NFL_W16_BUF_LAC,NFL_LAC,NFL_P_00-0030279,WR,,OUT,DNP,Heel,2023-12-23,nflverse,,2026-09-07T05:49:16.123275+00:00,2023-12-23T00:00:00
NFL_LAC_00-0033156_2023W16_OUT_LP,NFL,2023,16,2023_NFL_W16_BUF_LAC,NFL_LAC,NFL_P_00-0033156,EDGE,,OUT,LP,Foot,2023-12-23,nflverse,,2026-09-07T05:49:16.123275+00:00,2023-12-23T00:00:00
NFL_LAC_00-0036368_2023W16_DOUBTFUL_FP,NFL,2023,16,2023_NFL_W16_BUF_LAC,NFL_LAC,NFL_P_00-0036368,LB,,DOUBTFUL,FP,Knee,2023-12-23,nflverse,,2026-09-07T05:49:16.123275+00:00,2023-12-23T00:00:00
NFL_LAC_00-0037320_2023W16_DOUBTFUL_LP,NFL,2023,16,2023_NFL_W16_BUF_LAC,NFL_LAC,NFL_P_00-0037320,CB,,DOUBTFUL,LP,Heel,2023-12-23,nflverse,,2026-09-07T05:49:16.123275+00:00,2023-12-23T00:00:00
NFL_LAC_00-0035862_2023W16_QUESTIONABLE_FP,NFL,2023,16,2023_NFL_W16_BUF_LAC,NFL_LAC,NFL_P_00-0035862,CB,,QUESTIONABLE,FP,Concussion,2023-12-23,nflverse,,2026-09-07T05:49:16.123275+00:00,2023-12-23T00:00:00
NFL_LAC_00-0032394_2023W16_QUESTIONABLE_LP,NFL,2023,16,2023_NFL_W16_BUF_LAC,NFL_LAC,NFL_P_00-0032394,TE,,QUESTIONABLE,LP,Back,2023-12-23,nflverse,,2026-09-07T05:49:16.123275+00:00,2023-12-23T00:00:00
NFL_LAC_00-0030500_2023W16_QUESTIONABLE_LP,NFL,2023,16,2023_NFL_W16_BUF_LAC,NFL_LAC,NFL_P_00-0030500,DL,,QUESTIONABLE,LP,Shoulder,2023-12-23,nflverse,,2026-09-07T05:49:16.123275+00:00,2023-12-23T00:00:00
NFL_LV_00-0034973_2023W16_NA_LP,NFL,2023,16,2023_NFL_W16_LV_KC,NFL_LV,NFL_P_00-0034973,EDGE,,UNKNOWN,LP,Knee,2023-12-24,nflverse,,2026-09-07T05:49:16.123275+00:00,2023-12-24T00:00:00
NFL_LV_00-0035127_2023W16_NA_LP,NFL,2023,16,2023_NFL_W16_LV_KC,NFL_LV,NFL_P_00-0035127,OL,,UNKNOWN,LP,Ankle,2023-12-24,nflverse,,2026-09-07T05:49:16.123275+00:00,2023-12-24T00:00:00
NFL_LV_00-0037255_2023W16_NA_LP,NFL,2023,16,2023_NFL_W16_LV_KC,NFL_LV,NFL_P_00-0037255,OL,,UNKNOWN,LP,Illness,2023-12-24,nflverse,,2026-09-07T05:49:16.123275+00:00,2023-12-24T00:00:00
NFL_LV_00-0039066_2023W16_OUT_DNP,NFL,2023,16,2023_NFL_W16_LV_KC,NFL_LV,NFL_P_00-0039066,TE,,OUT,DNP,Toe,2023-12-24,nflverse,,2026-09-07T05:49:16.123275+00:00,2023-12-24T00:00:00
NFL_LV_00-0035700_2023W16_QUESTIONABLE_DNP,NFL,2023,16,2023_NFL_W16_LV_KC,NFL_LV,NFL_P_00-0035700,RB,,QUESTIONABLE,DNP,Quadricep,2023-12-24,nflverse,,2026-09-07T05:49:16.123275+00:00,2023-12-24T00:00:00
NFL_LV_00-0034545_2023W16_QUESTIONABLE_FP,NFL,2023,16,2023_NFL_W16_LV_KC,NFL_LV,NFL_P_00-0034545,CB,,QUESTIONABLE,FP,Shin,2023-12-24,nflverse,,2026-09-07T05:49:16.123275+00:00,2023-12-24T00:00:00
NFL_LV_00-0035562_2023W16_QUESTIONABLE_LP,NFL,2023,16,2023_NFL_W16_LV_KC,NFL_LV,NFL_P_00-0035562,TE,,QUESTIONABLE,LP,Hamstring,2023-12-24,nflverse,,2026-09-07T05:49:16.123275+00:00,2023-12-24T00:00:00
NFL_LV_00-0038039_2023W16_QUESTIONABLE_LP,NFL,2023,16,2023_NFL_W16_LV_KC,NFL_LV,NFL_P_00-0038039,CB,,QUESTIONABLE,LP,Knee,2023-12-24,nflverse,,2026-09-07T05:49:16.123275+00:00,2023-12-24T00:00:00
NFL_LV_00-0034759_2023W16_QUESTIONABLE_LP,NFL,2023,16,2023_NFL_W16_LV_KC,NFL_LV,NFL_P_00-0034759,OL,,QUESTIONABLE,LP,Shoulder,2023-12-24,nflverse,,2026-09-07T05:49:16.123275+00:00,2023-12-24T00:00:00
NFL_LV_00-0036527_2023W16_QUESTIONABLE_LP,NFL,2023,16,2023_NFL_W16_LV_KC,NFL_LV,NFL_P_00-0036527,WR,,QUESTIONABLE,LP,Shoulder,2023-12-24,nflverse,,2026-09-07T05:49:16.123275+00:00,2023-12-24T00:00:00
NFL_MIA_00-0039040_2023W16_NA_LP,NFL,2023,16,2023_NFL_W16_DAL_MIA,NFL_MIA,NFL_P_00-0039040,RB,,UNKNOWN,LP,Toe,2023-12-23,nflverse,,2026-09-07T05:49:16.123275+00:00,2023-12-23T00:00:00
NFL_MIA_00-0030067_2023W16_NA_LP,NFL,2023,16,2023_NFL_W16_DAL_MIA,NFL_MIA,NFL_P_00-0030067,OL,,UNKNOWN,LP,Knee,2023-12-23,nflverse,,2026-09-07T05:49:16.123275+00:00,2023-12-23T00:00:00
NFL_MIA_00-0037010_2023W16_NA_LP,NFL,2023,16,2023_NFL_W16_DAL_MIA,NFL_MIA,NFL_P_00-0037010,OL,,UNKNOWN,LP,Calf,2023-12-23,nflverse,,2026-09-07T05:49:16.123275+00:00,2023-12-23T00:00:00
NFL_MIA_00-0037353_2023W16_NA_LP,NFL,2023,16,2023_NFL_W16_DAL_MIA,NFL_MIA,NFL_P_00-0037353,CB,,UNKNOWN,LP,Hip,2023-12-23,nflverse,,2026-09-07T05:49:16.123275+00:00,2023-12-23T00:00:00
NFL_MIA_00-0033055_2023W16_NA_LP,NFL,2023,16,2023_NFL_W16_DAL_MIA,NFL_MIA,NFL_P_00-0033055,CB,,UNKNOWN,LP,Not injury related - resting player,2023-12-23,nflverse,,2026-09-07T05:49:16.123275+00:00,2023-12-23T00:00:00
NFL_MIA_00-0034798_2023W16_NA_LP,NFL,2023,16,2023_NFL_W16_DAL_MIA,NFL_MIA,NFL_P_00-0034798,TE,,UNKNOWN,LP,Ankle,2023-12-23,nflverse,,2026-09-07T05:49:16.123275+00:00,2023-12-23T00:00:00
NFL_MIA_00-0036325_2023W16_OUT_DNP,NFL,2023,16,2023_NFL_W16_DAL_MIA,NFL_MIA,NFL_P_00-0036325,OL,,OUT,DNP,Hamstring,2023-12-23,nflverse,,2026-09-07T05:49:16.123275+00:00,2023-12-23T00:00:00
NFL_MIA_00-0034248_2023W16_QUESTIONABLE_LP,NFL,2023,16,2023_NFL_W16_DAL_MIA,NFL_MIA,NFL_P_00-0034248,S,,QUESTIONABLE,LP,Knee,2023-12-23,nflverse,,2026-09-07T05:49:16.123275+00:00,2023-12-23T00:00:00
NFL_MIA_00-0033040_2023W16_QUESTIONABLE_LP,NFL,2023,16,2023_NFL_W16_DAL_MIA,NFL_MIA,NFL_P_00-0033040,WR,,QUESTIONABLE,LP,Ankle,2023-12-23,nflverse,,2026-09-07T05:49:16.123275+00:00,2023-12-23T00:00:00
NFL_MIA_00-0036998_2023W16_QUESTIONABLE_LP,NFL,2023,16,2023_NFL_W16_DAL_MIA,NFL_MIA,NFL_P_00-0036998,S,,QUESTIONABLE,LP,Knee,2023-12-23,nflverse,,2026-09-07T05:49:16.123275+00:00,2023-12-23T00:00:00
NFL_MIA_00-0033050_2023W16_QUESTIONABLE_LP,NFL,2023,16,2023_NFL_W16_DAL_MIA,NFL_MIA,NFL_P_00-0033050,CB,,QUESTIONABLE,LP,Hip,2023-12-23,nflverse,,2026-09-07T05:49:16.123275+00:00,2023-12-23T00:00:00
NFL_MIA_00-0036248_2023W16_QUESTIONABLE_LP,NFL,2023,16,2023_NFL_W16_DAL_MIA,NFL_MIA,NFL_P_00-0036248,OL,,QUESTIONABLE,LP,Oblique,2023-12-23,nflverse,,2026-09-07T05:49:16.123275+00:00,2023-12-23T00:00:00
NFL_MIA_00-0033073_2023W16_QUESTIONABLE_LP,NFL,2023,16,2023_NFL_W16_DAL_MIA,NFL_MIA,NFL_P_00-0033073,EDGE,,QUESTIONABLE,LP,Hamstring,2023-12-23,nflverse,,2026-09-07T05:49:16.123275+00:00,2023-12-23T00:00:00
NFL_MIA_00-0039133_2023W16_QUESTIONABLE_LP,NFL,2023,16,2023_NFL_W16_DAL_MIA,NFL_MIA,NFL_P_00-0039133,CB,,QUESTIONABLE,LP,Hamstring,2023-12-23,nflverse,,2026-09-07T05:49:16.123275+00:00,2023-12-23T00:00:00
NFL_MIN_00-0035236_2023W16_OUT_DNP,NFL,2023,16,2023_NFL_W16_DET_MIN,NFL_MIN,NFL_P_00-0035236,CB,,OUT,DNP,Knee,2023-12-23,nflverse,,2026-09-07T05:49:16.123275+00:00,2023-12-23T00:00:00
NFL_MIN_00-0037291_2023W16_OUT_DNP,NFL,2023,16,2023_NFL_W16_DET_MIN,NFL_MIN,NFL_P_00-0037291,WR,,OUT,DNP,Concussion,2023-12-23,nflverse,,2026-09-07T05:49:16.123275+00:00,2023-12-23T00:00:00
NFL_MIN_00-0032129_2023W16_QUESTIONABLE_FP,NFL,2023,16,2023_NFL_W16_DET_MIN,NFL_MIN,NFL_P_00-0032129,LB,,QUESTIONABLE,FP,Shin,2023-12-23,nflverse,,2026-09-07T05:49:16.123275+00:00,2023-12-23T00:00:00
NFL_MIN_00-0033093_2023W16_QUESTIONABLE_LP,NFL,2023,16,2023_NFL_W16_DET_MIN,NFL_MIN,NFL_P_00-0033093,DL,,QUESTIONABLE,LP,Ankle,2023-12-23,nflverse,,2026-09-07T05:49:16.123275+00:00,2023-12-23T00:00:00
NFL_MIN_00-0034972_2023W16_QUESTIONABLE_LP,NFL,2023,16,2023_NFL_W16_DET_MIN,NFL_MIN,NFL_P_00-0034972,RB,,QUESTIONABLE,LP,Ankle,2023-12-23,nflverse,,2026-09-07T05:49:16.123275+00:00,2023-12-23T00:00:00
NFL_MIN_00-0034158_2023W16_QUESTIONABLE_LP,NFL,2023,16,2023_NFL_W16_DET_MIN,NFL_MIN,NFL_P_00-0034158,OL,,QUESTIONABLE,LP,Ankle,2023-12-23,nflverse,,2026-09-07T05:49:16.123275+00:00,2023-12-23T00:00:00
NFL_MIN_00-0038807_2023W16_QUESTIONABLE_LP,NFL,2023,16,2023_NFL_W16_DET_MIN,NFL_MIN,NFL_P_00-0038807,LB,,QUESTIONABLE,LP,Shoulder,2023-12-23,nflverse,,2026-09-07T05:49:16.123275+00:00,2023-12-23T00:00:00
NFL_MIN_00-0034782_2023W16_QUESTIONABLE_LP,NFL,2023,16,2023_NFL_W16_DET_MIN,NFL_MIN,NFL_P_00-0034782,DL,,QUESTIONABLE,LP,Back,2023-12-23,nflverse,,2026-09-07T05:49:16.123275+00:00,2023-12-23T00:00:00
NFL_NE_00-0029764_2023W16_NA_DNP,NFL,2023,16,2023_NFL_W16_NE_DEN,NFL_NE,NFL_P_00-0029764,S,,UNKNOWN,DNP,Illness,2023-12-24,nflverse,,2026-09-07T05:49:16.123275+00:00,2023-12-24T00:00:00
NFL_NE_00-0033883_2023W16_OUT_DNP,NFL,2023,16,2023_NFL_W16_NE_DEN,NFL_NE,NFL_P_00-0033883,S,,OUT,DNP,Hamstring,2023-12-24,nflverse,,2026-09-07T05:49:16.123275+00:00,2023-12-24T00:00:00
NFL_NE_00-0033857_2023W16_OUT_DNP,NFL,2023,16,2023_NFL_W16_NE_DEN,NFL_NE,NFL_P_00-0033857,WR,,OUT,DNP,Ankle,2023-12-24,nflverse,,2026-09-07T05:49:16.123275+00:00,2023-12-24T00:00:00
NFL_NE_00-0036875_2023W16_OUT_DNP,NFL,2023,16,2023_NFL_W16_NE_DEN,NFL_NE,NFL_P_00-0036875,RB,,OUT,DNP,Ankle,2023-12-24,nflverse,,2026-09-07T05:49:16.123275+00:00,2023-12-24T00:00:00
NFL_NE_00-0033300_2023W16_QUESTIONABLE_DNP,NFL,2023,16,2023_NFL_W16_NE_DEN,NFL_NE,NFL_P_00-0033300,OL,,QUESTIONABLE,DNP,Concussion,2023-12-24,nflverse,,2026-09-07T05:49:16.123275+00:00,2023-12-24T00:00:00
NFL_NE_00-0036981_2023W16_QUESTIONABLE_LP,NFL,2023,16,2023_NFL_W16_NE_DEN,NFL_NE,NFL_P_00-0036981,DL,,QUESTIONABLE,LP,Shoulder,2023-12-24,nflverse,,2026-09-07T05:49:16.123275+00:00,2023-12-24T00:00:00
NFL_NE_00-0034385_2023W16_QUESTIONABLE_LP,NFL,2023,16,2023_NFL_W16_NE_DEN,NFL_NE,NFL_P_00-0034385,LB,,QUESTIONABLE,LP,Knee,2023-12-24,nflverse,,2026-09-07T05:49:16.123275+00:00,2023-12-24T00:00:00
NFL_NE_00-0032071_2023W16_QUESTIONABLE_LP,NFL,2023,16,2023_NFL_W16_NE_DEN,NFL_NE,NFL_P_00-0032071,OL,,QUESTIONABLE,LP,Ankle,2023-12-24,nflverse,,2026-09-07T05:49:16.123275+00:00,2023-12-24T00:00:00
NFL_NE_00-0033090_2023W16_QUESTIONABLE_LP,NFL,2023,16,2023_NFL_W16_NE_DEN,NFL_NE,NFL_P_00-0033090,TE,,QUESTIONABLE,LP,Knee,2023-12-24,nflverse,,2026-09-07T05:49:16.123275+00:00,2023-12-24T00:00:00
NFL_NE_00-0036193_2023W16_QUESTIONABLE_LP,NFL,2023,16,2023_NFL_W16_NE_DEN,NFL_NE,NFL_P_00-0036193,LB,,QUESTIONABLE,LP,Illness,2023-12-24,nflverse,,2026-09-07T05:49:16.123275+00:00,2023-12-24T00:00:00
NFL_NE_00-0032580_2023W16_QUESTIONABLE_LP,NFL,2023,16,2023_NFL_W16_NE_DEN,NFL_NE,NFL_P_00-0032580,CB,,QUESTIONABLE,LP,Knee,2023-12-24,nflverse,,2026-09-07T05:49:16.123275+00:00,2023-12-24T00:00:00
NFL_NE_00-0026293_2023W16_QUESTIONABLE_LP,NFL,2023,16,2023_NFL_W16_NE_DEN,NFL_NE,NFL_P_00-0026293,WR,,QUESTIONABLE,LP,Hamstring,2023-12-24,nflverse,,2026-09-07T05:49:16.123275+00:00,2023-12-24T00:00:00
NFL_NE_00-0035240_2023W16_QUESTIONABLE_LP,NFL,2023,16,2023_NFL_W16_NE_DEN,NFL_NE,NFL_P_00-0035240,LB,,QUESTIONABLE,LP,Ankle,2023-12-24,nflverse,,2026-09-07T05:49:16.123275+00:00,2023-12-24T00:00:00
NFL_NO_00-0027962_2023W16_NA_LP,NFL,2023,16,2023_NFL_W16_NO_LAR,NFL_NO,NFL_P_00-0027962,EDGE,,UNKNOWN,LP,Ankle,2023-12-21,nflverse,,2026-09-07T05:49:16.123275+00:00,2023-12-21T00:00:00
NFL_NO_00-0039143_2023W16_OUT_DNP,NFL,2023,16,2023_NFL_W16_NO_LAR,NFL_NO,NFL_P_00-0039143,EDGE,,OUT,DNP,Quadricep,2023-12-21,nflverse,,2026-09-07T05:49:16.123275+00:00,2023-12-21T00:00:00
NFL_NO_00-0035244_2023W16_OUT_DNP,NFL,2023,16,2023_NFL_W16_NO_LAR,NFL_NO,NFL_P_00-0035244,CB,,OUT,DNP,Knee,2023-12-21,nflverse,,2026-09-07T05:49:16.123275+00:00,2023-12-21T00:00:00
NFL_NO_00-0033888_2023W16_OUT_DNP,NFL,2023,16,2023_NFL_W16_NO_LAR,NFL_NO,NFL_P_00-0033888,OL,,OUT,DNP,Knee,2023-12-21,nflverse,,2026-09-07T05:49:16.123275+00:00,2023-12-21T00:00:00
NFL_NO_00-0036926_2023W16_OUT_LP,NFL,2023,16,2023_NFL_W16_NO_LAR,NFL_NO,NFL_P_00-0036926,EDGE,,OUT,LP,Toe,2023-12-21,nflverse,,2026-09-07T05:49:16.123275+00:00,2023-12-21T00:00:00
NFL_NO_00-0038551_2023W16_QUESTIONABLE_LP,NFL,2023,16,2023_NFL_W16_NO_LAR,NFL_NO,NFL_P_00-0038551,RB,,QUESTIONABLE,LP,Ankle,2023-12-21,nflverse,,2026-09-07T05:49:16.123275+00:00,2023-12-21T00:00:00
NFL_NYG_00-0035042_2023W16_NA_LP,NFL,2023,16,2023_NFL_W16_NYG_PHI,NFL_NYG,NFL_P_00-0035042,P,,UNKNOWN,LP,left Groin,2023-12-24,nflverse,,2026-09-07T05:49:16.123275+00:00,2023-12-24T00:00:00
NFL_NYG_00-0037612_2023W16_OUT_DNP,NFL,2023,16,2023_NFL_W16_NYG_PHI,NFL_NYG,NFL_P_00-0037612,OL,,OUT,DNP,Ankle,2023-12-24,nflverse,,2026-09-07T05:49:16.123275+00:00,2023-12-24T00:00:00
NFL_NYG_00-0031957_2023W16_OUT_DNP,NFL,2023,16,2023_NFL_W16_NYG_PHI,NFL_NYG,NFL_P_00-0031957,DL,,OUT,DNP,Knee,2023-12-24,nflverse,,2026-09-07T05:49:16.123275+00:00,2023-12-24T00:00:00
NFL_NYG_00-0036569_2023W16_QUESTIONABLE_FP,NFL,2023,16,2023_NFL_W16_NYG_PHI,NFL_NYG,NFL_P_00-0036569,RB,,QUESTIONABLE,FP,Hamstring,2023-12-24,nflverse,,2026-09-07T05:49:16.123275+00:00,2023-12-24T00:00:00
NFL_NYG_00-0036145_2023W16_QUESTIONABLE_LP,NFL,2023,16,2023_NFL_W16_NYG_PHI,NFL_NYG,NFL_P_00-0036145,TE,,QUESTIONABLE,LP,Groin,2023-12-24,nflverse,,2026-09-07T05:49:16.123275+00:00,2023-12-24T00:00:00
NFL_NYG_00-0035683_2023W16_QUESTIONABLE_LP,NFL,2023,16,2023_NFL_W16_NYG_PHI,NFL_NYG,NFL_P_00-0035683,DL,,QUESTIONABLE,LP,Hamstring,2023-12-24,nflverse,,2026-09-07T05:49:16.123275+00:00,2023-12-24T00:00:00
NFL_NYG_00-0032889_2023W16_QUESTIONABLE_LP,NFL,2023,16,2023_NFL_W16_NYG_PHI,NFL_NYG,NFL_P_00-0032889,DL,,QUESTIONABLE,LP,Back,2023-12-24,nflverse,,2026-09-07T05:49:16.123275+00:00,2023-12-24T00:00:00
NFL_NYJ_00-0037013_2023W16_OUT_DNP,NFL,2023,16,2023_NFL_W16_WAS_NYJ,NFL_NYJ,NFL_P_00-0037013,QB,,OUT,DNP,Concussion,2023-12-23,nflverse,,2026-09-07T05:49:16.123275+00:00,2023-12-23T00:00:00
NFL_NYJ_00-0023459_2023W16_OUT_LP,NFL,2023,16,2023_NFL_W16_WAS_NYJ,NFL_NYJ,NFL_P_00-0023459,QB,,OUT,LP,Achilles,2023-12-23,nflverse,,2026-09-07T05:49:16.123275+00:00,2023-12-23T00:00:00
NFL_NYJ_00-0026166_2023W16_QUESTIONABLE_DNP,NFL,2023,16,2023_NFL_W16_WAS_NYJ,NFL_NYJ,NFL_P_00-0026166,OL,,QUESTIONABLE,DNP,Back,2023-12-23,nflverse,,2026-09-07T05:49:16.123275+00:00,2023-12-23T00:00:00
NFL_NYJ_00-0034805_2023W16_QUESTIONABLE_DNP,NFL,2023,16,2023_NFL_W16_WAS_NYJ,NFL_NYJ,NFL_P_00-0034805,EDGE,,QUESTIONABLE,DNP,Hip,2023-12-23,nflverse,,2026-09-07T05:49:16.123275+00:00,2023-12-23T00:00:00
NFL_NYJ_00-0038389_2023W16_QUESTIONABLE_LP,NFL,2023,16,2023_NFL_W16_WAS_NYJ,NFL_NYJ,NFL_P_00-0038389,RB,,QUESTIONABLE,LP,Ankle,2023-12-23,nflverse,,2026-09-07T05:49:16.123275+00:00,2023-12-23T00:00:00
NFL_NYJ_00-0034374_2023W16_QUESTIONABLE_LP,NFL,2023,16,2023_NFL_W16_WAS_NYJ,NFL_NYJ,NFL_P_00-0034374,S,,QUESTIONABLE,LP,Knee,2023-12-23,nflverse,,2026-09-07T05:49:16.123275+00:00,2023-12-23T00:00:00
NFL_PHI_00-0036912_2023W16_NA_LP,NFL,2023,16,2023_NFL_W16_NYG_PHI,NFL_PHI,NFL_P_00-0036912,WR,,UNKNOWN,LP,Knee,2023-12-24,nflverse,,2026-09-07T05:49:16.123275+00:00,2023-12-24T00:00:00
NFL_PHI_00-0033547_2023W16_OUT_DNP,NFL,2023,16,2023_NFL_W16_NYG_PHI,NFL_PHI,NFL_P_00-0033547,LB,,OUT,DNP,Knee,2023-12-24,nflverse,,2026-09-07T05:49:16.123275+00:00,2023-12-24T00:00:00
NFL_PHI_00-0037002_2023W16_OUT_DNP,NFL,2023,16,2023_NFL_W16_NYG_PHI,NFL_PHI,NFL_P_00-0037002,OL,,OUT,DNP,Thumb,2023-12-24,nflverse,,2026-09-07T05:49:16.123275+00:00,2023-12-24T00:00:00
NFL_PHI_00-0030062_2023W16_OUT_DNP,NFL,2023,16,2023_NFL_W16_NYG_PHI,NFL_PHI,NFL_P_00-0030062,CB,,OUT,DNP,Knee,2023-12-24,nflverse,,2026-09-07T05:49:16.123275+00:00,2023-12-24T00:00:00
NFL_PHI_00-0034377_2023W16_OUT_FP,NFL,2023,16,2023_NFL_W16_NYG_PHI,NFL_PHI,NFL_P_00-0034377,CB,,OUT,FP,Pectoral,2023-12-24,nflverse,,2026-09-07T05:49:16.123275+00:00,2023-12-24T00:00:00
NFL_PHI_00-0033445_2023W16_QUESTIONABLE_DNP,NFL,2023,16,2023_NFL_W16_NYG_PHI,NFL_PHI,NFL_P_00-0033445,LB,,QUESTIONABLE,DNP,Abdomen,2023-12-24,nflverse,,2026-09-07T05:49:16.123275+00:00,2023-12-24T00:00:00
NFL_PIT_00-0032954_2023W16_NA_DNP,NFL,2023,16,2023_NFL_W16_CIN_PIT,NFL_PIT,NFL_P_00-0032954,OL,,UNKNOWN,DNP,Shoulder,2023-12-22,nflverse,,2026-09-07T05:49:16.123275+00:00,2023-12-22T00:00:00
NFL_PIT_00-0034789_2023W16_OUT_DNP,NFL,2023,16,2023_NFL_W16_CIN_PIT,NFL_PIT,NFL_P_00-0034789,S,,OUT,DNP,Knee,2023-12-22,nflverse,,2026-09-07T05:49:16.123275+00:00,2023-12-22T00:00:00
NFL_PIT_00-0037377_2023W16_OUT_DNP,NFL,2023,16,2023_NFL_W16_CIN_PIT,NFL_PIT,NFL_P_00-0037377,S,,OUT,DNP,Neck,2023-12-22,nflverse,,2026-09-07T05:49:16.123275+00:00,2023-12-22T00:00:00
NFL_PIT_00-0038102_2023W16_OUT_LP,NFL,2023,16,2023_NFL_W16_CIN_PIT,NFL_PIT,NFL_P_00-0038102,QB,,OUT,LP,Ankle,2023-12-22,nflverse,,2026-09-07T05:49:16.123275+00:00,2023-12-22T00:00:00
NFL_PIT_00-0036002_2023W16_QUESTIONABLE_FP,NFL,2023,16,2023_NFL_W16_CIN_PIT,NFL_PIT,NFL_P_00-0036002,S,,QUESTIONABLE,FP,Ankle,2023-12-22,nflverse,,2026-09-07T05:49:16.123275+00:00,2023-12-22T00:00:00
NFL_SEA_00-0031608_2023W16_NA_DNP,NFL,2023,16,2023_NFL_W16_SEA_TEN,NFL_SEA,NFL_P_00-0031608,S,,UNKNOWN,DNP,Not injury related - resting player,2023-12-23,nflverse,,2026-09-07T05:49:16.123275+00:00,2023-12-23T00:00:00
NFL_SEA_00-0034974_2023W16_NA_DNP,NFL,2023,16,2023_NFL_W16_SEA_TEN,NFL_SEA,NFL_P_00-0034974,S,,UNKNOWN,DNP,Not injury related - personal matter,2023-12-23,nflverse,,2026-09-07T05:49:16.123275+00:00,2023-12-23T00:00:00
NFL_SEA_00-0029255_2023W16_NA_DNP,NFL,2023,16,2023_NFL_W16_SEA_TEN,NFL_SEA,NFL_P_00-0029255,LB,,UNKNOWN,DNP,Not injury related - resting player,2023-12-23,nflverse,,2026-09-07T05:49:16.123275+00:00,2023-12-23T00:00:00
NFL_SEA_00-0033872_2023W16_OUT_DNP,NFL,2023,16,2023_NFL_W16_SEA_TEN,NFL_SEA,NFL_P_00-0033872,S,,OUT,DNP,Knee,2023-12-23,nflverse,,2026-09-07T05:49:16.123275+00:00,2023-12-23T00:00:00
NFL_SEA_00-0032210_2023W16_OUT_DNP,NFL,2023,16,2023_NFL_W16_SEA_TEN,NFL_SEA,NFL_P_00-0032210,LB,,OUT,DNP,Illness,2023-12-23,nflverse,,2026-09-07T05:49:16.123275+00:00,2023-12-23T00:00:00
NFL_SEA_00-0036620_2023W16_OUT_DNP,NFL,2023,16,2023_NFL_W16_SEA_TEN,NFL_SEA,NFL_P_00-0036620,WR,,OUT,DNP,Ribs,2023-12-23,nflverse,,2026-09-07T05:49:16.123275+00:00,2023-12-23T00:00:00
NFL_SEA_00-0034495_2023W16_QUESTIONABLE_DNP,NFL,2023,16,2023_NFL_W16_SEA_TEN,NFL_SEA,NFL_P_00-0034495,OL,,QUESTIONABLE,DNP,Illness,2023-12-23,nflverse,,2026-09-07T05:49:16.123275+00:00,2023-12-23T00:00:00
NFL_SEA_00-0036885_2023W16_QUESTIONABLE_FP,NFL,2023,16,2023_NFL_W16_SEA_TEN,NFL_SEA,NFL_P_00-0036885,CB,,QUESTIONABLE,FP,Heel,2023-12-23,nflverse,,2026-09-07T05:49:16.123275+00:00,2023-12-23T00:00:00
NFL_SEA_00-0038134_2023W16_QUESTIONABLE_LP,NFL,2023,16,2023_NFL_W16_SEA_TEN,NFL_SEA,NFL_P_00-0038134,RB,,QUESTIONABLE,LP,Shoulder,2023-12-23,nflverse,,2026-09-07T05:49:16.123275+00:00,2023-12-23T00:00:00
NFL_SEA_00-0039169_2023W16_QUESTIONABLE_LP,NFL,2023,16,2023_NFL_W16_SEA_TEN,NFL_SEA,NFL_P_00-0039169,CB,,QUESTIONABLE,LP,Hip,2023-12-23,nflverse,,2026-09-07T05:49:16.123275+00:00,2023-12-23T00:00:00
NFL_SF_00-0035717_2023W16_NA_DNP,NFL,2023,16,2023_NFL_W16_BAL_SF,NFL_SF,NFL_P_00-0035717,EDGE,,UNKNOWN,DNP,Not injury related - resting player,2023-12-25,nflverse,,2026-09-07T05:49:16.123275+00:00,2023-12-25T00:00:00
NFL_SF_00-0027857_2023W16_NA_DNP,NFL,2023,16,2023_NFL_W16_BAL_SF,NFL_SF,NFL_P_00-0027857,OL,,UNKNOWN,DNP,Not injury related - resting player,2023-12-25,nflverse,,2026-09-07T05:49:16.123275+00:00,2023-12-25T00:00:00
NFL_SF_00-0032164_2023W16_OUT_DNP,NFL,2023,16,2023_NFL_W16_BAL_SF,NFL_SF,NFL_P_00-0032164,DL,,OUT,DNP,Foot,2023-12-25,nflverse,,2026-09-07T05:49:16.123275+00:00,2023-12-25T00:00:00
NFL_SF_00-0034754_2023W16_OUT_DNP,NFL,2023,16,2023_NFL_W16_BAL_SF,NFL_SF,NFL_P_00-0034754,LB,,OUT,DNP,Knee,2023-12-25,nflverse,,2026-09-07T05:49:16.123275+00:00,2023-12-25T00:00:00
NFL_SF_00-0034073_2023W16_OUT_DNP,NFL,2023,16,2023_NFL_W16_BAL_SF,NFL_SF,NFL_P_00-0034073,TE,,OUT,DNP,Ankle,2023-12-25,nflverse,,2026-09-07T05:49:16.123275+00:00,2023-12-25T00:00:00
NFL_SF_00-0036259_2023W16_OUT_DNP,NFL,2023,16,2023_NFL_W16_BAL_SF,NFL_SF,NFL_P_00-0036259,WR,,OUT,DNP,Concussion,2023-12-25,nflverse,,2026-09-07T05:49:16.123275+00:00,2023-12-25T00:00:00
NFL_SF_00-0033109_2023W16_QUESTIONABLE_LP,NFL,2023,16,2023_NFL_W16_BAL_SF,NFL_SF,NFL_P_00-0033109,DL,,QUESTIONABLE,LP,Hamstring,2023-12-25,nflverse,,2026-09-07T05:49:16.123275+00:00,2023-12-25T00:00:00
NFL_SF_00-0036567_2023W16_QUESTIONABLE_LP,NFL,2023,16,2023_NFL_W16_BAL_SF,NFL_SF,NFL_P_00-0036567,RB,,QUESTIONABLE,LP,Knee,2023-12-25,nflverse,,2026-09-07T05:49:16.123275+00:00,2023-12-25T00:00:00
NFL_TB_00-0038821_2023W16_OUT_FP,NFL,2023,16,2023_NFL_W16_JAX_TB,NFL_TB,NFL_P_00-0038821,WR,,OUT,FP,Quadricep,2023-12-23,nflverse,,2026-09-07T05:49:16.123275+00:00,2023-12-23T00:00:00
NFL_TB_00-0036411_2023W16_QUESTIONABLE_DNP,NFL,2023,16,2023_NFL_W16_JAX_TB,NFL_TB,NFL_P_00-0036411,S,,QUESTIONABLE,DNP,Calf,2023-12-23,nflverse,,2026-09-07T05:49:16.123275+00:00,2023-12-23T00:00:00
NFL_TB_00-0030386_2023W16_QUESTIONABLE_LP,NFL,2023,16,2023_NFL_W16_JAX_TB,NFL_TB,NFL_P_00-0030386,EDGE,,QUESTIONABLE,LP,Knee,2023-12-23,nflverse,,2026-09-07T05:49:16.123275+00:00,2023-12-23T00:00:00
NFL_TEN_00-0036182_2023W16_NA_DNP,NFL,2023,16,2023_NFL_W16_SEA_TEN,NFL_TEN,NFL_P_00-0036182,WR,,UNKNOWN,DNP,Hand,2023-12-23,nflverse,,2026-09-07T05:49:16.123275+00:00,2023-12-23T00:00:00
NFL_TEN_00-0037596_2023W16_OUT_DNP,NFL,2023,16,2023_NFL_W16_SEA_TEN,NFL_TEN,NFL_P_00-0037596,LB,,OUT,DNP,Back,2023-12-23,nflverse,,2026-09-07T05:49:16.123275+00:00,2023-12-23T00:00:00
NFL_TEN_00-0035413_2023W16_OUT_DNP,NFL,2023,16,2023_NFL_W16_SEA_TEN,NFL_TEN,NFL_P_00-0035413,LB,,OUT,DNP,Hamstring,2023-12-23,nflverse,,2026-09-07T05:49:16.123275+00:00,2023-12-23T00:00:00
NFL_TEN_00-0035632_2023W16_OUT_DNP,NFL,2023,16,2023_NFL_W16_SEA_TEN,NFL_TEN,NFL_P_00-0035632,S,,OUT,DNP,Knee,2023-12-23,nflverse,,2026-09-07T05:49:16.123275+00:00,2023-12-23T00:00:00
NFL_TEN_00-0038850_2023W16_OUT_DNP,NFL,2023,16,2023_NFL_W16_SEA_TEN,NFL_TEN,NFL_P_00-0038850,EDGE,,OUT,DNP,Shoulder,2023-12-23,nflverse,,2026-09-07T05:49:16.123275+00:00,2023-12-23T00:00:00
NFL_TEN_00-0035239_2023W16_OUT_DNP,NFL,2023,16,2023_NFL_W16_SEA_TEN,NFL_TEN,NFL_P_00-0035239,CB,,OUT,DNP,Hip,2023-12-23,nflverse,,2026-09-07T05:49:16.123275+00:00,2023-12-23T00:00:00
NFL_TEN_00-0037273_2023W16_OUT_DNP,NFL,2023,16,2023_NFL_W16_SEA_TEN,NFL_TEN,NFL_P_00-0037273,WR,,OUT,DNP,Hamstring,2023-12-23,nflverse,,2026-09-07T05:49:16.123275+00:00,2023-12-23T00:00:00
NFL_TEN_00-0035643_2023W16_OUT_DNP,NFL,2023,16,2023_NFL_W16_SEA_TEN,NFL_TEN,NFL_P_00-0035643,DL,,OUT,DNP,Knee,2023-12-23,nflverse,,2026-09-07T05:49:16.123275+00:00,2023-12-23T00:00:00
NFL_TEN_00-0036395_2023W16_OUT_DNP,NFL,2023,16,2023_NFL_W16_SEA_TEN,NFL_TEN,NFL_P_00-0036395,S,,OUT,DNP,Quadricep,2023-12-23,nflverse,,2026-09-07T05:49:16.123275+00:00,2023-12-23T00:00:00
NFL_TEN_00-0036615_2023W16_OUT_LP,NFL,2023,16,2023_NFL_W16_SEA_TEN,NFL_TEN,NFL_P_00-0036615,CB,,OUT,LP,Back,2023-12-23,nflverse,,2026-09-07T05:49:16.123275+00:00,2023-12-23T00:00:00
NFL_TEN_00-0037809_2023W16_QUESTIONABLE_DNP,NFL,2023,16,2023_NFL_W16_SEA_TEN,NFL_TEN,NFL_P_00-0037809,TE,,QUESTIONABLE,DNP,Illness,2023-12-23,nflverse,,2026-09-07T05:49:16.123275+00:00,2023-12-23T00:00:00
NFL_TEN_00-0033221_2023W16_QUESTIONABLE_FP,NFL,2023,16,2023_NFL_W16_SEA_TEN,NFL_TEN,NFL_P_00-0033221,OL,,QUESTIONABLE,FP,Ankle,2023-12-23,nflverse,,2026-09-07T05:49:16.123275+00:00,2023-12-23T00:00:00
NFL_TEN_00-0038589_2023W16_QUESTIONABLE_FP,NFL,2023,16,2023_NFL_W16_SEA_TEN,NFL_TEN,NFL_P_00-0038589,TE,,QUESTIONABLE,FP,Knee,2023-12-23,nflverse,,2026-09-07T05:49:16.123275+00:00,2023-12-23T00:00:00
NFL_TEN_00-0036171_2023W16_QUESTIONABLE_LP,NFL,2023,16,2023_NFL_W16_SEA_TEN,NFL_TEN,NFL_P_00-0036171,OL,,QUESTIONABLE,LP,Ankle,2023-12-23,nflverse,,2026-09-07T05:49:16.123275+00:00,2023-12-23T00:00:00
NFL_TEN_00-0039152_2023W16_QUESTIONABLE_LP,NFL,2023,16,2023_NFL_W16_SEA_TEN,NFL_TEN,NFL_P_00-0039152,QB,,QUESTIONABLE,LP,Ankle,2023-12-23,nflverse,,2026-09-07T05:49:16.123275+00:00,2023-12-23T00:00:00
NFL_TEN_00-0035259_2023W16_QUESTIONABLE_LP,NFL,2023,16,2023_NFL_W16_SEA_TEN,NFL_TEN,NFL_P_00-0035259,TE,,QUESTIONABLE,LP,Shin,2023-12-23,nflverse,,2026-09-07T05:49:16.123275+00:00,2023-12-23T00:00:00
NFL_WAS_00-0033523_2023W16_NA_DNP,NFL,2023,16,2023_NFL_W16_WAS_NYJ,NFL_WAS,NFL_P_00-0033523,DL,,UNKNOWN,DNP,Not injury related - resting player,2023-12-23,nflverse,,2026-09-07T05:49:16.123275+00:00,2023-12-23T00:00:00
NFL_WAS_00-0033084_2023W16_NA_DNP,NFL,2023,16,2023_NFL_W16_WAS_NYJ,NFL_WAS,NFL_P_00-0033084,CB,,UNKNOWN,DNP,Not injury related - resting player,2023-12-23,nflverse,,2026-09-07T05:49:16.123275+00:00,2023-12-23T00:00:00
NFL_WAS_00-0032975_2023W16_NA_DNP,NFL,2023,16,2023_NFL_W16_WAS_NYJ,NFL_WAS,NFL_P_00-0032975,RB,,UNKNOWN,DNP,Concussion,2023-12-23,nflverse,,2026-09-07T05:49:16.123275+00:00,2023-12-23T00:00:00
NFL_WAS_00-0037283_2023W16_NA_LP,NFL,2023,16,2023_NFL_W16_WAS_NYJ,NFL_WAS,NFL_P_00-0037283,DL,,UNKNOWN,LP,Foot,2023-12-23,nflverse,,2026-09-07T05:49:16.123275+00:00,2023-12-23T00:00:00
NFL_WAS_00-0030869_2023W16_OUT_DNP,NFL,2023,16,2023_NFL_W16_WAS_NYJ,NFL_WAS,NFL_P_00-0030869,OL,,OUT,DNP,Knee,2023-12-23,nflverse,,2026-09-07T05:49:16.123275+00:00,2023-12-23T00:00:00
NFL_WAS_00-0031095_2023W16_OUT_DNP,NFL,2023,16,2023_NFL_W16_WAS_NYJ,NFL_WAS,NFL_P_00-0031095,OL,,OUT,DNP,Calf,2023-12-23,nflverse,,2026-09-07T05:49:16.123275+00:00,2023-12-23T00:00:00
NFL_WAS_00-0037746_2023W16_OUT_DNP,NFL,2023,16,2023_NFL_W16_WAS_NYJ,NFL_WAS,NFL_P_00-0037746,RB,,OUT,DNP,Hamstring,2023-12-23,nflverse,,2026-09-07T05:49:16.123275+00:00,2023-12-23T00:00:00
NFL_WAS_00-0038100_2023W16_QUESTIONABLE_DNP,NFL,2023,16,2023_NFL_W16_WAS_NYJ,NFL_WAS,NFL_P_00-0038100,S,,QUESTIONABLE,DNP,Illness,2023-12-23,nflverse,,2026-09-07T05:49:16.123275+00:00,2023-12-23T00:00:00
NFL_ARI_00-0035662_2023W17_OUT_DNP,NFL,2023,17,2023_NFL_W17_ARI_PHI,NFL_ARI,NFL_P_00-0035662,WR,,OUT,DNP,Heel,2023-12-30,nflverse,,2026-09-07T05:49:16.123275+00:00,2023-12-30T00:00:00
NFL_ARI_00-0035343_2023W17_OUT_DNP,NFL,2023,17,2023_NFL_W17_ARI_PHI,NFL_ARI,NFL_P_00-0035343,EDGE,,OUT,DNP,Knee,2023-12-30,nflverse,,2026-09-07T05:49:16.123275+00:00,2023-12-30T00:00:00
NFL_ARI_00-0038660_2023W17_OUT_DNP,NFL,2023,17,2023_NFL_W17_ARI_PHI,NFL_ARI,NFL_P_00-0038660,LB,,OUT,DNP,not injury related - travel,2023-12-30,nflverse,,2026-09-07T05:49:16.123275+00:00,2023-12-30T00:00:00
NFL_ARI_00-0036371_2023W17_OUT_LP,NFL,2023,17,2023_NFL_W17_ARI_PHI,NFL_ARI,NFL_P_00-0036371,DL,,OUT,LP,Hand,2023-12-30,nflverse,,2026-09-07T05:49:16.123275+00:00,2023-12-30T00:00:00
NFL_ARI_00-0036011_2023W17_QUESTIONABLE_FP,NFL,2023,17,2023_NFL_W17_ARI_PHI,NFL_ARI,NFL_P_00-0036011,CB,,QUESTIONABLE,FP,Quadricep,2023-12-30,nflverse,,2026-09-07T05:49:16.123275+00:00,2023-12-30T00:00:00
NFL_ARI_00-0035228_2023W17_QUESTIONABLE_LP,NFL,2023,17,2023_NFL_W17_ARI_PHI,NFL_ARI,NFL_P_00-0035228,QB,,QUESTIONABLE,LP,Illness,2023-12-30,nflverse,,2026-09-07T05:49:16.123275+00:00,2023-12-30T00:00:00
NFL_ARI_00-0038600_2023W17_QUESTIONABLE_LP,NFL,2023,17,2023_NFL_W17_ARI_PHI,NFL_ARI,NFL_P_00-0038600,LB,,QUESTIONABLE,LP,Ankle,2023-12-30,nflverse,,2026-09-07T05:49:16.123275+00:00,2023-12-30T00:00:00
NFL_ARI_00-0039007_2023W17_QUESTIONABLE_LP,NFL,2023,17,2023_NFL_W17_ARI_PHI,NFL_ARI,NFL_P_00-0039007,CB,,QUESTIONABLE,LP,Knee,2023-12-30,nflverse,,2026-09-07T05:49:16.123275+00:00,2023-12-30T00:00:00
NFL_ATL_00-0026190_2023W17_NA_DNP,NFL,2023,17,2023_NFL_W17_ATL_CHI,NFL_ATL,NFL_P_00-0026190,EDGE,,UNKNOWN,DNP,Not injury related - resting player,2023-12-30,nflverse,,2026-09-07T05:49:16.123275+00:00,2023-12-30T00:00:00
NFL_ATL_00-0030578_2023W17_NA_DNP,NFL,2023,17,2023_NFL_W17_ATL_CHI,NFL_ATL,NFL_P_00-0030578,RB,,UNKNOWN,DNP,Not injury related - resting player,2023-12-30,nflverse,,2026-09-07T05:49:16.123275+00:00,2023-12-30T00:00:00
NFL_ATL_00-0035235_2023W17_QUESTIONABLE_LP,NFL,2023,17,2023_NFL_W17_ATL_CHI,NFL_ATL,NFL_P_00-0035235,OL,,QUESTIONABLE,LP,Knee,2023-12-30,nflverse,,2026-09-07T05:49:16.123275+00:00,2023-12-30T00:00:00
NFL_BAL_00-0031235_2023W17_NA_DNP,NFL,2023,17,2023_NFL_W17_MIA_BAL,NFL_BAL,NFL_P_00-0031235,WR,,UNKNOWN,DNP,Not injury related - resting player,2023-12-30,nflverse,,2026-09-07T05:49:16.123275+00:00,2023-12-30T00:00:00
NFL_BAL_00-0038119_2023W17_OUT_DNP,NFL,2023,17,2023_NFL_W17_MIA_BAL,NFL_BAL,NFL_P_00-0038119,CB,,OUT,DNP,Concussion,2023-12-30,nflverse,,2026-09-07T05:49:16.123275+00:00,2023-12-30T00:00:00
NFL_BAL_00-0038038_2023W17_QUESTIONABLE_DNP,NFL,2023,17,2023_NFL_W17_MIA_BAL,NFL_BAL,NFL_P_00-0038038,S,,QUESTIONABLE,DNP,Knee,2023-12-30,nflverse,,2026-09-07T05:49:16.123275+00:00,2023-12-30T00:00:00
NFL_BAL_00-0035202_2023W17_QUESTIONABLE_DNP,NFL,2023,17,2023_NFL_W17_MIA_BAL,NFL_BAL,NFL_P_00-0035202,LB,,QUESTIONABLE,DNP,Shoulder,2023-12-30,nflverse,,2026-09-07T05:49:16.123275+00:00,2023-12-30T00:00:00
NFL_BAL_00-0036987_2023W17_QUESTIONABLE_DNP,NFL,2023,17,2023_NFL_W17_MIA_BAL,NFL_BAL,NFL_P_00-0036987,CB,,QUESTIONABLE,DNP,Ankle,2023-12-30,nflverse,,2026-09-07T05:49:16.123275+00:00,2023-12-30T00:00:00
NFL_BAL_00-0029592_2023W17_QUESTIONABLE_FP,NFL,2023,17,2023_NFL_W17_MIA_BAL,NFL_BAL,NFL_P_00-0029592,OL,,QUESTIONABLE,FP,Knee,2023-12-30,nflverse,,2026-09-07T05:49:16.123275+00:00,2023-12-30T00:00:00
NFL_BAL_00-0039064_2023W17_QUESTIONABLE_LP,NFL,2023,17,2023_NFL_W17_MIA_BAL,NFL_BAL,NFL_P_00-0039064,WR,,QUESTIONABLE,LP,Calf,2023-12-30,nflverse,,2026-09-07T05:49:16.123275+00:00,2023-12-30T00:00:00
NFL_BUF_00-0031588_2023W17_NA_DNP,NFL,2023,17,2023_NFL_W17_NE_BUF,NFL_BUF,NFL_P_00-0031588,WR,,UNKNOWN,DNP,Not injury related - resting player,2023-12-30,nflverse,,2026-09-07T05:49:16.123275+00:00,2023-12-30T00:00:00
NFL_BUF_00-0035357_2023W17_NA_DNP,NFL,2023,17,2023_NFL_W17_NE_BUF,NFL_BUF,NFL_P_00-0035357,CB,,UNKNOWN,DNP,Thumb,2023-12-30,nflverse,,2026-09-07T05:49:16.123275+00:00,2023-12-30T00:00:00
NFL_BUF_00-0037254_2023W17_NA_LP,NFL,2023,17,2023_NFL_W17_NE_BUF,NFL_BUF,NFL_P_00-0037254,LB,,UNKNOWN,LP,Ankle,2023-12-30,nflverse,,2026-09-07T05:49:16.123275+00:00,2023-12-30T00:00:00
NFL_BUF_00-0036192_2023W17_QUESTIONABLE_FP,NFL,2023,17,2023_NFL_W17_NE_BUF,NFL_BUF,NFL_P_00-0036192,EDGE,,QUESTIONABLE,FP,Rib,2023-12-30,nflverse,,2026-09-07T05:49:16.123275+00:00,2023-12-30T00:00:00
NFL_BUF_00-0031054_2023W17_QUESTIONABLE_FP,NFL,2023,17,2023_NFL_W17_NE_BUF,NFL_BUF,NFL_P_00-0031054,DL,,QUESTIONABLE,FP,Pectoral,2023-12-30,nflverse,,2026-09-07T05:49:16.123275+00:00,2023-12-30T00:00:00
NFL_BUF_00-0038590_2023W17_QUESTIONABLE_FP,NFL,2023,17,2023_NFL_W17_NE_BUF,NFL_BUF,NFL_P_00-0038590,WR,,QUESTIONABLE,FP,Hamstring,2023-12-30,nflverse,,2026-09-07T05:49:16.123275+00:00,2023-12-30T00:00:00
NFL_BUF_00-0036888_2023W17_QUESTIONABLE_LP,NFL,2023,17,2023_NFL_W17_NE_BUF,NFL_BUF,NFL_P_00-0036888,S,,QUESTIONABLE,LP,Shoulder,2023-12-30,nflverse,,2026-09-07T05:49:16.123275+00:00,2023-12-30T00:00:00
NFL_CAR_00-0030035_2023W17_NA_DNP,NFL,2023,17,2023_NFL_W17_CAR_JAX,NFL_CAR,NFL_P_00-0030035,WR,,UNKNOWN,DNP,Not injury related - resting player,2023-12-30,nflverse,,2026-09-07T05:49:16.123275+00:00,2023-12-30T00:00:00
NFL_CAR_00-0031785_2023W17_OUT_DNP,NFL,2023,17,2023_NFL_W17_CAR_JAX,NFL_CAR,NFL_P_00-0031785,CB,,OUT,DNP,Concussion,2023-12-30,nflverse,,2026-09-07T05:49:16.123275+00:00,2023-12-30T00:00:00
NFL_CAR_00-0034382_2023W17_QUESTIONABLE_FP,NFL,2023,17,2023_NFL_W17_CAR_JAX,NFL_CAR,NFL_P_00-0034382,LB,,QUESTIONABLE,FP,Back,2023-12-30,nflverse,,2026-09-07T05:49:16.123275+00:00,2023-12-30T00:00:00
NFL_CAR_00-0037229_2023W17_QUESTIONABLE_LP,NFL,2023,17,2023_NFL_W17_CAR_JAX,NFL_CAR,NFL_P_00-0037229,OL,,QUESTIONABLE,LP,Foot,2023-12-30,nflverse,,2026-09-07T05:49:16.123275+00:00,2023-12-30T00:00:00
NFL_CAR_00-0036944_2023W17_QUESTIONABLE_LP,NFL,2023,17,2023_NFL_W17_CAR_JAX,NFL_CAR,NFL_P_00-0036944,CB,,QUESTIONABLE,LP,Toe,2023-12-30,nflverse,,2026-09-07T05:49:16.123275+00:00,2023-12-30T00:00:00
NFL_CAR_00-0034302_2023W17_QUESTIONABLE_LP,NFL,2023,17,2023_NFL_W17_CAR_JAX,NFL_CAR,NFL_P_00-0034302,LB,,QUESTIONABLE,LP,Quadricep,2023-12-30,nflverse,,2026-09-07T05:49:16.123275+00:00,2023-12-30T00:00:00
NFL_CHI_00-0024243_2023W17_NA_DNP,NFL,2023,17,2023_NFL_W17_ATL_CHI,NFL_CHI,NFL_P_00-0024243,TE,,UNKNOWN,DNP,Not injury related - resting player,2023-12-30,nflverse,,2026-09-07T05:49:16.123275+00:00,2023-12-30T00:00:00
NFL_CHI_00-0036309_2023W17_OUT_DNP,NFL,2023,17,2023_NFL_W17_ATL_CHI,NFL_CHI,NFL_P_00-0036309,WR,,OUT,DNP,Concussion,2023-12-30,nflverse,,2026-09-07T05:49:16.123275+00:00,2023-12-30T00:00:00
NFL_CHI_00-0036290_2023W17_QUESTIONABLE_LP,NFL,2023,17,2023_NFL_W17_ATL_CHI,NFL_CHI,NFL_P_00-0036290,TE,,QUESTIONABLE,LP,Knee,2023-12-30,nflverse,,2026-09-07T05:49:16.123275+00:00,2023-12-30T00:00:00
NFL_CHI_00-0033082_2023W17_QUESTIONABLE_LP,NFL,2023,17,2023_NFL_W17_ATL_CHI,NFL_CHI,NFL_P_00-0033082,OL,,QUESTIONABLE,LP,Knee,2023-12-30,nflverse,,2026-09-07T05:49:16.123275+00:00,2023-12-30T00:00:00
NFL_CIN_00-0033897_2023W17_NA_LP,NFL,2023,17,2023_NFL_W17_CIN_KC,NFL_CIN,NFL_P_00-0033897,RB,,UNKNOWN,LP,Ankle,2023-12-30,nflverse,,2026-09-07T05:49:16.123275+00:00,2023-12-30T00:00:00
NFL_CIN_00-0036900_2023W17_QUESTIONABLE_LP,NFL,2023,17,2023_NFL_W17_CIN_KC,NFL_CIN,NFL_P_00-0036900,WR,,QUESTIONABLE,LP,Shoulder,2023-12-30,nflverse,,2026-09-07T05:49:16.123275+00:00,2023-12-30T00:00:00
NFL_CIN_00-0034446_2023W17_QUESTIONABLE_LP,NFL,2023,17,2023_NFL_W17_CIN_KC,NFL_CIN,NFL_P_00-0034446,CB,,QUESTIONABLE,LP,Groin,2023-12-30,nflverse,,2026-09-07T05:49:16.123275+00:00,2023-12-30T00:00:00
NFL_CLE_00-0038583_2023W17_NA_DNP,NFL,2023,17,2023_NFL_W17_NYJ_CLE,NFL_CLE,NFL_P_00-0038583,QB,,UNKNOWN,DNP,Hip,2023-12-28,nflverse,,2026-09-07T05:49:16.123275+00:00,2023-12-28T00:00:00
NFL_CLE_00-0031576_2023W17_NA_LP,NFL,2023,17,2023_NFL_W17_NYJ_CLE,NFL_CLE,NFL_P_00-0031576,EDGE,,UNKNOWN,LP,Pectoral,2023-12-28,nflverse,,2026-09-07T05:49:16.123275+00:00,2023-12-28T00:00:00
NFL_CLE_00-0030098_2023W17_OUT_DNP,NFL,2023,17,2023_NFL_W17_NYJ_CLE,NFL_CLE,NFL_P_00-0030098,K,,OUT,DNP,left Hamstring,2023-12-28,nflverse,,2026-09-07T05:49:16.123275+00:00,2023-12-28T00:00:00
NFL_CLE_00-0034807_2023W17_OUT_DNP,NFL,2023,17,2023_NFL_W17_NYJ_CLE,NFL_CLE,NFL_P_00-0034807,EDGE,,OUT,DNP,Pectoral,2023-12-28,nflverse,,2026-09-07T05:49:16.123275+00:00,2023-12-28T00:00:00
NFL_CLE_00-0033570_2023W17_OUT_DNP,NFL,2023,17,2023_NFL_W17_NYJ_CLE,NFL_CLE,NFL_P_00-0033570,LB,,OUT,DNP,Knee,2023-12-28,nflverse,,2026-09-07T05:49:16.123275+00:00,2023-12-28T00:00:00
NFL_CLE_00-0034721_2023W17_DOUBTFUL_DNP,NFL,2023,17,2023_NFL_W17_NYJ_CLE,NFL_CLE,NFL_P_00-0034721,P,,DOUBTFUL,DNP,left Quadricep,2023-12-28,nflverse,,2026-09-07T05:49:16.123275+00:00,2023-12-28T00:00:00
NFL_CLE_00-0031544_2023W17_QUESTIONABLE_DNP,NFL,2023,17,2023_NFL_W17_NYJ_CLE,NFL_CLE,NFL_P_00-0031544,WR,,QUESTIONABLE,DNP,Not injury related - resting player,2023-12-28,nflverse,,2026-09-07T05:49:16.123275+00:00,2023-12-28T00:00:00
NFL_CLE_00-0035625_2023W17_QUESTIONABLE_FP,NFL,2023,17,2023_NFL_W17_NYJ_CLE,NFL_CLE,NFL_P_00-0035625,S,,QUESTIONABLE,FP,Calf,2023-12-28,nflverse,,2026-09-07T05:49:16.123275+00:00,2023-12-28T00:00:00
NFL_CLE_00-0030068_2023W17_QUESTIONABLE_LP,NFL,2023,17,2023_NFL_W17_NYJ_CLE,NFL_CLE,NFL_P_00-0030068,WR,,QUESTIONABLE,LP,Knee,2023-12-28,nflverse,,2026-09-07T05:49:16.123275+00:00,2023-12-28T00:00:00
NFL_DAL_00-0031402_2023W17_NA_DNP,NFL,2023,17,2023_NFL_W17_DET_DAL,NFL_DAL,NFL_P_00-0031402,OL,,UNKNOWN,DNP,Not injury related - resting player,2023-12-30,nflverse,,2026-09-07T05:49:16.123275+00:00,2023-12-30T00:00:00
NFL_DAL_00-0031236_2023W17_NA_LP,NFL,2023,17,2023_NFL_W17_DET_DAL,NFL_DAL,NFL_P_00-0031236,WR,,UNKNOWN,LP,Not injury related - resting player,2023-12-30,nflverse,,2026-09-07T05:49:16.123275+00:00,2023-12-30T00:00:00
NFL_DAL_00-0029542_2023W17_NA_LP,NFL,2023,17,2023_NFL_W17_DET_DAL,NFL_DAL,NFL_P_00-0029542,CB,,UNKNOWN,LP,Not injury related - resting player,2023-12-30,nflverse,,2026-09-07T05:49:16.123275+00:00,2023-12-30T00:00:00
NFL_DAL_00-0031411_2023W17_NA_LP,NFL,2023,17,2023_NFL_W17_DET_DAL,NFL_DAL,NFL_P_00-0031411,EDGE,,UNKNOWN,LP,Not injury related - resting player,2023-12-30,nflverse,,2026-09-07T05:49:16.123275+00:00,2023-12-30T00:00:00
NFL_DAL_00-0033928_2023W17_NA_LP,NFL,2023,17,2023_NFL_W17_DET_DAL,NFL_DAL,NFL_P_00-0033928,CB,,UNKNOWN,LP,Not injury related - resting player,2023-12-30,nflverse,,2026-09-07T05:49:16.123275+00:00,2023-12-30T00:00:00
NFL_DAL_00-0036139_2023W17_OUT_DNP,NFL,2023,17,2023_NFL_W17_DET_DAL,NFL_DAL,NFL_P_00-0036139,RB,,OUT,DNP,Ankle,2023-12-30,nflverse,,2026-09-07T05:49:16.123275+00:00,2023-12-30T00:00:00
NFL_DAL_00-0030063_2023W17_OUT_DNP,NFL,2023,17,2023_NFL_W17_DET_DAL,NFL_DAL,NFL_P_00-0030063,DL,,OUT,DNP,Knee,2023-12-30,nflverse,,2026-09-07T05:49:16.123275+00:00,2023-12-30T00:00:00
NFL_DAL_00-0038575_2023W17_QUESTIONABLE_FP,NFL,2023,17,2023_NFL_W17_DET_DAL,NFL_DAL,NFL_P_00-0038575,EDGE,,QUESTIONABLE,FP,Knee,2023-12-30,nflverse,,2026-09-07T05:49:16.123275+00:00,2023-12-30T00:00:00
NFL_DAL_00-0027947_2023W17_QUESTIONABLE_LP,NFL,2023,17,2023_NFL_W17_DET_DAL,NFL_DAL,NFL_P_00-0027947,OL,,QUESTIONABLE,LP,Back,2023-12-30,nflverse,,2026-09-07T05:49:16.123275+00:00,2023-12-30T00:00:00
NFL_DEN_00-0036995_2023W17_OUT_DNP,NFL,2023,17,2023_NFL_W17_LAC_DEN,NFL_DEN,NFL_P_00-0036995,LB,,OUT,DNP,Concussion,2023-12-30,nflverse,,2026-09-07T05:49:16.123275+00:00,2023-12-30T00:00:00
NFL_DEN_00-0037252_2023W17_OUT_DNP,NFL,2023,17,2023_NFL_W17_LAC_DEN,NFL_DEN,NFL_P_00-0037252,TE,,OUT,DNP,Hamstring,2023-12-30,nflverse,,2026-09-07T05:49:16.123275+00:00,2023-12-30T00:00:00
NFL_DEN_00-0034348_2023W17_OUT_DNP,NFL,2023,17,2023_NFL_W17_LAC_DEN,NFL_DEN,NFL_P_00-0034348,WR,,OUT,DNP,Concussion,2023-12-30,nflverse,,2026-09-07T05:49:16.123275+00:00,2023-12-30T00:00:00
NFL_DEN_00-0038796_2023W17_OUT_FP,NFL,2023,17,2023_NFL_W17_LAC_DEN,NFL_DEN,NFL_P_00-0038796,OL,,OUT,FP,Knee,2023-12-30,nflverse,,2026-09-07T05:49:16.123275+00:00,2023-12-30T00:00:00
NFL_DEN_00-0036407_2023W17_QUESTIONABLE_DNP,NFL,2023,17,2023_NFL_W17_LAC_DEN,NFL_DEN,NFL_P_00-0036407,WR,,QUESTIONABLE,DNP,Illness,2023-12-30,nflverse,,2026-09-07T05:49:16.123275+00:00,2023-12-30T00:00:00
NFL_DEN_00-0038976_2023W17_QUESTIONABLE_DNP,NFL,2023,17,2023_NFL_W17_LAC_DEN,NFL_DEN,NFL_P_00-0038976,WR,,QUESTIONABLE,DNP,Hamstring,2023-12-30,nflverse,,2026-09-07T05:49:16.123275+00:00,2023-12-30T00:00:00
NFL_DEN_00-0032450_2023W17_QUESTIONABLE_DNP,NFL,2023,17,2023_NFL_W17_LAC_DEN,NFL_DEN,NFL_P_00-0032450,RB,,QUESTIONABLE,DNP,Illness,2023-12-30,nflverse,,2026-09-07T05:49:16.123275+00:00,2023-12-30T00:00:00
NFL_DET_00-0034345_2023W17_NA_DNP,NFL,2023,17,2023_NFL_W17_DET_DAL,NFL_DET,NFL_P_00-0034345,OL,,UNKNOWN,DNP,Back,2023-12-30,nflverse,,2026-09-07T05:49:16.123275+00:00,2023-12-30T00:00:00
NFL_DET_00-0036754_2023W17_OUT_DNP,NFL,2023,17,2023_NFL_W17_DET_DAL,NFL_DET,NFL_P_00-0036754,TE,,OUT,DNP,Hip,2023-12-30,nflverse,,2026-09-07T05:49:16.123275+00:00,2023-12-30T00:00:00
NFL_DET_00-0035253_2023W17_OUT_LP,NFL,2023,17,2023_NFL_W17_DET_DAL,NFL_DET,NFL_P_00-0035253,S,,OUT,LP,Pectoral,2023-12-30,nflverse,,2026-09-07T05:49:16.123275+00:00,2023-12-30T00:00:00
NFL_DET_00-0037310_2023W17_OUT_LP,NFL,2023,17,2023_NFL_W17_DET_DAL,NFL_DET,NFL_P_00-0037310,LB,,OUT,LP,Ankle,2023-12-30,nflverse,,2026-09-07T05:49:16.123275+00:00,2023-12-30T00:00:00
NFL_DET_00-0033930_2023W17_QUESTIONABLE_DNP,NFL,2023,17,2023_NFL_W17_DET_DAL,NFL_DET,NFL_P_00-0033930,CB,,QUESTIONABLE,DNP,Toe,2023-12-30,nflverse,,2026-09-07T05:49:16.123275+00:00,2023-12-30T00:00:00
NFL_GB_00-0036265_2023W17_NA_LP,NFL,2023,17,2023_NFL_W17_GB_MIN,NFL_GB,NFL_P_00-0036265,RB,,UNKNOWN,LP,Thumb,2023-12-31,nflverse,,2026-09-07T05:49:16.123275+00:00,2023-12-31T00:00:00
NFL_GB_00-0035526_2023W17_NA_LP,NFL,2023,17,2023_NFL_W17_GB_MIN,NFL_GB,NFL_P_00-0035526,OL,,UNKNOWN,LP,Shoulder,2023-12-31,nflverse,,2026-09-07T05:49:16.123275+00:00,2023-12-31T00:00:00
NFL_GB_00-0033293_2023W17_NA_LP,NFL,2023,17,2023_NFL_W17_GB_MIN,NFL_GB,NFL_P_00-0033293,RB,,UNKNOWN,LP,Knee,2023-12-31,nflverse,,2026-09-07T05:49:16.123275+00:00,2023-12-31T00:00:00
NFL_GB_00-0034485_2023W17_NA_LP,NFL,2023,17,2023_NFL_W17_GB_MIN,NFL_GB,NFL_P_00-0034485,S,,UNKNOWN,LP,Knee,2023-12-31,nflverse,,2026-09-07T05:49:16.123275+00:00,2023-12-31T00:00:00
NFL_GB_00-0039146_2023W17_NA_LP,NFL,2023,17,2023_NFL_W17_GB_MIN,NFL_GB,NFL_P_00-0039146,WR,,UNKNOWN,LP,Toe,2023-12-31,nflverse,,2026-09-07T05:49:16.123275+00:00,2023-12-31T00:00:00
NFL_GB_00-0037074_2023W17_NA_LP,NFL,2023,17,2023_NFL_W17_GB_MIN,NFL_GB,NFL_P_00-0037074,LB,,UNKNOWN,LP,Shoulder,2023-12-31,nflverse,,2026-09-07T05:49:16.123275+00:00,2023-12-31T00:00:00
NFL_GB_00-0036901_2023W17_OUT_NA,NFL,2023,17,2023_NFL_W17_GB_MIN,NFL_GB,NFL_P_00-0036901,CB,,OUT,,Hamstring,2023-12-31,nflverse,,2026-09-07T05:49:16.123275+00:00,2023-12-31T00:00:00
NFL_GB_00-0032401_2023W17_DOUBTFUL_DNP,NFL,2023,17,2023_NFL_W17_GB_MIN,NFL_GB,NFL_P_00-0032401,LB,,DOUBTFUL,DNP,Neck,2023-12-31,nflverse,,2026-09-07T05:49:16.123275+00:00,2023-12-31T00:00:00
NFL_GB_00-0038124_2023W17_DOUBTFUL_DNP,NFL,2023,17,2023_NFL_W17_GB_MIN,NFL_GB,NFL_P_00-0038124,WR,,DOUBTFUL,DNP,Hamstring,2023-12-31,nflverse,,2026-09-07T05:49:16.123275+00:00,2023-12-31T00:00:00
NFL_GB_00-0037305_2023W17_DOUBTFUL_FP,NFL,2023,17,2023_NFL_W17_GB_MIN,NFL_GB,NFL_P_00-0037305,OL,,DOUBTFUL,FP,Ankle,2023-12-31,nflverse,,2026-09-07T05:49:16.123275+00:00,2023-12-31T00:00:00
NFL_GB_00-0038797_2023W17_DOUBTFUL_FP,NFL,2023,17,2023_NFL_W17_GB_MIN,NFL_GB,NFL_P_00-0038797,RB,,DOUBTFUL,FP,Shoulder,2023-12-31,nflverse,,2026-09-07T05:49:16.123275+00:00,2023-12-31T00:00:00
NFL_GB_00-0039144_2023W17_DOUBTFUL_LP,NFL,2023,17,2023_NFL_W17_GB_MIN,NFL_GB,NFL_P_00-0039144,TE,,DOUBTFUL,LP,kidney,2023-12-31,nflverse,,2026-09-07T05:49:16.123275+00:00,2023-12-31T00:00:00
NFL_GB_00-0038393_2023W17_QUESTIONABLE_DNP,NFL,2023,17,2023_NFL_W17_GB_MIN,NFL_GB,NFL_P_00-0038393,WR,,QUESTIONABLE,DNP,Chest,2023-12-31,nflverse,,2026-09-07T05:49:16.123275+00:00,2023-12-31T00:00:00
NFL_GB_00-0036904_2023W17_QUESTIONABLE_LP,NFL,2023,17,2023_NFL_W17_GB_MIN,NFL_GB,NFL_P_00-0036904,CB,,QUESTIONABLE,LP,Neck,2023-12-31,nflverse,,2026-09-07T05:49:16.123275+00:00,2023-12-31T00:00:00
NFL_GB_00-0034968_2023W17_QUESTIONABLE_LP,NFL,2023,17,2023_NFL_W17_GB_MIN,NFL_GB,NFL_P_00-0034968,S,,QUESTIONABLE,LP,Shoulder,2023-12-31,nflverse,,2026-09-07T05:49:16.123275+00:00,2023-12-31T00:00:00
NFL_GB_00-0036642_2023W17_QUESTIONABLE_LP,NFL,2023,17,2023_NFL_W17_GB_MIN,NFL_GB,NFL_P_00-0036642,DL,,QUESTIONABLE,LP,Knee,2023-12-31,nflverse,,2026-09-07T05:49:16.123275+00:00,2023-12-31T00:00:00
NFL_HOU_00-0031584_2023W17_NA_DNP,NFL,2023,17,2023_NFL_W17_TEN_HOU,NFL_HOU,NFL_P_00-0031584,S,,UNKNOWN,DNP,Not injury related - personal matter,2023-12-30,nflverse,,2026-09-07T05:49:16.123275+00:00,2023-12-30T00:00:00
NFL_HOU_00-0030431_2023W17_NA_LP,NFL,2023,17,2023_NFL_W17_TEN_HOU,NFL_HOU,NFL_P_00-0030431,WR,,UNKNOWN,LP,Not injury related - resting player,2023-12-30,nflverse,,2026-09-07T05:49:16.123275+00:00,2023-12-30T00:00:00
NFL_HOU_00-0036224_2023W17_OUT_DNP,NFL,2023,17,2023_NFL_W17_TEN_HOU,NFL_HOU,NFL_P_00-0036224,EDGE,,OUT,DNP,Ankle,2023-12-30,nflverse,,2026-09-07T05:49:16.123275+00:00,2023-12-30T00:00:00
NFL_HOU_00-0033131_2023W17_QUESTIONABLE_DNP,NFL,2023,17,2023_NFL_W17_TEN_HOU,NFL_HOU,NFL_P_00-0033131,DL,,QUESTIONABLE,DNP,Hip,2023-12-30,nflverse,,2026-09-07T05:49:16.123275+00:00,2023-12-30T00:00:00
NFL_HOU_00-0032150_2023W17_QUESTIONABLE_DNP,NFL,2023,17,2023_NFL_W17_TEN_HOU,NFL_HOU,NFL_P_00-0032150,CB,,QUESTIONABLE,DNP,Foot,2023-12-30,nflverse,,2026-09-07T05:49:16.123275+00:00,2023-12-30T00:00:00
NFL_HOU_00-0039108_2023W17_QUESTIONABLE_LP,NFL,2023,17,2023_NFL_W17_TEN_HOU,NFL_HOU,NFL_P_00-0039108,EDGE,,QUESTIONABLE,LP,Ankle,2023-12-30,nflverse,,2026-09-07T05:49:16.123275+00:00,2023-12-30T00:00:00
NFL_HOU_00-0034959_2023W17_QUESTIONABLE_LP,NFL,2023,17,2023_NFL_W17_TEN_HOU,NFL_HOU,NFL_P_00-0034959,RB,,QUESTIONABLE,LP,Calf,2023-12-30,nflverse,,2026-09-07T05:49:16.123275+00:00,2023-12-30T00:00:00
NFL_HOU_00-0032759_2023W17_QUESTIONABLE_LP,NFL,2023,17,2023_NFL_W17_TEN_HOU,NFL_HOU,NFL_P_00-0032759,DL,,QUESTIONABLE,LP,Ankle,2023-12-30,nflverse,,2026-09-07T05:49:16.123275+00:00,2023-12-30T00:00:00
NFL_IND_00-0032378_2023W17_NA_DNP,NFL,2023,17,2023_NFL_W17_LV_IND,NFL_IND,NFL_P_00-0032378,DL,,UNKNOWN,DNP,Not injury related - resting player,2023-12-30,nflverse,,2026-09-07T05:49:16.123275+00:00,2023-12-30T00:00:00
NFL_IND_00-0036251_2023W17_OUT_DNP,NFL,2023,17,2023_NFL_W17_LV_IND,NFL_IND,NFL_P_00-0036251,RB,,OUT,DNP,Forearm,2023-12-30,nflverse,,2026-09-07T05:49:16.123275+00:00,2023-12-30T00:00:00
NFL_IND_00-0036644_2023W17_QUESTIONABLE_DNP,NFL,2023,17,2023_NFL_W17_LV_IND,NFL_IND,NFL_P_00-0036644,LB,,QUESTIONABLE,DNP,Illness,2023-12-30,nflverse,,2026-09-07T05:49:16.123275+00:00,2023-12-30T00:00:00
NFL_IND_00-0033393_2023W17_QUESTIONABLE_DNP,NFL,2023,17,2023_NFL_W17_LV_IND,NFL_IND,NFL_P_00-0033393,CB,,QUESTIONABLE,DNP,Back,2023-12-30,nflverse,,2026-09-07T05:49:16.123275+00:00,2023-12-30T00:00:00
NFL_IND_00-0035045_2023W17_QUESTIONABLE_FP,NFL,2023,17,2023_NFL_W17_LV_IND,NFL_IND,NFL_P_00-0035045,WR,,QUESTIONABLE,FP,Groin,2023-12-30,nflverse,,2026-09-07T05:49:16.123275+00:00,2023-12-30T00:00:00
NFL_IND_00-0036252_2023W17_QUESTIONABLE_FP,NFL,2023,17,2023_NFL_W17_LV_IND,NFL_IND,NFL_P_00-0036252,WR,,QUESTIONABLE,FP,Concussion,2023-12-30,nflverse,,2026-09-07T05:49:16.123275+00:00,2023-12-30T00:00:00
NFL_IND_00-0034836_2023W17_QUESTIONABLE_FP,NFL,2023,17,2023_NFL_W17_LV_IND,NFL_IND,NFL_P_00-0034836,OL,,QUESTIONABLE,FP,Knee,2023-12-30,nflverse,,2026-09-07T05:49:16.123275+00:00,2023-12-30T00:00:00
NFL_JAX_00-0038616_2023W17_NA_LP,NFL,2023,17,2023_NFL_W17_CAR_JAX,NFL_JAX,NFL_P_00-0038616,CB,,UNKNOWN,LP,Hamstring,2023-12-30,nflverse,,2026-09-07T05:49:16.123275+00:00,2023-12-30T00:00:00
NFL_JAX_00-0036974_2023W17_NA_LP,NFL,2023,17,2023_NFL_W17_CAR_JAX,NFL_JAX,NFL_P_00-0036974,CB,,UNKNOWN,LP,Finger,2023-12-30,nflverse,,2026-09-07T05:49:16.123275+00:00,2023-12-30T00:00:00
NFL_JAX_00-0036941_2023W17_NA_LP,NFL,2023,17,2023_NFL_W17_CAR_JAX,NFL_JAX,NFL_P_00-0036941,S,,UNKNOWN,LP,Groin,2023-12-30,nflverse,,2026-09-07T05:49:16.123275+00:00,2023-12-30T00:00:00
NFL_JAX_00-0036327_2023W17_NA_LP,NFL,2023,17,2023_NFL_W17_CAR_JAX,NFL_JAX,NFL_P_00-0036327,OL,,UNKNOWN,LP,Knee,2023-12-30,nflverse,,2026-09-07T05:49:16.123275+00:00,2023-12-30T00:00:00
NFL_JAX_00-0036975_2023W17_NA_LP,NFL,2023,17,2023_NFL_W17_CAR_JAX,NFL_JAX,NFL_P_00-0036975,OL,,UNKNOWN,LP,Hamstring,2023-12-30,nflverse,,2026-09-07T05:49:16.123275+00:00,2023-12-30T00:00:00
NFL_JAX_00-0038935_2023W17_NA_LP,NFL,2023,17,2023_NFL_W17_CAR_JAX,NFL_JAX,NFL_P_00-0038935,TE,,UNKNOWN,LP,Foot,2023-12-30,nflverse,,2026-09-07T05:49:16.123275+00:00,2023-12-30T00:00:00
NFL_JAX_00-0036971_2023W17_OUT_DNP,NFL,2023,17,2023_NFL_W17_CAR_JAX,NFL_JAX,NFL_P_00-0036971,QB,,OUT,DNP,right Shoulder,2023-12-30,nflverse,,2026-09-07T05:49:16.123275+00:00,2023-12-30T00:00:00
NFL_JAX_00-0033891_2023W17_QUESTIONABLE_LP,NFL,2023,17,2023_NFL_W17_CAR_JAX,NFL_JAX,NFL_P_00-0033891,WR,,QUESTIONABLE,LP,Knee,2023-12-30,nflverse,,2026-09-07T05:49:16.123275+00:00,2023-12-30T00:00:00
NFL_JAX_00-0033889_2023W17_QUESTIONABLE_LP,NFL,2023,17,2023_NFL_W17_CAR_JAX,NFL_JAX,NFL_P_00-0033889,OL,,QUESTIONABLE,LP,Knee,2023-12-30,nflverse,,2026-09-07T05:49:16.123275+00:00,2023-12-30T00:00:00
NFL_KC_00-0032217_2023W17_OUT_DNP,NFL,2023,17,2023_NFL_W17_CIN_KC,NFL_KC,NFL_P_00-0032217,OL,,OUT,DNP,Neck,2023-12-30,nflverse,,2026-09-07T05:49:16.123275+00:00,2023-12-30T00:00:00
NFL_KC_00-0036913_2023W17_OUT_DNP,NFL,2023,17,2023_NFL_W17_CIN_KC,NFL_KC,NFL_P_00-0036913,WR,,OUT,DNP,Hip,2023-12-30,nflverse,,2026-09-07T05:49:16.123275+00:00,2023-12-30T00:00:00
NFL_KC_00-0036360_2023W17_QUESTIONABLE_DNP,NFL,2023,17,2023_NFL_W17_CIN_KC,NFL_KC,NFL_P_00-0036360,RB,,QUESTIONABLE,DNP,Illness,2023-12-30,nflverse,,2026-09-07T05:49:16.123275+00:00,2023-12-30T00:00:00
NFL_KC_00-0036374_2023W17_QUESTIONABLE_DNP,NFL,2023,17,2023_NFL_W17_CIN_KC,NFL_KC,NFL_P_00-0036374,CB,,QUESTIONABLE,DNP,Calf,2023-12-30,nflverse,,2026-09-07T05:49:16.123275+00:00,2023-12-30T00:00:00
NFL_KC_00-0035140_2023W17_QUESTIONABLE_FP,NFL,2023,17,2023_NFL_W17_CIN_KC,NFL_KC,NFL_P_00-0035140,WR,,QUESTIONABLE,FP,Thumb,2023-12-30,nflverse,,2026-09-07T05:49:16.123275+00:00,2023-12-30T00:00:00
NFL_KC_00-0037197_2023W17_QUESTIONABLE_LP,NFL,2023,17,2023_NFL_W17_CIN_KC,NFL_KC,NFL_P_00-0037197,RB,,QUESTIONABLE,LP,Concussion,2023-12-30,nflverse,,2026-09-07T05:49:16.123275+00:00,2023-12-30T00:00:00
NFL_LAR_00-0034804_2023W17_NA_DNP,NFL,2023,17,2023_NFL_W17_LAR_NYG,NFL_LAR,NFL_P_00-0034804,OL,,UNKNOWN,DNP,Not injury related - resting player,2023-12-30,nflverse,,2026-09-07T05:49:16.123275+00:00,2023-12-30T00:00:00
NFL_LAR_00-0031388_2023W17_NA_DNP,NFL,2023,17,2023_NFL_W17_LAR_NYG,NFL_LAR,NFL_P_00-0031388,DL,,UNKNOWN,DNP,Not injury related - resting player,2023-12-30,nflverse,,2026-09-07T05:49:16.123275+00:00,2023-12-30T00:00:00
NFL_LAR_00-0039134_2023W17_OUT_DNP,NFL,2023,17,2023_NFL_W17_LAR_NYG,NFL_LAR,NFL_P_00-0039134,CB,,OUT,DNP,Hamstring,2023-12-30,nflverse,,2026-09-07T05:49:16.123275+00:00,2023-12-30T00:00:00
NFL_LAR_00-0036603_2023W17_QUESTIONABLE_DNP,NFL,2023,17,2023_NFL_W17_LAR_NYG,NFL_LAR,NFL_P_00-0036603,OL,,QUESTIONABLE,DNP,Thigh,2023-12-30,nflverse,,2026-09-07T05:49:16.123275+00:00,2023-12-30T00:00:00
NFL_LAR_00-0036994_2023W17_QUESTIONABLE_DNP,NFL,2023,17,2023_NFL_W17_LAR_NYG,NFL_LAR,NFL_P_00-0036994,LB,,QUESTIONABLE,DNP,Illness,2023-12-30,nflverse,,2026-09-07T05:49:16.123275+00:00,2023-12-30T00:00:00
NFL_LAR_00-0039075_2023W17_QUESTIONABLE_DNP,NFL,2023,17,2023_NFL_W17_LAR_NYG,NFL_LAR,NFL_P_00-0039075,WR,,QUESTIONABLE,DNP,Hip,2023-12-30,nflverse,,2026-09-07T05:49:16.123275+00:00,2023-12-30T00:00:00
NFL_LAR_00-0034803_2023W17_QUESTIONABLE_LP,NFL,2023,17,2023_NFL_W17_LAR_NYG,NFL_LAR,NFL_P_00-0034803,OL,,QUESTIONABLE,LP,Foot,2023-12-30,nflverse,,2026-09-07T05:49:16.123275+00:00,2023-12-30T00:00:00
NFL_LAC_00-0031040_2023W17_NA_DNP,NFL,2023,17,2023_NFL_W17_LAC_DEN,NFL_LAC,NFL_P_00-0031040,EDGE,,UNKNOWN,DNP,Not injury related - resting player,2023-12-30,nflverse,,2026-09-07T05:49:16.123275+00:00,2023-12-30T00:00:00
NFL_LAC_00-0030279_2023W17_OUT_DNP,NFL,2023,17,2023_NFL_W17_LAC_DEN,NFL_LAC,NFL_P_00-0030279,WR,,OUT,DNP,Heel,2023-12-30,nflverse,,2026-09-07T05:49:16.123275+00:00,2023-12-30T00:00:00
NFL_LAC_00-0036988_2023W17_OUT_DNP,NFL,2023,17,2023_NFL_W17_LAC_DEN,NFL_LAC,NFL_P_00-0036988,WR,,OUT,DNP,Concussion,2023-12-30,nflverse,,2026-09-07T05:49:16.123275+00:00,2023-12-30T00:00:00
NFL_LAC_00-0033156_2023W17_OUT_LP,NFL,2023,17,2023_NFL_W17_LAC_DEN,NFL_LAC,NFL_P_00-0033156,EDGE,,OUT,LP,Foot,2023-12-30,nflverse,,2026-09-07T05:49:16.123275+00:00,2023-12-30T00:00:00
NFL_LAC_00-0036441_2023W17_DOUBTFUL_DNP,NFL,2023,17,2023_NFL_W17_LAC_DEN,NFL_LAC,NFL_P_00-0036441,LB,,DOUBTFUL,DNP,Shoulder,2023-12-30,nflverse,,2026-09-07T05:49:16.123275+00:00,2023-12-30T00:00:00
NFL_LAC_00-0030500_2023W17_DOUBTFUL_DNP,NFL,2023,17,2023_NFL_W17_LAC_DEN,NFL_LAC,NFL_P_00-0030500,DL,,DOUBTFUL,DNP,Shoulder,2023-12-30,nflverse,,2026-09-07T05:49:16.123275+00:00,2023-12-30T00:00:00
NFL_LAC_00-0036368_2023W17_DOUBTFUL_FP,NFL,2023,17,2023_NFL_W17_LAC_DEN,NFL_LAC,NFL_P_00-0036368,LB,,DOUBTFUL,FP,Knee,2023-12-30,nflverse,,2026-09-07T05:49:16.123275+00:00,2023-12-30T00:00:00
NFL_LAC_00-0037818_2023W17_QUESTIONABLE_DNP,NFL,2023,17,2023_NFL_W17_LAC_DEN,NFL_LAC,NFL_P_00-0037818,OL,,QUESTIONABLE,DNP,Neck,2023-12-30,nflverse,,2026-09-07T05:49:16.123275+00:00,2023-12-30T00:00:00
NFL_LAC_00-0032394_2023W17_QUESTIONABLE_FP,NFL,2023,17,2023_NFL_W17_LAC_DEN,NFL_LAC,NFL_P_00-0032394,TE,,QUESTIONABLE,FP,Back,2023-12-30,nflverse,,2026-09-07T05:49:16.123275+00:00,2023-12-30T00:00:00
NFL_LAC_00-0037320_2023W17_QUESTIONABLE_LP,NFL,2023,17,2023_NFL_W17_LAC_DEN,NFL_LAC,NFL_P_00-0037320,CB,,QUESTIONABLE,LP,Heel,2023-12-30,nflverse,,2026-09-07T05:49:16.123275+00:00,2023-12-30T00:00:00
NFL_LV_00-0035562_2023W17_NA_DNP,NFL,2023,17,2023_NFL_W17_LV_IND,NFL_LV,NFL_P_00-0035562,TE,,UNKNOWN,DNP,Hamstring,2023-12-30,nflverse,,2026-09-07T05:49:16.123275+00:00,2023-12-30T00:00:00
NFL_LV_00-0029685_2023W17_NA_DNP,NFL,2023,17,2023_NFL_W17_LV_IND,NFL_LV,NFL_P_00-0029685,OL,,UNKNOWN,DNP,Not injury related - personal matter,2023-12-30,nflverse,,2026-09-07T05:49:16.123275+00:00,2023-12-30T00:00:00
NFL_LV_00-0034973_2023W17_NA_LP,NFL,2023,17,2023_NFL_W17_LV_IND,NFL_LV,NFL_P_00-0034973,EDGE,,UNKNOWN,LP,Knee,2023-12-30,nflverse,,2026-09-07T05:49:16.123275+00:00,2023-12-30T00:00:00
NFL_LV_00-0036989_2023W17_NA_LP,NFL,2023,17,2023_NFL_W17_LV_IND,NFL_LV,NFL_P_00-0036989,EDGE,,UNKNOWN,LP,Ribs,2023-12-30,nflverse,,2026-09-07T05:49:16.123275+00:00,2023-12-30T00:00:00
NFL_LV_00-0034759_2023W17_NA_LP,NFL,2023,17,2023_NFL_W17_LV_IND,NFL_LV,NFL_P_00-0034759,OL,,UNKNOWN,LP,Shoulder,2023-12-30,nflverse,,2026-09-07T05:49:16.123275+00:00,2023-12-30T00:00:00
NFL_LV_00-0036527_2023W17_NA_LP,NFL,2023,17,2023_NFL_W17_LV_IND,NFL_LV,NFL_P_00-0036527,WR,,UNKNOWN,LP,Shoulder,2023-12-30,nflverse,,2026-09-07T05:49:16.123275+00:00,2023-12-30T00:00:00
NFL_LV_00-0039066_2023W17_OUT_DNP,NFL,2023,17,2023_NFL_W17_LV_IND,NFL_LV,NFL_P_00-0039066,TE,,OUT,DNP,Toe,2023-12-30,nflverse,,2026-09-07T05:49:16.123275+00:00,2023-12-30T00:00:00
NFL_LV_00-0035700_2023W17_DOUBTFUL_DNP,NFL,2023,17,2023_NFL_W17_LV_IND,NFL_LV,NFL_P_00-0035700,RB,,DOUBTFUL,DNP,Quadricep,2023-12-30,nflverse,,2026-09-07T05:49:16.123275+00:00,2023-12-30T00:00:00
NFL_LV_00-0033290_2023W17_QUESTIONABLE_LP,NFL,2023,17,2023_NFL_W17_LV_IND,NFL_LV,NFL_P_00-0033290,OL,,QUESTIONABLE,LP,Knee,2023-12-30,nflverse,,2026-09-07T05:49:16.123275+00:00,2023-12-30T00:00:00
NFL_LV_00-0035127_2023W17_QUESTIONABLE_LP,NFL,2023,17,2023_NFL_W17_LV_IND,NFL_LV,NFL_P_00-0035127,OL,,QUESTIONABLE,LP,Ankle,2023-12-30,nflverse,,2026-09-07T05:49:16.123275+00:00,2023-12-30T00:00:00
NFL_MIA_00-0030067_2023W17_NA_LP,NFL,2023,17,2023_NFL_W17_MIA_BAL,NFL_MIA,NFL_P_00-0030067,OL,,UNKNOWN,LP,"knee, ankle, back",2023-12-30,nflverse,,2026-09-07T05:49:16.123275+00:00,2023-12-30T00:00:00
NFL_MIA_00-0036613_2023W17_OUT_DNP,NFL,2023,17,2023_NFL_W17_MIA_BAL,NFL_MIA,NFL_P_00-0036613,WR,,OUT,DNP,Ankle,2023-12-30,nflverse,,2026-09-07T05:49:16.123275+00:00,2023-12-30T00:00:00
NFL_MIA_00-0036325_2023W17_DOUBTFUL_LP,NFL,2023,17,2023_NFL_W17_MIA_BAL,NFL_MIA,NFL_P_00-0036325,OL,,DOUBTFUL,LP,Hamstring,2023-12-30,nflverse,,2026-09-07T05:49:16.123275+00:00,2023-12-30T00:00:00
NFL_MIA_00-0035117_2023W17_QUESTIONABLE_LP,NFL,2023,17,2023_NFL_W17_MIA_BAL,NFL_MIA,NFL_P_00-0035117,OL,,QUESTIONABLE,LP,Hip,2023-12-30,nflverse,,2026-09-07T05:49:16.123275+00:00,2023-12-30T00:00:00
NFL_MIA_00-0037010_2023W17_QUESTIONABLE_LP,NFL,2023,17,2023_NFL_W17_MIA_BAL,NFL_MIA,NFL_P_00-0037010,OL,,QUESTIONABLE,LP,Calf,2023-12-30,nflverse,,2026-09-07T05:49:16.123275+00:00,2023-12-30T00:00:00
NFL_MIA_00-0036998_2023W17_QUESTIONABLE_LP,NFL,2023,17,2023_NFL_W17_MIA_BAL,NFL_MIA,NFL_P_00-0036998,S,,QUESTIONABLE,LP,Knee,2023-12-30,nflverse,,2026-09-07T05:49:16.123275+00:00,2023-12-30T00:00:00
NFL_MIA_00-0033050_2023W17_QUESTIONABLE_LP,NFL,2023,17,2023_NFL_W17_MIA_BAL,NFL_MIA,NFL_P_00-0033050,CB,,QUESTIONABLE,LP,Hip,2023-12-30,nflverse,,2026-09-07T05:49:16.123275+00:00,2023-12-30T00:00:00
NFL_MIA_00-0036248_2023W17_QUESTIONABLE_LP,NFL,2023,17,2023_NFL_W17_MIA_BAL,NFL_MIA,NFL_P_00-0036248,OL,,QUESTIONABLE,LP,Oblique,2023-12-30,nflverse,,2026-09-07T05:49:16.123275+00:00,2023-12-30T00:00:00
NFL_MIA_00-0031687_2023W17_QUESTIONABLE_LP,NFL,2023,17,2023_NFL_W17_MIA_BAL,NFL_MIA,NFL_P_00-0031687,RB,,QUESTIONABLE,LP,Knee,2023-12-30,nflverse,,2026-09-07T05:49:16.123275+00:00,2023-12-30T00:00:00
NFL_MIA_00-0033055_2023W17_QUESTIONABLE_LP,NFL,2023,17,2023_NFL_W17_MIA_BAL,NFL_MIA,NFL_P_00-0033055,CB,,QUESTIONABLE,LP,Knee,2023-12-30,nflverse,,2026-09-07T05:49:16.123275+00:00,2023-12-30T00:00:00
NFL_MIN_00-0037301_2023W17_OUT_DNP,NFL,2023,17,2023_NFL_W17_GB_MIN,NFL_MIN,NFL_P_00-0037301,S,,OUT,DNP,Toe,2023-12-31,nflverse,,2026-09-07T05:49:16.123275+00:00,2023-12-31T00:00:00
NFL_MIN_00-0035236_2023W17_OUT_DNP,NFL,2023,17,2023_NFL_W17_GB_MIN,NFL_MIN,NFL_P_00-0035236,CB,,OUT,DNP,Knee,2023-12-31,nflverse,,2026-09-07T05:49:16.123275+00:00,2023-12-31T00:00:00
NFL_MIN_00-0037291_2023W17_OUT_DNP,NFL,2023,17,2023_NFL_W17_GB_MIN,NFL_MIN,NFL_P_00-0037291,WR,,OUT,DNP,Concussion,2023-12-31,nflverse,,2026-09-07T05:49:16.123275+00:00,2023-12-31T00:00:00
NFL_MIN_00-0038584_2023W17_OUT_DNP,NFL,2023,17,2023_NFL_W17_GB_MIN,NFL_MIN,NFL_P_00-0038584,DL,,OUT,DNP,Ankle,2023-12-31,nflverse,,2026-09-07T05:49:16.123275+00:00,2023-12-31T00:00:00
NFL_MIN_00-0038994_2023W17_QUESTIONABLE_LP,NFL,2023,17,2023_NFL_W17_GB_MIN,NFL_MIN,NFL_P_00-0038994,WR,,QUESTIONABLE,LP,Ankle,2023-12-31,nflverse,,2026-09-07T05:49:16.123275+00:00,2023-12-31T00:00:00
NFL_MIN_00-0038565_2023W17_QUESTIONABLE_LP,NFL,2023,17,2023_NFL_W17_GB_MIN,NFL_MIN,NFL_P_00-0038565,CB,,QUESTIONABLE,LP,Shoulder,2023-12-31,nflverse,,2026-09-07T05:49:16.123275+00:00,2023-12-31T00:00:00
NFL_MIN_00-0036338_2023W17_QUESTIONABLE_LP,NFL,2023,17,2023_NFL_W17_GB_MIN,NFL_MIN,NFL_P_00-0036338,LB,,QUESTIONABLE,LP,Wrist,2023-12-31,nflverse,,2026-09-07T05:49:16.123275+00:00,2023-12-31T00:00:00
NFL_NE_00-0032071_2023W17_NA_DNP,NFL,2023,17,2023_NFL_W17_NE_BUF,NFL_NE,NFL_P_00-0032071,OL,,UNKNOWN,DNP,Illness,2023-12-30,nflverse,,2026-09-07T05:49:16.123275+00:00,2023-12-30T00:00:00
NFL_NE_00-0033045_2023W17_NA_DNP,NFL,2023,17,2023_NFL_W17_NE_BUF,NFL_NE,NFL_P_00-0033045,RB,,UNKNOWN,DNP,Illness,2023-12-30,nflverse,,2026-09-07T05:49:16.123275+00:00,2023-12-30T00:00:00
NFL_NE_00-0032803_2023W17_NA_DNP,NFL,2023,17,2023_NFL_W17_NE_BUF,NFL_NE,NFL_P_00-0032803,CB,,UNKNOWN,DNP,Concussion,2023-12-30,nflverse,,2026-09-07T05:49:16.123275+00:00,2023-12-30T00:00:00
NFL_NE_00-0034385_2023W17_NA_LP,NFL,2023,17,2023_NFL_W17_NE_BUF,NFL_NE,NFL_P_00-0034385,LB,,UNKNOWN,LP,Knee,2023-12-30,nflverse,,2026-09-07T05:49:16.123275+00:00,2023-12-30T00:00:00
NFL_NE_00-0038608_2023W17_OUT_DNP,NFL,2023,17,2023_NFL_W17_NE_BUF,NFL_NE,NFL_P_00-0038608,WR,,OUT,DNP,Illness,2023-12-30,nflverse,,2026-09-07T05:49:16.123275+00:00,2023-12-30T00:00:00
NFL_NE_00-0033857_2023W17_OUT_DNP,NFL,2023,17,2023_NFL_W17_NE_BUF,NFL_NE,NFL_P_00-0033857,WR,,OUT,DNP,Ankle,2023-12-30,nflverse,,2026-09-07T05:49:16.123275+00:00,2023-12-30T00:00:00
NFL_NE_00-0036231_2023W17_QUESTIONABLE_DNP,NFL,2023,17,2023_NFL_W17_NE_BUF,NFL_NE,NFL_P_00-0036231,S,,QUESTIONABLE,DNP,Illness,2023-12-30,nflverse,,2026-09-07T05:49:16.123275+00:00,2023-12-30T00:00:00
NFL_NE_00-0036981_2023W17_QUESTIONABLE_LP,NFL,2023,17,2023_NFL_W17_NE_BUF,NFL_NE,NFL_P_00-0036981,DL,,QUESTIONABLE,LP,Knee,2023-12-30,nflverse,,2026-09-07T05:49:16.123275+00:00,2023-12-30T00:00:00
NFL_NE_00-0036087_2023W17_QUESTIONABLE_LP,NFL,2023,17,2023_NFL_W17_NE_BUF,NFL_NE,NFL_P_00-0036087,CB,,QUESTIONABLE,LP,Chest,2023-12-30,nflverse,,2026-09-07T05:49:16.123275+00:00,2023-12-30T00:00:00
NFL_NE_00-0033090_2023W17_QUESTIONABLE_LP,NFL,2023,17,2023_NFL_W17_NE_BUF,NFL_NE,NFL_P_00-0033090,TE,,QUESTIONABLE,LP,Knee,2023-12-30,nflverse,,2026-09-07T05:49:16.123275+00:00,2023-12-30T00:00:00
NFL_NE_00-0036193_2023W17_QUESTIONABLE_LP,NFL,2023,17,2023_NFL_W17_NE_BUF,NFL_NE,NFL_P_00-0036193,LB,,QUESTIONABLE,LP,Knee,2023-12-30,nflverse,,2026-09-07T05:49:16.123275+00:00,2023-12-30T00:00:00
NFL_NE_00-0032580_2023W17_QUESTIONABLE_LP,NFL,2023,17,2023_NFL_W17_NE_BUF,NFL_NE,NFL_P_00-0032580,CB,,QUESTIONABLE,LP,Knee,2023-12-30,nflverse,,2026-09-07T05:49:16.123275+00:00,2023-12-30T00:00:00
NFL_NE_00-0033883_2023W17_QUESTIONABLE_LP,NFL,2023,17,2023_NFL_W17_NE_BUF,NFL_NE,NFL_P_00-0033883,S,,QUESTIONABLE,LP,Hamstring,2023-12-30,nflverse,,2026-09-07T05:49:16.123275+00:00,2023-12-30T00:00:00
NFL_NE_00-0026293_2023W17_QUESTIONABLE_LP,NFL,2023,17,2023_NFL_W17_NE_BUF,NFL_NE,NFL_P_00-0026293,WR,,QUESTIONABLE,LP,Hamstring,2023-12-30,nflverse,,2026-09-07T05:49:16.123275+00:00,2023-12-30T00:00:00
NFL_NE_00-0036559_2023W17_QUESTIONABLE_LP,NFL,2023,17,2023_NFL_W17_NE_BUF,NFL_NE,NFL_P_00-0036559,CB,,QUESTIONABLE,LP,Hip,2023-12-30,nflverse,,2026-09-07T05:49:16.123275+00:00,2023-12-30T00:00:00
NFL_NO_00-0027696_2023W17_NA_LP,NFL,2023,17,2023_NFL_W17_NO_TB,NFL_NO,NFL_P_00-0027696,TE,,UNKNOWN,LP,Not injury related - resting player,2023-12-30,nflverse,,2026-09-07T05:49:16.123275+00:00,2023-12-30T00:00:00
NFL_NO_00-0027962_2023W17_NA_LP,NFL,2023,17,2023_NFL_W17_NO_TB,NFL_NO,NFL_P_00-0027962,EDGE,,UNKNOWN,LP,Ankle,2023-12-30,nflverse,,2026-09-07T05:49:16.123275+00:00,2023-12-30T00:00:00
NFL_NO_00-0035242_2023W17_NA_LP,NFL,2023,17,2023_NFL_W17_NO_TB,NFL_NO,NFL_P_00-0035242,OL,,UNKNOWN,LP,Foot,2023-12-30,nflverse,,2026-09-07T05:49:16.123275+00:00,2023-12-30T00:00:00
NFL_NO_00-0037239_2023W17_NA_LP,NFL,2023,17,2023_NFL_W17_NO_TB,NFL_NO,NFL_P_00-0037239,WR,,UNKNOWN,LP,Ankle,2023-12-30,nflverse,,2026-09-07T05:49:16.123275+00:00,2023-12-30T00:00:00
NFL_NO_00-0035244_2023W17_OUT_DNP,NFL,2023,17,2023_NFL_W17_NO_TB,NFL_NO,NFL_P_00-0035244,CB,,OUT,DNP,Knee,2023-12-30,nflverse,,2026-09-07T05:49:16.123275+00:00,2023-12-30T00:00:00
NFL_NO_00-0033888_2023W17_OUT_DNP,NFL,2023,17,2023_NFL_W17_NO_TB,NFL_NO,NFL_P_00-0033888,OL,,OUT,DNP,Knee,2023-12-30,nflverse,,2026-09-07T05:49:16.123275+00:00,2023-12-30T00:00:00
NFL_NO_00-0038906_2023W17_QUESTIONABLE_DNP,NFL,2023,17,2023_NFL_W17_NO_TB,NFL_NO,NFL_P_00-0038906,P,,QUESTIONABLE,DNP,Illness,2023-12-30,nflverse,,2026-09-07T05:49:16.123275+00:00,2023-12-30T00:00:00
NFL_NO_00-0033906_2023W17_QUESTIONABLE_DNP,NFL,2023,17,2023_NFL_W17_NO_TB,NFL_NO,NFL_P_00-0033906,RB,,QUESTIONABLE,DNP,Illness,2023-12-30,nflverse,,2026-09-07T05:49:16.123275+00:00,2023-12-30T00:00:00
NFL_NO_00-0039143_2023W17_QUESTIONABLE_LP,NFL,2023,17,2023_NFL_W17_NO_TB,NFL_NO,NFL_P_00-0039143,EDGE,,QUESTIONABLE,LP,Quadricep,2023-12-30,nflverse,,2026-09-07T05:49:16.123275+00:00,2023-12-30T00:00:00
NFL_NO_00-0038551_2023W17_QUESTIONABLE_LP,NFL,2023,17,2023_NFL_W17_NO_TB,NFL_NO,NFL_P_00-0038551,RB,,QUESTIONABLE,LP,Ankle,2023-12-30,nflverse,,2026-09-07T05:49:16.123275+00:00,2023-12-30T00:00:00
NFL_NO_00-0036926_2023W17_QUESTIONABLE_LP,NFL,2023,17,2023_NFL_W17_NO_TB,NFL_NO,NFL_P_00-0036926,EDGE,,QUESTIONABLE,LP,Toe,2023-12-30,nflverse,,2026-09-07T05:49:16.123275+00:00,2023-12-30T00:00:00
NFL_NYG_00-0035042_2023W17_NA_LP,NFL,2023,17,2023_NFL_W17_LAR_NYG,NFL_NYG,NFL_P_00-0035042,P,,UNKNOWN,LP,left Groin,2023-12-30,nflverse,,2026-09-07T05:49:16.123275+00:00,2023-12-30T00:00:00
NFL_NYG_00-0035683_2023W17_NA_LP,NFL,2023,17,2023_NFL_W17_LAR_NYG,NFL_NYG,NFL_P_00-0035683,DL,,UNKNOWN,LP,Hamstring,2023-12-30,nflverse,,2026-09-07T05:49:16.123275+00:00,2023-12-30T00:00:00
NFL_NYG_00-0031957_2023W17_NA_LP,NFL,2023,17,2023_NFL_W17_LAR_NYG,NFL_NYG,NFL_P_00-0031957,DL,,UNKNOWN,LP,Knee,2023-12-30,nflverse,,2026-09-07T05:49:16.123275+00:00,2023-12-30T00:00:00
NFL_NYG_00-0032889_2023W17_NA_LP,NFL,2023,17,2023_NFL_W17_LAR_NYG,NFL_NYG,NFL_P_00-0032889,DL,,UNKNOWN,LP,Back,2023-12-30,nflverse,,2026-09-07T05:49:16.123275+00:00,2023-12-30T00:00:00
NFL_NYG_00-0036145_2023W17_DOUBTFUL_LP,NFL,2023,17,2023_NFL_W17_LAR_NYG,NFL_NYG,NFL_P_00-0036145,TE,,DOUBTFUL,LP,Groin,2023-12-30,nflverse,,2026-09-07T05:49:16.123275+00:00,2023-12-30T00:00:00
NFL_NYG_00-0039000_2023W17_QUESTIONABLE_LP,NFL,2023,17,2023_NFL_W17_LAR_NYG,NFL_NYG,NFL_P_00-0039000,CB,,QUESTIONABLE,LP,Shoulder,2023-12-30,nflverse,,2026-09-07T05:49:16.123275+00:00,2023-12-30T00:00:00
NFL_NYG_00-0038117_2023W17_QUESTIONABLE_LP,NFL,2023,17,2023_NFL_W17_LAR_NYG,NFL_NYG,NFL_P_00-0038117,WR,,QUESTIONABLE,LP,Quadricep,2023-12-30,nflverse,,2026-09-07T05:49:16.123275+00:00,2023-12-30T00:00:00
NFL_NYJ_00-0026166_2023W17_OUT_DNP,NFL,2023,17,2023_NFL_W17_NYJ_CLE,NFL_NYJ,NFL_P_00-0026166,OL,,OUT,DNP,Back,2023-12-28,nflverse,,2026-09-07T05:49:16.123275+00:00,2023-12-28T00:00:00
NFL_NYJ_00-0023459_2023W17_OUT_DNP,NFL,2023,17,2023_NFL_W17_NYJ_CLE,NFL_NYJ,NFL_P_00-0023459,QB,,OUT,DNP,Achilles,2023-12-28,nflverse,,2026-09-07T05:49:16.123275+00:00,2023-12-28T00:00:00
NFL_NYJ_00-0037805_2023W17_OUT_DNP,NFL,2023,17,2023_NFL_W17_NYJ_CLE,NFL_NYJ,NFL_P_00-0037805,TE,,OUT,DNP,Concussion,2023-12-28,nflverse,,2026-09-07T05:49:16.123275+00:00,2023-12-28T00:00:00
NFL_NYJ_00-0037013_2023W17_OUT_DNP,NFL,2023,17,2023_NFL_W17_NYJ_CLE,NFL_NYJ,NFL_P_00-0037013,QB,,OUT,DNP,Concussion,2023-12-28,nflverse,,2026-09-07T05:49:16.123275+00:00,2023-12-28T00:00:00
NFL_NYJ_00-0034521_2023W17_QUESTIONABLE_DNP,NFL,2023,17,2023_NFL_W17_NYJ_CLE,NFL_NYJ,NFL_P_00-0034521,WR,,QUESTIONABLE,DNP,Illness,2023-12-28,nflverse,,2026-09-07T05:49:16.123275+00:00,2023-12-28T00:00:00
NFL_NYJ_00-0038389_2023W17_QUESTIONABLE_LP,NFL,2023,17,2023_NFL_W17_NYJ_CLE,NFL_NYJ,NFL_P_00-0038389,RB,,QUESTIONABLE,LP,Ankle,2023-12-28,nflverse,,2026-09-07T05:49:16.123275+00:00,2023-12-28T00:00:00
NFL_NYJ_00-0029621_2023W17_QUESTIONABLE_LP,NFL,2023,17,2023_NFL_W17_NYJ_CLE,NFL_NYJ,NFL_P_00-0029621,K,,QUESTIONABLE,LP,right Quadricep,2023-12-28,nflverse,,2026-09-07T05:49:16.123275+00:00,2023-12-28T00:00:00
NFL_PHI_00-0033445_2023W17_NA_LP,NFL,2023,17,2023_NFL_W17_ARI_PHI,NFL_PHI,NFL_P_00-0033445,LB,,UNKNOWN,LP,Abdomen,2023-12-30,nflverse,,2026-09-07T05:49:16.123275+00:00,2023-12-30T00:00:00
NFL_PHI_00-0030062_2023W17_OUT_DNP,NFL,2023,17,2023_NFL_W17_ARI_PHI,NFL_PHI,NFL_P_00-0030062,CB,,OUT,DNP,Knee,2023-12-30,nflverse,,2026-09-07T05:49:16.123275+00:00,2023-12-30T00:00:00
NFL_PHI_00-0033547_2023W17_QUESTIONABLE_LP,NFL,2023,17,2023_NFL_W17_ARI_PHI,NFL_PHI,NFL_P_00-0033547,LB,,QUESTIONABLE,LP,Knee,2023-12-30,nflverse,,2026-09-07T05:49:16.123275+00:00,2023-12-30T00:00:00
NFL_PHI_00-0036423_2023W17_QUESTIONABLE_LP,NFL,2023,17,2023_NFL_W17_ARI_PHI,NFL_PHI,NFL_P_00-0036423,TE,,QUESTIONABLE,LP,Hamstring,2023-12-30,nflverse,,2026-09-07T05:49:16.123275+00:00,2023-12-30T00:00:00
NFL_PIT_00-0032954_2023W17_NA_DNP,NFL,2023,17,2023_NFL_W17_PIT_SEA,NFL_PIT,NFL_P_00-0032954,OL,,UNKNOWN,DNP,Shoulder,2023-12-30,nflverse,,2026-09-07T05:49:16.123275+00:00,2023-12-30T00:00:00
NFL_PIT_00-0034789_2023W17_OUT_DNP,NFL,2023,17,2023_NFL_W17_PIT_SEA,NFL_PIT,NFL_P_00-0034789,S,,OUT,DNP,Knee,2023-12-30,nflverse,,2026-09-07T05:49:16.123275+00:00,2023-12-30T00:00:00
NFL_PIT_00-0032442_2023W17_OUT_DNP,NFL,2023,17,2023_NFL_W17_PIT_SEA,NFL_PIT,NFL_P_00-0032442,LB,,OUT,DNP,Pectoral,2023-12-30,nflverse,,2026-09-07T05:49:16.123275+00:00,2023-12-30T00:00:00
NFL_PIT_00-0037377_2023W17_OUT_DNP,NFL,2023,17,2023_NFL_W17_PIT_SEA,NFL_PIT,NFL_P_00-0037377,S,,OUT,DNP,Neck,2023-12-30,nflverse,,2026-09-07T05:49:16.123275+00:00,2023-12-30T00:00:00
NFL_PIT_00-0038102_2023W17_QUESTIONABLE_LP,NFL,2023,17,2023_NFL_W17_PIT_SEA,NFL_PIT,NFL_P_00-0038102,QB,,QUESTIONABLE,LP,Ankle,2023-12-30,nflverse,,2026-09-07T05:49:16.123275+00:00,2023-12-30T00:00:00
NFL_SEA_00-0032387_2023W17_NA_DNP,NFL,2023,17,2023_NFL_W17_PIT_SEA,NFL_SEA,NFL_P_00-0032387,DL,,UNKNOWN,DNP,Not injury related - resting player,2023-12-30,nflverse,,2026-09-07T05:49:16.123275+00:00,2023-12-30T00:00:00
NFL_SEA_00-0029255_2023W17_NA_DNP,NFL,2023,17,2023_NFL_W17_PIT_SEA,NFL_SEA,NFL_P_00-0029255,LB,,UNKNOWN,DNP,Not injury related - resting player,2023-12-30,nflverse,,2026-09-07T05:49:16.123275+00:00,2023-12-30T00:00:00
NFL_SEA_00-0031608_2023W17_NA_LP,NFL,2023,17,2023_NFL_W17_PIT_SEA,NFL_SEA,NFL_P_00-0031608,S,,UNKNOWN,LP,Not injury related - resting player,2023-12-30,nflverse,,2026-09-07T05:49:16.123275+00:00,2023-12-30T00:00:00
NFL_SEA_00-0032211_2023W17_NA_LP,NFL,2023,17,2023_NFL_W17_PIT_SEA,NFL_SEA,NFL_P_00-0032211,WR,,UNKNOWN,LP,Not injury related - resting player,2023-12-30,nflverse,,2026-09-07T05:49:16.123275+00:00,2023-12-30T00:00:00
NFL_SEA_00-0037812_2023W17_NA_LP,NFL,2023,17,2023_NFL_W17_PIT_SEA,NFL_SEA,NFL_P_00-0037812,OL,,UNKNOWN,LP,Knee,2023-12-30,nflverse,,2026-09-07T05:49:16.123275+00:00,2023-12-30T00:00:00
NFL_SEA_00-0033872_2023W17_OUT_DNP,NFL,2023,17,2023_NFL_W17_PIT_SEA,NFL_SEA,NFL_P_00-0033872,S,,OUT,DNP,Knee,2023-12-30,nflverse,,2026-09-07T05:49:16.123275+00:00,2023-12-30T00:00:00
NFL_SEA_00-0032210_2023W17_OUT_DNP,NFL,2023,17,2023_NFL_W17_PIT_SEA,NFL_SEA,NFL_P_00-0032210,LB,,OUT,DNP,Not injury related - resting player,2023-12-30,nflverse,,2026-09-07T05:49:16.123275+00:00,2023-12-30T00:00:00
NFL_SEA_00-0032265_2023W17_OUT_DNP,NFL,2023,17,2023_NFL_W17_PIT_SEA,NFL_SEA,NFL_P_00-0032265,EDGE,,OUT,DNP,Knee,2023-12-30,nflverse,,2026-09-07T05:49:16.123275+00:00,2023-12-30T00:00:00
NFL_SEA_00-0036620_2023W17_OUT_DNP,NFL,2023,17,2023_NFL_W17_PIT_SEA,NFL_SEA,NFL_P_00-0036620,WR,,OUT,DNP,Ribs,2023-12-30,nflverse,,2026-09-07T05:49:16.123275+00:00,2023-12-30T00:00:00
NFL_SEA_00-0022531_2023W17_OUT_DNP,NFL,2023,17,2023_NFL_W17_PIT_SEA,NFL_SEA,NFL_P_00-0022531,OL,,OUT,DNP,Foot,2023-12-30,nflverse,,2026-09-07T05:49:16.123275+00:00,2023-12-30T00:00:00
NFL_SEA_00-0028292_2023W17_QUESTIONABLE_DNP,NFL,2023,17,2023_NFL_W17_PIT_SEA,NFL_SEA,NFL_P_00-0028292,LB,,QUESTIONABLE,DNP,Knee,2023-12-30,nflverse,,2026-09-07T05:49:16.123275+00:00,2023-12-30T00:00:00
NFL_SEA_00-0035640_2023W17_QUESTIONABLE_DNP,NFL,2023,17,2023_NFL_W17_PIT_SEA,NFL_SEA,NFL_P_00-0035640,WR,,QUESTIONABLE,DNP,Back,2023-12-30,nflverse,,2026-09-07T05:49:16.123275+00:00,2023-12-30T00:00:00
NFL_SEA_00-0036409_2023W17_QUESTIONABLE_LP,NFL,2023,17,2023_NFL_W17_PIT_SEA,NFL_SEA,NFL_P_00-0036409,LB,,QUESTIONABLE,LP,Ankle,2023-12-30,nflverse,,2026-09-07T05:49:16.123275+00:00,2023-12-30T00:00:00
NFL_SEA_00-0038134_2023W17_QUESTIONABLE_LP,NFL,2023,17,2023_NFL_W17_PIT_SEA,NFL_SEA,NFL_P_00-0038134,RB,,QUESTIONABLE,LP,Shoulder,2023-12-30,nflverse,,2026-09-07T05:49:16.123275+00:00,2023-12-30T00:00:00
NFL_SEA_00-0039169_2023W17_QUESTIONABLE_LP,NFL,2023,17,2023_NFL_W17_PIT_SEA,NFL_SEA,NFL_P_00-0039169,CB,,QUESTIONABLE,LP,Hip,2023-12-30,nflverse,,2026-09-07T05:49:16.123275+00:00,2023-12-30T00:00:00
NFL_SF_00-0033280_2023W17_NA_DNP,NFL,2023,17,2023_NFL_W17_SF_WAS,NFL_SF,NFL_P_00-0033280,RB,,UNKNOWN,DNP,Not injury related - resting player,2023-12-30,nflverse,,2026-09-07T05:49:16.123275+00:00,2023-12-30T00:00:00
NFL_SF_00-0032164_2023W17_OUT_DNP,NFL,2023,17,2023_NFL_W17_SF_WAS,NFL_SF,NFL_P_00-0032164,DL,,OUT,DNP,Foot,2023-12-30,nflverse,,2026-09-07T05:49:16.123275+00:00,2023-12-30T00:00:00
NFL_SF_00-0038554_2023W17_OUT_DNP,NFL,2023,17,2023_NFL_W17_SF_WAS,NFL_SF,NFL_P_00-0038554,S,,OUT,DNP,Knee,2023-12-30,nflverse,,2026-09-07T05:49:16.123275+00:00,2023-12-30T00:00:00
NFL_SF_00-0034073_2023W17_OUT_DNP,NFL,2023,17,2023_NFL_W17_SF_WAS,NFL_SF,NFL_P_00-0034073,TE,,OUT,DNP,Ankle,2023-12-30,nflverse,,2026-09-07T05:49:16.123275+00:00,2023-12-30T00:00:00
NFL_SF_00-0036259_2023W17_OUT_DNP,NFL,2023,17,2023_NFL_W17_SF_WAS,NFL_SF,NFL_P_00-0036259,WR,,OUT,DNP,Concussion,2023-12-30,nflverse,,2026-09-07T05:49:16.123275+00:00,2023-12-30T00:00:00
NFL_SF_00-0036557_2023W17_OUT_DNP,NFL,2023,17,2023_NFL_W17_SF_WAS,NFL_SF,NFL_P_00-0036557,OL,,OUT,DNP,Concussion,2023-12-30,nflverse,,2026-09-07T05:49:16.123275+00:00,2023-12-30T00:00:00
NFL_SF_00-0036551_2023W17_QUESTIONABLE_DNP,NFL,2023,17,2023_NFL_W17_SF_WAS,NFL_SF,NFL_P_00-0036551,OL,,QUESTIONABLE,DNP,Toe,2023-12-30,nflverse,,2026-09-07T05:49:16.123275+00:00,2023-12-30T00:00:00
NFL_SF_00-0035020_2023W17_QUESTIONABLE_DNP,NFL,2023,17,2023_NFL_W17_SF_WAS,NFL_SF,NFL_P_00-0035020,LB,,QUESTIONABLE,DNP,Illness,2023-12-30,nflverse,,2026-09-07T05:49:16.123275+00:00,2023-12-30T00:00:00
NFL_SF_00-0037525_2023W17_QUESTIONABLE_DNP,NFL,2023,17,2023_NFL_W17_SF_WAS,NFL_SF,NFL_P_00-0037525,RB,,QUESTIONABLE,DNP,Illness,2023-12-30,nflverse,,2026-09-07T05:49:16.123275+00:00,2023-12-30T00:00:00
NFL_SF_00-0037828_2023W17_QUESTIONABLE_FP,NFL,2023,17,2023_NFL_W17_SF_WAS,NFL_SF,NFL_P_00-0037828,WR,,QUESTIONABLE,FP,Shoulder,2023-12-30,nflverse,,2026-09-07T05:49:16.123275+00:00,2023-12-30T00:00:00
NFL_SF_00-0037008_2023W17_QUESTIONABLE_LP,NFL,2023,17,2023_NFL_W17_SF_WAS,NFL_SF,NFL_P_00-0037008,CB,,QUESTIONABLE,LP,Knee,2023-12-30,nflverse,,2026-09-07T05:49:16.123275+00:00,2023-12-30T00:00:00
NFL_TB_00-0036045_2023W17_NA_DNP,NFL,2023,17,2023_NFL_W17_NO_TB,NFL_TB,NFL_P_00-0036045,LB,,UNKNOWN,DNP,Knee,2023-12-30,nflverse,,2026-09-07T05:49:16.123275+00:00,2023-12-30T00:00:00
NFL_TB_00-0031101_2023W17_OUT_DNP,NFL,2023,17,2023_NFL_W17_NO_TB,NFL_TB,NFL_P_00-0031101,LB,,OUT,DNP,Groin,2023-12-30,nflverse,,2026-09-07T05:49:16.123275+00:00,2023-12-30T00:00:00
NFL_TB_00-0034778_2023W17_OUT_DNP,NFL,2023,17,2023_NFL_W17_NO_TB,NFL_TB,NFL_P_00-0034778,CB,,OUT,DNP,Concussion,2023-12-30,nflverse,,2026-09-07T05:49:16.123275+00:00,2023-12-30T00:00:00
NFL_TB_00-0037311_2023W17_OUT_DNP,NFL,2023,17,2023_NFL_W17_NO_TB,NFL_TB,NFL_P_00-0037311,TE,,OUT,DNP,Shoulder,2023-12-30,nflverse,,2026-09-07T05:49:16.123275+00:00,2023-12-30T00:00:00
NFL_TB_00-0037627_2023W17_OUT_FP,NFL,2023,17,2023_NFL_W17_NO_TB,NFL_TB,NFL_P_00-0037627,DL,,OUT,FP,Calf,2023-12-30,nflverse,,2026-09-07T05:49:16.123275+00:00,2023-12-30T00:00:00
NFL_TB_00-0038821_2023W17_OUT_FP,NFL,2023,17,2023_NFL_W17_NO_TB,NFL_TB,NFL_P_00-0038821,WR,,OUT,FP,Quadricep,2023-12-30,nflverse,,2026-09-07T05:49:16.123275+00:00,2023-12-30T00:00:00
NFL_TEN_00-0036171_2023W17_NA_LP,NFL,2023,17,2023_NFL_W17_TEN_HOU,NFL_TEN,NFL_P_00-0036171,OL,,UNKNOWN,LP,Knee,2023-12-30,nflverse,,2026-09-07T05:49:16.123275+00:00,2023-12-30T00:00:00
NFL_TEN_00-0038848_2023W17_NA_LP,NFL,2023,17,2023_NFL_W17_TEN_HOU,NFL_TEN,NFL_P_00-0038848,CB,,UNKNOWN,LP,Knee,2023-12-30,nflverse,,2026-09-07T05:49:16.123275+00:00,2023-12-30T00:00:00
NFL_TEN_00-0032398_2023W17_NA_LP,NFL,2023,17,2023_NFL_W17_TEN_HOU,NFL_TEN,NFL_P_00-0032398,WR,,UNKNOWN,LP,Ribs,2023-12-30,nflverse,,2026-09-07T05:49:16.123275+00:00,2023-12-30T00:00:00
NFL_TEN_00-0038851_2023W17_NA_LP,NFL,2023,17,2023_NFL_W17_TEN_HOU,NFL_TEN,NFL_P_00-0038851,LB,,UNKNOWN,LP,Shoulder,2023-12-30,nflverse,,2026-09-07T05:49:16.123275+00:00,2023-12-30T00:00:00
NFL_TEN_00-0036649_2023W17_OUT_FP,NFL,2023,17,2023_NFL_W17_TEN_HOU,NFL_TEN,NFL_P_00-0036649,DL,,OUT,FP,Not injury related - personal matter,2023-12-30,nflverse,,2026-09-07T05:49:16.123275+00:00,2023-12-30T00:00:00
NFL_TEN_00-0036615_2023W17_OUT_LP,NFL,2023,17,2023_NFL_W17_TEN_HOU,NFL_TEN,NFL_P_00-0036615,CB,,OUT,LP,Back,2023-12-30,nflverse,,2026-09-07T05:49:16.123275+00:00,2023-12-30T00:00:00
NFL_TEN_00-0037393_2023W17_QUESTIONABLE_NA,NFL,2023,17,2023_NFL_W17_TEN_HOU,NFL_TEN,NFL_P_00-0037393,LB,,QUESTIONABLE,,Illness,2023-12-30,nflverse,,2026-09-07T05:49:16.123275+00:00,2023-12-30T00:00:00
NFL_TEN_00-0037593_2023W17_QUESTIONABLE_FP,NFL,2023,17,2023_NFL_W17_TEN_HOU,NFL_TEN,NFL_P_00-0037593,CB,,QUESTIONABLE,FP,Knee,2023-12-30,nflverse,,2026-09-07T05:49:16.123275+00:00,2023-12-30T00:00:00
NFL_TEN_00-0036291_2023W17_QUESTIONABLE_LP,NFL,2023,17,2023_NFL_W17_TEN_HOU,NFL_TEN,NFL_P_00-0036291,DL,,QUESTIONABLE,LP,Groin,2023-12-30,nflverse,,2026-09-07T05:49:16.123275+00:00,2023-12-30T00:00:00
NFL_TEN_00-0038589_2023W17_QUESTIONABLE_LP,NFL,2023,17,2023_NFL_W17_TEN_HOU,NFL_TEN,NFL_P_00-0038589,TE,,QUESTIONABLE,LP,Knee,2023-12-30,nflverse,,2026-09-07T05:49:16.123275+00:00,2023-12-30T00:00:00
NFL_WAS_00-0033523_2023W17_NA_DNP,NFL,2023,17,2023_NFL_W17_SF_WAS,NFL_WAS,NFL_P_00-0033523,DL,,UNKNOWN,DNP,Not injury related - resting player,2023-12-30,nflverse,,2026-09-07T05:49:16.123275+00:00,2023-12-30T00:00:00
NFL_WAS_00-0038611_2023W17_NA_DNP,NFL,2023,17,2023_NFL_W17_SF_WAS,NFL_WAS,NFL_P_00-0038611,RB,,UNKNOWN,DNP,Ankle,2023-12-30,nflverse,,2026-09-07T05:49:16.123275+00:00,2023-12-30T00:00:00
NFL_WAS_00-0037283_2023W17_NA_LP,NFL,2023,17,2023_NFL_W17_SF_WAS,NFL_WAS,NFL_P_00-0037283,DL,,UNKNOWN,LP,Foot,2023-12-30,nflverse,,2026-09-07T05:49:16.123275+00:00,2023-12-30T00:00:00
NFL_WAS_00-0037746_2023W17_NA_LP,NFL,2023,17,2023_NFL_W17_SF_WAS,NFL_WAS,NFL_P_00-0037746,RB,,UNKNOWN,LP,Hamstring,2023-12-30,nflverse,,2026-09-07T05:49:16.123275+00:00,2023-12-30T00:00:00
NFL_WAS_00-0038100_2023W17_OUT_DNP,NFL,2023,17,2023_NFL_W17_SF_WAS,NFL_WAS,NFL_P_00-0038100,S,,OUT,DNP,Wrist,2023-12-30,nflverse,,2026-09-07T05:49:16.123275+00:00,2023-12-30T00:00:00
NFL_WAS_00-0033084_2023W17_OUT_DNP,NFL,2023,17,2023_NFL_W17_SF_WAS,NFL_WAS,NFL_P_00-0033084,CB,,OUT,DNP,Knee,2023-12-30,nflverse,,2026-09-07T05:49:16.123275+00:00,2023-12-30T00:00:00
NFL_WAS_00-0030869_2023W17_OUT_DNP,NFL,2023,17,2023_NFL_W17_SF_WAS,NFL_WAS,NFL_P_00-0030869,OL,,OUT,DNP,Knee,2023-12-30,nflverse,,2026-09-07T05:49:16.123275+00:00,2023-12-30T00:00:00
NFL_WAS_00-0031095_2023W17_OUT_DNP,NFL,2023,17,2023_NFL_W17_SF_WAS,NFL_WAS,NFL_P_00-0031095,OL,,OUT,DNP,Calf,2023-12-30,nflverse,,2026-09-07T05:49:16.123275+00:00,2023-12-30T00:00:00
NFL_WAS_00-0036625_2023W17_OUT_DNP,NFL,2023,17,2023_NFL_W17_SF_WAS,NFL_WAS,NFL_P_00-0036625,CB,,OUT,DNP,Concussion,2023-12-30,nflverse,,2026-09-07T05:49:16.123275+00:00,2023-12-30T00:00:00
NFL_WAS_00-0033119_2023W17_QUESTIONABLE_LP,NFL,2023,17,2023_NFL_W17_SF_WAS,NFL_WAS,NFL_P_00-0033119,QB,,QUESTIONABLE,LP,Hamstring,2023-12-30,nflverse,,2026-09-07T05:49:16.123275+00:00,2023-12-30T00:00:00
NFL_WAS_00-0033831_2023W17_QUESTIONABLE_LP,NFL,2023,17,2023_NFL_W17_SF_WAS,NFL_WAS,NFL_P_00-0033831,OL,,QUESTIONABLE,LP,Elbow,2023-12-30,nflverse,,2026-09-07T05:49:16.123275+00:00,2023-12-30T00:00:00
NFL_ARI_00-0035334_2023W18_NA_LP,NFL,2023,18,2023_NFL_W18_SEA_ARI,NFL_ARI,NFL_P_00-0035334,DL,,UNKNOWN,LP,Knee,2024-01-06,nflverse,,2026-09-07T05:49:16.123275+00:00,2024-01-06T00:00:00
NFL_ARI_00-0032222_2023W18_OUT_DNP,NFL,2023,18,2023_NFL_W18_SEA_ARI,NFL_ARI,NFL_P_00-0032222,OL,,OUT,DNP,Knee,2024-01-06,nflverse,,2026-09-07T05:49:16.123275+00:00,2024-01-06T00:00:00
NFL_ARI_00-0038623_2023W18_OUT_DNP,NFL,2023,18,2023_NFL_W18_SEA_ARI,NFL_ARI,NFL_P_00-0038623,EDGE,,OUT,DNP,Knee,2024-01-06,nflverse,,2026-09-07T05:49:16.123275+00:00,2024-01-06T00:00:00
NFL_ARI_00-0039007_2023W18_OUT_DNP,NFL,2023,18,2023_NFL_W18_SEA_ARI,NFL_ARI,NFL_P_00-0039007,CB,,OUT,DNP,Ankle,2024-01-06,nflverse,,2026-09-07T05:49:16.123275+00:00,2024-01-06T00:00:00
NFL_ARI_00-0034623_2023W18_QUESTIONABLE_LP,NFL,2023,18,2023_NFL_W18_SEA_ARI,NFL_ARI,NFL_P_00-0034623,S,,QUESTIONABLE,LP,Shoulder,2024-01-06,nflverse,,2026-09-07T05:49:16.123275+00:00,2024-01-06T00:00:00
NFL_ARI_00-0036896_2023W18_QUESTIONABLE_LP,NFL,2023,18,2023_NFL_W18_SEA_ARI,NFL_ARI,NFL_P_00-0036896,LB,,QUESTIONABLE,LP,Foot,2024-01-06,nflverse,,2026-09-07T05:49:16.123275+00:00,2024-01-06T00:00:00
NFL_ARI_00-0036371_2023W18_QUESTIONABLE_LP,NFL,2023,18,2023_NFL_W18_SEA_ARI,NFL_ARI,NFL_P_00-0036371,DL,,QUESTIONABLE,LP,Hand,2024-01-06,nflverse,,2026-09-07T05:49:16.123275+00:00,2024-01-06T00:00:00
NFL_ARI_00-0034473_2023W18_QUESTIONABLE_LP,NFL,2023,18,2023_NFL_W18_SEA_ARI,NFL_ARI,NFL_P_00-0034473,LB,,QUESTIONABLE,LP,Knee,2024-01-06,nflverse,,2026-09-07T05:49:16.123275+00:00,2024-01-06T00:00:00
NFL_ARI_00-0033251_2023W18_QUESTIONABLE_LP,NFL,2023,18,2023_NFL_W18_SEA_ARI,NFL_ARI,NFL_P_00-0033251,WR,,QUESTIONABLE,LP,Hamstring,2024-01-06,nflverse,,2026-09-07T05:49:16.123275+00:00,2024-01-06T00:00:00
NFL_ARI_00-0033676_2023W18_QUESTIONABLE_LP,NFL,2023,18,2023_NFL_W18_SEA_ARI,NFL_ARI,NFL_P_00-0033676,OL,,QUESTIONABLE,LP,Illness,2024-01-06,nflverse,,2026-09-07T05:49:16.123275+00:00,2024-01-06T00:00:00
NFL_ATL_00-0026190_2023W18_NA_DNP,NFL,2023,18,2023_NFL_W18_ATL_NO,NFL_ATL,NFL_P_00-0026190,EDGE,,UNKNOWN,DNP,Not injury related - resting player,2024-01-06,nflverse,,2026-09-07T05:49:16.123275+00:00,2024-01-06T00:00:00
NFL_ATL_00-0030578_2023W18_NA_DNP,NFL,2023,18,2023_NFL_W18_ATL_NO,NFL_ATL,NFL_P_00-0030578,RB,,UNKNOWN,DNP,Not injury related - resting player,2024-01-06,nflverse,,2026-09-07T05:49:16.123275+00:00,2024-01-06T00:00:00
NFL_ATL_00-0036957_2023W18_OUT_DNP,NFL,2023,18,2023_NFL_W18_ATL_NO,NFL_ATL,NFL_P_00-0036957,OL,,OUT,DNP,Ankle,2024-01-06,nflverse,,2026-09-07T05:49:16.123275+00:00,2024-01-06T00:00:00
NFL_ATL_00-0038628_2023W18_OUT_DNP,NFL,2023,18,2023_NFL_W18_ATL_NO,NFL_ATL,NFL_P_00-0038628,S,,OUT,DNP,Concussion,2024-01-06,nflverse,,2026-09-07T05:49:16.123275+00:00,2024-01-06T00:00:00
NFL_ATL_00-0037810_2023W18_OUT_LP,NFL,2023,18,2023_NFL_W18_ATL_NO,NFL_ATL,NFL_P_00-0037810,LB,,OUT,LP,Pectoral,2024-01-06,nflverse,,2026-09-07T05:49:16.123275+00:00,2024-01-06T00:00:00
NFL_ATL_00-0034843_2023W18_QUESTIONABLE_FP,NFL,2023,18,2023_NFL_W18_ATL_NO,NFL_ATL,NFL_P_00-0034843,CB,,QUESTIONABLE,FP,Concussion,2024-01-06,nflverse,,2026-09-07T05:49:16.123275+00:00,2024-01-06T00:00:00
NFL_ATL_00-0038980_2023W18_QUESTIONABLE_LP,NFL,2023,18,2023_NFL_W18_ATL_NO,NFL_ATL,NFL_P_00-0038980,EDGE,,QUESTIONABLE,LP,Knee,2024-01-06,nflverse,,2026-09-07T05:49:16.123275+00:00,2024-01-06T00:00:00
NFL_ATL_00-0031800_2023W18_QUESTIONABLE_LP,NFL,2023,18,2023_NFL_W18_ATL_NO,NFL_ATL,NFL_P_00-0031800,QB,,QUESTIONABLE,LP,Ankle,2024-01-06,nflverse,,2026-09-07T05:49:16.123275+00:00,2024-01-06T00:00:00
NFL_BAL_00-0031235_2023W18_OUT_DNP,NFL,2023,18,2023_NFL_W18_PIT_BAL,NFL_BAL,NFL_P_00-0031235,WR,,OUT,DNP,Not injury related - resting player,2024-01-05,nflverse,,2026-09-07T05:49:16.123275+00:00,2024-01-05T00:00:00
NFL_BAL_00-0036280_2023W18_OUT_DNP,NFL,2023,18,2023_NFL_W18_PIT_BAL,NFL_BAL,NFL_P_00-0036280,LB,,OUT,DNP,Groin,2024-01-05,nflverse,,2026-09-07T05:49:16.123275+00:00,2024-01-05T00:00:00
NFL_BAL_00-0033281_2023W18_OUT_DNP,NFL,2023,18,2023_NFL_W18_PIT_BAL,NFL_BAL,NFL_P_00-0033281,CB,,OUT,DNP,Calf,2024-01-05,nflverse,,2026-09-07T05:49:16.123275+00:00,2024-01-05T00:00:00
NFL_BAL_00-0032891_2023W18_OUT_DNP,NFL,2023,18,2023_NFL_W18_PIT_BAL,NFL_BAL,NFL_P_00-0032891,S,,OUT,DNP,Ankle,2024-01-05,nflverse,,2026-09-07T05:49:16.123275+00:00,2024-01-05T00:00:00
NFL_BAL_00-0029592_2023W18_OUT_DNP,NFL,2023,18,2023_NFL_W18_PIT_BAL,NFL_BAL,NFL_P_00-0029592,OL,,OUT,DNP,Knee,2024-01-05,nflverse,,2026-09-07T05:49:16.123275+00:00,2024-01-05T00:00:00
NFL_BAL_00-0034796_2023W18_OUT_LP,NFL,2023,18,2023_NFL_W18_PIT_BAL,NFL_BAL,NFL_P_00-0034796,QB,,OUT,LP,Not injury related - resting player,2024-01-05,nflverse,,2026-09-07T05:49:16.123275+00:00,2024-01-05T00:00:00
NFL_BAL_00-0039064_2023W18_DOUBTFUL_DNP,NFL,2023,18,2023_NFL_W18_PIT_BAL,NFL_BAL,NFL_P_00-0039064,WR,,DOUBTFUL,DNP,Calf,2024-01-05,nflverse,,2026-09-07T05:49:16.123275+00:00,2024-01-05T00:00:00
NFL_BAL_00-0032195_2023W18_QUESTIONABLE_DNP,NFL,2023,18,2023_NFL_W18_PIT_BAL,NFL_BAL,NFL_P_00-0032195,CB,,QUESTIONABLE,DNP,Illness,2024-01-05,nflverse,,2026-09-07T05:49:16.123275+00:00,2024-01-05T00:00:00
NFL_BAL_00-0033503_2023W18_QUESTIONABLE_FP,NFL,2023,18,2023_NFL_W18_PIT_BAL,NFL_BAL,NFL_P_00-0033503,CB,,QUESTIONABLE,FP,Hip,2024-01-05,nflverse,,2026-09-07T05:49:16.123275+00:00,2024-01-05T00:00:00
NFL_BAL_00-0036987_2023W18_QUESTIONABLE_FP,NFL,2023,18,2023_NFL_W18_PIT_BAL,NFL_BAL,NFL_P_00-0036987,CB,,QUESTIONABLE,FP,Ankle,2024-01-05,nflverse,,2026-09-07T05:49:16.123275+00:00,2024-01-05T00:00:00
NFL_BAL_00-0038038_2023W18_QUESTIONABLE_LP,NFL,2023,18,2023_NFL_W18_PIT_BAL,NFL_BAL,NFL_P_00-0038038,S,,QUESTIONABLE,LP,Knee,2024-01-05,nflverse,,2026-09-07T05:49:16.123275+00:00,2024-01-05T00:00:00
NFL_BAL_00-0036630_2023W18_QUESTIONABLE_LP,NFL,2023,18,2023_NFL_W18_PIT_BAL,NFL_BAL,NFL_P_00-0036630,WR,,QUESTIONABLE,LP,Knee,2024-01-05,nflverse,,2026-09-07T05:49:16.123275+00:00,2024-01-05T00:00:00
NFL_BAL_00-0036587_2023W18_QUESTIONABLE_LP,NFL,2023,18,2023_NFL_W18_PIT_BAL,NFL_BAL,NFL_P_00-0036587,S,,QUESTIONABLE,LP,Pectoral,2024-01-05,nflverse,,2026-09-07T05:49:16.123275+00:00,2024-01-05T00:00:00
NFL_BUF_00-0031588_2023W18_NA_DNP,NFL,2023,18,2023_NFL_W18_BUF_MIA,NFL_BUF,NFL_P_00-0031588,WR,,UNKNOWN,DNP,Not injury related - resting player,2024-01-07,nflverse,,2026-09-07T05:49:16.123275+00:00,2024-01-07T00:00:00
NFL_BUF_00-0036888_2023W18_NA_LP,NFL,2023,18,2023_NFL_W18_BUF_MIA,NFL_BUF,NFL_P_00-0036888,S,,UNKNOWN,LP,Shoulder,2024-01-07,nflverse,,2026-09-07T05:49:16.123275+00:00,2024-01-07T00:00:00
NFL_BUF_00-0031936_2023W18_QUESTIONABLE_DNP,NFL,2023,18,2023_NFL_W18_BUF_MIA,NFL_BUF,NFL_P_00-0031936,OL,,QUESTIONABLE,DNP,Illness,2024-01-07,nflverse,,2026-09-07T05:49:16.123275+00:00,2024-01-07T00:00:00
NFL_CAR_00-0028872_2023W18_NA_DNP,NFL,2023,18,2023_NFL_W18_TB_CAR,NFL_CAR,NFL_P_00-0028872,P,,UNKNOWN,DNP,Not injury related - personal matter,2024-01-06,nflverse,,2026-09-07T05:49:16.123275+00:00,2024-01-06T00:00:00
NFL_CAR_00-0034382_2023W18_OUT_DNP,NFL,2023,18,2023_NFL_W18_TB_CAR,NFL_CAR,NFL_P_00-0034382,LB,,OUT,DNP,Concussion,2024-01-06,nflverse,,2026-09-07T05:49:16.123275+00:00,2024-01-06T00:00:00
NFL_CAR_00-0034173_2023W18_DOUBTFUL_DNP,NFL,2023,18,2023_NFL_W18_TB_CAR,NFL_CAR,NFL_P_00-0034173,K,,DOUBTFUL,DNP,right Hamstring,2024-01-06,nflverse,,2026-09-07T05:49:16.123275+00:00,2024-01-06T00:00:00
NFL_CAR_00-0037297_2023W18_DOUBTFUL_LP,NFL,2023,18,2023_NFL_W18_TB_CAR,NFL_CAR,NFL_P_00-0037297,OL,,DOUBTFUL,LP,Finger,2024-01-06,nflverse,,2026-09-07T05:49:16.123275+00:00,2024-01-06T00:00:00
NFL_CAR_00-0034500_2023W18_QUESTIONABLE_DNP,NFL,2023,18,2023_NFL_W18_TB_CAR,NFL_CAR,NFL_P_00-0034500,LB,,QUESTIONABLE,DNP,Illness,2024-01-06,nflverse,,2026-09-07T05:49:16.123275+00:00,2024-01-06T00:00:00
NFL_CAR_00-0036944_2023W18_QUESTIONABLE_FP,NFL,2023,18,2023_NFL_W18_TB_CAR,NFL_CAR,NFL_P_00-0036944,CB,,QUESTIONABLE,FP,Toe,2024-01-06,nflverse,,2026-09-07T05:49:16.123275+00:00,2024-01-06T00:00:00
NFL_CHI_00-0024243_2023W18_NA_DNP,NFL,2023,18,2023_NFL_W18_CHI_GB,NFL_CHI,NFL_P_00-0024243,TE,,UNKNOWN,DNP,Not injury related - resting player,2024-01-06,nflverse,,2026-09-07T05:49:16.123275+00:00,2024-01-06T00:00:00
NFL_CHI_00-0036309_2023W18_OUT_DNP,NFL,2023,18,2023_NFL_W18_CHI_GB,NFL_CHI,NFL_P_00-0036309,WR,,OUT,DNP,Concussion,2024-01-06,nflverse,,2026-09-07T05:49:16.123275+00:00,2024-01-06T00:00:00
NFL_CHI_00-0036292_2023W18_DOUBTFUL_DNP,NFL,2023,18,2023_NFL_W18_CHI_GB,NFL_CHI,NFL_P_00-0036292,CB,,DOUBTFUL,DNP,Shoulder,2024-01-06,nflverse,,2026-09-07T05:49:16.123275+00:00,2024-01-06T00:00:00
NFL_CHI_00-0036906_2023W18_QUESTIONABLE_DNP,NFL,2023,18,2023_NFL_W18_CHI_GB,NFL_CHI,NFL_P_00-0036906,RB,,QUESTIONABLE,DNP,Back,2024-01-06,nflverse,,2026-09-07T05:49:16.123275+00:00,2024-01-06T00:00:00
NFL_CHI_00-0028284_2023W18_QUESTIONABLE_DNP,NFL,2023,18,2023_NFL_W18_CHI_GB,NFL_CHI,NFL_P_00-0028284,LS,,QUESTIONABLE,DNP,Foot,2024-01-06,nflverse,,2026-09-07T05:49:16.123275+00:00,2024-01-06T00:00:00
NFL_CHI_00-0036290_2023W18_QUESTIONABLE_FP,NFL,2023,18,2023_NFL_W18_CHI_GB,NFL_CHI,NFL_P_00-0036290,TE,,QUESTIONABLE,FP,Knee,2024-01-06,nflverse,,2026-09-07T05:49:16.123275+00:00,2024-01-06T00:00:00
NFL_CHI_00-0038111_2023W18_QUESTIONABLE_LP,NFL,2023,18,2023_NFL_W18_CHI_GB,NFL_CHI,NFL_P_00-0038111,CB,,QUESTIONABLE,LP,Calf,2024-01-06,nflverse,,2026-09-07T05:49:16.123275+00:00,2024-01-06T00:00:00
NFL_CHI_00-0033082_2023W18_QUESTIONABLE_LP,NFL,2023,18,2023_NFL_W18_CHI_GB,NFL_CHI,NFL_P_00-0033082,OL,,QUESTIONABLE,LP,Calf,2024-01-06,nflverse,,2026-09-07T05:49:16.123275+00:00,2024-01-06T00:00:00
NFL_CIN_00-0036410_2023W18_DOUBTFUL_DNP,NFL,2023,18,2023_NFL_W18_CLE_CIN,NFL_CIN,NFL_P_00-0036410,WR,,DOUBTFUL,DNP,Hamstring,2024-01-06,nflverse,,2026-09-07T05:49:16.123275+00:00,2024-01-06T00:00:00
NFL_CIN_00-0033548_2023W18_QUESTIONABLE_DNP,NFL,2023,18,2023_NFL_W18_CLE_CIN,NFL_CIN,NFL_P_00-0033548,CB,,QUESTIONABLE,DNP,Shoulder,2024-01-06,nflverse,,2026-09-07T05:49:16.123275+00:00,2024-01-06T00:00:00
NFL_CIN_00-0034446_2023W18_QUESTIONABLE_LP,NFL,2023,18,2023_NFL_W18_CLE_CIN,NFL_CIN,NFL_P_00-0034446,CB,,QUESTIONABLE,LP,Groin,2024-01-06,nflverse,,2026-09-07T05:49:16.123275+00:00,2024-01-06T00:00:00
NFL_CLE_00-0033570_2023W18_NA_DNP,NFL,2023,18,2023_NFL_W18_CLE_CIN,NFL_CLE,NFL_P_00-0033570,LB,,UNKNOWN,DNP,Knee,2024-01-06,nflverse,,2026-09-07T05:49:16.123275+00:00,2024-01-06T00:00:00
NFL_CLE_00-0030383_2023W18_NA_LP,NFL,2023,18,2023_NFL_W18_CLE_CIN,NFL_CLE,NFL_P_00-0030383,S,,UNKNOWN,LP,Ankle,2024-01-06,nflverse,,2026-09-07T05:49:16.123275+00:00,2024-01-06T00:00:00
NFL_CLE_00-0031270_2023W18_NA_LP,NFL,2023,18,2023_NFL_W18_CLE_CIN,NFL_CLE,NFL_P_00-0031270,DL,,UNKNOWN,LP,Back,2024-01-06,nflverse,,2026-09-07T05:49:16.123275+00:00,2024-01-06T00:00:00
NFL_CLE_00-0033885_2023W18_NA_LP,NFL,2023,18,2023_NFL_W18_CLE_CIN,NFL_CLE,NFL_P_00-0033885,TE,,UNKNOWN,LP,Not injury related - resting player,2024-01-06,nflverse,,2026-09-07T05:49:16.123275+00:00,2024-01-06T00:00:00
NFL_CLE_00-0034807_2023W18_NA_LP,NFL,2023,18,2023_NFL_W18_CLE_CIN,NFL_CLE,NFL_P_00-0034807,EDGE,,UNKNOWN,LP,Pectoral,2024-01-06,nflverse,,2026-09-07T05:49:16.123275+00:00,2024-01-06T00:00:00
NFL_CLE_00-0033901_2023W18_NA_LP,NFL,2023,18,2023_NFL_W18_CLE_CIN,NFL_CLE,NFL_P_00-0033901,OL,,UNKNOWN,LP,Shoulder,2024-01-06,nflverse,,2026-09-07T05:49:16.123275+00:00,2024-01-06T00:00:00
NFL_CLE_00-0031544_2023W18_OUT_DNP,NFL,2023,18,2023_NFL_W18_CLE_CIN,NFL_CLE,NFL_P_00-0031544,WR,,OUT,DNP,Not injury related - resting player,2024-01-06,nflverse,,2026-09-07T05:49:16.123275+00:00,2024-01-06T00:00:00
NFL_CLE_00-0034639_2023W18_OUT_DNP,NFL,2023,18,2023_NFL_W18_CLE_CIN,NFL_CLE,NFL_P_00-0034639,CB,,OUT,DNP,Calf,2024-01-06,nflverse,,2026-09-07T05:49:16.123275+00:00,2024-01-06T00:00:00
NFL_CLE_00-0033868_2023W18_OUT_DNP,NFL,2023,18,2023_NFL_W18_CLE_CIN,NFL_CLE,NFL_P_00-0033868,EDGE,,OUT,DNP,Shoulder,2024-01-06,nflverse,,2026-09-07T05:49:16.123275+00:00,2024-01-06T00:00:00
NFL_CLE_00-0030098_2023W18_OUT_DNP,NFL,2023,18,2023_NFL_W18_CLE_CIN,NFL_CLE,NFL_P_00-0030098,K,,OUT,DNP,left Hamstring,2024-01-06,nflverse,,2026-09-07T05:49:16.123275+00:00,2024-01-06T00:00:00
NFL_CLE_00-0036996_2023W18_OUT_DNP,NFL,2023,18,2023_NFL_W18_CLE_CIN,NFL_CLE,NFL_P_00-0036996,CB,,OUT,DNP,Knee,2024-01-06,nflverse,,2026-09-07T05:49:16.123275+00:00,2024-01-06T00:00:00
NFL_CLE_00-0035625_2023W18_OUT_DNP,NFL,2023,18,2023_NFL_W18_CLE_CIN,NFL_CLE,NFL_P_00-0035625,S,,OUT,DNP,Calf,2024-01-06,nflverse,,2026-09-07T05:49:16.123275+00:00,2024-01-06T00:00:00
NFL_CLE_00-0030068_2023W18_QUESTIONABLE_DNP,NFL,2023,18,2023_NFL_W18_CLE_CIN,NFL_CLE,NFL_P_00-0030068,WR,,QUESTIONABLE,DNP,Knee,2024-01-06,nflverse,,2026-09-07T05:49:16.123275+00:00,2024-01-06T00:00:00
NFL_CLE_00-0034721_2023W18_QUESTIONABLE_LP,NFL,2023,18,2023_NFL_W18_CLE_CIN,NFL_CLE,NFL_P_00-0034721,P,,QUESTIONABLE,LP,left Quadricep,2024-01-06,nflverse,,2026-09-07T05:49:16.123275+00:00,2024-01-06T00:00:00
NFL_CLE_00-0035444_2023W18_QUESTIONABLE_LP,NFL,2023,18,2023_NFL_W18_CLE_CIN,NFL_CLE,NFL_P_00-0035444,LB,,QUESTIONABLE,LP,Calf,2024-01-06,nflverse,,2026-09-07T05:49:16.123275+00:00,2024-01-06T00:00:00
NFL_CLE_00-0036980_2023W18_QUESTIONABLE_LP,NFL,2023,18,2023_NFL_W18_CLE_CIN,NFL_CLE,NFL_P_00-0036980,WR,,QUESTIONABLE,LP,Concussion,2024-01-06,nflverse,,2026-09-07T05:49:16.123275+00:00,2024-01-06T00:00:00
NFL_DAL_00-0031411_2023W18_NA_DNP,NFL,2023,18,2023_NFL_W18_DAL_WAS,NFL_DAL,NFL_P_00-0031411,EDGE,,UNKNOWN,DNP,Not injury related - resting player,2024-01-06,nflverse,,2026-09-07T05:49:16.123275+00:00,2024-01-06T00:00:00
NFL_DAL_00-0033928_2023W18_NA_DNP,NFL,2023,18,2023_NFL_W18_DAL_WAS,NFL_DAL,NFL_P_00-0033928,CB,,UNKNOWN,DNP,Not injury related - resting player,2024-01-06,nflverse,,2026-09-07T05:49:16.123275+00:00,2024-01-06T00:00:00
NFL_DAL_00-0031402_2023W18_NA_DNP,NFL,2023,18,2023_NFL_W18_DAL_WAS,NFL_DAL,NFL_P_00-0031402,OL,,UNKNOWN,DNP,Not injury related - resting player,2024-01-06,nflverse,,2026-09-07T05:49:16.123275+00:00,2024-01-06T00:00:00
NFL_DAL_00-0027947_2023W18_NA_DNP,NFL,2023,18,2023_NFL_W18_DAL_WAS,NFL_DAL,NFL_P_00-0027947,OL,,UNKNOWN,DNP,Not injury related - resting player,2024-01-06,nflverse,,2026-09-07T05:49:16.123275+00:00,2024-01-06T00:00:00
NFL_DAL_00-0031236_2023W18_NA_LP,NFL,2023,18,2023_NFL_W18_DAL_WAS,NFL_DAL,NFL_P_00-0031236,WR,,UNKNOWN,LP,Not injury related - resting player,2024-01-06,nflverse,,2026-09-07T05:49:16.123275+00:00,2024-01-06T00:00:00
NFL_DAL_00-0029542_2023W18_NA_LP,NFL,2023,18,2023_NFL_W18_DAL_WAS,NFL_DAL,NFL_P_00-0029542,CB,,UNKNOWN,LP,Not injury related - resting player,2024-01-06,nflverse,,2026-09-07T05:49:16.123275+00:00,2024-01-06T00:00:00
NFL_DAL_00-0036376_2023W18_QUESTIONABLE_DNP,NFL,2023,18,2023_NFL_W18_DAL_WAS,NFL_DAL,NFL_P_00-0036376,OL,,QUESTIONABLE,DNP,Illness,2024-01-06,nflverse,,2026-09-07T05:49:16.123275+00:00,2024-01-06T00:00:00
NFL_DAL_00-0036982_2023W18_QUESTIONABLE_DNP,NFL,2023,18,2023_NFL_W18_DAL_WAS,NFL_DAL,NFL_P_00-0036982,EDGE,,QUESTIONABLE,DNP,Illness,2024-01-06,nflverse,,2026-09-07T05:49:16.123275+00:00,2024-01-06T00:00:00
NFL_DAL_00-0037243_2023W18_QUESTIONABLE_DNP,NFL,2023,18,2023_NFL_W18_DAL_WAS,NFL_DAL,NFL_P_00-0037243,OL,,QUESTIONABLE,DNP,Foot,2024-01-06,nflverse,,2026-09-07T05:49:16.123275+00:00,2024-01-06T00:00:00
NFL_DAL_00-0034373_2023W18_QUESTIONABLE_LP,NFL,2023,18,2023_NFL_W18_DAL_WAS,NFL_DAL,NFL_P_00-0034373,EDGE,,QUESTIONABLE,LP,Ankle,2024-01-06,nflverse,,2026-09-07T05:49:16.123275+00:00,2024-01-06T00:00:00
NFL_DAL_00-0030063_2023W18_QUESTIONABLE_LP,NFL,2023,18,2023_NFL_W18_DAL_WAS,NFL_DAL,NFL_P_00-0030063,DL,,QUESTIONABLE,LP,Knee,2024-01-06,nflverse,,2026-09-07T05:49:16.123275+00:00,2024-01-06T00:00:00
NFL_DAL_00-0033877_2023W18_QUESTIONABLE_LP,NFL,2023,18,2023_NFL_W18_DAL_WAS,NFL_DAL,NFL_P_00-0033877,S,,QUESTIONABLE,LP,Ankle,2024-01-06,nflverse,,2026-09-07T05:49:16.123275+00:00,2024-01-06T00:00:00
NFL_DAL_00-0037578_2023W18_QUESTIONABLE_LP,NFL,2023,18,2023_NFL_W18_DAL_WAS,NFL_DAL,NFL_P_00-0037578,S,,QUESTIONABLE,LP,Illness,2024-01-06,nflverse,,2026-09-07T05:49:16.123275+00:00,2024-01-06T00:00:00
NFL_DEN_00-0032943_2023W18_NA_DNP,NFL,2023,18,2023_NFL_W18_DEN_LV,NFL_DEN,NFL_P_00-0032943,P,,UNKNOWN,DNP,Not injury related - personal matter,2024-01-06,nflverse,,2026-09-07T05:49:16.123275+00:00,2024-01-06T00:00:00
NFL_DEN_00-0037264_2023W18_NA_DNP,NFL,2023,18,2023_NFL_W18_DEN_LV,NFL_DEN,NFL_P_00-0037264,S,,UNKNOWN,DNP,Knee,2024-01-06,nflverse,,2026-09-07T05:49:16.123275+00:00,2024-01-06T00:00:00
NFL_DEN_00-0031484_2023W18_OUT_DNP,NFL,2023,18,2023_NFL_W18_DEN_LV,NFL_DEN,NFL_P_00-0031484,TE,,OUT,DNP,Illness,2024-01-06,nflverse,,2026-09-07T05:49:16.123275+00:00,2024-01-06T00:00:00
NFL_DEN_00-0034847_2023W18_OUT_DNP,NFL,2023,18,2023_NFL_W18_DEN_LV,NFL_DEN,NFL_P_00-0034847,OL,,OUT,DNP,Ribs,2024-01-06,nflverse,,2026-09-07T05:49:16.123275+00:00,2024-01-06T00:00:00
NFL_DET_00-0037240_2023W18_OUT_DNP,NFL,2023,18,2023_NFL_W18_MIN_DET,NFL_DET,NFL_P_00-0037240,WR,,OUT,DNP,Ankle,2024-01-06,nflverse,,2026-09-07T05:49:16.123275+00:00,2024-01-06T00:00:00
NFL_DET_00-0036754_2023W18_OUT_DNP,NFL,2023,18,2023_NFL_W18_MIN_DET,NFL_DET,NFL_P_00-0036754,TE,,OUT,DNP,Hip,2024-01-06,nflverse,,2026-09-07T05:49:16.123275+00:00,2024-01-06T00:00:00
NFL_DET_00-0037310_2023W18_OUT_LP,NFL,2023,18,2023_NFL_W18_MIN_DET,NFL_DET,NFL_P_00-0037310,LB,,OUT,LP,Ankle,2024-01-06,nflverse,,2026-09-07T05:49:16.123275+00:00,2024-01-06T00:00:00
NFL_DET_00-0035253_2023W18_QUESTIONABLE_FP,NFL,2023,18,2023_NFL_W18_MIN_DET,NFL_DET,NFL_P_00-0035253,S,,QUESTIONABLE,FP,Pectoral,2024-01-06,nflverse,,2026-09-07T05:49:16.123275+00:00,2024-01-06T00:00:00
NFL_DET_00-0035841_2023W18_QUESTIONABLE_FP,NFL,2023,18,2023_NFL_W18_MIN_DET,NFL_DET,NFL_P_00-0035841,DL,,QUESTIONABLE,FP,Illness,2024-01-06,nflverse,,2026-09-07T05:49:16.123275+00:00,2024-01-06T00:00:00
NFL_DET_00-0036624_2023W18_QUESTIONABLE_LP,NFL,2023,18,2023_NFL_W18_MIN_DET,NFL_DET,NFL_P_00-0036624,DL,,QUESTIONABLE,LP,Knee,2024-01-06,nflverse,,2026-09-07T05:49:16.123275+00:00,2024-01-06T00:00:00
NFL_GB_00-0033293_2023W18_NA_LP,NFL,2023,18,2023_NFL_W18_CHI_GB,NFL_GB,NFL_P_00-0033293,RB,,UNKNOWN,LP,Knee,2024-01-06,nflverse,,2026-09-07T05:49:16.123275+00:00,2024-01-06T00:00:00
NFL_GB_00-0034485_2023W18_NA_LP,NFL,2023,18,2023_NFL_W18_CHI_GB,NFL_GB,NFL_P_00-0034485,S,,UNKNOWN,LP,Knee,2024-01-06,nflverse,,2026-09-07T05:49:16.123275+00:00,2024-01-06T00:00:00
NFL_GB_00-0035004_2023W18_NA_LP,NFL,2023,18,2023_NFL_W18_CHI_GB,NFL_GB,NFL_P_00-0035004,DL,,UNKNOWN,LP,Knee,2024-01-06,nflverse,,2026-09-07T05:49:16.123275+00:00,2024-01-06T00:00:00
NFL_GB_00-0036265_2023W18_OUT_DNP,NFL,2023,18,2023_NFL_W18_CHI_GB,NFL_GB,NFL_P_00-0036265,RB,,OUT,DNP,Thumb,2024-01-06,nflverse,,2026-09-07T05:49:16.123275+00:00,2024-01-06T00:00:00
NFL_GB_00-0033792_2023W18_OUT_DNP,NFL,2023,18,2023_NFL_W18_CHI_GB,NFL_GB,NFL_P_00-0033792,S,,OUT,DNP,Hamstring,2024-01-06,nflverse,,2026-09-07T05:49:16.123275+00:00,2024-01-06T00:00:00
NFL_GB_00-0036658_2023W18_DOUBTFUL_DNP,NFL,2023,18,2023_NFL_W18_CHI_GB,NFL_GB,NFL_P_00-0036658,LB,,DOUBTFUL,DNP,Concussion,2024-01-06,nflverse,,2026-09-07T05:49:16.123275+00:00,2024-01-06T00:00:00
NFL_GB_00-0038124_2023W18_QUESTIONABLE_DNP,NFL,2023,18,2023_NFL_W18_CHI_GB,NFL_GB,NFL_P_00-0038124,WR,,QUESTIONABLE,DNP,Hamstring,2024-01-06,nflverse,,2026-09-07T05:49:16.123275+00:00,2024-01-06T00:00:00
NFL_GB_00-0037305_2023W18_QUESTIONABLE_FP,NFL,2023,18,2023_NFL_W18_CHI_GB,NFL_GB,NFL_P_00-0037305,OL,,QUESTIONABLE,FP,Ankle,2024-01-06,nflverse,,2026-09-07T05:49:16.123275+00:00,2024-01-06T00:00:00
NFL_GB_00-0038393_2023W18_QUESTIONABLE_FP,NFL,2023,18,2023_NFL_W18_CHI_GB,NFL_GB,NFL_P_00-0038393,WR,,QUESTIONABLE,FP,Chest,2024-01-06,nflverse,,2026-09-07T05:49:16.123275+00:00,2024-01-06T00:00:00
NFL_GB_00-0038797_2023W18_QUESTIONABLE_FP,NFL,2023,18,2023_NFL_W18_CHI_GB,NFL_GB,NFL_P_00-0038797,RB,,QUESTIONABLE,FP,Shoulder,2024-01-06,nflverse,,2026-09-07T05:49:16.123275+00:00,2024-01-06T00:00:00
NFL_GB_00-0035526_2023W18_QUESTIONABLE_LP,NFL,2023,18,2023_NFL_W18_CHI_GB,NFL_GB,NFL_P_00-0035526,OL,,QUESTIONABLE,LP,Knee,2024-01-06,nflverse,,2026-09-07T05:49:16.123275+00:00,2024-01-06T00:00:00
NFL_GB_00-0039144_2023W18_QUESTIONABLE_LP,NFL,2023,18,2023_NFL_W18_CHI_GB,NFL_GB,NFL_P_00-0039144,TE,,QUESTIONABLE,LP,kidney,2024-01-06,nflverse,,2026-09-07T05:49:16.123275+00:00,2024-01-06T00:00:00
NFL_GB_00-0039146_2023W18_QUESTIONABLE_LP,NFL,2023,18,2023_NFL_W18_CHI_GB,NFL_GB,NFL_P_00-0039146,WR,,QUESTIONABLE,LP,Chest,2024-01-06,nflverse,,2026-09-07T05:49:16.123275+00:00,2024-01-06T00:00:00
NFL_GB_00-0031935_2023W18_QUESTIONABLE_LP,NFL,2023,18,2023_NFL_W18_CHI_GB,NFL_GB,NFL_P_00-0031935,LB,,QUESTIONABLE,LP,Ankle,2024-01-06,nflverse,,2026-09-07T05:49:16.123275+00:00,2024-01-06T00:00:00
NFL_HOU_00-0033591_2023W18_OUT_DNP,NFL,2023,18,2023_NFL_W18_HOU_IND,NFL_HOU,NFL_P_00-0033591,WR,,OUT,DNP,Back,2024-01-06,nflverse,,2026-09-07T05:49:16.123275+00:00,2024-01-06T00:00:00
NFL_HOU_00-0036224_2023W18_OUT_DNP,NFL,2023,18,2023_NFL_W18_HOU_IND,NFL_HOU,NFL_P_00-0036224,EDGE,,OUT,DNP,Ankle,2024-01-06,nflverse,,2026-09-07T05:49:16.123275+00:00,2024-01-06T00:00:00
NFL_HOU_00-0030431_2023W18_QUESTIONABLE_DNP,NFL,2023,18,2023_NFL_W18_HOU_IND,NFL_HOU,NFL_P_00-0030431,WR,,QUESTIONABLE,DNP,Hip,2024-01-06,nflverse,,2026-09-07T05:49:16.123275+00:00,2024-01-06T00:00:00
NFL_HOU_00-0039108_2023W18_QUESTIONABLE_LP,NFL,2023,18,2023_NFL_W18_HOU_IND,NFL_HOU,NFL_P_00-0039108,EDGE,,QUESTIONABLE,LP,Ankle,2024-01-06,nflverse,,2026-09-07T05:49:16.123275+00:00,2024-01-06T00:00:00
NFL_HOU_00-0034959_2023W18_QUESTIONABLE_LP,NFL,2023,18,2023_NFL_W18_HOU_IND,NFL_HOU,NFL_P_00-0034959,RB,,QUESTIONABLE,LP,Calf,2024-01-06,nflverse,,2026-09-07T05:49:16.123275+00:00,2024-01-06T00:00:00
NFL_HOU_00-0033131_2023W18_QUESTIONABLE_LP,NFL,2023,18,2023_NFL_W18_HOU_IND,NFL_HOU,NFL_P_00-0033131,DL,,QUESTIONABLE,LP,Hip,2024-01-06,nflverse,,2026-09-07T05:49:16.123275+00:00,2024-01-06T00:00:00
NFL_HOU_00-0032759_2023W18_QUESTIONABLE_LP,NFL,2023,18,2023_NFL_W18_HOU_IND,NFL_HOU,NFL_P_00-0032759,DL,,QUESTIONABLE,LP,Ankle,2024-01-06,nflverse,,2026-09-07T05:49:16.123275+00:00,2024-01-06T00:00:00
NFL_HOU_00-0032380_2023W18_QUESTIONABLE_LP,NFL,2023,18,2023_NFL_W18_HOU_IND,NFL_HOU,NFL_P_00-0032380,OL,,QUESTIONABLE,LP,Groin,2024-01-06,nflverse,,2026-09-07T05:49:16.123275+00:00,2024-01-06T00:00:00
NFL_IND_00-0032378_2023W18_NA_DNP,NFL,2023,18,2023_NFL_W18_HOU_IND,NFL_IND,NFL_P_00-0032378,DL,,UNKNOWN,DNP,Not injury related - resting player,2024-01-06,nflverse,,2026-09-07T05:49:16.123275+00:00,2024-01-06T00:00:00
NFL_IND_00-0034145_2023W18_QUESTIONABLE_DNP,NFL,2023,18,2023_NFL_W18_HOU_IND,NFL_IND,NFL_P_00-0034145,CB,,QUESTIONABLE,DNP,Ankle,2024-01-06,nflverse,,2026-09-07T05:49:16.123275+00:00,2024-01-06T00:00:00
NFL_IND_00-0033393_2023W18_QUESTIONABLE_FP,NFL,2023,18,2023_NFL_W18_HOU_IND,NFL_IND,NFL_P_00-0033393,CB,,QUESTIONABLE,FP,Back,2024-01-06,nflverse,,2026-09-07T05:49:16.123275+00:00,2024-01-06T00:00:00
NFL_IND_00-0036251_2023W18_QUESTIONABLE_FP,NFL,2023,18,2023_NFL_W18_HOU_IND,NFL_IND,NFL_P_00-0036251,RB,,QUESTIONABLE,FP,Forearm,2024-01-06,nflverse,,2026-09-07T05:49:16.123275+00:00,2024-01-06T00:00:00
NFL_IND_00-0034836_2023W18_QUESTIONABLE_FP,NFL,2023,18,2023_NFL_W18_HOU_IND,NFL_IND,NFL_P_00-0034836,OL,,QUESTIONABLE,FP,Knee,2024-01-06,nflverse,,2026-09-07T05:49:16.123275+00:00,2024-01-06T00:00:00
NFL_IND_00-0032383_2023W18_QUESTIONABLE_LP,NFL,2023,18,2023_NFL_W18_HOU_IND,NFL_IND,NFL_P_00-0032383,OL,,QUESTIONABLE,LP,Ankle,2024-01-06,nflverse,,2026-09-07T05:49:16.123275+00:00,2024-01-06T00:00:00
NFL_IND_00-0034342_2023W18_QUESTIONABLE_LP,NFL,2023,18,2023_NFL_W18_HOU_IND,NFL_IND,NFL_P_00-0034342,OL,,QUESTIONABLE,LP,Ankle,2024-01-06,nflverse,,2026-09-07T05:49:16.123275+00:00,2024-01-06T00:00:00
NFL_JAX_00-0033891_2023W18_QUESTIONABLE_LP,NFL,2023,18,2023_NFL_W18_JAX_TEN,NFL_JAX,NFL_P_00-0033891,WR,,QUESTIONABLE,LP,Knee,2024-01-06,nflverse,,2026-09-07T05:49:16.123275+00:00,2024-01-06T00:00:00
NFL_JAX_00-0034775_2023W18_QUESTIONABLE_LP,NFL,2023,18,2023_NFL_W18_JAX_TEN,NFL_JAX,NFL_P_00-0034775,WR,,QUESTIONABLE,LP,Groin,2024-01-06,nflverse,,2026-09-07T05:49:16.123275+00:00,2024-01-06T00:00:00
NFL_JAX_00-0036971_2023W18_QUESTIONABLE_LP,NFL,2023,18,2023_NFL_W18_JAX_TEN,NFL_JAX,NFL_P_00-0036971,QB,,QUESTIONABLE,LP,right Shoulder,2024-01-06,nflverse,,2026-09-07T05:49:16.123275+00:00,2024-01-06T00:00:00
NFL_KC_00-0032762_2023W18_NA_LP,NFL,2023,18,2023_NFL_W18_KC_LAC,NFL_KC,NFL_P_00-0032762,DL,,UNKNOWN,LP,Groin,2024-01-06,nflverse,,2026-09-07T05:49:16.123275+00:00,2024-01-06T00:00:00
NFL_KC_00-0030506_2023W18_NA_LP,NFL,2023,18,2023_NFL_W18_KC_LAC,NFL_KC,NFL_P_00-0030506,TE,,UNKNOWN,LP,Neck,2024-01-06,nflverse,,2026-09-07T05:49:16.123275+00:00,2024-01-06T00:00:00
NFL_KC_00-0039067_2023W18_OUT_DNP,NFL,2023,18,2023_NFL_W18_KC_LAC,NFL_KC,NFL_P_00-0039067,WR,,OUT,DNP,Hamstring,2024-01-06,nflverse,,2026-09-07T05:49:16.123275+00:00,2024-01-06T00:00:00
NFL_KC_00-0032217_2023W18_OUT_DNP,NFL,2023,18,2023_NFL_W18_KC_LAC,NFL_KC,NFL_P_00-0032217,OL,,OUT,DNP,Neck,2024-01-06,nflverse,,2026-09-07T05:49:16.123275+00:00,2024-01-06T00:00:00
NFL_KC_00-0036374_2023W18_OUT_DNP,NFL,2023,18,2023_NFL_W18_KC_LAC,NFL_KC,NFL_P_00-0036374,CB,,OUT,DNP,Calf,2024-01-06,nflverse,,2026-09-07T05:49:16.123275+00:00,2024-01-06T00:00:00
NFL_KC_00-0036913_2023W18_OUT_DNP,NFL,2023,18,2023_NFL_W18_KC_LAC,NFL_KC,NFL_P_00-0036913,WR,,OUT,DNP,Hip,2024-01-06,nflverse,,2026-09-07T05:49:16.123275+00:00,2024-01-06T00:00:00
NFL_KC_00-0033873_2023W18_DOUBTFUL_FP,NFL,2023,18,2023_NFL_W18_KC_LAC,NFL_KC,NFL_P_00-0033873,QB,,DOUBTFUL,FP,Ankle,2024-01-06,nflverse,,2026-09-07T05:49:16.123275+00:00,2024-01-06T00:00:00
NFL_KC_00-0036621_2023W18_QUESTIONABLE_FP,NFL,2023,18,2023_NFL_W18_KC_LAC,NFL_KC,NFL_P_00-0036621,LB,,QUESTIONABLE,FP,Wrist,2024-01-06,nflverse,,2026-09-07T05:49:16.123275+00:00,2024-01-06T00:00:00
NFL_KC_00-0036378_2023W18_QUESTIONABLE_FP,NFL,2023,18,2023_NFL_W18_KC_LAC,NFL_KC,NFL_P_00-0036378,EDGE,,QUESTIONABLE,FP,Coaching,2024-01-06,nflverse,,2026-09-07T05:49:16.123275+00:00,2024-01-06T00:00:00
NFL_KC_00-0037192_2023W18_QUESTIONABLE_FP,NFL,2023,18,2023_NFL_W18_KC_LAC,NFL_KC,NFL_P_00-0037192,EDGE,,QUESTIONABLE,FP,Coaching,2024-01-06,nflverse,,2026-09-07T05:49:16.123275+00:00,2024-01-06T00:00:00
NFL_KC_00-0037191_2023W18_QUESTIONABLE_FP,NFL,2023,18,2023_NFL_W18_KC_LAC,NFL_KC,NFL_P_00-0037191,CB,,QUESTIONABLE,FP,Shoulder,2024-01-06,nflverse,,2026-09-07T05:49:16.123275+00:00,2024-01-06T00:00:00
NFL_KC_00-0037197_2023W18_QUESTIONABLE_LP,NFL,2023,18,2023_NFL_W18_KC_LAC,NFL_KC,NFL_P_00-0037197,RB,,QUESTIONABLE,LP,Quadricep,2024-01-06,nflverse,,2026-09-07T05:49:16.123275+00:00,2024-01-06T00:00:00
NFL_LAR_00-0035696_2023W18_OUT_FP,NFL,2023,18,2023_NFL_W18_LAR_SF,NFL_LAR,NFL_P_00-0035696,CB,,OUT,FP,Hamstring,2024-01-06,nflverse,,2026-09-07T05:49:16.123275+00:00,2024-01-06T00:00:00
NFL_LAR_00-0031388_2023W18_DOUBTFUL_DNP,NFL,2023,18,2023_NFL_W18_LAR_SF,NFL_LAR,NFL_P_00-0031388,DL,,DOUBTFUL,DNP,Coach's decision,2024-01-06,nflverse,,2026-09-07T05:49:16.123275+00:00,2024-01-06T00:00:00
NFL_LAR_00-0033110_2023W18_DOUBTFUL_DNP,NFL,2023,18,2023_NFL_W18_LAR_SF,NFL_LAR,NFL_P_00-0033110,TE,,DOUBTFUL,DNP,Shoulder,2024-01-06,nflverse,,2026-09-07T05:49:16.123275+00:00,2024-01-06T00:00:00
NFL_LAR_00-0034803_2023W18_DOUBTFUL_DNP,NFL,2023,18,2023_NFL_W18_LAR_SF,NFL_LAR,NFL_P_00-0034803,OL,,DOUBTFUL,DNP,Foot,2024-01-06,nflverse,,2026-09-07T05:49:16.123275+00:00,2024-01-06T00:00:00
NFL_LAR_00-0026498_2023W18_DOUBTFUL_DNP,NFL,2023,18,2023_NFL_W18_LAR_SF,NFL_LAR,NFL_P_00-0026498,QB,,DOUBTFUL,DNP,Coach's decision,2024-01-06,nflverse,,2026-09-07T05:49:16.123275+00:00,2024-01-06T00:00:00
NFL_LAR_00-0036994_2023W18_DOUBTFUL_FP,NFL,2023,18,2023_NFL_W18_LAR_SF,NFL_LAR,NFL_P_00-0036994,LB,,DOUBTFUL,FP,Coach's decision,2024-01-06,nflverse,,2026-09-07T05:49:16.123275+00:00,2024-01-06T00:00:00
NFL_LAR_00-0033908_2023W18_DOUBTFUL_FP,NFL,2023,18,2023_NFL_W18_LAR_SF,NFL_LAR,NFL_P_00-0033908,WR,,DOUBTFUL,FP,Coach's decision,2024-01-06,nflverse,,2026-09-07T05:49:16.123275+00:00,2024-01-06T00:00:00
NFL_LAR_00-0037840_2023W18_DOUBTFUL_FP,NFL,2023,18,2023_NFL_W18_LAR_SF,NFL_LAR,NFL_P_00-0037840,RB,,DOUBTFUL,FP,Coach's decision,2024-01-06,nflverse,,2026-09-07T05:49:16.123275+00:00,2024-01-06T00:00:00
NFL_LAC_00-0031040_2023W18_NA_DNP,NFL,2023,18,2023_NFL_W18_KC_LAC,NFL_LAC,NFL_P_00-0031040,EDGE,,UNKNOWN,DNP,Not injury related - resting player,2024-01-06,nflverse,,2026-09-07T05:49:16.123275+00:00,2024-01-06T00:00:00
NFL_LAC_00-0030279_2023W18_OUT_DNP,NFL,2023,18,2023_NFL_W18_KC_LAC,NFL_LAC,NFL_P_00-0030279,WR,,OUT,DNP,Heel,2024-01-06,nflverse,,2026-09-07T05:49:16.123275+00:00,2024-01-06T00:00:00
NFL_LAC_00-0033156_2023W18_OUT_DNP,NFL,2023,18,2023_NFL_W18_KC_LAC,NFL_LAC,NFL_P_00-0033156,EDGE,,OUT,DNP,Foot,2024-01-06,nflverse,,2026-09-07T05:49:16.123275+00:00,2024-01-06T00:00:00
NFL_LAC_00-0035591_2023W18_OUT_DNP,NFL,2023,18,2023_NFL_W18_KC_LAC,NFL_LAC,NFL_P_00-0035591,LB,,OUT,DNP,Shoulder,2024-01-06,nflverse,,2026-09-07T05:49:16.123275+00:00,2024-01-06T00:00:00
NFL_LAC_00-0030500_2023W18_OUT_DNP,NFL,2023,18,2023_NFL_W18_KC_LAC,NFL_LAC,NFL_P_00-0030500,DL,,OUT,DNP,Shoulder,2024-01-06,nflverse,,2026-09-07T05:49:16.123275+00:00,2024-01-06T00:00:00
NFL_LAC_00-0036441_2023W18_DOUBTFUL_DNP,NFL,2023,18,2023_NFL_W18_KC_LAC,NFL_LAC,NFL_P_00-0036441,LB,,DOUBTFUL,DNP,Shoulder,2024-01-06,nflverse,,2026-09-07T05:49:16.123275+00:00,2024-01-06T00:00:00
NFL_LAC_00-0037818_2023W18_DOUBTFUL_LP,NFL,2023,18,2023_NFL_W18_KC_LAC,NFL_LAC,NFL_P_00-0037818,OL,,DOUBTFUL,LP,Neck,2024-01-06,nflverse,,2026-09-07T05:49:16.123275+00:00,2024-01-06T00:00:00
NFL_LAC_00-0037320_2023W18_QUESTIONABLE_FP,NFL,2023,18,2023_NFL_W18_KC_LAC,NFL_LAC,NFL_P_00-0037320,CB,,QUESTIONABLE,FP,Heel,2024-01-06,nflverse,,2026-09-07T05:49:16.123275+00:00,2024-01-06T00:00:00
NFL_LAC_00-0036368_2023W18_QUESTIONABLE_FP,NFL,2023,18,2023_NFL_W18_KC_LAC,NFL_LAC,NFL_P_00-0036368,LB,,QUESTIONABLE,FP,Knee,2024-01-06,nflverse,,2026-09-07T05:49:16.123275+00:00,2024-01-06T00:00:00
NFL_LAC_00-0037475_2023W18_QUESTIONABLE_FP,NFL,2023,18,2023_NFL_W18_KC_LAC,NFL_LAC,NFL_P_00-0037475,TE,,QUESTIONABLE,FP,Shoulder,2024-01-06,nflverse,,2026-09-07T05:49:16.123275+00:00,2024-01-06T00:00:00
NFL_LAC_00-0039111_2023W18_QUESTIONABLE_LP,NFL,2023,18,2023_NFL_W18_KC_LAC,NFL_LAC,NFL_P_00-0039111,EDGE,,QUESTIONABLE,LP,Ankle,2024-01-06,nflverse,,2026-09-07T05:49:16.123275+00:00,2024-01-06T00:00:00
NFL_LV_00-0034973_2023W18_NA_LP,NFL,2023,18,2023_NFL_W18_DEN_LV,NFL_LV,NFL_P_00-0034973,EDGE,,UNKNOWN,LP,Knee,2024-01-06,nflverse,,2026-09-07T05:49:16.123275+00:00,2024-01-06T00:00:00
NFL_LV_00-0033290_2023W18_NA_LP,NFL,2023,18,2023_NFL_W18_DEN_LV,NFL_LV,NFL_P_00-0033290,OL,,UNKNOWN,LP,Knee,2024-01-06,nflverse,,2026-09-07T05:49:16.123275+00:00,2024-01-06T00:00:00
NFL_LV_00-0035700_2023W18_OUT_DNP,NFL,2023,18,2023_NFL_W18_DEN_LV,NFL_LV,NFL_P_00-0035700,RB,,OUT,DNP,Quadricep,2024-01-06,nflverse,,2026-09-07T05:49:16.123275+00:00,2024-01-06T00:00:00
NFL_LV_00-0039066_2023W18_OUT_DNP,NFL,2023,18,2023_NFL_W18_DEN_LV,NFL_LV,NFL_P_00-0039066,TE,,OUT,DNP,Toe,2024-01-06,nflverse,,2026-09-07T05:49:16.123275+00:00,2024-01-06T00:00:00
NFL_LV_00-0037322_2023W18_DOUBTFUL_DNP,NFL,2023,18,2023_NFL_W18_DEN_LV,NFL_LV,NFL_P_00-0037322,OL,,DOUBTFUL,DNP,Knee,2024-01-06,nflverse,,2026-09-07T05:49:16.123275+00:00,2024-01-06T00:00:00
NFL_LV_00-0034545_2023W18_QUESTIONABLE_DNP,NFL,2023,18,2023_NFL_W18_DEN_LV,NFL_LV,NFL_P_00-0034545,CB,,QUESTIONABLE,DNP,Illness,2024-01-06,nflverse,,2026-09-07T05:49:16.123275+00:00,2024-01-06T00:00:00
NFL_LV_00-0035726_2023W18_QUESTIONABLE_LP,NFL,2023,18,2023_NFL_W18_DEN_LV,NFL_LV,NFL_P_00-0035726,RB,,QUESTIONABLE,LP,Back,2024-01-06,nflverse,,2026-09-07T05:49:16.123275+00:00,2024-01-06T00:00:00
NFL_MIA_00-0034832_2023W18_OUT_DNP,NFL,2023,18,2023_NFL_W18_BUF_MIA,NFL_MIA,NFL_P_00-0034832,LB,,OUT,DNP,Knee,2024-01-07,nflverse,,2026-09-07T05:49:16.123275+00:00,2024-01-07T00:00:00
NFL_MIA_00-0033050_2023W18_OUT_DNP,NFL,2023,18,2023_NFL_W18_BUF_MIA,NFL_MIA,NFL_P_00-0033050,CB,,OUT,DNP,Foot,2024-01-07,nflverse,,2026-09-07T05:49:16.123275+00:00,2024-01-07T00:00:00
NFL_MIA_00-0036998_2023W18_QUESTIONABLE_FP,NFL,2023,18,2023_NFL_W18_BUF_MIA,NFL_MIA,NFL_P_00-0036998,S,,QUESTIONABLE,FP,Knee,2024-01-07,nflverse,,2026-09-07T05:49:16.123275+00:00,2024-01-07T00:00:00
NFL_MIA_00-0034797_2023W18_QUESTIONABLE_LP,NFL,2023,18,2023_NFL_W18_BUF_MIA,NFL_MIA,NFL_P_00-0034797,LB,,QUESTIONABLE,LP,Knee,2024-01-07,nflverse,,2026-09-07T05:49:16.123275+00:00,2024-01-07T00:00:00
NFL_MIA_00-0031687_2023W18_QUESTIONABLE_LP,NFL,2023,18,2023_NFL_W18_BUF_MIA,NFL_MIA,NFL_P_00-0031687,RB,,QUESTIONABLE,LP,Knee,2024-01-07,nflverse,,2026-09-07T05:49:16.123275+00:00,2024-01-07T00:00:00
NFL_MIA_00-0036613_2023W18_QUESTIONABLE_LP,NFL,2023,18,2023_NFL_W18_BUF_MIA,NFL_MIA,NFL_P_00-0036613,WR,,QUESTIONABLE,LP,Ankle,2024-01-07,nflverse,,2026-09-07T05:49:16.123275+00:00,2024-01-07T00:00:00
NFL_MIN_00-0038565_2023W18_OUT_DNP,NFL,2023,18,2023_NFL_W18_MIN_DET,NFL_MIN,NFL_P_00-0038565,CB,,OUT,DNP,Shoulder,2024-01-06,nflverse,,2026-09-07T05:49:16.123275+00:00,2024-01-06T00:00:00
NFL_MIN_00-0037301_2023W18_OUT_DNP,NFL,2023,18,2023_NFL_W18_MIN_DET,NFL_MIN,NFL_P_00-0037301,S,,OUT,DNP,Toe,2024-01-06,nflverse,,2026-09-07T05:49:16.123275+00:00,2024-01-06T00:00:00
NFL_MIN_00-0035236_2023W18_OUT_DNP,NFL,2023,18,2023_NFL_W18_MIN_DET,NFL_MIN,NFL_P_00-0035236,CB,,OUT,DNP,Knee,2024-01-06,nflverse,,2026-09-07T05:49:16.123275+00:00,2024-01-06T00:00:00
NFL_MIN_00-0037291_2023W18_OUT_DNP,NFL,2023,18,2023_NFL_W18_MIN_DET,NFL_MIN,NFL_P_00-0037291,WR,,OUT,DNP,Concussion,2024-01-06,nflverse,,2026-09-07T05:49:16.123275+00:00,2024-01-06T00:00:00
NFL_MIN_00-0034158_2023W18_OUT_DNP,NFL,2023,18,2023_NFL_W18_MIN_DET,NFL_MIN,NFL_P_00-0034158,OL,,OUT,DNP,Ankle,2024-01-06,nflverse,,2026-09-07T05:49:16.123275+00:00,2024-01-06T00:00:00
NFL_MIN_00-0038584_2023W18_OUT_DNP,NFL,2023,18,2023_NFL_W18_MIN_DET,NFL_MIN,NFL_P_00-0038584,DL,,OUT,DNP,Ankle,2024-01-06,nflverse,,2026-09-07T05:49:16.123275+00:00,2024-01-06T00:00:00
NFL_MIN_00-0036616_2023W18_QUESTIONABLE_LP,NFL,2023,18,2023_NFL_W18_MIN_DET,NFL_MIN,NFL_P_00-0036616,OL,,QUESTIONABLE,LP,Illness,2024-01-06,nflverse,,2026-09-07T05:49:16.123275+00:00,2024-01-06T00:00:00
NFL_MIN_00-0038131_2023W18_QUESTIONABLE_LP,NFL,2023,18,2023_NFL_W18_MIN_DET,NFL_MIN,NFL_P_00-0038131,OL,,QUESTIONABLE,LP,Shoulder,2024-01-06,nflverse,,2026-09-07T05:49:16.123275+00:00,2024-01-06T00:00:00
NFL_NE_00-0032071_2023W18_OUT_DNP,NFL,2023,18,2023_NFL_W18_NYJ_NE,NFL_NE,NFL_P_00-0032071,OL,,OUT,DNP,Illness,2024-01-06,nflverse,,2026-09-07T05:49:16.123275+00:00,2024-01-06T00:00:00
NFL_NE_00-0033090_2023W18_OUT_DNP,NFL,2023,18,2023_NFL_W18_NYJ_NE,NFL_NE,NFL_P_00-0033090,TE,,OUT,DNP,Knee,2024-01-06,nflverse,,2026-09-07T05:49:16.123275+00:00,2024-01-06T00:00:00
NFL_NE_00-0036981_2023W18_QUESTIONABLE_LP,NFL,2023,18,2023_NFL_W18_NYJ_NE,NFL_NE,NFL_P_00-0036981,DL,,QUESTIONABLE,LP,Knee,2024-01-06,nflverse,,2026-09-07T05:49:16.123275+00:00,2024-01-06T00:00:00
NFL_NE_00-0033439_2023W18_QUESTIONABLE_LP,NFL,2023,18,2023_NFL_W18_NYJ_NE,NFL_NE,NFL_P_00-0033439,TE,,QUESTIONABLE,LP,Ribs,2024-01-06,nflverse,,2026-09-07T05:49:16.123275+00:00,2024-01-06T00:00:00
NFL_NE_00-0036087_2023W18_QUESTIONABLE_LP,NFL,2023,18,2023_NFL_W18_NYJ_NE,NFL_NE,NFL_P_00-0036087,CB,,QUESTIONABLE,LP,Illness,2024-01-06,nflverse,,2026-09-07T05:49:16.123275+00:00,2024-01-06T00:00:00
NFL_NE_00-0036193_2023W18_QUESTIONABLE_LP,NFL,2023,18,2023_NFL_W18_NYJ_NE,NFL_NE,NFL_P_00-0036193,LB,,QUESTIONABLE,LP,Knee,2024-01-06,nflverse,,2026-09-07T05:49:16.123275+00:00,2024-01-06T00:00:00
NFL_NE_00-0032580_2023W18_QUESTIONABLE_LP,NFL,2023,18,2023_NFL_W18_NYJ_NE,NFL_NE,NFL_P_00-0032580,CB,,QUESTIONABLE,LP,Knee,2024-01-06,nflverse,,2026-09-07T05:49:16.123275+00:00,2024-01-06T00:00:00
NFL_NE_00-0032803_2023W18_QUESTIONABLE_LP,NFL,2023,18,2023_NFL_W18_NYJ_NE,NFL_NE,NFL_P_00-0032803,CB,,QUESTIONABLE,LP,Ankle,2024-01-06,nflverse,,2026-09-07T05:49:16.123275+00:00,2024-01-06T00:00:00
NFL_NE_00-0031547_2023W18_QUESTIONABLE_LP,NFL,2023,18,2023_NFL_W18_NYJ_NE,NFL_NE,NFL_P_00-0031547,WR,,QUESTIONABLE,LP,Ribs,2024-01-06,nflverse,,2026-09-07T05:49:16.123275+00:00,2024-01-06T00:00:00
NFL_NE_00-0033883_2023W18_QUESTIONABLE_LP,NFL,2023,18,2023_NFL_W18_NYJ_NE,NFL_NE,NFL_P_00-0033883,S,,QUESTIONABLE,LP,Hamstring,2024-01-06,nflverse,,2026-09-07T05:49:16.123275+00:00,2024-01-06T00:00:00
NFL_NE_00-0026293_2023W18_QUESTIONABLE_LP,NFL,2023,18,2023_NFL_W18_NYJ_NE,NFL_NE,NFL_P_00-0026293,WR,,QUESTIONABLE,LP,Hamstring,2024-01-06,nflverse,,2026-09-07T05:49:16.123275+00:00,2024-01-06T00:00:00
NFL_NE_00-0035240_2023W18_QUESTIONABLE_LP,NFL,2023,18,2023_NFL_W18_NYJ_NE,NFL_NE,NFL_P_00-0035240,LB,,QUESTIONABLE,LP,Tooth,2024-01-06,nflverse,,2026-09-07T05:49:16.123275+00:00,2024-01-06T00:00:00
NFL_NE_00-0038104_2023W18_QUESTIONABLE_LP,NFL,2023,18,2023_NFL_W18_NYJ_NE,NFL_NE,NFL_P_00-0038104,WR,,QUESTIONABLE,LP,Ankle,2024-01-06,nflverse,,2026-09-07T05:49:16.123275+00:00,2024-01-06T00:00:00
NFL_NE_00-0036559_2023W18_QUESTIONABLE_LP,NFL,2023,18,2023_NFL_W18_NYJ_NE,NFL_NE,NFL_P_00-0036559,CB,,QUESTIONABLE,LP,Hip,2024-01-06,nflverse,,2026-09-07T05:49:16.123275+00:00,2024-01-06T00:00:00
NFL_NO_00-0027696_2023W18_NA_LP,NFL,2023,18,2023_NFL_W18_ATL_NO,NFL_NO,NFL_P_00-0027696,TE,,UNKNOWN,LP,Not injury related - resting player,2024-01-06,nflverse,,2026-09-07T05:49:16.123275+00:00,2024-01-06T00:00:00
NFL_NO_00-0035244_2023W18_OUT_DNP,NFL,2023,18,2023_NFL_W18_ATL_NO,NFL_NO,NFL_P_00-0035244,CB,,OUT,DNP,Knee,2024-01-06,nflverse,,2026-09-07T05:49:16.123275+00:00,2024-01-06T00:00:00
NFL_NO_00-0036930_2023W18_OUT_DNP,NFL,2023,18,2023_NFL_W18_ATL_NO,NFL_NO,NFL_P_00-0036930,OL,,OUT,DNP,Knee,2024-01-06,nflverse,,2026-09-07T05:49:16.123275+00:00,2024-01-06T00:00:00
NFL_NO_00-0033906_2023W18_QUESTIONABLE_DNP,NFL,2023,18,2023_NFL_W18_ATL_NO,NFL_NO,NFL_P_00-0033906,RB,,QUESTIONABLE,DNP,Ankle,2024-01-06,nflverse,,2026-09-07T05:49:16.123275+00:00,2024-01-06T00:00:00
NFL_NO_00-0038551_2023W18_QUESTIONABLE_DNP,NFL,2023,18,2023_NFL_W18_ATL_NO,NFL_NO,NFL_P_00-0038551,RB,,QUESTIONABLE,DNP,Ankle,2024-01-06,nflverse,,2026-09-07T05:49:16.123275+00:00,2024-01-06T00:00:00
NFL_NO_00-0037544_2023W18_QUESTIONABLE_DNP,NFL,2023,18,2023_NFL_W18_ATL_NO,NFL_NO,NFL_P_00-0037544,LB,,QUESTIONABLE,DNP,Knee,2024-01-06,nflverse,,2026-09-07T05:49:16.123275+00:00,2024-01-06T00:00:00
NFL_NO_00-0038612_2023W18_QUESTIONABLE_FP,NFL,2023,18,2023_NFL_W18_ATL_NO,NFL_NO,NFL_P_00-0038612,WR,,QUESTIONABLE,FP,Illness,2024-01-06,nflverse,,2026-09-07T05:49:16.123275+00:00,2024-01-06T00:00:00
NFL_NO_00-0035656_2023W18_QUESTIONABLE_FP,NFL,2023,18,2023_NFL_W18_ATL_NO,NFL_NO,NFL_P_00-0035656,DL,,QUESTIONABLE,FP,Concussion,2024-01-06,nflverse,,2026-09-07T05:49:16.123275+00:00,2024-01-06T00:00:00
NFL_NO_00-0036040_2023W18_QUESTIONABLE_LP,NFL,2023,18,2023_NFL_W18_ATL_NO,NFL_NO,NFL_P_00-0036040,TE,,QUESTIONABLE,LP,Chest,2024-01-06,nflverse,,2026-09-07T05:49:16.123275+00:00,2024-01-06T00:00:00
NFL_NO_00-0036926_2023W18_QUESTIONABLE_LP,NFL,2023,18,2023_NFL_W18_ATL_NO,NFL_NO,NFL_P_00-0036926,EDGE,,QUESTIONABLE,LP,Toe,2024-01-06,nflverse,,2026-09-07T05:49:16.123275+00:00,2024-01-06T00:00:00
NFL_NYG_00-0036402_2023W18_NA_LP,NFL,2023,18,2023_NFL_W18_PHI_NYG,NFL_NYG,NFL_P_00-0036402,LB,,UNKNOWN,LP,Shoulder,2024-01-06,nflverse,,2026-09-07T05:49:16.123275+00:00,2024-01-06T00:00:00
NFL_NYG_00-0036394_2023W18_NA_LP,NFL,2023,18,2023_NFL_W18_PHI_NYG,NFL_NYG,NFL_P_00-0036394,CB,,UNKNOWN,LP,Foot,2024-01-06,nflverse,,2026-09-07T05:49:16.123275+00:00,2024-01-06T00:00:00
NFL_NYG_00-0028118_2023W18_NA_LP,NFL,2023,18,2023_NFL_W18_PHI_NYG,NFL_NYG,NFL_P_00-0028118,QB,,UNKNOWN,LP,Back,2024-01-06,nflverse,,2026-09-07T05:49:16.123275+00:00,2024-01-06T00:00:00
NFL_NYG_00-0036502_2023W18_OUT_DNP,NFL,2023,18,2023_NFL_W18_PHI_NYG,NFL_NYG,NFL_P_00-0036502,S,,OUT,DNP,Toe,2024-01-06,nflverse,,2026-09-07T05:49:16.123275+00:00,2024-01-06T00:00:00
NFL_NYG_00-0039000_2023W18_DOUBTFUL_LP,NFL,2023,18,2023_NFL_W18_PHI_NYG,NFL_NYG,NFL_P_00-0039000,CB,,DOUBTFUL,LP,Shoulder,2024-01-06,nflverse,,2026-09-07T05:49:16.123275+00:00,2024-01-06T00:00:00
NFL_NYG_00-0039019_2023W18_QUESTIONABLE_LP,NFL,2023,18,2023_NFL_W18_PHI_NYG,NFL_NYG,NFL_P_00-0039019,OL,,QUESTIONABLE,LP,Shin,2024-01-06,nflverse,,2026-09-07T05:49:16.123275+00:00,2024-01-06T00:00:00
NFL_NYJ_00-0036273_2023W18_OUT_DNP,NFL,2023,18,2023_NFL_W18_NYJ_NE,NFL_NYJ,NFL_P_00-0036273,OL,,OUT,DNP,Concussion,2024-01-06,nflverse,,2026-09-07T05:49:16.123275+00:00,2024-01-06T00:00:00
NFL_NYJ_00-0037805_2023W18_OUT_DNP,NFL,2023,18,2023_NFL_W18_NYJ_NE,NFL_NYJ,NFL_P_00-0037805,TE,,OUT,DNP,Concussion,2024-01-06,nflverse,,2026-09-07T05:49:16.123275+00:00,2024-01-06T00:00:00
NFL_NYJ_00-0037013_2023W18_OUT_DNP,NFL,2023,18,2023_NFL_W18_NYJ_NE,NFL_NYJ,NFL_P_00-0037013,QB,,OUT,DNP,Concussion,2024-01-06,nflverse,,2026-09-07T05:49:16.123275+00:00,2024-01-06T00:00:00
NFL_NYJ_00-0023459_2023W18_OUT_LP,NFL,2023,18,2023_NFL_W18_NYJ_NE,NFL_NYJ,NFL_P_00-0023459,QB,,OUT,LP,Achilles,2024-01-06,nflverse,,2026-09-07T05:49:16.123275+00:00,2024-01-06T00:00:00
NFL_NYJ_00-0032432_2023W18_DOUBTFUL_LP,NFL,2023,18,2023_NFL_W18_NYJ_NE,NFL_NYJ,NFL_P_00-0032432,OL,,DOUBTFUL,LP,Calf,2024-01-06,nflverse,,2026-09-07T05:49:16.123275+00:00,2024-01-06T00:00:00
NFL_PHI_00-0030062_2023W18_OUT_DNP,NFL,2023,18,2023_NFL_W18_PHI_NYG,NFL_PHI,NFL_P_00-0030062,CB,,OUT,DNP,Knee,2024-01-06,nflverse,,2026-09-07T05:49:16.123275+00:00,2024-01-06T00:00:00
NFL_PHI_00-0036912_2023W18_OUT_DNP,NFL,2023,18,2023_NFL_W18_PHI_NYG,NFL_PHI,NFL_P_00-0036912,WR,,OUT,DNP,Ankle,2024-01-06,nflverse,,2026-09-07T05:49:16.123275+00:00,2024-01-06T00:00:00
NFL_PHI_00-0036275_2023W18_QUESTIONABLE_LP,NFL,2023,18,2023_NFL_W18_PHI_NYG,NFL_PHI,NFL_P_00-0036275,RB,,QUESTIONABLE,LP,Illness,2024-01-06,nflverse,,2026-09-07T05:49:16.123275+00:00,2024-01-06T00:00:00
NFL_PIT_00-0032968_2023W18_NA_DNP,NFL,2023,18,2023_NFL_W18_PIT_BAL,NFL_PIT,NFL_P_00-0032968,LB,,UNKNOWN,DNP,Not injury related - personal matter,2024-01-05,nflverse,,2026-09-07T05:49:16.123275+00:00,2024-01-05T00:00:00
NFL_PIT_00-0033905_2023W18_NA_DNP,NFL,2023,18,2023_NFL_W18_PIT_BAL,NFL_PIT,NFL_P_00-0033905,DL,,UNKNOWN,DNP,Not injury related - resting player,2024-01-05,nflverse,,2026-09-07T05:49:16.123275+00:00,2024-01-05T00:00:00
NFL_PIT_00-0032954_2023W18_NA_DNP,NFL,2023,18,2023_NFL_W18_PIT_BAL,NFL_PIT,NFL_P_00-0032954,OL,,UNKNOWN,DNP,Shoulder,2024-01-05,nflverse,,2026-09-07T05:49:16.123275+00:00,2024-01-05T00:00:00
NFL_PIT_00-0027969_2023W18_NA_LP,NFL,2023,18,2023_NFL_W18_PIT_BAL,NFL_PIT,NFL_P_00-0027969,DL,,UNKNOWN,LP,Groin,2024-01-05,nflverse,,2026-09-07T05:49:16.123275+00:00,2024-01-05T00:00:00
NFL_PIT_00-0033886_2023W18_NA_LP,NFL,2023,18,2023_NFL_W18_PIT_BAL,NFL_PIT,NFL_P_00-0033886,LB,,UNKNOWN,LP,Not injury related - resting player,2024-01-05,nflverse,,2026-09-07T05:49:16.123275+00:00,2024-01-05T00:00:00
NFL_PIT_00-0034789_2023W18_QUESTIONABLE_LP,NFL,2023,18,2023_NFL_W18_PIT_BAL,NFL_PIT,NFL_P_00-0034789,S,,QUESTIONABLE,LP,Knee,2024-01-05,nflverse,,2026-09-07T05:49:16.123275+00:00,2024-01-05T00:00:00
NFL_PIT_00-0032442_2023W18_QUESTIONABLE_LP,NFL,2023,18,2023_NFL_W18_PIT_BAL,NFL_PIT,NFL_P_00-0032442,LB,,QUESTIONABLE,LP,Pectoral,2024-01-05,nflverse,,2026-09-07T05:49:16.123275+00:00,2024-01-05T00:00:00
NFL_PIT_00-0037377_2023W18_QUESTIONABLE_LP,NFL,2023,18,2023_NFL_W18_PIT_BAL,NFL_PIT,NFL_P_00-0037377,S,,QUESTIONABLE,LP,Neck,2024-01-05,nflverse,,2026-09-07T05:49:16.123275+00:00,2024-01-05T00:00:00
NFL_SEA_00-0032265_2023W18_OUT_DNP,NFL,2023,18,2023_NFL_W18_SEA_ARI,NFL_SEA,NFL_P_00-0032265,EDGE,,OUT,DNP,Knee,2024-01-06,nflverse,,2026-09-07T05:49:16.123275+00:00,2024-01-06T00:00:00
NFL_SEA_00-0035141_2023W18_OUT_DNP,NFL,2023,18,2023_NFL_W18_SEA_ARI,NFL_SEA,NFL_P_00-0035141,OL,,OUT,DNP,Toe,2024-01-06,nflverse,,2026-09-07T05:49:16.123275+00:00,2024-01-06T00:00:00
NFL_SEA_00-0037812_2023W18_OUT_DNP,NFL,2023,18,2023_NFL_W18_SEA_ARI,NFL_SEA,NFL_P_00-0037812,OL,,OUT,DNP,Knee,2024-01-06,nflverse,,2026-09-07T05:49:16.123275+00:00,2024-01-06T00:00:00
NFL_SEA_00-0038636_2023W18_OUT_DNP,NFL,2023,18,2023_NFL_W18_SEA_ARI,NFL_SEA,NFL_P_00-0038636,RB,,OUT,DNP,Thumb,2024-01-06,nflverse,,2026-09-07T05:49:16.123275+00:00,2024-01-06T00:00:00
NFL_SEA_00-0022531_2023W18_QUESTIONABLE_DNP,NFL,2023,18,2023_NFL_W18_SEA_ARI,NFL_SEA,NFL_P_00-0022531,OL,,QUESTIONABLE,DNP,Foot,2024-01-06,nflverse,,2026-09-07T05:49:16.123275+00:00,2024-01-06T00:00:00
NFL_SEA_00-0032387_2023W18_QUESTIONABLE_DNP,NFL,2023,18,2023_NFL_W18_SEA_ARI,NFL_SEA,NFL_P_00-0032387,DL,,QUESTIONABLE,DNP,Knee,2024-01-06,nflverse,,2026-09-07T05:49:16.123275+00:00,2024-01-06T00:00:00
NFL_SEA_00-0036409_2023W18_QUESTIONABLE_FP,NFL,2023,18,2023_NFL_W18_SEA_ARI,NFL_SEA,NFL_P_00-0036409,LB,,QUESTIONABLE,FP,Ankle,2024-01-06,nflverse,,2026-09-07T05:49:16.123275+00:00,2024-01-06T00:00:00
NFL_SEA_00-0028292_2023W18_QUESTIONABLE_LP,NFL,2023,18,2023_NFL_W18_SEA_ARI,NFL_SEA,NFL_P_00-0028292,LB,,QUESTIONABLE,LP,Knee,2024-01-06,nflverse,,2026-09-07T05:49:16.123275+00:00,2024-01-06T00:00:00
NFL_SF_00-0035717_2023W18_NA_DNP,NFL,2023,18,2023_NFL_W18_LAR_SF,NFL_SF,NFL_P_00-0035717,EDGE,,UNKNOWN,DNP,Not injury related - resting player,2024-01-06,nflverse,,2026-09-07T05:49:16.123275+00:00,2024-01-06T00:00:00
NFL_SF_00-0027857_2023W18_NA_DNP,NFL,2023,18,2023_NFL_W18_LAR_SF,NFL_SF,NFL_P_00-0027857,OL,,UNKNOWN,DNP,Not injury related - resting player,2024-01-06,nflverse,,2026-09-07T05:49:16.123275+00:00,2024-01-06T00:00:00
NFL_SF_00-0032164_2023W18_OUT_DNP,NFL,2023,18,2023_NFL_W18_LAR_SF,NFL_SF,NFL_P_00-0032164,DL,,OUT,DNP,Foot,2024-01-06,nflverse,,2026-09-07T05:49:16.123275+00:00,2024-01-06T00:00:00
NFL_SF_00-0038554_2023W18_OUT_DNP,NFL,2023,18,2023_NFL_W18_LAR_SF,NFL_SF,NFL_P_00-0038554,S,,OUT,DNP,Knee,2024-01-06,nflverse,,2026-09-07T05:49:16.123275+00:00,2024-01-06T00:00:00
NFL_SF_00-0034073_2023W18_OUT_DNP,NFL,2023,18,2023_NFL_W18_LAR_SF,NFL_SF,NFL_P_00-0034073,TE,,OUT,DNP,Ankle,2024-01-06,nflverse,,2026-09-07T05:49:16.123275+00:00,2024-01-06T00:00:00
NFL_SF_00-0028924_2023W18_OUT_DNP,NFL,2023,18,2023_NFL_W18_LAR_SF,NFL_SF,NFL_P_00-0028924,S,,OUT,DNP,Quadricep,2024-01-06,nflverse,,2026-09-07T05:49:16.123275+00:00,2024-01-06T00:00:00
NFL_SF_00-0033280_2023W18_OUT_DNP,NFL,2023,18,2023_NFL_W18_LAR_SF,NFL_SF,NFL_P_00-0033280,RB,,OUT,DNP,Calf,2024-01-06,nflverse,,2026-09-07T05:49:16.123275+00:00,2024-01-06T00:00:00
NFL_SF_00-0037008_2023W18_OUT_DNP,NFL,2023,18,2023_NFL_W18_LAR_SF,NFL_SF,NFL_P_00-0037008,CB,,OUT,DNP,Hand,2024-01-06,nflverse,,2026-09-07T05:49:16.123275+00:00,2024-01-06T00:00:00
NFL_SF_00-0029892_2023W18_QUESTIONABLE_NA,NFL,2023,18,2023_NFL_W18_LAR_SF,NFL_SF,NFL_P_00-0029892,RB,,QUESTIONABLE,,Illness,2024-01-06,nflverse,,2026-09-07T05:49:16.123275+00:00,2024-01-06T00:00:00
NFL_SF_00-0037828_2023W18_QUESTIONABLE_FP,NFL,2023,18,2023_NFL_W18_LAR_SF,NFL_SF,NFL_P_00-0037828,WR,,QUESTIONABLE,FP,Shoulder,2024-01-06,nflverse,,2026-09-07T05:49:16.123275+00:00,2024-01-06T00:00:00
NFL_SF_00-0034407_2023W18_QUESTIONABLE_FP,NFL,2023,18,2023_NFL_W18_LAR_SF,NFL_SF,NFL_P_00-0034407,WR,,QUESTIONABLE,FP,Rib,2024-01-06,nflverse,,2026-09-07T05:49:16.123275+00:00,2024-01-06T00:00:00
NFL_SF_00-0032151_2023W18_QUESTIONABLE_LP,NFL,2023,18,2023_NFL_W18_LAR_SF,NFL_SF,NFL_P_00-0032151,OL,,QUESTIONABLE,LP,Back,2024-01-06,nflverse,,2026-09-07T05:49:16.123275+00:00,2024-01-06T00:00:00
NFL_SF_00-0036259_2023W18_QUESTIONABLE_LP,NFL,2023,18,2023_NFL_W18_LAR_SF,NFL_SF,NFL_P_00-0036259,WR,,QUESTIONABLE,LP,Concussion,2024-01-06,nflverse,,2026-09-07T05:49:16.123275+00:00,2024-01-06T00:00:00
NFL_TB_00-0036406_2023W18_NA_LP,NFL,2023,18,2023_NFL_W18_TB_CAR,NFL_TB,NFL_P_00-0036406,OL,,UNKNOWN,LP,Shoulder,2024-01-06,nflverse,,2026-09-07T05:49:16.123275+00:00,2024-01-06T00:00:00
NFL_TB_00-0037627_2023W18_OUT_FP,NFL,2023,18,2023_NFL_W18_TB_CAR,NFL_TB,NFL_P_00-0037627,DL,,OUT,FP,Calf,2024-01-06,nflverse,,2026-09-07T05:49:16.123275+00:00,2024-01-06T00:00:00
NFL_TB_00-0036045_2023W18_QUESTIONABLE_NA,NFL,2023,18,2023_NFL_W18_TB_CAR,NFL_TB,NFL_P_00-0036045,LB,,QUESTIONABLE,,Knee,2024-01-06,nflverse,,2026-09-07T05:49:16.123275+00:00,2024-01-06T00:00:00
NFL_TB_00-0034778_2023W18_QUESTIONABLE_FP,NFL,2023,18,2023_NFL_W18_TB_CAR,NFL_TB,NFL_P_00-0034778,CB,,QUESTIONABLE,FP,Concussion,2024-01-06,nflverse,,2026-09-07T05:49:16.123275+00:00,2024-01-06T00:00:00
NFL_TB_00-0038821_2023W18_QUESTIONABLE_FP,NFL,2023,18,2023_NFL_W18_TB_CAR,NFL_TB,NFL_P_00-0038821,WR,,QUESTIONABLE,FP,Quadricep,2024-01-06,nflverse,,2026-09-07T05:49:16.123275+00:00,2024-01-06T00:00:00
NFL_TB_00-0037311_2023W18_QUESTIONABLE_FP,NFL,2023,18,2023_NFL_W18_TB_CAR,NFL_TB,NFL_P_00-0037311,TE,,QUESTIONABLE,FP,Shoulder,2024-01-06,nflverse,,2026-09-07T05:49:16.123275+00:00,2024-01-06T00:00:00
NFL_TB_00-0034855_2023W18_QUESTIONABLE_FP,NFL,2023,18,2023_NFL_W18_TB_CAR,NFL_TB,NFL_P_00-0034855,QB,,QUESTIONABLE,FP,Ribs,2024-01-06,nflverse,,2026-09-07T05:49:16.123275+00:00,2024-01-06T00:00:00
NFL_TB_00-0036643_2023W18_QUESTIONABLE_LP,NFL,2023,18,2023_NFL_W18_TB_CAR,NFL_TB,NFL_P_00-0036643,LB,,QUESTIONABLE,LP,Calf,2024-01-06,nflverse,,2026-09-07T05:49:16.123275+00:00,2024-01-06T00:00:00
NFL_TB_00-0039052_2023W18_QUESTIONABLE_LP,NFL,2023,18,2023_NFL_W18_TB_CAR,NFL_TB,NFL_P_00-0039052,WR,,QUESTIONABLE,LP,Hip,2024-01-06,nflverse,,2026-09-07T05:49:16.123275+00:00,2024-01-06T00:00:00
NFL_TEN_00-0038632_2023W18_OUT_DNP,NFL,2023,18,2023_NFL_W18_JAX_TEN,NFL_TEN,NFL_P_00-0038632,WR,,OUT,DNP,Knee,2024-01-06,nflverse,,2026-09-07T05:49:16.123275+00:00,2024-01-06T00:00:00
NFL_TEN_00-0038848_2023W18_OUT_DNP,NFL,2023,18,2023_NFL_W18_JAX_TEN,NFL_TEN,NFL_P_00-0038848,CB,,OUT,DNP,Knee,2024-01-06,nflverse,,2026-09-07T05:49:16.123275+00:00,2024-01-06T00:00:00
NFL_TEN_00-0038850_2023W18_OUT_DNP,NFL,2023,18,2023_NFL_W18_JAX_TEN,NFL_TEN,NFL_P_00-0038850,EDGE,,OUT,DNP,Shoulder,2024-01-06,nflverse,,2026-09-07T05:49:16.123275+00:00,2024-01-06T00:00:00
NFL_TEN_00-0036615_2023W18_OUT_LP,NFL,2023,18,2023_NFL_W18_JAX_TEN,NFL_TEN,NFL_P_00-0036615,CB,,OUT,LP,Back,2024-01-06,nflverse,,2026-09-07T05:49:16.123275+00:00,2024-01-06T00:00:00
NFL_TEN_00-0033221_2023W18_QUESTIONABLE_DNP,NFL,2023,18,2023_NFL_W18_JAX_TEN,NFL_TEN,NFL_P_00-0033221,OL,,QUESTIONABLE,DNP,Ankle,2024-01-06,nflverse,,2026-09-07T05:49:16.123275+00:00,2024-01-06T00:00:00
NFL_TEN_00-0038607_2023W18_QUESTIONABLE_DNP,NFL,2023,18,2023_NFL_W18_JAX_TEN,NFL_TEN,NFL_P_00-0038607,OL,,QUESTIONABLE,DNP,Neck,2024-01-06,nflverse,,2026-09-07T05:49:16.123275+00:00,2024-01-06T00:00:00
NFL_TEN_00-0034193_2023W18_QUESTIONABLE_FP,NFL,2023,18,2023_NFL_W18_JAX_TEN,NFL_TEN,NFL_P_00-0034193,TE,,QUESTIONABLE,FP,Hip,2024-01-06,nflverse,,2026-09-07T05:49:16.123275+00:00,2024-01-06T00:00:00
NFL_TEN_00-0039152_2023W18_QUESTIONABLE_LP,NFL,2023,18,2023_NFL_W18_JAX_TEN,NFL_TEN,NFL_P_00-0039152,QB,,QUESTIONABLE,LP,Foot,2024-01-06,nflverse,,2026-09-07T05:49:16.123275+00:00,2024-01-06T00:00:00
NFL_TEN_00-0038851_2023W18_QUESTIONABLE_LP,NFL,2023,18,2023_NFL_W18_JAX_TEN,NFL_TEN,NFL_P_00-0038851,LB,,QUESTIONABLE,LP,Shoulder,2024-01-06,nflverse,,2026-09-07T05:49:16.123275+00:00,2024-01-06T00:00:00
NFL_WAS_00-0033523_2023W18_OUT_DNP,NFL,2023,18,2023_NFL_W18_DAL_WAS,NFL_WAS,NFL_P_00-0033523,DL,,OUT,DNP,Knee,2024-01-06,nflverse,,2026-09-07T05:49:16.123275+00:00,2024-01-06T00:00:00
NFL_WAS_00-0037833_2023W18_OUT_DNP,NFL,2023,18,2023_NFL_W18_DAL_WAS,NFL_WAS,NFL_P_00-0037833,CB,,OUT,DNP,Shoulder,2024-01-06,nflverse,,2026-09-07T05:49:16.123275+00:00,2024-01-06T00:00:00
NFL_WAS_00-0033084_2023W18_OUT_DNP,NFL,2023,18,2023_NFL_W18_DAL_WAS,NFL_WAS,NFL_P_00-0033084,CB,,OUT,DNP,Knee,2024-01-06,nflverse,,2026-09-07T05:49:16.123275+00:00,2024-01-06T00:00:00
NFL_WAS_00-0037095_2023W18_OUT_DNP,NFL,2023,18,2023_NFL_W18_DAL_WAS,NFL_WAS,NFL_P_00-0037095,CB,,OUT,DNP,Concussion,2024-01-06,nflverse,,2026-09-07T05:49:16.123275+00:00,2024-01-06T00:00:00
NFL_WAS_00-0036349_2023W18_QUESTIONABLE_DNP,NFL,2023,18,2023_NFL_W18_DAL_WAS,NFL_WAS,NFL_P_00-0036349,S,,QUESTIONABLE,DNP,Quadricep,2024-01-06,nflverse,,2026-09-07T05:49:16.123275+00:00,2024-01-06T00:00:00
NFL_WAS_00-0036403_2023W18_QUESTIONABLE_DNP,NFL,2023,18,2023_NFL_W18_DAL_WAS,NFL_WAS,NFL_P_00-0036403,EDGE,,QUESTIONABLE,DNP,Shoulder,2024-01-06,nflverse,,2026-09-07T05:49:16.123275+00:00,2024-01-06T00:00:00
NFL_WAS_00-0033831_2023W18_QUESTIONABLE_LP,NFL,2023,18,2023_NFL_W18_DAL_WAS,NFL_WAS,NFL_P_00-0033831,OL,,QUESTIONABLE,LP,Elbow,2024-01-06,nflverse,,2026-09-07T05:49:16.123275+00:00,2024-01-06T00:00:00
NFL_BUF_00-0031588_2023W19_NA_DNP,NFL,2023,19,2023_NFL_P19_PIT_BUF,NFL_BUF,NFL_P_00-0031588,WR,,UNKNOWN,DNP,Not injury related - resting player,2024-01-14,nflverse,,2026-09-07T05:49:16.123275+00:00,2024-01-14T00:00:00
NFL_BUF_00-0031054_2023W19_NA_DNP,NFL,2023,19,2023_NFL_P19_PIT_BUF,NFL_BUF,NFL_P_00-0031054,DL,,UNKNOWN,DNP,Not injury related - resting player,2024-01-14,nflverse,,2026-09-07T05:49:16.123275+00:00,2024-01-14T00:00:00
NFL_BUF_00-0035537_2023W19_NA_LP,NFL,2023,19,2023_NFL_P19_PIT_BUF,NFL_BUF,NFL_P_00-0035537,RB,,UNKNOWN,LP,Concussion,2024-01-14,nflverse,,2026-09-07T05:49:16.123275+00:00,2024-01-14T00:00:00
NFL_BUF_00-0036196_2023W19_OUT_DNP,NFL,2023,19,2023_NFL_P19_PIT_BUF,NFL_BUF,NFL_P_00-0036196,WR,,OUT,DNP,Knee,2024-01-14,nflverse,,2026-09-07T05:49:16.123275+00:00,2024-01-14T00:00:00
NFL_BUF_00-0035663_2023W19_OUT_DNP,NFL,2023,19,2023_NFL_P19_PIT_BUF,NFL_BUF,NFL_P_00-0035663,S,,OUT,DNP,Calf,2024-01-14,nflverse,,2026-09-07T05:49:16.123275+00:00,2024-01-14T00:00:00
NFL_BUF_00-0033551_2023W19_QUESTIONABLE_DNP,NFL,2023,19,2023_NFL_P19_PIT_BUF,NFL_BUF,NFL_P_00-0033551,CB,,QUESTIONABLE,DNP,Knee,2024-01-14,nflverse,,2026-09-07T05:49:16.123275+00:00,2024-01-14T00:00:00
NFL_BUF_00-0035352_2023W19_QUESTIONABLE_LP,NFL,2023,19,2023_NFL_P19_PIT_BUF,NFL_BUF,NFL_P_00-0035352,LB,,QUESTIONABLE,LP,Shoulder,2024-01-14,nflverse,,2026-09-07T05:49:16.123275+00:00,2024-01-14T00:00:00
NFL_CLE_00-0030098_2023W19_OUT_DNP,NFL,2023,19,2023_NFL_P19_CLE_HOU,NFL_CLE,NFL_P_00-0030098,K,,OUT,DNP,left Hamstring,2024-01-12,nflverse,,2026-09-07T05:49:16.123275+00:00,2024-01-12T00:00:00
NFL_CLE_00-0038979_2023W19_OUT_DNP,NFL,2023,19,2023_NFL_P19_CLE_HOU,NFL_CLE,NFL_P_00-0038979,WR,,OUT,DNP,Concussion,2024-01-12,nflverse,,2026-09-07T05:49:16.123275+00:00,2024-01-12T00:00:00
NFL_CLE_00-0036282_2023W19_OUT_LP,NFL,2023,19,2023_NFL_P19_CLE_HOU,NFL_CLE,NFL_P_00-0036282,S,,OUT,LP,Groin,2024-01-12,nflverse,,2026-09-07T05:49:16.123275+00:00,2024-01-12T00:00:00
NFL_CLE_00-0034639_2023W19_QUESTIONABLE_LP,NFL,2023,19,2023_NFL_P19_CLE_HOU,NFL_CLE,NFL_P_00-0034639,CB,,QUESTIONABLE,LP,Calf,2024-01-12,nflverse,,2026-09-07T05:49:16.123275+00:00,2024-01-12T00:00:00
NFL_CLE_00-0038098_2023W19_QUESTIONABLE_LP,NFL,2023,19,2023_NFL_P19_CLE_HOU,NFL_CLE,NFL_P_00-0038098,RB,,QUESTIONABLE,LP,Back,2024-01-12,nflverse,,2026-09-07T05:49:16.123275+00:00,2024-01-12T00:00:00
NFL_CLE_00-0035625_2023W19_QUESTIONABLE_LP,NFL,2023,19,2023_NFL_P19_CLE_HOU,NFL_CLE,NFL_P_00-0035625,S,,QUESTIONABLE,LP,Calf,2024-01-12,nflverse,,2026-09-07T05:49:16.123275+00:00,2024-01-12T00:00:00
NFL_CLE_00-0034856_2023W19_QUESTIONABLE_LP,NFL,2023,19,2023_NFL_P19_CLE_HOU,NFL_CLE,NFL_P_00-0034856,CB,,QUESTIONABLE,LP,Shoulder,2024-01-12,nflverse,,2026-09-07T05:49:16.123275+00:00,2024-01-12T00:00:00
NFL_DAL_00-0031411_2023W19_NA_DNP,NFL,2023,19,2023_NFL_P19_GB_DAL,NFL_DAL,NFL_P_00-0031411,EDGE,,UNKNOWN,DNP,Not injury related - resting player,2024-01-13,nflverse,,2026-09-07T05:49:16.123275+00:00,2024-01-13T00:00:00
NFL_DAL_00-0031402_2023W19_NA_DNP,NFL,2023,19,2023_NFL_P19_GB_DAL,NFL_DAL,NFL_P_00-0031402,OL,,UNKNOWN,DNP,Not injury related - resting player,2024-01-13,nflverse,,2026-09-07T05:49:16.123275+00:00,2024-01-13T00:00:00
NFL_DAL_00-0027947_2023W19_NA_DNP,NFL,2023,19,2023_NFL_P19_GB_DAL,NFL_DAL,NFL_P_00-0027947,OL,,UNKNOWN,DNP,Not injury related - resting player,2024-01-13,nflverse,,2026-09-07T05:49:16.123275+00:00,2024-01-13T00:00:00
NFL_DAL_00-0031236_2023W19_NA_LP,NFL,2023,19,2023_NFL_P19_GB_DAL,NFL_DAL,NFL_P_00-0031236,WR,,UNKNOWN,LP,Not injury related - resting player,2024-01-13,nflverse,,2026-09-07T05:49:16.123275+00:00,2024-01-13T00:00:00
NFL_DAL_00-0029542_2023W19_NA_LP,NFL,2023,19,2023_NFL_P19_GB_DAL,NFL_DAL,NFL_P_00-0029542,CB,,UNKNOWN,LP,Shoulder,2024-01-13,nflverse,,2026-09-07T05:49:16.123275+00:00,2024-01-13T00:00:00
NFL_DAL_00-0033928_2023W19_NA_LP,NFL,2023,19,2023_NFL_P19_GB_DAL,NFL_DAL,NFL_P_00-0033928,CB,,UNKNOWN,LP,Not injury related - resting player,2024-01-13,nflverse,,2026-09-07T05:49:16.123275+00:00,2024-01-13T00:00:00
NFL_DAL_00-0033662_2023W19_QUESTIONABLE_DNP,NFL,2023,19,2023_NFL_P19_GB_DAL,NFL_DAL,NFL_P_00-0033662,QB,,QUESTIONABLE,DNP,Illness,2024-01-13,nflverse,,2026-09-07T05:49:16.123275+00:00,2024-01-13T00:00:00
NFL_DET_00-0036748_2023W19_OUT_DNP,NFL,2023,19,2023_NFL_P19_LAR_DET,NFL_DET,NFL_P_00-0036748,CB,,OUT,DNP,Thigh,2024-01-14,nflverse,,2026-09-07T05:49:16.123275+00:00,2024-01-14T00:00:00
NFL_DET_00-0037282_2023W19_OUT_DNP,NFL,2023,19,2023_NFL_P19_LAR_DET,NFL_DET,NFL_P_00-0037282,TE,,OUT,DNP,Hand,2024-01-14,nflverse,,2026-09-07T05:49:16.123275+00:00,2024-01-14T00:00:00
NFL_DET_00-0032464_2023W19_OUT_DNP,NFL,2023,19,2023_NFL_P19_LAR_DET,NFL_DET,NFL_P_00-0032464,WR,,OUT,DNP,Knee,2024-01-14,nflverse,,2026-09-07T05:49:16.123275+00:00,2024-01-14T00:00:00
NFL_DET_00-0037310_2023W19_OUT_FP,NFL,2023,19,2023_NFL_P19_LAR_DET,NFL_DET,NFL_P_00-0037310,LB,,OUT,FP,Ankle,2024-01-14,nflverse,,2026-09-07T05:49:16.123275+00:00,2024-01-14T00:00:00
NFL_DET_00-0035265_2023W19_QUESTIONABLE_FP,NFL,2023,19,2023_NFL_P19_LAR_DET,NFL_DET,NFL_P_00-0035265,EDGE,,QUESTIONABLE,FP,Illness,2024-01-14,nflverse,,2026-09-07T05:49:16.123275+00:00,2024-01-14T00:00:00
NFL_DET_00-0039065_2023W19_QUESTIONABLE_FP,NFL,2023,19,2023_NFL_P19_LAR_DET,NFL_DET,NFL_P_00-0039065,TE,,QUESTIONABLE,FP,Knee,2024-01-14,nflverse,,2026-09-07T05:49:16.123275+00:00,2024-01-14T00:00:00
NFL_GB_00-0037816_2023W19_NA_LP,NFL,2023,19,2023_NFL_P19_GB_DAL,NFL_GB,NFL_P_00-0037816,WR,,UNKNOWN,LP,Chest,2024-01-13,nflverse,,2026-09-07T05:49:16.123275+00:00,2024-01-13T00:00:00
NFL_GB_00-0035526_2023W19_NA_LP,NFL,2023,19,2023_NFL_P19_GB_DAL,NFL_GB,NFL_P_00-0035526,OL,,UNKNOWN,LP,Knee,2024-01-13,nflverse,,2026-09-07T05:49:16.123275+00:00,2024-01-13T00:00:00
NFL_GB_00-0033293_2023W19_NA_LP,NFL,2023,19,2023_NFL_P19_GB_DAL,NFL_GB,NFL_P_00-0033293,RB,,UNKNOWN,LP,Knee,2024-01-13,nflverse,,2026-09-07T05:49:16.123275+00:00,2024-01-13T00:00:00
NFL_GB_00-0034485_2023W19_NA_LP,NFL,2023,19,2023_NFL_P19_GB_DAL,NFL_GB,NFL_P_00-0034485,S,,UNKNOWN,LP,Knee,2024-01-13,nflverse,,2026-09-07T05:49:16.123275+00:00,2024-01-13T00:00:00
NFL_GB_00-0031935_2023W19_NA_LP,NFL,2023,19,2023_NFL_P19_GB_DAL,NFL_GB,NFL_P_00-0031935,LB,,UNKNOWN,LP,Ankle,2024-01-13,nflverse,,2026-09-07T05:49:16.123275+00:00,2024-01-13T00:00:00
NFL_GB_00-0036265_2023W19_DOUBTFUL_DNP,NFL,2023,19,2023_NFL_P19_GB_DAL,NFL_GB,NFL_P_00-0036265,RB,,DOUBTFUL,DNP,Thumb,2024-01-13,nflverse,,2026-09-07T05:49:16.123275+00:00,2024-01-13T00:00:00
NFL_GB_00-0034728_2023W19_QUESTIONABLE_DNP,NFL,2023,19,2023_NFL_P19_GB_DAL,NFL_GB,NFL_P_00-0034728,CB,,QUESTIONABLE,DNP,Shoulder,2024-01-13,nflverse,,2026-09-07T05:49:16.123275+00:00,2024-01-13T00:00:00
NFL_GB_00-0038124_2023W19_QUESTIONABLE_LP,NFL,2023,19,2023_NFL_P19_GB_DAL,NFL_GB,NFL_P_00-0038124,WR,,QUESTIONABLE,LP,Hamstring,2024-01-13,nflverse,,2026-09-07T05:49:16.123275+00:00,2024-01-13T00:00:00
NFL_HOU_00-0031580_2023W19_NA_DNP,NFL,2023,19,2023_NFL_P19_CLE_HOU,NFL_HOU,NFL_P_00-0031580,OL,,UNKNOWN,DNP,Not injury related - resting player,2024-01-12,nflverse,,2026-09-07T05:49:16.123275+00:00,2024-01-12T00:00:00
NFL_HOU_00-0032380_2023W19_NA_DNP,NFL,2023,19,2023_NFL_P19_CLE_HOU,NFL_HOU,NFL_P_00-0032380,OL,,UNKNOWN,DNP,Not injury related - resting player,2024-01-12,nflverse,,2026-09-07T05:49:16.123275+00:00,2024-01-12T00:00:00
NFL_HOU_00-0027881_2023W19_OUT_DNP,NFL,2023,19,2023_NFL_P19_CLE_HOU,NFL_HOU,NFL_P_00-0027881,EDGE,,OUT,DNP,Ankle,2024-01-12,nflverse,,2026-09-07T05:49:16.123275+00:00,2024-01-12T00:00:00
NFL_HOU_00-0039108_2023W19_QUESTIONABLE_LP,NFL,2023,19,2023_NFL_P19_CLE_HOU,NFL_HOU,NFL_P_00-0039108,EDGE,,QUESTIONABLE,LP,Ankle,2024-01-12,nflverse,,2026-09-07T05:49:16.123275+00:00,2024-01-12T00:00:00
NFL_HOU_00-0034959_2023W19_QUESTIONABLE_LP,NFL,2023,19,2023_NFL_P19_CLE_HOU,NFL_HOU,NFL_P_00-0034959,RB,,QUESTIONABLE,LP,Calf,2024-01-12,nflverse,,2026-09-07T05:49:16.123275+00:00,2024-01-12T00:00:00
NFL_HOU_00-0033591_2023W19_QUESTIONABLE_LP,NFL,2023,19,2023_NFL_P19_CLE_HOU,NFL_HOU,NFL_P_00-0033591,WR,,QUESTIONABLE,LP,Back,2024-01-12,nflverse,,2026-09-07T05:49:16.123275+00:00,2024-01-12T00:00:00
NFL_HOU_00-0033131_2023W19_QUESTIONABLE_LP,NFL,2023,19,2023_NFL_P19_CLE_HOU,NFL_HOU,NFL_P_00-0033131,DL,,QUESTIONABLE,LP,Hip,2024-01-12,nflverse,,2026-09-07T05:49:16.123275+00:00,2024-01-12T00:00:00
NFL_HOU_00-0036224_2023W19_QUESTIONABLE_LP,NFL,2023,19,2023_NFL_P19_CLE_HOU,NFL_HOU,NFL_P_00-0036224,EDGE,,QUESTIONABLE,LP,Ankle,2024-01-12,nflverse,,2026-09-07T05:49:16.123275+00:00,2024-01-12T00:00:00
NFL_HOU_00-0032759_2023W19_QUESTIONABLE_LP,NFL,2023,19,2023_NFL_P19_CLE_HOU,NFL_HOU,NFL_P_00-0032759,DL,,QUESTIONABLE,LP,Shoulder,2024-01-12,nflverse,,2026-09-07T05:49:16.123275+00:00,2024-01-12T00:00:00
NFL_HOU_00-0030431_2023W19_QUESTIONABLE_LP,NFL,2023,19,2023_NFL_P19_CLE_HOU,NFL_HOU,NFL_P_00-0030431,WR,,QUESTIONABLE,LP,Hip,2024-01-12,nflverse,,2026-09-07T05:49:16.123275+00:00,2024-01-12T00:00:00
NFL_KC_00-0038981_2023W19_OUT_DNP,NFL,2023,19,2023_NFL_P19_MIA_KC,NFL_KC,NFL_P_00-0038981,OL,,OUT,DNP,Concussion,2024-01-13,nflverse,,2026-09-07T05:49:16.123275+00:00,2024-01-13T00:00:00
NFL_KC_00-0037216_2023W19_QUESTIONABLE_LP,NFL,2023,19,2023_NFL_P19_MIA_KC,NFL_KC,NFL_P_00-0037216,WR,,QUESTIONABLE,LP,Hamstring,2024-01-13,nflverse,,2026-09-07T05:49:16.123275+00:00,2024-01-13T00:00:00
NFL_KC_00-0036913_2023W19_QUESTIONABLE_LP,NFL,2023,19,2023_NFL_P19_MIA_KC,NFL_KC,NFL_P_00-0036913,WR,,QUESTIONABLE,LP,Hip,2024-01-13,nflverse,,2026-09-07T05:49:16.123275+00:00,2024-01-13T00:00:00
NFL_LAR_00-0034804_2023W19_NA_DNP,NFL,2023,19,2023_NFL_P19_LAR_DET,NFL_LAR,NFL_P_00-0034804,OL,,UNKNOWN,DNP,Not injury related - resting player,2024-01-14,nflverse,,2026-09-07T05:49:16.123275+00:00,2024-01-14T00:00:00
NFL_LAR_00-0036603_2023W19_NA_DNP,NFL,2023,19,2023_NFL_P19_LAR_DET,NFL_LAR,NFL_P_00-0036603,OL,,UNKNOWN,DNP,Not injury related - personal matter,2024-01-14,nflverse,,2026-09-07T05:49:16.123275+00:00,2024-01-14T00:00:00
NFL_LAR_00-0036903_2023W19_QUESTIONABLE_DNP,NFL,2023,19,2023_NFL_P19_LAR_DET,NFL_LAR,NFL_P_00-0036903,DL,,QUESTIONABLE,DNP,Illness,2024-01-14,nflverse,,2026-09-07T05:49:16.123275+00:00,2024-01-14T00:00:00
NFL_LAR_00-0036431_2023W19_QUESTIONABLE_DNP,NFL,2023,19,2023_NFL_P19_LAR_DET,NFL_LAR,NFL_P_00-0036431,S,,QUESTIONABLE,DNP,Ankle,2024-01-14,nflverse,,2026-09-07T05:49:16.123275+00:00,2024-01-14T00:00:00
NFL_LAR_00-0036339_2023W19_QUESTIONABLE_LP,NFL,2023,19,2023_NFL_P19_LAR_DET,NFL_LAR,NFL_P_00-0036339,OL,,QUESTIONABLE,LP,Shoulder,2024-01-14,nflverse,,2026-09-07T05:49:16.123275+00:00,2024-01-14T00:00:00
NFL_LAR_00-0033110_2023W19_QUESTIONABLE_LP,NFL,2023,19,2023_NFL_P19_LAR_DET,NFL_LAR,NFL_P_00-0033110,TE,,QUESTIONABLE,LP,Shoulder,2024-01-14,nflverse,,2026-09-07T05:49:16.123275+00:00,2024-01-14T00:00:00
NFL_LAR_00-0034803_2023W19_QUESTIONABLE_LP,NFL,2023,19,2023_NFL_P19_LAR_DET,NFL_LAR,NFL_P_00-0034803,OL,,QUESTIONABLE,LP,Foot,2024-01-14,nflverse,,2026-09-07T05:49:16.123275+00:00,2024-01-14T00:00:00
NFL_LAR_00-0035617_2023W19_QUESTIONABLE_LP,NFL,2023,19,2023_NFL_P19_LAR_DET,NFL_LAR,NFL_P_00-0035617,LB,,QUESTIONABLE,LP,Knee,2024-01-14,nflverse,,2026-09-07T05:49:16.123275+00:00,2024-01-14T00:00:00
NFL_MIA_00-0033040_2023W19_NA_LP,NFL,2023,19,2023_NFL_P19_MIA_KC,NFL_MIA,NFL_P_00-0033040,WR,,UNKNOWN,LP,Ankle,2024-01-13,nflverse,,2026-09-07T05:49:16.123275+00:00,2024-01-13T00:00:00
NFL_MIA_00-0033055_2023W19_NA_LP,NFL,2023,19,2023_NFL_P19_MIA_KC,NFL_MIA,NFL_P_00-0033055,CB,,UNKNOWN,LP,Knee,2024-01-13,nflverse,,2026-09-07T05:49:16.123275+00:00,2024-01-13T00:00:00
NFL_MIA_00-0033050_2023W19_OUT_DNP,NFL,2023,19,2023_NFL_P19_MIA_KC,NFL_MIA,NFL_P_00-0033050,CB,,OUT,DNP,Foot,2024-01-13,nflverse,,2026-09-07T05:49:16.123275+00:00,2024-01-13T00:00:00
NFL_MIA_00-0034277_2023W19_QUESTIONABLE_DNP,NFL,2023,19,2023_NFL_P19_MIA_KC,NFL_MIA,NFL_P_00-0034277,S,,QUESTIONABLE,DNP,Calf,2024-01-13,nflverse,,2026-09-07T05:49:16.123275+00:00,2024-01-13T00:00:00
NFL_MIA_00-0036998_2023W19_QUESTIONABLE_DNP,NFL,2023,19,2023_NFL_P19_MIA_KC,NFL_MIA,NFL_P_00-0036998,S,,QUESTIONABLE,DNP,Knee,2024-01-13,nflverse,,2026-09-07T05:49:16.123275+00:00,2024-01-13T00:00:00
NFL_MIA_00-0031687_2023W19_QUESTIONABLE_LP,NFL,2023,19,2023_NFL_P19_MIA_KC,NFL_MIA,NFL_P_00-0031687,RB,,QUESTIONABLE,LP,Knee,2024-01-13,nflverse,,2026-09-07T05:49:16.123275+00:00,2024-01-13T00:00:00
NFL_MIA_00-0036613_2023W19_QUESTIONABLE_LP,NFL,2023,19,2023_NFL_P19_MIA_KC,NFL_MIA,NFL_P_00-0036613,WR,,QUESTIONABLE,LP,Ankle,2024-01-13,nflverse,,2026-09-07T05:49:16.123275+00:00,2024-01-13T00:00:00
NFL_PHI_00-0039002_2023W19_OUT_DNP,NFL,2023,19,2023_NFL_P19_PHI_TB,NFL_PHI,NFL_P_00-0039002,S,,OUT,DNP,Knee,2024-01-15,nflverse,,2026-09-07T05:49:16.123275+00:00,2024-01-15T00:00:00
NFL_PHI_00-0035676_2023W19_OUT_DNP,NFL,2023,19,2023_NFL_P19_PHI_TB,NFL_PHI,NFL_P_00-0035676,WR,,OUT,DNP,Knee,2024-01-15,nflverse,,2026-09-07T05:49:16.123275+00:00,2024-01-15T00:00:00
NFL_PHI_00-0037130_2023W19_QUESTIONABLE_DNP,NFL,2023,19,2023_NFL_P19_PHI_TB,NFL_PHI,NFL_P_00-0037130,S,,QUESTIONABLE,DNP,Groin,2024-01-15,nflverse,,2026-09-07T05:49:16.123275+00:00,2024-01-15T00:00:00
NFL_PIT_00-0032954_2023W19_NA_DNP,NFL,2023,19,2023_NFL_P19_PIT_BUF,NFL_PIT,NFL_P_00-0032954,OL,,UNKNOWN,DNP,Shoulder,2024-01-14,nflverse,,2026-09-07T05:49:16.123275+00:00,2024-01-14T00:00:00
NFL_PIT_00-0027969_2023W19_NA_LP,NFL,2023,19,2023_NFL_P19_PIT_BUF,NFL_PIT,NFL_P_00-0027969,DL,,UNKNOWN,LP,Not injury related - resting player,2024-01-14,nflverse,,2026-09-07T05:49:16.123275+00:00,2024-01-14T00:00:00
NFL_PIT_00-0033905_2023W19_NA_LP,NFL,2023,19,2023_NFL_P19_PIT_BUF,NFL_PIT,NFL_P_00-0033905,DL,,UNKNOWN,LP,Not injury related - resting player,2024-01-14,nflverse,,2026-09-07T05:49:16.123275+00:00,2024-01-14T00:00:00
NFL_PIT_00-0027943_2023W19_NA_LP,NFL,2023,19,2023_NFL_P19_PIT_BUF,NFL_PIT,NFL_P_00-0027943,CB,,UNKNOWN,LP,Not injury related - resting player,2024-01-14,nflverse,,2026-09-07T05:49:16.123275+00:00,2024-01-14T00:00:00
NFL_PIT_00-0033886_2023W19_OUT_DNP,NFL,2023,19,2023_NFL_P19_PIT_BUF,NFL_PIT,NFL_P_00-0033886,LB,,OUT,DNP,Knee,2024-01-14,nflverse,,2026-09-07T05:49:16.123275+00:00,2024-01-14T00:00:00
NFL_TB_00-0031408_2023W19_NA_DNP,NFL,2023,19,2023_NFL_P19_PHI_TB,NFL_TB,NFL_P_00-0031408,WR,,UNKNOWN,DNP,Not injury related - resting player,2024-01-15,nflverse,,2026-09-07T05:49:16.123275+00:00,2024-01-15T00:00:00
NFL_TB_00-0037627_2023W19_OUT_FP,NFL,2023,19,2023_NFL_P19_PHI_TB,NFL_TB,NFL_P_00-0037627,DL,,OUT,FP,Calf,2024-01-15,nflverse,,2026-09-07T05:49:16.123275+00:00,2024-01-15T00:00:00
NFL_TB_00-0036643_2023W19_QUESTIONABLE_FP,NFL,2023,19,2023_NFL_P19_PHI_TB,NFL_TB,NFL_P_00-0036643,LB,,QUESTIONABLE,FP,Calf,2024-01-15,nflverse,,2026-09-07T05:49:16.123275+00:00,2024-01-15T00:00:00
NFL_TB_00-0039051_2023W19_QUESTIONABLE_LP,NFL,2023,19,2023_NFL_P19_PHI_TB,NFL_TB,NFL_P_00-0039051,CB,,QUESTIONABLE,LP,Quadricep,2024-01-15,nflverse,,2026-09-07T05:49:16.123275+00:00,2024-01-15T00:00:00
NFL_TB_00-0034855_2023W19_QUESTIONABLE_LP,NFL,2023,19,2023_NFL_P19_PHI_TB,NFL_TB,NFL_P_00-0034855,QB,,QUESTIONABLE,LP,Ankle,2024-01-15,nflverse,,2026-09-07T05:49:16.123275+00:00,2024-01-15T00:00:00
