snapshot_id,game_id,retrieved_at,provider_updated_at,book,spread_home,spread_home_price,spread_away_price,ml_home,ml_away,total,over_price,under_price,spread_ticket_pct_home,spread_money_pct_home,ml_ticket_pct_home,ml_money_pct_home,total_ticket_pct_over,total_money_pct_over,is_first_snapshot,provider_open_spread_home,provider_open_total,source,plan
2026_NFL_W02_DET_BUF_draftkings_20260905T142525Z,2026_NFL_W02_DET_BUF,2026-09-05T14:25:25.083854+00:00,2026-09-05T14:24:38Z,draftkings,-3.0,-110,-110,-162.0,136.0,52.5,-110,-110,,,,,,,True,,,odds_api,free
2026_NFL_W02_DET_BUF_betonlineag_20260905T142525Z,2026_NFL_W02_DET_BUF,2026-09-05T14:25:25.083854+00:00,2026-09-05T14:24:36Z,betonlineag,-3.0,-110,-110,,,51.5,-110,-110,,,,,,,True,,,odds_api,free
2026_NFL_W02_DET_BUF_lowvig_20260905T142525Z,2026_NFL_W02_DET_BUF,2026-09-05T14:25:25.083854+00:00,2026-09-05T14:25:16Z,lowvig,-3.0,-105,-105,,,51.5,-107,-107,,,,,,,True,,,odds_api,free
2026_NFL_W02_DET_BUF_betrivers_20260905T142525Z,2026_NFL_W02_DET_BUF,2026-09-05T14:25:25.083854+00:00,2026-09-05T14:24:35Z,betrivers,-3.0,-105,-117,-165.0,133.0,52.5,-110,-110,,,,,,,True,,,odds_api,free
2026_NFL_W02_CAR_ATL_draftkings_20260905T142525Z,2026_NFL_W02_CAR_ATL,2026-09-05T14:25:25.083854+00:00,2026-09-05T14:24:38Z,draftkings,-1.5,-110,-110,-125.0,105.0,44.5,-102,-118,,,,,,,True,,,odds_api,free
2026_NFL_W02_CAR_ATL_betus_20260905T142525Z,2026_NFL_W02_CAR_ATL,2026-09-05T14:25:25.083854+00:00,2026-09-05T14:25:17Z,betus,-1.5,-105,-115,,,43.5,-110,-110,,,,,,,True,,,odds_api,free
2026_NFL_W02_NO_BAL_draftkings_20260905T142525Z,2026_NFL_W02_NO_BAL,2026-09-05T14:25:25.083854+00:00,2026-09-05T14:24:38Z,draftkings,-7.5,-110,-110,-345.0,275.0,46.5,-110,-110,,,,,,,True,,,odds_api,free
2026_NFL_W02_NO_BAL_betus_20260905T142525Z,2026_NFL_W02_NO_BAL,2026-09-05T14:25:25.083854+00:00,2026-09-05T14:25:17Z,betus,-7.5,-110,-110,,,46.5,-110,-110,,,,,,,True,,,odds_api,free
2026_NFL_W02_MIN_CHI_draftkings_20260905T142525Z,2026_NFL_W02_MIN_CHI,2026-09-05T14:25:25.083854+00:00,2026-09-05T14:24:38Z,draftkings,-3.5,-105,-115,-192.0,160.0,45.5,-110,-110,,,,,,,True,,,odds_api,free
2026_NFL_W02_CIN_HOU_draftkings_20260905T142525Z,2026_NFL_W02_CIN_HOU,2026-09-05T14:25:25.083854+00:00,2026-09-05T14:24:38Z,draftkings,-2.5,-110,-110,-135.0,114.0,46.5,-110,-110,,,,,,,True,,,odds_api,free
2026_NFL_W02_CIN_HOU_betus_20260905T142525Z,2026_NFL_W02_CIN_HOU,2026-09-05T14:25:25.083854+00:00,2026-09-05T14:25:17Z,betus,-2.5,-110,-110,,,46.5,-110,-110,,,,,,,True,,,odds_api,free
2026_NFL_W02_CLE_TB_draftkings_20260905T142525Z,2026_NFL_W02_CLE_TB,2026-09-05T14:25:25.083854+00:00,2026-09-05T14:24:38Z,draftkings,-6.5,-110,-110,-285.0,230.0,42.5,-110,-110,,,,,,,True,,,odds_api,free
2026_NFL_W02_CLE_TB_betus_20260905T142525Z,2026_NFL_W02_CLE_TB,2026-09-05T14:25:25.083854+00:00,2026-09-05T14:25:17Z,betus,-6.5,-110,-110,,,42.5,-110,-110,,,,,,,True,,,odds_api,free
2026_NFL_W02_GB_NYJ_draftkings_20260905T142525Z,2026_NFL_W02_GB_NYJ,2026-09-05T14:25:25.083854+00:00,2026-09-05T14:24:38Z,draftkings,5.5,-110,-110,205.0,-250.0,42.5,-110,-110,,,,,,,True,,,odds_api,free
2026_NFL_W02_PIT_NE_draftkings_20260905T142525Z,2026_NFL_W02_PIT_NE,2026-09-05T14:25:25.083854+00:00,2026-09-05T14:24:38Z,draftkings,-4.5,-110,-110,-218.0,180.0,43.5,-110,-110,,,,,,,True,,,odds_api,free
2026_NFL_W02_PIT_NE_betus_20260905T142525Z,2026_NFL_W02_PIT_NE,2026-09-05T14:25:25.083854+00:00,2026-09-05T14:25:17Z,betus,-4.5,-110,-110,,,43.5,-110,-110,,,,,,,True,,,odds_api,free
2026_NFL_W02_PHI_TEN_draftkings_20260905T142525Z,2026_NFL_W02_PHI_TEN,2026-09-05T14:25:25.083854+00:00,2026-09-05T14:24:38Z,draftkings,4.5,-110,-110,180.0,-218.0,42.5,-110,-110,,,,,,,True,,,odds_api,free
2026_NFL_W02_PHI_TEN_betus_20260905T142525Z,2026_NFL_W02_PHI_TEN,2026-09-05T14:25:25.083854+00:00,2026-09-05T14:25:17Z,betus,4.5,-110,-110,,,42.5,-110,-110,,,,,,,True,,,odds_api,free
2026_NFL_W02_JAX_DEN_draftkings_20260905T142525Z,2026_NFL_W02_JAX_DEN,2026-09-05T14:25:25.083854+00:00,2026-09-05T14:24:38Z,draftkings,-3.0,-110,-110,-155.0,130.0,43.5,-110,-110,,,,,,,True,,,odds_api,free
2026_NFL_W02_JAX_DEN_betus_20260905T142525Z,2026_NFL_W02_JAX_DEN,2026-09-05T14:25:25.083854+00:00,2026-09-05T14:25:17Z,betus,-2.5,-115,-105,,,43.5,-110,-110,,,,,,,True,,,odds_api,free
2026_NFL_W02_LV_LAC_draftkings_20260905T142525Z,2026_NFL_W02_LV_LAC,2026-09-05T14:25:25.083854+00:00,2026-09-05T14:24:38Z,draftkings,-8.5,-110,-110,-360.0,285.0,42.5,-110,-110,,,,,,,True,,,odds_api,free
2026_NFL_W02_SEA_ARI_draftkings_20260905T142525Z,2026_NFL_W02_SEA_ARI,2026-09-05T14:25:25.083854+00:00,2026-09-05T14:24:38Z,draftkings,10.0,-110,-110,400.0,-535.0,44.5,-110,-110,,,,,,,True,,,odds_api,free
2026_NFL_W02_SEA_ARI_betus_20260905T142525Z,2026_NFL_W02_SEA_ARI,2026-09-05T14:25:25.083854+00:00,2026-09-05T14:25:17Z,betus,10.0,-110,-110,,,44.5,-110,-110,,,,,,,True,,,odds_api,free
2026_NFL_W02_WAS_DAL_draftkings_20260905T142525Z,2026_NFL_W02_WAS_DAL,2026-09-05T14:25:25.083854+00:00,2026-09-05T14:24:38Z,draftkings,-4.5,-105,-115,-205.0,170.0,51.5,-110,-110,,,,,,,True,,,odds_api,free
2026_NFL_W02_WAS_DAL_betus_20260905T142525Z,2026_NFL_W02_WAS_DAL,2026-09-05T14:25:25.083854+00:00,2026-09-05T14:25:17Z,betus,-4.5,-105,-115,,,51.5,-110,-110,,,,,,,True,,,odds_api,free
2026_NFL_W02_MIA_SF_draftkings_20260905T142525Z,2026_NFL_W02_MIA_SF,2026-09-05T14:25:25.083854+00:00,2026-09-05T14:24:38Z,draftkings,-10.5,-110,-110,-675.0,490.0,46.5,-110,-110,,,,,,,True,,,odds_api,free
2026_NFL_W02_MIA_SF_betus_20260905T142525Z,2026_NFL_W02_MIA_SF,2026-09-05T14:25:25.083854+00:00,2026-09-05T14:25:17Z,betus,-10.5,-110,-110,,,46.5,-110,-110,,,,,,,True,,,odds_api,free
2026_NFL_W02_IND_KC_draftkings_20260905T142525Z,2026_NFL_W02_IND_KC,2026-09-05T14:25:25.083854+00:00,2026-09-05T14:24:38Z,draftkings,-6.5,-110,-110,-325.0,260.0,47.5,-110,-110,,,,,,,True,,,odds_api,free
2026_NFL_W02_IND_KC_betus_20260905T142525Z,2026_NFL_W02_IND_KC,2026-09-05T14:25:25.083854+00:00,2026-09-05T14:25:17Z,betus,-5.5,-110,-110,,,47.5,-110,-110,,,,,,,True,,,odds_api,free
2026_NFL_W02_NYG_LAR_draftkings_20260905T142525Z,2026_NFL_W02_NYG_LAR,2026-09-05T14:25:25.083854+00:00,2026-09-05T14:24:38Z,draftkings,-8.5,-110,-110,-380.0,300.0,48.5,-110,-110,,,,,,,True,,,odds_api,free
2026_NFL_W02_NYG_LAR_betus_20260905T142525Z,2026_NFL_W02_NYG_LAR,2026-09-05T14:25:25.083854+00:00,2026-09-05T14:25:17Z,betus,-9.5,-110,-110,,,47.5,-110,-110,,,,,,,True,,,odds_api,free
2026_NFL_W02_DET_BUF_draftkings_20260905T150417Z,2026_NFL_W02_DET_BUF,2026-09-05T15:04:17.564288+00:00,2026-09-05T15:02:04Z,draftkings,-3.0,-110,-110,-162.0,136.0,52.5,-110,-110,,,,,,,True,,,odds_api,free
2026_NFL_W02_DET_BUF_betonlineag_20260905T150417Z,2026_NFL_W02_DET_BUF,2026-09-05T15:04:17.564288+00:00,2026-09-05T15:04:01Z,betonlineag,-3.0,-110,-110,,,51.5,-110,-110,,,,,,,True,,,odds_api,free
2026_NFL_W02_DET_BUF_lowvig_20260905T150417Z,2026_NFL_W02_DET_BUF,2026-09-05T15:04:17.564288+00:00,2026-09-05T15:03:34Z,lowvig,-3.0,-105,-105,,,51.5,-107,-107,,,,,,,True,,,odds_api,free
2026_NFL_W02_DET_BUF_betrivers_20260905T150417Z,2026_NFL_W02_DET_BUF,2026-09-05T15:04:17.564288+00:00,2026-09-05T15:04:03Z,betrivers,-3.0,-105,-117,-165.0,133.0,52.5,-110,-110,,,,,,,True,,,odds_api,free
2026_NFL_W02_CAR_ATL_draftkings_20260905T150417Z,2026_NFL_W02_CAR_ATL,2026-09-05T15:04:17.564288+00:00,2026-09-05T15:02:04Z,draftkings,-1.5,-110,-110,-125.0,105.0,44.5,-102,-118,,,,,,,True,,,odds_api,free
2026_NFL_W02_CAR_ATL_betus_20260905T150417Z,2026_NFL_W02_CAR_ATL,2026-09-05T15:04:17.564288+00:00,2026-09-05T15:03:34Z,betus,-1.5,-105,-115,,,43.5,-110,-110,,,,,,,True,,,odds_api,free
2026_NFL_W02_NO_BAL_draftkings_20260905T150417Z,2026_NFL_W02_NO_BAL,2026-09-05T15:04:17.564288+00:00,2026-09-05T15:02:04Z,draftkings,-7.5,-110,-110,-345.0,275.0,46.5,-110,-110,,,,,,,True,,,odds_api,free
2026_NFL_W02_NO_BAL_betus_20260905T150417Z,2026_NFL_W02_NO_BAL,2026-09-05T15:04:17.564288+00:00,2026-09-05T15:03:34Z,betus,-7.5,-110,-110,,,46.5,-110,-110,,,,,,,True,,,odds_api,free
2026_NFL_W02_MIN_CHI_draftkings_20260905T150417Z,2026_NFL_W02_MIN_CHI,2026-09-05T15:04:17.564288+00:00,2026-09-05T15:02:04Z,draftkings,-3.5,-105,-115,-192.0,160.0,45.5,-110,-110,,,,,,,True,,,odds_api,free
2026_NFL_W02_CIN_HOU_draftkings_20260905T150417Z,2026_NFL_W02_CIN_HOU,2026-09-05T15:04:17.564288+00:00,2026-09-05T15:02:04Z,draftkings,-2.5,-110,-110,-135.0,114.0,46.5,-110,-110,,,,,,,True,,,odds_api,free
2026_NFL_W02_CIN_HOU_betus_20260905T150417Z,2026_NFL_W02_CIN_HOU,2026-09-05T15:04:17.564288+00:00,2026-09-05T15:03:34Z,betus,-2.5,-110,-110,,,46.5,-110,-110,,,,,,,True,,,odds_api,free
2026_NFL_W02_CLE_TB_draftkings_20260905T150417Z,2026_NFL_W02_CLE_TB,2026-09-05T15:04:17.564288+00:00,2026-09-05T15:02:04Z,draftkings,-6.5,-110,-110,-285.0,230.0,42.5,-110,-110,,,,,,,True,,,odds_api,free
2026_NFL_W02_CLE_TB_betus_20260905T150417Z,2026_NFL_W02_CLE_TB,2026-09-05T15:04:17.564288+00:00,2026-09-05T15:03:34Z,betus,-6.5,-110,-110,,,42.5,-110,-110,,,,,,,True,,,odds_api,free
2026_NFL_W02_GB_NYJ_draftkings_20260905T150417Z,2026_NFL_W02_GB_NYJ,2026-09-05T15:04:17.564288+00:00,2026-09-05T15:02:04Z,draftkings,5.5,-110,-110,205.0,-250.0,42.5,-110,-110,,,,,,,True,,,odds_api,free
2026_NFL_W02_PIT_NE_draftkings_20260905T150417Z,2026_NFL_W02_PIT_NE,2026-09-05T15:04:17.564288+00:00,2026-09-05T15:02:04Z,draftkings,-4.5,-110,-110,-218.0,180.0,43.5,-110,-110,,,,,,,True,,,odds_api,free
2026_NFL_W02_PIT_NE_betus_20260905T150417Z,2026_NFL_W02_PIT_NE,2026-09-05T15:04:17.564288+00:00,2026-09-05T15:03:34Z,betus,-4.5,-110,-110,,,43.5,-110,-110,,,,,,,True,,,odds_api,free
2026_NFL_W02_PHI_TEN_draftkings_20260905T150417Z,2026_NFL_W02_PHI_TEN,2026-09-05T15:04:17.564288+00:00,2026-09-05T15:02:04Z,draftkings,4.5,-110,-110,180.0,-218.0,42.5,-110,-110,,,,,,,True,,,odds_api,free
2026_NFL_W02_PHI_TEN_betus_20260905T150417Z,2026_NFL_W02_PHI_TEN,2026-09-05T15:04:17.564288+00:00,2026-09-05T15:03:34Z,betus,4.5,-110,-110,,,42.5,-110,-110,,,,,,,True,,,odds_api,free
2026_NFL_W02_JAX_DEN_draftkings_20260905T150417Z,2026_NFL_W02_JAX_DEN,2026-09-05T15:04:17.564288+00:00,2026-09-05T15:02:04Z,draftkings,-3.0,-110,-110,-155.0,130.0,43.5,-110,-110,,,,,,,True,,,odds_api,free
2026_NFL_W02_JAX_DEN_betus_20260905T150417Z,2026_NFL_W02_JAX_DEN,2026-09-05T15:04:17.564288+00:00,2026-09-05T15:03:34Z,betus,-2.5,-115,-105,,,43.5,-110,-110,,,,,,,True,,,odds_api,free
2026_NFL_W02_LV_LAC_draftkings_20260905T150417Z,2026_NFL_W02_LV_LAC,2026-09-05T15:04:17.564288+00:00,2026-09-05T15:02:04Z,draftkings,-8.5,-110,-110,-360.0,285.0,42.5,-110,-110,,,,,,,True,,,odds_api,free
2026_NFL_W02_SEA_ARI_draftkings_20260905T150417Z,2026_NFL_W02_SEA_ARI,2026-09-05T15:04:17.564288+00:00,2026-09-05T15:02:04Z,draftkings,10.0,-110,-110,400.0,-535.0,44.5,-110,-110,,,,,,,True,,,odds_api,free
2026_NFL_W02_SEA_ARI_betus_20260905T150417Z,2026_NFL_W02_SEA_ARI,2026-09-05T15:04:17.564288+00:00,2026-09-05T15:03:34Z,betus,10.0,-110,-110,,,44.5,-110,-110,,,,,,,True,,,odds_api,free
2026_NFL_W02_WAS_DAL_draftkings_20260905T150417Z,2026_NFL_W02_WAS_DAL,2026-09-05T15:04:17.564288+00:00,2026-09-05T15:02:04Z,draftkings,-4.5,-105,-115,-205.0,170.0,51.5,-110,-110,,,,,,,True,,,odds_api,free
2026_NFL_W02_WAS_DAL_betus_20260905T150417Z,2026_NFL_W02_WAS_DAL,2026-09-05T15:04:17.564288+00:00,2026-09-05T15:03:34Z,betus,-4.5,-105,-115,,,51.5,-110,-110,,,,,,,True,,,odds_api,free
2026_NFL_W02_MIA_SF_draftkings_20260905T150417Z,2026_NFL_W02_MIA_SF,2026-09-05T15:04:17.564288+00:00,2026-09-05T15:02:04Z,draftkings,-10.5,-110,-110,-675.0,490.0,46.5,-110,-110,,,,,,,True,,,odds_api,free
2026_NFL_W02_MIA_SF_betus_20260905T150417Z,2026_NFL_W02_MIA_SF,2026-09-05T15:04:17.564288+00:00,2026-09-05T15:03:34Z,betus,-10.5,-110,-110,,,46.5,-110,-110,,,,,,,True,,,odds_api,free
2026_NFL_W02_IND_KC_draftkings_20260905T150417Z,2026_NFL_W02_IND_KC,2026-09-05T15:04:17.564288+00:00,2026-09-05T15:02:04Z,draftkings,-6.5,-110,-110,-325.0,260.0,47.5,-110,-110,,,,,,,True,,,odds_api,free
2026_NFL_W02_IND_KC_betus_20260905T150417Z,2026_NFL_W02_IND_KC,2026-09-05T15:04:17.564288+00:00,2026-09-05T15:03:34Z,betus,-5.5,-110,-110,,,47.5,-110,-110,,,,,,,True,,,odds_api,free
2026_NFL_W02_NYG_LAR_draftkings_20260905T150417Z,2026_NFL_W02_NYG_LAR,2026-09-05T15:04:17.564288+00:00,2026-09-05T15:02:04Z,draftkings,-8.5,-110,-110,-380.0,300.0,48.5,-110,-110,,,,,,,True,,,odds_api,free
2026_NFL_W02_NYG_LAR_betus_20260905T150417Z,2026_NFL_W02_NYG_LAR,2026-09-05T15:04:17.564288+00:00,2026-09-05T15:03:34Z,betus,-9.5,-110,-110,,,47.5,-110,-110,,,,,,,True,,,odds_api,free
2026_NFL_W02_DET_BUF_draftkings_20260906T131237Z,2026_NFL_W02_DET_BUF,2026-09-06T13:12:37.997844+00:00,2026-09-06T13:10:40Z,draftkings,-3.0,-110,-110,-162.0,136.0,52.5,-110,-110,,,,,,,True,,,odds_api,free
2026_NFL_W02_DET_BUF_betonlineag_20260906T131237Z,2026_NFL_W02_DET_BUF,2026-09-06T13:12:37.997844+00:00,2026-09-06T13:12:03Z,betonlineag,-3.0,-110,-110,,,51.5,-110,-110,,,,,,,True,,,odds_api,free
2026_NFL_W02_DET_BUF_lowvig_20260906T131237Z,2026_NFL_W02_DET_BUF,2026-09-06T13:12:37.997844+00:00,2026-09-06T13:12:04Z,lowvig,-3.0,-105,-105,,,51.5,-107,-107,,,,,,,True,,,odds_api,free
2026_NFL_W02_DET_BUF_betrivers_20260906T131237Z,2026_NFL_W02_DET_BUF,2026-09-06T13:12:37.997844+00:00,2026-09-06T13:12:28Z,betrivers,-3.0,-105,-117,-165.0,133.0,52.5,-110,-110,,,,,,,True,,,odds_api,free
2026_NFL_W02_CAR_ATL_draftkings_20260906T131237Z,2026_NFL_W02_CAR_ATL,2026-09-06T13:12:37.997844+00:00,2026-09-06T13:10:40Z,draftkings,-1.5,-110,-110,-125.0,105.0,44.5,-102,-118,,,,,,,True,,,odds_api,free
2026_NFL_W02_CAR_ATL_betus_20260906T131237Z,2026_NFL_W02_CAR_ATL,2026-09-06T13:12:37.997844+00:00,2026-09-06T13:11:33Z,betus,-1.5,-105,-115,,,43.5,-110,-110,,,,,,,True,,,odds_api,free
2026_NFL_W02_NO_BAL_draftkings_20260906T131237Z,2026_NFL_W02_NO_BAL,2026-09-06T13:12:37.997844+00:00,2026-09-06T13:10:40Z,draftkings,-7.5,-110,-110,-345.0,275.0,46.5,-110,-110,,,,,,,True,,,odds_api,free
2026_NFL_W02_NO_BAL_betus_20260906T131237Z,2026_NFL_W02_NO_BAL,2026-09-06T13:12:37.997844+00:00,2026-09-06T13:11:33Z,betus,-7.5,-110,-110,,,46.5,-110,-110,,,,,,,True,,,odds_api,free
2026_NFL_W02_MIN_CHI_draftkings_20260906T131237Z,2026_NFL_W02_MIN_CHI,2026-09-06T13:12:37.997844+00:00,2026-09-06T13:10:40Z,draftkings,-3.5,-105,-115,-198.0,164.0,45.5,-110,-110,,,,,,,True,,,odds_api,free
2026_NFL_W02_CIN_HOU_draftkings_20260906T131237Z,2026_NFL_W02_CIN_HOU,2026-09-06T13:12:37.997844+00:00,2026-09-06T13:10:40Z,draftkings,-2.5,-110,-110,-135.0,114.0,46.5,-110,-110,,,,,,,True,,,odds_api,free
2026_NFL_W02_CIN_HOU_betus_20260906T131237Z,2026_NFL_W02_CIN_HOU,2026-09-06T13:12:37.997844+00:00,2026-09-06T13:11:33Z,betus,-2.5,-110,-110,,,46.5,-110,-110,,,,,,,True,,,odds_api,free
2026_NFL_W02_CLE_TB_draftkings_20260906T131237Z,2026_NFL_W02_CLE_TB,2026-09-06T13:12:37.997844+00:00,2026-09-06T13:10:40Z,draftkings,-6.5,-110,-110,-285.0,230.0,42.5,-110,-110,,,,,,,True,,,odds_api,free
2026_NFL_W02_CLE_TB_betus_20260906T131237Z,2026_NFL_W02_CLE_TB,2026-09-06T13:12:37.997844+00:00,2026-09-06T13:11:33Z,betus,-6.5,-110,-110,,,42.5,-110,-110,,,,,,,True,,,odds_api,free
2026_NFL_W02_GB_NYJ_draftkings_20260906T131237Z,2026_NFL_W02_GB_NYJ,2026-09-06T13:12:37.997844+00:00,2026-09-06T13:10:40Z,draftkings,5.5,-110,-110,205.0,-250.0,42.5,-110,-110,,,,,,,True,,,odds_api,free
2026_NFL_W02_PIT_NE_draftkings_20260906T131237Z,2026_NFL_W02_PIT_NE,2026-09-06T13:12:37.997844+00:00,2026-09-06T13:10:40Z,draftkings,-4.5,-110,-110,-218.0,180.0,43.5,-110,-110,,,,,,,True,,,odds_api,free
2026_NFL_W02_PIT_NE_betus_20260906T131237Z,2026_NFL_W02_PIT_NE,2026-09-06T13:12:37.997844+00:00,2026-09-06T13:11:33Z,betus,-4.5,-110,-110,,,43.5,-110,-110,,,,,,,True,,,odds_api,free
2026_NFL_W02_PHI_TEN_draftkings_20260906T131237Z,2026_NFL_W02_PHI_TEN,2026-09-06T13:12:37.997844+00:00,2026-09-06T13:10:40Z,draftkings,4.5,-110,-110,180.0,-218.0,42.5,-110,-110,,,,,,,True,,,odds_api,free
2026_NFL_W02_PHI_TEN_betus_20260906T131237Z,2026_NFL_W02_PHI_TEN,2026-09-06T13:12:37.997844+00:00,2026-09-06T13:11:33Z,betus,4.5,-110,-110,,,42.5,-110,-110,,,,,,,True,,,odds_api,free
2026_NFL_W02_JAX_DEN_draftkings_20260906T131237Z,2026_NFL_W02_JAX_DEN,2026-09-06T13:12:37.997844+00:00,2026-09-06T13:10:40Z,draftkings,-3.0,-110,-110,-155.0,130.0,43.5,-110,-110,,,,,,,True,,,odds_api,free
2026_NFL_W02_JAX_DEN_betus_20260906T131237Z,2026_NFL_W02_JAX_DEN,2026-09-06T13:12:37.997844+00:00,2026-09-06T13:11:33Z,betus,-2.5,-115,-105,,,43.5,-110,-110,,,,,,,True,,,odds_api,free
2026_NFL_W02_LV_LAC_draftkings_20260906T131237Z,2026_NFL_W02_LV_LAC,2026-09-06T13:12:37.997844+00:00,2026-09-06T13:10:40Z,draftkings,-8.5,-110,-110,-360.0,285.0,42.5,-110,-110,,,,,,,True,,,odds_api,free
2026_NFL_W02_SEA_ARI_draftkings_20260906T131237Z,2026_NFL_W02_SEA_ARI,2026-09-06T13:12:37.997844+00:00,2026-09-06T13:10:40Z,draftkings,10.0,-110,-110,400.0,-535.0,44.5,-110,-110,,,,,,,True,,,odds_api,free
2026_NFL_W02_SEA_ARI_betus_20260906T131237Z,2026_NFL_W02_SEA_ARI,2026-09-06T13:12:37.997844+00:00,2026-09-06T13:11:33Z,betus,10.0,-110,-110,,,44.5,-110,-110,,,,,,,True,,,odds_api,free
2026_NFL_W02_WAS_DAL_draftkings_20260906T131237Z,2026_NFL_W02_WAS_DAL,2026-09-06T13:12:37.997844+00:00,2026-09-06T13:10:40Z,draftkings,-4.5,-105,-115,-205.0,170.0,51.5,-110,-110,,,,,,,True,,,odds_api,free
2026_NFL_W02_WAS_DAL_betus_20260906T131237Z,2026_NFL_W02_WAS_DAL,2026-09-06T13:12:37.997844+00:00,2026-09-06T13:11:33Z,betus,-4.5,-105,-115,,,51.5,-110,-110,,,,,,,True,,,odds_api,free
2026_NFL_W02_MIA_SF_draftkings_20260906T131237Z,2026_NFL_W02_MIA_SF,2026-09-06T13:12:37.997844+00:00,2026-09-06T13:10:40Z,draftkings,-10.5,-110,-110,-675.0,490.0,46.5,-110,-110,,,,,,,True,,,odds_api,free
2026_NFL_W02_MIA_SF_betus_20260906T131237Z,2026_NFL_W02_MIA_SF,2026-09-06T13:12:37.997844+00:00,2026-09-06T13:11:33Z,betus,-10.5,-110,-110,,,46.5,-110,-110,,,,,,,True,,,odds_api,free
2026_NFL_W02_IND_KC_draftkings_20260906T131237Z,2026_NFL_W02_IND_KC,2026-09-06T13:12:37.997844+00:00,2026-09-06T13:10:40Z,draftkings,-6.5,-110,-110,-340.0,270.0,47.5,-110,-110,,,,,,,True,,,odds_api,free
2026_NFL_W02_IND_KC_betus_20260906T131237Z,2026_NFL_W02_IND_KC,2026-09-06T13:12:37.997844+00:00,2026-09-06T13:11:33Z,betus,-5.5,-110,-110,,,47.5,-110,-110,,,,,,,True,,,odds_api,free
2026_NFL_W02_NYG_LAR_draftkings_20260906T131237Z,2026_NFL_W02_NYG_LAR,2026-09-06T13:12:37.997844+00:00,2026-09-06T13:10:40Z,draftkings,-8.5,-110,-110,-380.0,300.0,48.5,-110,-110,,,,,,,True,,,odds_api,free
2026_NFL_W02_NYG_LAR_betus_20260906T131237Z,2026_NFL_W02_NYG_LAR,2026-09-06T13:12:37.997844+00:00,2026-09-06T13:11:33Z,betus,-9.5,-110,-110,,,47.5,-110,-110,,,,,,,True,,,odds_api,free
2026_NFL_W02_DET_BUF_draftkings_20260906T151245Z,2026_NFL_W02_DET_BUF,2026-09-06T15:12:45.089623+00:00,2026-09-06T15:10:34Z,draftkings,-3.0,-110,-110,-162.0,136.0,52.5,-110,-110,,,,,,,True,,,odds_api,free
2026_NFL_W02_DET_BUF_betonlineag_20260906T151245Z,2026_NFL_W02_DET_BUF,2026-09-06T15:12:45.089623+00:00,2026-09-06T15:12:24Z,betonlineag,-3.0,-110,-110,,,51.5,-110,-110,,,,,,,True,,,odds_api,free
2026_NFL_W02_DET_BUF_lowvig_20260906T151245Z,2026_NFL_W02_DET_BUF,2026-09-06T15:12:45.089623+00:00,2026-09-06T15:11:39Z,lowvig,-3.0,-105,-105,,,51.5,-107,-107,,,,,,,True,,,odds_api,free
2026_NFL_W02_DET_BUF_betrivers_20260906T151245Z,2026_NFL_W02_DET_BUF,2026-09-06T15:12:45.089623+00:00,2026-09-06T15:12:24Z,betrivers,-3.0,-105,-117,-165.0,133.0,52.5,-110,-110,,,,,,,True,,,odds_api,free
2026_NFL_W02_CAR_ATL_draftkings_20260906T151245Z,2026_NFL_W02_CAR_ATL,2026-09-06T15:12:45.089623+00:00,2026-09-06T15:10:34Z,draftkings,-1.5,-110,-110,-125.0,105.0,44.5,-102,-118,,,,,,,True,,,odds_api,free
2026_NFL_W02_CAR_ATL_betus_20260906T151245Z,2026_NFL_W02_CAR_ATL,2026-09-06T15:12:45.089623+00:00,2026-09-06T15:11:39Z,betus,-1.5,-105,-115,,,43.5,-110,-110,,,,,,,True,,,odds_api,free
2026_NFL_W02_NO_BAL_draftkings_20260906T151245Z,2026_NFL_W02_NO_BAL,2026-09-06T15:12:45.089623+00:00,2026-09-06T15:10:34Z,draftkings,-7.5,-110,-110,-345.0,275.0,46.5,-110,-110,,,,,,,True,,,odds_api,free
2026_NFL_W02_NO_BAL_betus_20260906T151245Z,2026_NFL_W02_NO_BAL,2026-09-06T15:12:45.089623+00:00,2026-09-06T15:11:39Z,betus,-7.5,-110,-110,,,46.5,-110,-110,,,,,,,True,,,odds_api,free
2026_NFL_W02_MIN_CHI_draftkings_20260906T151245Z,2026_NFL_W02_MIN_CHI,2026-09-06T15:12:45.089623+00:00,2026-09-06T15:10:34Z,draftkings,-3.5,-105,-115,-198.0,164.0,45.5,-110,-110,,,,,,,True,,,odds_api,free
2026_NFL_W02_CIN_HOU_draftkings_20260906T151245Z,2026_NFL_W02_CIN_HOU,2026-09-06T15:12:45.089623+00:00,2026-09-06T15:10:34Z,draftkings,-2.5,-110,-110,-135.0,114.0,46.5,-110,-110,,,,,,,True,,,odds_api,free
2026_NFL_W02_CIN_HOU_betus_20260906T151245Z,2026_NFL_W02_CIN_HOU,2026-09-06T15:12:45.089623+00:00,2026-09-06T15:11:39Z,betus,-2.5,-110,-110,,,46.5,-110,-110,,,,,,,True,,,odds_api,free
2026_NFL_W02_CLE_TB_draftkings_20260906T151245Z,2026_NFL_W02_CLE_TB,2026-09-06T15:12:45.089623+00:00,2026-09-06T15:10:34Z,draftkings,-6.5,-110,-110,-285.0,230.0,42.5,-110,-110,,,,,,,True,,,odds_api,free
2026_NFL_W02_CLE_TB_betus_20260906T151245Z,2026_NFL_W02_CLE_TB,2026-09-06T15:12:45.089623+00:00,2026-09-06T15:11:39Z,betus,-6.5,-110,-110,,,42.5,-110,-110,,,,,,,True,,,odds_api,free
2026_NFL_W02_GB_NYJ_draftkings_20260906T151245Z,2026_NFL_W02_GB_NYJ,2026-09-06T15:12:45.089623+00:00,2026-09-06T15:10:34Z,draftkings,5.5,-110,-110,205.0,-250.0,42.5,-110,-110,,,,,,,True,,,odds_api,free
2026_NFL_W02_PIT_NE_draftkings_20260906T151245Z,2026_NFL_W02_PIT_NE,2026-09-06T15:12:45.089623+00:00,2026-09-06T15:10:34Z,draftkings,-4.5,-110,-110,-218.0,180.0,43.5,-110,-110,,,,,,,True,,,odds_api,free
2026_NFL_W02_PIT_NE_betus_20260906T151245Z,2026_NFL_W02_PIT_NE,2026-09-06T15:12:45.089623+00:00,2026-09-06T15:11:39Z,betus,-4.5,-110,-110,,,43.5,-110,-110,,,,,,,True,,,odds_api,free
2026_NFL_W02_PHI_TEN_draftkings_20260906T151245Z,2026_NFL_W02_PHI_TEN,2026-09-06T15:12:45.089623+00:00,2026-09-06T15:10:34Z,draftkings,4.5,-110,-110,180.0,-218.0,42.5,-110,-110,,,,,,,True,,,odds_api,free
2026_NFL_W02_PHI_TEN_betus_20260906T151245Z,2026_NFL_W02_PHI_TEN,2026-09-06T15:12:45.089623+00:00,2026-09-06T15:11:39Z,betus,4.5,-110,-110,,,42.5,-110,-110,,,,,,,True,,,odds_api,free
2026_NFL_W02_JAX_DEN_draftkings_20260906T151245Z,2026_NFL_W02_JAX_DEN,2026-09-06T15:12:45.089623+00:00,2026-09-06T15:10:34Z,draftkings,-3.0,-110,-110,-155.0,130.0,43.5,-110,-110,,,,,,,True,,,odds_api,free
2026_NFL_W02_JAX_DEN_betus_20260906T151245Z,2026_NFL_W02_JAX_DEN,2026-09-06T15:12:45.089623+00:00,2026-09-06T15:11:39Z,betus,-2.5,-115,-105,,,43.5,-110,-110,,,,,,,True,,,odds_api,free
2026_NFL_W02_LV_LAC_draftkings_20260906T151245Z,2026_NFL_W02_LV_LAC,2026-09-06T15:12:45.089623+00:00,2026-09-06T15:10:34Z,draftkings,-8.5,-110,-110,-360.0,285.0,42.5,-110,-110,,,,,,,True,,,odds_api,free
2026_NFL_W02_SEA_ARI_draftkings_20260906T151245Z,2026_NFL_W02_SEA_ARI,2026-09-06T15:12:45.089623+00:00,2026-09-06T15:10:34Z,draftkings,10.0,-110,-110,400.0,-535.0,44.5,-110,-110,,,,,,,True,,,odds_api,free
2026_NFL_W02_SEA_ARI_betus_20260906T151245Z,2026_NFL_W02_SEA_ARI,2026-09-06T15:12:45.089623+00:00,2026-09-06T15:11:39Z,betus,10.0,-110,-110,,,44.5,-110,-110,,,,,,,True,,,odds_api,free
2026_NFL_W02_WAS_DAL_draftkings_20260906T151245Z,2026_NFL_W02_WAS_DAL,2026-09-06T15:12:45.089623+00:00,2026-09-06T15:10:34Z,draftkings,-4.5,-105,-115,-205.0,170.0,51.5,-110,-110,,,,,,,True,,,odds_api,free
2026_NFL_W02_WAS_DAL_betus_20260906T151245Z,2026_NFL_W02_WAS_DAL,2026-09-06T15:12:45.089623+00:00,2026-09-06T15:11:39Z,betus,-4.5,-105,-115,,,51.5,-110,-110,,,,,,,True,,,odds_api,free
2026_NFL_W02_MIA_SF_draftkings_20260906T151245Z,2026_NFL_W02_MIA_SF,2026-09-06T15:12:45.089623+00:00,2026-09-06T15:10:34Z,draftkings,-10.5,-110,-110,-675.0,490.0,46.5,-110,-110,,,,,,,True,,,odds_api,free
2026_NFL_W02_MIA_SF_betus_20260906T151245Z,2026_NFL_W02_MIA_SF,2026-09-06T15:12:45.089623+00:00,2026-09-06T15:11:39Z,betus,-10.5,-110,-110,,,46.5,-110,-110,,,,,,,True,,,odds_api,free
2026_NFL_W02_IND_KC_draftkings_20260906T151245Z,2026_NFL_W02_IND_KC,2026-09-06T15:12:45.089623+00:00,2026-09-06T15:10:34Z,draftkings,-6.5,-110,-110,-340.0,270.0,47.5,-110,-110,,,,,,,True,,,odds_api,free
2026_NFL_W02_IND_KC_betus_20260906T151245Z,2026_NFL_W02_IND_KC,2026-09-06T15:12:45.089623+00:00,2026-09-06T15:11:39Z,betus,-5.5,-110,-110,,,47.5,-110,-110,,,,,,,True,,,odds_api,free
2026_NFL_W02_NYG_LAR_draftkings_20260906T151245Z,2026_NFL_W02_NYG_LAR,2026-09-06T15:12:45.089623+00:00,2026-09-06T15:10:34Z,draftkings,-8.5,-110,-110,-380.0,300.0,48.5,-110,-110,,,,,,,True,,,odds_api,free
2026_NFL_W02_NYG_LAR_betus_20260906T151245Z,2026_NFL_W02_NYG_LAR,2026-09-06T15:12:45.089623+00:00,2026-09-06T15:11:39Z,betus,-9.5,-110,-110,,,47.5,-110,-110,,,,,,,True,,,odds_api,free
2026_NFL_W02_DET_BUF_draftkings_20260906T161247Z,2026_NFL_W02_DET_BUF,2026-09-06T16:12:47.501655+00:00,2026-09-06T16:11:54Z,draftkings,-3.0,-110,-110,-162.0,136.0,52.5,-110,-110,,,,,,,True,,,odds_api,free
2026_NFL_W02_DET_BUF_betonlineag_20260906T161247Z,2026_NFL_W02_DET_BUF,2026-09-06T16:12:47.501655+00:00,2026-09-06T16:12:13Z,betonlineag,-3.0,-110,-110,,,51.5,-110,-110,,,,,,,True,,,odds_api,free
2026_NFL_W02_DET_BUF_lowvig_20260906T161247Z,2026_NFL_W02_DET_BUF,2026-09-06T16:12:47.501655+00:00,2026-09-06T16:12:37Z,lowvig,-3.0,-105,-105,,,51.5,-107,-107,,,,,,,True,,,odds_api,free
2026_NFL_W02_DET_BUF_betrivers_20260906T161247Z,2026_NFL_W02_DET_BUF,2026-09-06T16:12:47.501655+00:00,2026-09-06T16:12:13Z,betrivers,-3.0,-105,-117,-165.0,133.0,52.5,-110,-110,,,,,,,True,,,odds_api,free
2026_NFL_W02_CAR_ATL_draftkings_20260906T161247Z,2026_NFL_W02_CAR_ATL,2026-09-06T16:12:47.501655+00:00,2026-09-06T16:11:54Z,draftkings,-1.5,-110,-110,-125.0,105.0,44.5,-102,-118,,,,,,,True,,,odds_api,free
2026_NFL_W02_CAR_ATL_betus_20260906T161247Z,2026_NFL_W02_CAR_ATL,2026-09-06T16:12:47.501655+00:00,2026-09-06T16:11:54Z,betus,-1.5,-105,-115,,,43.5,-110,-110,,,,,,,True,,,odds_api,free
2026_NFL_W02_NO_BAL_draftkings_20260906T161247Z,2026_NFL_W02_NO_BAL,2026-09-06T16:12:47.501655+00:00,2026-09-06T16:11:54Z,draftkings,-7.5,-110,-110,-345.0,275.0,46.5,-110,-110,,,,,,,True,,,odds_api,free
2026_NFL_W02_NO_BAL_betus_20260906T161247Z,2026_NFL_W02_NO_BAL,2026-09-06T16:12:47.501655+00:00,2026-09-06T16:11:54Z,betus,-7.5,-110,-110,,,46.5,-110,-110,,,,,,,True,,,odds_api,free
2026_NFL_W02_MIN_CHI_draftkings_20260906T161247Z,2026_NFL_W02_MIN_CHI,2026-09-06T16:12:47.501655+00:00,2026-09-06T16:11:54Z,draftkings,-3.5,-105,-115,-198.0,164.0,45.5,-110,-110,,,,,,,True,,,odds_api,free
2026_NFL_W02_CIN_HOU_draftkings_20260906T161247Z,2026_NFL_W02_CIN_HOU,2026-09-06T16:12:47.501655+00:00,2026-09-06T16:11:54Z,draftkings,-2.5,-110,-110,-135.0,114.0,46.5,-110,-110,,,,,,,True,,,odds_api,free
2026_NFL_W02_CIN_HOU_betus_20260906T161247Z,2026_NFL_W02_CIN_HOU,2026-09-06T16:12:47.501655+00:00,2026-09-06T16:11:54Z,betus,-2.5,-110,-110,,,46.5,-110,-110,,,,,,,True,,,odds_api,free
2026_NFL_W02_CLE_TB_draftkings_20260906T161247Z,2026_NFL_W02_CLE_TB,2026-09-06T16:12:47.501655+00:00,2026-09-06T16:11:54Z,draftkings,-6.5,-110,-110,-285.0,230.0,42.5,-110,-110,,,,,,,True,,,odds_api,free
2026_NFL_W02_CLE_TB_betus_20260906T161247Z,2026_NFL_W02_CLE_TB,2026-09-06T16:12:47.501655+00:00,2026-09-06T16:11:54Z,betus,-6.5,-110,-110,,,42.5,-110,-110,,,,,,,True,,,odds_api,free
2026_NFL_W02_GB_NYJ_draftkings_20260906T161247Z,2026_NFL_W02_GB_NYJ,2026-09-06T16:12:47.501655+00:00,2026-09-06T16:11:54Z,draftkings,5.5,-110,-110,205.0,-250.0,42.5,-110,-110,,,,,,,True,,,odds_api,free
2026_NFL_W02_PIT_NE_draftkings_20260906T161247Z,2026_NFL_W02_PIT_NE,2026-09-06T16:12:47.501655+00:00,2026-09-06T16:11:54Z,draftkings,-4.5,-110,-110,-218.0,180.0,43.5,-110,-110,,,,,,,True,,,odds_api,free
2026_NFL_W02_PIT_NE_betus_20260906T161247Z,2026_NFL_W02_PIT_NE,2026-09-06T16:12:47.501655+00:00,2026-09-06T16:11:54Z,betus,-4.5,-110,-110,,,43.5,-110,-110,,,,,,,True,,,odds_api,free
2026_NFL_W02_PHI_TEN_draftkings_20260906T161247Z,2026_NFL_W02_PHI_TEN,2026-09-06T16:12:47.501655+00:00,2026-09-06T16:11:54Z,draftkings,4.5,-110,-110,180.0,-218.0,42.5,-110,-110,,,,,,,True,,,odds_api,free
2026_NFL_W02_PHI_TEN_betus_20260906T161247Z,2026_NFL_W02_PHI_TEN,2026-09-06T16:12:47.501655+00:00,2026-09-06T16:11:54Z,betus,4.5,-110,-110,,,42.5,-110,-110,,,,,,,True,,,odds_api,free
2026_NFL_W02_JAX_DEN_draftkings_20260906T161247Z,2026_NFL_W02_JAX_DEN,2026-09-06T16:12:47.501655+00:00,2026-09-06T16:11:54Z,draftkings,-3.0,-110,-110,-155.0,130.0,43.5,-110,-110,,,,,,,True,,,odds_api,free
2026_NFL_W02_JAX_DEN_betus_20260906T161247Z,2026_NFL_W02_JAX_DEN,2026-09-06T16:12:47.501655+00:00,2026-09-06T16:11:54Z,betus,-2.5,-115,-105,,,43.5,-110,-110,,,,,,,True,,,odds_api,free
2026_NFL_W02_LV_LAC_draftkings_20260906T161247Z,2026_NFL_W02_LV_LAC,2026-09-06T16:12:47.501655+00:00,2026-09-06T16:11:54Z,draftkings,-8.5,-110,-110,-360.0,285.0,42.5,-110,-110,,,,,,,True,,,odds_api,free
2026_NFL_W02_SEA_ARI_draftkings_20260906T161247Z,2026_NFL_W02_SEA_ARI,2026-09-06T16:12:47.501655+00:00,2026-09-06T16:11:54Z,draftkings,10.0,-110,-110,400.0,-535.0,44.5,-110,-110,,,,,,,True,,,odds_api,free
2026_NFL_W02_SEA_ARI_betus_20260906T161247Z,2026_NFL_W02_SEA_ARI,2026-09-06T16:12:47.501655+00:00,2026-09-06T16:11:54Z,betus,10.0,-110,-110,,,44.5,-110,-110,,,,,,,True,,,odds_api,free
2026_NFL_W02_WAS_DAL_draftkings_20260906T161247Z,2026_NFL_W02_WAS_DAL,2026-09-06T16:12:47.501655+00:00,2026-09-06T16:11:54Z,draftkings,-4.5,-105,-115,-205.0,170.0,51.5,-110,-110,,,,,,,True,,,odds_api,free
2026_NFL_W02_WAS_DAL_betus_20260906T161247Z,2026_NFL_W02_WAS_DAL,2026-09-06T16:12:47.501655+00:00,2026-09-06T16:11:54Z,betus,-4.5,-105,-115,,,51.5,-110,-110,,,,,,,True,,,odds_api,free
2026_NFL_W02_MIA_SF_draftkings_20260906T161247Z,2026_NFL_W02_MIA_SF,2026-09-06T16:12:47.501655+00:00,2026-09-06T16:11:54Z,draftkings,-10.5,-110,-110,-675.0,490.0,46.5,-110,-110,,,,,,,True,,,odds_api,free
2026_NFL_W02_MIA_SF_betus_20260906T161247Z,2026_NFL_W02_MIA_SF,2026-09-06T16:12:47.501655+00:00,2026-09-06T16:11:54Z,betus,-10.5,-110,-110,,,46.5,-110,-110,,,,,,,True,,,odds_api,free
2026_NFL_W02_IND_KC_draftkings_20260906T161247Z,2026_NFL_W02_IND_KC,2026-09-06T16:12:47.501655+00:00,2026-09-06T16:11:54Z,draftkings,-6.5,-110,-110,-340.0,270.0,47.5,-110,-110,,,,,,,True,,,odds_api,free
2026_NFL_W02_IND_KC_betus_20260906T161247Z,2026_NFL_W02_IND_KC,2026-09-06T16:12:47.501655+00:00,2026-09-06T16:11:54Z,betus,-5.5,-110,-110,,,47.5,-110,-110,,,,,,,True,,,odds_api,free
2026_NFL_W02_NYG_LAR_draftkings_20260906T161247Z,2026_NFL_W02_NYG_LAR,2026-09-06T16:12:47.501655+00:00,2026-09-06T16:11:54Z,draftkings,-8.5,-110,-110,-380.0,300.0,48.5,-110,-110,,,,,,,True,,,odds_api,free
2026_NFL_W02_NYG_LAR_betus_20260906T161247Z,2026_NFL_W02_NYG_LAR,2026-09-06T16:12:47.501655+00:00,2026-09-06T16:11:54Z,betus,-9.5,-110,-110,,,47.5,-110,-110,,,,,,,True,,,odds_api,free
2026_NFL_W02_DET_BUF_draftkings_20260906T181240Z,2026_NFL_W02_DET_BUF,2026-09-06T18:12:40.628291+00:00,2026-09-06T18:11:38Z,draftkings,-3.0,-110,-110,-162.0,136.0,52.5,-110,-110,,,,,,,True,,,odds_api,free
2026_NFL_W02_DET_BUF_betonlineag_20260906T181240Z,2026_NFL_W02_DET_BUF,2026-09-06T18:12:40.628291+00:00,2026-09-06T18:11:38Z,betonlineag,-3.0,-110,-110,,,51.5,-110,-110,,,,,,,True,,,odds_api,free
2026_NFL_W02_DET_BUF_lowvig_20260906T181240Z,2026_NFL_W02_DET_BUF,2026-09-06T18:12:40.628291+00:00,2026-09-06T18:11:39Z,lowvig,-3.0,-105,-105,,,51.5,-107,-107,,,,,,,True,,,odds_api,free
2026_NFL_W02_DET_BUF_betrivers_20260906T181240Z,2026_NFL_W02_DET_BUF,2026-09-06T18:12:40.628291+00:00,2026-09-06T18:12:24Z,betrivers,-3.0,-105,-117,-165.0,133.0,52.5,-110,-110,,,,,,,True,,,odds_api,free
2026_NFL_W02_CAR_ATL_draftkings_20260906T181240Z,2026_NFL_W02_CAR_ATL,2026-09-06T18:12:40.628291+00:00,2026-09-06T18:11:38Z,draftkings,-1.5,-110,-110,-125.0,105.0,44.5,-102,-118,,,,,,,True,,,odds_api,free
2026_NFL_W02_CAR_ATL_betus_20260906T181240Z,2026_NFL_W02_CAR_ATL,2026-09-06T18:12:40.628291+00:00,2026-09-06T18:12:25Z,betus,-1.5,-105,-115,,,43.5,-110,-110,,,,,,,True,,,odds_api,free
2026_NFL_W02_NO_BAL_draftkings_20260906T181240Z,2026_NFL_W02_NO_BAL,2026-09-06T18:12:40.628291+00:00,2026-09-06T18:11:38Z,draftkings,-7.5,-110,-110,-345.0,275.0,46.5,-110,-110,,,,,,,True,,,odds_api,free
2026_NFL_W02_NO_BAL_betus_20260906T181240Z,2026_NFL_W02_NO_BAL,2026-09-06T18:12:40.628291+00:00,2026-09-06T18:12:25Z,betus,-7.5,-110,-110,,,46.5,-110,-110,,,,,,,True,,,odds_api,free
2026_NFL_W02_MIN_CHI_draftkings_20260906T181240Z,2026_NFL_W02_MIN_CHI,2026-09-06T18:12:40.628291+00:00,2026-09-06T18:11:38Z,draftkings,-3.5,-105,-115,-198.0,164.0,45.5,-110,-110,,,,,,,True,,,odds_api,free
2026_NFL_W02_CIN_HOU_draftkings_20260906T181240Z,2026_NFL_W02_CIN_HOU,2026-09-06T18:12:40.628291+00:00,2026-09-06T18:11:38Z,draftkings,-2.5,-110,-110,-135.0,114.0,46.5,-110,-110,,,,,,,True,,,odds_api,free
2026_NFL_W02_CIN_HOU_betus_20260906T181240Z,2026_NFL_W02_CIN_HOU,2026-09-06T18:12:40.628291+00:00,2026-09-06T18:12:25Z,betus,-2.5,-110,-110,,,46.5,-110,-110,,,,,,,True,,,odds_api,free
2026_NFL_W02_CLE_TB_draftkings_20260906T181240Z,2026_NFL_W02_CLE_TB,2026-09-06T18:12:40.628291+00:00,2026-09-06T18:11:38Z,draftkings,-6.5,-110,-110,-285.0,230.0,42.5,-110,-110,,,,,,,True,,,odds_api,free
2026_NFL_W02_CLE_TB_betus_20260906T181240Z,2026_NFL_W02_CLE_TB,2026-09-06T18:12:40.628291+00:00,2026-09-06T18:12:25Z,betus,-6.5,-110,-110,,,42.5,-110,-110,,,,,,,True,,,odds_api,free
2026_NFL_W02_GB_NYJ_draftkings_20260906T181240Z,2026_NFL_W02_GB_NYJ,2026-09-06T18:12:40.628291+00:00,2026-09-06T18:11:38Z,draftkings,5.5,-110,-110,205.0,-250.0,42.5,-110,-110,,,,,,,True,,,odds_api,free
2026_NFL_W02_PIT_NE_draftkings_20260906T181240Z,2026_NFL_W02_PIT_NE,2026-09-06T18:12:40.628291+00:00,2026-09-06T18:11:38Z,draftkings,-4.5,-110,-110,-218.0,180.0,43.5,-110,-110,,,,,,,True,,,odds_api,free
2026_NFL_W02_PIT_NE_betus_20260906T181240Z,2026_NFL_W02_PIT_NE,2026-09-06T18:12:40.628291+00:00,2026-09-06T18:12:25Z,betus,-4.5,-110,-110,,,43.5,-110,-110,,,,,,,True,,,odds_api,free
2026_NFL_W02_PHI_TEN_draftkings_20260906T181240Z,2026_NFL_W02_PHI_TEN,2026-09-06T18:12:40.628291+00:00,2026-09-06T18:11:38Z,draftkings,4.5,-110,-110,180.0,-218.0,42.5,-110,-110,,,,,,,True,,,odds_api,free
2026_NFL_W02_PHI_TEN_betus_20260906T181240Z,2026_NFL_W02_PHI_TEN,2026-09-06T18:12:40.628291+00:00,2026-09-06T18:12:25Z,betus,4.5,-110,-110,,,42.5,-110,-110,,,,,,,True,,,odds_api,free
2026_NFL_W02_JAX_DEN_draftkings_20260906T181240Z,2026_NFL_W02_JAX_DEN,2026-09-06T18:12:40.628291+00:00,2026-09-06T18:11:38Z,draftkings,-3.0,-110,-110,-155.0,130.0,43.5,-110,-110,,,,,,,True,,,odds_api,free
2026_NFL_W02_JAX_DEN_betus_20260906T181240Z,2026_NFL_W02_JAX_DEN,2026-09-06T18:12:40.628291+00:00,2026-09-06T18:12:25Z,betus,-2.5,-115,-105,,,43.5,-110,-110,,,,,,,True,,,odds_api,free
2026_NFL_W02_LV_LAC_draftkings_20260906T181240Z,2026_NFL_W02_LV_LAC,2026-09-06T18:12:40.628291+00:00,2026-09-06T18:11:38Z,draftkings,-8.5,-110,-110,-360.0,285.0,42.5,-110,-110,,,,,,,True,,,odds_api,free
2026_NFL_W02_SEA_ARI_draftkings_20260906T181240Z,2026_NFL_W02_SEA_ARI,2026-09-06T18:12:40.628291+00:00,2026-09-06T18:11:38Z,draftkings,10.0,-110,-110,400.0,-535.0,44.5,-110,-110,,,,,,,True,,,odds_api,free
2026_NFL_W02_SEA_ARI_betus_20260906T181240Z,2026_NFL_W02_SEA_ARI,2026-09-06T18:12:40.628291+00:00,2026-09-06T18:12:25Z,betus,10.0,-110,-110,,,44.5,-110,-110,,,,,,,True,,,odds_api,free
2026_NFL_W02_WAS_DAL_draftkings_20260906T181240Z,2026_NFL_W02_WAS_DAL,2026-09-06T18:12:40.628291+00:00,2026-09-06T18:11:38Z,draftkings,-4.5,-105,-115,-205.0,170.0,51.5,-110,-110,,,,,,,True,,,odds_api,free
2026_NFL_W02_WAS_DAL_betus_20260906T181240Z,2026_NFL_W02_WAS_DAL,2026-09-06T18:12:40.628291+00:00,2026-09-06T18:12:25Z,betus,-4.5,-105,-115,,,51.5,-110,-110,,,,,,,True,,,odds_api,free
2026_NFL_W02_MIA_SF_draftkings_20260906T181240Z,2026_NFL_W02_MIA_SF,2026-09-06T18:12:40.628291+00:00,2026-09-06T18:11:38Z,draftkings,-10.5,-110,-110,-675.0,490.0,46.5,-110,-110,,,,,,,True,,,odds_api,free
2026_NFL_W02_MIA_SF_betus_20260906T181240Z,2026_NFL_W02_MIA_SF,2026-09-06T18:12:40.628291+00:00,2026-09-06T18:12:25Z,betus,-10.5,-110,-110,,,46.5,-110,-110,,,,,,,True,,,odds_api,free
2026_NFL_W02_IND_KC_draftkings_20260906T181240Z,2026_NFL_W02_IND_KC,2026-09-06T18:12:40.628291+00:00,2026-09-06T18:11:38Z,draftkings,-6.5,-110,-110,-340.0,270.0,47.5,-110,-110,,,,,,,True,,,odds_api,free
2026_NFL_W02_IND_KC_betus_20260906T181240Z,2026_NFL_W02_IND_KC,2026-09-06T18:12:40.628291+00:00,2026-09-06T18:12:25Z,betus,-5.5,-110,-110,,,47.5,-110,-110,,,,,,,True,,,odds_api,free
2026_NFL_W02_NYG_LAR_draftkings_20260906T181240Z,2026_NFL_W02_NYG_LAR,2026-09-06T18:12:40.628291+00:00,2026-09-06T18:11:38Z,draftkings,-8.5,-110,-110,-380.0,300.0,48.5,-110,-110,,,,,,,True,,,odds_api,free
2026_NFL_W02_NYG_LAR_betus_20260906T181240Z,2026_NFL_W02_NYG_LAR,2026-09-06T18:12:40.628291+00:00,2026-09-06T18:12:25Z,betus,-9.5,-110,-110,,,47.5,-110,-110,,,,,,,True,,,odds_api,free
2026_NFL_W02_DET_BUF_draftkings_20260906T191240Z,2026_NFL_W02_DET_BUF,2026-09-06T19:12:40.268761+00:00,2026-09-06T19:11:56Z,draftkings,-3.0,-110,-110,-162.0,136.0,52.5,-110,-110,,,,,,,True,,,odds_api,free
2026_NFL_W02_DET_BUF_betonlineag_20260906T191240Z,2026_NFL_W02_DET_BUF,2026-09-06T19:12:40.268761+00:00,2026-09-06T19:12:38Z,betonlineag,-3.0,-110,-110,,,51.5,-110,-110,,,,,,,True,,,odds_api,free
2026_NFL_W02_DET_BUF_lowvig_20260906T191240Z,2026_NFL_W02_DET_BUF,2026-09-06T19:12:40.268761+00:00,2026-09-06T19:11:56Z,lowvig,-3.0,-105,-105,,,51.5,-107,-107,,,,,,,True,,,odds_api,free
2026_NFL_W02_DET_BUF_betrivers_20260906T191240Z,2026_NFL_W02_DET_BUF,2026-09-06T19:12:40.268761+00:00,2026-09-06T19:12:39Z,betrivers,-3.0,-105,-117,-165.0,133.0,52.5,-110,-110,,,,,,,True,,,odds_api,free
2026_NFL_W02_CAR_ATL_draftkings_20260906T191240Z,2026_NFL_W02_CAR_ATL,2026-09-06T19:12:40.268761+00:00,2026-09-06T19:11:56Z,draftkings,-1.5,-110,-110,-125.0,105.0,44.5,-102,-118,,,,,,,True,,,odds_api,free
2026_NFL_W02_CAR_ATL_betus_20260906T191240Z,2026_NFL_W02_CAR_ATL,2026-09-06T19:12:40.268761+00:00,2026-09-06T19:11:55Z,betus,-1.5,-105,-115,,,43.5,-110,-110,,,,,,,True,,,odds_api,free
2026_NFL_W02_NO_BAL_draftkings_20260906T191240Z,2026_NFL_W02_NO_BAL,2026-09-06T19:12:40.268761+00:00,2026-09-06T19:11:56Z,draftkings,-7.5,-110,-110,-345.0,275.0,46.5,-110,-110,,,,,,,True,,,odds_api,free
2026_NFL_W02_NO_BAL_betus_20260906T191240Z,2026_NFL_W02_NO_BAL,2026-09-06T19:12:40.268761+00:00,2026-09-06T19:11:55Z,betus,-7.5,-110,-110,,,46.5,-110,-110,,,,,,,True,,,odds_api,free
2026_NFL_W02_MIN_CHI_draftkings_20260906T191240Z,2026_NFL_W02_MIN_CHI,2026-09-06T19:12:40.268761+00:00,2026-09-06T19:11:56Z,draftkings,-3.5,-105,-115,-198.0,164.0,45.5,-110,-110,,,,,,,True,,,odds_api,free
2026_NFL_W02_CIN_HOU_draftkings_20260906T191240Z,2026_NFL_W02_CIN_HOU,2026-09-06T19:12:40.268761+00:00,2026-09-06T19:11:56Z,draftkings,-2.5,-110,-110,-135.0,114.0,46.5,-110,-110,,,,,,,True,,,odds_api,free
2026_NFL_W02_CIN_HOU_betus_20260906T191240Z,2026_NFL_W02_CIN_HOU,2026-09-06T19:12:40.268761+00:00,2026-09-06T19:11:55Z,betus,-2.5,-110,-110,,,46.5,-110,-110,,,,,,,True,,,odds_api,free
2026_NFL_W02_CLE_TB_draftkings_20260906T191240Z,2026_NFL_W02_CLE_TB,2026-09-06T19:12:40.268761+00:00,2026-09-06T19:11:56Z,draftkings,-6.5,-110,-110,-285.0,230.0,42.5,-110,-110,,,,,,,True,,,odds_api,free
2026_NFL_W02_CLE_TB_betus_20260906T191240Z,2026_NFL_W02_CLE_TB,2026-09-06T19:12:40.268761+00:00,2026-09-06T19:11:55Z,betus,-6.5,-110,-110,,,42.5,-110,-110,,,,,,,True,,,odds_api,free
2026_NFL_W02_GB_NYJ_draftkings_20260906T191240Z,2026_NFL_W02_GB_NYJ,2026-09-06T19:12:40.268761+00:00,2026-09-06T19:11:56Z,draftkings,5.5,-110,-110,205.0,-250.0,42.5,-110,-110,,,,,,,True,,,odds_api,free
2026_NFL_W02_PIT_NE_draftkings_20260906T191240Z,2026_NFL_W02_PIT_NE,2026-09-06T19:12:40.268761+00:00,2026-09-06T19:11:56Z,draftkings,-4.5,-110,-110,-218.0,180.0,43.5,-110,-110,,,,,,,True,,,odds_api,free
2026_NFL_W02_PIT_NE_betus_20260906T191240Z,2026_NFL_W02_PIT_NE,2026-09-06T19:12:40.268761+00:00,2026-09-06T19:11:55Z,betus,-4.5,-110,-110,,,43.5,-110,-110,,,,,,,True,,,odds_api,free
2026_NFL_W02_PHI_TEN_draftkings_20260906T191240Z,2026_NFL_W02_PHI_TEN,2026-09-06T19:12:40.268761+00:00,2026-09-06T19:11:56Z,draftkings,4.5,-110,-110,180.0,-218.0,42.5,-110,-110,,,,,,,True,,,odds_api,free
2026_NFL_W02_PHI_TEN_betus_20260906T191240Z,2026_NFL_W02_PHI_TEN,2026-09-06T19:12:40.268761+00:00,2026-09-06T19:11:55Z,betus,4.5,-110,-110,,,42.5,-110,-110,,,,,,,True,,,odds_api,free
2026_NFL_W02_JAX_DEN_draftkings_20260906T191240Z,2026_NFL_W02_JAX_DEN,2026-09-06T19:12:40.268761+00:00,2026-09-06T19:11:56Z,draftkings,-3.0,-110,-110,-155.0,130.0,43.5,-110,-110,,,,,,,True,,,odds_api,free
2026_NFL_W02_JAX_DEN_betus_20260906T191240Z,2026_NFL_W02_JAX_DEN,2026-09-06T19:12:40.268761+00:00,2026-09-06T19:11:55Z,betus,-2.5,-115,-105,,,43.5,-110,-110,,,,,,,True,,,odds_api,free
2026_NFL_W02_LV_LAC_draftkings_20260906T191240Z,2026_NFL_W02_LV_LAC,2026-09-06T19:12:40.268761+00:00,2026-09-06T19:11:56Z,draftkings,-8.5,-110,-110,-360.0,285.0,42.5,-110,-110,,,,,,,True,,,odds_api,free
2026_NFL_W02_SEA_ARI_draftkings_20260906T191240Z,2026_NFL_W02_SEA_ARI,2026-09-06T19:12:40.268761+00:00,2026-09-06T19:11:56Z,draftkings,10.0,-110,-110,400.0,-535.0,44.5,-110,-110,,,,,,,True,,,odds_api,free
2026_NFL_W02_SEA_ARI_betus_20260906T191240Z,2026_NFL_W02_SEA_ARI,2026-09-06T19:12:40.268761+00:00,2026-09-06T19:11:55Z,betus,10.0,-110,-110,,,44.5,-110,-110,,,,,,,True,,,odds_api,free
2026_NFL_W02_WAS_DAL_draftkings_20260906T191240Z,2026_NFL_W02_WAS_DAL,2026-09-06T19:12:40.268761+00:00,2026-09-06T19:11:56Z,draftkings,-4.5,-105,-115,-205.0,170.0,51.5,-110,-110,,,,,,,True,,,odds_api,free
2026_NFL_W02_WAS_DAL_betus_20260906T191240Z,2026_NFL_W02_WAS_DAL,2026-09-06T19:12:40.268761+00:00,2026-09-06T19:11:55Z,betus,-4.5,-105,-115,,,51.5,-110,-110,,,,,,,True,,,odds_api,free
2026_NFL_W02_MIA_SF_draftkings_20260906T191240Z,2026_NFL_W02_MIA_SF,2026-09-06T19:12:40.268761+00:00,2026-09-06T19:11:56Z,draftkings,-10.5,-110,-110,-675.0,490.0,46.5,-110,-110,,,,,,,True,,,odds_api,free
2026_NFL_W02_MIA_SF_betus_20260906T191240Z,2026_NFL_W02_MIA_SF,2026-09-06T19:12:40.268761+00:00,2026-09-06T19:11:55Z,betus,-10.5,-110,-110,,,46.5,-110,-110,,,,,,,True,,,odds_api,free
2026_NFL_W02_IND_KC_draftkings_20260906T191240Z,2026_NFL_W02_IND_KC,2026-09-06T19:12:40.268761+00:00,2026-09-06T19:11:56Z,draftkings,-6.5,-110,-110,-340.0,270.0,47.5,-110,-110,,,,,,,True,,,odds_api,free
2026_NFL_W02_IND_KC_betus_20260906T191240Z,2026_NFL_W02_IND_KC,2026-09-06T19:12:40.268761+00:00,2026-09-06T19:11:55Z,betus,-5.5,-110,-110,,,47.5,-110,-110,,,,,,,True,,,odds_api,free
2026_NFL_W02_NYG_LAR_draftkings_20260906T191240Z,2026_NFL_W02_NYG_LAR,2026-09-06T19:12:40.268761+00:00,2026-09-06T19:11:56Z,draftkings,-8.5,-110,-110,-380.0,300.0,48.5,-110,-110,,,,,,,True,,,odds_api,free
2026_NFL_W02_NYG_LAR_betus_20260906T191240Z,2026_NFL_W02_NYG_LAR,2026-09-06T19:12:40.268761+00:00,2026-09-06T19:11:55Z,betus,-9.5,-110,-110,,,47.5,-110,-110,,,,,,,True,,,odds_api,free
2026_NFL_W02_DET_BUF_draftkings_20260906T211242Z,2026_NFL_W02_DET_BUF,2026-09-06T21:12:42.927686+00:00,2026-09-06T21:11:53Z,draftkings,-3.0,-110,-110,-162.0,136.0,52.5,-110,-110,,,,,,,True,,,odds_api,free
2026_NFL_W02_DET_BUF_betonlineag_20260906T211242Z,2026_NFL_W02_DET_BUF,2026-09-06T21:12:42.927686+00:00,2026-09-06T21:11:52Z,betonlineag,-3.0,-110,-110,,,51.5,-110,-110,,,,,,,True,,,odds_api,free
2026_NFL_W02_DET_BUF_lowvig_20260906T211242Z,2026_NFL_W02_DET_BUF,2026-09-06T21:12:42.927686+00:00,2026-09-06T21:12:17Z,lowvig,-3.0,-105,-105,,,51.5,-107,-107,,,,,,,True,,,odds_api,free
2026_NFL_W02_DET_BUF_betrivers_20260906T211242Z,2026_NFL_W02_DET_BUF,2026-09-06T21:12:42.927686+00:00,2026-09-06T21:12:41Z,betrivers,-3.0,-105,-117,-165.0,133.0,52.5,-110,-110,,,,,,,True,,,odds_api,free
2026_NFL_W02_CAR_ATL_draftkings_20260906T211242Z,2026_NFL_W02_CAR_ATL,2026-09-06T21:12:42.927686+00:00,2026-09-06T21:11:53Z,draftkings,-1.5,-110,-110,-125.0,105.0,44.5,-102,-118,,,,,,,True,,,odds_api,free
2026_NFL_W02_CAR_ATL_betus_20260906T211242Z,2026_NFL_W02_CAR_ATL,2026-09-06T21:12:42.927686+00:00,2026-09-06T21:12:39Z,betus,-1.5,-105,-115,,,43.5,-110,-110,,,,,,,True,,,odds_api,free
2026_NFL_W02_NO_BAL_draftkings_20260906T211242Z,2026_NFL_W02_NO_BAL,2026-09-06T21:12:42.927686+00:00,2026-09-06T21:11:53Z,draftkings,-7.5,-110,-110,-345.0,275.0,46.5,-110,-110,,,,,,,True,,,odds_api,free
2026_NFL_W02_NO_BAL_betus_20260906T211242Z,2026_NFL_W02_NO_BAL,2026-09-06T21:12:42.927686+00:00,2026-09-06T21:12:39Z,betus,-7.5,-110,-110,,,46.5,-110,-110,,,,,,,True,,,odds_api,free
2026_NFL_W02_MIN_CHI_draftkings_20260906T211242Z,2026_NFL_W02_MIN_CHI,2026-09-06T21:12:42.927686+00:00,2026-09-06T21:11:53Z,draftkings,-3.5,-105,-115,-198.0,164.0,45.5,-110,-110,,,,,,,True,,,odds_api,free
2026_NFL_W02_CIN_HOU_draftkings_20260906T211242Z,2026_NFL_W02_CIN_HOU,2026-09-06T21:12:42.927686+00:00,2026-09-06T21:11:53Z,draftkings,-2.5,-110,-110,-135.0,114.0,46.5,-110,-110,,,,,,,True,,,odds_api,free
2026_NFL_W02_CIN_HOU_betus_20260906T211242Z,2026_NFL_W02_CIN_HOU,2026-09-06T21:12:42.927686+00:00,2026-09-06T21:12:39Z,betus,-2.5,-110,-110,,,46.5,-110,-110,,,,,,,True,,,odds_api,free
2026_NFL_W02_CLE_TB_draftkings_20260906T211242Z,2026_NFL_W02_CLE_TB,2026-09-06T21:12:42.927686+00:00,2026-09-06T21:11:53Z,draftkings,-6.5,-110,-110,-285.0,230.0,42.5,-110,-110,,,,,,,True,,,odds_api,free
2026_NFL_W02_CLE_TB_betus_20260906T211242Z,2026_NFL_W02_CLE_TB,2026-09-06T21:12:42.927686+00:00,2026-09-06T21:12:39Z,betus,-6.5,-110,-110,,,42.5,-110,-110,,,,,,,True,,,odds_api,free
2026_NFL_W02_GB_NYJ_draftkings_20260906T211242Z,2026_NFL_W02_GB_NYJ,2026-09-06T21:12:42.927686+00:00,2026-09-06T21:11:53Z,draftkings,5.5,-110,-110,205.0,-250.0,42.5,-110,-110,,,,,,,True,,,odds_api,free
2026_NFL_W02_PIT_NE_draftkings_20260906T211242Z,2026_NFL_W02_PIT_NE,2026-09-06T21:12:42.927686+00:00,2026-09-06T21:11:53Z,draftkings,-4.5,-110,-110,-218.0,180.0,43.5,-110,-110,,,,,,,True,,,odds_api,free
2026_NFL_W02_PIT_NE_betus_20260906T211242Z,2026_NFL_W02_PIT_NE,2026-09-06T21:12:42.927686+00:00,2026-09-06T21:12:39Z,betus,-4.5,-110,-110,,,43.5,-110,-110,,,,,,,True,,,odds_api,free
2026_NFL_W02_PHI_TEN_draftkings_20260906T211242Z,2026_NFL_W02_PHI_TEN,2026-09-06T21:12:42.927686+00:00,2026-09-06T21:11:53Z,draftkings,4.5,-110,-110,180.0,-218.0,42.5,-110,-110,,,,,,,True,,,odds_api,free
2026_NFL_W02_PHI_TEN_betus_20260906T211242Z,2026_NFL_W02_PHI_TEN,2026-09-06T21:12:42.927686+00:00,2026-09-06T21:12:39Z,betus,4.5,-110,-110,,,42.5,-110,-110,,,,,,,True,,,odds_api,free
2026_NFL_W02_JAX_DEN_draftkings_20260906T211242Z,2026_NFL_W02_JAX_DEN,2026-09-06T21:12:42.927686+00:00,2026-09-06T21:11:53Z,draftkings,-3.0,-110,-110,-155.0,130.0,43.5,-110,-110,,,,,,,True,,,odds_api,free
2026_NFL_W02_JAX_DEN_betus_20260906T211242Z,2026_NFL_W02_JAX_DEN,2026-09-06T21:12:42.927686+00:00,2026-09-06T21:12:39Z,betus,-2.5,-115,-105,,,43.5,-110,-110,,,,,,,True,,,odds_api,free
2026_NFL_W02_LV_LAC_draftkings_20260906T211242Z,2026_NFL_W02_LV_LAC,2026-09-06T21:12:42.927686+00:00,2026-09-06T21:11:53Z,draftkings,-8.5,-110,-110,-360.0,285.0,42.5,-110,-110,,,,,,,True,,,odds_api,free
2026_NFL_W02_SEA_ARI_draftkings_20260906T211242Z,2026_NFL_W02_SEA_ARI,2026-09-06T21:12:42.927686+00:00,2026-09-06T21:11:53Z,draftkings,10.0,-110,-110,400.0,-535.0,44.5,-110,-110,,,,,,,True,,,odds_api,free
2026_NFL_W02_SEA_ARI_betus_20260906T211242Z,2026_NFL_W02_SEA_ARI,2026-09-06T21:12:42.927686+00:00,2026-09-06T21:12:39Z,betus,10.0,-110,-110,,,44.5,-110,-110,,,,,,,True,,,odds_api,free
2026_NFL_W02_WAS_DAL_draftkings_20260906T211242Z,2026_NFL_W02_WAS_DAL,2026-09-06T21:12:42.927686+00:00,2026-09-06T21:11:53Z,draftkings,-4.5,-105,-115,-205.0,170.0,51.5,-110,-110,,,,,,,True,,,odds_api,free
2026_NFL_W02_WAS_DAL_betus_20260906T211242Z,2026_NFL_W02_WAS_DAL,2026-09-06T21:12:42.927686+00:00,2026-09-06T21:12:39Z,betus,-4.5,-105,-115,,,51.5,-110,-110,,,,,,,True,,,odds_api,free
2026_NFL_W02_MIA_SF_draftkings_20260906T211242Z,2026_NFL_W02_MIA_SF,2026-09-06T21:12:42.927686+00:00,2026-09-06T21:11:53Z,draftkings,-10.5,-110,-110,-675.0,490.0,46.5,-110,-110,,,,,,,True,,,odds_api,free
2026_NFL_W02_MIA_SF_betus_20260906T211242Z,2026_NFL_W02_MIA_SF,2026-09-06T21:12:42.927686+00:00,2026-09-06T21:12:39Z,betus,-10.5,-110,-110,,,46.5,-110,-110,,,,,,,True,,,odds_api,free
2026_NFL_W02_IND_KC_draftkings_20260906T211242Z,2026_NFL_W02_IND_KC,2026-09-06T21:12:42.927686+00:00,2026-09-06T21:11:53Z,draftkings,-6.5,-110,-110,-340.0,270.0,47.5,-110,-110,,,,,,,True,,,odds_api,free
2026_NFL_W02_IND_KC_betus_20260906T211242Z,2026_NFL_W02_IND_KC,2026-09-06T21:12:42.927686+00:00,2026-09-06T21:12:39Z,betus,-5.5,-110,-110,,,47.5,-110,-110,,,,,,,True,,,odds_api,free
2026_NFL_W02_NYG_LAR_draftkings_20260906T211242Z,2026_NFL_W02_NYG_LAR,2026-09-06T21:12:42.927686+00:00,2026-09-06T21:11:53Z,draftkings,-8.5,-110,-110,-380.0,300.0,48.5,-110,-110,,,,,,,True,,,odds_api,free
2026_NFL_W02_NYG_LAR_betus_20260906T211242Z,2026_NFL_W02_NYG_LAR,2026-09-06T21:12:42.927686+00:00,2026-09-06T21:12:39Z,betus,-9.5,-110,-110,,,47.5,-110,-110,,,,,,,True,,,odds_api,free
2026_NFL_W02_DET_BUF_draftkings_20260906T221238Z,2026_NFL_W02_DET_BUF,2026-09-06T22:12:38.781007+00:00,2026-09-06T22:11:20Z,draftkings,-3.0,-110,-110,-162.0,136.0,52.5,-110,-110,,,,,,,True,,,odds_api,free
2026_NFL_W02_DET_BUF_betonlineag_20260906T221238Z,2026_NFL_W02_DET_BUF,2026-09-06T22:12:38.781007+00:00,2026-09-06T22:11:57Z,betonlineag,-3.0,-110,-110,,,51.5,-110,-110,,,,,,,True,,,odds_api,free
2026_NFL_W02_DET_BUF_lowvig_20260906T221238Z,2026_NFL_W02_DET_BUF,2026-09-06T22:12:38.781007+00:00,2026-09-06T22:11:38Z,lowvig,-3.0,-105,-105,,,51.5,-107,-107,,,,,,,True,,,odds_api,free
2026_NFL_W02_DET_BUF_betrivers_20260906T221238Z,2026_NFL_W02_DET_BUF,2026-09-06T22:12:38.781007+00:00,2026-09-06T22:11:57Z,betrivers,-3.0,-105,-117,-165.0,133.0,52.5,-110,-110,,,,,,,True,,,odds_api,free
2026_NFL_W02_CAR_ATL_draftkings_20260906T221238Z,2026_NFL_W02_CAR_ATL,2026-09-06T22:12:38.781007+00:00,2026-09-06T22:11:20Z,draftkings,-1.5,-110,-110,-125.0,105.0,44.5,-102,-118,,,,,,,True,,,odds_api,free
2026_NFL_W02_CAR_ATL_betus_20260906T221238Z,2026_NFL_W02_CAR_ATL,2026-09-06T22:12:38.781007+00:00,2026-09-06T22:11:40Z,betus,-1.5,-105,-115,,,43.5,-110,-110,,,,,,,True,,,odds_api,free
2026_NFL_W02_NO_BAL_draftkings_20260906T221238Z,2026_NFL_W02_NO_BAL,2026-09-06T22:12:38.781007+00:00,2026-09-06T22:11:20Z,draftkings,-7.5,-110,-110,-345.0,275.0,46.5,-110,-110,,,,,,,True,,,odds_api,free
2026_NFL_W02_NO_BAL_betus_20260906T221238Z,2026_NFL_W02_NO_BAL,2026-09-06T22:12:38.781007+00:00,2026-09-06T22:11:40Z,betus,-7.5,-110,-110,,,46.5,-110,-110,,,,,,,True,,,odds_api,free
2026_NFL_W02_MIN_CHI_draftkings_20260906T221238Z,2026_NFL_W02_MIN_CHI,2026-09-06T22:12:38.781007+00:00,2026-09-06T22:11:20Z,draftkings,-3.5,-105,-115,-198.0,164.0,45.5,-110,-110,,,,,,,True,,,odds_api,free
2026_NFL_W02_CIN_HOU_draftkings_20260906T221238Z,2026_NFL_W02_CIN_HOU,2026-09-06T22:12:38.781007+00:00,2026-09-06T22:11:20Z,draftkings,-2.5,-110,-110,-135.0,114.0,46.5,-110,-110,,,,,,,True,,,odds_api,free
2026_NFL_W02_CIN_HOU_betus_20260906T221238Z,2026_NFL_W02_CIN_HOU,2026-09-06T22:12:38.781007+00:00,2026-09-06T22:11:40Z,betus,-2.5,-110,-110,,,46.5,-110,-110,,,,,,,True,,,odds_api,free
2026_NFL_W02_CLE_TB_draftkings_20260906T221238Z,2026_NFL_W02_CLE_TB,2026-09-06T22:12:38.781007+00:00,2026-09-06T22:11:20Z,draftkings,-6.5,-110,-110,-285.0,230.0,42.5,-110,-110,,,,,,,True,,,odds_api,free
2026_NFL_W02_CLE_TB_betus_20260906T221238Z,2026_NFL_W02_CLE_TB,2026-09-06T22:12:38.781007+00:00,2026-09-06T22:11:40Z,betus,-6.5,-110,-110,,,42.5,-110,-110,,,,,,,True,,,odds_api,free
2026_NFL_W02_GB_NYJ_draftkings_20260906T221238Z,2026_NFL_W02_GB_NYJ,2026-09-06T22:12:38.781007+00:00,2026-09-06T22:11:20Z,draftkings,5.5,-110,-110,205.0,-250.0,42.5,-110,-110,,,,,,,True,,,odds_api,free
2026_NFL_W02_PIT_NE_draftkings_20260906T221238Z,2026_NFL_W02_PIT_NE,2026-09-06T22:12:38.781007+00:00,2026-09-06T22:11:20Z,draftkings,-4.5,-110,-110,-218.0,180.0,43.5,-110,-110,,,,,,,True,,,odds_api,free
2026_NFL_W02_PIT_NE_betus_20260906T221238Z,2026_NFL_W02_PIT_NE,2026-09-06T22:12:38.781007+00:00,2026-09-06T22:11:40Z,betus,-4.5,-110,-110,,,43.5,-110,-110,,,,,,,True,,,odds_api,free
2026_NFL_W02_PHI_TEN_draftkings_20260906T221238Z,2026_NFL_W02_PHI_TEN,2026-09-06T22:12:38.781007+00:00,2026-09-06T22:11:20Z,draftkings,4.5,-110,-110,180.0,-218.0,42.5,-110,-110,,,,,,,True,,,odds_api,free
2026_NFL_W02_PHI_TEN_betus_20260906T221238Z,2026_NFL_W02_PHI_TEN,2026-09-06T22:12:38.781007+00:00,2026-09-06T22:11:40Z,betus,4.5,-110,-110,,,42.5,-110,-110,,,,,,,True,,,odds_api,free
2026_NFL_W02_JAX_DEN_draftkings_20260906T221238Z,2026_NFL_W02_JAX_DEN,2026-09-06T22:12:38.781007+00:00,2026-09-06T22:11:20Z,draftkings,-3.0,-110,-110,-155.0,130.0,43.5,-110,-110,,,,,,,True,,,odds_api,free
2026_NFL_W02_JAX_DEN_betus_20260906T221238Z,2026_NFL_W02_JAX_DEN,2026-09-06T22:12:38.781007+00:00,2026-09-06T22:11:40Z,betus,-2.5,-115,-105,,,43.5,-110,-110,,,,,,,True,,,odds_api,free
2026_NFL_W02_LV_LAC_draftkings_20260906T221238Z,2026_NFL_W02_LV_LAC,2026-09-06T22:12:38.781007+00:00,2026-09-06T22:11:20Z,draftkings,-8.5,-110,-110,-360.0,285.0,42.5,-110,-110,,,,,,,True,,,odds_api,free
2026_NFL_W02_SEA_ARI_draftkings_20260906T221238Z,2026_NFL_W02_SEA_ARI,2026-09-06T22:12:38.781007+00:00,2026-09-06T22:11:20Z,draftkings,10.0,-110,-110,400.0,-535.0,44.5,-110,-110,,,,,,,True,,,odds_api,free
2026_NFL_W02_SEA_ARI_betus_20260906T221238Z,2026_NFL_W02_SEA_ARI,2026-09-06T22:12:38.781007+00:00,2026-09-06T22:11:40Z,betus,10.0,-110,-110,,,44.5,-110,-110,,,,,,,True,,,odds_api,free
2026_NFL_W02_WAS_DAL_draftkings_20260906T221238Z,2026_NFL_W02_WAS_DAL,2026-09-06T22:12:38.781007+00:00,2026-09-06T22:11:20Z,draftkings,-4.5,-105,-115,-205.0,170.0,51.5,-110,-110,,,,,,,True,,,odds_api,free
2026_NFL_W02_WAS_DAL_betus_20260906T221238Z,2026_NFL_W02_WAS_DAL,2026-09-06T22:12:38.781007+00:00,2026-09-06T22:11:40Z,betus,-4.5,-105,-115,,,51.5,-110,-110,,,,,,,True,,,odds_api,free
2026_NFL_W02_MIA_SF_draftkings_20260906T221238Z,2026_NFL_W02_MIA_SF,2026-09-06T22:12:38.781007+00:00,2026-09-06T22:11:20Z,draftkings,-10.5,-110,-110,-675.0,490.0,46.5,-110,-110,,,,,,,True,,,odds_api,free
2026_NFL_W02_MIA_SF_betus_20260906T221238Z,2026_NFL_W02_MIA_SF,2026-09-06T22:12:38.781007+00:00,2026-09-06T22:11:40Z,betus,-10.5,-110,-110,,,46.5,-110,-110,,,,,,,True,,,odds_api,free
2026_NFL_W02_IND_KC_draftkings_20260906T221238Z,2026_NFL_W02_IND_KC,2026-09-06T22:12:38.781007+00:00,2026-09-06T22:11:20Z,draftkings,-6.5,-110,-110,-340.0,270.0,47.5,-110,-110,,,,,,,True,,,odds_api,free
2026_NFL_W02_IND_KC_betus_20260906T221238Z,2026_NFL_W02_IND_KC,2026-09-06T22:12:38.781007+00:00,2026-09-06T22:11:40Z,betus,-5.5,-110,-110,,,47.5,-110,-110,,,,,,,True,,,odds_api,free
2026_NFL_W02_NYG_LAR_draftkings_20260906T221238Z,2026_NFL_W02_NYG_LAR,2026-09-06T22:12:38.781007+00:00,2026-09-06T22:11:20Z,draftkings,-8.5,-110,-110,-380.0,300.0,48.5,-110,-110,,,,,,,True,,,odds_api,free
2026_NFL_W02_NYG_LAR_betus_20260906T221238Z,2026_NFL_W02_NYG_LAR,2026-09-06T22:12:38.781007+00:00,2026-09-06T22:11:40Z,betus,-9.5,-110,-110,,,47.5,-110,-110,,,,,,,True,,,odds_api,free
2026_NFL_W02_DET_BUF_draftkings_20260907T001244Z,2026_NFL_W02_DET_BUF,2026-09-07T00:12:44.554065+00:00,2026-09-07T00:12:12Z,draftkings,-3.0,-110,-110,-162.0,136.0,52.5,-110,-110,,,,,,,True,,,odds_api,free
2026_NFL_W02_DET_BUF_betonlineag_20260907T001244Z,2026_NFL_W02_DET_BUF,2026-09-07T00:12:44.554065+00:00,2026-09-07T00:12:32Z,betonlineag,-3.0,-110,-110,,,51.5,-110,-110,,,,,,,True,,,odds_api,free
2026_NFL_W02_DET_BUF_lowvig_20260907T001244Z,2026_NFL_W02_DET_BUF,2026-09-07T00:12:44.554065+00:00,2026-09-07T00:11:49Z,lowvig,-3.0,-105,-105,,,51.5,-107,-107,,,,,,,True,,,odds_api,free
2026_NFL_W02_DET_BUF_betrivers_20260907T001244Z,2026_NFL_W02_DET_BUF,2026-09-07T00:12:44.554065+00:00,2026-09-07T00:11:47Z,betrivers,-3.0,-105,-117,-165.0,133.0,52.5,-110,-110,,,,,,,True,,,odds_api,free
2026_NFL_W02_CAR_ATL_draftkings_20260907T001244Z,2026_NFL_W02_CAR_ATL,2026-09-07T00:12:44.554065+00:00,2026-09-07T00:12:12Z,draftkings,-1.5,-110,-110,-125.0,105.0,44.5,-102,-118,,,,,,,True,,,odds_api,free
2026_NFL_W02_CAR_ATL_betus_20260907T001244Z,2026_NFL_W02_CAR_ATL,2026-09-07T00:12:44.554065+00:00,2026-09-07T00:11:48Z,betus,-1.5,-105,-115,,,43.5,-110,-110,,,,,,,True,,,odds_api,free
2026_NFL_W02_CAR_ATL_mybookieag_20260907T001244Z,2026_NFL_W02_CAR_ATL,2026-09-07T00:12:44.554065+00:00,2026-09-07T00:12:30Z,mybookieag,-2.0,-110,-110,-129.0,101.0,44.0,-110,-110,,,,,,,True,,,odds_api,free
2026_NFL_W02_NO_BAL_draftkings_20260907T001244Z,2026_NFL_W02_NO_BAL,2026-09-07T00:12:44.554065+00:00,2026-09-07T00:12:12Z,draftkings,-7.5,-110,-110,-345.0,275.0,46.5,-110,-110,,,,,,,True,,,odds_api,free
2026_NFL_W02_NO_BAL_betus_20260907T001244Z,2026_NFL_W02_NO_BAL,2026-09-07T00:12:44.554065+00:00,2026-09-07T00:11:48Z,betus,-7.5,-110,-110,,,46.5,-110,-110,,,,,,,True,,,odds_api,free
2026_NFL_W02_NO_BAL_mybookieag_20260907T001244Z,2026_NFL_W02_NO_BAL,2026-09-07T00:12:44.554065+00:00,2026-09-07T00:12:30Z,mybookieag,-8.0,-110,-110,-420.0,295.0,46.5,-110,-110,,,,,,,True,,,odds_api,free
2026_NFL_W02_MIN_CHI_draftkings_20260907T001244Z,2026_NFL_W02_MIN_CHI,2026-09-07T00:12:44.554065+00:00,2026-09-07T00:12:12Z,draftkings,-3.5,-105,-115,-198.0,164.0,45.5,-110,-110,,,,,,,True,,,odds_api,free
2026_NFL_W02_MIN_CHI_mybookieag_20260907T001244Z,2026_NFL_W02_MIN_CHI,2026-09-07T00:12:44.554065+00:00,2026-09-07T00:12:30Z,mybookieag,-3.5,-110,-110,-204.0,157.0,45.5,-110,-110,,,,,,,True,,,odds_api,free
2026_NFL_W02_CIN_HOU_draftkings_20260907T001244Z,2026_NFL_W02_CIN_HOU,2026-09-07T00:12:44.554065+00:00,2026-09-07T00:12:12Z,draftkings,-2.5,-110,-110,-135.0,114.0,46.5,-110,-110,,,,,,,True,,,odds_api,free
2026_NFL_W02_CIN_HOU_betus_20260907T001244Z,2026_NFL_W02_CIN_HOU,2026-09-07T00:12:44.554065+00:00,2026-09-07T00:11:48Z,betus,-2.5,-110,-110,,,46.5,-110,-110,,,,,,,True,,,odds_api,free
2026_NFL_W02_CIN_HOU_mybookieag_20260907T001244Z,2026_NFL_W02_CIN_HOU,2026-09-07T00:12:44.554065+00:00,2026-09-07T00:12:30Z,mybookieag,-2.5,-110,-110,-140.0,110.0,46.5,-110,-110,,,,,,,True,,,odds_api,free
2026_NFL_W02_CLE_TB_draftkings_20260907T001244Z,2026_NFL_W02_CLE_TB,2026-09-07T00:12:44.554065+00:00,2026-09-07T00:12:12Z,draftkings,-6.5,-110,-110,-285.0,230.0,42.5,-110,-110,,,,,,,True,,,odds_api,free
2026_NFL_W02_CLE_TB_betus_20260907T001244Z,2026_NFL_W02_CLE_TB,2026-09-07T00:12:44.554065+00:00,2026-09-07T00:11:48Z,betus,-6.5,-110,-110,,,42.5,-110,-110,,,,,,,True,,,odds_api,free
2026_NFL_W02_CLE_TB_mybookieag_20260907T001244Z,2026_NFL_W02_CLE_TB,2026-09-07T00:12:44.554065+00:00,2026-09-07T00:12:30Z,mybookieag,-6.5,-110,-110,-300.0,224.0,42.5,-110,-110,,,,,,,True,,,odds_api,free
2026_NFL_W02_GB_NYJ_draftkings_20260907T001244Z,2026_NFL_W02_GB_NYJ,2026-09-07T00:12:44.554065+00:00,2026-09-07T00:12:12Z,draftkings,5.5,-110,-110,205.0,-250.0,42.5,-110,-110,,,,,,,True,,,odds_api,free
2026_NFL_W02_GB_NYJ_mybookieag_20260907T001244Z,2026_NFL_W02_GB_NYJ,2026-09-07T00:12:44.554065+00:00,2026-09-07T00:12:30Z,mybookieag,5.5,-110,-110,189.0,-250.0,42.5,-110,-110,,,,,,,True,,,odds_api,free
2026_NFL_W02_PIT_NE_draftkings_20260907T001244Z,2026_NFL_W02_PIT_NE,2026-09-07T00:12:44.554065+00:00,2026-09-07T00:12:12Z,draftkings,-4.5,-110,-110,-218.0,180.0,43.5,-110,-110,,,,,,,True,,,odds_api,free
2026_NFL_W02_PIT_NE_betus_20260907T001244Z,2026_NFL_W02_PIT_NE,2026-09-07T00:12:44.554065+00:00,2026-09-07T00:11:48Z,betus,-4.5,-110,-110,,,43.5,-110,-110,,,,,,,True,,,odds_api,free
2026_NFL_W02_PIT_NE_mybookieag_20260907T001244Z,2026_NFL_W02_PIT_NE,2026-09-07T00:12:44.554065+00:00,2026-09-07T00:12:30Z,mybookieag,-4.5,-110,-110,-228.0,174.0,43.5,-110,-110,,,,,,,True,,,odds_api,free
2026_NFL_W02_PHI_TEN_draftkings_20260907T001244Z,2026_NFL_W02_PHI_TEN,2026-09-07T00:12:44.554065+00:00,2026-09-07T00:12:12Z,draftkings,4.5,-110,-110,180.0,-218.0,42.5,-110,-110,,,,,,,True,,,odds_api,free
2026_NFL_W02_PHI_TEN_betus_20260907T001244Z,2026_NFL_W02_PHI_TEN,2026-09-07T00:12:44.554065+00:00,2026-09-07T00:11:48Z,betus,4.5,-110,-110,,,42.5,-110,-110,,,,,,,True,,,odds_api,free
2026_NFL_W02_PHI_TEN_mybookieag_20260907T001244Z,2026_NFL_W02_PHI_TEN,2026-09-07T00:12:44.554065+00:00,2026-09-07T00:12:30Z,mybookieag,4.5,-110,-110,173.0,-226.0,42.5,-110,-110,,,,,,,True,,,odds_api,free
2026_NFL_W02_JAX_DEN_draftkings_20260907T001244Z,2026_NFL_W02_JAX_DEN,2026-09-07T00:12:44.554065+00:00,2026-09-07T00:12:12Z,draftkings,-3.0,-110,-110,-155.0,130.0,43.5,-110,-110,,,,,,,True,,,odds_api,free
2026_NFL_W02_JAX_DEN_betus_20260907T001244Z,2026_NFL_W02_JAX_DEN,2026-09-07T00:12:44.554065+00:00,2026-09-07T00:11:48Z,betus,-2.5,-115,-105,,,43.5,-110,-110,,,,,,,True,,,odds_api,free
2026_NFL_W02_JAX_DEN_mybookieag_20260907T001244Z,2026_NFL_W02_JAX_DEN,2026-09-07T00:12:44.554065+00:00,2026-09-07T00:12:30Z,mybookieag,-3.0,-110,-110,-161.0,126.0,43.5,-110,-110,,,,,,,True,,,odds_api,free
2026_NFL_W02_LV_LAC_draftkings_20260907T001244Z,2026_NFL_W02_LV_LAC,2026-09-07T00:12:44.554065+00:00,2026-09-07T00:12:12Z,draftkings,-8.5,-110,-110,-360.0,285.0,42.5,-110,-110,,,,,,,True,,,odds_api,free
2026_NFL_W02_LV_LAC_mybookieag_20260907T001244Z,2026_NFL_W02_LV_LAC,2026-09-07T00:12:44.554065+00:00,2026-09-07T00:12:30Z,mybookieag,-8.5,-110,-110,-469.0,320.0,42.5,-110,-110,,,,,,,True,,,odds_api,free
2026_NFL_W02_SEA_ARI_draftkings_20260907T001244Z,2026_NFL_W02_SEA_ARI,2026-09-07T00:12:44.554065+00:00,2026-09-07T00:12:12Z,draftkings,10.0,-110,-110,410.0,-550.0,44.5,-110,-110,,,,,,,True,,,odds_api,free
2026_NFL_W02_SEA_ARI_betus_20260907T001244Z,2026_NFL_W02_SEA_ARI,2026-09-07T00:12:44.554065+00:00,2026-09-07T00:11:48Z,betus,10.0,-110,-110,,,44.5,-110,-110,,,,,,,True,,,odds_api,free
2026_NFL_W02_SEA_ARI_mybookieag_20260907T001244Z,2026_NFL_W02_SEA_ARI,2026-09-07T00:12:44.554065+00:00,2026-09-07T00:12:30Z,mybookieag,10.0,-110,-110,380.0,-575.0,44.5,-110,-110,,,,,,,True,,,odds_api,free
2026_NFL_W02_WAS_DAL_draftkings_20260907T001244Z,2026_NFL_W02_WAS_DAL,2026-09-07T00:12:44.554065+00:00,2026-09-07T00:12:12Z,draftkings,-4.5,-105,-115,-205.0,170.0,51.5,-110,-110,,,,,,,True,,,odds_api,free
2026_NFL_W02_WAS_DAL_betus_20260907T001244Z,2026_NFL_W02_WAS_DAL,2026-09-07T00:12:44.554065+00:00,2026-09-07T00:11:48Z,betus,-4.5,-105,-115,,,51.5,-110,-110,,,,,,,True,,,odds_api,free
2026_NFL_W02_WAS_DAL_mybookieag_20260907T001244Z,2026_NFL_W02_WAS_DAL,2026-09-07T00:12:44.554065+00:00,2026-09-07T00:12:30Z,mybookieag,-4.5,-110,-110,-214.0,164.0,51.5,-110,-110,,,,,,,True,,,odds_api,free
2026_NFL_W02_MIA_SF_draftkings_20260907T001244Z,2026_NFL_W02_MIA_SF,2026-09-07T00:12:44.554065+00:00,2026-09-07T00:12:12Z,draftkings,-10.5,-110,-110,-675.0,490.0,46.5,-110,-110,,,,,,,True,,,odds_api,free
2026_NFL_W02_MIA_SF_betus_20260907T001244Z,2026_NFL_W02_MIA_SF,2026-09-07T00:12:44.554065+00:00,2026-09-07T00:11:48Z,betus,-10.5,-110,-110,,,46.5,-110,-110,,,,,,,True,,,odds_api,free
2026_NFL_W02_MIA_SF_mybookieag_20260907T001244Z,2026_NFL_W02_MIA_SF,2026-09-07T00:12:44.554065+00:00,2026-09-07T00:12:30Z,mybookieag,-11.0,-110,-110,-699.0,440.0,46.5,-110,-110,,,,,,,True,,,odds_api,free
2026_NFL_W02_IND_KC_draftkings_20260907T001244Z,2026_NFL_W02_IND_KC,2026-09-07T00:12:44.554065+00:00,2026-09-07T00:12:12Z,draftkings,-6.5,-110,-110,-340.0,270.0,47.5,-110,-110,,,,,,,True,,,odds_api,free
2026_NFL_W02_IND_KC_betus_20260907T001244Z,2026_NFL_W02_IND_KC,2026-09-07T00:12:44.554065+00:00,2026-09-07T00:11:48Z,betus,-5.5,-110,-110,,,47.5,-110,-110,,,,,,,True,,,odds_api,free
2026_NFL_W02_NYG_LAR_draftkings_20260907T001244Z,2026_NFL_W02_NYG_LAR,2026-09-07T00:12:44.554065+00:00,2026-09-07T00:12:12Z,draftkings,-8.5,-110,-110,-380.0,300.0,48.5,-110,-110,,,,,,,True,,,odds_api,free
2026_NFL_W02_NYG_LAR_betus_20260907T001244Z,2026_NFL_W02_NYG_LAR,2026-09-07T00:12:44.554065+00:00,2026-09-07T00:11:48Z,betus,-9.5,-110,-110,,,47.5,-110,-110,,,,,,,True,,,odds_api,free
2026_NFL_W02_DET_BUF_draftkings_20260907T141702Z,2026_NFL_W02_DET_BUF,2026-09-07T14:17:02.106552+00:00,2026-09-07T14:16:01Z,draftkings,-3.0,-110.0,-110.0,-155.0,130.0,52.5,-110,-110,,,,,,,True,,,odds_api,free
2026_NFL_W02_DET_BUF_betonlineag_20260907T141702Z,2026_NFL_W02_DET_BUF,2026-09-07T14:17:02.106552+00:00,2026-09-07T14:16:52Z,betonlineag,-3.0,-110.0,-110.0,,,51.5,-110,-110,,,,,,,True,,,odds_api,free
2026_NFL_W02_DET_BUF_lowvig_20260907T141702Z,2026_NFL_W02_DET_BUF,2026-09-07T14:17:02.106552+00:00,2026-09-07T14:16:24Z,lowvig,-3.0,-105.0,-105.0,,,51.5,-107,-107,,,,,,,True,,,odds_api,free
2026_NFL_W02_DET_BUF_betrivers_20260907T141702Z,2026_NFL_W02_DET_BUF,2026-09-07T14:17:02.106552+00:00,2026-09-07T14:16:25Z,betrivers,-3.0,-105.0,-117.0,-165.0,133.0,52.5,-110,-110,,,,,,,True,,,odds_api,free
2026_NFL_W02_CAR_ATL_draftkings_20260907T141702Z,2026_NFL_W02_CAR_ATL,2026-09-07T14:17:02.106552+00:00,2026-09-07T14:16:01Z,draftkings,-1.5,-110.0,-110.0,-125.0,105.0,44.5,-102,-118,,,,,,,True,,,odds_api,free
2026_NFL_W02_CAR_ATL_betus_20260907T141702Z,2026_NFL_W02_CAR_ATL,2026-09-07T14:17:02.106552+00:00,2026-09-07T14:16:25Z,betus,-1.5,-105.0,-115.0,,,43.5,-110,-110,,,,,,,True,,,odds_api,free
2026_NFL_W02_NO_BAL_draftkings_20260907T141702Z,2026_NFL_W02_NO_BAL,2026-09-07T14:17:02.106552+00:00,2026-09-07T14:16:01Z,draftkings,-7.5,-110.0,-110.0,-360.0,285.0,46.5,-110,-110,,,,,,,True,,,odds_api,free
2026_NFL_W02_NO_BAL_betus_20260907T141702Z,2026_NFL_W02_NO_BAL,2026-09-07T14:17:02.106552+00:00,2026-09-07T14:16:25Z,betus,-7.5,-110.0,-110.0,,,46.5,-110,-110,,,,,,,True,,,odds_api,free
2026_NFL_W02_MIN_CHI_draftkings_20260907T141702Z,2026_NFL_W02_MIN_CHI,2026-09-07T14:17:02.106552+00:00,2026-09-07T14:16:01Z,draftkings,-3.5,-105.0,-115.0,-192.0,160.0,45.5,-110,-110,,,,,,,True,,,odds_api,free
2026_NFL_W02_CIN_HOU_draftkings_20260907T141702Z,2026_NFL_W02_CIN_HOU,2026-09-07T14:17:02.106552+00:00,2026-09-07T14:16:01Z,draftkings,-2.5,-110.0,-110.0,-135.0,114.0,46.5,-110,-110,,,,,,,True,,,odds_api,free
2026_NFL_W02_CIN_HOU_betus_20260907T141702Z,2026_NFL_W02_CIN_HOU,2026-09-07T14:17:02.106552+00:00,2026-09-07T14:16:25Z,betus,-2.5,-110.0,-110.0,,,46.5,-110,-110,,,,,,,True,,,odds_api,free
2026_NFL_W02_CLE_TB_draftkings_20260907T141702Z,2026_NFL_W02_CLE_TB,2026-09-07T14:17:02.106552+00:00,2026-09-07T14:16:01Z,draftkings,-6.5,-110.0,-110.0,-278.0,225.0,42.5,-110,-110,,,,,,,True,,,odds_api,free
2026_NFL_W02_CLE_TB_betus_20260907T141702Z,2026_NFL_W02_CLE_TB,2026-09-07T14:17:02.106552+00:00,2026-09-07T14:16:25Z,betus,-6.5,-110.0,-110.0,,,42.5,-110,-110,,,,,,,True,,,odds_api,free
2026_NFL_W02_GB_NYJ_draftkings_20260907T141702Z,2026_NFL_W02_GB_NYJ,2026-09-07T14:17:02.106552+00:00,2026-09-07T14:16:01Z,draftkings,5.5,-110.0,-110.0,200.0,-245.0,42.5,-110,-110,,,,,,,True,,,odds_api,free
2026_NFL_W02_PIT_NE_draftkings_20260907T141702Z,2026_NFL_W02_PIT_NE,2026-09-07T14:17:02.106552+00:00,2026-09-07T14:16:01Z,draftkings,-4.5,-110.0,-110.0,-218.0,180.0,43.5,-110,-110,,,,,,,True,,,odds_api,free
2026_NFL_W02_PIT_NE_betus_20260907T141702Z,2026_NFL_W02_PIT_NE,2026-09-07T14:17:02.106552+00:00,2026-09-07T14:16:25Z,betus,-4.5,-110.0,-110.0,,,43.5,-110,-110,,,,,,,True,,,odds_api,free
2026_NFL_W02_PHI_TEN_draftkings_20260907T141702Z,2026_NFL_W02_PHI_TEN,2026-09-07T14:17:02.106552+00:00,2026-09-07T14:16:01Z,draftkings,4.5,-110.0,-110.0,180.0,-218.0,42.5,-110,-110,,,,,,,True,,,odds_api,free
2026_NFL_W02_PHI_TEN_betus_20260907T141702Z,2026_NFL_W02_PHI_TEN,2026-09-07T14:17:02.106552+00:00,2026-09-07T14:16:25Z,betus,4.5,-110.0,-110.0,,,42.5,-110,-110,,,,,,,True,,,odds_api,free
2026_NFL_W02_JAX_DEN_draftkings_20260907T141702Z,2026_NFL_W02_JAX_DEN,2026-09-07T14:17:02.106552+00:00,2026-09-07T14:16:01Z,draftkings,-3.0,-110.0,-110.0,-155.0,130.0,43.5,-110,-110,,,,,,,True,,,odds_api,free
2026_NFL_W02_JAX_DEN_betus_20260907T141702Z,2026_NFL_W02_JAX_DEN,2026-09-07T14:17:02.106552+00:00,2026-09-07T14:16:25Z,betus,-2.5,-115.0,-105.0,,,43.5,-110,-110,,,,,,,True,,,odds_api,free
2026_NFL_W02_LV_LAC_draftkings_20260907T141702Z,2026_NFL_W02_LV_LAC,2026-09-07T14:17:02.106552+00:00,2026-09-07T14:16:01Z,draftkings,-8.5,-110.0,-110.0,-360.0,285.0,42.5,-110,-110,,,,,,,True,,,odds_api,free
2026_NFL_W02_SEA_ARI_draftkings_20260907T141702Z,2026_NFL_W02_SEA_ARI,2026-09-07T14:17:02.106552+00:00,2026-09-07T14:16:01Z,draftkings,10.0,-110.0,-110.0,400.0,-535.0,44.5,-110,-110,,,,,,,True,,,odds_api,free
2026_NFL_W02_SEA_ARI_betus_20260907T141702Z,2026_NFL_W02_SEA_ARI,2026-09-07T14:17:02.106552+00:00,2026-09-07T14:16:25Z,betus,10.0,-110.0,-110.0,,,44.5,-110,-110,,,,,,,True,,,odds_api,free
2026_NFL_W02_WAS_DAL_draftkings_20260907T141702Z,2026_NFL_W02_WAS_DAL,2026-09-07T14:17:02.106552+00:00,2026-09-07T14:16:01Z,draftkings,-4.5,-105.0,-115.0,-205.0,170.0,51.5,-110,-110,,,,,,,True,,,odds_api,free
2026_NFL_W02_WAS_DAL_betus_20260907T141702Z,2026_NFL_W02_WAS_DAL,2026-09-07T14:17:02.106552+00:00,2026-09-07T14:16:25Z,betus,-4.5,-105.0,-115.0,,,51.5,-110,-110,,,,,,,True,,,odds_api,free
2026_NFL_W02_MIA_SF_draftkings_20260907T141702Z,2026_NFL_W02_MIA_SF,2026-09-07T14:17:02.106552+00:00,2026-09-07T14:16:01Z,draftkings,-10.5,-110.0,-110.0,-675.0,490.0,46.5,-110,-110,,,,,,,True,,,odds_api,free
2026_NFL_W02_MIA_SF_betus_20260907T141702Z,2026_NFL_W02_MIA_SF,2026-09-07T14:17:02.106552+00:00,2026-09-07T14:16:25Z,betus,-10.5,-110.0,-110.0,,,46.5,-110,-110,,,,,,,True,,,odds_api,free
2026_NFL_W02_IND_KC_draftkings_20260907T141702Z,2026_NFL_W02_IND_KC,2026-09-07T14:17:02.106552+00:00,2026-09-07T14:16:01Z,draftkings,-6.5,-110.0,-110.0,-325.0,260.0,47.5,-110,-110,,,,,,,True,,,odds_api,free
2026_NFL_W02_IND_KC_betus_20260907T141702Z,2026_NFL_W02_IND_KC,2026-09-07T14:17:02.106552+00:00,2026-09-07T14:16:25Z,betus,-5.5,-110.0,-110.0,,,47.5,-110,-110,,,,,,,True,,,odds_api,free
2026_NFL_W02_NYG_LAR_draftkings_20260907T141702Z,2026_NFL_W02_NYG_LAR,2026-09-07T14:17:02.106552+00:00,2026-09-07T14:16:01Z,draftkings,-8.5,-110.0,-110.0,-395.0,310.0,48.5,-110,-110,,,,,,,True,,,odds_api,free
2026_NFL_W02_NYG_LAR_betus_20260907T141702Z,2026_NFL_W02_NYG_LAR,2026-09-07T14:17:02.106552+00:00,2026-09-07T14:16:25Z,betus,-9.5,-110.0,-110.0,,,47.5,-110,-110,,,,,,,True,,,odds_api,free
2026_NFL_W02_DET_BUF_draftkings_20260907T191255Z,2026_NFL_W02_DET_BUF,2026-09-07T19:12:55.328519+00:00,2026-09-07T19:12:44Z,draftkings,-3.0,-110,-110,-155.0,130.0,52.5,-110,-110,,,,,,,True,,,odds_api,free
2026_NFL_W02_DET_BUF_betonlineag_20260907T191255Z,2026_NFL_W02_DET_BUF,2026-09-07T19:12:55.328519+00:00,2026-09-07T19:12:19Z,betonlineag,-3.0,-110,-110,,,52.0,-110,-110,,,,,,,True,,,odds_api,free
2026_NFL_W02_DET_BUF_lowvig_20260907T191255Z,2026_NFL_W02_DET_BUF,2026-09-07T19:12:55.328519+00:00,2026-09-07T19:12:19Z,lowvig,-3.0,-105,-105,,,52.0,-107,-107,,,,,,,True,,,odds_api,free
2026_NFL_W02_DET_BUF_betrivers_20260907T191255Z,2026_NFL_W02_DET_BUF,2026-09-07T19:12:55.328519+00:00,2026-09-07T19:12:20Z,betrivers,-3.0,-105,-117,-165.0,133.0,52.5,-110,-110,,,,,,,True,,,odds_api,free
2026_NFL_W02_DET_BUF_betus_20260907T191255Z,2026_NFL_W02_DET_BUF,2026-09-07T19:12:55.328519+00:00,2026-09-07T19:12:45Z,betus,-3.0,-110,-110,,,52.0,-110,-110,,,,,,,True,,,odds_api,free
2026_NFL_W02_CAR_ATL_draftkings_20260907T191255Z,2026_NFL_W02_CAR_ATL,2026-09-07T19:12:55.328519+00:00,2026-09-07T19:12:44Z,draftkings,-1.5,-110,-110,-125.0,105.0,44.5,-102,-118,,,,,,,True,,,odds_api,free
2026_NFL_W02_CAR_ATL_betus_20260907T191255Z,2026_NFL_W02_CAR_ATL,2026-09-07T19:12:55.328519+00:00,2026-09-07T19:12:45Z,betus,-1.5,-110,-110,,,44.0,-110,-110,,,,,,,True,,,odds_api,free
2026_NFL_W02_CAR_ATL_lowvig_20260907T191255Z,2026_NFL_W02_CAR_ATL,2026-09-07T19:12:55.328519+00:00,2026-09-07T19:12:19Z,lowvig,-1.5,-105,-105,,,44.0,-107,-107,,,,,,,True,,,odds_api,free
2026_NFL_W02_CAR_ATL_betonlineag_20260907T191255Z,2026_NFL_W02_CAR_ATL,2026-09-07T19:12:55.328519+00:00,2026-09-07T19:12:19Z,betonlineag,-1.5,-110,-110,,,44.0,-110,-110,,,,,,,True,,,odds_api,free
2026_NFL_W02_NO_BAL_draftkings_20260907T191255Z,2026_NFL_W02_NO_BAL,2026-09-07T19:12:55.328519+00:00,2026-09-07T19:12:44Z,draftkings,-7.5,-110,-110,-360.0,285.0,46.5,-110,-110,,,,,,,True,,,odds_api,free
2026_NFL_W02_NO_BAL_betus_20260907T191255Z,2026_NFL_W02_NO_BAL,2026-09-07T19:12:55.328519+00:00,2026-09-07T19:12:45Z,betus,-7.5,-110,-110,,,46.5,-110,-110,,,,,,,True,,,odds_api,free
2026_NFL_W02_NO_BAL_lowvig_20260907T191255Z,2026_NFL_W02_NO_BAL,2026-09-07T19:12:55.328519+00:00,2026-09-07T19:12:19Z,lowvig,-7.5,-105,-105,,,46.5,-107,-107,,,,,,,True,,,odds_api,free
2026_NFL_W02_NO_BAL_betonlineag_20260907T191255Z,2026_NFL_W02_NO_BAL,2026-09-07T19:12:55.328519+00:00,2026-09-07T19:12:19Z,betonlineag,-7.5,-110,-110,,,46.5,-110,-110,,,,,,,True,,,odds_api,free
2026_NFL_W02_MIN_CHI_draftkings_20260907T191255Z,2026_NFL_W02_MIN_CHI,2026-09-07T19:12:55.328519+00:00,2026-09-07T19:12:44Z,draftkings,-3.5,-105,-115,-192.0,160.0,45.5,-110,-110,,,,,,,True,,,odds_api,free
2026_NFL_W02_MIN_CHI_lowvig_20260907T191255Z,2026_NFL_W02_MIN_CHI,2026-09-07T19:12:55.328519+00:00,2026-09-07T19:12:19Z,lowvig,-3.5,100,-110,,,45.5,-107,-107,,,,,,,True,,,odds_api,free
2026_NFL_W02_MIN_CHI_betonlineag_20260907T191255Z,2026_NFL_W02_MIN_CHI,2026-09-07T19:12:55.328519+00:00,2026-09-07T19:12:19Z,betonlineag,-3.5,-105,-115,,,45.5,-110,-110,,,,,,,True,,,odds_api,free
2026_NFL_W02_MIN_CHI_betus_20260907T191255Z,2026_NFL_W02_MIN_CHI,2026-09-07T19:12:55.328519+00:00,2026-09-07T19:12:45Z,betus,-3.5,-105,-115,,,45.5,-110,-110,,,,,,,True,,,odds_api,free
2026_NFL_W02_CIN_HOU_draftkings_20260907T191255Z,2026_NFL_W02_CIN_HOU,2026-09-07T19:12:55.328519+00:00,2026-09-07T19:12:44Z,draftkings,-2.5,-110,-110,-135.0,114.0,46.5,-110,-110,,,,,,,True,,,odds_api,free
2026_NFL_W02_CIN_HOU_betus_20260907T191255Z,2026_NFL_W02_CIN_HOU,2026-09-07T19:12:55.328519+00:00,2026-09-07T19:12:45Z,betus,-2.5,-110,-110,,,46.5,-110,-110,,,,,,,True,,,odds_api,free
2026_NFL_W02_CIN_HOU_lowvig_20260907T191255Z,2026_NFL_W02_CIN_HOU,2026-09-07T19:12:55.328519+00:00,2026-09-07T19:12:19Z,lowvig,-2.5,-105,-105,,,46.5,-107,-107,,,,,,,True,,,odds_api,free
2026_NFL_W02_CIN_HOU_betonlineag_20260907T191255Z,2026_NFL_W02_CIN_HOU,2026-09-07T19:12:55.328519+00:00,2026-09-07T19:12:19Z,betonlineag,-2.5,-110,-110,,,46.5,-110,-110,,,,,,,True,,,odds_api,free
2026_NFL_W02_CLE_TB_draftkings_20260907T191255Z,2026_NFL_W02_CLE_TB,2026-09-07T19:12:55.328519+00:00,2026-09-07T19:12:44Z,draftkings,-6.5,-110,-110,-285.0,230.0,42.5,-110,-110,,,,,,,True,,,odds_api,free
2026_NFL_W02_CLE_TB_betus_20260907T191255Z,2026_NFL_W02_CLE_TB,2026-09-07T19:12:55.328519+00:00,2026-09-07T19:12:45Z,betus,-6.5,-110,-110,,,42.5,-110,-110,,,,,,,True,,,odds_api,free
2026_NFL_W02_CLE_TB_lowvig_20260907T191255Z,2026_NFL_W02_CLE_TB,2026-09-07T19:12:55.328519+00:00,2026-09-07T19:12:19Z,lowvig,-6.5,-105,-105,,,42.5,-107,-107,,,,,,,True,,,odds_api,free
2026_NFL_W02_CLE_TB_betonlineag_20260907T191255Z,2026_NFL_W02_CLE_TB,2026-09-07T19:12:55.328519+00:00,2026-09-07T19:12:19Z,betonlineag,-6.5,-110,-110,,,42.5,-110,-110,,,,,,,True,,,odds_api,free
2026_NFL_W02_GB_NYJ_draftkings_20260907T191255Z,2026_NFL_W02_GB_NYJ,2026-09-07T19:12:55.328519+00:00,2026-09-07T19:12:44Z,draftkings,5.5,-110,-110,200.0,-245.0,42.5,-110,-110,,,,,,,True,,,odds_api,free
2026_NFL_W02_GB_NYJ_lowvig_20260907T191255Z,2026_NFL_W02_GB_NYJ,2026-09-07T19:12:55.328519+00:00,2026-09-07T19:12:19Z,lowvig,5.5,-105,-105,,,42.5,-107,-107,,,,,,,True,,,odds_api,free
2026_NFL_W02_GB_NYJ_betonlineag_20260907T191255Z,2026_NFL_W02_GB_NYJ,2026-09-07T19:12:55.328519+00:00,2026-09-07T19:12:19Z,betonlineag,5.5,-110,-110,,,42.5,-110,-110,,,,,,,True,,,odds_api,free
2026_NFL_W02_GB_NYJ_betus_20260907T191255Z,2026_NFL_W02_GB_NYJ,2026-09-07T19:12:55.328519+00:00,2026-09-07T19:12:45Z,betus,5.5,-110,-110,,,42.5,-110,-110,,,,,,,True,,,odds_api,free
2026_NFL_W02_PIT_NE_draftkings_20260907T191255Z,2026_NFL_W02_PIT_NE,2026-09-07T19:12:55.328519+00:00,2026-09-07T19:12:44Z,draftkings,-4.5,-110,-110,-218.0,180.0,43.5,-110,-110,,,,,,,True,,,odds_api,free
2026_NFL_W02_PIT_NE_betus_20260907T191255Z,2026_NFL_W02_PIT_NE,2026-09-07T19:12:55.328519+00:00,2026-09-07T19:12:45Z,betus,-4.5,-110,-110,,,43.0,-110,-110,,,,,,,True,,,odds_api,free
2026_NFL_W02_PIT_NE_lowvig_20260907T191255Z,2026_NFL_W02_PIT_NE,2026-09-07T19:12:55.328519+00:00,2026-09-07T19:12:19Z,lowvig,-4.5,-105,-105,,,43.0,-107,-107,,,,,,,True,,,odds_api,free
2026_NFL_W02_PIT_NE_betonlineag_20260907T191255Z,2026_NFL_W02_PIT_NE,2026-09-07T19:12:55.328519+00:00,2026-09-07T19:12:19Z,betonlineag,-4.5,-110,-110,,,43.0,-110,-110,,,,,,,True,,,odds_api,free
2026_NFL_W02_PHI_TEN_draftkings_20260907T191255Z,2026_NFL_W02_PHI_TEN,2026-09-07T19:12:55.328519+00:00,2026-09-07T19:12:44Z,draftkings,4.5,-110,-110,180.0,-218.0,42.5,-110,-110,,,,,,,True,,,odds_api,free
2026_NFL_W02_PHI_TEN_betus_20260907T191255Z,2026_NFL_W02_PHI_TEN,2026-09-07T19:12:55.328519+00:00,2026-09-07T19:12:45Z,betus,4.5,-110,-110,,,42.5,-110,-110,,,,,,,True,,,odds_api,free
2026_NFL_W02_PHI_TEN_lowvig_20260907T191255Z,2026_NFL_W02_PHI_TEN,2026-09-07T19:12:55.328519+00:00,2026-09-07T19:12:19Z,lowvig,4.5,-105,-105,,,42.5,-107,-107,,,,,,,True,,,odds_api,free
2026_NFL_W02_PHI_TEN_betonlineag_20260907T191255Z,2026_NFL_W02_PHI_TEN,2026-09-07T19:12:55.328519+00:00,2026-09-07T19:12:19Z,betonlineag,4.5,-110,-110,,,42.5,-110,-110,,,,,,,True,,,odds_api,free
2026_NFL_W02_JAX_DEN_draftkings_20260907T191255Z,2026_NFL_W02_JAX_DEN,2026-09-07T19:12:55.328519+00:00,2026-09-07T19:12:44Z,draftkings,-3.0,-110,-110,-155.0,130.0,43.5,-110,-110,,,,,,,True,,,odds_api,free
2026_NFL_W02_JAX_DEN_betus_20260907T191255Z,2026_NFL_W02_JAX_DEN,2026-09-07T19:12:55.328519+00:00,2026-09-07T19:12:45Z,betus,-3.0,-105,-115,,,44.5,-110,-110,,,,,,,True,,,odds_api,free
2026_NFL_W02_JAX_DEN_lowvig_20260907T191255Z,2026_NFL_W02_JAX_DEN,2026-09-07T19:12:55.328519+00:00,2026-09-07T19:12:19Z,lowvig,-3.0,100,-110,,,44.5,-107,-107,,,,,,,True,,,odds_api,free
2026_NFL_W02_JAX_DEN_betonlineag_20260907T191255Z,2026_NFL_W02_JAX_DEN,2026-09-07T19:12:55.328519+00:00,2026-09-07T19:12:19Z,betonlineag,-3.0,-105,-115,,,44.5,-110,-110,,,,,,,True,,,odds_api,free
2026_NFL_W02_LV_LAC_draftkings_20260907T191255Z,2026_NFL_W02_LV_LAC,2026-09-07T19:12:55.328519+00:00,2026-09-07T19:12:44Z,draftkings,-8.5,-110,-110,-360.0,285.0,42.5,-110,-110,,,,,,,True,,,odds_api,free
2026_NFL_W02_LV_LAC_betus_20260907T191255Z,2026_NFL_W02_LV_LAC,2026-09-07T19:12:55.328519+00:00,2026-09-07T19:12:45Z,betus,-8.5,-110,-110,,,42.5,-110,-110,,,,,,,True,,,odds_api,free
2026_NFL_W02_LV_LAC_lowvig_20260907T191255Z,2026_NFL_W02_LV_LAC,2026-09-07T19:12:55.328519+00:00,2026-09-07T19:12:19Z,lowvig,-8.5,-105,-105,,,42.5,-107,-107,,,,,,,True,,,odds_api,free
2026_NFL_W02_LV_LAC_betonlineag_20260907T191255Z,2026_NFL_W02_LV_LAC,2026-09-07T19:12:55.328519+00:00,2026-09-07T19:12:19Z,betonlineag,-8.5,-110,-110,,,42.5,-110,-110,,,,,,,True,,,odds_api,free
2026_NFL_W02_SEA_ARI_draftkings_20260907T191255Z,2026_NFL_W02_SEA_ARI,2026-09-07T19:12:55.328519+00:00,2026-09-07T19:12:44Z,draftkings,10.0,-110,-110,400.0,-535.0,44.5,-110,-110,,,,,,,True,,,odds_api,free
2026_NFL_W02_SEA_ARI_betus_20260907T191255Z,2026_NFL_W02_SEA_ARI,2026-09-07T19:12:55.328519+00:00,2026-09-07T19:12:45Z,betus,10.0,-115,-105,,,44.5,-110,-110,,,,,,,True,,,odds_api,free
2026_NFL_W02_SEA_ARI_lowvig_20260907T191255Z,2026_NFL_W02_SEA_ARI,2026-09-07T19:12:55.328519+00:00,2026-09-07T19:12:19Z,lowvig,10.0,-110,100,,,44.5,-107,-107,,,,,,,True,,,odds_api,free
2026_NFL_W02_SEA_ARI_betonlineag_20260907T191255Z,2026_NFL_W02_SEA_ARI,2026-09-07T19:12:55.328519+00:00,2026-09-07T19:12:19Z,betonlineag,10.0,-115,-105,,,44.5,-110,-110,,,,,,,True,,,odds_api,free
2026_NFL_W02_WAS_DAL_draftkings_20260907T191255Z,2026_NFL_W02_WAS_DAL,2026-09-07T19:12:55.328519+00:00,2026-09-07T19:12:44Z,draftkings,-4.5,-105,-115,-205.0,170.0,51.5,-110,-110,,,,,,,True,,,odds_api,free
2026_NFL_W02_WAS_DAL_betus_20260907T191255Z,2026_NFL_W02_WAS_DAL,2026-09-07T19:12:55.328519+00:00,2026-09-07T19:12:45Z,betus,-4.5,-105,-115,,,51.5,-110,-110,,,,,,,True,,,odds_api,free
2026_NFL_W02_WAS_DAL_lowvig_20260907T191255Z,2026_NFL_W02_WAS_DAL,2026-09-07T19:12:55.328519+00:00,2026-09-07T19:12:19Z,lowvig,-4.5,100,-110,,,51.5,-107,-107,,,,,,,True,,,odds_api,free
2026_NFL_W02_WAS_DAL_betonlineag_20260907T191255Z,2026_NFL_W02_WAS_DAL,2026-09-07T19:12:55.328519+00:00,2026-09-07T19:12:19Z,betonlineag,-4.5,-105,-115,,,51.5,-110,-110,,,,,,,True,,,odds_api,free
2026_NFL_W02_MIA_SF_draftkings_20260907T191255Z,2026_NFL_W02_MIA_SF,2026-09-07T19:12:55.328519+00:00,2026-09-07T19:12:44Z,draftkings,-10.5,-110,-110,-675.0,490.0,46.5,-110,-110,,,,,,,True,,,odds_api,free
2026_NFL_W02_MIA_SF_betus_20260907T191255Z,2026_NFL_W02_MIA_SF,2026-09-07T19:12:55.328519+00:00,2026-09-07T19:12:45Z,betus,-10.5,-110,-110,,,46.5,-110,-110,,,,,,,True,,,odds_api,free
2026_NFL_W02_MIA_SF_lowvig_20260907T191255Z,2026_NFL_W02_MIA_SF,2026-09-07T19:12:55.328519+00:00,2026-09-07T19:12:19Z,lowvig,-10.5,-105,-105,,,46.5,-107,-107,,,,,,,True,,,odds_api,free
2026_NFL_W02_MIA_SF_betonlineag_20260907T191255Z,2026_NFL_W02_MIA_SF,2026-09-07T19:12:55.328519+00:00,2026-09-07T19:12:19Z,betonlineag,-10.5,-110,-110,,,46.5,-110,-110,,,,,,,True,,,odds_api,free
2026_NFL_W02_IND_KC_draftkings_20260907T191255Z,2026_NFL_W02_IND_KC,2026-09-07T19:12:55.328519+00:00,2026-09-07T19:12:44Z,draftkings,-6.5,-110,-110,-325.0,260.0,47.5,-110,-110,,,,,,,True,,,odds_api,free
2026_NFL_W02_IND_KC_betus_20260907T191255Z,2026_NFL_W02_IND_KC,2026-09-07T19:12:55.328519+00:00,2026-09-07T19:12:45Z,betus,-6.5,-110,-110,,,47.5,-110,-110,,,,,,,True,,,odds_api,free
2026_NFL_W02_IND_KC_betonlineag_20260907T191255Z,2026_NFL_W02_IND_KC,2026-09-07T19:12:55.328519+00:00,2026-09-07T19:12:19Z,betonlineag,-6.5,-110,-110,,,47.5,-110,-110,,,,,,,True,,,odds_api,free
2026_NFL_W02_IND_KC_lowvig_20260907T191255Z,2026_NFL_W02_IND_KC,2026-09-07T19:12:55.328519+00:00,2026-09-07T19:12:19Z,lowvig,-6.5,-105,-105,,,47.5,-107,-107,,,,,,,True,,,odds_api,free
2026_NFL_W02_NYG_LAR_draftkings_20260907T191255Z,2026_NFL_W02_NYG_LAR,2026-09-07T19:12:55.328519+00:00,2026-09-07T19:12:44Z,draftkings,-8.5,-110,-110,-395.0,310.0,48.5,-110,-110,,,,,,,True,,,odds_api,free
2026_NFL_W02_NYG_LAR_betus_20260907T191255Z,2026_NFL_W02_NYG_LAR,2026-09-07T19:12:55.328519+00:00,2026-09-07T19:12:45Z,betus,-8.5,-110,-110,,,48.5,-110,-110,,,,,,,True,,,odds_api,free
2026_NFL_W02_NYG_LAR_betonlineag_20260907T191255Z,2026_NFL_W02_NYG_LAR,2026-09-07T19:12:55.328519+00:00,2026-09-07T19:12:19Z,betonlineag,-8.5,-110,-110,,,48.5,-110,-110,,,,,,,True,,,odds_api,free
2026_NFL_W02_NYG_LAR_lowvig_20260907T191255Z,2026_NFL_W02_NYG_LAR,2026-09-07T19:12:55.328519+00:00,2026-09-07T19:12:19Z,lowvig,-8.5,-105,-105,,,48.5,-107,-107,,,,,,,True,,,odds_api,free
2026_NFL_W02_DET_BUF_draftkings_20260907T201252Z,2026_NFL_W02_DET_BUF,2026-09-07T20:12:52.967739+00:00,2026-09-07T20:12:33Z,draftkings,-3.0,-110,-110,-155.0,130.0,52.5,-110,-110,,,,,,,True,,,odds_api,free
2026_NFL_W02_DET_BUF_betonlineag_20260907T201252Z,2026_NFL_W02_DET_BUF,2026-09-07T20:12:52.967739+00:00,2026-09-07T20:12:31Z,betonlineag,-3.0,-110,-110,,,52.0,-110,-110,,,,,,,True,,,odds_api,free
2026_NFL_W02_DET_BUF_lowvig_20260907T201252Z,2026_NFL_W02_DET_BUF,2026-09-07T20:12:52.967739+00:00,2026-09-07T20:11:57Z,lowvig,-3.0,-105,-105,,,52.0,-107,-107,,,,,,,True,,,odds_api,free
2026_NFL_W02_DET_BUF_betrivers_20260907T201252Z,2026_NFL_W02_DET_BUF,2026-09-07T20:12:52.967739+00:00,2026-09-07T20:12:30Z,betrivers,-3.0,-105,-117,-165.0,133.0,52.5,-110,-110,,,,,,,True,,,odds_api,free
2026_NFL_W02_DET_BUF_betus_20260907T201252Z,2026_NFL_W02_DET_BUF,2026-09-07T20:12:52.967739+00:00,2026-09-07T20:12:35Z,betus,-3.0,-110,-110,,,52.0,-110,-110,,,,,,,True,,,odds_api,free
2026_NFL_W02_CAR_ATL_draftkings_20260907T201252Z,2026_NFL_W02_CAR_ATL,2026-09-07T20:12:52.967739+00:00,2026-09-07T20:12:33Z,draftkings,-1.5,-110,-110,-125.0,105.0,44.5,-102,-118,,,,,,,True,,,odds_api,free
2026_NFL_W02_CAR_ATL_betus_20260907T201252Z,2026_NFL_W02_CAR_ATL,2026-09-07T20:12:52.967739+00:00,2026-09-07T20:12:35Z,betus,-1.5,-110,-110,,,44.0,-110,-110,,,,,,,True,,,odds_api,free
2026_NFL_W02_CAR_ATL_lowvig_20260907T201252Z,2026_NFL_W02_CAR_ATL,2026-09-07T20:12:52.967739+00:00,2026-09-07T20:11:57Z,lowvig,-1.5,-105,-105,,,44.0,-107,-107,,,,,,,True,,,odds_api,free
2026_NFL_W02_CAR_ATL_betonlineag_20260907T201252Z,2026_NFL_W02_CAR_ATL,2026-09-07T20:12:52.967739+00:00,2026-09-07T20:12:31Z,betonlineag,-1.5,-110,-110,,,44.0,-110,-110,,,,,,,True,,,odds_api,free
2026_NFL_W02_NO_BAL_draftkings_20260907T201252Z,2026_NFL_W02_NO_BAL,2026-09-07T20:12:52.967739+00:00,2026-09-07T20:12:33Z,draftkings,-7.5,-110,-110,-360.0,285.0,46.5,-110,-110,,,,,,,True,,,odds_api,free
2026_NFL_W02_NO_BAL_betus_20260907T201252Z,2026_NFL_W02_NO_BAL,2026-09-07T20:12:52.967739+00:00,2026-09-07T20:12:35Z,betus,-7.5,-110,-110,,,46.5,-110,-110,,,,,,,True,,,odds_api,free
2026_NFL_W02_NO_BAL_lowvig_20260907T201252Z,2026_NFL_W02_NO_BAL,2026-09-07T20:12:52.967739+00:00,2026-09-07T20:11:57Z,lowvig,-7.5,-105,-105,,,46.5,-107,-107,,,,,,,True,,,odds_api,free
2026_NFL_W02_NO_BAL_betonlineag_20260907T201252Z,2026_NFL_W02_NO_BAL,2026-09-07T20:12:52.967739+00:00,2026-09-07T20:12:31Z,betonlineag,-7.5,-110,-110,,,46.5,-110,-110,,,,,,,True,,,odds_api,free
2026_NFL_W02_MIN_CHI_draftkings_20260907T201252Z,2026_NFL_W02_MIN_CHI,2026-09-07T20:12:52.967739+00:00,2026-09-07T20:12:33Z,draftkings,-3.5,-105,-115,-192.0,160.0,45.5,-110,-110,,,,,,,True,,,odds_api,free
2026_NFL_W02_MIN_CHI_lowvig_20260907T201252Z,2026_NFL_W02_MIN_CHI,2026-09-07T20:12:52.967739+00:00,2026-09-07T20:11:57Z,lowvig,-3.5,100,-110,,,45.5,-107,-107,,,,,,,True,,,odds_api,free
2026_NFL_W02_MIN_CHI_betonlineag_20260907T201252Z,2026_NFL_W02_MIN_CHI,2026-09-07T20:12:52.967739+00:00,2026-09-07T20:12:31Z,betonlineag,-3.5,-105,-115,,,45.5,-110,-110,,,,,,,True,,,odds_api,free
2026_NFL_W02_MIN_CHI_betus_20260907T201252Z,2026_NFL_W02_MIN_CHI,2026-09-07T20:12:52.967739+00:00,2026-09-07T20:12:35Z,betus,-3.5,-105,-115,,,45.5,-110,-110,,,,,,,True,,,odds_api,free
2026_NFL_W02_CIN_HOU_draftkings_20260907T201252Z,2026_NFL_W02_CIN_HOU,2026-09-07T20:12:52.967739+00:00,2026-09-07T20:12:33Z,draftkings,-2.5,-110,-110,-135.0,114.0,46.5,-110,-110,,,,,,,True,,,odds_api,free
2026_NFL_W02_CIN_HOU_betus_20260907T201252Z,2026_NFL_W02_CIN_HOU,2026-09-07T20:12:52.967739+00:00,2026-09-07T20:12:35Z,betus,-2.5,-110,-110,,,46.5,-110,-110,,,,,,,True,,,odds_api,free
2026_NFL_W02_CIN_HOU_lowvig_20260907T201252Z,2026_NFL_W02_CIN_HOU,2026-09-07T20:12:52.967739+00:00,2026-09-07T20:11:57Z,lowvig,-2.5,-105,-105,,,46.5,-107,-107,,,,,,,True,,,odds_api,free
2026_NFL_W02_CIN_HOU_betonlineag_20260907T201252Z,2026_NFL_W02_CIN_HOU,2026-09-07T20:12:52.967739+00:00,2026-09-07T20:12:31Z,betonlineag,-2.5,-110,-110,,,46.5,-110,-110,,,,,,,True,,,odds_api,free
2026_NFL_W02_CLE_TB_draftkings_20260907T201252Z,2026_NFL_W02_CLE_TB,2026-09-07T20:12:52.967739+00:00,2026-09-07T20:12:33Z,draftkings,-6.5,-110,-110,-285.0,230.0,42.5,-110,-110,,,,,,,True,,,odds_api,free
2026_NFL_W02_CLE_TB_betus_20260907T201252Z,2026_NFL_W02_CLE_TB,2026-09-07T20:12:52.967739+00:00,2026-09-07T20:12:35Z,betus,-6.5,-110,-110,,,42.5,-110,-110,,,,,,,True,,,odds_api,free
2026_NFL_W02_CLE_TB_lowvig_20260907T201252Z,2026_NFL_W02_CLE_TB,2026-09-07T20:12:52.967739+00:00,2026-09-07T20:11:57Z,lowvig,-6.5,-105,-105,,,42.5,-107,-107,,,,,,,True,,,odds_api,free
2026_NFL_W02_CLE_TB_betonlineag_20260907T201252Z,2026_NFL_W02_CLE_TB,2026-09-07T20:12:52.967739+00:00,2026-09-07T20:12:31Z,betonlineag,-6.5,-110,-110,,,42.5,-110,-110,,,,,,,True,,,odds_api,free
2026_NFL_W02_GB_NYJ_draftkings_20260907T201252Z,2026_NFL_W02_GB_NYJ,2026-09-07T20:12:52.967739+00:00,2026-09-07T20:12:33Z,draftkings,5.5,-110,-110,200.0,-245.0,42.5,-110,-110,,,,,,,True,,,odds_api,free
2026_NFL_W02_GB_NYJ_lowvig_20260907T201252Z,2026_NFL_W02_GB_NYJ,2026-09-07T20:12:52.967739+00:00,2026-09-07T20:11:57Z,lowvig,5.5,-105,-105,,,42.5,-107,-107,,,,,,,True,,,odds_api,free
2026_NFL_W02_GB_NYJ_betonlineag_20260907T201252Z,2026_NFL_W02_GB_NYJ,2026-09-07T20:12:52.967739+00:00,2026-09-07T20:12:31Z,betonlineag,5.5,-110,-110,,,42.5,-110,-110,,,,,,,True,,,odds_api,free
2026_NFL_W02_GB_NYJ_betus_20260907T201252Z,2026_NFL_W02_GB_NYJ,2026-09-07T20:12:52.967739+00:00,2026-09-07T20:12:35Z,betus,5.5,-110,-110,,,42.5,-110,-110,,,,,,,True,,,odds_api,free
2026_NFL_W02_PIT_NE_draftkings_20260907T201252Z,2026_NFL_W02_PIT_NE,2026-09-07T20:12:52.967739+00:00,2026-09-07T20:12:33Z,draftkings,-4.5,-110,-110,-218.0,180.0,43.5,-110,-110,,,,,,,True,,,odds_api,free
2026_NFL_W02_PIT_NE_betus_20260907T201252Z,2026_NFL_W02_PIT_NE,2026-09-07T20:12:52.967739+00:00,2026-09-07T20:12:35Z,betus,-4.5,-110,-110,,,43.0,-110,-110,,,,,,,True,,,odds_api,free
2026_NFL_W02_PIT_NE_lowvig_20260907T201252Z,2026_NFL_W02_PIT_NE,2026-09-07T20:12:52.967739+00:00,2026-09-07T20:11:57Z,lowvig,-4.5,-105,-105,,,43.0,-107,-107,,,,,,,True,,,odds_api,free
2026_NFL_W02_PIT_NE_betonlineag_20260907T201252Z,2026_NFL_W02_PIT_NE,2026-09-07T20:12:52.967739+00:00,2026-09-07T20:12:31Z,betonlineag,-4.5,-110,-110,,,43.0,-110,-110,,,,,,,True,,,odds_api,free
2026_NFL_W02_PHI_TEN_draftkings_20260907T201252Z,2026_NFL_W02_PHI_TEN,2026-09-07T20:12:52.967739+00:00,2026-09-07T20:12:33Z,draftkings,4.5,-110,-110,180.0,-218.0,42.5,-110,-110,,,,,,,True,,,odds_api,free
2026_NFL_W02_PHI_TEN_betus_20260907T201252Z,2026_NFL_W02_PHI_TEN,2026-09-07T20:12:52.967739+00:00,2026-09-07T20:12:35Z,betus,4.5,-110,-110,,,42.5,-110,-110,,,,,,,True,,,odds_api,free
2026_NFL_W02_PHI_TEN_lowvig_20260907T201252Z,2026_NFL_W02_PHI_TEN,2026-09-07T20:12:52.967739+00:00,2026-09-07T20:11:57Z,lowvig,4.5,-105,-105,,,42.5,-107,-107,,,,,,,True,,,odds_api,free
2026_NFL_W02_PHI_TEN_betonlineag_20260907T201252Z,2026_NFL_W02_PHI_TEN,2026-09-07T20:12:52.967739+00:00,2026-09-07T20:12:31Z,betonlineag,4.5,-110,-110,,,42.5,-110,-110,,,,,,,True,,,odds_api,free
2026_NFL_W02_JAX_DEN_draftkings_20260907T201252Z,2026_NFL_W02_JAX_DEN,2026-09-07T20:12:52.967739+00:00,2026-09-07T20:12:33Z,draftkings,-3.0,-110,-110,-155.0,130.0,43.5,-110,-110,,,,,,,True,,,odds_api,free
2026_NFL_W02_JAX_DEN_betus_20260907T201252Z,2026_NFL_W02_JAX_DEN,2026-09-07T20:12:52.967739+00:00,2026-09-07T20:12:35Z,betus,-3.0,-105,-115,,,44.5,-110,-110,,,,,,,True,,,odds_api,free
2026_NFL_W02_JAX_DEN_lowvig_20260907T201252Z,2026_NFL_W02_JAX_DEN,2026-09-07T20:12:52.967739+00:00,2026-09-07T20:11:57Z,lowvig,-3.0,100,-110,,,44.5,-107,-107,,,,,,,True,,,odds_api,free
2026_NFL_W02_JAX_DEN_betonlineag_20260907T201252Z,2026_NFL_W02_JAX_DEN,2026-09-07T20:12:52.967739+00:00,2026-09-07T20:12:31Z,betonlineag,-3.0,-105,-115,,,44.5,-110,-110,,,,,,,True,,,odds_api,free
2026_NFL_W02_LV_LAC_draftkings_20260907T201252Z,2026_NFL_W02_LV_LAC,2026-09-07T20:12:52.967739+00:00,2026-09-07T20:12:33Z,draftkings,-8.5,-110,-110,-360.0,285.0,42.5,-110,-110,,,,,,,True,,,odds_api,free
2026_NFL_W02_LV_LAC_betus_20260907T201252Z,2026_NFL_W02_LV_LAC,2026-09-07T20:12:52.967739+00:00,2026-09-07T20:12:35Z,betus,-8.5,-110,-110,,,42.5,-110,-110,,,,,,,True,,,odds_api,free
2026_NFL_W02_LV_LAC_lowvig_20260907T201252Z,2026_NFL_W02_LV_LAC,2026-09-07T20:12:52.967739+00:00,2026-09-07T20:11:57Z,lowvig,-8.5,-105,-105,,,42.5,-107,-107,,,,,,,True,,,odds_api,free
2026_NFL_W02_LV_LAC_betonlineag_20260907T201252Z,2026_NFL_W02_LV_LAC,2026-09-07T20:12:52.967739+00:00,2026-09-07T20:12:31Z,betonlineag,-8.5,-110,-110,,,42.5,-110,-110,,,,,,,True,,,odds_api,free
2026_NFL_W02_SEA_ARI_draftkings_20260907T201252Z,2026_NFL_W02_SEA_ARI,2026-09-07T20:12:52.967739+00:00,2026-09-07T20:12:33Z,draftkings,10.0,-110,-110,400.0,-535.0,44.5,-110,-110,,,,,,,True,,,odds_api,free
2026_NFL_W02_SEA_ARI_betus_20260907T201252Z,2026_NFL_W02_SEA_ARI,2026-09-07T20:12:52.967739+00:00,2026-09-07T20:12:35Z,betus,10.0,-115,-105,,,44.5,-110,-110,,,,,,,True,,,odds_api,free
2026_NFL_W02_SEA_ARI_lowvig_20260907T201252Z,2026_NFL_W02_SEA_ARI,2026-09-07T20:12:52.967739+00:00,2026-09-07T20:11:57Z,lowvig,10.0,-110,100,,,44.5,-107,-107,,,,,,,True,,,odds_api,free
2026_NFL_W02_SEA_ARI_betonlineag_20260907T201252Z,2026_NFL_W02_SEA_ARI,2026-09-07T20:12:52.967739+00:00,2026-09-07T20:12:31Z,betonlineag,10.0,-115,-105,,,44.5,-110,-110,,,,,,,True,,,odds_api,free
2026_NFL_W02_WAS_DAL_draftkings_20260907T201252Z,2026_NFL_W02_WAS_DAL,2026-09-07T20:12:52.967739+00:00,2026-09-07T20:12:33Z,draftkings,-4.5,-105,-115,-205.0,170.0,51.5,-110,-110,,,,,,,True,,,odds_api,free
2026_NFL_W02_WAS_DAL_betus_20260907T201252Z,2026_NFL_W02_WAS_DAL,2026-09-07T20:12:52.967739+00:00,2026-09-07T20:12:35Z,betus,-4.5,-105,-115,,,51.5,-110,-110,,,,,,,True,,,odds_api,free
2026_NFL_W02_WAS_DAL_lowvig_20260907T201252Z,2026_NFL_W02_WAS_DAL,2026-09-07T20:12:52.967739+00:00,2026-09-07T20:11:57Z,lowvig,-4.5,100,-110,,,51.5,-107,-107,,,,,,,True,,,odds_api,free
2026_NFL_W02_WAS_DAL_betonlineag_20260907T201252Z,2026_NFL_W02_WAS_DAL,2026-09-07T20:12:52.967739+00:00,2026-09-07T20:12:31Z,betonlineag,-4.5,-105,-115,,,51.5,-110,-110,,,,,,,True,,,odds_api,free
2026_NFL_W02_MIA_SF_draftkings_20260907T201252Z,2026_NFL_W02_MIA_SF,2026-09-07T20:12:52.967739+00:00,2026-09-07T20:12:33Z,draftkings,-10.5,-110,-110,-675.0,490.0,46.5,-110,-110,,,,,,,True,,,odds_api,free
2026_NFL_W02_MIA_SF_betus_20260907T201252Z,2026_NFL_W02_MIA_SF,2026-09-07T20:12:52.967739+00:00,2026-09-07T20:12:35Z,betus,-10.5,-110,-110,,,46.5,-110,-110,,,,,,,True,,,odds_api,free
2026_NFL_W02_MIA_SF_lowvig_20260907T201252Z,2026_NFL_W02_MIA_SF,2026-09-07T20:12:52.967739+00:00,2026-09-07T20:11:57Z,lowvig,-10.5,-105,-105,,,46.5,-107,-107,,,,,,,True,,,odds_api,free
2026_NFL_W02_MIA_SF_betonlineag_20260907T201252Z,2026_NFL_W02_MIA_SF,2026-09-07T20:12:52.967739+00:00,2026-09-07T20:12:31Z,betonlineag,-10.5,-110,-110,,,46.5,-110,-110,,,,,,,True,,,odds_api,free
2026_NFL_W02_IND_KC_draftkings_20260907T201252Z,2026_NFL_W02_IND_KC,2026-09-07T20:12:52.967739+00:00,2026-09-07T20:12:33Z,draftkings,-6.5,-110,-110,-325.0,260.0,47.5,-110,-110,,,,,,,True,,,odds_api,free
2026_NFL_W02_IND_KC_betus_20260907T201252Z,2026_NFL_W02_IND_KC,2026-09-07T20:12:52.967739+00:00,2026-09-07T20:12:35Z,betus,-6.5,-110,-110,,,47.5,-110,-110,,,,,,,True,,,odds_api,free
2026_NFL_W02_IND_KC_betonlineag_20260907T201252Z,2026_NFL_W02_IND_KC,2026-09-07T20:12:52.967739+00:00,2026-09-07T20:12:31Z,betonlineag,-6.5,-110,-110,,,47.5,-110,-110,,,,,,,True,,,odds_api,free
2026_NFL_W02_IND_KC_lowvig_20260907T201252Z,2026_NFL_W02_IND_KC,2026-09-07T20:12:52.967739+00:00,2026-09-07T20:11:57Z,lowvig,-6.5,-105,-105,,,47.5,-107,-107,,,,,,,True,,,odds_api,free
2026_NFL_W02_NYG_LAR_draftkings_20260907T201252Z,2026_NFL_W02_NYG_LAR,2026-09-07T20:12:52.967739+00:00,2026-09-07T20:12:33Z,draftkings,-8.5,-110,-110,-395.0,310.0,48.5,-110,-110,,,,,,,True,,,odds_api,free
2026_NFL_W02_NYG_LAR_betus_20260907T201252Z,2026_NFL_W02_NYG_LAR,2026-09-07T20:12:52.967739+00:00,2026-09-07T20:12:35Z,betus,-8.5,-110,-110,,,48.5,-110,-110,,,,,,,True,,,odds_api,free
2026_NFL_W02_NYG_LAR_betonlineag_20260907T201252Z,2026_NFL_W02_NYG_LAR,2026-09-07T20:12:52.967739+00:00,2026-09-07T20:12:31Z,betonlineag,-8.5,-110,-110,,,48.5,-110,-110,,,,,,,True,,,odds_api,free
2026_NFL_W02_NYG_LAR_lowvig_20260907T201252Z,2026_NFL_W02_NYG_LAR,2026-09-07T20:12:52.967739+00:00,2026-09-07T20:11:57Z,lowvig,-8.5,-105,-105,,,48.5,-107,-107,,,,,,,True,,,odds_api,free
2026_NFL_W02_DET_BUF_draftkings_20260907T212903Z,2026_NFL_W02_DET_BUF,2026-09-07T21:29:03.685436+00:00,2026-09-07T21:28:33Z,draftkings,-3.0,-110,-110,-155.0,130.0,52.5,-110,-110,,,,,,,True,,,odds_api,free
2026_NFL_W02_DET_BUF_betonlineag_20260907T212903Z,2026_NFL_W02_DET_BUF,2026-09-07T21:29:03.685436+00:00,2026-09-07T21:29:01Z,betonlineag,-3.0,-110,-110,,,52.0,-110,-110,,,,,,,True,,,odds_api,free
2026_NFL_W02_DET_BUF_lowvig_20260907T212903Z,2026_NFL_W02_DET_BUF,2026-09-07T21:29:03.685436+00:00,2026-09-07T21:28:33Z,lowvig,-3.0,-105,-105,,,52.0,-107,-107,,,,,,,True,,,odds_api,free
2026_NFL_W02_DET_BUF_betrivers_20260907T212903Z,2026_NFL_W02_DET_BUF,2026-09-07T21:29:03.685436+00:00,2026-09-07T21:29:02Z,betrivers,-3.0,-105,-117,-165.0,133.0,52.5,-110,-110,,,,,,,True,,,odds_api,free
2026_NFL_W02_DET_BUF_betus_20260907T212903Z,2026_NFL_W02_DET_BUF,2026-09-07T21:29:03.685436+00:00,2026-09-07T21:28:33Z,betus,-3.0,-110,-110,,,52.0,-110,-110,,,,,,,True,,,odds_api,free
2026_NFL_W02_CAR_ATL_draftkings_20260907T212903Z,2026_NFL_W02_CAR_ATL,2026-09-07T21:29:03.685436+00:00,2026-09-07T21:28:33Z,draftkings,-1.5,-110,-110,-125.0,105.0,44.5,-102,-118,,,,,,,True,,,odds_api,free
2026_NFL_W02_CAR_ATL_betus_20260907T212903Z,2026_NFL_W02_CAR_ATL,2026-09-07T21:29:03.685436+00:00,2026-09-07T21:28:33Z,betus,-1.5,-110,-110,,,44.0,-110,-110,,,,,,,True,,,odds_api,free
2026_NFL_W02_CAR_ATL_lowvig_20260907T212903Z,2026_NFL_W02_CAR_ATL,2026-09-07T21:29:03.685436+00:00,2026-09-07T21:28:33Z,lowvig,-1.5,-105,-105,,,44.0,-107,-107,,,,,,,True,,,odds_api,free
2026_NFL_W02_CAR_ATL_betonlineag_20260907T212903Z,2026_NFL_W02_CAR_ATL,2026-09-07T21:29:03.685436+00:00,2026-09-07T21:29:01Z,betonlineag,-1.5,-110,-110,,,44.0,-110,-110,,,,,,,True,,,odds_api,free
2026_NFL_W02_NO_BAL_draftkings_20260907T212903Z,2026_NFL_W02_NO_BAL,2026-09-07T21:29:03.685436+00:00,2026-09-07T21:28:33Z,draftkings,-7.5,-110,-110,-360.0,285.0,46.5,-110,-110,,,,,,,True,,,odds_api,free
2026_NFL_W02_NO_BAL_betus_20260907T212903Z,2026_NFL_W02_NO_BAL,2026-09-07T21:29:03.685436+00:00,2026-09-07T21:28:33Z,betus,-7.5,-110,-110,,,46.5,-110,-110,,,,,,,True,,,odds_api,free
2026_NFL_W02_NO_BAL_lowvig_20260907T212903Z,2026_NFL_W02_NO_BAL,2026-09-07T21:29:03.685436+00:00,2026-09-07T21:28:33Z,lowvig,-7.5,-105,-105,,,46.5,-107,-107,,,,,,,True,,,odds_api,free
2026_NFL_W02_NO_BAL_betonlineag_20260907T212903Z,2026_NFL_W02_NO_BAL,2026-09-07T21:29:03.685436+00:00,2026-09-07T21:29:01Z,betonlineag,-7.5,-110,-110,,,46.5,-110,-110,,,,,,,True,,,odds_api,free
2026_NFL_W02_MIN_CHI_draftkings_20260907T212903Z,2026_NFL_W02_MIN_CHI,2026-09-07T21:29:03.685436+00:00,2026-09-07T21:28:33Z,draftkings,-3.5,-105,-115,-192.0,160.0,45.5,-110,-110,,,,,,,True,,,odds_api,free
2026_NFL_W02_MIN_CHI_lowvig_20260907T212903Z,2026_NFL_W02_MIN_CHI,2026-09-07T21:29:03.685436+00:00,2026-09-07T21:28:33Z,lowvig,-3.5,100,-110,,,45.5,-107,-107,,,,,,,True,,,odds_api,free
2026_NFL_W02_MIN_CHI_betonlineag_20260907T212903Z,2026_NFL_W02_MIN_CHI,2026-09-07T21:29:03.685436+00:00,2026-09-07T21:29:01Z,betonlineag,-3.5,-105,-115,,,45.5,-110,-110,,,,,,,True,,,odds_api,free
2026_NFL_W02_MIN_CHI_betus_20260907T212903Z,2026_NFL_W02_MIN_CHI,2026-09-07T21:29:03.685436+00:00,2026-09-07T21:28:33Z,betus,-3.5,-105,-115,,,45.5,-110,-110,,,,,,,True,,,odds_api,free
2026_NFL_W02_CIN_HOU_draftkings_20260907T212903Z,2026_NFL_W02_CIN_HOU,2026-09-07T21:29:03.685436+00:00,2026-09-07T21:28:33Z,draftkings,-2.5,-110,-110,-135.0,114.0,46.5,-110,-110,,,,,,,True,,,odds_api,free
2026_NFL_W02_CIN_HOU_betus_20260907T212903Z,2026_NFL_W02_CIN_HOU,2026-09-07T21:29:03.685436+00:00,2026-09-07T21:28:33Z,betus,-2.5,-110,-110,,,46.5,-110,-110,,,,,,,True,,,odds_api,free
2026_NFL_W02_CIN_HOU_lowvig_20260907T212903Z,2026_NFL_W02_CIN_HOU,2026-09-07T21:29:03.685436+00:00,2026-09-07T21:28:33Z,lowvig,-2.5,-105,-105,,,46.5,-107,-107,,,,,,,True,,,odds_api,free
2026_NFL_W02_CIN_HOU_betonlineag_20260907T212903Z,2026_NFL_W02_CIN_HOU,2026-09-07T21:29:03.685436+00:00,2026-09-07T21:29:01Z,betonlineag,-2.5,-110,-110,,,46.5,-110,-110,,,,,,,True,,,odds_api,free
2026_NFL_W02_CLE_TB_draftkings_20260907T212903Z,2026_NFL_W02_CLE_TB,2026-09-07T21:29:03.685436+00:00,2026-09-07T21:28:33Z,draftkings,-6.5,-110,-110,-285.0,230.0,42.5,-110,-110,,,,,,,True,,,odds_api,free
2026_NFL_W02_CLE_TB_betus_20260907T212903Z,2026_NFL_W02_CLE_TB,2026-09-07T21:29:03.685436+00:00,2026-09-07T21:28:33Z,betus,-6.5,-110,-110,,,42.5,-110,-110,,,,,,,True,,,odds_api,free
2026_NFL_W02_CLE_TB_lowvig_20260907T212903Z,2026_NFL_W02_CLE_TB,2026-09-07T21:29:03.685436+00:00,2026-09-07T21:28:33Z,lowvig,-6.5,-105,-105,,,42.5,-107,-107,,,,,,,True,,,odds_api,free
2026_NFL_W02_CLE_TB_betonlineag_20260907T212903Z,2026_NFL_W02_CLE_TB,2026-09-07T21:29:03.685436+00:00,2026-09-07T21:29:01Z,betonlineag,-6.5,-110,-110,,,42.5,-110,-110,,,,,,,True,,,odds_api,free
2026_NFL_W02_GB_NYJ_draftkings_20260907T212903Z,2026_NFL_W02_GB_NYJ,2026-09-07T21:29:03.685436+00:00,2026-09-07T21:28:33Z,draftkings,5.5,-110,-110,200.0,-245.0,42.5,-110,-110,,,,,,,True,,,odds_api,free
2026_NFL_W02_GB_NYJ_lowvig_20260907T212903Z,2026_NFL_W02_GB_NYJ,2026-09-07T21:29:03.685436+00:00,2026-09-07T21:28:33Z,lowvig,5.5,-105,-105,,,42.5,-107,-107,,,,,,,True,,,odds_api,free
2026_NFL_W02_GB_NYJ_betonlineag_20260907T212903Z,2026_NFL_W02_GB_NYJ,2026-09-07T21:29:03.685436+00:00,2026-09-07T21:29:01Z,betonlineag,5.5,-110,-110,,,42.5,-110,-110,,,,,,,True,,,odds_api,free
2026_NFL_W02_GB_NYJ_betus_20260907T212903Z,2026_NFL_W02_GB_NYJ,2026-09-07T21:29:03.685436+00:00,2026-09-07T21:28:33Z,betus,5.5,-110,-110,,,42.5,-110,-110,,,,,,,True,,,odds_api,free
2026_NFL_W02_PIT_NE_draftkings_20260907T212903Z,2026_NFL_W02_PIT_NE,2026-09-07T21:29:03.685436+00:00,2026-09-07T21:28:33Z,draftkings,-4.5,-110,-110,-218.0,180.0,43.5,-110,-110,,,,,,,True,,,odds_api,free
2026_NFL_W02_PIT_NE_betus_20260907T212903Z,2026_NFL_W02_PIT_NE,2026-09-07T21:29:03.685436+00:00,2026-09-07T21:28:33Z,betus,-4.5,-110,-110,,,43.0,-110,-110,,,,,,,True,,,odds_api,free
2026_NFL_W02_PIT_NE_lowvig_20260907T212903Z,2026_NFL_W02_PIT_NE,2026-09-07T21:29:03.685436+00:00,2026-09-07T21:28:33Z,lowvig,-4.5,-105,-105,,,43.0,-107,-107,,,,,,,True,,,odds_api,free
2026_NFL_W02_PIT_NE_betonlineag_20260907T212903Z,2026_NFL_W02_PIT_NE,2026-09-07T21:29:03.685436+00:00,2026-09-07T21:29:01Z,betonlineag,-4.5,-110,-110,,,43.0,-110,-110,,,,,,,True,,,odds_api,free
2026_NFL_W02_PHI_TEN_draftkings_20260907T212903Z,2026_NFL_W02_PHI_TEN,2026-09-07T21:29:03.685436+00:00,2026-09-07T21:28:33Z,draftkings,4.5,-110,-110,180.0,-218.0,42.5,-110,-110,,,,,,,True,,,odds_api,free
2026_NFL_W02_PHI_TEN_betus_20260907T212903Z,2026_NFL_W02_PHI_TEN,2026-09-07T21:29:03.685436+00:00,2026-09-07T21:28:33Z,betus,4.5,-110,-110,,,42.5,-110,-110,,,,,,,True,,,odds_api,free
2026_NFL_W02_PHI_TEN_lowvig_20260907T212903Z,2026_NFL_W02_PHI_TEN,2026-09-07T21:29:03.685436+00:00,2026-09-07T21:28:33Z,lowvig,4.5,-105,-105,,,42.5,-107,-107,,,,,,,True,,,odds_api,free
2026_NFL_W02_PHI_TEN_betonlineag_20260907T212903Z,2026_NFL_W02_PHI_TEN,2026-09-07T21:29:03.685436+00:00,2026-09-07T21:29:01Z,betonlineag,4.5,-110,-110,,,42.5,-110,-110,,,,,,,True,,,odds_api,free
2026_NFL_W02_JAX_DEN_draftkings_20260907T212903Z,2026_NFL_W02_JAX_DEN,2026-09-07T21:29:03.685436+00:00,2026-09-07T21:28:33Z,draftkings,-3.0,-110,-110,-155.0,130.0,43.5,-110,-110,,,,,,,True,,,odds_api,free
2026_NFL_W02_JAX_DEN_betus_20260907T212903Z,2026_NFL_W02_JAX_DEN,2026-09-07T21:29:03.685436+00:00,2026-09-07T21:28:33Z,betus,-3.0,-105,-115,,,44.5,-110,-110,,,,,,,True,,,odds_api,free
2026_NFL_W02_JAX_DEN_lowvig_20260907T212903Z,2026_NFL_W02_JAX_DEN,2026-09-07T21:29:03.685436+00:00,2026-09-07T21:28:33Z,lowvig,-3.0,100,-110,,,44.5,-107,-107,,,,,,,True,,,odds_api,free
2026_NFL_W02_JAX_DEN_betonlineag_20260907T212903Z,2026_NFL_W02_JAX_DEN,2026-09-07T21:29:03.685436+00:00,2026-09-07T21:29:01Z,betonlineag,-3.0,-105,-115,,,44.5,-110,-110,,,,,,,True,,,odds_api,free
2026_NFL_W02_LV_LAC_draftkings_20260907T212903Z,2026_NFL_W02_LV_LAC,2026-09-07T21:29:03.685436+00:00,2026-09-07T21:28:33Z,draftkings,-8.5,-110,-110,-360.0,285.0,42.5,-110,-110,,,,,,,True,,,odds_api,free
2026_NFL_W02_LV_LAC_betus_20260907T212903Z,2026_NFL_W02_LV_LAC,2026-09-07T21:29:03.685436+00:00,2026-09-07T21:28:33Z,betus,-8.5,-110,-110,,,42.5,-110,-110,,,,,,,True,,,odds_api,free
2026_NFL_W02_LV_LAC_lowvig_20260907T212903Z,2026_NFL_W02_LV_LAC,2026-09-07T21:29:03.685436+00:00,2026-09-07T21:28:33Z,lowvig,-8.5,-105,-105,,,42.5,-107,-107,,,,,,,True,,,odds_api,free
2026_NFL_W02_LV_LAC_betonlineag_20260907T212903Z,2026_NFL_W02_LV_LAC,2026-09-07T21:29:03.685436+00:00,2026-09-07T21:29:01Z,betonlineag,-8.5,-110,-110,,,42.5,-110,-110,,,,,,,True,,,odds_api,free
2026_NFL_W02_SEA_ARI_draftkings_20260907T212903Z,2026_NFL_W02_SEA_ARI,2026-09-07T21:29:03.685436+00:00,2026-09-07T21:28:33Z,draftkings,10.0,-110,-110,400.0,-535.0,44.5,-110,-110,,,,,,,True,,,odds_api,free
2026_NFL_W02_SEA_ARI_betus_20260907T212903Z,2026_NFL_W02_SEA_ARI,2026-09-07T21:29:03.685436+00:00,2026-09-07T21:28:33Z,betus,10.0,-115,-105,,,44.5,-110,-110,,,,,,,True,,,odds_api,free
2026_NFL_W02_SEA_ARI_lowvig_20260907T212903Z,2026_NFL_W02_SEA_ARI,2026-09-07T21:29:03.685436+00:00,2026-09-07T21:28:33Z,lowvig,10.0,-110,100,,,44.5,-107,-107,,,,,,,True,,,odds_api,free
2026_NFL_W02_SEA_ARI_betonlineag_20260907T212903Z,2026_NFL_W02_SEA_ARI,2026-09-07T21:29:03.685436+00:00,2026-09-07T21:29:01Z,betonlineag,10.0,-115,-105,,,44.5,-110,-110,,,,,,,True,,,odds_api,free
2026_NFL_W02_WAS_DAL_draftkings_20260907T212903Z,2026_NFL_W02_WAS_DAL,2026-09-07T21:29:03.685436+00:00,2026-09-07T21:28:33Z,draftkings,-4.5,-105,-115,-205.0,170.0,51.5,-110,-110,,,,,,,True,,,odds_api,free
2026_NFL_W02_WAS_DAL_betus_20260907T212903Z,2026_NFL_W02_WAS_DAL,2026-09-07T21:29:03.685436+00:00,2026-09-07T21:28:33Z,betus,-4.5,-105,-115,,,51.5,-110,-110,,,,,,,True,,,odds_api,free
2026_NFL_W02_WAS_DAL_lowvig_20260907T212903Z,2026_NFL_W02_WAS_DAL,2026-09-07T21:29:03.685436+00:00,2026-09-07T21:28:33Z,lowvig,-4.5,100,-110,,,51.5,-107,-107,,,,,,,True,,,odds_api,free
2026_NFL_W02_WAS_DAL_betonlineag_20260907T212903Z,2026_NFL_W02_WAS_DAL,2026-09-07T21:29:03.685436+00:00,2026-09-07T21:29:01Z,betonlineag,-4.5,-105,-115,,,51.5,-110,-110,,,,,,,True,,,odds_api,free
2026_NFL_W02_MIA_SF_draftkings_20260907T212903Z,2026_NFL_W02_MIA_SF,2026-09-07T21:29:03.685436+00:00,2026-09-07T21:28:33Z,draftkings,-10.5,-110,-110,-675.0,490.0,46.5,-110,-110,,,,,,,True,,,odds_api,free
2026_NFL_W02_MIA_SF_betus_20260907T212903Z,2026_NFL_W02_MIA_SF,2026-09-07T21:29:03.685436+00:00,2026-09-07T21:28:33Z,betus,-10.5,-110,-110,,,46.5,-110,-110,,,,,,,True,,,odds_api,free
2026_NFL_W02_MIA_SF_lowvig_20260907T212903Z,2026_NFL_W02_MIA_SF,2026-09-07T21:29:03.685436+00:00,2026-09-07T21:28:33Z,lowvig,-10.5,-105,-105,,,46.5,-107,-107,,,,,,,True,,,odds_api,free
2026_NFL_W02_MIA_SF_betonlineag_20260907T212903Z,2026_NFL_W02_MIA_SF,2026-09-07T21:29:03.685436+00:00,2026-09-07T21:29:01Z,betonlineag,-10.5,-110,-110,,,46.5,-110,-110,,,,,,,True,,,odds_api,free
2026_NFL_W02_IND_KC_draftkings_20260907T212903Z,2026_NFL_W02_IND_KC,2026-09-07T21:29:03.685436+00:00,2026-09-07T21:28:33Z,draftkings,-6.5,-110,-110,-325.0,260.0,47.5,-110,-110,,,,,,,True,,,odds_api,free
2026_NFL_W02_IND_KC_betus_20260907T212903Z,2026_NFL_W02_IND_KC,2026-09-07T21:29:03.685436+00:00,2026-09-07T21:28:33Z,betus,-6.5,-110,-110,,,47.5,-110,-110,,,,,,,True,,,odds_api,free
2026_NFL_W02_IND_KC_betonlineag_20260907T212903Z,2026_NFL_W02_IND_KC,2026-09-07T21:29:03.685436+00:00,2026-09-07T21:29:01Z,betonlineag,-6.5,-110,-110,,,47.5,-110,-110,,,,,,,True,,,odds_api,free
2026_NFL_W02_IND_KC_lowvig_20260907T212903Z,2026_NFL_W02_IND_KC,2026-09-07T21:29:03.685436+00:00,2026-09-07T21:28:33Z,lowvig,-6.5,-105,-105,,,47.5,-107,-107,,,,,,,True,,,odds_api,free
2026_NFL_W02_NYG_LAR_draftkings_20260907T212903Z,2026_NFL_W02_NYG_LAR,2026-09-07T21:29:03.685436+00:00,2026-09-07T21:28:33Z,draftkings,-8.5,-110,-110,-380.0,300.0,48.5,-110,-110,,,,,,,True,,,odds_api,free
2026_NFL_W02_NYG_LAR_betus_20260907T212903Z,2026_NFL_W02_NYG_LAR,2026-09-07T21:29:03.685436+00:00,2026-09-07T21:28:33Z,betus,-8.5,-110,-110,,,48.5,-110,-110,,,,,,,True,,,odds_api,free
2026_NFL_W02_NYG_LAR_betonlineag_20260907T212903Z,2026_NFL_W02_NYG_LAR,2026-09-07T21:29:03.685436+00:00,2026-09-07T21:29:01Z,betonlineag,-8.5,-110,-110,,,48.5,-110,-110,,,,,,,True,,,odds_api,free
2026_NFL_W02_NYG_LAR_lowvig_20260907T212903Z,2026_NFL_W02_NYG_LAR,2026-09-07T21:29:03.685436+00:00,2026-09-07T21:28:33Z,lowvig,-8.5,-105,-105,,,48.5,-107,-107,,,,,,,True,,,odds_api,free
2026_NFL_W02_DET_BUF_draftkings_20260907T221249Z,2026_NFL_W02_DET_BUF,2026-09-07T22:12:49.839233+00:00,2026-09-07T22:10:16Z,draftkings,-3.0,-110,-110,-155.0,130.0,52.5,-110,-110,,,,,,,True,,,odds_api,free
2026_NFL_W02_DET_BUF_betonlineag_20260907T221249Z,2026_NFL_W02_DET_BUF,2026-09-07T22:12:49.839233+00:00,2026-09-07T22:11:12Z,betonlineag,-3.0,-110,-110,,,52.0,-110,-110,,,,,,,True,,,odds_api,free
2026_NFL_W02_DET_BUF_lowvig_20260907T221249Z,2026_NFL_W02_DET_BUF,2026-09-07T22:12:49.839233+00:00,2026-09-07T22:12:06Z,lowvig,-3.0,-105,-105,,,52.0,-107,-107,,,,,,,True,,,odds_api,free
2026_NFL_W02_DET_BUF_betrivers_20260907T221249Z,2026_NFL_W02_DET_BUF,2026-09-07T22:12:49.839233+00:00,2026-09-07T22:12:40Z,betrivers,-3.0,-105,-117,-165.0,133.0,52.5,-110,-110,,,,,,,True,,,odds_api,free
2026_NFL_W02_DET_BUF_betus_20260907T221249Z,2026_NFL_W02_DET_BUF,2026-09-07T22:12:49.839233+00:00,2026-09-07T22:12:40Z,betus,-3.0,-110,-110,,,52.0,-110,-110,,,,,,,True,,,odds_api,free
2026_NFL_W02_CAR_ATL_draftkings_20260907T221249Z,2026_NFL_W02_CAR_ATL,2026-09-07T22:12:49.839233+00:00,2026-09-07T22:10:16Z,draftkings,-1.5,-110,-110,-125.0,105.0,44.5,-102,-118,,,,,,,True,,,odds_api,free
2026_NFL_W02_CAR_ATL_betus_20260907T221249Z,2026_NFL_W02_CAR_ATL,2026-09-07T22:12:49.839233+00:00,2026-09-07T22:12:40Z,betus,-1.5,-110,-110,,,44.0,-110,-110,,,,,,,True,,,odds_api,free
2026_NFL_W02_CAR_ATL_lowvig_20260907T221249Z,2026_NFL_W02_CAR_ATL,2026-09-07T22:12:49.839233+00:00,2026-09-07T22:12:06Z,lowvig,-1.5,-105,-105,,,44.0,-107,-107,,,,,,,True,,,odds_api,free
2026_NFL_W02_CAR_ATL_betonlineag_20260907T221249Z,2026_NFL_W02_CAR_ATL,2026-09-07T22:12:49.839233+00:00,2026-09-07T22:11:12Z,betonlineag,-1.5,-110,-110,,,44.0,-110,-110,,,,,,,True,,,odds_api,free
2026_NFL_W02_NO_BAL_draftkings_20260907T221249Z,2026_NFL_W02_NO_BAL,2026-09-07T22:12:49.839233+00:00,2026-09-07T22:10:16Z,draftkings,-7.5,-110,-110,-360.0,285.0,46.5,-110,-110,,,,,,,True,,,odds_api,free
2026_NFL_W02_NO_BAL_betus_20260907T221249Z,2026_NFL_W02_NO_BAL,2026-09-07T22:12:49.839233+00:00,2026-09-07T22:12:40Z,betus,-7.5,-110,-110,,,46.5,-110,-110,,,,,,,True,,,odds_api,free
2026_NFL_W02_NO_BAL_lowvig_20260907T221249Z,2026_NFL_W02_NO_BAL,2026-09-07T22:12:49.839233+00:00,2026-09-07T22:12:06Z,lowvig,-7.5,-105,-105,,,46.5,-107,-107,,,,,,,True,,,odds_api,free
2026_NFL_W02_NO_BAL_betonlineag_20260907T221249Z,2026_NFL_W02_NO_BAL,2026-09-07T22:12:49.839233+00:00,2026-09-07T22:11:12Z,betonlineag,-7.5,-110,-110,,,46.5,-110,-110,,,,,,,True,,,odds_api,free
2026_NFL_W02_MIN_CHI_draftkings_20260907T221249Z,2026_NFL_W02_MIN_CHI,2026-09-07T22:12:49.839233+00:00,2026-09-07T22:10:16Z,draftkings,-3.5,-105,-115,-192.0,160.0,45.5,-110,-110,,,,,,,True,,,odds_api,free
2026_NFL_W02_MIN_CHI_lowvig_20260907T221249Z,2026_NFL_W02_MIN_CHI,2026-09-07T22:12:49.839233+00:00,2026-09-07T22:12:06Z,lowvig,-3.5,100,-110,,,45.5,-107,-107,,,,,,,True,,,odds_api,free
2026_NFL_W02_MIN_CHI_betonlineag_20260907T221249Z,2026_NFL_W02_MIN_CHI,2026-09-07T22:12:49.839233+00:00,2026-09-07T22:11:12Z,betonlineag,-3.5,-105,-115,,,45.5,-110,-110,,,,,,,True,,,odds_api,free
2026_NFL_W02_MIN_CHI_betus_20260907T221249Z,2026_NFL_W02_MIN_CHI,2026-09-07T22:12:49.839233+00:00,2026-09-07T22:12:40Z,betus,-3.5,-105,-115,,,45.5,-110,-110,,,,,,,True,,,odds_api,free
2026_NFL_W02_CIN_HOU_draftkings_20260907T221249Z,2026_NFL_W02_CIN_HOU,2026-09-07T22:12:49.839233+00:00,2026-09-07T22:10:16Z,draftkings,-2.5,-110,-110,-135.0,114.0,46.5,-110,-110,,,,,,,True,,,odds_api,free
2026_NFL_W02_CIN_HOU_betus_20260907T221249Z,2026_NFL_W02_CIN_HOU,2026-09-07T22:12:49.839233+00:00,2026-09-07T22:12:40Z,betus,-2.5,-110,-110,,,46.5,-110,-110,,,,,,,True,,,odds_api,free
2026_NFL_W02_CIN_HOU_lowvig_20260907T221249Z,2026_NFL_W02_CIN_HOU,2026-09-07T22:12:49.839233+00:00,2026-09-07T22:12:06Z,lowvig,-2.5,-105,-105,,,46.5,-107,-107,,,,,,,True,,,odds_api,free
2026_NFL_W02_CIN_HOU_betonlineag_20260907T221249Z,2026_NFL_W02_CIN_HOU,2026-09-07T22:12:49.839233+00:00,2026-09-07T22:11:12Z,betonlineag,-2.5,-110,-110,,,46.5,-110,-110,,,,,,,True,,,odds_api,free
2026_NFL_W02_CLE_TB_draftkings_20260907T221249Z,2026_NFL_W02_CLE_TB,2026-09-07T22:12:49.839233+00:00,2026-09-07T22:10:16Z,draftkings,-6.5,-110,-110,-285.0,230.0,42.5,-110,-110,,,,,,,True,,,odds_api,free
2026_NFL_W02_CLE_TB_betus_20260907T221249Z,2026_NFL_W02_CLE_TB,2026-09-07T22:12:49.839233+00:00,2026-09-07T22:12:40Z,betus,-6.5,-110,-110,,,42.5,-110,-110,,,,,,,True,,,odds_api,free
2026_NFL_W02_CLE_TB_lowvig_20260907T221249Z,2026_NFL_W02_CLE_TB,2026-09-07T22:12:49.839233+00:00,2026-09-07T22:12:06Z,lowvig,-6.5,-105,-105,,,42.5,-107,-107,,,,,,,True,,,odds_api,free
2026_NFL_W02_CLE_TB_betonlineag_20260907T221249Z,2026_NFL_W02_CLE_TB,2026-09-07T22:12:49.839233+00:00,2026-09-07T22:11:12Z,betonlineag,-6.5,-110,-110,,,42.5,-110,-110,,,,,,,True,,,odds_api,free
2026_NFL_W02_GB_NYJ_draftkings_20260907T221249Z,2026_NFL_W02_GB_NYJ,2026-09-07T22:12:49.839233+00:00,2026-09-07T22:10:16Z,draftkings,5.5,-110,-110,200.0,-245.0,42.5,-110,-110,,,,,,,True,,,odds_api,free
2026_NFL_W02_GB_NYJ_lowvig_20260907T221249Z,2026_NFL_W02_GB_NYJ,2026-09-07T22:12:49.839233+00:00,2026-09-07T22:12:06Z,lowvig,5.5,-105,-105,,,42.5,-107,-107,,,,,,,True,,,odds_api,free
2026_NFL_W02_GB_NYJ_betonlineag_20260907T221249Z,2026_NFL_W02_GB_NYJ,2026-09-07T22:12:49.839233+00:00,2026-09-07T22:11:12Z,betonlineag,5.5,-110,-110,,,42.5,-110,-110,,,,,,,True,,,odds_api,free
2026_NFL_W02_GB_NYJ_betus_20260907T221249Z,2026_NFL_W02_GB_NYJ,2026-09-07T22:12:49.839233+00:00,2026-09-07T22:12:40Z,betus,5.5,-110,-110,,,42.5,-110,-110,,,,,,,True,,,odds_api,free
2026_NFL_W02_PIT_NE_draftkings_20260907T221249Z,2026_NFL_W02_PIT_NE,2026-09-07T22:12:49.839233+00:00,2026-09-07T22:10:16Z,draftkings,-4.5,-110,-110,-218.0,180.0,43.5,-110,-110,,,,,,,True,,,odds_api,free
2026_NFL_W02_PIT_NE_betus_20260907T221249Z,2026_NFL_W02_PIT_NE,2026-09-07T22:12:49.839233+00:00,2026-09-07T22:12:40Z,betus,-4.5,-110,-110,,,43.0,-110,-110,,,,,,,True,,,odds_api,free
2026_NFL_W02_PIT_NE_lowvig_20260907T221249Z,2026_NFL_W02_PIT_NE,2026-09-07T22:12:49.839233+00:00,2026-09-07T22:12:06Z,lowvig,-4.5,-105,-105,,,43.0,-107,-107,,,,,,,True,,,odds_api,free
2026_NFL_W02_PIT_NE_betonlineag_20260907T221249Z,2026_NFL_W02_PIT_NE,2026-09-07T22:12:49.839233+00:00,2026-09-07T22:11:12Z,betonlineag,-4.5,-110,-110,,,43.0,-110,-110,,,,,,,True,,,odds_api,free
2026_NFL_W02_PHI_TEN_draftkings_20260907T221249Z,2026_NFL_W02_PHI_TEN,2026-09-07T22:12:49.839233+00:00,2026-09-07T22:10:16Z,draftkings,4.5,-110,-110,180.0,-218.0,42.5,-110,-110,,,,,,,True,,,odds_api,free
2026_NFL_W02_PHI_TEN_betus_20260907T221249Z,2026_NFL_W02_PHI_TEN,2026-09-07T22:12:49.839233+00:00,2026-09-07T22:12:40Z,betus,4.5,-110,-110,,,42.5,-110,-110,,,,,,,True,,,odds_api,free
2026_NFL_W02_PHI_TEN_lowvig_20260907T221249Z,2026_NFL_W02_PHI_TEN,2026-09-07T22:12:49.839233+00:00,2026-09-07T22:12:06Z,lowvig,4.5,-105,-105,,,42.5,-107,-107,,,,,,,True,,,odds_api,free
2026_NFL_W02_PHI_TEN_betonlineag_20260907T221249Z,2026_NFL_W02_PHI_TEN,2026-09-07T22:12:49.839233+00:00,2026-09-07T22:11:12Z,betonlineag,4.5,-110,-110,,,42.5,-110,-110,,,,,,,True,,,odds_api,free
2026_NFL_W02_JAX_DEN_draftkings_20260907T221249Z,2026_NFL_W02_JAX_DEN,2026-09-07T22:12:49.839233+00:00,2026-09-07T22:10:16Z,draftkings,-3.0,-110,-110,-155.0,130.0,43.5,-110,-110,,,,,,,True,,,odds_api,free
2026_NFL_W02_JAX_DEN_betus_20260907T221249Z,2026_NFL_W02_JAX_DEN,2026-09-07T22:12:49.839233+00:00,2026-09-07T22:12:40Z,betus,-3.0,-105,-115,,,44.5,-110,-110,,,,,,,True,,,odds_api,free
2026_NFL_W02_JAX_DEN_lowvig_20260907T221249Z,2026_NFL_W02_JAX_DEN,2026-09-07T22:12:49.839233+00:00,2026-09-07T22:12:06Z,lowvig,-3.0,100,-110,,,44.5,-107,-107,,,,,,,True,,,odds_api,free
2026_NFL_W02_JAX_DEN_betonlineag_20260907T221249Z,2026_NFL_W02_JAX_DEN,2026-09-07T22:12:49.839233+00:00,2026-09-07T22:11:12Z,betonlineag,-3.0,-105,-115,,,44.5,-110,-110,,,,,,,True,,,odds_api,free
2026_NFL_W02_LV_LAC_draftkings_20260907T221249Z,2026_NFL_W02_LV_LAC,2026-09-07T22:12:49.839233+00:00,2026-09-07T22:10:16Z,draftkings,-8.5,-110,-110,-360.0,285.0,42.5,-110,-110,,,,,,,True,,,odds_api,free
2026_NFL_W02_LV_LAC_betus_20260907T221249Z,2026_NFL_W02_LV_LAC,2026-09-07T22:12:49.839233+00:00,2026-09-07T22:12:40Z,betus,-8.5,-110,-110,,,42.5,-110,-110,,,,,,,True,,,odds_api,free
2026_NFL_W02_LV_LAC_lowvig_20260907T221249Z,2026_NFL_W02_LV_LAC,2026-09-07T22:12:49.839233+00:00,2026-09-07T22:12:06Z,lowvig,-8.5,-105,-105,,,42.5,-107,-107,,,,,,,True,,,odds_api,free
2026_NFL_W02_LV_LAC_betonlineag_20260907T221249Z,2026_NFL_W02_LV_LAC,2026-09-07T22:12:49.839233+00:00,2026-09-07T22:11:12Z,betonlineag,-8.5,-110,-110,,,42.5,-110,-110,,,,,,,True,,,odds_api,free
2026_NFL_W02_SEA_ARI_draftkings_20260907T221249Z,2026_NFL_W02_SEA_ARI,2026-09-07T22:12:49.839233+00:00,2026-09-07T22:10:16Z,draftkings,10.0,-110,-110,400.0,-535.0,44.5,-110,-110,,,,,,,True,,,odds_api,free
2026_NFL_W02_SEA_ARI_betus_20260907T221249Z,2026_NFL_W02_SEA_ARI,2026-09-07T22:12:49.839233+00:00,2026-09-07T22:12:40Z,betus,10.0,-115,-105,,,44.5,-110,-110,,,,,,,True,,,odds_api,free
2026_NFL_W02_SEA_ARI_lowvig_20260907T221249Z,2026_NFL_W02_SEA_ARI,2026-09-07T22:12:49.839233+00:00,2026-09-07T22:12:06Z,lowvig,10.0,-110,100,,,44.5,-107,-107,,,,,,,True,,,odds_api,free
2026_NFL_W02_SEA_ARI_betonlineag_20260907T221249Z,2026_NFL_W02_SEA_ARI,2026-09-07T22:12:49.839233+00:00,2026-09-07T22:11:12Z,betonlineag,10.0,-115,-105,,,44.5,-110,-110,,,,,,,True,,,odds_api,free
2026_NFL_W02_WAS_DAL_draftkings_20260907T221249Z,2026_NFL_W02_WAS_DAL,2026-09-07T22:12:49.839233+00:00,2026-09-07T22:10:16Z,draftkings,-4.5,-105,-115,-205.0,170.0,51.5,-110,-110,,,,,,,True,,,odds_api,free
2026_NFL_W02_WAS_DAL_betus_20260907T221249Z,2026_NFL_W02_WAS_DAL,2026-09-07T22:12:49.839233+00:00,2026-09-07T22:12:40Z,betus,-4.5,-105,-115,,,51.5,-110,-110,,,,,,,True,,,odds_api,free
2026_NFL_W02_WAS_DAL_lowvig_20260907T221249Z,2026_NFL_W02_WAS_DAL,2026-09-07T22:12:49.839233+00:00,2026-09-07T22:12:06Z,lowvig,-4.5,100,-110,,,51.5,-107,-107,,,,,,,True,,,odds_api,free
2026_NFL_W02_WAS_DAL_betonlineag_20260907T221249Z,2026_NFL_W02_WAS_DAL,2026-09-07T22:12:49.839233+00:00,2026-09-07T22:11:12Z,betonlineag,-4.5,-105,-115,,,51.5,-110,-110,,,,,,,True,,,odds_api,free
2026_NFL_W02_MIA_SF_draftkings_20260907T221249Z,2026_NFL_W02_MIA_SF,2026-09-07T22:12:49.839233+00:00,2026-09-07T22:10:16Z,draftkings,-10.5,-110,-110,-675.0,490.0,46.5,-110,-110,,,,,,,True,,,odds_api,free
2026_NFL_W02_MIA_SF_betus_20260907T221249Z,2026_NFL_W02_MIA_SF,2026-09-07T22:12:49.839233+00:00,2026-09-07T22:12:40Z,betus,-10.5,-110,-110,,,46.5,-110,-110,,,,,,,True,,,odds_api,free
2026_NFL_W02_MIA_SF_lowvig_20260907T221249Z,2026_NFL_W02_MIA_SF,2026-09-07T22:12:49.839233+00:00,2026-09-07T22:12:06Z,lowvig,-10.5,-105,-105,,,46.5,-107,-107,,,,,,,True,,,odds_api,free
2026_NFL_W02_MIA_SF_betonlineag_20260907T221249Z,2026_NFL_W02_MIA_SF,2026-09-07T22:12:49.839233+00:00,2026-09-07T22:11:12Z,betonlineag,-10.5,-110,-110,,,46.5,-110,-110,,,,,,,True,,,odds_api,free
2026_NFL_W02_IND_KC_draftkings_20260907T221249Z,2026_NFL_W02_IND_KC,2026-09-07T22:12:49.839233+00:00,2026-09-07T22:10:16Z,draftkings,-6.5,-110,-110,-325.0,260.0,47.5,-110,-110,,,,,,,True,,,odds_api,free
2026_NFL_W02_IND_KC_betus_20260907T221249Z,2026_NFL_W02_IND_KC,2026-09-07T22:12:49.839233+00:00,2026-09-07T22:12:40Z,betus,-6.5,-110,-110,,,47.5,-110,-110,,,,,,,True,,,odds_api,free
2026_NFL_W02_IND_KC_betonlineag_20260907T221249Z,2026_NFL_W02_IND_KC,2026-09-07T22:12:49.839233+00:00,2026-09-07T22:11:12Z,betonlineag,-6.5,-110,-110,,,47.5,-110,-110,,,,,,,True,,,odds_api,free
2026_NFL_W02_IND_KC_lowvig_20260907T221249Z,2026_NFL_W02_IND_KC,2026-09-07T22:12:49.839233+00:00,2026-09-07T22:12:06Z,lowvig,-6.5,-105,-105,,,47.5,-107,-107,,,,,,,True,,,odds_api,free
2026_NFL_W02_NYG_LAR_draftkings_20260907T221249Z,2026_NFL_W02_NYG_LAR,2026-09-07T22:12:49.839233+00:00,2026-09-07T22:10:16Z,draftkings,-8.5,-110,-110,-380.0,300.0,48.5,-110,-110,,,,,,,True,,,odds_api,free
2026_NFL_W02_NYG_LAR_betus_20260907T221249Z,2026_NFL_W02_NYG_LAR,2026-09-07T22:12:49.839233+00:00,2026-09-07T22:12:40Z,betus,-8.5,-110,-110,,,48.5,-110,-110,,,,,,,True,,,odds_api,free
2026_NFL_W02_NYG_LAR_betonlineag_20260907T221249Z,2026_NFL_W02_NYG_LAR,2026-09-07T22:12:49.839233+00:00,2026-09-07T22:11:12Z,betonlineag,-8.5,-110,-110,,,48.5,-110,-110,,,,,,,True,,,odds_api,free
2026_NFL_W02_NYG_LAR_lowvig_20260907T221249Z,2026_NFL_W02_NYG_LAR,2026-09-07T22:12:49.839233+00:00,2026-09-07T22:12:06Z,lowvig,-8.5,-105,-105,,,48.5,-107,-107,,,,,,,True,,,odds_api,free
2026_NFL_W02_DET_BUF_draftkings_20260907T230510Z,2026_NFL_W02_DET_BUF,2026-09-07T23:05:10.258637+00:00,2026-09-07T23:04:12Z,draftkings,-3.0,-110,-110,-155.0,130.0,52.5,-105,-115,,,,,,,True,,,odds_api,free
2026_NFL_W02_DET_BUF_betonlineag_20260907T230510Z,2026_NFL_W02_DET_BUF,2026-09-07T23:05:10.258637+00:00,2026-09-07T23:04:09Z,betonlineag,-3.0,-110,-110,,,52.0,-110,-110,,,,,,,True,,,odds_api,free
2026_NFL_W02_DET_BUF_lowvig_20260907T230510Z,2026_NFL_W02_DET_BUF,2026-09-07T23:05:10.258637+00:00,2026-09-07T23:04:11Z,lowvig,-3.0,-105,-105,,,52.0,-107,-107,,,,,,,True,,,odds_api,free
2026_NFL_W02_DET_BUF_betrivers_20260907T230510Z,2026_NFL_W02_DET_BUF,2026-09-07T23:05:10.258637+00:00,2026-09-07T23:04:09Z,betrivers,-3.0,-105,-117,-165.0,133.0,52.5,-110,-110,,,,,,,True,,,odds_api,free
2026_NFL_W02_DET_BUF_betus_20260907T230510Z,2026_NFL_W02_DET_BUF,2026-09-07T23:05:10.258637+00:00,2026-09-07T23:04:11Z,betus,-3.0,-110,-110,,,52.0,-110,-110,,,,,,,True,,,odds_api,free
2026_NFL_W02_CAR_ATL_draftkings_20260907T230510Z,2026_NFL_W02_CAR_ATL,2026-09-07T23:05:10.258637+00:00,2026-09-07T23:04:12Z,draftkings,-1.5,-110,-110,-125.0,105.0,44.5,-102,-118,,,,,,,True,,,odds_api,free
2026_NFL_W02_CAR_ATL_betus_20260907T230510Z,2026_NFL_W02_CAR_ATL,2026-09-07T23:05:10.258637+00:00,2026-09-07T23:04:11Z,betus,-1.5,-110,-110,,,44.0,-110,-110,,,,,,,True,,,odds_api,free
2026_NFL_W02_CAR_ATL_lowvig_20260907T230510Z,2026_NFL_W02_CAR_ATL,2026-09-07T23:05:10.258637+00:00,2026-09-07T23:04:11Z,lowvig,-1.5,-105,-105,,,44.0,-107,-107,,,,,,,True,,,odds_api,free
2026_NFL_W02_CAR_ATL_betonlineag_20260907T230510Z,2026_NFL_W02_CAR_ATL,2026-09-07T23:05:10.258637+00:00,2026-09-07T23:04:09Z,betonlineag,-1.5,-110,-110,,,44.0,-110,-110,,,,,,,True,,,odds_api,free
2026_NFL_W02_NO_BAL_draftkings_20260907T230510Z,2026_NFL_W02_NO_BAL,2026-09-07T23:05:10.258637+00:00,2026-09-07T23:04:12Z,draftkings,-7.5,-110,-110,-360.0,285.0,46.5,-110,-110,,,,,,,True,,,odds_api,free
2026_NFL_W02_NO_BAL_betus_20260907T230510Z,2026_NFL_W02_NO_BAL,2026-09-07T23:05:10.258637+00:00,2026-09-07T23:04:11Z,betus,-7.5,-110,-110,,,46.5,-110,-110,,,,,,,True,,,odds_api,free
2026_NFL_W02_NO_BAL_lowvig_20260907T230510Z,2026_NFL_W02_NO_BAL,2026-09-07T23:05:10.258637+00:00,2026-09-07T23:04:11Z,lowvig,-7.5,-105,-105,,,46.5,-107,-107,,,,,,,True,,,odds_api,free
2026_NFL_W02_NO_BAL_betonlineag_20260907T230510Z,2026_NFL_W02_NO_BAL,2026-09-07T23:05:10.258637+00:00,2026-09-07T23:04:09Z,betonlineag,-7.5,-110,-110,,,46.5,-110,-110,,,,,,,True,,,odds_api,free
2026_NFL_W02_MIN_CHI_draftkings_20260907T230510Z,2026_NFL_W02_MIN_CHI,2026-09-07T23:05:10.258637+00:00,2026-09-07T23:04:12Z,draftkings,-3.5,-105,-115,-192.0,160.0,45.5,-110,-110,,,,,,,True,,,odds_api,free
2026_NFL_W02_MIN_CHI_lowvig_20260907T230510Z,2026_NFL_W02_MIN_CHI,2026-09-07T23:05:10.258637+00:00,2026-09-07T23:04:11Z,lowvig,-3.5,100,-110,,,45.5,-107,-107,,,,,,,True,,,odds_api,free
2026_NFL_W02_MIN_CHI_betonlineag_20260907T230510Z,2026_NFL_W02_MIN_CHI,2026-09-07T23:05:10.258637+00:00,2026-09-07T23:04:09Z,betonlineag,-3.5,-105,-115,,,45.5,-110,-110,,,,,,,True,,,odds_api,free
2026_NFL_W02_MIN_CHI_betus_20260907T230510Z,2026_NFL_W02_MIN_CHI,2026-09-07T23:05:10.258637+00:00,2026-09-07T23:04:11Z,betus,-3.5,-105,-115,,,45.5,-110,-110,,,,,,,True,,,odds_api,free
2026_NFL_W02_CIN_HOU_draftkings_20260907T230510Z,2026_NFL_W02_CIN_HOU,2026-09-07T23:05:10.258637+00:00,2026-09-07T23:04:12Z,draftkings,-2.5,-110,-110,-135.0,114.0,46.5,-110,-110,,,,,,,True,,,odds_api,free
2026_NFL_W02_CIN_HOU_betus_20260907T230510Z,2026_NFL_W02_CIN_HOU,2026-09-07T23:05:10.258637+00:00,2026-09-07T23:04:11Z,betus,-2.5,-110,-110,,,46.5,-110,-110,,,,,,,True,,,odds_api,free
2026_NFL_W02_CIN_HOU_lowvig_20260907T230510Z,2026_NFL_W02_CIN_HOU,2026-09-07T23:05:10.258637+00:00,2026-09-07T23:04:11Z,lowvig,-2.5,-105,-105,,,46.5,-107,-107,,,,,,,True,,,odds_api,free
2026_NFL_W02_CIN_HOU_betonlineag_20260907T230510Z,2026_NFL_W02_CIN_HOU,2026-09-07T23:05:10.258637+00:00,2026-09-07T23:04:09Z,betonlineag,-2.5,-110,-110,,,46.5,-110,-110,,,,,,,True,,,odds_api,free
2026_NFL_W02_CLE_TB_draftkings_20260907T230510Z,2026_NFL_W02_CLE_TB,2026-09-07T23:05:10.258637+00:00,2026-09-07T23:04:12Z,draftkings,-6.5,-110,-110,-285.0,230.0,42.5,-110,-110,,,,,,,True,,,odds_api,free
2026_NFL_W02_CLE_TB_betus_20260907T230510Z,2026_NFL_W02_CLE_TB,2026-09-07T23:05:10.258637+00:00,2026-09-07T23:04:11Z,betus,-6.5,-110,-110,,,42.5,-110,-110,,,,,,,True,,,odds_api,free
2026_NFL_W02_CLE_TB_lowvig_20260907T230510Z,2026_NFL_W02_CLE_TB,2026-09-07T23:05:10.258637+00:00,2026-09-07T23:04:11Z,lowvig,-6.5,-105,-105,,,42.5,-107,-107,,,,,,,True,,,odds_api,free
2026_NFL_W02_CLE_TB_betonlineag_20260907T230510Z,2026_NFL_W02_CLE_TB,2026-09-07T23:05:10.258637+00:00,2026-09-07T23:04:09Z,betonlineag,-6.5,-110,-110,,,42.5,-110,-110,,,,,,,True,,,odds_api,free
2026_NFL_W02_GB_NYJ_draftkings_20260907T230510Z,2026_NFL_W02_GB_NYJ,2026-09-07T23:05:10.258637+00:00,2026-09-07T23:04:12Z,draftkings,5.5,-110,-110,200.0,-245.0,42.5,-110,-110,,,,,,,True,,,odds_api,free
2026_NFL_W02_GB_NYJ_lowvig_20260907T230510Z,2026_NFL_W02_GB_NYJ,2026-09-07T23:05:10.258637+00:00,2026-09-07T23:04:11Z,lowvig,5.5,-105,-105,,,42.5,-107,-107,,,,,,,True,,,odds_api,free
2026_NFL_W02_GB_NYJ_betonlineag_20260907T230510Z,2026_NFL_W02_GB_NYJ,2026-09-07T23:05:10.258637+00:00,2026-09-07T23:04:09Z,betonlineag,5.5,-110,-110,,,42.5,-110,-110,,,,,,,True,,,odds_api,free
2026_NFL_W02_GB_NYJ_betus_20260907T230510Z,2026_NFL_W02_GB_NYJ,2026-09-07T23:05:10.258637+00:00,2026-09-07T23:04:11Z,betus,5.5,-110,-110,,,42.5,-110,-110,,,,,,,True,,,odds_api,free
2026_NFL_W02_PIT_NE_draftkings_20260907T230510Z,2026_NFL_W02_PIT_NE,2026-09-07T23:05:10.258637+00:00,2026-09-07T23:04:12Z,draftkings,-4.5,-110,-110,-218.0,180.0,43.5,-110,-110,,,,,,,True,,,odds_api,free
2026_NFL_W02_PIT_NE_betus_20260907T230510Z,2026_NFL_W02_PIT_NE,2026-09-07T23:05:10.258637+00:00,2026-09-07T23:04:11Z,betus,-4.5,-110,-110,,,43.0,-110,-110,,,,,,,True,,,odds_api,free
2026_NFL_W02_PIT_NE_lowvig_20260907T230510Z,2026_NFL_W02_PIT_NE,2026-09-07T23:05:10.258637+00:00,2026-09-07T23:04:11Z,lowvig,-4.5,-105,-105,,,43.0,-107,-107,,,,,,,True,,,odds_api,free
2026_NFL_W02_PIT_NE_betonlineag_20260907T230510Z,2026_NFL_W02_PIT_NE,2026-09-07T23:05:10.258637+00:00,2026-09-07T23:04:09Z,betonlineag,-4.5,-110,-110,,,43.0,-110,-110,,,,,,,True,,,odds_api,free
2026_NFL_W02_PHI_TEN_draftkings_20260907T230510Z,2026_NFL_W02_PHI_TEN,2026-09-07T23:05:10.258637+00:00,2026-09-07T23:04:12Z,draftkings,4.5,-110,-110,180.0,-218.0,42.5,-110,-110,,,,,,,True,,,odds_api,free
2026_NFL_W02_PHI_TEN_betus_20260907T230510Z,2026_NFL_W02_PHI_TEN,2026-09-07T23:05:10.258637+00:00,2026-09-07T23:04:11Z,betus,4.5,-110,-110,,,42.5,-110,-110,,,,,,,True,,,odds_api,free
2026_NFL_W02_PHI_TEN_lowvig_20260907T230510Z,2026_NFL_W02_PHI_TEN,2026-09-07T23:05:10.258637+00:00,2026-09-07T23:04:11Z,lowvig,4.5,-105,-105,,,42.5,-107,-107,,,,,,,True,,,odds_api,free
2026_NFL_W02_PHI_TEN_betonlineag_20260907T230510Z,2026_NFL_W02_PHI_TEN,2026-09-07T23:05:10.258637+00:00,2026-09-07T23:04:09Z,betonlineag,4.5,-110,-110,,,42.5,-110,-110,,,,,,,True,,,odds_api,free
2026_NFL_W02_JAX_DEN_draftkings_20260907T230510Z,2026_NFL_W02_JAX_DEN,2026-09-07T23:05:10.258637+00:00,2026-09-07T23:04:12Z,draftkings,-3.0,-110,-110,-155.0,130.0,43.5,-110,-110,,,,,,,True,,,odds_api,free
2026_NFL_W02_JAX_DEN_betus_20260907T230510Z,2026_NFL_W02_JAX_DEN,2026-09-07T23:05:10.258637+00:00,2026-09-07T23:04:11Z,betus,-3.0,-105,-115,,,44.5,-110,-110,,,,,,,True,,,odds_api,free
2026_NFL_W02_JAX_DEN_lowvig_20260907T230510Z,2026_NFL_W02_JAX_DEN,2026-09-07T23:05:10.258637+00:00,2026-09-07T23:04:11Z,lowvig,-3.0,100,-110,,,44.5,-107,-107,,,,,,,True,,,odds_api,free
2026_NFL_W02_JAX_DEN_betonlineag_20260907T230510Z,2026_NFL_W02_JAX_DEN,2026-09-07T23:05:10.258637+00:00,2026-09-07T23:04:09Z,betonlineag,-3.0,-105,-115,,,44.5,-110,-110,,,,,,,True,,,odds_api,free
2026_NFL_W02_LV_LAC_draftkings_20260907T230510Z,2026_NFL_W02_LV_LAC,2026-09-07T23:05:10.258637+00:00,2026-09-07T23:04:12Z,draftkings,-8.5,-110,-110,-360.0,285.0,42.5,-110,-110,,,,,,,True,,,odds_api,free
2026_NFL_W02_LV_LAC_betus_20260907T230510Z,2026_NFL_W02_LV_LAC,2026-09-07T23:05:10.258637+00:00,2026-09-07T23:04:11Z,betus,-8.5,-110,-110,,,42.5,-110,-110,,,,,,,True,,,odds_api,free
2026_NFL_W02_LV_LAC_lowvig_20260907T230510Z,2026_NFL_W02_LV_LAC,2026-09-07T23:05:10.258637+00:00,2026-09-07T23:04:11Z,lowvig,-8.5,-105,-105,,,42.5,-107,-107,,,,,,,True,,,odds_api,free
2026_NFL_W02_LV_LAC_betonlineag_20260907T230510Z,2026_NFL_W02_LV_LAC,2026-09-07T23:05:10.258637+00:00,2026-09-07T23:04:09Z,betonlineag,-8.5,-110,-110,,,42.5,-110,-110,,,,,,,True,,,odds_api,free
2026_NFL_W02_SEA_ARI_draftkings_20260907T230510Z,2026_NFL_W02_SEA_ARI,2026-09-07T23:05:10.258637+00:00,2026-09-07T23:04:12Z,draftkings,10.0,-110,-110,400.0,-535.0,44.5,-110,-110,,,,,,,True,,,odds_api,free
2026_NFL_W02_SEA_ARI_betus_20260907T230510Z,2026_NFL_W02_SEA_ARI,2026-09-07T23:05:10.258637+00:00,2026-09-07T23:04:11Z,betus,10.0,-115,-105,,,44.5,-110,-110,,,,,,,True,,,odds_api,free
2026_NFL_W02_SEA_ARI_lowvig_20260907T230510Z,2026_NFL_W02_SEA_ARI,2026-09-07T23:05:10.258637+00:00,2026-09-07T23:04:11Z,lowvig,10.0,-110,100,,,44.5,-107,-107,,,,,,,True,,,odds_api,free
2026_NFL_W02_SEA_ARI_betonlineag_20260907T230510Z,2026_NFL_W02_SEA_ARI,2026-09-07T23:05:10.258637+00:00,2026-09-07T23:04:09Z,betonlineag,10.0,-115,-105,,,44.5,-110,-110,,,,,,,True,,,odds_api,free
2026_NFL_W02_WAS_DAL_draftkings_20260907T230510Z,2026_NFL_W02_WAS_DAL,2026-09-07T23:05:10.258637+00:00,2026-09-07T23:04:12Z,draftkings,-4.5,-105,-115,-205.0,170.0,51.5,-110,-110,,,,,,,True,,,odds_api,free
2026_NFL_W02_WAS_DAL_betus_20260907T230510Z,2026_NFL_W02_WAS_DAL,2026-09-07T23:05:10.258637+00:00,2026-09-07T23:04:11Z,betus,-4.5,-105,-115,,,51.5,-110,-110,,,,,,,True,,,odds_api,free
2026_NFL_W02_WAS_DAL_lowvig_20260907T230510Z,2026_NFL_W02_WAS_DAL,2026-09-07T23:05:10.258637+00:00,2026-09-07T23:04:11Z,lowvig,-4.5,100,-110,,,51.5,-107,-107,,,,,,,True,,,odds_api,free
2026_NFL_W02_WAS_DAL_betonlineag_20260907T230510Z,2026_NFL_W02_WAS_DAL,2026-09-07T23:05:10.258637+00:00,2026-09-07T23:04:09Z,betonlineag,-4.5,-105,-115,,,51.5,-110,-110,,,,,,,True,,,odds_api,free
2026_NFL_W02_MIA_SF_draftkings_20260907T230510Z,2026_NFL_W02_MIA_SF,2026-09-07T23:05:10.258637+00:00,2026-09-07T23:04:12Z,draftkings,-10.5,-110,-110,-675.0,490.0,46.5,-110,-110,,,,,,,True,,,odds_api,free
2026_NFL_W02_MIA_SF_betus_20260907T230510Z,2026_NFL_W02_MIA_SF,2026-09-07T23:05:10.258637+00:00,2026-09-07T23:04:11Z,betus,-10.5,-110,-110,,,46.5,-110,-110,,,,,,,True,,,odds_api,free
2026_NFL_W02_MIA_SF_lowvig_20260907T230510Z,2026_NFL_W02_MIA_SF,2026-09-07T23:05:10.258637+00:00,2026-09-07T23:04:11Z,lowvig,-10.5,-105,-105,,,46.5,-107,-107,,,,,,,True,,,odds_api,free
2026_NFL_W02_MIA_SF_betonlineag_20260907T230510Z,2026_NFL_W02_MIA_SF,2026-09-07T23:05:10.258637+00:00,2026-09-07T23:04:09Z,betonlineag,-10.5,-110,-110,,,46.5,-110,-110,,,,,,,True,,,odds_api,free
2026_NFL_W02_IND_KC_draftkings_20260907T230510Z,2026_NFL_W02_IND_KC,2026-09-07T23:05:10.258637+00:00,2026-09-07T23:04:12Z,draftkings,-6.5,-110,-110,-325.0,260.0,47.5,-110,-110,,,,,,,True,,,odds_api,free
2026_NFL_W02_IND_KC_betus_20260907T230510Z,2026_NFL_W02_IND_KC,2026-09-07T23:05:10.258637+00:00,2026-09-07T23:04:11Z,betus,-6.5,-110,-110,,,47.5,-110,-110,,,,,,,True,,,odds_api,free
2026_NFL_W02_IND_KC_betonlineag_20260907T230510Z,2026_NFL_W02_IND_KC,2026-09-07T23:05:10.258637+00:00,2026-09-07T23:04:09Z,betonlineag,-6.5,-110,-110,,,47.5,-110,-110,,,,,,,True,,,odds_api,free
2026_NFL_W02_IND_KC_lowvig_20260907T230510Z,2026_NFL_W02_IND_KC,2026-09-07T23:05:10.258637+00:00,2026-09-07T23:04:11Z,lowvig,-6.5,-105,-105,,,47.5,-107,-107,,,,,,,True,,,odds_api,free
2026_NFL_W02_NYG_LAR_draftkings_20260907T230510Z,2026_NFL_W02_NYG_LAR,2026-09-07T23:05:10.258637+00:00,2026-09-07T23:04:12Z,draftkings,-8.5,-110,-110,-380.0,300.0,48.5,-110,-110,,,,,,,True,,,odds_api,free
2026_NFL_W02_NYG_LAR_betus_20260907T230510Z,2026_NFL_W02_NYG_LAR,2026-09-07T23:05:10.258637+00:00,2026-09-07T23:04:11Z,betus,-8.5,-110,-110,,,48.5,-110,-110,,,,,,,True,,,odds_api,free
2026_NFL_W02_NYG_LAR_betonlineag_20260907T230510Z,2026_NFL_W02_NYG_LAR,2026-09-07T23:05:10.258637+00:00,2026-09-07T23:04:09Z,betonlineag,-8.5,-110,-110,,,48.5,-110,-110,,,,,,,True,,,odds_api,free
2026_NFL_W02_NYG_LAR_lowvig_20260907T230510Z,2026_NFL_W02_NYG_LAR,2026-09-07T23:05:10.258637+00:00,2026-09-07T23:04:11Z,lowvig,-8.5,-105,-105,,,48.5,-107,-107,,,,,,,True,,,odds_api,free
2026_NFL_W02_DET_BUF_draftkings_20260907T231301Z,2026_NFL_W02_DET_BUF,2026-09-07T23:13:01.148217+00:00,2026-09-07T23:12:24Z,draftkings,-3.0,-110,-110,-155.0,130.0,52.5,-105,-115,,,,,,,True,,,odds_api,free
2026_NFL_W02_DET_BUF_betonlineag_20260907T231301Z,2026_NFL_W02_DET_BUF,2026-09-07T23:13:01.148217+00:00,2026-09-07T23:10:37Z,betonlineag,-3.0,-110,-110,,,52.0,-110,-110,,,,,,,True,,,odds_api,free
2026_NFL_W02_DET_BUF_lowvig_20260907T231301Z,2026_NFL_W02_DET_BUF,2026-09-07T23:13:01.148217+00:00,2026-09-07T23:11:43Z,lowvig,-3.0,-105,-105,,,52.0,-107,-107,,,,,,,True,,,odds_api,free
2026_NFL_W02_DET_BUF_betrivers_20260907T231301Z,2026_NFL_W02_DET_BUF,2026-09-07T23:13:01.148217+00:00,2026-09-07T23:12:43Z,betrivers,-3.0,-105,-117,-165.0,133.0,52.5,-110,-110,,,,,,,True,,,odds_api,free
2026_NFL_W02_DET_BUF_betus_20260907T231301Z,2026_NFL_W02_DET_BUF,2026-09-07T23:13:01.148217+00:00,2026-09-07T23:12:44Z,betus,-3.0,-110,-110,,,52.0,-110,-110,,,,,,,True,,,odds_api,free
2026_NFL_W02_CAR_ATL_draftkings_20260907T231301Z,2026_NFL_W02_CAR_ATL,2026-09-07T23:13:01.148217+00:00,2026-09-07T23:12:24Z,draftkings,-1.5,-110,-110,-125.0,105.0,44.5,-102,-118,,,,,,,True,,,odds_api,free
2026_NFL_W02_CAR_ATL_betus_20260907T231301Z,2026_NFL_W02_CAR_ATL,2026-09-07T23:13:01.148217+00:00,2026-09-07T23:12:44Z,betus,-1.5,-110,-110,,,44.0,-110,-110,,,,,,,True,,,odds_api,free
2026_NFL_W02_CAR_ATL_lowvig_20260907T231301Z,2026_NFL_W02_CAR_ATL,2026-09-07T23:13:01.148217+00:00,2026-09-07T23:11:43Z,lowvig,-1.5,-105,-105,,,44.0,-107,-107,,,,,,,True,,,odds_api,free
2026_NFL_W02_CAR_ATL_betonlineag_20260907T231301Z,2026_NFL_W02_CAR_ATL,2026-09-07T23:13:01.148217+00:00,2026-09-07T23:10:37Z,betonlineag,-1.5,-110,-110,,,44.0,-110,-110,,,,,,,True,,,odds_api,free
2026_NFL_W02_NO_BAL_draftkings_20260907T231301Z,2026_NFL_W02_NO_BAL,2026-09-07T23:13:01.148217+00:00,2026-09-07T23:12:24Z,draftkings,-7.5,-110,-110,-360.0,285.0,46.5,-110,-110,,,,,,,True,,,odds_api,free
2026_NFL_W02_NO_BAL_betus_20260907T231301Z,2026_NFL_W02_NO_BAL,2026-09-07T23:13:01.148217+00:00,2026-09-07T23:12:44Z,betus,-7.5,-110,-110,,,46.5,-110,-110,,,,,,,True,,,odds_api,free
2026_NFL_W02_NO_BAL_lowvig_20260907T231301Z,2026_NFL_W02_NO_BAL,2026-09-07T23:13:01.148217+00:00,2026-09-07T23:11:43Z,lowvig,-7.5,-105,-105,,,46.5,-107,-107,,,,,,,True,,,odds_api,free
2026_NFL_W02_NO_BAL_betonlineag_20260907T231301Z,2026_NFL_W02_NO_BAL,2026-09-07T23:13:01.148217+00:00,2026-09-07T23:10:37Z,betonlineag,-7.5,-110,-110,,,46.5,-110,-110,,,,,,,True,,,odds_api,free
2026_NFL_W02_MIN_CHI_draftkings_20260907T231301Z,2026_NFL_W02_MIN_CHI,2026-09-07T23:13:01.148217+00:00,2026-09-07T23:12:24Z,draftkings,-3.5,-105,-115,-192.0,160.0,45.5,-110,-110,,,,,,,True,,,odds_api,free
2026_NFL_W02_MIN_CHI_lowvig_20260907T231301Z,2026_NFL_W02_MIN_CHI,2026-09-07T23:13:01.148217+00:00,2026-09-07T23:11:43Z,lowvig,-3.5,100,-110,,,45.5,-107,-107,,,,,,,True,,,odds_api,free
2026_NFL_W02_MIN_CHI_betonlineag_20260907T231301Z,2026_NFL_W02_MIN_CHI,2026-09-07T23:13:01.148217+00:00,2026-09-07T23:10:37Z,betonlineag,-3.5,-105,-115,,,45.5,-110,-110,,,,,,,True,,,odds_api,free
2026_NFL_W02_MIN_CHI_betus_20260907T231301Z,2026_NFL_W02_MIN_CHI,2026-09-07T23:13:01.148217+00:00,2026-09-07T23:12:44Z,betus,-3.5,-105,-115,,,45.5,-110,-110,,,,,,,True,,,odds_api,free
2026_NFL_W02_CIN_HOU_draftkings_20260907T231301Z,2026_NFL_W02_CIN_HOU,2026-09-07T23:13:01.148217+00:00,2026-09-07T23:12:24Z,draftkings,-2.5,-110,-110,-135.0,114.0,46.5,-110,-110,,,,,,,True,,,odds_api,free
2026_NFL_W02_CIN_HOU_betus_20260907T231301Z,2026_NFL_W02_CIN_HOU,2026-09-07T23:13:01.148217+00:00,2026-09-07T23:12:44Z,betus,-2.5,-110,-110,,,46.5,-110,-110,,,,,,,True,,,odds_api,free
2026_NFL_W02_CIN_HOU_lowvig_20260907T231301Z,2026_NFL_W02_CIN_HOU,2026-09-07T23:13:01.148217+00:00,2026-09-07T23:11:43Z,lowvig,-2.5,-105,-105,,,46.5,-107,-107,,,,,,,True,,,odds_api,free
2026_NFL_W02_CIN_HOU_betonlineag_20260907T231301Z,2026_NFL_W02_CIN_HOU,2026-09-07T23:13:01.148217+00:00,2026-09-07T23:10:37Z,betonlineag,-2.5,-110,-110,,,46.5,-110,-110,,,,,,,True,,,odds_api,free
2026_NFL_W02_CLE_TB_draftkings_20260907T231301Z,2026_NFL_W02_CLE_TB,2026-09-07T23:13:01.148217+00:00,2026-09-07T23:12:24Z,draftkings,-6.5,-110,-110,-285.0,230.0,42.5,-110,-110,,,,,,,True,,,odds_api,free
2026_NFL_W02_CLE_TB_betus_20260907T231301Z,2026_NFL_W02_CLE_TB,2026-09-07T23:13:01.148217+00:00,2026-09-07T23:12:44Z,betus,-6.5,-110,-110,,,42.5,-110,-110,,,,,,,True,,,odds_api,free
2026_NFL_W02_CLE_TB_lowvig_20260907T231301Z,2026_NFL_W02_CLE_TB,2026-09-07T23:13:01.148217+00:00,2026-09-07T23:11:43Z,lowvig,-6.5,-105,-105,,,42.5,-107,-107,,,,,,,True,,,odds_api,free
2026_NFL_W02_CLE_TB_betonlineag_20260907T231301Z,2026_NFL_W02_CLE_TB,2026-09-07T23:13:01.148217+00:00,2026-09-07T23:10:37Z,betonlineag,-6.5,-110,-110,,,42.5,-110,-110,,,,,,,True,,,odds_api,free
2026_NFL_W02_GB_NYJ_draftkings_20260907T231301Z,2026_NFL_W02_GB_NYJ,2026-09-07T23:13:01.148217+00:00,2026-09-07T23:12:24Z,draftkings,5.5,-110,-110,200.0,-245.0,42.5,-110,-110,,,,,,,True,,,odds_api,free
2026_NFL_W02_GB_NYJ_lowvig_20260907T231301Z,2026_NFL_W02_GB_NYJ,2026-09-07T23:13:01.148217+00:00,2026-09-07T23:11:43Z,lowvig,5.5,-105,-105,,,42.5,-107,-107,,,,,,,True,,,odds_api,free
2026_NFL_W02_GB_NYJ_betonlineag_20260907T231301Z,2026_NFL_W02_GB_NYJ,2026-09-07T23:13:01.148217+00:00,2026-09-07T23:10:37Z,betonlineag,5.5,-110,-110,,,42.5,-110,-110,,,,,,,True,,,odds_api,free
2026_NFL_W02_GB_NYJ_betus_20260907T231301Z,2026_NFL_W02_GB_NYJ,2026-09-07T23:13:01.148217+00:00,2026-09-07T23:12:44Z,betus,5.5,-110,-110,,,42.5,-110,-110,,,,,,,True,,,odds_api,free
2026_NFL_W02_PIT_NE_draftkings_20260907T231301Z,2026_NFL_W02_PIT_NE,2026-09-07T23:13:01.148217+00:00,2026-09-07T23:12:24Z,draftkings,-4.5,-110,-110,-218.0,180.0,43.5,-110,-110,,,,,,,True,,,odds_api,free
2026_NFL_W02_PIT_NE_betus_20260907T231301Z,2026_NFL_W02_PIT_NE,2026-09-07T23:13:01.148217+00:00,2026-09-07T23:12:44Z,betus,-4.5,-110,-110,,,43.0,-110,-110,,,,,,,True,,,odds_api,free
2026_NFL_W02_PIT_NE_lowvig_20260907T231301Z,2026_NFL_W02_PIT_NE,2026-09-07T23:13:01.148217+00:00,2026-09-07T23:11:43Z,lowvig,-4.5,-105,-105,,,43.0,-107,-107,,,,,,,True,,,odds_api,free
2026_NFL_W02_PIT_NE_betonlineag_20260907T231301Z,2026_NFL_W02_PIT_NE,2026-09-07T23:13:01.148217+00:00,2026-09-07T23:10:37Z,betonlineag,-4.5,-110,-110,,,43.0,-110,-110,,,,,,,True,,,odds_api,free
2026_NFL_W02_PHI_TEN_draftkings_20260907T231301Z,2026_NFL_W02_PHI_TEN,2026-09-07T23:13:01.148217+00:00,2026-09-07T23:12:24Z,draftkings,4.5,-110,-110,180.0,-218.0,42.5,-110,-110,,,,,,,True,,,odds_api,free
2026_NFL_W02_PHI_TEN_betus_20260907T231301Z,2026_NFL_W02_PHI_TEN,2026-09-07T23:13:01.148217+00:00,2026-09-07T23:12:44Z,betus,4.5,-110,-110,,,42.5,-110,-110,,,,,,,True,,,odds_api,free
2026_NFL_W02_PHI_TEN_lowvig_20260907T231301Z,2026_NFL_W02_PHI_TEN,2026-09-07T23:13:01.148217+00:00,2026-09-07T23:11:43Z,lowvig,4.5,-105,-105,,,42.5,-107,-107,,,,,,,True,,,odds_api,free
2026_NFL_W02_PHI_TEN_betonlineag_20260907T231301Z,2026_NFL_W02_PHI_TEN,2026-09-07T23:13:01.148217+00:00,2026-09-07T23:10:37Z,betonlineag,4.5,-110,-110,,,42.5,-110,-110,,,,,,,True,,,odds_api,free
2026_NFL_W02_JAX_DEN_draftkings_20260907T231301Z,2026_NFL_W02_JAX_DEN,2026-09-07T23:13:01.148217+00:00,2026-09-07T23:12:24Z,draftkings,-3.0,-110,-110,-155.0,130.0,43.5,-110,-110,,,,,,,True,,,odds_api,free
2026_NFL_W02_JAX_DEN_betus_20260907T231301Z,2026_NFL_W02_JAX_DEN,2026-09-07T23:13:01.148217+00:00,2026-09-07T23:12:44Z,betus,-3.0,-105,-115,,,44.5,-110,-110,,,,,,,True,,,odds_api,free
2026_NFL_W02_JAX_DEN_lowvig_20260907T231301Z,2026_NFL_W02_JAX_DEN,2026-09-07T23:13:01.148217+00:00,2026-09-07T23:11:43Z,lowvig,-3.0,100,-110,,,44.5,-107,-107,,,,,,,True,,,odds_api,free
2026_NFL_W02_JAX_DEN_betonlineag_20260907T231301Z,2026_NFL_W02_JAX_DEN,2026-09-07T23:13:01.148217+00:00,2026-09-07T23:10:37Z,betonlineag,-3.0,-105,-115,,,44.5,-110,-110,,,,,,,True,,,odds_api,free
2026_NFL_W02_LV_LAC_draftkings_20260907T231301Z,2026_NFL_W02_LV_LAC,2026-09-07T23:13:01.148217+00:00,2026-09-07T23:12:24Z,draftkings,-8.5,-110,-110,-360.0,285.0,42.5,-110,-110,,,,,,,True,,,odds_api,free
2026_NFL_W02_LV_LAC_betus_20260907T231301Z,2026_NFL_W02_LV_LAC,2026-09-07T23:13:01.148217+00:00,2026-09-07T23:12:44Z,betus,-8.5,-110,-110,,,42.5,-110,-110,,,,,,,True,,,odds_api,free
2026_NFL_W02_LV_LAC_lowvig_20260907T231301Z,2026_NFL_W02_LV_LAC,2026-09-07T23:13:01.148217+00:00,2026-09-07T23:11:43Z,lowvig,-8.5,-105,-105,,,42.5,-107,-107,,,,,,,True,,,odds_api,free
2026_NFL_W02_LV_LAC_betonlineag_20260907T231301Z,2026_NFL_W02_LV_LAC,2026-09-07T23:13:01.148217+00:00,2026-09-07T23:10:37Z,betonlineag,-8.5,-110,-110,,,42.5,-110,-110,,,,,,,True,,,odds_api,free
2026_NFL_W02_SEA_ARI_draftkings_20260907T231301Z,2026_NFL_W02_SEA_ARI,2026-09-07T23:13:01.148217+00:00,2026-09-07T23:12:24Z,draftkings,10.0,-110,-110,400.0,-535.0,44.5,-110,-110,,,,,,,True,,,odds_api,free
2026_NFL_W02_SEA_ARI_betus_20260907T231301Z,2026_NFL_W02_SEA_ARI,2026-09-07T23:13:01.148217+00:00,2026-09-07T23:12:44Z,betus,10.0,-115,-105,,,44.5,-110,-110,,,,,,,True,,,odds_api,free
2026_NFL_W02_SEA_ARI_lowvig_20260907T231301Z,2026_NFL_W02_SEA_ARI,2026-09-07T23:13:01.148217+00:00,2026-09-07T23:11:43Z,lowvig,10.0,-110,100,,,44.5,-107,-107,,,,,,,True,,,odds_api,free
2026_NFL_W02_SEA_ARI_betonlineag_20260907T231301Z,2026_NFL_W02_SEA_ARI,2026-09-07T23:13:01.148217+00:00,2026-09-07T23:10:37Z,betonlineag,10.0,-115,-105,,,44.5,-110,-110,,,,,,,True,,,odds_api,free
2026_NFL_W02_WAS_DAL_draftkings_20260907T231301Z,2026_NFL_W02_WAS_DAL,2026-09-07T23:13:01.148217+00:00,2026-09-07T23:12:24Z,draftkings,-4.5,-105,-115,-205.0,170.0,51.5,-110,-110,,,,,,,True,,,odds_api,free
2026_NFL_W02_WAS_DAL_betus_20260907T231301Z,2026_NFL_W02_WAS_DAL,2026-09-07T23:13:01.148217+00:00,2026-09-07T23:12:44Z,betus,-4.5,-105,-115,,,51.5,-110,-110,,,,,,,True,,,odds_api,free
2026_NFL_W02_WAS_DAL_lowvig_20260907T231301Z,2026_NFL_W02_WAS_DAL,2026-09-07T23:13:01.148217+00:00,2026-09-07T23:11:43Z,lowvig,-4.5,100,-110,,,51.5,-107,-107,,,,,,,True,,,odds_api,free
2026_NFL_W02_WAS_DAL_betonlineag_20260907T231301Z,2026_NFL_W02_WAS_DAL,2026-09-07T23:13:01.148217+00:00,2026-09-07T23:10:37Z,betonlineag,-4.5,-105,-115,,,51.5,-110,-110,,,,,,,True,,,odds_api,free
2026_NFL_W02_MIA_SF_draftkings_20260907T231301Z,2026_NFL_W02_MIA_SF,2026-09-07T23:13:01.148217+00:00,2026-09-07T23:12:24Z,draftkings,-10.5,-110,-110,-675.0,490.0,46.5,-110,-110,,,,,,,True,,,odds_api,free
2026_NFL_W02_MIA_SF_betus_20260907T231301Z,2026_NFL_W02_MIA_SF,2026-09-07T23:13:01.148217+00:00,2026-09-07T23:12:44Z,betus,-10.5,-110,-110,,,46.5,-110,-110,,,,,,,True,,,odds_api,free
2026_NFL_W02_MIA_SF_lowvig_20260907T231301Z,2026_NFL_W02_MIA_SF,2026-09-07T23:13:01.148217+00:00,2026-09-07T23:11:43Z,lowvig,-10.5,-105,-105,,,46.5,-107,-107,,,,,,,True,,,odds_api,free
2026_NFL_W02_MIA_SF_betonlineag_20260907T231301Z,2026_NFL_W02_MIA_SF,2026-09-07T23:13:01.148217+00:00,2026-09-07T23:10:37Z,betonlineag,-10.5,-110,-110,,,46.5,-110,-110,,,,,,,True,,,odds_api,free
2026_NFL_W02_IND_KC_draftkings_20260907T231301Z,2026_NFL_W02_IND_KC,2026-09-07T23:13:01.148217+00:00,2026-09-07T23:12:24Z,draftkings,-6.5,-110,-110,-325.0,260.0,47.5,-110,-110,,,,,,,True,,,odds_api,free
2026_NFL_W02_IND_KC_betus_20260907T231301Z,2026_NFL_W02_IND_KC,2026-09-07T23:13:01.148217+00:00,2026-09-07T23:12:44Z,betus,-6.5,-110,-110,,,47.5,-110,-110,,,,,,,True,,,odds_api,free
2026_NFL_W02_IND_KC_betonlineag_20260907T231301Z,2026_NFL_W02_IND_KC,2026-09-07T23:13:01.148217+00:00,2026-09-07T23:10:37Z,betonlineag,-6.5,-110,-110,,,47.5,-110,-110,,,,,,,True,,,odds_api,free
2026_NFL_W02_IND_KC_lowvig_20260907T231301Z,2026_NFL_W02_IND_KC,2026-09-07T23:13:01.148217+00:00,2026-09-07T23:11:43Z,lowvig,-6.5,-105,-105,,,47.5,-107,-107,,,,,,,True,,,odds_api,free
2026_NFL_W02_NYG_LAR_draftkings_20260907T231301Z,2026_NFL_W02_NYG_LAR,2026-09-07T23:13:01.148217+00:00,2026-09-07T23:12:24Z,draftkings,-8.5,-110,-110,-380.0,300.0,48.5,-110,-110,,,,,,,True,,,odds_api,free
2026_NFL_W02_NYG_LAR_betus_20260907T231301Z,2026_NFL_W02_NYG_LAR,2026-09-07T23:13:01.148217+00:00,2026-09-07T23:12:44Z,betus,-8.5,-110,-110,,,48.5,-110,-110,,,,,,,True,,,odds_api,free
2026_NFL_W02_NYG_LAR_betonlineag_20260907T231301Z,2026_NFL_W02_NYG_LAR,2026-09-07T23:13:01.148217+00:00,2026-09-07T23:10:37Z,betonlineag,-8.5,-110,-110,,,48.5,-110,-110,,,,,,,True,,,odds_api,free
2026_NFL_W02_NYG_LAR_lowvig_20260907T231301Z,2026_NFL_W02_NYG_LAR,2026-09-07T23:13:01.148217+00:00,2026-09-07T23:11:43Z,lowvig,-8.5,-105,-105,,,48.5,-107,-107,,,,,,,True,,,odds_api,free
2026_NFL_W02_DET_BUF_draftkings_20260908T001251Z,2026_NFL_W02_DET_BUF,2026-09-08T00:12:51.163249+00:00,2026-09-08T00:11:56Z,draftkings,-3.0,-110,-110,-155.0,130.0,52.5,-105,-115,,,,,,,True,,,odds_api,free
2026_NFL_W02_DET_BUF_betonlineag_20260908T001251Z,2026_NFL_W02_DET_BUF,2026-09-08T00:12:51.163249+00:00,2026-09-08T00:12:37Z,betonlineag,-3.0,-110,-110,,,52.0,-110,-110,,,,,,,True,,,odds_api,free
2026_NFL_W02_DET_BUF_lowvig_20260908T001251Z,2026_NFL_W02_DET_BUF,2026-09-08T00:12:51.163249+00:00,2026-09-08T00:11:56Z,lowvig,-3.0,-105,-105,,,52.0,-107,-107,,,,,,,True,,,odds_api,free
2026_NFL_W02_DET_BUF_betrivers_20260908T001251Z,2026_NFL_W02_DET_BUF,2026-09-08T00:12:51.163249+00:00,2026-09-08T00:11:55Z,betrivers,-3.0,-105,-117,-165.0,133.0,52.5,-110,-110,,,,,,,True,,,odds_api,free
2026_NFL_W02_DET_BUF_betus_20260908T001251Z,2026_NFL_W02_DET_BUF,2026-09-08T00:12:51.163249+00:00,2026-09-08T00:12:41Z,betus,-3.0,-110,-110,,,52.0,-110,-110,,,,,,,True,,,odds_api,free
2026_NFL_W02_CAR_ATL_draftkings_20260908T001251Z,2026_NFL_W02_CAR_ATL,2026-09-08T00:12:51.163249+00:00,2026-09-08T00:11:56Z,draftkings,-1.5,-110,-110,-125.0,105.0,44.5,-102,-118,,,,,,,True,,,odds_api,free
2026_NFL_W02_CAR_ATL_betus_20260908T001251Z,2026_NFL_W02_CAR_ATL,2026-09-08T00:12:51.163249+00:00,2026-09-08T00:12:41Z,betus,-1.5,-110,-110,,,44.0,-110,-110,,,,,,,True,,,odds_api,free
2026_NFL_W02_CAR_ATL_lowvig_20260908T001251Z,2026_NFL_W02_CAR_ATL,2026-09-08T00:12:51.163249+00:00,2026-09-08T00:11:56Z,lowvig,-1.5,-105,-105,,,44.0,-107,-107,,,,,,,True,,,odds_api,free
2026_NFL_W02_CAR_ATL_betonlineag_20260908T001251Z,2026_NFL_W02_CAR_ATL,2026-09-08T00:12:51.163249+00:00,2026-09-08T00:12:37Z,betonlineag,-1.5,-110,-110,,,44.0,-110,-110,,,,,,,True,,,odds_api,free
2026_NFL_W02_NO_BAL_draftkings_20260908T001251Z,2026_NFL_W02_NO_BAL,2026-09-08T00:12:51.163249+00:00,2026-09-08T00:11:56Z,draftkings,-7.5,-110,-110,-360.0,285.0,46.5,-110,-110,,,,,,,True,,,odds_api,free
2026_NFL_W02_NO_BAL_betus_20260908T001251Z,2026_NFL_W02_NO_BAL,2026-09-08T00:12:51.163249+00:00,2026-09-08T00:12:41Z,betus,-7.5,-110,-110,,,46.5,-110,-110,,,,,,,True,,,odds_api,free
2026_NFL_W02_NO_BAL_lowvig_20260908T001251Z,2026_NFL_W02_NO_BAL,2026-09-08T00:12:51.163249+00:00,2026-09-08T00:11:56Z,lowvig,-7.5,-105,-105,,,46.5,-107,-107,,,,,,,True,,,odds_api,free
2026_NFL_W02_NO_BAL_betonlineag_20260908T001251Z,2026_NFL_W02_NO_BAL,2026-09-08T00:12:51.163249+00:00,2026-09-08T00:12:37Z,betonlineag,-7.5,-110,-110,,,46.5,-110,-110,,,,,,,True,,,odds_api,free
2026_NFL_W02_MIN_CHI_draftkings_20260908T001251Z,2026_NFL_W02_MIN_CHI,2026-09-08T00:12:51.163249+00:00,2026-09-08T00:11:56Z,draftkings,-3.5,-105,-115,-192.0,160.0,45.5,-110,-110,,,,,,,True,,,odds_api,free
2026_NFL_W02_MIN_CHI_lowvig_20260908T001251Z,2026_NFL_W02_MIN_CHI,2026-09-08T00:12:51.163249+00:00,2026-09-08T00:11:56Z,lowvig,-3.5,100,-110,,,45.5,-107,-107,,,,,,,True,,,odds_api,free
2026_NFL_W02_MIN_CHI_betonlineag_20260908T001251Z,2026_NFL_W02_MIN_CHI,2026-09-08T00:12:51.163249+00:00,2026-09-08T00:12:37Z,betonlineag,-3.5,-105,-115,,,45.5,-110,-110,,,,,,,True,,,odds_api,free
2026_NFL_W02_MIN_CHI_betus_20260908T001251Z,2026_NFL_W02_MIN_CHI,2026-09-08T00:12:51.163249+00:00,2026-09-08T00:12:41Z,betus,-3.5,-105,-115,,,45.5,-110,-110,,,,,,,True,,,odds_api,free
2026_NFL_W02_CIN_HOU_draftkings_20260908T001251Z,2026_NFL_W02_CIN_HOU,2026-09-08T00:12:51.163249+00:00,2026-09-08T00:11:56Z,draftkings,-2.5,-110,-110,-135.0,114.0,46.5,-110,-110,,,,,,,True,,,odds_api,free
2026_NFL_W02_CIN_HOU_betus_20260908T001251Z,2026_NFL_W02_CIN_HOU,2026-09-08T00:12:51.163249+00:00,2026-09-08T00:12:41Z,betus,-2.5,-110,-110,,,46.5,-110,-110,,,,,,,True,,,odds_api,free
2026_NFL_W02_CIN_HOU_lowvig_20260908T001251Z,2026_NFL_W02_CIN_HOU,2026-09-08T00:12:51.163249+00:00,2026-09-08T00:11:56Z,lowvig,-2.5,-105,-105,,,46.5,-107,-107,,,,,,,True,,,odds_api,free
2026_NFL_W02_CIN_HOU_betonlineag_20260908T001251Z,2026_NFL_W02_CIN_HOU,2026-09-08T00:12:51.163249+00:00,2026-09-08T00:12:37Z,betonlineag,-2.5,-110,-110,,,46.5,-110,-110,,,,,,,True,,,odds_api,free
2026_NFL_W02_CLE_TB_draftkings_20260908T001251Z,2026_NFL_W02_CLE_TB,2026-09-08T00:12:51.163249+00:00,2026-09-08T00:11:56Z,draftkings,-6.5,-110,-110,-285.0,230.0,42.5,-110,-110,,,,,,,True,,,odds_api,free
2026_NFL_W02_CLE_TB_betus_20260908T001251Z,2026_NFL_W02_CLE_TB,2026-09-08T00:12:51.163249+00:00,2026-09-08T00:12:41Z,betus,-6.5,-110,-110,,,42.5,-110,-110,,,,,,,True,,,odds_api,free
2026_NFL_W02_CLE_TB_lowvig_20260908T001251Z,2026_NFL_W02_CLE_TB,2026-09-08T00:12:51.163249+00:00,2026-09-08T00:11:56Z,lowvig,-6.5,-105,-105,,,42.5,-107,-107,,,,,,,True,,,odds_api,free
2026_NFL_W02_CLE_TB_betonlineag_20260908T001251Z,2026_NFL_W02_CLE_TB,2026-09-08T00:12:51.163249+00:00,2026-09-08T00:12:37Z,betonlineag,-6.5,-110,-110,,,42.5,-110,-110,,,,,,,True,,,odds_api,free
2026_NFL_W02_GB_NYJ_draftkings_20260908T001251Z,2026_NFL_W02_GB_NYJ,2026-09-08T00:12:51.163249+00:00,2026-09-08T00:11:56Z,draftkings,5.5,-110,-110,200.0,-245.0,42.5,-110,-110,,,,,,,True,,,odds_api,free
2026_NFL_W02_GB_NYJ_lowvig_20260908T001251Z,2026_NFL_W02_GB_NYJ,2026-09-08T00:12:51.163249+00:00,2026-09-08T00:11:56Z,lowvig,5.5,-105,-105,,,42.5,-107,-107,,,,,,,True,,,odds_api,free
2026_NFL_W02_GB_NYJ_betonlineag_20260908T001251Z,2026_NFL_W02_GB_NYJ,2026-09-08T00:12:51.163249+00:00,2026-09-08T00:12:37Z,betonlineag,5.5,-110,-110,,,42.5,-110,-110,,,,,,,True,,,odds_api,free
2026_NFL_W02_GB_NYJ_betus_20260908T001251Z,2026_NFL_W02_GB_NYJ,2026-09-08T00:12:51.163249+00:00,2026-09-08T00:12:41Z,betus,5.5,-110,-110,,,42.5,-110,-110,,,,,,,True,,,odds_api,free
2026_NFL_W02_PIT_NE_draftkings_20260908T001251Z,2026_NFL_W02_PIT_NE,2026-09-08T00:12:51.163249+00:00,2026-09-08T00:11:56Z,draftkings,-4.5,-110,-110,-218.0,180.0,43.5,-110,-110,,,,,,,True,,,odds_api,free
2026_NFL_W02_PIT_NE_betus_20260908T001251Z,2026_NFL_W02_PIT_NE,2026-09-08T00:12:51.163249+00:00,2026-09-08T00:12:41Z,betus,-4.5,-110,-110,,,43.0,-110,-110,,,,,,,True,,,odds_api,free
2026_NFL_W02_PIT_NE_lowvig_20260908T001251Z,2026_NFL_W02_PIT_NE,2026-09-08T00:12:51.163249+00:00,2026-09-08T00:11:56Z,lowvig,-4.5,-105,-105,,,43.0,-107,-107,,,,,,,True,,,odds_api,free
2026_NFL_W02_PIT_NE_betonlineag_20260908T001251Z,2026_NFL_W02_PIT_NE,2026-09-08T00:12:51.163249+00:00,2026-09-08T00:12:37Z,betonlineag,-4.5,-110,-110,,,43.0,-110,-110,,,,,,,True,,,odds_api,free
2026_NFL_W02_PHI_TEN_draftkings_20260908T001251Z,2026_NFL_W02_PHI_TEN,2026-09-08T00:12:51.163249+00:00,2026-09-08T00:11:56Z,draftkings,4.5,-110,-110,180.0,-218.0,42.5,-110,-110,,,,,,,True,,,odds_api,free
2026_NFL_W02_PHI_TEN_betus_20260908T001251Z,2026_NFL_W02_PHI_TEN,2026-09-08T00:12:51.163249+00:00,2026-09-08T00:12:41Z,betus,4.5,-110,-110,,,42.5,-110,-110,,,,,,,True,,,odds_api,free
2026_NFL_W02_PHI_TEN_lowvig_20260908T001251Z,2026_NFL_W02_PHI_TEN,2026-09-08T00:12:51.163249+00:00,2026-09-08T00:11:56Z,lowvig,4.5,-105,-105,,,42.5,-107,-107,,,,,,,True,,,odds_api,free
2026_NFL_W02_PHI_TEN_betonlineag_20260908T001251Z,2026_NFL_W02_PHI_TEN,2026-09-08T00:12:51.163249+00:00,2026-09-08T00:12:37Z,betonlineag,4.5,-110,-110,,,42.5,-110,-110,,,,,,,True,,,odds_api,free
2026_NFL_W02_JAX_DEN_draftkings_20260908T001251Z,2026_NFL_W02_JAX_DEN,2026-09-08T00:12:51.163249+00:00,2026-09-08T00:11:56Z,draftkings,-3.0,-110,-110,-155.0,130.0,43.5,-110,-110,,,,,,,True,,,odds_api,free
2026_NFL_W02_JAX_DEN_betus_20260908T001251Z,2026_NFL_W02_JAX_DEN,2026-09-08T00:12:51.163249+00:00,2026-09-08T00:12:41Z,betus,-3.0,-105,-115,,,44.5,-110,-110,,,,,,,True,,,odds_api,free
2026_NFL_W02_JAX_DEN_lowvig_20260908T001251Z,2026_NFL_W02_JAX_DEN,2026-09-08T00:12:51.163249+00:00,2026-09-08T00:11:56Z,lowvig,-3.0,100,-110,,,44.5,-107,-107,,,,,,,True,,,odds_api,free
2026_NFL_W02_JAX_DEN_betonlineag_20260908T001251Z,2026_NFL_W02_JAX_DEN,2026-09-08T00:12:51.163249+00:00,2026-09-08T00:12:37Z,betonlineag,-3.0,-105,-115,,,44.5,-110,-110,,,,,,,True,,,odds_api,free
2026_NFL_W02_LV_LAC_draftkings_20260908T001251Z,2026_NFL_W02_LV_LAC,2026-09-08T00:12:51.163249+00:00,2026-09-08T00:11:56Z,draftkings,-8.5,-110,-110,-360.0,285.0,42.5,-110,-110,,,,,,,True,,,odds_api,free
2026_NFL_W02_LV_LAC_betus_20260908T001251Z,2026_NFL_W02_LV_LAC,2026-09-08T00:12:51.163249+00:00,2026-09-08T00:12:41Z,betus,-8.5,-110,-110,,,42.5,-110,-110,,,,,,,True,,,odds_api,free
2026_NFL_W02_LV_LAC_lowvig_20260908T001251Z,2026_NFL_W02_LV_LAC,2026-09-08T00:12:51.163249+00:00,2026-09-08T00:11:56Z,lowvig,-8.5,-105,-105,,,42.5,-107,-107,,,,,,,True,,,odds_api,free
2026_NFL_W02_LV_LAC_betonlineag_20260908T001251Z,2026_NFL_W02_LV_LAC,2026-09-08T00:12:51.163249+00:00,2026-09-08T00:12:37Z,betonlineag,-8.5,-110,-110,,,42.5,-110,-110,,,,,,,True,,,odds_api,free
2026_NFL_W02_SEA_ARI_draftkings_20260908T001251Z,2026_NFL_W02_SEA_ARI,2026-09-08T00:12:51.163249+00:00,2026-09-08T00:11:56Z,draftkings,10.0,-110,-110,400.0,-535.0,44.5,-110,-110,,,,,,,True,,,odds_api,free
2026_NFL_W02_SEA_ARI_betus_20260908T001251Z,2026_NFL_W02_SEA_ARI,2026-09-08T00:12:51.163249+00:00,2026-09-08T00:12:41Z,betus,10.0,-115,-105,,,44.5,-110,-110,,,,,,,True,,,odds_api,free
2026_NFL_W02_SEA_ARI_lowvig_20260908T001251Z,2026_NFL_W02_SEA_ARI,2026-09-08T00:12:51.163249+00:00,2026-09-08T00:11:56Z,lowvig,10.0,-110,100,,,44.5,-107,-107,,,,,,,True,,,odds_api,free
2026_NFL_W02_SEA_ARI_betonlineag_20260908T001251Z,2026_NFL_W02_SEA_ARI,2026-09-08T00:12:51.163249+00:00,2026-09-08T00:12:37Z,betonlineag,10.0,-115,-105,,,44.5,-110,-110,,,,,,,True,,,odds_api,free
2026_NFL_W02_WAS_DAL_draftkings_20260908T001251Z,2026_NFL_W02_WAS_DAL,2026-09-08T00:12:51.163249+00:00,2026-09-08T00:11:56Z,draftkings,-4.5,-105,-115,-205.0,170.0,51.5,-110,-110,,,,,,,True,,,odds_api,free
2026_NFL_W02_WAS_DAL_betus_20260908T001251Z,2026_NFL_W02_WAS_DAL,2026-09-08T00:12:51.163249+00:00,2026-09-08T00:12:41Z,betus,-4.5,-105,-115,,,51.5,-110,-110,,,,,,,True,,,odds_api,free
2026_NFL_W02_WAS_DAL_lowvig_20260908T001251Z,2026_NFL_W02_WAS_DAL,2026-09-08T00:12:51.163249+00:00,2026-09-08T00:11:56Z,lowvig,-4.5,100,-110,,,51.5,-107,-107,,,,,,,True,,,odds_api,free
2026_NFL_W02_WAS_DAL_betonlineag_20260908T001251Z,2026_NFL_W02_WAS_DAL,2026-09-08T00:12:51.163249+00:00,2026-09-08T00:12:37Z,betonlineag,-4.5,-105,-115,,,51.5,-110,-110,,,,,,,True,,,odds_api,free
2026_NFL_W02_MIA_SF_draftkings_20260908T001251Z,2026_NFL_W02_MIA_SF,2026-09-08T00:12:51.163249+00:00,2026-09-08T00:11:56Z,draftkings,-10.5,-110,-110,-675.0,490.0,46.5,-110,-110,,,,,,,True,,,odds_api,free
2026_NFL_W02_MIA_SF_betus_20260908T001251Z,2026_NFL_W02_MIA_SF,2026-09-08T00:12:51.163249+00:00,2026-09-08T00:12:41Z,betus,-10.5,-110,-110,,,46.5,-110,-110,,,,,,,True,,,odds_api,free
2026_NFL_W02_MIA_SF_lowvig_20260908T001251Z,2026_NFL_W02_MIA_SF,2026-09-08T00:12:51.163249+00:00,2026-09-08T00:11:56Z,lowvig,-10.5,-105,-105,,,46.5,-107,-107,,,,,,,True,,,odds_api,free
2026_NFL_W02_MIA_SF_betonlineag_20260908T001251Z,2026_NFL_W02_MIA_SF,2026-09-08T00:12:51.163249+00:00,2026-09-08T00:12:37Z,betonlineag,-10.5,-110,-110,,,46.5,-110,-110,,,,,,,True,,,odds_api,free
2026_NFL_W02_IND_KC_draftkings_20260908T001251Z,2026_NFL_W02_IND_KC,2026-09-08T00:12:51.163249+00:00,2026-09-08T00:11:56Z,draftkings,-6.5,-110,-110,-325.0,260.0,47.5,-110,-110,,,,,,,True,,,odds_api,free
2026_NFL_W02_IND_KC_betus_20260908T001251Z,2026_NFL_W02_IND_KC,2026-09-08T00:12:51.163249+00:00,2026-09-08T00:12:41Z,betus,-6.5,-110,-110,,,47.5,-110,-110,,,,,,,True,,,odds_api,free
2026_NFL_W02_IND_KC_betonlineag_20260908T001251Z,2026_NFL_W02_IND_KC,2026-09-08T00:12:51.163249+00:00,2026-09-08T00:12:37Z,betonlineag,-6.5,-110,-110,,,47.5,-110,-110,,,,,,,True,,,odds_api,free
2026_NFL_W02_IND_KC_lowvig_20260908T001251Z,2026_NFL_W02_IND_KC,2026-09-08T00:12:51.163249+00:00,2026-09-08T00:11:56Z,lowvig,-6.5,-105,-105,,,47.5,-107,-107,,,,,,,True,,,odds_api,free
2026_NFL_W02_NYG_LAR_draftkings_20260908T001251Z,2026_NFL_W02_NYG_LAR,2026-09-08T00:12:51.163249+00:00,2026-09-08T00:11:56Z,draftkings,-8.5,-110,-110,-380.0,300.0,48.5,-110,-110,,,,,,,True,,,odds_api,free
2026_NFL_W02_NYG_LAR_betus_20260908T001251Z,2026_NFL_W02_NYG_LAR,2026-09-08T00:12:51.163249+00:00,2026-09-08T00:12:41Z,betus,-8.5,-110,-110,,,48.5,-110,-110,,,,,,,True,,,odds_api,free
2026_NFL_W02_NYG_LAR_betonlineag_20260908T001251Z,2026_NFL_W02_NYG_LAR,2026-09-08T00:12:51.163249+00:00,2026-09-08T00:12:37Z,betonlineag,-8.5,-110,-110,,,48.5,-110,-110,,,,,,,True,,,odds_api,free
2026_NFL_W02_NYG_LAR_lowvig_20260908T001251Z,2026_NFL_W02_NYG_LAR,2026-09-08T00:12:51.163249+00:00,2026-09-08T00:11:56Z,lowvig,-8.5,-105,-105,,,48.5,-107,-107,,,,,,,True,,,odds_api,free
2026_NFL_W02_DET_BUF_draftkings_20260908T141841Z,2026_NFL_W02_DET_BUF,2026-09-08T14:18:41.613823+00:00,2026-09-08T14:18:00Z,draftkings,-3.0,-110,-110,-162.0,136.0,52.5,-105,-115,,,,,,,True,,,odds_api,free
2026_NFL_W02_DET_BUF_betonlineag_20260908T141841Z,2026_NFL_W02_DET_BUF,2026-09-08T14:18:41.613823+00:00,2026-09-08T14:17:29Z,betonlineag,-3.0,-110,-110,,,51.5,-110,-110,,,,,,,True,,,odds_api,free
2026_NFL_W02_DET_BUF_lowvig_20260908T141841Z,2026_NFL_W02_DET_BUF,2026-09-08T14:18:41.613823+00:00,2026-09-08T14:17:29Z,lowvig,-3.0,-105,-105,,,51.5,-107,-107,,,,,,,True,,,odds_api,free
2026_NFL_W02_DET_BUF_betrivers_20260908T141841Z,2026_NFL_W02_DET_BUF,2026-09-08T14:18:41.613823+00:00,2026-09-08T14:17:27Z,betrivers,-3.0,-105,-117,-165.0,133.0,52.5,-110,-110,,,,,,,True,,,odds_api,free
2026_NFL_W02_DET_BUF_betus_20260908T141841Z,2026_NFL_W02_DET_BUF,2026-09-08T14:18:41.613823+00:00,2026-09-08T14:17:31Z,betus,-3.0,-110,-110,,,51.5,-110,-110,,,,,,,True,,,odds_api,free
2026_NFL_W02_CAR_ATL_draftkings_20260908T141841Z,2026_NFL_W02_CAR_ATL,2026-09-08T14:18:41.613823+00:00,2026-09-08T14:18:00Z,draftkings,-1.5,-110,-110,-125.0,105.0,44.5,-102,-118,,,,,,,True,,,odds_api,free
2026_NFL_W02_CAR_ATL_betus_20260908T141841Z,2026_NFL_W02_CAR_ATL,2026-09-08T14:18:41.613823+00:00,2026-09-08T14:17:31Z,betus,-1.5,-110,-110,,,44.0,-110,-110,,,,,,,True,,,odds_api,free
2026_NFL_W02_CAR_ATL_lowvig_20260908T141841Z,2026_NFL_W02_CAR_ATL,2026-09-08T14:18:41.613823+00:00,2026-09-08T14:17:29Z,lowvig,-1.5,-105,-105,,,44.0,-107,-107,,,,,,,True,,,odds_api,free
2026_NFL_W02_CAR_ATL_betonlineag_20260908T141841Z,2026_NFL_W02_CAR_ATL,2026-09-08T14:18:41.613823+00:00,2026-09-08T14:17:29Z,betonlineag,-1.5,-110,-110,,,44.0,-110,-110,,,,,,,True,,,odds_api,free
2026_NFL_W02_NO_BAL_draftkings_20260908T141841Z,2026_NFL_W02_NO_BAL,2026-09-08T14:18:41.613823+00:00,2026-09-08T14:18:00Z,draftkings,-7.5,-110,-110,-355.0,280.0,46.5,-110,-110,,,,,,,True,,,odds_api,free
2026_NFL_W02_NO_BAL_betus_20260908T141841Z,2026_NFL_W02_NO_BAL,2026-09-08T14:18:41.613823+00:00,2026-09-08T14:17:31Z,betus,-7.5,-110,-110,,,46.5,-110,-110,,,,,,,True,,,odds_api,free
2026_NFL_W02_NO_BAL_lowvig_20260908T141841Z,2026_NFL_W02_NO_BAL,2026-09-08T14:18:41.613823+00:00,2026-09-08T14:17:29Z,lowvig,-7.5,-105,-105,,,46.5,-107,-107,,,,,,,True,,,odds_api,free
2026_NFL_W02_NO_BAL_betonlineag_20260908T141841Z,2026_NFL_W02_NO_BAL,2026-09-08T14:18:41.613823+00:00,2026-09-08T14:17:29Z,betonlineag,-7.5,-110,-110,,,46.5,-110,-110,,,,,,,True,,,odds_api,free
2026_NFL_W02_MIN_CHI_draftkings_20260908T141841Z,2026_NFL_W02_MIN_CHI,2026-09-08T14:18:41.613823+00:00,2026-09-08T14:18:00Z,draftkings,-3.5,-105,-115,-192.0,160.0,45.5,-110,-110,,,,,,,True,,,odds_api,free
2026_NFL_W02_MIN_CHI_lowvig_20260908T141841Z,2026_NFL_W02_MIN_CHI,2026-09-08T14:18:41.613823+00:00,2026-09-08T14:17:29Z,lowvig,-3.5,100,-110,,,45.5,-107,-107,,,,,,,True,,,odds_api,free
2026_NFL_W02_MIN_CHI_betonlineag_20260908T141841Z,2026_NFL_W02_MIN_CHI,2026-09-08T14:18:41.613823+00:00,2026-09-08T14:17:29Z,betonlineag,-3.5,-105,-115,,,45.5,-110,-110,,,,,,,True,,,odds_api,free
2026_NFL_W02_MIN_CHI_betus_20260908T141841Z,2026_NFL_W02_MIN_CHI,2026-09-08T14:18:41.613823+00:00,2026-09-08T14:17:31Z,betus,-3.5,-105,-115,,,45.5,-110,-110,,,,,,,True,,,odds_api,free
2026_NFL_W02_CIN_HOU_draftkings_20260908T141841Z,2026_NFL_W02_CIN_HOU,2026-09-08T14:18:41.613823+00:00,2026-09-08T14:18:00Z,draftkings,-2.5,-110,-110,-135.0,114.0,46.5,-110,-110,,,,,,,True,,,odds_api,free
2026_NFL_W02_CIN_HOU_betus_20260908T141841Z,2026_NFL_W02_CIN_HOU,2026-09-08T14:18:41.613823+00:00,2026-09-08T14:17:31Z,betus,-3.0,-115,-105,,,46.5,-110,-110,,,,,,,True,,,odds_api,free
2026_NFL_W02_CIN_HOU_lowvig_20260908T141841Z,2026_NFL_W02_CIN_HOU,2026-09-08T14:18:41.613823+00:00,2026-09-08T14:17:29Z,lowvig,-3.0,-110,100,,,46.5,-107,-107,,,,,,,True,,,odds_api,free
2026_NFL_W02_CIN_HOU_betonlineag_20260908T141841Z,2026_NFL_W02_CIN_HOU,2026-09-08T14:18:41.613823+00:00,2026-09-08T14:17:29Z,betonlineag,-3.0,-115,-105,,,46.5,-110,-110,,,,,,,True,,,odds_api,free
2026_NFL_W02_CLE_TB_draftkings_20260908T141841Z,2026_NFL_W02_CLE_TB,2026-09-08T14:18:41.613823+00:00,2026-09-08T14:18:00Z,draftkings,-6.5,-110,-110,-278.0,225.0,42.5,-110,-110,,,,,,,True,,,odds_api,free
2026_NFL_W02_CLE_TB_betus_20260908T141841Z,2026_NFL_W02_CLE_TB,2026-09-08T14:18:41.613823+00:00,2026-09-08T14:17:31Z,betus,-6.5,-110,-110,,,42.5,-110,-110,,,,,,,True,,,odds_api,free
2026_NFL_W02_CLE_TB_lowvig_20260908T141841Z,2026_NFL_W02_CLE_TB,2026-09-08T14:18:41.613823+00:00,2026-09-08T14:17:29Z,lowvig,-6.5,-105,-105,,,42.5,-107,-107,,,,,,,True,,,odds_api,free
2026_NFL_W02_CLE_TB_betonlineag_20260908T141841Z,2026_NFL_W02_CLE_TB,2026-09-08T14:18:41.613823+00:00,2026-09-08T14:17:29Z,betonlineag,-6.5,-110,-110,,,42.5,-110,-110,,,,,,,True,,,odds_api,free
2026_NFL_W02_GB_NYJ_draftkings_20260908T141841Z,2026_NFL_W02_GB_NYJ,2026-09-08T14:18:41.613823+00:00,2026-09-08T14:18:00Z,draftkings,5.5,-110,-110,200.0,-245.0,42.5,-110,-110,,,,,,,True,,,odds_api,free
2026_NFL_W02_GB_NYJ_lowvig_20260908T141841Z,2026_NFL_W02_GB_NYJ,2026-09-08T14:18:41.613823+00:00,2026-09-08T14:17:29Z,lowvig,5.5,-105,-105,,,42.5,-107,-107,,,,,,,True,,,odds_api,free
2026_NFL_W02_GB_NYJ_betonlineag_20260908T141841Z,2026_NFL_W02_GB_NYJ,2026-09-08T14:18:41.613823+00:00,2026-09-08T14:17:29Z,betonlineag,5.5,-110,-110,,,42.5,-110,-110,,,,,,,True,,,odds_api,free
2026_NFL_W02_GB_NYJ_betus_20260908T141841Z,2026_NFL_W02_GB_NYJ,2026-09-08T14:18:41.613823+00:00,2026-09-08T14:17:31Z,betus,5.5,-110,-110,,,42.5,-110,-110,,,,,,,True,,,odds_api,free
2026_NFL_W02_PIT_NE_draftkings_20260908T141841Z,2026_NFL_W02_PIT_NE,2026-09-08T14:18:41.613823+00:00,2026-09-08T14:18:00Z,draftkings,-4.5,-110,-110,-218.0,180.0,43.5,-110,-110,,,,,,,True,,,odds_api,free
2026_NFL_W02_PIT_NE_betus_20260908T141841Z,2026_NFL_W02_PIT_NE,2026-09-08T14:18:41.613823+00:00,2026-09-08T14:17:31Z,betus,-5.0,-115,-105,,,43.0,-110,-110,,,,,,,True,,,odds_api,free
2026_NFL_W02_PIT_NE_lowvig_20260908T141841Z,2026_NFL_W02_PIT_NE,2026-09-08T14:18:41.613823+00:00,2026-09-08T14:17:29Z,lowvig,-5.0,-110,100,,,43.0,-107,-107,,,,,,,True,,,odds_api,free
2026_NFL_W02_PIT_NE_betonlineag_20260908T141841Z,2026_NFL_W02_PIT_NE,2026-09-08T14:18:41.613823+00:00,2026-09-08T14:17:29Z,betonlineag,-5.0,-115,-105,,,43.0,-110,-110,,,,,,,True,,,odds_api,free
2026_NFL_W02_PHI_TEN_draftkings_20260908T141841Z,2026_NFL_W02_PHI_TEN,2026-09-08T14:18:41.613823+00:00,2026-09-08T14:18:00Z,draftkings,4.5,-110,-110,180.0,-218.0,42.5,-110,-110,,,,,,,True,,,odds_api,free
2026_NFL_W02_PHI_TEN_betus_20260908T141841Z,2026_NFL_W02_PHI_TEN,2026-09-08T14:18:41.613823+00:00,2026-09-08T14:17:31Z,betus,4.5,-110,-110,,,42.5,-110,-110,,,,,,,True,,,odds_api,free
2026_NFL_W02_PHI_TEN_lowvig_20260908T141841Z,2026_NFL_W02_PHI_TEN,2026-09-08T14:18:41.613823+00:00,2026-09-08T14:17:29Z,lowvig,4.5,-105,-105,,,42.5,-107,-107,,,,,,,True,,,odds_api,free
2026_NFL_W02_PHI_TEN_betonlineag_20260908T141841Z,2026_NFL_W02_PHI_TEN,2026-09-08T14:18:41.613823+00:00,2026-09-08T14:17:29Z,betonlineag,4.5,-110,-110,,,42.5,-110,-110,,,,,,,True,,,odds_api,free
2026_NFL_W02_JAX_DEN_draftkings_20260908T141841Z,2026_NFL_W02_JAX_DEN,2026-09-08T14:18:41.613823+00:00,2026-09-08T14:18:00Z,draftkings,-3.0,-110,-110,-155.0,130.0,43.5,-110,-110,,,,,,,True,,,odds_api,free
2026_NFL_W02_JAX_DEN_betus_20260908T141841Z,2026_NFL_W02_JAX_DEN,2026-09-08T14:18:41.613823+00:00,2026-09-08T14:17:31Z,betus,-3.0,-115,-105,,,44.5,-110,-110,,,,,,,True,,,odds_api,free
2026_NFL_W02_JAX_DEN_lowvig_20260908T141841Z,2026_NFL_W02_JAX_DEN,2026-09-08T14:18:41.613823+00:00,2026-09-08T14:17:29Z,lowvig,-3.0,-110,100,,,44.5,-107,-107,,,,,,,True,,,odds_api,free
2026_NFL_W02_JAX_DEN_betonlineag_20260908T141841Z,2026_NFL_W02_JAX_DEN,2026-09-08T14:18:41.613823+00:00,2026-09-08T14:17:29Z,betonlineag,-3.0,-115,-105,,,44.5,-110,-110,,,,,,,True,,,odds_api,free
2026_NFL_W02_LV_LAC_draftkings_20260908T141841Z,2026_NFL_W02_LV_LAC,2026-09-08T14:18:41.613823+00:00,2026-09-08T14:18:00Z,draftkings,-8.5,-110,-110,-360.0,285.0,42.5,-110,-110,,,,,,,True,,,odds_api,free
2026_NFL_W02_LV_LAC_betus_20260908T141841Z,2026_NFL_W02_LV_LAC,2026-09-08T14:18:41.613823+00:00,2026-09-08T14:17:31Z,betus,-8.5,-110,-110,,,42.5,-110,-110,,,,,,,True,,,odds_api,free
2026_NFL_W02_LV_LAC_lowvig_20260908T141841Z,2026_NFL_W02_LV_LAC,2026-09-08T14:18:41.613823+00:00,2026-09-08T14:17:29Z,lowvig,-8.5,-105,-105,,,42.5,-107,-107,,,,,,,True,,,odds_api,free
2026_NFL_W02_LV_LAC_betonlineag_20260908T141841Z,2026_NFL_W02_LV_LAC,2026-09-08T14:18:41.613823+00:00,2026-09-08T14:17:29Z,betonlineag,-8.5,-110,-110,,,42.5,-110,-110,,,,,,,True,,,odds_api,free
2026_NFL_W02_SEA_ARI_draftkings_20260908T141841Z,2026_NFL_W02_SEA_ARI,2026-09-08T14:18:41.613823+00:00,2026-09-08T14:18:00Z,draftkings,10.0,-110,-110,410.0,-550.0,44.5,-110,-110,,,,,,,True,,,odds_api,free
2026_NFL_W02_SEA_ARI_betus_20260908T141841Z,2026_NFL_W02_SEA_ARI,2026-09-08T14:18:41.613823+00:00,2026-09-08T14:17:31Z,betus,10.0,-115,-105,,,44.5,-110,-110,,,,,,,True,,,odds_api,free
2026_NFL_W02_SEA_ARI_lowvig_20260908T141841Z,2026_NFL_W02_SEA_ARI,2026-09-08T14:18:41.613823+00:00,2026-09-08T14:17:29Z,lowvig,10.0,-110,100,,,44.5,-107,-107,,,,,,,True,,,odds_api,free
2026_NFL_W02_SEA_ARI_betonlineag_20260908T141841Z,2026_NFL_W02_SEA_ARI,2026-09-08T14:18:41.613823+00:00,2026-09-08T14:17:29Z,betonlineag,10.0,-115,-105,,,44.5,-110,-110,,,,,,,True,,,odds_api,free
2026_NFL_W02_WAS_DAL_draftkings_20260908T141841Z,2026_NFL_W02_WAS_DAL,2026-09-08T14:18:41.613823+00:00,2026-09-08T14:18:00Z,draftkings,-4.5,-105,-115,-205.0,170.0,51.5,-110,-110,,,,,,,True,,,odds_api,free
2026_NFL_W02_WAS_DAL_betus_20260908T141841Z,2026_NFL_W02_WAS_DAL,2026-09-08T14:18:41.613823+00:00,2026-09-08T14:17:31Z,betus,-4.5,-105,-115,,,51.5,-110,-110,,,,,,,True,,,odds_api,free
2026_NFL_W02_WAS_DAL_lowvig_20260908T141841Z,2026_NFL_W02_WAS_DAL,2026-09-08T14:18:41.613823+00:00,2026-09-08T14:17:29Z,lowvig,-4.5,100,-110,,,51.5,-107,-107,,,,,,,True,,,odds_api,free
2026_NFL_W02_WAS_DAL_betonlineag_20260908T141841Z,2026_NFL_W02_WAS_DAL,2026-09-08T14:18:41.613823+00:00,2026-09-08T14:17:29Z,betonlineag,-4.5,-105,-115,,,51.5,-110,-110,,,,,,,True,,,odds_api,free
2026_NFL_W02_MIA_SF_draftkings_20260908T141841Z,2026_NFL_W02_MIA_SF,2026-09-08T14:18:41.613823+00:00,2026-09-08T14:18:00Z,draftkings,-10.5,-110,-110,-675.0,490.0,46.5,-110,-110,,,,,,,True,,,odds_api,free
2026_NFL_W02_MIA_SF_betus_20260908T141841Z,2026_NFL_W02_MIA_SF,2026-09-08T14:18:41.613823+00:00,2026-09-08T14:17:31Z,betus,-10.5,-110,-110,,,46.5,-110,-110,,,,,,,True,,,odds_api,free
2026_NFL_W02_MIA_SF_lowvig_20260908T141841Z,2026_NFL_W02_MIA_SF,2026-09-08T14:18:41.613823+00:00,2026-09-08T14:17:29Z,lowvig,-10.5,-105,-105,,,46.5,-107,-107,,,,,,,True,,,odds_api,free
2026_NFL_W02_MIA_SF_betonlineag_20260908T141841Z,2026_NFL_W02_MIA_SF,2026-09-08T14:18:41.613823+00:00,2026-09-08T14:17:29Z,betonlineag,-10.5,-110,-110,,,46.5,-110,-110,,,,,,,True,,,odds_api,free
2026_NFL_W02_IND_KC_draftkings_20260908T141841Z,2026_NFL_W02_IND_KC,2026-09-08T14:18:41.613823+00:00,2026-09-08T14:18:00Z,draftkings,-6.5,-110,-110,-325.0,260.0,47.5,-110,-110,,,,,,,True,,,odds_api,free
2026_NFL_W02_IND_KC_betus_20260908T141841Z,2026_NFL_W02_IND_KC,2026-09-08T14:18:41.613823+00:00,2026-09-08T14:17:31Z,betus,-6.5,-110,-110,,,47.5,-110,-110,,,,,,,True,,,odds_api,free
2026_NFL_W02_IND_KC_betonlineag_20260908T141841Z,2026_NFL_W02_IND_KC,2026-09-08T14:18:41.613823+00:00,2026-09-08T14:17:29Z,betonlineag,-6.5,-110,-110,,,47.5,-110,-110,,,,,,,True,,,odds_api,free
2026_NFL_W02_IND_KC_lowvig_20260908T141841Z,2026_NFL_W02_IND_KC,2026-09-08T14:18:41.613823+00:00,2026-09-08T14:17:29Z,lowvig,-6.5,-105,-105,,,47.5,-107,-107,,,,,,,True,,,odds_api,free
2026_NFL_W02_NYG_LAR_draftkings_20260908T141841Z,2026_NFL_W02_NYG_LAR,2026-09-08T14:18:41.613823+00:00,2026-09-08T14:18:00Z,draftkings,-8.5,-110,-110,-380.0,300.0,48.5,-110,-110,,,,,,,True,,,odds_api,free
2026_NFL_W02_NYG_LAR_betus_20260908T141841Z,2026_NFL_W02_NYG_LAR,2026-09-08T14:18:41.613823+00:00,2026-09-08T14:17:31Z,betus,-8.5,-110,-110,,,49.5,-110,-110,,,,,,,True,,,odds_api,free
2026_NFL_W02_NYG_LAR_betonlineag_20260908T141841Z,2026_NFL_W02_NYG_LAR,2026-09-08T14:18:41.613823+00:00,2026-09-08T14:17:29Z,betonlineag,-8.5,-110,-110,,,49.5,-110,-110,,,,,,,True,,,odds_api,free
2026_NFL_W02_NYG_LAR_lowvig_20260908T141841Z,2026_NFL_W02_NYG_LAR,2026-09-08T14:18:41.613823+00:00,2026-09-08T14:17:29Z,lowvig,-8.5,-105,-105,,,49.5,-107,-107,,,,,,,True,,,odds_api,free
2026_NFL_W02_DET_BUF_draftkings_20260908T230438Z,2026_NFL_W02_DET_BUF,2026-09-08T23:04:38.981862+00:00,2026-09-08T23:04:33Z,draftkings,-3.0,-110,-110,-162.0,136.0,52.5,-105,-115,,,,,,,True,,,odds_api,free
2026_NFL_W02_DET_BUF_fanduel_20260908T230438Z,2026_NFL_W02_DET_BUF,2026-09-08T23:04:38.981862+00:00,2026-09-08T23:04:32Z,fanduel,-3.5,-110,-110,-196.0,164.0,52.5,-110,-110,,,,,,,True,,,odds_api,free
2026_NFL_W02_DET_BUF_betonlineag_20260908T230438Z,2026_NFL_W02_DET_BUF,2026-09-08T23:04:38.981862+00:00,2026-09-08T23:02:41Z,betonlineag,-3.0,-110,-110,,,51.5,-110,-110,,,,,,,True,,,odds_api,free
2026_NFL_W02_DET_BUF_lowvig_20260908T230438Z,2026_NFL_W02_DET_BUF,2026-09-08T23:04:38.981862+00:00,2026-09-08T23:04:08Z,lowvig,-3.0,-105,-105,,,51.5,-107,-107,,,,,,,True,,,odds_api,free
2026_NFL_W02_DET_BUF_betrivers_20260908T230438Z,2026_NFL_W02_DET_BUF,2026-09-08T23:04:38.981862+00:00,2026-09-08T23:04:07Z,betrivers,-3.0,-105,-117,-165.0,133.0,52.5,-110,-110,,,,,,,True,,,odds_api,free
2026_NFL_W02_DET_BUF_betus_20260908T230438Z,2026_NFL_W02_DET_BUF,2026-09-08T23:04:38.981862+00:00,2026-09-08T23:03:40Z,betus,-3.0,-110,-110,,,51.5,-110,-110,,,,,,,True,,,odds_api,free
2026_NFL_W02_CAR_ATL_draftkings_20260908T230438Z,2026_NFL_W02_CAR_ATL,2026-09-08T23:04:38.981862+00:00,2026-09-08T23:04:33Z,draftkings,-1.5,-110,-110,-125.0,105.0,44.5,-102,-118,,,,,,,True,,,odds_api,free
2026_NFL_W02_CAR_ATL_betus_20260908T230438Z,2026_NFL_W02_CAR_ATL,2026-09-08T23:04:38.981862+00:00,2026-09-08T23:03:40Z,betus,-1.5,-110,-110,,,44.0,-110,-110,,,,,,,True,,,odds_api,free
2026_NFL_W02_CAR_ATL_lowvig_20260908T230438Z,2026_NFL_W02_CAR_ATL,2026-09-08T23:04:38.981862+00:00,2026-09-08T23:04:08Z,lowvig,-1.5,-105,-105,,,44.0,-107,-107,,,,,,,True,,,odds_api,free
2026_NFL_W02_CAR_ATL_betonlineag_20260908T230438Z,2026_NFL_W02_CAR_ATL,2026-09-08T23:04:38.981862+00:00,2026-09-08T23:02:41Z,betonlineag,-1.5,-110,-110,,,44.0,-110,-110,,,,,,,True,,,odds_api,free
2026_NFL_W02_CAR_ATL_fanduel_20260908T230438Z,2026_NFL_W02_CAR_ATL,2026-09-08T23:04:38.981862+00:00,2026-09-08T23:04:32Z,fanduel,-1.5,-106,-114,-120.0,102.0,43.5,-110,-110,,,,,,,True,,,odds_api,free
2026_NFL_W02_NO_BAL_draftkings_20260908T230438Z,2026_NFL_W02_NO_BAL,2026-09-08T23:04:38.981862+00:00,2026-09-08T23:04:33Z,draftkings,-7.5,-110,-110,-355.0,280.0,46.5,-110,-110,,,,,,,True,,,odds_api,free
2026_NFL_W02_NO_BAL_betus_20260908T230438Z,2026_NFL_W02_NO_BAL,2026-09-08T23:04:38.981862+00:00,2026-09-08T23:03:40Z,betus,-7.5,-110,-110,,,46.5,-110,-110,,,,,,,True,,,odds_api,free
2026_NFL_W02_NO_BAL_lowvig_20260908T230438Z,2026_NFL_W02_NO_BAL,2026-09-08T23:04:38.981862+00:00,2026-09-08T23:04:08Z,lowvig,-7.5,-105,-105,,,46.5,-107,-107,,,,,,,True,,,odds_api,free
2026_NFL_W02_NO_BAL_betonlineag_20260908T230438Z,2026_NFL_W02_NO_BAL,2026-09-08T23:04:38.981862+00:00,2026-09-08T23:02:41Z,betonlineag,-7.5,-110,-110,,,46.5,-110,-110,,,,,,,True,,,odds_api,free
2026_NFL_W02_NO_BAL_fanduel_20260908T230438Z,2026_NFL_W02_NO_BAL,2026-09-08T23:04:38.981862+00:00,2026-09-08T23:04:32Z,fanduel,-8.5,-104,-118,-460.0,360.0,46.5,-118,-104,,,,,,,True,,,odds_api,free
2026_NFL_W02_MIN_CHI_draftkings_20260908T230438Z,2026_NFL_W02_MIN_CHI,2026-09-08T23:04:38.981862+00:00,2026-09-08T23:04:33Z,draftkings,-3.0,-110,-110,-166.0,140.0,45.5,-110,-110,,,,,,,True,,,odds_api,free
2026_NFL_W02_MIN_CHI_lowvig_20260908T230438Z,2026_NFL_W02_MIN_CHI,2026-09-08T23:04:38.981862+00:00,2026-09-08T23:04:08Z,lowvig,-3.5,100,-110,,,45.5,-107,-107,,,,,,,True,,,odds_api,free
2026_NFL_W02_MIN_CHI_betonlineag_20260908T230438Z,2026_NFL_W02_MIN_CHI,2026-09-08T23:04:38.981862+00:00,2026-09-08T23:02:41Z,betonlineag,-3.5,-105,-115,,,45.5,-110,-110,,,,,,,True,,,odds_api,free
2026_NFL_W02_MIN_CHI_betus_20260908T230438Z,2026_NFL_W02_MIN_CHI,2026-09-08T23:04:38.981862+00:00,2026-09-08T23:03:40Z,betus,-3.5,-105,-115,,,45.5,-110,-110,,,,,,,True,,,odds_api,free
2026_NFL_W02_MIN_CHI_fanduel_20260908T230438Z,2026_NFL_W02_MIN_CHI,2026-09-08T23:04:38.981862+00:00,2026-09-08T23:04:32Z,fanduel,-3.0,-110,-110,-164.0,138.0,46.5,-110,-110,,,,,,,True,,,odds_api,free
2026_NFL_W02_CIN_HOU_draftkings_20260908T230438Z,2026_NFL_W02_CIN_HOU,2026-09-08T23:04:38.981862+00:00,2026-09-08T23:04:33Z,draftkings,-2.5,-118,-102,-148.0,124.0,45.5,-110,-110,,,,,,,True,,,odds_api,free
2026_NFL_W02_CIN_HOU_betus_20260908T230438Z,2026_NFL_W02_CIN_HOU,2026-09-08T23:04:38.981862+00:00,2026-09-08T23:03:40Z,betus,-3.0,-115,-105,,,45.5,-110,-110,,,,,,,True,,,odds_api,free
2026_NFL_W02_CIN_HOU_lowvig_20260908T230438Z,2026_NFL_W02_CIN_HOU,2026-09-08T23:04:38.981862+00:00,2026-09-08T23:04:08Z,lowvig,-3.0,-110,100,,,46.5,-107,-107,,,,,,,True,,,odds_api,free
2026_NFL_W02_CIN_HOU_betonlineag_20260908T230438Z,2026_NFL_W02_CIN_HOU,2026-09-08T23:04:38.981862+00:00,2026-09-08T23:02:41Z,betonlineag,-3.0,-115,-105,,,46.5,-110,-110,,,,,,,True,,,odds_api,free
2026_NFL_W02_CIN_HOU_fanduel_20260908T230438Z,2026_NFL_W02_CIN_HOU,2026-09-08T23:04:38.981862+00:00,2026-09-08T23:04:32Z,fanduel,-2.5,-110,-110,-136.0,116.0,46.5,-110,-110,,,,,,,True,,,odds_api,free
2026_NFL_W02_CLE_TB_draftkings_20260908T230438Z,2026_NFL_W02_CLE_TB,2026-09-08T23:04:38.981862+00:00,2026-09-08T23:04:33Z,draftkings,-6.5,-110,-110,-278.0,225.0,42.5,-110,-110,,,,,,,True,,,odds_api,free
2026_NFL_W02_CLE_TB_betus_20260908T230438Z,2026_NFL_W02_CLE_TB,2026-09-08T23:04:38.981862+00:00,2026-09-08T23:03:40Z,betus,-6.5,-110,-110,,,41.5,-110,-110,,,,,,,True,,,odds_api,free
2026_NFL_W02_CLE_TB_lowvig_20260908T230438Z,2026_NFL_W02_CLE_TB,2026-09-08T23:04:38.981862+00:00,2026-09-08T23:04:08Z,lowvig,-6.5,-105,-105,,,42.0,-107,-107,,,,,,,True,,,odds_api,free
2026_NFL_W02_CLE_TB_betonlineag_20260908T230438Z,2026_NFL_W02_CLE_TB,2026-09-08T23:04:38.981862+00:00,2026-09-08T23:02:41Z,betonlineag,-6.5,-110,-110,,,42.0,-110,-110,,,,,,,True,,,odds_api,free
2026_NFL_W02_CLE_TB_fanduel_20260908T230438Z,2026_NFL_W02_CLE_TB,2026-09-08T23:04:38.981862+00:00,2026-09-08T23:04:32Z,fanduel,-6.5,-115,-105,-330.0,265.0,40.5,-105,-115,,,,,,,True,,,odds_api,free
2026_NFL_W02_GB_NYJ_draftkings_20260908T230438Z,2026_NFL_W02_GB_NYJ,2026-09-08T23:04:38.981862+00:00,2026-09-08T23:04:33Z,draftkings,5.5,-110,-110,200.0,-245.0,42.5,-110,-110,,,,,,,True,,,odds_api,free
2026_NFL_W02_GB_NYJ_lowvig_20260908T230438Z,2026_NFL_W02_GB_NYJ,2026-09-08T23:04:38.981862+00:00,2026-09-08T23:04:08Z,lowvig,5.5,-105,-105,,,42.5,-107,-107,,,,,,,True,,,odds_api,free
2026_NFL_W02_GB_NYJ_betonlineag_20260908T230438Z,2026_NFL_W02_GB_NYJ,2026-09-08T23:04:38.981862+00:00,2026-09-08T23:02:41Z,betonlineag,5.5,-110,-110,,,42.5,-110,-110,,,,,,,True,,,odds_api,free
2026_NFL_W02_GB_NYJ_betus_20260908T230438Z,2026_NFL_W02_GB_NYJ,2026-09-08T23:04:38.981862+00:00,2026-09-08T23:03:40Z,betus,5.5,-110,-110,,,42.5,-110,-110,,,,,,,True,,,odds_api,free
2026_NFL_W02_GB_NYJ_fanduel_20260908T230438Z,2026_NFL_W02_GB_NYJ,2026-09-08T23:04:38.981862+00:00,2026-09-08T23:04:32Z,fanduel,5.5,-110,-110,200.0,-245.0,42.5,-118,-104,,,,,,,True,,,odds_api,free
2026_NFL_W02_PIT_NE_draftkings_20260908T230438Z,2026_NFL_W02_PIT_NE,2026-09-08T23:04:38.981862+00:00,2026-09-08T23:04:33Z,draftkings,-4.5,-110,-110,-218.0,180.0,43.5,-110,-110,,,,,,,True,,,odds_api,free
2026_NFL_W02_PIT_NE_betus_20260908T230438Z,2026_NFL_W02_PIT_NE,2026-09-08T23:04:38.981862+00:00,2026-09-08T23:03:40Z,betus,-5.0,-115,-105,,,43.0,-110,-110,,,,,,,True,,,odds_api,free
2026_NFL_W02_PIT_NE_lowvig_20260908T230438Z,2026_NFL_W02_PIT_NE,2026-09-08T23:04:38.981862+00:00,2026-09-08T23:04:08Z,lowvig,-5.0,-110,100,,,43.0,-107,-107,,,,,,,True,,,odds_api,free
2026_NFL_W02_PIT_NE_betonlineag_20260908T230438Z,2026_NFL_W02_PIT_NE,2026-09-08T23:04:38.981862+00:00,2026-09-08T23:02:41Z,betonlineag,-5.0,-115,-105,,,43.0,-110,-110,,,,,,,True,,,odds_api,free
2026_NFL_W02_PIT_NE_fanduel_20260908T230438Z,2026_NFL_W02_PIT_NE,2026-09-08T23:04:38.981862+00:00,2026-09-08T23:04:32Z,fanduel,-5.5,-110,-110,-240.0,198.0,43.5,-105,-115,,,,,,,True,,,odds_api,free
2026_NFL_W02_PHI_TEN_draftkings_20260908T230438Z,2026_NFL_W02_PHI_TEN,2026-09-08T23:04:38.981862+00:00,2026-09-08T23:04:33Z,draftkings,5.5,-110,-110,190.0,-230.0,42.5,-110,-110,,,,,,,True,,,odds_api,free
2026_NFL_W02_PHI_TEN_betus_20260908T230438Z,2026_NFL_W02_PHI_TEN,2026-09-08T23:04:38.981862+00:00,2026-09-08T23:03:40Z,betus,4.5,-110,-110,,,42.5,-110,-110,,,,,,,True,,,odds_api,free
2026_NFL_W02_PHI_TEN_lowvig_20260908T230438Z,2026_NFL_W02_PHI_TEN,2026-09-08T23:04:38.981862+00:00,2026-09-08T23:04:08Z,lowvig,4.5,-105,-105,,,42.5,-107,-107,,,,,,,True,,,odds_api,free
2026_NFL_W02_PHI_TEN_betonlineag_20260908T230438Z,2026_NFL_W02_PHI_TEN,2026-09-08T23:04:38.981862+00:00,2026-09-08T23:02:41Z,betonlineag,4.5,-110,-110,,,42.5,-110,-110,,,,,,,True,,,odds_api,free
2026_NFL_W02_PHI_TEN_fanduel_20260908T230438Z,2026_NFL_W02_PHI_TEN,2026-09-08T23:04:38.981862+00:00,2026-09-08T23:04:32Z,fanduel,5.5,-110,-110,210.0,-255.0,41.5,-115,-105,,,,,,,True,,,odds_api,free
2026_NFL_W02_JAX_DEN_draftkings_20260908T230438Z,2026_NFL_W02_JAX_DEN,2026-09-08T23:04:38.981862+00:00,2026-09-08T23:04:33Z,draftkings,-3.0,-110,-110,-155.0,130.0,43.5,-110,-110,,,,,,,True,,,odds_api,free
2026_NFL_W02_JAX_DEN_betus_20260908T230438Z,2026_NFL_W02_JAX_DEN,2026-09-08T23:04:38.981862+00:00,2026-09-08T23:03:40Z,betus,-3.0,-115,-105,,,44.5,-110,-110,,,,,,,True,,,odds_api,free
2026_NFL_W02_JAX_DEN_lowvig_20260908T230438Z,2026_NFL_W02_JAX_DEN,2026-09-08T23:04:38.981862+00:00,2026-09-08T23:04:08Z,lowvig,-3.0,-110,100,,,44.5,-107,-107,,,,,,,True,,,odds_api,free
2026_NFL_W02_JAX_DEN_betonlineag_20260908T230438Z,2026_NFL_W02_JAX_DEN,2026-09-08T23:04:38.981862+00:00,2026-09-08T23:02:41Z,betonlineag,-3.0,-115,-105,,,44.5,-110,-110,,,,,,,True,,,odds_api,free
2026_NFL_W02_JAX_DEN_fanduel_20260908T230438Z,2026_NFL_W02_JAX_DEN,2026-09-08T23:04:38.981862+00:00,2026-09-08T23:04:32Z,fanduel,-2.5,-114,-106,-142.0,120.0,44.5,-118,-104,,,,,,,True,,,odds_api,free
2026_NFL_W02_LV_LAC_draftkings_20260908T230438Z,2026_NFL_W02_LV_LAC,2026-09-08T23:04:38.981862+00:00,2026-09-08T23:04:33Z,draftkings,-8.5,-110,-110,-360.0,285.0,42.5,-110,-110,,,,,,,True,,,odds_api,free
2026_NFL_W02_LV_LAC_betus_20260908T230438Z,2026_NFL_W02_LV_LAC,2026-09-08T23:04:38.981862+00:00,2026-09-08T23:03:40Z,betus,-8.5,-110,-110,,,42.5,-110,-110,,,,,,,True,,,odds_api,free
2026_NFL_W02_LV_LAC_lowvig_20260908T230438Z,2026_NFL_W02_LV_LAC,2026-09-08T23:04:38.981862+00:00,2026-09-08T23:04:08Z,lowvig,-8.5,-105,-105,,,42.5,-107,-107,,,,,,,True,,,odds_api,free
2026_NFL_W02_LV_LAC_betonlineag_20260908T230438Z,2026_NFL_W02_LV_LAC,2026-09-08T23:04:38.981862+00:00,2026-09-08T23:02:41Z,betonlineag,-8.5,-110,-110,,,42.5,-110,-110,,,,,,,True,,,odds_api,free
2026_NFL_W02_LV_LAC_fanduel_20260908T230438Z,2026_NFL_W02_LV_LAC,2026-09-08T23:04:38.981862+00:00,2026-09-08T23:04:32Z,fanduel,-8.5,-105,-115,-480.0,370.0,42.5,-118,-104,,,,,,,True,,,odds_api,free
2026_NFL_W02_SEA_ARI_draftkings_20260908T230438Z,2026_NFL_W02_SEA_ARI,2026-09-08T23:04:38.981862+00:00,2026-09-08T23:04:33Z,draftkings,10.0,-110,-110,410.0,-550.0,44.5,-110,-110,,,,,,,True,,,odds_api,free
2026_NFL_W02_SEA_ARI_betus_20260908T230438Z,2026_NFL_W02_SEA_ARI,2026-09-08T23:04:38.981862+00:00,2026-09-08T23:03:40Z,betus,10.0,-115,-105,,,44.5,-110,-110,,,,,,,True,,,odds_api,free
2026_NFL_W02_SEA_ARI_lowvig_20260908T230438Z,2026_NFL_W02_SEA_ARI,2026-09-08T23:04:38.981862+00:00,2026-09-08T23:04:08Z,lowvig,10.0,-110,100,,,44.5,-107,-107,,,,,,,True,,,odds_api,free
2026_NFL_W02_SEA_ARI_betonlineag_20260908T230438Z,2026_NFL_W02_SEA_ARI,2026-09-08T23:04:38.981862+00:00,2026-09-08T23:02:41Z,betonlineag,10.0,-115,-105,,,44.5,-110,-110,,,,,,,True,,,odds_api,free
2026_NFL_W02_SEA_ARI_fanduel_20260908T230438Z,2026_NFL_W02_SEA_ARI,2026-09-08T23:04:38.981862+00:00,2026-09-08T23:04:32Z,fanduel,9.5,-115,-105,385.0,-500.0,44.5,-102,-120,,,,,,,True,,,odds_api,free
2026_NFL_W02_WAS_DAL_draftkings_20260908T230438Z,2026_NFL_W02_WAS_DAL,2026-09-08T23:04:38.981862+00:00,2026-09-08T23:04:33Z,draftkings,-4.5,-105,-115,-205.0,170.0,51.5,-110,-110,,,,,,,True,,,odds_api,free
2026_NFL_W02_WAS_DAL_betus_20260908T230438Z,2026_NFL_W02_WAS_DAL,2026-09-08T23:04:38.981862+00:00,2026-09-08T23:03:40Z,betus,-4.5,-105,-115,,,51.5,-110,-110,,,,,,,True,,,odds_api,free
2026_NFL_W02_WAS_DAL_lowvig_20260908T230438Z,2026_NFL_W02_WAS_DAL,2026-09-08T23:04:38.981862+00:00,2026-09-08T23:04:08Z,lowvig,-4.5,100,-110,,,51.5,-107,-107,,,,,,,True,,,odds_api,free
2026_NFL_W02_WAS_DAL_betonlineag_20260908T230438Z,2026_NFL_W02_WAS_DAL,2026-09-08T23:04:38.981862+00:00,2026-09-08T23:02:41Z,betonlineag,-4.5,-105,-115,,,51.5,-110,-110,,,,,,,True,,,odds_api,free
2026_NFL_W02_WAS_DAL_fanduel_20260908T230438Z,2026_NFL_W02_WAS_DAL,2026-09-08T23:04:38.981862+00:00,2026-09-08T23:04:32Z,fanduel,-4.5,-115,-105,-230.0,190.0,51.5,-115,-105,,,,,,,True,,,odds_api,free
2026_NFL_W02_MIA_SF_draftkings_20260908T230438Z,2026_NFL_W02_MIA_SF,2026-09-08T23:04:38.981862+00:00,2026-09-08T23:04:33Z,draftkings,-10.5,-110,-110,-675.0,490.0,46.5,-110,-110,,,,,,,True,,,odds_api,free
2026_NFL_W02_MIA_SF_betus_20260908T230438Z,2026_NFL_W02_MIA_SF,2026-09-08T23:04:38.981862+00:00,2026-09-08T23:03:40Z,betus,-10.5,-110,-110,,,46.5,-110,-110,,,,,,,True,,,odds_api,free
2026_NFL_W02_MIA_SF_lowvig_20260908T230438Z,2026_NFL_W02_MIA_SF,2026-09-08T23:04:38.981862+00:00,2026-09-08T23:04:08Z,lowvig,-10.5,-105,-105,,,46.5,-107,-107,,,,,,,True,,,odds_api,free
2026_NFL_W02_MIA_SF_betonlineag_20260908T230438Z,2026_NFL_W02_MIA_SF,2026-09-08T23:04:38.981862+00:00,2026-09-08T23:02:41Z,betonlineag,-10.5,-110,-110,,,46.5,-110,-110,,,,,,,True,,,odds_api,free
2026_NFL_W02_MIA_SF_fanduel_20260908T230438Z,2026_NFL_W02_MIA_SF,2026-09-08T23:04:38.981862+00:00,2026-09-08T23:04:32Z,fanduel,-12.5,-110,-110,-850.0,590.0,45.5,-118,-104,,,,,,,True,,,odds_api,free
2026_NFL_W02_IND_KC_draftkings_20260908T230438Z,2026_NFL_W02_IND_KC,2026-09-08T23:04:38.981862+00:00,2026-09-08T23:04:33Z,draftkings,-6.5,-110,-110,-310.0,250.0,47.5,-110,-110,,,,,,,True,,,odds_api,free
2026_NFL_W02_IND_KC_betus_20260908T230438Z,2026_NFL_W02_IND_KC,2026-09-08T23:04:38.981862+00:00,2026-09-08T23:03:40Z,betus,-6.5,-110,-110,,,47.5,-110,-110,,,,,,,True,,,odds_api,free
2026_NFL_W02_IND_KC_betonlineag_20260908T230438Z,2026_NFL_W02_IND_KC,2026-09-08T23:04:38.981862+00:00,2026-09-08T23:02:41Z,betonlineag,-6.5,-110,-110,,,47.5,-110,-110,,,,,,,True,,,odds_api,free
2026_NFL_W02_IND_KC_lowvig_20260908T230438Z,2026_NFL_W02_IND_KC,2026-09-08T23:04:38.981862+00:00,2026-09-08T23:04:08Z,lowvig,-6.5,-105,-105,,,47.5,-107,-107,,,,,,,True,,,odds_api,free
2026_NFL_W02_IND_KC_fanduel_20260908T230438Z,2026_NFL_W02_IND_KC,2026-09-08T23:04:38.981862+00:00,2026-09-08T23:04:32Z,fanduel,-5.5,-110,-110,-250.0,205.0,46.5,-110,-110,,,,,,,True,,,odds_api,free
2026_NFL_W02_NYG_LAR_draftkings_20260908T230438Z,2026_NFL_W02_NYG_LAR,2026-09-08T23:04:38.981862+00:00,2026-09-08T23:04:33Z,draftkings,-9.5,-115,-105,-440.0,340.0,48.5,-110,-110,,,,,,,True,,,odds_api,free
2026_NFL_W02_NYG_LAR_betus_20260908T230438Z,2026_NFL_W02_NYG_LAR,2026-09-08T23:04:38.981862+00:00,2026-09-08T23:03:40Z,betus,-8.5,-110,-110,,,48.5,-110,-110,,,,,,,True,,,odds_api,free
2026_NFL_W02_NYG_LAR_betonlineag_20260908T230438Z,2026_NFL_W02_NYG_LAR,2026-09-08T23:04:38.981862+00:00,2026-09-08T23:02:41Z,betonlineag,-8.5,-110,-110,,,49.5,-110,-110,,,,,,,True,,,odds_api,free
2026_NFL_W02_NYG_LAR_lowvig_20260908T230438Z,2026_NFL_W02_NYG_LAR,2026-09-08T23:04:38.981862+00:00,2026-09-08T23:04:08Z,lowvig,-8.5,-105,-105,,,49.5,-107,-107,,,,,,,True,,,odds_api,free
2026_NFL_W02_NYG_LAR_fanduel_20260908T230438Z,2026_NFL_W02_NYG_LAR,2026-09-08T23:04:38.981862+00:00,2026-09-08T23:04:32Z,fanduel,-9.5,-118,-104,-590.0,430.0,47.5,-110,-110,,,,,,,True,,,odds_api,free
2026_NFL_W02_DET_BUF_draftkings_20260909T141640Z,2026_NFL_W02_DET_BUF,2026-09-09T14:16:40.109976+00:00,2026-09-09T14:16:35Z,draftkings,-3.0,-110,-110,-162.0,136.0,52.5,-105,-115,,,,,,,True,,,odds_api,free
2026_NFL_W02_DET_BUF_fanduel_20260909T141640Z,2026_NFL_W02_DET_BUF,2026-09-09T14:16:40.109976+00:00,2026-09-09T14:16:33Z,fanduel,-3.5,-110,-110,-196.0,164.0,52.5,-110,-110,,,,,,,True,,,odds_api,free
2026_NFL_W02_DET_BUF_betonlineag_20260909T141640Z,2026_NFL_W02_DET_BUF,2026-09-09T14:16:40.109976+00:00,2026-09-09T14:15:44Z,betonlineag,-3.0,-110,-110,,,51.5,-110,-110,,,,,,,True,,,odds_api,free
2026_NFL_W02_DET_BUF_lowvig_20260909T141640Z,2026_NFL_W02_DET_BUF,2026-09-09T14:16:40.109976+00:00,2026-09-09T14:16:11Z,lowvig,-3.0,-105,-105,,,51.5,-107,-107,,,,,,,True,,,odds_api,free
2026_NFL_W02_DET_BUF_betrivers_20260909T141640Z,2026_NFL_W02_DET_BUF,2026-09-09T14:16:40.109976+00:00,2026-09-09T14:15:44Z,betrivers,-3.0,-112,-109,-175.0,138.0,52.5,-109,-112,,,,,,,True,,,odds_api,free
2026_NFL_W02_DET_BUF_betus_20260909T141640Z,2026_NFL_W02_DET_BUF,2026-09-09T14:16:40.109976+00:00,2026-09-09T14:16:36Z,betus,-3.0,-110,-110,,,51.5,-110,-110,,,,,,,True,,,odds_api,free
2026_NFL_W02_CAR_ATL_draftkings_20260909T141640Z,2026_NFL_W02_CAR_ATL,2026-09-09T14:16:40.109976+00:00,2026-09-09T14:16:35Z,draftkings,-1.5,-110,-110,-125.0,105.0,44.5,-102,-118,,,,,,,True,,,odds_api,free
2026_NFL_W02_CAR_ATL_betus_20260909T141640Z,2026_NFL_W02_CAR_ATL,2026-09-09T14:16:40.109976+00:00,2026-09-09T14:16:36Z,betus,-1.5,-110,-110,,,44.0,-110,-110,,,,,,,True,,,odds_api,free
2026_NFL_W02_CAR_ATL_lowvig_20260909T141640Z,2026_NFL_W02_CAR_ATL,2026-09-09T14:16:40.109976+00:00,2026-09-09T14:16:11Z,lowvig,-1.5,-105,-105,,,44.0,-107,-107,,,,,,,True,,,odds_api,free
2026_NFL_W02_CAR_ATL_betonlineag_20260909T141640Z,2026_NFL_W02_CAR_ATL,2026-09-09T14:16:40.109976+00:00,2026-09-09T14:15:44Z,betonlineag,-1.5,-110,-110,,,44.0,-110,-110,,,,,,,True,,,odds_api,free
2026_NFL_W02_CAR_ATL_fanduel_20260909T141640Z,2026_NFL_W02_CAR_ATL,2026-09-09T14:16:40.109976+00:00,2026-09-09T14:16:33Z,fanduel,-1.5,-106,-114,-120.0,102.0,43.5,-110,-110,,,,,,,True,,,odds_api,free
2026_NFL_W02_NO_BAL_draftkings_20260909T141640Z,2026_NFL_W02_NO_BAL,2026-09-09T14:16:40.109976+00:00,2026-09-09T14:16:35Z,draftkings,-7.5,-110,-110,-355.0,280.0,46.5,-110,-110,,,,,,,True,,,odds_api,free
2026_NFL_W02_NO_BAL_betus_20260909T141640Z,2026_NFL_W02_NO_BAL,2026-09-09T14:16:40.109976+00:00,2026-09-09T14:16:36Z,betus,-7.5,-110,-110,,,46.5,-110,-110,,,,,,,True,,,odds_api,free
2026_NFL_W02_NO_BAL_lowvig_20260909T141640Z,2026_NFL_W02_NO_BAL,2026-09-09T14:16:40.109976+00:00,2026-09-09T14:16:11Z,lowvig,-7.5,-105,-105,,,46.5,-107,-107,,,,,,,True,,,odds_api,free
2026_NFL_W02_NO_BAL_betonlineag_20260909T141640Z,2026_NFL_W02_NO_BAL,2026-09-09T14:16:40.109976+00:00,2026-09-09T14:15:44Z,betonlineag,-7.5,-110,-110,,,46.5,-110,-110,,,,,,,True,,,odds_api,free
2026_NFL_W02_NO_BAL_fanduel_20260909T141640Z,2026_NFL_W02_NO_BAL,2026-09-09T14:16:40.109976+00:00,2026-09-09T14:16:33Z,fanduel,-8.5,-104,-118,-460.0,360.0,46.5,-118,-104,,,,,,,True,,,odds_api,free
2026_NFL_W02_MIN_CHI_draftkings_20260909T141640Z,2026_NFL_W02_MIN_CHI,2026-09-09T14:16:40.109976+00:00,2026-09-09T14:16:35Z,draftkings,-3.0,-110,-110,-166.0,140.0,45.5,-110,-110,,,,,,,True,,,odds_api,free
2026_NFL_W02_MIN_CHI_lowvig_20260909T141640Z,2026_NFL_W02_MIN_CHI,2026-09-09T14:16:40.109976+00:00,2026-09-09T14:16:11Z,lowvig,-3.5,100,-110,,,45.5,-107,-107,,,,,,,True,,,odds_api,free
2026_NFL_W02_MIN_CHI_betonlineag_20260909T141640Z,2026_NFL_W02_MIN_CHI,2026-09-09T14:16:40.109976+00:00,2026-09-09T14:15:44Z,betonlineag,-3.5,-105,-115,,,45.5,-110,-110,,,,,,,True,,,odds_api,free
2026_NFL_W02_MIN_CHI_betus_20260909T141640Z,2026_NFL_W02_MIN_CHI,2026-09-09T14:16:40.109976+00:00,2026-09-09T14:16:36Z,betus,-3.5,-105,-115,,,45.5,-110,-110,,,,,,,True,,,odds_api,free
2026_NFL_W02_MIN_CHI_fanduel_20260909T141640Z,2026_NFL_W02_MIN_CHI,2026-09-09T14:16:40.109976+00:00,2026-09-09T14:16:33Z,fanduel,-3.0,-110,-110,-164.0,138.0,46.5,-110,-110,,,,,,,True,,,odds_api,free
2026_NFL_W02_CIN_HOU_draftkings_20260909T141640Z,2026_NFL_W02_CIN_HOU,2026-09-09T14:16:40.109976+00:00,2026-09-09T14:16:35Z,draftkings,-2.5,-118,-102,-148.0,124.0,45.5,-110,-110,,,,,,,True,,,odds_api,free
2026_NFL_W02_CIN_HOU_betus_20260909T141640Z,2026_NFL_W02_CIN_HOU,2026-09-09T14:16:40.109976+00:00,2026-09-09T14:16:36Z,betus,-3.0,-105,-115,,,45.5,-110,-110,,,,,,,True,,,odds_api,free
2026_NFL_W02_CIN_HOU_lowvig_20260909T141640Z,2026_NFL_W02_CIN_HOU,2026-09-09T14:16:40.109976+00:00,2026-09-09T14:16:11Z,lowvig,-3.0,-102,-108,,,46.5,-107,-107,,,,,,,True,,,odds_api,free
2026_NFL_W02_CIN_HOU_betonlineag_20260909T141640Z,2026_NFL_W02_CIN_HOU,2026-09-09T14:16:40.109976+00:00,2026-09-09T14:15:44Z,betonlineag,-3.0,-107,-113,,,46.5,-110,-110,,,,,,,True,,,odds_api,free
2026_NFL_W02_CIN_HOU_fanduel_20260909T141640Z,2026_NFL_W02_CIN_HOU,2026-09-09T14:16:40.109976+00:00,2026-09-09T14:16:33Z,fanduel,-2.5,-110,-110,-136.0,116.0,46.5,-110,-110,,,,,,,True,,,odds_api,free
2026_NFL_W02_CLE_TB_draftkings_20260909T141640Z,2026_NFL_W02_CLE_TB,2026-09-09T14:16:40.109976+00:00,2026-09-09T14:16:35Z,draftkings,-6.5,-110,-110,-278.0,225.0,42.5,-110,-110,,,,,,,True,,,odds_api,free
2026_NFL_W02_CLE_TB_betus_20260909T141640Z,2026_NFL_W02_CLE_TB,2026-09-09T14:16:40.109976+00:00,2026-09-09T14:16:36Z,betus,-6.5,-110,-110,,,41.5,-110,-110,,,,,,,True,,,odds_api,free
2026_NFL_W02_CLE_TB_lowvig_20260909T141640Z,2026_NFL_W02_CLE_TB,2026-09-09T14:16:40.109976+00:00,2026-09-09T14:16:11Z,lowvig,-6.5,-105,-105,,,42.0,-102,-113,,,,,,,True,,,odds_api,free
2026_NFL_W02_CLE_TB_betonlineag_20260909T141640Z,2026_NFL_W02_CLE_TB,2026-09-09T14:16:40.109976+00:00,2026-09-09T14:15:44Z,betonlineag,-6.5,-110,-110,,,42.0,-105,-115,,,,,,,True,,,odds_api,free
2026_NFL_W02_CLE_TB_fanduel_20260909T141640Z,2026_NFL_W02_CLE_TB,2026-09-09T14:16:40.109976+00:00,2026-09-09T14:16:33Z,fanduel,-6.5,-115,-105,-330.0,265.0,40.5,-105,-115,,,,,,,True,,,odds_api,free
2026_NFL_W02_GB_NYJ_draftkings_20260909T141640Z,2026_NFL_W02_GB_NYJ,2026-09-09T14:16:40.109976+00:00,2026-09-09T14:16:35Z,draftkings,5.5,-110,-110,200.0,-245.0,42.5,-110,-110,,,,,,,True,,,odds_api,free
2026_NFL_W02_GB_NYJ_lowvig_20260909T141640Z,2026_NFL_W02_GB_NYJ,2026-09-09T14:16:40.109976+00:00,2026-09-09T14:16:11Z,lowvig,5.5,-105,-105,,,42.5,-107,-107,,,,,,,True,,,odds_api,free
2026_NFL_W02_GB_NYJ_betonlineag_20260909T141640Z,2026_NFL_W02_GB_NYJ,2026-09-09T14:16:40.109976+00:00,2026-09-09T14:15:44Z,betonlineag,5.5,-110,-110,,,42.5,-110,-110,,,,,,,True,,,odds_api,free
2026_NFL_W02_GB_NYJ_betus_20260909T141640Z,2026_NFL_W02_GB_NYJ,2026-09-09T14:16:40.109976+00:00,2026-09-09T14:16:36Z,betus,5.5,-110,-110,,,42.5,-110,-110,,,,,,,True,,,odds_api,free
2026_NFL_W02_GB_NYJ_fanduel_20260909T141640Z,2026_NFL_W02_GB_NYJ,2026-09-09T14:16:40.109976+00:00,2026-09-09T14:16:33Z,fanduel,5.5,-110,-110,200.0,-245.0,42.5,-118,-104,,,,,,,True,,,odds_api,free
2026_NFL_W02_PIT_NE_draftkings_20260909T141640Z,2026_NFL_W02_PIT_NE,2026-09-09T14:16:40.109976+00:00,2026-09-09T14:16:35Z,draftkings,-4.5,-110,-110,-218.0,180.0,43.5,-110,-110,,,,,,,True,,,odds_api,free
2026_NFL_W02_PIT_NE_betus_20260909T141640Z,2026_NFL_W02_PIT_NE,2026-09-09T14:16:40.109976+00:00,2026-09-09T14:16:36Z,betus,-5.0,-115,-105,,,43.0,-110,-110,,,,,,,True,,,odds_api,free
2026_NFL_W02_PIT_NE_lowvig_20260909T141640Z,2026_NFL_W02_PIT_NE,2026-09-09T14:16:40.109976+00:00,2026-09-09T14:16:11Z,lowvig,-5.0,-110,100,,,43.0,-107,-107,,,,,,,True,,,odds_api,free
2026_NFL_W02_PIT_NE_betonlineag_20260909T141640Z,2026_NFL_W02_PIT_NE,2026-09-09T14:16:40.109976+00:00,2026-09-09T14:15:44Z,betonlineag,-5.0,-115,-105,,,43.0,-110,-110,,,,,,,True,,,odds_api,free
2026_NFL_W02_PIT_NE_fanduel_20260909T141640Z,2026_NFL_W02_PIT_NE,2026-09-09T14:16:40.109976+00:00,2026-09-09T14:16:33Z,fanduel,-5.5,-110,-110,-240.0,198.0,43.5,-105,-115,,,,,,,True,,,odds_api,free
2026_NFL_W02_PHI_TEN_draftkings_20260909T141640Z,2026_NFL_W02_PHI_TEN,2026-09-09T14:16:40.109976+00:00,2026-09-09T14:16:35Z,draftkings,5.5,-110,-110,190.0,-230.0,42.5,-110,-110,,,,,,,True,,,odds_api,free
2026_NFL_W02_PHI_TEN_betus_20260909T141640Z,2026_NFL_W02_PHI_TEN,2026-09-09T14:16:40.109976+00:00,2026-09-09T14:16:36Z,betus,4.5,-110,-110,,,42.5,-110,-110,,,,,,,True,,,odds_api,free
2026_NFL_W02_PHI_TEN_lowvig_20260909T141640Z,2026_NFL_W02_PHI_TEN,2026-09-09T14:16:40.109976+00:00,2026-09-09T14:16:11Z,lowvig,4.5,-105,-105,,,42.5,-107,-107,,,,,,,True,,,odds_api,free
2026_NFL_W02_PHI_TEN_betonlineag_20260909T141640Z,2026_NFL_W02_PHI_TEN,2026-09-09T14:16:40.109976+00:00,2026-09-09T14:15:44Z,betonlineag,4.5,-110,-110,,,42.5,-110,-110,,,,,,,True,,,odds_api,free
2026_NFL_W02_PHI_TEN_fanduel_20260909T141640Z,2026_NFL_W02_PHI_TEN,2026-09-09T14:16:40.109976+00:00,2026-09-09T14:16:33Z,fanduel,5.5,-110,-110,210.0,-255.0,41.5,-115,-105,,,,,,,True,,,odds_api,free
2026_NFL_W02_JAX_DEN_draftkings_20260909T141640Z,2026_NFL_W02_JAX_DEN,2026-09-09T14:16:40.109976+00:00,2026-09-09T14:16:35Z,draftkings,-3.0,-110,-110,-155.0,130.0,43.5,-110,-110,,,,,,,True,,,odds_api,free
2026_NFL_W02_JAX_DEN_betus_20260909T141640Z,2026_NFL_W02_JAX_DEN,2026-09-09T14:16:40.109976+00:00,2026-09-09T14:16:36Z,betus,-3.0,-115,-105,,,44.5,-110,-110,,,,,,,True,,,odds_api,free
2026_NFL_W02_JAX_DEN_lowvig_20260909T141640Z,2026_NFL_W02_JAX_DEN,2026-09-09T14:16:40.109976+00:00,2026-09-09T14:16:11Z,lowvig,-3.0,-110,100,,,44.5,-107,-107,,,,,,,True,,,odds_api,free
2026_NFL_W02_JAX_DEN_betonlineag_20260909T141640Z,2026_NFL_W02_JAX_DEN,2026-09-09T14:16:40.109976+00:00,2026-09-09T14:15:44Z,betonlineag,-3.0,-115,-105,,,44.5,-110,-110,,,,,,,True,,,odds_api,free
2026_NFL_W02_JAX_DEN_fanduel_20260909T141640Z,2026_NFL_W02_JAX_DEN,2026-09-09T14:16:40.109976+00:00,2026-09-09T14:16:33Z,fanduel,-2.5,-114,-106,-142.0,120.0,44.5,-118,-104,,,,,,,True,,,odds_api,free
2026_NFL_W02_LV_LAC_draftkings_20260909T141640Z,2026_NFL_W02_LV_LAC,2026-09-09T14:16:40.109976+00:00,2026-09-09T14:16:35Z,draftkings,-8.5,-110,-110,-360.0,285.0,42.5,-110,-110,,,,,,,True,,,odds_api,free
2026_NFL_W02_LV_LAC_betus_20260909T141640Z,2026_NFL_W02_LV_LAC,2026-09-09T14:16:40.109976+00:00,2026-09-09T14:16:36Z,betus,-8.5,-110,-110,,,42.5,-110,-110,,,,,,,True,,,odds_api,free
2026_NFL_W02_LV_LAC_lowvig_20260909T141640Z,2026_NFL_W02_LV_LAC,2026-09-09T14:16:40.109976+00:00,2026-09-09T14:16:11Z,lowvig,-8.5,-105,-105,,,42.5,-107,-107,,,,,,,True,,,odds_api,free
2026_NFL_W02_LV_LAC_betonlineag_20260909T141640Z,2026_NFL_W02_LV_LAC,2026-09-09T14:16:40.109976+00:00,2026-09-09T14:15:44Z,betonlineag,-8.5,-110,-110,,,42.5,-110,-110,,,,,,,True,,,odds_api,free
2026_NFL_W02_LV_LAC_fanduel_20260909T141640Z,2026_NFL_W02_LV_LAC,2026-09-09T14:16:40.109976+00:00,2026-09-09T14:16:33Z,fanduel,-8.5,-105,-115,-480.0,370.0,42.5,-118,-104,,,,,,,True,,,odds_api,free
2026_NFL_W02_SEA_ARI_draftkings_20260909T141640Z,2026_NFL_W02_SEA_ARI,2026-09-09T14:16:40.109976+00:00,2026-09-09T14:16:35Z,draftkings,10.0,-110,-110,410.0,-550.0,44.5,-110,-110,,,,,,,True,,,odds_api,free
2026_NFL_W02_SEA_ARI_betus_20260909T141640Z,2026_NFL_W02_SEA_ARI,2026-09-09T14:16:40.109976+00:00,2026-09-09T14:16:36Z,betus,10.0,-115,-105,,,44.5,-110,-110,,,,,,,True,,,odds_api,free
2026_NFL_W02_SEA_ARI_lowvig_20260909T141640Z,2026_NFL_W02_SEA_ARI,2026-09-09T14:16:40.109976+00:00,2026-09-09T14:16:11Z,lowvig,10.0,-110,100,,,44.5,-107,-107,,,,,,,True,,,odds_api,free
2026_NFL_W02_SEA_ARI_betonlineag_20260909T141640Z,2026_NFL_W02_SEA_ARI,2026-09-09T14:16:40.109976+00:00,2026-09-09T14:15:44Z,betonlineag,10.0,-115,-105,,,44.5,-110,-110,,,,,,,True,,,odds_api,free
2026_NFL_W02_SEA_ARI_fanduel_20260909T141640Z,2026_NFL_W02_SEA_ARI,2026-09-09T14:16:40.109976+00:00,2026-09-09T14:16:33Z,fanduel,9.5,-115,-105,385.0,-500.0,44.5,-102,-120,,,,,,,True,,,odds_api,free
2026_NFL_W02_WAS_DAL_draftkings_20260909T141640Z,2026_NFL_W02_WAS_DAL,2026-09-09T14:16:40.109976+00:00,2026-09-09T14:16:35Z,draftkings,-4.5,-105,-115,-205.0,170.0,51.5,-110,-110,,,,,,,True,,,odds_api,free
2026_NFL_W02_WAS_DAL_betus_20260909T141640Z,2026_NFL_W02_WAS_DAL,2026-09-09T14:16:40.109976+00:00,2026-09-09T14:16:36Z,betus,-4.5,-105,-115,,,51.5,-110,-110,,,,,,,True,,,odds_api,free
2026_NFL_W02_WAS_DAL_lowvig_20260909T141640Z,2026_NFL_W02_WAS_DAL,2026-09-09T14:16:40.109976+00:00,2026-09-09T14:16:11Z,lowvig,-4.5,100,-110,,,51.5,-107,-107,,,,,,,True,,,odds_api,free
2026_NFL_W02_WAS_DAL_betonlineag_20260909T141640Z,2026_NFL_W02_WAS_DAL,2026-09-09T14:16:40.109976+00:00,2026-09-09T14:15:44Z,betonlineag,-4.5,-105,-115,,,51.5,-110,-110,,,,,,,True,,,odds_api,free
2026_NFL_W02_WAS_DAL_fanduel_20260909T141640Z,2026_NFL_W02_WAS_DAL,2026-09-09T14:16:40.109976+00:00,2026-09-09T14:16:33Z,fanduel,-4.5,-115,-105,-230.0,190.0,51.5,-115,-105,,,,,,,True,,,odds_api,free
2026_NFL_W02_MIA_SF_draftkings_20260909T141640Z,2026_NFL_W02_MIA_SF,2026-09-09T14:16:40.109976+00:00,2026-09-09T14:16:35Z,draftkings,-10.5,-110,-110,-675.0,490.0,46.5,-110,-110,,,,,,,True,,,odds_api,free
2026_NFL_W02_MIA_SF_betus_20260909T141640Z,2026_NFL_W02_MIA_SF,2026-09-09T14:16:40.109976+00:00,2026-09-09T14:16:36Z,betus,-10.5,-110,-110,,,46.5,-110,-110,,,,,,,True,,,odds_api,free
2026_NFL_W02_MIA_SF_lowvig_20260909T141640Z,2026_NFL_W02_MIA_SF,2026-09-09T14:16:40.109976+00:00,2026-09-09T14:16:11Z,lowvig,-10.5,-105,-105,,,46.5,-107,-107,,,,,,,True,,,odds_api,free
2026_NFL_W02_MIA_SF_betonlineag_20260909T141640Z,2026_NFL_W02_MIA_SF,2026-09-09T14:16:40.109976+00:00,2026-09-09T14:15:44Z,betonlineag,-10.5,-110,-110,,,46.5,-110,-110,,,,,,,True,,,odds_api,free
2026_NFL_W02_MIA_SF_fanduel_20260909T141640Z,2026_NFL_W02_MIA_SF,2026-09-09T14:16:40.109976+00:00,2026-09-09T14:16:33Z,fanduel,-12.5,-110,-110,-850.0,590.0,45.5,-118,-104,,,,,,,True,,,odds_api,free
2026_NFL_W02_IND_KC_draftkings_20260909T141640Z,2026_NFL_W02_IND_KC,2026-09-09T14:16:40.109976+00:00,2026-09-09T14:16:35Z,draftkings,-6.5,-110,-110,-310.0,250.0,47.5,-110,-110,,,,,,,True,,,odds_api,free
2026_NFL_W02_IND_KC_betus_20260909T141640Z,2026_NFL_W02_IND_KC,2026-09-09T14:16:40.109976+00:00,2026-09-09T14:16:36Z,betus,-6.5,-110,-110,,,47.5,-110,-110,,,,,,,True,,,odds_api,free
2026_NFL_W02_IND_KC_betonlineag_20260909T141640Z,2026_NFL_W02_IND_KC,2026-09-09T14:16:40.109976+00:00,2026-09-09T14:15:44Z,betonlineag,-6.5,-110,-110,,,47.5,-110,-110,,,,,,,True,,,odds_api,free
2026_NFL_W02_IND_KC_lowvig_20260909T141640Z,2026_NFL_W02_IND_KC,2026-09-09T14:16:40.109976+00:00,2026-09-09T14:16:11Z,lowvig,-6.5,-105,-105,,,47.5,-107,-107,,,,,,,True,,,odds_api,free
2026_NFL_W02_IND_KC_fanduel_20260909T141640Z,2026_NFL_W02_IND_KC,2026-09-09T14:16:40.109976+00:00,2026-09-09T14:16:33Z,fanduel,-5.5,-110,-110,-250.0,205.0,46.5,-110,-110,,,,,,,True,,,odds_api,free
2026_NFL_W02_NYG_LAR_draftkings_20260909T141640Z,2026_NFL_W02_NYG_LAR,2026-09-09T14:16:40.109976+00:00,2026-09-09T14:16:35Z,draftkings,-9.5,-112,-108,-485.0,370.0,48.5,-110,-110,,,,,,,True,,,odds_api,free
2026_NFL_W02_NYG_LAR_betus_20260909T141640Z,2026_NFL_W02_NYG_LAR,2026-09-09T14:16:40.109976+00:00,2026-09-09T14:16:36Z,betus,-8.5,-110,-110,,,48.5,-110,-110,,,,,,,True,,,odds_api,free
2026_NFL_W02_NYG_LAR_betonlineag_20260909T141640Z,2026_NFL_W02_NYG_LAR,2026-09-09T14:16:40.109976+00:00,2026-09-09T14:15:44Z,betonlineag,-8.5,-110,-110,,,48.5,-110,-110,,,,,,,True,,,odds_api,free
2026_NFL_W02_NYG_LAR_lowvig_20260909T141640Z,2026_NFL_W02_NYG_LAR,2026-09-09T14:16:40.109976+00:00,2026-09-09T14:16:11Z,lowvig,-8.5,-105,-105,,,48.5,-107,-107,,,,,,,True,,,odds_api,free
2026_NFL_W02_NYG_LAR_fanduel_20260909T141640Z,2026_NFL_W02_NYG_LAR,2026-09-09T14:16:40.109976+00:00,2026-09-09T14:16:33Z,fanduel,-9.5,-118,-104,-590.0,430.0,47.5,-110,-110,,,,,,,True,,,odds_api,free
2026_NFL_W02_DET_BUF_draftkings_20260909T230417Z,2026_NFL_W02_DET_BUF,2026-09-09T23:04:17.229727+00:00,2026-09-09T23:03:51Z,draftkings,-3.0,-115,-105,-162.0,136.0,51.5,-115,-105,,,,,,,True,,,odds_api,free
2026_NFL_W02_DET_BUF_fanduel_20260909T230417Z,2026_NFL_W02_DET_BUF,2026-09-09T23:04:17.229727+00:00,2026-09-09T23:04:14Z,fanduel,-3.5,-110,-110,-196.0,164.0,52.5,-110,-110,,,,,,,True,,,odds_api,free
2026_NFL_W02_DET_BUF_betonlineag_20260909T230417Z,2026_NFL_W02_DET_BUF,2026-09-09T23:04:17.229727+00:00,2026-09-09T23:02:57Z,betonlineag,-3.0,-110,-110,,,51.5,-110,-110,,,,,,,True,,,odds_api,free
2026_NFL_W02_DET_BUF_lowvig_20260909T230417Z,2026_NFL_W02_DET_BUF,2026-09-09T23:04:17.229727+00:00,2026-09-09T23:04:14Z,lowvig,-3.0,-105,-105,,,51.5,-107,-107,,,,,,,True,,,odds_api,free
2026_NFL_W02_DET_BUF_betrivers_20260909T230417Z,2026_NFL_W02_DET_BUF,2026-09-09T23:04:17.229727+00:00,2026-09-09T23:03:47Z,betrivers,-3.0,-112,-109,-175.0,140.0,52.5,-109,-112,,,,,,,True,,,odds_api,free
2026_NFL_W02_DET_BUF_betus_20260909T230417Z,2026_NFL_W02_DET_BUF,2026-09-09T23:04:17.229727+00:00,2026-09-09T23:03:02Z,betus,-3.0,-110,-110,,,51.5,-110,-110,,,,,,,True,,,odds_api,free
2026_NFL_W02_CAR_ATL_draftkings_20260909T230417Z,2026_NFL_W02_CAR_ATL,2026-09-09T23:04:17.229727+00:00,2026-09-09T23:03:51Z,draftkings,-1.5,-110,-110,-122.0,102.0,43.5,-118,-102,,,,,,,True,,,odds_api,free
2026_NFL_W02_CAR_ATL_betus_20260909T230417Z,2026_NFL_W02_CAR_ATL,2026-09-09T23:04:17.229727+00:00,2026-09-09T23:03:02Z,betus,-1.5,-110,-110,,,44.0,-110,-110,,,,,,,True,,,odds_api,free
2026_NFL_W02_CAR_ATL_lowvig_20260909T230417Z,2026_NFL_W02_CAR_ATL,2026-09-09T23:04:17.229727+00:00,2026-09-09T23:04:14Z,lowvig,-1.5,-105,-105,,,44.0,-107,-107,,,,,,,True,,,odds_api,free
2026_NFL_W02_CAR_ATL_betonlineag_20260909T230417Z,2026_NFL_W02_CAR_ATL,2026-09-09T23:04:17.229727+00:00,2026-09-09T23:02:57Z,betonlineag,-1.5,-110,-110,,,44.0,-110,-110,,,,,,,True,,,odds_api,free
2026_NFL_W02_CAR_ATL_fanduel_20260909T230417Z,2026_NFL_W02_CAR_ATL,2026-09-09T23:04:17.229727+00:00,2026-09-09T23:04:14Z,fanduel,-1.5,-106,-114,-120.0,102.0,43.5,-110,-110,,,,,,,True,,,odds_api,free
2026_NFL_W02_CAR_ATL_betrivers_20260909T230417Z,2026_NFL_W02_CAR_ATL,2026-09-09T23:04:17.229727+00:00,2026-09-09T23:03:47Z,betrivers,-1.5,-110,-110,-124.0,102.0,43.5,-110,-110,,,,,,,True,,,odds_api,free
2026_NFL_W02_NO_BAL_draftkings_20260909T230417Z,2026_NFL_W02_NO_BAL,2026-09-09T23:04:17.229727+00:00,2026-09-09T23:03:51Z,draftkings,-7.5,-110,-110,-355.0,280.0,46.5,-110,-110,,,,,,,True,,,odds_api,free
2026_NFL_W02_NO_BAL_betus_20260909T230417Z,2026_NFL_W02_NO_BAL,2026-09-09T23:04:17.229727+00:00,2026-09-09T23:03:02Z,betus,-7.5,-110,-110,,,46.5,-110,-110,,,,,,,True,,,odds_api,free
2026_NFL_W02_NO_BAL_lowvig_20260909T230417Z,2026_NFL_W02_NO_BAL,2026-09-09T23:04:17.229727+00:00,2026-09-09T23:04:14Z,lowvig,-7.5,-105,-105,,,46.5,-107,-107,,,,,,,True,,,odds_api,free
2026_NFL_W02_NO_BAL_betonlineag_20260909T230417Z,2026_NFL_W02_NO_BAL,2026-09-09T23:04:17.229727+00:00,2026-09-09T23:02:57Z,betonlineag,-7.5,-110,-110,,,46.5,-110,-110,,,,,,,True,,,odds_api,free
2026_NFL_W02_NO_BAL_fanduel_20260909T230417Z,2026_NFL_W02_NO_BAL,2026-09-09T23:04:17.229727+00:00,2026-09-09T23:04:14Z,fanduel,-8.5,-104,-118,-460.0,360.0,46.5,-118,-104,,,,,,,True,,,odds_api,free
2026_NFL_W02_NO_BAL_betrivers_20260909T230417Z,2026_NFL_W02_NO_BAL,2026-09-09T23:04:17.229727+00:00,2026-09-09T23:03:47Z,betrivers,-7.5,-112,-109,-400.0,300.0,46.5,-110,-110,,,,,,,True,,,odds_api,free
2026_NFL_W02_MIN_CHI_draftkings_20260909T230417Z,2026_NFL_W02_MIN_CHI,2026-09-09T23:04:17.229727+00:00,2026-09-09T23:03:51Z,draftkings,-3.0,-110,-110,-170.0,142.0,45.5,-110,-110,,,,,,,True,,,odds_api,free
2026_NFL_W02_MIN_CHI_lowvig_20260909T230417Z,2026_NFL_W02_MIN_CHI,2026-09-09T23:04:17.229727+00:00,2026-09-09T23:04:14Z,lowvig,-3.5,100,-110,,,45.5,-107,-107,,,,,,,True,,,odds_api,free
2026_NFL_W02_MIN_CHI_betonlineag_20260909T230417Z,2026_NFL_W02_MIN_CHI,2026-09-09T23:04:17.229727+00:00,2026-09-09T23:02:57Z,betonlineag,-3.5,-105,-115,,,45.5,-110,-110,,,,,,,True,,,odds_api,free
2026_NFL_W02_MIN_CHI_betus_20260909T230417Z,2026_NFL_W02_MIN_CHI,2026-09-09T23:04:17.229727+00:00,2026-09-09T23:03:02Z,betus,-3.5,-105,-115,,,45.5,-110,-110,,,,,,,True,,,odds_api,free
2026_NFL_W02_MIN_CHI_fanduel_20260909T230417Z,2026_NFL_W02_MIN_CHI,2026-09-09T23:04:17.229727+00:00,2026-09-09T23:04:14Z,fanduel,-3.0,-110,-110,-164.0,138.0,46.5,-110,-110,,,,,,,True,,,odds_api,free
2026_NFL_W02_MIN_CHI_betrivers_20260909T230417Z,2026_NFL_W02_MIN_CHI,2026-09-09T23:04:17.229727+00:00,2026-09-09T23:03:47Z,betrivers,-3.0,-110,-110,-165.0,135.0,45.5,-112,-109,,,,,,,True,,,odds_api,free
2026_NFL_W02_CIN_HOU_draftkings_20260909T230417Z,2026_NFL_W02_CIN_HOU,2026-09-09T23:04:17.229727+00:00,2026-09-09T23:03:51Z,draftkings,-2.5,-118,-102,-148.0,124.0,45.5,-110,-110,,,,,,,True,,,odds_api,free
2026_NFL_W02_CIN_HOU_betus_20260909T230417Z,2026_NFL_W02_CIN_HOU,2026-09-09T23:04:17.229727+00:00,2026-09-09T23:03:02Z,betus,-3.0,-105,-115,,,45.5,-110,-110,,,,,,,True,,,odds_api,free
2026_NFL_W02_CIN_HOU_lowvig_20260909T230417Z,2026_NFL_W02_CIN_HOU,2026-09-09T23:04:17.229727+00:00,2026-09-09T23:04:14Z,lowvig,-3.0,-102,-108,,,46.5,-107,-107,,,,,,,True,,,odds_api,free
2026_NFL_W02_CIN_HOU_betonlineag_20260909T230417Z,2026_NFL_W02_CIN_HOU,2026-09-09T23:04:17.229727+00:00,2026-09-09T23:02:57Z,betonlineag,-3.0,-107,-113,,,46.5,-110,-110,,,,,,,True,,,odds_api,free
2026_NFL_W02_CIN_HOU_fanduel_20260909T230417Z,2026_NFL_W02_CIN_HOU,2026-09-09T23:04:17.229727+00:00,2026-09-09T23:04:14Z,fanduel,-2.5,-110,-110,-136.0,116.0,46.5,-110,-110,,,,,,,True,,,odds_api,free
2026_NFL_W02_CIN_HOU_betrivers_20260909T230417Z,2026_NFL_W02_CIN_HOU,2026-09-09T23:04:17.229727+00:00,2026-09-09T23:03:47Z,betrivers,-2.5,-112,-109,-141.0,116.0,46.0,-113,-108,,,,,,,True,,,odds_api,free
2026_NFL_W02_CLE_TB_draftkings_20260909T230417Z,2026_NFL_W02_CLE_TB,2026-09-09T23:04:17.229727+00:00,2026-09-09T23:03:51Z,draftkings,-6.5,-110,-110,-285.0,230.0,42.5,-110,-110,,,,,,,True,,,odds_api,free
2026_NFL_W02_CLE_TB_betus_20260909T230417Z,2026_NFL_W02_CLE_TB,2026-09-09T23:04:17.229727+00:00,2026-09-09T23:03:02Z,betus,-6.5,-110,-110,,,41.5,-110,-110,,,,,,,True,,,odds_api,free
2026_NFL_W02_CLE_TB_lowvig_20260909T230417Z,2026_NFL_W02_CLE_TB,2026-09-09T23:04:17.229727+00:00,2026-09-09T23:04:14Z,lowvig,-6.5,-105,-105,,,42.0,-102,-113,,,,,,,True,,,odds_api,free
2026_NFL_W02_CLE_TB_betonlineag_20260909T230417Z,2026_NFL_W02_CLE_TB,2026-09-09T23:04:17.229727+00:00,2026-09-09T23:02:57Z,betonlineag,-6.5,-110,-110,,,42.0,-105,-115,,,,,,,True,,,odds_api,free
2026_NFL_W02_CLE_TB_fanduel_20260909T230417Z,2026_NFL_W02_CLE_TB,2026-09-09T23:04:17.229727+00:00,2026-09-09T23:04:14Z,fanduel,-6.5,-115,-105,-330.0,265.0,40.5,-105,-115,,,,,,,True,,,odds_api,free
2026_NFL_W02_CLE_TB_betrivers_20260909T230417Z,2026_NFL_W02_CLE_TB,2026-09-09T23:04:17.229727+00:00,2026-09-09T23:03:47Z,betrivers,-6.5,-110,-110,-295.0,230.0,41.5,-110,-110,,,,,,,True,,,odds_api,free
2026_NFL_W02_GB_NYJ_draftkings_20260909T230417Z,2026_NFL_W02_GB_NYJ,2026-09-09T23:04:17.229727+00:00,2026-09-09T23:03:51Z,draftkings,5.5,-110,-110,200.0,-245.0,42.5,-110,-110,,,,,,,True,,,odds_api,free
2026_NFL_W02_GB_NYJ_lowvig_20260909T230417Z,2026_NFL_W02_GB_NYJ,2026-09-09T23:04:17.229727+00:00,2026-09-09T23:04:14Z,lowvig,5.5,-105,-105,,,42.5,-107,-107,,,,,,,True,,,odds_api,free
2026_NFL_W02_GB_NYJ_betonlineag_20260909T230417Z,2026_NFL_W02_GB_NYJ,2026-09-09T23:04:17.229727+00:00,2026-09-09T23:02:57Z,betonlineag,5.5,-110,-110,,,42.5,-110,-110,,,,,,,True,,,odds_api,free
2026_NFL_W02_GB_NYJ_betus_20260909T230417Z,2026_NFL_W02_GB_NYJ,2026-09-09T23:04:17.229727+00:00,2026-09-09T23:03:02Z,betus,5.5,-110,-110,,,42.5,-110,-110,,,,,,,True,,,odds_api,free
2026_NFL_W02_GB_NYJ_fanduel_20260909T230417Z,2026_NFL_W02_GB_NYJ,2026-09-09T23:04:17.229727+00:00,2026-09-09T23:04:14Z,fanduel,5.5,-110,-110,200.0,-245.0,42.5,-118,-104,,,,,,,True,,,odds_api,free
2026_NFL_W02_GB_NYJ_betrivers_20260909T230417Z,2026_NFL_W02_GB_NYJ,2026-09-09T23:04:17.229727+00:00,2026-09-09T23:03:47Z,betrivers,5.5,-109,-112,200.0,-245.0,42.5,-112,-109,,,,,,,True,,,odds_api,free
2026_NFL_W02_PIT_NE_draftkings_20260909T230417Z,2026_NFL_W02_PIT_NE,2026-09-09T23:04:17.229727+00:00,2026-09-09T23:03:51Z,draftkings,-4.5,-110,-110,-218.0,180.0,43.5,-110,-110,,,,,,,True,,,odds_api,free
2026_NFL_W02_PIT_NE_betus_20260909T230417Z,2026_NFL_W02_PIT_NE,2026-09-09T23:04:17.229727+00:00,2026-09-09T23:03:02Z,betus,-5.0,-115,-105,,,43.0,-110,-110,,,,,,,True,,,odds_api,free
2026_NFL_W02_PIT_NE_lowvig_20260909T230417Z,2026_NFL_W02_PIT_NE,2026-09-09T23:04:17.229727+00:00,2026-09-09T23:04:14Z,lowvig,-5.0,-110,100,,,43.0,-107,-107,,,,,,,True,,,odds_api,free
2026_NFL_W02_PIT_NE_betonlineag_20260909T230417Z,2026_NFL_W02_PIT_NE,2026-09-09T23:04:17.229727+00:00,2026-09-09T23:02:57Z,betonlineag,-5.0,-115,-105,,,43.0,-110,-110,,,,,,,True,,,odds_api,free
2026_NFL_W02_PIT_NE_fanduel_20260909T230417Z,2026_NFL_W02_PIT_NE,2026-09-09T23:04:17.229727+00:00,2026-09-09T23:04:14Z,fanduel,-5.5,-110,-110,-240.0,198.0,43.5,-105,-115,,,,,,,True,,,odds_api,free
2026_NFL_W02_PIT_NE_betrivers_20260909T230417Z,2026_NFL_W02_PIT_NE,2026-09-09T23:04:17.229727+00:00,2026-09-09T23:03:47Z,betrivers,-5.0,-109,-112,-220.0,170.0,43.5,-112,-109,,,,,,,True,,,odds_api,free
2026_NFL_W02_PHI_TEN_draftkings_20260909T230417Z,2026_NFL_W02_PHI_TEN,2026-09-09T23:04:17.229727+00:00,2026-09-09T23:03:51Z,draftkings,5.5,-110,-110,190.0,-230.0,42.5,-110,-110,,,,,,,True,,,odds_api,free
2026_NFL_W02_PHI_TEN_betus_20260909T230417Z,2026_NFL_W02_PHI_TEN,2026-09-09T23:04:17.229727+00:00,2026-09-09T23:03:02Z,betus,4.5,-110,-110,,,42.5,-110,-110,,,,,,,True,,,odds_api,free
2026_NFL_W02_PHI_TEN_lowvig_20260909T230417Z,2026_NFL_W02_PHI_TEN,2026-09-09T23:04:17.229727+00:00,2026-09-09T23:04:14Z,lowvig,4.5,-105,-105,,,42.5,-107,-107,,,,,,,True,,,odds_api,free
2026_NFL_W02_PHI_TEN_betonlineag_20260909T230417Z,2026_NFL_W02_PHI_TEN,2026-09-09T23:04:17.229727+00:00,2026-09-09T23:02:57Z,betonlineag,4.5,-110,-110,,,42.5,-110,-110,,,,,,,True,,,odds_api,free
2026_NFL_W02_PHI_TEN_fanduel_20260909T230417Z,2026_NFL_W02_PHI_TEN,2026-09-09T23:04:17.229727+00:00,2026-09-09T23:04:14Z,fanduel,5.5,-110,-110,210.0,-255.0,41.5,-115,-105,,,,,,,True,,,odds_api,free
2026_NFL_W02_PHI_TEN_betrivers_20260909T230417Z,2026_NFL_W02_PHI_TEN,2026-09-09T23:04:17.229727+00:00,2026-09-09T23:03:47Z,betrivers,5.5,-110,-110,200.0,-245.0,42.5,-110,-110,,,,,,,True,,,odds_api,free
2026_NFL_W02_JAX_DEN_draftkings_20260909T230417Z,2026_NFL_W02_JAX_DEN,2026-09-09T23:04:17.229727+00:00,2026-09-09T23:03:51Z,draftkings,-3.0,-110,-110,-155.0,130.0,43.5,-110,-110,,,,,,,True,,,odds_api,free
2026_NFL_W02_JAX_DEN_betus_20260909T230417Z,2026_NFL_W02_JAX_DEN,2026-09-09T23:04:17.229727+00:00,2026-09-09T23:03:02Z,betus,-3.0,-115,-105,,,44.5,-110,-110,,,,,,,True,,,odds_api,free
2026_NFL_W02_JAX_DEN_lowvig_20260909T230417Z,2026_NFL_W02_JAX_DEN,2026-09-09T23:04:17.229727+00:00,2026-09-09T23:04:14Z,lowvig,-3.0,-110,100,,,44.5,-107,-107,,,,,,,True,,,odds_api,free
2026_NFL_W02_JAX_DEN_betonlineag_20260909T230417Z,2026_NFL_W02_JAX_DEN,2026-09-09T23:04:17.229727+00:00,2026-09-09T23:02:57Z,betonlineag,-3.0,-115,-105,,,44.5,-110,-110,,,,,,,True,,,odds_api,free
2026_NFL_W02_JAX_DEN_fanduel_20260909T230417Z,2026_NFL_W02_JAX_DEN,2026-09-09T23:04:17.229727+00:00,2026-09-09T23:04:14Z,fanduel,-2.5,-114,-106,-142.0,120.0,44.5,-118,-104,,,,,,,True,,,odds_api,free
2026_NFL_W02_JAX_DEN_betrivers_20260909T230417Z,2026_NFL_W02_JAX_DEN,2026-09-09T23:04:17.229727+00:00,2026-09-09T23:03:47Z,betrivers,-3.0,-109,-112,-148.0,120.0,44.5,-110,-110,,,,,,,True,,,odds_api,free
2026_NFL_W02_LV_LAC_draftkings_20260909T230417Z,2026_NFL_W02_LV_LAC,2026-09-09T23:04:17.229727+00:00,2026-09-09T23:03:51Z,draftkings,-9.5,-110,-110,-395.0,310.0,42.5,-110,-110,,,,,,,True,,,odds_api,free
2026_NFL_W02_LV_LAC_betus_20260909T230417Z,2026_NFL_W02_LV_LAC,2026-09-09T23:04:17.229727+00:00,2026-09-09T23:03:02Z,betus,-9.5,-110,-110,,,42.5,-110,-110,,,,,,,True,,,odds_api,free
2026_NFL_W02_LV_LAC_lowvig_20260909T230417Z,2026_NFL_W02_LV_LAC,2026-09-09T23:04:17.229727+00:00,2026-09-09T23:04:14Z,lowvig,-8.5,-105,-105,,,42.5,-107,-107,,,,,,,True,,,odds_api,free
2026_NFL_W02_LV_LAC_betonlineag_20260909T230417Z,2026_NFL_W02_LV_LAC,2026-09-09T23:04:17.229727+00:00,2026-09-09T23:02:57Z,betonlineag,-8.5,-110,-110,,,42.5,-110,-110,,,,,,,True,,,odds_api,free
2026_NFL_W02_LV_LAC_fanduel_20260909T230417Z,2026_NFL_W02_LV_LAC,2026-09-09T23:04:17.229727+00:00,2026-09-09T23:04:14Z,fanduel,-9.5,-110,-110,-550.0,420.0,42.5,-105,-115,,,,,,,True,,,odds_api,free
2026_NFL_W02_LV_LAC_betrivers_20260909T230417Z,2026_NFL_W02_LV_LAC,2026-09-09T23:04:17.229727+00:00,2026-09-09T23:03:47Z,betrivers,-8.5,-108,-113,-385.0,290.0,42.5,-113,-108,,,,,,,True,,,odds_api,free
2026_NFL_W02_SEA_ARI_draftkings_20260909T230417Z,2026_NFL_W02_SEA_ARI,2026-09-09T23:04:17.229727+00:00,2026-09-09T23:03:51Z,draftkings,10.0,-110,-110,410.0,-550.0,44.5,-110,-110,,,,,,,True,,,odds_api,free
2026_NFL_W02_SEA_ARI_betus_20260909T230417Z,2026_NFL_W02_SEA_ARI,2026-09-09T23:04:17.229727+00:00,2026-09-09T23:03:02Z,betus,10.0,-115,-105,,,44.5,-110,-110,,,,,,,True,,,odds_api,free
2026_NFL_W02_SEA_ARI_lowvig_20260909T230417Z,2026_NFL_W02_SEA_ARI,2026-09-09T23:04:17.229727+00:00,2026-09-09T23:04:14Z,lowvig,10.0,-110,100,,,44.5,-107,-107,,,,,,,True,,,odds_api,free
2026_NFL_W02_SEA_ARI_betonlineag_20260909T230417Z,2026_NFL_W02_SEA_ARI,2026-09-09T23:04:17.229727+00:00,2026-09-09T23:02:57Z,betonlineag,10.0,-115,-105,,,44.5,-110,-110,,,,,,,True,,,odds_api,free
2026_NFL_W02_SEA_ARI_fanduel_20260909T230417Z,2026_NFL_W02_SEA_ARI,2026-09-09T23:04:17.229727+00:00,2026-09-09T23:04:14Z,fanduel,9.5,-115,-105,385.0,-500.0,44.5,-102,-120,,,,,,,True,,,odds_api,free
2026_NFL_W02_SEA_ARI_betrivers_20260909T230417Z,2026_NFL_W02_SEA_ARI,2026-09-09T23:04:17.229727+00:00,2026-09-09T23:03:47Z,betrivers,10.0,-110,-110,375.0,-530.0,44.5,-109,-112,,,,,,,True,,,odds_api,free
2026_NFL_W02_WAS_DAL_draftkings_20260909T230417Z,2026_NFL_W02_WAS_DAL,2026-09-09T23:04:17.229727+00:00,2026-09-09T23:03:51Z,draftkings,-4.5,-105,-115,-205.0,170.0,51.5,-110,-110,,,,,,,True,,,odds_api,free
2026_NFL_W02_WAS_DAL_betus_20260909T230417Z,2026_NFL_W02_WAS_DAL,2026-09-09T23:04:17.229727+00:00,2026-09-09T23:03:02Z,betus,-4.5,-105,-115,,,51.5,-110,-110,,,,,,,True,,,odds_api,free
2026_NFL_W02_WAS_DAL_lowvig_20260909T230417Z,2026_NFL_W02_WAS_DAL,2026-09-09T23:04:17.229727+00:00,2026-09-09T23:04:14Z,lowvig,-4.5,100,-110,,,51.5,-107,-107,,,,,,,True,,,odds_api,free
2026_NFL_W02_WAS_DAL_betonlineag_20260909T230417Z,2026_NFL_W02_WAS_DAL,2026-09-09T23:04:17.229727+00:00,2026-09-09T23:02:57Z,betonlineag,-4.5,-105,-115,,,51.5,-110,-110,,,,,,,True,,,odds_api,free
2026_NFL_W02_WAS_DAL_fanduel_20260909T230417Z,2026_NFL_W02_WAS_DAL,2026-09-09T23:04:17.229727+00:00,2026-09-09T23:04:14Z,fanduel,-4.5,-115,-105,-230.0,190.0,51.5,-115,-105,,,,,,,True,,,odds_api,free
2026_NFL_W02_WAS_DAL_betrivers_20260909T230417Z,2026_NFL_W02_WAS_DAL,2026-09-09T23:04:17.229727+00:00,2026-09-09T23:03:47Z,betrivers,-4.5,-112,-109,-220.0,175.0,51.5,-109,-112,,,,,,,True,,,odds_api,free
2026_NFL_W02_MIA_SF_draftkings_20260909T230417Z,2026_NFL_W02_MIA_SF,2026-09-09T23:04:17.229727+00:00,2026-09-09T23:03:51Z,draftkings,-10.5,-110,-110,-675.0,490.0,46.5,-110,-110,,,,,,,True,,,odds_api,free
2026_NFL_W02_MIA_SF_betus_20260909T230417Z,2026_NFL_W02_MIA_SF,2026-09-09T23:04:17.229727+00:00,2026-09-09T23:03:02Z,betus,-10.5,-110,-110,,,46.5,-110,-110,,,,,,,True,,,odds_api,free
2026_NFL_W02_MIA_SF_lowvig_20260909T230417Z,2026_NFL_W02_MIA_SF,2026-09-09T23:04:17.229727+00:00,2026-09-09T23:04:14Z,lowvig,-10.5,-105,-105,,,46.5,-107,-107,,,,,,,True,,,odds_api,free
2026_NFL_W02_MIA_SF_betonlineag_20260909T230417Z,2026_NFL_W02_MIA_SF,2026-09-09T23:04:17.229727+00:00,2026-09-09T23:02:57Z,betonlineag,-10.5,-110,-110,,,46.5,-110,-110,,,,,,,True,,,odds_api,free
2026_NFL_W02_MIA_SF_fanduel_20260909T230417Z,2026_NFL_W02_MIA_SF,2026-09-09T23:04:17.229727+00:00,2026-09-09T23:04:14Z,fanduel,-12.5,-110,-110,-850.0,590.0,45.5,-118,-104,,,,,,,True,,,odds_api,free
2026_NFL_W02_MIA_SF_betrivers_20260909T230417Z,2026_NFL_W02_MIA_SF,2026-09-09T23:04:17.229727+00:00,2026-09-09T23:03:47Z,betrivers,-10.5,-110,-110,-770.0,500.0,46.5,-109,-112,,,,,,,True,,,odds_api,free
2026_NFL_W02_IND_KC_draftkings_20260909T230417Z,2026_NFL_W02_IND_KC,2026-09-09T23:04:17.229727+00:00,2026-09-09T23:03:51Z,draftkings,-6.5,-110,-110,-325.0,260.0,47.5,-110,-110,,,,,,,True,,,odds_api,free
2026_NFL_W02_IND_KC_betus_20260909T230417Z,2026_NFL_W02_IND_KC,2026-09-09T23:04:17.229727+00:00,2026-09-09T23:03:02Z,betus,-6.5,-110,-110,,,47.5,-110,-110,,,,,,,True,,,odds_api,free
2026_NFL_W02_IND_KC_betonlineag_20260909T230417Z,2026_NFL_W02_IND_KC,2026-09-09T23:04:17.229727+00:00,2026-09-09T23:02:57Z,betonlineag,-6.5,-110,-110,,,47.5,-110,-110,,,,,,,True,,,odds_api,free
2026_NFL_W02_IND_KC_lowvig_20260909T230417Z,2026_NFL_W02_IND_KC,2026-09-09T23:04:17.229727+00:00,2026-09-09T23:04:14Z,lowvig,-6.5,-105,-105,,,47.5,-107,-107,,,,,,,True,,,odds_api,free
2026_NFL_W02_IND_KC_fanduel_20260909T230417Z,2026_NFL_W02_IND_KC,2026-09-09T23:04:17.229727+00:00,2026-09-09T23:04:14Z,fanduel,-5.5,-110,-110,-250.0,205.0,46.5,-110,-110,,,,,,,True,,,odds_api,free
2026_NFL_W02_IND_KC_betrivers_20260909T230417Z,2026_NFL_W02_IND_KC,2026-09-09T23:04:17.229727+00:00,2026-09-09T23:03:47Z,betrivers,-6.5,-109,-112,-278.0,220.0,47.5,-109,-112,,,,,,,True,,,odds_api,free
2026_NFL_W02_NYG_LAR_draftkings_20260909T230417Z,2026_NFL_W02_NYG_LAR,2026-09-09T23:04:17.229727+00:00,2026-09-09T23:03:51Z,draftkings,-9.5,-112,-108,-485.0,370.0,48.5,-110,-110,,,,,,,True,,,odds_api,free
2026_NFL_W02_NYG_LAR_betus_20260909T230417Z,2026_NFL_W02_NYG_LAR,2026-09-09T23:04:17.229727+00:00,2026-09-09T23:03:02Z,betus,-8.5,-110,-110,,,48.5,-110,-110,,,,,,,True,,,odds_api,free
2026_NFL_W02_NYG_LAR_betonlineag_20260909T230417Z,2026_NFL_W02_NYG_LAR,2026-09-09T23:04:17.229727+00:00,2026-09-09T23:02:57Z,betonlineag,-8.5,-110,-110,,,48.5,-110,-110,,,,,,,True,,,odds_api,free
2026_NFL_W02_NYG_LAR_lowvig_20260909T230417Z,2026_NFL_W02_NYG_LAR,2026-09-09T23:04:17.229727+00:00,2026-09-09T23:04:14Z,lowvig,-8.5,-105,-105,,,48.5,-107,-107,,,,,,,True,,,odds_api,free
2026_NFL_W02_NYG_LAR_fanduel_20260909T230417Z,2026_NFL_W02_NYG_LAR,2026-09-09T23:04:17.229727+00:00,2026-09-09T23:04:14Z,fanduel,-9.5,-118,-104,-590.0,430.0,47.5,-110,-110,,,,,,,True,,,odds_api,free
2026_NFL_W02_NYG_LAR_betrivers_20260909T230417Z,2026_NFL_W02_NYG_LAR,2026-09-09T23:04:17.229727+00:00,2026-09-09T23:03:47Z,betrivers,-9.5,-109,-112,-500.0,370.0,48.5,-110,-110,,,,,,,True,,,odds_api,free
