snapshot_id,game_id,retrieved_at,provider_updated_at,book,spread_home,spread_home_price,spread_away_price,ml_home,ml_away,total,over_price,under_price,spread_ticket_pct_home,spread_money_pct_home,ml_ticket_pct_home,ml_money_pct_home,total_ticket_pct_over,total_money_pct_over,is_first_snapshot,provider_open_spread_home,provider_open_total,source,plan
2026_NFL_W04_PIT_CLE_draftkings_20260905T142525Z,2026_NFL_W04_PIT_CLE,2026-09-05T14:25:25.083854+00:00,2026-09-05T14:24:38Z,draftkings,2.5,-110,-110,114.0,-135.0,40.5,-110,-110,,,,,,,True,,,odds_api,free
2026_NFL_W04_IND_WAS_draftkings_20260905T142525Z,2026_NFL_W04_IND_WAS,2026-09-05T14:25:25.083854+00:00,2026-09-05T14:24:38Z,draftkings,-1.5,-105,-115,-118.0,-102.0,50.5,-110,-110,,,,,,,True,,,odds_api,free
2026_NFL_W04_IND_WAS_fanduel_20260905T142525Z,2026_NFL_W04_IND_WAS,2026-09-05T14:25:25.083854+00:00,2026-09-05T14:25:12Z,fanduel,1.5,-115,-105,-102.0,-116.0,49.5,-110,-110,,,,,,,True,,,odds_api,free
2026_NFL_W04_IND_WAS_betus_20260905T142525Z,2026_NFL_W04_IND_WAS,2026-09-05T14:25:25.083854+00:00,2026-09-05T14:25:17Z,betus,-1.5,100,-120,,,48.5,-110,-110,,,,,,,True,,,odds_api,free
2026_NFL_W04_ARI_NYG_draftkings_20260905T142525Z,2026_NFL_W04_ARI_NYG,2026-09-05T14:25:25.083854+00:00,2026-09-05T14:24:38Z,draftkings,-7.0,-110,-110,-325.0,260.0,45.5,-110,-110,,,,,,,True,,,odds_api,free
2026_NFL_W04_ARI_NYG_betus_20260905T142525Z,2026_NFL_W04_ARI_NYG,2026-09-05T14:25:25.083854+00:00,2026-09-05T14:25:17Z,betus,-7.0,-110,-110,,,45.5,-110,-110,,,,,,,True,,,odds_api,free
2026_NFL_W04_TEN_BAL_draftkings_20260905T142525Z,2026_NFL_W04_TEN_BAL,2026-09-05T14:25:25.083854+00:00,2026-09-05T14:24:38Z,draftkings,-8.5,-110,-110,-395.0,310.0,47.5,-110,-110,,,,,,,True,,,odds_api,free
2026_NFL_W04_TEN_BAL_betus_20260905T142525Z,2026_NFL_W04_TEN_BAL,2026-09-05T14:25:25.083854+00:00,2026-09-05T14:25:17Z,betus,-8.5,-110,-110,,,47.5,-110,-110,,,,,,,True,,,odds_api,free
2026_NFL_W04_NE_BUF_draftkings_20260905T142525Z,2026_NFL_W04_NE_BUF,2026-09-05T14:25:25.083854+00:00,2026-09-05T14:24:38Z,draftkings,-3.0,-110,-110,-166.0,140.0,49.5,-110,-110,,,,,,,True,,,odds_api,free
2026_NFL_W04_NYJ_CHI_draftkings_20260905T142525Z,2026_NFL_W04_NYJ_CHI,2026-09-05T14:25:25.083854+00:00,2026-09-05T14:24:38Z,draftkings,-8.5,-110,-110,-410.0,320.0,45.5,-110,-110,,,,,,,True,,,odds_api,free
2026_NFL_W04_JAX_CIN_draftkings_20260905T142525Z,2026_NFL_W04_JAX_CIN,2026-09-05T14:25:25.083854+00:00,2026-09-05T14:24:38Z,draftkings,-2.5,-110,-110,-135.0,114.0,51.5,-110,-110,,,,,,,True,,,odds_api,free
2026_NFL_W04_JAX_CIN_betus_20260905T142525Z,2026_NFL_W04_JAX_CIN,2026-09-05T14:25:25.083854+00:00,2026-09-05T14:25:17Z,betus,-2.5,-110,-110,,,51.5,-110,-110,,,,,,,True,,,odds_api,free
2026_NFL_W04_DAL_HOU_draftkings_20260905T142525Z,2026_NFL_W04_DAL_HOU,2026-09-05T14:25:25.083854+00:00,2026-09-05T14:24:38Z,draftkings,-2.5,-110,-110,-135.0,114.0,47.5,-110,-110,,,,,,,True,,,odds_api,free
2026_NFL_W04_DAL_HOU_betus_20260905T142525Z,2026_NFL_W04_DAL_HOU,2026-09-05T14:25:25.083854+00:00,2026-09-05T14:25:17Z,betus,-2.5,-110,-110,,,47.5,-110,-110,,,,,,,True,,,odds_api,free
2026_NFL_W04_GB_TB_draftkings_20260905T142525Z,2026_NFL_W04_GB_TB,2026-09-05T14:25:25.083854+00:00,2026-09-05T14:24:38Z,draftkings,1.5,-110,-110,105.0,-125.0,47.5,-110,-110,,,,,,,True,,,odds_api,free
2026_NFL_W04_GB_TB_betus_20260905T142525Z,2026_NFL_W04_GB_TB,2026-09-05T14:25:25.083854+00:00,2026-09-05T14:25:17Z,betus,1.5,-110,-110,,,47.5,-110,-110,,,,,,,True,,,odds_api,free
2026_NFL_W04_LAR_PHI_draftkings_20260905T142525Z,2026_NFL_W04_LAR_PHI,2026-09-05T14:25:25.083854+00:00,2026-09-05T14:24:38Z,draftkings,1.5,-110,-110,105.0,-125.0,47.5,-110,-110,,,,,,,True,,,odds_api,free
2026_NFL_W04_MIA_MIN_draftkings_20260905T142525Z,2026_NFL_W04_MIA_MIN,2026-09-05T14:25:25.083854+00:00,2026-09-05T14:24:38Z,draftkings,-7.5,-110,-110,-410.0,320.0,43.5,-110,-110,,,,,,,True,,,odds_api,free
2026_NFL_W04_MIA_MIN_betus_20260905T142525Z,2026_NFL_W04_MIA_MIN,2026-09-05T14:25:25.083854+00:00,2026-09-05T14:25:17Z,betus,-7.5,-110,-110,,,43.5,-110,-110,,,,,,,True,,,odds_api,free
2026_NFL_W04_DEN_SF_draftkings_20260905T142525Z,2026_NFL_W04_DEN_SF,2026-09-05T14:25:25.083854+00:00,2026-09-05T14:24:38Z,draftkings,-2.5,-110,-110,-142.0,120.0,46.5,-110,-110,,,,,,,True,,,odds_api,free
2026_NFL_W04_DEN_SF_betus_20260905T142525Z,2026_NFL_W04_DEN_SF,2026-09-05T14:25:25.083854+00:00,2026-09-05T14:25:17Z,betus,-2.5,-110,-110,,,46.5,-110,-110,,,,,,,True,,,odds_api,free
2026_NFL_W04_KC_LV_draftkings_20260905T142525Z,2026_NFL_W04_KC_LV,2026-09-05T14:25:25.083854+00:00,2026-09-05T14:24:38Z,draftkings,5.5,-110,-110,205.0,-250.0,43.5,-110,-110,,,,,,,True,,,odds_api,free
2026_NFL_W04_LAC_SEA_draftkings_20260905T142525Z,2026_NFL_W04_LAC_SEA,2026-09-05T14:25:25.083854+00:00,2026-09-05T14:24:38Z,draftkings,-3.0,-115,-105,-175.0,145.0,45.5,-110,-110,,,,,,,True,,,odds_api,free
2026_NFL_W04_LAC_SEA_betus_20260905T142525Z,2026_NFL_W04_LAC_SEA,2026-09-05T14:25:25.083854+00:00,2026-09-05T14:25:17Z,betus,-3.0,-110,-110,,,45.5,-110,-110,,,,,,,True,,,odds_api,free
2026_NFL_W04_DET_CAR_draftkings_20260905T142525Z,2026_NFL_W04_DET_CAR,2026-09-05T14:25:25.083854+00:00,2026-09-05T14:24:38Z,draftkings,3.0,-110,-110,136.0,-162.0,47.5,-110,-110,,,,,,,True,,,odds_api,free
2026_NFL_W04_ATL_NO_draftkings_20260905T142525Z,2026_NFL_W04_ATL_NO,2026-09-05T14:25:25.083854+00:00,2026-09-05T14:24:38Z,draftkings,-2.5,-110,-110,-135.0,114.0,45.5,-115,-105,,,,,,,True,,,odds_api,free
2026_NFL_W04_ATL_NO_betus_20260905T142525Z,2026_NFL_W04_ATL_NO,2026-09-05T14:25:25.083854+00:00,2026-09-05T14:25:17Z,betus,-2.5,-110,-110,,,45.5,-110,-110,,,,,,,True,,,odds_api,free
2026_NFL_W04_PIT_CLE_draftkings_20260905T150417Z,2026_NFL_W04_PIT_CLE,2026-09-05T15:04:17.564288+00:00,2026-09-05T15:02:04Z,draftkings,2.5,-110,-110,114.0,-135.0,40.5,-110,-110,,,,,,,True,,,odds_api,free
2026_NFL_W04_IND_WAS_draftkings_20260905T150417Z,2026_NFL_W04_IND_WAS,2026-09-05T15:04:17.564288+00:00,2026-09-05T15:02:04Z,draftkings,-1.5,-105,-115,-118.0,-102.0,50.5,-110,-110,,,,,,,True,,,odds_api,free
2026_NFL_W04_IND_WAS_fanduel_20260905T150417Z,2026_NFL_W04_IND_WAS,2026-09-05T15:04:17.564288+00:00,2026-09-05T15:04:02Z,fanduel,1.5,-115,-105,-102.0,-116.0,49.5,-110,-110,,,,,,,True,,,odds_api,free
2026_NFL_W04_IND_WAS_betus_20260905T150417Z,2026_NFL_W04_IND_WAS,2026-09-05T15:04:17.564288+00:00,2026-09-05T15:03:34Z,betus,-1.5,100,-120,,,48.5,-110,-110,,,,,,,True,,,odds_api,free
2026_NFL_W04_ARI_NYG_draftkings_20260905T150417Z,2026_NFL_W04_ARI_NYG,2026-09-05T15:04:17.564288+00:00,2026-09-05T15:02:04Z,draftkings,-7.0,-110,-110,-325.0,260.0,45.5,-110,-110,,,,,,,True,,,odds_api,free
2026_NFL_W04_ARI_NYG_betus_20260905T150417Z,2026_NFL_W04_ARI_NYG,2026-09-05T15:04:17.564288+00:00,2026-09-05T15:03:34Z,betus,-7.0,-110,-110,,,45.5,-110,-110,,,,,,,True,,,odds_api,free
2026_NFL_W04_TEN_BAL_draftkings_20260905T150417Z,2026_NFL_W04_TEN_BAL,2026-09-05T15:04:17.564288+00:00,2026-09-05T15:02:04Z,draftkings,-8.5,-110,-110,-395.0,310.0,47.5,-110,-110,,,,,,,True,,,odds_api,free
2026_NFL_W04_TEN_BAL_betus_20260905T150417Z,2026_NFL_W04_TEN_BAL,2026-09-05T15:04:17.564288+00:00,2026-09-05T15:03:34Z,betus,-8.5,-110,-110,,,47.5,-110,-110,,,,,,,True,,,odds_api,free
2026_NFL_W04_NE_BUF_draftkings_20260905T150417Z,2026_NFL_W04_NE_BUF,2026-09-05T15:04:17.564288+00:00,2026-09-05T15:02:04Z,draftkings,-3.0,-110,-110,-166.0,140.0,49.5,-110,-110,,,,,,,True,,,odds_api,free
2026_NFL_W04_NYJ_CHI_draftkings_20260905T150417Z,2026_NFL_W04_NYJ_CHI,2026-09-05T15:04:17.564288+00:00,2026-09-05T15:02:04Z,draftkings,-8.5,-110,-110,-410.0,320.0,45.5,-110,-110,,,,,,,True,,,odds_api,free
2026_NFL_W04_JAX_CIN_draftkings_20260905T150417Z,2026_NFL_W04_JAX_CIN,2026-09-05T15:04:17.564288+00:00,2026-09-05T15:02:04Z,draftkings,-2.5,-110,-110,-135.0,114.0,51.5,-110,-110,,,,,,,True,,,odds_api,free
2026_NFL_W04_JAX_CIN_betus_20260905T150417Z,2026_NFL_W04_JAX_CIN,2026-09-05T15:04:17.564288+00:00,2026-09-05T15:03:34Z,betus,-2.5,-110,-110,,,51.5,-110,-110,,,,,,,True,,,odds_api,free
2026_NFL_W04_DAL_HOU_draftkings_20260905T150417Z,2026_NFL_W04_DAL_HOU,2026-09-05T15:04:17.564288+00:00,2026-09-05T15:02:04Z,draftkings,-2.5,-110,-110,-135.0,114.0,47.5,-110,-110,,,,,,,True,,,odds_api,free
2026_NFL_W04_DAL_HOU_betus_20260905T150417Z,2026_NFL_W04_DAL_HOU,2026-09-05T15:04:17.564288+00:00,2026-09-05T15:03:34Z,betus,-2.5,-110,-110,,,47.5,-110,-110,,,,,,,True,,,odds_api,free
2026_NFL_W04_GB_TB_draftkings_20260905T150417Z,2026_NFL_W04_GB_TB,2026-09-05T15:04:17.564288+00:00,2026-09-05T15:02:04Z,draftkings,1.5,-110,-110,105.0,-125.0,47.5,-110,-110,,,,,,,True,,,odds_api,free
2026_NFL_W04_GB_TB_betus_20260905T150417Z,2026_NFL_W04_GB_TB,2026-09-05T15:04:17.564288+00:00,2026-09-05T15:03:34Z,betus,1.5,-110,-110,,,47.5,-110,-110,,,,,,,True,,,odds_api,free
2026_NFL_W04_LAR_PHI_draftkings_20260905T150417Z,2026_NFL_W04_LAR_PHI,2026-09-05T15:04:17.564288+00:00,2026-09-05T15:02:04Z,draftkings,1.5,-110,-110,105.0,-125.0,47.5,-110,-110,,,,,,,True,,,odds_api,free
2026_NFL_W04_MIA_MIN_draftkings_20260905T150417Z,2026_NFL_W04_MIA_MIN,2026-09-05T15:04:17.564288+00:00,2026-09-05T15:02:04Z,draftkings,-7.5,-110,-110,-410.0,320.0,43.5,-110,-110,,,,,,,True,,,odds_api,free
2026_NFL_W04_MIA_MIN_betus_20260905T150417Z,2026_NFL_W04_MIA_MIN,2026-09-05T15:04:17.564288+00:00,2026-09-05T15:03:34Z,betus,-7.5,-110,-110,,,43.5,-110,-110,,,,,,,True,,,odds_api,free
2026_NFL_W04_DEN_SF_draftkings_20260905T150417Z,2026_NFL_W04_DEN_SF,2026-09-05T15:04:17.564288+00:00,2026-09-05T15:02:04Z,draftkings,-2.5,-110,-110,-142.0,120.0,46.5,-110,-110,,,,,,,True,,,odds_api,free
2026_NFL_W04_DEN_SF_betus_20260905T150417Z,2026_NFL_W04_DEN_SF,2026-09-05T15:04:17.564288+00:00,2026-09-05T15:03:34Z,betus,-2.5,-110,-110,,,46.5,-110,-110,,,,,,,True,,,odds_api,free
2026_NFL_W04_KC_LV_draftkings_20260905T150417Z,2026_NFL_W04_KC_LV,2026-09-05T15:04:17.564288+00:00,2026-09-05T15:02:04Z,draftkings,5.5,-110,-110,205.0,-250.0,43.5,-110,-110,,,,,,,True,,,odds_api,free
2026_NFL_W04_LAC_SEA_draftkings_20260905T150417Z,2026_NFL_W04_LAC_SEA,2026-09-05T15:04:17.564288+00:00,2026-09-05T15:02:04Z,draftkings,-3.0,-115,-105,-175.0,145.0,45.5,-110,-110,,,,,,,True,,,odds_api,free
2026_NFL_W04_LAC_SEA_betus_20260905T150417Z,2026_NFL_W04_LAC_SEA,2026-09-05T15:04:17.564288+00:00,2026-09-05T15:03:34Z,betus,-3.0,-110,-110,,,45.5,-110,-110,,,,,,,True,,,odds_api,free
2026_NFL_W04_DET_CAR_draftkings_20260905T150417Z,2026_NFL_W04_DET_CAR,2026-09-05T15:04:17.564288+00:00,2026-09-05T15:02:04Z,draftkings,3.0,-110,-110,136.0,-162.0,47.5,-110,-110,,,,,,,True,,,odds_api,free
2026_NFL_W04_ATL_NO_draftkings_20260905T150417Z,2026_NFL_W04_ATL_NO,2026-09-05T15:04:17.564288+00:00,2026-09-05T15:02:04Z,draftkings,-2.5,-110,-110,-135.0,114.0,45.5,-115,-105,,,,,,,True,,,odds_api,free
2026_NFL_W04_ATL_NO_betus_20260905T150417Z,2026_NFL_W04_ATL_NO,2026-09-05T15:04:17.564288+00:00,2026-09-05T15:03:34Z,betus,-2.5,-110,-110,,,45.5,-110,-110,,,,,,,True,,,odds_api,free
2026_NFL_W04_PIT_CLE_draftkings_20260906T131237Z,2026_NFL_W04_PIT_CLE,2026-09-06T13:12:37.997844+00:00,2026-09-06T13:10:40Z,draftkings,2.5,-110,-110,114.0,-135.0,40.5,-110,-110,,,,,,,True,,,odds_api,free
2026_NFL_W04_IND_WAS_draftkings_20260906T131237Z,2026_NFL_W04_IND_WAS,2026-09-06T13:12:37.997844+00:00,2026-09-06T13:10:40Z,draftkings,-1.5,-105,-115,-118.0,-102.0,50.5,-110,-110,,,,,,,True,,,odds_api,free
2026_NFL_W04_IND_WAS_fanduel_20260906T131237Z,2026_NFL_W04_IND_WAS,2026-09-06T13:12:37.997844+00:00,2026-09-06T13:12:28Z,fanduel,1.5,-115,-105,-102.0,-116.0,49.5,-110,-110,,,,,,,True,,,odds_api,free
2026_NFL_W04_IND_WAS_betus_20260906T131237Z,2026_NFL_W04_IND_WAS,2026-09-06T13:12:37.997844+00:00,2026-09-06T13:11:33Z,betus,-1.5,100,-120,,,48.5,-110,-110,,,,,,,True,,,odds_api,free
2026_NFL_W04_ARI_NYG_draftkings_20260906T131237Z,2026_NFL_W04_ARI_NYG,2026-09-06T13:12:37.997844+00:00,2026-09-06T13:10:40Z,draftkings,-7.0,-110,-110,-340.0,270.0,45.5,-110,-110,,,,,,,True,,,odds_api,free
2026_NFL_W04_ARI_NYG_betus_20260906T131237Z,2026_NFL_W04_ARI_NYG,2026-09-06T13:12:37.997844+00:00,2026-09-06T13:11:33Z,betus,-7.0,-110,-110,,,45.5,-110,-110,,,,,,,True,,,odds_api,free
2026_NFL_W04_TEN_BAL_draftkings_20260906T131237Z,2026_NFL_W04_TEN_BAL,2026-09-06T13:12:37.997844+00:00,2026-09-06T13:10:40Z,draftkings,-8.5,-110,-110,-395.0,310.0,47.5,-110,-110,,,,,,,True,,,odds_api,free
2026_NFL_W04_TEN_BAL_betus_20260906T131237Z,2026_NFL_W04_TEN_BAL,2026-09-06T13:12:37.997844+00:00,2026-09-06T13:11:33Z,betus,-8.5,-110,-110,,,47.5,-110,-110,,,,,,,True,,,odds_api,free
2026_NFL_W04_NE_BUF_draftkings_20260906T131237Z,2026_NFL_W04_NE_BUF,2026-09-06T13:12:37.997844+00:00,2026-09-06T13:10:40Z,draftkings,-3.0,-110,-110,-166.0,140.0,49.5,-110,-110,,,,,,,True,,,odds_api,free
2026_NFL_W04_NYJ_CHI_draftkings_20260906T131237Z,2026_NFL_W04_NYJ_CHI,2026-09-06T13:12:37.997844+00:00,2026-09-06T13:10:40Z,draftkings,-8.5,-110,-110,-440.0,340.0,45.5,-110,-110,,,,,,,True,,,odds_api,free
2026_NFL_W04_JAX_CIN_draftkings_20260906T131237Z,2026_NFL_W04_JAX_CIN,2026-09-06T13:12:37.997844+00:00,2026-09-06T13:10:40Z,draftkings,-2.5,-110,-110,-135.0,114.0,51.5,-110,-110,,,,,,,True,,,odds_api,free
2026_NFL_W04_JAX_CIN_betus_20260906T131237Z,2026_NFL_W04_JAX_CIN,2026-09-06T13:12:37.997844+00:00,2026-09-06T13:11:33Z,betus,-2.5,-110,-110,,,51.5,-110,-110,,,,,,,True,,,odds_api,free
2026_NFL_W04_DAL_HOU_draftkings_20260906T131237Z,2026_NFL_W04_DAL_HOU,2026-09-06T13:12:37.997844+00:00,2026-09-06T13:10:40Z,draftkings,-2.5,-110,-110,-135.0,114.0,47.5,-110,-110,,,,,,,True,,,odds_api,free
2026_NFL_W04_DAL_HOU_betus_20260906T131237Z,2026_NFL_W04_DAL_HOU,2026-09-06T13:12:37.997844+00:00,2026-09-06T13:11:33Z,betus,-2.5,-110,-110,,,47.5,-110,-110,,,,,,,True,,,odds_api,free
2026_NFL_W04_GB_TB_draftkings_20260906T131237Z,2026_NFL_W04_GB_TB,2026-09-06T13:12:37.997844+00:00,2026-09-06T13:10:40Z,draftkings,1.5,-110,-110,105.0,-125.0,47.5,-110,-110,,,,,,,True,,,odds_api,free
2026_NFL_W04_GB_TB_betus_20260906T131237Z,2026_NFL_W04_GB_TB,2026-09-06T13:12:37.997844+00:00,2026-09-06T13:11:33Z,betus,1.5,-110,-110,,,47.5,-110,-110,,,,,,,True,,,odds_api,free
2026_NFL_W04_LAR_PHI_draftkings_20260906T131237Z,2026_NFL_W04_LAR_PHI,2026-09-06T13:12:37.997844+00:00,2026-09-06T13:10:40Z,draftkings,1.5,-110,-110,105.0,-125.0,47.5,-110,-110,,,,,,,True,,,odds_api,free
2026_NFL_W04_MIA_MIN_draftkings_20260906T131237Z,2026_NFL_W04_MIA_MIN,2026-09-06T13:12:37.997844+00:00,2026-09-06T13:10:40Z,draftkings,-7.5,-110,-110,-410.0,320.0,43.5,-110,-110,,,,,,,True,,,odds_api,free
2026_NFL_W04_MIA_MIN_betus_20260906T131237Z,2026_NFL_W04_MIA_MIN,2026-09-06T13:12:37.997844+00:00,2026-09-06T13:11:33Z,betus,-7.5,-110,-110,,,43.5,-110,-110,,,,,,,True,,,odds_api,free
2026_NFL_W04_DEN_SF_draftkings_20260906T131237Z,2026_NFL_W04_DEN_SF,2026-09-06T13:12:37.997844+00:00,2026-09-06T13:10:40Z,draftkings,-2.5,-110,-110,-142.0,120.0,46.5,-110,-110,,,,,,,True,,,odds_api,free
2026_NFL_W04_DEN_SF_betus_20260906T131237Z,2026_NFL_W04_DEN_SF,2026-09-06T13:12:37.997844+00:00,2026-09-06T13:11:33Z,betus,-2.5,-110,-110,,,46.5,-110,-110,,,,,,,True,,,odds_api,free
2026_NFL_W04_KC_LV_draftkings_20260906T131237Z,2026_NFL_W04_KC_LV,2026-09-06T13:12:37.997844+00:00,2026-09-06T13:10:40Z,draftkings,5.5,-110,-110,205.0,-250.0,43.5,-110,-110,,,,,,,True,,,odds_api,free
2026_NFL_W04_LAC_SEA_draftkings_20260906T131237Z,2026_NFL_W04_LAC_SEA,2026-09-06T13:12:37.997844+00:00,2026-09-06T13:10:40Z,draftkings,-3.0,-115,-105,-175.0,145.0,45.5,-110,-110,,,,,,,True,,,odds_api,free
2026_NFL_W04_LAC_SEA_betus_20260906T131237Z,2026_NFL_W04_LAC_SEA,2026-09-06T13:12:37.997844+00:00,2026-09-06T13:11:33Z,betus,-3.0,-110,-110,,,45.5,-110,-110,,,,,,,True,,,odds_api,free
2026_NFL_W04_DET_CAR_draftkings_20260906T131237Z,2026_NFL_W04_DET_CAR,2026-09-06T13:12:37.997844+00:00,2026-09-06T13:10:40Z,draftkings,3.0,-110,-110,136.0,-162.0,47.5,-110,-110,,,,,,,True,,,odds_api,free
2026_NFL_W04_ATL_NO_draftkings_20260906T131237Z,2026_NFL_W04_ATL_NO,2026-09-06T13:12:37.997844+00:00,2026-09-06T13:10:40Z,draftkings,-2.5,-110,-110,-135.0,114.0,45.5,-115,-105,,,,,,,True,,,odds_api,free
2026_NFL_W04_ATL_NO_betus_20260906T131237Z,2026_NFL_W04_ATL_NO,2026-09-06T13:12:37.997844+00:00,2026-09-06T13:11:33Z,betus,-2.5,-110,-110,,,45.5,-110,-110,,,,,,,True,,,odds_api,free
2026_NFL_W04_PIT_CLE_draftkings_20260906T151245Z,2026_NFL_W04_PIT_CLE,2026-09-06T15:12:45.089623+00:00,2026-09-06T15:10:34Z,draftkings,2.5,-110,-110,114.0,-135.0,40.5,-110,-110,,,,,,,True,,,odds_api,free
2026_NFL_W04_IND_WAS_draftkings_20260906T151245Z,2026_NFL_W04_IND_WAS,2026-09-06T15:12:45.089623+00:00,2026-09-06T15:10:34Z,draftkings,-1.5,-105,-115,-118.0,-102.0,50.5,-110,-110,,,,,,,True,,,odds_api,free
2026_NFL_W04_IND_WAS_fanduel_20260906T151245Z,2026_NFL_W04_IND_WAS,2026-09-06T15:12:45.089623+00:00,2026-09-06T15:12:25Z,fanduel,1.5,-115,-105,-102.0,-116.0,49.5,-110,-110,,,,,,,True,,,odds_api,free
2026_NFL_W04_IND_WAS_betus_20260906T151245Z,2026_NFL_W04_IND_WAS,2026-09-06T15:12:45.089623+00:00,2026-09-06T15:11:39Z,betus,-1.5,100,-120,,,48.5,-110,-110,,,,,,,True,,,odds_api,free
2026_NFL_W04_ARI_NYG_draftkings_20260906T151245Z,2026_NFL_W04_ARI_NYG,2026-09-06T15:12:45.089623+00:00,2026-09-06T15:10:34Z,draftkings,-7.0,-110,-110,-340.0,270.0,45.5,-110,-110,,,,,,,True,,,odds_api,free
2026_NFL_W04_ARI_NYG_betus_20260906T151245Z,2026_NFL_W04_ARI_NYG,2026-09-06T15:12:45.089623+00:00,2026-09-06T15:11:39Z,betus,-7.0,-110,-110,,,45.5,-110,-110,,,,,,,True,,,odds_api,free
2026_NFL_W04_TEN_BAL_draftkings_20260906T151245Z,2026_NFL_W04_TEN_BAL,2026-09-06T15:12:45.089623+00:00,2026-09-06T15:10:34Z,draftkings,-8.5,-110,-110,-395.0,310.0,47.5,-110,-110,,,,,,,True,,,odds_api,free
2026_NFL_W04_TEN_BAL_betus_20260906T151245Z,2026_NFL_W04_TEN_BAL,2026-09-06T15:12:45.089623+00:00,2026-09-06T15:11:39Z,betus,-8.5,-110,-110,,,47.5,-110,-110,,,,,,,True,,,odds_api,free
2026_NFL_W04_NE_BUF_draftkings_20260906T151245Z,2026_NFL_W04_NE_BUF,2026-09-06T15:12:45.089623+00:00,2026-09-06T15:10:34Z,draftkings,-3.0,-110,-110,-166.0,140.0,49.5,-110,-110,,,,,,,True,,,odds_api,free
2026_NFL_W04_NYJ_CHI_draftkings_20260906T151245Z,2026_NFL_W04_NYJ_CHI,2026-09-06T15:12:45.089623+00:00,2026-09-06T15:10:34Z,draftkings,-8.5,-110,-110,-440.0,340.0,45.5,-110,-110,,,,,,,True,,,odds_api,free
2026_NFL_W04_JAX_CIN_draftkings_20260906T151245Z,2026_NFL_W04_JAX_CIN,2026-09-06T15:12:45.089623+00:00,2026-09-06T15:10:34Z,draftkings,-2.5,-110,-110,-135.0,114.0,51.5,-110,-110,,,,,,,True,,,odds_api,free
2026_NFL_W04_JAX_CIN_betus_20260906T151245Z,2026_NFL_W04_JAX_CIN,2026-09-06T15:12:45.089623+00:00,2026-09-06T15:11:39Z,betus,-2.5,-110,-110,,,51.5,-110,-110,,,,,,,True,,,odds_api,free
2026_NFL_W04_DAL_HOU_draftkings_20260906T151245Z,2026_NFL_W04_DAL_HOU,2026-09-06T15:12:45.089623+00:00,2026-09-06T15:10:34Z,draftkings,-2.5,-110,-110,-135.0,114.0,47.5,-110,-110,,,,,,,True,,,odds_api,free
2026_NFL_W04_DAL_HOU_betus_20260906T151245Z,2026_NFL_W04_DAL_HOU,2026-09-06T15:12:45.089623+00:00,2026-09-06T15:11:39Z,betus,-2.5,-110,-110,,,47.5,-110,-110,,,,,,,True,,,odds_api,free
2026_NFL_W04_GB_TB_draftkings_20260906T151245Z,2026_NFL_W04_GB_TB,2026-09-06T15:12:45.089623+00:00,2026-09-06T15:10:34Z,draftkings,1.5,-110,-110,105.0,-125.0,47.5,-110,-110,,,,,,,True,,,odds_api,free
2026_NFL_W04_GB_TB_betus_20260906T151245Z,2026_NFL_W04_GB_TB,2026-09-06T15:12:45.089623+00:00,2026-09-06T15:11:39Z,betus,1.5,-110,-110,,,47.5,-110,-110,,,,,,,True,,,odds_api,free
2026_NFL_W04_LAR_PHI_draftkings_20260906T151245Z,2026_NFL_W04_LAR_PHI,2026-09-06T15:12:45.089623+00:00,2026-09-06T15:10:34Z,draftkings,1.5,-110,-110,105.0,-125.0,47.5,-110,-110,,,,,,,True,,,odds_api,free
2026_NFL_W04_MIA_MIN_draftkings_20260906T151245Z,2026_NFL_W04_MIA_MIN,2026-09-06T15:12:45.089623+00:00,2026-09-06T15:10:34Z,draftkings,-7.5,-110,-110,-410.0,320.0,43.5,-110,-110,,,,,,,True,,,odds_api,free
2026_NFL_W04_MIA_MIN_betus_20260906T151245Z,2026_NFL_W04_MIA_MIN,2026-09-06T15:12:45.089623+00:00,2026-09-06T15:11:39Z,betus,-7.5,-110,-110,,,43.5,-110,-110,,,,,,,True,,,odds_api,free
2026_NFL_W04_DEN_SF_draftkings_20260906T151245Z,2026_NFL_W04_DEN_SF,2026-09-06T15:12:45.089623+00:00,2026-09-06T15:10:34Z,draftkings,-2.5,-110,-110,-142.0,120.0,46.5,-110,-110,,,,,,,True,,,odds_api,free
2026_NFL_W04_DEN_SF_betus_20260906T151245Z,2026_NFL_W04_DEN_SF,2026-09-06T15:12:45.089623+00:00,2026-09-06T15:11:39Z,betus,-2.5,-110,-110,,,46.5,-110,-110,,,,,,,True,,,odds_api,free
2026_NFL_W04_KC_LV_draftkings_20260906T151245Z,2026_NFL_W04_KC_LV,2026-09-06T15:12:45.089623+00:00,2026-09-06T15:10:34Z,draftkings,5.5,-110,-110,205.0,-250.0,43.5,-110,-110,,,,,,,True,,,odds_api,free
2026_NFL_W04_LAC_SEA_draftkings_20260906T151245Z,2026_NFL_W04_LAC_SEA,2026-09-06T15:12:45.089623+00:00,2026-09-06T15:10:34Z,draftkings,-3.0,-115,-105,-175.0,145.0,45.5,-110,-110,,,,,,,True,,,odds_api,free
2026_NFL_W04_LAC_SEA_betus_20260906T151245Z,2026_NFL_W04_LAC_SEA,2026-09-06T15:12:45.089623+00:00,2026-09-06T15:11:39Z,betus,-3.0,-110,-110,,,45.5,-110,-110,,,,,,,True,,,odds_api,free
2026_NFL_W04_DET_CAR_draftkings_20260906T151245Z,2026_NFL_W04_DET_CAR,2026-09-06T15:12:45.089623+00:00,2026-09-06T15:10:34Z,draftkings,3.0,-110,-110,136.0,-162.0,47.5,-110,-110,,,,,,,True,,,odds_api,free
2026_NFL_W04_ATL_NO_draftkings_20260906T151245Z,2026_NFL_W04_ATL_NO,2026-09-06T15:12:45.089623+00:00,2026-09-06T15:10:34Z,draftkings,-2.5,-110,-110,-135.0,114.0,45.5,-115,-105,,,,,,,True,,,odds_api,free
2026_NFL_W04_ATL_NO_betus_20260906T151245Z,2026_NFL_W04_ATL_NO,2026-09-06T15:12:45.089623+00:00,2026-09-06T15:11:39Z,betus,-2.5,-110,-110,,,45.5,-110,-110,,,,,,,True,,,odds_api,free
2026_NFL_W04_PIT_CLE_draftkings_20260906T161247Z,2026_NFL_W04_PIT_CLE,2026-09-06T16:12:47.501655+00:00,2026-09-06T16:11:54Z,draftkings,2.5,-110,-110,114.0,-135.0,40.5,-110,-110,,,,,,,True,,,odds_api,free
2026_NFL_W04_IND_WAS_draftkings_20260906T161247Z,2026_NFL_W04_IND_WAS,2026-09-06T16:12:47.501655+00:00,2026-09-06T16:11:54Z,draftkings,-1.5,-105,-115,-118.0,-102.0,50.5,-110,-110,,,,,,,True,,,odds_api,free
2026_NFL_W04_IND_WAS_fanduel_20260906T161247Z,2026_NFL_W04_IND_WAS,2026-09-06T16:12:47.501655+00:00,2026-09-06T16:12:16Z,fanduel,1.5,-115,-105,-102.0,-116.0,49.5,-110,-110,,,,,,,True,,,odds_api,free
2026_NFL_W04_IND_WAS_betus_20260906T161247Z,2026_NFL_W04_IND_WAS,2026-09-06T16:12:47.501655+00:00,2026-09-06T16:11:54Z,betus,-1.5,100,-120,,,48.5,-110,-110,,,,,,,True,,,odds_api,free
2026_NFL_W04_ARI_NYG_draftkings_20260906T161247Z,2026_NFL_W04_ARI_NYG,2026-09-06T16:12:47.501655+00:00,2026-09-06T16:11:54Z,draftkings,-7.0,-110,-110,-340.0,270.0,45.5,-110,-110,,,,,,,True,,,odds_api,free
2026_NFL_W04_ARI_NYG_betus_20260906T161247Z,2026_NFL_W04_ARI_NYG,2026-09-06T16:12:47.501655+00:00,2026-09-06T16:11:54Z,betus,-7.0,-110,-110,,,45.5,-110,-110,,,,,,,True,,,odds_api,free
2026_NFL_W04_TEN_BAL_draftkings_20260906T161247Z,2026_NFL_W04_TEN_BAL,2026-09-06T16:12:47.501655+00:00,2026-09-06T16:11:54Z,draftkings,-8.5,-110,-110,-395.0,310.0,47.5,-110,-110,,,,,,,True,,,odds_api,free
2026_NFL_W04_TEN_BAL_betus_20260906T161247Z,2026_NFL_W04_TEN_BAL,2026-09-06T16:12:47.501655+00:00,2026-09-06T16:11:54Z,betus,-8.5,-110,-110,,,47.5,-110,-110,,,,,,,True,,,odds_api,free
2026_NFL_W04_NE_BUF_draftkings_20260906T161247Z,2026_NFL_W04_NE_BUF,2026-09-06T16:12:47.501655+00:00,2026-09-06T16:11:54Z,draftkings,-3.0,-110,-110,-166.0,140.0,49.5,-110,-110,,,,,,,True,,,odds_api,free
2026_NFL_W04_NYJ_CHI_draftkings_20260906T161247Z,2026_NFL_W04_NYJ_CHI,2026-09-06T16:12:47.501655+00:00,2026-09-06T16:11:54Z,draftkings,-8.5,-110,-110,-440.0,340.0,45.5,-110,-110,,,,,,,True,,,odds_api,free
2026_NFL_W04_JAX_CIN_draftkings_20260906T161247Z,2026_NFL_W04_JAX_CIN,2026-09-06T16:12:47.501655+00:00,2026-09-06T16:11:54Z,draftkings,-2.5,-110,-110,-135.0,114.0,51.5,-110,-110,,,,,,,True,,,odds_api,free
2026_NFL_W04_JAX_CIN_betus_20260906T161247Z,2026_NFL_W04_JAX_CIN,2026-09-06T16:12:47.501655+00:00,2026-09-06T16:11:54Z,betus,-2.5,-110,-110,,,51.5,-110,-110,,,,,,,True,,,odds_api,free
2026_NFL_W04_DAL_HOU_draftkings_20260906T161247Z,2026_NFL_W04_DAL_HOU,2026-09-06T16:12:47.501655+00:00,2026-09-06T16:11:54Z,draftkings,-2.5,-110,-110,-135.0,114.0,47.5,-110,-110,,,,,,,True,,,odds_api,free
2026_NFL_W04_DAL_HOU_betus_20260906T161247Z,2026_NFL_W04_DAL_HOU,2026-09-06T16:12:47.501655+00:00,2026-09-06T16:11:54Z,betus,-2.5,-110,-110,,,47.5,-110,-110,,,,,,,True,,,odds_api,free
2026_NFL_W04_GB_TB_draftkings_20260906T161247Z,2026_NFL_W04_GB_TB,2026-09-06T16:12:47.501655+00:00,2026-09-06T16:11:54Z,draftkings,1.5,-110,-110,105.0,-125.0,47.5,-110,-110,,,,,,,True,,,odds_api,free
2026_NFL_W04_GB_TB_betus_20260906T161247Z,2026_NFL_W04_GB_TB,2026-09-06T16:12:47.501655+00:00,2026-09-06T16:11:54Z,betus,1.5,-110,-110,,,47.5,-110,-110,,,,,,,True,,,odds_api,free
2026_NFL_W04_LAR_PHI_draftkings_20260906T161247Z,2026_NFL_W04_LAR_PHI,2026-09-06T16:12:47.501655+00:00,2026-09-06T16:11:54Z,draftkings,1.5,-110,-110,105.0,-125.0,47.5,-110,-110,,,,,,,True,,,odds_api,free
2026_NFL_W04_MIA_MIN_draftkings_20260906T161247Z,2026_NFL_W04_MIA_MIN,2026-09-06T16:12:47.501655+00:00,2026-09-06T16:11:54Z,draftkings,-7.5,-110,-110,-410.0,320.0,43.5,-110,-110,,,,,,,True,,,odds_api,free
2026_NFL_W04_MIA_MIN_betus_20260906T161247Z,2026_NFL_W04_MIA_MIN,2026-09-06T16:12:47.501655+00:00,2026-09-06T16:11:54Z,betus,-7.5,-110,-110,,,43.5,-110,-110,,,,,,,True,,,odds_api,free
2026_NFL_W04_DEN_SF_draftkings_20260906T161247Z,2026_NFL_W04_DEN_SF,2026-09-06T16:12:47.501655+00:00,2026-09-06T16:11:54Z,draftkings,-2.5,-110,-110,-142.0,120.0,46.5,-110,-110,,,,,,,True,,,odds_api,free
2026_NFL_W04_DEN_SF_betus_20260906T161247Z,2026_NFL_W04_DEN_SF,2026-09-06T16:12:47.501655+00:00,2026-09-06T16:11:54Z,betus,-2.5,-110,-110,,,46.5,-110,-110,,,,,,,True,,,odds_api,free
2026_NFL_W04_KC_LV_draftkings_20260906T161247Z,2026_NFL_W04_KC_LV,2026-09-06T16:12:47.501655+00:00,2026-09-06T16:11:54Z,draftkings,5.5,-110,-110,205.0,-250.0,43.5,-110,-110,,,,,,,True,,,odds_api,free
2026_NFL_W04_LAC_SEA_draftkings_20260906T161247Z,2026_NFL_W04_LAC_SEA,2026-09-06T16:12:47.501655+00:00,2026-09-06T16:11:54Z,draftkings,-3.0,-115,-105,-175.0,145.0,45.5,-110,-110,,,,,,,True,,,odds_api,free
2026_NFL_W04_LAC_SEA_betus_20260906T161247Z,2026_NFL_W04_LAC_SEA,2026-09-06T16:12:47.501655+00:00,2026-09-06T16:11:54Z,betus,-3.0,-110,-110,,,45.5,-110,-110,,,,,,,True,,,odds_api,free
2026_NFL_W04_DET_CAR_draftkings_20260906T161247Z,2026_NFL_W04_DET_CAR,2026-09-06T16:12:47.501655+00:00,2026-09-06T16:11:54Z,draftkings,3.0,-110,-110,136.0,-162.0,47.5,-110,-110,,,,,,,True,,,odds_api,free
2026_NFL_W04_ATL_NO_draftkings_20260906T161247Z,2026_NFL_W04_ATL_NO,2026-09-06T16:12:47.501655+00:00,2026-09-06T16:11:54Z,draftkings,-2.5,-110,-110,-135.0,114.0,45.5,-115,-105,,,,,,,True,,,odds_api,free
2026_NFL_W04_ATL_NO_betus_20260906T161247Z,2026_NFL_W04_ATL_NO,2026-09-06T16:12:47.501655+00:00,2026-09-06T16:11:54Z,betus,-2.5,-110,-110,,,45.5,-110,-110,,,,,,,True,,,odds_api,free
2026_NFL_W04_PIT_CLE_draftkings_20260906T181240Z,2026_NFL_W04_PIT_CLE,2026-09-06T18:12:40.628291+00:00,2026-09-06T18:11:38Z,draftkings,2.5,-110,-110,114.0,-135.0,40.5,-110,-110,,,,,,,True,,,odds_api,free
2026_NFL_W04_IND_WAS_draftkings_20260906T181240Z,2026_NFL_W04_IND_WAS,2026-09-06T18:12:40.628291+00:00,2026-09-06T18:11:38Z,draftkings,-1.5,-105,-115,-118.0,-102.0,50.5,-110,-110,,,,,,,True,,,odds_api,free
2026_NFL_W04_IND_WAS_fanduel_20260906T181240Z,2026_NFL_W04_IND_WAS,2026-09-06T18:12:40.628291+00:00,2026-09-06T18:12:24Z,fanduel,1.5,-115,-105,-102.0,-116.0,49.5,-110,-110,,,,,,,True,,,odds_api,free
2026_NFL_W04_IND_WAS_betus_20260906T181240Z,2026_NFL_W04_IND_WAS,2026-09-06T18:12:40.628291+00:00,2026-09-06T18:12:25Z,betus,-1.5,100,-120,,,48.5,-110,-110,,,,,,,True,,,odds_api,free
2026_NFL_W04_ARI_NYG_draftkings_20260906T181240Z,2026_NFL_W04_ARI_NYG,2026-09-06T18:12:40.628291+00:00,2026-09-06T18:11:38Z,draftkings,-7.0,-110,-110,-340.0,270.0,45.5,-110,-110,,,,,,,True,,,odds_api,free
2026_NFL_W04_ARI_NYG_betus_20260906T181240Z,2026_NFL_W04_ARI_NYG,2026-09-06T18:12:40.628291+00:00,2026-09-06T18:12:25Z,betus,-7.0,-110,-110,,,45.5,-110,-110,,,,,,,True,,,odds_api,free
2026_NFL_W04_TEN_BAL_draftkings_20260906T181240Z,2026_NFL_W04_TEN_BAL,2026-09-06T18:12:40.628291+00:00,2026-09-06T18:11:38Z,draftkings,-8.5,-110,-110,-395.0,310.0,47.5,-110,-110,,,,,,,True,,,odds_api,free
2026_NFL_W04_TEN_BAL_betus_20260906T181240Z,2026_NFL_W04_TEN_BAL,2026-09-06T18:12:40.628291+00:00,2026-09-06T18:12:25Z,betus,-8.5,-110,-110,,,47.5,-110,-110,,,,,,,True,,,odds_api,free
2026_NFL_W04_NE_BUF_draftkings_20260906T181240Z,2026_NFL_W04_NE_BUF,2026-09-06T18:12:40.628291+00:00,2026-09-06T18:11:38Z,draftkings,-3.0,-110,-110,-166.0,140.0,49.5,-110,-110,,,,,,,True,,,odds_api,free
2026_NFL_W04_NYJ_CHI_draftkings_20260906T181240Z,2026_NFL_W04_NYJ_CHI,2026-09-06T18:12:40.628291+00:00,2026-09-06T18:11:38Z,draftkings,-8.5,-110,-110,-440.0,340.0,45.5,-110,-110,,,,,,,True,,,odds_api,free
2026_NFL_W04_JAX_CIN_draftkings_20260906T181240Z,2026_NFL_W04_JAX_CIN,2026-09-06T18:12:40.628291+00:00,2026-09-06T18:11:38Z,draftkings,-2.5,-110,-110,-135.0,114.0,51.5,-110,-110,,,,,,,True,,,odds_api,free
2026_NFL_W04_JAX_CIN_betus_20260906T181240Z,2026_NFL_W04_JAX_CIN,2026-09-06T18:12:40.628291+00:00,2026-09-06T18:12:25Z,betus,-2.5,-110,-110,,,51.5,-110,-110,,,,,,,True,,,odds_api,free
2026_NFL_W04_DAL_HOU_draftkings_20260906T181240Z,2026_NFL_W04_DAL_HOU,2026-09-06T18:12:40.628291+00:00,2026-09-06T18:11:38Z,draftkings,-2.5,-110,-110,-135.0,114.0,47.5,-110,-110,,,,,,,True,,,odds_api,free
2026_NFL_W04_DAL_HOU_betus_20260906T181240Z,2026_NFL_W04_DAL_HOU,2026-09-06T18:12:40.628291+00:00,2026-09-06T18:12:25Z,betus,-2.5,-110,-110,,,47.5,-110,-110,,,,,,,True,,,odds_api,free
2026_NFL_W04_GB_TB_draftkings_20260906T181240Z,2026_NFL_W04_GB_TB,2026-09-06T18:12:40.628291+00:00,2026-09-06T18:11:38Z,draftkings,1.5,-110,-110,105.0,-125.0,47.5,-110,-110,,,,,,,True,,,odds_api,free
2026_NFL_W04_GB_TB_betus_20260906T181240Z,2026_NFL_W04_GB_TB,2026-09-06T18:12:40.628291+00:00,2026-09-06T18:12:25Z,betus,1.5,-110,-110,,,47.5,-110,-110,,,,,,,True,,,odds_api,free
2026_NFL_W04_LAR_PHI_draftkings_20260906T181240Z,2026_NFL_W04_LAR_PHI,2026-09-06T18:12:40.628291+00:00,2026-09-06T18:11:38Z,draftkings,1.5,-110,-110,105.0,-125.0,47.5,-110,-110,,,,,,,True,,,odds_api,free
2026_NFL_W04_MIA_MIN_draftkings_20260906T181240Z,2026_NFL_W04_MIA_MIN,2026-09-06T18:12:40.628291+00:00,2026-09-06T18:11:38Z,draftkings,-7.5,-110,-110,-410.0,320.0,43.5,-110,-110,,,,,,,True,,,odds_api,free
2026_NFL_W04_MIA_MIN_betus_20260906T181240Z,2026_NFL_W04_MIA_MIN,2026-09-06T18:12:40.628291+00:00,2026-09-06T18:12:25Z,betus,-7.5,-110,-110,,,43.5,-110,-110,,,,,,,True,,,odds_api,free
2026_NFL_W04_DEN_SF_draftkings_20260906T181240Z,2026_NFL_W04_DEN_SF,2026-09-06T18:12:40.628291+00:00,2026-09-06T18:11:38Z,draftkings,-2.5,-110,-110,-142.0,120.0,46.5,-110,-110,,,,,,,True,,,odds_api,free
2026_NFL_W04_DEN_SF_betus_20260906T181240Z,2026_NFL_W04_DEN_SF,2026-09-06T18:12:40.628291+00:00,2026-09-06T18:12:25Z,betus,-2.5,-110,-110,,,46.5,-110,-110,,,,,,,True,,,odds_api,free
2026_NFL_W04_KC_LV_draftkings_20260906T181240Z,2026_NFL_W04_KC_LV,2026-09-06T18:12:40.628291+00:00,2026-09-06T18:11:38Z,draftkings,5.5,-110,-110,205.0,-250.0,43.5,-110,-110,,,,,,,True,,,odds_api,free
2026_NFL_W04_LAC_SEA_draftkings_20260906T181240Z,2026_NFL_W04_LAC_SEA,2026-09-06T18:12:40.628291+00:00,2026-09-06T18:11:38Z,draftkings,-3.0,-115,-105,-175.0,145.0,45.5,-110,-110,,,,,,,True,,,odds_api,free
2026_NFL_W04_LAC_SEA_betus_20260906T181240Z,2026_NFL_W04_LAC_SEA,2026-09-06T18:12:40.628291+00:00,2026-09-06T18:12:25Z,betus,-3.0,-110,-110,,,45.5,-110,-110,,,,,,,True,,,odds_api,free
2026_NFL_W04_DET_CAR_draftkings_20260906T181240Z,2026_NFL_W04_DET_CAR,2026-09-06T18:12:40.628291+00:00,2026-09-06T18:11:38Z,draftkings,3.0,-110,-110,136.0,-162.0,47.5,-110,-110,,,,,,,True,,,odds_api,free
2026_NFL_W04_ATL_NO_draftkings_20260906T181240Z,2026_NFL_W04_ATL_NO,2026-09-06T18:12:40.628291+00:00,2026-09-06T18:11:38Z,draftkings,-2.5,-110,-110,-135.0,114.0,45.5,-115,-105,,,,,,,True,,,odds_api,free
2026_NFL_W04_ATL_NO_betus_20260906T181240Z,2026_NFL_W04_ATL_NO,2026-09-06T18:12:40.628291+00:00,2026-09-06T18:12:25Z,betus,-2.5,-110,-110,,,45.5,-110,-110,,,,,,,True,,,odds_api,free
2026_NFL_W04_PIT_CLE_draftkings_20260906T191240Z,2026_NFL_W04_PIT_CLE,2026-09-06T19:12:40.268761+00:00,2026-09-06T19:11:56Z,draftkings,2.5,-110,-110,114.0,-135.0,40.5,-110,-110,,,,,,,True,,,odds_api,free
2026_NFL_W04_IND_WAS_draftkings_20260906T191240Z,2026_NFL_W04_IND_WAS,2026-09-06T19:12:40.268761+00:00,2026-09-06T19:11:56Z,draftkings,-1.5,-105,-115,-118.0,-102.0,50.5,-110,-110,,,,,,,True,,,odds_api,free
2026_NFL_W04_IND_WAS_fanduel_20260906T191240Z,2026_NFL_W04_IND_WAS,2026-09-06T19:12:40.268761+00:00,2026-09-06T19:11:56Z,fanduel,1.5,-115,-105,-102.0,-116.0,49.5,-110,-110,,,,,,,True,,,odds_api,free
2026_NFL_W04_IND_WAS_betus_20260906T191240Z,2026_NFL_W04_IND_WAS,2026-09-06T19:12:40.268761+00:00,2026-09-06T19:11:55Z,betus,-1.5,100,-120,,,48.5,-110,-110,,,,,,,True,,,odds_api,free
2026_NFL_W04_ARI_NYG_draftkings_20260906T191240Z,2026_NFL_W04_ARI_NYG,2026-09-06T19:12:40.268761+00:00,2026-09-06T19:11:56Z,draftkings,-7.0,-110,-110,-340.0,270.0,45.5,-110,-110,,,,,,,True,,,odds_api,free
2026_NFL_W04_ARI_NYG_betus_20260906T191240Z,2026_NFL_W04_ARI_NYG,2026-09-06T19:12:40.268761+00:00,2026-09-06T19:11:55Z,betus,-7.0,-110,-110,,,45.5,-110,-110,,,,,,,True,,,odds_api,free
2026_NFL_W04_TEN_BAL_draftkings_20260906T191240Z,2026_NFL_W04_TEN_BAL,2026-09-06T19:12:40.268761+00:00,2026-09-06T19:11:56Z,draftkings,-8.5,-110,-110,-395.0,310.0,47.5,-110,-110,,,,,,,True,,,odds_api,free
2026_NFL_W04_TEN_BAL_betus_20260906T191240Z,2026_NFL_W04_TEN_BAL,2026-09-06T19:12:40.268761+00:00,2026-09-06T19:11:55Z,betus,-8.5,-110,-110,,,47.5,-110,-110,,,,,,,True,,,odds_api,free
2026_NFL_W04_NE_BUF_draftkings_20260906T191240Z,2026_NFL_W04_NE_BUF,2026-09-06T19:12:40.268761+00:00,2026-09-06T19:11:56Z,draftkings,-3.0,-110,-110,-166.0,140.0,49.5,-110,-110,,,,,,,True,,,odds_api,free
2026_NFL_W04_NYJ_CHI_draftkings_20260906T191240Z,2026_NFL_W04_NYJ_CHI,2026-09-06T19:12:40.268761+00:00,2026-09-06T19:11:56Z,draftkings,-8.5,-110,-110,-440.0,340.0,45.5,-110,-110,,,,,,,True,,,odds_api,free
2026_NFL_W04_JAX_CIN_draftkings_20260906T191240Z,2026_NFL_W04_JAX_CIN,2026-09-06T19:12:40.268761+00:00,2026-09-06T19:11:56Z,draftkings,-2.5,-110,-110,-135.0,114.0,51.5,-110,-110,,,,,,,True,,,odds_api,free
2026_NFL_W04_JAX_CIN_betus_20260906T191240Z,2026_NFL_W04_JAX_CIN,2026-09-06T19:12:40.268761+00:00,2026-09-06T19:11:55Z,betus,-2.5,-110,-110,,,51.5,-110,-110,,,,,,,True,,,odds_api,free
2026_NFL_W04_DAL_HOU_draftkings_20260906T191240Z,2026_NFL_W04_DAL_HOU,2026-09-06T19:12:40.268761+00:00,2026-09-06T19:11:56Z,draftkings,-2.5,-110,-110,-135.0,114.0,47.5,-110,-110,,,,,,,True,,,odds_api,free
2026_NFL_W04_DAL_HOU_betus_20260906T191240Z,2026_NFL_W04_DAL_HOU,2026-09-06T19:12:40.268761+00:00,2026-09-06T19:11:55Z,betus,-2.5,-110,-110,,,47.5,-110,-110,,,,,,,True,,,odds_api,free
2026_NFL_W04_GB_TB_draftkings_20260906T191240Z,2026_NFL_W04_GB_TB,2026-09-06T19:12:40.268761+00:00,2026-09-06T19:11:56Z,draftkings,1.5,-110,-110,105.0,-125.0,47.5,-110,-110,,,,,,,True,,,odds_api,free
2026_NFL_W04_GB_TB_betus_20260906T191240Z,2026_NFL_W04_GB_TB,2026-09-06T19:12:40.268761+00:00,2026-09-06T19:11:55Z,betus,1.5,-110,-110,,,47.5,-110,-110,,,,,,,True,,,odds_api,free
2026_NFL_W04_LAR_PHI_draftkings_20260906T191240Z,2026_NFL_W04_LAR_PHI,2026-09-06T19:12:40.268761+00:00,2026-09-06T19:11:56Z,draftkings,1.5,-110,-110,105.0,-125.0,47.5,-110,-110,,,,,,,True,,,odds_api,free
2026_NFL_W04_MIA_MIN_draftkings_20260906T191240Z,2026_NFL_W04_MIA_MIN,2026-09-06T19:12:40.268761+00:00,2026-09-06T19:11:56Z,draftkings,-7.5,-110,-110,-410.0,320.0,43.5,-110,-110,,,,,,,True,,,odds_api,free
2026_NFL_W04_MIA_MIN_betus_20260906T191240Z,2026_NFL_W04_MIA_MIN,2026-09-06T19:12:40.268761+00:00,2026-09-06T19:11:55Z,betus,-7.5,-110,-110,,,43.5,-110,-110,,,,,,,True,,,odds_api,free
2026_NFL_W04_DEN_SF_draftkings_20260906T191240Z,2026_NFL_W04_DEN_SF,2026-09-06T19:12:40.268761+00:00,2026-09-06T19:11:56Z,draftkings,-2.5,-110,-110,-142.0,120.0,46.5,-110,-110,,,,,,,True,,,odds_api,free
2026_NFL_W04_DEN_SF_betus_20260906T191240Z,2026_NFL_W04_DEN_SF,2026-09-06T19:12:40.268761+00:00,2026-09-06T19:11:55Z,betus,-2.5,-110,-110,,,46.5,-110,-110,,,,,,,True,,,odds_api,free
2026_NFL_W04_KC_LV_draftkings_20260906T191240Z,2026_NFL_W04_KC_LV,2026-09-06T19:12:40.268761+00:00,2026-09-06T19:11:56Z,draftkings,5.5,-110,-110,205.0,-250.0,43.5,-110,-110,,,,,,,True,,,odds_api,free
2026_NFL_W04_LAC_SEA_draftkings_20260906T191240Z,2026_NFL_W04_LAC_SEA,2026-09-06T19:12:40.268761+00:00,2026-09-06T19:11:56Z,draftkings,-3.0,-115,-105,-175.0,145.0,45.5,-110,-110,,,,,,,True,,,odds_api,free
2026_NFL_W04_LAC_SEA_betus_20260906T191240Z,2026_NFL_W04_LAC_SEA,2026-09-06T19:12:40.268761+00:00,2026-09-06T19:11:55Z,betus,-3.0,-110,-110,,,45.5,-110,-110,,,,,,,True,,,odds_api,free
2026_NFL_W04_DET_CAR_draftkings_20260906T191240Z,2026_NFL_W04_DET_CAR,2026-09-06T19:12:40.268761+00:00,2026-09-06T19:11:56Z,draftkings,3.0,-110,-110,136.0,-162.0,47.5,-110,-110,,,,,,,True,,,odds_api,free
2026_NFL_W04_ATL_NO_draftkings_20260906T191240Z,2026_NFL_W04_ATL_NO,2026-09-06T19:12:40.268761+00:00,2026-09-06T19:11:56Z,draftkings,-2.5,-110,-110,-135.0,114.0,45.5,-115,-105,,,,,,,True,,,odds_api,free
2026_NFL_W04_ATL_NO_betus_20260906T191240Z,2026_NFL_W04_ATL_NO,2026-09-06T19:12:40.268761+00:00,2026-09-06T19:11:55Z,betus,-2.5,-110,-110,,,45.5,-110,-110,,,,,,,True,,,odds_api,free
2026_NFL_W04_PIT_CLE_draftkings_20260906T211242Z,2026_NFL_W04_PIT_CLE,2026-09-06T21:12:42.927686+00:00,2026-09-06T21:11:53Z,draftkings,2.5,-110,-110,114.0,-135.0,40.5,-110,-110,,,,,,,True,,,odds_api,free
2026_NFL_W04_IND_WAS_draftkings_20260906T211242Z,2026_NFL_W04_IND_WAS,2026-09-06T21:12:42.927686+00:00,2026-09-06T21:11:53Z,draftkings,-1.5,-105,-115,-118.0,-102.0,50.5,-110,-110,,,,,,,True,,,odds_api,free
2026_NFL_W04_IND_WAS_fanduel_20260906T211242Z,2026_NFL_W04_IND_WAS,2026-09-06T21:12:42.927686+00:00,2026-09-06T21:12:38Z,fanduel,1.5,-115,-105,-102.0,-116.0,49.5,-110,-110,,,,,,,True,,,odds_api,free
2026_NFL_W04_IND_WAS_betus_20260906T211242Z,2026_NFL_W04_IND_WAS,2026-09-06T21:12:42.927686+00:00,2026-09-06T21:12:39Z,betus,-1.5,100,-120,,,48.5,-110,-110,,,,,,,True,,,odds_api,free
2026_NFL_W04_ARI_NYG_draftkings_20260906T211242Z,2026_NFL_W04_ARI_NYG,2026-09-06T21:12:42.927686+00:00,2026-09-06T21:11:53Z,draftkings,-7.0,-110,-110,-340.0,270.0,45.5,-110,-110,,,,,,,True,,,odds_api,free
2026_NFL_W04_ARI_NYG_betus_20260906T211242Z,2026_NFL_W04_ARI_NYG,2026-09-06T21:12:42.927686+00:00,2026-09-06T21:12:39Z,betus,-7.0,-110,-110,,,45.5,-110,-110,,,,,,,True,,,odds_api,free
2026_NFL_W04_TEN_BAL_draftkings_20260906T211242Z,2026_NFL_W04_TEN_BAL,2026-09-06T21:12:42.927686+00:00,2026-09-06T21:11:53Z,draftkings,-8.5,-110,-110,-395.0,310.0,47.5,-110,-110,,,,,,,True,,,odds_api,free
2026_NFL_W04_TEN_BAL_betus_20260906T211242Z,2026_NFL_W04_TEN_BAL,2026-09-06T21:12:42.927686+00:00,2026-09-06T21:12:39Z,betus,-8.5,-110,-110,,,47.5,-110,-110,,,,,,,True,,,odds_api,free
2026_NFL_W04_NE_BUF_draftkings_20260906T211242Z,2026_NFL_W04_NE_BUF,2026-09-06T21:12:42.927686+00:00,2026-09-06T21:11:53Z,draftkings,-3.0,-110,-110,-166.0,140.0,49.5,-110,-110,,,,,,,True,,,odds_api,free
2026_NFL_W04_NYJ_CHI_draftkings_20260906T211242Z,2026_NFL_W04_NYJ_CHI,2026-09-06T21:12:42.927686+00:00,2026-09-06T21:11:53Z,draftkings,-8.5,-110,-110,-440.0,340.0,45.5,-110,-110,,,,,,,True,,,odds_api,free
2026_NFL_W04_JAX_CIN_draftkings_20260906T211242Z,2026_NFL_W04_JAX_CIN,2026-09-06T21:12:42.927686+00:00,2026-09-06T21:11:53Z,draftkings,-2.5,-110,-110,-135.0,114.0,51.5,-110,-110,,,,,,,True,,,odds_api,free
2026_NFL_W04_JAX_CIN_betus_20260906T211242Z,2026_NFL_W04_JAX_CIN,2026-09-06T21:12:42.927686+00:00,2026-09-06T21:12:39Z,betus,-2.5,-110,-110,,,51.5,-110,-110,,,,,,,True,,,odds_api,free
2026_NFL_W04_DAL_HOU_draftkings_20260906T211242Z,2026_NFL_W04_DAL_HOU,2026-09-06T21:12:42.927686+00:00,2026-09-06T21:11:53Z,draftkings,-2.5,-110,-110,-135.0,114.0,47.5,-110,-110,,,,,,,True,,,odds_api,free
2026_NFL_W04_DAL_HOU_betus_20260906T211242Z,2026_NFL_W04_DAL_HOU,2026-09-06T21:12:42.927686+00:00,2026-09-06T21:12:39Z,betus,-2.5,-110,-110,,,47.5,-110,-110,,,,,,,True,,,odds_api,free
2026_NFL_W04_GB_TB_draftkings_20260906T211242Z,2026_NFL_W04_GB_TB,2026-09-06T21:12:42.927686+00:00,2026-09-06T21:11:53Z,draftkings,1.5,-110,-110,105.0,-125.0,47.5,-110,-110,,,,,,,True,,,odds_api,free
2026_NFL_W04_GB_TB_betus_20260906T211242Z,2026_NFL_W04_GB_TB,2026-09-06T21:12:42.927686+00:00,2026-09-06T21:12:39Z,betus,1.5,-110,-110,,,47.5,-110,-110,,,,,,,True,,,odds_api,free
2026_NFL_W04_LAR_PHI_draftkings_20260906T211242Z,2026_NFL_W04_LAR_PHI,2026-09-06T21:12:42.927686+00:00,2026-09-06T21:11:53Z,draftkings,1.5,-110,-110,105.0,-125.0,47.5,-110,-110,,,,,,,True,,,odds_api,free
2026_NFL_W04_MIA_MIN_draftkings_20260906T211242Z,2026_NFL_W04_MIA_MIN,2026-09-06T21:12:42.927686+00:00,2026-09-06T21:11:53Z,draftkings,-7.5,-110,-110,-410.0,320.0,43.5,-110,-110,,,,,,,True,,,odds_api,free
2026_NFL_W04_MIA_MIN_betus_20260906T211242Z,2026_NFL_W04_MIA_MIN,2026-09-06T21:12:42.927686+00:00,2026-09-06T21:12:39Z,betus,-7.5,-110,-110,,,43.5,-110,-110,,,,,,,True,,,odds_api,free
2026_NFL_W04_DEN_SF_draftkings_20260906T211242Z,2026_NFL_W04_DEN_SF,2026-09-06T21:12:42.927686+00:00,2026-09-06T21:11:53Z,draftkings,-2.5,-110,-110,-142.0,120.0,46.5,-110,-110,,,,,,,True,,,odds_api,free
2026_NFL_W04_DEN_SF_betus_20260906T211242Z,2026_NFL_W04_DEN_SF,2026-09-06T21:12:42.927686+00:00,2026-09-06T21:12:39Z,betus,-2.5,-110,-110,,,46.5,-110,-110,,,,,,,True,,,odds_api,free
2026_NFL_W04_KC_LV_draftkings_20260906T211242Z,2026_NFL_W04_KC_LV,2026-09-06T21:12:42.927686+00:00,2026-09-06T21:11:53Z,draftkings,5.5,-110,-110,205.0,-250.0,43.5,-110,-110,,,,,,,True,,,odds_api,free
2026_NFL_W04_LAC_SEA_draftkings_20260906T211242Z,2026_NFL_W04_LAC_SEA,2026-09-06T21:12:42.927686+00:00,2026-09-06T21:11:53Z,draftkings,-3.0,-115,-105,-175.0,145.0,45.5,-110,-110,,,,,,,True,,,odds_api,free
2026_NFL_W04_LAC_SEA_betus_20260906T211242Z,2026_NFL_W04_LAC_SEA,2026-09-06T21:12:42.927686+00:00,2026-09-06T21:12:39Z,betus,-3.0,-110,-110,,,45.5,-110,-110,,,,,,,True,,,odds_api,free
2026_NFL_W04_DET_CAR_draftkings_20260906T211242Z,2026_NFL_W04_DET_CAR,2026-09-06T21:12:42.927686+00:00,2026-09-06T21:11:53Z,draftkings,3.0,-110,-110,136.0,-162.0,47.5,-110,-110,,,,,,,True,,,odds_api,free
2026_NFL_W04_ATL_NO_draftkings_20260906T211242Z,2026_NFL_W04_ATL_NO,2026-09-06T21:12:42.927686+00:00,2026-09-06T21:11:53Z,draftkings,-2.5,-110,-110,-135.0,114.0,45.5,-115,-105,,,,,,,True,,,odds_api,free
2026_NFL_W04_ATL_NO_betus_20260906T211242Z,2026_NFL_W04_ATL_NO,2026-09-06T21:12:42.927686+00:00,2026-09-06T21:12:39Z,betus,-2.5,-110,-110,,,45.5,-110,-110,,,,,,,True,,,odds_api,free
2026_NFL_W04_PIT_CLE_draftkings_20260906T221238Z,2026_NFL_W04_PIT_CLE,2026-09-06T22:12:38.781007+00:00,2026-09-06T22:11:20Z,draftkings,2.5,-110,-110,114.0,-135.0,40.5,-110,-110,,,,,,,True,,,odds_api,free
2026_NFL_W04_IND_WAS_draftkings_20260906T221238Z,2026_NFL_W04_IND_WAS,2026-09-06T22:12:38.781007+00:00,2026-09-06T22:11:20Z,draftkings,-1.5,-105,-115,-118.0,-102.0,50.5,-110,-110,,,,,,,True,,,odds_api,free
2026_NFL_W04_IND_WAS_fanduel_20260906T221238Z,2026_NFL_W04_IND_WAS,2026-09-06T22:12:38.781007+00:00,2026-09-06T22:12:19Z,fanduel,1.5,-115,-105,-102.0,-116.0,49.5,-110,-110,,,,,,,True,,,odds_api,free
2026_NFL_W04_IND_WAS_betus_20260906T221238Z,2026_NFL_W04_IND_WAS,2026-09-06T22:12:38.781007+00:00,2026-09-06T22:11:40Z,betus,-1.5,100,-120,,,48.5,-110,-110,,,,,,,True,,,odds_api,free
2026_NFL_W04_ARI_NYG_draftkings_20260906T221238Z,2026_NFL_W04_ARI_NYG,2026-09-06T22:12:38.781007+00:00,2026-09-06T22:11:20Z,draftkings,-7.0,-110,-110,-340.0,270.0,45.5,-110,-110,,,,,,,True,,,odds_api,free
2026_NFL_W04_ARI_NYG_betus_20260906T221238Z,2026_NFL_W04_ARI_NYG,2026-09-06T22:12:38.781007+00:00,2026-09-06T22:11:40Z,betus,-7.0,-110,-110,,,45.5,-110,-110,,,,,,,True,,,odds_api,free
2026_NFL_W04_TEN_BAL_draftkings_20260906T221238Z,2026_NFL_W04_TEN_BAL,2026-09-06T22:12:38.781007+00:00,2026-09-06T22:11:20Z,draftkings,-8.5,-110,-110,-395.0,310.0,47.5,-110,-110,,,,,,,True,,,odds_api,free
2026_NFL_W04_TEN_BAL_betus_20260906T221238Z,2026_NFL_W04_TEN_BAL,2026-09-06T22:12:38.781007+00:00,2026-09-06T22:11:40Z,betus,-8.5,-110,-110,,,47.5,-110,-110,,,,,,,True,,,odds_api,free
2026_NFL_W04_NE_BUF_draftkings_20260906T221238Z,2026_NFL_W04_NE_BUF,2026-09-06T22:12:38.781007+00:00,2026-09-06T22:11:20Z,draftkings,-3.0,-110,-110,-166.0,140.0,49.5,-110,-110,,,,,,,True,,,odds_api,free
2026_NFL_W04_NYJ_CHI_draftkings_20260906T221238Z,2026_NFL_W04_NYJ_CHI,2026-09-06T22:12:38.781007+00:00,2026-09-06T22:11:20Z,draftkings,-8.5,-110,-110,-440.0,340.0,45.5,-110,-110,,,,,,,True,,,odds_api,free
2026_NFL_W04_JAX_CIN_draftkings_20260906T221238Z,2026_NFL_W04_JAX_CIN,2026-09-06T22:12:38.781007+00:00,2026-09-06T22:11:20Z,draftkings,-2.5,-110,-110,-135.0,114.0,51.5,-110,-110,,,,,,,True,,,odds_api,free
2026_NFL_W04_JAX_CIN_betus_20260906T221238Z,2026_NFL_W04_JAX_CIN,2026-09-06T22:12:38.781007+00:00,2026-09-06T22:11:40Z,betus,-2.5,-110,-110,,,51.5,-110,-110,,,,,,,True,,,odds_api,free
2026_NFL_W04_DAL_HOU_draftkings_20260906T221238Z,2026_NFL_W04_DAL_HOU,2026-09-06T22:12:38.781007+00:00,2026-09-06T22:11:20Z,draftkings,-2.5,-110,-110,-135.0,114.0,47.5,-110,-110,,,,,,,True,,,odds_api,free
2026_NFL_W04_DAL_HOU_betus_20260906T221238Z,2026_NFL_W04_DAL_HOU,2026-09-06T22:12:38.781007+00:00,2026-09-06T22:11:40Z,betus,-2.5,-110,-110,,,47.5,-110,-110,,,,,,,True,,,odds_api,free
2026_NFL_W04_GB_TB_draftkings_20260906T221238Z,2026_NFL_W04_GB_TB,2026-09-06T22:12:38.781007+00:00,2026-09-06T22:11:20Z,draftkings,1.5,-110,-110,105.0,-125.0,47.5,-110,-110,,,,,,,True,,,odds_api,free
2026_NFL_W04_GB_TB_betus_20260906T221238Z,2026_NFL_W04_GB_TB,2026-09-06T22:12:38.781007+00:00,2026-09-06T22:11:40Z,betus,1.5,-110,-110,,,47.5,-110,-110,,,,,,,True,,,odds_api,free
2026_NFL_W04_LAR_PHI_draftkings_20260906T221238Z,2026_NFL_W04_LAR_PHI,2026-09-06T22:12:38.781007+00:00,2026-09-06T22:11:20Z,draftkings,1.5,-110,-110,105.0,-125.0,47.5,-110,-110,,,,,,,True,,,odds_api,free
2026_NFL_W04_MIA_MIN_draftkings_20260906T221238Z,2026_NFL_W04_MIA_MIN,2026-09-06T22:12:38.781007+00:00,2026-09-06T22:11:20Z,draftkings,-7.5,-110,-110,-410.0,320.0,43.5,-110,-110,,,,,,,True,,,odds_api,free
2026_NFL_W04_MIA_MIN_betus_20260906T221238Z,2026_NFL_W04_MIA_MIN,2026-09-06T22:12:38.781007+00:00,2026-09-06T22:11:40Z,betus,-7.5,-110,-110,,,43.5,-110,-110,,,,,,,True,,,odds_api,free
2026_NFL_W04_DEN_SF_draftkings_20260906T221238Z,2026_NFL_W04_DEN_SF,2026-09-06T22:12:38.781007+00:00,2026-09-06T22:11:20Z,draftkings,-2.5,-110,-110,-142.0,120.0,46.5,-110,-110,,,,,,,True,,,odds_api,free
2026_NFL_W04_DEN_SF_betus_20260906T221238Z,2026_NFL_W04_DEN_SF,2026-09-06T22:12:38.781007+00:00,2026-09-06T22:11:40Z,betus,-2.5,-110,-110,,,46.5,-110,-110,,,,,,,True,,,odds_api,free
2026_NFL_W04_KC_LV_draftkings_20260906T221238Z,2026_NFL_W04_KC_LV,2026-09-06T22:12:38.781007+00:00,2026-09-06T22:11:20Z,draftkings,5.5,-110,-110,205.0,-250.0,43.5,-110,-110,,,,,,,True,,,odds_api,free
2026_NFL_W04_LAC_SEA_draftkings_20260906T221238Z,2026_NFL_W04_LAC_SEA,2026-09-06T22:12:38.781007+00:00,2026-09-06T22:11:20Z,draftkings,-3.0,-115,-105,-175.0,145.0,45.5,-110,-110,,,,,,,True,,,odds_api,free
2026_NFL_W04_LAC_SEA_betus_20260906T221238Z,2026_NFL_W04_LAC_SEA,2026-09-06T22:12:38.781007+00:00,2026-09-06T22:11:40Z,betus,-3.0,-110,-110,,,45.5,-110,-110,,,,,,,True,,,odds_api,free
2026_NFL_W04_DET_CAR_draftkings_20260906T221238Z,2026_NFL_W04_DET_CAR,2026-09-06T22:12:38.781007+00:00,2026-09-06T22:11:20Z,draftkings,3.0,-110,-110,136.0,-162.0,47.5,-110,-110,,,,,,,True,,,odds_api,free
2026_NFL_W04_ATL_NO_draftkings_20260906T221238Z,2026_NFL_W04_ATL_NO,2026-09-06T22:12:38.781007+00:00,2026-09-06T22:11:20Z,draftkings,-2.5,-110,-110,-135.0,114.0,45.5,-115,-105,,,,,,,True,,,odds_api,free
2026_NFL_W04_ATL_NO_betus_20260906T221238Z,2026_NFL_W04_ATL_NO,2026-09-06T22:12:38.781007+00:00,2026-09-06T22:11:40Z,betus,-2.5,-110,-110,,,45.5,-110,-110,,,,,,,True,,,odds_api,free
2026_NFL_W04_PIT_CLE_draftkings_20260907T001244Z,2026_NFL_W04_PIT_CLE,2026-09-07T00:12:44.554065+00:00,2026-09-07T00:12:12Z,draftkings,2.5,-110,-110,114.0,-135.0,40.5,-110,-110,,,,,,,True,,,odds_api,free
2026_NFL_W04_IND_WAS_draftkings_20260907T001244Z,2026_NFL_W04_IND_WAS,2026-09-07T00:12:44.554065+00:00,2026-09-07T00:12:12Z,draftkings,-1.5,-105,-115,-118.0,-102.0,50.5,-110,-110,,,,,,,True,,,odds_api,free
2026_NFL_W04_IND_WAS_fanduel_20260907T001244Z,2026_NFL_W04_IND_WAS,2026-09-07T00:12:44.554065+00:00,2026-09-07T00:12:30Z,fanduel,1.5,-115,-105,-102.0,-116.0,49.5,-110,-110,,,,,,,True,,,odds_api,free
2026_NFL_W04_IND_WAS_betus_20260907T001244Z,2026_NFL_W04_IND_WAS,2026-09-07T00:12:44.554065+00:00,2026-09-07T00:11:48Z,betus,-1.5,100,-120,,,48.5,-110,-110,,,,,,,True,,,odds_api,free
2026_NFL_W04_ARI_NYG_draftkings_20260907T001244Z,2026_NFL_W04_ARI_NYG,2026-09-07T00:12:44.554065+00:00,2026-09-07T00:12:12Z,draftkings,-7.0,-110,-110,-340.0,270.0,45.5,-110,-110,,,,,,,True,,,odds_api,free
2026_NFL_W04_ARI_NYG_betus_20260907T001244Z,2026_NFL_W04_ARI_NYG,2026-09-07T00:12:44.554065+00:00,2026-09-07T00:11:48Z,betus,-7.0,-110,-110,,,45.5,-110,-110,,,,,,,True,,,odds_api,free
2026_NFL_W04_TEN_BAL_draftkings_20260907T001244Z,2026_NFL_W04_TEN_BAL,2026-09-07T00:12:44.554065+00:00,2026-09-07T00:12:12Z,draftkings,-8.5,-110,-110,-395.0,310.0,47.5,-110,-110,,,,,,,True,,,odds_api,free
2026_NFL_W04_TEN_BAL_betus_20260907T001244Z,2026_NFL_W04_TEN_BAL,2026-09-07T00:12:44.554065+00:00,2026-09-07T00:11:48Z,betus,-8.5,-110,-110,,,47.5,-110,-110,,,,,,,True,,,odds_api,free
2026_NFL_W04_NE_BUF_draftkings_20260907T001244Z,2026_NFL_W04_NE_BUF,2026-09-07T00:12:44.554065+00:00,2026-09-07T00:12:12Z,draftkings,-3.0,-110,-110,-166.0,140.0,49.5,-110,-110,,,,,,,True,,,odds_api,free
2026_NFL_W04_NYJ_CHI_draftkings_20260907T001244Z,2026_NFL_W04_NYJ_CHI,2026-09-07T00:12:44.554065+00:00,2026-09-07T00:12:12Z,draftkings,-8.5,-110,-110,-440.0,340.0,45.5,-110,-110,,,,,,,True,,,odds_api,free
2026_NFL_W04_JAX_CIN_draftkings_20260907T001244Z,2026_NFL_W04_JAX_CIN,2026-09-07T00:12:44.554065+00:00,2026-09-07T00:12:12Z,draftkings,-2.5,-110,-110,-135.0,114.0,51.5,-110,-110,,,,,,,True,,,odds_api,free
2026_NFL_W04_JAX_CIN_betus_20260907T001244Z,2026_NFL_W04_JAX_CIN,2026-09-07T00:12:44.554065+00:00,2026-09-07T00:11:48Z,betus,-2.5,-110,-110,,,51.5,-110,-110,,,,,,,True,,,odds_api,free
2026_NFL_W04_DAL_HOU_draftkings_20260907T001244Z,2026_NFL_W04_DAL_HOU,2026-09-07T00:12:44.554065+00:00,2026-09-07T00:12:12Z,draftkings,-2.5,-110,-110,-135.0,114.0,47.5,-110,-110,,,,,,,True,,,odds_api,free
2026_NFL_W04_DAL_HOU_betus_20260907T001244Z,2026_NFL_W04_DAL_HOU,2026-09-07T00:12:44.554065+00:00,2026-09-07T00:11:48Z,betus,-2.5,-110,-110,,,47.5,-110,-110,,,,,,,True,,,odds_api,free
2026_NFL_W04_GB_TB_draftkings_20260907T001244Z,2026_NFL_W04_GB_TB,2026-09-07T00:12:44.554065+00:00,2026-09-07T00:12:12Z,draftkings,1.5,-110,-110,105.0,-125.0,47.5,-110,-110,,,,,,,True,,,odds_api,free
2026_NFL_W04_GB_TB_betus_20260907T001244Z,2026_NFL_W04_GB_TB,2026-09-07T00:12:44.554065+00:00,2026-09-07T00:11:48Z,betus,1.5,-110,-110,,,47.5,-110,-110,,,,,,,True,,,odds_api,free
2026_NFL_W04_LAR_PHI_draftkings_20260907T001244Z,2026_NFL_W04_LAR_PHI,2026-09-07T00:12:44.554065+00:00,2026-09-07T00:12:12Z,draftkings,1.5,-110,-110,105.0,-125.0,47.5,-110,-110,,,,,,,True,,,odds_api,free
2026_NFL_W04_MIA_MIN_draftkings_20260907T001244Z,2026_NFL_W04_MIA_MIN,2026-09-07T00:12:44.554065+00:00,2026-09-07T00:12:12Z,draftkings,-7.5,-110,-110,-410.0,320.0,43.5,-110,-110,,,,,,,True,,,odds_api,free
2026_NFL_W04_MIA_MIN_betus_20260907T001244Z,2026_NFL_W04_MIA_MIN,2026-09-07T00:12:44.554065+00:00,2026-09-07T00:11:48Z,betus,-7.5,-110,-110,,,43.5,-110,-110,,,,,,,True,,,odds_api,free
2026_NFL_W04_DEN_SF_draftkings_20260907T001244Z,2026_NFL_W04_DEN_SF,2026-09-07T00:12:44.554065+00:00,2026-09-07T00:12:12Z,draftkings,-2.5,-110,-110,-142.0,120.0,46.5,-110,-110,,,,,,,True,,,odds_api,free
2026_NFL_W04_DEN_SF_betus_20260907T001244Z,2026_NFL_W04_DEN_SF,2026-09-07T00:12:44.554065+00:00,2026-09-07T00:11:48Z,betus,-2.5,-110,-110,,,46.5,-110,-110,,,,,,,True,,,odds_api,free
2026_NFL_W04_KC_LV_draftkings_20260907T001244Z,2026_NFL_W04_KC_LV,2026-09-07T00:12:44.554065+00:00,2026-09-07T00:12:12Z,draftkings,5.5,-110,-110,205.0,-250.0,43.5,-110,-110,,,,,,,True,,,odds_api,free
2026_NFL_W04_LAC_SEA_draftkings_20260907T001244Z,2026_NFL_W04_LAC_SEA,2026-09-07T00:12:44.554065+00:00,2026-09-07T00:12:12Z,draftkings,-3.0,-115,-105,-175.0,145.0,45.5,-110,-110,,,,,,,True,,,odds_api,free
2026_NFL_W04_LAC_SEA_betus_20260907T001244Z,2026_NFL_W04_LAC_SEA,2026-09-07T00:12:44.554065+00:00,2026-09-07T00:11:48Z,betus,-3.0,-110,-110,,,45.5,-110,-110,,,,,,,True,,,odds_api,free
2026_NFL_W04_DET_CAR_draftkings_20260907T001244Z,2026_NFL_W04_DET_CAR,2026-09-07T00:12:44.554065+00:00,2026-09-07T00:12:12Z,draftkings,3.0,-110,-110,136.0,-162.0,47.5,-110,-110,,,,,,,True,,,odds_api,free
2026_NFL_W04_ATL_NO_draftkings_20260907T001244Z,2026_NFL_W04_ATL_NO,2026-09-07T00:12:44.554065+00:00,2026-09-07T00:12:12Z,draftkings,-2.5,-110,-110,-135.0,114.0,45.5,-115,-105,,,,,,,True,,,odds_api,free
2026_NFL_W04_ATL_NO_betus_20260907T001244Z,2026_NFL_W04_ATL_NO,2026-09-07T00:12:44.554065+00:00,2026-09-07T00:11:48Z,betus,-2.5,-110,-110,,,45.5,-110,-110,,,,,,,True,,,odds_api,free
2026_NFL_W04_PIT_CLE_draftkings_20260907T141702Z,2026_NFL_W04_PIT_CLE,2026-09-07T14:17:02.106552+00:00,2026-09-07T14:16:01Z,draftkings,2.5,-110.0,-110.0,114.0,-135.0,40.5,-110,-110,,,,,,,True,,,odds_api,free
2026_NFL_W04_IND_WAS_draftkings_20260907T141702Z,2026_NFL_W04_IND_WAS,2026-09-07T14:17:02.106552+00:00,2026-09-07T14:16:01Z,draftkings,-1.5,-105.0,-115.0,-118.0,-102.0,50.5,-110,-110,,,,,,,True,,,odds_api,free
2026_NFL_W04_IND_WAS_fanduel_20260907T141702Z,2026_NFL_W04_IND_WAS,2026-09-07T14:17:02.106552+00:00,2026-09-07T14:16:53Z,fanduel,1.5,-115.0,-105.0,-102.0,-116.0,49.5,-110,-110,,,,,,,True,,,odds_api,free
2026_NFL_W04_IND_WAS_betus_20260907T141702Z,2026_NFL_W04_IND_WAS,2026-09-07T14:17:02.106552+00:00,2026-09-07T14:16:25Z,betus,-1.5,100.0,-120.0,,,48.5,-110,-110,,,,,,,True,,,odds_api,free
2026_NFL_W04_ARI_NYG_draftkings_20260907T141702Z,2026_NFL_W04_ARI_NYG,2026-09-07T14:17:02.106552+00:00,2026-09-07T14:16:01Z,draftkings,-7.0,-110.0,-110.0,-325.0,260.0,45.5,-110,-110,,,,,,,True,,,odds_api,free
2026_NFL_W04_ARI_NYG_betus_20260907T141702Z,2026_NFL_W04_ARI_NYG,2026-09-07T14:17:02.106552+00:00,2026-09-07T14:16:25Z,betus,-7.0,-110.0,-110.0,,,45.5,-110,-110,,,,,,,True,,,odds_api,free
2026_NFL_W04_TEN_BAL_draftkings_20260907T141702Z,2026_NFL_W04_TEN_BAL,2026-09-07T14:17:02.106552+00:00,2026-09-07T14:16:01Z,draftkings,-8.5,-110.0,-110.0,-395.0,310.0,47.5,-110,-110,,,,,,,True,,,odds_api,free
2026_NFL_W04_TEN_BAL_betus_20260907T141702Z,2026_NFL_W04_TEN_BAL,2026-09-07T14:17:02.106552+00:00,2026-09-07T14:16:25Z,betus,-8.5,-110.0,-110.0,,,47.5,-110,-110,,,,,,,True,,,odds_api,free
2026_NFL_W04_NE_BUF_draftkings_20260907T141702Z,2026_NFL_W04_NE_BUF,2026-09-07T14:17:02.106552+00:00,2026-09-07T14:16:01Z,draftkings,-3.0,-110.0,-110.0,-166.0,140.0,49.5,-110,-110,,,,,,,True,,,odds_api,free
2026_NFL_W04_NYJ_CHI_draftkings_20260907T141702Z,2026_NFL_W04_NYJ_CHI,2026-09-07T14:17:02.106552+00:00,2026-09-07T14:16:01Z,draftkings,-8.5,-110.0,-110.0,-425.0,330.0,45.5,-110,-110,,,,,,,True,,,odds_api,free
2026_NFL_W04_JAX_CIN_draftkings_20260907T141702Z,2026_NFL_W04_JAX_CIN,2026-09-07T14:17:02.106552+00:00,2026-09-07T14:16:01Z,draftkings,-2.5,-110.0,-110.0,-135.0,114.0,51.5,-110,-110,,,,,,,True,,,odds_api,free
2026_NFL_W04_JAX_CIN_betus_20260907T141702Z,2026_NFL_W04_JAX_CIN,2026-09-07T14:17:02.106552+00:00,2026-09-07T14:16:25Z,betus,-2.5,-110.0,-110.0,,,51.5,-110,-110,,,,,,,True,,,odds_api,free
2026_NFL_W04_DAL_HOU_draftkings_20260907T141702Z,2026_NFL_W04_DAL_HOU,2026-09-07T14:17:02.106552+00:00,2026-09-07T14:16:01Z,draftkings,-2.5,-110.0,-110.0,-135.0,114.0,47.5,-110,-110,,,,,,,True,,,odds_api,free
2026_NFL_W04_DAL_HOU_betus_20260907T141702Z,2026_NFL_W04_DAL_HOU,2026-09-07T14:17:02.106552+00:00,2026-09-07T14:16:25Z,betus,-2.5,-110.0,-110.0,,,47.5,-110,-110,,,,,,,True,,,odds_api,free
2026_NFL_W04_GB_TB_draftkings_20260907T141702Z,2026_NFL_W04_GB_TB,2026-09-07T14:17:02.106552+00:00,2026-09-07T14:16:01Z,draftkings,1.5,-110.0,-110.0,105.0,-125.0,47.5,-110,-110,,,,,,,True,,,odds_api,free
2026_NFL_W04_GB_TB_betus_20260907T141702Z,2026_NFL_W04_GB_TB,2026-09-07T14:17:02.106552+00:00,2026-09-07T14:16:25Z,betus,1.5,-110.0,-110.0,,,47.5,-110,-110,,,,,,,True,,,odds_api,free
2026_NFL_W04_LAR_PHI_draftkings_20260907T141702Z,2026_NFL_W04_LAR_PHI,2026-09-07T14:17:02.106552+00:00,2026-09-07T14:16:01Z,draftkings,1.5,-110.0,-110.0,105.0,-125.0,47.5,-110,-110,,,,,,,True,,,odds_api,free
2026_NFL_W04_MIA_MIN_draftkings_20260907T141702Z,2026_NFL_W04_MIA_MIN,2026-09-07T14:17:02.106552+00:00,2026-09-07T14:16:01Z,draftkings,-7.5,-110.0,-110.0,-410.0,320.0,43.5,-110,-110,,,,,,,True,,,odds_api,free
2026_NFL_W04_MIA_MIN_betus_20260907T141702Z,2026_NFL_W04_MIA_MIN,2026-09-07T14:17:02.106552+00:00,2026-09-07T14:16:25Z,betus,-7.5,-110.0,-110.0,,,43.5,-110,-110,,,,,,,True,,,odds_api,free
2026_NFL_W04_DEN_SF_draftkings_20260907T141702Z,2026_NFL_W04_DEN_SF,2026-09-07T14:17:02.106552+00:00,2026-09-07T14:16:01Z,draftkings,-2.5,-110.0,-110.0,-135.0,114.0,46.5,-110,-110,,,,,,,True,,,odds_api,free
2026_NFL_W04_DEN_SF_betus_20260907T141702Z,2026_NFL_W04_DEN_SF,2026-09-07T14:17:02.106552+00:00,2026-09-07T14:16:25Z,betus,-2.5,-110.0,-110.0,,,46.5,-110,-110,,,,,,,True,,,odds_api,free
2026_NFL_W04_KC_LV_draftkings_20260907T141702Z,2026_NFL_W04_KC_LV,2026-09-07T14:17:02.106552+00:00,2026-09-07T14:16:01Z,draftkings,5.5,-110.0,-110.0,205.0,-250.0,43.5,-110,-110,,,,,,,True,,,odds_api,free
2026_NFL_W04_LAC_SEA_draftkings_20260907T141702Z,2026_NFL_W04_LAC_SEA,2026-09-07T14:17:02.106552+00:00,2026-09-07T14:16:01Z,draftkings,-3.0,-115.0,-105.0,-175.0,145.0,45.5,-110,-110,,,,,,,True,,,odds_api,free
2026_NFL_W04_LAC_SEA_betus_20260907T141702Z,2026_NFL_W04_LAC_SEA,2026-09-07T14:17:02.106552+00:00,2026-09-07T14:16:25Z,betus,-3.0,-110.0,-110.0,,,45.5,-110,-110,,,,,,,True,,,odds_api,free
2026_NFL_W04_DET_CAR_draftkings_20260907T141702Z,2026_NFL_W04_DET_CAR,2026-09-07T14:17:02.106552+00:00,2026-09-07T14:16:01Z,draftkings,3.0,-110.0,-110.0,136.0,-162.0,47.5,-110,-110,,,,,,,True,,,odds_api,free
2026_NFL_W04_ATL_NO_draftkings_20260907T141702Z,2026_NFL_W04_ATL_NO,2026-09-07T14:17:02.106552+00:00,2026-09-07T14:16:01Z,draftkings,-2.5,-110.0,-110.0,-135.0,114.0,45.5,-115,-105,,,,,,,True,,,odds_api,free
2026_NFL_W04_ATL_NO_betus_20260907T141702Z,2026_NFL_W04_ATL_NO,2026-09-07T14:17:02.106552+00:00,2026-09-07T14:16:25Z,betus,-2.5,-110.0,-110.0,,,45.5,-110,-110,,,,,,,True,,,odds_api,free
2026_NFL_W04_PIT_CLE_draftkings_20260907T191255Z,2026_NFL_W04_PIT_CLE,2026-09-07T19:12:55.328519+00:00,2026-09-07T19:12:44Z,draftkings,2.5,-110,-110,114.0,-135.0,40.5,-110,-110,,,,,,,True,,,odds_api,free
2026_NFL_W04_IND_WAS_draftkings_20260907T191255Z,2026_NFL_W04_IND_WAS,2026-09-07T19:12:55.328519+00:00,2026-09-07T19:12:44Z,draftkings,-1.5,-105,-115,-118.0,-102.0,50.5,-110,-110,,,,,,,True,,,odds_api,free
2026_NFL_W04_IND_WAS_fanduel_20260907T191255Z,2026_NFL_W04_IND_WAS,2026-09-07T19:12:55.328519+00:00,2026-09-07T19:12:19Z,fanduel,1.5,-115,-105,-102.0,-116.0,49.5,-110,-110,,,,,,,True,,,odds_api,free
2026_NFL_W04_IND_WAS_betus_20260907T191255Z,2026_NFL_W04_IND_WAS,2026-09-07T19:12:55.328519+00:00,2026-09-07T19:12:45Z,betus,-1.5,100,-120,,,48.5,-110,-110,,,,,,,True,,,odds_api,free
2026_NFL_W04_ARI_NYG_draftkings_20260907T191255Z,2026_NFL_W04_ARI_NYG,2026-09-07T19:12:55.328519+00:00,2026-09-07T19:12:44Z,draftkings,-7.0,-110,-110,-325.0,260.0,45.5,-110,-110,,,,,,,True,,,odds_api,free
2026_NFL_W04_ARI_NYG_betus_20260907T191255Z,2026_NFL_W04_ARI_NYG,2026-09-07T19:12:55.328519+00:00,2026-09-07T19:12:45Z,betus,-7.0,-110,-110,,,45.5,-110,-110,,,,,,,True,,,odds_api,free
2026_NFL_W04_TEN_BAL_draftkings_20260907T191255Z,2026_NFL_W04_TEN_BAL,2026-09-07T19:12:55.328519+00:00,2026-09-07T19:12:44Z,draftkings,-8.5,-110,-110,-395.0,310.0,47.5,-110,-110,,,,,,,True,,,odds_api,free
2026_NFL_W04_TEN_BAL_betus_20260907T191255Z,2026_NFL_W04_TEN_BAL,2026-09-07T19:12:55.328519+00:00,2026-09-07T19:12:45Z,betus,-8.5,-110,-110,,,47.5,-110,-110,,,,,,,True,,,odds_api,free
2026_NFL_W04_NE_BUF_draftkings_20260907T191255Z,2026_NFL_W04_NE_BUF,2026-09-07T19:12:55.328519+00:00,2026-09-07T19:12:44Z,draftkings,-3.0,-110,-110,-166.0,140.0,49.5,-110,-110,,,,,,,True,,,odds_api,free
2026_NFL_W04_NYJ_CHI_draftkings_20260907T191255Z,2026_NFL_W04_NYJ_CHI,2026-09-07T19:12:55.328519+00:00,2026-09-07T19:12:44Z,draftkings,-8.5,-110,-110,-425.0,330.0,45.5,-110,-110,,,,,,,True,,,odds_api,free
2026_NFL_W04_JAX_CIN_draftkings_20260907T191255Z,2026_NFL_W04_JAX_CIN,2026-09-07T19:12:55.328519+00:00,2026-09-07T19:12:44Z,draftkings,-2.5,-110,-110,-135.0,114.0,51.5,-110,-110,,,,,,,True,,,odds_api,free
2026_NFL_W04_JAX_CIN_betus_20260907T191255Z,2026_NFL_W04_JAX_CIN,2026-09-07T19:12:55.328519+00:00,2026-09-07T19:12:45Z,betus,-2.5,-110,-110,,,51.5,-110,-110,,,,,,,True,,,odds_api,free
2026_NFL_W04_DAL_HOU_draftkings_20260907T191255Z,2026_NFL_W04_DAL_HOU,2026-09-07T19:12:55.328519+00:00,2026-09-07T19:12:44Z,draftkings,-2.5,-110,-110,-135.0,114.0,47.5,-110,-110,,,,,,,True,,,odds_api,free
2026_NFL_W04_DAL_HOU_betus_20260907T191255Z,2026_NFL_W04_DAL_HOU,2026-09-07T19:12:55.328519+00:00,2026-09-07T19:12:45Z,betus,-2.5,-110,-110,,,47.5,-110,-110,,,,,,,True,,,odds_api,free
2026_NFL_W04_GB_TB_draftkings_20260907T191255Z,2026_NFL_W04_GB_TB,2026-09-07T19:12:55.328519+00:00,2026-09-07T19:12:44Z,draftkings,1.5,-110,-110,105.0,-125.0,47.5,-110,-110,,,,,,,True,,,odds_api,free
2026_NFL_W04_GB_TB_betus_20260907T191255Z,2026_NFL_W04_GB_TB,2026-09-07T19:12:55.328519+00:00,2026-09-07T19:12:45Z,betus,1.5,-110,-110,,,47.5,-110,-110,,,,,,,True,,,odds_api,free
2026_NFL_W04_LAR_PHI_draftkings_20260907T191255Z,2026_NFL_W04_LAR_PHI,2026-09-07T19:12:55.328519+00:00,2026-09-07T19:12:44Z,draftkings,1.5,-110,-110,105.0,-125.0,47.5,-110,-110,,,,,,,True,,,odds_api,free
2026_NFL_W04_MIA_MIN_draftkings_20260907T191255Z,2026_NFL_W04_MIA_MIN,2026-09-07T19:12:55.328519+00:00,2026-09-07T19:12:44Z,draftkings,-7.5,-110,-110,-410.0,320.0,43.5,-110,-110,,,,,,,True,,,odds_api,free
2026_NFL_W04_MIA_MIN_betus_20260907T191255Z,2026_NFL_W04_MIA_MIN,2026-09-07T19:12:55.328519+00:00,2026-09-07T19:12:45Z,betus,-7.5,-110,-110,,,43.5,-110,-110,,,,,,,True,,,odds_api,free
2026_NFL_W04_DEN_SF_draftkings_20260907T191255Z,2026_NFL_W04_DEN_SF,2026-09-07T19:12:55.328519+00:00,2026-09-07T19:12:44Z,draftkings,-2.5,-110,-110,-135.0,114.0,46.5,-110,-110,,,,,,,True,,,odds_api,free
2026_NFL_W04_DEN_SF_betus_20260907T191255Z,2026_NFL_W04_DEN_SF,2026-09-07T19:12:55.328519+00:00,2026-09-07T19:12:45Z,betus,-2.5,-110,-110,,,46.5,-110,-110,,,,,,,True,,,odds_api,free
2026_NFL_W04_KC_LV_draftkings_20260907T191255Z,2026_NFL_W04_KC_LV,2026-09-07T19:12:55.328519+00:00,2026-09-07T19:12:44Z,draftkings,5.5,-110,-110,205.0,-250.0,43.5,-110,-110,,,,,,,True,,,odds_api,free
2026_NFL_W04_LAC_SEA_draftkings_20260907T191255Z,2026_NFL_W04_LAC_SEA,2026-09-07T19:12:55.328519+00:00,2026-09-07T19:12:44Z,draftkings,-3.0,-115,-105,-175.0,145.0,45.5,-110,-110,,,,,,,True,,,odds_api,free
2026_NFL_W04_LAC_SEA_betus_20260907T191255Z,2026_NFL_W04_LAC_SEA,2026-09-07T19:12:55.328519+00:00,2026-09-07T19:12:45Z,betus,-3.0,-110,-110,,,45.5,-110,-110,,,,,,,True,,,odds_api,free
2026_NFL_W04_DET_CAR_draftkings_20260907T191255Z,2026_NFL_W04_DET_CAR,2026-09-07T19:12:55.328519+00:00,2026-09-07T19:12:44Z,draftkings,3.0,-110,-110,136.0,-162.0,47.5,-110,-110,,,,,,,True,,,odds_api,free
2026_NFL_W04_ATL_NO_draftkings_20260907T191255Z,2026_NFL_W04_ATL_NO,2026-09-07T19:12:55.328519+00:00,2026-09-07T19:12:44Z,draftkings,-2.5,-110,-110,-135.0,114.0,45.5,-115,-105,,,,,,,True,,,odds_api,free
2026_NFL_W04_ATL_NO_betus_20260907T191255Z,2026_NFL_W04_ATL_NO,2026-09-07T19:12:55.328519+00:00,2026-09-07T19:12:45Z,betus,-2.5,-110,-110,,,45.5,-110,-110,,,,,,,True,,,odds_api,free
2026_NFL_W04_PIT_CLE_draftkings_20260907T201252Z,2026_NFL_W04_PIT_CLE,2026-09-07T20:12:52.967739+00:00,2026-09-07T20:12:33Z,draftkings,2.5,-110,-110,114.0,-135.0,40.5,-110,-110,,,,,,,True,,,odds_api,free
2026_NFL_W04_IND_WAS_draftkings_20260907T201252Z,2026_NFL_W04_IND_WAS,2026-09-07T20:12:52.967739+00:00,2026-09-07T20:12:33Z,draftkings,-1.5,-105,-115,-118.0,-102.0,50.5,-110,-110,,,,,,,True,,,odds_api,free
2026_NFL_W04_IND_WAS_fanduel_20260907T201252Z,2026_NFL_W04_IND_WAS,2026-09-07T20:12:52.967739+00:00,2026-09-07T20:12:30Z,fanduel,1.5,-115,-105,-102.0,-116.0,49.5,-110,-110,,,,,,,True,,,odds_api,free
2026_NFL_W04_IND_WAS_betus_20260907T201252Z,2026_NFL_W04_IND_WAS,2026-09-07T20:12:52.967739+00:00,2026-09-07T20:12:35Z,betus,-1.5,100,-120,,,48.5,-110,-110,,,,,,,True,,,odds_api,free
2026_NFL_W04_ARI_NYG_draftkings_20260907T201252Z,2026_NFL_W04_ARI_NYG,2026-09-07T20:12:52.967739+00:00,2026-09-07T20:12:33Z,draftkings,-7.0,-110,-110,-325.0,260.0,45.5,-110,-110,,,,,,,True,,,odds_api,free
2026_NFL_W04_ARI_NYG_betus_20260907T201252Z,2026_NFL_W04_ARI_NYG,2026-09-07T20:12:52.967739+00:00,2026-09-07T20:12:35Z,betus,-7.0,-110,-110,,,45.5,-110,-110,,,,,,,True,,,odds_api,free
2026_NFL_W04_TEN_BAL_draftkings_20260907T201252Z,2026_NFL_W04_TEN_BAL,2026-09-07T20:12:52.967739+00:00,2026-09-07T20:12:33Z,draftkings,-8.5,-110,-110,-395.0,310.0,47.5,-110,-110,,,,,,,True,,,odds_api,free
2026_NFL_W04_TEN_BAL_betus_20260907T201252Z,2026_NFL_W04_TEN_BAL,2026-09-07T20:12:52.967739+00:00,2026-09-07T20:12:35Z,betus,-8.5,-110,-110,,,47.5,-110,-110,,,,,,,True,,,odds_api,free
2026_NFL_W04_NE_BUF_draftkings_20260907T201252Z,2026_NFL_W04_NE_BUF,2026-09-07T20:12:52.967739+00:00,2026-09-07T20:12:33Z,draftkings,-3.0,-110,-110,-166.0,140.0,49.5,-110,-110,,,,,,,True,,,odds_api,free
2026_NFL_W04_NYJ_CHI_draftkings_20260907T201252Z,2026_NFL_W04_NYJ_CHI,2026-09-07T20:12:52.967739+00:00,2026-09-07T20:12:33Z,draftkings,-8.5,-110,-110,-425.0,330.0,45.5,-110,-110,,,,,,,True,,,odds_api,free
2026_NFL_W04_JAX_CIN_draftkings_20260907T201252Z,2026_NFL_W04_JAX_CIN,2026-09-07T20:12:52.967739+00:00,2026-09-07T20:12:33Z,draftkings,-2.5,-110,-110,-135.0,114.0,51.5,-110,-110,,,,,,,True,,,odds_api,free
2026_NFL_W04_JAX_CIN_betus_20260907T201252Z,2026_NFL_W04_JAX_CIN,2026-09-07T20:12:52.967739+00:00,2026-09-07T20:12:35Z,betus,-2.5,-110,-110,,,51.5,-110,-110,,,,,,,True,,,odds_api,free
2026_NFL_W04_DAL_HOU_draftkings_20260907T201252Z,2026_NFL_W04_DAL_HOU,2026-09-07T20:12:52.967739+00:00,2026-09-07T20:12:33Z,draftkings,-2.5,-110,-110,-135.0,114.0,47.5,-110,-110,,,,,,,True,,,odds_api,free
2026_NFL_W04_DAL_HOU_betus_20260907T201252Z,2026_NFL_W04_DAL_HOU,2026-09-07T20:12:52.967739+00:00,2026-09-07T20:12:35Z,betus,-2.5,-110,-110,,,47.5,-110,-110,,,,,,,True,,,odds_api,free
2026_NFL_W04_GB_TB_draftkings_20260907T201252Z,2026_NFL_W04_GB_TB,2026-09-07T20:12:52.967739+00:00,2026-09-07T20:12:33Z,draftkings,1.5,-110,-110,105.0,-125.0,47.5,-110,-110,,,,,,,True,,,odds_api,free
2026_NFL_W04_GB_TB_betus_20260907T201252Z,2026_NFL_W04_GB_TB,2026-09-07T20:12:52.967739+00:00,2026-09-07T20:12:35Z,betus,1.5,-110,-110,,,47.5,-110,-110,,,,,,,True,,,odds_api,free
2026_NFL_W04_LAR_PHI_draftkings_20260907T201252Z,2026_NFL_W04_LAR_PHI,2026-09-07T20:12:52.967739+00:00,2026-09-07T20:12:33Z,draftkings,1.5,-110,-110,105.0,-125.0,47.5,-110,-110,,,,,,,True,,,odds_api,free
2026_NFL_W04_MIA_MIN_draftkings_20260907T201252Z,2026_NFL_W04_MIA_MIN,2026-09-07T20:12:52.967739+00:00,2026-09-07T20:12:33Z,draftkings,-7.5,-110,-110,-410.0,320.0,43.5,-110,-110,,,,,,,True,,,odds_api,free
2026_NFL_W04_MIA_MIN_betus_20260907T201252Z,2026_NFL_W04_MIA_MIN,2026-09-07T20:12:52.967739+00:00,2026-09-07T20:12:35Z,betus,-7.5,-110,-110,,,43.5,-110,-110,,,,,,,True,,,odds_api,free
2026_NFL_W04_DEN_SF_draftkings_20260907T201252Z,2026_NFL_W04_DEN_SF,2026-09-07T20:12:52.967739+00:00,2026-09-07T20:12:33Z,draftkings,-2.5,-110,-110,-135.0,114.0,46.5,-110,-110,,,,,,,True,,,odds_api,free
2026_NFL_W04_DEN_SF_betus_20260907T201252Z,2026_NFL_W04_DEN_SF,2026-09-07T20:12:52.967739+00:00,2026-09-07T20:12:35Z,betus,-2.5,-110,-110,,,46.5,-110,-110,,,,,,,True,,,odds_api,free
2026_NFL_W04_KC_LV_draftkings_20260907T201252Z,2026_NFL_W04_KC_LV,2026-09-07T20:12:52.967739+00:00,2026-09-07T20:12:33Z,draftkings,5.5,-110,-110,205.0,-250.0,43.5,-110,-110,,,,,,,True,,,odds_api,free
2026_NFL_W04_LAC_SEA_draftkings_20260907T201252Z,2026_NFL_W04_LAC_SEA,2026-09-07T20:12:52.967739+00:00,2026-09-07T20:12:33Z,draftkings,-3.0,-115,-105,-175.0,145.0,45.5,-110,-110,,,,,,,True,,,odds_api,free
2026_NFL_W04_LAC_SEA_betus_20260907T201252Z,2026_NFL_W04_LAC_SEA,2026-09-07T20:12:52.967739+00:00,2026-09-07T20:12:35Z,betus,-3.0,-110,-110,,,45.5,-110,-110,,,,,,,True,,,odds_api,free
2026_NFL_W04_DET_CAR_draftkings_20260907T201252Z,2026_NFL_W04_DET_CAR,2026-09-07T20:12:52.967739+00:00,2026-09-07T20:12:33Z,draftkings,3.0,-110,-110,136.0,-162.0,47.5,-110,-110,,,,,,,True,,,odds_api,free
2026_NFL_W04_ATL_NO_draftkings_20260907T201252Z,2026_NFL_W04_ATL_NO,2026-09-07T20:12:52.967739+00:00,2026-09-07T20:12:33Z,draftkings,-2.5,-110,-110,-135.0,114.0,45.5,-115,-105,,,,,,,True,,,odds_api,free
2026_NFL_W04_ATL_NO_betus_20260907T201252Z,2026_NFL_W04_ATL_NO,2026-09-07T20:12:52.967739+00:00,2026-09-07T20:12:35Z,betus,-2.5,-110,-110,,,45.5,-110,-110,,,,,,,True,,,odds_api,free
2026_NFL_W04_PIT_CLE_draftkings_20260907T212903Z,2026_NFL_W04_PIT_CLE,2026-09-07T21:29:03.685436+00:00,2026-09-07T21:28:34Z,draftkings,2.5,-110,-110,114.0,-135.0,40.5,-110,-110,,,,,,,True,,,odds_api,free
2026_NFL_W04_IND_WAS_draftkings_20260907T212903Z,2026_NFL_W04_IND_WAS,2026-09-07T21:29:03.685436+00:00,2026-09-07T21:28:34Z,draftkings,-1.5,-105,-115,-118.0,-102.0,50.5,-110,-110,,,,,,,True,,,odds_api,free
2026_NFL_W04_IND_WAS_fanduel_20260907T212903Z,2026_NFL_W04_IND_WAS,2026-09-07T21:29:03.685436+00:00,2026-09-07T21:29:02Z,fanduel,1.5,-115,-105,-102.0,-116.0,49.5,-110,-110,,,,,,,True,,,odds_api,free
2026_NFL_W04_IND_WAS_betus_20260907T212903Z,2026_NFL_W04_IND_WAS,2026-09-07T21:29:03.685436+00:00,2026-09-07T21:28:33Z,betus,-1.5,100,-120,,,48.5,-110,-110,,,,,,,True,,,odds_api,free
2026_NFL_W04_ARI_NYG_draftkings_20260907T212903Z,2026_NFL_W04_ARI_NYG,2026-09-07T21:29:03.685436+00:00,2026-09-07T21:28:34Z,draftkings,-7.0,-110,-110,-325.0,260.0,45.5,-110,-110,,,,,,,True,,,odds_api,free
2026_NFL_W04_ARI_NYG_betus_20260907T212903Z,2026_NFL_W04_ARI_NYG,2026-09-07T21:29:03.685436+00:00,2026-09-07T21:28:33Z,betus,-7.0,-110,-110,,,45.5,-110,-110,,,,,,,True,,,odds_api,free
2026_NFL_W04_TEN_BAL_draftkings_20260907T212903Z,2026_NFL_W04_TEN_BAL,2026-09-07T21:29:03.685436+00:00,2026-09-07T21:28:34Z,draftkings,-8.5,-110,-110,-395.0,310.0,47.5,-110,-110,,,,,,,True,,,odds_api,free
2026_NFL_W04_TEN_BAL_betus_20260907T212903Z,2026_NFL_W04_TEN_BAL,2026-09-07T21:29:03.685436+00:00,2026-09-07T21:28:33Z,betus,-8.5,-110,-110,,,47.5,-110,-110,,,,,,,True,,,odds_api,free
2026_NFL_W04_NE_BUF_draftkings_20260907T212903Z,2026_NFL_W04_NE_BUF,2026-09-07T21:29:03.685436+00:00,2026-09-07T21:28:34Z,draftkings,-3.0,-110,-110,-166.0,140.0,49.5,-110,-110,,,,,,,True,,,odds_api,free
2026_NFL_W04_NYJ_CHI_draftkings_20260907T212903Z,2026_NFL_W04_NYJ_CHI,2026-09-07T21:29:03.685436+00:00,2026-09-07T21:28:34Z,draftkings,-8.5,-110,-110,-425.0,330.0,45.5,-110,-110,,,,,,,True,,,odds_api,free
2026_NFL_W04_JAX_CIN_draftkings_20260907T212903Z,2026_NFL_W04_JAX_CIN,2026-09-07T21:29:03.685436+00:00,2026-09-07T21:28:34Z,draftkings,-2.5,-110,-110,-135.0,114.0,51.5,-110,-110,,,,,,,True,,,odds_api,free
2026_NFL_W04_JAX_CIN_betus_20260907T212903Z,2026_NFL_W04_JAX_CIN,2026-09-07T21:29:03.685436+00:00,2026-09-07T21:28:33Z,betus,-2.5,-110,-110,,,51.5,-110,-110,,,,,,,True,,,odds_api,free
2026_NFL_W04_DAL_HOU_draftkings_20260907T212903Z,2026_NFL_W04_DAL_HOU,2026-09-07T21:29:03.685436+00:00,2026-09-07T21:28:34Z,draftkings,-2.5,-110,-110,-135.0,114.0,47.5,-110,-110,,,,,,,True,,,odds_api,free
2026_NFL_W04_DAL_HOU_betus_20260907T212903Z,2026_NFL_W04_DAL_HOU,2026-09-07T21:29:03.685436+00:00,2026-09-07T21:28:33Z,betus,-2.5,-110,-110,,,47.5,-110,-110,,,,,,,True,,,odds_api,free
2026_NFL_W04_GB_TB_draftkings_20260907T212903Z,2026_NFL_W04_GB_TB,2026-09-07T21:29:03.685436+00:00,2026-09-07T21:28:34Z,draftkings,1.5,-110,-110,105.0,-125.0,47.5,-110,-110,,,,,,,True,,,odds_api,free
2026_NFL_W04_GB_TB_betus_20260907T212903Z,2026_NFL_W04_GB_TB,2026-09-07T21:29:03.685436+00:00,2026-09-07T21:28:33Z,betus,1.5,-110,-110,,,47.5,-110,-110,,,,,,,True,,,odds_api,free
2026_NFL_W04_LAR_PHI_draftkings_20260907T212903Z,2026_NFL_W04_LAR_PHI,2026-09-07T21:29:03.685436+00:00,2026-09-07T21:28:34Z,draftkings,1.5,-110,-110,105.0,-125.0,47.5,-110,-110,,,,,,,True,,,odds_api,free
2026_NFL_W04_MIA_MIN_draftkings_20260907T212903Z,2026_NFL_W04_MIA_MIN,2026-09-07T21:29:03.685436+00:00,2026-09-07T21:28:34Z,draftkings,-7.5,-110,-110,-410.0,320.0,43.5,-110,-110,,,,,,,True,,,odds_api,free
2026_NFL_W04_MIA_MIN_betus_20260907T212903Z,2026_NFL_W04_MIA_MIN,2026-09-07T21:29:03.685436+00:00,2026-09-07T21:28:33Z,betus,-7.5,-110,-110,,,43.5,-110,-110,,,,,,,True,,,odds_api,free
2026_NFL_W04_DEN_SF_draftkings_20260907T212903Z,2026_NFL_W04_DEN_SF,2026-09-07T21:29:03.685436+00:00,2026-09-07T21:28:34Z,draftkings,-2.5,-110,-110,-135.0,114.0,46.5,-110,-110,,,,,,,True,,,odds_api,free
2026_NFL_W04_DEN_SF_betus_20260907T212903Z,2026_NFL_W04_DEN_SF,2026-09-07T21:29:03.685436+00:00,2026-09-07T21:28:33Z,betus,-2.5,-110,-110,,,46.5,-110,-110,,,,,,,True,,,odds_api,free
2026_NFL_W04_KC_LV_draftkings_20260907T212903Z,2026_NFL_W04_KC_LV,2026-09-07T21:29:03.685436+00:00,2026-09-07T21:28:34Z,draftkings,5.5,-110,-110,205.0,-250.0,43.5,-110,-110,,,,,,,True,,,odds_api,free
2026_NFL_W04_LAC_SEA_draftkings_20260907T212903Z,2026_NFL_W04_LAC_SEA,2026-09-07T21:29:03.685436+00:00,2026-09-07T21:28:34Z,draftkings,-3.0,-115,-105,-175.0,145.0,45.5,-110,-110,,,,,,,True,,,odds_api,free
2026_NFL_W04_LAC_SEA_betus_20260907T212903Z,2026_NFL_W04_LAC_SEA,2026-09-07T21:29:03.685436+00:00,2026-09-07T21:28:33Z,betus,-3.0,-110,-110,,,45.5,-110,-110,,,,,,,True,,,odds_api,free
2026_NFL_W04_DET_CAR_draftkings_20260907T212903Z,2026_NFL_W04_DET_CAR,2026-09-07T21:29:03.685436+00:00,2026-09-07T21:28:34Z,draftkings,3.0,-110,-110,136.0,-162.0,47.5,-110,-110,,,,,,,True,,,odds_api,free
2026_NFL_W04_ATL_NO_draftkings_20260907T212903Z,2026_NFL_W04_ATL_NO,2026-09-07T21:29:03.685436+00:00,2026-09-07T21:28:34Z,draftkings,-2.5,-110,-110,-135.0,114.0,45.5,-115,-105,,,,,,,True,,,odds_api,free
2026_NFL_W04_ATL_NO_betus_20260907T212903Z,2026_NFL_W04_ATL_NO,2026-09-07T21:29:03.685436+00:00,2026-09-07T21:28:33Z,betus,-2.5,-110,-110,,,45.5,-110,-110,,,,,,,True,,,odds_api,free
2026_NFL_W04_PIT_CLE_draftkings_20260907T221249Z,2026_NFL_W04_PIT_CLE,2026-09-07T22:12:49.839233+00:00,2026-09-07T22:10:16Z,draftkings,2.5,-110,-110,114.0,-135.0,40.5,-110,-110,,,,,,,True,,,odds_api,free
2026_NFL_W04_IND_WAS_draftkings_20260907T221249Z,2026_NFL_W04_IND_WAS,2026-09-07T22:12:49.839233+00:00,2026-09-07T22:10:16Z,draftkings,-1.5,-105,-115,-118.0,-102.0,50.5,-110,-110,,,,,,,True,,,odds_api,free
2026_NFL_W04_IND_WAS_fanduel_20260907T221249Z,2026_NFL_W04_IND_WAS,2026-09-07T22:12:49.839233+00:00,2026-09-07T22:12:40Z,fanduel,1.5,-115,-105,-102.0,-116.0,49.5,-110,-110,,,,,,,True,,,odds_api,free
2026_NFL_W04_IND_WAS_betus_20260907T221249Z,2026_NFL_W04_IND_WAS,2026-09-07T22:12:49.839233+00:00,2026-09-07T22:12:40Z,betus,-1.5,100,-120,,,48.5,-110,-110,,,,,,,True,,,odds_api,free
2026_NFL_W04_ARI_NYG_draftkings_20260907T221249Z,2026_NFL_W04_ARI_NYG,2026-09-07T22:12:49.839233+00:00,2026-09-07T22:10:16Z,draftkings,-7.0,-110,-110,-325.0,260.0,45.5,-110,-110,,,,,,,True,,,odds_api,free
2026_NFL_W04_ARI_NYG_betus_20260907T221249Z,2026_NFL_W04_ARI_NYG,2026-09-07T22:12:49.839233+00:00,2026-09-07T22:12:40Z,betus,-7.0,-110,-110,,,45.5,-110,-110,,,,,,,True,,,odds_api,free
2026_NFL_W04_TEN_BAL_draftkings_20260907T221249Z,2026_NFL_W04_TEN_BAL,2026-09-07T22:12:49.839233+00:00,2026-09-07T22:10:16Z,draftkings,-8.5,-110,-110,-395.0,310.0,47.5,-110,-110,,,,,,,True,,,odds_api,free
2026_NFL_W04_TEN_BAL_betus_20260907T221249Z,2026_NFL_W04_TEN_BAL,2026-09-07T22:12:49.839233+00:00,2026-09-07T22:12:40Z,betus,-8.5,-110,-110,,,47.5,-110,-110,,,,,,,True,,,odds_api,free
2026_NFL_W04_NE_BUF_draftkings_20260907T221249Z,2026_NFL_W04_NE_BUF,2026-09-07T22:12:49.839233+00:00,2026-09-07T22:10:16Z,draftkings,-3.0,-110,-110,-166.0,140.0,49.5,-110,-110,,,,,,,True,,,odds_api,free
2026_NFL_W04_NYJ_CHI_draftkings_20260907T221249Z,2026_NFL_W04_NYJ_CHI,2026-09-07T22:12:49.839233+00:00,2026-09-07T22:10:16Z,draftkings,-8.5,-110,-110,-425.0,330.0,45.5,-110,-110,,,,,,,True,,,odds_api,free
2026_NFL_W04_JAX_CIN_draftkings_20260907T221249Z,2026_NFL_W04_JAX_CIN,2026-09-07T22:12:49.839233+00:00,2026-09-07T22:10:16Z,draftkings,-2.5,-110,-110,-135.0,114.0,51.5,-110,-110,,,,,,,True,,,odds_api,free
2026_NFL_W04_JAX_CIN_betus_20260907T221249Z,2026_NFL_W04_JAX_CIN,2026-09-07T22:12:49.839233+00:00,2026-09-07T22:12:40Z,betus,-2.5,-110,-110,,,51.5,-110,-110,,,,,,,True,,,odds_api,free
2026_NFL_W04_DAL_HOU_draftkings_20260907T221249Z,2026_NFL_W04_DAL_HOU,2026-09-07T22:12:49.839233+00:00,2026-09-07T22:10:16Z,draftkings,-2.5,-110,-110,-135.0,114.0,47.5,-110,-110,,,,,,,True,,,odds_api,free
2026_NFL_W04_DAL_HOU_betus_20260907T221249Z,2026_NFL_W04_DAL_HOU,2026-09-07T22:12:49.839233+00:00,2026-09-07T22:12:40Z,betus,-2.5,-110,-110,,,47.5,-110,-110,,,,,,,True,,,odds_api,free
2026_NFL_W04_GB_TB_draftkings_20260907T221249Z,2026_NFL_W04_GB_TB,2026-09-07T22:12:49.839233+00:00,2026-09-07T22:10:16Z,draftkings,1.5,-110,-110,105.0,-125.0,47.5,-110,-110,,,,,,,True,,,odds_api,free
2026_NFL_W04_GB_TB_betus_20260907T221249Z,2026_NFL_W04_GB_TB,2026-09-07T22:12:49.839233+00:00,2026-09-07T22:12:40Z,betus,1.5,-110,-110,,,47.5,-110,-110,,,,,,,True,,,odds_api,free
2026_NFL_W04_LAR_PHI_draftkings_20260907T221249Z,2026_NFL_W04_LAR_PHI,2026-09-07T22:12:49.839233+00:00,2026-09-07T22:10:16Z,draftkings,1.5,-110,-110,105.0,-125.0,47.5,-110,-110,,,,,,,True,,,odds_api,free
2026_NFL_W04_MIA_MIN_draftkings_20260907T221249Z,2026_NFL_W04_MIA_MIN,2026-09-07T22:12:49.839233+00:00,2026-09-07T22:10:16Z,draftkings,-7.5,-110,-110,-410.0,320.0,43.5,-110,-110,,,,,,,True,,,odds_api,free
2026_NFL_W04_MIA_MIN_betus_20260907T221249Z,2026_NFL_W04_MIA_MIN,2026-09-07T22:12:49.839233+00:00,2026-09-07T22:12:40Z,betus,-7.5,-110,-110,,,43.5,-110,-110,,,,,,,True,,,odds_api,free
2026_NFL_W04_DEN_SF_draftkings_20260907T221249Z,2026_NFL_W04_DEN_SF,2026-09-07T22:12:49.839233+00:00,2026-09-07T22:10:16Z,draftkings,-2.5,-110,-110,-135.0,114.0,46.5,-110,-110,,,,,,,True,,,odds_api,free
2026_NFL_W04_DEN_SF_betus_20260907T221249Z,2026_NFL_W04_DEN_SF,2026-09-07T22:12:49.839233+00:00,2026-09-07T22:12:40Z,betus,-2.5,-110,-110,,,46.5,-110,-110,,,,,,,True,,,odds_api,free
2026_NFL_W04_KC_LV_draftkings_20260907T221249Z,2026_NFL_W04_KC_LV,2026-09-07T22:12:49.839233+00:00,2026-09-07T22:10:16Z,draftkings,5.5,-110,-110,205.0,-250.0,43.5,-110,-110,,,,,,,True,,,odds_api,free
2026_NFL_W04_LAC_SEA_draftkings_20260907T221249Z,2026_NFL_W04_LAC_SEA,2026-09-07T22:12:49.839233+00:00,2026-09-07T22:10:16Z,draftkings,-3.0,-115,-105,-175.0,145.0,45.5,-110,-110,,,,,,,True,,,odds_api,free
2026_NFL_W04_LAC_SEA_betus_20260907T221249Z,2026_NFL_W04_LAC_SEA,2026-09-07T22:12:49.839233+00:00,2026-09-07T22:12:40Z,betus,-3.0,-110,-110,,,45.5,-110,-110,,,,,,,True,,,odds_api,free
2026_NFL_W04_DET_CAR_draftkings_20260907T221249Z,2026_NFL_W04_DET_CAR,2026-09-07T22:12:49.839233+00:00,2026-09-07T22:10:16Z,draftkings,3.0,-110,-110,136.0,-162.0,47.5,-110,-110,,,,,,,True,,,odds_api,free
2026_NFL_W04_ATL_NO_draftkings_20260907T221249Z,2026_NFL_W04_ATL_NO,2026-09-07T22:12:49.839233+00:00,2026-09-07T22:10:16Z,draftkings,-2.5,-110,-110,-135.0,114.0,45.5,-115,-105,,,,,,,True,,,odds_api,free
2026_NFL_W04_ATL_NO_betus_20260907T221249Z,2026_NFL_W04_ATL_NO,2026-09-07T22:12:49.839233+00:00,2026-09-07T22:12:40Z,betus,-2.5,-110,-110,,,45.5,-110,-110,,,,,,,True,,,odds_api,free
2026_NFL_W04_PIT_CLE_draftkings_20260907T230510Z,2026_NFL_W04_PIT_CLE,2026-09-07T23:05:10.258637+00:00,2026-09-07T23:04:12Z,draftkings,2.5,-110,-110,114.0,-135.0,40.5,-110,-110,,,,,,,True,,,odds_api,free
2026_NFL_W04_IND_WAS_draftkings_20260907T230510Z,2026_NFL_W04_IND_WAS,2026-09-07T23:05:10.258637+00:00,2026-09-07T23:04:12Z,draftkings,-1.5,-105,-115,-118.0,-102.0,50.5,-110,-110,,,,,,,True,,,odds_api,free
2026_NFL_W04_IND_WAS_fanduel_20260907T230510Z,2026_NFL_W04_IND_WAS,2026-09-07T23:05:10.258637+00:00,2026-09-07T23:04:54Z,fanduel,1.5,-115,-105,-102.0,-116.0,49.5,-110,-110,,,,,,,True,,,odds_api,free
2026_NFL_W04_IND_WAS_betus_20260907T230510Z,2026_NFL_W04_IND_WAS,2026-09-07T23:05:10.258637+00:00,2026-09-07T23:04:11Z,betus,-1.5,100,-120,,,48.5,-110,-110,,,,,,,True,,,odds_api,free
2026_NFL_W04_ARI_NYG_draftkings_20260907T230510Z,2026_NFL_W04_ARI_NYG,2026-09-07T23:05:10.258637+00:00,2026-09-07T23:04:12Z,draftkings,-7.0,-110,-110,-325.0,260.0,45.5,-110,-110,,,,,,,True,,,odds_api,free
2026_NFL_W04_ARI_NYG_betus_20260907T230510Z,2026_NFL_W04_ARI_NYG,2026-09-07T23:05:10.258637+00:00,2026-09-07T23:04:11Z,betus,-7.0,-110,-110,,,45.5,-110,-110,,,,,,,True,,,odds_api,free
2026_NFL_W04_TEN_BAL_draftkings_20260907T230510Z,2026_NFL_W04_TEN_BAL,2026-09-07T23:05:10.258637+00:00,2026-09-07T23:04:12Z,draftkings,-8.5,-110,-110,-395.0,310.0,47.5,-110,-110,,,,,,,True,,,odds_api,free
2026_NFL_W04_TEN_BAL_betus_20260907T230510Z,2026_NFL_W04_TEN_BAL,2026-09-07T23:05:10.258637+00:00,2026-09-07T23:04:11Z,betus,-8.5,-110,-110,,,47.5,-110,-110,,,,,,,True,,,odds_api,free
2026_NFL_W04_NE_BUF_draftkings_20260907T230510Z,2026_NFL_W04_NE_BUF,2026-09-07T23:05:10.258637+00:00,2026-09-07T23:04:12Z,draftkings,-3.0,-110,-110,-166.0,140.0,49.5,-110,-110,,,,,,,True,,,odds_api,free
2026_NFL_W04_NYJ_CHI_draftkings_20260907T230510Z,2026_NFL_W04_NYJ_CHI,2026-09-07T23:05:10.258637+00:00,2026-09-07T23:04:12Z,draftkings,-8.5,-110,-110,-425.0,330.0,45.5,-110,-110,,,,,,,True,,,odds_api,free
2026_NFL_W04_JAX_CIN_draftkings_20260907T230510Z,2026_NFL_W04_JAX_CIN,2026-09-07T23:05:10.258637+00:00,2026-09-07T23:04:12Z,draftkings,-2.5,-110,-110,-135.0,114.0,51.5,-110,-110,,,,,,,True,,,odds_api,free
2026_NFL_W04_JAX_CIN_betus_20260907T230510Z,2026_NFL_W04_JAX_CIN,2026-09-07T23:05:10.258637+00:00,2026-09-07T23:04:11Z,betus,-2.5,-110,-110,,,51.5,-110,-110,,,,,,,True,,,odds_api,free
2026_NFL_W04_DAL_HOU_draftkings_20260907T230510Z,2026_NFL_W04_DAL_HOU,2026-09-07T23:05:10.258637+00:00,2026-09-07T23:04:12Z,draftkings,-2.5,-110,-110,-135.0,114.0,47.5,-110,-110,,,,,,,True,,,odds_api,free
2026_NFL_W04_DAL_HOU_betus_20260907T230510Z,2026_NFL_W04_DAL_HOU,2026-09-07T23:05:10.258637+00:00,2026-09-07T23:04:11Z,betus,-2.5,-110,-110,,,47.5,-110,-110,,,,,,,True,,,odds_api,free
2026_NFL_W04_GB_TB_draftkings_20260907T230510Z,2026_NFL_W04_GB_TB,2026-09-07T23:05:10.258637+00:00,2026-09-07T23:04:12Z,draftkings,1.5,-110,-110,105.0,-125.0,47.5,-110,-110,,,,,,,True,,,odds_api,free
2026_NFL_W04_GB_TB_betus_20260907T230510Z,2026_NFL_W04_GB_TB,2026-09-07T23:05:10.258637+00:00,2026-09-07T23:04:11Z,betus,1.5,-110,-110,,,47.5,-110,-110,,,,,,,True,,,odds_api,free
2026_NFL_W04_LAR_PHI_draftkings_20260907T230510Z,2026_NFL_W04_LAR_PHI,2026-09-07T23:05:10.258637+00:00,2026-09-07T23:04:12Z,draftkings,1.5,-110,-110,105.0,-125.0,47.5,-110,-110,,,,,,,True,,,odds_api,free
2026_NFL_W04_MIA_MIN_draftkings_20260907T230510Z,2026_NFL_W04_MIA_MIN,2026-09-07T23:05:10.258637+00:00,2026-09-07T23:04:12Z,draftkings,-7.5,-110,-110,-410.0,320.0,43.5,-110,-110,,,,,,,True,,,odds_api,free
2026_NFL_W04_MIA_MIN_betus_20260907T230510Z,2026_NFL_W04_MIA_MIN,2026-09-07T23:05:10.258637+00:00,2026-09-07T23:04:11Z,betus,-7.5,-110,-110,,,43.5,-110,-110,,,,,,,True,,,odds_api,free
2026_NFL_W04_DEN_SF_draftkings_20260907T230510Z,2026_NFL_W04_DEN_SF,2026-09-07T23:05:10.258637+00:00,2026-09-07T23:04:12Z,draftkings,-2.5,-110,-110,-135.0,114.0,46.5,-110,-110,,,,,,,True,,,odds_api,free
2026_NFL_W04_DEN_SF_betus_20260907T230510Z,2026_NFL_W04_DEN_SF,2026-09-07T23:05:10.258637+00:00,2026-09-07T23:04:11Z,betus,-2.5,-110,-110,,,46.5,-110,-110,,,,,,,True,,,odds_api,free
2026_NFL_W04_KC_LV_draftkings_20260907T230510Z,2026_NFL_W04_KC_LV,2026-09-07T23:05:10.258637+00:00,2026-09-07T23:04:12Z,draftkings,5.5,-110,-110,205.0,-250.0,43.5,-110,-110,,,,,,,True,,,odds_api,free
2026_NFL_W04_LAC_SEA_draftkings_20260907T230510Z,2026_NFL_W04_LAC_SEA,2026-09-07T23:05:10.258637+00:00,2026-09-07T23:04:12Z,draftkings,-3.0,-115,-105,-175.0,145.0,45.5,-110,-110,,,,,,,True,,,odds_api,free
2026_NFL_W04_LAC_SEA_betus_20260907T230510Z,2026_NFL_W04_LAC_SEA,2026-09-07T23:05:10.258637+00:00,2026-09-07T23:04:11Z,betus,-3.0,-110,-110,,,45.5,-110,-110,,,,,,,True,,,odds_api,free
2026_NFL_W04_DET_CAR_draftkings_20260907T230510Z,2026_NFL_W04_DET_CAR,2026-09-07T23:05:10.258637+00:00,2026-09-07T23:04:12Z,draftkings,3.0,-110,-110,136.0,-162.0,47.5,-110,-110,,,,,,,True,,,odds_api,free
2026_NFL_W04_ATL_NO_draftkings_20260907T230510Z,2026_NFL_W04_ATL_NO,2026-09-07T23:05:10.258637+00:00,2026-09-07T23:04:12Z,draftkings,-2.5,-110,-110,-135.0,114.0,45.5,-115,-105,,,,,,,True,,,odds_api,free
2026_NFL_W04_ATL_NO_betus_20260907T230510Z,2026_NFL_W04_ATL_NO,2026-09-07T23:05:10.258637+00:00,2026-09-07T23:04:11Z,betus,-2.5,-110,-110,,,45.5,-110,-110,,,,,,,True,,,odds_api,free
2026_NFL_W04_PIT_CLE_draftkings_20260907T231301Z,2026_NFL_W04_PIT_CLE,2026-09-07T23:13:01.148217+00:00,2026-09-07T23:12:24Z,draftkings,2.5,-110,-110,114.0,-135.0,40.5,-110,-110,,,,,,,True,,,odds_api,free
2026_NFL_W04_IND_WAS_draftkings_20260907T231301Z,2026_NFL_W04_IND_WAS,2026-09-07T23:13:01.148217+00:00,2026-09-07T23:12:24Z,draftkings,-1.5,-105,-115,-118.0,-102.0,50.5,-110,-110,,,,,,,True,,,odds_api,free
2026_NFL_W04_IND_WAS_fanduel_20260907T231301Z,2026_NFL_W04_IND_WAS,2026-09-07T23:13:01.148217+00:00,2026-09-07T23:12:23Z,fanduel,1.5,-115,-105,-102.0,-116.0,49.5,-110,-110,,,,,,,True,,,odds_api,free
2026_NFL_W04_IND_WAS_betus_20260907T231301Z,2026_NFL_W04_IND_WAS,2026-09-07T23:13:01.148217+00:00,2026-09-07T23:12:44Z,betus,-1.5,100,-120,,,48.5,-110,-110,,,,,,,True,,,odds_api,free
2026_NFL_W04_ARI_NYG_draftkings_20260907T231301Z,2026_NFL_W04_ARI_NYG,2026-09-07T23:13:01.148217+00:00,2026-09-07T23:12:24Z,draftkings,-7.0,-110,-110,-325.0,260.0,45.5,-110,-110,,,,,,,True,,,odds_api,free
2026_NFL_W04_ARI_NYG_betus_20260907T231301Z,2026_NFL_W04_ARI_NYG,2026-09-07T23:13:01.148217+00:00,2026-09-07T23:12:44Z,betus,-7.0,-110,-110,,,45.5,-110,-110,,,,,,,True,,,odds_api,free
2026_NFL_W04_TEN_BAL_draftkings_20260907T231301Z,2026_NFL_W04_TEN_BAL,2026-09-07T23:13:01.148217+00:00,2026-09-07T23:12:24Z,draftkings,-8.5,-110,-110,-395.0,310.0,47.5,-110,-110,,,,,,,True,,,odds_api,free
2026_NFL_W04_TEN_BAL_betus_20260907T231301Z,2026_NFL_W04_TEN_BAL,2026-09-07T23:13:01.148217+00:00,2026-09-07T23:12:44Z,betus,-8.5,-110,-110,,,47.5,-110,-110,,,,,,,True,,,odds_api,free
2026_NFL_W04_NE_BUF_draftkings_20260907T231301Z,2026_NFL_W04_NE_BUF,2026-09-07T23:13:01.148217+00:00,2026-09-07T23:12:24Z,draftkings,-3.0,-110,-110,-166.0,140.0,49.5,-110,-110,,,,,,,True,,,odds_api,free
2026_NFL_W04_NYJ_CHI_draftkings_20260907T231301Z,2026_NFL_W04_NYJ_CHI,2026-09-07T23:13:01.148217+00:00,2026-09-07T23:12:24Z,draftkings,-8.5,-110,-110,-425.0,330.0,45.5,-110,-110,,,,,,,True,,,odds_api,free
2026_NFL_W04_JAX_CIN_draftkings_20260907T231301Z,2026_NFL_W04_JAX_CIN,2026-09-07T23:13:01.148217+00:00,2026-09-07T23:12:24Z,draftkings,-2.5,-110,-110,-135.0,114.0,51.5,-110,-110,,,,,,,True,,,odds_api,free
2026_NFL_W04_JAX_CIN_betus_20260907T231301Z,2026_NFL_W04_JAX_CIN,2026-09-07T23:13:01.148217+00:00,2026-09-07T23:12:44Z,betus,-2.5,-110,-110,,,51.5,-110,-110,,,,,,,True,,,odds_api,free
2026_NFL_W04_DAL_HOU_draftkings_20260907T231301Z,2026_NFL_W04_DAL_HOU,2026-09-07T23:13:01.148217+00:00,2026-09-07T23:12:24Z,draftkings,-2.5,-110,-110,-135.0,114.0,47.5,-110,-110,,,,,,,True,,,odds_api,free
2026_NFL_W04_DAL_HOU_betus_20260907T231301Z,2026_NFL_W04_DAL_HOU,2026-09-07T23:13:01.148217+00:00,2026-09-07T23:12:44Z,betus,-2.5,-110,-110,,,47.5,-110,-110,,,,,,,True,,,odds_api,free
2026_NFL_W04_GB_TB_draftkings_20260907T231301Z,2026_NFL_W04_GB_TB,2026-09-07T23:13:01.148217+00:00,2026-09-07T23:12:24Z,draftkings,1.5,-110,-110,105.0,-125.0,47.5,-110,-110,,,,,,,True,,,odds_api,free
2026_NFL_W04_GB_TB_betus_20260907T231301Z,2026_NFL_W04_GB_TB,2026-09-07T23:13:01.148217+00:00,2026-09-07T23:12:44Z,betus,1.5,-110,-110,,,47.5,-110,-110,,,,,,,True,,,odds_api,free
2026_NFL_W04_LAR_PHI_draftkings_20260907T231301Z,2026_NFL_W04_LAR_PHI,2026-09-07T23:13:01.148217+00:00,2026-09-07T23:12:24Z,draftkings,1.5,-110,-110,105.0,-125.0,47.5,-110,-110,,,,,,,True,,,odds_api,free
2026_NFL_W04_MIA_MIN_draftkings_20260907T231301Z,2026_NFL_W04_MIA_MIN,2026-09-07T23:13:01.148217+00:00,2026-09-07T23:12:24Z,draftkings,-7.5,-110,-110,-410.0,320.0,43.5,-110,-110,,,,,,,True,,,odds_api,free
2026_NFL_W04_MIA_MIN_betus_20260907T231301Z,2026_NFL_W04_MIA_MIN,2026-09-07T23:13:01.148217+00:00,2026-09-07T23:12:44Z,betus,-7.5,-110,-110,,,43.5,-110,-110,,,,,,,True,,,odds_api,free
2026_NFL_W04_DEN_SF_draftkings_20260907T231301Z,2026_NFL_W04_DEN_SF,2026-09-07T23:13:01.148217+00:00,2026-09-07T23:12:24Z,draftkings,-2.5,-110,-110,-135.0,114.0,46.5,-110,-110,,,,,,,True,,,odds_api,free
2026_NFL_W04_DEN_SF_betus_20260907T231301Z,2026_NFL_W04_DEN_SF,2026-09-07T23:13:01.148217+00:00,2026-09-07T23:12:44Z,betus,-2.5,-110,-110,,,46.5,-110,-110,,,,,,,True,,,odds_api,free
2026_NFL_W04_KC_LV_draftkings_20260907T231301Z,2026_NFL_W04_KC_LV,2026-09-07T23:13:01.148217+00:00,2026-09-07T23:12:24Z,draftkings,5.5,-110,-110,205.0,-250.0,43.5,-110,-110,,,,,,,True,,,odds_api,free
2026_NFL_W04_LAC_SEA_draftkings_20260907T231301Z,2026_NFL_W04_LAC_SEA,2026-09-07T23:13:01.148217+00:00,2026-09-07T23:12:24Z,draftkings,-3.0,-115,-105,-175.0,145.0,45.5,-110,-110,,,,,,,True,,,odds_api,free
2026_NFL_W04_LAC_SEA_betus_20260907T231301Z,2026_NFL_W04_LAC_SEA,2026-09-07T23:13:01.148217+00:00,2026-09-07T23:12:44Z,betus,-3.0,-110,-110,,,45.5,-110,-110,,,,,,,True,,,odds_api,free
2026_NFL_W04_DET_CAR_draftkings_20260907T231301Z,2026_NFL_W04_DET_CAR,2026-09-07T23:13:01.148217+00:00,2026-09-07T23:12:24Z,draftkings,3.0,-110,-110,136.0,-162.0,47.5,-110,-110,,,,,,,True,,,odds_api,free
2026_NFL_W04_ATL_NO_draftkings_20260907T231301Z,2026_NFL_W04_ATL_NO,2026-09-07T23:13:01.148217+00:00,2026-09-07T23:12:24Z,draftkings,-2.5,-110,-110,-135.0,114.0,45.5,-115,-105,,,,,,,True,,,odds_api,free
2026_NFL_W04_ATL_NO_betus_20260907T231301Z,2026_NFL_W04_ATL_NO,2026-09-07T23:13:01.148217+00:00,2026-09-07T23:12:44Z,betus,-2.5,-110,-110,,,45.5,-110,-110,,,,,,,True,,,odds_api,free
2026_NFL_W04_PIT_CLE_draftkings_20260908T001251Z,2026_NFL_W04_PIT_CLE,2026-09-08T00:12:51.163249+00:00,2026-09-08T00:11:56Z,draftkings,2.5,-110,-110,114.0,-135.0,40.5,-110,-110,,,,,,,True,,,odds_api,free
2026_NFL_W04_IND_WAS_draftkings_20260908T001251Z,2026_NFL_W04_IND_WAS,2026-09-08T00:12:51.163249+00:00,2026-09-08T00:11:56Z,draftkings,-1.5,-105,-115,-118.0,-102.0,50.5,-110,-110,,,,,,,True,,,odds_api,free
2026_NFL_W04_IND_WAS_fanduel_20260908T001251Z,2026_NFL_W04_IND_WAS,2026-09-08T00:12:51.163249+00:00,2026-09-08T00:12:38Z,fanduel,1.5,-115,-105,-102.0,-116.0,49.5,-110,-110,,,,,,,True,,,odds_api,free
2026_NFL_W04_IND_WAS_betus_20260908T001251Z,2026_NFL_W04_IND_WAS,2026-09-08T00:12:51.163249+00:00,2026-09-08T00:12:41Z,betus,-1.5,100,-120,,,48.5,-110,-110,,,,,,,True,,,odds_api,free
2026_NFL_W04_ARI_NYG_draftkings_20260908T001251Z,2026_NFL_W04_ARI_NYG,2026-09-08T00:12:51.163249+00:00,2026-09-08T00:11:56Z,draftkings,-7.0,-110,-110,-325.0,260.0,45.5,-110,-110,,,,,,,True,,,odds_api,free
2026_NFL_W04_ARI_NYG_betus_20260908T001251Z,2026_NFL_W04_ARI_NYG,2026-09-08T00:12:51.163249+00:00,2026-09-08T00:12:41Z,betus,-7.0,-110,-110,,,45.5,-110,-110,,,,,,,True,,,odds_api,free
2026_NFL_W04_TEN_BAL_draftkings_20260908T001251Z,2026_NFL_W04_TEN_BAL,2026-09-08T00:12:51.163249+00:00,2026-09-08T00:11:56Z,draftkings,-8.5,-110,-110,-395.0,310.0,47.5,-110,-110,,,,,,,True,,,odds_api,free
2026_NFL_W04_TEN_BAL_betus_20260908T001251Z,2026_NFL_W04_TEN_BAL,2026-09-08T00:12:51.163249+00:00,2026-09-08T00:12:41Z,betus,-8.5,-110,-110,,,47.5,-110,-110,,,,,,,True,,,odds_api,free
2026_NFL_W04_NE_BUF_draftkings_20260908T001251Z,2026_NFL_W04_NE_BUF,2026-09-08T00:12:51.163249+00:00,2026-09-08T00:11:56Z,draftkings,-3.0,-110,-110,-166.0,140.0,49.5,-110,-110,,,,,,,True,,,odds_api,free
2026_NFL_W04_NYJ_CHI_draftkings_20260908T001251Z,2026_NFL_W04_NYJ_CHI,2026-09-08T00:12:51.163249+00:00,2026-09-08T00:11:56Z,draftkings,-8.5,-110,-110,-425.0,330.0,45.5,-110,-110,,,,,,,True,,,odds_api,free
2026_NFL_W04_JAX_CIN_draftkings_20260908T001251Z,2026_NFL_W04_JAX_CIN,2026-09-08T00:12:51.163249+00:00,2026-09-08T00:11:56Z,draftkings,-2.5,-110,-110,-135.0,114.0,51.5,-110,-110,,,,,,,True,,,odds_api,free
2026_NFL_W04_JAX_CIN_betus_20260908T001251Z,2026_NFL_W04_JAX_CIN,2026-09-08T00:12:51.163249+00:00,2026-09-08T00:12:41Z,betus,-2.5,-110,-110,,,51.5,-110,-110,,,,,,,True,,,odds_api,free
2026_NFL_W04_DAL_HOU_draftkings_20260908T001251Z,2026_NFL_W04_DAL_HOU,2026-09-08T00:12:51.163249+00:00,2026-09-08T00:11:56Z,draftkings,-2.5,-110,-110,-135.0,114.0,47.5,-110,-110,,,,,,,True,,,odds_api,free
2026_NFL_W04_DAL_HOU_betus_20260908T001251Z,2026_NFL_W04_DAL_HOU,2026-09-08T00:12:51.163249+00:00,2026-09-08T00:12:41Z,betus,-2.5,-110,-110,,,47.5,-110,-110,,,,,,,True,,,odds_api,free
2026_NFL_W04_GB_TB_draftkings_20260908T001251Z,2026_NFL_W04_GB_TB,2026-09-08T00:12:51.163249+00:00,2026-09-08T00:11:56Z,draftkings,1.5,-110,-110,105.0,-125.0,47.5,-110,-110,,,,,,,True,,,odds_api,free
2026_NFL_W04_GB_TB_betus_20260908T001251Z,2026_NFL_W04_GB_TB,2026-09-08T00:12:51.163249+00:00,2026-09-08T00:12:41Z,betus,1.5,-110,-110,,,47.5,-110,-110,,,,,,,True,,,odds_api,free
2026_NFL_W04_LAR_PHI_draftkings_20260908T001251Z,2026_NFL_W04_LAR_PHI,2026-09-08T00:12:51.163249+00:00,2026-09-08T00:11:56Z,draftkings,1.5,-110,-110,105.0,-125.0,47.5,-110,-110,,,,,,,True,,,odds_api,free
2026_NFL_W04_MIA_MIN_draftkings_20260908T001251Z,2026_NFL_W04_MIA_MIN,2026-09-08T00:12:51.163249+00:00,2026-09-08T00:11:56Z,draftkings,-7.5,-110,-110,-410.0,320.0,43.5,-110,-110,,,,,,,True,,,odds_api,free
2026_NFL_W04_MIA_MIN_betus_20260908T001251Z,2026_NFL_W04_MIA_MIN,2026-09-08T00:12:51.163249+00:00,2026-09-08T00:12:41Z,betus,-7.5,-110,-110,,,43.5,-110,-110,,,,,,,True,,,odds_api,free
2026_NFL_W04_DEN_SF_draftkings_20260908T001251Z,2026_NFL_W04_DEN_SF,2026-09-08T00:12:51.163249+00:00,2026-09-08T00:11:56Z,draftkings,-2.5,-110,-110,-135.0,114.0,46.5,-110,-110,,,,,,,True,,,odds_api,free
2026_NFL_W04_DEN_SF_betus_20260908T001251Z,2026_NFL_W04_DEN_SF,2026-09-08T00:12:51.163249+00:00,2026-09-08T00:12:41Z,betus,-2.5,-110,-110,,,46.5,-110,-110,,,,,,,True,,,odds_api,free
2026_NFL_W04_KC_LV_draftkings_20260908T001251Z,2026_NFL_W04_KC_LV,2026-09-08T00:12:51.163249+00:00,2026-09-08T00:11:56Z,draftkings,5.5,-110,-110,205.0,-250.0,43.5,-110,-110,,,,,,,True,,,odds_api,free
2026_NFL_W04_LAC_SEA_draftkings_20260908T001251Z,2026_NFL_W04_LAC_SEA,2026-09-08T00:12:51.163249+00:00,2026-09-08T00:11:56Z,draftkings,-3.0,-115,-105,-175.0,145.0,45.5,-110,-110,,,,,,,True,,,odds_api,free
2026_NFL_W04_LAC_SEA_betus_20260908T001251Z,2026_NFL_W04_LAC_SEA,2026-09-08T00:12:51.163249+00:00,2026-09-08T00:12:41Z,betus,-3.0,-110,-110,,,45.5,-110,-110,,,,,,,True,,,odds_api,free
2026_NFL_W04_DET_CAR_draftkings_20260908T001251Z,2026_NFL_W04_DET_CAR,2026-09-08T00:12:51.163249+00:00,2026-09-08T00:11:56Z,draftkings,3.0,-110,-110,136.0,-162.0,47.5,-110,-110,,,,,,,True,,,odds_api,free
2026_NFL_W04_ATL_NO_draftkings_20260908T001251Z,2026_NFL_W04_ATL_NO,2026-09-08T00:12:51.163249+00:00,2026-09-08T00:11:56Z,draftkings,-2.5,-110,-110,-135.0,114.0,45.5,-115,-105,,,,,,,True,,,odds_api,free
2026_NFL_W04_ATL_NO_betus_20260908T001251Z,2026_NFL_W04_ATL_NO,2026-09-08T00:12:51.163249+00:00,2026-09-08T00:12:41Z,betus,-2.5,-110,-110,,,45.5,-110,-110,,,,,,,True,,,odds_api,free
2026_NFL_W04_PIT_CLE_draftkings_20260908T141841Z,2026_NFL_W04_PIT_CLE,2026-09-08T14:18:41.613823+00:00,2026-09-08T14:18:00Z,draftkings,2.5,-110,-110,114.0,-135.0,40.5,-110,-110,,,,,,,True,,,odds_api,free
2026_NFL_W04_IND_WAS_draftkings_20260908T141841Z,2026_NFL_W04_IND_WAS,2026-09-08T14:18:41.613823+00:00,2026-09-08T14:18:00Z,draftkings,-1.5,-105,-115,-118.0,-102.0,50.5,-110,-110,,,,,,,True,,,odds_api,free
2026_NFL_W04_IND_WAS_fanduel_20260908T141841Z,2026_NFL_W04_IND_WAS,2026-09-08T14:18:41.613823+00:00,2026-09-08T14:17:58Z,fanduel,1.5,-115,-105,-102.0,-116.0,49.5,-110,-110,,,,,,,True,,,odds_api,free
2026_NFL_W04_IND_WAS_betus_20260908T141841Z,2026_NFL_W04_IND_WAS,2026-09-08T14:18:41.613823+00:00,2026-09-08T14:17:31Z,betus,-1.5,100,-120,,,48.5,-110,-110,,,,,,,True,,,odds_api,free
2026_NFL_W04_ARI_NYG_draftkings_20260908T141841Z,2026_NFL_W04_ARI_NYG,2026-09-08T14:18:41.613823+00:00,2026-09-08T14:18:00Z,draftkings,-7.0,-110,-110,-325.0,260.0,45.5,-110,-110,,,,,,,True,,,odds_api,free
2026_NFL_W04_ARI_NYG_betus_20260908T141841Z,2026_NFL_W04_ARI_NYG,2026-09-08T14:18:41.613823+00:00,2026-09-08T14:17:31Z,betus,-7.0,-110,-110,,,45.5,-110,-110,,,,,,,True,,,odds_api,free
2026_NFL_W04_TEN_BAL_draftkings_20260908T141841Z,2026_NFL_W04_TEN_BAL,2026-09-08T14:18:41.613823+00:00,2026-09-08T14:18:00Z,draftkings,-8.5,-110,-110,-395.0,310.0,47.5,-110,-110,,,,,,,True,,,odds_api,free
2026_NFL_W04_TEN_BAL_betus_20260908T141841Z,2026_NFL_W04_TEN_BAL,2026-09-08T14:18:41.613823+00:00,2026-09-08T14:17:31Z,betus,-8.5,-110,-110,,,47.5,-110,-110,,,,,,,True,,,odds_api,free
2026_NFL_W04_NE_BUF_draftkings_20260908T141841Z,2026_NFL_W04_NE_BUF,2026-09-08T14:18:41.613823+00:00,2026-09-08T14:18:00Z,draftkings,-3.0,-110,-110,-162.0,136.0,49.5,-110,-110,,,,,,,True,,,odds_api,free
2026_NFL_W04_NYJ_CHI_draftkings_20260908T141841Z,2026_NFL_W04_NYJ_CHI,2026-09-08T14:18:41.613823+00:00,2026-09-08T14:18:00Z,draftkings,-8.5,-110,-110,-425.0,330.0,45.5,-110,-110,,,,,,,True,,,odds_api,free
2026_NFL_W04_JAX_CIN_draftkings_20260908T141841Z,2026_NFL_W04_JAX_CIN,2026-09-08T14:18:41.613823+00:00,2026-09-08T14:18:00Z,draftkings,-2.5,-110,-110,-135.0,114.0,51.5,-110,-110,,,,,,,True,,,odds_api,free
2026_NFL_W04_JAX_CIN_betus_20260908T141841Z,2026_NFL_W04_JAX_CIN,2026-09-08T14:18:41.613823+00:00,2026-09-08T14:17:31Z,betus,-2.5,-110,-110,,,51.5,-110,-110,,,,,,,True,,,odds_api,free
2026_NFL_W04_DAL_HOU_draftkings_20260908T141841Z,2026_NFL_W04_DAL_HOU,2026-09-08T14:18:41.613823+00:00,2026-09-08T14:18:00Z,draftkings,-2.5,-110,-110,-135.0,114.0,47.5,-110,-110,,,,,,,True,,,odds_api,free
2026_NFL_W04_DAL_HOU_betus_20260908T141841Z,2026_NFL_W04_DAL_HOU,2026-09-08T14:18:41.613823+00:00,2026-09-08T14:17:31Z,betus,-2.5,-110,-110,,,47.5,-110,-110,,,,,,,True,,,odds_api,free
2026_NFL_W04_GB_TB_draftkings_20260908T141841Z,2026_NFL_W04_GB_TB,2026-09-08T14:18:41.613823+00:00,2026-09-08T14:18:00Z,draftkings,1.5,-110,-110,105.0,-125.0,47.5,-110,-110,,,,,,,True,,,odds_api,free
2026_NFL_W04_GB_TB_betus_20260908T141841Z,2026_NFL_W04_GB_TB,2026-09-08T14:18:41.613823+00:00,2026-09-08T14:17:31Z,betus,1.5,-110,-110,,,47.5,-110,-110,,,,,,,True,,,odds_api,free
2026_NFL_W04_LAR_PHI_draftkings_20260908T141841Z,2026_NFL_W04_LAR_PHI,2026-09-08T14:18:41.613823+00:00,2026-09-08T14:18:00Z,draftkings,1.5,-110,-110,105.0,-125.0,47.5,-110,-110,,,,,,,True,,,odds_api,free
2026_NFL_W04_MIA_MIN_draftkings_20260908T141841Z,2026_NFL_W04_MIA_MIN,2026-09-08T14:18:41.613823+00:00,2026-09-08T14:18:00Z,draftkings,-7.5,-110,-110,-410.0,320.0,43.5,-110,-110,,,,,,,True,,,odds_api,free
2026_NFL_W04_MIA_MIN_betus_20260908T141841Z,2026_NFL_W04_MIA_MIN,2026-09-08T14:18:41.613823+00:00,2026-09-08T14:17:31Z,betus,-7.5,-110,-110,,,43.5,-110,-110,,,,,,,True,,,odds_api,free
2026_NFL_W04_DEN_SF_draftkings_20260908T141841Z,2026_NFL_W04_DEN_SF,2026-09-08T14:18:41.613823+00:00,2026-09-08T14:18:00Z,draftkings,-2.5,-110,-110,-135.0,114.0,46.5,-110,-110,,,,,,,True,,,odds_api,free
2026_NFL_W04_DEN_SF_betus_20260908T141841Z,2026_NFL_W04_DEN_SF,2026-09-08T14:18:41.613823+00:00,2026-09-08T14:17:31Z,betus,-2.5,-110,-110,,,46.5,-110,-110,,,,,,,True,,,odds_api,free
2026_NFL_W04_KC_LV_draftkings_20260908T141841Z,2026_NFL_W04_KC_LV,2026-09-08T14:18:41.613823+00:00,2026-09-08T14:18:00Z,draftkings,5.5,-110,-110,205.0,-250.0,43.5,-110,-110,,,,,,,True,,,odds_api,free
2026_NFL_W04_LAC_SEA_draftkings_20260908T141841Z,2026_NFL_W04_LAC_SEA,2026-09-08T14:18:41.613823+00:00,2026-09-08T14:18:00Z,draftkings,-3.0,-115,-105,-175.0,145.0,45.5,-110,-110,,,,,,,True,,,odds_api,free
2026_NFL_W04_LAC_SEA_betus_20260908T141841Z,2026_NFL_W04_LAC_SEA,2026-09-08T14:18:41.613823+00:00,2026-09-08T14:17:31Z,betus,-3.0,-110,-110,,,45.5,-110,-110,,,,,,,True,,,odds_api,free
2026_NFL_W04_DET_CAR_draftkings_20260908T141841Z,2026_NFL_W04_DET_CAR,2026-09-08T14:18:41.613823+00:00,2026-09-08T14:18:00Z,draftkings,3.0,-110,-110,136.0,-162.0,47.5,-110,-110,,,,,,,True,,,odds_api,free
2026_NFL_W04_ATL_NO_draftkings_20260908T141841Z,2026_NFL_W04_ATL_NO,2026-09-08T14:18:41.613823+00:00,2026-09-08T14:18:00Z,draftkings,-2.5,-110,-110,-135.0,114.0,45.5,-115,-105,,,,,,,True,,,odds_api,free
2026_NFL_W04_ATL_NO_betus_20260908T141841Z,2026_NFL_W04_ATL_NO,2026-09-08T14:18:41.613823+00:00,2026-09-08T14:17:31Z,betus,-2.5,-110,-110,,,45.5,-110,-110,,,,,,,True,,,odds_api,free
2026_NFL_W04_PIT_CLE_draftkings_20260908T230438Z,2026_NFL_W04_PIT_CLE,2026-09-08T23:04:38.981862+00:00,2026-09-08T23:04:33Z,draftkings,2.5,-110,-110,114.0,-135.0,40.5,-110,-110,,,,,,,True,,,odds_api,free
2026_NFL_W04_IND_WAS_draftkings_20260908T230438Z,2026_NFL_W04_IND_WAS,2026-09-08T23:04:38.981862+00:00,2026-09-08T23:04:33Z,draftkings,-1.5,-105,-115,-118.0,-102.0,50.5,-110,-110,,,,,,,True,,,odds_api,free
2026_NFL_W04_IND_WAS_betus_20260908T230438Z,2026_NFL_W04_IND_WAS,2026-09-08T23:04:38.981862+00:00,2026-09-08T23:03:40Z,betus,-1.5,100,-120,,,48.5,-110,-110,,,,,,,True,,,odds_api,free
2026_NFL_W04_ARI_NYG_draftkings_20260908T230438Z,2026_NFL_W04_ARI_NYG,2026-09-08T23:04:38.981862+00:00,2026-09-08T23:04:33Z,draftkings,-7.0,-110,-110,-325.0,260.0,45.5,-110,-110,,,,,,,True,,,odds_api,free
2026_NFL_W04_ARI_NYG_betus_20260908T230438Z,2026_NFL_W04_ARI_NYG,2026-09-08T23:04:38.981862+00:00,2026-09-08T23:03:40Z,betus,-7.0,-110,-110,,,45.5,-110,-110,,,,,,,True,,,odds_api,free
2026_NFL_W04_TEN_BAL_draftkings_20260908T230438Z,2026_NFL_W04_TEN_BAL,2026-09-08T23:04:38.981862+00:00,2026-09-08T23:04:33Z,draftkings,-8.5,-110,-110,-395.0,310.0,47.5,-110,-110,,,,,,,True,,,odds_api,free
2026_NFL_W04_TEN_BAL_betus_20260908T230438Z,2026_NFL_W04_TEN_BAL,2026-09-08T23:04:38.981862+00:00,2026-09-08T23:03:40Z,betus,-8.5,-110,-110,,,47.5,-110,-110,,,,,,,True,,,odds_api,free
2026_NFL_W04_NE_BUF_draftkings_20260908T230438Z,2026_NFL_W04_NE_BUF,2026-09-08T23:04:38.981862+00:00,2026-09-08T23:04:33Z,draftkings,-3.0,-110,-110,-162.0,136.0,49.5,-110,-110,,,,,,,True,,,odds_api,free
2026_NFL_W04_NYJ_CHI_draftkings_20260908T230438Z,2026_NFL_W04_NYJ_CHI,2026-09-08T23:04:38.981862+00:00,2026-09-08T23:04:33Z,draftkings,-8.5,-110,-110,-425.0,330.0,45.5,-110,-110,,,,,,,True,,,odds_api,free
2026_NFL_W04_JAX_CIN_draftkings_20260908T230438Z,2026_NFL_W04_JAX_CIN,2026-09-08T23:04:38.981862+00:00,2026-09-08T23:04:33Z,draftkings,-2.5,-110,-110,-135.0,114.0,51.5,-110,-110,,,,,,,True,,,odds_api,free
2026_NFL_W04_JAX_CIN_betus_20260908T230438Z,2026_NFL_W04_JAX_CIN,2026-09-08T23:04:38.981862+00:00,2026-09-08T23:03:40Z,betus,-2.5,-110,-110,,,51.5,-110,-110,,,,,,,True,,,odds_api,free
2026_NFL_W04_DAL_HOU_draftkings_20260908T230438Z,2026_NFL_W04_DAL_HOU,2026-09-08T23:04:38.981862+00:00,2026-09-08T23:04:33Z,draftkings,-2.5,-110,-110,-135.0,114.0,47.5,-110,-110,,,,,,,True,,,odds_api,free
2026_NFL_W04_DAL_HOU_betus_20260908T230438Z,2026_NFL_W04_DAL_HOU,2026-09-08T23:04:38.981862+00:00,2026-09-08T23:03:40Z,betus,-2.5,-110,-110,,,47.5,-110,-110,,,,,,,True,,,odds_api,free
2026_NFL_W04_GB_TB_draftkings_20260908T230438Z,2026_NFL_W04_GB_TB,2026-09-08T23:04:38.981862+00:00,2026-09-08T23:04:33Z,draftkings,1.5,-110,-110,105.0,-125.0,47.5,-110,-110,,,,,,,True,,,odds_api,free
2026_NFL_W04_GB_TB_betus_20260908T230438Z,2026_NFL_W04_GB_TB,2026-09-08T23:04:38.981862+00:00,2026-09-08T23:03:40Z,betus,1.5,-110,-110,,,47.5,-110,-110,,,,,,,True,,,odds_api,free
2026_NFL_W04_LAR_PHI_draftkings_20260908T230438Z,2026_NFL_W04_LAR_PHI,2026-09-08T23:04:38.981862+00:00,2026-09-08T23:04:33Z,draftkings,1.5,-110,-110,102.0,-122.0,47.5,-110,-110,,,,,,,True,,,odds_api,free
2026_NFL_W04_MIA_MIN_draftkings_20260908T230438Z,2026_NFL_W04_MIA_MIN,2026-09-08T23:04:38.981862+00:00,2026-09-08T23:04:33Z,draftkings,-7.5,-110,-110,-410.0,320.0,43.5,-110,-110,,,,,,,True,,,odds_api,free
2026_NFL_W04_MIA_MIN_betus_20260908T230438Z,2026_NFL_W04_MIA_MIN,2026-09-08T23:04:38.981862+00:00,2026-09-08T23:03:40Z,betus,-7.5,-110,-110,,,43.5,-110,-110,,,,,,,True,,,odds_api,free
2026_NFL_W04_DEN_SF_draftkings_20260908T230438Z,2026_NFL_W04_DEN_SF,2026-09-08T23:04:38.981862+00:00,2026-09-08T23:04:33Z,draftkings,-2.5,-110,-110,-135.0,114.0,46.5,-110,-110,,,,,,,True,,,odds_api,free
2026_NFL_W04_DEN_SF_betus_20260908T230438Z,2026_NFL_W04_DEN_SF,2026-09-08T23:04:38.981862+00:00,2026-09-08T23:03:40Z,betus,-2.5,-110,-110,,,46.5,-110,-110,,,,,,,True,,,odds_api,free
2026_NFL_W04_KC_LV_draftkings_20260908T230438Z,2026_NFL_W04_KC_LV,2026-09-08T23:04:38.981862+00:00,2026-09-08T23:04:33Z,draftkings,5.5,-110,-110,205.0,-250.0,43.5,-110,-110,,,,,,,True,,,odds_api,free
2026_NFL_W04_LAC_SEA_draftkings_20260908T230438Z,2026_NFL_W04_LAC_SEA,2026-09-08T23:04:38.981862+00:00,2026-09-08T23:04:33Z,draftkings,-3.0,-115,-105,-175.0,145.0,45.5,-110,-110,,,,,,,True,,,odds_api,free
2026_NFL_W04_LAC_SEA_betus_20260908T230438Z,2026_NFL_W04_LAC_SEA,2026-09-08T23:04:38.981862+00:00,2026-09-08T23:03:40Z,betus,-3.0,-110,-110,,,45.5,-110,-110,,,,,,,True,,,odds_api,free
2026_NFL_W04_DET_CAR_draftkings_20260908T230438Z,2026_NFL_W04_DET_CAR,2026-09-08T23:04:38.981862+00:00,2026-09-08T23:04:33Z,draftkings,3.0,-110,-110,136.0,-162.0,47.5,-110,-110,,,,,,,True,,,odds_api,free
2026_NFL_W04_ATL_NO_draftkings_20260908T230438Z,2026_NFL_W04_ATL_NO,2026-09-08T23:04:38.981862+00:00,2026-09-08T23:04:33Z,draftkings,-2.5,-110,-110,-135.0,114.0,45.5,-115,-105,,,,,,,True,,,odds_api,free
2026_NFL_W04_ATL_NO_betus_20260908T230438Z,2026_NFL_W04_ATL_NO,2026-09-08T23:04:38.981862+00:00,2026-09-08T23:03:40Z,betus,-2.5,-110,-110,,,45.5,-110,-110,,,,,,,True,,,odds_api,free
2026_NFL_W04_PIT_CLE_draftkings_20260909T141640Z,2026_NFL_W04_PIT_CLE,2026-09-09T14:16:40.109976+00:00,2026-09-09T14:16:35Z,draftkings,2.5,-110,-110,114.0,-135.0,40.5,-110,-110,,,,,,,True,,,odds_api,free
2026_NFL_W04_IND_WAS_draftkings_20260909T141640Z,2026_NFL_W04_IND_WAS,2026-09-09T14:16:40.109976+00:00,2026-09-09T14:16:35Z,draftkings,-1.5,-105,-115,-118.0,-102.0,50.5,-110,-110,,,,,,,True,,,odds_api,free
2026_NFL_W04_IND_WAS_betus_20260909T141640Z,2026_NFL_W04_IND_WAS,2026-09-09T14:16:40.109976+00:00,2026-09-09T14:16:36Z,betus,-1.5,100,-120,,,48.5,-110,-110,,,,,,,True,,,odds_api,free
2026_NFL_W04_ARI_NYG_draftkings_20260909T141640Z,2026_NFL_W04_ARI_NYG,2026-09-09T14:16:40.109976+00:00,2026-09-09T14:16:35Z,draftkings,-7.0,-110,-110,-325.0,260.0,45.5,-110,-110,,,,,,,True,,,odds_api,free
2026_NFL_W04_ARI_NYG_betus_20260909T141640Z,2026_NFL_W04_ARI_NYG,2026-09-09T14:16:40.109976+00:00,2026-09-09T14:16:36Z,betus,-7.0,-110,-110,,,45.5,-110,-110,,,,,,,True,,,odds_api,free
2026_NFL_W04_TEN_BAL_draftkings_20260909T141640Z,2026_NFL_W04_TEN_BAL,2026-09-09T14:16:40.109976+00:00,2026-09-09T14:16:35Z,draftkings,-8.5,-110,-110,-395.0,310.0,47.5,-110,-110,,,,,,,True,,,odds_api,free
2026_NFL_W04_TEN_BAL_betus_20260909T141640Z,2026_NFL_W04_TEN_BAL,2026-09-09T14:16:40.109976+00:00,2026-09-09T14:16:36Z,betus,-8.5,-110,-110,,,47.5,-110,-110,,,,,,,True,,,odds_api,free
2026_NFL_W04_NE_BUF_draftkings_20260909T141640Z,2026_NFL_W04_NE_BUF,2026-09-09T14:16:40.109976+00:00,2026-09-09T14:16:35Z,draftkings,-3.0,-110,-110,-162.0,136.0,49.5,-110,-110,,,,,,,True,,,odds_api,free
2026_NFL_W04_NYJ_CHI_draftkings_20260909T141640Z,2026_NFL_W04_NYJ_CHI,2026-09-09T14:16:40.109976+00:00,2026-09-09T14:16:35Z,draftkings,-8.5,-110,-110,-425.0,330.0,45.5,-110,-110,,,,,,,True,,,odds_api,free
2026_NFL_W04_JAX_CIN_draftkings_20260909T141640Z,2026_NFL_W04_JAX_CIN,2026-09-09T14:16:40.109976+00:00,2026-09-09T14:16:35Z,draftkings,-2.5,-110,-110,-135.0,114.0,51.5,-110,-110,,,,,,,True,,,odds_api,free
2026_NFL_W04_JAX_CIN_betus_20260909T141640Z,2026_NFL_W04_JAX_CIN,2026-09-09T14:16:40.109976+00:00,2026-09-09T14:16:36Z,betus,-2.5,-110,-110,,,51.5,-110,-110,,,,,,,True,,,odds_api,free
2026_NFL_W04_DAL_HOU_draftkings_20260909T141640Z,2026_NFL_W04_DAL_HOU,2026-09-09T14:16:40.109976+00:00,2026-09-09T14:16:35Z,draftkings,-2.5,-110,-110,-135.0,114.0,47.5,-110,-110,,,,,,,True,,,odds_api,free
2026_NFL_W04_DAL_HOU_betus_20260909T141640Z,2026_NFL_W04_DAL_HOU,2026-09-09T14:16:40.109976+00:00,2026-09-09T14:16:36Z,betus,-2.5,-110,-110,,,47.5,-110,-110,,,,,,,True,,,odds_api,free
2026_NFL_W04_GB_TB_draftkings_20260909T141640Z,2026_NFL_W04_GB_TB,2026-09-09T14:16:40.109976+00:00,2026-09-09T14:16:35Z,draftkings,1.5,-110,-110,105.0,-125.0,47.5,-110,-110,,,,,,,True,,,odds_api,free
2026_NFL_W04_GB_TB_betus_20260909T141640Z,2026_NFL_W04_GB_TB,2026-09-09T14:16:40.109976+00:00,2026-09-09T14:16:36Z,betus,1.5,-110,-110,,,47.5,-110,-110,,,,,,,True,,,odds_api,free
2026_NFL_W04_LAR_PHI_draftkings_20260909T141640Z,2026_NFL_W04_LAR_PHI,2026-09-09T14:16:40.109976+00:00,2026-09-09T14:16:35Z,draftkings,1.5,-110,-110,105.0,-125.0,47.5,-110,-110,,,,,,,True,,,odds_api,free
2026_NFL_W04_MIA_MIN_draftkings_20260909T141640Z,2026_NFL_W04_MIA_MIN,2026-09-09T14:16:40.109976+00:00,2026-09-09T14:16:35Z,draftkings,-7.5,-110,-110,-410.0,320.0,43.5,-110,-110,,,,,,,True,,,odds_api,free
2026_NFL_W04_MIA_MIN_betus_20260909T141640Z,2026_NFL_W04_MIA_MIN,2026-09-09T14:16:40.109976+00:00,2026-09-09T14:16:36Z,betus,-7.5,-110,-110,,,43.5,-110,-110,,,,,,,True,,,odds_api,free
2026_NFL_W04_DEN_SF_draftkings_20260909T141640Z,2026_NFL_W04_DEN_SF,2026-09-09T14:16:40.109976+00:00,2026-09-09T14:16:35Z,draftkings,-2.5,-110,-110,-135.0,114.0,46.5,-110,-110,,,,,,,True,,,odds_api,free
2026_NFL_W04_DEN_SF_betus_20260909T141640Z,2026_NFL_W04_DEN_SF,2026-09-09T14:16:40.109976+00:00,2026-09-09T14:16:36Z,betus,-2.5,-110,-110,,,46.5,-110,-110,,,,,,,True,,,odds_api,free
2026_NFL_W04_KC_LV_draftkings_20260909T141640Z,2026_NFL_W04_KC_LV,2026-09-09T14:16:40.109976+00:00,2026-09-09T14:16:35Z,draftkings,5.5,-110,-110,205.0,-250.0,43.5,-110,-110,,,,,,,True,,,odds_api,free
2026_NFL_W04_LAC_SEA_draftkings_20260909T141640Z,2026_NFL_W04_LAC_SEA,2026-09-09T14:16:40.109976+00:00,2026-09-09T14:16:35Z,draftkings,-3.0,-115,-105,-175.0,145.0,45.5,-110,-110,,,,,,,True,,,odds_api,free
2026_NFL_W04_LAC_SEA_betus_20260909T141640Z,2026_NFL_W04_LAC_SEA,2026-09-09T14:16:40.109976+00:00,2026-09-09T14:16:36Z,betus,-3.0,-110,-110,,,45.5,-110,-110,,,,,,,True,,,odds_api,free
2026_NFL_W04_DET_CAR_draftkings_20260909T141640Z,2026_NFL_W04_DET_CAR,2026-09-09T14:16:40.109976+00:00,2026-09-09T14:16:35Z,draftkings,3.0,-110,-110,136.0,-162.0,47.5,-110,-110,,,,,,,True,,,odds_api,free
2026_NFL_W04_ATL_NO_draftkings_20260909T141640Z,2026_NFL_W04_ATL_NO,2026-09-09T14:16:40.109976+00:00,2026-09-09T14:16:35Z,draftkings,-2.5,-110,-110,-135.0,114.0,45.5,-115,-105,,,,,,,True,,,odds_api,free
2026_NFL_W04_ATL_NO_betus_20260909T141640Z,2026_NFL_W04_ATL_NO,2026-09-09T14:16:40.109976+00:00,2026-09-09T14:16:36Z,betus,-2.5,-110,-110,,,45.5,-110,-110,,,,,,,True,,,odds_api,free
2026_NFL_W04_PIT_CLE_draftkings_20260909T230417Z,2026_NFL_W04_PIT_CLE,2026-09-09T23:04:17.229727+00:00,2026-09-09T23:03:51Z,draftkings,2.5,-110,-110,114.0,-135.0,40.5,-110,-110,,,,,,,True,,,odds_api,free
2026_NFL_W04_IND_WAS_draftkings_20260909T230417Z,2026_NFL_W04_IND_WAS,2026-09-09T23:04:17.229727+00:00,2026-09-09T23:03:51Z,draftkings,-1.5,-105,-115,-118.0,-102.0,50.5,-110,-110,,,,,,,True,,,odds_api,free
2026_NFL_W04_IND_WAS_betus_20260909T230417Z,2026_NFL_W04_IND_WAS,2026-09-09T23:04:17.229727+00:00,2026-09-09T23:03:02Z,betus,-1.5,100,-120,,,48.5,-110,-110,,,,,,,True,,,odds_api,free
2026_NFL_W04_ARI_NYG_draftkings_20260909T230417Z,2026_NFL_W04_ARI_NYG,2026-09-09T23:04:17.229727+00:00,2026-09-09T23:03:51Z,draftkings,-7.0,-110,-110,-325.0,260.0,45.5,-110,-110,,,,,,,True,,,odds_api,free
2026_NFL_W04_ARI_NYG_betus_20260909T230417Z,2026_NFL_W04_ARI_NYG,2026-09-09T23:04:17.229727+00:00,2026-09-09T23:03:02Z,betus,-7.0,-110,-110,,,45.5,-110,-110,,,,,,,True,,,odds_api,free
2026_NFL_W04_TEN_BAL_draftkings_20260909T230417Z,2026_NFL_W04_TEN_BAL,2026-09-09T23:04:17.229727+00:00,2026-09-09T23:03:51Z,draftkings,-8.5,-110,-110,-380.0,300.0,47.5,-110,-110,,,,,,,True,,,odds_api,free
2026_NFL_W04_TEN_BAL_betus_20260909T230417Z,2026_NFL_W04_TEN_BAL,2026-09-09T23:04:17.229727+00:00,2026-09-09T23:03:02Z,betus,-8.5,-110,-110,,,47.5,-110,-110,,,,,,,True,,,odds_api,free
2026_NFL_W04_NE_BUF_draftkings_20260909T230417Z,2026_NFL_W04_NE_BUF,2026-09-09T23:04:17.229727+00:00,2026-09-09T23:03:51Z,draftkings,-3.0,-110,-110,-162.0,136.0,49.5,-110,-110,,,,,,,True,,,odds_api,free
2026_NFL_W04_NYJ_CHI_draftkings_20260909T230417Z,2026_NFL_W04_NYJ_CHI,2026-09-09T23:04:17.229727+00:00,2026-09-09T23:03:51Z,draftkings,-8.5,-110,-110,-425.0,330.0,45.5,-110,-110,,,,,,,True,,,odds_api,free
2026_NFL_W04_JAX_CIN_draftkings_20260909T230417Z,2026_NFL_W04_JAX_CIN,2026-09-09T23:04:17.229727+00:00,2026-09-09T23:03:51Z,draftkings,-2.5,-110,-110,-135.0,114.0,51.5,-110,-110,,,,,,,True,,,odds_api,free
2026_NFL_W04_JAX_CIN_betus_20260909T230417Z,2026_NFL_W04_JAX_CIN,2026-09-09T23:04:17.229727+00:00,2026-09-09T23:03:02Z,betus,-2.5,-110,-110,,,51.5,-110,-110,,,,,,,True,,,odds_api,free
2026_NFL_W04_DAL_HOU_draftkings_20260909T230417Z,2026_NFL_W04_DAL_HOU,2026-09-09T23:04:17.229727+00:00,2026-09-09T23:03:51Z,draftkings,-2.5,-110,-110,-135.0,114.0,47.5,-110,-110,,,,,,,True,,,odds_api,free
2026_NFL_W04_DAL_HOU_betus_20260909T230417Z,2026_NFL_W04_DAL_HOU,2026-09-09T23:04:17.229727+00:00,2026-09-09T23:03:02Z,betus,-2.5,-110,-110,,,47.5,-110,-110,,,,,,,True,,,odds_api,free
2026_NFL_W04_GB_TB_draftkings_20260909T230417Z,2026_NFL_W04_GB_TB,2026-09-09T23:04:17.229727+00:00,2026-09-09T23:03:51Z,draftkings,1.5,-110,-110,105.0,-125.0,47.5,-110,-110,,,,,,,True,,,odds_api,free
2026_NFL_W04_GB_TB_betus_20260909T230417Z,2026_NFL_W04_GB_TB,2026-09-09T23:04:17.229727+00:00,2026-09-09T23:03:02Z,betus,1.5,-110,-110,,,47.5,-110,-110,,,,,,,True,,,odds_api,free
2026_NFL_W04_LAR_PHI_draftkings_20260909T230417Z,2026_NFL_W04_LAR_PHI,2026-09-09T23:04:17.229727+00:00,2026-09-09T23:03:51Z,draftkings,1.5,-110,-110,105.0,-125.0,47.5,-110,-110,,,,,,,True,,,odds_api,free
2026_NFL_W04_MIA_MIN_draftkings_20260909T230417Z,2026_NFL_W04_MIA_MIN,2026-09-09T23:04:17.229727+00:00,2026-09-09T23:03:51Z,draftkings,-7.5,-110,-110,-410.0,320.0,43.5,-110,-110,,,,,,,True,,,odds_api,free
2026_NFL_W04_MIA_MIN_betus_20260909T230417Z,2026_NFL_W04_MIA_MIN,2026-09-09T23:04:17.229727+00:00,2026-09-09T23:03:02Z,betus,-7.5,-110,-110,,,43.5,-110,-110,,,,,,,True,,,odds_api,free
2026_NFL_W04_DEN_SF_draftkings_20260909T230417Z,2026_NFL_W04_DEN_SF,2026-09-09T23:04:17.229727+00:00,2026-09-09T23:03:51Z,draftkings,-2.5,-110,-110,-135.0,114.0,46.5,-110,-110,,,,,,,True,,,odds_api,free
2026_NFL_W04_DEN_SF_betus_20260909T230417Z,2026_NFL_W04_DEN_SF,2026-09-09T23:04:17.229727+00:00,2026-09-09T23:03:02Z,betus,-2.5,-110,-110,,,46.5,-110,-110,,,,,,,True,,,odds_api,free
2026_NFL_W04_KC_LV_draftkings_20260909T230417Z,2026_NFL_W04_KC_LV,2026-09-09T23:04:17.229727+00:00,2026-09-09T23:03:51Z,draftkings,5.5,-110,-110,205.0,-250.0,43.5,-110,-110,,,,,,,True,,,odds_api,free
2026_NFL_W04_LAC_SEA_draftkings_20260909T230417Z,2026_NFL_W04_LAC_SEA,2026-09-09T23:04:17.229727+00:00,2026-09-09T23:03:51Z,draftkings,-3.0,-115,-105,-175.0,145.0,45.5,-110,-110,,,,,,,True,,,odds_api,free
2026_NFL_W04_LAC_SEA_betus_20260909T230417Z,2026_NFL_W04_LAC_SEA,2026-09-09T23:04:17.229727+00:00,2026-09-09T23:03:02Z,betus,-3.0,-110,-110,,,45.5,-110,-110,,,,,,,True,,,odds_api,free
2026_NFL_W04_DET_CAR_draftkings_20260909T230417Z,2026_NFL_W04_DET_CAR,2026-09-09T23:04:17.229727+00:00,2026-09-09T23:03:51Z,draftkings,3.0,-110,-110,136.0,-162.0,47.5,-110,-110,,,,,,,True,,,odds_api,free
2026_NFL_W04_ATL_NO_draftkings_20260909T230417Z,2026_NFL_W04_ATL_NO,2026-09-09T23:04:17.229727+00:00,2026-09-09T23:03:51Z,draftkings,-2.5,-110,-110,-142.0,120.0,45.5,-115,-105,,,,,,,True,,,odds_api,free
2026_NFL_W04_ATL_NO_betus_20260909T230417Z,2026_NFL_W04_ATL_NO,2026-09-09T23:04:17.229727+00:00,2026-09-09T23:03:02Z,betus,-2.5,-110,-110,,,45.5,-110,-110,,,,,,,True,,,odds_api,free
2026_NFL_W04_PIT_CLE_draftkings_20260910T141608Z,2026_NFL_W04_PIT_CLE,2026-09-10T14:16:08.007204+00:00,2026-09-10T14:14:09Z,draftkings,2.5,-110.0,-110.0,114.0,-135.0,40.5,-110,-110,,,,,,,True,,,odds_api,free
2026_NFL_W04_IND_WAS_draftkings_20260910T141608Z,2026_NFL_W04_IND_WAS,2026-09-10T14:16:08.007204+00:00,2026-09-10T14:14:09Z,draftkings,-1.5,-105.0,-115.0,-118.0,-102.0,50.5,-110,-110,,,,,,,True,,,odds_api,free
2026_NFL_W04_IND_WAS_betus_20260910T141608Z,2026_NFL_W04_IND_WAS,2026-09-10T14:16:08.007204+00:00,2026-09-10T14:15:01Z,betus,-1.5,100.0,-120.0,,,48.5,-110,-110,,,,,,,True,,,odds_api,free
2026_NFL_W04_ARI_NYG_draftkings_20260910T141608Z,2026_NFL_W04_ARI_NYG,2026-09-10T14:16:08.007204+00:00,2026-09-10T14:14:09Z,draftkings,-7.0,-110.0,-110.0,-325.0,260.0,45.5,-110,-110,,,,,,,True,,,odds_api,free
2026_NFL_W04_ARI_NYG_betus_20260910T141608Z,2026_NFL_W04_ARI_NYG,2026-09-10T14:16:08.007204+00:00,2026-09-10T14:15:01Z,betus,-7.0,-110.0,-110.0,,,45.5,-110,-110,,,,,,,True,,,odds_api,free
2026_NFL_W04_TEN_BAL_draftkings_20260910T141608Z,2026_NFL_W04_TEN_BAL,2026-09-10T14:16:08.007204+00:00,2026-09-10T14:14:09Z,draftkings,-8.5,-110.0,-110.0,-380.0,300.0,47.5,-110,-110,,,,,,,True,,,odds_api,free
2026_NFL_W04_TEN_BAL_betus_20260910T141608Z,2026_NFL_W04_TEN_BAL,2026-09-10T14:16:08.007204+00:00,2026-09-10T14:15:01Z,betus,-8.5,-110.0,-110.0,,,47.5,-110,-110,,,,,,,True,,,odds_api,free
2026_NFL_W04_NYJ_CHI_draftkings_20260910T141608Z,2026_NFL_W04_NYJ_CHI,2026-09-10T14:16:08.007204+00:00,2026-09-10T14:14:09Z,draftkings,-8.5,-110.0,-110.0,-425.0,330.0,45.5,-110,-110,,,,,,,True,,,odds_api,free
2026_NFL_W04_JAX_CIN_draftkings_20260910T141608Z,2026_NFL_W04_JAX_CIN,2026-09-10T14:16:08.007204+00:00,2026-09-10T14:14:09Z,draftkings,-2.5,-110.0,-110.0,-135.0,114.0,51.5,-110,-110,,,,,,,True,,,odds_api,free
2026_NFL_W04_JAX_CIN_betus_20260910T141608Z,2026_NFL_W04_JAX_CIN,2026-09-10T14:16:08.007204+00:00,2026-09-10T14:15:01Z,betus,-2.5,-110.0,-110.0,,,51.5,-110,-110,,,,,,,True,,,odds_api,free
2026_NFL_W04_DAL_HOU_draftkings_20260910T141608Z,2026_NFL_W04_DAL_HOU,2026-09-10T14:16:08.007204+00:00,2026-09-10T14:14:09Z,draftkings,-2.5,-110.0,-110.0,-135.0,114.0,47.5,-110,-110,,,,,,,True,,,odds_api,free
2026_NFL_W04_DAL_HOU_betus_20260910T141608Z,2026_NFL_W04_DAL_HOU,2026-09-10T14:16:08.007204+00:00,2026-09-10T14:15:01Z,betus,-2.5,-110.0,-110.0,,,47.5,-110,-110,,,,,,,True,,,odds_api,free
2026_NFL_W04_GB_TB_draftkings_20260910T141608Z,2026_NFL_W04_GB_TB,2026-09-10T14:16:08.007204+00:00,2026-09-10T14:14:09Z,draftkings,1.5,-110.0,-110.0,105.0,-125.0,47.5,-110,-110,,,,,,,True,,,odds_api,free
2026_NFL_W04_GB_TB_betus_20260910T141608Z,2026_NFL_W04_GB_TB,2026-09-10T14:16:08.007204+00:00,2026-09-10T14:15:01Z,betus,1.5,-110.0,-110.0,,,47.5,-110,-110,,,,,,,True,,,odds_api,free
2026_NFL_W04_LAR_PHI_draftkings_20260910T141608Z,2026_NFL_W04_LAR_PHI,2026-09-10T14:16:08.007204+00:00,2026-09-10T14:14:09Z,draftkings,1.5,-110.0,-110.0,105.0,-125.0,47.5,-110,-110,,,,,,,True,,,odds_api,free
2026_NFL_W04_MIA_MIN_draftkings_20260910T141608Z,2026_NFL_W04_MIA_MIN,2026-09-10T14:16:08.007204+00:00,2026-09-10T14:14:09Z,draftkings,-7.5,-110.0,-110.0,-395.0,310.0,43.5,-110,-110,,,,,,,True,,,odds_api,free
2026_NFL_W04_MIA_MIN_betus_20260910T141608Z,2026_NFL_W04_MIA_MIN,2026-09-10T14:16:08.007204+00:00,2026-09-10T14:15:01Z,betus,-7.5,-110.0,-110.0,,,43.5,-110,-110,,,,,,,True,,,odds_api,free
2026_NFL_W04_DEN_SF_draftkings_20260910T141608Z,2026_NFL_W04_DEN_SF,2026-09-10T14:16:08.007204+00:00,2026-09-10T14:14:09Z,draftkings,-2.5,-110.0,-110.0,-142.0,120.0,46.5,-110,-110,,,,,,,True,,,odds_api,free
2026_NFL_W04_DEN_SF_betus_20260910T141608Z,2026_NFL_W04_DEN_SF,2026-09-10T14:16:08.007204+00:00,2026-09-10T14:15:01Z,betus,-2.5,-110.0,-110.0,,,46.5,-110,-110,,,,,,,True,,,odds_api,free
2026_NFL_W04_KC_LV_draftkings_20260910T141608Z,2026_NFL_W04_KC_LV,2026-09-10T14:16:08.007204+00:00,2026-09-10T14:14:09Z,draftkings,5.5,-110.0,-110.0,205.0,-250.0,43.5,-110,-110,,,,,,,True,,,odds_api,free
2026_NFL_W04_DET_CAR_draftkings_20260910T141608Z,2026_NFL_W04_DET_CAR,2026-09-10T14:16:08.007204+00:00,2026-09-10T14:14:09Z,draftkings,3.0,-110.0,-110.0,136.0,-162.0,47.5,-110,-110,,,,,,,True,,,odds_api,free
2026_NFL_W04_ATL_NO_draftkings_20260910T141608Z,2026_NFL_W04_ATL_NO,2026-09-10T14:16:08.007204+00:00,2026-09-10T14:14:09Z,draftkings,-2.5,-110.0,-110.0,-142.0,120.0,45.5,-115,-105,,,,,,,True,,,odds_api,free
2026_NFL_W04_ATL_NO_betus_20260910T141608Z,2026_NFL_W04_ATL_NO,2026-09-10T14:16:08.007204+00:00,2026-09-10T14:15:01Z,betus,-2.5,-110.0,-110.0,,,45.5,-110,-110,,,,,,,True,,,odds_api,free
2026_NFL_W04_PIT_CLE_draftkings_20260910T191301Z,2026_NFL_W04_PIT_CLE,2026-09-10T19:13:01.763404+00:00,2026-09-10T19:13:01Z,draftkings,2.5,-110,-110,114.0,-135.0,40.5,-110,-110,,,,,,,True,,,odds_api,free
2026_NFL_W04_IND_WAS_draftkings_20260910T191301Z,2026_NFL_W04_IND_WAS,2026-09-10T19:13:01.763404+00:00,2026-09-10T19:13:01Z,draftkings,-1.5,-105,-115,-118.0,-102.0,50.5,-110,-110,,,,,,,True,,,odds_api,free
2026_NFL_W04_IND_WAS_betus_20260910T191301Z,2026_NFL_W04_IND_WAS,2026-09-10T19:13:01.763404+00:00,2026-09-10T19:12:17Z,betus,-1.5,100,-120,,,48.5,-110,-110,,,,,,,True,,,odds_api,free
2026_NFL_W04_ARI_NYG_draftkings_20260910T191301Z,2026_NFL_W04_ARI_NYG,2026-09-10T19:13:01.763404+00:00,2026-09-10T19:13:01Z,draftkings,-7.0,-110,-110,-325.0,260.0,45.5,-110,-110,,,,,,,True,,,odds_api,free
2026_NFL_W04_ARI_NYG_betus_20260910T191301Z,2026_NFL_W04_ARI_NYG,2026-09-10T19:13:01.763404+00:00,2026-09-10T19:12:17Z,betus,-7.0,-110,-110,,,45.5,-110,-110,,,,,,,True,,,odds_api,free
2026_NFL_W04_TEN_BAL_draftkings_20260910T191301Z,2026_NFL_W04_TEN_BAL,2026-09-10T19:13:01.763404+00:00,2026-09-10T19:13:01Z,draftkings,-8.5,-110,-110,-380.0,300.0,47.5,-110,-110,,,,,,,True,,,odds_api,free
2026_NFL_W04_TEN_BAL_betus_20260910T191301Z,2026_NFL_W04_TEN_BAL,2026-09-10T19:13:01.763404+00:00,2026-09-10T19:12:17Z,betus,-8.5,-110,-110,,,47.5,-110,-110,,,,,,,True,,,odds_api,free
2026_NFL_W04_NYJ_CHI_draftkings_20260910T191301Z,2026_NFL_W04_NYJ_CHI,2026-09-10T19:13:01.763404+00:00,2026-09-10T19:13:01Z,draftkings,-8.5,-110,-110,-425.0,330.0,45.5,-110,-110,,,,,,,True,,,odds_api,free
2026_NFL_W04_JAX_CIN_draftkings_20260910T191301Z,2026_NFL_W04_JAX_CIN,2026-09-10T19:13:01.763404+00:00,2026-09-10T19:13:01Z,draftkings,-2.5,-110,-110,-135.0,114.0,51.5,-110,-110,,,,,,,True,,,odds_api,free
2026_NFL_W04_JAX_CIN_betus_20260910T191301Z,2026_NFL_W04_JAX_CIN,2026-09-10T19:13:01.763404+00:00,2026-09-10T19:12:17Z,betus,-2.5,-110,-110,,,51.5,-110,-110,,,,,,,True,,,odds_api,free
2026_NFL_W04_DAL_HOU_draftkings_20260910T191301Z,2026_NFL_W04_DAL_HOU,2026-09-10T19:13:01.763404+00:00,2026-09-10T19:13:01Z,draftkings,-2.5,-110,-110,-135.0,114.0,47.5,-110,-110,,,,,,,True,,,odds_api,free
2026_NFL_W04_DAL_HOU_betus_20260910T191301Z,2026_NFL_W04_DAL_HOU,2026-09-10T19:13:01.763404+00:00,2026-09-10T19:12:17Z,betus,-2.5,-110,-110,,,47.5,-110,-110,,,,,,,True,,,odds_api,free
2026_NFL_W04_GB_TB_draftkings_20260910T191301Z,2026_NFL_W04_GB_TB,2026-09-10T19:13:01.763404+00:00,2026-09-10T19:13:01Z,draftkings,1.5,-110,-110,105.0,-125.0,47.5,-110,-110,,,,,,,True,,,odds_api,free
2026_NFL_W04_GB_TB_betus_20260910T191301Z,2026_NFL_W04_GB_TB,2026-09-10T19:13:01.763404+00:00,2026-09-10T19:12:17Z,betus,1.5,-110,-110,,,47.5,-110,-110,,,,,,,True,,,odds_api,free
2026_NFL_W04_LAR_PHI_draftkings_20260910T191301Z,2026_NFL_W04_LAR_PHI,2026-09-10T19:13:01.763404+00:00,2026-09-10T19:13:01Z,draftkings,1.5,-110,-110,105.0,-125.0,47.5,-110,-110,,,,,,,True,,,odds_api,free
2026_NFL_W04_MIA_MIN_draftkings_20260910T191301Z,2026_NFL_W04_MIA_MIN,2026-09-10T19:13:01.763404+00:00,2026-09-10T19:13:01Z,draftkings,-7.5,-110,-110,-395.0,310.0,43.5,-110,-110,,,,,,,True,,,odds_api,free
2026_NFL_W04_MIA_MIN_betus_20260910T191301Z,2026_NFL_W04_MIA_MIN,2026-09-10T19:13:01.763404+00:00,2026-09-10T19:12:17Z,betus,-7.5,-110,-110,,,43.5,-110,-110,,,,,,,True,,,odds_api,free
2026_NFL_W04_DEN_SF_draftkings_20260910T191301Z,2026_NFL_W04_DEN_SF,2026-09-10T19:13:01.763404+00:00,2026-09-10T19:13:01Z,draftkings,-2.5,-110,-110,-142.0,120.0,46.5,-110,-110,,,,,,,True,,,odds_api,free
2026_NFL_W04_DEN_SF_betus_20260910T191301Z,2026_NFL_W04_DEN_SF,2026-09-10T19:13:01.763404+00:00,2026-09-10T19:12:17Z,betus,-2.5,-110,-110,,,46.5,-110,-110,,,,,,,True,,,odds_api,free
2026_NFL_W04_KC_LV_draftkings_20260910T191301Z,2026_NFL_W04_KC_LV,2026-09-10T19:13:01.763404+00:00,2026-09-10T19:13:01Z,draftkings,5.5,-110,-110,205.0,-250.0,43.5,-110,-110,,,,,,,True,,,odds_api,free
2026_NFL_W04_DET_CAR_draftkings_20260910T191301Z,2026_NFL_W04_DET_CAR,2026-09-10T19:13:01.763404+00:00,2026-09-10T19:13:01Z,draftkings,3.0,-110,-110,136.0,-162.0,47.5,-110,-110,,,,,,,True,,,odds_api,free
2026_NFL_W04_ATL_NO_draftkings_20260910T191301Z,2026_NFL_W04_ATL_NO,2026-09-10T19:13:01.763404+00:00,2026-09-10T19:13:01Z,draftkings,-2.5,-110,-110,-135.0,114.0,45.5,-115,-105,,,,,,,True,,,odds_api,free
2026_NFL_W04_ATL_NO_betus_20260910T191301Z,2026_NFL_W04_ATL_NO,2026-09-10T19:13:01.763404+00:00,2026-09-10T19:12:17Z,betus,-2.5,-110,-110,,,45.5,-110,-110,,,,,,,True,,,odds_api,free
2026_NFL_W04_PIT_CLE_draftkings_20260910T201307Z,2026_NFL_W04_PIT_CLE,2026-09-10T20:13:07.772620+00:00,2026-09-10T20:10:32Z,draftkings,2.5,-110.0,-110.0,114.0,-135.0,40.5,-110,-110,,,,,,,True,,,odds_api,free
2026_NFL_W04_IND_WAS_draftkings_20260910T201307Z,2026_NFL_W04_IND_WAS,2026-09-10T20:13:07.772620+00:00,2026-09-10T20:10:32Z,draftkings,-1.5,-105.0,-115.0,-118.0,-102.0,50.5,-110,-110,,,,,,,True,,,odds_api,free
2026_NFL_W04_IND_WAS_betus_20260910T201307Z,2026_NFL_W04_IND_WAS,2026-09-10T20:13:07.772620+00:00,2026-09-10T20:12:52Z,betus,-1.5,100.0,-120.0,,,48.5,-110,-110,,,,,,,True,,,odds_api,free
2026_NFL_W04_ARI_NYG_draftkings_20260910T201307Z,2026_NFL_W04_ARI_NYG,2026-09-10T20:13:07.772620+00:00,2026-09-10T20:10:32Z,draftkings,-7.0,-110.0,-110.0,-325.0,260.0,45.5,-110,-110,,,,,,,True,,,odds_api,free
2026_NFL_W04_ARI_NYG_betus_20260910T201307Z,2026_NFL_W04_ARI_NYG,2026-09-10T20:13:07.772620+00:00,2026-09-10T20:12:52Z,betus,-7.0,-110.0,-110.0,,,45.5,-110,-110,,,,,,,True,,,odds_api,free
2026_NFL_W04_TEN_BAL_draftkings_20260910T201307Z,2026_NFL_W04_TEN_BAL,2026-09-10T20:13:07.772620+00:00,2026-09-10T20:10:32Z,draftkings,-8.5,-110.0,-110.0,-395.0,310.0,47.5,-110,-110,,,,,,,True,,,odds_api,free
2026_NFL_W04_TEN_BAL_betus_20260910T201307Z,2026_NFL_W04_TEN_BAL,2026-09-10T20:13:07.772620+00:00,2026-09-10T20:12:52Z,betus,-8.5,-110.0,-110.0,,,47.5,-110,-110,,,,,,,True,,,odds_api,free
2026_NFL_W04_NYJ_CHI_draftkings_20260910T201307Z,2026_NFL_W04_NYJ_CHI,2026-09-10T20:13:07.772620+00:00,2026-09-10T20:10:32Z,draftkings,-8.5,-110.0,-110.0,-425.0,330.0,45.5,-110,-110,,,,,,,True,,,odds_api,free
2026_NFL_W04_JAX_CIN_draftkings_20260910T201307Z,2026_NFL_W04_JAX_CIN,2026-09-10T20:13:07.772620+00:00,2026-09-10T20:10:32Z,draftkings,-2.5,-110.0,-110.0,-135.0,114.0,51.5,-110,-110,,,,,,,True,,,odds_api,free
2026_NFL_W04_JAX_CIN_betus_20260910T201307Z,2026_NFL_W04_JAX_CIN,2026-09-10T20:13:07.772620+00:00,2026-09-10T20:12:52Z,betus,-2.5,-110.0,-110.0,,,51.5,-110,-110,,,,,,,True,,,odds_api,free
2026_NFL_W04_DAL_HOU_draftkings_20260910T201307Z,2026_NFL_W04_DAL_HOU,2026-09-10T20:13:07.772620+00:00,2026-09-10T20:10:32Z,draftkings,-2.5,-110.0,-110.0,-135.0,114.0,47.5,-110,-110,,,,,,,True,,,odds_api,free
2026_NFL_W04_DAL_HOU_betus_20260910T201307Z,2026_NFL_W04_DAL_HOU,2026-09-10T20:13:07.772620+00:00,2026-09-10T20:12:52Z,betus,-2.5,-110.0,-110.0,,,47.5,-110,-110,,,,,,,True,,,odds_api,free
2026_NFL_W04_GB_TB_draftkings_20260910T201307Z,2026_NFL_W04_GB_TB,2026-09-10T20:13:07.772620+00:00,2026-09-10T20:10:32Z,draftkings,1.5,-110.0,-110.0,105.0,-125.0,47.5,-110,-110,,,,,,,True,,,odds_api,free
2026_NFL_W04_GB_TB_betus_20260910T201307Z,2026_NFL_W04_GB_TB,2026-09-10T20:13:07.772620+00:00,2026-09-10T20:12:52Z,betus,1.5,-110.0,-110.0,,,47.5,-110,-110,,,,,,,True,,,odds_api,free
2026_NFL_W04_LAR_PHI_draftkings_20260910T201307Z,2026_NFL_W04_LAR_PHI,2026-09-10T20:13:07.772620+00:00,2026-09-10T20:10:32Z,draftkings,1.5,-110.0,-110.0,105.0,-125.0,47.5,-110,-110,,,,,,,True,,,odds_api,free
2026_NFL_W04_MIA_MIN_draftkings_20260910T201307Z,2026_NFL_W04_MIA_MIN,2026-09-10T20:13:07.772620+00:00,2026-09-10T20:10:32Z,draftkings,-7.5,-110.0,-110.0,-395.0,310.0,43.5,-110,-110,,,,,,,True,,,odds_api,free
2026_NFL_W04_MIA_MIN_betus_20260910T201307Z,2026_NFL_W04_MIA_MIN,2026-09-10T20:13:07.772620+00:00,2026-09-10T20:12:52Z,betus,-7.5,-110.0,-110.0,,,43.5,-110,-110,,,,,,,True,,,odds_api,free
2026_NFL_W04_DEN_SF_draftkings_20260910T201307Z,2026_NFL_W04_DEN_SF,2026-09-10T20:13:07.772620+00:00,2026-09-10T20:10:32Z,draftkings,-2.5,-110.0,-110.0,-142.0,120.0,46.5,-110,-110,,,,,,,True,,,odds_api,free
2026_NFL_W04_DEN_SF_betus_20260910T201307Z,2026_NFL_W04_DEN_SF,2026-09-10T20:13:07.772620+00:00,2026-09-10T20:12:52Z,betus,-2.5,-110.0,-110.0,,,46.5,-110,-110,,,,,,,True,,,odds_api,free
2026_NFL_W04_KC_LV_draftkings_20260910T201307Z,2026_NFL_W04_KC_LV,2026-09-10T20:13:07.772620+00:00,2026-09-10T20:10:32Z,draftkings,5.5,-110.0,-110.0,205.0,-250.0,43.5,-110,-110,,,,,,,True,,,odds_api,free
2026_NFL_W04_DET_CAR_draftkings_20260910T201307Z,2026_NFL_W04_DET_CAR,2026-09-10T20:13:07.772620+00:00,2026-09-10T20:10:32Z,draftkings,3.0,-110.0,-110.0,136.0,-162.0,47.5,-110,-110,,,,,,,True,,,odds_api,free
2026_NFL_W04_ATL_NO_draftkings_20260910T201307Z,2026_NFL_W04_ATL_NO,2026-09-10T20:13:07.772620+00:00,2026-09-10T20:10:32Z,draftkings,-2.5,-110.0,-110.0,-135.0,114.0,45.5,-115,-105,,,,,,,True,,,odds_api,free
2026_NFL_W04_ATL_NO_betus_20260910T201307Z,2026_NFL_W04_ATL_NO,2026-09-10T20:13:07.772620+00:00,2026-09-10T20:12:52Z,betus,-2.5,-110.0,-110.0,,,45.5,-110,-110,,,,,,,True,,,odds_api,free
2026_NFL_W04_PIT_CLE_draftkings_20260910T211259Z,2026_NFL_W04_PIT_CLE,2026-09-10T21:12:59.469504+00:00,2026-09-10T21:12:42Z,draftkings,2.5,-110,-110,114.0,-135.0,40.5,-110,-110,,,,,,,True,,,odds_api,free
2026_NFL_W04_IND_WAS_draftkings_20260910T211259Z,2026_NFL_W04_IND_WAS,2026-09-10T21:12:59.469504+00:00,2026-09-10T21:12:42Z,draftkings,-1.5,-105,-115,-118.0,-102.0,50.5,-110,-110,,,,,,,True,,,odds_api,free
2026_NFL_W04_IND_WAS_betus_20260910T211259Z,2026_NFL_W04_IND_WAS,2026-09-10T21:12:59.469504+00:00,2026-09-10T21:12:10Z,betus,-1.5,100,-120,,,48.5,-110,-110,,,,,,,True,,,odds_api,free
2026_NFL_W04_ARI_NYG_draftkings_20260910T211259Z,2026_NFL_W04_ARI_NYG,2026-09-10T21:12:59.469504+00:00,2026-09-10T21:12:42Z,draftkings,-7.0,-110,-110,-325.0,260.0,45.5,-110,-110,,,,,,,True,,,odds_api,free
2026_NFL_W04_ARI_NYG_betus_20260910T211259Z,2026_NFL_W04_ARI_NYG,2026-09-10T21:12:59.469504+00:00,2026-09-10T21:12:10Z,betus,-7.0,-110,-110,,,45.5,-110,-110,,,,,,,True,,,odds_api,free
2026_NFL_W04_TEN_BAL_draftkings_20260910T211259Z,2026_NFL_W04_TEN_BAL,2026-09-10T21:12:59.469504+00:00,2026-09-10T21:12:42Z,draftkings,-8.5,-110,-110,-395.0,310.0,47.5,-110,-110,,,,,,,True,,,odds_api,free
2026_NFL_W04_TEN_BAL_betus_20260910T211259Z,2026_NFL_W04_TEN_BAL,2026-09-10T21:12:59.469504+00:00,2026-09-10T21:12:10Z,betus,-8.5,-110,-110,,,47.5,-110,-110,,,,,,,True,,,odds_api,free
2026_NFL_W04_NYJ_CHI_draftkings_20260910T211259Z,2026_NFL_W04_NYJ_CHI,2026-09-10T21:12:59.469504+00:00,2026-09-10T21:12:42Z,draftkings,-8.5,-110,-110,-425.0,330.0,45.5,-110,-110,,,,,,,True,,,odds_api,free
2026_NFL_W04_JAX_CIN_draftkings_20260910T211259Z,2026_NFL_W04_JAX_CIN,2026-09-10T21:12:59.469504+00:00,2026-09-10T21:12:42Z,draftkings,-2.5,-110,-110,-135.0,114.0,51.5,-110,-110,,,,,,,True,,,odds_api,free
2026_NFL_W04_JAX_CIN_betus_20260910T211259Z,2026_NFL_W04_JAX_CIN,2026-09-10T21:12:59.469504+00:00,2026-09-10T21:12:10Z,betus,-2.5,-110,-110,,,51.5,-110,-110,,,,,,,True,,,odds_api,free
2026_NFL_W04_DAL_HOU_draftkings_20260910T211259Z,2026_NFL_W04_DAL_HOU,2026-09-10T21:12:59.469504+00:00,2026-09-10T21:12:42Z,draftkings,-2.5,-110,-110,-135.0,114.0,47.5,-110,-110,,,,,,,True,,,odds_api,free
2026_NFL_W04_DAL_HOU_betus_20260910T211259Z,2026_NFL_W04_DAL_HOU,2026-09-10T21:12:59.469504+00:00,2026-09-10T21:12:10Z,betus,-2.5,-110,-110,,,47.5,-110,-110,,,,,,,True,,,odds_api,free
2026_NFL_W04_GB_TB_draftkings_20260910T211259Z,2026_NFL_W04_GB_TB,2026-09-10T21:12:59.469504+00:00,2026-09-10T21:12:42Z,draftkings,1.5,-110,-110,105.0,-125.0,47.5,-110,-110,,,,,,,True,,,odds_api,free
2026_NFL_W04_GB_TB_betus_20260910T211259Z,2026_NFL_W04_GB_TB,2026-09-10T21:12:59.469504+00:00,2026-09-10T21:12:10Z,betus,1.5,-110,-110,,,47.5,-110,-110,,,,,,,True,,,odds_api,free
2026_NFL_W04_LAR_PHI_draftkings_20260910T211259Z,2026_NFL_W04_LAR_PHI,2026-09-10T21:12:59.469504+00:00,2026-09-10T21:12:42Z,draftkings,1.5,-110,-110,105.0,-125.0,47.5,-110,-110,,,,,,,True,,,odds_api,free
2026_NFL_W04_MIA_MIN_draftkings_20260910T211259Z,2026_NFL_W04_MIA_MIN,2026-09-10T21:12:59.469504+00:00,2026-09-10T21:12:42Z,draftkings,-7.5,-110,-110,-395.0,310.0,43.5,-110,-110,,,,,,,True,,,odds_api,free
2026_NFL_W04_MIA_MIN_betus_20260910T211259Z,2026_NFL_W04_MIA_MIN,2026-09-10T21:12:59.469504+00:00,2026-09-10T21:12:10Z,betus,-7.5,-110,-110,,,43.5,-110,-110,,,,,,,True,,,odds_api,free
2026_NFL_W04_DEN_SF_draftkings_20260910T211259Z,2026_NFL_W04_DEN_SF,2026-09-10T21:12:59.469504+00:00,2026-09-10T21:12:42Z,draftkings,-2.5,-110,-110,-142.0,120.0,46.5,-110,-110,,,,,,,True,,,odds_api,free
2026_NFL_W04_DEN_SF_betus_20260910T211259Z,2026_NFL_W04_DEN_SF,2026-09-10T21:12:59.469504+00:00,2026-09-10T21:12:10Z,betus,-2.5,-110,-110,,,46.5,-110,-110,,,,,,,True,,,odds_api,free
2026_NFL_W04_KC_LV_draftkings_20260910T211259Z,2026_NFL_W04_KC_LV,2026-09-10T21:12:59.469504+00:00,2026-09-10T21:12:42Z,draftkings,5.5,-110,-110,205.0,-250.0,43.5,-110,-110,,,,,,,True,,,odds_api,free
2026_NFL_W04_DET_CAR_draftkings_20260910T211259Z,2026_NFL_W04_DET_CAR,2026-09-10T21:12:59.469504+00:00,2026-09-10T21:12:42Z,draftkings,3.0,-110,-110,136.0,-162.0,47.5,-110,-110,,,,,,,True,,,odds_api,free
2026_NFL_W04_ATL_NO_draftkings_20260910T211259Z,2026_NFL_W04_ATL_NO,2026-09-10T21:12:59.469504+00:00,2026-09-10T21:12:42Z,draftkings,-2.5,-110,-110,-135.0,114.0,45.5,-115,-105,,,,,,,True,,,odds_api,free
2026_NFL_W04_ATL_NO_betus_20260910T211259Z,2026_NFL_W04_ATL_NO,2026-09-10T21:12:59.469504+00:00,2026-09-10T21:12:10Z,betus,-2.5,-110,-110,,,45.5,-110,-110,,,,,,,True,,,odds_api,free
2026_NFL_W04_PIT_CLE_draftkings_20260910T221259Z,2026_NFL_W04_PIT_CLE,2026-09-10T22:12:59.948851+00:00,2026-09-10T22:11:52Z,draftkings,2.5,-110,-110,114.0,-135.0,40.5,-110,-110,,,,,,,True,,,odds_api,free
2026_NFL_W04_IND_WAS_draftkings_20260910T221259Z,2026_NFL_W04_IND_WAS,2026-09-10T22:12:59.948851+00:00,2026-09-10T22:11:52Z,draftkings,-1.5,-105,-115,-118.0,-102.0,50.5,-110,-110,,,,,,,True,,,odds_api,free
2026_NFL_W04_IND_WAS_betus_20260910T221259Z,2026_NFL_W04_IND_WAS,2026-09-10T22:12:59.948851+00:00,2026-09-10T22:11:46Z,betus,-1.5,100,-120,,,48.5,-110,-110,,,,,,,True,,,odds_api,free
2026_NFL_W04_ARI_NYG_draftkings_20260910T221259Z,2026_NFL_W04_ARI_NYG,2026-09-10T22:12:59.948851+00:00,2026-09-10T22:11:52Z,draftkings,-7.0,-110,-110,-325.0,260.0,45.5,-110,-110,,,,,,,True,,,odds_api,free
2026_NFL_W04_ARI_NYG_betus_20260910T221259Z,2026_NFL_W04_ARI_NYG,2026-09-10T22:12:59.948851+00:00,2026-09-10T22:11:46Z,betus,-7.0,-110,-110,,,45.5,-110,-110,,,,,,,True,,,odds_api,free
2026_NFL_W04_TEN_BAL_draftkings_20260910T221259Z,2026_NFL_W04_TEN_BAL,2026-09-10T22:12:59.948851+00:00,2026-09-10T22:11:52Z,draftkings,-8.5,-110,-110,-395.0,310.0,47.5,-110,-110,,,,,,,True,,,odds_api,free
2026_NFL_W04_TEN_BAL_betus_20260910T221259Z,2026_NFL_W04_TEN_BAL,2026-09-10T22:12:59.948851+00:00,2026-09-10T22:11:46Z,betus,-8.5,-110,-110,,,47.5,-110,-110,,,,,,,True,,,odds_api,free
2026_NFL_W04_NYJ_CHI_draftkings_20260910T221259Z,2026_NFL_W04_NYJ_CHI,2026-09-10T22:12:59.948851+00:00,2026-09-10T22:11:52Z,draftkings,-8.5,-110,-110,-425.0,330.0,45.5,-110,-110,,,,,,,True,,,odds_api,free
2026_NFL_W04_JAX_CIN_draftkings_20260910T221259Z,2026_NFL_W04_JAX_CIN,2026-09-10T22:12:59.948851+00:00,2026-09-10T22:11:52Z,draftkings,-2.5,-110,-110,-135.0,114.0,51.5,-110,-110,,,,,,,True,,,odds_api,free
2026_NFL_W04_JAX_CIN_betus_20260910T221259Z,2026_NFL_W04_JAX_CIN,2026-09-10T22:12:59.948851+00:00,2026-09-10T22:11:46Z,betus,-2.5,-110,-110,,,51.5,-110,-110,,,,,,,True,,,odds_api,free
2026_NFL_W04_DAL_HOU_draftkings_20260910T221259Z,2026_NFL_W04_DAL_HOU,2026-09-10T22:12:59.948851+00:00,2026-09-10T22:11:52Z,draftkings,-2.5,-110,-110,-135.0,114.0,47.5,-110,-110,,,,,,,True,,,odds_api,free
2026_NFL_W04_DAL_HOU_betus_20260910T221259Z,2026_NFL_W04_DAL_HOU,2026-09-10T22:12:59.948851+00:00,2026-09-10T22:11:46Z,betus,-2.5,-110,-110,,,47.5,-110,-110,,,,,,,True,,,odds_api,free
2026_NFL_W04_GB_TB_draftkings_20260910T221259Z,2026_NFL_W04_GB_TB,2026-09-10T22:12:59.948851+00:00,2026-09-10T22:11:52Z,draftkings,1.5,-110,-110,105.0,-125.0,47.5,-110,-110,,,,,,,True,,,odds_api,free
2026_NFL_W04_GB_TB_betus_20260910T221259Z,2026_NFL_W04_GB_TB,2026-09-10T22:12:59.948851+00:00,2026-09-10T22:11:46Z,betus,1.5,-110,-110,,,47.5,-110,-110,,,,,,,True,,,odds_api,free
2026_NFL_W04_LAR_PHI_draftkings_20260910T221259Z,2026_NFL_W04_LAR_PHI,2026-09-10T22:12:59.948851+00:00,2026-09-10T22:11:52Z,draftkings,1.5,-110,-110,105.0,-125.0,47.5,-110,-110,,,,,,,True,,,odds_api,free
2026_NFL_W04_MIA_MIN_draftkings_20260910T221259Z,2026_NFL_W04_MIA_MIN,2026-09-10T22:12:59.948851+00:00,2026-09-10T22:11:52Z,draftkings,-7.5,-110,-110,-395.0,310.0,43.5,-110,-110,,,,,,,True,,,odds_api,free
2026_NFL_W04_MIA_MIN_betus_20260910T221259Z,2026_NFL_W04_MIA_MIN,2026-09-10T22:12:59.948851+00:00,2026-09-10T22:11:46Z,betus,-7.5,-110,-110,,,43.5,-110,-110,,,,,,,True,,,odds_api,free
2026_NFL_W04_DEN_SF_draftkings_20260910T221259Z,2026_NFL_W04_DEN_SF,2026-09-10T22:12:59.948851+00:00,2026-09-10T22:11:52Z,draftkings,-2.5,-110,-110,-142.0,120.0,46.5,-110,-110,,,,,,,True,,,odds_api,free
2026_NFL_W04_DEN_SF_betus_20260910T221259Z,2026_NFL_W04_DEN_SF,2026-09-10T22:12:59.948851+00:00,2026-09-10T22:11:46Z,betus,-2.5,-110,-110,,,46.5,-110,-110,,,,,,,True,,,odds_api,free
2026_NFL_W04_KC_LV_draftkings_20260910T221259Z,2026_NFL_W04_KC_LV,2026-09-10T22:12:59.948851+00:00,2026-09-10T22:11:52Z,draftkings,5.5,-110,-110,205.0,-250.0,43.5,-110,-110,,,,,,,True,,,odds_api,free
2026_NFL_W04_DET_CAR_draftkings_20260910T221259Z,2026_NFL_W04_DET_CAR,2026-09-10T22:12:59.948851+00:00,2026-09-10T22:11:52Z,draftkings,3.0,-110,-110,136.0,-162.0,47.5,-110,-110,,,,,,,True,,,odds_api,free
2026_NFL_W04_ATL_NO_draftkings_20260910T221259Z,2026_NFL_W04_ATL_NO,2026-09-10T22:12:59.948851+00:00,2026-09-10T22:11:52Z,draftkings,-2.5,-110,-110,-135.0,114.0,45.5,-115,-105,,,,,,,True,,,odds_api,free
2026_NFL_W04_ATL_NO_betus_20260910T221259Z,2026_NFL_W04_ATL_NO,2026-09-10T22:12:59.948851+00:00,2026-09-10T22:11:46Z,betus,-2.5,-110,-110,,,45.5,-110,-110,,,,,,,True,,,odds_api,free
2026_NFL_W04_PIT_CLE_draftkings_20260910T230431Z,2026_NFL_W04_PIT_CLE,2026-09-10T23:04:31.694636+00:00,2026-09-10T23:03:51Z,draftkings,2.5,-110,-110,114.0,-135.0,40.5,-110,-110,,,,,,,True,,,odds_api,free
2026_NFL_W04_IND_WAS_draftkings_20260910T230431Z,2026_NFL_W04_IND_WAS,2026-09-10T23:04:31.694636+00:00,2026-09-10T23:03:51Z,draftkings,-1.5,-105,-115,-118.0,-102.0,50.5,-110,-110,,,,,,,True,,,odds_api,free
2026_NFL_W04_IND_WAS_betus_20260910T230431Z,2026_NFL_W04_IND_WAS,2026-09-10T23:04:31.694636+00:00,2026-09-10T23:03:24Z,betus,-1.5,100,-120,,,48.5,-110,-110,,,,,,,True,,,odds_api,free
2026_NFL_W04_ARI_NYG_draftkings_20260910T230431Z,2026_NFL_W04_ARI_NYG,2026-09-10T23:04:31.694636+00:00,2026-09-10T23:03:51Z,draftkings,-7.0,-110,-110,-325.0,260.0,45.5,-110,-110,,,,,,,True,,,odds_api,free
2026_NFL_W04_ARI_NYG_betus_20260910T230431Z,2026_NFL_W04_ARI_NYG,2026-09-10T23:04:31.694636+00:00,2026-09-10T23:03:24Z,betus,-7.0,-110,-110,,,45.5,-110,-110,,,,,,,True,,,odds_api,free
2026_NFL_W04_TEN_BAL_draftkings_20260910T230431Z,2026_NFL_W04_TEN_BAL,2026-09-10T23:04:31.694636+00:00,2026-09-10T23:03:51Z,draftkings,-8.5,-110,-110,-395.0,310.0,47.5,-110,-110,,,,,,,True,,,odds_api,free
2026_NFL_W04_TEN_BAL_betus_20260910T230431Z,2026_NFL_W04_TEN_BAL,2026-09-10T23:04:31.694636+00:00,2026-09-10T23:03:24Z,betus,-8.5,-110,-110,,,47.5,-110,-110,,,,,,,True,,,odds_api,free
2026_NFL_W04_NYJ_CHI_draftkings_20260910T230431Z,2026_NFL_W04_NYJ_CHI,2026-09-10T23:04:31.694636+00:00,2026-09-10T23:03:51Z,draftkings,-8.5,-110,-110,-425.0,330.0,45.5,-110,-110,,,,,,,True,,,odds_api,free
2026_NFL_W04_JAX_CIN_draftkings_20260910T230431Z,2026_NFL_W04_JAX_CIN,2026-09-10T23:04:31.694636+00:00,2026-09-10T23:03:51Z,draftkings,-2.5,-110,-110,-135.0,114.0,51.5,-110,-110,,,,,,,True,,,odds_api,free
2026_NFL_W04_JAX_CIN_betus_20260910T230431Z,2026_NFL_W04_JAX_CIN,2026-09-10T23:04:31.694636+00:00,2026-09-10T23:03:24Z,betus,-2.5,-110,-110,,,51.5,-110,-110,,,,,,,True,,,odds_api,free
2026_NFL_W04_DAL_HOU_draftkings_20260910T230431Z,2026_NFL_W04_DAL_HOU,2026-09-10T23:04:31.694636+00:00,2026-09-10T23:03:51Z,draftkings,-2.5,-110,-110,-135.0,114.0,47.5,-110,-110,,,,,,,True,,,odds_api,free
2026_NFL_W04_DAL_HOU_betus_20260910T230431Z,2026_NFL_W04_DAL_HOU,2026-09-10T23:04:31.694636+00:00,2026-09-10T23:03:24Z,betus,-2.5,-110,-110,,,47.5,-110,-110,,,,,,,True,,,odds_api,free
2026_NFL_W04_GB_TB_draftkings_20260910T230431Z,2026_NFL_W04_GB_TB,2026-09-10T23:04:31.694636+00:00,2026-09-10T23:03:51Z,draftkings,1.5,-110,-110,105.0,-125.0,47.5,-110,-110,,,,,,,True,,,odds_api,free
2026_NFL_W04_GB_TB_betus_20260910T230431Z,2026_NFL_W04_GB_TB,2026-09-10T23:04:31.694636+00:00,2026-09-10T23:03:24Z,betus,1.5,-110,-110,,,47.5,-110,-110,,,,,,,True,,,odds_api,free
2026_NFL_W04_LAR_PHI_draftkings_20260910T230431Z,2026_NFL_W04_LAR_PHI,2026-09-10T23:04:31.694636+00:00,2026-09-10T23:03:51Z,draftkings,1.5,-110,-110,105.0,-125.0,47.5,-110,-110,,,,,,,True,,,odds_api,free
2026_NFL_W04_MIA_MIN_draftkings_20260910T230431Z,2026_NFL_W04_MIA_MIN,2026-09-10T23:04:31.694636+00:00,2026-09-10T23:03:51Z,draftkings,-7.5,-110,-110,-395.0,310.0,43.5,-110,-110,,,,,,,True,,,odds_api,free
2026_NFL_W04_MIA_MIN_betus_20260910T230431Z,2026_NFL_W04_MIA_MIN,2026-09-10T23:04:31.694636+00:00,2026-09-10T23:03:24Z,betus,-7.5,-110,-110,,,43.5,-110,-110,,,,,,,True,,,odds_api,free
2026_NFL_W04_DEN_SF_draftkings_20260910T230431Z,2026_NFL_W04_DEN_SF,2026-09-10T23:04:31.694636+00:00,2026-09-10T23:03:51Z,draftkings,-2.5,-110,-110,-142.0,120.0,46.5,-110,-110,,,,,,,True,,,odds_api,free
2026_NFL_W04_DEN_SF_betus_20260910T230431Z,2026_NFL_W04_DEN_SF,2026-09-10T23:04:31.694636+00:00,2026-09-10T23:03:24Z,betus,-2.5,-110,-110,,,46.5,-110,-110,,,,,,,True,,,odds_api,free
2026_NFL_W04_KC_LV_draftkings_20260910T230431Z,2026_NFL_W04_KC_LV,2026-09-10T23:04:31.694636+00:00,2026-09-10T23:03:51Z,draftkings,5.5,-110,-110,205.0,-250.0,43.5,-110,-110,,,,,,,True,,,odds_api,free
2026_NFL_W04_DET_CAR_draftkings_20260910T230431Z,2026_NFL_W04_DET_CAR,2026-09-10T23:04:31.694636+00:00,2026-09-10T23:03:51Z,draftkings,3.0,-110,-110,136.0,-162.0,47.5,-110,-110,,,,,,,True,,,odds_api,free
2026_NFL_W04_ATL_NO_draftkings_20260910T230431Z,2026_NFL_W04_ATL_NO,2026-09-10T23:04:31.694636+00:00,2026-09-10T23:03:51Z,draftkings,-2.5,-110,-110,-135.0,114.0,45.5,-115,-105,,,,,,,True,,,odds_api,free
2026_NFL_W04_ATL_NO_betus_20260910T230431Z,2026_NFL_W04_ATL_NO,2026-09-10T23:04:31.694636+00:00,2026-09-10T23:03:24Z,betus,-2.5,-110,-110,,,45.5,-110,-110,,,,,,,True,,,odds_api,free
2026_NFL_W04_PIT_CLE_draftkings_20260910T231255Z,2026_NFL_W04_PIT_CLE,2026-09-10T23:12:55.171360+00:00,2026-09-10T23:12:32Z,draftkings,2.5,-110,-110,114.0,-135.0,40.5,-110,-110,,,,,,,True,,,odds_api,free
2026_NFL_W04_IND_WAS_draftkings_20260910T231255Z,2026_NFL_W04_IND_WAS,2026-09-10T23:12:55.171360+00:00,2026-09-10T23:12:32Z,draftkings,-1.5,-105,-115,-118.0,-102.0,50.5,-110,-110,,,,,,,True,,,odds_api,free
2026_NFL_W04_IND_WAS_betus_20260910T231255Z,2026_NFL_W04_IND_WAS,2026-09-10T23:12:55.171360+00:00,2026-09-10T23:12:11Z,betus,-1.5,100,-120,,,48.5,-110,-110,,,,,,,True,,,odds_api,free
2026_NFL_W04_ARI_NYG_draftkings_20260910T231255Z,2026_NFL_W04_ARI_NYG,2026-09-10T23:12:55.171360+00:00,2026-09-10T23:12:32Z,draftkings,-7.0,-110,-110,-325.0,260.0,45.5,-110,-110,,,,,,,True,,,odds_api,free
2026_NFL_W04_ARI_NYG_betus_20260910T231255Z,2026_NFL_W04_ARI_NYG,2026-09-10T23:12:55.171360+00:00,2026-09-10T23:12:11Z,betus,-7.0,-110,-110,,,45.5,-110,-110,,,,,,,True,,,odds_api,free
2026_NFL_W04_TEN_BAL_draftkings_20260910T231255Z,2026_NFL_W04_TEN_BAL,2026-09-10T23:12:55.171360+00:00,2026-09-10T23:12:32Z,draftkings,-8.5,-110,-110,-395.0,310.0,47.5,-110,-110,,,,,,,True,,,odds_api,free
2026_NFL_W04_TEN_BAL_betus_20260910T231255Z,2026_NFL_W04_TEN_BAL,2026-09-10T23:12:55.171360+00:00,2026-09-10T23:12:11Z,betus,-8.5,-110,-110,,,47.5,-110,-110,,,,,,,True,,,odds_api,free
2026_NFL_W04_NYJ_CHI_draftkings_20260910T231255Z,2026_NFL_W04_NYJ_CHI,2026-09-10T23:12:55.171360+00:00,2026-09-10T23:12:32Z,draftkings,-8.5,-110,-110,-425.0,330.0,45.5,-110,-110,,,,,,,True,,,odds_api,free
2026_NFL_W04_JAX_CIN_draftkings_20260910T231255Z,2026_NFL_W04_JAX_CIN,2026-09-10T23:12:55.171360+00:00,2026-09-10T23:12:32Z,draftkings,-2.5,-110,-110,-135.0,114.0,51.5,-110,-110,,,,,,,True,,,odds_api,free
2026_NFL_W04_JAX_CIN_betus_20260910T231255Z,2026_NFL_W04_JAX_CIN,2026-09-10T23:12:55.171360+00:00,2026-09-10T23:12:11Z,betus,-2.5,-110,-110,,,51.5,-110,-110,,,,,,,True,,,odds_api,free
2026_NFL_W04_DAL_HOU_draftkings_20260910T231255Z,2026_NFL_W04_DAL_HOU,2026-09-10T23:12:55.171360+00:00,2026-09-10T23:12:32Z,draftkings,-2.5,-110,-110,-135.0,114.0,47.5,-110,-110,,,,,,,True,,,odds_api,free
2026_NFL_W04_DAL_HOU_betus_20260910T231255Z,2026_NFL_W04_DAL_HOU,2026-09-10T23:12:55.171360+00:00,2026-09-10T23:12:11Z,betus,-2.5,-110,-110,,,47.5,-110,-110,,,,,,,True,,,odds_api,free
2026_NFL_W04_GB_TB_draftkings_20260910T231255Z,2026_NFL_W04_GB_TB,2026-09-10T23:12:55.171360+00:00,2026-09-10T23:12:32Z,draftkings,1.5,-110,-110,105.0,-125.0,47.5,-110,-110,,,,,,,True,,,odds_api,free
2026_NFL_W04_GB_TB_betus_20260910T231255Z,2026_NFL_W04_GB_TB,2026-09-10T23:12:55.171360+00:00,2026-09-10T23:12:11Z,betus,1.5,-110,-110,,,47.5,-110,-110,,,,,,,True,,,odds_api,free
2026_NFL_W04_LAR_PHI_draftkings_20260910T231255Z,2026_NFL_W04_LAR_PHI,2026-09-10T23:12:55.171360+00:00,2026-09-10T23:12:32Z,draftkings,1.5,-110,-110,105.0,-125.0,47.5,-110,-110,,,,,,,True,,,odds_api,free
2026_NFL_W04_MIA_MIN_draftkings_20260910T231255Z,2026_NFL_W04_MIA_MIN,2026-09-10T23:12:55.171360+00:00,2026-09-10T23:12:32Z,draftkings,-7.5,-110,-110,-395.0,310.0,43.5,-110,-110,,,,,,,True,,,odds_api,free
2026_NFL_W04_MIA_MIN_betus_20260910T231255Z,2026_NFL_W04_MIA_MIN,2026-09-10T23:12:55.171360+00:00,2026-09-10T23:12:11Z,betus,-7.5,-110,-110,,,43.5,-110,-110,,,,,,,True,,,odds_api,free
2026_NFL_W04_DEN_SF_draftkings_20260910T231255Z,2026_NFL_W04_DEN_SF,2026-09-10T23:12:55.171360+00:00,2026-09-10T23:12:32Z,draftkings,-2.5,-110,-110,-142.0,120.0,46.5,-110,-110,,,,,,,True,,,odds_api,free
2026_NFL_W04_DEN_SF_betus_20260910T231255Z,2026_NFL_W04_DEN_SF,2026-09-10T23:12:55.171360+00:00,2026-09-10T23:12:11Z,betus,-2.5,-110,-110,,,46.5,-110,-110,,,,,,,True,,,odds_api,free
2026_NFL_W04_KC_LV_draftkings_20260910T231255Z,2026_NFL_W04_KC_LV,2026-09-10T23:12:55.171360+00:00,2026-09-10T23:12:32Z,draftkings,5.5,-110,-110,205.0,-250.0,43.5,-110,-110,,,,,,,True,,,odds_api,free
2026_NFL_W04_DET_CAR_draftkings_20260910T231255Z,2026_NFL_W04_DET_CAR,2026-09-10T23:12:55.171360+00:00,2026-09-10T23:12:32Z,draftkings,3.0,-110,-110,136.0,-162.0,47.5,-110,-110,,,,,,,True,,,odds_api,free
2026_NFL_W04_ATL_NO_draftkings_20260910T231255Z,2026_NFL_W04_ATL_NO,2026-09-10T23:12:55.171360+00:00,2026-09-10T23:12:32Z,draftkings,-2.5,-110,-110,-135.0,114.0,45.5,-115,-105,,,,,,,True,,,odds_api,free
2026_NFL_W04_ATL_NO_betus_20260910T231255Z,2026_NFL_W04_ATL_NO,2026-09-10T23:12:55.171360+00:00,2026-09-10T23:12:11Z,betus,-2.5,-110,-110,,,45.5,-110,-110,,,,,,,True,,,odds_api,free
2026_NFL_W04_PIT_CLE_draftkings_20260911T001256Z,2026_NFL_W04_PIT_CLE,2026-09-11T00:12:56.874539+00:00,2026-09-11T00:12:32Z,draftkings,2.5,-110,-110,114.0,-135.0,40.5,-110,-110,,,,,,,True,,,odds_api,free
2026_NFL_W04_IND_WAS_draftkings_20260911T001256Z,2026_NFL_W04_IND_WAS,2026-09-11T00:12:56.874539+00:00,2026-09-11T00:12:32Z,draftkings,-1.5,-105,-115,-118.0,-102.0,50.5,-110,-110,,,,,,,True,,,odds_api,free
2026_NFL_W04_IND_WAS_betus_20260911T001256Z,2026_NFL_W04_IND_WAS,2026-09-11T00:12:56.874539+00:00,2026-09-11T00:12:33Z,betus,-1.5,100,-120,,,48.5,-110,-110,,,,,,,True,,,odds_api,free
2026_NFL_W04_ARI_NYG_draftkings_20260911T001256Z,2026_NFL_W04_ARI_NYG,2026-09-11T00:12:56.874539+00:00,2026-09-11T00:12:32Z,draftkings,-7.0,-110,-110,-325.0,260.0,45.5,-110,-110,,,,,,,True,,,odds_api,free
2026_NFL_W04_ARI_NYG_betus_20260911T001256Z,2026_NFL_W04_ARI_NYG,2026-09-11T00:12:56.874539+00:00,2026-09-11T00:12:33Z,betus,-7.0,-110,-110,,,45.5,-110,-110,,,,,,,True,,,odds_api,free
2026_NFL_W04_TEN_BAL_draftkings_20260911T001256Z,2026_NFL_W04_TEN_BAL,2026-09-11T00:12:56.874539+00:00,2026-09-11T00:12:32Z,draftkings,-8.5,-110,-110,-395.0,310.0,47.5,-110,-110,,,,,,,True,,,odds_api,free
2026_NFL_W04_TEN_BAL_betus_20260911T001256Z,2026_NFL_W04_TEN_BAL,2026-09-11T00:12:56.874539+00:00,2026-09-11T00:12:33Z,betus,-8.5,-110,-110,,,47.5,-110,-110,,,,,,,True,,,odds_api,free
2026_NFL_W04_NYJ_CHI_draftkings_20260911T001256Z,2026_NFL_W04_NYJ_CHI,2026-09-11T00:12:56.874539+00:00,2026-09-11T00:12:32Z,draftkings,-8.5,-110,-110,-425.0,330.0,45.5,-110,-110,,,,,,,True,,,odds_api,free
2026_NFL_W04_JAX_CIN_draftkings_20260911T001256Z,2026_NFL_W04_JAX_CIN,2026-09-11T00:12:56.874539+00:00,2026-09-11T00:12:32Z,draftkings,-2.5,-110,-110,-135.0,114.0,51.5,-110,-110,,,,,,,True,,,odds_api,free
2026_NFL_W04_JAX_CIN_betus_20260911T001256Z,2026_NFL_W04_JAX_CIN,2026-09-11T00:12:56.874539+00:00,2026-09-11T00:12:33Z,betus,-2.5,-110,-110,,,51.5,-110,-110,,,,,,,True,,,odds_api,free
2026_NFL_W04_DAL_HOU_draftkings_20260911T001256Z,2026_NFL_W04_DAL_HOU,2026-09-11T00:12:56.874539+00:00,2026-09-11T00:12:32Z,draftkings,-2.5,-110,-110,-135.0,114.0,47.5,-110,-110,,,,,,,True,,,odds_api,free
2026_NFL_W04_DAL_HOU_betus_20260911T001256Z,2026_NFL_W04_DAL_HOU,2026-09-11T00:12:56.874539+00:00,2026-09-11T00:12:33Z,betus,-2.5,-110,-110,,,47.5,-110,-110,,,,,,,True,,,odds_api,free
2026_NFL_W04_GB_TB_draftkings_20260911T001256Z,2026_NFL_W04_GB_TB,2026-09-11T00:12:56.874539+00:00,2026-09-11T00:12:32Z,draftkings,1.5,-110,-110,105.0,-125.0,47.5,-110,-110,,,,,,,True,,,odds_api,free
2026_NFL_W04_GB_TB_betus_20260911T001256Z,2026_NFL_W04_GB_TB,2026-09-11T00:12:56.874539+00:00,2026-09-11T00:12:33Z,betus,1.5,-110,-110,,,47.5,-110,-110,,,,,,,True,,,odds_api,free
2026_NFL_W04_LAR_PHI_draftkings_20260911T001256Z,2026_NFL_W04_LAR_PHI,2026-09-11T00:12:56.874539+00:00,2026-09-11T00:12:32Z,draftkings,1.5,-110,-110,105.0,-125.0,47.5,-110,-110,,,,,,,True,,,odds_api,free
2026_NFL_W04_MIA_MIN_draftkings_20260911T001256Z,2026_NFL_W04_MIA_MIN,2026-09-11T00:12:56.874539+00:00,2026-09-11T00:12:32Z,draftkings,-7.5,-110,-110,-395.0,310.0,43.5,-110,-110,,,,,,,True,,,odds_api,free
2026_NFL_W04_MIA_MIN_betus_20260911T001256Z,2026_NFL_W04_MIA_MIN,2026-09-11T00:12:56.874539+00:00,2026-09-11T00:12:33Z,betus,-7.5,-110,-110,,,43.5,-110,-110,,,,,,,True,,,odds_api,free
2026_NFL_W04_DEN_SF_draftkings_20260911T001256Z,2026_NFL_W04_DEN_SF,2026-09-11T00:12:56.874539+00:00,2026-09-11T00:12:32Z,draftkings,-2.5,-110,-110,-142.0,120.0,46.5,-110,-110,,,,,,,True,,,odds_api,free
2026_NFL_W04_DEN_SF_betus_20260911T001256Z,2026_NFL_W04_DEN_SF,2026-09-11T00:12:56.874539+00:00,2026-09-11T00:12:33Z,betus,-2.5,-110,-110,,,46.5,-110,-110,,,,,,,True,,,odds_api,free
2026_NFL_W04_KC_LV_draftkings_20260911T001256Z,2026_NFL_W04_KC_LV,2026-09-11T00:12:56.874539+00:00,2026-09-11T00:12:32Z,draftkings,5.5,-110,-110,205.0,-250.0,43.5,-110,-110,,,,,,,True,,,odds_api,free
2026_NFL_W04_DET_CAR_draftkings_20260911T001256Z,2026_NFL_W04_DET_CAR,2026-09-11T00:12:56.874539+00:00,2026-09-11T00:12:32Z,draftkings,3.0,-110,-110,136.0,-162.0,47.5,-110,-110,,,,,,,True,,,odds_api,free
2026_NFL_W04_ATL_NO_draftkings_20260911T001256Z,2026_NFL_W04_ATL_NO,2026-09-11T00:12:56.874539+00:00,2026-09-11T00:12:32Z,draftkings,-2.5,-110,-110,-135.0,114.0,45.5,-115,-105,,,,,,,True,,,odds_api,free
2026_NFL_W04_ATL_NO_betus_20260911T001256Z,2026_NFL_W04_ATL_NO,2026-09-11T00:12:56.874539+00:00,2026-09-11T00:12:33Z,betus,-2.5,-110,-110,,,45.5,-110,-110,,,,,,,True,,,odds_api,free
2026_NFL_W04_PIT_CLE_draftkings_20260911T141653Z,2026_NFL_W04_PIT_CLE,2026-09-11T14:16:53.511626+00:00,2026-09-11T14:16:09Z,draftkings,2.5,-110,-110,114.0,-135.0,40.5,-110,-110,,,,,,,True,,,odds_api,free
2026_NFL_W04_IND_WAS_draftkings_20260911T141653Z,2026_NFL_W04_IND_WAS,2026-09-11T14:16:53.511626+00:00,2026-09-11T14:16:09Z,draftkings,-1.5,-105,-115,-118.0,-102.0,50.5,-110,-110,,,,,,,True,,,odds_api,free
2026_NFL_W04_IND_WAS_betus_20260911T141653Z,2026_NFL_W04_IND_WAS,2026-09-11T14:16:53.511626+00:00,2026-09-11T14:16:09Z,betus,-1.5,100,-120,,,48.5,-110,-110,,,,,,,True,,,odds_api,free
2026_NFL_W04_ARI_NYG_draftkings_20260911T141653Z,2026_NFL_W04_ARI_NYG,2026-09-11T14:16:53.511626+00:00,2026-09-11T14:16:09Z,draftkings,-7.0,-110,-110,-325.0,260.0,45.5,-110,-110,,,,,,,True,,,odds_api,free
2026_NFL_W04_ARI_NYG_betus_20260911T141653Z,2026_NFL_W04_ARI_NYG,2026-09-11T14:16:53.511626+00:00,2026-09-11T14:16:09Z,betus,-7.0,-110,-110,,,45.5,-110,-110,,,,,,,True,,,odds_api,free
2026_NFL_W04_TEN_BAL_draftkings_20260911T141653Z,2026_NFL_W04_TEN_BAL,2026-09-11T14:16:53.511626+00:00,2026-09-11T14:16:09Z,draftkings,-8.5,-110,-110,-395.0,310.0,47.5,-110,-110,,,,,,,True,,,odds_api,free
2026_NFL_W04_TEN_BAL_betus_20260911T141653Z,2026_NFL_W04_TEN_BAL,2026-09-11T14:16:53.511626+00:00,2026-09-11T14:16:09Z,betus,-8.5,-110,-110,,,47.5,-110,-110,,,,,,,True,,,odds_api,free
2026_NFL_W04_NYJ_CHI_draftkings_20260911T141653Z,2026_NFL_W04_NYJ_CHI,2026-09-11T14:16:53.511626+00:00,2026-09-11T14:16:09Z,draftkings,-8.5,-110,-110,-425.0,330.0,45.5,-110,-110,,,,,,,True,,,odds_api,free
2026_NFL_W04_JAX_CIN_draftkings_20260911T141653Z,2026_NFL_W04_JAX_CIN,2026-09-11T14:16:53.511626+00:00,2026-09-11T14:16:09Z,draftkings,-2.5,-110,-110,-135.0,114.0,51.5,-110,-110,,,,,,,True,,,odds_api,free
2026_NFL_W04_JAX_CIN_betus_20260911T141653Z,2026_NFL_W04_JAX_CIN,2026-09-11T14:16:53.511626+00:00,2026-09-11T14:16:09Z,betus,-2.5,-110,-110,,,51.5,-110,-110,,,,,,,True,,,odds_api,free
2026_NFL_W04_DAL_HOU_draftkings_20260911T141653Z,2026_NFL_W04_DAL_HOU,2026-09-11T14:16:53.511626+00:00,2026-09-11T14:16:09Z,draftkings,-2.5,-110,-110,-135.0,114.0,47.5,-110,-110,,,,,,,True,,,odds_api,free
2026_NFL_W04_DAL_HOU_betus_20260911T141653Z,2026_NFL_W04_DAL_HOU,2026-09-11T14:16:53.511626+00:00,2026-09-11T14:16:09Z,betus,-2.5,-110,-110,,,47.5,-110,-110,,,,,,,True,,,odds_api,free
2026_NFL_W04_GB_TB_draftkings_20260911T141653Z,2026_NFL_W04_GB_TB,2026-09-11T14:16:53.511626+00:00,2026-09-11T14:16:09Z,draftkings,1.5,-110,-110,105.0,-125.0,47.5,-110,-110,,,,,,,True,,,odds_api,free
2026_NFL_W04_GB_TB_betus_20260911T141653Z,2026_NFL_W04_GB_TB,2026-09-11T14:16:53.511626+00:00,2026-09-11T14:16:09Z,betus,1.5,-110,-110,,,47.5,-110,-110,,,,,,,True,,,odds_api,free
2026_NFL_W04_MIA_MIN_draftkings_20260911T141653Z,2026_NFL_W04_MIA_MIN,2026-09-11T14:16:53.511626+00:00,2026-09-11T14:16:09Z,draftkings,-7.5,-110,-110,-395.0,310.0,43.5,-110,-110,,,,,,,True,,,odds_api,free
2026_NFL_W04_MIA_MIN_betus_20260911T141653Z,2026_NFL_W04_MIA_MIN,2026-09-11T14:16:53.511626+00:00,2026-09-11T14:16:09Z,betus,-7.5,-110,-110,,,43.5,-110,-110,,,,,,,True,,,odds_api,free
2026_NFL_W04_KC_LV_draftkings_20260911T141653Z,2026_NFL_W04_KC_LV,2026-09-11T14:16:53.511626+00:00,2026-09-11T14:16:09Z,draftkings,5.5,-110,-110,205.0,-250.0,43.5,-110,-110,,,,,,,True,,,odds_api,free
2026_NFL_W04_DET_CAR_draftkings_20260911T141653Z,2026_NFL_W04_DET_CAR,2026-09-11T14:16:53.511626+00:00,2026-09-11T14:16:09Z,draftkings,3.0,-110,-110,136.0,-162.0,47.5,-110,-110,,,,,,,True,,,odds_api,free
2026_NFL_W04_ATL_NO_draftkings_20260911T141653Z,2026_NFL_W04_ATL_NO,2026-09-11T14:16:53.511626+00:00,2026-09-11T14:16:09Z,draftkings,-2.5,-110,-110,-135.0,114.0,45.5,-115,-105,,,,,,,True,,,odds_api,free
2026_NFL_W04_ATL_NO_betus_20260911T141653Z,2026_NFL_W04_ATL_NO,2026-09-11T14:16:53.511626+00:00,2026-09-11T14:16:09Z,betus,-2.5,-110,-110,,,45.5,-110,-110,,,,,,,True,,,odds_api,free
2026_NFL_W04_PIT_CLE_draftkings_20260911T230606Z,2026_NFL_W04_PIT_CLE,2026-09-11T23:06:06.990934+00:00,2026-09-11T23:05:22Z,draftkings,2.5,-110,-110,114.0,-135.0,40.5,-110,-110,,,,,,,True,,,odds_api,free
2026_NFL_W04_IND_WAS_draftkings_20260911T230606Z,2026_NFL_W04_IND_WAS,2026-09-11T23:06:06.990934+00:00,2026-09-11T23:05:22Z,draftkings,-1.5,-105,-115,-118.0,-102.0,50.5,-110,-110,,,,,,,True,,,odds_api,free
2026_NFL_W04_IND_WAS_betus_20260911T230606Z,2026_NFL_W04_IND_WAS,2026-09-11T23:06:06.990934+00:00,2026-09-11T23:05:24Z,betus,-1.5,100,-120,,,48.5,-110,-110,,,,,,,True,,,odds_api,free
2026_NFL_W04_ARI_NYG_draftkings_20260911T230606Z,2026_NFL_W04_ARI_NYG,2026-09-11T23:06:06.990934+00:00,2026-09-11T23:05:22Z,draftkings,-7.0,-110,-110,-325.0,260.0,45.5,-110,-110,,,,,,,True,,,odds_api,free
2026_NFL_W04_ARI_NYG_betus_20260911T230606Z,2026_NFL_W04_ARI_NYG,2026-09-11T23:06:06.990934+00:00,2026-09-11T23:05:24Z,betus,-7.0,-110,-110,,,45.5,-110,-110,,,,,,,True,,,odds_api,free
2026_NFL_W04_TEN_BAL_draftkings_20260911T230606Z,2026_NFL_W04_TEN_BAL,2026-09-11T23:06:06.990934+00:00,2026-09-11T23:05:22Z,draftkings,-8.5,-110,-110,-395.0,310.0,47.5,-110,-110,,,,,,,True,,,odds_api,free
2026_NFL_W04_TEN_BAL_betus_20260911T230606Z,2026_NFL_W04_TEN_BAL,2026-09-11T23:06:06.990934+00:00,2026-09-11T23:05:24Z,betus,-8.5,-110,-110,,,47.5,-110,-110,,,,,,,True,,,odds_api,free
2026_NFL_W04_NYJ_CHI_draftkings_20260911T230606Z,2026_NFL_W04_NYJ_CHI,2026-09-11T23:06:06.990934+00:00,2026-09-11T23:05:22Z,draftkings,-8.5,-110,-110,-440.0,340.0,45.5,-110,-110,,,,,,,True,,,odds_api,free
2026_NFL_W04_JAX_CIN_draftkings_20260911T230606Z,2026_NFL_W04_JAX_CIN,2026-09-11T23:06:06.990934+00:00,2026-09-11T23:05:22Z,draftkings,-2.5,-110,-110,-135.0,114.0,51.5,-110,-110,,,,,,,True,,,odds_api,free
2026_NFL_W04_JAX_CIN_betus_20260911T230606Z,2026_NFL_W04_JAX_CIN,2026-09-11T23:06:06.990934+00:00,2026-09-11T23:05:24Z,betus,-2.5,-110,-110,,,51.5,-110,-110,,,,,,,True,,,odds_api,free
2026_NFL_W04_DAL_HOU_draftkings_20260911T230606Z,2026_NFL_W04_DAL_HOU,2026-09-11T23:06:06.990934+00:00,2026-09-11T23:05:22Z,draftkings,-2.5,-110,-110,-135.0,114.0,47.5,-110,-110,,,,,,,True,,,odds_api,free
2026_NFL_W04_DAL_HOU_betus_20260911T230606Z,2026_NFL_W04_DAL_HOU,2026-09-11T23:06:06.990934+00:00,2026-09-11T23:05:24Z,betus,-2.5,-110,-110,,,47.5,-110,-110,,,,,,,True,,,odds_api,free
2026_NFL_W04_GB_TB_draftkings_20260911T230606Z,2026_NFL_W04_GB_TB,2026-09-11T23:06:06.990934+00:00,2026-09-11T23:05:22Z,draftkings,1.5,-110,-110,105.0,-125.0,47.5,-110,-110,,,,,,,True,,,odds_api,free
2026_NFL_W04_GB_TB_betus_20260911T230606Z,2026_NFL_W04_GB_TB,2026-09-11T23:06:06.990934+00:00,2026-09-11T23:05:24Z,betus,1.5,-110,-110,,,47.5,-110,-110,,,,,,,True,,,odds_api,free
2026_NFL_W04_MIA_MIN_draftkings_20260911T230606Z,2026_NFL_W04_MIA_MIN,2026-09-11T23:06:06.990934+00:00,2026-09-11T23:05:22Z,draftkings,-7.5,-110,-110,-395.0,310.0,43.5,-110,-110,,,,,,,True,,,odds_api,free
2026_NFL_W04_MIA_MIN_betus_20260911T230606Z,2026_NFL_W04_MIA_MIN,2026-09-11T23:06:06.990934+00:00,2026-09-11T23:05:24Z,betus,-7.5,-110,-110,,,43.5,-110,-110,,,,,,,True,,,odds_api,free
2026_NFL_W04_KC_LV_draftkings_20260911T230606Z,2026_NFL_W04_KC_LV,2026-09-11T23:06:06.990934+00:00,2026-09-11T23:05:22Z,draftkings,5.5,-110,-110,205.0,-250.0,43.5,-110,-110,,,,,,,True,,,odds_api,free
2026_NFL_W04_DET_CAR_draftkings_20260911T230606Z,2026_NFL_W04_DET_CAR,2026-09-11T23:06:06.990934+00:00,2026-09-11T23:05:22Z,draftkings,3.0,-110,-110,136.0,-162.0,47.5,-110,-110,,,,,,,True,,,odds_api,free
2026_NFL_W04_ATL_NO_draftkings_20260911T230606Z,2026_NFL_W04_ATL_NO,2026-09-11T23:06:06.990934+00:00,2026-09-11T23:05:22Z,draftkings,-2.5,-110,-110,-135.0,114.0,45.5,-115,-105,,,,,,,True,,,odds_api,free
2026_NFL_W04_ATL_NO_betus_20260911T230606Z,2026_NFL_W04_ATL_NO,2026-09-11T23:06:06.990934+00:00,2026-09-11T23:05:24Z,betus,-2.5,-110,-110,,,45.5,-110,-110,,,,,,,True,,,odds_api,free
2026_NFL_W04_PIT_CLE_draftkings_20260922T231440Z,2026_NFL_W04_PIT_CLE,2026-09-22T23:14:40.141406+00:00,2026-09-22T23:14:07Z,draftkings,3.0,-115,-105,124.0,-148.0,38.5,-110,-110,,,,,,,True,,,odds_api,free
2026_NFL_W04_PIT_CLE_betus_20260922T231440Z,2026_NFL_W04_PIT_CLE,2026-09-22T23:14:40.141406+00:00,2026-09-22T23:14:12Z,betus,2.5,-110,-110,,,37.5,-110,-110,,,,,,,True,,,odds_api,free
2026_NFL_W04_PIT_CLE_fanduel_20260922T231440Z,2026_NFL_W04_PIT_CLE,2026-09-22T23:14:40.141406+00:00,2026-09-22T23:14:34Z,fanduel,2.5,-110,-110,114.0,-134.0,37.5,-105,-115,,,,,,,True,,,odds_api,free
2026_NFL_W04_PIT_CLE_betonlineag_20260922T231440Z,2026_NFL_W04_PIT_CLE,2026-09-22T23:14:40.141406+00:00,2026-09-22T23:14:08Z,betonlineag,2.5,-110,-110,,,37.5,-110,-110,,,,,,,True,,,odds_api,free
2026_NFL_W04_PIT_CLE_lowvig_20260922T231440Z,2026_NFL_W04_PIT_CLE,2026-09-22T23:14:40.141406+00:00,2026-09-22T23:14:10Z,lowvig,2.5,-105,-105,,,37.5,-107,-107,,,,,,,True,,,odds_api,free
2026_NFL_W04_PIT_CLE_betrivers_20260922T231440Z,2026_NFL_W04_PIT_CLE,2026-09-22T23:14:40.141406+00:00,2026-09-22T23:14:09Z,betrivers,2.5,-105,-117,117.0,-141.0,38.0,-108,-113,,,,,,,True,,,odds_api,free
2026_NFL_W04_IND_WAS_draftkings_20260922T231440Z,2026_NFL_W04_IND_WAS,2026-09-22T23:14:40.141406+00:00,2026-09-22T23:14:07Z,draftkings,4.5,-110,-110,170.0,-205.0,46.5,-110,-110,,,,,,,True,,,odds_api,free
2026_NFL_W04_IND_WAS_fanduel_20260922T231440Z,2026_NFL_W04_IND_WAS,2026-09-22T23:14:40.141406+00:00,2026-09-22T23:14:34Z,fanduel,4.5,-105,-115,190.0,-230.0,46.5,-104,-118,,,,,,,True,,,odds_api,free
2026_NFL_W04_IND_WAS_betus_20260922T231440Z,2026_NFL_W04_IND_WAS,2026-09-22T23:14:40.141406+00:00,2026-09-22T23:14:12Z,betus,4.5,-110,-110,,,45.5,-110,-110,,,,,,,True,,,odds_api,free
2026_NFL_W04_IND_WAS_lowvig_20260922T231440Z,2026_NFL_W04_IND_WAS,2026-09-22T23:14:40.141406+00:00,2026-09-22T23:14:10Z,lowvig,4.5,-105,-105,,,46.0,-107,-107,,,,,,,True,,,odds_api,free
2026_NFL_W04_IND_WAS_betonlineag_20260922T231440Z,2026_NFL_W04_IND_WAS,2026-09-22T23:14:40.141406+00:00,2026-09-22T23:14:08Z,betonlineag,4.5,-110,-110,,,46.0,-110,-110,,,,,,,True,,,odds_api,free
2026_NFL_W04_IND_WAS_betrivers_20260922T231440Z,2026_NFL_W04_IND_WAS,2026-09-22T23:14:40.141406+00:00,2026-09-22T23:14:09Z,betrivers,4.5,-108,-113,180.0,-225.0,46.0,-113,-108,,,,,,,True,,,odds_api,free
2026_NFL_W04_ARI_NYG_draftkings_20260922T231440Z,2026_NFL_W04_ARI_NYG,2026-09-22T23:14:40.141406+00:00,2026-09-22T23:14:07Z,draftkings,-2.5,-115,-105,-142.0,120.0,43.5,-110,-110,,,,,,,True,,,odds_api,free
2026_NFL_W04_ARI_NYG_betus_20260922T231440Z,2026_NFL_W04_ARI_NYG,2026-09-22T23:14:40.141406+00:00,2026-09-22T23:14:12Z,betus,-2.5,-110,-110,,,44.0,-110,-110,,,,,,,True,,,odds_api,free
2026_NFL_W04_ARI_NYG_fanduel_20260922T231440Z,2026_NFL_W04_ARI_NYG,2026-09-22T23:14:40.141406+00:00,2026-09-22T23:14:34Z,fanduel,-2.5,-110,-110,-136.0,116.0,43.5,-115,-105,,,,,,,True,,,odds_api,free
2026_NFL_W04_ARI_NYG_betrivers_20260922T231440Z,2026_NFL_W04_ARI_NYG,2026-09-22T23:14:40.141406+00:00,2026-09-22T23:14:09Z,betrivers,-2.5,-117,-105,-141.0,117.0,43.5,-112,-109,,,,,,,True,,,odds_api,free
2026_NFL_W04_TEN_BAL_draftkings_20260922T231440Z,2026_NFL_W04_TEN_BAL,2026-09-22T23:14:40.141406+00:00,2026-09-22T23:14:07Z,draftkings,-10.5,-110,-110,-600.0,440.0,44.5,-110,-110,,,,,,,True,,,odds_api,free
2026_NFL_W04_TEN_BAL_betus_20260922T231440Z,2026_NFL_W04_TEN_BAL,2026-09-22T23:14:40.141406+00:00,2026-09-22T23:14:12Z,betus,-10.5,-110,-110,,,45.0,-110,-110,,,,,,,True,,,odds_api,free
2026_NFL_W04_TEN_BAL_fanduel_20260922T231440Z,2026_NFL_W04_TEN_BAL,2026-09-22T23:14:40.141406+00:00,2026-09-22T23:14:34Z,fanduel,-10.5,-110,-110,-700.0,500.0,44.5,-118,-104,,,,,,,True,,,odds_api,free
2026_NFL_W04_TEN_BAL_betonlineag_20260922T231440Z,2026_NFL_W04_TEN_BAL,2026-09-22T23:14:40.141406+00:00,2026-09-22T23:14:08Z,betonlineag,-10.5,-110,-110,,,45.0,-110,-110,,,,,,,True,,,odds_api,free
2026_NFL_W04_TEN_BAL_lowvig_20260922T231440Z,2026_NFL_W04_TEN_BAL,2026-09-22T23:14:40.141406+00:00,2026-09-22T23:14:10Z,lowvig,-10.5,-105,-105,,,45.0,-107,-107,,,,,,,True,,,odds_api,free
2026_NFL_W04_TEN_BAL_betrivers_20260922T231440Z,2026_NFL_W04_TEN_BAL,2026-09-22T23:14:40.141406+00:00,2026-09-22T23:14:09Z,betrivers,-10.0,-114,-107,-670.0,460.0,44.5,-110,-110,,,,,,,True,,,odds_api,free
2026_NFL_W04_NE_BUF_draftkings_20260922T231440Z,2026_NFL_W04_NE_BUF,2026-09-22T23:14:40.141406+00:00,2026-09-22T23:14:07Z,draftkings,-5.5,-110,-110,-250.0,205.0,49.5,-110,-110,,,,,,,True,,,odds_api,free
2026_NFL_W04_NE_BUF_fanduel_20260922T231440Z,2026_NFL_W04_NE_BUF,2026-09-22T23:14:40.141406+00:00,2026-09-22T23:14:34Z,fanduel,-5.5,-115,-105,-260.0,215.0,50.5,-104,-118,,,,,,,True,,,odds_api,free
2026_NFL_W04_NE_BUF_betus_20260922T231440Z,2026_NFL_W04_NE_BUF,2026-09-22T23:14:40.141406+00:00,2026-09-22T23:14:12Z,betus,-5.5,-110,-110,,,50.5,-110,-110,,,,,,,True,,,odds_api,free
2026_NFL_W04_NE_BUF_lowvig_20260922T231440Z,2026_NFL_W04_NE_BUF,2026-09-22T23:14:40.141406+00:00,2026-09-22T23:14:10Z,lowvig,-5.5,-105,-105,,,50.0,-107,-107,,,,,,,True,,,odds_api,free
2026_NFL_W04_NE_BUF_betonlineag_20260922T231440Z,2026_NFL_W04_NE_BUF,2026-09-22T23:14:40.141406+00:00,2026-09-22T23:14:08Z,betonlineag,-5.5,-110,-110,,,50.0,-110,-110,,,,,,,True,,,odds_api,free
2026_NFL_W04_NE_BUF_betrivers_20260922T231440Z,2026_NFL_W04_NE_BUF,2026-09-22T23:14:40.141406+00:00,2026-09-22T23:14:09Z,betrivers,-5.5,-112,-109,-265.0,210.0,49.5,-113,-108,,,,,,,True,,,odds_api,free
2026_NFL_W04_NYJ_CHI_draftkings_20260922T231440Z,2026_NFL_W04_NYJ_CHI,2026-09-22T23:14:40.141406+00:00,2026-09-22T23:14:07Z,draftkings,-3.0,-110,-110,-162.0,136.0,43.5,-110,-110,,,,,,,True,,,odds_api,free
2026_NFL_W04_NYJ_CHI_fanduel_20260922T231440Z,2026_NFL_W04_NYJ_CHI,2026-09-22T23:14:40.141406+00:00,2026-09-22T23:14:34Z,fanduel,-3.5,-110,-110,-190.0,160.0,43.5,-105,-115,,,,,,,True,,,odds_api,free
2026_NFL_W04_NYJ_CHI_betus_20260922T231440Z,2026_NFL_W04_NYJ_CHI,2026-09-22T23:14:40.141406+00:00,2026-09-22T23:14:12Z,betus,-3.0,-115,-105,,,43.0,-110,-110,,,,,,,True,,,odds_api,free
2026_NFL_W04_NYJ_CHI_lowvig_20260922T231440Z,2026_NFL_W04_NYJ_CHI,2026-09-22T23:14:40.141406+00:00,2026-09-22T23:14:10Z,lowvig,-3.0,-110,100,,,43.0,-107,-107,,,,,,,True,,,odds_api,free
2026_NFL_W04_NYJ_CHI_betonlineag_20260922T231440Z,2026_NFL_W04_NYJ_CHI,2026-09-22T23:14:40.141406+00:00,2026-09-22T23:14:08Z,betonlineag,-3.0,-115,-105,,,43.0,-110,-110,,,,,,,True,,,odds_api,free
2026_NFL_W04_NYJ_CHI_betrivers_20260922T231440Z,2026_NFL_W04_NYJ_CHI,2026-09-22T23:14:40.141406+00:00,2026-09-22T23:14:09Z,betrivers,-3.5,-110,-110,-182.0,150.0,43.5,-110,-110,,,,,,,True,,,odds_api,free
2026_NFL_W04_JAX_CIN_draftkings_20260922T231440Z,2026_NFL_W04_JAX_CIN,2026-09-22T23:14:40.141406+00:00,2026-09-22T23:14:07Z,draftkings,-3.0,-110,-110,-162.0,136.0,49.5,-110,-110,,,,,,,True,,,odds_api,free
2026_NFL_W04_JAX_CIN_betus_20260922T231440Z,2026_NFL_W04_JAX_CIN,2026-09-22T23:14:40.141406+00:00,2026-09-22T23:14:12Z,betus,-2.5,-115,-105,,,50.5,-110,-110,,,,,,,True,,,odds_api,free
2026_NFL_W04_JAX_CIN_fanduel_20260922T231440Z,2026_NFL_W04_JAX_CIN,2026-09-22T23:14:40.141406+00:00,2026-09-22T23:14:34Z,fanduel,-2.5,-115,-105,-144.0,122.0,50.5,-118,-104,,,,,,,True,,,odds_api,free
2026_NFL_W04_JAX_CIN_betonlineag_20260922T231440Z,2026_NFL_W04_JAX_CIN,2026-09-22T23:14:40.141406+00:00,2026-09-22T23:14:08Z,betonlineag,-2.5,-115,-105,,,50.5,-110,-110,,,,,,,True,,,odds_api,free
2026_NFL_W04_JAX_CIN_lowvig_20260922T231440Z,2026_NFL_W04_JAX_CIN,2026-09-22T23:14:40.141406+00:00,2026-09-22T23:14:10Z,lowvig,-2.5,-110,100,,,50.5,-107,-107,,,,,,,True,,,odds_api,free
2026_NFL_W04_JAX_CIN_betrivers_20260922T231440Z,2026_NFL_W04_JAX_CIN,2026-09-22T23:14:40.141406+00:00,2026-09-22T23:14:09Z,betrivers,-2.5,-118,-104,-152.0,125.0,50.0,-114,-107,,,,,,,True,,,odds_api,free
2026_NFL_W04_DAL_HOU_draftkings_20260922T231440Z,2026_NFL_W04_DAL_HOU,2026-09-22T23:14:40.141406+00:00,2026-09-22T23:14:07Z,draftkings,-3.0,-110,-110,-162.0,136.0,47.5,-110,-110,,,,,,,True,,,odds_api,free
2026_NFL_W04_DAL_HOU_betus_20260922T231440Z,2026_NFL_W04_DAL_HOU,2026-09-22T23:14:40.141406+00:00,2026-09-22T23:14:12Z,betus,-3.0,-105,-115,,,48.0,-110,-110,,,,,,,True,,,odds_api,free
2026_NFL_W04_DAL_HOU_fanduel_20260922T231440Z,2026_NFL_W04_DAL_HOU,2026-09-22T23:14:40.141406+00:00,2026-09-22T23:14:34Z,fanduel,-2.5,-115,-105,-146.0,124.0,47.5,-105,-115,,,,,,,True,,,odds_api,free
2026_NFL_W04_DAL_HOU_betonlineag_20260922T231440Z,2026_NFL_W04_DAL_HOU,2026-09-22T23:14:40.141406+00:00,2026-09-22T23:14:08Z,betonlineag,-3.0,-105,-115,,,47.5,-110,-110,,,,,,,True,,,odds_api,free
2026_NFL_W04_DAL_HOU_lowvig_20260922T231440Z,2026_NFL_W04_DAL_HOU,2026-09-22T23:14:40.141406+00:00,2026-09-22T23:14:10Z,lowvig,-3.0,100,-110,,,47.5,-107,-107,,,,,,,True,,,odds_api,free
2026_NFL_W04_DAL_HOU_betrivers_20260922T231440Z,2026_NFL_W04_DAL_HOU,2026-09-22T23:14:40.141406+00:00,2026-09-22T23:14:09Z,betrivers,-2.5,-118,-104,-152.0,125.0,47.5,-112,-109,,,,,,,True,,,odds_api,free
2026_NFL_W04_GB_TB_draftkings_20260922T231440Z,2026_NFL_W04_GB_TB,2026-09-22T23:14:40.141406+00:00,2026-09-22T23:14:07Z,draftkings,1.5,-115,-105,-102.0,-118.0,45.5,-110,-110,,,,,,,True,,,odds_api,free
2026_NFL_W04_GB_TB_betus_20260922T231440Z,2026_NFL_W04_GB_TB,2026-09-22T23:14:40.141406+00:00,2026-09-22T23:14:12Z,betus,1.5,-110,-110,,,46.0,-110,-110,,,,,,,True,,,odds_api,free
2026_NFL_W04_GB_TB_fanduel_20260922T231440Z,2026_NFL_W04_GB_TB,2026-09-22T23:14:40.141406+00:00,2026-09-22T23:14:34Z,fanduel,1.5,-120,-102,-104.0,-112.0,45.5,-115,-105,,,,,,,True,,,odds_api,free
2026_NFL_W04_GB_TB_betonlineag_20260922T231440Z,2026_NFL_W04_GB_TB,2026-09-22T23:14:40.141406+00:00,2026-09-22T23:14:08Z,betonlineag,1.5,-115,-105,,,46.0,-110,-110,,,,,,,True,,,odds_api,free
2026_NFL_W04_GB_TB_lowvig_20260922T231440Z,2026_NFL_W04_GB_TB,2026-09-22T23:14:40.141406+00:00,2026-09-22T23:14:10Z,lowvig,1.5,-110,100,,,46.0,-107,-107,,,,,,,True,,,odds_api,free
2026_NFL_W04_GB_TB_betrivers_20260922T231440Z,2026_NFL_W04_GB_TB,2026-09-22T23:14:40.141406+00:00,2026-09-22T23:14:09Z,betrivers,1.0,-109,-112,-103.0,-120.0,45.5,-109,-112,,,,,,,True,,,odds_api,free
2026_NFL_W04_LAR_PHI_draftkings_20260922T231440Z,2026_NFL_W04_LAR_PHI,2026-09-22T23:14:40.141406+00:00,2026-09-22T23:14:07Z,draftkings,2.5,-115,-105,114.0,-135.0,45.5,-110,-110,,,,,,,True,,,odds_api,free
2026_NFL_W04_LAR_PHI_betus_20260922T231440Z,2026_NFL_W04_LAR_PHI,2026-09-22T23:14:40.141406+00:00,2026-09-22T23:14:12Z,betus,2.5,-110,-110,,,46.0,-110,-110,,,,,,,True,,,odds_api,free
2026_NFL_W04_LAR_PHI_fanduel_20260922T231440Z,2026_NFL_W04_LAR_PHI,2026-09-22T23:14:40.141406+00:00,2026-09-22T23:14:34Z,fanduel,3.0,-118,-104,128.0,-152.0,46.5,-104,-118,,,,,,,True,,,odds_api,free
2026_NFL_W04_LAR_PHI_betonlineag_20260922T231440Z,2026_NFL_W04_LAR_PHI,2026-09-22T23:14:40.141406+00:00,2026-09-22T23:14:08Z,betonlineag,2.5,100,-120,,,46.0,-110,-110,,,,,,,True,,,odds_api,free
2026_NFL_W04_LAR_PHI_lowvig_20260922T231440Z,2026_NFL_W04_LAR_PHI,2026-09-22T23:14:40.141406+00:00,2026-09-22T23:14:10Z,lowvig,2.5,105,-116,,,46.0,-107,-107,,,,,,,True,,,odds_api,free
2026_NFL_W04_LAR_PHI_betrivers_20260922T231440Z,2026_NFL_W04_LAR_PHI,2026-09-22T23:14:40.141406+00:00,2026-09-22T23:14:09Z,betrivers,2.5,-108,-113,114.0,-143.0,46.5,-110,-110,,,,,,,True,,,odds_api,free
2026_NFL_W04_MIA_MIN_draftkings_20260922T231440Z,2026_NFL_W04_MIA_MIN,2026-09-22T23:14:40.141406+00:00,2026-09-22T23:14:07Z,draftkings,-10.5,-110,-110,-750.0,525.0,42.5,-110,-110,,,,,,,True,,,odds_api,free
2026_NFL_W04_MIA_MIN_betus_20260922T231440Z,2026_NFL_W04_MIA_MIN,2026-09-22T23:14:40.141406+00:00,2026-09-22T23:14:12Z,betus,-10.5,-110,-110,,,42.0,-110,-110,,,,,,,True,,,odds_api,free
2026_NFL_W04_MIA_MIN_fanduel_20260922T231440Z,2026_NFL_W04_MIA_MIN,2026-09-22T23:14:40.141406+00:00,2026-09-22T23:14:34Z,fanduel,-10.5,-102,-120,-560.0,420.0,43.5,-105,-115,,,,,,,True,,,odds_api,free
2026_NFL_W04_MIA_MIN_betonlineag_20260922T231440Z,2026_NFL_W04_MIA_MIN,2026-09-22T23:14:40.141406+00:00,2026-09-22T23:14:08Z,betonlineag,-9.5,-115,-105,,,42.5,-110,-110,,,,,,,True,,,odds_api,free
2026_NFL_W04_MIA_MIN_lowvig_20260922T231440Z,2026_NFL_W04_MIA_MIN,2026-09-22T23:14:40.141406+00:00,2026-09-22T23:14:10Z,lowvig,-9.5,-110,100,,,42.5,-107,-107,,,,,,,True,,,odds_api,free
2026_NFL_W04_MIA_MIN_betrivers_20260922T231440Z,2026_NFL_W04_MIA_MIN,2026-09-22T23:14:40.141406+00:00,2026-09-22T23:14:09Z,betrivers,-10.5,-108,-113,-625.0,440.0,43.0,-110,-110,,,,,,,True,,,odds_api,free
2026_NFL_W04_DEN_SF_draftkings_20260922T231440Z,2026_NFL_W04_DEN_SF,2026-09-22T23:14:40.141406+00:00,2026-09-22T23:14:07Z,draftkings,-4.5,-105,-115,-205.0,170.0,45.5,-110,-110,,,,,,,True,,,odds_api,free
2026_NFL_W04_DEN_SF_betus_20260922T231440Z,2026_NFL_W04_DEN_SF,2026-09-22T23:14:40.141406+00:00,2026-09-22T23:14:12Z,betus,-3.5,-115,-105,,,46.0,-110,-110,,,,,,,True,,,odds_api,free
2026_NFL_W04_DEN_SF_fanduel_20260922T231440Z,2026_NFL_W04_DEN_SF,2026-09-22T23:14:40.141406+00:00,2026-09-22T23:14:34Z,fanduel,-3.0,-118,-104,-172.0,144.0,46.5,-110,-110,,,,,,,True,,,odds_api,free
2026_NFL_W04_DEN_SF_betonlineag_20260922T231440Z,2026_NFL_W04_DEN_SF,2026-09-22T23:14:40.141406+00:00,2026-09-22T23:14:08Z,betonlineag,-3.5,-115,-105,,,46.0,-110,-110,,,,,,,True,,,odds_api,free
2026_NFL_W04_DEN_SF_lowvig_20260922T231440Z,2026_NFL_W04_DEN_SF,2026-09-22T23:14:40.141406+00:00,2026-09-22T23:14:10Z,lowvig,-3.5,-110,100,,,46.0,-107,-107,,,,,,,True,,,odds_api,free
2026_NFL_W04_DEN_SF_betrivers_20260922T231440Z,2026_NFL_W04_DEN_SF,2026-09-22T23:14:40.141406+00:00,2026-09-22T23:14:09Z,betrivers,-4.0,-108,-113,-186.0,150.0,45.5,-113,-108,,,,,,,True,,,odds_api,free
2026_NFL_W04_KC_LV_draftkings_20260922T231440Z,2026_NFL_W04_KC_LV,2026-09-22T23:14:40.141406+00:00,2026-09-22T23:14:07Z,draftkings,6.0,-110,-110,210.0,-258.0,45.5,-110,-110,,,,,,,True,,,odds_api,free
2026_NFL_W04_KC_LV_betus_20260922T231440Z,2026_NFL_W04_KC_LV,2026-09-22T23:14:40.141406+00:00,2026-09-22T23:14:12Z,betus,5.5,-110,-110,,,46.0,-110,-110,,,,,,,True,,,odds_api,free
2026_NFL_W04_KC_LV_fanduel_20260922T231440Z,2026_NFL_W04_KC_LV,2026-09-22T23:14:40.141406+00:00,2026-09-22T23:14:34Z,fanduel,5.5,-115,-105,198.0,-240.0,45.5,-118,-104,,,,,,,True,,,odds_api,free
2026_NFL_W04_KC_LV_lowvig_20260922T231440Z,2026_NFL_W04_KC_LV,2026-09-22T23:14:40.141406+00:00,2026-09-22T23:14:10Z,lowvig,5.5,-105,-105,,,46.0,-107,-107,,,,,,,True,,,odds_api,free
2026_NFL_W04_KC_LV_betonlineag_20260922T231440Z,2026_NFL_W04_KC_LV,2026-09-22T23:14:40.141406+00:00,2026-09-22T23:14:08Z,betonlineag,5.5,-110,-110,,,46.0,-110,-110,,,,,,,True,,,odds_api,free
2026_NFL_W04_KC_LV_betrivers_20260922T231440Z,2026_NFL_W04_KC_LV,2026-09-22T23:14:40.141406+00:00,2026-09-22T23:14:09Z,betrivers,5.5,-107,-114,200.0,-250.0,45.5,-109,-112,,,,,,,True,,,odds_api,free
2026_NFL_W04_LAC_SEA_draftkings_20260922T231440Z,2026_NFL_W04_LAC_SEA,2026-09-22T23:14:40.141406+00:00,2026-09-22T23:14:07Z,draftkings,-6.5,-110,-110,-285.0,230.0,42.5,-110,-110,,,,,,,True,,,odds_api,free
2026_NFL_W04_LAC_SEA_betus_20260922T231440Z,2026_NFL_W04_LAC_SEA,2026-09-22T23:14:40.141406+00:00,2026-09-22T23:14:12Z,betus,-6.5,-110,-110,,,43.5,-110,-110,,,,,,,True,,,odds_api,free
2026_NFL_W04_LAC_SEA_fanduel_20260922T231440Z,2026_NFL_W04_LAC_SEA,2026-09-22T23:14:40.141406+00:00,2026-09-22T23:14:34Z,fanduel,-7.0,-105,-115,-340.0,275.0,43.5,-115,-105,,,,,,,True,,,odds_api,free
2026_NFL_W04_LAC_SEA_betonlineag_20260922T231440Z,2026_NFL_W04_LAC_SEA,2026-09-22T23:14:40.141406+00:00,2026-09-22T23:14:08Z,betonlineag,-6.5,-115,-105,,,43.5,-110,-110,,,,,,,True,,,odds_api,free
2026_NFL_W04_LAC_SEA_lowvig_20260922T231440Z,2026_NFL_W04_LAC_SEA,2026-09-22T23:14:40.141406+00:00,2026-09-22T23:14:10Z,lowvig,-6.5,-110,100,,,43.5,-107,-107,,,,,,,True,,,odds_api,free
2026_NFL_W04_LAC_SEA_betrivers_20260922T231440Z,2026_NFL_W04_LAC_SEA,2026-09-22T23:14:40.141406+00:00,2026-09-22T23:14:09Z,betrivers,-6.5,-115,-106,-335.0,255.0,43.0,-110,-110,,,,,,,True,,,odds_api,free
2026_NFL_W04_DET_CAR_draftkings_20260922T231440Z,2026_NFL_W04_DET_CAR,2026-09-22T23:14:40.141406+00:00,2026-09-22T23:14:07Z,draftkings,3.0,-120,100,130.0,-155.0,49.5,-110,-110,,,,,,,True,,,odds_api,free
2026_NFL_W04_DET_CAR_fanduel_20260922T231440Z,2026_NFL_W04_DET_CAR,2026-09-22T23:14:40.141406+00:00,2026-09-22T23:14:34Z,fanduel,2.5,-110,-110,118.0,-138.0,49.5,-110,-110,,,,,,,True,,,odds_api,free
2026_NFL_W04_DET_CAR_betus_20260922T231440Z,2026_NFL_W04_DET_CAR,2026-09-22T23:14:40.141406+00:00,2026-09-22T23:14:12Z,betus,2.5,-110,-110,,,49.5,-110,-110,,,,,,,True,,,odds_api,free
2026_NFL_W04_DET_CAR_lowvig_20260922T231440Z,2026_NFL_W04_DET_CAR,2026-09-22T23:14:40.141406+00:00,2026-09-22T23:14:10Z,lowvig,2.5,-105,-105,,,49.5,-107,-107,,,,,,,True,,,odds_api,free
2026_NFL_W04_DET_CAR_betonlineag_20260922T231440Z,2026_NFL_W04_DET_CAR,2026-09-22T23:14:40.141406+00:00,2026-09-22T23:14:08Z,betonlineag,2.5,-110,-110,,,49.5,-110,-110,,,,,,,True,,,odds_api,free
2026_NFL_W04_DET_CAR_betrivers_20260922T231440Z,2026_NFL_W04_DET_CAR,2026-09-22T23:14:40.141406+00:00,2026-09-22T23:14:09Z,betrivers,3.0,-114,-107,123.0,-150.0,49.5,-110,-110,,,,,,,True,,,odds_api,free
2026_NFL_W04_ATL_NO_draftkings_20260922T231440Z,2026_NFL_W04_ATL_NO,2026-09-22T23:14:40.141406+00:00,2026-09-22T23:14:07Z,draftkings,-3.5,-110,-110,-185.0,154.0,45.5,-115,-105,,,,,,,True,,,odds_api,free
2026_NFL_W04_ATL_NO_betus_20260922T231440Z,2026_NFL_W04_ATL_NO,2026-09-22T23:14:40.141406+00:00,2026-09-22T23:14:12Z,betus,-3.5,-110,-110,,,46.0,-110,-110,,,,,,,True,,,odds_api,free
2026_NFL_W04_ATL_NO_fanduel_20260922T231440Z,2026_NFL_W04_ATL_NO,2026-09-22T23:14:40.141406+00:00,2026-09-22T23:14:34Z,fanduel,-3.5,-110,-110,-190.0,160.0,45.5,-105,-115,,,,,,,True,,,odds_api,free
2026_NFL_W04_ATL_NO_betonlineag_20260922T231440Z,2026_NFL_W04_ATL_NO,2026-09-22T23:14:40.141406+00:00,2026-09-22T23:14:08Z,betonlineag,-3.5,-110,-110,,,45.5,-110,-110,,,,,,,True,,,odds_api,free
2026_NFL_W04_ATL_NO_lowvig_20260922T231440Z,2026_NFL_W04_ATL_NO,2026-09-22T23:14:40.141406+00:00,2026-09-22T23:14:10Z,lowvig,-3.5,-105,-105,,,45.5,-107,-107,,,,,,,True,,,odds_api,free
2026_NFL_W04_ATL_NO_betrivers_20260922T231440Z,2026_NFL_W04_ATL_NO,2026-09-22T23:14:40.141406+00:00,2026-09-22T23:14:09Z,betrivers,-3.5,-110,-110,-190.0,155.0,45.5,-110,-110,,,,,,,True,,,odds_api,free
2026_NFL_W04_PIT_CLE_draftkings_20260923T141648Z,2026_NFL_W04_PIT_CLE,2026-09-23T14:16:48.582869+00:00,2026-09-23T14:16:25Z,draftkings,3.0,-115,-105,124.0,-148.0,38.5,-110,-110,,,,,,,True,,,odds_api,free
2026_NFL_W04_PIT_CLE_betus_20260923T141648Z,2026_NFL_W04_PIT_CLE,2026-09-23T14:16:48.582869+00:00,2026-09-23T14:15:55Z,betus,2.5,-110,-110,,,37.5,-110,-110,,,,,,,True,,,odds_api,free
2026_NFL_W04_PIT_CLE_fanduel_20260923T141648Z,2026_NFL_W04_PIT_CLE,2026-09-23T14:16:48.582869+00:00,2026-09-23T14:16:43Z,fanduel,2.5,-110,-110,114.0,-134.0,37.5,-105,-115,,,,,,,True,,,odds_api,free
2026_NFL_W04_PIT_CLE_betonlineag_20260923T141648Z,2026_NFL_W04_PIT_CLE,2026-09-23T14:16:48.582869+00:00,2026-09-23T14:16:08Z,betonlineag,2.5,-110,-110,,,37.5,-110,-110,,,,,,,True,,,odds_api,free
2026_NFL_W04_PIT_CLE_lowvig_20260923T141648Z,2026_NFL_W04_PIT_CLE,2026-09-23T14:16:48.582869+00:00,2026-09-23T14:14:43Z,lowvig,2.5,-105,-105,,,37.5,-107,-107,,,,,,,True,,,odds_api,free
2026_NFL_W04_PIT_CLE_betrivers_20260923T141648Z,2026_NFL_W04_PIT_CLE,2026-09-23T14:16:48.582869+00:00,2026-09-23T14:16:45Z,betrivers,2.5,-105,-117,117.0,-141.0,38.0,-108,-113,,,,,,,True,,,odds_api,free
2026_NFL_W04_PIT_CLE_bovada_20260923T141648Z,2026_NFL_W04_PIT_CLE,2026-09-23T14:16:48.582869+00:00,2026-09-23T14:15:17Z,bovada,2.5,-110,-110,120.0,-140.0,37.5,-110,-110,,,,,,,True,,,odds_api,free
2026_NFL_W04_IND_WAS_draftkings_20260923T141648Z,2026_NFL_W04_IND_WAS,2026-09-23T14:16:48.582869+00:00,2026-09-23T14:16:25Z,draftkings,4.5,-110,-110,170.0,-205.0,46.5,-110,-110,,,,,,,True,,,odds_api,free
2026_NFL_W04_IND_WAS_fanduel_20260923T141648Z,2026_NFL_W04_IND_WAS,2026-09-23T14:16:48.582869+00:00,2026-09-23T14:16:43Z,fanduel,4.5,-105,-115,190.0,-230.0,46.5,-104,-118,,,,,,,True,,,odds_api,free
2026_NFL_W04_IND_WAS_betus_20260923T141648Z,2026_NFL_W04_IND_WAS,2026-09-23T14:16:48.582869+00:00,2026-09-23T14:15:55Z,betus,4.5,-110,-110,,,45.5,-110,-110,,,,,,,True,,,odds_api,free
2026_NFL_W04_IND_WAS_lowvig_20260923T141648Z,2026_NFL_W04_IND_WAS,2026-09-23T14:16:48.582869+00:00,2026-09-23T14:14:43Z,lowvig,4.5,-105,-105,,,46.0,-107,-107,,,,,,,True,,,odds_api,free
2026_NFL_W04_IND_WAS_betonlineag_20260923T141648Z,2026_NFL_W04_IND_WAS,2026-09-23T14:16:48.582869+00:00,2026-09-23T14:16:08Z,betonlineag,4.5,-110,-110,,,46.0,-110,-110,,,,,,,True,,,odds_api,free
2026_NFL_W04_IND_WAS_betrivers_20260923T141648Z,2026_NFL_W04_IND_WAS,2026-09-23T14:16:48.582869+00:00,2026-09-23T14:16:45Z,betrivers,4.5,-108,-113,180.0,-225.0,46.0,-113,-108,,,,,,,True,,,odds_api,free
2026_NFL_W04_ARI_NYG_draftkings_20260923T141648Z,2026_NFL_W04_ARI_NYG,2026-09-23T14:16:48.582869+00:00,2026-09-23T14:16:25Z,draftkings,-2.5,-115,-105,-142.0,120.0,43.5,-110,-110,,,,,,,True,,,odds_api,free
2026_NFL_W04_ARI_NYG_betus_20260923T141648Z,2026_NFL_W04_ARI_NYG,2026-09-23T14:16:48.582869+00:00,2026-09-23T14:15:55Z,betus,-2.5,-110,-110,,,44.0,-110,-110,,,,,,,True,,,odds_api,free
2026_NFL_W04_ARI_NYG_fanduel_20260923T141648Z,2026_NFL_W04_ARI_NYG,2026-09-23T14:16:48.582869+00:00,2026-09-23T14:16:43Z,fanduel,-2.5,-110,-110,-136.0,116.0,43.5,-115,-105,,,,,,,True,,,odds_api,free
2026_NFL_W04_ARI_NYG_betrivers_20260923T141648Z,2026_NFL_W04_ARI_NYG,2026-09-23T14:16:48.582869+00:00,2026-09-23T14:16:45Z,betrivers,-2.5,-117,-105,-141.0,117.0,43.5,-112,-109,,,,,,,True,,,odds_api,free
2026_NFL_W04_TEN_BAL_draftkings_20260923T141648Z,2026_NFL_W04_TEN_BAL,2026-09-23T14:16:48.582869+00:00,2026-09-23T14:16:25Z,draftkings,-10.5,-110,-110,-600.0,440.0,44.5,-110,-110,,,,,,,True,,,odds_api,free
2026_NFL_W04_TEN_BAL_betus_20260923T141648Z,2026_NFL_W04_TEN_BAL,2026-09-23T14:16:48.582869+00:00,2026-09-23T14:15:55Z,betus,-10.5,-110,-110,,,45.0,-110,-110,,,,,,,True,,,odds_api,free
2026_NFL_W04_TEN_BAL_fanduel_20260923T141648Z,2026_NFL_W04_TEN_BAL,2026-09-23T14:16:48.582869+00:00,2026-09-23T14:16:43Z,fanduel,-10.5,-110,-110,-700.0,500.0,44.5,-118,-104,,,,,,,True,,,odds_api,free
2026_NFL_W04_TEN_BAL_betonlineag_20260923T141648Z,2026_NFL_W04_TEN_BAL,2026-09-23T14:16:48.582869+00:00,2026-09-23T14:16:08Z,betonlineag,-10.5,-110,-110,,,45.0,-110,-110,,,,,,,True,,,odds_api,free
2026_NFL_W04_TEN_BAL_lowvig_20260923T141648Z,2026_NFL_W04_TEN_BAL,2026-09-23T14:16:48.582869+00:00,2026-09-23T14:14:43Z,lowvig,-10.5,-105,-105,,,45.0,-107,-107,,,,,,,True,,,odds_api,free
2026_NFL_W04_TEN_BAL_betrivers_20260923T141648Z,2026_NFL_W04_TEN_BAL,2026-09-23T14:16:48.582869+00:00,2026-09-23T14:16:45Z,betrivers,-10.0,-114,-107,-670.0,460.0,44.5,-110,-110,,,,,,,True,,,odds_api,free
2026_NFL_W04_NE_BUF_draftkings_20260923T141648Z,2026_NFL_W04_NE_BUF,2026-09-23T14:16:48.582869+00:00,2026-09-23T14:16:25Z,draftkings,-5.5,-110,-110,-250.0,205.0,49.5,-110,-110,,,,,,,True,,,odds_api,free
2026_NFL_W04_NE_BUF_fanduel_20260923T141648Z,2026_NFL_W04_NE_BUF,2026-09-23T14:16:48.582869+00:00,2026-09-23T14:16:43Z,fanduel,-5.5,-115,-105,-260.0,215.0,50.5,-104,-118,,,,,,,True,,,odds_api,free
2026_NFL_W04_NE_BUF_betus_20260923T141648Z,2026_NFL_W04_NE_BUF,2026-09-23T14:16:48.582869+00:00,2026-09-23T14:15:55Z,betus,-5.5,-110,-110,,,50.5,-110,-110,,,,,,,True,,,odds_api,free
2026_NFL_W04_NE_BUF_lowvig_20260923T141648Z,2026_NFL_W04_NE_BUF,2026-09-23T14:16:48.582869+00:00,2026-09-23T14:14:43Z,lowvig,-5.5,-105,-105,,,50.0,-107,-107,,,,,,,True,,,odds_api,free
2026_NFL_W04_NE_BUF_betonlineag_20260923T141648Z,2026_NFL_W04_NE_BUF,2026-09-23T14:16:48.582869+00:00,2026-09-23T14:16:08Z,betonlineag,-5.5,-110,-110,,,50.0,-110,-110,,,,,,,True,,,odds_api,free
2026_NFL_W04_NE_BUF_betrivers_20260923T141648Z,2026_NFL_W04_NE_BUF,2026-09-23T14:16:48.582869+00:00,2026-09-23T14:16:45Z,betrivers,-5.5,-112,-109,-265.0,210.0,49.5,-113,-108,,,,,,,True,,,odds_api,free
2026_NFL_W04_NYJ_CHI_draftkings_20260923T141648Z,2026_NFL_W04_NYJ_CHI,2026-09-23T14:16:48.582869+00:00,2026-09-23T14:16:25Z,draftkings,-3.0,-110,-110,-162.0,136.0,43.5,-110,-110,,,,,,,True,,,odds_api,free
2026_NFL_W04_NYJ_CHI_fanduel_20260923T141648Z,2026_NFL_W04_NYJ_CHI,2026-09-23T14:16:48.582869+00:00,2026-09-23T14:16:43Z,fanduel,-3.5,-110,-110,-190.0,160.0,43.5,-105,-115,,,,,,,True,,,odds_api,free
2026_NFL_W04_NYJ_CHI_betus_20260923T141648Z,2026_NFL_W04_NYJ_CHI,2026-09-23T14:16:48.582869+00:00,2026-09-23T14:15:55Z,betus,-3.0,-115,-105,,,43.0,-110,-110,,,,,,,True,,,odds_api,free
2026_NFL_W04_NYJ_CHI_lowvig_20260923T141648Z,2026_NFL_W04_NYJ_CHI,2026-09-23T14:16:48.582869+00:00,2026-09-23T14:14:43Z,lowvig,-3.0,-110,100,,,43.0,-107,-107,,,,,,,True,,,odds_api,free
2026_NFL_W04_NYJ_CHI_betonlineag_20260923T141648Z,2026_NFL_W04_NYJ_CHI,2026-09-23T14:16:48.582869+00:00,2026-09-23T14:16:08Z,betonlineag,-3.0,-115,-105,,,43.0,-110,-110,,,,,,,True,,,odds_api,free
2026_NFL_W04_NYJ_CHI_betrivers_20260923T141648Z,2026_NFL_W04_NYJ_CHI,2026-09-23T14:16:48.582869+00:00,2026-09-23T14:16:45Z,betrivers,-3.5,-110,-110,-182.0,150.0,43.5,-110,-110,,,,,,,True,,,odds_api,free
2026_NFL_W04_JAX_CIN_draftkings_20260923T141648Z,2026_NFL_W04_JAX_CIN,2026-09-23T14:16:48.582869+00:00,2026-09-23T14:16:25Z,draftkings,-3.0,-110,-110,-162.0,136.0,49.5,-110,-110,,,,,,,True,,,odds_api,free
2026_NFL_W04_JAX_CIN_betus_20260923T141648Z,2026_NFL_W04_JAX_CIN,2026-09-23T14:16:48.582869+00:00,2026-09-23T14:15:55Z,betus,-2.5,-115,-105,,,50.5,-110,-110,,,,,,,True,,,odds_api,free
2026_NFL_W04_JAX_CIN_fanduel_20260923T141648Z,2026_NFL_W04_JAX_CIN,2026-09-23T14:16:48.582869+00:00,2026-09-23T14:16:43Z,fanduel,-2.5,-115,-105,-144.0,122.0,50.5,-118,-104,,,,,,,True,,,odds_api,free
2026_NFL_W04_JAX_CIN_betonlineag_20260923T141648Z,2026_NFL_W04_JAX_CIN,2026-09-23T14:16:48.582869+00:00,2026-09-23T14:16:08Z,betonlineag,-2.5,-115,-105,,,50.5,-110,-110,,,,,,,True,,,odds_api,free
2026_NFL_W04_JAX_CIN_lowvig_20260923T141648Z,2026_NFL_W04_JAX_CIN,2026-09-23T14:16:48.582869+00:00,2026-09-23T14:14:43Z,lowvig,-2.5,-110,100,,,50.5,-107,-107,,,,,,,True,,,odds_api,free
2026_NFL_W04_JAX_CIN_betrivers_20260923T141648Z,2026_NFL_W04_JAX_CIN,2026-09-23T14:16:48.582869+00:00,2026-09-23T14:16:45Z,betrivers,-2.5,-118,-104,-152.0,125.0,50.0,-114,-107,,,,,,,True,,,odds_api,free
2026_NFL_W04_DAL_HOU_draftkings_20260923T141648Z,2026_NFL_W04_DAL_HOU,2026-09-23T14:16:48.582869+00:00,2026-09-23T14:16:25Z,draftkings,-3.0,-110,-110,-162.0,136.0,47.5,-110,-110,,,,,,,True,,,odds_api,free
2026_NFL_W04_DAL_HOU_betus_20260923T141648Z,2026_NFL_W04_DAL_HOU,2026-09-23T14:16:48.582869+00:00,2026-09-23T14:15:55Z,betus,-3.0,-105,-115,,,48.0,-110,-110,,,,,,,True,,,odds_api,free
2026_NFL_W04_DAL_HOU_fanduel_20260923T141648Z,2026_NFL_W04_DAL_HOU,2026-09-23T14:16:48.582869+00:00,2026-09-23T14:16:43Z,fanduel,-2.5,-115,-105,-146.0,124.0,47.5,-105,-115,,,,,,,True,,,odds_api,free
2026_NFL_W04_DAL_HOU_betonlineag_20260923T141648Z,2026_NFL_W04_DAL_HOU,2026-09-23T14:16:48.582869+00:00,2026-09-23T14:16:08Z,betonlineag,-3.0,-105,-115,,,47.5,-110,-110,,,,,,,True,,,odds_api,free
2026_NFL_W04_DAL_HOU_lowvig_20260923T141648Z,2026_NFL_W04_DAL_HOU,2026-09-23T14:16:48.582869+00:00,2026-09-23T14:14:43Z,lowvig,-3.0,100,-110,,,47.5,-107,-107,,,,,,,True,,,odds_api,free
2026_NFL_W04_DAL_HOU_betrivers_20260923T141648Z,2026_NFL_W04_DAL_HOU,2026-09-23T14:16:48.582869+00:00,2026-09-23T14:16:45Z,betrivers,-2.5,-118,-104,-152.0,125.0,47.5,-112,-109,,,,,,,True,,,odds_api,free
2026_NFL_W04_GB_TB_draftkings_20260923T141648Z,2026_NFL_W04_GB_TB,2026-09-23T14:16:48.582869+00:00,2026-09-23T14:16:25Z,draftkings,1.5,-115,-105,-102.0,-118.0,45.5,-110,-110,,,,,,,True,,,odds_api,free
2026_NFL_W04_GB_TB_betus_20260923T141648Z,2026_NFL_W04_GB_TB,2026-09-23T14:16:48.582869+00:00,2026-09-23T14:15:55Z,betus,1.5,-110,-110,,,46.0,-110,-110,,,,,,,True,,,odds_api,free
2026_NFL_W04_GB_TB_fanduel_20260923T141648Z,2026_NFL_W04_GB_TB,2026-09-23T14:16:48.582869+00:00,2026-09-23T14:16:43Z,fanduel,1.5,-120,-102,-104.0,-112.0,45.5,-115,-105,,,,,,,True,,,odds_api,free
2026_NFL_W04_GB_TB_betonlineag_20260923T141648Z,2026_NFL_W04_GB_TB,2026-09-23T14:16:48.582869+00:00,2026-09-23T14:16:08Z,betonlineag,1.5,-115,-105,,,46.0,-110,-110,,,,,,,True,,,odds_api,free
2026_NFL_W04_GB_TB_lowvig_20260923T141648Z,2026_NFL_W04_GB_TB,2026-09-23T14:16:48.582869+00:00,2026-09-23T14:14:43Z,lowvig,1.5,-110,100,,,46.0,-107,-107,,,,,,,True,,,odds_api,free
2026_NFL_W04_GB_TB_betrivers_20260923T141648Z,2026_NFL_W04_GB_TB,2026-09-23T14:16:48.582869+00:00,2026-09-23T14:16:45Z,betrivers,1.0,-109,-112,-103.0,-120.0,45.5,-109,-112,,,,,,,True,,,odds_api,free
2026_NFL_W04_GB_TB_bovada_20260923T141648Z,2026_NFL_W04_GB_TB,2026-09-23T14:16:48.582869+00:00,2026-09-23T14:15:17Z,bovada,1.5,-115,-105,100.0,-120.0,46.0,-110,-110,,,,,,,True,,,odds_api,free
2026_NFL_W04_LAR_PHI_draftkings_20260923T141648Z,2026_NFL_W04_LAR_PHI,2026-09-23T14:16:48.582869+00:00,2026-09-23T14:16:25Z,draftkings,2.5,-115,-105,114.0,-135.0,45.5,-110,-110,,,,,,,True,,,odds_api,free
2026_NFL_W04_LAR_PHI_betus_20260923T141648Z,2026_NFL_W04_LAR_PHI,2026-09-23T14:16:48.582869+00:00,2026-09-23T14:15:55Z,betus,2.5,100,-120,,,46.0,-110,-110,,,,,,,True,,,odds_api,free
2026_NFL_W04_LAR_PHI_fanduel_20260923T141648Z,2026_NFL_W04_LAR_PHI,2026-09-23T14:16:48.582869+00:00,2026-09-23T14:16:43Z,fanduel,3.0,-118,-104,128.0,-152.0,46.5,-104,-118,,,,,,,True,,,odds_api,free
2026_NFL_W04_LAR_PHI_betonlineag_20260923T141648Z,2026_NFL_W04_LAR_PHI,2026-09-23T14:16:48.582869+00:00,2026-09-23T14:16:08Z,betonlineag,2.5,100,-120,,,46.0,-110,-110,,,,,,,True,,,odds_api,free
2026_NFL_W04_LAR_PHI_lowvig_20260923T141648Z,2026_NFL_W04_LAR_PHI,2026-09-23T14:16:48.582869+00:00,2026-09-23T14:14:43Z,lowvig,2.5,105,-116,,,46.0,-107,-107,,,,,,,True,,,odds_api,free
2026_NFL_W04_LAR_PHI_betrivers_20260923T141648Z,2026_NFL_W04_LAR_PHI,2026-09-23T14:16:48.582869+00:00,2026-09-23T14:16:45Z,betrivers,2.5,-108,-113,114.0,-143.0,46.5,-110,-110,,,,,,,True,,,odds_api,free
2026_NFL_W04_MIA_MIN_draftkings_20260923T141648Z,2026_NFL_W04_MIA_MIN,2026-09-23T14:16:48.582869+00:00,2026-09-23T14:16:25Z,draftkings,-10.5,-110,-110,-750.0,525.0,42.5,-110,-110,,,,,,,True,,,odds_api,free
2026_NFL_W04_MIA_MIN_betus_20260923T141648Z,2026_NFL_W04_MIA_MIN,2026-09-23T14:16:48.582869+00:00,2026-09-23T14:15:55Z,betus,-10.5,-110,-110,,,42.0,-110,-110,,,,,,,True,,,odds_api,free
2026_NFL_W04_MIA_MIN_fanduel_20260923T141648Z,2026_NFL_W04_MIA_MIN,2026-09-23T14:16:48.582869+00:00,2026-09-23T14:16:43Z,fanduel,-10.5,-102,-120,-560.0,420.0,43.5,-105,-115,,,,,,,True,,,odds_api,free
2026_NFL_W04_MIA_MIN_betonlineag_20260923T141648Z,2026_NFL_W04_MIA_MIN,2026-09-23T14:16:48.582869+00:00,2026-09-23T14:16:08Z,betonlineag,-10.0,-110,-110,,,42.5,-110,-110,,,,,,,True,,,odds_api,free
2026_NFL_W04_MIA_MIN_lowvig_20260923T141648Z,2026_NFL_W04_MIA_MIN,2026-09-23T14:16:48.582869+00:00,2026-09-23T14:14:43Z,lowvig,-10.0,-105,-105,,,42.5,-107,-107,,,,,,,True,,,odds_api,free
2026_NFL_W04_MIA_MIN_betrivers_20260923T141648Z,2026_NFL_W04_MIA_MIN,2026-09-23T14:16:48.582869+00:00,2026-09-23T14:16:45Z,betrivers,-10.5,-108,-113,-625.0,440.0,43.0,-110,-110,,,,,,,True,,,odds_api,free
2026_NFL_W04_DEN_SF_draftkings_20260923T141648Z,2026_NFL_W04_DEN_SF,2026-09-23T14:16:48.582869+00:00,2026-09-23T14:16:25Z,draftkings,-4.5,-105,-115,-205.0,170.0,45.5,-110,-110,,,,,,,True,,,odds_api,free
2026_NFL_W04_DEN_SF_betus_20260923T141648Z,2026_NFL_W04_DEN_SF,2026-09-23T14:16:48.582869+00:00,2026-09-23T14:15:55Z,betus,-3.5,-115,-105,,,46.0,-110,-110,,,,,,,True,,,odds_api,free
2026_NFL_W04_DEN_SF_fanduel_20260923T141648Z,2026_NFL_W04_DEN_SF,2026-09-23T14:16:48.582869+00:00,2026-09-23T14:16:43Z,fanduel,-3.5,-114,-106,-205.0,172.0,46.5,-110,-110,,,,,,,True,,,odds_api,free
2026_NFL_W04_DEN_SF_betonlineag_20260923T141648Z,2026_NFL_W04_DEN_SF,2026-09-23T14:16:48.582869+00:00,2026-09-23T14:16:08Z,betonlineag,-3.5,-115,-105,,,46.0,-110,-110,,,,,,,True,,,odds_api,free
2026_NFL_W04_DEN_SF_lowvig_20260923T141648Z,2026_NFL_W04_DEN_SF,2026-09-23T14:16:48.582869+00:00,2026-09-23T14:14:43Z,lowvig,-3.5,-110,100,,,46.0,-107,-107,,,,,,,True,,,odds_api,free
2026_NFL_W04_DEN_SF_betrivers_20260923T141648Z,2026_NFL_W04_DEN_SF,2026-09-23T14:16:48.582869+00:00,2026-09-23T14:16:45Z,betrivers,-4.0,-108,-113,-186.0,150.0,45.5,-113,-108,,,,,,,True,,,odds_api,free
2026_NFL_W04_KC_LV_draftkings_20260923T141648Z,2026_NFL_W04_KC_LV,2026-09-23T14:16:48.582869+00:00,2026-09-23T14:16:25Z,draftkings,6.0,-110,-110,210.0,-258.0,45.5,-110,-110,,,,,,,True,,,odds_api,free
2026_NFL_W04_KC_LV_betus_20260923T141648Z,2026_NFL_W04_KC_LV,2026-09-23T14:16:48.582869+00:00,2026-09-23T14:15:55Z,betus,5.5,-110,-110,,,46.0,-110,-110,,,,,,,True,,,odds_api,free
2026_NFL_W04_KC_LV_fanduel_20260923T141648Z,2026_NFL_W04_KC_LV,2026-09-23T14:16:48.582869+00:00,2026-09-23T14:16:43Z,fanduel,5.5,-115,-105,198.0,-240.0,45.5,-118,-104,,,,,,,True,,,odds_api,free
2026_NFL_W04_KC_LV_lowvig_20260923T141648Z,2026_NFL_W04_KC_LV,2026-09-23T14:16:48.582869+00:00,2026-09-23T14:14:43Z,lowvig,5.5,-105,-105,,,46.0,-107,-107,,,,,,,True,,,odds_api,free
2026_NFL_W04_KC_LV_betonlineag_20260923T141648Z,2026_NFL_W04_KC_LV,2026-09-23T14:16:48.582869+00:00,2026-09-23T14:16:08Z,betonlineag,5.5,-110,-110,,,46.0,-110,-110,,,,,,,True,,,odds_api,free
2026_NFL_W04_KC_LV_betrivers_20260923T141648Z,2026_NFL_W04_KC_LV,2026-09-23T14:16:48.582869+00:00,2026-09-23T14:16:45Z,betrivers,5.5,-107,-114,200.0,-250.0,45.5,-109,-112,,,,,,,True,,,odds_api,free
2026_NFL_W04_LAC_SEA_draftkings_20260923T141648Z,2026_NFL_W04_LAC_SEA,2026-09-23T14:16:48.582869+00:00,2026-09-23T14:16:25Z,draftkings,-6.5,-110,-110,-290.0,235.0,42.5,-110,-110,,,,,,,True,,,odds_api,free
2026_NFL_W04_LAC_SEA_betus_20260923T141648Z,2026_NFL_W04_LAC_SEA,2026-09-23T14:16:48.582869+00:00,2026-09-23T14:15:55Z,betus,-6.5,-110,-110,,,43.5,-110,-110,,,,,,,True,,,odds_api,free
2026_NFL_W04_LAC_SEA_fanduel_20260923T141648Z,2026_NFL_W04_LAC_SEA,2026-09-23T14:16:48.582869+00:00,2026-09-23T14:16:43Z,fanduel,-7.0,-105,-115,-340.0,275.0,43.5,-115,-105,,,,,,,True,,,odds_api,free
2026_NFL_W04_LAC_SEA_betonlineag_20260923T141648Z,2026_NFL_W04_LAC_SEA,2026-09-23T14:16:48.582869+00:00,2026-09-23T14:16:08Z,betonlineag,-6.5,-115,-105,,,43.5,-110,-110,,,,,,,True,,,odds_api,free
2026_NFL_W04_LAC_SEA_lowvig_20260923T141648Z,2026_NFL_W04_LAC_SEA,2026-09-23T14:16:48.582869+00:00,2026-09-23T14:14:43Z,lowvig,-6.5,-110,100,,,43.5,-107,-107,,,,,,,True,,,odds_api,free
2026_NFL_W04_LAC_SEA_betrivers_20260923T141648Z,2026_NFL_W04_LAC_SEA,2026-09-23T14:16:48.582869+00:00,2026-09-23T14:16:45Z,betrivers,-6.5,-115,-106,-335.0,255.0,43.0,-110,-110,,,,,,,True,,,odds_api,free
2026_NFL_W04_DET_CAR_draftkings_20260923T141648Z,2026_NFL_W04_DET_CAR,2026-09-23T14:16:48.582869+00:00,2026-09-23T14:16:25Z,draftkings,3.0,-120,100,130.0,-155.0,49.5,-110,-110,,,,,,,True,,,odds_api,free
2026_NFL_W04_DET_CAR_fanduel_20260923T141648Z,2026_NFL_W04_DET_CAR,2026-09-23T14:16:48.582869+00:00,2026-09-23T14:16:43Z,fanduel,2.5,-110,-110,118.0,-138.0,49.5,-110,-110,,,,,,,True,,,odds_api,free
2026_NFL_W04_DET_CAR_betus_20260923T141648Z,2026_NFL_W04_DET_CAR,2026-09-23T14:16:48.582869+00:00,2026-09-23T14:15:55Z,betus,2.5,-110,-110,,,49.5,-110,-110,,,,,,,True,,,odds_api,free
2026_NFL_W04_DET_CAR_lowvig_20260923T141648Z,2026_NFL_W04_DET_CAR,2026-09-23T14:16:48.582869+00:00,2026-09-23T14:14:43Z,lowvig,2.5,-105,-105,,,49.5,-107,-107,,,,,,,True,,,odds_api,free
2026_NFL_W04_DET_CAR_betonlineag_20260923T141648Z,2026_NFL_W04_DET_CAR,2026-09-23T14:16:48.582869+00:00,2026-09-23T14:16:08Z,betonlineag,2.5,-110,-110,,,49.5,-110,-110,,,,,,,True,,,odds_api,free
2026_NFL_W04_DET_CAR_betrivers_20260923T141648Z,2026_NFL_W04_DET_CAR,2026-09-23T14:16:48.582869+00:00,2026-09-23T14:16:45Z,betrivers,3.0,-114,-107,123.0,-150.0,49.5,-110,-110,,,,,,,True,,,odds_api,free
2026_NFL_W04_DET_CAR_bovada_20260923T141648Z,2026_NFL_W04_DET_CAR,2026-09-23T14:16:48.582869+00:00,2026-09-23T14:15:17Z,bovada,3.0,-120,100,130.0,-150.0,49.5,-110,-110,,,,,,,True,,,odds_api,free
2026_NFL_W04_ATL_NO_draftkings_20260923T141648Z,2026_NFL_W04_ATL_NO,2026-09-23T14:16:48.582869+00:00,2026-09-23T14:16:25Z,draftkings,-3.5,-110,-110,-185.0,154.0,45.5,-115,-105,,,,,,,True,,,odds_api,free
2026_NFL_W04_ATL_NO_betus_20260923T141648Z,2026_NFL_W04_ATL_NO,2026-09-23T14:16:48.582869+00:00,2026-09-23T14:15:55Z,betus,-3.5,-110,-110,,,46.0,-110,-110,,,,,,,True,,,odds_api,free
2026_NFL_W04_ATL_NO_fanduel_20260923T141648Z,2026_NFL_W04_ATL_NO,2026-09-23T14:16:48.582869+00:00,2026-09-23T14:16:43Z,fanduel,-3.5,-110,-110,-190.0,160.0,45.5,-105,-115,,,,,,,True,,,odds_api,free
2026_NFL_W04_ATL_NO_betonlineag_20260923T141648Z,2026_NFL_W04_ATL_NO,2026-09-23T14:16:48.582869+00:00,2026-09-23T14:16:08Z,betonlineag,-3.5,-110,-110,,,45.5,-110,-110,,,,,,,True,,,odds_api,free
2026_NFL_W04_ATL_NO_lowvig_20260923T141648Z,2026_NFL_W04_ATL_NO,2026-09-23T14:16:48.582869+00:00,2026-09-23T14:14:43Z,lowvig,-3.5,-105,-105,,,45.5,-107,-107,,,,,,,True,,,odds_api,free
2026_NFL_W04_ATL_NO_betrivers_20260923T141648Z,2026_NFL_W04_ATL_NO,2026-09-23T14:16:48.582869+00:00,2026-09-23T14:16:45Z,betrivers,-3.5,-110,-110,-190.0,155.0,45.5,-110,-110,,,,,,,True,,,odds_api,free
2026_NFL_W04_PIT_CLE_draftkings_20260923T231337Z,2026_NFL_W04_PIT_CLE,2026-09-23T23:13:37.176965+00:00,2026-09-23T23:12:59Z,draftkings,3.0,-115,-105,130.0,-155.0,38.5,-110,-110,,,,,,,True,,,odds_api,free
2026_NFL_W04_PIT_CLE_betus_20260923T231337Z,2026_NFL_W04_PIT_CLE,2026-09-23T23:13:37.176965+00:00,2026-09-23T23:13:00Z,betus,2.5,-110,-110,,,37.5,-110,-110,,,,,,,True,,,odds_api,free
2026_NFL_W04_PIT_CLE_fanduel_20260923T231337Z,2026_NFL_W04_PIT_CLE,2026-09-23T23:13:37.176965+00:00,2026-09-23T23:13:33Z,fanduel,2.5,-110,-110,114.0,-134.0,37.5,-105,-115,,,,,,,True,,,odds_api,free
2026_NFL_W04_PIT_CLE_betonlineag_20260923T231337Z,2026_NFL_W04_PIT_CLE,2026-09-23T23:13:37.176965+00:00,2026-09-23T23:12:40Z,betonlineag,2.5,-108,-112,,,37.5,-110,-110,,,,,,,True,,,odds_api,free
2026_NFL_W04_PIT_CLE_lowvig_20260923T231337Z,2026_NFL_W04_PIT_CLE,2026-09-23T23:13:37.176965+00:00,2026-09-23T23:13:14Z,lowvig,2.5,-103,-107,,,37.5,-107,-107,,,,,,,True,,,odds_api,free
2026_NFL_W04_PIT_CLE_betrivers_20260923T231337Z,2026_NFL_W04_PIT_CLE,2026-09-23T23:13:37.176965+00:00,2026-09-23T23:12:41Z,betrivers,2.5,-105,-117,117.0,-141.0,38.0,-108,-113,,,,,,,True,,,odds_api,free
2026_NFL_W04_PIT_CLE_bovada_20260923T231337Z,2026_NFL_W04_PIT_CLE,2026-09-23T23:13:37.176965+00:00,2026-09-23T23:13:02Z,bovada,3.0,-115,-105,130.0,-150.0,37.5,-110,-110,,,,,,,True,,,odds_api,free
2026_NFL_W04_IND_WAS_draftkings_20260923T231337Z,2026_NFL_W04_IND_WAS,2026-09-23T23:13:37.176965+00:00,2026-09-23T23:12:59Z,draftkings,4.5,-110,-110,170.0,-205.0,46.5,-110,-110,,,,,,,True,,,odds_api,free
2026_NFL_W04_IND_WAS_fanduel_20260923T231337Z,2026_NFL_W04_IND_WAS,2026-09-23T23:13:37.176965+00:00,2026-09-23T23:13:33Z,fanduel,4.5,-105,-115,190.0,-230.0,46.5,-104,-118,,,,,,,True,,,odds_api,free
2026_NFL_W04_IND_WAS_betus_20260923T231337Z,2026_NFL_W04_IND_WAS,2026-09-23T23:13:37.176965+00:00,2026-09-23T23:13:00Z,betus,4.5,-110,-110,,,45.5,-110,-110,,,,,,,True,,,odds_api,free
2026_NFL_W04_IND_WAS_lowvig_20260923T231337Z,2026_NFL_W04_IND_WAS,2026-09-23T23:13:37.176965+00:00,2026-09-23T23:13:14Z,lowvig,4.0,-110,100,,,46.0,-107,-107,,,,,,,True,,,odds_api,free
2026_NFL_W04_IND_WAS_betonlineag_20260923T231337Z,2026_NFL_W04_IND_WAS,2026-09-23T23:13:37.176965+00:00,2026-09-23T23:12:40Z,betonlineag,4.0,-115,-105,,,46.0,-110,-110,,,,,,,True,,,odds_api,free
2026_NFL_W04_IND_WAS_betrivers_20260923T231337Z,2026_NFL_W04_IND_WAS,2026-09-23T23:13:37.176965+00:00,2026-09-23T23:12:41Z,betrivers,4.5,-108,-113,180.0,-225.0,46.0,-113,-108,,,,,,,True,,,odds_api,free
2026_NFL_W04_ARI_NYG_draftkings_20260923T231337Z,2026_NFL_W04_ARI_NYG,2026-09-23T23:13:37.176965+00:00,2026-09-23T23:12:59Z,draftkings,-2.5,-115,-105,-142.0,120.0,43.5,-110,-110,,,,,,,True,,,odds_api,free
2026_NFL_W04_ARI_NYG_betus_20260923T231337Z,2026_NFL_W04_ARI_NYG,2026-09-23T23:13:37.176965+00:00,2026-09-23T23:13:00Z,betus,-1.5,-110,-110,,,44.0,-110,-110,,,,,,,True,,,odds_api,free
2026_NFL_W04_ARI_NYG_fanduel_20260923T231337Z,2026_NFL_W04_ARI_NYG,2026-09-23T23:13:37.176965+00:00,2026-09-23T23:13:33Z,fanduel,-2.5,-110,-110,-136.0,116.0,43.5,-115,-105,,,,,,,True,,,odds_api,free
2026_NFL_W04_ARI_NYG_betrivers_20260923T231337Z,2026_NFL_W04_ARI_NYG,2026-09-23T23:13:37.176965+00:00,2026-09-23T23:12:41Z,betrivers,-2.5,-117,-105,-141.0,117.0,43.5,-112,-109,,,,,,,True,,,odds_api,free
2026_NFL_W04_TEN_BAL_draftkings_20260923T231337Z,2026_NFL_W04_TEN_BAL,2026-09-23T23:13:37.176965+00:00,2026-09-23T23:12:59Z,draftkings,-10.5,-110,-110,-600.0,440.0,44.5,-110,-110,,,,,,,True,,,odds_api,free
2026_NFL_W04_TEN_BAL_betus_20260923T231337Z,2026_NFL_W04_TEN_BAL,2026-09-23T23:13:37.176965+00:00,2026-09-23T23:13:00Z,betus,-10.5,-110,-110,,,45.0,-110,-110,,,,,,,True,,,odds_api,free
2026_NFL_W04_TEN_BAL_fanduel_20260923T231337Z,2026_NFL_W04_TEN_BAL,2026-09-23T23:13:37.176965+00:00,2026-09-23T23:13:33Z,fanduel,-10.5,-110,-110,-700.0,500.0,44.5,-118,-104,,,,,,,True,,,odds_api,free
2026_NFL_W04_TEN_BAL_betonlineag_20260923T231337Z,2026_NFL_W04_TEN_BAL,2026-09-23T23:13:37.176965+00:00,2026-09-23T23:12:40Z,betonlineag,-10.5,-110,-110,,,45.0,-110,-110,,,,,,,True,,,odds_api,free
2026_NFL_W04_TEN_BAL_lowvig_20260923T231337Z,2026_NFL_W04_TEN_BAL,2026-09-23T23:13:37.176965+00:00,2026-09-23T23:13:14Z,lowvig,-10.5,-105,-105,,,45.0,-107,-107,,,,,,,True,,,odds_api,free
2026_NFL_W04_TEN_BAL_betrivers_20260923T231337Z,2026_NFL_W04_TEN_BAL,2026-09-23T23:13:37.176965+00:00,2026-09-23T23:12:41Z,betrivers,-10.0,-114,-107,-670.0,460.0,44.5,-110,-110,,,,,,,True,,,odds_api,free
2026_NFL_W04_NE_BUF_draftkings_20260923T231337Z,2026_NFL_W04_NE_BUF,2026-09-23T23:13:37.176965+00:00,2026-09-23T23:12:59Z,draftkings,-5.5,-110,-110,-250.0,205.0,49.5,-110,-110,,,,,,,True,,,odds_api,free
2026_NFL_W04_NE_BUF_fanduel_20260923T231337Z,2026_NFL_W04_NE_BUF,2026-09-23T23:13:37.176965+00:00,2026-09-23T23:13:33Z,fanduel,-5.5,-115,-105,-260.0,215.0,50.5,-104,-118,,,,,,,True,,,odds_api,free
2026_NFL_W04_NE_BUF_betus_20260923T231337Z,2026_NFL_W04_NE_BUF,2026-09-23T23:13:37.176965+00:00,2026-09-23T23:13:00Z,betus,-5.5,-110,-110,,,50.5,-110,-110,,,,,,,True,,,odds_api,free
2026_NFL_W04_NE_BUF_lowvig_20260923T231337Z,2026_NFL_W04_NE_BUF,2026-09-23T23:13:37.176965+00:00,2026-09-23T23:13:14Z,lowvig,-5.5,-105,-105,,,50.0,-107,-107,,,,,,,True,,,odds_api,free
2026_NFL_W04_NE_BUF_betonlineag_20260923T231337Z,2026_NFL_W04_NE_BUF,2026-09-23T23:13:37.176965+00:00,2026-09-23T23:12:40Z,betonlineag,-5.5,-110,-110,,,50.0,-110,-110,,,,,,,True,,,odds_api,free
2026_NFL_W04_NE_BUF_betrivers_20260923T231337Z,2026_NFL_W04_NE_BUF,2026-09-23T23:13:37.176965+00:00,2026-09-23T23:12:41Z,betrivers,-5.5,-112,-109,-265.0,210.0,49.5,-113,-108,,,,,,,True,,,odds_api,free
2026_NFL_W04_NYJ_CHI_draftkings_20260923T231337Z,2026_NFL_W04_NYJ_CHI,2026-09-23T23:13:37.176965+00:00,2026-09-23T23:12:59Z,draftkings,-3.5,-102,-118,-175.0,145.0,43.5,-110,-110,,,,,,,True,,,odds_api,free
2026_NFL_W04_NYJ_CHI_fanduel_20260923T231337Z,2026_NFL_W04_NYJ_CHI,2026-09-23T23:13:37.176965+00:00,2026-09-23T23:13:33Z,fanduel,-3.5,-110,-110,-190.0,160.0,43.5,-105,-115,,,,,,,True,,,odds_api,free
2026_NFL_W04_NYJ_CHI_betus_20260923T231337Z,2026_NFL_W04_NYJ_CHI,2026-09-23T23:13:37.176965+00:00,2026-09-23T23:13:00Z,betus,-3.5,-105,-115,,,43.0,-110,-110,,,,,,,True,,,odds_api,free
2026_NFL_W04_NYJ_CHI_lowvig_20260923T231337Z,2026_NFL_W04_NYJ_CHI,2026-09-23T23:13:37.176965+00:00,2026-09-23T23:13:14Z,lowvig,-3.5,100,-110,,,43.0,-107,-107,,,,,,,True,,,odds_api,free
2026_NFL_W04_NYJ_CHI_betonlineag_20260923T231337Z,2026_NFL_W04_NYJ_CHI,2026-09-23T23:13:37.176965+00:00,2026-09-23T23:12:40Z,betonlineag,-3.5,-105,-115,,,43.0,-110,-110,,,,,,,True,,,odds_api,free
2026_NFL_W04_NYJ_CHI_betrivers_20260923T231337Z,2026_NFL_W04_NYJ_CHI,2026-09-23T23:13:37.176965+00:00,2026-09-23T23:12:41Z,betrivers,-3.5,-110,-110,-182.0,150.0,43.5,-110,-110,,,,,,,True,,,odds_api,free
2026_NFL_W04_JAX_CIN_draftkings_20260923T231337Z,2026_NFL_W04_JAX_CIN,2026-09-23T23:13:37.176965+00:00,2026-09-23T23:12:59Z,draftkings,-3.0,-110,-110,-162.0,136.0,49.5,-110,-110,,,,,,,True,,,odds_api,free
2026_NFL_W04_JAX_CIN_betus_20260923T231337Z,2026_NFL_W04_JAX_CIN,2026-09-23T23:13:37.176965+00:00,2026-09-23T23:13:00Z,betus,-2.5,-115,-105,,,49.5,-110,-110,,,,,,,True,,,odds_api,free
2026_NFL_W04_JAX_CIN_fanduel_20260923T231337Z,2026_NFL_W04_JAX_CIN,2026-09-23T23:13:37.176965+00:00,2026-09-23T23:13:33Z,fanduel,-2.5,-115,-105,-144.0,122.0,50.5,-118,-104,,,,,,,True,,,odds_api,free
2026_NFL_W04_JAX_CIN_betonlineag_20260923T231337Z,2026_NFL_W04_JAX_CIN,2026-09-23T23:13:37.176965+00:00,2026-09-23T23:12:40Z,betonlineag,-2.5,-115,-105,,,50.5,-110,-110,,,,,,,True,,,odds_api,free
2026_NFL_W04_JAX_CIN_lowvig_20260923T231337Z,2026_NFL_W04_JAX_CIN,2026-09-23T23:13:37.176965+00:00,2026-09-23T23:13:14Z,lowvig,-2.5,-110,100,,,50.5,-107,-107,,,,,,,True,,,odds_api,free
2026_NFL_W04_JAX_CIN_betrivers_20260923T231337Z,2026_NFL_W04_JAX_CIN,2026-09-23T23:13:37.176965+00:00,2026-09-23T23:12:41Z,betrivers,-2.5,-118,-104,-152.0,125.0,50.0,-114,-107,,,,,,,True,,,odds_api,free
2026_NFL_W04_DAL_HOU_draftkings_20260923T231337Z,2026_NFL_W04_DAL_HOU,2026-09-23T23:13:37.176965+00:00,2026-09-23T23:12:59Z,draftkings,-3.0,-110,-110,-162.0,136.0,47.5,-110,-110,,,,,,,True,,,odds_api,free
2026_NFL_W04_DAL_HOU_betus_20260923T231337Z,2026_NFL_W04_DAL_HOU,2026-09-23T23:13:37.176965+00:00,2026-09-23T23:13:00Z,betus,-3.0,-105,-115,,,48.0,-110,-110,,,,,,,True,,,odds_api,free
2026_NFL_W04_DAL_HOU_fanduel_20260923T231337Z,2026_NFL_W04_DAL_HOU,2026-09-23T23:13:37.176965+00:00,2026-09-23T23:13:33Z,fanduel,-2.5,-115,-105,-146.0,124.0,47.5,-105,-115,,,,,,,True,,,odds_api,free
2026_NFL_W04_DAL_HOU_betonlineag_20260923T231337Z,2026_NFL_W04_DAL_HOU,2026-09-23T23:13:37.176965+00:00,2026-09-23T23:12:40Z,betonlineag,-3.0,-105,-115,,,47.5,-110,-110,,,,,,,True,,,odds_api,free
2026_NFL_W04_DAL_HOU_lowvig_20260923T231337Z,2026_NFL_W04_DAL_HOU,2026-09-23T23:13:37.176965+00:00,2026-09-23T23:13:14Z,lowvig,-3.0,100,-110,,,47.5,-107,-107,,,,,,,True,,,odds_api,free
2026_NFL_W04_DAL_HOU_betrivers_20260923T231337Z,2026_NFL_W04_DAL_HOU,2026-09-23T23:13:37.176965+00:00,2026-09-23T23:12:41Z,betrivers,-2.5,-118,-104,-152.0,125.0,47.5,-112,-109,,,,,,,True,,,odds_api,free
2026_NFL_W04_GB_TB_draftkings_20260923T231337Z,2026_NFL_W04_GB_TB,2026-09-23T23:13:37.176965+00:00,2026-09-23T23:12:59Z,draftkings,1.5,-115,-105,-102.0,-118.0,45.5,-110,-110,,,,,,,True,,,odds_api,free
2026_NFL_W04_GB_TB_betus_20260923T231337Z,2026_NFL_W04_GB_TB,2026-09-23T23:13:37.176965+00:00,2026-09-23T23:13:00Z,betus,1.5,-110,-110,,,46.0,-110,-110,,,,,,,True,,,odds_api,free
2026_NFL_W04_GB_TB_fanduel_20260923T231337Z,2026_NFL_W04_GB_TB,2026-09-23T23:13:37.176965+00:00,2026-09-23T23:13:33Z,fanduel,1.5,-120,-102,-104.0,-112.0,45.5,-115,-105,,,,,,,True,,,odds_api,free
2026_NFL_W04_GB_TB_betonlineag_20260923T231337Z,2026_NFL_W04_GB_TB,2026-09-23T23:13:37.176965+00:00,2026-09-23T23:12:40Z,betonlineag,1.5,-115,-105,,,46.0,-110,-110,,,,,,,True,,,odds_api,free
2026_NFL_W04_GB_TB_lowvig_20260923T231337Z,2026_NFL_W04_GB_TB,2026-09-23T23:13:37.176965+00:00,2026-09-23T23:13:14Z,lowvig,1.5,-110,100,,,46.0,-107,-107,,,,,,,True,,,odds_api,free
2026_NFL_W04_GB_TB_betrivers_20260923T231337Z,2026_NFL_W04_GB_TB,2026-09-23T23:13:37.176965+00:00,2026-09-23T23:12:41Z,betrivers,1.0,-109,-112,-103.0,-120.0,45.5,-109,-112,,,,,,,True,,,odds_api,free
2026_NFL_W04_GB_TB_bovada_20260923T231337Z,2026_NFL_W04_GB_TB,2026-09-23T23:13:37.176965+00:00,2026-09-23T23:13:02Z,bovada,1.5,-115,-105,100.0,-120.0,46.0,-110,-110,,,,,,,True,,,odds_api,free
2026_NFL_W04_LAR_PHI_draftkings_20260923T231337Z,2026_NFL_W04_LAR_PHI,2026-09-23T23:13:37.176965+00:00,2026-09-23T23:12:59Z,draftkings,2.5,-115,-105,114.0,-135.0,45.5,-110,-110,,,,,,,True,,,odds_api,free
2026_NFL_W04_LAR_PHI_betus_20260923T231337Z,2026_NFL_W04_LAR_PHI,2026-09-23T23:13:37.176965+00:00,2026-09-23T23:13:00Z,betus,2.5,100,-120,,,46.0,-110,-110,,,,,,,True,,,odds_api,free
2026_NFL_W04_LAR_PHI_fanduel_20260923T231337Z,2026_NFL_W04_LAR_PHI,2026-09-23T23:13:37.176965+00:00,2026-09-23T23:13:33Z,fanduel,3.0,-118,-104,128.0,-152.0,46.5,-104,-118,,,,,,,True,,,odds_api,free
2026_NFL_W04_LAR_PHI_betonlineag_20260923T231337Z,2026_NFL_W04_LAR_PHI,2026-09-23T23:13:37.176965+00:00,2026-09-23T23:12:40Z,betonlineag,2.5,100,-120,,,46.0,-110,-110,,,,,,,True,,,odds_api,free
2026_NFL_W04_LAR_PHI_lowvig_20260923T231337Z,2026_NFL_W04_LAR_PHI,2026-09-23T23:13:37.176965+00:00,2026-09-23T23:13:14Z,lowvig,2.5,105,-116,,,46.0,-107,-107,,,,,,,True,,,odds_api,free
2026_NFL_W04_LAR_PHI_betrivers_20260923T231337Z,2026_NFL_W04_LAR_PHI,2026-09-23T23:13:37.176965+00:00,2026-09-23T23:12:41Z,betrivers,2.5,-108,-113,114.0,-143.0,46.5,-110,-110,,,,,,,True,,,odds_api,free
2026_NFL_W04_MIA_MIN_draftkings_20260923T231337Z,2026_NFL_W04_MIA_MIN,2026-09-23T23:13:37.176965+00:00,2026-09-23T23:12:59Z,draftkings,-10.5,-110,-110,-675.0,490.0,42.5,-110,-110,,,,,,,True,,,odds_api,free
2026_NFL_W04_MIA_MIN_betus_20260923T231337Z,2026_NFL_W04_MIA_MIN,2026-09-23T23:13:37.176965+00:00,2026-09-23T23:13:00Z,betus,-10.5,-110,-110,,,42.0,-110,-110,,,,,,,True,,,odds_api,free
2026_NFL_W04_MIA_MIN_fanduel_20260923T231337Z,2026_NFL_W04_MIA_MIN,2026-09-23T23:13:37.176965+00:00,2026-09-23T23:13:33Z,fanduel,-10.5,-102,-120,-560.0,420.0,43.5,-105,-115,,,,,,,True,,,odds_api,free
2026_NFL_W04_MIA_MIN_betonlineag_20260923T231337Z,2026_NFL_W04_MIA_MIN,2026-09-23T23:13:37.176965+00:00,2026-09-23T23:12:40Z,betonlineag,-10.0,-110,-110,,,42.5,-110,-110,,,,,,,True,,,odds_api,free
2026_NFL_W04_MIA_MIN_lowvig_20260923T231337Z,2026_NFL_W04_MIA_MIN,2026-09-23T23:13:37.176965+00:00,2026-09-23T23:13:14Z,lowvig,-10.0,-105,-105,,,42.5,-107,-107,,,,,,,True,,,odds_api,free
2026_NFL_W04_MIA_MIN_betrivers_20260923T231337Z,2026_NFL_W04_MIA_MIN,2026-09-23T23:13:37.176965+00:00,2026-09-23T23:12:41Z,betrivers,-10.5,-108,-113,-625.0,440.0,43.0,-110,-110,,,,,,,True,,,odds_api,free
2026_NFL_W04_DEN_SF_draftkings_20260923T231337Z,2026_NFL_W04_DEN_SF,2026-09-23T23:13:37.176965+00:00,2026-09-23T23:12:59Z,draftkings,-4.5,-105,-115,-205.0,170.0,45.5,-110,-110,,,,,,,True,,,odds_api,free
2026_NFL_W04_DEN_SF_betus_20260923T231337Z,2026_NFL_W04_DEN_SF,2026-09-23T23:13:37.176965+00:00,2026-09-23T23:13:00Z,betus,-3.5,-115,-105,,,46.0,-110,-110,,,,,,,True,,,odds_api,free
2026_NFL_W04_DEN_SF_fanduel_20260923T231337Z,2026_NFL_W04_DEN_SF,2026-09-23T23:13:37.176965+00:00,2026-09-23T23:13:33Z,fanduel,-3.5,-114,-106,-205.0,172.0,46.5,-110,-110,,,,,,,True,,,odds_api,free
2026_NFL_W04_DEN_SF_betonlineag_20260923T231337Z,2026_NFL_W04_DEN_SF,2026-09-23T23:13:37.176965+00:00,2026-09-23T23:12:40Z,betonlineag,-3.5,-115,-105,,,46.0,-110,-110,,,,,,,True,,,odds_api,free
2026_NFL_W04_DEN_SF_lowvig_20260923T231337Z,2026_NFL_W04_DEN_SF,2026-09-23T23:13:37.176965+00:00,2026-09-23T23:13:14Z,lowvig,-3.5,-110,100,,,46.0,-107,-107,,,,,,,True,,,odds_api,free
2026_NFL_W04_DEN_SF_betrivers_20260923T231337Z,2026_NFL_W04_DEN_SF,2026-09-23T23:13:37.176965+00:00,2026-09-23T23:12:41Z,betrivers,-4.0,-108,-113,-186.0,150.0,45.5,-113,-108,,,,,,,True,,,odds_api,free
2026_NFL_W04_KC_LV_draftkings_20260923T231337Z,2026_NFL_W04_KC_LV,2026-09-23T23:13:37.176965+00:00,2026-09-23T23:12:59Z,draftkings,6.0,-110,-110,205.0,-250.0,45.5,-110,-110,,,,,,,True,,,odds_api,free
2026_NFL_W04_KC_LV_betus_20260923T231337Z,2026_NFL_W04_KC_LV,2026-09-23T23:13:37.176965+00:00,2026-09-23T23:13:00Z,betus,5.5,-110,-110,,,46.0,-110,-110,,,,,,,True,,,odds_api,free
2026_NFL_W04_KC_LV_fanduel_20260923T231337Z,2026_NFL_W04_KC_LV,2026-09-23T23:13:37.176965+00:00,2026-09-23T23:13:33Z,fanduel,5.5,-115,-105,198.0,-240.0,45.5,-118,-104,,,,,,,True,,,odds_api,free
2026_NFL_W04_KC_LV_lowvig_20260923T231337Z,2026_NFL_W04_KC_LV,2026-09-23T23:13:37.176965+00:00,2026-09-23T23:13:14Z,lowvig,5.5,-105,-105,,,45.5,-107,-107,,,,,,,True,,,odds_api,free
2026_NFL_W04_KC_LV_betonlineag_20260923T231337Z,2026_NFL_W04_KC_LV,2026-09-23T23:13:37.176965+00:00,2026-09-23T23:12:40Z,betonlineag,5.5,-110,-110,,,45.5,-110,-110,,,,,,,True,,,odds_api,free
2026_NFL_W04_KC_LV_betrivers_20260923T231337Z,2026_NFL_W04_KC_LV,2026-09-23T23:13:37.176965+00:00,2026-09-23T23:12:41Z,betrivers,5.5,-107,-114,200.0,-250.0,45.5,-109,-112,,,,,,,True,,,odds_api,free
2026_NFL_W04_LAC_SEA_draftkings_20260923T231337Z,2026_NFL_W04_LAC_SEA,2026-09-23T23:13:37.176965+00:00,2026-09-23T23:12:59Z,draftkings,-6.5,-110,-110,-290.0,235.0,42.5,-110,-110,,,,,,,True,,,odds_api,free
2026_NFL_W04_LAC_SEA_betus_20260923T231337Z,2026_NFL_W04_LAC_SEA,2026-09-23T23:13:37.176965+00:00,2026-09-23T23:13:00Z,betus,-6.5,-110,-110,,,43.5,-110,-110,,,,,,,True,,,odds_api,free
2026_NFL_W04_LAC_SEA_fanduel_20260923T231337Z,2026_NFL_W04_LAC_SEA,2026-09-23T23:13:37.176965+00:00,2026-09-23T23:13:33Z,fanduel,-7.0,-105,-115,-340.0,275.0,43.5,-115,-105,,,,,,,True,,,odds_api,free
2026_NFL_W04_LAC_SEA_betonlineag_20260923T231337Z,2026_NFL_W04_LAC_SEA,2026-09-23T23:13:37.176965+00:00,2026-09-23T23:12:40Z,betonlineag,-6.5,-110,-110,,,43.5,-110,-110,,,,,,,True,,,odds_api,free
2026_NFL_W04_LAC_SEA_lowvig_20260923T231337Z,2026_NFL_W04_LAC_SEA,2026-09-23T23:13:37.176965+00:00,2026-09-23T23:13:14Z,lowvig,-6.5,-105,-105,,,43.5,-107,-107,,,,,,,True,,,odds_api,free
2026_NFL_W04_LAC_SEA_betrivers_20260923T231337Z,2026_NFL_W04_LAC_SEA,2026-09-23T23:13:37.176965+00:00,2026-09-23T23:12:41Z,betrivers,-6.5,-115,-106,-335.0,255.0,43.0,-110,-110,,,,,,,True,,,odds_api,free
2026_NFL_W04_DET_CAR_draftkings_20260923T231337Z,2026_NFL_W04_DET_CAR,2026-09-23T23:13:37.176965+00:00,2026-09-23T23:12:59Z,draftkings,3.0,-120,100,130.0,-155.0,49.5,-110,-110,,,,,,,True,,,odds_api,free
2026_NFL_W04_DET_CAR_fanduel_20260923T231337Z,2026_NFL_W04_DET_CAR,2026-09-23T23:13:37.176965+00:00,2026-09-23T23:13:33Z,fanduel,2.5,-110,-110,118.0,-138.0,49.5,-110,-110,,,,,,,True,,,odds_api,free
2026_NFL_W04_DET_CAR_betus_20260923T231337Z,2026_NFL_W04_DET_CAR,2026-09-23T23:13:37.176965+00:00,2026-09-23T23:13:00Z,betus,2.5,-110,-110,,,49.5,-110,-110,,,,,,,True,,,odds_api,free
2026_NFL_W04_DET_CAR_lowvig_20260923T231337Z,2026_NFL_W04_DET_CAR,2026-09-23T23:13:37.176965+00:00,2026-09-23T23:13:14Z,lowvig,2.5,-105,-105,,,49.5,-107,-107,,,,,,,True,,,odds_api,free
2026_NFL_W04_DET_CAR_betonlineag_20260923T231337Z,2026_NFL_W04_DET_CAR,2026-09-23T23:13:37.176965+00:00,2026-09-23T23:12:40Z,betonlineag,2.5,-110,-110,,,49.5,-110,-110,,,,,,,True,,,odds_api,free
2026_NFL_W04_DET_CAR_betrivers_20260923T231337Z,2026_NFL_W04_DET_CAR,2026-09-23T23:13:37.176965+00:00,2026-09-23T23:12:41Z,betrivers,3.0,-114,-107,123.0,-150.0,49.5,-110,-110,,,,,,,True,,,odds_api,free
2026_NFL_W04_DET_CAR_bovada_20260923T231337Z,2026_NFL_W04_DET_CAR,2026-09-23T23:13:37.176965+00:00,2026-09-23T23:13:02Z,bovada,3.0,-120,100,130.0,-150.0,49.5,-110,-110,,,,,,,True,,,odds_api,free
2026_NFL_W04_ATL_NO_draftkings_20260923T231337Z,2026_NFL_W04_ATL_NO,2026-09-23T23:13:37.176965+00:00,2026-09-23T23:12:59Z,draftkings,-3.5,-110,-110,-185.0,154.0,45.5,-115,-105,,,,,,,True,,,odds_api,free
2026_NFL_W04_ATL_NO_betus_20260923T231337Z,2026_NFL_W04_ATL_NO,2026-09-23T23:13:37.176965+00:00,2026-09-23T23:13:00Z,betus,-3.5,-110,-110,,,46.0,-110,-110,,,,,,,True,,,odds_api,free
2026_NFL_W04_ATL_NO_fanduel_20260923T231337Z,2026_NFL_W04_ATL_NO,2026-09-23T23:13:37.176965+00:00,2026-09-23T23:13:33Z,fanduel,-3.5,-110,-110,-190.0,160.0,45.5,-105,-115,,,,,,,True,,,odds_api,free
2026_NFL_W04_ATL_NO_betonlineag_20260923T231337Z,2026_NFL_W04_ATL_NO,2026-09-23T23:13:37.176965+00:00,2026-09-23T23:12:40Z,betonlineag,-3.5,-110,-110,,,45.5,-110,-110,,,,,,,True,,,odds_api,free
2026_NFL_W04_ATL_NO_lowvig_20260923T231337Z,2026_NFL_W04_ATL_NO,2026-09-23T23:13:37.176965+00:00,2026-09-23T23:13:14Z,lowvig,-3.5,-105,-105,,,45.5,-107,-107,,,,,,,True,,,odds_api,free
2026_NFL_W04_ATL_NO_betrivers_20260923T231337Z,2026_NFL_W04_ATL_NO,2026-09-23T23:13:37.176965+00:00,2026-09-23T23:12:41Z,betrivers,-3.5,-110,-110,-190.0,155.0,45.5,-110,-110,,,,,,,True,,,odds_api,free
2026_NFL_W04_PIT_CLE_draftkings_20260924T141706Z,2026_NFL_W04_PIT_CLE,2026-09-24T14:17:06.268067+00:00,2026-09-24T14:16:51Z,draftkings,3.0,-115,-105,130.0,-155.0,38.5,-110,-110,,,,,,,True,,,odds_api,free
2026_NFL_W04_PIT_CLE_betus_20260924T141706Z,2026_NFL_W04_PIT_CLE,2026-09-24T14:17:06.268067+00:00,2026-09-24T14:16:52Z,betus,2.5,-110,-110,,,37.5,-110,-110,,,,,,,True,,,odds_api,free
2026_NFL_W04_PIT_CLE_fanduel_20260924T141706Z,2026_NFL_W04_PIT_CLE,2026-09-24T14:17:06.268067+00:00,2026-09-24T14:16:36Z,fanduel,2.5,-110,-110,114.0,-134.0,37.5,-105,-115,,,,,,,True,,,odds_api,free
2026_NFL_W04_PIT_CLE_mybookieag_20260924T141706Z,2026_NFL_W04_PIT_CLE,2026-09-24T14:17:06.268067+00:00,2026-09-24T14:16:17Z,mybookieag,2.5,-110,-110,114.0,-146.0,37.5,-110,-110,,,,,,,True,,,odds_api,free
2026_NFL_W04_PIT_CLE_betonlineag_20260924T141706Z,2026_NFL_W04_PIT_CLE,2026-09-24T14:17:06.268067+00:00,2026-09-24T14:16:51Z,betonlineag,2.5,-108,-112,,,37.5,-110,-110,,,,,,,True,,,odds_api,free
2026_NFL_W04_PIT_CLE_lowvig_20260924T141706Z,2026_NFL_W04_PIT_CLE,2026-09-24T14:17:06.268067+00:00,2026-09-24T14:16:18Z,lowvig,2.5,-103,-107,,,37.5,-107,-107,,,,,,,True,,,odds_api,free
2026_NFL_W04_PIT_CLE_betrivers_20260924T141706Z,2026_NFL_W04_PIT_CLE,2026-09-24T14:17:06.268067+00:00,2026-09-24T14:16:19Z,betrivers,2.5,-105,-117,117.0,-141.0,38.0,-108,-113,,,,,,,True,,,odds_api,free
2026_NFL_W04_PIT_CLE_bovada_20260924T141706Z,2026_NFL_W04_PIT_CLE,2026-09-24T14:17:06.268067+00:00,2026-09-24T14:14:56Z,bovada,3.0,-115,-105,130.0,-150.0,37.5,-110,-110,,,,,,,True,,,odds_api,free
2026_NFL_W04_IND_WAS_draftkings_20260924T141706Z,2026_NFL_W04_IND_WAS,2026-09-24T14:17:06.268067+00:00,2026-09-24T14:16:51Z,draftkings,4.5,-110,-110,170.0,-205.0,46.5,-110,-110,,,,,,,True,,,odds_api,free
2026_NFL_W04_IND_WAS_fanduel_20260924T141706Z,2026_NFL_W04_IND_WAS,2026-09-24T14:17:06.268067+00:00,2026-09-24T14:16:36Z,fanduel,4.5,-105,-115,190.0,-230.0,46.5,-104,-118,,,,,,,True,,,odds_api,free
2026_NFL_W04_IND_WAS_betus_20260924T141706Z,2026_NFL_W04_IND_WAS,2026-09-24T14:17:06.268067+00:00,2026-09-24T14:16:52Z,betus,4.5,-110,-110,,,45.5,-110,-110,,,,,,,True,,,odds_api,free
2026_NFL_W04_IND_WAS_mybookieag_20260924T141706Z,2026_NFL_W04_IND_WAS,2026-09-24T14:17:06.268067+00:00,2026-09-24T14:16:17Z,mybookieag,4.5,-110,-110,173.0,-226.0,46.5,-110,-110,,,,,,,True,,,odds_api,free
2026_NFL_W04_IND_WAS_lowvig_20260924T141706Z,2026_NFL_W04_IND_WAS,2026-09-24T14:17:06.268067+00:00,2026-09-24T14:16:18Z,lowvig,4.0,-110,100,,,46.0,-107,-107,,,,,,,True,,,odds_api,free
2026_NFL_W04_IND_WAS_betonlineag_20260924T141706Z,2026_NFL_W04_IND_WAS,2026-09-24T14:17:06.268067+00:00,2026-09-24T14:16:51Z,betonlineag,4.0,-115,-105,,,46.0,-110,-110,,,,,,,True,,,odds_api,free
2026_NFL_W04_IND_WAS_betrivers_20260924T141706Z,2026_NFL_W04_IND_WAS,2026-09-24T14:17:06.268067+00:00,2026-09-24T14:16:19Z,betrivers,4.5,-108,-113,180.0,-225.0,46.0,-113,-108,,,,,,,True,,,odds_api,free
2026_NFL_W04_ARI_NYG_draftkings_20260924T141706Z,2026_NFL_W04_ARI_NYG,2026-09-24T14:17:06.268067+00:00,2026-09-24T14:16:51Z,draftkings,-2.5,-115,-105,-142.0,120.0,43.5,-110,-110,,,,,,,True,,,odds_api,free
2026_NFL_W04_ARI_NYG_betus_20260924T141706Z,2026_NFL_W04_ARI_NYG,2026-09-24T14:17:06.268067+00:00,2026-09-24T14:16:52Z,betus,-1.5,-110,-110,,,44.0,-110,-110,,,,,,,True,,,odds_api,free
2026_NFL_W04_ARI_NYG_fanduel_20260924T141706Z,2026_NFL_W04_ARI_NYG,2026-09-24T14:17:06.268067+00:00,2026-09-24T14:16:36Z,fanduel,-2.5,-110,-110,-136.0,116.0,43.5,-115,-105,,,,,,,True,,,odds_api,free
2026_NFL_W04_ARI_NYG_betrivers_20260924T141706Z,2026_NFL_W04_ARI_NYG,2026-09-24T14:17:06.268067+00:00,2026-09-24T14:16:19Z,betrivers,-2.5,-117,-105,-141.0,117.0,43.5,-112,-109,,,,,,,True,,,odds_api,free
2026_NFL_W04_ARI_NYG_mybookieag_20260924T141706Z,2026_NFL_W04_ARI_NYG,2026-09-24T14:17:06.268067+00:00,2026-09-24T14:16:17Z,mybookieag,-2.5,-110,-110,-144.0,113.0,43.5,-110,-110,,,,,,,True,,,odds_api,free
2026_NFL_W04_TEN_BAL_draftkings_20260924T141706Z,2026_NFL_W04_TEN_BAL,2026-09-24T14:17:06.268067+00:00,2026-09-24T14:16:51Z,draftkings,-10.5,-110,-110,-600.0,440.0,44.5,-110,-110,,,,,,,True,,,odds_api,free
2026_NFL_W04_TEN_BAL_betus_20260924T141706Z,2026_NFL_W04_TEN_BAL,2026-09-24T14:17:06.268067+00:00,2026-09-24T14:16:52Z,betus,-10.5,-110,-110,,,45.0,-110,-110,,,,,,,True,,,odds_api,free
2026_NFL_W04_TEN_BAL_fanduel_20260924T141706Z,2026_NFL_W04_TEN_BAL,2026-09-24T14:17:06.268067+00:00,2026-09-24T14:16:36Z,fanduel,-10.5,-110,-110,-700.0,500.0,44.5,-118,-104,,,,,,,True,,,odds_api,free
2026_NFL_W04_TEN_BAL_betonlineag_20260924T141706Z,2026_NFL_W04_TEN_BAL,2026-09-24T14:17:06.268067+00:00,2026-09-24T14:16:51Z,betonlineag,-10.5,-110,-110,,,45.0,-110,-110,,,,,,,True,,,odds_api,free
2026_NFL_W04_TEN_BAL_lowvig_20260924T141706Z,2026_NFL_W04_TEN_BAL,2026-09-24T14:17:06.268067+00:00,2026-09-24T14:16:18Z,lowvig,-10.5,-105,-105,,,45.0,-107,-107,,,,,,,True,,,odds_api,free
2026_NFL_W04_TEN_BAL_betrivers_20260924T141706Z,2026_NFL_W04_TEN_BAL,2026-09-24T14:17:06.268067+00:00,2026-09-24T14:16:19Z,betrivers,-10.0,-114,-107,-670.0,460.0,44.5,-110,-110,,,,,,,True,,,odds_api,free
2026_NFL_W04_TEN_BAL_mybookieag_20260924T141706Z,2026_NFL_W04_TEN_BAL,2026-09-24T14:17:06.268067+00:00,2026-09-24T14:16:17Z,mybookieag,-10.5,-110,-110,-676.0,430.0,45.0,-110,-110,,,,,,,True,,,odds_api,free
2026_NFL_W04_NE_BUF_draftkings_20260924T141706Z,2026_NFL_W04_NE_BUF,2026-09-24T14:17:06.268067+00:00,2026-09-24T14:16:51Z,draftkings,-5.5,-110,-110,-250.0,205.0,49.5,-110,-110,,,,,,,True,,,odds_api,free
2026_NFL_W04_NE_BUF_fanduel_20260924T141706Z,2026_NFL_W04_NE_BUF,2026-09-24T14:17:06.268067+00:00,2026-09-24T14:16:36Z,fanduel,-5.5,-115,-105,-260.0,215.0,50.5,-104,-118,,,,,,,True,,,odds_api,free
2026_NFL_W04_NE_BUF_betus_20260924T141706Z,2026_NFL_W04_NE_BUF,2026-09-24T14:17:06.268067+00:00,2026-09-24T14:16:52Z,betus,-5.5,-110,-110,,,50.5,-110,-110,,,,,,,True,,,odds_api,free
2026_NFL_W04_NE_BUF_lowvig_20260924T141706Z,2026_NFL_W04_NE_BUF,2026-09-24T14:17:06.268067+00:00,2026-09-24T14:16:18Z,lowvig,-5.5,-105,-105,,,50.0,-107,-107,,,,,,,True,,,odds_api,free
2026_NFL_W04_NE_BUF_betonlineag_20260924T141706Z,2026_NFL_W04_NE_BUF,2026-09-24T14:17:06.268067+00:00,2026-09-24T14:16:51Z,betonlineag,-5.5,-110,-110,,,50.0,-110,-110,,,,,,,True,,,odds_api,free
2026_NFL_W04_NE_BUF_betrivers_20260924T141706Z,2026_NFL_W04_NE_BUF,2026-09-24T14:17:06.268067+00:00,2026-09-24T14:16:19Z,betrivers,-5.5,-112,-109,-265.0,210.0,49.5,-113,-108,,,,,,,True,,,odds_api,free
2026_NFL_W04_NE_BUF_mybookieag_20260924T141706Z,2026_NFL_W04_NE_BUF,2026-09-24T14:17:06.268067+00:00,2026-09-24T14:16:17Z,mybookieag,-5.5,-110,-110,-250.0,189.0,50.0,-110,-110,,,,,,,True,,,odds_api,free
2026_NFL_W04_NYJ_CHI_draftkings_20260924T141706Z,2026_NFL_W04_NYJ_CHI,2026-09-24T14:17:06.268067+00:00,2026-09-24T14:16:51Z,draftkings,-3.5,-102,-118,-175.0,145.0,43.5,-110,-110,,,,,,,True,,,odds_api,free
2026_NFL_W04_NYJ_CHI_fanduel_20260924T141706Z,2026_NFL_W04_NYJ_CHI,2026-09-24T14:17:06.268067+00:00,2026-09-24T14:16:36Z,fanduel,-3.5,-110,-110,-190.0,160.0,43.5,-105,-115,,,,,,,True,,,odds_api,free
2026_NFL_W04_NYJ_CHI_betus_20260924T141706Z,2026_NFL_W04_NYJ_CHI,2026-09-24T14:17:06.268067+00:00,2026-09-24T14:16:52Z,betus,-3.5,-105,-115,,,43.0,-110,-110,,,,,,,True,,,odds_api,free
2026_NFL_W04_NYJ_CHI_lowvig_20260924T141706Z,2026_NFL_W04_NYJ_CHI,2026-09-24T14:17:06.268067+00:00,2026-09-24T14:16:18Z,lowvig,-3.5,100,-110,,,43.0,-107,-107,,,,,,,True,,,odds_api,free
2026_NFL_W04_NYJ_CHI_betonlineag_20260924T141706Z,2026_NFL_W04_NYJ_CHI,2026-09-24T14:17:06.268067+00:00,2026-09-24T14:16:51Z,betonlineag,-3.5,-105,-115,,,43.0,-110,-110,,,,,,,True,,,odds_api,free
2026_NFL_W04_NYJ_CHI_betrivers_20260924T141706Z,2026_NFL_W04_NYJ_CHI,2026-09-24T14:17:06.268067+00:00,2026-09-24T14:16:19Z,betrivers,-3.5,-110,-110,-182.0,150.0,43.5,-110,-110,,,,,,,True,,,odds_api,free
2026_NFL_W04_NYJ_CHI_mybookieag_20260924T141706Z,2026_NFL_W04_NYJ_CHI,2026-09-24T14:17:06.268067+00:00,2026-09-24T14:16:17Z,mybookieag,-3.5,-110,-110,-188.0,146.0,43.5,-110,-110,,,,,,,True,,,odds_api,free
2026_NFL_W04_JAX_CIN_draftkings_20260924T141706Z,2026_NFL_W04_JAX_CIN,2026-09-24T14:17:06.268067+00:00,2026-09-24T14:16:51Z,draftkings,-3.0,-110,-110,-162.0,136.0,49.5,-110,-110,,,,,,,True,,,odds_api,free
2026_NFL_W04_JAX_CIN_betus_20260924T141706Z,2026_NFL_W04_JAX_CIN,2026-09-24T14:17:06.268067+00:00,2026-09-24T14:16:52Z,betus,-2.5,-115,-105,,,49.5,-110,-110,,,,,,,True,,,odds_api,free
2026_NFL_W04_JAX_CIN_fanduel_20260924T141706Z,2026_NFL_W04_JAX_CIN,2026-09-24T14:17:06.268067+00:00,2026-09-24T14:16:36Z,fanduel,-2.5,-115,-105,-144.0,122.0,50.5,-118,-104,,,,,,,True,,,odds_api,free
2026_NFL_W04_JAX_CIN_betonlineag_20260924T141706Z,2026_NFL_W04_JAX_CIN,2026-09-24T14:17:06.268067+00:00,2026-09-24T14:16:51Z,betonlineag,-2.5,-115,-105,,,50.5,-110,-110,,,,,,,True,,,odds_api,free
2026_NFL_W04_JAX_CIN_lowvig_20260924T141706Z,2026_NFL_W04_JAX_CIN,2026-09-24T14:17:06.268067+00:00,2026-09-24T14:16:18Z,lowvig,-2.5,-110,100,,,50.5,-107,-107,,,,,,,True,,,odds_api,free
2026_NFL_W04_JAX_CIN_betrivers_20260924T141706Z,2026_NFL_W04_JAX_CIN,2026-09-24T14:17:06.268067+00:00,2026-09-24T14:16:19Z,betrivers,-2.5,-118,-104,-152.0,125.0,50.0,-114,-107,,,,,,,True,,,odds_api,free
2026_NFL_W04_JAX_CIN_mybookieag_20260924T141706Z,2026_NFL_W04_JAX_CIN,2026-09-24T14:17:06.268067+00:00,2026-09-24T14:16:17Z,mybookieag,-3.0,-110,-110,-157.0,123.0,50.5,-110,-110,,,,,,,True,,,odds_api,free
2026_NFL_W04_DAL_HOU_draftkings_20260924T141706Z,2026_NFL_W04_DAL_HOU,2026-09-24T14:17:06.268067+00:00,2026-09-24T14:16:51Z,draftkings,-3.0,-110,-110,-162.0,136.0,47.5,-110,-110,,,,,,,True,,,odds_api,free
2026_NFL_W04_DAL_HOU_betus_20260924T141706Z,2026_NFL_W04_DAL_HOU,2026-09-24T14:17:06.268067+00:00,2026-09-24T14:16:52Z,betus,-3.0,-105,-115,,,48.0,-110,-110,,,,,,,True,,,odds_api,free
2026_NFL_W04_DAL_HOU_fanduel_20260924T141706Z,2026_NFL_W04_DAL_HOU,2026-09-24T14:17:06.268067+00:00,2026-09-24T14:16:36Z,fanduel,-2.5,-115,-105,-146.0,124.0,47.5,-105,-115,,,,,,,True,,,odds_api,free
2026_NFL_W04_DAL_HOU_betonlineag_20260924T141706Z,2026_NFL_W04_DAL_HOU,2026-09-24T14:17:06.268067+00:00,2026-09-24T14:16:51Z,betonlineag,-3.0,-105,-115,,,47.5,-110,-110,,,,,,,True,,,odds_api,free
2026_NFL_W04_DAL_HOU_lowvig_20260924T141706Z,2026_NFL_W04_DAL_HOU,2026-09-24T14:17:06.268067+00:00,2026-09-24T14:16:18Z,lowvig,-3.0,100,-110,,,47.5,-107,-107,,,,,,,True,,,odds_api,free
2026_NFL_W04_DAL_HOU_betrivers_20260924T141706Z,2026_NFL_W04_DAL_HOU,2026-09-24T14:17:06.268067+00:00,2026-09-24T14:16:19Z,betrivers,-2.5,-118,-104,-152.0,125.0,47.5,-112,-109,,,,,,,True,,,odds_api,free
2026_NFL_W04_DAL_HOU_mybookieag_20260924T141706Z,2026_NFL_W04_DAL_HOU,2026-09-24T14:17:06.268067+00:00,2026-09-24T14:16:17Z,mybookieag,-3.0,-110,-110,-159.0,124.0,47.5,-110,-110,,,,,,,True,,,odds_api,free
2026_NFL_W04_GB_TB_draftkings_20260924T141706Z,2026_NFL_W04_GB_TB,2026-09-24T14:17:06.268067+00:00,2026-09-24T14:16:51Z,draftkings,1.5,-115,-105,-102.0,-118.0,45.5,-110,-110,,,,,,,True,,,odds_api,free
2026_NFL_W04_GB_TB_betus_20260924T141706Z,2026_NFL_W04_GB_TB,2026-09-24T14:17:06.268067+00:00,2026-09-24T14:16:52Z,betus,1.5,-110,-110,,,46.0,-110,-110,,,,,,,True,,,odds_api,free
2026_NFL_W04_GB_TB_fanduel_20260924T141706Z,2026_NFL_W04_GB_TB,2026-09-24T14:17:06.268067+00:00,2026-09-24T14:16:36Z,fanduel,1.5,-120,-102,-104.0,-112.0,45.5,-115,-105,,,,,,,True,,,odds_api,free
2026_NFL_W04_GB_TB_betonlineag_20260924T141706Z,2026_NFL_W04_GB_TB,2026-09-24T14:17:06.268067+00:00,2026-09-24T14:16:51Z,betonlineag,1.5,-115,-105,,,46.0,-110,-110,,,,,,,True,,,odds_api,free
2026_NFL_W04_GB_TB_lowvig_20260924T141706Z,2026_NFL_W04_GB_TB,2026-09-24T14:17:06.268067+00:00,2026-09-24T14:16:18Z,lowvig,1.5,-110,100,,,46.0,-107,-107,,,,,,,True,,,odds_api,free
2026_NFL_W04_GB_TB_betrivers_20260924T141706Z,2026_NFL_W04_GB_TB,2026-09-24T14:17:06.268067+00:00,2026-09-24T14:16:19Z,betrivers,1.0,-109,-112,-103.0,-120.0,45.5,-109,-112,,,,,,,True,,,odds_api,free
2026_NFL_W04_GB_TB_bovada_20260924T141706Z,2026_NFL_W04_GB_TB,2026-09-24T14:17:06.268067+00:00,2026-09-24T14:14:56Z,bovada,1.5,-115,-105,100.0,-120.0,46.0,-110,-110,,,,,,,True,,,odds_api,free
2026_NFL_W04_GB_TB_mybookieag_20260924T141706Z,2026_NFL_W04_GB_TB,2026-09-24T14:17:06.268067+00:00,2026-09-24T14:16:17Z,mybookieag,1.0,-110,-110,-107.0,-118.0,45.5,-110,-110,,,,,,,True,,,odds_api,free
2026_NFL_W04_LAR_PHI_draftkings_20260924T141706Z,2026_NFL_W04_LAR_PHI,2026-09-24T14:17:06.268067+00:00,2026-09-24T14:16:51Z,draftkings,2.5,-115,-105,114.0,-135.0,45.5,-110,-110,,,,,,,True,,,odds_api,free
2026_NFL_W04_LAR_PHI_betus_20260924T141706Z,2026_NFL_W04_LAR_PHI,2026-09-24T14:17:06.268067+00:00,2026-09-24T14:16:52Z,betus,2.5,100,-120,,,46.0,-110,-110,,,,,,,True,,,odds_api,free
2026_NFL_W04_LAR_PHI_fanduel_20260924T141706Z,2026_NFL_W04_LAR_PHI,2026-09-24T14:17:06.268067+00:00,2026-09-24T14:16:36Z,fanduel,3.0,-118,-104,128.0,-152.0,46.5,-104,-118,,,,,,,True,,,odds_api,free
2026_NFL_W04_LAR_PHI_betonlineag_20260924T141706Z,2026_NFL_W04_LAR_PHI,2026-09-24T14:17:06.268067+00:00,2026-09-24T14:16:51Z,betonlineag,2.5,100,-120,,,46.0,-110,-110,,,,,,,True,,,odds_api,free
2026_NFL_W04_LAR_PHI_lowvig_20260924T141706Z,2026_NFL_W04_LAR_PHI,2026-09-24T14:17:06.268067+00:00,2026-09-24T14:16:18Z,lowvig,2.5,105,-116,,,46.0,-107,-107,,,,,,,True,,,odds_api,free
2026_NFL_W04_LAR_PHI_betrivers_20260924T141706Z,2026_NFL_W04_LAR_PHI,2026-09-24T14:17:06.268067+00:00,2026-09-24T14:16:19Z,betrivers,2.5,-108,-113,114.0,-143.0,46.5,-110,-110,,,,,,,True,,,odds_api,free
2026_NFL_W04_LAR_PHI_mybookieag_20260924T141706Z,2026_NFL_W04_LAR_PHI,2026-09-24T14:17:06.268067+00:00,2026-09-24T14:16:17Z,mybookieag,3.0,-110,-110,116.0,-148.0,46.0,-110,-110,,,,,,,True,,,odds_api,free
2026_NFL_W04_MIA_MIN_draftkings_20260924T141706Z,2026_NFL_W04_MIA_MIN,2026-09-24T14:17:06.268067+00:00,2026-09-24T14:16:51Z,draftkings,-10.5,-110,-110,-675.0,490.0,42.5,-110,-110,,,,,,,True,,,odds_api,free
2026_NFL_W04_MIA_MIN_betus_20260924T141706Z,2026_NFL_W04_MIA_MIN,2026-09-24T14:17:06.268067+00:00,2026-09-24T14:16:52Z,betus,-10.5,-110,-110,,,42.0,-110,-110,,,,,,,True,,,odds_api,free
2026_NFL_W04_MIA_MIN_fanduel_20260924T141706Z,2026_NFL_W04_MIA_MIN,2026-09-24T14:17:06.268067+00:00,2026-09-24T14:16:36Z,fanduel,-10.5,-102,-120,-560.0,420.0,43.5,-105,-115,,,,,,,True,,,odds_api,free
2026_NFL_W04_MIA_MIN_betonlineag_20260924T141706Z,2026_NFL_W04_MIA_MIN,2026-09-24T14:17:06.268067+00:00,2026-09-24T14:16:51Z,betonlineag,-10.0,-110,-110,,,42.5,-110,-110,,,,,,,True,,,odds_api,free
2026_NFL_W04_MIA_MIN_lowvig_20260924T141706Z,2026_NFL_W04_MIA_MIN,2026-09-24T14:17:06.268067+00:00,2026-09-24T14:16:18Z,lowvig,-10.0,-105,-105,,,42.5,-107,-107,,,,,,,True,,,odds_api,free
2026_NFL_W04_MIA_MIN_betrivers_20260924T141706Z,2026_NFL_W04_MIA_MIN,2026-09-24T14:17:06.268067+00:00,2026-09-24T14:16:19Z,betrivers,-10.5,-108,-113,-625.0,440.0,43.0,-110,-110,,,,,,,True,,,odds_api,free
2026_NFL_W04_MIA_MIN_mybookieag_20260924T141706Z,2026_NFL_W04_MIA_MIN,2026-09-24T14:17:06.268067+00:00,2026-09-24T14:16:17Z,mybookieag,-10.5,-110,-110,-676.0,430.0,43.0,-110,-110,,,,,,,True,,,odds_api,free
2026_NFL_W04_DEN_SF_draftkings_20260924T141706Z,2026_NFL_W04_DEN_SF,2026-09-24T14:17:06.268067+00:00,2026-09-24T14:16:51Z,draftkings,-4.5,-105,-115,-205.0,170.0,45.5,-110,-110,,,,,,,True,,,odds_api,free
2026_NFL_W04_DEN_SF_betus_20260924T141706Z,2026_NFL_W04_DEN_SF,2026-09-24T14:17:06.268067+00:00,2026-09-24T14:16:52Z,betus,-3.5,-115,-105,,,46.0,-110,-110,,,,,,,True,,,odds_api,free
2026_NFL_W04_DEN_SF_fanduel_20260924T141706Z,2026_NFL_W04_DEN_SF,2026-09-24T14:17:06.268067+00:00,2026-09-24T14:16:36Z,fanduel,-3.5,-114,-106,-205.0,172.0,46.5,-110,-110,,,,,,,True,,,odds_api,free
2026_NFL_W04_DEN_SF_betonlineag_20260924T141706Z,2026_NFL_W04_DEN_SF,2026-09-24T14:17:06.268067+00:00,2026-09-24T14:16:51Z,betonlineag,-3.5,-115,-105,,,46.0,-110,-110,,,,,,,True,,,odds_api,free
2026_NFL_W04_DEN_SF_lowvig_20260924T141706Z,2026_NFL_W04_DEN_SF,2026-09-24T14:17:06.268067+00:00,2026-09-24T14:16:18Z,lowvig,-3.5,-110,100,,,46.0,-107,-107,,,,,,,True,,,odds_api,free
2026_NFL_W04_DEN_SF_betrivers_20260924T141706Z,2026_NFL_W04_DEN_SF,2026-09-24T14:17:06.268067+00:00,2026-09-24T14:16:19Z,betrivers,-4.0,-108,-113,-186.0,150.0,45.5,-113,-108,,,,,,,True,,,odds_api,free
2026_NFL_W04_DEN_SF_mybookieag_20260924T141706Z,2026_NFL_W04_DEN_SF,2026-09-24T14:17:06.268067+00:00,2026-09-24T14:16:17Z,mybookieag,-4.0,-110,-110,-208.0,159.0,46.0,-110,-110,,,,,,,True,,,odds_api,free
2026_NFL_W04_KC_LV_draftkings_20260924T141706Z,2026_NFL_W04_KC_LV,2026-09-24T14:17:06.268067+00:00,2026-09-24T14:16:51Z,draftkings,6.0,-110,-110,205.0,-250.0,45.5,-110,-110,,,,,,,True,,,odds_api,free
2026_NFL_W04_KC_LV_betus_20260924T141706Z,2026_NFL_W04_KC_LV,2026-09-24T14:17:06.268067+00:00,2026-09-24T14:16:52Z,betus,5.5,-110,-110,,,46.0,-110,-110,,,,,,,True,,,odds_api,free
2026_NFL_W04_KC_LV_fanduel_20260924T141706Z,2026_NFL_W04_KC_LV,2026-09-24T14:17:06.268067+00:00,2026-09-24T14:16:36Z,fanduel,5.5,-115,-105,198.0,-240.0,45.5,-118,-104,,,,,,,True,,,odds_api,free
2026_NFL_W04_KC_LV_lowvig_20260924T141706Z,2026_NFL_W04_KC_LV,2026-09-24T14:17:06.268067+00:00,2026-09-24T14:16:18Z,lowvig,5.5,-105,-105,,,45.5,-107,-107,,,,,,,True,,,odds_api,free
2026_NFL_W04_KC_LV_betonlineag_20260924T141706Z,2026_NFL_W04_KC_LV,2026-09-24T14:17:06.268067+00:00,2026-09-24T14:16:51Z,betonlineag,5.5,-110,-110,,,45.5,-110,-110,,,,,,,True,,,odds_api,free
2026_NFL_W04_KC_LV_betrivers_20260924T141706Z,2026_NFL_W04_KC_LV,2026-09-24T14:17:06.268067+00:00,2026-09-24T14:16:19Z,betrivers,5.5,-107,-114,200.0,-250.0,45.5,-109,-112,,,,,,,True,,,odds_api,free
2026_NFL_W04_KC_LV_mybookieag_20260924T141706Z,2026_NFL_W04_KC_LV,2026-09-24T14:17:06.268067+00:00,2026-09-24T14:16:17Z,mybookieag,5.5,-110,-110,191.0,-250.0,45.5,-110,-110,,,,,,,True,,,odds_api,free
2026_NFL_W04_LAC_SEA_draftkings_20260924T141706Z,2026_NFL_W04_LAC_SEA,2026-09-24T14:17:06.268067+00:00,2026-09-24T14:16:51Z,draftkings,-6.5,-110,-110,-290.0,235.0,42.5,-110,-110,,,,,,,True,,,odds_api,free
2026_NFL_W04_LAC_SEA_betus_20260924T141706Z,2026_NFL_W04_LAC_SEA,2026-09-24T14:17:06.268067+00:00,2026-09-24T14:16:52Z,betus,-6.5,-110,-110,,,43.5,-110,-110,,,,,,,True,,,odds_api,free
2026_NFL_W04_LAC_SEA_fanduel_20260924T141706Z,2026_NFL_W04_LAC_SEA,2026-09-24T14:17:06.268067+00:00,2026-09-24T14:16:36Z,fanduel,-7.0,-105,-115,-340.0,275.0,43.5,-115,-105,,,,,,,True,,,odds_api,free
2026_NFL_W04_LAC_SEA_betonlineag_20260924T141706Z,2026_NFL_W04_LAC_SEA,2026-09-24T14:17:06.268067+00:00,2026-09-24T14:16:51Z,betonlineag,-6.5,-110,-110,,,43.5,-110,-110,,,,,,,True,,,odds_api,free
2026_NFL_W04_LAC_SEA_lowvig_20260924T141706Z,2026_NFL_W04_LAC_SEA,2026-09-24T14:17:06.268067+00:00,2026-09-24T14:16:18Z,lowvig,-6.5,-105,-105,,,43.5,-107,-107,,,,,,,True,,,odds_api,free
2026_NFL_W04_LAC_SEA_betrivers_20260924T141706Z,2026_NFL_W04_LAC_SEA,2026-09-24T14:17:06.268067+00:00,2026-09-24T14:16:19Z,betrivers,-6.5,-115,-106,-335.0,255.0,43.0,-110,-110,,,,,,,True,,,odds_api,free
2026_NFL_W04_LAC_SEA_mybookieag_20260924T141706Z,2026_NFL_W04_LAC_SEA,2026-09-24T14:17:06.268067+00:00,2026-09-24T14:16:17Z,mybookieag,-6.5,-110,-110,-319.0,232.0,43.0,-110,-110,,,,,,,True,,,odds_api,free
2026_NFL_W04_DET_CAR_draftkings_20260924T141706Z,2026_NFL_W04_DET_CAR,2026-09-24T14:17:06.268067+00:00,2026-09-24T14:16:51Z,draftkings,3.0,-120,100,130.0,-155.0,49.5,-110,-110,,,,,,,True,,,odds_api,free
2026_NFL_W04_DET_CAR_fanduel_20260924T141706Z,2026_NFL_W04_DET_CAR,2026-09-24T14:17:06.268067+00:00,2026-09-24T14:16:36Z,fanduel,2.5,-110,-110,118.0,-138.0,49.5,-110,-110,,,,,,,True,,,odds_api,free
2026_NFL_W04_DET_CAR_betus_20260924T141706Z,2026_NFL_W04_DET_CAR,2026-09-24T14:17:06.268067+00:00,2026-09-24T14:16:52Z,betus,2.5,-110,-110,,,49.5,-110,-110,,,,,,,True,,,odds_api,free
2026_NFL_W04_DET_CAR_lowvig_20260924T141706Z,2026_NFL_W04_DET_CAR,2026-09-24T14:17:06.268067+00:00,2026-09-24T14:16:18Z,lowvig,2.5,-105,-105,,,49.5,-107,-107,,,,,,,True,,,odds_api,free
2026_NFL_W04_DET_CAR_betonlineag_20260924T141706Z,2026_NFL_W04_DET_CAR,2026-09-24T14:17:06.268067+00:00,2026-09-24T14:16:51Z,betonlineag,2.5,-110,-110,,,49.5,-110,-110,,,,,,,True,,,odds_api,free
2026_NFL_W04_DET_CAR_betrivers_20260924T141706Z,2026_NFL_W04_DET_CAR,2026-09-24T14:17:06.268067+00:00,2026-09-24T14:16:19Z,betrivers,3.0,-114,-107,123.0,-150.0,49.5,-110,-110,,,,,,,True,,,odds_api,free
2026_NFL_W04_DET_CAR_bovada_20260924T141706Z,2026_NFL_W04_DET_CAR,2026-09-24T14:17:06.268067+00:00,2026-09-24T14:14:56Z,bovada,3.0,-120,100,130.0,-150.0,49.5,-110,-110,,,,,,,True,,,odds_api,free
2026_NFL_W04_DET_CAR_mybookieag_20260924T141706Z,2026_NFL_W04_DET_CAR,2026-09-24T14:17:06.268067+00:00,2026-09-24T14:16:17Z,mybookieag,3.0,-110,-110,118.0,-151.0,49.5,-110,-110,,,,,,,True,,,odds_api,free
2026_NFL_W04_ATL_NO_draftkings_20260924T141706Z,2026_NFL_W04_ATL_NO,2026-09-24T14:17:06.268067+00:00,2026-09-24T14:16:51Z,draftkings,-3.5,-110,-110,-185.0,154.0,45.5,-115,-105,,,,,,,True,,,odds_api,free
2026_NFL_W04_ATL_NO_betus_20260924T141706Z,2026_NFL_W04_ATL_NO,2026-09-24T14:17:06.268067+00:00,2026-09-24T14:16:52Z,betus,-3.5,-110,-110,,,46.0,-110,-110,,,,,,,True,,,odds_api,free
2026_NFL_W04_ATL_NO_fanduel_20260924T141706Z,2026_NFL_W04_ATL_NO,2026-09-24T14:17:06.268067+00:00,2026-09-24T14:16:36Z,fanduel,-3.5,-110,-110,-190.0,160.0,45.5,-105,-115,,,,,,,True,,,odds_api,free
2026_NFL_W04_ATL_NO_betonlineag_20260924T141706Z,2026_NFL_W04_ATL_NO,2026-09-24T14:17:06.268067+00:00,2026-09-24T14:16:51Z,betonlineag,-3.5,-110,-110,,,45.5,-110,-110,,,,,,,True,,,odds_api,free
2026_NFL_W04_ATL_NO_lowvig_20260924T141706Z,2026_NFL_W04_ATL_NO,2026-09-24T14:17:06.268067+00:00,2026-09-24T14:16:18Z,lowvig,-3.5,-105,-105,,,45.5,-107,-107,,,,,,,True,,,odds_api,free
2026_NFL_W04_ATL_NO_betrivers_20260924T141706Z,2026_NFL_W04_ATL_NO,2026-09-24T14:17:06.268067+00:00,2026-09-24T14:16:19Z,betrivers,-3.5,-110,-110,-190.0,155.0,45.5,-110,-110,,,,,,,True,,,odds_api,free
2026_NFL_W04_ATL_NO_mybookieag_20260924T141706Z,2026_NFL_W04_ATL_NO,2026-09-24T14:17:06.268067+00:00,2026-09-24T14:16:17Z,mybookieag,-3.5,-110,-110,-197.0,152.0,45.5,-110,-110,,,,,,,True,,,odds_api,free
2026_NFL_W04_PIT_CLE_draftkings_20260924T231533Z,2026_NFL_W04_PIT_CLE,2026-09-24T23:15:33.314913+00:00,2026-09-24T23:15:29Z,draftkings,3.0,-120,100,124.0,-148.0,38.5,-110,-110,,,,,,,True,,,odds_api,free
2026_NFL_W04_PIT_CLE_betus_20260924T231533Z,2026_NFL_W04_PIT_CLE,2026-09-24T23:15:33.314913+00:00,2026-09-24T23:15:10Z,betus,1.5,-105,-115,,,37.5,-110,-110,,,,,,,True,,,odds_api,free
2026_NFL_W04_PIT_CLE_fanduel_20260924T231533Z,2026_NFL_W04_PIT_CLE,2026-09-24T23:15:33.314913+00:00,2026-09-24T23:15:15Z,fanduel,2.5,-110,-110,114.0,-134.0,37.5,-105,-115,,,,,,,True,,,odds_api,free
2026_NFL_W04_PIT_CLE_mybookieag_20260924T231533Z,2026_NFL_W04_PIT_CLE,2026-09-24T23:15:33.314913+00:00,2026-09-24T23:13:28Z,mybookieag,2.5,-110,-110,114.0,-146.0,37.5,-110,-110,,,,,,,True,,,odds_api,free
2026_NFL_W04_PIT_CLE_betonlineag_20260924T231533Z,2026_NFL_W04_PIT_CLE,2026-09-24T23:15:33.314913+00:00,2026-09-24T23:15:10Z,betonlineag,1.5,-105,-115,,,37.5,-110,-110,,,,,,,True,,,odds_api,free
2026_NFL_W04_PIT_CLE_lowvig_20260924T231533Z,2026_NFL_W04_PIT_CLE,2026-09-24T23:15:33.314913+00:00,2026-09-24T23:14:36Z,lowvig,1.5,100,-110,,,37.5,-107,-107,,,,,,,True,,,odds_api,free
2026_NFL_W04_PIT_CLE_betrivers_20260924T231533Z,2026_NFL_W04_PIT_CLE,2026-09-24T23:15:33.314913+00:00,2026-09-24T23:14:52Z,betrivers,2.5,-105,-117,117.0,-141.0,38.0,-108,-113,,,,,,,True,,,odds_api,free
2026_NFL_W04_IND_WAS_draftkings_20260924T231533Z,2026_NFL_W04_IND_WAS,2026-09-24T23:15:33.314913+00:00,2026-09-24T23:15:29Z,draftkings,4.5,-110,-110,170.0,-205.0,46.5,-110,-110,,,,,,,True,,,odds_api,free
2026_NFL_W04_IND_WAS_fanduel_20260924T231533Z,2026_NFL_W04_IND_WAS,2026-09-24T23:15:33.314913+00:00,2026-09-24T23:15:15Z,fanduel,4.5,-105,-115,190.0,-230.0,46.5,-104,-118,,,,,,,True,,,odds_api,free
2026_NFL_W04_IND_WAS_betus_20260924T231533Z,2026_NFL_W04_IND_WAS,2026-09-24T23:15:33.314913+00:00,2026-09-24T23:15:10Z,betus,4.5,-110,-110,,,45.5,-110,-110,,,,,,,True,,,odds_api,free
2026_NFL_W04_IND_WAS_mybookieag_20260924T231533Z,2026_NFL_W04_IND_WAS,2026-09-24T23:15:33.314913+00:00,2026-09-24T23:13:28Z,mybookieag,4.5,-110,-110,173.0,-226.0,46.5,-110,-110,,,,,,,True,,,odds_api,free
2026_NFL_W04_IND_WAS_lowvig_20260924T231533Z,2026_NFL_W04_IND_WAS,2026-09-24T23:15:33.314913+00:00,2026-09-24T23:14:36Z,lowvig,4.0,-110,100,,,46.0,-107,-107,,,,,,,True,,,odds_api,free
2026_NFL_W04_IND_WAS_betonlineag_20260924T231533Z,2026_NFL_W04_IND_WAS,2026-09-24T23:15:33.314913+00:00,2026-09-24T23:15:10Z,betonlineag,4.0,-115,-105,,,46.0,-110,-110,,,,,,,True,,,odds_api,free
2026_NFL_W04_IND_WAS_betrivers_20260924T231533Z,2026_NFL_W04_IND_WAS,2026-09-24T23:15:33.314913+00:00,2026-09-24T23:14:52Z,betrivers,4.5,-108,-113,180.0,-225.0,46.0,-113,-108,,,,,,,True,,,odds_api,free
2026_NFL_W04_ARI_NYG_draftkings_20260924T231533Z,2026_NFL_W04_ARI_NYG,2026-09-24T23:15:33.314913+00:00,2026-09-24T23:15:29Z,draftkings,-2.5,-110,-110,-135.0,114.0,43.5,-110,-110,,,,,,,True,,,odds_api,free
2026_NFL_W04_ARI_NYG_betus_20260924T231533Z,2026_NFL_W04_ARI_NYG,2026-09-24T23:15:33.314913+00:00,2026-09-24T23:15:10Z,betus,-1.5,-110,-110,,,44.0,-110,-110,,,,,,,True,,,odds_api,free
2026_NFL_W04_ARI_NYG_fanduel_20260924T231533Z,2026_NFL_W04_ARI_NYG,2026-09-24T23:15:33.314913+00:00,2026-09-24T23:15:15Z,fanduel,-2.5,-110,-110,-136.0,116.0,43.5,-115,-105,,,,,,,True,,,odds_api,free
2026_NFL_W04_ARI_NYG_betrivers_20260924T231533Z,2026_NFL_W04_ARI_NYG,2026-09-24T23:15:33.314913+00:00,2026-09-24T23:14:52Z,betrivers,-2.5,-117,-105,-141.0,117.0,43.5,-112,-109,,,,,,,True,,,odds_api,free
2026_NFL_W04_ARI_NYG_mybookieag_20260924T231533Z,2026_NFL_W04_ARI_NYG,2026-09-24T23:15:33.314913+00:00,2026-09-24T23:13:28Z,mybookieag,-2.5,-110,-110,-144.0,113.0,43.5,-110,-110,,,,,,,True,,,odds_api,free
2026_NFL_W04_TEN_BAL_draftkings_20260924T231533Z,2026_NFL_W04_TEN_BAL,2026-09-24T23:15:33.314913+00:00,2026-09-24T23:15:29Z,draftkings,-10.5,-110,-110,-600.0,440.0,44.5,-110,-110,,,,,,,True,,,odds_api,free
2026_NFL_W04_TEN_BAL_betus_20260924T231533Z,2026_NFL_W04_TEN_BAL,2026-09-24T23:15:33.314913+00:00,2026-09-24T23:15:10Z,betus,-10.5,-110,-110,,,45.0,-110,-110,,,,,,,True,,,odds_api,free
2026_NFL_W04_TEN_BAL_fanduel_20260924T231533Z,2026_NFL_W04_TEN_BAL,2026-09-24T23:15:33.314913+00:00,2026-09-24T23:15:15Z,fanduel,-10.5,-110,-110,-700.0,500.0,44.5,-118,-104,,,,,,,True,,,odds_api,free
2026_NFL_W04_TEN_BAL_betonlineag_20260924T231533Z,2026_NFL_W04_TEN_BAL,2026-09-24T23:15:33.314913+00:00,2026-09-24T23:15:10Z,betonlineag,-10.5,-110,-110,,,45.0,-110,-110,,,,,,,True,,,odds_api,free
2026_NFL_W04_TEN_BAL_lowvig_20260924T231533Z,2026_NFL_W04_TEN_BAL,2026-09-24T23:15:33.314913+00:00,2026-09-24T23:14:36Z,lowvig,-10.5,-105,-105,,,45.0,-107,-107,,,,,,,True,,,odds_api,free
2026_NFL_W04_TEN_BAL_betrivers_20260924T231533Z,2026_NFL_W04_TEN_BAL,2026-09-24T23:15:33.314913+00:00,2026-09-24T23:14:52Z,betrivers,-10.0,-114,-107,-670.0,460.0,44.5,-110,-110,,,,,,,True,,,odds_api,free
2026_NFL_W04_TEN_BAL_mybookieag_20260924T231533Z,2026_NFL_W04_TEN_BAL,2026-09-24T23:15:33.314913+00:00,2026-09-24T23:13:28Z,mybookieag,-10.5,-110,-110,-676.0,430.0,45.0,-110,-110,,,,,,,True,,,odds_api,free
2026_NFL_W04_NE_BUF_draftkings_20260924T231533Z,2026_NFL_W04_NE_BUF,2026-09-24T23:15:33.314913+00:00,2026-09-24T23:15:29Z,draftkings,-5.5,-110,-110,-250.0,205.0,49.5,-110,-110,,,,,,,True,,,odds_api,free
2026_NFL_W04_NE_BUF_fanduel_20260924T231533Z,2026_NFL_W04_NE_BUF,2026-09-24T23:15:33.314913+00:00,2026-09-24T23:15:15Z,fanduel,-5.5,-115,-105,-260.0,215.0,50.5,-104,-118,,,,,,,True,,,odds_api,free
2026_NFL_W04_NE_BUF_betus_20260924T231533Z,2026_NFL_W04_NE_BUF,2026-09-24T23:15:33.314913+00:00,2026-09-24T23:15:10Z,betus,-5.5,-110,-110,,,50.5,-110,-110,,,,,,,True,,,odds_api,free
2026_NFL_W04_NE_BUF_lowvig_20260924T231533Z,2026_NFL_W04_NE_BUF,2026-09-24T23:15:33.314913+00:00,2026-09-24T23:14:36Z,lowvig,-5.5,-105,-105,,,50.0,-107,-107,,,,,,,True,,,odds_api,free
2026_NFL_W04_NE_BUF_betonlineag_20260924T231533Z,2026_NFL_W04_NE_BUF,2026-09-24T23:15:33.314913+00:00,2026-09-24T23:15:10Z,betonlineag,-5.5,-110,-110,,,50.0,-110,-110,,,,,,,True,,,odds_api,free
2026_NFL_W04_NE_BUF_betrivers_20260924T231533Z,2026_NFL_W04_NE_BUF,2026-09-24T23:15:33.314913+00:00,2026-09-24T23:14:52Z,betrivers,-5.5,-112,-109,-265.0,210.0,49.5,-113,-108,,,,,,,True,,,odds_api,free
2026_NFL_W04_NE_BUF_mybookieag_20260924T231533Z,2026_NFL_W04_NE_BUF,2026-09-24T23:15:33.314913+00:00,2026-09-24T23:13:28Z,mybookieag,-5.5,-110,-110,-250.0,189.0,50.0,-110,-110,,,,,,,True,,,odds_api,free
2026_NFL_W04_NYJ_CHI_draftkings_20260924T231533Z,2026_NFL_W04_NYJ_CHI,2026-09-24T23:15:33.314913+00:00,2026-09-24T23:15:29Z,draftkings,-3.0,-110,-110,-162.0,136.0,43.5,-110,-110,,,,,,,True,,,odds_api,free
2026_NFL_W04_NYJ_CHI_fanduel_20260924T231533Z,2026_NFL_W04_NYJ_CHI,2026-09-24T23:15:33.314913+00:00,2026-09-24T23:15:15Z,fanduel,-3.5,-110,-110,-190.0,160.0,43.5,-105,-115,,,,,,,True,,,odds_api,free
2026_NFL_W04_NYJ_CHI_betus_20260924T231533Z,2026_NFL_W04_NYJ_CHI,2026-09-24T23:15:33.314913+00:00,2026-09-24T23:15:10Z,betus,-3.5,-105,-115,,,43.0,-110,-110,,,,,,,True,,,odds_api,free
2026_NFL_W04_NYJ_CHI_lowvig_20260924T231533Z,2026_NFL_W04_NYJ_CHI,2026-09-24T23:15:33.314913+00:00,2026-09-24T23:14:36Z,lowvig,-3.5,100,-110,,,43.0,-107,-107,,,,,,,True,,,odds_api,free
2026_NFL_W04_NYJ_CHI_betonlineag_20260924T231533Z,2026_NFL_W04_NYJ_CHI,2026-09-24T23:15:33.314913+00:00,2026-09-24T23:15:10Z,betonlineag,-3.5,-105,-115,,,43.0,-110,-110,,,,,,,True,,,odds_api,free
2026_NFL_W04_NYJ_CHI_betrivers_20260924T231533Z,2026_NFL_W04_NYJ_CHI,2026-09-24T23:15:33.314913+00:00,2026-09-24T23:14:52Z,betrivers,-3.5,-110,-110,-182.0,150.0,43.5,-110,-110,,,,,,,True,,,odds_api,free
2026_NFL_W04_NYJ_CHI_mybookieag_20260924T231533Z,2026_NFL_W04_NYJ_CHI,2026-09-24T23:15:33.314913+00:00,2026-09-24T23:13:28Z,mybookieag,-3.5,-110,-110,-184.0,143.0,43.5,-110,-110,,,,,,,True,,,odds_api,free
2026_NFL_W04_JAX_CIN_draftkings_20260924T231533Z,2026_NFL_W04_JAX_CIN,2026-09-24T23:15:33.314913+00:00,2026-09-24T23:15:29Z,draftkings,-3.0,-110,-110,-162.0,136.0,49.5,-110,-110,,,,,,,True,,,odds_api,free
2026_NFL_W04_JAX_CIN_betus_20260924T231533Z,2026_NFL_W04_JAX_CIN,2026-09-24T23:15:33.314913+00:00,2026-09-24T23:15:10Z,betus,-2.5,-115,-105,,,49.5,-110,-110,,,,,,,True,,,odds_api,free
2026_NFL_W04_JAX_CIN_fanduel_20260924T231533Z,2026_NFL_W04_JAX_CIN,2026-09-24T23:15:33.314913+00:00,2026-09-24T23:15:15Z,fanduel,-2.5,-115,-105,-144.0,122.0,50.5,-118,-104,,,,,,,True,,,odds_api,free
2026_NFL_W04_JAX_CIN_betonlineag_20260924T231533Z,2026_NFL_W04_JAX_CIN,2026-09-24T23:15:33.314913+00:00,2026-09-24T23:15:10Z,betonlineag,-2.5,-115,-105,,,50.5,-110,-110,,,,,,,True,,,odds_api,free
2026_NFL_W04_JAX_CIN_lowvig_20260924T231533Z,2026_NFL_W04_JAX_CIN,2026-09-24T23:15:33.314913+00:00,2026-09-24T23:14:36Z,lowvig,-2.5,-110,100,,,50.5,-107,-107,,,,,,,True,,,odds_api,free
2026_NFL_W04_JAX_CIN_betrivers_20260924T231533Z,2026_NFL_W04_JAX_CIN,2026-09-24T23:15:33.314913+00:00,2026-09-24T23:14:52Z,betrivers,-2.5,-118,-104,-152.0,125.0,50.0,-114,-107,,,,,,,True,,,odds_api,free
2026_NFL_W04_JAX_CIN_mybookieag_20260924T231533Z,2026_NFL_W04_JAX_CIN,2026-09-24T23:15:33.314913+00:00,2026-09-24T23:13:28Z,mybookieag,-3.0,-110,-110,-157.0,123.0,50.5,-110,-110,,,,,,,True,,,odds_api,free
2026_NFL_W04_DAL_HOU_draftkings_20260924T231533Z,2026_NFL_W04_DAL_HOU,2026-09-24T23:15:33.314913+00:00,2026-09-24T23:15:29Z,draftkings,-3.0,-110,-110,-162.0,136.0,47.5,-110,-110,,,,,,,True,,,odds_api,free
2026_NFL_W04_DAL_HOU_betus_20260924T231533Z,2026_NFL_W04_DAL_HOU,2026-09-24T23:15:33.314913+00:00,2026-09-24T23:15:10Z,betus,-3.0,-105,-115,,,48.0,-110,-110,,,,,,,True,,,odds_api,free
2026_NFL_W04_DAL_HOU_fanduel_20260924T231533Z,2026_NFL_W04_DAL_HOU,2026-09-24T23:15:33.314913+00:00,2026-09-24T23:15:15Z,fanduel,-2.5,-115,-105,-146.0,124.0,47.5,-105,-115,,,,,,,True,,,odds_api,free
2026_NFL_W04_DAL_HOU_betonlineag_20260924T231533Z,2026_NFL_W04_DAL_HOU,2026-09-24T23:15:33.314913+00:00,2026-09-24T23:15:10Z,betonlineag,-3.0,-105,-115,,,47.5,-110,-110,,,,,,,True,,,odds_api,free
2026_NFL_W04_DAL_HOU_lowvig_20260924T231533Z,2026_NFL_W04_DAL_HOU,2026-09-24T23:15:33.314913+00:00,2026-09-24T23:14:36Z,lowvig,-3.0,100,-110,,,47.5,-107,-107,,,,,,,True,,,odds_api,free
2026_NFL_W04_DAL_HOU_betrivers_20260924T231533Z,2026_NFL_W04_DAL_HOU,2026-09-24T23:15:33.314913+00:00,2026-09-24T23:14:52Z,betrivers,-2.5,-118,-104,-152.0,125.0,47.5,-112,-109,,,,,,,True,,,odds_api,free
2026_NFL_W04_DAL_HOU_mybookieag_20260924T231533Z,2026_NFL_W04_DAL_HOU,2026-09-24T23:15:33.314913+00:00,2026-09-24T23:13:28Z,mybookieag,-3.0,-110,-110,-159.0,124.0,47.5,-110,-110,,,,,,,True,,,odds_api,free
2026_NFL_W04_GB_TB_draftkings_20260924T231533Z,2026_NFL_W04_GB_TB,2026-09-24T23:15:33.314913+00:00,2026-09-24T23:15:29Z,draftkings,1.5,-115,-105,-102.0,-118.0,45.5,-110,-110,,,,,,,True,,,odds_api,free
2026_NFL_W04_GB_TB_betus_20260924T231533Z,2026_NFL_W04_GB_TB,2026-09-24T23:15:33.314913+00:00,2026-09-24T23:15:10Z,betus,1.5,-110,-110,,,46.0,-110,-110,,,,,,,True,,,odds_api,free
2026_NFL_W04_GB_TB_fanduel_20260924T231533Z,2026_NFL_W04_GB_TB,2026-09-24T23:15:33.314913+00:00,2026-09-24T23:15:15Z,fanduel,1.5,-120,-102,-104.0,-112.0,45.5,-115,-105,,,,,,,True,,,odds_api,free
2026_NFL_W04_GB_TB_betonlineag_20260924T231533Z,2026_NFL_W04_GB_TB,2026-09-24T23:15:33.314913+00:00,2026-09-24T23:15:10Z,betonlineag,1.5,-115,-105,,,46.0,-110,-110,,,,,,,True,,,odds_api,free
2026_NFL_W04_GB_TB_lowvig_20260924T231533Z,2026_NFL_W04_GB_TB,2026-09-24T23:15:33.314913+00:00,2026-09-24T23:14:36Z,lowvig,1.5,-110,100,,,46.0,-107,-107,,,,,,,True,,,odds_api,free
2026_NFL_W04_GB_TB_betrivers_20260924T231533Z,2026_NFL_W04_GB_TB,2026-09-24T23:15:33.314913+00:00,2026-09-24T23:14:52Z,betrivers,1.0,-109,-112,-103.0,-120.0,45.5,-109,-112,,,,,,,True,,,odds_api,free
2026_NFL_W04_GB_TB_bovada_20260924T231533Z,2026_NFL_W04_GB_TB,2026-09-24T23:15:33.314913+00:00,2026-09-24T23:12:06Z,bovada,1.5,-115,-105,100.0,-120.0,46.0,-110,-110,,,,,,,True,,,odds_api,free
2026_NFL_W04_GB_TB_mybookieag_20260924T231533Z,2026_NFL_W04_GB_TB,2026-09-24T23:15:33.314913+00:00,2026-09-24T23:13:28Z,mybookieag,1.0,-110,-110,-107.0,-118.0,45.5,-110,-110,,,,,,,True,,,odds_api,free
2026_NFL_W04_LAR_PHI_draftkings_20260924T231533Z,2026_NFL_W04_LAR_PHI,2026-09-24T23:15:33.314913+00:00,2026-09-24T23:15:29Z,draftkings,2.5,-115,-105,114.0,-135.0,45.5,-110,-110,,,,,,,True,,,odds_api,free
2026_NFL_W04_LAR_PHI_betus_20260924T231533Z,2026_NFL_W04_LAR_PHI,2026-09-24T23:15:33.314913+00:00,2026-09-24T23:15:10Z,betus,2.5,100,-120,,,46.0,-110,-110,,,,,,,True,,,odds_api,free
2026_NFL_W04_LAR_PHI_fanduel_20260924T231533Z,2026_NFL_W04_LAR_PHI,2026-09-24T23:15:33.314913+00:00,2026-09-24T23:15:15Z,fanduel,3.0,-118,-104,128.0,-152.0,46.5,-104,-118,,,,,,,True,,,odds_api,free
2026_NFL_W04_LAR_PHI_betonlineag_20260924T231533Z,2026_NFL_W04_LAR_PHI,2026-09-24T23:15:33.314913+00:00,2026-09-24T23:15:10Z,betonlineag,2.5,100,-120,,,46.0,-110,-110,,,,,,,True,,,odds_api,free
2026_NFL_W04_LAR_PHI_lowvig_20260924T231533Z,2026_NFL_W04_LAR_PHI,2026-09-24T23:15:33.314913+00:00,2026-09-24T23:14:36Z,lowvig,2.5,105,-116,,,46.0,-107,-107,,,,,,,True,,,odds_api,free
2026_NFL_W04_LAR_PHI_betrivers_20260924T231533Z,2026_NFL_W04_LAR_PHI,2026-09-24T23:15:33.314913+00:00,2026-09-24T23:14:52Z,betrivers,2.5,-108,-113,114.0,-143.0,46.5,-110,-110,,,,,,,True,,,odds_api,free
2026_NFL_W04_LAR_PHI_mybookieag_20260924T231533Z,2026_NFL_W04_LAR_PHI,2026-09-24T23:15:33.314913+00:00,2026-09-24T23:13:28Z,mybookieag,3.0,-110,-110,116.0,-148.0,46.0,-110,-110,,,,,,,True,,,odds_api,free
2026_NFL_W04_MIA_MIN_draftkings_20260924T231533Z,2026_NFL_W04_MIA_MIN,2026-09-24T23:15:33.314913+00:00,2026-09-24T23:15:29Z,draftkings,-10.5,-110,-110,-700.0,500.0,42.5,-110,-110,,,,,,,True,,,odds_api,free
2026_NFL_W04_MIA_MIN_betus_20260924T231533Z,2026_NFL_W04_MIA_MIN,2026-09-24T23:15:33.314913+00:00,2026-09-24T23:15:10Z,betus,-10.5,-110,-110,,,42.0,-110,-110,,,,,,,True,,,odds_api,free
2026_NFL_W04_MIA_MIN_fanduel_20260924T231533Z,2026_NFL_W04_MIA_MIN,2026-09-24T23:15:33.314913+00:00,2026-09-24T23:15:15Z,fanduel,-10.5,-102,-120,-560.0,420.0,43.5,-105,-115,,,,,,,True,,,odds_api,free
2026_NFL_W04_MIA_MIN_betonlineag_20260924T231533Z,2026_NFL_W04_MIA_MIN,2026-09-24T23:15:33.314913+00:00,2026-09-24T23:15:10Z,betonlineag,-10.0,-110,-110,,,42.5,-110,-110,,,,,,,True,,,odds_api,free
2026_NFL_W04_MIA_MIN_lowvig_20260924T231533Z,2026_NFL_W04_MIA_MIN,2026-09-24T23:15:33.314913+00:00,2026-09-24T23:14:36Z,lowvig,-10.0,-105,-105,,,42.5,-107,-107,,,,,,,True,,,odds_api,free
2026_NFL_W04_MIA_MIN_betrivers_20260924T231533Z,2026_NFL_W04_MIA_MIN,2026-09-24T23:15:33.314913+00:00,2026-09-24T23:14:52Z,betrivers,-10.5,-108,-113,-625.0,440.0,43.0,-110,-110,,,,,,,True,,,odds_api,free
2026_NFL_W04_MIA_MIN_mybookieag_20260924T231533Z,2026_NFL_W04_MIA_MIN,2026-09-24T23:15:33.314913+00:00,2026-09-24T23:13:28Z,mybookieag,-10.5,-110,-110,-676.0,430.0,43.0,-110,-110,,,,,,,True,,,odds_api,free
2026_NFL_W04_DEN_SF_draftkings_20260924T231533Z,2026_NFL_W04_DEN_SF,2026-09-24T23:15:33.314913+00:00,2026-09-24T23:15:29Z,draftkings,-4.5,-105,-115,-218.0,180.0,45.5,-110,-110,,,,,,,True,,,odds_api,free
2026_NFL_W04_DEN_SF_betus_20260924T231533Z,2026_NFL_W04_DEN_SF,2026-09-24T23:15:33.314913+00:00,2026-09-24T23:15:10Z,betus,-3.5,-115,-105,,,46.0,-110,-110,,,,,,,True,,,odds_api,free
2026_NFL_W04_DEN_SF_fanduel_20260924T231533Z,2026_NFL_W04_DEN_SF,2026-09-24T23:15:33.314913+00:00,2026-09-24T23:15:15Z,fanduel,-3.5,-114,-106,-205.0,172.0,46.5,-110,-110,,,,,,,True,,,odds_api,free
2026_NFL_W04_DEN_SF_betonlineag_20260924T231533Z,2026_NFL_W04_DEN_SF,2026-09-24T23:15:33.314913+00:00,2026-09-24T23:15:10Z,betonlineag,-3.5,-115,-105,,,46.0,-110,-110,,,,,,,True,,,odds_api,free
2026_NFL_W04_DEN_SF_lowvig_20260924T231533Z,2026_NFL_W04_DEN_SF,2026-09-24T23:15:33.314913+00:00,2026-09-24T23:14:36Z,lowvig,-3.5,-110,100,,,46.0,-107,-107,,,,,,,True,,,odds_api,free
2026_NFL_W04_DEN_SF_betrivers_20260924T231533Z,2026_NFL_W04_DEN_SF,2026-09-24T23:15:33.314913+00:00,2026-09-24T23:14:52Z,betrivers,-4.0,-108,-113,-186.0,150.0,45.5,-113,-108,,,,,,,True,,,odds_api,free
2026_NFL_W04_DEN_SF_mybookieag_20260924T231533Z,2026_NFL_W04_DEN_SF,2026-09-24T23:15:33.314913+00:00,2026-09-24T23:13:28Z,mybookieag,-4.0,-110,-110,-212.0,163.0,46.0,-110,-110,,,,,,,True,,,odds_api,free
2026_NFL_W04_KC_LV_draftkings_20260924T231533Z,2026_NFL_W04_KC_LV,2026-09-24T23:15:33.314913+00:00,2026-09-24T23:15:29Z,draftkings,6.0,-110,-110,210.0,-258.0,45.5,-110,-110,,,,,,,True,,,odds_api,free
2026_NFL_W04_KC_LV_betus_20260924T231533Z,2026_NFL_W04_KC_LV,2026-09-24T23:15:33.314913+00:00,2026-09-24T23:15:10Z,betus,5.5,-110,-110,,,46.0,-110,-110,,,,,,,True,,,odds_api,free
2026_NFL_W04_KC_LV_fanduel_20260924T231533Z,2026_NFL_W04_KC_LV,2026-09-24T23:15:33.314913+00:00,2026-09-24T23:15:15Z,fanduel,5.5,-115,-105,198.0,-240.0,45.5,-118,-104,,,,,,,True,,,odds_api,free
2026_NFL_W04_KC_LV_lowvig_20260924T231533Z,2026_NFL_W04_KC_LV,2026-09-24T23:15:33.314913+00:00,2026-09-24T23:14:36Z,lowvig,5.5,-105,-105,,,45.5,-107,-107,,,,,,,True,,,odds_api,free
2026_NFL_W04_KC_LV_betonlineag_20260924T231533Z,2026_NFL_W04_KC_LV,2026-09-24T23:15:33.314913+00:00,2026-09-24T23:15:10Z,betonlineag,5.5,-110,-110,,,45.5,-110,-110,,,,,,,True,,,odds_api,free
2026_NFL_W04_KC_LV_betrivers_20260924T231533Z,2026_NFL_W04_KC_LV,2026-09-24T23:15:33.314913+00:00,2026-09-24T23:14:52Z,betrivers,5.5,-107,-114,200.0,-250.0,45.5,-109,-112,,,,,,,True,,,odds_api,free
2026_NFL_W04_KC_LV_mybookieag_20260924T231533Z,2026_NFL_W04_KC_LV,2026-09-24T23:15:33.314913+00:00,2026-09-24T23:13:28Z,mybookieag,5.5,-110,-110,191.0,-250.0,45.5,-110,-110,,,,,,,True,,,odds_api,free
2026_NFL_W04_LAC_SEA_draftkings_20260924T231533Z,2026_NFL_W04_LAC_SEA,2026-09-24T23:15:33.314913+00:00,2026-09-24T23:15:29Z,draftkings,-6.5,-110,-110,-290.0,235.0,42.5,-110,-110,,,,,,,True,,,odds_api,free
2026_NFL_W04_LAC_SEA_betus_20260924T231533Z,2026_NFL_W04_LAC_SEA,2026-09-24T23:15:33.314913+00:00,2026-09-24T23:15:10Z,betus,-7.0,-110,-110,,,43.5,-110,-110,,,,,,,True,,,odds_api,free
2026_NFL_W04_LAC_SEA_fanduel_20260924T231533Z,2026_NFL_W04_LAC_SEA,2026-09-24T23:15:33.314913+00:00,2026-09-24T23:15:15Z,fanduel,-7.0,-105,-115,-340.0,275.0,43.5,-115,-105,,,,,,,True,,,odds_api,free
2026_NFL_W04_LAC_SEA_betonlineag_20260924T231533Z,2026_NFL_W04_LAC_SEA,2026-09-24T23:15:33.314913+00:00,2026-09-24T23:15:10Z,betonlineag,-6.5,-110,-110,,,43.5,-110,-110,,,,,,,True,,,odds_api,free
2026_NFL_W04_LAC_SEA_lowvig_20260924T231533Z,2026_NFL_W04_LAC_SEA,2026-09-24T23:15:33.314913+00:00,2026-09-24T23:14:36Z,lowvig,-6.5,-105,-105,,,43.5,-107,-107,,,,,,,True,,,odds_api,free
2026_NFL_W04_LAC_SEA_betrivers_20260924T231533Z,2026_NFL_W04_LAC_SEA,2026-09-24T23:15:33.314913+00:00,2026-09-24T23:14:52Z,betrivers,-6.5,-115,-106,-335.0,255.0,43.0,-110,-110,,,,,,,True,,,odds_api,free
2026_NFL_W04_LAC_SEA_mybookieag_20260924T231533Z,2026_NFL_W04_LAC_SEA,2026-09-24T23:15:33.314913+00:00,2026-09-24T23:13:28Z,mybookieag,-6.5,-110,-110,-319.0,232.0,43.0,-110,-110,,,,,,,True,,,odds_api,free
2026_NFL_W04_DET_CAR_draftkings_20260924T231533Z,2026_NFL_W04_DET_CAR,2026-09-24T23:15:33.314913+00:00,2026-09-24T23:15:29Z,draftkings,3.0,-120,100,130.0,-155.0,49.5,-110,-110,,,,,,,True,,,odds_api,free
2026_NFL_W04_DET_CAR_fanduel_20260924T231533Z,2026_NFL_W04_DET_CAR,2026-09-24T23:15:33.314913+00:00,2026-09-24T23:15:15Z,fanduel,2.5,-110,-110,118.0,-138.0,49.5,-110,-110,,,,,,,True,,,odds_api,free
2026_NFL_W04_DET_CAR_betus_20260924T231533Z,2026_NFL_W04_DET_CAR,2026-09-24T23:15:33.314913+00:00,2026-09-24T23:15:10Z,betus,2.5,105,-125,,,49.5,-110,-110,,,,,,,True,,,odds_api,free
2026_NFL_W04_DET_CAR_lowvig_20260924T231533Z,2026_NFL_W04_DET_CAR,2026-09-24T23:15:33.314913+00:00,2026-09-24T23:14:36Z,lowvig,2.5,110,-121,,,49.5,-107,-107,,,,,,,True,,,odds_api,free
2026_NFL_W04_DET_CAR_betonlineag_20260924T231533Z,2026_NFL_W04_DET_CAR,2026-09-24T23:15:33.314913+00:00,2026-09-24T23:15:10Z,betonlineag,2.5,105,-125,,,49.5,-110,-110,,,,,,,True,,,odds_api,free
2026_NFL_W04_DET_CAR_betrivers_20260924T231533Z,2026_NFL_W04_DET_CAR,2026-09-24T23:15:33.314913+00:00,2026-09-24T23:14:52Z,betrivers,3.0,-114,-107,123.0,-150.0,49.5,-110,-110,,,,,,,True,,,odds_api,free
2026_NFL_W04_DET_CAR_bovada_20260924T231533Z,2026_NFL_W04_DET_CAR,2026-09-24T23:15:33.314913+00:00,2026-09-24T23:12:06Z,bovada,3.0,-120,100,130.0,-150.0,49.5,-110,-110,,,,,,,True,,,odds_api,free
2026_NFL_W04_DET_CAR_mybookieag_20260924T231533Z,2026_NFL_W04_DET_CAR,2026-09-24T23:15:33.314913+00:00,2026-09-24T23:13:28Z,mybookieag,3.0,-110,-110,118.0,-151.0,49.5,-110,-110,,,,,,,True,,,odds_api,free
2026_NFL_W04_ATL_NO_draftkings_20260924T231533Z,2026_NFL_W04_ATL_NO,2026-09-24T23:15:33.314913+00:00,2026-09-24T23:15:29Z,draftkings,-3.5,-110,-110,-180.0,150.0,45.5,-115,-105,,,,,,,True,,,odds_api,free
2026_NFL_W04_ATL_NO_betus_20260924T231533Z,2026_NFL_W04_ATL_NO,2026-09-24T23:15:33.314913+00:00,2026-09-24T23:15:10Z,betus,-3.5,-110,-110,,,46.0,-110,-110,,,,,,,True,,,odds_api,free
2026_NFL_W04_ATL_NO_fanduel_20260924T231533Z,2026_NFL_W04_ATL_NO,2026-09-24T23:15:33.314913+00:00,2026-09-24T23:15:15Z,fanduel,-3.5,-110,-110,-190.0,160.0,45.5,-105,-115,,,,,,,True,,,odds_api,free
2026_NFL_W04_ATL_NO_betonlineag_20260924T231533Z,2026_NFL_W04_ATL_NO,2026-09-24T23:15:33.314913+00:00,2026-09-24T23:15:10Z,betonlineag,-3.5,-110,-110,,,45.5,-110,-110,,,,,,,True,,,odds_api,free
2026_NFL_W04_ATL_NO_lowvig_20260924T231533Z,2026_NFL_W04_ATL_NO,2026-09-24T23:15:33.314913+00:00,2026-09-24T23:14:36Z,lowvig,-3.5,-105,-105,,,45.5,-107,-107,,,,,,,True,,,odds_api,free
2026_NFL_W04_ATL_NO_betrivers_20260924T231533Z,2026_NFL_W04_ATL_NO,2026-09-24T23:15:33.314913+00:00,2026-09-24T23:14:52Z,betrivers,-3.5,-110,-110,-190.0,155.0,45.5,-110,-110,,,,,,,True,,,odds_api,free
2026_NFL_W04_ATL_NO_mybookieag_20260924T231533Z,2026_NFL_W04_ATL_NO,2026-09-24T23:15:33.314913+00:00,2026-09-24T23:13:28Z,mybookieag,-3.5,-110,-110,-194.0,150.0,45.5,-110,-110,,,,,,,True,,,odds_api,free
2026_NFL_W04_PIT_CLE_draftkings_20260925T141735Z,2026_NFL_W04_PIT_CLE,2026-09-25T14:17:35.438611+00:00,2026-09-25T14:17:23Z,draftkings,3.0,-120,100,124.0,-148.0,38.5,-110,-110,,,,,,,True,,,odds_api,free
2026_NFL_W04_PIT_CLE_betus_20260925T141735Z,2026_NFL_W04_PIT_CLE,2026-09-25T14:17:35.438611+00:00,2026-09-25T14:16:50Z,betus,1.5,-105,-115,,,37.5,-110,-110,,,,,,,True,,,odds_api,free
2026_NFL_W04_PIT_CLE_fanduel_20260925T141735Z,2026_NFL_W04_PIT_CLE,2026-09-25T14:17:35.438611+00:00,2026-09-25T14:17:07Z,fanduel,2.5,-110,-110,114.0,-134.0,37.5,-105,-115,,,,,,,True,,,odds_api,free
2026_NFL_W04_PIT_CLE_mybookieag_20260925T141735Z,2026_NFL_W04_PIT_CLE,2026-09-25T14:17:35.438611+00:00,2026-09-25T14:17:08Z,mybookieag,2.5,-110,-110,114.0,-146.0,37.5,-110,-110,,,,,,,True,,,odds_api,free
2026_NFL_W04_PIT_CLE_betonlineag_20260925T141735Z,2026_NFL_W04_PIT_CLE,2026-09-25T14:17:35.438611+00:00,2026-09-25T14:17:24Z,betonlineag,1.5,-105,-115,,,37.5,-110,-110,,,,,,,True,,,odds_api,free
2026_NFL_W04_PIT_CLE_lowvig_20260925T141735Z,2026_NFL_W04_PIT_CLE,2026-09-25T14:17:35.438611+00:00,2026-09-25T14:16:51Z,lowvig,1.5,100,-110,,,37.5,-107,-107,,,,,,,True,,,odds_api,free
2026_NFL_W04_PIT_CLE_betrivers_20260925T141735Z,2026_NFL_W04_PIT_CLE,2026-09-25T14:17:35.438611+00:00,2026-09-25T14:17:24Z,betrivers,2.5,-105,-117,117.0,-141.0,38.0,-108,-113,,,,,,,True,,,odds_api,free
2026_NFL_W04_IND_WAS_draftkings_20260925T141735Z,2026_NFL_W04_IND_WAS,2026-09-25T14:17:35.438611+00:00,2026-09-25T14:17:23Z,draftkings,4.5,-110,-110,170.0,-205.0,46.5,-110,-110,,,,,,,True,,,odds_api,free
2026_NFL_W04_IND_WAS_fanduel_20260925T141735Z,2026_NFL_W04_IND_WAS,2026-09-25T14:17:35.438611+00:00,2026-09-25T14:17:07Z,fanduel,4.5,-105,-115,190.0,-230.0,46.5,-104,-118,,,,,,,True,,,odds_api,free
2026_NFL_W04_IND_WAS_betus_20260925T141735Z,2026_NFL_W04_IND_WAS,2026-09-25T14:17:35.438611+00:00,2026-09-25T14:16:50Z,betus,4.5,-110,-110,,,45.5,-110,-110,,,,,,,True,,,odds_api,free
2026_NFL_W04_IND_WAS_mybookieag_20260925T141735Z,2026_NFL_W04_IND_WAS,2026-09-25T14:17:35.438611+00:00,2026-09-25T14:17:08Z,mybookieag,4.5,-110,-110,173.0,-226.0,46.5,-110,-110,,,,,,,True,,,odds_api,free
2026_NFL_W04_IND_WAS_lowvig_20260925T141735Z,2026_NFL_W04_IND_WAS,2026-09-25T14:17:35.438611+00:00,2026-09-25T14:16:51Z,lowvig,4.0,-110,100,,,46.0,-107,-107,,,,,,,True,,,odds_api,free
2026_NFL_W04_IND_WAS_betonlineag_20260925T141735Z,2026_NFL_W04_IND_WAS,2026-09-25T14:17:35.438611+00:00,2026-09-25T14:17:24Z,betonlineag,4.0,-115,-105,,,46.0,-110,-110,,,,,,,True,,,odds_api,free
2026_NFL_W04_IND_WAS_betrivers_20260925T141735Z,2026_NFL_W04_IND_WAS,2026-09-25T14:17:35.438611+00:00,2026-09-25T14:17:24Z,betrivers,4.5,-108,-113,180.0,-225.0,46.0,-113,-108,,,,,,,True,,,odds_api,free
2026_NFL_W04_ARI_NYG_draftkings_20260925T141735Z,2026_NFL_W04_ARI_NYG,2026-09-25T14:17:35.438611+00:00,2026-09-25T14:17:23Z,draftkings,-2.5,-110,-110,-135.0,114.0,43.5,-110,-110,,,,,,,True,,,odds_api,free
2026_NFL_W04_ARI_NYG_betus_20260925T141735Z,2026_NFL_W04_ARI_NYG,2026-09-25T14:17:35.438611+00:00,2026-09-25T14:16:50Z,betus,-1.5,-110,-110,,,44.0,-110,-110,,,,,,,True,,,odds_api,free
2026_NFL_W04_ARI_NYG_fanduel_20260925T141735Z,2026_NFL_W04_ARI_NYG,2026-09-25T14:17:35.438611+00:00,2026-09-25T14:17:07Z,fanduel,-2.5,-110,-110,-136.0,116.0,43.5,-115,-105,,,,,,,True,,,odds_api,free
2026_NFL_W04_ARI_NYG_betrivers_20260925T141735Z,2026_NFL_W04_ARI_NYG,2026-09-25T14:17:35.438611+00:00,2026-09-25T14:17:24Z,betrivers,-2.5,-117,-105,-141.0,117.0,43.5,-112,-109,,,,,,,True,,,odds_api,free
2026_NFL_W04_ARI_NYG_mybookieag_20260925T141735Z,2026_NFL_W04_ARI_NYG,2026-09-25T14:17:35.438611+00:00,2026-09-25T14:17:08Z,mybookieag,-2.5,-110,-110,-142.0,111.0,43.5,-110,-110,,,,,,,True,,,odds_api,free
2026_NFL_W04_TEN_BAL_draftkings_20260925T141735Z,2026_NFL_W04_TEN_BAL,2026-09-25T14:17:35.438611+00:00,2026-09-25T14:17:23Z,draftkings,-10.5,-110,-110,-600.0,440.0,44.5,-110,-110,,,,,,,True,,,odds_api,free
2026_NFL_W04_TEN_BAL_betus_20260925T141735Z,2026_NFL_W04_TEN_BAL,2026-09-25T14:17:35.438611+00:00,2026-09-25T14:16:50Z,betus,-10.5,-110,-110,,,45.0,-110,-110,,,,,,,True,,,odds_api,free
2026_NFL_W04_TEN_BAL_fanduel_20260925T141735Z,2026_NFL_W04_TEN_BAL,2026-09-25T14:17:35.438611+00:00,2026-09-25T14:17:07Z,fanduel,-10.5,-110,-110,-700.0,500.0,44.5,-118,-104,,,,,,,True,,,odds_api,free
2026_NFL_W04_TEN_BAL_betonlineag_20260925T141735Z,2026_NFL_W04_TEN_BAL,2026-09-25T14:17:35.438611+00:00,2026-09-25T14:17:24Z,betonlineag,-10.5,-110,-110,,,45.0,-110,-110,,,,,,,True,,,odds_api,free
2026_NFL_W04_TEN_BAL_lowvig_20260925T141735Z,2026_NFL_W04_TEN_BAL,2026-09-25T14:17:35.438611+00:00,2026-09-25T14:16:51Z,lowvig,-10.5,-105,-105,,,45.0,-107,-107,,,,,,,True,,,odds_api,free
2026_NFL_W04_TEN_BAL_betrivers_20260925T141735Z,2026_NFL_W04_TEN_BAL,2026-09-25T14:17:35.438611+00:00,2026-09-25T14:17:24Z,betrivers,-10.0,-114,-107,-670.0,460.0,44.5,-110,-110,,,,,,,True,,,odds_api,free
2026_NFL_W04_TEN_BAL_mybookieag_20260925T141735Z,2026_NFL_W04_TEN_BAL,2026-09-25T14:17:35.438611+00:00,2026-09-25T14:17:08Z,mybookieag,-10.5,-110,-110,-676.0,430.0,45.0,-110,-110,,,,,,,True,,,odds_api,free
2026_NFL_W04_NE_BUF_draftkings_20260925T141735Z,2026_NFL_W04_NE_BUF,2026-09-25T14:17:35.438611+00:00,2026-09-25T14:17:23Z,draftkings,-5.5,-110,-110,-250.0,205.0,49.5,-110,-110,,,,,,,True,,,odds_api,free
2026_NFL_W04_NE_BUF_fanduel_20260925T141735Z,2026_NFL_W04_NE_BUF,2026-09-25T14:17:35.438611+00:00,2026-09-25T14:17:07Z,fanduel,-5.5,-115,-105,-260.0,215.0,50.5,-104,-118,,,,,,,True,,,odds_api,free
2026_NFL_W04_NE_BUF_betus_20260925T141735Z,2026_NFL_W04_NE_BUF,2026-09-25T14:17:35.438611+00:00,2026-09-25T14:16:50Z,betus,-5.5,-110,-110,,,50.5,-110,-110,,,,,,,True,,,odds_api,free
2026_NFL_W04_NE_BUF_lowvig_20260925T141735Z,2026_NFL_W04_NE_BUF,2026-09-25T14:17:35.438611+00:00,2026-09-25T14:16:51Z,lowvig,-5.5,100,-110,,,50.0,-107,-107,,,,,,,True,,,odds_api,free
2026_NFL_W04_NE_BUF_betonlineag_20260925T141735Z,2026_NFL_W04_NE_BUF,2026-09-25T14:17:35.438611+00:00,2026-09-25T14:17:24Z,betonlineag,-5.5,-105,-115,,,50.0,-110,-110,,,,,,,True,,,odds_api,free
2026_NFL_W04_NE_BUF_betrivers_20260925T141735Z,2026_NFL_W04_NE_BUF,2026-09-25T14:17:35.438611+00:00,2026-09-25T14:17:24Z,betrivers,-5.5,-112,-109,-265.0,210.0,49.5,-113,-108,,,,,,,True,,,odds_api,free
2026_NFL_W04_NE_BUF_mybookieag_20260925T141735Z,2026_NFL_W04_NE_BUF,2026-09-25T14:17:35.438611+00:00,2026-09-25T14:17:08Z,mybookieag,-5.5,-110,-110,-250.0,189.0,50.0,-110,-110,,,,,,,True,,,odds_api,free
2026_NFL_W04_NYJ_CHI_draftkings_20260925T141735Z,2026_NFL_W04_NYJ_CHI,2026-09-25T14:17:35.438611+00:00,2026-09-25T14:17:23Z,draftkings,-3.0,-110,-110,-162.0,136.0,43.5,-110,-110,,,,,,,True,,,odds_api,free
2026_NFL_W04_NYJ_CHI_fanduel_20260925T141735Z,2026_NFL_W04_NYJ_CHI,2026-09-25T14:17:35.438611+00:00,2026-09-25T14:17:07Z,fanduel,-3.5,-110,-110,-190.0,160.0,43.5,-105,-115,,,,,,,True,,,odds_api,free
2026_NFL_W04_NYJ_CHI_betus_20260925T141735Z,2026_NFL_W04_NYJ_CHI,2026-09-25T14:17:35.438611+00:00,2026-09-25T14:16:50Z,betus,-3.0,-110,-110,,,43.0,-110,-110,,,,,,,True,,,odds_api,free
2026_NFL_W04_NYJ_CHI_lowvig_20260925T141735Z,2026_NFL_W04_NYJ_CHI,2026-09-25T14:17:35.438611+00:00,2026-09-25T14:16:51Z,lowvig,-3.0,-105,-105,,,43.0,-107,-107,,,,,,,True,,,odds_api,free
2026_NFL_W04_NYJ_CHI_betonlineag_20260925T141735Z,2026_NFL_W04_NYJ_CHI,2026-09-25T14:17:35.438611+00:00,2026-09-25T14:17:24Z,betonlineag,-3.0,-110,-110,,,43.0,-110,-110,,,,,,,True,,,odds_api,free
2026_NFL_W04_NYJ_CHI_betrivers_20260925T141735Z,2026_NFL_W04_NYJ_CHI,2026-09-25T14:17:35.438611+00:00,2026-09-25T14:17:24Z,betrivers,-3.5,-110,-110,-182.0,150.0,43.5,-110,-110,,,,,,,True,,,odds_api,free
2026_NFL_W04_NYJ_CHI_mybookieag_20260925T141735Z,2026_NFL_W04_NYJ_CHI,2026-09-25T14:17:35.438611+00:00,2026-09-25T14:17:08Z,mybookieag,-3.0,-110,-110,-184.0,143.0,43.5,-110,-110,,,,,,,True,,,odds_api,free
2026_NFL_W04_JAX_CIN_draftkings_20260925T141735Z,2026_NFL_W04_JAX_CIN,2026-09-25T14:17:35.438611+00:00,2026-09-25T14:17:23Z,draftkings,-3.0,-110,-110,-162.0,136.0,49.5,-110,-110,,,,,,,True,,,odds_api,free
2026_NFL_W04_JAX_CIN_betus_20260925T141735Z,2026_NFL_W04_JAX_CIN,2026-09-25T14:17:35.438611+00:00,2026-09-25T14:16:50Z,betus,-2.5,-125,105,,,49.5,-110,-110,,,,,,,True,,,odds_api,free
2026_NFL_W04_JAX_CIN_fanduel_20260925T141735Z,2026_NFL_W04_JAX_CIN,2026-09-25T14:17:35.438611+00:00,2026-09-25T14:17:07Z,fanduel,-2.5,-115,-105,-144.0,122.0,50.5,-118,-104,,,,,,,True,,,odds_api,free
2026_NFL_W04_JAX_CIN_betonlineag_20260925T141735Z,2026_NFL_W04_JAX_CIN,2026-09-25T14:17:35.438611+00:00,2026-09-25T14:17:24Z,betonlineag,-2.5,-125,105,,,50.5,-110,-110,,,,,,,True,,,odds_api,free
2026_NFL_W04_JAX_CIN_lowvig_20260925T141735Z,2026_NFL_W04_JAX_CIN,2026-09-25T14:17:35.438611+00:00,2026-09-25T14:16:51Z,lowvig,-2.5,-121,110,,,50.5,-107,-107,,,,,,,True,,,odds_api,free
2026_NFL_W04_JAX_CIN_betrivers_20260925T141735Z,2026_NFL_W04_JAX_CIN,2026-09-25T14:17:35.438611+00:00,2026-09-25T14:17:24Z,betrivers,-2.5,-118,-104,-152.0,125.0,50.0,-114,-107,,,,,,,True,,,odds_api,free
2026_NFL_W04_JAX_CIN_mybookieag_20260925T141735Z,2026_NFL_W04_JAX_CIN,2026-09-25T14:17:35.438611+00:00,2026-09-25T14:17:08Z,mybookieag,-3.0,-110,-110,-157.0,123.0,50.5,-110,-110,,,,,,,True,,,odds_api,free
2026_NFL_W04_DAL_HOU_draftkings_20260925T141735Z,2026_NFL_W04_DAL_HOU,2026-09-25T14:17:35.438611+00:00,2026-09-25T14:17:23Z,draftkings,-3.0,-110,-110,-162.0,136.0,47.5,-110,-110,,,,,,,True,,,odds_api,free
2026_NFL_W04_DAL_HOU_betus_20260925T141735Z,2026_NFL_W04_DAL_HOU,2026-09-25T14:17:35.438611+00:00,2026-09-25T14:16:50Z,betus,-3.0,-105,-115,,,48.0,-110,-110,,,,,,,True,,,odds_api,free
2026_NFL_W04_DAL_HOU_fanduel_20260925T141735Z,2026_NFL_W04_DAL_HOU,2026-09-25T14:17:35.438611+00:00,2026-09-25T14:17:07Z,fanduel,-2.5,-115,-105,-146.0,124.0,47.5,-105,-115,,,,,,,True,,,odds_api,free
2026_NFL_W04_DAL_HOU_betonlineag_20260925T141735Z,2026_NFL_W04_DAL_HOU,2026-09-25T14:17:35.438611+00:00,2026-09-25T14:17:24Z,betonlineag,-3.0,-105,-115,,,47.5,-110,-110,,,,,,,True,,,odds_api,free
2026_NFL_W04_DAL_HOU_lowvig_20260925T141735Z,2026_NFL_W04_DAL_HOU,2026-09-25T14:17:35.438611+00:00,2026-09-25T14:16:51Z,lowvig,-3.0,100,-110,,,47.5,-107,-107,,,,,,,True,,,odds_api,free
2026_NFL_W04_DAL_HOU_betrivers_20260925T141735Z,2026_NFL_W04_DAL_HOU,2026-09-25T14:17:35.438611+00:00,2026-09-25T14:17:24Z,betrivers,-2.5,-118,-104,-152.0,125.0,47.5,-112,-109,,,,,,,True,,,odds_api,free
2026_NFL_W04_DAL_HOU_mybookieag_20260925T141735Z,2026_NFL_W04_DAL_HOU,2026-09-25T14:17:35.438611+00:00,2026-09-25T14:17:08Z,mybookieag,-3.0,-110,-110,-159.0,124.0,47.5,-110,-110,,,,,,,True,,,odds_api,free
2026_NFL_W04_LAR_PHI_draftkings_20260925T141735Z,2026_NFL_W04_LAR_PHI,2026-09-25T14:17:35.438611+00:00,2026-09-25T14:17:23Z,draftkings,1.5,-105,-115,114.0,-135.0,45.5,-110,-110,,,,,,,True,,,odds_api,free
2026_NFL_W04_LAR_PHI_betus_20260925T141735Z,2026_NFL_W04_LAR_PHI,2026-09-25T14:17:35.438611+00:00,2026-09-25T14:16:50Z,betus,2.5,100,-120,,,46.0,-110,-110,,,,,,,True,,,odds_api,free
2026_NFL_W04_LAR_PHI_fanduel_20260925T141735Z,2026_NFL_W04_LAR_PHI,2026-09-25T14:17:35.438611+00:00,2026-09-25T14:17:07Z,fanduel,3.0,-118,-104,128.0,-152.0,46.5,-104,-118,,,,,,,True,,,odds_api,free
2026_NFL_W04_LAR_PHI_betonlineag_20260925T141735Z,2026_NFL_W04_LAR_PHI,2026-09-25T14:17:35.438611+00:00,2026-09-25T14:17:24Z,betonlineag,2.5,100,-120,,,46.0,-110,-110,,,,,,,True,,,odds_api,free
2026_NFL_W04_LAR_PHI_lowvig_20260925T141735Z,2026_NFL_W04_LAR_PHI,2026-09-25T14:17:35.438611+00:00,2026-09-25T14:16:51Z,lowvig,2.5,105,-116,,,46.0,-107,-107,,,,,,,True,,,odds_api,free
2026_NFL_W04_LAR_PHI_betrivers_20260925T141735Z,2026_NFL_W04_LAR_PHI,2026-09-25T14:17:35.438611+00:00,2026-09-25T14:17:24Z,betrivers,2.5,-108,-113,114.0,-143.0,46.5,-110,-110,,,,,,,True,,,odds_api,free
2026_NFL_W04_LAR_PHI_mybookieag_20260925T141735Z,2026_NFL_W04_LAR_PHI,2026-09-25T14:17:35.438611+00:00,2026-09-25T14:17:08Z,mybookieag,2.5,-110,-110,116.0,-148.0,46.0,-110,-110,,,,,,,True,,,odds_api,free
2026_NFL_W04_MIA_MIN_draftkings_20260925T141735Z,2026_NFL_W04_MIA_MIN,2026-09-25T14:17:35.438611+00:00,2026-09-25T14:17:23Z,draftkings,-10.5,-110,-110,-700.0,500.0,42.5,-110,-110,,,,,,,True,,,odds_api,free
2026_NFL_W04_MIA_MIN_betus_20260925T141735Z,2026_NFL_W04_MIA_MIN,2026-09-25T14:17:35.438611+00:00,2026-09-25T14:16:50Z,betus,-10.5,-110,-110,,,42.0,-110,-110,,,,,,,True,,,odds_api,free
2026_NFL_W04_MIA_MIN_fanduel_20260925T141735Z,2026_NFL_W04_MIA_MIN,2026-09-25T14:17:35.438611+00:00,2026-09-25T14:17:07Z,fanduel,-10.5,-102,-120,-560.0,420.0,43.5,-105,-115,,,,,,,True,,,odds_api,free
2026_NFL_W04_MIA_MIN_betonlineag_20260925T141735Z,2026_NFL_W04_MIA_MIN,2026-09-25T14:17:35.438611+00:00,2026-09-25T14:17:24Z,betonlineag,-10.0,-120,100,,,42.5,-110,-110,,,,,,,True,,,odds_api,free
2026_NFL_W04_MIA_MIN_lowvig_20260925T141735Z,2026_NFL_W04_MIA_MIN,2026-09-25T14:17:35.438611+00:00,2026-09-25T14:16:51Z,lowvig,-10.0,-116,105,,,42.5,-107,-107,,,,,,,True,,,odds_api,free
2026_NFL_W04_MIA_MIN_betrivers_20260925T141735Z,2026_NFL_W04_MIA_MIN,2026-09-25T14:17:35.438611+00:00,2026-09-25T14:17:24Z,betrivers,-10.5,-108,-113,-625.0,440.0,43.0,-110,-110,,,,,,,True,,,odds_api,free
2026_NFL_W04_MIA_MIN_mybookieag_20260925T141735Z,2026_NFL_W04_MIA_MIN,2026-09-25T14:17:35.438611+00:00,2026-09-25T14:17:08Z,mybookieag,-10.5,-110,-110,-676.0,430.0,42.5,-110,-110,,,,,,,True,,,odds_api,free
2026_NFL_W04_DEN_SF_draftkings_20260925T141735Z,2026_NFL_W04_DEN_SF,2026-09-25T14:17:35.438611+00:00,2026-09-25T14:17:23Z,draftkings,-4.5,-105,-115,-218.0,180.0,45.5,-110,-110,,,,,,,True,,,odds_api,free
2026_NFL_W04_DEN_SF_betus_20260925T141735Z,2026_NFL_W04_DEN_SF,2026-09-25T14:17:35.438611+00:00,2026-09-25T14:16:50Z,betus,-3.5,-115,-105,,,46.0,-110,-110,,,,,,,True,,,odds_api,free
2026_NFL_W04_DEN_SF_fanduel_20260925T141735Z,2026_NFL_W04_DEN_SF,2026-09-25T14:17:35.438611+00:00,2026-09-25T14:17:07Z,fanduel,-3.5,-114,-106,-205.0,172.0,46.5,-110,-110,,,,,,,True,,,odds_api,free
2026_NFL_W04_DEN_SF_betonlineag_20260925T141735Z,2026_NFL_W04_DEN_SF,2026-09-25T14:17:35.438611+00:00,2026-09-25T14:17:24Z,betonlineag,-3.5,-115,-105,,,46.0,-110,-110,,,,,,,True,,,odds_api,free
2026_NFL_W04_DEN_SF_lowvig_20260925T141735Z,2026_NFL_W04_DEN_SF,2026-09-25T14:17:35.438611+00:00,2026-09-25T14:16:51Z,lowvig,-3.5,-110,100,,,46.0,-107,-107,,,,,,,True,,,odds_api,free
2026_NFL_W04_DEN_SF_betrivers_20260925T141735Z,2026_NFL_W04_DEN_SF,2026-09-25T14:17:35.438611+00:00,2026-09-25T14:17:24Z,betrivers,-4.0,-108,-113,-186.0,150.0,45.5,-113,-108,,,,,,,True,,,odds_api,free
2026_NFL_W04_DEN_SF_mybookieag_20260925T141735Z,2026_NFL_W04_DEN_SF,2026-09-25T14:17:35.438611+00:00,2026-09-25T14:17:08Z,mybookieag,-4.0,-110,-110,-212.0,163.0,46.0,-110,-110,,,,,,,True,,,odds_api,free
2026_NFL_W04_KC_LV_draftkings_20260925T141735Z,2026_NFL_W04_KC_LV,2026-09-25T14:17:35.438611+00:00,2026-09-25T14:17:23Z,draftkings,6.0,-110,-110,210.0,-258.0,45.5,-110,-110,,,,,,,True,,,odds_api,free
2026_NFL_W04_KC_LV_betus_20260925T141735Z,2026_NFL_W04_KC_LV,2026-09-25T14:17:35.438611+00:00,2026-09-25T14:16:50Z,betus,5.5,-110,-110,,,46.0,-110,-110,,,,,,,True,,,odds_api,free
2026_NFL_W04_KC_LV_fanduel_20260925T141735Z,2026_NFL_W04_KC_LV,2026-09-25T14:17:35.438611+00:00,2026-09-25T14:17:07Z,fanduel,5.5,-115,-105,198.0,-240.0,45.5,-118,-104,,,,,,,True,,,odds_api,free
2026_NFL_W04_KC_LV_lowvig_20260925T141735Z,2026_NFL_W04_KC_LV,2026-09-25T14:17:35.438611+00:00,2026-09-25T14:16:51Z,lowvig,5.5,-105,-105,,,45.5,-107,-107,,,,,,,True,,,odds_api,free
2026_NFL_W04_KC_LV_betonlineag_20260925T141735Z,2026_NFL_W04_KC_LV,2026-09-25T14:17:35.438611+00:00,2026-09-25T14:17:24Z,betonlineag,5.5,-110,-110,,,45.5,-110,-110,,,,,,,True,,,odds_api,free
2026_NFL_W04_KC_LV_betrivers_20260925T141735Z,2026_NFL_W04_KC_LV,2026-09-25T14:17:35.438611+00:00,2026-09-25T14:17:24Z,betrivers,5.5,-107,-114,200.0,-250.0,45.5,-109,-112,,,,,,,True,,,odds_api,free
2026_NFL_W04_KC_LV_mybookieag_20260925T141735Z,2026_NFL_W04_KC_LV,2026-09-25T14:17:35.438611+00:00,2026-09-25T14:17:08Z,mybookieag,5.5,-110,-110,191.0,-250.0,45.5,-110,-110,,,,,,,True,,,odds_api,free
2026_NFL_W04_LAC_SEA_draftkings_20260925T141735Z,2026_NFL_W04_LAC_SEA,2026-09-25T14:17:35.438611+00:00,2026-09-25T14:17:23Z,draftkings,-6.5,-110,-110,-285.0,230.0,42.5,-110,-110,,,,,,,True,,,odds_api,free
2026_NFL_W04_LAC_SEA_betus_20260925T141735Z,2026_NFL_W04_LAC_SEA,2026-09-25T14:17:35.438611+00:00,2026-09-25T14:16:50Z,betus,-7.0,-110,-110,,,43.5,-110,-110,,,,,,,True,,,odds_api,free
2026_NFL_W04_LAC_SEA_fanduel_20260925T141735Z,2026_NFL_W04_LAC_SEA,2026-09-25T14:17:35.438611+00:00,2026-09-25T14:17:07Z,fanduel,-7.0,-105,-115,-340.0,275.0,43.5,-115,-105,,,,,,,True,,,odds_api,free
2026_NFL_W04_LAC_SEA_betonlineag_20260925T141735Z,2026_NFL_W04_LAC_SEA,2026-09-25T14:17:35.438611+00:00,2026-09-25T14:17:24Z,betonlineag,-6.5,-115,-105,,,43.5,-110,-110,,,,,,,True,,,odds_api,free
2026_NFL_W04_LAC_SEA_lowvig_20260925T141735Z,2026_NFL_W04_LAC_SEA,2026-09-25T14:17:35.438611+00:00,2026-09-25T14:16:51Z,lowvig,-6.5,-110,100,,,43.5,-107,-107,,,,,,,True,,,odds_api,free
2026_NFL_W04_LAC_SEA_betrivers_20260925T141735Z,2026_NFL_W04_LAC_SEA,2026-09-25T14:17:35.438611+00:00,2026-09-25T14:17:24Z,betrivers,-6.5,-115,-106,-335.0,255.0,43.0,-110,-110,,,,,,,True,,,odds_api,free
2026_NFL_W04_LAC_SEA_mybookieag_20260925T141735Z,2026_NFL_W04_LAC_SEA,2026-09-25T14:17:35.438611+00:00,2026-09-25T14:17:08Z,mybookieag,-6.5,-110,-110,-319.0,232.0,43.0,-110,-110,,,,,,,True,,,odds_api,free
2026_NFL_W04_DET_CAR_draftkings_20260925T141735Z,2026_NFL_W04_DET_CAR,2026-09-25T14:17:35.438611+00:00,2026-09-25T14:17:23Z,draftkings,3.0,-120,100,130.0,-155.0,49.5,-110,-110,,,,,,,True,,,odds_api,free
2026_NFL_W04_DET_CAR_fanduel_20260925T141735Z,2026_NFL_W04_DET_CAR,2026-09-25T14:17:35.438611+00:00,2026-09-25T14:17:07Z,fanduel,2.5,-110,-110,118.0,-138.0,49.5,-110,-110,,,,,,,True,,,odds_api,free
2026_NFL_W04_DET_CAR_betus_20260925T141735Z,2026_NFL_W04_DET_CAR,2026-09-25T14:17:35.438611+00:00,2026-09-25T14:16:50Z,betus,2.5,-105,-115,,,49.5,-110,-110,,,,,,,True,,,odds_api,free
2026_NFL_W04_DET_CAR_lowvig_20260925T141735Z,2026_NFL_W04_DET_CAR,2026-09-25T14:17:35.438611+00:00,2026-09-25T14:16:51Z,lowvig,2.5,102,-113,,,49.5,-107,-107,,,,,,,True,,,odds_api,free
2026_NFL_W04_DET_CAR_betonlineag_20260925T141735Z,2026_NFL_W04_DET_CAR,2026-09-25T14:17:35.438611+00:00,2026-09-25T14:17:24Z,betonlineag,2.5,-103,-117,,,49.5,-110,-110,,,,,,,True,,,odds_api,free
2026_NFL_W04_DET_CAR_betrivers_20260925T141735Z,2026_NFL_W04_DET_CAR,2026-09-25T14:17:35.438611+00:00,2026-09-25T14:17:24Z,betrivers,3.0,-114,-107,123.0,-150.0,49.5,-110,-110,,,,,,,True,,,odds_api,free
2026_NFL_W04_DET_CAR_bovada_20260925T141735Z,2026_NFL_W04_DET_CAR,2026-09-25T14:17:35.438611+00:00,2026-09-25T14:14:34Z,bovada,3.0,-120,100,130.0,-150.0,49.5,-110,-110,,,,,,,True,,,odds_api,free
2026_NFL_W04_DET_CAR_mybookieag_20260925T141735Z,2026_NFL_W04_DET_CAR,2026-09-25T14:17:35.438611+00:00,2026-09-25T14:17:08Z,mybookieag,2.5,-110,-110,118.0,-151.0,49.5,-110,-110,,,,,,,True,,,odds_api,free
2026_NFL_W04_PIT_CLE_draftkings_20260925T231506Z,2026_NFL_W04_PIT_CLE,2026-09-25T23:15:06.084838+00:00,2026-09-25T23:15:01Z,draftkings,3.0,-120,100,124.0,-148.0,38.5,-110,-110,,,,,,,True,,,odds_api,free
2026_NFL_W04_PIT_CLE_betus_20260925T231506Z,2026_NFL_W04_PIT_CLE,2026-09-25T23:15:06.084838+00:00,2026-09-25T23:15:03Z,betus,1.5,-105,-115,,,37.5,-110,-110,,,,,,,True,,,odds_api,free
2026_NFL_W04_PIT_CLE_fanduel_20260925T231506Z,2026_NFL_W04_PIT_CLE,2026-09-25T23:15:06.084838+00:00,2026-09-25T23:15:02Z,fanduel,2.5,-110,-110,114.0,-134.0,37.5,-105,-115,,,,,,,True,,,odds_api,free
2026_NFL_W04_PIT_CLE_mybookieag_20260925T231506Z,2026_NFL_W04_PIT_CLE,2026-09-25T23:15:06.084838+00:00,2026-09-25T23:13:52Z,mybookieag,2.5,-110,-110,114.0,-146.0,37.5,-110,-110,,,,,,,True,,,odds_api,free
2026_NFL_W04_PIT_CLE_betonlineag_20260925T231506Z,2026_NFL_W04_PIT_CLE,2026-09-25T23:15:06.084838+00:00,2026-09-25T23:14:08Z,betonlineag,1.5,-105,-115,,,37.5,-110,-110,,,,,,,True,,,odds_api,free
2026_NFL_W04_PIT_CLE_lowvig_20260925T231506Z,2026_NFL_W04_PIT_CLE,2026-09-25T23:15:06.084838+00:00,2026-09-25T23:14:29Z,lowvig,1.5,100,-110,,,37.5,-107,-107,,,,,,,True,,,odds_api,free
2026_NFL_W04_PIT_CLE_betrivers_20260925T231506Z,2026_NFL_W04_PIT_CLE,2026-09-25T23:15:06.084838+00:00,2026-09-25T23:15:04Z,betrivers,2.5,-105,-117,117.0,-141.0,38.0,-108,-113,,,,,,,True,,,odds_api,free
2026_NFL_W04_IND_WAS_draftkings_20260925T231506Z,2026_NFL_W04_IND_WAS,2026-09-25T23:15:06.084838+00:00,2026-09-25T23:15:01Z,draftkings,4.5,-110,-110,170.0,-205.0,46.5,-110,-110,,,,,,,True,,,odds_api,free
2026_NFL_W04_IND_WAS_fanduel_20260925T231506Z,2026_NFL_W04_IND_WAS,2026-09-25T23:15:06.084838+00:00,2026-09-25T23:15:02Z,fanduel,4.5,-105,-115,190.0,-230.0,46.5,-104,-118,,,,,,,True,,,odds_api,free
2026_NFL_W04_IND_WAS_betus_20260925T231506Z,2026_NFL_W04_IND_WAS,2026-09-25T23:15:06.084838+00:00,2026-09-25T23:15:03Z,betus,4.5,-110,-110,,,45.5,-110,-110,,,,,,,True,,,odds_api,free
2026_NFL_W04_IND_WAS_mybookieag_20260925T231506Z,2026_NFL_W04_IND_WAS,2026-09-25T23:15:06.084838+00:00,2026-09-25T23:13:52Z,mybookieag,4.5,-110,-110,173.0,-226.0,46.0,-110,-110,,,,,,,True,,,odds_api,free
2026_NFL_W04_IND_WAS_lowvig_20260925T231506Z,2026_NFL_W04_IND_WAS,2026-09-25T23:15:06.084838+00:00,2026-09-25T23:14:29Z,lowvig,4.0,-110,100,,,46.0,-107,-107,,,,,,,True,,,odds_api,free
2026_NFL_W04_IND_WAS_betonlineag_20260925T231506Z,2026_NFL_W04_IND_WAS,2026-09-25T23:15:06.084838+00:00,2026-09-25T23:14:08Z,betonlineag,4.0,-115,-105,,,46.0,-110,-110,,,,,,,True,,,odds_api,free
2026_NFL_W04_IND_WAS_betrivers_20260925T231506Z,2026_NFL_W04_IND_WAS,2026-09-25T23:15:06.084838+00:00,2026-09-25T23:15:04Z,betrivers,4.5,-108,-113,180.0,-225.0,46.0,-113,-108,,,,,,,True,,,odds_api,free
2026_NFL_W04_ARI_NYG_draftkings_20260925T231506Z,2026_NFL_W04_ARI_NYG,2026-09-25T23:15:06.084838+00:00,2026-09-25T23:15:01Z,draftkings,-2.5,-110,-110,-135.0,114.0,43.5,-110,-110,,,,,,,True,,,odds_api,free
2026_NFL_W04_ARI_NYG_betus_20260925T231506Z,2026_NFL_W04_ARI_NYG,2026-09-25T23:15:06.084838+00:00,2026-09-25T23:15:03Z,betus,-1.5,-110,-110,,,44.0,-110,-110,,,,,,,True,,,odds_api,free
2026_NFL_W04_ARI_NYG_fanduel_20260925T231506Z,2026_NFL_W04_ARI_NYG,2026-09-25T23:15:06.084838+00:00,2026-09-25T23:15:02Z,fanduel,-2.5,-110,-110,-136.0,116.0,43.5,-115,-105,,,,,,,True,,,odds_api,free
2026_NFL_W04_ARI_NYG_betrivers_20260925T231506Z,2026_NFL_W04_ARI_NYG,2026-09-25T23:15:06.084838+00:00,2026-09-25T23:15:04Z,betrivers,-2.5,-117,-105,-141.0,117.0,43.5,-112,-109,,,,,,,True,,,odds_api,free
2026_NFL_W04_ARI_NYG_mybookieag_20260925T231506Z,2026_NFL_W04_ARI_NYG,2026-09-25T23:15:06.084838+00:00,2026-09-25T23:13:52Z,mybookieag,-2.5,-110,-110,-142.0,111.0,43.5,-110,-110,,,,,,,True,,,odds_api,free
2026_NFL_W04_TEN_BAL_draftkings_20260925T231506Z,2026_NFL_W04_TEN_BAL,2026-09-25T23:15:06.084838+00:00,2026-09-25T23:15:01Z,draftkings,-10.5,-110,-110,-575.0,425.0,44.5,-110,-110,,,,,,,True,,,odds_api,free
2026_NFL_W04_TEN_BAL_betus_20260925T231506Z,2026_NFL_W04_TEN_BAL,2026-09-25T23:15:06.084838+00:00,2026-09-25T23:15:03Z,betus,-10.5,-110,-110,,,45.0,-110,-110,,,,,,,True,,,odds_api,free
2026_NFL_W04_TEN_BAL_fanduel_20260925T231506Z,2026_NFL_W04_TEN_BAL,2026-09-25T23:15:06.084838+00:00,2026-09-25T23:15:02Z,fanduel,-10.5,-110,-110,-700.0,500.0,44.5,-118,-104,,,,,,,True,,,odds_api,free
2026_NFL_W04_TEN_BAL_betonlineag_20260925T231506Z,2026_NFL_W04_TEN_BAL,2026-09-25T23:15:06.084838+00:00,2026-09-25T23:14:08Z,betonlineag,-10.5,-110,-110,,,45.0,-110,-110,,,,,,,True,,,odds_api,free
2026_NFL_W04_TEN_BAL_lowvig_20260925T231506Z,2026_NFL_W04_TEN_BAL,2026-09-25T23:15:06.084838+00:00,2026-09-25T23:14:29Z,lowvig,-10.5,-105,-105,,,45.0,-107,-107,,,,,,,True,,,odds_api,free
2026_NFL_W04_TEN_BAL_betrivers_20260925T231506Z,2026_NFL_W04_TEN_BAL,2026-09-25T23:15:06.084838+00:00,2026-09-25T23:15:04Z,betrivers,-10.0,-114,-107,-670.0,460.0,44.5,-110,-110,,,,,,,True,,,odds_api,free
2026_NFL_W04_TEN_BAL_mybookieag_20260925T231506Z,2026_NFL_W04_TEN_BAL,2026-09-25T23:15:06.084838+00:00,2026-09-25T23:13:52Z,mybookieag,-10.5,-110,-110,-676.0,430.0,45.0,-110,-110,,,,,,,True,,,odds_api,free
2026_NFL_W04_NE_BUF_draftkings_20260925T231506Z,2026_NFL_W04_NE_BUF,2026-09-25T23:15:06.084838+00:00,2026-09-25T23:15:01Z,draftkings,-5.5,-110,-110,-250.0,205.0,49.5,-110,-110,,,,,,,True,,,odds_api,free
2026_NFL_W04_NE_BUF_fanduel_20260925T231506Z,2026_NFL_W04_NE_BUF,2026-09-25T23:15:06.084838+00:00,2026-09-25T23:15:02Z,fanduel,-5.5,-115,-105,-260.0,215.0,50.5,-104,-118,,,,,,,True,,,odds_api,free
2026_NFL_W04_NE_BUF_betus_20260925T231506Z,2026_NFL_W04_NE_BUF,2026-09-25T23:15:06.084838+00:00,2026-09-25T23:15:03Z,betus,-5.5,-110,-110,,,50.5,-110,-110,,,,,,,True,,,odds_api,free
2026_NFL_W04_NE_BUF_lowvig_20260925T231506Z,2026_NFL_W04_NE_BUF,2026-09-25T23:15:06.084838+00:00,2026-09-25T23:14:29Z,lowvig,-5.5,100,-110,,,50.0,-107,-107,,,,,,,True,,,odds_api,free
2026_NFL_W04_NE_BUF_betonlineag_20260925T231506Z,2026_NFL_W04_NE_BUF,2026-09-25T23:15:06.084838+00:00,2026-09-25T23:14:08Z,betonlineag,-5.5,-105,-115,,,50.0,-110,-110,,,,,,,True,,,odds_api,free
2026_NFL_W04_NE_BUF_betrivers_20260925T231506Z,2026_NFL_W04_NE_BUF,2026-09-25T23:15:06.084838+00:00,2026-09-25T23:15:04Z,betrivers,-5.5,-112,-109,-265.0,210.0,49.5,-113,-108,,,,,,,True,,,odds_api,free
2026_NFL_W04_NE_BUF_mybookieag_20260925T231506Z,2026_NFL_W04_NE_BUF,2026-09-25T23:15:06.084838+00:00,2026-09-25T23:13:52Z,mybookieag,-5.5,-110,-110,-250.0,189.0,50.0,-110,-110,,,,,,,True,,,odds_api,free
2026_NFL_W04_NYJ_CHI_draftkings_20260925T231506Z,2026_NFL_W04_NYJ_CHI,2026-09-25T23:15:06.084838+00:00,2026-09-25T23:15:01Z,draftkings,-3.0,-110,-110,-162.0,136.0,43.5,-110,-110,,,,,,,True,,,odds_api,free
2026_NFL_W04_NYJ_CHI_fanduel_20260925T231506Z,2026_NFL_W04_NYJ_CHI,2026-09-25T23:15:06.084838+00:00,2026-09-25T23:15:02Z,fanduel,-3.5,-110,-110,-190.0,160.0,43.5,-105,-115,,,,,,,True,,,odds_api,free
2026_NFL_W04_NYJ_CHI_betus_20260925T231506Z,2026_NFL_W04_NYJ_CHI,2026-09-25T23:15:06.084838+00:00,2026-09-25T23:15:03Z,betus,-3.0,-110,-110,,,43.0,-110,-110,,,,,,,True,,,odds_api,free
2026_NFL_W04_NYJ_CHI_lowvig_20260925T231506Z,2026_NFL_W04_NYJ_CHI,2026-09-25T23:15:06.084838+00:00,2026-09-25T23:14:29Z,lowvig,-3.0,-105,-105,,,43.0,-107,-107,,,,,,,True,,,odds_api,free
2026_NFL_W04_NYJ_CHI_betonlineag_20260925T231506Z,2026_NFL_W04_NYJ_CHI,2026-09-25T23:15:06.084838+00:00,2026-09-25T23:14:08Z,betonlineag,-3.0,-110,-110,,,43.0,-110,-110,,,,,,,True,,,odds_api,free
2026_NFL_W04_NYJ_CHI_betrivers_20260925T231506Z,2026_NFL_W04_NYJ_CHI,2026-09-25T23:15:06.084838+00:00,2026-09-25T23:15:04Z,betrivers,-3.5,-110,-110,-182.0,150.0,43.5,-110,-110,,,,,,,True,,,odds_api,free
2026_NFL_W04_NYJ_CHI_mybookieag_20260925T231506Z,2026_NFL_W04_NYJ_CHI,2026-09-25T23:15:06.084838+00:00,2026-09-25T23:13:52Z,mybookieag,-3.0,-110,-110,-184.0,143.0,43.5,-110,-110,,,,,,,True,,,odds_api,free
2026_NFL_W04_JAX_CIN_draftkings_20260925T231506Z,2026_NFL_W04_JAX_CIN,2026-09-25T23:15:06.084838+00:00,2026-09-25T23:15:01Z,draftkings,-3.0,-110,-110,-166.0,140.0,49.5,-110,-110,,,,,,,True,,,odds_api,free
2026_NFL_W04_JAX_CIN_betus_20260925T231506Z,2026_NFL_W04_JAX_CIN,2026-09-25T23:15:06.084838+00:00,2026-09-25T23:15:03Z,betus,-2.5,-125,105,,,49.5,-110,-110,,,,,,,True,,,odds_api,free
2026_NFL_W04_JAX_CIN_fanduel_20260925T231506Z,2026_NFL_W04_JAX_CIN,2026-09-25T23:15:06.084838+00:00,2026-09-25T23:15:02Z,fanduel,-2.5,-115,-105,-144.0,122.0,50.5,-118,-104,,,,,,,True,,,odds_api,free
2026_NFL_W04_JAX_CIN_betonlineag_20260925T231506Z,2026_NFL_W04_JAX_CIN,2026-09-25T23:15:06.084838+00:00,2026-09-25T23:14:08Z,betonlineag,-2.5,-125,105,,,50.5,-110,-110,,,,,,,True,,,odds_api,free
2026_NFL_W04_JAX_CIN_lowvig_20260925T231506Z,2026_NFL_W04_JAX_CIN,2026-09-25T23:15:06.084838+00:00,2026-09-25T23:14:29Z,lowvig,-2.5,-121,110,,,50.5,-107,-107,,,,,,,True,,,odds_api,free
2026_NFL_W04_JAX_CIN_betrivers_20260925T231506Z,2026_NFL_W04_JAX_CIN,2026-09-25T23:15:06.084838+00:00,2026-09-25T23:15:04Z,betrivers,-2.5,-118,-104,-152.0,125.0,50.0,-114,-107,,,,,,,True,,,odds_api,free
2026_NFL_W04_JAX_CIN_mybookieag_20260925T231506Z,2026_NFL_W04_JAX_CIN,2026-09-25T23:15:06.084838+00:00,2026-09-25T23:13:52Z,mybookieag,-3.0,-110,-110,-157.0,123.0,50.5,-110,-110,,,,,,,True,,,odds_api,free
2026_NFL_W04_DAL_HOU_draftkings_20260925T231506Z,2026_NFL_W04_DAL_HOU,2026-09-25T23:15:06.084838+00:00,2026-09-25T23:15:01Z,draftkings,-3.0,-110,-110,-162.0,136.0,47.5,-110,-110,,,,,,,True,,,odds_api,free
2026_NFL_W04_DAL_HOU_betus_20260925T231506Z,2026_NFL_W04_DAL_HOU,2026-09-25T23:15:06.084838+00:00,2026-09-25T23:15:03Z,betus,-3.0,-105,-115,,,48.0,-110,-110,,,,,,,True,,,odds_api,free
2026_NFL_W04_DAL_HOU_fanduel_20260925T231506Z,2026_NFL_W04_DAL_HOU,2026-09-25T23:15:06.084838+00:00,2026-09-25T23:15:02Z,fanduel,-2.5,-115,-105,-146.0,124.0,47.5,-105,-115,,,,,,,True,,,odds_api,free
2026_NFL_W04_DAL_HOU_betonlineag_20260925T231506Z,2026_NFL_W04_DAL_HOU,2026-09-25T23:15:06.084838+00:00,2026-09-25T23:14:08Z,betonlineag,-3.0,-105,-115,,,47.5,-110,-110,,,,,,,True,,,odds_api,free
2026_NFL_W04_DAL_HOU_lowvig_20260925T231506Z,2026_NFL_W04_DAL_HOU,2026-09-25T23:15:06.084838+00:00,2026-09-25T23:14:29Z,lowvig,-3.0,100,-110,,,47.5,-107,-107,,,,,,,True,,,odds_api,free
2026_NFL_W04_DAL_HOU_betrivers_20260925T231506Z,2026_NFL_W04_DAL_HOU,2026-09-25T23:15:06.084838+00:00,2026-09-25T23:15:04Z,betrivers,-2.5,-118,-104,-152.0,125.0,47.5,-112,-109,,,,,,,True,,,odds_api,free
2026_NFL_W04_DAL_HOU_mybookieag_20260925T231506Z,2026_NFL_W04_DAL_HOU,2026-09-25T23:15:06.084838+00:00,2026-09-25T23:13:52Z,mybookieag,-3.0,-110,-110,-159.0,124.0,47.5,-110,-110,,,,,,,True,,,odds_api,free
2026_NFL_W04_LAR_PHI_draftkings_20260925T231506Z,2026_NFL_W04_LAR_PHI,2026-09-25T23:15:06.084838+00:00,2026-09-25T23:15:01Z,draftkings,1.5,-105,-115,114.0,-135.0,45.5,-110,-110,,,,,,,True,,,odds_api,free
2026_NFL_W04_LAR_PHI_betus_20260925T231506Z,2026_NFL_W04_LAR_PHI,2026-09-25T23:15:06.084838+00:00,2026-09-25T23:15:03Z,betus,2.5,100,-120,,,46.0,-110,-110,,,,,,,True,,,odds_api,free
2026_NFL_W04_LAR_PHI_fanduel_20260925T231506Z,2026_NFL_W04_LAR_PHI,2026-09-25T23:15:06.084838+00:00,2026-09-25T23:15:02Z,fanduel,3.0,-118,-104,128.0,-152.0,46.5,-104,-118,,,,,,,True,,,odds_api,free
2026_NFL_W04_LAR_PHI_betonlineag_20260925T231506Z,2026_NFL_W04_LAR_PHI,2026-09-25T23:15:06.084838+00:00,2026-09-25T23:14:08Z,betonlineag,2.5,100,-120,,,46.0,-110,-110,,,,,,,True,,,odds_api,free
2026_NFL_W04_LAR_PHI_lowvig_20260925T231506Z,2026_NFL_W04_LAR_PHI,2026-09-25T23:15:06.084838+00:00,2026-09-25T23:14:29Z,lowvig,2.5,105,-116,,,46.0,-107,-107,,,,,,,True,,,odds_api,free
2026_NFL_W04_LAR_PHI_betrivers_20260925T231506Z,2026_NFL_W04_LAR_PHI,2026-09-25T23:15:06.084838+00:00,2026-09-25T23:15:04Z,betrivers,2.5,-108,-113,114.0,-143.0,46.5,-110,-110,,,,,,,True,,,odds_api,free
2026_NFL_W04_LAR_PHI_mybookieag_20260925T231506Z,2026_NFL_W04_LAR_PHI,2026-09-25T23:15:06.084838+00:00,2026-09-25T23:13:52Z,mybookieag,2.5,-110,-110,116.0,-148.0,46.0,-110,-110,,,,,,,True,,,odds_api,free
2026_NFL_W04_MIA_MIN_draftkings_20260925T231506Z,2026_NFL_W04_MIA_MIN,2026-09-25T23:15:06.084838+00:00,2026-09-25T23:15:01Z,draftkings,-10.5,-110,-110,-700.0,500.0,42.5,-110,-110,,,,,,,True,,,odds_api,free
2026_NFL_W04_MIA_MIN_betus_20260925T231506Z,2026_NFL_W04_MIA_MIN,2026-09-25T23:15:06.084838+00:00,2026-09-25T23:15:03Z,betus,-10.5,-110,-110,,,42.0,-110,-110,,,,,,,True,,,odds_api,free
2026_NFL_W04_MIA_MIN_fanduel_20260925T231506Z,2026_NFL_W04_MIA_MIN,2026-09-25T23:15:06.084838+00:00,2026-09-25T23:15:02Z,fanduel,-10.5,-102,-120,-560.0,420.0,43.5,-105,-115,,,,,,,True,,,odds_api,free
2026_NFL_W04_MIA_MIN_betonlineag_20260925T231506Z,2026_NFL_W04_MIA_MIN,2026-09-25T23:15:06.084838+00:00,2026-09-25T23:14:08Z,betonlineag,-10.0,-120,100,,,42.5,-110,-110,,,,,,,True,,,odds_api,free
2026_NFL_W04_MIA_MIN_lowvig_20260925T231506Z,2026_NFL_W04_MIA_MIN,2026-09-25T23:15:06.084838+00:00,2026-09-25T23:14:29Z,lowvig,-10.0,-116,105,,,42.5,-107,-107,,,,,,,True,,,odds_api,free
2026_NFL_W04_MIA_MIN_betrivers_20260925T231506Z,2026_NFL_W04_MIA_MIN,2026-09-25T23:15:06.084838+00:00,2026-09-25T23:15:04Z,betrivers,-10.5,-108,-113,-625.0,440.0,43.0,-110,-110,,,,,,,True,,,odds_api,free
2026_NFL_W04_MIA_MIN_mybookieag_20260925T231506Z,2026_NFL_W04_MIA_MIN,2026-09-25T23:15:06.084838+00:00,2026-09-25T23:13:52Z,mybookieag,-10.5,-110,-110,-676.0,430.0,42.5,-110,-110,,,,,,,True,,,odds_api,free
2026_NFL_W04_DEN_SF_draftkings_20260925T231506Z,2026_NFL_W04_DEN_SF,2026-09-25T23:15:06.084838+00:00,2026-09-25T23:15:01Z,draftkings,-3.0,-120,100,-175.0,145.0,45.5,-110,-110,,,,,,,True,,,odds_api,free
2026_NFL_W04_DEN_SF_betus_20260925T231506Z,2026_NFL_W04_DEN_SF,2026-09-25T23:15:06.084838+00:00,2026-09-25T23:15:03Z,betus,-3.0,100,-120,,,46.0,-110,-110,,,,,,,True,,,odds_api,free
2026_NFL_W04_DEN_SF_fanduel_20260925T231506Z,2026_NFL_W04_DEN_SF,2026-09-25T23:15:06.084838+00:00,2026-09-25T23:15:02Z,fanduel,-3.0,-102,-120,-146.0,124.0,46.5,-110,-110,,,,,,,True,,,odds_api,free
2026_NFL_W04_DEN_SF_betonlineag_20260925T231506Z,2026_NFL_W04_DEN_SF,2026-09-25T23:15:06.084838+00:00,2026-09-25T23:14:08Z,betonlineag,-3.0,100,-120,,,46.0,-110,-110,,,,,,,True,,,odds_api,free
2026_NFL_W04_DEN_SF_lowvig_20260925T231506Z,2026_NFL_W04_DEN_SF,2026-09-25T23:15:06.084838+00:00,2026-09-25T23:14:29Z,lowvig,-3.0,105,-116,,,46.0,-107,-107,,,,,,,True,,,odds_api,free
2026_NFL_W04_DEN_SF_betrivers_20260925T231506Z,2026_NFL_W04_DEN_SF,2026-09-25T23:15:06.084838+00:00,2026-09-25T23:15:04Z,betrivers,-3.0,-110,-110,-155.0,128.0,46.0,-109,-112,,,,,,,True,,,odds_api,free
2026_NFL_W04_DEN_SF_mybookieag_20260925T231506Z,2026_NFL_W04_DEN_SF,2026-09-25T23:15:06.084838+00:00,2026-09-25T23:13:52Z,mybookieag,-3.0,-110,-110,-158.0,123.0,46.0,-110,-110,,,,,,,True,,,odds_api,free
2026_NFL_W04_KC_LV_draftkings_20260925T231506Z,2026_NFL_W04_KC_LV,2026-09-25T23:15:06.084838+00:00,2026-09-25T23:15:01Z,draftkings,6.0,-110,-110,210.0,-258.0,45.5,-110,-110,,,,,,,True,,,odds_api,free
2026_NFL_W04_KC_LV_betus_20260925T231506Z,2026_NFL_W04_KC_LV,2026-09-25T23:15:06.084838+00:00,2026-09-25T23:15:03Z,betus,5.5,-110,-110,,,46.0,-110,-110,,,,,,,True,,,odds_api,free
2026_NFL_W04_KC_LV_fanduel_20260925T231506Z,2026_NFL_W04_KC_LV,2026-09-25T23:15:06.084838+00:00,2026-09-25T23:15:02Z,fanduel,5.5,-115,-105,198.0,-240.0,45.5,-118,-104,,,,,,,True,,,odds_api,free
2026_NFL_W04_KC_LV_lowvig_20260925T231506Z,2026_NFL_W04_KC_LV,2026-09-25T23:15:06.084838+00:00,2026-09-25T23:14:29Z,lowvig,5.5,-105,-105,,,45.5,-107,-107,,,,,,,True,,,odds_api,free
2026_NFL_W04_KC_LV_betonlineag_20260925T231506Z,2026_NFL_W04_KC_LV,2026-09-25T23:15:06.084838+00:00,2026-09-25T23:14:08Z,betonlineag,5.5,-110,-110,,,45.5,-110,-110,,,,,,,True,,,odds_api,free
2026_NFL_W04_KC_LV_betrivers_20260925T231506Z,2026_NFL_W04_KC_LV,2026-09-25T23:15:06.084838+00:00,2026-09-25T23:15:04Z,betrivers,5.5,-107,-114,200.0,-250.0,45.5,-109,-112,,,,,,,True,,,odds_api,free
2026_NFL_W04_KC_LV_mybookieag_20260925T231506Z,2026_NFL_W04_KC_LV,2026-09-25T23:15:06.084838+00:00,2026-09-25T23:13:52Z,mybookieag,5.5,-110,-110,191.0,-250.0,45.5,-110,-110,,,,,,,True,,,odds_api,free
2026_NFL_W04_LAC_SEA_draftkings_20260925T231506Z,2026_NFL_W04_LAC_SEA,2026-09-25T23:15:06.084838+00:00,2026-09-25T23:15:01Z,draftkings,-6.5,-110,-110,-285.0,230.0,42.5,-110,-110,,,,,,,True,,,odds_api,free
2026_NFL_W04_LAC_SEA_betus_20260925T231506Z,2026_NFL_W04_LAC_SEA,2026-09-25T23:15:06.084838+00:00,2026-09-25T23:15:03Z,betus,-7.0,-110,-110,,,43.5,-110,-110,,,,,,,True,,,odds_api,free
2026_NFL_W04_LAC_SEA_fanduel_20260925T231506Z,2026_NFL_W04_LAC_SEA,2026-09-25T23:15:06.084838+00:00,2026-09-25T23:15:02Z,fanduel,-7.0,-105,-115,-340.0,275.0,43.5,-115,-105,,,,,,,True,,,odds_api,free
2026_NFL_W04_LAC_SEA_betonlineag_20260925T231506Z,2026_NFL_W04_LAC_SEA,2026-09-25T23:15:06.084838+00:00,2026-09-25T23:14:08Z,betonlineag,-6.5,-115,-105,,,43.5,-110,-110,,,,,,,True,,,odds_api,free
2026_NFL_W04_LAC_SEA_lowvig_20260925T231506Z,2026_NFL_W04_LAC_SEA,2026-09-25T23:15:06.084838+00:00,2026-09-25T23:14:29Z,lowvig,-6.5,-110,100,,,43.5,-107,-107,,,,,,,True,,,odds_api,free
2026_NFL_W04_LAC_SEA_betrivers_20260925T231506Z,2026_NFL_W04_LAC_SEA,2026-09-25T23:15:06.084838+00:00,2026-09-25T23:15:04Z,betrivers,-6.5,-115,-106,-335.0,255.0,43.0,-110,-110,,,,,,,True,,,odds_api,free
2026_NFL_W04_LAC_SEA_mybookieag_20260925T231506Z,2026_NFL_W04_LAC_SEA,2026-09-25T23:15:06.084838+00:00,2026-09-25T23:13:52Z,mybookieag,-6.5,-110,-110,-319.0,232.0,43.0,-110,-110,,,,,,,True,,,odds_api,free
2026_NFL_W04_DET_CAR_draftkings_20260925T231506Z,2026_NFL_W04_DET_CAR,2026-09-25T23:15:06.084838+00:00,2026-09-25T23:15:01Z,draftkings,3.0,-120,100,130.0,-155.0,49.5,-110,-110,,,,,,,True,,,odds_api,free
2026_NFL_W04_DET_CAR_fanduel_20260925T231506Z,2026_NFL_W04_DET_CAR,2026-09-25T23:15:06.084838+00:00,2026-09-25T23:15:02Z,fanduel,2.5,-110,-110,118.0,-138.0,49.5,-110,-110,,,,,,,True,,,odds_api,free
2026_NFL_W04_DET_CAR_betus_20260925T231506Z,2026_NFL_W04_DET_CAR,2026-09-25T23:15:06.084838+00:00,2026-09-25T23:15:03Z,betus,2.5,-105,-115,,,49.5,-110,-110,,,,,,,True,,,odds_api,free
2026_NFL_W04_DET_CAR_lowvig_20260925T231506Z,2026_NFL_W04_DET_CAR,2026-09-25T23:15:06.084838+00:00,2026-09-25T23:14:29Z,lowvig,2.5,102,-113,,,49.5,-107,-107,,,,,,,True,,,odds_api,free
2026_NFL_W04_DET_CAR_betonlineag_20260925T231506Z,2026_NFL_W04_DET_CAR,2026-09-25T23:15:06.084838+00:00,2026-09-25T23:14:08Z,betonlineag,2.5,-103,-117,,,49.5,-110,-110,,,,,,,True,,,odds_api,free
2026_NFL_W04_DET_CAR_betrivers_20260925T231506Z,2026_NFL_W04_DET_CAR,2026-09-25T23:15:06.084838+00:00,2026-09-25T23:15:04Z,betrivers,3.0,-114,-107,123.0,-150.0,49.5,-110,-110,,,,,,,True,,,odds_api,free
2026_NFL_W04_DET_CAR_bovada_20260925T231506Z,2026_NFL_W04_DET_CAR,2026-09-25T23:15:06.084838+00:00,2026-09-25T23:13:04Z,bovada,3.0,-120,100,130.0,-150.0,49.5,-110,-110,,,,,,,True,,,odds_api,free
2026_NFL_W04_DET_CAR_mybookieag_20260925T231506Z,2026_NFL_W04_DET_CAR,2026-09-25T23:15:06.084838+00:00,2026-09-25T23:13:52Z,mybookieag,2.5,-110,-110,118.0,-151.0,49.5,-110,-110,,,,,,,True,,,odds_api,free
2026_NFL_W04_PIT_CLE_draftkings_20260929T132618Z,2026_NFL_W04_PIT_CLE,2026-09-29T13:26:18.311023+00:00,,draftkings,2.5,,,124.0,-148.0,38.5,,,0.4,0.32,0.31,0.27,0.3,0.02,False,,,vsin_dk,free
2026_NFL_W04_PIT_CLE_draftkings_20260929T142311Z,2026_NFL_W04_PIT_CLE,2026-09-29T14:23:11.751771+00:00,,draftkings,2.5,,,124.0,-148.0,38.5,,,0.4,0.29,0.31,,,0.03,False,,,vsin_dk,free
2026_NFL_W04_PIT_CLE_draftkings_20260929T152440Z,2026_NFL_W04_PIT_CLE,2026-09-29T15:24:40.593396+00:00,,draftkings,2.5,,,124.0,-148.0,38.5,,,0.39,0.3,0.31,0.26,0.31,0.03,False,,,vsin_dk,free
2026_NFL_W04_PIT_CLE_draftkings_20260929T162521Z,2026_NFL_W04_PIT_CLE,2026-09-29T16:25:21.828255+00:00,,draftkings,2.5,,,124.0,-148.0,38.5,,,0.4,0.31,0.31,0.27,0.31,0.03,False,,,vsin_dk,free
2026_NFL_W04_PIT_CLE_draftkings_20260929T172140Z,2026_NFL_W04_PIT_CLE,2026-09-29T17:21:40.723437+00:00,,draftkings,2.5,,,124.0,-148.0,38.5,,,,,0.31,0.26,0.31,0.03,False,,,vsin_dk,free
2026_NFL_W04_PIT_CLE_draftkings_20260929T182623Z,2026_NFL_W04_PIT_CLE,2026-09-29T18:26:23.411222+00:00,,draftkings,2.5,,,124.0,-148.0,38.5,,,0.39,0.3,0.31,0.26,0.32,0.04,False,,,vsin_dk,free
2026_NFL_W04_PIT_CLE_draftkings_20260929T192255Z,2026_NFL_W04_PIT_CLE,2026-09-29T19:22:55.134687+00:00,,draftkings,2.5,,,124.0,-148.0,38.5,,,0.4,0.31,0.32,0.27,0.33,0.04,False,,,vsin_dk,free
2026_NFL_W04_PIT_CLE_draftkings_20260929T202313Z,2026_NFL_W04_PIT_CLE,2026-09-29T20:23:13.424914+00:00,,draftkings,2.5,,,124.0,-148.0,38.5,,,0.4,0.31,0.32,0.28,0.33,0.04,False,,,vsin_dk,free
2026_NFL_W04_PIT_CLE_draftkings_20260929T212126Z,2026_NFL_W04_PIT_CLE,2026-09-29T21:21:26.968800+00:00,,draftkings,2.5,,,124.0,-148.0,38.5,,,0.4,0.32,0.31,0.28,,0.04,False,,,vsin_dk,free
2026_NFL_W04_PIT_CLE_draftkings_20260929T222133Z,2026_NFL_W04_PIT_CLE,2026-09-29T22:21:33.917227+00:00,,draftkings,2.5,,,124.0,-148.0,38.5,,,0.41,0.33,0.31,0.29,0.34,0.04,False,,,vsin_dk,free
2026_NFL_W04_PIT_CLE_draftkings_20260929T231959Z,2026_NFL_W04_PIT_CLE,2026-09-29T23:19:59.943978+00:00,,draftkings,2.5,,,124.0,-148.0,38.5,,,0.4,0.34,0.31,0.29,0.34,0.04,False,,,vsin_dk,free
2026_NFL_W04_PIT_CLE_draftkings_20260930T003028Z,2026_NFL_W04_PIT_CLE,2026-09-30T00:30:28.695572+00:00,,draftkings,2.5,,,124.0,-148.0,38.5,,,0.41,0.34,0.31,0.29,0.35,0.05,False,,,vsin_dk,free
2026_NFL_W04_PIT_CLE_draftkings_20260930T012213Z,2026_NFL_W04_PIT_CLE,2026-09-30T01:22:13.262653+00:00,,draftkings,2.5,,,124.0,-148.0,38.5,,,0.41,0.33,0.31,,0.36,0.05,False,,,vsin_dk,free
2026_NFL_W04_PIT_CLE_draftkings_20260930T022057Z,2026_NFL_W04_PIT_CLE,2026-09-30T02:20:57.142664+00:00,,draftkings,2.5,,,124.0,-148.0,38.5,,,0.41,0.34,0.31,0.3,0.37,0.05,False,,,vsin_dk,free
2026_NFL_W04_PIT_CLE_draftkings_20260930T032253Z,2026_NFL_W04_PIT_CLE,2026-09-30T03:22:53.021568+00:00,,draftkings,2.5,,,124.0,-148.0,38.5,,,,0.29,,0.3,0.37,0.05,False,,,vsin_dk,free
2026_NFL_W04_PIT_CLE_draftkings_20260930T042350Z,2026_NFL_W04_PIT_CLE,2026-09-30T04:23:50.486855+00:00,,draftkings,2.5,,,124.0,-148.0,38.5,,,0.41,0.3,0.31,0.3,0.37,0.05,False,,,vsin_dk,free
2026_NFL_W04_PIT_CLE_draftkings_20260930T052246Z,2026_NFL_W04_PIT_CLE,2026-09-30T05:22:46.968266+00:00,,draftkings,2.5,,,124.0,-148.0,38.5,,,0.41,0.3,0.31,0.31,0.37,0.05,False,,,vsin_dk,free
2026_NFL_W04_PIT_CLE_draftkings_20260930T062751Z,2026_NFL_W04_PIT_CLE,2026-09-30T06:27:51.013583+00:00,,draftkings,2.5,,,124.0,-148.0,38.5,,,0.41,0.29,0.32,0.31,,0.05,False,,,vsin_dk,free
2026_NFL_W04_PIT_CLE_draftkings_20260930T072430Z,2026_NFL_W04_PIT_CLE,2026-09-30T07:24:30.944077+00:00,,draftkings,2.5,,,124.0,-148.0,38.5,,,0.42,0.29,0.32,0.31,0.39,0.06,False,,,vsin_dk,free
2026_NFL_W04_PIT_CLE_draftkings_20260930T082520Z,2026_NFL_W04_PIT_CLE,2026-09-30T08:25:20.219316+00:00,,draftkings,2.5,,,124.0,-148.0,38.5,,,0.42,0.29,0.32,0.31,0.39,0.06,False,,,vsin_dk,free
2026_NFL_W04_PIT_CLE_draftkings_20260930T092314Z,2026_NFL_W04_PIT_CLE,2026-09-30T09:23:14.569110+00:00,,draftkings,2.5,,,124.0,-148.0,38.5,,,0.42,0.29,0.32,0.31,0.39,0.06,False,,,vsin_dk,free
2026_NFL_W04_PIT_CLE_draftkings_20260930T102403Z,2026_NFL_W04_PIT_CLE,2026-09-30T10:24:03.128060+00:00,,draftkings,2.5,,,124.0,-148.0,38.5,,,0.42,0.29,0.32,0.31,0.39,0.06,False,,,vsin_dk,free
2026_NFL_W04_PIT_CLE_draftkings_20260930T112112Z,2026_NFL_W04_PIT_CLE,2026-09-30T11:21:12.638717+00:00,,draftkings,2.5,,,124.0,-148.0,38.5,,,0.42,0.3,0.32,0.31,0.39,0.06,False,,,vsin_dk,free
2026_NFL_W04_PIT_CLE_draftkings_20260930T123117Z,2026_NFL_W04_PIT_CLE,2026-09-30T12:31:17.821829+00:00,,draftkings,2.5,,,124.0,-148.0,38.5,,,0.42,0.26,0.32,0.31,0.39,0.06,False,,,vsin_dk,free
2026_NFL_W04_PIT_CLE_draftkings_20260930T123208Z,2026_NFL_W04_PIT_CLE,2026-09-30T12:32:08.151777+00:00,,draftkings,2.5,,,124.0,-148.0,38.5,,,0.42,0.26,0.32,0.31,0.39,0.06,False,,,vsin_dk,free
2026_NFL_W04_PIT_CLE_draftkings_20260930T132459Z,2026_NFL_W04_PIT_CLE,2026-09-30T13:24:59.635345+00:00,,draftkings,2.5,,,124.0,-148.0,38.5,,,0.42,0.26,0.32,0.32,0.38,0.06,False,,,vsin_dk,free
2026_NFL_W04_PIT_CLE_draftkings_20260930T142545Z,2026_NFL_W04_PIT_CLE,2026-09-30T14:25:45.662674+00:00,,draftkings,2.5,,,124.0,-148.0,38.5,,,,0.26,0.32,0.32,0.39,0.06,False,,,vsin_dk,free
2026_NFL_W04_PIT_CLE_draftkings_20260930T152550Z,2026_NFL_W04_PIT_CLE,2026-09-30T15:25:50.332520+00:00,,draftkings,2.5,,,124.0,-148.0,38.5,,,0.42,0.27,0.32,0.32,0.39,0.06,False,,,vsin_dk,free
2026_NFL_W04_PIT_CLE_draftkings_20260930T162608Z,2026_NFL_W04_PIT_CLE,2026-09-30T16:26:08.857286+00:00,,draftkings,2.5,,,124.0,-148.0,38.5,,,,0.25,0.32,0.33,0.39,0.06,False,,,vsin_dk,free
2026_NFL_W04_PIT_CLE_draftkings_20260930T172302Z,2026_NFL_W04_PIT_CLE,2026-09-30T17:23:02.775035+00:00,,draftkings,2.5,,,124.0,-148.0,38.5,,,0.43,0.25,0.32,,,0.06,False,,,vsin_dk,free
2026_NFL_W04_PIT_CLE_draftkings_20260930T182444Z,2026_NFL_W04_PIT_CLE,2026-09-30T18:24:44.112606+00:00,,draftkings,2.5,,,124.0,-148.0,38.5,,,0.43,0.26,0.32,0.33,0.38,0.06,False,,,vsin_dk,free
2026_NFL_W04_PIT_CLE_draftkings_20260930T192244Z,2026_NFL_W04_PIT_CLE,2026-09-30T19:22:44.861613+00:00,,draftkings,2.5,,,124.0,-148.0,38.5,,,0.43,0.25,0.32,0.33,0.39,0.06,False,,,vsin_dk,free
2026_NFL_W04_PIT_CLE_draftkings_20260930T202253Z,2026_NFL_W04_PIT_CLE,2026-09-30T20:22:53.113634+00:00,,draftkings,2.5,,,124.0,-148.0,38.5,,,0.43,0.25,0.32,0.32,0.39,0.06,False,,,vsin_dk,free
2026_NFL_W04_PIT_CLE_draftkings_20260930T212150Z,2026_NFL_W04_PIT_CLE,2026-09-30T21:21:50.654577+00:00,,draftkings,2.5,,,124.0,-148.0,38.5,,,0.43,0.25,0.32,,0.39,0.06,False,,,vsin_dk,free
2026_NFL_W04_PIT_CLE_draftkings_20260930T222241Z,2026_NFL_W04_PIT_CLE,2026-09-30T22:22:41.296527+00:00,,draftkings,2.5,,,124.0,-148.0,38.5,,,0.44,0.25,0.32,0.33,,0.07,False,,,vsin_dk,free
2026_NFL_W04_PIT_CLE_draftkings_20260930T232014Z,2026_NFL_W04_PIT_CLE,2026-09-30T23:20:14.472372+00:00,,draftkings,2.5,,,124.0,-148.0,38.5,,,0.43,0.25,0.32,0.31,0.4,0.07,False,,,vsin_dk,free
2026_NFL_W04_PIT_CLE_draftkings_20261001T003151Z,2026_NFL_W04_PIT_CLE,2026-10-01T00:31:51.709621+00:00,,draftkings,2.5,,,124.0,-148.0,38.5,,,,,0.33,0.32,0.4,0.07,False,,,vsin_dk,free
2026_NFL_W04_PIT_CLE_draftkings_20261001T012240Z,2026_NFL_W04_PIT_CLE,2026-10-01T01:22:40.715346+00:00,,draftkings,2.5,,,124.0,-148.0,38.5,,,0.42,0.27,0.33,0.32,0.4,0.07,False,,,vsin_dk,free
2026_NFL_W04_PIT_CLE_draftkings_20261001T022150Z,2026_NFL_W04_PIT_CLE,2026-10-01T02:21:50.868058+00:00,,draftkings,2.5,,,124.0,-148.0,38.5,,,0.43,0.28,0.33,0.32,0.4,0.07,False,,,vsin_dk,free
2026_NFL_W04_PIT_CLE_draftkings_20261001T032324Z,2026_NFL_W04_PIT_CLE,2026-10-01T03:23:24.863278+00:00,,draftkings,2.5,,,124.0,-148.0,38.5,,,0.43,0.27,0.33,,0.41,0.07,False,,,vsin_dk,free
2026_NFL_W04_PIT_CLE_draftkings_20261001T042354Z,2026_NFL_W04_PIT_CLE,2026-10-01T04:23:54.736664+00:00,,draftkings,2.5,,,124.0,-148.0,38.5,,,0.42,0.28,0.33,,0.41,0.08,False,,,vsin_dk,free
2026_NFL_W04_PIT_CLE_draftkings_20261001T052243Z,2026_NFL_W04_PIT_CLE,2026-10-01T05:22:43.571222+00:00,,draftkings,2.5,,,124.0,-148.0,38.5,,,0.42,,0.34,0.34,0.41,0.08,False,,,vsin_dk,free
2026_NFL_W04_PIT_CLE_draftkings_20261001T062918Z,2026_NFL_W04_PIT_CLE,2026-10-01T06:29:18.615173+00:00,,draftkings,2.5,,,124.0,-148.0,38.5,,,0.42,0.29,0.34,0.34,0.4,0.08,False,,,vsin_dk,free
2026_NFL_W04_PIT_CLE_draftkings_20261001T072504Z,2026_NFL_W04_PIT_CLE,2026-10-01T07:25:04.077509+00:00,,draftkings,2.5,,,124.0,-148.0,38.5,,,0.42,0.29,0.34,0.35,0.4,0.08,False,,,vsin_dk,free
2026_NFL_W04_PIT_CLE_draftkings_20261001T082607Z,2026_NFL_W04_PIT_CLE,2026-10-01T08:26:07.032778+00:00,,draftkings,2.5,,,124.0,-148.0,38.5,,,0.42,0.29,0.35,0.36,0.41,0.09,False,,,vsin_dk,free
2026_NFL_W04_PIT_CLE_draftkings_20261001T092446Z,2026_NFL_W04_PIT_CLE,2026-10-01T09:24:46.798522+00:00,,draftkings,2.5,,,124.0,-148.0,38.5,,,0.42,,0.34,0.35,0.41,0.09,False,,,vsin_dk,free
2026_NFL_W04_PIT_CLE_draftkings_20261001T102422Z,2026_NFL_W04_PIT_CLE,2026-10-01T10:24:22.302273+00:00,,draftkings,2.5,,,124.0,-148.0,38.5,,,0.42,0.31,0.34,0.36,0.41,0.1,False,,,vsin_dk,free
2026_NFL_W04_PIT_CLE_draftkings_20261001T112303Z,2026_NFL_W04_PIT_CLE,2026-10-01T11:23:03.993865+00:00,,draftkings,2.5,,,124.0,-148.0,38.5,,,0.42,0.31,0.34,,0.41,0.1,False,,,vsin_dk,free
2026_NFL_W04_PIT_CLE_draftkings_20261001T122924Z,2026_NFL_W04_PIT_CLE,2026-10-01T12:29:24.863936+00:00,,draftkings,2.5,,,124.0,-148.0,38.5,,,0.42,0.31,0.35,0.31,0.41,0.11,False,,,vsin_dk,free
2026_NFL_W04_PIT_CLE_draftkings_20261001T123028Z,2026_NFL_W04_PIT_CLE,2026-10-01T12:30:28.243337+00:00,,draftkings,2.5,,,124.0,-148.0,38.5,,,0.42,0.31,0.35,,0.41,0.11,False,,,vsin_dk,free
2026_NFL_W04_PIT_CLE_draftkings_20261001T130741Z,2026_NFL_W04_PIT_CLE,2026-10-01T13:07:41.450679+00:00,,draftkings,2.5,,,124.0,-148.0,38.5,,,0.42,0.31,0.35,0.37,0.42,0.12,False,,,vsin_dk,free
2026_NFL_W04_PIT_CLE_draftkings_20261001T131832Z,2026_NFL_W04_PIT_CLE,2026-10-01T13:18:32.042513+00:00,,draftkings,2.5,,,124.0,-148.0,38.5,,,0.42,0.31,0.35,0.36,0.42,,False,,,vsin_dk,free
2026_NFL_W04_PIT_CLE_draftkings_20261001T132637Z,2026_NFL_W04_PIT_CLE,2026-10-01T13:26:37.279703+00:00,,draftkings,2.5,,,124.0,-148.0,38.5,,,0.42,0.3,0.35,0.36,0.42,0.13,False,,,vsin_dk,free
2026_NFL_W04_PIT_CLE_draftkings_20261001T133048Z,2026_NFL_W04_PIT_CLE,2026-10-01T13:30:48.795157+00:00,,draftkings,2.5,,,124.0,-148.0,38.5,,,0.42,,0.35,0.36,0.42,0.13,False,,,vsin_dk,free
2026_NFL_W04_PIT_CLE_draftkings_20261001T134706Z,2026_NFL_W04_PIT_CLE,2026-10-01T13:47:06.101875+00:00,,draftkings,2.5,,,124.0,-148.0,38.5,,,0.42,0.3,0.35,0.36,0.42,0.14,False,,,vsin_dk,free
2026_NFL_W04_PIT_CLE_draftkings_20261001T134834Z,2026_NFL_W04_PIT_CLE,2026-10-01T13:48:34.501691+00:00,,draftkings,2.5,,,124.0,-148.0,38.5,,,0.42,0.3,0.35,0.36,0.42,0.14,False,,,vsin_dk,free
2026_NFL_W04_PIT_CLE_draftkings_20261001T140724Z,2026_NFL_W04_PIT_CLE,2026-10-01T14:07:24.954094+00:00,,draftkings,2.5,,,124.0,-148.0,38.5,,,0.43,0.29,0.35,0.3,,0.14,False,,,vsin_dk,free
2026_NFL_W04_PIT_CLE_draftkings_20261001T141308Z,2026_NFL_W04_PIT_CLE,2026-10-01T14:13:08.772665+00:00,,draftkings,2.5,,,124.0,-148.0,38.5,,,0.43,0.29,0.35,0.3,0.42,0.14,False,,,vsin_dk,free
2026_NFL_W04_PIT_CLE_draftkings_20261001T142003Z,2026_NFL_W04_PIT_CLE,2026-10-01T14:20:03.247106+00:00,2026-10-01T14:19:44Z,draftkings,2.5,100.0,-120.0,124.0,-148.0,38.5,-105,-115,,,,,,,False,,,odds_api,free
2026_NFL_W04_PIT_CLE_betus_20261001T142003Z,2026_NFL_W04_PIT_CLE,2026-10-01T14:20:03.247106+00:00,2026-10-01T14:19:21Z,betus,3.0,-120.0,100.0,129.0,-150.0,38.5,-110,-110,,,,,,,False,,,odds_api,free
2026_NFL_W04_PIT_CLE_fanduel_20261001T142003Z,2026_NFL_W04_PIT_CLE,2026-10-01T14:20:03.247106+00:00,2026-10-01T14:20:00Z,fanduel,2.5,-102.0,-120.0,122.0,-144.0,38.5,-105,-115,,,,,,,False,,,odds_api,free
2026_NFL_W04_PIT_CLE_mybookieag_20261001T142003Z,2026_NFL_W04_PIT_CLE,2026-10-01T14:20:03.247106+00:00,2026-10-01T14:19:43Z,mybookieag,3.0,-115.0,-105.0,128.0,-151.0,38.5,-110,-110,,,,,,,False,,,odds_api,free
2026_NFL_W04_PIT_CLE_betonlineag_20261001T142003Z,2026_NFL_W04_PIT_CLE,2026-10-01T14:20:03.247106+00:00,2026-10-01T14:19:44Z,betonlineag,3.0,-120.0,100.0,132.0,-152.0,38.5,-110,-110,,,,,,,False,,,odds_api,free
2026_NFL_W04_PIT_CLE_lowvig_20261001T142003Z,2026_NFL_W04_PIT_CLE,2026-10-01T14:20:03.247106+00:00,2026-10-01T14:19:46Z,lowvig,2.5,105.0,-116.0,132.0,-152.0,38.5,-107,-107,,,,,,,False,,,odds_api,free
2026_NFL_W04_PIT_CLE_betrivers_20261001T142003Z,2026_NFL_W04_PIT_CLE,2026-10-01T14:20:03.247106+00:00,2026-10-01T14:18:50Z,betrivers,3.0,-118.0,-104.0,123.0,-148.0,38.0,-110,-110,,,,,,,False,,,odds_api,free
2026_NFL_W04_PIT_CLE_bovada_20261001T142003Z,2026_NFL_W04_PIT_CLE,2026-10-01T14:20:03.247106+00:00,2026-10-01T14:19:28Z,bovada,2.5,100.0,-120.0,125.0,-145.0,38.5,-110,-110,,,,,,,False,,,odds_api,free
2026_NFL_W04_PIT_CLE_betmgm_20261001T142003Z,2026_NFL_W04_PIT_CLE,2026-10-01T14:20:03.247106+00:00,2026-10-01T14:20:02Z,betmgm,3.0,-118.0,-102.0,125.0,-150.0,38.5,-108,-110,,,,,,,True,,,odds_api,free
2026_NFL_W04_IND_WAS_draftkings_20261001T142003Z,2026_NFL_W04_IND_WAS,2026-10-01T14:20:03.247106+00:00,2026-10-01T14:19:44Z,draftkings,3.5,-108.0,-112.0,160.0,-192.0,47.5,-108,-112,,,,,,,False,,,odds_api,free
2026_NFL_W04_IND_WAS_fanduel_20261001T142003Z,2026_NFL_W04_IND_WAS,2026-10-01T14:20:03.247106+00:00,2026-10-01T14:20:00Z,fanduel,3.5,-110.0,-110.0,160.0,-190.0,47.5,-112,-108,,,,,,,False,,,odds_api,free
2026_NFL_W04_IND_WAS_betmgm_20261001T142003Z,2026_NFL_W04_IND_WAS,2026-10-01T14:20:03.247106+00:00,2026-10-01T14:20:02Z,betmgm,4.0,-112.0,-105.0,165.0,-200.0,47.5,-110,-108,,,,,,,True,,,odds_api,free
2026_NFL_W04_IND_WAS_bovada_20261001T142003Z,2026_NFL_W04_IND_WAS,2026-10-01T14:20:03.247106+00:00,2026-10-01T14:19:28Z,bovada,4.0,-110.0,-110.0,170.0,-200.0,48.0,-105,-115,,,,,,,True,,,odds_api,free
2026_NFL_W04_IND_WAS_betus_20261001T142003Z,2026_NFL_W04_IND_WAS,2026-10-01T14:20:03.247106+00:00,2026-10-01T14:19:21Z,betus,3.5,-110.0,-110.0,167.0,-195.0,47.5,-110,-110,,,,,,,False,,,odds_api,free
2026_NFL_W04_IND_WAS_mybookieag_20261001T142003Z,2026_NFL_W04_IND_WAS,2026-10-01T14:20:03.247106+00:00,2026-10-01T14:19:43Z,mybookieag,4.0,-110.0,-110.0,160.0,-199.0,48.0,-110,-110,,,,,,,False,,,odds_api,free
2026_NFL_W04_IND_WAS_lowvig_20261001T142003Z,2026_NFL_W04_IND_WAS,2026-10-01T14:20:03.247106+00:00,2026-10-01T14:19:46Z,lowvig,4.0,-107.0,-103.0,171.0,-196.0,47.5,-107,-107,,,,,,,False,,,odds_api,free
2026_NFL_W04_IND_WAS_betonlineag_20261001T142003Z,2026_NFL_W04_IND_WAS,2026-10-01T14:20:03.247106+00:00,2026-10-01T14:19:44Z,betonlineag,4.0,-110.0,-110.0,171.0,-196.0,47.5,-110,-110,,,,,,,False,,,odds_api,free
2026_NFL_W04_IND_WAS_betrivers_20261001T142003Z,2026_NFL_W04_IND_WAS,2026-10-01T14:20:03.247106+00:00,2026-10-01T14:18:50Z,betrivers,3.5,-107.0,-114.0,160.0,-195.0,47.5,-106,-114,,,,,,,False,,,odds_api,free
2026_NFL_W04_ARI_NYG_draftkings_20261001T142003Z,2026_NFL_W04_ARI_NYG,2026-10-01T14:20:03.247106+00:00,2026-10-01T14:19:44Z,draftkings,2.5,-108.0,-112.0,114.0,-135.0,44.5,-108,-112,,,,,,,False,,,odds_api,free
2026_NFL_W04_ARI_NYG_betus_20261001T142003Z,2026_NFL_W04_ARI_NYG,2026-10-01T14:20:03.247106+00:00,2026-10-01T14:19:21Z,betus,2.0,100.0,-120.0,121.0,-141.0,44.5,-110,-110,,,,,,,False,,,odds_api,free
2026_NFL_W04_ARI_NYG_fanduel_20261001T142003Z,2026_NFL_W04_ARI_NYG,2026-10-01T14:20:03.247106+00:00,2026-10-01T14:20:00Z,fanduel,2.5,-110.0,-110.0,116.0,-136.0,43.5,-118,-104,,,,,,,False,,,odds_api,free
2026_NFL_W04_ARI_NYG_betrivers_20261001T142003Z,2026_NFL_W04_ARI_NYG,2026-10-01T14:20:03.247106+00:00,2026-10-01T14:18:50Z,betrivers,2.5,-110.0,-110.0,110.0,-134.0,44.5,-109,-112,,,,,,,False,,,odds_api,free
2026_NFL_W04_ARI_NYG_mybookieag_20261001T142003Z,2026_NFL_W04_ARI_NYG,2026-10-01T14:20:03.247106+00:00,2026-10-01T14:19:43Z,mybookieag,2.5,-110.0,-110.0,109.0,-139.0,44.5,-110,-110,,,,,,,False,,,odds_api,free
2026_NFL_W04_ARI_NYG_betonlineag_20261001T142003Z,2026_NFL_W04_ARI_NYG,2026-10-01T14:20:03.247106+00:00,2026-10-01T14:19:44Z,betonlineag,2.5,-108.0,-112.0,121.0,-141.0,44.5,-110,-110,,,,,,,True,,,odds_api,free
2026_NFL_W04_ARI_NYG_betmgm_20261001T142003Z,2026_NFL_W04_ARI_NYG,2026-10-01T14:20:03.247106+00:00,2026-10-01T14:20:02Z,betmgm,2.5,-108.0,-110.0,115.0,-140.0,44.5,-108,-110,,,,,,,True,,,odds_api,free
2026_NFL_W04_ARI_NYG_lowvig_20261001T142003Z,2026_NFL_W04_ARI_NYG,2026-10-01T14:20:03.247106+00:00,2026-10-01T14:19:46Z,lowvig,2.5,-102.0,-108.0,121.0,-141.0,44.5,-107,-107,,,,,,,True,,,odds_api,free
2026_NFL_W04_ARI_NYG_bovada_20261001T142003Z,2026_NFL_W04_ARI_NYG,2026-10-01T14:20:03.247106+00:00,2026-10-01T14:19:28Z,bovada,2.5,-110.0,-110.0,120.0,-140.0,44.0,-115,-105,,,,,,,True,,,odds_api,free
2026_NFL_W04_TEN_BAL_draftkings_20261001T142003Z,2026_NFL_W04_TEN_BAL,2026-10-01T14:20:03.247106+00:00,2026-10-01T14:19:44Z,draftkings,-11.5,-108.0,-112.0,-700.0,500.0,42.5,-115,-105,,,,,,,False,,,odds_api,free
2026_NFL_W04_TEN_BAL_betus_20261001T142003Z,2026_NFL_W04_TEN_BAL,2026-10-01T14:20:03.247106+00:00,2026-10-01T14:19:21Z,betus,-11.5,-110.0,-110.0,-680.0,490.0,42.5,-110,-110,,,,,,,False,,,odds_api,free
2026_NFL_W04_TEN_BAL_fanduel_20261001T142003Z,2026_NFL_W04_TEN_BAL,2026-10-01T14:20:03.247106+00:00,2026-10-01T14:20:00Z,fanduel,-11.5,-110.0,-110.0,-770.0,540.0,42.5,-115,-105,,,,,,,False,,,odds_api,free
2026_NFL_W04_TEN_BAL_betonlineag_20261001T142003Z,2026_NFL_W04_TEN_BAL,2026-10-01T14:20:03.247106+00:00,2026-10-01T14:19:44Z,betonlineag,-11.5,-107.0,-113.0,-680.0,494.0,42.5,-108,-112,,,,,,,False,,,odds_api,free
2026_NFL_W04_TEN_BAL_lowvig_20261001T142003Z,2026_NFL_W04_TEN_BAL,2026-10-01T14:20:03.247106+00:00,2026-10-01T14:19:46Z,lowvig,-11.5,-105.0,-105.0,-680.0,494.0,42.5,-105,-109,,,,,,,False,,,odds_api,free
2026_NFL_W04_TEN_BAL_betrivers_20261001T142003Z,2026_NFL_W04_TEN_BAL,2026-10-01T14:20:03.247106+00:00,2026-10-01T14:18:50Z,betrivers,-11.5,-110.0,-110.0,-715.0,500.0,43.0,-108,-113,,,,,,,False,,,odds_api,free
2026_NFL_W04_TEN_BAL_mybookieag_20261001T142003Z,2026_NFL_W04_TEN_BAL,2026-10-01T14:20:03.247106+00:00,2026-10-01T14:19:43Z,mybookieag,-11.5,-110.0,-110.0,-800.0,480.0,42.5,-110,-110,,,,,,,False,,,odds_api,free
2026_NFL_W04_TEN_BAL_betmgm_20261001T142003Z,2026_NFL_W04_TEN_BAL,2026-10-01T14:20:03.247106+00:00,2026-10-01T14:20:02Z,betmgm,-11.5,-108.0,-110.0,-700.0,525.0,42.5,-110,-108,,,,,,,True,,,odds_api,free
2026_NFL_W04_TEN_BAL_bovada_20261001T142003Z,2026_NFL_W04_TEN_BAL,2026-10-01T14:20:03.247106+00:00,2026-10-01T14:19:28Z,bovada,-11.5,-110.0,-110.0,-700.0,475.0,42.5,-110,-110,,,,,,,True,,,odds_api,free
2026_NFL_W04_NE_BUF_draftkings_20261001T142003Z,2026_NFL_W04_NE_BUF,2026-10-01T14:20:03.247106+00:00,2026-10-01T14:19:44Z,draftkings,-6.5,-120.0,100.0,-290.0,235.0,48.5,-110,-110,,,,,,,False,,,odds_api,free
2026_NFL_W04_NE_BUF_fanduel_20261001T142003Z,2026_NFL_W04_NE_BUF,2026-10-01T14:20:03.247106+00:00,2026-10-01T14:20:00Z,fanduel,-6.5,-122.0,100.0,-340.0,275.0,48.5,-114,-106,,,,,,,False,,,odds_api,free
2026_NFL_W04_NE_BUF_betus_20261001T142003Z,2026_NFL_W04_NE_BUF,2026-10-01T14:20:03.247106+00:00,2026-10-01T14:19:21Z,betus,-7.0,100.0,-120.0,-300.0,250.0,49.0,-105,-115,,,,,,,False,,,odds_api,free
2026_NFL_W04_NE_BUF_lowvig_20261001T142003Z,2026_NFL_W04_NE_BUF,2026-10-01T14:20:03.247106+00:00,2026-10-01T14:19:46Z,lowvig,-7.0,-101.0,-109.0,-300.0,245.0,49.0,-104,-110,,,,,,,False,,,odds_api,free
2026_NFL_W04_NE_BUF_betonlineag_20261001T142003Z,2026_NFL_W04_NE_BUF,2026-10-01T14:20:03.247106+00:00,2026-10-01T14:19:44Z,betonlineag,-6.5,-117.0,-103.0,-300.0,245.0,49.0,-107,-113,,,,,,,False,,,odds_api,free
2026_NFL_W04_NE_BUF_betrivers_20261001T142003Z,2026_NFL_W04_NE_BUF,2026-10-01T14:20:03.247106+00:00,2026-10-01T14:18:50Z,betrivers,-6.5,-117.0,-105.0,-315.0,250.0,48.0,-113,-108,,,,,,,False,,,odds_api,free
2026_NFL_W04_NE_BUF_mybookieag_20261001T142003Z,2026_NFL_W04_NE_BUF,2026-10-01T14:20:03.247106+00:00,2026-10-01T14:19:43Z,mybookieag,-6.5,-115.0,-105.0,-300.0,224.0,48.5,-110,-110,,,,,,,False,,,odds_api,free
2026_NFL_W04_NE_BUF_betmgm_20261001T142003Z,2026_NFL_W04_NE_BUF,2026-10-01T14:20:03.247106+00:00,2026-10-01T14:20:02Z,betmgm,-6.5,-115.0,-105.0,-325.0,260.0,48.5,-108,-110,,,,,,,True,,,odds_api,free
2026_NFL_W04_NE_BUF_bovada_20261001T142003Z,2026_NFL_W04_NE_BUF,2026-10-01T14:20:03.247106+00:00,2026-10-01T14:19:28Z,bovada,-7.0,-105.0,-115.0,-310.0,255.0,48.5,-115,-105,,,,,,,True,,,odds_api,free
2026_NFL_W04_NYJ_CHI_draftkings_20261001T142003Z,2026_NFL_W04_NYJ_CHI,2026-10-01T14:20:03.247106+00:00,2026-10-01T14:19:44Z,draftkings,-3.5,-105.0,-115.0,-175.0,145.0,43.5,100,-120,,,,,,,False,,,odds_api,free
2026_NFL_W04_NYJ_CHI_fanduel_20261001T142003Z,2026_NFL_W04_NYJ_CHI,2026-10-01T14:20:03.247106+00:00,2026-10-01T14:20:00Z,fanduel,-3.5,-102.0,-120.0,-176.0,148.0,42.5,-118,-104,,,,,,,False,,,odds_api,free
2026_NFL_W04_NYJ_CHI_betus_20261001T142003Z,2026_NFL_W04_NYJ_CHI,2026-10-01T14:20:03.247106+00:00,2026-10-01T14:19:21Z,betus,-3.0,-122.0,102.0,-180.0,155.0,43.0,-110,-110,,,,,,,False,,,odds_api,free
2026_NFL_W04_NYJ_CHI_lowvig_20261001T142003Z,2026_NFL_W04_NYJ_CHI,2026-10-01T14:20:03.247106+00:00,2026-10-01T14:19:46Z,lowvig,-3.0,-120.0,109.0,-180.0,157.0,43.0,-107,-107,,,,,,,False,,,odds_api,free
2026_NFL_W04_NYJ_CHI_betonlineag_20261001T142003Z,2026_NFL_W04_NYJ_CHI,2026-10-01T14:20:03.247106+00:00,2026-10-01T14:19:44Z,betonlineag,-3.0,-122.0,102.0,-180.0,157.0,43.0,-110,-110,,,,,,,False,,,odds_api,free
2026_NFL_W04_NYJ_CHI_betrivers_20261001T142003Z,2026_NFL_W04_NYJ_CHI,2026-10-01T14:20:03.247106+00:00,2026-10-01T14:18:50Z,betrivers,-3.0,-115.0,-106.0,-175.0,140.0,42.5,-110,-110,,,,,,,False,,,odds_api,free
2026_NFL_W04_NYJ_CHI_mybookieag_20261001T142003Z,2026_NFL_W04_NYJ_CHI,2026-10-01T14:20:03.247106+00:00,2026-10-01T14:19:43Z,mybookieag,-3.0,-120.0,100.0,-187.0,145.0,43.0,-110,-110,,,,,,,False,,,odds_api,free
2026_NFL_W04_NYJ_CHI_betmgm_20261001T142003Z,2026_NFL_W04_NYJ_CHI,2026-10-01T14:20:03.247106+00:00,2026-10-01T14:20:02Z,betmgm,-3.5,-102.0,-118.0,-185.0,150.0,43.0,-110,-108,,,,,,,True,,,odds_api,free
2026_NFL_W04_NYJ_CHI_bovada_20261001T142003Z,2026_NFL_W04_NYJ_CHI,2026-10-01T14:20:03.247106+00:00,2026-10-01T14:19:28Z,bovada,-3.5,-105.0,-115.0,-180.0,155.0,43.0,-110,-110,,,,,,,True,,,odds_api,free
2026_NFL_W04_JAX_CIN_draftkings_20261001T142003Z,2026_NFL_W04_JAX_CIN,2026-10-01T14:20:03.247106+00:00,2026-10-01T14:19:44Z,draftkings,-2.5,-115.0,-105.0,-142.0,120.0,51.5,-102,-118,,,,,,,False,,,odds_api,free
2026_NFL_W04_JAX_CIN_betus_20261001T142003Z,2026_NFL_W04_JAX_CIN,2026-10-01T14:20:03.247106+00:00,2026-10-01T14:19:21Z,betus,-2.0,-120.0,100.0,-145.0,125.0,51.5,-110,-110,,,,,,,False,,,odds_api,free
2026_NFL_W04_JAX_CIN_fanduel_20261001T142003Z,2026_NFL_W04_JAX_CIN,2026-10-01T14:20:03.247106+00:00,2026-10-01T14:20:00Z,fanduel,-2.5,-112.0,-108.0,-136.0,116.0,51.5,-105,-115,,,,,,,False,,,odds_api,free
2026_NFL_W04_JAX_CIN_betonlineag_20261001T142003Z,2026_NFL_W04_JAX_CIN,2026-10-01T14:20:03.247106+00:00,2026-10-01T14:19:44Z,betonlineag,-2.5,-119.0,-101.0,-143.0,123.0,51.5,-110,-110,,,,,,,False,,,odds_api,free
2026_NFL_W04_JAX_CIN_lowvig_20261001T142003Z,2026_NFL_W04_JAX_CIN,2026-10-01T14:20:03.247106+00:00,2026-10-01T14:19:46Z,lowvig,-2.5,-113.0,102.0,-143.0,123.0,51.5,-107,-107,,,,,,,False,,,odds_api,free
2026_NFL_W04_JAX_CIN_betrivers_20261001T142003Z,2026_NFL_W04_JAX_CIN,2026-10-01T14:20:03.247106+00:00,2026-10-01T14:18:50Z,betrivers,-2.5,-115.0,-106.0,-141.0,116.0,51.5,-109,-112,,,,,,,False,,,odds_api,free
2026_NFL_W04_JAX_CIN_mybookieag_20261001T142003Z,2026_NFL_W04_JAX_CIN,2026-10-01T14:20:03.247106+00:00,2026-10-01T14:19:43Z,mybookieag,-2.5,-115.0,-105.0,-149.0,116.0,51.5,-110,-110,,,,,,,False,,,odds_api,free
2026_NFL_W04_JAX_CIN_betmgm_20261001T142003Z,2026_NFL_W04_JAX_CIN,2026-10-01T14:20:03.247106+00:00,2026-10-01T14:20:02Z,betmgm,-2.5,-115.0,-105.0,-145.0,120.0,51.5,-110,-108,,,,,,,True,,,odds_api,free
2026_NFL_W04_JAX_CIN_bovada_20261001T142003Z,2026_NFL_W04_JAX_CIN,2026-10-01T14:20:03.247106+00:00,2026-10-01T14:19:28Z,bovada,-3.0,100.0,-120.0,-150.0,130.0,51.0,-110,-110,,,,,,,True,,,odds_api,free
2026_NFL_W04_DAL_HOU_draftkings_20261001T142003Z,2026_NFL_W04_DAL_HOU,2026-10-01T14:20:03.247106+00:00,2026-10-01T14:19:44Z,draftkings,-3.0,-112.0,-108.0,-162.0,136.0,48.5,-105,-115,,,,,,,False,,,odds_api,free
2026_NFL_W04_DAL_HOU_betus_20261001T142003Z,2026_NFL_W04_DAL_HOU,2026-10-01T14:20:03.247106+00:00,2026-10-01T14:19:21Z,betus,-3.0,-110.0,-110.0,-160.0,138.0,48.0,-110,-110,,,,,,,False,,,odds_api,free
2026_NFL_W04_DAL_HOU_fanduel_20261001T142003Z,2026_NFL_W04_DAL_HOU,2026-10-01T14:20:03.247106+00:00,2026-10-01T14:20:00Z,fanduel,-3.0,-110.0,-110.0,-162.0,136.0,47.5,-115,-105,,,,,,,False,,,odds_api,free
2026_NFL_W04_DAL_HOU_betonlineag_20261001T142003Z,2026_NFL_W04_DAL_HOU,2026-10-01T14:20:03.247106+00:00,2026-10-01T14:19:44Z,betonlineag,-3.0,-110.0,-110.0,-162.0,142.0,48.0,-110,-110,,,,,,,False,,,odds_api,free
2026_NFL_W04_DAL_HOU_lowvig_20261001T142003Z,2026_NFL_W04_DAL_HOU,2026-10-01T14:20:03.247106+00:00,2026-10-01T14:19:46Z,lowvig,-3.0,-108.0,-102.0,-162.0,142.0,48.0,-107,-107,,,,,,,False,,,odds_api,free
2026_NFL_W04_DAL_HOU_betrivers_20261001T142003Z,2026_NFL_W04_DAL_HOU,2026-10-01T14:20:03.247106+00:00,2026-10-01T14:18:50Z,betrivers,-3.0,-108.0,-113.0,-157.0,125.0,48.0,-110,-110,,,,,,,False,,,odds_api,free
2026_NFL_W04_DAL_HOU_mybookieag_20261001T142003Z,2026_NFL_W04_DAL_HOU,2026-10-01T14:20:03.247106+00:00,2026-10-01T14:19:43Z,mybookieag,-3.0,-110.0,-110.0,-167.0,130.0,48.0,-110,-110,,,,,,,False,,,odds_api,free
2026_NFL_W04_DAL_HOU_betmgm_20261001T142003Z,2026_NFL_W04_DAL_HOU,2026-10-01T14:20:03.247106+00:00,2026-10-01T14:20:02Z,betmgm,-3.0,-108.0,-110.0,-160.0,135.0,48.0,-110,-108,,,,,,,True,,,odds_api,free
2026_NFL_W04_DAL_HOU_bovada_20261001T142003Z,2026_NFL_W04_DAL_HOU,2026-10-01T14:20:03.247106+00:00,2026-10-01T14:19:28Z,bovada,-3.0,-110.0,-110.0,-165.0,140.0,48.0,-115,-105,,,,,,,True,,,odds_api,free
2026_NFL_W04_GB_TB_draftkings_20261001T142003Z,2026_NFL_W04_GB_TB,2026-10-01T14:20:03.247106+00:00,2026-10-01T14:19:44Z,draftkings,3.5,-108.0,-112.0,150.0,-180.0,38.5,-112,-108,,,,,,,False,,,odds_api,free
2026_NFL_W04_GB_TB_betus_20261001T142003Z,2026_NFL_W04_GB_TB,2026-10-01T14:20:03.247106+00:00,2026-10-01T14:19:21Z,betus,3.5,-115.0,-105.0,159.0,-185.0,38.5,-110,-110,,,,,,,False,,,odds_api,free
2026_NFL_W04_GB_TB_fanduel_20261001T142003Z,2026_NFL_W04_GB_TB,2026-10-01T14:20:03.247106+00:00,2026-10-01T14:20:00Z,fanduel,3.5,-108.0,-112.0,150.0,-178.0,38.5,-115,-105,,,,,,,False,,,odds_api,free
2026_NFL_W04_GB_TB_betonlineag_20261001T142003Z,2026_NFL_W04_GB_TB,2026-10-01T14:20:03.247106+00:00,2026-10-01T14:19:44Z,betonlineag,3.5,-115.0,-105.0,161.0,-185.0,38.5,-110,-110,,,,,,,False,,,odds_api,free
2026_NFL_W04_GB_TB_lowvig_20261001T142003Z,2026_NFL_W04_GB_TB,2026-10-01T14:20:03.247106+00:00,2026-10-01T14:19:46Z,lowvig,3.5,-109.0,-101.0,161.0,-185.0,38.5,-107,-107,,,,,,,False,,,odds_api,free
2026_NFL_W04_GB_TB_betrivers_20261001T142003Z,2026_NFL_W04_GB_TB,2026-10-01T14:20:03.247106+00:00,2026-10-01T14:18:50Z,betrivers,4.0,-114.0,-107.0,155.0,-195.0,39.0,-112,-109,,,,,,,False,,,odds_api,free
2026_NFL_W04_GB_TB_bovada_20261001T142003Z,2026_NFL_W04_GB_TB,2026-10-01T14:20:03.247106+00:00,2026-10-01T14:19:28Z,bovada,3.5,-115.0,-105.0,160.0,-185.0,38.5,-110,-110,,,,,,,False,,,odds_api,free
2026_NFL_W04_GB_TB_mybookieag_20261001T142003Z,2026_NFL_W04_GB_TB,2026-10-01T14:20:03.247106+00:00,2026-10-01T14:19:43Z,mybookieag,3.5,-110.0,-110.0,147.0,-190.0,38.5,-110,-110,,,,,,,False,,,odds_api,free
2026_NFL_W04_GB_TB_betmgm_20261001T142003Z,2026_NFL_W04_GB_TB,2026-10-01T14:20:03.247106+00:00,2026-10-01T14:20:02Z,betmgm,3.5,-110.0,-108.0,155.0,-190.0,38.5,-110,-108,,,,,,,True,,,odds_api,free
2026_NFL_W04_LAR_PHI_draftkings_20261001T142003Z,2026_NFL_W04_LAR_PHI,2026-10-01T14:20:03.247106+00:00,2026-10-01T14:19:44Z,draftkings,3.0,-112.0,-108.0,136.0,-162.0,43.5,-112,-108,,,,,,,False,,,odds_api,free
2026_NFL_W04_LAR_PHI_betus_20261001T142003Z,2026_NFL_W04_LAR_PHI,2026-10-01T14:20:03.247106+00:00,2026-10-01T14:19:21Z,betus,3.0,-110.0,-110.0,146.0,-170.0,43.5,-110,-110,,,,,,,False,,,odds_api,free
2026_NFL_W04_LAR_PHI_fanduel_20261001T142003Z,2026_NFL_W04_LAR_PHI,2026-10-01T14:20:03.247106+00:00,2026-10-01T14:20:00Z,fanduel,3.0,-105.0,-115.0,138.0,-164.0,43.5,-120,-102,,,,,,,False,,,odds_api,free
2026_NFL_W04_LAR_PHI_betonlineag_20261001T142003Z,2026_NFL_W04_LAR_PHI,2026-10-01T14:20:03.247106+00:00,2026-10-01T14:19:44Z,betonlineag,3.0,-105.0,-115.0,149.0,-170.0,43.5,-110,-110,,,,,,,False,,,odds_api,free
2026_NFL_W04_LAR_PHI_lowvig_20261001T142003Z,2026_NFL_W04_LAR_PHI,2026-10-01T14:20:03.247106+00:00,2026-10-01T14:19:46Z,lowvig,3.0,100.0,-110.0,149.0,-170.0,43.5,-107,-107,,,,,,,False,,,odds_api,free
2026_NFL_W04_LAR_PHI_betrivers_20261001T142003Z,2026_NFL_W04_LAR_PHI,2026-10-01T14:20:03.247106+00:00,2026-10-01T14:18:50Z,betrivers,3.0,-109.0,-112.0,140.0,-175.0,43.5,-113,-108,,,,,,,False,,,odds_api,free
2026_NFL_W04_LAR_PHI_mybookieag_20261001T142003Z,2026_NFL_W04_LAR_PHI,2026-10-01T14:20:03.247106+00:00,2026-10-01T14:19:43Z,mybookieag,3.0,-110.0,-110.0,129.0,-166.0,43.5,-110,-110,,,,,,,False,,,odds_api,free
2026_NFL_W04_LAR_PHI_betmgm_20261001T142003Z,2026_NFL_W04_LAR_PHI,2026-10-01T14:20:03.247106+00:00,2026-10-01T14:20:02Z,betmgm,3.0,-105.0,-112.0,140.0,-165.0,43.5,-110,-110,,,,,,,True,,,odds_api,free
2026_NFL_W04_LAR_PHI_bovada_20261001T142003Z,2026_NFL_W04_LAR_PHI,2026-10-01T14:20:03.247106+00:00,2026-10-01T14:19:28Z,bovada,3.0,-105.0,-115.0,150.0,-175.0,44.0,-105,-115,,,,,,,True,,,odds_api,free
2026_NFL_W04_MIA_MIN_draftkings_20261001T142003Z,2026_NFL_W04_MIA_MIN,2026-10-01T14:20:03.247106+00:00,2026-10-01T14:19:44Z,draftkings,-10.5,-108.0,-112.0,-600.0,440.0,38.5,-110,-110,,,,,,,False,,,odds_api,free
2026_NFL_W04_MIA_MIN_betus_20261001T142003Z,2026_NFL_W04_MIA_MIN,2026-10-01T14:20:03.247106+00:00,2026-10-01T14:19:21Z,betus,-10.5,-110.0,-110.0,-615.0,460.0,38.5,-110,-110,,,,,,,False,,,odds_api,free
2026_NFL_W04_MIA_MIN_fanduel_20261001T142003Z,2026_NFL_W04_MIA_MIN,2026-10-01T14:20:03.247106+00:00,2026-10-01T14:20:00Z,fanduel,-10.5,-115.0,-105.0,-650.0,480.0,38.5,-114,-106,,,,,,,False,,,odds_api,free
2026_NFL_W04_MIA_MIN_betonlineag_20261001T142003Z,2026_NFL_W04_MIA_MIN,2026-10-01T14:20:03.247106+00:00,2026-10-01T14:19:44Z,betonlineag,-10.5,-110.0,-110.0,-615.0,455.0,38.5,-107,-113,,,,,,,False,,,odds_api,free
2026_NFL_W04_MIA_MIN_lowvig_20261001T142003Z,2026_NFL_W04_MIA_MIN,2026-10-01T14:20:03.247106+00:00,2026-10-01T14:19:46Z,lowvig,-10.5,-105.0,-105.0,-615.0,455.0,38.5,-104,-110,,,,,,,False,,,odds_api,free
2026_NFL_W04_MIA_MIN_betrivers_20261001T142003Z,2026_NFL_W04_MIA_MIN,2026-10-01T14:20:03.247106+00:00,2026-10-01T14:18:50Z,betrivers,-10.5,-109.0,-112.0,-625.0,450.0,39.5,-108,-113,,,,,,,False,,,odds_api,free
2026_NFL_W04_MIA_MIN_mybookieag_20261001T142003Z,2026_NFL_W04_MIA_MIN,2026-10-01T14:20:03.247106+00:00,2026-10-01T14:19:43Z,mybookieag,-10.5,-110.0,-110.0,-725.0,450.0,39.0,-110,-110,,,,,,,False,,,odds_api,free
2026_NFL_W04_MIA_MIN_betmgm_20261001T142003Z,2026_NFL_W04_MIA_MIN,2026-10-01T14:20:03.247106+00:00,2026-10-01T14:20:02Z,betmgm,-10.5,-110.0,-108.0,-625.0,475.0,38.5,-110,-108,,,,,,,True,,,odds_api,free
2026_NFL_W04_MIA_MIN_bovada_20261001T142003Z,2026_NFL_W04_MIA_MIN,2026-10-01T14:20:03.247106+00:00,2026-10-01T14:19:28Z,bovada,-10.5,-105.0,-115.0,-625.0,430.0,39.0,-105,-115,,,,,,,True,,,odds_api,free
2026_NFL_W04_DEN_SF_draftkings_20261001T142003Z,2026_NFL_W04_DEN_SF,2026-10-01T14:20:03.247106+00:00,2026-10-01T14:19:44Z,draftkings,-3.0,100.0,-120.0,-148.0,124.0,47.5,-110,-110,,,,,,,False,,,odds_api,free
2026_NFL_W04_DEN_SF_betus_20261001T142003Z,2026_NFL_W04_DEN_SF,2026-10-01T14:20:03.247106+00:00,2026-10-01T14:19:21Z,betus,-2.0,-120.0,100.0,-145.0,125.0,48.5,-110,-110,,,,,,,False,,,odds_api,free
2026_NFL_W04_DEN_SF_fanduel_20261001T142003Z,2026_NFL_W04_DEN_SF,2026-10-01T14:20:03.247106+00:00,2026-10-01T14:20:00Z,fanduel,-2.5,-120.0,-102.0,-148.0,126.0,47.5,-112,-108,,,,,,,False,,,odds_api,free
2026_NFL_W04_DEN_SF_betonlineag_20261001T142003Z,2026_NFL_W04_DEN_SF,2026-10-01T14:20:03.247106+00:00,2026-10-01T14:19:44Z,betonlineag,-2.5,-116.0,-104.0,-145.0,125.0,48.5,-110,-110,,,,,,,False,,,odds_api,free
2026_NFL_W04_DEN_SF_lowvig_20261001T142003Z,2026_NFL_W04_DEN_SF,2026-10-01T14:20:03.247106+00:00,2026-10-01T14:19:46Z,lowvig,-2.5,-112.0,101.0,-145.0,125.0,48.5,-107,-107,,,,,,,False,,,odds_api,free
2026_NFL_W04_DEN_SF_betrivers_20261001T142003Z,2026_NFL_W04_DEN_SF,2026-10-01T14:20:03.247106+00:00,2026-10-01T14:18:50Z,betrivers,-2.5,-117.0,-105.0,-139.0,115.0,47.5,-112,-109,,,,,,,False,,,odds_api,free
2026_NFL_W04_DEN_SF_mybookieag_20261001T142003Z,2026_NFL_W04_DEN_SF,2026-10-01T14:20:03.247106+00:00,2026-10-01T14:19:43Z,mybookieag,-3.0,100.0,-120.0,-160.0,125.0,48.0,-110,-110,,,,,,,False,,,odds_api,free
2026_NFL_W04_DEN_SF_betmgm_20261001T142003Z,2026_NFL_W04_DEN_SF,2026-10-01T14:20:03.247106+00:00,2026-10-01T14:20:02Z,betmgm,-2.5,-118.0,-102.0,-145.0,125.0,48.0,-110,-108,,,,,,,True,,,odds_api,free
2026_NFL_W04_DEN_SF_bovada_20261001T142003Z,2026_NFL_W04_DEN_SF,2026-10-01T14:20:03.247106+00:00,2026-10-01T14:19:28Z,bovada,-2.5,-120.0,100.0,-140.0,120.0,48.5,-110,-110,,,,,,,True,,,odds_api,free
2026_NFL_W04_KC_LV_draftkings_20261001T142003Z,2026_NFL_W04_KC_LV,2026-10-01T14:20:03.247106+00:00,2026-10-01T14:19:44Z,draftkings,4.5,-108.0,-112.0,180.0,-218.0,47.5,-115,-105,,,,,,,False,,,odds_api,free
2026_NFL_W04_KC_LV_betus_20261001T142003Z,2026_NFL_W04_KC_LV,2026-10-01T14:20:03.247106+00:00,2026-10-01T14:19:21Z,betus,4.5,-110.0,-110.0,180.0,-210.0,48.0,-110,-110,,,,,,,False,,,odds_api,free
2026_NFL_W04_KC_LV_fanduel_20261001T142003Z,2026_NFL_W04_KC_LV,2026-10-01T14:20:03.247106+00:00,2026-10-01T14:20:00Z,fanduel,4.5,-108.0,-112.0,188.0,-225.0,47.5,-110,-110,,,,,,,False,,,odds_api,free
2026_NFL_W04_KC_LV_lowvig_20261001T142003Z,2026_NFL_W04_KC_LV,2026-10-01T14:20:03.247106+00:00,2026-10-01T14:19:46Z,lowvig,4.0,-102.0,-108.0,180.0,-210.0,48.0,-102,-113,,,,,,,False,,,odds_api,free
2026_NFL_W04_KC_LV_betonlineag_20261001T142003Z,2026_NFL_W04_KC_LV,2026-10-01T14:20:03.247106+00:00,2026-10-01T14:19:44Z,betonlineag,4.0,-105.0,-115.0,180.0,-210.0,48.0,-105,-115,,,,,,,False,,,odds_api,free
2026_NFL_W04_KC_LV_betrivers_20261001T142003Z,2026_NFL_W04_KC_LV,2026-10-01T14:20:03.247106+00:00,2026-10-01T14:18:50Z,betrivers,4.5,-109.0,-112.0,180.0,-220.0,48.0,-109,-112,,,,,,,False,,,odds_api,free
2026_NFL_W04_KC_LV_mybookieag_20261001T142003Z,2026_NFL_W04_KC_LV,2026-10-01T14:20:03.247106+00:00,2026-10-01T14:19:43Z,mybookieag,4.5,-110.0,-110.0,172.0,-224.0,48.0,-110,-110,,,,,,,False,,,odds_api,free
2026_NFL_W04_KC_LV_betmgm_20261001T142003Z,2026_NFL_W04_KC_LV,2026-10-01T14:20:03.247106+00:00,2026-10-01T14:20:02Z,betmgm,4.5,-110.0,-108.0,180.0,-220.0,47.5,-108,-110,,,,,,,True,,,odds_api,free
2026_NFL_W04_KC_LV_bovada_20261001T142003Z,2026_NFL_W04_KC_LV,2026-10-01T14:20:03.247106+00:00,2026-10-01T14:14:44Z,bovada,4.0,-110.0,-110.0,175.0,-210.0,47.5,-110,-110,,,,,,,True,,,odds_api,free
2026_NFL_W04_LAC_SEA_draftkings_20261001T142003Z,2026_NFL_W04_LAC_SEA,2026-10-01T14:20:03.247106+00:00,2026-10-01T14:19:44Z,draftkings,-7.0,-115.0,-105.0,-380.0,300.0,42.5,-118,-102,,,,,,,False,,,odds_api,free
2026_NFL_W04_LAC_SEA_betus_20261001T142003Z,2026_NFL_W04_LAC_SEA,2026-10-01T14:20:03.247106+00:00,2026-10-01T14:19:21Z,betus,-7.0,-115.0,-105.0,-330.0,270.0,43.0,-110,-110,,,,,,,False,,,odds_api,free
2026_NFL_W04_LAC_SEA_fanduel_20261001T142003Z,2026_NFL_W04_LAC_SEA,2026-10-01T14:20:03.247106+00:00,2026-10-01T14:20:00Z,fanduel,-7.0,-115.0,-105.0,-370.0,295.0,43.5,-105,-115,,,,,,,False,,,odds_api,free
2026_NFL_W04_LAC_SEA_betonlineag_20261001T142003Z,2026_NFL_W04_LAC_SEA,2026-10-01T14:20:03.247106+00:00,2026-10-01T14:19:44Z,betonlineag,-7.0,-116.0,-104.0,-345.0,278.0,42.5,-112,-108,,,,,,,False,,,odds_api,free
2026_NFL_W04_LAC_SEA_lowvig_20261001T142003Z,2026_NFL_W04_LAC_SEA,2026-10-01T14:20:03.247106+00:00,2026-10-01T14:19:46Z,lowvig,-7.0,-112.0,101.0,-345.0,278.0,42.5,-109,-105,,,,,,,False,,,odds_api,free
2026_NFL_W04_LAC_SEA_betrivers_20261001T142003Z,2026_NFL_W04_LAC_SEA,2026-10-01T14:20:03.247106+00:00,2026-10-01T14:18:50Z,betrivers,-7.0,-112.0,-109.0,-360.0,265.0,43.0,-112,-109,,,,,,,False,,,odds_api,free
2026_NFL_W04_LAC_SEA_mybookieag_20261001T142003Z,2026_NFL_W04_LAC_SEA,2026-10-01T14:20:03.247106+00:00,2026-10-01T14:19:43Z,mybookieag,-7.5,100.0,-120.0,-370.0,270.0,43.0,-110,-110,,,,,,,False,,,odds_api,free
2026_NFL_W04_LAC_SEA_betmgm_20261001T142003Z,2026_NFL_W04_LAC_SEA,2026-10-01T14:20:03.247106+00:00,2026-10-01T14:20:02Z,betmgm,-7.0,-115.0,-105.0,-350.0,280.0,42.5,-110,-108,,,,,,,True,,,odds_api,free
2026_NFL_W04_LAC_SEA_bovada_20261001T142003Z,2026_NFL_W04_LAC_SEA,2026-10-01T14:20:03.247106+00:00,2026-10-01T14:19:28Z,bovada,-7.0,-115.0,-105.0,-340.0,270.0,42.5,-115,-105,,,,,,,True,,,odds_api,free
2026_NFL_W04_DET_CAR_draftkings_20261001T142003Z,2026_NFL_W04_DET_CAR,2026-10-01T14:20:03.247106+00:00,2026-10-01T14:19:44Z,draftkings,3.5,-108.0,-112.0,150.0,-180.0,51.5,-102,-118,,,,,,,False,,,odds_api,free
2026_NFL_W04_DET_CAR_fanduel_20261001T142003Z,2026_NFL_W04_DET_CAR,2026-10-01T14:20:03.247106+00:00,2026-10-01T14:20:00Z,fanduel,3.5,-104.0,-118.0,168.0,-200.0,50.5,-115,-105,,,,,,,False,,,odds_api,free
2026_NFL_W04_DET_CAR_betus_20261001T142003Z,2026_NFL_W04_DET_CAR,2026-10-01T14:20:03.247106+00:00,2026-10-01T14:19:21Z,betus,3.5,-110.0,-110.0,163.0,-190.0,51.0,-110,-110,,,,,,,False,,,odds_api,free
2026_NFL_W04_DET_CAR_lowvig_20261001T142003Z,2026_NFL_W04_DET_CAR,2026-10-01T14:20:03.247106+00:00,2026-10-01T14:19:46Z,lowvig,3.5,-104.0,-106.0,165.0,-190.0,50.5,-114,-101,,,,,,,False,,,odds_api,free
2026_NFL_W04_DET_CAR_betonlineag_20261001T142003Z,2026_NFL_W04_DET_CAR,2026-10-01T14:20:03.247106+00:00,2026-10-01T14:19:44Z,betonlineag,3.5,-110.0,-110.0,165.0,-190.0,50.5,-116,-104,,,,,,,False,,,odds_api,free
2026_NFL_W04_DET_CAR_betrivers_20261001T142003Z,2026_NFL_W04_DET_CAR,2026-10-01T14:20:03.247106+00:00,2026-10-01T14:18:50Z,betrivers,4.0,-114.0,-107.0,155.0,-190.0,51.0,-110,-110,,,,,,,False,,,odds_api,free
2026_NFL_W04_DET_CAR_bovada_20261001T142003Z,2026_NFL_W04_DET_CAR,2026-10-01T14:20:03.247106+00:00,2026-10-01T14:19:28Z,bovada,3.5,-105.0,-115.0,165.0,-195.0,51.5,-110,-110,,,,,,,False,,,odds_api,free
2026_NFL_W04_DET_CAR_mybookieag_20261001T142003Z,2026_NFL_W04_DET_CAR,2026-10-01T14:20:03.247106+00:00,2026-10-01T14:19:43Z,mybookieag,3.5,-110.0,-110.0,156.0,-202.0,51.0,-110,-110,,,,,,,False,,,odds_api,free
2026_NFL_W04_DET_CAR_betmgm_20261001T142003Z,2026_NFL_W04_DET_CAR,2026-10-01T14:20:03.247106+00:00,2026-10-01T14:20:02Z,betmgm,3.5,-105.0,-112.0,165.0,-200.0,51.0,-110,-108,,,,,,,True,,,odds_api,free
2026_NFL_W04_ATL_NO_draftkings_20261001T142003Z,2026_NFL_W04_ATL_NO,2026-10-01T14:20:03.247106+00:00,2026-10-01T14:19:44Z,draftkings,-2.5,-118.0,-102.0,-148.0,124.0,47.5,-112,-108,,,,,,,False,,,odds_api,free
2026_NFL_W04_ATL_NO_betus_20261001T142003Z,2026_NFL_W04_ATL_NO,2026-10-01T14:20:03.247106+00:00,2026-10-01T14:19:21Z,betus,-2.0,-120.0,100.0,-140.0,120.0,47.5,-110,-110,,,,,,,False,,,odds_api,free
2026_NFL_W04_ATL_NO_fanduel_20261001T142003Z,2026_NFL_W04_ATL_NO,2026-10-01T14:20:03.247106+00:00,2026-10-01T14:20:00Z,fanduel,-2.5,-118.0,-104.0,-144.0,122.0,47.5,-110,-110,,,,,,,False,,,odds_api,free
2026_NFL_W04_ATL_NO_betonlineag_20261001T142003Z,2026_NFL_W04_ATL_NO,2026-10-01T14:20:03.247106+00:00,2026-10-01T14:19:44Z,betonlineag,-2.5,-116.0,-104.0,-142.0,122.0,48.0,-105,-115,,,,,,,False,,,odds_api,free
2026_NFL_W04_ATL_NO_lowvig_20261001T142003Z,2026_NFL_W04_ATL_NO,2026-10-01T14:20:03.247106+00:00,2026-10-01T14:19:46Z,lowvig,-2.5,-110.0,100.0,-142.0,122.0,48.0,-102,-113,,,,,,,False,,,odds_api,free
2026_NFL_W04_ATL_NO_betrivers_20261001T142003Z,2026_NFL_W04_ATL_NO,2026-10-01T14:20:03.247106+00:00,2026-10-01T14:18:50Z,betrivers,-2.5,-117.0,-105.0,-152.0,125.0,48.0,-113,-108,,,,,,,False,,,odds_api,free
2026_NFL_W04_ATL_NO_mybookieag_20261001T142003Z,2026_NFL_W04_ATL_NO,2026-10-01T14:20:03.247106+00:00,2026-10-01T14:19:43Z,mybookieag,-2.5,-115.0,-105.0,-149.0,117.0,47.5,-110,-110,,,,,,,False,,,odds_api,free
2026_NFL_W04_ATL_NO_betmgm_20261001T142003Z,2026_NFL_W04_ATL_NO,2026-10-01T14:20:03.247106+00:00,2026-10-01T14:20:02Z,betmgm,-2.5,-112.0,-105.0,-145.0,120.0,47.5,-108,-110,,,,,,,True,,,odds_api,free
2026_NFL_W04_ATL_NO_bovada_20261001T142003Z,2026_NFL_W04_ATL_NO,2026-10-01T14:20:03.247106+00:00,2026-10-01T14:19:28Z,bovada,-2.5,-115.0,-105.0,-145.0,125.0,47.5,-115,-105,,,,,,,True,,,odds_api,free
2026_NFL_W04_PIT_CLE_draftkings_20261001T142538Z,2026_NFL_W04_PIT_CLE,2026-10-01T14:25:38.729443+00:00,,draftkings,2.5,,,124.0,-148.0,38.5,,,0.43,0.3,0.35,0.3,0.43,0.14,False,,,vsin_dk,free
2026_NFL_W04_PIT_CLE_draftkings_20261001T142953Z,2026_NFL_W04_PIT_CLE,2026-10-01T14:29:53.068023+00:00,,draftkings,2.5,,,124.0,-148.0,38.5,,,0.43,0.3,0.35,0.3,0.43,0.14,False,,,vsin_dk,free
2026_NFL_W04_PIT_CLE_draftkings_20261001T144612Z,2026_NFL_W04_PIT_CLE,2026-10-01T14:46:12.531748+00:00,,draftkings,2.5,,,124.0,-148.0,38.5,,,0.43,0.29,0.35,0.31,0.43,0.13,False,,,vsin_dk,free
2026_NFL_W04_PIT_CLE_draftkings_20261001T144843Z,2026_NFL_W04_PIT_CLE,2026-10-01T14:48:43.654001+00:00,,draftkings,2.5,,,124.0,-148.0,38.5,,,0.43,0.29,0.35,0.31,0.43,0.13,False,,,vsin_dk,free
