snapshot_id,game_id,retrieved_at,provider_updated_at,book,spread_home,spread_home_price,spread_away_price,ml_home,ml_away,total,over_price,under_price,spread_ticket_pct_home,spread_money_pct_home,ml_ticket_pct_home,ml_money_pct_home,total_ticket_pct_over,total_money_pct_over,is_first_snapshot,provider_open_spread_home,provider_open_total,source,plan
2026_NFL_W06_SEA_DEN_draftkings_20260905T142525Z,2026_NFL_W06_SEA_DEN,2026-09-05T14:25:25.083854+00:00,2026-09-05T14:24:38Z,draftkings,2.5,-115,-105,110.0,-130.0,43.5,-110,-110,,,,,,,True,,,odds_api,free
2026_NFL_W06_SEA_DEN_betus_20260905T142525Z,2026_NFL_W06_SEA_DEN,2026-09-05T14:25:25.083854+00:00,2026-09-05T14:25:17Z,betus,2.5,-115,-105,,,43.5,-110,-110,,,,,,,True,,,odds_api,free
2026_NFL_W06_HOU_JAX_draftkings_20260905T142525Z,2026_NFL_W06_HOU_JAX,2026-09-05T14:25:25.083854+00:00,2026-09-05T14:24:38Z,draftkings,-1.5,102,-122,-112.0,-108.0,42.5,-110,-110,,,,,,,True,,,odds_api,free
2026_NFL_W06_HOU_JAX_fanduel_20260905T142525Z,2026_NFL_W06_HOU_JAX,2026-09-05T14:25:25.083854+00:00,2026-09-05T14:25:12Z,fanduel,1.5,-118,-104,-104.0,-112.0,40.5,-115,-105,,,,,,,True,,,odds_api,free
2026_NFL_W06_HOU_JAX_betus_20260905T142525Z,2026_NFL_W06_HOU_JAX,2026-09-05T14:25:25.083854+00:00,2026-09-05T14:25:17Z,betus,1.5,-120,100,,,41.5,-110,-110,,,,,,,True,,,odds_api,free
2026_NFL_W06_CHI_ATL_draftkings_20260905T142525Z,2026_NFL_W06_CHI_ATL,2026-09-05T14:25:25.083854+00:00,2026-09-05T14:24:38Z,draftkings,3.0,-110,-110,130.0,-155.0,47.5,-110,-110,,,,,,,True,,,odds_api,free
2026_NFL_W06_BAL_CLE_draftkings_20260905T142525Z,2026_NFL_W06_BAL_CLE,2026-09-05T14:25:25.083854+00:00,2026-09-05T14:24:38Z,draftkings,6.5,-110,-110,205.0,-250.0,44.5,-110,-110,,,,,,,True,,,odds_api,free
2026_NFL_W06_CAR_PHI_draftkings_20260905T142525Z,2026_NFL_W06_CAR_PHI,2026-09-05T14:25:25.083854+00:00,2026-09-05T14:24:38Z,draftkings,-6.5,-110,-110,-278.0,225.0,43.5,-110,-110,,,,,,,True,,,odds_api,free
2026_NFL_W06_CAR_PHI_betus_20260905T142525Z,2026_NFL_W06_CAR_PHI,2026-09-05T14:25:25.083854+00:00,2026-09-05T14:25:17Z,betus,-6.5,-110,-110,,,43.5,-110,-110,,,,,,,True,,,odds_api,free
2026_NFL_W06_TEN_IND_draftkings_20260905T142525Z,2026_NFL_W06_TEN_IND,2026-09-05T14:25:25.083854+00:00,2026-09-05T14:24:38Z,draftkings,-3.5,-110,-110,-192.0,160.0,47.5,-110,-110,,,,,,,True,,,odds_api,free
2026_NFL_W06_TEN_IND_betus_20260905T142525Z,2026_NFL_W06_TEN_IND,2026-09-05T14:25:25.083854+00:00,2026-09-05T14:25:17Z,betus,-3.5,-110,-110,,,48.5,-110,-110,,,,,,,True,,,odds_api,free
2026_NFL_W06_NYJ_NE_draftkings_20260905T142525Z,2026_NFL_W06_NYJ_NE,2026-09-05T14:25:25.083854+00:00,2026-09-05T14:24:38Z,draftkings,-9.5,-110,-110,-440.0,340.0,42.5,-110,-110,,,,,,,True,,,odds_api,free
2026_NFL_W06_NO_NYG_draftkings_20260905T142525Z,2026_NFL_W06_NO_NYG,2026-09-05T14:25:25.083854+00:00,2026-09-05T14:24:38Z,draftkings,-2.5,-110,-110,-135.0,114.0,44.5,-110,-110,,,,,,,True,,,odds_api,free
2026_NFL_W06_NO_NYG_betus_20260905T142525Z,2026_NFL_W06_NO_NYG,2026-09-05T14:25:25.083854+00:00,2026-09-05T14:25:17Z,betus,-2.5,-115,-105,,,45.5,-110,-110,,,,,,,True,,,odds_api,free
2026_NFL_W06_PIT_TB_draftkings_20260905T142525Z,2026_NFL_W06_PIT_TB,2026-09-05T14:25:25.083854+00:00,2026-09-05T14:24:38Z,draftkings,-1.5,-110,-110,-125.0,105.0,45.5,-110,-110,,,,,,,True,,,odds_api,free
2026_NFL_W06_PIT_TB_betus_20260905T142525Z,2026_NFL_W06_PIT_TB,2026-09-05T14:25:25.083854+00:00,2026-09-05T14:25:17Z,betus,-1.5,-110,-110,,,45.5,-110,-110,,,,,,,True,,,odds_api,free
2026_NFL_W06_ARI_LAR_draftkings_20260905T142525Z,2026_NFL_W06_ARI_LAR,2026-09-05T14:25:25.083854+00:00,2026-09-05T14:24:38Z,draftkings,-13.5,-112,-108,-800.0,550.0,47.5,-110,-110,,,,,,,True,,,odds_api,free
2026_NFL_W06_BUF_LV_draftkings_20260905T142525Z,2026_NFL_W06_BUF_LV,2026-09-05T14:25:25.083854+00:00,2026-09-05T14:24:38Z,draftkings,6.5,-110,-110,215.0,-265.0,47.5,-110,-110,,,,,,,True,,,odds_api,free
2026_NFL_W06_LAC_KC_draftkings_20260905T142525Z,2026_NFL_W06_LAC_KC,2026-09-05T14:25:25.083854+00:00,2026-09-05T14:24:38Z,draftkings,-2.5,-110,-110,-142.0,120.0,46.5,-110,-110,,,,,,,True,,,odds_api,free
2026_NFL_W06_LAC_KC_betus_20260905T142525Z,2026_NFL_W06_LAC_KC,2026-09-05T14:25:25.083854+00:00,2026-09-05T14:25:17Z,betus,-2.5,-110,-110,,,46.5,-110,-110,,,,,,,True,,,odds_api,free
2026_NFL_W06_DAL_GB_draftkings_20260905T142525Z,2026_NFL_W06_DAL_GB,2026-09-05T14:25:25.083854+00:00,2026-09-05T14:24:38Z,draftkings,-3.0,-110,-110,-166.0,140.0,51.5,-110,-110,,,,,,,True,,,odds_api,free
2026_NFL_W06_DAL_GB_betus_20260905T142525Z,2026_NFL_W06_DAL_GB,2026-09-05T14:25:25.083854+00:00,2026-09-05T14:25:17Z,betus,-3.0,-110,-110,,,51.5,-110,-110,,,,,,,True,,,odds_api,free
2026_NFL_W06_WAS_SF_draftkings_20260905T142525Z,2026_NFL_W06_WAS_SF,2026-09-05T14:25:25.083854+00:00,2026-09-05T14:24:38Z,draftkings,-5.5,-110,-110,-250.0,205.0,50.5,-110,-110,,,,,,,True,,,odds_api,free
2026_NFL_W06_WAS_SF_betus_20260905T142525Z,2026_NFL_W06_WAS_SF,2026-09-05T14:25:25.083854+00:00,2026-09-05T14:25:17Z,betus,-5.5,-110,-110,,,50.5,-110,-110,,,,,,,True,,,odds_api,free
2026_NFL_W06_SEA_DEN_draftkings_20260905T150417Z,2026_NFL_W06_SEA_DEN,2026-09-05T15:04:17.564288+00:00,2026-09-05T15:02:04Z,draftkings,2.5,-115,-105,110.0,-130.0,43.5,-110,-110,,,,,,,True,,,odds_api,free
2026_NFL_W06_SEA_DEN_betus_20260905T150417Z,2026_NFL_W06_SEA_DEN,2026-09-05T15:04:17.564288+00:00,2026-09-05T15:03:34Z,betus,2.5,-115,-105,,,43.5,-110,-110,,,,,,,True,,,odds_api,free
2026_NFL_W06_HOU_JAX_draftkings_20260905T150417Z,2026_NFL_W06_HOU_JAX,2026-09-05T15:04:17.564288+00:00,2026-09-05T15:02:04Z,draftkings,-1.5,102,-122,-112.0,-108.0,42.5,-110,-110,,,,,,,True,,,odds_api,free
2026_NFL_W06_HOU_JAX_fanduel_20260905T150417Z,2026_NFL_W06_HOU_JAX,2026-09-05T15:04:17.564288+00:00,2026-09-05T15:04:02Z,fanduel,1.5,-118,-104,-104.0,-112.0,40.5,-115,-105,,,,,,,True,,,odds_api,free
2026_NFL_W06_HOU_JAX_betus_20260905T150417Z,2026_NFL_W06_HOU_JAX,2026-09-05T15:04:17.564288+00:00,2026-09-05T15:03:34Z,betus,1.5,-120,100,,,41.5,-110,-110,,,,,,,True,,,odds_api,free
2026_NFL_W06_CHI_ATL_draftkings_20260905T150417Z,2026_NFL_W06_CHI_ATL,2026-09-05T15:04:17.564288+00:00,2026-09-05T15:02:04Z,draftkings,3.0,-110,-110,130.0,-155.0,47.5,-110,-110,,,,,,,True,,,odds_api,free
2026_NFL_W06_BAL_CLE_draftkings_20260905T150417Z,2026_NFL_W06_BAL_CLE,2026-09-05T15:04:17.564288+00:00,2026-09-05T15:02:04Z,draftkings,6.5,-110,-110,205.0,-250.0,44.5,-110,-110,,,,,,,True,,,odds_api,free
2026_NFL_W06_CAR_PHI_draftkings_20260905T150417Z,2026_NFL_W06_CAR_PHI,2026-09-05T15:04:17.564288+00:00,2026-09-05T15:02:04Z,draftkings,-6.5,-110,-110,-278.0,225.0,43.5,-110,-110,,,,,,,True,,,odds_api,free
2026_NFL_W06_CAR_PHI_betus_20260905T150417Z,2026_NFL_W06_CAR_PHI,2026-09-05T15:04:17.564288+00:00,2026-09-05T15:03:34Z,betus,-6.5,-110,-110,,,43.5,-110,-110,,,,,,,True,,,odds_api,free
2026_NFL_W06_TEN_IND_draftkings_20260905T150417Z,2026_NFL_W06_TEN_IND,2026-09-05T15:04:17.564288+00:00,2026-09-05T15:02:04Z,draftkings,-3.5,-110,-110,-192.0,160.0,47.5,-110,-110,,,,,,,True,,,odds_api,free
2026_NFL_W06_TEN_IND_betus_20260905T150417Z,2026_NFL_W06_TEN_IND,2026-09-05T15:04:17.564288+00:00,2026-09-05T15:03:34Z,betus,-3.5,-110,-110,,,48.5,-110,-110,,,,,,,True,,,odds_api,free
2026_NFL_W06_NYJ_NE_draftkings_20260905T150417Z,2026_NFL_W06_NYJ_NE,2026-09-05T15:04:17.564288+00:00,2026-09-05T15:02:04Z,draftkings,-9.5,-110,-110,-440.0,340.0,42.5,-110,-110,,,,,,,True,,,odds_api,free
2026_NFL_W06_NO_NYG_draftkings_20260905T150417Z,2026_NFL_W06_NO_NYG,2026-09-05T15:04:17.564288+00:00,2026-09-05T15:02:04Z,draftkings,-2.5,-110,-110,-135.0,114.0,44.5,-110,-110,,,,,,,True,,,odds_api,free
2026_NFL_W06_NO_NYG_betus_20260905T150417Z,2026_NFL_W06_NO_NYG,2026-09-05T15:04:17.564288+00:00,2026-09-05T15:03:34Z,betus,-2.5,-115,-105,,,45.5,-110,-110,,,,,,,True,,,odds_api,free
2026_NFL_W06_PIT_TB_draftkings_20260905T150417Z,2026_NFL_W06_PIT_TB,2026-09-05T15:04:17.564288+00:00,2026-09-05T15:02:04Z,draftkings,-1.5,-110,-110,-125.0,105.0,45.5,-110,-110,,,,,,,True,,,odds_api,free
2026_NFL_W06_PIT_TB_betus_20260905T150417Z,2026_NFL_W06_PIT_TB,2026-09-05T15:04:17.564288+00:00,2026-09-05T15:03:34Z,betus,-1.5,-110,-110,,,45.5,-110,-110,,,,,,,True,,,odds_api,free
2026_NFL_W06_ARI_LAR_draftkings_20260905T150417Z,2026_NFL_W06_ARI_LAR,2026-09-05T15:04:17.564288+00:00,2026-09-05T15:02:04Z,draftkings,-13.5,-112,-108,-800.0,550.0,47.5,-110,-110,,,,,,,True,,,odds_api,free
2026_NFL_W06_BUF_LV_draftkings_20260905T150417Z,2026_NFL_W06_BUF_LV,2026-09-05T15:04:17.564288+00:00,2026-09-05T15:02:04Z,draftkings,6.5,-110,-110,215.0,-265.0,47.5,-110,-110,,,,,,,True,,,odds_api,free
2026_NFL_W06_LAC_KC_draftkings_20260905T150417Z,2026_NFL_W06_LAC_KC,2026-09-05T15:04:17.564288+00:00,2026-09-05T15:02:04Z,draftkings,-2.5,-110,-110,-142.0,120.0,46.5,-110,-110,,,,,,,True,,,odds_api,free
2026_NFL_W06_LAC_KC_betus_20260905T150417Z,2026_NFL_W06_LAC_KC,2026-09-05T15:04:17.564288+00:00,2026-09-05T15:03:34Z,betus,-2.5,-110,-110,,,46.5,-110,-110,,,,,,,True,,,odds_api,free
2026_NFL_W06_DAL_GB_draftkings_20260905T150417Z,2026_NFL_W06_DAL_GB,2026-09-05T15:04:17.564288+00:00,2026-09-05T15:02:04Z,draftkings,-3.0,-110,-110,-166.0,140.0,51.5,-110,-110,,,,,,,True,,,odds_api,free
2026_NFL_W06_DAL_GB_betus_20260905T150417Z,2026_NFL_W06_DAL_GB,2026-09-05T15:04:17.564288+00:00,2026-09-05T15:03:34Z,betus,-3.0,-110,-110,,,51.5,-110,-110,,,,,,,True,,,odds_api,free
2026_NFL_W06_WAS_SF_draftkings_20260905T150417Z,2026_NFL_W06_WAS_SF,2026-09-05T15:04:17.564288+00:00,2026-09-05T15:02:04Z,draftkings,-5.5,-110,-110,-250.0,205.0,50.5,-110,-110,,,,,,,True,,,odds_api,free
2026_NFL_W06_WAS_SF_betus_20260905T150417Z,2026_NFL_W06_WAS_SF,2026-09-05T15:04:17.564288+00:00,2026-09-05T15:03:34Z,betus,-5.5,-110,-110,,,50.5,-110,-110,,,,,,,True,,,odds_api,free
2026_NFL_W06_SEA_DEN_draftkings_20260906T131237Z,2026_NFL_W06_SEA_DEN,2026-09-06T13:12:37.997844+00:00,2026-09-06T13:10:40Z,draftkings,2.5,-115,-105,110.0,-130.0,43.5,-110,-110,,,,,,,True,,,odds_api,free
2026_NFL_W06_SEA_DEN_betus_20260906T131237Z,2026_NFL_W06_SEA_DEN,2026-09-06T13:12:37.997844+00:00,2026-09-06T13:11:33Z,betus,2.5,-115,-105,,,43.5,-110,-110,,,,,,,True,,,odds_api,free
2026_NFL_W06_HOU_JAX_draftkings_20260906T131237Z,2026_NFL_W06_HOU_JAX,2026-09-06T13:12:37.997844+00:00,2026-09-06T13:10:40Z,draftkings,-1.5,102,-122,-112.0,-108.0,42.5,-110,-110,,,,,,,True,,,odds_api,free
2026_NFL_W06_HOU_JAX_fanduel_20260906T131237Z,2026_NFL_W06_HOU_JAX,2026-09-06T13:12:37.997844+00:00,2026-09-06T13:12:28Z,fanduel,1.5,-118,-104,-104.0,-112.0,40.5,-115,-105,,,,,,,True,,,odds_api,free
2026_NFL_W06_HOU_JAX_betus_20260906T131237Z,2026_NFL_W06_HOU_JAX,2026-09-06T13:12:37.997844+00:00,2026-09-06T13:11:33Z,betus,1.5,-120,100,,,41.5,-110,-110,,,,,,,True,,,odds_api,free
2026_NFL_W06_CHI_ATL_draftkings_20260906T131237Z,2026_NFL_W06_CHI_ATL,2026-09-06T13:12:37.997844+00:00,2026-09-06T13:10:40Z,draftkings,3.0,-110,-110,130.0,-155.0,47.5,-110,-110,,,,,,,True,,,odds_api,free
2026_NFL_W06_BAL_CLE_draftkings_20260906T131237Z,2026_NFL_W06_BAL_CLE,2026-09-06T13:12:37.997844+00:00,2026-09-06T13:10:40Z,draftkings,6.5,-110,-110,205.0,-250.0,44.5,-110,-110,,,,,,,True,,,odds_api,free
2026_NFL_W06_CAR_PHI_draftkings_20260906T131237Z,2026_NFL_W06_CAR_PHI,2026-09-06T13:12:37.997844+00:00,2026-09-06T13:10:40Z,draftkings,-6.5,-110,-110,-278.0,225.0,43.5,-110,-110,,,,,,,True,,,odds_api,free
2026_NFL_W06_CAR_PHI_betus_20260906T131237Z,2026_NFL_W06_CAR_PHI,2026-09-06T13:12:37.997844+00:00,2026-09-06T13:11:33Z,betus,-6.5,-110,-110,,,43.5,-110,-110,,,,,,,True,,,odds_api,free
2026_NFL_W06_TEN_IND_draftkings_20260906T131237Z,2026_NFL_W06_TEN_IND,2026-09-06T13:12:37.997844+00:00,2026-09-06T13:10:40Z,draftkings,-3.5,-110,-110,-192.0,160.0,47.5,-110,-110,,,,,,,True,,,odds_api,free
2026_NFL_W06_TEN_IND_betus_20260906T131237Z,2026_NFL_W06_TEN_IND,2026-09-06T13:12:37.997844+00:00,2026-09-06T13:11:33Z,betus,-3.5,-110,-110,,,48.5,-110,-110,,,,,,,True,,,odds_api,free
2026_NFL_W06_NYJ_NE_draftkings_20260906T131237Z,2026_NFL_W06_NYJ_NE,2026-09-06T13:12:37.997844+00:00,2026-09-06T13:10:40Z,draftkings,-9.5,-110,-110,-440.0,340.0,42.5,-110,-110,,,,,,,True,,,odds_api,free
2026_NFL_W06_NO_NYG_draftkings_20260906T131237Z,2026_NFL_W06_NO_NYG,2026-09-06T13:12:37.997844+00:00,2026-09-06T13:10:40Z,draftkings,-2.5,-110,-110,-142.0,120.0,44.5,-110,-110,,,,,,,True,,,odds_api,free
2026_NFL_W06_NO_NYG_betus_20260906T131237Z,2026_NFL_W06_NO_NYG,2026-09-06T13:12:37.997844+00:00,2026-09-06T13:11:33Z,betus,-2.5,-115,-105,,,45.5,-110,-110,,,,,,,True,,,odds_api,free
2026_NFL_W06_PIT_TB_draftkings_20260906T131237Z,2026_NFL_W06_PIT_TB,2026-09-06T13:12:37.997844+00:00,2026-09-06T13:10:40Z,draftkings,-1.5,-110,-110,-125.0,105.0,45.5,-110,-110,,,,,,,True,,,odds_api,free
2026_NFL_W06_PIT_TB_betus_20260906T131237Z,2026_NFL_W06_PIT_TB,2026-09-06T13:12:37.997844+00:00,2026-09-06T13:11:33Z,betus,-1.5,-110,-110,,,45.5,-110,-110,,,,,,,True,,,odds_api,free
2026_NFL_W06_ARI_LAR_draftkings_20260906T131237Z,2026_NFL_W06_ARI_LAR,2026-09-06T13:12:37.997844+00:00,2026-09-06T13:10:40Z,draftkings,-13.5,-112,-108,-800.0,550.0,47.5,-110,-110,,,,,,,True,,,odds_api,free
2026_NFL_W06_BUF_LV_draftkings_20260906T131237Z,2026_NFL_W06_BUF_LV,2026-09-06T13:12:37.997844+00:00,2026-09-06T13:10:40Z,draftkings,6.5,-110,-110,215.0,-265.0,47.5,-110,-110,,,,,,,True,,,odds_api,free
2026_NFL_W06_LAC_KC_draftkings_20260906T131237Z,2026_NFL_W06_LAC_KC,2026-09-06T13:12:37.997844+00:00,2026-09-06T13:10:40Z,draftkings,-2.5,-110,-110,-142.0,120.0,46.5,-110,-110,,,,,,,True,,,odds_api,free
2026_NFL_W06_LAC_KC_betus_20260906T131237Z,2026_NFL_W06_LAC_KC,2026-09-06T13:12:37.997844+00:00,2026-09-06T13:11:33Z,betus,-2.5,-110,-110,,,46.5,-110,-110,,,,,,,True,,,odds_api,free
2026_NFL_W06_DAL_GB_draftkings_20260906T131237Z,2026_NFL_W06_DAL_GB,2026-09-06T13:12:37.997844+00:00,2026-09-06T13:10:40Z,draftkings,-3.0,-110,-110,-166.0,140.0,51.5,-110,-110,,,,,,,True,,,odds_api,free
2026_NFL_W06_DAL_GB_betus_20260906T131237Z,2026_NFL_W06_DAL_GB,2026-09-06T13:12:37.997844+00:00,2026-09-06T13:11:33Z,betus,-3.0,-110,-110,,,51.5,-110,-110,,,,,,,True,,,odds_api,free
2026_NFL_W06_WAS_SF_draftkings_20260906T131237Z,2026_NFL_W06_WAS_SF,2026-09-06T13:12:37.997844+00:00,2026-09-06T13:10:40Z,draftkings,-5.5,-110,-110,-250.0,205.0,50.5,-110,-110,,,,,,,True,,,odds_api,free
2026_NFL_W06_WAS_SF_betus_20260906T131237Z,2026_NFL_W06_WAS_SF,2026-09-06T13:12:37.997844+00:00,2026-09-06T13:11:33Z,betus,-5.5,-110,-110,,,50.5,-110,-110,,,,,,,True,,,odds_api,free
2026_NFL_W06_SEA_DEN_draftkings_20260906T151245Z,2026_NFL_W06_SEA_DEN,2026-09-06T15:12:45.089623+00:00,2026-09-06T15:10:34Z,draftkings,2.5,-115,-105,110.0,-130.0,43.5,-110,-110,,,,,,,True,,,odds_api,free
2026_NFL_W06_SEA_DEN_betus_20260906T151245Z,2026_NFL_W06_SEA_DEN,2026-09-06T15:12:45.089623+00:00,2026-09-06T15:11:39Z,betus,2.5,-115,-105,,,43.5,-110,-110,,,,,,,True,,,odds_api,free
2026_NFL_W06_HOU_JAX_draftkings_20260906T151245Z,2026_NFL_W06_HOU_JAX,2026-09-06T15:12:45.089623+00:00,2026-09-06T15:10:34Z,draftkings,-1.5,102,-122,-112.0,-108.0,42.5,-110,-110,,,,,,,True,,,odds_api,free
2026_NFL_W06_HOU_JAX_fanduel_20260906T151245Z,2026_NFL_W06_HOU_JAX,2026-09-06T15:12:45.089623+00:00,2026-09-06T15:12:25Z,fanduel,1.5,-118,-104,-104.0,-112.0,40.5,-115,-105,,,,,,,True,,,odds_api,free
2026_NFL_W06_HOU_JAX_betus_20260906T151245Z,2026_NFL_W06_HOU_JAX,2026-09-06T15:12:45.089623+00:00,2026-09-06T15:11:39Z,betus,1.5,-120,100,,,41.5,-110,-110,,,,,,,True,,,odds_api,free
2026_NFL_W06_CHI_ATL_draftkings_20260906T151245Z,2026_NFL_W06_CHI_ATL,2026-09-06T15:12:45.089623+00:00,2026-09-06T15:10:34Z,draftkings,3.0,-110,-110,130.0,-155.0,47.5,-110,-110,,,,,,,True,,,odds_api,free
2026_NFL_W06_BAL_CLE_draftkings_20260906T151245Z,2026_NFL_W06_BAL_CLE,2026-09-06T15:12:45.089623+00:00,2026-09-06T15:10:34Z,draftkings,6.5,-110,-110,205.0,-250.0,44.5,-110,-110,,,,,,,True,,,odds_api,free
2026_NFL_W06_CAR_PHI_draftkings_20260906T151245Z,2026_NFL_W06_CAR_PHI,2026-09-06T15:12:45.089623+00:00,2026-09-06T15:10:34Z,draftkings,-6.5,-110,-110,-278.0,225.0,43.5,-110,-110,,,,,,,True,,,odds_api,free
2026_NFL_W06_CAR_PHI_betus_20260906T151245Z,2026_NFL_W06_CAR_PHI,2026-09-06T15:12:45.089623+00:00,2026-09-06T15:11:39Z,betus,-6.5,-110,-110,,,43.5,-110,-110,,,,,,,True,,,odds_api,free
2026_NFL_W06_TEN_IND_draftkings_20260906T151245Z,2026_NFL_W06_TEN_IND,2026-09-06T15:12:45.089623+00:00,2026-09-06T15:10:34Z,draftkings,-3.5,-110,-110,-192.0,160.0,47.5,-110,-110,,,,,,,True,,,odds_api,free
2026_NFL_W06_TEN_IND_betus_20260906T151245Z,2026_NFL_W06_TEN_IND,2026-09-06T15:12:45.089623+00:00,2026-09-06T15:11:39Z,betus,-3.5,-110,-110,,,48.5,-110,-110,,,,,,,True,,,odds_api,free
2026_NFL_W06_NYJ_NE_draftkings_20260906T151245Z,2026_NFL_W06_NYJ_NE,2026-09-06T15:12:45.089623+00:00,2026-09-06T15:10:34Z,draftkings,-9.5,-110,-110,-440.0,340.0,42.5,-110,-110,,,,,,,True,,,odds_api,free
2026_NFL_W06_NO_NYG_draftkings_20260906T151245Z,2026_NFL_W06_NO_NYG,2026-09-06T15:12:45.089623+00:00,2026-09-06T15:10:34Z,draftkings,-2.5,-110,-110,-142.0,120.0,44.5,-110,-110,,,,,,,True,,,odds_api,free
2026_NFL_W06_NO_NYG_betus_20260906T151245Z,2026_NFL_W06_NO_NYG,2026-09-06T15:12:45.089623+00:00,2026-09-06T15:11:39Z,betus,-2.5,-115,-105,,,45.5,-110,-110,,,,,,,True,,,odds_api,free
2026_NFL_W06_PIT_TB_draftkings_20260906T151245Z,2026_NFL_W06_PIT_TB,2026-09-06T15:12:45.089623+00:00,2026-09-06T15:10:34Z,draftkings,-1.5,-110,-110,-125.0,105.0,45.5,-110,-110,,,,,,,True,,,odds_api,free
2026_NFL_W06_PIT_TB_betus_20260906T151245Z,2026_NFL_W06_PIT_TB,2026-09-06T15:12:45.089623+00:00,2026-09-06T15:11:39Z,betus,-1.5,-110,-110,,,45.5,-110,-110,,,,,,,True,,,odds_api,free
2026_NFL_W06_ARI_LAR_draftkings_20260906T151245Z,2026_NFL_W06_ARI_LAR,2026-09-06T15:12:45.089623+00:00,2026-09-06T15:10:34Z,draftkings,-13.5,-112,-108,-800.0,550.0,47.5,-110,-110,,,,,,,True,,,odds_api,free
2026_NFL_W06_BUF_LV_draftkings_20260906T151245Z,2026_NFL_W06_BUF_LV,2026-09-06T15:12:45.089623+00:00,2026-09-06T15:10:34Z,draftkings,6.5,-110,-110,215.0,-265.0,47.5,-110,-110,,,,,,,True,,,odds_api,free
2026_NFL_W06_LAC_KC_draftkings_20260906T151245Z,2026_NFL_W06_LAC_KC,2026-09-06T15:12:45.089623+00:00,2026-09-06T15:10:34Z,draftkings,-2.5,-110,-110,-142.0,120.0,46.5,-110,-110,,,,,,,True,,,odds_api,free
2026_NFL_W06_LAC_KC_betus_20260906T151245Z,2026_NFL_W06_LAC_KC,2026-09-06T15:12:45.089623+00:00,2026-09-06T15:11:39Z,betus,-2.5,-110,-110,,,46.5,-110,-110,,,,,,,True,,,odds_api,free
2026_NFL_W06_DAL_GB_draftkings_20260906T151245Z,2026_NFL_W06_DAL_GB,2026-09-06T15:12:45.089623+00:00,2026-09-06T15:10:34Z,draftkings,-3.0,-110,-110,-166.0,140.0,51.5,-110,-110,,,,,,,True,,,odds_api,free
2026_NFL_W06_DAL_GB_betus_20260906T151245Z,2026_NFL_W06_DAL_GB,2026-09-06T15:12:45.089623+00:00,2026-09-06T15:11:39Z,betus,-3.0,-110,-110,,,51.5,-110,-110,,,,,,,True,,,odds_api,free
2026_NFL_W06_WAS_SF_draftkings_20260906T151245Z,2026_NFL_W06_WAS_SF,2026-09-06T15:12:45.089623+00:00,2026-09-06T15:10:34Z,draftkings,-5.5,-110,-110,-250.0,205.0,50.5,-110,-110,,,,,,,True,,,odds_api,free
2026_NFL_W06_WAS_SF_betus_20260906T151245Z,2026_NFL_W06_WAS_SF,2026-09-06T15:12:45.089623+00:00,2026-09-06T15:11:39Z,betus,-5.5,-110,-110,,,50.5,-110,-110,,,,,,,True,,,odds_api,free
2026_NFL_W06_SEA_DEN_draftkings_20260906T161247Z,2026_NFL_W06_SEA_DEN,2026-09-06T16:12:47.501655+00:00,2026-09-06T16:11:54Z,draftkings,2.5,-115,-105,110.0,-130.0,43.5,-110,-110,,,,,,,True,,,odds_api,free
2026_NFL_W06_SEA_DEN_betus_20260906T161247Z,2026_NFL_W06_SEA_DEN,2026-09-06T16:12:47.501655+00:00,2026-09-06T16:11:54Z,betus,2.5,-115,-105,,,43.5,-110,-110,,,,,,,True,,,odds_api,free
2026_NFL_W06_HOU_JAX_draftkings_20260906T161247Z,2026_NFL_W06_HOU_JAX,2026-09-06T16:12:47.501655+00:00,2026-09-06T16:11:54Z,draftkings,-1.5,102,-122,-112.0,-108.0,42.5,-110,-110,,,,,,,True,,,odds_api,free
2026_NFL_W06_HOU_JAX_fanduel_20260906T161247Z,2026_NFL_W06_HOU_JAX,2026-09-06T16:12:47.501655+00:00,2026-09-06T16:12:16Z,fanduel,1.5,-118,-104,-104.0,-112.0,40.5,-115,-105,,,,,,,True,,,odds_api,free
2026_NFL_W06_HOU_JAX_betus_20260906T161247Z,2026_NFL_W06_HOU_JAX,2026-09-06T16:12:47.501655+00:00,2026-09-06T16:11:54Z,betus,1.5,-120,100,,,41.5,-110,-110,,,,,,,True,,,odds_api,free
2026_NFL_W06_CHI_ATL_draftkings_20260906T161247Z,2026_NFL_W06_CHI_ATL,2026-09-06T16:12:47.501655+00:00,2026-09-06T16:11:54Z,draftkings,3.0,-110,-110,130.0,-155.0,47.5,-110,-110,,,,,,,True,,,odds_api,free
2026_NFL_W06_BAL_CLE_draftkings_20260906T161247Z,2026_NFL_W06_BAL_CLE,2026-09-06T16:12:47.501655+00:00,2026-09-06T16:11:54Z,draftkings,6.5,-110,-110,205.0,-250.0,44.5,-110,-110,,,,,,,True,,,odds_api,free
2026_NFL_W06_CAR_PHI_draftkings_20260906T161247Z,2026_NFL_W06_CAR_PHI,2026-09-06T16:12:47.501655+00:00,2026-09-06T16:11:54Z,draftkings,-6.5,-110,-110,-278.0,225.0,43.5,-110,-110,,,,,,,True,,,odds_api,free
2026_NFL_W06_CAR_PHI_betus_20260906T161247Z,2026_NFL_W06_CAR_PHI,2026-09-06T16:12:47.501655+00:00,2026-09-06T16:11:54Z,betus,-6.5,-110,-110,,,43.5,-110,-110,,,,,,,True,,,odds_api,free
2026_NFL_W06_TEN_IND_draftkings_20260906T161247Z,2026_NFL_W06_TEN_IND,2026-09-06T16:12:47.501655+00:00,2026-09-06T16:11:54Z,draftkings,-3.5,-110,-110,-192.0,160.0,47.5,-110,-110,,,,,,,True,,,odds_api,free
2026_NFL_W06_TEN_IND_betus_20260906T161247Z,2026_NFL_W06_TEN_IND,2026-09-06T16:12:47.501655+00:00,2026-09-06T16:11:54Z,betus,-3.5,-110,-110,,,48.5,-110,-110,,,,,,,True,,,odds_api,free
2026_NFL_W06_NYJ_NE_draftkings_20260906T161247Z,2026_NFL_W06_NYJ_NE,2026-09-06T16:12:47.501655+00:00,2026-09-06T16:11:54Z,draftkings,-9.5,-110,-110,-440.0,340.0,42.5,-110,-110,,,,,,,True,,,odds_api,free
2026_NFL_W06_NO_NYG_draftkings_20260906T161247Z,2026_NFL_W06_NO_NYG,2026-09-06T16:12:47.501655+00:00,2026-09-06T16:11:54Z,draftkings,-2.5,-110,-110,-142.0,120.0,44.5,-110,-110,,,,,,,True,,,odds_api,free
2026_NFL_W06_NO_NYG_betus_20260906T161247Z,2026_NFL_W06_NO_NYG,2026-09-06T16:12:47.501655+00:00,2026-09-06T16:11:54Z,betus,-2.5,-115,-105,,,45.5,-110,-110,,,,,,,True,,,odds_api,free
2026_NFL_W06_PIT_TB_draftkings_20260906T161247Z,2026_NFL_W06_PIT_TB,2026-09-06T16:12:47.501655+00:00,2026-09-06T16:11:54Z,draftkings,-1.5,-110,-110,-125.0,105.0,45.5,-110,-110,,,,,,,True,,,odds_api,free
2026_NFL_W06_PIT_TB_betus_20260906T161247Z,2026_NFL_W06_PIT_TB,2026-09-06T16:12:47.501655+00:00,2026-09-06T16:11:54Z,betus,-1.5,-110,-110,,,45.5,-110,-110,,,,,,,True,,,odds_api,free
2026_NFL_W06_ARI_LAR_draftkings_20260906T161247Z,2026_NFL_W06_ARI_LAR,2026-09-06T16:12:47.501655+00:00,2026-09-06T16:11:54Z,draftkings,-13.5,-112,-108,-800.0,550.0,47.5,-110,-110,,,,,,,True,,,odds_api,free
2026_NFL_W06_BUF_LV_draftkings_20260906T161247Z,2026_NFL_W06_BUF_LV,2026-09-06T16:12:47.501655+00:00,2026-09-06T16:11:54Z,draftkings,6.5,-110,-110,215.0,-265.0,47.5,-110,-110,,,,,,,True,,,odds_api,free
2026_NFL_W06_LAC_KC_draftkings_20260906T161247Z,2026_NFL_W06_LAC_KC,2026-09-06T16:12:47.501655+00:00,2026-09-06T16:11:54Z,draftkings,-2.5,-110,-110,-142.0,120.0,46.5,-110,-110,,,,,,,True,,,odds_api,free
2026_NFL_W06_LAC_KC_betus_20260906T161247Z,2026_NFL_W06_LAC_KC,2026-09-06T16:12:47.501655+00:00,2026-09-06T16:11:54Z,betus,-2.5,-110,-110,,,46.5,-110,-110,,,,,,,True,,,odds_api,free
2026_NFL_W06_DAL_GB_draftkings_20260906T161247Z,2026_NFL_W06_DAL_GB,2026-09-06T16:12:47.501655+00:00,2026-09-06T16:11:54Z,draftkings,-3.0,-110,-110,-166.0,140.0,51.5,-110,-110,,,,,,,True,,,odds_api,free
2026_NFL_W06_DAL_GB_betus_20260906T161247Z,2026_NFL_W06_DAL_GB,2026-09-06T16:12:47.501655+00:00,2026-09-06T16:11:54Z,betus,-3.0,-110,-110,,,51.5,-110,-110,,,,,,,True,,,odds_api,free
2026_NFL_W06_WAS_SF_draftkings_20260906T161247Z,2026_NFL_W06_WAS_SF,2026-09-06T16:12:47.501655+00:00,2026-09-06T16:11:54Z,draftkings,-5.5,-110,-110,-250.0,205.0,50.5,-110,-110,,,,,,,True,,,odds_api,free
2026_NFL_W06_WAS_SF_betus_20260906T161247Z,2026_NFL_W06_WAS_SF,2026-09-06T16:12:47.501655+00:00,2026-09-06T16:11:54Z,betus,-5.5,-110,-110,,,50.5,-110,-110,,,,,,,True,,,odds_api,free
2026_NFL_W06_SEA_DEN_draftkings_20260906T181240Z,2026_NFL_W06_SEA_DEN,2026-09-06T18:12:40.628291+00:00,2026-09-06T18:11:38Z,draftkings,2.5,-115,-105,110.0,-130.0,43.5,-110,-110,,,,,,,True,,,odds_api,free
2026_NFL_W06_SEA_DEN_betus_20260906T181240Z,2026_NFL_W06_SEA_DEN,2026-09-06T18:12:40.628291+00:00,2026-09-06T18:12:25Z,betus,2.5,-115,-105,,,43.5,-110,-110,,,,,,,True,,,odds_api,free
2026_NFL_W06_HOU_JAX_draftkings_20260906T181240Z,2026_NFL_W06_HOU_JAX,2026-09-06T18:12:40.628291+00:00,2026-09-06T18:11:38Z,draftkings,-1.5,102,-122,-112.0,-108.0,42.5,-110,-110,,,,,,,True,,,odds_api,free
2026_NFL_W06_HOU_JAX_fanduel_20260906T181240Z,2026_NFL_W06_HOU_JAX,2026-09-06T18:12:40.628291+00:00,2026-09-06T18:12:24Z,fanduel,1.5,-118,-104,-104.0,-112.0,40.5,-115,-105,,,,,,,True,,,odds_api,free
2026_NFL_W06_HOU_JAX_betus_20260906T181240Z,2026_NFL_W06_HOU_JAX,2026-09-06T18:12:40.628291+00:00,2026-09-06T18:12:25Z,betus,1.5,-120,100,,,41.5,-110,-110,,,,,,,True,,,odds_api,free
2026_NFL_W06_CHI_ATL_draftkings_20260906T181240Z,2026_NFL_W06_CHI_ATL,2026-09-06T18:12:40.628291+00:00,2026-09-06T18:11:38Z,draftkings,3.0,-110,-110,130.0,-155.0,47.5,-110,-110,,,,,,,True,,,odds_api,free
2026_NFL_W06_BAL_CLE_draftkings_20260906T181240Z,2026_NFL_W06_BAL_CLE,2026-09-06T18:12:40.628291+00:00,2026-09-06T18:11:38Z,draftkings,6.5,-110,-110,205.0,-250.0,44.5,-110,-110,,,,,,,True,,,odds_api,free
2026_NFL_W06_CAR_PHI_draftkings_20260906T181240Z,2026_NFL_W06_CAR_PHI,2026-09-06T18:12:40.628291+00:00,2026-09-06T18:11:38Z,draftkings,-6.5,-110,-110,-278.0,225.0,43.5,-110,-110,,,,,,,True,,,odds_api,free
2026_NFL_W06_CAR_PHI_betus_20260906T181240Z,2026_NFL_W06_CAR_PHI,2026-09-06T18:12:40.628291+00:00,2026-09-06T18:12:25Z,betus,-6.5,-110,-110,,,43.5,-110,-110,,,,,,,True,,,odds_api,free
2026_NFL_W06_TEN_IND_draftkings_20260906T181240Z,2026_NFL_W06_TEN_IND,2026-09-06T18:12:40.628291+00:00,2026-09-06T18:11:38Z,draftkings,-3.5,-110,-110,-192.0,160.0,47.5,-110,-110,,,,,,,True,,,odds_api,free
2026_NFL_W06_TEN_IND_betus_20260906T181240Z,2026_NFL_W06_TEN_IND,2026-09-06T18:12:40.628291+00:00,2026-09-06T18:12:25Z,betus,-3.5,-110,-110,,,48.5,-110,-110,,,,,,,True,,,odds_api,free
2026_NFL_W06_NYJ_NE_draftkings_20260906T181240Z,2026_NFL_W06_NYJ_NE,2026-09-06T18:12:40.628291+00:00,2026-09-06T18:11:38Z,draftkings,-9.5,-110,-110,-440.0,340.0,42.5,-110,-110,,,,,,,True,,,odds_api,free
2026_NFL_W06_NO_NYG_draftkings_20260906T181240Z,2026_NFL_W06_NO_NYG,2026-09-06T18:12:40.628291+00:00,2026-09-06T18:11:38Z,draftkings,-2.5,-110,-110,-142.0,120.0,44.5,-110,-110,,,,,,,True,,,odds_api,free
2026_NFL_W06_NO_NYG_betus_20260906T181240Z,2026_NFL_W06_NO_NYG,2026-09-06T18:12:40.628291+00:00,2026-09-06T18:12:25Z,betus,-2.5,-115,-105,,,45.5,-110,-110,,,,,,,True,,,odds_api,free
2026_NFL_W06_PIT_TB_draftkings_20260906T181240Z,2026_NFL_W06_PIT_TB,2026-09-06T18:12:40.628291+00:00,2026-09-06T18:11:38Z,draftkings,-1.5,-110,-110,-125.0,105.0,45.5,-110,-110,,,,,,,True,,,odds_api,free
2026_NFL_W06_PIT_TB_betus_20260906T181240Z,2026_NFL_W06_PIT_TB,2026-09-06T18:12:40.628291+00:00,2026-09-06T18:12:25Z,betus,-1.5,-110,-110,,,45.5,-110,-110,,,,,,,True,,,odds_api,free
2026_NFL_W06_ARI_LAR_draftkings_20260906T181240Z,2026_NFL_W06_ARI_LAR,2026-09-06T18:12:40.628291+00:00,2026-09-06T18:11:38Z,draftkings,-13.5,-112,-108,-800.0,550.0,47.5,-110,-110,,,,,,,True,,,odds_api,free
2026_NFL_W06_BUF_LV_draftkings_20260906T181240Z,2026_NFL_W06_BUF_LV,2026-09-06T18:12:40.628291+00:00,2026-09-06T18:11:38Z,draftkings,6.5,-110,-110,215.0,-265.0,47.5,-110,-110,,,,,,,True,,,odds_api,free
2026_NFL_W06_LAC_KC_draftkings_20260906T181240Z,2026_NFL_W06_LAC_KC,2026-09-06T18:12:40.628291+00:00,2026-09-06T18:11:38Z,draftkings,-2.5,-110,-110,-142.0,120.0,46.5,-110,-110,,,,,,,True,,,odds_api,free
2026_NFL_W06_LAC_KC_betus_20260906T181240Z,2026_NFL_W06_LAC_KC,2026-09-06T18:12:40.628291+00:00,2026-09-06T18:12:25Z,betus,-2.5,-110,-110,,,46.5,-110,-110,,,,,,,True,,,odds_api,free
2026_NFL_W06_DAL_GB_draftkings_20260906T181240Z,2026_NFL_W06_DAL_GB,2026-09-06T18:12:40.628291+00:00,2026-09-06T18:11:38Z,draftkings,-3.0,-110,-110,-166.0,140.0,51.5,-110,-110,,,,,,,True,,,odds_api,free
2026_NFL_W06_DAL_GB_betus_20260906T181240Z,2026_NFL_W06_DAL_GB,2026-09-06T18:12:40.628291+00:00,2026-09-06T18:12:25Z,betus,-3.0,-110,-110,,,51.5,-110,-110,,,,,,,True,,,odds_api,free
2026_NFL_W06_WAS_SF_draftkings_20260906T181240Z,2026_NFL_W06_WAS_SF,2026-09-06T18:12:40.628291+00:00,2026-09-06T18:11:38Z,draftkings,-5.5,-110,-110,-250.0,205.0,50.5,-110,-110,,,,,,,True,,,odds_api,free
2026_NFL_W06_WAS_SF_betus_20260906T181240Z,2026_NFL_W06_WAS_SF,2026-09-06T18:12:40.628291+00:00,2026-09-06T18:12:25Z,betus,-5.5,-110,-110,,,50.5,-110,-110,,,,,,,True,,,odds_api,free
2026_NFL_W06_SEA_DEN_draftkings_20260906T191240Z,2026_NFL_W06_SEA_DEN,2026-09-06T19:12:40.268761+00:00,2026-09-06T19:11:56Z,draftkings,2.5,-115,-105,110.0,-130.0,43.5,-110,-110,,,,,,,True,,,odds_api,free
2026_NFL_W06_SEA_DEN_betus_20260906T191240Z,2026_NFL_W06_SEA_DEN,2026-09-06T19:12:40.268761+00:00,2026-09-06T19:11:55Z,betus,2.5,-115,-105,,,43.5,-110,-110,,,,,,,True,,,odds_api,free
2026_NFL_W06_HOU_JAX_draftkings_20260906T191240Z,2026_NFL_W06_HOU_JAX,2026-09-06T19:12:40.268761+00:00,2026-09-06T19:11:56Z,draftkings,-1.5,102,-122,-112.0,-108.0,42.5,-110,-110,,,,,,,True,,,odds_api,free
2026_NFL_W06_HOU_JAX_fanduel_20260906T191240Z,2026_NFL_W06_HOU_JAX,2026-09-06T19:12:40.268761+00:00,2026-09-06T19:11:56Z,fanduel,1.5,-118,-104,-104.0,-112.0,40.5,-115,-105,,,,,,,True,,,odds_api,free
2026_NFL_W06_HOU_JAX_betus_20260906T191240Z,2026_NFL_W06_HOU_JAX,2026-09-06T19:12:40.268761+00:00,2026-09-06T19:11:55Z,betus,1.5,-120,100,,,41.5,-110,-110,,,,,,,True,,,odds_api,free
2026_NFL_W06_CHI_ATL_draftkings_20260906T191240Z,2026_NFL_W06_CHI_ATL,2026-09-06T19:12:40.268761+00:00,2026-09-06T19:11:56Z,draftkings,3.0,-110,-110,130.0,-155.0,47.5,-110,-110,,,,,,,True,,,odds_api,free
2026_NFL_W06_BAL_CLE_draftkings_20260906T191240Z,2026_NFL_W06_BAL_CLE,2026-09-06T19:12:40.268761+00:00,2026-09-06T19:11:56Z,draftkings,6.5,-110,-110,205.0,-250.0,44.5,-110,-110,,,,,,,True,,,odds_api,free
2026_NFL_W06_CAR_PHI_draftkings_20260906T191240Z,2026_NFL_W06_CAR_PHI,2026-09-06T19:12:40.268761+00:00,2026-09-06T19:11:56Z,draftkings,-6.5,-110,-110,-278.0,225.0,43.5,-110,-110,,,,,,,True,,,odds_api,free
2026_NFL_W06_CAR_PHI_betus_20260906T191240Z,2026_NFL_W06_CAR_PHI,2026-09-06T19:12:40.268761+00:00,2026-09-06T19:11:55Z,betus,-6.5,-110,-110,,,43.5,-110,-110,,,,,,,True,,,odds_api,free
2026_NFL_W06_TEN_IND_draftkings_20260906T191240Z,2026_NFL_W06_TEN_IND,2026-09-06T19:12:40.268761+00:00,2026-09-06T19:11:56Z,draftkings,-3.5,-110,-110,-192.0,160.0,47.5,-110,-110,,,,,,,True,,,odds_api,free
2026_NFL_W06_TEN_IND_betus_20260906T191240Z,2026_NFL_W06_TEN_IND,2026-09-06T19:12:40.268761+00:00,2026-09-06T19:11:55Z,betus,-3.5,-110,-110,,,48.5,-110,-110,,,,,,,True,,,odds_api,free
2026_NFL_W06_NYJ_NE_draftkings_20260906T191240Z,2026_NFL_W06_NYJ_NE,2026-09-06T19:12:40.268761+00:00,2026-09-06T19:11:56Z,draftkings,-9.5,-110,-110,-440.0,340.0,42.5,-110,-110,,,,,,,True,,,odds_api,free
2026_NFL_W06_NO_NYG_draftkings_20260906T191240Z,2026_NFL_W06_NO_NYG,2026-09-06T19:12:40.268761+00:00,2026-09-06T19:11:56Z,draftkings,-2.5,-110,-110,-142.0,120.0,44.5,-110,-110,,,,,,,True,,,odds_api,free
2026_NFL_W06_NO_NYG_betus_20260906T191240Z,2026_NFL_W06_NO_NYG,2026-09-06T19:12:40.268761+00:00,2026-09-06T19:11:55Z,betus,-2.5,-115,-105,,,45.5,-110,-110,,,,,,,True,,,odds_api,free
2026_NFL_W06_PIT_TB_draftkings_20260906T191240Z,2026_NFL_W06_PIT_TB,2026-09-06T19:12:40.268761+00:00,2026-09-06T19:11:56Z,draftkings,-1.5,-110,-110,-125.0,105.0,45.5,-110,-110,,,,,,,True,,,odds_api,free
2026_NFL_W06_PIT_TB_betus_20260906T191240Z,2026_NFL_W06_PIT_TB,2026-09-06T19:12:40.268761+00:00,2026-09-06T19:11:55Z,betus,-1.5,-110,-110,,,45.5,-110,-110,,,,,,,True,,,odds_api,free
2026_NFL_W06_ARI_LAR_draftkings_20260906T191240Z,2026_NFL_W06_ARI_LAR,2026-09-06T19:12:40.268761+00:00,2026-09-06T19:11:56Z,draftkings,-13.5,-112,-108,-800.0,550.0,47.5,-110,-110,,,,,,,True,,,odds_api,free
2026_NFL_W06_BUF_LV_draftkings_20260906T191240Z,2026_NFL_W06_BUF_LV,2026-09-06T19:12:40.268761+00:00,2026-09-06T19:11:56Z,draftkings,6.5,-110,-110,215.0,-265.0,47.5,-110,-110,,,,,,,True,,,odds_api,free
2026_NFL_W06_LAC_KC_draftkings_20260906T191240Z,2026_NFL_W06_LAC_KC,2026-09-06T19:12:40.268761+00:00,2026-09-06T19:11:56Z,draftkings,-2.5,-110,-110,-142.0,120.0,46.5,-110,-110,,,,,,,True,,,odds_api,free
2026_NFL_W06_LAC_KC_betus_20260906T191240Z,2026_NFL_W06_LAC_KC,2026-09-06T19:12:40.268761+00:00,2026-09-06T19:11:55Z,betus,-2.5,-110,-110,,,46.5,-110,-110,,,,,,,True,,,odds_api,free
2026_NFL_W06_DAL_GB_draftkings_20260906T191240Z,2026_NFL_W06_DAL_GB,2026-09-06T19:12:40.268761+00:00,2026-09-06T19:11:56Z,draftkings,-3.0,-110,-110,-166.0,140.0,51.5,-110,-110,,,,,,,True,,,odds_api,free
2026_NFL_W06_DAL_GB_betus_20260906T191240Z,2026_NFL_W06_DAL_GB,2026-09-06T19:12:40.268761+00:00,2026-09-06T19:11:55Z,betus,-3.0,-110,-110,,,51.5,-110,-110,,,,,,,True,,,odds_api,free
2026_NFL_W06_WAS_SF_draftkings_20260906T191240Z,2026_NFL_W06_WAS_SF,2026-09-06T19:12:40.268761+00:00,2026-09-06T19:11:56Z,draftkings,-5.5,-110,-110,-250.0,205.0,50.5,-110,-110,,,,,,,True,,,odds_api,free
2026_NFL_W06_WAS_SF_betus_20260906T191240Z,2026_NFL_W06_WAS_SF,2026-09-06T19:12:40.268761+00:00,2026-09-06T19:11:55Z,betus,-5.5,-110,-110,,,50.5,-110,-110,,,,,,,True,,,odds_api,free
2026_NFL_W06_SEA_DEN_draftkings_20260906T211242Z,2026_NFL_W06_SEA_DEN,2026-09-06T21:12:42.927686+00:00,2026-09-06T21:11:53Z,draftkings,2.5,-115,-105,110.0,-130.0,43.5,-110,-110,,,,,,,True,,,odds_api,free
2026_NFL_W06_SEA_DEN_betus_20260906T211242Z,2026_NFL_W06_SEA_DEN,2026-09-06T21:12:42.927686+00:00,2026-09-06T21:12:39Z,betus,2.5,-115,-105,,,43.5,-110,-110,,,,,,,True,,,odds_api,free
2026_NFL_W06_HOU_JAX_draftkings_20260906T211242Z,2026_NFL_W06_HOU_JAX,2026-09-06T21:12:42.927686+00:00,2026-09-06T21:11:53Z,draftkings,-1.5,102,-122,-112.0,-108.0,42.5,-110,-110,,,,,,,True,,,odds_api,free
2026_NFL_W06_HOU_JAX_fanduel_20260906T211242Z,2026_NFL_W06_HOU_JAX,2026-09-06T21:12:42.927686+00:00,2026-09-06T21:12:38Z,fanduel,1.5,-118,-104,-104.0,-112.0,40.5,-115,-105,,,,,,,True,,,odds_api,free
2026_NFL_W06_HOU_JAX_betus_20260906T211242Z,2026_NFL_W06_HOU_JAX,2026-09-06T21:12:42.927686+00:00,2026-09-06T21:12:39Z,betus,1.5,-120,100,,,41.5,-110,-110,,,,,,,True,,,odds_api,free
2026_NFL_W06_CHI_ATL_draftkings_20260906T211242Z,2026_NFL_W06_CHI_ATL,2026-09-06T21:12:42.927686+00:00,2026-09-06T21:11:53Z,draftkings,3.0,-110,-110,130.0,-155.0,47.5,-110,-110,,,,,,,True,,,odds_api,free
2026_NFL_W06_BAL_CLE_draftkings_20260906T211242Z,2026_NFL_W06_BAL_CLE,2026-09-06T21:12:42.927686+00:00,2026-09-06T21:11:53Z,draftkings,6.5,-110,-110,205.0,-250.0,44.5,-110,-110,,,,,,,True,,,odds_api,free
2026_NFL_W06_CAR_PHI_draftkings_20260906T211242Z,2026_NFL_W06_CAR_PHI,2026-09-06T21:12:42.927686+00:00,2026-09-06T21:11:53Z,draftkings,-6.5,-110,-110,-278.0,225.0,43.5,-110,-110,,,,,,,True,,,odds_api,free
2026_NFL_W06_CAR_PHI_betus_20260906T211242Z,2026_NFL_W06_CAR_PHI,2026-09-06T21:12:42.927686+00:00,2026-09-06T21:12:39Z,betus,-6.5,-110,-110,,,43.5,-110,-110,,,,,,,True,,,odds_api,free
2026_NFL_W06_TEN_IND_draftkings_20260906T211242Z,2026_NFL_W06_TEN_IND,2026-09-06T21:12:42.927686+00:00,2026-09-06T21:11:53Z,draftkings,-3.5,-110,-110,-192.0,160.0,47.5,-110,-110,,,,,,,True,,,odds_api,free
2026_NFL_W06_TEN_IND_betus_20260906T211242Z,2026_NFL_W06_TEN_IND,2026-09-06T21:12:42.927686+00:00,2026-09-06T21:12:39Z,betus,-3.5,-110,-110,,,48.5,-110,-110,,,,,,,True,,,odds_api,free
2026_NFL_W06_NYJ_NE_draftkings_20260906T211242Z,2026_NFL_W06_NYJ_NE,2026-09-06T21:12:42.927686+00:00,2026-09-06T21:11:53Z,draftkings,-9.5,-110,-110,-440.0,340.0,42.5,-110,-110,,,,,,,True,,,odds_api,free
2026_NFL_W06_NO_NYG_draftkings_20260906T211242Z,2026_NFL_W06_NO_NYG,2026-09-06T21:12:42.927686+00:00,2026-09-06T21:11:53Z,draftkings,-2.5,-110,-110,-142.0,120.0,44.5,-110,-110,,,,,,,True,,,odds_api,free
2026_NFL_W06_NO_NYG_betus_20260906T211242Z,2026_NFL_W06_NO_NYG,2026-09-06T21:12:42.927686+00:00,2026-09-06T21:12:39Z,betus,-2.5,-115,-105,,,45.5,-110,-110,,,,,,,True,,,odds_api,free
2026_NFL_W06_PIT_TB_draftkings_20260906T211242Z,2026_NFL_W06_PIT_TB,2026-09-06T21:12:42.927686+00:00,2026-09-06T21:11:53Z,draftkings,-1.5,-110,-110,-125.0,105.0,45.5,-110,-110,,,,,,,True,,,odds_api,free
2026_NFL_W06_PIT_TB_betus_20260906T211242Z,2026_NFL_W06_PIT_TB,2026-09-06T21:12:42.927686+00:00,2026-09-06T21:12:39Z,betus,-1.5,-110,-110,,,45.5,-110,-110,,,,,,,True,,,odds_api,free
2026_NFL_W06_ARI_LAR_draftkings_20260906T211242Z,2026_NFL_W06_ARI_LAR,2026-09-06T21:12:42.927686+00:00,2026-09-06T21:11:53Z,draftkings,-13.5,-112,-108,-800.0,550.0,47.5,-110,-110,,,,,,,True,,,odds_api,free
2026_NFL_W06_BUF_LV_draftkings_20260906T211242Z,2026_NFL_W06_BUF_LV,2026-09-06T21:12:42.927686+00:00,2026-09-06T21:11:53Z,draftkings,6.5,-110,-110,215.0,-265.0,47.5,-110,-110,,,,,,,True,,,odds_api,free
2026_NFL_W06_LAC_KC_draftkings_20260906T211242Z,2026_NFL_W06_LAC_KC,2026-09-06T21:12:42.927686+00:00,2026-09-06T21:11:53Z,draftkings,-2.5,-110,-110,-142.0,120.0,46.5,-110,-110,,,,,,,True,,,odds_api,free
2026_NFL_W06_LAC_KC_betus_20260906T211242Z,2026_NFL_W06_LAC_KC,2026-09-06T21:12:42.927686+00:00,2026-09-06T21:12:39Z,betus,-2.5,-110,-110,,,46.5,-110,-110,,,,,,,True,,,odds_api,free
2026_NFL_W06_DAL_GB_draftkings_20260906T211242Z,2026_NFL_W06_DAL_GB,2026-09-06T21:12:42.927686+00:00,2026-09-06T21:11:53Z,draftkings,-3.0,-110,-110,-166.0,140.0,51.5,-110,-110,,,,,,,True,,,odds_api,free
2026_NFL_W06_DAL_GB_betus_20260906T211242Z,2026_NFL_W06_DAL_GB,2026-09-06T21:12:42.927686+00:00,2026-09-06T21:12:39Z,betus,-3.0,-110,-110,,,51.5,-110,-110,,,,,,,True,,,odds_api,free
2026_NFL_W06_WAS_SF_draftkings_20260906T211242Z,2026_NFL_W06_WAS_SF,2026-09-06T21:12:42.927686+00:00,2026-09-06T21:11:53Z,draftkings,-5.5,-110,-110,-250.0,205.0,50.5,-110,-110,,,,,,,True,,,odds_api,free
2026_NFL_W06_WAS_SF_betus_20260906T211242Z,2026_NFL_W06_WAS_SF,2026-09-06T21:12:42.927686+00:00,2026-09-06T21:12:39Z,betus,-5.5,-110,-110,,,50.5,-110,-110,,,,,,,True,,,odds_api,free
2026_NFL_W06_SEA_DEN_draftkings_20260906T221238Z,2026_NFL_W06_SEA_DEN,2026-09-06T22:12:38.781007+00:00,2026-09-06T22:11:20Z,draftkings,2.5,-115,-105,110.0,-130.0,43.5,-110,-110,,,,,,,True,,,odds_api,free
2026_NFL_W06_SEA_DEN_betus_20260906T221238Z,2026_NFL_W06_SEA_DEN,2026-09-06T22:12:38.781007+00:00,2026-09-06T22:11:40Z,betus,2.5,-115,-105,,,43.5,-110,-110,,,,,,,True,,,odds_api,free
2026_NFL_W06_HOU_JAX_draftkings_20260906T221238Z,2026_NFL_W06_HOU_JAX,2026-09-06T22:12:38.781007+00:00,2026-09-06T22:11:20Z,draftkings,-1.5,102,-122,-112.0,-108.0,42.5,-110,-110,,,,,,,True,,,odds_api,free
2026_NFL_W06_HOU_JAX_fanduel_20260906T221238Z,2026_NFL_W06_HOU_JAX,2026-09-06T22:12:38.781007+00:00,2026-09-06T22:12:19Z,fanduel,1.5,-118,-104,-104.0,-112.0,40.5,-115,-105,,,,,,,True,,,odds_api,free
2026_NFL_W06_HOU_JAX_betus_20260906T221238Z,2026_NFL_W06_HOU_JAX,2026-09-06T22:12:38.781007+00:00,2026-09-06T22:11:40Z,betus,1.5,-120,100,,,41.5,-110,-110,,,,,,,True,,,odds_api,free
2026_NFL_W06_CHI_ATL_draftkings_20260906T221238Z,2026_NFL_W06_CHI_ATL,2026-09-06T22:12:38.781007+00:00,2026-09-06T22:11:20Z,draftkings,3.0,-110,-110,130.0,-155.0,47.5,-110,-110,,,,,,,True,,,odds_api,free
2026_NFL_W06_BAL_CLE_draftkings_20260906T221238Z,2026_NFL_W06_BAL_CLE,2026-09-06T22:12:38.781007+00:00,2026-09-06T22:11:20Z,draftkings,6.5,-110,-110,205.0,-250.0,44.5,-110,-110,,,,,,,True,,,odds_api,free
2026_NFL_W06_CAR_PHI_draftkings_20260906T221238Z,2026_NFL_W06_CAR_PHI,2026-09-06T22:12:38.781007+00:00,2026-09-06T22:11:20Z,draftkings,-6.5,-110,-110,-278.0,225.0,43.5,-110,-110,,,,,,,True,,,odds_api,free
2026_NFL_W06_CAR_PHI_betus_20260906T221238Z,2026_NFL_W06_CAR_PHI,2026-09-06T22:12:38.781007+00:00,2026-09-06T22:11:40Z,betus,-6.5,-110,-110,,,43.5,-110,-110,,,,,,,True,,,odds_api,free
2026_NFL_W06_TEN_IND_draftkings_20260906T221238Z,2026_NFL_W06_TEN_IND,2026-09-06T22:12:38.781007+00:00,2026-09-06T22:11:20Z,draftkings,-3.5,-110,-110,-192.0,160.0,47.5,-110,-110,,,,,,,True,,,odds_api,free
2026_NFL_W06_TEN_IND_betus_20260906T221238Z,2026_NFL_W06_TEN_IND,2026-09-06T22:12:38.781007+00:00,2026-09-06T22:11:40Z,betus,-3.5,-110,-110,,,48.5,-110,-110,,,,,,,True,,,odds_api,free
2026_NFL_W06_NYJ_NE_draftkings_20260906T221238Z,2026_NFL_W06_NYJ_NE,2026-09-06T22:12:38.781007+00:00,2026-09-06T22:11:20Z,draftkings,-9.5,-110,-110,-440.0,340.0,42.5,-110,-110,,,,,,,True,,,odds_api,free
2026_NFL_W06_NO_NYG_draftkings_20260906T221238Z,2026_NFL_W06_NO_NYG,2026-09-06T22:12:38.781007+00:00,2026-09-06T22:11:20Z,draftkings,-2.5,-110,-110,-142.0,120.0,44.5,-110,-110,,,,,,,True,,,odds_api,free
2026_NFL_W06_NO_NYG_betus_20260906T221238Z,2026_NFL_W06_NO_NYG,2026-09-06T22:12:38.781007+00:00,2026-09-06T22:11:40Z,betus,-2.5,-115,-105,,,45.5,-110,-110,,,,,,,True,,,odds_api,free
2026_NFL_W06_PIT_TB_draftkings_20260906T221238Z,2026_NFL_W06_PIT_TB,2026-09-06T22:12:38.781007+00:00,2026-09-06T22:11:20Z,draftkings,-1.5,-110,-110,-125.0,105.0,45.5,-110,-110,,,,,,,True,,,odds_api,free
2026_NFL_W06_PIT_TB_betus_20260906T221238Z,2026_NFL_W06_PIT_TB,2026-09-06T22:12:38.781007+00:00,2026-09-06T22:11:40Z,betus,-1.5,-110,-110,,,45.5,-110,-110,,,,,,,True,,,odds_api,free
2026_NFL_W06_ARI_LAR_draftkings_20260906T221238Z,2026_NFL_W06_ARI_LAR,2026-09-06T22:12:38.781007+00:00,2026-09-06T22:11:20Z,draftkings,-13.5,-112,-108,-800.0,550.0,47.5,-110,-110,,,,,,,True,,,odds_api,free
2026_NFL_W06_BUF_LV_draftkings_20260906T221238Z,2026_NFL_W06_BUF_LV,2026-09-06T22:12:38.781007+00:00,2026-09-06T22:11:20Z,draftkings,6.5,-110,-110,215.0,-265.0,47.5,-110,-110,,,,,,,True,,,odds_api,free
2026_NFL_W06_LAC_KC_draftkings_20260906T221238Z,2026_NFL_W06_LAC_KC,2026-09-06T22:12:38.781007+00:00,2026-09-06T22:11:20Z,draftkings,-2.5,-110,-110,-142.0,120.0,46.5,-110,-110,,,,,,,True,,,odds_api,free
2026_NFL_W06_LAC_KC_betus_20260906T221238Z,2026_NFL_W06_LAC_KC,2026-09-06T22:12:38.781007+00:00,2026-09-06T22:11:40Z,betus,-2.5,-110,-110,,,46.5,-110,-110,,,,,,,True,,,odds_api,free
2026_NFL_W06_DAL_GB_draftkings_20260906T221238Z,2026_NFL_W06_DAL_GB,2026-09-06T22:12:38.781007+00:00,2026-09-06T22:11:20Z,draftkings,-3.0,-110,-110,-166.0,140.0,51.5,-110,-110,,,,,,,True,,,odds_api,free
2026_NFL_W06_DAL_GB_betus_20260906T221238Z,2026_NFL_W06_DAL_GB,2026-09-06T22:12:38.781007+00:00,2026-09-06T22:11:40Z,betus,-3.0,-110,-110,,,51.5,-110,-110,,,,,,,True,,,odds_api,free
2026_NFL_W06_WAS_SF_draftkings_20260906T221238Z,2026_NFL_W06_WAS_SF,2026-09-06T22:12:38.781007+00:00,2026-09-06T22:11:20Z,draftkings,-5.5,-110,-110,-250.0,205.0,50.5,-110,-110,,,,,,,True,,,odds_api,free
2026_NFL_W06_WAS_SF_betus_20260906T221238Z,2026_NFL_W06_WAS_SF,2026-09-06T22:12:38.781007+00:00,2026-09-06T22:11:40Z,betus,-5.5,-110,-110,,,50.5,-110,-110,,,,,,,True,,,odds_api,free
2026_NFL_W06_SEA_DEN_draftkings_20260907T001244Z,2026_NFL_W06_SEA_DEN,2026-09-07T00:12:44.554065+00:00,2026-09-07T00:12:12Z,draftkings,1.5,-105,-115,110.0,-130.0,43.5,-110,-110,,,,,,,True,,,odds_api,free
2026_NFL_W06_SEA_DEN_betus_20260907T001244Z,2026_NFL_W06_SEA_DEN,2026-09-07T00:12:44.554065+00:00,2026-09-07T00:11:48Z,betus,2.5,-115,-105,,,43.5,-110,-110,,,,,,,True,,,odds_api,free
2026_NFL_W06_HOU_JAX_draftkings_20260907T001244Z,2026_NFL_W06_HOU_JAX,2026-09-07T00:12:44.554065+00:00,2026-09-07T00:12:12Z,draftkings,-1.5,102,-122,-112.0,-108.0,42.5,-110,-110,,,,,,,True,,,odds_api,free
2026_NFL_W06_HOU_JAX_fanduel_20260907T001244Z,2026_NFL_W06_HOU_JAX,2026-09-07T00:12:44.554065+00:00,2026-09-07T00:12:30Z,fanduel,1.5,-118,-104,-104.0,-112.0,40.5,-115,-105,,,,,,,True,,,odds_api,free
2026_NFL_W06_HOU_JAX_betus_20260907T001244Z,2026_NFL_W06_HOU_JAX,2026-09-07T00:12:44.554065+00:00,2026-09-07T00:11:48Z,betus,1.5,-120,100,,,41.5,-110,-110,,,,,,,True,,,odds_api,free
2026_NFL_W06_CHI_ATL_draftkings_20260907T001244Z,2026_NFL_W06_CHI_ATL,2026-09-07T00:12:44.554065+00:00,2026-09-07T00:12:12Z,draftkings,3.0,-110,-110,130.0,-155.0,47.5,-110,-110,,,,,,,True,,,odds_api,free
2026_NFL_W06_BAL_CLE_draftkings_20260907T001244Z,2026_NFL_W06_BAL_CLE,2026-09-07T00:12:44.554065+00:00,2026-09-07T00:12:12Z,draftkings,6.5,-110,-110,205.0,-250.0,44.5,-110,-110,,,,,,,True,,,odds_api,free
2026_NFL_W06_CAR_PHI_draftkings_20260907T001244Z,2026_NFL_W06_CAR_PHI,2026-09-07T00:12:44.554065+00:00,2026-09-07T00:12:12Z,draftkings,-6.5,-110,-110,-278.0,225.0,43.5,-110,-110,,,,,,,True,,,odds_api,free
2026_NFL_W06_CAR_PHI_betus_20260907T001244Z,2026_NFL_W06_CAR_PHI,2026-09-07T00:12:44.554065+00:00,2026-09-07T00:11:48Z,betus,-6.5,-110,-110,,,43.5,-110,-110,,,,,,,True,,,odds_api,free
2026_NFL_W06_TEN_IND_draftkings_20260907T001244Z,2026_NFL_W06_TEN_IND,2026-09-07T00:12:44.554065+00:00,2026-09-07T00:12:12Z,draftkings,-3.5,-110,-110,-192.0,160.0,47.5,-110,-110,,,,,,,True,,,odds_api,free
2026_NFL_W06_TEN_IND_betus_20260907T001244Z,2026_NFL_W06_TEN_IND,2026-09-07T00:12:44.554065+00:00,2026-09-07T00:11:48Z,betus,-3.5,-110,-110,,,48.5,-110,-110,,,,,,,True,,,odds_api,free
2026_NFL_W06_NYJ_NE_draftkings_20260907T001244Z,2026_NFL_W06_NYJ_NE,2026-09-07T00:12:44.554065+00:00,2026-09-07T00:12:12Z,draftkings,-9.5,-110,-110,-440.0,340.0,42.5,-110,-110,,,,,,,True,,,odds_api,free
2026_NFL_W06_NO_NYG_draftkings_20260907T001244Z,2026_NFL_W06_NO_NYG,2026-09-07T00:12:44.554065+00:00,2026-09-07T00:12:12Z,draftkings,-2.5,-110,-110,-142.0,120.0,44.5,-110,-110,,,,,,,True,,,odds_api,free
2026_NFL_W06_NO_NYG_betus_20260907T001244Z,2026_NFL_W06_NO_NYG,2026-09-07T00:12:44.554065+00:00,2026-09-07T00:11:48Z,betus,-2.5,-115,-105,,,45.5,-110,-110,,,,,,,True,,,odds_api,free
2026_NFL_W06_PIT_TB_draftkings_20260907T001244Z,2026_NFL_W06_PIT_TB,2026-09-07T00:12:44.554065+00:00,2026-09-07T00:12:12Z,draftkings,-1.5,-110,-110,-125.0,105.0,45.5,-110,-110,,,,,,,True,,,odds_api,free
2026_NFL_W06_PIT_TB_betus_20260907T001244Z,2026_NFL_W06_PIT_TB,2026-09-07T00:12:44.554065+00:00,2026-09-07T00:11:48Z,betus,-1.5,-110,-110,,,45.5,-110,-110,,,,,,,True,,,odds_api,free
2026_NFL_W06_ARI_LAR_draftkings_20260907T001244Z,2026_NFL_W06_ARI_LAR,2026-09-07T00:12:44.554065+00:00,2026-09-07T00:12:12Z,draftkings,-13.5,-112,-108,-800.0,550.0,47.5,-110,-110,,,,,,,True,,,odds_api,free
2026_NFL_W06_BUF_LV_draftkings_20260907T001244Z,2026_NFL_W06_BUF_LV,2026-09-07T00:12:44.554065+00:00,2026-09-07T00:12:12Z,draftkings,6.5,-110,-110,215.0,-265.0,47.5,-110,-110,,,,,,,True,,,odds_api,free
2026_NFL_W06_LAC_KC_draftkings_20260907T001244Z,2026_NFL_W06_LAC_KC,2026-09-07T00:12:44.554065+00:00,2026-09-07T00:12:12Z,draftkings,-2.5,-110,-110,-142.0,120.0,46.5,-110,-110,,,,,,,True,,,odds_api,free
2026_NFL_W06_LAC_KC_betus_20260907T001244Z,2026_NFL_W06_LAC_KC,2026-09-07T00:12:44.554065+00:00,2026-09-07T00:11:48Z,betus,-2.5,-110,-110,,,46.5,-110,-110,,,,,,,True,,,odds_api,free
2026_NFL_W06_DAL_GB_draftkings_20260907T001244Z,2026_NFL_W06_DAL_GB,2026-09-07T00:12:44.554065+00:00,2026-09-07T00:12:12Z,draftkings,-3.0,-110,-110,-166.0,140.0,51.5,-110,-110,,,,,,,True,,,odds_api,free
2026_NFL_W06_DAL_GB_betus_20260907T001244Z,2026_NFL_W06_DAL_GB,2026-09-07T00:12:44.554065+00:00,2026-09-07T00:11:48Z,betus,-3.0,-110,-110,,,51.5,-110,-110,,,,,,,True,,,odds_api,free
2026_NFL_W06_WAS_SF_draftkings_20260907T001244Z,2026_NFL_W06_WAS_SF,2026-09-07T00:12:44.554065+00:00,2026-09-07T00:12:12Z,draftkings,-5.5,-110,-110,-250.0,205.0,50.5,-110,-110,,,,,,,True,,,odds_api,free
2026_NFL_W06_WAS_SF_betus_20260907T001244Z,2026_NFL_W06_WAS_SF,2026-09-07T00:12:44.554065+00:00,2026-09-07T00:11:48Z,betus,-5.5,-110,-110,,,50.5,-110,-110,,,,,,,True,,,odds_api,free
2026_NFL_W06_SEA_DEN_draftkings_20260907T141702Z,2026_NFL_W06_SEA_DEN,2026-09-07T14:17:02.106552+00:00,2026-09-07T14:16:02Z,draftkings,1.5,-105.0,-115.0,110.0,-130.0,43.5,-110,-110,,,,,,,True,,,odds_api,free
2026_NFL_W06_SEA_DEN_betus_20260907T141702Z,2026_NFL_W06_SEA_DEN,2026-09-07T14:17:02.106552+00:00,2026-09-07T14:16:25Z,betus,2.5,-115.0,-105.0,,,43.5,-110,-110,,,,,,,True,,,odds_api,free
2026_NFL_W06_HOU_JAX_draftkings_20260907T141702Z,2026_NFL_W06_HOU_JAX,2026-09-07T14:17:02.106552+00:00,2026-09-07T14:16:02Z,draftkings,-1.5,102.0,-122.0,-112.0,-108.0,42.5,-110,-110,,,,,,,True,,,odds_api,free
2026_NFL_W06_HOU_JAX_fanduel_20260907T141702Z,2026_NFL_W06_HOU_JAX,2026-09-07T14:17:02.106552+00:00,2026-09-07T14:16:53Z,fanduel,1.5,-118.0,-104.0,-104.0,-112.0,40.5,-115,-105,,,,,,,True,,,odds_api,free
2026_NFL_W06_HOU_JAX_betus_20260907T141702Z,2026_NFL_W06_HOU_JAX,2026-09-07T14:17:02.106552+00:00,2026-09-07T14:16:25Z,betus,1.5,-120.0,100.0,,,41.5,-110,-110,,,,,,,True,,,odds_api,free
2026_NFL_W06_CHI_ATL_draftkings_20260907T141702Z,2026_NFL_W06_CHI_ATL,2026-09-07T14:17:02.106552+00:00,2026-09-07T14:16:02Z,draftkings,3.0,-110.0,-110.0,136.0,-162.0,47.5,-110,-110,,,,,,,True,,,odds_api,free
2026_NFL_W06_BAL_CLE_draftkings_20260907T141702Z,2026_NFL_W06_BAL_CLE,2026-09-07T14:17:02.106552+00:00,2026-09-07T14:16:02Z,draftkings,6.5,-110.0,-110.0,205.0,-250.0,44.5,-110,-110,,,,,,,True,,,odds_api,free
2026_NFL_W06_CAR_PHI_draftkings_20260907T141702Z,2026_NFL_W06_CAR_PHI,2026-09-07T14:17:02.106552+00:00,2026-09-07T14:16:02Z,draftkings,-6.5,-110.0,-110.0,-278.0,225.0,43.5,-110,-110,,,,,,,True,,,odds_api,free
2026_NFL_W06_CAR_PHI_betus_20260907T141702Z,2026_NFL_W06_CAR_PHI,2026-09-07T14:17:02.106552+00:00,2026-09-07T14:16:25Z,betus,-6.5,-110.0,-110.0,,,43.5,-110,-110,,,,,,,True,,,odds_api,free
2026_NFL_W06_TEN_IND_draftkings_20260907T141702Z,2026_NFL_W06_TEN_IND,2026-09-07T14:17:02.106552+00:00,2026-09-07T14:16:02Z,draftkings,-3.5,-110.0,-110.0,-192.0,160.0,47.5,-110,-110,,,,,,,True,,,odds_api,free
2026_NFL_W06_TEN_IND_betus_20260907T141702Z,2026_NFL_W06_TEN_IND,2026-09-07T14:17:02.106552+00:00,2026-09-07T14:16:25Z,betus,-3.5,-110.0,-110.0,,,48.5,-110,-110,,,,,,,True,,,odds_api,free
2026_NFL_W06_NYJ_NE_draftkings_20260907T141702Z,2026_NFL_W06_NYJ_NE,2026-09-07T14:17:02.106552+00:00,2026-09-07T14:16:02Z,draftkings,-9.5,-110.0,-110.0,-440.0,340.0,42.5,-110,-110,,,,,,,True,,,odds_api,free
2026_NFL_W06_NO_NYG_draftkings_20260907T141702Z,2026_NFL_W06_NO_NYG,2026-09-07T14:17:02.106552+00:00,2026-09-07T14:16:02Z,draftkings,-2.5,-110.0,-110.0,-135.0,114.0,44.5,-110,-110,,,,,,,True,,,odds_api,free
2026_NFL_W06_NO_NYG_betus_20260907T141702Z,2026_NFL_W06_NO_NYG,2026-09-07T14:17:02.106552+00:00,2026-09-07T14:16:25Z,betus,-2.5,-115.0,-105.0,,,45.5,-110,-110,,,,,,,True,,,odds_api,free
2026_NFL_W06_PIT_TB_draftkings_20260907T141702Z,2026_NFL_W06_PIT_TB,2026-09-07T14:17:02.106552+00:00,2026-09-07T14:16:02Z,draftkings,-1.5,-110.0,-110.0,-125.0,105.0,45.5,-110,-110,,,,,,,True,,,odds_api,free
2026_NFL_W06_PIT_TB_betus_20260907T141702Z,2026_NFL_W06_PIT_TB,2026-09-07T14:17:02.106552+00:00,2026-09-07T14:16:25Z,betus,-1.5,-110.0,-110.0,,,45.5,-110,-110,,,,,,,True,,,odds_api,free
2026_NFL_W06_ARI_LAR_draftkings_20260907T141702Z,2026_NFL_W06_ARI_LAR,2026-09-07T14:17:02.106552+00:00,2026-09-07T14:16:02Z,draftkings,-13.5,-112.0,-108.0,-800.0,550.0,47.5,-110,-110,,,,,,,True,,,odds_api,free
2026_NFL_W06_BUF_LV_draftkings_20260907T141702Z,2026_NFL_W06_BUF_LV,2026-09-07T14:17:02.106552+00:00,2026-09-07T14:16:02Z,draftkings,6.5,-110.0,-110.0,215.0,-265.0,47.5,-110,-110,,,,,,,True,,,odds_api,free
2026_NFL_W06_LAC_KC_draftkings_20260907T141702Z,2026_NFL_W06_LAC_KC,2026-09-07T14:17:02.106552+00:00,2026-09-07T14:16:02Z,draftkings,-2.5,-110.0,-110.0,-142.0,120.0,46.5,-110,-110,,,,,,,True,,,odds_api,free
2026_NFL_W06_LAC_KC_betus_20260907T141702Z,2026_NFL_W06_LAC_KC,2026-09-07T14:17:02.106552+00:00,2026-09-07T14:16:25Z,betus,-2.5,-110.0,-110.0,,,46.5,-110,-110,,,,,,,True,,,odds_api,free
2026_NFL_W06_DAL_GB_draftkings_20260907T141702Z,2026_NFL_W06_DAL_GB,2026-09-07T14:17:02.106552+00:00,2026-09-07T14:16:02Z,draftkings,-3.0,-110.0,-110.0,-166.0,140.0,51.5,-110,-110,,,,,,,True,,,odds_api,free
2026_NFL_W06_DAL_GB_betus_20260907T141702Z,2026_NFL_W06_DAL_GB,2026-09-07T14:17:02.106552+00:00,2026-09-07T14:16:25Z,betus,-3.0,-110.0,-110.0,,,51.5,-110,-110,,,,,,,True,,,odds_api,free
2026_NFL_W06_WAS_SF_draftkings_20260907T141702Z,2026_NFL_W06_WAS_SF,2026-09-07T14:17:02.106552+00:00,2026-09-07T14:16:02Z,draftkings,-5.5,-110.0,-110.0,-250.0,205.0,50.5,-110,-110,,,,,,,True,,,odds_api,free
2026_NFL_W06_WAS_SF_betus_20260907T141702Z,2026_NFL_W06_WAS_SF,2026-09-07T14:17:02.106552+00:00,2026-09-07T14:16:25Z,betus,-5.5,-110.0,-110.0,,,50.5,-110,-110,,,,,,,True,,,odds_api,free
2026_NFL_W06_SEA_DEN_draftkings_20260907T191255Z,2026_NFL_W06_SEA_DEN,2026-09-07T19:12:55.328519+00:00,2026-09-07T19:12:44Z,draftkings,1.5,-105,-115,110.0,-130.0,43.5,-110,-110,,,,,,,True,,,odds_api,free
2026_NFL_W06_SEA_DEN_betus_20260907T191255Z,2026_NFL_W06_SEA_DEN,2026-09-07T19:12:55.328519+00:00,2026-09-07T19:12:45Z,betus,2.5,-115,-105,,,43.5,-110,-110,,,,,,,True,,,odds_api,free
2026_NFL_W06_HOU_JAX_draftkings_20260907T191255Z,2026_NFL_W06_HOU_JAX,2026-09-07T19:12:55.328519+00:00,2026-09-07T19:12:44Z,draftkings,-1.5,102,-122,-112.0,-108.0,42.5,-110,-110,,,,,,,True,,,odds_api,free
2026_NFL_W06_HOU_JAX_fanduel_20260907T191255Z,2026_NFL_W06_HOU_JAX,2026-09-07T19:12:55.328519+00:00,2026-09-07T19:12:19Z,fanduel,1.5,-118,-104,-104.0,-112.0,40.5,-115,-105,,,,,,,True,,,odds_api,free
2026_NFL_W06_HOU_JAX_betus_20260907T191255Z,2026_NFL_W06_HOU_JAX,2026-09-07T19:12:55.328519+00:00,2026-09-07T19:12:45Z,betus,1.5,-120,100,,,41.5,-110,-110,,,,,,,True,,,odds_api,free
2026_NFL_W06_CHI_ATL_draftkings_20260907T191255Z,2026_NFL_W06_CHI_ATL,2026-09-07T19:12:55.328519+00:00,2026-09-07T19:12:44Z,draftkings,3.0,-110,-110,136.0,-162.0,47.5,-110,-110,,,,,,,True,,,odds_api,free
2026_NFL_W06_BAL_CLE_draftkings_20260907T191255Z,2026_NFL_W06_BAL_CLE,2026-09-07T19:12:55.328519+00:00,2026-09-07T19:12:44Z,draftkings,6.5,-110,-110,205.0,-250.0,44.5,-110,-110,,,,,,,True,,,odds_api,free
2026_NFL_W06_CAR_PHI_draftkings_20260907T191255Z,2026_NFL_W06_CAR_PHI,2026-09-07T19:12:55.328519+00:00,2026-09-07T19:12:44Z,draftkings,-6.5,-110,-110,-278.0,225.0,43.5,-110,-110,,,,,,,True,,,odds_api,free
2026_NFL_W06_CAR_PHI_betus_20260907T191255Z,2026_NFL_W06_CAR_PHI,2026-09-07T19:12:55.328519+00:00,2026-09-07T19:12:45Z,betus,-6.5,-110,-110,,,43.5,-110,-110,,,,,,,True,,,odds_api,free
2026_NFL_W06_TEN_IND_draftkings_20260907T191255Z,2026_NFL_W06_TEN_IND,2026-09-07T19:12:55.328519+00:00,2026-09-07T19:12:44Z,draftkings,-3.5,-110,-110,-198.0,164.0,47.5,-110,-110,,,,,,,True,,,odds_api,free
2026_NFL_W06_TEN_IND_betus_20260907T191255Z,2026_NFL_W06_TEN_IND,2026-09-07T19:12:55.328519+00:00,2026-09-07T19:12:45Z,betus,-3.5,-110,-110,,,48.5,-110,-110,,,,,,,True,,,odds_api,free
2026_NFL_W06_NYJ_NE_draftkings_20260907T191255Z,2026_NFL_W06_NYJ_NE,2026-09-07T19:12:55.328519+00:00,2026-09-07T19:12:44Z,draftkings,-9.5,-110,-110,-440.0,340.0,42.5,-110,-110,,,,,,,True,,,odds_api,free
2026_NFL_W06_NO_NYG_draftkings_20260907T191255Z,2026_NFL_W06_NO_NYG,2026-09-07T19:12:55.328519+00:00,2026-09-07T19:12:44Z,draftkings,-2.5,-110,-110,-135.0,114.0,44.5,-110,-110,,,,,,,True,,,odds_api,free
2026_NFL_W06_NO_NYG_betus_20260907T191255Z,2026_NFL_W06_NO_NYG,2026-09-07T19:12:55.328519+00:00,2026-09-07T19:12:45Z,betus,-2.5,-115,-105,,,45.5,-110,-110,,,,,,,True,,,odds_api,free
2026_NFL_W06_PIT_TB_draftkings_20260907T191255Z,2026_NFL_W06_PIT_TB,2026-09-07T19:12:55.328519+00:00,2026-09-07T19:12:44Z,draftkings,-1.5,-110,-110,-125.0,105.0,45.5,-110,-110,,,,,,,True,,,odds_api,free
2026_NFL_W06_PIT_TB_betus_20260907T191255Z,2026_NFL_W06_PIT_TB,2026-09-07T19:12:55.328519+00:00,2026-09-07T19:12:45Z,betus,-1.5,-110,-110,,,45.5,-110,-110,,,,,,,True,,,odds_api,free
2026_NFL_W06_ARI_LAR_draftkings_20260907T191255Z,2026_NFL_W06_ARI_LAR,2026-09-07T19:12:55.328519+00:00,2026-09-07T19:12:44Z,draftkings,-13.5,-112,-108,-800.0,550.0,47.5,-110,-110,,,,,,,True,,,odds_api,free
2026_NFL_W06_BUF_LV_draftkings_20260907T191255Z,2026_NFL_W06_BUF_LV,2026-09-07T19:12:55.328519+00:00,2026-09-07T19:12:44Z,draftkings,6.5,-110,-110,215.0,-265.0,47.5,-110,-110,,,,,,,True,,,odds_api,free
2026_NFL_W06_LAC_KC_draftkings_20260907T191255Z,2026_NFL_W06_LAC_KC,2026-09-07T19:12:55.328519+00:00,2026-09-07T19:12:44Z,draftkings,-2.5,-110,-110,-142.0,120.0,46.5,-110,-110,,,,,,,True,,,odds_api,free
2026_NFL_W06_LAC_KC_betus_20260907T191255Z,2026_NFL_W06_LAC_KC,2026-09-07T19:12:55.328519+00:00,2026-09-07T19:12:45Z,betus,-2.5,-110,-110,,,46.5,-110,-110,,,,,,,True,,,odds_api,free
2026_NFL_W06_DAL_GB_draftkings_20260907T191255Z,2026_NFL_W06_DAL_GB,2026-09-07T19:12:55.328519+00:00,2026-09-07T19:12:44Z,draftkings,-3.0,-110,-110,-170.0,142.0,51.5,-110,-110,,,,,,,True,,,odds_api,free
2026_NFL_W06_DAL_GB_betus_20260907T191255Z,2026_NFL_W06_DAL_GB,2026-09-07T19:12:55.328519+00:00,2026-09-07T19:12:45Z,betus,-3.0,-110,-110,,,51.5,-110,-110,,,,,,,True,,,odds_api,free
2026_NFL_W06_WAS_SF_draftkings_20260907T191255Z,2026_NFL_W06_WAS_SF,2026-09-07T19:12:55.328519+00:00,2026-09-07T19:12:44Z,draftkings,-5.5,-110,-110,-245.0,200.0,50.5,-110,-110,,,,,,,True,,,odds_api,free
2026_NFL_W06_WAS_SF_betus_20260907T191255Z,2026_NFL_W06_WAS_SF,2026-09-07T19:12:55.328519+00:00,2026-09-07T19:12:45Z,betus,-5.5,-110,-110,,,50.5,-110,-110,,,,,,,True,,,odds_api,free
2026_NFL_W06_SEA_DEN_draftkings_20260907T201252Z,2026_NFL_W06_SEA_DEN,2026-09-07T20:12:52.967739+00:00,2026-09-07T20:12:33Z,draftkings,1.5,-105,-115,110.0,-130.0,43.5,-110,-110,,,,,,,True,,,odds_api,free
2026_NFL_W06_SEA_DEN_betus_20260907T201252Z,2026_NFL_W06_SEA_DEN,2026-09-07T20:12:52.967739+00:00,2026-09-07T20:12:35Z,betus,2.5,-115,-105,,,43.5,-110,-110,,,,,,,True,,,odds_api,free
2026_NFL_W06_HOU_JAX_draftkings_20260907T201252Z,2026_NFL_W06_HOU_JAX,2026-09-07T20:12:52.967739+00:00,2026-09-07T20:12:33Z,draftkings,-1.5,102,-122,-112.0,-108.0,42.5,-110,-110,,,,,,,True,,,odds_api,free
2026_NFL_W06_HOU_JAX_fanduel_20260907T201252Z,2026_NFL_W06_HOU_JAX,2026-09-07T20:12:52.967739+00:00,2026-09-07T20:12:30Z,fanduel,1.5,-118,-104,-104.0,-112.0,40.5,-115,-105,,,,,,,True,,,odds_api,free
2026_NFL_W06_HOU_JAX_betus_20260907T201252Z,2026_NFL_W06_HOU_JAX,2026-09-07T20:12:52.967739+00:00,2026-09-07T20:12:35Z,betus,1.5,-120,100,,,41.5,-110,-110,,,,,,,True,,,odds_api,free
2026_NFL_W06_CHI_ATL_draftkings_20260907T201252Z,2026_NFL_W06_CHI_ATL,2026-09-07T20:12:52.967739+00:00,2026-09-07T20:12:33Z,draftkings,3.0,-110,-110,136.0,-162.0,47.5,-110,-110,,,,,,,True,,,odds_api,free
2026_NFL_W06_BAL_CLE_draftkings_20260907T201252Z,2026_NFL_W06_BAL_CLE,2026-09-07T20:12:52.967739+00:00,2026-09-07T20:12:33Z,draftkings,6.5,-110,-110,205.0,-250.0,44.5,-110,-110,,,,,,,True,,,odds_api,free
2026_NFL_W06_CAR_PHI_draftkings_20260907T201252Z,2026_NFL_W06_CAR_PHI,2026-09-07T20:12:52.967739+00:00,2026-09-07T20:12:33Z,draftkings,-6.5,-110,-110,-278.0,225.0,43.5,-110,-110,,,,,,,True,,,odds_api,free
2026_NFL_W06_CAR_PHI_betus_20260907T201252Z,2026_NFL_W06_CAR_PHI,2026-09-07T20:12:52.967739+00:00,2026-09-07T20:12:35Z,betus,-6.5,-110,-110,,,43.5,-110,-110,,,,,,,True,,,odds_api,free
2026_NFL_W06_TEN_IND_draftkings_20260907T201252Z,2026_NFL_W06_TEN_IND,2026-09-07T20:12:52.967739+00:00,2026-09-07T20:12:33Z,draftkings,-3.5,-110,-110,-198.0,164.0,47.5,-110,-110,,,,,,,True,,,odds_api,free
2026_NFL_W06_TEN_IND_betus_20260907T201252Z,2026_NFL_W06_TEN_IND,2026-09-07T20:12:52.967739+00:00,2026-09-07T20:12:35Z,betus,-3.5,-110,-110,,,48.5,-110,-110,,,,,,,True,,,odds_api,free
2026_NFL_W06_NYJ_NE_draftkings_20260907T201252Z,2026_NFL_W06_NYJ_NE,2026-09-07T20:12:52.967739+00:00,2026-09-07T20:12:33Z,draftkings,-9.5,-110,-110,-440.0,340.0,42.5,-110,-110,,,,,,,True,,,odds_api,free
2026_NFL_W06_NO_NYG_draftkings_20260907T201252Z,2026_NFL_W06_NO_NYG,2026-09-07T20:12:52.967739+00:00,2026-09-07T20:12:33Z,draftkings,-2.5,-110,-110,-135.0,114.0,44.5,-110,-110,,,,,,,True,,,odds_api,free
2026_NFL_W06_NO_NYG_betus_20260907T201252Z,2026_NFL_W06_NO_NYG,2026-09-07T20:12:52.967739+00:00,2026-09-07T20:12:35Z,betus,-2.5,-115,-105,,,45.5,-110,-110,,,,,,,True,,,odds_api,free
2026_NFL_W06_PIT_TB_draftkings_20260907T201252Z,2026_NFL_W06_PIT_TB,2026-09-07T20:12:52.967739+00:00,2026-09-07T20:12:33Z,draftkings,-1.5,-110,-110,-125.0,105.0,45.5,-110,-110,,,,,,,True,,,odds_api,free
2026_NFL_W06_PIT_TB_betus_20260907T201252Z,2026_NFL_W06_PIT_TB,2026-09-07T20:12:52.967739+00:00,2026-09-07T20:12:35Z,betus,-1.5,-110,-110,,,45.5,-110,-110,,,,,,,True,,,odds_api,free
2026_NFL_W06_ARI_LAR_draftkings_20260907T201252Z,2026_NFL_W06_ARI_LAR,2026-09-07T20:12:52.967739+00:00,2026-09-07T20:12:33Z,draftkings,-13.5,-112,-108,-800.0,550.0,47.5,-110,-110,,,,,,,True,,,odds_api,free
2026_NFL_W06_BUF_LV_draftkings_20260907T201252Z,2026_NFL_W06_BUF_LV,2026-09-07T20:12:52.967739+00:00,2026-09-07T20:12:33Z,draftkings,6.5,-110,-110,215.0,-265.0,47.5,-110,-110,,,,,,,True,,,odds_api,free
2026_NFL_W06_LAC_KC_draftkings_20260907T201252Z,2026_NFL_W06_LAC_KC,2026-09-07T20:12:52.967739+00:00,2026-09-07T20:12:33Z,draftkings,-2.5,-110,-110,-142.0,120.0,46.5,-110,-110,,,,,,,True,,,odds_api,free
2026_NFL_W06_LAC_KC_betus_20260907T201252Z,2026_NFL_W06_LAC_KC,2026-09-07T20:12:52.967739+00:00,2026-09-07T20:12:35Z,betus,-2.5,-110,-110,,,46.5,-110,-110,,,,,,,True,,,odds_api,free
2026_NFL_W06_DAL_GB_draftkings_20260907T201252Z,2026_NFL_W06_DAL_GB,2026-09-07T20:12:52.967739+00:00,2026-09-07T20:12:33Z,draftkings,-3.0,-110,-110,-170.0,142.0,51.5,-110,-110,,,,,,,True,,,odds_api,free
2026_NFL_W06_DAL_GB_betus_20260907T201252Z,2026_NFL_W06_DAL_GB,2026-09-07T20:12:52.967739+00:00,2026-09-07T20:12:35Z,betus,-3.0,-110,-110,,,51.5,-110,-110,,,,,,,True,,,odds_api,free
2026_NFL_W06_WAS_SF_draftkings_20260907T201252Z,2026_NFL_W06_WAS_SF,2026-09-07T20:12:52.967739+00:00,2026-09-07T20:12:33Z,draftkings,-5.5,-110,-110,-245.0,200.0,50.5,-110,-110,,,,,,,True,,,odds_api,free
2026_NFL_W06_WAS_SF_betus_20260907T201252Z,2026_NFL_W06_WAS_SF,2026-09-07T20:12:52.967739+00:00,2026-09-07T20:12:35Z,betus,-5.5,-110,-110,,,50.5,-110,-110,,,,,,,True,,,odds_api,free
2026_NFL_W06_SEA_DEN_draftkings_20260907T212903Z,2026_NFL_W06_SEA_DEN,2026-09-07T21:29:03.685436+00:00,2026-09-07T21:28:34Z,draftkings,1.5,-105,-115,110.0,-130.0,43.5,-110,-110,,,,,,,True,,,odds_api,free
2026_NFL_W06_SEA_DEN_betus_20260907T212903Z,2026_NFL_W06_SEA_DEN,2026-09-07T21:29:03.685436+00:00,2026-09-07T21:28:33Z,betus,2.5,-115,-105,,,43.5,-110,-110,,,,,,,True,,,odds_api,free
2026_NFL_W06_HOU_JAX_draftkings_20260907T212903Z,2026_NFL_W06_HOU_JAX,2026-09-07T21:29:03.685436+00:00,2026-09-07T21:28:34Z,draftkings,-1.5,102,-122,-112.0,-108.0,42.5,-110,-110,,,,,,,True,,,odds_api,free
2026_NFL_W06_HOU_JAX_fanduel_20260907T212903Z,2026_NFL_W06_HOU_JAX,2026-09-07T21:29:03.685436+00:00,2026-09-07T21:29:02Z,fanduel,1.5,-118,-104,-104.0,-112.0,40.5,-115,-105,,,,,,,True,,,odds_api,free
2026_NFL_W06_HOU_JAX_betus_20260907T212903Z,2026_NFL_W06_HOU_JAX,2026-09-07T21:29:03.685436+00:00,2026-09-07T21:28:33Z,betus,1.5,-120,100,,,41.5,-110,-110,,,,,,,True,,,odds_api,free
2026_NFL_W06_CHI_ATL_draftkings_20260907T212903Z,2026_NFL_W06_CHI_ATL,2026-09-07T21:29:03.685436+00:00,2026-09-07T21:28:34Z,draftkings,3.0,-110,-110,136.0,-162.0,47.5,-110,-110,,,,,,,True,,,odds_api,free
2026_NFL_W06_BAL_CLE_draftkings_20260907T212903Z,2026_NFL_W06_BAL_CLE,2026-09-07T21:29:03.685436+00:00,2026-09-07T21:28:34Z,draftkings,6.5,-110,-110,205.0,-250.0,44.5,-110,-110,,,,,,,True,,,odds_api,free
2026_NFL_W06_CAR_PHI_draftkings_20260907T212903Z,2026_NFL_W06_CAR_PHI,2026-09-07T21:29:03.685436+00:00,2026-09-07T21:28:34Z,draftkings,-6.5,-110,-110,-278.0,225.0,43.5,-110,-110,,,,,,,True,,,odds_api,free
2026_NFL_W06_CAR_PHI_betus_20260907T212903Z,2026_NFL_W06_CAR_PHI,2026-09-07T21:29:03.685436+00:00,2026-09-07T21:28:33Z,betus,-6.5,-110,-110,,,43.5,-110,-110,,,,,,,True,,,odds_api,free
2026_NFL_W06_TEN_IND_draftkings_20260907T212903Z,2026_NFL_W06_TEN_IND,2026-09-07T21:29:03.685436+00:00,2026-09-07T21:28:34Z,draftkings,-3.5,-110,-110,-198.0,164.0,47.5,-110,-110,,,,,,,True,,,odds_api,free
2026_NFL_W06_TEN_IND_betus_20260907T212903Z,2026_NFL_W06_TEN_IND,2026-09-07T21:29:03.685436+00:00,2026-09-07T21:28:33Z,betus,-3.5,-110,-110,,,48.5,-110,-110,,,,,,,True,,,odds_api,free
2026_NFL_W06_NYJ_NE_draftkings_20260907T212903Z,2026_NFL_W06_NYJ_NE,2026-09-07T21:29:03.685436+00:00,2026-09-07T21:28:34Z,draftkings,-9.5,-110,-110,-440.0,340.0,42.5,-110,-110,,,,,,,True,,,odds_api,free
2026_NFL_W06_NO_NYG_draftkings_20260907T212903Z,2026_NFL_W06_NO_NYG,2026-09-07T21:29:03.685436+00:00,2026-09-07T21:28:34Z,draftkings,-2.5,-110,-110,-135.0,114.0,44.5,-110,-110,,,,,,,True,,,odds_api,free
2026_NFL_W06_NO_NYG_betus_20260907T212903Z,2026_NFL_W06_NO_NYG,2026-09-07T21:29:03.685436+00:00,2026-09-07T21:28:33Z,betus,-2.5,-115,-105,,,45.5,-110,-110,,,,,,,True,,,odds_api,free
2026_NFL_W06_PIT_TB_draftkings_20260907T212903Z,2026_NFL_W06_PIT_TB,2026-09-07T21:29:03.685436+00:00,2026-09-07T21:28:34Z,draftkings,-1.5,-110,-110,-125.0,105.0,45.5,-110,-110,,,,,,,True,,,odds_api,free
2026_NFL_W06_PIT_TB_betus_20260907T212903Z,2026_NFL_W06_PIT_TB,2026-09-07T21:29:03.685436+00:00,2026-09-07T21:28:33Z,betus,-1.5,-110,-110,,,45.5,-110,-110,,,,,,,True,,,odds_api,free
2026_NFL_W06_ARI_LAR_draftkings_20260907T212903Z,2026_NFL_W06_ARI_LAR,2026-09-07T21:29:03.685436+00:00,2026-09-07T21:28:34Z,draftkings,-13.5,-112,-108,-800.0,550.0,47.5,-110,-110,,,,,,,True,,,odds_api,free
2026_NFL_W06_BUF_LV_draftkings_20260907T212903Z,2026_NFL_W06_BUF_LV,2026-09-07T21:29:03.685436+00:00,2026-09-07T21:28:34Z,draftkings,6.5,-110,-110,215.0,-265.0,47.5,-110,-110,,,,,,,True,,,odds_api,free
2026_NFL_W06_LAC_KC_draftkings_20260907T212903Z,2026_NFL_W06_LAC_KC,2026-09-07T21:29:03.685436+00:00,2026-09-07T21:28:34Z,draftkings,-2.5,-110,-110,-142.0,120.0,46.5,-110,-110,,,,,,,True,,,odds_api,free
2026_NFL_W06_LAC_KC_betus_20260907T212903Z,2026_NFL_W06_LAC_KC,2026-09-07T21:29:03.685436+00:00,2026-09-07T21:28:33Z,betus,-2.5,-110,-110,,,46.5,-110,-110,,,,,,,True,,,odds_api,free
2026_NFL_W06_DAL_GB_draftkings_20260907T212903Z,2026_NFL_W06_DAL_GB,2026-09-07T21:29:03.685436+00:00,2026-09-07T21:28:34Z,draftkings,-3.0,-110,-110,-170.0,142.0,51.5,-110,-110,,,,,,,True,,,odds_api,free
2026_NFL_W06_DAL_GB_betus_20260907T212903Z,2026_NFL_W06_DAL_GB,2026-09-07T21:29:03.685436+00:00,2026-09-07T21:28:33Z,betus,-3.0,-110,-110,,,51.5,-110,-110,,,,,,,True,,,odds_api,free
2026_NFL_W06_WAS_SF_draftkings_20260907T212903Z,2026_NFL_W06_WAS_SF,2026-09-07T21:29:03.685436+00:00,2026-09-07T21:28:34Z,draftkings,-5.5,-110,-110,-245.0,200.0,50.5,-110,-110,,,,,,,True,,,odds_api,free
2026_NFL_W06_WAS_SF_betus_20260907T212903Z,2026_NFL_W06_WAS_SF,2026-09-07T21:29:03.685436+00:00,2026-09-07T21:28:33Z,betus,-5.5,-110,-110,,,50.5,-110,-110,,,,,,,True,,,odds_api,free
2026_NFL_W06_SEA_DEN_draftkings_20260907T221249Z,2026_NFL_W06_SEA_DEN,2026-09-07T22:12:49.839233+00:00,2026-09-07T22:10:16Z,draftkings,1.5,-105,-115,110.0,-130.0,43.5,-110,-110,,,,,,,True,,,odds_api,free
2026_NFL_W06_SEA_DEN_betus_20260907T221249Z,2026_NFL_W06_SEA_DEN,2026-09-07T22:12:49.839233+00:00,2026-09-07T22:12:40Z,betus,2.5,-115,-105,,,43.5,-110,-110,,,,,,,True,,,odds_api,free
2026_NFL_W06_HOU_JAX_draftkings_20260907T221249Z,2026_NFL_W06_HOU_JAX,2026-09-07T22:12:49.839233+00:00,2026-09-07T22:10:16Z,draftkings,-1.5,102,-122,-112.0,-108.0,42.5,-110,-110,,,,,,,True,,,odds_api,free
2026_NFL_W06_HOU_JAX_fanduel_20260907T221249Z,2026_NFL_W06_HOU_JAX,2026-09-07T22:12:49.839233+00:00,2026-09-07T22:12:40Z,fanduel,1.5,-118,-104,-104.0,-112.0,40.5,-115,-105,,,,,,,True,,,odds_api,free
2026_NFL_W06_HOU_JAX_betus_20260907T221249Z,2026_NFL_W06_HOU_JAX,2026-09-07T22:12:49.839233+00:00,2026-09-07T22:12:40Z,betus,1.5,-120,100,,,41.5,-110,-110,,,,,,,True,,,odds_api,free
2026_NFL_W06_CHI_ATL_draftkings_20260907T221249Z,2026_NFL_W06_CHI_ATL,2026-09-07T22:12:49.839233+00:00,2026-09-07T22:10:16Z,draftkings,3.0,-110,-110,136.0,-162.0,47.5,-110,-110,,,,,,,True,,,odds_api,free
2026_NFL_W06_BAL_CLE_draftkings_20260907T221249Z,2026_NFL_W06_BAL_CLE,2026-09-07T22:12:49.839233+00:00,2026-09-07T22:10:16Z,draftkings,6.5,-110,-110,205.0,-250.0,44.5,-110,-110,,,,,,,True,,,odds_api,free
2026_NFL_W06_CAR_PHI_draftkings_20260907T221249Z,2026_NFL_W06_CAR_PHI,2026-09-07T22:12:49.839233+00:00,2026-09-07T22:10:16Z,draftkings,-6.5,-110,-110,-278.0,225.0,43.5,-110,-110,,,,,,,True,,,odds_api,free
2026_NFL_W06_CAR_PHI_betus_20260907T221249Z,2026_NFL_W06_CAR_PHI,2026-09-07T22:12:49.839233+00:00,2026-09-07T22:12:40Z,betus,-6.5,-110,-110,,,43.5,-110,-110,,,,,,,True,,,odds_api,free
2026_NFL_W06_TEN_IND_draftkings_20260907T221249Z,2026_NFL_W06_TEN_IND,2026-09-07T22:12:49.839233+00:00,2026-09-07T22:10:16Z,draftkings,-3.5,-110,-110,-198.0,164.0,47.5,-110,-110,,,,,,,True,,,odds_api,free
2026_NFL_W06_TEN_IND_betus_20260907T221249Z,2026_NFL_W06_TEN_IND,2026-09-07T22:12:49.839233+00:00,2026-09-07T22:12:40Z,betus,-3.5,-110,-110,,,48.5,-110,-110,,,,,,,True,,,odds_api,free
2026_NFL_W06_NYJ_NE_draftkings_20260907T221249Z,2026_NFL_W06_NYJ_NE,2026-09-07T22:12:49.839233+00:00,2026-09-07T22:10:16Z,draftkings,-9.5,-110,-110,-440.0,340.0,42.5,-110,-110,,,,,,,True,,,odds_api,free
2026_NFL_W06_NO_NYG_draftkings_20260907T221249Z,2026_NFL_W06_NO_NYG,2026-09-07T22:12:49.839233+00:00,2026-09-07T22:10:16Z,draftkings,-2.5,-110,-110,-142.0,120.0,44.5,-110,-110,,,,,,,True,,,odds_api,free
2026_NFL_W06_NO_NYG_betus_20260907T221249Z,2026_NFL_W06_NO_NYG,2026-09-07T22:12:49.839233+00:00,2026-09-07T22:12:40Z,betus,-2.5,-115,-105,,,45.5,-110,-110,,,,,,,True,,,odds_api,free
2026_NFL_W06_PIT_TB_draftkings_20260907T221249Z,2026_NFL_W06_PIT_TB,2026-09-07T22:12:49.839233+00:00,2026-09-07T22:10:16Z,draftkings,-1.5,-110,-110,-125.0,105.0,45.5,-110,-110,,,,,,,True,,,odds_api,free
2026_NFL_W06_PIT_TB_betus_20260907T221249Z,2026_NFL_W06_PIT_TB,2026-09-07T22:12:49.839233+00:00,2026-09-07T22:12:40Z,betus,-1.5,-110,-110,,,45.5,-110,-110,,,,,,,True,,,odds_api,free
2026_NFL_W06_ARI_LAR_draftkings_20260907T221249Z,2026_NFL_W06_ARI_LAR,2026-09-07T22:12:49.839233+00:00,2026-09-07T22:10:16Z,draftkings,-13.5,-112,-108,-750.0,525.0,47.5,-110,-110,,,,,,,True,,,odds_api,free
2026_NFL_W06_BUF_LV_draftkings_20260907T221249Z,2026_NFL_W06_BUF_LV,2026-09-07T22:12:49.839233+00:00,2026-09-07T22:10:16Z,draftkings,6.5,-110,-110,215.0,-265.0,47.5,-110,-110,,,,,,,True,,,odds_api,free
2026_NFL_W06_LAC_KC_draftkings_20260907T221249Z,2026_NFL_W06_LAC_KC,2026-09-07T22:12:49.839233+00:00,2026-09-07T22:10:16Z,draftkings,-2.5,-110,-110,-142.0,120.0,46.5,-110,-110,,,,,,,True,,,odds_api,free
2026_NFL_W06_LAC_KC_betus_20260907T221249Z,2026_NFL_W06_LAC_KC,2026-09-07T22:12:49.839233+00:00,2026-09-07T22:12:40Z,betus,-2.5,-110,-110,,,46.5,-110,-110,,,,,,,True,,,odds_api,free
2026_NFL_W06_DAL_GB_draftkings_20260907T221249Z,2026_NFL_W06_DAL_GB,2026-09-07T22:12:49.839233+00:00,2026-09-07T22:10:16Z,draftkings,-3.0,-110,-110,-170.0,142.0,51.5,-110,-110,,,,,,,True,,,odds_api,free
2026_NFL_W06_DAL_GB_betus_20260907T221249Z,2026_NFL_W06_DAL_GB,2026-09-07T22:12:49.839233+00:00,2026-09-07T22:12:40Z,betus,-3.0,-110,-110,,,51.5,-110,-110,,,,,,,True,,,odds_api,free
2026_NFL_W06_WAS_SF_draftkings_20260907T221249Z,2026_NFL_W06_WAS_SF,2026-09-07T22:12:49.839233+00:00,2026-09-07T22:10:16Z,draftkings,-5.5,-110,-110,-245.0,200.0,50.5,-110,-110,,,,,,,True,,,odds_api,free
2026_NFL_W06_WAS_SF_betus_20260907T221249Z,2026_NFL_W06_WAS_SF,2026-09-07T22:12:49.839233+00:00,2026-09-07T22:12:40Z,betus,-5.5,-110,-110,,,50.5,-110,-110,,,,,,,True,,,odds_api,free
2026_NFL_W06_SEA_DEN_draftkings_20260907T230510Z,2026_NFL_W06_SEA_DEN,2026-09-07T23:05:10.258637+00:00,2026-09-07T23:04:12Z,draftkings,1.5,-105,-115,110.0,-130.0,43.5,-110,-110,,,,,,,True,,,odds_api,free
2026_NFL_W06_SEA_DEN_betus_20260907T230510Z,2026_NFL_W06_SEA_DEN,2026-09-07T23:05:10.258637+00:00,2026-09-07T23:04:11Z,betus,2.5,-115,-105,,,43.5,-110,-110,,,,,,,True,,,odds_api,free
2026_NFL_W06_HOU_JAX_draftkings_20260907T230510Z,2026_NFL_W06_HOU_JAX,2026-09-07T23:05:10.258637+00:00,2026-09-07T23:04:12Z,draftkings,-1.5,102,-122,-112.0,-108.0,42.5,-110,-110,,,,,,,True,,,odds_api,free
2026_NFL_W06_HOU_JAX_fanduel_20260907T230510Z,2026_NFL_W06_HOU_JAX,2026-09-07T23:05:10.258637+00:00,2026-09-07T23:04:54Z,fanduel,1.5,-118,-104,-104.0,-112.0,40.5,-115,-105,,,,,,,True,,,odds_api,free
2026_NFL_W06_HOU_JAX_betus_20260907T230510Z,2026_NFL_W06_HOU_JAX,2026-09-07T23:05:10.258637+00:00,2026-09-07T23:04:11Z,betus,1.5,-120,100,,,41.5,-110,-110,,,,,,,True,,,odds_api,free
2026_NFL_W06_CHI_ATL_draftkings_20260907T230510Z,2026_NFL_W06_CHI_ATL,2026-09-07T23:05:10.258637+00:00,2026-09-07T23:04:12Z,draftkings,3.0,-110,-110,136.0,-162.0,47.5,-110,-110,,,,,,,True,,,odds_api,free
2026_NFL_W06_BAL_CLE_draftkings_20260907T230510Z,2026_NFL_W06_BAL_CLE,2026-09-07T23:05:10.258637+00:00,2026-09-07T23:04:12Z,draftkings,6.5,-110,-110,205.0,-250.0,44.5,-110,-110,,,,,,,True,,,odds_api,free
2026_NFL_W06_CAR_PHI_draftkings_20260907T230510Z,2026_NFL_W06_CAR_PHI,2026-09-07T23:05:10.258637+00:00,2026-09-07T23:04:12Z,draftkings,-6.5,-110,-110,-278.0,225.0,43.5,-110,-110,,,,,,,True,,,odds_api,free
2026_NFL_W06_CAR_PHI_betus_20260907T230510Z,2026_NFL_W06_CAR_PHI,2026-09-07T23:05:10.258637+00:00,2026-09-07T23:04:11Z,betus,-6.5,-110,-110,,,43.5,-110,-110,,,,,,,True,,,odds_api,free
2026_NFL_W06_TEN_IND_draftkings_20260907T230510Z,2026_NFL_W06_TEN_IND,2026-09-07T23:05:10.258637+00:00,2026-09-07T23:04:12Z,draftkings,-3.5,-110,-110,-198.0,164.0,47.5,-110,-110,,,,,,,True,,,odds_api,free
2026_NFL_W06_TEN_IND_betus_20260907T230510Z,2026_NFL_W06_TEN_IND,2026-09-07T23:05:10.258637+00:00,2026-09-07T23:04:11Z,betus,-3.5,-110,-110,,,48.5,-110,-110,,,,,,,True,,,odds_api,free
2026_NFL_W06_NYJ_NE_draftkings_20260907T230510Z,2026_NFL_W06_NYJ_NE,2026-09-07T23:05:10.258637+00:00,2026-09-07T23:04:12Z,draftkings,-9.5,-110,-110,-440.0,340.0,42.5,-110,-110,,,,,,,True,,,odds_api,free
2026_NFL_W06_NO_NYG_draftkings_20260907T230510Z,2026_NFL_W06_NO_NYG,2026-09-07T23:05:10.258637+00:00,2026-09-07T23:04:12Z,draftkings,-2.5,-110,-110,-142.0,120.0,44.5,-110,-110,,,,,,,True,,,odds_api,free
2026_NFL_W06_NO_NYG_betus_20260907T230510Z,2026_NFL_W06_NO_NYG,2026-09-07T23:05:10.258637+00:00,2026-09-07T23:04:11Z,betus,-2.5,-115,-105,,,45.5,-110,-110,,,,,,,True,,,odds_api,free
2026_NFL_W06_PIT_TB_draftkings_20260907T230510Z,2026_NFL_W06_PIT_TB,2026-09-07T23:05:10.258637+00:00,2026-09-07T23:04:12Z,draftkings,-1.5,-110,-110,-125.0,105.0,45.5,-110,-110,,,,,,,True,,,odds_api,free
2026_NFL_W06_PIT_TB_betus_20260907T230510Z,2026_NFL_W06_PIT_TB,2026-09-07T23:05:10.258637+00:00,2026-09-07T23:04:11Z,betus,-1.5,-110,-110,,,45.5,-110,-110,,,,,,,True,,,odds_api,free
2026_NFL_W06_ARI_LAR_draftkings_20260907T230510Z,2026_NFL_W06_ARI_LAR,2026-09-07T23:05:10.258637+00:00,2026-09-07T23:04:12Z,draftkings,-13.5,-112,-108,-750.0,525.0,47.5,-110,-110,,,,,,,True,,,odds_api,free
2026_NFL_W06_BUF_LV_draftkings_20260907T230510Z,2026_NFL_W06_BUF_LV,2026-09-07T23:05:10.258637+00:00,2026-09-07T23:04:12Z,draftkings,6.5,-110,-110,220.0,-270.0,47.5,-110,-110,,,,,,,True,,,odds_api,free
2026_NFL_W06_LAC_KC_draftkings_20260907T230510Z,2026_NFL_W06_LAC_KC,2026-09-07T23:05:10.258637+00:00,2026-09-07T23:04:12Z,draftkings,-2.5,-110,-110,-142.0,120.0,46.5,-110,-110,,,,,,,True,,,odds_api,free
2026_NFL_W06_LAC_KC_betus_20260907T230510Z,2026_NFL_W06_LAC_KC,2026-09-07T23:05:10.258637+00:00,2026-09-07T23:04:11Z,betus,-2.5,-110,-110,,,46.5,-110,-110,,,,,,,True,,,odds_api,free
2026_NFL_W06_DAL_GB_draftkings_20260907T230510Z,2026_NFL_W06_DAL_GB,2026-09-07T23:05:10.258637+00:00,2026-09-07T23:04:12Z,draftkings,-3.0,-110,-110,-170.0,142.0,51.5,-110,-110,,,,,,,True,,,odds_api,free
2026_NFL_W06_DAL_GB_betus_20260907T230510Z,2026_NFL_W06_DAL_GB,2026-09-07T23:05:10.258637+00:00,2026-09-07T23:04:11Z,betus,-3.0,-110,-110,,,51.5,-110,-110,,,,,,,True,,,odds_api,free
2026_NFL_W06_WAS_SF_draftkings_20260907T230510Z,2026_NFL_W06_WAS_SF,2026-09-07T23:05:10.258637+00:00,2026-09-07T23:04:12Z,draftkings,-5.5,-110,-110,-245.0,200.0,50.5,-110,-110,,,,,,,True,,,odds_api,free
2026_NFL_W06_WAS_SF_betus_20260907T230510Z,2026_NFL_W06_WAS_SF,2026-09-07T23:05:10.258637+00:00,2026-09-07T23:04:11Z,betus,-5.5,-110,-110,,,50.5,-110,-110,,,,,,,True,,,odds_api,free
2026_NFL_W06_SEA_DEN_draftkings_20260907T231301Z,2026_NFL_W06_SEA_DEN,2026-09-07T23:13:01.148217+00:00,2026-09-07T23:12:24Z,draftkings,1.5,-105,-115,110.0,-130.0,43.5,-110,-110,,,,,,,True,,,odds_api,free
2026_NFL_W06_SEA_DEN_betus_20260907T231301Z,2026_NFL_W06_SEA_DEN,2026-09-07T23:13:01.148217+00:00,2026-09-07T23:12:44Z,betus,2.5,-115,-105,,,43.5,-110,-110,,,,,,,True,,,odds_api,free
2026_NFL_W06_HOU_JAX_draftkings_20260907T231301Z,2026_NFL_W06_HOU_JAX,2026-09-07T23:13:01.148217+00:00,2026-09-07T23:12:24Z,draftkings,-1.5,102,-122,-112.0,-108.0,42.5,-110,-110,,,,,,,True,,,odds_api,free
2026_NFL_W06_HOU_JAX_fanduel_20260907T231301Z,2026_NFL_W06_HOU_JAX,2026-09-07T23:13:01.148217+00:00,2026-09-07T23:12:23Z,fanduel,1.5,-118,-104,-104.0,-112.0,40.5,-115,-105,,,,,,,True,,,odds_api,free
2026_NFL_W06_HOU_JAX_betus_20260907T231301Z,2026_NFL_W06_HOU_JAX,2026-09-07T23:13:01.148217+00:00,2026-09-07T23:12:44Z,betus,1.5,-120,100,,,41.5,-110,-110,,,,,,,True,,,odds_api,free
2026_NFL_W06_CHI_ATL_draftkings_20260907T231301Z,2026_NFL_W06_CHI_ATL,2026-09-07T23:13:01.148217+00:00,2026-09-07T23:12:24Z,draftkings,3.0,-110,-110,136.0,-162.0,47.5,-110,-110,,,,,,,True,,,odds_api,free
2026_NFL_W06_BAL_CLE_draftkings_20260907T231301Z,2026_NFL_W06_BAL_CLE,2026-09-07T23:13:01.148217+00:00,2026-09-07T23:12:24Z,draftkings,6.5,-110,-110,205.0,-250.0,44.5,-110,-110,,,,,,,True,,,odds_api,free
2026_NFL_W06_CAR_PHI_draftkings_20260907T231301Z,2026_NFL_W06_CAR_PHI,2026-09-07T23:13:01.148217+00:00,2026-09-07T23:12:24Z,draftkings,-6.5,-110,-110,-278.0,225.0,43.5,-110,-110,,,,,,,True,,,odds_api,free
2026_NFL_W06_CAR_PHI_betus_20260907T231301Z,2026_NFL_W06_CAR_PHI,2026-09-07T23:13:01.148217+00:00,2026-09-07T23:12:44Z,betus,-6.5,-110,-110,,,43.5,-110,-110,,,,,,,True,,,odds_api,free
2026_NFL_W06_TEN_IND_draftkings_20260907T231301Z,2026_NFL_W06_TEN_IND,2026-09-07T23:13:01.148217+00:00,2026-09-07T23:12:24Z,draftkings,-3.5,-110,-110,-198.0,164.0,47.5,-110,-110,,,,,,,True,,,odds_api,free
2026_NFL_W06_TEN_IND_betus_20260907T231301Z,2026_NFL_W06_TEN_IND,2026-09-07T23:13:01.148217+00:00,2026-09-07T23:12:44Z,betus,-3.5,-110,-110,,,48.5,-110,-110,,,,,,,True,,,odds_api,free
2026_NFL_W06_NYJ_NE_draftkings_20260907T231301Z,2026_NFL_W06_NYJ_NE,2026-09-07T23:13:01.148217+00:00,2026-09-07T23:12:24Z,draftkings,-9.5,-110,-110,-440.0,340.0,42.5,-110,-110,,,,,,,True,,,odds_api,free
2026_NFL_W06_NO_NYG_draftkings_20260907T231301Z,2026_NFL_W06_NO_NYG,2026-09-07T23:13:01.148217+00:00,2026-09-07T23:12:24Z,draftkings,-2.5,-110,-110,-142.0,120.0,44.5,-110,-110,,,,,,,True,,,odds_api,free
2026_NFL_W06_NO_NYG_betus_20260907T231301Z,2026_NFL_W06_NO_NYG,2026-09-07T23:13:01.148217+00:00,2026-09-07T23:12:44Z,betus,-2.5,-115,-105,,,45.5,-110,-110,,,,,,,True,,,odds_api,free
2026_NFL_W06_PIT_TB_draftkings_20260907T231301Z,2026_NFL_W06_PIT_TB,2026-09-07T23:13:01.148217+00:00,2026-09-07T23:12:24Z,draftkings,-1.5,-110,-110,-125.0,105.0,45.5,-110,-110,,,,,,,True,,,odds_api,free
2026_NFL_W06_PIT_TB_betus_20260907T231301Z,2026_NFL_W06_PIT_TB,2026-09-07T23:13:01.148217+00:00,2026-09-07T23:12:44Z,betus,-1.5,-110,-110,,,45.5,-110,-110,,,,,,,True,,,odds_api,free
2026_NFL_W06_ARI_LAR_draftkings_20260907T231301Z,2026_NFL_W06_ARI_LAR,2026-09-07T23:13:01.148217+00:00,2026-09-07T23:12:24Z,draftkings,-13.5,-112,-108,-750.0,525.0,47.5,-110,-110,,,,,,,True,,,odds_api,free
2026_NFL_W06_BUF_LV_draftkings_20260907T231301Z,2026_NFL_W06_BUF_LV,2026-09-07T23:13:01.148217+00:00,2026-09-07T23:12:24Z,draftkings,6.5,-110,-110,220.0,-270.0,47.5,-110,-110,,,,,,,True,,,odds_api,free
2026_NFL_W06_LAC_KC_draftkings_20260907T231301Z,2026_NFL_W06_LAC_KC,2026-09-07T23:13:01.148217+00:00,2026-09-07T23:12:24Z,draftkings,-2.5,-110,-110,-142.0,120.0,46.5,-110,-110,,,,,,,True,,,odds_api,free
2026_NFL_W06_LAC_KC_betus_20260907T231301Z,2026_NFL_W06_LAC_KC,2026-09-07T23:13:01.148217+00:00,2026-09-07T23:12:44Z,betus,-2.5,-110,-110,,,46.5,-110,-110,,,,,,,True,,,odds_api,free
2026_NFL_W06_DAL_GB_draftkings_20260907T231301Z,2026_NFL_W06_DAL_GB,2026-09-07T23:13:01.148217+00:00,2026-09-07T23:12:24Z,draftkings,-3.0,-110,-110,-170.0,142.0,51.5,-110,-110,,,,,,,True,,,odds_api,free
2026_NFL_W06_DAL_GB_betus_20260907T231301Z,2026_NFL_W06_DAL_GB,2026-09-07T23:13:01.148217+00:00,2026-09-07T23:12:44Z,betus,-3.0,-110,-110,,,51.5,-110,-110,,,,,,,True,,,odds_api,free
2026_NFL_W06_WAS_SF_draftkings_20260907T231301Z,2026_NFL_W06_WAS_SF,2026-09-07T23:13:01.148217+00:00,2026-09-07T23:12:24Z,draftkings,-5.5,-110,-110,-245.0,200.0,50.5,-110,-110,,,,,,,True,,,odds_api,free
2026_NFL_W06_WAS_SF_betus_20260907T231301Z,2026_NFL_W06_WAS_SF,2026-09-07T23:13:01.148217+00:00,2026-09-07T23:12:44Z,betus,-5.5,-110,-110,,,50.5,-110,-110,,,,,,,True,,,odds_api,free
2026_NFL_W06_SEA_DEN_draftkings_20260908T001251Z,2026_NFL_W06_SEA_DEN,2026-09-08T00:12:51.163249+00:00,2026-09-08T00:11:56Z,draftkings,1.5,-105,-115,110.0,-130.0,43.5,-110,-110,,,,,,,True,,,odds_api,free
2026_NFL_W06_SEA_DEN_betus_20260908T001251Z,2026_NFL_W06_SEA_DEN,2026-09-08T00:12:51.163249+00:00,2026-09-08T00:12:41Z,betus,2.5,-115,-105,,,43.5,-110,-110,,,,,,,True,,,odds_api,free
2026_NFL_W06_HOU_JAX_draftkings_20260908T001251Z,2026_NFL_W06_HOU_JAX,2026-09-08T00:12:51.163249+00:00,2026-09-08T00:11:56Z,draftkings,-1.5,102,-122,-112.0,-108.0,42.5,-110,-110,,,,,,,True,,,odds_api,free
2026_NFL_W06_HOU_JAX_fanduel_20260908T001251Z,2026_NFL_W06_HOU_JAX,2026-09-08T00:12:51.163249+00:00,2026-09-08T00:12:38Z,fanduel,1.5,-118,-104,-104.0,-112.0,40.5,-115,-105,,,,,,,True,,,odds_api,free
2026_NFL_W06_HOU_JAX_betus_20260908T001251Z,2026_NFL_W06_HOU_JAX,2026-09-08T00:12:51.163249+00:00,2026-09-08T00:12:41Z,betus,1.5,-120,100,,,41.5,-110,-110,,,,,,,True,,,odds_api,free
2026_NFL_W06_CHI_ATL_draftkings_20260908T001251Z,2026_NFL_W06_CHI_ATL,2026-09-08T00:12:51.163249+00:00,2026-09-08T00:11:56Z,draftkings,3.0,-110,-110,136.0,-162.0,47.5,-110,-110,,,,,,,True,,,odds_api,free
2026_NFL_W06_BAL_CLE_draftkings_20260908T001251Z,2026_NFL_W06_BAL_CLE,2026-09-08T00:12:51.163249+00:00,2026-09-08T00:11:56Z,draftkings,6.5,-110,-110,205.0,-250.0,44.5,-110,-110,,,,,,,True,,,odds_api,free
2026_NFL_W06_CAR_PHI_draftkings_20260908T001251Z,2026_NFL_W06_CAR_PHI,2026-09-08T00:12:51.163249+00:00,2026-09-08T00:11:56Z,draftkings,-6.5,-110,-110,-278.0,225.0,43.5,-110,-110,,,,,,,True,,,odds_api,free
2026_NFL_W06_CAR_PHI_betus_20260908T001251Z,2026_NFL_W06_CAR_PHI,2026-09-08T00:12:51.163249+00:00,2026-09-08T00:12:41Z,betus,-6.5,-110,-110,,,43.5,-110,-110,,,,,,,True,,,odds_api,free
2026_NFL_W06_TEN_IND_draftkings_20260908T001251Z,2026_NFL_W06_TEN_IND,2026-09-08T00:12:51.163249+00:00,2026-09-08T00:11:56Z,draftkings,-3.5,-110,-110,-198.0,164.0,47.5,-110,-110,,,,,,,True,,,odds_api,free
2026_NFL_W06_TEN_IND_betus_20260908T001251Z,2026_NFL_W06_TEN_IND,2026-09-08T00:12:51.163249+00:00,2026-09-08T00:12:41Z,betus,-3.5,-110,-110,,,48.5,-110,-110,,,,,,,True,,,odds_api,free
2026_NFL_W06_NYJ_NE_draftkings_20260908T001251Z,2026_NFL_W06_NYJ_NE,2026-09-08T00:12:51.163249+00:00,2026-09-08T00:11:56Z,draftkings,-9.5,-110,-110,-440.0,340.0,42.5,-110,-110,,,,,,,True,,,odds_api,free
2026_NFL_W06_NO_NYG_draftkings_20260908T001251Z,2026_NFL_W06_NO_NYG,2026-09-08T00:12:51.163249+00:00,2026-09-08T00:11:56Z,draftkings,-2.5,-110,-110,-142.0,120.0,44.5,-110,-110,,,,,,,True,,,odds_api,free
2026_NFL_W06_NO_NYG_betus_20260908T001251Z,2026_NFL_W06_NO_NYG,2026-09-08T00:12:51.163249+00:00,2026-09-08T00:12:41Z,betus,-2.5,-115,-105,,,45.5,-110,-110,,,,,,,True,,,odds_api,free
2026_NFL_W06_PIT_TB_draftkings_20260908T001251Z,2026_NFL_W06_PIT_TB,2026-09-08T00:12:51.163249+00:00,2026-09-08T00:11:56Z,draftkings,-1.5,-110,-110,-125.0,105.0,45.5,-110,-110,,,,,,,True,,,odds_api,free
2026_NFL_W06_PIT_TB_betus_20260908T001251Z,2026_NFL_W06_PIT_TB,2026-09-08T00:12:51.163249+00:00,2026-09-08T00:12:41Z,betus,-1.5,-110,-110,,,45.5,-110,-110,,,,,,,True,,,odds_api,free
2026_NFL_W06_ARI_LAR_draftkings_20260908T001251Z,2026_NFL_W06_ARI_LAR,2026-09-08T00:12:51.163249+00:00,2026-09-08T00:11:56Z,draftkings,-13.5,-112,-108,-750.0,525.0,47.5,-110,-110,,,,,,,True,,,odds_api,free
2026_NFL_W06_BUF_LV_draftkings_20260908T001251Z,2026_NFL_W06_BUF_LV,2026-09-08T00:12:51.163249+00:00,2026-09-08T00:11:56Z,draftkings,6.5,-110,-110,220.0,-270.0,47.5,-110,-110,,,,,,,True,,,odds_api,free
2026_NFL_W06_LAC_KC_draftkings_20260908T001251Z,2026_NFL_W06_LAC_KC,2026-09-08T00:12:51.163249+00:00,2026-09-08T00:11:56Z,draftkings,-2.5,-110,-110,-142.0,120.0,46.5,-110,-110,,,,,,,True,,,odds_api,free
2026_NFL_W06_LAC_KC_betus_20260908T001251Z,2026_NFL_W06_LAC_KC,2026-09-08T00:12:51.163249+00:00,2026-09-08T00:12:41Z,betus,-2.5,-110,-110,,,46.5,-110,-110,,,,,,,True,,,odds_api,free
2026_NFL_W06_DAL_GB_draftkings_20260908T001251Z,2026_NFL_W06_DAL_GB,2026-09-08T00:12:51.163249+00:00,2026-09-08T00:11:56Z,draftkings,-3.0,-110,-110,-170.0,142.0,51.5,-110,-110,,,,,,,True,,,odds_api,free
2026_NFL_W06_DAL_GB_betus_20260908T001251Z,2026_NFL_W06_DAL_GB,2026-09-08T00:12:51.163249+00:00,2026-09-08T00:12:41Z,betus,-3.0,-110,-110,,,51.5,-110,-110,,,,,,,True,,,odds_api,free
2026_NFL_W06_WAS_SF_draftkings_20260908T001251Z,2026_NFL_W06_WAS_SF,2026-09-08T00:12:51.163249+00:00,2026-09-08T00:11:56Z,draftkings,-5.5,-110,-110,-245.0,200.0,50.5,-110,-110,,,,,,,True,,,odds_api,free
2026_NFL_W06_WAS_SF_betus_20260908T001251Z,2026_NFL_W06_WAS_SF,2026-09-08T00:12:51.163249+00:00,2026-09-08T00:12:41Z,betus,-5.5,-110,-110,,,50.5,-110,-110,,,,,,,True,,,odds_api,free
2026_NFL_W06_SEA_DEN_draftkings_20260908T141841Z,2026_NFL_W06_SEA_DEN,2026-09-08T14:18:41.613823+00:00,2026-09-08T14:18:00Z,draftkings,1.5,-105,-115,110.0,-130.0,43.5,-110,-110,,,,,,,True,,,odds_api,free
2026_NFL_W06_SEA_DEN_betus_20260908T141841Z,2026_NFL_W06_SEA_DEN,2026-09-08T14:18:41.613823+00:00,2026-09-08T14:17:31Z,betus,2.5,-115,-105,,,43.5,-110,-110,,,,,,,True,,,odds_api,free
2026_NFL_W06_HOU_JAX_draftkings_20260908T141841Z,2026_NFL_W06_HOU_JAX,2026-09-08T14:18:41.613823+00:00,2026-09-08T14:18:00Z,draftkings,-1.5,102,-122,-112.0,-108.0,42.5,-110,-110,,,,,,,True,,,odds_api,free
2026_NFL_W06_HOU_JAX_fanduel_20260908T141841Z,2026_NFL_W06_HOU_JAX,2026-09-08T14:18:41.613823+00:00,2026-09-08T14:17:58Z,fanduel,1.5,-118,-104,-104.0,-112.0,40.5,-115,-105,,,,,,,True,,,odds_api,free
2026_NFL_W06_HOU_JAX_betus_20260908T141841Z,2026_NFL_W06_HOU_JAX,2026-09-08T14:18:41.613823+00:00,2026-09-08T14:17:31Z,betus,1.5,-120,100,,,41.5,-110,-110,,,,,,,True,,,odds_api,free
2026_NFL_W06_CHI_ATL_draftkings_20260908T141841Z,2026_NFL_W06_CHI_ATL,2026-09-08T14:18:41.613823+00:00,2026-09-08T14:18:00Z,draftkings,3.0,-110,-110,130.0,-155.0,47.5,-110,-110,,,,,,,True,,,odds_api,free
2026_NFL_W06_BAL_CLE_draftkings_20260908T141841Z,2026_NFL_W06_BAL_CLE,2026-09-08T14:18:41.613823+00:00,2026-09-08T14:18:00Z,draftkings,6.5,-110,-110,205.0,-250.0,44.5,-110,-110,,,,,,,True,,,odds_api,free
2026_NFL_W06_CAR_PHI_draftkings_20260908T141841Z,2026_NFL_W06_CAR_PHI,2026-09-08T14:18:41.613823+00:00,2026-09-08T14:18:00Z,draftkings,-6.5,-110,-110,-278.0,225.0,43.5,-110,-110,,,,,,,True,,,odds_api,free
2026_NFL_W06_CAR_PHI_betus_20260908T141841Z,2026_NFL_W06_CAR_PHI,2026-09-08T14:18:41.613823+00:00,2026-09-08T14:17:31Z,betus,-6.5,-110,-110,,,43.5,-110,-110,,,,,,,True,,,odds_api,free
2026_NFL_W06_TEN_IND_draftkings_20260908T141841Z,2026_NFL_W06_TEN_IND,2026-09-08T14:18:41.613823+00:00,2026-09-08T14:18:00Z,draftkings,-3.5,-110,-110,-198.0,164.0,47.5,-110,-110,,,,,,,True,,,odds_api,free
2026_NFL_W06_TEN_IND_betus_20260908T141841Z,2026_NFL_W06_TEN_IND,2026-09-08T14:18:41.613823+00:00,2026-09-08T14:17:31Z,betus,-3.5,-110,-110,,,48.5,-110,-110,,,,,,,True,,,odds_api,free
2026_NFL_W06_NYJ_NE_draftkings_20260908T141841Z,2026_NFL_W06_NYJ_NE,2026-09-08T14:18:41.613823+00:00,2026-09-08T14:18:00Z,draftkings,-9.5,-110,-110,-440.0,340.0,42.5,-110,-110,,,,,,,True,,,odds_api,free
2026_NFL_W06_NO_NYG_draftkings_20260908T141841Z,2026_NFL_W06_NO_NYG,2026-09-08T14:18:41.613823+00:00,2026-09-08T14:18:00Z,draftkings,-2.5,-110,-110,-142.0,120.0,44.5,-110,-110,,,,,,,True,,,odds_api,free
2026_NFL_W06_NO_NYG_betus_20260908T141841Z,2026_NFL_W06_NO_NYG,2026-09-08T14:18:41.613823+00:00,2026-09-08T14:17:31Z,betus,-2.5,-115,-105,,,45.5,-110,-110,,,,,,,True,,,odds_api,free
2026_NFL_W06_PIT_TB_draftkings_20260908T141841Z,2026_NFL_W06_PIT_TB,2026-09-08T14:18:41.613823+00:00,2026-09-08T14:18:00Z,draftkings,-1.5,-110,-110,-125.0,105.0,45.5,-110,-110,,,,,,,True,,,odds_api,free
2026_NFL_W06_PIT_TB_betus_20260908T141841Z,2026_NFL_W06_PIT_TB,2026-09-08T14:18:41.613823+00:00,2026-09-08T14:17:31Z,betus,-1.5,-110,-110,,,45.5,-110,-110,,,,,,,True,,,odds_api,free
2026_NFL_W06_ARI_LAR_draftkings_20260908T141841Z,2026_NFL_W06_ARI_LAR,2026-09-08T14:18:41.613823+00:00,2026-09-08T14:18:00Z,draftkings,-13.5,-112,-108,-750.0,525.0,47.5,-110,-110,,,,,,,True,,,odds_api,free
2026_NFL_W06_BUF_LV_draftkings_20260908T141841Z,2026_NFL_W06_BUF_LV,2026-09-08T14:18:41.613823+00:00,2026-09-08T14:18:00Z,draftkings,6.5,-110,-110,220.0,-270.0,47.5,-110,-110,,,,,,,True,,,odds_api,free
2026_NFL_W06_LAC_KC_draftkings_20260908T141841Z,2026_NFL_W06_LAC_KC,2026-09-08T14:18:41.613823+00:00,2026-09-08T14:18:00Z,draftkings,-2.5,-110,-110,-142.0,120.0,46.5,-110,-110,,,,,,,True,,,odds_api,free
2026_NFL_W06_LAC_KC_betus_20260908T141841Z,2026_NFL_W06_LAC_KC,2026-09-08T14:18:41.613823+00:00,2026-09-08T14:17:31Z,betus,-2.5,-110,-110,,,46.5,-110,-110,,,,,,,True,,,odds_api,free
2026_NFL_W06_DAL_GB_draftkings_20260908T141841Z,2026_NFL_W06_DAL_GB,2026-09-08T14:18:41.613823+00:00,2026-09-08T14:18:00Z,draftkings,-3.0,-110,-110,-166.0,140.0,51.5,-110,-110,,,,,,,True,,,odds_api,free
2026_NFL_W06_DAL_GB_betus_20260908T141841Z,2026_NFL_W06_DAL_GB,2026-09-08T14:18:41.613823+00:00,2026-09-08T14:17:31Z,betus,-3.0,-110,-110,,,51.5,-110,-110,,,,,,,True,,,odds_api,free
2026_NFL_W06_WAS_SF_draftkings_20260908T141841Z,2026_NFL_W06_WAS_SF,2026-09-08T14:18:41.613823+00:00,2026-09-08T14:18:00Z,draftkings,-5.5,-110,-110,-245.0,200.0,50.5,-110,-110,,,,,,,True,,,odds_api,free
2026_NFL_W06_WAS_SF_betus_20260908T141841Z,2026_NFL_W06_WAS_SF,2026-09-08T14:18:41.613823+00:00,2026-09-08T14:17:31Z,betus,-5.5,-110,-110,,,50.5,-110,-110,,,,,,,True,,,odds_api,free
2026_NFL_W06_SEA_DEN_draftkings_20260908T230438Z,2026_NFL_W06_SEA_DEN,2026-09-08T23:04:38.981862+00:00,2026-09-08T23:04:33Z,draftkings,2.5,-115,-105,110.0,-130.0,43.5,-110,-110,,,,,,,True,,,odds_api,free
2026_NFL_W06_SEA_DEN_betus_20260908T230438Z,2026_NFL_W06_SEA_DEN,2026-09-08T23:04:38.981862+00:00,2026-09-08T23:03:40Z,betus,2.5,-115,-105,,,43.5,-110,-110,,,,,,,True,,,odds_api,free
2026_NFL_W06_HOU_JAX_draftkings_20260908T230438Z,2026_NFL_W06_HOU_JAX,2026-09-08T23:04:38.981862+00:00,2026-09-08T23:04:33Z,draftkings,-1.5,102,-122,-112.0,-108.0,42.5,-110,-110,,,,,,,True,,,odds_api,free
2026_NFL_W06_HOU_JAX_betus_20260908T230438Z,2026_NFL_W06_HOU_JAX,2026-09-08T23:04:38.981862+00:00,2026-09-08T23:03:40Z,betus,1.5,-120,100,,,41.5,-110,-110,,,,,,,True,,,odds_api,free
2026_NFL_W06_CHI_ATL_draftkings_20260908T230438Z,2026_NFL_W06_CHI_ATL,2026-09-08T23:04:38.981862+00:00,2026-09-08T23:04:33Z,draftkings,3.0,-110,-110,130.0,-155.0,47.5,-110,-110,,,,,,,True,,,odds_api,free
2026_NFL_W06_BAL_CLE_draftkings_20260908T230438Z,2026_NFL_W06_BAL_CLE,2026-09-08T23:04:38.981862+00:00,2026-09-08T23:04:33Z,draftkings,6.5,-110,-110,205.0,-250.0,44.5,-110,-110,,,,,,,True,,,odds_api,free
2026_NFL_W06_CAR_PHI_draftkings_20260908T230438Z,2026_NFL_W06_CAR_PHI,2026-09-08T23:04:38.981862+00:00,2026-09-08T23:04:33Z,draftkings,-6.5,-110,-110,-285.0,230.0,43.5,-110,-110,,,,,,,True,,,odds_api,free
2026_NFL_W06_CAR_PHI_betus_20260908T230438Z,2026_NFL_W06_CAR_PHI,2026-09-08T23:04:38.981862+00:00,2026-09-08T23:03:40Z,betus,-6.5,-110,-110,,,43.5,-110,-110,,,,,,,True,,,odds_api,free
2026_NFL_W06_TEN_IND_draftkings_20260908T230438Z,2026_NFL_W06_TEN_IND,2026-09-08T23:04:38.981862+00:00,2026-09-08T23:04:33Z,draftkings,-3.5,-110,-110,-198.0,164.0,47.5,-110,-110,,,,,,,True,,,odds_api,free
2026_NFL_W06_TEN_IND_betus_20260908T230438Z,2026_NFL_W06_TEN_IND,2026-09-08T23:04:38.981862+00:00,2026-09-08T23:03:40Z,betus,-3.5,-110,-110,,,48.5,-110,-110,,,,,,,True,,,odds_api,free
2026_NFL_W06_NYJ_NE_draftkings_20260908T230438Z,2026_NFL_W06_NYJ_NE,2026-09-08T23:04:38.981862+00:00,2026-09-08T23:04:33Z,draftkings,-9.5,-110,-110,-425.0,330.0,42.5,-110,-110,,,,,,,True,,,odds_api,free
2026_NFL_W06_NO_NYG_draftkings_20260908T230438Z,2026_NFL_W06_NO_NYG,2026-09-08T23:04:38.981862+00:00,2026-09-08T23:04:33Z,draftkings,-2.5,-110,-110,-142.0,120.0,44.5,-110,-110,,,,,,,True,,,odds_api,free
2026_NFL_W06_NO_NYG_betus_20260908T230438Z,2026_NFL_W06_NO_NYG,2026-09-08T23:04:38.981862+00:00,2026-09-08T23:03:40Z,betus,-2.5,-115,-105,,,45.5,-110,-110,,,,,,,True,,,odds_api,free
2026_NFL_W06_PIT_TB_draftkings_20260908T230438Z,2026_NFL_W06_PIT_TB,2026-09-08T23:04:38.981862+00:00,2026-09-08T23:04:33Z,draftkings,-1.5,-110,-110,-125.0,105.0,45.5,-110,-110,,,,,,,True,,,odds_api,free
2026_NFL_W06_PIT_TB_betus_20260908T230438Z,2026_NFL_W06_PIT_TB,2026-09-08T23:04:38.981862+00:00,2026-09-08T23:03:40Z,betus,-1.5,-110,-110,,,45.5,-110,-110,,,,,,,True,,,odds_api,free
2026_NFL_W06_ARI_LAR_draftkings_20260908T230438Z,2026_NFL_W06_ARI_LAR,2026-09-08T23:04:38.981862+00:00,2026-09-08T23:04:33Z,draftkings,-13.5,-112,-108,-750.0,525.0,47.5,-110,-110,,,,,,,True,,,odds_api,free
2026_NFL_W06_BUF_LV_draftkings_20260908T230438Z,2026_NFL_W06_BUF_LV,2026-09-08T23:04:38.981862+00:00,2026-09-08T23:04:33Z,draftkings,6.5,-110,-110,215.0,-265.0,47.5,-110,-110,,,,,,,True,,,odds_api,free
2026_NFL_W06_LAC_KC_draftkings_20260908T230438Z,2026_NFL_W06_LAC_KC,2026-09-08T23:04:38.981862+00:00,2026-09-08T23:04:33Z,draftkings,-2.5,-110,-110,-142.0,120.0,46.5,-110,-110,,,,,,,True,,,odds_api,free
2026_NFL_W06_LAC_KC_betus_20260908T230438Z,2026_NFL_W06_LAC_KC,2026-09-08T23:04:38.981862+00:00,2026-09-08T23:03:40Z,betus,-2.5,-110,-110,,,46.5,-110,-110,,,,,,,True,,,odds_api,free
2026_NFL_W06_DAL_GB_draftkings_20260908T230438Z,2026_NFL_W06_DAL_GB,2026-09-08T23:04:38.981862+00:00,2026-09-08T23:04:33Z,draftkings,-3.0,-110,-110,-166.0,140.0,51.5,-110,-110,,,,,,,True,,,odds_api,free
2026_NFL_W06_DAL_GB_betus_20260908T230438Z,2026_NFL_W06_DAL_GB,2026-09-08T23:04:38.981862+00:00,2026-09-08T23:03:40Z,betus,-3.0,-110,-110,,,51.5,-110,-110,,,,,,,True,,,odds_api,free
2026_NFL_W06_WAS_SF_draftkings_20260908T230438Z,2026_NFL_W06_WAS_SF,2026-09-08T23:04:38.981862+00:00,2026-09-08T23:04:33Z,draftkings,-5.5,-110,-110,-245.0,200.0,50.5,-110,-110,,,,,,,True,,,odds_api,free
2026_NFL_W06_WAS_SF_betus_20260908T230438Z,2026_NFL_W06_WAS_SF,2026-09-08T23:04:38.981862+00:00,2026-09-08T23:03:40Z,betus,-5.5,-110,-110,,,50.5,-110,-110,,,,,,,True,,,odds_api,free
2026_NFL_W06_SEA_DEN_draftkings_20260909T141640Z,2026_NFL_W06_SEA_DEN,2026-09-09T14:16:40.109976+00:00,2026-09-09T14:16:35Z,draftkings,2.5,-115,-105,110.0,-130.0,43.5,-110,-110,,,,,,,True,,,odds_api,free
2026_NFL_W06_SEA_DEN_betus_20260909T141640Z,2026_NFL_W06_SEA_DEN,2026-09-09T14:16:40.109976+00:00,2026-09-09T14:16:36Z,betus,2.5,-115,-105,,,43.5,-110,-110,,,,,,,True,,,odds_api,free
2026_NFL_W06_HOU_JAX_draftkings_20260909T141640Z,2026_NFL_W06_HOU_JAX,2026-09-09T14:16:40.109976+00:00,2026-09-09T14:16:35Z,draftkings,-1.5,102,-122,-112.0,-108.0,42.5,-110,-110,,,,,,,True,,,odds_api,free
2026_NFL_W06_HOU_JAX_betus_20260909T141640Z,2026_NFL_W06_HOU_JAX,2026-09-09T14:16:40.109976+00:00,2026-09-09T14:16:36Z,betus,1.5,-120,100,,,41.5,-110,-110,,,,,,,True,,,odds_api,free
2026_NFL_W06_CHI_ATL_draftkings_20260909T141640Z,2026_NFL_W06_CHI_ATL,2026-09-09T14:16:40.109976+00:00,2026-09-09T14:16:35Z,draftkings,3.0,-110,-110,130.0,-155.0,47.5,-110,-110,,,,,,,True,,,odds_api,free
2026_NFL_W06_BAL_CLE_draftkings_20260909T141640Z,2026_NFL_W06_BAL_CLE,2026-09-09T14:16:40.109976+00:00,2026-09-09T14:16:35Z,draftkings,6.5,-110,-110,205.0,-250.0,44.5,-110,-110,,,,,,,True,,,odds_api,free
2026_NFL_W06_CAR_PHI_draftkings_20260909T141640Z,2026_NFL_W06_CAR_PHI,2026-09-09T14:16:40.109976+00:00,2026-09-09T14:16:35Z,draftkings,-6.5,-110,-110,-285.0,230.0,43.5,-110,-110,,,,,,,True,,,odds_api,free
2026_NFL_W06_CAR_PHI_betus_20260909T141640Z,2026_NFL_W06_CAR_PHI,2026-09-09T14:16:40.109976+00:00,2026-09-09T14:16:36Z,betus,-6.5,-110,-110,,,43.5,-110,-110,,,,,,,True,,,odds_api,free
2026_NFL_W06_TEN_IND_draftkings_20260909T141640Z,2026_NFL_W06_TEN_IND,2026-09-09T14:16:40.109976+00:00,2026-09-09T14:16:35Z,draftkings,-3.5,-110,-110,-198.0,164.0,47.5,-110,-110,,,,,,,True,,,odds_api,free
2026_NFL_W06_TEN_IND_betus_20260909T141640Z,2026_NFL_W06_TEN_IND,2026-09-09T14:16:40.109976+00:00,2026-09-09T14:16:36Z,betus,-3.5,-110,-110,,,48.5,-110,-110,,,,,,,True,,,odds_api,free
2026_NFL_W06_NYJ_NE_draftkings_20260909T141640Z,2026_NFL_W06_NYJ_NE,2026-09-09T14:16:40.109976+00:00,2026-09-09T14:16:35Z,draftkings,-9.5,-110,-110,-425.0,330.0,42.5,-110,-110,,,,,,,True,,,odds_api,free
2026_NFL_W06_NO_NYG_draftkings_20260909T141640Z,2026_NFL_W06_NO_NYG,2026-09-09T14:16:40.109976+00:00,2026-09-09T14:16:35Z,draftkings,-2.5,-110,-110,-142.0,120.0,44.5,-110,-110,,,,,,,True,,,odds_api,free
2026_NFL_W06_NO_NYG_betus_20260909T141640Z,2026_NFL_W06_NO_NYG,2026-09-09T14:16:40.109976+00:00,2026-09-09T14:16:36Z,betus,-2.5,-115,-105,,,45.5,-110,-110,,,,,,,True,,,odds_api,free
2026_NFL_W06_PIT_TB_draftkings_20260909T141640Z,2026_NFL_W06_PIT_TB,2026-09-09T14:16:40.109976+00:00,2026-09-09T14:16:35Z,draftkings,-1.5,-110,-110,-125.0,105.0,45.5,-110,-110,,,,,,,True,,,odds_api,free
2026_NFL_W06_PIT_TB_betus_20260909T141640Z,2026_NFL_W06_PIT_TB,2026-09-09T14:16:40.109976+00:00,2026-09-09T14:16:36Z,betus,-1.5,-110,-110,,,45.5,-110,-110,,,,,,,True,,,odds_api,free
2026_NFL_W06_ARI_LAR_draftkings_20260909T141640Z,2026_NFL_W06_ARI_LAR,2026-09-09T14:16:40.109976+00:00,2026-09-09T14:16:35Z,draftkings,-13.5,-112,-108,-750.0,525.0,47.5,-110,-110,,,,,,,True,,,odds_api,free
2026_NFL_W06_BUF_LV_draftkings_20260909T141640Z,2026_NFL_W06_BUF_LV,2026-09-09T14:16:40.109976+00:00,2026-09-09T14:16:35Z,draftkings,6.5,-110,-110,215.0,-265.0,47.5,-110,-110,,,,,,,True,,,odds_api,free
2026_NFL_W06_LAC_KC_draftkings_20260909T141640Z,2026_NFL_W06_LAC_KC,2026-09-09T14:16:40.109976+00:00,2026-09-09T14:16:35Z,draftkings,-2.5,-110,-110,-142.0,120.0,46.5,-110,-110,,,,,,,True,,,odds_api,free
2026_NFL_W06_LAC_KC_betus_20260909T141640Z,2026_NFL_W06_LAC_KC,2026-09-09T14:16:40.109976+00:00,2026-09-09T14:16:36Z,betus,-2.5,-110,-110,,,46.5,-110,-110,,,,,,,True,,,odds_api,free
2026_NFL_W06_DAL_GB_draftkings_20260909T141640Z,2026_NFL_W06_DAL_GB,2026-09-09T14:16:40.109976+00:00,2026-09-09T14:16:35Z,draftkings,-3.0,-110,-110,-166.0,140.0,51.5,-110,-110,,,,,,,True,,,odds_api,free
2026_NFL_W06_DAL_GB_betus_20260909T141640Z,2026_NFL_W06_DAL_GB,2026-09-09T14:16:40.109976+00:00,2026-09-09T14:16:36Z,betus,-3.0,-110,-110,,,51.5,-110,-110,,,,,,,True,,,odds_api,free
2026_NFL_W06_WAS_SF_draftkings_20260909T141640Z,2026_NFL_W06_WAS_SF,2026-09-09T14:16:40.109976+00:00,2026-09-09T14:16:35Z,draftkings,-5.5,-110,-110,-245.0,200.0,50.5,-110,-110,,,,,,,True,,,odds_api,free
2026_NFL_W06_WAS_SF_betus_20260909T141640Z,2026_NFL_W06_WAS_SF,2026-09-09T14:16:40.109976+00:00,2026-09-09T14:16:36Z,betus,-5.5,-110,-110,,,50.5,-110,-110,,,,,,,True,,,odds_api,free
2026_NFL_W06_SEA_DEN_draftkings_20260909T230417Z,2026_NFL_W06_SEA_DEN,2026-09-09T23:04:17.229727+00:00,2026-09-09T23:03:51Z,draftkings,1.5,-105,-115,110.0,-130.0,43.5,-110,-110,,,,,,,True,,,odds_api,free
2026_NFL_W06_SEA_DEN_betus_20260909T230417Z,2026_NFL_W06_SEA_DEN,2026-09-09T23:04:17.229727+00:00,2026-09-09T23:03:02Z,betus,2.5,-115,-105,,,43.5,-110,-110,,,,,,,True,,,odds_api,free
2026_NFL_W06_HOU_JAX_draftkings_20260909T230417Z,2026_NFL_W06_HOU_JAX,2026-09-09T23:04:17.229727+00:00,2026-09-09T23:03:51Z,draftkings,-1.5,102,-122,-112.0,-108.0,42.5,-110,-110,,,,,,,True,,,odds_api,free
2026_NFL_W06_HOU_JAX_betus_20260909T230417Z,2026_NFL_W06_HOU_JAX,2026-09-09T23:04:17.229727+00:00,2026-09-09T23:03:02Z,betus,1.5,-120,100,,,41.5,-110,-110,,,,,,,True,,,odds_api,free
2026_NFL_W06_CHI_ATL_draftkings_20260909T230417Z,2026_NFL_W06_CHI_ATL,2026-09-09T23:04:17.229727+00:00,2026-09-09T23:03:51Z,draftkings,3.0,-110,-110,130.0,-155.0,47.5,-110,-110,,,,,,,True,,,odds_api,free
2026_NFL_W06_BAL_CLE_draftkings_20260909T230417Z,2026_NFL_W06_BAL_CLE,2026-09-09T23:04:17.229727+00:00,2026-09-09T23:03:51Z,draftkings,6.5,-110,-110,205.0,-250.0,44.5,-110,-110,,,,,,,True,,,odds_api,free
2026_NFL_W06_CAR_PHI_draftkings_20260909T230417Z,2026_NFL_W06_CAR_PHI,2026-09-09T23:04:17.229727+00:00,2026-09-09T23:03:51Z,draftkings,-6.5,-110,-110,-278.0,225.0,43.5,-110,-110,,,,,,,True,,,odds_api,free
2026_NFL_W06_CAR_PHI_betus_20260909T230417Z,2026_NFL_W06_CAR_PHI,2026-09-09T23:04:17.229727+00:00,2026-09-09T23:03:02Z,betus,-6.5,-110,-110,,,43.5,-110,-110,,,,,,,True,,,odds_api,free
2026_NFL_W06_TEN_IND_draftkings_20260909T230417Z,2026_NFL_W06_TEN_IND,2026-09-09T23:04:17.229727+00:00,2026-09-09T23:03:51Z,draftkings,-3.5,-110,-110,-198.0,164.0,47.5,-110,-110,,,,,,,True,,,odds_api,free
2026_NFL_W06_TEN_IND_betus_20260909T230417Z,2026_NFL_W06_TEN_IND,2026-09-09T23:04:17.229727+00:00,2026-09-09T23:03:02Z,betus,-3.5,-110,-110,,,48.5,-110,-110,,,,,,,True,,,odds_api,free
2026_NFL_W06_NYJ_NE_draftkings_20260909T230417Z,2026_NFL_W06_NYJ_NE,2026-09-09T23:04:17.229727+00:00,2026-09-09T23:03:51Z,draftkings,-9.5,-110,-110,-440.0,340.0,42.5,-110,-110,,,,,,,True,,,odds_api,free
2026_NFL_W06_NO_NYG_draftkings_20260909T230417Z,2026_NFL_W06_NO_NYG,2026-09-09T23:04:17.229727+00:00,2026-09-09T23:03:51Z,draftkings,-2.5,-110,-110,-142.0,120.0,44.5,-110,-110,,,,,,,True,,,odds_api,free
2026_NFL_W06_NO_NYG_betus_20260909T230417Z,2026_NFL_W06_NO_NYG,2026-09-09T23:04:17.229727+00:00,2026-09-09T23:03:02Z,betus,-2.5,-115,-105,,,45.5,-110,-110,,,,,,,True,,,odds_api,free
2026_NFL_W06_PIT_TB_draftkings_20260909T230417Z,2026_NFL_W06_PIT_TB,2026-09-09T23:04:17.229727+00:00,2026-09-09T23:03:51Z,draftkings,-1.5,-110,-110,-125.0,105.0,45.5,-110,-110,,,,,,,True,,,odds_api,free
2026_NFL_W06_PIT_TB_betus_20260909T230417Z,2026_NFL_W06_PIT_TB,2026-09-09T23:04:17.229727+00:00,2026-09-09T23:03:02Z,betus,-1.5,-110,-110,,,45.5,-110,-110,,,,,,,True,,,odds_api,free
2026_NFL_W06_ARI_LAR_draftkings_20260909T230417Z,2026_NFL_W06_ARI_LAR,2026-09-09T23:04:17.229727+00:00,2026-09-09T23:03:51Z,draftkings,-13.5,-112,-108,-750.0,525.0,47.5,-110,-110,,,,,,,True,,,odds_api,free
2026_NFL_W06_BUF_LV_draftkings_20260909T230417Z,2026_NFL_W06_BUF_LV,2026-09-09T23:04:17.229727+00:00,2026-09-09T23:03:51Z,draftkings,6.5,-110,-110,220.0,-270.0,47.5,-110,-110,,,,,,,True,,,odds_api,free
2026_NFL_W06_LAC_KC_draftkings_20260909T230417Z,2026_NFL_W06_LAC_KC,2026-09-09T23:04:17.229727+00:00,2026-09-09T23:03:51Z,draftkings,-2.5,-110,-110,-142.0,120.0,46.5,-110,-110,,,,,,,True,,,odds_api,free
2026_NFL_W06_LAC_KC_betus_20260909T230417Z,2026_NFL_W06_LAC_KC,2026-09-09T23:04:17.229727+00:00,2026-09-09T23:03:02Z,betus,-2.5,-110,-110,,,46.5,-110,-110,,,,,,,True,,,odds_api,free
2026_NFL_W06_DAL_GB_draftkings_20260909T230417Z,2026_NFL_W06_DAL_GB,2026-09-09T23:04:17.229727+00:00,2026-09-09T23:03:51Z,draftkings,-3.0,-110,-110,-166.0,140.0,51.5,-110,-110,,,,,,,True,,,odds_api,free
2026_NFL_W06_DAL_GB_betus_20260909T230417Z,2026_NFL_W06_DAL_GB,2026-09-09T23:04:17.229727+00:00,2026-09-09T23:03:02Z,betus,-3.0,-110,-110,,,51.5,-110,-110,,,,,,,True,,,odds_api,free
2026_NFL_W06_WAS_SF_draftkings_20260909T230417Z,2026_NFL_W06_WAS_SF,2026-09-09T23:04:17.229727+00:00,2026-09-09T23:03:51Z,draftkings,-5.5,-110,-110,-250.0,205.0,50.5,-110,-110,,,,,,,True,,,odds_api,free
2026_NFL_W06_WAS_SF_betus_20260909T230417Z,2026_NFL_W06_WAS_SF,2026-09-09T23:04:17.229727+00:00,2026-09-09T23:03:02Z,betus,-5.5,-110,-110,,,50.5,-110,-110,,,,,,,True,,,odds_api,free
2026_NFL_W06_HOU_JAX_draftkings_20260910T141608Z,2026_NFL_W06_HOU_JAX,2026-09-10T14:16:08.007204+00:00,2026-09-10T14:14:09Z,draftkings,-1.5,102.0,-122.0,-112.0,-108.0,42.5,-110,-110,,,,,,,True,,,odds_api,free
2026_NFL_W06_HOU_JAX_betus_20260910T141608Z,2026_NFL_W06_HOU_JAX,2026-09-10T14:16:08.007204+00:00,2026-09-10T14:15:01Z,betus,1.5,-120.0,100.0,,,41.5,-110,-110,,,,,,,True,,,odds_api,free
2026_NFL_W06_CHI_ATL_draftkings_20260910T141608Z,2026_NFL_W06_CHI_ATL,2026-09-10T14:16:08.007204+00:00,2026-09-10T14:14:09Z,draftkings,3.0,-110.0,-110.0,130.0,-155.0,47.5,-110,-110,,,,,,,True,,,odds_api,free
2026_NFL_W06_BAL_CLE_draftkings_20260910T141608Z,2026_NFL_W06_BAL_CLE,2026-09-10T14:16:08.007204+00:00,2026-09-10T14:14:09Z,draftkings,6.5,-110.0,-110.0,205.0,-250.0,44.5,-110,-110,,,,,,,True,,,odds_api,free
2026_NFL_W06_CAR_PHI_draftkings_20260910T141608Z,2026_NFL_W06_CAR_PHI,2026-09-10T14:16:08.007204+00:00,2026-09-10T14:14:09Z,draftkings,-6.5,-110.0,-110.0,-278.0,225.0,43.5,-110,-110,,,,,,,True,,,odds_api,free
2026_NFL_W06_CAR_PHI_betus_20260910T141608Z,2026_NFL_W06_CAR_PHI,2026-09-10T14:16:08.007204+00:00,2026-09-10T14:15:01Z,betus,-6.5,-110.0,-110.0,,,43.5,-110,-110,,,,,,,True,,,odds_api,free
2026_NFL_W06_TEN_IND_draftkings_20260910T141608Z,2026_NFL_W06_TEN_IND,2026-09-10T14:16:08.007204+00:00,2026-09-10T14:14:09Z,draftkings,-3.5,-110.0,-110.0,-198.0,164.0,47.5,-110,-110,,,,,,,True,,,odds_api,free
2026_NFL_W06_TEN_IND_betus_20260910T141608Z,2026_NFL_W06_TEN_IND,2026-09-10T14:16:08.007204+00:00,2026-09-10T14:15:01Z,betus,-3.5,-110.0,-110.0,,,48.5,-110,-110,,,,,,,True,,,odds_api,free
2026_NFL_W06_NO_NYG_draftkings_20260910T141608Z,2026_NFL_W06_NO_NYG,2026-09-10T14:16:08.007204+00:00,2026-09-10T14:14:09Z,draftkings,-2.5,-110.0,-110.0,-142.0,120.0,44.5,-110,-110,,,,,,,True,,,odds_api,free
2026_NFL_W06_NO_NYG_betus_20260910T141608Z,2026_NFL_W06_NO_NYG,2026-09-10T14:16:08.007204+00:00,2026-09-10T14:15:01Z,betus,-2.5,-115.0,-105.0,,,45.5,-110,-110,,,,,,,True,,,odds_api,free
2026_NFL_W06_PIT_TB_draftkings_20260910T141608Z,2026_NFL_W06_PIT_TB,2026-09-10T14:16:08.007204+00:00,2026-09-10T14:14:09Z,draftkings,-1.5,-110.0,-110.0,-125.0,105.0,45.5,-110,-110,,,,,,,True,,,odds_api,free
2026_NFL_W06_PIT_TB_betus_20260910T141608Z,2026_NFL_W06_PIT_TB,2026-09-10T14:16:08.007204+00:00,2026-09-10T14:15:01Z,betus,-1.5,-110.0,-110.0,,,45.5,-110,-110,,,,,,,True,,,odds_api,free
2026_NFL_W06_ARI_LAR_draftkings_20260910T141608Z,2026_NFL_W06_ARI_LAR,2026-09-10T14:16:08.007204+00:00,2026-09-10T14:14:09Z,draftkings,-13.5,-112.0,-108.0,-750.0,525.0,47.5,-110,-110,,,,,,,True,,,odds_api,free
2026_NFL_W06_BUF_LV_draftkings_20260910T141608Z,2026_NFL_W06_BUF_LV,2026-09-10T14:16:08.007204+00:00,2026-09-10T14:14:09Z,draftkings,6.5,-110.0,-110.0,220.0,-270.0,47.5,-110,-110,,,,,,,True,,,odds_api,free
2026_NFL_W06_LAC_KC_draftkings_20260910T141608Z,2026_NFL_W06_LAC_KC,2026-09-10T14:16:08.007204+00:00,2026-09-10T14:14:09Z,draftkings,-2.5,-110.0,-110.0,-142.0,120.0,46.5,-110,-110,,,,,,,True,,,odds_api,free
2026_NFL_W06_LAC_KC_betus_20260910T141608Z,2026_NFL_W06_LAC_KC,2026-09-10T14:16:08.007204+00:00,2026-09-10T14:15:01Z,betus,-2.5,-110.0,-110.0,,,46.5,-110,-110,,,,,,,True,,,odds_api,free
2026_NFL_W06_DAL_GB_draftkings_20260910T141608Z,2026_NFL_W06_DAL_GB,2026-09-10T14:16:08.007204+00:00,2026-09-10T14:14:09Z,draftkings,-3.0,-110.0,-110.0,-166.0,140.0,51.5,-110,-110,,,,,,,True,,,odds_api,free
2026_NFL_W06_DAL_GB_betus_20260910T141608Z,2026_NFL_W06_DAL_GB,2026-09-10T14:16:08.007204+00:00,2026-09-10T14:15:01Z,betus,-3.0,-110.0,-110.0,,,51.5,-110,-110,,,,,,,True,,,odds_api,free
2026_NFL_W06_WAS_SF_draftkings_20260910T141608Z,2026_NFL_W06_WAS_SF,2026-09-10T14:16:08.007204+00:00,2026-09-10T14:14:09Z,draftkings,-5.5,-110.0,-110.0,-245.0,200.0,50.5,-110,-110,,,,,,,True,,,odds_api,free
2026_NFL_W06_WAS_SF_betus_20260910T141608Z,2026_NFL_W06_WAS_SF,2026-09-10T14:16:08.007204+00:00,2026-09-10T14:15:01Z,betus,-5.5,-110.0,-110.0,,,50.5,-110,-110,,,,,,,True,,,odds_api,free
2026_NFL_W06_HOU_JAX_draftkings_20260910T191301Z,2026_NFL_W06_HOU_JAX,2026-09-10T19:13:01.763404+00:00,2026-09-10T19:13:01Z,draftkings,-1.5,102,-122,-112.0,-108.0,42.5,-110,-110,,,,,,,True,,,odds_api,free
2026_NFL_W06_HOU_JAX_betus_20260910T191301Z,2026_NFL_W06_HOU_JAX,2026-09-10T19:13:01.763404+00:00,2026-09-10T19:12:17Z,betus,1.5,-120,100,,,41.5,-110,-110,,,,,,,True,,,odds_api,free
2026_NFL_W06_CHI_ATL_draftkings_20260910T191301Z,2026_NFL_W06_CHI_ATL,2026-09-10T19:13:01.763404+00:00,2026-09-10T19:13:01Z,draftkings,3.0,-110,-110,130.0,-155.0,47.5,-110,-110,,,,,,,True,,,odds_api,free
2026_NFL_W06_BAL_CLE_draftkings_20260910T191301Z,2026_NFL_W06_BAL_CLE,2026-09-10T19:13:01.763404+00:00,2026-09-10T19:13:01Z,draftkings,6.5,-110,-110,205.0,-250.0,44.5,-110,-110,,,,,,,True,,,odds_api,free
2026_NFL_W06_CAR_PHI_draftkings_20260910T191301Z,2026_NFL_W06_CAR_PHI,2026-09-10T19:13:01.763404+00:00,2026-09-10T19:13:01Z,draftkings,-6.5,-110,-110,-278.0,225.0,43.5,-110,-110,,,,,,,True,,,odds_api,free
2026_NFL_W06_CAR_PHI_betus_20260910T191301Z,2026_NFL_W06_CAR_PHI,2026-09-10T19:13:01.763404+00:00,2026-09-10T19:12:17Z,betus,-6.5,-110,-110,,,43.5,-110,-110,,,,,,,True,,,odds_api,free
2026_NFL_W06_TEN_IND_draftkings_20260910T191301Z,2026_NFL_W06_TEN_IND,2026-09-10T19:13:01.763404+00:00,2026-09-10T19:13:01Z,draftkings,-3.5,-110,-110,-198.0,164.0,47.5,-110,-110,,,,,,,True,,,odds_api,free
2026_NFL_W06_TEN_IND_betus_20260910T191301Z,2026_NFL_W06_TEN_IND,2026-09-10T19:13:01.763404+00:00,2026-09-10T19:12:17Z,betus,-3.5,-110,-110,,,48.5,-110,-110,,,,,,,True,,,odds_api,free
2026_NFL_W06_NO_NYG_draftkings_20260910T191301Z,2026_NFL_W06_NO_NYG,2026-09-10T19:13:01.763404+00:00,2026-09-10T19:13:01Z,draftkings,-2.5,-110,-110,-142.0,120.0,44.5,-110,-110,,,,,,,True,,,odds_api,free
2026_NFL_W06_NO_NYG_betus_20260910T191301Z,2026_NFL_W06_NO_NYG,2026-09-10T19:13:01.763404+00:00,2026-09-10T19:12:17Z,betus,-2.5,-115,-105,,,45.5,-110,-110,,,,,,,True,,,odds_api,free
2026_NFL_W06_PIT_TB_draftkings_20260910T191301Z,2026_NFL_W06_PIT_TB,2026-09-10T19:13:01.763404+00:00,2026-09-10T19:13:01Z,draftkings,-1.5,-110,-110,-125.0,105.0,45.5,-110,-110,,,,,,,True,,,odds_api,free
2026_NFL_W06_PIT_TB_betus_20260910T191301Z,2026_NFL_W06_PIT_TB,2026-09-10T19:13:01.763404+00:00,2026-09-10T19:12:17Z,betus,-1.5,-110,-110,,,45.5,-110,-110,,,,,,,True,,,odds_api,free
2026_NFL_W06_ARI_LAR_draftkings_20260910T191301Z,2026_NFL_W06_ARI_LAR,2026-09-10T19:13:01.763404+00:00,2026-09-10T19:13:01Z,draftkings,-13.5,-112,-108,-750.0,525.0,47.5,-110,-110,,,,,,,True,,,odds_api,free
2026_NFL_W06_BUF_LV_draftkings_20260910T191301Z,2026_NFL_W06_BUF_LV,2026-09-10T19:13:01.763404+00:00,2026-09-10T19:13:01Z,draftkings,6.5,-110,-110,220.0,-270.0,47.5,-110,-110,,,,,,,True,,,odds_api,free
2026_NFL_W06_LAC_KC_draftkings_20260910T191301Z,2026_NFL_W06_LAC_KC,2026-09-10T19:13:01.763404+00:00,2026-09-10T19:13:01Z,draftkings,-2.5,-110,-110,-142.0,120.0,46.5,-110,-110,,,,,,,True,,,odds_api,free
2026_NFL_W06_LAC_KC_betus_20260910T191301Z,2026_NFL_W06_LAC_KC,2026-09-10T19:13:01.763404+00:00,2026-09-10T19:12:17Z,betus,-2.5,-110,-110,,,46.5,-110,-110,,,,,,,True,,,odds_api,free
2026_NFL_W06_DAL_GB_draftkings_20260910T191301Z,2026_NFL_W06_DAL_GB,2026-09-10T19:13:01.763404+00:00,2026-09-10T19:13:01Z,draftkings,-3.0,-110,-110,-166.0,140.0,51.5,-110,-110,,,,,,,True,,,odds_api,free
2026_NFL_W06_DAL_GB_betus_20260910T191301Z,2026_NFL_W06_DAL_GB,2026-09-10T19:13:01.763404+00:00,2026-09-10T19:12:17Z,betus,-3.0,-110,-110,,,51.5,-110,-110,,,,,,,True,,,odds_api,free
2026_NFL_W06_WAS_SF_draftkings_20260910T191301Z,2026_NFL_W06_WAS_SF,2026-09-10T19:13:01.763404+00:00,2026-09-10T19:13:01Z,draftkings,-5.5,-110,-110,-245.0,200.0,50.5,-110,-110,,,,,,,True,,,odds_api,free
2026_NFL_W06_WAS_SF_betus_20260910T191301Z,2026_NFL_W06_WAS_SF,2026-09-10T19:13:01.763404+00:00,2026-09-10T19:12:17Z,betus,-5.5,-110,-110,,,50.5,-110,-110,,,,,,,True,,,odds_api,free
2026_NFL_W06_HOU_JAX_draftkings_20260910T201307Z,2026_NFL_W06_HOU_JAX,2026-09-10T20:13:07.772620+00:00,2026-09-10T20:10:32Z,draftkings,-1.5,102.0,-122.0,-112.0,-108.0,42.5,-110,-110,,,,,,,True,,,odds_api,free
2026_NFL_W06_HOU_JAX_betus_20260910T201307Z,2026_NFL_W06_HOU_JAX,2026-09-10T20:13:07.772620+00:00,2026-09-10T20:12:52Z,betus,1.5,-120.0,100.0,,,41.5,-110,-110,,,,,,,True,,,odds_api,free
2026_NFL_W06_CHI_ATL_draftkings_20260910T201307Z,2026_NFL_W06_CHI_ATL,2026-09-10T20:13:07.772620+00:00,2026-09-10T20:10:32Z,draftkings,3.0,-110.0,-110.0,130.0,-155.0,47.5,-110,-110,,,,,,,True,,,odds_api,free
2026_NFL_W06_BAL_CLE_draftkings_20260910T201307Z,2026_NFL_W06_BAL_CLE,2026-09-10T20:13:07.772620+00:00,2026-09-10T20:10:32Z,draftkings,6.5,-110.0,-110.0,205.0,-250.0,44.5,-110,-110,,,,,,,True,,,odds_api,free
2026_NFL_W06_CAR_PHI_draftkings_20260910T201307Z,2026_NFL_W06_CAR_PHI,2026-09-10T20:13:07.772620+00:00,2026-09-10T20:10:32Z,draftkings,-6.5,-110.0,-110.0,-278.0,225.0,43.5,-110,-110,,,,,,,True,,,odds_api,free
2026_NFL_W06_CAR_PHI_betus_20260910T201307Z,2026_NFL_W06_CAR_PHI,2026-09-10T20:13:07.772620+00:00,2026-09-10T20:12:52Z,betus,-6.5,-110.0,-110.0,,,43.5,-110,-110,,,,,,,True,,,odds_api,free
2026_NFL_W06_TEN_IND_draftkings_20260910T201307Z,2026_NFL_W06_TEN_IND,2026-09-10T20:13:07.772620+00:00,2026-09-10T20:10:32Z,draftkings,-3.5,-110.0,-110.0,-198.0,164.0,47.5,-110,-110,,,,,,,True,,,odds_api,free
2026_NFL_W06_TEN_IND_betus_20260910T201307Z,2026_NFL_W06_TEN_IND,2026-09-10T20:13:07.772620+00:00,2026-09-10T20:12:52Z,betus,-3.5,-110.0,-110.0,,,48.5,-110,-110,,,,,,,True,,,odds_api,free
2026_NFL_W06_NO_NYG_draftkings_20260910T201307Z,2026_NFL_W06_NO_NYG,2026-09-10T20:13:07.772620+00:00,2026-09-10T20:10:32Z,draftkings,-2.5,-110.0,-110.0,-142.0,120.0,44.5,-110,-110,,,,,,,True,,,odds_api,free
2026_NFL_W06_NO_NYG_betus_20260910T201307Z,2026_NFL_W06_NO_NYG,2026-09-10T20:13:07.772620+00:00,2026-09-10T20:12:52Z,betus,-2.5,-115.0,-105.0,,,45.5,-110,-110,,,,,,,True,,,odds_api,free
2026_NFL_W06_PIT_TB_draftkings_20260910T201307Z,2026_NFL_W06_PIT_TB,2026-09-10T20:13:07.772620+00:00,2026-09-10T20:10:32Z,draftkings,-1.5,-110.0,-110.0,-125.0,105.0,45.5,-110,-110,,,,,,,True,,,odds_api,free
2026_NFL_W06_PIT_TB_betus_20260910T201307Z,2026_NFL_W06_PIT_TB,2026-09-10T20:13:07.772620+00:00,2026-09-10T20:12:52Z,betus,-1.5,-110.0,-110.0,,,45.5,-110,-110,,,,,,,True,,,odds_api,free
2026_NFL_W06_ARI_LAR_draftkings_20260910T201307Z,2026_NFL_W06_ARI_LAR,2026-09-10T20:13:07.772620+00:00,2026-09-10T20:10:32Z,draftkings,-13.5,-112.0,-108.0,-750.0,525.0,47.5,-110,-110,,,,,,,True,,,odds_api,free
2026_NFL_W06_BUF_LV_draftkings_20260910T201307Z,2026_NFL_W06_BUF_LV,2026-09-10T20:13:07.772620+00:00,2026-09-10T20:10:32Z,draftkings,6.5,-110.0,-110.0,220.0,-270.0,47.5,-110,-110,,,,,,,True,,,odds_api,free
2026_NFL_W06_LAC_KC_draftkings_20260910T201307Z,2026_NFL_W06_LAC_KC,2026-09-10T20:13:07.772620+00:00,2026-09-10T20:10:32Z,draftkings,-2.5,-110.0,-110.0,-142.0,120.0,46.5,-110,-110,,,,,,,True,,,odds_api,free
2026_NFL_W06_LAC_KC_betus_20260910T201307Z,2026_NFL_W06_LAC_KC,2026-09-10T20:13:07.772620+00:00,2026-09-10T20:12:52Z,betus,-2.5,-110.0,-110.0,,,46.5,-110,-110,,,,,,,True,,,odds_api,free
2026_NFL_W06_DAL_GB_draftkings_20260910T201307Z,2026_NFL_W06_DAL_GB,2026-09-10T20:13:07.772620+00:00,2026-09-10T20:10:32Z,draftkings,-3.0,-110.0,-110.0,-166.0,140.0,51.5,-110,-110,,,,,,,True,,,odds_api,free
2026_NFL_W06_DAL_GB_betus_20260910T201307Z,2026_NFL_W06_DAL_GB,2026-09-10T20:13:07.772620+00:00,2026-09-10T20:12:52Z,betus,-3.0,-110.0,-110.0,,,51.5,-110,-110,,,,,,,True,,,odds_api,free
2026_NFL_W06_WAS_SF_draftkings_20260910T201307Z,2026_NFL_W06_WAS_SF,2026-09-10T20:13:07.772620+00:00,2026-09-10T20:10:32Z,draftkings,-5.5,-110.0,-110.0,-245.0,200.0,50.5,-110,-110,,,,,,,True,,,odds_api,free
2026_NFL_W06_WAS_SF_betus_20260910T201307Z,2026_NFL_W06_WAS_SF,2026-09-10T20:13:07.772620+00:00,2026-09-10T20:12:52Z,betus,-5.5,-110.0,-110.0,,,50.5,-110,-110,,,,,,,True,,,odds_api,free
2026_NFL_W06_HOU_JAX_draftkings_20260910T211259Z,2026_NFL_W06_HOU_JAX,2026-09-10T21:12:59.469504+00:00,2026-09-10T21:12:42Z,draftkings,-1.5,102,-122,-112.0,-108.0,42.5,-110,-110,,,,,,,True,,,odds_api,free
2026_NFL_W06_HOU_JAX_betus_20260910T211259Z,2026_NFL_W06_HOU_JAX,2026-09-10T21:12:59.469504+00:00,2026-09-10T21:12:10Z,betus,1.5,-120,100,,,41.5,-110,-110,,,,,,,True,,,odds_api,free
2026_NFL_W06_CHI_ATL_draftkings_20260910T211259Z,2026_NFL_W06_CHI_ATL,2026-09-10T21:12:59.469504+00:00,2026-09-10T21:12:42Z,draftkings,3.0,-110,-110,130.0,-155.0,47.5,-110,-110,,,,,,,True,,,odds_api,free
2026_NFL_W06_BAL_CLE_draftkings_20260910T211259Z,2026_NFL_W06_BAL_CLE,2026-09-10T21:12:59.469504+00:00,2026-09-10T21:12:42Z,draftkings,6.5,-110,-110,205.0,-250.0,44.5,-110,-110,,,,,,,True,,,odds_api,free
2026_NFL_W06_CAR_PHI_draftkings_20260910T211259Z,2026_NFL_W06_CAR_PHI,2026-09-10T21:12:59.469504+00:00,2026-09-10T21:12:42Z,draftkings,-6.5,-110,-110,-278.0,225.0,43.5,-110,-110,,,,,,,True,,,odds_api,free
2026_NFL_W06_CAR_PHI_betus_20260910T211259Z,2026_NFL_W06_CAR_PHI,2026-09-10T21:12:59.469504+00:00,2026-09-10T21:12:10Z,betus,-6.5,-110,-110,,,43.5,-110,-110,,,,,,,True,,,odds_api,free
2026_NFL_W06_TEN_IND_draftkings_20260910T211259Z,2026_NFL_W06_TEN_IND,2026-09-10T21:12:59.469504+00:00,2026-09-10T21:12:42Z,draftkings,-3.5,-110,-110,-198.0,164.0,47.5,-110,-110,,,,,,,True,,,odds_api,free
2026_NFL_W06_TEN_IND_betus_20260910T211259Z,2026_NFL_W06_TEN_IND,2026-09-10T21:12:59.469504+00:00,2026-09-10T21:12:10Z,betus,-3.5,-110,-110,,,48.5,-110,-110,,,,,,,True,,,odds_api,free
2026_NFL_W06_NO_NYG_draftkings_20260910T211259Z,2026_NFL_W06_NO_NYG,2026-09-10T21:12:59.469504+00:00,2026-09-10T21:12:42Z,draftkings,-2.5,-110,-110,-142.0,120.0,44.5,-110,-110,,,,,,,True,,,odds_api,free
2026_NFL_W06_NO_NYG_betus_20260910T211259Z,2026_NFL_W06_NO_NYG,2026-09-10T21:12:59.469504+00:00,2026-09-10T21:12:10Z,betus,-2.5,-115,-105,,,45.5,-110,-110,,,,,,,True,,,odds_api,free
2026_NFL_W06_PIT_TB_draftkings_20260910T211259Z,2026_NFL_W06_PIT_TB,2026-09-10T21:12:59.469504+00:00,2026-09-10T21:12:42Z,draftkings,-1.5,-110,-110,-125.0,105.0,45.5,-110,-110,,,,,,,True,,,odds_api,free
2026_NFL_W06_PIT_TB_betus_20260910T211259Z,2026_NFL_W06_PIT_TB,2026-09-10T21:12:59.469504+00:00,2026-09-10T21:12:10Z,betus,-1.5,-110,-110,,,45.5,-110,-110,,,,,,,True,,,odds_api,free
2026_NFL_W06_ARI_LAR_draftkings_20260910T211259Z,2026_NFL_W06_ARI_LAR,2026-09-10T21:12:59.469504+00:00,2026-09-10T21:12:42Z,draftkings,-13.5,-112,-108,-750.0,525.0,47.5,-110,-110,,,,,,,True,,,odds_api,free
2026_NFL_W06_BUF_LV_draftkings_20260910T211259Z,2026_NFL_W06_BUF_LV,2026-09-10T21:12:59.469504+00:00,2026-09-10T21:12:42Z,draftkings,6.5,-110,-110,220.0,-270.0,47.5,-110,-110,,,,,,,True,,,odds_api,free
2026_NFL_W06_LAC_KC_draftkings_20260910T211259Z,2026_NFL_W06_LAC_KC,2026-09-10T21:12:59.469504+00:00,2026-09-10T21:12:42Z,draftkings,-2.5,-110,-110,-142.0,120.0,46.5,-110,-110,,,,,,,True,,,odds_api,free
2026_NFL_W06_LAC_KC_betus_20260910T211259Z,2026_NFL_W06_LAC_KC,2026-09-10T21:12:59.469504+00:00,2026-09-10T21:12:10Z,betus,-2.5,-110,-110,,,46.5,-110,-110,,,,,,,True,,,odds_api,free
2026_NFL_W06_DAL_GB_draftkings_20260910T211259Z,2026_NFL_W06_DAL_GB,2026-09-10T21:12:59.469504+00:00,2026-09-10T21:12:42Z,draftkings,-3.0,-110,-110,-166.0,140.0,51.5,-110,-110,,,,,,,True,,,odds_api,free
2026_NFL_W06_DAL_GB_betus_20260910T211259Z,2026_NFL_W06_DAL_GB,2026-09-10T21:12:59.469504+00:00,2026-09-10T21:12:10Z,betus,-3.0,-110,-110,,,51.5,-110,-110,,,,,,,True,,,odds_api,free
2026_NFL_W06_WAS_SF_draftkings_20260910T211259Z,2026_NFL_W06_WAS_SF,2026-09-10T21:12:59.469504+00:00,2026-09-10T21:12:42Z,draftkings,-5.5,-110,-110,-245.0,200.0,50.5,-110,-110,,,,,,,True,,,odds_api,free
2026_NFL_W06_WAS_SF_betus_20260910T211259Z,2026_NFL_W06_WAS_SF,2026-09-10T21:12:59.469504+00:00,2026-09-10T21:12:10Z,betus,-5.5,-110,-110,,,50.5,-110,-110,,,,,,,True,,,odds_api,free
2026_NFL_W06_HOU_JAX_draftkings_20260910T221259Z,2026_NFL_W06_HOU_JAX,2026-09-10T22:12:59.948851+00:00,2026-09-10T22:11:52Z,draftkings,-1.5,102,-122,-112.0,-108.0,42.5,-110,-110,,,,,,,True,,,odds_api,free
2026_NFL_W06_HOU_JAX_betus_20260910T221259Z,2026_NFL_W06_HOU_JAX,2026-09-10T22:12:59.948851+00:00,2026-09-10T22:11:46Z,betus,1.5,-120,100,,,41.5,-110,-110,,,,,,,True,,,odds_api,free
2026_NFL_W06_CHI_ATL_draftkings_20260910T221259Z,2026_NFL_W06_CHI_ATL,2026-09-10T22:12:59.948851+00:00,2026-09-10T22:11:52Z,draftkings,3.0,-110,-110,130.0,-155.0,47.5,-110,-110,,,,,,,True,,,odds_api,free
2026_NFL_W06_BAL_CLE_draftkings_20260910T221259Z,2026_NFL_W06_BAL_CLE,2026-09-10T22:12:59.948851+00:00,2026-09-10T22:11:52Z,draftkings,6.5,-110,-110,205.0,-250.0,44.5,-110,-110,,,,,,,True,,,odds_api,free
2026_NFL_W06_CAR_PHI_draftkings_20260910T221259Z,2026_NFL_W06_CAR_PHI,2026-09-10T22:12:59.948851+00:00,2026-09-10T22:11:52Z,draftkings,-6.5,-110,-110,-278.0,225.0,43.5,-110,-110,,,,,,,True,,,odds_api,free
2026_NFL_W06_CAR_PHI_betus_20260910T221259Z,2026_NFL_W06_CAR_PHI,2026-09-10T22:12:59.948851+00:00,2026-09-10T22:11:46Z,betus,-6.5,-110,-110,,,43.5,-110,-110,,,,,,,True,,,odds_api,free
2026_NFL_W06_TEN_IND_draftkings_20260910T221259Z,2026_NFL_W06_TEN_IND,2026-09-10T22:12:59.948851+00:00,2026-09-10T22:11:52Z,draftkings,-3.5,-110,-110,-198.0,164.0,47.5,-110,-110,,,,,,,True,,,odds_api,free
2026_NFL_W06_TEN_IND_betus_20260910T221259Z,2026_NFL_W06_TEN_IND,2026-09-10T22:12:59.948851+00:00,2026-09-10T22:11:46Z,betus,-3.5,-110,-110,,,48.5,-110,-110,,,,,,,True,,,odds_api,free
2026_NFL_W06_NO_NYG_draftkings_20260910T221259Z,2026_NFL_W06_NO_NYG,2026-09-10T22:12:59.948851+00:00,2026-09-10T22:11:52Z,draftkings,-2.5,-110,-110,-142.0,120.0,44.5,-110,-110,,,,,,,True,,,odds_api,free
2026_NFL_W06_NO_NYG_betus_20260910T221259Z,2026_NFL_W06_NO_NYG,2026-09-10T22:12:59.948851+00:00,2026-09-10T22:11:46Z,betus,-2.5,-115,-105,,,45.5,-110,-110,,,,,,,True,,,odds_api,free
2026_NFL_W06_PIT_TB_draftkings_20260910T221259Z,2026_NFL_W06_PIT_TB,2026-09-10T22:12:59.948851+00:00,2026-09-10T22:11:52Z,draftkings,-1.5,-110,-110,-125.0,105.0,45.5,-110,-110,,,,,,,True,,,odds_api,free
2026_NFL_W06_PIT_TB_betus_20260910T221259Z,2026_NFL_W06_PIT_TB,2026-09-10T22:12:59.948851+00:00,2026-09-10T22:11:46Z,betus,-1.5,-110,-110,,,45.5,-110,-110,,,,,,,True,,,odds_api,free
2026_NFL_W06_ARI_LAR_draftkings_20260910T221259Z,2026_NFL_W06_ARI_LAR,2026-09-10T22:12:59.948851+00:00,2026-09-10T22:11:52Z,draftkings,-13.5,-112,-108,-750.0,525.0,47.5,-110,-110,,,,,,,True,,,odds_api,free
2026_NFL_W06_BUF_LV_draftkings_20260910T221259Z,2026_NFL_W06_BUF_LV,2026-09-10T22:12:59.948851+00:00,2026-09-10T22:11:52Z,draftkings,6.5,-110,-110,220.0,-270.0,47.5,-110,-110,,,,,,,True,,,odds_api,free
2026_NFL_W06_LAC_KC_draftkings_20260910T221259Z,2026_NFL_W06_LAC_KC,2026-09-10T22:12:59.948851+00:00,2026-09-10T22:11:52Z,draftkings,-2.5,-110,-110,-142.0,120.0,46.5,-110,-110,,,,,,,True,,,odds_api,free
2026_NFL_W06_LAC_KC_betus_20260910T221259Z,2026_NFL_W06_LAC_KC,2026-09-10T22:12:59.948851+00:00,2026-09-10T22:11:46Z,betus,-2.5,-110,-110,,,46.5,-110,-110,,,,,,,True,,,odds_api,free
2026_NFL_W06_DAL_GB_draftkings_20260910T221259Z,2026_NFL_W06_DAL_GB,2026-09-10T22:12:59.948851+00:00,2026-09-10T22:11:52Z,draftkings,-3.0,-110,-110,-166.0,140.0,51.5,-110,-110,,,,,,,True,,,odds_api,free
2026_NFL_W06_DAL_GB_betus_20260910T221259Z,2026_NFL_W06_DAL_GB,2026-09-10T22:12:59.948851+00:00,2026-09-10T22:11:46Z,betus,-3.0,-110,-110,,,51.5,-110,-110,,,,,,,True,,,odds_api,free
2026_NFL_W06_WAS_SF_draftkings_20260910T221259Z,2026_NFL_W06_WAS_SF,2026-09-10T22:12:59.948851+00:00,2026-09-10T22:11:52Z,draftkings,-5.5,-110,-110,-245.0,200.0,50.5,-110,-110,,,,,,,True,,,odds_api,free
2026_NFL_W06_WAS_SF_betus_20260910T221259Z,2026_NFL_W06_WAS_SF,2026-09-10T22:12:59.948851+00:00,2026-09-10T22:11:46Z,betus,-5.5,-110,-110,,,50.5,-110,-110,,,,,,,True,,,odds_api,free
2026_NFL_W06_HOU_JAX_draftkings_20260910T230431Z,2026_NFL_W06_HOU_JAX,2026-09-10T23:04:31.694636+00:00,2026-09-10T23:03:51Z,draftkings,-1.5,102,-122,-112.0,-108.0,42.5,-110,-110,,,,,,,True,,,odds_api,free
2026_NFL_W06_HOU_JAX_betus_20260910T230431Z,2026_NFL_W06_HOU_JAX,2026-09-10T23:04:31.694636+00:00,2026-09-10T23:03:24Z,betus,1.5,-120,100,,,41.5,-110,-110,,,,,,,True,,,odds_api,free
2026_NFL_W06_CHI_ATL_draftkings_20260910T230431Z,2026_NFL_W06_CHI_ATL,2026-09-10T23:04:31.694636+00:00,2026-09-10T23:03:51Z,draftkings,3.0,-110,-110,130.0,-155.0,47.5,-110,-110,,,,,,,True,,,odds_api,free
2026_NFL_W06_BAL_CLE_draftkings_20260910T230431Z,2026_NFL_W06_BAL_CLE,2026-09-10T23:04:31.694636+00:00,2026-09-10T23:03:51Z,draftkings,6.5,-110,-110,205.0,-250.0,44.5,-110,-110,,,,,,,True,,,odds_api,free
2026_NFL_W06_CAR_PHI_draftkings_20260910T230431Z,2026_NFL_W06_CAR_PHI,2026-09-10T23:04:31.694636+00:00,2026-09-10T23:03:51Z,draftkings,-6.5,-110,-110,-278.0,225.0,43.5,-110,-110,,,,,,,True,,,odds_api,free
2026_NFL_W06_CAR_PHI_betus_20260910T230431Z,2026_NFL_W06_CAR_PHI,2026-09-10T23:04:31.694636+00:00,2026-09-10T23:03:24Z,betus,-6.5,-110,-110,,,43.5,-110,-110,,,,,,,True,,,odds_api,free
2026_NFL_W06_TEN_IND_draftkings_20260910T230431Z,2026_NFL_W06_TEN_IND,2026-09-10T23:04:31.694636+00:00,2026-09-10T23:03:51Z,draftkings,-3.5,-110,-110,-198.0,164.0,47.5,-110,-110,,,,,,,True,,,odds_api,free
2026_NFL_W06_TEN_IND_betus_20260910T230431Z,2026_NFL_W06_TEN_IND,2026-09-10T23:04:31.694636+00:00,2026-09-10T23:03:24Z,betus,-3.5,-110,-110,,,48.5,-110,-110,,,,,,,True,,,odds_api,free
2026_NFL_W06_NO_NYG_draftkings_20260910T230431Z,2026_NFL_W06_NO_NYG,2026-09-10T23:04:31.694636+00:00,2026-09-10T23:03:51Z,draftkings,-2.5,-110,-110,-142.0,120.0,44.5,-110,-110,,,,,,,True,,,odds_api,free
2026_NFL_W06_NO_NYG_betus_20260910T230431Z,2026_NFL_W06_NO_NYG,2026-09-10T23:04:31.694636+00:00,2026-09-10T23:03:24Z,betus,-2.5,-115,-105,,,45.5,-110,-110,,,,,,,True,,,odds_api,free
2026_NFL_W06_PIT_TB_draftkings_20260910T230431Z,2026_NFL_W06_PIT_TB,2026-09-10T23:04:31.694636+00:00,2026-09-10T23:03:51Z,draftkings,-1.5,-110,-110,-125.0,105.0,45.5,-110,-110,,,,,,,True,,,odds_api,free
2026_NFL_W06_PIT_TB_betus_20260910T230431Z,2026_NFL_W06_PIT_TB,2026-09-10T23:04:31.694636+00:00,2026-09-10T23:03:24Z,betus,-1.5,-110,-110,,,45.5,-110,-110,,,,,,,True,,,odds_api,free
2026_NFL_W06_ARI_LAR_draftkings_20260910T230431Z,2026_NFL_W06_ARI_LAR,2026-09-10T23:04:31.694636+00:00,2026-09-10T23:03:51Z,draftkings,-13.5,-112,-108,-750.0,525.0,47.5,-110,-110,,,,,,,True,,,odds_api,free
2026_NFL_W06_BUF_LV_draftkings_20260910T230431Z,2026_NFL_W06_BUF_LV,2026-09-10T23:04:31.694636+00:00,2026-09-10T23:03:51Z,draftkings,6.5,-110,-110,220.0,-270.0,47.5,-110,-110,,,,,,,True,,,odds_api,free
2026_NFL_W06_LAC_KC_draftkings_20260910T230431Z,2026_NFL_W06_LAC_KC,2026-09-10T23:04:31.694636+00:00,2026-09-10T23:03:51Z,draftkings,-2.5,-110,-110,-142.0,120.0,46.5,-110,-110,,,,,,,True,,,odds_api,free
2026_NFL_W06_LAC_KC_betus_20260910T230431Z,2026_NFL_W06_LAC_KC,2026-09-10T23:04:31.694636+00:00,2026-09-10T23:03:24Z,betus,-2.5,-110,-110,,,46.5,-110,-110,,,,,,,True,,,odds_api,free
2026_NFL_W06_DAL_GB_draftkings_20260910T230431Z,2026_NFL_W06_DAL_GB,2026-09-10T23:04:31.694636+00:00,2026-09-10T23:03:51Z,draftkings,-3.0,-110,-110,-166.0,140.0,51.5,-110,-110,,,,,,,True,,,odds_api,free
2026_NFL_W06_DAL_GB_betus_20260910T230431Z,2026_NFL_W06_DAL_GB,2026-09-10T23:04:31.694636+00:00,2026-09-10T23:03:24Z,betus,-3.0,-110,-110,,,51.5,-110,-110,,,,,,,True,,,odds_api,free
2026_NFL_W06_WAS_SF_draftkings_20260910T230431Z,2026_NFL_W06_WAS_SF,2026-09-10T23:04:31.694636+00:00,2026-09-10T23:03:51Z,draftkings,-5.5,-110,-110,-245.0,200.0,50.5,-110,-110,,,,,,,True,,,odds_api,free
2026_NFL_W06_WAS_SF_betus_20260910T230431Z,2026_NFL_W06_WAS_SF,2026-09-10T23:04:31.694636+00:00,2026-09-10T23:03:24Z,betus,-5.5,-110,-110,,,50.5,-110,-110,,,,,,,True,,,odds_api,free
2026_NFL_W06_HOU_JAX_draftkings_20260910T231255Z,2026_NFL_W06_HOU_JAX,2026-09-10T23:12:55.171360+00:00,2026-09-10T23:12:32Z,draftkings,-1.5,102,-122,-112.0,-108.0,42.5,-110,-110,,,,,,,True,,,odds_api,free
2026_NFL_W06_HOU_JAX_betus_20260910T231255Z,2026_NFL_W06_HOU_JAX,2026-09-10T23:12:55.171360+00:00,2026-09-10T23:12:11Z,betus,1.5,-120,100,,,41.5,-110,-110,,,,,,,True,,,odds_api,free
2026_NFL_W06_CHI_ATL_draftkings_20260910T231255Z,2026_NFL_W06_CHI_ATL,2026-09-10T23:12:55.171360+00:00,2026-09-10T23:12:32Z,draftkings,3.0,-110,-110,130.0,-155.0,47.5,-110,-110,,,,,,,True,,,odds_api,free
2026_NFL_W06_BAL_CLE_draftkings_20260910T231255Z,2026_NFL_W06_BAL_CLE,2026-09-10T23:12:55.171360+00:00,2026-09-10T23:12:32Z,draftkings,6.5,-110,-110,205.0,-250.0,44.5,-110,-110,,,,,,,True,,,odds_api,free
2026_NFL_W06_CAR_PHI_draftkings_20260910T231255Z,2026_NFL_W06_CAR_PHI,2026-09-10T23:12:55.171360+00:00,2026-09-10T23:12:32Z,draftkings,-6.5,-110,-110,-278.0,225.0,43.5,-110,-110,,,,,,,True,,,odds_api,free
2026_NFL_W06_CAR_PHI_betus_20260910T231255Z,2026_NFL_W06_CAR_PHI,2026-09-10T23:12:55.171360+00:00,2026-09-10T23:12:11Z,betus,-6.5,-110,-110,,,43.5,-110,-110,,,,,,,True,,,odds_api,free
2026_NFL_W06_TEN_IND_draftkings_20260910T231255Z,2026_NFL_W06_TEN_IND,2026-09-10T23:12:55.171360+00:00,2026-09-10T23:12:32Z,draftkings,-3.5,-110,-110,-198.0,164.0,47.5,-110,-110,,,,,,,True,,,odds_api,free
2026_NFL_W06_TEN_IND_betus_20260910T231255Z,2026_NFL_W06_TEN_IND,2026-09-10T23:12:55.171360+00:00,2026-09-10T23:12:11Z,betus,-3.5,-110,-110,,,48.5,-110,-110,,,,,,,True,,,odds_api,free
2026_NFL_W06_NO_NYG_draftkings_20260910T231255Z,2026_NFL_W06_NO_NYG,2026-09-10T23:12:55.171360+00:00,2026-09-10T23:12:32Z,draftkings,-2.5,-110,-110,-142.0,120.0,44.5,-110,-110,,,,,,,True,,,odds_api,free
2026_NFL_W06_NO_NYG_betus_20260910T231255Z,2026_NFL_W06_NO_NYG,2026-09-10T23:12:55.171360+00:00,2026-09-10T23:12:11Z,betus,-2.5,-115,-105,,,45.5,-110,-110,,,,,,,True,,,odds_api,free
2026_NFL_W06_PIT_TB_draftkings_20260910T231255Z,2026_NFL_W06_PIT_TB,2026-09-10T23:12:55.171360+00:00,2026-09-10T23:12:32Z,draftkings,-1.5,-110,-110,-125.0,105.0,45.5,-110,-110,,,,,,,True,,,odds_api,free
2026_NFL_W06_PIT_TB_betus_20260910T231255Z,2026_NFL_W06_PIT_TB,2026-09-10T23:12:55.171360+00:00,2026-09-10T23:12:11Z,betus,-1.5,-110,-110,,,45.5,-110,-110,,,,,,,True,,,odds_api,free
2026_NFL_W06_ARI_LAR_draftkings_20260910T231255Z,2026_NFL_W06_ARI_LAR,2026-09-10T23:12:55.171360+00:00,2026-09-10T23:12:32Z,draftkings,-13.5,-112,-108,-750.0,525.0,47.5,-110,-110,,,,,,,True,,,odds_api,free
2026_NFL_W06_BUF_LV_draftkings_20260910T231255Z,2026_NFL_W06_BUF_LV,2026-09-10T23:12:55.171360+00:00,2026-09-10T23:12:32Z,draftkings,6.5,-110,-110,220.0,-270.0,47.5,-110,-110,,,,,,,True,,,odds_api,free
2026_NFL_W06_LAC_KC_draftkings_20260910T231255Z,2026_NFL_W06_LAC_KC,2026-09-10T23:12:55.171360+00:00,2026-09-10T23:12:32Z,draftkings,-2.5,-110,-110,-142.0,120.0,46.5,-110,-110,,,,,,,True,,,odds_api,free
2026_NFL_W06_LAC_KC_betus_20260910T231255Z,2026_NFL_W06_LAC_KC,2026-09-10T23:12:55.171360+00:00,2026-09-10T23:12:11Z,betus,-2.5,-110,-110,,,46.5,-110,-110,,,,,,,True,,,odds_api,free
2026_NFL_W06_DAL_GB_draftkings_20260910T231255Z,2026_NFL_W06_DAL_GB,2026-09-10T23:12:55.171360+00:00,2026-09-10T23:12:32Z,draftkings,-3.0,-110,-110,-166.0,140.0,51.5,-110,-110,,,,,,,True,,,odds_api,free
2026_NFL_W06_DAL_GB_betus_20260910T231255Z,2026_NFL_W06_DAL_GB,2026-09-10T23:12:55.171360+00:00,2026-09-10T23:12:11Z,betus,-3.0,-110,-110,,,51.5,-110,-110,,,,,,,True,,,odds_api,free
2026_NFL_W06_WAS_SF_draftkings_20260910T231255Z,2026_NFL_W06_WAS_SF,2026-09-10T23:12:55.171360+00:00,2026-09-10T23:12:32Z,draftkings,-5.5,-110,-110,-245.0,200.0,50.5,-110,-110,,,,,,,True,,,odds_api,free
2026_NFL_W06_WAS_SF_betus_20260910T231255Z,2026_NFL_W06_WAS_SF,2026-09-10T23:12:55.171360+00:00,2026-09-10T23:12:11Z,betus,-5.5,-110,-110,,,50.5,-110,-110,,,,,,,True,,,odds_api,free
2026_NFL_W06_HOU_JAX_draftkings_20260911T001256Z,2026_NFL_W06_HOU_JAX,2026-09-11T00:12:56.874539+00:00,2026-09-11T00:12:32Z,draftkings,-1.5,102,-122,-112.0,-108.0,42.5,-110,-110,,,,,,,True,,,odds_api,free
2026_NFL_W06_HOU_JAX_betus_20260911T001256Z,2026_NFL_W06_HOU_JAX,2026-09-11T00:12:56.874539+00:00,2026-09-11T00:12:33Z,betus,1.5,-120,100,,,41.5,-110,-110,,,,,,,True,,,odds_api,free
2026_NFL_W06_CHI_ATL_draftkings_20260911T001256Z,2026_NFL_W06_CHI_ATL,2026-09-11T00:12:56.874539+00:00,2026-09-11T00:12:32Z,draftkings,3.0,-110,-110,130.0,-155.0,47.5,-110,-110,,,,,,,True,,,odds_api,free
2026_NFL_W06_BAL_CLE_draftkings_20260911T001256Z,2026_NFL_W06_BAL_CLE,2026-09-11T00:12:56.874539+00:00,2026-09-11T00:12:32Z,draftkings,6.5,-110,-110,205.0,-250.0,44.5,-110,-110,,,,,,,True,,,odds_api,free
2026_NFL_W06_CAR_PHI_draftkings_20260911T001256Z,2026_NFL_W06_CAR_PHI,2026-09-11T00:12:56.874539+00:00,2026-09-11T00:12:32Z,draftkings,-6.5,-110,-110,-278.0,225.0,43.5,-110,-110,,,,,,,True,,,odds_api,free
2026_NFL_W06_CAR_PHI_betus_20260911T001256Z,2026_NFL_W06_CAR_PHI,2026-09-11T00:12:56.874539+00:00,2026-09-11T00:12:33Z,betus,-6.5,-110,-110,,,43.5,-110,-110,,,,,,,True,,,odds_api,free
2026_NFL_W06_TEN_IND_draftkings_20260911T001256Z,2026_NFL_W06_TEN_IND,2026-09-11T00:12:56.874539+00:00,2026-09-11T00:12:32Z,draftkings,-3.5,-110,-110,-198.0,164.0,47.5,-110,-110,,,,,,,True,,,odds_api,free
2026_NFL_W06_TEN_IND_betus_20260911T001256Z,2026_NFL_W06_TEN_IND,2026-09-11T00:12:56.874539+00:00,2026-09-11T00:12:33Z,betus,-3.5,-110,-110,,,48.5,-110,-110,,,,,,,True,,,odds_api,free
2026_NFL_W06_NO_NYG_draftkings_20260911T001256Z,2026_NFL_W06_NO_NYG,2026-09-11T00:12:56.874539+00:00,2026-09-11T00:12:32Z,draftkings,-2.5,-110,-110,-142.0,120.0,44.5,-110,-110,,,,,,,True,,,odds_api,free
2026_NFL_W06_NO_NYG_betus_20260911T001256Z,2026_NFL_W06_NO_NYG,2026-09-11T00:12:56.874539+00:00,2026-09-11T00:12:33Z,betus,-2.5,-115,-105,,,45.5,-110,-110,,,,,,,True,,,odds_api,free
2026_NFL_W06_PIT_TB_draftkings_20260911T001256Z,2026_NFL_W06_PIT_TB,2026-09-11T00:12:56.874539+00:00,2026-09-11T00:12:32Z,draftkings,-1.5,-110,-110,-125.0,105.0,45.5,-110,-110,,,,,,,True,,,odds_api,free
2026_NFL_W06_PIT_TB_betus_20260911T001256Z,2026_NFL_W06_PIT_TB,2026-09-11T00:12:56.874539+00:00,2026-09-11T00:12:33Z,betus,-1.5,-110,-110,,,45.5,-110,-110,,,,,,,True,,,odds_api,free
2026_NFL_W06_ARI_LAR_draftkings_20260911T001256Z,2026_NFL_W06_ARI_LAR,2026-09-11T00:12:56.874539+00:00,2026-09-11T00:12:32Z,draftkings,-13.5,-112,-108,-750.0,525.0,47.5,-110,-110,,,,,,,True,,,odds_api,free
2026_NFL_W06_BUF_LV_draftkings_20260911T001256Z,2026_NFL_W06_BUF_LV,2026-09-11T00:12:56.874539+00:00,2026-09-11T00:12:32Z,draftkings,6.5,-110,-110,220.0,-270.0,47.5,-110,-110,,,,,,,True,,,odds_api,free
2026_NFL_W06_LAC_KC_draftkings_20260911T001256Z,2026_NFL_W06_LAC_KC,2026-09-11T00:12:56.874539+00:00,2026-09-11T00:12:32Z,draftkings,-2.5,-110,-110,-142.0,120.0,46.5,-110,-110,,,,,,,True,,,odds_api,free
2026_NFL_W06_LAC_KC_betus_20260911T001256Z,2026_NFL_W06_LAC_KC,2026-09-11T00:12:56.874539+00:00,2026-09-11T00:12:33Z,betus,-2.5,-110,-110,,,46.5,-110,-110,,,,,,,True,,,odds_api,free
2026_NFL_W06_DAL_GB_draftkings_20260911T001256Z,2026_NFL_W06_DAL_GB,2026-09-11T00:12:56.874539+00:00,2026-09-11T00:12:32Z,draftkings,-3.0,-110,-110,-166.0,140.0,51.5,-110,-110,,,,,,,True,,,odds_api,free
2026_NFL_W06_DAL_GB_betus_20260911T001256Z,2026_NFL_W06_DAL_GB,2026-09-11T00:12:56.874539+00:00,2026-09-11T00:12:33Z,betus,-3.0,-110,-110,,,51.5,-110,-110,,,,,,,True,,,odds_api,free
2026_NFL_W06_WAS_SF_draftkings_20260911T001256Z,2026_NFL_W06_WAS_SF,2026-09-11T00:12:56.874539+00:00,2026-09-11T00:12:32Z,draftkings,-5.5,-110,-110,-250.0,205.0,50.5,-110,-110,,,,,,,True,,,odds_api,free
2026_NFL_W06_WAS_SF_betus_20260911T001256Z,2026_NFL_W06_WAS_SF,2026-09-11T00:12:56.874539+00:00,2026-09-11T00:12:33Z,betus,-5.5,-110,-110,,,50.5,-110,-110,,,,,,,True,,,odds_api,free
2026_NFL_W06_HOU_JAX_draftkings_20260911T141653Z,2026_NFL_W06_HOU_JAX,2026-09-11T14:16:53.511626+00:00,2026-09-11T14:16:09Z,draftkings,-1.5,102,-122,-112.0,-108.0,42.5,-110,-110,,,,,,,True,,,odds_api,free
2026_NFL_W06_HOU_JAX_betus_20260911T141653Z,2026_NFL_W06_HOU_JAX,2026-09-11T14:16:53.511626+00:00,2026-09-11T14:16:09Z,betus,1.5,-120,100,,,41.5,-110,-110,,,,,,,True,,,odds_api,free
2026_NFL_W06_CHI_ATL_draftkings_20260911T141653Z,2026_NFL_W06_CHI_ATL,2026-09-11T14:16:53.511626+00:00,2026-09-11T14:16:09Z,draftkings,3.0,-110,-110,130.0,-155.0,47.5,-110,-110,,,,,,,True,,,odds_api,free
2026_NFL_W06_BAL_CLE_draftkings_20260911T141653Z,2026_NFL_W06_BAL_CLE,2026-09-11T14:16:53.511626+00:00,2026-09-11T14:16:09Z,draftkings,6.5,-110,-110,205.0,-250.0,44.5,-110,-110,,,,,,,True,,,odds_api,free
2026_NFL_W06_CAR_PHI_draftkings_20260911T141653Z,2026_NFL_W06_CAR_PHI,2026-09-11T14:16:53.511626+00:00,2026-09-11T14:16:09Z,draftkings,-6.5,-110,-110,-278.0,225.0,43.5,-110,-110,,,,,,,True,,,odds_api,free
2026_NFL_W06_CAR_PHI_betus_20260911T141653Z,2026_NFL_W06_CAR_PHI,2026-09-11T14:16:53.511626+00:00,2026-09-11T14:16:09Z,betus,-6.5,-110,-110,,,43.5,-110,-110,,,,,,,True,,,odds_api,free
2026_NFL_W06_TEN_IND_draftkings_20260911T141653Z,2026_NFL_W06_TEN_IND,2026-09-11T14:16:53.511626+00:00,2026-09-11T14:16:09Z,draftkings,-3.5,-110,-110,-198.0,164.0,47.5,-110,-110,,,,,,,True,,,odds_api,free
2026_NFL_W06_TEN_IND_betus_20260911T141653Z,2026_NFL_W06_TEN_IND,2026-09-11T14:16:53.511626+00:00,2026-09-11T14:16:09Z,betus,-3.5,-110,-110,,,48.5,-110,-110,,,,,,,True,,,odds_api,free
2026_NFL_W06_NO_NYG_draftkings_20260911T141653Z,2026_NFL_W06_NO_NYG,2026-09-11T14:16:53.511626+00:00,2026-09-11T14:16:09Z,draftkings,-2.5,-110,-110,-142.0,120.0,44.5,-110,-110,,,,,,,True,,,odds_api,free
2026_NFL_W06_NO_NYG_betus_20260911T141653Z,2026_NFL_W06_NO_NYG,2026-09-11T14:16:53.511626+00:00,2026-09-11T14:16:09Z,betus,-2.5,-115,-105,,,45.5,-110,-110,,,,,,,True,,,odds_api,free
2026_NFL_W06_PIT_TB_draftkings_20260911T141653Z,2026_NFL_W06_PIT_TB,2026-09-11T14:16:53.511626+00:00,2026-09-11T14:16:09Z,draftkings,-1.5,-110,-110,-125.0,105.0,45.5,-110,-110,,,,,,,True,,,odds_api,free
2026_NFL_W06_PIT_TB_betus_20260911T141653Z,2026_NFL_W06_PIT_TB,2026-09-11T14:16:53.511626+00:00,2026-09-11T14:16:09Z,betus,-1.5,-110,-110,,,45.5,-110,-110,,,,,,,True,,,odds_api,free
2026_NFL_W06_BUF_LV_draftkings_20260911T141653Z,2026_NFL_W06_BUF_LV,2026-09-11T14:16:53.511626+00:00,2026-09-11T14:16:09Z,draftkings,6.5,-110,-110,220.0,-270.0,47.5,-110,-110,,,,,,,True,,,odds_api,free
2026_NFL_W06_LAC_KC_draftkings_20260911T141653Z,2026_NFL_W06_LAC_KC,2026-09-11T14:16:53.511626+00:00,2026-09-11T14:16:09Z,draftkings,-2.5,-110,-110,-142.0,120.0,46.5,-110,-110,,,,,,,True,,,odds_api,free
2026_NFL_W06_LAC_KC_betus_20260911T141653Z,2026_NFL_W06_LAC_KC,2026-09-11T14:16:53.511626+00:00,2026-09-11T14:16:09Z,betus,-2.5,-110,-110,,,46.5,-110,-110,,,,,,,True,,,odds_api,free
2026_NFL_W06_DAL_GB_draftkings_20260911T141653Z,2026_NFL_W06_DAL_GB,2026-09-11T14:16:53.511626+00:00,2026-09-11T14:16:09Z,draftkings,-3.0,-110,-110,-166.0,140.0,51.5,-110,-110,,,,,,,True,,,odds_api,free
2026_NFL_W06_DAL_GB_betus_20260911T141653Z,2026_NFL_W06_DAL_GB,2026-09-11T14:16:53.511626+00:00,2026-09-11T14:16:09Z,betus,-3.0,-110,-110,,,51.5,-110,-110,,,,,,,True,,,odds_api,free
2026_NFL_W06_HOU_JAX_draftkings_20260911T230606Z,2026_NFL_W06_HOU_JAX,2026-09-11T23:06:06.990934+00:00,2026-09-11T23:05:22Z,draftkings,-1.5,102,-122,-112.0,-108.0,42.5,-110,-110,,,,,,,True,,,odds_api,free
2026_NFL_W06_HOU_JAX_betus_20260911T230606Z,2026_NFL_W06_HOU_JAX,2026-09-11T23:06:06.990934+00:00,2026-09-11T23:05:24Z,betus,1.5,-120,100,,,41.5,-110,-110,,,,,,,True,,,odds_api,free
2026_NFL_W06_CHI_ATL_draftkings_20260911T230606Z,2026_NFL_W06_CHI_ATL,2026-09-11T23:06:06.990934+00:00,2026-09-11T23:05:22Z,draftkings,3.0,-110,-110,130.0,-155.0,47.5,-110,-110,,,,,,,True,,,odds_api,free
2026_NFL_W06_BAL_CLE_draftkings_20260911T230606Z,2026_NFL_W06_BAL_CLE,2026-09-11T23:06:06.990934+00:00,2026-09-11T23:05:22Z,draftkings,6.5,-110,-110,205.0,-250.0,44.5,-110,-110,,,,,,,True,,,odds_api,free
2026_NFL_W06_CAR_PHI_draftkings_20260911T230606Z,2026_NFL_W06_CAR_PHI,2026-09-11T23:06:06.990934+00:00,2026-09-11T23:05:22Z,draftkings,-6.5,-110,-110,-278.0,225.0,43.5,-110,-110,,,,,,,True,,,odds_api,free
2026_NFL_W06_CAR_PHI_betus_20260911T230606Z,2026_NFL_W06_CAR_PHI,2026-09-11T23:06:06.990934+00:00,2026-09-11T23:05:24Z,betus,-6.5,-110,-110,,,43.5,-110,-110,,,,,,,True,,,odds_api,free
2026_NFL_W06_TEN_IND_draftkings_20260911T230606Z,2026_NFL_W06_TEN_IND,2026-09-11T23:06:06.990934+00:00,2026-09-11T23:05:22Z,draftkings,-3.5,-110,-110,-198.0,164.0,47.5,-110,-110,,,,,,,True,,,odds_api,free
2026_NFL_W06_TEN_IND_betus_20260911T230606Z,2026_NFL_W06_TEN_IND,2026-09-11T23:06:06.990934+00:00,2026-09-11T23:05:24Z,betus,-3.5,-110,-110,,,48.5,-110,-110,,,,,,,True,,,odds_api,free
2026_NFL_W06_NO_NYG_draftkings_20260911T230606Z,2026_NFL_W06_NO_NYG,2026-09-11T23:06:06.990934+00:00,2026-09-11T23:05:22Z,draftkings,-2.5,-110,-110,-142.0,120.0,44.5,-110,-110,,,,,,,True,,,odds_api,free
2026_NFL_W06_NO_NYG_betus_20260911T230606Z,2026_NFL_W06_NO_NYG,2026-09-11T23:06:06.990934+00:00,2026-09-11T23:05:24Z,betus,-2.5,-115,-105,,,45.5,-110,-110,,,,,,,True,,,odds_api,free
2026_NFL_W06_PIT_TB_draftkings_20260911T230606Z,2026_NFL_W06_PIT_TB,2026-09-11T23:06:06.990934+00:00,2026-09-11T23:05:22Z,draftkings,-1.5,-110,-110,-125.0,105.0,45.5,-110,-110,,,,,,,True,,,odds_api,free
2026_NFL_W06_PIT_TB_betus_20260911T230606Z,2026_NFL_W06_PIT_TB,2026-09-11T23:06:06.990934+00:00,2026-09-11T23:05:24Z,betus,-1.5,-110,-110,,,45.5,-110,-110,,,,,,,True,,,odds_api,free
2026_NFL_W06_BUF_LV_draftkings_20260911T230606Z,2026_NFL_W06_BUF_LV,2026-09-11T23:06:06.990934+00:00,2026-09-11T23:05:22Z,draftkings,6.5,-110,-110,220.0,-270.0,47.5,-110,-110,,,,,,,True,,,odds_api,free
2026_NFL_W06_LAC_KC_draftkings_20260911T230606Z,2026_NFL_W06_LAC_KC,2026-09-11T23:06:06.990934+00:00,2026-09-11T23:05:22Z,draftkings,-2.5,-110,-110,-142.0,120.0,46.5,-110,-110,,,,,,,True,,,odds_api,free
2026_NFL_W06_LAC_KC_betus_20260911T230606Z,2026_NFL_W06_LAC_KC,2026-09-11T23:06:06.990934+00:00,2026-09-11T23:05:24Z,betus,-2.5,-110,-110,,,46.5,-110,-110,,,,,,,True,,,odds_api,free
2026_NFL_W06_DAL_GB_draftkings_20260911T230606Z,2026_NFL_W06_DAL_GB,2026-09-11T23:06:06.990934+00:00,2026-09-11T23:05:22Z,draftkings,-3.0,-110,-110,-170.0,142.0,51.5,-110,-110,,,,,,,True,,,odds_api,free
2026_NFL_W06_DAL_GB_betus_20260911T230606Z,2026_NFL_W06_DAL_GB,2026-09-11T23:06:06.990934+00:00,2026-09-11T23:05:24Z,betus,-3.0,-110,-110,,,51.5,-110,-110,,,,,,,True,,,odds_api,free
2026_NFL_W06_SEA_DEN_draftkings_20261007T021331Z,2026_NFL_W06_SEA_DEN,2026-10-07T02:13:31.660130+00:00,2026-10-07T02:12:26Z,draftkings,1.5,-110,-110,105.0,-125.0,42.5,-110,-110,,,,,,,True,,,odds_api,free
2026_NFL_W06_SEA_DEN_betus_20261007T021331Z,2026_NFL_W06_SEA_DEN,2026-10-07T02:13:31.660130+00:00,2026-10-07T02:13:25Z,betus,1.5,-110,-110,,,42.0,-110,-110,,,,,,,True,,,odds_api,free
2026_NFL_W06_SEA_DEN_fanduel_20261007T021331Z,2026_NFL_W06_SEA_DEN,2026-10-07T02:13:31.660130+00:00,2026-10-07T02:13:23Z,fanduel,2.5,-110,-110,118.0,-138.0,42.5,-105,-115,,,,,,,True,,,odds_api,free
2026_NFL_W06_SEA_DEN_lowvig_20261007T021331Z,2026_NFL_W06_SEA_DEN,2026-10-07T02:13:31.660130+00:00,2026-10-07T02:12:40Z,lowvig,1.5,-105,-105,,,42.0,-107,-107,,,,,,,True,,,odds_api,free
2026_NFL_W06_SEA_DEN_betonlineag_20261007T021331Z,2026_NFL_W06_SEA_DEN,2026-10-07T02:13:31.660130+00:00,2026-10-07T02:12:41Z,betonlineag,1.5,-110,-110,,,42.0,-110,-110,,,,,,,True,,,odds_api,free
2026_NFL_W06_SEA_DEN_betrivers_20261007T021331Z,2026_NFL_W06_SEA_DEN,2026-10-07T02:13:31.660130+00:00,2026-10-07T02:13:08Z,betrivers,2.5,-112,-109,116.0,-141.0,42.5,-108,-113,,,,,,,True,,,odds_api,free
2026_NFL_W06_HOU_JAX_draftkings_20261007T021331Z,2026_NFL_W06_HOU_JAX,2026-10-07T02:13:31.660130+00:00,2026-10-07T02:12:26Z,draftkings,-3.0,-118,-102,-175.0,145.0,43.5,-110,-110,,,,,,,True,,,odds_api,free
2026_NFL_W06_HOU_JAX_fanduel_20261007T021331Z,2026_NFL_W06_HOU_JAX,2026-10-07T02:13:31.660130+00:00,2026-10-07T02:13:23Z,fanduel,-2.5,-122,100,-154.0,130.0,42.5,-110,-110,,,,,,,True,,,odds_api,free
2026_NFL_W06_HOU_JAX_betus_20261007T021331Z,2026_NFL_W06_HOU_JAX,2026-10-07T02:13:31.660130+00:00,2026-10-07T02:13:25Z,betus,-3.0,-110,-110,,,43.0,-110,-110,,,,,,,True,,,odds_api,free
2026_NFL_W06_HOU_JAX_lowvig_20261007T021331Z,2026_NFL_W06_HOU_JAX,2026-10-07T02:13:31.660130+00:00,2026-10-07T02:12:40Z,lowvig,-3.0,-105,-105,,,43.0,-107,-107,,,,,,,True,,,odds_api,free
2026_NFL_W06_HOU_JAX_betonlineag_20261007T021331Z,2026_NFL_W06_HOU_JAX,2026-10-07T02:13:31.660130+00:00,2026-10-07T02:12:41Z,betonlineag,-3.0,-110,-110,,,43.0,-110,-110,,,,,,,True,,,odds_api,free
2026_NFL_W06_HOU_JAX_betrivers_20261007T021331Z,2026_NFL_W06_HOU_JAX,2026-10-07T02:13:31.660130+00:00,2026-10-07T02:13:08Z,betrivers,-3.0,-110,-110,-165.0,135.0,42.5,-110,-110,,,,,,,True,,,odds_api,free
2026_NFL_W06_CHI_ATL_draftkings_20261007T021331Z,2026_NFL_W06_CHI_ATL,2026-10-07T02:13:31.660130+00:00,2026-10-07T02:12:26Z,draftkings,1.5,-110,-110,102.0,-122.0,47.5,-110,-110,,,,,,,True,,,odds_api,free
2026_NFL_W06_CHI_ATL_fanduel_20261007T021331Z,2026_NFL_W06_CHI_ATL,2026-10-07T02:13:31.660130+00:00,2026-10-07T02:13:23Z,fanduel,1.5,-105,-115,108.0,-126.0,47.5,-110,-110,,,,,,,True,,,odds_api,free
2026_NFL_W06_CHI_ATL_betonlineag_20261007T021331Z,2026_NFL_W06_CHI_ATL,2026-10-07T02:13:31.660130+00:00,2026-10-07T02:12:41Z,betonlineag,1.5,-105,-115,,,47.5,-115,-105,,,,,,,True,,,odds_api,free
2026_NFL_W06_CHI_ATL_lowvig_20261007T021331Z,2026_NFL_W06_CHI_ATL,2026-10-07T02:13:31.660130+00:00,2026-10-07T02:12:40Z,lowvig,1.5,100,-110,,,47.5,-113,-102,,,,,,,True,,,odds_api,free
2026_NFL_W06_CHI_ATL_betus_20261007T021331Z,2026_NFL_W06_CHI_ATL,2026-10-07T02:13:31.660130+00:00,2026-10-07T02:13:25Z,betus,1.5,-105,-115,,,47.5,-115,-105,,,,,,,True,,,odds_api,free
2026_NFL_W06_CHI_ATL_betrivers_20261007T021331Z,2026_NFL_W06_CHI_ATL,2026-10-07T02:13:31.660130+00:00,2026-10-07T02:13:08Z,betrivers,1.5,-109,-112,110.0,-134.0,46.5,-110,-110,,,,,,,True,,,odds_api,free
2026_NFL_W06_BAL_CLE_draftkings_20261007T021331Z,2026_NFL_W06_BAL_CLE,2026-10-07T02:13:31.660130+00:00,2026-10-07T02:12:26Z,draftkings,2.5,-102,-118,120.0,-142.0,40.5,-110,-110,,,,,,,True,,,odds_api,free
2026_NFL_W06_BAL_CLE_betus_20261007T021331Z,2026_NFL_W06_BAL_CLE,2026-10-07T02:13:31.660130+00:00,2026-10-07T02:13:25Z,betus,2.5,-110,-110,,,40.0,-110,-110,,,,,,,True,,,odds_api,free
2026_NFL_W06_BAL_CLE_fanduel_20261007T021331Z,2026_NFL_W06_BAL_CLE,2026-10-07T02:13:31.660130+00:00,2026-10-07T02:13:23Z,fanduel,2.5,-110,-110,116.0,-136.0,40.5,-110,-110,,,,,,,True,,,odds_api,free
2026_NFL_W06_BAL_CLE_lowvig_20261007T021331Z,2026_NFL_W06_BAL_CLE,2026-10-07T02:13:31.660130+00:00,2026-10-07T02:12:40Z,lowvig,2.5,-105,-105,,,40.0,-107,-107,,,,,,,True,,,odds_api,free
2026_NFL_W06_BAL_CLE_betonlineag_20261007T021331Z,2026_NFL_W06_BAL_CLE,2026-10-07T02:13:31.660130+00:00,2026-10-07T02:12:41Z,betonlineag,2.5,-110,-110,,,40.0,-110,-110,,,,,,,True,,,odds_api,free
2026_NFL_W06_BAL_CLE_betrivers_20261007T021331Z,2026_NFL_W06_BAL_CLE,2026-10-07T02:13:31.660130+00:00,2026-10-07T02:13:08Z,betrivers,2.5,-106,-115,114.0,-139.0,40.0,-114,-106,,,,,,,True,,,odds_api,free
2026_NFL_W06_CAR_PHI_draftkings_20261007T021331Z,2026_NFL_W06_CAR_PHI,2026-10-07T02:13:31.660130+00:00,2026-10-07T02:12:26Z,draftkings,-2.5,-110,-110,-135.0,114.0,43.5,-115,-105,,,,,,,True,,,odds_api,free
2026_NFL_W06_CAR_PHI_betus_20261007T021331Z,2026_NFL_W06_CAR_PHI,2026-10-07T02:13:31.660130+00:00,2026-10-07T02:13:25Z,betus,-2.0,-110,-110,,,42.5,-110,-110,,,,,,,True,,,odds_api,free
2026_NFL_W06_CAR_PHI_fanduel_20261007T021331Z,2026_NFL_W06_CAR_PHI,2026-10-07T02:13:31.660130+00:00,2026-10-07T02:13:23Z,fanduel,-1.5,-110,-110,-122.0,104.0,42.5,-110,-110,,,,,,,True,,,odds_api,free
2026_NFL_W06_CAR_PHI_lowvig_20261007T021331Z,2026_NFL_W06_CAR_PHI,2026-10-07T02:13:31.660130+00:00,2026-10-07T02:12:40Z,lowvig,-2.0,-105,-105,,,42.5,-107,-107,,,,,,,True,,,odds_api,free
2026_NFL_W06_CAR_PHI_betonlineag_20261007T021331Z,2026_NFL_W06_CAR_PHI,2026-10-07T02:13:31.660130+00:00,2026-10-07T02:12:41Z,betonlineag,-2.0,-110,-110,,,42.5,-110,-110,,,,,,,True,,,odds_api,free
2026_NFL_W06_CAR_PHI_betrivers_20261007T021331Z,2026_NFL_W06_CAR_PHI,2026-10-07T02:13:31.660130+00:00,2026-10-07T02:13:08Z,betrivers,-2.0,-110,-110,-130.0,108.0,42.5,-114,-106,,,,,,,True,,,odds_api,free
2026_NFL_W06_TEN_IND_draftkings_20261007T021331Z,2026_NFL_W06_TEN_IND,2026-10-07T02:13:31.660130+00:00,2026-10-07T02:12:26Z,draftkings,-6.5,-110,-110,-298.0,240.0,44.5,-110,-110,,,,,,,True,,,odds_api,free
2026_NFL_W06_TEN_IND_betus_20261007T021331Z,2026_NFL_W06_TEN_IND,2026-10-07T02:13:31.660130+00:00,2026-10-07T02:13:25Z,betus,-6.5,-115,-105,,,43.5,-110,-110,,,,,,,True,,,odds_api,free
2026_NFL_W06_TEN_IND_fanduel_20261007T021331Z,2026_NFL_W06_TEN_IND,2026-10-07T02:13:31.660130+00:00,2026-10-07T02:13:23Z,fanduel,-6.5,-110,-110,-300.0,245.0,43.5,-110,-110,,,,,,,True,,,odds_api,free
2026_NFL_W06_TEN_IND_betonlineag_20261007T021331Z,2026_NFL_W06_TEN_IND,2026-10-07T02:13:31.660130+00:00,2026-10-07T02:12:41Z,betonlineag,-6.5,-115,-105,,,43.5,-110,-110,,,,,,,True,,,odds_api,free
2026_NFL_W06_TEN_IND_lowvig_20261007T021331Z,2026_NFL_W06_TEN_IND,2026-10-07T02:13:31.660130+00:00,2026-10-07T02:12:40Z,lowvig,-6.5,-110,100,,,43.5,-107,-107,,,,,,,True,,,odds_api,free
2026_NFL_W06_TEN_IND_betrivers_20261007T021331Z,2026_NFL_W06_TEN_IND,2026-10-07T02:13:31.660130+00:00,2026-10-07T02:13:08Z,betrivers,-6.5,-115,-106,-315.0,250.0,43.5,-109,-112,,,,,,,True,,,odds_api,free
2026_NFL_W06_NYJ_NE_draftkings_20261007T021331Z,2026_NFL_W06_NYJ_NE,2026-10-07T02:13:31.660130+00:00,2026-10-07T02:12:26Z,draftkings,-7.0,-105,-115,-340.0,270.0,43.5,-115,-105,,,,,,,True,,,odds_api,free
2026_NFL_W06_NYJ_NE_fanduel_20261007T021331Z,2026_NFL_W06_NYJ_NE,2026-10-07T02:13:31.660130+00:00,2026-10-07T02:13:23Z,fanduel,-7.0,-105,-115,-320.0,260.0,43.5,-105,-115,,,,,,,True,,,odds_api,free
2026_NFL_W06_NYJ_NE_lowvig_20261007T021331Z,2026_NFL_W06_NYJ_NE,2026-10-07T02:13:31.660130+00:00,2026-10-07T02:12:40Z,lowvig,-7.0,100,-110,,,42.5,-107,-107,,,,,,,True,,,odds_api,free
2026_NFL_W06_NYJ_NE_betonlineag_20261007T021331Z,2026_NFL_W06_NYJ_NE,2026-10-07T02:13:31.660130+00:00,2026-10-07T02:12:41Z,betonlineag,-7.0,-105,-115,,,42.5,-110,-110,,,,,,,True,,,odds_api,free
2026_NFL_W06_NYJ_NE_betus_20261007T021331Z,2026_NFL_W06_NYJ_NE,2026-10-07T02:13:31.660130+00:00,2026-10-07T02:13:25Z,betus,-7.0,-105,-115,,,42.5,-110,-110,,,,,,,True,,,odds_api,free
2026_NFL_W06_NYJ_NE_betrivers_20261007T021331Z,2026_NFL_W06_NYJ_NE,2026-10-07T02:13:31.660130+00:00,2026-10-07T02:13:08Z,betrivers,-7.0,-106,-115,-335.0,255.0,43.5,-109,-112,,,,,,,True,,,odds_api,free
2026_NFL_W06_NO_NYG_draftkings_20261007T021331Z,2026_NFL_W06_NO_NYG,2026-10-07T02:13:31.660130+00:00,2026-10-07T02:12:26Z,draftkings,1.5,-115,-105,-102.0,-118.0,45.5,-110,-110,,,,,,,True,,,odds_api,free
2026_NFL_W06_NO_NYG_betus_20261007T021331Z,2026_NFL_W06_NO_NYG,2026-10-07T02:13:31.660130+00:00,2026-10-07T02:13:25Z,betus,1.5,-110,-110,,,44.5,-110,-110,,,,,,,True,,,odds_api,free
2026_NFL_W06_NO_NYG_fanduel_20261007T021331Z,2026_NFL_W06_NO_NYG,2026-10-07T02:13:31.660130+00:00,2026-10-07T02:13:23Z,fanduel,1.5,-115,-105,100.0,-118.0,44.5,-115,-105,,,,,,,True,,,odds_api,free
2026_NFL_W06_NO_NYG_betonlineag_20261007T021331Z,2026_NFL_W06_NO_NYG,2026-10-07T02:13:31.660130+00:00,2026-10-07T02:12:41Z,betonlineag,1.5,-110,-110,,,44.5,-110,-110,,,,,,,True,,,odds_api,free
2026_NFL_W06_NO_NYG_lowvig_20261007T021331Z,2026_NFL_W06_NO_NYG,2026-10-07T02:13:31.660130+00:00,2026-10-07T02:12:40Z,lowvig,1.5,-105,-105,,,44.5,-107,-107,,,,,,,True,,,odds_api,free
2026_NFL_W06_NO_NYG_betrivers_20261007T021331Z,2026_NFL_W06_NO_NYG,2026-10-07T02:13:31.660130+00:00,2026-10-07T02:13:08Z,betrivers,1.0,-110,-110,-104.0,-118.0,44.5,-108,-113,,,,,,,True,,,odds_api,free
2026_NFL_W06_PIT_TB_draftkings_20261007T021331Z,2026_NFL_W06_PIT_TB,2026-10-07T02:13:31.660130+00:00,2026-10-07T02:12:26Z,draftkings,3.0,-118,-102,130.0,-155.0,39.5,-110,-110,,,,,,,True,,,odds_api,free
2026_NFL_W06_PIT_TB_betus_20261007T021331Z,2026_NFL_W06_PIT_TB,2026-10-07T02:13:31.660130+00:00,2026-10-07T02:13:25Z,betus,2.5,100,-120,,,39.0,-115,-105,,,,,,,True,,,odds_api,free
2026_NFL_W06_PIT_TB_fanduel_20261007T021331Z,2026_NFL_W06_PIT_TB,2026-10-07T02:13:31.660130+00:00,2026-10-07T02:13:23Z,fanduel,2.5,-110,-110,118.0,-138.0,38.5,-110,-110,,,,,,,True,,,odds_api,free
2026_NFL_W06_PIT_TB_lowvig_20261007T021331Z,2026_NFL_W06_PIT_TB,2026-10-07T02:13:31.660130+00:00,2026-10-07T02:12:40Z,lowvig,2.5,105,-116,,,39.0,-113,-102,,,,,,,True,,,odds_api,free
2026_NFL_W06_PIT_TB_betonlineag_20261007T021331Z,2026_NFL_W06_PIT_TB,2026-10-07T02:13:31.660130+00:00,2026-10-07T02:12:41Z,betonlineag,2.5,100,-120,,,39.0,-115,-105,,,,,,,True,,,odds_api,free
2026_NFL_W06_PIT_TB_betrivers_20261007T021331Z,2026_NFL_W06_PIT_TB,2026-10-07T02:13:31.660130+00:00,2026-10-07T02:13:08Z,betrivers,2.5,-108,-113,123.0,-150.0,39.0,-112,-109,,,,,,,True,,,odds_api,free
2026_NFL_W06_ARI_LAR_draftkings_20261007T021331Z,2026_NFL_W06_ARI_LAR,2026-10-07T02:13:31.660130+00:00,2026-10-07T02:12:26Z,draftkings,-10.5,-110,-110,-625.0,455.0,51.5,-105,-115,,,,,,,True,,,odds_api,free
2026_NFL_W06_ARI_LAR_betus_20261007T021331Z,2026_NFL_W06_ARI_LAR,2026-10-07T02:13:31.660130+00:00,2026-10-07T02:13:25Z,betus,-10.5,-110,-110,,,50.5,-110,-110,,,,,,,True,,,odds_api,free
2026_NFL_W06_ARI_LAR_fanduel_20261007T021331Z,2026_NFL_W06_ARI_LAR,2026-10-07T02:13:31.660130+00:00,2026-10-07T02:13:23Z,fanduel,-11.5,-115,-105,-750.0,530.0,50.5,-110,-110,,,,,,,True,,,odds_api,free
2026_NFL_W06_ARI_LAR_lowvig_20261007T021331Z,2026_NFL_W06_ARI_LAR,2026-10-07T02:13:31.660130+00:00,2026-10-07T02:12:40Z,lowvig,-10.5,-105,-105,,,50.5,-107,-107,,,,,,,True,,,odds_api,free
2026_NFL_W06_ARI_LAR_betonlineag_20261007T021331Z,2026_NFL_W06_ARI_LAR,2026-10-07T02:13:31.660130+00:00,2026-10-07T02:12:41Z,betonlineag,-10.5,-110,-110,,,50.5,-110,-110,,,,,,,True,,,odds_api,free
2026_NFL_W06_ARI_LAR_betrivers_20261007T021331Z,2026_NFL_W06_ARI_LAR,2026-10-07T02:13:31.660130+00:00,2026-10-07T02:13:08Z,betrivers,-10.5,-110,-110,-715.0,485.0,50.5,-110,-110,,,,,,,True,,,odds_api,free
2026_NFL_W06_BUF_LV_draftkings_20261007T021331Z,2026_NFL_W06_BUF_LV,2026-10-07T02:13:31.660130+00:00,2026-10-07T02:12:26Z,draftkings,4.5,-110,-110,185.0,-225.0,51.5,-110,-110,,,,,,,True,,,odds_api,free
2026_NFL_W06_BUF_LV_fanduel_20261007T021331Z,2026_NFL_W06_BUF_LV,2026-10-07T02:13:31.660130+00:00,2026-10-07T02:13:23Z,fanduel,4.5,-102,-120,205.0,-250.0,51.5,-108,-112,,,,,,,True,,,odds_api,free
2026_NFL_W06_BUF_LV_betus_20261007T021331Z,2026_NFL_W06_BUF_LV,2026-10-07T02:13:31.660130+00:00,2026-10-07T02:13:25Z,betus,4.5,-110,-110,,,51.0,-110,-110,,,,,,,True,,,odds_api,free
2026_NFL_W06_BUF_LV_lowvig_20261007T021331Z,2026_NFL_W06_BUF_LV,2026-10-07T02:13:31.660130+00:00,2026-10-07T02:12:40Z,lowvig,4.5,-105,-105,,,51.0,-107,-107,,,,,,,True,,,odds_api,free
2026_NFL_W06_BUF_LV_betonlineag_20261007T021331Z,2026_NFL_W06_BUF_LV,2026-10-07T02:13:31.660130+00:00,2026-10-07T02:12:41Z,betonlineag,4.5,-110,-110,,,51.0,-110,-110,,,,,,,True,,,odds_api,free
2026_NFL_W06_BUF_LV_betrivers_20261007T021331Z,2026_NFL_W06_BUF_LV,2026-10-07T02:13:31.660130+00:00,2026-10-07T02:13:08Z,betrivers,4.5,-108,-113,190.0,-240.0,51.5,-109,-112,,,,,,,True,,,odds_api,free
2026_NFL_W06_LAC_KC_draftkings_20261007T021331Z,2026_NFL_W06_LAC_KC,2026-10-07T02:13:31.660130+00:00,2026-10-07T02:12:26Z,draftkings,-7.5,-110,-110,-395.0,310.0,45.5,-110,-110,,,,,,,True,,,odds_api,free
2026_NFL_W06_LAC_KC_betus_20261007T021331Z,2026_NFL_W06_LAC_KC,2026-10-07T02:13:31.660130+00:00,2026-10-07T02:13:25Z,betus,-7.5,-110,-110,,,45.0,-110,-110,,,,,,,True,,,odds_api,free
2026_NFL_W06_LAC_KC_fanduel_20261007T021331Z,2026_NFL_W06_LAC_KC,2026-10-07T02:13:31.660130+00:00,2026-10-07T02:13:23Z,fanduel,-7.5,-108,-112,-450.0,350.0,45.5,-110,-110,,,,,,,True,,,odds_api,free
2026_NFL_W06_LAC_KC_lowvig_20261007T021331Z,2026_NFL_W06_LAC_KC,2026-10-07T02:13:31.660130+00:00,2026-10-07T02:12:40Z,lowvig,-7.5,-105,-105,,,45.0,-107,-107,,,,,,,True,,,odds_api,free
2026_NFL_W06_LAC_KC_betonlineag_20261007T021331Z,2026_NFL_W06_LAC_KC,2026-10-07T02:13:31.660130+00:00,2026-10-07T02:12:41Z,betonlineag,-7.5,-110,-110,,,45.0,-110,-110,,,,,,,True,,,odds_api,free
2026_NFL_W06_LAC_KC_betrivers_20261007T021331Z,2026_NFL_W06_LAC_KC,2026-10-07T02:13:31.660130+00:00,2026-10-07T02:13:08Z,betrivers,-7.5,-110,-110,-435.0,310.0,45.5,-112,-109,,,,,,,True,,,odds_api,free
2026_NFL_W06_DAL_GB_draftkings_20261007T021331Z,2026_NFL_W06_DAL_GB,2026-10-07T02:13:31.660130+00:00,2026-10-07T02:12:26Z,draftkings,2.5,-110,-110,120.0,-142.0,50.5,-115,-105,,,,,,,True,,,odds_api,free
2026_NFL_W06_DAL_GB_betus_20261007T021331Z,2026_NFL_W06_DAL_GB,2026-10-07T02:13:31.660130+00:00,2026-10-07T02:13:25Z,betus,2.0,-110,-110,,,50.5,-110,-110,,,,,,,True,,,odds_api,free
2026_NFL_W06_DAL_GB_fanduel_20261007T021331Z,2026_NFL_W06_DAL_GB,2026-10-07T02:13:31.660130+00:00,2026-10-07T02:13:23Z,fanduel,1.5,-105,-115,112.0,-132.0,50.5,-115,-105,,,,,,,True,,,odds_api,free
2026_NFL_W06_DAL_GB_lowvig_20261007T021331Z,2026_NFL_W06_DAL_GB,2026-10-07T02:13:31.660130+00:00,2026-10-07T02:12:40Z,lowvig,2.0,-105,-105,,,50.5,-107,-107,,,,,,,True,,,odds_api,free
2026_NFL_W06_DAL_GB_betonlineag_20261007T021331Z,2026_NFL_W06_DAL_GB,2026-10-07T02:13:31.660130+00:00,2026-10-07T02:12:41Z,betonlineag,2.0,-110,-110,,,50.5,-110,-110,,,,,,,True,,,odds_api,free
2026_NFL_W06_DAL_GB_betrivers_20261007T021331Z,2026_NFL_W06_DAL_GB,2026-10-07T02:13:31.660130+00:00,2026-10-07T02:13:08Z,betrivers,2.0,-112,-109,112.0,-139.0,50.0,-112,-109,,,,,,,True,,,odds_api,free
2026_NFL_W06_WAS_SF_draftkings_20261007T021331Z,2026_NFL_W06_WAS_SF,2026-10-07T02:13:31.660130+00:00,2026-10-07T02:12:26Z,draftkings,-7.5,-110,-110,-425.0,330.0,50.5,-110,-110,,,,,,,True,,,odds_api,free
2026_NFL_W06_WAS_SF_betus_20261007T021331Z,2026_NFL_W06_WAS_SF,2026-10-07T02:13:31.660130+00:00,2026-10-07T02:13:25Z,betus,-7.5,-110,-110,,,49.5,-110,-110,,,,,,,True,,,odds_api,free
2026_NFL_W06_WAS_SF_fanduel_20261007T021331Z,2026_NFL_W06_WAS_SF,2026-10-07T02:13:31.660130+00:00,2026-10-07T02:13:23Z,fanduel,-7.0,-115,-105,-390.0,310.0,49.5,-105,-115,,,,,,,True,,,odds_api,free
2026_NFL_W06_WAS_SF_lowvig_20261007T021331Z,2026_NFL_W06_WAS_SF,2026-10-07T02:13:31.660130+00:00,2026-10-07T02:12:40Z,lowvig,-7.5,-105,-105,,,49.5,-107,-107,,,,,,,True,,,odds_api,free
2026_NFL_W06_WAS_SF_betonlineag_20261007T021331Z,2026_NFL_W06_WAS_SF,2026-10-07T02:13:31.660130+00:00,2026-10-07T02:12:41Z,betonlineag,-7.5,-110,-110,,,49.5,-110,-110,,,,,,,True,,,odds_api,free
2026_NFL_W06_WAS_SF_betrivers_20261007T021331Z,2026_NFL_W06_WAS_SF,2026-10-07T02:13:31.660130+00:00,2026-10-07T02:13:08Z,betrivers,-7.5,-108,-113,-420.0,320.0,50.5,-109,-112,,,,,,,True,,,odds_api,free
2026_NFL_W06_SEA_DEN_draftkings_20261007T195035Z,2026_NFL_W06_SEA_DEN,2026-10-07T19:50:35.174138+00:00,2026-10-07T19:50:09Z,draftkings,1.5,-110,-110,105.0,-125.0,42.5,-110,-110,,,,,,,True,,,odds_api,free
2026_NFL_W06_SEA_DEN_betus_20261007T195035Z,2026_NFL_W06_SEA_DEN,2026-10-07T19:50:35.174138+00:00,2026-10-07T19:50:27Z,betus,1.5,-110,-110,,,42.0,-110,-110,,,,,,,True,,,odds_api,free
2026_NFL_W06_SEA_DEN_fanduel_20261007T195035Z,2026_NFL_W06_SEA_DEN,2026-10-07T19:50:35.174138+00:00,2026-10-07T19:50:27Z,fanduel,2.5,-110,-110,118.0,-138.0,42.5,-105,-115,,,,,,,True,,,odds_api,free
2026_NFL_W06_SEA_DEN_lowvig_20261007T195035Z,2026_NFL_W06_SEA_DEN,2026-10-07T19:50:35.174138+00:00,2026-10-07T19:50:00Z,lowvig,1.5,-105,-105,,,42.0,-107,-107,,,,,,,True,,,odds_api,free
2026_NFL_W06_SEA_DEN_betonlineag_20261007T195035Z,2026_NFL_W06_SEA_DEN,2026-10-07T19:50:35.174138+00:00,2026-10-07T19:49:52Z,betonlineag,1.5,-110,-110,,,42.0,-110,-110,,,,,,,True,,,odds_api,free
2026_NFL_W06_SEA_DEN_betrivers_20261007T195035Z,2026_NFL_W06_SEA_DEN,2026-10-07T19:50:35.174138+00:00,2026-10-07T19:49:53Z,betrivers,2.5,-112,-109,116.0,-141.0,42.5,-108,-113,,,,,,,True,,,odds_api,free
2026_NFL_W06_HOU_JAX_draftkings_20261007T195035Z,2026_NFL_W06_HOU_JAX,2026-10-07T19:50:35.174138+00:00,2026-10-07T19:50:09Z,draftkings,-3.0,-118,-102,-175.0,145.0,43.5,-110,-110,,,,,,,True,,,odds_api,free
2026_NFL_W06_HOU_JAX_fanduel_20261007T195035Z,2026_NFL_W06_HOU_JAX,2026-10-07T19:50:35.174138+00:00,2026-10-07T19:50:27Z,fanduel,-3.0,-110,-110,-158.0,134.0,42.5,-110,-110,,,,,,,True,,,odds_api,free
2026_NFL_W06_HOU_JAX_betus_20261007T195035Z,2026_NFL_W06_HOU_JAX,2026-10-07T19:50:35.174138+00:00,2026-10-07T19:50:27Z,betus,-3.0,-110,-110,,,43.0,-110,-110,,,,,,,True,,,odds_api,free
2026_NFL_W06_HOU_JAX_lowvig_20261007T195035Z,2026_NFL_W06_HOU_JAX,2026-10-07T19:50:35.174138+00:00,2026-10-07T19:50:00Z,lowvig,-3.0,-105,-105,,,43.0,-107,-107,,,,,,,True,,,odds_api,free
2026_NFL_W06_HOU_JAX_betonlineag_20261007T195035Z,2026_NFL_W06_HOU_JAX,2026-10-07T19:50:35.174138+00:00,2026-10-07T19:49:52Z,betonlineag,-3.0,-110,-110,,,43.0,-110,-110,,,,,,,True,,,odds_api,free
2026_NFL_W06_HOU_JAX_betrivers_20261007T195035Z,2026_NFL_W06_HOU_JAX,2026-10-07T19:50:35.174138+00:00,2026-10-07T19:49:53Z,betrivers,-3.0,-110,-110,-165.0,135.0,42.5,-110,-110,,,,,,,True,,,odds_api,free
2026_NFL_W06_CHI_ATL_draftkings_20261007T195035Z,2026_NFL_W06_CHI_ATL,2026-10-07T19:50:35.174138+00:00,2026-10-07T19:50:09Z,draftkings,1.5,-110,-110,102.0,-122.0,47.5,-110,-110,,,,,,,True,,,odds_api,free
2026_NFL_W06_CHI_ATL_fanduel_20261007T195035Z,2026_NFL_W06_CHI_ATL,2026-10-07T19:50:35.174138+00:00,2026-10-07T19:50:27Z,fanduel,1.5,-105,-115,108.0,-126.0,47.5,-110,-110,,,,,,,True,,,odds_api,free
2026_NFL_W06_CHI_ATL_betonlineag_20261007T195035Z,2026_NFL_W06_CHI_ATL,2026-10-07T19:50:35.174138+00:00,2026-10-07T19:49:52Z,betonlineag,1.5,-110,-110,,,47.5,-115,-105,,,,,,,True,,,odds_api,free
2026_NFL_W06_CHI_ATL_lowvig_20261007T195035Z,2026_NFL_W06_CHI_ATL,2026-10-07T19:50:35.174138+00:00,2026-10-07T19:50:00Z,lowvig,1.5,-105,-105,,,47.5,-113,-102,,,,,,,True,,,odds_api,free
2026_NFL_W06_CHI_ATL_betus_20261007T195035Z,2026_NFL_W06_CHI_ATL,2026-10-07T19:50:35.174138+00:00,2026-10-07T19:50:27Z,betus,1.5,-110,-110,,,47.5,-115,-105,,,,,,,True,,,odds_api,free
2026_NFL_W06_CHI_ATL_betrivers_20261007T195035Z,2026_NFL_W06_CHI_ATL,2026-10-07T19:50:35.174138+00:00,2026-10-07T19:49:53Z,betrivers,1.5,-110,-110,108.0,-130.0,47.5,-110,-110,,,,,,,True,,,odds_api,free
2026_NFL_W06_BAL_CLE_draftkings_20261007T195035Z,2026_NFL_W06_BAL_CLE,2026-10-07T19:50:35.174138+00:00,2026-10-07T19:50:09Z,draftkings,2.5,-102,-118,120.0,-142.0,40.5,-110,-110,,,,,,,True,,,odds_api,free
2026_NFL_W06_BAL_CLE_betus_20261007T195035Z,2026_NFL_W06_BAL_CLE,2026-10-07T19:50:35.174138+00:00,2026-10-07T19:50:27Z,betus,2.5,-110,-110,,,40.0,-110,-110,,,,,,,True,,,odds_api,free
2026_NFL_W06_BAL_CLE_fanduel_20261007T195035Z,2026_NFL_W06_BAL_CLE,2026-10-07T19:50:35.174138+00:00,2026-10-07T19:50:27Z,fanduel,2.5,-110,-110,116.0,-136.0,40.5,-110,-110,,,,,,,True,,,odds_api,free
2026_NFL_W06_BAL_CLE_lowvig_20261007T195035Z,2026_NFL_W06_BAL_CLE,2026-10-07T19:50:35.174138+00:00,2026-10-07T19:50:00Z,lowvig,2.5,-105,-105,,,40.0,-107,-107,,,,,,,True,,,odds_api,free
2026_NFL_W06_BAL_CLE_betonlineag_20261007T195035Z,2026_NFL_W06_BAL_CLE,2026-10-07T19:50:35.174138+00:00,2026-10-07T19:49:52Z,betonlineag,2.5,-110,-110,,,40.0,-110,-110,,,,,,,True,,,odds_api,free
2026_NFL_W06_BAL_CLE_betrivers_20261007T195035Z,2026_NFL_W06_BAL_CLE,2026-10-07T19:50:35.174138+00:00,2026-10-07T19:49:53Z,betrivers,2.5,-106,-115,114.0,-139.0,40.0,-114,-106,,,,,,,True,,,odds_api,free
2026_NFL_W06_CAR_PHI_draftkings_20261007T195035Z,2026_NFL_W06_CAR_PHI,2026-10-07T19:50:35.174138+00:00,2026-10-07T19:50:09Z,draftkings,-2.5,-110,-110,-135.0,114.0,43.5,-115,-105,,,,,,,True,,,odds_api,free
2026_NFL_W06_CAR_PHI_betus_20261007T195035Z,2026_NFL_W06_CAR_PHI,2026-10-07T19:50:35.174138+00:00,2026-10-07T19:50:27Z,betus,-2.0,-110,-110,,,42.5,-110,-110,,,,,,,True,,,odds_api,free
2026_NFL_W06_CAR_PHI_fanduel_20261007T195035Z,2026_NFL_W06_CAR_PHI,2026-10-07T19:50:35.174138+00:00,2026-10-07T19:50:27Z,fanduel,-1.5,-110,-110,-122.0,104.0,42.5,-110,-110,,,,,,,True,,,odds_api,free
2026_NFL_W06_CAR_PHI_lowvig_20261007T195035Z,2026_NFL_W06_CAR_PHI,2026-10-07T19:50:35.174138+00:00,2026-10-07T19:50:00Z,lowvig,-2.0,-105,-105,,,42.5,-107,-107,,,,,,,True,,,odds_api,free
2026_NFL_W06_CAR_PHI_betonlineag_20261007T195035Z,2026_NFL_W06_CAR_PHI,2026-10-07T19:50:35.174138+00:00,2026-10-07T19:49:52Z,betonlineag,-2.0,-110,-110,,,42.5,-110,-110,,,,,,,True,,,odds_api,free
2026_NFL_W06_CAR_PHI_betrivers_20261007T195035Z,2026_NFL_W06_CAR_PHI,2026-10-07T19:50:35.174138+00:00,2026-10-07T19:49:53Z,betrivers,-2.0,-110,-110,-130.0,108.0,42.5,-114,-106,,,,,,,True,,,odds_api,free
2026_NFL_W06_TEN_IND_draftkings_20261007T195035Z,2026_NFL_W06_TEN_IND,2026-10-07T19:50:35.174138+00:00,2026-10-07T19:50:09Z,draftkings,-6.5,-110,-110,-298.0,240.0,44.5,-110,-110,,,,,,,True,,,odds_api,free
2026_NFL_W06_TEN_IND_betus_20261007T195035Z,2026_NFL_W06_TEN_IND,2026-10-07T19:50:35.174138+00:00,2026-10-07T19:50:27Z,betus,-6.5,-115,-105,,,43.5,-110,-110,,,,,,,True,,,odds_api,free
2026_NFL_W06_TEN_IND_fanduel_20261007T195035Z,2026_NFL_W06_TEN_IND,2026-10-07T19:50:35.174138+00:00,2026-10-07T19:50:27Z,fanduel,-6.5,-110,-110,-300.0,245.0,43.5,-110,-110,,,,,,,True,,,odds_api,free
2026_NFL_W06_TEN_IND_betonlineag_20261007T195035Z,2026_NFL_W06_TEN_IND,2026-10-07T19:50:35.174138+00:00,2026-10-07T19:49:52Z,betonlineag,-6.5,-115,-105,,,43.5,-110,-110,,,,,,,True,,,odds_api,free
2026_NFL_W06_TEN_IND_lowvig_20261007T195035Z,2026_NFL_W06_TEN_IND,2026-10-07T19:50:35.174138+00:00,2026-10-07T19:50:00Z,lowvig,-6.5,-110,100,,,43.5,-107,-107,,,,,,,True,,,odds_api,free
2026_NFL_W06_TEN_IND_betrivers_20261007T195035Z,2026_NFL_W06_TEN_IND,2026-10-07T19:50:35.174138+00:00,2026-10-07T19:49:53Z,betrivers,-6.5,-115,-106,-315.0,250.0,43.5,-109,-112,,,,,,,True,,,odds_api,free
2026_NFL_W06_NYJ_NE_draftkings_20261007T195035Z,2026_NFL_W06_NYJ_NE,2026-10-07T19:50:35.174138+00:00,2026-10-07T19:50:09Z,draftkings,-7.0,-105,-115,-340.0,270.0,43.5,-115,-105,,,,,,,True,,,odds_api,free
2026_NFL_W06_NYJ_NE_fanduel_20261007T195035Z,2026_NFL_W06_NYJ_NE,2026-10-07T19:50:35.174138+00:00,2026-10-07T19:50:27Z,fanduel,-7.0,-105,-115,-320.0,260.0,43.5,-105,-115,,,,,,,True,,,odds_api,free
2026_NFL_W06_NYJ_NE_lowvig_20261007T195035Z,2026_NFL_W06_NYJ_NE,2026-10-07T19:50:35.174138+00:00,2026-10-07T19:50:00Z,lowvig,-7.0,100,-110,,,42.5,-107,-107,,,,,,,True,,,odds_api,free
2026_NFL_W06_NYJ_NE_betonlineag_20261007T195035Z,2026_NFL_W06_NYJ_NE,2026-10-07T19:50:35.174138+00:00,2026-10-07T19:49:52Z,betonlineag,-7.0,-105,-115,,,42.5,-110,-110,,,,,,,True,,,odds_api,free
2026_NFL_W06_NYJ_NE_betus_20261007T195035Z,2026_NFL_W06_NYJ_NE,2026-10-07T19:50:35.174138+00:00,2026-10-07T19:50:27Z,betus,-7.0,-105,-115,,,42.5,-110,-110,,,,,,,True,,,odds_api,free
2026_NFL_W06_NYJ_NE_betrivers_20261007T195035Z,2026_NFL_W06_NYJ_NE,2026-10-07T19:50:35.174138+00:00,2026-10-07T19:49:53Z,betrivers,-7.0,-106,-115,-335.0,255.0,43.5,-109,-112,,,,,,,True,,,odds_api,free
2026_NFL_W06_NO_NYG_draftkings_20261007T195035Z,2026_NFL_W06_NO_NYG,2026-10-07T19:50:35.174138+00:00,2026-10-07T19:50:09Z,draftkings,1.5,-115,-105,-102.0,-118.0,45.5,-110,-110,,,,,,,True,,,odds_api,free
2026_NFL_W06_NO_NYG_betus_20261007T195035Z,2026_NFL_W06_NO_NYG,2026-10-07T19:50:35.174138+00:00,2026-10-07T19:50:27Z,betus,1.5,-110,-110,,,44.5,-110,-110,,,,,,,True,,,odds_api,free
2026_NFL_W06_NO_NYG_fanduel_20261007T195035Z,2026_NFL_W06_NO_NYG,2026-10-07T19:50:35.174138+00:00,2026-10-07T19:50:27Z,fanduel,1.5,-115,-105,100.0,-118.0,44.5,-115,-105,,,,,,,True,,,odds_api,free
2026_NFL_W06_NO_NYG_betonlineag_20261007T195035Z,2026_NFL_W06_NO_NYG,2026-10-07T19:50:35.174138+00:00,2026-10-07T19:49:52Z,betonlineag,1.5,-110,-110,,,44.5,-110,-110,,,,,,,True,,,odds_api,free
2026_NFL_W06_NO_NYG_lowvig_20261007T195035Z,2026_NFL_W06_NO_NYG,2026-10-07T19:50:35.174138+00:00,2026-10-07T19:50:00Z,lowvig,1.5,-105,-105,,,44.5,-107,-107,,,,,,,True,,,odds_api,free
2026_NFL_W06_NO_NYG_betrivers_20261007T195035Z,2026_NFL_W06_NO_NYG,2026-10-07T19:50:35.174138+00:00,2026-10-07T19:49:53Z,betrivers,1.0,-110,-110,-104.0,-118.0,44.5,-108,-113,,,,,,,True,,,odds_api,free
2026_NFL_W06_PIT_TB_draftkings_20261007T195035Z,2026_NFL_W06_PIT_TB,2026-10-07T19:50:35.174138+00:00,2026-10-07T19:50:09Z,draftkings,3.0,-118,-102,130.0,-155.0,39.5,-110,-110,,,,,,,True,,,odds_api,free
2026_NFL_W06_PIT_TB_betus_20261007T195035Z,2026_NFL_W06_PIT_TB,2026-10-07T19:50:35.174138+00:00,2026-10-07T19:50:27Z,betus,2.5,100,-120,,,39.0,-115,-105,,,,,,,True,,,odds_api,free
2026_NFL_W06_PIT_TB_fanduel_20261007T195035Z,2026_NFL_W06_PIT_TB,2026-10-07T19:50:35.174138+00:00,2026-10-07T19:50:27Z,fanduel,2.5,-110,-110,118.0,-138.0,38.5,-110,-110,,,,,,,True,,,odds_api,free
2026_NFL_W06_PIT_TB_lowvig_20261007T195035Z,2026_NFL_W06_PIT_TB,2026-10-07T19:50:35.174138+00:00,2026-10-07T19:50:00Z,lowvig,2.5,105,-116,,,39.0,-113,-102,,,,,,,True,,,odds_api,free
2026_NFL_W06_PIT_TB_betonlineag_20261007T195035Z,2026_NFL_W06_PIT_TB,2026-10-07T19:50:35.174138+00:00,2026-10-07T19:49:52Z,betonlineag,2.5,100,-120,,,39.0,-115,-105,,,,,,,True,,,odds_api,free
2026_NFL_W06_PIT_TB_betrivers_20261007T195035Z,2026_NFL_W06_PIT_TB,2026-10-07T19:50:35.174138+00:00,2026-10-07T19:49:53Z,betrivers,2.5,-108,-113,123.0,-150.0,39.0,-112,-109,,,,,,,True,,,odds_api,free
2026_NFL_W06_ARI_LAR_draftkings_20261007T195035Z,2026_NFL_W06_ARI_LAR,2026-10-07T19:50:35.174138+00:00,2026-10-07T19:50:09Z,draftkings,-10.5,-110,-110,-625.0,455.0,51.5,-105,-115,,,,,,,True,,,odds_api,free
2026_NFL_W06_ARI_LAR_betus_20261007T195035Z,2026_NFL_W06_ARI_LAR,2026-10-07T19:50:35.174138+00:00,2026-10-07T19:50:27Z,betus,-10.5,-110,-110,,,50.5,-110,-110,,,,,,,True,,,odds_api,free
2026_NFL_W06_ARI_LAR_fanduel_20261007T195035Z,2026_NFL_W06_ARI_LAR,2026-10-07T19:50:35.174138+00:00,2026-10-07T19:50:27Z,fanduel,-11.5,-105,-115,-670.0,490.0,50.5,-110,-110,,,,,,,True,,,odds_api,free
2026_NFL_W06_ARI_LAR_lowvig_20261007T195035Z,2026_NFL_W06_ARI_LAR,2026-10-07T19:50:35.174138+00:00,2026-10-07T19:50:00Z,lowvig,-10.5,-105,-105,,,50.5,-107,-107,,,,,,,True,,,odds_api,free
2026_NFL_W06_ARI_LAR_betonlineag_20261007T195035Z,2026_NFL_W06_ARI_LAR,2026-10-07T19:50:35.174138+00:00,2026-10-07T19:49:52Z,betonlineag,-10.5,-110,-110,,,50.5,-110,-110,,,,,,,True,,,odds_api,free
2026_NFL_W06_ARI_LAR_betrivers_20261007T195035Z,2026_NFL_W06_ARI_LAR,2026-10-07T19:50:35.174138+00:00,2026-10-07T19:49:53Z,betrivers,-10.5,-110,-110,-715.0,485.0,50.5,-110,-110,,,,,,,True,,,odds_api,free
2026_NFL_W06_BUF_LV_draftkings_20261007T195035Z,2026_NFL_W06_BUF_LV,2026-10-07T19:50:35.174138+00:00,2026-10-07T19:50:09Z,draftkings,4.5,-110,-110,185.0,-225.0,51.5,-110,-110,,,,,,,True,,,odds_api,free
2026_NFL_W06_BUF_LV_fanduel_20261007T195035Z,2026_NFL_W06_BUF_LV,2026-10-07T19:50:35.174138+00:00,2026-10-07T19:50:27Z,fanduel,4.5,-102,-120,205.0,-250.0,51.5,-108,-112,,,,,,,True,,,odds_api,free
2026_NFL_W06_BUF_LV_betus_20261007T195035Z,2026_NFL_W06_BUF_LV,2026-10-07T19:50:35.174138+00:00,2026-10-07T19:50:27Z,betus,4.5,-110,-110,,,51.0,-110,-110,,,,,,,True,,,odds_api,free
2026_NFL_W06_BUF_LV_lowvig_20261007T195035Z,2026_NFL_W06_BUF_LV,2026-10-07T19:50:35.174138+00:00,2026-10-07T19:50:00Z,lowvig,4.5,-105,-105,,,51.0,-107,-107,,,,,,,True,,,odds_api,free
2026_NFL_W06_BUF_LV_betonlineag_20261007T195035Z,2026_NFL_W06_BUF_LV,2026-10-07T19:50:35.174138+00:00,2026-10-07T19:49:52Z,betonlineag,4.5,-110,-110,,,51.0,-110,-110,,,,,,,True,,,odds_api,free
2026_NFL_W06_BUF_LV_betrivers_20261007T195035Z,2026_NFL_W06_BUF_LV,2026-10-07T19:50:35.174138+00:00,2026-10-07T19:49:53Z,betrivers,4.5,-108,-113,190.0,-240.0,51.5,-109,-112,,,,,,,True,,,odds_api,free
2026_NFL_W06_LAC_KC_draftkings_20261007T195035Z,2026_NFL_W06_LAC_KC,2026-10-07T19:50:35.174138+00:00,2026-10-07T19:50:09Z,draftkings,-7.5,-110,-110,-395.0,310.0,45.5,-110,-110,,,,,,,True,,,odds_api,free
2026_NFL_W06_LAC_KC_betus_20261007T195035Z,2026_NFL_W06_LAC_KC,2026-10-07T19:50:35.174138+00:00,2026-10-07T19:50:27Z,betus,-7.5,-110,-110,,,45.0,-110,-110,,,,,,,True,,,odds_api,free
2026_NFL_W06_LAC_KC_fanduel_20261007T195035Z,2026_NFL_W06_LAC_KC,2026-10-07T19:50:35.174138+00:00,2026-10-07T19:50:27Z,fanduel,-7.5,-108,-112,-450.0,350.0,45.5,-110,-110,,,,,,,True,,,odds_api,free
2026_NFL_W06_LAC_KC_lowvig_20261007T195035Z,2026_NFL_W06_LAC_KC,2026-10-07T19:50:35.174138+00:00,2026-10-07T19:50:00Z,lowvig,-7.5,-105,-105,,,45.0,-107,-107,,,,,,,True,,,odds_api,free
2026_NFL_W06_LAC_KC_betonlineag_20261007T195035Z,2026_NFL_W06_LAC_KC,2026-10-07T19:50:35.174138+00:00,2026-10-07T19:49:52Z,betonlineag,-7.5,-110,-110,,,45.0,-110,-110,,,,,,,True,,,odds_api,free
2026_NFL_W06_LAC_KC_betrivers_20261007T195035Z,2026_NFL_W06_LAC_KC,2026-10-07T19:50:35.174138+00:00,2026-10-07T19:49:53Z,betrivers,-7.5,-110,-110,-435.0,310.0,45.5,-112,-109,,,,,,,True,,,odds_api,free
2026_NFL_W06_DAL_GB_draftkings_20261007T195035Z,2026_NFL_W06_DAL_GB,2026-10-07T19:50:35.174138+00:00,2026-10-07T19:50:10Z,draftkings,2.5,-110,-110,120.0,-142.0,50.5,-110,-110,,,,,,,True,,,odds_api,free
2026_NFL_W06_DAL_GB_betus_20261007T195035Z,2026_NFL_W06_DAL_GB,2026-10-07T19:50:35.174138+00:00,2026-10-07T19:50:27Z,betus,2.0,-110,-110,,,50.0,-110,-110,,,,,,,True,,,odds_api,free
2026_NFL_W06_DAL_GB_fanduel_20261007T195035Z,2026_NFL_W06_DAL_GB,2026-10-07T19:50:35.174138+00:00,2026-10-07T19:50:27Z,fanduel,1.5,-105,-115,112.0,-132.0,50.5,-115,-105,,,,,,,True,,,odds_api,free
2026_NFL_W06_DAL_GB_lowvig_20261007T195035Z,2026_NFL_W06_DAL_GB,2026-10-07T19:50:35.174138+00:00,2026-10-07T19:50:00Z,lowvig,2.0,-105,-105,,,50.0,-107,-107,,,,,,,True,,,odds_api,free
2026_NFL_W06_DAL_GB_betonlineag_20261007T195035Z,2026_NFL_W06_DAL_GB,2026-10-07T19:50:35.174138+00:00,2026-10-07T19:49:52Z,betonlineag,2.0,-110,-110,,,50.0,-110,-110,,,,,,,True,,,odds_api,free
2026_NFL_W06_DAL_GB_betrivers_20261007T195035Z,2026_NFL_W06_DAL_GB,2026-10-07T19:50:35.174138+00:00,2026-10-07T19:49:53Z,betrivers,2.0,-112,-109,112.0,-139.0,50.0,-112,-109,,,,,,,True,,,odds_api,free
2026_NFL_W06_WAS_SF_draftkings_20261007T195035Z,2026_NFL_W06_WAS_SF,2026-10-07T19:50:35.174138+00:00,2026-10-07T19:50:10Z,draftkings,-7.5,-110,-110,-425.0,330.0,50.5,-110,-110,,,,,,,True,,,odds_api,free
2026_NFL_W06_WAS_SF_betus_20261007T195035Z,2026_NFL_W06_WAS_SF,2026-10-07T19:50:35.174138+00:00,2026-10-07T19:50:27Z,betus,-7.5,-110,-110,,,49.5,-110,-110,,,,,,,True,,,odds_api,free
2026_NFL_W06_WAS_SF_fanduel_20261007T195035Z,2026_NFL_W06_WAS_SF,2026-10-07T19:50:35.174138+00:00,2026-10-07T19:50:27Z,fanduel,-7.0,-115,-105,-390.0,310.0,49.5,-105,-115,,,,,,,True,,,odds_api,free
2026_NFL_W06_WAS_SF_lowvig_20261007T195035Z,2026_NFL_W06_WAS_SF,2026-10-07T19:50:35.174138+00:00,2026-10-07T19:50:00Z,lowvig,-7.5,-105,-105,,,49.5,-107,-107,,,,,,,True,,,odds_api,free
2026_NFL_W06_WAS_SF_betonlineag_20261007T195035Z,2026_NFL_W06_WAS_SF,2026-10-07T19:50:35.174138+00:00,2026-10-07T19:49:52Z,betonlineag,-7.5,-110,-110,,,49.5,-110,-110,,,,,,,True,,,odds_api,free
2026_NFL_W06_WAS_SF_betrivers_20261007T195035Z,2026_NFL_W06_WAS_SF,2026-10-07T19:50:35.174138+00:00,2026-10-07T19:49:53Z,betrivers,-7.5,-108,-113,-420.0,320.0,50.5,-109,-112,,,,,,,True,,,odds_api,free
2026_NFL_W06_SEA_DEN_draftkings_20261008T023820Z,2026_NFL_W06_SEA_DEN,2026-10-08T02:38:20.850977+00:00,2026-10-08T02:37:33Z,draftkings,1.5,-110,-110,105.0,-125.0,42.5,-110,-110,,,,,,,True,,,odds_api,free
2026_NFL_W06_SEA_DEN_betus_20261008T023820Z,2026_NFL_W06_SEA_DEN,2026-10-08T02:38:20.850977+00:00,2026-10-08T02:38:06Z,betus,1.5,-105,-115,,,42.0,-110,-110,,,,,,,True,,,odds_api,free
2026_NFL_W06_SEA_DEN_fanduel_20261008T023820Z,2026_NFL_W06_SEA_DEN,2026-10-08T02:38:20.850977+00:00,2026-10-08T02:38:06Z,fanduel,2.5,-110,-110,118.0,-138.0,42.5,-105,-115,,,,,,,True,,,odds_api,free
2026_NFL_W06_SEA_DEN_lowvig_20261008T023820Z,2026_NFL_W06_SEA_DEN,2026-10-08T02:38:20.850977+00:00,2026-10-08T02:37:36Z,lowvig,1.5,100,-110,,,42.0,-107,-107,,,,,,,True,,,odds_api,free
2026_NFL_W06_SEA_DEN_betonlineag_20261008T023820Z,2026_NFL_W06_SEA_DEN,2026-10-08T02:38:20.850977+00:00,2026-10-08T02:38:08Z,betonlineag,1.5,-105,-115,,,42.0,-110,-110,,,,,,,True,,,odds_api,free
2026_NFL_W06_SEA_DEN_betrivers_20261008T023820Z,2026_NFL_W06_SEA_DEN,2026-10-08T02:38:20.850977+00:00,2026-10-08T02:38:07Z,betrivers,2.5,-112,-109,116.0,-141.0,42.5,-108,-113,,,,,,,True,,,odds_api,free
2026_NFL_W06_HOU_JAX_draftkings_20261008T023820Z,2026_NFL_W06_HOU_JAX,2026-10-08T02:38:20.850977+00:00,2026-10-08T02:37:33Z,draftkings,-3.0,-118,-102,-175.0,145.0,43.5,-110,-110,,,,,,,True,,,odds_api,free
2026_NFL_W06_HOU_JAX_fanduel_20261008T023820Z,2026_NFL_W06_HOU_JAX,2026-10-08T02:38:20.850977+00:00,2026-10-08T02:38:06Z,fanduel,-3.0,-110,-110,-158.0,134.0,42.5,-110,-110,,,,,,,True,,,odds_api,free
2026_NFL_W06_HOU_JAX_betus_20261008T023820Z,2026_NFL_W06_HOU_JAX,2026-10-08T02:38:20.850977+00:00,2026-10-08T02:38:06Z,betus,-3.0,-110,-110,,,43.0,-110,-110,,,,,,,True,,,odds_api,free
2026_NFL_W06_HOU_JAX_lowvig_20261008T023820Z,2026_NFL_W06_HOU_JAX,2026-10-08T02:38:20.850977+00:00,2026-10-08T02:37:36Z,lowvig,-3.0,-105,-105,,,43.0,-107,-107,,,,,,,True,,,odds_api,free
2026_NFL_W06_HOU_JAX_betonlineag_20261008T023820Z,2026_NFL_W06_HOU_JAX,2026-10-08T02:38:20.850977+00:00,2026-10-08T02:38:08Z,betonlineag,-3.0,-110,-110,,,43.0,-110,-110,,,,,,,True,,,odds_api,free
2026_NFL_W06_HOU_JAX_betrivers_20261008T023820Z,2026_NFL_W06_HOU_JAX,2026-10-08T02:38:20.850977+00:00,2026-10-08T02:38:07Z,betrivers,-3.0,-110,-110,-165.0,135.0,42.5,-110,-110,,,,,,,True,,,odds_api,free
2026_NFL_W06_CHI_ATL_draftkings_20261008T023820Z,2026_NFL_W06_CHI_ATL,2026-10-08T02:38:20.850977+00:00,2026-10-08T02:37:33Z,draftkings,1.5,-110,-110,105.0,-125.0,47.5,-110,-110,,,,,,,True,,,odds_api,free
2026_NFL_W06_CHI_ATL_fanduel_20261008T023820Z,2026_NFL_W06_CHI_ATL,2026-10-08T02:38:20.850977+00:00,2026-10-08T02:38:06Z,fanduel,1.5,-105,-115,108.0,-126.0,47.5,-110,-110,,,,,,,True,,,odds_api,free
2026_NFL_W06_CHI_ATL_betonlineag_20261008T023820Z,2026_NFL_W06_CHI_ATL,2026-10-08T02:38:20.850977+00:00,2026-10-08T02:38:08Z,betonlineag,1.0,-110,-110,,,47.5,-115,-105,,,,,,,True,,,odds_api,free
2026_NFL_W06_CHI_ATL_lowvig_20261008T023820Z,2026_NFL_W06_CHI_ATL,2026-10-08T02:38:20.850977+00:00,2026-10-08T02:37:36Z,lowvig,1.0,-105,-105,,,47.5,-113,-102,,,,,,,True,,,odds_api,free
2026_NFL_W06_CHI_ATL_betus_20261008T023820Z,2026_NFL_W06_CHI_ATL,2026-10-08T02:38:20.850977+00:00,2026-10-08T02:38:06Z,betus,1.0,-110,-110,,,47.5,-115,-105,,,,,,,True,,,odds_api,free
2026_NFL_W06_CHI_ATL_betrivers_20261008T023820Z,2026_NFL_W06_CHI_ATL,2026-10-08T02:38:20.850977+00:00,2026-10-08T02:38:07Z,betrivers,1.5,-110,-110,108.0,-130.0,47.5,-110,-110,,,,,,,True,,,odds_api,free
2026_NFL_W06_BAL_CLE_draftkings_20261008T023820Z,2026_NFL_W06_BAL_CLE,2026-10-08T02:38:20.850977+00:00,2026-10-08T02:37:33Z,draftkings,2.5,-102,-118,130.0,-155.0,40.5,-110,-110,,,,,,,True,,,odds_api,free
2026_NFL_W06_BAL_CLE_betus_20261008T023820Z,2026_NFL_W06_BAL_CLE,2026-10-08T02:38:20.850977+00:00,2026-10-08T02:38:06Z,betus,2.5,105,-125,,,40.5,-115,-105,,,,,,,True,,,odds_api,free
2026_NFL_W06_BAL_CLE_fanduel_20261008T023820Z,2026_NFL_W06_BAL_CLE,2026-10-08T02:38:20.850977+00:00,2026-10-08T02:38:06Z,fanduel,3.5,-105,-115,160.0,-190.0,41.5,-110,-110,,,,,,,True,,,odds_api,free
2026_NFL_W06_BAL_CLE_lowvig_20261008T023820Z,2026_NFL_W06_BAL_CLE,2026-10-08T02:38:20.850977+00:00,2026-10-08T02:37:36Z,lowvig,2.5,110,-121,,,40.5,-113,-102,,,,,,,True,,,odds_api,free
2026_NFL_W06_BAL_CLE_betonlineag_20261008T023820Z,2026_NFL_W06_BAL_CLE,2026-10-08T02:38:20.850977+00:00,2026-10-08T02:38:08Z,betonlineag,2.5,105,-125,,,40.5,-115,-105,,,,,,,True,,,odds_api,free
2026_NFL_W06_BAL_CLE_betrivers_20261008T023820Z,2026_NFL_W06_BAL_CLE,2026-10-08T02:38:20.850977+00:00,2026-10-08T02:38:07Z,betrivers,2.5,-106,-115,125.0,-152.0,40.0,-114,-106,,,,,,,True,,,odds_api,free
2026_NFL_W06_CAR_PHI_draftkings_20261008T023820Z,2026_NFL_W06_CAR_PHI,2026-10-08T02:38:20.850977+00:00,2026-10-08T02:37:33Z,draftkings,-2.5,-110,-110,-135.0,114.0,43.5,-115,-105,,,,,,,True,,,odds_api,free
2026_NFL_W06_CAR_PHI_betus_20261008T023820Z,2026_NFL_W06_CAR_PHI,2026-10-08T02:38:20.850977+00:00,2026-10-08T02:38:06Z,betus,-2.0,-110,-110,,,42.5,-110,-110,,,,,,,True,,,odds_api,free
2026_NFL_W06_CAR_PHI_fanduel_20261008T023820Z,2026_NFL_W06_CAR_PHI,2026-10-08T02:38:20.850977+00:00,2026-10-08T02:38:06Z,fanduel,-1.5,-110,-110,-122.0,104.0,42.5,-110,-110,,,,,,,True,,,odds_api,free
2026_NFL_W06_CAR_PHI_lowvig_20261008T023820Z,2026_NFL_W06_CAR_PHI,2026-10-08T02:38:20.850977+00:00,2026-10-08T02:37:36Z,lowvig,-2.0,-105,-105,,,42.5,-107,-107,,,,,,,True,,,odds_api,free
2026_NFL_W06_CAR_PHI_betonlineag_20261008T023820Z,2026_NFL_W06_CAR_PHI,2026-10-08T02:38:20.850977+00:00,2026-10-08T02:38:08Z,betonlineag,-2.0,-110,-110,,,42.5,-110,-110,,,,,,,True,,,odds_api,free
2026_NFL_W06_CAR_PHI_betrivers_20261008T023820Z,2026_NFL_W06_CAR_PHI,2026-10-08T02:38:20.850977+00:00,2026-10-08T02:38:07Z,betrivers,-2.0,-110,-110,-130.0,108.0,42.5,-114,-106,,,,,,,True,,,odds_api,free
2026_NFL_W06_TEN_IND_draftkings_20261008T023820Z,2026_NFL_W06_TEN_IND,2026-10-08T02:38:20.850977+00:00,2026-10-08T02:37:33Z,draftkings,-6.5,-110,-110,-310.0,250.0,44.5,-110,-110,,,,,,,True,,,odds_api,free
2026_NFL_W06_TEN_IND_betus_20261008T023820Z,2026_NFL_W06_TEN_IND,2026-10-08T02:38:20.850977+00:00,2026-10-08T02:38:06Z,betus,-6.5,-115,-105,,,43.5,-110,-110,,,,,,,True,,,odds_api,free
2026_NFL_W06_TEN_IND_fanduel_20261008T023820Z,2026_NFL_W06_TEN_IND,2026-10-08T02:38:20.850977+00:00,2026-10-08T02:38:06Z,fanduel,-6.5,-110,-110,-300.0,245.0,43.5,-110,-110,,,,,,,True,,,odds_api,free
2026_NFL_W06_TEN_IND_betonlineag_20261008T023820Z,2026_NFL_W06_TEN_IND,2026-10-08T02:38:20.850977+00:00,2026-10-08T02:38:08Z,betonlineag,-6.5,-115,-105,,,43.5,-110,-110,,,,,,,True,,,odds_api,free
2026_NFL_W06_TEN_IND_lowvig_20261008T023820Z,2026_NFL_W06_TEN_IND,2026-10-08T02:38:20.850977+00:00,2026-10-08T02:37:36Z,lowvig,-6.5,-110,100,,,43.5,-107,-107,,,,,,,True,,,odds_api,free
2026_NFL_W06_TEN_IND_betrivers_20261008T023820Z,2026_NFL_W06_TEN_IND,2026-10-08T02:38:20.850977+00:00,2026-10-08T02:38:07Z,betrivers,-6.5,-115,-106,-315.0,250.0,43.5,-109,-112,,,,,,,True,,,odds_api,free
2026_NFL_W06_NYJ_NE_draftkings_20261008T023820Z,2026_NFL_W06_NYJ_NE,2026-10-08T02:38:20.850977+00:00,2026-10-08T02:37:33Z,draftkings,-7.0,-105,-115,-340.0,270.0,43.5,-115,-105,,,,,,,True,,,odds_api,free
2026_NFL_W06_NYJ_NE_fanduel_20261008T023820Z,2026_NFL_W06_NYJ_NE,2026-10-08T02:38:20.850977+00:00,2026-10-08T02:38:06Z,fanduel,-7.0,-105,-115,-320.0,260.0,43.5,-105,-115,,,,,,,True,,,odds_api,free
2026_NFL_W06_NYJ_NE_lowvig_20261008T023820Z,2026_NFL_W06_NYJ_NE,2026-10-08T02:38:20.850977+00:00,2026-10-08T02:37:36Z,lowvig,-7.0,100,-110,,,42.5,-107,-107,,,,,,,True,,,odds_api,free
2026_NFL_W06_NYJ_NE_betonlineag_20261008T023820Z,2026_NFL_W06_NYJ_NE,2026-10-08T02:38:20.850977+00:00,2026-10-08T02:38:08Z,betonlineag,-7.0,-105,-115,,,42.5,-110,-110,,,,,,,True,,,odds_api,free
2026_NFL_W06_NYJ_NE_betus_20261008T023820Z,2026_NFL_W06_NYJ_NE,2026-10-08T02:38:20.850977+00:00,2026-10-08T02:38:06Z,betus,-7.0,-105,-115,,,42.5,-110,-110,,,,,,,True,,,odds_api,free
2026_NFL_W06_NYJ_NE_betrivers_20261008T023820Z,2026_NFL_W06_NYJ_NE,2026-10-08T02:38:20.850977+00:00,2026-10-08T02:38:07Z,betrivers,-7.0,-106,-115,-335.0,255.0,43.5,-109,-112,,,,,,,True,,,odds_api,free
2026_NFL_W06_NO_NYG_draftkings_20261008T023820Z,2026_NFL_W06_NO_NYG,2026-10-08T02:38:20.850977+00:00,2026-10-08T02:37:33Z,draftkings,1.5,-115,-105,-102.0,-118.0,45.5,-110,-110,,,,,,,True,,,odds_api,free
2026_NFL_W06_NO_NYG_betus_20261008T023820Z,2026_NFL_W06_NO_NYG,2026-10-08T02:38:20.850977+00:00,2026-10-08T02:38:06Z,betus,1.0,-110,-110,,,44.5,-110,-110,,,,,,,True,,,odds_api,free
2026_NFL_W06_NO_NYG_fanduel_20261008T023820Z,2026_NFL_W06_NO_NYG,2026-10-08T02:38:20.850977+00:00,2026-10-08T02:38:06Z,fanduel,1.5,-115,-105,100.0,-118.0,44.5,-115,-105,,,,,,,True,,,odds_api,free
2026_NFL_W06_NO_NYG_betonlineag_20261008T023820Z,2026_NFL_W06_NO_NYG,2026-10-08T02:38:20.850977+00:00,2026-10-08T02:38:08Z,betonlineag,1.0,-110,-110,,,44.5,-110,-110,,,,,,,True,,,odds_api,free
2026_NFL_W06_NO_NYG_lowvig_20261008T023820Z,2026_NFL_W06_NO_NYG,2026-10-08T02:38:20.850977+00:00,2026-10-08T02:37:36Z,lowvig,1.0,-105,-105,,,44.5,-107,-107,,,,,,,True,,,odds_api,free
2026_NFL_W06_NO_NYG_betrivers_20261008T023820Z,2026_NFL_W06_NO_NYG,2026-10-08T02:38:20.850977+00:00,2026-10-08T02:38:07Z,betrivers,1.0,-110,-110,-104.0,-118.0,44.5,-108,-113,,,,,,,True,,,odds_api,free
2026_NFL_W06_PIT_TB_draftkings_20261008T023820Z,2026_NFL_W06_PIT_TB,2026-10-08T02:38:20.850977+00:00,2026-10-08T02:37:33Z,draftkings,3.0,-118,-102,130.0,-155.0,39.5,-110,-110,,,,,,,True,,,odds_api,free
2026_NFL_W06_PIT_TB_betus_20261008T023820Z,2026_NFL_W06_PIT_TB,2026-10-08T02:38:20.850977+00:00,2026-10-08T02:38:06Z,betus,2.5,-105,-115,,,39.0,-115,-105,,,,,,,True,,,odds_api,free
2026_NFL_W06_PIT_TB_fanduel_20261008T023820Z,2026_NFL_W06_PIT_TB,2026-10-08T02:38:20.850977+00:00,2026-10-08T02:38:06Z,fanduel,2.5,-110,-110,118.0,-138.0,38.5,-110,-110,,,,,,,True,,,odds_api,free
2026_NFL_W06_PIT_TB_lowvig_20261008T023820Z,2026_NFL_W06_PIT_TB,2026-10-08T02:38:20.850977+00:00,2026-10-08T02:37:36Z,lowvig,2.5,100,-110,,,39.0,-113,-102,,,,,,,True,,,odds_api,free
2026_NFL_W06_PIT_TB_betonlineag_20261008T023820Z,2026_NFL_W06_PIT_TB,2026-10-08T02:38:20.850977+00:00,2026-10-08T02:38:08Z,betonlineag,2.5,-105,-115,,,39.0,-115,-105,,,,,,,True,,,odds_api,free
2026_NFL_W06_PIT_TB_betrivers_20261008T023820Z,2026_NFL_W06_PIT_TB,2026-10-08T02:38:20.850977+00:00,2026-10-08T02:38:07Z,betrivers,2.5,-108,-113,123.0,-150.0,39.0,-112,-109,,,,,,,True,,,odds_api,free
2026_NFL_W06_ARI_LAR_draftkings_20261008T023820Z,2026_NFL_W06_ARI_LAR,2026-10-08T02:38:20.850977+00:00,2026-10-08T02:37:33Z,draftkings,-10.5,-110,-110,-625.0,455.0,51.5,-105,-115,,,,,,,True,,,odds_api,free
2026_NFL_W06_ARI_LAR_betus_20261008T023820Z,2026_NFL_W06_ARI_LAR,2026-10-08T02:38:20.850977+00:00,2026-10-08T02:38:06Z,betus,-10.5,-110,-110,,,50.5,-110,-110,,,,,,,True,,,odds_api,free
2026_NFL_W06_ARI_LAR_fanduel_20261008T023820Z,2026_NFL_W06_ARI_LAR,2026-10-08T02:38:20.850977+00:00,2026-10-08T02:38:06Z,fanduel,-11.5,-105,-115,-670.0,490.0,50.5,-110,-110,,,,,,,True,,,odds_api,free
2026_NFL_W06_ARI_LAR_lowvig_20261008T023820Z,2026_NFL_W06_ARI_LAR,2026-10-08T02:38:20.850977+00:00,2026-10-08T02:37:36Z,lowvig,-10.5,-105,-105,,,50.5,-107,-107,,,,,,,True,,,odds_api,free
2026_NFL_W06_ARI_LAR_betonlineag_20261008T023820Z,2026_NFL_W06_ARI_LAR,2026-10-08T02:38:20.850977+00:00,2026-10-08T02:38:08Z,betonlineag,-10.5,-110,-110,,,50.5,-110,-110,,,,,,,True,,,odds_api,free
2026_NFL_W06_ARI_LAR_betrivers_20261008T023820Z,2026_NFL_W06_ARI_LAR,2026-10-08T02:38:20.850977+00:00,2026-10-08T02:38:07Z,betrivers,-10.5,-110,-110,-715.0,485.0,50.5,-110,-110,,,,,,,True,,,odds_api,free
2026_NFL_W06_BUF_LV_draftkings_20261008T023820Z,2026_NFL_W06_BUF_LV,2026-10-08T02:38:20.850977+00:00,2026-10-08T02:37:33Z,draftkings,4.5,-110,-110,190.0,-230.0,51.5,-110,-110,,,,,,,True,,,odds_api,free
2026_NFL_W06_BUF_LV_fanduel_20261008T023820Z,2026_NFL_W06_BUF_LV,2026-10-08T02:38:20.850977+00:00,2026-10-08T02:38:06Z,fanduel,4.5,-102,-120,205.0,-250.0,51.5,-108,-112,,,,,,,True,,,odds_api,free
2026_NFL_W06_BUF_LV_betus_20261008T023820Z,2026_NFL_W06_BUF_LV,2026-10-08T02:38:20.850977+00:00,2026-10-08T02:38:06Z,betus,4.5,-110,-110,,,51.0,-110,-110,,,,,,,True,,,odds_api,free
2026_NFL_W06_BUF_LV_lowvig_20261008T023820Z,2026_NFL_W06_BUF_LV,2026-10-08T02:38:20.850977+00:00,2026-10-08T02:37:36Z,lowvig,4.5,-105,-105,,,51.0,-107,-107,,,,,,,True,,,odds_api,free
2026_NFL_W06_BUF_LV_betonlineag_20261008T023820Z,2026_NFL_W06_BUF_LV,2026-10-08T02:38:20.850977+00:00,2026-10-08T02:38:08Z,betonlineag,4.5,-110,-110,,,51.0,-110,-110,,,,,,,True,,,odds_api,free
2026_NFL_W06_BUF_LV_betrivers_20261008T023820Z,2026_NFL_W06_BUF_LV,2026-10-08T02:38:20.850977+00:00,2026-10-08T02:38:07Z,betrivers,4.5,-108,-113,190.0,-240.0,51.5,-109,-112,,,,,,,True,,,odds_api,free
2026_NFL_W06_LAC_KC_draftkings_20261008T023820Z,2026_NFL_W06_LAC_KC,2026-10-08T02:38:20.850977+00:00,2026-10-08T02:37:33Z,draftkings,-7.5,-110,-110,-380.0,300.0,45.5,-110,-110,,,,,,,True,,,odds_api,free
2026_NFL_W06_LAC_KC_betus_20261008T023820Z,2026_NFL_W06_LAC_KC,2026-10-08T02:38:20.850977+00:00,2026-10-08T02:38:06Z,betus,-7.0,-115,-105,,,45.0,-105,-115,,,,,,,True,,,odds_api,free
2026_NFL_W06_LAC_KC_fanduel_20261008T023820Z,2026_NFL_W06_LAC_KC,2026-10-08T02:38:20.850977+00:00,2026-10-08T02:38:06Z,fanduel,-7.5,-108,-112,-450.0,350.0,45.5,-110,-110,,,,,,,True,,,odds_api,free
2026_NFL_W06_LAC_KC_lowvig_20261008T023820Z,2026_NFL_W06_LAC_KC,2026-10-08T02:38:20.850977+00:00,2026-10-08T02:37:36Z,lowvig,-7.0,-110,100,,,45.0,-101,-114,,,,,,,True,,,odds_api,free
2026_NFL_W06_LAC_KC_betonlineag_20261008T023820Z,2026_NFL_W06_LAC_KC,2026-10-08T02:38:20.850977+00:00,2026-10-08T02:38:08Z,betonlineag,-7.0,-115,-105,,,45.0,-104,-116,,,,,,,True,,,odds_api,free
2026_NFL_W06_LAC_KC_betrivers_20261008T023820Z,2026_NFL_W06_LAC_KC,2026-10-08T02:38:20.850977+00:00,2026-10-08T02:38:07Z,betrivers,-7.5,-110,-110,-435.0,310.0,45.5,-112,-109,,,,,,,True,,,odds_api,free
2026_NFL_W06_DAL_GB_draftkings_20261008T023820Z,2026_NFL_W06_DAL_GB,2026-10-08T02:38:20.850977+00:00,2026-10-08T02:37:33Z,draftkings,2.5,-110,-110,120.0,-142.0,50.5,-110,-110,,,,,,,True,,,odds_api,free
2026_NFL_W06_DAL_GB_betus_20261008T023820Z,2026_NFL_W06_DAL_GB,2026-10-08T02:38:20.850977+00:00,2026-10-08T02:38:06Z,betus,2.0,-110,-110,,,50.0,-110,-110,,,,,,,True,,,odds_api,free
2026_NFL_W06_DAL_GB_fanduel_20261008T023820Z,2026_NFL_W06_DAL_GB,2026-10-08T02:38:20.850977+00:00,2026-10-08T02:38:06Z,fanduel,1.5,-105,-115,112.0,-132.0,50.5,-115,-105,,,,,,,True,,,odds_api,free
2026_NFL_W06_DAL_GB_lowvig_20261008T023820Z,2026_NFL_W06_DAL_GB,2026-10-08T02:38:20.850977+00:00,2026-10-08T02:37:36Z,lowvig,2.0,-105,-105,,,50.0,-107,-107,,,,,,,True,,,odds_api,free
2026_NFL_W06_DAL_GB_betonlineag_20261008T023820Z,2026_NFL_W06_DAL_GB,2026-10-08T02:38:20.850977+00:00,2026-10-08T02:38:08Z,betonlineag,2.0,-110,-110,,,50.0,-110,-110,,,,,,,True,,,odds_api,free
2026_NFL_W06_DAL_GB_betrivers_20261008T023820Z,2026_NFL_W06_DAL_GB,2026-10-08T02:38:20.850977+00:00,2026-10-08T02:38:07Z,betrivers,2.0,-112,-109,112.0,-139.0,50.0,-112,-109,,,,,,,True,,,odds_api,free
2026_NFL_W06_WAS_SF_draftkings_20261008T023820Z,2026_NFL_W06_WAS_SF,2026-10-08T02:38:20.850977+00:00,2026-10-08T02:37:33Z,draftkings,-7.5,-110,-110,-410.0,320.0,50.5,-110,-110,,,,,,,True,,,odds_api,free
2026_NFL_W06_WAS_SF_betus_20261008T023820Z,2026_NFL_W06_WAS_SF,2026-10-08T02:38:20.850977+00:00,2026-10-08T02:38:06Z,betus,-7.5,-110,-110,,,49.5,-110,-110,,,,,,,True,,,odds_api,free
2026_NFL_W06_WAS_SF_fanduel_20261008T023820Z,2026_NFL_W06_WAS_SF,2026-10-08T02:38:20.850977+00:00,2026-10-08T02:38:06Z,fanduel,-7.0,-115,-105,-390.0,310.0,49.5,-105,-115,,,,,,,True,,,odds_api,free
2026_NFL_W06_WAS_SF_lowvig_20261008T023820Z,2026_NFL_W06_WAS_SF,2026-10-08T02:38:20.850977+00:00,2026-10-08T02:37:36Z,lowvig,-7.5,-105,-105,,,49.5,-107,-107,,,,,,,True,,,odds_api,free
2026_NFL_W06_WAS_SF_betonlineag_20261008T023820Z,2026_NFL_W06_WAS_SF,2026-10-08T02:38:20.850977+00:00,2026-10-08T02:38:08Z,betonlineag,-7.5,-110,-110,,,49.5,-110,-110,,,,,,,True,,,odds_api,free
2026_NFL_W06_WAS_SF_betrivers_20261008T023820Z,2026_NFL_W06_WAS_SF,2026-10-08T02:38:20.850977+00:00,2026-10-08T02:38:07Z,betrivers,-7.5,-108,-113,-420.0,320.0,50.5,-109,-112,,,,,,,True,,,odds_api,free
2026_NFL_W06_SEA_DEN_draftkings_20261008T194612Z,2026_NFL_W06_SEA_DEN,2026-10-08T19:46:12.677558+00:00,2026-10-08T19:45:45Z,draftkings,1.5,-110,-110,105.0,-125.0,42.5,-110,-110,,,,,,,True,,,odds_api,free
2026_NFL_W06_SEA_DEN_betus_20261008T194612Z,2026_NFL_W06_SEA_DEN,2026-10-08T19:46:12.677558+00:00,2026-10-08T19:45:46Z,betus,1.5,-110,-110,,,42.0,-110,-110,,,,,,,True,,,odds_api,free
2026_NFL_W06_SEA_DEN_fanduel_20261008T194612Z,2026_NFL_W06_SEA_DEN,2026-10-08T19:46:12.677558+00:00,2026-10-08T19:46:06Z,fanduel,2.5,-110,-110,118.0,-138.0,42.5,-105,-115,,,,,,,True,,,odds_api,free
2026_NFL_W06_SEA_DEN_lowvig_20261008T194612Z,2026_NFL_W06_SEA_DEN,2026-10-08T19:46:12.677558+00:00,2026-10-08T19:45:29Z,lowvig,1.5,-105,-105,,,42.0,-107,-107,,,,,,,True,,,odds_api,free
2026_NFL_W06_SEA_DEN_betonlineag_20261008T194612Z,2026_NFL_W06_SEA_DEN,2026-10-08T19:46:12.677558+00:00,2026-10-08T19:46:03Z,betonlineag,1.5,-110,-110,,,42.0,-110,-110,,,,,,,True,,,odds_api,free
2026_NFL_W06_SEA_DEN_betrivers_20261008T194612Z,2026_NFL_W06_SEA_DEN,2026-10-08T19:46:12.677558+00:00,2026-10-08T19:45:13Z,betrivers,2.5,-112,-109,116.0,-141.0,42.5,-108,-113,,,,,,,True,,,odds_api,free
2026_NFL_W06_SEA_DEN_mybookieag_20261008T194612Z,2026_NFL_W06_SEA_DEN,2026-10-08T19:46:12.677558+00:00,2026-10-08T19:44:36Z,mybookieag,1.5,-110,-110,107.0,-136.0,42.0,-110,-110,,,,,,,True,,,odds_api,free
2026_NFL_W06_HOU_JAX_draftkings_20261008T194612Z,2026_NFL_W06_HOU_JAX,2026-10-08T19:46:12.677558+00:00,2026-10-08T19:45:45Z,draftkings,-3.0,-118,-102,-175.0,145.0,43.5,-110,-110,,,,,,,True,,,odds_api,free
2026_NFL_W06_HOU_JAX_fanduel_20261008T194612Z,2026_NFL_W06_HOU_JAX,2026-10-08T19:46:12.677558+00:00,2026-10-08T19:46:06Z,fanduel,-3.0,-115,-105,-166.0,140.0,42.5,-110,-110,,,,,,,True,,,odds_api,free
2026_NFL_W06_HOU_JAX_betus_20261008T194612Z,2026_NFL_W06_HOU_JAX,2026-10-08T19:46:12.677558+00:00,2026-10-08T19:45:46Z,betus,-3.0,-110,-110,,,43.0,-110,-110,,,,,,,True,,,odds_api,free
2026_NFL_W06_HOU_JAX_mybookieag_20261008T194612Z,2026_NFL_W06_HOU_JAX,2026-10-08T19:46:12.677558+00:00,2026-10-08T19:44:36Z,mybookieag,-3.0,-110,-110,-175.0,136.0,43.0,-110,-110,,,,,,,True,,,odds_api,free
2026_NFL_W06_HOU_JAX_lowvig_20261008T194612Z,2026_NFL_W06_HOU_JAX,2026-10-08T19:46:12.677558+00:00,2026-10-08T19:45:29Z,lowvig,-3.0,-105,-105,,,43.0,-107,-107,,,,,,,True,,,odds_api,free
2026_NFL_W06_HOU_JAX_betonlineag_20261008T194612Z,2026_NFL_W06_HOU_JAX,2026-10-08T19:46:12.677558+00:00,2026-10-08T19:46:03Z,betonlineag,-3.0,-110,-110,,,43.0,-110,-110,,,,,,,True,,,odds_api,free
2026_NFL_W06_HOU_JAX_betrivers_20261008T194612Z,2026_NFL_W06_HOU_JAX,2026-10-08T19:46:12.677558+00:00,2026-10-08T19:45:13Z,betrivers,-3.0,-110,-110,-165.0,135.0,42.5,-110,-110,,,,,,,True,,,odds_api,free
2026_NFL_W06_CHI_ATL_draftkings_20261008T194612Z,2026_NFL_W06_CHI_ATL,2026-10-08T19:46:12.677558+00:00,2026-10-08T19:45:45Z,draftkings,1.5,-110,-110,105.0,-125.0,47.5,-110,-110,,,,,,,True,,,odds_api,free
2026_NFL_W06_CHI_ATL_fanduel_20261008T194612Z,2026_NFL_W06_CHI_ATL,2026-10-08T19:46:12.677558+00:00,2026-10-08T19:46:06Z,fanduel,1.5,-105,-115,114.0,-134.0,48.5,-105,-115,,,,,,,True,,,odds_api,free
2026_NFL_W06_CHI_ATL_betonlineag_20261008T194612Z,2026_NFL_W06_CHI_ATL,2026-10-08T19:46:12.677558+00:00,2026-10-08T19:46:03Z,betonlineag,1.0,-110,-110,,,48.5,-110,-110,,,,,,,True,,,odds_api,free
2026_NFL_W06_CHI_ATL_lowvig_20261008T194612Z,2026_NFL_W06_CHI_ATL,2026-10-08T19:46:12.677558+00:00,2026-10-08T19:45:29Z,lowvig,1.0,-105,-105,,,48.5,-107,-107,,,,,,,True,,,odds_api,free
2026_NFL_W06_CHI_ATL_betus_20261008T194612Z,2026_NFL_W06_CHI_ATL,2026-10-08T19:46:12.677558+00:00,2026-10-08T19:45:46Z,betus,1.0,-110,-110,,,48.5,-110,-110,,,,,,,True,,,odds_api,free
2026_NFL_W06_CHI_ATL_betrivers_20261008T194612Z,2026_NFL_W06_CHI_ATL,2026-10-08T19:46:12.677558+00:00,2026-10-08T19:45:13Z,betrivers,1.5,-110,-110,108.0,-130.0,47.5,-110,-110,,,,,,,True,,,odds_api,free
2026_NFL_W06_CHI_ATL_mybookieag_20261008T194612Z,2026_NFL_W06_CHI_ATL,2026-10-08T19:46:12.677558+00:00,2026-10-08T19:44:36Z,mybookieag,1.5,-110,-110,105.0,-133.0,48.0,-110,-110,,,,,,,True,,,odds_api,free
2026_NFL_W06_BAL_CLE_draftkings_20261008T194612Z,2026_NFL_W06_BAL_CLE,2026-10-08T19:46:12.677558+00:00,2026-10-08T19:45:45Z,draftkings,2.5,-102,-118,130.0,-155.0,40.5,-110,-110,,,,,,,True,,,odds_api,free
2026_NFL_W06_BAL_CLE_betus_20261008T194612Z,2026_NFL_W06_BAL_CLE,2026-10-08T19:46:12.677558+00:00,2026-10-08T19:45:46Z,betus,3.0,-110,-110,,,40.5,-115,-105,,,,,,,True,,,odds_api,free
2026_NFL_W06_BAL_CLE_fanduel_20261008T194612Z,2026_NFL_W06_BAL_CLE,2026-10-08T19:46:12.677558+00:00,2026-10-08T19:46:06Z,fanduel,3.5,-105,-115,160.0,-190.0,41.5,-110,-110,,,,,,,True,,,odds_api,free
2026_NFL_W06_BAL_CLE_lowvig_20261008T194612Z,2026_NFL_W06_BAL_CLE,2026-10-08T19:46:12.677558+00:00,2026-10-08T19:45:29Z,lowvig,3.0,100,-110,,,40.5,-113,-102,,,,,,,True,,,odds_api,free
2026_NFL_W06_BAL_CLE_betonlineag_20261008T194612Z,2026_NFL_W06_BAL_CLE,2026-10-08T19:46:12.677558+00:00,2026-10-08T19:46:03Z,betonlineag,3.0,-105,-115,,,40.5,-115,-105,,,,,,,True,,,odds_api,free
2026_NFL_W06_BAL_CLE_betrivers_20261008T194612Z,2026_NFL_W06_BAL_CLE,2026-10-08T19:46:12.677558+00:00,2026-10-08T19:45:13Z,betrivers,3.0,-112,-109,144.0,-177.0,40.5,-107,-114,,,,,,,True,,,odds_api,free
2026_NFL_W06_BAL_CLE_mybookieag_20261008T194612Z,2026_NFL_W06_BAL_CLE,2026-10-08T19:46:12.677558+00:00,2026-10-08T19:44:36Z,mybookieag,3.0,-110,-110,138.0,-177.0,40.5,-110,-110,,,,,,,True,,,odds_api,free
2026_NFL_W06_CAR_PHI_draftkings_20261008T194612Z,2026_NFL_W06_CAR_PHI,2026-10-08T19:46:12.677558+00:00,2026-10-08T19:45:45Z,draftkings,-2.5,-105,-115,-125.0,105.0,43.5,-115,-105,,,,,,,True,,,odds_api,free
2026_NFL_W06_CAR_PHI_betus_20261008T194612Z,2026_NFL_W06_CAR_PHI,2026-10-08T19:46:12.677558+00:00,2026-10-08T19:45:46Z,betus,-1.5,-105,-115,,,42.5,-110,-110,,,,,,,True,,,odds_api,free
2026_NFL_W06_CAR_PHI_fanduel_20261008T194612Z,2026_NFL_W06_CAR_PHI,2026-10-08T19:46:12.677558+00:00,2026-10-08T19:46:06Z,fanduel,-1.5,-110,-110,-122.0,104.0,42.5,-110,-110,,,,,,,True,,,odds_api,free
2026_NFL_W06_CAR_PHI_lowvig_20261008T194612Z,2026_NFL_W06_CAR_PHI,2026-10-08T19:46:12.677558+00:00,2026-10-08T19:45:29Z,lowvig,-1.5,100,-110,,,42.5,-107,-107,,,,,,,True,,,odds_api,free
2026_NFL_W06_CAR_PHI_betonlineag_20261008T194612Z,2026_NFL_W06_CAR_PHI,2026-10-08T19:46:12.677558+00:00,2026-10-08T19:46:03Z,betonlineag,-1.5,-105,-115,,,42.5,-110,-110,,,,,,,True,,,odds_api,free
2026_NFL_W06_CAR_PHI_betrivers_20261008T194612Z,2026_NFL_W06_CAR_PHI,2026-10-08T19:46:12.677558+00:00,2026-10-08T19:45:13Z,betrivers,-2.0,-110,-110,-130.0,108.0,42.5,-114,-106,,,,,,,True,,,odds_api,free
2026_NFL_W06_CAR_PHI_mybookieag_20261008T194612Z,2026_NFL_W06_CAR_PHI,2026-10-08T19:46:12.677558+00:00,2026-10-08T19:44:36Z,mybookieag,-2.0,-110,-110,-128.0,101.0,43.0,-110,-110,,,,,,,True,,,odds_api,free
2026_NFL_W06_TEN_IND_draftkings_20261008T194612Z,2026_NFL_W06_TEN_IND,2026-10-08T19:46:12.677558+00:00,2026-10-08T19:45:45Z,draftkings,-6.5,-110,-110,-310.0,250.0,44.5,-110,-110,,,,,,,True,,,odds_api,free
2026_NFL_W06_TEN_IND_betus_20261008T194612Z,2026_NFL_W06_TEN_IND,2026-10-08T19:46:12.677558+00:00,2026-10-08T19:45:46Z,betus,-6.5,-115,-105,,,43.5,-110,-110,,,,,,,True,,,odds_api,free
2026_NFL_W06_TEN_IND_fanduel_20261008T194612Z,2026_NFL_W06_TEN_IND,2026-10-08T19:46:12.677558+00:00,2026-10-08T19:46:06Z,fanduel,-6.5,-110,-110,-300.0,245.0,43.5,-110,-110,,,,,,,True,,,odds_api,free
2026_NFL_W06_TEN_IND_betonlineag_20261008T194612Z,2026_NFL_W06_TEN_IND,2026-10-08T19:46:12.677558+00:00,2026-10-08T19:46:03Z,betonlineag,-6.5,-115,-105,,,43.5,-110,-110,,,,,,,True,,,odds_api,free
2026_NFL_W06_TEN_IND_lowvig_20261008T194612Z,2026_NFL_W06_TEN_IND,2026-10-08T19:46:12.677558+00:00,2026-10-08T19:45:29Z,lowvig,-6.5,-110,100,,,43.5,-107,-107,,,,,,,True,,,odds_api,free
2026_NFL_W06_TEN_IND_betrivers_20261008T194612Z,2026_NFL_W06_TEN_IND,2026-10-08T19:46:12.677558+00:00,2026-10-08T19:45:13Z,betrivers,-6.5,-115,-106,-315.0,250.0,43.5,-109,-112,,,,,,,True,,,odds_api,free
2026_NFL_W06_TEN_IND_mybookieag_20261008T194612Z,2026_NFL_W06_TEN_IND,2026-10-08T19:46:12.677558+00:00,2026-10-08T19:44:36Z,mybookieag,-6.5,-110,-110,-300.0,224.0,44.0,-110,-110,,,,,,,True,,,odds_api,free
2026_NFL_W06_NYJ_NE_draftkings_20261008T194612Z,2026_NFL_W06_NYJ_NE,2026-10-08T19:46:12.677558+00:00,2026-10-08T19:45:45Z,draftkings,-7.0,-105,-115,-340.0,270.0,43.5,-115,-105,,,,,,,True,,,odds_api,free
2026_NFL_W06_NYJ_NE_fanduel_20261008T194612Z,2026_NFL_W06_NYJ_NE,2026-10-08T19:46:12.677558+00:00,2026-10-08T19:46:06Z,fanduel,-7.0,-105,-115,-320.0,260.0,43.5,-105,-115,,,,,,,True,,,odds_api,free
2026_NFL_W06_NYJ_NE_lowvig_20261008T194612Z,2026_NFL_W06_NYJ_NE,2026-10-08T19:46:12.677558+00:00,2026-10-08T19:45:29Z,lowvig,-7.0,100,-110,,,42.5,-107,-107,,,,,,,True,,,odds_api,free
2026_NFL_W06_NYJ_NE_betonlineag_20261008T194612Z,2026_NFL_W06_NYJ_NE,2026-10-08T19:46:12.677558+00:00,2026-10-08T19:46:03Z,betonlineag,-7.0,-105,-115,,,42.5,-110,-110,,,,,,,True,,,odds_api,free
2026_NFL_W06_NYJ_NE_betus_20261008T194612Z,2026_NFL_W06_NYJ_NE,2026-10-08T19:46:12.677558+00:00,2026-10-08T19:45:46Z,betus,-7.0,-105,-115,,,42.5,-110,-110,,,,,,,True,,,odds_api,free
2026_NFL_W06_NYJ_NE_betrivers_20261008T194612Z,2026_NFL_W06_NYJ_NE,2026-10-08T19:46:12.677558+00:00,2026-10-08T19:45:13Z,betrivers,-7.0,-106,-115,-335.0,255.0,43.5,-109,-112,,,,,,,True,,,odds_api,free
2026_NFL_W06_NYJ_NE_mybookieag_20261008T194612Z,2026_NFL_W06_NYJ_NE,2026-10-08T19:46:12.677558+00:00,2026-10-08T19:44:36Z,mybookieag,-7.0,-110,-110,-330.0,244.0,43.5,-110,-110,,,,,,,True,,,odds_api,free
2026_NFL_W06_NO_NYG_draftkings_20261008T194612Z,2026_NFL_W06_NO_NYG,2026-10-08T19:46:12.677558+00:00,2026-10-08T19:45:45Z,draftkings,1.5,-115,-105,-102.0,-118.0,45.5,-110,-110,,,,,,,True,,,odds_api,free
2026_NFL_W06_NO_NYG_betus_20261008T194612Z,2026_NFL_W06_NO_NYG,2026-10-08T19:46:12.677558+00:00,2026-10-08T19:45:46Z,betus,1.0,-110,-110,,,44.5,-110,-110,,,,,,,True,,,odds_api,free
2026_NFL_W06_NO_NYG_fanduel_20261008T194612Z,2026_NFL_W06_NO_NYG,2026-10-08T19:46:12.677558+00:00,2026-10-08T19:46:06Z,fanduel,1.5,-115,-105,100.0,-118.0,44.5,-115,-105,,,,,,,True,,,odds_api,free
2026_NFL_W06_NO_NYG_betonlineag_20261008T194612Z,2026_NFL_W06_NO_NYG,2026-10-08T19:46:12.677558+00:00,2026-10-08T19:46:03Z,betonlineag,1.0,-110,-110,,,44.5,-110,-110,,,,,,,True,,,odds_api,free
2026_NFL_W06_NO_NYG_lowvig_20261008T194612Z,2026_NFL_W06_NO_NYG,2026-10-08T19:46:12.677558+00:00,2026-10-08T19:45:29Z,lowvig,1.0,-105,-105,,,44.5,-107,-107,,,,,,,True,,,odds_api,free
2026_NFL_W06_NO_NYG_betrivers_20261008T194612Z,2026_NFL_W06_NO_NYG,2026-10-08T19:46:12.677558+00:00,2026-10-08T19:45:13Z,betrivers,1.0,-110,-110,-104.0,-118.0,44.5,-108,-113,,,,,,,True,,,odds_api,free
2026_NFL_W06_NO_NYG_mybookieag_20261008T194612Z,2026_NFL_W06_NO_NYG,2026-10-08T19:46:12.677558+00:00,2026-10-08T19:44:36Z,mybookieag,1.5,-110,-110,-104.0,-122.0,45.0,-110,-110,,,,,,,True,,,odds_api,free
2026_NFL_W06_PIT_TB_draftkings_20261008T194612Z,2026_NFL_W06_PIT_TB,2026-10-08T19:46:12.677558+00:00,2026-10-08T19:45:45Z,draftkings,3.0,-118,-102,130.0,-155.0,39.5,-110,-110,,,,,,,True,,,odds_api,free
2026_NFL_W06_PIT_TB_betus_20261008T194612Z,2026_NFL_W06_PIT_TB,2026-10-08T19:46:12.677558+00:00,2026-10-08T19:45:46Z,betus,2.5,-105,-115,,,39.0,-115,-105,,,,,,,True,,,odds_api,free
2026_NFL_W06_PIT_TB_fanduel_20261008T194612Z,2026_NFL_W06_PIT_TB,2026-10-08T19:46:12.677558+00:00,2026-10-08T19:46:06Z,fanduel,2.5,-110,-110,118.0,-138.0,38.5,-110,-110,,,,,,,True,,,odds_api,free
2026_NFL_W06_PIT_TB_lowvig_20261008T194612Z,2026_NFL_W06_PIT_TB,2026-10-08T19:46:12.677558+00:00,2026-10-08T19:45:29Z,lowvig,2.5,100,-110,,,39.0,-113,-102,,,,,,,True,,,odds_api,free
2026_NFL_W06_PIT_TB_betonlineag_20261008T194612Z,2026_NFL_W06_PIT_TB,2026-10-08T19:46:12.677558+00:00,2026-10-08T19:46:03Z,betonlineag,2.5,-105,-115,,,39.0,-115,-105,,,,,,,True,,,odds_api,free
2026_NFL_W06_PIT_TB_betrivers_20261008T194612Z,2026_NFL_W06_PIT_TB,2026-10-08T19:46:12.677558+00:00,2026-10-08T19:45:13Z,betrivers,2.5,-108,-113,123.0,-150.0,39.0,-112,-109,,,,,,,True,,,odds_api,free
2026_NFL_W06_PIT_TB_mybookieag_20261008T194612Z,2026_NFL_W06_PIT_TB,2026-10-08T19:46:12.677558+00:00,2026-10-08T19:44:36Z,mybookieag,3.0,-110,-110,120.0,-153.0,39.0,-110,-110,,,,,,,True,,,odds_api,free
2026_NFL_W06_ARI_LAR_draftkings_20261008T194612Z,2026_NFL_W06_ARI_LAR,2026-10-08T19:46:12.677558+00:00,2026-10-08T19:45:45Z,draftkings,-10.5,-110,-110,-625.0,455.0,51.5,-105,-115,,,,,,,True,,,odds_api,free
2026_NFL_W06_ARI_LAR_betus_20261008T194612Z,2026_NFL_W06_ARI_LAR,2026-10-08T19:46:12.677558+00:00,2026-10-08T19:45:46Z,betus,-10.5,-110,-110,,,50.5,-110,-110,,,,,,,True,,,odds_api,free
2026_NFL_W06_ARI_LAR_fanduel_20261008T194612Z,2026_NFL_W06_ARI_LAR,2026-10-08T19:46:12.677558+00:00,2026-10-08T19:46:06Z,fanduel,-11.5,-105,-115,-670.0,490.0,50.5,-110,-110,,,,,,,True,,,odds_api,free
2026_NFL_W06_ARI_LAR_lowvig_20261008T194612Z,2026_NFL_W06_ARI_LAR,2026-10-08T19:46:12.677558+00:00,2026-10-08T19:45:29Z,lowvig,-10.5,-105,-105,,,50.5,-107,-107,,,,,,,True,,,odds_api,free
2026_NFL_W06_ARI_LAR_betonlineag_20261008T194612Z,2026_NFL_W06_ARI_LAR,2026-10-08T19:46:12.677558+00:00,2026-10-08T19:46:03Z,betonlineag,-10.5,-110,-110,,,50.5,-110,-110,,,,,,,True,,,odds_api,free
2026_NFL_W06_ARI_LAR_betrivers_20261008T194612Z,2026_NFL_W06_ARI_LAR,2026-10-08T19:46:12.677558+00:00,2026-10-08T19:45:13Z,betrivers,-10.5,-110,-110,-715.0,485.0,50.5,-110,-110,,,,,,,True,,,odds_api,free
2026_NFL_W06_ARI_LAR_mybookieag_20261008T194612Z,2026_NFL_W06_ARI_LAR,2026-10-08T19:46:12.677558+00:00,2026-10-08T19:44:36Z,mybookieag,-10.5,-110,-110,-649.0,420.0,51.0,-110,-110,,,,,,,True,,,odds_api,free
2026_NFL_W06_BUF_LV_draftkings_20261008T194612Z,2026_NFL_W06_BUF_LV,2026-10-08T19:46:12.677558+00:00,2026-10-08T19:45:45Z,draftkings,4.5,-110,-110,190.0,-230.0,51.5,-110,-110,,,,,,,True,,,odds_api,free
2026_NFL_W06_BUF_LV_fanduel_20261008T194612Z,2026_NFL_W06_BUF_LV,2026-10-08T19:46:12.677558+00:00,2026-10-08T19:46:06Z,fanduel,4.5,-102,-120,205.0,-250.0,51.5,-108,-112,,,,,,,True,,,odds_api,free
2026_NFL_W06_BUF_LV_betus_20261008T194612Z,2026_NFL_W06_BUF_LV,2026-10-08T19:46:12.677558+00:00,2026-10-08T19:45:46Z,betus,4.5,-110,-110,,,51.0,-110,-110,,,,,,,True,,,odds_api,free
2026_NFL_W06_BUF_LV_lowvig_20261008T194612Z,2026_NFL_W06_BUF_LV,2026-10-08T19:46:12.677558+00:00,2026-10-08T19:45:29Z,lowvig,4.5,-105,-105,,,51.0,-107,-107,,,,,,,True,,,odds_api,free
2026_NFL_W06_BUF_LV_betonlineag_20261008T194612Z,2026_NFL_W06_BUF_LV,2026-10-08T19:46:12.677558+00:00,2026-10-08T19:46:03Z,betonlineag,4.5,-110,-110,,,51.0,-110,-110,,,,,,,True,,,odds_api,free
2026_NFL_W06_BUF_LV_betrivers_20261008T194612Z,2026_NFL_W06_BUF_LV,2026-10-08T19:46:12.677558+00:00,2026-10-08T19:45:13Z,betrivers,4.5,-108,-113,190.0,-240.0,51.5,-109,-112,,,,,,,True,,,odds_api,free
2026_NFL_W06_BUF_LV_mybookieag_20261008T194612Z,2026_NFL_W06_BUF_LV,2026-10-08T19:46:12.677558+00:00,2026-10-08T19:44:36Z,mybookieag,4.5,-110,-110,173.0,-226.0,51.5,-110,-110,,,,,,,True,,,odds_api,free
2026_NFL_W06_LAC_KC_draftkings_20261008T194612Z,2026_NFL_W06_LAC_KC,2026-10-08T19:46:12.677558+00:00,2026-10-08T19:45:45Z,draftkings,-7.5,-110,-110,-380.0,300.0,45.5,-110,-110,,,,,,,True,,,odds_api,free
2026_NFL_W06_LAC_KC_betus_20261008T194612Z,2026_NFL_W06_LAC_KC,2026-10-08T19:46:12.677558+00:00,2026-10-08T19:45:46Z,betus,-7.5,-115,-105,,,45.0,-105,-115,,,,,,,True,,,odds_api,free
2026_NFL_W06_LAC_KC_fanduel_20261008T194612Z,2026_NFL_W06_LAC_KC,2026-10-08T19:46:12.677558+00:00,2026-10-08T19:46:06Z,fanduel,-7.5,-108,-112,-450.0,350.0,45.5,-110,-110,,,,,,,True,,,odds_api,free
2026_NFL_W06_LAC_KC_lowvig_20261008T194612Z,2026_NFL_W06_LAC_KC,2026-10-08T19:46:12.677558+00:00,2026-10-08T19:45:29Z,lowvig,-7.5,-110,100,,,45.0,-101,-114,,,,,,,True,,,odds_api,free
2026_NFL_W06_LAC_KC_betonlineag_20261008T194612Z,2026_NFL_W06_LAC_KC,2026-10-08T19:46:12.677558+00:00,2026-10-08T19:46:03Z,betonlineag,-7.5,-115,-105,,,45.0,-104,-116,,,,,,,True,,,odds_api,free
2026_NFL_W06_LAC_KC_betrivers_20261008T194612Z,2026_NFL_W06_LAC_KC,2026-10-08T19:46:12.677558+00:00,2026-10-08T19:45:13Z,betrivers,-7.5,-110,-110,-435.0,310.0,45.5,-112,-109,,,,,,,True,,,odds_api,free
2026_NFL_W06_LAC_KC_mybookieag_20261008T194612Z,2026_NFL_W06_LAC_KC,2026-10-08T19:46:12.677558+00:00,2026-10-08T19:44:36Z,mybookieag,-7.5,-110,-110,-410.0,290.0,45.5,-110,-110,,,,,,,True,,,odds_api,free
2026_NFL_W06_DAL_GB_draftkings_20261008T194612Z,2026_NFL_W06_DAL_GB,2026-10-08T19:46:12.677558+00:00,2026-10-08T19:45:45Z,draftkings,2.5,-110,-110,120.0,-142.0,50.5,-110,-110,,,,,,,True,,,odds_api,free
2026_NFL_W06_DAL_GB_betus_20261008T194612Z,2026_NFL_W06_DAL_GB,2026-10-08T19:46:12.677558+00:00,2026-10-08T19:45:46Z,betus,2.0,-110,-110,,,50.0,-110,-110,,,,,,,True,,,odds_api,free
2026_NFL_W06_DAL_GB_fanduel_20261008T194612Z,2026_NFL_W06_DAL_GB,2026-10-08T19:46:12.677558+00:00,2026-10-08T19:46:06Z,fanduel,1.5,-105,-115,112.0,-132.0,50.5,-115,-105,,,,,,,True,,,odds_api,free
2026_NFL_W06_DAL_GB_lowvig_20261008T194612Z,2026_NFL_W06_DAL_GB,2026-10-08T19:46:12.677558+00:00,2026-10-08T19:45:29Z,lowvig,2.0,-105,-105,,,50.0,-107,-107,,,,,,,True,,,odds_api,free
2026_NFL_W06_DAL_GB_betonlineag_20261008T194612Z,2026_NFL_W06_DAL_GB,2026-10-08T19:46:12.677558+00:00,2026-10-08T19:46:03Z,betonlineag,2.0,-110,-110,,,50.0,-110,-110,,,,,,,True,,,odds_api,free
2026_NFL_W06_DAL_GB_betrivers_20261008T194612Z,2026_NFL_W06_DAL_GB,2026-10-08T19:46:12.677558+00:00,2026-10-08T19:45:13Z,betrivers,2.0,-112,-109,112.0,-139.0,50.0,-112,-109,,,,,,,True,,,odds_api,free
2026_NFL_W06_DAL_GB_mybookieag_20261008T194612Z,2026_NFL_W06_DAL_GB,2026-10-08T19:46:12.677558+00:00,2026-10-08T19:44:36Z,mybookieag,2.5,-110,-110,112.0,-142.0,50.5,-110,-110,,,,,,,True,,,odds_api,free
2026_NFL_W06_WAS_SF_draftkings_20261008T194612Z,2026_NFL_W06_WAS_SF,2026-10-08T19:46:12.677558+00:00,2026-10-08T19:45:45Z,draftkings,-7.5,-110,-110,-410.0,320.0,50.5,-110,-110,,,,,,,True,,,odds_api,free
2026_NFL_W06_WAS_SF_betus_20261008T194612Z,2026_NFL_W06_WAS_SF,2026-10-08T19:46:12.677558+00:00,2026-10-08T19:45:46Z,betus,-7.5,-110,-110,,,49.5,-110,-110,,,,,,,True,,,odds_api,free
2026_NFL_W06_WAS_SF_fanduel_20261008T194612Z,2026_NFL_W06_WAS_SF,2026-10-08T19:46:12.677558+00:00,2026-10-08T19:46:06Z,fanduel,-7.0,-122,100,-405.0,320.0,49.5,-105,-115,,,,,,,True,,,odds_api,free
2026_NFL_W06_WAS_SF_lowvig_20261008T194612Z,2026_NFL_W06_WAS_SF,2026-10-08T19:46:12.677558+00:00,2026-10-08T19:45:29Z,lowvig,-7.5,-105,-105,,,49.5,-107,-107,,,,,,,True,,,odds_api,free
2026_NFL_W06_WAS_SF_betonlineag_20261008T194612Z,2026_NFL_W06_WAS_SF,2026-10-08T19:46:12.677558+00:00,2026-10-08T19:46:03Z,betonlineag,-7.5,-110,-110,,,49.5,-110,-110,,,,,,,True,,,odds_api,free
2026_NFL_W06_WAS_SF_betrivers_20261008T194612Z,2026_NFL_W06_WAS_SF,2026-10-08T19:46:12.677558+00:00,2026-10-08T19:45:13Z,betrivers,-7.5,-108,-113,-420.0,320.0,50.5,-109,-112,,,,,,,True,,,odds_api,free
2026_NFL_W06_WAS_SF_mybookieag_20261008T194612Z,2026_NFL_W06_WAS_SF,2026-10-08T19:46:12.677558+00:00,2026-10-08T19:44:36Z,mybookieag,-7.5,-110,-110,-391.0,275.0,49.5,-110,-110,,,,,,,True,,,odds_api,free
2026_NFL_W06_SEA_DEN_draftkings_20261009T025335Z,2026_NFL_W06_SEA_DEN,2026-10-09T02:53:35.037703+00:00,2026-10-09T02:52:38Z,draftkings,1.5,-110,-110,105.0,-125.0,42.5,-110,-110,,,,,,,True,,,odds_api,free
2026_NFL_W06_SEA_DEN_betus_20261009T025335Z,2026_NFL_W06_SEA_DEN,2026-10-09T02:53:35.037703+00:00,2026-10-09T02:52:57Z,betus,1.5,-115,-105,,,42.0,-110,-110,,,,,,,True,,,odds_api,free
2026_NFL_W06_SEA_DEN_fanduel_20261009T025335Z,2026_NFL_W06_SEA_DEN,2026-10-09T02:53:35.037703+00:00,2026-10-09T02:53:15Z,fanduel,2.5,-110,-110,118.0,-138.0,42.5,-105,-115,,,,,,,True,,,odds_api,free
2026_NFL_W06_SEA_DEN_lowvig_20261009T025335Z,2026_NFL_W06_SEA_DEN,2026-10-09T02:53:35.037703+00:00,2026-10-09T02:53:31Z,lowvig,1.5,-110,100,,,42.0,-107,-107,,,,,,,True,,,odds_api,free
2026_NFL_W06_SEA_DEN_betonlineag_20261009T025335Z,2026_NFL_W06_SEA_DEN,2026-10-09T02:53:35.037703+00:00,2026-10-09T02:53:31Z,betonlineag,1.5,-115,-105,,,42.0,-110,-110,,,,,,,True,,,odds_api,free
2026_NFL_W06_SEA_DEN_betrivers_20261009T025335Z,2026_NFL_W06_SEA_DEN,2026-10-09T02:53:35.037703+00:00,2026-10-09T02:53:32Z,betrivers,2.5,-112,-109,116.0,-141.0,42.5,-108,-113,,,,,,,True,,,odds_api,free
2026_NFL_W06_SEA_DEN_mybookieag_20261009T025335Z,2026_NFL_W06_SEA_DEN,2026-10-09T02:53:35.037703+00:00,2026-10-09T02:53:19Z,mybookieag,1.5,-110,-110,107.0,-136.0,42.0,-110,-110,,,,,,,True,,,odds_api,free
2026_NFL_W06_HOU_JAX_draftkings_20261009T025335Z,2026_NFL_W06_HOU_JAX,2026-10-09T02:53:35.037703+00:00,2026-10-09T02:52:38Z,draftkings,-3.0,-118,-102,-175.0,145.0,43.5,-110,-110,,,,,,,True,,,odds_api,free
2026_NFL_W06_HOU_JAX_fanduel_20261009T025335Z,2026_NFL_W06_HOU_JAX,2026-10-09T02:53:35.037703+00:00,2026-10-09T02:53:15Z,fanduel,-3.0,-115,-105,-166.0,140.0,42.5,-110,-110,,,,,,,True,,,odds_api,free
2026_NFL_W06_HOU_JAX_betus_20261009T025335Z,2026_NFL_W06_HOU_JAX,2026-10-09T02:53:35.037703+00:00,2026-10-09T02:52:57Z,betus,-3.0,-115,-105,,,43.0,-110,-110,,,,,,,True,,,odds_api,free
2026_NFL_W06_HOU_JAX_mybookieag_20261009T025335Z,2026_NFL_W06_HOU_JAX,2026-10-09T02:53:35.037703+00:00,2026-10-09T02:53:19Z,mybookieag,-3.0,-110,-110,-175.0,136.0,43.0,-110,-110,,,,,,,True,,,odds_api,free
2026_NFL_W06_HOU_JAX_lowvig_20261009T025335Z,2026_NFL_W06_HOU_JAX,2026-10-09T02:53:35.037703+00:00,2026-10-09T02:53:31Z,lowvig,-3.0,-110,100,,,43.0,-107,-107,,,,,,,True,,,odds_api,free
2026_NFL_W06_HOU_JAX_betonlineag_20261009T025335Z,2026_NFL_W06_HOU_JAX,2026-10-09T02:53:35.037703+00:00,2026-10-09T02:53:31Z,betonlineag,-3.0,-115,-105,,,43.0,-110,-110,,,,,,,True,,,odds_api,free
2026_NFL_W06_HOU_JAX_betrivers_20261009T025335Z,2026_NFL_W06_HOU_JAX,2026-10-09T02:53:35.037703+00:00,2026-10-09T02:53:32Z,betrivers,-3.0,-110,-110,-165.0,135.0,42.5,-110,-110,,,,,,,True,,,odds_api,free
2026_NFL_W06_CHI_ATL_draftkings_20261009T025335Z,2026_NFL_W06_CHI_ATL,2026-10-09T02:53:35.037703+00:00,2026-10-09T02:52:38Z,draftkings,1.5,-110,-110,105.0,-125.0,47.5,-110,-110,,,,,,,True,,,odds_api,free
2026_NFL_W06_CHI_ATL_fanduel_20261009T025335Z,2026_NFL_W06_CHI_ATL,2026-10-09T02:53:35.037703+00:00,2026-10-09T02:53:15Z,fanduel,1.5,-105,-115,114.0,-134.0,48.5,-105,-115,,,,,,,True,,,odds_api,free
2026_NFL_W06_CHI_ATL_betonlineag_20261009T025335Z,2026_NFL_W06_CHI_ATL,2026-10-09T02:53:35.037703+00:00,2026-10-09T02:53:31Z,betonlineag,1.0,-110,-110,,,48.5,-110,-110,,,,,,,True,,,odds_api,free
2026_NFL_W06_CHI_ATL_lowvig_20261009T025335Z,2026_NFL_W06_CHI_ATL,2026-10-09T02:53:35.037703+00:00,2026-10-09T02:53:31Z,lowvig,1.0,-105,-105,,,48.5,-107,-107,,,,,,,True,,,odds_api,free
2026_NFL_W06_CHI_ATL_betus_20261009T025335Z,2026_NFL_W06_CHI_ATL,2026-10-09T02:53:35.037703+00:00,2026-10-09T02:52:57Z,betus,1.0,-110,-110,,,48.5,-110,-110,,,,,,,True,,,odds_api,free
2026_NFL_W06_CHI_ATL_betrivers_20261009T025335Z,2026_NFL_W06_CHI_ATL,2026-10-09T02:53:35.037703+00:00,2026-10-09T02:53:32Z,betrivers,1.5,-110,-110,108.0,-130.0,47.5,-110,-110,,,,,,,True,,,odds_api,free
2026_NFL_W06_CHI_ATL_mybookieag_20261009T025335Z,2026_NFL_W06_CHI_ATL,2026-10-09T02:53:35.037703+00:00,2026-10-09T02:53:19Z,mybookieag,1.5,-110,-110,105.0,-133.0,48.0,-110,-110,,,,,,,True,,,odds_api,free
2026_NFL_W06_BAL_CLE_draftkings_20261009T025335Z,2026_NFL_W06_BAL_CLE,2026-10-09T02:53:35.037703+00:00,2026-10-09T02:52:38Z,draftkings,3.0,-105,-115,142.0,-170.0,41.5,-110,-110,,,,,,,True,,,odds_api,free
2026_NFL_W06_BAL_CLE_betus_20261009T025335Z,2026_NFL_W06_BAL_CLE,2026-10-09T02:53:35.037703+00:00,2026-10-09T02:52:57Z,betus,3.0,-110,-110,,,40.5,-115,-105,,,,,,,True,,,odds_api,free
2026_NFL_W06_BAL_CLE_fanduel_20261009T025335Z,2026_NFL_W06_BAL_CLE,2026-10-09T02:53:35.037703+00:00,2026-10-09T02:53:15Z,fanduel,3.5,-105,-115,160.0,-190.0,41.5,-110,-110,,,,,,,True,,,odds_api,free
2026_NFL_W06_BAL_CLE_lowvig_20261009T025335Z,2026_NFL_W06_BAL_CLE,2026-10-09T02:53:35.037703+00:00,2026-10-09T02:53:31Z,lowvig,3.0,100,-110,,,40.5,-113,-102,,,,,,,True,,,odds_api,free
2026_NFL_W06_BAL_CLE_betonlineag_20261009T025335Z,2026_NFL_W06_BAL_CLE,2026-10-09T02:53:35.037703+00:00,2026-10-09T02:53:31Z,betonlineag,3.0,-105,-115,,,40.5,-115,-105,,,,,,,True,,,odds_api,free
2026_NFL_W06_BAL_CLE_betrivers_20261009T025335Z,2026_NFL_W06_BAL_CLE,2026-10-09T02:53:35.037703+00:00,2026-10-09T02:53:32Z,betrivers,3.0,-112,-109,144.0,-177.0,40.5,-107,-114,,,,,,,True,,,odds_api,free
2026_NFL_W06_BAL_CLE_mybookieag_20261009T025335Z,2026_NFL_W06_BAL_CLE,2026-10-09T02:53:35.037703+00:00,2026-10-09T02:53:19Z,mybookieag,3.0,-110,-110,139.0,-179.0,40.5,-110,-110,,,,,,,True,,,odds_api,free
2026_NFL_W06_CAR_PHI_draftkings_20261009T025335Z,2026_NFL_W06_CAR_PHI,2026-10-09T02:53:35.037703+00:00,2026-10-09T02:52:38Z,draftkings,-2.5,-105,-115,-130.0,110.0,43.5,-115,-105,,,,,,,True,,,odds_api,free
2026_NFL_W06_CAR_PHI_betus_20261009T025335Z,2026_NFL_W06_CAR_PHI,2026-10-09T02:53:35.037703+00:00,2026-10-09T02:52:57Z,betus,-1.5,-105,-115,,,42.5,-110,-110,,,,,,,True,,,odds_api,free
2026_NFL_W06_CAR_PHI_fanduel_20261009T025335Z,2026_NFL_W06_CAR_PHI,2026-10-09T02:53:35.037703+00:00,2026-10-09T02:53:15Z,fanduel,-1.5,-110,-110,-122.0,104.0,42.5,-110,-110,,,,,,,True,,,odds_api,free
2026_NFL_W06_CAR_PHI_lowvig_20261009T025335Z,2026_NFL_W06_CAR_PHI,2026-10-09T02:53:35.037703+00:00,2026-10-09T02:53:31Z,lowvig,-1.5,100,-110,,,42.5,-107,-107,,,,,,,True,,,odds_api,free
2026_NFL_W06_CAR_PHI_betonlineag_20261009T025335Z,2026_NFL_W06_CAR_PHI,2026-10-09T02:53:35.037703+00:00,2026-10-09T02:53:31Z,betonlineag,-1.5,-105,-115,,,42.5,-110,-110,,,,,,,True,,,odds_api,free
2026_NFL_W06_CAR_PHI_betrivers_20261009T025335Z,2026_NFL_W06_CAR_PHI,2026-10-09T02:53:35.037703+00:00,2026-10-09T02:53:32Z,betrivers,-2.0,-110,-110,-130.0,108.0,42.5,-114,-106,,,,,,,True,,,odds_api,free
2026_NFL_W06_CAR_PHI_mybookieag_20261009T025335Z,2026_NFL_W06_CAR_PHI,2026-10-09T02:53:35.037703+00:00,2026-10-09T02:53:19Z,mybookieag,-2.0,-110,-110,-131.0,103.0,43.0,-110,-110,,,,,,,True,,,odds_api,free
2026_NFL_W06_TEN_IND_draftkings_20261009T025335Z,2026_NFL_W06_TEN_IND,2026-10-09T02:53:35.037703+00:00,2026-10-09T02:52:38Z,draftkings,-6.5,-110,-110,-298.0,240.0,44.5,-110,-110,,,,,,,True,,,odds_api,free
2026_NFL_W06_TEN_IND_betus_20261009T025335Z,2026_NFL_W06_TEN_IND,2026-10-09T02:53:35.037703+00:00,2026-10-09T02:52:57Z,betus,-6.5,-115,-105,,,43.5,-110,-110,,,,,,,True,,,odds_api,free
2026_NFL_W06_TEN_IND_fanduel_20261009T025335Z,2026_NFL_W06_TEN_IND,2026-10-09T02:53:35.037703+00:00,2026-10-09T02:53:15Z,fanduel,-6.5,-110,-110,-300.0,245.0,43.5,-110,-110,,,,,,,True,,,odds_api,free
2026_NFL_W06_TEN_IND_betonlineag_20261009T025335Z,2026_NFL_W06_TEN_IND,2026-10-09T02:53:35.037703+00:00,2026-10-09T02:53:31Z,betonlineag,-6.5,-115,-105,,,43.5,-110,-110,,,,,,,True,,,odds_api,free
2026_NFL_W06_TEN_IND_lowvig_20261009T025335Z,2026_NFL_W06_TEN_IND,2026-10-09T02:53:35.037703+00:00,2026-10-09T02:53:31Z,lowvig,-6.5,-110,100,,,43.5,-107,-107,,,,,,,True,,,odds_api,free
2026_NFL_W06_TEN_IND_betrivers_20261009T025335Z,2026_NFL_W06_TEN_IND,2026-10-09T02:53:35.037703+00:00,2026-10-09T02:53:32Z,betrivers,-6.5,-115,-106,-315.0,250.0,43.5,-109,-112,,,,,,,True,,,odds_api,free
2026_NFL_W06_TEN_IND_mybookieag_20261009T025335Z,2026_NFL_W06_TEN_IND,2026-10-09T02:53:35.037703+00:00,2026-10-09T02:53:19Z,mybookieag,-6.5,-110,-110,-300.0,224.0,44.0,-110,-110,,,,,,,True,,,odds_api,free
2026_NFL_W06_NYJ_NE_draftkings_20261009T025335Z,2026_NFL_W06_NYJ_NE,2026-10-09T02:53:35.037703+00:00,2026-10-09T02:52:38Z,draftkings,-7.0,-105,-115,-340.0,270.0,43.5,-115,-105,,,,,,,True,,,odds_api,free
2026_NFL_W06_NYJ_NE_fanduel_20261009T025335Z,2026_NFL_W06_NYJ_NE,2026-10-09T02:53:35.037703+00:00,2026-10-09T02:53:15Z,fanduel,-7.0,-105,-115,-320.0,260.0,43.5,-105,-115,,,,,,,True,,,odds_api,free
2026_NFL_W06_NYJ_NE_lowvig_20261009T025335Z,2026_NFL_W06_NYJ_NE,2026-10-09T02:53:35.037703+00:00,2026-10-09T02:53:31Z,lowvig,-7.0,100,-110,,,42.5,-107,-107,,,,,,,True,,,odds_api,free
2026_NFL_W06_NYJ_NE_betonlineag_20261009T025335Z,2026_NFL_W06_NYJ_NE,2026-10-09T02:53:35.037703+00:00,2026-10-09T02:53:31Z,betonlineag,-7.0,-105,-115,,,42.5,-110,-110,,,,,,,True,,,odds_api,free
2026_NFL_W06_NYJ_NE_betus_20261009T025335Z,2026_NFL_W06_NYJ_NE,2026-10-09T02:53:35.037703+00:00,2026-10-09T02:52:57Z,betus,-7.0,-105,-115,,,42.5,-110,-110,,,,,,,True,,,odds_api,free
2026_NFL_W06_NYJ_NE_betrivers_20261009T025335Z,2026_NFL_W06_NYJ_NE,2026-10-09T02:53:35.037703+00:00,2026-10-09T02:53:32Z,betrivers,-7.0,-106,-115,-335.0,255.0,43.5,-109,-112,,,,,,,True,,,odds_api,free
2026_NFL_W06_NYJ_NE_mybookieag_20261009T025335Z,2026_NFL_W06_NYJ_NE,2026-10-09T02:53:35.037703+00:00,2026-10-09T02:53:19Z,mybookieag,-7.0,-110,-110,-330.0,244.0,43.5,-110,-110,,,,,,,True,,,odds_api,free
2026_NFL_W06_NO_NYG_draftkings_20261009T025335Z,2026_NFL_W06_NO_NYG,2026-10-09T02:53:35.037703+00:00,2026-10-09T02:52:38Z,draftkings,1.5,-115,-105,-102.0,-118.0,45.5,-110,-110,,,,,,,True,,,odds_api,free
2026_NFL_W06_NO_NYG_betus_20261009T025335Z,2026_NFL_W06_NO_NYG,2026-10-09T02:53:35.037703+00:00,2026-10-09T02:52:57Z,betus,1.0,-110,-110,,,44.5,-110,-110,,,,,,,True,,,odds_api,free
2026_NFL_W06_NO_NYG_fanduel_20261009T025335Z,2026_NFL_W06_NO_NYG,2026-10-09T02:53:35.037703+00:00,2026-10-09T02:53:15Z,fanduel,1.5,-115,-105,100.0,-118.0,44.5,-115,-105,,,,,,,True,,,odds_api,free
2026_NFL_W06_NO_NYG_betonlineag_20261009T025335Z,2026_NFL_W06_NO_NYG,2026-10-09T02:53:35.037703+00:00,2026-10-09T02:53:31Z,betonlineag,1.0,-110,-110,,,44.5,-110,-110,,,,,,,True,,,odds_api,free
2026_NFL_W06_NO_NYG_lowvig_20261009T025335Z,2026_NFL_W06_NO_NYG,2026-10-09T02:53:35.037703+00:00,2026-10-09T02:53:31Z,lowvig,1.0,-105,-105,,,44.5,-107,-107,,,,,,,True,,,odds_api,free
2026_NFL_W06_NO_NYG_betrivers_20261009T025335Z,2026_NFL_W06_NO_NYG,2026-10-09T02:53:35.037703+00:00,2026-10-09T02:53:32Z,betrivers,1.0,-110,-110,-104.0,-118.0,44.5,-108,-113,,,,,,,True,,,odds_api,free
2026_NFL_W06_NO_NYG_mybookieag_20261009T025335Z,2026_NFL_W06_NO_NYG,2026-10-09T02:53:35.037703+00:00,2026-10-09T02:53:19Z,mybookieag,1.5,-110,-110,-104.0,-122.0,45.0,-110,-110,,,,,,,True,,,odds_api,free
2026_NFL_W06_ARI_LAR_draftkings_20261009T025335Z,2026_NFL_W06_ARI_LAR,2026-10-09T02:53:35.037703+00:00,2026-10-09T02:52:38Z,draftkings,-10.5,-110,-110,-650.0,470.0,51.5,-105,-115,,,,,,,True,,,odds_api,free
2026_NFL_W06_ARI_LAR_betus_20261009T025335Z,2026_NFL_W06_ARI_LAR,2026-10-09T02:53:35.037703+00:00,2026-10-09T02:52:57Z,betus,-10.5,-110,-110,,,50.5,-110,-110,,,,,,,True,,,odds_api,free
2026_NFL_W06_ARI_LAR_fanduel_20261009T025335Z,2026_NFL_W06_ARI_LAR,2026-10-09T02:53:35.037703+00:00,2026-10-09T02:53:15Z,fanduel,-11.5,-105,-115,-670.0,490.0,50.5,-110,-110,,,,,,,True,,,odds_api,free
2026_NFL_W06_ARI_LAR_lowvig_20261009T025335Z,2026_NFL_W06_ARI_LAR,2026-10-09T02:53:35.037703+00:00,2026-10-09T02:53:31Z,lowvig,-10.5,-105,-105,,,50.5,-107,-107,,,,,,,True,,,odds_api,free
2026_NFL_W06_ARI_LAR_betonlineag_20261009T025335Z,2026_NFL_W06_ARI_LAR,2026-10-09T02:53:35.037703+00:00,2026-10-09T02:53:31Z,betonlineag,-10.5,-110,-110,,,50.5,-110,-110,,,,,,,True,,,odds_api,free
2026_NFL_W06_ARI_LAR_betrivers_20261009T025335Z,2026_NFL_W06_ARI_LAR,2026-10-09T02:53:35.037703+00:00,2026-10-09T02:53:32Z,betrivers,-10.5,-110,-110,-715.0,485.0,50.5,-110,-110,,,,,,,True,,,odds_api,free
2026_NFL_W06_ARI_LAR_mybookieag_20261009T025335Z,2026_NFL_W06_ARI_LAR,2026-10-09T02:53:35.037703+00:00,2026-10-09T02:53:19Z,mybookieag,-10.5,-110,-110,-649.0,420.0,51.0,-110,-110,,,,,,,True,,,odds_api,free
2026_NFL_W06_BUF_LV_draftkings_20261009T025335Z,2026_NFL_W06_BUF_LV,2026-10-09T02:53:35.037703+00:00,2026-10-09T02:52:38Z,draftkings,4.5,-110,-110,190.0,-230.0,51.5,-110,-110,,,,,,,True,,,odds_api,free
2026_NFL_W06_BUF_LV_fanduel_20261009T025335Z,2026_NFL_W06_BUF_LV,2026-10-09T02:53:35.037703+00:00,2026-10-09T02:53:15Z,fanduel,4.5,-102,-120,205.0,-250.0,51.5,-108,-112,,,,,,,True,,,odds_api,free
2026_NFL_W06_BUF_LV_betus_20261009T025335Z,2026_NFL_W06_BUF_LV,2026-10-09T02:53:35.037703+00:00,2026-10-09T02:52:57Z,betus,4.5,-110,-110,,,51.0,-110,-110,,,,,,,True,,,odds_api,free
2026_NFL_W06_BUF_LV_lowvig_20261009T025335Z,2026_NFL_W06_BUF_LV,2026-10-09T02:53:35.037703+00:00,2026-10-09T02:53:31Z,lowvig,4.5,-105,-105,,,51.0,-107,-107,,,,,,,True,,,odds_api,free
2026_NFL_W06_BUF_LV_betonlineag_20261009T025335Z,2026_NFL_W06_BUF_LV,2026-10-09T02:53:35.037703+00:00,2026-10-09T02:53:31Z,betonlineag,4.5,-110,-110,,,51.0,-110,-110,,,,,,,True,,,odds_api,free
2026_NFL_W06_BUF_LV_betrivers_20261009T025335Z,2026_NFL_W06_BUF_LV,2026-10-09T02:53:35.037703+00:00,2026-10-09T02:53:32Z,betrivers,4.5,-108,-113,190.0,-240.0,51.5,-109,-112,,,,,,,True,,,odds_api,free
2026_NFL_W06_BUF_LV_mybookieag_20261009T025335Z,2026_NFL_W06_BUF_LV,2026-10-09T02:53:35.037703+00:00,2026-10-09T02:53:19Z,mybookieag,4.5,-110,-110,173.0,-226.0,51.5,-110,-110,,,,,,,True,,,odds_api,free
2026_NFL_W06_LAC_KC_draftkings_20261009T025335Z,2026_NFL_W06_LAC_KC,2026-10-09T02:53:35.037703+00:00,2026-10-09T02:52:38Z,draftkings,-7.5,-110,-110,-380.0,300.0,45.5,-110,-110,,,,,,,True,,,odds_api,free
2026_NFL_W06_LAC_KC_betus_20261009T025335Z,2026_NFL_W06_LAC_KC,2026-10-09T02:53:35.037703+00:00,2026-10-09T02:52:57Z,betus,-7.5,-115,-105,,,45.0,-105,-115,,,,,,,True,,,odds_api,free
2026_NFL_W06_LAC_KC_fanduel_20261009T025335Z,2026_NFL_W06_LAC_KC,2026-10-09T02:53:35.037703+00:00,2026-10-09T02:53:15Z,fanduel,-7.5,-108,-112,-450.0,350.0,45.5,-110,-110,,,,,,,True,,,odds_api,free
2026_NFL_W06_LAC_KC_lowvig_20261009T025335Z,2026_NFL_W06_LAC_KC,2026-10-09T02:53:35.037703+00:00,2026-10-09T02:53:31Z,lowvig,-7.5,-110,100,,,45.0,-101,-114,,,,,,,True,,,odds_api,free
2026_NFL_W06_LAC_KC_betonlineag_20261009T025335Z,2026_NFL_W06_LAC_KC,2026-10-09T02:53:35.037703+00:00,2026-10-09T02:53:31Z,betonlineag,-7.5,-115,-105,,,45.0,-104,-116,,,,,,,True,,,odds_api,free
2026_NFL_W06_LAC_KC_betrivers_20261009T025335Z,2026_NFL_W06_LAC_KC,2026-10-09T02:53:35.037703+00:00,2026-10-09T02:53:32Z,betrivers,-7.5,-110,-110,-435.0,310.0,45.5,-112,-109,,,,,,,True,,,odds_api,free
2026_NFL_W06_LAC_KC_mybookieag_20261009T025335Z,2026_NFL_W06_LAC_KC,2026-10-09T02:53:35.037703+00:00,2026-10-09T02:53:19Z,mybookieag,-7.5,-110,-110,-410.0,290.0,45.5,-110,-110,,,,,,,True,,,odds_api,free
2026_NFL_W06_WAS_SF_draftkings_20261009T025335Z,2026_NFL_W06_WAS_SF,2026-10-09T02:53:35.037703+00:00,2026-10-09T02:52:38Z,draftkings,-7.5,-110,-110,-425.0,330.0,50.5,-110,-110,,,,,,,True,,,odds_api,free
2026_NFL_W06_WAS_SF_betus_20261009T025335Z,2026_NFL_W06_WAS_SF,2026-10-09T02:53:35.037703+00:00,2026-10-09T02:52:57Z,betus,-7.5,-110,-110,,,49.5,-110,-110,,,,,,,True,,,odds_api,free
2026_NFL_W06_WAS_SF_fanduel_20261009T025335Z,2026_NFL_W06_WAS_SF,2026-10-09T02:53:35.037703+00:00,2026-10-09T02:53:15Z,fanduel,-7.0,-122,100,-405.0,320.0,49.5,-105,-115,,,,,,,True,,,odds_api,free
2026_NFL_W06_WAS_SF_lowvig_20261009T025335Z,2026_NFL_W06_WAS_SF,2026-10-09T02:53:35.037703+00:00,2026-10-09T02:53:31Z,lowvig,-7.5,-105,-105,,,49.5,-107,-107,,,,,,,True,,,odds_api,free
2026_NFL_W06_WAS_SF_betonlineag_20261009T025335Z,2026_NFL_W06_WAS_SF,2026-10-09T02:53:35.037703+00:00,2026-10-09T02:53:31Z,betonlineag,-7.5,-110,-110,,,49.5,-110,-110,,,,,,,True,,,odds_api,free
2026_NFL_W06_WAS_SF_betrivers_20261009T025335Z,2026_NFL_W06_WAS_SF,2026-10-09T02:53:35.037703+00:00,2026-10-09T02:53:32Z,betrivers,-7.5,-108,-113,-420.0,320.0,50.5,-109,-112,,,,,,,True,,,odds_api,free
2026_NFL_W06_WAS_SF_mybookieag_20261009T025335Z,2026_NFL_W06_WAS_SF,2026-10-09T02:53:35.037703+00:00,2026-10-09T02:53:19Z,mybookieag,-7.5,-110,-110,-391.0,275.0,49.5,-110,-110,,,,,,,True,,,odds_api,free
2026_NFL_W06_SEA_DEN_draftkings_20261009T192312Z,2026_NFL_W06_SEA_DEN,2026-10-09T19:23:12.862677+00:00,2026-10-09T19:21:13Z,draftkings,1.5,-110,-110,105.0,-125.0,42.5,-110,-110,,,,,,,True,,,odds_api,free
2026_NFL_W06_SEA_DEN_betus_20261009T192312Z,2026_NFL_W06_SEA_DEN,2026-10-09T19:23:12.862677+00:00,2026-10-09T19:22:18Z,betus,2.0,-110,-110,,,42.0,-110,-110,,,,,,,True,,,odds_api,free
2026_NFL_W06_SEA_DEN_fanduel_20261009T192312Z,2026_NFL_W06_SEA_DEN,2026-10-09T19:23:12.862677+00:00,2026-10-09T19:22:56Z,fanduel,2.5,-110,-110,118.0,-138.0,42.5,-105,-115,,,,,,,True,,,odds_api,free
2026_NFL_W06_SEA_DEN_lowvig_20261009T192312Z,2026_NFL_W06_SEA_DEN,2026-10-09T19:23:12.862677+00:00,2026-10-09T19:23:12Z,lowvig,2.0,-105,-105,,,42.0,-107,-107,,,,,,,True,,,odds_api,free
2026_NFL_W06_SEA_DEN_betonlineag_20261009T192312Z,2026_NFL_W06_SEA_DEN,2026-10-09T19:23:12.862677+00:00,2026-10-09T19:22:50Z,betonlineag,2.0,-110,-110,,,42.0,-110,-110,,,,,,,True,,,odds_api,free
2026_NFL_W06_SEA_DEN_betrivers_20261009T192312Z,2026_NFL_W06_SEA_DEN,2026-10-09T19:23:12.862677+00:00,2026-10-09T19:22:23Z,betrivers,2.5,-112,-109,116.0,-141.0,42.5,-108,-113,,,,,,,True,,,odds_api,free
2026_NFL_W06_SEA_DEN_mybookieag_20261009T192312Z,2026_NFL_W06_SEA_DEN,2026-10-09T19:23:12.862677+00:00,2026-10-09T19:22:36Z,mybookieag,2.0,-110,-110,108.0,-137.0,42.0,-110,-110,,,,,,,True,,,odds_api,free
2026_NFL_W06_HOU_JAX_draftkings_20261009T192312Z,2026_NFL_W06_HOU_JAX,2026-10-09T19:23:12.862677+00:00,2026-10-09T19:21:13Z,draftkings,-3.0,-118,-102,-175.0,145.0,43.5,-110,-110,,,,,,,True,,,odds_api,free
2026_NFL_W06_HOU_JAX_fanduel_20261009T192312Z,2026_NFL_W06_HOU_JAX,2026-10-09T19:23:12.862677+00:00,2026-10-09T19:22:56Z,fanduel,-3.0,-115,-105,-166.0,140.0,42.5,-110,-110,,,,,,,True,,,odds_api,free
2026_NFL_W06_HOU_JAX_betus_20261009T192312Z,2026_NFL_W06_HOU_JAX,2026-10-09T19:23:12.862677+00:00,2026-10-09T19:22:18Z,betus,-3.0,-115,-105,,,43.0,-110,-110,,,,,,,True,,,odds_api,free
2026_NFL_W06_HOU_JAX_mybookieag_20261009T192312Z,2026_NFL_W06_HOU_JAX,2026-10-09T19:23:12.862677+00:00,2026-10-09T19:22:36Z,mybookieag,-3.0,-110,-110,-175.0,136.0,43.0,-110,-110,,,,,,,True,,,odds_api,free
2026_NFL_W06_HOU_JAX_lowvig_20261009T192312Z,2026_NFL_W06_HOU_JAX,2026-10-09T19:23:12.862677+00:00,2026-10-09T19:23:12Z,lowvig,-3.0,-110,100,,,43.0,-107,-107,,,,,,,True,,,odds_api,free
2026_NFL_W06_HOU_JAX_betonlineag_20261009T192312Z,2026_NFL_W06_HOU_JAX,2026-10-09T19:23:12.862677+00:00,2026-10-09T19:22:50Z,betonlineag,-3.0,-115,-105,,,43.0,-110,-110,,,,,,,True,,,odds_api,free
2026_NFL_W06_HOU_JAX_betrivers_20261009T192312Z,2026_NFL_W06_HOU_JAX,2026-10-09T19:23:12.862677+00:00,2026-10-09T19:22:23Z,betrivers,-3.0,-110,-110,-165.0,135.0,42.5,-110,-110,,,,,,,True,,,odds_api,free
2026_NFL_W06_CHI_ATL_draftkings_20261009T192312Z,2026_NFL_W06_CHI_ATL,2026-10-09T19:23:12.862677+00:00,2026-10-09T19:21:13Z,draftkings,1.5,-110,-110,102.0,-122.0,47.5,-110,-110,,,,,,,True,,,odds_api,free
2026_NFL_W06_CHI_ATL_fanduel_20261009T192312Z,2026_NFL_W06_CHI_ATL,2026-10-09T19:23:12.862677+00:00,2026-10-09T19:22:56Z,fanduel,1.5,-105,-115,110.0,-130.0,48.5,-110,-110,,,,,,,True,,,odds_api,free
2026_NFL_W06_CHI_ATL_betonlineag_20261009T192312Z,2026_NFL_W06_CHI_ATL,2026-10-09T19:23:12.862677+00:00,2026-10-09T19:22:50Z,betonlineag,1.0,-110,-110,,,49.5,-115,-105,,,,,,,True,,,odds_api,free
2026_NFL_W06_CHI_ATL_lowvig_20261009T192312Z,2026_NFL_W06_CHI_ATL,2026-10-09T19:23:12.862677+00:00,2026-10-09T19:23:12Z,lowvig,1.0,-105,-105,,,49.5,-113,-102,,,,,,,True,,,odds_api,free
2026_NFL_W06_CHI_ATL_betus_20261009T192312Z,2026_NFL_W06_CHI_ATL,2026-10-09T19:23:12.862677+00:00,2026-10-09T19:22:18Z,betus,2.5,-110,-110,,,49.5,-115,-105,,,,,,,True,,,odds_api,free
2026_NFL_W06_CHI_ATL_betrivers_20261009T192312Z,2026_NFL_W06_CHI_ATL,2026-10-09T19:23:12.862677+00:00,2026-10-09T19:22:23Z,betrivers,1.5,-110,-110,108.0,-130.0,47.5,-110,-110,,,,,,,True,,,odds_api,free
2026_NFL_W06_CHI_ATL_mybookieag_20261009T192312Z,2026_NFL_W06_CHI_ATL,2026-10-09T19:23:12.862677+00:00,2026-10-09T19:22:36Z,mybookieag,1.5,-110,-110,102.0,-130.0,48.0,-110,-110,,,,,,,True,,,odds_api,free
2026_NFL_W06_BAL_CLE_draftkings_20261009T192312Z,2026_NFL_W06_BAL_CLE,2026-10-09T19:23:12.862677+00:00,2026-10-09T19:21:13Z,draftkings,3.0,-105,-115,142.0,-170.0,41.5,-110,-110,,,,,,,True,,,odds_api,free
2026_NFL_W06_BAL_CLE_betus_20261009T192312Z,2026_NFL_W06_BAL_CLE,2026-10-09T19:23:12.862677+00:00,2026-10-09T19:22:18Z,betus,3.0,100,-120,,,40.5,-115,-105,,,,,,,True,,,odds_api,free
2026_NFL_W06_BAL_CLE_fanduel_20261009T192312Z,2026_NFL_W06_BAL_CLE,2026-10-09T19:23:12.862677+00:00,2026-10-09T19:22:56Z,fanduel,3.5,-105,-115,160.0,-190.0,41.5,-110,-110,,,,,,,True,,,odds_api,free
2026_NFL_W06_BAL_CLE_lowvig_20261009T192312Z,2026_NFL_W06_BAL_CLE,2026-10-09T19:23:12.862677+00:00,2026-10-09T19:23:12Z,lowvig,3.0,100,-110,,,40.5,-113,-102,,,,,,,True,,,odds_api,free
2026_NFL_W06_BAL_CLE_betonlineag_20261009T192312Z,2026_NFL_W06_BAL_CLE,2026-10-09T19:23:12.862677+00:00,2026-10-09T19:22:50Z,betonlineag,3.0,-105,-115,,,40.5,-115,-105,,,,,,,True,,,odds_api,free
2026_NFL_W06_BAL_CLE_betrivers_20261009T192312Z,2026_NFL_W06_BAL_CLE,2026-10-09T19:23:12.862677+00:00,2026-10-09T19:22:23Z,betrivers,3.0,-112,-109,144.0,-177.0,40.5,-107,-114,,,,,,,True,,,odds_api,free
2026_NFL_W06_BAL_CLE_mybookieag_20261009T192312Z,2026_NFL_W06_BAL_CLE,2026-10-09T19:23:12.862677+00:00,2026-10-09T19:22:36Z,mybookieag,3.0,-110,-110,144.0,-186.0,40.5,-110,-110,,,,,,,True,,,odds_api,free
2026_NFL_W06_CAR_PHI_draftkings_20261009T192312Z,2026_NFL_W06_CAR_PHI,2026-10-09T19:23:12.862677+00:00,2026-10-09T19:21:13Z,draftkings,-2.5,-105,-115,-130.0,110.0,43.5,-115,-105,,,,,,,True,,,odds_api,free
2026_NFL_W06_CAR_PHI_betus_20261009T192312Z,2026_NFL_W06_CAR_PHI,2026-10-09T19:23:12.862677+00:00,2026-10-09T19:22:18Z,betus,-1.5,-105,-115,,,42.5,-110,-110,,,,,,,True,,,odds_api,free
2026_NFL_W06_CAR_PHI_fanduel_20261009T192312Z,2026_NFL_W06_CAR_PHI,2026-10-09T19:23:12.862677+00:00,2026-10-09T19:22:56Z,fanduel,-1.5,-110,-110,-122.0,104.0,42.5,-110,-110,,,,,,,True,,,odds_api,free
2026_NFL_W06_CAR_PHI_lowvig_20261009T192312Z,2026_NFL_W06_CAR_PHI,2026-10-09T19:23:12.862677+00:00,2026-10-09T19:23:12Z,lowvig,-1.5,100,-110,,,42.5,-107,-107,,,,,,,True,,,odds_api,free
2026_NFL_W06_CAR_PHI_betonlineag_20261009T192312Z,2026_NFL_W06_CAR_PHI,2026-10-09T19:23:12.862677+00:00,2026-10-09T19:22:50Z,betonlineag,-1.5,-105,-115,,,42.5,-110,-110,,,,,,,True,,,odds_api,free
2026_NFL_W06_CAR_PHI_betrivers_20261009T192312Z,2026_NFL_W06_CAR_PHI,2026-10-09T19:23:12.862677+00:00,2026-10-09T19:22:23Z,betrivers,-2.0,-110,-110,-130.0,108.0,42.5,-114,-106,,,,,,,True,,,odds_api,free
2026_NFL_W06_CAR_PHI_mybookieag_20261009T192312Z,2026_NFL_W06_CAR_PHI,2026-10-09T19:23:12.862677+00:00,2026-10-09T19:22:36Z,mybookieag,-2.0,-110,-110,-131.0,103.0,43.0,-110,-110,,,,,,,True,,,odds_api,free
2026_NFL_W06_TEN_IND_draftkings_20261009T192312Z,2026_NFL_W06_TEN_IND,2026-10-09T19:23:12.862677+00:00,2026-10-09T19:21:13Z,draftkings,-6.5,-110,-110,-298.0,240.0,44.5,-110,-110,,,,,,,True,,,odds_api,free
2026_NFL_W06_TEN_IND_betus_20261009T192312Z,2026_NFL_W06_TEN_IND,2026-10-09T19:23:12.862677+00:00,2026-10-09T19:22:18Z,betus,-6.5,-115,-105,,,43.5,-110,-110,,,,,,,True,,,odds_api,free
2026_NFL_W06_TEN_IND_fanduel_20261009T192312Z,2026_NFL_W06_TEN_IND,2026-10-09T19:23:12.862677+00:00,2026-10-09T19:22:56Z,fanduel,-6.5,-110,-110,-300.0,245.0,43.5,-110,-110,,,,,,,True,,,odds_api,free
2026_NFL_W06_TEN_IND_betonlineag_20261009T192312Z,2026_NFL_W06_TEN_IND,2026-10-09T19:23:12.862677+00:00,2026-10-09T19:22:50Z,betonlineag,-6.5,-115,-105,,,43.5,-110,-110,,,,,,,True,,,odds_api,free
2026_NFL_W06_TEN_IND_lowvig_20261009T192312Z,2026_NFL_W06_TEN_IND,2026-10-09T19:23:12.862677+00:00,2026-10-09T19:23:12Z,lowvig,-6.5,-110,100,,,43.5,-107,-107,,,,,,,True,,,odds_api,free
2026_NFL_W06_TEN_IND_betrivers_20261009T192312Z,2026_NFL_W06_TEN_IND,2026-10-09T19:23:12.862677+00:00,2026-10-09T19:22:23Z,betrivers,-6.5,-115,-106,-315.0,250.0,43.5,-109,-112,,,,,,,True,,,odds_api,free
2026_NFL_W06_TEN_IND_mybookieag_20261009T192312Z,2026_NFL_W06_TEN_IND,2026-10-09T19:23:12.862677+00:00,2026-10-09T19:22:36Z,mybookieag,-6.5,-110,-110,-300.0,224.0,44.0,-110,-110,,,,,,,True,,,odds_api,free
2026_NFL_W06_NYJ_NE_draftkings_20261009T192312Z,2026_NFL_W06_NYJ_NE,2026-10-09T19:23:12.862677+00:00,2026-10-09T19:21:13Z,draftkings,-7.0,-105,-115,-340.0,270.0,43.5,-115,-105,,,,,,,True,,,odds_api,free
2026_NFL_W06_NYJ_NE_fanduel_20261009T192312Z,2026_NFL_W06_NYJ_NE,2026-10-09T19:23:12.862677+00:00,2026-10-09T19:22:56Z,fanduel,-7.0,-105,-115,-320.0,260.0,43.5,-105,-115,,,,,,,True,,,odds_api,free
2026_NFL_W06_NYJ_NE_lowvig_20261009T192312Z,2026_NFL_W06_NYJ_NE,2026-10-09T19:23:12.862677+00:00,2026-10-09T19:23:12Z,lowvig,-7.0,100,-110,,,42.5,-107,-107,,,,,,,True,,,odds_api,free
2026_NFL_W06_NYJ_NE_betonlineag_20261009T192312Z,2026_NFL_W06_NYJ_NE,2026-10-09T19:23:12.862677+00:00,2026-10-09T19:22:50Z,betonlineag,-7.0,-105,-115,,,42.5,-110,-110,,,,,,,True,,,odds_api,free
2026_NFL_W06_NYJ_NE_betus_20261009T192312Z,2026_NFL_W06_NYJ_NE,2026-10-09T19:23:12.862677+00:00,2026-10-09T19:22:18Z,betus,-7.0,-105,-115,,,42.5,-110,-110,,,,,,,True,,,odds_api,free
2026_NFL_W06_NYJ_NE_betrivers_20261009T192312Z,2026_NFL_W06_NYJ_NE,2026-10-09T19:23:12.862677+00:00,2026-10-09T19:22:23Z,betrivers,-7.0,-106,-115,-335.0,255.0,43.5,-109,-112,,,,,,,True,,,odds_api,free
2026_NFL_W06_NYJ_NE_mybookieag_20261009T192312Z,2026_NFL_W06_NYJ_NE,2026-10-09T19:23:12.862677+00:00,2026-10-09T19:22:36Z,mybookieag,-7.0,-110,-110,-330.0,244.0,43.5,-110,-110,,,,,,,True,,,odds_api,free
2026_NFL_W06_NO_NYG_draftkings_20261009T192312Z,2026_NFL_W06_NO_NYG,2026-10-09T19:23:12.862677+00:00,2026-10-09T19:21:13Z,draftkings,1.5,-115,-105,-102.0,-118.0,45.5,-110,-110,,,,,,,True,,,odds_api,free
2026_NFL_W06_NO_NYG_betus_20261009T192312Z,2026_NFL_W06_NO_NYG,2026-10-09T19:23:12.862677+00:00,2026-10-09T19:22:18Z,betus,1.0,-110,-110,,,44.5,-110,-110,,,,,,,True,,,odds_api,free
2026_NFL_W06_NO_NYG_fanduel_20261009T192312Z,2026_NFL_W06_NO_NYG,2026-10-09T19:23:12.862677+00:00,2026-10-09T19:22:56Z,fanduel,1.5,-115,-105,100.0,-118.0,44.5,-115,-105,,,,,,,True,,,odds_api,free
2026_NFL_W06_NO_NYG_betonlineag_20261009T192312Z,2026_NFL_W06_NO_NYG,2026-10-09T19:23:12.862677+00:00,2026-10-09T19:22:50Z,betonlineag,1.0,-110,-110,,,44.5,-110,-110,,,,,,,True,,,odds_api,free
2026_NFL_W06_NO_NYG_lowvig_20261009T192312Z,2026_NFL_W06_NO_NYG,2026-10-09T19:23:12.862677+00:00,2026-10-09T19:23:12Z,lowvig,1.0,-105,-105,,,44.5,-107,-107,,,,,,,True,,,odds_api,free
2026_NFL_W06_NO_NYG_betrivers_20261009T192312Z,2026_NFL_W06_NO_NYG,2026-10-09T19:23:12.862677+00:00,2026-10-09T19:22:23Z,betrivers,1.0,-110,-110,-104.0,-118.0,44.5,-108,-113,,,,,,,True,,,odds_api,free
2026_NFL_W06_NO_NYG_mybookieag_20261009T192312Z,2026_NFL_W06_NO_NYG,2026-10-09T19:23:12.862677+00:00,2026-10-09T19:22:36Z,mybookieag,1.5,-110,-110,-104.0,-122.0,45.0,-110,-110,,,,,,,True,,,odds_api,free
2026_NFL_W06_ARI_LAR_draftkings_20261009T192312Z,2026_NFL_W06_ARI_LAR,2026-10-09T19:23:12.862677+00:00,2026-10-09T19:21:13Z,draftkings,-10.5,-110,-110,-650.0,470.0,51.5,-105,-115,,,,,,,True,,,odds_api,free
2026_NFL_W06_ARI_LAR_betus_20261009T192312Z,2026_NFL_W06_ARI_LAR,2026-10-09T19:23:12.862677+00:00,2026-10-09T19:22:18Z,betus,-10.5,-110,-110,,,50.5,-110,-110,,,,,,,True,,,odds_api,free
2026_NFL_W06_ARI_LAR_fanduel_20261009T192312Z,2026_NFL_W06_ARI_LAR,2026-10-09T19:23:12.862677+00:00,2026-10-09T19:22:56Z,fanduel,-11.5,-105,-115,-670.0,490.0,50.5,-110,-110,,,,,,,True,,,odds_api,free
2026_NFL_W06_ARI_LAR_lowvig_20261009T192312Z,2026_NFL_W06_ARI_LAR,2026-10-09T19:23:12.862677+00:00,2026-10-09T19:23:12Z,lowvig,-10.5,-105,-105,,,50.5,-107,-107,,,,,,,True,,,odds_api,free
2026_NFL_W06_ARI_LAR_betonlineag_20261009T192312Z,2026_NFL_W06_ARI_LAR,2026-10-09T19:23:12.862677+00:00,2026-10-09T19:22:50Z,betonlineag,-10.5,-110,-110,,,50.5,-110,-110,,,,,,,True,,,odds_api,free
2026_NFL_W06_ARI_LAR_betrivers_20261009T192312Z,2026_NFL_W06_ARI_LAR,2026-10-09T19:23:12.862677+00:00,2026-10-09T19:22:23Z,betrivers,-10.5,-110,-110,-715.0,485.0,50.5,-110,-110,,,,,,,True,,,odds_api,free
2026_NFL_W06_ARI_LAR_mybookieag_20261009T192312Z,2026_NFL_W06_ARI_LAR,2026-10-09T19:23:12.862677+00:00,2026-10-09T19:22:36Z,mybookieag,-10.5,-110,-110,-649.0,420.0,51.0,-110,-110,,,,,,,True,,,odds_api,free
2026_NFL_W06_BUF_LV_draftkings_20261009T192312Z,2026_NFL_W06_BUF_LV,2026-10-09T19:23:12.862677+00:00,2026-10-09T19:21:13Z,draftkings,4.5,-110,-110,185.0,-225.0,51.5,-110,-110,,,,,,,True,,,odds_api,free
2026_NFL_W06_BUF_LV_fanduel_20261009T192312Z,2026_NFL_W06_BUF_LV,2026-10-09T19:23:12.862677+00:00,2026-10-09T19:22:56Z,fanduel,4.5,-102,-120,205.0,-250.0,51.5,-108,-112,,,,,,,True,,,odds_api,free
2026_NFL_W06_BUF_LV_betus_20261009T192312Z,2026_NFL_W06_BUF_LV,2026-10-09T19:23:12.862677+00:00,2026-10-09T19:22:18Z,betus,3.5,-110,-110,,,51.0,-110,-110,,,,,,,True,,,odds_api,free
2026_NFL_W06_BUF_LV_lowvig_20261009T192312Z,2026_NFL_W06_BUF_LV,2026-10-09T19:23:12.862677+00:00,2026-10-09T19:23:12Z,lowvig,3.5,-105,-105,,,51.0,-107,-107,,,,,,,True,,,odds_api,free
2026_NFL_W06_BUF_LV_betonlineag_20261009T192312Z,2026_NFL_W06_BUF_LV,2026-10-09T19:23:12.862677+00:00,2026-10-09T19:22:50Z,betonlineag,3.5,-110,-110,,,51.0,-110,-110,,,,,,,True,,,odds_api,free
2026_NFL_W06_BUF_LV_betrivers_20261009T192312Z,2026_NFL_W06_BUF_LV,2026-10-09T19:23:12.862677+00:00,2026-10-09T19:22:23Z,betrivers,4.5,-108,-113,190.0,-240.0,51.5,-109,-112,,,,,,,True,,,odds_api,free
2026_NFL_W06_BUF_LV_mybookieag_20261009T192312Z,2026_NFL_W06_BUF_LV,2026-10-09T19:23:12.862677+00:00,2026-10-09T19:22:36Z,mybookieag,4.5,-110,-110,175.0,-230.0,51.5,-110,-110,,,,,,,True,,,odds_api,free
2026_NFL_W06_LAC_KC_draftkings_20261009T192312Z,2026_NFL_W06_LAC_KC,2026-10-09T19:23:12.862677+00:00,2026-10-09T19:21:13Z,draftkings,-7.5,-110,-110,-380.0,300.0,45.5,-110,-110,,,,,,,True,,,odds_api,free
2026_NFL_W06_LAC_KC_betus_20261009T192312Z,2026_NFL_W06_LAC_KC,2026-10-09T19:23:12.862677+00:00,2026-10-09T19:22:18Z,betus,-7.5,-115,-105,,,45.0,-105,-115,,,,,,,True,,,odds_api,free
2026_NFL_W06_LAC_KC_fanduel_20261009T192312Z,2026_NFL_W06_LAC_KC,2026-10-09T19:23:12.862677+00:00,2026-10-09T19:22:56Z,fanduel,-7.5,-108,-112,-450.0,350.0,45.5,-110,-110,,,,,,,True,,,odds_api,free
2026_NFL_W06_LAC_KC_lowvig_20261009T192312Z,2026_NFL_W06_LAC_KC,2026-10-09T19:23:12.862677+00:00,2026-10-09T19:23:12Z,lowvig,-7.5,-110,100,,,45.0,-101,-114,,,,,,,True,,,odds_api,free
2026_NFL_W06_LAC_KC_betonlineag_20261009T192312Z,2026_NFL_W06_LAC_KC,2026-10-09T19:23:12.862677+00:00,2026-10-09T19:22:50Z,betonlineag,-7.5,-115,-105,,,45.0,-104,-116,,,,,,,True,,,odds_api,free
2026_NFL_W06_LAC_KC_betrivers_20261009T192312Z,2026_NFL_W06_LAC_KC,2026-10-09T19:23:12.862677+00:00,2026-10-09T19:22:23Z,betrivers,-7.5,-110,-110,-435.0,310.0,45.5,-112,-109,,,,,,,True,,,odds_api,free
2026_NFL_W06_LAC_KC_mybookieag_20261009T192312Z,2026_NFL_W06_LAC_KC,2026-10-09T19:23:12.862677+00:00,2026-10-09T19:22:36Z,mybookieag,-7.5,-110,-110,-410.0,290.0,45.5,-110,-110,,,,,,,True,,,odds_api,free
2026_NFL_W06_WAS_SF_draftkings_20261009T192312Z,2026_NFL_W06_WAS_SF,2026-10-09T19:23:12.862677+00:00,2026-10-09T19:21:13Z,draftkings,-7.5,-110,-110,-425.0,330.0,50.5,-110,-110,,,,,,,True,,,odds_api,free
2026_NFL_W06_WAS_SF_betus_20261009T192312Z,2026_NFL_W06_WAS_SF,2026-10-09T19:23:12.862677+00:00,2026-10-09T19:22:18Z,betus,-7.5,-110,-110,,,49.5,-110,-110,,,,,,,True,,,odds_api,free
2026_NFL_W06_WAS_SF_fanduel_20261009T192312Z,2026_NFL_W06_WAS_SF,2026-10-09T19:23:12.862677+00:00,2026-10-09T19:22:56Z,fanduel,-7.0,-122,100,-405.0,320.0,49.5,-105,-115,,,,,,,True,,,odds_api,free
2026_NFL_W06_WAS_SF_lowvig_20261009T192312Z,2026_NFL_W06_WAS_SF,2026-10-09T19:23:12.862677+00:00,2026-10-09T19:23:12Z,lowvig,-7.5,-105,-105,,,49.5,-107,-107,,,,,,,True,,,odds_api,free
2026_NFL_W06_WAS_SF_betonlineag_20261009T192312Z,2026_NFL_W06_WAS_SF,2026-10-09T19:23:12.862677+00:00,2026-10-09T19:22:50Z,betonlineag,-7.5,-110,-110,,,49.5,-110,-110,,,,,,,True,,,odds_api,free
2026_NFL_W06_WAS_SF_betrivers_20261009T192312Z,2026_NFL_W06_WAS_SF,2026-10-09T19:23:12.862677+00:00,2026-10-09T19:22:23Z,betrivers,-7.5,-108,-113,-420.0,320.0,50.5,-109,-112,,,,,,,True,,,odds_api,free
2026_NFL_W06_WAS_SF_mybookieag_20261009T192312Z,2026_NFL_W06_WAS_SF,2026-10-09T19:23:12.862677+00:00,2026-10-09T19:22:36Z,mybookieag,-7.5,-110,-110,-391.0,275.0,49.5,-110,-110,,,,,,,True,,,odds_api,free
