snapshot_id,game_id,retrieved_at,provider_updated_at,book,spread_home,spread_home_price,spread_away_price,ml_home,ml_away,total,over_price,under_price,spread_ticket_pct_home,spread_money_pct_home,ml_ticket_pct_home,ml_money_pct_home,total_ticket_pct_over,total_money_pct_over,is_first_snapshot,provider_open_spread_home,provider_open_total,source,plan
2026_NFL_W16_HOU_PHI_draftkings_20260905T142525Z,2026_NFL_W16_HOU_PHI,2026-09-05T14:25:25.083854+00:00,2026-09-05T14:24:39Z,draftkings,-2.5,-108,-112,-135.0,114.0,37.5,-110,-110,,,,,,,True,,,odds_api,free
2026_NFL_W16_HOU_PHI_fanduel_20260905T142525Z,2026_NFL_W16_HOU_PHI,2026-09-05T14:25:25.083854+00:00,2026-09-05T14:25:12Z,fanduel,-2.5,-105,-115,-132.0,112.0,38.5,-104,-118,,,,,,,True,,,odds_api,free
2026_NFL_W16_GB_CHI_draftkings_20260905T142525Z,2026_NFL_W16_GB_CHI,2026-09-05T14:25:25.083854+00:00,2026-09-05T14:24:39Z,draftkings,-1.5,-105,-115,-118.0,-102.0,47.5,-110,-110,,,,,,,True,,,odds_api,free
2026_NFL_W16_GB_CHI_fanduel_20260905T142525Z,2026_NFL_W16_GB_CHI,2026-09-05T14:25:25.083854+00:00,2026-09-05T14:25:12Z,fanduel,-1.5,-105,-115,-118.0,100.0,47.5,-115,-105,,,,,,,True,,,odds_api,free
2026_NFL_W16_BUF_DEN_draftkings_20260905T142525Z,2026_NFL_W16_BUF_DEN,2026-09-05T14:25:25.083854+00:00,2026-09-05T14:24:39Z,draftkings,1.5,-105,-115,110.0,-130.0,46.5,-110,-110,,,,,,,True,,,odds_api,free
2026_NFL_W16_BUF_DEN_fanduel_20260905T142525Z,2026_NFL_W16_BUF_DEN,2026-09-05T14:25:25.083854+00:00,2026-09-05T14:25:12Z,fanduel,1.5,-105,-115,112.0,-132.0,46.5,-115,-105,,,,,,,True,,,odds_api,free
2026_NFL_W16_LAR_SEA_draftkings_20260905T142525Z,2026_NFL_W16_LAR_SEA,2026-09-05T14:25:25.083854+00:00,2026-09-05T14:24:39Z,draftkings,-1.5,-115,-105,-130.0,110.0,47.5,-110,-110,,,,,,,True,,,odds_api,free
2026_NFL_W16_LAR_SEA_fanduel_20260905T142525Z,2026_NFL_W16_LAR_SEA,2026-09-05T14:25:25.083854+00:00,2026-09-05T14:25:12Z,fanduel,1.5,-115,-105,100.0,-118.0,45.5,-110,-110,,,,,,,True,,,odds_api,free
2026_NFL_W16_ARI_NO_draftkings_20260905T142525Z,2026_NFL_W16_ARI_NO,2026-09-05T14:25:25.083854+00:00,2026-09-05T14:24:39Z,draftkings,-5.5,-110,-110,-250.0,205.0,44.5,-110,-110,,,,,,,True,,,odds_api,free
2026_NFL_W16_ARI_NO_betus_20260905T142525Z,2026_NFL_W16_ARI_NO,2026-09-05T14:25:25.083854+00:00,2026-09-05T14:25:17Z,betus,-5.5,-110,-110,,,44.5,-110,-110,,,,,,,True,,,odds_api,free
2026_NFL_W16_TB_ATL_draftkings_20260905T142525Z,2026_NFL_W16_TB_ATL,2026-09-05T14:25:25.083854+00:00,2026-09-05T14:24:39Z,draftkings,1.5,-110,-110,105.0,-125.0,45.5,-110,-110,,,,,,,True,,,odds_api,free
2026_NFL_W16_CLE_BAL_draftkings_20260905T142525Z,2026_NFL_W16_CLE_BAL,2026-09-05T14:25:25.083854+00:00,2026-09-05T14:24:39Z,draftkings,-10.0,-110,-110,-425.0,330.0,43.5,-110,-110,,,,,,,True,,,odds_api,free
2026_NFL_W16_CLE_BAL_betus_20260905T142525Z,2026_NFL_W16_CLE_BAL,2026-09-05T14:25:25.083854+00:00,2026-09-05T14:25:17Z,betus,-9.5,-110,-110,,,43.5,-110,-110,,,,,,,True,,,odds_api,free
2026_NFL_W16_CAR_PIT_draftkings_20260905T142525Z,2026_NFL_W16_CAR_PIT,2026-09-05T14:25:25.083854+00:00,2026-09-05T14:24:39Z,draftkings,-3.5,-110,-110,-192.0,160.0,41.5,-110,-110,,,,,,,True,,,odds_api,free
2026_NFL_W16_CAR_PIT_betus_20260905T142525Z,2026_NFL_W16_CAR_PIT,2026-09-05T14:25:25.083854+00:00,2026-09-05T14:25:17Z,betus,-3.5,-110,-110,,,41.5,-110,-110,,,,,,,True,,,odds_api,free
2026_NFL_W16_CIN_IND_draftkings_20260905T142525Z,2026_NFL_W16_CIN_IND,2026-09-05T14:25:25.083854+00:00,2026-09-05T14:24:39Z,draftkings,1.5,-110,-110,102.0,-122.0,52.5,-110,-110,,,,,,,True,,,odds_api,free
2026_NFL_W16_CIN_IND_betus_20260905T142525Z,2026_NFL_W16_CIN_IND,2026-09-05T14:25:25.083854+00:00,2026-09-05T14:25:17Z,betus,1.5,-110,-110,,,52.5,-110,-110,,,,,,,True,,,odds_api,free
2026_NFL_W16_TEN_LV_draftkings_20260905T142525Z,2026_NFL_W16_TEN_LV,2026-09-05T14:25:25.083854+00:00,2026-09-05T14:24:39Z,draftkings,-1.5,-110,-110,-125.0,105.0,42.5,-110,-110,,,,,,,True,,,odds_api,free
2026_NFL_W16_LAC_MIA_draftkings_20260905T142525Z,2026_NFL_W16_LAC_MIA,2026-09-05T14:25:25.083854+00:00,2026-09-05T14:24:39Z,draftkings,7.0,-108,-112,285.0,-360.0,45.5,-110,-110,,,,,,,True,,,odds_api,free
2026_NFL_W16_WAS_MIN_draftkings_20260905T142525Z,2026_NFL_W16_WAS_MIN,2026-09-05T14:25:25.083854+00:00,2026-09-05T14:24:39Z,draftkings,-2.5,-110,-110,-135.0,114.0,46.5,-110,-110,,,,,,,True,,,odds_api,free
2026_NFL_W16_WAS_MIN_betus_20260905T142525Z,2026_NFL_W16_WAS_MIN,2026-09-05T14:25:25.083854+00:00,2026-09-05T14:25:17Z,betus,-2.5,-110,-110,,,46.5,-110,-110,,,,,,,True,,,odds_api,free
2026_NFL_W16_NE_NYJ_draftkings_20260905T142525Z,2026_NFL_W16_NE_NYJ,2026-09-05T14:25:25.083854+00:00,2026-09-05T14:24:39Z,draftkings,6.5,-110,-110,225.0,-278.0,40.5,-110,-110,,,,,,,True,,,odds_api,free
2026_NFL_W16_SF_KC_draftkings_20260905T142525Z,2026_NFL_W16_SF_KC,2026-09-05T14:25:25.083854+00:00,2026-09-05T14:24:39Z,draftkings,-3.0,-102,-118,-162.0,136.0,46.5,-110,-110,,,,,,,True,,,odds_api,free
2026_NFL_W16_SF_KC_betus_20260905T142525Z,2026_NFL_W16_SF_KC,2026-09-05T14:25:25.083854+00:00,2026-09-05T14:25:17Z,betus,-2.5,-120,100,,,46.5,-110,-110,,,,,,,True,,,odds_api,free
2026_NFL_W16_JAX_DAL_draftkings_20260905T142525Z,2026_NFL_W16_JAX_DAL,2026-09-05T14:25:25.083854+00:00,2026-09-05T14:24:39Z,draftkings,-3.0,-102,-118,-162.0,136.0,51.5,-110,-110,,,,,,,True,,,odds_api,free
2026_NFL_W16_NYG_DET_draftkings_20260905T142525Z,2026_NFL_W16_NYG_DET,2026-09-05T14:25:25.083854+00:00,2026-09-05T14:24:39Z,draftkings,-4.5,-110,-110,-205.0,170.0,49.5,-110,-110,,,,,,,True,,,odds_api,free
2026_NFL_W16_HOU_PHI_draftkings_20260905T150417Z,2026_NFL_W16_HOU_PHI,2026-09-05T15:04:17.564288+00:00,2026-09-05T15:02:05Z,draftkings,-2.5,-108,-112,-135.0,114.0,37.5,-110,-110,,,,,,,True,,,odds_api,free
2026_NFL_W16_HOU_PHI_fanduel_20260905T150417Z,2026_NFL_W16_HOU_PHI,2026-09-05T15:04:17.564288+00:00,2026-09-05T15:04:02Z,fanduel,-2.5,-105,-115,-132.0,112.0,38.5,-104,-118,,,,,,,True,,,odds_api,free
2026_NFL_W16_GB_CHI_draftkings_20260905T150417Z,2026_NFL_W16_GB_CHI,2026-09-05T15:04:17.564288+00:00,2026-09-05T15:02:05Z,draftkings,-1.5,-105,-115,-118.0,-102.0,47.5,-110,-110,,,,,,,True,,,odds_api,free
2026_NFL_W16_GB_CHI_fanduel_20260905T150417Z,2026_NFL_W16_GB_CHI,2026-09-05T15:04:17.564288+00:00,2026-09-05T15:04:02Z,fanduel,-1.5,-105,-115,-118.0,100.0,47.5,-115,-105,,,,,,,True,,,odds_api,free
2026_NFL_W16_BUF_DEN_draftkings_20260905T150417Z,2026_NFL_W16_BUF_DEN,2026-09-05T15:04:17.564288+00:00,2026-09-05T15:02:05Z,draftkings,1.5,-105,-115,110.0,-130.0,46.5,-110,-110,,,,,,,True,,,odds_api,free
2026_NFL_W16_BUF_DEN_fanduel_20260905T150417Z,2026_NFL_W16_BUF_DEN,2026-09-05T15:04:17.564288+00:00,2026-09-05T15:04:02Z,fanduel,1.5,-105,-115,112.0,-132.0,46.5,-115,-105,,,,,,,True,,,odds_api,free
2026_NFL_W16_LAR_SEA_draftkings_20260905T150417Z,2026_NFL_W16_LAR_SEA,2026-09-05T15:04:17.564288+00:00,2026-09-05T15:02:05Z,draftkings,-1.5,-115,-105,-130.0,110.0,47.5,-110,-110,,,,,,,True,,,odds_api,free
2026_NFL_W16_LAR_SEA_fanduel_20260905T150417Z,2026_NFL_W16_LAR_SEA,2026-09-05T15:04:17.564288+00:00,2026-09-05T15:04:02Z,fanduel,1.5,-115,-105,100.0,-118.0,45.5,-110,-110,,,,,,,True,,,odds_api,free
2026_NFL_W16_ARI_NO_draftkings_20260905T150417Z,2026_NFL_W16_ARI_NO,2026-09-05T15:04:17.564288+00:00,2026-09-05T15:02:05Z,draftkings,-5.5,-110,-110,-250.0,205.0,44.5,-110,-110,,,,,,,True,,,odds_api,free
2026_NFL_W16_ARI_NO_betus_20260905T150417Z,2026_NFL_W16_ARI_NO,2026-09-05T15:04:17.564288+00:00,2026-09-05T15:03:34Z,betus,-5.5,-110,-110,,,44.5,-110,-110,,,,,,,True,,,odds_api,free
2026_NFL_W16_TB_ATL_draftkings_20260905T150417Z,2026_NFL_W16_TB_ATL,2026-09-05T15:04:17.564288+00:00,2026-09-05T15:02:05Z,draftkings,1.5,-110,-110,105.0,-125.0,45.5,-110,-110,,,,,,,True,,,odds_api,free
2026_NFL_W16_CLE_BAL_draftkings_20260905T150417Z,2026_NFL_W16_CLE_BAL,2026-09-05T15:04:17.564288+00:00,2026-09-05T15:02:05Z,draftkings,-10.0,-110,-110,-425.0,330.0,43.5,-110,-110,,,,,,,True,,,odds_api,free
2026_NFL_W16_CLE_BAL_betus_20260905T150417Z,2026_NFL_W16_CLE_BAL,2026-09-05T15:04:17.564288+00:00,2026-09-05T15:03:34Z,betus,-9.5,-110,-110,,,43.5,-110,-110,,,,,,,True,,,odds_api,free
2026_NFL_W16_CAR_PIT_draftkings_20260905T150417Z,2026_NFL_W16_CAR_PIT,2026-09-05T15:04:17.564288+00:00,2026-09-05T15:02:05Z,draftkings,-3.5,-110,-110,-192.0,160.0,41.5,-110,-110,,,,,,,True,,,odds_api,free
2026_NFL_W16_CAR_PIT_betus_20260905T150417Z,2026_NFL_W16_CAR_PIT,2026-09-05T15:04:17.564288+00:00,2026-09-05T15:03:34Z,betus,-3.5,-110,-110,,,41.5,-110,-110,,,,,,,True,,,odds_api,free
2026_NFL_W16_CIN_IND_draftkings_20260905T150417Z,2026_NFL_W16_CIN_IND,2026-09-05T15:04:17.564288+00:00,2026-09-05T15:02:05Z,draftkings,1.5,-110,-110,102.0,-122.0,52.5,-110,-110,,,,,,,True,,,odds_api,free
2026_NFL_W16_CIN_IND_betus_20260905T150417Z,2026_NFL_W16_CIN_IND,2026-09-05T15:04:17.564288+00:00,2026-09-05T15:03:34Z,betus,1.5,-110,-110,,,52.5,-110,-110,,,,,,,True,,,odds_api,free
2026_NFL_W16_TEN_LV_draftkings_20260905T150417Z,2026_NFL_W16_TEN_LV,2026-09-05T15:04:17.564288+00:00,2026-09-05T15:02:05Z,draftkings,-1.5,-110,-110,-125.0,105.0,42.5,-110,-110,,,,,,,True,,,odds_api,free
2026_NFL_W16_LAC_MIA_draftkings_20260905T150417Z,2026_NFL_W16_LAC_MIA,2026-09-05T15:04:17.564288+00:00,2026-09-05T15:02:05Z,draftkings,7.0,-108,-112,285.0,-360.0,45.5,-110,-110,,,,,,,True,,,odds_api,free
2026_NFL_W16_WAS_MIN_draftkings_20260905T150417Z,2026_NFL_W16_WAS_MIN,2026-09-05T15:04:17.564288+00:00,2026-09-05T15:02:05Z,draftkings,-2.5,-110,-110,-135.0,114.0,46.5,-110,-110,,,,,,,True,,,odds_api,free
2026_NFL_W16_WAS_MIN_betus_20260905T150417Z,2026_NFL_W16_WAS_MIN,2026-09-05T15:04:17.564288+00:00,2026-09-05T15:03:34Z,betus,-2.5,-110,-110,,,46.5,-110,-110,,,,,,,True,,,odds_api,free
2026_NFL_W16_NE_NYJ_draftkings_20260905T150417Z,2026_NFL_W16_NE_NYJ,2026-09-05T15:04:17.564288+00:00,2026-09-05T15:02:05Z,draftkings,6.5,-110,-110,225.0,-278.0,40.5,-110,-110,,,,,,,True,,,odds_api,free
2026_NFL_W16_SF_KC_draftkings_20260905T150417Z,2026_NFL_W16_SF_KC,2026-09-05T15:04:17.564288+00:00,2026-09-05T15:02:05Z,draftkings,-3.0,-102,-118,-162.0,136.0,46.5,-110,-110,,,,,,,True,,,odds_api,free
2026_NFL_W16_SF_KC_betus_20260905T150417Z,2026_NFL_W16_SF_KC,2026-09-05T15:04:17.564288+00:00,2026-09-05T15:03:34Z,betus,-2.5,-120,100,,,46.5,-110,-110,,,,,,,True,,,odds_api,free
2026_NFL_W16_JAX_DAL_draftkings_20260905T150417Z,2026_NFL_W16_JAX_DAL,2026-09-05T15:04:17.564288+00:00,2026-09-05T15:02:05Z,draftkings,-3.0,-102,-118,-162.0,136.0,51.5,-110,-110,,,,,,,True,,,odds_api,free
2026_NFL_W16_NYG_DET_draftkings_20260905T150417Z,2026_NFL_W16_NYG_DET,2026-09-05T15:04:17.564288+00:00,2026-09-05T15:02:05Z,draftkings,-4.5,-110,-110,-205.0,170.0,49.5,-110,-110,,,,,,,True,,,odds_api,free
2026_NFL_W16_HOU_PHI_draftkings_20260906T131237Z,2026_NFL_W16_HOU_PHI,2026-09-06T13:12:37.997844+00:00,2026-09-06T13:10:40Z,draftkings,-2.5,-108,-112,-135.0,114.0,37.5,-110,-110,,,,,,,True,,,odds_api,free
2026_NFL_W16_HOU_PHI_fanduel_20260906T131237Z,2026_NFL_W16_HOU_PHI,2026-09-06T13:12:37.997844+00:00,2026-09-06T13:12:28Z,fanduel,-2.5,-105,-115,-132.0,112.0,38.5,-104,-118,,,,,,,True,,,odds_api,free
2026_NFL_W16_GB_CHI_draftkings_20260906T131237Z,2026_NFL_W16_GB_CHI,2026-09-06T13:12:37.997844+00:00,2026-09-06T13:10:40Z,draftkings,-1.5,-105,-115,-118.0,-102.0,47.5,-110,-110,,,,,,,True,,,odds_api,free
2026_NFL_W16_GB_CHI_fanduel_20260906T131237Z,2026_NFL_W16_GB_CHI,2026-09-06T13:12:37.997844+00:00,2026-09-06T13:12:28Z,fanduel,-1.5,-105,-115,-118.0,100.0,47.5,-115,-105,,,,,,,True,,,odds_api,free
2026_NFL_W16_BUF_DEN_draftkings_20260906T131237Z,2026_NFL_W16_BUF_DEN,2026-09-06T13:12:37.997844+00:00,2026-09-06T13:10:40Z,draftkings,1.5,-105,-115,110.0,-130.0,46.5,-110,-110,,,,,,,True,,,odds_api,free
2026_NFL_W16_BUF_DEN_fanduel_20260906T131237Z,2026_NFL_W16_BUF_DEN,2026-09-06T13:12:37.997844+00:00,2026-09-06T13:12:28Z,fanduel,1.5,-105,-115,112.0,-132.0,46.5,-115,-105,,,,,,,True,,,odds_api,free
2026_NFL_W16_LAR_SEA_draftkings_20260906T131237Z,2026_NFL_W16_LAR_SEA,2026-09-06T13:12:37.997844+00:00,2026-09-06T13:10:40Z,draftkings,-1.5,-115,-105,-130.0,110.0,47.5,-110,-110,,,,,,,True,,,odds_api,free
2026_NFL_W16_LAR_SEA_fanduel_20260906T131237Z,2026_NFL_W16_LAR_SEA,2026-09-06T13:12:37.997844+00:00,2026-09-06T13:12:28Z,fanduel,1.5,-115,-105,100.0,-118.0,45.5,-110,-110,,,,,,,True,,,odds_api,free
2026_NFL_W16_ARI_NO_draftkings_20260906T131237Z,2026_NFL_W16_ARI_NO,2026-09-06T13:12:37.997844+00:00,2026-09-06T13:10:40Z,draftkings,-5.5,-110,-110,-250.0,205.0,44.5,-110,-110,,,,,,,True,,,odds_api,free
2026_NFL_W16_ARI_NO_betus_20260906T131237Z,2026_NFL_W16_ARI_NO,2026-09-06T13:12:37.997844+00:00,2026-09-06T13:11:33Z,betus,-5.5,-110,-110,,,44.5,-110,-110,,,,,,,True,,,odds_api,free
2026_NFL_W16_TB_ATL_draftkings_20260906T131237Z,2026_NFL_W16_TB_ATL,2026-09-06T13:12:37.997844+00:00,2026-09-06T13:10:40Z,draftkings,1.5,-110,-110,105.0,-125.0,45.5,-110,-110,,,,,,,True,,,odds_api,free
2026_NFL_W16_CLE_BAL_draftkings_20260906T131237Z,2026_NFL_W16_CLE_BAL,2026-09-06T13:12:37.997844+00:00,2026-09-06T13:10:40Z,draftkings,-10.0,-110,-110,-425.0,330.0,43.5,-110,-110,,,,,,,True,,,odds_api,free
2026_NFL_W16_CLE_BAL_betus_20260906T131237Z,2026_NFL_W16_CLE_BAL,2026-09-06T13:12:37.997844+00:00,2026-09-06T13:11:33Z,betus,-9.5,-110,-110,,,43.5,-110,-110,,,,,,,True,,,odds_api,free
2026_NFL_W16_CAR_PIT_draftkings_20260906T131237Z,2026_NFL_W16_CAR_PIT,2026-09-06T13:12:37.997844+00:00,2026-09-06T13:10:40Z,draftkings,-3.5,-110,-110,-192.0,160.0,41.5,-110,-110,,,,,,,True,,,odds_api,free
2026_NFL_W16_CAR_PIT_betus_20260906T131237Z,2026_NFL_W16_CAR_PIT,2026-09-06T13:12:37.997844+00:00,2026-09-06T13:11:33Z,betus,-3.5,-110,-110,,,41.5,-110,-110,,,,,,,True,,,odds_api,free
2026_NFL_W16_CIN_IND_draftkings_20260906T131237Z,2026_NFL_W16_CIN_IND,2026-09-06T13:12:37.997844+00:00,2026-09-06T13:10:40Z,draftkings,1.5,-110,-110,102.0,-122.0,52.5,-110,-110,,,,,,,True,,,odds_api,free
2026_NFL_W16_CIN_IND_betus_20260906T131237Z,2026_NFL_W16_CIN_IND,2026-09-06T13:12:37.997844+00:00,2026-09-06T13:11:33Z,betus,1.5,-110,-110,,,52.5,-110,-110,,,,,,,True,,,odds_api,free
2026_NFL_W16_TEN_LV_draftkings_20260906T131237Z,2026_NFL_W16_TEN_LV,2026-09-06T13:12:37.997844+00:00,2026-09-06T13:10:40Z,draftkings,-1.5,-110,-110,-125.0,105.0,42.5,-110,-110,,,,,,,True,,,odds_api,free
2026_NFL_W16_LAC_MIA_draftkings_20260906T131237Z,2026_NFL_W16_LAC_MIA,2026-09-06T13:12:37.997844+00:00,2026-09-06T13:10:40Z,draftkings,7.0,-108,-112,285.0,-360.0,45.5,-110,-110,,,,,,,True,,,odds_api,free
2026_NFL_W16_WAS_MIN_draftkings_20260906T131237Z,2026_NFL_W16_WAS_MIN,2026-09-06T13:12:37.997844+00:00,2026-09-06T13:10:40Z,draftkings,-2.5,-110,-110,-135.0,114.0,46.5,-110,-110,,,,,,,True,,,odds_api,free
2026_NFL_W16_WAS_MIN_betus_20260906T131237Z,2026_NFL_W16_WAS_MIN,2026-09-06T13:12:37.997844+00:00,2026-09-06T13:11:33Z,betus,-2.5,-110,-110,,,46.5,-110,-110,,,,,,,True,,,odds_api,free
2026_NFL_W16_NE_NYJ_draftkings_20260906T131237Z,2026_NFL_W16_NE_NYJ,2026-09-06T13:12:37.997844+00:00,2026-09-06T13:10:40Z,draftkings,6.5,-110,-110,225.0,-278.0,40.5,-110,-110,,,,,,,True,,,odds_api,free
2026_NFL_W16_SF_KC_draftkings_20260906T131237Z,2026_NFL_W16_SF_KC,2026-09-06T13:12:37.997844+00:00,2026-09-06T13:10:40Z,draftkings,-3.0,100,-120,-162.0,136.0,46.5,-110,-110,,,,,,,True,,,odds_api,free
2026_NFL_W16_SF_KC_betus_20260906T131237Z,2026_NFL_W16_SF_KC,2026-09-06T13:12:37.997844+00:00,2026-09-06T13:11:33Z,betus,-2.5,-120,100,,,46.5,-110,-110,,,,,,,True,,,odds_api,free
2026_NFL_W16_JAX_DAL_draftkings_20260906T131237Z,2026_NFL_W16_JAX_DAL,2026-09-06T13:12:37.997844+00:00,2026-09-06T13:10:40Z,draftkings,-3.0,-102,-118,-162.0,136.0,51.5,-110,-110,,,,,,,True,,,odds_api,free
2026_NFL_W16_NYG_DET_draftkings_20260906T131237Z,2026_NFL_W16_NYG_DET,2026-09-06T13:12:37.997844+00:00,2026-09-06T13:10:40Z,draftkings,-4.5,-110,-110,-205.0,170.0,49.5,-110,-110,,,,,,,True,,,odds_api,free
2026_NFL_W16_HOU_PHI_draftkings_20260906T151245Z,2026_NFL_W16_HOU_PHI,2026-09-06T15:12:45.089623+00:00,2026-09-06T15:10:34Z,draftkings,-2.5,-108,-112,-135.0,114.0,37.5,-110,-110,,,,,,,True,,,odds_api,free
2026_NFL_W16_HOU_PHI_fanduel_20260906T151245Z,2026_NFL_W16_HOU_PHI,2026-09-06T15:12:45.089623+00:00,2026-09-06T15:12:25Z,fanduel,-2.5,-105,-115,-132.0,112.0,38.5,-104,-118,,,,,,,True,,,odds_api,free
2026_NFL_W16_GB_CHI_draftkings_20260906T151245Z,2026_NFL_W16_GB_CHI,2026-09-06T15:12:45.089623+00:00,2026-09-06T15:10:34Z,draftkings,-1.5,-105,-115,-118.0,-102.0,47.5,-110,-110,,,,,,,True,,,odds_api,free
2026_NFL_W16_GB_CHI_fanduel_20260906T151245Z,2026_NFL_W16_GB_CHI,2026-09-06T15:12:45.089623+00:00,2026-09-06T15:12:25Z,fanduel,-1.5,-105,-115,-118.0,100.0,47.5,-115,-105,,,,,,,True,,,odds_api,free
2026_NFL_W16_BUF_DEN_draftkings_20260906T151245Z,2026_NFL_W16_BUF_DEN,2026-09-06T15:12:45.089623+00:00,2026-09-06T15:10:34Z,draftkings,1.5,-105,-115,110.0,-130.0,46.5,-110,-110,,,,,,,True,,,odds_api,free
2026_NFL_W16_BUF_DEN_fanduel_20260906T151245Z,2026_NFL_W16_BUF_DEN,2026-09-06T15:12:45.089623+00:00,2026-09-06T15:12:25Z,fanduel,1.5,-105,-115,112.0,-132.0,46.5,-115,-105,,,,,,,True,,,odds_api,free
2026_NFL_W16_LAR_SEA_draftkings_20260906T151245Z,2026_NFL_W16_LAR_SEA,2026-09-06T15:12:45.089623+00:00,2026-09-06T15:10:34Z,draftkings,-1.5,-115,-105,-130.0,110.0,47.5,-110,-110,,,,,,,True,,,odds_api,free
2026_NFL_W16_LAR_SEA_fanduel_20260906T151245Z,2026_NFL_W16_LAR_SEA,2026-09-06T15:12:45.089623+00:00,2026-09-06T15:12:25Z,fanduel,1.5,-115,-105,100.0,-118.0,45.5,-110,-110,,,,,,,True,,,odds_api,free
2026_NFL_W16_ARI_NO_draftkings_20260906T151245Z,2026_NFL_W16_ARI_NO,2026-09-06T15:12:45.089623+00:00,2026-09-06T15:10:34Z,draftkings,-5.5,-110,-110,-250.0,205.0,44.5,-110,-110,,,,,,,True,,,odds_api,free
2026_NFL_W16_ARI_NO_betus_20260906T151245Z,2026_NFL_W16_ARI_NO,2026-09-06T15:12:45.089623+00:00,2026-09-06T15:11:39Z,betus,-5.5,-110,-110,,,44.5,-110,-110,,,,,,,True,,,odds_api,free
2026_NFL_W16_TB_ATL_draftkings_20260906T151245Z,2026_NFL_W16_TB_ATL,2026-09-06T15:12:45.089623+00:00,2026-09-06T15:10:34Z,draftkings,1.5,-110,-110,105.0,-125.0,45.5,-110,-110,,,,,,,True,,,odds_api,free
2026_NFL_W16_CLE_BAL_draftkings_20260906T151245Z,2026_NFL_W16_CLE_BAL,2026-09-06T15:12:45.089623+00:00,2026-09-06T15:10:34Z,draftkings,-10.0,-110,-110,-425.0,330.0,43.5,-110,-110,,,,,,,True,,,odds_api,free
2026_NFL_W16_CLE_BAL_betus_20260906T151245Z,2026_NFL_W16_CLE_BAL,2026-09-06T15:12:45.089623+00:00,2026-09-06T15:11:39Z,betus,-9.5,-110,-110,,,43.5,-110,-110,,,,,,,True,,,odds_api,free
2026_NFL_W16_CAR_PIT_draftkings_20260906T151245Z,2026_NFL_W16_CAR_PIT,2026-09-06T15:12:45.089623+00:00,2026-09-06T15:10:34Z,draftkings,-3.5,-110,-110,-192.0,160.0,41.5,-110,-110,,,,,,,True,,,odds_api,free
2026_NFL_W16_CAR_PIT_betus_20260906T151245Z,2026_NFL_W16_CAR_PIT,2026-09-06T15:12:45.089623+00:00,2026-09-06T15:11:39Z,betus,-3.5,-110,-110,,,41.5,-110,-110,,,,,,,True,,,odds_api,free
2026_NFL_W16_CIN_IND_draftkings_20260906T151245Z,2026_NFL_W16_CIN_IND,2026-09-06T15:12:45.089623+00:00,2026-09-06T15:10:34Z,draftkings,1.5,-110,-110,102.0,-122.0,52.5,-110,-110,,,,,,,True,,,odds_api,free
2026_NFL_W16_CIN_IND_betus_20260906T151245Z,2026_NFL_W16_CIN_IND,2026-09-06T15:12:45.089623+00:00,2026-09-06T15:11:39Z,betus,1.5,-110,-110,,,52.5,-110,-110,,,,,,,True,,,odds_api,free
2026_NFL_W16_TEN_LV_draftkings_20260906T151245Z,2026_NFL_W16_TEN_LV,2026-09-06T15:12:45.089623+00:00,2026-09-06T15:10:34Z,draftkings,-1.5,-110,-110,-125.0,105.0,42.5,-110,-110,,,,,,,True,,,odds_api,free
2026_NFL_W16_LAC_MIA_draftkings_20260906T151245Z,2026_NFL_W16_LAC_MIA,2026-09-06T15:12:45.089623+00:00,2026-09-06T15:10:34Z,draftkings,7.0,-108,-112,285.0,-360.0,45.5,-110,-110,,,,,,,True,,,odds_api,free
2026_NFL_W16_WAS_MIN_draftkings_20260906T151245Z,2026_NFL_W16_WAS_MIN,2026-09-06T15:12:45.089623+00:00,2026-09-06T15:10:34Z,draftkings,-2.5,-110,-110,-135.0,114.0,46.5,-110,-110,,,,,,,True,,,odds_api,free
2026_NFL_W16_WAS_MIN_betus_20260906T151245Z,2026_NFL_W16_WAS_MIN,2026-09-06T15:12:45.089623+00:00,2026-09-06T15:11:39Z,betus,-2.5,-110,-110,,,46.5,-110,-110,,,,,,,True,,,odds_api,free
2026_NFL_W16_NE_NYJ_draftkings_20260906T151245Z,2026_NFL_W16_NE_NYJ,2026-09-06T15:12:45.089623+00:00,2026-09-06T15:10:34Z,draftkings,6.5,-110,-110,225.0,-278.0,40.5,-110,-110,,,,,,,True,,,odds_api,free
2026_NFL_W16_SF_KC_draftkings_20260906T151245Z,2026_NFL_W16_SF_KC,2026-09-06T15:12:45.089623+00:00,2026-09-06T15:10:34Z,draftkings,-3.0,100,-120,-162.0,136.0,46.5,-110,-110,,,,,,,True,,,odds_api,free
2026_NFL_W16_SF_KC_betus_20260906T151245Z,2026_NFL_W16_SF_KC,2026-09-06T15:12:45.089623+00:00,2026-09-06T15:11:39Z,betus,-2.5,-120,100,,,46.5,-110,-110,,,,,,,True,,,odds_api,free
2026_NFL_W16_JAX_DAL_draftkings_20260906T151245Z,2026_NFL_W16_JAX_DAL,2026-09-06T15:12:45.089623+00:00,2026-09-06T15:10:34Z,draftkings,-3.0,-102,-118,-162.0,136.0,51.5,-110,-110,,,,,,,True,,,odds_api,free
2026_NFL_W16_NYG_DET_draftkings_20260906T151245Z,2026_NFL_W16_NYG_DET,2026-09-06T15:12:45.089623+00:00,2026-09-06T15:10:34Z,draftkings,-4.5,-110,-110,-205.0,170.0,49.5,-110,-110,,,,,,,True,,,odds_api,free
2026_NFL_W16_HOU_PHI_draftkings_20260906T161247Z,2026_NFL_W16_HOU_PHI,2026-09-06T16:12:47.501655+00:00,2026-09-06T16:11:55Z,draftkings,-2.5,-108,-112,-135.0,114.0,37.5,-110,-110,,,,,,,True,,,odds_api,free
2026_NFL_W16_HOU_PHI_fanduel_20260906T161247Z,2026_NFL_W16_HOU_PHI,2026-09-06T16:12:47.501655+00:00,2026-09-06T16:12:16Z,fanduel,-2.5,-105,-115,-132.0,112.0,38.5,-104,-118,,,,,,,True,,,odds_api,free
2026_NFL_W16_GB_CHI_draftkings_20260906T161247Z,2026_NFL_W16_GB_CHI,2026-09-06T16:12:47.501655+00:00,2026-09-06T16:11:55Z,draftkings,-1.5,-105,-115,-118.0,-102.0,47.5,-110,-110,,,,,,,True,,,odds_api,free
2026_NFL_W16_GB_CHI_fanduel_20260906T161247Z,2026_NFL_W16_GB_CHI,2026-09-06T16:12:47.501655+00:00,2026-09-06T16:12:16Z,fanduel,-1.5,-105,-115,-118.0,100.0,47.5,-115,-105,,,,,,,True,,,odds_api,free
2026_NFL_W16_BUF_DEN_draftkings_20260906T161247Z,2026_NFL_W16_BUF_DEN,2026-09-06T16:12:47.501655+00:00,2026-09-06T16:11:55Z,draftkings,1.5,-105,-115,110.0,-130.0,46.5,-110,-110,,,,,,,True,,,odds_api,free
2026_NFL_W16_BUF_DEN_fanduel_20260906T161247Z,2026_NFL_W16_BUF_DEN,2026-09-06T16:12:47.501655+00:00,2026-09-06T16:12:16Z,fanduel,1.5,-105,-115,112.0,-132.0,46.5,-115,-105,,,,,,,True,,,odds_api,free
2026_NFL_W16_LAR_SEA_draftkings_20260906T161247Z,2026_NFL_W16_LAR_SEA,2026-09-06T16:12:47.501655+00:00,2026-09-06T16:11:55Z,draftkings,-1.5,-115,-105,-130.0,110.0,47.5,-110,-110,,,,,,,True,,,odds_api,free
2026_NFL_W16_LAR_SEA_fanduel_20260906T161247Z,2026_NFL_W16_LAR_SEA,2026-09-06T16:12:47.501655+00:00,2026-09-06T16:12:16Z,fanduel,1.5,-115,-105,100.0,-118.0,45.5,-110,-110,,,,,,,True,,,odds_api,free
2026_NFL_W16_ARI_NO_draftkings_20260906T161247Z,2026_NFL_W16_ARI_NO,2026-09-06T16:12:47.501655+00:00,2026-09-06T16:11:55Z,draftkings,-5.5,-110,-110,-250.0,205.0,44.5,-110,-110,,,,,,,True,,,odds_api,free
2026_NFL_W16_ARI_NO_betus_20260906T161247Z,2026_NFL_W16_ARI_NO,2026-09-06T16:12:47.501655+00:00,2026-09-06T16:11:54Z,betus,-5.5,-110,-110,,,44.5,-110,-110,,,,,,,True,,,odds_api,free
2026_NFL_W16_TB_ATL_draftkings_20260906T161247Z,2026_NFL_W16_TB_ATL,2026-09-06T16:12:47.501655+00:00,2026-09-06T16:11:55Z,draftkings,1.5,-110,-110,105.0,-125.0,45.5,-110,-110,,,,,,,True,,,odds_api,free
2026_NFL_W16_CLE_BAL_draftkings_20260906T161247Z,2026_NFL_W16_CLE_BAL,2026-09-06T16:12:47.501655+00:00,2026-09-06T16:11:55Z,draftkings,-10.0,-110,-110,-425.0,330.0,43.5,-110,-110,,,,,,,True,,,odds_api,free
2026_NFL_W16_CLE_BAL_betus_20260906T161247Z,2026_NFL_W16_CLE_BAL,2026-09-06T16:12:47.501655+00:00,2026-09-06T16:11:54Z,betus,-9.5,-110,-110,,,43.5,-110,-110,,,,,,,True,,,odds_api,free
2026_NFL_W16_CAR_PIT_draftkings_20260906T161247Z,2026_NFL_W16_CAR_PIT,2026-09-06T16:12:47.501655+00:00,2026-09-06T16:11:55Z,draftkings,-3.5,-110,-110,-192.0,160.0,41.5,-110,-110,,,,,,,True,,,odds_api,free
2026_NFL_W16_CAR_PIT_betus_20260906T161247Z,2026_NFL_W16_CAR_PIT,2026-09-06T16:12:47.501655+00:00,2026-09-06T16:11:54Z,betus,-3.5,-110,-110,,,41.5,-110,-110,,,,,,,True,,,odds_api,free
2026_NFL_W16_CIN_IND_draftkings_20260906T161247Z,2026_NFL_W16_CIN_IND,2026-09-06T16:12:47.501655+00:00,2026-09-06T16:11:55Z,draftkings,1.5,-110,-110,102.0,-122.0,52.5,-110,-110,,,,,,,True,,,odds_api,free
2026_NFL_W16_CIN_IND_betus_20260906T161247Z,2026_NFL_W16_CIN_IND,2026-09-06T16:12:47.501655+00:00,2026-09-06T16:11:54Z,betus,1.5,-110,-110,,,52.5,-110,-110,,,,,,,True,,,odds_api,free
2026_NFL_W16_TEN_LV_draftkings_20260906T161247Z,2026_NFL_W16_TEN_LV,2026-09-06T16:12:47.501655+00:00,2026-09-06T16:11:55Z,draftkings,-1.5,-110,-110,-125.0,105.0,42.5,-110,-110,,,,,,,True,,,odds_api,free
2026_NFL_W16_LAC_MIA_draftkings_20260906T161247Z,2026_NFL_W16_LAC_MIA,2026-09-06T16:12:47.501655+00:00,2026-09-06T16:11:55Z,draftkings,7.0,-108,-112,285.0,-360.0,45.5,-110,-110,,,,,,,True,,,odds_api,free
2026_NFL_W16_WAS_MIN_draftkings_20260906T161247Z,2026_NFL_W16_WAS_MIN,2026-09-06T16:12:47.501655+00:00,2026-09-06T16:11:55Z,draftkings,-2.5,-110,-110,-135.0,114.0,46.5,-110,-110,,,,,,,True,,,odds_api,free
2026_NFL_W16_WAS_MIN_betus_20260906T161247Z,2026_NFL_W16_WAS_MIN,2026-09-06T16:12:47.501655+00:00,2026-09-06T16:11:54Z,betus,-2.5,-110,-110,,,46.5,-110,-110,,,,,,,True,,,odds_api,free
2026_NFL_W16_NE_NYJ_draftkings_20260906T161247Z,2026_NFL_W16_NE_NYJ,2026-09-06T16:12:47.501655+00:00,2026-09-06T16:11:55Z,draftkings,6.5,-110,-110,225.0,-278.0,40.5,-110,-110,,,,,,,True,,,odds_api,free
2026_NFL_W16_SF_KC_draftkings_20260906T161247Z,2026_NFL_W16_SF_KC,2026-09-06T16:12:47.501655+00:00,2026-09-06T16:11:55Z,draftkings,-3.0,100,-120,-162.0,136.0,46.5,-110,-110,,,,,,,True,,,odds_api,free
2026_NFL_W16_SF_KC_betus_20260906T161247Z,2026_NFL_W16_SF_KC,2026-09-06T16:12:47.501655+00:00,2026-09-06T16:11:54Z,betus,-2.5,-120,100,,,46.5,-110,-110,,,,,,,True,,,odds_api,free
2026_NFL_W16_JAX_DAL_draftkings_20260906T161247Z,2026_NFL_W16_JAX_DAL,2026-09-06T16:12:47.501655+00:00,2026-09-06T16:11:55Z,draftkings,-3.0,-102,-118,-162.0,136.0,51.5,-110,-110,,,,,,,True,,,odds_api,free
2026_NFL_W16_NYG_DET_draftkings_20260906T161247Z,2026_NFL_W16_NYG_DET,2026-09-06T16:12:47.501655+00:00,2026-09-06T16:11:55Z,draftkings,-4.5,-110,-110,-205.0,170.0,49.5,-110,-110,,,,,,,True,,,odds_api,free
2026_NFL_W16_HOU_PHI_draftkings_20260906T181240Z,2026_NFL_W16_HOU_PHI,2026-09-06T18:12:40.628291+00:00,2026-09-06T18:11:38Z,draftkings,-2.5,-108,-112,-135.0,114.0,37.5,-110,-110,,,,,,,True,,,odds_api,free
2026_NFL_W16_HOU_PHI_fanduel_20260906T181240Z,2026_NFL_W16_HOU_PHI,2026-09-06T18:12:40.628291+00:00,2026-09-06T18:12:24Z,fanduel,-2.5,-105,-115,-132.0,112.0,38.5,-104,-118,,,,,,,True,,,odds_api,free
2026_NFL_W16_GB_CHI_draftkings_20260906T181240Z,2026_NFL_W16_GB_CHI,2026-09-06T18:12:40.628291+00:00,2026-09-06T18:11:38Z,draftkings,-1.5,-105,-115,-118.0,-102.0,47.5,-110,-110,,,,,,,True,,,odds_api,free
2026_NFL_W16_GB_CHI_fanduel_20260906T181240Z,2026_NFL_W16_GB_CHI,2026-09-06T18:12:40.628291+00:00,2026-09-06T18:12:24Z,fanduel,-1.5,-105,-115,-118.0,100.0,47.5,-115,-105,,,,,,,True,,,odds_api,free
2026_NFL_W16_BUF_DEN_draftkings_20260906T181240Z,2026_NFL_W16_BUF_DEN,2026-09-06T18:12:40.628291+00:00,2026-09-06T18:11:38Z,draftkings,1.5,-105,-115,110.0,-130.0,46.5,-110,-110,,,,,,,True,,,odds_api,free
2026_NFL_W16_BUF_DEN_fanduel_20260906T181240Z,2026_NFL_W16_BUF_DEN,2026-09-06T18:12:40.628291+00:00,2026-09-06T18:12:24Z,fanduel,1.5,-105,-115,112.0,-132.0,46.5,-115,-105,,,,,,,True,,,odds_api,free
2026_NFL_W16_LAR_SEA_draftkings_20260906T181240Z,2026_NFL_W16_LAR_SEA,2026-09-06T18:12:40.628291+00:00,2026-09-06T18:11:38Z,draftkings,-1.5,-115,-105,-130.0,110.0,47.5,-110,-110,,,,,,,True,,,odds_api,free
2026_NFL_W16_LAR_SEA_fanduel_20260906T181240Z,2026_NFL_W16_LAR_SEA,2026-09-06T18:12:40.628291+00:00,2026-09-06T18:12:24Z,fanduel,1.5,-115,-105,100.0,-118.0,45.5,-110,-110,,,,,,,True,,,odds_api,free
2026_NFL_W16_ARI_NO_draftkings_20260906T181240Z,2026_NFL_W16_ARI_NO,2026-09-06T18:12:40.628291+00:00,2026-09-06T18:11:38Z,draftkings,-5.5,-110,-110,-250.0,205.0,44.5,-110,-110,,,,,,,True,,,odds_api,free
2026_NFL_W16_ARI_NO_betus_20260906T181240Z,2026_NFL_W16_ARI_NO,2026-09-06T18:12:40.628291+00:00,2026-09-06T18:12:25Z,betus,-5.5,-110,-110,,,44.5,-110,-110,,,,,,,True,,,odds_api,free
2026_NFL_W16_TB_ATL_draftkings_20260906T181240Z,2026_NFL_W16_TB_ATL,2026-09-06T18:12:40.628291+00:00,2026-09-06T18:11:38Z,draftkings,1.5,-110,-110,105.0,-125.0,45.5,-110,-110,,,,,,,True,,,odds_api,free
2026_NFL_W16_CLE_BAL_draftkings_20260906T181240Z,2026_NFL_W16_CLE_BAL,2026-09-06T18:12:40.628291+00:00,2026-09-06T18:11:38Z,draftkings,-10.0,-110,-110,-425.0,330.0,43.5,-110,-110,,,,,,,True,,,odds_api,free
2026_NFL_W16_CLE_BAL_betus_20260906T181240Z,2026_NFL_W16_CLE_BAL,2026-09-06T18:12:40.628291+00:00,2026-09-06T18:12:25Z,betus,-9.5,-110,-110,,,43.5,-110,-110,,,,,,,True,,,odds_api,free
2026_NFL_W16_CAR_PIT_draftkings_20260906T181240Z,2026_NFL_W16_CAR_PIT,2026-09-06T18:12:40.628291+00:00,2026-09-06T18:11:38Z,draftkings,-3.5,-110,-110,-192.0,160.0,41.5,-110,-110,,,,,,,True,,,odds_api,free
2026_NFL_W16_CAR_PIT_betus_20260906T181240Z,2026_NFL_W16_CAR_PIT,2026-09-06T18:12:40.628291+00:00,2026-09-06T18:12:25Z,betus,-3.5,-110,-110,,,41.5,-110,-110,,,,,,,True,,,odds_api,free
2026_NFL_W16_CIN_IND_draftkings_20260906T181240Z,2026_NFL_W16_CIN_IND,2026-09-06T18:12:40.628291+00:00,2026-09-06T18:11:38Z,draftkings,1.5,-110,-110,102.0,-122.0,52.5,-110,-110,,,,,,,True,,,odds_api,free
2026_NFL_W16_CIN_IND_betus_20260906T181240Z,2026_NFL_W16_CIN_IND,2026-09-06T18:12:40.628291+00:00,2026-09-06T18:12:25Z,betus,1.5,-110,-110,,,52.5,-110,-110,,,,,,,True,,,odds_api,free
2026_NFL_W16_TEN_LV_draftkings_20260906T181240Z,2026_NFL_W16_TEN_LV,2026-09-06T18:12:40.628291+00:00,2026-09-06T18:11:38Z,draftkings,-1.5,-110,-110,-125.0,105.0,42.5,-110,-110,,,,,,,True,,,odds_api,free
2026_NFL_W16_LAC_MIA_draftkings_20260906T181240Z,2026_NFL_W16_LAC_MIA,2026-09-06T18:12:40.628291+00:00,2026-09-06T18:11:38Z,draftkings,7.0,-108,-112,285.0,-360.0,45.5,-110,-110,,,,,,,True,,,odds_api,free
2026_NFL_W16_WAS_MIN_draftkings_20260906T181240Z,2026_NFL_W16_WAS_MIN,2026-09-06T18:12:40.628291+00:00,2026-09-06T18:11:38Z,draftkings,-2.5,-110,-110,-135.0,114.0,46.5,-110,-110,,,,,,,True,,,odds_api,free
2026_NFL_W16_WAS_MIN_betus_20260906T181240Z,2026_NFL_W16_WAS_MIN,2026-09-06T18:12:40.628291+00:00,2026-09-06T18:12:25Z,betus,-2.5,-110,-110,,,46.5,-110,-110,,,,,,,True,,,odds_api,free
2026_NFL_W16_NE_NYJ_draftkings_20260906T181240Z,2026_NFL_W16_NE_NYJ,2026-09-06T18:12:40.628291+00:00,2026-09-06T18:11:38Z,draftkings,6.5,-110,-110,225.0,-278.0,40.5,-110,-110,,,,,,,True,,,odds_api,free
2026_NFL_W16_SF_KC_draftkings_20260906T181240Z,2026_NFL_W16_SF_KC,2026-09-06T18:12:40.628291+00:00,2026-09-06T18:11:38Z,draftkings,-3.0,100,-120,-162.0,136.0,46.5,-110,-110,,,,,,,True,,,odds_api,free
2026_NFL_W16_SF_KC_betus_20260906T181240Z,2026_NFL_W16_SF_KC,2026-09-06T18:12:40.628291+00:00,2026-09-06T18:12:25Z,betus,-2.5,-120,100,,,46.5,-110,-110,,,,,,,True,,,odds_api,free
2026_NFL_W16_JAX_DAL_draftkings_20260906T181240Z,2026_NFL_W16_JAX_DAL,2026-09-06T18:12:40.628291+00:00,2026-09-06T18:11:38Z,draftkings,-3.0,-102,-118,-162.0,136.0,51.5,-110,-110,,,,,,,True,,,odds_api,free
2026_NFL_W16_NYG_DET_draftkings_20260906T181240Z,2026_NFL_W16_NYG_DET,2026-09-06T18:12:40.628291+00:00,2026-09-06T18:11:38Z,draftkings,-4.5,-110,-110,-205.0,170.0,49.5,-110,-110,,,,,,,True,,,odds_api,free
2026_NFL_W16_HOU_PHI_draftkings_20260906T191240Z,2026_NFL_W16_HOU_PHI,2026-09-06T19:12:40.268761+00:00,2026-09-06T19:11:56Z,draftkings,-2.5,-108,-112,-135.0,114.0,37.5,-110,-110,,,,,,,True,,,odds_api,free
2026_NFL_W16_HOU_PHI_fanduel_20260906T191240Z,2026_NFL_W16_HOU_PHI,2026-09-06T19:12:40.268761+00:00,2026-09-06T19:11:56Z,fanduel,-2.5,-105,-115,-132.0,112.0,38.5,-104,-118,,,,,,,True,,,odds_api,free
2026_NFL_W16_GB_CHI_draftkings_20260906T191240Z,2026_NFL_W16_GB_CHI,2026-09-06T19:12:40.268761+00:00,2026-09-06T19:11:56Z,draftkings,-1.5,-105,-115,-118.0,-102.0,47.5,-110,-110,,,,,,,True,,,odds_api,free
2026_NFL_W16_GB_CHI_fanduel_20260906T191240Z,2026_NFL_W16_GB_CHI,2026-09-06T19:12:40.268761+00:00,2026-09-06T19:11:56Z,fanduel,-1.5,-105,-115,-118.0,100.0,47.5,-115,-105,,,,,,,True,,,odds_api,free
2026_NFL_W16_BUF_DEN_draftkings_20260906T191240Z,2026_NFL_W16_BUF_DEN,2026-09-06T19:12:40.268761+00:00,2026-09-06T19:11:56Z,draftkings,1.5,-105,-115,110.0,-130.0,46.5,-110,-110,,,,,,,True,,,odds_api,free
2026_NFL_W16_BUF_DEN_fanduel_20260906T191240Z,2026_NFL_W16_BUF_DEN,2026-09-06T19:12:40.268761+00:00,2026-09-06T19:11:56Z,fanduel,1.5,-105,-115,112.0,-132.0,46.5,-115,-105,,,,,,,True,,,odds_api,free
2026_NFL_W16_LAR_SEA_draftkings_20260906T191240Z,2026_NFL_W16_LAR_SEA,2026-09-06T19:12:40.268761+00:00,2026-09-06T19:11:56Z,draftkings,-1.5,-115,-105,-130.0,110.0,47.5,-110,-110,,,,,,,True,,,odds_api,free
2026_NFL_W16_LAR_SEA_fanduel_20260906T191240Z,2026_NFL_W16_LAR_SEA,2026-09-06T19:12:40.268761+00:00,2026-09-06T19:11:56Z,fanduel,1.5,-115,-105,100.0,-118.0,45.5,-110,-110,,,,,,,True,,,odds_api,free
2026_NFL_W16_ARI_NO_draftkings_20260906T191240Z,2026_NFL_W16_ARI_NO,2026-09-06T19:12:40.268761+00:00,2026-09-06T19:11:57Z,draftkings,-5.5,-110,-110,-250.0,205.0,44.5,-110,-110,,,,,,,True,,,odds_api,free
2026_NFL_W16_ARI_NO_betus_20260906T191240Z,2026_NFL_W16_ARI_NO,2026-09-06T19:12:40.268761+00:00,2026-09-06T19:11:55Z,betus,-5.5,-110,-110,,,44.5,-110,-110,,,,,,,True,,,odds_api,free
2026_NFL_W16_TB_ATL_draftkings_20260906T191240Z,2026_NFL_W16_TB_ATL,2026-09-06T19:12:40.268761+00:00,2026-09-06T19:11:57Z,draftkings,1.5,-110,-110,105.0,-125.0,45.5,-110,-110,,,,,,,True,,,odds_api,free
2026_NFL_W16_CLE_BAL_draftkings_20260906T191240Z,2026_NFL_W16_CLE_BAL,2026-09-06T19:12:40.268761+00:00,2026-09-06T19:11:57Z,draftkings,-10.0,-110,-110,-425.0,330.0,43.5,-110,-110,,,,,,,True,,,odds_api,free
2026_NFL_W16_CLE_BAL_betus_20260906T191240Z,2026_NFL_W16_CLE_BAL,2026-09-06T19:12:40.268761+00:00,2026-09-06T19:11:55Z,betus,-9.5,-110,-110,,,43.5,-110,-110,,,,,,,True,,,odds_api,free
2026_NFL_W16_CAR_PIT_draftkings_20260906T191240Z,2026_NFL_W16_CAR_PIT,2026-09-06T19:12:40.268761+00:00,2026-09-06T19:11:56Z,draftkings,-3.5,-110,-110,-192.0,160.0,41.5,-110,-110,,,,,,,True,,,odds_api,free
2026_NFL_W16_CAR_PIT_betus_20260906T191240Z,2026_NFL_W16_CAR_PIT,2026-09-06T19:12:40.268761+00:00,2026-09-06T19:11:55Z,betus,-3.5,-110,-110,,,41.5,-110,-110,,,,,,,True,,,odds_api,free
2026_NFL_W16_CIN_IND_draftkings_20260906T191240Z,2026_NFL_W16_CIN_IND,2026-09-06T19:12:40.268761+00:00,2026-09-06T19:11:56Z,draftkings,1.5,-110,-110,102.0,-122.0,52.5,-110,-110,,,,,,,True,,,odds_api,free
2026_NFL_W16_CIN_IND_betus_20260906T191240Z,2026_NFL_W16_CIN_IND,2026-09-06T19:12:40.268761+00:00,2026-09-06T19:11:55Z,betus,1.5,-110,-110,,,52.5,-110,-110,,,,,,,True,,,odds_api,free
2026_NFL_W16_TEN_LV_draftkings_20260906T191240Z,2026_NFL_W16_TEN_LV,2026-09-06T19:12:40.268761+00:00,2026-09-06T19:11:57Z,draftkings,-1.5,-110,-110,-125.0,105.0,42.5,-110,-110,,,,,,,True,,,odds_api,free
2026_NFL_W16_LAC_MIA_draftkings_20260906T191240Z,2026_NFL_W16_LAC_MIA,2026-09-06T19:12:40.268761+00:00,2026-09-06T19:11:56Z,draftkings,7.0,-108,-112,285.0,-360.0,45.5,-110,-110,,,,,,,True,,,odds_api,free
2026_NFL_W16_WAS_MIN_draftkings_20260906T191240Z,2026_NFL_W16_WAS_MIN,2026-09-06T19:12:40.268761+00:00,2026-09-06T19:11:57Z,draftkings,-2.5,-110,-110,-135.0,114.0,46.5,-110,-110,,,,,,,True,,,odds_api,free
2026_NFL_W16_WAS_MIN_betus_20260906T191240Z,2026_NFL_W16_WAS_MIN,2026-09-06T19:12:40.268761+00:00,2026-09-06T19:11:55Z,betus,-2.5,-110,-110,,,46.5,-110,-110,,,,,,,True,,,odds_api,free
2026_NFL_W16_NE_NYJ_draftkings_20260906T191240Z,2026_NFL_W16_NE_NYJ,2026-09-06T19:12:40.268761+00:00,2026-09-06T19:11:57Z,draftkings,6.5,-110,-110,225.0,-278.0,40.5,-110,-110,,,,,,,True,,,odds_api,free
2026_NFL_W16_SF_KC_draftkings_20260906T191240Z,2026_NFL_W16_SF_KC,2026-09-06T19:12:40.268761+00:00,2026-09-06T19:11:57Z,draftkings,-3.0,100,-120,-162.0,136.0,46.5,-110,-110,,,,,,,True,,,odds_api,free
2026_NFL_W16_SF_KC_betus_20260906T191240Z,2026_NFL_W16_SF_KC,2026-09-06T19:12:40.268761+00:00,2026-09-06T19:11:55Z,betus,-2.5,-120,100,,,46.5,-110,-110,,,,,,,True,,,odds_api,free
2026_NFL_W16_JAX_DAL_draftkings_20260906T191240Z,2026_NFL_W16_JAX_DAL,2026-09-06T19:12:40.268761+00:00,2026-09-06T19:11:57Z,draftkings,-3.0,-102,-118,-162.0,136.0,51.5,-110,-110,,,,,,,True,,,odds_api,free
2026_NFL_W16_NYG_DET_draftkings_20260906T191240Z,2026_NFL_W16_NYG_DET,2026-09-06T19:12:40.268761+00:00,2026-09-06T19:11:57Z,draftkings,-4.5,-110,-110,-205.0,170.0,49.5,-110,-110,,,,,,,True,,,odds_api,free
2026_NFL_W16_HOU_PHI_draftkings_20260906T211242Z,2026_NFL_W16_HOU_PHI,2026-09-06T21:12:42.927686+00:00,2026-09-06T21:11:53Z,draftkings,-2.5,-108,-112,-135.0,114.0,37.5,-110,-110,,,,,,,True,,,odds_api,free
2026_NFL_W16_HOU_PHI_fanduel_20260906T211242Z,2026_NFL_W16_HOU_PHI,2026-09-06T21:12:42.927686+00:00,2026-09-06T21:12:38Z,fanduel,-2.5,-105,-115,-132.0,112.0,38.5,-104,-118,,,,,,,True,,,odds_api,free
2026_NFL_W16_GB_CHI_draftkings_20260906T211242Z,2026_NFL_W16_GB_CHI,2026-09-06T21:12:42.927686+00:00,2026-09-06T21:11:53Z,draftkings,-1.5,-105,-115,-118.0,-102.0,47.5,-110,-110,,,,,,,True,,,odds_api,free
2026_NFL_W16_GB_CHI_fanduel_20260906T211242Z,2026_NFL_W16_GB_CHI,2026-09-06T21:12:42.927686+00:00,2026-09-06T21:12:38Z,fanduel,-1.5,-105,-115,-118.0,100.0,47.5,-115,-105,,,,,,,True,,,odds_api,free
2026_NFL_W16_BUF_DEN_draftkings_20260906T211242Z,2026_NFL_W16_BUF_DEN,2026-09-06T21:12:42.927686+00:00,2026-09-06T21:11:53Z,draftkings,1.5,-105,-115,110.0,-130.0,46.5,-110,-110,,,,,,,True,,,odds_api,free
2026_NFL_W16_BUF_DEN_fanduel_20260906T211242Z,2026_NFL_W16_BUF_DEN,2026-09-06T21:12:42.927686+00:00,2026-09-06T21:12:38Z,fanduel,1.5,-105,-115,112.0,-132.0,46.5,-115,-105,,,,,,,True,,,odds_api,free
2026_NFL_W16_LAR_SEA_draftkings_20260906T211242Z,2026_NFL_W16_LAR_SEA,2026-09-06T21:12:42.927686+00:00,2026-09-06T21:11:53Z,draftkings,-1.5,-115,-105,-130.0,110.0,47.5,-110,-110,,,,,,,True,,,odds_api,free
2026_NFL_W16_LAR_SEA_fanduel_20260906T211242Z,2026_NFL_W16_LAR_SEA,2026-09-06T21:12:42.927686+00:00,2026-09-06T21:12:38Z,fanduel,1.5,-115,-105,100.0,-118.0,45.5,-110,-110,,,,,,,True,,,odds_api,free
2026_NFL_W16_ARI_NO_draftkings_20260906T211242Z,2026_NFL_W16_ARI_NO,2026-09-06T21:12:42.927686+00:00,2026-09-06T21:11:53Z,draftkings,-5.5,-110,-110,-250.0,205.0,44.5,-110,-110,,,,,,,True,,,odds_api,free
2026_NFL_W16_ARI_NO_betus_20260906T211242Z,2026_NFL_W16_ARI_NO,2026-09-06T21:12:42.927686+00:00,2026-09-06T21:12:39Z,betus,-5.5,-110,-110,,,44.5,-110,-110,,,,,,,True,,,odds_api,free
2026_NFL_W16_TB_ATL_draftkings_20260906T211242Z,2026_NFL_W16_TB_ATL,2026-09-06T21:12:42.927686+00:00,2026-09-06T21:11:53Z,draftkings,1.5,-110,-110,105.0,-125.0,45.5,-110,-110,,,,,,,True,,,odds_api,free
2026_NFL_W16_CLE_BAL_draftkings_20260906T211242Z,2026_NFL_W16_CLE_BAL,2026-09-06T21:12:42.927686+00:00,2026-09-06T21:11:53Z,draftkings,-10.0,-110,-110,-425.0,330.0,43.5,-110,-110,,,,,,,True,,,odds_api,free
2026_NFL_W16_CLE_BAL_betus_20260906T211242Z,2026_NFL_W16_CLE_BAL,2026-09-06T21:12:42.927686+00:00,2026-09-06T21:12:39Z,betus,-9.5,-110,-110,,,43.5,-110,-110,,,,,,,True,,,odds_api,free
2026_NFL_W16_CAR_PIT_draftkings_20260906T211242Z,2026_NFL_W16_CAR_PIT,2026-09-06T21:12:42.927686+00:00,2026-09-06T21:11:53Z,draftkings,-3.5,-110,-110,-192.0,160.0,41.5,-110,-110,,,,,,,True,,,odds_api,free
2026_NFL_W16_CAR_PIT_betus_20260906T211242Z,2026_NFL_W16_CAR_PIT,2026-09-06T21:12:42.927686+00:00,2026-09-06T21:12:39Z,betus,-3.5,-110,-110,,,41.5,-110,-110,,,,,,,True,,,odds_api,free
2026_NFL_W16_CIN_IND_draftkings_20260906T211242Z,2026_NFL_W16_CIN_IND,2026-09-06T21:12:42.927686+00:00,2026-09-06T21:11:53Z,draftkings,1.5,-110,-110,102.0,-122.0,52.5,-110,-110,,,,,,,True,,,odds_api,free
2026_NFL_W16_CIN_IND_betus_20260906T211242Z,2026_NFL_W16_CIN_IND,2026-09-06T21:12:42.927686+00:00,2026-09-06T21:12:39Z,betus,1.5,-110,-110,,,52.5,-110,-110,,,,,,,True,,,odds_api,free
2026_NFL_W16_TEN_LV_draftkings_20260906T211242Z,2026_NFL_W16_TEN_LV,2026-09-06T21:12:42.927686+00:00,2026-09-06T21:11:53Z,draftkings,-1.5,-110,-110,-125.0,105.0,42.5,-110,-110,,,,,,,True,,,odds_api,free
2026_NFL_W16_LAC_MIA_draftkings_20260906T211242Z,2026_NFL_W16_LAC_MIA,2026-09-06T21:12:42.927686+00:00,2026-09-06T21:11:53Z,draftkings,7.0,-108,-112,285.0,-360.0,45.5,-110,-110,,,,,,,True,,,odds_api,free
2026_NFL_W16_WAS_MIN_draftkings_20260906T211242Z,2026_NFL_W16_WAS_MIN,2026-09-06T21:12:42.927686+00:00,2026-09-06T21:11:53Z,draftkings,-2.5,-110,-110,-135.0,114.0,46.5,-110,-110,,,,,,,True,,,odds_api,free
2026_NFL_W16_WAS_MIN_betus_20260906T211242Z,2026_NFL_W16_WAS_MIN,2026-09-06T21:12:42.927686+00:00,2026-09-06T21:12:39Z,betus,-2.5,-110,-110,,,46.5,-110,-110,,,,,,,True,,,odds_api,free
2026_NFL_W16_NE_NYJ_draftkings_20260906T211242Z,2026_NFL_W16_NE_NYJ,2026-09-06T21:12:42.927686+00:00,2026-09-06T21:11:53Z,draftkings,6.5,-110,-110,225.0,-278.0,40.5,-110,-110,,,,,,,True,,,odds_api,free
2026_NFL_W16_SF_KC_draftkings_20260906T211242Z,2026_NFL_W16_SF_KC,2026-09-06T21:12:42.927686+00:00,2026-09-06T21:11:53Z,draftkings,-3.0,100,-120,-162.0,136.0,46.5,-110,-110,,,,,,,True,,,odds_api,free
2026_NFL_W16_SF_KC_betus_20260906T211242Z,2026_NFL_W16_SF_KC,2026-09-06T21:12:42.927686+00:00,2026-09-06T21:12:39Z,betus,-2.5,-120,100,,,46.5,-110,-110,,,,,,,True,,,odds_api,free
2026_NFL_W16_JAX_DAL_draftkings_20260906T211242Z,2026_NFL_W16_JAX_DAL,2026-09-06T21:12:42.927686+00:00,2026-09-06T21:11:53Z,draftkings,-3.0,-102,-118,-162.0,136.0,51.5,-110,-110,,,,,,,True,,,odds_api,free
2026_NFL_W16_NYG_DET_draftkings_20260906T211242Z,2026_NFL_W16_NYG_DET,2026-09-06T21:12:42.927686+00:00,2026-09-06T21:11:53Z,draftkings,-4.5,-110,-110,-205.0,170.0,49.5,-110,-110,,,,,,,True,,,odds_api,free
2026_NFL_W16_HOU_PHI_draftkings_20260906T221238Z,2026_NFL_W16_HOU_PHI,2026-09-06T22:12:38.781007+00:00,2026-09-06T22:11:20Z,draftkings,-2.5,-108,-112,-135.0,114.0,37.5,-110,-110,,,,,,,True,,,odds_api,free
2026_NFL_W16_HOU_PHI_fanduel_20260906T221238Z,2026_NFL_W16_HOU_PHI,2026-09-06T22:12:38.781007+00:00,2026-09-06T22:12:20Z,fanduel,-2.5,-105,-115,-132.0,112.0,38.5,-104,-118,,,,,,,True,,,odds_api,free
2026_NFL_W16_GB_CHI_draftkings_20260906T221238Z,2026_NFL_W16_GB_CHI,2026-09-06T22:12:38.781007+00:00,2026-09-06T22:11:20Z,draftkings,-1.5,-105,-115,-118.0,-102.0,47.5,-110,-110,,,,,,,True,,,odds_api,free
2026_NFL_W16_GB_CHI_fanduel_20260906T221238Z,2026_NFL_W16_GB_CHI,2026-09-06T22:12:38.781007+00:00,2026-09-06T22:12:20Z,fanduel,-1.5,-105,-115,-118.0,100.0,47.5,-115,-105,,,,,,,True,,,odds_api,free
2026_NFL_W16_BUF_DEN_draftkings_20260906T221238Z,2026_NFL_W16_BUF_DEN,2026-09-06T22:12:38.781007+00:00,2026-09-06T22:11:20Z,draftkings,1.5,-105,-115,110.0,-130.0,46.5,-110,-110,,,,,,,True,,,odds_api,free
2026_NFL_W16_BUF_DEN_fanduel_20260906T221238Z,2026_NFL_W16_BUF_DEN,2026-09-06T22:12:38.781007+00:00,2026-09-06T22:12:20Z,fanduel,1.5,-105,-115,112.0,-132.0,46.5,-115,-105,,,,,,,True,,,odds_api,free
2026_NFL_W16_LAR_SEA_draftkings_20260906T221238Z,2026_NFL_W16_LAR_SEA,2026-09-06T22:12:38.781007+00:00,2026-09-06T22:11:20Z,draftkings,-1.5,-115,-105,-130.0,110.0,47.5,-110,-110,,,,,,,True,,,odds_api,free
2026_NFL_W16_LAR_SEA_fanduel_20260906T221238Z,2026_NFL_W16_LAR_SEA,2026-09-06T22:12:38.781007+00:00,2026-09-06T22:12:20Z,fanduel,1.5,-115,-105,100.0,-118.0,45.5,-110,-110,,,,,,,True,,,odds_api,free
2026_NFL_W16_ARI_NO_draftkings_20260906T221238Z,2026_NFL_W16_ARI_NO,2026-09-06T22:12:38.781007+00:00,2026-09-06T22:11:20Z,draftkings,-5.5,-110,-110,-250.0,205.0,44.5,-110,-110,,,,,,,True,,,odds_api,free
2026_NFL_W16_ARI_NO_betus_20260906T221238Z,2026_NFL_W16_ARI_NO,2026-09-06T22:12:38.781007+00:00,2026-09-06T22:11:40Z,betus,-5.5,-110,-110,,,44.5,-110,-110,,,,,,,True,,,odds_api,free
2026_NFL_W16_TB_ATL_draftkings_20260906T221238Z,2026_NFL_W16_TB_ATL,2026-09-06T22:12:38.781007+00:00,2026-09-06T22:11:20Z,draftkings,1.5,-110,-110,105.0,-125.0,45.5,-110,-110,,,,,,,True,,,odds_api,free
2026_NFL_W16_CLE_BAL_draftkings_20260906T221238Z,2026_NFL_W16_CLE_BAL,2026-09-06T22:12:38.781007+00:00,2026-09-06T22:11:20Z,draftkings,-10.0,-110,-110,-425.0,330.0,43.5,-110,-110,,,,,,,True,,,odds_api,free
2026_NFL_W16_CLE_BAL_betus_20260906T221238Z,2026_NFL_W16_CLE_BAL,2026-09-06T22:12:38.781007+00:00,2026-09-06T22:11:40Z,betus,-9.5,-110,-110,,,43.5,-110,-110,,,,,,,True,,,odds_api,free
2026_NFL_W16_CAR_PIT_draftkings_20260906T221238Z,2026_NFL_W16_CAR_PIT,2026-09-06T22:12:38.781007+00:00,2026-09-06T22:11:20Z,draftkings,-3.5,-110,-110,-192.0,160.0,41.5,-110,-110,,,,,,,True,,,odds_api,free
2026_NFL_W16_CAR_PIT_betus_20260906T221238Z,2026_NFL_W16_CAR_PIT,2026-09-06T22:12:38.781007+00:00,2026-09-06T22:11:40Z,betus,-3.5,-110,-110,,,41.5,-110,-110,,,,,,,True,,,odds_api,free
2026_NFL_W16_CIN_IND_draftkings_20260906T221238Z,2026_NFL_W16_CIN_IND,2026-09-06T22:12:38.781007+00:00,2026-09-06T22:11:20Z,draftkings,1.5,-110,-110,102.0,-122.0,52.5,-110,-110,,,,,,,True,,,odds_api,free
2026_NFL_W16_CIN_IND_betus_20260906T221238Z,2026_NFL_W16_CIN_IND,2026-09-06T22:12:38.781007+00:00,2026-09-06T22:11:40Z,betus,1.5,-110,-110,,,52.5,-110,-110,,,,,,,True,,,odds_api,free
2026_NFL_W16_TEN_LV_draftkings_20260906T221238Z,2026_NFL_W16_TEN_LV,2026-09-06T22:12:38.781007+00:00,2026-09-06T22:11:20Z,draftkings,-1.5,-110,-110,-125.0,105.0,42.5,-110,-110,,,,,,,True,,,odds_api,free
2026_NFL_W16_LAC_MIA_draftkings_20260906T221238Z,2026_NFL_W16_LAC_MIA,2026-09-06T22:12:38.781007+00:00,2026-09-06T22:11:20Z,draftkings,7.0,-108,-112,285.0,-360.0,45.5,-110,-110,,,,,,,True,,,odds_api,free
2026_NFL_W16_WAS_MIN_draftkings_20260906T221238Z,2026_NFL_W16_WAS_MIN,2026-09-06T22:12:38.781007+00:00,2026-09-06T22:11:20Z,draftkings,-2.5,-110,-110,-135.0,114.0,46.5,-110,-110,,,,,,,True,,,odds_api,free
2026_NFL_W16_WAS_MIN_betus_20260906T221238Z,2026_NFL_W16_WAS_MIN,2026-09-06T22:12:38.781007+00:00,2026-09-06T22:11:40Z,betus,-2.5,-110,-110,,,46.5,-110,-110,,,,,,,True,,,odds_api,free
2026_NFL_W16_NE_NYJ_draftkings_20260906T221238Z,2026_NFL_W16_NE_NYJ,2026-09-06T22:12:38.781007+00:00,2026-09-06T22:11:20Z,draftkings,6.5,-110,-110,225.0,-278.0,40.5,-110,-110,,,,,,,True,,,odds_api,free
2026_NFL_W16_SF_KC_draftkings_20260906T221238Z,2026_NFL_W16_SF_KC,2026-09-06T22:12:38.781007+00:00,2026-09-06T22:11:20Z,draftkings,-3.0,100,-120,-162.0,136.0,46.5,-110,-110,,,,,,,True,,,odds_api,free
2026_NFL_W16_SF_KC_betus_20260906T221238Z,2026_NFL_W16_SF_KC,2026-09-06T22:12:38.781007+00:00,2026-09-06T22:11:40Z,betus,-2.5,-120,100,,,46.5,-110,-110,,,,,,,True,,,odds_api,free
2026_NFL_W16_JAX_DAL_draftkings_20260906T221238Z,2026_NFL_W16_JAX_DAL,2026-09-06T22:12:38.781007+00:00,2026-09-06T22:11:20Z,draftkings,-3.0,-102,-118,-162.0,136.0,51.5,-110,-110,,,,,,,True,,,odds_api,free
2026_NFL_W16_NYG_DET_draftkings_20260906T221238Z,2026_NFL_W16_NYG_DET,2026-09-06T22:12:38.781007+00:00,2026-09-06T22:11:20Z,draftkings,-4.5,-110,-110,-205.0,170.0,49.5,-110,-110,,,,,,,True,,,odds_api,free
2026_NFL_W16_HOU_PHI_draftkings_20260907T001244Z,2026_NFL_W16_HOU_PHI,2026-09-07T00:12:44.554065+00:00,2026-09-07T00:12:13Z,draftkings,-2.5,-108,-112,-135.0,114.0,37.5,-110,-110,,,,,,,True,,,odds_api,free
2026_NFL_W16_HOU_PHI_fanduel_20260907T001244Z,2026_NFL_W16_HOU_PHI,2026-09-07T00:12:44.554065+00:00,2026-09-07T00:12:30Z,fanduel,-2.5,-105,-115,-132.0,112.0,38.5,-104,-118,,,,,,,True,,,odds_api,free
2026_NFL_W16_GB_CHI_draftkings_20260907T001244Z,2026_NFL_W16_GB_CHI,2026-09-07T00:12:44.554065+00:00,2026-09-07T00:12:13Z,draftkings,-1.5,-105,-115,-118.0,-102.0,47.5,-110,-110,,,,,,,True,,,odds_api,free
2026_NFL_W16_GB_CHI_fanduel_20260907T001244Z,2026_NFL_W16_GB_CHI,2026-09-07T00:12:44.554065+00:00,2026-09-07T00:12:30Z,fanduel,-1.5,-105,-115,-118.0,100.0,47.5,-115,-105,,,,,,,True,,,odds_api,free
2026_NFL_W16_BUF_DEN_draftkings_20260907T001244Z,2026_NFL_W16_BUF_DEN,2026-09-07T00:12:44.554065+00:00,2026-09-07T00:12:13Z,draftkings,1.5,-105,-115,110.0,-130.0,46.5,-110,-110,,,,,,,True,,,odds_api,free
2026_NFL_W16_BUF_DEN_fanduel_20260907T001244Z,2026_NFL_W16_BUF_DEN,2026-09-07T00:12:44.554065+00:00,2026-09-07T00:12:30Z,fanduel,1.5,-105,-115,112.0,-132.0,46.5,-115,-105,,,,,,,True,,,odds_api,free
2026_NFL_W16_LAR_SEA_draftkings_20260907T001244Z,2026_NFL_W16_LAR_SEA,2026-09-07T00:12:44.554065+00:00,2026-09-07T00:12:13Z,draftkings,-1.5,-115,-105,-130.0,110.0,47.5,-110,-110,,,,,,,True,,,odds_api,free
2026_NFL_W16_LAR_SEA_fanduel_20260907T001244Z,2026_NFL_W16_LAR_SEA,2026-09-07T00:12:44.554065+00:00,2026-09-07T00:12:30Z,fanduel,1.5,-115,-105,100.0,-118.0,45.5,-110,-110,,,,,,,True,,,odds_api,free
2026_NFL_W16_ARI_NO_draftkings_20260907T001244Z,2026_NFL_W16_ARI_NO,2026-09-07T00:12:44.554065+00:00,2026-09-07T00:12:13Z,draftkings,-5.5,-110,-110,-250.0,205.0,44.5,-110,-110,,,,,,,True,,,odds_api,free
2026_NFL_W16_ARI_NO_betus_20260907T001244Z,2026_NFL_W16_ARI_NO,2026-09-07T00:12:44.554065+00:00,2026-09-07T00:11:48Z,betus,-5.5,-110,-110,,,44.5,-110,-110,,,,,,,True,,,odds_api,free
2026_NFL_W16_TB_ATL_draftkings_20260907T001244Z,2026_NFL_W16_TB_ATL,2026-09-07T00:12:44.554065+00:00,2026-09-07T00:12:13Z,draftkings,1.5,-110,-110,105.0,-125.0,45.5,-110,-110,,,,,,,True,,,odds_api,free
2026_NFL_W16_CLE_BAL_draftkings_20260907T001244Z,2026_NFL_W16_CLE_BAL,2026-09-07T00:12:44.554065+00:00,2026-09-07T00:12:13Z,draftkings,-10.0,-110,-110,-425.0,330.0,43.5,-110,-110,,,,,,,True,,,odds_api,free
2026_NFL_W16_CLE_BAL_betus_20260907T001244Z,2026_NFL_W16_CLE_BAL,2026-09-07T00:12:44.554065+00:00,2026-09-07T00:11:48Z,betus,-9.5,-110,-110,,,43.5,-110,-110,,,,,,,True,,,odds_api,free
2026_NFL_W16_CAR_PIT_draftkings_20260907T001244Z,2026_NFL_W16_CAR_PIT,2026-09-07T00:12:44.554065+00:00,2026-09-07T00:12:13Z,draftkings,-3.5,-110,-110,-192.0,160.0,41.5,-110,-110,,,,,,,True,,,odds_api,free
2026_NFL_W16_CAR_PIT_betus_20260907T001244Z,2026_NFL_W16_CAR_PIT,2026-09-07T00:12:44.554065+00:00,2026-09-07T00:11:48Z,betus,-3.5,-110,-110,,,41.5,-110,-110,,,,,,,True,,,odds_api,free
2026_NFL_W16_CIN_IND_draftkings_20260907T001244Z,2026_NFL_W16_CIN_IND,2026-09-07T00:12:44.554065+00:00,2026-09-07T00:12:13Z,draftkings,1.5,-110,-110,102.0,-122.0,52.5,-110,-110,,,,,,,True,,,odds_api,free
2026_NFL_W16_CIN_IND_betus_20260907T001244Z,2026_NFL_W16_CIN_IND,2026-09-07T00:12:44.554065+00:00,2026-09-07T00:11:48Z,betus,1.5,-110,-110,,,52.5,-110,-110,,,,,,,True,,,odds_api,free
2026_NFL_W16_TEN_LV_draftkings_20260907T001244Z,2026_NFL_W16_TEN_LV,2026-09-07T00:12:44.554065+00:00,2026-09-07T00:12:13Z,draftkings,-1.5,-110,-110,-125.0,105.0,42.5,-110,-110,,,,,,,True,,,odds_api,free
2026_NFL_W16_LAC_MIA_draftkings_20260907T001244Z,2026_NFL_W16_LAC_MIA,2026-09-07T00:12:44.554065+00:00,2026-09-07T00:12:13Z,draftkings,7.0,-108,-112,285.0,-360.0,45.5,-110,-110,,,,,,,True,,,odds_api,free
2026_NFL_W16_WAS_MIN_draftkings_20260907T001244Z,2026_NFL_W16_WAS_MIN,2026-09-07T00:12:44.554065+00:00,2026-09-07T00:12:13Z,draftkings,-2.5,-110,-110,-135.0,114.0,46.5,-110,-110,,,,,,,True,,,odds_api,free
2026_NFL_W16_WAS_MIN_betus_20260907T001244Z,2026_NFL_W16_WAS_MIN,2026-09-07T00:12:44.554065+00:00,2026-09-07T00:11:48Z,betus,-2.5,-110,-110,,,46.5,-110,-110,,,,,,,True,,,odds_api,free
2026_NFL_W16_NE_NYJ_draftkings_20260907T001244Z,2026_NFL_W16_NE_NYJ,2026-09-07T00:12:44.554065+00:00,2026-09-07T00:12:13Z,draftkings,6.5,-110,-110,225.0,-278.0,40.5,-110,-110,,,,,,,True,,,odds_api,free
2026_NFL_W16_SF_KC_draftkings_20260907T001244Z,2026_NFL_W16_SF_KC,2026-09-07T00:12:44.554065+00:00,2026-09-07T00:12:13Z,draftkings,-3.0,100,-120,-162.0,136.0,46.5,-110,-110,,,,,,,True,,,odds_api,free
2026_NFL_W16_SF_KC_betus_20260907T001244Z,2026_NFL_W16_SF_KC,2026-09-07T00:12:44.554065+00:00,2026-09-07T00:11:48Z,betus,-2.5,-120,100,,,46.5,-110,-110,,,,,,,True,,,odds_api,free
2026_NFL_W16_JAX_DAL_draftkings_20260907T001244Z,2026_NFL_W16_JAX_DAL,2026-09-07T00:12:44.554065+00:00,2026-09-07T00:12:13Z,draftkings,-3.0,-102,-118,-162.0,136.0,51.5,-110,-110,,,,,,,True,,,odds_api,free
2026_NFL_W16_NYG_DET_draftkings_20260907T001244Z,2026_NFL_W16_NYG_DET,2026-09-07T00:12:44.554065+00:00,2026-09-07T00:12:13Z,draftkings,-4.5,-110,-110,-205.0,170.0,49.5,-110,-110,,,,,,,True,,,odds_api,free
2026_NFL_W16_HOU_PHI_draftkings_20260907T141702Z,2026_NFL_W16_HOU_PHI,2026-09-07T14:17:02.106552+00:00,2026-09-07T14:16:02Z,draftkings,-2.5,-108.0,-112.0,-135.0,114.0,37.5,-110,-110,,,,,,,True,,,odds_api,free
2026_NFL_W16_HOU_PHI_fanduel_20260907T141702Z,2026_NFL_W16_HOU_PHI,2026-09-07T14:17:02.106552+00:00,2026-09-07T14:16:53Z,fanduel,-2.5,-105.0,-115.0,-132.0,112.0,38.5,-104,-118,,,,,,,True,,,odds_api,free
2026_NFL_W16_GB_CHI_draftkings_20260907T141702Z,2026_NFL_W16_GB_CHI,2026-09-07T14:17:02.106552+00:00,2026-09-07T14:16:02Z,draftkings,-1.5,-105.0,-115.0,-118.0,-102.0,47.5,-110,-110,,,,,,,True,,,odds_api,free
2026_NFL_W16_GB_CHI_fanduel_20260907T141702Z,2026_NFL_W16_GB_CHI,2026-09-07T14:17:02.106552+00:00,2026-09-07T14:16:53Z,fanduel,-1.5,-105.0,-115.0,-118.0,100.0,47.5,-115,-105,,,,,,,True,,,odds_api,free
2026_NFL_W16_BUF_DEN_draftkings_20260907T141702Z,2026_NFL_W16_BUF_DEN,2026-09-07T14:17:02.106552+00:00,2026-09-07T14:16:02Z,draftkings,1.5,-105.0,-115.0,110.0,-130.0,46.5,-110,-110,,,,,,,True,,,odds_api,free
2026_NFL_W16_BUF_DEN_fanduel_20260907T141702Z,2026_NFL_W16_BUF_DEN,2026-09-07T14:17:02.106552+00:00,2026-09-07T14:16:53Z,fanduel,1.5,-105.0,-115.0,112.0,-132.0,46.5,-115,-105,,,,,,,True,,,odds_api,free
2026_NFL_W16_LAR_SEA_draftkings_20260907T141702Z,2026_NFL_W16_LAR_SEA,2026-09-07T14:17:02.106552+00:00,2026-09-07T14:16:02Z,draftkings,-1.5,-115.0,-105.0,-130.0,110.0,47.5,-110,-110,,,,,,,True,,,odds_api,free
2026_NFL_W16_LAR_SEA_fanduel_20260907T141702Z,2026_NFL_W16_LAR_SEA,2026-09-07T14:17:02.106552+00:00,2026-09-07T14:16:53Z,fanduel,1.5,-115.0,-105.0,100.0,-118.0,45.5,-110,-110,,,,,,,True,,,odds_api,free
2026_NFL_W16_ARI_NO_draftkings_20260907T141702Z,2026_NFL_W16_ARI_NO,2026-09-07T14:17:02.106552+00:00,2026-09-07T14:16:02Z,draftkings,-5.5,-110.0,-110.0,-250.0,205.0,44.5,-110,-110,,,,,,,True,,,odds_api,free
2026_NFL_W16_ARI_NO_betus_20260907T141702Z,2026_NFL_W16_ARI_NO,2026-09-07T14:17:02.106552+00:00,2026-09-07T14:16:25Z,betus,-5.5,-110.0,-110.0,,,44.5,-110,-110,,,,,,,True,,,odds_api,free
2026_NFL_W16_TB_ATL_draftkings_20260907T141702Z,2026_NFL_W16_TB_ATL,2026-09-07T14:17:02.106552+00:00,2026-09-07T14:16:02Z,draftkings,1.5,-110.0,-110.0,105.0,-125.0,45.5,-110,-110,,,,,,,True,,,odds_api,free
2026_NFL_W16_CLE_BAL_draftkings_20260907T141702Z,2026_NFL_W16_CLE_BAL,2026-09-07T14:17:02.106552+00:00,2026-09-07T14:16:02Z,draftkings,-10.0,-110.0,-110.0,-425.0,330.0,43.5,-110,-110,,,,,,,True,,,odds_api,free
2026_NFL_W16_CLE_BAL_betus_20260907T141702Z,2026_NFL_W16_CLE_BAL,2026-09-07T14:17:02.106552+00:00,2026-09-07T14:16:25Z,betus,-9.5,-110.0,-110.0,,,43.5,-110,-110,,,,,,,True,,,odds_api,free
2026_NFL_W16_CAR_PIT_draftkings_20260907T141702Z,2026_NFL_W16_CAR_PIT,2026-09-07T14:17:02.106552+00:00,2026-09-07T14:16:02Z,draftkings,-3.5,-110.0,-110.0,-192.0,160.0,41.5,-110,-110,,,,,,,True,,,odds_api,free
2026_NFL_W16_CAR_PIT_betus_20260907T141702Z,2026_NFL_W16_CAR_PIT,2026-09-07T14:17:02.106552+00:00,2026-09-07T14:16:25Z,betus,-3.5,-110.0,-110.0,,,41.5,-110,-110,,,,,,,True,,,odds_api,free
2026_NFL_W16_CIN_IND_draftkings_20260907T141702Z,2026_NFL_W16_CIN_IND,2026-09-07T14:17:02.106552+00:00,2026-09-07T14:16:02Z,draftkings,1.5,-110.0,-110.0,102.0,-122.0,52.5,-110,-110,,,,,,,True,,,odds_api,free
2026_NFL_W16_CIN_IND_betus_20260907T141702Z,2026_NFL_W16_CIN_IND,2026-09-07T14:17:02.106552+00:00,2026-09-07T14:16:25Z,betus,1.5,-110.0,-110.0,,,52.5,-110,-110,,,,,,,True,,,odds_api,free
2026_NFL_W16_TEN_LV_draftkings_20260907T141702Z,2026_NFL_W16_TEN_LV,2026-09-07T14:17:02.106552+00:00,2026-09-07T14:16:02Z,draftkings,-1.5,-110.0,-110.0,-125.0,105.0,42.5,-110,-110,,,,,,,True,,,odds_api,free
2026_NFL_W16_LAC_MIA_draftkings_20260907T141702Z,2026_NFL_W16_LAC_MIA,2026-09-07T14:17:02.106552+00:00,2026-09-07T14:16:02Z,draftkings,7.0,-108.0,-112.0,285.0,-360.0,45.5,-110,-110,,,,,,,True,,,odds_api,free
2026_NFL_W16_WAS_MIN_draftkings_20260907T141702Z,2026_NFL_W16_WAS_MIN,2026-09-07T14:17:02.106552+00:00,2026-09-07T14:16:02Z,draftkings,-2.5,-110.0,-110.0,-135.0,114.0,46.5,-110,-110,,,,,,,True,,,odds_api,free
2026_NFL_W16_WAS_MIN_betus_20260907T141702Z,2026_NFL_W16_WAS_MIN,2026-09-07T14:17:02.106552+00:00,2026-09-07T14:16:25Z,betus,-2.5,-110.0,-110.0,,,46.5,-110,-110,,,,,,,True,,,odds_api,free
2026_NFL_W16_NE_NYJ_draftkings_20260907T141702Z,2026_NFL_W16_NE_NYJ,2026-09-07T14:17:02.106552+00:00,2026-09-07T14:16:02Z,draftkings,6.5,-110.0,-110.0,225.0,-278.0,40.5,-110,-110,,,,,,,True,,,odds_api,free
2026_NFL_W16_SF_KC_draftkings_20260907T141702Z,2026_NFL_W16_SF_KC,2026-09-07T14:17:02.106552+00:00,2026-09-07T14:16:02Z,draftkings,-3.0,-102.0,-118.0,-162.0,136.0,46.5,-110,-110,,,,,,,True,,,odds_api,free
2026_NFL_W16_SF_KC_betus_20260907T141702Z,2026_NFL_W16_SF_KC,2026-09-07T14:17:02.106552+00:00,2026-09-07T14:16:25Z,betus,-2.5,-120.0,100.0,,,46.5,-110,-110,,,,,,,True,,,odds_api,free
2026_NFL_W16_JAX_DAL_draftkings_20260907T141702Z,2026_NFL_W16_JAX_DAL,2026-09-07T14:17:02.106552+00:00,2026-09-07T14:16:02Z,draftkings,-3.0,-102.0,-118.0,-162.0,136.0,51.5,-110,-110,,,,,,,True,,,odds_api,free
2026_NFL_W16_NYG_DET_draftkings_20260907T141702Z,2026_NFL_W16_NYG_DET,2026-09-07T14:17:02.106552+00:00,2026-09-07T14:16:02Z,draftkings,-4.5,-110.0,-110.0,-205.0,170.0,49.5,-110,-110,,,,,,,True,,,odds_api,free
2026_NFL_W16_HOU_PHI_draftkings_20260907T191255Z,2026_NFL_W16_HOU_PHI,2026-09-07T19:12:55.328519+00:00,2026-09-07T19:12:44Z,draftkings,-2.5,-108,-112,-135.0,114.0,37.5,-110,-110,,,,,,,True,,,odds_api,free
2026_NFL_W16_HOU_PHI_fanduel_20260907T191255Z,2026_NFL_W16_HOU_PHI,2026-09-07T19:12:55.328519+00:00,2026-09-07T19:12:19Z,fanduel,-2.5,-105,-115,-132.0,112.0,38.5,-104,-118,,,,,,,True,,,odds_api,free
2026_NFL_W16_GB_CHI_draftkings_20260907T191255Z,2026_NFL_W16_GB_CHI,2026-09-07T19:12:55.328519+00:00,2026-09-07T19:12:44Z,draftkings,-1.5,-105,-115,-118.0,-102.0,47.5,-110,-110,,,,,,,True,,,odds_api,free
2026_NFL_W16_GB_CHI_fanduel_20260907T191255Z,2026_NFL_W16_GB_CHI,2026-09-07T19:12:55.328519+00:00,2026-09-07T19:12:19Z,fanduel,-1.5,-105,-115,-118.0,100.0,47.5,-115,-105,,,,,,,True,,,odds_api,free
2026_NFL_W16_BUF_DEN_draftkings_20260907T191255Z,2026_NFL_W16_BUF_DEN,2026-09-07T19:12:55.328519+00:00,2026-09-07T19:12:44Z,draftkings,1.5,-105,-115,110.0,-130.0,46.5,-110,-110,,,,,,,True,,,odds_api,free
2026_NFL_W16_BUF_DEN_fanduel_20260907T191255Z,2026_NFL_W16_BUF_DEN,2026-09-07T19:12:55.328519+00:00,2026-09-07T19:12:19Z,fanduel,1.5,-105,-115,112.0,-132.0,46.5,-115,-105,,,,,,,True,,,odds_api,free
2026_NFL_W16_LAR_SEA_draftkings_20260907T191255Z,2026_NFL_W16_LAR_SEA,2026-09-07T19:12:55.328519+00:00,2026-09-07T19:12:44Z,draftkings,-1.5,-115,-105,-130.0,110.0,47.5,-110,-110,,,,,,,True,,,odds_api,free
2026_NFL_W16_LAR_SEA_fanduel_20260907T191255Z,2026_NFL_W16_LAR_SEA,2026-09-07T19:12:55.328519+00:00,2026-09-07T19:12:19Z,fanduel,1.5,-115,-105,100.0,-118.0,45.5,-110,-110,,,,,,,True,,,odds_api,free
2026_NFL_W16_ARI_NO_draftkings_20260907T191255Z,2026_NFL_W16_ARI_NO,2026-09-07T19:12:55.328519+00:00,2026-09-07T19:12:44Z,draftkings,-5.5,-110,-110,-250.0,205.0,44.5,-110,-110,,,,,,,True,,,odds_api,free
2026_NFL_W16_ARI_NO_betus_20260907T191255Z,2026_NFL_W16_ARI_NO,2026-09-07T19:12:55.328519+00:00,2026-09-07T19:12:45Z,betus,-5.5,-110,-110,,,44.5,-110,-110,,,,,,,True,,,odds_api,free
2026_NFL_W16_TB_ATL_draftkings_20260907T191255Z,2026_NFL_W16_TB_ATL,2026-09-07T19:12:55.328519+00:00,2026-09-07T19:12:44Z,draftkings,1.5,-110,-110,105.0,-125.0,45.5,-110,-110,,,,,,,True,,,odds_api,free
2026_NFL_W16_CLE_BAL_draftkings_20260907T191255Z,2026_NFL_W16_CLE_BAL,2026-09-07T19:12:55.328519+00:00,2026-09-07T19:12:44Z,draftkings,-10.0,-110,-110,-425.0,330.0,43.5,-110,-110,,,,,,,True,,,odds_api,free
2026_NFL_W16_CLE_BAL_betus_20260907T191255Z,2026_NFL_W16_CLE_BAL,2026-09-07T19:12:55.328519+00:00,2026-09-07T19:12:45Z,betus,-9.5,-110,-110,,,43.5,-110,-110,,,,,,,True,,,odds_api,free
2026_NFL_W16_CAR_PIT_draftkings_20260907T191255Z,2026_NFL_W16_CAR_PIT,2026-09-07T19:12:55.328519+00:00,2026-09-07T19:12:44Z,draftkings,-3.5,-110,-110,-192.0,160.0,41.5,-110,-110,,,,,,,True,,,odds_api,free
2026_NFL_W16_CAR_PIT_betus_20260907T191255Z,2026_NFL_W16_CAR_PIT,2026-09-07T19:12:55.328519+00:00,2026-09-07T19:12:45Z,betus,-3.5,-110,-110,,,41.5,-110,-110,,,,,,,True,,,odds_api,free
2026_NFL_W16_CIN_IND_draftkings_20260907T191255Z,2026_NFL_W16_CIN_IND,2026-09-07T19:12:55.328519+00:00,2026-09-07T19:12:44Z,draftkings,1.5,-110,-110,105.0,-125.0,52.5,-110,-110,,,,,,,True,,,odds_api,free
2026_NFL_W16_CIN_IND_betus_20260907T191255Z,2026_NFL_W16_CIN_IND,2026-09-07T19:12:55.328519+00:00,2026-09-07T19:12:45Z,betus,1.5,-110,-110,,,52.5,-110,-110,,,,,,,True,,,odds_api,free
2026_NFL_W16_TEN_LV_draftkings_20260907T191255Z,2026_NFL_W16_TEN_LV,2026-09-07T19:12:55.328519+00:00,2026-09-07T19:12:44Z,draftkings,-1.5,-110,-110,-125.0,105.0,42.5,-110,-110,,,,,,,True,,,odds_api,free
2026_NFL_W16_LAC_MIA_draftkings_20260907T191255Z,2026_NFL_W16_LAC_MIA,2026-09-07T19:12:55.328519+00:00,2026-09-07T19:12:44Z,draftkings,7.0,-108,-112,285.0,-360.0,45.5,-110,-110,,,,,,,True,,,odds_api,free
2026_NFL_W16_WAS_MIN_draftkings_20260907T191255Z,2026_NFL_W16_WAS_MIN,2026-09-07T19:12:55.328519+00:00,2026-09-07T19:12:44Z,draftkings,-2.5,-110,-110,-135.0,114.0,46.5,-110,-110,,,,,,,True,,,odds_api,free
2026_NFL_W16_WAS_MIN_betus_20260907T191255Z,2026_NFL_W16_WAS_MIN,2026-09-07T19:12:55.328519+00:00,2026-09-07T19:12:45Z,betus,-2.5,-110,-110,,,46.5,-110,-110,,,,,,,True,,,odds_api,free
2026_NFL_W16_NE_NYJ_draftkings_20260907T191255Z,2026_NFL_W16_NE_NYJ,2026-09-07T19:12:55.328519+00:00,2026-09-07T19:12:44Z,draftkings,6.5,-110,-110,225.0,-278.0,40.5,-110,-110,,,,,,,True,,,odds_api,free
2026_NFL_W16_SF_KC_draftkings_20260907T191255Z,2026_NFL_W16_SF_KC,2026-09-07T19:12:55.328519+00:00,2026-09-07T19:12:44Z,draftkings,-3.0,-102,-118,-162.0,136.0,46.5,-110,-110,,,,,,,True,,,odds_api,free
2026_NFL_W16_SF_KC_betus_20260907T191255Z,2026_NFL_W16_SF_KC,2026-09-07T19:12:55.328519+00:00,2026-09-07T19:12:45Z,betus,-2.5,-120,100,,,46.5,-110,-110,,,,,,,True,,,odds_api,free
2026_NFL_W16_JAX_DAL_draftkings_20260907T191255Z,2026_NFL_W16_JAX_DAL,2026-09-07T19:12:55.328519+00:00,2026-09-07T19:12:44Z,draftkings,-3.0,-102,-118,-162.0,136.0,51.5,-110,-110,,,,,,,True,,,odds_api,free
2026_NFL_W16_NYG_DET_draftkings_20260907T191255Z,2026_NFL_W16_NYG_DET,2026-09-07T19:12:55.328519+00:00,2026-09-07T19:12:44Z,draftkings,-4.5,-110,-110,-205.0,170.0,49.5,-110,-110,,,,,,,True,,,odds_api,free
2026_NFL_W16_HOU_PHI_draftkings_20260907T201252Z,2026_NFL_W16_HOU_PHI,2026-09-07T20:12:52.967739+00:00,2026-09-07T20:12:33Z,draftkings,-2.5,-108,-112,-135.0,114.0,37.5,-110,-110,,,,,,,True,,,odds_api,free
2026_NFL_W16_HOU_PHI_fanduel_20260907T201252Z,2026_NFL_W16_HOU_PHI,2026-09-07T20:12:52.967739+00:00,2026-09-07T20:12:30Z,fanduel,-2.5,-105,-115,-132.0,112.0,38.5,-104,-118,,,,,,,True,,,odds_api,free
2026_NFL_W16_GB_CHI_draftkings_20260907T201252Z,2026_NFL_W16_GB_CHI,2026-09-07T20:12:52.967739+00:00,2026-09-07T20:12:33Z,draftkings,-1.5,-105,-115,-118.0,-102.0,47.5,-110,-110,,,,,,,True,,,odds_api,free
2026_NFL_W16_GB_CHI_fanduel_20260907T201252Z,2026_NFL_W16_GB_CHI,2026-09-07T20:12:52.967739+00:00,2026-09-07T20:12:30Z,fanduel,-1.5,-105,-115,-118.0,100.0,47.5,-115,-105,,,,,,,True,,,odds_api,free
2026_NFL_W16_BUF_DEN_draftkings_20260907T201252Z,2026_NFL_W16_BUF_DEN,2026-09-07T20:12:52.967739+00:00,2026-09-07T20:12:33Z,draftkings,1.5,-105,-115,110.0,-130.0,46.5,-110,-110,,,,,,,True,,,odds_api,free
2026_NFL_W16_BUF_DEN_fanduel_20260907T201252Z,2026_NFL_W16_BUF_DEN,2026-09-07T20:12:52.967739+00:00,2026-09-07T20:12:30Z,fanduel,1.5,-105,-115,112.0,-132.0,46.5,-115,-105,,,,,,,True,,,odds_api,free
2026_NFL_W16_LAR_SEA_draftkings_20260907T201252Z,2026_NFL_W16_LAR_SEA,2026-09-07T20:12:52.967739+00:00,2026-09-07T20:12:33Z,draftkings,-1.5,-115,-105,-130.0,110.0,47.5,-110,-110,,,,,,,True,,,odds_api,free
2026_NFL_W16_LAR_SEA_fanduel_20260907T201252Z,2026_NFL_W16_LAR_SEA,2026-09-07T20:12:52.967739+00:00,2026-09-07T20:12:30Z,fanduel,1.5,-115,-105,100.0,-118.0,45.5,-110,-110,,,,,,,True,,,odds_api,free
2026_NFL_W16_ARI_NO_draftkings_20260907T201252Z,2026_NFL_W16_ARI_NO,2026-09-07T20:12:52.967739+00:00,2026-09-07T20:12:33Z,draftkings,-5.5,-110,-110,-250.0,205.0,44.5,-110,-110,,,,,,,True,,,odds_api,free
2026_NFL_W16_ARI_NO_betus_20260907T201252Z,2026_NFL_W16_ARI_NO,2026-09-07T20:12:52.967739+00:00,2026-09-07T20:12:35Z,betus,-5.5,-110,-110,,,44.5,-110,-110,,,,,,,True,,,odds_api,free
2026_NFL_W16_TB_ATL_draftkings_20260907T201252Z,2026_NFL_W16_TB_ATL,2026-09-07T20:12:52.967739+00:00,2026-09-07T20:12:33Z,draftkings,1.5,-110,-110,105.0,-125.0,45.5,-110,-110,,,,,,,True,,,odds_api,free
2026_NFL_W16_CLE_BAL_draftkings_20260907T201252Z,2026_NFL_W16_CLE_BAL,2026-09-07T20:12:52.967739+00:00,2026-09-07T20:12:33Z,draftkings,-10.0,-110,-110,-425.0,330.0,43.5,-110,-110,,,,,,,True,,,odds_api,free
2026_NFL_W16_CLE_BAL_betus_20260907T201252Z,2026_NFL_W16_CLE_BAL,2026-09-07T20:12:52.967739+00:00,2026-09-07T20:12:35Z,betus,-9.5,-110,-110,,,43.5,-110,-110,,,,,,,True,,,odds_api,free
2026_NFL_W16_CAR_PIT_draftkings_20260907T201252Z,2026_NFL_W16_CAR_PIT,2026-09-07T20:12:52.967739+00:00,2026-09-07T20:12:33Z,draftkings,-3.5,-110,-110,-192.0,160.0,41.5,-110,-110,,,,,,,True,,,odds_api,free
2026_NFL_W16_CAR_PIT_betus_20260907T201252Z,2026_NFL_W16_CAR_PIT,2026-09-07T20:12:52.967739+00:00,2026-09-07T20:12:35Z,betus,-3.5,-110,-110,,,41.5,-110,-110,,,,,,,True,,,odds_api,free
2026_NFL_W16_CIN_IND_draftkings_20260907T201252Z,2026_NFL_W16_CIN_IND,2026-09-07T20:12:52.967739+00:00,2026-09-07T20:12:33Z,draftkings,1.5,-110,-110,105.0,-125.0,52.5,-110,-110,,,,,,,True,,,odds_api,free
2026_NFL_W16_CIN_IND_betus_20260907T201252Z,2026_NFL_W16_CIN_IND,2026-09-07T20:12:52.967739+00:00,2026-09-07T20:12:35Z,betus,1.5,-110,-110,,,52.5,-110,-110,,,,,,,True,,,odds_api,free
2026_NFL_W16_TEN_LV_draftkings_20260907T201252Z,2026_NFL_W16_TEN_LV,2026-09-07T20:12:52.967739+00:00,2026-09-07T20:12:33Z,draftkings,-1.5,-110,-110,-125.0,105.0,42.5,-110,-110,,,,,,,True,,,odds_api,free
2026_NFL_W16_LAC_MIA_draftkings_20260907T201252Z,2026_NFL_W16_LAC_MIA,2026-09-07T20:12:52.967739+00:00,2026-09-07T20:12:33Z,draftkings,7.0,-108,-112,285.0,-360.0,45.5,-110,-110,,,,,,,True,,,odds_api,free
2026_NFL_W16_WAS_MIN_draftkings_20260907T201252Z,2026_NFL_W16_WAS_MIN,2026-09-07T20:12:52.967739+00:00,2026-09-07T20:12:33Z,draftkings,-2.5,-110,-110,-135.0,114.0,46.5,-110,-110,,,,,,,True,,,odds_api,free
2026_NFL_W16_WAS_MIN_betus_20260907T201252Z,2026_NFL_W16_WAS_MIN,2026-09-07T20:12:52.967739+00:00,2026-09-07T20:12:35Z,betus,-2.5,-110,-110,,,46.5,-110,-110,,,,,,,True,,,odds_api,free
2026_NFL_W16_NE_NYJ_draftkings_20260907T201252Z,2026_NFL_W16_NE_NYJ,2026-09-07T20:12:52.967739+00:00,2026-09-07T20:12:33Z,draftkings,6.5,-110,-110,225.0,-278.0,40.5,-110,-110,,,,,,,True,,,odds_api,free
2026_NFL_W16_SF_KC_draftkings_20260907T201252Z,2026_NFL_W16_SF_KC,2026-09-07T20:12:52.967739+00:00,2026-09-07T20:12:33Z,draftkings,-3.0,-102,-118,-162.0,136.0,46.5,-110,-110,,,,,,,True,,,odds_api,free
2026_NFL_W16_SF_KC_betus_20260907T201252Z,2026_NFL_W16_SF_KC,2026-09-07T20:12:52.967739+00:00,2026-09-07T20:12:35Z,betus,-2.5,-120,100,,,46.5,-110,-110,,,,,,,True,,,odds_api,free
2026_NFL_W16_JAX_DAL_draftkings_20260907T201252Z,2026_NFL_W16_JAX_DAL,2026-09-07T20:12:52.967739+00:00,2026-09-07T20:12:33Z,draftkings,-3.0,-102,-118,-162.0,136.0,51.5,-110,-110,,,,,,,True,,,odds_api,free
2026_NFL_W16_NYG_DET_draftkings_20260907T201252Z,2026_NFL_W16_NYG_DET,2026-09-07T20:12:52.967739+00:00,2026-09-07T20:12:33Z,draftkings,-4.5,-110,-110,-205.0,170.0,49.5,-110,-110,,,,,,,True,,,odds_api,free
2026_NFL_W16_HOU_PHI_draftkings_20260907T212903Z,2026_NFL_W16_HOU_PHI,2026-09-07T21:29:03.685436+00:00,2026-09-07T21:28:34Z,draftkings,-2.5,-108,-112,-135.0,114.0,37.5,-110,-110,,,,,,,True,,,odds_api,free
2026_NFL_W16_HOU_PHI_fanduel_20260907T212903Z,2026_NFL_W16_HOU_PHI,2026-09-07T21:29:03.685436+00:00,2026-09-07T21:29:02Z,fanduel,-2.5,-105,-115,-132.0,112.0,38.5,-104,-118,,,,,,,True,,,odds_api,free
2026_NFL_W16_GB_CHI_draftkings_20260907T212903Z,2026_NFL_W16_GB_CHI,2026-09-07T21:29:03.685436+00:00,2026-09-07T21:28:34Z,draftkings,-1.5,-105,-115,-118.0,-102.0,47.5,-110,-110,,,,,,,True,,,odds_api,free
2026_NFL_W16_GB_CHI_fanduel_20260907T212903Z,2026_NFL_W16_GB_CHI,2026-09-07T21:29:03.685436+00:00,2026-09-07T21:29:02Z,fanduel,-1.5,-105,-115,-118.0,100.0,47.5,-115,-105,,,,,,,True,,,odds_api,free
2026_NFL_W16_BUF_DEN_draftkings_20260907T212903Z,2026_NFL_W16_BUF_DEN,2026-09-07T21:29:03.685436+00:00,2026-09-07T21:28:34Z,draftkings,1.5,-105,-115,110.0,-130.0,46.5,-110,-110,,,,,,,True,,,odds_api,free
2026_NFL_W16_BUF_DEN_fanduel_20260907T212903Z,2026_NFL_W16_BUF_DEN,2026-09-07T21:29:03.685436+00:00,2026-09-07T21:29:02Z,fanduel,1.5,-105,-115,112.0,-132.0,46.5,-115,-105,,,,,,,True,,,odds_api,free
2026_NFL_W16_LAR_SEA_draftkings_20260907T212903Z,2026_NFL_W16_LAR_SEA,2026-09-07T21:29:03.685436+00:00,2026-09-07T21:28:34Z,draftkings,-1.5,-115,-105,-130.0,110.0,47.5,-110,-110,,,,,,,True,,,odds_api,free
2026_NFL_W16_LAR_SEA_fanduel_20260907T212903Z,2026_NFL_W16_LAR_SEA,2026-09-07T21:29:03.685436+00:00,2026-09-07T21:29:02Z,fanduel,1.5,-115,-105,100.0,-118.0,45.5,-110,-110,,,,,,,True,,,odds_api,free
2026_NFL_W16_ARI_NO_draftkings_20260907T212903Z,2026_NFL_W16_ARI_NO,2026-09-07T21:29:03.685436+00:00,2026-09-07T21:28:34Z,draftkings,-5.5,-110,-110,-250.0,205.0,44.5,-110,-110,,,,,,,True,,,odds_api,free
2026_NFL_W16_ARI_NO_betus_20260907T212903Z,2026_NFL_W16_ARI_NO,2026-09-07T21:29:03.685436+00:00,2026-09-07T21:28:33Z,betus,-5.5,-110,-110,,,44.5,-110,-110,,,,,,,True,,,odds_api,free
2026_NFL_W16_TB_ATL_draftkings_20260907T212903Z,2026_NFL_W16_TB_ATL,2026-09-07T21:29:03.685436+00:00,2026-09-07T21:28:34Z,draftkings,1.5,-110,-110,105.0,-125.0,45.5,-110,-110,,,,,,,True,,,odds_api,free
2026_NFL_W16_CLE_BAL_draftkings_20260907T212903Z,2026_NFL_W16_CLE_BAL,2026-09-07T21:29:03.685436+00:00,2026-09-07T21:28:34Z,draftkings,-10.0,-110,-110,-425.0,330.0,43.5,-110,-110,,,,,,,True,,,odds_api,free
2026_NFL_W16_CLE_BAL_betus_20260907T212903Z,2026_NFL_W16_CLE_BAL,2026-09-07T21:29:03.685436+00:00,2026-09-07T21:28:33Z,betus,-9.5,-110,-110,,,43.5,-110,-110,,,,,,,True,,,odds_api,free
2026_NFL_W16_CAR_PIT_draftkings_20260907T212903Z,2026_NFL_W16_CAR_PIT,2026-09-07T21:29:03.685436+00:00,2026-09-07T21:28:34Z,draftkings,-3.5,-110,-110,-192.0,160.0,41.5,-110,-110,,,,,,,True,,,odds_api,free
2026_NFL_W16_CAR_PIT_betus_20260907T212903Z,2026_NFL_W16_CAR_PIT,2026-09-07T21:29:03.685436+00:00,2026-09-07T21:28:33Z,betus,-3.5,-110,-110,,,41.5,-110,-110,,,,,,,True,,,odds_api,free
2026_NFL_W16_CIN_IND_draftkings_20260907T212903Z,2026_NFL_W16_CIN_IND,2026-09-07T21:29:03.685436+00:00,2026-09-07T21:28:34Z,draftkings,1.5,-110,-110,105.0,-125.0,52.5,-110,-110,,,,,,,True,,,odds_api,free
2026_NFL_W16_CIN_IND_betus_20260907T212903Z,2026_NFL_W16_CIN_IND,2026-09-07T21:29:03.685436+00:00,2026-09-07T21:28:33Z,betus,1.5,-110,-110,,,52.5,-110,-110,,,,,,,True,,,odds_api,free
2026_NFL_W16_TEN_LV_draftkings_20260907T212903Z,2026_NFL_W16_TEN_LV,2026-09-07T21:29:03.685436+00:00,2026-09-07T21:28:34Z,draftkings,-1.5,-110,-110,-125.0,105.0,42.5,-110,-110,,,,,,,True,,,odds_api,free
2026_NFL_W16_LAC_MIA_draftkings_20260907T212903Z,2026_NFL_W16_LAC_MIA,2026-09-07T21:29:03.685436+00:00,2026-09-07T21:28:34Z,draftkings,7.0,-108,-112,285.0,-360.0,45.5,-110,-110,,,,,,,True,,,odds_api,free
2026_NFL_W16_WAS_MIN_draftkings_20260907T212903Z,2026_NFL_W16_WAS_MIN,2026-09-07T21:29:03.685436+00:00,2026-09-07T21:28:34Z,draftkings,-2.5,-110,-110,-135.0,114.0,46.5,-110,-110,,,,,,,True,,,odds_api,free
2026_NFL_W16_WAS_MIN_betus_20260907T212903Z,2026_NFL_W16_WAS_MIN,2026-09-07T21:29:03.685436+00:00,2026-09-07T21:28:33Z,betus,-2.5,-110,-110,,,46.5,-110,-110,,,,,,,True,,,odds_api,free
2026_NFL_W16_NE_NYJ_draftkings_20260907T212903Z,2026_NFL_W16_NE_NYJ,2026-09-07T21:29:03.685436+00:00,2026-09-07T21:28:34Z,draftkings,6.5,-110,-110,220.0,-270.0,40.5,-110,-110,,,,,,,True,,,odds_api,free
2026_NFL_W16_SF_KC_draftkings_20260907T212903Z,2026_NFL_W16_SF_KC,2026-09-07T21:29:03.685436+00:00,2026-09-07T21:28:34Z,draftkings,-3.0,-102,-118,-162.0,136.0,46.5,-110,-110,,,,,,,True,,,odds_api,free
2026_NFL_W16_SF_KC_betus_20260907T212903Z,2026_NFL_W16_SF_KC,2026-09-07T21:29:03.685436+00:00,2026-09-07T21:28:33Z,betus,-2.5,-120,100,,,46.5,-110,-110,,,,,,,True,,,odds_api,free
2026_NFL_W16_JAX_DAL_draftkings_20260907T212903Z,2026_NFL_W16_JAX_DAL,2026-09-07T21:29:03.685436+00:00,2026-09-07T21:28:34Z,draftkings,-3.0,-102,-118,-162.0,136.0,51.5,-110,-110,,,,,,,True,,,odds_api,free
2026_NFL_W16_NYG_DET_draftkings_20260907T212903Z,2026_NFL_W16_NYG_DET,2026-09-07T21:29:03.685436+00:00,2026-09-07T21:28:34Z,draftkings,-4.5,-110,-110,-218.0,180.0,49.5,-110,-110,,,,,,,True,,,odds_api,free
2026_NFL_W16_HOU_PHI_draftkings_20260907T221249Z,2026_NFL_W16_HOU_PHI,2026-09-07T22:12:49.839233+00:00,2026-09-07T22:10:16Z,draftkings,-2.5,-108,-112,-135.0,114.0,37.5,-110,-110,,,,,,,True,,,odds_api,free
2026_NFL_W16_HOU_PHI_fanduel_20260907T221249Z,2026_NFL_W16_HOU_PHI,2026-09-07T22:12:49.839233+00:00,2026-09-07T22:12:40Z,fanduel,-2.5,-105,-115,-132.0,112.0,38.5,-104,-118,,,,,,,True,,,odds_api,free
2026_NFL_W16_GB_CHI_draftkings_20260907T221249Z,2026_NFL_W16_GB_CHI,2026-09-07T22:12:49.839233+00:00,2026-09-07T22:10:16Z,draftkings,-1.5,-105,-115,-118.0,-102.0,47.5,-110,-110,,,,,,,True,,,odds_api,free
2026_NFL_W16_GB_CHI_fanduel_20260907T221249Z,2026_NFL_W16_GB_CHI,2026-09-07T22:12:49.839233+00:00,2026-09-07T22:12:40Z,fanduel,-1.5,-105,-115,-118.0,100.0,47.5,-115,-105,,,,,,,True,,,odds_api,free
2026_NFL_W16_BUF_DEN_draftkings_20260907T221249Z,2026_NFL_W16_BUF_DEN,2026-09-07T22:12:49.839233+00:00,2026-09-07T22:10:16Z,draftkings,1.5,-105,-115,110.0,-130.0,46.5,-110,-110,,,,,,,True,,,odds_api,free
2026_NFL_W16_BUF_DEN_fanduel_20260907T221249Z,2026_NFL_W16_BUF_DEN,2026-09-07T22:12:49.839233+00:00,2026-09-07T22:12:40Z,fanduel,1.5,-105,-115,112.0,-132.0,46.5,-115,-105,,,,,,,True,,,odds_api,free
2026_NFL_W16_LAR_SEA_draftkings_20260907T221249Z,2026_NFL_W16_LAR_SEA,2026-09-07T22:12:49.839233+00:00,2026-09-07T22:10:16Z,draftkings,-1.5,-115,-105,-130.0,110.0,47.5,-110,-110,,,,,,,True,,,odds_api,free
2026_NFL_W16_LAR_SEA_fanduel_20260907T221249Z,2026_NFL_W16_LAR_SEA,2026-09-07T22:12:49.839233+00:00,2026-09-07T22:12:40Z,fanduel,1.5,-115,-105,100.0,-118.0,45.5,-110,-110,,,,,,,True,,,odds_api,free
2026_NFL_W16_ARI_NO_draftkings_20260907T221249Z,2026_NFL_W16_ARI_NO,2026-09-07T22:12:49.839233+00:00,2026-09-07T22:10:16Z,draftkings,-5.5,-110,-110,-250.0,205.0,44.5,-110,-110,,,,,,,True,,,odds_api,free
2026_NFL_W16_ARI_NO_betus_20260907T221249Z,2026_NFL_W16_ARI_NO,2026-09-07T22:12:49.839233+00:00,2026-09-07T22:12:40Z,betus,-5.5,-110,-110,,,44.5,-110,-110,,,,,,,True,,,odds_api,free
2026_NFL_W16_TB_ATL_draftkings_20260907T221249Z,2026_NFL_W16_TB_ATL,2026-09-07T22:12:49.839233+00:00,2026-09-07T22:10:16Z,draftkings,1.5,-110,-110,105.0,-125.0,45.5,-110,-110,,,,,,,True,,,odds_api,free
2026_NFL_W16_CLE_BAL_draftkings_20260907T221249Z,2026_NFL_W16_CLE_BAL,2026-09-07T22:12:49.839233+00:00,2026-09-07T22:10:16Z,draftkings,-10.0,-110,-110,-425.0,330.0,43.5,-110,-110,,,,,,,True,,,odds_api,free
2026_NFL_W16_CLE_BAL_betus_20260907T221249Z,2026_NFL_W16_CLE_BAL,2026-09-07T22:12:49.839233+00:00,2026-09-07T22:12:40Z,betus,-9.5,-110,-110,,,43.5,-110,-110,,,,,,,True,,,odds_api,free
2026_NFL_W16_CAR_PIT_draftkings_20260907T221249Z,2026_NFL_W16_CAR_PIT,2026-09-07T22:12:49.839233+00:00,2026-09-07T22:10:16Z,draftkings,-3.5,-110,-110,-192.0,160.0,41.5,-110,-110,,,,,,,True,,,odds_api,free
2026_NFL_W16_CAR_PIT_betus_20260907T221249Z,2026_NFL_W16_CAR_PIT,2026-09-07T22:12:49.839233+00:00,2026-09-07T22:12:40Z,betus,-3.5,-110,-110,,,41.5,-110,-110,,,,,,,True,,,odds_api,free
2026_NFL_W16_CIN_IND_draftkings_20260907T221249Z,2026_NFL_W16_CIN_IND,2026-09-07T22:12:49.839233+00:00,2026-09-07T22:10:16Z,draftkings,1.5,-110,-110,105.0,-125.0,52.5,-110,-110,,,,,,,True,,,odds_api,free
2026_NFL_W16_CIN_IND_betus_20260907T221249Z,2026_NFL_W16_CIN_IND,2026-09-07T22:12:49.839233+00:00,2026-09-07T22:12:40Z,betus,1.5,-110,-110,,,52.5,-110,-110,,,,,,,True,,,odds_api,free
2026_NFL_W16_TEN_LV_draftkings_20260907T221249Z,2026_NFL_W16_TEN_LV,2026-09-07T22:12:49.839233+00:00,2026-09-07T22:10:16Z,draftkings,-1.5,-110,-110,-125.0,105.0,42.5,-110,-110,,,,,,,True,,,odds_api,free
2026_NFL_W16_LAC_MIA_draftkings_20260907T221249Z,2026_NFL_W16_LAC_MIA,2026-09-07T22:12:49.839233+00:00,2026-09-07T22:10:16Z,draftkings,7.0,-108,-112,285.0,-360.0,45.5,-110,-110,,,,,,,True,,,odds_api,free
2026_NFL_W16_WAS_MIN_draftkings_20260907T221249Z,2026_NFL_W16_WAS_MIN,2026-09-07T22:12:49.839233+00:00,2026-09-07T22:10:16Z,draftkings,-2.5,-110,-110,-135.0,114.0,46.5,-110,-110,,,,,,,True,,,odds_api,free
2026_NFL_W16_WAS_MIN_betus_20260907T221249Z,2026_NFL_W16_WAS_MIN,2026-09-07T22:12:49.839233+00:00,2026-09-07T22:12:40Z,betus,-2.5,-110,-110,,,46.5,-110,-110,,,,,,,True,,,odds_api,free
2026_NFL_W16_NE_NYJ_draftkings_20260907T221249Z,2026_NFL_W16_NE_NYJ,2026-09-07T22:12:49.839233+00:00,2026-09-07T22:10:16Z,draftkings,6.5,-110,-110,220.0,-270.0,40.5,-110,-110,,,,,,,True,,,odds_api,free
2026_NFL_W16_SF_KC_draftkings_20260907T221249Z,2026_NFL_W16_SF_KC,2026-09-07T22:12:49.839233+00:00,2026-09-07T22:10:16Z,draftkings,-3.0,-102,-118,-162.0,136.0,46.5,-110,-110,,,,,,,True,,,odds_api,free
2026_NFL_W16_SF_KC_betus_20260907T221249Z,2026_NFL_W16_SF_KC,2026-09-07T22:12:49.839233+00:00,2026-09-07T22:12:40Z,betus,-2.5,-120,100,,,46.5,-110,-110,,,,,,,True,,,odds_api,free
2026_NFL_W16_JAX_DAL_draftkings_20260907T221249Z,2026_NFL_W16_JAX_DAL,2026-09-07T22:12:49.839233+00:00,2026-09-07T22:10:16Z,draftkings,-3.0,-102,-118,-162.0,136.0,51.5,-110,-110,,,,,,,True,,,odds_api,free
2026_NFL_W16_NYG_DET_draftkings_20260907T221249Z,2026_NFL_W16_NYG_DET,2026-09-07T22:12:49.839233+00:00,2026-09-07T22:10:16Z,draftkings,-4.5,-110,-110,-205.0,170.0,49.5,-110,-110,,,,,,,True,,,odds_api,free
2026_NFL_W16_HOU_PHI_draftkings_20260907T230510Z,2026_NFL_W16_HOU_PHI,2026-09-07T23:05:10.258637+00:00,2026-09-07T23:04:12Z,draftkings,-2.5,-108,-112,-135.0,114.0,37.5,-110,-110,,,,,,,True,,,odds_api,free
2026_NFL_W16_HOU_PHI_fanduel_20260907T230510Z,2026_NFL_W16_HOU_PHI,2026-09-07T23:05:10.258637+00:00,2026-09-07T23:04:54Z,fanduel,-2.5,-105,-115,-132.0,112.0,38.5,-104,-118,,,,,,,True,,,odds_api,free
2026_NFL_W16_GB_CHI_draftkings_20260907T230510Z,2026_NFL_W16_GB_CHI,2026-09-07T23:05:10.258637+00:00,2026-09-07T23:04:12Z,draftkings,-1.5,-105,-115,-118.0,-102.0,47.5,-110,-110,,,,,,,True,,,odds_api,free
2026_NFL_W16_GB_CHI_fanduel_20260907T230510Z,2026_NFL_W16_GB_CHI,2026-09-07T23:05:10.258637+00:00,2026-09-07T23:04:54Z,fanduel,-1.5,-105,-115,-118.0,100.0,47.5,-115,-105,,,,,,,True,,,odds_api,free
2026_NFL_W16_BUF_DEN_draftkings_20260907T230510Z,2026_NFL_W16_BUF_DEN,2026-09-07T23:05:10.258637+00:00,2026-09-07T23:04:12Z,draftkings,1.5,-105,-115,110.0,-130.0,46.5,-110,-110,,,,,,,True,,,odds_api,free
2026_NFL_W16_BUF_DEN_fanduel_20260907T230510Z,2026_NFL_W16_BUF_DEN,2026-09-07T23:05:10.258637+00:00,2026-09-07T23:04:54Z,fanduel,1.5,-105,-115,112.0,-132.0,46.5,-115,-105,,,,,,,True,,,odds_api,free
2026_NFL_W16_LAR_SEA_draftkings_20260907T230510Z,2026_NFL_W16_LAR_SEA,2026-09-07T23:05:10.258637+00:00,2026-09-07T23:04:12Z,draftkings,-1.5,-115,-105,-130.0,110.0,47.5,-110,-110,,,,,,,True,,,odds_api,free
2026_NFL_W16_LAR_SEA_fanduel_20260907T230510Z,2026_NFL_W16_LAR_SEA,2026-09-07T23:05:10.258637+00:00,2026-09-07T23:04:54Z,fanduel,1.5,-115,-105,100.0,-118.0,45.5,-110,-110,,,,,,,True,,,odds_api,free
2026_NFL_W16_ARI_NO_draftkings_20260907T230510Z,2026_NFL_W16_ARI_NO,2026-09-07T23:05:10.258637+00:00,2026-09-07T23:04:12Z,draftkings,-5.5,-110,-110,-250.0,205.0,44.5,-110,-110,,,,,,,True,,,odds_api,free
2026_NFL_W16_ARI_NO_betus_20260907T230510Z,2026_NFL_W16_ARI_NO,2026-09-07T23:05:10.258637+00:00,2026-09-07T23:04:11Z,betus,-5.5,-110,-110,,,44.5,-110,-110,,,,,,,True,,,odds_api,free
2026_NFL_W16_TB_ATL_draftkings_20260907T230510Z,2026_NFL_W16_TB_ATL,2026-09-07T23:05:10.258637+00:00,2026-09-07T23:04:12Z,draftkings,1.5,-110,-110,105.0,-125.0,45.5,-110,-110,,,,,,,True,,,odds_api,free
2026_NFL_W16_CLE_BAL_draftkings_20260907T230510Z,2026_NFL_W16_CLE_BAL,2026-09-07T23:05:10.258637+00:00,2026-09-07T23:04:12Z,draftkings,-10.0,-110,-110,-425.0,330.0,43.5,-110,-110,,,,,,,True,,,odds_api,free
2026_NFL_W16_CLE_BAL_betus_20260907T230510Z,2026_NFL_W16_CLE_BAL,2026-09-07T23:05:10.258637+00:00,2026-09-07T23:04:11Z,betus,-9.5,-110,-110,,,43.5,-110,-110,,,,,,,True,,,odds_api,free
2026_NFL_W16_CAR_PIT_draftkings_20260907T230510Z,2026_NFL_W16_CAR_PIT,2026-09-07T23:05:10.258637+00:00,2026-09-07T23:04:12Z,draftkings,-3.5,-110,-110,-192.0,160.0,41.5,-110,-110,,,,,,,True,,,odds_api,free
2026_NFL_W16_CAR_PIT_betus_20260907T230510Z,2026_NFL_W16_CAR_PIT,2026-09-07T23:05:10.258637+00:00,2026-09-07T23:04:11Z,betus,-3.5,-110,-110,,,41.5,-110,-110,,,,,,,True,,,odds_api,free
2026_NFL_W16_CIN_IND_draftkings_20260907T230510Z,2026_NFL_W16_CIN_IND,2026-09-07T23:05:10.258637+00:00,2026-09-07T23:04:12Z,draftkings,1.5,-110,-110,105.0,-125.0,52.5,-110,-110,,,,,,,True,,,odds_api,free
2026_NFL_W16_CIN_IND_betus_20260907T230510Z,2026_NFL_W16_CIN_IND,2026-09-07T23:05:10.258637+00:00,2026-09-07T23:04:11Z,betus,1.5,-110,-110,,,52.5,-110,-110,,,,,,,True,,,odds_api,free
2026_NFL_W16_TEN_LV_draftkings_20260907T230510Z,2026_NFL_W16_TEN_LV,2026-09-07T23:05:10.258637+00:00,2026-09-07T23:04:12Z,draftkings,-1.5,-110,-110,-125.0,105.0,42.5,-110,-110,,,,,,,True,,,odds_api,free
2026_NFL_W16_LAC_MIA_draftkings_20260907T230510Z,2026_NFL_W16_LAC_MIA,2026-09-07T23:05:10.258637+00:00,2026-09-07T23:04:12Z,draftkings,7.0,-108,-112,285.0,-360.0,45.5,-110,-110,,,,,,,True,,,odds_api,free
2026_NFL_W16_WAS_MIN_draftkings_20260907T230510Z,2026_NFL_W16_WAS_MIN,2026-09-07T23:05:10.258637+00:00,2026-09-07T23:04:12Z,draftkings,-2.5,-110,-110,-135.0,114.0,46.5,-110,-110,,,,,,,True,,,odds_api,free
2026_NFL_W16_WAS_MIN_betus_20260907T230510Z,2026_NFL_W16_WAS_MIN,2026-09-07T23:05:10.258637+00:00,2026-09-07T23:04:11Z,betus,-2.5,-110,-110,,,46.5,-110,-110,,,,,,,True,,,odds_api,free
2026_NFL_W16_NE_NYJ_draftkings_20260907T230510Z,2026_NFL_W16_NE_NYJ,2026-09-07T23:05:10.258637+00:00,2026-09-07T23:04:12Z,draftkings,6.5,-110,-110,220.0,-270.0,40.5,-110,-110,,,,,,,True,,,odds_api,free
2026_NFL_W16_SF_KC_draftkings_20260907T230510Z,2026_NFL_W16_SF_KC,2026-09-07T23:05:10.258637+00:00,2026-09-07T23:04:12Z,draftkings,-3.0,-102,-118,-162.0,136.0,46.5,-110,-110,,,,,,,True,,,odds_api,free
2026_NFL_W16_SF_KC_betus_20260907T230510Z,2026_NFL_W16_SF_KC,2026-09-07T23:05:10.258637+00:00,2026-09-07T23:04:11Z,betus,-2.5,-120,100,,,46.5,-110,-110,,,,,,,True,,,odds_api,free
2026_NFL_W16_JAX_DAL_draftkings_20260907T230510Z,2026_NFL_W16_JAX_DAL,2026-09-07T23:05:10.258637+00:00,2026-09-07T23:04:12Z,draftkings,-3.0,-102,-118,-162.0,136.0,51.5,-110,-110,,,,,,,True,,,odds_api,free
2026_NFL_W16_NYG_DET_draftkings_20260907T230510Z,2026_NFL_W16_NYG_DET,2026-09-07T23:05:10.258637+00:00,2026-09-07T23:04:12Z,draftkings,-4.5,-110,-110,-205.0,170.0,49.5,-110,-110,,,,,,,True,,,odds_api,free
2026_NFL_W16_HOU_PHI_draftkings_20260907T231301Z,2026_NFL_W16_HOU_PHI,2026-09-07T23:13:01.148217+00:00,2026-09-07T23:12:24Z,draftkings,-2.5,-108,-112,-135.0,114.0,37.5,-110,-110,,,,,,,True,,,odds_api,free
2026_NFL_W16_HOU_PHI_fanduel_20260907T231301Z,2026_NFL_W16_HOU_PHI,2026-09-07T23:13:01.148217+00:00,2026-09-07T23:12:24Z,fanduel,-2.5,-105,-115,-132.0,112.0,38.5,-104,-118,,,,,,,True,,,odds_api,free
2026_NFL_W16_GB_CHI_draftkings_20260907T231301Z,2026_NFL_W16_GB_CHI,2026-09-07T23:13:01.148217+00:00,2026-09-07T23:12:24Z,draftkings,-1.5,-105,-115,-118.0,-102.0,47.5,-110,-110,,,,,,,True,,,odds_api,free
2026_NFL_W16_GB_CHI_fanduel_20260907T231301Z,2026_NFL_W16_GB_CHI,2026-09-07T23:13:01.148217+00:00,2026-09-07T23:12:24Z,fanduel,-1.5,-105,-115,-118.0,100.0,47.5,-115,-105,,,,,,,True,,,odds_api,free
2026_NFL_W16_BUF_DEN_draftkings_20260907T231301Z,2026_NFL_W16_BUF_DEN,2026-09-07T23:13:01.148217+00:00,2026-09-07T23:12:24Z,draftkings,1.5,-105,-115,110.0,-130.0,46.5,-110,-110,,,,,,,True,,,odds_api,free
2026_NFL_W16_BUF_DEN_fanduel_20260907T231301Z,2026_NFL_W16_BUF_DEN,2026-09-07T23:13:01.148217+00:00,2026-09-07T23:12:24Z,fanduel,1.5,-105,-115,112.0,-132.0,46.5,-115,-105,,,,,,,True,,,odds_api,free
2026_NFL_W16_LAR_SEA_draftkings_20260907T231301Z,2026_NFL_W16_LAR_SEA,2026-09-07T23:13:01.148217+00:00,2026-09-07T23:12:24Z,draftkings,-1.5,-115,-105,-130.0,110.0,47.5,-110,-110,,,,,,,True,,,odds_api,free
2026_NFL_W16_LAR_SEA_fanduel_20260907T231301Z,2026_NFL_W16_LAR_SEA,2026-09-07T23:13:01.148217+00:00,2026-09-07T23:12:24Z,fanduel,1.5,-115,-105,100.0,-118.0,45.5,-110,-110,,,,,,,True,,,odds_api,free
2026_NFL_W16_ARI_NO_draftkings_20260907T231301Z,2026_NFL_W16_ARI_NO,2026-09-07T23:13:01.148217+00:00,2026-09-07T23:12:24Z,draftkings,-5.5,-110,-110,-250.0,205.0,44.5,-110,-110,,,,,,,True,,,odds_api,free
2026_NFL_W16_ARI_NO_betus_20260907T231301Z,2026_NFL_W16_ARI_NO,2026-09-07T23:13:01.148217+00:00,2026-09-07T23:12:44Z,betus,-5.5,-110,-110,,,44.5,-110,-110,,,,,,,True,,,odds_api,free
2026_NFL_W16_TB_ATL_draftkings_20260907T231301Z,2026_NFL_W16_TB_ATL,2026-09-07T23:13:01.148217+00:00,2026-09-07T23:12:24Z,draftkings,1.5,-110,-110,105.0,-125.0,45.5,-110,-110,,,,,,,True,,,odds_api,free
2026_NFL_W16_CLE_BAL_draftkings_20260907T231301Z,2026_NFL_W16_CLE_BAL,2026-09-07T23:13:01.148217+00:00,2026-09-07T23:12:24Z,draftkings,-10.0,-110,-110,-425.0,330.0,43.5,-110,-110,,,,,,,True,,,odds_api,free
2026_NFL_W16_CLE_BAL_betus_20260907T231301Z,2026_NFL_W16_CLE_BAL,2026-09-07T23:13:01.148217+00:00,2026-09-07T23:12:44Z,betus,-9.5,-110,-110,,,43.5,-110,-110,,,,,,,True,,,odds_api,free
2026_NFL_W16_CAR_PIT_draftkings_20260907T231301Z,2026_NFL_W16_CAR_PIT,2026-09-07T23:13:01.148217+00:00,2026-09-07T23:12:24Z,draftkings,-3.5,-110,-110,-192.0,160.0,41.5,-110,-110,,,,,,,True,,,odds_api,free
2026_NFL_W16_CAR_PIT_betus_20260907T231301Z,2026_NFL_W16_CAR_PIT,2026-09-07T23:13:01.148217+00:00,2026-09-07T23:12:44Z,betus,-3.5,-110,-110,,,41.5,-110,-110,,,,,,,True,,,odds_api,free
2026_NFL_W16_CIN_IND_draftkings_20260907T231301Z,2026_NFL_W16_CIN_IND,2026-09-07T23:13:01.148217+00:00,2026-09-07T23:12:24Z,draftkings,1.5,-110,-110,105.0,-125.0,52.5,-110,-110,,,,,,,True,,,odds_api,free
2026_NFL_W16_CIN_IND_betus_20260907T231301Z,2026_NFL_W16_CIN_IND,2026-09-07T23:13:01.148217+00:00,2026-09-07T23:12:44Z,betus,1.5,-110,-110,,,52.5,-110,-110,,,,,,,True,,,odds_api,free
2026_NFL_W16_TEN_LV_draftkings_20260907T231301Z,2026_NFL_W16_TEN_LV,2026-09-07T23:13:01.148217+00:00,2026-09-07T23:12:24Z,draftkings,-1.5,-110,-110,-125.0,105.0,42.5,-110,-110,,,,,,,True,,,odds_api,free
2026_NFL_W16_LAC_MIA_draftkings_20260907T231301Z,2026_NFL_W16_LAC_MIA,2026-09-07T23:13:01.148217+00:00,2026-09-07T23:12:24Z,draftkings,7.0,-108,-112,285.0,-360.0,45.5,-110,-110,,,,,,,True,,,odds_api,free
2026_NFL_W16_WAS_MIN_draftkings_20260907T231301Z,2026_NFL_W16_WAS_MIN,2026-09-07T23:13:01.148217+00:00,2026-09-07T23:12:24Z,draftkings,-2.5,-110,-110,-135.0,114.0,46.5,-110,-110,,,,,,,True,,,odds_api,free
2026_NFL_W16_WAS_MIN_betus_20260907T231301Z,2026_NFL_W16_WAS_MIN,2026-09-07T23:13:01.148217+00:00,2026-09-07T23:12:44Z,betus,-2.5,-110,-110,,,46.5,-110,-110,,,,,,,True,,,odds_api,free
2026_NFL_W16_NE_NYJ_draftkings_20260907T231301Z,2026_NFL_W16_NE_NYJ,2026-09-07T23:13:01.148217+00:00,2026-09-07T23:12:24Z,draftkings,6.5,-110,-110,220.0,-270.0,40.5,-110,-110,,,,,,,True,,,odds_api,free
2026_NFL_W16_SF_KC_draftkings_20260907T231301Z,2026_NFL_W16_SF_KC,2026-09-07T23:13:01.148217+00:00,2026-09-07T23:12:24Z,draftkings,-3.0,-102,-118,-162.0,136.0,46.5,-110,-110,,,,,,,True,,,odds_api,free
2026_NFL_W16_SF_KC_betus_20260907T231301Z,2026_NFL_W16_SF_KC,2026-09-07T23:13:01.148217+00:00,2026-09-07T23:12:44Z,betus,-2.5,-120,100,,,46.5,-110,-110,,,,,,,True,,,odds_api,free
2026_NFL_W16_JAX_DAL_draftkings_20260907T231301Z,2026_NFL_W16_JAX_DAL,2026-09-07T23:13:01.148217+00:00,2026-09-07T23:12:24Z,draftkings,-3.0,-102,-118,-162.0,136.0,51.5,-110,-110,,,,,,,True,,,odds_api,free
2026_NFL_W16_NYG_DET_draftkings_20260907T231301Z,2026_NFL_W16_NYG_DET,2026-09-07T23:13:01.148217+00:00,2026-09-07T23:12:24Z,draftkings,-4.5,-110,-110,-205.0,170.0,49.5,-110,-110,,,,,,,True,,,odds_api,free
2026_NFL_W16_HOU_PHI_draftkings_20260908T001251Z,2026_NFL_W16_HOU_PHI,2026-09-08T00:12:51.163249+00:00,2026-09-08T00:11:56Z,draftkings,-2.5,-108,-112,-135.0,114.0,37.5,-110,-110,,,,,,,True,,,odds_api,free
2026_NFL_W16_HOU_PHI_fanduel_20260908T001251Z,2026_NFL_W16_HOU_PHI,2026-09-08T00:12:51.163249+00:00,2026-09-08T00:12:38Z,fanduel,-2.5,-105,-115,-132.0,112.0,38.5,-104,-118,,,,,,,True,,,odds_api,free
2026_NFL_W16_GB_CHI_draftkings_20260908T001251Z,2026_NFL_W16_GB_CHI,2026-09-08T00:12:51.163249+00:00,2026-09-08T00:11:56Z,draftkings,-1.5,-105,-115,-118.0,-102.0,47.5,-110,-110,,,,,,,True,,,odds_api,free
2026_NFL_W16_GB_CHI_fanduel_20260908T001251Z,2026_NFL_W16_GB_CHI,2026-09-08T00:12:51.163249+00:00,2026-09-08T00:12:38Z,fanduel,-1.5,-105,-115,-118.0,100.0,47.5,-115,-105,,,,,,,True,,,odds_api,free
2026_NFL_W16_BUF_DEN_draftkings_20260908T001251Z,2026_NFL_W16_BUF_DEN,2026-09-08T00:12:51.163249+00:00,2026-09-08T00:11:56Z,draftkings,1.5,-105,-115,110.0,-130.0,46.5,-110,-110,,,,,,,True,,,odds_api,free
2026_NFL_W16_BUF_DEN_fanduel_20260908T001251Z,2026_NFL_W16_BUF_DEN,2026-09-08T00:12:51.163249+00:00,2026-09-08T00:12:38Z,fanduel,1.5,-105,-115,112.0,-132.0,46.5,-115,-105,,,,,,,True,,,odds_api,free
2026_NFL_W16_LAR_SEA_draftkings_20260908T001251Z,2026_NFL_W16_LAR_SEA,2026-09-08T00:12:51.163249+00:00,2026-09-08T00:11:56Z,draftkings,-1.5,-115,-105,-130.0,110.0,47.5,-110,-110,,,,,,,True,,,odds_api,free
2026_NFL_W16_LAR_SEA_fanduel_20260908T001251Z,2026_NFL_W16_LAR_SEA,2026-09-08T00:12:51.163249+00:00,2026-09-08T00:12:38Z,fanduel,1.5,-115,-105,100.0,-118.0,45.5,-110,-110,,,,,,,True,,,odds_api,free
2026_NFL_W16_ARI_NO_draftkings_20260908T001251Z,2026_NFL_W16_ARI_NO,2026-09-08T00:12:51.163249+00:00,2026-09-08T00:11:56Z,draftkings,-5.5,-110,-110,-250.0,205.0,44.5,-110,-110,,,,,,,True,,,odds_api,free
2026_NFL_W16_ARI_NO_betus_20260908T001251Z,2026_NFL_W16_ARI_NO,2026-09-08T00:12:51.163249+00:00,2026-09-08T00:12:41Z,betus,-5.5,-110,-110,,,44.5,-110,-110,,,,,,,True,,,odds_api,free
2026_NFL_W16_TB_ATL_draftkings_20260908T001251Z,2026_NFL_W16_TB_ATL,2026-09-08T00:12:51.163249+00:00,2026-09-08T00:11:56Z,draftkings,1.5,-110,-110,105.0,-125.0,45.5,-110,-110,,,,,,,True,,,odds_api,free
2026_NFL_W16_CLE_BAL_draftkings_20260908T001251Z,2026_NFL_W16_CLE_BAL,2026-09-08T00:12:51.163249+00:00,2026-09-08T00:11:56Z,draftkings,-10.0,-110,-110,-425.0,330.0,43.5,-110,-110,,,,,,,True,,,odds_api,free
2026_NFL_W16_CLE_BAL_betus_20260908T001251Z,2026_NFL_W16_CLE_BAL,2026-09-08T00:12:51.163249+00:00,2026-09-08T00:12:41Z,betus,-9.5,-110,-110,,,43.5,-110,-110,,,,,,,True,,,odds_api,free
2026_NFL_W16_CAR_PIT_draftkings_20260908T001251Z,2026_NFL_W16_CAR_PIT,2026-09-08T00:12:51.163249+00:00,2026-09-08T00:11:56Z,draftkings,-3.5,-110,-110,-192.0,160.0,41.5,-110,-110,,,,,,,True,,,odds_api,free
2026_NFL_W16_CAR_PIT_betus_20260908T001251Z,2026_NFL_W16_CAR_PIT,2026-09-08T00:12:51.163249+00:00,2026-09-08T00:12:41Z,betus,-3.5,-110,-110,,,41.5,-110,-110,,,,,,,True,,,odds_api,free
2026_NFL_W16_CIN_IND_draftkings_20260908T001251Z,2026_NFL_W16_CIN_IND,2026-09-08T00:12:51.163249+00:00,2026-09-08T00:11:56Z,draftkings,1.5,-110,-110,105.0,-125.0,52.5,-110,-110,,,,,,,True,,,odds_api,free
2026_NFL_W16_CIN_IND_betus_20260908T001251Z,2026_NFL_W16_CIN_IND,2026-09-08T00:12:51.163249+00:00,2026-09-08T00:12:41Z,betus,1.5,-110,-110,,,52.5,-110,-110,,,,,,,True,,,odds_api,free
2026_NFL_W16_TEN_LV_draftkings_20260908T001251Z,2026_NFL_W16_TEN_LV,2026-09-08T00:12:51.163249+00:00,2026-09-08T00:11:56Z,draftkings,-1.5,-110,-110,-125.0,105.0,42.5,-110,-110,,,,,,,True,,,odds_api,free
2026_NFL_W16_LAC_MIA_draftkings_20260908T001251Z,2026_NFL_W16_LAC_MIA,2026-09-08T00:12:51.163249+00:00,2026-09-08T00:11:56Z,draftkings,7.0,-108,-112,285.0,-360.0,45.5,-110,-110,,,,,,,True,,,odds_api,free
2026_NFL_W16_WAS_MIN_draftkings_20260908T001251Z,2026_NFL_W16_WAS_MIN,2026-09-08T00:12:51.163249+00:00,2026-09-08T00:11:56Z,draftkings,-2.5,-110,-110,-135.0,114.0,46.5,-110,-110,,,,,,,True,,,odds_api,free
2026_NFL_W16_WAS_MIN_betus_20260908T001251Z,2026_NFL_W16_WAS_MIN,2026-09-08T00:12:51.163249+00:00,2026-09-08T00:12:41Z,betus,-2.5,-110,-110,,,46.5,-110,-110,,,,,,,True,,,odds_api,free
2026_NFL_W16_NE_NYJ_draftkings_20260908T001251Z,2026_NFL_W16_NE_NYJ,2026-09-08T00:12:51.163249+00:00,2026-09-08T00:11:56Z,draftkings,6.5,-110,-110,220.0,-270.0,40.5,-110,-110,,,,,,,True,,,odds_api,free
2026_NFL_W16_SF_KC_draftkings_20260908T001251Z,2026_NFL_W16_SF_KC,2026-09-08T00:12:51.163249+00:00,2026-09-08T00:11:56Z,draftkings,-3.0,-102,-118,-162.0,136.0,46.5,-110,-110,,,,,,,True,,,odds_api,free
2026_NFL_W16_SF_KC_betus_20260908T001251Z,2026_NFL_W16_SF_KC,2026-09-08T00:12:51.163249+00:00,2026-09-08T00:12:41Z,betus,-2.5,-120,100,,,46.5,-110,-110,,,,,,,True,,,odds_api,free
2026_NFL_W16_JAX_DAL_draftkings_20260908T001251Z,2026_NFL_W16_JAX_DAL,2026-09-08T00:12:51.163249+00:00,2026-09-08T00:11:56Z,draftkings,-3.0,-102,-118,-162.0,136.0,51.5,-110,-110,,,,,,,True,,,odds_api,free
2026_NFL_W16_NYG_DET_draftkings_20260908T001251Z,2026_NFL_W16_NYG_DET,2026-09-08T00:12:51.163249+00:00,2026-09-08T00:11:56Z,draftkings,-4.5,-110,-110,-205.0,170.0,49.5,-110,-110,,,,,,,True,,,odds_api,free
2026_NFL_W16_HOU_PHI_draftkings_20260908T141841Z,2026_NFL_W16_HOU_PHI,2026-09-08T14:18:41.613823+00:00,2026-09-08T14:18:01Z,draftkings,-2.5,-108,-112,-135.0,114.0,37.5,-110,-110,,,,,,,True,,,odds_api,free
2026_NFL_W16_HOU_PHI_fanduel_20260908T141841Z,2026_NFL_W16_HOU_PHI,2026-09-08T14:18:41.613823+00:00,2026-09-08T14:17:58Z,fanduel,-2.5,-105,-115,-132.0,112.0,38.5,-104,-118,,,,,,,True,,,odds_api,free
2026_NFL_W16_GB_CHI_draftkings_20260908T141841Z,2026_NFL_W16_GB_CHI,2026-09-08T14:18:41.613823+00:00,2026-09-08T14:18:01Z,draftkings,-1.5,-105,-115,-118.0,-102.0,47.5,-110,-110,,,,,,,True,,,odds_api,free
2026_NFL_W16_GB_CHI_fanduel_20260908T141841Z,2026_NFL_W16_GB_CHI,2026-09-08T14:18:41.613823+00:00,2026-09-08T14:17:58Z,fanduel,-1.5,-105,-115,-118.0,100.0,47.5,-115,-105,,,,,,,True,,,odds_api,free
2026_NFL_W16_BUF_DEN_draftkings_20260908T141841Z,2026_NFL_W16_BUF_DEN,2026-09-08T14:18:41.613823+00:00,2026-09-08T14:18:01Z,draftkings,1.5,-105,-115,110.0,-130.0,46.5,-110,-110,,,,,,,True,,,odds_api,free
2026_NFL_W16_BUF_DEN_fanduel_20260908T141841Z,2026_NFL_W16_BUF_DEN,2026-09-08T14:18:41.613823+00:00,2026-09-08T14:17:58Z,fanduel,1.5,-105,-115,112.0,-132.0,46.5,-115,-105,,,,,,,True,,,odds_api,free
2026_NFL_W16_LAR_SEA_draftkings_20260908T141841Z,2026_NFL_W16_LAR_SEA,2026-09-08T14:18:41.613823+00:00,2026-09-08T14:18:01Z,draftkings,-1.5,-115,-105,-130.0,110.0,47.5,-110,-110,,,,,,,True,,,odds_api,free
2026_NFL_W16_LAR_SEA_fanduel_20260908T141841Z,2026_NFL_W16_LAR_SEA,2026-09-08T14:18:41.613823+00:00,2026-09-08T14:17:58Z,fanduel,1.5,-115,-105,100.0,-118.0,45.5,-110,-110,,,,,,,True,,,odds_api,free
2026_NFL_W16_ARI_NO_draftkings_20260908T141841Z,2026_NFL_W16_ARI_NO,2026-09-08T14:18:41.613823+00:00,2026-09-08T14:18:01Z,draftkings,-5.5,-110,-110,-250.0,205.0,44.5,-110,-110,,,,,,,True,,,odds_api,free
2026_NFL_W16_ARI_NO_betus_20260908T141841Z,2026_NFL_W16_ARI_NO,2026-09-08T14:18:41.613823+00:00,2026-09-08T14:17:31Z,betus,-5.5,-110,-110,,,44.5,-110,-110,,,,,,,True,,,odds_api,free
2026_NFL_W16_TB_ATL_draftkings_20260908T141841Z,2026_NFL_W16_TB_ATL,2026-09-08T14:18:41.613823+00:00,2026-09-08T14:18:01Z,draftkings,1.5,-110,-110,105.0,-125.0,45.5,-110,-110,,,,,,,True,,,odds_api,free
2026_NFL_W16_CLE_BAL_draftkings_20260908T141841Z,2026_NFL_W16_CLE_BAL,2026-09-08T14:18:41.613823+00:00,2026-09-08T14:18:01Z,draftkings,-10.0,-110,-110,-425.0,330.0,43.5,-110,-110,,,,,,,True,,,odds_api,free
2026_NFL_W16_CLE_BAL_betus_20260908T141841Z,2026_NFL_W16_CLE_BAL,2026-09-08T14:18:41.613823+00:00,2026-09-08T14:17:31Z,betus,-9.5,-110,-110,,,43.5,-110,-110,,,,,,,True,,,odds_api,free
2026_NFL_W16_CAR_PIT_draftkings_20260908T141841Z,2026_NFL_W16_CAR_PIT,2026-09-08T14:18:41.613823+00:00,2026-09-08T14:18:01Z,draftkings,-3.5,-110,-110,-192.0,160.0,41.5,-110,-110,,,,,,,True,,,odds_api,free
2026_NFL_W16_CAR_PIT_betus_20260908T141841Z,2026_NFL_W16_CAR_PIT,2026-09-08T14:18:41.613823+00:00,2026-09-08T14:17:31Z,betus,-3.5,-110,-110,,,41.5,-110,-110,,,,,,,True,,,odds_api,free
2026_NFL_W16_CIN_IND_draftkings_20260908T141841Z,2026_NFL_W16_CIN_IND,2026-09-08T14:18:41.613823+00:00,2026-09-08T14:18:01Z,draftkings,1.5,-110,-110,105.0,-125.0,52.5,-110,-110,,,,,,,True,,,odds_api,free
2026_NFL_W16_CIN_IND_betus_20260908T141841Z,2026_NFL_W16_CIN_IND,2026-09-08T14:18:41.613823+00:00,2026-09-08T14:17:31Z,betus,1.5,-110,-110,,,52.5,-110,-110,,,,,,,True,,,odds_api,free
2026_NFL_W16_TEN_LV_draftkings_20260908T141841Z,2026_NFL_W16_TEN_LV,2026-09-08T14:18:41.613823+00:00,2026-09-08T14:18:01Z,draftkings,-1.5,-110,-110,-125.0,105.0,42.5,-110,-110,,,,,,,True,,,odds_api,free
2026_NFL_W16_LAC_MIA_draftkings_20260908T141841Z,2026_NFL_W16_LAC_MIA,2026-09-08T14:18:41.613823+00:00,2026-09-08T14:18:01Z,draftkings,7.0,-108,-112,285.0,-360.0,45.5,-110,-110,,,,,,,True,,,odds_api,free
2026_NFL_W16_WAS_MIN_draftkings_20260908T141841Z,2026_NFL_W16_WAS_MIN,2026-09-08T14:18:41.613823+00:00,2026-09-08T14:18:01Z,draftkings,-2.5,-110,-110,-135.0,114.0,46.5,-110,-110,,,,,,,True,,,odds_api,free
2026_NFL_W16_WAS_MIN_betus_20260908T141841Z,2026_NFL_W16_WAS_MIN,2026-09-08T14:18:41.613823+00:00,2026-09-08T14:17:31Z,betus,-2.5,-110,-110,,,46.5,-110,-110,,,,,,,True,,,odds_api,free
2026_NFL_W16_NE_NYJ_draftkings_20260908T141841Z,2026_NFL_W16_NE_NYJ,2026-09-08T14:18:41.613823+00:00,2026-09-08T14:18:01Z,draftkings,6.5,-110,-110,220.0,-270.0,40.5,-110,-110,,,,,,,True,,,odds_api,free
2026_NFL_W16_SF_KC_draftkings_20260908T141841Z,2026_NFL_W16_SF_KC,2026-09-08T14:18:41.613823+00:00,2026-09-08T14:18:01Z,draftkings,-3.0,-102,-118,-162.0,136.0,46.5,-110,-110,,,,,,,True,,,odds_api,free
2026_NFL_W16_SF_KC_betus_20260908T141841Z,2026_NFL_W16_SF_KC,2026-09-08T14:18:41.613823+00:00,2026-09-08T14:17:31Z,betus,-2.5,-120,100,,,46.5,-110,-110,,,,,,,True,,,odds_api,free
2026_NFL_W16_JAX_DAL_draftkings_20260908T141841Z,2026_NFL_W16_JAX_DAL,2026-09-08T14:18:41.613823+00:00,2026-09-08T14:18:01Z,draftkings,-3.0,-102,-118,-162.0,136.0,51.5,-110,-110,,,,,,,True,,,odds_api,free
2026_NFL_W16_NYG_DET_draftkings_20260908T141841Z,2026_NFL_W16_NYG_DET,2026-09-08T14:18:41.613823+00:00,2026-09-08T14:18:01Z,draftkings,-4.5,-110,-110,-205.0,170.0,49.5,-110,-110,,,,,,,True,,,odds_api,free
2026_NFL_W16_HOU_PHI_draftkings_20260908T230438Z,2026_NFL_W16_HOU_PHI,2026-09-08T23:04:38.981862+00:00,2026-09-08T23:04:33Z,draftkings,-2.5,-108,-112,-135.0,114.0,37.5,-110,-110,,,,,,,True,,,odds_api,free
2026_NFL_W16_GB_CHI_draftkings_20260908T230438Z,2026_NFL_W16_GB_CHI,2026-09-08T23:04:38.981862+00:00,2026-09-08T23:04:33Z,draftkings,-1.5,-105,-115,-118.0,-102.0,47.5,-110,-110,,,,,,,True,,,odds_api,free
2026_NFL_W16_BUF_DEN_draftkings_20260908T230438Z,2026_NFL_W16_BUF_DEN,2026-09-08T23:04:38.981862+00:00,2026-09-08T23:04:33Z,draftkings,1.5,-105,-115,110.0,-130.0,46.5,-110,-110,,,,,,,True,,,odds_api,free
2026_NFL_W16_LAR_SEA_draftkings_20260908T230438Z,2026_NFL_W16_LAR_SEA,2026-09-08T23:04:38.981862+00:00,2026-09-08T23:04:33Z,draftkings,-1.5,-115,-105,-130.0,110.0,47.5,-110,-110,,,,,,,True,,,odds_api,free
2026_NFL_W16_ARI_NO_draftkings_20260908T230438Z,2026_NFL_W16_ARI_NO,2026-09-08T23:04:38.981862+00:00,2026-09-08T23:04:33Z,draftkings,-5.5,-110,-110,-250.0,205.0,44.5,-110,-110,,,,,,,True,,,odds_api,free
2026_NFL_W16_ARI_NO_betus_20260908T230438Z,2026_NFL_W16_ARI_NO,2026-09-08T23:04:38.981862+00:00,2026-09-08T23:03:40Z,betus,-5.5,-110,-110,,,44.5,-110,-110,,,,,,,True,,,odds_api,free
2026_NFL_W16_TB_ATL_draftkings_20260908T230438Z,2026_NFL_W16_TB_ATL,2026-09-08T23:04:38.981862+00:00,2026-09-08T23:04:33Z,draftkings,1.5,-110,-110,105.0,-125.0,45.5,-110,-110,,,,,,,True,,,odds_api,free
2026_NFL_W16_CLE_BAL_draftkings_20260908T230438Z,2026_NFL_W16_CLE_BAL,2026-09-08T23:04:38.981862+00:00,2026-09-08T23:04:33Z,draftkings,-10.0,-110,-110,-425.0,330.0,43.5,-110,-110,,,,,,,True,,,odds_api,free
2026_NFL_W16_CLE_BAL_betus_20260908T230438Z,2026_NFL_W16_CLE_BAL,2026-09-08T23:04:38.981862+00:00,2026-09-08T23:03:40Z,betus,-9.5,-110,-110,,,43.5,-110,-110,,,,,,,True,,,odds_api,free
2026_NFL_W16_CAR_PIT_draftkings_20260908T230438Z,2026_NFL_W16_CAR_PIT,2026-09-08T23:04:38.981862+00:00,2026-09-08T23:04:33Z,draftkings,-3.5,-110,-110,-192.0,160.0,41.5,-110,-110,,,,,,,True,,,odds_api,free
2026_NFL_W16_CAR_PIT_betus_20260908T230438Z,2026_NFL_W16_CAR_PIT,2026-09-08T23:04:38.981862+00:00,2026-09-08T23:03:40Z,betus,-3.5,-110,-110,,,41.5,-110,-110,,,,,,,True,,,odds_api,free
2026_NFL_W16_CIN_IND_draftkings_20260908T230438Z,2026_NFL_W16_CIN_IND,2026-09-08T23:04:38.981862+00:00,2026-09-08T23:04:33Z,draftkings,1.5,-110,-110,105.0,-125.0,52.5,-110,-110,,,,,,,True,,,odds_api,free
2026_NFL_W16_CIN_IND_betus_20260908T230438Z,2026_NFL_W16_CIN_IND,2026-09-08T23:04:38.981862+00:00,2026-09-08T23:03:40Z,betus,1.5,-110,-110,,,52.5,-110,-110,,,,,,,True,,,odds_api,free
2026_NFL_W16_TEN_LV_draftkings_20260908T230438Z,2026_NFL_W16_TEN_LV,2026-09-08T23:04:38.981862+00:00,2026-09-08T23:04:33Z,draftkings,-1.5,-110,-110,-125.0,105.0,42.5,-110,-110,,,,,,,True,,,odds_api,free
2026_NFL_W16_LAC_MIA_draftkings_20260908T230438Z,2026_NFL_W16_LAC_MIA,2026-09-08T23:04:38.981862+00:00,2026-09-08T23:04:33Z,draftkings,7.0,-108,-112,285.0,-360.0,45.5,-110,-110,,,,,,,True,,,odds_api,free
2026_NFL_W16_WAS_MIN_draftkings_20260908T230438Z,2026_NFL_W16_WAS_MIN,2026-09-08T23:04:38.981862+00:00,2026-09-08T23:04:33Z,draftkings,-2.5,-110,-110,-142.0,120.0,46.5,-110,-110,,,,,,,True,,,odds_api,free
2026_NFL_W16_WAS_MIN_betus_20260908T230438Z,2026_NFL_W16_WAS_MIN,2026-09-08T23:04:38.981862+00:00,2026-09-08T23:03:40Z,betus,-2.5,-110,-110,,,46.5,-110,-110,,,,,,,True,,,odds_api,free
2026_NFL_W16_NE_NYJ_draftkings_20260908T230438Z,2026_NFL_W16_NE_NYJ,2026-09-08T23:04:38.981862+00:00,2026-09-08T23:04:33Z,draftkings,6.5,-110,-110,225.0,-278.0,40.5,-110,-110,,,,,,,True,,,odds_api,free
2026_NFL_W16_SF_KC_draftkings_20260908T230438Z,2026_NFL_W16_SF_KC,2026-09-08T23:04:38.981862+00:00,2026-09-08T23:04:33Z,draftkings,-3.0,-102,-118,-155.0,130.0,46.5,-110,-110,,,,,,,True,,,odds_api,free
2026_NFL_W16_SF_KC_betus_20260908T230438Z,2026_NFL_W16_SF_KC,2026-09-08T23:04:38.981862+00:00,2026-09-08T23:03:40Z,betus,-2.5,-120,100,,,46.5,-110,-110,,,,,,,True,,,odds_api,free
2026_NFL_W16_JAX_DAL_draftkings_20260908T230438Z,2026_NFL_W16_JAX_DAL,2026-09-08T23:04:38.981862+00:00,2026-09-08T23:04:33Z,draftkings,-3.0,-102,-118,-162.0,136.0,51.5,-110,-110,,,,,,,True,,,odds_api,free
2026_NFL_W16_NYG_DET_draftkings_20260908T230438Z,2026_NFL_W16_NYG_DET,2026-09-08T23:04:38.981862+00:00,2026-09-08T23:04:33Z,draftkings,-4.5,-110,-110,-205.0,170.0,49.5,-110,-110,,,,,,,True,,,odds_api,free
2026_NFL_W16_HOU_PHI_draftkings_20260909T141640Z,2026_NFL_W16_HOU_PHI,2026-09-09T14:16:40.109976+00:00,2026-09-09T14:16:35Z,draftkings,-2.5,-108,-112,-135.0,114.0,37.5,-110,-110,,,,,,,True,,,odds_api,free
2026_NFL_W16_GB_CHI_draftkings_20260909T141640Z,2026_NFL_W16_GB_CHI,2026-09-09T14:16:40.109976+00:00,2026-09-09T14:16:35Z,draftkings,-1.5,-105,-115,-118.0,-102.0,47.5,-110,-110,,,,,,,True,,,odds_api,free
2026_NFL_W16_BUF_DEN_draftkings_20260909T141640Z,2026_NFL_W16_BUF_DEN,2026-09-09T14:16:40.109976+00:00,2026-09-09T14:16:35Z,draftkings,1.5,-105,-115,110.0,-130.0,46.5,-110,-110,,,,,,,True,,,odds_api,free
2026_NFL_W16_LAR_SEA_draftkings_20260909T141640Z,2026_NFL_W16_LAR_SEA,2026-09-09T14:16:40.109976+00:00,2026-09-09T14:16:35Z,draftkings,-1.5,-115,-105,-130.0,110.0,47.5,-110,-110,,,,,,,True,,,odds_api,free
2026_NFL_W16_ARI_NO_draftkings_20260909T141640Z,2026_NFL_W16_ARI_NO,2026-09-09T14:16:40.109976+00:00,2026-09-09T14:16:35Z,draftkings,-5.5,-110,-110,-250.0,205.0,44.5,-110,-110,,,,,,,True,,,odds_api,free
2026_NFL_W16_ARI_NO_betus_20260909T141640Z,2026_NFL_W16_ARI_NO,2026-09-09T14:16:40.109976+00:00,2026-09-09T14:16:36Z,betus,-5.5,-110,-110,,,44.5,-110,-110,,,,,,,True,,,odds_api,free
2026_NFL_W16_TB_ATL_draftkings_20260909T141640Z,2026_NFL_W16_TB_ATL,2026-09-09T14:16:40.109976+00:00,2026-09-09T14:16:35Z,draftkings,1.5,-110,-110,105.0,-125.0,45.5,-110,-110,,,,,,,True,,,odds_api,free
2026_NFL_W16_CLE_BAL_draftkings_20260909T141640Z,2026_NFL_W16_CLE_BAL,2026-09-09T14:16:40.109976+00:00,2026-09-09T14:16:35Z,draftkings,-10.0,-110,-110,-425.0,330.0,43.5,-110,-110,,,,,,,True,,,odds_api,free
2026_NFL_W16_CLE_BAL_betus_20260909T141640Z,2026_NFL_W16_CLE_BAL,2026-09-09T14:16:40.109976+00:00,2026-09-09T14:16:36Z,betus,-9.5,-110,-110,,,43.5,-110,-110,,,,,,,True,,,odds_api,free
2026_NFL_W16_CAR_PIT_draftkings_20260909T141640Z,2026_NFL_W16_CAR_PIT,2026-09-09T14:16:40.109976+00:00,2026-09-09T14:16:35Z,draftkings,-3.5,-110,-110,-192.0,160.0,41.5,-110,-110,,,,,,,True,,,odds_api,free
2026_NFL_W16_CAR_PIT_betus_20260909T141640Z,2026_NFL_W16_CAR_PIT,2026-09-09T14:16:40.109976+00:00,2026-09-09T14:16:36Z,betus,-3.5,-110,-110,,,41.5,-110,-110,,,,,,,True,,,odds_api,free
2026_NFL_W16_CIN_IND_draftkings_20260909T141640Z,2026_NFL_W16_CIN_IND,2026-09-09T14:16:40.109976+00:00,2026-09-09T14:16:35Z,draftkings,1.5,-110,-110,105.0,-125.0,52.5,-110,-110,,,,,,,True,,,odds_api,free
2026_NFL_W16_CIN_IND_betus_20260909T141640Z,2026_NFL_W16_CIN_IND,2026-09-09T14:16:40.109976+00:00,2026-09-09T14:16:36Z,betus,1.5,-110,-110,,,52.5,-110,-110,,,,,,,True,,,odds_api,free
2026_NFL_W16_TEN_LV_draftkings_20260909T141640Z,2026_NFL_W16_TEN_LV,2026-09-09T14:16:40.109976+00:00,2026-09-09T14:16:35Z,draftkings,-1.5,-110,-110,-125.0,105.0,42.5,-110,-110,,,,,,,True,,,odds_api,free
2026_NFL_W16_LAC_MIA_draftkings_20260909T141640Z,2026_NFL_W16_LAC_MIA,2026-09-09T14:16:40.109976+00:00,2026-09-09T14:16:35Z,draftkings,7.0,-108,-112,285.0,-360.0,45.5,-110,-110,,,,,,,True,,,odds_api,free
2026_NFL_W16_WAS_MIN_draftkings_20260909T141640Z,2026_NFL_W16_WAS_MIN,2026-09-09T14:16:40.109976+00:00,2026-09-09T14:16:35Z,draftkings,-2.5,-110,-110,-142.0,120.0,46.5,-110,-110,,,,,,,True,,,odds_api,free
2026_NFL_W16_WAS_MIN_betus_20260909T141640Z,2026_NFL_W16_WAS_MIN,2026-09-09T14:16:40.109976+00:00,2026-09-09T14:16:36Z,betus,-2.5,-110,-110,,,46.5,-110,-110,,,,,,,True,,,odds_api,free
2026_NFL_W16_NE_NYJ_draftkings_20260909T141640Z,2026_NFL_W16_NE_NYJ,2026-09-09T14:16:40.109976+00:00,2026-09-09T14:16:35Z,draftkings,6.5,-110,-110,225.0,-278.0,40.5,-110,-110,,,,,,,True,,,odds_api,free
2026_NFL_W16_SF_KC_draftkings_20260909T141640Z,2026_NFL_W16_SF_KC,2026-09-09T14:16:40.109976+00:00,2026-09-09T14:16:35Z,draftkings,-3.0,-102,-118,-155.0,130.0,46.5,-110,-110,,,,,,,True,,,odds_api,free
2026_NFL_W16_SF_KC_betus_20260909T141640Z,2026_NFL_W16_SF_KC,2026-09-09T14:16:40.109976+00:00,2026-09-09T14:16:36Z,betus,-2.5,-120,100,,,46.5,-110,-110,,,,,,,True,,,odds_api,free
2026_NFL_W16_JAX_DAL_draftkings_20260909T141640Z,2026_NFL_W16_JAX_DAL,2026-09-09T14:16:40.109976+00:00,2026-09-09T14:16:35Z,draftkings,-3.0,-102,-118,-162.0,136.0,51.5,-110,-110,,,,,,,True,,,odds_api,free
2026_NFL_W16_NYG_DET_draftkings_20260909T141640Z,2026_NFL_W16_NYG_DET,2026-09-09T14:16:40.109976+00:00,2026-09-09T14:16:35Z,draftkings,-4.5,-110,-110,-205.0,170.0,49.5,-110,-110,,,,,,,True,,,odds_api,free
2026_NFL_W16_HOU_PHI_draftkings_20260909T230417Z,2026_NFL_W16_HOU_PHI,2026-09-09T23:04:17.229727+00:00,2026-09-09T23:03:51Z,draftkings,-2.5,-108,-112,-135.0,114.0,37.5,-110,-110,,,,,,,True,,,odds_api,free
2026_NFL_W16_GB_CHI_draftkings_20260909T230417Z,2026_NFL_W16_GB_CHI,2026-09-09T23:04:17.229727+00:00,2026-09-09T23:03:51Z,draftkings,-1.5,-105,-115,-118.0,-102.0,47.5,-110,-110,,,,,,,True,,,odds_api,free
2026_NFL_W16_BUF_DEN_draftkings_20260909T230417Z,2026_NFL_W16_BUF_DEN,2026-09-09T23:04:17.229727+00:00,2026-09-09T23:03:51Z,draftkings,1.5,-105,-115,110.0,-130.0,46.5,-110,-110,,,,,,,True,,,odds_api,free
2026_NFL_W16_LAR_SEA_draftkings_20260909T230417Z,2026_NFL_W16_LAR_SEA,2026-09-09T23:04:17.229727+00:00,2026-09-09T23:03:51Z,draftkings,-1.5,-115,-105,-130.0,110.0,47.5,-110,-110,,,,,,,True,,,odds_api,free
2026_NFL_W16_ARI_NO_draftkings_20260909T230417Z,2026_NFL_W16_ARI_NO,2026-09-09T23:04:17.229727+00:00,2026-09-09T23:03:51Z,draftkings,-5.5,-110,-110,-245.0,200.0,44.5,-110,-110,,,,,,,True,,,odds_api,free
2026_NFL_W16_ARI_NO_betus_20260909T230417Z,2026_NFL_W16_ARI_NO,2026-09-09T23:04:17.229727+00:00,2026-09-09T23:03:02Z,betus,-5.5,-110,-110,,,44.5,-110,-110,,,,,,,True,,,odds_api,free
2026_NFL_W16_TB_ATL_draftkings_20260909T230417Z,2026_NFL_W16_TB_ATL,2026-09-09T23:04:17.229727+00:00,2026-09-09T23:03:51Z,draftkings,1.5,-110,-110,105.0,-125.0,45.5,-110,-110,,,,,,,True,,,odds_api,free
2026_NFL_W16_CLE_BAL_draftkings_20260909T230417Z,2026_NFL_W16_CLE_BAL,2026-09-09T23:04:17.229727+00:00,2026-09-09T23:03:51Z,draftkings,-10.0,-110,-110,-425.0,330.0,43.5,-110,-110,,,,,,,True,,,odds_api,free
2026_NFL_W16_CLE_BAL_betus_20260909T230417Z,2026_NFL_W16_CLE_BAL,2026-09-09T23:04:17.229727+00:00,2026-09-09T23:03:02Z,betus,-9.5,-110,-110,,,43.5,-110,-110,,,,,,,True,,,odds_api,free
2026_NFL_W16_CAR_PIT_draftkings_20260909T230417Z,2026_NFL_W16_CAR_PIT,2026-09-09T23:04:17.229727+00:00,2026-09-09T23:03:51Z,draftkings,-3.5,-110,-110,-192.0,160.0,41.5,-110,-110,,,,,,,True,,,odds_api,free
2026_NFL_W16_CAR_PIT_betus_20260909T230417Z,2026_NFL_W16_CAR_PIT,2026-09-09T23:04:17.229727+00:00,2026-09-09T23:03:02Z,betus,-3.5,-110,-110,,,41.5,-110,-110,,,,,,,True,,,odds_api,free
2026_NFL_W16_CIN_IND_draftkings_20260909T230417Z,2026_NFL_W16_CIN_IND,2026-09-09T23:04:17.229727+00:00,2026-09-09T23:03:51Z,draftkings,1.5,-110,-110,105.0,-125.0,52.5,-110,-110,,,,,,,True,,,odds_api,free
2026_NFL_W16_CIN_IND_betus_20260909T230417Z,2026_NFL_W16_CIN_IND,2026-09-09T23:04:17.229727+00:00,2026-09-09T23:03:02Z,betus,1.5,-110,-110,,,52.5,-110,-110,,,,,,,True,,,odds_api,free
2026_NFL_W16_TEN_LV_draftkings_20260909T230417Z,2026_NFL_W16_TEN_LV,2026-09-09T23:04:17.229727+00:00,2026-09-09T23:03:51Z,draftkings,-1.5,-110,-110,-125.0,105.0,42.5,-110,-110,,,,,,,True,,,odds_api,free
2026_NFL_W16_LAC_MIA_draftkings_20260909T230417Z,2026_NFL_W16_LAC_MIA,2026-09-09T23:04:17.229727+00:00,2026-09-09T23:03:51Z,draftkings,7.0,-108,-112,285.0,-360.0,45.5,-110,-110,,,,,,,True,,,odds_api,free
2026_NFL_W16_WAS_MIN_draftkings_20260909T230417Z,2026_NFL_W16_WAS_MIN,2026-09-09T23:04:17.229727+00:00,2026-09-09T23:03:51Z,draftkings,-2.5,-110,-110,-135.0,114.0,46.5,-110,-110,,,,,,,True,,,odds_api,free
2026_NFL_W16_WAS_MIN_betus_20260909T230417Z,2026_NFL_W16_WAS_MIN,2026-09-09T23:04:17.229727+00:00,2026-09-09T23:03:02Z,betus,-2.5,-110,-110,,,46.5,-110,-110,,,,,,,True,,,odds_api,free
2026_NFL_W16_NE_NYJ_draftkings_20260909T230417Z,2026_NFL_W16_NE_NYJ,2026-09-09T23:04:17.229727+00:00,2026-09-09T23:03:51Z,draftkings,6.5,-110,-110,220.0,-270.0,40.5,-110,-110,,,,,,,True,,,odds_api,free
2026_NFL_W16_SF_KC_draftkings_20260909T230417Z,2026_NFL_W16_SF_KC,2026-09-09T23:04:17.229727+00:00,2026-09-09T23:03:51Z,draftkings,-3.0,-102,-118,-155.0,130.0,46.5,-110,-110,,,,,,,True,,,odds_api,free
2026_NFL_W16_SF_KC_betus_20260909T230417Z,2026_NFL_W16_SF_KC,2026-09-09T23:04:17.229727+00:00,2026-09-09T23:03:02Z,betus,-2.5,-120,100,,,46.5,-110,-110,,,,,,,True,,,odds_api,free
2026_NFL_W16_JAX_DAL_draftkings_20260909T230417Z,2026_NFL_W16_JAX_DAL,2026-09-09T23:04:17.229727+00:00,2026-09-09T23:03:51Z,draftkings,-3.0,-102,-118,-162.0,136.0,51.5,-110,-110,,,,,,,True,,,odds_api,free
2026_NFL_W16_NYG_DET_draftkings_20260909T230417Z,2026_NFL_W16_NYG_DET,2026-09-09T23:04:17.229727+00:00,2026-09-09T23:03:51Z,draftkings,-4.5,-110,-110,-205.0,170.0,49.5,-110,-110,,,,,,,True,,,odds_api,free
2026_NFL_W16_HOU_PHI_draftkings_20260910T141608Z,2026_NFL_W16_HOU_PHI,2026-09-10T14:16:08.007204+00:00,2026-09-10T14:14:09Z,draftkings,-2.5,-108.0,-112.0,-135.0,114.0,37.5,-110,-110,,,,,,,True,,,odds_api,free
2026_NFL_W16_GB_CHI_draftkings_20260910T141608Z,2026_NFL_W16_GB_CHI,2026-09-10T14:16:08.007204+00:00,2026-09-10T14:14:09Z,draftkings,-1.5,-105.0,-115.0,-118.0,-102.0,47.5,-110,-110,,,,,,,True,,,odds_api,free
2026_NFL_W16_BUF_DEN_draftkings_20260910T141608Z,2026_NFL_W16_BUF_DEN,2026-09-10T14:16:08.007204+00:00,2026-09-10T14:14:09Z,draftkings,1.5,-105.0,-115.0,110.0,-130.0,46.5,-110,-110,,,,,,,True,,,odds_api,free
2026_NFL_W16_ARI_NO_draftkings_20260910T141608Z,2026_NFL_W16_ARI_NO,2026-09-10T14:16:08.007204+00:00,2026-09-10T14:14:09Z,draftkings,-5.5,-110.0,-110.0,-245.0,200.0,44.5,-110,-110,,,,,,,True,,,odds_api,free
2026_NFL_W16_ARI_NO_betus_20260910T141608Z,2026_NFL_W16_ARI_NO,2026-09-10T14:16:08.007204+00:00,2026-09-10T14:15:01Z,betus,-5.5,-110.0,-110.0,,,44.5,-110,-110,,,,,,,True,,,odds_api,free
2026_NFL_W16_TB_ATL_draftkings_20260910T141608Z,2026_NFL_W16_TB_ATL,2026-09-10T14:16:08.007204+00:00,2026-09-10T14:14:09Z,draftkings,1.5,-110.0,-110.0,105.0,-125.0,45.5,-110,-110,,,,,,,True,,,odds_api,free
2026_NFL_W16_CLE_BAL_draftkings_20260910T141608Z,2026_NFL_W16_CLE_BAL,2026-09-10T14:16:08.007204+00:00,2026-09-10T14:14:09Z,draftkings,-10.0,-110.0,-110.0,-425.0,330.0,43.5,-110,-110,,,,,,,True,,,odds_api,free
2026_NFL_W16_CLE_BAL_betus_20260910T141608Z,2026_NFL_W16_CLE_BAL,2026-09-10T14:16:08.007204+00:00,2026-09-10T14:15:01Z,betus,-9.5,-110.0,-110.0,,,43.5,-110,-110,,,,,,,True,,,odds_api,free
2026_NFL_W16_CAR_PIT_draftkings_20260910T141608Z,2026_NFL_W16_CAR_PIT,2026-09-10T14:16:08.007204+00:00,2026-09-10T14:14:09Z,draftkings,-3.5,-110.0,-110.0,-192.0,160.0,41.5,-110,-110,,,,,,,True,,,odds_api,free
2026_NFL_W16_CAR_PIT_betus_20260910T141608Z,2026_NFL_W16_CAR_PIT,2026-09-10T14:16:08.007204+00:00,2026-09-10T14:15:01Z,betus,-3.5,-110.0,-110.0,,,41.5,-110,-110,,,,,,,True,,,odds_api,free
2026_NFL_W16_CIN_IND_draftkings_20260910T141608Z,2026_NFL_W16_CIN_IND,2026-09-10T14:16:08.007204+00:00,2026-09-10T14:14:09Z,draftkings,1.5,-110.0,-110.0,105.0,-125.0,52.5,-110,-110,,,,,,,True,,,odds_api,free
2026_NFL_W16_CIN_IND_betus_20260910T141608Z,2026_NFL_W16_CIN_IND,2026-09-10T14:16:08.007204+00:00,2026-09-10T14:15:01Z,betus,1.5,-110.0,-110.0,,,52.5,-110,-110,,,,,,,True,,,odds_api,free
2026_NFL_W16_TEN_LV_draftkings_20260910T141608Z,2026_NFL_W16_TEN_LV,2026-09-10T14:16:08.007204+00:00,2026-09-10T14:14:09Z,draftkings,-1.5,-110.0,-110.0,-125.0,105.0,42.5,-110,-110,,,,,,,True,,,odds_api,free
2026_NFL_W16_LAC_MIA_draftkings_20260910T141608Z,2026_NFL_W16_LAC_MIA,2026-09-10T14:16:08.007204+00:00,2026-09-10T14:14:09Z,draftkings,7.0,-108.0,-112.0,285.0,-360.0,45.5,-110,-110,,,,,,,True,,,odds_api,free
2026_NFL_W16_WAS_MIN_draftkings_20260910T141608Z,2026_NFL_W16_WAS_MIN,2026-09-10T14:16:08.007204+00:00,2026-09-10T14:14:09Z,draftkings,-2.5,-110.0,-110.0,-135.0,114.0,46.5,-110,-110,,,,,,,True,,,odds_api,free
2026_NFL_W16_WAS_MIN_betus_20260910T141608Z,2026_NFL_W16_WAS_MIN,2026-09-10T14:16:08.007204+00:00,2026-09-10T14:15:01Z,betus,-2.5,-110.0,-110.0,,,46.5,-110,-110,,,,,,,True,,,odds_api,free
2026_NFL_W16_SF_KC_draftkings_20260910T141608Z,2026_NFL_W16_SF_KC,2026-09-10T14:16:08.007204+00:00,2026-09-10T14:14:09Z,draftkings,-3.0,100.0,-120.0,-155.0,130.0,46.5,-110,-110,,,,,,,True,,,odds_api,free
2026_NFL_W16_SF_KC_betus_20260910T141608Z,2026_NFL_W16_SF_KC,2026-09-10T14:16:08.007204+00:00,2026-09-10T14:15:01Z,betus,-2.5,-120.0,100.0,,,46.5,-110,-110,,,,,,,True,,,odds_api,free
2026_NFL_W16_JAX_DAL_draftkings_20260910T141608Z,2026_NFL_W16_JAX_DAL,2026-09-10T14:16:08.007204+00:00,2026-09-10T14:14:09Z,draftkings,-3.0,-102.0,-118.0,-162.0,136.0,51.5,-110,-110,,,,,,,True,,,odds_api,free
2026_NFL_W16_NYG_DET_draftkings_20260910T141608Z,2026_NFL_W16_NYG_DET,2026-09-10T14:16:08.007204+00:00,2026-09-10T14:14:09Z,draftkings,-4.5,-110.0,-110.0,-205.0,170.0,49.5,-110,-110,,,,,,,True,,,odds_api,free
2026_NFL_W16_HOU_PHI_draftkings_20260910T191301Z,2026_NFL_W16_HOU_PHI,2026-09-10T19:13:01.763404+00:00,2026-09-10T19:13:01Z,draftkings,-2.5,-108,-112,-135.0,114.0,37.5,-110,-110,,,,,,,True,,,odds_api,free
2026_NFL_W16_GB_CHI_draftkings_20260910T191301Z,2026_NFL_W16_GB_CHI,2026-09-10T19:13:01.763404+00:00,2026-09-10T19:13:01Z,draftkings,-1.5,-105,-115,-118.0,-102.0,47.5,-110,-110,,,,,,,True,,,odds_api,free
2026_NFL_W16_BUF_DEN_draftkings_20260910T191301Z,2026_NFL_W16_BUF_DEN,2026-09-10T19:13:01.763404+00:00,2026-09-10T19:13:01Z,draftkings,1.5,-105,-115,110.0,-130.0,46.5,-110,-110,,,,,,,True,,,odds_api,free
2026_NFL_W16_ARI_NO_draftkings_20260910T191301Z,2026_NFL_W16_ARI_NO,2026-09-10T19:13:01.763404+00:00,2026-09-10T19:13:01Z,draftkings,-5.5,-110,-110,-245.0,200.0,44.5,-110,-110,,,,,,,True,,,odds_api,free
2026_NFL_W16_ARI_NO_betus_20260910T191301Z,2026_NFL_W16_ARI_NO,2026-09-10T19:13:01.763404+00:00,2026-09-10T19:12:17Z,betus,-5.5,-110,-110,,,44.5,-110,-110,,,,,,,True,,,odds_api,free
2026_NFL_W16_TB_ATL_draftkings_20260910T191301Z,2026_NFL_W16_TB_ATL,2026-09-10T19:13:01.763404+00:00,2026-09-10T19:13:01Z,draftkings,1.5,-110,-110,105.0,-125.0,45.5,-110,-110,,,,,,,True,,,odds_api,free
2026_NFL_W16_CLE_BAL_draftkings_20260910T191301Z,2026_NFL_W16_CLE_BAL,2026-09-10T19:13:01.763404+00:00,2026-09-10T19:13:01Z,draftkings,-10.0,-110,-110,-425.0,330.0,43.5,-110,-110,,,,,,,True,,,odds_api,free
2026_NFL_W16_CLE_BAL_betus_20260910T191301Z,2026_NFL_W16_CLE_BAL,2026-09-10T19:13:01.763404+00:00,2026-09-10T19:12:17Z,betus,-9.5,-110,-110,,,43.5,-110,-110,,,,,,,True,,,odds_api,free
2026_NFL_W16_CAR_PIT_draftkings_20260910T191301Z,2026_NFL_W16_CAR_PIT,2026-09-10T19:13:01.763404+00:00,2026-09-10T19:13:01Z,draftkings,-3.5,-110,-110,-192.0,160.0,41.5,-110,-110,,,,,,,True,,,odds_api,free
2026_NFL_W16_CAR_PIT_betus_20260910T191301Z,2026_NFL_W16_CAR_PIT,2026-09-10T19:13:01.763404+00:00,2026-09-10T19:12:17Z,betus,-3.5,-110,-110,,,41.5,-110,-110,,,,,,,True,,,odds_api,free
2026_NFL_W16_CIN_IND_draftkings_20260910T191301Z,2026_NFL_W16_CIN_IND,2026-09-10T19:13:01.763404+00:00,2026-09-10T19:13:01Z,draftkings,1.5,-110,-110,105.0,-125.0,52.5,-110,-110,,,,,,,True,,,odds_api,free
2026_NFL_W16_CIN_IND_betus_20260910T191301Z,2026_NFL_W16_CIN_IND,2026-09-10T19:13:01.763404+00:00,2026-09-10T19:12:17Z,betus,1.5,-110,-110,,,52.5,-110,-110,,,,,,,True,,,odds_api,free
2026_NFL_W16_TEN_LV_draftkings_20260910T191301Z,2026_NFL_W16_TEN_LV,2026-09-10T19:13:01.763404+00:00,2026-09-10T19:13:01Z,draftkings,-1.5,-110,-110,-125.0,105.0,42.5,-110,-110,,,,,,,True,,,odds_api,free
2026_NFL_W16_LAC_MIA_draftkings_20260910T191301Z,2026_NFL_W16_LAC_MIA,2026-09-10T19:13:01.763404+00:00,2026-09-10T19:13:01Z,draftkings,7.0,-108,-112,285.0,-360.0,45.5,-110,-110,,,,,,,True,,,odds_api,free
2026_NFL_W16_WAS_MIN_draftkings_20260910T191301Z,2026_NFL_W16_WAS_MIN,2026-09-10T19:13:01.763404+00:00,2026-09-10T19:13:01Z,draftkings,-2.5,-110,-110,-135.0,114.0,46.5,-110,-110,,,,,,,True,,,odds_api,free
2026_NFL_W16_WAS_MIN_betus_20260910T191301Z,2026_NFL_W16_WAS_MIN,2026-09-10T19:13:01.763404+00:00,2026-09-10T19:12:17Z,betus,-2.5,-110,-110,,,46.5,-110,-110,,,,,,,True,,,odds_api,free
2026_NFL_W16_SF_KC_draftkings_20260910T191301Z,2026_NFL_W16_SF_KC,2026-09-10T19:13:01.763404+00:00,2026-09-10T19:13:01Z,draftkings,-3.0,100,-120,-155.0,130.0,46.5,-110,-110,,,,,,,True,,,odds_api,free
2026_NFL_W16_SF_KC_betus_20260910T191301Z,2026_NFL_W16_SF_KC,2026-09-10T19:13:01.763404+00:00,2026-09-10T19:12:17Z,betus,-2.5,-120,100,,,46.5,-110,-110,,,,,,,True,,,odds_api,free
2026_NFL_W16_JAX_DAL_draftkings_20260910T191301Z,2026_NFL_W16_JAX_DAL,2026-09-10T19:13:01.763404+00:00,2026-09-10T19:13:01Z,draftkings,-3.0,-102,-118,-162.0,136.0,51.5,-110,-110,,,,,,,True,,,odds_api,free
2026_NFL_W16_NYG_DET_draftkings_20260910T191301Z,2026_NFL_W16_NYG_DET,2026-09-10T19:13:01.763404+00:00,2026-09-10T19:13:01Z,draftkings,-4.5,-110,-110,-205.0,170.0,49.5,-110,-110,,,,,,,True,,,odds_api,free
2026_NFL_W16_HOU_PHI_draftkings_20260910T201307Z,2026_NFL_W16_HOU_PHI,2026-09-10T20:13:07.772620+00:00,2026-09-10T20:10:32Z,draftkings,-2.5,-108.0,-112.0,-135.0,114.0,37.5,-110,-110,,,,,,,True,,,odds_api,free
2026_NFL_W16_GB_CHI_draftkings_20260910T201307Z,2026_NFL_W16_GB_CHI,2026-09-10T20:13:07.772620+00:00,2026-09-10T20:10:32Z,draftkings,-1.5,-105.0,-115.0,-118.0,-102.0,47.5,-110,-110,,,,,,,True,,,odds_api,free
2026_NFL_W16_BUF_DEN_draftkings_20260910T201307Z,2026_NFL_W16_BUF_DEN,2026-09-10T20:13:07.772620+00:00,2026-09-10T20:10:32Z,draftkings,1.5,-105.0,-115.0,110.0,-130.0,46.5,-110,-110,,,,,,,True,,,odds_api,free
2026_NFL_W16_ARI_NO_draftkings_20260910T201307Z,2026_NFL_W16_ARI_NO,2026-09-10T20:13:07.772620+00:00,2026-09-10T20:10:32Z,draftkings,-5.5,-110.0,-110.0,-245.0,200.0,44.5,-110,-110,,,,,,,True,,,odds_api,free
2026_NFL_W16_ARI_NO_betus_20260910T201307Z,2026_NFL_W16_ARI_NO,2026-09-10T20:13:07.772620+00:00,2026-09-10T20:12:52Z,betus,-5.5,-110.0,-110.0,,,44.5,-110,-110,,,,,,,True,,,odds_api,free
2026_NFL_W16_TB_ATL_draftkings_20260910T201307Z,2026_NFL_W16_TB_ATL,2026-09-10T20:13:07.772620+00:00,2026-09-10T20:10:32Z,draftkings,1.5,-110.0,-110.0,105.0,-125.0,45.5,-110,-110,,,,,,,True,,,odds_api,free
2026_NFL_W16_CLE_BAL_draftkings_20260910T201307Z,2026_NFL_W16_CLE_BAL,2026-09-10T20:13:07.772620+00:00,2026-09-10T20:10:32Z,draftkings,-10.0,-110.0,-110.0,-425.0,330.0,43.5,-110,-110,,,,,,,True,,,odds_api,free
2026_NFL_W16_CLE_BAL_betus_20260910T201307Z,2026_NFL_W16_CLE_BAL,2026-09-10T20:13:07.772620+00:00,2026-09-10T20:12:52Z,betus,-9.5,-110.0,-110.0,,,43.5,-110,-110,,,,,,,True,,,odds_api,free
2026_NFL_W16_CAR_PIT_draftkings_20260910T201307Z,2026_NFL_W16_CAR_PIT,2026-09-10T20:13:07.772620+00:00,2026-09-10T20:10:32Z,draftkings,-3.5,-110.0,-110.0,-192.0,160.0,41.5,-110,-110,,,,,,,True,,,odds_api,free
2026_NFL_W16_CAR_PIT_betus_20260910T201307Z,2026_NFL_W16_CAR_PIT,2026-09-10T20:13:07.772620+00:00,2026-09-10T20:12:52Z,betus,-3.5,-110.0,-110.0,,,41.5,-110,-110,,,,,,,True,,,odds_api,free
2026_NFL_W16_CIN_IND_draftkings_20260910T201307Z,2026_NFL_W16_CIN_IND,2026-09-10T20:13:07.772620+00:00,2026-09-10T20:10:32Z,draftkings,1.5,-110.0,-110.0,105.0,-125.0,52.5,-110,-110,,,,,,,True,,,odds_api,free
2026_NFL_W16_CIN_IND_betus_20260910T201307Z,2026_NFL_W16_CIN_IND,2026-09-10T20:13:07.772620+00:00,2026-09-10T20:12:52Z,betus,1.5,-110.0,-110.0,,,52.5,-110,-110,,,,,,,True,,,odds_api,free
2026_NFL_W16_TEN_LV_draftkings_20260910T201307Z,2026_NFL_W16_TEN_LV,2026-09-10T20:13:07.772620+00:00,2026-09-10T20:10:32Z,draftkings,-1.5,-110.0,-110.0,-125.0,105.0,42.5,-110,-110,,,,,,,True,,,odds_api,free
2026_NFL_W16_LAC_MIA_draftkings_20260910T201307Z,2026_NFL_W16_LAC_MIA,2026-09-10T20:13:07.772620+00:00,2026-09-10T20:10:32Z,draftkings,7.0,-108.0,-112.0,285.0,-360.0,45.5,-110,-110,,,,,,,True,,,odds_api,free
2026_NFL_W16_WAS_MIN_draftkings_20260910T201307Z,2026_NFL_W16_WAS_MIN,2026-09-10T20:13:07.772620+00:00,2026-09-10T20:10:32Z,draftkings,-2.5,-110.0,-110.0,-135.0,114.0,46.5,-110,-110,,,,,,,True,,,odds_api,free
2026_NFL_W16_WAS_MIN_betus_20260910T201307Z,2026_NFL_W16_WAS_MIN,2026-09-10T20:13:07.772620+00:00,2026-09-10T20:12:52Z,betus,-2.5,-110.0,-110.0,,,46.5,-110,-110,,,,,,,True,,,odds_api,free
2026_NFL_W16_SF_KC_draftkings_20260910T201307Z,2026_NFL_W16_SF_KC,2026-09-10T20:13:07.772620+00:00,2026-09-10T20:10:32Z,draftkings,-3.0,100.0,-120.0,-155.0,130.0,46.5,-110,-110,,,,,,,True,,,odds_api,free
2026_NFL_W16_SF_KC_betus_20260910T201307Z,2026_NFL_W16_SF_KC,2026-09-10T20:13:07.772620+00:00,2026-09-10T20:12:52Z,betus,-2.5,-120.0,100.0,,,46.5,-110,-110,,,,,,,True,,,odds_api,free
2026_NFL_W16_JAX_DAL_draftkings_20260910T201307Z,2026_NFL_W16_JAX_DAL,2026-09-10T20:13:07.772620+00:00,2026-09-10T20:10:32Z,draftkings,-3.0,-102.0,-118.0,-162.0,136.0,51.5,-110,-110,,,,,,,True,,,odds_api,free
2026_NFL_W16_NYG_DET_draftkings_20260910T201307Z,2026_NFL_W16_NYG_DET,2026-09-10T20:13:07.772620+00:00,2026-09-10T20:10:32Z,draftkings,-4.5,-110.0,-110.0,-205.0,170.0,49.5,-110,-110,,,,,,,True,,,odds_api,free
2026_NFL_W16_HOU_PHI_draftkings_20260910T211259Z,2026_NFL_W16_HOU_PHI,2026-09-10T21:12:59.469504+00:00,2026-09-10T21:12:42Z,draftkings,-2.5,-108,-112,-135.0,114.0,37.5,-110,-110,,,,,,,True,,,odds_api,free
2026_NFL_W16_GB_CHI_draftkings_20260910T211259Z,2026_NFL_W16_GB_CHI,2026-09-10T21:12:59.469504+00:00,2026-09-10T21:12:42Z,draftkings,-1.5,-105,-115,-118.0,-102.0,47.5,-110,-110,,,,,,,True,,,odds_api,free
2026_NFL_W16_BUF_DEN_draftkings_20260910T211259Z,2026_NFL_W16_BUF_DEN,2026-09-10T21:12:59.469504+00:00,2026-09-10T21:12:42Z,draftkings,1.5,-105,-115,110.0,-130.0,46.5,-110,-110,,,,,,,True,,,odds_api,free
2026_NFL_W16_ARI_NO_draftkings_20260910T211259Z,2026_NFL_W16_ARI_NO,2026-09-10T21:12:59.469504+00:00,2026-09-10T21:12:42Z,draftkings,-5.5,-110,-110,-245.0,200.0,44.5,-110,-110,,,,,,,True,,,odds_api,free
2026_NFL_W16_ARI_NO_betus_20260910T211259Z,2026_NFL_W16_ARI_NO,2026-09-10T21:12:59.469504+00:00,2026-09-10T21:12:10Z,betus,-5.5,-110,-110,,,44.5,-110,-110,,,,,,,True,,,odds_api,free
2026_NFL_W16_TB_ATL_draftkings_20260910T211259Z,2026_NFL_W16_TB_ATL,2026-09-10T21:12:59.469504+00:00,2026-09-10T21:12:42Z,draftkings,1.5,-110,-110,105.0,-125.0,45.5,-110,-110,,,,,,,True,,,odds_api,free
2026_NFL_W16_CLE_BAL_draftkings_20260910T211259Z,2026_NFL_W16_CLE_BAL,2026-09-10T21:12:59.469504+00:00,2026-09-10T21:12:42Z,draftkings,-10.0,-110,-110,-425.0,330.0,43.5,-110,-110,,,,,,,True,,,odds_api,free
2026_NFL_W16_CLE_BAL_betus_20260910T211259Z,2026_NFL_W16_CLE_BAL,2026-09-10T21:12:59.469504+00:00,2026-09-10T21:12:10Z,betus,-9.5,-110,-110,,,43.5,-110,-110,,,,,,,True,,,odds_api,free
2026_NFL_W16_CAR_PIT_draftkings_20260910T211259Z,2026_NFL_W16_CAR_PIT,2026-09-10T21:12:59.469504+00:00,2026-09-10T21:12:42Z,draftkings,-3.5,-110,-110,-192.0,160.0,41.5,-110,-110,,,,,,,True,,,odds_api,free
2026_NFL_W16_CAR_PIT_betus_20260910T211259Z,2026_NFL_W16_CAR_PIT,2026-09-10T21:12:59.469504+00:00,2026-09-10T21:12:10Z,betus,-3.5,-110,-110,,,41.5,-110,-110,,,,,,,True,,,odds_api,free
2026_NFL_W16_CIN_IND_draftkings_20260910T211259Z,2026_NFL_W16_CIN_IND,2026-09-10T21:12:59.469504+00:00,2026-09-10T21:12:42Z,draftkings,1.5,-110,-110,105.0,-125.0,52.5,-110,-110,,,,,,,True,,,odds_api,free
2026_NFL_W16_CIN_IND_betus_20260910T211259Z,2026_NFL_W16_CIN_IND,2026-09-10T21:12:59.469504+00:00,2026-09-10T21:12:10Z,betus,1.5,-110,-110,,,52.5,-110,-110,,,,,,,True,,,odds_api,free
2026_NFL_W16_TEN_LV_draftkings_20260910T211259Z,2026_NFL_W16_TEN_LV,2026-09-10T21:12:59.469504+00:00,2026-09-10T21:12:42Z,draftkings,-1.5,-110,-110,-125.0,105.0,42.5,-110,-110,,,,,,,True,,,odds_api,free
2026_NFL_W16_LAC_MIA_draftkings_20260910T211259Z,2026_NFL_W16_LAC_MIA,2026-09-10T21:12:59.469504+00:00,2026-09-10T21:12:42Z,draftkings,7.0,-108,-112,285.0,-360.0,45.5,-110,-110,,,,,,,True,,,odds_api,free
2026_NFL_W16_WAS_MIN_draftkings_20260910T211259Z,2026_NFL_W16_WAS_MIN,2026-09-10T21:12:59.469504+00:00,2026-09-10T21:12:42Z,draftkings,-2.5,-110,-110,-135.0,114.0,46.5,-110,-110,,,,,,,True,,,odds_api,free
2026_NFL_W16_WAS_MIN_betus_20260910T211259Z,2026_NFL_W16_WAS_MIN,2026-09-10T21:12:59.469504+00:00,2026-09-10T21:12:10Z,betus,-2.5,-110,-110,,,46.5,-110,-110,,,,,,,True,,,odds_api,free
2026_NFL_W16_SF_KC_draftkings_20260910T211259Z,2026_NFL_W16_SF_KC,2026-09-10T21:12:59.469504+00:00,2026-09-10T21:12:42Z,draftkings,-3.0,100,-120,-155.0,130.0,46.5,-110,-110,,,,,,,True,,,odds_api,free
2026_NFL_W16_SF_KC_betus_20260910T211259Z,2026_NFL_W16_SF_KC,2026-09-10T21:12:59.469504+00:00,2026-09-10T21:12:10Z,betus,-2.5,-120,100,,,46.5,-110,-110,,,,,,,True,,,odds_api,free
2026_NFL_W16_JAX_DAL_draftkings_20260910T211259Z,2026_NFL_W16_JAX_DAL,2026-09-10T21:12:59.469504+00:00,2026-09-10T21:12:42Z,draftkings,-3.0,-102,-118,-162.0,136.0,51.5,-110,-110,,,,,,,True,,,odds_api,free
2026_NFL_W16_NYG_DET_draftkings_20260910T211259Z,2026_NFL_W16_NYG_DET,2026-09-10T21:12:59.469504+00:00,2026-09-10T21:12:42Z,draftkings,-4.5,-110,-110,-205.0,170.0,49.5,-110,-110,,,,,,,True,,,odds_api,free
2026_NFL_W16_HOU_PHI_draftkings_20260910T221259Z,2026_NFL_W16_HOU_PHI,2026-09-10T22:12:59.948851+00:00,2026-09-10T22:11:52Z,draftkings,-2.5,-108,-112,-135.0,114.0,37.5,-110,-110,,,,,,,True,,,odds_api,free
2026_NFL_W16_GB_CHI_draftkings_20260910T221259Z,2026_NFL_W16_GB_CHI,2026-09-10T22:12:59.948851+00:00,2026-09-10T22:11:52Z,draftkings,-1.5,-105,-115,-118.0,-102.0,47.5,-110,-110,,,,,,,True,,,odds_api,free
2026_NFL_W16_BUF_DEN_draftkings_20260910T221259Z,2026_NFL_W16_BUF_DEN,2026-09-10T22:12:59.948851+00:00,2026-09-10T22:11:52Z,draftkings,1.5,-105,-115,110.0,-130.0,46.5,-110,-110,,,,,,,True,,,odds_api,free
2026_NFL_W16_ARI_NO_draftkings_20260910T221259Z,2026_NFL_W16_ARI_NO,2026-09-10T22:12:59.948851+00:00,2026-09-10T22:11:52Z,draftkings,-5.5,-110,-110,-245.0,200.0,44.5,-110,-110,,,,,,,True,,,odds_api,free
2026_NFL_W16_ARI_NO_betus_20260910T221259Z,2026_NFL_W16_ARI_NO,2026-09-10T22:12:59.948851+00:00,2026-09-10T22:11:46Z,betus,-5.5,-110,-110,,,44.5,-110,-110,,,,,,,True,,,odds_api,free
2026_NFL_W16_TB_ATL_draftkings_20260910T221259Z,2026_NFL_W16_TB_ATL,2026-09-10T22:12:59.948851+00:00,2026-09-10T22:11:52Z,draftkings,1.5,-110,-110,105.0,-125.0,45.5,-110,-110,,,,,,,True,,,odds_api,free
2026_NFL_W16_CLE_BAL_draftkings_20260910T221259Z,2026_NFL_W16_CLE_BAL,2026-09-10T22:12:59.948851+00:00,2026-09-10T22:11:52Z,draftkings,-10.0,-110,-110,-425.0,330.0,43.5,-110,-110,,,,,,,True,,,odds_api,free
2026_NFL_W16_CLE_BAL_betus_20260910T221259Z,2026_NFL_W16_CLE_BAL,2026-09-10T22:12:59.948851+00:00,2026-09-10T22:11:46Z,betus,-9.5,-110,-110,,,43.5,-110,-110,,,,,,,True,,,odds_api,free
2026_NFL_W16_CAR_PIT_draftkings_20260910T221259Z,2026_NFL_W16_CAR_PIT,2026-09-10T22:12:59.948851+00:00,2026-09-10T22:11:52Z,draftkings,-3.5,-110,-110,-192.0,160.0,41.5,-110,-110,,,,,,,True,,,odds_api,free
2026_NFL_W16_CAR_PIT_betus_20260910T221259Z,2026_NFL_W16_CAR_PIT,2026-09-10T22:12:59.948851+00:00,2026-09-10T22:11:46Z,betus,-3.5,-110,-110,,,41.5,-110,-110,,,,,,,True,,,odds_api,free
2026_NFL_W16_CIN_IND_draftkings_20260910T221259Z,2026_NFL_W16_CIN_IND,2026-09-10T22:12:59.948851+00:00,2026-09-10T22:11:52Z,draftkings,1.5,-110,-110,105.0,-125.0,52.5,-110,-110,,,,,,,True,,,odds_api,free
2026_NFL_W16_CIN_IND_betus_20260910T221259Z,2026_NFL_W16_CIN_IND,2026-09-10T22:12:59.948851+00:00,2026-09-10T22:11:46Z,betus,1.5,-110,-110,,,52.5,-110,-110,,,,,,,True,,,odds_api,free
2026_NFL_W16_TEN_LV_draftkings_20260910T221259Z,2026_NFL_W16_TEN_LV,2026-09-10T22:12:59.948851+00:00,2026-09-10T22:11:52Z,draftkings,-1.5,-110,-110,-125.0,105.0,42.5,-110,-110,,,,,,,True,,,odds_api,free
2026_NFL_W16_LAC_MIA_draftkings_20260910T221259Z,2026_NFL_W16_LAC_MIA,2026-09-10T22:12:59.948851+00:00,2026-09-10T22:11:52Z,draftkings,7.0,-108,-112,285.0,-360.0,45.5,-110,-110,,,,,,,True,,,odds_api,free
2026_NFL_W16_WAS_MIN_draftkings_20260910T221259Z,2026_NFL_W16_WAS_MIN,2026-09-10T22:12:59.948851+00:00,2026-09-10T22:11:52Z,draftkings,-2.5,-110,-110,-135.0,114.0,46.5,-110,-110,,,,,,,True,,,odds_api,free
2026_NFL_W16_WAS_MIN_betus_20260910T221259Z,2026_NFL_W16_WAS_MIN,2026-09-10T22:12:59.948851+00:00,2026-09-10T22:11:46Z,betus,-2.5,-110,-110,,,46.5,-110,-110,,,,,,,True,,,odds_api,free
2026_NFL_W16_SF_KC_draftkings_20260910T221259Z,2026_NFL_W16_SF_KC,2026-09-10T22:12:59.948851+00:00,2026-09-10T22:11:52Z,draftkings,-3.0,100,-120,-155.0,130.0,46.5,-110,-110,,,,,,,True,,,odds_api,free
2026_NFL_W16_SF_KC_betus_20260910T221259Z,2026_NFL_W16_SF_KC,2026-09-10T22:12:59.948851+00:00,2026-09-10T22:11:46Z,betus,-2.5,-120,100,,,46.5,-110,-110,,,,,,,True,,,odds_api,free
2026_NFL_W16_JAX_DAL_draftkings_20260910T221259Z,2026_NFL_W16_JAX_DAL,2026-09-10T22:12:59.948851+00:00,2026-09-10T22:11:52Z,draftkings,-3.0,-102,-118,-162.0,136.0,51.5,-110,-110,,,,,,,True,,,odds_api,free
2026_NFL_W16_NYG_DET_draftkings_20260910T221259Z,2026_NFL_W16_NYG_DET,2026-09-10T22:12:59.948851+00:00,2026-09-10T22:11:52Z,draftkings,-4.5,-110,-110,-205.0,170.0,49.5,-110,-110,,,,,,,True,,,odds_api,free
2026_NFL_W16_HOU_PHI_draftkings_20260910T230431Z,2026_NFL_W16_HOU_PHI,2026-09-10T23:04:31.694636+00:00,2026-09-10T23:03:51Z,draftkings,-2.5,-108,-112,-135.0,114.0,37.5,-110,-110,,,,,,,True,,,odds_api,free
2026_NFL_W16_GB_CHI_draftkings_20260910T230431Z,2026_NFL_W16_GB_CHI,2026-09-10T23:04:31.694636+00:00,2026-09-10T23:03:51Z,draftkings,-1.5,-105,-115,-118.0,-102.0,47.5,-110,-110,,,,,,,True,,,odds_api,free
2026_NFL_W16_BUF_DEN_draftkings_20260910T230431Z,2026_NFL_W16_BUF_DEN,2026-09-10T23:04:31.694636+00:00,2026-09-10T23:03:51Z,draftkings,1.5,-105,-115,110.0,-130.0,46.5,-110,-110,,,,,,,True,,,odds_api,free
2026_NFL_W16_ARI_NO_draftkings_20260910T230431Z,2026_NFL_W16_ARI_NO,2026-09-10T23:04:31.694636+00:00,2026-09-10T23:03:51Z,draftkings,-5.5,-110,-110,-245.0,200.0,44.5,-110,-110,,,,,,,True,,,odds_api,free
2026_NFL_W16_ARI_NO_betus_20260910T230431Z,2026_NFL_W16_ARI_NO,2026-09-10T23:04:31.694636+00:00,2026-09-10T23:03:24Z,betus,-5.5,-110,-110,,,44.5,-110,-110,,,,,,,True,,,odds_api,free
2026_NFL_W16_TB_ATL_draftkings_20260910T230431Z,2026_NFL_W16_TB_ATL,2026-09-10T23:04:31.694636+00:00,2026-09-10T23:03:51Z,draftkings,1.5,-110,-110,105.0,-125.0,45.5,-110,-110,,,,,,,True,,,odds_api,free
2026_NFL_W16_CLE_BAL_draftkings_20260910T230431Z,2026_NFL_W16_CLE_BAL,2026-09-10T23:04:31.694636+00:00,2026-09-10T23:03:51Z,draftkings,-10.0,-110,-110,-425.0,330.0,43.5,-110,-110,,,,,,,True,,,odds_api,free
2026_NFL_W16_CLE_BAL_betus_20260910T230431Z,2026_NFL_W16_CLE_BAL,2026-09-10T23:04:31.694636+00:00,2026-09-10T23:03:24Z,betus,-9.5,-110,-110,,,43.5,-110,-110,,,,,,,True,,,odds_api,free
2026_NFL_W16_CAR_PIT_draftkings_20260910T230431Z,2026_NFL_W16_CAR_PIT,2026-09-10T23:04:31.694636+00:00,2026-09-10T23:03:51Z,draftkings,-3.5,-110,-110,-192.0,160.0,41.5,-110,-110,,,,,,,True,,,odds_api,free
2026_NFL_W16_CAR_PIT_betus_20260910T230431Z,2026_NFL_W16_CAR_PIT,2026-09-10T23:04:31.694636+00:00,2026-09-10T23:03:24Z,betus,-3.5,-110,-110,,,41.5,-110,-110,,,,,,,True,,,odds_api,free
2026_NFL_W16_CIN_IND_draftkings_20260910T230431Z,2026_NFL_W16_CIN_IND,2026-09-10T23:04:31.694636+00:00,2026-09-10T23:03:51Z,draftkings,1.5,-110,-110,105.0,-125.0,52.5,-110,-110,,,,,,,True,,,odds_api,free
2026_NFL_W16_CIN_IND_betus_20260910T230431Z,2026_NFL_W16_CIN_IND,2026-09-10T23:04:31.694636+00:00,2026-09-10T23:03:24Z,betus,1.5,-110,-110,,,52.5,-110,-110,,,,,,,True,,,odds_api,free
2026_NFL_W16_TEN_LV_draftkings_20260910T230431Z,2026_NFL_W16_TEN_LV,2026-09-10T23:04:31.694636+00:00,2026-09-10T23:03:51Z,draftkings,-1.5,-110,-110,-125.0,105.0,42.5,-110,-110,,,,,,,True,,,odds_api,free
2026_NFL_W16_LAC_MIA_draftkings_20260910T230431Z,2026_NFL_W16_LAC_MIA,2026-09-10T23:04:31.694636+00:00,2026-09-10T23:03:51Z,draftkings,7.0,-108,-112,285.0,-360.0,45.5,-110,-110,,,,,,,True,,,odds_api,free
2026_NFL_W16_WAS_MIN_draftkings_20260910T230431Z,2026_NFL_W16_WAS_MIN,2026-09-10T23:04:31.694636+00:00,2026-09-10T23:03:51Z,draftkings,-2.5,-110,-110,-135.0,114.0,46.5,-110,-110,,,,,,,True,,,odds_api,free
2026_NFL_W16_WAS_MIN_betus_20260910T230431Z,2026_NFL_W16_WAS_MIN,2026-09-10T23:04:31.694636+00:00,2026-09-10T23:03:24Z,betus,-2.5,-110,-110,,,46.5,-110,-110,,,,,,,True,,,odds_api,free
2026_NFL_W16_SF_KC_draftkings_20260910T230431Z,2026_NFL_W16_SF_KC,2026-09-10T23:04:31.694636+00:00,2026-09-10T23:03:51Z,draftkings,-3.0,100,-120,-155.0,130.0,46.5,-110,-110,,,,,,,True,,,odds_api,free
2026_NFL_W16_SF_KC_betus_20260910T230431Z,2026_NFL_W16_SF_KC,2026-09-10T23:04:31.694636+00:00,2026-09-10T23:03:24Z,betus,-2.5,-120,100,,,46.5,-110,-110,,,,,,,True,,,odds_api,free
2026_NFL_W16_JAX_DAL_draftkings_20260910T230431Z,2026_NFL_W16_JAX_DAL,2026-09-10T23:04:31.694636+00:00,2026-09-10T23:03:51Z,draftkings,-3.0,-102,-118,-162.0,136.0,51.5,-110,-110,,,,,,,True,,,odds_api,free
2026_NFL_W16_NYG_DET_draftkings_20260910T230431Z,2026_NFL_W16_NYG_DET,2026-09-10T23:04:31.694636+00:00,2026-09-10T23:03:51Z,draftkings,-4.5,-110,-110,-205.0,170.0,49.5,-110,-110,,,,,,,True,,,odds_api,free
2026_NFL_W16_HOU_PHI_draftkings_20260910T231255Z,2026_NFL_W16_HOU_PHI,2026-09-10T23:12:55.171360+00:00,2026-09-10T23:12:32Z,draftkings,-2.5,-108,-112,-135.0,114.0,37.5,-110,-110,,,,,,,True,,,odds_api,free
2026_NFL_W16_GB_CHI_draftkings_20260910T231255Z,2026_NFL_W16_GB_CHI,2026-09-10T23:12:55.171360+00:00,2026-09-10T23:12:32Z,draftkings,-1.5,-105,-115,-118.0,-102.0,47.5,-110,-110,,,,,,,True,,,odds_api,free
2026_NFL_W16_BUF_DEN_draftkings_20260910T231255Z,2026_NFL_W16_BUF_DEN,2026-09-10T23:12:55.171360+00:00,2026-09-10T23:12:32Z,draftkings,1.5,-105,-115,110.0,-130.0,46.5,-110,-110,,,,,,,True,,,odds_api,free
2026_NFL_W16_ARI_NO_draftkings_20260910T231255Z,2026_NFL_W16_ARI_NO,2026-09-10T23:12:55.171360+00:00,2026-09-10T23:12:32Z,draftkings,-5.5,-110,-110,-245.0,200.0,44.5,-110,-110,,,,,,,True,,,odds_api,free
2026_NFL_W16_ARI_NO_betus_20260910T231255Z,2026_NFL_W16_ARI_NO,2026-09-10T23:12:55.171360+00:00,2026-09-10T23:12:11Z,betus,-5.5,-110,-110,,,44.5,-110,-110,,,,,,,True,,,odds_api,free
2026_NFL_W16_TB_ATL_draftkings_20260910T231255Z,2026_NFL_W16_TB_ATL,2026-09-10T23:12:55.171360+00:00,2026-09-10T23:12:32Z,draftkings,1.5,-110,-110,105.0,-125.0,45.5,-110,-110,,,,,,,True,,,odds_api,free
2026_NFL_W16_CLE_BAL_draftkings_20260910T231255Z,2026_NFL_W16_CLE_BAL,2026-09-10T23:12:55.171360+00:00,2026-09-10T23:12:32Z,draftkings,-10.0,-110,-110,-425.0,330.0,43.5,-110,-110,,,,,,,True,,,odds_api,free
2026_NFL_W16_CLE_BAL_betus_20260910T231255Z,2026_NFL_W16_CLE_BAL,2026-09-10T23:12:55.171360+00:00,2026-09-10T23:12:11Z,betus,-9.5,-110,-110,,,43.5,-110,-110,,,,,,,True,,,odds_api,free
2026_NFL_W16_CAR_PIT_draftkings_20260910T231255Z,2026_NFL_W16_CAR_PIT,2026-09-10T23:12:55.171360+00:00,2026-09-10T23:12:32Z,draftkings,-3.5,-110,-110,-192.0,160.0,41.5,-110,-110,,,,,,,True,,,odds_api,free
2026_NFL_W16_CAR_PIT_betus_20260910T231255Z,2026_NFL_W16_CAR_PIT,2026-09-10T23:12:55.171360+00:00,2026-09-10T23:12:11Z,betus,-3.5,-110,-110,,,41.5,-110,-110,,,,,,,True,,,odds_api,free
2026_NFL_W16_CIN_IND_draftkings_20260910T231255Z,2026_NFL_W16_CIN_IND,2026-09-10T23:12:55.171360+00:00,2026-09-10T23:12:32Z,draftkings,1.5,-110,-110,105.0,-125.0,52.5,-110,-110,,,,,,,True,,,odds_api,free
2026_NFL_W16_CIN_IND_betus_20260910T231255Z,2026_NFL_W16_CIN_IND,2026-09-10T23:12:55.171360+00:00,2026-09-10T23:12:11Z,betus,1.5,-110,-110,,,52.5,-110,-110,,,,,,,True,,,odds_api,free
2026_NFL_W16_TEN_LV_draftkings_20260910T231255Z,2026_NFL_W16_TEN_LV,2026-09-10T23:12:55.171360+00:00,2026-09-10T23:12:32Z,draftkings,-1.5,-110,-110,-125.0,105.0,42.5,-110,-110,,,,,,,True,,,odds_api,free
2026_NFL_W16_LAC_MIA_draftkings_20260910T231255Z,2026_NFL_W16_LAC_MIA,2026-09-10T23:12:55.171360+00:00,2026-09-10T23:12:32Z,draftkings,7.0,-108,-112,285.0,-360.0,45.5,-110,-110,,,,,,,True,,,odds_api,free
2026_NFL_W16_WAS_MIN_draftkings_20260910T231255Z,2026_NFL_W16_WAS_MIN,2026-09-10T23:12:55.171360+00:00,2026-09-10T23:12:32Z,draftkings,-2.5,-110,-110,-135.0,114.0,46.5,-110,-110,,,,,,,True,,,odds_api,free
2026_NFL_W16_WAS_MIN_betus_20260910T231255Z,2026_NFL_W16_WAS_MIN,2026-09-10T23:12:55.171360+00:00,2026-09-10T23:12:11Z,betus,-2.5,-110,-110,,,46.5,-110,-110,,,,,,,True,,,odds_api,free
2026_NFL_W16_SF_KC_draftkings_20260910T231255Z,2026_NFL_W16_SF_KC,2026-09-10T23:12:55.171360+00:00,2026-09-10T23:12:32Z,draftkings,-3.0,100,-120,-155.0,130.0,46.5,-110,-110,,,,,,,True,,,odds_api,free
2026_NFL_W16_SF_KC_betus_20260910T231255Z,2026_NFL_W16_SF_KC,2026-09-10T23:12:55.171360+00:00,2026-09-10T23:12:11Z,betus,-2.5,-120,100,,,46.5,-110,-110,,,,,,,True,,,odds_api,free
2026_NFL_W16_JAX_DAL_draftkings_20260910T231255Z,2026_NFL_W16_JAX_DAL,2026-09-10T23:12:55.171360+00:00,2026-09-10T23:12:32Z,draftkings,-3.0,-102,-118,-162.0,136.0,51.5,-110,-110,,,,,,,True,,,odds_api,free
2026_NFL_W16_NYG_DET_draftkings_20260910T231255Z,2026_NFL_W16_NYG_DET,2026-09-10T23:12:55.171360+00:00,2026-09-10T23:12:32Z,draftkings,-4.5,-110,-110,-205.0,170.0,49.5,-110,-110,,,,,,,True,,,odds_api,free
