snapshot_id,game_id,retrieved_at,provider_updated_at,book,spread_home,spread_home_price,spread_away_price,ml_home,ml_away,total,over_price,under_price,spread_ticket_pct_home,spread_money_pct_home,ml_ticket_pct_home,ml_money_pct_home,total_ticket_pct_over,total_money_pct_over,is_first_snapshot,provider_open_spread_home,provider_open_total,source,plan
2026_CFB_W03_HOU_TTU_draftkings_20260908T141845Z,2026_CFB_W03_HOU_TTU,2026-09-08T14:18:45.652156+00:00,,draftkings,-13.5,,,,,,,,,,,,,,True,-13.5,,cfbd,free
2026_CFB_W03_FSU_ALA_draftkings_20260908T141845Z,2026_CFB_W03_FSU_ALA,2026-09-08T14:18:45.652156+00:00,,draftkings,-15.5,,,-600.0,440.0,52.5,,,,,,,,,True,-15.5,52.5,cfbd,free
2026_CFB_W03_LSU_MISS_draftkings_20260908T141845Z,2026_CFB_W03_LSU_MISS,2026-09-08T14:18:45.652156+00:00,,draftkings,-1.5,,,-130.0,110.0,57.5,,,,,,,,,True,-1.5,57.5,cfbd,free
2026_CFB_W03_SMU_LOU_draftkings_20260908T141845Z,2026_CFB_W03_SMU_LOU,2026-09-08T14:18:45.652156+00:00,,draftkings,-1.5,,,-115.0,-105.0,56.5,,,,,,,,,True,-1.5,56.5,cfbd,free
2026_CFB_W03_FLA_AUB_draftkings_20260908T141845Z,2026_CFB_W03_FLA_AUB,2026-09-08T14:18:45.652156+00:00,,draftkings,1.5,,,-108.0,-112.0,53.5,,,,,,,,,True,-1.5,53.5,cfbd,free
2026_CFB_W03_HOU_TTU_draftkings_20260908T230442Z,2026_CFB_W03_HOU_TTU,2026-09-08T23:04:42.976593+00:00,,draftkings,-13.5,,,,,,,,,,,,,,False,-13.5,,cfbd,free
2026_CFB_W03_FSU_ALA_draftkings_20260908T230442Z,2026_CFB_W03_FSU_ALA,2026-09-08T23:04:42.976593+00:00,,draftkings,-15.5,,,-600.0,440.0,52.5,,,,,,,,,False,-15.5,52.5,cfbd,free
2026_CFB_W03_LSU_MISS_draftkings_20260908T230442Z,2026_CFB_W03_LSU_MISS,2026-09-08T23:04:42.976593+00:00,,draftkings,-1.5,,,-130.0,110.0,57.5,,,,,,,,,False,-1.5,57.5,cfbd,free
2026_CFB_W03_SMU_LOU_draftkings_20260908T230442Z,2026_CFB_W03_SMU_LOU,2026-09-08T23:04:42.976593+00:00,,draftkings,-1.5,,,-115.0,-105.0,56.5,,,,,,,,,False,-1.5,56.5,cfbd,free
2026_CFB_W03_FLA_AUB_draftkings_20260908T230442Z,2026_CFB_W03_FLA_AUB,2026-09-08T23:04:42.976593+00:00,,draftkings,1.5,,,-108.0,-112.0,53.5,,,,,,,,,False,-1.5,53.5,cfbd,free
2026_CFB_W03_HOU_TTU_draftkings_20260909T141642Z,2026_CFB_W03_HOU_TTU,2026-09-09T14:16:42.932145+00:00,,draftkings,-13.5,,,,,,,,,,,,,,False,-13.5,,cfbd,free
2026_CFB_W03_FSU_ALA_draftkings_20260909T141642Z,2026_CFB_W03_FSU_ALA,2026-09-09T14:16:42.932145+00:00,,draftkings,-15.5,,,-600.0,440.0,52.5,,,,,,,,,False,-15.5,52.5,cfbd,free
2026_CFB_W03_LSU_MISS_draftkings_20260909T141642Z,2026_CFB_W03_LSU_MISS,2026-09-09T14:16:42.932145+00:00,,draftkings,-1.5,,,-130.0,110.0,57.5,,,,,,,,,False,-1.5,57.5,cfbd,free
2026_CFB_W03_SMU_LOU_draftkings_20260909T141642Z,2026_CFB_W03_SMU_LOU,2026-09-09T14:16:42.932145+00:00,,draftkings,-1.5,,,-115.0,-105.0,56.5,,,,,,,,,False,-1.5,56.5,cfbd,free
2026_CFB_W03_FLA_AUB_draftkings_20260909T141642Z,2026_CFB_W03_FLA_AUB,2026-09-09T14:16:42.932145+00:00,,draftkings,1.5,,,-108.0,-112.0,53.5,,,,,,,,,False,-1.5,53.5,cfbd,free
2026_CFB_W03_HOU_TTU_draftkings_20260909T230419Z,2026_CFB_W03_HOU_TTU,2026-09-09T23:04:19.751398+00:00,,draftkings,-14.0,,,,,,,,,,,,,,False,-13.5,,cfbd,free
2026_CFB_W03_FSU_ALA_draftkings_20260909T230419Z,2026_CFB_W03_FSU_ALA,2026-09-09T23:04:19.751398+00:00,,draftkings,-17.5,,,-950.0,625.0,50.5,,,,,,,,,False,-15.5,52.5,cfbd,free
2026_CFB_W03_SMU_LOU_draftkings_20260909T230419Z,2026_CFB_W03_SMU_LOU,2026-09-09T23:04:19.751398+00:00,,draftkings,-1.5,,,-112.0,-108.0,58.5,,,,,,,,,False,-1.5,56.5,cfbd,free
2026_CFB_W03_LSU_MISS_draftkings_20260909T230419Z,2026_CFB_W03_LSU_MISS,2026-09-09T23:04:19.751398+00:00,,draftkings,-1.5,,,-130.0,110.0,57.5,,,,,,,,,False,-1.5,57.5,cfbd,free
2026_CFB_W03_FLA_AUB_draftkings_20260909T230419Z,2026_CFB_W03_FLA_AUB,2026-09-09T23:04:19.751398+00:00,,draftkings,1.5,,,-108.0,-112.0,53.5,,,,,,,,,False,-1.5,53.5,cfbd,free
2026_CFB_W03_UNC_CLEM_draftkings_20260909T230419Z,2026_CFB_W03_UNC_CLEM,2026-09-09T23:04:19.751398+00:00,,draftkings,-9.5,,,-410.0,320.0,44.5,,,,,,,,,True,-9.5,44.5,cfbd,free
2026_CFB_W03_UGA_ARK_draftkings_20260909T230419Z,2026_CFB_W03_UGA_ARK,2026-09-09T23:04:19.751398+00:00,,draftkings,17.5,,,600.0,-900.0,52.5,,,,,,,,,True,17.5,52.5,cfbd,free
2026_CFB_W03_SYR_PITT_draftkings_20260909T230419Z,2026_CFB_W03_SYR_PITT,2026-09-09T23:04:19.751398+00:00,,draftkings,-10.5,,,-375.0,295.0,59.5,,,,,,,,,True,-10.5,59.5,cfbd,free
2026_CFB_W03_MIA_WAKE_draftkings_20260909T230419Z,2026_CFB_W03_MIA_WAKE,2026-09-09T23:04:19.751398+00:00,,draftkings,19.5,,,750.0,-1200.0,50.5,,,,,,,,,True,19.5,50.5,cfbd,free
2026_CFB_W03_HOU_TTU_draftkings_20260910T141612Z,2026_CFB_W03_HOU_TTU,2026-09-10T14:16:12.846049+00:00,,draftkings,-14.0,,,,,,,,,,,,,,False,-13.5,,cfbd,free
2026_CFB_W03_FSU_ALA_draftkings_20260910T141612Z,2026_CFB_W03_FSU_ALA,2026-09-10T14:16:12.846049+00:00,,draftkings,-17.5,,,-950.0,625.0,50.5,,,,,,,,,False,-15.5,52.5,cfbd,free
2026_CFB_W03_SMU_LOU_draftkings_20260910T141612Z,2026_CFB_W03_SMU_LOU,2026-09-10T14:16:12.846049+00:00,,draftkings,-1.5,,,-112.0,-108.0,58.5,,,,,,,,,False,-1.5,56.5,cfbd,free
2026_CFB_W03_FLA_AUB_draftkings_20260910T141612Z,2026_CFB_W03_FLA_AUB,2026-09-10T14:16:12.846049+00:00,,draftkings,1.5,,,-110.0,-110.0,49.5,,,,,,,,,False,-1.5,53.5,cfbd,free
2026_CFB_W03_LSU_MISS_draftkings_20260910T141612Z,2026_CFB_W03_LSU_MISS,2026-09-10T14:16:12.846049+00:00,,draftkings,2.5,,,105.0,-125.0,58.5,,,,,,,,,False,-1.5,57.5,cfbd,free
2026_CFB_W03_UNC_CLEM_draftkings_20260910T141612Z,2026_CFB_W03_UNC_CLEM,2026-09-10T14:16:12.846049+00:00,,draftkings,-9.5,,,-410.0,320.0,44.5,,,,,,,,,False,-9.5,44.5,cfbd,free
2026_CFB_W03_UGA_ARK_draftkings_20260910T141612Z,2026_CFB_W03_UGA_ARK,2026-09-10T14:16:12.846049+00:00,,draftkings,17.5,,,600.0,-900.0,52.5,,,,,,,,,False,17.5,52.5,cfbd,free
2026_CFB_W03_MSST_SC_draftkings_20260910T141612Z,2026_CFB_W03_MSST_SC,2026-09-10T14:16:12.846049+00:00,,draftkings,-7.5,,,-298.0,240.0,54.5,,,,,,,,,True,-7.5,54.5,cfbd,free
2026_CFB_W03_VT_MD_draftkings_20260910T141612Z,2026_CFB_W03_VT_MD,2026-09-10T14:16:12.846049+00:00,,draftkings,1.5,,,-105.0,-115.0,53.5,,,,,,,,,True,1.5,53.5,cfbd,free
2026_CFB_W03_WVU_UVA_draftkings_20260910T141612Z,2026_CFB_W03_WVU_UVA,2026-09-10T14:16:12.846049+00:00,,draftkings,-8.5,,,-298.0,240.0,50.5,,,,,,,,,True,-8.5,50.5,cfbd,free
2026_CFB_W03_SYR_PITT_draftkings_20260910T141612Z,2026_CFB_W03_SYR_PITT,2026-09-10T14:16:12.846049+00:00,,draftkings,-10.5,,,-375.0,295.0,59.5,,,,,,,,,False,-10.5,59.5,cfbd,free
2026_CFB_W03_MIA_WAKE_draftkings_20260910T141612Z,2026_CFB_W03_MIA_WAKE,2026-09-10T14:16:12.846049+00:00,,draftkings,19.5,,,750.0,-1200.0,50.5,,,,,,,,,False,19.5,50.5,cfbd,free
2026_CFB_W03_HOU_TTU_draftkings_20260910T230436Z,2026_CFB_W03_HOU_TTU,2026-09-10T23:04:36.279013+00:00,,draftkings,-14.0,,,,,,,,,,,,,,False,-13.5,,cfbd,free
2026_CFB_W03_FSU_ALA_draftkings_20260910T230436Z,2026_CFB_W03_FSU_ALA,2026-09-10T23:04:36.279013+00:00,,draftkings,-17.5,,,-950.0,625.0,50.5,,,,,,,,,False,-15.5,52.5,cfbd,free
2026_CFB_W03_SMU_LOU_draftkings_20260910T230436Z,2026_CFB_W03_SMU_LOU,2026-09-10T23:04:36.279013+00:00,,draftkings,-1.5,,,-112.0,-108.0,58.5,,,,,,,,,False,-1.5,56.5,cfbd,free
2026_CFB_W03_FLA_AUB_draftkings_20260910T230436Z,2026_CFB_W03_FLA_AUB,2026-09-10T23:04:36.279013+00:00,,draftkings,2.5,,,120.0,-142.0,49.5,,,,,,,,,False,-1.5,53.5,cfbd,free
2026_CFB_W03_LSU_MISS_draftkings_20260910T230436Z,2026_CFB_W03_LSU_MISS,2026-09-10T23:04:36.279013+00:00,,draftkings,2.5,,,110.0,-130.0,58.5,,,,,,,,,False,-1.5,57.5,cfbd,free
2026_CFB_W03_UNC_CLEM_draftkings_20260910T230436Z,2026_CFB_W03_UNC_CLEM,2026-09-10T23:04:36.279013+00:00,,draftkings,-9.5,,,-410.0,320.0,44.5,,,,,,,,,False,-9.5,44.5,cfbd,free
2026_CFB_W03_UGA_ARK_draftkings_20260910T230436Z,2026_CFB_W03_UGA_ARK,2026-09-10T23:04:36.279013+00:00,,draftkings,17.5,,,600.0,-900.0,52.5,,,,,,,,,False,17.5,52.5,cfbd,free
2026_CFB_W03_MSST_SC_draftkings_20260910T230436Z,2026_CFB_W03_MSST_SC,2026-09-10T23:04:36.279013+00:00,,draftkings,-7.5,,,-298.0,240.0,54.5,,,,,,,,,False,-7.5,54.5,cfbd,free
2026_CFB_W03_VT_MD_draftkings_20260910T230436Z,2026_CFB_W03_VT_MD,2026-09-10T23:04:36.279013+00:00,,draftkings,1.5,,,-105.0,-115.0,53.5,,,,,,,,,False,1.5,53.5,cfbd,free
2026_CFB_W03_WVU_UVA_draftkings_20260910T230436Z,2026_CFB_W03_WVU_UVA,2026-09-10T23:04:36.279013+00:00,,draftkings,-8.5,,,-298.0,240.0,50.5,,,,,,,,,False,-8.5,50.5,cfbd,free
2026_CFB_W03_MIA_WAKE_draftkings_20260910T230436Z,2026_CFB_W03_MIA_WAKE,2026-09-10T23:04:36.279013+00:00,,draftkings,19.5,,,750.0,-1200.0,52.5,,,,,,,,,False,19.5,50.5,cfbd,free
2026_CFB_W03_SYR_PITT_draftkings_20260910T230436Z,2026_CFB_W03_SYR_PITT,2026-09-10T23:04:36.279013+00:00,,draftkings,-10.5,,,-375.0,295.0,59.5,,,,,,,,,False,-10.5,59.5,cfbd,free
2026_CFB_W03_HOU_TTU_draftkings_20260911T141657Z,2026_CFB_W03_HOU_TTU,2026-09-11T14:16:57.074378+00:00,,draftkings,-14.0,,,,,,,,,,,,,,False,-13.5,,cfbd,free
2026_CFB_W03_FSU_ALA_draftkings_20260911T141657Z,2026_CFB_W03_FSU_ALA,2026-09-11T14:16:57.074378+00:00,,draftkings,-17.5,,,-950.0,625.0,50.5,,,,,,,,,False,-15.5,52.5,cfbd,free
2026_CFB_W03_SMU_LOU_draftkings_20260911T141657Z,2026_CFB_W03_SMU_LOU,2026-09-11T14:16:57.074378+00:00,,draftkings,-1.5,,,-112.0,-108.0,58.5,,,,,,,,,False,-1.5,56.5,cfbd,free
2026_CFB_W03_LSU_MISS_draftkings_20260911T141657Z,2026_CFB_W03_LSU_MISS,2026-09-11T14:16:57.074378+00:00,,draftkings,2.5,,,114.0,-135.0,58.5,,,,,,,,,False,-1.5,57.5,cfbd,free
2026_CFB_W03_FLA_AUB_draftkings_20260911T141657Z,2026_CFB_W03_FLA_AUB,2026-09-11T14:16:57.074378+00:00,,draftkings,2.5,,,120.0,-142.0,49.5,,,,,,,,,False,-1.5,53.5,cfbd,free
2026_CFB_W03_UNC_CLEM_draftkings_20260911T141657Z,2026_CFB_W03_UNC_CLEM,2026-09-11T14:16:57.074378+00:00,,draftkings,-9.5,,,-410.0,320.0,44.5,,,,,,,,,False,-9.5,44.5,cfbd,free
2026_CFB_W03_UGA_ARK_draftkings_20260911T141657Z,2026_CFB_W03_UGA_ARK,2026-09-11T14:16:57.074378+00:00,,draftkings,17.5,,,600.0,-900.0,52.5,,,,,,,,,False,17.5,52.5,cfbd,free
2026_CFB_W03_MSST_SC_draftkings_20260911T141657Z,2026_CFB_W03_MSST_SC,2026-09-11T14:16:57.074378+00:00,,draftkings,-7.5,,,-298.0,240.0,54.5,,,,,,,,,False,-7.5,54.5,cfbd,free
2026_CFB_W03_VT_MD_draftkings_20260911T141657Z,2026_CFB_W03_VT_MD,2026-09-11T14:16:57.074378+00:00,,draftkings,1.5,,,-105.0,-115.0,53.5,,,,,,,,,False,1.5,53.5,cfbd,free
2026_CFB_W03_WVU_UVA_draftkings_20260911T141657Z,2026_CFB_W03_WVU_UVA,2026-09-11T14:16:57.074378+00:00,,draftkings,-8.5,,,-298.0,240.0,50.5,,,,,,,,,False,-8.5,50.5,cfbd,free
2026_CFB_W03_MIA_WAKE_draftkings_20260911T141657Z,2026_CFB_W03_MIA_WAKE,2026-09-11T14:16:57.074378+00:00,,draftkings,19.5,,,750.0,-1200.0,52.5,,,,,,,,,False,19.5,50.5,cfbd,free
2026_CFB_W03_SYR_PITT_draftkings_20260911T141657Z,2026_CFB_W03_SYR_PITT,2026-09-11T14:16:57.074378+00:00,,draftkings,-10.5,,,-375.0,295.0,59.5,,,,,,,,,False,-10.5,59.5,cfbd,free
2026_CFB_W03_HOU_TTU_draftkings_20260911T230609Z,2026_CFB_W03_HOU_TTU,2026-09-11T23:06:09.508882+00:00,,draftkings,-14.0,,,,,,,,,,,,,,False,-13.5,,cfbd,free
2026_CFB_W03_FSU_ALA_draftkings_20260911T230609Z,2026_CFB_W03_FSU_ALA,2026-09-11T23:06:09.508882+00:00,,draftkings,-17.5,,,-950.0,625.0,50.5,,,,,,,,,False,-15.5,52.5,cfbd,free
2026_CFB_W03_FLA_AUB_draftkings_20260911T230609Z,2026_CFB_W03_FLA_AUB,2026-09-11T23:06:09.508882+00:00,,draftkings,2.5,,,114.0,-135.0,51.5,,,,,,,,,False,-1.5,53.5,cfbd,free
2026_CFB_W03_SMU_LOU_draftkings_20260911T230609Z,2026_CFB_W03_SMU_LOU,2026-09-11T23:06:09.508882+00:00,,draftkings,-1.5,,,-115.0,-105.0,58.5,,,,,,,,,False,-1.5,56.5,cfbd,free
2026_CFB_W03_LSU_MISS_draftkings_20260911T230609Z,2026_CFB_W03_LSU_MISS,2026-09-11T23:06:09.508882+00:00,,draftkings,2.5,,,114.0,-135.0,58.5,,,,,,,,,False,-1.5,57.5,cfbd,free
2026_CFB_W03_WVU_UVA_draftkings_20260911T230609Z,2026_CFB_W03_WVU_UVA,2026-09-11T23:06:09.508882+00:00,,draftkings,-8.5,,,-325.0,260.0,52.5,,,,,,,,,False,-8.5,50.5,cfbd,free
2026_CFB_W03_UGA_ARK_draftkings_20260911T230609Z,2026_CFB_W03_UGA_ARK,2026-09-11T23:06:09.508882+00:00,,draftkings,17.5,,,600.0,-900.0,52.5,,,,,,,,,False,17.5,52.5,cfbd,free
2026_CFB_W03_MSST_SC_draftkings_20260911T230609Z,2026_CFB_W03_MSST_SC,2026-09-11T23:06:09.508882+00:00,,draftkings,-7.5,,,-298.0,240.0,54.5,,,,,,,,,False,-7.5,54.5,cfbd,free
2026_CFB_W03_VT_MD_draftkings_20260911T230609Z,2026_CFB_W03_VT_MD,2026-09-11T23:06:09.508882+00:00,,draftkings,1.5,,,100.0,-120.0,50.5,,,,,,,,,False,1.5,53.5,cfbd,free
2026_CFB_W03_MIA_WAKE_draftkings_20260911T230609Z,2026_CFB_W03_MIA_WAKE,2026-09-11T23:06:09.508882+00:00,,draftkings,20.5,,,800.0,-1350.0,53.5,,,,,,,,,False,19.5,50.5,cfbd,free
2026_CFB_W03_UNC_CLEM_draftkings_20260911T230609Z,2026_CFB_W03_UNC_CLEM,2026-09-11T23:06:09.508882+00:00,,draftkings,-8.5,,,-375.0,295.0,44.5,,,,,,,,,False,-9.5,44.5,cfbd,free
2026_CFB_W03_SYR_PITT_draftkings_20260911T230609Z,2026_CFB_W03_SYR_PITT,2026-09-11T23:06:09.508882+00:00,,draftkings,-10.5,,,-375.0,295.0,59.5,,,,,,,,,False,-10.5,59.5,cfbd,free
2026_CFB_W03_MSU_ND_draftkings_20260911T230609Z,2026_CFB_W03_MSU_ND,2026-09-11T23:06:09.508882+00:00,,draftkings,-29.5,,,-8000.0,2200.0,53.5,,,,,,,,,True,-29.5,53.5,cfbd,free
2026_CFB_W03_UAB_UL_draftkings_20260912T001225Z,2026_CFB_W03_UAB_UL,2026-09-12T00:12:25.771550+00:00,,draftkings,9.5,,,285.0,-360.0,54.5,,,0.18,0.19,,0.41,0.34,0.79,False,,,vsin_dk,free
2026_CFB_W03_FSU_ALA_draftkings_20260912T001225Z,2026_CFB_W03_FSU_ALA,2026-09-12T00:12:25.771550+00:00,,draftkings,-17.5,,,-950.0,625.0,50.5,,,0.71,0.18,1.0,1.0,1.0,1.0,False,,,vsin_dk,free
2026_CFB_W03_SMU_LOU_draftkings_20260912T001225Z,2026_CFB_W03_SMU_LOU,2026-09-12T00:12:25.771550+00:00,,draftkings,-1.5,,,-115.0,-105.0,58.5,,,0.83,0.99,0.9,1.0,0.57,0.12,False,,,vsin_dk,free
2026_CFB_W03_FLA_AUB_draftkings_20260912T001225Z,2026_CFB_W03_FLA_AUB,2026-09-12T00:12:25.771550+00:00,,draftkings,2.5,,,114.0,-135.0,51.5,,,0.63,0.74,0.1,0.01,0.5,1.0,False,,,vsin_dk,free
2026_CFB_W03_LSU_MISS_draftkings_20260912T001225Z,2026_CFB_W03_LSU_MISS,2026-09-12T00:12:25.771550+00:00,,draftkings,2.5,,,114.0,-135.0,58.5,,,0.4,0.58,0.36,0.8,1.0,1.0,False,,,vsin_dk,free
2026_CFB_W03_UAB_UL_draftkings_20260912T002639Z,2026_CFB_W03_UAB_UL,2026-09-12T00:26:39.672727+00:00,,draftkings,9.5,,,285.0,-360.0,54.5,,,0.18,0.19,0.05,0.41,0.34,0.79,False,,,vsin_dk,free
2026_CFB_W03_FSU_ALA_draftkings_20260912T002639Z,2026_CFB_W03_FSU_ALA,2026-09-12T00:26:39.672727+00:00,,draftkings,-17.5,,,-950.0,625.0,50.5,,,0.71,0.18,1.0,1.0,1.0,1.0,False,,,vsin_dk,free
2026_CFB_W03_SMU_LOU_draftkings_20260912T002639Z,2026_CFB_W03_SMU_LOU,2026-09-12T00:26:39.672727+00:00,,draftkings,-1.5,,,-115.0,-105.0,58.5,,,0.83,0.99,0.9,1.0,0.57,0.12,False,,,vsin_dk,free
2026_CFB_W03_FLA_AUB_draftkings_20260912T002639Z,2026_CFB_W03_FLA_AUB,2026-09-12T00:26:39.672727+00:00,,draftkings,2.5,,,114.0,-135.0,51.5,,,0.63,0.74,0.1,0.01,0.5,1.0,False,,,vsin_dk,free
2026_CFB_W03_LSU_MISS_draftkings_20260912T002639Z,2026_CFB_W03_LSU_MISS,2026-09-12T00:26:39.672727+00:00,,draftkings,2.5,,,114.0,-135.0,58.5,,,0.4,0.58,0.36,0.8,1.0,1.0,False,,,vsin_dk,free
2026_CFB_W03_UAB_UL_draftkings_20260912T010124Z,2026_CFB_W03_UAB_UL,2026-09-12T01:01:24.407551+00:00,,draftkings,9.5,,,285.0,-360.0,54.5,,,0.19,0.19,0.05,0.41,0.37,0.82,False,,,vsin_dk,free
2026_CFB_W03_FSU_ALA_draftkings_20260912T010124Z,2026_CFB_W03_FSU_ALA,2026-09-12T01:01:24.407551+00:00,,draftkings,-17.5,,,-950.0,625.0,50.5,,,0.71,0.18,1.0,1.0,1.0,1.0,False,,,vsin_dk,free
2026_CFB_W03_SMU_LOU_draftkings_20260912T010124Z,2026_CFB_W03_SMU_LOU,2026-09-12T01:01:24.407551+00:00,,draftkings,-1.5,,,-115.0,-105.0,58.5,,,0.83,0.99,0.9,1.0,0.57,0.12,False,,,vsin_dk,free
2026_CFB_W03_FLA_AUB_draftkings_20260912T010124Z,2026_CFB_W03_FLA_AUB,2026-09-12T01:01:24.407551+00:00,,draftkings,2.5,,,114.0,-135.0,51.5,,,0.63,0.74,0.1,0.01,0.5,1.0,False,,,vsin_dk,free
2026_CFB_W03_LSU_MISS_draftkings_20260912T010124Z,2026_CFB_W03_LSU_MISS,2026-09-12T01:01:24.407551+00:00,,draftkings,2.5,,,114.0,-135.0,58.5,,,,,0.36,0.8,1.0,1.0,False,,,vsin_dk,free
2026_CFB_W03_UAB_UL_draftkings_20260912T011758Z,2026_CFB_W03_UAB_UL,2026-09-12T01:17:58.151176+00:00,,draftkings,9.5,,,285.0,-360.0,54.5,,,0.19,0.19,0.05,0.41,0.37,0.82,False,,,vsin_dk,free
2026_CFB_W03_FSU_ALA_draftkings_20260912T011758Z,2026_CFB_W03_FSU_ALA,2026-09-12T01:17:58.151176+00:00,,draftkings,-17.5,,,-950.0,625.0,50.5,,,0.71,0.18,1.0,1.0,1.0,1.0,False,,,vsin_dk,free
2026_CFB_W03_SMU_LOU_draftkings_20260912T011758Z,2026_CFB_W03_SMU_LOU,2026-09-12T01:17:58.151176+00:00,,draftkings,-1.5,,,-115.0,-105.0,58.5,,,0.83,0.99,0.9,1.0,0.57,0.12,False,,,vsin_dk,free
2026_CFB_W03_FLA_AUB_draftkings_20260912T011758Z,2026_CFB_W03_FLA_AUB,2026-09-12T01:17:58.151176+00:00,,draftkings,2.5,,,114.0,-135.0,51.5,,,0.63,0.74,0.1,0.01,0.5,1.0,False,,,vsin_dk,free
2026_CFB_W03_LSU_MISS_draftkings_20260912T011758Z,2026_CFB_W03_LSU_MISS,2026-09-12T01:17:58.151176+00:00,,draftkings,2.5,,,114.0,-135.0,58.5,,,0.38,0.56,0.36,0.8,1.0,1.0,False,,,vsin_dk,free
2026_CFB_W03_UAB_UL_draftkings_20260912T020103Z,2026_CFB_W03_UAB_UL,2026-09-12T02:01:03.707636+00:00,,draftkings,9.5,,,285.0,-360.0,54.5,,,0.19,0.19,0.05,0.41,0.35,0.82,False,,,vsin_dk,free
2026_CFB_W03_FSU_ALA_draftkings_20260912T020103Z,2026_CFB_W03_FSU_ALA,2026-09-12T02:01:03.707636+00:00,,draftkings,-17.5,,,-950.0,625.0,50.5,,,0.71,0.18,1.0,1.0,1.0,1.0,False,,,vsin_dk,free
2026_CFB_W03_SMU_LOU_draftkings_20260912T020103Z,2026_CFB_W03_SMU_LOU,2026-09-12T02:01:03.707636+00:00,,draftkings,-1.5,,,-115.0,-105.0,58.5,,,0.83,0.99,0.9,1.0,0.57,0.12,False,,,vsin_dk,free
2026_CFB_W03_FLA_AUB_draftkings_20260912T020103Z,2026_CFB_W03_FLA_AUB,2026-09-12T02:01:03.707636+00:00,,draftkings,2.5,,,114.0,-135.0,51.5,,,0.63,0.74,0.1,0.01,0.5,1.0,False,,,vsin_dk,free
2026_CFB_W03_LSU_MISS_draftkings_20260912T020103Z,2026_CFB_W03_LSU_MISS,2026-09-12T02:01:03.707636+00:00,,draftkings,2.5,,,114.0,-135.0,58.5,,,0.38,0.56,0.34,0.74,1.0,1.0,False,,,vsin_dk,free
2026_CFB_W03_UAB_UL_draftkings_20260912T022020Z,2026_CFB_W03_UAB_UL,2026-09-12T02:20:20.078293+00:00,,draftkings,9.5,,,285.0,-360.0,54.5,,,0.19,0.19,0.04,0.41,0.35,0.82,False,,,vsin_dk,free
2026_CFB_W03_FSU_ALA_draftkings_20260912T022020Z,2026_CFB_W03_FSU_ALA,2026-09-12T02:20:20.078293+00:00,,draftkings,-17.5,,,-950.0,625.0,50.5,,,0.71,0.18,1.0,1.0,1.0,1.0,False,,,vsin_dk,free
2026_CFB_W03_SMU_LOU_draftkings_20260912T022020Z,2026_CFB_W03_SMU_LOU,2026-09-12T02:20:20.078293+00:00,,draftkings,-1.5,,,-115.0,-105.0,58.5,,,0.83,0.99,0.9,1.0,0.57,0.12,False,,,vsin_dk,free
2026_CFB_W03_FLA_AUB_draftkings_20260912T022020Z,2026_CFB_W03_FLA_AUB,2026-09-12T02:20:20.078293+00:00,,draftkings,2.5,,,114.0,-135.0,51.5,,,0.63,0.74,0.1,0.01,0.5,1.0,False,,,vsin_dk,free
2026_CFB_W03_LSU_MISS_draftkings_20260912T022020Z,2026_CFB_W03_LSU_MISS,2026-09-12T02:20:20.078293+00:00,,draftkings,2.5,,,114.0,-135.0,58.5,,,0.38,0.56,0.34,0.74,1.0,1.0,False,,,vsin_dk,free
2026_CFB_W03_UAB_UL_draftkings_20260912T030147Z,2026_CFB_W03_UAB_UL,2026-09-12T03:01:47.309910+00:00,,draftkings,9.5,,,285.0,-360.0,54.5,,,0.18,0.19,0.04,0.41,0.36,0.81,False,,,vsin_dk,free
2026_CFB_W03_FSU_ALA_draftkings_20260912T030147Z,2026_CFB_W03_FSU_ALA,2026-09-12T03:01:47.309910+00:00,,draftkings,-17.5,,,-950.0,625.0,50.5,,,0.71,0.18,1.0,1.0,1.0,1.0,False,,,vsin_dk,free
2026_CFB_W03_SMU_LOU_draftkings_20260912T030147Z,2026_CFB_W03_SMU_LOU,2026-09-12T03:01:47.309910+00:00,,draftkings,-1.5,,,-115.0,-105.0,58.5,,,0.83,0.99,0.9,1.0,0.57,0.12,False,,,vsin_dk,free
2026_CFB_W03_FLA_AUB_draftkings_20260912T030147Z,2026_CFB_W03_FLA_AUB,2026-09-12T03:01:47.309910+00:00,,draftkings,2.5,,,114.0,-135.0,51.5,,,0.63,0.74,0.1,0.01,0.5,1.0,False,,,vsin_dk,free
2026_CFB_W03_LSU_MISS_draftkings_20260912T030147Z,2026_CFB_W03_LSU_MISS,2026-09-12T03:01:47.309910+00:00,,draftkings,2.5,,,114.0,-135.0,58.5,,,0.38,0.56,0.34,0.74,1.0,1.0,False,,,vsin_dk,free
2026_CFB_W03_UAB_UL_draftkings_20260912T032012Z,2026_CFB_W03_UAB_UL,2026-09-12T03:20:12.731102+00:00,,draftkings,9.5,,,285.0,-360.0,54.5,,,0.18,0.19,0.04,0.41,0.36,0.81,False,,,vsin_dk,free
2026_CFB_W03_FSU_ALA_draftkings_20260912T032012Z,2026_CFB_W03_FSU_ALA,2026-09-12T03:20:12.731102+00:00,,draftkings,-17.5,,,-950.0,625.0,50.5,,,0.71,0.18,1.0,1.0,1.0,1.0,False,,,vsin_dk,free
2026_CFB_W03_SMU_LOU_draftkings_20260912T032012Z,2026_CFB_W03_SMU_LOU,2026-09-12T03:20:12.731102+00:00,,draftkings,-1.5,,,-115.0,-105.0,58.5,,,0.83,0.99,0.9,1.0,0.57,0.12,False,,,vsin_dk,free
2026_CFB_W03_FLA_AUB_draftkings_20260912T032012Z,2026_CFB_W03_FLA_AUB,2026-09-12T03:20:12.731102+00:00,,draftkings,2.5,,,114.0,-135.0,51.5,,,0.63,0.74,0.1,0.01,0.5,1.0,False,,,vsin_dk,free
2026_CFB_W03_LSU_MISS_draftkings_20260912T032012Z,2026_CFB_W03_LSU_MISS,2026-09-12T03:20:12.731102+00:00,,draftkings,2.5,,,114.0,-135.0,58.5,,,0.38,0.56,0.34,0.74,1.0,1.0,False,,,vsin_dk,free
2026_CFB_W03_UAB_UL_draftkings_20260912T040059Z,2026_CFB_W03_UAB_UL,2026-09-12T04:00:59.967481+00:00,,draftkings,9.5,,,285.0,-360.0,54.5,,,0.18,0.19,0.04,0.4,,0.98,False,,,vsin_dk,free
2026_CFB_W03_FSU_ALA_draftkings_20260912T040059Z,2026_CFB_W03_FSU_ALA,2026-09-12T04:00:59.967481+00:00,,draftkings,-17.5,,,-950.0,625.0,50.5,,,0.71,0.18,1.0,1.0,1.0,1.0,False,,,vsin_dk,free
2026_CFB_W03_SMU_LOU_draftkings_20260912T040059Z,2026_CFB_W03_SMU_LOU,2026-09-12T04:00:59.967481+00:00,,draftkings,-1.5,,,-115.0,-105.0,58.5,,,0.83,0.99,0.9,1.0,0.57,0.12,False,,,vsin_dk,free
2026_CFB_W03_FLA_AUB_draftkings_20260912T040059Z,2026_CFB_W03_FLA_AUB,2026-09-12T04:00:59.967481+00:00,,draftkings,2.5,,,114.0,-135.0,51.5,,,0.63,0.74,0.1,0.01,0.5,1.0,False,,,vsin_dk,free
2026_CFB_W03_LSU_MISS_draftkings_20260912T040059Z,2026_CFB_W03_LSU_MISS,2026-09-12T04:00:59.967481+00:00,,draftkings,2.5,,,114.0,-135.0,58.5,,,0.38,0.56,0.34,0.74,1.0,1.0,False,,,vsin_dk,free
2026_CFB_W03_UAB_UL_draftkings_20260912T042007Z,2026_CFB_W03_UAB_UL,2026-09-12T04:20:07.064170+00:00,,draftkings,9.5,,,285.0,-360.0,54.5,,,0.17,0.19,0.04,0.4,,,False,,,vsin_dk,free
2026_CFB_W03_FSU_ALA_draftkings_20260912T042007Z,2026_CFB_W03_FSU_ALA,2026-09-12T04:20:07.064170+00:00,,draftkings,-17.5,,,-950.0,625.0,50.5,,,0.71,0.18,1.0,1.0,1.0,1.0,False,,,vsin_dk,free
2026_CFB_W03_SMU_LOU_draftkings_20260912T042007Z,2026_CFB_W03_SMU_LOU,2026-09-12T04:20:07.064170+00:00,,draftkings,-1.5,,,-115.0,-105.0,58.5,,,0.83,0.99,0.9,1.0,0.57,0.12,False,,,vsin_dk,free
2026_CFB_W03_FLA_AUB_draftkings_20260912T042007Z,2026_CFB_W03_FLA_AUB,2026-09-12T04:20:07.064170+00:00,,draftkings,2.5,,,114.0,-135.0,51.5,,,0.63,0.74,0.1,0.01,0.5,1.0,False,,,vsin_dk,free
2026_CFB_W03_LSU_MISS_draftkings_20260912T042007Z,2026_CFB_W03_LSU_MISS,2026-09-12T04:20:07.064170+00:00,,draftkings,2.5,,,114.0,-135.0,58.5,,,0.38,0.56,0.34,0.74,1.0,1.0,False,,,vsin_dk,free
2026_CFB_W03_UAB_UL_draftkings_20260912T051855Z,2026_CFB_W03_UAB_UL,2026-09-12T05:18:55.714598+00:00,,draftkings,9.5,,,285.0,-360.0,54.5,,,0.19,0.2,0.04,0.39,0.5,0.99,False,,,vsin_dk,free
2026_CFB_W03_FSU_ALA_draftkings_20260912T051855Z,2026_CFB_W03_FSU_ALA,2026-09-12T05:18:55.714598+00:00,,draftkings,-17.5,,,-950.0,625.0,50.5,,,0.71,0.18,1.0,1.0,1.0,1.0,False,,,vsin_dk,free
2026_CFB_W03_SMU_LOU_draftkings_20260912T051855Z,2026_CFB_W03_SMU_LOU,2026-09-12T05:18:55.714598+00:00,,draftkings,-1.5,,,-115.0,-105.0,58.5,,,0.83,0.99,0.91,1.0,0.57,0.12,False,,,vsin_dk,free
2026_CFB_W03_FLA_AUB_draftkings_20260912T051855Z,2026_CFB_W03_FLA_AUB,2026-09-12T05:18:55.714598+00:00,,draftkings,2.5,,,114.0,-135.0,51.5,,,0.63,0.74,0.1,0.01,0.5,1.0,False,,,vsin_dk,free
2026_CFB_W03_LSU_MISS_draftkings_20260912T051855Z,2026_CFB_W03_LSU_MISS,2026-09-12T05:18:55.714598+00:00,,draftkings,2.5,,,114.0,-135.0,58.5,,,0.36,0.56,0.33,0.67,1.0,1.0,False,,,vsin_dk,free
2026_CFB_W03_UAB_UL_draftkings_20260912T062428Z,2026_CFB_W03_UAB_UL,2026-09-12T06:24:28.411854+00:00,,draftkings,9.5,,,285.0,-360.0,54.5,,,0.18,0.2,0.04,0.39,0.5,0.95,False,,,vsin_dk,free
2026_CFB_W03_FSU_ALA_draftkings_20260912T062428Z,2026_CFB_W03_FSU_ALA,2026-09-12T06:24:28.411854+00:00,,draftkings,-17.5,,,-950.0,625.0,50.5,,,0.71,0.18,1.0,1.0,1.0,1.0,False,,,vsin_dk,free
2026_CFB_W03_SMU_LOU_draftkings_20260912T062428Z,2026_CFB_W03_SMU_LOU,2026-09-12T06:24:28.411854+00:00,,draftkings,-1.5,,,-115.0,-105.0,58.5,,,0.83,0.99,0.91,1.0,0.57,0.12,False,,,vsin_dk,free
2026_CFB_W03_FLA_AUB_draftkings_20260912T062428Z,2026_CFB_W03_FLA_AUB,2026-09-12T06:24:28.411854+00:00,,draftkings,2.5,,,114.0,-135.0,51.5,,,0.63,0.74,0.1,0.01,0.5,1.0,False,,,vsin_dk,free
2026_CFB_W03_LSU_MISS_draftkings_20260912T062428Z,2026_CFB_W03_LSU_MISS,2026-09-12T06:24:28.411854+00:00,,draftkings,2.5,,,114.0,-135.0,58.5,,,0.36,0.56,0.33,0.67,1.0,1.0,False,,,vsin_dk,free
2026_CFB_W03_UAB_UL_draftkings_20260912T071806Z,2026_CFB_W03_UAB_UL,2026-09-12T07:18:06.046180+00:00,,draftkings,9.5,,,285.0,-360.0,54.5,,,0.17,0.2,0.04,0.39,,0.95,False,,,vsin_dk,free
2026_CFB_W03_FSU_ALA_draftkings_20260912T071806Z,2026_CFB_W03_FSU_ALA,2026-09-12T07:18:06.046180+00:00,,draftkings,-17.5,,,-950.0,625.0,50.5,,,0.71,0.18,1.0,1.0,1.0,1.0,False,,,vsin_dk,free
2026_CFB_W03_SMU_LOU_draftkings_20260912T071806Z,2026_CFB_W03_SMU_LOU,2026-09-12T07:18:06.046180+00:00,,draftkings,-1.5,,,-115.0,-105.0,58.5,,,0.83,0.99,0.91,1.0,0.57,0.12,False,,,vsin_dk,free
2026_CFB_W03_FLA_AUB_draftkings_20260912T071806Z,2026_CFB_W03_FLA_AUB,2026-09-12T07:18:06.046180+00:00,,draftkings,2.5,,,114.0,-135.0,51.5,,,0.63,0.74,0.1,0.01,0.5,1.0,False,,,vsin_dk,free
2026_CFB_W03_LSU_MISS_draftkings_20260912T071806Z,2026_CFB_W03_LSU_MISS,2026-09-12T07:18:06.046180+00:00,,draftkings,2.5,,,114.0,-135.0,58.5,,,0.36,0.56,0.33,0.67,1.0,1.0,False,,,vsin_dk,free
2026_CFB_W03_UAB_UL_draftkings_20260912T082024Z,2026_CFB_W03_UAB_UL,2026-09-12T08:20:24.641258+00:00,,draftkings,9.5,,,285.0,-360.0,54.5,,,,0.15,0.04,0.39,,0.95,False,,,vsin_dk,free
2026_CFB_W03_FSU_ALA_draftkings_20260912T082024Z,2026_CFB_W03_FSU_ALA,2026-09-12T08:20:24.641258+00:00,,draftkings,-17.5,,,-950.0,625.0,50.5,,,0.71,0.18,1.0,1.0,1.0,1.0,False,,,vsin_dk,free
2026_CFB_W03_SMU_LOU_draftkings_20260912T082024Z,2026_CFB_W03_SMU_LOU,2026-09-12T08:20:24.641258+00:00,,draftkings,-1.5,,,-115.0,-105.0,58.5,,,0.83,0.99,0.91,1.0,0.57,0.12,False,,,vsin_dk,free
2026_CFB_W03_FLA_AUB_draftkings_20260912T082024Z,2026_CFB_W03_FLA_AUB,2026-09-12T08:20:24.641258+00:00,,draftkings,2.5,,,114.0,-135.0,51.5,,,0.63,0.74,0.1,0.01,0.5,1.0,False,,,vsin_dk,free
2026_CFB_W03_LSU_MISS_draftkings_20260912T082024Z,2026_CFB_W03_LSU_MISS,2026-09-12T08:20:24.641258+00:00,,draftkings,2.5,,,114.0,-135.0,58.5,,,0.35,0.54,0.33,0.67,1.0,1.0,False,,,vsin_dk,free
2026_CFB_W03_UAB_UL_draftkings_20260912T091940Z,2026_CFB_W03_UAB_UL,2026-09-12T09:19:40.337805+00:00,,draftkings,9.5,,,285.0,-360.0,54.5,,,0.16,0.15,0.04,0.39,0.5,0.95,False,,,vsin_dk,free
2026_CFB_W03_FSU_ALA_draftkings_20260912T091940Z,2026_CFB_W03_FSU_ALA,2026-09-12T09:19:40.337805+00:00,,draftkings,-17.5,,,-950.0,625.0,50.5,,,0.71,0.18,1.0,1.0,1.0,1.0,False,,,vsin_dk,free
2026_CFB_W03_SMU_LOU_draftkings_20260912T091940Z,2026_CFB_W03_SMU_LOU,2026-09-12T09:19:40.337805+00:00,,draftkings,-1.5,,,-115.0,-105.0,58.5,,,0.83,0.99,0.91,1.0,0.57,0.12,False,,,vsin_dk,free
2026_CFB_W03_FLA_AUB_draftkings_20260912T091940Z,2026_CFB_W03_FLA_AUB,2026-09-12T09:19:40.337805+00:00,,draftkings,2.5,,,114.0,-135.0,51.5,,,0.63,0.74,0.1,0.01,0.5,1.0,False,,,vsin_dk,free
2026_CFB_W03_LSU_MISS_draftkings_20260912T091940Z,2026_CFB_W03_LSU_MISS,2026-09-12T09:19:40.337805+00:00,,draftkings,2.5,,,114.0,-135.0,58.5,,,0.35,0.54,0.33,0.67,1.0,1.0,False,,,vsin_dk,free
2026_CFB_W03_UAB_UL_draftkings_20260912T101901Z,2026_CFB_W03_UAB_UL,2026-09-12T10:19:01.591767+00:00,,draftkings,9.5,,,285.0,-360.0,54.5,,,0.15,0.15,0.03,0.38,0.49,0.95,False,,,vsin_dk,free
2026_CFB_W03_FSU_ALA_draftkings_20260912T101901Z,2026_CFB_W03_FSU_ALA,2026-09-12T10:19:01.591767+00:00,,draftkings,-17.5,,,-950.0,625.0,50.5,,,0.71,0.18,1.0,1.0,1.0,1.0,False,,,vsin_dk,free
2026_CFB_W03_SMU_LOU_draftkings_20260912T101901Z,2026_CFB_W03_SMU_LOU,2026-09-12T10:19:01.591767+00:00,,draftkings,-1.5,,,-115.0,-105.0,58.5,,,0.83,0.99,0.91,1.0,0.57,0.12,False,,,vsin_dk,free
2026_CFB_W03_FLA_AUB_draftkings_20260912T101901Z,2026_CFB_W03_FLA_AUB,2026-09-12T10:19:01.591767+00:00,,draftkings,2.5,,,114.0,-135.0,51.5,,,0.63,0.74,0.1,0.01,0.5,1.0,False,,,vsin_dk,free
2026_CFB_W03_LSU_MISS_draftkings_20260912T101901Z,2026_CFB_W03_LSU_MISS,2026-09-12T10:19:01.591767+00:00,,draftkings,2.5,,,114.0,-135.0,58.5,,,0.35,0.54,0.33,0.67,1.0,1.0,False,,,vsin_dk,free
2026_CFB_W03_UAB_UL_draftkings_20260912T111805Z,2026_CFB_W03_UAB_UL,2026-09-12T11:18:05.347410+00:00,,draftkings,9.5,,,285.0,-360.0,54.5,,,0.15,0.15,0.03,0.35,0.51,0.96,False,,,vsin_dk,free
2026_CFB_W03_FSU_ALA_draftkings_20260912T111805Z,2026_CFB_W03_FSU_ALA,2026-09-12T11:18:05.347410+00:00,,draftkings,-17.5,,,-950.0,625.0,50.5,,,0.75,0.32,1.0,1.0,1.0,1.0,False,,,vsin_dk,free
2026_CFB_W03_SMU_LOU_draftkings_20260912T111805Z,2026_CFB_W03_SMU_LOU,2026-09-12T11:18:05.347410+00:00,,draftkings,-1.5,,,-115.0,-105.0,58.5,,,0.83,0.99,0.91,1.0,0.57,0.12,False,,,vsin_dk,free
2026_CFB_W03_FLA_AUB_draftkings_20260912T111805Z,2026_CFB_W03_FLA_AUB,2026-09-12T11:18:05.347410+00:00,,draftkings,2.5,,,114.0,-135.0,51.5,,,0.63,0.74,0.1,0.01,0.5,1.0,False,,,vsin_dk,free
2026_CFB_W03_LSU_MISS_draftkings_20260912T111805Z,2026_CFB_W03_LSU_MISS,2026-09-12T11:18:05.347410+00:00,,draftkings,2.5,,,114.0,-135.0,58.5,,,0.35,0.54,0.33,0.67,1.0,1.0,False,,,vsin_dk,free
2026_CFB_W03_UAB_UL_draftkings_20260912T120058Z,2026_CFB_W03_UAB_UL,2026-09-12T12:00:58.530651+00:00,,draftkings,9.5,,,285.0,-360.0,54.5,,,0.14,0.14,0.04,0.35,0.52,0.97,False,,,vsin_dk,free
2026_CFB_W03_FSU_ALA_draftkings_20260912T120058Z,2026_CFB_W03_FSU_ALA,2026-09-12T12:00:58.530651+00:00,,draftkings,-17.5,,,-950.0,625.0,50.5,,,0.75,0.32,1.0,1.0,1.0,1.0,False,,,vsin_dk,free
2026_CFB_W03_SMU_LOU_draftkings_20260912T120058Z,2026_CFB_W03_SMU_LOU,2026-09-12T12:00:58.530651+00:00,,draftkings,-1.5,,,-115.0,-105.0,58.5,,,0.83,0.99,0.91,1.0,0.57,0.12,False,,,vsin_dk,free
2026_CFB_W03_FLA_AUB_draftkings_20260912T120058Z,2026_CFB_W03_FLA_AUB,2026-09-12T12:00:58.530651+00:00,,draftkings,2.5,,,114.0,-135.0,51.5,,,0.63,0.74,0.1,0.01,0.5,1.0,False,,,vsin_dk,free
2026_CFB_W03_LSU_MISS_draftkings_20260912T120058Z,2026_CFB_W03_LSU_MISS,2026-09-12T12:00:58.530651+00:00,,draftkings,2.5,,,114.0,-135.0,58.5,,,0.35,0.54,0.33,0.67,1.0,1.0,False,,,vsin_dk,free
2026_CFB_W03_UAB_UL_draftkings_20260912T122329Z,2026_CFB_W03_UAB_UL,2026-09-12T12:23:29.831065+00:00,,draftkings,9.5,,,285.0,-360.0,54.5,,,,0.15,0.03,0.35,0.52,0.97,False,,,vsin_dk,free
2026_CFB_W03_FSU_ALA_draftkings_20260912T122329Z,2026_CFB_W03_FSU_ALA,2026-09-12T12:23:29.831065+00:00,,draftkings,-17.5,,,-950.0,625.0,50.5,,,0.75,0.32,1.0,1.0,1.0,1.0,False,,,vsin_dk,free
2026_CFB_W03_SMU_LOU_draftkings_20260912T122329Z,2026_CFB_W03_SMU_LOU,2026-09-12T12:23:29.831065+00:00,,draftkings,-1.5,,,-115.0,-105.0,58.5,,,0.83,0.99,0.91,1.0,0.57,0.12,False,,,vsin_dk,free
2026_CFB_W03_FLA_AUB_draftkings_20260912T122329Z,2026_CFB_W03_FLA_AUB,2026-09-12T12:23:29.831065+00:00,,draftkings,2.5,,,114.0,-135.0,51.5,,,0.63,0.74,0.1,0.01,0.5,1.0,False,,,vsin_dk,free
2026_CFB_W03_LSU_MISS_draftkings_20260912T122329Z,2026_CFB_W03_LSU_MISS,2026-09-12T12:23:29.831065+00:00,,draftkings,2.5,,,114.0,-135.0,58.5,,,0.35,0.54,0.33,0.67,1.0,1.0,False,,,vsin_dk,free
2026_CFB_W03_UAB_UL_draftkings_20260912T122418Z,2026_CFB_W03_UAB_UL,2026-09-12T12:24:18.062052+00:00,,draftkings,9.5,,,285.0,-360.0,54.5,,,,0.15,0.03,0.35,0.52,0.97,False,,,vsin_dk,free
2026_CFB_W03_FSU_ALA_draftkings_20260912T122418Z,2026_CFB_W03_FSU_ALA,2026-09-12T12:24:18.062052+00:00,,draftkings,-17.5,,,-950.0,625.0,50.5,,,0.75,0.32,1.0,1.0,1.0,1.0,False,,,vsin_dk,free
2026_CFB_W03_SMU_LOU_draftkings_20260912T122418Z,2026_CFB_W03_SMU_LOU,2026-09-12T12:24:18.062052+00:00,,draftkings,-1.5,,,-115.0,-105.0,58.5,,,0.83,0.99,0.91,1.0,0.57,0.12,False,,,vsin_dk,free
2026_CFB_W03_FLA_AUB_draftkings_20260912T122418Z,2026_CFB_W03_FLA_AUB,2026-09-12T12:24:18.062052+00:00,,draftkings,2.5,,,114.0,-135.0,51.5,,,0.63,0.74,0.1,0.01,0.5,1.0,False,,,vsin_dk,free
2026_CFB_W03_LSU_MISS_draftkings_20260912T122418Z,2026_CFB_W03_LSU_MISS,2026-09-12T12:24:18.062052+00:00,,draftkings,2.5,,,114.0,-135.0,58.5,,,0.35,0.54,0.33,0.67,1.0,1.0,False,,,vsin_dk,free
2026_CFB_W03_UAB_UL_draftkings_20260912T130057Z,2026_CFB_W03_UAB_UL,2026-09-12T13:00:57.696709+00:00,,draftkings,9.5,,,285.0,-360.0,54.5,,,0.15,0.44,0.03,0.35,,0.97,False,,,vsin_dk,free
2026_CFB_W03_FSU_ALA_draftkings_20260912T130057Z,2026_CFB_W03_FSU_ALA,2026-09-12T13:00:57.696709+00:00,,draftkings,-17.5,,,-950.0,625.0,50.5,,,0.75,0.32,1.0,1.0,1.0,1.0,False,,,vsin_dk,free
2026_CFB_W03_SMU_LOU_draftkings_20260912T130057Z,2026_CFB_W03_SMU_LOU,2026-09-12T13:00:57.696709+00:00,,draftkings,-1.5,,,-115.0,-105.0,58.5,,,0.83,0.99,0.91,1.0,0.57,0.12,False,,,vsin_dk,free
2026_CFB_W03_FLA_AUB_draftkings_20260912T130057Z,2026_CFB_W03_FLA_AUB,2026-09-12T13:00:57.696709+00:00,,draftkings,2.5,,,114.0,-135.0,51.5,,,,,0.1,0.01,0.5,1.0,False,,,vsin_dk,free
2026_CFB_W03_LSU_MISS_draftkings_20260912T130057Z,2026_CFB_W03_LSU_MISS,2026-09-12T13:00:57.696709+00:00,,draftkings,2.5,,,114.0,-135.0,58.5,,,0.35,0.54,0.32,0.67,1.0,1.0,False,,,vsin_dk,free
2026_CFB_W03_UAB_UL_draftkings_20260912T130315Z,2026_CFB_W03_UAB_UL,2026-09-12T13:03:15.189066+00:00,,draftkings,9.5,,,285.0,-360.0,54.5,,,0.15,0.44,0.03,0.35,,0.97,False,,,vsin_dk,free
2026_CFB_W03_FSU_ALA_draftkings_20260912T130315Z,2026_CFB_W03_FSU_ALA,2026-09-12T13:03:15.189066+00:00,,draftkings,-17.5,,,-950.0,625.0,50.5,,,0.75,0.32,1.0,1.0,1.0,1.0,False,,,vsin_dk,free
2026_CFB_W03_SMU_LOU_draftkings_20260912T130315Z,2026_CFB_W03_SMU_LOU,2026-09-12T13:03:15.189066+00:00,,draftkings,-1.5,,,-115.0,-105.0,58.5,,,0.83,0.99,0.91,1.0,0.57,0.12,False,,,vsin_dk,free
2026_CFB_W03_FLA_AUB_draftkings_20260912T130315Z,2026_CFB_W03_FLA_AUB,2026-09-12T13:03:15.189066+00:00,,draftkings,2.5,,,114.0,-135.0,51.5,,,,,0.1,0.01,0.5,1.0,False,,,vsin_dk,free
2026_CFB_W03_LSU_MISS_draftkings_20260912T130315Z,2026_CFB_W03_LSU_MISS,2026-09-12T13:03:15.189066+00:00,,draftkings,2.5,,,114.0,-135.0,58.5,,,0.35,0.54,0.32,0.67,1.0,1.0,False,,,vsin_dk,free
2026_CFB_W03_UAB_UL_draftkings_20260912T131600Z,2026_CFB_W03_UAB_UL,2026-09-12T13:16:00.174590+00:00,,draftkings,9.5,,,285.0,-360.0,54.5,,,0.15,0.44,0.03,0.34,0.49,0.97,False,,,vsin_dk,free
2026_CFB_W03_FSU_ALA_draftkings_20260912T131600Z,2026_CFB_W03_FSU_ALA,2026-09-12T13:16:00.174590+00:00,,draftkings,-17.5,,,-950.0,625.0,50.5,,,0.75,0.32,1.0,1.0,1.0,1.0,False,,,vsin_dk,free
2026_CFB_W03_SMU_LOU_draftkings_20260912T131600Z,2026_CFB_W03_SMU_LOU,2026-09-12T13:16:00.174590+00:00,,draftkings,-1.5,,,-115.0,-105.0,58.5,,,0.83,0.99,0.91,1.0,0.57,0.12,False,,,vsin_dk,free
2026_CFB_W03_FLA_AUB_draftkings_20260912T131600Z,2026_CFB_W03_FLA_AUB,2026-09-12T13:16:00.174590+00:00,,draftkings,2.5,,,114.0,-135.0,51.5,,,0.56,0.16,0.1,0.01,0.5,1.0,False,,,vsin_dk,free
2026_CFB_W03_LSU_MISS_draftkings_20260912T131600Z,2026_CFB_W03_LSU_MISS,2026-09-12T13:16:00.174590+00:00,,draftkings,2.5,,,114.0,-135.0,58.5,,,0.35,0.54,0.32,0.67,1.0,1.0,False,,,vsin_dk,free
2026_CFB_W03_UAB_UL_draftkings_20260912T131835Z,2026_CFB_W03_UAB_UL,2026-09-12T13:18:35.792390+00:00,,draftkings,9.5,,,285.0,-360.0,54.5,,,0.15,0.44,0.03,0.34,0.49,0.97,False,,,vsin_dk,free
2026_CFB_W03_FSU_ALA_draftkings_20260912T131835Z,2026_CFB_W03_FSU_ALA,2026-09-12T13:18:35.792390+00:00,,draftkings,-17.5,,,-950.0,625.0,50.5,,,0.75,0.32,1.0,1.0,1.0,1.0,False,,,vsin_dk,free
2026_CFB_W03_SMU_LOU_draftkings_20260912T131835Z,2026_CFB_W03_SMU_LOU,2026-09-12T13:18:35.792390+00:00,,draftkings,-1.5,,,-115.0,-105.0,58.5,,,0.83,0.99,0.91,1.0,0.57,0.12,False,,,vsin_dk,free
2026_CFB_W03_FLA_AUB_draftkings_20260912T131835Z,2026_CFB_W03_FLA_AUB,2026-09-12T13:18:35.792390+00:00,,draftkings,2.5,,,114.0,-135.0,51.5,,,0.56,0.16,0.1,0.01,0.5,1.0,False,,,vsin_dk,free
2026_CFB_W03_LSU_MISS_draftkings_20260912T131835Z,2026_CFB_W03_LSU_MISS,2026-09-12T13:18:35.792390+00:00,,draftkings,2.5,,,114.0,-135.0,58.5,,,0.35,0.54,0.32,0.67,1.0,1.0,False,,,vsin_dk,free
2026_CFB_W03_UAB_UL_draftkings_20260912T132139Z,2026_CFB_W03_UAB_UL,2026-09-12T13:21:39.768839+00:00,,draftkings,9.5,,,285.0,-360.0,54.5,,,,0.44,0.03,0.34,0.49,0.97,False,,,vsin_dk,free
2026_CFB_W03_FSU_ALA_draftkings_20260912T132139Z,2026_CFB_W03_FSU_ALA,2026-09-12T13:21:39.768839+00:00,,draftkings,-17.5,,,-950.0,625.0,50.5,,,0.75,0.32,1.0,1.0,1.0,1.0,False,,,vsin_dk,free
2026_CFB_W03_SMU_LOU_draftkings_20260912T132139Z,2026_CFB_W03_SMU_LOU,2026-09-12T13:21:39.768839+00:00,,draftkings,-1.5,,,-115.0,-105.0,58.5,,,0.83,0.99,,1.0,0.57,0.12,False,,,vsin_dk,free
2026_CFB_W03_FLA_AUB_draftkings_20260912T132139Z,2026_CFB_W03_FLA_AUB,2026-09-12T13:21:39.768839+00:00,,draftkings,2.5,,,114.0,-135.0,51.5,,,0.56,0.16,,0.01,0.5,1.0,False,,,vsin_dk,free
2026_CFB_W03_LSU_MISS_draftkings_20260912T132139Z,2026_CFB_W03_LSU_MISS,2026-09-12T13:21:39.768839+00:00,,draftkings,2.5,,,114.0,-135.0,58.5,,,0.35,0.54,,0.67,1.0,1.0,False,,,vsin_dk,free
2026_CFB_W03_UAB_UL_draftkings_20260912T133058Z,2026_CFB_W03_UAB_UL,2026-09-12T13:30:58.541692+00:00,,draftkings,9.5,,,285.0,-360.0,54.5,,,0.14,0.44,0.03,0.34,,0.97,False,,,vsin_dk,free
2026_CFB_W03_FSU_ALA_draftkings_20260912T133058Z,2026_CFB_W03_FSU_ALA,2026-09-12T13:30:58.541692+00:00,,draftkings,-17.5,,,-950.0,625.0,50.5,,,0.78,0.32,1.0,1.0,1.0,1.0,False,,,vsin_dk,free
2026_CFB_W03_SMU_LOU_draftkings_20260912T133058Z,2026_CFB_W03_SMU_LOU,2026-09-12T13:30:58.541692+00:00,,draftkings,-1.5,,,-115.0,-105.0,58.5,,,0.79,0.98,0.89,1.0,0.57,0.12,False,,,vsin_dk,free
2026_CFB_W03_FLA_AUB_draftkings_20260912T133058Z,2026_CFB_W03_FLA_AUB,2026-09-12T13:30:58.541692+00:00,,draftkings,2.5,,,114.0,-135.0,51.5,,,0.56,0.16,0.11,0.01,0.5,1.0,False,,,vsin_dk,free
2026_CFB_W03_LSU_MISS_draftkings_20260912T133058Z,2026_CFB_W03_LSU_MISS,2026-09-12T13:30:58.541692+00:00,,draftkings,2.5,,,114.0,-135.0,58.5,,,0.35,0.54,,0.67,1.0,1.0,False,,,vsin_dk,free
2026_CFB_W03_UAB_UL_draftkings_20260912T133338Z,2026_CFB_W03_UAB_UL,2026-09-12T13:33:38.954015+00:00,,draftkings,9.5,,,285.0,-360.0,54.5,,,0.14,0.44,0.03,0.34,,0.97,False,,,vsin_dk,free
2026_CFB_W03_FSU_ALA_draftkings_20260912T133338Z,2026_CFB_W03_FSU_ALA,2026-09-12T13:33:38.954015+00:00,,draftkings,-17.5,,,-950.0,625.0,50.5,,,0.78,0.32,1.0,1.0,1.0,1.0,False,,,vsin_dk,free
2026_CFB_W03_SMU_LOU_draftkings_20260912T133338Z,2026_CFB_W03_SMU_LOU,2026-09-12T13:33:38.954015+00:00,,draftkings,-1.5,,,-115.0,-105.0,58.5,,,0.79,0.98,0.89,1.0,0.57,0.12,False,,,vsin_dk,free
2026_CFB_W03_FLA_AUB_draftkings_20260912T133338Z,2026_CFB_W03_FLA_AUB,2026-09-12T13:33:38.954015+00:00,,draftkings,2.5,,,114.0,-135.0,51.5,,,0.56,0.16,0.11,0.01,0.5,1.0,False,,,vsin_dk,free
2026_CFB_W03_LSU_MISS_draftkings_20260912T133338Z,2026_CFB_W03_LSU_MISS,2026-09-12T13:33:38.954015+00:00,,draftkings,2.5,,,114.0,-135.0,58.5,,,0.35,0.54,,0.67,1.0,1.0,False,,,vsin_dk,free
2026_CFB_W03_UAB_UL_draftkings_20260912T134558Z,2026_CFB_W03_UAB_UL,2026-09-12T13:45:58.897990+00:00,,draftkings,9.5,,,285.0,-360.0,54.5,,,0.15,,0.03,0.34,0.49,0.97,False,,,vsin_dk,free
2026_CFB_W03_FSU_ALA_draftkings_20260912T134558Z,2026_CFB_W03_FSU_ALA,2026-09-12T13:45:58.897990+00:00,,draftkings,-17.5,,,-950.0,625.0,50.5,,,0.78,0.32,1.0,1.0,1.0,1.0,False,,,vsin_dk,free
2026_CFB_W03_SMU_LOU_draftkings_20260912T134558Z,2026_CFB_W03_SMU_LOU,2026-09-12T13:45:58.897990+00:00,,draftkings,-1.5,,,-115.0,-105.0,58.5,,,0.79,0.98,0.89,1.0,0.57,0.12,False,,,vsin_dk,free
2026_CFB_W03_FLA_AUB_draftkings_20260912T134558Z,2026_CFB_W03_FLA_AUB,2026-09-12T13:45:58.897990+00:00,,draftkings,2.5,,,114.0,-135.0,51.5,,,0.56,0.16,0.11,0.01,0.5,1.0,False,,,vsin_dk,free
2026_CFB_W03_LSU_MISS_draftkings_20260912T134558Z,2026_CFB_W03_LSU_MISS,2026-09-12T13:45:58.897990+00:00,,draftkings,2.5,,,114.0,-135.0,58.5,,,0.35,0.54,0.36,0.67,1.0,1.0,False,,,vsin_dk,free
2026_CFB_W03_UAB_UL_draftkings_20260912T134726Z,2026_CFB_W03_UAB_UL,2026-09-12T13:47:26.543836+00:00,,draftkings,9.5,,,285.0,-360.0,54.5,,,0.15,,0.03,0.34,0.49,0.97,False,,,vsin_dk,free
2026_CFB_W03_FSU_ALA_draftkings_20260912T134726Z,2026_CFB_W03_FSU_ALA,2026-09-12T13:47:26.543836+00:00,,draftkings,-17.5,,,-950.0,625.0,50.5,,,0.78,0.32,1.0,1.0,1.0,1.0,False,,,vsin_dk,free
2026_CFB_W03_SMU_LOU_draftkings_20260912T134726Z,2026_CFB_W03_SMU_LOU,2026-09-12T13:47:26.543836+00:00,,draftkings,-1.5,,,-115.0,-105.0,58.5,,,0.79,0.98,0.89,1.0,0.57,0.12,False,,,vsin_dk,free
2026_CFB_W03_FLA_AUB_draftkings_20260912T134726Z,2026_CFB_W03_FLA_AUB,2026-09-12T13:47:26.543836+00:00,,draftkings,2.5,,,114.0,-135.0,51.5,,,0.56,0.16,0.11,0.01,0.5,1.0,False,,,vsin_dk,free
2026_CFB_W03_LSU_MISS_draftkings_20260912T134726Z,2026_CFB_W03_LSU_MISS,2026-09-12T13:47:26.543836+00:00,,draftkings,2.5,,,114.0,-135.0,58.5,,,0.35,0.54,0.36,0.67,1.0,1.0,False,,,vsin_dk,free
2026_CFB_W03_UAB_UL_draftkings_20260912T140056Z,2026_CFB_W03_UAB_UL,2026-09-12T14:00:56.935647+00:00,,draftkings,9.5,,,285.0,-360.0,54.5,,,0.14,0.44,0.03,,0.49,0.97,False,,,vsin_dk,free
2026_CFB_W03_FSU_ALA_draftkings_20260912T140056Z,2026_CFB_W03_FSU_ALA,2026-09-12T14:00:56.935647+00:00,,draftkings,-17.5,,,-950.0,625.0,50.5,,,0.78,0.32,1.0,1.0,1.0,1.0,False,,,vsin_dk,free
2026_CFB_W03_SMU_LOU_draftkings_20260912T140056Z,2026_CFB_W03_SMU_LOU,2026-09-12T14:00:56.935647+00:00,,draftkings,-1.5,,,-115.0,-105.0,58.5,,,0.79,0.98,,1.0,0.57,0.12,False,,,vsin_dk,free
2026_CFB_W03_FLA_AUB_draftkings_20260912T140056Z,2026_CFB_W03_FLA_AUB,2026-09-12T14:00:56.935647+00:00,,draftkings,2.5,,,114.0,-135.0,51.5,,,0.56,0.16,0.11,0.01,0.5,1.0,False,,,vsin_dk,free
2026_CFB_W03_LSU_MISS_draftkings_20260912T140056Z,2026_CFB_W03_LSU_MISS,2026-09-12T14:00:56.935647+00:00,,draftkings,2.5,,,114.0,-135.0,58.5,,,0.35,0.54,,0.67,1.0,1.0,False,,,vsin_dk,free
2026_CFB_W03_UAB_UL_draftkings_20260912T140329Z,2026_CFB_W03_UAB_UL,2026-09-12T14:03:29.974943+00:00,,draftkings,9.5,,,285.0,-360.0,54.5,,,0.14,0.44,0.03,,0.49,0.97,False,,,vsin_dk,free
2026_CFB_W03_FSU_ALA_draftkings_20260912T140329Z,2026_CFB_W03_FSU_ALA,2026-09-12T14:03:29.974943+00:00,,draftkings,-17.5,,,-950.0,625.0,50.5,,,0.78,0.32,1.0,1.0,1.0,1.0,False,,,vsin_dk,free
2026_CFB_W03_SMU_LOU_draftkings_20260912T140329Z,2026_CFB_W03_SMU_LOU,2026-09-12T14:03:29.974943+00:00,,draftkings,-1.5,,,-115.0,-105.0,58.5,,,0.79,0.98,,1.0,0.57,0.12,False,,,vsin_dk,free
2026_CFB_W03_FLA_AUB_draftkings_20260912T140329Z,2026_CFB_W03_FLA_AUB,2026-09-12T14:03:29.974943+00:00,,draftkings,2.5,,,114.0,-135.0,51.5,,,0.56,0.16,0.11,0.01,0.5,1.0,False,,,vsin_dk,free
2026_CFB_W03_LSU_MISS_draftkings_20260912T140329Z,2026_CFB_W03_LSU_MISS,2026-09-12T14:03:29.974943+00:00,,draftkings,2.5,,,114.0,-135.0,58.5,,,0.35,0.54,,0.67,1.0,1.0,False,,,vsin_dk,free
2026_CFB_W03_UAB_UL_draftkings_20260912T141603Z,2026_CFB_W03_UAB_UL,2026-09-12T14:16:03.332723+00:00,,draftkings,9.5,,,285.0,-360.0,54.5,,,0.14,0.44,0.03,0.33,0.49,0.97,False,,,vsin_dk,free
2026_CFB_W03_FSU_ALA_draftkings_20260912T141603Z,2026_CFB_W03_FSU_ALA,2026-09-12T14:16:03.332723+00:00,,draftkings,-17.5,,,-950.0,625.0,50.5,,,0.78,0.32,1.0,1.0,1.0,1.0,False,,,vsin_dk,free
2026_CFB_W03_SMU_LOU_draftkings_20260912T141603Z,2026_CFB_W03_SMU_LOU,2026-09-12T14:16:03.332723+00:00,,draftkings,-1.5,,,-115.0,-105.0,58.5,,,0.79,0.98,0.9,1.0,0.57,0.12,False,,,vsin_dk,free
2026_CFB_W03_FLA_AUB_draftkings_20260912T141603Z,2026_CFB_W03_FLA_AUB,2026-09-12T14:16:03.332723+00:00,,draftkings,2.5,,,114.0,-135.0,51.5,,,0.56,0.16,0.11,0.01,0.5,1.0,False,,,vsin_dk,free
2026_CFB_W03_LSU_MISS_draftkings_20260912T141603Z,2026_CFB_W03_LSU_MISS,2026-09-12T14:16:03.332723+00:00,,draftkings,2.5,,,114.0,-135.0,58.5,,,0.35,0.54,0.35,0.67,1.0,1.0,False,,,vsin_dk,free
2026_CFB_W03_UAB_UL_draftkings_20260912T141917Z,2026_CFB_W03_UAB_UL,2026-09-12T14:19:17.428827+00:00,,draftkings,9.5,,,285.0,-360.0,54.5,,,0.14,0.44,0.03,0.33,0.49,0.97,False,,,vsin_dk,free
2026_CFB_W03_FSU_ALA_draftkings_20260912T141917Z,2026_CFB_W03_FSU_ALA,2026-09-12T14:19:17.428827+00:00,,draftkings,-17.5,,,-950.0,625.0,50.5,,,0.78,0.32,1.0,1.0,1.0,1.0,False,,,vsin_dk,free
2026_CFB_W03_SMU_LOU_draftkings_20260912T141917Z,2026_CFB_W03_SMU_LOU,2026-09-12T14:19:17.428827+00:00,,draftkings,-1.5,,,-115.0,-105.0,58.5,,,0.79,0.98,0.9,1.0,0.57,0.12,False,,,vsin_dk,free
2026_CFB_W03_FLA_AUB_draftkings_20260912T141917Z,2026_CFB_W03_FLA_AUB,2026-09-12T14:19:17.428827+00:00,,draftkings,2.5,,,114.0,-135.0,51.5,,,0.56,0.16,0.11,0.01,0.5,1.0,False,,,vsin_dk,free
2026_CFB_W03_LSU_MISS_draftkings_20260912T141917Z,2026_CFB_W03_LSU_MISS,2026-09-12T14:19:17.428827+00:00,,draftkings,2.5,,,114.0,-135.0,58.5,,,0.35,0.54,0.35,0.67,1.0,1.0,False,,,vsin_dk,free
2026_CFB_W03_UAB_UL_draftkings_20260912T142226Z,2026_CFB_W03_UAB_UL,2026-09-12T14:22:26.093330+00:00,,draftkings,9.5,,,285.0,-360.0,54.5,,,,,0.03,0.33,0.49,0.97,False,,,vsin_dk,free
2026_CFB_W03_FSU_ALA_draftkings_20260912T142226Z,2026_CFB_W03_FSU_ALA,2026-09-12T14:22:26.093330+00:00,,draftkings,-17.5,,,-950.0,625.0,50.5,,,0.78,0.32,1.0,1.0,1.0,1.0,False,,,vsin_dk,free
2026_CFB_W03_SMU_LOU_draftkings_20260912T142226Z,2026_CFB_W03_SMU_LOU,2026-09-12T14:22:26.093330+00:00,,draftkings,-1.5,,,-115.0,-105.0,58.5,,,0.79,0.98,0.9,1.0,0.57,0.12,False,,,vsin_dk,free
2026_CFB_W03_FLA_AUB_draftkings_20260912T142226Z,2026_CFB_W03_FLA_AUB,2026-09-12T14:22:26.093330+00:00,,draftkings,2.5,,,114.0,-135.0,51.5,,,0.56,0.16,0.11,0.01,0.5,1.0,False,,,vsin_dk,free
2026_CFB_W03_LSU_MISS_draftkings_20260912T142226Z,2026_CFB_W03_LSU_MISS,2026-09-12T14:22:26.093330+00:00,,draftkings,2.5,,,114.0,-135.0,58.5,,,0.35,0.54,0.35,0.67,1.0,1.0,False,,,vsin_dk,free
2026_CFB_W03_UAB_UL_draftkings_20260912T143059Z,2026_CFB_W03_UAB_UL,2026-09-12T14:30:59.233005+00:00,,draftkings,9.5,,,285.0,-360.0,54.5,,,0.15,0.46,0.03,0.33,0.49,0.97,False,,,vsin_dk,free
2026_CFB_W03_FSU_ALA_draftkings_20260912T143059Z,2026_CFB_W03_FSU_ALA,2026-09-12T14:30:59.233005+00:00,,draftkings,-17.5,,,-950.0,625.0,50.5,,,0.78,0.32,1.0,1.0,1.0,1.0,False,,,vsin_dk,free
2026_CFB_W03_SMU_LOU_draftkings_20260912T143059Z,2026_CFB_W03_SMU_LOU,2026-09-12T14:30:59.233005+00:00,,draftkings,-1.5,,,-115.0,-105.0,58.5,,,0.79,0.98,0.9,1.0,0.57,0.12,False,,,vsin_dk,free
2026_CFB_W03_FLA_AUB_draftkings_20260912T143059Z,2026_CFB_W03_FLA_AUB,2026-09-12T14:30:59.233005+00:00,,draftkings,2.5,,,114.0,-135.0,51.5,,,0.56,0.16,0.11,0.01,0.5,1.0,False,,,vsin_dk,free
2026_CFB_W03_LSU_MISS_draftkings_20260912T143059Z,2026_CFB_W03_LSU_MISS,2026-09-12T14:30:59.233005+00:00,,draftkings,2.5,,,114.0,-135.0,58.5,,,0.35,0.54,0.35,0.67,1.0,1.0,False,,,vsin_dk,free
2026_CFB_W03_UAB_UL_draftkings_20260912T143610Z,2026_CFB_W03_UAB_UL,2026-09-12T14:36:10.207030+00:00,,draftkings,9.5,,,285.0,-360.0,54.5,,,0.15,0.46,0.03,0.33,0.49,0.97,False,,,vsin_dk,free
2026_CFB_W03_FSU_ALA_draftkings_20260912T143610Z,2026_CFB_W03_FSU_ALA,2026-09-12T14:36:10.207030+00:00,,draftkings,-17.5,,,-950.0,625.0,50.5,,,0.78,0.32,1.0,1.0,1.0,1.0,False,,,vsin_dk,free
2026_CFB_W03_SMU_LOU_draftkings_20260912T143610Z,2026_CFB_W03_SMU_LOU,2026-09-12T14:36:10.207030+00:00,,draftkings,-1.5,,,-115.0,-105.0,58.5,,,0.79,0.98,0.9,1.0,0.57,0.12,False,,,vsin_dk,free
2026_CFB_W03_FLA_AUB_draftkings_20260912T143610Z,2026_CFB_W03_FLA_AUB,2026-09-12T14:36:10.207030+00:00,,draftkings,2.5,,,114.0,-135.0,51.5,,,0.56,0.16,0.11,0.01,0.5,1.0,False,,,vsin_dk,free
2026_CFB_W03_LSU_MISS_draftkings_20260912T143610Z,2026_CFB_W03_LSU_MISS,2026-09-12T14:36:10.207030+00:00,,draftkings,2.5,,,114.0,-135.0,58.5,,,0.35,0.54,0.35,0.67,1.0,1.0,False,,,vsin_dk,free
2026_CFB_W03_UAB_UL_draftkings_20260912T144557Z,2026_CFB_W03_UAB_UL,2026-09-12T14:45:57.925010+00:00,,draftkings,9.5,,,285.0,-360.0,54.5,,,,,0.03,0.33,0.5,0.97,False,,,vsin_dk,free
2026_CFB_W03_FSU_ALA_draftkings_20260912T144557Z,2026_CFB_W03_FSU_ALA,2026-09-12T14:45:57.925010+00:00,,draftkings,-17.5,,,-950.0,625.0,50.5,,,0.78,0.32,1.0,1.0,1.0,1.0,False,,,vsin_dk,free
2026_CFB_W03_SMU_LOU_draftkings_20260912T144557Z,2026_CFB_W03_SMU_LOU,2026-09-12T14:45:57.925010+00:00,,draftkings,-1.5,,,-115.0,-105.0,58.5,,,0.79,0.98,0.88,1.0,0.57,0.12,False,,,vsin_dk,free
2026_CFB_W03_FLA_AUB_draftkings_20260912T144557Z,2026_CFB_W03_FLA_AUB,2026-09-12T14:45:57.925010+00:00,,draftkings,2.5,,,114.0,-135.0,51.5,,,0.56,0.16,0.12,0.01,0.5,1.0,False,,,vsin_dk,free
2026_CFB_W03_LSU_MISS_draftkings_20260912T144557Z,2026_CFB_W03_LSU_MISS,2026-09-12T14:45:57.925010+00:00,,draftkings,2.5,,,114.0,-135.0,58.5,,,0.35,0.54,0.37,0.67,1.0,1.0,False,,,vsin_dk,free
2026_CFB_W03_UAB_UL_draftkings_20260912T144806Z,2026_CFB_W03_UAB_UL,2026-09-12T14:48:06.667367+00:00,,draftkings,9.5,,,285.0,-360.0,54.5,,,,,0.03,0.33,0.5,0.97,False,,,vsin_dk,free
2026_CFB_W03_FSU_ALA_draftkings_20260912T144806Z,2026_CFB_W03_FSU_ALA,2026-09-12T14:48:06.667367+00:00,,draftkings,-17.5,,,-950.0,625.0,50.5,,,0.78,0.32,1.0,1.0,1.0,1.0,False,,,vsin_dk,free
2026_CFB_W03_SMU_LOU_draftkings_20260912T144806Z,2026_CFB_W03_SMU_LOU,2026-09-12T14:48:06.667367+00:00,,draftkings,-1.5,,,-115.0,-105.0,58.5,,,0.79,0.98,0.88,1.0,0.57,0.12,False,,,vsin_dk,free
2026_CFB_W03_FLA_AUB_draftkings_20260912T144806Z,2026_CFB_W03_FLA_AUB,2026-09-12T14:48:06.667367+00:00,,draftkings,2.5,,,114.0,-135.0,51.5,,,0.56,0.16,0.12,0.01,0.5,1.0,False,,,vsin_dk,free
2026_CFB_W03_LSU_MISS_draftkings_20260912T144806Z,2026_CFB_W03_LSU_MISS,2026-09-12T14:48:06.667367+00:00,,draftkings,2.5,,,114.0,-135.0,58.5,,,0.35,0.54,0.37,0.67,1.0,1.0,False,,,vsin_dk,free
2026_CFB_W03_FSU_ALA_draftkings_20260912T150059Z,2026_CFB_W03_FSU_ALA,2026-09-12T15:00:59.921398+00:00,,draftkings,-17.5,,,-950.0,625.0,50.5,,,0.78,0.32,1.0,1.0,1.0,1.0,False,,,vsin_dk,free
2026_CFB_W03_SMU_LOU_draftkings_20260912T150059Z,2026_CFB_W03_SMU_LOU,2026-09-12T15:00:59.921398+00:00,,draftkings,-1.5,,,-115.0,-105.0,58.5,,,,0.98,0.88,1.0,0.57,0.12,False,,,vsin_dk,free
2026_CFB_W03_FLA_AUB_draftkings_20260912T150059Z,2026_CFB_W03_FLA_AUB,2026-09-12T15:00:59.921398+00:00,,draftkings,2.5,,,114.0,-135.0,51.5,,,0.56,0.16,0.12,0.01,0.5,1.0,False,,,vsin_dk,free
2026_CFB_W03_LSU_MISS_draftkings_20260912T150059Z,2026_CFB_W03_LSU_MISS,2026-09-12T15:00:59.921398+00:00,,draftkings,2.5,,,114.0,-135.0,58.5,,,,0.54,0.36,0.67,1.0,1.0,False,,,vsin_dk,free
2026_CFB_W03_FSU_ALA_draftkings_20260912T150319Z,2026_CFB_W03_FSU_ALA,2026-09-12T15:03:19.534512+00:00,,draftkings,-17.5,,,-950.0,625.0,50.5,,,0.78,0.32,1.0,1.0,1.0,1.0,False,,,vsin_dk,free
2026_CFB_W03_SMU_LOU_draftkings_20260912T150319Z,2026_CFB_W03_SMU_LOU,2026-09-12T15:03:19.534512+00:00,,draftkings,-1.5,,,-115.0,-105.0,58.5,,,,0.98,0.88,1.0,0.57,0.12,False,,,vsin_dk,free
2026_CFB_W03_FLA_AUB_draftkings_20260912T150319Z,2026_CFB_W03_FLA_AUB,2026-09-12T15:03:19.534512+00:00,,draftkings,2.5,,,114.0,-135.0,51.5,,,0.56,0.16,0.12,0.01,0.5,1.0,False,,,vsin_dk,free
2026_CFB_W03_LSU_MISS_draftkings_20260912T150319Z,2026_CFB_W03_LSU_MISS,2026-09-12T15:03:19.534512+00:00,,draftkings,2.5,,,114.0,-135.0,58.5,,,,0.54,0.36,0.67,1.0,1.0,False,,,vsin_dk,free
2026_CFB_W03_UAB_UL_draftkings_20260912T151608Z,2026_CFB_W03_UAB_UL,2026-09-12T15:16:08.766359+00:00,,draftkings,9.5,,,285.0,-360.0,54.5,,,0.16,0.45,0.03,0.32,0.51,0.94,False,,,vsin_dk,free
2026_CFB_W03_FSU_ALA_draftkings_20260912T151608Z,2026_CFB_W03_FSU_ALA,2026-09-12T15:16:08.766359+00:00,,draftkings,-17.5,,,-950.0,625.0,50.5,,,0.78,0.32,1.0,1.0,1.0,1.0,False,,,vsin_dk,free
2026_CFB_W03_SMU_LOU_draftkings_20260912T151608Z,2026_CFB_W03_SMU_LOU,2026-09-12T15:16:08.766359+00:00,,draftkings,-1.5,,,-115.0,-105.0,58.5,,,0.8,0.98,0.88,1.0,0.57,0.12,False,,,vsin_dk,free
2026_CFB_W03_FLA_AUB_draftkings_20260912T151608Z,2026_CFB_W03_FLA_AUB,2026-09-12T15:16:08.766359+00:00,,draftkings,2.5,,,114.0,-135.0,51.5,,,0.56,0.16,0.12,0.01,0.5,1.0,False,,,vsin_dk,free
2026_CFB_W03_LSU_MISS_draftkings_20260912T151608Z,2026_CFB_W03_LSU_MISS,2026-09-12T15:16:08.766359+00:00,,draftkings,2.5,,,114.0,-135.0,58.5,,,0.33,0.54,0.36,0.67,1.0,1.0,False,,,vsin_dk,free
2026_CFB_W03_UAB_UL_draftkings_20260912T151836Z,2026_CFB_W03_UAB_UL,2026-09-12T15:18:36.767692+00:00,,draftkings,9.5,,,285.0,-360.0,54.5,,,0.16,0.45,0.03,0.32,0.51,0.94,False,,,vsin_dk,free
2026_CFB_W03_FSU_ALA_draftkings_20260912T151836Z,2026_CFB_W03_FSU_ALA,2026-09-12T15:18:36.767692+00:00,,draftkings,-17.5,,,-950.0,625.0,50.5,,,0.78,0.32,1.0,1.0,1.0,1.0,False,,,vsin_dk,free
2026_CFB_W03_SMU_LOU_draftkings_20260912T151836Z,2026_CFB_W03_SMU_LOU,2026-09-12T15:18:36.767692+00:00,,draftkings,-1.5,,,-115.0,-105.0,58.5,,,0.8,0.98,0.88,1.0,0.57,0.12,False,,,vsin_dk,free
2026_CFB_W03_FLA_AUB_draftkings_20260912T151836Z,2026_CFB_W03_FLA_AUB,2026-09-12T15:18:36.767692+00:00,,draftkings,2.5,,,114.0,-135.0,51.5,,,0.56,0.16,0.12,0.01,0.5,1.0,False,,,vsin_dk,free
2026_CFB_W03_LSU_MISS_draftkings_20260912T151836Z,2026_CFB_W03_LSU_MISS,2026-09-12T15:18:36.767692+00:00,,draftkings,2.5,,,114.0,-135.0,58.5,,,0.33,0.54,0.36,0.67,1.0,1.0,False,,,vsin_dk,free
2026_CFB_W03_UAB_UL_draftkings_20260912T152221Z,2026_CFB_W03_UAB_UL,2026-09-12T15:22:21.426228+00:00,,draftkings,9.5,,,285.0,-360.0,54.5,,,0.16,,0.03,0.32,0.51,0.94,False,,,vsin_dk,free
2026_CFB_W03_FSU_ALA_draftkings_20260912T152221Z,2026_CFB_W03_FSU_ALA,2026-09-12T15:22:21.426228+00:00,,draftkings,-17.5,,,-950.0,625.0,50.5,,,0.78,0.32,1.0,1.0,1.0,1.0,False,,,vsin_dk,free
2026_CFB_W03_SMU_LOU_draftkings_20260912T152221Z,2026_CFB_W03_SMU_LOU,2026-09-12T15:22:21.426228+00:00,,draftkings,-1.5,,,-115.0,-105.0,58.5,,,0.8,0.98,0.88,1.0,0.57,0.12,False,,,vsin_dk,free
2026_CFB_W03_FLA_AUB_draftkings_20260912T152221Z,2026_CFB_W03_FLA_AUB,2026-09-12T15:22:21.426228+00:00,,draftkings,2.5,,,114.0,-135.0,51.5,,,0.56,0.16,0.12,0.01,0.5,1.0,False,,,vsin_dk,free
2026_CFB_W03_LSU_MISS_draftkings_20260912T152221Z,2026_CFB_W03_LSU_MISS,2026-09-12T15:22:21.426228+00:00,,draftkings,2.5,,,114.0,-135.0,58.5,,,0.33,0.54,0.36,0.67,1.0,1.0,False,,,vsin_dk,free
2026_CFB_W03_UAB_UL_draftkings_20260912T153101Z,2026_CFB_W03_UAB_UL,2026-09-12T15:31:01.590465+00:00,,draftkings,9.5,,,285.0,-360.0,54.5,,,0.17,0.46,0.03,0.32,,0.94,False,,,vsin_dk,free
2026_CFB_W03_FSU_ALA_draftkings_20260912T153101Z,2026_CFB_W03_FSU_ALA,2026-09-12T15:31:01.590465+00:00,,draftkings,-17.5,,,-950.0,625.0,50.5,,,0.78,0.32,1.0,1.0,1.0,1.0,False,,,vsin_dk,free
2026_CFB_W03_SMU_LOU_draftkings_20260912T153101Z,2026_CFB_W03_SMU_LOU,2026-09-12T15:31:01.590465+00:00,,draftkings,-1.5,,,-115.0,-105.0,58.5,,,0.8,0.98,0.88,1.0,0.57,0.12,False,,,vsin_dk,free
2026_CFB_W03_FLA_AUB_draftkings_20260912T153101Z,2026_CFB_W03_FLA_AUB,2026-09-12T15:31:01.590465+00:00,,draftkings,2.5,,,114.0,-135.0,51.5,,,0.56,0.16,0.12,0.01,0.5,1.0,False,,,vsin_dk,free
2026_CFB_W03_LSU_MISS_draftkings_20260912T153101Z,2026_CFB_W03_LSU_MISS,2026-09-12T15:31:01.590465+00:00,,draftkings,2.5,,,114.0,-135.0,58.5,,,0.33,0.54,0.36,0.67,1.0,1.0,False,,,vsin_dk,free
2026_CFB_W03_UAB_UL_draftkings_20260912T153402Z,2026_CFB_W03_UAB_UL,2026-09-12T15:34:02.748559+00:00,,draftkings,9.5,,,285.0,-360.0,54.5,,,0.17,0.46,0.03,0.32,,0.94,False,,,vsin_dk,free
2026_CFB_W03_FSU_ALA_draftkings_20260912T153402Z,2026_CFB_W03_FSU_ALA,2026-09-12T15:34:02.748559+00:00,,draftkings,-17.5,,,-950.0,625.0,50.5,,,0.78,0.32,1.0,1.0,1.0,1.0,False,,,vsin_dk,free
2026_CFB_W03_SMU_LOU_draftkings_20260912T153402Z,2026_CFB_W03_SMU_LOU,2026-09-12T15:34:02.748559+00:00,,draftkings,-1.5,,,-115.0,-105.0,58.5,,,0.8,0.98,0.88,1.0,0.57,0.12,False,,,vsin_dk,free
2026_CFB_W03_FLA_AUB_draftkings_20260912T153402Z,2026_CFB_W03_FLA_AUB,2026-09-12T15:34:02.748559+00:00,,draftkings,2.5,,,114.0,-135.0,51.5,,,0.56,0.16,0.12,0.01,0.5,1.0,False,,,vsin_dk,free
2026_CFB_W03_LSU_MISS_draftkings_20260912T153402Z,2026_CFB_W03_LSU_MISS,2026-09-12T15:34:02.748559+00:00,,draftkings,2.5,,,114.0,-135.0,58.5,,,0.33,0.54,0.36,0.67,1.0,1.0,False,,,vsin_dk,free
2026_CFB_W03_UAB_UL_draftkings_20260912T154559Z,2026_CFB_W03_UAB_UL,2026-09-12T15:45:59.831088+00:00,,draftkings,9.5,,,285.0,-360.0,54.5,,,0.17,,0.03,0.32,0.49,0.94,False,,,vsin_dk,free
2026_CFB_W03_FSU_ALA_draftkings_20260912T154559Z,2026_CFB_W03_FSU_ALA,2026-09-12T15:45:59.831088+00:00,,draftkings,-17.5,,,-950.0,625.0,50.5,,,0.78,0.32,1.0,1.0,1.0,1.0,False,,,vsin_dk,free
2026_CFB_W03_SMU_LOU_draftkings_20260912T154559Z,2026_CFB_W03_SMU_LOU,2026-09-12T15:45:59.831088+00:00,,draftkings,-1.5,,,-115.0,-105.0,58.5,,,0.8,0.98,0.88,1.0,0.57,0.12,False,,,vsin_dk,free
2026_CFB_W03_FLA_AUB_draftkings_20260912T154559Z,2026_CFB_W03_FLA_AUB,2026-09-12T15:45:59.831088+00:00,,draftkings,2.5,,,114.0,-135.0,51.5,,,0.56,0.16,0.12,0.01,0.5,1.0,False,,,vsin_dk,free
2026_CFB_W03_LSU_MISS_draftkings_20260912T154559Z,2026_CFB_W03_LSU_MISS,2026-09-12T15:45:59.831088+00:00,,draftkings,2.5,,,114.0,-135.0,58.5,,,0.33,0.54,0.36,0.67,1.0,1.0,False,,,vsin_dk,free
2026_CFB_W03_UAB_UL_draftkings_20260912T154729Z,2026_CFB_W03_UAB_UL,2026-09-12T15:47:29.788788+00:00,,draftkings,9.5,,,285.0,-360.0,54.5,,,0.17,,0.03,0.32,0.49,0.94,False,,,vsin_dk,free
2026_CFB_W03_FSU_ALA_draftkings_20260912T154729Z,2026_CFB_W03_FSU_ALA,2026-09-12T15:47:29.788788+00:00,,draftkings,-17.5,,,-950.0,625.0,50.5,,,0.78,0.32,1.0,1.0,1.0,1.0,False,,,vsin_dk,free
2026_CFB_W03_SMU_LOU_draftkings_20260912T154729Z,2026_CFB_W03_SMU_LOU,2026-09-12T15:47:29.788788+00:00,,draftkings,-1.5,,,-115.0,-105.0,58.5,,,0.8,0.98,0.88,1.0,0.57,0.12,False,,,vsin_dk,free
2026_CFB_W03_FLA_AUB_draftkings_20260912T154729Z,2026_CFB_W03_FLA_AUB,2026-09-12T15:47:29.788788+00:00,,draftkings,2.5,,,114.0,-135.0,51.5,,,0.56,0.16,0.12,0.01,0.5,1.0,False,,,vsin_dk,free
2026_CFB_W03_LSU_MISS_draftkings_20260912T154729Z,2026_CFB_W03_LSU_MISS,2026-09-12T15:47:29.788788+00:00,,draftkings,2.5,,,114.0,-135.0,58.5,,,0.33,0.54,0.36,0.67,1.0,1.0,False,,,vsin_dk,free
2026_CFB_W03_UAB_UL_draftkings_20260912T160059Z,2026_CFB_W03_UAB_UL,2026-09-12T16:00:59.945813+00:00,,draftkings,9.5,,,285.0,-360.0,54.5,,,0.16,,0.03,0.32,0.51,0.94,False,,,vsin_dk,free
2026_CFB_W03_FSU_ALA_draftkings_20260912T160059Z,2026_CFB_W03_FSU_ALA,2026-09-12T16:00:59.945813+00:00,,draftkings,-17.5,,,-950.0,625.0,50.5,,,0.78,0.32,1.0,1.0,1.0,1.0,False,,,vsin_dk,free
2026_CFB_W03_SMU_LOU_draftkings_20260912T160059Z,2026_CFB_W03_SMU_LOU,2026-09-12T16:00:59.945813+00:00,,draftkings,-1.5,,,-115.0,-105.0,58.5,,,0.8,0.98,0.88,1.0,0.57,0.12,False,,,vsin_dk,free
2026_CFB_W03_FLA_AUB_draftkings_20260912T160059Z,2026_CFB_W03_FLA_AUB,2026-09-12T16:00:59.945813+00:00,,draftkings,2.5,,,114.0,-135.0,51.5,,,0.56,0.16,0.12,0.01,0.5,1.0,False,,,vsin_dk,free
2026_CFB_W03_LSU_MISS_draftkings_20260912T160059Z,2026_CFB_W03_LSU_MISS,2026-09-12T16:00:59.945813+00:00,,draftkings,2.5,,,114.0,-135.0,58.5,,,0.33,0.54,0.38,0.49,1.0,1.0,False,,,vsin_dk,free
2026_CFB_W03_UAB_UL_draftkings_20260912T160342Z,2026_CFB_W03_UAB_UL,2026-09-12T16:03:42.476384+00:00,,draftkings,9.5,,,285.0,-360.0,54.5,,,0.16,,0.03,0.32,0.51,0.94,False,,,vsin_dk,free
2026_CFB_W03_FSU_ALA_draftkings_20260912T160342Z,2026_CFB_W03_FSU_ALA,2026-09-12T16:03:42.476384+00:00,,draftkings,-17.5,,,-950.0,625.0,50.5,,,0.78,0.32,1.0,1.0,1.0,1.0,False,,,vsin_dk,free
2026_CFB_W03_SMU_LOU_draftkings_20260912T160342Z,2026_CFB_W03_SMU_LOU,2026-09-12T16:03:42.476384+00:00,,draftkings,-1.5,,,-115.0,-105.0,58.5,,,0.8,0.98,0.88,1.0,0.57,0.12,False,,,vsin_dk,free
2026_CFB_W03_FLA_AUB_draftkings_20260912T160342Z,2026_CFB_W03_FLA_AUB,2026-09-12T16:03:42.476384+00:00,,draftkings,2.5,,,114.0,-135.0,51.5,,,0.56,0.16,0.12,0.01,0.5,1.0,False,,,vsin_dk,free
2026_CFB_W03_LSU_MISS_draftkings_20260912T160342Z,2026_CFB_W03_LSU_MISS,2026-09-12T16:03:42.476384+00:00,,draftkings,2.5,,,114.0,-135.0,58.5,,,0.33,0.54,0.38,0.49,1.0,1.0,False,,,vsin_dk,free
2026_CFB_W03_UAB_UL_draftkings_20260912T161603Z,2026_CFB_W03_UAB_UL,2026-09-12T16:16:03.454288+00:00,,draftkings,9.5,,,285.0,-360.0,54.5,,,0.15,0.43,0.03,,0.52,0.94,False,,,vsin_dk,free
2026_CFB_W03_FSU_ALA_draftkings_20260912T161603Z,2026_CFB_W03_FSU_ALA,2026-09-12T16:16:03.454288+00:00,,draftkings,-17.5,,,-950.0,625.0,50.5,,,0.78,0.32,1.0,1.0,1.0,1.0,False,,,vsin_dk,free
2026_CFB_W03_SMU_LOU_draftkings_20260912T161603Z,2026_CFB_W03_SMU_LOU,2026-09-12T16:16:03.454288+00:00,,draftkings,-1.5,,,-115.0,-105.0,58.5,,,0.8,0.98,0.88,1.0,0.57,0.12,False,,,vsin_dk,free
2026_CFB_W03_FLA_AUB_draftkings_20260912T161603Z,2026_CFB_W03_FLA_AUB,2026-09-12T16:16:03.454288+00:00,,draftkings,2.5,,,114.0,-135.0,51.5,,,0.56,0.16,0.12,0.01,0.5,1.0,False,,,vsin_dk,free
2026_CFB_W03_LSU_MISS_draftkings_20260912T161603Z,2026_CFB_W03_LSU_MISS,2026-09-12T16:16:03.454288+00:00,,draftkings,2.5,,,114.0,-135.0,58.5,,,0.33,0.54,0.36,0.48,1.0,1.0,False,,,vsin_dk,free
2026_CFB_W03_UAB_UL_draftkings_20260912T161957Z,2026_CFB_W03_UAB_UL,2026-09-12T16:19:57.142310+00:00,,draftkings,9.5,,,285.0,-360.0,54.5,,,0.15,0.43,0.03,,0.52,0.94,False,,,vsin_dk,free
2026_CFB_W03_FSU_ALA_draftkings_20260912T161957Z,2026_CFB_W03_FSU_ALA,2026-09-12T16:19:57.142310+00:00,,draftkings,-17.5,,,-950.0,625.0,50.5,,,0.78,0.32,1.0,1.0,1.0,1.0,False,,,vsin_dk,free
2026_CFB_W03_SMU_LOU_draftkings_20260912T161957Z,2026_CFB_W03_SMU_LOU,2026-09-12T16:19:57.142310+00:00,,draftkings,-1.5,,,-115.0,-105.0,58.5,,,0.8,0.98,0.88,1.0,0.57,0.12,False,,,vsin_dk,free
2026_CFB_W03_FLA_AUB_draftkings_20260912T161957Z,2026_CFB_W03_FLA_AUB,2026-09-12T16:19:57.142310+00:00,,draftkings,2.5,,,114.0,-135.0,51.5,,,0.56,0.16,0.12,0.01,0.5,1.0,False,,,vsin_dk,free
2026_CFB_W03_LSU_MISS_draftkings_20260912T161957Z,2026_CFB_W03_LSU_MISS,2026-09-12T16:19:57.142310+00:00,,draftkings,2.5,,,114.0,-135.0,58.5,,,0.33,0.54,0.36,0.48,1.0,1.0,False,,,vsin_dk,free
2026_CFB_W03_UAB_UL_draftkings_20260912T162248Z,2026_CFB_W03_UAB_UL,2026-09-12T16:22:48.131474+00:00,,draftkings,9.5,,,285.0,-360.0,54.5,,,0.15,0.43,0.03,0.31,,0.94,False,,,vsin_dk,free
2026_CFB_W03_FSU_ALA_draftkings_20260912T162248Z,2026_CFB_W03_FSU_ALA,2026-09-12T16:22:48.131474+00:00,,draftkings,-17.5,,,-950.0,625.0,50.5,,,0.78,0.32,1.0,1.0,1.0,1.0,False,,,vsin_dk,free
2026_CFB_W03_SMU_LOU_draftkings_20260912T162248Z,2026_CFB_W03_SMU_LOU,2026-09-12T16:22:48.131474+00:00,,draftkings,-1.5,,,-115.0,-105.0,58.5,,,0.8,0.98,0.88,1.0,0.57,0.12,False,,,vsin_dk,free
2026_CFB_W03_FLA_AUB_draftkings_20260912T162248Z,2026_CFB_W03_FLA_AUB,2026-09-12T16:22:48.131474+00:00,,draftkings,2.5,,,114.0,-135.0,51.5,,,0.56,0.16,0.12,0.01,0.5,1.0,False,,,vsin_dk,free
2026_CFB_W03_LSU_MISS_draftkings_20260912T162248Z,2026_CFB_W03_LSU_MISS,2026-09-12T16:22:48.131474+00:00,,draftkings,2.5,,,114.0,-135.0,58.5,,,0.33,0.54,0.36,0.48,1.0,1.0,False,,,vsin_dk,free
2026_CFB_W03_UAB_UL_draftkings_20260912T163101Z,2026_CFB_W03_UAB_UL,2026-09-12T16:31:01.544921+00:00,,draftkings,9.5,,,285.0,-360.0,54.5,,,0.15,,0.03,0.31,0.5,0.94,False,,,vsin_dk,free
2026_CFB_W03_FSU_ALA_draftkings_20260912T163101Z,2026_CFB_W03_FSU_ALA,2026-09-12T16:31:01.544921+00:00,,draftkings,-17.5,,,-950.0,625.0,50.5,,,0.78,0.32,1.0,1.0,1.0,1.0,False,,,vsin_dk,free
2026_CFB_W03_SMU_LOU_draftkings_20260912T163101Z,2026_CFB_W03_SMU_LOU,2026-09-12T16:31:01.544921+00:00,,draftkings,-1.5,,,-115.0,-105.0,58.5,,,0.8,0.98,0.88,1.0,0.57,0.12,False,,,vsin_dk,free
2026_CFB_W03_FLA_AUB_draftkings_20260912T163101Z,2026_CFB_W03_FLA_AUB,2026-09-12T16:31:01.544921+00:00,,draftkings,2.5,,,114.0,-135.0,51.5,,,0.56,0.16,0.12,0.01,0.5,1.0,False,,,vsin_dk,free
2026_CFB_W03_LSU_MISS_draftkings_20260912T163101Z,2026_CFB_W03_LSU_MISS,2026-09-12T16:31:01.544921+00:00,,draftkings,2.5,,,114.0,-135.0,58.5,,,0.33,0.54,,0.48,1.0,1.0,False,,,vsin_dk,free
2026_CFB_W03_UAB_UL_draftkings_20260912T163449Z,2026_CFB_W03_UAB_UL,2026-09-12T16:34:49.130534+00:00,,draftkings,9.5,,,285.0,-360.0,54.5,,,0.15,,0.03,0.31,0.5,0.94,False,,,vsin_dk,free
2026_CFB_W03_FSU_ALA_draftkings_20260912T163449Z,2026_CFB_W03_FSU_ALA,2026-09-12T16:34:49.130534+00:00,,draftkings,-17.5,,,-950.0,625.0,50.5,,,0.78,0.32,1.0,1.0,1.0,1.0,False,,,vsin_dk,free
2026_CFB_W03_SMU_LOU_draftkings_20260912T163449Z,2026_CFB_W03_SMU_LOU,2026-09-12T16:34:49.130534+00:00,,draftkings,-1.5,,,-115.0,-105.0,58.5,,,0.8,0.98,0.88,1.0,0.57,0.12,False,,,vsin_dk,free
2026_CFB_W03_FLA_AUB_draftkings_20260912T163449Z,2026_CFB_W03_FLA_AUB,2026-09-12T16:34:49.130534+00:00,,draftkings,2.5,,,114.0,-135.0,51.5,,,0.56,0.16,0.12,0.01,0.5,1.0,False,,,vsin_dk,free
2026_CFB_W03_LSU_MISS_draftkings_20260912T163449Z,2026_CFB_W03_LSU_MISS,2026-09-12T16:34:49.130534+00:00,,draftkings,2.5,,,114.0,-135.0,58.5,,,0.33,0.54,,0.48,1.0,1.0,False,,,vsin_dk,free
2026_CFB_W03_UAB_UL_draftkings_20260912T164602Z,2026_CFB_W03_UAB_UL,2026-09-12T16:46:02.269622+00:00,,draftkings,9.5,,,285.0,-360.0,54.5,,,0.15,0.42,0.03,0.31,,,False,,,vsin_dk,free
2026_CFB_W03_FSU_ALA_draftkings_20260912T164602Z,2026_CFB_W03_FSU_ALA,2026-09-12T16:46:02.269622+00:00,,draftkings,-17.5,,,-950.0,625.0,50.5,,,0.78,0.32,1.0,1.0,1.0,1.0,False,,,vsin_dk,free
2026_CFB_W03_SMU_LOU_draftkings_20260912T164602Z,2026_CFB_W03_SMU_LOU,2026-09-12T16:46:02.269622+00:00,,draftkings,-1.5,,,-115.0,-105.0,58.5,,,0.8,0.98,0.88,1.0,0.57,0.12,False,,,vsin_dk,free
2026_CFB_W03_FLA_AUB_draftkings_20260912T164602Z,2026_CFB_W03_FLA_AUB,2026-09-12T16:46:02.269622+00:00,,draftkings,2.5,,,114.0,-135.0,51.5,,,0.56,0.16,0.12,0.01,0.5,1.0,False,,,vsin_dk,free
2026_CFB_W03_LSU_MISS_draftkings_20260912T164602Z,2026_CFB_W03_LSU_MISS,2026-09-12T16:46:02.269622+00:00,,draftkings,2.5,,,114.0,-135.0,58.5,,,0.33,0.54,0.38,0.48,1.0,1.0,False,,,vsin_dk,free
2026_CFB_W03_UAB_UL_draftkings_20260912T164734Z,2026_CFB_W03_UAB_UL,2026-09-12T16:47:34.265090+00:00,,draftkings,9.5,,,285.0,-360.0,54.5,,,0.15,0.42,0.03,0.31,,,False,,,vsin_dk,free
2026_CFB_W03_FSU_ALA_draftkings_20260912T164734Z,2026_CFB_W03_FSU_ALA,2026-09-12T16:47:34.265090+00:00,,draftkings,-17.5,,,-950.0,625.0,50.5,,,0.78,0.32,1.0,1.0,1.0,1.0,False,,,vsin_dk,free
2026_CFB_W03_SMU_LOU_draftkings_20260912T164734Z,2026_CFB_W03_SMU_LOU,2026-09-12T16:47:34.265090+00:00,,draftkings,-1.5,,,-115.0,-105.0,58.5,,,0.8,0.98,0.88,1.0,0.57,0.12,False,,,vsin_dk,free
2026_CFB_W03_FLA_AUB_draftkings_20260912T164734Z,2026_CFB_W03_FLA_AUB,2026-09-12T16:47:34.265090+00:00,,draftkings,2.5,,,114.0,-135.0,51.5,,,0.56,0.16,0.12,0.01,0.5,1.0,False,,,vsin_dk,free
2026_CFB_W03_LSU_MISS_draftkings_20260912T164734Z,2026_CFB_W03_LSU_MISS,2026-09-12T16:47:34.265090+00:00,,draftkings,2.5,,,114.0,-135.0,58.5,,,0.33,0.54,0.38,0.48,1.0,1.0,False,,,vsin_dk,free
2026_CFB_W03_UAB_UL_draftkings_20260912T170053Z,2026_CFB_W03_UAB_UL,2026-09-12T17:00:53.714102+00:00,,draftkings,9.5,,,285.0,-360.0,54.5,,,0.15,0.42,0.04,0.31,0.49,0.89,False,,,vsin_dk,free
2026_CFB_W03_FSU_ALA_draftkings_20260912T170053Z,2026_CFB_W03_FSU_ALA,2026-09-12T17:00:53.714102+00:00,,draftkings,-17.5,,,-950.0,625.0,50.5,,,0.78,0.32,1.0,1.0,1.0,1.0,False,,,vsin_dk,free
2026_CFB_W03_SMU_LOU_draftkings_20260912T170053Z,2026_CFB_W03_SMU_LOU,2026-09-12T17:00:53.714102+00:00,,draftkings,-1.5,,,-115.0,-105.0,58.5,,,0.8,0.98,0.88,1.0,0.57,0.12,False,,,vsin_dk,free
2026_CFB_W03_FLA_AUB_draftkings_20260912T170053Z,2026_CFB_W03_FLA_AUB,2026-09-12T17:00:53.714102+00:00,,draftkings,2.5,,,114.0,-135.0,51.5,,,0.56,0.16,0.12,0.01,0.5,1.0,False,,,vsin_dk,free
2026_CFB_W03_LSU_MISS_draftkings_20260912T170053Z,2026_CFB_W03_LSU_MISS,2026-09-12T17:00:53.714102+00:00,,draftkings,2.5,,,114.0,-135.0,58.5,,,0.33,0.54,,0.48,1.0,1.0,False,,,vsin_dk,free
2026_CFB_W03_UAB_UL_draftkings_20260912T170349Z,2026_CFB_W03_UAB_UL,2026-09-12T17:03:49.108410+00:00,,draftkings,9.5,,,285.0,-360.0,54.5,,,0.15,0.42,0.04,0.31,0.49,0.89,False,,,vsin_dk,free
2026_CFB_W03_FSU_ALA_draftkings_20260912T170349Z,2026_CFB_W03_FSU_ALA,2026-09-12T17:03:49.108410+00:00,,draftkings,-17.5,,,-950.0,625.0,50.5,,,0.78,0.32,1.0,1.0,1.0,1.0,False,,,vsin_dk,free
2026_CFB_W03_SMU_LOU_draftkings_20260912T170349Z,2026_CFB_W03_SMU_LOU,2026-09-12T17:03:49.108410+00:00,,draftkings,-1.5,,,-115.0,-105.0,58.5,,,0.8,0.98,0.88,1.0,0.57,0.12,False,,,vsin_dk,free
2026_CFB_W03_FLA_AUB_draftkings_20260912T170349Z,2026_CFB_W03_FLA_AUB,2026-09-12T17:03:49.108410+00:00,,draftkings,2.5,,,114.0,-135.0,51.5,,,0.56,0.16,0.12,0.01,0.5,1.0,False,,,vsin_dk,free
2026_CFB_W03_LSU_MISS_draftkings_20260912T170349Z,2026_CFB_W03_LSU_MISS,2026-09-12T17:03:49.108410+00:00,,draftkings,2.5,,,114.0,-135.0,58.5,,,0.33,0.54,,0.48,1.0,1.0,False,,,vsin_dk,free
2026_CFB_W03_UAB_UL_draftkings_20260912T171601Z,2026_CFB_W03_UAB_UL,2026-09-12T17:16:01.651995+00:00,,draftkings,9.5,,,285.0,-360.0,54.5,,,0.15,,,0.31,0.49,0.89,False,,,vsin_dk,free
2026_CFB_W03_FSU_ALA_draftkings_20260912T171601Z,2026_CFB_W03_FSU_ALA,2026-09-12T17:16:01.651995+00:00,,draftkings,-17.5,,,-950.0,625.0,50.5,,,0.78,0.32,1.0,1.0,1.0,1.0,False,,,vsin_dk,free
2026_CFB_W03_SMU_LOU_draftkings_20260912T171601Z,2026_CFB_W03_SMU_LOU,2026-09-12T17:16:01.651995+00:00,,draftkings,-1.5,,,-115.0,-105.0,58.5,,,0.8,0.98,0.88,1.0,0.57,0.12,False,,,vsin_dk,free
2026_CFB_W03_FLA_AUB_draftkings_20260912T171601Z,2026_CFB_W03_FLA_AUB,2026-09-12T17:16:01.651995+00:00,,draftkings,2.5,,,114.0,-135.0,51.5,,,0.56,0.16,0.12,0.01,0.5,1.0,False,,,vsin_dk,free
2026_CFB_W03_LSU_MISS_draftkings_20260912T171601Z,2026_CFB_W03_LSU_MISS,2026-09-12T17:16:01.651995+00:00,,draftkings,2.5,,,114.0,-135.0,58.5,,,0.33,0.54,,0.48,1.0,1.0,False,,,vsin_dk,free
2026_CFB_W03_UAB_UL_draftkings_20260912T171756Z,2026_CFB_W03_UAB_UL,2026-09-12T17:17:56.194932+00:00,,draftkings,9.5,,,285.0,-360.0,54.5,,,0.15,,,0.31,0.49,0.89,False,,,vsin_dk,free
2026_CFB_W03_FSU_ALA_draftkings_20260912T171756Z,2026_CFB_W03_FSU_ALA,2026-09-12T17:17:56.194932+00:00,,draftkings,-17.5,,,-950.0,625.0,50.5,,,0.78,0.32,1.0,1.0,1.0,1.0,False,,,vsin_dk,free
2026_CFB_W03_SMU_LOU_draftkings_20260912T171756Z,2026_CFB_W03_SMU_LOU,2026-09-12T17:17:56.194932+00:00,,draftkings,-1.5,,,-115.0,-105.0,58.5,,,0.8,0.98,0.88,1.0,0.57,0.12,False,,,vsin_dk,free
2026_CFB_W03_FLA_AUB_draftkings_20260912T171756Z,2026_CFB_W03_FLA_AUB,2026-09-12T17:17:56.194932+00:00,,draftkings,2.5,,,114.0,-135.0,51.5,,,0.56,0.16,0.12,0.01,0.5,1.0,False,,,vsin_dk,free
2026_CFB_W03_LSU_MISS_draftkings_20260912T171756Z,2026_CFB_W03_LSU_MISS,2026-09-12T17:17:56.194932+00:00,,draftkings,2.5,,,114.0,-135.0,58.5,,,0.33,0.54,,0.48,1.0,1.0,False,,,vsin_dk,free
2026_CFB_W03_UAB_UL_draftkings_20260912T172110Z,2026_CFB_W03_UAB_UL,2026-09-12T17:21:10.966576+00:00,,draftkings,9.5,,,285.0,-360.0,54.5,,,0.15,0.41,0.03,0.31,,0.89,False,,,vsin_dk,free
2026_CFB_W03_FSU_ALA_draftkings_20260912T172110Z,2026_CFB_W03_FSU_ALA,2026-09-12T17:21:10.966576+00:00,,draftkings,-17.5,,,-950.0,625.0,50.5,,,0.78,0.32,1.0,1.0,1.0,1.0,False,,,vsin_dk,free
2026_CFB_W03_SMU_LOU_draftkings_20260912T172110Z,2026_CFB_W03_SMU_LOU,2026-09-12T17:21:10.966576+00:00,,draftkings,-1.5,,,-115.0,-105.0,58.5,,,0.8,0.98,0.88,1.0,0.57,0.12,False,,,vsin_dk,free
2026_CFB_W03_FLA_AUB_draftkings_20260912T172110Z,2026_CFB_W03_FLA_AUB,2026-09-12T17:21:10.966576+00:00,,draftkings,2.5,,,114.0,-135.0,51.5,,,0.56,0.16,0.12,0.01,0.5,1.0,False,,,vsin_dk,free
2026_CFB_W03_LSU_MISS_draftkings_20260912T172110Z,2026_CFB_W03_LSU_MISS,2026-09-12T17:21:10.966576+00:00,,draftkings,2.5,,,114.0,-135.0,58.5,,,0.33,0.54,0.35,0.48,1.0,1.0,False,,,vsin_dk,free
2026_CFB_W03_UAB_UL_draftkings_20260912T173101Z,2026_CFB_W03_UAB_UL,2026-09-12T17:31:01.466018+00:00,,draftkings,9.5,,,285.0,-360.0,54.5,,,0.15,0.41,0.03,0.31,0.47,0.89,False,,,vsin_dk,free
2026_CFB_W03_FSU_ALA_draftkings_20260912T173101Z,2026_CFB_W03_FSU_ALA,2026-09-12T17:31:01.466018+00:00,,draftkings,-17.5,,,-950.0,625.0,50.5,,,0.78,0.32,1.0,1.0,1.0,1.0,False,,,vsin_dk,free
2026_CFB_W03_SMU_LOU_draftkings_20260912T173101Z,2026_CFB_W03_SMU_LOU,2026-09-12T17:31:01.466018+00:00,,draftkings,-1.5,,,-115.0,-105.0,58.5,,,0.8,0.98,0.88,1.0,0.57,0.12,False,,,vsin_dk,free
2026_CFB_W03_FLA_AUB_draftkings_20260912T173101Z,2026_CFB_W03_FLA_AUB,2026-09-12T17:31:01.466018+00:00,,draftkings,2.5,,,114.0,-135.0,51.5,,,0.56,0.16,0.12,0.01,0.5,1.0,False,,,vsin_dk,free
2026_CFB_W03_LSU_MISS_draftkings_20260912T173101Z,2026_CFB_W03_LSU_MISS,2026-09-12T17:31:01.466018+00:00,,draftkings,2.5,,,114.0,-135.0,58.5,,,0.33,0.54,0.35,0.48,1.0,1.0,False,,,vsin_dk,free
2026_CFB_W03_UAB_UL_draftkings_20260912T173312Z,2026_CFB_W03_UAB_UL,2026-09-12T17:33:12.636672+00:00,,draftkings,9.5,,,285.0,-360.0,54.5,,,0.15,0.41,0.03,0.31,0.47,0.89,False,,,vsin_dk,free
2026_CFB_W03_FSU_ALA_draftkings_20260912T173312Z,2026_CFB_W03_FSU_ALA,2026-09-12T17:33:12.636672+00:00,,draftkings,-17.5,,,-950.0,625.0,50.5,,,0.78,0.32,1.0,1.0,1.0,1.0,False,,,vsin_dk,free
2026_CFB_W03_SMU_LOU_draftkings_20260912T173312Z,2026_CFB_W03_SMU_LOU,2026-09-12T17:33:12.636672+00:00,,draftkings,-1.5,,,-115.0,-105.0,58.5,,,0.8,0.98,0.88,1.0,0.57,0.12,False,,,vsin_dk,free
2026_CFB_W03_FLA_AUB_draftkings_20260912T173312Z,2026_CFB_W03_FLA_AUB,2026-09-12T17:33:12.636672+00:00,,draftkings,2.5,,,114.0,-135.0,51.5,,,0.56,0.16,0.12,0.01,0.5,1.0,False,,,vsin_dk,free
2026_CFB_W03_LSU_MISS_draftkings_20260912T173312Z,2026_CFB_W03_LSU_MISS,2026-09-12T17:33:12.636672+00:00,,draftkings,2.5,,,114.0,-135.0,58.5,,,0.33,0.54,0.35,0.48,1.0,1.0,False,,,vsin_dk,free
2026_CFB_W03_UAB_UL_draftkings_20260912T174605Z,2026_CFB_W03_UAB_UL,2026-09-12T17:46:05.832312+00:00,,draftkings,9.5,,,285.0,-360.0,54.5,,,0.15,0.4,0.03,0.31,0.47,0.89,False,,,vsin_dk,free
2026_CFB_W03_FSU_ALA_draftkings_20260912T174605Z,2026_CFB_W03_FSU_ALA,2026-09-12T17:46:05.832312+00:00,,draftkings,-17.5,,,-950.0,625.0,50.5,,,0.78,0.32,1.0,1.0,1.0,1.0,False,,,vsin_dk,free
2026_CFB_W03_SMU_LOU_draftkings_20260912T174605Z,2026_CFB_W03_SMU_LOU,2026-09-12T17:46:05.832312+00:00,,draftkings,-1.5,,,-115.0,-105.0,58.5,,,0.8,0.98,0.88,1.0,0.57,0.12,False,,,vsin_dk,free
2026_CFB_W03_FLA_AUB_draftkings_20260912T174605Z,2026_CFB_W03_FLA_AUB,2026-09-12T17:46:05.832312+00:00,,draftkings,2.5,,,114.0,-135.0,51.5,,,0.56,0.16,0.12,0.01,0.5,1.0,False,,,vsin_dk,free
2026_CFB_W03_LSU_MISS_draftkings_20260912T174605Z,2026_CFB_W03_LSU_MISS,2026-09-12T17:46:05.832312+00:00,,draftkings,2.5,,,114.0,-135.0,58.5,,,0.33,0.54,0.37,0.48,1.0,1.0,False,,,vsin_dk,free
2026_CFB_W03_UAB_UL_draftkings_20260912T174720Z,2026_CFB_W03_UAB_UL,2026-09-12T17:47:20.526685+00:00,,draftkings,9.5,,,285.0,-360.0,54.5,,,0.15,0.4,0.03,0.31,0.47,0.89,False,,,vsin_dk,free
2026_CFB_W03_FSU_ALA_draftkings_20260912T174720Z,2026_CFB_W03_FSU_ALA,2026-09-12T17:47:20.526685+00:00,,draftkings,-17.5,,,-950.0,625.0,50.5,,,0.78,0.32,1.0,1.0,1.0,1.0,False,,,vsin_dk,free
2026_CFB_W03_SMU_LOU_draftkings_20260912T174720Z,2026_CFB_W03_SMU_LOU,2026-09-12T17:47:20.526685+00:00,,draftkings,-1.5,,,-115.0,-105.0,58.5,,,0.8,0.98,0.88,1.0,0.57,0.12,False,,,vsin_dk,free
2026_CFB_W03_FLA_AUB_draftkings_20260912T174720Z,2026_CFB_W03_FLA_AUB,2026-09-12T17:47:20.526685+00:00,,draftkings,2.5,,,114.0,-135.0,51.5,,,0.56,0.16,0.12,0.01,0.5,1.0,False,,,vsin_dk,free
2026_CFB_W03_LSU_MISS_draftkings_20260912T174720Z,2026_CFB_W03_LSU_MISS,2026-09-12T17:47:20.526685+00:00,,draftkings,2.5,,,114.0,-135.0,58.5,,,0.33,0.54,0.37,0.48,1.0,1.0,False,,,vsin_dk,free
2026_CFB_W03_UAB_UL_draftkings_20260912T180110Z,2026_CFB_W03_UAB_UL,2026-09-12T18:01:10.756263+00:00,,draftkings,9.5,,,285.0,-360.0,54.5,,,0.15,0.4,0.03,0.31,0.49,,False,,,vsin_dk,free
2026_CFB_W03_FSU_ALA_draftkings_20260912T180110Z,2026_CFB_W03_FSU_ALA,2026-09-12T18:01:10.756263+00:00,,draftkings,-17.5,,,-950.0,625.0,50.5,,,0.78,0.32,1.0,1.0,1.0,1.0,False,,,vsin_dk,free
2026_CFB_W03_SMU_LOU_draftkings_20260912T180110Z,2026_CFB_W03_SMU_LOU,2026-09-12T18:01:10.756263+00:00,,draftkings,-1.5,,,-115.0,-105.0,58.5,,,0.8,0.98,0.88,1.0,0.57,0.12,False,,,vsin_dk,free
2026_CFB_W03_FLA_AUB_draftkings_20260912T180110Z,2026_CFB_W03_FLA_AUB,2026-09-12T18:01:10.756263+00:00,,draftkings,2.5,,,114.0,-135.0,51.5,,,0.56,0.16,0.12,0.01,0.5,1.0,False,,,vsin_dk,free
2026_CFB_W03_LSU_MISS_draftkings_20260912T180110Z,2026_CFB_W03_LSU_MISS,2026-09-12T18:01:10.756263+00:00,,draftkings,2.5,,,114.0,-135.0,58.5,,,0.33,0.54,0.37,0.48,1.0,1.0,False,,,vsin_dk,free
2026_CFB_W03_UAB_UL_draftkings_20260912T180351Z,2026_CFB_W03_UAB_UL,2026-09-12T18:03:51.028413+00:00,,draftkings,9.5,,,285.0,-360.0,54.5,,,0.15,0.4,0.03,0.31,0.49,,False,,,vsin_dk,free
2026_CFB_W03_FSU_ALA_draftkings_20260912T180351Z,2026_CFB_W03_FSU_ALA,2026-09-12T18:03:51.028413+00:00,,draftkings,-17.5,,,-950.0,625.0,50.5,,,0.78,0.32,1.0,1.0,1.0,1.0,False,,,vsin_dk,free
2026_CFB_W03_SMU_LOU_draftkings_20260912T180351Z,2026_CFB_W03_SMU_LOU,2026-09-12T18:03:51.028413+00:00,,draftkings,-1.5,,,-115.0,-105.0,58.5,,,0.8,0.98,0.88,1.0,0.57,0.12,False,,,vsin_dk,free
2026_CFB_W03_FLA_AUB_draftkings_20260912T180351Z,2026_CFB_W03_FLA_AUB,2026-09-12T18:03:51.028413+00:00,,draftkings,2.5,,,114.0,-135.0,51.5,,,0.56,0.16,0.12,0.01,0.5,1.0,False,,,vsin_dk,free
2026_CFB_W03_LSU_MISS_draftkings_20260912T180351Z,2026_CFB_W03_LSU_MISS,2026-09-12T18:03:51.028413+00:00,,draftkings,2.5,,,114.0,-135.0,58.5,,,0.33,0.54,0.37,0.48,1.0,1.0,False,,,vsin_dk,free
2026_CFB_W03_UAB_UL_draftkings_20260912T181600Z,2026_CFB_W03_UAB_UL,2026-09-12T18:16:00.098678+00:00,,draftkings,9.5,,,285.0,-360.0,54.5,,,0.15,0.4,0.03,0.31,0.49,0.71,False,,,vsin_dk,free
2026_CFB_W03_FSU_ALA_draftkings_20260912T181600Z,2026_CFB_W03_FSU_ALA,2026-09-12T18:16:00.098678+00:00,,draftkings,-17.5,,,-950.0,625.0,50.5,,,0.78,0.32,1.0,1.0,1.0,1.0,False,,,vsin_dk,free
2026_CFB_W03_SMU_LOU_draftkings_20260912T181600Z,2026_CFB_W03_SMU_LOU,2026-09-12T18:16:00.098678+00:00,,draftkings,-1.5,,,-115.0,-105.0,58.5,,,0.8,0.98,0.88,1.0,0.57,0.12,False,,,vsin_dk,free
2026_CFB_W03_FLA_AUB_draftkings_20260912T181600Z,2026_CFB_W03_FLA_AUB,2026-09-12T18:16:00.098678+00:00,,draftkings,2.5,,,114.0,-135.0,51.5,,,0.56,0.16,0.12,0.01,0.5,1.0,False,,,vsin_dk,free
2026_CFB_W03_LSU_MISS_draftkings_20260912T181600Z,2026_CFB_W03_LSU_MISS,2026-09-12T18:16:00.098678+00:00,,draftkings,2.5,,,114.0,-135.0,58.5,,,0.32,0.54,0.37,0.48,1.0,1.0,False,,,vsin_dk,free
2026_CFB_W03_UAB_UL_draftkings_20260912T182114Z,2026_CFB_W03_UAB_UL,2026-09-12T18:21:14.707235+00:00,,draftkings,9.5,,,285.0,-360.0,54.5,,,0.15,0.4,0.03,0.31,0.49,,False,,,vsin_dk,free
2026_CFB_W03_FSU_ALA_draftkings_20260912T182114Z,2026_CFB_W03_FSU_ALA,2026-09-12T18:21:14.707235+00:00,,draftkings,-17.5,,,-950.0,625.0,50.5,,,0.78,0.32,1.0,1.0,1.0,1.0,False,,,vsin_dk,free
2026_CFB_W03_SMU_LOU_draftkings_20260912T182114Z,2026_CFB_W03_SMU_LOU,2026-09-12T18:21:14.707235+00:00,,draftkings,-1.5,,,-115.0,-105.0,58.5,,,0.8,0.98,0.88,1.0,0.57,0.12,False,,,vsin_dk,free
2026_CFB_W03_FLA_AUB_draftkings_20260912T182114Z,2026_CFB_W03_FLA_AUB,2026-09-12T18:21:14.707235+00:00,,draftkings,2.5,,,114.0,-135.0,51.5,,,0.56,0.16,0.12,0.01,0.5,1.0,False,,,vsin_dk,free
2026_CFB_W03_LSU_MISS_draftkings_20260912T182114Z,2026_CFB_W03_LSU_MISS,2026-09-12T18:21:14.707235+00:00,,draftkings,2.5,,,114.0,-135.0,58.5,,,0.32,0.54,0.37,0.48,1.0,1.0,False,,,vsin_dk,free
2026_CFB_W03_UAB_UL_draftkings_20260912T182433Z,2026_CFB_W03_UAB_UL,2026-09-12T18:24:33.188866+00:00,,draftkings,9.5,,,285.0,-360.0,54.5,,,0.15,0.4,0.03,0.31,0.49,,False,,,vsin_dk,free
2026_CFB_W03_FSU_ALA_draftkings_20260912T182433Z,2026_CFB_W03_FSU_ALA,2026-09-12T18:24:33.188866+00:00,,draftkings,-17.5,,,-950.0,625.0,50.5,,,0.78,0.32,1.0,1.0,1.0,1.0,False,,,vsin_dk,free
2026_CFB_W03_SMU_LOU_draftkings_20260912T182433Z,2026_CFB_W03_SMU_LOU,2026-09-12T18:24:33.188866+00:00,,draftkings,-1.5,,,-115.0,-105.0,58.5,,,0.8,0.98,0.88,1.0,0.57,0.12,False,,,vsin_dk,free
2026_CFB_W03_FLA_AUB_draftkings_20260912T182433Z,2026_CFB_W03_FLA_AUB,2026-09-12T18:24:33.188866+00:00,,draftkings,2.5,,,114.0,-135.0,51.5,,,0.56,0.16,0.12,0.01,0.5,1.0,False,,,vsin_dk,free
2026_CFB_W03_LSU_MISS_draftkings_20260912T182433Z,2026_CFB_W03_LSU_MISS,2026-09-12T18:24:33.188866+00:00,,draftkings,2.5,,,114.0,-135.0,58.5,,,0.32,0.54,0.37,0.48,1.0,1.0,False,,,vsin_dk,free
2026_CFB_W03_UAB_UL_draftkings_20260912T183059Z,2026_CFB_W03_UAB_UL,2026-09-12T18:30:59.530928+00:00,,draftkings,9.5,,,285.0,-360.0,54.5,,,0.15,,0.03,0.31,,0.78,False,,,vsin_dk,free
2026_CFB_W03_FSU_ALA_draftkings_20260912T183059Z,2026_CFB_W03_FSU_ALA,2026-09-12T18:30:59.530928+00:00,,draftkings,-17.5,,,-950.0,625.0,50.5,,,0.78,0.32,1.0,1.0,1.0,1.0,False,,,vsin_dk,free
2026_CFB_W03_SMU_LOU_draftkings_20260912T183059Z,2026_CFB_W03_SMU_LOU,2026-09-12T18:30:59.530928+00:00,,draftkings,-1.5,,,-115.0,-105.0,58.5,,,0.8,0.98,0.88,1.0,0.57,0.12,False,,,vsin_dk,free
2026_CFB_W03_FLA_AUB_draftkings_20260912T183059Z,2026_CFB_W03_FLA_AUB,2026-09-12T18:30:59.530928+00:00,,draftkings,2.5,,,114.0,-135.0,51.5,,,0.56,0.16,0.12,0.01,0.5,1.0,False,,,vsin_dk,free
2026_CFB_W03_LSU_MISS_draftkings_20260912T183059Z,2026_CFB_W03_LSU_MISS,2026-09-12T18:30:59.530928+00:00,,draftkings,2.5,,,114.0,-135.0,58.5,,,0.32,0.54,0.37,0.48,1.0,1.0,False,,,vsin_dk,free
2026_CFB_W03_UAB_UL_draftkings_20260912T183602Z,2026_CFB_W03_UAB_UL,2026-09-12T18:36:02.821870+00:00,,draftkings,9.5,,,285.0,-360.0,54.5,,,0.15,0.39,0.03,0.31,0.48,0.78,False,,,vsin_dk,free
2026_CFB_W03_FSU_ALA_draftkings_20260912T183602Z,2026_CFB_W03_FSU_ALA,2026-09-12T18:36:02.821870+00:00,,draftkings,-17.5,,,-950.0,625.0,50.5,,,0.78,0.32,1.0,1.0,1.0,1.0,False,,,vsin_dk,free
2026_CFB_W03_SMU_LOU_draftkings_20260912T183602Z,2026_CFB_W03_SMU_LOU,2026-09-12T18:36:02.821870+00:00,,draftkings,-1.5,,,-115.0,-105.0,58.5,,,0.8,0.98,0.88,1.0,0.57,0.12,False,,,vsin_dk,free
2026_CFB_W03_FLA_AUB_draftkings_20260912T183602Z,2026_CFB_W03_FLA_AUB,2026-09-12T18:36:02.821870+00:00,,draftkings,2.5,,,114.0,-135.0,51.5,,,0.56,0.16,0.12,0.01,0.5,1.0,False,,,vsin_dk,free
2026_CFB_W03_LSU_MISS_draftkings_20260912T183602Z,2026_CFB_W03_LSU_MISS,2026-09-12T18:36:02.821870+00:00,,draftkings,2.5,,,114.0,-135.0,58.5,,,0.32,0.54,0.37,0.48,1.0,1.0,False,,,vsin_dk,free
2026_CFB_W03_UAB_UL_draftkings_20260912T184559Z,2026_CFB_W03_UAB_UL,2026-09-12T18:45:59.753150+00:00,,draftkings,9.5,,,285.0,-360.0,54.5,,,0.14,0.39,0.03,0.3,0.48,0.78,False,,,vsin_dk,free
2026_CFB_W03_FSU_ALA_draftkings_20260912T184559Z,2026_CFB_W03_FSU_ALA,2026-09-12T18:45:59.753150+00:00,,draftkings,-17.5,,,-950.0,625.0,50.5,,,0.78,0.32,1.0,1.0,1.0,1.0,False,,,vsin_dk,free
2026_CFB_W03_SMU_LOU_draftkings_20260912T184559Z,2026_CFB_W03_SMU_LOU,2026-09-12T18:45:59.753150+00:00,,draftkings,-1.5,,,-115.0,-105.0,58.5,,,0.8,0.98,0.88,1.0,0.57,0.12,False,,,vsin_dk,free
2026_CFB_W03_FLA_AUB_draftkings_20260912T184559Z,2026_CFB_W03_FLA_AUB,2026-09-12T18:45:59.753150+00:00,,draftkings,2.5,,,114.0,-135.0,51.5,,,0.56,0.16,0.12,0.01,0.5,1.0,False,,,vsin_dk,free
2026_CFB_W03_LSU_MISS_draftkings_20260912T184559Z,2026_CFB_W03_LSU_MISS,2026-09-12T18:45:59.753150+00:00,,draftkings,2.5,,,114.0,-135.0,58.5,,,0.32,0.54,0.37,0.48,1.0,1.0,False,,,vsin_dk,free
2026_CFB_W03_UAB_UL_draftkings_20260912T184815Z,2026_CFB_W03_UAB_UL,2026-09-12T18:48:15.115785+00:00,,draftkings,9.5,,,285.0,-360.0,54.5,,,0.14,0.39,0.03,0.3,0.48,0.78,False,,,vsin_dk,free
2026_CFB_W03_FSU_ALA_draftkings_20260912T184815Z,2026_CFB_W03_FSU_ALA,2026-09-12T18:48:15.115785+00:00,,draftkings,-17.5,,,-950.0,625.0,50.5,,,0.78,0.32,1.0,1.0,1.0,1.0,False,,,vsin_dk,free
2026_CFB_W03_SMU_LOU_draftkings_20260912T184815Z,2026_CFB_W03_SMU_LOU,2026-09-12T18:48:15.115785+00:00,,draftkings,-1.5,,,-115.0,-105.0,58.5,,,0.8,0.98,0.88,1.0,0.57,0.12,False,,,vsin_dk,free
2026_CFB_W03_FLA_AUB_draftkings_20260912T184815Z,2026_CFB_W03_FLA_AUB,2026-09-12T18:48:15.115785+00:00,,draftkings,2.5,,,114.0,-135.0,51.5,,,0.56,0.16,0.12,0.01,0.5,1.0,False,,,vsin_dk,free
2026_CFB_W03_LSU_MISS_draftkings_20260912T184815Z,2026_CFB_W03_LSU_MISS,2026-09-12T18:48:15.115785+00:00,,draftkings,2.5,,,114.0,-135.0,58.5,,,0.32,0.54,0.37,0.48,1.0,1.0,False,,,vsin_dk,free
2026_CFB_W03_UAB_UL_draftkings_20260912T190102Z,2026_CFB_W03_UAB_UL,2026-09-12T19:01:02.332579+00:00,,draftkings,9.5,,,285.0,-360.0,53.5,,,0.15,,0.03,0.3,0.47,0.78,False,,,vsin_dk,free
2026_CFB_W03_FSU_ALA_draftkings_20260912T190102Z,2026_CFB_W03_FSU_ALA,2026-09-12T19:01:02.332579+00:00,,draftkings,-17.5,,,-950.0,625.0,50.5,,,0.78,0.32,1.0,1.0,1.0,1.0,False,,,vsin_dk,free
2026_CFB_W03_SMU_LOU_draftkings_20260912T190102Z,2026_CFB_W03_SMU_LOU,2026-09-12T19:01:02.332579+00:00,,draftkings,-1.5,,,-115.0,-105.0,58.5,,,0.8,0.98,0.88,1.0,0.57,0.12,False,,,vsin_dk,free
2026_CFB_W03_FLA_AUB_draftkings_20260912T190102Z,2026_CFB_W03_FLA_AUB,2026-09-12T19:01:02.332579+00:00,,draftkings,2.5,,,114.0,-135.0,51.5,,,0.56,0.16,0.12,0.01,0.5,1.0,False,,,vsin_dk,free
2026_CFB_W03_LSU_MISS_draftkings_20260912T190102Z,2026_CFB_W03_LSU_MISS,2026-09-12T19:01:02.332579+00:00,,draftkings,2.5,,,114.0,-135.0,58.5,,,0.32,0.54,0.35,0.48,1.0,1.0,False,,,vsin_dk,free
2026_CFB_W03_UAB_UL_draftkings_20260912T190347Z,2026_CFB_W03_UAB_UL,2026-09-12T19:03:47.376671+00:00,,draftkings,9.5,,,285.0,-360.0,53.5,,,0.15,,0.03,0.3,0.47,0.78,False,,,vsin_dk,free
2026_CFB_W03_FSU_ALA_draftkings_20260912T190347Z,2026_CFB_W03_FSU_ALA,2026-09-12T19:03:47.376671+00:00,,draftkings,-17.5,,,-950.0,625.0,50.5,,,0.78,0.32,1.0,1.0,1.0,1.0,False,,,vsin_dk,free
2026_CFB_W03_SMU_LOU_draftkings_20260912T190347Z,2026_CFB_W03_SMU_LOU,2026-09-12T19:03:47.376671+00:00,,draftkings,-1.5,,,-115.0,-105.0,58.5,,,0.8,0.98,0.88,1.0,0.57,0.12,False,,,vsin_dk,free
2026_CFB_W03_FLA_AUB_draftkings_20260912T190347Z,2026_CFB_W03_FLA_AUB,2026-09-12T19:03:47.376671+00:00,,draftkings,2.5,,,114.0,-135.0,51.5,,,0.56,0.16,0.12,0.01,0.5,1.0,False,,,vsin_dk,free
2026_CFB_W03_LSU_MISS_draftkings_20260912T190347Z,2026_CFB_W03_LSU_MISS,2026-09-12T19:03:47.376671+00:00,,draftkings,2.5,,,114.0,-135.0,58.5,,,0.32,0.54,0.35,0.48,1.0,1.0,False,,,vsin_dk,free
2026_CFB_W03_UAB_UL_draftkings_20260912T191602Z,2026_CFB_W03_UAB_UL,2026-09-12T19:16:02.587371+00:00,,draftkings,9.5,,,285.0,-360.0,53.5,,,,,0.03,0.29,0.46,0.78,False,,,vsin_dk,free
2026_CFB_W03_FSU_ALA_draftkings_20260912T191602Z,2026_CFB_W03_FSU_ALA,2026-09-12T19:16:02.587371+00:00,,draftkings,-17.5,,,-950.0,625.0,50.5,,,0.78,0.32,1.0,1.0,1.0,1.0,False,,,vsin_dk,free
2026_CFB_W03_SMU_LOU_draftkings_20260912T191602Z,2026_CFB_W03_SMU_LOU,2026-09-12T19:16:02.587371+00:00,,draftkings,-1.5,,,-115.0,-105.0,58.5,,,0.8,0.98,0.88,1.0,0.57,0.12,False,,,vsin_dk,free
2026_CFB_W03_FLA_AUB_draftkings_20260912T191602Z,2026_CFB_W03_FLA_AUB,2026-09-12T19:16:02.587371+00:00,,draftkings,2.5,,,114.0,-135.0,51.5,,,0.56,0.16,0.12,0.01,0.5,1.0,False,,,vsin_dk,free
2026_CFB_W03_LSU_MISS_draftkings_20260912T191602Z,2026_CFB_W03_LSU_MISS,2026-09-12T19:16:02.587371+00:00,,draftkings,2.5,,,114.0,-135.0,58.5,,,0.32,0.54,,0.48,1.0,1.0,False,,,vsin_dk,free
2026_CFB_W03_UAB_UL_draftkings_20260912T191652Z,2026_CFB_W03_UAB_UL,2026-09-12T19:16:52.634007+00:00,,draftkings,9.5,,,285.0,-360.0,53.5,,,,,0.03,0.29,0.46,0.78,False,,,vsin_dk,free
2026_CFB_W03_FSU_ALA_draftkings_20260912T191652Z,2026_CFB_W03_FSU_ALA,2026-09-12T19:16:52.634007+00:00,,draftkings,-17.5,,,-950.0,625.0,50.5,,,0.78,0.32,1.0,1.0,1.0,1.0,False,,,vsin_dk,free
2026_CFB_W03_SMU_LOU_draftkings_20260912T191652Z,2026_CFB_W03_SMU_LOU,2026-09-12T19:16:52.634007+00:00,,draftkings,-1.5,,,-115.0,-105.0,58.5,,,0.8,0.98,0.88,1.0,0.57,0.12,False,,,vsin_dk,free
2026_CFB_W03_FLA_AUB_draftkings_20260912T191652Z,2026_CFB_W03_FLA_AUB,2026-09-12T19:16:52.634007+00:00,,draftkings,2.5,,,114.0,-135.0,51.5,,,0.56,0.16,0.12,0.01,0.5,1.0,False,,,vsin_dk,free
2026_CFB_W03_LSU_MISS_draftkings_20260912T191652Z,2026_CFB_W03_LSU_MISS,2026-09-12T19:16:52.634007+00:00,,draftkings,2.5,,,114.0,-135.0,58.5,,,0.32,0.54,,0.48,1.0,1.0,False,,,vsin_dk,free
2026_CFB_W03_UAB_UL_draftkings_20260912T191947Z,2026_CFB_W03_UAB_UL,2026-09-12T19:19:47.195349+00:00,,draftkings,9.5,,,285.0,-360.0,53.5,,,,,0.03,0.29,0.46,0.78,False,,,vsin_dk,free
2026_CFB_W03_FSU_ALA_draftkings_20260912T191947Z,2026_CFB_W03_FSU_ALA,2026-09-12T19:19:47.195349+00:00,,draftkings,-17.5,,,-950.0,625.0,50.5,,,0.78,0.32,1.0,1.0,1.0,1.0,False,,,vsin_dk,free
2026_CFB_W03_SMU_LOU_draftkings_20260912T191947Z,2026_CFB_W03_SMU_LOU,2026-09-12T19:19:47.195349+00:00,,draftkings,-1.5,,,-115.0,-105.0,58.5,,,0.8,0.98,0.88,1.0,0.57,0.12,False,,,vsin_dk,free
2026_CFB_W03_FLA_AUB_draftkings_20260912T191947Z,2026_CFB_W03_FLA_AUB,2026-09-12T19:19:47.195349+00:00,,draftkings,2.5,,,114.0,-135.0,51.5,,,0.56,0.16,0.12,0.01,0.5,1.0,False,,,vsin_dk,free
2026_CFB_W03_LSU_MISS_draftkings_20260912T191947Z,2026_CFB_W03_LSU_MISS,2026-09-12T19:19:47.195349+00:00,,draftkings,2.5,,,114.0,-135.0,58.5,,,0.32,0.54,,0.48,1.0,1.0,False,,,vsin_dk,free
2026_CFB_W03_UAB_UL_draftkings_20260912T193055Z,2026_CFB_W03_UAB_UL,2026-09-12T19:30:55.936483+00:00,,draftkings,9.5,,,285.0,-360.0,53.5,,,0.15,0.33,0.03,0.29,0.46,0.78,False,,,vsin_dk,free
2026_CFB_W03_FSU_ALA_draftkings_20260912T193055Z,2026_CFB_W03_FSU_ALA,2026-09-12T19:30:55.936483+00:00,,draftkings,-17.5,,,-950.0,625.0,50.5,,,0.78,0.32,1.0,1.0,1.0,1.0,False,,,vsin_dk,free
2026_CFB_W03_SMU_LOU_draftkings_20260912T193055Z,2026_CFB_W03_SMU_LOU,2026-09-12T19:30:55.936483+00:00,,draftkings,-1.5,,,-115.0,-105.0,58.5,,,0.8,0.98,0.88,1.0,0.57,0.12,False,,,vsin_dk,free
2026_CFB_W03_FLA_AUB_draftkings_20260912T193055Z,2026_CFB_W03_FLA_AUB,2026-09-12T19:30:55.936483+00:00,,draftkings,2.5,,,114.0,-135.0,51.5,,,0.56,0.16,0.12,0.01,0.5,1.0,False,,,vsin_dk,free
2026_CFB_W03_LSU_MISS_draftkings_20260912T193055Z,2026_CFB_W03_LSU_MISS,2026-09-12T19:30:55.936483+00:00,,draftkings,2.5,,,114.0,-135.0,58.5,,,0.32,0.54,0.33,0.48,1.0,1.0,False,,,vsin_dk,free
2026_CFB_W03_UAB_UL_draftkings_20260912T193316Z,2026_CFB_W03_UAB_UL,2026-09-12T19:33:16.657325+00:00,,draftkings,9.5,,,285.0,-360.0,53.5,,,0.15,0.33,0.03,0.29,0.46,0.78,False,,,vsin_dk,free
2026_CFB_W03_FSU_ALA_draftkings_20260912T193316Z,2026_CFB_W03_FSU_ALA,2026-09-12T19:33:16.657325+00:00,,draftkings,-17.5,,,-950.0,625.0,50.5,,,0.78,0.32,1.0,1.0,1.0,1.0,False,,,vsin_dk,free
2026_CFB_W03_SMU_LOU_draftkings_20260912T193316Z,2026_CFB_W03_SMU_LOU,2026-09-12T19:33:16.657325+00:00,,draftkings,-1.5,,,-115.0,-105.0,58.5,,,0.8,0.98,0.88,1.0,0.57,0.12,False,,,vsin_dk,free
2026_CFB_W03_FLA_AUB_draftkings_20260912T193316Z,2026_CFB_W03_FLA_AUB,2026-09-12T19:33:16.657325+00:00,,draftkings,2.5,,,114.0,-135.0,51.5,,,0.56,0.16,0.12,0.01,0.5,1.0,False,,,vsin_dk,free
2026_CFB_W03_LSU_MISS_draftkings_20260912T193316Z,2026_CFB_W03_LSU_MISS,2026-09-12T19:33:16.657325+00:00,,draftkings,2.5,,,114.0,-135.0,58.5,,,0.32,0.54,0.33,0.48,1.0,1.0,False,,,vsin_dk,free
2026_CFB_W03_UAB_UL_draftkings_20260912T194600Z,2026_CFB_W03_UAB_UL,2026-09-12T19:46:00.123758+00:00,,draftkings,9.5,,,285.0,-360.0,53.5,,,0.15,0.33,0.03,0.29,0.46,0.78,False,,,vsin_dk,free
2026_CFB_W03_FSU_ALA_draftkings_20260912T194600Z,2026_CFB_W03_FSU_ALA,2026-09-12T19:46:00.123758+00:00,,draftkings,-17.5,,,-950.0,625.0,50.5,,,0.78,0.32,1.0,1.0,1.0,1.0,False,,,vsin_dk,free
2026_CFB_W03_SMU_LOU_draftkings_20260912T194600Z,2026_CFB_W03_SMU_LOU,2026-09-12T19:46:00.123758+00:00,,draftkings,-1.5,,,-115.0,-105.0,58.5,,,0.8,0.98,0.88,1.0,0.57,0.12,False,,,vsin_dk,free
2026_CFB_W03_FLA_AUB_draftkings_20260912T194600Z,2026_CFB_W03_FLA_AUB,2026-09-12T19:46:00.123758+00:00,,draftkings,2.5,,,114.0,-135.0,51.5,,,0.56,0.16,0.12,0.01,0.5,1.0,False,,,vsin_dk,free
2026_CFB_W03_LSU_MISS_draftkings_20260912T194600Z,2026_CFB_W03_LSU_MISS,2026-09-12T19:46:00.123758+00:00,,draftkings,2.5,,,114.0,-135.0,58.5,,,0.32,0.54,0.32,0.45,1.0,1.0,False,,,vsin_dk,free
2026_CFB_W03_UAB_UL_draftkings_20260912T194720Z,2026_CFB_W03_UAB_UL,2026-09-12T19:47:20.555001+00:00,,draftkings,9.5,,,285.0,-360.0,53.5,,,0.15,0.33,0.03,0.29,0.46,0.78,False,,,vsin_dk,free
2026_CFB_W03_FSU_ALA_draftkings_20260912T194720Z,2026_CFB_W03_FSU_ALA,2026-09-12T19:47:20.555001+00:00,,draftkings,-17.5,,,-950.0,625.0,50.5,,,0.78,0.32,1.0,1.0,1.0,1.0,False,,,vsin_dk,free
2026_CFB_W03_SMU_LOU_draftkings_20260912T194720Z,2026_CFB_W03_SMU_LOU,2026-09-12T19:47:20.555001+00:00,,draftkings,-1.5,,,-115.0,-105.0,58.5,,,0.8,0.98,0.88,1.0,0.57,0.12,False,,,vsin_dk,free
2026_CFB_W03_FLA_AUB_draftkings_20260912T194720Z,2026_CFB_W03_FLA_AUB,2026-09-12T19:47:20.555001+00:00,,draftkings,2.5,,,114.0,-135.0,51.5,,,0.56,0.16,0.12,0.01,0.5,1.0,False,,,vsin_dk,free
2026_CFB_W03_LSU_MISS_draftkings_20260912T194720Z,2026_CFB_W03_LSU_MISS,2026-09-12T19:47:20.555001+00:00,,draftkings,2.5,,,114.0,-135.0,58.5,,,0.32,0.54,0.32,0.45,1.0,1.0,False,,,vsin_dk,free
2026_CFB_W03_UAB_UL_draftkings_20260912T200104Z,2026_CFB_W03_UAB_UL,2026-09-12T20:01:04.676616+00:00,,draftkings,9.5,,,285.0,-360.0,53.5,,,0.15,0.33,0.03,0.29,0.46,0.78,False,,,vsin_dk,free
2026_CFB_W03_MIA_WAKE_draftkings_20260912T200104Z,2026_CFB_W03_MIA_WAKE,2026-09-12T20:01:04.676616+00:00,,draftkings,22.5,,,1000.0,-1800.0,54.5,,,0.18,0.13,0.0,0.0,1.0,1.0,False,,,vsin_dk,free
2026_CFB_W03_FSU_ALA_draftkings_20260912T200104Z,2026_CFB_W03_FSU_ALA,2026-09-12T20:01:04.676616+00:00,,draftkings,-17.5,,,-950.0,625.0,50.5,,,0.78,0.32,1.0,1.0,1.0,1.0,False,,,vsin_dk,free
2026_CFB_W03_SMU_LOU_draftkings_20260912T200104Z,2026_CFB_W03_SMU_LOU,2026-09-12T20:01:04.676616+00:00,,draftkings,-1.5,,,-115.0,-105.0,58.5,,,0.8,0.98,0.88,1.0,0.57,0.12,False,,,vsin_dk,free
2026_CFB_W03_FLA_AUB_draftkings_20260912T200104Z,2026_CFB_W03_FLA_AUB,2026-09-12T20:01:04.676616+00:00,,draftkings,2.5,,,114.0,-135.0,51.5,,,0.56,0.16,0.12,0.01,0.5,1.0,False,,,vsin_dk,free
2026_CFB_W03_LSU_MISS_draftkings_20260912T200104Z,2026_CFB_W03_LSU_MISS,2026-09-12T20:01:04.676616+00:00,,draftkings,2.5,,,114.0,-135.0,58.5,,,,0.54,,0.45,1.0,1.0,False,,,vsin_dk,free
2026_CFB_W03_UAB_UL_draftkings_20260912T200511Z,2026_CFB_W03_UAB_UL,2026-09-12T20:05:11.076426+00:00,,draftkings,9.5,,,285.0,-360.0,53.5,,,0.15,0.33,0.03,0.29,0.46,0.78,False,,,vsin_dk,free
2026_CFB_W03_MIA_WAKE_draftkings_20260912T200511Z,2026_CFB_W03_MIA_WAKE,2026-09-12T20:05:11.076426+00:00,,draftkings,22.5,,,1000.0,-1800.0,54.5,,,0.18,0.13,0.0,0.0,1.0,1.0,False,,,vsin_dk,free
2026_CFB_W03_FSU_ALA_draftkings_20260912T200511Z,2026_CFB_W03_FSU_ALA,2026-09-12T20:05:11.076426+00:00,,draftkings,-17.5,,,-950.0,625.0,50.5,,,0.78,0.32,1.0,1.0,1.0,1.0,False,,,vsin_dk,free
2026_CFB_W03_SMU_LOU_draftkings_20260912T200511Z,2026_CFB_W03_SMU_LOU,2026-09-12T20:05:11.076426+00:00,,draftkings,-1.5,,,-115.0,-105.0,58.5,,,0.8,0.98,0.88,1.0,0.57,0.12,False,,,vsin_dk,free
2026_CFB_W03_FLA_AUB_draftkings_20260912T200511Z,2026_CFB_W03_FLA_AUB,2026-09-12T20:05:11.076426+00:00,,draftkings,2.5,,,114.0,-135.0,51.5,,,0.56,0.16,0.12,0.01,0.5,1.0,False,,,vsin_dk,free
2026_CFB_W03_LSU_MISS_draftkings_20260912T200511Z,2026_CFB_W03_LSU_MISS,2026-09-12T20:05:11.076426+00:00,,draftkings,2.5,,,114.0,-135.0,58.5,,,,0.54,,0.45,1.0,1.0,False,,,vsin_dk,free
2026_CFB_W03_UAB_UL_draftkings_20260912T201601Z,2026_CFB_W03_UAB_UL,2026-09-12T20:16:01.490938+00:00,,draftkings,9.5,,,285.0,-360.0,53.5,,,0.15,0.33,0.03,0.29,0.46,0.78,False,,,vsin_dk,free
2026_CFB_W03_MIA_WAKE_draftkings_20260912T201601Z,2026_CFB_W03_MIA_WAKE,2026-09-12T20:16:01.490938+00:00,,draftkings,22.5,,,1000.0,-1800.0,54.5,,,,0.13,0.0,0.0,1.0,1.0,False,,,vsin_dk,free
2026_CFB_W03_FSU_ALA_draftkings_20260912T201601Z,2026_CFB_W03_FSU_ALA,2026-09-12T20:16:01.490938+00:00,,draftkings,-17.5,,,-950.0,625.0,50.5,,,0.78,0.32,1.0,1.0,1.0,1.0,False,,,vsin_dk,free
2026_CFB_W03_SMU_LOU_draftkings_20260912T201601Z,2026_CFB_W03_SMU_LOU,2026-09-12T20:16:01.490938+00:00,,draftkings,-1.5,,,-115.0,-105.0,58.5,,,0.8,0.98,0.88,1.0,0.57,0.12,False,,,vsin_dk,free
2026_CFB_W03_FLA_AUB_draftkings_20260912T201601Z,2026_CFB_W03_FLA_AUB,2026-09-12T20:16:01.490938+00:00,,draftkings,2.5,,,114.0,-135.0,51.5,,,0.56,0.16,0.12,0.01,0.5,1.0,False,,,vsin_dk,free
2026_CFB_W03_LSU_MISS_draftkings_20260912T201601Z,2026_CFB_W03_LSU_MISS,2026-09-12T20:16:01.490938+00:00,,draftkings,2.5,,,114.0,-135.0,58.5,,,0.31,0.54,,0.45,1.0,1.0,False,,,vsin_dk,free
2026_CFB_W03_UAB_UL_draftkings_20260912T201913Z,2026_CFB_W03_UAB_UL,2026-09-12T20:19:13.921085+00:00,,draftkings,9.5,,,285.0,-360.0,53.5,,,0.15,0.33,0.03,0.29,0.46,0.78,False,,,vsin_dk,free
2026_CFB_W03_MIA_WAKE_draftkings_20260912T201913Z,2026_CFB_W03_MIA_WAKE,2026-09-12T20:19:13.921085+00:00,,draftkings,22.5,,,1000.0,-1800.0,54.5,,,,0.13,0.0,0.0,1.0,1.0,False,,,vsin_dk,free
2026_CFB_W03_FSU_ALA_draftkings_20260912T201913Z,2026_CFB_W03_FSU_ALA,2026-09-12T20:19:13.921085+00:00,,draftkings,-17.5,,,-950.0,625.0,50.5,,,0.78,0.32,1.0,1.0,1.0,1.0,False,,,vsin_dk,free
2026_CFB_W03_SMU_LOU_draftkings_20260912T201913Z,2026_CFB_W03_SMU_LOU,2026-09-12T20:19:13.921085+00:00,,draftkings,-1.5,,,-115.0,-105.0,58.5,,,0.8,0.98,0.88,1.0,0.57,0.12,False,,,vsin_dk,free
2026_CFB_W03_FLA_AUB_draftkings_20260912T201913Z,2026_CFB_W03_FLA_AUB,2026-09-12T20:19:13.921085+00:00,,draftkings,2.5,,,114.0,-135.0,51.5,,,0.56,0.16,0.12,0.01,0.5,1.0,False,,,vsin_dk,free
2026_CFB_W03_LSU_MISS_draftkings_20260912T201913Z,2026_CFB_W03_LSU_MISS,2026-09-12T20:19:13.921085+00:00,,draftkings,2.5,,,114.0,-135.0,58.5,,,0.31,0.54,,0.45,1.0,1.0,False,,,vsin_dk,free
2026_CFB_W03_UAB_UL_draftkings_20260912T202342Z,2026_CFB_W03_UAB_UL,2026-09-12T20:23:42.390721+00:00,,draftkings,9.5,,,285.0,-360.0,53.5,,,0.15,0.33,0.03,0.29,0.46,0.78,False,,,vsin_dk,free
2026_CFB_W03_MIA_WAKE_draftkings_20260912T202342Z,2026_CFB_W03_MIA_WAKE,2026-09-12T20:23:42.390721+00:00,,draftkings,22.5,,,1000.0,-1800.0,54.5,,,0.17,0.13,0.0,0.0,1.0,1.0,False,,,vsin_dk,free
2026_CFB_W03_FSU_ALA_draftkings_20260912T202342Z,2026_CFB_W03_FSU_ALA,2026-09-12T20:23:42.390721+00:00,,draftkings,-17.5,,,-950.0,625.0,50.5,,,0.78,0.32,1.0,1.0,1.0,1.0,False,,,vsin_dk,free
2026_CFB_W03_SMU_LOU_draftkings_20260912T202342Z,2026_CFB_W03_SMU_LOU,2026-09-12T20:23:42.390721+00:00,,draftkings,-1.5,,,-115.0,-105.0,58.5,,,0.8,0.98,0.88,1.0,0.57,0.12,False,,,vsin_dk,free
2026_CFB_W03_WKU_IU_draftkings_20260912T202342Z,2026_CFB_W03_WKU_IU,2026-09-12T20:23:42.390721+00:00,,draftkings,-44.5,,,,,59.5,,,1.0,1.0,,,0.0,0.0,False,,,vsin_dk,free
2026_CFB_W03_FLA_AUB_draftkings_20260912T202342Z,2026_CFB_W03_FLA_AUB,2026-09-12T20:23:42.390721+00:00,,draftkings,2.5,,,114.0,-135.0,51.5,,,0.56,0.16,0.12,0.01,0.5,1.0,False,,,vsin_dk,free
2026_CFB_W03_LSU_MISS_draftkings_20260912T202342Z,2026_CFB_W03_LSU_MISS,2026-09-12T20:23:42.390721+00:00,,draftkings,2.5,,,114.0,-135.0,58.5,,,,,0.34,0.45,1.0,1.0,False,,,vsin_dk,free
2026_CFB_W03_UAB_UL_draftkings_20260912T203058Z,2026_CFB_W03_UAB_UL,2026-09-12T20:30:58.833019+00:00,,draftkings,9.5,,,285.0,-360.0,53.5,,,0.15,0.33,0.03,0.29,0.46,0.78,False,,,vsin_dk,free
2026_CFB_W03_MIA_WAKE_draftkings_20260912T203058Z,2026_CFB_W03_MIA_WAKE,2026-09-12T20:30:58.833019+00:00,,draftkings,22.5,,,1000.0,-1800.0,54.5,,,,0.13,0.0,0.0,1.0,1.0,False,,,vsin_dk,free
2026_CFB_W03_FSU_ALA_draftkings_20260912T203058Z,2026_CFB_W03_FSU_ALA,2026-09-12T20:30:58.833019+00:00,,draftkings,-17.5,,,-950.0,625.0,50.5,,,0.78,0.32,1.0,1.0,1.0,1.0,False,,,vsin_dk,free
2026_CFB_W03_SMU_LOU_draftkings_20260912T203058Z,2026_CFB_W03_SMU_LOU,2026-09-12T20:30:58.833019+00:00,,draftkings,-1.5,,,-115.0,-105.0,58.5,,,0.8,0.98,0.88,1.0,0.57,0.12,False,,,vsin_dk,free
2026_CFB_W03_FLA_AUB_draftkings_20260912T203058Z,2026_CFB_W03_FLA_AUB,2026-09-12T20:30:58.833019+00:00,,draftkings,2.5,,,114.0,-135.0,51.5,,,0.56,0.16,0.12,0.01,0.5,1.0,False,,,vsin_dk,free
2026_CFB_W03_LSU_MISS_draftkings_20260912T203058Z,2026_CFB_W03_LSU_MISS,2026-09-12T20:30:58.833019+00:00,,draftkings,2.5,,,114.0,-135.0,58.5,,,0.3,0.5,0.34,0.45,1.0,1.0,False,,,vsin_dk,free
2026_CFB_W03_UAB_UL_draftkings_20260912T203828Z,2026_CFB_W03_UAB_UL,2026-09-12T20:38:28.958460+00:00,,draftkings,9.5,,,285.0,-360.0,53.5,,,0.15,0.33,0.03,0.29,0.46,0.78,False,,,vsin_dk,free
2026_CFB_W03_MIA_WAKE_draftkings_20260912T203828Z,2026_CFB_W03_MIA_WAKE,2026-09-12T20:38:28.958460+00:00,,draftkings,22.5,,,1000.0,-1800.0,54.5,,,0.2,0.13,0.0,0.0,1.0,1.0,False,,,vsin_dk,free
2026_CFB_W03_FSU_ALA_draftkings_20260912T203828Z,2026_CFB_W03_FSU_ALA,2026-09-12T20:38:28.958460+00:00,,draftkings,-17.5,,,-950.0,625.0,50.5,,,0.78,0.32,1.0,1.0,1.0,1.0,False,,,vsin_dk,free
2026_CFB_W03_SMU_LOU_draftkings_20260912T203828Z,2026_CFB_W03_SMU_LOU,2026-09-12T20:38:28.958460+00:00,,draftkings,-1.5,,,-115.0,-105.0,58.5,,,0.8,0.98,0.88,1.0,0.57,0.12,False,,,vsin_dk,free
2026_CFB_W03_FLA_AUB_draftkings_20260912T203828Z,2026_CFB_W03_FLA_AUB,2026-09-12T20:38:28.958460+00:00,,draftkings,2.5,,,114.0,-135.0,51.5,,,0.56,0.16,0.12,0.01,0.5,1.0,False,,,vsin_dk,free
2026_CFB_W03_LSU_MISS_draftkings_20260912T203828Z,2026_CFB_W03_LSU_MISS,2026-09-12T20:38:28.958460+00:00,,draftkings,2.5,,,114.0,-135.0,58.5,,,,0.5,0.34,0.45,1.0,1.0,False,,,vsin_dk,free
2026_CFB_W03_UAB_UL_draftkings_20260912T204558Z,2026_CFB_W03_UAB_UL,2026-09-12T20:45:58.211391+00:00,,draftkings,9.5,,,285.0,-360.0,53.5,,,0.15,0.33,0.03,0.29,0.46,0.78,False,,,vsin_dk,free
2026_CFB_W03_MIA_WAKE_draftkings_20260912T204558Z,2026_CFB_W03_MIA_WAKE,2026-09-12T20:45:58.211391+00:00,,draftkings,22.5,,,1000.0,-1800.0,54.5,,,0.2,0.13,0.0,0.0,1.0,1.0,False,,,vsin_dk,free
2026_CFB_W03_FSU_ALA_draftkings_20260912T204558Z,2026_CFB_W03_FSU_ALA,2026-09-12T20:45:58.211391+00:00,,draftkings,-17.5,,,-950.0,625.0,50.5,,,0.78,0.32,1.0,1.0,1.0,1.0,False,,,vsin_dk,free
2026_CFB_W03_SMU_LOU_draftkings_20260912T204558Z,2026_CFB_W03_SMU_LOU,2026-09-12T20:45:58.211391+00:00,,draftkings,-1.5,,,-115.0,-105.0,58.5,,,0.8,0.98,0.88,1.0,0.57,0.12,False,,,vsin_dk,free
2026_CFB_W03_FLA_AUB_draftkings_20260912T204558Z,2026_CFB_W03_FLA_AUB,2026-09-12T20:45:58.211391+00:00,,draftkings,2.5,,,114.0,-135.0,51.5,,,0.56,0.16,0.12,0.01,0.5,1.0,False,,,vsin_dk,free
2026_CFB_W03_LSU_MISS_draftkings_20260912T204558Z,2026_CFB_W03_LSU_MISS,2026-09-12T20:45:58.211391+00:00,,draftkings,2.5,,,114.0,-135.0,58.5,,,,0.5,0.34,0.45,1.0,1.0,False,,,vsin_dk,free
2026_CFB_W03_UAB_UL_draftkings_20260912T205155Z,2026_CFB_W03_UAB_UL,2026-09-12T20:51:55.302157+00:00,,draftkings,9.5,,,285.0,-360.0,53.5,,,0.15,0.33,0.03,0.29,0.46,0.78,False,,,vsin_dk,free
2026_CFB_W03_MIA_WAKE_draftkings_20260912T205155Z,2026_CFB_W03_MIA_WAKE,2026-09-12T20:51:55.302157+00:00,,draftkings,22.5,,,1000.0,-1800.0,54.5,,,0.2,0.13,0.0,0.0,1.0,1.0,False,,,vsin_dk,free
2026_CFB_W03_FSU_ALA_draftkings_20260912T205155Z,2026_CFB_W03_FSU_ALA,2026-09-12T20:51:55.302157+00:00,,draftkings,-17.5,,,-950.0,625.0,50.5,,,0.78,0.32,1.0,1.0,1.0,1.0,False,,,vsin_dk,free
2026_CFB_W03_SMU_LOU_draftkings_20260912T205155Z,2026_CFB_W03_SMU_LOU,2026-09-12T20:51:55.302157+00:00,,draftkings,-1.5,,,-115.0,-105.0,58.5,,,0.8,0.98,0.88,1.0,0.57,0.12,False,,,vsin_dk,free
2026_CFB_W03_WKU_IU_draftkings_20260912T205155Z,2026_CFB_W03_WKU_IU,2026-09-12T20:51:55.302157+00:00,,draftkings,-44.5,,,,,59.5,,,0.5,0.8,,,0.0,0.0,False,,,vsin_dk,free
2026_CFB_W03_FLA_AUB_draftkings_20260912T205155Z,2026_CFB_W03_FLA_AUB,2026-09-12T20:51:55.302157+00:00,,draftkings,2.5,,,114.0,-135.0,51.5,,,0.56,0.16,0.12,0.01,0.5,1.0,False,,,vsin_dk,free
2026_CFB_W03_LSU_MISS_draftkings_20260912T205155Z,2026_CFB_W03_LSU_MISS,2026-09-12T20:51:55.302157+00:00,,draftkings,2.5,,,114.0,-135.0,58.5,,,0.31,0.5,0.34,0.45,1.0,1.0,False,,,vsin_dk,free
2026_CFB_W03_UAB_UL_draftkings_20260912T210058Z,2026_CFB_W03_UAB_UL,2026-09-12T21:00:58.505103+00:00,,draftkings,9.5,,,285.0,-360.0,53.5,,,0.15,0.33,0.03,0.29,0.46,0.78,False,,,vsin_dk,free
2026_CFB_W03_MIA_WAKE_draftkings_20260912T210058Z,2026_CFB_W03_MIA_WAKE,2026-09-12T21:00:58.505103+00:00,,draftkings,22.5,,,1000.0,-1800.0,54.5,,,,,0.0,0.0,1.0,1.0,False,,,vsin_dk,free
2026_CFB_W03_FSU_ALA_draftkings_20260912T210058Z,2026_CFB_W03_FSU_ALA,2026-09-12T21:00:58.505103+00:00,,draftkings,-17.5,,,-950.0,625.0,50.5,,,0.78,0.32,1.0,1.0,1.0,1.0,False,,,vsin_dk,free
2026_CFB_W03_SMU_LOU_draftkings_20260912T210058Z,2026_CFB_W03_SMU_LOU,2026-09-12T21:00:58.505103+00:00,,draftkings,-1.5,,,-115.0,-105.0,58.5,,,0.8,0.98,0.88,1.0,0.57,0.12,False,,,vsin_dk,free
2026_CFB_W03_WKU_IU_draftkings_20260912T210058Z,2026_CFB_W03_WKU_IU,2026-09-12T21:00:58.505103+00:00,,draftkings,-44.5,,,,,59.5,,,0.5,0.8,,,0.0,0.0,False,,,vsin_dk,free
2026_CFB_W03_FLA_AUB_draftkings_20260912T210058Z,2026_CFB_W03_FLA_AUB,2026-09-12T21:00:58.505103+00:00,,draftkings,2.5,,,114.0,-135.0,51.5,,,0.56,0.16,0.12,0.01,0.5,1.0,False,,,vsin_dk,free
2026_CFB_W03_LSU_MISS_draftkings_20260912T210058Z,2026_CFB_W03_LSU_MISS,2026-09-12T21:00:58.505103+00:00,,draftkings,2.5,,,114.0,-135.0,58.5,,,0.31,0.5,0.34,0.45,1.0,1.0,False,,,vsin_dk,free
2026_CFB_W03_WVU_UVA_draftkings_20260912T210058Z,2026_CFB_W03_WVU_UVA,2026-09-12T21:00:58.505103+00:00,,draftkings,-8.5,,,-325.0,260.0,,,,0.9,0.99,0.76,0.63,,,False,,,vsin_dk,free
2026_CFB_W03_UAB_UL_draftkings_20260912T210343Z,2026_CFB_W03_UAB_UL,2026-09-12T21:03:43.000045+00:00,,draftkings,9.5,,,285.0,-360.0,53.5,,,0.15,0.33,0.03,0.29,0.46,0.78,False,,,vsin_dk,free
2026_CFB_W03_MIA_WAKE_draftkings_20260912T210343Z,2026_CFB_W03_MIA_WAKE,2026-09-12T21:03:43.000045+00:00,,draftkings,22.5,,,1000.0,-1800.0,54.5,,,,,0.0,0.0,1.0,1.0,False,,,vsin_dk,free
2026_CFB_W03_FSU_ALA_draftkings_20260912T210343Z,2026_CFB_W03_FSU_ALA,2026-09-12T21:03:43.000045+00:00,,draftkings,-17.5,,,-950.0,625.0,50.5,,,0.78,0.32,1.0,1.0,1.0,1.0,False,,,vsin_dk,free
2026_CFB_W03_SMU_LOU_draftkings_20260912T210343Z,2026_CFB_W03_SMU_LOU,2026-09-12T21:03:43.000045+00:00,,draftkings,-1.5,,,-115.0,-105.0,58.5,,,0.8,0.98,0.88,1.0,0.57,0.12,False,,,vsin_dk,free
2026_CFB_W03_WKU_IU_draftkings_20260912T210343Z,2026_CFB_W03_WKU_IU,2026-09-12T21:03:43.000045+00:00,,draftkings,-44.5,,,,,59.5,,,0.5,0.8,,,0.0,0.0,False,,,vsin_dk,free
2026_CFB_W03_FLA_AUB_draftkings_20260912T210343Z,2026_CFB_W03_FLA_AUB,2026-09-12T21:03:43.000045+00:00,,draftkings,2.5,,,114.0,-135.0,51.5,,,0.56,0.16,0.12,0.01,0.5,1.0,False,,,vsin_dk,free
2026_CFB_W03_LSU_MISS_draftkings_20260912T210343Z,2026_CFB_W03_LSU_MISS,2026-09-12T21:03:43.000045+00:00,,draftkings,2.5,,,114.0,-135.0,58.5,,,0.31,0.5,0.34,0.45,1.0,1.0,False,,,vsin_dk,free
2026_CFB_W03_WVU_UVA_draftkings_20260912T210343Z,2026_CFB_W03_WVU_UVA,2026-09-12T21:03:43.000045+00:00,,draftkings,-8.5,,,-325.0,260.0,,,,0.9,0.99,0.76,0.63,,,False,,,vsin_dk,free
2026_CFB_W03_UAB_UL_draftkings_20260912T211602Z,2026_CFB_W03_UAB_UL,2026-09-12T21:16:02.435972+00:00,,draftkings,9.5,,,285.0,-360.0,53.5,,,0.15,0.33,0.03,0.29,0.46,0.78,False,,,vsin_dk,free
2026_CFB_W03_MIA_WAKE_draftkings_20260912T211602Z,2026_CFB_W03_MIA_WAKE,2026-09-12T21:16:02.435972+00:00,,draftkings,22.5,,,1000.0,-1800.0,54.5,,,,,0.0,0.0,1.0,1.0,False,,,vsin_dk,free
2026_CFB_W03_FSU_ALA_draftkings_20260912T211602Z,2026_CFB_W03_FSU_ALA,2026-09-12T21:16:02.435972+00:00,,draftkings,-17.5,,,-950.0,625.0,50.5,,,0.78,0.32,1.0,1.0,1.0,1.0,False,,,vsin_dk,free
2026_CFB_W03_SMU_LOU_draftkings_20260912T211602Z,2026_CFB_W03_SMU_LOU,2026-09-12T21:16:02.435972+00:00,,draftkings,-1.5,,,-115.0,-105.0,58.5,,,0.8,0.98,0.88,1.0,0.57,0.12,False,,,vsin_dk,free
2026_CFB_W03_WKU_IU_draftkings_20260912T211602Z,2026_CFB_W03_WKU_IU,2026-09-12T21:16:02.435972+00:00,,draftkings,-44.5,,,,,59.5,,,0.5,0.8,,,0.0,0.0,False,,,vsin_dk,free
2026_CFB_W03_FLA_AUB_draftkings_20260912T211602Z,2026_CFB_W03_FLA_AUB,2026-09-12T21:16:02.435972+00:00,,draftkings,2.5,,,114.0,-135.0,51.5,,,0.56,0.16,0.12,0.01,0.5,1.0,False,,,vsin_dk,free
2026_CFB_W03_LSU_MISS_draftkings_20260912T211602Z,2026_CFB_W03_LSU_MISS,2026-09-12T21:16:02.435972+00:00,,draftkings,2.5,,,114.0,-135.0,58.5,,,0.31,0.5,0.34,0.45,1.0,1.0,False,,,vsin_dk,free
2026_CFB_W03_WVU_UVA_draftkings_20260912T211602Z,2026_CFB_W03_WVU_UVA,2026-09-12T21:16:02.435972+00:00,,draftkings,-8.5,,,-325.0,260.0,,,,0.9,0.99,0.76,0.63,,,False,,,vsin_dk,free
2026_CFB_W03_UAB_UL_draftkings_20260912T211959Z,2026_CFB_W03_UAB_UL,2026-09-12T21:19:59.818107+00:00,,draftkings,9.5,,,285.0,-360.0,53.5,,,0.15,0.33,0.03,0.29,0.46,0.78,False,,,vsin_dk,free
2026_CFB_W03_MIA_WAKE_draftkings_20260912T211959Z,2026_CFB_W03_MIA_WAKE,2026-09-12T21:19:59.818107+00:00,,draftkings,22.5,,,1000.0,-1800.0,54.5,,,,,0.0,0.0,1.0,1.0,False,,,vsin_dk,free
2026_CFB_W03_FSU_ALA_draftkings_20260912T211959Z,2026_CFB_W03_FSU_ALA,2026-09-12T21:19:59.818107+00:00,,draftkings,-17.5,,,-950.0,625.0,50.5,,,0.78,0.32,1.0,1.0,1.0,1.0,False,,,vsin_dk,free
2026_CFB_W03_SMU_LOU_draftkings_20260912T211959Z,2026_CFB_W03_SMU_LOU,2026-09-12T21:19:59.818107+00:00,,draftkings,-1.5,,,-115.0,-105.0,58.5,,,0.8,0.98,0.88,1.0,0.57,0.12,False,,,vsin_dk,free
2026_CFB_W03_WKU_IU_draftkings_20260912T211959Z,2026_CFB_W03_WKU_IU,2026-09-12T21:19:59.818107+00:00,,draftkings,-44.5,,,,,59.5,,,0.5,0.8,,,0.0,0.0,False,,,vsin_dk,free
2026_CFB_W03_FLA_AUB_draftkings_20260912T211959Z,2026_CFB_W03_FLA_AUB,2026-09-12T21:19:59.818107+00:00,,draftkings,2.5,,,114.0,-135.0,51.5,,,0.56,0.16,0.12,0.01,0.5,1.0,False,,,vsin_dk,free
2026_CFB_W03_LSU_MISS_draftkings_20260912T211959Z,2026_CFB_W03_LSU_MISS,2026-09-12T21:19:59.818107+00:00,,draftkings,2.5,,,114.0,-135.0,58.5,,,0.31,0.5,0.34,0.45,1.0,1.0,False,,,vsin_dk,free
2026_CFB_W03_WVU_UVA_draftkings_20260912T211959Z,2026_CFB_W03_WVU_UVA,2026-09-12T21:19:59.818107+00:00,,draftkings,-8.5,,,-325.0,260.0,,,,0.9,0.99,0.76,0.63,,,False,,,vsin_dk,free
2026_CFB_W03_UAB_UL_draftkings_20260912T212255Z,2026_CFB_W03_UAB_UL,2026-09-12T21:22:55.650913+00:00,,draftkings,9.5,,,285.0,-360.0,53.5,,,0.15,0.33,0.03,0.29,0.46,0.78,False,,,vsin_dk,free
2026_CFB_W03_MIA_WAKE_draftkings_20260912T212255Z,2026_CFB_W03_MIA_WAKE,2026-09-12T21:22:55.650913+00:00,,draftkings,22.5,,,1000.0,-1800.0,54.5,,,0.25,0.3,0.0,0.0,1.0,1.0,False,,,vsin_dk,free
2026_CFB_W03_FSU_ALA_draftkings_20260912T212255Z,2026_CFB_W03_FSU_ALA,2026-09-12T21:22:55.650913+00:00,,draftkings,-17.5,,,-950.0,625.0,50.5,,,0.78,0.32,1.0,1.0,1.0,1.0,False,,,vsin_dk,free
2026_CFB_W03_SMU_LOU_draftkings_20260912T212255Z,2026_CFB_W03_SMU_LOU,2026-09-12T21:22:55.650913+00:00,,draftkings,-1.5,,,-115.0,-105.0,58.5,,,0.8,0.98,0.88,1.0,0.57,0.12,False,,,vsin_dk,free
2026_CFB_W03_WKU_IU_draftkings_20260912T212255Z,2026_CFB_W03_WKU_IU,2026-09-12T21:22:55.650913+00:00,,draftkings,-44.5,,,,,59.5,,,0.5,0.8,,,0.0,0.0,False,,,vsin_dk,free
2026_CFB_W03_FLA_AUB_draftkings_20260912T212255Z,2026_CFB_W03_FLA_AUB,2026-09-12T21:22:55.650913+00:00,,draftkings,2.5,,,114.0,-135.0,51.5,,,0.56,0.16,0.12,0.01,0.5,1.0,False,,,vsin_dk,free
2026_CFB_W03_LSU_MISS_draftkings_20260912T212255Z,2026_CFB_W03_LSU_MISS,2026-09-12T21:22:55.650913+00:00,,draftkings,2.5,,,114.0,-135.0,58.5,,,0.31,0.5,0.34,0.45,1.0,1.0,False,,,vsin_dk,free
2026_CFB_W03_WVU_UVA_draftkings_20260912T212255Z,2026_CFB_W03_WVU_UVA,2026-09-12T21:22:55.650913+00:00,,draftkings,-8.5,,,-325.0,260.0,,,,0.9,0.99,0.76,0.63,,,False,,,vsin_dk,free
2026_CFB_W03_UAB_UL_draftkings_20260912T213101Z,2026_CFB_W03_UAB_UL,2026-09-12T21:31:01.224746+00:00,,draftkings,9.5,,,285.0,-360.0,53.5,,,0.15,0.33,0.03,0.29,0.46,0.78,False,,,vsin_dk,free
2026_CFB_W03_MIA_WAKE_draftkings_20260912T213101Z,2026_CFB_W03_MIA_WAKE,2026-09-12T21:31:01.224746+00:00,,draftkings,22.5,,,1000.0,-1800.0,54.5,,,,0.3,0.0,0.0,1.0,1.0,False,,,vsin_dk,free
2026_CFB_W03_FSU_ALA_draftkings_20260912T213101Z,2026_CFB_W03_FSU_ALA,2026-09-12T21:31:01.224746+00:00,,draftkings,-17.5,,,-950.0,625.0,50.5,,,0.78,0.32,1.0,1.0,1.0,1.0,False,,,vsin_dk,free
2026_CFB_W03_SMU_LOU_draftkings_20260912T213101Z,2026_CFB_W03_SMU_LOU,2026-09-12T21:31:01.224746+00:00,,draftkings,-1.5,,,-115.0,-105.0,58.5,,,0.8,0.98,0.88,1.0,0.57,0.12,False,,,vsin_dk,free
2026_CFB_W03_WKU_IU_draftkings_20260912T213101Z,2026_CFB_W03_WKU_IU,2026-09-12T21:31:01.224746+00:00,,draftkings,-44.5,,,,,59.5,,,0.5,0.8,,,0.0,0.0,False,,,vsin_dk,free
2026_CFB_W03_FLA_AUB_draftkings_20260912T213101Z,2026_CFB_W03_FLA_AUB,2026-09-12T21:31:01.224746+00:00,,draftkings,2.5,,,114.0,-135.0,51.5,,,0.56,0.16,0.12,0.01,0.5,1.0,False,,,vsin_dk,free
2026_CFB_W03_LSU_MISS_draftkings_20260912T213101Z,2026_CFB_W03_LSU_MISS,2026-09-12T21:31:01.224746+00:00,,draftkings,2.5,,,114.0,-135.0,58.5,,,0.31,0.5,,,1.0,1.0,False,,,vsin_dk,free
2026_CFB_W03_WVU_UVA_draftkings_20260912T213101Z,2026_CFB_W03_WVU_UVA,2026-09-12T21:31:01.224746+00:00,,draftkings,-8.5,,,-325.0,260.0,,,,0.9,0.99,0.76,0.63,,,False,,,vsin_dk,free
2026_CFB_W03_UAB_UL_draftkings_20260912T213412Z,2026_CFB_W03_UAB_UL,2026-09-12T21:34:12.030006+00:00,,draftkings,9.5,,,285.0,-360.0,53.5,,,0.15,0.33,0.03,0.29,0.46,0.78,False,,,vsin_dk,free
2026_CFB_W03_MIA_WAKE_draftkings_20260912T213412Z,2026_CFB_W03_MIA_WAKE,2026-09-12T21:34:12.030006+00:00,,draftkings,22.5,,,1000.0,-1800.0,54.5,,,,0.3,0.0,0.0,1.0,1.0,False,,,vsin_dk,free
2026_CFB_W03_FSU_ALA_draftkings_20260912T213412Z,2026_CFB_W03_FSU_ALA,2026-09-12T21:34:12.030006+00:00,,draftkings,-17.5,,,-950.0,625.0,50.5,,,0.78,0.32,1.0,1.0,1.0,1.0,False,,,vsin_dk,free
2026_CFB_W03_SMU_LOU_draftkings_20260912T213412Z,2026_CFB_W03_SMU_LOU,2026-09-12T21:34:12.030006+00:00,,draftkings,-1.5,,,-115.0,-105.0,58.5,,,0.8,0.98,0.88,1.0,0.57,0.12,False,,,vsin_dk,free
2026_CFB_W03_WKU_IU_draftkings_20260912T213412Z,2026_CFB_W03_WKU_IU,2026-09-12T21:34:12.030006+00:00,,draftkings,-44.5,,,,,59.5,,,0.5,0.8,,,0.0,0.0,False,,,vsin_dk,free
2026_CFB_W03_FLA_AUB_draftkings_20260912T213412Z,2026_CFB_W03_FLA_AUB,2026-09-12T21:34:12.030006+00:00,,draftkings,2.5,,,114.0,-135.0,51.5,,,0.56,0.16,0.12,0.01,0.5,1.0,False,,,vsin_dk,free
2026_CFB_W03_LSU_MISS_draftkings_20260912T213412Z,2026_CFB_W03_LSU_MISS,2026-09-12T21:34:12.030006+00:00,,draftkings,2.5,,,114.0,-135.0,58.5,,,0.31,0.5,,,1.0,1.0,False,,,vsin_dk,free
2026_CFB_W03_WVU_UVA_draftkings_20260912T213412Z,2026_CFB_W03_WVU_UVA,2026-09-12T21:34:12.030006+00:00,,draftkings,-8.5,,,-325.0,260.0,,,,0.9,0.99,0.76,0.63,,,False,,,vsin_dk,free
2026_CFB_W03_UAB_UL_draftkings_20260912T214601Z,2026_CFB_W03_UAB_UL,2026-09-12T21:46:01.423619+00:00,,draftkings,9.5,,,285.0,-360.0,53.5,,,0.15,0.33,0.03,0.29,0.46,0.78,False,,,vsin_dk,free
2026_CFB_W03_MIA_WAKE_draftkings_20260912T214601Z,2026_CFB_W03_MIA_WAKE,2026-09-12T21:46:01.423619+00:00,,draftkings,22.5,,,1000.0,-1800.0,54.5,,,0.23,0.3,0.0,0.0,1.0,1.0,False,,,vsin_dk,free
2026_CFB_W03_FSU_ALA_draftkings_20260912T214601Z,2026_CFB_W03_FSU_ALA,2026-09-12T21:46:01.423619+00:00,,draftkings,-17.5,,,-950.0,625.0,50.5,,,0.78,0.32,1.0,1.0,1.0,1.0,False,,,vsin_dk,free
2026_CFB_W03_SMU_LOU_draftkings_20260912T214601Z,2026_CFB_W03_SMU_LOU,2026-09-12T21:46:01.423619+00:00,,draftkings,-1.5,,,-115.0,-105.0,58.5,,,0.8,0.98,0.88,1.0,0.57,0.12,False,,,vsin_dk,free
2026_CFB_W03_WKU_IU_draftkings_20260912T214601Z,2026_CFB_W03_WKU_IU,2026-09-12T21:46:01.423619+00:00,,draftkings,-44.5,,,,,59.5,,,0.5,0.8,,,0.0,0.0,False,,,vsin_dk,free
2026_CFB_W03_FLA_AUB_draftkings_20260912T214601Z,2026_CFB_W03_FLA_AUB,2026-09-12T21:46:01.423619+00:00,,draftkings,2.5,,,114.0,-135.0,51.5,,,0.56,0.16,0.12,0.01,0.5,1.0,False,,,vsin_dk,free
2026_CFB_W03_LSU_MISS_draftkings_20260912T214601Z,2026_CFB_W03_LSU_MISS,2026-09-12T21:46:01.423619+00:00,,draftkings,2.5,,,114.0,-135.0,58.5,,,0.29,0.47,0.33,0.44,1.0,1.0,False,,,vsin_dk,free
2026_CFB_W03_WVU_UVA_draftkings_20260912T214601Z,2026_CFB_W03_WVU_UVA,2026-09-12T21:46:01.423619+00:00,,draftkings,-8.5,,,-325.0,260.0,,,,0.9,0.99,0.76,0.63,,,False,,,vsin_dk,free
2026_CFB_W03_UAB_UL_draftkings_20260912T214731Z,2026_CFB_W03_UAB_UL,2026-09-12T21:47:31.498713+00:00,,draftkings,9.5,,,285.0,-360.0,53.5,,,0.15,0.33,0.03,0.29,0.46,0.78,False,,,vsin_dk,free
2026_CFB_W03_MIA_WAKE_draftkings_20260912T214731Z,2026_CFB_W03_MIA_WAKE,2026-09-12T21:47:31.498713+00:00,,draftkings,22.5,,,1000.0,-1800.0,54.5,,,0.23,0.3,0.0,0.0,1.0,1.0,False,,,vsin_dk,free
2026_CFB_W03_FSU_ALA_draftkings_20260912T214731Z,2026_CFB_W03_FSU_ALA,2026-09-12T21:47:31.498713+00:00,,draftkings,-17.5,,,-950.0,625.0,50.5,,,0.78,0.32,1.0,1.0,1.0,1.0,False,,,vsin_dk,free
2026_CFB_W03_SMU_LOU_draftkings_20260912T214731Z,2026_CFB_W03_SMU_LOU,2026-09-12T21:47:31.498713+00:00,,draftkings,-1.5,,,-115.0,-105.0,58.5,,,0.8,0.98,0.88,1.0,0.57,0.12,False,,,vsin_dk,free
2026_CFB_W03_WKU_IU_draftkings_20260912T214731Z,2026_CFB_W03_WKU_IU,2026-09-12T21:47:31.498713+00:00,,draftkings,-44.5,,,,,59.5,,,0.5,0.8,,,0.0,0.0,False,,,vsin_dk,free
2026_CFB_W03_FLA_AUB_draftkings_20260912T214731Z,2026_CFB_W03_FLA_AUB,2026-09-12T21:47:31.498713+00:00,,draftkings,2.5,,,114.0,-135.0,51.5,,,0.56,0.16,0.12,0.01,0.5,1.0,False,,,vsin_dk,free
2026_CFB_W03_LSU_MISS_draftkings_20260912T214731Z,2026_CFB_W03_LSU_MISS,2026-09-12T21:47:31.498713+00:00,,draftkings,2.5,,,114.0,-135.0,58.5,,,0.29,0.47,0.33,0.44,1.0,1.0,False,,,vsin_dk,free
2026_CFB_W03_WVU_UVA_draftkings_20260912T214731Z,2026_CFB_W03_WVU_UVA,2026-09-12T21:47:31.498713+00:00,,draftkings,-8.5,,,-325.0,260.0,,,,0.9,0.99,0.76,0.63,,,False,,,vsin_dk,free
2026_CFB_W03_UAB_UL_draftkings_20260912T220100Z,2026_CFB_W03_UAB_UL,2026-09-12T22:01:00.302771+00:00,,draftkings,9.5,,,285.0,-360.0,53.5,,,0.15,0.33,0.03,0.29,0.46,0.78,False,,,vsin_dk,free
2026_CFB_W03_MIA_WAKE_draftkings_20260912T220100Z,2026_CFB_W03_MIA_WAKE,2026-09-12T22:01:00.302771+00:00,,draftkings,22.5,,,1000.0,-1800.0,54.5,,,0.23,0.3,0.0,0.0,1.0,1.0,False,,,vsin_dk,free
2026_CFB_W03_FSU_ALA_draftkings_20260912T220100Z,2026_CFB_W03_FSU_ALA,2026-09-12T22:01:00.302771+00:00,,draftkings,-17.5,,,-950.0,625.0,50.5,,,0.78,0.32,1.0,1.0,1.0,1.0,False,,,vsin_dk,free
2026_CFB_W03_SMU_LOU_draftkings_20260912T220100Z,2026_CFB_W03_SMU_LOU,2026-09-12T22:01:00.302771+00:00,,draftkings,-1.5,,,-115.0,-105.0,58.5,,,0.8,0.98,0.88,1.0,0.57,0.12,False,,,vsin_dk,free
2026_CFB_W03_WKU_IU_draftkings_20260912T220100Z,2026_CFB_W03_WKU_IU,2026-09-12T22:01:00.302771+00:00,,draftkings,-44.5,,,,,59.5,,,0.5,0.8,,,0.0,0.0,False,,,vsin_dk,free
2026_CFB_W03_FLA_AUB_draftkings_20260912T220100Z,2026_CFB_W03_FLA_AUB,2026-09-12T22:01:00.302771+00:00,,draftkings,2.5,,,114.0,-135.0,51.5,,,0.56,0.16,0.12,0.01,0.5,1.0,False,,,vsin_dk,free
2026_CFB_W03_LSU_MISS_draftkings_20260912T220100Z,2026_CFB_W03_LSU_MISS,2026-09-12T22:01:00.302771+00:00,,draftkings,2.5,,,114.0,-135.0,58.5,,,0.29,0.47,,0.44,1.0,1.0,False,,,vsin_dk,free
2026_CFB_W03_UAB_UL_draftkings_20260912T220348Z,2026_CFB_W03_UAB_UL,2026-09-12T22:03:48.472920+00:00,,draftkings,9.5,,,285.0,-360.0,53.5,,,0.15,0.33,0.03,0.29,0.46,0.78,False,,,vsin_dk,free
2026_CFB_W03_MIA_WAKE_draftkings_20260912T220348Z,2026_CFB_W03_MIA_WAKE,2026-09-12T22:03:48.472920+00:00,,draftkings,22.5,,,1000.0,-1800.0,54.5,,,0.23,0.3,0.0,0.0,1.0,1.0,False,,,vsin_dk,free
2026_CFB_W03_FSU_ALA_draftkings_20260912T220348Z,2026_CFB_W03_FSU_ALA,2026-09-12T22:03:48.472920+00:00,,draftkings,-17.5,,,-950.0,625.0,50.5,,,0.78,0.32,1.0,1.0,1.0,1.0,False,,,vsin_dk,free
2026_CFB_W03_SMU_LOU_draftkings_20260912T220348Z,2026_CFB_W03_SMU_LOU,2026-09-12T22:03:48.472920+00:00,,draftkings,-1.5,,,-115.0,-105.0,58.5,,,0.8,0.98,0.88,1.0,0.57,0.12,False,,,vsin_dk,free
2026_CFB_W03_WKU_IU_draftkings_20260912T220348Z,2026_CFB_W03_WKU_IU,2026-09-12T22:03:48.472920+00:00,,draftkings,-44.5,,,,,59.5,,,0.5,0.8,,,0.0,0.0,False,,,vsin_dk,free
2026_CFB_W03_FLA_AUB_draftkings_20260912T220348Z,2026_CFB_W03_FLA_AUB,2026-09-12T22:03:48.472920+00:00,,draftkings,2.5,,,114.0,-135.0,51.5,,,0.56,0.16,0.12,0.01,0.5,1.0,False,,,vsin_dk,free
2026_CFB_W03_LSU_MISS_draftkings_20260912T220348Z,2026_CFB_W03_LSU_MISS,2026-09-12T22:03:48.472920+00:00,,draftkings,2.5,,,114.0,-135.0,58.5,,,0.29,0.47,,0.44,1.0,1.0,False,,,vsin_dk,free
2026_CFB_W03_UAB_UL_draftkings_20260912T221840Z,2026_CFB_W03_UAB_UL,2026-09-12T22:18:40.875599+00:00,,draftkings,9.5,,,285.0,-360.0,53.5,,,0.15,0.33,0.03,0.29,0.46,0.78,False,,,vsin_dk,free
2026_CFB_W03_MIA_WAKE_draftkings_20260912T221840Z,2026_CFB_W03_MIA_WAKE,2026-09-12T22:18:40.875599+00:00,,draftkings,22.5,,,1000.0,-1800.0,54.5,,,0.23,0.3,0.0,0.0,1.0,1.0,False,,,vsin_dk,free
2026_CFB_W03_FSU_ALA_draftkings_20260912T221840Z,2026_CFB_W03_FSU_ALA,2026-09-12T22:18:40.875599+00:00,,draftkings,-17.5,,,-950.0,625.0,50.5,,,0.78,0.32,1.0,1.0,1.0,1.0,False,,,vsin_dk,free
2026_CFB_W03_SMU_LOU_draftkings_20260912T221840Z,2026_CFB_W03_SMU_LOU,2026-09-12T22:18:40.875599+00:00,,draftkings,-1.5,,,-115.0,-105.0,58.5,,,0.8,0.98,0.88,1.0,0.57,0.12,False,,,vsin_dk,free
2026_CFB_W03_WKU_IU_draftkings_20260912T221840Z,2026_CFB_W03_WKU_IU,2026-09-12T22:18:40.875599+00:00,,draftkings,-44.5,,,,,59.5,,,0.5,0.8,,,0.0,0.0,False,,,vsin_dk,free
2026_CFB_W03_FLA_AUB_draftkings_20260912T221840Z,2026_CFB_W03_FLA_AUB,2026-09-12T22:18:40.875599+00:00,,draftkings,2.5,,,114.0,-135.0,51.5,,,0.56,0.16,0.12,0.01,0.5,1.0,False,,,vsin_dk,free
2026_CFB_W03_LSU_MISS_draftkings_20260912T221840Z,2026_CFB_W03_LSU_MISS,2026-09-12T22:18:40.875599+00:00,,draftkings,2.5,,,114.0,-135.0,58.5,,,0.29,0.47,0.32,0.45,1.0,1.0,False,,,vsin_dk,free
2026_CFB_W03_WVU_UVA_draftkings_20260912T221840Z,2026_CFB_W03_WVU_UVA,2026-09-12T22:18:40.875599+00:00,,draftkings,-8.5,,,-325.0,260.0,,,,0.91,0.99,0.78,0.63,,,False,,,vsin_dk,free
2026_CFB_W03_UAB_UL_draftkings_20260912T222231Z,2026_CFB_W03_UAB_UL,2026-09-12T22:22:31.421376+00:00,,draftkings,9.5,,,285.0,-360.0,53.5,,,0.15,0.33,0.03,0.29,0.46,0.78,False,,,vsin_dk,free
2026_CFB_W03_MIA_WAKE_draftkings_20260912T222231Z,2026_CFB_W03_MIA_WAKE,2026-09-12T22:22:31.421376+00:00,,draftkings,22.5,,,1000.0,-1800.0,54.5,,,,0.3,0.0,0.0,1.0,1.0,False,,,vsin_dk,free
2026_CFB_W03_FSU_ALA_draftkings_20260912T222231Z,2026_CFB_W03_FSU_ALA,2026-09-12T22:22:31.421376+00:00,,draftkings,-17.5,,,-950.0,625.0,50.5,,,0.78,0.32,1.0,1.0,1.0,1.0,False,,,vsin_dk,free
2026_CFB_W03_SMU_LOU_draftkings_20260912T222231Z,2026_CFB_W03_SMU_LOU,2026-09-12T22:22:31.421376+00:00,,draftkings,-1.5,,,-115.0,-105.0,58.5,,,0.8,0.98,0.88,1.0,0.57,0.12,False,,,vsin_dk,free
2026_CFB_W03_WKU_IU_draftkings_20260912T222231Z,2026_CFB_W03_WKU_IU,2026-09-12T22:22:31.421376+00:00,,draftkings,-44.5,,,,,59.5,,,0.5,0.8,,,0.0,0.0,False,,,vsin_dk,free
2026_CFB_W03_FLA_AUB_draftkings_20260912T222231Z,2026_CFB_W03_FLA_AUB,2026-09-12T22:22:31.421376+00:00,,draftkings,2.5,,,114.0,-135.0,51.5,,,0.56,0.16,0.12,0.01,0.5,1.0,False,,,vsin_dk,free
2026_CFB_W03_LSU_MISS_draftkings_20260912T222231Z,2026_CFB_W03_LSU_MISS,2026-09-12T22:22:31.421376+00:00,,draftkings,2.5,,,114.0,-135.0,58.5,,,0.29,0.47,0.32,0.45,1.0,1.0,False,,,vsin_dk,free
2026_CFB_W03_WVU_UVA_draftkings_20260912T222231Z,2026_CFB_W03_WVU_UVA,2026-09-12T22:22:31.421376+00:00,,draftkings,-8.5,,,-325.0,260.0,,,,0.91,0.99,0.78,0.63,,,False,,,vsin_dk,free
2026_CFB_W03_UAB_UL_draftkings_20260912T223433Z,2026_CFB_W03_UAB_UL,2026-09-12T22:34:33.616421+00:00,,draftkings,9.5,,,285.0,-360.0,53.5,,,0.15,0.33,0.03,0.29,0.46,0.78,False,,,vsin_dk,free
2026_CFB_W03_MIA_WAKE_draftkings_20260912T223433Z,2026_CFB_W03_MIA_WAKE,2026-09-12T22:34:33.616421+00:00,,draftkings,22.5,,,1000.0,-1800.0,54.5,,,0.21,0.3,0.0,0.0,1.0,1.0,False,,,vsin_dk,free
2026_CFB_W03_FSU_ALA_draftkings_20260912T223433Z,2026_CFB_W03_FSU_ALA,2026-09-12T22:34:33.616421+00:00,,draftkings,-17.5,,,-950.0,625.0,50.5,,,0.78,0.32,1.0,1.0,1.0,1.0,False,,,vsin_dk,free
2026_CFB_W03_SMU_LOU_draftkings_20260912T223433Z,2026_CFB_W03_SMU_LOU,2026-09-12T22:34:33.616421+00:00,,draftkings,-1.5,,,-115.0,-105.0,58.5,,,0.8,0.98,0.88,1.0,0.57,0.12,False,,,vsin_dk,free
2026_CFB_W03_WKU_IU_draftkings_20260912T223433Z,2026_CFB_W03_WKU_IU,2026-09-12T22:34:33.616421+00:00,,draftkings,-44.5,,,,,59.5,,,0.5,0.8,,,0.0,0.0,False,,,vsin_dk,free
2026_CFB_W03_FLA_AUB_draftkings_20260912T223433Z,2026_CFB_W03_FLA_AUB,2026-09-12T22:34:33.616421+00:00,,draftkings,2.5,,,114.0,-135.0,51.5,,,0.56,0.16,0.12,0.01,0.5,1.0,False,,,vsin_dk,free
2026_CFB_W03_LSU_MISS_draftkings_20260912T223433Z,2026_CFB_W03_LSU_MISS,2026-09-12T22:34:33.616421+00:00,,draftkings,2.5,,,114.0,-135.0,58.5,,,0.29,0.47,0.32,0.45,1.0,1.0,False,,,vsin_dk,free
2026_CFB_W03_WVU_UVA_draftkings_20260912T223433Z,2026_CFB_W03_WVU_UVA,2026-09-12T22:34:33.616421+00:00,,draftkings,-8.5,,,-325.0,260.0,,,,0.91,0.99,0.78,0.63,,,False,,,vsin_dk,free
2026_CFB_W03_UAB_UL_draftkings_20260912T223536Z,2026_CFB_W03_UAB_UL,2026-09-12T22:35:36.635373+00:00,,draftkings,9.5,,,285.0,-360.0,53.5,,,0.15,0.33,0.03,0.29,0.46,0.78,False,,,vsin_dk,free
2026_CFB_W03_MIA_WAKE_draftkings_20260912T223536Z,2026_CFB_W03_MIA_WAKE,2026-09-12T22:35:36.635373+00:00,,draftkings,22.5,,,1000.0,-1800.0,54.5,,,0.21,0.3,0.0,0.0,1.0,1.0,False,,,vsin_dk,free
2026_CFB_W03_FSU_ALA_draftkings_20260912T223536Z,2026_CFB_W03_FSU_ALA,2026-09-12T22:35:36.635373+00:00,,draftkings,-17.5,,,-950.0,625.0,50.5,,,0.78,0.32,1.0,1.0,1.0,1.0,False,,,vsin_dk,free
2026_CFB_W03_SMU_LOU_draftkings_20260912T223536Z,2026_CFB_W03_SMU_LOU,2026-09-12T22:35:36.635373+00:00,,draftkings,-1.5,,,-115.0,-105.0,58.5,,,0.8,0.98,0.88,1.0,0.57,0.12,False,,,vsin_dk,free
2026_CFB_W03_WKU_IU_draftkings_20260912T223536Z,2026_CFB_W03_WKU_IU,2026-09-12T22:35:36.635373+00:00,,draftkings,-44.5,,,,,59.5,,,0.5,0.8,,,0.0,0.0,False,,,vsin_dk,free
2026_CFB_W03_FLA_AUB_draftkings_20260912T223536Z,2026_CFB_W03_FLA_AUB,2026-09-12T22:35:36.635373+00:00,,draftkings,2.5,,,114.0,-135.0,51.5,,,0.56,0.16,0.12,0.01,0.5,1.0,False,,,vsin_dk,free
2026_CFB_W03_LSU_MISS_draftkings_20260912T223536Z,2026_CFB_W03_LSU_MISS,2026-09-12T22:35:36.635373+00:00,,draftkings,2.5,,,114.0,-135.0,58.5,,,0.29,0.47,0.32,0.45,1.0,1.0,False,,,vsin_dk,free
2026_CFB_W03_WVU_UVA_draftkings_20260912T223536Z,2026_CFB_W03_WVU_UVA,2026-09-12T22:35:36.635373+00:00,,draftkings,-8.5,,,-325.0,260.0,,,,0.91,0.99,0.78,0.63,,,False,,,vsin_dk,free
2026_CFB_W03_UAB_UL_draftkings_20260912T224406Z,2026_CFB_W03_UAB_UL,2026-09-12T22:44:06.726563+00:00,,draftkings,9.5,,,285.0,-360.0,53.5,,,0.15,0.33,0.03,0.29,0.46,0.78,False,,,vsin_dk,free
2026_CFB_W03_MIA_WAKE_draftkings_20260912T224406Z,2026_CFB_W03_MIA_WAKE,2026-09-12T22:44:06.726563+00:00,,draftkings,22.5,,,1000.0,-1800.0,54.5,,,0.21,0.3,0.0,0.0,1.0,1.0,False,,,vsin_dk,free
2026_CFB_W03_FSU_ALA_draftkings_20260912T224406Z,2026_CFB_W03_FSU_ALA,2026-09-12T22:44:06.726563+00:00,,draftkings,-17.5,,,-950.0,625.0,50.5,,,0.78,0.32,1.0,1.0,1.0,1.0,False,,,vsin_dk,free
2026_CFB_W03_SMU_LOU_draftkings_20260912T224406Z,2026_CFB_W03_SMU_LOU,2026-09-12T22:44:06.726563+00:00,,draftkings,-1.5,,,-115.0,-105.0,58.5,,,0.8,0.98,0.88,1.0,0.57,0.12,False,,,vsin_dk,free
2026_CFB_W03_WKU_IU_draftkings_20260912T224406Z,2026_CFB_W03_WKU_IU,2026-09-12T22:44:06.726563+00:00,,draftkings,-44.5,,,,,59.5,,,0.5,0.8,,,0.0,0.0,False,,,vsin_dk,free
2026_CFB_W03_FLA_AUB_draftkings_20260912T224406Z,2026_CFB_W03_FLA_AUB,2026-09-12T22:44:06.726563+00:00,,draftkings,2.5,,,114.0,-135.0,51.5,,,0.56,0.16,0.12,0.01,0.5,1.0,False,,,vsin_dk,free
2026_CFB_W03_LSU_MISS_draftkings_20260912T224406Z,2026_CFB_W03_LSU_MISS,2026-09-12T22:44:06.726563+00:00,,draftkings,2.5,,,114.0,-135.0,58.5,,,0.29,0.47,0.32,0.45,1.0,1.0,False,,,vsin_dk,free
2026_CFB_W03_WVU_UVA_draftkings_20260912T224406Z,2026_CFB_W03_WVU_UVA,2026-09-12T22:44:06.726563+00:00,,draftkings,-8.5,,,-325.0,260.0,,,,0.91,0.99,0.78,0.63,,,False,,,vsin_dk,free
2026_CFB_W03_UAB_UL_draftkings_20260912T224601Z,2026_CFB_W03_UAB_UL,2026-09-12T22:46:01.231272+00:00,,draftkings,9.5,,,285.0,-360.0,53.5,,,0.15,0.33,0.03,0.29,0.46,0.78,False,,,vsin_dk,free
2026_CFB_W03_MIA_WAKE_draftkings_20260912T224601Z,2026_CFB_W03_MIA_WAKE,2026-09-12T22:46:01.231272+00:00,,draftkings,22.5,,,1000.0,-1800.0,54.5,,,0.21,0.3,0.0,0.0,1.0,1.0,False,,,vsin_dk,free
2026_CFB_W03_FSU_ALA_draftkings_20260912T224601Z,2026_CFB_W03_FSU_ALA,2026-09-12T22:46:01.231272+00:00,,draftkings,-17.5,,,-950.0,625.0,50.5,,,0.78,0.32,1.0,1.0,1.0,1.0,False,,,vsin_dk,free
2026_CFB_W03_SMU_LOU_draftkings_20260912T224601Z,2026_CFB_W03_SMU_LOU,2026-09-12T22:46:01.231272+00:00,,draftkings,-1.5,,,-115.0,-105.0,58.5,,,0.8,0.98,0.88,1.0,0.57,0.12,False,,,vsin_dk,free
2026_CFB_W03_WKU_IU_draftkings_20260912T224601Z,2026_CFB_W03_WKU_IU,2026-09-12T22:46:01.231272+00:00,,draftkings,-44.5,,,,,59.5,,,0.5,0.8,,,0.0,0.0,False,,,vsin_dk,free
2026_CFB_W03_FLA_AUB_draftkings_20260912T224601Z,2026_CFB_W03_FLA_AUB,2026-09-12T22:46:01.231272+00:00,,draftkings,2.5,,,114.0,-135.0,51.5,,,0.56,0.16,0.12,0.01,0.5,1.0,False,,,vsin_dk,free
2026_CFB_W03_LSU_MISS_draftkings_20260912T224601Z,2026_CFB_W03_LSU_MISS,2026-09-12T22:46:01.231272+00:00,,draftkings,2.5,,,114.0,-135.0,58.5,,,0.29,0.47,0.32,0.45,1.0,1.0,False,,,vsin_dk,free
2026_CFB_W03_WVU_UVA_draftkings_20260912T224601Z,2026_CFB_W03_WVU_UVA,2026-09-12T22:46:01.231272+00:00,,draftkings,-8.5,,,-325.0,260.0,,,,0.91,0.99,0.78,0.63,,,False,,,vsin_dk,free
2026_CFB_W03_UAB_UL_draftkings_20260912T224923Z,2026_CFB_W03_UAB_UL,2026-09-12T22:49:23.210274+00:00,,draftkings,9.5,,,285.0,-360.0,53.5,,,0.15,0.33,0.03,0.29,0.46,0.78,False,,,vsin_dk,free
2026_CFB_W03_MIA_WAKE_draftkings_20260912T224923Z,2026_CFB_W03_MIA_WAKE,2026-09-12T22:49:23.210274+00:00,,draftkings,22.5,,,1000.0,-1800.0,54.5,,,0.21,0.3,0.0,0.0,1.0,1.0,False,,,vsin_dk,free
2026_CFB_W03_FSU_ALA_draftkings_20260912T224923Z,2026_CFB_W03_FSU_ALA,2026-09-12T22:49:23.210274+00:00,,draftkings,-17.5,,,-950.0,625.0,50.5,,,0.78,0.32,1.0,1.0,1.0,1.0,False,,,vsin_dk,free
2026_CFB_W03_SMU_LOU_draftkings_20260912T224923Z,2026_CFB_W03_SMU_LOU,2026-09-12T22:49:23.210274+00:00,,draftkings,-1.5,,,-115.0,-105.0,58.5,,,0.8,0.98,0.88,1.0,0.57,0.12,False,,,vsin_dk,free
2026_CFB_W03_WKU_IU_draftkings_20260912T224923Z,2026_CFB_W03_WKU_IU,2026-09-12T22:49:23.210274+00:00,,draftkings,-44.5,,,,,59.5,,,0.5,0.8,,,0.0,0.0,False,,,vsin_dk,free
2026_CFB_W03_FLA_AUB_draftkings_20260912T224923Z,2026_CFB_W03_FLA_AUB,2026-09-12T22:49:23.210274+00:00,,draftkings,2.5,,,114.0,-135.0,51.5,,,0.56,0.16,0.12,0.01,0.5,1.0,False,,,vsin_dk,free
2026_CFB_W03_LSU_MISS_draftkings_20260912T224923Z,2026_CFB_W03_LSU_MISS,2026-09-12T22:49:23.210274+00:00,,draftkings,2.5,,,114.0,-135.0,58.5,,,0.29,0.47,0.32,0.45,1.0,1.0,False,,,vsin_dk,free
2026_CFB_W03_WVU_UVA_draftkings_20260912T224923Z,2026_CFB_W03_WVU_UVA,2026-09-12T22:49:23.210274+00:00,,draftkings,-8.5,,,-325.0,260.0,,,,0.91,0.99,0.78,0.63,,,False,,,vsin_dk,free
2026_CFB_W03_UAB_UL_draftkings_20260912T230058Z,2026_CFB_W03_UAB_UL,2026-09-12T23:00:58.755592+00:00,,draftkings,9.5,,,285.0,-360.0,53.5,,,0.15,0.33,0.03,0.29,0.46,0.78,False,,,vsin_dk,free
2026_CFB_W03_MIA_WAKE_draftkings_20260912T230058Z,2026_CFB_W03_MIA_WAKE,2026-09-12T23:00:58.755592+00:00,,draftkings,22.5,,,1000.0,-1800.0,54.5,,,0.21,0.3,0.0,0.0,1.0,1.0,False,,,vsin_dk,free
2026_CFB_W03_FSU_ALA_draftkings_20260912T230058Z,2026_CFB_W03_FSU_ALA,2026-09-12T23:00:58.755592+00:00,,draftkings,-17.5,,,-950.0,625.0,50.5,,,0.78,0.32,1.0,1.0,1.0,1.0,False,,,vsin_dk,free
2026_CFB_W03_SMU_LOU_draftkings_20260912T230058Z,2026_CFB_W03_SMU_LOU,2026-09-12T23:00:58.755592+00:00,,draftkings,-1.5,,,-115.0,-105.0,58.5,,,0.8,0.98,0.88,1.0,0.57,0.12,False,,,vsin_dk,free
2026_CFB_W03_WKU_IU_draftkings_20260912T230058Z,2026_CFB_W03_WKU_IU,2026-09-12T23:00:58.755592+00:00,,draftkings,-44.5,,,,,59.5,,,0.5,0.8,,,0.0,0.0,False,,,vsin_dk,free
2026_CFB_W03_FLA_AUB_draftkings_20260912T230058Z,2026_CFB_W03_FLA_AUB,2026-09-12T23:00:58.755592+00:00,,draftkings,2.5,,,114.0,-135.0,51.5,,,0.56,0.16,0.12,0.01,0.5,1.0,False,,,vsin_dk,free
2026_CFB_W03_LSU_MISS_draftkings_20260912T230058Z,2026_CFB_W03_LSU_MISS,2026-09-12T23:00:58.755592+00:00,,draftkings,2.5,,,114.0,-135.0,58.5,,,0.29,0.47,0.32,0.45,1.0,1.0,False,,,vsin_dk,free
2026_CFB_W03_WVU_UVA_draftkings_20260912T230058Z,2026_CFB_W03_WVU_UVA,2026-09-12T23:00:58.755592+00:00,,draftkings,-8.5,,,-325.0,260.0,,,,0.91,0.99,0.78,0.63,,,False,,,vsin_dk,free
2026_CFB_W03_UAB_UL_draftkings_20260912T230344Z,2026_CFB_W03_UAB_UL,2026-09-12T23:03:44.943293+00:00,,draftkings,9.5,,,285.0,-360.0,53.5,,,0.15,0.33,0.03,0.29,0.46,0.78,False,,,vsin_dk,free
2026_CFB_W03_MIA_WAKE_draftkings_20260912T230344Z,2026_CFB_W03_MIA_WAKE,2026-09-12T23:03:44.943293+00:00,,draftkings,22.5,,,1000.0,-1800.0,54.5,,,0.21,0.3,0.0,0.0,1.0,1.0,False,,,vsin_dk,free
2026_CFB_W03_FSU_ALA_draftkings_20260912T230344Z,2026_CFB_W03_FSU_ALA,2026-09-12T23:03:44.943293+00:00,,draftkings,-17.5,,,-950.0,625.0,50.5,,,0.78,0.32,1.0,1.0,1.0,1.0,False,,,vsin_dk,free
2026_CFB_W03_SMU_LOU_draftkings_20260912T230344Z,2026_CFB_W03_SMU_LOU,2026-09-12T23:03:44.943293+00:00,,draftkings,-1.5,,,-115.0,-105.0,58.5,,,0.8,0.98,0.88,1.0,0.57,0.12,False,,,vsin_dk,free
2026_CFB_W03_WKU_IU_draftkings_20260912T230344Z,2026_CFB_W03_WKU_IU,2026-09-12T23:03:44.943293+00:00,,draftkings,-44.5,,,,,59.5,,,0.5,0.8,,,0.0,0.0,False,,,vsin_dk,free
2026_CFB_W03_FLA_AUB_draftkings_20260912T230344Z,2026_CFB_W03_FLA_AUB,2026-09-12T23:03:44.943293+00:00,,draftkings,2.5,,,114.0,-135.0,51.5,,,0.56,0.16,0.12,0.01,0.5,1.0,False,,,vsin_dk,free
2026_CFB_W03_LSU_MISS_draftkings_20260912T230344Z,2026_CFB_W03_LSU_MISS,2026-09-12T23:03:44.943293+00:00,,draftkings,2.5,,,114.0,-135.0,58.5,,,0.29,0.47,0.32,0.45,1.0,1.0,False,,,vsin_dk,free
2026_CFB_W03_WVU_UVA_draftkings_20260912T230344Z,2026_CFB_W03_WVU_UVA,2026-09-12T23:03:44.943293+00:00,,draftkings,-8.5,,,-325.0,260.0,,,,0.91,0.99,0.78,0.63,,,False,,,vsin_dk,free
2026_CFB_W03_UAB_UL_draftkings_20260912T231557Z,2026_CFB_W03_UAB_UL,2026-09-12T23:15:57.554498+00:00,,draftkings,9.5,,,285.0,-360.0,53.5,,,0.15,0.33,0.03,0.29,0.46,0.78,False,,,vsin_dk,free
2026_CFB_W03_MIA_WAKE_draftkings_20260912T231557Z,2026_CFB_W03_MIA_WAKE,2026-09-12T23:15:57.554498+00:00,,draftkings,22.5,,,1000.0,-1800.0,54.5,,,0.21,0.3,0.0,0.0,1.0,1.0,False,,,vsin_dk,free
2026_CFB_W03_FSU_ALA_draftkings_20260912T231557Z,2026_CFB_W03_FSU_ALA,2026-09-12T23:15:57.554498+00:00,,draftkings,-17.5,,,-950.0,625.0,50.5,,,0.78,0.32,1.0,1.0,1.0,1.0,False,,,vsin_dk,free
2026_CFB_W03_SMU_LOU_draftkings_20260912T231557Z,2026_CFB_W03_SMU_LOU,2026-09-12T23:15:57.554498+00:00,,draftkings,-1.5,,,-115.0,-105.0,58.5,,,0.8,0.98,0.88,1.0,0.57,0.12,False,,,vsin_dk,free
2026_CFB_W03_WKU_IU_draftkings_20260912T231557Z,2026_CFB_W03_WKU_IU,2026-09-12T23:15:57.554498+00:00,,draftkings,-44.5,,,,,59.5,,,0.5,0.8,,,0.0,0.0,False,,,vsin_dk,free
2026_CFB_W03_FLA_AUB_draftkings_20260912T231557Z,2026_CFB_W03_FLA_AUB,2026-09-12T23:15:57.554498+00:00,,draftkings,2.5,,,114.0,-135.0,51.5,,,0.56,0.16,0.12,0.01,0.5,1.0,False,,,vsin_dk,free
2026_CFB_W03_LSU_MISS_draftkings_20260912T231557Z,2026_CFB_W03_LSU_MISS,2026-09-12T23:15:57.554498+00:00,,draftkings,2.5,,,114.0,-135.0,58.5,,,,,0.32,0.45,1.0,1.0,False,,,vsin_dk,free
2026_CFB_W03_WVU_UVA_draftkings_20260912T231557Z,2026_CFB_W03_WVU_UVA,2026-09-12T23:15:57.554498+00:00,,draftkings,-8.5,,,-325.0,260.0,,,,0.91,0.99,0.74,0.43,,,False,,,vsin_dk,free
2026_CFB_W03_UAB_UL_draftkings_20260912T231851Z,2026_CFB_W03_UAB_UL,2026-09-12T23:18:51.533585+00:00,,draftkings,9.5,,,285.0,-360.0,53.5,,,0.15,0.33,0.03,0.29,0.46,0.78,False,,,vsin_dk,free
2026_CFB_W03_MIA_WAKE_draftkings_20260912T231851Z,2026_CFB_W03_MIA_WAKE,2026-09-12T23:18:51.533585+00:00,,draftkings,22.5,,,1000.0,-1800.0,54.5,,,0.21,0.3,0.0,0.0,1.0,1.0,False,,,vsin_dk,free
2026_CFB_W03_FSU_ALA_draftkings_20260912T231851Z,2026_CFB_W03_FSU_ALA,2026-09-12T23:18:51.533585+00:00,,draftkings,-17.5,,,-950.0,625.0,50.5,,,0.78,0.32,1.0,1.0,1.0,1.0,False,,,vsin_dk,free
2026_CFB_W03_SMU_LOU_draftkings_20260912T231851Z,2026_CFB_W03_SMU_LOU,2026-09-12T23:18:51.533585+00:00,,draftkings,-1.5,,,-115.0,-105.0,58.5,,,0.8,0.98,0.88,1.0,0.57,0.12,False,,,vsin_dk,free
2026_CFB_W03_WKU_IU_draftkings_20260912T231851Z,2026_CFB_W03_WKU_IU,2026-09-12T23:18:51.533585+00:00,,draftkings,-44.5,,,,,59.5,,,0.5,0.8,,,0.0,0.0,False,,,vsin_dk,free
2026_CFB_W03_FLA_AUB_draftkings_20260912T231851Z,2026_CFB_W03_FLA_AUB,2026-09-12T23:18:51.533585+00:00,,draftkings,2.5,,,114.0,-135.0,51.5,,,0.56,0.16,0.12,0.01,0.5,1.0,False,,,vsin_dk,free
2026_CFB_W03_LSU_MISS_draftkings_20260912T231851Z,2026_CFB_W03_LSU_MISS,2026-09-12T23:18:51.533585+00:00,,draftkings,2.5,,,114.0,-135.0,58.5,,,,,0.32,0.45,1.0,1.0,False,,,vsin_dk,free
2026_CFB_W03_WVU_UVA_draftkings_20260912T231851Z,2026_CFB_W03_WVU_UVA,2026-09-12T23:18:51.533585+00:00,,draftkings,-8.5,,,-325.0,260.0,,,,0.91,0.99,0.74,0.43,,,False,,,vsin_dk,free
2026_CFB_W03_UAB_UL_draftkings_20260912T232132Z,2026_CFB_W03_UAB_UL,2026-09-12T23:21:32.885118+00:00,,draftkings,9.5,,,285.0,-360.0,53.5,,,0.15,0.33,0.03,0.29,0.46,0.78,False,,,vsin_dk,free
2026_CFB_W03_MIA_WAKE_draftkings_20260912T232132Z,2026_CFB_W03_MIA_WAKE,2026-09-12T23:21:32.885118+00:00,,draftkings,22.5,,,1000.0,-1800.0,54.5,,,0.21,,0.0,0.0,1.0,1.0,False,,,vsin_dk,free
2026_CFB_W03_FSU_ALA_draftkings_20260912T232132Z,2026_CFB_W03_FSU_ALA,2026-09-12T23:21:32.885118+00:00,,draftkings,-17.5,,,-950.0,625.0,50.5,,,0.78,0.32,1.0,1.0,1.0,1.0,False,,,vsin_dk,free
2026_CFB_W03_SMU_LOU_draftkings_20260912T232132Z,2026_CFB_W03_SMU_LOU,2026-09-12T23:21:32.885118+00:00,,draftkings,-1.5,,,-115.0,-105.0,58.5,,,0.8,0.98,0.88,1.0,0.57,0.12,False,,,vsin_dk,free
2026_CFB_W03_WKU_IU_draftkings_20260912T232132Z,2026_CFB_W03_WKU_IU,2026-09-12T23:21:32.885118+00:00,,draftkings,-44.5,,,,,59.5,,,0.5,0.8,,,0.0,0.0,False,,,vsin_dk,free
2026_CFB_W03_FLA_AUB_draftkings_20260912T232132Z,2026_CFB_W03_FLA_AUB,2026-09-12T23:21:32.885118+00:00,,draftkings,2.5,,,114.0,-135.0,51.5,,,0.56,0.16,0.12,0.01,0.5,1.0,False,,,vsin_dk,free
2026_CFB_W03_LSU_MISS_draftkings_20260912T232132Z,2026_CFB_W03_LSU_MISS,2026-09-12T23:21:32.885118+00:00,,draftkings,2.5,,,114.0,-135.0,58.5,,,0.27,0.36,0.32,0.45,1.0,1.0,False,,,vsin_dk,free
2026_CFB_W03_WVU_UVA_draftkings_20260912T232132Z,2026_CFB_W03_WVU_UVA,2026-09-12T23:21:32.885118+00:00,,draftkings,-8.5,,,-325.0,260.0,,,,0.91,0.99,0.74,0.43,,,False,,,vsin_dk,free
2026_CFB_W03_UAB_UL_draftkings_20260912T233058Z,2026_CFB_W03_UAB_UL,2026-09-12T23:30:58.880743+00:00,,draftkings,9.5,,,285.0,-360.0,53.5,,,0.15,0.33,0.03,0.29,0.46,0.78,False,,,vsin_dk,free
2026_CFB_W03_MIA_WAKE_draftkings_20260912T233058Z,2026_CFB_W03_MIA_WAKE,2026-09-12T23:30:58.880743+00:00,,draftkings,22.5,,,1000.0,-1800.0,54.5,,,,0.29,0.0,0.0,1.0,1.0,False,,,vsin_dk,free
2026_CFB_W03_ASU_KU_draftkings_20260912T233058Z,2026_CFB_W03_ASU_KU,2026-09-12T23:30:58.880743+00:00,,draftkings,5.5,,,170.0,-205.0,,,,0.0,0.0,0.0,0.0,,,False,,,vsin_dk,free
2026_CFB_W03_FSU_ALA_draftkings_20260912T233058Z,2026_CFB_W03_FSU_ALA,2026-09-12T23:30:58.880743+00:00,,draftkings,-17.5,,,-950.0,625.0,50.5,,,0.78,0.32,1.0,1.0,1.0,1.0,False,,,vsin_dk,free
2026_CFB_W03_SMU_LOU_draftkings_20260912T233058Z,2026_CFB_W03_SMU_LOU,2026-09-12T23:30:58.880743+00:00,,draftkings,-1.5,,,-115.0,-105.0,58.5,,,0.8,0.98,0.88,1.0,0.57,0.12,False,,,vsin_dk,free
2026_CFB_W03_WKU_IU_draftkings_20260912T233058Z,2026_CFB_W03_WKU_IU,2026-09-12T23:30:58.880743+00:00,,draftkings,-44.5,,,,,59.5,,,0.5,0.8,,,0.0,0.0,False,,,vsin_dk,free
2026_CFB_W03_FLA_AUB_draftkings_20260912T233058Z,2026_CFB_W03_FLA_AUB,2026-09-12T23:30:58.880743+00:00,,draftkings,2.5,,,114.0,-135.0,51.5,,,0.56,0.16,0.12,0.01,0.5,1.0,False,,,vsin_dk,free
2026_CFB_W03_LSU_MISS_draftkings_20260912T233058Z,2026_CFB_W03_LSU_MISS,2026-09-12T23:30:58.880743+00:00,,draftkings,2.5,,,114.0,-135.0,58.5,,,0.27,0.36,,0.45,1.0,1.0,False,,,vsin_dk,free
2026_CFB_W03_UAB_UL_draftkings_20260912T233311Z,2026_CFB_W03_UAB_UL,2026-09-12T23:33:11.368416+00:00,,draftkings,9.5,,,285.0,-360.0,53.5,,,0.15,0.33,0.03,0.29,0.46,0.78,False,,,vsin_dk,free
2026_CFB_W03_MIA_WAKE_draftkings_20260912T233311Z,2026_CFB_W03_MIA_WAKE,2026-09-12T23:33:11.368416+00:00,,draftkings,22.5,,,1000.0,-1800.0,54.5,,,,0.29,0.0,0.0,1.0,1.0,False,,,vsin_dk,free
2026_CFB_W03_ASU_KU_draftkings_20260912T233311Z,2026_CFB_W03_ASU_KU,2026-09-12T23:33:11.368416+00:00,,draftkings,5.5,,,170.0,-205.0,,,,0.0,0.0,0.0,0.0,,,False,,,vsin_dk,free
2026_CFB_W03_FSU_ALA_draftkings_20260912T233311Z,2026_CFB_W03_FSU_ALA,2026-09-12T23:33:11.368416+00:00,,draftkings,-17.5,,,-950.0,625.0,50.5,,,0.78,0.32,1.0,1.0,1.0,1.0,False,,,vsin_dk,free
2026_CFB_W03_SMU_LOU_draftkings_20260912T233311Z,2026_CFB_W03_SMU_LOU,2026-09-12T23:33:11.368416+00:00,,draftkings,-1.5,,,-115.0,-105.0,58.5,,,0.8,0.98,0.88,1.0,0.57,0.12,False,,,vsin_dk,free
2026_CFB_W03_WKU_IU_draftkings_20260912T233311Z,2026_CFB_W03_WKU_IU,2026-09-12T23:33:11.368416+00:00,,draftkings,-44.5,,,,,59.5,,,0.5,0.8,,,0.0,0.0,False,,,vsin_dk,free
2026_CFB_W03_FLA_AUB_draftkings_20260912T233311Z,2026_CFB_W03_FLA_AUB,2026-09-12T23:33:11.368416+00:00,,draftkings,2.5,,,114.0,-135.0,51.5,,,0.56,0.16,0.12,0.01,0.5,1.0,False,,,vsin_dk,free
2026_CFB_W03_LSU_MISS_draftkings_20260912T233311Z,2026_CFB_W03_LSU_MISS,2026-09-12T23:33:11.368416+00:00,,draftkings,2.5,,,114.0,-135.0,58.5,,,0.27,0.36,,0.45,1.0,1.0,False,,,vsin_dk,free
2026_CFB_W03_UAB_UL_draftkings_20260912T234559Z,2026_CFB_W03_UAB_UL,2026-09-12T23:45:59.569581+00:00,,draftkings,9.5,,,285.0,-360.0,53.5,,,0.15,0.33,0.03,0.29,0.46,0.78,False,,,vsin_dk,free
2026_CFB_W03_MIA_WAKE_draftkings_20260912T234559Z,2026_CFB_W03_MIA_WAKE,2026-09-12T23:45:59.569581+00:00,,draftkings,22.5,,,1000.0,-1800.0,54.5,,,0.2,0.29,0.0,0.0,1.0,1.0,False,,,vsin_dk,free
2026_CFB_W03_ASU_KU_draftkings_20260912T234559Z,2026_CFB_W03_ASU_KU,2026-09-12T23:45:59.569581+00:00,,draftkings,5.5,,,170.0,-205.0,,,,0.0,0.0,0.0,0.0,,,False,,,vsin_dk,free
2026_CFB_W03_FSU_ALA_draftkings_20260912T234559Z,2026_CFB_W03_FSU_ALA,2026-09-12T23:45:59.569581+00:00,,draftkings,-17.5,,,-950.0,625.0,50.5,,,0.78,0.32,1.0,1.0,1.0,1.0,False,,,vsin_dk,free
2026_CFB_W03_SMU_LOU_draftkings_20260912T234559Z,2026_CFB_W03_SMU_LOU,2026-09-12T23:45:59.569581+00:00,,draftkings,-1.5,,,-115.0,-105.0,58.5,,,0.8,0.98,0.88,1.0,0.57,0.12,False,,,vsin_dk,free
2026_CFB_W03_WKU_IU_draftkings_20260912T234559Z,2026_CFB_W03_WKU_IU,2026-09-12T23:45:59.569581+00:00,,draftkings,-44.5,,,,,59.5,,,0.5,0.8,,,0.0,0.0,False,,,vsin_dk,free
2026_CFB_W03_FLA_AUB_draftkings_20260912T234559Z,2026_CFB_W03_FLA_AUB,2026-09-12T23:45:59.569581+00:00,,draftkings,2.5,,,114.0,-135.0,51.5,,,0.56,0.16,0.12,0.01,0.5,1.0,False,,,vsin_dk,free
2026_CFB_W03_LSU_MISS_draftkings_20260912T234559Z,2026_CFB_W03_LSU_MISS,2026-09-12T23:45:59.569581+00:00,,draftkings,2.5,,,114.0,-135.0,58.5,,,0.27,0.36,0.31,0.45,1.0,1.0,False,,,vsin_dk,free
2026_CFB_W03_UAB_UL_draftkings_20260912T234724Z,2026_CFB_W03_UAB_UL,2026-09-12T23:47:24.505837+00:00,,draftkings,9.5,,,285.0,-360.0,53.5,,,0.15,0.33,0.03,0.29,0.46,0.78,False,,,vsin_dk,free
2026_CFB_W03_MIA_WAKE_draftkings_20260912T234724Z,2026_CFB_W03_MIA_WAKE,2026-09-12T23:47:24.505837+00:00,,draftkings,22.5,,,1000.0,-1800.0,54.5,,,0.2,0.29,0.0,0.0,1.0,1.0,False,,,vsin_dk,free
2026_CFB_W03_ASU_KU_draftkings_20260912T234724Z,2026_CFB_W03_ASU_KU,2026-09-12T23:47:24.505837+00:00,,draftkings,5.5,,,170.0,-205.0,,,,0.0,0.0,0.0,0.0,,,False,,,vsin_dk,free
2026_CFB_W03_FSU_ALA_draftkings_20260912T234724Z,2026_CFB_W03_FSU_ALA,2026-09-12T23:47:24.505837+00:00,,draftkings,-17.5,,,-950.0,625.0,50.5,,,0.78,0.32,1.0,1.0,1.0,1.0,False,,,vsin_dk,free
2026_CFB_W03_SMU_LOU_draftkings_20260912T234724Z,2026_CFB_W03_SMU_LOU,2026-09-12T23:47:24.505837+00:00,,draftkings,-1.5,,,-115.0,-105.0,58.5,,,0.8,0.98,0.88,1.0,0.57,0.12,False,,,vsin_dk,free
2026_CFB_W03_WKU_IU_draftkings_20260912T234724Z,2026_CFB_W03_WKU_IU,2026-09-12T23:47:24.505837+00:00,,draftkings,-44.5,,,,,59.5,,,0.5,0.8,,,0.0,0.0,False,,,vsin_dk,free
2026_CFB_W03_FLA_AUB_draftkings_20260912T234724Z,2026_CFB_W03_FLA_AUB,2026-09-12T23:47:24.505837+00:00,,draftkings,2.5,,,114.0,-135.0,51.5,,,0.56,0.16,0.12,0.01,0.5,1.0,False,,,vsin_dk,free
2026_CFB_W03_LSU_MISS_draftkings_20260912T234724Z,2026_CFB_W03_LSU_MISS,2026-09-12T23:47:24.505837+00:00,,draftkings,2.5,,,114.0,-135.0,58.5,,,0.27,0.36,0.31,0.45,1.0,1.0,False,,,vsin_dk,free
2026_CFB_W03_UAB_UL_draftkings_20260913T000108Z,2026_CFB_W03_UAB_UL,2026-09-13T00:01:08.189834+00:00,,draftkings,9.5,,,285.0,-360.0,53.5,,,0.15,0.33,0.03,0.29,0.46,0.78,False,,,vsin_dk,free
2026_CFB_W03_MIA_WAKE_draftkings_20260913T000108Z,2026_CFB_W03_MIA_WAKE,2026-09-13T00:01:08.189834+00:00,,draftkings,22.5,,,1000.0,-1800.0,54.5,,,,0.29,0.0,0.0,1.0,1.0,False,,,vsin_dk,free
2026_CFB_W03_ASU_KU_draftkings_20260913T000108Z,2026_CFB_W03_ASU_KU,2026-09-13T00:01:08.189834+00:00,,draftkings,5.5,,,170.0,-205.0,,,,0.5,0.54,0.0,0.0,,,False,,,vsin_dk,free
2026_CFB_W03_FSU_ALA_draftkings_20260913T000108Z,2026_CFB_W03_FSU_ALA,2026-09-13T00:01:08.189834+00:00,,draftkings,-17.5,,,-950.0,625.0,50.5,,,0.78,0.32,1.0,1.0,1.0,1.0,False,,,vsin_dk,free
2026_CFB_W03_SMU_LOU_draftkings_20260913T000108Z,2026_CFB_W03_SMU_LOU,2026-09-13T00:01:08.189834+00:00,,draftkings,-1.5,,,-115.0,-105.0,58.5,,,0.8,0.98,0.88,1.0,0.57,0.12,False,,,vsin_dk,free
2026_CFB_W03_FLA_AUB_draftkings_20260913T000108Z,2026_CFB_W03_FLA_AUB,2026-09-13T00:01:08.189834+00:00,,draftkings,2.5,,,114.0,-135.0,51.5,,,0.56,0.16,0.12,0.01,0.5,1.0,False,,,vsin_dk,free
2026_CFB_W03_LSU_MISS_draftkings_20260913T000108Z,2026_CFB_W03_LSU_MISS,2026-09-13T00:01:08.189834+00:00,,draftkings,2.5,,,114.0,-135.0,58.5,,,0.27,0.36,0.31,0.45,1.0,1.0,False,,,vsin_dk,free
2026_CFB_W03_UAB_UL_draftkings_20260913T001558Z,2026_CFB_W03_UAB_UL,2026-09-13T00:15:58.286677+00:00,,draftkings,9.5,,,285.0,-360.0,53.5,,,0.15,0.33,0.03,0.29,0.46,0.78,False,,,vsin_dk,free
2026_CFB_W03_MIA_WAKE_draftkings_20260913T001558Z,2026_CFB_W03_MIA_WAKE,2026-09-13T00:15:58.286677+00:00,,draftkings,22.5,,,1000.0,-1800.0,54.5,,,0.19,0.29,0.0,0.0,1.0,1.0,False,,,vsin_dk,free
2026_CFB_W03_ASU_KU_draftkings_20260913T001558Z,2026_CFB_W03_ASU_KU,2026-09-13T00:15:58.286677+00:00,,draftkings,5.5,,,170.0,-205.0,,,,0.5,0.54,0.0,0.0,,,False,,,vsin_dk,free
2026_CFB_W03_FSU_ALA_draftkings_20260913T001558Z,2026_CFB_W03_FSU_ALA,2026-09-13T00:15:58.286677+00:00,,draftkings,-17.5,,,-950.0,625.0,50.5,,,0.78,0.32,1.0,1.0,1.0,1.0,False,,,vsin_dk,free
2026_CFB_W03_SMU_LOU_draftkings_20260913T001558Z,2026_CFB_W03_SMU_LOU,2026-09-13T00:15:58.286677+00:00,,draftkings,-1.5,,,-115.0,-105.0,58.5,,,0.8,0.98,0.88,1.0,0.57,0.12,False,,,vsin_dk,free
2026_CFB_W03_WKU_IU_draftkings_20260913T001558Z,2026_CFB_W03_WKU_IU,2026-09-13T00:15:58.286677+00:00,,draftkings,-44.5,,,,,59.5,,,0.6,0.85,,,0.0,0.0,False,,,vsin_dk,free
2026_CFB_W03_FLA_AUB_draftkings_20260913T001558Z,2026_CFB_W03_FLA_AUB,2026-09-13T00:15:58.286677+00:00,,draftkings,2.5,,,114.0,-135.0,51.5,,,0.56,0.16,0.12,0.01,0.5,1.0,False,,,vsin_dk,free
2026_CFB_W03_LSU_MISS_draftkings_20260913T001558Z,2026_CFB_W03_LSU_MISS,2026-09-13T00:15:58.286677+00:00,,draftkings,2.5,,,114.0,-135.0,58.5,,,0.27,0.36,0.31,0.45,1.0,1.0,False,,,vsin_dk,free
2026_CFB_W03_WVU_UVA_draftkings_20260913T001558Z,2026_CFB_W03_WVU_UVA,2026-09-13T00:15:58.286677+00:00,,draftkings,-8.5,,,-325.0,260.0,,,,0.91,0.99,0.75,0.38,,,False,,,vsin_dk,free
2026_CFB_W03_UAB_UL_draftkings_20260913T002359Z,2026_CFB_W03_UAB_UL,2026-09-13T00:23:59.951069+00:00,,draftkings,9.5,,,285.0,-360.0,53.5,,,0.15,0.33,0.03,0.29,0.46,0.78,False,,,vsin_dk,free
2026_CFB_W03_MIA_WAKE_draftkings_20260913T002359Z,2026_CFB_W03_MIA_WAKE,2026-09-13T00:23:59.951069+00:00,,draftkings,22.5,,,1000.0,-1800.0,54.5,,,0.19,0.29,0.0,0.0,1.0,1.0,False,,,vsin_dk,free
2026_CFB_W03_ASU_KU_draftkings_20260913T002359Z,2026_CFB_W03_ASU_KU,2026-09-13T00:23:59.951069+00:00,,draftkings,5.5,,,170.0,-205.0,,,,0.5,0.54,0.0,0.0,,,False,,,vsin_dk,free
2026_CFB_W03_FSU_ALA_draftkings_20260913T002359Z,2026_CFB_W03_FSU_ALA,2026-09-13T00:23:59.951069+00:00,,draftkings,-17.5,,,-950.0,625.0,50.5,,,0.78,0.32,1.0,1.0,1.0,1.0,False,,,vsin_dk,free
2026_CFB_W03_SMU_LOU_draftkings_20260913T002359Z,2026_CFB_W03_SMU_LOU,2026-09-13T00:23:59.951069+00:00,,draftkings,-1.5,,,-115.0,-105.0,58.5,,,0.8,0.98,0.88,1.0,0.57,0.12,False,,,vsin_dk,free
2026_CFB_W03_WKU_IU_draftkings_20260913T002359Z,2026_CFB_W03_WKU_IU,2026-09-13T00:23:59.951069+00:00,,draftkings,-44.5,,,,,59.5,,,0.6,0.85,,,0.0,0.0,False,,,vsin_dk,free
2026_CFB_W03_FLA_AUB_draftkings_20260913T002359Z,2026_CFB_W03_FLA_AUB,2026-09-13T00:23:59.951069+00:00,,draftkings,2.5,,,114.0,-135.0,51.5,,,0.56,0.16,0.12,0.01,0.5,1.0,False,,,vsin_dk,free
2026_CFB_W03_LSU_MISS_draftkings_20260913T002359Z,2026_CFB_W03_LSU_MISS,2026-09-13T00:23:59.951069+00:00,,draftkings,2.5,,,114.0,-135.0,58.5,,,0.27,0.36,0.31,0.45,1.0,1.0,False,,,vsin_dk,free
2026_CFB_W03_WVU_UVA_draftkings_20260913T002359Z,2026_CFB_W03_WVU_UVA,2026-09-13T00:23:59.951069+00:00,,draftkings,-8.5,,,-325.0,260.0,,,,0.91,0.99,0.75,0.38,,,False,,,vsin_dk,free
2026_CFB_W03_UAB_UL_draftkings_20260913T002753Z,2026_CFB_W03_UAB_UL,2026-09-13T00:27:53.372684+00:00,,draftkings,9.5,,,285.0,-360.0,53.5,,,0.15,0.33,0.03,0.29,0.46,0.78,False,,,vsin_dk,free
2026_CFB_W03_MIA_WAKE_draftkings_20260913T002753Z,2026_CFB_W03_MIA_WAKE,2026-09-13T00:27:53.372684+00:00,,draftkings,22.5,,,1000.0,-1800.0,54.5,,,0.19,0.29,0.0,0.0,1.0,1.0,False,,,vsin_dk,free
2026_CFB_W03_ASU_KU_draftkings_20260913T002753Z,2026_CFB_W03_ASU_KU,2026-09-13T00:27:53.372684+00:00,,draftkings,5.5,,,170.0,-205.0,,,,0.5,0.54,0.0,0.0,,,False,,,vsin_dk,free
2026_CFB_W03_FSU_ALA_draftkings_20260913T002753Z,2026_CFB_W03_FSU_ALA,2026-09-13T00:27:53.372684+00:00,,draftkings,-17.5,,,-950.0,625.0,50.5,,,0.78,0.32,1.0,1.0,1.0,1.0,False,,,vsin_dk,free
2026_CFB_W03_SMU_LOU_draftkings_20260913T002753Z,2026_CFB_W03_SMU_LOU,2026-09-13T00:27:53.372684+00:00,,draftkings,-1.5,,,-115.0,-105.0,58.5,,,0.8,0.98,0.88,1.0,0.57,0.12,False,,,vsin_dk,free
2026_CFB_W03_WKU_IU_draftkings_20260913T002753Z,2026_CFB_W03_WKU_IU,2026-09-13T00:27:53.372684+00:00,,draftkings,-44.5,,,,,59.5,,,0.6,0.85,,,0.0,0.0,False,,,vsin_dk,free
2026_CFB_W03_FLA_AUB_draftkings_20260913T002753Z,2026_CFB_W03_FLA_AUB,2026-09-13T00:27:53.372684+00:00,,draftkings,2.5,,,114.0,-135.0,51.5,,,0.56,0.16,0.12,0.01,0.5,1.0,False,,,vsin_dk,free
2026_CFB_W03_LSU_MISS_draftkings_20260913T002753Z,2026_CFB_W03_LSU_MISS,2026-09-13T00:27:53.372684+00:00,,draftkings,2.5,,,114.0,-135.0,58.5,,,0.27,0.36,0.31,0.45,1.0,1.0,False,,,vsin_dk,free
2026_CFB_W03_WVU_UVA_draftkings_20260913T002753Z,2026_CFB_W03_WVU_UVA,2026-09-13T00:27:53.372684+00:00,,draftkings,-8.5,,,-325.0,260.0,,,,0.91,0.99,0.75,0.38,,,False,,,vsin_dk,free
2026_CFB_W03_UAB_UL_draftkings_20260913T003103Z,2026_CFB_W03_UAB_UL,2026-09-13T00:31:03.696106+00:00,,draftkings,9.5,,,285.0,-360.0,53.5,,,0.15,0.33,0.03,0.29,0.46,0.78,False,,,vsin_dk,free
2026_CFB_W03_MIA_WAKE_draftkings_20260913T003103Z,2026_CFB_W03_MIA_WAKE,2026-09-13T00:31:03.696106+00:00,,draftkings,22.5,,,1000.0,-1800.0,54.5,,,0.19,0.29,0.0,0.0,1.0,1.0,False,,,vsin_dk,free
2026_CFB_W03_ASU_KU_draftkings_20260913T003103Z,2026_CFB_W03_ASU_KU,2026-09-13T00:31:03.696106+00:00,,draftkings,5.5,,,170.0,-205.0,,,,0.5,0.54,0.0,0.0,,,False,,,vsin_dk,free
2026_CFB_W03_FSU_ALA_draftkings_20260913T003103Z,2026_CFB_W03_FSU_ALA,2026-09-13T00:31:03.696106+00:00,,draftkings,-17.5,,,-950.0,625.0,50.5,,,0.78,0.32,1.0,1.0,1.0,1.0,False,,,vsin_dk,free
2026_CFB_W03_SMU_LOU_draftkings_20260913T003103Z,2026_CFB_W03_SMU_LOU,2026-09-13T00:31:03.696106+00:00,,draftkings,-1.5,,,-115.0,-105.0,58.5,,,0.8,0.98,0.88,1.0,0.57,0.12,False,,,vsin_dk,free
2026_CFB_W03_WKU_IU_draftkings_20260913T003103Z,2026_CFB_W03_WKU_IU,2026-09-13T00:31:03.696106+00:00,,draftkings,-44.5,,,,,59.5,,,0.6,0.85,,,0.0,0.0,False,,,vsin_dk,free
2026_CFB_W03_FLA_AUB_draftkings_20260913T003103Z,2026_CFB_W03_FLA_AUB,2026-09-13T00:31:03.696106+00:00,,draftkings,2.5,,,114.0,-135.0,51.5,,,0.56,0.16,0.12,0.01,0.5,1.0,False,,,vsin_dk,free
2026_CFB_W03_LSU_MISS_draftkings_20260913T003103Z,2026_CFB_W03_LSU_MISS,2026-09-13T00:31:03.696106+00:00,,draftkings,2.5,,,114.0,-135.0,58.5,,,0.27,0.36,0.31,0.45,1.0,1.0,False,,,vsin_dk,free
2026_CFB_W03_WVU_UVA_draftkings_20260913T003103Z,2026_CFB_W03_WVU_UVA,2026-09-13T00:31:03.696106+00:00,,draftkings,-8.5,,,-325.0,260.0,,,,0.91,0.99,0.75,0.38,,,False,,,vsin_dk,free
2026_CFB_W03_UAB_UL_draftkings_20260913T004603Z,2026_CFB_W03_UAB_UL,2026-09-13T00:46:03.096714+00:00,,draftkings,9.5,,,285.0,-360.0,53.5,,,0.15,0.33,0.03,0.29,0.46,0.78,False,,,vsin_dk,free
2026_CFB_W03_MIA_WAKE_draftkings_20260913T004603Z,2026_CFB_W03_MIA_WAKE,2026-09-13T00:46:03.096714+00:00,,draftkings,22.5,,,1000.0,-1800.0,54.5,,,,,0.0,0.0,1.0,1.0,False,,,vsin_dk,free
2026_CFB_W03_ASU_KU_draftkings_20260913T004603Z,2026_CFB_W03_ASU_KU,2026-09-13T00:46:03.096714+00:00,,draftkings,5.5,,,170.0,-205.0,,,,0.5,0.54,0.0,0.0,,,False,,,vsin_dk,free
2026_CFB_W03_FSU_ALA_draftkings_20260913T004603Z,2026_CFB_W03_FSU_ALA,2026-09-13T00:46:03.096714+00:00,,draftkings,-17.5,,,-950.0,625.0,50.5,,,0.78,0.32,1.0,1.0,1.0,1.0,False,,,vsin_dk,free
2026_CFB_W03_SMU_LOU_draftkings_20260913T004603Z,2026_CFB_W03_SMU_LOU,2026-09-13T00:46:03.096714+00:00,,draftkings,-1.5,,,-115.0,-105.0,58.5,,,0.8,0.98,0.88,1.0,0.57,0.12,False,,,vsin_dk,free
2026_CFB_W03_WKU_IU_draftkings_20260913T004603Z,2026_CFB_W03_WKU_IU,2026-09-13T00:46:03.096714+00:00,,draftkings,-44.5,,,,,59.5,,,0.6,0.85,,,0.0,0.0,False,,,vsin_dk,free
2026_CFB_W03_FLA_AUB_draftkings_20260913T004603Z,2026_CFB_W03_FLA_AUB,2026-09-13T00:46:03.096714+00:00,,draftkings,2.5,,,114.0,-135.0,51.5,,,0.56,0.16,0.12,0.01,0.5,1.0,False,,,vsin_dk,free
2026_CFB_W03_LSU_MISS_draftkings_20260913T004603Z,2026_CFB_W03_LSU_MISS,2026-09-13T00:46:03.096714+00:00,,draftkings,2.5,,,114.0,-135.0,58.5,,,0.27,0.36,0.31,0.45,1.0,1.0,False,,,vsin_dk,free
2026_CFB_W03_WVU_UVA_draftkings_20260913T004603Z,2026_CFB_W03_WVU_UVA,2026-09-13T00:46:03.096714+00:00,,draftkings,-8.5,,,-325.0,260.0,,,,0.91,0.99,0.72,0.3,,,False,,,vsin_dk,free
2026_CFB_W03_UAB_UL_draftkings_20260913T004824Z,2026_CFB_W03_UAB_UL,2026-09-13T00:48:24.262998+00:00,,draftkings,9.5,,,285.0,-360.0,53.5,,,0.15,0.33,0.03,0.29,0.46,0.78,False,,,vsin_dk,free
2026_CFB_W03_MIA_WAKE_draftkings_20260913T004824Z,2026_CFB_W03_MIA_WAKE,2026-09-13T00:48:24.262998+00:00,,draftkings,22.5,,,1000.0,-1800.0,54.5,,,,,0.0,0.0,1.0,1.0,False,,,vsin_dk,free
2026_CFB_W03_ASU_KU_draftkings_20260913T004824Z,2026_CFB_W03_ASU_KU,2026-09-13T00:48:24.262998+00:00,,draftkings,5.5,,,170.0,-205.0,,,,0.5,0.54,0.0,0.0,,,False,,,vsin_dk,free
2026_CFB_W03_FSU_ALA_draftkings_20260913T004824Z,2026_CFB_W03_FSU_ALA,2026-09-13T00:48:24.262998+00:00,,draftkings,-17.5,,,-950.0,625.0,50.5,,,0.78,0.32,1.0,1.0,1.0,1.0,False,,,vsin_dk,free
2026_CFB_W03_SMU_LOU_draftkings_20260913T004824Z,2026_CFB_W03_SMU_LOU,2026-09-13T00:48:24.262998+00:00,,draftkings,-1.5,,,-115.0,-105.0,58.5,,,0.8,0.98,0.88,1.0,0.57,0.12,False,,,vsin_dk,free
2026_CFB_W03_WKU_IU_draftkings_20260913T004824Z,2026_CFB_W03_WKU_IU,2026-09-13T00:48:24.262998+00:00,,draftkings,-44.5,,,,,59.5,,,0.6,0.85,,,0.0,0.0,False,,,vsin_dk,free
2026_CFB_W03_FLA_AUB_draftkings_20260913T004824Z,2026_CFB_W03_FLA_AUB,2026-09-13T00:48:24.262998+00:00,,draftkings,2.5,,,114.0,-135.0,51.5,,,0.56,0.16,0.12,0.01,0.5,1.0,False,,,vsin_dk,free
2026_CFB_W03_LSU_MISS_draftkings_20260913T004824Z,2026_CFB_W03_LSU_MISS,2026-09-13T00:48:24.262998+00:00,,draftkings,2.5,,,114.0,-135.0,58.5,,,0.27,0.36,0.31,0.45,1.0,1.0,False,,,vsin_dk,free
2026_CFB_W03_WVU_UVA_draftkings_20260913T004824Z,2026_CFB_W03_WVU_UVA,2026-09-13T00:48:24.262998+00:00,,draftkings,-8.5,,,-325.0,260.0,,,,0.91,0.99,0.72,0.3,,,False,,,vsin_dk,free
2026_CFB_W03_UAB_UL_draftkings_20260913T010154Z,2026_CFB_W03_UAB_UL,2026-09-13T01:01:54.932724+00:00,,draftkings,9.5,,,285.0,-360.0,53.5,,,0.15,0.33,0.03,0.29,0.46,0.78,False,,,vsin_dk,free
2026_CFB_W03_MIA_WAKE_draftkings_20260913T010154Z,2026_CFB_W03_MIA_WAKE,2026-09-13T01:01:54.932724+00:00,,draftkings,22.5,,,1000.0,-1800.0,54.5,,,0.18,0.28,0.0,0.0,1.0,1.0,False,,,vsin_dk,free
2026_CFB_W03_ASU_KU_draftkings_20260913T010154Z,2026_CFB_W03_ASU_KU,2026-09-13T01:01:54.932724+00:00,,draftkings,5.5,,,170.0,-205.0,,,,0.5,0.54,0.0,0.0,,,False,,,vsin_dk,free
2026_CFB_W03_FSU_ALA_draftkings_20260913T010154Z,2026_CFB_W03_FSU_ALA,2026-09-13T01:01:54.932724+00:00,,draftkings,-17.5,,,-950.0,625.0,50.5,,,0.78,0.32,1.0,1.0,1.0,1.0,False,,,vsin_dk,free
2026_CFB_W03_SMU_LOU_draftkings_20260913T010154Z,2026_CFB_W03_SMU_LOU,2026-09-13T01:01:54.932724+00:00,,draftkings,-1.5,,,-115.0,-105.0,58.5,,,0.8,0.98,0.88,1.0,0.57,0.12,False,,,vsin_dk,free
2026_CFB_W03_WKU_IU_draftkings_20260913T010154Z,2026_CFB_W03_WKU_IU,2026-09-13T01:01:54.932724+00:00,,draftkings,-44.5,,,,,59.5,,,0.6,0.85,,,0.0,0.0,False,,,vsin_dk,free
2026_CFB_W03_FLA_AUB_draftkings_20260913T010154Z,2026_CFB_W03_FLA_AUB,2026-09-13T01:01:54.932724+00:00,,draftkings,2.5,,,114.0,-135.0,51.5,,,0.56,0.16,0.12,0.01,0.5,1.0,False,,,vsin_dk,free
2026_CFB_W03_LSU_MISS_draftkings_20260913T010154Z,2026_CFB_W03_LSU_MISS,2026-09-13T01:01:54.932724+00:00,,draftkings,2.5,,,114.0,-135.0,58.5,,,0.27,0.36,0.31,0.45,1.0,1.0,False,,,vsin_dk,free
2026_CFB_W03_WVU_UVA_draftkings_20260913T010154Z,2026_CFB_W03_WVU_UVA,2026-09-13T01:01:54.932724+00:00,,draftkings,-8.5,,,-325.0,260.0,,,,0.91,0.99,0.72,0.3,,,False,,,vsin_dk,free
2026_CFB_W03_UAB_UL_draftkings_20260913T011433Z,2026_CFB_W03_UAB_UL,2026-09-13T01:14:33.388275+00:00,,draftkings,9.5,,,285.0,-360.0,53.5,,,0.15,0.33,0.03,0.29,0.46,0.78,False,,,vsin_dk,free
2026_CFB_W03_MIA_WAKE_draftkings_20260913T011433Z,2026_CFB_W03_MIA_WAKE,2026-09-13T01:14:33.388275+00:00,,draftkings,22.5,,,1000.0,-1800.0,54.5,,,0.18,0.28,0.0,0.0,1.0,1.0,False,,,vsin_dk,free
2026_CFB_W03_ASU_KU_draftkings_20260913T011433Z,2026_CFB_W03_ASU_KU,2026-09-13T01:14:33.388275+00:00,,draftkings,5.5,,,170.0,-205.0,,,,0.5,0.54,0.0,0.0,,,False,,,vsin_dk,free
2026_CFB_W03_FSU_ALA_draftkings_20260913T011433Z,2026_CFB_W03_FSU_ALA,2026-09-13T01:14:33.388275+00:00,,draftkings,-17.5,,,-950.0,625.0,50.5,,,0.78,0.32,1.0,1.0,1.0,1.0,False,,,vsin_dk,free
2026_CFB_W03_SMU_LOU_draftkings_20260913T011433Z,2026_CFB_W03_SMU_LOU,2026-09-13T01:14:33.388275+00:00,,draftkings,-1.5,,,-115.0,-105.0,58.5,,,0.8,0.98,0.88,1.0,0.57,0.12,False,,,vsin_dk,free
2026_CFB_W03_WKU_IU_draftkings_20260913T011433Z,2026_CFB_W03_WKU_IU,2026-09-13T01:14:33.388275+00:00,,draftkings,-44.5,,,,,59.5,,,0.6,0.85,,,0.0,0.0,False,,,vsin_dk,free
2026_CFB_W03_FLA_AUB_draftkings_20260913T011433Z,2026_CFB_W03_FLA_AUB,2026-09-13T01:14:33.388275+00:00,,draftkings,2.5,,,114.0,-135.0,51.5,,,0.56,0.16,0.12,0.01,0.5,1.0,False,,,vsin_dk,free
2026_CFB_W03_LSU_MISS_draftkings_20260913T011433Z,2026_CFB_W03_LSU_MISS,2026-09-13T01:14:33.388275+00:00,,draftkings,2.5,,,114.0,-135.0,58.5,,,0.27,0.36,0.31,0.45,1.0,1.0,False,,,vsin_dk,free
2026_CFB_W03_WVU_UVA_draftkings_20260913T011433Z,2026_CFB_W03_WVU_UVA,2026-09-13T01:14:33.388275+00:00,,draftkings,-8.5,,,-325.0,260.0,,,,0.91,0.99,0.72,0.3,,,False,,,vsin_dk,free
2026_CFB_W03_UAB_UL_draftkings_20260913T011601Z,2026_CFB_W03_UAB_UL,2026-09-13T01:16:01.559647+00:00,,draftkings,9.5,,,285.0,-360.0,53.5,,,0.15,0.33,0.03,0.29,0.46,0.78,False,,,vsin_dk,free
2026_CFB_W03_MIA_WAKE_draftkings_20260913T011601Z,2026_CFB_W03_MIA_WAKE,2026-09-13T01:16:01.559647+00:00,,draftkings,22.5,,,1000.0,-1800.0,54.5,,,0.18,0.28,0.0,0.0,1.0,1.0,False,,,vsin_dk,free
2026_CFB_W03_ASU_KU_draftkings_20260913T011601Z,2026_CFB_W03_ASU_KU,2026-09-13T01:16:01.559647+00:00,,draftkings,5.5,,,170.0,-205.0,,,,0.5,0.54,0.0,0.0,,,False,,,vsin_dk,free
2026_CFB_W03_FSU_ALA_draftkings_20260913T011601Z,2026_CFB_W03_FSU_ALA,2026-09-13T01:16:01.559647+00:00,,draftkings,-17.5,,,-950.0,625.0,50.5,,,0.78,0.32,1.0,1.0,1.0,1.0,False,,,vsin_dk,free
2026_CFB_W03_SMU_LOU_draftkings_20260913T011601Z,2026_CFB_W03_SMU_LOU,2026-09-13T01:16:01.559647+00:00,,draftkings,-1.5,,,-115.0,-105.0,58.5,,,0.8,0.98,0.88,1.0,0.57,0.12,False,,,vsin_dk,free
2026_CFB_W03_WKU_IU_draftkings_20260913T011601Z,2026_CFB_W03_WKU_IU,2026-09-13T01:16:01.559647+00:00,,draftkings,-44.5,,,,,59.5,,,0.6,0.85,,,0.0,0.0,False,,,vsin_dk,free
2026_CFB_W03_FLA_AUB_draftkings_20260913T011601Z,2026_CFB_W03_FLA_AUB,2026-09-13T01:16:01.559647+00:00,,draftkings,2.5,,,114.0,-135.0,51.5,,,0.56,0.16,0.12,0.01,0.5,1.0,False,,,vsin_dk,free
2026_CFB_W03_LSU_MISS_draftkings_20260913T011601Z,2026_CFB_W03_LSU_MISS,2026-09-13T01:16:01.559647+00:00,,draftkings,2.5,,,114.0,-135.0,58.5,,,0.27,0.36,0.31,0.45,1.0,1.0,False,,,vsin_dk,free
2026_CFB_W03_WVU_UVA_draftkings_20260913T011601Z,2026_CFB_W03_WVU_UVA,2026-09-13T01:16:01.559647+00:00,,draftkings,-8.5,,,-325.0,260.0,,,,0.91,0.99,0.72,0.3,,,False,,,vsin_dk,free
2026_CFB_W03_UAB_UL_draftkings_20260913T011807Z,2026_CFB_W03_UAB_UL,2026-09-13T01:18:07.701902+00:00,,draftkings,9.5,,,285.0,-360.0,53.5,,,0.15,0.33,0.03,0.29,0.46,0.78,False,,,vsin_dk,free
2026_CFB_W03_MIA_WAKE_draftkings_20260913T011807Z,2026_CFB_W03_MIA_WAKE,2026-09-13T01:18:07.701902+00:00,,draftkings,22.5,,,1000.0,-1800.0,54.5,,,0.18,0.28,0.0,0.0,1.0,1.0,False,,,vsin_dk,free
2026_CFB_W03_ASU_KU_draftkings_20260913T011807Z,2026_CFB_W03_ASU_KU,2026-09-13T01:18:07.701902+00:00,,draftkings,5.5,,,170.0,-205.0,,,,0.5,0.54,0.0,0.0,,,False,,,vsin_dk,free
2026_CFB_W03_FSU_ALA_draftkings_20260913T011807Z,2026_CFB_W03_FSU_ALA,2026-09-13T01:18:07.701902+00:00,,draftkings,-17.5,,,-950.0,625.0,50.5,,,0.78,0.32,1.0,1.0,1.0,1.0,False,,,vsin_dk,free
2026_CFB_W03_SMU_LOU_draftkings_20260913T011807Z,2026_CFB_W03_SMU_LOU,2026-09-13T01:18:07.701902+00:00,,draftkings,-1.5,,,-115.0,-105.0,58.5,,,0.8,0.98,0.88,1.0,0.57,0.12,False,,,vsin_dk,free
2026_CFB_W03_WKU_IU_draftkings_20260913T011807Z,2026_CFB_W03_WKU_IU,2026-09-13T01:18:07.701902+00:00,,draftkings,-44.5,,,,,59.5,,,0.6,0.85,,,0.0,0.0,False,,,vsin_dk,free
2026_CFB_W03_FLA_AUB_draftkings_20260913T011807Z,2026_CFB_W03_FLA_AUB,2026-09-13T01:18:07.701902+00:00,,draftkings,2.5,,,114.0,-135.0,51.5,,,0.56,0.16,0.12,0.01,0.5,1.0,False,,,vsin_dk,free
2026_CFB_W03_LSU_MISS_draftkings_20260913T011807Z,2026_CFB_W03_LSU_MISS,2026-09-13T01:18:07.701902+00:00,,draftkings,2.5,,,114.0,-135.0,58.5,,,0.27,0.36,0.31,0.45,1.0,1.0,False,,,vsin_dk,free
2026_CFB_W03_WVU_UVA_draftkings_20260913T011807Z,2026_CFB_W03_WVU_UVA,2026-09-13T01:18:07.701902+00:00,,draftkings,-8.5,,,-325.0,260.0,,,,0.91,0.99,0.72,0.3,,,False,,,vsin_dk,free
2026_CFB_W03_UAB_UL_draftkings_20260913T013108Z,2026_CFB_W03_UAB_UL,2026-09-13T01:31:08.723068+00:00,,draftkings,9.5,,,285.0,-360.0,53.5,,,0.15,0.33,0.03,0.29,0.46,0.78,False,,,vsin_dk,free
2026_CFB_W03_MIA_WAKE_draftkings_20260913T013108Z,2026_CFB_W03_MIA_WAKE,2026-09-13T01:31:08.723068+00:00,,draftkings,22.5,,,1000.0,-1800.0,54.5,,,0.17,0.28,0.0,0.0,1.0,1.0,False,,,vsin_dk,free
2026_CFB_W03_ASU_KU_draftkings_20260913T013108Z,2026_CFB_W03_ASU_KU,2026-09-13T01:31:08.723068+00:00,,draftkings,5.5,,,170.0,-205.0,,,,0.5,0.54,0.0,0.0,,,False,,,vsin_dk,free
2026_CFB_W03_FSU_ALA_draftkings_20260913T013108Z,2026_CFB_W03_FSU_ALA,2026-09-13T01:31:08.723068+00:00,,draftkings,-17.5,,,-950.0,625.0,50.5,,,0.78,0.32,1.0,1.0,1.0,1.0,False,,,vsin_dk,free
2026_CFB_W03_SMU_LOU_draftkings_20260913T013108Z,2026_CFB_W03_SMU_LOU,2026-09-13T01:31:08.723068+00:00,,draftkings,-1.5,,,-115.0,-105.0,58.5,,,0.8,0.98,0.88,1.0,0.57,0.12,False,,,vsin_dk,free
2026_CFB_W03_FLA_AUB_draftkings_20260913T013108Z,2026_CFB_W03_FLA_AUB,2026-09-13T01:31:08.723068+00:00,,draftkings,2.5,,,114.0,-135.0,51.5,,,0.56,0.16,0.12,0.01,0.5,1.0,False,,,vsin_dk,free
2026_CFB_W03_LSU_MISS_draftkings_20260913T013108Z,2026_CFB_W03_LSU_MISS,2026-09-13T01:31:08.723068+00:00,,draftkings,2.5,,,114.0,-135.0,58.5,,,0.27,0.36,0.31,0.45,1.0,1.0,False,,,vsin_dk,free
2026_CFB_W03_WVU_UVA_draftkings_20260913T013108Z,2026_CFB_W03_WVU_UVA,2026-09-13T01:31:08.723068+00:00,,draftkings,-8.5,,,-325.0,260.0,,,,0.91,0.99,0.73,0.31,,,False,,,vsin_dk,free
2026_CFB_W03_UAB_UL_draftkings_20260913T013156Z,2026_CFB_W03_UAB_UL,2026-09-13T01:31:56.438396+00:00,,draftkings,9.5,,,285.0,-360.0,53.5,,,0.15,0.33,0.03,0.29,0.46,0.78,False,,,vsin_dk,free
2026_CFB_W03_MIA_WAKE_draftkings_20260913T013156Z,2026_CFB_W03_MIA_WAKE,2026-09-13T01:31:56.438396+00:00,,draftkings,22.5,,,1000.0,-1800.0,54.5,,,0.17,0.28,0.0,0.0,1.0,1.0,False,,,vsin_dk,free
2026_CFB_W03_ASU_KU_draftkings_20260913T013156Z,2026_CFB_W03_ASU_KU,2026-09-13T01:31:56.438396+00:00,,draftkings,5.5,,,170.0,-205.0,,,,0.5,0.54,0.0,0.0,,,False,,,vsin_dk,free
2026_CFB_W03_FSU_ALA_draftkings_20260913T013156Z,2026_CFB_W03_FSU_ALA,2026-09-13T01:31:56.438396+00:00,,draftkings,-17.5,,,-950.0,625.0,50.5,,,0.78,0.32,1.0,1.0,1.0,1.0,False,,,vsin_dk,free
2026_CFB_W03_SMU_LOU_draftkings_20260913T013156Z,2026_CFB_W03_SMU_LOU,2026-09-13T01:31:56.438396+00:00,,draftkings,-1.5,,,-115.0,-105.0,58.5,,,0.8,0.98,0.88,1.0,0.57,0.12,False,,,vsin_dk,free
2026_CFB_W03_FLA_AUB_draftkings_20260913T013156Z,2026_CFB_W03_FLA_AUB,2026-09-13T01:31:56.438396+00:00,,draftkings,2.5,,,114.0,-135.0,51.5,,,0.56,0.16,0.12,0.01,0.5,1.0,False,,,vsin_dk,free
2026_CFB_W03_LSU_MISS_draftkings_20260913T013156Z,2026_CFB_W03_LSU_MISS,2026-09-13T01:31:56.438396+00:00,,draftkings,2.5,,,114.0,-135.0,58.5,,,0.27,0.36,0.31,0.45,1.0,1.0,False,,,vsin_dk,free
2026_CFB_W03_WVU_UVA_draftkings_20260913T013156Z,2026_CFB_W03_WVU_UVA,2026-09-13T01:31:56.438396+00:00,,draftkings,-8.5,,,-325.0,260.0,,,,0.91,0.99,0.73,0.31,,,False,,,vsin_dk,free
2026_CFB_W03_UAB_UL_draftkings_20260913T014700Z,2026_CFB_W03_UAB_UL,2026-09-13T01:47:00.049764+00:00,,draftkings,9.5,,,285.0,-360.0,53.5,,,0.15,0.33,0.03,0.29,0.46,0.78,False,,,vsin_dk,free
2026_CFB_W03_MIA_WAKE_draftkings_20260913T014700Z,2026_CFB_W03_MIA_WAKE,2026-09-13T01:47:00.049764+00:00,,draftkings,22.5,,,1000.0,-1800.0,54.5,,,0.17,0.28,0.0,0.0,1.0,1.0,False,,,vsin_dk,free
2026_CFB_W03_ASU_KU_draftkings_20260913T014700Z,2026_CFB_W03_ASU_KU,2026-09-13T01:47:00.049764+00:00,,draftkings,5.5,,,170.0,-205.0,56.5,,,0.5,0.54,0.0,0.0,0.0,0.0,False,,,vsin_dk,free
2026_CFB_W03_FSU_ALA_draftkings_20260913T014700Z,2026_CFB_W03_FSU_ALA,2026-09-13T01:47:00.049764+00:00,,draftkings,-17.5,,,-950.0,625.0,50.5,,,0.78,0.32,1.0,1.0,1.0,1.0,False,,,vsin_dk,free
2026_CFB_W03_SMU_LOU_draftkings_20260913T014700Z,2026_CFB_W03_SMU_LOU,2026-09-13T01:47:00.049764+00:00,,draftkings,-1.5,,,-115.0,-105.0,58.5,,,0.8,0.98,0.88,1.0,0.57,0.12,False,,,vsin_dk,free
2026_CFB_W03_WKU_IU_draftkings_20260913T014700Z,2026_CFB_W03_WKU_IU,2026-09-13T01:47:00.049764+00:00,,draftkings,-44.5,,,,,59.5,,,0.67,0.97,,,0.0,0.0,False,,,vsin_dk,free
2026_CFB_W03_FLA_AUB_draftkings_20260913T014700Z,2026_CFB_W03_FLA_AUB,2026-09-13T01:47:00.049764+00:00,,draftkings,2.5,,,114.0,-135.0,51.5,,,0.56,0.16,0.12,0.01,0.5,1.0,False,,,vsin_dk,free
2026_CFB_W03_LSU_MISS_draftkings_20260913T014700Z,2026_CFB_W03_LSU_MISS,2026-09-13T01:47:00.049764+00:00,,draftkings,2.5,,,114.0,-135.0,58.5,,,0.27,0.36,0.31,0.45,1.0,1.0,False,,,vsin_dk,free
2026_CFB_W03_WVU_UVA_draftkings_20260913T014700Z,2026_CFB_W03_WVU_UVA,2026-09-13T01:47:00.049764+00:00,,draftkings,-8.5,,,-325.0,260.0,,,,0.83,0.99,0.73,0.31,,,False,,,vsin_dk,free
2026_CFB_W03_UAB_UL_draftkings_20260913T015518Z,2026_CFB_W03_UAB_UL,2026-09-13T01:55:18.170163+00:00,,draftkings,9.5,,,285.0,-360.0,53.5,,,0.15,0.33,0.03,0.29,0.46,0.78,False,,,vsin_dk,free
2026_CFB_W03_MIA_WAKE_draftkings_20260913T015518Z,2026_CFB_W03_MIA_WAKE,2026-09-13T01:55:18.170163+00:00,,draftkings,22.5,,,1000.0,-1800.0,54.5,,,0.17,0.28,0.0,0.0,1.0,1.0,False,,,vsin_dk,free
2026_CFB_W03_ASU_KU_draftkings_20260913T015518Z,2026_CFB_W03_ASU_KU,2026-09-13T01:55:18.170163+00:00,,draftkings,5.5,,,170.0,-205.0,56.5,,,0.5,0.54,0.0,0.0,0.0,0.0,False,,,vsin_dk,free
2026_CFB_W03_FSU_ALA_draftkings_20260913T015518Z,2026_CFB_W03_FSU_ALA,2026-09-13T01:55:18.170163+00:00,,draftkings,-17.5,,,-950.0,625.0,50.5,,,0.78,0.32,1.0,1.0,1.0,1.0,False,,,vsin_dk,free
2026_CFB_W03_SMU_LOU_draftkings_20260913T015518Z,2026_CFB_W03_SMU_LOU,2026-09-13T01:55:18.170163+00:00,,draftkings,-1.5,,,-115.0,-105.0,58.5,,,0.8,0.98,0.88,1.0,0.57,0.12,False,,,vsin_dk,free
2026_CFB_W03_WKU_IU_draftkings_20260913T015518Z,2026_CFB_W03_WKU_IU,2026-09-13T01:55:18.170163+00:00,,draftkings,-44.5,,,,,59.5,,,0.67,0.97,,,0.0,0.0,False,,,vsin_dk,free
2026_CFB_W03_FLA_AUB_draftkings_20260913T015518Z,2026_CFB_W03_FLA_AUB,2026-09-13T01:55:18.170163+00:00,,draftkings,2.5,,,114.0,-135.0,51.5,,,0.56,0.16,0.12,0.01,0.5,1.0,False,,,vsin_dk,free
2026_CFB_W03_LSU_MISS_draftkings_20260913T015518Z,2026_CFB_W03_LSU_MISS,2026-09-13T01:55:18.170163+00:00,,draftkings,2.5,,,114.0,-135.0,58.5,,,0.27,0.36,0.31,0.45,1.0,1.0,False,,,vsin_dk,free
2026_CFB_W03_WVU_UVA_draftkings_20260913T015518Z,2026_CFB_W03_WVU_UVA,2026-09-13T01:55:18.170163+00:00,,draftkings,-8.5,,,-325.0,260.0,53.5,,,0.83,0.99,0.73,0.31,1.0,1.0,False,,,vsin_dk,free
2026_CFB_W03_UAB_UL_draftkings_20260913T020100Z,2026_CFB_W03_UAB_UL,2026-09-13T02:01:00.265069+00:00,,draftkings,9.5,,,285.0,-360.0,53.5,,,0.15,0.33,0.03,0.29,0.46,0.78,False,,,vsin_dk,free
2026_CFB_W03_MIA_WAKE_draftkings_20260913T020100Z,2026_CFB_W03_MIA_WAKE,2026-09-13T02:01:00.265069+00:00,,draftkings,22.5,,,1000.0,-1800.0,54.5,,,0.17,0.28,0.0,0.0,1.0,1.0,False,,,vsin_dk,free
2026_CFB_W03_ASU_KU_draftkings_20260913T020100Z,2026_CFB_W03_ASU_KU,2026-09-13T02:01:00.265069+00:00,,draftkings,5.5,,,170.0,-205.0,56.5,,,0.5,0.54,0.0,0.0,0.0,0.0,False,,,vsin_dk,free
2026_CFB_W03_FSU_ALA_draftkings_20260913T020100Z,2026_CFB_W03_FSU_ALA,2026-09-13T02:01:00.265069+00:00,,draftkings,-17.5,,,-950.0,625.0,50.5,,,0.78,0.32,1.0,1.0,1.0,1.0,False,,,vsin_dk,free
2026_CFB_W03_SMU_LOU_draftkings_20260913T020100Z,2026_CFB_W03_SMU_LOU,2026-09-13T02:01:00.265069+00:00,,draftkings,-1.5,,,-115.0,-105.0,58.5,,,0.8,0.98,0.88,1.0,0.57,0.12,False,,,vsin_dk,free
2026_CFB_W03_WKU_IU_draftkings_20260913T020100Z,2026_CFB_W03_WKU_IU,2026-09-13T02:01:00.265069+00:00,,draftkings,-44.5,,,,,59.5,,,0.67,0.97,,,0.0,0.0,False,,,vsin_dk,free
2026_CFB_W03_FLA_AUB_draftkings_20260913T020100Z,2026_CFB_W03_FLA_AUB,2026-09-13T02:01:00.265069+00:00,,draftkings,2.5,,,114.0,-135.0,51.5,,,0.56,0.16,0.12,0.01,0.5,1.0,False,,,vsin_dk,free
2026_CFB_W03_LSU_MISS_draftkings_20260913T020100Z,2026_CFB_W03_LSU_MISS,2026-09-13T02:01:00.265069+00:00,,draftkings,2.5,,,114.0,-135.0,58.5,,,0.27,0.36,0.31,0.45,1.0,1.0,False,,,vsin_dk,free
2026_CFB_W03_WVU_UVA_draftkings_20260913T020100Z,2026_CFB_W03_WVU_UVA,2026-09-13T02:01:00.265069+00:00,,draftkings,-8.5,,,-325.0,260.0,53.5,,,0.83,0.99,0.73,0.31,1.0,1.0,False,,,vsin_dk,free
2026_CFB_W03_UAB_UL_draftkings_20260913T021600Z,2026_CFB_W03_UAB_UL,2026-09-13T02:16:00.981978+00:00,,draftkings,9.5,,,285.0,-360.0,53.5,,,0.15,0.33,0.03,0.29,0.46,0.78,False,,,vsin_dk,free
2026_CFB_W03_MIA_WAKE_draftkings_20260913T021600Z,2026_CFB_W03_MIA_WAKE,2026-09-13T02:16:00.981978+00:00,,draftkings,22.5,,,1000.0,-1800.0,54.5,,,0.17,0.28,0.0,0.0,1.0,1.0,False,,,vsin_dk,free
2026_CFB_W03_ASU_KU_draftkings_20260913T021600Z,2026_CFB_W03_ASU_KU,2026-09-13T02:16:00.981978+00:00,,draftkings,5.5,,,170.0,-205.0,56.5,,,0.5,0.54,0.0,0.0,0.0,0.0,False,,,vsin_dk,free
2026_CFB_W03_FSU_ALA_draftkings_20260913T021600Z,2026_CFB_W03_FSU_ALA,2026-09-13T02:16:00.981978+00:00,,draftkings,-17.5,,,-950.0,625.0,50.5,,,0.78,0.32,1.0,1.0,1.0,1.0,False,,,vsin_dk,free
2026_CFB_W03_SMU_LOU_draftkings_20260913T021600Z,2026_CFB_W03_SMU_LOU,2026-09-13T02:16:00.981978+00:00,,draftkings,-1.5,,,-115.0,-105.0,58.5,,,0.8,0.98,0.88,1.0,0.57,0.12,False,,,vsin_dk,free
2026_CFB_W03_WKU_IU_draftkings_20260913T021600Z,2026_CFB_W03_WKU_IU,2026-09-13T02:16:00.981978+00:00,,draftkings,-44.5,,,,,59.5,,,0.67,0.97,,,0.0,0.0,False,,,vsin_dk,free
2026_CFB_W03_FLA_AUB_draftkings_20260913T021600Z,2026_CFB_W03_FLA_AUB,2026-09-13T02:16:00.981978+00:00,,draftkings,2.5,,,114.0,-135.0,51.5,,,0.56,0.16,0.12,0.01,0.5,1.0,False,,,vsin_dk,free
2026_CFB_W03_LSU_MISS_draftkings_20260913T021600Z,2026_CFB_W03_LSU_MISS,2026-09-13T02:16:00.981978+00:00,,draftkings,2.5,,,114.0,-135.0,58.5,,,0.27,0.36,0.31,0.45,1.0,1.0,False,,,vsin_dk,free
2026_CFB_W03_WVU_UVA_draftkings_20260913T021600Z,2026_CFB_W03_WVU_UVA,2026-09-13T02:16:00.981978+00:00,,draftkings,-8.5,,,-325.0,260.0,53.5,,,,,0.7,0.3,1.0,1.0,False,,,vsin_dk,free
2026_CFB_W03_UAB_UL_draftkings_20260913T021728Z,2026_CFB_W03_UAB_UL,2026-09-13T02:17:28.861904+00:00,,draftkings,9.5,,,285.0,-360.0,53.5,,,0.15,0.33,0.03,0.29,0.46,0.78,False,,,vsin_dk,free
2026_CFB_W03_MIA_WAKE_draftkings_20260913T021728Z,2026_CFB_W03_MIA_WAKE,2026-09-13T02:17:28.861904+00:00,,draftkings,22.5,,,1000.0,-1800.0,54.5,,,0.17,0.28,0.0,0.0,1.0,1.0,False,,,vsin_dk,free
2026_CFB_W03_ASU_KU_draftkings_20260913T021728Z,2026_CFB_W03_ASU_KU,2026-09-13T02:17:28.861904+00:00,,draftkings,5.5,,,170.0,-205.0,56.5,,,0.5,0.54,0.0,0.0,0.0,0.0,False,,,vsin_dk,free
2026_CFB_W03_FSU_ALA_draftkings_20260913T021728Z,2026_CFB_W03_FSU_ALA,2026-09-13T02:17:28.861904+00:00,,draftkings,-17.5,,,-950.0,625.0,50.5,,,0.78,0.32,1.0,1.0,1.0,1.0,False,,,vsin_dk,free
2026_CFB_W03_SMU_LOU_draftkings_20260913T021728Z,2026_CFB_W03_SMU_LOU,2026-09-13T02:17:28.861904+00:00,,draftkings,-1.5,,,-115.0,-105.0,58.5,,,0.8,0.98,0.88,1.0,0.57,0.12,False,,,vsin_dk,free
2026_CFB_W03_WKU_IU_draftkings_20260913T021728Z,2026_CFB_W03_WKU_IU,2026-09-13T02:17:28.861904+00:00,,draftkings,-44.5,,,,,59.5,,,0.67,0.97,,,0.0,0.0,False,,,vsin_dk,free
2026_CFB_W03_FLA_AUB_draftkings_20260913T021728Z,2026_CFB_W03_FLA_AUB,2026-09-13T02:17:28.861904+00:00,,draftkings,2.5,,,114.0,-135.0,51.5,,,0.56,0.16,0.12,0.01,0.5,1.0,False,,,vsin_dk,free
2026_CFB_W03_LSU_MISS_draftkings_20260913T021728Z,2026_CFB_W03_LSU_MISS,2026-09-13T02:17:28.861904+00:00,,draftkings,2.5,,,114.0,-135.0,58.5,,,0.27,0.36,0.31,0.45,1.0,1.0,False,,,vsin_dk,free
2026_CFB_W03_WVU_UVA_draftkings_20260913T021728Z,2026_CFB_W03_WVU_UVA,2026-09-13T02:17:28.861904+00:00,,draftkings,-8.5,,,-325.0,260.0,53.5,,,,,0.7,0.3,1.0,1.0,False,,,vsin_dk,free
2026_CFB_W03_UAB_UL_draftkings_20260913T021958Z,2026_CFB_W03_UAB_UL,2026-09-13T02:19:58.029032+00:00,,draftkings,9.5,,,285.0,-360.0,53.5,,,0.15,0.33,0.03,0.29,0.46,0.78,False,,,vsin_dk,free
2026_CFB_W03_MIA_WAKE_draftkings_20260913T021958Z,2026_CFB_W03_MIA_WAKE,2026-09-13T02:19:58.029032+00:00,,draftkings,22.5,,,1000.0,-1800.0,54.5,,,0.17,0.28,0.0,0.0,1.0,1.0,False,,,vsin_dk,free
2026_CFB_W03_ASU_KU_draftkings_20260913T021958Z,2026_CFB_W03_ASU_KU,2026-09-13T02:19:58.029032+00:00,,draftkings,5.5,,,170.0,-205.0,56.5,,,0.5,0.54,0.0,0.0,0.0,0.0,False,,,vsin_dk,free
2026_CFB_W03_FSU_ALA_draftkings_20260913T021958Z,2026_CFB_W03_FSU_ALA,2026-09-13T02:19:58.029032+00:00,,draftkings,-17.5,,,-950.0,625.0,50.5,,,0.78,0.32,1.0,1.0,1.0,1.0,False,,,vsin_dk,free
2026_CFB_W03_SMU_LOU_draftkings_20260913T021958Z,2026_CFB_W03_SMU_LOU,2026-09-13T02:19:58.029032+00:00,,draftkings,-1.5,,,-115.0,-105.0,58.5,,,0.8,0.98,0.88,1.0,0.57,0.12,False,,,vsin_dk,free
2026_CFB_W03_WKU_IU_draftkings_20260913T021958Z,2026_CFB_W03_WKU_IU,2026-09-13T02:19:58.029032+00:00,,draftkings,-44.5,,,,,59.5,,,0.67,0.97,,,0.0,0.0,False,,,vsin_dk,free
2026_CFB_W03_FLA_AUB_draftkings_20260913T021958Z,2026_CFB_W03_FLA_AUB,2026-09-13T02:19:58.029032+00:00,,draftkings,2.5,,,114.0,-135.0,51.5,,,0.56,0.16,0.12,0.01,0.5,1.0,False,,,vsin_dk,free
2026_CFB_W03_LSU_MISS_draftkings_20260913T021958Z,2026_CFB_W03_LSU_MISS,2026-09-13T02:19:58.029032+00:00,,draftkings,2.5,,,114.0,-135.0,58.5,,,0.27,0.36,0.31,0.45,1.0,1.0,False,,,vsin_dk,free
2026_CFB_W03_WVU_UVA_draftkings_20260913T021958Z,2026_CFB_W03_WVU_UVA,2026-09-13T02:19:58.029032+00:00,,draftkings,-8.5,,,-325.0,260.0,53.5,,,,,0.7,0.3,1.0,1.0,False,,,vsin_dk,free
2026_CFB_W03_UAB_UL_draftkings_20260913T023102Z,2026_CFB_W03_UAB_UL,2026-09-13T02:31:02.240688+00:00,,draftkings,9.5,,,285.0,-360.0,53.5,,,0.15,0.33,0.03,0.29,0.46,0.78,False,,,vsin_dk,free
2026_CFB_W03_MIA_WAKE_draftkings_20260913T023102Z,2026_CFB_W03_MIA_WAKE,2026-09-13T02:31:02.240688+00:00,,draftkings,22.5,,,1000.0,-1800.0,54.5,,,0.17,0.28,0.0,0.0,1.0,1.0,False,,,vsin_dk,free
2026_CFB_W03_ASU_KU_draftkings_20260913T023102Z,2026_CFB_W03_ASU_KU,2026-09-13T02:31:02.240688+00:00,,draftkings,5.5,,,170.0,-205.0,56.5,,,0.5,0.54,0.0,0.0,0.0,0.0,False,,,vsin_dk,free
2026_CFB_W03_FSU_ALA_draftkings_20260913T023102Z,2026_CFB_W03_FSU_ALA,2026-09-13T02:31:02.240688+00:00,,draftkings,-17.5,,,-950.0,625.0,50.5,,,0.78,0.32,1.0,1.0,1.0,1.0,False,,,vsin_dk,free
2026_CFB_W03_SMU_LOU_draftkings_20260913T023102Z,2026_CFB_W03_SMU_LOU,2026-09-13T02:31:02.240688+00:00,,draftkings,-1.5,,,-115.0,-105.0,58.5,,,0.8,0.98,0.88,1.0,0.57,0.12,False,,,vsin_dk,free
2026_CFB_W03_WKU_IU_draftkings_20260913T023102Z,2026_CFB_W03_WKU_IU,2026-09-13T02:31:02.240688+00:00,,draftkings,-44.5,,,,,59.5,,,0.67,0.97,,,0.0,0.0,False,,,vsin_dk,free
2026_CFB_W03_FLA_AUB_draftkings_20260913T023102Z,2026_CFB_W03_FLA_AUB,2026-09-13T02:31:02.240688+00:00,,draftkings,2.5,,,114.0,-135.0,51.5,,,0.56,0.16,0.12,0.01,0.5,1.0,False,,,vsin_dk,free
2026_CFB_W03_LSU_MISS_draftkings_20260913T023102Z,2026_CFB_W03_LSU_MISS,2026-09-13T02:31:02.240688+00:00,,draftkings,2.5,,,114.0,-135.0,58.5,,,0.27,0.36,0.31,0.45,1.0,1.0,False,,,vsin_dk,free
2026_CFB_W03_WVU_UVA_draftkings_20260913T023102Z,2026_CFB_W03_WVU_UVA,2026-09-13T02:31:02.240688+00:00,,draftkings,-8.5,,,-325.0,260.0,53.5,,,0.77,0.92,0.71,0.32,1.0,1.0,False,,,vsin_dk,free
2026_CFB_W03_UAB_UL_draftkings_20260913T024307Z,2026_CFB_W03_UAB_UL,2026-09-13T02:43:07.982912+00:00,,draftkings,9.5,,,285.0,-360.0,53.5,,,0.15,0.33,0.03,0.29,0.46,0.78,False,,,vsin_dk,free
2026_CFB_W03_MIA_WAKE_draftkings_20260913T024307Z,2026_CFB_W03_MIA_WAKE,2026-09-13T02:43:07.982912+00:00,,draftkings,22.5,,,1000.0,-1800.0,54.5,,,,,0.0,0.0,1.0,1.0,False,,,vsin_dk,free
2026_CFB_W03_ASU_KU_draftkings_20260913T024307Z,2026_CFB_W03_ASU_KU,2026-09-13T02:43:07.982912+00:00,,draftkings,5.5,,,170.0,-205.0,56.5,,,0.5,0.54,0.0,0.0,0.0,0.0,False,,,vsin_dk,free
2026_CFB_W03_FSU_ALA_draftkings_20260913T024307Z,2026_CFB_W03_FSU_ALA,2026-09-13T02:43:07.982912+00:00,,draftkings,-17.5,,,-950.0,625.0,50.5,,,0.78,0.32,1.0,1.0,1.0,1.0,False,,,vsin_dk,free
2026_CFB_W03_SMU_LOU_draftkings_20260913T024307Z,2026_CFB_W03_SMU_LOU,2026-09-13T02:43:07.982912+00:00,,draftkings,-1.5,,,-115.0,-105.0,58.5,,,0.8,0.98,0.88,1.0,0.57,0.12,False,,,vsin_dk,free
2026_CFB_W03_FLA_AUB_draftkings_20260913T024307Z,2026_CFB_W03_FLA_AUB,2026-09-13T02:43:07.982912+00:00,,draftkings,2.5,,,114.0,-135.0,51.5,,,0.56,0.16,0.12,0.01,0.5,1.0,False,,,vsin_dk,free
2026_CFB_W03_LSU_MISS_draftkings_20260913T024307Z,2026_CFB_W03_LSU_MISS,2026-09-13T02:43:07.982912+00:00,,draftkings,2.5,,,114.0,-135.0,58.5,,,0.27,0.36,0.31,0.45,1.0,1.0,False,,,vsin_dk,free
2026_CFB_W03_WVU_UVA_draftkings_20260913T024307Z,2026_CFB_W03_WVU_UVA,2026-09-13T02:43:07.982912+00:00,,draftkings,-8.5,,,-325.0,260.0,53.5,,,0.77,0.92,0.71,0.32,,,False,,,vsin_dk,free
2026_CFB_W03_UAB_UL_draftkings_20260913T024602Z,2026_CFB_W03_UAB_UL,2026-09-13T02:46:02.607055+00:00,,draftkings,9.5,,,285.0,-360.0,53.5,,,0.15,0.33,0.03,0.29,0.46,0.78,False,,,vsin_dk,free
2026_CFB_W03_MIA_WAKE_draftkings_20260913T024602Z,2026_CFB_W03_MIA_WAKE,2026-09-13T02:46:02.607055+00:00,,draftkings,22.5,,,1000.0,-1800.0,54.5,,,0.16,0.26,0.0,0.0,1.0,1.0,False,,,vsin_dk,free
2026_CFB_W03_ASU_KU_draftkings_20260913T024602Z,2026_CFB_W03_ASU_KU,2026-09-13T02:46:02.607055+00:00,,draftkings,5.5,,,170.0,-205.0,56.5,,,0.5,0.54,0.0,0.0,0.0,0.0,False,,,vsin_dk,free
2026_CFB_W03_FSU_ALA_draftkings_20260913T024602Z,2026_CFB_W03_FSU_ALA,2026-09-13T02:46:02.607055+00:00,,draftkings,-17.5,,,-950.0,625.0,50.5,,,0.78,0.32,1.0,1.0,1.0,1.0,False,,,vsin_dk,free
2026_CFB_W03_SMU_LOU_draftkings_20260913T024602Z,2026_CFB_W03_SMU_LOU,2026-09-13T02:46:02.607055+00:00,,draftkings,-1.5,,,-115.0,-105.0,58.5,,,0.8,0.98,0.88,1.0,0.57,0.12,False,,,vsin_dk,free
2026_CFB_W03_FLA_AUB_draftkings_20260913T024602Z,2026_CFB_W03_FLA_AUB,2026-09-13T02:46:02.607055+00:00,,draftkings,2.5,,,114.0,-135.0,51.5,,,0.56,0.16,0.12,0.01,0.5,1.0,False,,,vsin_dk,free
2026_CFB_W03_LSU_MISS_draftkings_20260913T024602Z,2026_CFB_W03_LSU_MISS,2026-09-13T02:46:02.607055+00:00,,draftkings,2.5,,,114.0,-135.0,58.5,,,0.27,0.36,0.31,0.45,1.0,1.0,False,,,vsin_dk,free
2026_CFB_W03_WVU_UVA_draftkings_20260913T024602Z,2026_CFB_W03_WVU_UVA,2026-09-13T02:46:02.607055+00:00,,draftkings,-8.5,,,-325.0,260.0,53.5,,,0.77,0.92,,0.32,0.5,0.96,False,,,vsin_dk,free
2026_CFB_W03_UAB_UL_draftkings_20260913T025614Z,2026_CFB_W03_UAB_UL,2026-09-13T02:56:14.786859+00:00,,draftkings,9.5,,,285.0,-360.0,53.5,,,0.15,0.33,0.03,0.29,0.46,0.78,False,,,vsin_dk,free
2026_CFB_W03_MIA_WAKE_draftkings_20260913T025614Z,2026_CFB_W03_MIA_WAKE,2026-09-13T02:56:14.786859+00:00,,draftkings,22.5,,,1000.0,-1800.0,54.5,,,0.15,0.26,0.0,0.0,1.0,1.0,False,,,vsin_dk,free
2026_CFB_W03_ASU_KU_draftkings_20260913T025614Z,2026_CFB_W03_ASU_KU,2026-09-13T02:56:14.786859+00:00,,draftkings,5.5,,,170.0,-205.0,56.5,,,0.5,0.54,0.0,0.0,0.0,0.0,False,,,vsin_dk,free
2026_CFB_W03_FSU_ALA_draftkings_20260913T025614Z,2026_CFB_W03_FSU_ALA,2026-09-13T02:56:14.786859+00:00,,draftkings,-17.5,,,-950.0,625.0,50.5,,,0.78,0.32,1.0,1.0,1.0,1.0,False,,,vsin_dk,free
2026_CFB_W03_SMU_LOU_draftkings_20260913T025614Z,2026_CFB_W03_SMU_LOU,2026-09-13T02:56:14.786859+00:00,,draftkings,-1.5,,,-115.0,-105.0,58.5,,,0.8,0.98,0.88,1.0,0.57,0.12,False,,,vsin_dk,free
2026_CFB_W03_WKU_IU_draftkings_20260913T025614Z,2026_CFB_W03_WKU_IU,2026-09-13T02:56:14.786859+00:00,,draftkings,-44.5,,,,,59.5,,,0.71,0.97,,,0.5,0.91,False,,,vsin_dk,free
2026_CFB_W03_FLA_AUB_draftkings_20260913T025614Z,2026_CFB_W03_FLA_AUB,2026-09-13T02:56:14.786859+00:00,,draftkings,2.5,,,114.0,-135.0,51.5,,,0.56,0.16,0.12,0.01,0.5,1.0,False,,,vsin_dk,free
2026_CFB_W03_LSU_MISS_draftkings_20260913T025614Z,2026_CFB_W03_LSU_MISS,2026-09-13T02:56:14.786859+00:00,,draftkings,2.5,,,114.0,-135.0,58.5,,,0.27,0.36,0.31,0.45,1.0,1.0,False,,,vsin_dk,free
2026_CFB_W03_WVU_UVA_draftkings_20260913T025614Z,2026_CFB_W03_WVU_UVA,2026-09-13T02:56:14.786859+00:00,,draftkings,-8.5,,,-325.0,260.0,53.5,,,0.77,0.92,0.65,0.32,0.5,0.96,False,,,vsin_dk,free
2026_CFB_W03_UAB_UL_draftkings_20260913T030100Z,2026_CFB_W03_UAB_UL,2026-09-13T03:01:00.381638+00:00,,draftkings,9.5,,,285.0,-360.0,53.5,,,0.15,0.33,0.03,0.29,0.46,0.78,False,,,vsin_dk,free
2026_CFB_W03_MIA_WAKE_draftkings_20260913T030100Z,2026_CFB_W03_MIA_WAKE,2026-09-13T03:01:00.381638+00:00,,draftkings,22.5,,,1000.0,-1800.0,54.5,,,0.15,0.26,0.0,0.0,1.0,1.0,False,,,vsin_dk,free
2026_CFB_W03_ASU_KU_draftkings_20260913T030100Z,2026_CFB_W03_ASU_KU,2026-09-13T03:01:00.381638+00:00,,draftkings,5.5,,,170.0,-205.0,56.5,,,0.5,0.54,0.0,0.0,0.0,0.0,False,,,vsin_dk,free
2026_CFB_W03_FSU_ALA_draftkings_20260913T030100Z,2026_CFB_W03_FSU_ALA,2026-09-13T03:01:00.381638+00:00,,draftkings,-17.5,,,-950.0,625.0,50.5,,,0.78,0.32,1.0,1.0,1.0,1.0,False,,,vsin_dk,free
2026_CFB_W03_SMU_LOU_draftkings_20260913T030100Z,2026_CFB_W03_SMU_LOU,2026-09-13T03:01:00.381638+00:00,,draftkings,-1.5,,,-115.0,-105.0,58.5,,,0.8,0.98,0.88,1.0,0.57,0.12,False,,,vsin_dk,free
2026_CFB_W03_WKU_IU_draftkings_20260913T030100Z,2026_CFB_W03_WKU_IU,2026-09-13T03:01:00.381638+00:00,,draftkings,-44.5,,,,,59.5,,,0.71,0.97,,,0.5,0.91,False,,,vsin_dk,free
2026_CFB_W03_FLA_AUB_draftkings_20260913T030100Z,2026_CFB_W03_FLA_AUB,2026-09-13T03:01:00.381638+00:00,,draftkings,2.5,,,114.0,-135.0,51.5,,,0.56,0.16,0.12,0.01,0.5,1.0,False,,,vsin_dk,free
2026_CFB_W03_LSU_MISS_draftkings_20260913T030100Z,2026_CFB_W03_LSU_MISS,2026-09-13T03:01:00.381638+00:00,,draftkings,2.5,,,114.0,-135.0,58.5,,,0.27,0.36,0.31,0.45,1.0,1.0,False,,,vsin_dk,free
2026_CFB_W03_WVU_UVA_draftkings_20260913T030100Z,2026_CFB_W03_WVU_UVA,2026-09-13T03:01:00.381638+00:00,,draftkings,-8.5,,,-325.0,260.0,53.5,,,0.77,0.92,,,0.5,0.96,False,,,vsin_dk,free
2026_CFB_W03_UAB_UL_draftkings_20260913T031618Z,2026_CFB_W03_UAB_UL,2026-09-13T03:16:18.739807+00:00,,draftkings,9.5,,,285.0,-360.0,53.5,,,0.15,0.33,0.03,0.29,0.46,0.78,False,,,vsin_dk,free
2026_CFB_W03_MIA_WAKE_draftkings_20260913T031618Z,2026_CFB_W03_MIA_WAKE,2026-09-13T03:16:18.739807+00:00,,draftkings,22.5,,,1000.0,-1800.0,54.5,,,0.15,0.26,0.0,0.0,1.0,1.0,False,,,vsin_dk,free
2026_CFB_W03_ASU_KU_draftkings_20260913T031618Z,2026_CFB_W03_ASU_KU,2026-09-13T03:16:18.739807+00:00,,draftkings,5.5,,,170.0,-205.0,56.5,,,0.5,0.54,0.0,0.0,0.0,0.0,False,,,vsin_dk,free
2026_CFB_W03_FSU_ALA_draftkings_20260913T031618Z,2026_CFB_W03_FSU_ALA,2026-09-13T03:16:18.739807+00:00,,draftkings,-17.5,,,-950.0,625.0,50.5,,,0.78,0.32,1.0,1.0,1.0,1.0,False,,,vsin_dk,free
2026_CFB_W03_SMU_LOU_draftkings_20260913T031618Z,2026_CFB_W03_SMU_LOU,2026-09-13T03:16:18.739807+00:00,,draftkings,-1.5,,,-115.0,-105.0,58.5,,,0.8,0.98,0.88,1.0,0.57,0.12,False,,,vsin_dk,free
2026_CFB_W03_WKU_IU_draftkings_20260913T031618Z,2026_CFB_W03_WKU_IU,2026-09-13T03:16:18.739807+00:00,,draftkings,-44.5,,,,,59.5,,,0.71,0.97,,,0.5,0.91,False,,,vsin_dk,free
2026_CFB_W03_FLA_AUB_draftkings_20260913T031618Z,2026_CFB_W03_FLA_AUB,2026-09-13T03:16:18.739807+00:00,,draftkings,2.5,,,114.0,-135.0,51.5,,,0.56,0.16,0.12,0.01,0.5,1.0,False,,,vsin_dk,free
2026_CFB_W03_LSU_MISS_draftkings_20260913T031618Z,2026_CFB_W03_LSU_MISS,2026-09-13T03:16:18.739807+00:00,,draftkings,2.5,,,114.0,-135.0,58.5,,,0.27,0.36,0.31,0.45,1.0,1.0,False,,,vsin_dk,free
2026_CFB_W03_WVU_UVA_draftkings_20260913T031618Z,2026_CFB_W03_WVU_UVA,2026-09-13T03:16:18.739807+00:00,,draftkings,-8.5,,,-325.0,260.0,53.5,,,0.77,0.92,0.63,0.31,0.5,0.96,False,,,vsin_dk,free
2026_CFB_W03_UAB_UL_draftkings_20260913T031729Z,2026_CFB_W03_UAB_UL,2026-09-13T03:17:29.197339+00:00,,draftkings,9.5,,,285.0,-360.0,53.5,,,0.15,0.33,0.03,0.29,0.46,0.78,False,,,vsin_dk,free
2026_CFB_W03_MIA_WAKE_draftkings_20260913T031729Z,2026_CFB_W03_MIA_WAKE,2026-09-13T03:17:29.197339+00:00,,draftkings,22.5,,,1000.0,-1800.0,54.5,,,0.15,0.26,0.0,0.0,1.0,1.0,False,,,vsin_dk,free
2026_CFB_W03_ASU_KU_draftkings_20260913T031729Z,2026_CFB_W03_ASU_KU,2026-09-13T03:17:29.197339+00:00,,draftkings,5.5,,,170.0,-205.0,56.5,,,0.5,0.54,0.0,0.0,0.0,0.0,False,,,vsin_dk,free
2026_CFB_W03_FSU_ALA_draftkings_20260913T031729Z,2026_CFB_W03_FSU_ALA,2026-09-13T03:17:29.197339+00:00,,draftkings,-17.5,,,-950.0,625.0,50.5,,,0.78,0.32,1.0,1.0,1.0,1.0,False,,,vsin_dk,free
2026_CFB_W03_SMU_LOU_draftkings_20260913T031729Z,2026_CFB_W03_SMU_LOU,2026-09-13T03:17:29.197339+00:00,,draftkings,-1.5,,,-115.0,-105.0,58.5,,,0.8,0.98,0.88,1.0,0.57,0.12,False,,,vsin_dk,free
2026_CFB_W03_WKU_IU_draftkings_20260913T031729Z,2026_CFB_W03_WKU_IU,2026-09-13T03:17:29.197339+00:00,,draftkings,-44.5,,,,,59.5,,,0.71,0.97,,,0.5,0.91,False,,,vsin_dk,free
2026_CFB_W03_FLA_AUB_draftkings_20260913T031729Z,2026_CFB_W03_FLA_AUB,2026-09-13T03:17:29.197339+00:00,,draftkings,2.5,,,114.0,-135.0,51.5,,,0.56,0.16,0.12,0.01,0.5,1.0,False,,,vsin_dk,free
2026_CFB_W03_LSU_MISS_draftkings_20260913T031729Z,2026_CFB_W03_LSU_MISS,2026-09-13T03:17:29.197339+00:00,,draftkings,2.5,,,114.0,-135.0,58.5,,,0.27,0.36,0.31,0.45,1.0,1.0,False,,,vsin_dk,free
2026_CFB_W03_WVU_UVA_draftkings_20260913T031729Z,2026_CFB_W03_WVU_UVA,2026-09-13T03:17:29.197339+00:00,,draftkings,-8.5,,,-325.0,260.0,53.5,,,0.77,0.92,0.63,0.31,0.5,0.96,False,,,vsin_dk,free
2026_CFB_W03_UAB_UL_draftkings_20260913T032011Z,2026_CFB_W03_UAB_UL,2026-09-13T03:20:11.635597+00:00,,draftkings,9.5,,,285.0,-360.0,53.5,,,0.15,0.33,0.03,0.29,0.46,0.78,False,,,vsin_dk,free
2026_CFB_W03_MIA_WAKE_draftkings_20260913T032011Z,2026_CFB_W03_MIA_WAKE,2026-09-13T03:20:11.635597+00:00,,draftkings,22.5,,,1000.0,-1800.0,54.5,,,0.15,0.26,0.0,0.0,1.0,1.0,False,,,vsin_dk,free
2026_CFB_W03_ASU_KU_draftkings_20260913T032011Z,2026_CFB_W03_ASU_KU,2026-09-13T03:20:11.635597+00:00,,draftkings,5.5,,,170.0,-205.0,56.5,,,0.5,0.54,0.0,0.0,0.0,0.0,False,,,vsin_dk,free
2026_CFB_W03_FSU_ALA_draftkings_20260913T032011Z,2026_CFB_W03_FSU_ALA,2026-09-13T03:20:11.635597+00:00,,draftkings,-17.5,,,-950.0,625.0,50.5,,,0.78,0.32,1.0,1.0,1.0,1.0,False,,,vsin_dk,free
2026_CFB_W03_SMU_LOU_draftkings_20260913T032011Z,2026_CFB_W03_SMU_LOU,2026-09-13T03:20:11.635597+00:00,,draftkings,-1.5,,,-115.0,-105.0,58.5,,,0.8,0.98,0.88,1.0,0.57,0.12,False,,,vsin_dk,free
2026_CFB_W03_WKU_IU_draftkings_20260913T032011Z,2026_CFB_W03_WKU_IU,2026-09-13T03:20:11.635597+00:00,,draftkings,-44.5,,,,,59.5,,,0.71,0.97,,,0.5,0.91,False,,,vsin_dk,free
2026_CFB_W03_FLA_AUB_draftkings_20260913T032011Z,2026_CFB_W03_FLA_AUB,2026-09-13T03:20:11.635597+00:00,,draftkings,2.5,,,114.0,-135.0,51.5,,,0.56,0.16,0.12,0.01,0.5,1.0,False,,,vsin_dk,free
2026_CFB_W03_LSU_MISS_draftkings_20260913T032011Z,2026_CFB_W03_LSU_MISS,2026-09-13T03:20:11.635597+00:00,,draftkings,2.5,,,114.0,-135.0,58.5,,,0.27,0.36,0.31,0.45,1.0,1.0,False,,,vsin_dk,free
2026_CFB_W03_WVU_UVA_draftkings_20260913T032011Z,2026_CFB_W03_WVU_UVA,2026-09-13T03:20:11.635597+00:00,,draftkings,-8.5,,,-325.0,260.0,53.5,,,0.77,0.92,0.63,0.31,0.5,0.96,False,,,vsin_dk,free
2026_CFB_W03_UAB_UL_draftkings_20260913T033101Z,2026_CFB_W03_UAB_UL,2026-09-13T03:31:01.719767+00:00,,draftkings,9.5,,,285.0,-360.0,53.5,,,0.15,0.33,0.03,0.29,0.46,0.78,False,,,vsin_dk,free
2026_CFB_W03_MIA_WAKE_draftkings_20260913T033101Z,2026_CFB_W03_MIA_WAKE,2026-09-13T03:31:01.719767+00:00,,draftkings,22.5,,,1000.0,-1800.0,54.5,,,,,0.0,0.0,1.0,1.0,False,,,vsin_dk,free
2026_CFB_W03_ASU_KU_draftkings_20260913T033101Z,2026_CFB_W03_ASU_KU,2026-09-13T03:31:01.719767+00:00,,draftkings,5.5,,,170.0,-205.0,56.5,,,0.5,0.54,0.0,0.0,0.0,0.0,False,,,vsin_dk,free
2026_CFB_W03_FSU_ALA_draftkings_20260913T033101Z,2026_CFB_W03_FSU_ALA,2026-09-13T03:31:01.719767+00:00,,draftkings,-17.5,,,-950.0,625.0,50.5,,,0.78,0.32,1.0,1.0,1.0,1.0,False,,,vsin_dk,free
2026_CFB_W03_SMU_LOU_draftkings_20260913T033101Z,2026_CFB_W03_SMU_LOU,2026-09-13T03:31:01.719767+00:00,,draftkings,-1.5,,,-112.0,-108.0,58.5,,,0.81,0.99,0.88,1.0,0.57,0.12,False,,,vsin_dk,free
2026_CFB_W03_WKU_IU_draftkings_20260913T033101Z,2026_CFB_W03_WKU_IU,2026-09-13T03:31:01.719767+00:00,,draftkings,-44.5,,,,,59.5,,,0.71,0.97,,,0.5,0.91,False,,,vsin_dk,free
2026_CFB_W03_FLA_AUB_draftkings_20260913T033101Z,2026_CFB_W03_FLA_AUB,2026-09-13T03:31:01.719767+00:00,,draftkings,2.5,,,114.0,-135.0,51.5,,,0.56,0.16,0.12,0.01,0.5,1.0,False,,,vsin_dk,free
2026_CFB_W03_LSU_MISS_draftkings_20260913T033101Z,2026_CFB_W03_LSU_MISS,2026-09-13T03:31:01.719767+00:00,,draftkings,2.5,,,114.0,-135.0,58.5,,,0.27,0.36,0.31,0.45,1.0,1.0,False,,,vsin_dk,free
2026_CFB_W03_WVU_UVA_draftkings_20260913T033101Z,2026_CFB_W03_WVU_UVA,2026-09-13T03:31:01.719767+00:00,,draftkings,-8.5,,,-325.0,260.0,53.5,,,0.77,0.92,0.63,0.31,0.5,0.96,False,,,vsin_dk,free
2026_CFB_W03_UAB_UL_draftkings_20260913T034327Z,2026_CFB_W03_UAB_UL,2026-09-13T03:43:27.995872+00:00,,draftkings,9.5,,,285.0,-360.0,53.5,,,0.15,0.33,0.03,0.29,0.46,0.78,False,,,vsin_dk,free
2026_CFB_W03_SYR_PITT_draftkings_20260913T034327Z,2026_CFB_W03_SYR_PITT,2026-09-13T03:43:27.995872+00:00,,draftkings,-10.5,,,-380.0,300.0,53.5,,,0.73,0.66,0.83,0.94,0.5,0.88,False,,,vsin_dk,free
2026_CFB_W03_MIA_WAKE_draftkings_20260913T034327Z,2026_CFB_W03_MIA_WAKE,2026-09-13T03:43:27.995872+00:00,,draftkings,22.5,,,1000.0,-1800.0,54.5,,,0.14,0.25,0.0,0.0,1.0,1.0,False,,,vsin_dk,free
2026_CFB_W03_ASU_KU_draftkings_20260913T034327Z,2026_CFB_W03_ASU_KU,2026-09-13T03:43:27.995872+00:00,,draftkings,5.5,,,170.0,-205.0,56.5,,,0.5,0.54,0.0,0.0,0.0,0.0,False,,,vsin_dk,free
2026_CFB_W03_FSU_ALA_draftkings_20260913T034327Z,2026_CFB_W03_FSU_ALA,2026-09-13T03:43:27.995872+00:00,,draftkings,-17.5,,,-950.0,625.0,50.5,,,,0.32,1.0,1.0,1.0,1.0,False,,,vsin_dk,free
2026_CFB_W03_SMU_LOU_draftkings_20260913T034327Z,2026_CFB_W03_SMU_LOU,2026-09-13T03:43:27.995872+00:00,,draftkings,-1.5,,,-112.0,-108.0,58.5,,,0.81,0.99,,1.0,0.57,0.12,False,,,vsin_dk,free
2026_CFB_W03_FLA_AUB_draftkings_20260913T034327Z,2026_CFB_W03_FLA_AUB,2026-09-13T03:43:27.995872+00:00,,draftkings,2.5,,,114.0,-135.0,51.5,,,0.56,0.16,0.12,0.01,0.5,1.0,False,,,vsin_dk,free
2026_CFB_W03_LSU_MISS_draftkings_20260913T034327Z,2026_CFB_W03_LSU_MISS,2026-09-13T03:43:27.995872+00:00,,draftkings,2.5,,,114.0,-135.0,58.5,,,0.27,0.36,0.31,0.45,1.0,1.0,False,,,vsin_dk,free
2026_CFB_W03_MSU_ND_draftkings_20260913T034327Z,2026_CFB_W03_MSU_ND,2026-09-13T03:43:27.995872+00:00,,draftkings,-29.5,,,-8000.0,2200.0,53.5,,,0.67,0.42,0.92,0.08,1.0,1.0,False,,,vsin_dk,free
2026_CFB_W03_WVU_UVA_draftkings_20260913T034327Z,2026_CFB_W03_WVU_UVA,2026-09-13T03:43:27.995872+00:00,,draftkings,-9.5,,,-355.0,280.0,53.5,,,0.77,0.92,0.63,0.31,,0.96,False,,,vsin_dk,free
2026_CFB_W03_UAB_UL_draftkings_20260913T034602Z,2026_CFB_W03_UAB_UL,2026-09-13T03:46:02.055146+00:00,,draftkings,9.5,,,285.0,-360.0,53.5,,,0.15,0.33,0.03,0.29,0.46,0.78,False,,,vsin_dk,free
2026_CFB_W03_SYR_PITT_draftkings_20260913T034602Z,2026_CFB_W03_SYR_PITT,2026-09-13T03:46:02.055146+00:00,,draftkings,-10.5,,,-380.0,300.0,53.5,,,0.73,0.66,,0.94,0.5,0.88,False,,,vsin_dk,free
2026_CFB_W03_MIA_WAKE_draftkings_20260913T034602Z,2026_CFB_W03_MIA_WAKE,2026-09-13T03:46:02.055146+00:00,,draftkings,22.5,,,1000.0,-1800.0,54.5,,,0.14,0.25,0.0,0.0,1.0,1.0,False,,,vsin_dk,free
2026_CFB_W03_ASU_KU_draftkings_20260913T034602Z,2026_CFB_W03_ASU_KU,2026-09-13T03:46:02.055146+00:00,,draftkings,5.5,,,170.0,-205.0,56.5,,,,,0.0,0.0,0.0,0.0,False,,,vsin_dk,free
2026_CFB_W03_FSU_ALA_draftkings_20260913T034602Z,2026_CFB_W03_FSU_ALA,2026-09-13T03:46:02.055146+00:00,,draftkings,-17.5,,,-950.0,625.0,50.5,,,0.7,0.32,1.0,1.0,1.0,1.0,False,,,vsin_dk,free
2026_CFB_W03_SMU_LOU_draftkings_20260913T034602Z,2026_CFB_W03_SMU_LOU,2026-09-13T03:46:02.055146+00:00,,draftkings,-1.5,,,-112.0,-108.0,58.5,,,0.81,0.99,,1.0,0.57,0.12,False,,,vsin_dk,free
2026_CFB_W03_WKU_IU_draftkings_20260913T034602Z,2026_CFB_W03_WKU_IU,2026-09-13T03:46:02.055146+00:00,,draftkings,-44.5,,,,,59.5,,,0.71,0.97,,,0.67,0.92,False,,,vsin_dk,free
2026_CFB_W03_MSST_SC_draftkings_20260913T034602Z,2026_CFB_W03_MSST_SC,2026-09-13T03:46:02.055146+00:00,,draftkings,-5.5,,,-218.0,180.0,56.5,,,0.0,0.0,0.56,0.14,1.0,1.0,False,,,vsin_dk,free
2026_CFB_W03_FLA_AUB_draftkings_20260913T034602Z,2026_CFB_W03_FLA_AUB,2026-09-13T03:46:02.055146+00:00,,draftkings,2.5,,,114.0,-135.0,51.5,,,0.56,0.16,0.12,0.01,0.5,1.0,False,,,vsin_dk,free
2026_CFB_W03_LSU_MISS_draftkings_20260913T034602Z,2026_CFB_W03_LSU_MISS,2026-09-13T03:46:02.055146+00:00,,draftkings,2.5,,,114.0,-135.0,58.5,,,0.27,0.36,0.31,0.45,1.0,1.0,False,,,vsin_dk,free
2026_CFB_W03_MSU_ND_draftkings_20260913T034602Z,2026_CFB_W03_MSU_ND,2026-09-13T03:46:02.055146+00:00,,draftkings,-29.5,,,-8000.0,2200.0,53.5,,,0.67,0.42,0.92,0.08,1.0,1.0,False,,,vsin_dk,free
2026_CFB_W03_WVU_UVA_draftkings_20260913T034602Z,2026_CFB_W03_WVU_UVA,2026-09-13T03:46:02.055146+00:00,,draftkings,-9.5,,,-355.0,280.0,53.5,,,0.77,0.92,,,0.67,0.96,False,,,vsin_dk,free
2026_CFB_W03_UAB_UL_draftkings_20260913T035629Z,2026_CFB_W03_UAB_UL,2026-09-13T03:56:29.302165+00:00,,draftkings,9.5,,,285.0,-360.0,53.5,,,0.15,0.33,0.03,0.29,0.46,0.78,False,,,vsin_dk,free
2026_CFB_W03_SYR_PITT_draftkings_20260913T035629Z,2026_CFB_W03_SYR_PITT,2026-09-13T03:56:29.302165+00:00,,draftkings,-10.5,,,-380.0,300.0,53.5,,,0.73,0.66,0.85,0.94,0.5,0.88,False,,,vsin_dk,free
2026_CFB_W03_MIA_WAKE_draftkings_20260913T035629Z,2026_CFB_W03_MIA_WAKE,2026-09-13T03:56:29.302165+00:00,,draftkings,22.5,,,1000.0,-1800.0,54.5,,,0.14,0.25,0.0,0.0,1.0,1.0,False,,,vsin_dk,free
2026_CFB_W03_ASU_KU_draftkings_20260913T035629Z,2026_CFB_W03_ASU_KU,2026-09-13T03:56:29.302165+00:00,,draftkings,5.5,,,170.0,-205.0,56.5,,,0.33,0.47,0.0,0.0,0.0,0.0,False,,,vsin_dk,free
2026_CFB_W03_FSU_ALA_draftkings_20260913T035629Z,2026_CFB_W03_FSU_ALA,2026-09-13T03:56:29.302165+00:00,,draftkings,-17.5,,,-950.0,625.0,50.5,,,0.7,0.32,1.0,1.0,1.0,1.0,False,,,vsin_dk,free
2026_CFB_W03_SMU_LOU_draftkings_20260913T035629Z,2026_CFB_W03_SMU_LOU,2026-09-13T03:56:29.302165+00:00,,draftkings,-1.5,,,-112.0,-108.0,58.5,,,0.81,0.99,0.88,1.0,0.57,0.12,False,,,vsin_dk,free
2026_CFB_W03_WKU_IU_draftkings_20260913T035629Z,2026_CFB_W03_WKU_IU,2026-09-13T03:56:29.302165+00:00,,draftkings,-44.5,,,,,59.5,,,0.71,0.97,,,0.67,0.92,False,,,vsin_dk,free
2026_CFB_W03_MSST_SC_draftkings_20260913T035629Z,2026_CFB_W03_MSST_SC,2026-09-13T03:56:29.302165+00:00,,draftkings,-5.5,,,-218.0,180.0,56.5,,,0.0,0.0,0.56,0.14,1.0,1.0,False,,,vsin_dk,free
2026_CFB_W03_FLA_AUB_draftkings_20260913T035629Z,2026_CFB_W03_FLA_AUB,2026-09-13T03:56:29.302165+00:00,,draftkings,2.5,,,114.0,-135.0,51.5,,,0.56,0.16,0.12,0.01,0.5,1.0,False,,,vsin_dk,free
2026_CFB_W03_VT_MD_draftkings_20260913T035629Z,2026_CFB_W03_VT_MD,2026-09-13T03:56:29.302165+00:00,,draftkings,1.5,,,102.0,-122.0,54.5,,,0.13,0.0,0.17,0.06,0.17,0.0,False,,,vsin_dk,free
2026_CFB_W03_LSU_MISS_draftkings_20260913T035629Z,2026_CFB_W03_LSU_MISS,2026-09-13T03:56:29.302165+00:00,,draftkings,2.5,,,114.0,-135.0,58.5,,,0.27,0.36,0.32,0.48,1.0,1.0,False,,,vsin_dk,free
2026_CFB_W03_MSU_ND_draftkings_20260913T035629Z,2026_CFB_W03_MSU_ND,2026-09-13T03:56:29.302165+00:00,,draftkings,-29.5,,,-8000.0,2200.0,53.5,,,0.67,0.42,0.92,0.08,1.0,1.0,False,,,vsin_dk,free
2026_CFB_W03_WVU_UVA_draftkings_20260913T035629Z,2026_CFB_W03_WVU_UVA,2026-09-13T03:56:29.302165+00:00,,draftkings,-9.5,,,-355.0,280.0,53.5,,,0.77,0.92,0.62,0.3,0.67,0.96,False,,,vsin_dk,free
2026_CFB_W03_UAB_UL_draftkings_20260913T040101Z,2026_CFB_W03_UAB_UL,2026-09-13T04:01:01.948482+00:00,,draftkings,9.5,,,285.0,-360.0,53.5,,,0.15,0.33,0.03,0.29,0.46,0.78,False,,,vsin_dk,free
2026_CFB_W03_SYR_PITT_draftkings_20260913T040101Z,2026_CFB_W03_SYR_PITT,2026-09-13T04:01:01.948482+00:00,,draftkings,-10.5,,,-380.0,300.0,53.5,,,0.73,0.66,,,0.5,0.88,False,,,vsin_dk,free
2026_CFB_W03_MIA_WAKE_draftkings_20260913T040101Z,2026_CFB_W03_MIA_WAKE,2026-09-13T04:01:01.948482+00:00,,draftkings,22.5,,,1000.0,-1800.0,54.5,,,0.14,0.25,0.0,0.0,1.0,1.0,False,,,vsin_dk,free
2026_CFB_W03_ASU_KU_draftkings_20260913T040101Z,2026_CFB_W03_ASU_KU,2026-09-13T04:01:01.948482+00:00,,draftkings,5.5,,,170.0,-205.0,56.5,,,,,0.0,0.0,0.0,0.0,False,,,vsin_dk,free
2026_CFB_W03_FSU_ALA_draftkings_20260913T040101Z,2026_CFB_W03_FSU_ALA,2026-09-13T04:01:01.948482+00:00,,draftkings,-17.5,,,-950.0,625.0,50.5,,,,,1.0,1.0,1.0,1.0,False,,,vsin_dk,free
2026_CFB_W03_SMU_LOU_draftkings_20260913T040101Z,2026_CFB_W03_SMU_LOU,2026-09-13T04:01:01.948482+00:00,,draftkings,-1.5,,,-112.0,-108.0,58.5,,,0.81,0.99,,,0.57,0.12,False,,,vsin_dk,free
2026_CFB_W03_WKU_IU_draftkings_20260913T040101Z,2026_CFB_W03_WKU_IU,2026-09-13T04:01:01.948482+00:00,,draftkings,-44.5,,,,,59.5,,,0.71,0.97,,,0.67,0.92,False,,,vsin_dk,free
2026_CFB_W03_MSST_SC_draftkings_20260913T040101Z,2026_CFB_W03_MSST_SC,2026-09-13T04:01:01.948482+00:00,,draftkings,-5.5,,,-218.0,180.0,56.5,,,0.0,0.0,0.56,0.14,1.0,1.0,False,,,vsin_dk,free
2026_CFB_W03_FLA_AUB_draftkings_20260913T040101Z,2026_CFB_W03_FLA_AUB,2026-09-13T04:01:01.948482+00:00,,draftkings,2.5,,,114.0,-135.0,51.5,,,0.56,0.16,0.12,0.01,0.5,1.0,False,,,vsin_dk,free
2026_CFB_W03_VT_MD_draftkings_20260913T040101Z,2026_CFB_W03_VT_MD,2026-09-13T04:01:01.948482+00:00,,draftkings,1.5,,,102.0,-122.0,54.5,,,0.13,0.0,,0.06,0.17,0.0,False,,,vsin_dk,free
2026_CFB_W03_MSU_ND_draftkings_20260913T040101Z,2026_CFB_W03_MSU_ND,2026-09-13T04:01:01.948482+00:00,,draftkings,-29.5,,,-8000.0,2200.0,53.5,,,0.67,0.42,0.92,0.08,1.0,1.0,False,,,vsin_dk,free
2026_CFB_W03_WVU_UVA_draftkings_20260913T040101Z,2026_CFB_W03_WVU_UVA,2026-09-13T04:01:01.948482+00:00,,draftkings,-9.5,,,-355.0,280.0,53.5,,,0.77,0.92,0.62,0.3,0.67,0.96,False,,,vsin_dk,free
2026_CFB_W03_UAB_UL_draftkings_20260913T041605Z,2026_CFB_W03_UAB_UL,2026-09-13T04:16:05.324738+00:00,,draftkings,9.5,,,285.0,-360.0,53.5,,,0.15,0.33,0.03,0.29,0.46,0.78,False,,,vsin_dk,free
2026_CFB_W03_SYR_PITT_draftkings_20260913T041605Z,2026_CFB_W03_SYR_PITT,2026-09-13T04:16:05.324738+00:00,,draftkings,-10.5,,,-380.0,300.0,53.5,,,0.73,0.66,0.86,0.95,0.5,0.88,False,,,vsin_dk,free
2026_CFB_W03_MIA_WAKE_draftkings_20260913T041605Z,2026_CFB_W03_MIA_WAKE,2026-09-13T04:16:05.324738+00:00,,draftkings,22.5,,,1000.0,-1800.0,54.5,,,0.14,0.25,0.0,0.0,1.0,1.0,False,,,vsin_dk,free
2026_CFB_W03_ASU_KU_draftkings_20260913T041605Z,2026_CFB_W03_ASU_KU,2026-09-13T04:16:05.324738+00:00,,draftkings,5.5,,,170.0,-205.0,56.5,,,0.25,0.43,0.0,0.0,0.0,0.0,False,,,vsin_dk,free
2026_CFB_W03_FSU_ALA_draftkings_20260913T041605Z,2026_CFB_W03_FSU_ALA,2026-09-13T04:16:05.324738+00:00,,draftkings,-17.5,,,-950.0,625.0,50.5,,,0.75,0.76,1.0,1.0,1.0,1.0,False,,,vsin_dk,free
2026_CFB_W03_SMU_LOU_draftkings_20260913T041605Z,2026_CFB_W03_SMU_LOU,2026-09-13T04:16:05.324738+00:00,,draftkings,-1.5,,,-112.0,-108.0,58.5,,,0.81,0.99,0.86,0.99,0.57,0.12,False,,,vsin_dk,free
2026_CFB_W03_WKU_IU_draftkings_20260913T041605Z,2026_CFB_W03_WKU_IU,2026-09-13T04:16:05.324738+00:00,,draftkings,-44.5,,,,,59.5,,,0.71,0.97,,,0.67,0.92,False,,,vsin_dk,free
2026_CFB_W03_MSST_SC_draftkings_20260913T041605Z,2026_CFB_W03_MSST_SC,2026-09-13T04:16:05.324738+00:00,,draftkings,-5.5,,,-218.0,180.0,56.5,,,0.0,0.0,0.6,0.17,1.0,1.0,False,,,vsin_dk,free
2026_CFB_W03_FLA_AUB_draftkings_20260913T041605Z,2026_CFB_W03_FLA_AUB,2026-09-13T04:16:05.324738+00:00,,draftkings,2.5,,,114.0,-135.0,51.5,,,0.56,0.16,0.12,0.01,0.5,1.0,False,,,vsin_dk,free
2026_CFB_W03_VT_MD_draftkings_20260913T041605Z,2026_CFB_W03_VT_MD,2026-09-13T04:16:05.324738+00:00,,draftkings,1.5,,,102.0,-122.0,54.5,,,0.13,0.0,0.16,0.06,,0.0,False,,,vsin_dk,free
2026_CFB_W03_LSU_MISS_draftkings_20260913T041605Z,2026_CFB_W03_LSU_MISS,2026-09-13T04:16:05.324738+00:00,,draftkings,2.5,,,114.0,-135.0,58.5,,,0.26,0.32,0.33,0.48,1.0,1.0,False,,,vsin_dk,free
2026_CFB_W03_MSU_ND_draftkings_20260913T041605Z,2026_CFB_W03_MSU_ND,2026-09-13T04:16:05.324738+00:00,,draftkings,-29.5,,,-8000.0,2200.0,53.5,,,0.75,0.85,0.92,0.08,1.0,1.0,False,,,vsin_dk,free
2026_CFB_W03_WVU_UVA_draftkings_20260913T041605Z,2026_CFB_W03_WVU_UVA,2026-09-13T04:16:05.324738+00:00,,draftkings,-9.5,,,-355.0,280.0,53.5,,,0.77,0.92,0.6,0.29,0.67,0.96,False,,,vsin_dk,free
2026_CFB_W03_UAB_UL_draftkings_20260913T041752Z,2026_CFB_W03_UAB_UL,2026-09-13T04:17:52.999722+00:00,,draftkings,9.5,,,285.0,-360.0,53.5,,,0.15,0.33,0.03,0.29,0.46,0.78,False,,,vsin_dk,free
2026_CFB_W03_SYR_PITT_draftkings_20260913T041752Z,2026_CFB_W03_SYR_PITT,2026-09-13T04:17:52.999722+00:00,,draftkings,-10.5,,,-380.0,300.0,53.5,,,0.73,0.66,0.86,0.95,0.5,0.88,False,,,vsin_dk,free
2026_CFB_W03_MIA_WAKE_draftkings_20260913T041752Z,2026_CFB_W03_MIA_WAKE,2026-09-13T04:17:52.999722+00:00,,draftkings,22.5,,,1000.0,-1800.0,54.5,,,0.14,0.25,0.0,0.0,1.0,1.0,False,,,vsin_dk,free
2026_CFB_W03_ASU_KU_draftkings_20260913T041752Z,2026_CFB_W03_ASU_KU,2026-09-13T04:17:52.999722+00:00,,draftkings,5.5,,,170.0,-205.0,56.5,,,0.25,0.43,0.0,0.0,0.0,0.0,False,,,vsin_dk,free
2026_CFB_W03_FSU_ALA_draftkings_20260913T041752Z,2026_CFB_W03_FSU_ALA,2026-09-13T04:17:52.999722+00:00,,draftkings,-17.5,,,-950.0,625.0,50.5,,,0.75,0.76,1.0,1.0,1.0,1.0,False,,,vsin_dk,free
2026_CFB_W03_SMU_LOU_draftkings_20260913T041752Z,2026_CFB_W03_SMU_LOU,2026-09-13T04:17:52.999722+00:00,,draftkings,-1.5,,,-112.0,-108.0,58.5,,,0.81,0.99,0.86,0.99,0.57,0.12,False,,,vsin_dk,free
2026_CFB_W03_WKU_IU_draftkings_20260913T041752Z,2026_CFB_W03_WKU_IU,2026-09-13T04:17:52.999722+00:00,,draftkings,-44.5,,,,,59.5,,,0.71,0.97,,,0.67,0.92,False,,,vsin_dk,free
2026_CFB_W03_MSST_SC_draftkings_20260913T041752Z,2026_CFB_W03_MSST_SC,2026-09-13T04:17:52.999722+00:00,,draftkings,-5.5,,,-218.0,180.0,56.5,,,0.0,0.0,0.6,0.17,1.0,1.0,False,,,vsin_dk,free
2026_CFB_W03_FLA_AUB_draftkings_20260913T041752Z,2026_CFB_W03_FLA_AUB,2026-09-13T04:17:52.999722+00:00,,draftkings,2.5,,,114.0,-135.0,51.5,,,0.56,0.16,0.12,0.01,0.5,1.0,False,,,vsin_dk,free
2026_CFB_W03_VT_MD_draftkings_20260913T041752Z,2026_CFB_W03_VT_MD,2026-09-13T04:17:52.999722+00:00,,draftkings,1.5,,,102.0,-122.0,54.5,,,0.13,0.0,0.16,0.06,,0.0,False,,,vsin_dk,free
2026_CFB_W03_LSU_MISS_draftkings_20260913T041752Z,2026_CFB_W03_LSU_MISS,2026-09-13T04:17:52.999722+00:00,,draftkings,2.5,,,114.0,-135.0,58.5,,,0.26,0.32,0.33,0.48,1.0,1.0,False,,,vsin_dk,free
2026_CFB_W03_MSU_ND_draftkings_20260913T041752Z,2026_CFB_W03_MSU_ND,2026-09-13T04:17:52.999722+00:00,,draftkings,-29.5,,,-8000.0,2200.0,53.5,,,0.75,0.85,0.92,0.08,1.0,1.0,False,,,vsin_dk,free
2026_CFB_W03_WVU_UVA_draftkings_20260913T041752Z,2026_CFB_W03_WVU_UVA,2026-09-13T04:17:52.999722+00:00,,draftkings,-9.5,,,-355.0,280.0,53.5,,,0.77,0.92,0.6,0.29,0.67,0.96,False,,,vsin_dk,free
2026_CFB_W03_UAB_UL_draftkings_20260913T042010Z,2026_CFB_W03_UAB_UL,2026-09-13T04:20:10.458035+00:00,,draftkings,9.5,,,285.0,-360.0,53.5,,,0.15,0.33,0.03,0.29,0.46,0.78,False,,,vsin_dk,free
2026_CFB_W03_SYR_PITT_draftkings_20260913T042010Z,2026_CFB_W03_SYR_PITT,2026-09-13T04:20:10.458035+00:00,,draftkings,-10.5,,,-380.0,300.0,53.5,,,0.73,0.66,0.86,0.95,0.5,0.88,False,,,vsin_dk,free
2026_CFB_W03_MIA_WAKE_draftkings_20260913T042010Z,2026_CFB_W03_MIA_WAKE,2026-09-13T04:20:10.458035+00:00,,draftkings,22.5,,,1000.0,-1800.0,54.5,,,0.14,0.25,0.0,0.0,1.0,1.0,False,,,vsin_dk,free
2026_CFB_W03_ASU_KU_draftkings_20260913T042010Z,2026_CFB_W03_ASU_KU,2026-09-13T04:20:10.458035+00:00,,draftkings,5.5,,,170.0,-205.0,56.5,,,0.25,0.43,0.0,0.0,0.0,0.0,False,,,vsin_dk,free
2026_CFB_W03_FSU_ALA_draftkings_20260913T042010Z,2026_CFB_W03_FSU_ALA,2026-09-13T04:20:10.458035+00:00,,draftkings,-17.5,,,-950.0,625.0,50.5,,,0.75,0.76,1.0,1.0,1.0,1.0,False,,,vsin_dk,free
2026_CFB_W03_SMU_LOU_draftkings_20260913T042010Z,2026_CFB_W03_SMU_LOU,2026-09-13T04:20:10.458035+00:00,,draftkings,-1.5,,,-112.0,-108.0,58.5,,,0.81,0.99,0.86,0.99,0.57,0.12,False,,,vsin_dk,free
2026_CFB_W03_WKU_IU_draftkings_20260913T042010Z,2026_CFB_W03_WKU_IU,2026-09-13T04:20:10.458035+00:00,,draftkings,-44.5,,,,,59.5,,,0.71,0.97,,,0.67,0.92,False,,,vsin_dk,free
2026_CFB_W03_MSST_SC_draftkings_20260913T042010Z,2026_CFB_W03_MSST_SC,2026-09-13T04:20:10.458035+00:00,,draftkings,-5.5,,,-218.0,180.0,56.5,,,0.0,0.0,0.6,0.17,1.0,1.0,False,,,vsin_dk,free
2026_CFB_W03_FLA_AUB_draftkings_20260913T042010Z,2026_CFB_W03_FLA_AUB,2026-09-13T04:20:10.458035+00:00,,draftkings,2.5,,,114.0,-135.0,51.5,,,0.56,0.16,0.12,0.01,0.5,1.0,False,,,vsin_dk,free
2026_CFB_W03_VT_MD_draftkings_20260913T042010Z,2026_CFB_W03_VT_MD,2026-09-13T04:20:10.458035+00:00,,draftkings,1.5,,,102.0,-122.0,54.5,,,0.13,0.0,0.16,0.06,,0.0,False,,,vsin_dk,free
2026_CFB_W03_LSU_MISS_draftkings_20260913T042010Z,2026_CFB_W03_LSU_MISS,2026-09-13T04:20:10.458035+00:00,,draftkings,2.5,,,114.0,-135.0,58.5,,,0.26,0.32,0.33,0.48,1.0,1.0,False,,,vsin_dk,free
2026_CFB_W03_MSU_ND_draftkings_20260913T042010Z,2026_CFB_W03_MSU_ND,2026-09-13T04:20:10.458035+00:00,,draftkings,-29.5,,,-8000.0,2200.0,53.5,,,0.75,0.85,0.92,0.08,1.0,1.0,False,,,vsin_dk,free
2026_CFB_W03_WVU_UVA_draftkings_20260913T042010Z,2026_CFB_W03_WVU_UVA,2026-09-13T04:20:10.458035+00:00,,draftkings,-9.5,,,-355.0,280.0,53.5,,,0.77,0.92,0.6,0.29,0.67,0.96,False,,,vsin_dk,free
2026_CFB_W03_UAB_UL_draftkings_20260913T043103Z,2026_CFB_W03_UAB_UL,2026-09-13T04:31:03.734697+00:00,,draftkings,9.5,,,285.0,-360.0,53.5,,,0.15,0.33,0.03,0.29,0.46,0.78,False,,,vsin_dk,free
2026_CFB_W03_SYR_PITT_draftkings_20260913T043103Z,2026_CFB_W03_SYR_PITT,2026-09-13T04:31:03.734697+00:00,,draftkings,-10.5,,,-380.0,300.0,53.5,,,0.73,0.66,0.86,0.95,0.5,0.88,False,,,vsin_dk,free
2026_CFB_W03_MIA_WAKE_draftkings_20260913T043103Z,2026_CFB_W03_MIA_WAKE,2026-09-13T04:31:03.734697+00:00,,draftkings,22.5,,,1000.0,-1800.0,54.5,,,0.14,0.25,0.0,0.0,1.0,1.0,False,,,vsin_dk,free
2026_CFB_W03_ASU_KU_draftkings_20260913T043103Z,2026_CFB_W03_ASU_KU,2026-09-13T04:31:03.734697+00:00,,draftkings,5.5,,,170.0,-205.0,56.5,,,0.25,0.43,0.11,0.03,0.0,0.0,False,,,vsin_dk,free
2026_CFB_W03_FSU_ALA_draftkings_20260913T043103Z,2026_CFB_W03_FSU_ALA,2026-09-13T04:31:03.734697+00:00,,draftkings,-17.5,,,-950.0,625.0,50.5,,,0.77,0.85,1.0,1.0,1.0,1.0,False,,,vsin_dk,free
2026_CFB_W03_SMU_LOU_draftkings_20260913T043103Z,2026_CFB_W03_SMU_LOU,2026-09-13T04:31:03.734697+00:00,,draftkings,-1.5,,,-112.0,-108.0,58.5,,,0.81,0.99,0.87,0.99,0.57,0.12,False,,,vsin_dk,free
2026_CFB_W03_WKU_IU_draftkings_20260913T043103Z,2026_CFB_W03_WKU_IU,2026-09-13T04:31:03.734697+00:00,,draftkings,-44.5,,,,,59.5,,,0.71,0.97,,,0.67,0.92,False,,,vsin_dk,free
2026_CFB_W03_MSST_SC_draftkings_20260913T043103Z,2026_CFB_W03_MSST_SC,2026-09-13T04:31:03.734697+00:00,,draftkings,-5.5,,,-218.0,180.0,56.5,,,0.0,0.0,0.55,0.16,1.0,1.0,False,,,vsin_dk,free
2026_CFB_W03_FLA_AUB_draftkings_20260913T043103Z,2026_CFB_W03_FLA_AUB,2026-09-13T04:31:03.734697+00:00,,draftkings,2.5,,,114.0,-135.0,51.5,,,0.56,0.16,0.12,0.01,0.5,1.0,False,,,vsin_dk,free
2026_CFB_W03_VT_MD_draftkings_20260913T043103Z,2026_CFB_W03_VT_MD,2026-09-13T04:31:03.734697+00:00,,draftkings,1.5,,,102.0,-122.0,54.5,,,0.12,0.0,0.15,0.06,0.14,0.0,False,,,vsin_dk,free
2026_CFB_W03_LSU_MISS_draftkings_20260913T043103Z,2026_CFB_W03_LSU_MISS,2026-09-13T04:31:03.734697+00:00,,draftkings,2.5,,,114.0,-135.0,58.5,,,0.26,0.32,0.32,0.48,1.0,1.0,False,,,vsin_dk,free
2026_CFB_W03_MSU_ND_draftkings_20260913T043103Z,2026_CFB_W03_MSU_ND,2026-09-13T04:31:03.734697+00:00,,draftkings,-29.5,,,-8000.0,2200.0,53.5,,,0.75,0.85,0.92,0.08,1.0,1.0,False,,,vsin_dk,free
2026_CFB_W03_WVU_UVA_draftkings_20260913T043103Z,2026_CFB_W03_WVU_UVA,2026-09-13T04:31:03.734697+00:00,,draftkings,-9.5,,,-355.0,280.0,53.5,,,0.77,0.92,0.57,0.29,0.67,0.96,False,,,vsin_dk,free
2026_CFB_W03_UAB_UL_draftkings_20260913T044314Z,2026_CFB_W03_UAB_UL,2026-09-13T04:43:14.695387+00:00,,draftkings,9.5,,,285.0,-360.0,53.5,,,0.15,0.33,0.03,0.29,0.46,0.78,False,,,vsin_dk,free
2026_CFB_W03_SYR_PITT_draftkings_20260913T044314Z,2026_CFB_W03_SYR_PITT,2026-09-13T04:43:14.695387+00:00,,draftkings,-10.5,,,-380.0,300.0,53.5,,,0.73,0.66,0.86,0.95,0.33,0.87,False,,,vsin_dk,free
2026_CFB_W03_MIA_WAKE_draftkings_20260913T044314Z,2026_CFB_W03_MIA_WAKE,2026-09-13T04:43:14.695387+00:00,,draftkings,22.5,,,1000.0,-1800.0,54.5,,,0.14,0.25,0.0,0.0,1.0,1.0,False,,,vsin_dk,free
2026_CFB_W03_ASU_KU_draftkings_20260913T044314Z,2026_CFB_W03_ASU_KU,2026-09-13T04:43:14.695387+00:00,,draftkings,5.5,,,170.0,-205.0,56.5,,,0.25,0.43,0.11,0.03,0.0,0.0,False,,,vsin_dk,free
2026_CFB_W03_FSU_ALA_draftkings_20260913T044314Z,2026_CFB_W03_FSU_ALA,2026-09-13T04:43:14.695387+00:00,,draftkings,-17.5,,,-950.0,625.0,50.5,,,0.79,0.85,1.0,1.0,0.8,1.0,False,,,vsin_dk,free
2026_CFB_W03_SMU_LOU_draftkings_20260913T044314Z,2026_CFB_W03_SMU_LOU,2026-09-13T04:43:14.695387+00:00,,draftkings,-1.5,,,-112.0,-108.0,58.5,,,0.81,0.99,0.87,0.99,0.5,0.12,False,,,vsin_dk,free
2026_CFB_W03_WKU_IU_draftkings_20260913T044314Z,2026_CFB_W03_WKU_IU,2026-09-13T04:43:14.695387+00:00,,draftkings,-44.5,,,,,59.5,,,0.71,0.97,,,0.5,0.91,False,,,vsin_dk,free
2026_CFB_W03_MSST_SC_draftkings_20260913T044314Z,2026_CFB_W03_MSST_SC,2026-09-13T04:43:14.695387+00:00,,draftkings,-5.5,,,-218.0,180.0,56.5,,,0.0,0.0,0.55,0.16,0.9,1.0,False,,,vsin_dk,free
2026_CFB_W03_FLA_AUB_draftkings_20260913T044314Z,2026_CFB_W03_FLA_AUB,2026-09-13T04:43:14.695387+00:00,,draftkings,2.5,,,114.0,-135.0,51.5,,,0.56,0.16,0.12,0.01,0.5,1.0,False,,,vsin_dk,free
2026_CFB_W03_VT_MD_draftkings_20260913T044314Z,2026_CFB_W03_VT_MD,2026-09-13T04:43:14.695387+00:00,,draftkings,1.5,,,102.0,-122.0,54.5,,,0.12,0.0,0.15,0.06,0.13,0.0,False,,,vsin_dk,free
2026_CFB_W03_LSU_MISS_draftkings_20260913T044314Z,2026_CFB_W03_LSU_MISS,2026-09-13T04:43:14.695387+00:00,,draftkings,2.5,,,114.0,-135.0,58.5,,,0.26,0.32,0.32,0.48,0.86,1.0,False,,,vsin_dk,free
2026_CFB_W03_MSU_ND_draftkings_20260913T044314Z,2026_CFB_W03_MSU_ND,2026-09-13T04:43:14.695387+00:00,,draftkings,-29.5,,,-8000.0,2200.0,53.5,,,0.75,0.85,0.92,0.08,0.5,0.87,False,,,vsin_dk,free
2026_CFB_W03_WVU_UVA_draftkings_20260913T044314Z,2026_CFB_W03_WVU_UVA,2026-09-13T04:43:14.695387+00:00,,draftkings,-9.5,,,-355.0,280.0,53.5,,,0.79,0.92,0.57,0.29,0.5,0.96,False,,,vsin_dk,free
2026_CFB_W03_UAB_UL_draftkings_20260913T044609Z,2026_CFB_W03_UAB_UL,2026-09-13T04:46:09.445289+00:00,,draftkings,9.5,,,285.0,-360.0,53.5,,,0.15,0.33,0.03,0.29,0.46,0.78,False,,,vsin_dk,free
2026_CFB_W03_SYR_PITT_draftkings_20260913T044609Z,2026_CFB_W03_SYR_PITT,2026-09-13T04:46:09.445289+00:00,,draftkings,-10.5,,,-380.0,300.0,53.5,,,0.73,0.66,0.86,0.95,0.33,0.87,False,,,vsin_dk,free
2026_CFB_W03_MIA_WAKE_draftkings_20260913T044609Z,2026_CFB_W03_MIA_WAKE,2026-09-13T04:46:09.445289+00:00,,draftkings,22.5,,,1000.0,-1800.0,54.5,,,0.14,0.25,0.0,0.0,1.0,1.0,False,,,vsin_dk,free
2026_CFB_W03_ASU_KU_draftkings_20260913T044609Z,2026_CFB_W03_ASU_KU,2026-09-13T04:46:09.445289+00:00,,draftkings,5.5,,,170.0,-205.0,56.5,,,0.25,0.43,0.11,0.03,0.0,0.0,False,,,vsin_dk,free
2026_CFB_W03_FSU_ALA_draftkings_20260913T044609Z,2026_CFB_W03_FSU_ALA,2026-09-13T04:46:09.445289+00:00,,draftkings,-17.5,,,-950.0,625.0,50.5,,,0.79,0.85,1.0,1.0,0.8,1.0,False,,,vsin_dk,free
2026_CFB_W03_SMU_LOU_draftkings_20260913T044609Z,2026_CFB_W03_SMU_LOU,2026-09-13T04:46:09.445289+00:00,,draftkings,-1.5,,,-112.0,-108.0,58.5,,,0.81,0.99,0.87,0.99,0.5,0.12,False,,,vsin_dk,free
2026_CFB_W03_WKU_IU_draftkings_20260913T044609Z,2026_CFB_W03_WKU_IU,2026-09-13T04:46:09.445289+00:00,,draftkings,-44.5,,,,,59.5,,,0.71,0.97,,,0.5,0.91,False,,,vsin_dk,free
2026_CFB_W03_MSST_SC_draftkings_20260913T044609Z,2026_CFB_W03_MSST_SC,2026-09-13T04:46:09.445289+00:00,,draftkings,-5.5,,,-218.0,180.0,56.5,,,0.0,0.0,0.55,0.16,0.9,1.0,False,,,vsin_dk,free
2026_CFB_W03_FLA_AUB_draftkings_20260913T044609Z,2026_CFB_W03_FLA_AUB,2026-09-13T04:46:09.445289+00:00,,draftkings,2.5,,,114.0,-135.0,51.5,,,0.56,0.16,0.12,0.01,0.5,1.0,False,,,vsin_dk,free
2026_CFB_W03_VT_MD_draftkings_20260913T044609Z,2026_CFB_W03_VT_MD,2026-09-13T04:46:09.445289+00:00,,draftkings,1.5,,,102.0,-122.0,54.5,,,0.12,0.0,0.15,0.06,0.13,0.0,False,,,vsin_dk,free
2026_CFB_W03_LSU_MISS_draftkings_20260913T044609Z,2026_CFB_W03_LSU_MISS,2026-09-13T04:46:09.445289+00:00,,draftkings,2.5,,,114.0,-135.0,58.5,,,0.26,0.32,0.32,0.48,0.86,1.0,False,,,vsin_dk,free
2026_CFB_W03_MSU_ND_draftkings_20260913T044609Z,2026_CFB_W03_MSU_ND,2026-09-13T04:46:09.445289+00:00,,draftkings,-29.5,,,-8000.0,2200.0,53.5,,,0.75,0.85,0.92,0.08,0.5,0.87,False,,,vsin_dk,free
2026_CFB_W03_WVU_UVA_draftkings_20260913T044609Z,2026_CFB_W03_WVU_UVA,2026-09-13T04:46:09.445289+00:00,,draftkings,-9.5,,,-355.0,280.0,53.5,,,0.79,0.92,0.57,0.29,0.5,0.96,False,,,vsin_dk,free
2026_CFB_W03_UAB_UL_draftkings_20260913T045600Z,2026_CFB_W03_UAB_UL,2026-09-13T04:56:00.856703+00:00,,draftkings,9.5,,,285.0,-360.0,53.5,,,0.15,0.33,0.03,0.29,0.46,0.78,False,,,vsin_dk,free
2026_CFB_W03_SYR_PITT_draftkings_20260913T045600Z,2026_CFB_W03_SYR_PITT,2026-09-13T04:56:00.856703+00:00,,draftkings,-10.5,,,-380.0,300.0,53.5,,,0.69,0.61,0.86,0.95,0.33,0.87,False,,,vsin_dk,free
2026_CFB_W03_MIA_WAKE_draftkings_20260913T045600Z,2026_CFB_W03_MIA_WAKE,2026-09-13T04:56:00.856703+00:00,,draftkings,22.5,,,1000.0,-1800.0,54.5,,,0.13,0.24,0.0,0.0,1.0,1.0,False,,,vsin_dk,free
2026_CFB_W03_ASU_KU_draftkings_20260913T045600Z,2026_CFB_W03_ASU_KU,2026-09-13T04:56:00.856703+00:00,,draftkings,5.5,,,170.0,-205.0,56.5,,,0.25,0.43,0.2,0.68,0.0,0.0,False,,,vsin_dk,free
2026_CFB_W03_FSU_ALA_draftkings_20260913T045600Z,2026_CFB_W03_FSU_ALA,2026-09-13T04:56:00.856703+00:00,,draftkings,-17.5,,,-950.0,625.0,50.5,,,0.79,0.85,1.0,1.0,0.8,1.0,False,,,vsin_dk,free
2026_CFB_W03_SMU_LOU_draftkings_20260913T045600Z,2026_CFB_W03_SMU_LOU,2026-09-13T04:56:00.856703+00:00,,draftkings,-1.5,,,-112.0,-108.0,58.5,,,0.81,0.99,0.87,0.99,0.5,0.12,False,,,vsin_dk,free
2026_CFB_W03_WKU_IU_draftkings_20260913T045600Z,2026_CFB_W03_WKU_IU,2026-09-13T04:56:00.856703+00:00,,draftkings,-44.5,,,,,59.5,,,0.75,0.99,,,0.5,0.91,False,,,vsin_dk,free
2026_CFB_W03_MSST_SC_draftkings_20260913T045600Z,2026_CFB_W03_MSST_SC,2026-09-13T04:56:00.856703+00:00,,draftkings,-5.5,,,-218.0,180.0,56.5,,,0.0,0.0,0.55,0.16,0.9,1.0,False,,,vsin_dk,free
2026_CFB_W03_FLA_AUB_draftkings_20260913T045600Z,2026_CFB_W03_FLA_AUB,2026-09-13T04:56:00.856703+00:00,,draftkings,2.5,,,114.0,-135.0,51.5,,,0.56,0.16,0.12,0.01,0.5,1.0,False,,,vsin_dk,free
2026_CFB_W03_VT_MD_draftkings_20260913T045600Z,2026_CFB_W03_VT_MD,2026-09-13T04:56:00.856703+00:00,,draftkings,1.5,,,102.0,-122.0,54.5,,,0.12,0.0,0.15,0.06,0.13,0.0,False,,,vsin_dk,free
2026_CFB_W03_LSU_MISS_draftkings_20260913T045600Z,2026_CFB_W03_LSU_MISS,2026-09-13T04:56:00.856703+00:00,,draftkings,2.5,,,114.0,-135.0,58.5,,,0.26,0.32,0.32,0.48,0.86,1.0,False,,,vsin_dk,free
2026_CFB_W03_MSU_ND_draftkings_20260913T045600Z,2026_CFB_W03_MSU_ND,2026-09-13T04:56:00.856703+00:00,,draftkings,-29.5,,,-8000.0,2200.0,53.5,,,0.8,0.89,0.92,0.08,0.5,0.87,False,,,vsin_dk,free
2026_CFB_W03_WVU_UVA_draftkings_20260913T045600Z,2026_CFB_W03_WVU_UVA,2026-09-13T04:56:00.856703+00:00,,draftkings,-9.5,,,-355.0,280.0,53.5,,,0.79,0.92,0.57,0.29,0.5,0.96,False,,,vsin_dk,free
2026_CFB_W03_UAB_UL_draftkings_20260913T051826Z,2026_CFB_W03_UAB_UL,2026-09-13T05:18:26.143232+00:00,,draftkings,9.5,,,285.0,-360.0,53.5,,,0.15,0.33,0.03,0.29,0.46,0.78,False,,,vsin_dk,free
2026_CFB_W03_SYR_PITT_draftkings_20260913T051826Z,2026_CFB_W03_SYR_PITT,2026-09-13T05:18:26.143232+00:00,,draftkings,-10.5,,,-380.0,300.0,53.5,,,0.69,0.61,0.83,0.9,0.33,0.87,False,,,vsin_dk,free
2026_CFB_W03_MIA_WAKE_draftkings_20260913T051826Z,2026_CFB_W03_MIA_WAKE,2026-09-13T05:18:26.143232+00:00,,draftkings,22.5,,,1000.0,-1800.0,54.5,,,0.13,0.24,0.0,0.0,1.0,1.0,False,,,vsin_dk,free
2026_CFB_W03_ASU_KU_draftkings_20260913T051826Z,2026_CFB_W03_ASU_KU,2026-09-13T05:18:26.143232+00:00,,draftkings,5.5,,,170.0,-205.0,56.5,,,0.25,0.43,0.18,0.68,0.0,0.0,False,,,vsin_dk,free
2026_CFB_W03_FSU_ALA_draftkings_20260913T051826Z,2026_CFB_W03_FSU_ALA,2026-09-13T05:18:26.143232+00:00,,draftkings,-17.5,,,-950.0,625.0,50.5,,,0.8,0.85,1.0,1.0,0.8,1.0,False,,,vsin_dk,free
2026_CFB_W03_SMU_LOU_draftkings_20260913T051826Z,2026_CFB_W03_SMU_LOU,2026-09-13T05:18:26.143232+00:00,,draftkings,-1.5,,,-112.0,-108.0,58.5,,,0.81,0.99,0.86,0.99,0.5,0.12,False,,,vsin_dk,free
2026_CFB_W03_WKU_IU_draftkings_20260913T051826Z,2026_CFB_W03_WKU_IU,2026-09-13T05:18:26.143232+00:00,,draftkings,-44.5,,,,,59.5,,,0.78,0.99,,,0.5,0.91,False,,,vsin_dk,free
2026_CFB_W03_MSST_SC_draftkings_20260913T051826Z,2026_CFB_W03_MSST_SC,2026-09-13T05:18:26.143232+00:00,,draftkings,-5.5,,,-218.0,180.0,56.5,,,0.0,0.0,0.54,0.18,0.9,1.0,False,,,vsin_dk,free
2026_CFB_W03_FLA_AUB_draftkings_20260913T051826Z,2026_CFB_W03_FLA_AUB,2026-09-13T05:18:26.143232+00:00,,draftkings,2.5,,,114.0,-135.0,51.5,,,0.56,0.16,0.12,0.01,0.5,1.0,False,,,vsin_dk,free
2026_CFB_W03_VT_MD_draftkings_20260913T051826Z,2026_CFB_W03_VT_MD,2026-09-13T05:18:26.143232+00:00,,draftkings,1.5,,,102.0,-122.0,54.5,,,0.12,0.0,0.17,0.06,0.13,0.0,False,,,vsin_dk,free
2026_CFB_W03_LSU_MISS_draftkings_20260913T051826Z,2026_CFB_W03_LSU_MISS,2026-09-13T05:18:26.143232+00:00,,draftkings,2.5,,,114.0,-135.0,58.5,,,0.26,0.32,0.35,0.48,0.86,1.0,False,,,vsin_dk,free
2026_CFB_W03_MSU_ND_draftkings_20260913T051826Z,2026_CFB_W03_MSU_ND,2026-09-13T05:18:26.143232+00:00,,draftkings,-29.5,,,-8000.0,2200.0,53.5,,,0.83,0.89,0.92,0.08,0.5,0.87,False,,,vsin_dk,free
2026_CFB_W03_WVU_UVA_draftkings_20260913T051826Z,2026_CFB_W03_WVU_UVA,2026-09-13T05:18:26.143232+00:00,,draftkings,-9.5,,,-355.0,280.0,53.5,,,0.73,0.92,0.56,0.28,0.5,0.96,False,,,vsin_dk,free
2026_CFB_W03_UAB_UL_draftkings_20260913T062851Z,2026_CFB_W03_UAB_UL,2026-09-13T06:28:51.702845+00:00,,draftkings,9.5,,,285.0,-360.0,53.5,,,0.15,0.33,0.03,0.29,0.46,0.78,False,,,vsin_dk,free
2026_CFB_W03_SYR_PITT_draftkings_20260913T062851Z,2026_CFB_W03_SYR_PITT,2026-09-13T06:28:51.702845+00:00,,draftkings,-10.5,,,-380.0,300.0,53.5,,,0.69,0.61,0.84,0.91,0.33,0.87,False,,,vsin_dk,free
2026_CFB_W03_MIA_WAKE_draftkings_20260913T062851Z,2026_CFB_W03_MIA_WAKE,2026-09-13T06:28:51.702845+00:00,,draftkings,22.5,,,1000.0,-1800.0,54.5,,,0.13,0.24,0.0,0.0,1.0,1.0,False,,,vsin_dk,free
2026_CFB_W03_ASU_KU_draftkings_20260913T062851Z,2026_CFB_W03_ASU_KU,2026-09-13T06:28:51.702845+00:00,,draftkings,5.5,,,170.0,-205.0,56.5,,,0.2,0.03,0.18,0.68,0.0,0.0,False,,,vsin_dk,free
2026_CFB_W03_KENT_OSU_draftkings_20260913T062851Z,2026_CFB_W03_KENT_OSU,2026-09-13T06:28:51.702845+00:00,,draftkings,-52.5,,,,,56.5,,,1.0,1.0,,,1.0,1.0,False,,,vsin_dk,free
2026_CFB_W03_FSU_ALA_draftkings_20260913T062851Z,2026_CFB_W03_FSU_ALA,2026-09-13T06:28:51.702845+00:00,,draftkings,-17.5,,,-950.0,625.0,50.5,,,0.8,0.85,1.0,1.0,0.8,1.0,False,,,vsin_dk,free
2026_CFB_W03_SMU_LOU_draftkings_20260913T062851Z,2026_CFB_W03_SMU_LOU,2026-09-13T06:28:51.702845+00:00,,draftkings,-1.5,,,-112.0,-108.0,58.5,,,0.81,0.99,0.86,0.99,0.5,0.12,False,,,vsin_dk,free
2026_CFB_W03_WKU_IU_draftkings_20260913T062851Z,2026_CFB_W03_WKU_IU,2026-09-13T06:28:51.702845+00:00,,draftkings,-44.5,,,,,59.5,,,0.78,0.99,,,0.6,0.96,False,,,vsin_dk,free
2026_CFB_W03_MSST_SC_draftkings_20260913T062851Z,2026_CFB_W03_MSST_SC,2026-09-13T06:28:51.702845+00:00,,draftkings,-5.5,,,-218.0,180.0,56.5,,,0.0,0.0,0.54,0.18,0.9,1.0,False,,,vsin_dk,free
2026_CFB_W03_FLA_AUB_draftkings_20260913T062851Z,2026_CFB_W03_FLA_AUB,2026-09-13T06:28:51.702845+00:00,,draftkings,2.5,,,114.0,-135.0,51.5,,,0.56,0.16,0.12,0.01,0.5,1.0,False,,,vsin_dk,free
2026_CFB_W03_VT_MD_draftkings_20260913T062851Z,2026_CFB_W03_VT_MD,2026-09-13T06:28:51.702845+00:00,,draftkings,1.5,,,102.0,-122.0,54.5,,,0.12,0.0,0.17,0.06,0.13,0.0,False,,,vsin_dk,free
2026_CFB_W03_LSU_MISS_draftkings_20260913T062851Z,2026_CFB_W03_LSU_MISS,2026-09-13T06:28:51.702845+00:00,,draftkings,2.5,,,120.0,-142.0,58.5,,,0.26,0.32,0.35,0.48,0.86,1.0,False,,,vsin_dk,free
2026_CFB_W03_MSU_ND_draftkings_20260913T062851Z,2026_CFB_W03_MSU_ND,2026-09-13T06:28:51.702845+00:00,,draftkings,-29.5,,,-8000.0,2200.0,53.5,,,0.83,0.89,0.92,0.09,0.5,0.87,False,,,vsin_dk,free
2026_CFB_W03_WVU_UVA_draftkings_20260913T062851Z,2026_CFB_W03_WVU_UVA,2026-09-13T06:28:51.702845+00:00,,draftkings,-9.5,,,-355.0,280.0,53.5,,,0.73,0.92,0.56,0.28,0.5,0.96,False,,,vsin_dk,free
2026_CFB_W03_UAB_UL_draftkings_20260913T071916Z,2026_CFB_W03_UAB_UL,2026-09-13T07:19:16.003764+00:00,,draftkings,9.5,,,285.0,-360.0,53.5,,,0.15,0.33,0.03,0.29,0.46,0.78,False,,,vsin_dk,free
2026_CFB_W03_SYR_PITT_draftkings_20260913T071916Z,2026_CFB_W03_SYR_PITT,2026-09-13T07:19:16.003764+00:00,,draftkings,-10.5,,,-380.0,300.0,53.5,,,0.69,0.61,0.84,0.91,0.33,0.87,False,,,vsin_dk,free
2026_CFB_W03_MIA_WAKE_draftkings_20260913T071916Z,2026_CFB_W03_MIA_WAKE,2026-09-13T07:19:16.003764+00:00,,draftkings,22.5,,,1000.0,-1800.0,54.5,,,0.13,0.24,0.0,0.0,1.0,1.0,False,,,vsin_dk,free
2026_CFB_W03_ASU_KU_draftkings_20260913T071916Z,2026_CFB_W03_ASU_KU,2026-09-13T07:19:16.003764+00:00,,draftkings,5.5,,,170.0,-205.0,56.5,,,0.2,0.03,0.18,0.68,0.0,0.0,False,,,vsin_dk,free
2026_CFB_W03_KENT_OSU_draftkings_20260913T071916Z,2026_CFB_W03_KENT_OSU,2026-09-13T07:19:16.003764+00:00,,draftkings,-52.5,,,,,56.5,,,1.0,1.0,,,1.0,1.0,False,,,vsin_dk,free
2026_CFB_W03_FSU_ALA_draftkings_20260913T071916Z,2026_CFB_W03_FSU_ALA,2026-09-13T07:19:16.003764+00:00,,draftkings,-17.5,,,-950.0,625.0,50.5,,,0.8,0.85,1.0,1.0,0.8,1.0,False,,,vsin_dk,free
2026_CFB_W03_SMU_LOU_draftkings_20260913T071916Z,2026_CFB_W03_SMU_LOU,2026-09-13T07:19:16.003764+00:00,,draftkings,-1.5,,,-112.0,-108.0,58.5,,,0.81,0.99,0.86,0.99,0.5,0.12,False,,,vsin_dk,free
2026_CFB_W03_WKU_IU_draftkings_20260913T071916Z,2026_CFB_W03_WKU_IU,2026-09-13T07:19:16.003764+00:00,,draftkings,-44.5,,,,,59.5,,,0.78,0.99,,,0.6,0.96,False,,,vsin_dk,free
2026_CFB_W03_MSST_SC_draftkings_20260913T071916Z,2026_CFB_W03_MSST_SC,2026-09-13T07:19:16.003764+00:00,,draftkings,-5.5,,,-218.0,180.0,56.5,,,0.0,0.0,0.54,0.18,0.9,1.0,False,,,vsin_dk,free
2026_CFB_W03_FLA_AUB_draftkings_20260913T071916Z,2026_CFB_W03_FLA_AUB,2026-09-13T07:19:16.003764+00:00,,draftkings,2.5,,,114.0,-135.0,51.5,,,0.56,0.16,0.12,0.01,0.5,1.0,False,,,vsin_dk,free
2026_CFB_W03_VT_MD_draftkings_20260913T071916Z,2026_CFB_W03_VT_MD,2026-09-13T07:19:16.003764+00:00,,draftkings,1.5,,,102.0,-122.0,54.5,,,0.12,0.0,0.17,0.06,0.13,0.0,False,,,vsin_dk,free
2026_CFB_W03_LSU_MISS_draftkings_20260913T071916Z,2026_CFB_W03_LSU_MISS,2026-09-13T07:19:16.003764+00:00,,draftkings,2.5,,,120.0,-142.0,58.5,,,0.26,0.32,0.35,0.48,0.86,1.0,False,,,vsin_dk,free
2026_CFB_W03_MSU_ND_draftkings_20260913T071916Z,2026_CFB_W03_MSU_ND,2026-09-13T07:19:16.003764+00:00,,draftkings,-29.5,,,-8000.0,2200.0,53.5,,,0.83,0.89,0.92,0.09,0.5,0.87,False,,,vsin_dk,free
2026_CFB_W03_WVU_UVA_draftkings_20260913T071916Z,2026_CFB_W03_WVU_UVA,2026-09-13T07:19:16.003764+00:00,,draftkings,-9.5,,,-355.0,280.0,53.5,,,0.73,0.92,0.56,0.28,0.5,0.96,False,,,vsin_dk,free
2026_CFB_W03_UAB_UL_draftkings_20260913T082058Z,2026_CFB_W03_UAB_UL,2026-09-13T08:20:58.028624+00:00,,draftkings,9.5,,,285.0,-360.0,53.5,,,0.15,0.33,0.03,0.29,0.46,0.78,False,,,vsin_dk,free
2026_CFB_W03_SYR_PITT_draftkings_20260913T082058Z,2026_CFB_W03_SYR_PITT,2026-09-13T08:20:58.028624+00:00,,draftkings,-10.5,,,-380.0,300.0,53.5,,,0.64,0.35,0.81,0.82,0.5,1.0,False,,,vsin_dk,free
2026_CFB_W03_MIA_WAKE_draftkings_20260913T082058Z,2026_CFB_W03_MIA_WAKE,2026-09-13T08:20:58.028624+00:00,,draftkings,22.5,,,1000.0,-1800.0,54.5,,,0.13,0.24,0.02,0.26,1.0,1.0,False,,,vsin_dk,free
2026_CFB_W03_ASU_KU_draftkings_20260913T082058Z,2026_CFB_W03_ASU_KU,2026-09-13T08:20:58.028624+00:00,,draftkings,5.5,,,170.0,-205.0,56.5,,,0.2,0.03,0.23,0.69,0.0,0.0,False,,,vsin_dk,free
2026_CFB_W03_KENT_OSU_draftkings_20260913T082058Z,2026_CFB_W03_KENT_OSU,2026-09-13T08:20:58.028624+00:00,,draftkings,-52.5,,,,,56.5,,,1.0,1.0,,,1.0,1.0,False,,,vsin_dk,free
2026_CFB_W03_FSU_ALA_draftkings_20260913T082058Z,2026_CFB_W03_FSU_ALA,2026-09-13T08:20:58.028624+00:00,,draftkings,-17.5,,,-950.0,625.0,50.5,,,0.8,0.85,0.95,0.77,0.8,1.0,False,,,vsin_dk,free
2026_CFB_W03_SMU_LOU_draftkings_20260913T082058Z,2026_CFB_W03_SMU_LOU,2026-09-13T08:20:58.028624+00:00,,draftkings,-1.5,,,-112.0,-108.0,58.5,,,0.81,0.99,0.85,0.99,0.5,0.12,False,,,vsin_dk,free
2026_CFB_W03_WKU_IU_draftkings_20260913T082058Z,2026_CFB_W03_WKU_IU,2026-09-13T08:20:58.028624+00:00,,draftkings,-44.5,,,,,59.5,,,0.78,0.99,,,0.67,0.96,False,,,vsin_dk,free
2026_CFB_W03_MSST_SC_draftkings_20260913T082058Z,2026_CFB_W03_MSST_SC,2026-09-13T08:20:58.028624+00:00,,draftkings,-5.5,,,-218.0,180.0,56.5,,,0.0,0.0,0.57,0.19,0.9,1.0,False,,,vsin_dk,free
2026_CFB_W03_FLA_AUB_draftkings_20260913T082058Z,2026_CFB_W03_FLA_AUB,2026-09-13T08:20:58.028624+00:00,,draftkings,2.5,,,114.0,-135.0,51.5,,,0.56,0.16,0.12,0.01,0.5,1.0,False,,,vsin_dk,free
2026_CFB_W03_VT_MD_draftkings_20260913T082058Z,2026_CFB_W03_VT_MD,2026-09-13T08:20:58.028624+00:00,,draftkings,1.5,,,102.0,-122.0,54.5,,,0.12,0.0,0.18,0.06,0.13,0.0,False,,,vsin_dk,free
2026_CFB_W03_LSU_MISS_draftkings_20260913T082058Z,2026_CFB_W03_LSU_MISS,2026-09-13T08:20:58.028624+00:00,,draftkings,2.5,,,120.0,-142.0,58.5,,,0.26,0.32,0.35,0.48,0.86,1.0,False,,,vsin_dk,free
2026_CFB_W03_MSU_ND_draftkings_20260913T082058Z,2026_CFB_W03_MSU_ND,2026-09-13T08:20:58.028624+00:00,,draftkings,-29.5,,,-8000.0,2200.0,53.5,,,0.83,0.89,0.87,0.04,0.5,0.87,False,,,vsin_dk,free
2026_CFB_W03_WVU_UVA_draftkings_20260913T082058Z,2026_CFB_W03_WVU_UVA,2026-09-13T08:20:58.028624+00:00,,draftkings,-9.5,,,-355.0,280.0,53.5,,,0.73,0.92,0.55,0.28,0.5,0.96,False,,,vsin_dk,free
2026_CFB_W03_UAB_UL_draftkings_20260913T094451Z,2026_CFB_W03_UAB_UL,2026-09-13T09:44:51.518475+00:00,,draftkings,9.5,,,285.0,-360.0,53.5,,,0.15,0.33,0.03,0.29,0.46,0.78,False,,,vsin_dk,free
2026_CFB_W03_SYR_PITT_draftkings_20260913T094451Z,2026_CFB_W03_SYR_PITT,2026-09-13T09:44:51.518475+00:00,,draftkings,-10.5,,,-380.0,300.0,53.5,,,0.63,0.35,0.81,0.82,0.5,1.0,False,,,vsin_dk,free
2026_CFB_W03_MIA_WAKE_draftkings_20260913T094451Z,2026_CFB_W03_MIA_WAKE,2026-09-13T09:44:51.518475+00:00,,draftkings,22.5,,,1000.0,-1800.0,54.5,,,0.13,0.24,0.02,0.26,1.0,1.0,False,,,vsin_dk,free
2026_CFB_W03_ASU_KU_draftkings_20260913T094451Z,2026_CFB_W03_ASU_KU,2026-09-13T09:44:51.518475+00:00,,draftkings,5.5,,,170.0,-205.0,56.5,,,0.2,0.03,0.23,0.69,0.0,0.0,False,,,vsin_dk,free
2026_CFB_W03_KENT_OSU_draftkings_20260913T094451Z,2026_CFB_W03_KENT_OSU,2026-09-13T09:44:51.518475+00:00,,draftkings,-52.5,,,,,56.5,,,1.0,1.0,,,1.0,1.0,False,,,vsin_dk,free
2026_CFB_W03_FSU_ALA_draftkings_20260913T094451Z,2026_CFB_W03_FSU_ALA,2026-09-13T09:44:51.518475+00:00,,draftkings,-17.5,,,-950.0,625.0,50.5,,,0.8,0.85,0.95,0.77,0.8,1.0,False,,,vsin_dk,free
2026_CFB_W03_SMU_LOU_draftkings_20260913T094451Z,2026_CFB_W03_SMU_LOU,2026-09-13T09:44:51.518475+00:00,,draftkings,-1.5,,,-112.0,-108.0,58.5,,,0.81,0.99,0.84,0.99,0.56,0.12,False,,,vsin_dk,free
2026_CFB_W03_WKU_IU_draftkings_20260913T094451Z,2026_CFB_W03_WKU_IU,2026-09-13T09:44:51.518475+00:00,,draftkings,-44.5,,,,,59.5,,,0.82,0.99,,,0.67,0.96,False,,,vsin_dk,free
2026_CFB_W03_MSST_SC_draftkings_20260913T094451Z,2026_CFB_W03_MSST_SC,2026-09-13T09:44:51.518475+00:00,,draftkings,-5.5,,,-218.0,180.0,56.5,,,0.0,0.0,0.6,0.19,0.9,1.0,False,,,vsin_dk,free
2026_CFB_W03_FLA_AUB_draftkings_20260913T094451Z,2026_CFB_W03_FLA_AUB,2026-09-13T09:44:51.518475+00:00,,draftkings,2.5,,,114.0,-135.0,51.5,,,0.56,0.16,0.12,0.01,0.5,1.0,False,,,vsin_dk,free
2026_CFB_W03_VT_MD_draftkings_20260913T094451Z,2026_CFB_W03_VT_MD,2026-09-13T09:44:51.518475+00:00,,draftkings,1.5,,,102.0,-122.0,54.5,,,0.12,0.0,0.2,0.06,0.22,0.0,False,,,vsin_dk,free
2026_CFB_W03_LSU_MISS_draftkings_20260913T094451Z,2026_CFB_W03_LSU_MISS,2026-09-13T09:44:51.518475+00:00,,draftkings,2.5,,,120.0,-142.0,58.5,,,0.26,0.32,0.35,0.48,0.86,1.0,False,,,vsin_dk,free
2026_CFB_W03_MSU_ND_draftkings_20260913T094451Z,2026_CFB_W03_MSU_ND,2026-09-13T09:44:51.518475+00:00,,draftkings,-29.5,,,-8000.0,2200.0,53.5,,,0.86,0.89,0.88,0.04,0.5,0.87,False,,,vsin_dk,free
2026_CFB_W03_WVU_UVA_draftkings_20260913T094451Z,2026_CFB_W03_WVU_UVA,2026-09-13T09:44:51.518475+00:00,,draftkings,-9.5,,,-355.0,280.0,53.5,,,0.73,0.92,0.52,0.28,0.5,0.96,False,,,vsin_dk,free
2026_CFB_W03_UAB_UL_draftkings_20260913T102308Z,2026_CFB_W03_UAB_UL,2026-09-13T10:23:08.701202+00:00,,draftkings,9.5,,,285.0,-360.0,53.5,,,0.15,0.33,0.03,0.29,0.46,0.78,False,,,vsin_dk,free
2026_CFB_W03_SYR_PITT_draftkings_20260913T102308Z,2026_CFB_W03_SYR_PITT,2026-09-13T10:23:08.701202+00:00,,draftkings,-10.5,,,-380.0,300.0,53.5,,,0.63,0.35,0.82,0.82,0.5,1.0,False,,,vsin_dk,free
2026_CFB_W03_MIA_WAKE_draftkings_20260913T102308Z,2026_CFB_W03_MIA_WAKE,2026-09-13T10:23:08.701202+00:00,,draftkings,22.5,,,1000.0,-1800.0,54.5,,,0.16,0.24,0.02,0.26,1.0,1.0,False,,,vsin_dk,free
2026_CFB_W03_ASU_KU_draftkings_20260913T102308Z,2026_CFB_W03_ASU_KU,2026-09-13T10:23:08.701202+00:00,,draftkings,5.5,,,170.0,-205.0,56.5,,,0.2,0.03,0.21,0.69,0.0,0.0,False,,,vsin_dk,free
2026_CFB_W03_KENT_OSU_draftkings_20260913T102308Z,2026_CFB_W03_KENT_OSU,2026-09-13T10:23:08.701202+00:00,,draftkings,-52.5,,,,,56.5,,,1.0,1.0,,,1.0,1.0,False,,,vsin_dk,free
2026_CFB_W03_FSU_ALA_draftkings_20260913T102308Z,2026_CFB_W03_FSU_ALA,2026-09-13T10:23:08.701202+00:00,,draftkings,-17.5,,,-950.0,625.0,50.5,,,0.75,0.85,0.96,0.77,0.8,1.0,False,,,vsin_dk,free
2026_CFB_W03_SMU_LOU_draftkings_20260913T102308Z,2026_CFB_W03_SMU_LOU,2026-09-13T10:23:08.701202+00:00,,draftkings,-1.5,,,-112.0,-108.0,58.5,,,0.77,0.99,0.84,0.99,0.56,0.12,False,,,vsin_dk,free
2026_CFB_W03_WKU_IU_draftkings_20260913T102308Z,2026_CFB_W03_WKU_IU,2026-09-13T10:23:08.701202+00:00,,draftkings,-44.5,,,,,59.5,,,0.85,0.99,,,0.67,0.96,False,,,vsin_dk,free
2026_CFB_W03_MSST_SC_draftkings_20260913T102308Z,2026_CFB_W03_MSST_SC,2026-09-13T10:23:08.701202+00:00,,draftkings,-5.5,,,-218.0,180.0,56.5,,,0.0,0.0,0.6,0.19,0.9,1.0,False,,,vsin_dk,free
2026_CFB_W03_FLA_AUB_draftkings_20260913T102308Z,2026_CFB_W03_FLA_AUB,2026-09-13T10:23:08.701202+00:00,,draftkings,2.5,,,114.0,-135.0,51.5,,,0.56,0.16,0.12,0.01,0.5,1.0,False,,,vsin_dk,free
2026_CFB_W03_VT_MD_draftkings_20260913T102308Z,2026_CFB_W03_VT_MD,2026-09-13T10:23:08.701202+00:00,,draftkings,1.5,,,102.0,-122.0,54.5,,,0.11,0.0,0.2,0.06,0.22,0.0,False,,,vsin_dk,free
2026_CFB_W03_LSU_MISS_draftkings_20260913T102308Z,2026_CFB_W03_LSU_MISS,2026-09-13T10:23:08.701202+00:00,,draftkings,2.5,,,120.0,-142.0,58.5,,,0.25,0.32,0.35,0.48,0.86,1.0,False,,,vsin_dk,free
2026_CFB_W03_MSU_ND_draftkings_20260913T102308Z,2026_CFB_W03_MSU_ND,2026-09-13T10:23:08.701202+00:00,,draftkings,-29.5,,,-8000.0,2200.0,53.5,,,0.78,0.89,0.88,0.04,0.5,0.87,False,,,vsin_dk,free
2026_CFB_W03_WVU_UVA_draftkings_20260913T102308Z,2026_CFB_W03_WVU_UVA,2026-09-13T10:23:08.701202+00:00,,draftkings,-9.5,,,-355.0,280.0,53.5,,,0.69,0.92,0.53,0.28,0.5,0.96,False,,,vsin_dk,free
2026_CFB_W03_UAB_UL_draftkings_20260913T111847Z,2026_CFB_W03_UAB_UL,2026-09-13T11:18:47.523415+00:00,,draftkings,9.5,,,285.0,-360.0,53.5,,,0.15,0.33,0.03,0.29,0.46,0.78,False,,,vsin_dk,free
2026_CFB_W03_SYR_PITT_draftkings_20260913T111847Z,2026_CFB_W03_SYR_PITT,2026-09-13T11:18:47.523415+00:00,,draftkings,-10.5,,,-380.0,300.0,53.5,,,0.63,0.35,0.83,0.82,0.5,1.0,False,,,vsin_dk,free
2026_CFB_W03_MIA_WAKE_draftkings_20260913T111847Z,2026_CFB_W03_MIA_WAKE,2026-09-13T11:18:47.523415+00:00,,draftkings,22.5,,,1000.0,-1800.0,54.5,,,0.15,0.24,0.02,0.26,1.0,1.0,False,,,vsin_dk,free
2026_CFB_W03_ASU_KU_draftkings_20260913T111847Z,2026_CFB_W03_ASU_KU,2026-09-13T11:18:47.523415+00:00,,draftkings,5.5,,,170.0,-205.0,56.5,,,0.2,0.03,0.21,0.69,0.0,0.0,False,,,vsin_dk,free
2026_CFB_W03_KENT_OSU_draftkings_20260913T111847Z,2026_CFB_W03_KENT_OSU,2026-09-13T11:18:47.523415+00:00,,draftkings,-52.5,,,,,56.5,,,1.0,1.0,,,1.0,1.0,False,,,vsin_dk,free
2026_CFB_W03_FSU_ALA_draftkings_20260913T111847Z,2026_CFB_W03_FSU_ALA,2026-09-13T11:18:47.523415+00:00,,draftkings,-17.5,,,-950.0,625.0,50.5,,,0.75,0.85,0.96,0.77,0.8,1.0,False,,,vsin_dk,free
2026_CFB_W03_SMU_LOU_draftkings_20260913T111847Z,2026_CFB_W03_SMU_LOU,2026-09-13T11:18:47.523415+00:00,,draftkings,-1.5,,,-112.0,-108.0,58.5,,,,,0.83,0.99,0.56,0.12,False,,,vsin_dk,free
2026_CFB_W03_MSST_SC_draftkings_20260913T111847Z,2026_CFB_W03_MSST_SC,2026-09-13T11:18:47.523415+00:00,,draftkings,-5.5,,,-218.0,180.0,56.5,,,0.25,0.0,0.6,0.19,0.9,1.0,False,,,vsin_dk,free
2026_CFB_W03_FLA_AUB_draftkings_20260913T111847Z,2026_CFB_W03_FLA_AUB,2026-09-13T11:18:47.523415+00:00,,draftkings,2.5,,,114.0,-135.0,51.5,,,0.56,0.16,0.12,0.01,0.5,1.0,False,,,vsin_dk,free
2026_CFB_W03_VT_MD_draftkings_20260913T111847Z,2026_CFB_W03_VT_MD,2026-09-13T11:18:47.523415+00:00,,draftkings,1.5,,,102.0,-122.0,54.5,,,0.11,0.0,0.2,0.06,0.22,0.0,False,,,vsin_dk,free
2026_CFB_W03_LSU_MISS_draftkings_20260913T111847Z,2026_CFB_W03_LSU_MISS,2026-09-13T11:18:47.523415+00:00,,draftkings,2.5,,,120.0,-142.0,58.5,,,0.25,0.32,0.36,0.48,0.86,1.0,False,,,vsin_dk,free
2026_CFB_W03_MSU_ND_draftkings_20260913T111847Z,2026_CFB_W03_MSU_ND,2026-09-13T11:18:47.523415+00:00,,draftkings,-29.5,,,-8000.0,2200.0,53.5,,,0.78,0.89,0.89,0.04,0.5,0.87,False,,,vsin_dk,free
2026_CFB_W03_WVU_UVA_draftkings_20260913T111847Z,2026_CFB_W03_WVU_UVA,2026-09-13T11:18:47.523415+00:00,,draftkings,-9.5,,,-355.0,280.0,53.5,,,0.71,0.92,0.53,0.28,0.5,0.96,False,,,vsin_dk,free
2026_CFB_W03_UAB_UL_draftkings_20260913T120104Z,2026_CFB_W03_UAB_UL,2026-09-13T12:01:04.045982+00:00,,draftkings,9.5,,,285.0,-360.0,53.5,,,0.15,0.33,0.03,0.29,0.46,0.78,False,,,vsin_dk,free
2026_CFB_W03_SYR_PITT_draftkings_20260913T120104Z,2026_CFB_W03_SYR_PITT,2026-09-13T12:01:04.045982+00:00,,draftkings,-10.5,,,-380.0,300.0,53.5,,,0.63,0.35,,0.83,0.5,1.0,False,,,vsin_dk,free
2026_CFB_W03_MIA_WAKE_draftkings_20260913T120104Z,2026_CFB_W03_MIA_WAKE,2026-09-13T12:01:04.045982+00:00,,draftkings,22.5,,,1000.0,-1800.0,54.5,,,0.17,0.24,0.02,0.26,1.0,1.0,False,,,vsin_dk,free
2026_CFB_W03_ASU_KU_draftkings_20260913T120104Z,2026_CFB_W03_ASU_KU,2026-09-13T12:01:04.045982+00:00,,draftkings,5.5,,,170.0,-205.0,56.5,,,0.17,0.03,0.25,0.74,0.0,0.0,False,,,vsin_dk,free
2026_CFB_W03_KENT_OSU_draftkings_20260913T120104Z,2026_CFB_W03_KENT_OSU,2026-09-13T12:01:04.045982+00:00,,draftkings,-52.5,,,,,56.5,,,1.0,1.0,,,1.0,1.0,False,,,vsin_dk,free
2026_CFB_W03_FSU_ALA_draftkings_20260913T120104Z,2026_CFB_W03_FSU_ALA,2026-09-13T12:01:04.045982+00:00,,draftkings,-17.5,,,-950.0,625.0,50.5,,,0.78,0.85,0.96,0.77,0.8,1.0,False,,,vsin_dk,free
2026_CFB_W03_SMU_LOU_draftkings_20260913T120104Z,2026_CFB_W03_SMU_LOU,2026-09-13T12:01:04.045982+00:00,,draftkings,-1.5,,,-112.0,-108.0,58.5,,,0.78,1.0,0.84,1.0,0.56,0.12,False,,,vsin_dk,free
2026_CFB_W03_WKU_IU_draftkings_20260913T120104Z,2026_CFB_W03_WKU_IU,2026-09-13T12:01:04.045982+00:00,,draftkings,-44.5,,,,,59.5,,,0.88,0.99,,,0.67,0.96,False,,,vsin_dk,free
2026_CFB_W03_MSST_SC_draftkings_20260913T120104Z,2026_CFB_W03_MSST_SC,2026-09-13T12:01:04.045982+00:00,,draftkings,-5.5,,,-218.0,180.0,56.5,,,0.33,0.0,0.6,0.19,0.91,1.0,False,,,vsin_dk,free
2026_CFB_W03_FLA_AUB_draftkings_20260913T120104Z,2026_CFB_W03_FLA_AUB,2026-09-13T12:01:04.045982+00:00,,draftkings,2.5,,,114.0,-135.0,51.5,,,0.56,0.16,0.12,0.01,0.5,1.0,False,,,vsin_dk,free
2026_CFB_W03_VT_MD_draftkings_20260913T120104Z,2026_CFB_W03_VT_MD,2026-09-13T12:01:04.045982+00:00,,draftkings,1.5,,,102.0,-122.0,54.5,,,0.09,0.0,0.2,0.06,0.22,0.0,False,,,vsin_dk,free
2026_CFB_W03_LSU_MISS_draftkings_20260913T120104Z,2026_CFB_W03_LSU_MISS,2026-09-13T12:01:04.045982+00:00,,draftkings,2.5,,,120.0,-142.0,58.5,,,0.26,0.32,0.36,0.48,0.86,1.0,False,,,vsin_dk,free
2026_CFB_W03_COLO_NU_draftkings_20260913T120104Z,2026_CFB_W03_COLO_NU,2026-09-13T12:01:04.045982+00:00,,draftkings,-3.0,,,-148.0,124.0,45.5,,,1.0,1.0,0.38,0.8,0.0,0.0,False,,,vsin_dk,free
2026_CFB_W03_MSU_ND_draftkings_20260913T120104Z,2026_CFB_W03_MSU_ND,2026-09-13T12:01:04.045982+00:00,,draftkings,-29.5,,,-8000.0,2200.0,53.5,,,0.8,0.89,0.89,0.04,0.5,0.87,False,,,vsin_dk,free
2026_CFB_W03_WVU_UVA_draftkings_20260913T120104Z,2026_CFB_W03_WVU_UVA,2026-09-13T12:01:04.045982+00:00,,draftkings,-9.5,,,-355.0,280.0,53.5,,,0.72,0.92,,0.28,0.5,0.96,False,,,vsin_dk,free
2026_CFB_W03_UAB_UL_draftkings_20260913T122413Z,2026_CFB_W03_UAB_UL,2026-09-13T12:24:13.120624+00:00,,draftkings,9.5,,,285.0,-360.0,53.5,,,0.15,0.33,0.03,0.29,0.46,0.78,False,,,vsin_dk,free
2026_CFB_W03_SYR_PITT_draftkings_20260913T122413Z,2026_CFB_W03_SYR_PITT,2026-09-13T12:24:13.120624+00:00,,draftkings,-10.5,,,-380.0,300.0,53.5,,,0.63,0.35,0.85,0.83,0.5,1.0,False,,,vsin_dk,free
2026_CFB_W03_MIA_WAKE_draftkings_20260913T122413Z,2026_CFB_W03_MIA_WAKE,2026-09-13T12:24:13.120624+00:00,,draftkings,22.5,,,1000.0,-1800.0,54.5,,,0.17,0.24,0.02,0.26,1.0,1.0,False,,,vsin_dk,free
2026_CFB_W03_ASU_KU_draftkings_20260913T122413Z,2026_CFB_W03_ASU_KU,2026-09-13T12:24:13.120624+00:00,,draftkings,5.5,,,170.0,-205.0,56.5,,,0.17,0.03,0.4,0.74,0.0,0.0,False,,,vsin_dk,free
2026_CFB_W03_KENT_OSU_draftkings_20260913T122413Z,2026_CFB_W03_KENT_OSU,2026-09-13T12:24:13.120624+00:00,,draftkings,-52.5,,,,,56.5,,,1.0,1.0,,,1.0,1.0,False,,,vsin_dk,free
2026_CFB_W03_FSU_ALA_draftkings_20260913T122413Z,2026_CFB_W03_FSU_ALA,2026-09-13T12:24:13.120624+00:00,,draftkings,-17.5,,,-950.0,625.0,50.5,,,0.78,0.85,0.92,0.77,0.8,1.0,False,,,vsin_dk,free
2026_CFB_W03_SMU_LOU_draftkings_20260913T122413Z,2026_CFB_W03_SMU_LOU,2026-09-13T12:24:13.120624+00:00,,draftkings,-1.5,,,-112.0,-108.0,58.5,,,0.78,1.0,0.84,1.0,0.56,0.12,False,,,vsin_dk,free
2026_CFB_W03_WKU_IU_draftkings_20260913T122413Z,2026_CFB_W03_WKU_IU,2026-09-13T12:24:13.120624+00:00,,draftkings,-44.5,,,,,59.5,,,0.88,0.99,,,0.67,0.96,False,,,vsin_dk,free
2026_CFB_W03_MSST_SC_draftkings_20260913T122413Z,2026_CFB_W03_MSST_SC,2026-09-13T12:24:13.120624+00:00,,draftkings,-5.5,,,-218.0,180.0,56.5,,,0.33,0.0,0.6,0.19,0.91,1.0,False,,,vsin_dk,free
2026_CFB_W03_FLA_AUB_draftkings_20260913T122413Z,2026_CFB_W03_FLA_AUB,2026-09-13T12:24:13.120624+00:00,,draftkings,2.5,,,114.0,-135.0,51.5,,,0.56,0.16,0.12,0.01,0.5,1.0,False,,,vsin_dk,free
2026_CFB_W03_VT_MD_draftkings_20260913T122413Z,2026_CFB_W03_VT_MD,2026-09-13T12:24:13.120624+00:00,,draftkings,1.5,,,102.0,-122.0,54.5,,,0.09,0.0,0.27,0.06,0.22,0.0,False,,,vsin_dk,free
2026_CFB_W03_LSU_MISS_draftkings_20260913T122413Z,2026_CFB_W03_LSU_MISS,2026-09-13T12:24:13.120624+00:00,,draftkings,2.5,,,120.0,-142.0,58.5,,,0.26,0.32,0.38,0.48,0.86,1.0,False,,,vsin_dk,free
2026_CFB_W03_COLO_NU_draftkings_20260913T122413Z,2026_CFB_W03_COLO_NU,2026-09-13T12:24:13.120624+00:00,,draftkings,-3.0,,,-148.0,124.0,45.5,,,1.0,1.0,0.31,0.96,0.0,0.0,False,,,vsin_dk,free
2026_CFB_W03_MSU_ND_draftkings_20260913T122413Z,2026_CFB_W03_MSU_ND,2026-09-13T12:24:13.120624+00:00,,draftkings,-29.5,,,-8000.0,2200.0,53.5,,,0.8,0.89,0.89,0.04,0.5,0.87,False,,,vsin_dk,free
2026_CFB_W03_WVU_UVA_draftkings_20260913T122413Z,2026_CFB_W03_WVU_UVA,2026-09-13T12:24:13.120624+00:00,,draftkings,-9.5,,,-355.0,280.0,53.5,,,0.74,0.92,0.52,0.28,0.5,0.96,False,,,vsin_dk,free
2026_CFB_W03_UAB_UL_draftkings_20260913T122541Z,2026_CFB_W03_UAB_UL,2026-09-13T12:25:41.459775+00:00,,draftkings,9.5,,,285.0,-360.0,53.5,,,0.15,0.33,0.03,0.29,0.46,0.78,False,,,vsin_dk,free
2026_CFB_W03_MIA_WAKE_draftkings_20260913T122541Z,2026_CFB_W03_MIA_WAKE,2026-09-13T12:25:41.459775+00:00,,draftkings,22.5,,,1000.0,-1800.0,54.5,,,,0.24,0.02,0.26,1.0,1.0,False,,,vsin_dk,free
2026_CFB_W03_ASU_KU_draftkings_20260913T122541Z,2026_CFB_W03_ASU_KU,2026-09-13T12:25:41.459775+00:00,,draftkings,5.5,,,170.0,-205.0,56.5,,,0.17,0.03,,,0.0,0.0,False,,,vsin_dk,free
2026_CFB_W03_KENT_OSU_draftkings_20260913T122541Z,2026_CFB_W03_KENT_OSU,2026-09-13T12:25:41.459775+00:00,,draftkings,-52.5,,,,,56.5,,,1.0,1.0,,,1.0,1.0,False,,,vsin_dk,free
2026_CFB_W03_FSU_ALA_draftkings_20260913T122541Z,2026_CFB_W03_FSU_ALA,2026-09-13T12:25:41.459775+00:00,,draftkings,-17.5,,,-950.0,625.0,50.5,,,0.78,0.85,0.92,0.77,0.8,1.0,False,,,vsin_dk,free
2026_CFB_W03_SMU_LOU_draftkings_20260913T122541Z,2026_CFB_W03_SMU_LOU,2026-09-13T12:25:41.459775+00:00,,draftkings,-1.5,,,-112.0,-108.0,58.5,,,0.78,1.0,0.84,1.0,0.56,0.12,False,,,vsin_dk,free
2026_CFB_W03_WKU_IU_draftkings_20260913T122541Z,2026_CFB_W03_WKU_IU,2026-09-13T12:25:41.459775+00:00,,draftkings,-44.5,,,,,59.5,,,0.88,0.99,,,0.67,0.96,False,,,vsin_dk,free
2026_CFB_W03_MSST_SC_draftkings_20260913T122541Z,2026_CFB_W03_MSST_SC,2026-09-13T12:25:41.459775+00:00,,draftkings,-5.5,,,-218.0,180.0,56.5,,,0.33,0.0,,,0.91,1.0,False,,,vsin_dk,free
2026_CFB_W03_FLA_AUB_draftkings_20260913T122541Z,2026_CFB_W03_FLA_AUB,2026-09-13T12:25:41.459775+00:00,,draftkings,2.5,,,114.0,-135.0,51.5,,,0.56,0.16,0.12,0.01,0.5,1.0,False,,,vsin_dk,free
2026_CFB_W03_LSU_MISS_draftkings_20260913T122541Z,2026_CFB_W03_LSU_MISS,2026-09-13T12:25:41.459775+00:00,,draftkings,2.5,,,120.0,-142.0,58.5,,,0.26,0.32,0.38,0.48,0.86,1.0,False,,,vsin_dk,free
2026_CFB_W03_COLO_NU_draftkings_20260913T122541Z,2026_CFB_W03_COLO_NU,2026-09-13T12:25:41.459775+00:00,,draftkings,-3.0,,,-148.0,124.0,45.5,,,1.0,1.0,,,0.0,0.0,False,,,vsin_dk,free
2026_CFB_W03_MSU_ND_draftkings_20260913T122541Z,2026_CFB_W03_MSU_ND,2026-09-13T12:25:41.459775+00:00,,draftkings,-29.5,,,-8000.0,2200.0,53.5,,,0.8,0.89,0.89,0.04,0.5,0.87,False,,,vsin_dk,free
2026_CFB_W03_WVU_UVA_draftkings_20260913T122541Z,2026_CFB_W03_WVU_UVA,2026-09-13T12:25:41.459775+00:00,,draftkings,-9.5,,,-355.0,280.0,53.5,,,0.74,0.92,,,0.5,0.96,False,,,vsin_dk,free
